[49.211159 pid=1937 tid=1937] shim_init pid=1937 exe=/artifacts/tracee/bin/tracee
[49.212008 pid=1937 tid=1941] socket: listening on /var/run/bpfrejit/shim-1937.sock
[49.455729 pid=1937 tid=1943] BPF_PROG_LOAD type=1 (socket_filter) name= insn_cnt=2 hash=39f82ae52884c235 policy_hash=39f82ae52884c235 branch_profile_hash=13453716aec57bda license=GPL expected_attach=0 attach_btf_id=0 prog_btf_fd=0 attach_btf_obj_fd=0 attach_prog_fd=0
[49.456578 pid=1937 tid=1943]   PROG_LOAD -> fd=113 errno=0 kernel_prog_id=4
[49.457172 pid=1937 tid=1943] BPF_MAP_CREATE type=33 key_size=0 value_size=0 max_entries=1 name=
[49.462083 pid=1937 tid=1943]   MAP_CREATE -> fd=113 errno=0 kernel_map_id=2
[49.462521 pid=1937 tid=1943] BPF_PROG_LOAD type=2 (kprobe) name= insn_cnt=2 hash=c922f2517112e7eb policy_hash=c922f2517112e7eb branch_profile_hash=fe894341462557b9 license=GPL expected_attach=0 attach_btf_id=0 prog_btf_fd=0 attach_btf_obj_fd=0 attach_prog_fd=0
[49.462795 pid=1937 tid=1943]   PROG_LOAD -> fd=113 errno=0 kernel_prog_id=5
[49.541271 pid=1937 tid=1949] BPF_PROG_LOAD type=2 (kprobe) name= insn_cnt=2 hash=bf7505f91f32cdb8 policy_hash=bf7505f91f32cdb8 branch_profile_hash=fe894341462557b9 license=GPL expected_attach=0 attach_btf_id=0 prog_btf_fd=0 attach_btf_obj_fd=0 attach_prog_fd=0
[49.542261 pid=1937 tid=1949]   PROG_LOAD -> fd=113 errno=0 kernel_prog_id=6
[49.548730 pid=1937 tid=1949] BPF_MAP_CREATE type=1 key_size=4 value_size=4 max_entries=1 name=
[49.550512 pid=1937 tid=1949]   MAP_CREATE -> fd=114 errno=0 kernel_map_id=3
[49.550801 pid=1937 tid=1949] BPF_MAP_CREATE type=3 key_size=4 value_size=4 max_entries=1 name=
[49.551429 pid=1937 tid=1949]   MAP_CREATE -> fd=113 errno=0 kernel_map_id=4
[49.551888 pid=1937 tid=1949] BPF_MAP_CREATE type=9 key_size=4 value_size=4 max_entries=1 name=
[49.552902 pid=1937 tid=1949]   MAP_CREATE -> fd=113 errno=0 kernel_map_id=5
[49.553633 pid=1937 tid=1949] BPF_MAP_CREATE type=2 key_size=4 value_size=4 max_entries=1 name=
[49.553871 pid=1937 tid=1949]   MAP_CREATE -> fd=113 errno=0 kernel_map_id=6
[49.554141 pid=1937 tid=1949] BPF_MAP_CREATE type=3 key_size=4 value_size=4 max_entries=1 name=
[49.554879 pid=1937 tid=1949]   MAP_CREATE -> fd=113 errno=0 kernel_map_id=7
[49.555074 pid=1937 tid=1949] BPF_MAP_CREATE type=3 key_size=4 value_size=4 max_entries=1 name=
[49.555325 pid=1937 tid=1949]   MAP_CREATE -> fd=113 errno=0 kernel_map_id=8
[49.555600 pid=1937 tid=1949] BPF_MAP_CREATE type=9 key_size=4 value_size=4 max_entries=1 name=
[49.555979 pid=1937 tid=1949]   MAP_CREATE -> fd=113 errno=0 kernel_map_id=9
[49.556397 pid=1937 tid=1949] BPF_MAP_CREATE type=3 key_size=4 value_size=4 max_entries=1 name=
[49.556826 pid=1937 tid=1949]   MAP_CREATE -> fd=113 errno=0 kernel_map_id=10
[49.557084 pid=1937 tid=1949] BPF_MAP_CREATE type=3 key_size=4 value_size=4 max_entries=1 name=
[49.557216 pid=1937 tid=1949]   MAP_CREATE -> fd=113 errno=0 kernel_map_id=11
[49.557550 pid=1937 tid=1949] BPF_MAP_CREATE type=3 key_size=4 value_size=4 max_entries=1 name=
[49.558051 pid=1937 tid=1949]   MAP_CREATE -> fd=113 errno=0 kernel_map_id=12
[49.558654 pid=1937 tid=1949] BPF_MAP_CREATE type=3 key_size=4 value_size=4 max_entries=1 name=
[49.559092 pid=1937 tid=1949]   MAP_CREATE -> fd=113 errno=0 kernel_map_id=13
[49.559273 pid=1937 tid=1949] BPF_MAP_CREATE type=3 key_size=4 value_size=4 max_entries=1 name=
[49.559950 pid=1937 tid=1949]   MAP_CREATE -> fd=113 errno=0 kernel_map_id=14
[49.560450 pid=1937 tid=1949] BPF_MAP_CREATE type=9 key_size=4 value_size=4 max_entries=1 name=
[49.560852 pid=1937 tid=1949]   MAP_CREATE -> fd=113 errno=0 kernel_map_id=15
[49.561589 pid=1937 tid=1949] BPF_MAP_CREATE type=1 key_size=4 value_size=4 max_entries=1 name=
[49.562161 pid=1937 tid=1949]   MAP_CREATE -> fd=113 errno=0 kernel_map_id=16
[49.562715 pid=1937 tid=1949] BPF_MAP_CREATE type=1 key_size=4 value_size=4 max_entries=1 name=
[49.562979 pid=1937 tid=1949]   MAP_CREATE -> fd=113 errno=0 kernel_map_id=17
[49.563254 pid=1937 tid=1949] BPF_MAP_CREATE type=13 key_size=4 value_size=4 max_entries=1 name=
[49.563529 pid=1937 tid=1949]   MAP_CREATE -> fd=114 errno=0 kernel_map_id=18
[49.563785 pid=1937 tid=1949] BPF_MAP_CREATE type=1 key_size=4 value_size=4 max_entries=1 name=
[49.563901 pid=1937 tid=1949]   MAP_CREATE -> fd=113 errno=0 kernel_map_id=19
[49.564021 pid=1937 tid=1949] BPF_MAP_CREATE type=6 key_size=4 value_size=4 max_entries=1 name=
[49.564240 pid=1937 tid=1949]   MAP_CREATE -> fd=113 errno=0 kernel_map_id=20
[49.564351 pid=1937 tid=1949] BPF_MAP_CREATE type=22 key_size=0 value_size=4 max_entries=1 name=
[49.564512 pid=1937 tid=1949]   MAP_CREATE -> fd=113 errno=0 kernel_map_id=21
[49.564620 pid=1937 tid=1949] BPF_MAP_CREATE type=3 key_size=4 value_size=4 max_entries=1 name=
[49.564897 pid=1937 tid=1949]   MAP_CREATE -> fd=113 errno=0 kernel_map_id=22
[49.565049 pid=1937 tid=1949] BPF_MAP_CREATE type=1 key_size=4 value_size=4 max_entries=1 name=
[49.565282 pid=1937 tid=1949]   MAP_CREATE -> fd=113 errno=0 kernel_map_id=23
[49.565576 pid=1937 tid=1949] BPF_MAP_CREATE type=3 key_size=4 value_size=4 max_entries=1 name=
[49.565691 pid=1937 tid=1949]   MAP_CREATE -> fd=113 errno=0 kernel_map_id=24
[49.565799 pid=1937 tid=1949] BPF_MAP_CREATE type=1 key_size=4 value_size=4 max_entries=1 name=
[49.566041 pid=1937 tid=1949]   MAP_CREATE -> fd=113 errno=0 kernel_map_id=25
[49.566161 pid=1937 tid=1949] BPF_MAP_CREATE type=9 key_size=4 value_size=4 max_entries=1 name=
[49.566271 pid=1937 tid=1949]   MAP_CREATE -> fd=113 errno=0 kernel_map_id=26
[49.566561 pid=1937 tid=1949] BPF_MAP_CREATE type=9 key_size=4 value_size=4 max_entries=1 name=
[49.566804 pid=1937 tid=1949]   MAP_CREATE -> fd=113 errno=0 kernel_map_id=27
[49.567024 pid=1937 tid=1949] BPF_MAP_CREATE type=9 key_size=4 value_size=4 max_entries=1 name=
[49.567495 pid=1937 tid=1949]   MAP_CREATE -> fd=113 errno=0 kernel_map_id=28
[49.567716 pid=1937 tid=1949] BPF_MAP_CREATE type=33 key_size=0 value_size=0 max_entries=1 name=
[49.569214 pid=1937 tid=1949]   MAP_CREATE -> fd=113 errno=0 kernel_map_id=29
[49.569517 pid=1937 tid=1949] BPF_MAP_CREATE type=1 key_size=4 value_size=4 max_entries=1 name=
[49.569780 pid=1937 tid=1949]   MAP_CREATE -> fd=113 errno=0 kernel_map_id=30
[49.570277 pid=1937 tid=1949] BPF_MAP_CREATE type=1 key_size=4 value_size=4 max_entries=1 name=
[49.571015 pid=1937 tid=1949]   MAP_CREATE -> fd=113 errno=0 kernel_map_id=31
[49.571132 pid=1937 tid=1949] BPF_MAP_CREATE type=1 key_size=4 value_size=4 max_entries=1 name=
[49.571412 pid=1937 tid=1949]   MAP_CREATE -> fd=113 errno=0 kernel_map_id=32
[49.571702 pid=1937 tid=1949] BPF_MAP_CREATE type=2 key_size=4 value_size=4 max_entries=1 name=
[49.571922 pid=1937 tid=1949]   MAP_CREATE -> fd=113 errno=0 kernel_map_id=33
[49.572045 pid=1937 tid=1949] BPF_MAP_CREATE type=2 key_size=4 value_size=4 max_entries=1 name=
[49.572503 pid=1937 tid=1949]   MAP_CREATE -> fd=113 errno=0 kernel_map_id=34
[49.572764 pid=1937 tid=1949] BPF_MAP_CREATE type=2 key_size=4 value_size=4 max_entries=1 name=
[49.573049 pid=1937 tid=1949]   MAP_CREATE -> fd=113 errno=0 kernel_map_id=35
[49.573209 pid=1937 tid=1949] BPF_MAP_CREATE type=2 key_size=4 value_size=4 max_entries=1 name=
[49.573423 pid=1937 tid=1949]   MAP_CREATE -> fd=113 errno=0 kernel_map_id=36
[49.573678 pid=1937 tid=1949] BPF_MAP_CREATE type=2 key_size=4 value_size=4 max_entries=1 name=
[49.574115 pid=1937 tid=1949]   MAP_CREATE -> fd=113 errno=0 kernel_map_id=37
[49.574592 pid=1937 tid=1949] BPF_MAP_CREATE type=6 key_size=4 value_size=4 max_entries=1 name=
[49.574706 pid=1937 tid=1949]   MAP_CREATE -> fd=113 errno=0 kernel_map_id=38
[49.574991 pid=1937 tid=1949] BPF_MAP_CREATE type=6 key_size=4 value_size=4 max_entries=1 name=
[49.575218 pid=1937 tid=1949]   MAP_CREATE -> fd=113 errno=0 kernel_map_id=39
[49.575408 pid=1937 tid=1949] BPF_MAP_CREATE type=6 key_size=4 value_size=4 max_entries=1 name=
[49.575528 pid=1937 tid=1949]   MAP_CREATE -> fd=113 errno=0 kernel_map_id=40
[49.575759 pid=1937 tid=1949] BPF_MAP_CREATE type=9 key_size=4 value_size=4 max_entries=1 name=
[49.576221 pid=1937 tid=1949]   MAP_CREATE -> fd=113 errno=0 kernel_map_id=41
[49.576347 pid=1937 tid=1949] BPF_MAP_CREATE type=7 key_size=4 value_size=8 max_entries=1 name=
[49.576538 pid=1937 tid=1949]   MAP_CREATE -> fd=113 errno=0 kernel_map_id=42
[49.576652 pid=1937 tid=1949] BPF_MAP_CREATE type=9 key_size=4 value_size=4 max_entries=1 name=
[49.576779 pid=1937 tid=1949]   MAP_CREATE -> fd=113 errno=0 kernel_map_id=43
[49.576871 pid=1937 tid=1949] BPF_MAP_CREATE type=9 key_size=4 value_size=4 max_entries=1 name=
[49.577114 pid=1937 tid=1949]   MAP_CREATE -> fd=113 errno=0 kernel_map_id=44
[49.577215 pid=1937 tid=1949] BPF_MAP_CREATE type=9 key_size=4 value_size=4 max_entries=1 name=
[49.577455 pid=1937 tid=1949]   MAP_CREATE -> fd=113 errno=0 kernel_map_id=45
[49.577557 pid=1937 tid=1949] BPF_MAP_CREATE type=6 key_size=4 value_size=4 max_entries=1 name=
[49.577669 pid=1937 tid=1949]   MAP_CREATE -> fd=113 errno=0 kernel_map_id=46
[49.577771 pid=1937 tid=1949] BPF_MAP_CREATE type=6 key_size=4 value_size=4 max_entries=1 name=
[49.577873 pid=1937 tid=1949]   MAP_CREATE -> fd=113 errno=0 kernel_map_id=47
[49.577991 pid=1937 tid=1949] BPF_MAP_CREATE type=1 key_size=4 value_size=4 max_entries=1 name=
[49.578094 pid=1937 tid=1949]   MAP_CREATE -> fd=113 errno=0 kernel_map_id=48
[49.578193 pid=1937 tid=1949] BPF_MAP_CREATE type=6 key_size=4 value_size=4 max_entries=1 name=
[49.578632 pid=1937 tid=1949]   MAP_CREATE -> fd=113 errno=0 kernel_map_id=49
[49.578733 pid=1937 tid=1949] BPF_MAP_CREATE type=9 key_size=4 value_size=4 max_entries=1 name=
[49.578831 pid=1937 tid=1949]   MAP_CREATE -> fd=113 errno=0 kernel_map_id=50
[49.578934 pid=1937 tid=1949] BPF_MAP_CREATE type=9 key_size=4 value_size=4 max_entries=1 name=
[49.579172 pid=1937 tid=1949]   MAP_CREATE -> fd=113 errno=0 kernel_map_id=51
[49.579274 pid=1937 tid=1949] BPF_MAP_CREATE type=9 key_size=4 value_size=4 max_entries=1 name=
[49.579480 pid=1937 tid=1949]   MAP_CREATE -> fd=113 errno=0 kernel_map_id=52
[49.579874 pid=1937 tid=1949] BPF_MAP_CREATE type=1 key_size=4 value_size=4 max_entries=1 name=
[49.579960 pid=1937 tid=1949]   MAP_CREATE -> fd=113 errno=0 kernel_map_id=53
[49.580063 pid=1937 tid=1949] BPF_MAP_CREATE type=1 key_size=4 value_size=4 max_entries=1 name=
[49.580527 pid=1937 tid=1949]   MAP_CREATE -> fd=113 errno=0 kernel_map_id=54
[49.580656 pid=1937 tid=1949] BPF_MAP_CREATE type=13 key_size=4 value_size=4 max_entries=1 name=
[49.580748 pid=1937 tid=1949]   MAP_CREATE -> fd=114 errno=0 kernel_map_id=55
[49.581092 pid=1937 tid=1949] BPF_MAP_CREATE type=1 key_size=4 value_size=4 max_entries=1 name=
[49.581276 pid=1937 tid=1949]   MAP_CREATE -> fd=113 errno=0 kernel_map_id=56
[49.581404 pid=1937 tid=1949] BPF_MAP_CREATE type=1 key_size=4 value_size=4 max_entries=1 name=
[49.581637 pid=1937 tid=1949]   MAP_CREATE -> fd=113 errno=0 kernel_map_id=57
[49.581775 pid=1937 tid=1949] BPF_MAP_CREATE type=1 key_size=4 value_size=4 max_entries=1 name=
[49.581875 pid=1937 tid=1949]   MAP_CREATE -> fd=113 errno=0 kernel_map_id=58
[49.581973 pid=1937 tid=1949] BPF_MAP_CREATE type=13 key_size=4 value_size=4 max_entries=1 name=
[49.582063 pid=1937 tid=1949]   MAP_CREATE -> fd=114 errno=0 kernel_map_id=59
[49.582183 pid=1937 tid=1949] BPF_MAP_CREATE type=1 key_size=4 value_size=4 max_entries=1 name=
[49.582282 pid=1937 tid=1949]   MAP_CREATE -> fd=113 errno=0 kernel_map_id=60
[49.582385 pid=1937 tid=1949] BPF_MAP_CREATE type=1 key_size=4 value_size=4 max_entries=1 name=
[49.582504 pid=1937 tid=1949]   MAP_CREATE -> fd=113 errno=0 kernel_map_id=61
[49.582605 pid=1937 tid=1949] BPF_MAP_CREATE type=1 key_size=4 value_size=4 max_entries=1 name=
[49.582706 pid=1937 tid=1949]   MAP_CREATE -> fd=113 errno=0 kernel_map_id=62
[49.582820 pid=1937 tid=1949] BPF_MAP_CREATE type=13 key_size=4 value_size=4 max_entries=1 name=
[49.582938 pid=1937 tid=1949]   MAP_CREATE -> fd=114 errno=0 kernel_map_id=63
[49.583039 pid=1937 tid=1949] BPF_MAP_CREATE type=1 key_size=4 value_size=4 max_entries=1 name=
[49.583140 pid=1937 tid=1949]   MAP_CREATE -> fd=113 errno=0 kernel_map_id=64
[49.583241 pid=1937 tid=1949] BPF_MAP_CREATE type=1 key_size=4 value_size=4 max_entries=1 name=
[49.583365 pid=1937 tid=1949]   MAP_CREATE -> fd=113 errno=0 kernel_map_id=65
[49.583465 pid=1937 tid=1949] BPF_MAP_CREATE type=1 key_size=4 value_size=4 max_entries=1 name=
[49.583565 pid=1937 tid=1949]   MAP_CREATE -> fd=113 errno=0 kernel_map_id=66
[49.583664 pid=1937 tid=1949] BPF_MAP_CREATE type=13 key_size=4 value_size=4 max_entries=1 name=
[49.583768 pid=1937 tid=1949]   MAP_CREATE -> fd=114 errno=0 kernel_map_id=67
[49.583859 pid=1937 tid=1949] BPF_MAP_CREATE type=1 key_size=4 value_size=4 max_entries=1 name=
[49.583957 pid=1937 tid=1949]   MAP_CREATE -> fd=113 errno=0 kernel_map_id=68
[49.584058 pid=1937 tid=1949] BPF_MAP_CREATE type=1 key_size=4 value_size=4 max_entries=1 name=
[49.584213 pid=1937 tid=1949]   MAP_CREATE -> fd=113 errno=0 kernel_map_id=69
[49.584318 pid=1937 tid=1949] BPF_MAP_CREATE type=1 key_size=4 value_size=4 max_entries=1 name=
[49.584404 pid=1937 tid=1949]   MAP_CREATE -> fd=113 errno=0 kernel_map_id=70
[49.584503 pid=1937 tid=1949] BPF_MAP_CREATE type=13 key_size=4 value_size=4 max_entries=1 name=
[49.585012 pid=1937 tid=1949]   MAP_CREATE -> fd=114 errno=0 kernel_map_id=71
[49.585121 pid=1937 tid=1949] BPF_MAP_CREATE type=1 key_size=4 value_size=4 max_entries=1 name=
[49.585247 pid=1937 tid=1949]   MAP_CREATE -> fd=113 errno=0 kernel_map_id=72
[49.585766 pid=1937 tid=1949] BPF_MAP_CREATE type=1 key_size=4 value_size=4 max_entries=1 name=
[49.586082 pid=1937 tid=1949]   MAP_CREATE -> fd=113 errno=0 kernel_map_id=73
[49.586190 pid=1937 tid=1949] BPF_MAP_CREATE type=1 key_size=4 value_size=4 max_entries=1 name=
[49.586988 pid=1937 tid=1949]   MAP_CREATE -> fd=113 errno=0 kernel_map_id=74
[49.587227 pid=1937 tid=1949] BPF_MAP_CREATE type=13 key_size=4 value_size=4 max_entries=1 name=
[49.587516 pid=1937 tid=1949]   MAP_CREATE -> fd=114 errno=0 kernel_map_id=75
[49.588164 pid=1937 tid=1949] BPF_MAP_CREATE type=1 key_size=4 value_size=4 max_entries=1 name=
[49.588413 pid=1937 tid=1949]   MAP_CREATE -> fd=113 errno=0 kernel_map_id=76
[49.588645 pid=1937 tid=1949] BPF_MAP_CREATE type=1 key_size=4 value_size=4 max_entries=1 name=
[49.588955 pid=1937 tid=1949]   MAP_CREATE -> fd=113 errno=0 kernel_map_id=77
[49.589069 pid=1937 tid=1949] BPF_MAP_CREATE type=1 key_size=4 value_size=4 max_entries=1 name=
[49.589179 pid=1937 tid=1949]   MAP_CREATE -> fd=113 errno=0 kernel_map_id=78
[49.589280 pid=1937 tid=1949] BPF_MAP_CREATE type=13 key_size=4 value_size=4 max_entries=1 name=
[49.589402 pid=1937 tid=1949]   MAP_CREATE -> fd=114 errno=0 kernel_map_id=79
[49.589507 pid=1937 tid=1949] BPF_MAP_CREATE type=1 key_size=4 value_size=4 max_entries=1 name=
[49.589603 pid=1937 tid=1949]   MAP_CREATE -> fd=113 errno=0 kernel_map_id=80
[49.589705 pid=1937 tid=1949] BPF_MAP_CREATE type=11 key_size=8 value_size=8 max_entries=1 name=
[49.589826 pid=1937 tid=1949]   MAP_CREATE -> fd=113 errno=0 kernel_map_id=81
[49.589940 pid=1937 tid=1949] BPF_MAP_CREATE type=1 key_size=4 value_size=4 max_entries=1 name=
[49.590058 pid=1937 tid=1949]   MAP_CREATE -> fd=113 errno=0 kernel_map_id=82
[49.590172 pid=1937 tid=1949] BPF_MAP_CREATE type=13 key_size=4 value_size=4 max_entries=1 name=
[49.590291 pid=1937 tid=1949]   MAP_CREATE -> fd=114 errno=0 kernel_map_id=83
[49.590412 pid=1937 tid=1949] BPF_MAP_CREATE type=11 key_size=8 value_size=8 max_entries=1 name=
[49.590501 pid=1937 tid=1949]   MAP_CREATE -> fd=113 errno=0 kernel_map_id=84
[49.590589 pid=1937 tid=1949] BPF_MAP_CREATE type=11 key_size=8 value_size=8 max_entries=1 name=
[49.590709 pid=1937 tid=1949]   MAP_CREATE -> fd=113 errno=0 kernel_map_id=85
[49.590810 pid=1937 tid=1949] BPF_MAP_CREATE type=1 key_size=4 value_size=4 max_entries=1 name=
[49.590914 pid=1937 tid=1949]   MAP_CREATE -> fd=113 errno=0 kernel_map_id=86
[49.591011 pid=1937 tid=1949] BPF_MAP_CREATE type=13 key_size=4 value_size=4 max_entries=1 name=
[49.591115 pid=1937 tid=1949]   MAP_CREATE -> fd=114 errno=0 kernel_map_id=87
[49.591218 pid=1937 tid=1949] BPF_MAP_CREATE type=11 key_size=8 value_size=8 max_entries=1 name=
[49.591321 pid=1937 tid=1949]   MAP_CREATE -> fd=113 errno=0 kernel_map_id=88
[49.591423 pid=1937 tid=1949] BPF_MAP_CREATE type=1 key_size=4 value_size=4 max_entries=1 name=
[49.591569 pid=1937 tid=1949]   MAP_CREATE -> fd=113 errno=0 kernel_map_id=89
[49.591672 pid=1937 tid=1949] BPF_MAP_CREATE type=1 key_size=4 value_size=4 max_entries=1 name=
[49.591774 pid=1937 tid=1949]   MAP_CREATE -> fd=113 errno=0 kernel_map_id=90
[49.591874 pid=1937 tid=1949] BPF_MAP_CREATE type=13 key_size=4 value_size=4 max_entries=1 name=
[49.592263 pid=1937 tid=1949]   MAP_CREATE -> fd=114 errno=0 kernel_map_id=91
[49.592530 pid=1937 tid=1949] BPF_MAP_CREATE type=1 key_size=4 value_size=4 max_entries=1 name=
[49.592825 pid=1937 tid=1949]   MAP_CREATE -> fd=113 errno=0 kernel_map_id=92
[49.592949 pid=1937 tid=1949] BPF_MAP_CREATE type=1 key_size=4 value_size=4 max_entries=1 name=
[49.593037 pid=1937 tid=1949]   MAP_CREATE -> fd=113 errno=0 kernel_map_id=93
[49.593144 pid=1937 tid=1949] BPF_MAP_CREATE type=1 key_size=4 value_size=4 max_entries=1 name=
[49.593590 pid=1937 tid=1949]   MAP_CREATE -> fd=113 errno=0 kernel_map_id=94
[49.593909 pid=1937 tid=1949] BPF_MAP_CREATE type=13 key_size=4 value_size=4 max_entries=1 name=
[49.594187 pid=1937 tid=1949]   MAP_CREATE -> fd=114 errno=0 kernel_map_id=95
[49.594697 pid=1937 tid=1949] BPF_MAP_CREATE type=1 key_size=4 value_size=4 max_entries=1 name=
[49.595015 pid=1937 tid=1949]   MAP_CREATE -> fd=113 errno=0 kernel_map_id=96
[49.595138 pid=1937 tid=1949] BPF_MAP_CREATE type=1 key_size=4 value_size=4 max_entries=1 name=
[49.595361 pid=1937 tid=1949]   MAP_CREATE -> fd=113 errno=0 kernel_map_id=97
[49.595495 pid=1937 tid=1949] BPF_MAP_CREATE type=1 key_size=4 value_size=4 max_entries=1 name=
[49.595720 pid=1937 tid=1949]   MAP_CREATE -> fd=113 errno=0 kernel_map_id=98
[49.595840 pid=1937 tid=1949] BPF_MAP_CREATE type=13 key_size=4 value_size=4 max_entries=1 name=
[49.595976 pid=1937 tid=1949]   MAP_CREATE -> fd=114 errno=0 kernel_map_id=99
[49.596098 pid=1937 tid=1949] BPF_MAP_CREATE type=1 key_size=4 value_size=4 max_entries=1 name=
[49.596211 pid=1937 tid=1949]   MAP_CREATE -> fd=113 errno=0 kernel_map_id=100
[49.596310 pid=1937 tid=1949] BPF_MAP_CREATE type=1 key_size=4 value_size=4 max_entries=1 name=
[49.596409 pid=1937 tid=1949]   MAP_CREATE -> fd=113 errno=0 kernel_map_id=101
[49.596509 pid=1937 tid=1949] BPF_MAP_CREATE type=1 key_size=4 value_size=4 max_entries=1 name=
[49.596613 pid=1937 tid=1949]   MAP_CREATE -> fd=113 errno=0 kernel_map_id=102
[49.596842 pid=1937 tid=1949] BPF_MAP_CREATE type=13 key_size=4 value_size=4 max_entries=1 name=
[49.596944 pid=1937 tid=1949]   MAP_CREATE -> fd=114 errno=0 kernel_map_id=103
[49.597038 pid=1937 tid=1949] BPF_MAP_CREATE type=1 key_size=4 value_size=4 max_entries=1 name=
[49.597124 pid=1937 tid=1949]   MAP_CREATE -> fd=113 errno=0 kernel_map_id=104
[49.597212 pid=1937 tid=1949] BPF_MAP_CREATE type=4 key_size=4 value_size=4 max_entries=1 name=
[49.597329 pid=1937 tid=1949]   MAP_CREATE -> fd=113 errno=0 kernel_map_id=105
[49.597430 pid=1937 tid=1949] BPF_MAP_CREATE type=4 key_size=4 value_size=4 max_entries=1 name=
[49.597530 pid=1937 tid=1949]   MAP_CREATE -> fd=113 errno=0 kernel_map_id=106
[49.597618 pid=1937 tid=1949] BPF_MAP_CREATE type=4 key_size=4 value_size=4 max_entries=1 name=
[49.597732 pid=1937 tid=1949]   MAP_CREATE -> fd=113 errno=0 kernel_map_id=107
[49.597966 pid=1937 tid=1949] BPF_MAP_CREATE type=4 key_size=4 value_size=4 max_entries=1 name=
[49.598059 pid=1937 tid=1949]   MAP_CREATE -> fd=113 errno=0 kernel_map_id=108
[49.598156 pid=1937 tid=1949] BPF_MAP_CREATE type=9 key_size=4 value_size=4 max_entries=1 name=
[49.598255 pid=1937 tid=1949]   MAP_CREATE -> fd=113 errno=0 kernel_map_id=109
[49.598344 pid=1937 tid=1949] BPF_MAP_CREATE type=9 key_size=4 value_size=4 max_entries=1 name=
[49.598445 pid=1937 tid=1949]   MAP_CREATE -> fd=113 errno=0 kernel_map_id=110
[49.598544 pid=1937 tid=1949] BPF_MAP_CREATE type=9 key_size=4 value_size=4 max_entries=1 name=
[49.598848 pid=1937 tid=1949]   MAP_CREATE -> fd=113 errno=0 kernel_map_id=111
[49.598956 pid=1937 tid=1949] BPF_MAP_CREATE type=9 key_size=4 value_size=4 max_entries=1 name=
[49.599055 pid=1937 tid=1949]   MAP_CREATE -> fd=113 errno=0 kernel_map_id=112
[49.599171 pid=1937 tid=1949] BPF_MAP_CREATE type=4 key_size=4 value_size=4 max_entries=1 name=
[49.599284 pid=1937 tid=1949]   MAP_CREATE -> fd=113 errno=0 kernel_map_id=113
[49.599386 pid=1937 tid=1949] BPF_MAP_CREATE type=6 key_size=4 value_size=4 max_entries=1 name=
[49.599664 pid=1937 tid=1949]   MAP_CREATE -> fd=113 errno=0 kernel_map_id=114
[49.599778 pid=1937 tid=1949] BPF_MAP_CREATE type=1 key_size=4 value_size=4 max_entries=1 name=
[49.599873 pid=1937 tid=1949]   MAP_CREATE -> fd=113 errno=0 kernel_map_id=115
[49.600031 pid=1937 tid=1949] BPF_MAP_CREATE type=1 key_size=4 value_size=4 max_entries=1 name=
[49.600132 pid=1937 tid=1949]   MAP_CREATE -> fd=113 errno=0 kernel_map_id=116
[49.600219 pid=1937 tid=1949] BPF_MAP_CREATE type=1 key_size=4 value_size=4 max_entries=1 name=
[49.600338 pid=1937 tid=1949]   MAP_CREATE -> fd=113 errno=0 kernel_map_id=117
[49.600453 pid=1937 tid=1949] BPF_MAP_CREATE type=2 key_size=4 value_size=4 max_entries=1 name=
[49.600553 pid=1937 tid=1949]   MAP_CREATE -> fd=113 errno=0 kernel_map_id=118
[49.600655 pid=1937 tid=1949] BPF_MAP_CREATE type=2 key_size=4 value_size=4 max_entries=1 name=
[49.600755 pid=1937 tid=1949]   MAP_CREATE -> fd=113 errno=0 kernel_map_id=119
[49.600858 pid=1937 tid=1949] BPF_MAP_CREATE type=2 key_size=4 value_size=4 max_entries=1 name=
[49.600973 pid=1937 tid=1949]   MAP_CREATE -> fd=113 errno=0 kernel_map_id=120
[49.601170 pid=1937 tid=1949] BPF_PROG_LOAD type=1 (socket_filter) name= insn_cnt=2 hash=58255400910d7827 policy_hash=58255400910d7827 branch_profile_hash=13453716aec57bda license=GPL expected_attach=0 attach_btf_id=0 prog_btf_fd=0 attach_btf_obj_fd=0 attach_prog_fd=0
[49.601321 pid=1937 tid=1949]   PROG_LOAD -> fd=113 errno=0 kernel_prog_id=7
[49.619134 pid=1937 tid=1949] BPF_PROG_LOAD type=1 (socket_filter) name=libbpf_nametest insn_cnt=2 hash=58255400910d7827 policy_hash=58255400910d7827 branch_profile_hash=9d7920482b168705 license=GPL expected_attach=0 attach_btf_id=0 prog_btf_fd=0 attach_btf_obj_fd=0 attach_prog_fd=0
[49.619731 pid=1937 tid=1949]   PROG_LOAD -> fd=113 errno=0 kernel_prog_id=8
[49.620469 pid=1937 tid=1949] BPF_MAP_CREATE type=2 key_size=4 value_size=4 max_entries=1 name=libbpf_mmap
[49.620737 pid=1937 tid=1949]   MAP_CREATE -> fd=113 errno=0 kernel_map_id=121
[49.938880 pid=1937 tid=1949] BPF_PROG_LOAD type=2 (kprobe) name=det_arg_ctx insn_cnt=4 hash=3ae725ddb7d69e19 policy_hash=3ae725ddb7d69e19 branch_profile_hash=3be13a826158503f license=GPL expected_attach=0 attach_btf_id=0 prog_btf_fd=163 attach_btf_obj_fd=0 attach_prog_fd=0
[49.939972 pid=1937 tid=1949]   PROG_LOAD -> fd=164 errno=0 kernel_prog_id=9
[49.941278 pid=1937 tid=1949] BPF_MAP_CREATE type=1 key_size=4 value_size=4 max_entries=1024 name=sys_32_to_64_ma
[49.942211 pid=1937 tid=1949]   MAP_CREATE -> fd=164 errno=0 kernel_map_id=122
[49.943359 pid=1937 tid=1949] BPF_MAP_CREATE type=3 key_size=4 value_size=4 max_entries=794 name=sys_enter_init_
[49.944046 pid=1937 tid=1949]   MAP_CREATE -> fd=164 errno=0 kernel_map_id=123
[49.944587 pid=1937 tid=1949] BPF_MAP_CREATE type=9 key_size=4 value_size=200 max_entries=10240 name=task_info_map
[49.945534 pid=1937 tid=1949]   MAP_CREATE -> fd=164 errno=0 kernel_map_id=124
[49.946294 pid=1937 tid=1949] BPF_MAP_CREATE type=2 key_size=4 value_size=272 max_entries=1 name=config_map
[49.946770 pid=1937 tid=1949]   MAP_CREATE -> fd=164 errno=0 kernel_map_id=125
[49.947431 pid=1937 tid=1949] BPF_MAP_CREATE type=3 key_size=4 value_size=4 max_entries=794 name=sys_enter_submi
[49.948048 pid=1937 tid=1949]   MAP_CREATE -> fd=164 errno=0 kernel_map_id=126
[49.948566 pid=1937 tid=1949] BPF_MAP_CREATE type=3 key_size=4 value_size=4 max_entries=794 name=sys_enter_tails
[49.949229 pid=1937 tid=1949]   MAP_CREATE -> fd=164 errno=0 kernel_map_id=127
[49.949644 pid=1937 tid=1949] BPF_MAP_CREATE type=9 key_size=8 value_size=64 max_entries=1024 name=fd_arg_path_map
[49.950583 pid=1937 tid=1949]   MAP_CREATE -> fd=164 errno=0 kernel_map_id=128
[49.951252 pid=1937 tid=1949] BPF_MAP_CREATE type=3 key_size=4 value_size=4 max_entries=794 name=sys_exit_init_t
[49.951834 pid=1937 tid=1949]   MAP_CREATE -> fd=164 errno=0 kernel_map_id=129
[49.952477 pid=1937 tid=1949] BPF_MAP_CREATE type=3 key_size=4 value_size=4 max_entries=794 name=sys_exit_submit
[49.952949 pid=1937 tid=1949]   MAP_CREATE -> fd=164 errno=0 kernel_map_id=130
[49.953372 pid=1937 tid=1949] BPF_MAP_CREATE type=3 key_size=4 value_size=4 max_entries=794 name=sys_exit_tails
[49.954155 pid=1937 tid=1949]   MAP_CREATE -> fd=164 errno=0 kernel_map_id=131
[49.954574 pid=1937 tid=1949] BPF_MAP_CREATE type=3 key_size=4 value_size=4 max_entries=794 name=generic_sys_ent
[49.955176 pid=1937 tid=1949]   MAP_CREATE -> fd=164 errno=0 kernel_map_id=132
[49.956118 pid=1937 tid=1949] BPF_MAP_CREATE type=3 key_size=4 value_size=4 max_entries=794 name=generic_sys_exi
[49.956437 pid=1937 tid=1949]   MAP_CREATE -> fd=164 errno=0 kernel_map_id=133
[49.957161 pid=1937 tid=1949] BPF_MAP_CREATE type=9 key_size=4 value_size=368 max_entries=30720 name=proc_info_map
[49.965987 pid=1937 tid=1949]   MAP_CREATE -> fd=164 errno=0 kernel_map_id=134
[49.966420 pid=1937 tid=1949] BPF_MAP_CREATE type=1 key_size=4 value_size=16 max_entries=10240 name=process_tree_ma
[49.967796 pid=1937 tid=1949]   MAP_CREATE -> fd=164 errno=0 kernel_map_id=135
[49.968238 pid=1937 tid=1949] BPF_MAP_CREATE type=1 key_size=4 value_size=16 max_entries=10240 name=process_tree_ma
[49.969007 pid=1937 tid=1949]   MAP_CREATE -> fd=164 errno=0 kernel_map_id=136
[49.969265 pid=1937 tid=1949] BPF_MAP_CREATE type=13 key_size=2 value_size=4 max_entries=64 name=process_tree_ma
[49.969793 pid=1937 tid=1949]   MAP_CREATE -> fd=164 errno=0 kernel_map_id=137
[49.970313 pid=1937 tid=1949] BPF_MAP_CREATE type=6 key_size=4 value_size=16 max_entries=1 name=module_context_
[49.970573 pid=1937 tid=1949]   MAP_CREATE -> fd=24 errno=0 kernel_map_id=138
[49.970687 pid=1937 tid=1949] BPF_MAP_CREATE type=22 key_size=0 value_size=8 max_entries=330 name=walk_mod_tree_q
[49.971199 pid=1937 tid=1949]   MAP_CREATE -> fd=24 errno=0 kernel_map_id=139
[49.971560 pid=1937 tid=1949] BPF_MAP_CREATE type=3 key_size=4 value_size=4 max_entries=15 name=prog_array
[49.972149 pid=1937 tid=1949]   MAP_CREATE -> fd=24 errno=0 kernel_map_id=140
[49.972629 pid=1937 tid=1949] BPF_MAP_CREATE type=1 key_size=4 value_size=1 max_entries=10240 name=containers_map
[49.973640 pid=1937 tid=1949]   MAP_CREATE -> fd=24 errno=0 kernel_map_id=141
[49.974022 pid=1937 tid=1949] BPF_MAP_CREATE type=3 key_size=4 value_size=4 max_entries=15 name=prog_array_tp
[49.974133 pid=1937 tid=1949]   MAP_CREATE -> fd=24 errno=0 kernel_map_id=142
[49.974243 pid=1937 tid=1949] BPF_MAP_CREATE type=1 key_size=8 value_size=16 max_entries=330 name=new_module_map
[49.974581 pid=1937 tid=1949]   MAP_CREATE -> fd=24 errno=0 kernel_map_id=143
[49.974697 pid=1937 tid=1949] BPF_MAP_CREATE type=9 key_size=8 value_size=8 max_entries=50 name=recent_deleted_
[49.974811 pid=1937 tid=1949]   MAP_CREATE -> fd=24 errno=0 kernel_map_id=144
[49.974925 pid=1937 tid=1949] BPF_MAP_CREATE type=9 key_size=48 value_size=198 max_entries=4096 name=cgrpctxmap_in
[49.975101 pid=1937 tid=1949]   MAP_CREATE -> fd=24 errno=0 kernel_map_id=145
[49.975218 pid=1937 tid=1949] BPF_MAP_CREATE type=9 key_size=48 value_size=198 max_entries=4096 name=cgrpctxmap_eg
[49.976392 pid=1937 tid=1949]   MAP_CREATE -> fd=24 errno=0 kernel_map_id=146
[49.976636 pid=1937 tid=1949] BPF_MAP_CREATE type=33 key_size=0 value_size=0 max_entries=1 name=features_test_a
[49.978248 pid=1937 tid=1949]   MAP_CREATE -> fd=24 errno=0 kernel_map_id=147
[49.978766 pid=1937 tid=1949] BPF_MAP_CREATE type=1 key_size=4 value_size=4 max_entries=10240 name=kconfig_map
[49.979115 pid=1937 tid=1949]   MAP_CREATE -> fd=24 errno=0 kernel_map_id=148
[49.979240 pid=1937 tid=1949] BPF_MAP_CREATE type=1 key_size=8 value_size=48 max_entries=10240 name=args_map
[49.980342 pid=1937 tid=1949]   MAP_CREATE -> fd=24 errno=0 kernel_map_id=149
[49.980859 pid=1937 tid=1949] BPF_MAP_CREATE type=1 key_size=64 value_size=8 max_entries=1024 name=ksymbols_map
[49.981330 pid=1937 tid=1949]   MAP_CREATE -> fd=24 errno=0 kernel_map_id=150
[49.982154 pid=1937 tid=1949] BPF_MAP_CREATE type=2 key_size=4 value_size=64 max_entries=3 name=file_write_path
[49.982622 pid=1937 tid=1949]   MAP_CREATE -> fd=24 errno=0 kernel_map_id=151
[49.982759 pid=1937 tid=1949] BPF_MAP_CREATE type=2 key_size=4 value_size=64 max_entries=3 name=file_read_path_
[49.982880 pid=1937 tid=1949]   MAP_CREATE -> fd=24 errno=0 kernel_map_id=152
[49.983361 pid=1937 tid=1949] BPF_MAP_CREATE type=2 key_size=4 value_size=4 max_entries=2 name=file_type_filte
[49.983512 pid=1937 tid=1949]   MAP_CREATE -> fd=24 errno=0 kernel_map_id=153
[49.983966 pid=1937 tid=1949] BPF_MAP_CREATE type=2 key_size=4 value_size=8 max_entries=1 name=netconfig_map
[49.984086 pid=1937 tid=1949]   MAP_CREATE -> fd=24 errno=0 kernel_map_id=154
[49.984202 pid=1937 tid=1949] BPF_MAP_CREATE type=2 key_size=4 value_size=8 max_entries=500 name=expected_sys_ca
[49.984327 pid=1937 tid=1949]   MAP_CREATE -> fd=24 errno=0 kernel_map_id=155
[49.984620 pid=1937 tid=1949] BPF_MAP_CREATE type=6 key_size=4 value_size=32768 max_entries=2 name=bufs
[49.984790 pid=1937 tid=1949]   MAP_CREATE -> fd=24 errno=0 kernel_map_id=156
[49.984905 pid=1937 tid=1949] BPF_MAP_CREATE type=6 key_size=4 value_size=256 max_entries=1 name=data_filter_buf
[49.985022 pid=1937 tid=1949]   MAP_CREATE -> fd=24 errno=0 kernel_map_id=157
[49.985227 pid=1937 tid=1949] BPF_MAP_CREATE type=6 key_size=4 value_size=260 max_entries=1 name=data_filter_lpm
[49.985409 pid=1937 tid=1949]   MAP_CREATE -> fd=24 errno=0 kernel_map_id=158
[49.985515 pid=1937 tid=1949] BPF_MAP_CREATE type=9 key_size=24 value_size=1 max_entries=4096 name=syscall_source_
[49.985661 pid=1937 tid=1949]   MAP_CREATE -> fd=24 errno=0 kernel_map_id=159
[49.985773 pid=1937 tid=1949] BPF_MAP_CREATE type=7 key_size=4 value_size=160 max_entries=1024 name=stack_addresses
[49.985892 pid=1937 tid=1949]   MAP_CREATE -> fd=24 errno=0 kernel_map_id=160
[49.986088 pid=1937 tid=1949] BPF_MAP_CREATE type=9 key_size=4 value_size=32 max_entries=1024 name=bpf_attach_map
[49.986201 pid=1937 tid=1949]   MAP_CREATE -> fd=24 errno=0 kernel_map_id=161
[49.986317 pid=1937 tid=1949] BPF_MAP_CREATE type=9 key_size=4 value_size=32 max_entries=1024 name=bpf_attach_tmp_
[49.986439 pid=1937 tid=1949]   MAP_CREATE -> fd=24 errno=0 kernel_map_id=162
[49.986596 pid=1937 tid=1949] BPF_MAP_CREATE type=9 key_size=4 value_size=8 max_entries=1024 name=bpf_prog_load_m
[49.986794 pid=1937 tid=1949]   MAP_CREATE -> fd=24 errno=0 kernel_map_id=163
[49.986903 pid=1937 tid=1949] BPF_MAP_CREATE type=6 key_size=4 value_size=32536 max_entries=1 name=event_data_map
[49.987035 pid=1937 tid=1949]   MAP_CREATE -> fd=24 errno=0 kernel_map_id=164
[49.987144 pid=1937 tid=1949] BPF_MAP_CREATE type=6 key_size=4 value_size=32072 max_entries=1 name=signal_data_map
[49.987274 pid=1937 tid=1949]   MAP_CREATE -> fd=24 errno=0 kernel_map_id=165
[49.987387 pid=1937 tid=1949] BPF_MAP_CREATE type=1 key_size=88 value_size=16 max_entries=4096 name=logs_count
[49.989342 pid=1937 tid=1949]   MAP_CREATE -> fd=24 errno=0 kernel_map_id=166
[49.989546 pid=1937 tid=1949] BPF_MAP_CREATE type=6 key_size=4 value_size=368 max_entries=2 name=scratch_map
[49.989661 pid=1937 tid=1949]   MAP_CREATE -> fd=24 errno=0 kernel_map_id=167
[49.989772 pid=1937 tid=1949] BPF_MAP_CREATE type=9 key_size=16 value_size=4 max_entries=10240 name=file_modificati
[49.989962 pid=1937 tid=1949]   MAP_CREATE -> fd=24 errno=0 kernel_map_id=168
[49.990078 pid=1937 tid=1949] BPF_MAP_CREATE type=9 key_size=24 value_size=4096 max_entries=5 name=io_file_path_ca
[49.990193 pid=1937 tid=1949]   MAP_CREATE -> fd=24 errno=0 kernel_map_id=169
[49.990315 pid=1937 tid=1949] BPF_MAP_CREATE type=9 key_size=24 value_size=1 max_entries=64 name=elf_files_map
[49.990432 pid=1937 tid=1949]   MAP_CREATE -> fd=24 errno=0 kernel_map_id=170
[49.990533 pid=1937 tid=1949] BPF_MAP_CREATE type=1 key_size=4 value_size=256 max_entries=1 name=policies_config
[49.990865 pid=1937 tid=1949]   MAP_CREATE -> fd=24 errno=0 kernel_map_id=171
[49.990980 pid=1937 tid=1949] BPF_MAP_CREATE type=1 key_size=4 value_size=256 max_entries=1 name=policies_config
[49.991092 pid=1937 tid=1949]   MAP_CREATE -> fd=24 errno=0 kernel_map_id=172
[49.991385 pid=1937 tid=1949] BPF_MAP_CREATE type=13 key_size=2 value_size=4 max_entries=64 name=policies_config
[49.991521 pid=1937 tid=1949]   MAP_CREATE -> fd=24 errno=0 kernel_map_id=173
[49.991686 pid=1937 tid=1949] BPF_MAP_CREATE type=1 key_size=4 value_size=16 max_entries=256 name=uid_filter
[49.992014 pid=1937 tid=1949]   MAP_CREATE -> fd=24 errno=0 kernel_map_id=174
[49.992176 pid=1937 tid=1949] BPF_MAP_CREATE type=1 key_size=4 value_size=16 max_entries=256 name=uid_filter_vers
[49.992290 pid=1937 tid=1949]   MAP_CREATE -> fd=24 errno=0 kernel_map_id=175
[49.992400 pid=1937 tid=1949] BPF_MAP_CREATE type=13 key_size=2 value_size=4 max_entries=64 name=uid_filter_vers
[49.992503 pid=1937 tid=1949]   MAP_CREATE -> fd=24 errno=0 kernel_map_id=176
[49.992627 pid=1937 tid=1949] BPF_MAP_CREATE type=1 key_size=4 value_size=16 max_entries=256 name=pid_filter
[49.992729 pid=1937 tid=1949]   MAP_CREATE -> fd=24 errno=0 kernel_map_id=177
[49.992832 pid=1937 tid=1949] BPF_MAP_CREATE type=1 key_size=4 value_size=16 max_entries=256 name=pid_filter_vers
[49.992938 pid=1937 tid=1949]   MAP_CREATE -> fd=24 errno=0 kernel_map_id=178
[49.993037 pid=1937 tid=1949] BPF_MAP_CREATE type=13 key_size=2 value_size=4 max_entries=64 name=pid_filter_vers
[49.993144 pid=1937 tid=1949]   MAP_CREATE -> fd=24 errno=0 kernel_map_id=179
[49.993568 pid=1937 tid=1949] BPF_MAP_CREATE type=1 key_size=4 value_size=16 max_entries=256 name=mnt_ns_filter
[49.993703 pid=1937 tid=1949]   MAP_CREATE -> fd=24 errno=0 kernel_map_id=180
[49.993816 pid=1937 tid=1949] BPF_MAP_CREATE type=1 key_size=4 value_size=16 max_entries=256 name=mnt_ns_filter_v
[49.993937 pid=1937 tid=1949]   MAP_CREATE -> fd=24 errno=0 kernel_map_id=181
[49.994141 pid=1937 tid=1949] BPF_MAP_CREATE type=13 key_size=2 value_size=4 max_entries=64 name=mnt_ns_filter_v
[49.994242 pid=1937 tid=1949]   MAP_CREATE -> fd=24 errno=0 kernel_map_id=182
[49.994512 pid=1937 tid=1949] BPF_MAP_CREATE type=1 key_size=4 value_size=16 max_entries=256 name=pid_ns_filter
[49.994726 pid=1937 tid=1949]   MAP_CREATE -> fd=24 errno=0 kernel_map_id=183
[49.994852 pid=1937 tid=1949] BPF_MAP_CREATE type=1 key_size=4 value_size=16 max_entries=256 name=pid_ns_filter_v
[49.994979 pid=1937 tid=1949]   MAP_CREATE -> fd=24 errno=0 kernel_map_id=184
[49.995341 pid=1937 tid=1949] BPF_MAP_CREATE type=13 key_size=2 value_size=4 max_entries=64 name=pid_ns_filter_v
[49.995596 pid=1937 tid=1949]   MAP_CREATE -> fd=24 errno=0 kernel_map_id=185
[49.995716 pid=1937 tid=1949] BPF_MAP_CREATE type=1 key_size=16 value_size=16 max_entries=256 name=uts_ns_filter
[49.995832 pid=1937 tid=1949]   MAP_CREATE -> fd=24 errno=0 kernel_map_id=186
[49.995963 pid=1937 tid=1949] BPF_MAP_CREATE type=1 key_size=16 value_size=16 max_entries=256 name=uts_ns_filter_v
[49.996090 pid=1937 tid=1949]   MAP_CREATE -> fd=24 errno=0 kernel_map_id=187
[49.996202 pid=1937 tid=1949] BPF_MAP_CREATE type=13 key_size=2 value_size=4 max_entries=64 name=uts_ns_filter_v
[49.996839 pid=1937 tid=1949]   MAP_CREATE -> fd=24 errno=0 kernel_map_id=188
[49.996956 pid=1937 tid=1949] BPF_MAP_CREATE type=1 key_size=256 value_size=16 max_entries=1024 name=data_filter_exa
[49.997112 pid=1937 tid=1949]   MAP_CREATE -> fd=24 errno=0 kernel_map_id=189
[49.997268 pid=1937 tid=1949] BPF_MAP_CREATE type=1 key_size=256 value_size=16 max_entries=1024 name=data_filter_exa
[49.997396 pid=1937 tid=1949]   MAP_CREATE -> fd=24 errno=0 kernel_map_id=190
[49.997638 pid=1937 tid=1949] BPF_MAP_CREATE type=13 key_size=8 value_size=4 max_entries=64 name=data_filter_exa
[49.997964 pid=1937 tid=1949]   MAP_CREATE -> fd=24 errno=0 kernel_map_id=191
[49.998266 pid=1937 tid=1949] BPF_MAP_CREATE type=11 key_size=260 value_size=16 max_entries=1024 name=data_filter_suf
[49.998422 pid=1937 tid=1949]   MAP_CREATE -> fd=24 errno=0 kernel_map_id=192
[49.998713 pid=1937 tid=1949] BPF_MAP_CREATE type=11 key_size=260 value_size=16 max_entries=1024 name=data_filter_suf
[49.999139 pid=1937 tid=1949]   MAP_CREATE -> fd=24 errno=0 kernel_map_id=193
[49.999263 pid=1937 tid=1949] BPF_MAP_CREATE type=13 key_size=8 value_size=4 max_entries=64 name=data_filter_suf
[49.999453 pid=1937 tid=1949]   MAP_CREATE -> fd=24 errno=0 kernel_map_id=194
[49.999584 pid=1937 tid=1949] BPF_MAP_CREATE type=11 key_size=260 value_size=16 max_entries=1024 name=data_filter_pre
[49.999716 pid=1937 tid=1949]   MAP_CREATE -> fd=24 errno=0 kernel_map_id=195
[49.999825 pid=1937 tid=1949] BPF_MAP_CREATE type=11 key_size=260 value_size=16 max_entries=1024 name=data_filter_pre
[49.999947 pid=1937 tid=1949]   MAP_CREATE -> fd=24 errno=0 kernel_map_id=196
[50.000062 pid=1937 tid=1949] BPF_MAP_CREATE type=13 key_size=8 value_size=4 max_entries=64 name=data_filter_pre
[50.000164 pid=1937 tid=1949]   MAP_CREATE -> fd=24 errno=0 kernel_map_id=197
[50.000283 pid=1937 tid=1949] BPF_MAP_CREATE type=1 key_size=16 value_size=16 max_entries=256 name=comm_filter
[50.000470 pid=1937 tid=1949]   MAP_CREATE -> fd=24 errno=0 kernel_map_id=198
[50.000579 pid=1937 tid=1949] BPF_MAP_CREATE type=1 key_size=16 value_size=16 max_entries=256 name=comm_filter_ver
[50.000679 pid=1937 tid=1949]   MAP_CREATE -> fd=24 errno=0 kernel_map_id=199
[50.001055 pid=1937 tid=1949] BPF_MAP_CREATE type=13 key_size=2 value_size=4 max_entries=64 name=comm_filter_ver
[50.001166 pid=1937 tid=1949]   MAP_CREATE -> fd=24 errno=0 kernel_map_id=200
[50.001267 pid=1937 tid=1949] BPF_MAP_CREATE type=1 key_size=4 value_size=16 max_entries=256 name=cgroup_id_filte
[50.001383 pid=1937 tid=1949]   MAP_CREATE -> fd=24 errno=0 kernel_map_id=201
[50.001489 pid=1937 tid=1949] BPF_MAP_CREATE type=1 key_size=4 value_size=16 max_entries=256 name=cgroup_id_filte
[50.001606 pid=1937 tid=1949]   MAP_CREATE -> fd=24 errno=0 kernel_map_id=202
[50.001703 pid=1937 tid=1949] BPF_MAP_CREATE type=13 key_size=2 value_size=4 max_entries=64 name=cgroup_id_filte
[50.001803 pid=1937 tid=1949]   MAP_CREATE -> fd=24 errno=0 kernel_map_id=203
[50.001922 pid=1937 tid=1949] BPF_MAP_CREATE type=1 key_size=260 value_size=16 max_entries=256 name=binary_filter
[50.002048 pid=1937 tid=1949]   MAP_CREATE -> fd=24 errno=0 kernel_map_id=204
[50.002471 pid=1937 tid=1949] BPF_MAP_CREATE type=1 key_size=260 value_size=16 max_entries=256 name=binary_filter_v
[50.002802 pid=1937 tid=1949]   MAP_CREATE -> fd=24 errno=0 kernel_map_id=205
[50.003091 pid=1937 tid=1949] BPF_MAP_CREATE type=13 key_size=2 value_size=4 max_entries=64 name=binary_filter_v
[50.003260 pid=1937 tid=1949]   MAP_CREATE -> fd=24 errno=0 kernel_map_id=206
[50.003409 pid=1937 tid=1949] BPF_MAP_CREATE type=1 key_size=4 value_size=64 max_entries=794 name=events_map
[50.003738 pid=1937 tid=1949]   MAP_CREATE -> fd=24 errno=0 kernel_map_id=207
[50.003994 pid=1937 tid=1949] BPF_MAP_CREATE type=1 key_size=4 value_size=64 max_entries=794 name=events_map_vers
[50.004219 pid=1937 tid=1949]   MAP_CREATE -> fd=24 errno=0 kernel_map_id=208
[50.004378 pid=1937 tid=1949] BPF_MAP_CREATE type=13 key_size=2 value_size=4 max_entries=64 name=events_map_vers
[50.004698 pid=1937 tid=1949]   MAP_CREATE -> fd=24 errno=0 kernel_map_id=209
[50.005016 pid=1937 tid=1949] BPF_MAP_CREATE type=4 key_size=4 value_size=4 max_entries=1024 name=logs
[50.005140 pid=1937 tid=1949]   MAP_CREATE -> fd=24 errno=0 kernel_map_id=210
[50.005255 pid=1937 tid=1949] BPF_MAP_CREATE type=4 key_size=4 value_size=4 max_entries=1024 name=events
[50.005566 pid=1937 tid=1949]   MAP_CREATE -> fd=24 errno=0 kernel_map_id=211
[50.005711 pid=1937 tid=1949] BPF_MAP_CREATE type=4 key_size=4 value_size=4 max_entries=1024 name=file_writes
[50.005841 pid=1937 tid=1949]   MAP_CREATE -> fd=24 errno=0 kernel_map_id=212
[50.005953 pid=1937 tid=1949] BPF_MAP_CREATE type=4 key_size=4 value_size=4 max_entries=1024 name=signals
[50.006162 pid=1937 tid=1949]   MAP_CREATE -> fd=24 errno=0 kernel_map_id=213
[50.006278 pid=1937 tid=1949] BPF_MAP_CREATE type=9 key_size=41 value_size=9 max_entries=65535 name=netflowmap
[50.011085 pid=1937 tid=1949]   MAP_CREATE -> fd=24 errno=0 kernel_map_id=214
[50.011375 pid=1937 tid=1949] BPF_MAP_CREATE type=9 key_size=8 value_size=128 max_entries=65535 name=inodemap
[50.026969 pid=1937 tid=1949]   MAP_CREATE -> fd=24 errno=0 kernel_map_id=215
[50.027243 pid=1937 tid=1949] BPF_MAP_CREATE type=9 key_size=8 value_size=8 max_entries=65535 name=sockmap
[50.029703 pid=1937 tid=1949]   MAP_CREATE -> fd=24 errno=0 kernel_map_id=216
[50.029880 pid=1937 tid=1949] BPF_MAP_CREATE type=9 key_size=4 value_size=48 max_entries=2048 name=entrymap
[50.030188 pid=1937 tid=1949]   MAP_CREATE -> fd=24 errno=0 kernel_map_id=217
[50.030300 pid=1937 tid=1949] BPF_MAP_CREATE type=4 key_size=4 value_size=4 max_entries=10240 name=net_cap_events
[50.030423 pid=1937 tid=1949]   MAP_CREATE -> fd=24 errno=0 kernel_map_id=218
[50.030531 pid=1937 tid=1949] BPF_MAP_CREATE type=6 key_size=4 value_size=32536 max_entries=1 name=net_heap_event
[50.030658 pid=1937 tid=1949]   MAP_CREATE -> fd=24 errno=0 kernel_map_id=219
[50.030766 pid=1937 tid=1949] BPF_MAP_CREATE type=1 key_size=8 value_size=1 max_entries=660 name=modules_map
[50.030879 pid=1937 tid=1949]   MAP_CREATE -> fd=24 errno=0 kernel_map_id=220
[50.030986 pid=1937 tid=1949] BPF_MAP_CREATE type=1 key_size=4 value_size=4 max_entries=794 name=suspicious_sysc
[50.031094 pid=1937 tid=1949]   MAP_CREATE -> fd=24 errno=0 kernel_map_id=221
[50.031201 pid=1937 tid=1949] BPF_MAP_CREATE type=1 key_size=4 value_size=4 max_entries=794 name=stack_pivot_sys
[50.031331 pid=1937 tid=1949]   MAP_CREATE -> fd=24 errno=0 kernel_map_id=222
[50.031485 pid=1937 tid=1949] BPF_MAP_CREATE type=2 key_size=4 value_size=32 max_entries=1 name=libbpf_global
[50.031578 pid=1937 tid=1949]   MAP_CREATE -> fd=24 errno=0 kernel_map_id=223
[50.031788 pid=1937 tid=1949] BPF_PROG_LOAD type=1 (socket_filter) name= insn_cnt=5 hash=a986313744f9f923 policy_hash=048f9e0260e5b0fb branch_profile_hash=b9cb6abd276be64d license=GPL expected_attach=0 attach_btf_id=0 prog_btf_fd=0 attach_btf_obj_fd=0 attach_prog_fd=0
[50.031972 pid=1937 tid=1949]   PROG_LOAD -> fd=60 errno=0 kernel_prog_id=10
[50.032086 pid=1937 tid=1949] BPF_MAP_CREATE type=2 key_size=4 value_size=72 max_entries=1 name=.rodata
[50.032212 pid=1937 tid=1949]   MAP_CREATE -> fd=24 errno=0 kernel_map_id=224
[50.032378 pid=1937 tid=1949] BPF_MAP_CREATE type=2 key_size=4 value_size=246 max_entries=1 name=.rodata.str1.1
[50.032483 pid=1937 tid=1949]   MAP_CREATE -> fd=24 errno=0 kernel_map_id=225
[50.032601 pid=1937 tid=1949] BPF_MAP_CREATE type=2 key_size=4 value_size=19 max_entries=1 name=.bss
[50.032723 pid=1937 tid=1949]   MAP_CREATE -> fd=24 errno=0 kernel_map_id=226
[50.032884 pid=1937 tid=1949] BPF_PROG_LOAD type=5 (tracepoint) name= insn_cnt=6 hash=7e4864ff1af3e9d4 policy_hash=7e4864ff1af3e9d4 branch_profile_hash=2530ec7d038f421a license=GPL expected_attach=0 attach_btf_id=0 prog_btf_fd=0 attach_btf_obj_fd=0 attach_prog_fd=0
[50.033078 pid=1937 tid=1949]   PROG_LOAD -> fd=24 errno=0 kernel_prog_id=11
[50.034520 pid=1937 tid=1949] BPF_PROG_LOAD type=17 (raw_tracepoint) name=tracepoint__raw insn_cnt=29 hash=db023415dd9df842 policy_hash=2111e7b549ba90d7 branch_profile_hash=3c2ef20ac54a4182 license=GPL expected_attach=0 attach_btf_id=0 prog_btf_fd=163 attach_btf_obj_fd=0 attach_prog_fd=0
[50.034825 pid=1937 tid=1949]   PROG_LOAD -> fd=24 errno=0 kernel_prog_id=12
[50.034936 pid=1937 tid=1949] BPF_MAP_CREATE type=2 key_size=4 value_size=32 max_entries=1 name=libbpf_det_bind
[50.035037 pid=1937 tid=1949]   MAP_CREATE -> fd=60 errno=0 kernel_map_id=227
[50.035135 pid=1937 tid=1949] BPF_PROG_LOAD type=1 (socket_filter) name= insn_cnt=2 hash=58255400910d7827 policy_hash=58255400910d7827 branch_profile_hash=13453716aec57bda license=GPL expected_attach=0 attach_btf_id=0 prog_btf_fd=0 attach_btf_obj_fd=0 attach_prog_fd=0
[50.035550 pid=1937 tid=1949]   PROG_LOAD -> fd=63 errno=0 kernel_prog_id=13
[50.035788 pid=1937 tid=1949] BPF_PROG_LOAD type=17 (raw_tracepoint) name=sys_enter_init insn_cnt=579 hash=9d5d09a1333130bb policy_hash=aea6b1a360481d96 branch_profile_hash=56304efab621ce1d license=GPL expected_attach=0 attach_btf_id=0 prog_btf_fd=163 attach_btf_obj_fd=0 attach_prog_fd=0
[50.036309 pid=1937 tid=1949]   PROG_LOAD -> fd=60 errno=0 kernel_prog_id=14
[50.036529 pid=1937 tid=1949] BPF_PROG_LOAD type=17 (raw_tracepoint) name=sys_enter_submi insn_cnt=3731 hash=cb4c81a0ccefaa51 policy_hash=b7fc4616a9ed6444 branch_profile_hash=fc4b41f89c8d248b license=GPL expected_attach=0 attach_btf_id=0 prog_btf_fd=163 attach_btf_obj_fd=0 attach_prog_fd=0
[50.043000 pid=1937 tid=1949]   PROG_LOAD -> fd=63 errno=0 kernel_prog_id=15
[50.043244 pid=1937 tid=1949] BPF_PROG_LOAD type=17 (raw_tracepoint) name=tracepoint__raw insn_cnt=36 hash=f71823bf60f6c9a1 policy_hash=77aaee9fda50310a branch_profile_hash=bc48b27db9a5a927 license=GPL expected_attach=0 attach_btf_id=0 prog_btf_fd=163 attach_btf_obj_fd=0 attach_prog_fd=0
[50.043613 pid=1937 tid=1949]   PROG_LOAD -> fd=66 errno=0 kernel_prog_id=16
[50.043749 pid=1937 tid=1949] BPF_PROG_LOAD type=17 (raw_tracepoint) name=sys_exit_init insn_cnt=482 hash=9c4dcbd37563f2ed policy_hash=753bc34ccb893be8 branch_profile_hash=1d6653ac4c453418 license=GPL expected_attach=0 attach_btf_id=0 prog_btf_fd=163 attach_btf_obj_fd=0 attach_prog_fd=0
[50.044110 pid=1937 tid=1949]   PROG_LOAD -> fd=69 errno=0 kernel_prog_id=17
[50.044291 pid=1937 tid=1949] BPF_PROG_LOAD type=17 (raw_tracepoint) name=sys_exit_submit insn_cnt=2553 hash=fb4d89953d9856d4 policy_hash=89c4dd2af425fb48 branch_profile_hash=7d9882cae8928d38 license=GPL expected_attach=0 attach_btf_id=0 prog_btf_fd=163 attach_btf_obj_fd=0 attach_prog_fd=0
[50.048232 pid=1937 tid=1949]   PROG_LOAD -> fd=72 errno=0 kernel_prog_id=18
[50.048444 pid=1937 tid=1949] BPF_PROG_LOAD type=17 (raw_tracepoint) name=trace_sys_enter insn_cnt=1703 hash=96bfbe660fc19c9c policy_hash=02269b5fc49c9589 branch_profile_hash=7c95cfe37d6067bc license=GPL expected_attach=0 attach_btf_id=0 prog_btf_fd=163 attach_btf_obj_fd=0 attach_prog_fd=0
[50.050761 pid=1937 tid=1949]   PROG_LOAD -> fd=75 errno=0 kernel_prog_id=19
[50.050957 pid=1937 tid=1949] BPF_PROG_LOAD type=17 (raw_tracepoint) name=trace_sys_exit insn_cnt=1710 hash=898c5cde82d184d5 policy_hash=b9d3b7c1e807d040 branch_profile_hash=43fd2e022240b5a4 license=GPL expected_attach=0 attach_btf_id=0 prog_btf_fd=163 attach_btf_obj_fd=0 attach_prog_fd=0
[50.053250 pid=1937 tid=1949]   PROG_LOAD -> fd=78 errno=0 kernel_prog_id=20
[50.053503 pid=1937 tid=1949] BPF_PROG_LOAD type=2 (kprobe) name=trace_ptrace insn_cnt=563 hash=f362535c774ef50e policy_hash=0dd8e70ed457d1cf branch_profile_hash=3f57c5c82b387e1e license=GPL expected_attach=0 attach_btf_id=0 prog_btf_fd=163 attach_btf_obj_fd=0 attach_prog_fd=0
[50.054157 pid=1937 tid=1949]   PROG_LOAD -> fd=81 errno=0 kernel_prog_id=21
[50.054398 pid=1937 tid=1949] BPF_PROG_LOAD type=2 (kprobe) name=trace_ret_ptrac insn_cnt=2487 hash=8f85c5cc1d0d7126 policy_hash=c3ce6004061f9204 branch_profile_hash=602b39955b3b8f99 license=GPL expected_attach=0 attach_btf_id=0 prog_btf_fd=163 attach_btf_obj_fd=0 attach_prog_fd=0
[50.059700 pid=1937 tid=1949]   PROG_LOAD -> fd=84 errno=0 kernel_prog_id=22
[50.059876 pid=1937 tid=1949] BPF_PROG_LOAD type=2 (kprobe) name=trace_process_v insn_cnt=563 hash=20fdafc2afd47df2 policy_hash=438c94c43de6372b branch_profile_hash=25afe9d4aaf94b17 license=GPL expected_attach=0 attach_btf_id=0 prog_btf_fd=163 attach_btf_obj_fd=0 attach_prog_fd=0
[50.060308 pid=1937 tid=1949]   PROG_LOAD -> fd=87 errno=0 kernel_prog_id=23
[50.060506 pid=1937 tid=1949] BPF_PROG_LOAD type=2 (kprobe) name=trace_ret_proce insn_cnt=2487 hash=692a313d3d50006b policy_hash=6ac99b4946ceaa71 branch_profile_hash=a02367cd27772c62 license=GPL expected_attach=0 attach_btf_id=0 prog_btf_fd=163 attach_btf_obj_fd=0 attach_prog_fd=0
[50.066066 pid=1937 tid=1949]   PROG_LOAD -> fd=90 errno=0 kernel_prog_id=24
[50.066462 pid=1937 tid=1949] BPF_PROG_LOAD type=2 (kprobe) name=trace_arch_prct insn_cnt=563 hash=609dd7b39d11e2ca policy_hash=653b102b58636ee3 branch_profile_hash=163570ce485daf8f license=GPL expected_attach=0 attach_btf_id=0 prog_btf_fd=163 attach_btf_obj_fd=0 attach_prog_fd=0
[50.066896 pid=1937 tid=1949]   PROG_LOAD -> fd=93 errno=0 kernel_prog_id=25
[50.067099 pid=1937 tid=1949] BPF_PROG_LOAD type=2 (kprobe) name=trace_ret_arch_ insn_cnt=2487 hash=ae65dc215440b225 policy_hash=6dc4cefd229fc457 branch_profile_hash=4c9f48532b93f308 license=GPL expected_attach=0 attach_btf_id=0 prog_btf_fd=163 attach_btf_obj_fd=0 attach_prog_fd=0
[50.072310 pid=1937 tid=1949]   PROG_LOAD -> fd=96 errno=0 kernel_prog_id=26
[50.072755 pid=1937 tid=1949] BPF_PROG_LOAD type=2 (kprobe) name=trace_dup insn_cnt=563 hash=083153d9a73b5172 policy_hash=52dda0f0a6a69953 branch_profile_hash=613646f846bad868 license=GPL expected_attach=0 attach_btf_id=0 prog_btf_fd=163 attach_btf_obj_fd=0 attach_prog_fd=0
[50.073183 pid=1937 tid=1949]   PROG_LOAD -> fd=164 errno=0 kernel_prog_id=27
[50.073391 pid=1937 tid=1949] BPF_PROG_LOAD type=2 (kprobe) name=trace_ret_dup insn_cnt=2487 hash=a547f52d82c860ff policy_hash=e36abf2ccf6fa645 branch_profile_hash=bceb7feee5f2da3c license=GPL expected_attach=0 attach_btf_id=0 prog_btf_fd=163 attach_btf_obj_fd=0 attach_prog_fd=0
[50.078717 pid=1937 tid=1949]   PROG_LOAD -> fd=165 errno=0 kernel_prog_id=28
[50.078951 pid=1937 tid=1949] BPF_PROG_LOAD type=2 (kprobe) name=trace_dup2 insn_cnt=563 hash=c3569066e9043856 policy_hash=22f105d5beaf8f8f branch_profile_hash=7271bbe0f1afd8d6 license=GPL expected_attach=0 attach_btf_id=0 prog_btf_fd=163 attach_btf_obj_fd=0 attach_prog_fd=0
[50.079372 pid=1937 tid=1949]   PROG_LOAD -> fd=166 errno=0 kernel_prog_id=29
[50.079564 pid=1937 tid=1949] BPF_PROG_LOAD type=2 (kprobe) name=trace_ret_dup2 insn_cnt=2487 hash=f357d1a5485a6dda policy_hash=f8a77147640eb9f8 branch_profile_hash=b3b63f86e63be36a license=GPL expected_attach=0 attach_btf_id=0 prog_btf_fd=163 attach_btf_obj_fd=0 attach_prog_fd=0
[50.085958 pid=1937 tid=1949]   PROG_LOAD -> fd=167 errno=0 kernel_prog_id=30
[50.086207 pid=1937 tid=1949] BPF_PROG_LOAD type=2 (kprobe) name=trace_dup3 insn_cnt=563 hash=467d2fa574b6d96e policy_hash=1878ae0d7511a3c7 branch_profile_hash=236c00da248ea1bd license=GPL expected_attach=0 attach_btf_id=0 prog_btf_fd=163 attach_btf_obj_fd=0 attach_prog_fd=0
[50.086649 pid=1937 tid=1949]   PROG_LOAD -> fd=168 errno=0 kernel_prog_id=31
[50.087004 pid=1937 tid=1949] BPF_PROG_LOAD type=2 (kprobe) name=trace_ret_dup3 insn_cnt=2487 hash=b826303977c72ad0 policy_hash=d9f0aebf33a95152 branch_profile_hash=e17c19be668a0375 license=GPL expected_attach=0 attach_btf_id=0 prog_btf_fd=163 attach_btf_obj_fd=0 attach_prog_fd=0
[50.092363 pid=1937 tid=1949]   PROG_LOAD -> fd=169 errno=0 kernel_prog_id=32
[50.092872 pid=1937 tid=1949] BPF_PROG_LOAD type=17 (raw_tracepoint) name=syscall__execve insn_cnt=4165 hash=5e8748f07bac42a7 policy_hash=576c18b6307ae3ae branch_profile_hash=052889cd92d804c8 license=GPL expected_attach=0 attach_btf_id=0 prog_btf_fd=163 attach_btf_obj_fd=0 attach_prog_fd=0
[50.096286 pid=1937 tid=1949]   PROG_LOAD -> fd=170 errno=0 kernel_prog_id=33
[50.096640 pid=1937 tid=1949] BPF_PROG_LOAD type=17 (raw_tracepoint) name=syscall__execve insn_cnt=4191 hash=596e0e241e3aa624 policy_hash=c91fd41d7c44042d branch_profile_hash=29df2b662fcab6e8 license=GPL expected_attach=0 attach_btf_id=0 prog_btf_fd=163 attach_btf_obj_fd=0 attach_prog_fd=0
[50.099995 pid=1937 tid=1949]   PROG_LOAD -> fd=171 errno=0 kernel_prog_id=34
[50.100366 pid=1937 tid=1949] BPF_PROG_LOAD type=17 (raw_tracepoint) name=syscall__execve insn_cnt=4219 hash=cabe61c50fc8df25 policy_hash=abbf46f043ffaa50 branch_profile_hash=773e435d9ae9b8d1 license=GPL expected_attach=0 attach_btf_id=0 prog_btf_fd=163 attach_btf_obj_fd=0 attach_prog_fd=0
[50.105176 pid=1937 tid=1949]   PROG_LOAD -> fd=172 errno=0 kernel_prog_id=35
[50.105578 pid=1937 tid=1949] BPF_PROG_LOAD type=17 (raw_tracepoint) name=syscall__execve insn_cnt=4245 hash=e61e7a8c98e29ac4 policy_hash=7c6dac359fd210a1 branch_profile_hash=92bece84ee8dc27b license=GPL expected_attach=0 attach_btf_id=0 prog_btf_fd=163 attach_btf_obj_fd=0 attach_prog_fd=0
[50.109172 pid=1937 tid=1949]   PROG_LOAD -> fd=173 errno=0 kernel_prog_id=36
[50.109573 pid=1937 tid=1949] BPF_PROG_LOAD type=2 (kprobe) name=sys_dup_exit_ta insn_cnt=2353 hash=d69719e0dd83d11c policy_hash=8c7a3ef9a0918bde branch_profile_hash=8c17f1da28af69c1 license=GPL expected_attach=0 attach_btf_id=0 prog_btf_fd=163 attach_btf_obj_fd=0 attach_prog_fd=0
[50.112179 pid=1937 tid=1949]   PROG_LOAD -> fd=174 errno=0 kernel_prog_id=37
[50.112510 pid=1937 tid=1949] BPF_PROG_LOAD type=17 (raw_tracepoint) name=tracepoint__sch insn_cnt=4268 hash=939527d578e93561 policy_hash=43c78fdfb2f74f93 branch_profile_hash=30666670c6cbf9b2 license=GPL expected_attach=0 attach_btf_id=0 prog_btf_fd=163 attach_btf_obj_fd=0 attach_prog_fd=0
[50.119747 pid=1937 tid=1949]   PROG_LOAD -> fd=175 errno=0 kernel_prog_id=38
[50.120026 pid=1937 tid=1949] BPF_PROG_LOAD type=17 (raw_tracepoint) name=sched_process_f insn_cnt=1036 hash=054005f78a7796d9 policy_hash=8c4ee853137cb7f1 branch_profile_hash=0778777dc52b166a license=GPL expected_attach=0 attach_btf_id=0 prog_btf_fd=163 attach_btf_obj_fd=0 attach_prog_fd=0
[50.120937 pid=1937 tid=1949]   PROG_LOAD -> fd=176 errno=0 kernel_prog_id=39
[50.122696 pid=1937 tid=1949] BPF_PROG_LOAD type=2 (kprobe) name=lkm_seeker_modt insn_cnt=13815 hash=84ec429b8479b764 policy_hash=b2740000403df789 branch_profile_hash=ae8eb8d1c9de69cc license=GPL expected_attach=0 attach_btf_id=0 prog_btf_fd=163 attach_btf_obj_fd=0 attach_prog_fd=0
[50.293965 pid=1937 tid=1949]   PROG_LOAD -> fd=177 errno=0 kernel_prog_id=40
[50.295255 pid=1937 tid=1949] BPF_PROG_LOAD type=2 (kprobe) name=heartbeat_captu insn_cnt=27 hash=635207d5ee063dfb policy_hash=852d2e7cce56dad3 branch_profile_hash=7da39b224b02e8b0 license=GPL expected_attach=0 attach_btf_id=0 prog_btf_fd=163 attach_btf_obj_fd=0 attach_prog_fd=0
[50.295980 pid=1937 tid=1949]   PROG_LOAD -> fd=178 errno=0 kernel_prog_id=41
[50.297006 pid=1937 tid=1949] BPF_PROG_LOAD type=2 (kprobe) name=uprobe_lkm_seek insn_cnt=1418 hash=b47b900c385841bb policy_hash=81212b95c8f053b8 branch_profile_hash=3856668a15438407 license=GPL expected_attach=0 attach_btf_id=0 prog_btf_fd=163 attach_btf_obj_fd=0 attach_prog_fd=0
[50.299114 pid=1937 tid=1949]   PROG_LOAD -> fd=179 errno=0 kernel_prog_id=42
[50.299737 pid=1937 tid=1949] BPF_PROG_LOAD type=2 (kprobe) name=uprobe_lkm_seek insn_cnt=1055 hash=b158005ea5edd796 policy_hash=31e9b61c61c1b4a8 branch_profile_hash=d5d79d0dfeb76e92 license=GPL expected_attach=0 attach_btf_id=0 prog_btf_fd=163 attach_btf_obj_fd=0 attach_prog_fd=0
[50.302579 pid=1937 tid=1949]   PROG_LOAD -> fd=180 errno=0 kernel_prog_id=43
[50.303381 pid=1937 tid=1949] BPF_PROG_LOAD type=2 (kprobe) name=lkm_seeker_kset insn_cnt=14602 hash=ad32ae9a9e3e8816 policy_hash=5afccbac07c85f60 branch_profile_hash=0786f847916a4693 license=GPL expected_attach=0 attach_btf_id=0 prog_btf_fd=163 attach_btf_obj_fd=0 attach_prog_fd=0
[50.601308 pid=1937 tid=1949]   PROG_LOAD -> fd=181 errno=0 kernel_prog_id=44
[50.602661 pid=1937 tid=1949] BPF_PROG_LOAD type=2 (kprobe) name=lkm_seeker_mod_ insn_cnt=218 hash=67b607667099f988 policy_hash=1d97b7a5cf33418e branch_profile_hash=abed40dc8f6c8296 license=GPL expected_attach=0 attach_btf_id=0 prog_btf_fd=163 attach_btf_obj_fd=0 attach_prog_fd=0
[50.603412 pid=1937 tid=1949]   PROG_LOAD -> fd=182 errno=0 kernel_prog_id=45
[50.604390 pid=1937 tid=1949] BPF_PROG_LOAD type=2 (kprobe) name=lkm_seeker_proc insn_cnt=13343 hash=345448ec9e7348c5 policy_hash=c126fd14c3b9fbf6 branch_profile_hash=06751517730ddc3d license=GPL expected_attach=0 attach_btf_id=0 prog_btf_fd=163 attach_btf_obj_fd=0 attach_prog_fd=0
[50.786126 pid=1937 tid=1949]   PROG_LOAD -> fd=183 errno=0 kernel_prog_id=46
[50.787502 pid=1937 tid=1949] BPF_PROG_LOAD type=2 (kprobe) name=lkm_seeker_new_ insn_cnt=888 hash=524c497fbcacd536 policy_hash=b98f7940bf8c3800 branch_profile_hash=313b783363574a31 license=GPL expected_attach=0 attach_btf_id=0 prog_btf_fd=163 attach_btf_obj_fd=0 attach_prog_fd=0
[50.795421 pid=1937 tid=1949]   PROG_LOAD -> fd=184 errno=0 kernel_prog_id=47
[50.796487 pid=1937 tid=1949] BPF_PROG_LOAD type=17 (raw_tracepoint) name=tracepoint__sch insn_cnt=4301 hash=d3a0b9ac722a465d policy_hash=cc778f93eff8afe7 branch_profile_hash=4e802b965c25f045 license=GPL expected_attach=0 attach_btf_id=0 prog_btf_fd=163 attach_btf_obj_fd=0 attach_prog_fd=0
[50.808235 pid=1937 tid=1949]   PROG_LOAD -> fd=185 errno=0 kernel_prog_id=48
[50.809049 pid=1937 tid=1949] BPF_PROG_LOAD type=17 (raw_tracepoint) name=sched_process_e insn_cnt=5041 hash=80bb03cfb1bd8624 policy_hash=2de024f564784300 branch_profile_hash=4cbfab0df0f5832a license=GPL expected_attach=0 attach_btf_id=0 prog_btf_fd=163 attach_btf_obj_fd=0 attach_prog_fd=0
[50.817800 pid=1937 tid=1949]   PROG_LOAD -> fd=186 errno=0 kernel_prog_id=49
[50.818189 pid=1937 tid=1949] BPF_PROG_LOAD type=17 (raw_tracepoint) name=sched_process_e insn_cnt=4672 hash=f982950d151e3e84 policy_hash=c4cd7af89073bb18 branch_profile_hash=e0e4a84d0ff347a2 license=GPL expected_attach=0 attach_btf_id=0 prog_btf_fd=163 attach_btf_obj_fd=0 attach_prog_fd=0
[50.824862 pid=1937 tid=1949]   PROG_LOAD -> fd=187 errno=0 kernel_prog_id=50
[50.825430 pid=1937 tid=1949] BPF_PROG_LOAD type=17 (raw_tracepoint) name=tracepoint__sch insn_cnt=1833 hash=9f8e76150d1a96e2 policy_hash=ee14e238871f9933 branch_profile_hash=68f3067a2c3bf9aa license=GPL expected_attach=0 attach_btf_id=0 prog_btf_fd=163 attach_btf_obj_fd=0 attach_prog_fd=0
[50.829404 pid=1937 tid=1949]   PROG_LOAD -> fd=188 errno=0 kernel_prog_id=51
[50.829804 pid=1937 tid=1949] BPF_PROG_LOAD type=17 (raw_tracepoint) name=sched_process_e insn_cnt=268 hash=1cab05e181ec6d16 policy_hash=9b348f0470815c3e branch_profile_hash=3b54f3529816b64c license=GPL expected_attach=0 attach_btf_id=0 prog_btf_fd=163 attach_btf_obj_fd=0 attach_prog_fd=0
[50.830392 pid=1937 tid=1949]   PROG_LOAD -> fd=189 errno=0 kernel_prog_id=52
[50.830895 pid=1937 tid=1949] BPF_PROG_LOAD type=17 (raw_tracepoint) name=tracepoint__sch insn_cnt=46 hash=3535ce4b4e5109f1 policy_hash=32b1d8591ab65c23 branch_profile_hash=fa5f5b5ae5112eec license=GPL expected_attach=0 attach_btf_id=0 prog_btf_fd=163 attach_btf_obj_fd=0 attach_prog_fd=0
[50.831555 pid=1937 tid=1949]   PROG_LOAD -> fd=190 errno=0 kernel_prog_id=53
[50.831896 pid=1937 tid=1949] BPF_PROG_LOAD type=17 (raw_tracepoint) name=syscall__accept insn_cnt=1713 hash=29b54d54574cc121 policy_hash=597addf956207e40 branch_profile_hash=2dc6068f8fcb4498 license=GPL expected_attach=0 attach_btf_id=0 prog_btf_fd=163 attach_btf_obj_fd=0 attach_prog_fd=0
[50.834248 pid=1937 tid=1949]   PROG_LOAD -> fd=191 errno=0 kernel_prog_id=54
[50.834930 pid=1937 tid=1949] BPF_PROG_LOAD type=17 (raw_tracepoint) name=tracepoint__sch insn_cnt=1860 hash=f6b72109af723e94 policy_hash=16bc624de9f53202 branch_profile_hash=82ad4a18c9e5dfdb license=GPL expected_attach=0 attach_btf_id=0 prog_btf_fd=163 attach_btf_obj_fd=0 attach_prog_fd=0
[50.837550 pid=1937 tid=1949]   PROG_LOAD -> fd=192 errno=0 kernel_prog_id=55
[50.838120 pid=1937 tid=1949] BPF_PROG_LOAD type=2 (kprobe) name=trace_filldir64 insn_cnt=1713 hash=2223539a721f6a76 policy_hash=bc9fdb063f476b7c branch_profile_hash=bc88fcaa3ac85771 license=GPL expected_attach=0 attach_btf_id=0 prog_btf_fd=163 attach_btf_obj_fd=0 attach_prog_fd=0
[50.840770 pid=1937 tid=1949]   PROG_LOAD -> fd=193 errno=0 kernel_prog_id=56
[50.841225 pid=1937 tid=1949] BPF_PROG_LOAD type=2 (kprobe) name=trace_call_user insn_cnt=4826 hash=b633b2de7d12c9dc policy_hash=addca35fe008d686 branch_profile_hash=4e49b07836f3b286 license=GPL expected_attach=0 attach_btf_id=0 prog_btf_fd=163 attach_btf_obj_fd=0 attach_prog_fd=0
[50.852195 pid=1937 tid=1949]   PROG_LOAD -> fd=194 errno=0 kernel_prog_id=57
[50.853010 pid=1937 tid=1949] BPF_PROG_LOAD type=2 (kprobe) name=trace_do_exit insn_cnt=1686 hash=0c10d0086086ae56 policy_hash=9043210959d4d23c branch_profile_hash=f1846d442d4307af license=GPL expected_attach=0 attach_btf_id=0 prog_btf_fd=163 attach_btf_obj_fd=0 attach_prog_fd=0
[50.855558 pid=1937 tid=1949]   PROG_LOAD -> fd=195 errno=0 kernel_prog_id=58
[50.856152 pid=1937 tid=1949] BPF_PROG_LOAD type=2 (kprobe) name=uprobe_syscall_ insn_cnt=12999 hash=abfa9180ea269e5d policy_hash=baef32063a636cfa branch_profile_hash=3fd4c0563ef40c7c license=GPL expected_attach=0 attach_btf_id=0 prog_btf_fd=163 attach_btf_obj_fd=0 attach_prog_fd=0
[50.998186 pid=1937 tid=1949]   PROG_LOAD -> fd=196 errno=0 kernel_prog_id=59
[50.999536 pid=1937 tid=1949] BPF_PROG_LOAD type=2 (kprobe) name=uprobe_seq_ops_ insn_cnt=1440 hash=6eb8ac970dc1d2ee policy_hash=f7c1df231b7e5112 branch_profile_hash=124732dbe862c79a license=GPL expected_attach=0 attach_btf_id=0 prog_btf_fd=163 attach_btf_obj_fd=0 attach_prog_fd=0
[51.004708 pid=1937 tid=1949]   PROG_LOAD -> fd=197 errno=0 kernel_prog_id=60
[51.005300 pid=1937 tid=1949] BPF_PROG_LOAD type=17 (raw_tracepoint) name=tracepoint__cgr insn_cnt=1820 hash=0bc3aadd33bc4692 policy_hash=d3ec9775f657544c branch_profile_hash=372ec9776cfb10fb license=GPL expected_attach=0 attach_btf_id=0 prog_btf_fd=163 attach_btf_obj_fd=0 attach_prog_fd=0
[51.007791 pid=1937 tid=1949]   PROG_LOAD -> fd=198 errno=0 kernel_prog_id=61
[51.008509 pid=1937 tid=1949] BPF_PROG_LOAD type=17 (raw_tracepoint) name=tracepoint__cgr insn_cnt=1825 hash=453bf2253bfe1ad9 policy_hash=164bf62f5b3915db branch_profile_hash=9a10f5d73dddec63 license=GPL expected_attach=0 attach_btf_id=0 prog_btf_fd=163 attach_btf_obj_fd=0 attach_prog_fd=0
[51.011325 pid=1937 tid=1949]   PROG_LOAD -> fd=199 errno=0 kernel_prog_id=62
[51.011793 pid=1937 tid=1949] BPF_PROG_LOAD type=17 (raw_tracepoint) name=tracepoint__cgr insn_cnt=1825 hash=908d03e9c7a185ed policy_hash=6be19ae82d3aa79f branch_profile_hash=9a10f5d73dddec63 license=GPL expected_attach=0 attach_btf_id=0 prog_btf_fd=163 attach_btf_obj_fd=0 attach_prog_fd=0
[51.014641 pid=1937 tid=1949]   PROG_LOAD -> fd=200 errno=0 kernel_prog_id=63
[51.015342 pid=1937 tid=1949] BPF_PROG_LOAD type=2 (kprobe) name=trace_security_ insn_cnt=6704 hash=69358d191e05d613 policy_hash=4aade6812dd0a5bf branch_profile_hash=33146973c126693b license=GPL expected_attach=0 attach_btf_id=0 prog_btf_fd=163 attach_btf_obj_fd=0 attach_prog_fd=0
[51.025696 pid=1937 tid=1949]   PROG_LOAD -> fd=201 errno=0 kernel_prog_id=64
[51.026475 pid=1937 tid=1949] BPF_PROG_LOAD type=2 (kprobe) name=trace_security_ insn_cnt=4565 hash=88cc939eb2524fd5 policy_hash=730027be2fccacbf branch_profile_hash=5d4e39a7bf8dbc54 license=GPL expected_attach=0 attach_btf_id=0 prog_btf_fd=163 attach_btf_obj_fd=0 attach_prog_fd=0
[51.039207 pid=1937 tid=1949]   PROG_LOAD -> fd=202 errno=0 kernel_prog_id=65
[51.039994 pid=1937 tid=1949] BPF_PROG_LOAD type=2 (kprobe) name=trace_security_ insn_cnt=3685 hash=36640408a88df69b policy_hash=57833c1defb4a50f branch_profile_hash=c6ece87345f63cb2 license=GPL expected_attach=0 attach_btf_id=0 prog_btf_fd=163 attach_btf_obj_fd=0 attach_prog_fd=0
[51.045714 pid=1937 tid=1949]   PROG_LOAD -> fd=203 errno=0 kernel_prog_id=66
[51.046559 pid=1937 tid=1949] BPF_PROG_LOAD type=2 (kprobe) name=trace_security_ insn_cnt=2053 hash=2dbc77681910627f policy_hash=abd3394849f374fe branch_profile_hash=b936da3a386da99b license=GPL expected_attach=0 attach_btf_id=0 prog_btf_fd=163 attach_btf_obj_fd=0 attach_prog_fd=0
[51.049807 pid=1937 tid=1949]   PROG_LOAD -> fd=204 errno=0 kernel_prog_id=67
[51.050328 pid=1937 tid=1949] BPF_PROG_LOAD type=2 (kprobe) name=trace_commit_cr insn_cnt=2238 hash=09e43ffac533fa5f policy_hash=37b3c63bb18d6179 branch_profile_hash=3fa33e9bb246cfff license=GPL expected_attach=0 attach_btf_id=0 prog_btf_fd=163 attach_btf_obj_fd=0 attach_prog_fd=0
[51.052984 pid=1937 tid=1949]   PROG_LOAD -> fd=205 errno=0 kernel_prog_id=68
[51.053403 pid=1937 tid=1949] BPF_PROG_LOAD type=2 (kprobe) name=trace_switch_ta insn_cnt=2085 hash=0d7fda16b0eac9bd policy_hash=3b32c29be12352e7 branch_profile_hash=6bf3cd4b9950989a license=GPL expected_attach=0 attach_btf_id=0 prog_btf_fd=163 attach_btf_obj_fd=0 attach_prog_fd=0
[51.056304 pid=1937 tid=1949]   PROG_LOAD -> fd=206 errno=0 kernel_prog_id=69
[51.056620 pid=1937 tid=1949] BPF_PROG_LOAD type=2 (kprobe) name=trace_cap_capab insn_cnt=1711 hash=d951e87eecf0e6c6 policy_hash=e302f5809bd52c30 branch_profile_hash=3ca2fcda98b2c467 license=GPL expected_attach=0 attach_btf_id=0 prog_btf_fd=163 attach_btf_obj_fd=0 attach_prog_fd=0
[51.058529 pid=1937 tid=1949]   PROG_LOAD -> fd=207 errno=0 kernel_prog_id=70
[51.058748 pid=1937 tid=1949] BPF_PROG_LOAD type=2 (kprobe) name=trace_security_ insn_cnt=1770 hash=a52439c31706a812 policy_hash=8c980f11a415454c branch_profile_hash=3be0b0e62e9f9bd0 license=GPL expected_attach=0 attach_btf_id=0 prog_btf_fd=163 attach_btf_obj_fd=0 attach_prog_fd=0
[51.060731 pid=1937 tid=1949]   PROG_LOAD -> fd=208 errno=0 kernel_prog_id=71
[51.061261 pid=1937 tid=1949] BPF_PROG_LOAD type=2 (kprobe) name=trace_security_ insn_cnt=1911 hash=5163a3829a60609d policy_hash=94d40bd45684fee5 branch_profile_hash=5bb1c3d7cae209a7 license=GPL expected_attach=0 attach_btf_id=0 prog_btf_fd=163 attach_btf_obj_fd=0 attach_prog_fd=0
[51.064012 pid=1937 tid=1949]   PROG_LOAD -> fd=209 errno=0 kernel_prog_id=72
[51.064258 pid=1937 tid=1949] BPF_PROG_LOAD type=2 (kprobe) name=trace_proc_crea insn_cnt=1731 hash=5e37cb038cf458f3 policy_hash=bbefacf45dfe7bc5 branch_profile_hash=819ce0a1d862c947 license=GPL expected_attach=0 attach_btf_id=0 prog_btf_fd=163 attach_btf_obj_fd=0 attach_prog_fd=0
[51.067804 pid=1937 tid=1949]   PROG_LOAD -> fd=210 errno=0 kernel_prog_id=73
[51.068518 pid=1937 tid=1949] BPF_PROG_LOAD type=2 (kprobe) name=trace___debugfs insn_cnt=1963 hash=7aacf6a5d295c998 policy_hash=ba78f24c19462688 branch_profile_hash=b3e9ed539c1d5016 license=GPL expected_attach=0 attach_btf_id=0 prog_btf_fd=163 attach_btf_obj_fd=0 attach_prog_fd=0
[51.072347 pid=1937 tid=1949]   PROG_LOAD -> fd=211 errno=0 kernel_prog_id=74
[51.072597 pid=1937 tid=1949] BPF_PROG_LOAD type=2 (kprobe) name=trace_debugfs_c insn_cnt=1902 hash=8df3b3bd6593501a policy_hash=5b7cb6c3ed41f206 branch_profile_hash=d2d1162f8a5a59a4 license=GPL expected_attach=0 attach_btf_id=0 prog_btf_fd=163 attach_btf_obj_fd=0 attach_prog_fd=0
[51.075513 pid=1937 tid=1949]   PROG_LOAD -> fd=212 errno=0 kernel_prog_id=75
[51.076009 pid=1937 tid=1949] BPF_PROG_LOAD type=2 (kprobe) name=trace_security_ insn_cnt=2083 hash=1d7a78b4dc7f0c86 policy_hash=c7884bfe30d49850 branch_profile_hash=8fdea5ff59e1548f license=GPL expected_attach=0 attach_btf_id=0 prog_btf_fd=163 attach_btf_obj_fd=0 attach_prog_fd=0
[51.079114 pid=1937 tid=1949]   PROG_LOAD -> fd=213 errno=0 kernel_prog_id=76
[51.080062 pid=1937 tid=1949] BPF_PROG_LOAD type=2 (kprobe) name=trace_security_ insn_cnt=1955 hash=a5767191e2b87b31 policy_hash=79075f74b9e6af27 branch_profile_hash=a8f9e4ecd47919a8 license=GPL expected_attach=0 attach_btf_id=0 prog_btf_fd=163 attach_btf_obj_fd=0 attach_prog_fd=0
[51.082539 pid=1937 tid=1949]   PROG_LOAD -> fd=214 errno=0 kernel_prog_id=77
[51.082981 pid=1937 tid=1949] BPF_PROG_LOAD type=2 (kprobe) name=trace_security_ insn_cnt=2198 hash=b73b67eb69f178c1 policy_hash=832f62878c764230 branch_profile_hash=eaedc4440ced4584 license=GPL expected_attach=0 attach_btf_id=0 prog_btf_fd=163 attach_btf_obj_fd=0 attach_prog_fd=0
[51.085600 pid=1937 tid=1949]   PROG_LOAD -> fd=215 errno=0 kernel_prog_id=78
[51.086222 pid=1937 tid=1949] BPF_PROG_LOAD type=2 (kprobe) name=trace_security_ insn_cnt=2055 hash=d7fead4ef921d10c policy_hash=fcc03b7060b3b7c6 branch_profile_hash=d8a2b7f0163d3efa license=GPL expected_attach=0 attach_btf_id=0 prog_btf_fd=163 attach_btf_obj_fd=0 attach_prog_fd=0
[51.089738 pid=1937 tid=1949]   PROG_LOAD -> fd=216 errno=0 kernel_prog_id=79
[51.090222 pid=1937 tid=1949] BPF_PROG_LOAD type=2 (kprobe) name=trace_security_ insn_cnt=2154 hash=0e421d7aaf7bb6d2 policy_hash=fb69b0e09bbe4f78 branch_profile_hash=60ef3c8124366e74 license=GPL expected_attach=0 attach_btf_id=0 prog_btf_fd=163 attach_btf_obj_fd=0 attach_prog_fd=0
[51.093013 pid=1937 tid=1949]   PROG_LOAD -> fd=217 errno=0 kernel_prog_id=80
[51.093324 pid=1937 tid=1949] BPF_PROG_LOAD type=2 (kprobe) name=send_bin insn_cnt=180 hash=0783b68488132018 policy_hash=aa30beeb04ce2a3b branch_profile_hash=5038f9f576eff96d license=GPL expected_attach=0 attach_btf_id=0 prog_btf_fd=163 attach_btf_obj_fd=0 attach_prog_fd=0
[51.095461 pid=1937 tid=1949]   PROG_LOAD -> fd=218 errno=0 kernel_prog_id=81
[51.096327 pid=1937 tid=1949] BPF_PROG_LOAD type=17 (raw_tracepoint) name=send_bin_tp insn_cnt=180 hash=bdf5fac4c1646f93 policy_hash=c2df511431b9b1aa branch_profile_hash=31b523840ea33425 license=GPL expected_attach=0 attach_btf_id=0 prog_btf_fd=163 attach_btf_obj_fd=0 attach_prog_fd=0
[51.098501 pid=1937 tid=1949]   PROG_LOAD -> fd=219 errno=0 kernel_prog_id=82
[51.099067 pid=1937 tid=1949] BPF_PROG_LOAD type=2 (kprobe) name=trace_vfs_write insn_cnt=29 hash=adb96f8d9f17c448 policy_hash=d726438feaf7455c branch_profile_hash=5206369d4eb9aadf license=GPL expected_attach=0 attach_btf_id=0 prog_btf_fd=163 attach_btf_obj_fd=0 attach_prog_fd=0
[51.099263 pid=1937 tid=1949]   PROG_LOAD -> fd=220 errno=0 kernel_prog_id=83
[51.099579 pid=1937 tid=1949] BPF_PROG_LOAD type=2 (kprobe) name=vfs_write_magic insn_cnt=54 hash=2ea97dc964a67edd policy_hash=4ff4fdc6bb995389 branch_profile_hash=dbbe1528b2fffeb2 license=GPL expected_attach=0 attach_btf_id=0 prog_btf_fd=163 attach_btf_obj_fd=0 attach_prog_fd=0
[51.100172 pid=1937 tid=1949]   PROG_LOAD -> fd=221 errno=0 kernel_prog_id=84
[51.100801 pid=1937 tid=1949] BPF_PROG_LOAD type=2 (kprobe) name=trace_ret_vfs_w insn_cnt=3942 hash=a282455681b68b7b policy_hash=de003f327fb12da8 branch_profile_hash=8d8696d9c0160658 license=GPL expected_attach=0 attach_btf_id=0 prog_btf_fd=163 attach_btf_obj_fd=0 attach_prog_fd=0
[51.106979 pid=1937 tid=1949]   PROG_LOAD -> fd=222 errno=0 kernel_prog_id=85
[51.107449 pid=1937 tid=1949] BPF_PROG_LOAD type=2 (kprobe) name=vfs_write_magic insn_cnt=4519 hash=0ade263d9039da63 policy_hash=5ea80411dc2fa6f1 branch_profile_hash=8494597337fa3a7e license=GPL expected_attach=0 attach_btf_id=0 prog_btf_fd=163 attach_btf_obj_fd=0 attach_prog_fd=0
[51.120607 pid=1937 tid=1949]   PROG_LOAD -> fd=223 errno=0 kernel_prog_id=86
[51.121977 pid=1937 tid=1949] BPF_PROG_LOAD type=2 (kprobe) name=trace_ret_vfs_w insn_cnt=6288 hash=73ff69b596bf6d71 policy_hash=07c5292917b1620b branch_profile_hash=223a6bd3653d063a license=GPL expected_attach=0 attach_btf_id=0 prog_btf_fd=163 attach_btf_obj_fd=0 attach_prog_fd=0
[51.145490 pid=1937 tid=1949]   PROG_LOAD -> fd=224 errno=0 kernel_prog_id=87
[51.146178 pid=1937 tid=1949] BPF_PROG_LOAD type=2 (kprobe) name=trace_vfs_write insn_cnt=29 hash=f311c20886fd67c5 policy_hash=a176c01e43822ff1 branch_profile_hash=5206369d4eb9aadf license=GPL expected_attach=0 attach_btf_id=0 prog_btf_fd=163 attach_btf_obj_fd=0 attach_prog_fd=0
[51.146995 pid=1937 tid=1949]   PROG_LOAD -> fd=225 errno=0 kernel_prog_id=88
[51.147580 pid=1937 tid=1949] BPF_PROG_LOAD type=2 (kprobe) name=vfs_writev_magi insn_cnt=54 hash=2ea97dc964a67edd policy_hash=4ff4fdc6bb995389 branch_profile_hash=06f10fe11aa9e365 license=GPL expected_attach=0 attach_btf_id=0 prog_btf_fd=163 attach_btf_obj_fd=0 attach_prog_fd=0
[51.147992 pid=1937 tid=1949]   PROG_LOAD -> fd=226 errno=0 kernel_prog_id=89
[51.148720 pid=1937 tid=1949] BPF_PROG_LOAD type=2 (kprobe) name=trace_ret_vfs_w insn_cnt=3941 hash=71873be9621b3c0d policy_hash=397add6991d5070e branch_profile_hash=c07fd9088d5bc420 license=GPL expected_attach=0 attach_btf_id=0 prog_btf_fd=163 attach_btf_obj_fd=0 attach_prog_fd=0
[51.155569 pid=1937 tid=1949]   PROG_LOAD -> fd=227 errno=0 kernel_prog_id=90
[51.156405 pid=1937 tid=1949] BPF_PROG_LOAD type=2 (kprobe) name=vfs_writev_magi insn_cnt=4538 hash=6c9f73c513cf5a5b policy_hash=0c813e16f111b361 branch_profile_hash=41f6726574ecdfd7 license=GPL expected_attach=0 attach_btf_id=0 prog_btf_fd=163 attach_btf_obj_fd=0 attach_prog_fd=0
[51.166261 pid=1937 tid=1949]   PROG_LOAD -> fd=228 errno=0 kernel_prog_id=91
[51.167373 pid=1937 tid=1949] BPF_PROG_LOAD type=2 (kprobe) name=trace_ret_vfs_w insn_cnt=6311 hash=5886a0e815fdbf44 policy_hash=3b42a0623fec2a2e branch_profile_hash=1599b86e4a7b3f66 license=GPL expected_attach=0 attach_btf_id=0 prog_btf_fd=163 attach_btf_obj_fd=0 attach_prog_fd=0
[51.194625 pid=1937 tid=1949]   PROG_LOAD -> fd=229 errno=0 kernel_prog_id=92
[51.195457 pid=1937 tid=1949] BPF_PROG_LOAD type=2 (kprobe) name=trace_kernel_wr insn_cnt=29 hash=d5dd6fbc11cdbe13 policy_hash=a4e720fe4800ff97 branch_profile_hash=db7e588e56f5283d license=GPL expected_attach=0 attach_btf_id=0 prog_btf_fd=163 attach_btf_obj_fd=0 attach_prog_fd=0
[51.196095 pid=1937 tid=1949]   PROG_LOAD -> fd=230 errno=0 kernel_prog_id=93
[51.196471 pid=1937 tid=1949] BPF_PROG_LOAD type=2 (kprobe) name=kernel_write_ma insn_cnt=54 hash=2ea97dc964a67edd policy_hash=4ff4fdc6bb995389 branch_profile_hash=11fabaf48711b559 license=GPL expected_attach=0 attach_btf_id=0 prog_btf_fd=163 attach_btf_obj_fd=0 attach_prog_fd=0
[51.197020 pid=1937 tid=1949]   PROG_LOAD -> fd=231 errno=0 kernel_prog_id=94
[51.197398 pid=1937 tid=1949] BPF_PROG_LOAD type=2 (kprobe) name=trace_ret_kerne insn_cnt=3942 hash=2c4dff86e7058db7 policy_hash=f0733e9ca3a21a9c branch_profile_hash=4feccfe24382ea90 license=GPL expected_attach=0 attach_btf_id=0 prog_btf_fd=163 attach_btf_obj_fd=0 attach_prog_fd=0
[51.203854 pid=1937 tid=1949]   PROG_LOAD -> fd=232 errno=0 kernel_prog_id=95
[51.204366 pid=1937 tid=1949] BPF_PROG_LOAD type=2 (kprobe) name=kernel_write_ma insn_cnt=4519 hash=0ade263d9039da63 policy_hash=5ea80411dc2fa6f1 branch_profile_hash=fff68201c6311fd5 license=GPL expected_attach=0 attach_btf_id=0 prog_btf_fd=163 attach_btf_obj_fd=0 attach_prog_fd=0
[51.214807 pid=1937 tid=1949]   PROG_LOAD -> fd=233 errno=0 kernel_prog_id=96
[51.217882 pid=1937 tid=1949] BPF_PROG_LOAD type=2 (kprobe) name=trace_ret_kerne insn_cnt=6288 hash=d0e4a830769acae6 policy_hash=873611f860027314 branch_profile_hash=f68262dc1143e9be license=GPL expected_attach=0 attach_btf_id=0 prog_btf_fd=163 attach_btf_obj_fd=0 attach_prog_fd=0
[51.242410 pid=1937 tid=1949]   PROG_LOAD -> fd=234 errno=0 kernel_prog_id=97
[51.243574 pid=1937 tid=1949] BPF_PROG_LOAD type=2 (kprobe) name=trace_vfs_read insn_cnt=29 hash=3bbdba30b197371a policy_hash=615591460fb29b2e branch_profile_hash=6fd8dec6a155f912 license=GPL expected_attach=0 attach_btf_id=0 prog_btf_fd=163 attach_btf_obj_fd=0 attach_prog_fd=0
[51.244514 pid=1937 tid=1949]   PROG_LOAD -> fd=235 errno=0 kernel_prog_id=98
[51.245345 pid=1937 tid=1949] BPF_PROG_LOAD type=2 (kprobe) name=trace_ret_vfs_r insn_cnt=3942 hash=ff2fcab0aedec2f9 policy_hash=cde75b3951a56b82 branch_profile_hash=01614e8d9f28ddb5 license=GPL expected_attach=0 attach_btf_id=0 prog_btf_fd=163 attach_btf_obj_fd=0 attach_prog_fd=0
[51.251756 pid=1937 tid=1949]   PROG_LOAD -> fd=236 errno=0 kernel_prog_id=99
[51.252481 pid=1937 tid=1949] BPF_PROG_LOAD type=2 (kprobe) name=trace_ret_vfs_r insn_cnt=3725 hash=749c073c78fa8b16 policy_hash=c65a8ac156bd503d branch_profile_hash=0b72a538e798cdaf license=GPL expected_attach=0 attach_btf_id=0 prog_btf_fd=163 attach_btf_obj_fd=0 attach_prog_fd=0
[51.264299 pid=1937 tid=1949]   PROG_LOAD -> fd=237 errno=0 kernel_prog_id=100
[51.265151 pid=1937 tid=1949] BPF_PROG_LOAD type=2 (kprobe) name=trace_vfs_readv insn_cnt=29 hash=8f943ce76e16a06f policy_hash=189e9ece4e706d2b branch_profile_hash=6fa94ac6a12d8cd4 license=GPL expected_attach=0 attach_btf_id=0 prog_btf_fd=163 attach_btf_obj_fd=0 attach_prog_fd=0
[51.265859 pid=1937 tid=1949]   PROG_LOAD -> fd=238 errno=0 kernel_prog_id=101
[51.266488 pid=1937 tid=1949] BPF_PROG_LOAD type=2 (kprobe) name=trace_ret_vfs_r insn_cnt=3941 hash=6f36d55723ab9207 policy_hash=7bf8d29fa27b4fbc branch_profile_hash=992ca67ab1e19a85 license=GPL expected_attach=0 attach_btf_id=0 prog_btf_fd=163 attach_btf_obj_fd=0 attach_prog_fd=0
[51.272991 pid=1937 tid=1949]   PROG_LOAD -> fd=239 errno=0 kernel_prog_id=102
[51.273656 pid=1937 tid=1949] BPF_PROG_LOAD type=2 (kprobe) name=trace_ret_vfs_r insn_cnt=3740 hash=d385b838753e1d3c policy_hash=3488444b885ecaab branch_profile_hash=32144894cf85b8ba license=GPL expected_attach=0 attach_btf_id=0 prog_btf_fd=163 attach_btf_obj_fd=0 attach_prog_fd=0
[51.285880 pid=1937 tid=1949]   PROG_LOAD -> fd=240 errno=0 kernel_prog_id=103
[51.286722 pid=1937 tid=1949] BPF_PROG_LOAD type=2 (kprobe) name=trace_mmap_aler insn_cnt=4072 hash=9e62effaee98384e policy_hash=b0b6e4fa51ce6bb2 branch_profile_hash=87fe134fa97a4517 license=GPL expected_attach=0 attach_btf_id=0 prog_btf_fd=163 attach_btf_obj_fd=0 attach_prog_fd=0
[51.294120 pid=1937 tid=1949]   PROG_LOAD -> fd=241 errno=0 kernel_prog_id=104
[51.295265 pid=1937 tid=1949] BPF_PROG_LOAD type=2 (kprobe) name=trace_do_mmap insn_cnt=29 hash=52836ec79d06d763 policy_hash=1520a2f30a88caa7 branch_profile_hash=9b8a27c703cea327 license=GPL expected_attach=0 attach_btf_id=0 prog_btf_fd=163 attach_btf_obj_fd=0 attach_prog_fd=0
[51.296099 pid=1937 tid=1949]   PROG_LOAD -> fd=242 errno=0 kernel_prog_id=105
[51.296867 pid=1937 tid=1949] BPF_PROG_LOAD type=2 (kprobe) name=trace_ret_do_mm insn_cnt=3937 hash=0b4f8ce528fc8d27 policy_hash=6ba205e064b6d6b7 branch_profile_hash=4d7723cc60eac586 license=GPL expected_attach=0 attach_btf_id=0 prog_btf_fd=163 attach_btf_obj_fd=0 attach_prog_fd=0
[51.304745 pid=1937 tid=1949]   PROG_LOAD -> fd=243 errno=0 kernel_prog_id=106
[51.305691 pid=1937 tid=1949] BPF_PROG_LOAD type=2 (kprobe) name=trace_security_ insn_cnt=7456 hash=bd6ed5affc5987e8 policy_hash=cc3c4138287293f8 branch_profile_hash=61bfe0890b6db490 license=GPL expected_attach=0 attach_btf_id=0 prog_btf_fd=163 attach_btf_obj_fd=0 attach_prog_fd=0
[51.326864 pid=1937 tid=1949]   PROG_LOAD -> fd=244 errno=0 kernel_prog_id=107
[51.327809 pid=1937 tid=1949] BPF_PROG_LOAD type=2 (kprobe) name=trace_security_ insn_cnt=7346 hash=a71421d3e11cb2fe policy_hash=24ba200790db7383 branch_profile_hash=ffa5817e76764d92 license=GPL expected_attach=0 attach_btf_id=0 prog_btf_fd=163 attach_btf_obj_fd=0 attach_prog_fd=0
[51.352191 pid=1937 tid=1949]   PROG_LOAD -> fd=245 errno=0 kernel_prog_id=108
[51.353134 pid=1937 tid=1949] BPF_PROG_LOAD type=17 (raw_tracepoint) name=syscall__init_m insn_cnt=101 hash=8aa29c3aff398ae9 policy_hash=ab8d05581f1ca779 branch_profile_hash=42d1c26b2f679f6f license=GPL expected_attach=0 attach_btf_id=0 prog_btf_fd=163 attach_btf_obj_fd=0 attach_prog_fd=0
[51.353997 pid=1937 tid=1949]   PROG_LOAD -> fd=246 errno=0 kernel_prog_id=109
[51.354649 pid=1937 tid=1949] BPF_PROG_LOAD type=2 (kprobe) name=trace_register_ insn_cnt=29 hash=a7c7b58fc2949a25 policy_hash=349e107b2bb5b711 branch_profile_hash=77ec1584cc288d5a license=GPL expected_attach=0 attach_btf_id=0 prog_btf_fd=163 attach_btf_obj_fd=0 attach_prog_fd=0
[51.355479 pid=1937 tid=1949]   PROG_LOAD -> fd=247 errno=0 kernel_prog_id=110
[51.356193 pid=1937 tid=1949] BPF_PROG_LOAD type=2 (kprobe) name=trace_ret_regis insn_cnt=1834 hash=8c4a8b800200ace5 policy_hash=ccba88d1f436d65f branch_profile_hash=5ca5337a9cfa6f5d license=GPL expected_attach=0 attach_btf_id=0 prog_btf_fd=163 attach_btf_obj_fd=0 attach_prog_fd=0
[51.358666 pid=1937 tid=1949]   PROG_LOAD -> fd=248 errno=0 kernel_prog_id=111
[51.359365 pid=1937 tid=1949] BPF_PROG_LOAD type=2 (kprobe) name=trace_security_ insn_cnt=3765 hash=a29e5d6ff62b5337 policy_hash=19d24eab6f68165f branch_profile_hash=2755ccb6fa237957 license=GPL expected_attach=0 attach_btf_id=0 prog_btf_fd=163 attach_btf_obj_fd=0 attach_prog_fd=0
[51.365338 pid=1937 tid=1949]   PROG_LOAD -> fd=249 errno=0 kernel_prog_id=112
[51.366357 pid=1937 tid=1949] BPF_PROG_LOAD type=2 (kprobe) name=trace_security_ insn_cnt=3726 hash=e68ad331d32698ed policy_hash=a1a4935eb0ed7512 branch_profile_hash=6778fd1bb8d0761e license=GPL expected_attach=0 attach_btf_id=0 prog_btf_fd=163 attach_btf_obj_fd=0 attach_prog_fd=0
[51.372039 pid=1937 tid=1949]   PROG_LOAD -> fd=250 errno=0 kernel_prog_id=113
[51.372754 pid=1937 tid=1949] BPF_PROG_LOAD type=2 (kprobe) name=trace_security_ insn_cnt=1895 hash=0a25292a542ecedc policy_hash=361ee7cbacfc8004 branch_profile_hash=006b15aeb47c9499 license=GPL expected_attach=0 attach_btf_id=0 prog_btf_fd=163 attach_btf_obj_fd=0 attach_prog_fd=0
[51.375684 pid=1937 tid=1949]   PROG_LOAD -> fd=251 errno=0 kernel_prog_id=114
[51.376115 pid=1937 tid=1949] BPF_PROG_LOAD type=2 (kprobe) name=trace_device_ad insn_cnt=1798 hash=88e66103b9d390e6 policy_hash=20fe780490bc8ac8 branch_profile_hash=1d361d5a78ac763d license=GPL expected_attach=0 attach_btf_id=0 prog_btf_fd=163 attach_btf_obj_fd=0 attach_prog_fd=0
[51.378206 pid=1937 tid=1949]   PROG_LOAD -> fd=252 errno=0 kernel_prog_id=115
[51.378499 pid=1937 tid=1949] BPF_PROG_LOAD type=2 (kprobe) name=trace___registe insn_cnt=29 hash=b6907c4e39f91090 policy_hash=d7320d8806e72664 branch_profile_hash=83c3ce5bb39c23a1 license=GPL expected_attach=0 attach_btf_id=0 prog_btf_fd=163 attach_btf_obj_fd=0 attach_prog_fd=0
[51.379505 pid=1937 tid=1949]   PROG_LOAD -> fd=253 errno=0 kernel_prog_id=116
[51.380056 pid=1937 tid=1949] BPF_PROG_LOAD type=2 (kprobe) name=trace_ret__regi insn_cnt=1828 hash=84c56e1149032f01 policy_hash=5fda4b07dabd8933 branch_profile_hash=4001582415619835 license=GPL expected_attach=0 attach_btf_id=0 prog_btf_fd=163 attach_btf_obj_fd=0 attach_prog_fd=0
[51.382519 pid=1937 tid=1949]   PROG_LOAD -> fd=254 errno=0 kernel_prog_id=117
[51.382937 pid=1937 tid=1949] BPF_PROG_LOAD type=2 (kprobe) name=trace_do_splice insn_cnt=29 hash=d648e863b4040dcf policy_hash=c0a3fb03a155cdcb branch_profile_hash=73e1d3c455fa50da license=GPL expected_attach=0 attach_btf_id=0 prog_btf_fd=163 attach_btf_obj_fd=0 attach_prog_fd=0
[51.383094 pid=1937 tid=1949]   PROG_LOAD -> fd=255 errno=0 kernel_prog_id=118
[51.420592 pid=1937 tid=1949] BPF_PROG_LOAD type=2 (kprobe) name=trace_ret_do_sp insn_cnt=4024 hash=d7d5b96681aeab49 policy_hash=731abb38d4af3da4 branch_profile_hash=05e5948dd7e41086 license=GPL expected_attach=0 attach_btf_id=0 prog_btf_fd=163 attach_btf_obj_fd=0 attach_prog_fd=0
[51.426459 pid=1937 tid=1949]   PROG_LOAD -> fd=256 errno=0 kernel_prog_id=119
[51.426913 pid=1937 tid=1949] BPF_PROG_LOAD type=17 (raw_tracepoint) name=tracepoint__mod insn_cnt=4047 hash=ff4aa80749895958 policy_hash=5ab5f5a6dc2baa1d branch_profile_hash=b6d69064c075c7e8 license=GPL expected_attach=0 attach_btf_id=0 prog_btf_fd=163 attach_btf_obj_fd=0 attach_prog_fd=0
[51.434829 pid=1937 tid=1949]   PROG_LOAD -> fd=257 errno=0 kernel_prog_id=120
[51.435474 pid=1937 tid=1949] BPF_PROG_LOAD type=17 (raw_tracepoint) name=tracepoint__mod insn_cnt=1885 hash=96e815c659a5754d policy_hash=8a8d0de2a144a9b5 branch_profile_hash=7fa0d30acc9c5ce1 license=GPL expected_attach=0 attach_btf_id=0 prog_btf_fd=163 attach_btf_obj_fd=0 attach_prog_fd=0
[51.437631 pid=1937 tid=1949]   PROG_LOAD -> fd=258 errno=0 kernel_prog_id=121
[51.438085 pid=1937 tid=1949] BPF_PROG_LOAD type=2 (kprobe) name=trace_do_init_m insn_cnt=29 hash=332c1353ebb373a2 policy_hash=13cacb437fa85df6 branch_profile_hash=7caf60c5c4a961fc license=GPL expected_attach=0 attach_btf_id=0 prog_btf_fd=163 attach_btf_obj_fd=0 attach_prog_fd=0
[51.438346 pid=1937 tid=1949]   PROG_LOAD -> fd=259 errno=0 kernel_prog_id=122
[51.438728 pid=1937 tid=1949] BPF_PROG_LOAD type=2 (kprobe) name=trace_ret_do_in insn_cnt=3021 hash=d28b245d2e8eb045 policy_hash=07e277fc0ea324ff branch_profile_hash=361c9e5c0bdd043e license=GPL expected_attach=0 attach_btf_id=0 prog_btf_fd=163 attach_btf_obj_fd=0 attach_prog_fd=0
[51.443333 pid=1937 tid=1949]   PROG_LOAD -> fd=260 errno=0 kernel_prog_id=123
[51.443686 pid=1937 tid=1949] BPF_PROG_LOAD type=2 (kprobe) name=trace_load_elf_ insn_cnt=3749 hash=1a7ca0962816d583 policy_hash=7985a0411604da2b branch_profile_hash=c43ce0d9c1039365 license=GPL expected_attach=0 attach_btf_id=0 prog_btf_fd=163 attach_btf_obj_fd=0 attach_prog_fd=0
[51.449862 pid=1937 tid=1949]   PROG_LOAD -> fd=261 errno=0 kernel_prog_id=124
[51.450157 pid=1937 tid=1949] BPF_PROG_LOAD type=2 (kprobe) name=trace_security_ insn_cnt=1830 hash=9d61a1374aadd814 policy_hash=e4f9abc4286103aa branch_profile_hash=47f48e50029d4324 license=GPL expected_attach=0 attach_btf_id=0 prog_btf_fd=163 attach_btf_obj_fd=0 attach_prog_fd=0
[51.452707 pid=1937 tid=1949]   PROG_LOAD -> fd=262 errno=0 kernel_prog_id=125
[51.453025 pid=1937 tid=1949] BPF_PROG_LOAD type=17 (raw_tracepoint) name=tracepoint__tas insn_cnt=1760 hash=886bf7a9e00638b7 policy_hash=6cab014ec4dd5f85 branch_profile_hash=e504708816b5f817 license=GPL expected_attach=0 attach_btf_id=0 prog_btf_fd=163 attach_btf_obj_fd=0 attach_prog_fd=0
[51.455302 pid=1937 tid=1949]   PROG_LOAD -> fd=263 errno=0 kernel_prog_id=126
[51.455609 pid=1937 tid=1949] BPF_PROG_LOAD type=2 (kprobe) name=trace_security_ insn_cnt=2028 hash=7fdb065ea817a6dd policy_hash=976e2e01ae4eb387 branch_profile_hash=78ed7d3c94b9853f license=GPL expected_attach=0 attach_btf_id=0 prog_btf_fd=163 attach_btf_obj_fd=0 attach_prog_fd=0
[51.458979 pid=1937 tid=1949]   PROG_LOAD -> fd=264 errno=0 kernel_prog_id=127
[51.459319 pid=1937 tid=1949] BPF_PROG_LOAD type=2 (kprobe) name=trace_kallsyms_ insn_cnt=29 hash=898e5afff8a413c0 policy_hash=c4f6ce800d165b94 branch_profile_hash=4365942073bc65df license=GPL expected_attach=0 attach_btf_id=0 prog_btf_fd=163 attach_btf_obj_fd=0 attach_prog_fd=0
[51.459609 pid=1937 tid=1949]   PROG_LOAD -> fd=265 errno=0 kernel_prog_id=128
[51.459915 pid=1937 tid=1949] BPF_PROG_LOAD type=2 (kprobe) name=trace_ret_kalls insn_cnt=1756 hash=8744e487a6091842 policy_hash=2b61d38b27a22878 branch_profile_hash=5249755503164e1e license=GPL expected_attach=0 attach_btf_id=0 prog_btf_fd=163 attach_btf_obj_fd=0 attach_prog_fd=0
[51.462318 pid=1937 tid=1949]   PROG_LOAD -> fd=266 errno=0 kernel_prog_id=129
[51.462760 pid=1937 tid=1949] BPF_PROG_LOAD type=2 (kprobe) name=trace_do_sigact insn_cnt=2049 hash=1d7324f737aeb73e policy_hash=242825036e0328e0 branch_profile_hash=ee14faa51863ae1a license=GPL expected_attach=0 attach_btf_id=0 prog_btf_fd=163 attach_btf_obj_fd=0 attach_prog_fd=0
[51.465320 pid=1937 tid=1949]   PROG_LOAD -> fd=267 errno=0 kernel_prog_id=130
[51.465839 pid=1937 tid=1949] BPF_PROG_LOAD type=2 (kprobe) name=trace_vfs_utime insn_cnt=3744 hash=c27d8f7c6da1f160 policy_hash=4dd243ff691cd00c branch_profile_hash=f14ad601a7fe041d license=GPL expected_attach=0 attach_btf_id=0 prog_btf_fd=163 attach_btf_obj_fd=0 attach_prog_fd=0
[51.472226 pid=1937 tid=1949]   PROG_LOAD -> fd=268 errno=0 kernel_prog_id=131
[51.472881 pid=1937 tid=1949] BPF_PROG_LOAD type=2 (kprobe) name=trace_utimes_co insn_cnt=3744 hash=c27d8f7c6da1f160 policy_hash=4dd243ff691cd00c branch_profile_hash=651c032264e8829f license=GPL expected_attach=0 attach_btf_id=0 prog_btf_fd=163 attach_btf_obj_fd=0 attach_prog_fd=0
[51.478406 pid=1937 tid=1949]   PROG_LOAD -> fd=269 errno=0 kernel_prog_id=132
[51.479302 pid=1937 tid=1949] BPF_PROG_LOAD type=2 (kprobe) name=trace_do_trunca insn_cnt=1970 hash=3c69f3821452c5ca policy_hash=40638a9c5990254a branch_profile_hash=38559f705005c26d license=GPL expected_attach=0 attach_btf_id=0 prog_btf_fd=163 attach_btf_obj_fd=0 attach_prog_fd=0
[51.481959 pid=1937 tid=1949]   PROG_LOAD -> fd=270 errno=0 kernel_prog_id=133
[51.482669 pid=1937 tid=1949] BPF_PROG_LOAD type=2 (kprobe) name=trace_inotify_f insn_cnt=29 hash=7108405d5be62a26 policy_hash=4b706947fdcac612 branch_profile_hash=7b22b49ec4dac951 license=GPL expected_attach=0 attach_btf_id=0 prog_btf_fd=163 attach_btf_obj_fd=0 attach_prog_fd=0
[51.482957 pid=1937 tid=1949]   PROG_LOAD -> fd=271 errno=0 kernel_prog_id=134
[51.483299 pid=1937 tid=1949] BPF_PROG_LOAD type=2 (kprobe) name=trace_ret_inoti insn_cnt=3674 hash=07a222bd015bae80 policy_hash=c29b0a1fd6211368 branch_profile_hash=b19cfc05753eb31e license=GPL expected_attach=0 attach_btf_id=0 prog_btf_fd=163 attach_btf_obj_fd=0 attach_prog_fd=0
[51.488748 pid=1937 tid=1949]   PROG_LOAD -> fd=272 errno=0 kernel_prog_id=135
[51.489149 pid=1937 tid=1949] BPF_PROG_LOAD type=2 (kprobe) name=process_execute insn_cnt=2441 hash=d5d56856db84111d policy_hash=0e0ecc9ac9cd0183 branch_profile_hash=daabffaedc4d592c license=GPL expected_attach=0 attach_btf_id=0 prog_btf_fd=163 attach_btf_obj_fd=0 attach_prog_fd=0
[51.492311 pid=1937 tid=1949]   PROG_LOAD -> fd=273 errno=0 kernel_prog_id=136
[51.492827 pid=1937 tid=1949] BPF_PROG_LOAD type=2 (kprobe) name=trace_exec_binp insn_cnt=3523 hash=94dff62003dfc877 policy_hash=1fd66c0922a67d70 branch_profile_hash=ba21d08a4bdbfb92 license=GPL expected_attach=0 attach_btf_id=0 prog_btf_fd=163 attach_btf_obj_fd=0 attach_prog_fd=0
[51.498535 pid=1937 tid=1949]   PROG_LOAD -> fd=274 errno=0 kernel_prog_id=137
[51.499151 pid=1937 tid=1949] BPF_PROG_LOAD type=2 (kprobe) name=trace_security_ insn_cnt=3554 hash=db0bf1b80a7271a5 policy_hash=bc2301faade704fa branch_profile_hash=ba87af4a637551d5 license=GPL expected_attach=0 attach_btf_id=0 prog_btf_fd=163 attach_btf_obj_fd=0 attach_prog_fd=0
[51.504497 pid=1937 tid=1949]   PROG_LOAD -> fd=275 errno=0 kernel_prog_id=138
[51.505051 pid=1937 tid=1949] BPF_PROG_LOAD type=2 (kprobe) name=trace_execute_f insn_cnt=5077 hash=f59d05326e34d18e policy_hash=69f00f1ed8704f74 branch_profile_hash=3dee05a4fa204b19 license=GPL expected_attach=0 attach_btf_id=0 prog_btf_fd=163 attach_btf_obj_fd=0 attach_prog_fd=0
[51.512830 pid=1937 tid=1949]   PROG_LOAD -> fd=276 errno=0 kernel_prog_id=139
[51.513583 pid=1937 tid=1949] BPF_PROG_LOAD type=2 (kprobe) name=trace_security_ insn_cnt=3746 hash=f9f4f71024a1a026 policy_hash=52ee2998b8e3cd1a branch_profile_hash=792505e7ed3bc22b license=GPL expected_attach=0 attach_btf_id=0 prog_btf_fd=163 attach_btf_obj_fd=0 attach_prog_fd=0
[51.520079 pid=1937 tid=1949]   PROG_LOAD -> fd=277 errno=0 kernel_prog_id=140
[51.521215 pid=1937 tid=1949] BPF_PROG_LOAD type=2 (kprobe) name=trace_set_fs_pw insn_cnt=3821 hash=efb0c5ca5b8d50cb policy_hash=74fa56fadc12e27f branch_profile_hash=9e93515f1715f130 license=GPL expected_attach=0 attach_btf_id=0 prog_btf_fd=163 attach_btf_obj_fd=0 attach_prog_fd=0
[51.527577 pid=1937 tid=1949]   PROG_LOAD -> fd=278 errno=0 kernel_prog_id=141
[51.528553 pid=1937 tid=1949] BPF_PROG_LOAD type=2 (kprobe) name=trace_security_ insn_cnt=1817 hash=b96ce248d19d2e88 policy_hash=522b432ddeb1ba72 branch_profile_hash=b9cc576ac50f3433 license=GPL expected_attach=0 attach_btf_id=0 prog_btf_fd=163 attach_btf_obj_fd=0 attach_prog_fd=0
[51.530772 pid=1937 tid=1949]   PROG_LOAD -> fd=279 errno=0 kernel_prog_id=142
[51.531856 pid=1937 tid=1949] BPF_PROG_LOAD type=2 (kprobe) name=trace_security_ insn_cnt=1804 hash=800c5798a1434765 policy_hash=22d71277fcd327fb branch_profile_hash=a6b978ed9bf2c84a license=GPL expected_attach=0 attach_btf_id=0 prog_btf_fd=163 attach_btf_obj_fd=0 attach_prog_fd=0
[51.533760 pid=1937 tid=1949]   PROG_LOAD -> fd=280 errno=0 kernel_prog_id=143
[51.534238 pid=1937 tid=1949] BPF_PROG_LOAD type=2 (kprobe) name=trace_chmod_com insn_cnt=3572 hash=4ad69037b661859e policy_hash=b6d12adb62242baa branch_profile_hash=d1c6c057676aa9f9 license=GPL expected_attach=0 attach_btf_id=0 prog_btf_fd=163 attach_btf_obj_fd=0 attach_prog_fd=0
[51.539547 pid=1937 tid=1949]   PROG_LOAD -> fd=281 errno=0 kernel_prog_id=144
[51.540217 pid=1937 tid=1949] BPF_PROG_LOAD type=2 (kprobe) name=trace_security_ insn_cnt=9464 hash=d5c0b3428b92bd01 policy_hash=39c1dabee47bd011 branch_profile_hash=30f97782d39102dd license=GPL expected_attach=0 attach_btf_id=0 prog_btf_fd=163 attach_btf_obj_fd=0 attach_prog_fd=0
[51.572497 pid=1937 tid=1949]   PROG_LOAD -> fd=282 errno=0 kernel_prog_id=145
[51.573423 pid=1937 tid=1949] BPF_PROG_LOAD type=2 (kprobe) name=syscall_checker insn_cnt=4728 hash=1a46d8050407e7ab policy_hash=e5a671ea1ef21f81 branch_profile_hash=7847712e17036408 license=GPL expected_attach=0 attach_btf_id=0 prog_btf_fd=163 attach_btf_obj_fd=0 attach_prog_fd=0
[51.581339 pid=1937 tid=1949]   PROG_LOAD -> fd=283 errno=0 kernel_prog_id=146
[51.582162 pid=1937 tid=1949] BPF_PROG_LOAD type=2 (kprobe) name=trace_security_ insn_cnt=1970 hash=65ae88f0e4ef8bb3 policy_hash=4bf639413b337227 branch_profile_hash=e1c5079e4f1f146a license=GPL expected_attach=0 attach_btf_id=0 prog_btf_fd=163 attach_btf_obj_fd=0 attach_prog_fd=0
[51.585338 pid=1937 tid=1949]   PROG_LOAD -> fd=284 errno=0 kernel_prog_id=147
[51.586069 pid=1937 tid=1949] BPF_PROG_LOAD type=2 (kprobe) name=trace_sock_allo insn_cnt=76 hash=7a626465770e2e41 policy_hash=11ecf04b5f4c7359 branch_profile_hash=c7e0f80fb03d9daa license=GPL expected_attach=0 attach_btf_id=0 prog_btf_fd=163 attach_btf_obj_fd=0 attach_prog_fd=0
[51.586534 pid=1937 tid=1949]   PROG_LOAD -> fd=285 errno=0 kernel_prog_id=148
[51.586779 pid=1937 tid=1949] BPF_PROG_LOAD type=2 (kprobe) name=trace_ret_sock_ insn_cnt=1686 hash=d3b6c154373027e2 policy_hash=517fcd3e27b50404 branch_profile_hash=e8521e528306d9a1 license=GPL expected_attach=0 attach_btf_id=0 prog_btf_fd=163 attach_btf_obj_fd=0 attach_prog_fd=0
[51.588873 pid=1937 tid=1949]   PROG_LOAD -> fd=286 errno=0 kernel_prog_id=149
[51.589215 pid=1937 tid=1949] BPF_PROG_LOAD type=2 (kprobe) name=trace_security_ insn_cnt=69 hash=9eb89d4dcf659f21 policy_hash=1ea3205af042b8a8 branch_profile_hash=f7c0933b76d3cbbf license=GPL expected_attach=0 attach_btf_id=0 prog_btf_fd=163 attach_btf_obj_fd=0 attach_prog_fd=0
[51.589662 pid=1937 tid=1949]   PROG_LOAD -> fd=287 errno=0 kernel_prog_id=150
[51.589900 pid=1937 tid=1949] BPF_PROG_LOAD type=2 (kprobe) name=trace_security_ insn_cnt=1731 hash=691782b70cae77ad policy_hash=32d974ea8ebcf3fb branch_profile_hash=91342d2ff6aff70d license=GPL expected_attach=0 attach_btf_id=0 prog_btf_fd=163 attach_btf_obj_fd=0 attach_prog_fd=0
[51.592398 pid=1937 tid=1949]   PROG_LOAD -> fd=288 errno=0 kernel_prog_id=151
[51.593000 pid=1937 tid=1949] BPF_PROG_LOAD type=2 (kprobe) name=trace_security_ insn_cnt=1731 hash=691782b70cae77ad policy_hash=32d974ea8ebcf3fb branch_profile_hash=91342d2ff6aff70d license=GPL expected_attach=0 attach_btf_id=0 prog_btf_fd=163 attach_btf_obj_fd=0 attach_prog_fd=0
[51.595630 pid=1937 tid=1949]   PROG_LOAD -> fd=289 errno=0 kernel_prog_id=152
[51.595992 pid=1937 tid=1949] BPF_PROG_LOAD type=2 (kprobe) name=cgroup_bpf_run_ insn_cnt=1105 hash=72d9703cdec45120 policy_hash=e531c97cd9efcfd7 branch_profile_hash=42adb65334dcbcb7 license=GPL expected_attach=0 attach_btf_id=0 prog_btf_fd=163 attach_btf_obj_fd=0 attach_prog_fd=0
[51.598039 pid=1937 tid=1949]   PROG_LOAD -> fd=290 errno=0 kernel_prog_id=153
[51.599065 pid=1937 tid=1949] BPF_PROG_LOAD type=9 (cgroup_sock) name= insn_cnt=2 hash=58255400910d7827 policy_hash=58255400910d7827 branch_profile_hash=de07ed38c37628d2 license=GPL expected_attach=2 attach_btf_id=0 prog_btf_fd=0 attach_btf_obj_fd=0 attach_prog_fd=0
[51.599325 pid=1937 tid=1949]   PROG_LOAD -> fd=291 errno=0 kernel_prog_id=154
[51.600076 pid=1937 tid=1949] BPF_PROG_LOAD type=8 (cgroup_skb) name=cgroup_skb_ingr insn_cnt=3602 hash=a26e52ffac0698e3 policy_hash=83ddf60fc9d065a9 branch_profile_hash=57f4c8002a345292 license=GPL expected_attach=0 attach_btf_id=0 prog_btf_fd=163 attach_btf_obj_fd=0 attach_prog_fd=0
[51.607530 pid=1937 tid=1949]   PROG_LOAD -> fd=291 errno=0 kernel_prog_id=155
[51.608223 pid=1937 tid=1949] BPF_PROG_LOAD type=8 (cgroup_skb) name=cgroup_skb_egre insn_cnt=3602 hash=1e178e34d4c8e313 policy_hash=83ddf60fc9d065a9 branch_profile_hash=8fb04c14d3f91e7f license=GPL expected_attach=1 attach_btf_id=0 prog_btf_fd=163 attach_btf_obj_fd=0 attach_prog_fd=0
[51.615929 pid=1937 tid=1949]   PROG_LOAD -> fd=292 errno=0 kernel_prog_id=156
[51.616606 pid=1937 tid=1949] BPF_PROG_LOAD type=17 (raw_tracepoint) name=cgroup_mkdir_si insn_cnt=200 hash=44c9791f8f5d8832 policy_hash=6eb796615127ac42 branch_profile_hash=964ebc852e443a11 license=GPL expected_attach=0 attach_btf_id=0 prog_btf_fd=163 attach_btf_obj_fd=0 attach_prog_fd=0
[51.617124 pid=1937 tid=1949]   PROG_LOAD -> fd=293 errno=0 kernel_prog_id=157
[51.617656 pid=1937 tid=1949] BPF_PROG_LOAD type=17 (raw_tracepoint) name=cgroup_rmdir_si insn_cnt=195 hash=6c372d5d08077965 policy_hash=64fb37a241e5bf45 branch_profile_hash=4a68a635d8f35d2a license=GPL expected_attach=0 attach_btf_id=0 prog_btf_fd=163 attach_btf_obj_fd=0 attach_prog_fd=0
[51.618099 pid=1937 tid=1949]   PROG_LOAD -> fd=294 errno=0 kernel_prog_id=158
[51.618222 pid=1937 tid=1949] BPF_PROG_LOAD type=2 (kprobe) name=empty_kprobe insn_cnt=2 hash=58255400910d7827 policy_hash=58255400910d7827 branch_profile_hash=07717532779d12b6 license=GPL expected_attach=0 attach_btf_id=0 prog_btf_fd=163 attach_btf_obj_fd=0 attach_prog_fd=0
[51.618869 pid=1937 tid=1949]   PROG_LOAD -> fd=295 errno=0 kernel_prog_id=159
[51.619836 pid=1937 tid=1949] BPF_PROG_LOAD type=17 (raw_tracepoint) name=tracepoint__exe insn_cnt=11832 hash=01654e89a6d084a3 policy_hash=7cc7dbc674eaf5cd branch_profile_hash=b9580d53409e7af5 license=GPL expected_attach=0 attach_btf_id=0 prog_btf_fd=163 attach_btf_obj_fd=0 attach_prog_fd=0
[51.651222 pid=1937 tid=1949]   PROG_LOAD -> fd=296 errno=0 kernel_prog_id=160
[51.652148 pid=1937 tid=1949] BPF_PROG_LOAD type=2 (kprobe) name=uprobe__feature insn_cnt=757 hash=2942c6e643ab5ac4 policy_hash=77ebb105cea1b116 branch_profile_hash=d6848319dea274ad license=GPL expected_attach=0 attach_btf_id=0 prog_btf_fd=163 attach_btf_obj_fd=0 attach_prog_fd=0
[51.653242 pid=1937 tid=1949]   PROG_LOAD -> fd=297 errno=0 kernel_prog_id=161
[51.653920 pid=1937 tid=1949] BPF_PROG_LOAD type=2 (kprobe) name=uprobe__feature insn_cnt=454 hash=41625c2a0f03bcbc policy_hash=567d02f52ce12070 branch_profile_hash=8f840f10d0848fd0 license=GPL expected_attach=0 attach_btf_id=0 prog_btf_fd=163 attach_btf_obj_fd=0 attach_prog_fd=0
[51.654992 pid=1937 tid=1949]   PROG_LOAD -> fd=298 errno=0 kernel_prog_id=162
[51.655349 pid=1937 tid=1949] BPF_PROG_LOAD type=2 (kprobe) name=uprobe__feature insn_cnt=454 hash=7db101bc456a53eb policy_hash=ca7d973efc7c8a37 branch_profile_hash=8f840f10d0848fd0 license=GPL expected_attach=0 attach_btf_id=0 prog_btf_fd=163 attach_btf_obj_fd=0 attach_prog_fd=0
[51.656277 pid=1937 tid=1949]   PROG_LOAD -> fd=299 errno=0 kernel_prog_id=163
[51.656601 pid=1937 tid=1949] BPF_PROG_LOAD type=2 (kprobe) name=uprobe__feature insn_cnt=454 hash=b0cad387ce5c7ade policy_hash=47fcce0fe5967fb2 branch_profile_hash=8f840f10d0848fd0 license=GPL expected_attach=0 attach_btf_id=0 prog_btf_fd=163 attach_btf_obj_fd=0 attach_prog_fd=0
[51.657282 pid=1937 tid=1949]   PROG_LOAD -> fd=300 errno=0 kernel_prog_id=164
[51.660235 pid=1937 tid=1949] BPF_MAP_CREATE type=1 key_size=4 value_size=64 max_entries=794 name=events_map_1
[51.660889 pid=1937 tid=1949]   MAP_CREATE -> fd=114 errno=0 kernel_map_id=228
[51.661829 pid=1937 tid=1949] BPF_MAP_CREATE type=1 key_size=4 value_size=16 max_entries=256 name=pid_ns_filter_1
[51.662539 pid=1937 tid=1949]   MAP_CREATE -> fd=116 errno=0 kernel_map_id=229
[51.663243 pid=1937 tid=1949] BPF_MAP_CREATE type=1 key_size=4 value_size=16 max_entries=256 name=cgroup_id_filte
[51.663703 pid=1937 tid=1949]   MAP_CREATE -> fd=118 errno=0 kernel_map_id=230
[51.664276 pid=1937 tid=1949] BPF_MAP_CREATE type=1 key_size=260 value_size=16 max_entries=256 name=binary_filter_1
[51.664865 pid=1937 tid=1949]   MAP_CREATE -> fd=120 errno=0 kernel_map_id=231
[51.665122 pid=1937 tid=1949] BPF_MAP_CREATE type=1 key_size=4 value_size=16 max_entries=256 name=mnt_ns_filter_1
[51.665589 pid=1937 tid=1949]   MAP_CREATE -> fd=122 errno=0 kernel_map_id=232
[51.666590 pid=1937 tid=1949] BPF_MAP_CREATE type=1 key_size=16 value_size=16 max_entries=256 name=uts_ns_filter_1
[51.666985 pid=1937 tid=1949]   MAP_CREATE -> fd=124 errno=0 kernel_map_id=233
[51.667345 pid=1937 tid=1949] BPF_MAP_CREATE type=1 key_size=16 value_size=16 max_entries=256 name=comm_filter_1
[51.667830 pid=1937 tid=1949]   MAP_CREATE -> fd=126 errno=0 kernel_map_id=234
[51.668133 pid=1937 tid=1949] BPF_MAP_CREATE type=1 key_size=4 value_size=16 max_entries=10240 name=process_tree_ma
[51.668693 pid=1937 tid=1949]   MAP_CREATE -> fd=128 errno=0 kernel_map_id=235
[51.669118 pid=1937 tid=1949] BPF_MAP_CREATE type=1 key_size=4 value_size=16 max_entries=256 name=uid_filter_1
[51.669453 pid=1937 tid=1949]   MAP_CREATE -> fd=130 errno=0 kernel_map_id=236
[51.669646 pid=1937 tid=1949] BPF_MAP_CREATE type=1 key_size=4 value_size=16 max_entries=256 name=pid_filter_1
[51.669898 pid=1937 tid=1949]   MAP_CREATE -> fd=132 errno=0 kernel_map_id=237
[51.670971 pid=1937 tid=1949] BPF_MAP_CREATE type=1 key_size=4 value_size=256 max_entries=1 name=policies_config
[51.671306 pid=1937 tid=1949]   MAP_CREATE -> fd=134 errno=0 kernel_map_id=238
[51.671638 pid=1937 tid=1949] perf_event_open type=1 config=10 config1=0 config2=0 pid=-1 cpu=0 group_fd=-1 flags=8 -> fd=136 errno=0
[51.672590 pid=1937 tid=1949] PERF_EVENT_IOC_ENABLE event_fd=136
[51.672780 pid=1937 tid=1949] perf_event_open type=1 config=10 config1=0 config2=0 pid=-1 cpu=1 group_fd=-1 flags=8 -> fd=137 errno=0
[51.673440 pid=1937 tid=1949] PERF_EVENT_IOC_ENABLE event_fd=137
[51.673694 pid=1937 tid=1949] perf_event_open type=1 config=10 config1=0 config2=0 pid=-1 cpu=2 group_fd=-1 flags=8 -> fd=138 errno=0
[51.674439 pid=1937 tid=1949] PERF_EVENT_IOC_ENABLE event_fd=138
[51.674982 pid=1937 tid=1949] perf_event_open type=1 config=10 config1=0 config2=0 pid=-1 cpu=3 group_fd=-1 flags=8 -> fd=139 errno=0
[51.676072 pid=1937 tid=1949] PERF_EVENT_IOC_ENABLE event_fd=139
[51.676910 pid=1937 tid=1949] perf_event_open type=1 config=10 config1=0 config2=0 pid=-1 cpu=4 group_fd=-1 flags=8 -> fd=140 errno=0
[51.677582 pid=1937 tid=1949] PERF_EVENT_IOC_ENABLE event_fd=140
[51.677760 pid=1937 tid=1949] perf_event_open type=1 config=10 config1=0 config2=0 pid=-1 cpu=5 group_fd=-1 flags=8 -> fd=141 errno=0
[51.678590 pid=1937 tid=1949] PERF_EVENT_IOC_ENABLE event_fd=141
[51.678930 pid=1937 tid=1949] perf_event_open type=1 config=10 config1=0 config2=0 pid=-1 cpu=6 group_fd=-1 flags=8 -> fd=142 errno=0
[51.679568 pid=1937 tid=1949] PERF_EVENT_IOC_ENABLE event_fd=142
[51.679746 pid=1937 tid=1949] perf_event_open type=1 config=10 config1=0 config2=0 pid=-1 cpu=7 group_fd=-1 flags=8 -> fd=143 errno=0
[51.680360 pid=1937 tid=1949] PERF_EVENT_IOC_ENABLE event_fd=143
[51.683788 pid=1937 tid=1949] perf_event_open type=1 config=10 config1=0 config2=0 pid=-1 cpu=0 group_fd=-1 flags=8 -> fd=145 errno=0
[51.684752 pid=1937 tid=1949] PERF_EVENT_IOC_ENABLE event_fd=145
[51.684925 pid=1937 tid=1949] perf_event_open type=1 config=10 config1=0 config2=0 pid=-1 cpu=1 group_fd=-1 flags=8 -> fd=146 errno=0
[51.685771 pid=1937 tid=1949] PERF_EVENT_IOC_ENABLE event_fd=146
[51.686034 pid=1937 tid=1949] perf_event_open type=1 config=10 config1=0 config2=0 pid=-1 cpu=2 group_fd=-1 flags=8 -> fd=147 errno=0
[51.687127 pid=1937 tid=1949] PERF_EVENT_IOC_ENABLE event_fd=147
[51.687602 pid=1937 tid=1949] perf_event_open type=1 config=10 config1=0 config2=0 pid=-1 cpu=3 group_fd=-1 flags=8 -> fd=148 errno=0
[51.688216 pid=1937 tid=1949] PERF_EVENT_IOC_ENABLE event_fd=148
[51.688724 pid=1937 tid=1949] perf_event_open type=1 config=10 config1=0 config2=0 pid=-1 cpu=4 group_fd=-1 flags=8 -> fd=149 errno=0
[51.689705 pid=1937 tid=1949] PERF_EVENT_IOC_ENABLE event_fd=149
[51.689849 pid=1937 tid=1949] perf_event_open type=1 config=10 config1=0 config2=0 pid=-1 cpu=5 group_fd=-1 flags=8 -> fd=150 errno=0
[51.690721 pid=1937 tid=1949] PERF_EVENT_IOC_ENABLE event_fd=150
[51.691690 pid=1937 tid=1949] perf_event_open type=1 config=10 config1=0 config2=0 pid=-1 cpu=6 group_fd=-1 flags=8 -> fd=151 errno=0
[51.695185 pid=1937 tid=1949] PERF_EVENT_IOC_ENABLE event_fd=151
[51.695798 pid=1937 tid=1949] perf_event_open type=1 config=10 config1=0 config2=0 pid=-1 cpu=7 group_fd=-1 flags=8 -> fd=152 errno=0
[51.697209 pid=1937 tid=1949] PERF_EVENT_IOC_ENABLE event_fd=152
[51.697666 pid=1937 tid=1949] perf_event_open type=1 config=10 config1=0 config2=0 pid=-1 cpu=0 group_fd=-1 flags=8 -> fd=154 errno=0
[51.699668 pid=1937 tid=1949] PERF_EVENT_IOC_ENABLE event_fd=154
[51.699910 pid=1937 tid=1949] perf_event_open type=1 config=10 config1=0 config2=0 pid=-1 cpu=1 group_fd=-1 flags=8 -> fd=155 errno=0
[51.702958 pid=1937 tid=1949] PERF_EVENT_IOC_ENABLE event_fd=155
[51.703142 pid=1937 tid=1949] perf_event_open type=1 config=10 config1=0 config2=0 pid=-1 cpu=2 group_fd=-1 flags=8 -> fd=156 errno=0
[51.707524 pid=1937 tid=1949] PERF_EVENT_IOC_ENABLE event_fd=156
[51.707905 pid=1937 tid=1949] perf_event_open type=1 config=10 config1=0 config2=0 pid=-1 cpu=3 group_fd=-1 flags=8 -> fd=157 errno=0
[51.711240 pid=1937 tid=1949] PERF_EVENT_IOC_ENABLE event_fd=157
[51.711553 pid=1937 tid=1949] perf_event_open type=1 config=10 config1=0 config2=0 pid=-1 cpu=4 group_fd=-1 flags=8 -> fd=158 errno=0
[51.713855 pid=1937 tid=1949] PERF_EVENT_IOC_ENABLE event_fd=158
[51.714027 pid=1937 tid=1949] perf_event_open type=1 config=10 config1=0 config2=0 pid=-1 cpu=5 group_fd=-1 flags=8 -> fd=159 errno=0
[51.715669 pid=1937 tid=1949] PERF_EVENT_IOC_ENABLE event_fd=159
[51.715980 pid=1937 tid=1949] perf_event_open type=1 config=10 config1=0 config2=0 pid=-1 cpu=6 group_fd=-1 flags=8 -> fd=160 errno=0
[51.717308 pid=1937 tid=1949] PERF_EVENT_IOC_ENABLE event_fd=160
[51.718115 pid=1937 tid=1949] perf_event_open type=1 config=10 config1=0 config2=0 pid=-1 cpu=7 group_fd=-1 flags=8 -> fd=161 errno=0
[51.722084 pid=1937 tid=1949] PERF_EVENT_IOC_ENABLE event_fd=161
[51.722426 pid=1937 tid=1949] perf_event_open type=1 config=10 config1=0 config2=0 pid=-1 cpu=0 group_fd=-1 flags=8 -> fd=301 errno=0
[51.723968 pid=1937 tid=1949] PERF_EVENT_IOC_ENABLE event_fd=301
[51.724112 pid=1937 tid=1949] perf_event_open type=1 config=10 config1=0 config2=0 pid=-1 cpu=1 group_fd=-1 flags=8 -> fd=302 errno=0
[51.726119 pid=1937 tid=1949] PERF_EVENT_IOC_ENABLE event_fd=302
[51.726503 pid=1937 tid=1949] perf_event_open type=1 config=10 config1=0 config2=0 pid=-1 cpu=2 group_fd=-1 flags=8 -> fd=303 errno=0
[51.729991 pid=1937 tid=1949] PERF_EVENT_IOC_ENABLE event_fd=303
[51.730278 pid=1937 tid=1949] perf_event_open type=1 config=10 config1=0 config2=0 pid=-1 cpu=3 group_fd=-1 flags=8 -> fd=304 errno=0
[51.731909 pid=1937 tid=1949] PERF_EVENT_IOC_ENABLE event_fd=304
[51.732416 pid=1937 tid=1949] perf_event_open type=1 config=10 config1=0 config2=0 pid=-1 cpu=4 group_fd=-1 flags=8 -> fd=305 errno=0
[51.735874 pid=1937 tid=1949] PERF_EVENT_IOC_ENABLE event_fd=305
[51.736074 pid=1937 tid=1949] perf_event_open type=1 config=10 config1=0 config2=0 pid=-1 cpu=5 group_fd=-1 flags=8 -> fd=306 errno=0
[51.739951 pid=1937 tid=1949] PERF_EVENT_IOC_ENABLE event_fd=306
[51.740459 pid=1937 tid=1949] perf_event_open type=1 config=10 config1=0 config2=0 pid=-1 cpu=6 group_fd=-1 flags=8 -> fd=307 errno=0
[51.743178 pid=1937 tid=1949] PERF_EVENT_IOC_ENABLE event_fd=307
[51.743664 pid=1937 tid=1949] perf_event_open type=1 config=10 config1=0 config2=0 pid=-1 cpu=7 group_fd=-1 flags=8 -> fd=308 errno=0
[51.745454 pid=1937 tid=1949] PERF_EVENT_IOC_ENABLE event_fd=308
[51.745973 pid=1937 tid=1949] BPF_LINK_CREATE prog_fd=291 target_fd=309 attach_type=0 flags=0
[51.746904 pid=1937 tid=1949]   LINK_CREATE -> fd=310 errno=0 kernel_link_id=1
[51.749654 pid=1937 tid=1949] perf_event_open type=8 config=1 config1=140415969802640 config2=0 pid=-1 cpu=0 group_fd=-1 flags=8 kprobe_func=__x64_sys_arch_prctl kprobe_addr=0 -> fd=309 errno=0
[51.750036 pid=1937 tid=1949] BPF_PROG_LOAD type=5 (tracepoint) name= insn_cnt=2 hash=58255400910d7827 policy_hash=58255400910d7827 branch_profile_hash=ade3dc05a46d255e license=GPL expected_attach=0 attach_btf_id=0 prog_btf_fd=0 attach_btf_obj_fd=0 attach_prog_fd=0
[51.750313 pid=1937 tid=1949]   PROG_LOAD -> fd=311 errno=0 kernel_prog_id=165
[51.750896 pid=1937 tid=1949] BPF_LINK_CREATE prog_fd=311 target_fd=4294967295 attach_type=41 flags=0
[51.751157 pid=1937 tid=1949]   LINK_CREATE -> fd=-1 errno=9 kernel_link_id=0
[51.751637 pid=1937 tid=1949] BPF_LINK_CREATE prog_fd=96 target_fd=309 attach_type=41 flags=0
[51.752080 pid=1937 tid=1949] BPF_PERF_EVENT target retained target_fd=309 hold_fd=312 link_fd=311
[51.752800 pid=1937 tid=1949] BPF_TASK_FD_QUERY target_fd=309 attach_type=41 -> ret=0 errno=0 fd_type=3 prog_id=26 probe_offset=0 probe_addr=18446744072487242432 symbol=__x64_sys_arch_prctl
[51.752982 pid=1937 tid=1949]   LINK_CREATE -> fd=311 errno=0 kernel_link_id=2
[51.753712 pid=1937 tid=1949] PERF_EVENT_IOC_ENABLE event_fd=309
[51.755940 pid=1937 tid=1949] perf_event_open type=8 config=1 config1=140415969802640 config2=0 pid=-1 cpu=0 group_fd=-1 flags=8 kprobe_func=__ia32_sys_arch_prctl kprobe_addr=0 -> fd=313 errno=0
[51.756330 pid=1937 tid=1949] BPF_LINK_CREATE prog_fd=96 target_fd=313 attach_type=41 flags=0
[51.756516 pid=1937 tid=1949] BPF_PERF_EVENT target retained target_fd=313 hold_fd=315 link_fd=314
[51.756823 pid=1937 tid=1949] BPF_TASK_FD_QUERY target_fd=313 attach_type=41 -> ret=0 errno=0 fd_type=3 prog_id=26 probe_offset=0 probe_addr=18446744072487242304 symbol=__ia32_sys_arch_prctl
[51.757305 pid=1937 tid=1949]   LINK_CREATE -> fd=314 errno=0 kernel_link_id=3
[51.757640 pid=1937 tid=1949] PERF_EVENT_IOC_ENABLE event_fd=313
[51.760949 pid=1937 tid=1949] perf_event_open type=8 config=0 config1=140415969802640 config2=0 pid=-1 cpu=0 group_fd=-1 flags=8 kprobe_func=security_path_notify kprobe_addr=0 -> fd=316 errno=0
[51.761121 pid=1937 tid=1949] BPF_LINK_CREATE prog_fd=277 target_fd=316 attach_type=41 flags=0
[51.761367 pid=1937 tid=1949] BPF_PERF_EVENT target retained target_fd=316 hold_fd=318 link_fd=317
[51.761611 pid=1937 tid=1949] BPF_TASK_FD_QUERY target_fd=316 attach_type=41 -> ret=0 errno=0 fd_type=2 prog_id=140 probe_offset=0 probe_addr=18446744072494426704 symbol=security_path_notify
[51.761769 pid=1937 tid=1949]   LINK_CREATE -> fd=317 errno=0 kernel_link_id=4
[51.762003 pid=1937 tid=1949] PERF_EVENT_IOC_ENABLE event_fd=316
[51.763826 pid=1937 tid=1949] perf_event_open type=8 config=0 config1=140415969802640 config2=0 pid=-1 cpu=0 group_fd=-1 flags=8 kprobe_func=kallsyms_lookup_name kprobe_addr=0 -> fd=319 errno=0
[51.763986 pid=1937 tid=1949] BPF_LINK_CREATE prog_fd=265 target_fd=319 attach_type=41 flags=0
[51.764091 pid=1937 tid=1949] BPF_PERF_EVENT target retained target_fd=319 hold_fd=321 link_fd=320
[51.764295 pid=1937 tid=1949] BPF_TASK_FD_QUERY target_fd=319 attach_type=41 -> ret=0 errno=0 fd_type=2 prog_id=128 probe_offset=0 probe_addr=18446744072488860880 symbol=kallsyms_lookup_name
[51.764795 pid=1937 tid=1949]   LINK_CREATE -> fd=320 errno=0 kernel_link_id=5
[51.764911 pid=1937 tid=1949] PERF_EVENT_IOC_ENABLE event_fd=319
[51.767402 pid=1937 tid=1949] perf_event_open type=8 config=0 config1=140415969802640 config2=0 pid=-1 cpu=0 group_fd=-1 flags=8 kprobe_func=security_socket_recvmsg kprobe_addr=0 -> fd=322 errno=0
[51.767803 pid=1937 tid=1949] BPF_LINK_CREATE prog_fd=288 target_fd=322 attach_type=41 flags=0
[51.768127 pid=1937 tid=1949] BPF_PERF_EVENT target retained target_fd=322 hold_fd=324 link_fd=323
[51.768365 pid=1937 tid=1949] BPF_TASK_FD_QUERY target_fd=322 attach_type=41 -> ret=0 errno=0 fd_type=2 prog_id=151 probe_offset=0 probe_addr=18446744072494453424 symbol=security_socket_recvmsg
[51.768475 pid=1937 tid=1949]   LINK_CREATE -> fd=323 errno=0 kernel_link_id=6
[51.768569 pid=1937 tid=1949] PERF_EVENT_IOC_ENABLE event_fd=322
[51.770443 pid=1937 tid=1949] perf_event_open type=8 config=0 config1=140415969802640 config2=0 pid=-1 cpu=0 group_fd=-1 flags=8 kprobe_func=__x64_sys_ptrace kprobe_addr=0 -> fd=325 errno=0
[51.770998 pid=1937 tid=1949] BPF_LINK_CREATE prog_fd=81 target_fd=325 attach_type=41 flags=0
[51.771239 pid=1937 tid=1949] BPF_PERF_EVENT target retained target_fd=325 hold_fd=327 link_fd=326
[51.771503 pid=1937 tid=1949] BPF_TASK_FD_QUERY target_fd=325 attach_type=41 -> ret=0 errno=0 fd_type=2 prog_id=21 probe_offset=0 probe_addr=18446744072487752768 symbol=__x64_sys_ptrace
[51.772116 pid=1937 tid=1949]   LINK_CREATE -> fd=326 errno=0 kernel_link_id=7
[51.772428 pid=1937 tid=1949] PERF_EVENT_IOC_ENABLE event_fd=325
[51.774503 pid=1937 tid=1949] perf_event_open type=8 config=0 config1=140415969802640 config2=0 pid=-1 cpu=0 group_fd=-1 flags=8 kprobe_func=__ia32_sys_ptrace kprobe_addr=0 -> fd=328 errno=0
[51.774940 pid=1937 tid=1949] BPF_LINK_CREATE prog_fd=81 target_fd=328 attach_type=41 flags=0
[51.775687 pid=1937 tid=1949] BPF_PERF_EVENT target retained target_fd=328 hold_fd=330 link_fd=329
[51.775843 pid=1937 tid=1949] BPF_TASK_FD_QUERY target_fd=328 attach_type=41 -> ret=0 errno=0 fd_type=2 prog_id=21 probe_offset=0 probe_addr=18446744072487752096 symbol=__ia32_sys_ptrace
[51.775999 pid=1937 tid=1949]   LINK_CREATE -> fd=329 errno=0 kernel_link_id=8
[51.776321 pid=1937 tid=1949] PERF_EVENT_IOC_ENABLE event_fd=328
[51.778567 pid=1937 tid=1949] perf_event_open type=8 config=0 config1=140416443146992 config2=0 pid=-1 cpu=0 group_fd=-1 flags=8 kprobe_func=__ia32_compat_sys_ptrace kprobe_addr=0 -> fd=331 errno=0
[51.778971 pid=1937 tid=1949] BPF_LINK_CREATE prog_fd=81 target_fd=331 attach_type=41 flags=0
[51.779125 pid=1937 tid=1949] BPF_PERF_EVENT target retained target_fd=331 hold_fd=333 link_fd=332
[51.779363 pid=1937 tid=1949] BPF_TASK_FD_QUERY target_fd=331 attach_type=41 -> ret=0 errno=0 fd_type=2 prog_id=21 probe_offset=0 probe_addr=18446744072487752432 symbol=__ia32_compat_sys_ptrace
[51.779507 pid=1937 tid=1949]   LINK_CREATE -> fd=332 errno=0 kernel_link_id=9
[51.779779 pid=1937 tid=1949] PERF_EVENT_IOC_ENABLE event_fd=331
[51.780022 pid=1937 tid=1949] BPF_RAW_TRACEPOINT_OPEN name=sched_process_exit prog_fd=189
[51.780888 pid=1937 tid=1949]   RAW_TRACEPOINT_OPEN -> fd=334 errno=0
[51.782964 pid=1937 tid=1949] perf_event_open type=8 config=1 config1=140415969802640 config2=0 pid=-1 cpu=0 group_fd=-1 flags=8 kprobe_func=do_init_module kprobe_addr=0 -> fd=335 errno=0
[51.783341 pid=1937 tid=1949] BPF_LINK_CREATE prog_fd=260 target_fd=335 attach_type=41 flags=0
[51.783511 pid=1937 tid=1949] BPF_PERF_EVENT target retained target_fd=335 hold_fd=337 link_fd=336
[51.783624 pid=1937 tid=1949] BPF_TASK_FD_QUERY target_fd=335 attach_type=41 -> ret=0 errno=0 fd_type=3 prog_id=123 probe_offset=0 probe_addr=18446744072488652208 symbol=do_init_module
[51.783732 pid=1937 tid=1949]   LINK_CREATE -> fd=336 errno=0 kernel_link_id=11
[51.783948 pid=1937 tid=1949] PERF_EVENT_IOC_ENABLE event_fd=335
[51.785790 pid=1937 tid=1949] perf_event_open type=8 config=1 config1=140415969802640 config2=0 pid=-1 cpu=0 group_fd=-1 flags=8 kprobe_func=vfs_writev kprobe_addr=0 -> fd=338 errno=0
[51.786072 pid=1937 tid=1949] BPF_LINK_CREATE prog_fd=228 target_fd=338 attach_type=41 flags=0
[51.786179 pid=1937 tid=1949] BPF_PERF_EVENT target retained target_fd=338 hold_fd=340 link_fd=339
[51.786392 pid=1937 tid=1949] BPF_TASK_FD_QUERY target_fd=338 attach_type=41 -> ret=0 errno=0 fd_type=3 prog_id=91 probe_offset=0 probe_addr=18446744072491515552 symbol=vfs_writev
[51.786497 pid=1937 tid=1949]   LINK_CREATE -> fd=339 errno=0 kernel_link_id=12
[51.786625 pid=1937 tid=1949] PERF_EVENT_IOC_ENABLE event_fd=338
[51.789417 pid=1937 tid=1949] perf_event_open type=8 config=0 config1=140415969802640 config2=0 pid=-1 cpu=0 group_fd=-1 flags=8 kprobe_func=debugfs_create_dir kprobe_addr=0 -> fd=341 errno=0
[51.789574 pid=1937 tid=1949] BPF_LINK_CREATE prog_fd=212 target_fd=341 attach_type=41 flags=0
[51.789838 pid=1937 tid=1949] BPF_PERF_EVENT target retained target_fd=341 hold_fd=343 link_fd=342
[51.790154 pid=1937 tid=1949] BPF_TASK_FD_QUERY target_fd=341 attach_type=41 -> ret=0 errno=0 fd_type=2 prog_id=75 probe_offset=0 probe_addr=18446744072494239600 symbol=debugfs_create_dir
[51.790448 pid=1937 tid=1949]   LINK_CREATE -> fd=342 errno=0 kernel_link_id=13
[51.790711 pid=1937 tid=1949] PERF_EVENT_IOC_ENABLE event_fd=341
[51.791103 pid=1937 tid=1949] perf_event_open type=8 config=1 config1=140415969802640 config2=0 pid=-1 cpu=0 group_fd=-1 flags=8 kprobe_func=kallsyms_lookup_name kprobe_addr=0 -> fd=344 errno=0
[51.791216 pid=1937 tid=1949] BPF_LINK_CREATE prog_fd=266 target_fd=344 attach_type=41 flags=0
[51.791486 pid=1937 tid=1949] BPF_PERF_EVENT target retained target_fd=344 hold_fd=346 link_fd=345
[51.791867 pid=1937 tid=1949] BPF_TASK_FD_QUERY target_fd=344 attach_type=41 -> ret=0 errno=0 fd_type=3 prog_id=129 probe_offset=0 probe_addr=18446744072488860880 symbol=kallsyms_lookup_name
[51.792144 pid=1937 tid=1949]   LINK_CREATE -> fd=345 errno=0 kernel_link_id=14
[51.792355 pid=1937 tid=1949] PERF_EVENT_IOC_ENABLE event_fd=344
[51.794590 pid=1937 tid=1949] perf_event_open type=8 config=0 config1=140416443146992 config2=0 pid=-1 cpu=0 group_fd=-1 flags=8 kprobe_func=security_bprm_creds_for_exec kprobe_addr=0 -> fd=347 errno=0
[51.794841 pid=1937 tid=1949] BPF_LINK_CREATE prog_fd=275 target_fd=347 attach_type=41 flags=0
[51.794975 pid=1937 tid=1949] BPF_PERF_EVENT target retained target_fd=347 hold_fd=349 link_fd=348
[51.795312 pid=1937 tid=1949] BPF_TASK_FD_QUERY target_fd=347 attach_type=41 -> ret=0 errno=0 fd_type=2 prog_id=138 probe_offset=0 probe_addr=18446744072494423424 symbol=security_bprm_creds_for_exec
[51.796142 pid=1937 tid=1949]   LINK_CREATE -> fd=348 errno=0 kernel_link_id=15
[51.796289 pid=1937 tid=1949] PERF_EVENT_IOC_ENABLE event_fd=347
[51.798368 pid=1937 tid=1949] perf_event_open type=8 config=0 config1=140415969823248 config2=0 pid=-1 cpu=0 group_fd=-1 flags=8 kprobe_func=cap_capable kprobe_addr=0 -> fd=350 errno=0
[51.798815 pid=1937 tid=1949] BPF_LINK_CREATE prog_fd=207 target_fd=350 attach_type=41 flags=0
[51.799037 pid=1937 tid=1949] BPF_PERF_EVENT target retained target_fd=350 hold_fd=352 link_fd=351
[51.799249 pid=1937 tid=1949] BPF_TASK_FD_QUERY target_fd=350 attach_type=41 -> ret=0 errno=0 fd_type=2 prog_id=70 probe_offset=0 probe_addr=18446744072494396096 symbol=cap_capable
[51.799403 pid=1937 tid=1949]   LINK_CREATE -> fd=351 errno=0 kernel_link_id=16
[51.799547 pid=1937 tid=1949] PERF_EVENT_IOC_ENABLE event_fd=350
[51.801594 pid=1937 tid=1949] perf_event_open type=8 config=0 config1=140415969823248 config2=0 pid=-1 cpu=0 group_fd=-1 flags=8 kprobe_func=__x64_sys_dup2 kprobe_addr=0 -> fd=353 errno=0
[51.801830 pid=1937 tid=1949] BPF_LINK_CREATE prog_fd=166 target_fd=353 attach_type=41 flags=0
[51.801993 pid=1937 tid=1949] BPF_PERF_EVENT target retained target_fd=353 hold_fd=355 link_fd=354
[51.802580 pid=1937 tid=1949] BPF_TASK_FD_QUERY target_fd=353 attach_type=41 -> ret=0 errno=0 fd_type=2 prog_id=29 probe_offset=0 probe_addr=18446744072491707600 symbol=__x64_sys_dup2
[51.802864 pid=1937 tid=1949]   LINK_CREATE -> fd=354 errno=0 kernel_link_id=17
[51.803241 pid=1937 tid=1949] PERF_EVENT_IOC_ENABLE event_fd=353
[51.805822 pid=1937 tid=1949] perf_event_open type=8 config=0 config1=140415969823248 config2=0 pid=-1 cpu=0 group_fd=-1 flags=8 kprobe_func=__ia32_sys_dup2 kprobe_addr=0 -> fd=356 errno=0
[51.806024 pid=1937 tid=1949] BPF_LINK_CREATE prog_fd=166 target_fd=356 attach_type=41 flags=0
[51.806131 pid=1937 tid=1949] BPF_PERF_EVENT target retained target_fd=356 hold_fd=358 link_fd=357
[51.806302 pid=1937 tid=1949] BPF_TASK_FD_QUERY target_fd=356 attach_type=41 -> ret=0 errno=0 fd_type=2 prog_id=29 probe_offset=0 probe_addr=18446744072491707408 symbol=__ia32_sys_dup2
[51.806454 pid=1937 tid=1949]   LINK_CREATE -> fd=357 errno=0 kernel_link_id=18
[51.806569 pid=1937 tid=1949] PERF_EVENT_IOC_ENABLE event_fd=356
[51.807733 pid=1937 tid=1949] BPF_RAW_TRACEPOINT_OPEN name=module_load prog_fd=257
[51.808130 pid=1937 tid=1949]   RAW_TRACEPOINT_OPEN -> fd=359 errno=0
[51.808238 pid=1937 tid=1949] BPF_RAW_TRACEPOINT_OPEN name=sched_switch prog_fd=192
[51.808643 pid=1937 tid=1949]   RAW_TRACEPOINT_OPEN -> fd=360 errno=0
[51.810643 pid=1937 tid=1949] perf_event_open type=8 config=0 config1=140415969823248 config2=0 pid=-1 cpu=0 group_fd=-1 flags=8 kprobe_func=chmod_common kprobe_addr=0 -> fd=361 errno=0
[51.810811 pid=1937 tid=1949] BPF_LINK_CREATE prog_fd=281 target_fd=361 attach_type=41 flags=0
[51.811067 pid=1937 tid=1949] BPF_PERF_EVENT target retained target_fd=361 hold_fd=363 link_fd=362
[51.811164 pid=1937 tid=1949] BPF_TASK_FD_QUERY target_fd=361 attach_type=41 -> ret=0 errno=0 fd_type=2 prog_id=144 probe_offset=0 probe_addr=18446744072491501344 symbol=chmod_common
[51.811330 pid=1937 tid=1949]   LINK_CREATE -> fd=362 errno=0 kernel_link_id=21
[51.811802 pid=1937 tid=1949] PERF_EVENT_IOC_ENABLE event_fd=361
[51.814009 pid=1937 tid=1949] perf_event_open type=8 config=0 config1=140415969823248 config2=0 pid=-1 cpu=0 group_fd=-1 flags=8 kprobe_func=switch_task_namespaces kprobe_addr=0 -> fd=364 errno=0
[51.814314 pid=1937 tid=1949] BPF_LINK_CREATE prog_fd=206 target_fd=364 attach_type=41 flags=0
[51.814746 pid=1937 tid=1949] BPF_PERF_EVENT target retained target_fd=364 hold_fd=366 link_fd=365
[51.814907 pid=1937 tid=1949] BPF_TASK_FD_QUERY target_fd=364 attach_type=41 -> ret=0 errno=0 fd_type=2 prog_id=69 probe_offset=0 probe_addr=18446744072487926016 symbol=switch_task_namespaces
[51.815162 pid=1937 tid=1949]   LINK_CREATE -> fd=365 errno=0 kernel_link_id=22
[51.815270 pid=1937 tid=1949] PERF_EVENT_IOC_ENABLE event_fd=364
[51.816025 pid=1937 tid=1949] BPF_RAW_TRACEPOINT_OPEN name=sched_process_exec prog_fd=186
[51.816280 pid=1937 tid=1949]   RAW_TRACEPOINT_OPEN -> fd=367 errno=0
[51.816451 pid=1937 tid=1949] BPF_RAW_TRACEPOINT_OPEN name=sys_exit prog_fd=66
[51.816639 pid=1937 tid=1949]   RAW_TRACEPOINT_OPEN -> fd=368 errno=0
[51.819326 pid=1937 tid=1949] perf_event_open type=8 config=0 config1=140415969823248 config2=0 pid=-1 cpu=0 group_fd=-1 flags=8 kprobe_func=security_inode_unlink kprobe_addr=0 -> fd=369 errno=0
[51.819483 pid=1937 tid=1949] BPF_LINK_CREATE prog_fd=204 target_fd=369 attach_type=41 flags=0
[51.819626 pid=1937 tid=1949] BPF_PERF_EVENT target retained target_fd=369 hold_fd=371 link_fd=370
[51.819741 pid=1937 tid=1949] BPF_TASK_FD_QUERY target_fd=369 attach_type=41 -> ret=0 errno=0 fd_type=2 prog_id=67 probe_offset=0 probe_addr=18446744072494429744 symbol=security_inode_unlink
[51.819838 pid=1937 tid=1949]   LINK_CREATE -> fd=370 errno=0 kernel_link_id=25
[51.820089 pid=1937 tid=1949] PERF_EVENT_IOC_ENABLE event_fd=369
[51.890527 pid=1937 tid=1949] perf_event_open type=9 config=0 config1=140415969823248 config2=28912448 pid=-1 cpu=0 group_fd=-1 flags=8 uprobe_path=/proc/self/exe probe_offset=28912448 -> fd=373 errno=0
[51.891556 pid=1937 tid=1949] BPF_LINK_CREATE prog_fd=180 target_fd=373 attach_type=41 flags=0
[51.892192 pid=1937 tid=1949] BPF_PERF_EVENT target retained target_fd=373 hold_fd=375 link_fd=374
[51.892597 pid=1937 tid=1949] BPF_TASK_FD_QUERY target_fd=373 attach_type=41 -> ret=0 errno=0 fd_type=4 prog_id=43 probe_offset=28912448 probe_addr=0 symbol=/proc/self/exe
[51.893400 pid=1937 tid=1949]   LINK_CREATE -> fd=374 errno=0 kernel_link_id=26
[51.893998 pid=1937 tid=1949] PERF_EVENT_IOC_ENABLE event_fd=373
[51.900718 pid=1937 tid=1949] perf_event_open type=8 config=0 config1=140416443146992 config2=0 pid=-1 cpu=0 group_fd=-1 flags=8 kprobe_func=security_kernel_read_file kprobe_addr=0 -> fd=372 errno=0
[51.901180 pid=1937 tid=1949] BPF_LINK_CREATE prog_fd=249 target_fd=372 attach_type=41 flags=0
[51.901704 pid=1937 tid=1949] BPF_PERF_EVENT target retained target_fd=372 hold_fd=377 link_fd=376
[51.902133 pid=1937 tid=1949] BPF_TASK_FD_QUERY target_fd=372 attach_type=41 -> ret=0 errno=0 fd_type=2 prog_id=112 probe_offset=0 probe_addr=18446744072494407040 symbol=security_kernel_read_file
[51.902244 pid=1937 tid=1949]   LINK_CREATE -> fd=376 errno=0 kernel_link_id=27
[51.902719 pid=1937 tid=1949] PERF_EVENT_IOC_ENABLE event_fd=372
[51.905738 pid=1937 tid=1949] perf_event_open type=8 config=1 config1=140416443146992 config2=0 pid=-1 cpu=0 group_fd=-1 flags=8 kprobe_func=__ia32_compat_sys_execveat kprobe_addr=0 -> fd=378 errno=0
[51.906704 pid=1937 tid=1949] BPF_LINK_CREATE prog_fd=276 target_fd=378 attach_type=41 flags=0
[51.907112 pid=1937 tid=1949] BPF_PERF_EVENT target retained target_fd=378 hold_fd=380 link_fd=379
[51.907539 pid=1937 tid=1949] BPF_TASK_FD_QUERY target_fd=378 attach_type=41 -> ret=0 errno=0 fd_type=3 prog_id=139 probe_offset=0 probe_addr=18446744072491567760 symbol=__ia32_compat_sys_execveat
[51.908187 pid=1937 tid=1949]   LINK_CREATE -> fd=379 errno=0 kernel_link_id=28
[51.908635 pid=1937 tid=1949] PERF_EVENT_IOC_ENABLE event_fd=378
[51.908810 pid=1937 tid=1949] BPF_RAW_TRACEPOINT_OPEN name=sched_process_exec prog_fd=185
[51.909182 pid=1937 tid=1949]   RAW_TRACEPOINT_OPEN -> fd=381 errno=0
[51.909638 pid=1937 tid=1949] BPF_RAW_TRACEPOINT_OPEN name=cgroup_rmdir prog_fd=294
[51.910080 pid=1937 tid=1949]   RAW_TRACEPOINT_OPEN -> fd=382 errno=0
[51.910940 pid=1937 tid=1949] perf_event_open type=8 config=0 config1=140415969830576 config2=0 pid=-1 cpu=0 group_fd=-1 flags=8 kprobe_func=vfs_writev kprobe_addr=0 -> fd=383 errno=0
[51.911257 pid=1937 tid=1949] BPF_LINK_CREATE prog_fd=226 target_fd=383 attach_type=41 flags=0
[51.911581 pid=1937 tid=1949] BPF_PERF_EVENT target retained target_fd=383 hold_fd=385 link_fd=384
[51.911959 pid=1937 tid=1949] BPF_TASK_FD_QUERY target_fd=383 attach_type=41 -> ret=0 errno=0 fd_type=2 prog_id=89 probe_offset=0 probe_addr=18446744072491515552 symbol=vfs_writev
[51.912120 pid=1937 tid=1949]   LINK_CREATE -> fd=384 errno=0 kernel_link_id=31
[51.912783 pid=1937 tid=1949] PERF_EVENT_IOC_ENABLE event_fd=383
[51.915674 pid=1937 tid=1949] perf_event_open type=8 config=0 config1=140415969830576 config2=0 pid=-1 cpu=0 group_fd=-1 flags=8 kprobe_func=inotify_find_inode kprobe_addr=0 -> fd=386 errno=0
[51.915995 pid=1937 tid=1949] BPF_LINK_CREATE prog_fd=271 target_fd=386 attach_type=41 flags=0
[51.916126 pid=1937 tid=1949] BPF_PERF_EVENT target retained target_fd=386 hold_fd=388 link_fd=387
[51.916239 pid=1937 tid=1949] BPF_TASK_FD_QUERY target_fd=386 attach_type=41 -> ret=0 errno=0 fd_type=2 prog_id=134 probe_offset=0 probe_addr=18446744072491970992 symbol=inotify_find_inode
[51.916407 pid=1937 tid=1949]   LINK_CREATE -> fd=387 errno=0 kernel_link_id=32
[51.916703 pid=1937 tid=1949] PERF_EVENT_IOC_ENABLE event_fd=386
[51.919648 pid=1937 tid=1949] perf_event_open type=8 config=1 config1=140415969830576 config2=0 pid=-1 cpu=0 group_fd=-1 flags=8 kprobe_func=__register_chrdev kprobe_addr=0 -> fd=389 errno=0
[51.919839 pid=1937 tid=1949] BPF_LINK_CREATE prog_fd=254 target_fd=389 attach_type=41 flags=0
[51.920314 pid=1937 tid=1949] BPF_PERF_EVENT target retained target_fd=389 hold_fd=391 link_fd=390
[51.920656 pid=1937 tid=1949] BPF_TASK_FD_QUERY target_fd=389 attach_type=41 -> ret=0 errno=0 fd_type=3 prog_id=117 probe_offset=0 probe_addr=18446744072491548384 symbol=__register_chrdev
[51.921041 pid=1937 tid=1949]   LINK_CREATE -> fd=390 errno=0 kernel_link_id=33
[51.921521 pid=1937 tid=1949] PERF_EVENT_IOC_ENABLE event_fd=389
[51.921819 pid=1937 tid=1949] BPF_RAW_TRACEPOINT_OPEN name=sched_process_fork prog_fd=176
[51.922445 pid=1937 tid=1949]   RAW_TRACEPOINT_OPEN -> fd=392 errno=0
[51.925091 pid=1937 tid=1949] perf_event_open type=8 config=0 config1=140415969830576 config2=0 pid=-1 cpu=0 group_fd=-1 flags=8 kprobe_func=security_inode_symlink kprobe_addr=0 -> fd=393 errno=0
[51.925665 pid=1937 tid=1949] BPF_LINK_CREATE prog_fd=209 target_fd=393 attach_type=41 flags=0
[51.925904 pid=1937 tid=1949] BPF_PERF_EVENT target retained target_fd=393 hold_fd=395 link_fd=394
[51.926362 pid=1937 tid=1949] BPF_TASK_FD_QUERY target_fd=393 attach_type=41 -> ret=0 errno=0 fd_type=2 prog_id=72 probe_offset=0 probe_addr=18446744072494429952 symbol=security_inode_symlink
[51.926658 pid=1937 tid=1949]   LINK_CREATE -> fd=394 errno=0 kernel_link_id=35
[51.927308 pid=1937 tid=1949] PERF_EVENT_IOC_ENABLE event_fd=393
[51.929216 pid=1937 tid=1949] perf_event_open type=8 config=0 config1=140415969830576 config2=0 pid=-1 cpu=0 group_fd=-1 flags=8 kprobe_func=vfs_readv kprobe_addr=0 -> fd=396 errno=0
[51.929525 pid=1937 tid=1949] BPF_LINK_CREATE prog_fd=238 target_fd=396 attach_type=41 flags=0
[51.929787 pid=1937 tid=1949] BPF_PERF_EVENT target retained target_fd=396 hold_fd=398 link_fd=397
[51.930049 pid=1937 tid=1949] BPF_TASK_FD_QUERY target_fd=396 attach_type=41 -> ret=0 errno=0 fd_type=2 prog_id=101 probe_offset=0 probe_addr=18446744072491513408 symbol=vfs_readv
[51.930153 pid=1937 tid=1949]   LINK_CREATE -> fd=397 errno=0 kernel_link_id=36
[51.930632 pid=1937 tid=1949] PERF_EVENT_IOC_ENABLE event_fd=396
[51.958254 pid=1937 tid=1949] perf_event_open type=9 config=0 config1=140415969830576 config2=29036448 pid=-1 cpu=0 group_fd=-1 flags=8 uprobe_path=/proc/self/exe probe_offset=29036448 -> fd=400 errno=0
[51.959093 pid=1937 tid=1949] BPF_LINK_CREATE prog_fd=197 target_fd=400 attach_type=41 flags=0
[51.959703 pid=1937 tid=1949] BPF_PERF_EVENT target retained target_fd=400 hold_fd=402 link_fd=401
[51.959983 pid=1937 tid=1949] BPF_TASK_FD_QUERY target_fd=400 attach_type=41 -> ret=0 errno=0 fd_type=4 prog_id=60 probe_offset=29036448 probe_addr=0 symbol=/proc/self/exe
[51.960154 pid=1937 tid=1949]   LINK_CREATE -> fd=401 errno=0 kernel_link_id=37
[51.960342 pid=1937 tid=1949] PERF_EVENT_IOC_ENABLE event_fd=400
[51.965592 pid=1937 tid=1949] perf_event_open type=8 config=1 config1=140415969830576 config2=0 pid=-1 cpu=0 group_fd=-1 flags=8 kprobe_func=do_mmap kprobe_addr=0 -> fd=399 errno=0
[51.966314 pid=1937 tid=1949] BPF_LINK_CREATE prog_fd=243 target_fd=399 attach_type=41 flags=0
[51.967178 pid=1937 tid=1949] BPF_PERF_EVENT target retained target_fd=399 hold_fd=404 link_fd=403
[51.967919 pid=1937 tid=1949] BPF_TASK_FD_QUERY target_fd=399 attach_type=41 -> ret=0 errno=0 fd_type=3 prog_id=106 probe_offset=0 probe_addr=18446744072490720560 symbol=do_mmap
[51.968255 pid=1937 tid=1949]   LINK_CREATE -> fd=403 errno=0 kernel_link_id=38
[51.968763 pid=1937 tid=1949] PERF_EVENT_IOC_ENABLE event_fd=399
[51.972877 pid=1937 tid=1949] perf_event_open type=8 config=0 config1=140415969830576 config2=0 pid=-1 cpu=0 group_fd=-1 flags=8 kprobe_func=security_mmap_file kprobe_addr=0 -> fd=405 errno=0
[51.973874 pid=1937 tid=1949] BPF_LINK_CREATE prog_fd=244 target_fd=405 attach_type=41 flags=0
[51.974286 pid=1937 tid=1949] BPF_PERF_EVENT target retained target_fd=405 hold_fd=407 link_fd=406
[51.974615 pid=1937 tid=1949] BPF_TASK_FD_QUERY target_fd=405 attach_type=41 -> ret=0 errno=0 fd_type=2 prog_id=107 probe_offset=0 probe_addr=18446744072494438256 symbol=security_mmap_file
[51.975131 pid=1937 tid=1949]   LINK_CREATE -> fd=406 errno=0 kernel_link_id=39
[51.975562 pid=1937 tid=1949] PERF_EVENT_IOC_ENABLE event_fd=405
[52.008156 pid=1937 tid=1943] perf_event_open type=9 config=0 config1=140416440791280 config2=28912480 pid=-1 cpu=0 group_fd=-1 flags=8 uprobe_path=/proc/self/exe probe_offset=28912480 -> fd=409 errno=0
[52.008988 pid=1937 tid=1943] BPF_LINK_CREATE prog_fd=179 target_fd=409 attach_type=41 flags=0
[52.009347 pid=1937 tid=1943] BPF_PERF_EVENT target retained target_fd=409 hold_fd=411 link_fd=410
[52.009576 pid=1937 tid=1943] BPF_TASK_FD_QUERY target_fd=409 attach_type=41 -> ret=0 errno=0 fd_type=4 prog_id=42 probe_offset=28912480 probe_addr=0 symbol=/proc/self/exe
[52.009918 pid=1937 tid=1943]   LINK_CREATE -> fd=410 errno=0 kernel_link_id=40
[52.010339 pid=1937 tid=1943] PERF_EVENT_IOC_ENABLE event_fd=409
[52.015890 pid=1937 tid=1943] perf_event_open type=8 config=1 config1=140416440791280 config2=0 pid=-1 cpu=0 group_fd=-1 flags=8 kprobe_func=vfs_write kprobe_addr=0 -> fd=408 errno=0
[52.016809 pid=1937 tid=1943] BPF_LINK_CREATE prog_fd=222 target_fd=408 attach_type=41 flags=0
[52.017275 pid=1937 tid=1943] BPF_PERF_EVENT target retained target_fd=408 hold_fd=413 link_fd=412
[52.018076 pid=1937 tid=1943] BPF_TASK_FD_QUERY target_fd=408 attach_type=41 -> ret=0 errno=0 fd_type=3 prog_id=85 probe_offset=0 probe_addr=18446744072491522976 symbol=vfs_write
[52.018249 pid=1937 tid=1943]   LINK_CREATE -> fd=412 errno=0 kernel_link_id=41
[52.018743 pid=1937 tid=1943] PERF_EVENT_IOC_ENABLE event_fd=408
[52.022039 pid=1937 tid=1943] perf_event_open type=8 config=0 config1=140416440791280 config2=0 pid=-1 cpu=0 group_fd=-1 flags=8 kprobe_func=__x64_sys_dup3 kprobe_addr=0 -> fd=414 errno=0
[52.022642 pid=1937 tid=1943] BPF_LINK_CREATE prog_fd=168 target_fd=414 attach_type=41 flags=0
[52.023290 pid=1937 tid=1943] BPF_PERF_EVENT target retained target_fd=414 hold_fd=416 link_fd=415
[52.023728 pid=1937 tid=1943] BPF_TASK_FD_QUERY target_fd=414 attach_type=41 -> ret=0 errno=0 fd_type=2 prog_id=31 probe_offset=0 probe_addr=18446744072491707312 symbol=__x64_sys_dup3
[52.024092 pid=1937 tid=1943]   LINK_CREATE -> fd=415 errno=0 kernel_link_id=42
[52.024561 pid=1937 tid=1943] PERF_EVENT_IOC_ENABLE event_fd=414
[52.028103 pid=1937 tid=1943] perf_event_open type=8 config=0 config1=140416440791280 config2=0 pid=-1 cpu=0 group_fd=-1 flags=8 kprobe_func=__ia32_sys_dup3 kprobe_addr=0 -> fd=417 errno=0
[52.028515 pid=1937 tid=1943] BPF_LINK_CREATE prog_fd=168 target_fd=417 attach_type=41 flags=0
[52.029144 pid=1937 tid=1943] BPF_PERF_EVENT target retained target_fd=417 hold_fd=419 link_fd=418
[52.029913 pid=1937 tid=1943] BPF_TASK_FD_QUERY target_fd=417 attach_type=41 -> ret=0 errno=0 fd_type=2 prog_id=31 probe_offset=0 probe_addr=18446744072491707360 symbol=__ia32_sys_dup3
[52.030321 pid=1937 tid=1943]   LINK_CREATE -> fd=418 errno=0 kernel_link_id=43
[52.030623 pid=1937 tid=1943] PERF_EVENT_IOC_ENABLE event_fd=417
[52.035326 pid=1937 tid=1943] perf_event_open type=8 config=0 config1=140416440791280 config2=0 pid=-1 cpu=0 group_fd=-1 flags=8 kprobe_func=call_usermodehelper kprobe_addr=0 -> fd=420 errno=0
[52.036398 pid=1937 tid=1943] BPF_LINK_CREATE prog_fd=194 target_fd=420 attach_type=41 flags=0
[52.036825 pid=1937 tid=1943] BPF_PERF_EVENT target retained target_fd=420 hold_fd=422 link_fd=421
[52.037153 pid=1937 tid=1943] BPF_TASK_FD_QUERY target_fd=420 attach_type=41 -> ret=0 errno=0 fd_type=2 prog_id=57 probe_offset=0 probe_addr=18446744072487827728 symbol=call_usermodehelper
[52.037594 pid=1937 tid=1943]   LINK_CREATE -> fd=421 errno=0 kernel_link_id=44
[52.038065 pid=1937 tid=1943] PERF_EVENT_IOC_ENABLE event_fd=420
[52.041612 pid=1937 tid=1943] perf_event_open type=8 config=0 config1=140416440791280 config2=18446744072492148320 pid=-1 cpu=0 group_fd=-1 flags=8 kprobe_func= kprobe_addr=18446744072492148320 -> fd=423 errno=0
[52.041949 pid=1937 tid=1943] BPF_LINK_CREATE prog_fd=261 target_fd=423 attach_type=41 flags=0
[52.042459 pid=1937 tid=1943] BPF_PERF_EVENT target retained target_fd=423 hold_fd=425 link_fd=424
[52.042863 pid=1937 tid=1943] BPF_TASK_FD_QUERY target_fd=423 attach_type=41 -> ret=0 errno=0 fd_type=2 prog_id=124 probe_offset=0 probe_addr=18446744072492148320 symbol=
[52.043212 pid=1937 tid=1943]   LINK_CREATE -> fd=424 errno=0 kernel_link_id=45
[52.043891 pid=1937 tid=1943] PERF_EVENT_IOC_ENABLE event_fd=423
[52.046427 pid=1937 tid=1943] perf_event_open type=8 config=0 config1=140416440791280 config2=18446744072492137344 pid=-1 cpu=0 group_fd=-1 flags=8 kprobe_func= kprobe_addr=18446744072492137344 -> fd=426 errno=0
[52.046712 pid=1937 tid=1943] BPF_LINK_CREATE prog_fd=261 target_fd=426 attach_type=41 flags=0
[52.047071 pid=1937 tid=1943] BPF_PERF_EVENT target retained target_fd=426 hold_fd=428 link_fd=427
[52.047558 pid=1937 tid=1943] BPF_TASK_FD_QUERY target_fd=426 attach_type=41 -> ret=0 errno=0 fd_type=2 prog_id=124 probe_offset=0 probe_addr=18446744072492137344 symbol=
[52.047725 pid=1937 tid=1943]   LINK_CREATE -> fd=427 errno=0 kernel_link_id=46
[52.048123 pid=1937 tid=1943] PERF_EVENT_IOC_ENABLE event_fd=426
[52.048946 pid=1937 tid=1943] BPF_RAW_TRACEPOINT_OPEN name=sched_process_free prog_fd=190
[52.049421 pid=1937 tid=1943]   RAW_TRACEPOINT_OPEN -> fd=429 errno=0
[52.053199 pid=1937 tid=1943] perf_event_open type=8 config=0 config1=140416440791280 config2=0 pid=-1 cpu=0 group_fd=-1 flags=8 kprobe_func=security_inode_mknod kprobe_addr=0 -> fd=430 errno=0
[52.053658 pid=1937 tid=1943] BPF_LINK_CREATE prog_fd=251 target_fd=430 attach_type=41 flags=0
[52.054027 pid=1937 tid=1943] BPF_PERF_EVENT target retained target_fd=430 hold_fd=432 link_fd=431
[52.054709 pid=1937 tid=1943] BPF_TASK_FD_QUERY target_fd=430 attach_type=41 -> ret=0 errno=0 fd_type=2 prog_id=114 probe_offset=0 probe_addr=18446744072494430400 symbol=security_inode_mknod
[52.055455 pid=1937 tid=1943]   LINK_CREATE -> fd=431 errno=0 kernel_link_id=48
[52.056277 pid=1937 tid=1943] PERF_EVENT_IOC_ENABLE event_fd=430
[52.059217 pid=1937 tid=1943] perf_event_open type=8 config=0 config1=140416440791280 config2=0 pid=-1 cpu=0 group_fd=-1 flags=8 kprobe_func=vfs_read kprobe_addr=0 -> fd=433 errno=0
[52.059496 pid=1937 tid=1943] BPF_LINK_CREATE prog_fd=235 target_fd=433 attach_type=41 flags=0
[52.059729 pid=1937 tid=1943] BPF_PERF_EVENT target retained target_fd=433 hold_fd=435 link_fd=434
[52.060131 pid=1937 tid=1943] BPF_TASK_FD_QUERY target_fd=433 attach_type=41 -> ret=0 errno=0 fd_type=2 prog_id=98 probe_offset=0 probe_addr=18446744072491520512 symbol=vfs_read
[52.060657 pid=1937 tid=1943]   LINK_CREATE -> fd=434 errno=0 kernel_link_id=49
[52.061014 pid=1937 tid=1943] PERF_EVENT_IOC_ENABLE event_fd=433
[52.061275 pid=1937 tid=1943] BPF_RAW_TRACEPOINT_OPEN name=cgroup_rmdir prog_fd=200
[52.061691 pid=1937 tid=1943]   RAW_TRACEPOINT_OPEN -> fd=436 errno=0
[52.062477 pid=1937 tid=1943] perf_event_open type=8 config=0 config1=140416440791280 config2=0 pid=-1 cpu=0 group_fd=-1 flags=8 kprobe_func=vfs_write kprobe_addr=0 -> fd=437 errno=0
[52.062806 pid=1937 tid=1943] BPF_LINK_CREATE prog_fd=221 target_fd=437 attach_type=41 flags=0
[52.063071 pid=1937 tid=1943] BPF_PERF_EVENT target retained target_fd=437 hold_fd=439 link_fd=438
[52.063754 pid=1937 tid=1943] BPF_TASK_FD_QUERY target_fd=437 attach_type=41 -> ret=0 errno=0 fd_type=2 prog_id=84 probe_offset=0 probe_addr=18446744072491522976 symbol=vfs_write
[52.064675 pid=1937 tid=1943]   LINK_CREATE -> fd=438 errno=0 kernel_link_id=51
[52.064849 pid=1937 tid=1943] PERF_EVENT_IOC_ENABLE event_fd=437
[52.065210 pid=1937 tid=1943] BPF_RAW_TRACEPOINT_OPEN name=sys_enter prog_fd=75
[52.066695 pid=1937 tid=1943]   RAW_TRACEPOINT_OPEN -> fd=440 errno=0
[52.069939 pid=1937 tid=1943] perf_event_open type=8 config=0 config1=140416440791280 config2=0 pid=-1 cpu=0 group_fd=-1 flags=8 kprobe_func=set_fs_pwd kprobe_addr=0 -> fd=441 errno=0
[52.070157 pid=1937 tid=1943] BPF_LINK_CREATE prog_fd=278 target_fd=441 attach_type=41 flags=0
[52.070523 pid=1937 tid=1943] BPF_PERF_EVENT target retained target_fd=441 hold_fd=443 link_fd=442
[52.070998 pid=1937 tid=1943] BPF_TASK_FD_QUERY target_fd=441 attach_type=41 -> ret=0 errno=0 fd_type=2 prog_id=141 probe_offset=0 probe_addr=18446744072491875456 symbol=set_fs_pwd
[52.071442 pid=1937 tid=1943]   LINK_CREATE -> fd=442 errno=0 kernel_link_id=53
[52.071543 pid=1937 tid=1943] PERF_EVENT_IOC_ENABLE event_fd=441
[52.075559 pid=1937 tid=1943] perf_event_open type=8 config=0 config1=140416440791280 config2=0 pid=-1 cpu=0 group_fd=-1 flags=8 kprobe_func=security_bprm_check kprobe_addr=0 -> fd=444 errno=0
[52.075977 pid=1937 tid=1943] BPF_LINK_CREATE prog_fd=201 target_fd=444 attach_type=41 flags=0
[52.076250 pid=1937 tid=1943] BPF_PERF_EVENT target retained target_fd=444 hold_fd=446 link_fd=445
[52.077135 pid=1937 tid=1943] BPF_TASK_FD_QUERY target_fd=444 attach_type=41 -> ret=0 errno=0 fd_type=2 prog_id=64 probe_offset=0 probe_addr=18446744072494423792 symbol=security_bprm_check
[52.077559 pid=1937 tid=1943]   LINK_CREATE -> fd=445 errno=0 kernel_link_id=54
[52.077879 pid=1937 tid=1943] PERF_EVENT_IOC_ENABLE event_fd=444
[52.081684 pid=1937 tid=1943] perf_event_open type=8 config=0 config1=140416440736256 config2=0 pid=-1 cpu=0 group_fd=-1 flags=8 kprobe_func=security_socket_setsockopt kprobe_addr=0 -> fd=447 errno=0
[52.081895 pid=1937 tid=1943] BPF_LINK_CREATE prog_fd=217 target_fd=447 attach_type=41 flags=0
[52.082075 pid=1937 tid=1943] BPF_PERF_EVENT target retained target_fd=447 hold_fd=449 link_fd=448
[52.082213 pid=1937 tid=1943] BPF_TASK_FD_QUERY target_fd=447 attach_type=41 -> ret=0 errno=0 fd_type=2 prog_id=80 probe_offset=0 probe_addr=18446744072494454304 symbol=security_socket_setsockopt
[52.082742 pid=1937 tid=1943]   LINK_CREATE -> fd=448 errno=0 kernel_link_id=55
[52.082901 pid=1937 tid=1943] PERF_EVENT_IOC_ENABLE event_fd=447
[52.086835 pid=1937 tid=1943] perf_event_open type=8 config=0 config1=140416440691504 config2=0 pid=-1 cpu=0 group_fd=-1 flags=8 kprobe_func=security_socket_connect kprobe_addr=0 -> fd=450 errno=0
[52.087248 pid=1937 tid=1943] BPF_LINK_CREATE prog_fd=214 target_fd=450 attach_type=41 flags=0
[52.087610 pid=1937 tid=1943] BPF_PERF_EVENT target retained target_fd=450 hold_fd=452 link_fd=451
[52.087829 pid=1937 tid=1943] BPF_TASK_FD_QUERY target_fd=450 attach_type=41 -> ret=0 errno=0 fd_type=2 prog_id=77 probe_offset=0 probe_addr=18446744072494452560 symbol=security_socket_connect
[52.088311 pid=1937 tid=1943]   LINK_CREATE -> fd=451 errno=0 kernel_link_id=56
[52.088900 pid=1937 tid=1943] PERF_EVENT_IOC_ENABLE event_fd=450
[52.092469 pid=1937 tid=1943] perf_event_open type=8 config=0 config1=140416440691504 config2=0 pid=-1 cpu=0 group_fd=-1 flags=8 kprobe_func=security_socket_create kprobe_addr=0 -> fd=453 errno=0
[52.093096 pid=1937 tid=1943] BPF_LINK_CREATE prog_fd=208 target_fd=453 attach_type=41 flags=0
[52.093332 pid=1937 tid=1943] BPF_PERF_EVENT target retained target_fd=453 hold_fd=455 link_fd=454
[52.093694 pid=1937 tid=1943] BPF_TASK_FD_QUERY target_fd=453 attach_type=41 -> ret=0 errno=0 fd_type=2 prog_id=71 probe_offset=0 probe_addr=18446744072494451760 symbol=security_socket_create
[52.093991 pid=1937 tid=1943]   LINK_CREATE -> fd=454 errno=0 kernel_link_id=57
[52.094655 pid=1937 tid=1943] PERF_EVENT_IOC_ENABLE event_fd=453
[52.098606 pid=1937 tid=1943] perf_event_open type=8 config=0 config1=140416440691504 config2=0 pid=-1 cpu=0 group_fd=-1 flags=8 kprobe_func=security_file_open kprobe_addr=0 -> fd=456 errno=0
[52.098913 pid=1937 tid=1943] BPF_LINK_CREATE prog_fd=202 target_fd=456 attach_type=41 flags=0
[52.099031 pid=1937 tid=1943] BPF_PERF_EVENT target retained target_fd=456 hold_fd=458 link_fd=457
[52.099272 pid=1937 tid=1943] BPF_TASK_FD_QUERY target_fd=456 attach_type=41 -> ret=0 errno=0 fd_type=2 prog_id=65 probe_offset=0 probe_addr=18446744072494440496 symbol=security_file_open
[52.099899 pid=1937 tid=1943]   LINK_CREATE -> fd=457 errno=0 kernel_link_id=58
[52.100177 pid=1937 tid=1943] PERF_EVENT_IOC_ENABLE event_fd=456
[52.105004 pid=1937 tid=1943] perf_event_open type=8 config=0 config1=140416440691504 config2=0 pid=-1 cpu=0 group_fd=-1 flags=8 kprobe_func=security_inode_rename kprobe_addr=0 -> fd=459 errno=0
[52.105230 pid=1937 tid=1943] BPF_LINK_CREATE prog_fd=264 target_fd=459 attach_type=41 flags=0
[52.105490 pid=1937 tid=1943] BPF_PERF_EVENT target retained target_fd=459 hold_fd=461 link_fd=460
[52.106061 pid=1937 tid=1943] BPF_TASK_FD_QUERY target_fd=459 attach_type=41 -> ret=0 errno=0 fd_type=2 prog_id=127 probe_offset=0 probe_addr=18446744072494430688 symbol=security_inode_rename
[52.106488 pid=1937 tid=1943]   LINK_CREATE -> fd=460 errno=0 kernel_link_id=59
[52.106635 pid=1937 tid=1943] PERF_EVENT_IOC_ENABLE event_fd=459
[52.107489 pid=1937 tid=1943] perf_event_open type=8 config=1 config1=140416440691504 config2=0 pid=-1 cpu=0 group_fd=-1 flags=8 kprobe_func=__x64_sys_dup3 kprobe_addr=0 -> fd=462 errno=0
[52.107610 pid=1937 tid=1943] BPF_LINK_CREATE prog_fd=169 target_fd=462 attach_type=41 flags=0
[52.107942 pid=1937 tid=1943] BPF_PERF_EVENT target retained target_fd=462 hold_fd=464 link_fd=463
[52.108116 pid=1937 tid=1943] BPF_TASK_FD_QUERY target_fd=462 attach_type=41 -> ret=0 errno=0 fd_type=3 prog_id=32 probe_offset=0 probe_addr=18446744072491707312 symbol=__x64_sys_dup3
[52.108415 pid=1937 tid=1943]   LINK_CREATE -> fd=463 errno=0 kernel_link_id=60
[52.108653 pid=1937 tid=1943] PERF_EVENT_IOC_ENABLE event_fd=462
[52.109648 pid=1937 tid=1943] perf_event_open type=8 config=1 config1=140416440691504 config2=0 pid=-1 cpu=0 group_fd=-1 flags=8 kprobe_func=__ia32_sys_dup3 kprobe_addr=0 -> fd=465 errno=0
[52.110222 pid=1937 tid=1943] BPF_LINK_CREATE prog_fd=169 target_fd=465 attach_type=41 flags=0
[52.110366 pid=1937 tid=1943] BPF_PERF_EVENT target retained target_fd=465 hold_fd=467 link_fd=466
[52.110600 pid=1937 tid=1943] BPF_TASK_FD_QUERY target_fd=465 attach_type=41 -> ret=0 errno=0 fd_type=3 prog_id=32 probe_offset=0 probe_addr=18446744072491707360 symbol=__ia32_sys_dup3
[52.110800 pid=1937 tid=1943]   LINK_CREATE -> fd=466 errno=0 kernel_link_id=61
[52.110903 pid=1937 tid=1943] PERF_EVENT_IOC_ENABLE event_fd=465
[52.112819 pid=1937 tid=1943] perf_event_open type=8 config=1 config1=140416440691504 config2=0 pid=-1 cpu=0 group_fd=-1 flags=8 kprobe_func=vfs_read kprobe_addr=0 -> fd=468 errno=0
[52.113064 pid=1937 tid=1943] BPF_LINK_CREATE prog_fd=236 target_fd=468 attach_type=41 flags=0
[52.113798 pid=1937 tid=1943] BPF_PERF_EVENT target retained target_fd=468 hold_fd=470 link_fd=469
[52.113928 pid=1937 tid=1943] BPF_TASK_FD_QUERY target_fd=468 attach_type=41 -> ret=0 errno=0 fd_type=3 prog_id=99 probe_offset=0 probe_addr=18446744072491520512 symbol=vfs_read
[52.114172 pid=1937 tid=1943]   LINK_CREATE -> fd=469 errno=0 kernel_link_id=62
[52.114634 pid=1937 tid=1943] PERF_EVENT_IOC_ENABLE event_fd=468
[52.115589 pid=1937 tid=1943] perf_event_open type=8 config=1 config1=140416440691504 config2=0 pid=-1 cpu=0 group_fd=-1 flags=8 kprobe_func=vfs_writev kprobe_addr=0 -> fd=471 errno=0
[52.115844 pid=1937 tid=1943] BPF_LINK_CREATE prog_fd=227 target_fd=471 attach_type=41 flags=0
[52.116006 pid=1937 tid=1943] BPF_PERF_EVENT target retained target_fd=471 hold_fd=473 link_fd=472
[52.116923 pid=1937 tid=1943] BPF_TASK_FD_QUERY target_fd=471 attach_type=41 -> ret=0 errno=0 fd_type=3 prog_id=90 probe_offset=0 probe_addr=18446744072491515552 symbol=vfs_writev
[52.117088 pid=1937 tid=1943]   LINK_CREATE -> fd=472 errno=0 kernel_link_id=63
[52.117495 pid=1937 tid=1943] PERF_EVENT_IOC_ENABLE event_fd=471
[52.121315 pid=1937 tid=1943] perf_event_open type=8 config=0 config1=140416440691504 config2=0 pid=-1 cpu=0 group_fd=-1 flags=8 kprobe_func=security_socket_sendmsg kprobe_addr=0 -> fd=474 errno=0
[52.121471 pid=1937 tid=1943] BPF_LINK_CREATE prog_fd=289 target_fd=474 attach_type=41 flags=0
[52.121959 pid=1937 tid=1943] BPF_PERF_EVENT target retained target_fd=474 hold_fd=476 link_fd=475
[52.122793 pid=1937 tid=1943] BPF_TASK_FD_QUERY target_fd=474 attach_type=41 -> ret=0 errno=0 fd_type=2 prog_id=152 probe_offset=0 probe_addr=18446744072494453184 symbol=security_socket_sendmsg
[52.123070 pid=1937 tid=1943]   LINK_CREATE -> fd=475 errno=0 kernel_link_id=64
[52.123342 pid=1937 tid=1943] PERF_EVENT_IOC_ENABLE event_fd=474
[52.126807 pid=1937 tid=1943] perf_event_open type=8 config=1 config1=140416440691504 config2=0 pid=-1 cpu=0 group_fd=-1 flags=8 kprobe_func=__x64_sys_execve kprobe_addr=0 -> fd=477 errno=0
[52.127030 pid=1937 tid=1943] BPF_LINK_CREATE prog_fd=276 target_fd=477 attach_type=41 flags=0
[52.127325 pid=1937 tid=1943] BPF_PERF_EVENT target retained target_fd=477 hold_fd=479 link_fd=478
[52.127506 pid=1937 tid=1943] BPF_TASK_FD_QUERY target_fd=477 attach_type=41 -> ret=0 errno=0 fd_type=3 prog_id=139 probe_offset=0 probe_addr=18446744072491568320 symbol=__x64_sys_execve
[52.128013 pid=1937 tid=1943]   LINK_CREATE -> fd=478 errno=0 kernel_link_id=65
[52.128287 pid=1937 tid=1943] PERF_EVENT_IOC_ENABLE event_fd=477
[52.131778 pid=1937 tid=1943] perf_event_open type=8 config=0 config1=140416440691504 config2=0 pid=-1 cpu=0 group_fd=-1 flags=8 kprobe_func=__kernel_write kprobe_addr=0 -> fd=480 errno=0
[52.132531 pid=1937 tid=1943] BPF_LINK_CREATE prog_fd=230 target_fd=480 attach_type=41 flags=0
[52.132781 pid=1937 tid=1943] BPF_PERF_EVENT target retained target_fd=480 hold_fd=482 link_fd=481
[52.132990 pid=1937 tid=1943] BPF_TASK_FD_QUERY target_fd=480 attach_type=41 -> ret=0 errno=0 fd_type=2 prog_id=93 probe_offset=0 probe_addr=18446744072491522416 symbol=__kernel_write
[52.133178 pid=1937 tid=1943]   LINK_CREATE -> fd=481 errno=0 kernel_link_id=66
[52.133352 pid=1937 tid=1943] PERF_EVENT_IOC_ENABLE event_fd=480
[52.137231 pid=1937 tid=1943] perf_event_open type=8 config=0 config1=140416440691504 config2=0 pid=-1 cpu=0 group_fd=-1 flags=8 kprobe_func=security_file_mprotect kprobe_addr=0 -> fd=483 errno=0
[52.137625 pid=1937 tid=1943] BPF_LINK_CREATE prog_fd=245 target_fd=483 attach_type=41 flags=0
[52.137808 pid=1937 tid=1943] BPF_PERF_EVENT target retained target_fd=483 hold_fd=485 link_fd=484
[52.137973 pid=1937 tid=1943] BPF_TASK_FD_QUERY target_fd=483 attach_type=41 -> ret=0 errno=0 fd_type=2 prog_id=108 probe_offset=0 probe_addr=18446744072494439280 symbol=security_file_mprotect
[52.138101 pid=1937 tid=1943]   LINK_CREATE -> fd=484 errno=0 kernel_link_id=67
[52.138744 pid=1937 tid=1943] PERF_EVENT_IOC_ENABLE event_fd=483
[52.139515 pid=1937 tid=1943] perf_event_open type=8 config=1 config1=140416440691504 config2=0 pid=-1 cpu=0 group_fd=-1 flags=8 kprobe_func=vfs_readv kprobe_addr=0 -> fd=486 errno=0
[52.139699 pid=1937 tid=1943] BPF_LINK_CREATE prog_fd=239 target_fd=486 attach_type=41 flags=0
[52.140095 pid=1937 tid=1943] BPF_PERF_EVENT target retained target_fd=486 hold_fd=488 link_fd=487
[52.140335 pid=1937 tid=1943] BPF_TASK_FD_QUERY target_fd=486 attach_type=41 -> ret=0 errno=0 fd_type=3 prog_id=102 probe_offset=0 probe_addr=18446744072491513408 symbol=vfs_readv
[52.140493 pid=1937 tid=1943]   LINK_CREATE -> fd=487 errno=0 kernel_link_id=68
[52.140604 pid=1937 tid=1943] PERF_EVENT_IOC_ENABLE event_fd=486
[52.141206 pid=1937 tid=1943] BPF_RAW_TRACEPOINT_OPEN name=module_free prog_fd=258
[52.141623 pid=1937 tid=1943]   RAW_TRACEPOINT_OPEN -> fd=489 errno=0
[52.145016 pid=1937 tid=1943] perf_event_open type=8 config=1 config1=140416440691504 config2=0 pid=-1 cpu=0 group_fd=-1 flags=8 kprobe_func=register_kprobe kprobe_addr=0 -> fd=490 errno=0
[52.145553 pid=1937 tid=1943] BPF_LINK_CREATE prog_fd=248 target_fd=490 attach_type=41 flags=0
[52.145747 pid=1937 tid=1943] BPF_PERF_EVENT target retained target_fd=490 hold_fd=492 link_fd=491
[52.145979 pid=1937 tid=1943] BPF_TASK_FD_QUERY target_fd=490 attach_type=41 -> ret=0 errno=0 fd_type=3 prog_id=111 probe_offset=0 probe_addr=18446744072489088592 symbol=register_kprobe
[52.146152 pid=1937 tid=1943]   LINK_CREATE -> fd=491 errno=0 kernel_link_id=70
[52.146303 pid=1937 tid=1943] PERF_EVENT_IOC_ENABLE event_fd=490
[52.148733 pid=1937 tid=1943] perf_event_open type=8 config=0 config1=140416440691504 config2=0 pid=-1 cpu=0 group_fd=-1 flags=8 kprobe_func=__x64_sys_dup kprobe_addr=0 -> fd=493 errno=0
[52.148948 pid=1937 tid=1943] BPF_LINK_CREATE prog_fd=164 target_fd=493 attach_type=41 flags=0
[52.149135 pid=1937 tid=1943] BPF_PERF_EVENT target retained target_fd=493 hold_fd=495 link_fd=494
[52.149281 pid=1937 tid=1943] BPF_TASK_FD_QUERY target_fd=493 attach_type=41 -> ret=0 errno=0 fd_type=2 prog_id=27 probe_offset=0 probe_addr=18446744072491706544 symbol=__x64_sys_dup
[52.149420 pid=1937 tid=1943]   LINK_CREATE -> fd=494 errno=0 kernel_link_id=71
[52.149571 pid=1937 tid=1943] PERF_EVENT_IOC_ENABLE event_fd=493
[52.152214 pid=1937 tid=1943] perf_event_open type=8 config=0 config1=140416440691504 config2=0 pid=-1 cpu=0 group_fd=-1 flags=8 kprobe_func=__ia32_sys_dup kprobe_addr=0 -> fd=496 errno=0
[52.152395 pid=1937 tid=1943] BPF_LINK_CREATE prog_fd=164 target_fd=496 attach_type=41 flags=0
[52.152501 pid=1937 tid=1943] BPF_PERF_EVENT target retained target_fd=496 hold_fd=498 link_fd=497
[52.152599 pid=1937 tid=1943] BPF_TASK_FD_QUERY target_fd=496 attach_type=41 -> ret=0 errno=0 fd_type=2 prog_id=27 probe_offset=0 probe_addr=18446744072491706304 symbol=__ia32_sys_dup
[52.152803 pid=1937 tid=1943]   LINK_CREATE -> fd=497 errno=0 kernel_link_id=72
[52.152901 pid=1937 tid=1943] PERF_EVENT_IOC_ENABLE event_fd=496
[52.156021 pid=1937 tid=1943] perf_event_open type=8 config=0 config1=140416440736256 config2=0 pid=-1 cpu=0 group_fd=-1 flags=8 kprobe_func=__cgroup_bpf_run_filter_skb kprobe_addr=0 -> fd=499 errno=0
[52.156267 pid=1937 tid=1943] BPF_LINK_CREATE prog_fd=290 target_fd=499 attach_type=41 flags=0
[52.156440 pid=1937 tid=1943] BPF_PERF_EVENT target retained target_fd=499 hold_fd=501 link_fd=500
[52.157001 pid=1937 tid=1943] BPF_TASK_FD_QUERY target_fd=499 attach_type=41 -> ret=0 errno=0 fd_type=2 prog_id=153 probe_offset=0 probe_addr=18446744072490057040 symbol=__cgroup_bpf_run_filter_skb
[52.157517 pid=1937 tid=1943]   LINK_CREATE -> fd=500 errno=0 kernel_link_id=73
[52.157687 pid=1937 tid=1943] PERF_EVENT_IOC_ENABLE event_fd=499
[52.160341 pid=1937 tid=1943] perf_event_open type=8 config=0 config1=140416440765584 config2=0 pid=-1 cpu=0 group_fd=-1 flags=8 kprobe_func=exec_binprm kprobe_addr=0 -> fd=502 errno=0
[52.160610 pid=1937 tid=1943] BPF_LINK_CREATE prog_fd=274 target_fd=502 attach_type=41 flags=0
[52.161112 pid=1937 tid=1943] BPF_PERF_EVENT target retained target_fd=502 hold_fd=504 link_fd=503
[52.161274 pid=1937 tid=1943] BPF_TASK_FD_QUERY target_fd=502 attach_type=41 -> ret=0 errno=0 fd_type=2 prog_id=137 probe_offset=0 probe_addr=18446744072491559760 symbol=exec_binprm
[52.161433 pid=1937 tid=1943]   LINK_CREATE -> fd=503 errno=0 kernel_link_id=74
[52.161561 pid=1937 tid=1943] PERF_EVENT_IOC_ENABLE event_fd=502
[52.165038 pid=1937 tid=1943] perf_event_open type=8 config=0 config1=140416440736256 config2=0 pid=-1 cpu=0 group_fd=-1 flags=8 kprobe_func=__x64_sys_process_vm_writev kprobe_addr=0 -> fd=505 errno=0
[52.165430 pid=1937 tid=1943] BPF_LINK_CREATE prog_fd=87 target_fd=505 attach_type=41 flags=0
[52.165602 pid=1937 tid=1943] BPF_PERF_EVENT target retained target_fd=505 hold_fd=507 link_fd=506
[52.165887 pid=1937 tid=1943] BPF_TASK_FD_QUERY target_fd=505 attach_type=41 -> ret=0 errno=0 fd_type=2 prog_id=23 probe_offset=0 probe_addr=18446744072490856832 symbol=__x64_sys_process_vm_writev
[52.166127 pid=1937 tid=1943]   LINK_CREATE -> fd=506 errno=0 kernel_link_id=75
[52.166297 pid=1937 tid=1943] PERF_EVENT_IOC_ENABLE event_fd=505
[52.168376 pid=1937 tid=1943] perf_event_open type=8 config=0 config1=140416440736256 config2=0 pid=-1 cpu=0 group_fd=-1 flags=8 kprobe_func=__ia32_sys_process_vm_writev kprobe_addr=0 -> fd=508 errno=0
[52.168572 pid=1937 tid=1943] BPF_LINK_CREATE prog_fd=87 target_fd=508 attach_type=41 flags=0
[52.169016 pid=1937 tid=1943] BPF_PERF_EVENT target retained target_fd=508 hold_fd=510 link_fd=509
[52.169328 pid=1937 tid=1943] BPF_TASK_FD_QUERY target_fd=508 attach_type=41 -> ret=0 errno=0 fd_type=2 prog_id=23 probe_offset=0 probe_addr=18446744072490856896 symbol=__ia32_sys_process_vm_writev
[52.169480 pid=1937 tid=1943]   LINK_CREATE -> fd=509 errno=0 kernel_link_id=76
[52.169862 pid=1937 tid=1943] PERF_EVENT_IOC_ENABLE event_fd=508
[52.171834 pid=1937 tid=1943] perf_event_open type=8 config=0 config1=140416440736256 config2=0 pid=-1 cpu=0 group_fd=-1 flags=8 kprobe_func=__ia32_compat_sys_process_vm_writev kprobe_addr=0 -> fd=511 errno=0
[52.172305 pid=1937 tid=1943] BPF_LINK_CREATE prog_fd=87 target_fd=511 attach_type=41 flags=0
[52.200239 pid=1937 tid=1943] BPF_PERF_EVENT target retained target_fd=511 hold_fd=513 link_fd=512
[52.201108 pid=1937 tid=1943] BPF_TASK_FD_QUERY target_fd=511 attach_type=41 -> ret=0 errno=0 fd_type=2 prog_id=23 probe_offset=0 probe_addr=18446744072487914304 symbol=__ia32_compat_sys_process_vm_writev
[52.201635 pid=1937 tid=1943]   LINK_CREATE -> fd=512 errno=0 kernel_link_id=77
[52.202233 pid=1937 tid=1943] PERF_EVENT_IOC_ENABLE event_fd=511
[52.205953 pid=1937 tid=1943] perf_event_open type=8 config=0 config1=140416440784912 config2=0 pid=-1 cpu=0 group_fd=-1 flags=8 kprobe_func=security_mmap_addr kprobe_addr=0 -> fd=514 errno=0
[52.206344 pid=1937 tid=1943] BPF_LINK_CREATE prog_fd=241 target_fd=514 attach_type=41 flags=0
[52.206541 pid=1937 tid=1943] BPF_PERF_EVENT target retained target_fd=514 hold_fd=516 link_fd=515
[52.206717 pid=1937 tid=1943] BPF_TASK_FD_QUERY target_fd=514 attach_type=41 -> ret=0 errno=0 fd_type=2 prog_id=104 probe_offset=0 probe_addr=18446744072494439104 symbol=security_mmap_addr
[52.207056 pid=1937 tid=1943]   LINK_CREATE -> fd=515 errno=0 kernel_link_id=78
[52.207237 pid=1937 tid=1943] PERF_EVENT_IOC_ENABLE event_fd=514
[52.209791 pid=1937 tid=1943] perf_event_open type=8 config=0 config1=140416440784912 config2=0 pid=-1 cpu=0 group_fd=-1 flags=8 kprobe_func=do_truncate kprobe_addr=0 -> fd=517 errno=0
[52.210067 pid=1937 tid=1943] BPF_LINK_CREATE prog_fd=270 target_fd=517 attach_type=41 flags=0
[52.210665 pid=1937 tid=1943] BPF_PERF_EVENT target retained target_fd=517 hold_fd=519 link_fd=518
[52.210921 pid=1937 tid=1943] BPF_TASK_FD_QUERY target_fd=517 attach_type=41 -> ret=0 errno=0 fd_type=2 prog_id=133 probe_offset=0 probe_addr=18446744072491499344 symbol=do_truncate
[52.211322 pid=1937 tid=1943]   LINK_CREATE -> fd=518 errno=0 kernel_link_id=79
[52.211725 pid=1937 tid=1943] PERF_EVENT_IOC_ENABLE event_fd=517
[52.212099 pid=1937 tid=1943] BPF_RAW_TRACEPOINT_OPEN name=sys_exit prog_fd=78
[52.212984 pid=1937 tid=1943]   RAW_TRACEPOINT_OPEN -> fd=520 errno=0
[52.215037 pid=1937 tid=1943] perf_event_open type=8 config=0 config1=140416440784912 config2=0 pid=-1 cpu=0 group_fd=-1 flags=8 kprobe_func=vfs_utimes kprobe_addr=0 -> fd=521 errno=0
[52.215978 pid=1937 tid=1943] BPF_LINK_CREATE prog_fd=268 target_fd=521 attach_type=41 flags=0
[52.216568 pid=1937 tid=1943] BPF_PERF_EVENT target retained target_fd=521 hold_fd=523 link_fd=522
[52.216834 pid=1937 tid=1943] BPF_TASK_FD_QUERY target_fd=521 attach_type=41 -> ret=0 errno=0 fd_type=2 prog_id=131 probe_offset=0 probe_addr=18446744072491868288 symbol=vfs_utimes
[52.216997 pid=1937 tid=1943]   LINK_CREATE -> fd=522 errno=0 kernel_link_id=81
[52.217269 pid=1937 tid=1943] PERF_EVENT_IOC_ENABLE event_fd=521
[52.217657 pid=1937 tid=1943] BPF_RAW_TRACEPOINT_OPEN name=sched_process_exit prog_fd=188
[52.218148 pid=1937 tid=1943]   RAW_TRACEPOINT_OPEN -> fd=524 errno=0
[52.221086 pid=1937 tid=1943] perf_event_open type=8 config=0 config1=140416440784912 config2=0 pid=-1 cpu=0 group_fd=-1 flags=8 kprobe_func=security_sb_mount kprobe_addr=0 -> fd=525 errno=0
[52.221265 pid=1937 tid=1943] BPF_LINK_CREATE prog_fd=203 target_fd=525 attach_type=41 flags=0
[52.221528 pid=1937 tid=1943] BPF_PERF_EVENT target retained target_fd=525 hold_fd=527 link_fd=526
[52.221997 pid=1937 tid=1943] BPF_TASK_FD_QUERY target_fd=525 attach_type=41 -> ret=0 errno=0 fd_type=2 prog_id=66 probe_offset=0 probe_addr=18446744072494425808 symbol=security_sb_mount
[52.222108 pid=1937 tid=1943]   LINK_CREATE -> fd=526 errno=0 kernel_link_id=83
[52.222236 pid=1937 tid=1943] PERF_EVENT_IOC_ENABLE event_fd=525
[52.225195 pid=1937 tid=1943] perf_event_open type=8 config=0 config1=140416440784912 config2=0 pid=-1 cpu=0 group_fd=-1 flags=8 kprobe_func=security_task_setrlimit kprobe_addr=0 -> fd=528 errno=0
[52.225518 pid=1937 tid=1943] BPF_LINK_CREATE prog_fd=279 target_fd=528 attach_type=41 flags=0
[52.225731 pid=1937 tid=1943] BPF_PERF_EVENT target retained target_fd=528 hold_fd=530 link_fd=529
[52.226014 pid=1937 tid=1943] BPF_TASK_FD_QUERY target_fd=528 attach_type=41 -> ret=0 errno=0 fd_type=2 prog_id=142 probe_offset=0 probe_addr=18446744072494444752 symbol=security_task_setrlimit
[52.226351 pid=1937 tid=1943]   LINK_CREATE -> fd=529 errno=0 kernel_link_id=84
[52.226822 pid=1937 tid=1943] PERF_EVENT_IOC_ENABLE event_fd=528
[52.227293 pid=1937 tid=1943] perf_event_open type=8 config=0 config1=140416440784912 config2=0 pid=-1 cpu=0 group_fd=-1 flags=8 kprobe_func=__x64_sys_arch_prctl kprobe_addr=0 -> fd=531 errno=0
[52.227613 pid=1937 tid=1943] BPF_LINK_CREATE prog_fd=93 target_fd=531 attach_type=41 flags=0
[52.227741 pid=1937 tid=1943] BPF_PERF_EVENT target retained target_fd=531 hold_fd=533 link_fd=532
[52.227885 pid=1937 tid=1943] BPF_TASK_FD_QUERY target_fd=531 attach_type=41 -> ret=0 errno=0 fd_type=2 prog_id=25 probe_offset=0 probe_addr=18446744072487242432 symbol=__x64_sys_arch_prctl
[52.227992 pid=1937 tid=1943]   LINK_CREATE -> fd=532 errno=0 kernel_link_id=85
[52.228444 pid=1937 tid=1943] PERF_EVENT_IOC_ENABLE event_fd=531
[52.229004 pid=1937 tid=1943] perf_event_open type=8 config=0 config1=140416440784912 config2=0 pid=-1 cpu=0 group_fd=-1 flags=8 kprobe_func=__ia32_sys_arch_prctl kprobe_addr=0 -> fd=534 errno=0
[52.229166 pid=1937 tid=1943] BPF_LINK_CREATE prog_fd=93 target_fd=534 attach_type=41 flags=0
[52.229302 pid=1937 tid=1943] BPF_PERF_EVENT target retained target_fd=534 hold_fd=536 link_fd=535
[52.229597 pid=1937 tid=1943] BPF_TASK_FD_QUERY target_fd=534 attach_type=41 -> ret=0 errno=0 fd_type=2 prog_id=25 probe_offset=0 probe_addr=18446744072487242304 symbol=__ia32_sys_arch_prctl
[52.229864 pid=1937 tid=1943]   LINK_CREATE -> fd=535 errno=0 kernel_link_id=86
[52.230143 pid=1937 tid=1943] PERF_EVENT_IOC_ENABLE event_fd=534
[52.233362 pid=1937 tid=1943] perf_event_open type=8 config=0 config1=140416440784912 config2=0 pid=-1 cpu=0 group_fd=-1 flags=8 kprobe_func=security_sk_clone kprobe_addr=0 -> fd=537 errno=0
[52.233515 pid=1937 tid=1943] BPF_LINK_CREATE prog_fd=287 target_fd=537 attach_type=41 flags=0
[52.233790 pid=1937 tid=1943] BPF_PERF_EVENT target retained target_fd=537 hold_fd=539 link_fd=538
[52.234104 pid=1937 tid=1943] BPF_TASK_FD_QUERY target_fd=537 attach_type=41 -> ret=0 errno=0 fd_type=2 prog_id=150 probe_offset=0 probe_addr=18446744072494409936 symbol=security_sk_clone
[52.234260 pid=1937 tid=1943]   LINK_CREATE -> fd=538 errno=0 kernel_link_id=87
[52.234556 pid=1937 tid=1943] PERF_EVENT_IOC_ENABLE event_fd=537
[52.237094 pid=1937 tid=1943] perf_event_open type=8 config=0 config1=140416440784912 config2=0 pid=-1 cpu=0 group_fd=-1 flags=8 kprobe_func=security_socket_accept kprobe_addr=0 -> fd=540 errno=0
[52.237338 pid=1937 tid=1943] BPF_LINK_CREATE prog_fd=215 target_fd=540 attach_type=41 flags=0
[52.237515 pid=1937 tid=1943] BPF_PERF_EVENT target retained target_fd=540 hold_fd=542 link_fd=541
[52.238112 pid=1937 tid=1943] BPF_TASK_FD_QUERY target_fd=540 attach_type=41 -> ret=0 errno=0 fd_type=2 prog_id=78 probe_offset=0 probe_addr=18446744072494452992 symbol=security_socket_accept
[52.238699 pid=1937 tid=1943]   LINK_CREATE -> fd=541 errno=0 kernel_link_id=88
[52.239131 pid=1937 tid=1943] PERF_EVENT_IOC_ENABLE event_fd=540
[52.239392 pid=1937 tid=1943] BPF_LINK_CREATE prog_fd=292 target_fd=543 attach_type=1 flags=0
[52.240393 pid=1937 tid=1943]   LINK_CREATE -> fd=544 errno=0 kernel_link_id=89
[52.242583 pid=1937 tid=1943] perf_event_open type=8 config=1 config1=140416441392304 config2=0 pid=-1 cpu=0 group_fd=-1 flags=8 kprobe_func=do_splice kprobe_addr=0 -> fd=543 errno=0
[52.242944 pid=1937 tid=1943] BPF_LINK_CREATE prog_fd=256 target_fd=543 attach_type=41 flags=0
[52.243351 pid=1937 tid=1943] BPF_PERF_EVENT target retained target_fd=543 hold_fd=546 link_fd=545
[52.243522 pid=1937 tid=1943] BPF_TASK_FD_QUERY target_fd=543 attach_type=41 -> ret=0 errno=0 fd_type=3 prog_id=119 probe_offset=0 probe_addr=18446744072491861456 symbol=do_splice
[52.243864 pid=1937 tid=1943]   LINK_CREATE -> fd=545 errno=0 kernel_link_id=90
[52.244693 pid=1937 tid=1943] PERF_EVENT_IOC_ENABLE event_fd=543
[52.244836 pid=1937 tid=1943] BPF_RAW_TRACEPOINT_OPEN name=sched_process_exec prog_fd=296
[52.244977 pid=1937 tid=1943]   RAW_TRACEPOINT_OPEN -> fd=547 errno=0
[52.247806 pid=1937 tid=1943] perf_event_open type=8 config=0 config1=140416440736256 config2=0 pid=-1 cpu=0 group_fd=-1 flags=8 kprobe_func=security_file_permission kprobe_addr=0 -> fd=548 errno=0
[52.248153 pid=1937 tid=1943] BPF_LINK_CREATE prog_fd=262 target_fd=548 attach_type=41 flags=0
[52.248327 pid=1937 tid=1943] BPF_PERF_EVENT target retained target_fd=548 hold_fd=550 link_fd=549
[52.248491 pid=1937 tid=1943] BPF_TASK_FD_QUERY target_fd=548 attach_type=41 -> ret=0 errno=0 fd_type=2 prog_id=125 probe_offset=0 probe_addr=18446744072494437488 symbol=security_file_permission
[52.248704 pid=1937 tid=1943]   LINK_CREATE -> fd=549 errno=0 kernel_link_id=92
[52.248976 pid=1937 tid=1943] PERF_EVENT_IOC_ENABLE event_fd=548
[52.250139 pid=1937 tid=1943] BPF_RAW_TRACEPOINT_OPEN name=cgroup_mkdir prog_fd=293
[52.250425 pid=1937 tid=1943]   RAW_TRACEPOINT_OPEN -> fd=551 errno=0
[52.253835 pid=1937 tid=1943] perf_event_open type=8 config=0 config1=140416441394768 config2=0 pid=-1 cpu=0 group_fd=-1 flags=8 kprobe_func=security_settime64 kprobe_addr=0 -> fd=552 errno=0
[52.254022 pid=1937 tid=1943] BPF_LINK_CREATE prog_fd=280 target_fd=552 attach_type=41 flags=0
[52.254199 pid=1937 tid=1943] BPF_PERF_EVENT target retained target_fd=552 hold_fd=554 link_fd=553
[52.254618 pid=1937 tid=1943] BPF_TASK_FD_QUERY target_fd=552 attach_type=41 -> ret=0 errno=0 fd_type=2 prog_id=143 probe_offset=0 probe_addr=18446744072494423088 symbol=security_settime64
[52.254975 pid=1937 tid=1943]   LINK_CREATE -> fd=553 errno=0 kernel_link_id=94
[52.255077 pid=1937 tid=1943] PERF_EVENT_IOC_ENABLE event_fd=552
[52.310568 pid=1937 tid=1943] perf_event_open type=9 config=0 config1=140416441394768 config2=29045248 pid=-1 cpu=0 group_fd=-1 flags=8 uprobe_path=/proc/self/exe probe_offset=29045248 -> fd=556 errno=0
[52.311590 pid=1937 tid=1943] BPF_LINK_CREATE prog_fd=297 target_fd=556 attach_type=41 flags=0
[52.312195 pid=1937 tid=1943] BPF_PERF_EVENT target retained target_fd=556 hold_fd=558 link_fd=557
[52.312724 pid=1937 tid=1943] BPF_TASK_FD_QUERY target_fd=556 attach_type=41 -> ret=0 errno=0 fd_type=4 prog_id=161 probe_offset=29045248 probe_addr=0 symbol=/proc/self/exe
[52.313091 pid=1937 tid=1943]   LINK_CREATE -> fd=557 errno=0 kernel_link_id=95
[52.313510 pid=1937 tid=1943] PERF_EVENT_IOC_ENABLE event_fd=556
[52.316912 pid=1937 tid=1943] perf_event_open type=8 config=0 config1=140416441394768 config2=0 pid=-1 cpu=0 group_fd=-1 flags=8 kprobe_func=do_splice kprobe_addr=0 -> fd=555 errno=0
[52.317599 pid=1937 tid=1943] BPF_LINK_CREATE prog_fd=255 target_fd=555 attach_type=41 flags=0
[52.317813 pid=1937 tid=1943] BPF_PERF_EVENT target retained target_fd=555 hold_fd=560 link_fd=559
[52.318207 pid=1937 tid=1943] BPF_TASK_FD_QUERY target_fd=555 attach_type=41 -> ret=0 errno=0 fd_type=2 prog_id=118 probe_offset=0 probe_addr=18446744072491861456 symbol=do_splice
[52.318817 pid=1937 tid=1943]   LINK_CREATE -> fd=559 errno=0 kernel_link_id=96
[52.319275 pid=1937 tid=1943] PERF_EVENT_IOC_ENABLE event_fd=555
[52.323341 pid=1937 tid=1943] perf_event_open type=8 config=0 config1=140416440736256 config2=0 pid=-1 cpu=0 group_fd=-1 flags=8 kprobe_func=security_kernel_post_read_file kprobe_addr=0 -> fd=561 errno=0
[52.324096 pid=1937 tid=1943] BPF_LINK_CREATE prog_fd=250 target_fd=561 attach_type=41 flags=0
[52.324269 pid=1937 tid=1943] BPF_PERF_EVENT target retained target_fd=561 hold_fd=563 link_fd=562
[52.324668 pid=1937 tid=1943] BPF_TASK_FD_QUERY target_fd=561 attach_type=41 -> ret=0 errno=0 fd_type=2 prog_id=113 probe_offset=0 probe_addr=18446744072494407280 symbol=security_kernel_post_read_file
[52.325040 pid=1937 tid=1943]   LINK_CREATE -> fd=562 errno=0 kernel_link_id=97
[52.325548 pid=1937 tid=1943] PERF_EVENT_IOC_ENABLE event_fd=561
[52.329220 pid=1937 tid=1943] perf_event_open type=8 config=1 config1=140416441069120 config2=0 pid=-1 cpu=0 group_fd=-1 flags=8 kprobe_func=__x64_sys_execveat kprobe_addr=0 -> fd=564 errno=0
[52.329493 pid=1937 tid=1943] BPF_LINK_CREATE prog_fd=276 target_fd=564 attach_type=41 flags=0
[52.329895 pid=1937 tid=1943] BPF_PERF_EVENT target retained target_fd=564 hold_fd=566 link_fd=565
[52.330653 pid=1937 tid=1943] BPF_TASK_FD_QUERY target_fd=564 attach_type=41 -> ret=0 errno=0 fd_type=3 prog_id=139 probe_offset=0 probe_addr=18446744072491568208 symbol=__x64_sys_execveat
[52.331081 pid=1937 tid=1943]   LINK_CREATE -> fd=565 errno=0 kernel_link_id=98
[52.331465 pid=1937 tid=1943] PERF_EVENT_IOC_ENABLE event_fd=564
[52.333064 pid=1937 tid=1943] BPF_RAW_TRACEPOINT_OPEN name=task_rename prog_fd=263
[52.333514 pid=1937 tid=1943]   RAW_TRACEPOINT_OPEN -> fd=567 errno=0
[52.334361 pid=1937 tid=1943] perf_event_open type=8 config=1 config1=140416441069120 config2=0 pid=-1 cpu=0 group_fd=-1 flags=8 kprobe_func=__x64_sys_ptrace kprobe_addr=0 -> fd=568 errno=0
[52.334532 pid=1937 tid=1943] BPF_LINK_CREATE prog_fd=84 target_fd=568 attach_type=41 flags=0
[52.334880 pid=1937 tid=1943] BPF_PERF_EVENT target retained target_fd=568 hold_fd=570 link_fd=569
[52.335245 pid=1937 tid=1943] BPF_TASK_FD_QUERY target_fd=568 attach_type=41 -> ret=0 errno=0 fd_type=3 prog_id=22 probe_offset=0 probe_addr=18446744072487752768 symbol=__x64_sys_ptrace
[52.335761 pid=1937 tid=1943]   LINK_CREATE -> fd=569 errno=0 kernel_link_id=100
[52.336226 pid=1937 tid=1943] PERF_EVENT_IOC_ENABLE event_fd=568
[52.337041 pid=1937 tid=1943] perf_event_open type=8 config=1 config1=140416441069120 config2=0 pid=-1 cpu=0 group_fd=-1 flags=8 kprobe_func=__ia32_sys_ptrace kprobe_addr=0 -> fd=571 errno=0
[52.338040 pid=1937 tid=1943] BPF_LINK_CREATE prog_fd=84 target_fd=571 attach_type=41 flags=0
[52.338669 pid=1937 tid=1943] BPF_PERF_EVENT target retained target_fd=571 hold_fd=573 link_fd=572
[52.339040 pid=1937 tid=1943] BPF_TASK_FD_QUERY target_fd=571 attach_type=41 -> ret=0 errno=0 fd_type=3 prog_id=22 probe_offset=0 probe_addr=18446744072487752096 symbol=__ia32_sys_ptrace
[52.339358 pid=1937 tid=1943]   LINK_CREATE -> fd=572 errno=0 kernel_link_id=101
[52.339541 pid=1937 tid=1943] PERF_EVENT_IOC_ENABLE event_fd=571
[52.340238 pid=1937 tid=1943] perf_event_open type=8 config=1 config1=140416440736256 config2=0 pid=-1 cpu=0 group_fd=-1 flags=8 kprobe_func=__ia32_compat_sys_ptrace kprobe_addr=0 -> fd=574 errno=0
[52.340712 pid=1937 tid=1943] BPF_LINK_CREATE prog_fd=84 target_fd=574 attach_type=41 flags=0
[52.340980 pid=1937 tid=1943] BPF_PERF_EVENT target retained target_fd=574 hold_fd=576 link_fd=575
[52.341712 pid=1937 tid=1943] BPF_TASK_FD_QUERY target_fd=574 attach_type=41 -> ret=0 errno=0 fd_type=3 prog_id=22 probe_offset=0 probe_addr=18446744072487752432 symbol=__ia32_compat_sys_ptrace
[52.342228 pid=1937 tid=1943]   LINK_CREATE -> fd=575 errno=0 kernel_link_id=102
[52.342715 pid=1937 tid=1943] PERF_EVENT_IOC_ENABLE event_fd=574
[52.344073 pid=1937 tid=1943] perf_event_open type=8 config=0 config1=140416441069120 config2=0 pid=-1 cpu=0 group_fd=-1 flags=8 kprobe_func=security_bprm_check kprobe_addr=0 -> fd=577 errno=0
[52.344837 pid=1937 tid=1943] BPF_LINK_CREATE prog_fd=295 target_fd=577 attach_type=41 flags=0
[52.345341 pid=1937 tid=1943] BPF_PERF_EVENT target retained target_fd=577 hold_fd=579 link_fd=578
[52.345898 pid=1937 tid=1943] BPF_TASK_FD_QUERY target_fd=577 attach_type=41 -> ret=0 errno=0 fd_type=2 prog_id=159 probe_offset=0 probe_addr=18446744072494423792 symbol=security_bprm_check
[52.346477 pid=1937 tid=1943]   LINK_CREATE -> fd=578 errno=0 kernel_link_id=103
[52.346871 pid=1937 tid=1943] PERF_EVENT_IOC_ENABLE event_fd=577
[52.347922 pid=1937 tid=1943] perf_event_open type=8 config=1 config1=140416441069120 config2=0 pid=-1 cpu=0 group_fd=-1 flags=8 kprobe_func=__kernel_write kprobe_addr=0 -> fd=580 errno=0
[52.348793 pid=1937 tid=1943] BPF_LINK_CREATE prog_fd=232 target_fd=580 attach_type=41 flags=0
[52.349169 pid=1937 tid=1943] BPF_PERF_EVENT target retained target_fd=580 hold_fd=582 link_fd=581
[52.350292 pid=1937 tid=1943] BPF_TASK_FD_QUERY target_fd=580 attach_type=41 -> ret=0 errno=0 fd_type=3 prog_id=95 probe_offset=0 probe_addr=18446744072491522416 symbol=__kernel_write
[52.350680 pid=1937 tid=1943]   LINK_CREATE -> fd=581 errno=0 kernel_link_id=104
[52.351122 pid=1937 tid=1943] PERF_EVENT_IOC_ENABLE event_fd=580
[52.355167 pid=1937 tid=1943] perf_event_open type=8 config=0 config1=140416441069120 config2=0 pid=-1 cpu=0 group_fd=-1 flags=8 kprobe_func=__debugfs_create_file kprobe_addr=0 -> fd=583 errno=0
[52.355745 pid=1937 tid=1943] BPF_LINK_CREATE prog_fd=211 target_fd=583 attach_type=41 flags=0
[52.355919 pid=1937 tid=1943] BPF_PERF_EVENT target retained target_fd=583 hold_fd=585 link_fd=584
[52.356035 pid=1937 tid=1943] BPF_TASK_FD_QUERY target_fd=583 attach_type=41 -> ret=0 errno=0 fd_type=2 prog_id=74 probe_offset=0 probe_addr=18446744072494238608 symbol=__debugfs_create_file
[52.356333 pid=1937 tid=1943]   LINK_CREATE -> fd=584 errno=0 kernel_link_id=105
[52.356957 pid=1937 tid=1943] PERF_EVENT_IOC_ENABLE event_fd=583
[52.357505 pid=1937 tid=1943] perf_event_open type=8 config=0 config1=140416441069120 config2=0 pid=-1 cpu=0 group_fd=-1 flags=8 kprobe_func=register_kprobe kprobe_addr=0 -> fd=586 errno=0
[52.357628 pid=1937 tid=1943] BPF_LINK_CREATE prog_fd=247 target_fd=586 attach_type=41 flags=0
[52.357873 pid=1937 tid=1943] BPF_PERF_EVENT target retained target_fd=586 hold_fd=588 link_fd=587
[52.358009 pid=1937 tid=1943] BPF_TASK_FD_QUERY target_fd=586 attach_type=41 -> ret=0 errno=0 fd_type=2 prog_id=110 probe_offset=0 probe_addr=18446744072489088592 symbol=register_kprobe
[52.358595 pid=1937 tid=1943]   LINK_CREATE -> fd=587 errno=0 kernel_link_id=106
[52.358712 pid=1937 tid=1943] PERF_EVENT_IOC_ENABLE event_fd=586
[52.362820 pid=1937 tid=1943] perf_event_open type=8 config=1 config1=140416441069120 config2=0 pid=-1 cpu=0 group_fd=-1 flags=8 kprobe_func=sock_alloc_file kprobe_addr=0 -> fd=589 errno=0
[52.363204 pid=1937 tid=1943] BPF_LINK_CREATE prog_fd=286 target_fd=589 attach_type=41 flags=0
[52.363791 pid=1937 tid=1943] BPF_PERF_EVENT target retained target_fd=589 hold_fd=591 link_fd=590
[52.364100 pid=1937 tid=1943] BPF_TASK_FD_QUERY target_fd=589 attach_type=41 -> ret=0 errno=0 fd_type=3 prog_id=149 probe_offset=0 probe_addr=18446744072498455184 symbol=sock_alloc_file
[52.364480 pid=1937 tid=1943]   LINK_CREATE -> fd=590 errno=0 kernel_link_id=107
[52.364656 pid=1937 tid=1943] PERF_EVENT_IOC_ENABLE event_fd=589
[52.367546 pid=1937 tid=1943] perf_event_open type=8 config=0 config1=140416441069120 config2=0 pid=-1 cpu=0 group_fd=-1 flags=8 kprobe_func=commit_creds kprobe_addr=0 -> fd=592 errno=0
[52.367782 pid=1937 tid=1943] BPF_LINK_CREATE prog_fd=205 target_fd=592 attach_type=41 flags=0
[52.367947 pid=1937 tid=1943] BPF_PERF_EVENT target retained target_fd=592 hold_fd=594 link_fd=593
[52.368107 pid=1937 tid=1943] BPF_TASK_FD_QUERY target_fd=592 attach_type=41 -> ret=0 errno=0 fd_type=2 prog_id=68 probe_offset=0 probe_addr=18446744072487937808 symbol=commit_creds
[52.368461 pid=1937 tid=1943]   LINK_CREATE -> fd=593 errno=0 kernel_link_id=108
[52.368608 pid=1937 tid=1943] PERF_EVENT_IOC_ENABLE event_fd=592
[52.371557 pid=1937 tid=1943] perf_event_open type=8 config=0 config1=140416441069120 config2=0 pid=-1 cpu=0 group_fd=-1 flags=8 kprobe_func=do_sigaction kprobe_addr=0 -> fd=595 errno=0
[52.372077 pid=1937 tid=1943] BPF_LINK_CREATE prog_fd=267 target_fd=595 attach_type=41 flags=0
[52.372481 pid=1937 tid=1943] BPF_PERF_EVENT target retained target_fd=595 hold_fd=597 link_fd=596
[52.372793 pid=1937 tid=1943] BPF_TASK_FD_QUERY target_fd=595 attach_type=41 -> ret=0 errno=0 fd_type=2 prog_id=130 probe_offset=0 probe_addr=18446744072487795104 symbol=do_sigaction
[52.373057 pid=1937 tid=1943]   LINK_CREATE -> fd=596 errno=0 kernel_link_id=109
[52.373170 pid=1937 tid=1943] PERF_EVENT_IOC_ENABLE event_fd=595
[52.374179 pid=1937 tid=1943] perf_event_open type=8 config=1 config1=140416440736256 config2=0 pid=-1 cpu=0 group_fd=-1 flags=8 kprobe_func=__x64_sys_process_vm_writev kprobe_addr=0 -> fd=598 errno=0
[52.374702 pid=1937 tid=1943] BPF_LINK_CREATE prog_fd=90 target_fd=598 attach_type=41 flags=0
[52.374994 pid=1937 tid=1943] BPF_PERF_EVENT target retained target_fd=598 hold_fd=600 link_fd=599
[52.375640 pid=1937 tid=1943] BPF_TASK_FD_QUERY target_fd=598 attach_type=41 -> ret=0 errno=0 fd_type=3 prog_id=24 probe_offset=0 probe_addr=18446744072490856832 symbol=__x64_sys_process_vm_writev
[52.375926 pid=1937 tid=1943]   LINK_CREATE -> fd=599 errno=0 kernel_link_id=110
[52.376492 pid=1937 tid=1943] PERF_EVENT_IOC_ENABLE event_fd=598
[52.377335 pid=1937 tid=1943] perf_event_open type=8 config=1 config1=140416440736256 config2=0 pid=-1 cpu=0 group_fd=-1 flags=8 kprobe_func=__ia32_sys_process_vm_writev kprobe_addr=0 -> fd=601 errno=0
[52.378223 pid=1937 tid=1943] BPF_LINK_CREATE prog_fd=90 target_fd=601 attach_type=41 flags=0
[52.378559 pid=1937 tid=1943] BPF_PERF_EVENT target retained target_fd=601 hold_fd=603 link_fd=602
[52.378838 pid=1937 tid=1943] BPF_TASK_FD_QUERY target_fd=601 attach_type=41 -> ret=0 errno=0 fd_type=3 prog_id=24 probe_offset=0 probe_addr=18446744072490856896 symbol=__ia32_sys_process_vm_writev
[52.379137 pid=1937 tid=1943]   LINK_CREATE -> fd=602 errno=0 kernel_link_id=111
[52.379477 pid=1937 tid=1943] PERF_EVENT_IOC_ENABLE event_fd=601
[52.379939 pid=1937 tid=1943] perf_event_open type=8 config=1 config1=140416440736256 config2=0 pid=-1 cpu=0 group_fd=-1 flags=8 kprobe_func=__ia32_compat_sys_process_vm_writev kprobe_addr=0 -> fd=604 errno=0
[52.380238 pid=1937 tid=1943] BPF_LINK_CREATE prog_fd=90 target_fd=604 attach_type=41 flags=0
[52.380507 pid=1937 tid=1943] BPF_PERF_EVENT target retained target_fd=604 hold_fd=606 link_fd=605
[52.381142 pid=1937 tid=1943] BPF_TASK_FD_QUERY target_fd=604 attach_type=41 -> ret=0 errno=0 fd_type=3 prog_id=24 probe_offset=0 probe_addr=18446744072487914304 symbol=__ia32_compat_sys_process_vm_writev
[52.381327 pid=1937 tid=1943]   LINK_CREATE -> fd=605 errno=0 kernel_link_id=112
[52.381446 pid=1937 tid=1943] PERF_EVENT_IOC_ENABLE event_fd=604
[52.382016 pid=1937 tid=1943] perf_event_open type=8 config=0 config1=140416441268704 config2=0 pid=-1 cpu=0 group_fd=-1 flags=8 kprobe_func=do_init_module kprobe_addr=0 -> fd=607 errno=0
[52.382183 pid=1937 tid=1943] BPF_LINK_CREATE prog_fd=259 target_fd=607 attach_type=41 flags=0
[52.382591 pid=1937 tid=1943] BPF_PERF_EVENT target retained target_fd=607 hold_fd=609 link_fd=608
[52.382714 pid=1937 tid=1943] BPF_TASK_FD_QUERY target_fd=607 attach_type=41 -> ret=0 errno=0 fd_type=2 prog_id=122 probe_offset=0 probe_addr=18446744072488652208 symbol=do_init_module
[52.383015 pid=1937 tid=1943]   LINK_CREATE -> fd=608 errno=0 kernel_link_id=113
[52.383265 pid=1937 tid=1943] PERF_EVENT_IOC_ENABLE event_fd=607
[52.384155 pid=1937 tid=1943] perf_event_open type=8 config=0 config1=140416441268704 config2=0 pid=-1 cpu=0 group_fd=-1 flags=8 kprobe_func=vfs_writev kprobe_addr=0 -> fd=610 errno=0
[52.384280 pid=1937 tid=1943] BPF_LINK_CREATE prog_fd=225 target_fd=610 attach_type=41 flags=0
[52.384529 pid=1937 tid=1943] BPF_PERF_EVENT target retained target_fd=610 hold_fd=612 link_fd=611
[52.384696 pid=1937 tid=1943] BPF_TASK_FD_QUERY target_fd=610 attach_type=41 -> ret=0 errno=0 fd_type=2 prog_id=88 probe_offset=0 probe_addr=18446744072491515552 symbol=vfs_writev
[52.385124 pid=1937 tid=1943]   LINK_CREATE -> fd=611 errno=0 kernel_link_id=114
[52.385311 pid=1937 tid=1943] PERF_EVENT_IOC_ENABLE event_fd=610
[52.386197 pid=1937 tid=1943] perf_event_open type=8 config=1 config1=140416441268704 config2=0 pid=-1 cpu=0 group_fd=-1 flags=8 kprobe_func=__x64_sys_dup kprobe_addr=0 -> fd=613 errno=0
[52.386352 pid=1937 tid=1943] BPF_LINK_CREATE prog_fd=165 target_fd=613 attach_type=41 flags=0
[52.386714 pid=1937 tid=1943] BPF_PERF_EVENT target retained target_fd=613 hold_fd=615 link_fd=614
[52.386881 pid=1937 tid=1943] BPF_TASK_FD_QUERY target_fd=613 attach_type=41 -> ret=0 errno=0 fd_type=3 prog_id=28 probe_offset=0 probe_addr=18446744072491706544 symbol=__x64_sys_dup
[52.387036 pid=1937 tid=1943]   LINK_CREATE -> fd=614 errno=0 kernel_link_id=115
[52.387181 pid=1937 tid=1943] PERF_EVENT_IOC_ENABLE event_fd=613
[52.388005 pid=1937 tid=1943] perf_event_open type=8 config=1 config1=140416441268704 config2=0 pid=-1 cpu=0 group_fd=-1 flags=8 kprobe_func=__ia32_sys_dup kprobe_addr=0 -> fd=616 errno=0
[52.388124 pid=1937 tid=1943] BPF_LINK_CREATE prog_fd=165 target_fd=616 attach_type=41 flags=0
[52.388240 pid=1937 tid=1943] BPF_PERF_EVENT target retained target_fd=616 hold_fd=618 link_fd=617
[52.388365 pid=1937 tid=1943] BPF_TASK_FD_QUERY target_fd=616 attach_type=41 -> ret=0 errno=0 fd_type=3 prog_id=28 probe_offset=0 probe_addr=18446744072491706304 symbol=__ia32_sys_dup
[52.388690 pid=1937 tid=1943]   LINK_CREATE -> fd=617 errno=0 kernel_link_id=116
[52.389060 pid=1937 tid=1943] PERF_EVENT_IOC_ENABLE event_fd=616
[52.394335 pid=1937 tid=1943] perf_event_open type=8 config=1 config1=140416440736256 config2=0 pid=-1 cpu=0 group_fd=-1 flags=8 kprobe_func=__ia32_compat_sys_execve kprobe_addr=0 -> fd=619 errno=0
[52.394905 pid=1937 tid=1943] BPF_LINK_CREATE prog_fd=276 target_fd=619 attach_type=41 flags=0
[52.395079 pid=1937 tid=1943] BPF_PERF_EVENT target retained target_fd=619 hold_fd=621 link_fd=620
[52.395736 pid=1937 tid=1943] BPF_TASK_FD_QUERY target_fd=619 attach_type=41 -> ret=0 errno=0 fd_type=3 prog_id=139 probe_offset=0 probe_addr=18446744072491567888 symbol=__ia32_compat_sys_execve
[52.396123 pid=1937 tid=1943]   LINK_CREATE -> fd=620 errno=0 kernel_link_id=117
[52.397056 pid=1937 tid=1943] PERF_EVENT_IOC_ENABLE event_fd=619
[52.397237 pid=1937 tid=1943] BPF_RAW_TRACEPOINT_OPEN name=cgroup_attach_task prog_fd=198
[52.397743 pid=1937 tid=1943]   RAW_TRACEPOINT_OPEN -> fd=622 errno=0
[52.402390 pid=1937 tid=1943] perf_event_open type=8 config=0 config1=140416441268704 config2=0 pid=-1 cpu=0 group_fd=-1 flags=8 kprobe_func=device_add kprobe_addr=0 -> fd=623 errno=0
[52.402803 pid=1937 tid=1943] BPF_LINK_CREATE prog_fd=252 target_fd=623 attach_type=41 flags=0
[52.402978 pid=1937 tid=1943] BPF_PERF_EVENT target retained target_fd=623 hold_fd=625 link_fd=624
[52.403096 pid=1937 tid=1943] BPF_TASK_FD_QUERY target_fd=623 attach_type=41 -> ret=0 errno=0 fd_type=2 prog_id=115 probe_offset=0 probe_addr=18446744072497385184 symbol=device_add
[52.403208 pid=1937 tid=1943]   LINK_CREATE -> fd=624 errno=0 kernel_link_id=119
[52.403741 pid=1937 tid=1943] PERF_EVENT_IOC_ENABLE event_fd=623
[52.405113 pid=1937 tid=1943] BPF_RAW_TRACEPOINT_OPEN name=cgroup_mkdir prog_fd=199
[52.405523 pid=1937 tid=1943]   RAW_TRACEPOINT_OPEN -> fd=626 errno=0
[52.409658 pid=1937 tid=1943] perf_event_open type=8 config=0 config1=140416441268704 config2=0 pid=-1 cpu=0 group_fd=-1 flags=8 kprobe_func=security_sb_umount kprobe_addr=0 -> fd=627 errno=0
[52.409858 pid=1937 tid=1943] BPF_LINK_CREATE prog_fd=284 target_fd=627 attach_type=41 flags=0
[52.410292 pid=1937 tid=1943] BPF_PERF_EVENT target retained target_fd=627 hold_fd=629 link_fd=628
[52.410424 pid=1937 tid=1943] BPF_TASK_FD_QUERY target_fd=627 attach_type=41 -> ret=0 errno=0 fd_type=2 prog_id=147 probe_offset=0 probe_addr=18446744072494426128 symbol=security_sb_umount
[52.410905 pid=1937 tid=1943]   LINK_CREATE -> fd=628 errno=0 kernel_link_id=121
[52.411197 pid=1937 tid=1943] PERF_EVENT_IOC_ENABLE event_fd=627
[52.414600 pid=1937 tid=1943] perf_event_open type=8 config=0 config1=140416441268704 config2=0 pid=-1 cpu=0 group_fd=-1 flags=8 kprobe_func=proc_create kprobe_addr=0 -> fd=630 errno=0
[52.414732 pid=1937 tid=1943] BPF_LINK_CREATE prog_fd=210 target_fd=630 attach_type=41 flags=0
[52.414995 pid=1937 tid=1943] BPF_PERF_EVENT target retained target_fd=630 hold_fd=632 link_fd=631
[52.415449 pid=1937 tid=1943] BPF_TASK_FD_QUERY target_fd=630 attach_type=41 -> ret=0 errno=0 fd_type=2 prog_id=73 probe_offset=0 probe_addr=18446744072492324704 symbol=proc_create
[52.416270 pid=1937 tid=1943]   LINK_CREATE -> fd=631 errno=0 kernel_link_id=122
[52.416819 pid=1937 tid=1943] PERF_EVENT_IOC_ENABLE event_fd=630
[52.419975 pid=1937 tid=1943] perf_event_open type=8 config=0 config1=140416441268704 config2=0 pid=-1 cpu=0 group_fd=-1 flags=8 kprobe_func=do_exit kprobe_addr=0 -> fd=633 errno=0
[52.420535 pid=1937 tid=1943] BPF_LINK_CREATE prog_fd=195 target_fd=633 attach_type=41 flags=0
[52.420901 pid=1937 tid=1943] BPF_PERF_EVENT target retained target_fd=633 hold_fd=635 link_fd=634
[52.421059 pid=1937 tid=1943] BPF_TASK_FD_QUERY target_fd=633 attach_type=41 -> ret=0 errno=0 fd_type=2 prog_id=58 probe_offset=0 probe_addr=18446744072487712064 symbol=do_exit
[52.421215 pid=1937 tid=1943]   LINK_CREATE -> fd=634 errno=0 kernel_link_id=123
[52.421485 pid=1937 tid=1943] PERF_EVENT_IOC_ENABLE event_fd=633
[52.422129 pid=1937 tid=1943] perf_event_open type=8 config=0 config1=140416441268704 config2=0 pid=-1 cpu=0 group_fd=-1 flags=8 kprobe_func=do_mmap kprobe_addr=0 -> fd=636 errno=0
[52.422363 pid=1937 tid=1943] BPF_LINK_CREATE prog_fd=242 target_fd=636 attach_type=41 flags=0
[52.422489 pid=1937 tid=1943] BPF_PERF_EVENT target retained target_fd=636 hold_fd=638 link_fd=637
[52.422610 pid=1937 tid=1943] BPF_TASK_FD_QUERY target_fd=636 attach_type=41 -> ret=0 errno=0 fd_type=2 prog_id=105 probe_offset=0 probe_addr=18446744072490720560 symbol=do_mmap
[52.422871 pid=1937 tid=1943]   LINK_CREATE -> fd=637 errno=0 kernel_link_id=124
[52.423099 pid=1937 tid=1943] PERF_EVENT_IOC_ENABLE event_fd=636
[52.424114 pid=1937 tid=1943] perf_event_open type=8 config=1 config1=140416441268704 config2=0 pid=-1 cpu=0 group_fd=-1 flags=8 kprobe_func=__x64_sys_dup2 kprobe_addr=0 -> fd=639 errno=0
[52.424586 pid=1937 tid=1943] BPF_LINK_CREATE prog_fd=167 target_fd=639 attach_type=41 flags=0
[52.424731 pid=1937 tid=1943] BPF_PERF_EVENT target retained target_fd=639 hold_fd=641 link_fd=640
[52.425238 pid=1937 tid=1943] BPF_TASK_FD_QUERY target_fd=639 attach_type=41 -> ret=0 errno=0 fd_type=3 prog_id=30 probe_offset=0 probe_addr=18446744072491707600 symbol=__x64_sys_dup2
[52.425604 pid=1937 tid=1943]   LINK_CREATE -> fd=640 errno=0 kernel_link_id=125
[52.426231 pid=1937 tid=1943] PERF_EVENT_IOC_ENABLE event_fd=639
[52.427093 pid=1937 tid=1943] perf_event_open type=8 config=1 config1=140416441268704 config2=0 pid=-1 cpu=0 group_fd=-1 flags=8 kprobe_func=__ia32_sys_dup2 kprobe_addr=0 -> fd=642 errno=0
[52.427264 pid=1937 tid=1943] BPF_LINK_CREATE prog_fd=167 target_fd=642 attach_type=41 flags=0
[52.427853 pid=1937 tid=1943] BPF_PERF_EVENT target retained target_fd=642 hold_fd=644 link_fd=643
[52.428522 pid=1937 tid=1943] BPF_TASK_FD_QUERY target_fd=642 attach_type=41 -> ret=0 errno=0 fd_type=3 prog_id=30 probe_offset=0 probe_addr=18446744072491707408 symbol=__ia32_sys_dup2
[52.428851 pid=1937 tid=1943]   LINK_CREATE -> fd=643 errno=0 kernel_link_id=126
[52.429094 pid=1937 tid=1943] PERF_EVENT_IOC_ENABLE event_fd=642
[52.430633 pid=1937 tid=1943] perf_event_open type=8 config=0 config1=140416441268704 config2=0 pid=-1 cpu=0 group_fd=-1 flags=8 kprobe_func=vfs_write kprobe_addr=0 -> fd=645 errno=0
[52.431111 pid=1937 tid=1943] BPF_LINK_CREATE prog_fd=220 target_fd=645 attach_type=41 flags=0
[52.431447 pid=1937 tid=1943] BPF_PERF_EVENT target retained target_fd=645 hold_fd=647 link_fd=646
[52.431705 pid=1937 tid=1943] BPF_TASK_FD_QUERY target_fd=645 attach_type=41 -> ret=0 errno=0 fd_type=2 prog_id=83 probe_offset=0 probe_addr=18446744072491522976 symbol=vfs_write
[52.431972 pid=1937 tid=1943]   LINK_CREATE -> fd=646 errno=0 kernel_link_id=127
[52.432081 pid=1937 tid=1943] PERF_EVENT_IOC_ENABLE event_fd=645
[52.433337 pid=1937 tid=1943] perf_event_open type=8 config=0 config1=140416441268704 config2=0 pid=-1 cpu=0 group_fd=-1 flags=8 kprobe_func=sock_alloc_file kprobe_addr=0 -> fd=648 errno=0
[52.433634 pid=1937 tid=1943] BPF_LINK_CREATE prog_fd=285 target_fd=648 attach_type=41 flags=0
[52.434111 pid=1937 tid=1943] BPF_PERF_EVENT target retained target_fd=648 hold_fd=650 link_fd=649
[52.434525 pid=1937 tid=1943] BPF_TASK_FD_QUERY target_fd=648 attach_type=41 -> ret=0 errno=0 fd_type=2 prog_id=148 probe_offset=0 probe_addr=18446744072498455184 symbol=sock_alloc_file
[52.435014 pid=1937 tid=1943]   LINK_CREATE -> fd=649 errno=0 kernel_link_id=128
[52.435546 pid=1937 tid=1943] PERF_EVENT_IOC_ENABLE event_fd=648
[52.438899 pid=1937 tid=1943] perf_event_open type=8 config=0 config1=140416441268704 config2=0 pid=-1 cpu=0 group_fd=-1 flags=8 kprobe_func=security_socket_bind kprobe_addr=0 -> fd=651 errno=0
[52.439220 pid=1937 tid=1943] BPF_LINK_CREATE prog_fd=216 target_fd=651 attach_type=41 flags=0
[52.440319 pid=1937 tid=1943] BPF_PERF_EVENT target retained target_fd=651 hold_fd=653 link_fd=652
[52.440535 pid=1937 tid=1943] BPF_TASK_FD_QUERY target_fd=651 attach_type=41 -> ret=0 errno=0 fd_type=2 prog_id=79 probe_offset=0 probe_addr=18446744072494452320 symbol=security_socket_bind
[52.440814 pid=1937 tid=1943]   LINK_CREATE -> fd=652 errno=0 kernel_link_id=129
[52.440981 pid=1937 tid=1943] PERF_EVENT_IOC_ENABLE event_fd=651
[52.441853 pid=1937 tid=1943] perf_event_open type=8 config=0 config1=140416441268704 config2=0 pid=-1 cpu=0 group_fd=-1 flags=8 kprobe_func=__register_chrdev kprobe_addr=0 -> fd=654 errno=0
[52.442027 pid=1937 tid=1943] BPF_LINK_CREATE prog_fd=253 target_fd=654 attach_type=41 flags=0
[52.442192 pid=1937 tid=1943] BPF_PERF_EVENT target retained target_fd=654 hold_fd=656 link_fd=655
[52.442541 pid=1937 tid=1943] BPF_TASK_FD_QUERY target_fd=654 attach_type=41 -> ret=0 errno=0 fd_type=2 prog_id=116 probe_offset=0 probe_addr=18446744072491548384 symbol=__register_chrdev
[52.442875 pid=1937 tid=1943]   LINK_CREATE -> fd=655 errno=0 kernel_link_id=130
[52.443181 pid=1937 tid=1943] PERF_EVENT_IOC_ENABLE event_fd=654
[52.446137 pid=1937 tid=1943] perf_event_open type=8 config=0 config1=140416441268704 config2=0 pid=-1 cpu=0 group_fd=-1 flags=8 kprobe_func=security_socket_listen kprobe_addr=0 -> fd=657 errno=0
[52.446535 pid=1937 tid=1943] BPF_LINK_CREATE prog_fd=213 target_fd=657 attach_type=41 flags=0
[52.446945 pid=1937 tid=1943] BPF_PERF_EVENT target retained target_fd=657 hold_fd=659 link_fd=658
[52.447507 pid=1937 tid=1943] BPF_TASK_FD_QUERY target_fd=657 attach_type=41 -> ret=0 errno=0 fd_type=2 prog_id=76 probe_offset=0 probe_addr=18446744072494452800 symbol=security_socket_listen
[52.448045 pid=1937 tid=1943]   LINK_CREATE -> fd=658 errno=0 kernel_link_id=131
[52.448635 pid=1937 tid=1943] PERF_EVENT_IOC_ENABLE event_fd=657
[52.451349 pid=1937 tid=1943] perf_event_open type=8 config=0 config1=140416441268704 config2=0 pid=-1 cpu=0 group_fd=-1 flags=8 kprobe_func=filldir64 kprobe_addr=0 -> fd=660 errno=0
[52.452214 pid=1937 tid=1943] BPF_LINK_CREATE prog_fd=193 target_fd=660 attach_type=41 flags=0
[52.452547 pid=1937 tid=1943] BPF_PERF_EVENT target retained target_fd=660 hold_fd=662 link_fd=661
[52.453566 pid=1937 tid=1943] BPF_TASK_FD_QUERY target_fd=660 attach_type=41 -> ret=0 errno=0 fd_type=2 prog_id=56 probe_offset=0 probe_addr=18446744072491643120 symbol=filldir64
[52.453888 pid=1937 tid=1943]   LINK_CREATE -> fd=661 errno=0 kernel_link_id=132
[52.454120 pid=1937 tid=1943] PERF_EVENT_IOC_ENABLE event_fd=660
[52.455062 pid=1937 tid=1943] perf_event_open type=8 config=1 config1=140416441268704 config2=0 pid=-1 cpu=0 group_fd=-1 flags=8 kprobe_func=__kernel_write kprobe_addr=0 -> fd=663 errno=0
[52.455713 pid=1937 tid=1943] BPF_LINK_CREATE prog_fd=233 target_fd=663 attach_type=41 flags=0
[52.455981 pid=1937 tid=1943] BPF_PERF_EVENT target retained target_fd=663 hold_fd=665 link_fd=664
[52.456457 pid=1937 tid=1943] BPF_TASK_FD_QUERY target_fd=663 attach_type=41 -> ret=0 errno=0 fd_type=3 prog_id=96 probe_offset=0 probe_addr=18446744072491522416 symbol=__kernel_write
[52.456691 pid=1937 tid=1943]   LINK_CREATE -> fd=664 errno=0 kernel_link_id=133
[52.457339 pid=1937 tid=1943] PERF_EVENT_IOC_ENABLE event_fd=663
[52.520522 pid=1937 tid=1953] perf_event_open type=9 config=0 config1=140416440791312 config2=29539008 pid=-1 cpu=0 group_fd=-1 flags=8 uprobe_path=/proc/self/exe probe_offset=29539008 -> fd=667 errno=0
[52.521487 pid=1937 tid=1953] BPF_LINK_CREATE prog_fd=178 target_fd=667 attach_type=41 flags=0
[52.522138 pid=1937 tid=1953] BPF_PERF_EVENT target retained target_fd=667 hold_fd=669 link_fd=668
[52.522664 pid=1937 tid=1953] BPF_TASK_FD_QUERY target_fd=667 attach_type=41 -> ret=0 errno=0 fd_type=4 prog_id=41 probe_offset=29539008 probe_addr=0 symbol=/proc/self/exe
[52.523644 pid=1937 tid=1953]   LINK_CREATE -> fd=668 errno=0 kernel_link_id=134
[52.524020 pid=1937 tid=1953] PERF_EVENT_IOC_ENABLE event_fd=667
[52.527350 pid=1937 tid=1953] perf_event_open type=8 config=1 config1=140416440791312 config2=0 pid=-1 cpu=0 group_fd=-1 flags=8 kprobe_func=vfs_write kprobe_addr=0 -> fd=666 errno=0
[52.527722 pid=1937 tid=1953] BPF_LINK_CREATE prog_fd=223 target_fd=666 attach_type=41 flags=0
[52.528158 pid=1937 tid=1953] BPF_PERF_EVENT target retained target_fd=666 hold_fd=671 link_fd=670
[52.528607 pid=1937 tid=1953] BPF_TASK_FD_QUERY target_fd=666 attach_type=41 -> ret=0 errno=0 fd_type=3 prog_id=86 probe_offset=0 probe_addr=18446744072491522976 symbol=vfs_write
[52.528870 pid=1937 tid=1953]   LINK_CREATE -> fd=670 errno=0 kernel_link_id=135
[52.529205 pid=1937 tid=1953] PERF_EVENT_IOC_ENABLE event_fd=666
[52.534537 pid=1937 tid=1953] perf_event_open type=8 config=0 config1=140416440791312 config2=0 pid=-1 cpu=0 group_fd=-1 flags=8 kprobe_func=security_task_prctl kprobe_addr=0 -> fd=672 errno=0
[52.535091 pid=1937 tid=1953] BPF_LINK_CREATE prog_fd=282 target_fd=672 attach_type=41 flags=0
[52.535525 pid=1937 tid=1953] BPF_PERF_EVENT target retained target_fd=672 hold_fd=674 link_fd=673
[52.535919 pid=1937 tid=1953] BPF_TASK_FD_QUERY target_fd=672 attach_type=41 -> ret=0 errno=0 fd_type=2 prog_id=145 probe_offset=0 probe_addr=18446744072494445808 symbol=security_task_prctl
[52.536482 pid=1937 tid=1953]   LINK_CREATE -> fd=673 errno=0 kernel_link_id=136
[52.536876 pid=1937 tid=1953] PERF_EVENT_IOC_ENABLE event_fd=672
[52.538027 pid=1937 tid=1953] perf_event_open type=8 config=0 config1=140416440791312 config2=0 pid=-1 cpu=0 group_fd=-1 flags=8 kprobe_func=__kernel_write kprobe_addr=0 -> fd=675 errno=0
[52.538679 pid=1937 tid=1953] BPF_LINK_CREATE prog_fd=231 target_fd=675 attach_type=41 flags=0
[52.539072 pid=1937 tid=1953] BPF_PERF_EVENT target retained target_fd=675 hold_fd=677 link_fd=676
[52.539508 pid=1937 tid=1953] BPF_TASK_FD_QUERY target_fd=675 attach_type=41 -> ret=0 errno=0 fd_type=2 prog_id=94 probe_offset=0 probe_addr=18446744072491522416 symbol=__kernel_write
[52.539819 pid=1937 tid=1953]   LINK_CREATE -> fd=676 errno=0 kernel_link_id=137
[52.540167 pid=1937 tid=1953] PERF_EVENT_IOC_ENABLE event_fd=675
[52.541237 pid=1937 tid=1953] perf_event_open type=8 config=1 config1=140416440791312 config2=0 pid=-1 cpu=0 group_fd=-1 flags=8 kprobe_func=inotify_find_inode kprobe_addr=0 -> fd=678 errno=0
[52.541612 pid=1937 tid=1953] BPF_LINK_CREATE prog_fd=272 target_fd=678 attach_type=41 flags=0
[52.542136 pid=1937 tid=1953] BPF_PERF_EVENT target retained target_fd=678 hold_fd=680 link_fd=679
[52.542641 pid=1937 tid=1953] BPF_TASK_FD_QUERY target_fd=678 attach_type=41 -> ret=0 errno=0 fd_type=3 prog_id=135 probe_offset=0 probe_addr=18446744072491970992 symbol=inotify_find_inode
[52.543070 pid=1937 tid=1953]   LINK_CREATE -> fd=679 errno=0 kernel_link_id=138
[52.543960 pid=1937 tid=1953] PERF_EVENT_IOC_ENABLE event_fd=678
[52.573584 pid=1937 tid=1953] perf_event_open type=9 config=0 config1=140416440791312 config2=28915328 pid=-1 cpu=0 group_fd=-1 flags=8 uprobe_path=/proc/self/exe probe_offset=28915328 -> fd=682 errno=0
[52.574731 pid=1937 tid=1953] BPF_LINK_CREATE prog_fd=196 target_fd=682 attach_type=41 flags=0
[52.575200 pid=1937 tid=1953] BPF_PERF_EVENT target retained target_fd=682 hold_fd=684 link_fd=683
[52.575567 pid=1937 tid=1953] BPF_TASK_FD_QUERY target_fd=682 attach_type=41 -> ret=0 errno=0 fd_type=4 prog_id=59 probe_offset=28915328 probe_addr=0 symbol=/proc/self/exe
[52.576126 pid=1937 tid=1953]   LINK_CREATE -> fd=683 errno=0 kernel_link_id=139
[52.576660 pid=1937 tid=1953] PERF_EVENT_IOC_ENABLE event_fd=682
[52.578751 pid=1937 tid=1953] BPF_RAW_TRACEPOINT_OPEN name=sched_process_fork prog_fd=175
[52.580275 pid=1937 tid=1953]   RAW_TRACEPOINT_OPEN -> fd=681 errno=0
[52.580694 pid=1937 tid=1953] BPF_RAW_TRACEPOINT_OPEN name=sys_enter prog_fd=24
[52.582268 pid=1937 tid=1953]   RAW_TRACEPOINT_OPEN -> fd=685 errno=0
[52.583193 pid=1937 tid=1953] BPF_MAP_UPDATE_ELEM prog_array name=prog_array_tp map_fd=29 map_id=142 key=5 prog_fd=187 prog_id=50 flags=0 ret=0 errno=0
[52.583359 pid=1937 tid=1953] native-loader jit-info prog_array-target fd=187 id=50 type=17 name=sched_process_e tag=a6fd99aa1466e79e jited_len=22751 xlated_len=37416 nr_jited_ksyms=1 ksym0=0xffffffffc047a49c ksym1=0x0
[52.583651 pid=1937 tid=1953] BPF_MAP_UPDATE_ELEM prog_array name=sys_exit_submit map_fd=17 map_id=130 key=0 prog_fd=72 prog_id=18 flags=0 ret=0 errno=0
[52.583918 pid=1937 tid=1953] native-loader jit-info prog_array-target fd=72 id=18 type=17 name=sys_exit_submit tag=07fb247c2a62a43e jited_len=12117 xlated_len=20536 nr_jited_ksyms=1 ksym0=0xffffffffc0407214 ksym1=0x0
[52.584382 pid=1937 tid=1953] BPF_MAP_UPDATE_ELEM prog_array name=sys_exit_submit map_fd=17 map_id=130 key=1 prog_fd=72 prog_id=18 flags=0 ret=0 errno=0
[52.584546 pid=1937 tid=1953] native-loader jit-info prog_array-target fd=72 id=18 type=17 name=sys_exit_submit tag=07fb247c2a62a43e jited_len=12117 xlated_len=20536 nr_jited_ksyms=1 ksym0=0xffffffffc0407214 ksym1=0x0
[52.584903 pid=1937 tid=1953] BPF_MAP_UPDATE_ELEM prog_array name=sys_exit_submit map_fd=17 map_id=130 key=2 prog_fd=72 prog_id=18 flags=0 ret=0 errno=0
[52.585173 pid=1937 tid=1953] native-loader jit-info prog_array-target fd=72 id=18 type=17 name=sys_exit_submit tag=07fb247c2a62a43e jited_len=12117 xlated_len=20536 nr_jited_ksyms=1 ksym0=0xffffffffc0407214 ksym1=0x0
[52.585484 pid=1937 tid=1953] BPF_MAP_UPDATE_ELEM prog_array name=sys_exit_submit map_fd=17 map_id=130 key=3 prog_fd=72 prog_id=18 flags=0 ret=0 errno=0
[52.585903 pid=1937 tid=1953] native-loader jit-info prog_array-target fd=72 id=18 type=17 name=sys_exit_submit tag=07fb247c2a62a43e jited_len=12117 xlated_len=20536 nr_jited_ksyms=1 ksym0=0xffffffffc0407214 ksym1=0x0
[52.586153 pid=1937 tid=1953] BPF_MAP_UPDATE_ELEM prog_array name=sys_exit_submit map_fd=17 map_id=130 key=4 prog_fd=72 prog_id=18 flags=0 ret=0 errno=0
[52.586361 pid=1937 tid=1953] native-loader jit-info prog_array-target fd=72 id=18 type=17 name=sys_exit_submit tag=07fb247c2a62a43e jited_len=12117 xlated_len=20536 nr_jited_ksyms=1 ksym0=0xffffffffc0407214 ksym1=0x0
[52.586985 pid=1937 tid=1953] BPF_MAP_UPDATE_ELEM prog_array name=sys_exit_submit map_fd=17 map_id=130 key=5 prog_fd=72 prog_id=18 flags=0 ret=0 errno=0
[52.587210 pid=1937 tid=1953] native-loader jit-info prog_array-target fd=72 id=18 type=17 name=sys_exit_submit tag=07fb247c2a62a43e jited_len=12117 xlated_len=20536 nr_jited_ksyms=1 ksym0=0xffffffffc0407214 ksym1=0x0
[52.587405 pid=1937 tid=1953] BPF_MAP_UPDATE_ELEM prog_array name=sys_exit_submit map_fd=17 map_id=130 key=6 prog_fd=72 prog_id=18 flags=0 ret=0 errno=0
[52.587588 pid=1937 tid=1953] native-loader jit-info prog_array-target fd=72 id=18 type=17 name=sys_exit_submit tag=07fb247c2a62a43e jited_len=12117 xlated_len=20536 nr_jited_ksyms=1 ksym0=0xffffffffc0407214 ksym1=0x0
[52.587755 pid=1937 tid=1953] BPF_MAP_UPDATE_ELEM prog_array name=sys_exit_submit map_fd=17 map_id=130 key=7 prog_fd=72 prog_id=18 flags=0 ret=0 errno=0
[52.587903 pid=1937 tid=1953] native-loader jit-info prog_array-target fd=72 id=18 type=17 name=sys_exit_submit tag=07fb247c2a62a43e jited_len=12117 xlated_len=20536 nr_jited_ksyms=1 ksym0=0xffffffffc0407214 ksym1=0x0
[52.588063 pid=1937 tid=1953] BPF_MAP_UPDATE_ELEM prog_array name=sys_exit_submit map_fd=17 map_id=130 key=8 prog_fd=72 prog_id=18 flags=0 ret=0 errno=0
[52.588230 pid=1937 tid=1953] native-loader jit-info prog_array-target fd=72 id=18 type=17 name=sys_exit_submit tag=07fb247c2a62a43e jited_len=12117 xlated_len=20536 nr_jited_ksyms=1 ksym0=0xffffffffc0407214 ksym1=0x0
[52.588467 pid=1937 tid=1953] BPF_MAP_UPDATE_ELEM prog_array name=sys_exit_submit map_fd=17 map_id=130 key=9 prog_fd=72 prog_id=18 flags=0 ret=0 errno=0
[52.588677 pid=1937 tid=1953] native-loader jit-info prog_array-target fd=72 id=18 type=17 name=sys_exit_submit tag=07fb247c2a62a43e jited_len=12117 xlated_len=20536 nr_jited_ksyms=1 ksym0=0xffffffffc0407214 ksym1=0x0
[52.588866 pid=1937 tid=1953] BPF_MAP_UPDATE_ELEM prog_array name=sys_exit_submit map_fd=17 map_id=130 key=10 prog_fd=72 prog_id=18 flags=0 ret=0 errno=0
[52.589028 pid=1937 tid=1953] native-loader jit-info prog_array-target fd=72 id=18 type=17 name=sys_exit_submit tag=07fb247c2a62a43e jited_len=12117 xlated_len=20536 nr_jited_ksyms=1 ksym0=0xffffffffc0407214 ksym1=0x0
[52.589176 pid=1937 tid=1953] BPF_MAP_UPDATE_ELEM prog_array name=sys_exit_submit map_fd=17 map_id=130 key=11 prog_fd=72 prog_id=18 flags=0 ret=0 errno=0
[52.589332 pid=1937 tid=1953] native-loader jit-info prog_array-target fd=72 id=18 type=17 name=sys_exit_submit tag=07fb247c2a62a43e jited_len=12117 xlated_len=20536 nr_jited_ksyms=1 ksym0=0xffffffffc0407214 ksym1=0x0
[52.589481 pid=1937 tid=1953] BPF_MAP_UPDATE_ELEM prog_array name=sys_exit_submit map_fd=17 map_id=130 key=12 prog_fd=72 prog_id=18 flags=0 ret=0 errno=0
[52.589609 pid=1937 tid=1953] native-loader jit-info prog_array-target fd=72 id=18 type=17 name=sys_exit_submit tag=07fb247c2a62a43e jited_len=12117 xlated_len=20536 nr_jited_ksyms=1 ksym0=0xffffffffc0407214 ksym1=0x0
[52.589740 pid=1937 tid=1953] BPF_MAP_UPDATE_ELEM prog_array name=sys_exit_submit map_fd=17 map_id=130 key=13 prog_fd=72 prog_id=18 flags=0 ret=0 errno=0
[52.589878 pid=1937 tid=1953] native-loader jit-info prog_array-target fd=72 id=18 type=17 name=sys_exit_submit tag=07fb247c2a62a43e jited_len=12117 xlated_len=20536 nr_jited_ksyms=1 ksym0=0xffffffffc0407214 ksym1=0x0
[52.590034 pid=1937 tid=1953] BPF_MAP_UPDATE_ELEM prog_array name=sys_exit_submit map_fd=17 map_id=130 key=14 prog_fd=72 prog_id=18 flags=0 ret=0 errno=0
[52.590231 pid=1937 tid=1953] native-loader jit-info prog_array-target fd=72 id=18 type=17 name=sys_exit_submit tag=07fb247c2a62a43e jited_len=12117 xlated_len=20536 nr_jited_ksyms=1 ksym0=0xffffffffc0407214 ksym1=0x0
[52.590451 pid=1937 tid=1953] BPF_MAP_UPDATE_ELEM prog_array name=sys_exit_submit map_fd=17 map_id=130 key=15 prog_fd=72 prog_id=18 flags=0 ret=0 errno=0
[52.590617 pid=1937 tid=1953] native-loader jit-info prog_array-target fd=72 id=18 type=17 name=sys_exit_submit tag=07fb247c2a62a43e jited_len=12117 xlated_len=20536 nr_jited_ksyms=1 ksym0=0xffffffffc0407214 ksym1=0x0
[52.590836 pid=1937 tid=1953] BPF_MAP_UPDATE_ELEM prog_array name=sys_exit_submit map_fd=17 map_id=130 key=16 prog_fd=72 prog_id=18 flags=0 ret=0 errno=0
[52.591034 pid=1937 tid=1953] native-loader jit-info prog_array-target fd=72 id=18 type=17 name=sys_exit_submit tag=07fb247c2a62a43e jited_len=12117 xlated_len=20536 nr_jited_ksyms=1 ksym0=0xffffffffc0407214 ksym1=0x0
[52.591185 pid=1937 tid=1953] BPF_MAP_UPDATE_ELEM prog_array name=sys_exit_submit map_fd=17 map_id=130 key=17 prog_fd=72 prog_id=18 flags=0 ret=0 errno=0
[52.591353 pid=1937 tid=1953] native-loader jit-info prog_array-target fd=72 id=18 type=17 name=sys_exit_submit tag=07fb247c2a62a43e jited_len=12117 xlated_len=20536 nr_jited_ksyms=1 ksym0=0xffffffffc0407214 ksym1=0x0
[52.591514 pid=1937 tid=1953] BPF_MAP_UPDATE_ELEM prog_array name=sys_exit_submit map_fd=17 map_id=130 key=18 prog_fd=72 prog_id=18 flags=0 ret=0 errno=0
[52.591655 pid=1937 tid=1953] native-loader jit-info prog_array-target fd=72 id=18 type=17 name=sys_exit_submit tag=07fb247c2a62a43e jited_len=12117 xlated_len=20536 nr_jited_ksyms=1 ksym0=0xffffffffc0407214 ksym1=0x0
[52.591790 pid=1937 tid=1953] BPF_MAP_UPDATE_ELEM prog_array name=sys_exit_submit map_fd=17 map_id=130 key=19 prog_fd=72 prog_id=18 flags=0 ret=0 errno=0
[52.591927 pid=1937 tid=1953] native-loader jit-info prog_array-target fd=72 id=18 type=17 name=sys_exit_submit tag=07fb247c2a62a43e jited_len=12117 xlated_len=20536 nr_jited_ksyms=1 ksym0=0xffffffffc0407214 ksym1=0x0
[52.592110 pid=1937 tid=1953] BPF_MAP_UPDATE_ELEM prog_array name=sys_exit_submit map_fd=17 map_id=130 key=20 prog_fd=72 prog_id=18 flags=0 ret=0 errno=0
[52.592245 pid=1937 tid=1953] native-loader jit-info prog_array-target fd=72 id=18 type=17 name=sys_exit_submit tag=07fb247c2a62a43e jited_len=12117 xlated_len=20536 nr_jited_ksyms=1 ksym0=0xffffffffc0407214 ksym1=0x0
[52.592469 pid=1937 tid=1953] BPF_MAP_UPDATE_ELEM prog_array name=sys_exit_submit map_fd=17 map_id=130 key=21 prog_fd=72 prog_id=18 flags=0 ret=0 errno=0
[52.592627 pid=1937 tid=1953] native-loader jit-info prog_array-target fd=72 id=18 type=17 name=sys_exit_submit tag=07fb247c2a62a43e jited_len=12117 xlated_len=20536 nr_jited_ksyms=1 ksym0=0xffffffffc0407214 ksym1=0x0
[52.592785 pid=1937 tid=1953] BPF_MAP_UPDATE_ELEM prog_array name=sys_exit_submit map_fd=17 map_id=130 key=22 prog_fd=72 prog_id=18 flags=0 ret=0 errno=0
[52.592928 pid=1937 tid=1953] native-loader jit-info prog_array-target fd=72 id=18 type=17 name=sys_exit_submit tag=07fb247c2a62a43e jited_len=12117 xlated_len=20536 nr_jited_ksyms=1 ksym0=0xffffffffc0407214 ksym1=0x0
[52.593061 pid=1937 tid=1953] BPF_MAP_UPDATE_ELEM prog_array name=sys_exit_submit map_fd=17 map_id=130 key=23 prog_fd=72 prog_id=18 flags=0 ret=0 errno=0
[52.593199 pid=1937 tid=1953] native-loader jit-info prog_array-target fd=72 id=18 type=17 name=sys_exit_submit tag=07fb247c2a62a43e jited_len=12117 xlated_len=20536 nr_jited_ksyms=1 ksym0=0xffffffffc0407214 ksym1=0x0
[52.593296 pid=1937 tid=1953] BPF_MAP_UPDATE_ELEM prog_array name=sys_exit_submit map_fd=17 map_id=130 key=24 prog_fd=72 prog_id=18 flags=0 ret=0 errno=0
[52.593434 pid=1937 tid=1953] native-loader jit-info prog_array-target fd=72 id=18 type=17 name=sys_exit_submit tag=07fb247c2a62a43e jited_len=12117 xlated_len=20536 nr_jited_ksyms=1 ksym0=0xffffffffc0407214 ksym1=0x0
[52.593568 pid=1937 tid=1953] BPF_MAP_UPDATE_ELEM prog_array name=sys_exit_submit map_fd=17 map_id=130 key=25 prog_fd=72 prog_id=18 flags=0 ret=0 errno=0
[52.593707 pid=1937 tid=1953] native-loader jit-info prog_array-target fd=72 id=18 type=17 name=sys_exit_submit tag=07fb247c2a62a43e jited_len=12117 xlated_len=20536 nr_jited_ksyms=1 ksym0=0xffffffffc0407214 ksym1=0x0
[52.593853 pid=1937 tid=1953] BPF_MAP_UPDATE_ELEM prog_array name=sys_exit_submit map_fd=17 map_id=130 key=26 prog_fd=72 prog_id=18 flags=0 ret=0 errno=0
[52.593992 pid=1937 tid=1953] native-loader jit-info prog_array-target fd=72 id=18 type=17 name=sys_exit_submit tag=07fb247c2a62a43e jited_len=12117 xlated_len=20536 nr_jited_ksyms=1 ksym0=0xffffffffc0407214 ksym1=0x0
[52.594143 pid=1937 tid=1953] BPF_MAP_UPDATE_ELEM prog_array name=sys_exit_submit map_fd=17 map_id=130 key=27 prog_fd=72 prog_id=18 flags=0 ret=0 errno=0
[52.594311 pid=1937 tid=1953] native-loader jit-info prog_array-target fd=72 id=18 type=17 name=sys_exit_submit tag=07fb247c2a62a43e jited_len=12117 xlated_len=20536 nr_jited_ksyms=1 ksym0=0xffffffffc0407214 ksym1=0x0
[52.594519 pid=1937 tid=1953] BPF_MAP_UPDATE_ELEM prog_array name=sys_exit_submit map_fd=17 map_id=130 key=28 prog_fd=72 prog_id=18 flags=0 ret=0 errno=0
[52.594671 pid=1937 tid=1953] native-loader jit-info prog_array-target fd=72 id=18 type=17 name=sys_exit_submit tag=07fb247c2a62a43e jited_len=12117 xlated_len=20536 nr_jited_ksyms=1 ksym0=0xffffffffc0407214 ksym1=0x0
[52.594832 pid=1937 tid=1953] BPF_MAP_UPDATE_ELEM prog_array name=sys_exit_submit map_fd=17 map_id=130 key=29 prog_fd=72 prog_id=18 flags=0 ret=0 errno=0
[52.594984 pid=1937 tid=1953] native-loader jit-info prog_array-target fd=72 id=18 type=17 name=sys_exit_submit tag=07fb247c2a62a43e jited_len=12117 xlated_len=20536 nr_jited_ksyms=1 ksym0=0xffffffffc0407214 ksym1=0x0
[52.595103 pid=1937 tid=1953] BPF_MAP_UPDATE_ELEM prog_array name=sys_exit_submit map_fd=17 map_id=130 key=30 prog_fd=72 prog_id=18 flags=0 ret=0 errno=0
[52.595260 pid=1937 tid=1953] native-loader jit-info prog_array-target fd=72 id=18 type=17 name=sys_exit_submit tag=07fb247c2a62a43e jited_len=12117 xlated_len=20536 nr_jited_ksyms=1 ksym0=0xffffffffc0407214 ksym1=0x0
[52.595410 pid=1937 tid=1953] BPF_MAP_UPDATE_ELEM prog_array name=sys_exit_submit map_fd=17 map_id=130 key=31 prog_fd=72 prog_id=18 flags=0 ret=0 errno=0
[52.595517 pid=1937 tid=1953] native-loader jit-info prog_array-target fd=72 id=18 type=17 name=sys_exit_submit tag=07fb247c2a62a43e jited_len=12117 xlated_len=20536 nr_jited_ksyms=1 ksym0=0xffffffffc0407214 ksym1=0x0
[52.595696 pid=1937 tid=1953] BPF_MAP_UPDATE_ELEM prog_array name=sys_exit_submit map_fd=17 map_id=130 key=34 prog_fd=72 prog_id=18 flags=0 ret=0 errno=0
[52.595847 pid=1937 tid=1953] native-loader jit-info prog_array-target fd=72 id=18 type=17 name=sys_exit_submit tag=07fb247c2a62a43e jited_len=12117 xlated_len=20536 nr_jited_ksyms=1 ksym0=0xffffffffc0407214 ksym1=0x0
[52.595951 pid=1937 tid=1953] BPF_MAP_UPDATE_ELEM prog_array name=sys_exit_submit map_fd=17 map_id=130 key=35 prog_fd=72 prog_id=18 flags=0 ret=0 errno=0
[52.596102 pid=1937 tid=1953] native-loader jit-info prog_array-target fd=72 id=18 type=17 name=sys_exit_submit tag=07fb247c2a62a43e jited_len=12117 xlated_len=20536 nr_jited_ksyms=1 ksym0=0xffffffffc0407214 ksym1=0x0
[52.596205 pid=1937 tid=1953] BPF_MAP_UPDATE_ELEM prog_array name=sys_exit_submit map_fd=17 map_id=130 key=36 prog_fd=72 prog_id=18 flags=0 ret=0 errno=0
[52.596362 pid=1937 tid=1953] native-loader jit-info prog_array-target fd=72 id=18 type=17 name=sys_exit_submit tag=07fb247c2a62a43e jited_len=12117 xlated_len=20536 nr_jited_ksyms=1 ksym0=0xffffffffc0407214 ksym1=0x0
[52.596464 pid=1937 tid=1953] BPF_MAP_UPDATE_ELEM prog_array name=sys_exit_submit map_fd=17 map_id=130 key=37 prog_fd=72 prog_id=18 flags=0 ret=0 errno=0
[52.596637 pid=1937 tid=1953] native-loader jit-info prog_array-target fd=72 id=18 type=17 name=sys_exit_submit tag=07fb247c2a62a43e jited_len=12117 xlated_len=20536 nr_jited_ksyms=1 ksym0=0xffffffffc0407214 ksym1=0x0
[52.596785 pid=1937 tid=1953] BPF_MAP_UPDATE_ELEM prog_array name=sys_exit_submit map_fd=17 map_id=130 key=38 prog_fd=72 prog_id=18 flags=0 ret=0 errno=0
[52.596908 pid=1937 tid=1953] native-loader jit-info prog_array-target fd=72 id=18 type=17 name=sys_exit_submit tag=07fb247c2a62a43e jited_len=12117 xlated_len=20536 nr_jited_ksyms=1 ksym0=0xffffffffc0407214 ksym1=0x0
[52.597028 pid=1937 tid=1953] BPF_MAP_UPDATE_ELEM prog_array name=sys_exit_submit map_fd=17 map_id=130 key=39 prog_fd=72 prog_id=18 flags=0 ret=0 errno=0
[52.597136 pid=1937 tid=1953] native-loader jit-info prog_array-target fd=72 id=18 type=17 name=sys_exit_submit tag=07fb247c2a62a43e jited_len=12117 xlated_len=20536 nr_jited_ksyms=1 ksym0=0xffffffffc0407214 ksym1=0x0
[52.597289 pid=1937 tid=1953] BPF_MAP_UPDATE_ELEM prog_array name=sys_exit_submit map_fd=17 map_id=130 key=40 prog_fd=72 prog_id=18 flags=0 ret=0 errno=0
[52.597436 pid=1937 tid=1953] native-loader jit-info prog_array-target fd=72 id=18 type=17 name=sys_exit_submit tag=07fb247c2a62a43e jited_len=12117 xlated_len=20536 nr_jited_ksyms=1 ksym0=0xffffffffc0407214 ksym1=0x0
[52.597540 pid=1937 tid=1953] BPF_MAP_UPDATE_ELEM prog_array name=sys_exit_submit map_fd=17 map_id=130 key=41 prog_fd=72 prog_id=18 flags=0 ret=0 errno=0
[52.597648 pid=1937 tid=1953] native-loader jit-info prog_array-target fd=72 id=18 type=17 name=sys_exit_submit tag=07fb247c2a62a43e jited_len=12117 xlated_len=20536 nr_jited_ksyms=1 ksym0=0xffffffffc0407214 ksym1=0x0
[52.597959 pid=1937 tid=1953] BPF_MAP_UPDATE_ELEM prog_array name=sys_exit_submit map_fd=17 map_id=130 key=42 prog_fd=72 prog_id=18 flags=0 ret=0 errno=0
[52.598068 pid=1937 tid=1953] native-loader jit-info prog_array-target fd=72 id=18 type=17 name=sys_exit_submit tag=07fb247c2a62a43e jited_len=12117 xlated_len=20536 nr_jited_ksyms=1 ksym0=0xffffffffc0407214 ksym1=0x0
[52.598172 pid=1937 tid=1953] BPF_MAP_UPDATE_ELEM prog_array name=sys_exit_submit map_fd=17 map_id=130 key=43 prog_fd=72 prog_id=18 flags=0 ret=0 errno=0
[52.598368 pid=1937 tid=1953] native-loader jit-info prog_array-target fd=72 id=18 type=17 name=sys_exit_submit tag=07fb247c2a62a43e jited_len=12117 xlated_len=20536 nr_jited_ksyms=1 ksym0=0xffffffffc0407214 ksym1=0x0
[52.598528 pid=1937 tid=1953] BPF_MAP_UPDATE_ELEM prog_array name=sys_exit_submit map_fd=17 map_id=130 key=44 prog_fd=72 prog_id=18 flags=0 ret=0 errno=0
[52.598810 pid=1937 tid=1953] native-loader jit-info prog_array-target fd=72 id=18 type=17 name=sys_exit_submit tag=07fb247c2a62a43e jited_len=12117 xlated_len=20536 nr_jited_ksyms=1 ksym0=0xffffffffc0407214 ksym1=0x0
[52.598992 pid=1937 tid=1953] BPF_MAP_UPDATE_ELEM prog_array name=sys_exit_submit map_fd=17 map_id=130 key=45 prog_fd=72 prog_id=18 flags=0 ret=0 errno=0
[52.599305 pid=1937 tid=1953] native-loader jit-info prog_array-target fd=72 id=18 type=17 name=sys_exit_submit tag=07fb247c2a62a43e jited_len=12117 xlated_len=20536 nr_jited_ksyms=1 ksym0=0xffffffffc0407214 ksym1=0x0
[52.599441 pid=1937 tid=1953] BPF_MAP_UPDATE_ELEM prog_array name=sys_exit_submit map_fd=17 map_id=130 key=46 prog_fd=72 prog_id=18 flags=0 ret=0 errno=0
[52.599692 pid=1937 tid=1953] native-loader jit-info prog_array-target fd=72 id=18 type=17 name=sys_exit_submit tag=07fb247c2a62a43e jited_len=12117 xlated_len=20536 nr_jited_ksyms=1 ksym0=0xffffffffc0407214 ksym1=0x0
[52.599832 pid=1937 tid=1953] BPF_MAP_UPDATE_ELEM prog_array name=sys_exit_submit map_fd=17 map_id=130 key=47 prog_fd=72 prog_id=18 flags=0 ret=0 errno=0
[52.599969 pid=1937 tid=1953] native-loader jit-info prog_array-target fd=72 id=18 type=17 name=sys_exit_submit tag=07fb247c2a62a43e jited_len=12117 xlated_len=20536 nr_jited_ksyms=1 ksym0=0xffffffffc0407214 ksym1=0x0
[52.600110 pid=1937 tid=1953] BPF_MAP_UPDATE_ELEM prog_array name=sys_exit_submit map_fd=17 map_id=130 key=48 prog_fd=72 prog_id=18 flags=0 ret=0 errno=0
[52.600217 pid=1937 tid=1953] native-loader jit-info prog_array-target fd=72 id=18 type=17 name=sys_exit_submit tag=07fb247c2a62a43e jited_len=12117 xlated_len=20536 nr_jited_ksyms=1 ksym0=0xffffffffc0407214 ksym1=0x0
[52.600490 pid=1937 tid=1953] BPF_MAP_UPDATE_ELEM prog_array name=sys_exit_submit map_fd=17 map_id=130 key=49 prog_fd=72 prog_id=18 flags=0 ret=0 errno=0
[52.600804 pid=1937 tid=1953] native-loader jit-info prog_array-target fd=72 id=18 type=17 name=sys_exit_submit tag=07fb247c2a62a43e jited_len=12117 xlated_len=20536 nr_jited_ksyms=1 ksym0=0xffffffffc0407214 ksym1=0x0
[52.601011 pid=1937 tid=1953] BPF_MAP_UPDATE_ELEM prog_array name=sys_exit_submit map_fd=17 map_id=130 key=50 prog_fd=72 prog_id=18 flags=0 ret=0 errno=0
[52.601521 pid=1937 tid=1953] native-loader jit-info prog_array-target fd=72 id=18 type=17 name=sys_exit_submit tag=07fb247c2a62a43e jited_len=12117 xlated_len=20536 nr_jited_ksyms=1 ksym0=0xffffffffc0407214 ksym1=0x0
[52.601856 pid=1937 tid=1953] BPF_MAP_UPDATE_ELEM prog_array name=sys_exit_submit map_fd=17 map_id=130 key=51 prog_fd=72 prog_id=18 flags=0 ret=0 errno=0
[52.602102 pid=1937 tid=1953] native-loader jit-info prog_array-target fd=72 id=18 type=17 name=sys_exit_submit tag=07fb247c2a62a43e jited_len=12117 xlated_len=20536 nr_jited_ksyms=1 ksym0=0xffffffffc0407214 ksym1=0x0
[52.602633 pid=1937 tid=1953] BPF_MAP_UPDATE_ELEM prog_array name=sys_exit_submit map_fd=17 map_id=130 key=52 prog_fd=72 prog_id=18 flags=0 ret=0 errno=0
[52.602921 pid=1937 tid=1953] native-loader jit-info prog_array-target fd=72 id=18 type=17 name=sys_exit_submit tag=07fb247c2a62a43e jited_len=12117 xlated_len=20536 nr_jited_ksyms=1 ksym0=0xffffffffc0407214 ksym1=0x0
[52.603238 pid=1937 tid=1953] BPF_MAP_UPDATE_ELEM prog_array name=sys_exit_submit map_fd=17 map_id=130 key=53 prog_fd=72 prog_id=18 flags=0 ret=0 errno=0
[52.603426 pid=1937 tid=1953] native-loader jit-info prog_array-target fd=72 id=18 type=17 name=sys_exit_submit tag=07fb247c2a62a43e jited_len=12117 xlated_len=20536 nr_jited_ksyms=1 ksym0=0xffffffffc0407214 ksym1=0x0
[52.603763 pid=1937 tid=1953] BPF_MAP_UPDATE_ELEM prog_array name=sys_exit_submit map_fd=17 map_id=130 key=54 prog_fd=72 prog_id=18 flags=0 ret=0 errno=0
[52.604141 pid=1937 tid=1953] native-loader jit-info prog_array-target fd=72 id=18 type=17 name=sys_exit_submit tag=07fb247c2a62a43e jited_len=12117 xlated_len=20536 nr_jited_ksyms=1 ksym0=0xffffffffc0407214 ksym1=0x0
[52.604604 pid=1937 tid=1953] BPF_MAP_UPDATE_ELEM prog_array name=sys_exit_submit map_fd=17 map_id=130 key=55 prog_fd=72 prog_id=18 flags=0 ret=0 errno=0
[52.604875 pid=1937 tid=1953] native-loader jit-info prog_array-target fd=72 id=18 type=17 name=sys_exit_submit tag=07fb247c2a62a43e jited_len=12117 xlated_len=20536 nr_jited_ksyms=1 ksym0=0xffffffffc0407214 ksym1=0x0
[52.605220 pid=1937 tid=1953] BPF_MAP_UPDATE_ELEM prog_array name=sys_exit_submit map_fd=17 map_id=130 key=56 prog_fd=72 prog_id=18 flags=0 ret=0 errno=0
[52.605815 pid=1937 tid=1953] native-loader jit-info prog_array-target fd=72 id=18 type=17 name=sys_exit_submit tag=07fb247c2a62a43e jited_len=12117 xlated_len=20536 nr_jited_ksyms=1 ksym0=0xffffffffc0407214 ksym1=0x0
[52.605932 pid=1937 tid=1953] BPF_MAP_UPDATE_ELEM prog_array name=sys_exit_submit map_fd=17 map_id=130 key=57 prog_fd=72 prog_id=18 flags=0 ret=0 errno=0
[52.606156 pid=1937 tid=1953] native-loader jit-info prog_array-target fd=72 id=18 type=17 name=sys_exit_submit tag=07fb247c2a62a43e jited_len=12117 xlated_len=20536 nr_jited_ksyms=1 ksym0=0xffffffffc0407214 ksym1=0x0
[52.606532 pid=1937 tid=1953] BPF_MAP_UPDATE_ELEM prog_array name=sys_exit_submit map_fd=17 map_id=130 key=58 prog_fd=72 prog_id=18 flags=0 ret=0 errno=0
[52.607053 pid=1937 tid=1953] native-loader jit-info prog_array-target fd=72 id=18 type=17 name=sys_exit_submit tag=07fb247c2a62a43e jited_len=12117 xlated_len=20536 nr_jited_ksyms=1 ksym0=0xffffffffc0407214 ksym1=0x0
[52.607171 pid=1937 tid=1953] BPF_MAP_UPDATE_ELEM prog_array name=sys_exit_submit map_fd=17 map_id=130 key=59 prog_fd=72 prog_id=18 flags=0 ret=0 errno=0
[52.607456 pid=1937 tid=1953] native-loader jit-info prog_array-target fd=72 id=18 type=17 name=sys_exit_submit tag=07fb247c2a62a43e jited_len=12117 xlated_len=20536 nr_jited_ksyms=1 ksym0=0xffffffffc0407214 ksym1=0x0
[52.607700 pid=1937 tid=1953] BPF_MAP_UPDATE_ELEM prog_array name=sys_exit_submit map_fd=17 map_id=130 key=60 prog_fd=72 prog_id=18 flags=0 ret=0 errno=0
[52.607966 pid=1937 tid=1953] native-loader jit-info prog_array-target fd=72 id=18 type=17 name=sys_exit_submit tag=07fb247c2a62a43e jited_len=12117 xlated_len=20536 nr_jited_ksyms=1 ksym0=0xffffffffc0407214 ksym1=0x0
[52.608213 pid=1937 tid=1953] BPF_MAP_UPDATE_ELEM prog_array name=sys_exit_submit map_fd=17 map_id=130 key=61 prog_fd=72 prog_id=18 flags=0 ret=0 errno=0
[52.608470 pid=1937 tid=1953] native-loader jit-info prog_array-target fd=72 id=18 type=17 name=sys_exit_submit tag=07fb247c2a62a43e jited_len=12117 xlated_len=20536 nr_jited_ksyms=1 ksym0=0xffffffffc0407214 ksym1=0x0
[52.608709 pid=1937 tid=1953] BPF_MAP_UPDATE_ELEM prog_array name=sys_exit_submit map_fd=17 map_id=130 key=62 prog_fd=72 prog_id=18 flags=0 ret=0 errno=0
[52.609408 pid=1937 tid=1953] native-loader jit-info prog_array-target fd=72 id=18 type=17 name=sys_exit_submit tag=07fb247c2a62a43e jited_len=12117 xlated_len=20536 nr_jited_ksyms=1 ksym0=0xffffffffc0407214 ksym1=0x0
[52.609820 pid=1937 tid=1953] BPF_MAP_UPDATE_ELEM prog_array name=sys_exit_submit map_fd=17 map_id=130 key=63 prog_fd=72 prog_id=18 flags=0 ret=0 errno=0
[52.610230 pid=1937 tid=1953] native-loader jit-info prog_array-target fd=72 id=18 type=17 name=sys_exit_submit tag=07fb247c2a62a43e jited_len=12117 xlated_len=20536 nr_jited_ksyms=1 ksym0=0xffffffffc0407214 ksym1=0x0
[52.610765 pid=1937 tid=1953] BPF_MAP_UPDATE_ELEM prog_array name=sys_exit_submit map_fd=17 map_id=130 key=64 prog_fd=72 prog_id=18 flags=0 ret=0 errno=0
[52.611299 pid=1937 tid=1953] native-loader jit-info prog_array-target fd=72 id=18 type=17 name=sys_exit_submit tag=07fb247c2a62a43e jited_len=12117 xlated_len=20536 nr_jited_ksyms=1 ksym0=0xffffffffc0407214 ksym1=0x0
[52.611986 pid=1937 tid=1953] BPF_MAP_UPDATE_ELEM prog_array name=sys_exit_submit map_fd=17 map_id=130 key=65 prog_fd=72 prog_id=18 flags=0 ret=0 errno=0
[52.612227 pid=1937 tid=1953] native-loader jit-info prog_array-target fd=72 id=18 type=17 name=sys_exit_submit tag=07fb247c2a62a43e jited_len=12117 xlated_len=20536 nr_jited_ksyms=1 ksym0=0xffffffffc0407214 ksym1=0x0
[52.612813 pid=1937 tid=1953] BPF_MAP_UPDATE_ELEM prog_array name=sys_exit_submit map_fd=17 map_id=130 key=66 prog_fd=72 prog_id=18 flags=0 ret=0 errno=0
[52.612925 pid=1937 tid=1953] native-loader jit-info prog_array-target fd=72 id=18 type=17 name=sys_exit_submit tag=07fb247c2a62a43e jited_len=12117 xlated_len=20536 nr_jited_ksyms=1 ksym0=0xffffffffc0407214 ksym1=0x0
[52.613693 pid=1937 tid=1953] BPF_MAP_UPDATE_ELEM prog_array name=sys_exit_submit map_fd=17 map_id=130 key=67 prog_fd=72 prog_id=18 flags=0 ret=0 errno=0
[52.613902 pid=1937 tid=1953] native-loader jit-info prog_array-target fd=72 id=18 type=17 name=sys_exit_submit tag=07fb247c2a62a43e jited_len=12117 xlated_len=20536 nr_jited_ksyms=1 ksym0=0xffffffffc0407214 ksym1=0x0
[52.614229 pid=1937 tid=1953] BPF_MAP_UPDATE_ELEM prog_array name=sys_exit_submit map_fd=17 map_id=130 key=68 prog_fd=72 prog_id=18 flags=0 ret=0 errno=0
[52.614795 pid=1937 tid=1953] native-loader jit-info prog_array-target fd=72 id=18 type=17 name=sys_exit_submit tag=07fb247c2a62a43e jited_len=12117 xlated_len=20536 nr_jited_ksyms=1 ksym0=0xffffffffc0407214 ksym1=0x0
[52.615107 pid=1937 tid=1953] BPF_MAP_UPDATE_ELEM prog_array name=sys_exit_submit map_fd=17 map_id=130 key=69 prog_fd=72 prog_id=18 flags=0 ret=0 errno=0
[52.615558 pid=1937 tid=1953] native-loader jit-info prog_array-target fd=72 id=18 type=17 name=sys_exit_submit tag=07fb247c2a62a43e jited_len=12117 xlated_len=20536 nr_jited_ksyms=1 ksym0=0xffffffffc0407214 ksym1=0x0
[52.615797 pid=1937 tid=1953] BPF_MAP_UPDATE_ELEM prog_array name=sys_exit_submit map_fd=17 map_id=130 key=70 prog_fd=72 prog_id=18 flags=0 ret=0 errno=0
[52.615971 pid=1937 tid=1953] native-loader jit-info prog_array-target fd=72 id=18 type=17 name=sys_exit_submit tag=07fb247c2a62a43e jited_len=12117 xlated_len=20536 nr_jited_ksyms=1 ksym0=0xffffffffc0407214 ksym1=0x0
[52.616335 pid=1937 tid=1953] BPF_MAP_UPDATE_ELEM prog_array name=sys_exit_submit map_fd=17 map_id=130 key=71 prog_fd=72 prog_id=18 flags=0 ret=0 errno=0
[52.616732 pid=1937 tid=1953] native-loader jit-info prog_array-target fd=72 id=18 type=17 name=sys_exit_submit tag=07fb247c2a62a43e jited_len=12117 xlated_len=20536 nr_jited_ksyms=1 ksym0=0xffffffffc0407214 ksym1=0x0
[52.616914 pid=1937 tid=1953] BPF_MAP_UPDATE_ELEM prog_array name=sys_exit_submit map_fd=17 map_id=130 key=72 prog_fd=72 prog_id=18 flags=0 ret=0 errno=0
[52.617281 pid=1937 tid=1953] native-loader jit-info prog_array-target fd=72 id=18 type=17 name=sys_exit_submit tag=07fb247c2a62a43e jited_len=12117 xlated_len=20536 nr_jited_ksyms=1 ksym0=0xffffffffc0407214 ksym1=0x0
[52.617520 pid=1937 tid=1953] BPF_MAP_UPDATE_ELEM prog_array name=sys_exit_submit map_fd=17 map_id=130 key=73 prog_fd=72 prog_id=18 flags=0 ret=0 errno=0
[52.617740 pid=1937 tid=1953] native-loader jit-info prog_array-target fd=72 id=18 type=17 name=sys_exit_submit tag=07fb247c2a62a43e jited_len=12117 xlated_len=20536 nr_jited_ksyms=1 ksym0=0xffffffffc0407214 ksym1=0x0
[52.618169 pid=1937 tid=1953] BPF_MAP_UPDATE_ELEM prog_array name=sys_exit_submit map_fd=17 map_id=130 key=74 prog_fd=72 prog_id=18 flags=0 ret=0 errno=0
[52.618518 pid=1937 tid=1953] native-loader jit-info prog_array-target fd=72 id=18 type=17 name=sys_exit_submit tag=07fb247c2a62a43e jited_len=12117 xlated_len=20536 nr_jited_ksyms=1 ksym0=0xffffffffc0407214 ksym1=0x0
[52.618928 pid=1937 tid=1953] BPF_MAP_UPDATE_ELEM prog_array name=sys_exit_submit map_fd=17 map_id=130 key=75 prog_fd=72 prog_id=18 flags=0 ret=0 errno=0
[52.619162 pid=1937 tid=1953] native-loader jit-info prog_array-target fd=72 id=18 type=17 name=sys_exit_submit tag=07fb247c2a62a43e jited_len=12117 xlated_len=20536 nr_jited_ksyms=1 ksym0=0xffffffffc0407214 ksym1=0x0
[52.619730 pid=1937 tid=1953] BPF_MAP_UPDATE_ELEM prog_array name=sys_exit_submit map_fd=17 map_id=130 key=76 prog_fd=72 prog_id=18 flags=0 ret=0 errno=0
[52.620261 pid=1937 tid=1953] native-loader jit-info prog_array-target fd=72 id=18 type=17 name=sys_exit_submit tag=07fb247c2a62a43e jited_len=12117 xlated_len=20536 nr_jited_ksyms=1 ksym0=0xffffffffc0407214 ksym1=0x0
[52.620711 pid=1937 tid=1953] BPF_MAP_UPDATE_ELEM prog_array name=sys_exit_submit map_fd=17 map_id=130 key=77 prog_fd=72 prog_id=18 flags=0 ret=0 errno=0
[52.620876 pid=1937 tid=1953] native-loader jit-info prog_array-target fd=72 id=18 type=17 name=sys_exit_submit tag=07fb247c2a62a43e jited_len=12117 xlated_len=20536 nr_jited_ksyms=1 ksym0=0xffffffffc0407214 ksym1=0x0
[52.621434 pid=1937 tid=1953] BPF_MAP_UPDATE_ELEM prog_array name=sys_exit_submit map_fd=17 map_id=130 key=78 prog_fd=72 prog_id=18 flags=0 ret=0 errno=0
[52.621687 pid=1937 tid=1953] native-loader jit-info prog_array-target fd=72 id=18 type=17 name=sys_exit_submit tag=07fb247c2a62a43e jited_len=12117 xlated_len=20536 nr_jited_ksyms=1 ksym0=0xffffffffc0407214 ksym1=0x0
[52.621805 pid=1937 tid=1953] BPF_MAP_UPDATE_ELEM prog_array name=sys_exit_submit map_fd=17 map_id=130 key=79 prog_fd=72 prog_id=18 flags=0 ret=0 errno=0
[52.621959 pid=1937 tid=1953] native-loader jit-info prog_array-target fd=72 id=18 type=17 name=sys_exit_submit tag=07fb247c2a62a43e jited_len=12117 xlated_len=20536 nr_jited_ksyms=1 ksym0=0xffffffffc0407214 ksym1=0x0
[52.622601 pid=1937 tid=1953] BPF_MAP_UPDATE_ELEM prog_array name=sys_exit_submit map_fd=17 map_id=130 key=80 prog_fd=72 prog_id=18 flags=0 ret=0 errno=0
[52.623000 pid=1937 tid=1953] native-loader jit-info prog_array-target fd=72 id=18 type=17 name=sys_exit_submit tag=07fb247c2a62a43e jited_len=12117 xlated_len=20536 nr_jited_ksyms=1 ksym0=0xffffffffc0407214 ksym1=0x0
[52.623162 pid=1937 tid=1953] BPF_MAP_UPDATE_ELEM prog_array name=sys_exit_submit map_fd=17 map_id=130 key=81 prog_fd=72 prog_id=18 flags=0 ret=0 errno=0
[52.623348 pid=1937 tid=1953] native-loader jit-info prog_array-target fd=72 id=18 type=17 name=sys_exit_submit tag=07fb247c2a62a43e jited_len=12117 xlated_len=20536 nr_jited_ksyms=1 ksym0=0xffffffffc0407214 ksym1=0x0
[52.623815 pid=1937 tid=1953] BPF_MAP_UPDATE_ELEM prog_array name=sys_exit_submit map_fd=17 map_id=130 key=82 prog_fd=72 prog_id=18 flags=0 ret=0 errno=0
[52.624292 pid=1937 tid=1953] native-loader jit-info prog_array-target fd=72 id=18 type=17 name=sys_exit_submit tag=07fb247c2a62a43e jited_len=12117 xlated_len=20536 nr_jited_ksyms=1 ksym0=0xffffffffc0407214 ksym1=0x0
[52.624625 pid=1937 tid=1953] BPF_MAP_UPDATE_ELEM prog_array name=sys_exit_submit map_fd=17 map_id=130 key=83 prog_fd=72 prog_id=18 flags=0 ret=0 errno=0
[52.624990 pid=1937 tid=1953] native-loader jit-info prog_array-target fd=72 id=18 type=17 name=sys_exit_submit tag=07fb247c2a62a43e jited_len=12117 xlated_len=20536 nr_jited_ksyms=1 ksym0=0xffffffffc0407214 ksym1=0x0
[52.625490 pid=1937 tid=1953] BPF_MAP_UPDATE_ELEM prog_array name=sys_exit_submit map_fd=17 map_id=130 key=84 prog_fd=72 prog_id=18 flags=0 ret=0 errno=0
[52.625723 pid=1937 tid=1953] native-loader jit-info prog_array-target fd=72 id=18 type=17 name=sys_exit_submit tag=07fb247c2a62a43e jited_len=12117 xlated_len=20536 nr_jited_ksyms=1 ksym0=0xffffffffc0407214 ksym1=0x0
[52.626067 pid=1937 tid=1953] BPF_MAP_UPDATE_ELEM prog_array name=sys_exit_submit map_fd=17 map_id=130 key=85 prog_fd=72 prog_id=18 flags=0 ret=0 errno=0
[52.626341 pid=1937 tid=1953] native-loader jit-info prog_array-target fd=72 id=18 type=17 name=sys_exit_submit tag=07fb247c2a62a43e jited_len=12117 xlated_len=20536 nr_jited_ksyms=1 ksym0=0xffffffffc0407214 ksym1=0x0
[52.626784 pid=1937 tid=1953] BPF_MAP_UPDATE_ELEM prog_array name=sys_exit_submit map_fd=17 map_id=130 key=86 prog_fd=72 prog_id=18 flags=0 ret=0 errno=0
[52.626918 pid=1937 tid=1953] native-loader jit-info prog_array-target fd=72 id=18 type=17 name=sys_exit_submit tag=07fb247c2a62a43e jited_len=12117 xlated_len=20536 nr_jited_ksyms=1 ksym0=0xffffffffc0407214 ksym1=0x0
[52.627352 pid=1937 tid=1953] BPF_MAP_UPDATE_ELEM prog_array name=sys_exit_submit map_fd=17 map_id=130 key=87 prog_fd=72 prog_id=18 flags=0 ret=0 errno=0
[52.627483 pid=1937 tid=1953] native-loader jit-info prog_array-target fd=72 id=18 type=17 name=sys_exit_submit tag=07fb247c2a62a43e jited_len=12117 xlated_len=20536 nr_jited_ksyms=1 ksym0=0xffffffffc0407214 ksym1=0x0
[52.627793 pid=1937 tid=1953] BPF_MAP_UPDATE_ELEM prog_array name=sys_exit_submit map_fd=17 map_id=130 key=88 prog_fd=72 prog_id=18 flags=0 ret=0 errno=0
[52.628189 pid=1937 tid=1953] native-loader jit-info prog_array-target fd=72 id=18 type=17 name=sys_exit_submit tag=07fb247c2a62a43e jited_len=12117 xlated_len=20536 nr_jited_ksyms=1 ksym0=0xffffffffc0407214 ksym1=0x0
[52.628399 pid=1937 tid=1953] BPF_MAP_UPDATE_ELEM prog_array name=sys_exit_submit map_fd=17 map_id=130 key=89 prog_fd=72 prog_id=18 flags=0 ret=0 errno=0
[52.628624 pid=1937 tid=1953] native-loader jit-info prog_array-target fd=72 id=18 type=17 name=sys_exit_submit tag=07fb247c2a62a43e jited_len=12117 xlated_len=20536 nr_jited_ksyms=1 ksym0=0xffffffffc0407214 ksym1=0x0
[52.628798 pid=1937 tid=1953] BPF_MAP_UPDATE_ELEM prog_array name=sys_exit_submit map_fd=17 map_id=130 key=90 prog_fd=72 prog_id=18 flags=0 ret=0 errno=0
[52.628979 pid=1937 tid=1953] native-loader jit-info prog_array-target fd=72 id=18 type=17 name=sys_exit_submit tag=07fb247c2a62a43e jited_len=12117 xlated_len=20536 nr_jited_ksyms=1 ksym0=0xffffffffc0407214 ksym1=0x0
[52.629335 pid=1937 tid=1953] BPF_MAP_UPDATE_ELEM prog_array name=sys_exit_submit map_fd=17 map_id=130 key=91 prog_fd=72 prog_id=18 flags=0 ret=0 errno=0
[52.629664 pid=1937 tid=1953] native-loader jit-info prog_array-target fd=72 id=18 type=17 name=sys_exit_submit tag=07fb247c2a62a43e jited_len=12117 xlated_len=20536 nr_jited_ksyms=1 ksym0=0xffffffffc0407214 ksym1=0x0
[52.629781 pid=1937 tid=1953] BPF_MAP_UPDATE_ELEM prog_array name=sys_exit_submit map_fd=17 map_id=130 key=92 prog_fd=72 prog_id=18 flags=0 ret=0 errno=0
[52.629920 pid=1937 tid=1953] native-loader jit-info prog_array-target fd=72 id=18 type=17 name=sys_exit_submit tag=07fb247c2a62a43e jited_len=12117 xlated_len=20536 nr_jited_ksyms=1 ksym0=0xffffffffc0407214 ksym1=0x0
[52.630144 pid=1937 tid=1953] BPF_MAP_UPDATE_ELEM prog_array name=sys_exit_submit map_fd=17 map_id=130 key=93 prog_fd=72 prog_id=18 flags=0 ret=0 errno=0
[52.630386 pid=1937 tid=1953] native-loader jit-info prog_array-target fd=72 id=18 type=17 name=sys_exit_submit tag=07fb247c2a62a43e jited_len=12117 xlated_len=20536 nr_jited_ksyms=1 ksym0=0xffffffffc0407214 ksym1=0x0
[52.630545 pid=1937 tid=1953] BPF_MAP_UPDATE_ELEM prog_array name=sys_exit_submit map_fd=17 map_id=130 key=94 prog_fd=72 prog_id=18 flags=0 ret=0 errno=0
[52.630887 pid=1937 tid=1953] native-loader jit-info prog_array-target fd=72 id=18 type=17 name=sys_exit_submit tag=07fb247c2a62a43e jited_len=12117 xlated_len=20536 nr_jited_ksyms=1 ksym0=0xffffffffc0407214 ksym1=0x0
[52.631015 pid=1937 tid=1953] BPF_MAP_UPDATE_ELEM prog_array name=sys_exit_submit map_fd=17 map_id=130 key=95 prog_fd=72 prog_id=18 flags=0 ret=0 errno=0
[52.631786 pid=1937 tid=1953] native-loader jit-info prog_array-target fd=72 id=18 type=17 name=sys_exit_submit tag=07fb247c2a62a43e jited_len=12117 xlated_len=20536 nr_jited_ksyms=1 ksym0=0xffffffffc0407214 ksym1=0x0
[52.632151 pid=1937 tid=1953] BPF_MAP_UPDATE_ELEM prog_array name=sys_exit_submit map_fd=17 map_id=130 key=96 prog_fd=72 prog_id=18 flags=0 ret=0 errno=0
[52.632872 pid=1937 tid=1953] native-loader jit-info prog_array-target fd=72 id=18 type=17 name=sys_exit_submit tag=07fb247c2a62a43e jited_len=12117 xlated_len=20536 nr_jited_ksyms=1 ksym0=0xffffffffc0407214 ksym1=0x0
[52.633013 pid=1937 tid=1953] BPF_MAP_UPDATE_ELEM prog_array name=sys_exit_submit map_fd=17 map_id=130 key=97 prog_fd=72 prog_id=18 flags=0 ret=0 errno=0
[52.633233 pid=1937 tid=1953] native-loader jit-info prog_array-target fd=72 id=18 type=17 name=sys_exit_submit tag=07fb247c2a62a43e jited_len=12117 xlated_len=20536 nr_jited_ksyms=1 ksym0=0xffffffffc0407214 ksym1=0x0
[52.633598 pid=1937 tid=1953] BPF_MAP_UPDATE_ELEM prog_array name=sys_exit_submit map_fd=17 map_id=130 key=98 prog_fd=72 prog_id=18 flags=0 ret=0 errno=0
[52.633905 pid=1937 tid=1953] native-loader jit-info prog_array-target fd=72 id=18 type=17 name=sys_exit_submit tag=07fb247c2a62a43e jited_len=12117 xlated_len=20536 nr_jited_ksyms=1 ksym0=0xffffffffc0407214 ksym1=0x0
[52.634050 pid=1937 tid=1953] BPF_MAP_UPDATE_ELEM prog_array name=sys_exit_submit map_fd=17 map_id=130 key=99 prog_fd=72 prog_id=18 flags=0 ret=0 errno=0
[52.634206 pid=1937 tid=1953] native-loader jit-info prog_array-target fd=72 id=18 type=17 name=sys_exit_submit tag=07fb247c2a62a43e jited_len=12117 xlated_len=20536 nr_jited_ksyms=1 ksym0=0xffffffffc0407214 ksym1=0x0
[52.634822 pid=1937 tid=1953] BPF_MAP_UPDATE_ELEM prog_array name=sys_exit_submit map_fd=17 map_id=130 key=100 prog_fd=72 prog_id=18 flags=0 ret=0 errno=0
[52.635269 pid=1937 tid=1953] native-loader jit-info prog_array-target fd=72 id=18 type=17 name=sys_exit_submit tag=07fb247c2a62a43e jited_len=12117 xlated_len=20536 nr_jited_ksyms=1 ksym0=0xffffffffc0407214 ksym1=0x0
[52.635573 pid=1937 tid=1953] BPF_MAP_UPDATE_ELEM prog_array name=sys_exit_submit map_fd=17 map_id=130 key=102 prog_fd=72 prog_id=18 flags=0 ret=0 errno=0
[52.635686 pid=1937 tid=1953] native-loader jit-info prog_array-target fd=72 id=18 type=17 name=sys_exit_submit tag=07fb247c2a62a43e jited_len=12117 xlated_len=20536 nr_jited_ksyms=1 ksym0=0xffffffffc0407214 ksym1=0x0
[52.635873 pid=1937 tid=1953] BPF_MAP_UPDATE_ELEM prog_array name=sys_exit_submit map_fd=17 map_id=130 key=103 prog_fd=72 prog_id=18 flags=0 ret=0 errno=0
[52.636382 pid=1937 tid=1953] native-loader jit-info prog_array-target fd=72 id=18 type=17 name=sys_exit_submit tag=07fb247c2a62a43e jited_len=12117 xlated_len=20536 nr_jited_ksyms=1 ksym0=0xffffffffc0407214 ksym1=0x0
[52.636768 pid=1937 tid=1953] BPF_MAP_UPDATE_ELEM prog_array name=sys_exit_submit map_fd=17 map_id=130 key=104 prog_fd=72 prog_id=18 flags=0 ret=0 errno=0
[52.637227 pid=1937 tid=1953] native-loader jit-info prog_array-target fd=72 id=18 type=17 name=sys_exit_submit tag=07fb247c2a62a43e jited_len=12117 xlated_len=20536 nr_jited_ksyms=1 ksym0=0xffffffffc0407214 ksym1=0x0
[52.637800 pid=1937 tid=1953] BPF_MAP_UPDATE_ELEM prog_array name=sys_exit_submit map_fd=17 map_id=130 key=105 prog_fd=72 prog_id=18 flags=0 ret=0 errno=0
[52.638232 pid=1937 tid=1953] native-loader jit-info prog_array-target fd=72 id=18 type=17 name=sys_exit_submit tag=07fb247c2a62a43e jited_len=12117 xlated_len=20536 nr_jited_ksyms=1 ksym0=0xffffffffc0407214 ksym1=0x0
[52.638416 pid=1937 tid=1953] BPF_MAP_UPDATE_ELEM prog_array name=sys_exit_submit map_fd=17 map_id=130 key=106 prog_fd=72 prog_id=18 flags=0 ret=0 errno=0
[52.638581 pid=1937 tid=1953] native-loader jit-info prog_array-target fd=72 id=18 type=17 name=sys_exit_submit tag=07fb247c2a62a43e jited_len=12117 xlated_len=20536 nr_jited_ksyms=1 ksym0=0xffffffffc0407214 ksym1=0x0
[52.639052 pid=1937 tid=1953] BPF_MAP_UPDATE_ELEM prog_array name=sys_exit_submit map_fd=17 map_id=130 key=107 prog_fd=72 prog_id=18 flags=0 ret=0 errno=0
[52.639165 pid=1937 tid=1953] native-loader jit-info prog_array-target fd=72 id=18 type=17 name=sys_exit_submit tag=07fb247c2a62a43e jited_len=12117 xlated_len=20536 nr_jited_ksyms=1 ksym0=0xffffffffc0407214 ksym1=0x0
[52.639343 pid=1937 tid=1953] BPF_MAP_UPDATE_ELEM prog_array name=sys_exit_submit map_fd=17 map_id=130 key=108 prog_fd=72 prog_id=18 flags=0 ret=0 errno=0
[52.639632 pid=1937 tid=1953] native-loader jit-info prog_array-target fd=72 id=18 type=17 name=sys_exit_submit tag=07fb247c2a62a43e jited_len=12117 xlated_len=20536 nr_jited_ksyms=1 ksym0=0xffffffffc0407214 ksym1=0x0
[52.639968 pid=1937 tid=1953] BPF_MAP_UPDATE_ELEM prog_array name=sys_exit_submit map_fd=17 map_id=130 key=109 prog_fd=72 prog_id=18 flags=0 ret=0 errno=0
[52.640132 pid=1937 tid=1953] native-loader jit-info prog_array-target fd=72 id=18 type=17 name=sys_exit_submit tag=07fb247c2a62a43e jited_len=12117 xlated_len=20536 nr_jited_ksyms=1 ksym0=0xffffffffc0407214 ksym1=0x0
[52.640315 pid=1937 tid=1953] BPF_MAP_UPDATE_ELEM prog_array name=sys_exit_submit map_fd=17 map_id=130 key=110 prog_fd=72 prog_id=18 flags=0 ret=0 errno=0
[52.640476 pid=1937 tid=1953] native-loader jit-info prog_array-target fd=72 id=18 type=17 name=sys_exit_submit tag=07fb247c2a62a43e jited_len=12117 xlated_len=20536 nr_jited_ksyms=1 ksym0=0xffffffffc0407214 ksym1=0x0
[52.640742 pid=1937 tid=1953] BPF_MAP_UPDATE_ELEM prog_array name=sys_exit_submit map_fd=17 map_id=130 key=111 prog_fd=72 prog_id=18 flags=0 ret=0 errno=0
[52.640866 pid=1937 tid=1953] native-loader jit-info prog_array-target fd=72 id=18 type=17 name=sys_exit_submit tag=07fb247c2a62a43e jited_len=12117 xlated_len=20536 nr_jited_ksyms=1 ksym0=0xffffffffc0407214 ksym1=0x0
[52.641250 pid=1937 tid=1953] BPF_MAP_UPDATE_ELEM prog_array name=sys_exit_submit map_fd=17 map_id=130 key=112 prog_fd=72 prog_id=18 flags=0 ret=0 errno=0
[52.641542 pid=1937 tid=1953] native-loader jit-info prog_array-target fd=72 id=18 type=17 name=sys_exit_submit tag=07fb247c2a62a43e jited_len=12117 xlated_len=20536 nr_jited_ksyms=1 ksym0=0xffffffffc0407214 ksym1=0x0
[52.641702 pid=1937 tid=1953] BPF_MAP_UPDATE_ELEM prog_array name=sys_exit_submit map_fd=17 map_id=130 key=113 prog_fd=72 prog_id=18 flags=0 ret=0 errno=0
[52.641857 pid=1937 tid=1953] native-loader jit-info prog_array-target fd=72 id=18 type=17 name=sys_exit_submit tag=07fb247c2a62a43e jited_len=12117 xlated_len=20536 nr_jited_ksyms=1 ksym0=0xffffffffc0407214 ksym1=0x0
[52.642014 pid=1937 tid=1953] BPF_MAP_UPDATE_ELEM prog_array name=sys_exit_submit map_fd=17 map_id=130 key=114 prog_fd=72 prog_id=18 flags=0 ret=0 errno=0
[52.642122 pid=1937 tid=1953] native-loader jit-info prog_array-target fd=72 id=18 type=17 name=sys_exit_submit tag=07fb247c2a62a43e jited_len=12117 xlated_len=20536 nr_jited_ksyms=1 ksym0=0xffffffffc0407214 ksym1=0x0
[52.642276 pid=1937 tid=1953] BPF_MAP_UPDATE_ELEM prog_array name=sys_exit_submit map_fd=17 map_id=130 key=115 prog_fd=72 prog_id=18 flags=0 ret=0 errno=0
[52.642716 pid=1937 tid=1953] native-loader jit-info prog_array-target fd=72 id=18 type=17 name=sys_exit_submit tag=07fb247c2a62a43e jited_len=12117 xlated_len=20536 nr_jited_ksyms=1 ksym0=0xffffffffc0407214 ksym1=0x0
[52.642845 pid=1937 tid=1953] BPF_MAP_UPDATE_ELEM prog_array name=sys_exit_submit map_fd=17 map_id=130 key=116 prog_fd=72 prog_id=18 flags=0 ret=0 errno=0
[52.643191 pid=1937 tid=1953] native-loader jit-info prog_array-target fd=72 id=18 type=17 name=sys_exit_submit tag=07fb247c2a62a43e jited_len=12117 xlated_len=20536 nr_jited_ksyms=1 ksym0=0xffffffffc0407214 ksym1=0x0
[52.643373 pid=1937 tid=1953] BPF_MAP_UPDATE_ELEM prog_array name=sys_exit_submit map_fd=17 map_id=130 key=117 prog_fd=72 prog_id=18 flags=0 ret=0 errno=0
[52.643543 pid=1937 tid=1953] native-loader jit-info prog_array-target fd=72 id=18 type=17 name=sys_exit_submit tag=07fb247c2a62a43e jited_len=12117 xlated_len=20536 nr_jited_ksyms=1 ksym0=0xffffffffc0407214 ksym1=0x0
[52.643651 pid=1937 tid=1953] BPF_MAP_UPDATE_ELEM prog_array name=sys_exit_submit map_fd=17 map_id=130 key=118 prog_fd=72 prog_id=18 flags=0 ret=0 errno=0
[52.643808 pid=1937 tid=1953] native-loader jit-info prog_array-target fd=72 id=18 type=17 name=sys_exit_submit tag=07fb247c2a62a43e jited_len=12117 xlated_len=20536 nr_jited_ksyms=1 ksym0=0xffffffffc0407214 ksym1=0x0
[52.643947 pid=1937 tid=1953] BPF_MAP_UPDATE_ELEM prog_array name=sys_exit_submit map_fd=17 map_id=130 key=119 prog_fd=72 prog_id=18 flags=0 ret=0 errno=0
[52.644106 pid=1937 tid=1953] native-loader jit-info prog_array-target fd=72 id=18 type=17 name=sys_exit_submit tag=07fb247c2a62a43e jited_len=12117 xlated_len=20536 nr_jited_ksyms=1 ksym0=0xffffffffc0407214 ksym1=0x0
[52.644267 pid=1937 tid=1953] BPF_MAP_UPDATE_ELEM prog_array name=sys_exit_submit map_fd=17 map_id=130 key=120 prog_fd=72 prog_id=18 flags=0 ret=0 errno=0
[52.644394 pid=1937 tid=1953] native-loader jit-info prog_array-target fd=72 id=18 type=17 name=sys_exit_submit tag=07fb247c2a62a43e jited_len=12117 xlated_len=20536 nr_jited_ksyms=1 ksym0=0xffffffffc0407214 ksym1=0x0
[52.644500 pid=1937 tid=1953] BPF_MAP_UPDATE_ELEM prog_array name=sys_exit_submit map_fd=17 map_id=130 key=121 prog_fd=72 prog_id=18 flags=0 ret=0 errno=0
[52.644609 pid=1937 tid=1953] native-loader jit-info prog_array-target fd=72 id=18 type=17 name=sys_exit_submit tag=07fb247c2a62a43e jited_len=12117 xlated_len=20536 nr_jited_ksyms=1 ksym0=0xffffffffc0407214 ksym1=0x0
[52.644733 pid=1937 tid=1953] BPF_MAP_UPDATE_ELEM prog_array name=sys_exit_submit map_fd=17 map_id=130 key=122 prog_fd=72 prog_id=18 flags=0 ret=0 errno=0
[52.644871 pid=1937 tid=1953] native-loader jit-info prog_array-target fd=72 id=18 type=17 name=sys_exit_submit tag=07fb247c2a62a43e jited_len=12117 xlated_len=20536 nr_jited_ksyms=1 ksym0=0xffffffffc0407214 ksym1=0x0
[52.645064 pid=1937 tid=1953] BPF_MAP_UPDATE_ELEM prog_array name=sys_exit_submit map_fd=17 map_id=130 key=123 prog_fd=72 prog_id=18 flags=0 ret=0 errno=0
[52.645334 pid=1937 tid=1953] native-loader jit-info prog_array-target fd=72 id=18 type=17 name=sys_exit_submit tag=07fb247c2a62a43e jited_len=12117 xlated_len=20536 nr_jited_ksyms=1 ksym0=0xffffffffc0407214 ksym1=0x0
[52.645614 pid=1937 tid=1953] BPF_MAP_UPDATE_ELEM prog_array name=sys_exit_submit map_fd=17 map_id=130 key=124 prog_fd=72 prog_id=18 flags=0 ret=0 errno=0
[52.645774 pid=1937 tid=1953] native-loader jit-info prog_array-target fd=72 id=18 type=17 name=sys_exit_submit tag=07fb247c2a62a43e jited_len=12117 xlated_len=20536 nr_jited_ksyms=1 ksym0=0xffffffffc0407214 ksym1=0x0
[52.645908 pid=1937 tid=1953] BPF_MAP_UPDATE_ELEM prog_array name=sys_exit_submit map_fd=17 map_id=130 key=125 prog_fd=72 prog_id=18 flags=0 ret=0 errno=0
[52.646070 pid=1937 tid=1953] native-loader jit-info prog_array-target fd=72 id=18 type=17 name=sys_exit_submit tag=07fb247c2a62a43e jited_len=12117 xlated_len=20536 nr_jited_ksyms=1 ksym0=0xffffffffc0407214 ksym1=0x0
[52.646202 pid=1937 tid=1953] BPF_MAP_UPDATE_ELEM prog_array name=sys_exit_submit map_fd=17 map_id=130 key=126 prog_fd=72 prog_id=18 flags=0 ret=0 errno=0
[52.646360 pid=1937 tid=1953] native-loader jit-info prog_array-target fd=72 id=18 type=17 name=sys_exit_submit tag=07fb247c2a62a43e jited_len=12117 xlated_len=20536 nr_jited_ksyms=1 ksym0=0xffffffffc0407214 ksym1=0x0
[52.646484 pid=1937 tid=1953] BPF_MAP_UPDATE_ELEM prog_array name=sys_exit_submit map_fd=17 map_id=130 key=127 prog_fd=72 prog_id=18 flags=0 ret=0 errno=0
[52.646595 pid=1937 tid=1953] native-loader jit-info prog_array-target fd=72 id=18 type=17 name=sys_exit_submit tag=07fb247c2a62a43e jited_len=12117 xlated_len=20536 nr_jited_ksyms=1 ksym0=0xffffffffc0407214 ksym1=0x0
[52.646702 pid=1937 tid=1953] BPF_MAP_UPDATE_ELEM prog_array name=sys_exit_submit map_fd=17 map_id=130 key=128 prog_fd=72 prog_id=18 flags=0 ret=0 errno=0
[52.646839 pid=1937 tid=1953] native-loader jit-info prog_array-target fd=72 id=18 type=17 name=sys_exit_submit tag=07fb247c2a62a43e jited_len=12117 xlated_len=20536 nr_jited_ksyms=1 ksym0=0xffffffffc0407214 ksym1=0x0
[52.646963 pid=1937 tid=1953] BPF_MAP_UPDATE_ELEM prog_array name=sys_exit_submit map_fd=17 map_id=130 key=129 prog_fd=72 prog_id=18 flags=0 ret=0 errno=0
[52.647119 pid=1937 tid=1953] native-loader jit-info prog_array-target fd=72 id=18 type=17 name=sys_exit_submit tag=07fb247c2a62a43e jited_len=12117 xlated_len=20536 nr_jited_ksyms=1 ksym0=0xffffffffc0407214 ksym1=0x0
[52.647237 pid=1937 tid=1953] BPF_MAP_UPDATE_ELEM prog_array name=sys_exit_submit map_fd=17 map_id=130 key=130 prog_fd=72 prog_id=18 flags=0 ret=0 errno=0
[52.647367 pid=1937 tid=1953] native-loader jit-info prog_array-target fd=72 id=18 type=17 name=sys_exit_submit tag=07fb247c2a62a43e jited_len=12117 xlated_len=20536 nr_jited_ksyms=1 ksym0=0xffffffffc0407214 ksym1=0x0
[52.647489 pid=1937 tid=1953] BPF_MAP_UPDATE_ELEM prog_array name=sys_exit_submit map_fd=17 map_id=130 key=131 prog_fd=72 prog_id=18 flags=0 ret=0 errno=0
[52.647599 pid=1937 tid=1953] native-loader jit-info prog_array-target fd=72 id=18 type=17 name=sys_exit_submit tag=07fb247c2a62a43e jited_len=12117 xlated_len=20536 nr_jited_ksyms=1 ksym0=0xffffffffc0407214 ksym1=0x0
[52.648013 pid=1937 tid=1953] BPF_MAP_UPDATE_ELEM prog_array name=sys_exit_submit map_fd=17 map_id=130 key=132 prog_fd=72 prog_id=18 flags=0 ret=0 errno=0
[52.648173 pid=1937 tid=1953] native-loader jit-info prog_array-target fd=72 id=18 type=17 name=sys_exit_submit tag=07fb247c2a62a43e jited_len=12117 xlated_len=20536 nr_jited_ksyms=1 ksym0=0xffffffffc0407214 ksym1=0x0
[52.648296 pid=1937 tid=1953] BPF_MAP_UPDATE_ELEM prog_array name=sys_exit_submit map_fd=17 map_id=130 key=133 prog_fd=72 prog_id=18 flags=0 ret=0 errno=0
[52.648424 pid=1937 tid=1953] native-loader jit-info prog_array-target fd=72 id=18 type=17 name=sys_exit_submit tag=07fb247c2a62a43e jited_len=12117 xlated_len=20536 nr_jited_ksyms=1 ksym0=0xffffffffc0407214 ksym1=0x0
[52.648600 pid=1937 tid=1953] BPF_MAP_UPDATE_ELEM prog_array name=sys_exit_submit map_fd=17 map_id=130 key=134 prog_fd=72 prog_id=18 flags=0 ret=0 errno=0
[52.648711 pid=1937 tid=1953] native-loader jit-info prog_array-target fd=72 id=18 type=17 name=sys_exit_submit tag=07fb247c2a62a43e jited_len=12117 xlated_len=20536 nr_jited_ksyms=1 ksym0=0xffffffffc0407214 ksym1=0x0
[52.648819 pid=1937 tid=1953] BPF_MAP_UPDATE_ELEM prog_array name=sys_exit_submit map_fd=17 map_id=130 key=135 prog_fd=72 prog_id=18 flags=0 ret=0 errno=0
[52.649151 pid=1937 tid=1953] native-loader jit-info prog_array-target fd=72 id=18 type=17 name=sys_exit_submit tag=07fb247c2a62a43e jited_len=12117 xlated_len=20536 nr_jited_ksyms=1 ksym0=0xffffffffc0407214 ksym1=0x0
[52.649289 pid=1937 tid=1953] BPF_MAP_UPDATE_ELEM prog_array name=sys_exit_submit map_fd=17 map_id=130 key=136 prog_fd=72 prog_id=18 flags=0 ret=0 errno=0
[52.649625 pid=1937 tid=1953] native-loader jit-info prog_array-target fd=72 id=18 type=17 name=sys_exit_submit tag=07fb247c2a62a43e jited_len=12117 xlated_len=20536 nr_jited_ksyms=1 ksym0=0xffffffffc0407214 ksym1=0x0
[52.649795 pid=1937 tid=1953] BPF_MAP_UPDATE_ELEM prog_array name=sys_exit_submit map_fd=17 map_id=130 key=137 prog_fd=72 prog_id=18 flags=0 ret=0 errno=0
[52.650064 pid=1937 tid=1953] native-loader jit-info prog_array-target fd=72 id=18 type=17 name=sys_exit_submit tag=07fb247c2a62a43e jited_len=12117 xlated_len=20536 nr_jited_ksyms=1 ksym0=0xffffffffc0407214 ksym1=0x0
[52.650169 pid=1937 tid=1953] BPF_MAP_UPDATE_ELEM prog_array name=sys_exit_submit map_fd=17 map_id=130 key=138 prog_fd=72 prog_id=18 flags=0 ret=0 errno=0
[52.650339 pid=1937 tid=1953] native-loader jit-info prog_array-target fd=72 id=18 type=17 name=sys_exit_submit tag=07fb247c2a62a43e jited_len=12117 xlated_len=20536 nr_jited_ksyms=1 ksym0=0xffffffffc0407214 ksym1=0x0
[52.650747 pid=1937 tid=1953] BPF_MAP_UPDATE_ELEM prog_array name=sys_exit_submit map_fd=17 map_id=130 key=139 prog_fd=72 prog_id=18 flags=0 ret=0 errno=0
[52.651027 pid=1937 tid=1953] native-loader jit-info prog_array-target fd=72 id=18 type=17 name=sys_exit_submit tag=07fb247c2a62a43e jited_len=12117 xlated_len=20536 nr_jited_ksyms=1 ksym0=0xffffffffc0407214 ksym1=0x0
[52.651145 pid=1937 tid=1953] BPF_MAP_UPDATE_ELEM prog_array name=sys_exit_submit map_fd=17 map_id=130 key=140 prog_fd=72 prog_id=18 flags=0 ret=0 errno=0
[52.651307 pid=1937 tid=1953] native-loader jit-info prog_array-target fd=72 id=18 type=17 name=sys_exit_submit tag=07fb247c2a62a43e jited_len=12117 xlated_len=20536 nr_jited_ksyms=1 ksym0=0xffffffffc0407214 ksym1=0x0
[52.651587 pid=1937 tid=1953] BPF_MAP_UPDATE_ELEM prog_array name=sys_exit_submit map_fd=17 map_id=130 key=141 prog_fd=72 prog_id=18 flags=0 ret=0 errno=0
[52.651912 pid=1937 tid=1953] native-loader jit-info prog_array-target fd=72 id=18 type=17 name=sys_exit_submit tag=07fb247c2a62a43e jited_len=12117 xlated_len=20536 nr_jited_ksyms=1 ksym0=0xffffffffc0407214 ksym1=0x0
[52.652166 pid=1937 tid=1953] BPF_MAP_UPDATE_ELEM prog_array name=sys_exit_submit map_fd=17 map_id=130 key=142 prog_fd=72 prog_id=18 flags=0 ret=0 errno=0
[52.652284 pid=1937 tid=1953] native-loader jit-info prog_array-target fd=72 id=18 type=17 name=sys_exit_submit tag=07fb247c2a62a43e jited_len=12117 xlated_len=20536 nr_jited_ksyms=1 ksym0=0xffffffffc0407214 ksym1=0x0
[52.652674 pid=1937 tid=1953] BPF_MAP_UPDATE_ELEM prog_array name=sys_exit_submit map_fd=17 map_id=130 key=143 prog_fd=72 prog_id=18 flags=0 ret=0 errno=0
[52.653077 pid=1937 tid=1953] native-loader jit-info prog_array-target fd=72 id=18 type=17 name=sys_exit_submit tag=07fb247c2a62a43e jited_len=12117 xlated_len=20536 nr_jited_ksyms=1 ksym0=0xffffffffc0407214 ksym1=0x0
[52.653250 pid=1937 tid=1953] BPF_MAP_UPDATE_ELEM prog_array name=sys_exit_submit map_fd=17 map_id=130 key=144 prog_fd=72 prog_id=18 flags=0 ret=0 errno=0
[52.653428 pid=1937 tid=1953] native-loader jit-info prog_array-target fd=72 id=18 type=17 name=sys_exit_submit tag=07fb247c2a62a43e jited_len=12117 xlated_len=20536 nr_jited_ksyms=1 ksym0=0xffffffffc0407214 ksym1=0x0
[52.653710 pid=1937 tid=1953] BPF_MAP_UPDATE_ELEM prog_array name=sys_exit_submit map_fd=17 map_id=130 key=145 prog_fd=72 prog_id=18 flags=0 ret=0 errno=0
[52.653873 pid=1937 tid=1953] native-loader jit-info prog_array-target fd=72 id=18 type=17 name=sys_exit_submit tag=07fb247c2a62a43e jited_len=12117 xlated_len=20536 nr_jited_ksyms=1 ksym0=0xffffffffc0407214 ksym1=0x0
[52.654010 pid=1937 tid=1953] BPF_MAP_UPDATE_ELEM prog_array name=sys_exit_submit map_fd=17 map_id=130 key=146 prog_fd=72 prog_id=18 flags=0 ret=0 errno=0
[52.654165 pid=1937 tid=1953] native-loader jit-info prog_array-target fd=72 id=18 type=17 name=sys_exit_submit tag=07fb247c2a62a43e jited_len=12117 xlated_len=20536 nr_jited_ksyms=1 ksym0=0xffffffffc0407214 ksym1=0x0
[52.654456 pid=1937 tid=1953] BPF_MAP_UPDATE_ELEM prog_array name=sys_exit_submit map_fd=17 map_id=130 key=147 prog_fd=72 prog_id=18 flags=0 ret=0 errno=0
[52.654689 pid=1937 tid=1953] native-loader jit-info prog_array-target fd=72 id=18 type=17 name=sys_exit_submit tag=07fb247c2a62a43e jited_len=12117 xlated_len=20536 nr_jited_ksyms=1 ksym0=0xffffffffc0407214 ksym1=0x0
[52.654950 pid=1937 tid=1953] BPF_MAP_UPDATE_ELEM prog_array name=sys_exit_submit map_fd=17 map_id=130 key=148 prog_fd=72 prog_id=18 flags=0 ret=0 errno=0
[52.655078 pid=1937 tid=1953] native-loader jit-info prog_array-target fd=72 id=18 type=17 name=sys_exit_submit tag=07fb247c2a62a43e jited_len=12117 xlated_len=20536 nr_jited_ksyms=1 ksym0=0xffffffffc0407214 ksym1=0x0
[52.655227 pid=1937 tid=1953] BPF_MAP_UPDATE_ELEM prog_array name=sys_exit_submit map_fd=17 map_id=130 key=149 prog_fd=72 prog_id=18 flags=0 ret=0 errno=0
[52.655383 pid=1937 tid=1953] native-loader jit-info prog_array-target fd=72 id=18 type=17 name=sys_exit_submit tag=07fb247c2a62a43e jited_len=12117 xlated_len=20536 nr_jited_ksyms=1 ksym0=0xffffffffc0407214 ksym1=0x0
[52.655495 pid=1937 tid=1953] BPF_MAP_UPDATE_ELEM prog_array name=sys_exit_submit map_fd=17 map_id=130 key=150 prog_fd=72 prog_id=18 flags=0 ret=0 errno=0
[52.655829 pid=1937 tid=1953] native-loader jit-info prog_array-target fd=72 id=18 type=17 name=sys_exit_submit tag=07fb247c2a62a43e jited_len=12117 xlated_len=20536 nr_jited_ksyms=1 ksym0=0xffffffffc0407214 ksym1=0x0
[52.656094 pid=1937 tid=1953] BPF_MAP_UPDATE_ELEM prog_array name=sys_exit_submit map_fd=17 map_id=130 key=151 prog_fd=72 prog_id=18 flags=0 ret=0 errno=0
[52.656205 pid=1937 tid=1953] native-loader jit-info prog_array-target fd=72 id=18 type=17 name=sys_exit_submit tag=07fb247c2a62a43e jited_len=12117 xlated_len=20536 nr_jited_ksyms=1 ksym0=0xffffffffc0407214 ksym1=0x0
[52.656587 pid=1937 tid=1953] BPF_MAP_UPDATE_ELEM prog_array name=sys_exit_submit map_fd=17 map_id=130 key=152 prog_fd=72 prog_id=18 flags=0 ret=0 errno=0
[52.656699 pid=1937 tid=1953] native-loader jit-info prog_array-target fd=72 id=18 type=17 name=sys_exit_submit tag=07fb247c2a62a43e jited_len=12117 xlated_len=20536 nr_jited_ksyms=1 ksym0=0xffffffffc0407214 ksym1=0x0
[52.656832 pid=1937 tid=1953] BPF_MAP_UPDATE_ELEM prog_array name=sys_exit_submit map_fd=17 map_id=130 key=153 prog_fd=72 prog_id=18 flags=0 ret=0 errno=0
[52.656975 pid=1937 tid=1953] native-loader jit-info prog_array-target fd=72 id=18 type=17 name=sys_exit_submit tag=07fb247c2a62a43e jited_len=12117 xlated_len=20536 nr_jited_ksyms=1 ksym0=0xffffffffc0407214 ksym1=0x0
[52.657220 pid=1937 tid=1953] BPF_MAP_UPDATE_ELEM prog_array name=sys_exit_submit map_fd=17 map_id=130 key=154 prog_fd=72 prog_id=18 flags=0 ret=0 errno=0
[52.657474 pid=1937 tid=1953] native-loader jit-info prog_array-target fd=72 id=18 type=17 name=sys_exit_submit tag=07fb247c2a62a43e jited_len=12117 xlated_len=20536 nr_jited_ksyms=1 ksym0=0xffffffffc0407214 ksym1=0x0
[52.657831 pid=1937 tid=1953] BPF_MAP_UPDATE_ELEM prog_array name=sys_exit_submit map_fd=17 map_id=130 key=155 prog_fd=72 prog_id=18 flags=0 ret=0 errno=0
[52.658321 pid=1937 tid=1953] native-loader jit-info prog_array-target fd=72 id=18 type=17 name=sys_exit_submit tag=07fb247c2a62a43e jited_len=12117 xlated_len=20536 nr_jited_ksyms=1 ksym0=0xffffffffc0407214 ksym1=0x0
[52.658495 pid=1937 tid=1953] BPF_MAP_UPDATE_ELEM prog_array name=sys_exit_submit map_fd=17 map_id=130 key=156 prog_fd=72 prog_id=18 flags=0 ret=0 errno=0
[52.658943 pid=1937 tid=1953] native-loader jit-info prog_array-target fd=72 id=18 type=17 name=sys_exit_submit tag=07fb247c2a62a43e jited_len=12117 xlated_len=20536 nr_jited_ksyms=1 ksym0=0xffffffffc0407214 ksym1=0x0
[52.659232 pid=1937 tid=1953] BPF_MAP_UPDATE_ELEM prog_array name=sys_exit_submit map_fd=17 map_id=130 key=157 prog_fd=72 prog_id=18 flags=0 ret=0 errno=0
[52.660131 pid=1937 tid=1953] native-loader jit-info prog_array-target fd=72 id=18 type=17 name=sys_exit_submit tag=07fb247c2a62a43e jited_len=12117 xlated_len=20536 nr_jited_ksyms=1 ksym0=0xffffffffc0407214 ksym1=0x0
[52.660267 pid=1937 tid=1953] BPF_MAP_UPDATE_ELEM prog_array name=sys_exit_submit map_fd=17 map_id=130 key=159 prog_fd=72 prog_id=18 flags=0 ret=0 errno=0
[52.660379 pid=1937 tid=1953] native-loader jit-info prog_array-target fd=72 id=18 type=17 name=sys_exit_submit tag=07fb247c2a62a43e jited_len=12117 xlated_len=20536 nr_jited_ksyms=1 ksym0=0xffffffffc0407214 ksym1=0x0
[52.660905 pid=1937 tid=1953] BPF_MAP_UPDATE_ELEM prog_array name=sys_exit_submit map_fd=17 map_id=130 key=160 prog_fd=72 prog_id=18 flags=0 ret=0 errno=0
[52.661061 pid=1937 tid=1953] native-loader jit-info prog_array-target fd=72 id=18 type=17 name=sys_exit_submit tag=07fb247c2a62a43e jited_len=12117 xlated_len=20536 nr_jited_ksyms=1 ksym0=0xffffffffc0407214 ksym1=0x0
[52.661176 pid=1937 tid=1953] BPF_MAP_UPDATE_ELEM prog_array name=sys_exit_submit map_fd=17 map_id=130 key=161 prog_fd=72 prog_id=18 flags=0 ret=0 errno=0
[52.661340 pid=1937 tid=1953] native-loader jit-info prog_array-target fd=72 id=18 type=17 name=sys_exit_submit tag=07fb247c2a62a43e jited_len=12117 xlated_len=20536 nr_jited_ksyms=1 ksym0=0xffffffffc0407214 ksym1=0x0
[52.661627 pid=1937 tid=1953] BPF_MAP_UPDATE_ELEM prog_array name=sys_exit_submit map_fd=17 map_id=130 key=162 prog_fd=72 prog_id=18 flags=0 ret=0 errno=0
[52.662296 pid=1937 tid=1953] native-loader jit-info prog_array-target fd=72 id=18 type=17 name=sys_exit_submit tag=07fb247c2a62a43e jited_len=12117 xlated_len=20536 nr_jited_ksyms=1 ksym0=0xffffffffc0407214 ksym1=0x0
[52.662578 pid=1937 tid=1953] BPF_MAP_UPDATE_ELEM prog_array name=sys_exit_submit map_fd=17 map_id=130 key=163 prog_fd=72 prog_id=18 flags=0 ret=0 errno=0
[52.662710 pid=1937 tid=1953] native-loader jit-info prog_array-target fd=72 id=18 type=17 name=sys_exit_submit tag=07fb247c2a62a43e jited_len=12117 xlated_len=20536 nr_jited_ksyms=1 ksym0=0xffffffffc0407214 ksym1=0x0
[52.662871 pid=1937 tid=1953] BPF_MAP_UPDATE_ELEM prog_array name=sys_exit_submit map_fd=17 map_id=130 key=164 prog_fd=72 prog_id=18 flags=0 ret=0 errno=0
[52.663142 pid=1937 tid=1953] native-loader jit-info prog_array-target fd=72 id=18 type=17 name=sys_exit_submit tag=07fb247c2a62a43e jited_len=12117 xlated_len=20536 nr_jited_ksyms=1 ksym0=0xffffffffc0407214 ksym1=0x0
[52.663975 pid=1937 tid=1953] BPF_MAP_UPDATE_ELEM prog_array name=sys_exit_submit map_fd=17 map_id=130 key=165 prog_fd=72 prog_id=18 flags=0 ret=0 errno=0
[52.664122 pid=1937 tid=1953] native-loader jit-info prog_array-target fd=72 id=18 type=17 name=sys_exit_submit tag=07fb247c2a62a43e jited_len=12117 xlated_len=20536 nr_jited_ksyms=1 ksym0=0xffffffffc0407214 ksym1=0x0
[52.664301 pid=1937 tid=1953] BPF_MAP_UPDATE_ELEM prog_array name=sys_exit_submit map_fd=17 map_id=130 key=166 prog_fd=72 prog_id=18 flags=0 ret=0 errno=0
[52.664459 pid=1937 tid=1953] native-loader jit-info prog_array-target fd=72 id=18 type=17 name=sys_exit_submit tag=07fb247c2a62a43e jited_len=12117 xlated_len=20536 nr_jited_ksyms=1 ksym0=0xffffffffc0407214 ksym1=0x0
[52.664881 pid=1937 tid=1953] BPF_MAP_UPDATE_ELEM prog_array name=sys_exit_submit map_fd=17 map_id=130 key=167 prog_fd=72 prog_id=18 flags=0 ret=0 errno=0
[52.665128 pid=1937 tid=1953] native-loader jit-info prog_array-target fd=72 id=18 type=17 name=sys_exit_submit tag=07fb247c2a62a43e jited_len=12117 xlated_len=20536 nr_jited_ksyms=1 ksym0=0xffffffffc0407214 ksym1=0x0
[52.665516 pid=1937 tid=1953] BPF_MAP_UPDATE_ELEM prog_array name=sys_exit_submit map_fd=17 map_id=130 key=168 prog_fd=72 prog_id=18 flags=0 ret=0 errno=0
[52.665972 pid=1937 tid=1953] native-loader jit-info prog_array-target fd=72 id=18 type=17 name=sys_exit_submit tag=07fb247c2a62a43e jited_len=12117 xlated_len=20536 nr_jited_ksyms=1 ksym0=0xffffffffc0407214 ksym1=0x0
[52.666214 pid=1937 tid=1953] BPF_MAP_UPDATE_ELEM prog_array name=sys_exit_submit map_fd=17 map_id=130 key=169 prog_fd=72 prog_id=18 flags=0 ret=0 errno=0
[52.666343 pid=1937 tid=1953] native-loader jit-info prog_array-target fd=72 id=18 type=17 name=sys_exit_submit tag=07fb247c2a62a43e jited_len=12117 xlated_len=20536 nr_jited_ksyms=1 ksym0=0xffffffffc0407214 ksym1=0x0
[52.666718 pid=1937 tid=1953] BPF_MAP_UPDATE_ELEM prog_array name=sys_exit_submit map_fd=17 map_id=130 key=170 prog_fd=72 prog_id=18 flags=0 ret=0 errno=0
[52.666849 pid=1937 tid=1953] native-loader jit-info prog_array-target fd=72 id=18 type=17 name=sys_exit_submit tag=07fb247c2a62a43e jited_len=12117 xlated_len=20536 nr_jited_ksyms=1 ksym0=0xffffffffc0407214 ksym1=0x0
[52.666968 pid=1937 tid=1953] BPF_MAP_UPDATE_ELEM prog_array name=sys_exit_submit map_fd=17 map_id=130 key=171 prog_fd=72 prog_id=18 flags=0 ret=0 errno=0
[52.667204 pid=1937 tid=1953] native-loader jit-info prog_array-target fd=72 id=18 type=17 name=sys_exit_submit tag=07fb247c2a62a43e jited_len=12117 xlated_len=20536 nr_jited_ksyms=1 ksym0=0xffffffffc0407214 ksym1=0x0
[52.667378 pid=1937 tid=1953] BPF_MAP_UPDATE_ELEM prog_array name=sys_exit_submit map_fd=17 map_id=130 key=172 prog_fd=72 prog_id=18 flags=0 ret=0 errno=0
[52.667506 pid=1937 tid=1953] native-loader jit-info prog_array-target fd=72 id=18 type=17 name=sys_exit_submit tag=07fb247c2a62a43e jited_len=12117 xlated_len=20536 nr_jited_ksyms=1 ksym0=0xffffffffc0407214 ksym1=0x0
[52.667625 pid=1937 tid=1953] BPF_MAP_UPDATE_ELEM prog_array name=sys_exit_submit map_fd=17 map_id=130 key=173 prog_fd=72 prog_id=18 flags=0 ret=0 errno=0
[52.667822 pid=1937 tid=1953] native-loader jit-info prog_array-target fd=72 id=18 type=17 name=sys_exit_submit tag=07fb247c2a62a43e jited_len=12117 xlated_len=20536 nr_jited_ksyms=1 ksym0=0xffffffffc0407214 ksym1=0x0
[52.667934 pid=1937 tid=1953] BPF_MAP_UPDATE_ELEM prog_array name=sys_exit_submit map_fd=17 map_id=130 key=174 prog_fd=72 prog_id=18 flags=0 ret=0 errno=0
[52.668061 pid=1937 tid=1953] native-loader jit-info prog_array-target fd=72 id=18 type=17 name=sys_exit_submit tag=07fb247c2a62a43e jited_len=12117 xlated_len=20536 nr_jited_ksyms=1 ksym0=0xffffffffc0407214 ksym1=0x0
[52.668367 pid=1937 tid=1953] BPF_MAP_UPDATE_ELEM prog_array name=sys_exit_submit map_fd=17 map_id=130 key=175 prog_fd=72 prog_id=18 flags=0 ret=0 errno=0
[52.668635 pid=1937 tid=1953] native-loader jit-info prog_array-target fd=72 id=18 type=17 name=sys_exit_submit tag=07fb247c2a62a43e jited_len=12117 xlated_len=20536 nr_jited_ksyms=1 ksym0=0xffffffffc0407214 ksym1=0x0
[52.668796 pid=1937 tid=1953] BPF_MAP_UPDATE_ELEM prog_array name=sys_exit_submit map_fd=17 map_id=130 key=176 prog_fd=72 prog_id=18 flags=0 ret=0 errno=0
[52.669058 pid=1937 tid=1953] native-loader jit-info prog_array-target fd=72 id=18 type=17 name=sys_exit_submit tag=07fb247c2a62a43e jited_len=12117 xlated_len=20536 nr_jited_ksyms=1 ksym0=0xffffffffc0407214 ksym1=0x0
[52.669239 pid=1937 tid=1953] BPF_MAP_UPDATE_ELEM prog_array name=sys_exit_submit map_fd=17 map_id=130 key=177 prog_fd=72 prog_id=18 flags=0 ret=0 errno=0
[52.669485 pid=1937 tid=1953] native-loader jit-info prog_array-target fd=72 id=18 type=17 name=sys_exit_submit tag=07fb247c2a62a43e jited_len=12117 xlated_len=20536 nr_jited_ksyms=1 ksym0=0xffffffffc0407214 ksym1=0x0
[52.669662 pid=1937 tid=1953] BPF_MAP_UPDATE_ELEM prog_array name=sys_exit_submit map_fd=17 map_id=130 key=178 prog_fd=72 prog_id=18 flags=0 ret=0 errno=0
[52.670427 pid=1937 tid=1953] native-loader jit-info prog_array-target fd=72 id=18 type=17 name=sys_exit_submit tag=07fb247c2a62a43e jited_len=12117 xlated_len=20536 nr_jited_ksyms=1 ksym0=0xffffffffc0407214 ksym1=0x0
[52.670707 pid=1937 tid=1953] BPF_MAP_UPDATE_ELEM prog_array name=sys_exit_submit map_fd=17 map_id=130 key=179 prog_fd=72 prog_id=18 flags=0 ret=0 errno=0
[52.671055 pid=1937 tid=1953] native-loader jit-info prog_array-target fd=72 id=18 type=17 name=sys_exit_submit tag=07fb247c2a62a43e jited_len=12117 xlated_len=20536 nr_jited_ksyms=1 ksym0=0xffffffffc0407214 ksym1=0x0
[52.671222 pid=1937 tid=1953] BPF_MAP_UPDATE_ELEM prog_array name=sys_exit_submit map_fd=17 map_id=130 key=180 prog_fd=72 prog_id=18 flags=0 ret=0 errno=0
[52.671388 pid=1937 tid=1953] native-loader jit-info prog_array-target fd=72 id=18 type=17 name=sys_exit_submit tag=07fb247c2a62a43e jited_len=12117 xlated_len=20536 nr_jited_ksyms=1 ksym0=0xffffffffc0407214 ksym1=0x0
[52.671568 pid=1937 tid=1953] BPF_MAP_UPDATE_ELEM prog_array name=sys_exit_submit map_fd=17 map_id=130 key=181 prog_fd=72 prog_id=18 flags=0 ret=0 errno=0
[52.671731 pid=1937 tid=1953] native-loader jit-info prog_array-target fd=72 id=18 type=17 name=sys_exit_submit tag=07fb247c2a62a43e jited_len=12117 xlated_len=20536 nr_jited_ksyms=1 ksym0=0xffffffffc0407214 ksym1=0x0
[52.672053 pid=1937 tid=1953] BPF_MAP_UPDATE_ELEM prog_array name=sys_exit_submit map_fd=17 map_id=130 key=182 prog_fd=72 prog_id=18 flags=0 ret=0 errno=0
[52.672365 pid=1937 tid=1953] native-loader jit-info prog_array-target fd=72 id=18 type=17 name=sys_exit_submit tag=07fb247c2a62a43e jited_len=12117 xlated_len=20536 nr_jited_ksyms=1 ksym0=0xffffffffc0407214 ksym1=0x0
[52.672657 pid=1937 tid=1953] BPF_MAP_UPDATE_ELEM prog_array name=sys_exit_submit map_fd=17 map_id=130 key=183 prog_fd=72 prog_id=18 flags=0 ret=0 errno=0
[52.672802 pid=1937 tid=1953] native-loader jit-info prog_array-target fd=72 id=18 type=17 name=sys_exit_submit tag=07fb247c2a62a43e jited_len=12117 xlated_len=20536 nr_jited_ksyms=1 ksym0=0xffffffffc0407214 ksym1=0x0
[52.672999 pid=1937 tid=1953] BPF_MAP_UPDATE_ELEM prog_array name=sys_exit_submit map_fd=17 map_id=130 key=184 prog_fd=72 prog_id=18 flags=0 ret=0 errno=0
[52.673478 pid=1937 tid=1953] native-loader jit-info prog_array-target fd=72 id=18 type=17 name=sys_exit_submit tag=07fb247c2a62a43e jited_len=12117 xlated_len=20536 nr_jited_ksyms=1 ksym0=0xffffffffc0407214 ksym1=0x0
[52.673774 pid=1937 tid=1953] BPF_MAP_UPDATE_ELEM prog_array name=sys_exit_submit map_fd=17 map_id=130 key=185 prog_fd=72 prog_id=18 flags=0 ret=0 errno=0
[52.674081 pid=1937 tid=1953] native-loader jit-info prog_array-target fd=72 id=18 type=17 name=sys_exit_submit tag=07fb247c2a62a43e jited_len=12117 xlated_len=20536 nr_jited_ksyms=1 ksym0=0xffffffffc0407214 ksym1=0x0
[52.674484 pid=1937 tid=1953] BPF_MAP_UPDATE_ELEM prog_array name=sys_exit_submit map_fd=17 map_id=130 key=186 prog_fd=72 prog_id=18 flags=0 ret=0 errno=0
[52.674782 pid=1937 tid=1953] native-loader jit-info prog_array-target fd=72 id=18 type=17 name=sys_exit_submit tag=07fb247c2a62a43e jited_len=12117 xlated_len=20536 nr_jited_ksyms=1 ksym0=0xffffffffc0407214 ksym1=0x0
[52.675057 pid=1937 tid=1953] BPF_MAP_UPDATE_ELEM prog_array name=sys_exit_submit map_fd=17 map_id=130 key=187 prog_fd=72 prog_id=18 flags=0 ret=0 errno=0
[52.675320 pid=1937 tid=1953] native-loader jit-info prog_array-target fd=72 id=18 type=17 name=sys_exit_submit tag=07fb247c2a62a43e jited_len=12117 xlated_len=20536 nr_jited_ksyms=1 ksym0=0xffffffffc0407214 ksym1=0x0
[52.675707 pid=1937 tid=1953] BPF_MAP_UPDATE_ELEM prog_array name=sys_exit_submit map_fd=17 map_id=130 key=188 prog_fd=72 prog_id=18 flags=0 ret=0 errno=0
[52.676062 pid=1937 tid=1953] native-loader jit-info prog_array-target fd=72 id=18 type=17 name=sys_exit_submit tag=07fb247c2a62a43e jited_len=12117 xlated_len=20536 nr_jited_ksyms=1 ksym0=0xffffffffc0407214 ksym1=0x0
[52.676380 pid=1937 tid=1953] BPF_MAP_UPDATE_ELEM prog_array name=sys_exit_submit map_fd=17 map_id=130 key=189 prog_fd=72 prog_id=18 flags=0 ret=0 errno=0
[52.676707 pid=1937 tid=1953] native-loader jit-info prog_array-target fd=72 id=18 type=17 name=sys_exit_submit tag=07fb247c2a62a43e jited_len=12117 xlated_len=20536 nr_jited_ksyms=1 ksym0=0xffffffffc0407214 ksym1=0x0
[52.677012 pid=1937 tid=1953] BPF_MAP_UPDATE_ELEM prog_array name=sys_exit_submit map_fd=17 map_id=130 key=190 prog_fd=72 prog_id=18 flags=0 ret=0 errno=0
[52.677215 pid=1937 tid=1953] native-loader jit-info prog_array-target fd=72 id=18 type=17 name=sys_exit_submit tag=07fb247c2a62a43e jited_len=12117 xlated_len=20536 nr_jited_ksyms=1 ksym0=0xffffffffc0407214 ksym1=0x0
[52.677432 pid=1937 tid=1953] BPF_MAP_UPDATE_ELEM prog_array name=sys_exit_submit map_fd=17 map_id=130 key=191 prog_fd=72 prog_id=18 flags=0 ret=0 errno=0
[52.677608 pid=1937 tid=1953] native-loader jit-info prog_array-target fd=72 id=18 type=17 name=sys_exit_submit tag=07fb247c2a62a43e jited_len=12117 xlated_len=20536 nr_jited_ksyms=1 ksym0=0xffffffffc0407214 ksym1=0x0
[52.677786 pid=1937 tid=1953] BPF_MAP_UPDATE_ELEM prog_array name=sys_exit_submit map_fd=17 map_id=130 key=192 prog_fd=72 prog_id=18 flags=0 ret=0 errno=0
[52.677903 pid=1937 tid=1953] native-loader jit-info prog_array-target fd=72 id=18 type=17 name=sys_exit_submit tag=07fb247c2a62a43e jited_len=12117 xlated_len=20536 nr_jited_ksyms=1 ksym0=0xffffffffc0407214 ksym1=0x0
[52.678076 pid=1937 tid=1953] BPF_MAP_UPDATE_ELEM prog_array name=sys_exit_submit map_fd=17 map_id=130 key=193 prog_fd=72 prog_id=18 flags=0 ret=0 errno=0
[52.678181 pid=1937 tid=1953] native-loader jit-info prog_array-target fd=72 id=18 type=17 name=sys_exit_submit tag=07fb247c2a62a43e jited_len=12117 xlated_len=20536 nr_jited_ksyms=1 ksym0=0xffffffffc0407214 ksym1=0x0
[52.678287 pid=1937 tid=1953] BPF_MAP_UPDATE_ELEM prog_array name=sys_exit_submit map_fd=17 map_id=130 key=194 prog_fd=72 prog_id=18 flags=0 ret=0 errno=0
[52.678424 pid=1937 tid=1953] native-loader jit-info prog_array-target fd=72 id=18 type=17 name=sys_exit_submit tag=07fb247c2a62a43e jited_len=12117 xlated_len=20536 nr_jited_ksyms=1 ksym0=0xffffffffc0407214 ksym1=0x0
[52.678556 pid=1937 tid=1953] BPF_MAP_UPDATE_ELEM prog_array name=sys_exit_submit map_fd=17 map_id=130 key=195 prog_fd=72 prog_id=18 flags=0 ret=0 errno=0
[52.678652 pid=1937 tid=1953] native-loader jit-info prog_array-target fd=72 id=18 type=17 name=sys_exit_submit tag=07fb247c2a62a43e jited_len=12117 xlated_len=20536 nr_jited_ksyms=1 ksym0=0xffffffffc0407214 ksym1=0x0
[52.678907 pid=1937 tid=1953] BPF_MAP_UPDATE_ELEM prog_array name=sys_exit_submit map_fd=17 map_id=130 key=196 prog_fd=72 prog_id=18 flags=0 ret=0 errno=0
[52.679124 pid=1937 tid=1953] native-loader jit-info prog_array-target fd=72 id=18 type=17 name=sys_exit_submit tag=07fb247c2a62a43e jited_len=12117 xlated_len=20536 nr_jited_ksyms=1 ksym0=0xffffffffc0407214 ksym1=0x0
[52.679268 pid=1937 tid=1953] BPF_MAP_UPDATE_ELEM prog_array name=sys_exit_submit map_fd=17 map_id=130 key=197 prog_fd=72 prog_id=18 flags=0 ret=0 errno=0
[52.680097 pid=1937 tid=1953] native-loader jit-info prog_array-target fd=72 id=18 type=17 name=sys_exit_submit tag=07fb247c2a62a43e jited_len=12117 xlated_len=20536 nr_jited_ksyms=1 ksym0=0xffffffffc0407214 ksym1=0x0
[52.680732 pid=1937 tid=1953] BPF_MAP_UPDATE_ELEM prog_array name=sys_exit_submit map_fd=17 map_id=130 key=198 prog_fd=72 prog_id=18 flags=0 ret=0 errno=0
[52.680996 pid=1937 tid=1953] native-loader jit-info prog_array-target fd=72 id=18 type=17 name=sys_exit_submit tag=07fb247c2a62a43e jited_len=12117 xlated_len=20536 nr_jited_ksyms=1 ksym0=0xffffffffc0407214 ksym1=0x0
[52.681101 pid=1937 tid=1953] BPF_MAP_UPDATE_ELEM prog_array name=sys_exit_submit map_fd=17 map_id=130 key=199 prog_fd=72 prog_id=18 flags=0 ret=0 errno=0
[52.681226 pid=1937 tid=1953] native-loader jit-info prog_array-target fd=72 id=18 type=17 name=sys_exit_submit tag=07fb247c2a62a43e jited_len=12117 xlated_len=20536 nr_jited_ksyms=1 ksym0=0xffffffffc0407214 ksym1=0x0
[52.681810 pid=1937 tid=1953] BPF_MAP_UPDATE_ELEM prog_array name=sys_exit_submit map_fd=17 map_id=130 key=200 prog_fd=72 prog_id=18 flags=0 ret=0 errno=0
[52.682110 pid=1937 tid=1953] native-loader jit-info prog_array-target fd=72 id=18 type=17 name=sys_exit_submit tag=07fb247c2a62a43e jited_len=12117 xlated_len=20536 nr_jited_ksyms=1 ksym0=0xffffffffc0407214 ksym1=0x0
[52.682274 pid=1937 tid=1953] BPF_MAP_UPDATE_ELEM prog_array name=sys_exit_submit map_fd=17 map_id=130 key=201 prog_fd=72 prog_id=18 flags=0 ret=0 errno=0
[52.682412 pid=1937 tid=1953] native-loader jit-info prog_array-target fd=72 id=18 type=17 name=sys_exit_submit tag=07fb247c2a62a43e jited_len=12117 xlated_len=20536 nr_jited_ksyms=1 ksym0=0xffffffffc0407214 ksym1=0x0
[52.682550 pid=1937 tid=1953] BPF_MAP_UPDATE_ELEM prog_array name=sys_exit_submit map_fd=17 map_id=130 key=202 prog_fd=72 prog_id=18 flags=0 ret=0 errno=0
[52.682836 pid=1937 tid=1953] native-loader jit-info prog_array-target fd=72 id=18 type=17 name=sys_exit_submit tag=07fb247c2a62a43e jited_len=12117 xlated_len=20536 nr_jited_ksyms=1 ksym0=0xffffffffc0407214 ksym1=0x0
[52.682963 pid=1937 tid=1953] BPF_MAP_UPDATE_ELEM prog_array name=sys_exit_submit map_fd=17 map_id=130 key=203 prog_fd=72 prog_id=18 flags=0 ret=0 errno=0
[52.683048 pid=1937 tid=1953] native-loader jit-info prog_array-target fd=72 id=18 type=17 name=sys_exit_submit tag=07fb247c2a62a43e jited_len=12117 xlated_len=20536 nr_jited_ksyms=1 ksym0=0xffffffffc0407214 ksym1=0x0
[52.683306 pid=1937 tid=1953] BPF_MAP_UPDATE_ELEM prog_array name=sys_exit_submit map_fd=17 map_id=130 key=204 prog_fd=72 prog_id=18 flags=0 ret=0 errno=0
[52.683577 pid=1937 tid=1953] native-loader jit-info prog_array-target fd=72 id=18 type=17 name=sys_exit_submit tag=07fb247c2a62a43e jited_len=12117 xlated_len=20536 nr_jited_ksyms=1 ksym0=0xffffffffc0407214 ksym1=0x0
[52.683876 pid=1937 tid=1953] BPF_MAP_UPDATE_ELEM prog_array name=sys_exit_submit map_fd=17 map_id=130 key=205 prog_fd=72 prog_id=18 flags=0 ret=0 errno=0
[52.684364 pid=1937 tid=1953] native-loader jit-info prog_array-target fd=72 id=18 type=17 name=sys_exit_submit tag=07fb247c2a62a43e jited_len=12117 xlated_len=20536 nr_jited_ksyms=1 ksym0=0xffffffffc0407214 ksym1=0x0
[52.684640 pid=1937 tid=1953] BPF_MAP_UPDATE_ELEM prog_array name=sys_exit_submit map_fd=17 map_id=130 key=206 prog_fd=72 prog_id=18 flags=0 ret=0 errno=0
[52.684789 pid=1937 tid=1953] native-loader jit-info prog_array-target fd=72 id=18 type=17 name=sys_exit_submit tag=07fb247c2a62a43e jited_len=12117 xlated_len=20536 nr_jited_ksyms=1 ksym0=0xffffffffc0407214 ksym1=0x0
[52.685235 pid=1937 tid=1953] BPF_MAP_UPDATE_ELEM prog_array name=sys_exit_submit map_fd=17 map_id=130 key=207 prog_fd=72 prog_id=18 flags=0 ret=0 errno=0
[52.685375 pid=1937 tid=1953] native-loader jit-info prog_array-target fd=72 id=18 type=17 name=sys_exit_submit tag=07fb247c2a62a43e jited_len=12117 xlated_len=20536 nr_jited_ksyms=1 ksym0=0xffffffffc0407214 ksym1=0x0
[52.685933 pid=1937 tid=1953] BPF_MAP_UPDATE_ELEM prog_array name=sys_exit_submit map_fd=17 map_id=130 key=208 prog_fd=72 prog_id=18 flags=0 ret=0 errno=0
[52.686065 pid=1937 tid=1953] native-loader jit-info prog_array-target fd=72 id=18 type=17 name=sys_exit_submit tag=07fb247c2a62a43e jited_len=12117 xlated_len=20536 nr_jited_ksyms=1 ksym0=0xffffffffc0407214 ksym1=0x0
[52.686204 pid=1937 tid=1953] BPF_MAP_UPDATE_ELEM prog_array name=sys_exit_submit map_fd=17 map_id=130 key=209 prog_fd=72 prog_id=18 flags=0 ret=0 errno=0
[52.686592 pid=1937 tid=1953] native-loader jit-info prog_array-target fd=72 id=18 type=17 name=sys_exit_submit tag=07fb247c2a62a43e jited_len=12117 xlated_len=20536 nr_jited_ksyms=1 ksym0=0xffffffffc0407214 ksym1=0x0
[52.686878 pid=1937 tid=1953] BPF_MAP_UPDATE_ELEM prog_array name=sys_exit_submit map_fd=17 map_id=130 key=210 prog_fd=72 prog_id=18 flags=0 ret=0 errno=0
[52.687008 pid=1937 tid=1953] native-loader jit-info prog_array-target fd=72 id=18 type=17 name=sys_exit_submit tag=07fb247c2a62a43e jited_len=12117 xlated_len=20536 nr_jited_ksyms=1 ksym0=0xffffffffc0407214 ksym1=0x0
[52.687140 pid=1937 tid=1953] BPF_MAP_UPDATE_ELEM prog_array name=sys_exit_submit map_fd=17 map_id=130 key=211 prog_fd=72 prog_id=18 flags=0 ret=0 errno=0
[52.687277 pid=1937 tid=1953] native-loader jit-info prog_array-target fd=72 id=18 type=17 name=sys_exit_submit tag=07fb247c2a62a43e jited_len=12117 xlated_len=20536 nr_jited_ksyms=1 ksym0=0xffffffffc0407214 ksym1=0x0
[52.687458 pid=1937 tid=1953] BPF_MAP_UPDATE_ELEM prog_array name=sys_exit_submit map_fd=17 map_id=130 key=212 prog_fd=72 prog_id=18 flags=0 ret=0 errno=0
[52.687598 pid=1937 tid=1953] native-loader jit-info prog_array-target fd=72 id=18 type=17 name=sys_exit_submit tag=07fb247c2a62a43e jited_len=12117 xlated_len=20536 nr_jited_ksyms=1 ksym0=0xffffffffc0407214 ksym1=0x0
[52.687703 pid=1937 tid=1953] BPF_MAP_UPDATE_ELEM prog_array name=sys_exit_submit map_fd=17 map_id=130 key=213 prog_fd=72 prog_id=18 flags=0 ret=0 errno=0
[52.688055 pid=1937 tid=1953] native-loader jit-info prog_array-target fd=72 id=18 type=17 name=sys_exit_submit tag=07fb247c2a62a43e jited_len=12117 xlated_len=20536 nr_jited_ksyms=1 ksym0=0xffffffffc0407214 ksym1=0x0
[52.688189 pid=1937 tid=1953] BPF_MAP_UPDATE_ELEM prog_array name=sys_exit_submit map_fd=17 map_id=130 key=214 prog_fd=72 prog_id=18 flags=0 ret=0 errno=0
[52.688338 pid=1937 tid=1953] native-loader jit-info prog_array-target fd=72 id=18 type=17 name=sys_exit_submit tag=07fb247c2a62a43e jited_len=12117 xlated_len=20536 nr_jited_ksyms=1 ksym0=0xffffffffc0407214 ksym1=0x0
[52.688443 pid=1937 tid=1953] BPF_MAP_UPDATE_ELEM prog_array name=sys_exit_submit map_fd=17 map_id=130 key=215 prog_fd=72 prog_id=18 flags=0 ret=0 errno=0
[52.688543 pid=1937 tid=1953] native-loader jit-info prog_array-target fd=72 id=18 type=17 name=sys_exit_submit tag=07fb247c2a62a43e jited_len=12117 xlated_len=20536 nr_jited_ksyms=1 ksym0=0xffffffffc0407214 ksym1=0x0
[52.688717 pid=1937 tid=1953] BPF_MAP_UPDATE_ELEM prog_array name=sys_exit_submit map_fd=17 map_id=130 key=216 prog_fd=72 prog_id=18 flags=0 ret=0 errno=0
[52.689292 pid=1937 tid=1953] native-loader jit-info prog_array-target fd=72 id=18 type=17 name=sys_exit_submit tag=07fb247c2a62a43e jited_len=12117 xlated_len=20536 nr_jited_ksyms=1 ksym0=0xffffffffc0407214 ksym1=0x0
[52.689448 pid=1937 tid=1953] BPF_MAP_UPDATE_ELEM prog_array name=sys_exit_submit map_fd=17 map_id=130 key=217 prog_fd=72 prog_id=18 flags=0 ret=0 errno=0
[52.689795 pid=1937 tid=1953] native-loader jit-info prog_array-target fd=72 id=18 type=17 name=sys_exit_submit tag=07fb247c2a62a43e jited_len=12117 xlated_len=20536 nr_jited_ksyms=1 ksym0=0xffffffffc0407214 ksym1=0x0
[52.690064 pid=1937 tid=1953] BPF_MAP_UPDATE_ELEM prog_array name=sys_exit_submit map_fd=17 map_id=130 key=218 prog_fd=72 prog_id=18 flags=0 ret=0 errno=0
[52.690192 pid=1937 tid=1953] native-loader jit-info prog_array-target fd=72 id=18 type=17 name=sys_exit_submit tag=07fb247c2a62a43e jited_len=12117 xlated_len=20536 nr_jited_ksyms=1 ksym0=0xffffffffc0407214 ksym1=0x0
[52.690328 pid=1937 tid=1953] BPF_MAP_UPDATE_ELEM prog_array name=sys_exit_submit map_fd=17 map_id=130 key=219 prog_fd=72 prog_id=18 flags=0 ret=0 errno=0
[52.690457 pid=1937 tid=1953] native-loader jit-info prog_array-target fd=72 id=18 type=17 name=sys_exit_submit tag=07fb247c2a62a43e jited_len=12117 xlated_len=20536 nr_jited_ksyms=1 ksym0=0xffffffffc0407214 ksym1=0x0
[52.690925 pid=1937 tid=1953] BPF_MAP_UPDATE_ELEM prog_array name=sys_exit_submit map_fd=17 map_id=130 key=220 prog_fd=72 prog_id=18 flags=0 ret=0 errno=0
[52.691187 pid=1937 tid=1953] native-loader jit-info prog_array-target fd=72 id=18 type=17 name=sys_exit_submit tag=07fb247c2a62a43e jited_len=12117 xlated_len=20536 nr_jited_ksyms=1 ksym0=0xffffffffc0407214 ksym1=0x0
[52.691549 pid=1937 tid=1953] BPF_MAP_UPDATE_ELEM prog_array name=sys_exit_submit map_fd=17 map_id=130 key=221 prog_fd=72 prog_id=18 flags=0 ret=0 errno=0
[52.691941 pid=1937 tid=1953] native-loader jit-info prog_array-target fd=72 id=18 type=17 name=sys_exit_submit tag=07fb247c2a62a43e jited_len=12117 xlated_len=20536 nr_jited_ksyms=1 ksym0=0xffffffffc0407214 ksym1=0x0
[52.692767 pid=1937 tid=1953] BPF_MAP_UPDATE_ELEM prog_array name=sys_exit_submit map_fd=17 map_id=130 key=222 prog_fd=72 prog_id=18 flags=0 ret=0 errno=0
[52.693675 pid=1937 tid=1953] native-loader jit-info prog_array-target fd=72 id=18 type=17 name=sys_exit_submit tag=07fb247c2a62a43e jited_len=12117 xlated_len=20536 nr_jited_ksyms=1 ksym0=0xffffffffc0407214 ksym1=0x0
[52.694092 pid=1937 tid=1953] BPF_MAP_UPDATE_ELEM prog_array name=sys_exit_submit map_fd=17 map_id=130 key=223 prog_fd=72 prog_id=18 flags=0 ret=0 errno=0
[52.694576 pid=1937 tid=1953] native-loader jit-info prog_array-target fd=72 id=18 type=17 name=sys_exit_submit tag=07fb247c2a62a43e jited_len=12117 xlated_len=20536 nr_jited_ksyms=1 ksym0=0xffffffffc0407214 ksym1=0x0
[52.695032 pid=1937 tid=1953] BPF_MAP_UPDATE_ELEM prog_array name=sys_exit_submit map_fd=17 map_id=130 key=224 prog_fd=72 prog_id=18 flags=0 ret=0 errno=0
[52.695768 pid=1937 tid=1953] native-loader jit-info prog_array-target fd=72 id=18 type=17 name=sys_exit_submit tag=07fb247c2a62a43e jited_len=12117 xlated_len=20536 nr_jited_ksyms=1 ksym0=0xffffffffc0407214 ksym1=0x0
[52.696474 pid=1937 tid=1953] BPF_MAP_UPDATE_ELEM prog_array name=sys_exit_submit map_fd=17 map_id=130 key=225 prog_fd=72 prog_id=18 flags=0 ret=0 errno=0
[52.697215 pid=1937 tid=1953] native-loader jit-info prog_array-target fd=72 id=18 type=17 name=sys_exit_submit tag=07fb247c2a62a43e jited_len=12117 xlated_len=20536 nr_jited_ksyms=1 ksym0=0xffffffffc0407214 ksym1=0x0
[52.697957 pid=1937 tid=1953] BPF_MAP_UPDATE_ELEM prog_array name=sys_exit_submit map_fd=17 map_id=130 key=226 prog_fd=72 prog_id=18 flags=0 ret=0 errno=0
[52.698177 pid=1937 tid=1953] native-loader jit-info prog_array-target fd=72 id=18 type=17 name=sys_exit_submit tag=07fb247c2a62a43e jited_len=12117 xlated_len=20536 nr_jited_ksyms=1 ksym0=0xffffffffc0407214 ksym1=0x0
[52.698927 pid=1937 tid=1953] BPF_MAP_UPDATE_ELEM prog_array name=sys_exit_submit map_fd=17 map_id=130 key=227 prog_fd=72 prog_id=18 flags=0 ret=0 errno=0
[52.699086 pid=1937 tid=1953] native-loader jit-info prog_array-target fd=72 id=18 type=17 name=sys_exit_submit tag=07fb247c2a62a43e jited_len=12117 xlated_len=20536 nr_jited_ksyms=1 ksym0=0xffffffffc0407214 ksym1=0x0
[52.699324 pid=1937 tid=1953] BPF_MAP_UPDATE_ELEM prog_array name=sys_exit_submit map_fd=17 map_id=130 key=228 prog_fd=72 prog_id=18 flags=0 ret=0 errno=0
[52.699467 pid=1937 tid=1953] native-loader jit-info prog_array-target fd=72 id=18 type=17 name=sys_exit_submit tag=07fb247c2a62a43e jited_len=12117 xlated_len=20536 nr_jited_ksyms=1 ksym0=0xffffffffc0407214 ksym1=0x0
[52.699885 pid=1937 tid=1953] BPF_MAP_UPDATE_ELEM prog_array name=sys_exit_submit map_fd=17 map_id=130 key=229 prog_fd=72 prog_id=18 flags=0 ret=0 errno=0
[52.700516 pid=1937 tid=1953] native-loader jit-info prog_array-target fd=72 id=18 type=17 name=sys_exit_submit tag=07fb247c2a62a43e jited_len=12117 xlated_len=20536 nr_jited_ksyms=1 ksym0=0xffffffffc0407214 ksym1=0x0
[52.700965 pid=1937 tid=1953] BPF_MAP_UPDATE_ELEM prog_array name=sys_exit_submit map_fd=17 map_id=130 key=230 prog_fd=72 prog_id=18 flags=0 ret=0 errno=0
[52.701121 pid=1937 tid=1953] native-loader jit-info prog_array-target fd=72 id=18 type=17 name=sys_exit_submit tag=07fb247c2a62a43e jited_len=12117 xlated_len=20536 nr_jited_ksyms=1 ksym0=0xffffffffc0407214 ksym1=0x0
[52.701251 pid=1937 tid=1953] BPF_MAP_UPDATE_ELEM prog_array name=sys_exit_submit map_fd=17 map_id=130 key=231 prog_fd=72 prog_id=18 flags=0 ret=0 errno=0
[52.701381 pid=1937 tid=1953] native-loader jit-info prog_array-target fd=72 id=18 type=17 name=sys_exit_submit tag=07fb247c2a62a43e jited_len=12117 xlated_len=20536 nr_jited_ksyms=1 ksym0=0xffffffffc0407214 ksym1=0x0
[52.701727 pid=1937 tid=1953] BPF_MAP_UPDATE_ELEM prog_array name=sys_exit_submit map_fd=17 map_id=130 key=232 prog_fd=72 prog_id=18 flags=0 ret=0 errno=0
[52.701857 pid=1937 tid=1953] native-loader jit-info prog_array-target fd=72 id=18 type=17 name=sys_exit_submit tag=07fb247c2a62a43e jited_len=12117 xlated_len=20536 nr_jited_ksyms=1 ksym0=0xffffffffc0407214 ksym1=0x0
[52.701959 pid=1937 tid=1953] BPF_MAP_UPDATE_ELEM prog_array name=sys_exit_submit map_fd=17 map_id=130 key=233 prog_fd=72 prog_id=18 flags=0 ret=0 errno=0
[52.702200 pid=1937 tid=1953] native-loader jit-info prog_array-target fd=72 id=18 type=17 name=sys_exit_submit tag=07fb247c2a62a43e jited_len=12117 xlated_len=20536 nr_jited_ksyms=1 ksym0=0xffffffffc0407214 ksym1=0x0
[52.702358 pid=1937 tid=1953] BPF_MAP_UPDATE_ELEM prog_array name=sys_exit_submit map_fd=17 map_id=130 key=234 prog_fd=72 prog_id=18 flags=0 ret=0 errno=0
[52.702511 pid=1937 tid=1953] native-loader jit-info prog_array-target fd=72 id=18 type=17 name=sys_exit_submit tag=07fb247c2a62a43e jited_len=12117 xlated_len=20536 nr_jited_ksyms=1 ksym0=0xffffffffc0407214 ksym1=0x0
[52.702658 pid=1937 tid=1953] BPF_MAP_UPDATE_ELEM prog_array name=sys_exit_submit map_fd=17 map_id=130 key=235 prog_fd=72 prog_id=18 flags=0 ret=0 errno=0
[52.702742 pid=1937 tid=1953] native-loader jit-info prog_array-target fd=72 id=18 type=17 name=sys_exit_submit tag=07fb247c2a62a43e jited_len=12117 xlated_len=20536 nr_jited_ksyms=1 ksym0=0xffffffffc0407214 ksym1=0x0
[52.703078 pid=1937 tid=1953] BPF_MAP_UPDATE_ELEM prog_array name=sys_exit_submit map_fd=17 map_id=130 key=236 prog_fd=72 prog_id=18 flags=0 ret=0 errno=0
[52.703477 pid=1937 tid=1953] native-loader jit-info prog_array-target fd=72 id=18 type=17 name=sys_exit_submit tag=07fb247c2a62a43e jited_len=12117 xlated_len=20536 nr_jited_ksyms=1 ksym0=0xffffffffc0407214 ksym1=0x0
[52.703609 pid=1937 tid=1953] BPF_MAP_UPDATE_ELEM prog_array name=sys_exit_submit map_fd=17 map_id=130 key=237 prog_fd=72 prog_id=18 flags=0 ret=0 errno=0
[52.704133 pid=1937 tid=1953] native-loader jit-info prog_array-target fd=72 id=18 type=17 name=sys_exit_submit tag=07fb247c2a62a43e jited_len=12117 xlated_len=20536 nr_jited_ksyms=1 ksym0=0xffffffffc0407214 ksym1=0x0
[52.704860 pid=1937 tid=1953] BPF_MAP_UPDATE_ELEM prog_array name=sys_exit_submit map_fd=17 map_id=130 key=238 prog_fd=72 prog_id=18 flags=0 ret=0 errno=0
[52.704994 pid=1937 tid=1953] native-loader jit-info prog_array-target fd=72 id=18 type=17 name=sys_exit_submit tag=07fb247c2a62a43e jited_len=12117 xlated_len=20536 nr_jited_ksyms=1 ksym0=0xffffffffc0407214 ksym1=0x0
[52.705142 pid=1937 tid=1953] BPF_MAP_UPDATE_ELEM prog_array name=sys_exit_submit map_fd=17 map_id=130 key=239 prog_fd=72 prog_id=18 flags=0 ret=0 errno=0
[52.705276 pid=1937 tid=1953] native-loader jit-info prog_array-target fd=72 id=18 type=17 name=sys_exit_submit tag=07fb247c2a62a43e jited_len=12117 xlated_len=20536 nr_jited_ksyms=1 ksym0=0xffffffffc0407214 ksym1=0x0
[52.705440 pid=1937 tid=1953] BPF_MAP_UPDATE_ELEM prog_array name=sys_exit_submit map_fd=17 map_id=130 key=240 prog_fd=72 prog_id=18 flags=0 ret=0 errno=0
[52.705715 pid=1937 tid=1953] native-loader jit-info prog_array-target fd=72 id=18 type=17 name=sys_exit_submit tag=07fb247c2a62a43e jited_len=12117 xlated_len=20536 nr_jited_ksyms=1 ksym0=0xffffffffc0407214 ksym1=0x0
[52.705815 pid=1937 tid=1953] BPF_MAP_UPDATE_ELEM prog_array name=sys_exit_submit map_fd=17 map_id=130 key=241 prog_fd=72 prog_id=18 flags=0 ret=0 errno=0
[52.705911 pid=1937 tid=1953] native-loader jit-info prog_array-target fd=72 id=18 type=17 name=sys_exit_submit tag=07fb247c2a62a43e jited_len=12117 xlated_len=20536 nr_jited_ksyms=1 ksym0=0xffffffffc0407214 ksym1=0x0
[52.706229 pid=1937 tid=1953] BPF_MAP_UPDATE_ELEM prog_array name=sys_exit_submit map_fd=17 map_id=130 key=242 prog_fd=72 prog_id=18 flags=0 ret=0 errno=0
[52.706372 pid=1937 tid=1953] native-loader jit-info prog_array-target fd=72 id=18 type=17 name=sys_exit_submit tag=07fb247c2a62a43e jited_len=12117 xlated_len=20536 nr_jited_ksyms=1 ksym0=0xffffffffc0407214 ksym1=0x0
[52.706466 pid=1937 tid=1953] BPF_MAP_UPDATE_ELEM prog_array name=sys_exit_submit map_fd=17 map_id=130 key=243 prog_fd=72 prog_id=18 flags=0 ret=0 errno=0
[52.706562 pid=1937 tid=1953] native-loader jit-info prog_array-target fd=72 id=18 type=17 name=sys_exit_submit tag=07fb247c2a62a43e jited_len=12117 xlated_len=20536 nr_jited_ksyms=1 ksym0=0xffffffffc0407214 ksym1=0x0
[52.706830 pid=1937 tid=1953] BPF_MAP_UPDATE_ELEM prog_array name=sys_exit_submit map_fd=17 map_id=130 key=244 prog_fd=72 prog_id=18 flags=0 ret=0 errno=0
[52.707025 pid=1937 tid=1953] native-loader jit-info prog_array-target fd=72 id=18 type=17 name=sys_exit_submit tag=07fb247c2a62a43e jited_len=12117 xlated_len=20536 nr_jited_ksyms=1 ksym0=0xffffffffc0407214 ksym1=0x0
[52.707631 pid=1937 tid=1953] BPF_MAP_UPDATE_ELEM prog_array name=sys_exit_submit map_fd=17 map_id=130 key=245 prog_fd=72 prog_id=18 flags=0 ret=0 errno=0
[52.708255 pid=1937 tid=1953] native-loader jit-info prog_array-target fd=72 id=18 type=17 name=sys_exit_submit tag=07fb247c2a62a43e jited_len=12117 xlated_len=20536 nr_jited_ksyms=1 ksym0=0xffffffffc0407214 ksym1=0x0
[52.708876 pid=1937 tid=1953] BPF_MAP_UPDATE_ELEM prog_array name=sys_exit_submit map_fd=17 map_id=130 key=246 prog_fd=72 prog_id=18 flags=0 ret=0 errno=0
[52.709064 pid=1937 tid=1953] native-loader jit-info prog_array-target fd=72 id=18 type=17 name=sys_exit_submit tag=07fb247c2a62a43e jited_len=12117 xlated_len=20536 nr_jited_ksyms=1 ksym0=0xffffffffc0407214 ksym1=0x0
[52.709664 pid=1937 tid=1953] BPF_MAP_UPDATE_ELEM prog_array name=sys_exit_submit map_fd=17 map_id=130 key=247 prog_fd=72 prog_id=18 flags=0 ret=0 errno=0
[52.709802 pid=1937 tid=1953] native-loader jit-info prog_array-target fd=72 id=18 type=17 name=sys_exit_submit tag=07fb247c2a62a43e jited_len=12117 xlated_len=20536 nr_jited_ksyms=1 ksym0=0xffffffffc0407214 ksym1=0x0
[52.710174 pid=1937 tid=1953] BPF_MAP_UPDATE_ELEM prog_array name=sys_exit_submit map_fd=17 map_id=130 key=248 prog_fd=72 prog_id=18 flags=0 ret=0 errno=0
[52.710305 pid=1937 tid=1953] native-loader jit-info prog_array-target fd=72 id=18 type=17 name=sys_exit_submit tag=07fb247c2a62a43e jited_len=12117 xlated_len=20536 nr_jited_ksyms=1 ksym0=0xffffffffc0407214 ksym1=0x0
[52.710784 pid=1937 tid=1953] BPF_MAP_UPDATE_ELEM prog_array name=sys_exit_submit map_fd=17 map_id=130 key=249 prog_fd=72 prog_id=18 flags=0 ret=0 errno=0
[52.711221 pid=1937 tid=1953] native-loader jit-info prog_array-target fd=72 id=18 type=17 name=sys_exit_submit tag=07fb247c2a62a43e jited_len=12117 xlated_len=20536 nr_jited_ksyms=1 ksym0=0xffffffffc0407214 ksym1=0x0
[52.711646 pid=1937 tid=1953] BPF_MAP_UPDATE_ELEM prog_array name=sys_exit_submit map_fd=17 map_id=130 key=250 prog_fd=72 prog_id=18 flags=0 ret=0 errno=0
[52.711948 pid=1937 tid=1953] native-loader jit-info prog_array-target fd=72 id=18 type=17 name=sys_exit_submit tag=07fb247c2a62a43e jited_len=12117 xlated_len=20536 nr_jited_ksyms=1 ksym0=0xffffffffc0407214 ksym1=0x0
[52.712102 pid=1937 tid=1953] BPF_MAP_UPDATE_ELEM prog_array name=sys_exit_submit map_fd=17 map_id=130 key=251 prog_fd=72 prog_id=18 flags=0 ret=0 errno=0
[52.712233 pid=1937 tid=1953] native-loader jit-info prog_array-target fd=72 id=18 type=17 name=sys_exit_submit tag=07fb247c2a62a43e jited_len=12117 xlated_len=20536 nr_jited_ksyms=1 ksym0=0xffffffffc0407214 ksym1=0x0
[52.712902 pid=1937 tid=1953] BPF_MAP_UPDATE_ELEM prog_array name=sys_exit_submit map_fd=17 map_id=130 key=252 prog_fd=72 prog_id=18 flags=0 ret=0 errno=0
[52.713070 pid=1937 tid=1953] native-loader jit-info prog_array-target fd=72 id=18 type=17 name=sys_exit_submit tag=07fb247c2a62a43e jited_len=12117 xlated_len=20536 nr_jited_ksyms=1 ksym0=0xffffffffc0407214 ksym1=0x0
[52.713163 pid=1937 tid=1953] BPF_MAP_UPDATE_ELEM prog_array name=sys_exit_submit map_fd=17 map_id=130 key=253 prog_fd=72 prog_id=18 flags=0 ret=0 errno=0
[52.713656 pid=1937 tid=1953] native-loader jit-info prog_array-target fd=72 id=18 type=17 name=sys_exit_submit tag=07fb247c2a62a43e jited_len=12117 xlated_len=20536 nr_jited_ksyms=1 ksym0=0xffffffffc0407214 ksym1=0x0
[52.713965 pid=1937 tid=1953] BPF_MAP_UPDATE_ELEM prog_array name=sys_exit_submit map_fd=17 map_id=130 key=254 prog_fd=72 prog_id=18 flags=0 ret=0 errno=0
[52.714137 pid=1937 tid=1953] native-loader jit-info prog_array-target fd=72 id=18 type=17 name=sys_exit_submit tag=07fb247c2a62a43e jited_len=12117 xlated_len=20536 nr_jited_ksyms=1 ksym0=0xffffffffc0407214 ksym1=0x0
[52.714536 pid=1937 tid=1953] BPF_MAP_UPDATE_ELEM prog_array name=sys_exit_submit map_fd=17 map_id=130 key=255 prog_fd=72 prog_id=18 flags=0 ret=0 errno=0
[52.714904 pid=1937 tid=1953] native-loader jit-info prog_array-target fd=72 id=18 type=17 name=sys_exit_submit tag=07fb247c2a62a43e jited_len=12117 xlated_len=20536 nr_jited_ksyms=1 ksym0=0xffffffffc0407214 ksym1=0x0
[52.715262 pid=1937 tid=1953] BPF_MAP_UPDATE_ELEM prog_array name=sys_exit_submit map_fd=17 map_id=130 key=256 prog_fd=72 prog_id=18 flags=0 ret=0 errno=0
[52.715605 pid=1937 tid=1953] native-loader jit-info prog_array-target fd=72 id=18 type=17 name=sys_exit_submit tag=07fb247c2a62a43e jited_len=12117 xlated_len=20536 nr_jited_ksyms=1 ksym0=0xffffffffc0407214 ksym1=0x0
[52.715872 pid=1937 tid=1953] BPF_MAP_UPDATE_ELEM prog_array name=sys_exit_submit map_fd=17 map_id=130 key=257 prog_fd=72 prog_id=18 flags=0 ret=0 errno=0
[52.716044 pid=1937 tid=1953] native-loader jit-info prog_array-target fd=72 id=18 type=17 name=sys_exit_submit tag=07fb247c2a62a43e jited_len=12117 xlated_len=20536 nr_jited_ksyms=1 ksym0=0xffffffffc0407214 ksym1=0x0
[52.717158 pid=1937 tid=1953] BPF_MAP_UPDATE_ELEM prog_array name=sys_exit_submit map_fd=17 map_id=130 key=258 prog_fd=72 prog_id=18 flags=0 ret=0 errno=0
[52.717703 pid=1937 tid=1953] native-loader jit-info prog_array-target fd=72 id=18 type=17 name=sys_exit_submit tag=07fb247c2a62a43e jited_len=12117 xlated_len=20536 nr_jited_ksyms=1 ksym0=0xffffffffc0407214 ksym1=0x0
[52.718064 pid=1937 tid=1953] BPF_MAP_UPDATE_ELEM prog_array name=sys_exit_submit map_fd=17 map_id=130 key=259 prog_fd=72 prog_id=18 flags=0 ret=0 errno=0
[52.718224 pid=1937 tid=1953] native-loader jit-info prog_array-target fd=72 id=18 type=17 name=sys_exit_submit tag=07fb247c2a62a43e jited_len=12117 xlated_len=20536 nr_jited_ksyms=1 ksym0=0xffffffffc0407214 ksym1=0x0
[52.718897 pid=1937 tid=1953] BPF_MAP_UPDATE_ELEM prog_array name=sys_exit_submit map_fd=17 map_id=130 key=260 prog_fd=72 prog_id=18 flags=0 ret=0 errno=0
[52.719171 pid=1937 tid=1953] native-loader jit-info prog_array-target fd=72 id=18 type=17 name=sys_exit_submit tag=07fb247c2a62a43e jited_len=12117 xlated_len=20536 nr_jited_ksyms=1 ksym0=0xffffffffc0407214 ksym1=0x0
[52.719330 pid=1937 tid=1953] BPF_MAP_UPDATE_ELEM prog_array name=sys_exit_submit map_fd=17 map_id=130 key=261 prog_fd=72 prog_id=18 flags=0 ret=0 errno=0
[52.719457 pid=1937 tid=1953] native-loader jit-info prog_array-target fd=72 id=18 type=17 name=sys_exit_submit tag=07fb247c2a62a43e jited_len=12117 xlated_len=20536 nr_jited_ksyms=1 ksym0=0xffffffffc0407214 ksym1=0x0
[52.719614 pid=1937 tid=1953] BPF_MAP_UPDATE_ELEM prog_array name=sys_exit_submit map_fd=17 map_id=130 key=262 prog_fd=72 prog_id=18 flags=0 ret=0 errno=0
[52.719765 pid=1937 tid=1953] native-loader jit-info prog_array-target fd=72 id=18 type=17 name=sys_exit_submit tag=07fb247c2a62a43e jited_len=12117 xlated_len=20536 nr_jited_ksyms=1 ksym0=0xffffffffc0407214 ksym1=0x0
[52.719896 pid=1937 tid=1953] BPF_MAP_UPDATE_ELEM prog_array name=sys_exit_submit map_fd=17 map_id=130 key=263 prog_fd=72 prog_id=18 flags=0 ret=0 errno=0
[52.720101 pid=1937 tid=1953] native-loader jit-info prog_array-target fd=72 id=18 type=17 name=sys_exit_submit tag=07fb247c2a62a43e jited_len=12117 xlated_len=20536 nr_jited_ksyms=1 ksym0=0xffffffffc0407214 ksym1=0x0
[52.720556 pid=1937 tid=1953] BPF_MAP_UPDATE_ELEM prog_array name=sys_exit_submit map_fd=17 map_id=130 key=264 prog_fd=72 prog_id=18 flags=0 ret=0 errno=0
[52.720957 pid=1937 tid=1953] native-loader jit-info prog_array-target fd=72 id=18 type=17 name=sys_exit_submit tag=07fb247c2a62a43e jited_len=12117 xlated_len=20536 nr_jited_ksyms=1 ksym0=0xffffffffc0407214 ksym1=0x0
[52.721216 pid=1937 tid=1953] BPF_MAP_UPDATE_ELEM prog_array name=sys_exit_submit map_fd=17 map_id=130 key=265 prog_fd=72 prog_id=18 flags=0 ret=0 errno=0
[52.721728 pid=1937 tid=1953] native-loader jit-info prog_array-target fd=72 id=18 type=17 name=sys_exit_submit tag=07fb247c2a62a43e jited_len=12117 xlated_len=20536 nr_jited_ksyms=1 ksym0=0xffffffffc0407214 ksym1=0x0
[52.721987 pid=1937 tid=1953] BPF_MAP_UPDATE_ELEM prog_array name=sys_exit_submit map_fd=17 map_id=130 key=266 prog_fd=72 prog_id=18 flags=0 ret=0 errno=0
[52.722131 pid=1937 tid=1953] native-loader jit-info prog_array-target fd=72 id=18 type=17 name=sys_exit_submit tag=07fb247c2a62a43e jited_len=12117 xlated_len=20536 nr_jited_ksyms=1 ksym0=0xffffffffc0407214 ksym1=0x0
[52.722955 pid=1937 tid=1953] BPF_MAP_UPDATE_ELEM prog_array name=sys_exit_submit map_fd=17 map_id=130 key=267 prog_fd=72 prog_id=18 flags=0 ret=0 errno=0
[52.723199 pid=1937 tid=1953] native-loader jit-info prog_array-target fd=72 id=18 type=17 name=sys_exit_submit tag=07fb247c2a62a43e jited_len=12117 xlated_len=20536 nr_jited_ksyms=1 ksym0=0xffffffffc0407214 ksym1=0x0
[52.724084 pid=1937 tid=1953] BPF_MAP_UPDATE_ELEM prog_array name=sys_exit_submit map_fd=17 map_id=130 key=268 prog_fd=72 prog_id=18 flags=0 ret=0 errno=0
[52.724257 pid=1937 tid=1953] native-loader jit-info prog_array-target fd=72 id=18 type=17 name=sys_exit_submit tag=07fb247c2a62a43e jited_len=12117 xlated_len=20536 nr_jited_ksyms=1 ksym0=0xffffffffc0407214 ksym1=0x0
[52.724612 pid=1937 tid=1953] BPF_MAP_UPDATE_ELEM prog_array name=sys_exit_submit map_fd=17 map_id=130 key=269 prog_fd=72 prog_id=18 flags=0 ret=0 errno=0
[52.724917 pid=1937 tid=1953] native-loader jit-info prog_array-target fd=72 id=18 type=17 name=sys_exit_submit tag=07fb247c2a62a43e jited_len=12117 xlated_len=20536 nr_jited_ksyms=1 ksym0=0xffffffffc0407214 ksym1=0x0
[52.725019 pid=1937 tid=1953] BPF_MAP_UPDATE_ELEM prog_array name=sys_exit_submit map_fd=17 map_id=130 key=270 prog_fd=72 prog_id=18 flags=0 ret=0 errno=0
[52.725189 pid=1937 tid=1953] native-loader jit-info prog_array-target fd=72 id=18 type=17 name=sys_exit_submit tag=07fb247c2a62a43e jited_len=12117 xlated_len=20536 nr_jited_ksyms=1 ksym0=0xffffffffc0407214 ksym1=0x0
[52.725346 pid=1937 tid=1953] BPF_MAP_UPDATE_ELEM prog_array name=sys_exit_submit map_fd=17 map_id=130 key=271 prog_fd=72 prog_id=18 flags=0 ret=0 errno=0
[52.725483 pid=1937 tid=1953] native-loader jit-info prog_array-target fd=72 id=18 type=17 name=sys_exit_submit tag=07fb247c2a62a43e jited_len=12117 xlated_len=20536 nr_jited_ksyms=1 ksym0=0xffffffffc0407214 ksym1=0x0
[52.725808 pid=1937 tid=1953] BPF_MAP_UPDATE_ELEM prog_array name=sys_exit_submit map_fd=17 map_id=130 key=272 prog_fd=72 prog_id=18 flags=0 ret=0 errno=0
[52.725955 pid=1937 tid=1953] native-loader jit-info prog_array-target fd=72 id=18 type=17 name=sys_exit_submit tag=07fb247c2a62a43e jited_len=12117 xlated_len=20536 nr_jited_ksyms=1 ksym0=0xffffffffc0407214 ksym1=0x0
[52.726044 pid=1937 tid=1953] BPF_MAP_UPDATE_ELEM prog_array name=sys_exit_submit map_fd=17 map_id=130 key=273 prog_fd=72 prog_id=18 flags=0 ret=0 errno=0
[52.726249 pid=1937 tid=1953] native-loader jit-info prog_array-target fd=72 id=18 type=17 name=sys_exit_submit tag=07fb247c2a62a43e jited_len=12117 xlated_len=20536 nr_jited_ksyms=1 ksym0=0xffffffffc0407214 ksym1=0x0
[52.726377 pid=1937 tid=1953] BPF_MAP_UPDATE_ELEM prog_array name=sys_exit_submit map_fd=17 map_id=130 key=274 prog_fd=72 prog_id=18 flags=0 ret=0 errno=0
[52.726610 pid=1937 tid=1953] native-loader jit-info prog_array-target fd=72 id=18 type=17 name=sys_exit_submit tag=07fb247c2a62a43e jited_len=12117 xlated_len=20536 nr_jited_ksyms=1 ksym0=0xffffffffc0407214 ksym1=0x0
[52.726734 pid=1937 tid=1953] BPF_MAP_UPDATE_ELEM prog_array name=sys_exit_submit map_fd=17 map_id=130 key=275 prog_fd=72 prog_id=18 flags=0 ret=0 errno=0
[52.726828 pid=1937 tid=1953] native-loader jit-info prog_array-target fd=72 id=18 type=17 name=sys_exit_submit tag=07fb247c2a62a43e jited_len=12117 xlated_len=20536 nr_jited_ksyms=1 ksym0=0xffffffffc0407214 ksym1=0x0
[52.727110 pid=1937 tid=1953] BPF_MAP_UPDATE_ELEM prog_array name=sys_exit_submit map_fd=17 map_id=130 key=276 prog_fd=72 prog_id=18 flags=0 ret=0 errno=0
[52.727236 pid=1937 tid=1953] native-loader jit-info prog_array-target fd=72 id=18 type=17 name=sys_exit_submit tag=07fb247c2a62a43e jited_len=12117 xlated_len=20536 nr_jited_ksyms=1 ksym0=0xffffffffc0407214 ksym1=0x0
[52.727367 pid=1937 tid=1953] BPF_MAP_UPDATE_ELEM prog_array name=sys_exit_submit map_fd=17 map_id=130 key=277 prog_fd=72 prog_id=18 flags=0 ret=0 errno=0
[52.727533 pid=1937 tid=1953] native-loader jit-info prog_array-target fd=72 id=18 type=17 name=sys_exit_submit tag=07fb247c2a62a43e jited_len=12117 xlated_len=20536 nr_jited_ksyms=1 ksym0=0xffffffffc0407214 ksym1=0x0
[52.727760 pid=1937 tid=1953] BPF_MAP_UPDATE_ELEM prog_array name=sys_exit_submit map_fd=17 map_id=130 key=278 prog_fd=72 prog_id=18 flags=0 ret=0 errno=0
[52.727901 pid=1937 tid=1953] native-loader jit-info prog_array-target fd=72 id=18 type=17 name=sys_exit_submit tag=07fb247c2a62a43e jited_len=12117 xlated_len=20536 nr_jited_ksyms=1 ksym0=0xffffffffc0407214 ksym1=0x0
[52.728089 pid=1937 tid=1953] BPF_MAP_UPDATE_ELEM prog_array name=sys_exit_submit map_fd=17 map_id=130 key=279 prog_fd=72 prog_id=18 flags=0 ret=0 errno=0
[52.728211 pid=1937 tid=1953] native-loader jit-info prog_array-target fd=72 id=18 type=17 name=sys_exit_submit tag=07fb247c2a62a43e jited_len=12117 xlated_len=20536 nr_jited_ksyms=1 ksym0=0xffffffffc0407214 ksym1=0x0
[52.728494 pid=1937 tid=1953] BPF_MAP_UPDATE_ELEM prog_array name=sys_exit_submit map_fd=17 map_id=130 key=280 prog_fd=72 prog_id=18 flags=0 ret=0 errno=0
[52.728577 pid=1937 tid=1953] native-loader jit-info prog_array-target fd=72 id=18 type=17 name=sys_exit_submit tag=07fb247c2a62a43e jited_len=12117 xlated_len=20536 nr_jited_ksyms=1 ksym0=0xffffffffc0407214 ksym1=0x0
[52.728681 pid=1937 tid=1953] BPF_MAP_UPDATE_ELEM prog_array name=sys_exit_submit map_fd=17 map_id=130 key=281 prog_fd=72 prog_id=18 flags=0 ret=0 errno=0
[52.728808 pid=1937 tid=1953] native-loader jit-info prog_array-target fd=72 id=18 type=17 name=sys_exit_submit tag=07fb247c2a62a43e jited_len=12117 xlated_len=20536 nr_jited_ksyms=1 ksym0=0xffffffffc0407214 ksym1=0x0
[52.728953 pid=1937 tid=1953] BPF_MAP_UPDATE_ELEM prog_array name=sys_exit_submit map_fd=17 map_id=130 key=282 prog_fd=72 prog_id=18 flags=0 ret=0 errno=0
[52.729164 pid=1937 tid=1953] native-loader jit-info prog_array-target fd=72 id=18 type=17 name=sys_exit_submit tag=07fb247c2a62a43e jited_len=12117 xlated_len=20536 nr_jited_ksyms=1 ksym0=0xffffffffc0407214 ksym1=0x0
[52.729296 pid=1937 tid=1953] BPF_MAP_UPDATE_ELEM prog_array name=sys_exit_submit map_fd=17 map_id=130 key=283 prog_fd=72 prog_id=18 flags=0 ret=0 errno=0
[52.729392 pid=1937 tid=1953] native-loader jit-info prog_array-target fd=72 id=18 type=17 name=sys_exit_submit tag=07fb247c2a62a43e jited_len=12117 xlated_len=20536 nr_jited_ksyms=1 ksym0=0xffffffffc0407214 ksym1=0x0
[52.729683 pid=1937 tid=1953] BPF_MAP_UPDATE_ELEM prog_array name=sys_exit_submit map_fd=17 map_id=130 key=284 prog_fd=72 prog_id=18 flags=0 ret=0 errno=0
[52.729777 pid=1937 tid=1953] native-loader jit-info prog_array-target fd=72 id=18 type=17 name=sys_exit_submit tag=07fb247c2a62a43e jited_len=12117 xlated_len=20536 nr_jited_ksyms=1 ksym0=0xffffffffc0407214 ksym1=0x0
[52.729911 pid=1937 tid=1953] BPF_MAP_UPDATE_ELEM prog_array name=sys_exit_submit map_fd=17 map_id=130 key=285 prog_fd=72 prog_id=18 flags=0 ret=0 errno=0
[52.730042 pid=1937 tid=1953] native-loader jit-info prog_array-target fd=72 id=18 type=17 name=sys_exit_submit tag=07fb247c2a62a43e jited_len=12117 xlated_len=20536 nr_jited_ksyms=1 ksym0=0xffffffffc0407214 ksym1=0x0
[52.730193 pid=1937 tid=1953] BPF_MAP_UPDATE_ELEM prog_array name=sys_exit_submit map_fd=17 map_id=130 key=286 prog_fd=72 prog_id=18 flags=0 ret=0 errno=0
[52.730323 pid=1937 tid=1953] native-loader jit-info prog_array-target fd=72 id=18 type=17 name=sys_exit_submit tag=07fb247c2a62a43e jited_len=12117 xlated_len=20536 nr_jited_ksyms=1 ksym0=0xffffffffc0407214 ksym1=0x0
[52.730635 pid=1937 tid=1953] BPF_MAP_UPDATE_ELEM prog_array name=sys_exit_submit map_fd=17 map_id=130 key=287 prog_fd=72 prog_id=18 flags=0 ret=0 errno=0
[52.730881 pid=1937 tid=1953] native-loader jit-info prog_array-target fd=72 id=18 type=17 name=sys_exit_submit tag=07fb247c2a62a43e jited_len=12117 xlated_len=20536 nr_jited_ksyms=1 ksym0=0xffffffffc0407214 ksym1=0x0
[52.731131 pid=1937 tid=1953] BPF_MAP_UPDATE_ELEM prog_array name=sys_exit_submit map_fd=17 map_id=130 key=288 prog_fd=72 prog_id=18 flags=0 ret=0 errno=0
[52.731301 pid=1937 tid=1953] native-loader jit-info prog_array-target fd=72 id=18 type=17 name=sys_exit_submit tag=07fb247c2a62a43e jited_len=12117 xlated_len=20536 nr_jited_ksyms=1 ksym0=0xffffffffc0407214 ksym1=0x0
[52.732176 pid=1937 tid=1953] BPF_MAP_UPDATE_ELEM prog_array name=sys_exit_submit map_fd=17 map_id=130 key=289 prog_fd=72 prog_id=18 flags=0 ret=0 errno=0
[52.732887 pid=1937 tid=1953] native-loader jit-info prog_array-target fd=72 id=18 type=17 name=sys_exit_submit tag=07fb247c2a62a43e jited_len=12117 xlated_len=20536 nr_jited_ksyms=1 ksym0=0xffffffffc0407214 ksym1=0x0
[52.733199 pid=1937 tid=1953] BPF_MAP_UPDATE_ELEM prog_array name=sys_exit_submit map_fd=17 map_id=130 key=290 prog_fd=72 prog_id=18 flags=0 ret=0 errno=0
[52.733597 pid=1937 tid=1953] native-loader jit-info prog_array-target fd=72 id=18 type=17 name=sys_exit_submit tag=07fb247c2a62a43e jited_len=12117 xlated_len=20536 nr_jited_ksyms=1 ksym0=0xffffffffc0407214 ksym1=0x0
[52.733994 pid=1937 tid=1953] BPF_MAP_UPDATE_ELEM prog_array name=sys_exit_submit map_fd=17 map_id=130 key=291 prog_fd=72 prog_id=18 flags=0 ret=0 errno=0
[52.734113 pid=1937 tid=1953] native-loader jit-info prog_array-target fd=72 id=18 type=17 name=sys_exit_submit tag=07fb247c2a62a43e jited_len=12117 xlated_len=20536 nr_jited_ksyms=1 ksym0=0xffffffffc0407214 ksym1=0x0
[52.735287 pid=1937 tid=1953] BPF_MAP_UPDATE_ELEM prog_array name=sys_exit_submit map_fd=17 map_id=130 key=293 prog_fd=72 prog_id=18 flags=0 ret=0 errno=0
[52.735581 pid=1937 tid=1953] native-loader jit-info prog_array-target fd=72 id=18 type=17 name=sys_exit_submit tag=07fb247c2a62a43e jited_len=12117 xlated_len=20536 nr_jited_ksyms=1 ksym0=0xffffffffc0407214 ksym1=0x0
[52.735683 pid=1937 tid=1953] BPF_MAP_UPDATE_ELEM prog_array name=sys_exit_submit map_fd=17 map_id=130 key=294 prog_fd=72 prog_id=18 flags=0 ret=0 errno=0
[52.736017 pid=1937 tid=1953] native-loader jit-info prog_array-target fd=72 id=18 type=17 name=sys_exit_submit tag=07fb247c2a62a43e jited_len=12117 xlated_len=20536 nr_jited_ksyms=1 ksym0=0xffffffffc0407214 ksym1=0x0
[52.736136 pid=1937 tid=1953] BPF_MAP_UPDATE_ELEM prog_array name=sys_exit_submit map_fd=17 map_id=130 key=295 prog_fd=72 prog_id=18 flags=0 ret=0 errno=0
[52.736742 pid=1937 tid=1953] native-loader jit-info prog_array-target fd=72 id=18 type=17 name=sys_exit_submit tag=07fb247c2a62a43e jited_len=12117 xlated_len=20536 nr_jited_ksyms=1 ksym0=0xffffffffc0407214 ksym1=0x0
[52.737127 pid=1937 tid=1953] BPF_MAP_UPDATE_ELEM prog_array name=sys_exit_submit map_fd=17 map_id=130 key=296 prog_fd=72 prog_id=18 flags=0 ret=0 errno=0
[52.737239 pid=1937 tid=1953] native-loader jit-info prog_array-target fd=72 id=18 type=17 name=sys_exit_submit tag=07fb247c2a62a43e jited_len=12117 xlated_len=20536 nr_jited_ksyms=1 ksym0=0xffffffffc0407214 ksym1=0x0
[52.737990 pid=1937 tid=1953] BPF_MAP_UPDATE_ELEM prog_array name=sys_exit_submit map_fd=17 map_id=130 key=297 prog_fd=72 prog_id=18 flags=0 ret=0 errno=0
[52.738148 pid=1937 tid=1953] native-loader jit-info prog_array-target fd=72 id=18 type=17 name=sys_exit_submit tag=07fb247c2a62a43e jited_len=12117 xlated_len=20536 nr_jited_ksyms=1 ksym0=0xffffffffc0407214 ksym1=0x0
[52.738501 pid=1937 tid=1953] BPF_MAP_UPDATE_ELEM prog_array name=sys_exit_submit map_fd=17 map_id=130 key=298 prog_fd=72 prog_id=18 flags=0 ret=0 errno=0
[52.739056 pid=1937 tid=1953] native-loader jit-info prog_array-target fd=72 id=18 type=17 name=sys_exit_submit tag=07fb247c2a62a43e jited_len=12117 xlated_len=20536 nr_jited_ksyms=1 ksym0=0xffffffffc0407214 ksym1=0x0
[52.739625 pid=1937 tid=1953] BPF_MAP_UPDATE_ELEM prog_array name=sys_exit_submit map_fd=17 map_id=130 key=299 prog_fd=72 prog_id=18 flags=0 ret=0 errno=0
[52.739872 pid=1937 tid=1953] native-loader jit-info prog_array-target fd=72 id=18 type=17 name=sys_exit_submit tag=07fb247c2a62a43e jited_len=12117 xlated_len=20536 nr_jited_ksyms=1 ksym0=0xffffffffc0407214 ksym1=0x0
[52.740168 pid=1937 tid=1953] BPF_MAP_UPDATE_ELEM prog_array name=sys_exit_submit map_fd=17 map_id=130 key=300 prog_fd=72 prog_id=18 flags=0 ret=0 errno=0
[52.740488 pid=1937 tid=1953] native-loader jit-info prog_array-target fd=72 id=18 type=17 name=sys_exit_submit tag=07fb247c2a62a43e jited_len=12117 xlated_len=20536 nr_jited_ksyms=1 ksym0=0xffffffffc0407214 ksym1=0x0
[52.741290 pid=1937 tid=1953] BPF_MAP_UPDATE_ELEM prog_array name=sys_exit_submit map_fd=17 map_id=130 key=301 prog_fd=72 prog_id=18 flags=0 ret=0 errno=0
[52.741635 pid=1937 tid=1953] native-loader jit-info prog_array-target fd=72 id=18 type=17 name=sys_exit_submit tag=07fb247c2a62a43e jited_len=12117 xlated_len=20536 nr_jited_ksyms=1 ksym0=0xffffffffc0407214 ksym1=0x0
[52.741801 pid=1937 tid=1953] BPF_MAP_UPDATE_ELEM prog_array name=sys_exit_submit map_fd=17 map_id=130 key=302 prog_fd=72 prog_id=18 flags=0 ret=0 errno=0
[52.741909 pid=1937 tid=1953] native-loader jit-info prog_array-target fd=72 id=18 type=17 name=sys_exit_submit tag=07fb247c2a62a43e jited_len=12117 xlated_len=20536 nr_jited_ksyms=1 ksym0=0xffffffffc0407214 ksym1=0x0
[52.742347 pid=1937 tid=1953] BPF_MAP_UPDATE_ELEM prog_array name=sys_exit_submit map_fd=17 map_id=130 key=303 prog_fd=72 prog_id=18 flags=0 ret=0 errno=0
[52.743049 pid=1937 tid=1953] native-loader jit-info prog_array-target fd=72 id=18 type=17 name=sys_exit_submit tag=07fb247c2a62a43e jited_len=12117 xlated_len=20536 nr_jited_ksyms=1 ksym0=0xffffffffc0407214 ksym1=0x0
[52.743191 pid=1937 tid=1953] BPF_MAP_UPDATE_ELEM prog_array name=sys_exit_submit map_fd=17 map_id=130 key=304 prog_fd=72 prog_id=18 flags=0 ret=0 errno=0
[52.743306 pid=1937 tid=1953] native-loader jit-info prog_array-target fd=72 id=18 type=17 name=sys_exit_submit tag=07fb247c2a62a43e jited_len=12117 xlated_len=20536 nr_jited_ksyms=1 ksym0=0xffffffffc0407214 ksym1=0x0
[52.743642 pid=1937 tid=1953] BPF_MAP_UPDATE_ELEM prog_array name=sys_exit_submit map_fd=17 map_id=130 key=305 prog_fd=72 prog_id=18 flags=0 ret=0 errno=0
[52.743802 pid=1937 tid=1953] native-loader jit-info prog_array-target fd=72 id=18 type=17 name=sys_exit_submit tag=07fb247c2a62a43e jited_len=12117 xlated_len=20536 nr_jited_ksyms=1 ksym0=0xffffffffc0407214 ksym1=0x0
[52.744251 pid=1937 tid=1953] BPF_MAP_UPDATE_ELEM prog_array name=sys_exit_submit map_fd=17 map_id=130 key=306 prog_fd=72 prog_id=18 flags=0 ret=0 errno=0
[52.744747 pid=1937 tid=1953] native-loader jit-info prog_array-target fd=72 id=18 type=17 name=sys_exit_submit tag=07fb247c2a62a43e jited_len=12117 xlated_len=20536 nr_jited_ksyms=1 ksym0=0xffffffffc0407214 ksym1=0x0
[52.744898 pid=1937 tid=1953] BPF_MAP_UPDATE_ELEM prog_array name=sys_exit_submit map_fd=17 map_id=130 key=307 prog_fd=72 prog_id=18 flags=0 ret=0 errno=0
[52.745039 pid=1937 tid=1953] native-loader jit-info prog_array-target fd=72 id=18 type=17 name=sys_exit_submit tag=07fb247c2a62a43e jited_len=12117 xlated_len=20536 nr_jited_ksyms=1 ksym0=0xffffffffc0407214 ksym1=0x0
[52.745221 pid=1937 tid=1953] BPF_MAP_UPDATE_ELEM prog_array name=sys_exit_submit map_fd=17 map_id=130 key=308 prog_fd=72 prog_id=18 flags=0 ret=0 errno=0
[52.745462 pid=1937 tid=1953] native-loader jit-info prog_array-target fd=72 id=18 type=17 name=sys_exit_submit tag=07fb247c2a62a43e jited_len=12117 xlated_len=20536 nr_jited_ksyms=1 ksym0=0xffffffffc0407214 ksym1=0x0
[52.746044 pid=1937 tid=1953] BPF_MAP_UPDATE_ELEM prog_array name=sys_exit_submit map_fd=17 map_id=130 key=309 prog_fd=72 prog_id=18 flags=0 ret=0 errno=0
[52.746176 pid=1937 tid=1953] native-loader jit-info prog_array-target fd=72 id=18 type=17 name=sys_exit_submit tag=07fb247c2a62a43e jited_len=12117 xlated_len=20536 nr_jited_ksyms=1 ksym0=0xffffffffc0407214 ksym1=0x0
[52.746318 pid=1937 tid=1953] BPF_MAP_UPDATE_ELEM prog_array name=sys_exit_submit map_fd=17 map_id=130 key=310 prog_fd=72 prog_id=18 flags=0 ret=0 errno=0
[52.746467 pid=1937 tid=1953] native-loader jit-info prog_array-target fd=72 id=18 type=17 name=sys_exit_submit tag=07fb247c2a62a43e jited_len=12117 xlated_len=20536 nr_jited_ksyms=1 ksym0=0xffffffffc0407214 ksym1=0x0
[52.746621 pid=1937 tid=1953] BPF_MAP_UPDATE_ELEM prog_array name=sys_exit_submit map_fd=17 map_id=130 key=312 prog_fd=72 prog_id=18 flags=0 ret=0 errno=0
[52.746776 pid=1937 tid=1953] native-loader jit-info prog_array-target fd=72 id=18 type=17 name=sys_exit_submit tag=07fb247c2a62a43e jited_len=12117 xlated_len=20536 nr_jited_ksyms=1 ksym0=0xffffffffc0407214 ksym1=0x0
[52.746935 pid=1937 tid=1953] BPF_MAP_UPDATE_ELEM prog_array name=sys_exit_submit map_fd=17 map_id=130 key=313 prog_fd=72 prog_id=18 flags=0 ret=0 errno=0
[52.747060 pid=1937 tid=1953] native-loader jit-info prog_array-target fd=72 id=18 type=17 name=sys_exit_submit tag=07fb247c2a62a43e jited_len=12117 xlated_len=20536 nr_jited_ksyms=1 ksym0=0xffffffffc0407214 ksym1=0x0
[52.747190 pid=1937 tid=1953] BPF_MAP_UPDATE_ELEM prog_array name=sys_exit_submit map_fd=17 map_id=130 key=314 prog_fd=72 prog_id=18 flags=0 ret=0 errno=0
[52.747290 pid=1937 tid=1953] native-loader jit-info prog_array-target fd=72 id=18 type=17 name=sys_exit_submit tag=07fb247c2a62a43e jited_len=12117 xlated_len=20536 nr_jited_ksyms=1 ksym0=0xffffffffc0407214 ksym1=0x0
[52.747421 pid=1937 tid=1953] BPF_MAP_UPDATE_ELEM prog_array name=sys_exit_submit map_fd=17 map_id=130 key=315 prog_fd=72 prog_id=18 flags=0 ret=0 errno=0
[52.747610 pid=1937 tid=1953] native-loader jit-info prog_array-target fd=72 id=18 type=17 name=sys_exit_submit tag=07fb247c2a62a43e jited_len=12117 xlated_len=20536 nr_jited_ksyms=1 ksym0=0xffffffffc0407214 ksym1=0x0
[52.747739 pid=1937 tid=1953] BPF_MAP_UPDATE_ELEM prog_array name=sys_exit_submit map_fd=17 map_id=130 key=316 prog_fd=72 prog_id=18 flags=0 ret=0 errno=0
[52.747968 pid=1937 tid=1953] native-loader jit-info prog_array-target fd=72 id=18 type=17 name=sys_exit_submit tag=07fb247c2a62a43e jited_len=12117 xlated_len=20536 nr_jited_ksyms=1 ksym0=0xffffffffc0407214 ksym1=0x0
[52.748070 pid=1937 tid=1953] BPF_MAP_UPDATE_ELEM prog_array name=sys_exit_submit map_fd=17 map_id=130 key=317 prog_fd=72 prog_id=18 flags=0 ret=0 errno=0
[52.748160 pid=1937 tid=1953] native-loader jit-info prog_array-target fd=72 id=18 type=17 name=sys_exit_submit tag=07fb247c2a62a43e jited_len=12117 xlated_len=20536 nr_jited_ksyms=1 ksym0=0xffffffffc0407214 ksym1=0x0
[52.748302 pid=1937 tid=1953] BPF_MAP_UPDATE_ELEM prog_array name=sys_exit_submit map_fd=17 map_id=130 key=318 prog_fd=72 prog_id=18 flags=0 ret=0 errno=0
[52.748425 pid=1937 tid=1953] native-loader jit-info prog_array-target fd=72 id=18 type=17 name=sys_exit_submit tag=07fb247c2a62a43e jited_len=12117 xlated_len=20536 nr_jited_ksyms=1 ksym0=0xffffffffc0407214 ksym1=0x0
[52.748557 pid=1937 tid=1953] BPF_MAP_UPDATE_ELEM prog_array name=sys_exit_submit map_fd=17 map_id=130 key=319 prog_fd=72 prog_id=18 flags=0 ret=0 errno=0
[52.749088 pid=1937 tid=1953] native-loader jit-info prog_array-target fd=72 id=18 type=17 name=sys_exit_submit tag=07fb247c2a62a43e jited_len=12117 xlated_len=20536 nr_jited_ksyms=1 ksym0=0xffffffffc0407214 ksym1=0x0
[52.749234 pid=1937 tid=1953] BPF_MAP_UPDATE_ELEM prog_array name=sys_exit_submit map_fd=17 map_id=130 key=320 prog_fd=72 prog_id=18 flags=0 ret=0 errno=0
[52.749468 pid=1937 tid=1953] native-loader jit-info prog_array-target fd=72 id=18 type=17 name=sys_exit_submit tag=07fb247c2a62a43e jited_len=12117 xlated_len=20536 nr_jited_ksyms=1 ksym0=0xffffffffc0407214 ksym1=0x0
[52.749714 pid=1937 tid=1953] BPF_MAP_UPDATE_ELEM prog_array name=sys_exit_submit map_fd=17 map_id=130 key=321 prog_fd=72 prog_id=18 flags=0 ret=0 errno=0
[52.749811 pid=1937 tid=1953] native-loader jit-info prog_array-target fd=72 id=18 type=17 name=sys_exit_submit tag=07fb247c2a62a43e jited_len=12117 xlated_len=20536 nr_jited_ksyms=1 ksym0=0xffffffffc0407214 ksym1=0x0
[52.750285 pid=1937 tid=1953] BPF_MAP_UPDATE_ELEM prog_array name=sys_exit_submit map_fd=17 map_id=130 key=322 prog_fd=72 prog_id=18 flags=0 ret=0 errno=0
[52.751055 pid=1937 tid=1953] native-loader jit-info prog_array-target fd=72 id=18 type=17 name=sys_exit_submit tag=07fb247c2a62a43e jited_len=12117 xlated_len=20536 nr_jited_ksyms=1 ksym0=0xffffffffc0407214 ksym1=0x0
[52.751216 pid=1937 tid=1953] BPF_MAP_UPDATE_ELEM prog_array name=sys_exit_submit map_fd=17 map_id=130 key=323 prog_fd=72 prog_id=18 flags=0 ret=0 errno=0
[52.751579 pid=1937 tid=1953] native-loader jit-info prog_array-target fd=72 id=18 type=17 name=sys_exit_submit tag=07fb247c2a62a43e jited_len=12117 xlated_len=20536 nr_jited_ksyms=1 ksym0=0xffffffffc0407214 ksym1=0x0
[52.753040 pid=1937 tid=1953] BPF_MAP_UPDATE_ELEM prog_array name=sys_exit_submit map_fd=17 map_id=130 key=324 prog_fd=72 prog_id=18 flags=0 ret=0 errno=0
[52.753676 pid=1937 tid=1953] native-loader jit-info prog_array-target fd=72 id=18 type=17 name=sys_exit_submit tag=07fb247c2a62a43e jited_len=12117 xlated_len=20536 nr_jited_ksyms=1 ksym0=0xffffffffc0407214 ksym1=0x0
[52.754095 pid=1937 tid=1953] BPF_MAP_UPDATE_ELEM prog_array name=sys_exit_submit map_fd=17 map_id=130 key=325 prog_fd=72 prog_id=18 flags=0 ret=0 errno=0
[52.754219 pid=1937 tid=1953] native-loader jit-info prog_array-target fd=72 id=18 type=17 name=sys_exit_submit tag=07fb247c2a62a43e jited_len=12117 xlated_len=20536 nr_jited_ksyms=1 ksym0=0xffffffffc0407214 ksym1=0x0
[52.754787 pid=1937 tid=1953] BPF_MAP_UPDATE_ELEM prog_array name=sys_exit_submit map_fd=17 map_id=130 key=326 prog_fd=72 prog_id=18 flags=0 ret=0 errno=0
[52.755294 pid=1937 tid=1953] native-loader jit-info prog_array-target fd=72 id=18 type=17 name=sys_exit_submit tag=07fb247c2a62a43e jited_len=12117 xlated_len=20536 nr_jited_ksyms=1 ksym0=0xffffffffc0407214 ksym1=0x0
[52.756463 pid=1937 tid=1953] BPF_MAP_UPDATE_ELEM prog_array name=sys_exit_submit map_fd=17 map_id=130 key=327 prog_fd=72 prog_id=18 flags=0 ret=0 errno=0
[52.757254 pid=1937 tid=1953] native-loader jit-info prog_array-target fd=72 id=18 type=17 name=sys_exit_submit tag=07fb247c2a62a43e jited_len=12117 xlated_len=20536 nr_jited_ksyms=1 ksym0=0xffffffffc0407214 ksym1=0x0
[52.758389 pid=1937 tid=1953] BPF_MAP_UPDATE_ELEM prog_array name=sys_exit_submit map_fd=17 map_id=130 key=328 prog_fd=72 prog_id=18 flags=0 ret=0 errno=0
[52.759130 pid=1937 tid=1953] native-loader jit-info prog_array-target fd=72 id=18 type=17 name=sys_exit_submit tag=07fb247c2a62a43e jited_len=12117 xlated_len=20536 nr_jited_ksyms=1 ksym0=0xffffffffc0407214 ksym1=0x0
[52.759343 pid=1937 tid=1953] BPF_MAP_UPDATE_ELEM prog_array name=sys_exit_submit map_fd=17 map_id=130 key=329 prog_fd=72 prog_id=18 flags=0 ret=0 errno=0
[52.759849 pid=1937 tid=1953] native-loader jit-info prog_array-target fd=72 id=18 type=17 name=sys_exit_submit tag=07fb247c2a62a43e jited_len=12117 xlated_len=20536 nr_jited_ksyms=1 ksym0=0xffffffffc0407214 ksym1=0x0
[52.760043 pid=1937 tid=1953] BPF_MAP_UPDATE_ELEM prog_array name=sys_exit_submit map_fd=17 map_id=130 key=330 prog_fd=72 prog_id=18 flags=0 ret=0 errno=0
[52.760398 pid=1937 tid=1953] native-loader jit-info prog_array-target fd=72 id=18 type=17 name=sys_exit_submit tag=07fb247c2a62a43e jited_len=12117 xlated_len=20536 nr_jited_ksyms=1 ksym0=0xffffffffc0407214 ksym1=0x0
[52.760564 pid=1937 tid=1953] BPF_MAP_UPDATE_ELEM prog_array name=sys_exit_submit map_fd=17 map_id=130 key=331 prog_fd=72 prog_id=18 flags=0 ret=0 errno=0
[52.761092 pid=1937 tid=1953] native-loader jit-info prog_array-target fd=72 id=18 type=17 name=sys_exit_submit tag=07fb247c2a62a43e jited_len=12117 xlated_len=20536 nr_jited_ksyms=1 ksym0=0xffffffffc0407214 ksym1=0x0
[52.762222 pid=1937 tid=1953] BPF_MAP_UPDATE_ELEM prog_array name=sys_exit_submit map_fd=17 map_id=130 key=332 prog_fd=72 prog_id=18 flags=0 ret=0 errno=0
[52.762571 pid=1937 tid=1953] native-loader jit-info prog_array-target fd=72 id=18 type=17 name=sys_exit_submit tag=07fb247c2a62a43e jited_len=12117 xlated_len=20536 nr_jited_ksyms=1 ksym0=0xffffffffc0407214 ksym1=0x0
[52.762967 pid=1937 tid=1953] BPF_MAP_UPDATE_ELEM prog_array name=sys_exit_submit map_fd=17 map_id=130 key=333 prog_fd=72 prog_id=18 flags=0 ret=0 errno=0
[52.763153 pid=1937 tid=1953] native-loader jit-info prog_array-target fd=72 id=18 type=17 name=sys_exit_submit tag=07fb247c2a62a43e jited_len=12117 xlated_len=20536 nr_jited_ksyms=1 ksym0=0xffffffffc0407214 ksym1=0x0
[52.763329 pid=1937 tid=1953] BPF_MAP_UPDATE_ELEM prog_array name=sys_exit_submit map_fd=17 map_id=130 key=334 prog_fd=72 prog_id=18 flags=0 ret=0 errno=0
[52.763617 pid=1937 tid=1953] native-loader jit-info prog_array-target fd=72 id=18 type=17 name=sys_exit_submit tag=07fb247c2a62a43e jited_len=12117 xlated_len=20536 nr_jited_ksyms=1 ksym0=0xffffffffc0407214 ksym1=0x0
[52.763916 pid=1937 tid=1953] BPF_MAP_UPDATE_ELEM prog_array name=sys_exit_submit map_fd=17 map_id=130 key=424 prog_fd=72 prog_id=18 flags=0 ret=0 errno=0
[52.764179 pid=1937 tid=1953] native-loader jit-info prog_array-target fd=72 id=18 type=17 name=sys_exit_submit tag=07fb247c2a62a43e jited_len=12117 xlated_len=20536 nr_jited_ksyms=1 ksym0=0xffffffffc0407214 ksym1=0x0
[52.764378 pid=1937 tid=1953] BPF_MAP_UPDATE_ELEM prog_array name=sys_exit_submit map_fd=17 map_id=130 key=425 prog_fd=72 prog_id=18 flags=0 ret=0 errno=0
[52.764736 pid=1937 tid=1953] native-loader jit-info prog_array-target fd=72 id=18 type=17 name=sys_exit_submit tag=07fb247c2a62a43e jited_len=12117 xlated_len=20536 nr_jited_ksyms=1 ksym0=0xffffffffc0407214 ksym1=0x0
[52.765008 pid=1937 tid=1953] BPF_MAP_UPDATE_ELEM prog_array name=sys_exit_submit map_fd=17 map_id=130 key=426 prog_fd=72 prog_id=18 flags=0 ret=0 errno=0
[52.765129 pid=1937 tid=1953] native-loader jit-info prog_array-target fd=72 id=18 type=17 name=sys_exit_submit tag=07fb247c2a62a43e jited_len=12117 xlated_len=20536 nr_jited_ksyms=1 ksym0=0xffffffffc0407214 ksym1=0x0
[52.765338 pid=1937 tid=1953] BPF_MAP_UPDATE_ELEM prog_array name=sys_exit_submit map_fd=17 map_id=130 key=427 prog_fd=72 prog_id=18 flags=0 ret=0 errno=0
[52.765646 pid=1937 tid=1953] native-loader jit-info prog_array-target fd=72 id=18 type=17 name=sys_exit_submit tag=07fb247c2a62a43e jited_len=12117 xlated_len=20536 nr_jited_ksyms=1 ksym0=0xffffffffc0407214 ksym1=0x0
[52.765907 pid=1937 tid=1953] BPF_MAP_UPDATE_ELEM prog_array name=sys_exit_submit map_fd=17 map_id=130 key=428 prog_fd=72 prog_id=18 flags=0 ret=0 errno=0
[52.766091 pid=1937 tid=1953] native-loader jit-info prog_array-target fd=72 id=18 type=17 name=sys_exit_submit tag=07fb247c2a62a43e jited_len=12117 xlated_len=20536 nr_jited_ksyms=1 ksym0=0xffffffffc0407214 ksym1=0x0
[52.766280 pid=1937 tid=1953] BPF_MAP_UPDATE_ELEM prog_array name=sys_exit_submit map_fd=17 map_id=130 key=429 prog_fd=72 prog_id=18 flags=0 ret=0 errno=0
[52.766531 pid=1937 tid=1953] native-loader jit-info prog_array-target fd=72 id=18 type=17 name=sys_exit_submit tag=07fb247c2a62a43e jited_len=12117 xlated_len=20536 nr_jited_ksyms=1 ksym0=0xffffffffc0407214 ksym1=0x0
[52.766784 pid=1937 tid=1953] BPF_MAP_UPDATE_ELEM prog_array name=sys_exit_submit map_fd=17 map_id=130 key=430 prog_fd=72 prog_id=18 flags=0 ret=0 errno=0
[52.766937 pid=1937 tid=1953] native-loader jit-info prog_array-target fd=72 id=18 type=17 name=sys_exit_submit tag=07fb247c2a62a43e jited_len=12117 xlated_len=20536 nr_jited_ksyms=1 ksym0=0xffffffffc0407214 ksym1=0x0
[52.767125 pid=1937 tid=1953] BPF_MAP_UPDATE_ELEM prog_array name=sys_exit_submit map_fd=17 map_id=130 key=431 prog_fd=72 prog_id=18 flags=0 ret=0 errno=0
[52.767570 pid=1937 tid=1953] native-loader jit-info prog_array-target fd=72 id=18 type=17 name=sys_exit_submit tag=07fb247c2a62a43e jited_len=12117 xlated_len=20536 nr_jited_ksyms=1 ksym0=0xffffffffc0407214 ksym1=0x0
[52.767719 pid=1937 tid=1953] BPF_MAP_UPDATE_ELEM prog_array name=sys_exit_submit map_fd=17 map_id=130 key=432 prog_fd=72 prog_id=18 flags=0 ret=0 errno=0
[52.767873 pid=1937 tid=1953] native-loader jit-info prog_array-target fd=72 id=18 type=17 name=sys_exit_submit tag=07fb247c2a62a43e jited_len=12117 xlated_len=20536 nr_jited_ksyms=1 ksym0=0xffffffffc0407214 ksym1=0x0
[52.768041 pid=1937 tid=1953] BPF_MAP_UPDATE_ELEM prog_array name=sys_exit_submit map_fd=17 map_id=130 key=433 prog_fd=72 prog_id=18 flags=0 ret=0 errno=0
[52.768166 pid=1937 tid=1953] native-loader jit-info prog_array-target fd=72 id=18 type=17 name=sys_exit_submit tag=07fb247c2a62a43e jited_len=12117 xlated_len=20536 nr_jited_ksyms=1 ksym0=0xffffffffc0407214 ksym1=0x0
[52.768317 pid=1937 tid=1953] BPF_MAP_UPDATE_ELEM prog_array name=sys_exit_submit map_fd=17 map_id=130 key=434 prog_fd=72 prog_id=18 flags=0 ret=0 errno=0
[52.768424 pid=1937 tid=1953] native-loader jit-info prog_array-target fd=72 id=18 type=17 name=sys_exit_submit tag=07fb247c2a62a43e jited_len=12117 xlated_len=20536 nr_jited_ksyms=1 ksym0=0xffffffffc0407214 ksym1=0x0
[52.768651 pid=1937 tid=1953] BPF_MAP_UPDATE_ELEM prog_array name=sys_exit_submit map_fd=17 map_id=130 key=435 prog_fd=72 prog_id=18 flags=0 ret=0 errno=0
[52.768890 pid=1937 tid=1953] native-loader jit-info prog_array-target fd=72 id=18 type=17 name=sys_exit_submit tag=07fb247c2a62a43e jited_len=12117 xlated_len=20536 nr_jited_ksyms=1 ksym0=0xffffffffc0407214 ksym1=0x0
[52.769045 pid=1937 tid=1953] BPF_MAP_UPDATE_ELEM prog_array name=sys_exit_submit map_fd=17 map_id=130 key=436 prog_fd=72 prog_id=18 flags=0 ret=0 errno=0
[52.769399 pid=1937 tid=1953] native-loader jit-info prog_array-target fd=72 id=18 type=17 name=sys_exit_submit tag=07fb247c2a62a43e jited_len=12117 xlated_len=20536 nr_jited_ksyms=1 ksym0=0xffffffffc0407214 ksym1=0x0
[52.769550 pid=1937 tid=1953] BPF_MAP_UPDATE_ELEM prog_array name=sys_exit_submit map_fd=17 map_id=130 key=437 prog_fd=72 prog_id=18 flags=0 ret=0 errno=0
[52.769707 pid=1937 tid=1953] native-loader jit-info prog_array-target fd=72 id=18 type=17 name=sys_exit_submit tag=07fb247c2a62a43e jited_len=12117 xlated_len=20536 nr_jited_ksyms=1 ksym0=0xffffffffc0407214 ksym1=0x0
[52.769922 pid=1937 tid=1953] BPF_MAP_UPDATE_ELEM prog_array name=sys_exit_submit map_fd=17 map_id=130 key=438 prog_fd=72 prog_id=18 flags=0 ret=0 errno=0
[52.770072 pid=1937 tid=1953] native-loader jit-info prog_array-target fd=72 id=18 type=17 name=sys_exit_submit tag=07fb247c2a62a43e jited_len=12117 xlated_len=20536 nr_jited_ksyms=1 ksym0=0xffffffffc0407214 ksym1=0x0
[52.770223 pid=1937 tid=1953] BPF_MAP_UPDATE_ELEM prog_array name=sys_exit_submit map_fd=17 map_id=130 key=439 prog_fd=72 prog_id=18 flags=0 ret=0 errno=0
[52.770437 pid=1937 tid=1953] native-loader jit-info prog_array-target fd=72 id=18 type=17 name=sys_exit_submit tag=07fb247c2a62a43e jited_len=12117 xlated_len=20536 nr_jited_ksyms=1 ksym0=0xffffffffc0407214 ksym1=0x0
[52.770568 pid=1937 tid=1953] BPF_MAP_UPDATE_ELEM prog_array name=sys_exit_submit map_fd=17 map_id=130 key=440 prog_fd=72 prog_id=18 flags=0 ret=0 errno=0
[52.770710 pid=1937 tid=1953] native-loader jit-info prog_array-target fd=72 id=18 type=17 name=sys_exit_submit tag=07fb247c2a62a43e jited_len=12117 xlated_len=20536 nr_jited_ksyms=1 ksym0=0xffffffffc0407214 ksym1=0x0
[52.771006 pid=1937 tid=1953] BPF_MAP_UPDATE_ELEM prog_array name=sys_exit_submit map_fd=17 map_id=130 key=441 prog_fd=72 prog_id=18 flags=0 ret=0 errno=0
[52.771161 pid=1937 tid=1953] native-loader jit-info prog_array-target fd=72 id=18 type=17 name=sys_exit_submit tag=07fb247c2a62a43e jited_len=12117 xlated_len=20536 nr_jited_ksyms=1 ksym0=0xffffffffc0407214 ksym1=0x0
[52.771267 pid=1937 tid=1953] BPF_MAP_UPDATE_ELEM prog_array name=sys_exit_submit map_fd=17 map_id=130 key=442 prog_fd=72 prog_id=18 flags=0 ret=0 errno=0
[52.771379 pid=1937 tid=1953] native-loader jit-info prog_array-target fd=72 id=18 type=17 name=sys_exit_submit tag=07fb247c2a62a43e jited_len=12117 xlated_len=20536 nr_jited_ksyms=1 ksym0=0xffffffffc0407214 ksym1=0x0
[52.771531 pid=1937 tid=1953] BPF_MAP_UPDATE_ELEM prog_array name=sys_exit_submit map_fd=17 map_id=130 key=443 prog_fd=72 prog_id=18 flags=0 ret=0 errno=0
[52.771672 pid=1937 tid=1953] native-loader jit-info prog_array-target fd=72 id=18 type=17 name=sys_exit_submit tag=07fb247c2a62a43e jited_len=12117 xlated_len=20536 nr_jited_ksyms=1 ksym0=0xffffffffc0407214 ksym1=0x0
[52.771792 pid=1937 tid=1953] BPF_MAP_UPDATE_ELEM prog_array name=sys_exit_submit map_fd=17 map_id=130 key=444 prog_fd=72 prog_id=18 flags=0 ret=0 errno=0
[52.771903 pid=1937 tid=1953] native-loader jit-info prog_array-target fd=72 id=18 type=17 name=sys_exit_submit tag=07fb247c2a62a43e jited_len=12117 xlated_len=20536 nr_jited_ksyms=1 ksym0=0xffffffffc0407214 ksym1=0x0
[52.772026 pid=1937 tid=1953] BPF_MAP_UPDATE_ELEM prog_array name=sys_exit_submit map_fd=17 map_id=130 key=445 prog_fd=72 prog_id=18 flags=0 ret=0 errno=0
[52.772176 pid=1937 tid=1953] native-loader jit-info prog_array-target fd=72 id=18 type=17 name=sys_exit_submit tag=07fb247c2a62a43e jited_len=12117 xlated_len=20536 nr_jited_ksyms=1 ksym0=0xffffffffc0407214 ksym1=0x0
[52.772343 pid=1937 tid=1953] BPF_MAP_UPDATE_ELEM prog_array name=sys_exit_submit map_fd=17 map_id=130 key=446 prog_fd=72 prog_id=18 flags=0 ret=0 errno=0
[52.772493 pid=1937 tid=1953] native-loader jit-info prog_array-target fd=72 id=18 type=17 name=sys_exit_submit tag=07fb247c2a62a43e jited_len=12117 xlated_len=20536 nr_jited_ksyms=1 ksym0=0xffffffffc0407214 ksym1=0x0
[52.773127 pid=1937 tid=1953] BPF_MAP_UPDATE_ELEM prog_array name=sys_exit_submit map_fd=17 map_id=130 key=447 prog_fd=72 prog_id=18 flags=0 ret=0 errno=0
[52.773285 pid=1937 tid=1953] native-loader jit-info prog_array-target fd=72 id=18 type=17 name=sys_exit_submit tag=07fb247c2a62a43e jited_len=12117 xlated_len=20536 nr_jited_ksyms=1 ksym0=0xffffffffc0407214 ksym1=0x0
[52.773408 pid=1937 tid=1953] BPF_MAP_UPDATE_ELEM prog_array name=sys_exit_submit map_fd=17 map_id=130 key=448 prog_fd=72 prog_id=18 flags=0 ret=0 errno=0
[52.773991 pid=1937 tid=1953] native-loader jit-info prog_array-target fd=72 id=18 type=17 name=sys_exit_submit tag=07fb247c2a62a43e jited_len=12117 xlated_len=20536 nr_jited_ksyms=1 ksym0=0xffffffffc0407214 ksym1=0x0
[52.774787 pid=1937 tid=1953] BPF_MAP_UPDATE_ELEM prog_array name=sys_exit_submit map_fd=17 map_id=130 key=449 prog_fd=72 prog_id=18 flags=0 ret=0 errno=0
[52.774917 pid=1937 tid=1953] native-loader jit-info prog_array-target fd=72 id=18 type=17 name=sys_exit_submit tag=07fb247c2a62a43e jited_len=12117 xlated_len=20536 nr_jited_ksyms=1 ksym0=0xffffffffc0407214 ksym1=0x0
[52.775040 pid=1937 tid=1953] BPF_MAP_UPDATE_ELEM prog_array name=sys_exit_submit map_fd=17 map_id=130 key=450 prog_fd=72 prog_id=18 flags=0 ret=0 errno=0
[52.775217 pid=1937 tid=1953] native-loader jit-info prog_array-target fd=72 id=18 type=17 name=sys_exit_submit tag=07fb247c2a62a43e jited_len=12117 xlated_len=20536 nr_jited_ksyms=1 ksym0=0xffffffffc0407214 ksym1=0x0
[52.775324 pid=1937 tid=1953] BPF_MAP_UPDATE_ELEM prog_array name=sys_exit_submit map_fd=17 map_id=130 key=451 prog_fd=72 prog_id=18 flags=0 ret=0 errno=0
[52.775430 pid=1937 tid=1953] native-loader jit-info prog_array-target fd=72 id=18 type=17 name=sys_exit_submit tag=07fb247c2a62a43e jited_len=12117 xlated_len=20536 nr_jited_ksyms=1 ksym0=0xffffffffc0407214 ksym1=0x0
[52.775578 pid=1937 tid=1953] BPF_MAP_UPDATE_ELEM prog_array name=sys_exit_submit map_fd=17 map_id=130 key=452 prog_fd=72 prog_id=18 flags=0 ret=0 errno=0
[52.775696 pid=1937 tid=1953] native-loader jit-info prog_array-target fd=72 id=18 type=17 name=sys_exit_submit tag=07fb247c2a62a43e jited_len=12117 xlated_len=20536 nr_jited_ksyms=1 ksym0=0xffffffffc0407214 ksym1=0x0
[52.776103 pid=1937 tid=1953] BPF_MAP_UPDATE_ELEM prog_array name=sys_exit_submit map_fd=17 map_id=130 key=453 prog_fd=72 prog_id=18 flags=0 ret=0 errno=0
[52.776236 pid=1937 tid=1953] native-loader jit-info prog_array-target fd=72 id=18 type=17 name=sys_exit_submit tag=07fb247c2a62a43e jited_len=12117 xlated_len=20536 nr_jited_ksyms=1 ksym0=0xffffffffc0407214 ksym1=0x0
[52.776359 pid=1937 tid=1953] BPF_MAP_UPDATE_ELEM prog_array name=sys_exit_submit map_fd=17 map_id=130 key=454 prog_fd=72 prog_id=18 flags=0 ret=0 errno=0
[52.776494 pid=1937 tid=1953] native-loader jit-info prog_array-target fd=72 id=18 type=17 name=sys_exit_submit tag=07fb247c2a62a43e jited_len=12117 xlated_len=20536 nr_jited_ksyms=1 ksym0=0xffffffffc0407214 ksym1=0x0
[52.776721 pid=1937 tid=1953] BPF_MAP_UPDATE_ELEM prog_array name=sys_exit_submit map_fd=17 map_id=130 key=455 prog_fd=72 prog_id=18 flags=0 ret=0 errno=0
[52.776829 pid=1937 tid=1953] native-loader jit-info prog_array-target fd=72 id=18 type=17 name=sys_exit_submit tag=07fb247c2a62a43e jited_len=12117 xlated_len=20536 nr_jited_ksyms=1 ksym0=0xffffffffc0407214 ksym1=0x0
[52.777078 pid=1937 tid=1953] BPF_MAP_UPDATE_ELEM prog_array name=sys_exit_submit map_fd=17 map_id=130 key=456 prog_fd=72 prog_id=18 flags=0 ret=0 errno=0
[52.777593 pid=1937 tid=1953] native-loader jit-info prog_array-target fd=72 id=18 type=17 name=sys_exit_submit tag=07fb247c2a62a43e jited_len=12117 xlated_len=20536 nr_jited_ksyms=1 ksym0=0xffffffffc0407214 ksym1=0x0
[52.778023 pid=1937 tid=1953] BPF_MAP_UPDATE_ELEM prog_array name=sys_exit_submit map_fd=17 map_id=130 key=457 prog_fd=72 prog_id=18 flags=0 ret=0 errno=0
[52.778194 pid=1937 tid=1953] native-loader jit-info prog_array-target fd=72 id=18 type=17 name=sys_exit_submit tag=07fb247c2a62a43e jited_len=12117 xlated_len=20536 nr_jited_ksyms=1 ksym0=0xffffffffc0407214 ksym1=0x0
[52.778590 pid=1937 tid=1953] BPF_MAP_UPDATE_ELEM prog_array name=sys_exit_submit map_fd=17 map_id=130 key=458 prog_fd=72 prog_id=18 flags=0 ret=0 errno=0
[52.778721 pid=1937 tid=1953] native-loader jit-info prog_array-target fd=72 id=18 type=17 name=sys_exit_submit tag=07fb247c2a62a43e jited_len=12117 xlated_len=20536 nr_jited_ksyms=1 ksym0=0xffffffffc0407214 ksym1=0x0
[52.779258 pid=1937 tid=1953] BPF_MAP_UPDATE_ELEM prog_array name=sys_exit_submit map_fd=17 map_id=130 key=459 prog_fd=72 prog_id=18 flags=0 ret=0 errno=0
[52.779417 pid=1937 tid=1953] native-loader jit-info prog_array-target fd=72 id=18 type=17 name=sys_exit_submit tag=07fb247c2a62a43e jited_len=12117 xlated_len=20536 nr_jited_ksyms=1 ksym0=0xffffffffc0407214 ksym1=0x0
[52.779960 pid=1937 tid=1953] BPF_MAP_UPDATE_ELEM prog_array name=sys_exit_submit map_fd=17 map_id=130 key=460 prog_fd=72 prog_id=18 flags=0 ret=0 errno=0
[52.780121 pid=1937 tid=1953] native-loader jit-info prog_array-target fd=72 id=18 type=17 name=sys_exit_submit tag=07fb247c2a62a43e jited_len=12117 xlated_len=20536 nr_jited_ksyms=1 ksym0=0xffffffffc0407214 ksym1=0x0
[52.780740 pid=1937 tid=1953] BPF_MAP_UPDATE_ELEM prog_array name=sys_exit_submit map_fd=17 map_id=130 key=461 prog_fd=72 prog_id=18 flags=0 ret=0 errno=0
[52.780898 pid=1937 tid=1953] native-loader jit-info prog_array-target fd=72 id=18 type=17 name=sys_exit_submit tag=07fb247c2a62a43e jited_len=12117 xlated_len=20536 nr_jited_ksyms=1 ksym0=0xffffffffc0407214 ksym1=0x0
[52.781406 pid=1937 tid=1953] BPF_MAP_UPDATE_ELEM prog_array name=sys_exit_submit map_fd=17 map_id=130 key=462 prog_fd=72 prog_id=18 flags=0 ret=0 errno=0
[52.781568 pid=1937 tid=1953] native-loader jit-info prog_array-target fd=72 id=18 type=17 name=sys_exit_submit tag=07fb247c2a62a43e jited_len=12117 xlated_len=20536 nr_jited_ksyms=1 ksym0=0xffffffffc0407214 ksym1=0x0
[52.781833 pid=1937 tid=1953] BPF_MAP_UPDATE_ELEM prog_array name=sys_exit_submit map_fd=17 map_id=130 key=463 prog_fd=72 prog_id=18 flags=0 ret=0 errno=0
[52.782007 pid=1937 tid=1953] native-loader jit-info prog_array-target fd=72 id=18 type=17 name=sys_exit_submit tag=07fb247c2a62a43e jited_len=12117 xlated_len=20536 nr_jited_ksyms=1 ksym0=0xffffffffc0407214 ksym1=0x0
[52.782134 pid=1937 tid=1953] BPF_MAP_UPDATE_ELEM prog_array name=sys_exit_submit map_fd=17 map_id=130 key=464 prog_fd=72 prog_id=18 flags=0 ret=0 errno=0
[52.782262 pid=1937 tid=1953] native-loader jit-info prog_array-target fd=72 id=18 type=17 name=sys_exit_submit tag=07fb247c2a62a43e jited_len=12117 xlated_len=20536 nr_jited_ksyms=1 ksym0=0xffffffffc0407214 ksym1=0x0
[52.782397 pid=1937 tid=1953] BPF_MAP_UPDATE_ELEM prog_array name=sys_exit_submit map_fd=17 map_id=130 key=465 prog_fd=72 prog_id=18 flags=0 ret=0 errno=0
[52.782546 pid=1937 tid=1953] native-loader jit-info prog_array-target fd=72 id=18 type=17 name=sys_exit_submit tag=07fb247c2a62a43e jited_len=12117 xlated_len=20536 nr_jited_ksyms=1 ksym0=0xffffffffc0407214 ksym1=0x0
[52.782650 pid=1937 tid=1953] BPF_MAP_UPDATE_ELEM prog_array name=sys_exit_submit map_fd=17 map_id=130 key=466 prog_fd=72 prog_id=18 flags=0 ret=0 errno=0
[52.782778 pid=1937 tid=1953] native-loader jit-info prog_array-target fd=72 id=18 type=17 name=sys_exit_submit tag=07fb247c2a62a43e jited_len=12117 xlated_len=20536 nr_jited_ksyms=1 ksym0=0xffffffffc0407214 ksym1=0x0
[52.783282 pid=1937 tid=1953] BPF_MAP_UPDATE_ELEM prog_array name=sys_exit_submit map_fd=17 map_id=130 key=467 prog_fd=72 prog_id=18 flags=0 ret=0 errno=0
[52.783437 pid=1937 tid=1953] native-loader jit-info prog_array-target fd=72 id=18 type=17 name=sys_exit_submit tag=07fb247c2a62a43e jited_len=12117 xlated_len=20536 nr_jited_ksyms=1 ksym0=0xffffffffc0407214 ksym1=0x0
[52.783598 pid=1937 tid=1953] BPF_MAP_UPDATE_ELEM prog_array name=sys_exit_submit map_fd=17 map_id=130 key=468 prog_fd=72 prog_id=18 flags=0 ret=0 errno=0
[52.783786 pid=1937 tid=1953] native-loader jit-info prog_array-target fd=72 id=18 type=17 name=sys_exit_submit tag=07fb247c2a62a43e jited_len=12117 xlated_len=20536 nr_jited_ksyms=1 ksym0=0xffffffffc0407214 ksym1=0x0
[52.784317 pid=1937 tid=1953] BPF_MAP_UPDATE_ELEM prog_array name=sys_exit_submit map_fd=17 map_id=130 key=469 prog_fd=72 prog_id=18 flags=0 ret=0 errno=0
[52.784449 pid=1937 tid=1953] native-loader jit-info prog_array-target fd=72 id=18 type=17 name=sys_exit_submit tag=07fb247c2a62a43e jited_len=12117 xlated_len=20536 nr_jited_ksyms=1 ksym0=0xffffffffc0407214 ksym1=0x0
[52.784572 pid=1937 tid=1953] BPF_MAP_UPDATE_ELEM prog_array name=sys_exit_submit map_fd=17 map_id=130 key=470 prog_fd=72 prog_id=18 flags=0 ret=0 errno=0
[52.784740 pid=1937 tid=1953] native-loader jit-info prog_array-target fd=72 id=18 type=17 name=sys_exit_submit tag=07fb247c2a62a43e jited_len=12117 xlated_len=20536 nr_jited_ksyms=1 ksym0=0xffffffffc0407214 ksym1=0x0
[52.784870 pid=1937 tid=1953] BPF_MAP_UPDATE_ELEM prog_array name=sys_exit_submit map_fd=17 map_id=130 key=471 prog_fd=72 prog_id=18 flags=0 ret=0 errno=0
[52.784975 pid=1937 tid=1953] native-loader jit-info prog_array-target fd=72 id=18 type=17 name=sys_exit_submit tag=07fb247c2a62a43e jited_len=12117 xlated_len=20536 nr_jited_ksyms=1 ksym0=0xffffffffc0407214 ksym1=0x0
[52.785095 pid=1937 tid=1953] BPF_MAP_UPDATE_ELEM prog_array name=sys_exit_submit map_fd=17 map_id=130 key=472 prog_fd=72 prog_id=18 flags=0 ret=0 errno=0
[52.785226 pid=1937 tid=1953] native-loader jit-info prog_array-target fd=72 id=18 type=17 name=sys_exit_submit tag=07fb247c2a62a43e jited_len=12117 xlated_len=20536 nr_jited_ksyms=1 ksym0=0xffffffffc0407214 ksym1=0x0
[52.785520 pid=1937 tid=1953] BPF_MAP_UPDATE_ELEM prog_array name=sys_exit_submit map_fd=17 map_id=130 key=473 prog_fd=72 prog_id=18 flags=0 ret=0 errno=0
[52.785659 pid=1937 tid=1953] native-loader jit-info prog_array-target fd=72 id=18 type=17 name=sys_exit_submit tag=07fb247c2a62a43e jited_len=12117 xlated_len=20536 nr_jited_ksyms=1 ksym0=0xffffffffc0407214 ksym1=0x0
[52.785760 pid=1937 tid=1953] BPF_MAP_UPDATE_ELEM prog_array name=sys_exit_submit map_fd=17 map_id=130 key=474 prog_fd=72 prog_id=18 flags=0 ret=0 errno=0
[52.785876 pid=1937 tid=1953] native-loader jit-info prog_array-target fd=72 id=18 type=17 name=sys_exit_submit tag=07fb247c2a62a43e jited_len=12117 xlated_len=20536 nr_jited_ksyms=1 ksym0=0xffffffffc0407214 ksym1=0x0
[52.786117 pid=1937 tid=1953] BPF_MAP_UPDATE_ELEM prog_array name=sys_exit_submit map_fd=17 map_id=130 key=475 prog_fd=72 prog_id=18 flags=0 ret=0 errno=0
[52.786222 pid=1937 tid=1953] native-loader jit-info prog_array-target fd=72 id=18 type=17 name=sys_exit_submit tag=07fb247c2a62a43e jited_len=12117 xlated_len=20536 nr_jited_ksyms=1 ksym0=0xffffffffc0407214 ksym1=0x0
[52.786510 pid=1937 tid=1953] BPF_MAP_UPDATE_ELEM prog_array name=sys_exit_submit map_fd=17 map_id=130 key=476 prog_fd=72 prog_id=18 flags=0 ret=0 errno=0
[52.786984 pid=1937 tid=1953] native-loader jit-info prog_array-target fd=72 id=18 type=17 name=sys_exit_submit tag=07fb247c2a62a43e jited_len=12117 xlated_len=20536 nr_jited_ksyms=1 ksym0=0xffffffffc0407214 ksym1=0x0
[52.787303 pid=1937 tid=1953] BPF_MAP_UPDATE_ELEM prog_array name=sys_exit_submit map_fd=17 map_id=130 key=477 prog_fd=72 prog_id=18 flags=0 ret=0 errno=0
[52.787473 pid=1937 tid=1953] native-loader jit-info prog_array-target fd=72 id=18 type=17 name=sys_exit_submit tag=07fb247c2a62a43e jited_len=12117 xlated_len=20536 nr_jited_ksyms=1 ksym0=0xffffffffc0407214 ksym1=0x0
[52.788188 pid=1937 tid=1953] BPF_MAP_UPDATE_ELEM prog_array name=sys_exit_submit map_fd=17 map_id=130 key=478 prog_fd=72 prog_id=18 flags=0 ret=0 errno=0
[52.788321 pid=1937 tid=1953] native-loader jit-info prog_array-target fd=72 id=18 type=17 name=sys_exit_submit tag=07fb247c2a62a43e jited_len=12117 xlated_len=20536 nr_jited_ksyms=1 ksym0=0xffffffffc0407214 ksym1=0x0
[52.789084 pid=1937 tid=1953] BPF_MAP_UPDATE_ELEM prog_array name=sys_exit_submit map_fd=17 map_id=130 key=479 prog_fd=72 prog_id=18 flags=0 ret=0 errno=0
[52.789246 pid=1937 tid=1953] native-loader jit-info prog_array-target fd=72 id=18 type=17 name=sys_exit_submit tag=07fb247c2a62a43e jited_len=12117 xlated_len=20536 nr_jited_ksyms=1 ksym0=0xffffffffc0407214 ksym1=0x0
[52.789708 pid=1937 tid=1953] BPF_MAP_UPDATE_ELEM prog_array name=sys_exit_submit map_fd=17 map_id=130 key=480 prog_fd=72 prog_id=18 flags=0 ret=0 errno=0
[52.789897 pid=1937 tid=1953] native-loader jit-info prog_array-target fd=72 id=18 type=17 name=sys_exit_submit tag=07fb247c2a62a43e jited_len=12117 xlated_len=20536 nr_jited_ksyms=1 ksym0=0xffffffffc0407214 ksym1=0x0
[52.790481 pid=1937 tid=1953] BPF_MAP_UPDATE_ELEM prog_array name=sys_exit_submit map_fd=17 map_id=130 key=481 prog_fd=72 prog_id=18 flags=0 ret=0 errno=0
[52.790636 pid=1937 tid=1953] native-loader jit-info prog_array-target fd=72 id=18 type=17 name=sys_exit_submit tag=07fb247c2a62a43e jited_len=12117 xlated_len=20536 nr_jited_ksyms=1 ksym0=0xffffffffc0407214 ksym1=0x0
[52.790972 pid=1937 tid=1953] BPF_MAP_UPDATE_ELEM prog_array name=sys_exit_submit map_fd=17 map_id=130 key=482 prog_fd=72 prog_id=18 flags=0 ret=0 errno=0
[52.791096 pid=1937 tid=1953] native-loader jit-info prog_array-target fd=72 id=18 type=17 name=sys_exit_submit tag=07fb247c2a62a43e jited_len=12117 xlated_len=20536 nr_jited_ksyms=1 ksym0=0xffffffffc0407214 ksym1=0x0
[52.791273 pid=1937 tid=1953] BPF_MAP_UPDATE_ELEM prog_array name=sys_exit_submit map_fd=17 map_id=130 key=483 prog_fd=72 prog_id=18 flags=0 ret=0 errno=0
[52.791411 pid=1937 tid=1953] native-loader jit-info prog_array-target fd=72 id=18 type=17 name=sys_exit_submit tag=07fb247c2a62a43e jited_len=12117 xlated_len=20536 nr_jited_ksyms=1 ksym0=0xffffffffc0407214 ksym1=0x0
[52.791535 pid=1937 tid=1953] BPF_MAP_UPDATE_ELEM prog_array name=sys_exit_submit map_fd=17 map_id=130 key=484 prog_fd=72 prog_id=18 flags=0 ret=0 errno=0
[52.791665 pid=1937 tid=1953] native-loader jit-info prog_array-target fd=72 id=18 type=17 name=sys_exit_submit tag=07fb247c2a62a43e jited_len=12117 xlated_len=20536 nr_jited_ksyms=1 ksym0=0xffffffffc0407214 ksym1=0x0
[52.791786 pid=1937 tid=1953] BPF_MAP_UPDATE_ELEM prog_array name=sys_exit_submit map_fd=17 map_id=130 key=485 prog_fd=72 prog_id=18 flags=0 ret=0 errno=0
[52.791935 pid=1937 tid=1953] native-loader jit-info prog_array-target fd=72 id=18 type=17 name=sys_exit_submit tag=07fb247c2a62a43e jited_len=12117 xlated_len=20536 nr_jited_ksyms=1 ksym0=0xffffffffc0407214 ksym1=0x0
[52.792037 pid=1937 tid=1953] BPF_MAP_UPDATE_ELEM prog_array name=sys_exit_submit map_fd=17 map_id=130 key=486 prog_fd=72 prog_id=18 flags=0 ret=0 errno=0
[52.792152 pid=1937 tid=1953] native-loader jit-info prog_array-target fd=72 id=18 type=17 name=sys_exit_submit tag=07fb247c2a62a43e jited_len=12117 xlated_len=20536 nr_jited_ksyms=1 ksym0=0xffffffffc0407214 ksym1=0x0
[52.792596 pid=1937 tid=1953] BPF_MAP_UPDATE_ELEM prog_array name=sys_exit_submit map_fd=17 map_id=130 key=487 prog_fd=72 prog_id=18 flags=0 ret=0 errno=0
[52.792749 pid=1937 tid=1953] native-loader jit-info prog_array-target fd=72 id=18 type=17 name=sys_exit_submit tag=07fb247c2a62a43e jited_len=12117 xlated_len=20536 nr_jited_ksyms=1 ksym0=0xffffffffc0407214 ksym1=0x0
[52.792887 pid=1937 tid=1953] BPF_MAP_UPDATE_ELEM prog_array name=sys_exit_submit map_fd=17 map_id=130 key=488 prog_fd=72 prog_id=18 flags=0 ret=0 errno=0
[52.793418 pid=1937 tid=1953] native-loader jit-info prog_array-target fd=72 id=18 type=17 name=sys_exit_submit tag=07fb247c2a62a43e jited_len=12117 xlated_len=20536 nr_jited_ksyms=1 ksym0=0xffffffffc0407214 ksym1=0x0
[52.793866 pid=1937 tid=1953] BPF_MAP_UPDATE_ELEM prog_array name=sys_exit_submit map_fd=17 map_id=130 key=489 prog_fd=72 prog_id=18 flags=0 ret=0 errno=0
[52.794000 pid=1937 tid=1953] native-loader jit-info prog_array-target fd=72 id=18 type=17 name=sys_exit_submit tag=07fb247c2a62a43e jited_len=12117 xlated_len=20536 nr_jited_ksyms=1 ksym0=0xffffffffc0407214 ksym1=0x0
[52.794158 pid=1937 tid=1953] BPF_MAP_UPDATE_ELEM prog_array name=sys_exit_submit map_fd=17 map_id=130 key=490 prog_fd=72 prog_id=18 flags=0 ret=0 errno=0
[52.794334 pid=1937 tid=1953] native-loader jit-info prog_array-target fd=72 id=18 type=17 name=sys_exit_submit tag=07fb247c2a62a43e jited_len=12117 xlated_len=20536 nr_jited_ksyms=1 ksym0=0xffffffffc0407214 ksym1=0x0
[52.794463 pid=1937 tid=1953] BPF_MAP_UPDATE_ELEM prog_array name=sys_exit_submit map_fd=17 map_id=130 key=491 prog_fd=72 prog_id=18 flags=0 ret=0 errno=0
[52.794590 pid=1937 tid=1953] native-loader jit-info prog_array-target fd=72 id=18 type=17 name=sys_exit_submit tag=07fb247c2a62a43e jited_len=12117 xlated_len=20536 nr_jited_ksyms=1 ksym0=0xffffffffc0407214 ksym1=0x0
[52.794710 pid=1937 tid=1953] BPF_MAP_UPDATE_ELEM prog_array name=sys_exit_submit map_fd=17 map_id=130 key=492 prog_fd=72 prog_id=18 flags=0 ret=0 errno=0
[52.794857 pid=1937 tid=1953] native-loader jit-info prog_array-target fd=72 id=18 type=17 name=sys_exit_submit tag=07fb247c2a62a43e jited_len=12117 xlated_len=20536 nr_jited_ksyms=1 ksym0=0xffffffffc0407214 ksym1=0x0
[52.794998 pid=1937 tid=1953] BPF_MAP_UPDATE_ELEM prog_array name=sys_exit_submit map_fd=17 map_id=130 key=493 prog_fd=72 prog_id=18 flags=0 ret=0 errno=0
[52.795127 pid=1937 tid=1953] native-loader jit-info prog_array-target fd=72 id=18 type=17 name=sys_exit_submit tag=07fb247c2a62a43e jited_len=12117 xlated_len=20536 nr_jited_ksyms=1 ksym0=0xffffffffc0407214 ksym1=0x0
[52.795250 pid=1937 tid=1953] BPF_MAP_UPDATE_ELEM prog_array name=sys_exit_submit map_fd=17 map_id=130 key=494 prog_fd=72 prog_id=18 flags=0 ret=0 errno=0
[52.795383 pid=1937 tid=1953] native-loader jit-info prog_array-target fd=72 id=18 type=17 name=sys_exit_submit tag=07fb247c2a62a43e jited_len=12117 xlated_len=20536 nr_jited_ksyms=1 ksym0=0xffffffffc0407214 ksym1=0x0
[52.795599 pid=1937 tid=1953] BPF_MAP_UPDATE_ELEM prog_array name=sys_exit_submit map_fd=17 map_id=130 key=495 prog_fd=72 prog_id=18 flags=0 ret=0 errno=0
[52.795706 pid=1937 tid=1953] native-loader jit-info prog_array-target fd=72 id=18 type=17 name=sys_exit_submit tag=07fb247c2a62a43e jited_len=12117 xlated_len=20536 nr_jited_ksyms=1 ksym0=0xffffffffc0407214 ksym1=0x0
[52.795862 pid=1937 tid=1953] BPF_MAP_UPDATE_ELEM prog_array name=sys_exit_submit map_fd=17 map_id=130 key=496 prog_fd=72 prog_id=18 flags=0 ret=0 errno=0
[52.796029 pid=1937 tid=1953] native-loader jit-info prog_array-target fd=72 id=18 type=17 name=sys_exit_submit tag=07fb247c2a62a43e jited_len=12117 xlated_len=20536 nr_jited_ksyms=1 ksym0=0xffffffffc0407214 ksym1=0x0
[52.796183 pid=1937 tid=1953] BPF_MAP_UPDATE_ELEM prog_array name=sys_exit_submit map_fd=17 map_id=130 key=497 prog_fd=72 prog_id=18 flags=0 ret=0 errno=0
[52.796338 pid=1937 tid=1953] native-loader jit-info prog_array-target fd=72 id=18 type=17 name=sys_exit_submit tag=07fb247c2a62a43e jited_len=12117 xlated_len=20536 nr_jited_ksyms=1 ksym0=0xffffffffc0407214 ksym1=0x0
[52.796586 pid=1937 tid=1953] BPF_MAP_UPDATE_ELEM prog_array name=sys_exit_submit map_fd=17 map_id=130 key=498 prog_fd=72 prog_id=18 flags=0 ret=0 errno=0
[52.796764 pid=1937 tid=1953] native-loader jit-info prog_array-target fd=72 id=18 type=17 name=sys_exit_submit tag=07fb247c2a62a43e jited_len=12117 xlated_len=20536 nr_jited_ksyms=1 ksym0=0xffffffffc0407214 ksym1=0x0
[52.796903 pid=1937 tid=1953] BPF_MAP_UPDATE_ELEM prog_array name=sys_exit_submit map_fd=17 map_id=130 key=499 prog_fd=72 prog_id=18 flags=0 ret=0 errno=0
[52.797052 pid=1937 tid=1953] native-loader jit-info prog_array-target fd=72 id=18 type=17 name=sys_exit_submit tag=07fb247c2a62a43e jited_len=12117 xlated_len=20536 nr_jited_ksyms=1 ksym0=0xffffffffc0407214 ksym1=0x0
[52.797194 pid=1937 tid=1953] BPF_MAP_UPDATE_ELEM prog_array name=sys_exit_submit map_fd=17 map_id=130 key=500 prog_fd=72 prog_id=18 flags=0 ret=0 errno=0
[52.797347 pid=1937 tid=1953] native-loader jit-info prog_array-target fd=72 id=18 type=17 name=sys_exit_submit tag=07fb247c2a62a43e jited_len=12117 xlated_len=20536 nr_jited_ksyms=1 ksym0=0xffffffffc0407214 ksym1=0x0
[52.798037 pid=1937 tid=1953] BPF_MAP_UPDATE_ELEM prog_array name=sys_exit_submit map_fd=17 map_id=130 key=501 prog_fd=72 prog_id=18 flags=0 ret=0 errno=0
[52.798166 pid=1937 tid=1953] native-loader jit-info prog_array-target fd=72 id=18 type=17 name=sys_exit_submit tag=07fb247c2a62a43e jited_len=12117 xlated_len=20536 nr_jited_ksyms=1 ksym0=0xffffffffc0407214 ksym1=0x0
[52.798673 pid=1937 tid=1953] BPF_MAP_UPDATE_ELEM prog_array name=sys_exit_submit map_fd=17 map_id=130 key=502 prog_fd=72 prog_id=18 flags=0 ret=0 errno=0
[52.798780 pid=1937 tid=1953] native-loader jit-info prog_array-target fd=72 id=18 type=17 name=sys_exit_submit tag=07fb247c2a62a43e jited_len=12117 xlated_len=20536 nr_jited_ksyms=1 ksym0=0xffffffffc0407214 ksym1=0x0
[52.798934 pid=1937 tid=1953] BPF_MAP_UPDATE_ELEM prog_array name=sys_exit_submit map_fd=17 map_id=130 key=503 prog_fd=72 prog_id=18 flags=0 ret=0 errno=0
[52.799068 pid=1937 tid=1953] native-loader jit-info prog_array-target fd=72 id=18 type=17 name=sys_exit_submit tag=07fb247c2a62a43e jited_len=12117 xlated_len=20536 nr_jited_ksyms=1 ksym0=0xffffffffc0407214 ksym1=0x0
[52.799200 pid=1937 tid=1953] BPF_MAP_UPDATE_ELEM prog_array name=sys_exit_submit map_fd=17 map_id=130 key=504 prog_fd=72 prog_id=18 flags=0 ret=0 errno=0
[52.799326 pid=1937 tid=1953] native-loader jit-info prog_array-target fd=72 id=18 type=17 name=sys_exit_submit tag=07fb247c2a62a43e jited_len=12117 xlated_len=20536 nr_jited_ksyms=1 ksym0=0xffffffffc0407214 ksym1=0x0
[52.799446 pid=1937 tid=1953] BPF_MAP_UPDATE_ELEM prog_array name=sys_exit_submit map_fd=17 map_id=130 key=505 prog_fd=72 prog_id=18 flags=0 ret=0 errno=0
[52.799597 pid=1937 tid=1953] native-loader jit-info prog_array-target fd=72 id=18 type=17 name=sys_exit_submit tag=07fb247c2a62a43e jited_len=12117 xlated_len=20536 nr_jited_ksyms=1 ksym0=0xffffffffc0407214 ksym1=0x0
[52.799700 pid=1937 tid=1953] BPF_MAP_UPDATE_ELEM prog_array name=sys_exit_submit map_fd=17 map_id=130 key=506 prog_fd=72 prog_id=18 flags=0 ret=0 errno=0
[52.799815 pid=1937 tid=1953] native-loader jit-info prog_array-target fd=72 id=18 type=17 name=sys_exit_submit tag=07fb247c2a62a43e jited_len=12117 xlated_len=20536 nr_jited_ksyms=1 ksym0=0xffffffffc0407214 ksym1=0x0
[52.800280 pid=1937 tid=1953] BPF_MAP_UPDATE_ELEM prog_array name=sys_exit_submit map_fd=17 map_id=130 key=507 prog_fd=72 prog_id=18 flags=0 ret=0 errno=0
[52.800439 pid=1937 tid=1953] native-loader jit-info prog_array-target fd=72 id=18 type=17 name=sys_exit_submit tag=07fb247c2a62a43e jited_len=12117 xlated_len=20536 nr_jited_ksyms=1 ksym0=0xffffffffc0407214 ksym1=0x0
[52.800567 pid=1937 tid=1953] BPF_MAP_UPDATE_ELEM prog_array name=sys_exit_submit map_fd=17 map_id=130 key=508 prog_fd=72 prog_id=18 flags=0 ret=0 errno=0
[52.801157 pid=1937 tid=1953] native-loader jit-info prog_array-target fd=72 id=18 type=17 name=sys_exit_submit tag=07fb247c2a62a43e jited_len=12117 xlated_len=20536 nr_jited_ksyms=1 ksym0=0xffffffffc0407214 ksym1=0x0
[52.801609 pid=1937 tid=1953] BPF_MAP_UPDATE_ELEM prog_array name=sys_exit_submit map_fd=17 map_id=130 key=509 prog_fd=72 prog_id=18 flags=0 ret=0 errno=0
[52.801758 pid=1937 tid=1953] native-loader jit-info prog_array-target fd=72 id=18 type=17 name=sys_exit_submit tag=07fb247c2a62a43e jited_len=12117 xlated_len=20536 nr_jited_ksyms=1 ksym0=0xffffffffc0407214 ksym1=0x0
[52.801895 pid=1937 tid=1953] BPF_MAP_UPDATE_ELEM prog_array name=sys_exit_submit map_fd=17 map_id=130 key=510 prog_fd=72 prog_id=18 flags=0 ret=0 errno=0
[52.802063 pid=1937 tid=1953] native-loader jit-info prog_array-target fd=72 id=18 type=17 name=sys_exit_submit tag=07fb247c2a62a43e jited_len=12117 xlated_len=20536 nr_jited_ksyms=1 ksym0=0xffffffffc0407214 ksym1=0x0
[52.802190 pid=1937 tid=1953] BPF_MAP_UPDATE_ELEM prog_array name=sys_exit_submit map_fd=17 map_id=130 key=511 prog_fd=72 prog_id=18 flags=0 ret=0 errno=0
[52.802314 pid=1937 tid=1953] native-loader jit-info prog_array-target fd=72 id=18 type=17 name=sys_exit_submit tag=07fb247c2a62a43e jited_len=12117 xlated_len=20536 nr_jited_ksyms=1 ksym0=0xffffffffc0407214 ksym1=0x0
[52.802480 pid=1937 tid=1953] BPF_MAP_UPDATE_ELEM prog_array name=sys_exit_submit map_fd=17 map_id=130 key=512 prog_fd=72 prog_id=18 flags=0 ret=0 errno=0
[52.802607 pid=1937 tid=1953] native-loader jit-info prog_array-target fd=72 id=18 type=17 name=sys_exit_submit tag=07fb247c2a62a43e jited_len=12117 xlated_len=20536 nr_jited_ksyms=1 ksym0=0xffffffffc0407214 ksym1=0x0
[52.802937 pid=1937 tid=1953] BPF_MAP_UPDATE_ELEM prog_array name=sys_exit_submit map_fd=17 map_id=130 key=513 prog_fd=72 prog_id=18 flags=0 ret=0 errno=0
[52.803090 pid=1937 tid=1953] native-loader jit-info prog_array-target fd=72 id=18 type=17 name=sys_exit_submit tag=07fb247c2a62a43e jited_len=12117 xlated_len=20536 nr_jited_ksyms=1 ksym0=0xffffffffc0407214 ksym1=0x0
[52.803219 pid=1937 tid=1953] BPF_MAP_UPDATE_ELEM prog_array name=sys_exit_submit map_fd=17 map_id=130 key=514 prog_fd=72 prog_id=18 flags=0 ret=0 errno=0
[52.803356 pid=1937 tid=1953] native-loader jit-info prog_array-target fd=72 id=18 type=17 name=sys_exit_submit tag=07fb247c2a62a43e jited_len=12117 xlated_len=20536 nr_jited_ksyms=1 ksym0=0xffffffffc0407214 ksym1=0x0
[52.803640 pid=1937 tid=1953] BPF_MAP_UPDATE_ELEM prog_array name=sys_exit_submit map_fd=17 map_id=130 key=515 prog_fd=72 prog_id=18 flags=0 ret=0 errno=0
[52.803799 pid=1937 tid=1953] native-loader jit-info prog_array-target fd=72 id=18 type=17 name=sys_exit_submit tag=07fb247c2a62a43e jited_len=12117 xlated_len=20536 nr_jited_ksyms=1 ksym0=0xffffffffc0407214 ksym1=0x0
[52.804370 pid=1937 tid=1953] BPF_MAP_UPDATE_ELEM prog_array name=sys_exit_submit map_fd=17 map_id=130 key=516 prog_fd=72 prog_id=18 flags=0 ret=0 errno=0
[52.805118 pid=1937 tid=1953] native-loader jit-info prog_array-target fd=72 id=18 type=17 name=sys_exit_submit tag=07fb247c2a62a43e jited_len=12117 xlated_len=20536 nr_jited_ksyms=1 ksym0=0xffffffffc0407214 ksym1=0x0
[52.805448 pid=1937 tid=1953] BPF_MAP_UPDATE_ELEM prog_array name=sys_exit_submit map_fd=17 map_id=130 key=517 prog_fd=72 prog_id=18 flags=0 ret=0 errno=0
[52.805630 pid=1937 tid=1953] native-loader jit-info prog_array-target fd=72 id=18 type=17 name=sys_exit_submit tag=07fb247c2a62a43e jited_len=12117 xlated_len=20536 nr_jited_ksyms=1 ksym0=0xffffffffc0407214 ksym1=0x0
[52.805778 pid=1937 tid=1953] BPF_MAP_UPDATE_ELEM prog_array name=sys_exit_submit map_fd=17 map_id=130 key=518 prog_fd=72 prog_id=18 flags=0 ret=0 errno=0
[52.805912 pid=1937 tid=1953] native-loader jit-info prog_array-target fd=72 id=18 type=17 name=sys_exit_submit tag=07fb247c2a62a43e jited_len=12117 xlated_len=20536 nr_jited_ksyms=1 ksym0=0xffffffffc0407214 ksym1=0x0
[52.806622 pid=1937 tid=1953] BPF_MAP_UPDATE_ELEM prog_array name=sys_exit_submit map_fd=17 map_id=130 key=519 prog_fd=72 prog_id=18 flags=0 ret=0 errno=0
[52.806952 pid=1937 tid=1953] native-loader jit-info prog_array-target fd=72 id=18 type=17 name=sys_exit_submit tag=07fb247c2a62a43e jited_len=12117 xlated_len=20536 nr_jited_ksyms=1 ksym0=0xffffffffc0407214 ksym1=0x0
[52.807161 pid=1937 tid=1953] BPF_MAP_UPDATE_ELEM prog_array name=sys_exit_submit map_fd=17 map_id=130 key=520 prog_fd=72 prog_id=18 flags=0 ret=0 errno=0
[52.807332 pid=1937 tid=1953] native-loader jit-info prog_array-target fd=72 id=18 type=17 name=sys_exit_submit tag=07fb247c2a62a43e jited_len=12117 xlated_len=20536 nr_jited_ksyms=1 ksym0=0xffffffffc0407214 ksym1=0x0
[52.807516 pid=1937 tid=1953] BPF_MAP_UPDATE_ELEM prog_array name=sys_exit_submit map_fd=17 map_id=130 key=521 prog_fd=72 prog_id=18 flags=0 ret=0 errno=0
[52.807676 pid=1937 tid=1953] native-loader jit-info prog_array-target fd=72 id=18 type=17 name=sys_exit_submit tag=07fb247c2a62a43e jited_len=12117 xlated_len=20536 nr_jited_ksyms=1 ksym0=0xffffffffc0407214 ksym1=0x0
[52.807829 pid=1937 tid=1953] BPF_MAP_UPDATE_ELEM prog_array name=sys_exit_submit map_fd=17 map_id=130 key=522 prog_fd=72 prog_id=18 flags=0 ret=0 errno=0
[52.808004 pid=1937 tid=1953] native-loader jit-info prog_array-target fd=72 id=18 type=17 name=sys_exit_submit tag=07fb247c2a62a43e jited_len=12117 xlated_len=20536 nr_jited_ksyms=1 ksym0=0xffffffffc0407214 ksym1=0x0
[52.808128 pid=1937 tid=1953] BPF_MAP_UPDATE_ELEM prog_array name=sys_exit_submit map_fd=17 map_id=130 key=523 prog_fd=72 prog_id=18 flags=0 ret=0 errno=0
[52.808227 pid=1937 tid=1953] native-loader jit-info prog_array-target fd=72 id=18 type=17 name=sys_exit_submit tag=07fb247c2a62a43e jited_len=12117 xlated_len=20536 nr_jited_ksyms=1 ksym0=0xffffffffc0407214 ksym1=0x0
[52.808362 pid=1937 tid=1953] BPF_MAP_UPDATE_ELEM prog_array name=sys_exit_submit map_fd=17 map_id=130 key=524 prog_fd=72 prog_id=18 flags=0 ret=0 errno=0
[52.808516 pid=1937 tid=1953] native-loader jit-info prog_array-target fd=72 id=18 type=17 name=sys_exit_submit tag=07fb247c2a62a43e jited_len=12117 xlated_len=20536 nr_jited_ksyms=1 ksym0=0xffffffffc0407214 ksym1=0x0
[52.808680 pid=1937 tid=1953] BPF_MAP_UPDATE_ELEM prog_array name=sys_exit_submit map_fd=17 map_id=130 key=525 prog_fd=72 prog_id=18 flags=0 ret=0 errno=0
[52.808834 pid=1937 tid=1953] native-loader jit-info prog_array-target fd=72 id=18 type=17 name=sys_exit_submit tag=07fb247c2a62a43e jited_len=12117 xlated_len=20536 nr_jited_ksyms=1 ksym0=0xffffffffc0407214 ksym1=0x0
[52.808941 pid=1937 tid=1953] BPF_MAP_UPDATE_ELEM prog_array name=sys_exit_submit map_fd=17 map_id=130 key=526 prog_fd=72 prog_id=18 flags=0 ret=0 errno=0
[52.809050 pid=1937 tid=1953] native-loader jit-info prog_array-target fd=72 id=18 type=17 name=sys_exit_submit tag=07fb247c2a62a43e jited_len=12117 xlated_len=20536 nr_jited_ksyms=1 ksym0=0xffffffffc0407214 ksym1=0x0
[52.809205 pid=1937 tid=1953] BPF_MAP_UPDATE_ELEM prog_array name=sys_exit_submit map_fd=17 map_id=130 key=527 prog_fd=72 prog_id=18 flags=0 ret=0 errno=0
[52.809369 pid=1937 tid=1953] native-loader jit-info prog_array-target fd=72 id=18 type=17 name=sys_exit_submit tag=07fb247c2a62a43e jited_len=12117 xlated_len=20536 nr_jited_ksyms=1 ksym0=0xffffffffc0407214 ksym1=0x0
[52.809503 pid=1937 tid=1953] BPF_MAP_UPDATE_ELEM prog_array name=sys_exit_submit map_fd=17 map_id=130 key=528 prog_fd=72 prog_id=18 flags=0 ret=0 errno=0
[52.809969 pid=1937 tid=1953] native-loader jit-info prog_array-target fd=72 id=18 type=17 name=sys_exit_submit tag=07fb247c2a62a43e jited_len=12117 xlated_len=20536 nr_jited_ksyms=1 ksym0=0xffffffffc0407214 ksym1=0x0
[52.810120 pid=1937 tid=1953] BPF_MAP_UPDATE_ELEM prog_array name=sys_exit_submit map_fd=17 map_id=130 key=529 prog_fd=72 prog_id=18 flags=0 ret=0 errno=0
[52.810265 pid=1937 tid=1953] native-loader jit-info prog_array-target fd=72 id=18 type=17 name=sys_exit_submit tag=07fb247c2a62a43e jited_len=12117 xlated_len=20536 nr_jited_ksyms=1 ksym0=0xffffffffc0407214 ksym1=0x0
[52.810394 pid=1937 tid=1953] BPF_MAP_UPDATE_ELEM prog_array name=sys_exit_submit map_fd=17 map_id=130 key=530 prog_fd=72 prog_id=18 flags=0 ret=0 errno=0
[52.810507 pid=1937 tid=1953] native-loader jit-info prog_array-target fd=72 id=18 type=17 name=sys_exit_submit tag=07fb247c2a62a43e jited_len=12117 xlated_len=20536 nr_jited_ksyms=1 ksym0=0xffffffffc0407214 ksym1=0x0
[52.810639 pid=1937 tid=1953] BPF_MAP_UPDATE_ELEM prog_array name=sys_exit_submit map_fd=17 map_id=130 key=531 prog_fd=72 prog_id=18 flags=0 ret=0 errno=0
[52.810754 pid=1937 tid=1953] native-loader jit-info prog_array-target fd=72 id=18 type=17 name=sys_exit_submit tag=07fb247c2a62a43e jited_len=12117 xlated_len=20536 nr_jited_ksyms=1 ksym0=0xffffffffc0407214 ksym1=0x0
[52.810877 pid=1937 tid=1953] BPF_MAP_UPDATE_ELEM prog_array name=sys_exit_submit map_fd=17 map_id=130 key=532 prog_fd=72 prog_id=18 flags=0 ret=0 errno=0
[52.810998 pid=1937 tid=1953] native-loader jit-info prog_array-target fd=72 id=18 type=17 name=sys_exit_submit tag=07fb247c2a62a43e jited_len=12117 xlated_len=20536 nr_jited_ksyms=1 ksym0=0xffffffffc0407214 ksym1=0x0
[52.811151 pid=1937 tid=1953] BPF_MAP_UPDATE_ELEM prog_array name=sys_exit_submit map_fd=17 map_id=130 key=533 prog_fd=72 prog_id=18 flags=0 ret=0 errno=0
[52.811323 pid=1937 tid=1953] native-loader jit-info prog_array-target fd=72 id=18 type=17 name=sys_exit_submit tag=07fb247c2a62a43e jited_len=12117 xlated_len=20536 nr_jited_ksyms=1 ksym0=0xffffffffc0407214 ksym1=0x0
[52.811429 pid=1937 tid=1953] BPF_MAP_UPDATE_ELEM prog_array name=sys_exit_submit map_fd=17 map_id=130 key=534 prog_fd=72 prog_id=18 flags=0 ret=0 errno=0
[52.811527 pid=1937 tid=1953] native-loader jit-info prog_array-target fd=72 id=18 type=17 name=sys_exit_submit tag=07fb247c2a62a43e jited_len=12117 xlated_len=20536 nr_jited_ksyms=1 ksym0=0xffffffffc0407214 ksym1=0x0
[52.811934 pid=1937 tid=1953] BPF_MAP_UPDATE_ELEM prog_array name=sys_enter_tails map_fd=14 map_id=127 key=59 prog_fd=170 prog_id=33 flags=0 ret=0 errno=0
[52.812084 pid=1937 tid=1953] native-loader jit-info prog_array-target fd=170 id=33 type=17 name=syscall__execve tag=4a103056bd15ad09 jited_len=22769 xlated_len=33600 nr_jited_ksyms=1 ksym0=0xffffffffc0423090 ksym1=0x0
[52.812270 pid=1937 tid=1953] BPF_MAP_UPDATE_ELEM prog_array name=sys_exit_tails map_fd=18 map_id=131 key=43 prog_fd=191 prog_id=54 flags=0 ret=0 errno=0
[52.812451 pid=1937 tid=1953] native-loader jit-info prog_array-target fd=191 id=54 type=17 name=syscall__accept tag=078f4a1c9b7da1b0 jited_len=9262 xlated_len=13976 nr_jited_ksyms=2 ksym0=0xffffffffc0482668 ksym1=0xffffffffc0401764
[52.812599 pid=1937 tid=1953] BPF_MAP_UPDATE_ELEM prog_array name=sys_exit_tails map_fd=18 map_id=131 key=288 prog_fd=191 prog_id=54 flags=0 ret=0 errno=0
[52.812758 pid=1937 tid=1953] native-loader jit-info prog_array-target fd=191 id=54 type=17 name=syscall__accept tag=078f4a1c9b7da1b0 jited_len=9262 xlated_len=13976 nr_jited_ksyms=2 ksym0=0xffffffffc0482668 ksym1=0xffffffffc0401764
[52.813035 pid=1937 tid=1953] BPF_MAP_UPDATE_ELEM prog_array name=prog_array map_fd=27 map_id=140 key=9 prog_fd=183 prog_id=46 flags=0 ret=0 errno=0
[52.813163 pid=1937 tid=1953] native-loader jit-info prog_array-target fd=183 id=46 type=2 name=lkm_seeker_proc tag=9a74a4ca9ce3677d jited_len=52694 xlated_len=97544 nr_jited_ksyms=1 ksym0=0xffffffffc0461894 ksym1=0x0
[52.813578 pid=1937 tid=1953] BPF_MAP_UPDATE_ELEM prog_array name=prog_array map_fd=27 map_id=140 key=12 prog_fd=184 prog_id=47 flags=0 ret=0 errno=0
[52.813736 pid=1937 tid=1953] native-loader jit-info prog_array-target fd=184 id=47 type=2 name=lkm_seeker_new_ tag=6e832db2dc161af3 jited_len=3766 xlated_len=6272 nr_jited_ksyms=1 ksym0=0xffffffffc046e68c ksym1=0x0
[52.813914 pid=1937 tid=1953] BPF_MAP_UPDATE_ELEM prog_array name=generic_sys_exi map_fd=20 map_id=133 key=32 prog_fd=174 prog_id=37 flags=0 ret=0 errno=0
[52.814066 pid=1937 tid=1953] native-loader jit-info prog_array-target fd=174 id=37 type=2 name=sys_dup_exit_ta tag=13a7ebaf932fe854 jited_len=12318 xlated_len=18704 nr_jited_ksyms=2 ksym0=0xffffffffc0439890 ksym1=0xffffffffc0401678
[52.814272 pid=1937 tid=1953] BPF_MAP_UPDATE_ELEM prog_array name=generic_sys_exi map_fd=20 map_id=133 key=33 prog_fd=174 prog_id=37 flags=0 ret=0 errno=0
[52.814423 pid=1937 tid=1953] native-loader jit-info prog_array-target fd=174 id=37 type=2 name=sys_dup_exit_ta tag=13a7ebaf932fe854 jited_len=12318 xlated_len=18704 nr_jited_ksyms=2 ksym0=0xffffffffc0439890 ksym1=0xffffffffc0401678
[52.814746 pid=1937 tid=1953] BPF_MAP_UPDATE_ELEM prog_array name=generic_sys_exi map_fd=20 map_id=133 key=292 prog_fd=174 prog_id=37 flags=0 ret=0 errno=0
[52.814901 pid=1937 tid=1953] native-loader jit-info prog_array-target fd=174 id=37 type=2 name=sys_dup_exit_ta tag=13a7ebaf932fe854 jited_len=12318 xlated_len=18704 nr_jited_ksyms=2 ksym0=0xffffffffc0439890 ksym1=0xffffffffc0401678
[52.815130 pid=1937 tid=1953] BPF_MAP_UPDATE_ELEM prog_array name=prog_array map_fd=27 map_id=140 key=8 prog_fd=273 prog_id=136 flags=0 ret=0 errno=0
[52.815238 pid=1937 tid=1953] native-loader jit-info prog_array-target fd=273 id=136 type=2 name=process_execute tag=fddfa7679b41b8e5 jited_len=11649 xlated_len=19456 nr_jited_ksyms=1 ksym0=0xffffffffc057e24c ksym1=0x0
[52.815358 pid=1937 tid=1953] BPF_MAP_UPDATE_ELEM prog_array name=sys_enter_init_ map_fd=10 map_id=123 key=0 prog_fd=60 prog_id=14 flags=0 ret=0 errno=0
[52.815544 pid=1937 tid=1953] native-loader jit-info prog_array-target fd=60 id=14 type=17 name=sys_enter_init tag=04cfd32a108dadfd jited_len=2524 xlated_len=4552 nr_jited_ksyms=1 ksym0=0xffffffffc0401914 ksym1=0x0
[52.815691 pid=1937 tid=1953] BPF_MAP_UPDATE_ELEM prog_array name=sys_enter_init_ map_fd=10 map_id=123 key=1 prog_fd=60 prog_id=14 flags=0 ret=0 errno=0
[52.815830 pid=1937 tid=1953] native-loader jit-info prog_array-target fd=60 id=14 type=17 name=sys_enter_init tag=04cfd32a108dadfd jited_len=2524 xlated_len=4552 nr_jited_ksyms=1 ksym0=0xffffffffc0401914 ksym1=0x0
[52.815934 pid=1937 tid=1953] BPF_MAP_UPDATE_ELEM prog_array name=sys_enter_init_ map_fd=10 map_id=123 key=2 prog_fd=60 prog_id=14 flags=0 ret=0 errno=0
[52.816032 pid=1937 tid=1953] native-loader jit-info prog_array-target fd=60 id=14 type=17 name=sys_enter_init tag=04cfd32a108dadfd jited_len=2524 xlated_len=4552 nr_jited_ksyms=1 ksym0=0xffffffffc0401914 ksym1=0x0
[52.816314 pid=1937 tid=1953] BPF_MAP_UPDATE_ELEM prog_array name=sys_enter_init_ map_fd=10 map_id=123 key=3 prog_fd=60 prog_id=14 flags=0 ret=0 errno=0
[52.816468 pid=1937 tid=1953] native-loader jit-info prog_array-target fd=60 id=14 type=17 name=sys_enter_init tag=04cfd32a108dadfd jited_len=2524 xlated_len=4552 nr_jited_ksyms=1 ksym0=0xffffffffc0401914 ksym1=0x0
[52.816584 pid=1937 tid=1953] BPF_MAP_UPDATE_ELEM prog_array name=sys_enter_init_ map_fd=10 map_id=123 key=4 prog_fd=60 prog_id=14 flags=0 ret=0 errno=0
[52.816732 pid=1937 tid=1953] native-loader jit-info prog_array-target fd=60 id=14 type=17 name=sys_enter_init tag=04cfd32a108dadfd jited_len=2524 xlated_len=4552 nr_jited_ksyms=1 ksym0=0xffffffffc0401914 ksym1=0x0
[52.816880 pid=1937 tid=1953] BPF_MAP_UPDATE_ELEM prog_array name=sys_enter_init_ map_fd=10 map_id=123 key=5 prog_fd=60 prog_id=14 flags=0 ret=0 errno=0
[52.816994 pid=1937 tid=1953] native-loader jit-info prog_array-target fd=60 id=14 type=17 name=sys_enter_init tag=04cfd32a108dadfd jited_len=2524 xlated_len=4552 nr_jited_ksyms=1 ksym0=0xffffffffc0401914 ksym1=0x0
[52.817116 pid=1937 tid=1953] BPF_MAP_UPDATE_ELEM prog_array name=sys_enter_init_ map_fd=10 map_id=123 key=6 prog_fd=60 prog_id=14 flags=0 ret=0 errno=0
[52.817260 pid=1937 tid=1953] native-loader jit-info prog_array-target fd=60 id=14 type=17 name=sys_enter_init tag=04cfd32a108dadfd jited_len=2524 xlated_len=4552 nr_jited_ksyms=1 ksym0=0xffffffffc0401914 ksym1=0x0
[52.817387 pid=1937 tid=1953] BPF_MAP_UPDATE_ELEM prog_array name=sys_enter_init_ map_fd=10 map_id=123 key=7 prog_fd=60 prog_id=14 flags=0 ret=0 errno=0
[52.817530 pid=1937 tid=1953] native-loader jit-info prog_array-target fd=60 id=14 type=17 name=sys_enter_init tag=04cfd32a108dadfd jited_len=2524 xlated_len=4552 nr_jited_ksyms=1 ksym0=0xffffffffc0401914 ksym1=0x0
[52.817649 pid=1937 tid=1953] BPF_MAP_UPDATE_ELEM prog_array name=sys_enter_init_ map_fd=10 map_id=123 key=8 prog_fd=60 prog_id=14 flags=0 ret=0 errno=0
[52.817762 pid=1937 tid=1953] native-loader jit-info prog_array-target fd=60 id=14 type=17 name=sys_enter_init tag=04cfd32a108dadfd jited_len=2524 xlated_len=4552 nr_jited_ksyms=1 ksym0=0xffffffffc0401914 ksym1=0x0
[52.817911 pid=1937 tid=1953] BPF_MAP_UPDATE_ELEM prog_array name=sys_enter_init_ map_fd=10 map_id=123 key=9 prog_fd=60 prog_id=14 flags=0 ret=0 errno=0
[52.818035 pid=1937 tid=1953] native-loader jit-info prog_array-target fd=60 id=14 type=17 name=sys_enter_init tag=04cfd32a108dadfd jited_len=2524 xlated_len=4552 nr_jited_ksyms=1 ksym0=0xffffffffc0401914 ksym1=0x0
[52.818155 pid=1937 tid=1953] BPF_MAP_UPDATE_ELEM prog_array name=sys_enter_init_ map_fd=10 map_id=123 key=10 prog_fd=60 prog_id=14 flags=0 ret=0 errno=0
[52.818278 pid=1937 tid=1953] native-loader jit-info prog_array-target fd=60 id=14 type=17 name=sys_enter_init tag=04cfd32a108dadfd jited_len=2524 xlated_len=4552 nr_jited_ksyms=1 ksym0=0xffffffffc0401914 ksym1=0x0
[52.818437 pid=1937 tid=1953] BPF_MAP_UPDATE_ELEM prog_array name=sys_enter_init_ map_fd=10 map_id=123 key=11 prog_fd=60 prog_id=14 flags=0 ret=0 errno=0
[52.818592 pid=1937 tid=1953] native-loader jit-info prog_array-target fd=60 id=14 type=17 name=sys_enter_init tag=04cfd32a108dadfd jited_len=2524 xlated_len=4552 nr_jited_ksyms=1 ksym0=0xffffffffc0401914 ksym1=0x0
[52.818753 pid=1937 tid=1953] BPF_MAP_UPDATE_ELEM prog_array name=sys_enter_init_ map_fd=10 map_id=123 key=12 prog_fd=60 prog_id=14 flags=0 ret=0 errno=0
[52.818897 pid=1937 tid=1953] native-loader jit-info prog_array-target fd=60 id=14 type=17 name=sys_enter_init tag=04cfd32a108dadfd jited_len=2524 xlated_len=4552 nr_jited_ksyms=1 ksym0=0xffffffffc0401914 ksym1=0x0
[52.819043 pid=1937 tid=1953] BPF_MAP_UPDATE_ELEM prog_array name=sys_enter_init_ map_fd=10 map_id=123 key=13 prog_fd=60 prog_id=14 flags=0 ret=0 errno=0
[52.819194 pid=1937 tid=1953] native-loader jit-info prog_array-target fd=60 id=14 type=17 name=sys_enter_init tag=04cfd32a108dadfd jited_len=2524 xlated_len=4552 nr_jited_ksyms=1 ksym0=0xffffffffc0401914 ksym1=0x0
[52.819346 pid=1937 tid=1953] BPF_MAP_UPDATE_ELEM prog_array name=sys_enter_init_ map_fd=10 map_id=123 key=14 prog_fd=60 prog_id=14 flags=0 ret=0 errno=0
[52.819540 pid=1937 tid=1953] native-loader jit-info prog_array-target fd=60 id=14 type=17 name=sys_enter_init tag=04cfd32a108dadfd jited_len=2524 xlated_len=4552 nr_jited_ksyms=1 ksym0=0xffffffffc0401914 ksym1=0x0
[52.819746 pid=1937 tid=1953] BPF_MAP_UPDATE_ELEM prog_array name=sys_enter_init_ map_fd=10 map_id=123 key=15 prog_fd=60 prog_id=14 flags=0 ret=0 errno=0
[52.819887 pid=1937 tid=1953] native-loader jit-info prog_array-target fd=60 id=14 type=17 name=sys_enter_init tag=04cfd32a108dadfd jited_len=2524 xlated_len=4552 nr_jited_ksyms=1 ksym0=0xffffffffc0401914 ksym1=0x0
[52.820038 pid=1937 tid=1953] BPF_MAP_UPDATE_ELEM prog_array name=sys_enter_init_ map_fd=10 map_id=123 key=16 prog_fd=60 prog_id=14 flags=0 ret=0 errno=0
[52.820179 pid=1937 tid=1953] native-loader jit-info prog_array-target fd=60 id=14 type=17 name=sys_enter_init tag=04cfd32a108dadfd jited_len=2524 xlated_len=4552 nr_jited_ksyms=1 ksym0=0xffffffffc0401914 ksym1=0x0
[52.820340 pid=1937 tid=1953] BPF_MAP_UPDATE_ELEM prog_array name=sys_enter_init_ map_fd=10 map_id=123 key=17 prog_fd=60 prog_id=14 flags=0 ret=0 errno=0
[52.820480 pid=1937 tid=1953] native-loader jit-info prog_array-target fd=60 id=14 type=17 name=sys_enter_init tag=04cfd32a108dadfd jited_len=2524 xlated_len=4552 nr_jited_ksyms=1 ksym0=0xffffffffc0401914 ksym1=0x0
[52.820631 pid=1937 tid=1953] BPF_MAP_UPDATE_ELEM prog_array name=sys_enter_init_ map_fd=10 map_id=123 key=18 prog_fd=60 prog_id=14 flags=0 ret=0 errno=0
[52.820772 pid=1937 tid=1953] native-loader jit-info prog_array-target fd=60 id=14 type=17 name=sys_enter_init tag=04cfd32a108dadfd jited_len=2524 xlated_len=4552 nr_jited_ksyms=1 ksym0=0xffffffffc0401914 ksym1=0x0
[52.820938 pid=1937 tid=1953] BPF_MAP_UPDATE_ELEM prog_array name=sys_enter_init_ map_fd=10 map_id=123 key=19 prog_fd=60 prog_id=14 flags=0 ret=0 errno=0
[52.821065 pid=1937 tid=1953] native-loader jit-info prog_array-target fd=60 id=14 type=17 name=sys_enter_init tag=04cfd32a108dadfd jited_len=2524 xlated_len=4552 nr_jited_ksyms=1 ksym0=0xffffffffc0401914 ksym1=0x0
[52.821192 pid=1937 tid=1953] BPF_MAP_UPDATE_ELEM prog_array name=sys_enter_init_ map_fd=10 map_id=123 key=20 prog_fd=60 prog_id=14 flags=0 ret=0 errno=0
[52.821363 pid=1937 tid=1953] native-loader jit-info prog_array-target fd=60 id=14 type=17 name=sys_enter_init tag=04cfd32a108dadfd jited_len=2524 xlated_len=4552 nr_jited_ksyms=1 ksym0=0xffffffffc0401914 ksym1=0x0
[52.821480 pid=1937 tid=1953] BPF_MAP_UPDATE_ELEM prog_array name=sys_enter_init_ map_fd=10 map_id=123 key=21 prog_fd=60 prog_id=14 flags=0 ret=0 errno=0
[52.821639 pid=1937 tid=1953] native-loader jit-info prog_array-target fd=60 id=14 type=17 name=sys_enter_init tag=04cfd32a108dadfd jited_len=2524 xlated_len=4552 nr_jited_ksyms=1 ksym0=0xffffffffc0401914 ksym1=0x0
[52.821763 pid=1937 tid=1953] BPF_MAP_UPDATE_ELEM prog_array name=sys_enter_init_ map_fd=10 map_id=123 key=22 prog_fd=60 prog_id=14 flags=0 ret=0 errno=0
[52.821887 pid=1937 tid=1953] native-loader jit-info prog_array-target fd=60 id=14 type=17 name=sys_enter_init tag=04cfd32a108dadfd jited_len=2524 xlated_len=4552 nr_jited_ksyms=1 ksym0=0xffffffffc0401914 ksym1=0x0
[52.822148 pid=1937 tid=1953] BPF_MAP_UPDATE_ELEM prog_array name=sys_enter_init_ map_fd=10 map_id=123 key=23 prog_fd=60 prog_id=14 flags=0 ret=0 errno=0
[52.822280 pid=1937 tid=1953] native-loader jit-info prog_array-target fd=60 id=14 type=17 name=sys_enter_init tag=04cfd32a108dadfd jited_len=2524 xlated_len=4552 nr_jited_ksyms=1 ksym0=0xffffffffc0401914 ksym1=0x0
[52.822414 pid=1937 tid=1953] BPF_MAP_UPDATE_ELEM prog_array name=sys_enter_init_ map_fd=10 map_id=123 key=24 prog_fd=60 prog_id=14 flags=0 ret=0 errno=0
[52.822714 pid=1937 tid=1953] native-loader jit-info prog_array-target fd=60 id=14 type=17 name=sys_enter_init tag=04cfd32a108dadfd jited_len=2524 xlated_len=4552 nr_jited_ksyms=1 ksym0=0xffffffffc0401914 ksym1=0x0
[52.822862 pid=1937 tid=1953] BPF_MAP_UPDATE_ELEM prog_array name=sys_enter_init_ map_fd=10 map_id=123 key=25 prog_fd=60 prog_id=14 flags=0 ret=0 errno=0
[52.822993 pid=1937 tid=1953] native-loader jit-info prog_array-target fd=60 id=14 type=17 name=sys_enter_init tag=04cfd32a108dadfd jited_len=2524 xlated_len=4552 nr_jited_ksyms=1 ksym0=0xffffffffc0401914 ksym1=0x0
[52.823116 pid=1937 tid=1953] BPF_MAP_UPDATE_ELEM prog_array name=sys_enter_init_ map_fd=10 map_id=123 key=26 prog_fd=60 prog_id=14 flags=0 ret=0 errno=0
[52.823277 pid=1937 tid=1953] native-loader jit-info prog_array-target fd=60 id=14 type=17 name=sys_enter_init tag=04cfd32a108dadfd jited_len=2524 xlated_len=4552 nr_jited_ksyms=1 ksym0=0xffffffffc0401914 ksym1=0x0
[52.823401 pid=1937 tid=1953] BPF_MAP_UPDATE_ELEM prog_array name=sys_enter_init_ map_fd=10 map_id=123 key=27 prog_fd=60 prog_id=14 flags=0 ret=0 errno=0
[52.823570 pid=1937 tid=1953] native-loader jit-info prog_array-target fd=60 id=14 type=17 name=sys_enter_init tag=04cfd32a108dadfd jited_len=2524 xlated_len=4552 nr_jited_ksyms=1 ksym0=0xffffffffc0401914 ksym1=0x0
[52.823673 pid=1937 tid=1953] BPF_MAP_UPDATE_ELEM prog_array name=sys_enter_init_ map_fd=10 map_id=123 key=28 prog_fd=60 prog_id=14 flags=0 ret=0 errno=0
[52.823798 pid=1937 tid=1953] native-loader jit-info prog_array-target fd=60 id=14 type=17 name=sys_enter_init tag=04cfd32a108dadfd jited_len=2524 xlated_len=4552 nr_jited_ksyms=1 ksym0=0xffffffffc0401914 ksym1=0x0
[52.824154 pid=1937 tid=1953] BPF_MAP_UPDATE_ELEM prog_array name=sys_enter_init_ map_fd=10 map_id=123 key=29 prog_fd=60 prog_id=14 flags=0 ret=0 errno=0
[52.824296 pid=1937 tid=1953] native-loader jit-info prog_array-target fd=60 id=14 type=17 name=sys_enter_init tag=04cfd32a108dadfd jited_len=2524 xlated_len=4552 nr_jited_ksyms=1 ksym0=0xffffffffc0401914 ksym1=0x0
[52.824395 pid=1937 tid=1953] BPF_MAP_UPDATE_ELEM prog_array name=sys_enter_init_ map_fd=10 map_id=123 key=30 prog_fd=60 prog_id=14 flags=0 ret=0 errno=0
[52.824516 pid=1937 tid=1953] native-loader jit-info prog_array-target fd=60 id=14 type=17 name=sys_enter_init tag=04cfd32a108dadfd jited_len=2524 xlated_len=4552 nr_jited_ksyms=1 ksym0=0xffffffffc0401914 ksym1=0x0
[52.824661 pid=1937 tid=1953] BPF_MAP_UPDATE_ELEM prog_array name=sys_enter_init_ map_fd=10 map_id=123 key=31 prog_fd=60 prog_id=14 flags=0 ret=0 errno=0
[52.824827 pid=1937 tid=1953] native-loader jit-info prog_array-target fd=60 id=14 type=17 name=sys_enter_init tag=04cfd32a108dadfd jited_len=2524 xlated_len=4552 nr_jited_ksyms=1 ksym0=0xffffffffc0401914 ksym1=0x0
[52.825666 pid=1937 tid=1953] BPF_MAP_UPDATE_ELEM prog_array name=sys_enter_init_ map_fd=10 map_id=123 key=34 prog_fd=60 prog_id=14 flags=0 ret=0 errno=0
[52.825930 pid=1937 tid=1953] native-loader jit-info prog_array-target fd=60 id=14 type=17 name=sys_enter_init tag=04cfd32a108dadfd jited_len=2524 xlated_len=4552 nr_jited_ksyms=1 ksym0=0xffffffffc0401914 ksym1=0x0
[52.826256 pid=1937 tid=1953] BPF_MAP_UPDATE_ELEM prog_array name=sys_enter_init_ map_fd=10 map_id=123 key=35 prog_fd=60 prog_id=14 flags=0 ret=0 errno=0
[52.826426 pid=1937 tid=1953] native-loader jit-info prog_array-target fd=60 id=14 type=17 name=sys_enter_init tag=04cfd32a108dadfd jited_len=2524 xlated_len=4552 nr_jited_ksyms=1 ksym0=0xffffffffc0401914 ksym1=0x0
[52.826740 pid=1937 tid=1953] BPF_MAP_UPDATE_ELEM prog_array name=sys_enter_init_ map_fd=10 map_id=123 key=36 prog_fd=60 prog_id=14 flags=0 ret=0 errno=0
[52.826988 pid=1937 tid=1953] native-loader jit-info prog_array-target fd=60 id=14 type=17 name=sys_enter_init tag=04cfd32a108dadfd jited_len=2524 xlated_len=4552 nr_jited_ksyms=1 ksym0=0xffffffffc0401914 ksym1=0x0
[52.827892 pid=1937 tid=1953] BPF_MAP_UPDATE_ELEM prog_array name=sys_enter_init_ map_fd=10 map_id=123 key=37 prog_fd=60 prog_id=14 flags=0 ret=0 errno=0
[52.828076 pid=1937 tid=1953] native-loader jit-info prog_array-target fd=60 id=14 type=17 name=sys_enter_init tag=04cfd32a108dadfd jited_len=2524 xlated_len=4552 nr_jited_ksyms=1 ksym0=0xffffffffc0401914 ksym1=0x0
[52.828431 pid=1937 tid=1953] BPF_MAP_UPDATE_ELEM prog_array name=sys_enter_init_ map_fd=10 map_id=123 key=38 prog_fd=60 prog_id=14 flags=0 ret=0 errno=0
[52.828590 pid=1937 tid=1953] native-loader jit-info prog_array-target fd=60 id=14 type=17 name=sys_enter_init tag=04cfd32a108dadfd jited_len=2524 xlated_len=4552 nr_jited_ksyms=1 ksym0=0xffffffffc0401914 ksym1=0x0
[52.829018 pid=1937 tid=1953] BPF_MAP_UPDATE_ELEM prog_array name=sys_enter_init_ map_fd=10 map_id=123 key=39 prog_fd=60 prog_id=14 flags=0 ret=0 errno=0
[52.829198 pid=1937 tid=1953] native-loader jit-info prog_array-target fd=60 id=14 type=17 name=sys_enter_init tag=04cfd32a108dadfd jited_len=2524 xlated_len=4552 nr_jited_ksyms=1 ksym0=0xffffffffc0401914 ksym1=0x0
[52.829381 pid=1937 tid=1953] BPF_MAP_UPDATE_ELEM prog_array name=sys_enter_init_ map_fd=10 map_id=123 key=40 prog_fd=60 prog_id=14 flags=0 ret=0 errno=0
[52.829519 pid=1937 tid=1953] native-loader jit-info prog_array-target fd=60 id=14 type=17 name=sys_enter_init tag=04cfd32a108dadfd jited_len=2524 xlated_len=4552 nr_jited_ksyms=1 ksym0=0xffffffffc0401914 ksym1=0x0
[52.829793 pid=1937 tid=1953] BPF_MAP_UPDATE_ELEM prog_array name=sys_enter_init_ map_fd=10 map_id=123 key=41 prog_fd=60 prog_id=14 flags=0 ret=0 errno=0
[52.829903 pid=1937 tid=1953] native-loader jit-info prog_array-target fd=60 id=14 type=17 name=sys_enter_init tag=04cfd32a108dadfd jited_len=2524 xlated_len=4552 nr_jited_ksyms=1 ksym0=0xffffffffc0401914 ksym1=0x0
[52.830062 pid=1937 tid=1953] BPF_MAP_UPDATE_ELEM prog_array name=sys_enter_init_ map_fd=10 map_id=123 key=42 prog_fd=60 prog_id=14 flags=0 ret=0 errno=0
[52.830232 pid=1937 tid=1953] native-loader jit-info prog_array-target fd=60 id=14 type=17 name=sys_enter_init tag=04cfd32a108dadfd jited_len=2524 xlated_len=4552 nr_jited_ksyms=1 ksym0=0xffffffffc0401914 ksym1=0x0
[52.830362 pid=1937 tid=1953] BPF_MAP_UPDATE_ELEM prog_array name=sys_enter_init_ map_fd=10 map_id=123 key=43 prog_fd=60 prog_id=14 flags=0 ret=0 errno=0
[52.830504 pid=1937 tid=1953] native-loader jit-info prog_array-target fd=60 id=14 type=17 name=sys_enter_init tag=04cfd32a108dadfd jited_len=2524 xlated_len=4552 nr_jited_ksyms=1 ksym0=0xffffffffc0401914 ksym1=0x0
[52.830632 pid=1937 tid=1953] BPF_MAP_UPDATE_ELEM prog_array name=sys_enter_init_ map_fd=10 map_id=123 key=44 prog_fd=60 prog_id=14 flags=0 ret=0 errno=0
[52.830755 pid=1937 tid=1953] native-loader jit-info prog_array-target fd=60 id=14 type=17 name=sys_enter_init tag=04cfd32a108dadfd jited_len=2524 xlated_len=4552 nr_jited_ksyms=1 ksym0=0xffffffffc0401914 ksym1=0x0
[52.831051 pid=1937 tid=1953] BPF_MAP_UPDATE_ELEM prog_array name=sys_enter_init_ map_fd=10 map_id=123 key=45 prog_fd=60 prog_id=14 flags=0 ret=0 errno=0
[52.831207 pid=1937 tid=1953] native-loader jit-info prog_array-target fd=60 id=14 type=17 name=sys_enter_init tag=04cfd32a108dadfd jited_len=2524 xlated_len=4552 nr_jited_ksyms=1 ksym0=0xffffffffc0401914 ksym1=0x0
[52.831332 pid=1937 tid=1953] BPF_MAP_UPDATE_ELEM prog_array name=sys_enter_init_ map_fd=10 map_id=123 key=46 prog_fd=60 prog_id=14 flags=0 ret=0 errno=0
[52.832311 pid=1937 tid=1953] native-loader jit-info prog_array-target fd=60 id=14 type=17 name=sys_enter_init tag=04cfd32a108dadfd jited_len=2524 xlated_len=4552 nr_jited_ksyms=1 ksym0=0xffffffffc0401914 ksym1=0x0
[52.832708 pid=1937 tid=1953] BPF_MAP_UPDATE_ELEM prog_array name=sys_enter_init_ map_fd=10 map_id=123 key=47 prog_fd=60 prog_id=14 flags=0 ret=0 errno=0
[52.832956 pid=1937 tid=1953] native-loader jit-info prog_array-target fd=60 id=14 type=17 name=sys_enter_init tag=04cfd32a108dadfd jited_len=2524 xlated_len=4552 nr_jited_ksyms=1 ksym0=0xffffffffc0401914 ksym1=0x0
[52.833104 pid=1937 tid=1953] BPF_MAP_UPDATE_ELEM prog_array name=sys_enter_init_ map_fd=10 map_id=123 key=48 prog_fd=60 prog_id=14 flags=0 ret=0 errno=0
[52.833282 pid=1937 tid=1953] native-loader jit-info prog_array-target fd=60 id=14 type=17 name=sys_enter_init tag=04cfd32a108dadfd jited_len=2524 xlated_len=4552 nr_jited_ksyms=1 ksym0=0xffffffffc0401914 ksym1=0x0
[52.833406 pid=1937 tid=1953] BPF_MAP_UPDATE_ELEM prog_array name=sys_enter_init_ map_fd=10 map_id=123 key=49 prog_fd=60 prog_id=14 flags=0 ret=0 errno=0
[52.833574 pid=1937 tid=1953] native-loader jit-info prog_array-target fd=60 id=14 type=17 name=sys_enter_init tag=04cfd32a108dadfd jited_len=2524 xlated_len=4552 nr_jited_ksyms=1 ksym0=0xffffffffc0401914 ksym1=0x0
[52.833693 pid=1937 tid=1953] BPF_MAP_UPDATE_ELEM prog_array name=sys_enter_init_ map_fd=10 map_id=123 key=50 prog_fd=60 prog_id=14 flags=0 ret=0 errno=0
[52.833815 pid=1937 tid=1953] native-loader jit-info prog_array-target fd=60 id=14 type=17 name=sys_enter_init tag=04cfd32a108dadfd jited_len=2524 xlated_len=4552 nr_jited_ksyms=1 ksym0=0xffffffffc0401914 ksym1=0x0
[52.834175 pid=1937 tid=1953] BPF_MAP_UPDATE_ELEM prog_array name=sys_enter_init_ map_fd=10 map_id=123 key=51 prog_fd=60 prog_id=14 flags=0 ret=0 errno=0
[52.834443 pid=1937 tid=1953] native-loader jit-info prog_array-target fd=60 id=14 type=17 name=sys_enter_init tag=04cfd32a108dadfd jited_len=2524 xlated_len=4552 nr_jited_ksyms=1 ksym0=0xffffffffc0401914 ksym1=0x0
[52.834594 pid=1937 tid=1953] BPF_MAP_UPDATE_ELEM prog_array name=sys_enter_init_ map_fd=10 map_id=123 key=52 prog_fd=60 prog_id=14 flags=0 ret=0 errno=0
[52.834728 pid=1937 tid=1953] native-loader jit-info prog_array-target fd=60 id=14 type=17 name=sys_enter_init tag=04cfd32a108dadfd jited_len=2524 xlated_len=4552 nr_jited_ksyms=1 ksym0=0xffffffffc0401914 ksym1=0x0
[52.834883 pid=1937 tid=1953] BPF_MAP_UPDATE_ELEM prog_array name=sys_enter_init_ map_fd=10 map_id=123 key=53 prog_fd=60 prog_id=14 flags=0 ret=0 errno=0
[52.835049 pid=1937 tid=1953] native-loader jit-info prog_array-target fd=60 id=14 type=17 name=sys_enter_init tag=04cfd32a108dadfd jited_len=2524 xlated_len=4552 nr_jited_ksyms=1 ksym0=0xffffffffc0401914 ksym1=0x0
[52.835761 pid=1937 tid=1953] BPF_MAP_UPDATE_ELEM prog_array name=sys_enter_init_ map_fd=10 map_id=123 key=54 prog_fd=60 prog_id=14 flags=0 ret=0 errno=0
[52.836643 pid=1937 tid=1953] native-loader jit-info prog_array-target fd=60 id=14 type=17 name=sys_enter_init tag=04cfd32a108dadfd jited_len=2524 xlated_len=4552 nr_jited_ksyms=1 ksym0=0xffffffffc0401914 ksym1=0x0
[52.837260 pid=1937 tid=1953] BPF_MAP_UPDATE_ELEM prog_array name=sys_enter_init_ map_fd=10 map_id=123 key=55 prog_fd=60 prog_id=14 flags=0 ret=0 errno=0
[52.837549 pid=1937 tid=1953] native-loader jit-info prog_array-target fd=60 id=14 type=17 name=sys_enter_init tag=04cfd32a108dadfd jited_len=2524 xlated_len=4552 nr_jited_ksyms=1 ksym0=0xffffffffc0401914 ksym1=0x0
[52.838106 pid=1937 tid=1953] BPF_MAP_UPDATE_ELEM prog_array name=sys_enter_init_ map_fd=10 map_id=123 key=56 prog_fd=60 prog_id=14 flags=0 ret=0 errno=0
[52.838308 pid=1937 tid=1953] native-loader jit-info prog_array-target fd=60 id=14 type=17 name=sys_enter_init tag=04cfd32a108dadfd jited_len=2524 xlated_len=4552 nr_jited_ksyms=1 ksym0=0xffffffffc0401914 ksym1=0x0
[52.839095 pid=1937 tid=1953] BPF_MAP_UPDATE_ELEM prog_array name=sys_enter_init_ map_fd=10 map_id=123 key=57 prog_fd=60 prog_id=14 flags=0 ret=0 errno=0
[52.839263 pid=1937 tid=1953] native-loader jit-info prog_array-target fd=60 id=14 type=17 name=sys_enter_init tag=04cfd32a108dadfd jited_len=2524 xlated_len=4552 nr_jited_ksyms=1 ksym0=0xffffffffc0401914 ksym1=0x0
[52.839827 pid=1937 tid=1953] BPF_MAP_UPDATE_ELEM prog_array name=sys_enter_init_ map_fd=10 map_id=123 key=58 prog_fd=60 prog_id=14 flags=0 ret=0 errno=0
[52.840023 pid=1937 tid=1953] native-loader jit-info prog_array-target fd=60 id=14 type=17 name=sys_enter_init tag=04cfd32a108dadfd jited_len=2524 xlated_len=4552 nr_jited_ksyms=1 ksym0=0xffffffffc0401914 ksym1=0x0
[52.840506 pid=1937 tid=1953] BPF_MAP_UPDATE_ELEM prog_array name=sys_enter_init_ map_fd=10 map_id=123 key=59 prog_fd=60 prog_id=14 flags=0 ret=0 errno=0
[52.840633 pid=1937 tid=1953] native-loader jit-info prog_array-target fd=60 id=14 type=17 name=sys_enter_init tag=04cfd32a108dadfd jited_len=2524 xlated_len=4552 nr_jited_ksyms=1 ksym0=0xffffffffc0401914 ksym1=0x0
[52.841288 pid=1937 tid=1953] BPF_MAP_UPDATE_ELEM prog_array name=sys_enter_init_ map_fd=10 map_id=123 key=60 prog_fd=60 prog_id=14 flags=0 ret=0 errno=0
[52.841456 pid=1937 tid=1953] native-loader jit-info prog_array-target fd=60 id=14 type=17 name=sys_enter_init tag=04cfd32a108dadfd jited_len=2524 xlated_len=4552 nr_jited_ksyms=1 ksym0=0xffffffffc0401914 ksym1=0x0
[52.842112 pid=1937 tid=1953] BPF_MAP_UPDATE_ELEM prog_array name=sys_enter_init_ map_fd=10 map_id=123 key=61 prog_fd=60 prog_id=14 flags=0 ret=0 errno=0
[52.842251 pid=1937 tid=1953] native-loader jit-info prog_array-target fd=60 id=14 type=17 name=sys_enter_init tag=04cfd32a108dadfd jited_len=2524 xlated_len=4552 nr_jited_ksyms=1 ksym0=0xffffffffc0401914 ksym1=0x0
[52.842386 pid=1937 tid=1953] BPF_MAP_UPDATE_ELEM prog_array name=sys_enter_init_ map_fd=10 map_id=123 key=62 prog_fd=60 prog_id=14 flags=0 ret=0 errno=0
[52.842512 pid=1937 tid=1953] native-loader jit-info prog_array-target fd=60 id=14 type=17 name=sys_enter_init tag=04cfd32a108dadfd jited_len=2524 xlated_len=4552 nr_jited_ksyms=1 ksym0=0xffffffffc0401914 ksym1=0x0
[52.842615 pid=1937 tid=1953] BPF_MAP_UPDATE_ELEM prog_array name=sys_enter_init_ map_fd=10 map_id=123 key=63 prog_fd=60 prog_id=14 flags=0 ret=0 errno=0
[52.842753 pid=1937 tid=1953] native-loader jit-info prog_array-target fd=60 id=14 type=17 name=sys_enter_init tag=04cfd32a108dadfd jited_len=2524 xlated_len=4552 nr_jited_ksyms=1 ksym0=0xffffffffc0401914 ksym1=0x0
[52.842877 pid=1937 tid=1953] BPF_MAP_UPDATE_ELEM prog_array name=sys_enter_init_ map_fd=10 map_id=123 key=64 prog_fd=60 prog_id=14 flags=0 ret=0 errno=0
[52.843004 pid=1937 tid=1953] native-loader jit-info prog_array-target fd=60 id=14 type=17 name=sys_enter_init tag=04cfd32a108dadfd jited_len=2524 xlated_len=4552 nr_jited_ksyms=1 ksym0=0xffffffffc0401914 ksym1=0x0
[52.843776 pid=1937 tid=1953] BPF_MAP_UPDATE_ELEM prog_array name=sys_enter_init_ map_fd=10 map_id=123 key=65 prog_fd=60 prog_id=14 flags=0 ret=0 errno=0
[52.843886 pid=1937 tid=1953] native-loader jit-info prog_array-target fd=60 id=14 type=17 name=sys_enter_init tag=04cfd32a108dadfd jited_len=2524 xlated_len=4552 nr_jited_ksyms=1 ksym0=0xffffffffc0401914 ksym1=0x0
[52.844023 pid=1937 tid=1953] BPF_MAP_UPDATE_ELEM prog_array name=sys_enter_init_ map_fd=10 map_id=123 key=66 prog_fd=60 prog_id=14 flags=0 ret=0 errno=0
[52.844797 pid=1937 tid=1953] native-loader jit-info prog_array-target fd=60 id=14 type=17 name=sys_enter_init tag=04cfd32a108dadfd jited_len=2524 xlated_len=4552 nr_jited_ksyms=1 ksym0=0xffffffffc0401914 ksym1=0x0
[52.845546 pid=1937 tid=1953] BPF_MAP_UPDATE_ELEM prog_array name=sys_enter_init_ map_fd=10 map_id=123 key=67 prog_fd=60 prog_id=14 flags=0 ret=0 errno=0
[52.845703 pid=1937 tid=1953] native-loader jit-info prog_array-target fd=60 id=14 type=17 name=sys_enter_init tag=04cfd32a108dadfd jited_len=2524 xlated_len=4552 nr_jited_ksyms=1 ksym0=0xffffffffc0401914 ksym1=0x0
[52.845832 pid=1937 tid=1953] BPF_MAP_UPDATE_ELEM prog_array name=sys_enter_init_ map_fd=10 map_id=123 key=68 prog_fd=60 prog_id=14 flags=0 ret=0 errno=0
[52.846010 pid=1937 tid=1953] native-loader jit-info prog_array-target fd=60 id=14 type=17 name=sys_enter_init tag=04cfd32a108dadfd jited_len=2524 xlated_len=4552 nr_jited_ksyms=1 ksym0=0xffffffffc0401914 ksym1=0x0
[52.846185 pid=1937 tid=1953] BPF_MAP_UPDATE_ELEM prog_array name=sys_enter_init_ map_fd=10 map_id=123 key=69 prog_fd=60 prog_id=14 flags=0 ret=0 errno=0
[52.846305 pid=1937 tid=1953] native-loader jit-info prog_array-target fd=60 id=14 type=17 name=sys_enter_init tag=04cfd32a108dadfd jited_len=2524 xlated_len=4552 nr_jited_ksyms=1 ksym0=0xffffffffc0401914 ksym1=0x0
[52.846427 pid=1937 tid=1953] BPF_MAP_UPDATE_ELEM prog_array name=sys_enter_init_ map_fd=10 map_id=123 key=70 prog_fd=60 prog_id=14 flags=0 ret=0 errno=0
[52.846565 pid=1937 tid=1953] native-loader jit-info prog_array-target fd=60 id=14 type=17 name=sys_enter_init tag=04cfd32a108dadfd jited_len=2524 xlated_len=4552 nr_jited_ksyms=1 ksym0=0xffffffffc0401914 ksym1=0x0
[52.847339 pid=1937 tid=1953] BPF_MAP_UPDATE_ELEM prog_array name=sys_enter_init_ map_fd=10 map_id=123 key=71 prog_fd=60 prog_id=14 flags=0 ret=0 errno=0
[52.847479 pid=1937 tid=1953] native-loader jit-info prog_array-target fd=60 id=14 type=17 name=sys_enter_init tag=04cfd32a108dadfd jited_len=2524 xlated_len=4552 nr_jited_ksyms=1 ksym0=0xffffffffc0401914 ksym1=0x0
[52.847593 pid=1937 tid=1953] BPF_MAP_UPDATE_ELEM prog_array name=sys_enter_init_ map_fd=10 map_id=123 key=72 prog_fd=60 prog_id=14 flags=0 ret=0 errno=0
[52.847723 pid=1937 tid=1953] native-loader jit-info prog_array-target fd=60 id=14 type=17 name=sys_enter_init tag=04cfd32a108dadfd jited_len=2524 xlated_len=4552 nr_jited_ksyms=1 ksym0=0xffffffffc0401914 ksym1=0x0
[52.847875 pid=1937 tid=1953] BPF_MAP_UPDATE_ELEM prog_array name=sys_enter_init_ map_fd=10 map_id=123 key=73 prog_fd=60 prog_id=14 flags=0 ret=0 errno=0
[52.847973 pid=1937 tid=1953] native-loader jit-info prog_array-target fd=60 id=14 type=17 name=sys_enter_init tag=04cfd32a108dadfd jited_len=2524 xlated_len=4552 nr_jited_ksyms=1 ksym0=0xffffffffc0401914 ksym1=0x0
[52.848789 pid=1937 tid=1953] BPF_MAP_UPDATE_ELEM prog_array name=sys_enter_init_ map_fd=10 map_id=123 key=74 prog_fd=60 prog_id=14 flags=0 ret=0 errno=0
[52.849588 pid=1937 tid=1953] native-loader jit-info prog_array-target fd=60 id=14 type=17 name=sys_enter_init tag=04cfd32a108dadfd jited_len=2524 xlated_len=4552 nr_jited_ksyms=1 ksym0=0xffffffffc0401914 ksym1=0x0
[52.849915 pid=1937 tid=1953] BPF_MAP_UPDATE_ELEM prog_array name=sys_enter_init_ map_fd=10 map_id=123 key=75 prog_fd=60 prog_id=14 flags=0 ret=0 errno=0
[52.850088 pid=1937 tid=1953] native-loader jit-info prog_array-target fd=60 id=14 type=17 name=sys_enter_init tag=04cfd32a108dadfd jited_len=2524 xlated_len=4552 nr_jited_ksyms=1 ksym0=0xffffffffc0401914 ksym1=0x0
[52.850808 pid=1937 tid=1953] BPF_MAP_UPDATE_ELEM prog_array name=sys_enter_init_ map_fd=10 map_id=123 key=76 prog_fd=60 prog_id=14 flags=0 ret=0 errno=0
[52.850997 pid=1937 tid=1953] native-loader jit-info prog_array-target fd=60 id=14 type=17 name=sys_enter_init tag=04cfd32a108dadfd jited_len=2524 xlated_len=4552 nr_jited_ksyms=1 ksym0=0xffffffffc0401914 ksym1=0x0
[52.851800 pid=1937 tid=1953] BPF_MAP_UPDATE_ELEM prog_array name=sys_enter_init_ map_fd=10 map_id=123 key=77 prog_fd=60 prog_id=14 flags=0 ret=0 errno=0
[52.851958 pid=1937 tid=1953] native-loader jit-info prog_array-target fd=60 id=14 type=17 name=sys_enter_init tag=04cfd32a108dadfd jited_len=2524 xlated_len=4552 nr_jited_ksyms=1 ksym0=0xffffffffc0401914 ksym1=0x0
[52.852560 pid=1937 tid=1953] BPF_MAP_UPDATE_ELEM prog_array name=sys_enter_init_ map_fd=10 map_id=123 key=78 prog_fd=60 prog_id=14 flags=0 ret=0 errno=0
[52.852739 pid=1937 tid=1953] native-loader jit-info prog_array-target fd=60 id=14 type=17 name=sys_enter_init tag=04cfd32a108dadfd jited_len=2524 xlated_len=4552 nr_jited_ksyms=1 ksym0=0xffffffffc0401914 ksym1=0x0
[52.852995 pid=1937 tid=1953] BPF_MAP_UPDATE_ELEM prog_array name=sys_enter_init_ map_fd=10 map_id=123 key=79 prog_fd=60 prog_id=14 flags=0 ret=0 errno=0
[52.853120 pid=1937 tid=1953] native-loader jit-info prog_array-target fd=60 id=14 type=17 name=sys_enter_init tag=04cfd32a108dadfd jited_len=2524 xlated_len=4552 nr_jited_ksyms=1 ksym0=0xffffffffc0401914 ksym1=0x0
[52.854005 pid=1937 tid=1953] BPF_MAP_UPDATE_ELEM prog_array name=sys_enter_init_ map_fd=10 map_id=123 key=80 prog_fd=60 prog_id=14 flags=0 ret=0 errno=0
[52.854187 pid=1937 tid=1953] native-loader jit-info prog_array-target fd=60 id=14 type=17 name=sys_enter_init tag=04cfd32a108dadfd jited_len=2524 xlated_len=4552 nr_jited_ksyms=1 ksym0=0xffffffffc0401914 ksym1=0x0
[52.854809 pid=1937 tid=1953] BPF_MAP_UPDATE_ELEM prog_array name=sys_enter_init_ map_fd=10 map_id=123 key=81 prog_fd=60 prog_id=14 flags=0 ret=0 errno=0
[52.854946 pid=1937 tid=1953] native-loader jit-info prog_array-target fd=60 id=14 type=17 name=sys_enter_init tag=04cfd32a108dadfd jited_len=2524 xlated_len=4552 nr_jited_ksyms=1 ksym0=0xffffffffc0401914 ksym1=0x0
[52.855079 pid=1937 tid=1953] BPF_MAP_UPDATE_ELEM prog_array name=sys_enter_init_ map_fd=10 map_id=123 key=82 prog_fd=60 prog_id=14 flags=0 ret=0 errno=0
[52.855391 pid=1937 tid=1953] native-loader jit-info prog_array-target fd=60 id=14 type=17 name=sys_enter_init tag=04cfd32a108dadfd jited_len=2524 xlated_len=4552 nr_jited_ksyms=1 ksym0=0xffffffffc0401914 ksym1=0x0
[52.855497 pid=1937 tid=1953] BPF_MAP_UPDATE_ELEM prog_array name=sys_enter_init_ map_fd=10 map_id=123 key=83 prog_fd=60 prog_id=14 flags=0 ret=0 errno=0
[52.855654 pid=1937 tid=1953] native-loader jit-info prog_array-target fd=60 id=14 type=17 name=sys_enter_init tag=04cfd32a108dadfd jited_len=2524 xlated_len=4552 nr_jited_ksyms=1 ksym0=0xffffffffc0401914 ksym1=0x0
[52.855758 pid=1937 tid=1953] BPF_MAP_UPDATE_ELEM prog_array name=sys_enter_init_ map_fd=10 map_id=123 key=84 prog_fd=60 prog_id=14 flags=0 ret=0 errno=0
[52.855877 pid=1937 tid=1953] native-loader jit-info prog_array-target fd=60 id=14 type=17 name=sys_enter_init tag=04cfd32a108dadfd jited_len=2524 xlated_len=4552 nr_jited_ksyms=1 ksym0=0xffffffffc0401914 ksym1=0x0
[52.856314 pid=1937 tid=1953] BPF_MAP_UPDATE_ELEM prog_array name=sys_enter_init_ map_fd=10 map_id=123 key=85 prog_fd=60 prog_id=14 flags=0 ret=0 errno=0
[52.856427 pid=1937 tid=1953] native-loader jit-info prog_array-target fd=60 id=14 type=17 name=sys_enter_init tag=04cfd32a108dadfd jited_len=2524 xlated_len=4552 nr_jited_ksyms=1 ksym0=0xffffffffc0401914 ksym1=0x0
[52.856570 pid=1937 tid=1953] BPF_MAP_UPDATE_ELEM prog_array name=sys_enter_init_ map_fd=10 map_id=123 key=86 prog_fd=60 prog_id=14 flags=0 ret=0 errno=0
[52.857013 pid=1937 tid=1953] native-loader jit-info prog_array-target fd=60 id=14 type=17 name=sys_enter_init tag=04cfd32a108dadfd jited_len=2524 xlated_len=4552 nr_jited_ksyms=1 ksym0=0xffffffffc0401914 ksym1=0x0
[52.857682 pid=1937 tid=1953] BPF_MAP_UPDATE_ELEM prog_array name=sys_enter_init_ map_fd=10 map_id=123 key=87 prog_fd=60 prog_id=14 flags=0 ret=0 errno=0
[52.857819 pid=1937 tid=1953] native-loader jit-info prog_array-target fd=60 id=14 type=17 name=sys_enter_init tag=04cfd32a108dadfd jited_len=2524 xlated_len=4552 nr_jited_ksyms=1 ksym0=0xffffffffc0401914 ksym1=0x0
[52.857944 pid=1937 tid=1953] BPF_MAP_UPDATE_ELEM prog_array name=sys_enter_init_ map_fd=10 map_id=123 key=88 prog_fd=60 prog_id=14 flags=0 ret=0 errno=0
[52.858135 pid=1937 tid=1953] native-loader jit-info prog_array-target fd=60 id=14 type=17 name=sys_enter_init tag=04cfd32a108dadfd jited_len=2524 xlated_len=4552 nr_jited_ksyms=1 ksym0=0xffffffffc0401914 ksym1=0x0
[52.858261 pid=1937 tid=1953] BPF_MAP_UPDATE_ELEM prog_array name=sys_enter_init_ map_fd=10 map_id=123 key=89 prog_fd=60 prog_id=14 flags=0 ret=0 errno=0
[52.858384 pid=1937 tid=1953] native-loader jit-info prog_array-target fd=60 id=14 type=17 name=sys_enter_init tag=04cfd32a108dadfd jited_len=2524 xlated_len=4552 nr_jited_ksyms=1 ksym0=0xffffffffc0401914 ksym1=0x0
[52.858505 pid=1937 tid=1953] BPF_MAP_UPDATE_ELEM prog_array name=sys_enter_init_ map_fd=10 map_id=123 key=90 prog_fd=60 prog_id=14 flags=0 ret=0 errno=0
[52.858659 pid=1937 tid=1953] native-loader jit-info prog_array-target fd=60 id=14 type=17 name=sys_enter_init tag=04cfd32a108dadfd jited_len=2524 xlated_len=4552 nr_jited_ksyms=1 ksym0=0xffffffffc0401914 ksym1=0x0
[52.859464 pid=1937 tid=1953] BPF_MAP_UPDATE_ELEM prog_array name=sys_enter_init_ map_fd=10 map_id=123 key=91 prog_fd=60 prog_id=14 flags=0 ret=0 errno=0
[52.859698 pid=1937 tid=1953] native-loader jit-info prog_array-target fd=60 id=14 type=17 name=sys_enter_init tag=04cfd32a108dadfd jited_len=2524 xlated_len=4552 nr_jited_ksyms=1 ksym0=0xffffffffc0401914 ksym1=0x0
[52.859857 pid=1937 tid=1953] BPF_MAP_UPDATE_ELEM prog_array name=sys_enter_init_ map_fd=10 map_id=123 key=92 prog_fd=60 prog_id=14 flags=0 ret=0 errno=0
[52.860023 pid=1937 tid=1953] native-loader jit-info prog_array-target fd=60 id=14 type=17 name=sys_enter_init tag=04cfd32a108dadfd jited_len=2524 xlated_len=4552 nr_jited_ksyms=1 ksym0=0xffffffffc0401914 ksym1=0x0
[52.860269 pid=1937 tid=1953] BPF_MAP_UPDATE_ELEM prog_array name=sys_enter_init_ map_fd=10 map_id=123 key=93 prog_fd=60 prog_id=14 flags=0 ret=0 errno=0
[52.860422 pid=1937 tid=1953] native-loader jit-info prog_array-target fd=60 id=14 type=17 name=sys_enter_init tag=04cfd32a108dadfd jited_len=2524 xlated_len=4552 nr_jited_ksyms=1 ksym0=0xffffffffc0401914 ksym1=0x0
[52.861152 pid=1937 tid=1953] BPF_MAP_UPDATE_ELEM prog_array name=sys_enter_init_ map_fd=10 map_id=123 key=94 prog_fd=60 prog_id=14 flags=0 ret=0 errno=0
[52.861969 pid=1937 tid=1953] native-loader jit-info prog_array-target fd=60 id=14 type=17 name=sys_enter_init tag=04cfd32a108dadfd jited_len=2524 xlated_len=4552 nr_jited_ksyms=1 ksym0=0xffffffffc0401914 ksym1=0x0
[52.862721 pid=1937 tid=1953] BPF_MAP_UPDATE_ELEM prog_array name=sys_enter_init_ map_fd=10 map_id=123 key=95 prog_fd=60 prog_id=14 flags=0 ret=0 errno=0
[52.863359 pid=1937 tid=1953] native-loader jit-info prog_array-target fd=60 id=14 type=17 name=sys_enter_init tag=04cfd32a108dadfd jited_len=2524 xlated_len=4552 nr_jited_ksyms=1 ksym0=0xffffffffc0401914 ksym1=0x0
[52.864115 pid=1937 tid=1953] BPF_MAP_UPDATE_ELEM prog_array name=sys_enter_init_ map_fd=10 map_id=123 key=96 prog_fd=60 prog_id=14 flags=0 ret=0 errno=0
[52.864265 pid=1937 tid=1953] native-loader jit-info prog_array-target fd=60 id=14 type=17 name=sys_enter_init tag=04cfd32a108dadfd jited_len=2524 xlated_len=4552 nr_jited_ksyms=1 ksym0=0xffffffffc0401914 ksym1=0x0
[52.865039 pid=1937 tid=1953] BPF_MAP_UPDATE_ELEM prog_array name=sys_enter_init_ map_fd=10 map_id=123 key=97 prog_fd=60 prog_id=14 flags=0 ret=0 errno=0
[52.865196 pid=1937 tid=1953] native-loader jit-info prog_array-target fd=60 id=14 type=17 name=sys_enter_init tag=04cfd32a108dadfd jited_len=2524 xlated_len=4552 nr_jited_ksyms=1 ksym0=0xffffffffc0401914 ksym1=0x0
[52.865902 pid=1937 tid=1953] BPF_MAP_UPDATE_ELEM prog_array name=sys_enter_init_ map_fd=10 map_id=123 key=98 prog_fd=60 prog_id=14 flags=0 ret=0 errno=0
[52.866040 pid=1937 tid=1953] native-loader jit-info prog_array-target fd=60 id=14 type=17 name=sys_enter_init tag=04cfd32a108dadfd jited_len=2524 xlated_len=4552 nr_jited_ksyms=1 ksym0=0xffffffffc0401914 ksym1=0x0
[52.866885 pid=1937 tid=1953] BPF_MAP_UPDATE_ELEM prog_array name=sys_enter_init_ map_fd=10 map_id=123 key=99 prog_fd=60 prog_id=14 flags=0 ret=0 errno=0
[52.867012 pid=1937 tid=1953] native-loader jit-info prog_array-target fd=60 id=14 type=17 name=sys_enter_init tag=04cfd32a108dadfd jited_len=2524 xlated_len=4552 nr_jited_ksyms=1 ksym0=0xffffffffc0401914 ksym1=0x0
[52.867795 pid=1937 tid=1953] BPF_MAP_UPDATE_ELEM prog_array name=sys_enter_init_ map_fd=10 map_id=123 key=100 prog_fd=60 prog_id=14 flags=0 ret=0 errno=0
[52.867924 pid=1937 tid=1953] native-loader jit-info prog_array-target fd=60 id=14 type=17 name=sys_enter_init tag=04cfd32a108dadfd jited_len=2524 xlated_len=4552 nr_jited_ksyms=1 ksym0=0xffffffffc0401914 ksym1=0x0
[52.868886 pid=1937 tid=1953] BPF_MAP_UPDATE_ELEM prog_array name=sys_enter_init_ map_fd=10 map_id=123 key=102 prog_fd=60 prog_id=14 flags=0 ret=0 errno=0
[52.869061 pid=1937 tid=1953] native-loader jit-info prog_array-target fd=60 id=14 type=17 name=sys_enter_init tag=04cfd32a108dadfd jited_len=2524 xlated_len=4552 nr_jited_ksyms=1 ksym0=0xffffffffc0401914 ksym1=0x0
[52.869211 pid=1937 tid=1953] BPF_MAP_UPDATE_ELEM prog_array name=sys_enter_init_ map_fd=10 map_id=123 key=103 prog_fd=60 prog_id=14 flags=0 ret=0 errno=0
[52.869457 pid=1937 tid=1953] native-loader jit-info prog_array-target fd=60 id=14 type=17 name=sys_enter_init tag=04cfd32a108dadfd jited_len=2524 xlated_len=4552 nr_jited_ksyms=1 ksym0=0xffffffffc0401914 ksym1=0x0
[52.869633 pid=1937 tid=1953] BPF_MAP_UPDATE_ELEM prog_array name=sys_enter_init_ map_fd=10 map_id=123 key=104 prog_fd=60 prog_id=14 flags=0 ret=0 errno=0
[52.869816 pid=1937 tid=1953] native-loader jit-info prog_array-target fd=60 id=14 type=17 name=sys_enter_init tag=04cfd32a108dadfd jited_len=2524 xlated_len=4552 nr_jited_ksyms=1 ksym0=0xffffffffc0401914 ksym1=0x0
[52.869974 pid=1937 tid=1953] BPF_MAP_UPDATE_ELEM prog_array name=sys_enter_init_ map_fd=10 map_id=123 key=105 prog_fd=60 prog_id=14 flags=0 ret=0 errno=0
[52.870140 pid=1937 tid=1953] native-loader jit-info prog_array-target fd=60 id=14 type=17 name=sys_enter_init tag=04cfd32a108dadfd jited_len=2524 xlated_len=4552 nr_jited_ksyms=1 ksym0=0xffffffffc0401914 ksym1=0x0
[52.870851 pid=1937 tid=1953] BPF_MAP_UPDATE_ELEM prog_array name=sys_enter_init_ map_fd=10 map_id=123 key=106 prog_fd=60 prog_id=14 flags=0 ret=0 errno=0
[52.871046 pid=1937 tid=1953] native-loader jit-info prog_array-target fd=60 id=14 type=17 name=sys_enter_init tag=04cfd32a108dadfd jited_len=2524 xlated_len=4552 nr_jited_ksyms=1 ksym0=0xffffffffc0401914 ksym1=0x0
[52.871224 pid=1937 tid=1953] BPF_MAP_UPDATE_ELEM prog_array name=sys_enter_init_ map_fd=10 map_id=123 key=107 prog_fd=60 prog_id=14 flags=0 ret=0 errno=0
[52.871973 pid=1937 tid=1953] native-loader jit-info prog_array-target fd=60 id=14 type=17 name=sys_enter_init tag=04cfd32a108dadfd jited_len=2524 xlated_len=4552 nr_jited_ksyms=1 ksym0=0xffffffffc0401914 ksym1=0x0
[52.872139 pid=1937 tid=1953] BPF_MAP_UPDATE_ELEM prog_array name=sys_enter_init_ map_fd=10 map_id=123 key=108 prog_fd=60 prog_id=14 flags=0 ret=0 errno=0
[52.872297 pid=1937 tid=1953] native-loader jit-info prog_array-target fd=60 id=14 type=17 name=sys_enter_init tag=04cfd32a108dadfd jited_len=2524 xlated_len=4552 nr_jited_ksyms=1 ksym0=0xffffffffc0401914 ksym1=0x0
[52.872449 pid=1937 tid=1953] BPF_MAP_UPDATE_ELEM prog_array name=sys_enter_init_ map_fd=10 map_id=123 key=109 prog_fd=60 prog_id=14 flags=0 ret=0 errno=0
[52.872600 pid=1937 tid=1953] native-loader jit-info prog_array-target fd=60 id=14 type=17 name=sys_enter_init tag=04cfd32a108dadfd jited_len=2524 xlated_len=4552 nr_jited_ksyms=1 ksym0=0xffffffffc0401914 ksym1=0x0
[52.872752 pid=1937 tid=1953] BPF_MAP_UPDATE_ELEM prog_array name=sys_enter_init_ map_fd=10 map_id=123 key=110 prog_fd=60 prog_id=14 flags=0 ret=0 errno=0
[52.872906 pid=1937 tid=1953] native-loader jit-info prog_array-target fd=60 id=14 type=17 name=sys_enter_init tag=04cfd32a108dadfd jited_len=2524 xlated_len=4552 nr_jited_ksyms=1 ksym0=0xffffffffc0401914 ksym1=0x0
[52.873057 pid=1937 tid=1953] BPF_MAP_UPDATE_ELEM prog_array name=sys_enter_init_ map_fd=10 map_id=123 key=111 prog_fd=60 prog_id=14 flags=0 ret=0 errno=0
[52.873199 pid=1937 tid=1953] native-loader jit-info prog_array-target fd=60 id=14 type=17 name=sys_enter_init tag=04cfd32a108dadfd jited_len=2524 xlated_len=4552 nr_jited_ksyms=1 ksym0=0xffffffffc0401914 ksym1=0x0
[52.873645 pid=1937 tid=1953] BPF_MAP_UPDATE_ELEM prog_array name=sys_enter_init_ map_fd=10 map_id=123 key=112 prog_fd=60 prog_id=14 flags=0 ret=0 errno=0
[52.873803 pid=1937 tid=1953] native-loader jit-info prog_array-target fd=60 id=14 type=17 name=sys_enter_init tag=04cfd32a108dadfd jited_len=2524 xlated_len=4552 nr_jited_ksyms=1 ksym0=0xffffffffc0401914 ksym1=0x0
[52.873950 pid=1937 tid=1953] BPF_MAP_UPDATE_ELEM prog_array name=sys_enter_init_ map_fd=10 map_id=123 key=113 prog_fd=60 prog_id=14 flags=0 ret=0 errno=0
[52.874103 pid=1937 tid=1953] native-loader jit-info prog_array-target fd=60 id=14 type=17 name=sys_enter_init tag=04cfd32a108dadfd jited_len=2524 xlated_len=4552 nr_jited_ksyms=1 ksym0=0xffffffffc0401914 ksym1=0x0
[52.874389 pid=1937 tid=1953] BPF_MAP_UPDATE_ELEM prog_array name=sys_enter_init_ map_fd=10 map_id=123 key=114 prog_fd=60 prog_id=14 flags=0 ret=0 errno=0
[52.874600 pid=1937 tid=1953] native-loader jit-info prog_array-target fd=60 id=14 type=17 name=sys_enter_init tag=04cfd32a108dadfd jited_len=2524 xlated_len=4552 nr_jited_ksyms=1 ksym0=0xffffffffc0401914 ksym1=0x0
[52.874769 pid=1937 tid=1953] BPF_MAP_UPDATE_ELEM prog_array name=sys_enter_init_ map_fd=10 map_id=123 key=115 prog_fd=60 prog_id=14 flags=0 ret=0 errno=0
[52.875119 pid=1937 tid=1953] native-loader jit-info prog_array-target fd=60 id=14 type=17 name=sys_enter_init tag=04cfd32a108dadfd jited_len=2524 xlated_len=4552 nr_jited_ksyms=1 ksym0=0xffffffffc0401914 ksym1=0x0
[52.875292 pid=1937 tid=1953] BPF_MAP_UPDATE_ELEM prog_array name=sys_enter_init_ map_fd=10 map_id=123 key=116 prog_fd=60 prog_id=14 flags=0 ret=0 errno=0
[52.875423 pid=1937 tid=1953] native-loader jit-info prog_array-target fd=60 id=14 type=17 name=sys_enter_init tag=04cfd32a108dadfd jited_len=2524 xlated_len=4552 nr_jited_ksyms=1 ksym0=0xffffffffc0401914 ksym1=0x0
[52.875549 pid=1937 tid=1953] BPF_MAP_UPDATE_ELEM prog_array name=sys_enter_init_ map_fd=10 map_id=123 key=117 prog_fd=60 prog_id=14 flags=0 ret=0 errno=0
[52.875703 pid=1937 tid=1953] native-loader jit-info prog_array-target fd=60 id=14 type=17 name=sys_enter_init tag=04cfd32a108dadfd jited_len=2524 xlated_len=4552 nr_jited_ksyms=1 ksym0=0xffffffffc0401914 ksym1=0x0
[52.875859 pid=1937 tid=1953] BPF_MAP_UPDATE_ELEM prog_array name=sys_enter_init_ map_fd=10 map_id=123 key=118 prog_fd=60 prog_id=14 flags=0 ret=0 errno=0
[52.876015 pid=1937 tid=1953] native-loader jit-info prog_array-target fd=60 id=14 type=17 name=sys_enter_init tag=04cfd32a108dadfd jited_len=2524 xlated_len=4552 nr_jited_ksyms=1 ksym0=0xffffffffc0401914 ksym1=0x0
[52.876167 pid=1937 tid=1953] BPF_MAP_UPDATE_ELEM prog_array name=sys_enter_init_ map_fd=10 map_id=123 key=119 prog_fd=60 prog_id=14 flags=0 ret=0 errno=0
[52.876328 pid=1937 tid=1953] native-loader jit-info prog_array-target fd=60 id=14 type=17 name=sys_enter_init tag=04cfd32a108dadfd jited_len=2524 xlated_len=4552 nr_jited_ksyms=1 ksym0=0xffffffffc0401914 ksym1=0x0
[52.876435 pid=1937 tid=1953] BPF_MAP_UPDATE_ELEM prog_array name=sys_enter_init_ map_fd=10 map_id=123 key=120 prog_fd=60 prog_id=14 flags=0 ret=0 errno=0
[52.876586 pid=1937 tid=1953] native-loader jit-info prog_array-target fd=60 id=14 type=17 name=sys_enter_init tag=04cfd32a108dadfd jited_len=2524 xlated_len=4552 nr_jited_ksyms=1 ksym0=0xffffffffc0401914 ksym1=0x0
[52.876707 pid=1937 tid=1953] BPF_MAP_UPDATE_ELEM prog_array name=sys_enter_init_ map_fd=10 map_id=123 key=121 prog_fd=60 prog_id=14 flags=0 ret=0 errno=0
[52.876861 pid=1937 tid=1953] native-loader jit-info prog_array-target fd=60 id=14 type=17 name=sys_enter_init tag=04cfd32a108dadfd jited_len=2524 xlated_len=4552 nr_jited_ksyms=1 ksym0=0xffffffffc0401914 ksym1=0x0
[52.876988 pid=1937 tid=1953] BPF_MAP_UPDATE_ELEM prog_array name=sys_enter_init_ map_fd=10 map_id=123 key=122 prog_fd=60 prog_id=14 flags=0 ret=0 errno=0
[52.877143 pid=1937 tid=1953] native-loader jit-info prog_array-target fd=60 id=14 type=17 name=sys_enter_init tag=04cfd32a108dadfd jited_len=2524 xlated_len=4552 nr_jited_ksyms=1 ksym0=0xffffffffc0401914 ksym1=0x0
[52.877298 pid=1937 tid=1953] BPF_MAP_UPDATE_ELEM prog_array name=sys_enter_init_ map_fd=10 map_id=123 key=123 prog_fd=60 prog_id=14 flags=0 ret=0 errno=0
[52.877452 pid=1937 tid=1953] native-loader jit-info prog_array-target fd=60 id=14 type=17 name=sys_enter_init tag=04cfd32a108dadfd jited_len=2524 xlated_len=4552 nr_jited_ksyms=1 ksym0=0xffffffffc0401914 ksym1=0x0
[52.877602 pid=1937 tid=1953] BPF_MAP_UPDATE_ELEM prog_array name=sys_enter_init_ map_fd=10 map_id=123 key=124 prog_fd=60 prog_id=14 flags=0 ret=0 errno=0
[52.877780 pid=1937 tid=1953] native-loader jit-info prog_array-target fd=60 id=14 type=17 name=sys_enter_init tag=04cfd32a108dadfd jited_len=2524 xlated_len=4552 nr_jited_ksyms=1 ksym0=0xffffffffc0401914 ksym1=0x0
[52.877930 pid=1937 tid=1953] BPF_MAP_UPDATE_ELEM prog_array name=sys_enter_init_ map_fd=10 map_id=123 key=125 prog_fd=60 prog_id=14 flags=0 ret=0 errno=0
[52.878099 pid=1937 tid=1953] native-loader jit-info prog_array-target fd=60 id=14 type=17 name=sys_enter_init tag=04cfd32a108dadfd jited_len=2524 xlated_len=4552 nr_jited_ksyms=1 ksym0=0xffffffffc0401914 ksym1=0x0
[52.878436 pid=1937 tid=1953] BPF_MAP_UPDATE_ELEM prog_array name=sys_enter_init_ map_fd=10 map_id=123 key=126 prog_fd=60 prog_id=14 flags=0 ret=0 errno=0
[52.878594 pid=1937 tid=1953] native-loader jit-info prog_array-target fd=60 id=14 type=17 name=sys_enter_init tag=04cfd32a108dadfd jited_len=2524 xlated_len=4552 nr_jited_ksyms=1 ksym0=0xffffffffc0401914 ksym1=0x0
[52.878745 pid=1937 tid=1953] BPF_MAP_UPDATE_ELEM prog_array name=sys_enter_init_ map_fd=10 map_id=123 key=127 prog_fd=60 prog_id=14 flags=0 ret=0 errno=0
[52.879412 pid=1937 tid=1953] native-loader jit-info prog_array-target fd=60 id=14 type=17 name=sys_enter_init tag=04cfd32a108dadfd jited_len=2524 xlated_len=4552 nr_jited_ksyms=1 ksym0=0xffffffffc0401914 ksym1=0x0
[52.879560 pid=1937 tid=1953] BPF_MAP_UPDATE_ELEM prog_array name=sys_enter_init_ map_fd=10 map_id=123 key=128 prog_fd=60 prog_id=14 flags=0 ret=0 errno=0
[52.879697 pid=1937 tid=1953] native-loader jit-info prog_array-target fd=60 id=14 type=17 name=sys_enter_init tag=04cfd32a108dadfd jited_len=2524 xlated_len=4552 nr_jited_ksyms=1 ksym0=0xffffffffc0401914 ksym1=0x0
[52.879870 pid=1937 tid=1953] BPF_MAP_UPDATE_ELEM prog_array name=sys_enter_init_ map_fd=10 map_id=123 key=129 prog_fd=60 prog_id=14 flags=0 ret=0 errno=0
[52.880072 pid=1937 tid=1953] native-loader jit-info prog_array-target fd=60 id=14 type=17 name=sys_enter_init tag=04cfd32a108dadfd jited_len=2524 xlated_len=4552 nr_jited_ksyms=1 ksym0=0xffffffffc0401914 ksym1=0x0
[52.880232 pid=1937 tid=1953] BPF_MAP_UPDATE_ELEM prog_array name=sys_enter_init_ map_fd=10 map_id=123 key=130 prog_fd=60 prog_id=14 flags=0 ret=0 errno=0
[52.880391 pid=1937 tid=1953] native-loader jit-info prog_array-target fd=60 id=14 type=17 name=sys_enter_init tag=04cfd32a108dadfd jited_len=2524 xlated_len=4552 nr_jited_ksyms=1 ksym0=0xffffffffc0401914 ksym1=0x0
[52.880512 pid=1937 tid=1953] BPF_MAP_UPDATE_ELEM prog_array name=sys_enter_init_ map_fd=10 map_id=123 key=131 prog_fd=60 prog_id=14 flags=0 ret=0 errno=0
[52.880655 pid=1937 tid=1953] native-loader jit-info prog_array-target fd=60 id=14 type=17 name=sys_enter_init tag=04cfd32a108dadfd jited_len=2524 xlated_len=4552 nr_jited_ksyms=1 ksym0=0xffffffffc0401914 ksym1=0x0
[52.881269 pid=1937 tid=1953] BPF_MAP_UPDATE_ELEM prog_array name=sys_enter_init_ map_fd=10 map_id=123 key=132 prog_fd=60 prog_id=14 flags=0 ret=0 errno=0
[52.881426 pid=1937 tid=1953] native-loader jit-info prog_array-target fd=60 id=14 type=17 name=sys_enter_init tag=04cfd32a108dadfd jited_len=2524 xlated_len=4552 nr_jited_ksyms=1 ksym0=0xffffffffc0401914 ksym1=0x0
[52.881575 pid=1937 tid=1953] BPF_MAP_UPDATE_ELEM prog_array name=sys_enter_init_ map_fd=10 map_id=123 key=133 prog_fd=60 prog_id=14 flags=0 ret=0 errno=0
[52.881717 pid=1937 tid=1953] native-loader jit-info prog_array-target fd=60 id=14 type=17 name=sys_enter_init tag=04cfd32a108dadfd jited_len=2524 xlated_len=4552 nr_jited_ksyms=1 ksym0=0xffffffffc0401914 ksym1=0x0
[52.881973 pid=1937 tid=1953] BPF_MAP_UPDATE_ELEM prog_array name=sys_enter_init_ map_fd=10 map_id=123 key=134 prog_fd=60 prog_id=14 flags=0 ret=0 errno=0
[52.882130 pid=1937 tid=1953] native-loader jit-info prog_array-target fd=60 id=14 type=17 name=sys_enter_init tag=04cfd32a108dadfd jited_len=2524 xlated_len=4552 nr_jited_ksyms=1 ksym0=0xffffffffc0401914 ksym1=0x0
[52.882656 pid=1937 tid=1953] BPF_MAP_UPDATE_ELEM prog_array name=sys_enter_init_ map_fd=10 map_id=123 key=135 prog_fd=60 prog_id=14 flags=0 ret=0 errno=0
[52.882945 pid=1937 tid=1953] native-loader jit-info prog_array-target fd=60 id=14 type=17 name=sys_enter_init tag=04cfd32a108dadfd jited_len=2524 xlated_len=4552 nr_jited_ksyms=1 ksym0=0xffffffffc0401914 ksym1=0x0
[52.883110 pid=1937 tid=1953] BPF_MAP_UPDATE_ELEM prog_array name=sys_enter_init_ map_fd=10 map_id=123 key=136 prog_fd=60 prog_id=14 flags=0 ret=0 errno=0
[52.883311 pid=1937 tid=1953] native-loader jit-info prog_array-target fd=60 id=14 type=17 name=sys_enter_init tag=04cfd32a108dadfd jited_len=2524 xlated_len=4552 nr_jited_ksyms=1 ksym0=0xffffffffc0401914 ksym1=0x0
[52.883454 pid=1937 tid=1953] BPF_MAP_UPDATE_ELEM prog_array name=sys_enter_init_ map_fd=10 map_id=123 key=137 prog_fd=60 prog_id=14 flags=0 ret=0 errno=0
[52.883597 pid=1937 tid=1953] native-loader jit-info prog_array-target fd=60 id=14 type=17 name=sys_enter_init tag=04cfd32a108dadfd jited_len=2524 xlated_len=4552 nr_jited_ksyms=1 ksym0=0xffffffffc0401914 ksym1=0x0
[52.883767 pid=1937 tid=1953] BPF_MAP_UPDATE_ELEM prog_array name=sys_enter_init_ map_fd=10 map_id=123 key=138 prog_fd=60 prog_id=14 flags=0 ret=0 errno=0
[52.883922 pid=1937 tid=1953] native-loader jit-info prog_array-target fd=60 id=14 type=17 name=sys_enter_init tag=04cfd32a108dadfd jited_len=2524 xlated_len=4552 nr_jited_ksyms=1 ksym0=0xffffffffc0401914 ksym1=0x0
[52.884091 pid=1937 tid=1953] BPF_MAP_UPDATE_ELEM prog_array name=sys_enter_init_ map_fd=10 map_id=123 key=139 prog_fd=60 prog_id=14 flags=0 ret=0 errno=0
[52.884234 pid=1937 tid=1953] native-loader jit-info prog_array-target fd=60 id=14 type=17 name=sys_enter_init tag=04cfd32a108dadfd jited_len=2524 xlated_len=4552 nr_jited_ksyms=1 ksym0=0xffffffffc0401914 ksym1=0x0
[52.884559 pid=1937 tid=1953] BPF_MAP_UPDATE_ELEM prog_array name=sys_enter_init_ map_fd=10 map_id=123 key=140 prog_fd=60 prog_id=14 flags=0 ret=0 errno=0
[52.884727 pid=1937 tid=1953] native-loader jit-info prog_array-target fd=60 id=14 type=17 name=sys_enter_init tag=04cfd32a108dadfd jited_len=2524 xlated_len=4552 nr_jited_ksyms=1 ksym0=0xffffffffc0401914 ksym1=0x0
[52.884890 pid=1937 tid=1953] BPF_MAP_UPDATE_ELEM prog_array name=sys_enter_init_ map_fd=10 map_id=123 key=141 prog_fd=60 prog_id=14 flags=0 ret=0 errno=0
[52.885045 pid=1937 tid=1953] native-loader jit-info prog_array-target fd=60 id=14 type=17 name=sys_enter_init tag=04cfd32a108dadfd jited_len=2524 xlated_len=4552 nr_jited_ksyms=1 ksym0=0xffffffffc0401914 ksym1=0x0
[52.885177 pid=1937 tid=1953] BPF_MAP_UPDATE_ELEM prog_array name=sys_enter_init_ map_fd=10 map_id=123 key=142 prog_fd=60 prog_id=14 flags=0 ret=0 errno=0
[52.885328 pid=1937 tid=1953] native-loader jit-info prog_array-target fd=60 id=14 type=17 name=sys_enter_init tag=04cfd32a108dadfd jited_len=2524 xlated_len=4552 nr_jited_ksyms=1 ksym0=0xffffffffc0401914 ksym1=0x0
[52.885463 pid=1937 tid=1953] BPF_MAP_UPDATE_ELEM prog_array name=sys_enter_init_ map_fd=10 map_id=123 key=143 prog_fd=60 prog_id=14 flags=0 ret=0 errno=0
[52.885589 pid=1937 tid=1953] native-loader jit-info prog_array-target fd=60 id=14 type=17 name=sys_enter_init tag=04cfd32a108dadfd jited_len=2524 xlated_len=4552 nr_jited_ksyms=1 ksym0=0xffffffffc0401914 ksym1=0x0
[52.885724 pid=1937 tid=1953] BPF_MAP_UPDATE_ELEM prog_array name=sys_enter_init_ map_fd=10 map_id=123 key=144 prog_fd=60 prog_id=14 flags=0 ret=0 errno=0
[52.885899 pid=1937 tid=1953] native-loader jit-info prog_array-target fd=60 id=14 type=17 name=sys_enter_init tag=04cfd32a108dadfd jited_len=2524 xlated_len=4552 nr_jited_ksyms=1 ksym0=0xffffffffc0401914 ksym1=0x0
[52.886032 pid=1937 tid=1953] BPF_MAP_UPDATE_ELEM prog_array name=sys_enter_init_ map_fd=10 map_id=123 key=145 prog_fd=60 prog_id=14 flags=0 ret=0 errno=0
[52.886166 pid=1937 tid=1953] native-loader jit-info prog_array-target fd=60 id=14 type=17 name=sys_enter_init tag=04cfd32a108dadfd jited_len=2524 xlated_len=4552 nr_jited_ksyms=1 ksym0=0xffffffffc0401914 ksym1=0x0
[52.886724 pid=1937 tid=1953] BPF_MAP_UPDATE_ELEM prog_array name=sys_enter_init_ map_fd=10 map_id=123 key=146 prog_fd=60 prog_id=14 flags=0 ret=0 errno=0
[52.886882 pid=1937 tid=1953] native-loader jit-info prog_array-target fd=60 id=14 type=17 name=sys_enter_init tag=04cfd32a108dadfd jited_len=2524 xlated_len=4552 nr_jited_ksyms=1 ksym0=0xffffffffc0401914 ksym1=0x0
[52.887076 pid=1937 tid=1953] BPF_MAP_UPDATE_ELEM prog_array name=sys_enter_init_ map_fd=10 map_id=123 key=147 prog_fd=60 prog_id=14 flags=0 ret=0 errno=0
[52.887880 pid=1937 tid=1953] native-loader jit-info prog_array-target fd=60 id=14 type=17 name=sys_enter_init tag=04cfd32a108dadfd jited_len=2524 xlated_len=4552 nr_jited_ksyms=1 ksym0=0xffffffffc0401914 ksym1=0x0
[52.888190 pid=1937 tid=1953] BPF_MAP_UPDATE_ELEM prog_array name=sys_enter_init_ map_fd=10 map_id=123 key=148 prog_fd=60 prog_id=14 flags=0 ret=0 errno=0
[52.888346 pid=1937 tid=1953] native-loader jit-info prog_array-target fd=60 id=14 type=17 name=sys_enter_init tag=04cfd32a108dadfd jited_len=2524 xlated_len=4552 nr_jited_ksyms=1 ksym0=0xffffffffc0401914 ksym1=0x0
[52.888528 pid=1937 tid=1953] BPF_MAP_UPDATE_ELEM prog_array name=sys_enter_init_ map_fd=10 map_id=123 key=149 prog_fd=60 prog_id=14 flags=0 ret=0 errno=0
[52.888654 pid=1937 tid=1953] native-loader jit-info prog_array-target fd=60 id=14 type=17 name=sys_enter_init tag=04cfd32a108dadfd jited_len=2524 xlated_len=4552 nr_jited_ksyms=1 ksym0=0xffffffffc0401914 ksym1=0x0
[52.888805 pid=1937 tid=1953] BPF_MAP_UPDATE_ELEM prog_array name=sys_enter_init_ map_fd=10 map_id=123 key=150 prog_fd=60 prog_id=14 flags=0 ret=0 errno=0
[52.888950 pid=1937 tid=1953] native-loader jit-info prog_array-target fd=60 id=14 type=17 name=sys_enter_init tag=04cfd32a108dadfd jited_len=2524 xlated_len=4552 nr_jited_ksyms=1 ksym0=0xffffffffc0401914 ksym1=0x0
[52.889082 pid=1937 tid=1953] BPF_MAP_UPDATE_ELEM prog_array name=sys_enter_init_ map_fd=10 map_id=123 key=151 prog_fd=60 prog_id=14 flags=0 ret=0 errno=0
[52.889236 pid=1937 tid=1953] native-loader jit-info prog_array-target fd=60 id=14 type=17 name=sys_enter_init tag=04cfd32a108dadfd jited_len=2524 xlated_len=4552 nr_jited_ksyms=1 ksym0=0xffffffffc0401914 ksym1=0x0
[52.889632 pid=1937 tid=1953] BPF_MAP_UPDATE_ELEM prog_array name=sys_enter_init_ map_fd=10 map_id=123 key=152 prog_fd=60 prog_id=14 flags=0 ret=0 errno=0
[52.889772 pid=1937 tid=1953] native-loader jit-info prog_array-target fd=60 id=14 type=17 name=sys_enter_init tag=04cfd32a108dadfd jited_len=2524 xlated_len=4552 nr_jited_ksyms=1 ksym0=0xffffffffc0401914 ksym1=0x0
[52.889909 pid=1937 tid=1953] BPF_MAP_UPDATE_ELEM prog_array name=sys_enter_init_ map_fd=10 map_id=123 key=153 prog_fd=60 prog_id=14 flags=0 ret=0 errno=0
[52.890047 pid=1937 tid=1953] native-loader jit-info prog_array-target fd=60 id=14 type=17 name=sys_enter_init tag=04cfd32a108dadfd jited_len=2524 xlated_len=4552 nr_jited_ksyms=1 ksym0=0xffffffffc0401914 ksym1=0x0
[52.890319 pid=1937 tid=1953] BPF_MAP_UPDATE_ELEM prog_array name=sys_enter_init_ map_fd=10 map_id=123 key=154 prog_fd=60 prog_id=14 flags=0 ret=0 errno=0
[52.890449 pid=1937 tid=1953] native-loader jit-info prog_array-target fd=60 id=14 type=17 name=sys_enter_init tag=04cfd32a108dadfd jited_len=2524 xlated_len=4552 nr_jited_ksyms=1 ksym0=0xffffffffc0401914 ksym1=0x0
[52.890845 pid=1937 tid=1953] BPF_MAP_UPDATE_ELEM prog_array name=sys_enter_init_ map_fd=10 map_id=123 key=155 prog_fd=60 prog_id=14 flags=0 ret=0 errno=0
[52.891154 pid=1937 tid=1953] native-loader jit-info prog_array-target fd=60 id=14 type=17 name=sys_enter_init tag=04cfd32a108dadfd jited_len=2524 xlated_len=4552 nr_jited_ksyms=1 ksym0=0xffffffffc0401914 ksym1=0x0
[52.891581 pid=1937 tid=1953] BPF_MAP_UPDATE_ELEM prog_array name=sys_enter_init_ map_fd=10 map_id=123 key=156 prog_fd=60 prog_id=14 flags=0 ret=0 errno=0
[52.892523 pid=1937 tid=1953] native-loader jit-info prog_array-target fd=60 id=14 type=17 name=sys_enter_init tag=04cfd32a108dadfd jited_len=2524 xlated_len=4552 nr_jited_ksyms=1 ksym0=0xffffffffc0401914 ksym1=0x0
[52.893180 pid=1937 tid=1953] BPF_MAP_UPDATE_ELEM prog_array name=sys_enter_init_ map_fd=10 map_id=123 key=157 prog_fd=60 prog_id=14 flags=0 ret=0 errno=0
[52.893357 pid=1937 tid=1953] native-loader jit-info prog_array-target fd=60 id=14 type=17 name=sys_enter_init tag=04cfd32a108dadfd jited_len=2524 xlated_len=4552 nr_jited_ksyms=1 ksym0=0xffffffffc0401914 ksym1=0x0
[52.893859 pid=1937 tid=1953] BPF_MAP_UPDATE_ELEM prog_array name=sys_enter_init_ map_fd=10 map_id=123 key=159 prog_fd=60 prog_id=14 flags=0 ret=0 errno=0
[52.894017 pid=1937 tid=1953] native-loader jit-info prog_array-target fd=60 id=14 type=17 name=sys_enter_init tag=04cfd32a108dadfd jited_len=2524 xlated_len=4552 nr_jited_ksyms=1 ksym0=0xffffffffc0401914 ksym1=0x0
[52.894576 pid=1937 tid=1953] BPF_MAP_UPDATE_ELEM prog_array name=sys_enter_init_ map_fd=10 map_id=123 key=160 prog_fd=60 prog_id=14 flags=0 ret=0 errno=0
[52.894721 pid=1937 tid=1953] native-loader jit-info prog_array-target fd=60 id=14 type=17 name=sys_enter_init tag=04cfd32a108dadfd jited_len=2524 xlated_len=4552 nr_jited_ksyms=1 ksym0=0xffffffffc0401914 ksym1=0x0
[52.894903 pid=1937 tid=1953] BPF_MAP_UPDATE_ELEM prog_array name=sys_enter_init_ map_fd=10 map_id=123 key=161 prog_fd=60 prog_id=14 flags=0 ret=0 errno=0
[52.895033 pid=1937 tid=1953] native-loader jit-info prog_array-target fd=60 id=14 type=17 name=sys_enter_init tag=04cfd32a108dadfd jited_len=2524 xlated_len=4552 nr_jited_ksyms=1 ksym0=0xffffffffc0401914 ksym1=0x0
[52.895252 pid=1937 tid=1953] BPF_MAP_UPDATE_ELEM prog_array name=sys_enter_init_ map_fd=10 map_id=123 key=162 prog_fd=60 prog_id=14 flags=0 ret=0 errno=0
[52.895403 pid=1937 tid=1953] native-loader jit-info prog_array-target fd=60 id=14 type=17 name=sys_enter_init tag=04cfd32a108dadfd jited_len=2524 xlated_len=4552 nr_jited_ksyms=1 ksym0=0xffffffffc0401914 ksym1=0x0
[52.895919 pid=1937 tid=1953] BPF_MAP_UPDATE_ELEM prog_array name=sys_enter_init_ map_fd=10 map_id=123 key=163 prog_fd=60 prog_id=14 flags=0 ret=0 errno=0
[52.896063 pid=1937 tid=1953] native-loader jit-info prog_array-target fd=60 id=14 type=17 name=sys_enter_init tag=04cfd32a108dadfd jited_len=2524 xlated_len=4552 nr_jited_ksyms=1 ksym0=0xffffffffc0401914 ksym1=0x0
[52.896209 pid=1937 tid=1953] BPF_MAP_UPDATE_ELEM prog_array name=sys_enter_init_ map_fd=10 map_id=123 key=164 prog_fd=60 prog_id=14 flags=0 ret=0 errno=0
[52.896368 pid=1937 tid=1953] native-loader jit-info prog_array-target fd=60 id=14 type=17 name=sys_enter_init tag=04cfd32a108dadfd jited_len=2524 xlated_len=4552 nr_jited_ksyms=1 ksym0=0xffffffffc0401914 ksym1=0x0
[52.896503 pid=1937 tid=1953] BPF_MAP_UPDATE_ELEM prog_array name=sys_enter_init_ map_fd=10 map_id=123 key=165 prog_fd=60 prog_id=14 flags=0 ret=0 errno=0
[52.896680 pid=1937 tid=1953] native-loader jit-info prog_array-target fd=60 id=14 type=17 name=sys_enter_init tag=04cfd32a108dadfd jited_len=2524 xlated_len=4552 nr_jited_ksyms=1 ksym0=0xffffffffc0401914 ksym1=0x0
[52.896815 pid=1937 tid=1953] BPF_MAP_UPDATE_ELEM prog_array name=sys_enter_init_ map_fd=10 map_id=123 key=166 prog_fd=60 prog_id=14 flags=0 ret=0 errno=0
[52.896949 pid=1937 tid=1953] native-loader jit-info prog_array-target fd=60 id=14 type=17 name=sys_enter_init tag=04cfd32a108dadfd jited_len=2524 xlated_len=4552 nr_jited_ksyms=1 ksym0=0xffffffffc0401914 ksym1=0x0
[52.897268 pid=1937 tid=1953] BPF_MAP_UPDATE_ELEM prog_array name=sys_enter_init_ map_fd=10 map_id=123 key=167 prog_fd=60 prog_id=14 flags=0 ret=0 errno=0
[52.897418 pid=1937 tid=1953] native-loader jit-info prog_array-target fd=60 id=14 type=17 name=sys_enter_init tag=04cfd32a108dadfd jited_len=2524 xlated_len=4552 nr_jited_ksyms=1 ksym0=0xffffffffc0401914 ksym1=0x0
[52.897555 pid=1937 tid=1953] BPF_MAP_UPDATE_ELEM prog_array name=sys_enter_init_ map_fd=10 map_id=123 key=168 prog_fd=60 prog_id=14 flags=0 ret=0 errno=0
[52.897890 pid=1937 tid=1953] native-loader jit-info prog_array-target fd=60 id=14 type=17 name=sys_enter_init tag=04cfd32a108dadfd jited_len=2524 xlated_len=4552 nr_jited_ksyms=1 ksym0=0xffffffffc0401914 ksym1=0x0
[52.898331 pid=1937 tid=1953] BPF_MAP_UPDATE_ELEM prog_array name=sys_enter_init_ map_fd=10 map_id=123 key=169 prog_fd=60 prog_id=14 flags=0 ret=0 errno=0
[52.898476 pid=1937 tid=1953] native-loader jit-info prog_array-target fd=60 id=14 type=17 name=sys_enter_init tag=04cfd32a108dadfd jited_len=2524 xlated_len=4552 nr_jited_ksyms=1 ksym0=0xffffffffc0401914 ksym1=0x0
[52.898668 pid=1937 tid=1953] BPF_MAP_UPDATE_ELEM prog_array name=sys_enter_init_ map_fd=10 map_id=123 key=170 prog_fd=60 prog_id=14 flags=0 ret=0 errno=0
[52.898822 pid=1937 tid=1953] native-loader jit-info prog_array-target fd=60 id=14 type=17 name=sys_enter_init tag=04cfd32a108dadfd jited_len=2524 xlated_len=4552 nr_jited_ksyms=1 ksym0=0xffffffffc0401914 ksym1=0x0
[52.898997 pid=1937 tid=1953] BPF_MAP_UPDATE_ELEM prog_array name=sys_enter_init_ map_fd=10 map_id=123 key=171 prog_fd=60 prog_id=14 flags=0 ret=0 errno=0
[52.899141 pid=1937 tid=1953] native-loader jit-info prog_array-target fd=60 id=14 type=17 name=sys_enter_init tag=04cfd32a108dadfd jited_len=2524 xlated_len=4552 nr_jited_ksyms=1 ksym0=0xffffffffc0401914 ksym1=0x0
[52.899276 pid=1937 tid=1953] BPF_MAP_UPDATE_ELEM prog_array name=sys_enter_init_ map_fd=10 map_id=123 key=172 prog_fd=60 prog_id=14 flags=0 ret=0 errno=0
[52.899434 pid=1937 tid=1953] native-loader jit-info prog_array-target fd=60 id=14 type=17 name=sys_enter_init tag=04cfd32a108dadfd jited_len=2524 xlated_len=4552 nr_jited_ksyms=1 ksym0=0xffffffffc0401914 ksym1=0x0
[52.900236 pid=1937 tid=1953] BPF_MAP_UPDATE_ELEM prog_array name=sys_enter_init_ map_fd=10 map_id=123 key=173 prog_fd=60 prog_id=14 flags=0 ret=0 errno=0
[52.900400 pid=1937 tid=1953] native-loader jit-info prog_array-target fd=60 id=14 type=17 name=sys_enter_init tag=04cfd32a108dadfd jited_len=2524 xlated_len=4552 nr_jited_ksyms=1 ksym0=0xffffffffc0401914 ksym1=0x0
[52.900537 pid=1937 tid=1953] BPF_MAP_UPDATE_ELEM prog_array name=sys_enter_init_ map_fd=10 map_id=123 key=174 prog_fd=60 prog_id=14 flags=0 ret=0 errno=0
[52.900691 pid=1937 tid=1953] native-loader jit-info prog_array-target fd=60 id=14 type=17 name=sys_enter_init tag=04cfd32a108dadfd jited_len=2524 xlated_len=4552 nr_jited_ksyms=1 ksym0=0xffffffffc0401914 ksym1=0x0
[52.900935 pid=1937 tid=1953] BPF_MAP_UPDATE_ELEM prog_array name=sys_enter_init_ map_fd=10 map_id=123 key=175 prog_fd=60 prog_id=14 flags=0 ret=0 errno=0
[52.901092 pid=1937 tid=1953] native-loader jit-info prog_array-target fd=60 id=14 type=17 name=sys_enter_init tag=04cfd32a108dadfd jited_len=2524 xlated_len=4552 nr_jited_ksyms=1 ksym0=0xffffffffc0401914 ksym1=0x0
[52.901478 pid=1937 tid=1953] BPF_MAP_UPDATE_ELEM prog_array name=sys_enter_init_ map_fd=10 map_id=123 key=176 prog_fd=60 prog_id=14 flags=0 ret=0 errno=0
[52.901847 pid=1937 tid=1953] native-loader jit-info prog_array-target fd=60 id=14 type=17 name=sys_enter_init tag=04cfd32a108dadfd jited_len=2524 xlated_len=4552 nr_jited_ksyms=1 ksym0=0xffffffffc0401914 ksym1=0x0
[52.902250 pid=1937 tid=1953] BPF_MAP_UPDATE_ELEM prog_array name=sys_enter_init_ map_fd=10 map_id=123 key=177 prog_fd=60 prog_id=14 flags=0 ret=0 errno=0
[52.902776 pid=1937 tid=1953] native-loader jit-info prog_array-target fd=60 id=14 type=17 name=sys_enter_init tag=04cfd32a108dadfd jited_len=2524 xlated_len=4552 nr_jited_ksyms=1 ksym0=0xffffffffc0401914 ksym1=0x0
[52.903126 pid=1937 tid=1953] BPF_MAP_UPDATE_ELEM prog_array name=sys_enter_init_ map_fd=10 map_id=123 key=178 prog_fd=60 prog_id=14 flags=0 ret=0 errno=0
[52.903303 pid=1937 tid=1953] native-loader jit-info prog_array-target fd=60 id=14 type=17 name=sys_enter_init tag=04cfd32a108dadfd jited_len=2524 xlated_len=4552 nr_jited_ksyms=1 ksym0=0xffffffffc0401914 ksym1=0x0
[52.904130 pid=1937 tid=1953] BPF_MAP_UPDATE_ELEM prog_array name=sys_enter_init_ map_fd=10 map_id=123 key=179 prog_fd=60 prog_id=14 flags=0 ret=0 errno=0
[52.904290 pid=1937 tid=1953] native-loader jit-info prog_array-target fd=60 id=14 type=17 name=sys_enter_init tag=04cfd32a108dadfd jited_len=2524 xlated_len=4552 nr_jited_ksyms=1 ksym0=0xffffffffc0401914 ksym1=0x0
[52.904620 pid=1937 tid=1953] BPF_MAP_UPDATE_ELEM prog_array name=sys_enter_init_ map_fd=10 map_id=123 key=180 prog_fd=60 prog_id=14 flags=0 ret=0 errno=0
[52.904777 pid=1937 tid=1953] native-loader jit-info prog_array-target fd=60 id=14 type=17 name=sys_enter_init tag=04cfd32a108dadfd jited_len=2524 xlated_len=4552 nr_jited_ksyms=1 ksym0=0xffffffffc0401914 ksym1=0x0
[52.904931 pid=1937 tid=1953] BPF_MAP_UPDATE_ELEM prog_array name=sys_enter_init_ map_fd=10 map_id=123 key=181 prog_fd=60 prog_id=14 flags=0 ret=0 errno=0
[52.905074 pid=1937 tid=1953] native-loader jit-info prog_array-target fd=60 id=14 type=17 name=sys_enter_init tag=04cfd32a108dadfd jited_len=2524 xlated_len=4552 nr_jited_ksyms=1 ksym0=0xffffffffc0401914 ksym1=0x0
[52.905237 pid=1937 tid=1953] BPF_MAP_UPDATE_ELEM prog_array name=sys_enter_init_ map_fd=10 map_id=123 key=182 prog_fd=60 prog_id=14 flags=0 ret=0 errno=0
[52.905382 pid=1937 tid=1953] native-loader jit-info prog_array-target fd=60 id=14 type=17 name=sys_enter_init tag=04cfd32a108dadfd jited_len=2524 xlated_len=4552 nr_jited_ksyms=1 ksym0=0xffffffffc0401914 ksym1=0x0
[52.905663 pid=1937 tid=1953] BPF_MAP_UPDATE_ELEM prog_array name=sys_enter_init_ map_fd=10 map_id=123 key=183 prog_fd=60 prog_id=14 flags=0 ret=0 errno=0
[52.905801 pid=1937 tid=1953] native-loader jit-info prog_array-target fd=60 id=14 type=17 name=sys_enter_init tag=04cfd32a108dadfd jited_len=2524 xlated_len=4552 nr_jited_ksyms=1 ksym0=0xffffffffc0401914 ksym1=0x0
[52.905930 pid=1937 tid=1953] BPF_MAP_UPDATE_ELEM prog_array name=sys_enter_init_ map_fd=10 map_id=123 key=184 prog_fd=60 prog_id=14 flags=0 ret=0 errno=0
[52.906085 pid=1937 tid=1953] native-loader jit-info prog_array-target fd=60 id=14 type=17 name=sys_enter_init tag=04cfd32a108dadfd jited_len=2524 xlated_len=4552 nr_jited_ksyms=1 ksym0=0xffffffffc0401914 ksym1=0x0
[52.906217 pid=1937 tid=1953] BPF_MAP_UPDATE_ELEM prog_array name=sys_enter_init_ map_fd=10 map_id=123 key=185 prog_fd=60 prog_id=14 flags=0 ret=0 errno=0
[52.906378 pid=1937 tid=1953] native-loader jit-info prog_array-target fd=60 id=14 type=17 name=sys_enter_init tag=04cfd32a108dadfd jited_len=2524 xlated_len=4552 nr_jited_ksyms=1 ksym0=0xffffffffc0401914 ksym1=0x0
[52.906514 pid=1937 tid=1953] BPF_MAP_UPDATE_ELEM prog_array name=sys_enter_init_ map_fd=10 map_id=123 key=186 prog_fd=60 prog_id=14 flags=0 ret=0 errno=0
[52.906647 pid=1937 tid=1953] native-loader jit-info prog_array-target fd=60 id=14 type=17 name=sys_enter_init tag=04cfd32a108dadfd jited_len=2524 xlated_len=4552 nr_jited_ksyms=1 ksym0=0xffffffffc0401914 ksym1=0x0
[52.907144 pid=1937 tid=1953] BPF_MAP_UPDATE_ELEM prog_array name=sys_enter_init_ map_fd=10 map_id=123 key=187 prog_fd=60 prog_id=14 flags=0 ret=0 errno=0
[52.907307 pid=1937 tid=1953] native-loader jit-info prog_array-target fd=60 id=14 type=17 name=sys_enter_init tag=04cfd32a108dadfd jited_len=2524 xlated_len=4552 nr_jited_ksyms=1 ksym0=0xffffffffc0401914 ksym1=0x0
[52.907435 pid=1937 tid=1953] BPF_MAP_UPDATE_ELEM prog_array name=sys_enter_init_ map_fd=10 map_id=123 key=188 prog_fd=60 prog_id=14 flags=0 ret=0 errno=0
[52.907961 pid=1937 tid=1953] native-loader jit-info prog_array-target fd=60 id=14 type=17 name=sys_enter_init tag=04cfd32a108dadfd jited_len=2524 xlated_len=4552 nr_jited_ksyms=1 ksym0=0xffffffffc0401914 ksym1=0x0
[52.908316 pid=1937 tid=1953] BPF_MAP_UPDATE_ELEM prog_array name=sys_enter_init_ map_fd=10 map_id=123 key=189 prog_fd=60 prog_id=14 flags=0 ret=0 errno=0
[52.908463 pid=1937 tid=1953] native-loader jit-info prog_array-target fd=60 id=14 type=17 name=sys_enter_init tag=04cfd32a108dadfd jited_len=2524 xlated_len=4552 nr_jited_ksyms=1 ksym0=0xffffffffc0401914 ksym1=0x0
[52.908615 pid=1937 tid=1953] BPF_MAP_UPDATE_ELEM prog_array name=sys_enter_init_ map_fd=10 map_id=123 key=190 prog_fd=60 prog_id=14 flags=0 ret=0 errno=0
[52.908748 pid=1937 tid=1953] native-loader jit-info prog_array-target fd=60 id=14 type=17 name=sys_enter_init tag=04cfd32a108dadfd jited_len=2524 xlated_len=4552 nr_jited_ksyms=1 ksym0=0xffffffffc0401914 ksym1=0x0
[52.908902 pid=1937 tid=1953] BPF_MAP_UPDATE_ELEM prog_array name=sys_enter_init_ map_fd=10 map_id=123 key=191 prog_fd=60 prog_id=14 flags=0 ret=0 errno=0
[52.909027 pid=1937 tid=1953] native-loader jit-info prog_array-target fd=60 id=14 type=17 name=sys_enter_init tag=04cfd32a108dadfd jited_len=2524 xlated_len=4552 nr_jited_ksyms=1 ksym0=0xffffffffc0401914 ksym1=0x0
[52.909163 pid=1937 tid=1953] BPF_MAP_UPDATE_ELEM prog_array name=sys_enter_init_ map_fd=10 map_id=123 key=192 prog_fd=60 prog_id=14 flags=0 ret=0 errno=0
[52.909314 pid=1937 tid=1953] native-loader jit-info prog_array-target fd=60 id=14 type=17 name=sys_enter_init tag=04cfd32a108dadfd jited_len=2524 xlated_len=4552 nr_jited_ksyms=1 ksym0=0xffffffffc0401914 ksym1=0x0
[52.909850 pid=1937 tid=1953] BPF_MAP_UPDATE_ELEM prog_array name=sys_enter_init_ map_fd=10 map_id=123 key=193 prog_fd=60 prog_id=14 flags=0 ret=0 errno=0
[52.910070 pid=1937 tid=1953] native-loader jit-info prog_array-target fd=60 id=14 type=17 name=sys_enter_init tag=04cfd32a108dadfd jited_len=2524 xlated_len=4552 nr_jited_ksyms=1 ksym0=0xffffffffc0401914 ksym1=0x0
[52.910223 pid=1937 tid=1953] BPF_MAP_UPDATE_ELEM prog_array name=sys_enter_init_ map_fd=10 map_id=123 key=194 prog_fd=60 prog_id=14 flags=0 ret=0 errno=0
[52.910381 pid=1937 tid=1953] native-loader jit-info prog_array-target fd=60 id=14 type=17 name=sys_enter_init tag=04cfd32a108dadfd jited_len=2524 xlated_len=4552 nr_jited_ksyms=1 ksym0=0xffffffffc0401914 ksym1=0x0
[52.910620 pid=1937 tid=1953] BPF_MAP_UPDATE_ELEM prog_array name=sys_enter_init_ map_fd=10 map_id=123 key=195 prog_fd=60 prog_id=14 flags=0 ret=0 errno=0
[52.910778 pid=1937 tid=1953] native-loader jit-info prog_array-target fd=60 id=14 type=17 name=sys_enter_init tag=04cfd32a108dadfd jited_len=2524 xlated_len=4552 nr_jited_ksyms=1 ksym0=0xffffffffc0401914 ksym1=0x0
[52.911123 pid=1937 tid=1953] BPF_MAP_UPDATE_ELEM prog_array name=sys_enter_init_ map_fd=10 map_id=123 key=196 prog_fd=60 prog_id=14 flags=0 ret=0 errno=0
[52.911314 pid=1937 tid=1953] native-loader jit-info prog_array-target fd=60 id=14 type=17 name=sys_enter_init tag=04cfd32a108dadfd jited_len=2524 xlated_len=4552 nr_jited_ksyms=1 ksym0=0xffffffffc0401914 ksym1=0x0
[52.911843 pid=1937 tid=1953] BPF_MAP_UPDATE_ELEM prog_array name=sys_enter_init_ map_fd=10 map_id=123 key=197 prog_fd=60 prog_id=14 flags=0 ret=0 errno=0
[52.912273 pid=1937 tid=1953] native-loader jit-info prog_array-target fd=60 id=14 type=17 name=sys_enter_init tag=04cfd32a108dadfd jited_len=2524 xlated_len=4552 nr_jited_ksyms=1 ksym0=0xffffffffc0401914 ksym1=0x0
[52.912775 pid=1937 tid=1953] BPF_MAP_UPDATE_ELEM prog_array name=sys_enter_init_ map_fd=10 map_id=123 key=198 prog_fd=60 prog_id=14 flags=0 ret=0 errno=0
[52.913130 pid=1937 tid=1953] native-loader jit-info prog_array-target fd=60 id=14 type=17 name=sys_enter_init tag=04cfd32a108dadfd jited_len=2524 xlated_len=4552 nr_jited_ksyms=1 ksym0=0xffffffffc0401914 ksym1=0x0
[52.913784 pid=1937 tid=1953] BPF_MAP_UPDATE_ELEM prog_array name=sys_enter_init_ map_fd=10 map_id=123 key=199 prog_fd=60 prog_id=14 flags=0 ret=0 errno=0
[52.914257 pid=1937 tid=1953] native-loader jit-info prog_array-target fd=60 id=14 type=17 name=sys_enter_init tag=04cfd32a108dadfd jited_len=2524 xlated_len=4552 nr_jited_ksyms=1 ksym0=0xffffffffc0401914 ksym1=0x0
[52.914836 pid=1937 tid=1953] BPF_MAP_UPDATE_ELEM prog_array name=sys_enter_init_ map_fd=10 map_id=123 key=200 prog_fd=60 prog_id=14 flags=0 ret=0 errno=0
[52.915059 pid=1937 tid=1953] native-loader jit-info prog_array-target fd=60 id=14 type=17 name=sys_enter_init tag=04cfd32a108dadfd jited_len=2524 xlated_len=4552 nr_jited_ksyms=1 ksym0=0xffffffffc0401914 ksym1=0x0
[52.915215 pid=1937 tid=1953] BPF_MAP_UPDATE_ELEM prog_array name=sys_enter_init_ map_fd=10 map_id=123 key=201 prog_fd=60 prog_id=14 flags=0 ret=0 errno=0
[52.915378 pid=1937 tid=1953] native-loader jit-info prog_array-target fd=60 id=14 type=17 name=sys_enter_init tag=04cfd32a108dadfd jited_len=2524 xlated_len=4552 nr_jited_ksyms=1 ksym0=0xffffffffc0401914 ksym1=0x0
[52.915791 pid=1937 tid=1953] BPF_MAP_UPDATE_ELEM prog_array name=sys_enter_init_ map_fd=10 map_id=123 key=202 prog_fd=60 prog_id=14 flags=0 ret=0 errno=0
[52.915942 pid=1937 tid=1953] native-loader jit-info prog_array-target fd=60 id=14 type=17 name=sys_enter_init tag=04cfd32a108dadfd jited_len=2524 xlated_len=4552 nr_jited_ksyms=1 ksym0=0xffffffffc0401914 ksym1=0x0
[52.916216 pid=1937 tid=1953] BPF_MAP_UPDATE_ELEM prog_array name=sys_enter_init_ map_fd=10 map_id=123 key=203 prog_fd=60 prog_id=14 flags=0 ret=0 errno=0
[52.916387 pid=1937 tid=1953] native-loader jit-info prog_array-target fd=60 id=14 type=17 name=sys_enter_init tag=04cfd32a108dadfd jited_len=2524 xlated_len=4552 nr_jited_ksyms=1 ksym0=0xffffffffc0401914 ksym1=0x0
[52.916600 pid=1937 tid=1953] BPF_MAP_UPDATE_ELEM prog_array name=sys_enter_init_ map_fd=10 map_id=123 key=204 prog_fd=60 prog_id=14 flags=0 ret=0 errno=0
[52.916742 pid=1937 tid=1953] native-loader jit-info prog_array-target fd=60 id=14 type=17 name=sys_enter_init tag=04cfd32a108dadfd jited_len=2524 xlated_len=4552 nr_jited_ksyms=1 ksym0=0xffffffffc0401914 ksym1=0x0
[52.916887 pid=1937 tid=1953] BPF_MAP_UPDATE_ELEM prog_array name=sys_enter_init_ map_fd=10 map_id=123 key=205 prog_fd=60 prog_id=14 flags=0 ret=0 errno=0
[52.917022 pid=1937 tid=1953] native-loader jit-info prog_array-target fd=60 id=14 type=17 name=sys_enter_init tag=04cfd32a108dadfd jited_len=2524 xlated_len=4552 nr_jited_ksyms=1 ksym0=0xffffffffc0401914 ksym1=0x0
[52.917155 pid=1937 tid=1953] BPF_MAP_UPDATE_ELEM prog_array name=sys_enter_init_ map_fd=10 map_id=123 key=206 prog_fd=60 prog_id=14 flags=0 ret=0 errno=0
[52.917280 pid=1937 tid=1953] native-loader jit-info prog_array-target fd=60 id=14 type=17 name=sys_enter_init tag=04cfd32a108dadfd jited_len=2524 xlated_len=4552 nr_jited_ksyms=1 ksym0=0xffffffffc0401914 ksym1=0x0
[52.917550 pid=1937 tid=1953] BPF_MAP_UPDATE_ELEM prog_array name=sys_enter_init_ map_fd=10 map_id=123 key=207 prog_fd=60 prog_id=14 flags=0 ret=0 errno=0
[52.917729 pid=1937 tid=1953] native-loader jit-info prog_array-target fd=60 id=14 type=17 name=sys_enter_init tag=04cfd32a108dadfd jited_len=2524 xlated_len=4552 nr_jited_ksyms=1 ksym0=0xffffffffc0401914 ksym1=0x0
[52.917888 pid=1937 tid=1953] BPF_MAP_UPDATE_ELEM prog_array name=sys_enter_init_ map_fd=10 map_id=123 key=208 prog_fd=60 prog_id=14 flags=0 ret=0 errno=0
[52.918136 pid=1937 tid=1953] native-loader jit-info prog_array-target fd=60 id=14 type=17 name=sys_enter_init tag=04cfd32a108dadfd jited_len=2524 xlated_len=4552 nr_jited_ksyms=1 ksym0=0xffffffffc0401914 ksym1=0x0
[52.918354 pid=1937 tid=1953] BPF_MAP_UPDATE_ELEM prog_array name=sys_enter_init_ map_fd=10 map_id=123 key=209 prog_fd=60 prog_id=14 flags=0 ret=0 errno=0
[52.918473 pid=1937 tid=1953] native-loader jit-info prog_array-target fd=60 id=14 type=17 name=sys_enter_init tag=04cfd32a108dadfd jited_len=2524 xlated_len=4552 nr_jited_ksyms=1 ksym0=0xffffffffc0401914 ksym1=0x0
[52.918661 pid=1937 tid=1953] BPF_MAP_UPDATE_ELEM prog_array name=sys_enter_init_ map_fd=10 map_id=123 key=210 prog_fd=60 prog_id=14 flags=0 ret=0 errno=0
[52.918782 pid=1937 tid=1953] native-loader jit-info prog_array-target fd=60 id=14 type=17 name=sys_enter_init tag=04cfd32a108dadfd jited_len=2524 xlated_len=4552 nr_jited_ksyms=1 ksym0=0xffffffffc0401914 ksym1=0x0
[52.918913 pid=1937 tid=1953] BPF_MAP_UPDATE_ELEM prog_array name=sys_enter_init_ map_fd=10 map_id=123 key=211 prog_fd=60 prog_id=14 flags=0 ret=0 errno=0
[52.919038 pid=1937 tid=1953] native-loader jit-info prog_array-target fd=60 id=14 type=17 name=sys_enter_init tag=04cfd32a108dadfd jited_len=2524 xlated_len=4552 nr_jited_ksyms=1 ksym0=0xffffffffc0401914 ksym1=0x0
[52.919170 pid=1937 tid=1953] BPF_MAP_UPDATE_ELEM prog_array name=sys_enter_init_ map_fd=10 map_id=123 key=212 prog_fd=60 prog_id=14 flags=0 ret=0 errno=0
[52.919300 pid=1937 tid=1953] native-loader jit-info prog_array-target fd=60 id=14 type=17 name=sys_enter_init tag=04cfd32a108dadfd jited_len=2524 xlated_len=4552 nr_jited_ksyms=1 ksym0=0xffffffffc0401914 ksym1=0x0
[52.919642 pid=1937 tid=1953] BPF_MAP_UPDATE_ELEM prog_array name=sys_enter_init_ map_fd=10 map_id=123 key=213 prog_fd=60 prog_id=14 flags=0 ret=0 errno=0
[52.919768 pid=1937 tid=1953] native-loader jit-info prog_array-target fd=60 id=14 type=17 name=sys_enter_init tag=04cfd32a108dadfd jited_len=2524 xlated_len=4552 nr_jited_ksyms=1 ksym0=0xffffffffc0401914 ksym1=0x0
[52.919896 pid=1937 tid=1953] BPF_MAP_UPDATE_ELEM prog_array name=sys_enter_init_ map_fd=10 map_id=123 key=214 prog_fd=60 prog_id=14 flags=0 ret=0 errno=0
[52.920024 pid=1937 tid=1953] native-loader jit-info prog_array-target fd=60 id=14 type=17 name=sys_enter_init tag=04cfd32a108dadfd jited_len=2524 xlated_len=4552 nr_jited_ksyms=1 ksym0=0xffffffffc0401914 ksym1=0x0
[52.920342 pid=1937 tid=1953] BPF_MAP_UPDATE_ELEM prog_array name=sys_enter_init_ map_fd=10 map_id=123 key=215 prog_fd=60 prog_id=14 flags=0 ret=0 errno=0
[52.920505 pid=1937 tid=1953] native-loader jit-info prog_array-target fd=60 id=14 type=17 name=sys_enter_init tag=04cfd32a108dadfd jited_len=2524 xlated_len=4552 nr_jited_ksyms=1 ksym0=0xffffffffc0401914 ksym1=0x0
[52.920940 pid=1937 tid=1953] BPF_MAP_UPDATE_ELEM prog_array name=sys_enter_init_ map_fd=10 map_id=123 key=216 prog_fd=60 prog_id=14 flags=0 ret=0 errno=0
[52.921102 pid=1937 tid=1953] native-loader jit-info prog_array-target fd=60 id=14 type=17 name=sys_enter_init tag=04cfd32a108dadfd jited_len=2524 xlated_len=4552 nr_jited_ksyms=1 ksym0=0xffffffffc0401914 ksym1=0x0
[52.921409 pid=1937 tid=1953] BPF_MAP_UPDATE_ELEM prog_array name=sys_enter_init_ map_fd=10 map_id=123 key=217 prog_fd=60 prog_id=14 flags=0 ret=0 errno=0
[52.921558 pid=1937 tid=1953] native-loader jit-info prog_array-target fd=60 id=14 type=17 name=sys_enter_init tag=04cfd32a108dadfd jited_len=2524 xlated_len=4552 nr_jited_ksyms=1 ksym0=0xffffffffc0401914 ksym1=0x0
[52.921689 pid=1937 tid=1953] BPF_MAP_UPDATE_ELEM prog_array name=sys_enter_init_ map_fd=10 map_id=123 key=218 prog_fd=60 prog_id=14 flags=0 ret=0 errno=0
[52.921843 pid=1937 tid=1953] native-loader jit-info prog_array-target fd=60 id=14 type=17 name=sys_enter_init tag=04cfd32a108dadfd jited_len=2524 xlated_len=4552 nr_jited_ksyms=1 ksym0=0xffffffffc0401914 ksym1=0x0
[52.922130 pid=1937 tid=1953] BPF_MAP_UPDATE_ELEM prog_array name=sys_enter_init_ map_fd=10 map_id=123 key=219 prog_fd=60 prog_id=14 flags=0 ret=0 errno=0
[52.922366 pid=1937 tid=1953] native-loader jit-info prog_array-target fd=60 id=14 type=17 name=sys_enter_init tag=04cfd32a108dadfd jited_len=2524 xlated_len=4552 nr_jited_ksyms=1 ksym0=0xffffffffc0401914 ksym1=0x0
[52.922497 pid=1937 tid=1953] BPF_MAP_UPDATE_ELEM prog_array name=sys_enter_init_ map_fd=10 map_id=123 key=220 prog_fd=60 prog_id=14 flags=0 ret=0 errno=0
[52.922620 pid=1937 tid=1953] native-loader jit-info prog_array-target fd=60 id=14 type=17 name=sys_enter_init tag=04cfd32a108dadfd jited_len=2524 xlated_len=4552 nr_jited_ksyms=1 ksym0=0xffffffffc0401914 ksym1=0x0
[52.922892 pid=1937 tid=1953] BPF_MAP_UPDATE_ELEM prog_array name=sys_enter_init_ map_fd=10 map_id=123 key=221 prog_fd=60 prog_id=14 flags=0 ret=0 errno=0
[52.923016 pid=1937 tid=1953] native-loader jit-info prog_array-target fd=60 id=14 type=17 name=sys_enter_init tag=04cfd32a108dadfd jited_len=2524 xlated_len=4552 nr_jited_ksyms=1 ksym0=0xffffffffc0401914 ksym1=0x0
[52.923300 pid=1937 tid=1953] BPF_MAP_UPDATE_ELEM prog_array name=sys_enter_init_ map_fd=10 map_id=123 key=222 prog_fd=60 prog_id=14 flags=0 ret=0 errno=0
[52.923443 pid=1937 tid=1953] native-loader jit-info prog_array-target fd=60 id=14 type=17 name=sys_enter_init tag=04cfd32a108dadfd jited_len=2524 xlated_len=4552 nr_jited_ksyms=1 ksym0=0xffffffffc0401914 ksym1=0x0
[52.923790 pid=1937 tid=1953] BPF_MAP_UPDATE_ELEM prog_array name=sys_enter_init_ map_fd=10 map_id=123 key=223 prog_fd=60 prog_id=14 flags=0 ret=0 errno=0
[52.923959 pid=1937 tid=1953] native-loader jit-info prog_array-target fd=60 id=14 type=17 name=sys_enter_init tag=04cfd32a108dadfd jited_len=2524 xlated_len=4552 nr_jited_ksyms=1 ksym0=0xffffffffc0401914 ksym1=0x0
[52.924089 pid=1937 tid=1953] BPF_MAP_UPDATE_ELEM prog_array name=sys_enter_init_ map_fd=10 map_id=123 key=224 prog_fd=60 prog_id=14 flags=0 ret=0 errno=0
[52.924212 pid=1937 tid=1953] native-loader jit-info prog_array-target fd=60 id=14 type=17 name=sys_enter_init tag=04cfd32a108dadfd jited_len=2524 xlated_len=4552 nr_jited_ksyms=1 ksym0=0xffffffffc0401914 ksym1=0x0
[52.924347 pid=1937 tid=1953] BPF_MAP_UPDATE_ELEM prog_array name=sys_enter_init_ map_fd=10 map_id=123 key=225 prog_fd=60 prog_id=14 flags=0 ret=0 errno=0
[52.924521 pid=1937 tid=1953] native-loader jit-info prog_array-target fd=60 id=14 type=17 name=sys_enter_init tag=04cfd32a108dadfd jited_len=2524 xlated_len=4552 nr_jited_ksyms=1 ksym0=0xffffffffc0401914 ksym1=0x0
[52.924675 pid=1937 tid=1953] BPF_MAP_UPDATE_ELEM prog_array name=sys_enter_init_ map_fd=10 map_id=123 key=226 prog_fd=60 prog_id=14 flags=0 ret=0 errno=0
[52.924800 pid=1937 tid=1953] native-loader jit-info prog_array-target fd=60 id=14 type=17 name=sys_enter_init tag=04cfd32a108dadfd jited_len=2524 xlated_len=4552 nr_jited_ksyms=1 ksym0=0xffffffffc0401914 ksym1=0x0
[52.925229 pid=1937 tid=1953] BPF_MAP_UPDATE_ELEM prog_array name=sys_enter_init_ map_fd=10 map_id=123 key=227 prog_fd=60 prog_id=14 flags=0 ret=0 errno=0
[52.925390 pid=1937 tid=1953] native-loader jit-info prog_array-target fd=60 id=14 type=17 name=sys_enter_init tag=04cfd32a108dadfd jited_len=2524 xlated_len=4552 nr_jited_ksyms=1 ksym0=0xffffffffc0401914 ksym1=0x0
[52.925559 pid=1937 tid=1953] BPF_MAP_UPDATE_ELEM prog_array name=sys_enter_init_ map_fd=10 map_id=123 key=228 prog_fd=60 prog_id=14 flags=0 ret=0 errno=0
[52.926048 pid=1937 tid=1953] native-loader jit-info prog_array-target fd=60 id=14 type=17 name=sys_enter_init tag=04cfd32a108dadfd jited_len=2524 xlated_len=4552 nr_jited_ksyms=1 ksym0=0xffffffffc0401914 ksym1=0x0
[52.926397 pid=1937 tid=1953] BPF_MAP_UPDATE_ELEM prog_array name=sys_enter_init_ map_fd=10 map_id=123 key=229 prog_fd=60 prog_id=14 flags=0 ret=0 errno=0
[52.926522 pid=1937 tid=1953] native-loader jit-info prog_array-target fd=60 id=14 type=17 name=sys_enter_init tag=04cfd32a108dadfd jited_len=2524 xlated_len=4552 nr_jited_ksyms=1 ksym0=0xffffffffc0401914 ksym1=0x0
[52.926655 pid=1937 tid=1953] BPF_MAP_UPDATE_ELEM prog_array name=sys_enter_init_ map_fd=10 map_id=123 key=230 prog_fd=60 prog_id=14 flags=0 ret=0 errno=0
[52.926811 pid=1937 tid=1953] native-loader jit-info prog_array-target fd=60 id=14 type=17 name=sys_enter_init tag=04cfd32a108dadfd jited_len=2524 xlated_len=4552 nr_jited_ksyms=1 ksym0=0xffffffffc0401914 ksym1=0x0
[52.926942 pid=1937 tid=1953] BPF_MAP_UPDATE_ELEM prog_array name=sys_enter_init_ map_fd=10 map_id=123 key=231 prog_fd=60 prog_id=14 flags=0 ret=0 errno=0
[52.927065 pid=1937 tid=1953] native-loader jit-info prog_array-target fd=60 id=14 type=17 name=sys_enter_init tag=04cfd32a108dadfd jited_len=2524 xlated_len=4552 nr_jited_ksyms=1 ksym0=0xffffffffc0401914 ksym1=0x0
[52.927197 pid=1937 tid=1953] BPF_MAP_UPDATE_ELEM prog_array name=sys_enter_init_ map_fd=10 map_id=123 key=232 prog_fd=60 prog_id=14 flags=0 ret=0 errno=0
[52.927322 pid=1937 tid=1953] native-loader jit-info prog_array-target fd=60 id=14 type=17 name=sys_enter_init tag=04cfd32a108dadfd jited_len=2524 xlated_len=4552 nr_jited_ksyms=1 ksym0=0xffffffffc0401914 ksym1=0x0
[52.927754 pid=1937 tid=1953] BPF_MAP_UPDATE_ELEM prog_array name=sys_enter_init_ map_fd=10 map_id=123 key=233 prog_fd=60 prog_id=14 flags=0 ret=0 errno=0
[52.927878 pid=1937 tid=1953] native-loader jit-info prog_array-target fd=60 id=14 type=17 name=sys_enter_init tag=04cfd32a108dadfd jited_len=2524 xlated_len=4552 nr_jited_ksyms=1 ksym0=0xffffffffc0401914 ksym1=0x0
[52.928008 pid=1937 tid=1953] BPF_MAP_UPDATE_ELEM prog_array name=sys_enter_init_ map_fd=10 map_id=123 key=234 prog_fd=60 prog_id=14 flags=0 ret=0 errno=0
[52.928134 pid=1937 tid=1953] native-loader jit-info prog_array-target fd=60 id=14 type=17 name=sys_enter_init tag=04cfd32a108dadfd jited_len=2524 xlated_len=4552 nr_jited_ksyms=1 ksym0=0xffffffffc0401914 ksym1=0x0
[52.928375 pid=1937 tid=1953] BPF_MAP_UPDATE_ELEM prog_array name=sys_enter_init_ map_fd=10 map_id=123 key=235 prog_fd=60 prog_id=14 flags=0 ret=0 errno=0
[52.928500 pid=1937 tid=1953] native-loader jit-info prog_array-target fd=60 id=14 type=17 name=sys_enter_init tag=04cfd32a108dadfd jited_len=2524 xlated_len=4552 nr_jited_ksyms=1 ksym0=0xffffffffc0401914 ksym1=0x0
[52.928937 pid=1937 tid=1953] BPF_MAP_UPDATE_ELEM prog_array name=sys_enter_init_ map_fd=10 map_id=123 key=236 prog_fd=60 prog_id=14 flags=0 ret=0 errno=0
[52.929358 pid=1937 tid=1953] native-loader jit-info prog_array-target fd=60 id=14 type=17 name=sys_enter_init tag=04cfd32a108dadfd jited_len=2524 xlated_len=4552 nr_jited_ksyms=1 ksym0=0xffffffffc0401914 ksym1=0x0
[52.929695 pid=1937 tid=1953] BPF_MAP_UPDATE_ELEM prog_array name=sys_enter_init_ map_fd=10 map_id=123 key=237 prog_fd=60 prog_id=14 flags=0 ret=0 errno=0
[52.929939 pid=1937 tid=1953] native-loader jit-info prog_array-target fd=60 id=14 type=17 name=sys_enter_init tag=04cfd32a108dadfd jited_len=2524 xlated_len=4552 nr_jited_ksyms=1 ksym0=0xffffffffc0401914 ksym1=0x0
[52.930234 pid=1937 tid=1953] BPF_MAP_UPDATE_ELEM prog_array name=sys_enter_init_ map_fd=10 map_id=123 key=238 prog_fd=60 prog_id=14 flags=0 ret=0 errno=0
[52.930675 pid=1937 tid=1953] native-loader jit-info prog_array-target fd=60 id=14 type=17 name=sys_enter_init tag=04cfd32a108dadfd jited_len=2524 xlated_len=4552 nr_jited_ksyms=1 ksym0=0xffffffffc0401914 ksym1=0x0
[52.931329 pid=1937 tid=1953] BPF_MAP_UPDATE_ELEM prog_array name=sys_enter_init_ map_fd=10 map_id=123 key=239 prog_fd=60 prog_id=14 flags=0 ret=0 errno=0
[52.931781 pid=1937 tid=1953] native-loader jit-info prog_array-target fd=60 id=14 type=17 name=sys_enter_init tag=04cfd32a108dadfd jited_len=2524 xlated_len=4552 nr_jited_ksyms=1 ksym0=0xffffffffc0401914 ksym1=0x0
[52.931928 pid=1937 tid=1953] BPF_MAP_UPDATE_ELEM prog_array name=sys_enter_init_ map_fd=10 map_id=123 key=240 prog_fd=60 prog_id=14 flags=0 ret=0 errno=0
[52.932052 pid=1937 tid=1953] native-loader jit-info prog_array-target fd=60 id=14 type=17 name=sys_enter_init tag=04cfd32a108dadfd jited_len=2524 xlated_len=4552 nr_jited_ksyms=1 ksym0=0xffffffffc0401914 ksym1=0x0
[52.932832 pid=1937 tid=1953] BPF_MAP_UPDATE_ELEM prog_array name=sys_enter_init_ map_fd=10 map_id=123 key=241 prog_fd=60 prog_id=14 flags=0 ret=0 errno=0
[52.933022 pid=1937 tid=1953] native-loader jit-info prog_array-target fd=60 id=14 type=17 name=sys_enter_init tag=04cfd32a108dadfd jited_len=2524 xlated_len=4552 nr_jited_ksyms=1 ksym0=0xffffffffc0401914 ksym1=0x0
[52.933272 pid=1937 tid=1953] BPF_MAP_UPDATE_ELEM prog_array name=sys_enter_init_ map_fd=10 map_id=123 key=242 prog_fd=60 prog_id=14 flags=0 ret=0 errno=0
[52.933446 pid=1937 tid=1953] native-loader jit-info prog_array-target fd=60 id=14 type=17 name=sys_enter_init tag=04cfd32a108dadfd jited_len=2524 xlated_len=4552 nr_jited_ksyms=1 ksym0=0xffffffffc0401914 ksym1=0x0
[52.933616 pid=1937 tid=1953] BPF_MAP_UPDATE_ELEM prog_array name=sys_enter_init_ map_fd=10 map_id=123 key=243 prog_fd=60 prog_id=14 flags=0 ret=0 errno=0
[52.933755 pid=1937 tid=1953] native-loader jit-info prog_array-target fd=60 id=14 type=17 name=sys_enter_init tag=04cfd32a108dadfd jited_len=2524 xlated_len=4552 nr_jited_ksyms=1 ksym0=0xffffffffc0401914 ksym1=0x0
[52.933896 pid=1937 tid=1953] BPF_MAP_UPDATE_ELEM prog_array name=sys_enter_init_ map_fd=10 map_id=123 key=244 prog_fd=60 prog_id=14 flags=0 ret=0 errno=0
[52.934018 pid=1937 tid=1953] native-loader jit-info prog_array-target fd=60 id=14 type=17 name=sys_enter_init tag=04cfd32a108dadfd jited_len=2524 xlated_len=4552 nr_jited_ksyms=1 ksym0=0xffffffffc0401914 ksym1=0x0
[52.934150 pid=1937 tid=1953] BPF_MAP_UPDATE_ELEM prog_array name=sys_enter_init_ map_fd=10 map_id=123 key=245 prog_fd=60 prog_id=14 flags=0 ret=0 errno=0
[52.934315 pid=1937 tid=1953] native-loader jit-info prog_array-target fd=60 id=14 type=17 name=sys_enter_init tag=04cfd32a108dadfd jited_len=2524 xlated_len=4552 nr_jited_ksyms=1 ksym0=0xffffffffc0401914 ksym1=0x0
[52.934447 pid=1937 tid=1953] BPF_MAP_UPDATE_ELEM prog_array name=sys_enter_init_ map_fd=10 map_id=123 key=246 prog_fd=60 prog_id=14 flags=0 ret=0 errno=0
[52.934570 pid=1937 tid=1953] native-loader jit-info prog_array-target fd=60 id=14 type=17 name=sys_enter_init tag=04cfd32a108dadfd jited_len=2524 xlated_len=4552 nr_jited_ksyms=1 ksym0=0xffffffffc0401914 ksym1=0x0
[52.934862 pid=1937 tid=1953] BPF_MAP_UPDATE_ELEM prog_array name=sys_enter_init_ map_fd=10 map_id=123 key=247 prog_fd=60 prog_id=14 flags=0 ret=0 errno=0
[52.935029 pid=1937 tid=1953] native-loader jit-info prog_array-target fd=60 id=14 type=17 name=sys_enter_init tag=04cfd32a108dadfd jited_len=2524 xlated_len=4552 nr_jited_ksyms=1 ksym0=0xffffffffc0401914 ksym1=0x0
[52.935194 pid=1937 tid=1953] BPF_MAP_UPDATE_ELEM prog_array name=sys_enter_init_ map_fd=10 map_id=123 key=248 prog_fd=60 prog_id=14 flags=0 ret=0 errno=0
[52.935792 pid=1937 tid=1953] native-loader jit-info prog_array-target fd=60 id=14 type=17 name=sys_enter_init tag=04cfd32a108dadfd jited_len=2524 xlated_len=4552 nr_jited_ksyms=1 ksym0=0xffffffffc0401914 ksym1=0x0
[52.936039 pid=1937 tid=1953] BPF_MAP_UPDATE_ELEM prog_array name=sys_enter_init_ map_fd=10 map_id=123 key=249 prog_fd=60 prog_id=14 flags=0 ret=0 errno=0
[52.936161 pid=1937 tid=1953] native-loader jit-info prog_array-target fd=60 id=14 type=17 name=sys_enter_init tag=04cfd32a108dadfd jited_len=2524 xlated_len=4552 nr_jited_ksyms=1 ksym0=0xffffffffc0401914 ksym1=0x0
[52.936295 pid=1937 tid=1953] BPF_MAP_UPDATE_ELEM prog_array name=sys_enter_init_ map_fd=10 map_id=123 key=250 prog_fd=60 prog_id=14 flags=0 ret=0 errno=0
[52.936464 pid=1937 tid=1953] native-loader jit-info prog_array-target fd=60 id=14 type=17 name=sys_enter_init tag=04cfd32a108dadfd jited_len=2524 xlated_len=4552 nr_jited_ksyms=1 ksym0=0xffffffffc0401914 ksym1=0x0
[52.936594 pid=1937 tid=1953] BPF_MAP_UPDATE_ELEM prog_array name=sys_enter_init_ map_fd=10 map_id=123 key=251 prog_fd=60 prog_id=14 flags=0 ret=0 errno=0
[52.936718 pid=1937 tid=1953] native-loader jit-info prog_array-target fd=60 id=14 type=17 name=sys_enter_init tag=04cfd32a108dadfd jited_len=2524 xlated_len=4552 nr_jited_ksyms=1 ksym0=0xffffffffc0401914 ksym1=0x0
[52.936849 pid=1937 tid=1953] BPF_MAP_UPDATE_ELEM prog_array name=sys_enter_init_ map_fd=10 map_id=123 key=252 prog_fd=60 prog_id=14 flags=0 ret=0 errno=0
[52.936973 pid=1937 tid=1953] native-loader jit-info prog_array-target fd=60 id=14 type=17 name=sys_enter_init tag=04cfd32a108dadfd jited_len=2524 xlated_len=4552 nr_jited_ksyms=1 ksym0=0xffffffffc0401914 ksym1=0x0
[52.937370 pid=1937 tid=1953] BPF_MAP_UPDATE_ELEM prog_array name=sys_enter_init_ map_fd=10 map_id=123 key=253 prog_fd=60 prog_id=14 flags=0 ret=0 errno=0
[52.937492 pid=1937 tid=1953] native-loader jit-info prog_array-target fd=60 id=14 type=17 name=sys_enter_init tag=04cfd32a108dadfd jited_len=2524 xlated_len=4552 nr_jited_ksyms=1 ksym0=0xffffffffc0401914 ksym1=0x0
[52.937622 pid=1937 tid=1953] BPF_MAP_UPDATE_ELEM prog_array name=sys_enter_init_ map_fd=10 map_id=123 key=254 prog_fd=60 prog_id=14 flags=0 ret=0 errno=0
[52.937745 pid=1937 tid=1953] native-loader jit-info prog_array-target fd=60 id=14 type=17 name=sys_enter_init tag=04cfd32a108dadfd jited_len=2524 xlated_len=4552 nr_jited_ksyms=1 ksym0=0xffffffffc0401914 ksym1=0x0
[52.938017 pid=1937 tid=1953] BPF_MAP_UPDATE_ELEM prog_array name=sys_enter_init_ map_fd=10 map_id=123 key=255 prog_fd=60 prog_id=14 flags=0 ret=0 errno=0
[52.938140 pid=1937 tid=1953] native-loader jit-info prog_array-target fd=60 id=14 type=17 name=sys_enter_init tag=04cfd32a108dadfd jited_len=2524 xlated_len=4552 nr_jited_ksyms=1 ksym0=0xffffffffc0401914 ksym1=0x0
[52.938438 pid=1937 tid=1953] BPF_MAP_UPDATE_ELEM prog_array name=sys_enter_init_ map_fd=10 map_id=123 key=256 prog_fd=60 prog_id=14 flags=0 ret=0 errno=0
[52.939026 pid=1937 tid=1953] native-loader jit-info prog_array-target fd=60 id=14 type=17 name=sys_enter_init tag=04cfd32a108dadfd jited_len=2524 xlated_len=4552 nr_jited_ksyms=1 ksym0=0xffffffffc0401914 ksym1=0x0
[52.939298 pid=1937 tid=1953] BPF_MAP_UPDATE_ELEM prog_array name=sys_enter_init_ map_fd=10 map_id=123 key=257 prog_fd=60 prog_id=14 flags=0 ret=0 errno=0
[52.940027 pid=1937 tid=1953] native-loader jit-info prog_array-target fd=60 id=14 type=17 name=sys_enter_init tag=04cfd32a108dadfd jited_len=2524 xlated_len=4552 nr_jited_ksyms=1 ksym0=0xffffffffc0401914 ksym1=0x0
[52.940325 pid=1937 tid=1953] BPF_MAP_UPDATE_ELEM prog_array name=sys_enter_init_ map_fd=10 map_id=123 key=258 prog_fd=60 prog_id=14 flags=0 ret=0 errno=0
[52.940463 pid=1937 tid=1953] native-loader jit-info prog_array-target fd=60 id=14 type=17 name=sys_enter_init tag=04cfd32a108dadfd jited_len=2524 xlated_len=4552 nr_jited_ksyms=1 ksym0=0xffffffffc0401914 ksym1=0x0
[52.940610 pid=1937 tid=1953] BPF_MAP_UPDATE_ELEM prog_array name=sys_enter_init_ map_fd=10 map_id=123 key=259 prog_fd=60 prog_id=14 flags=0 ret=0 errno=0
[52.940795 pid=1937 tid=1953] native-loader jit-info prog_array-target fd=60 id=14 type=17 name=sys_enter_init tag=04cfd32a108dadfd jited_len=2524 xlated_len=4552 nr_jited_ksyms=1 ksym0=0xffffffffc0401914 ksym1=0x0
[52.940942 pid=1937 tid=1953] BPF_MAP_UPDATE_ELEM prog_array name=sys_enter_init_ map_fd=10 map_id=123 key=260 prog_fd=60 prog_id=14 flags=0 ret=0 errno=0
[52.941040 pid=1937 tid=1953] native-loader jit-info prog_array-target fd=60 id=14 type=17 name=sys_enter_init tag=04cfd32a108dadfd jited_len=2524 xlated_len=4552 nr_jited_ksyms=1 ksym0=0xffffffffc0401914 ksym1=0x0
[52.941305 pid=1937 tid=1953] BPF_MAP_UPDATE_ELEM prog_array name=sys_enter_init_ map_fd=10 map_id=123 key=261 prog_fd=60 prog_id=14 flags=0 ret=0 errno=0
[52.941462 pid=1937 tid=1953] native-loader jit-info prog_array-target fd=60 id=14 type=17 name=sys_enter_init tag=04cfd32a108dadfd jited_len=2524 xlated_len=4552 nr_jited_ksyms=1 ksym0=0xffffffffc0401914 ksym1=0x0
[52.941616 pid=1937 tid=1953] BPF_MAP_UPDATE_ELEM prog_array name=sys_enter_init_ map_fd=10 map_id=123 key=262 prog_fd=60 prog_id=14 flags=0 ret=0 errno=0
[52.941739 pid=1937 tid=1953] native-loader jit-info prog_array-target fd=60 id=14 type=17 name=sys_enter_init tag=04cfd32a108dadfd jited_len=2524 xlated_len=4552 nr_jited_ksyms=1 ksym0=0xffffffffc0401914 ksym1=0x0
[52.941888 pid=1937 tid=1953] BPF_MAP_UPDATE_ELEM prog_array name=sys_enter_init_ map_fd=10 map_id=123 key=263 prog_fd=60 prog_id=14 flags=0 ret=0 errno=0
[52.942013 pid=1937 tid=1953] native-loader jit-info prog_array-target fd=60 id=14 type=17 name=sys_enter_init tag=04cfd32a108dadfd jited_len=2524 xlated_len=4552 nr_jited_ksyms=1 ksym0=0xffffffffc0401914 ksym1=0x0
[52.942145 pid=1937 tid=1953] BPF_MAP_UPDATE_ELEM prog_array name=sys_enter_init_ map_fd=10 map_id=123 key=264 prog_fd=60 prog_id=14 flags=0 ret=0 errno=0
[52.942271 pid=1937 tid=1953] native-loader jit-info prog_array-target fd=60 id=14 type=17 name=sys_enter_init tag=04cfd32a108dadfd jited_len=2524 xlated_len=4552 nr_jited_ksyms=1 ksym0=0xffffffffc0401914 ksym1=0x0
[52.942404 pid=1937 tid=1953] BPF_MAP_UPDATE_ELEM prog_array name=sys_enter_init_ map_fd=10 map_id=123 key=265 prog_fd=60 prog_id=14 flags=0 ret=0 errno=0
[52.942571 pid=1937 tid=1953] native-loader jit-info prog_array-target fd=60 id=14 type=17 name=sys_enter_init tag=04cfd32a108dadfd jited_len=2524 xlated_len=4552 nr_jited_ksyms=1 ksym0=0xffffffffc0401914 ksym1=0x0
[52.942702 pid=1937 tid=1953] BPF_MAP_UPDATE_ELEM prog_array name=sys_enter_init_ map_fd=10 map_id=123 key=266 prog_fd=60 prog_id=14 flags=0 ret=0 errno=0
[52.942825 pid=1937 tid=1953] native-loader jit-info prog_array-target fd=60 id=14 type=17 name=sys_enter_init tag=04cfd32a108dadfd jited_len=2524 xlated_len=4552 nr_jited_ksyms=1 ksym0=0xffffffffc0401914 ksym1=0x0
[52.942972 pid=1937 tid=1953] BPF_MAP_UPDATE_ELEM prog_array name=sys_enter_init_ map_fd=10 map_id=123 key=267 prog_fd=60 prog_id=14 flags=0 ret=0 errno=0
[52.943135 pid=1937 tid=1953] native-loader jit-info prog_array-target fd=60 id=14 type=17 name=sys_enter_init tag=04cfd32a108dadfd jited_len=2524 xlated_len=4552 nr_jited_ksyms=1 ksym0=0xffffffffc0401914 ksym1=0x0
[52.943287 pid=1937 tid=1953] BPF_MAP_UPDATE_ELEM prog_array name=sys_enter_init_ map_fd=10 map_id=123 key=268 prog_fd=60 prog_id=14 flags=0 ret=0 errno=0
[52.943482 pid=1937 tid=1953] native-loader jit-info prog_array-target fd=60 id=14 type=17 name=sys_enter_init tag=04cfd32a108dadfd jited_len=2524 xlated_len=4552 nr_jited_ksyms=1 ksym0=0xffffffffc0401914 ksym1=0x0
[52.943660 pid=1937 tid=1953] BPF_MAP_UPDATE_ELEM prog_array name=sys_enter_init_ map_fd=10 map_id=123 key=269 prog_fd=60 prog_id=14 flags=0 ret=0 errno=0
[52.943787 pid=1937 tid=1953] native-loader jit-info prog_array-target fd=60 id=14 type=17 name=sys_enter_init tag=04cfd32a108dadfd jited_len=2524 xlated_len=4552 nr_jited_ksyms=1 ksym0=0xffffffffc0401914 ksym1=0x0
[52.943934 pid=1937 tid=1953] BPF_MAP_UPDATE_ELEM prog_array name=sys_enter_init_ map_fd=10 map_id=123 key=270 prog_fd=60 prog_id=14 flags=0 ret=0 errno=0
[52.944099 pid=1937 tid=1953] native-loader jit-info prog_array-target fd=60 id=14 type=17 name=sys_enter_init tag=04cfd32a108dadfd jited_len=2524 xlated_len=4552 nr_jited_ksyms=1 ksym0=0xffffffffc0401914 ksym1=0x0
[52.944230 pid=1937 tid=1953] BPF_MAP_UPDATE_ELEM prog_array name=sys_enter_init_ map_fd=10 map_id=123 key=271 prog_fd=60 prog_id=14 flags=0 ret=0 errno=0
[52.944381 pid=1937 tid=1953] native-loader jit-info prog_array-target fd=60 id=14 type=17 name=sys_enter_init tag=04cfd32a108dadfd jited_len=2524 xlated_len=4552 nr_jited_ksyms=1 ksym0=0xffffffffc0401914 ksym1=0x0
[52.944515 pid=1937 tid=1953] BPF_MAP_UPDATE_ELEM prog_array name=sys_enter_init_ map_fd=10 map_id=123 key=272 prog_fd=60 prog_id=14 flags=0 ret=0 errno=0
[52.944660 pid=1937 tid=1953] native-loader jit-info prog_array-target fd=60 id=14 type=17 name=sys_enter_init tag=04cfd32a108dadfd jited_len=2524 xlated_len=4552 nr_jited_ksyms=1 ksym0=0xffffffffc0401914 ksym1=0x0
[52.945004 pid=1937 tid=1953] BPF_MAP_UPDATE_ELEM prog_array name=sys_enter_init_ map_fd=10 map_id=123 key=273 prog_fd=60 prog_id=14 flags=0 ret=0 errno=0
[52.945135 pid=1937 tid=1953] native-loader jit-info prog_array-target fd=60 id=14 type=17 name=sys_enter_init tag=04cfd32a108dadfd jited_len=2524 xlated_len=4552 nr_jited_ksyms=1 ksym0=0xffffffffc0401914 ksym1=0x0
[52.945288 pid=1937 tid=1953] BPF_MAP_UPDATE_ELEM prog_array name=sys_enter_init_ map_fd=10 map_id=123 key=274 prog_fd=60 prog_id=14 flags=0 ret=0 errno=0
[52.945432 pid=1937 tid=1953] native-loader jit-info prog_array-target fd=60 id=14 type=17 name=sys_enter_init tag=04cfd32a108dadfd jited_len=2524 xlated_len=4552 nr_jited_ksyms=1 ksym0=0xffffffffc0401914 ksym1=0x0
[52.945684 pid=1937 tid=1953] BPF_MAP_UPDATE_ELEM prog_array name=sys_enter_init_ map_fd=10 map_id=123 key=275 prog_fd=60 prog_id=14 flags=0 ret=0 errno=0
[52.945830 pid=1937 tid=1953] native-loader jit-info prog_array-target fd=60 id=14 type=17 name=sys_enter_init tag=04cfd32a108dadfd jited_len=2524 xlated_len=4552 nr_jited_ksyms=1 ksym0=0xffffffffc0401914 ksym1=0x0
[52.945981 pid=1937 tid=1953] BPF_MAP_UPDATE_ELEM prog_array name=sys_enter_init_ map_fd=10 map_id=123 key=276 prog_fd=60 prog_id=14 flags=0 ret=0 errno=0
[52.946823 pid=1937 tid=1953] native-loader jit-info prog_array-target fd=60 id=14 type=17 name=sys_enter_init tag=04cfd32a108dadfd jited_len=2524 xlated_len=4552 nr_jited_ksyms=1 ksym0=0xffffffffc0401914 ksym1=0x0
[52.947299 pid=1937 tid=1953] BPF_MAP_UPDATE_ELEM prog_array name=sys_enter_init_ map_fd=10 map_id=123 key=277 prog_fd=60 prog_id=14 flags=0 ret=0 errno=0
[52.948068 pid=1937 tid=1953] native-loader jit-info prog_array-target fd=60 id=14 type=17 name=sys_enter_init tag=04cfd32a108dadfd jited_len=2524 xlated_len=4552 nr_jited_ksyms=1 ksym0=0xffffffffc0401914 ksym1=0x0
[52.948535 pid=1937 tid=1953] BPF_MAP_UPDATE_ELEM prog_array name=sys_enter_init_ map_fd=10 map_id=123 key=278 prog_fd=60 prog_id=14 flags=0 ret=0 errno=0
[52.948721 pid=1937 tid=1953] native-loader jit-info prog_array-target fd=60 id=14 type=17 name=sys_enter_init tag=04cfd32a108dadfd jited_len=2524 xlated_len=4552 nr_jited_ksyms=1 ksym0=0xffffffffc0401914 ksym1=0x0
[52.948881 pid=1937 tid=1953] BPF_MAP_UPDATE_ELEM prog_array name=sys_enter_init_ map_fd=10 map_id=123 key=279 prog_fd=60 prog_id=14 flags=0 ret=0 errno=0
[52.949028 pid=1937 tid=1953] native-loader jit-info prog_array-target fd=60 id=14 type=17 name=sys_enter_init tag=04cfd32a108dadfd jited_len=2524 xlated_len=4552 nr_jited_ksyms=1 ksym0=0xffffffffc0401914 ksym1=0x0
[52.949179 pid=1937 tid=1953] BPF_MAP_UPDATE_ELEM prog_array name=sys_enter_init_ map_fd=10 map_id=123 key=280 prog_fd=60 prog_id=14 flags=0 ret=0 errno=0
[52.949324 pid=1937 tid=1953] native-loader jit-info prog_array-target fd=60 id=14 type=17 name=sys_enter_init tag=04cfd32a108dadfd jited_len=2524 xlated_len=4552 nr_jited_ksyms=1 ksym0=0xffffffffc0401914 ksym1=0x0
[52.949749 pid=1937 tid=1953] BPF_MAP_UPDATE_ELEM prog_array name=sys_enter_init_ map_fd=10 map_id=123 key=281 prog_fd=60 prog_id=14 flags=0 ret=0 errno=0
[52.949967 pid=1937 tid=1953] native-loader jit-info prog_array-target fd=60 id=14 type=17 name=sys_enter_init tag=04cfd32a108dadfd jited_len=2524 xlated_len=4552 nr_jited_ksyms=1 ksym0=0xffffffffc0401914 ksym1=0x0
[52.950207 pid=1937 tid=1953] BPF_MAP_UPDATE_ELEM prog_array name=sys_enter_init_ map_fd=10 map_id=123 key=282 prog_fd=60 prog_id=14 flags=0 ret=0 errno=0
[52.950399 pid=1937 tid=1953] native-loader jit-info prog_array-target fd=60 id=14 type=17 name=sys_enter_init tag=04cfd32a108dadfd jited_len=2524 xlated_len=4552 nr_jited_ksyms=1 ksym0=0xffffffffc0401914 ksym1=0x0
[52.951050 pid=1937 tid=1953] BPF_MAP_UPDATE_ELEM prog_array name=sys_enter_init_ map_fd=10 map_id=123 key=283 prog_fd=60 prog_id=14 flags=0 ret=0 errno=0
[52.951176 pid=1937 tid=1953] native-loader jit-info prog_array-target fd=60 id=14 type=17 name=sys_enter_init tag=04cfd32a108dadfd jited_len=2524 xlated_len=4552 nr_jited_ksyms=1 ksym0=0xffffffffc0401914 ksym1=0x0
[52.951317 pid=1937 tid=1953] BPF_MAP_UPDATE_ELEM prog_array name=sys_enter_init_ map_fd=10 map_id=123 key=284 prog_fd=60 prog_id=14 flags=0 ret=0 errno=0
[52.951433 pid=1937 tid=1953] native-loader jit-info prog_array-target fd=60 id=14 type=17 name=sys_enter_init tag=04cfd32a108dadfd jited_len=2524 xlated_len=4552 nr_jited_ksyms=1 ksym0=0xffffffffc0401914 ksym1=0x0
[52.951573 pid=1937 tid=1953] BPF_MAP_UPDATE_ELEM prog_array name=sys_enter_init_ map_fd=10 map_id=123 key=285 prog_fd=60 prog_id=14 flags=0 ret=0 errno=0
[52.951719 pid=1937 tid=1953] native-loader jit-info prog_array-target fd=60 id=14 type=17 name=sys_enter_init tag=04cfd32a108dadfd jited_len=2524 xlated_len=4552 nr_jited_ksyms=1 ksym0=0xffffffffc0401914 ksym1=0x0
[52.951856 pid=1937 tid=1953] BPF_MAP_UPDATE_ELEM prog_array name=sys_enter_init_ map_fd=10 map_id=123 key=286 prog_fd=60 prog_id=14 flags=0 ret=0 errno=0
[52.951984 pid=1937 tid=1953] native-loader jit-info prog_array-target fd=60 id=14 type=17 name=sys_enter_init tag=04cfd32a108dadfd jited_len=2524 xlated_len=4552 nr_jited_ksyms=1 ksym0=0xffffffffc0401914 ksym1=0x0
[52.952565 pid=1937 tid=1953] BPF_MAP_UPDATE_ELEM prog_array name=sys_enter_init_ map_fd=10 map_id=123 key=287 prog_fd=60 prog_id=14 flags=0 ret=0 errno=0
[52.952765 pid=1937 tid=1953] native-loader jit-info prog_array-target fd=60 id=14 type=17 name=sys_enter_init tag=04cfd32a108dadfd jited_len=2524 xlated_len=4552 nr_jited_ksyms=1 ksym0=0xffffffffc0401914 ksym1=0x0
[52.952961 pid=1937 tid=1953] BPF_MAP_UPDATE_ELEM prog_array name=sys_enter_init_ map_fd=10 map_id=123 key=288 prog_fd=60 prog_id=14 flags=0 ret=0 errno=0
[52.953475 pid=1937 tid=1953] native-loader jit-info prog_array-target fd=60 id=14 type=17 name=sys_enter_init tag=04cfd32a108dadfd jited_len=2524 xlated_len=4552 nr_jited_ksyms=1 ksym0=0xffffffffc0401914 ksym1=0x0
[52.954191 pid=1937 tid=1953] BPF_MAP_UPDATE_ELEM prog_array name=sys_enter_init_ map_fd=10 map_id=123 key=289 prog_fd=60 prog_id=14 flags=0 ret=0 errno=0
[52.954366 pid=1937 tid=1953] native-loader jit-info prog_array-target fd=60 id=14 type=17 name=sys_enter_init tag=04cfd32a108dadfd jited_len=2524 xlated_len=4552 nr_jited_ksyms=1 ksym0=0xffffffffc0401914 ksym1=0x0
[52.954487 pid=1937 tid=1953] BPF_MAP_UPDATE_ELEM prog_array name=sys_enter_init_ map_fd=10 map_id=123 key=290 prog_fd=60 prog_id=14 flags=0 ret=0 errno=0
[52.954654 pid=1937 tid=1953] native-loader jit-info prog_array-target fd=60 id=14 type=17 name=sys_enter_init tag=04cfd32a108dadfd jited_len=2524 xlated_len=4552 nr_jited_ksyms=1 ksym0=0xffffffffc0401914 ksym1=0x0
[52.954786 pid=1937 tid=1953] BPF_MAP_UPDATE_ELEM prog_array name=sys_enter_init_ map_fd=10 map_id=123 key=291 prog_fd=60 prog_id=14 flags=0 ret=0 errno=0
[52.954956 pid=1937 tid=1953] native-loader jit-info prog_array-target fd=60 id=14 type=17 name=sys_enter_init tag=04cfd32a108dadfd jited_len=2524 xlated_len=4552 nr_jited_ksyms=1 ksym0=0xffffffffc0401914 ksym1=0x0
[52.955091 pid=1937 tid=1953] BPF_MAP_UPDATE_ELEM prog_array name=sys_enter_init_ map_fd=10 map_id=123 key=293 prog_fd=60 prog_id=14 flags=0 ret=0 errno=0
[52.955261 pid=1937 tid=1953] native-loader jit-info prog_array-target fd=60 id=14 type=17 name=sys_enter_init tag=04cfd32a108dadfd jited_len=2524 xlated_len=4552 nr_jited_ksyms=1 ksym0=0xffffffffc0401914 ksym1=0x0
[52.955847 pid=1937 tid=1953] BPF_MAP_UPDATE_ELEM prog_array name=sys_enter_init_ map_fd=10 map_id=123 key=294 prog_fd=60 prog_id=14 flags=0 ret=0 errno=0
[52.955978 pid=1937 tid=1953] native-loader jit-info prog_array-target fd=60 id=14 type=17 name=sys_enter_init tag=04cfd32a108dadfd jited_len=2524 xlated_len=4552 nr_jited_ksyms=1 ksym0=0xffffffffc0401914 ksym1=0x0
[52.956132 pid=1937 tid=1953] BPF_MAP_UPDATE_ELEM prog_array name=sys_enter_init_ map_fd=10 map_id=123 key=295 prog_fd=60 prog_id=14 flags=0 ret=0 errno=0
[52.956279 pid=1937 tid=1953] native-loader jit-info prog_array-target fd=60 id=14 type=17 name=sys_enter_init tag=04cfd32a108dadfd jited_len=2524 xlated_len=4552 nr_jited_ksyms=1 ksym0=0xffffffffc0401914 ksym1=0x0
[52.956665 pid=1937 tid=1953] BPF_MAP_UPDATE_ELEM prog_array name=sys_enter_init_ map_fd=10 map_id=123 key=296 prog_fd=60 prog_id=14 flags=0 ret=0 errno=0
[52.956808 pid=1937 tid=1953] native-loader jit-info prog_array-target fd=60 id=14 type=17 name=sys_enter_init tag=04cfd32a108dadfd jited_len=2524 xlated_len=4552 nr_jited_ksyms=1 ksym0=0xffffffffc0401914 ksym1=0x0
[52.957041 pid=1937 tid=1953] BPF_MAP_UPDATE_ELEM prog_array name=sys_enter_init_ map_fd=10 map_id=123 key=297 prog_fd=60 prog_id=14 flags=0 ret=0 errno=0
[52.957862 pid=1937 tid=1953] native-loader jit-info prog_array-target fd=60 id=14 type=17 name=sys_enter_init tag=04cfd32a108dadfd jited_len=2524 xlated_len=4552 nr_jited_ksyms=1 ksym0=0xffffffffc0401914 ksym1=0x0
[52.958160 pid=1937 tid=1953] BPF_MAP_UPDATE_ELEM prog_array name=sys_enter_init_ map_fd=10 map_id=123 key=298 prog_fd=60 prog_id=14 flags=0 ret=0 errno=0
[52.958655 pid=1937 tid=1953] native-loader jit-info prog_array-target fd=60 id=14 type=17 name=sys_enter_init tag=04cfd32a108dadfd jited_len=2524 xlated_len=4552 nr_jited_ksyms=1 ksym0=0xffffffffc0401914 ksym1=0x0
[52.959024 pid=1937 tid=1953] BPF_MAP_UPDATE_ELEM prog_array name=sys_enter_init_ map_fd=10 map_id=123 key=299 prog_fd=60 prog_id=14 flags=0 ret=0 errno=0
[52.959168 pid=1937 tid=1953] native-loader jit-info prog_array-target fd=60 id=14 type=17 name=sys_enter_init tag=04cfd32a108dadfd jited_len=2524 xlated_len=4552 nr_jited_ksyms=1 ksym0=0xffffffffc0401914 ksym1=0x0
[52.959330 pid=1937 tid=1953] BPF_MAP_UPDATE_ELEM prog_array name=sys_enter_init_ map_fd=10 map_id=123 key=300 prog_fd=60 prog_id=14 flags=0 ret=0 errno=0
[52.959478 pid=1937 tid=1953] native-loader jit-info prog_array-target fd=60 id=14 type=17 name=sys_enter_init tag=04cfd32a108dadfd jited_len=2524 xlated_len=4552 nr_jited_ksyms=1 ksym0=0xffffffffc0401914 ksym1=0x0
[52.959626 pid=1937 tid=1953] BPF_MAP_UPDATE_ELEM prog_array name=sys_enter_init_ map_fd=10 map_id=123 key=301 prog_fd=60 prog_id=14 flags=0 ret=0 errno=0
[52.959769 pid=1937 tid=1953] native-loader jit-info prog_array-target fd=60 id=14 type=17 name=sys_enter_init tag=04cfd32a108dadfd jited_len=2524 xlated_len=4552 nr_jited_ksyms=1 ksym0=0xffffffffc0401914 ksym1=0x0
[52.960067 pid=1937 tid=1953] BPF_MAP_UPDATE_ELEM prog_array name=sys_enter_init_ map_fd=10 map_id=123 key=302 prog_fd=60 prog_id=14 flags=0 ret=0 errno=0
[52.960212 pid=1937 tid=1953] native-loader jit-info prog_array-target fd=60 id=14 type=17 name=sys_enter_init tag=04cfd32a108dadfd jited_len=2524 xlated_len=4552 nr_jited_ksyms=1 ksym0=0xffffffffc0401914 ksym1=0x0
[52.960462 pid=1937 tid=1953] BPF_MAP_UPDATE_ELEM prog_array name=sys_enter_init_ map_fd=10 map_id=123 key=303 prog_fd=60 prog_id=14 flags=0 ret=0 errno=0
[52.960605 pid=1937 tid=1953] native-loader jit-info prog_array-target fd=60 id=14 type=17 name=sys_enter_init tag=04cfd32a108dadfd jited_len=2524 xlated_len=4552 nr_jited_ksyms=1 ksym0=0xffffffffc0401914 ksym1=0x0
[52.960904 pid=1937 tid=1953] BPF_MAP_UPDATE_ELEM prog_array name=sys_enter_init_ map_fd=10 map_id=123 key=304 prog_fd=60 prog_id=14 flags=0 ret=0 errno=0
[52.961072 pid=1937 tid=1953] native-loader jit-info prog_array-target fd=60 id=14 type=17 name=sys_enter_init tag=04cfd32a108dadfd jited_len=2524 xlated_len=4552 nr_jited_ksyms=1 ksym0=0xffffffffc0401914 ksym1=0x0
[52.961207 pid=1937 tid=1953] BPF_MAP_UPDATE_ELEM prog_array name=sys_enter_init_ map_fd=10 map_id=123 key=305 prog_fd=60 prog_id=14 flags=0 ret=0 errno=0
[52.961330 pid=1937 tid=1953] native-loader jit-info prog_array-target fd=60 id=14 type=17 name=sys_enter_init tag=04cfd32a108dadfd jited_len=2524 xlated_len=4552 nr_jited_ksyms=1 ksym0=0xffffffffc0401914 ksym1=0x0
[52.961484 pid=1937 tid=1953] BPF_MAP_UPDATE_ELEM prog_array name=sys_enter_init_ map_fd=10 map_id=123 key=306 prog_fd=60 prog_id=14 flags=0 ret=0 errno=0
[52.961628 pid=1937 tid=1953] native-loader jit-info prog_array-target fd=60 id=14 type=17 name=sys_enter_init tag=04cfd32a108dadfd jited_len=2524 xlated_len=4552 nr_jited_ksyms=1 ksym0=0xffffffffc0401914 ksym1=0x0
[52.961762 pid=1937 tid=1953] BPF_MAP_UPDATE_ELEM prog_array name=sys_enter_init_ map_fd=10 map_id=123 key=307 prog_fd=60 prog_id=14 flags=0 ret=0 errno=0
[52.961890 pid=1937 tid=1953] native-loader jit-info prog_array-target fd=60 id=14 type=17 name=sys_enter_init tag=04cfd32a108dadfd jited_len=2524 xlated_len=4552 nr_jited_ksyms=1 ksym0=0xffffffffc0401914 ksym1=0x0
[52.962141 pid=1937 tid=1953] BPF_MAP_UPDATE_ELEM prog_array name=sys_enter_init_ map_fd=10 map_id=123 key=308 prog_fd=60 prog_id=14 flags=0 ret=0 errno=0
[52.962324 pid=1937 tid=1953] native-loader jit-info prog_array-target fd=60 id=14 type=17 name=sys_enter_init tag=04cfd32a108dadfd jited_len=2524 xlated_len=4552 nr_jited_ksyms=1 ksym0=0xffffffffc0401914 ksym1=0x0
[52.962456 pid=1937 tid=1953] BPF_MAP_UPDATE_ELEM prog_array name=sys_enter_init_ map_fd=10 map_id=123 key=309 prog_fd=60 prog_id=14 flags=0 ret=0 errno=0
[52.962860 pid=1937 tid=1953] native-loader jit-info prog_array-target fd=60 id=14 type=17 name=sys_enter_init tag=04cfd32a108dadfd jited_len=2524 xlated_len=4552 nr_jited_ksyms=1 ksym0=0xffffffffc0401914 ksym1=0x0
[52.963155 pid=1937 tid=1953] BPF_MAP_UPDATE_ELEM prog_array name=sys_enter_init_ map_fd=10 map_id=123 key=310 prog_fd=60 prog_id=14 flags=0 ret=0 errno=0
[52.963296 pid=1937 tid=1953] native-loader jit-info prog_array-target fd=60 id=14 type=17 name=sys_enter_init tag=04cfd32a108dadfd jited_len=2524 xlated_len=4552 nr_jited_ksyms=1 ksym0=0xffffffffc0401914 ksym1=0x0
[52.963442 pid=1937 tid=1953] BPF_MAP_UPDATE_ELEM prog_array name=sys_enter_init_ map_fd=10 map_id=123 key=312 prog_fd=60 prog_id=14 flags=0 ret=0 errno=0
[52.963626 pid=1937 tid=1953] native-loader jit-info prog_array-target fd=60 id=14 type=17 name=sys_enter_init tag=04cfd32a108dadfd jited_len=2524 xlated_len=4552 nr_jited_ksyms=1 ksym0=0xffffffffc0401914 ksym1=0x0
[52.963756 pid=1937 tid=1953] BPF_MAP_UPDATE_ELEM prog_array name=sys_enter_init_ map_fd=10 map_id=123 key=313 prog_fd=60 prog_id=14 flags=0 ret=0 errno=0
[52.963886 pid=1937 tid=1953] native-loader jit-info prog_array-target fd=60 id=14 type=17 name=sys_enter_init tag=04cfd32a108dadfd jited_len=2524 xlated_len=4552 nr_jited_ksyms=1 ksym0=0xffffffffc0401914 ksym1=0x0
[52.964020 pid=1937 tid=1953] BPF_MAP_UPDATE_ELEM prog_array name=sys_enter_init_ map_fd=10 map_id=123 key=314 prog_fd=60 prog_id=14 flags=0 ret=0 errno=0
[52.964164 pid=1937 tid=1953] native-loader jit-info prog_array-target fd=60 id=14 type=17 name=sys_enter_init tag=04cfd32a108dadfd jited_len=2524 xlated_len=4552 nr_jited_ksyms=1 ksym0=0xffffffffc0401914 ksym1=0x0
[52.964495 pid=1937 tid=1953] BPF_MAP_UPDATE_ELEM prog_array name=sys_enter_init_ map_fd=10 map_id=123 key=315 prog_fd=60 prog_id=14 flags=0 ret=0 errno=0
[52.964645 pid=1937 tid=1953] native-loader jit-info prog_array-target fd=60 id=14 type=17 name=sys_enter_init tag=04cfd32a108dadfd jited_len=2524 xlated_len=4552 nr_jited_ksyms=1 ksym0=0xffffffffc0401914 ksym1=0x0
[52.964783 pid=1937 tid=1953] BPF_MAP_UPDATE_ELEM prog_array name=sys_enter_init_ map_fd=10 map_id=123 key=316 prog_fd=60 prog_id=14 flags=0 ret=0 errno=0
[52.964927 pid=1937 tid=1953] native-loader jit-info prog_array-target fd=60 id=14 type=17 name=sys_enter_init tag=04cfd32a108dadfd jited_len=2524 xlated_len=4552 nr_jited_ksyms=1 ksym0=0xffffffffc0401914 ksym1=0x0
[52.965464 pid=1937 tid=1953] BPF_MAP_UPDATE_ELEM prog_array name=sys_enter_init_ map_fd=10 map_id=123 key=317 prog_fd=60 prog_id=14 flags=0 ret=0 errno=0
[52.965596 pid=1937 tid=1953] native-loader jit-info prog_array-target fd=60 id=14 type=17 name=sys_enter_init tag=04cfd32a108dadfd jited_len=2524 xlated_len=4552 nr_jited_ksyms=1 ksym0=0xffffffffc0401914 ksym1=0x0
[52.965984 pid=1937 tid=1953] BPF_MAP_UPDATE_ELEM prog_array name=sys_enter_init_ map_fd=10 map_id=123 key=318 prog_fd=60 prog_id=14 flags=0 ret=0 errno=0
[52.966280 pid=1937 tid=1953] native-loader jit-info prog_array-target fd=60 id=14 type=17 name=sys_enter_init tag=04cfd32a108dadfd jited_len=2524 xlated_len=4552 nr_jited_ksyms=1 ksym0=0xffffffffc0401914 ksym1=0x0
[52.966625 pid=1937 tid=1953] BPF_MAP_UPDATE_ELEM prog_array name=sys_enter_init_ map_fd=10 map_id=123 key=319 prog_fd=60 prog_id=14 flags=0 ret=0 errno=0
[52.966924 pid=1937 tid=1953] native-loader jit-info prog_array-target fd=60 id=14 type=17 name=sys_enter_init tag=04cfd32a108dadfd jited_len=2524 xlated_len=4552 nr_jited_ksyms=1 ksym0=0xffffffffc0401914 ksym1=0x0
[52.967054 pid=1937 tid=1953] BPF_MAP_UPDATE_ELEM prog_array name=sys_enter_init_ map_fd=10 map_id=123 key=320 prog_fd=60 prog_id=14 flags=0 ret=0 errno=0
[52.967186 pid=1937 tid=1953] native-loader jit-info prog_array-target fd=60 id=14 type=17 name=sys_enter_init tag=04cfd32a108dadfd jited_len=2524 xlated_len=4552 nr_jited_ksyms=1 ksym0=0xffffffffc0401914 ksym1=0x0
[52.967508 pid=1937 tid=1953] BPF_MAP_UPDATE_ELEM prog_array name=sys_enter_init_ map_fd=10 map_id=123 key=321 prog_fd=60 prog_id=14 flags=0 ret=0 errno=0
[52.967897 pid=1937 tid=1953] native-loader jit-info prog_array-target fd=60 id=14 type=17 name=sys_enter_init tag=04cfd32a108dadfd jited_len=2524 xlated_len=4552 nr_jited_ksyms=1 ksym0=0xffffffffc0401914 ksym1=0x0
[52.968047 pid=1937 tid=1953] BPF_MAP_UPDATE_ELEM prog_array name=sys_enter_init_ map_fd=10 map_id=123 key=322 prog_fd=60 prog_id=14 flags=0 ret=0 errno=0
[52.968188 pid=1937 tid=1953] native-loader jit-info prog_array-target fd=60 id=14 type=17 name=sys_enter_init tag=04cfd32a108dadfd jited_len=2524 xlated_len=4552 nr_jited_ksyms=1 ksym0=0xffffffffc0401914 ksym1=0x0
[52.968503 pid=1937 tid=1953] BPF_MAP_UPDATE_ELEM prog_array name=sys_enter_init_ map_fd=10 map_id=123 key=323 prog_fd=60 prog_id=14 flags=0 ret=0 errno=0
[52.968656 pid=1937 tid=1953] native-loader jit-info prog_array-target fd=60 id=14 type=17 name=sys_enter_init tag=04cfd32a108dadfd jited_len=2524 xlated_len=4552 nr_jited_ksyms=1 ksym0=0xffffffffc0401914 ksym1=0x0
[52.969030 pid=1937 tid=1953] BPF_MAP_UPDATE_ELEM prog_array name=sys_enter_init_ map_fd=10 map_id=123 key=324 prog_fd=60 prog_id=14 flags=0 ret=0 errno=0
[52.969191 pid=1937 tid=1953] native-loader jit-info prog_array-target fd=60 id=14 type=17 name=sys_enter_init tag=04cfd32a108dadfd jited_len=2524 xlated_len=4552 nr_jited_ksyms=1 ksym0=0xffffffffc0401914 ksym1=0x0
[52.969350 pid=1937 tid=1953] BPF_MAP_UPDATE_ELEM prog_array name=sys_enter_init_ map_fd=10 map_id=123 key=325 prog_fd=60 prog_id=14 flags=0 ret=0 errno=0
[52.969540 pid=1937 tid=1953] native-loader jit-info prog_array-target fd=60 id=14 type=17 name=sys_enter_init tag=04cfd32a108dadfd jited_len=2524 xlated_len=4552 nr_jited_ksyms=1 ksym0=0xffffffffc0401914 ksym1=0x0
[52.969681 pid=1937 tid=1953] BPF_MAP_UPDATE_ELEM prog_array name=sys_enter_init_ map_fd=10 map_id=123 key=326 prog_fd=60 prog_id=14 flags=0 ret=0 errno=0
[52.969822 pid=1937 tid=1953] native-loader jit-info prog_array-target fd=60 id=14 type=17 name=sys_enter_init tag=04cfd32a108dadfd jited_len=2524 xlated_len=4552 nr_jited_ksyms=1 ksym0=0xffffffffc0401914 ksym1=0x0
[52.969972 pid=1937 tid=1953] BPF_MAP_UPDATE_ELEM prog_array name=sys_enter_init_ map_fd=10 map_id=123 key=327 prog_fd=60 prog_id=14 flags=0 ret=0 errno=0
[52.970117 pid=1937 tid=1953] native-loader jit-info prog_array-target fd=60 id=14 type=17 name=sys_enter_init tag=04cfd32a108dadfd jited_len=2524 xlated_len=4552 nr_jited_ksyms=1 ksym0=0xffffffffc0401914 ksym1=0x0
[52.970298 pid=1937 tid=1953] BPF_MAP_UPDATE_ELEM prog_array name=sys_enter_init_ map_fd=10 map_id=123 key=328 prog_fd=60 prog_id=14 flags=0 ret=0 errno=0
[52.970425 pid=1937 tid=1953] native-loader jit-info prog_array-target fd=60 id=14 type=17 name=sys_enter_init tag=04cfd32a108dadfd jited_len=2524 xlated_len=4552 nr_jited_ksyms=1 ksym0=0xffffffffc0401914 ksym1=0x0
[52.970916 pid=1937 tid=1953] BPF_MAP_UPDATE_ELEM prog_array name=sys_enter_init_ map_fd=10 map_id=123 key=329 prog_fd=60 prog_id=14 flags=0 ret=0 errno=0
[52.971100 pid=1937 tid=1953] native-loader jit-info prog_array-target fd=60 id=14 type=17 name=sys_enter_init tag=04cfd32a108dadfd jited_len=2524 xlated_len=4552 nr_jited_ksyms=1 ksym0=0xffffffffc0401914 ksym1=0x0
[52.971394 pid=1937 tid=1953] BPF_MAP_UPDATE_ELEM prog_array name=sys_enter_init_ map_fd=10 map_id=123 key=330 prog_fd=60 prog_id=14 flags=0 ret=0 errno=0
[52.971882 pid=1937 tid=1953] native-loader jit-info prog_array-target fd=60 id=14 type=17 name=sys_enter_init tag=04cfd32a108dadfd jited_len=2524 xlated_len=4552 nr_jited_ksyms=1 ksym0=0xffffffffc0401914 ksym1=0x0
[52.972047 pid=1937 tid=1953] BPF_MAP_UPDATE_ELEM prog_array name=sys_enter_init_ map_fd=10 map_id=123 key=331 prog_fd=60 prog_id=14 flags=0 ret=0 errno=0
[52.972200 pid=1937 tid=1953] native-loader jit-info prog_array-target fd=60 id=14 type=17 name=sys_enter_init tag=04cfd32a108dadfd jited_len=2524 xlated_len=4552 nr_jited_ksyms=1 ksym0=0xffffffffc0401914 ksym1=0x0
[52.972346 pid=1937 tid=1953] BPF_MAP_UPDATE_ELEM prog_array name=sys_enter_init_ map_fd=10 map_id=123 key=332 prog_fd=60 prog_id=14 flags=0 ret=0 errno=0
[52.972615 pid=1937 tid=1953] native-loader jit-info prog_array-target fd=60 id=14 type=17 name=sys_enter_init tag=04cfd32a108dadfd jited_len=2524 xlated_len=4552 nr_jited_ksyms=1 ksym0=0xffffffffc0401914 ksym1=0x0
[52.972749 pid=1937 tid=1953] BPF_MAP_UPDATE_ELEM prog_array name=sys_enter_init_ map_fd=10 map_id=123 key=333 prog_fd=60 prog_id=14 flags=0 ret=0 errno=0
[52.972910 pid=1937 tid=1953] native-loader jit-info prog_array-target fd=60 id=14 type=17 name=sys_enter_init tag=04cfd32a108dadfd jited_len=2524 xlated_len=4552 nr_jited_ksyms=1 ksym0=0xffffffffc0401914 ksym1=0x0
[52.973150 pid=1937 tid=1953] BPF_MAP_UPDATE_ELEM prog_array name=sys_enter_init_ map_fd=10 map_id=123 key=334 prog_fd=60 prog_id=14 flags=0 ret=0 errno=0
[52.973294 pid=1937 tid=1953] native-loader jit-info prog_array-target fd=60 id=14 type=17 name=sys_enter_init tag=04cfd32a108dadfd jited_len=2524 xlated_len=4552 nr_jited_ksyms=1 ksym0=0xffffffffc0401914 ksym1=0x0
[52.973803 pid=1937 tid=1953] BPF_MAP_UPDATE_ELEM prog_array name=sys_enter_init_ map_fd=10 map_id=123 key=424 prog_fd=60 prog_id=14 flags=0 ret=0 errno=0
[52.973957 pid=1937 tid=1953] native-loader jit-info prog_array-target fd=60 id=14 type=17 name=sys_enter_init tag=04cfd32a108dadfd jited_len=2524 xlated_len=4552 nr_jited_ksyms=1 ksym0=0xffffffffc0401914 ksym1=0x0
[52.974107 pid=1937 tid=1953] BPF_MAP_UPDATE_ELEM prog_array name=sys_enter_init_ map_fd=10 map_id=123 key=425 prog_fd=60 prog_id=14 flags=0 ret=0 errno=0
[52.974395 pid=1937 tid=1953] native-loader jit-info prog_array-target fd=60 id=14 type=17 name=sys_enter_init tag=04cfd32a108dadfd jited_len=2524 xlated_len=4552 nr_jited_ksyms=1 ksym0=0xffffffffc0401914 ksym1=0x0
[52.974678 pid=1937 tid=1953] BPF_MAP_UPDATE_ELEM prog_array name=sys_enter_init_ map_fd=10 map_id=123 key=426 prog_fd=60 prog_id=14 flags=0 ret=0 errno=0
[52.974822 pid=1937 tid=1953] native-loader jit-info prog_array-target fd=60 id=14 type=17 name=sys_enter_init tag=04cfd32a108dadfd jited_len=2524 xlated_len=4552 nr_jited_ksyms=1 ksym0=0xffffffffc0401914 ksym1=0x0
[52.975099 pid=1937 tid=1953] BPF_MAP_UPDATE_ELEM prog_array name=sys_enter_init_ map_fd=10 map_id=123 key=427 prog_fd=60 prog_id=14 flags=0 ret=0 errno=0
[52.975916 pid=1937 tid=1953] native-loader jit-info prog_array-target fd=60 id=14 type=17 name=sys_enter_init tag=04cfd32a108dadfd jited_len=2524 xlated_len=4552 nr_jited_ksyms=1 ksym0=0xffffffffc0401914 ksym1=0x0
[52.976328 pid=1937 tid=1953] BPF_MAP_UPDATE_ELEM prog_array name=sys_enter_init_ map_fd=10 map_id=123 key=428 prog_fd=60 prog_id=14 flags=0 ret=0 errno=0
[52.976921 pid=1937 tid=1953] native-loader jit-info prog_array-target fd=60 id=14 type=17 name=sys_enter_init tag=04cfd32a108dadfd jited_len=2524 xlated_len=4552 nr_jited_ksyms=1 ksym0=0xffffffffc0401914 ksym1=0x0
[52.977365 pid=1937 tid=1953] BPF_MAP_UPDATE_ELEM prog_array name=sys_enter_init_ map_fd=10 map_id=123 key=429 prog_fd=60 prog_id=14 flags=0 ret=0 errno=0
[52.977523 pid=1937 tid=1953] native-loader jit-info prog_array-target fd=60 id=14 type=17 name=sys_enter_init tag=04cfd32a108dadfd jited_len=2524 xlated_len=4552 nr_jited_ksyms=1 ksym0=0xffffffffc0401914 ksym1=0x0
[52.977859 pid=1937 tid=1953] BPF_MAP_UPDATE_ELEM prog_array name=sys_enter_init_ map_fd=10 map_id=123 key=430 prog_fd=60 prog_id=14 flags=0 ret=0 errno=0
[52.978017 pid=1937 tid=1953] native-loader jit-info prog_array-target fd=60 id=14 type=17 name=sys_enter_init tag=04cfd32a108dadfd jited_len=2524 xlated_len=4552 nr_jited_ksyms=1 ksym0=0xffffffffc0401914 ksym1=0x0
[52.978174 pid=1937 tid=1953] BPF_MAP_UPDATE_ELEM prog_array name=sys_enter_init_ map_fd=10 map_id=123 key=431 prog_fd=60 prog_id=14 flags=0 ret=0 errno=0
[52.978314 pid=1937 tid=1953] native-loader jit-info prog_array-target fd=60 id=14 type=17 name=sys_enter_init tag=04cfd32a108dadfd jited_len=2524 xlated_len=4552 nr_jited_ksyms=1 ksym0=0xffffffffc0401914 ksym1=0x0
[52.978484 pid=1937 tid=1953] BPF_MAP_UPDATE_ELEM prog_array name=sys_enter_init_ map_fd=10 map_id=123 key=432 prog_fd=60 prog_id=14 flags=0 ret=0 errno=0
[52.978720 pid=1937 tid=1953] native-loader jit-info prog_array-target fd=60 id=14 type=17 name=sys_enter_init tag=04cfd32a108dadfd jited_len=2524 xlated_len=4552 nr_jited_ksyms=1 ksym0=0xffffffffc0401914 ksym1=0x0
[52.978983 pid=1937 tid=1953] BPF_MAP_UPDATE_ELEM prog_array name=sys_enter_init_ map_fd=10 map_id=123 key=433 prog_fd=60 prog_id=14 flags=0 ret=0 errno=0
[52.979135 pid=1937 tid=1953] native-loader jit-info prog_array-target fd=60 id=14 type=17 name=sys_enter_init tag=04cfd32a108dadfd jited_len=2524 xlated_len=4552 nr_jited_ksyms=1 ksym0=0xffffffffc0401914 ksym1=0x0
[52.979278 pid=1937 tid=1953] BPF_MAP_UPDATE_ELEM prog_array name=sys_enter_init_ map_fd=10 map_id=123 key=434 prog_fd=60 prog_id=14 flags=0 ret=0 errno=0
[52.979459 pid=1937 tid=1953] native-loader jit-info prog_array-target fd=60 id=14 type=17 name=sys_enter_init tag=04cfd32a108dadfd jited_len=2524 xlated_len=4552 nr_jited_ksyms=1 ksym0=0xffffffffc0401914 ksym1=0x0
[52.979609 pid=1937 tid=1953] BPF_MAP_UPDATE_ELEM prog_array name=sys_enter_init_ map_fd=10 map_id=123 key=435 prog_fd=60 prog_id=14 flags=0 ret=0 errno=0
[52.979753 pid=1937 tid=1953] native-loader jit-info prog_array-target fd=60 id=14 type=17 name=sys_enter_init tag=04cfd32a108dadfd jited_len=2524 xlated_len=4552 nr_jited_ksyms=1 ksym0=0xffffffffc0401914 ksym1=0x0
[52.979904 pid=1937 tid=1953] BPF_MAP_UPDATE_ELEM prog_array name=sys_enter_init_ map_fd=10 map_id=123 key=436 prog_fd=60 prog_id=14 flags=0 ret=0 errno=0
[52.980075 pid=1937 tid=1953] native-loader jit-info prog_array-target fd=60 id=14 type=17 name=sys_enter_init tag=04cfd32a108dadfd jited_len=2524 xlated_len=4552 nr_jited_ksyms=1 ksym0=0xffffffffc0401914 ksym1=0x0
[52.980227 pid=1937 tid=1953] BPF_MAP_UPDATE_ELEM prog_array name=sys_enter_init_ map_fd=10 map_id=123 key=437 prog_fd=60 prog_id=14 flags=0 ret=0 errno=0
[52.980347 pid=1937 tid=1953] native-loader jit-info prog_array-target fd=60 id=14 type=17 name=sys_enter_init tag=04cfd32a108dadfd jited_len=2524 xlated_len=4552 nr_jited_ksyms=1 ksym0=0xffffffffc0401914 ksym1=0x0
[52.980658 pid=1937 tid=1953] BPF_MAP_UPDATE_ELEM prog_array name=sys_enter_init_ map_fd=10 map_id=123 key=438 prog_fd=60 prog_id=14 flags=0 ret=0 errno=0
[52.980811 pid=1937 tid=1953] native-loader jit-info prog_array-target fd=60 id=14 type=17 name=sys_enter_init tag=04cfd32a108dadfd jited_len=2524 xlated_len=4552 nr_jited_ksyms=1 ksym0=0xffffffffc0401914 ksym1=0x0
[52.981027 pid=1937 tid=1953] BPF_MAP_UPDATE_ELEM prog_array name=sys_enter_init_ map_fd=10 map_id=123 key=439 prog_fd=60 prog_id=14 flags=0 ret=0 errno=0
[52.981325 pid=1937 tid=1953] native-loader jit-info prog_array-target fd=60 id=14 type=17 name=sys_enter_init tag=04cfd32a108dadfd jited_len=2524 xlated_len=4552 nr_jited_ksyms=1 ksym0=0xffffffffc0401914 ksym1=0x0
[52.981672 pid=1937 tid=1953] BPF_MAP_UPDATE_ELEM prog_array name=sys_enter_init_ map_fd=10 map_id=123 key=440 prog_fd=60 prog_id=14 flags=0 ret=0 errno=0
[52.981822 pid=1937 tid=1953] native-loader jit-info prog_array-target fd=60 id=14 type=17 name=sys_enter_init tag=04cfd32a108dadfd jited_len=2524 xlated_len=4552 nr_jited_ksyms=1 ksym0=0xffffffffc0401914 ksym1=0x0
[52.981968 pid=1937 tid=1953] BPF_MAP_UPDATE_ELEM prog_array name=sys_enter_init_ map_fd=10 map_id=123 key=441 prog_fd=60 prog_id=14 flags=0 ret=0 errno=0
[52.982110 pid=1937 tid=1953] native-loader jit-info prog_array-target fd=60 id=14 type=17 name=sys_enter_init tag=04cfd32a108dadfd jited_len=2524 xlated_len=4552 nr_jited_ksyms=1 ksym0=0xffffffffc0401914 ksym1=0x0
[52.982244 pid=1937 tid=1953] BPF_MAP_UPDATE_ELEM prog_array name=sys_enter_init_ map_fd=10 map_id=123 key=442 prog_fd=60 prog_id=14 flags=0 ret=0 errno=0
[52.982410 pid=1937 tid=1953] native-loader jit-info prog_array-target fd=60 id=14 type=17 name=sys_enter_init tag=04cfd32a108dadfd jited_len=2524 xlated_len=4552 nr_jited_ksyms=1 ksym0=0xffffffffc0401914 ksym1=0x0
[52.982561 pid=1937 tid=1953] BPF_MAP_UPDATE_ELEM prog_array name=sys_enter_init_ map_fd=10 map_id=123 key=443 prog_fd=60 prog_id=14 flags=0 ret=0 errno=0
[52.982705 pid=1937 tid=1953] native-loader jit-info prog_array-target fd=60 id=14 type=17 name=sys_enter_init tag=04cfd32a108dadfd jited_len=2524 xlated_len=4552 nr_jited_ksyms=1 ksym0=0xffffffffc0401914 ksym1=0x0
[52.983201 pid=1937 tid=1953] BPF_MAP_UPDATE_ELEM prog_array name=sys_enter_init_ map_fd=10 map_id=123 key=444 prog_fd=60 prog_id=14 flags=0 ret=0 errno=0
[52.983352 pid=1937 tid=1953] native-loader jit-info prog_array-target fd=60 id=14 type=17 name=sys_enter_init tag=04cfd32a108dadfd jited_len=2524 xlated_len=4552 nr_jited_ksyms=1 ksym0=0xffffffffc0401914 ksym1=0x0
[52.983495 pid=1937 tid=1953] BPF_MAP_UPDATE_ELEM prog_array name=sys_enter_init_ map_fd=10 map_id=123 key=445 prog_fd=60 prog_id=14 flags=0 ret=0 errno=0
[52.983637 pid=1937 tid=1953] native-loader jit-info prog_array-target fd=60 id=14 type=17 name=sys_enter_init tag=04cfd32a108dadfd jited_len=2524 xlated_len=4552 nr_jited_ksyms=1 ksym0=0xffffffffc0401914 ksym1=0x0
[52.983822 pid=1937 tid=1953] BPF_MAP_UPDATE_ELEM prog_array name=sys_enter_init_ map_fd=10 map_id=123 key=446 prog_fd=60 prog_id=14 flags=0 ret=0 errno=0
[52.983960 pid=1937 tid=1953] native-loader jit-info prog_array-target fd=60 id=14 type=17 name=sys_enter_init tag=04cfd32a108dadfd jited_len=2524 xlated_len=4552 nr_jited_ksyms=1 ksym0=0xffffffffc0401914 ksym1=0x0
[52.984252 pid=1937 tid=1953] BPF_MAP_UPDATE_ELEM prog_array name=sys_enter_init_ map_fd=10 map_id=123 key=447 prog_fd=60 prog_id=14 flags=0 ret=0 errno=0
[52.984786 pid=1937 tid=1953] native-loader jit-info prog_array-target fd=60 id=14 type=17 name=sys_enter_init tag=04cfd32a108dadfd jited_len=2524 xlated_len=4552 nr_jited_ksyms=1 ksym0=0xffffffffc0401914 ksym1=0x0
[52.985051 pid=1937 tid=1953] BPF_MAP_UPDATE_ELEM prog_array name=sys_enter_init_ map_fd=10 map_id=123 key=448 prog_fd=60 prog_id=14 flags=0 ret=0 errno=0
[52.985587 pid=1937 tid=1953] native-loader jit-info prog_array-target fd=60 id=14 type=17 name=sys_enter_init tag=04cfd32a108dadfd jited_len=2524 xlated_len=4552 nr_jited_ksyms=1 ksym0=0xffffffffc0401914 ksym1=0x0
[52.985728 pid=1937 tid=1953] BPF_MAP_UPDATE_ELEM prog_array name=sys_enter_init_ map_fd=10 map_id=123 key=449 prog_fd=60 prog_id=14 flags=0 ret=0 errno=0
[52.985870 pid=1937 tid=1953] native-loader jit-info prog_array-target fd=60 id=14 type=17 name=sys_enter_init tag=04cfd32a108dadfd jited_len=2524 xlated_len=4552 nr_jited_ksyms=1 ksym0=0xffffffffc0401914 ksym1=0x0
[52.986211 pid=1937 tid=1953] BPF_MAP_UPDATE_ELEM prog_array name=sys_enter_init_ map_fd=10 map_id=123 key=450 prog_fd=60 prog_id=14 flags=0 ret=0 errno=0
[52.986362 pid=1937 tid=1953] native-loader jit-info prog_array-target fd=60 id=14 type=17 name=sys_enter_init tag=04cfd32a108dadfd jited_len=2524 xlated_len=4552 nr_jited_ksyms=1 ksym0=0xffffffffc0401914 ksym1=0x0
[52.986511 pid=1937 tid=1953] BPF_MAP_UPDATE_ELEM prog_array name=sys_enter_init_ map_fd=10 map_id=123 key=451 prog_fd=60 prog_id=14 flags=0 ret=0 errno=0
[52.986637 pid=1937 tid=1953] native-loader jit-info prog_array-target fd=60 id=14 type=17 name=sys_enter_init tag=04cfd32a108dadfd jited_len=2524 xlated_len=4552 nr_jited_ksyms=1 ksym0=0xffffffffc0401914 ksym1=0x0
[52.986791 pid=1937 tid=1953] BPF_MAP_UPDATE_ELEM prog_array name=sys_enter_init_ map_fd=10 map_id=123 key=452 prog_fd=60 prog_id=14 flags=0 ret=0 errno=0
[52.987247 pid=1937 tid=1953] native-loader jit-info prog_array-target fd=60 id=14 type=17 name=sys_enter_init tag=04cfd32a108dadfd jited_len=2524 xlated_len=4552 nr_jited_ksyms=1 ksym0=0xffffffffc0401914 ksym1=0x0
[52.987405 pid=1937 tid=1953] BPF_MAP_UPDATE_ELEM prog_array name=sys_enter_init_ map_fd=10 map_id=123 key=453 prog_fd=60 prog_id=14 flags=0 ret=0 errno=0
[52.987595 pid=1937 tid=1953] native-loader jit-info prog_array-target fd=60 id=14 type=17 name=sys_enter_init tag=04cfd32a108dadfd jited_len=2524 xlated_len=4552 nr_jited_ksyms=1 ksym0=0xffffffffc0401914 ksym1=0x0
[52.987822 pid=1937 tid=1953] BPF_MAP_UPDATE_ELEM prog_array name=sys_enter_init_ map_fd=10 map_id=123 key=454 prog_fd=60 prog_id=14 flags=0 ret=0 errno=0
[52.987966 pid=1937 tid=1953] native-loader jit-info prog_array-target fd=60 id=14 type=17 name=sys_enter_init tag=04cfd32a108dadfd jited_len=2524 xlated_len=4552 nr_jited_ksyms=1 ksym0=0xffffffffc0401914 ksym1=0x0
[52.988115 pid=1937 tid=1953] BPF_MAP_UPDATE_ELEM prog_array name=sys_enter_init_ map_fd=10 map_id=123 key=455 prog_fd=60 prog_id=14 flags=0 ret=0 errno=0
[52.988243 pid=1937 tid=1953] native-loader jit-info prog_array-target fd=60 id=14 type=17 name=sys_enter_init tag=04cfd32a108dadfd jited_len=2524 xlated_len=4552 nr_jited_ksyms=1 ksym0=0xffffffffc0401914 ksym1=0x0
[52.988394 pid=1937 tid=1953] BPF_MAP_UPDATE_ELEM prog_array name=sys_enter_init_ map_fd=10 map_id=123 key=456 prog_fd=60 prog_id=14 flags=0 ret=0 errno=0
[52.988538 pid=1937 tid=1953] native-loader jit-info prog_array-target fd=60 id=14 type=17 name=sys_enter_init tag=04cfd32a108dadfd jited_len=2524 xlated_len=4552 nr_jited_ksyms=1 ksym0=0xffffffffc0401914 ksym1=0x0
[52.988689 pid=1937 tid=1953] BPF_MAP_UPDATE_ELEM prog_array name=sys_enter_init_ map_fd=10 map_id=123 key=457 prog_fd=60 prog_id=14 flags=0 ret=0 errno=0
[52.988815 pid=1937 tid=1953] native-loader jit-info prog_array-target fd=60 id=14 type=17 name=sys_enter_init tag=04cfd32a108dadfd jited_len=2524 xlated_len=4552 nr_jited_ksyms=1 ksym0=0xffffffffc0401914 ksym1=0x0
[52.989166 pid=1937 tid=1953] BPF_MAP_UPDATE_ELEM prog_array name=sys_enter_init_ map_fd=10 map_id=123 key=458 prog_fd=60 prog_id=14 flags=0 ret=0 errno=0
[52.989312 pid=1937 tid=1953] native-loader jit-info prog_array-target fd=60 id=14 type=17 name=sys_enter_init tag=04cfd32a108dadfd jited_len=2524 xlated_len=4552 nr_jited_ksyms=1 ksym0=0xffffffffc0401914 ksym1=0x0
[52.989582 pid=1937 tid=1953] BPF_MAP_UPDATE_ELEM prog_array name=sys_enter_init_ map_fd=10 map_id=123 key=459 prog_fd=60 prog_id=14 flags=0 ret=0 errno=0
[52.989754 pid=1937 tid=1953] native-loader jit-info prog_array-target fd=60 id=14 type=17 name=sys_enter_init tag=04cfd32a108dadfd jited_len=2524 xlated_len=4552 nr_jited_ksyms=1 ksym0=0xffffffffc0401914 ksym1=0x0
[52.990025 pid=1937 tid=1953] BPF_MAP_UPDATE_ELEM prog_array name=sys_enter_init_ map_fd=10 map_id=123 key=460 prog_fd=60 prog_id=14 flags=0 ret=0 errno=0
[52.990171 pid=1937 tid=1953] native-loader jit-info prog_array-target fd=60 id=14 type=17 name=sys_enter_init tag=04cfd32a108dadfd jited_len=2524 xlated_len=4552 nr_jited_ksyms=1 ksym0=0xffffffffc0401914 ksym1=0x0
[52.990345 pid=1937 tid=1953] BPF_MAP_UPDATE_ELEM prog_array name=sys_enter_init_ map_fd=10 map_id=123 key=461 prog_fd=60 prog_id=14 flags=0 ret=0 errno=0
[52.990616 pid=1937 tid=1953] native-loader jit-info prog_array-target fd=60 id=14 type=17 name=sys_enter_init tag=04cfd32a108dadfd jited_len=2524 xlated_len=4552 nr_jited_ksyms=1 ksym0=0xffffffffc0401914 ksym1=0x0
[52.990755 pid=1937 tid=1953] BPF_MAP_UPDATE_ELEM prog_array name=sys_enter_init_ map_fd=10 map_id=123 key=462 prog_fd=60 prog_id=14 flags=0 ret=0 errno=0
[52.990882 pid=1937 tid=1953] native-loader jit-info prog_array-target fd=60 id=14 type=17 name=sys_enter_init tag=04cfd32a108dadfd jited_len=2524 xlated_len=4552 nr_jited_ksyms=1 ksym0=0xffffffffc0401914 ksym1=0x0
[52.991019 pid=1937 tid=1953] BPF_MAP_UPDATE_ELEM prog_array name=sys_enter_init_ map_fd=10 map_id=123 key=463 prog_fd=60 prog_id=14 flags=0 ret=0 errno=0
[52.991160 pid=1937 tid=1953] native-loader jit-info prog_array-target fd=60 id=14 type=17 name=sys_enter_init tag=04cfd32a108dadfd jited_len=2524 xlated_len=4552 nr_jited_ksyms=1 ksym0=0xffffffffc0401914 ksym1=0x0
[52.991343 pid=1937 tid=1953] BPF_MAP_UPDATE_ELEM prog_array name=sys_enter_init_ map_fd=10 map_id=123 key=464 prog_fd=60 prog_id=14 flags=0 ret=0 errno=0
[52.991485 pid=1937 tid=1953] native-loader jit-info prog_array-target fd=60 id=14 type=17 name=sys_enter_init tag=04cfd32a108dadfd jited_len=2524 xlated_len=4552 nr_jited_ksyms=1 ksym0=0xffffffffc0401914 ksym1=0x0
[52.991621 pid=1937 tid=1953] BPF_MAP_UPDATE_ELEM prog_array name=sys_enter_init_ map_fd=10 map_id=123 key=465 prog_fd=60 prog_id=14 flags=0 ret=0 errno=0
[52.991831 pid=1937 tid=1953] native-loader jit-info prog_array-target fd=60 id=14 type=17 name=sys_enter_init tag=04cfd32a108dadfd jited_len=2524 xlated_len=4552 nr_jited_ksyms=1 ksym0=0xffffffffc0401914 ksym1=0x0
[52.991981 pid=1937 tid=1953] BPF_MAP_UPDATE_ELEM prog_array name=sys_enter_init_ map_fd=10 map_id=123 key=466 prog_fd=60 prog_id=14 flags=0 ret=0 errno=0
[52.992109 pid=1937 tid=1953] native-loader jit-info prog_array-target fd=60 id=14 type=17 name=sys_enter_init tag=04cfd32a108dadfd jited_len=2524 xlated_len=4552 nr_jited_ksyms=1 ksym0=0xffffffffc0401914 ksym1=0x0
[52.992283 pid=1937 tid=1953] BPF_MAP_UPDATE_ELEM prog_array name=sys_enter_init_ map_fd=10 map_id=123 key=467 prog_fd=60 prog_id=14 flags=0 ret=0 errno=0
[52.992798 pid=1937 tid=1953] native-loader jit-info prog_array-target fd=60 id=14 type=17 name=sys_enter_init tag=04cfd32a108dadfd jited_len=2524 xlated_len=4552 nr_jited_ksyms=1 ksym0=0xffffffffc0401914 ksym1=0x0
[52.992995 pid=1937 tid=1953] BPF_MAP_UPDATE_ELEM prog_array name=sys_enter_init_ map_fd=10 map_id=123 key=468 prog_fd=60 prog_id=14 flags=0 ret=0 errno=0
[52.993138 pid=1937 tid=1953] native-loader jit-info prog_array-target fd=60 id=14 type=17 name=sys_enter_init tag=04cfd32a108dadfd jited_len=2524 xlated_len=4552 nr_jited_ksyms=1 ksym0=0xffffffffc0401914 ksym1=0x0
[52.993276 pid=1937 tid=1953] BPF_MAP_UPDATE_ELEM prog_array name=sys_enter_init_ map_fd=10 map_id=123 key=469 prog_fd=60 prog_id=14 flags=0 ret=0 errno=0
[52.993467 pid=1937 tid=1953] native-loader jit-info prog_array-target fd=60 id=14 type=17 name=sys_enter_init tag=04cfd32a108dadfd jited_len=2524 xlated_len=4552 nr_jited_ksyms=1 ksym0=0xffffffffc0401914 ksym1=0x0
[52.993748 pid=1937 tid=1953] BPF_MAP_UPDATE_ELEM prog_array name=sys_enter_init_ map_fd=10 map_id=123 key=470 prog_fd=60 prog_id=14 flags=0 ret=0 errno=0
[52.993873 pid=1937 tid=1953] native-loader jit-info prog_array-target fd=60 id=14 type=17 name=sys_enter_init tag=04cfd32a108dadfd jited_len=2524 xlated_len=4552 nr_jited_ksyms=1 ksym0=0xffffffffc0401914 ksym1=0x0
[52.994009 pid=1937 tid=1953] BPF_MAP_UPDATE_ELEM prog_array name=sys_enter_init_ map_fd=10 map_id=123 key=471 prog_fd=60 prog_id=14 flags=0 ret=0 errno=0
[52.994135 pid=1937 tid=1953] native-loader jit-info prog_array-target fd=60 id=14 type=17 name=sys_enter_init tag=04cfd32a108dadfd jited_len=2524 xlated_len=4552 nr_jited_ksyms=1 ksym0=0xffffffffc0401914 ksym1=0x0
[52.994365 pid=1937 tid=1953] BPF_MAP_UPDATE_ELEM prog_array name=sys_enter_init_ map_fd=10 map_id=123 key=472 prog_fd=60 prog_id=14 flags=0 ret=0 errno=0
[52.994537 pid=1937 tid=1953] native-loader jit-info prog_array-target fd=60 id=14 type=17 name=sys_enter_init tag=04cfd32a108dadfd jited_len=2524 xlated_len=4552 nr_jited_ksyms=1 ksym0=0xffffffffc0401914 ksym1=0x0
[52.994668 pid=1937 tid=1953] BPF_MAP_UPDATE_ELEM prog_array name=sys_enter_init_ map_fd=10 map_id=123 key=473 prog_fd=60 prog_id=14 flags=0 ret=0 errno=0
[52.994811 pid=1937 tid=1953] native-loader jit-info prog_array-target fd=60 id=14 type=17 name=sys_enter_init tag=04cfd32a108dadfd jited_len=2524 xlated_len=4552 nr_jited_ksyms=1 ksym0=0xffffffffc0401914 ksym1=0x0
[52.994939 pid=1937 tid=1953] BPF_MAP_UPDATE_ELEM prog_array name=sys_enter_init_ map_fd=10 map_id=123 key=474 prog_fd=60 prog_id=14 flags=0 ret=0 errno=0
[52.995082 pid=1937 tid=1953] native-loader jit-info prog_array-target fd=60 id=14 type=17 name=sys_enter_init tag=04cfd32a108dadfd jited_len=2524 xlated_len=4552 nr_jited_ksyms=1 ksym0=0xffffffffc0401914 ksym1=0x0
[52.995220 pid=1937 tid=1953] BPF_MAP_UPDATE_ELEM prog_array name=sys_enter_init_ map_fd=10 map_id=123 key=475 prog_fd=60 prog_id=14 flags=0 ret=0 errno=0
[52.995366 pid=1937 tid=1953] native-loader jit-info prog_array-target fd=60 id=14 type=17 name=sys_enter_init tag=04cfd32a108dadfd jited_len=2524 xlated_len=4552 nr_jited_ksyms=1 ksym0=0xffffffffc0401914 ksym1=0x0
[52.995507 pid=1937 tid=1953] BPF_MAP_UPDATE_ELEM prog_array name=sys_enter_init_ map_fd=10 map_id=123 key=476 prog_fd=60 prog_id=14 flags=0 ret=0 errno=0
[52.995648 pid=1937 tid=1953] native-loader jit-info prog_array-target fd=60 id=14 type=17 name=sys_enter_init tag=04cfd32a108dadfd jited_len=2524 xlated_len=4552 nr_jited_ksyms=1 ksym0=0xffffffffc0401914 ksym1=0x0
[52.995784 pid=1937 tid=1953] BPF_MAP_UPDATE_ELEM prog_array name=sys_enter_init_ map_fd=10 map_id=123 key=477 prog_fd=60 prog_id=14 flags=0 ret=0 errno=0
[52.995909 pid=1937 tid=1953] native-loader jit-info prog_array-target fd=60 id=14 type=17 name=sys_enter_init tag=04cfd32a108dadfd jited_len=2524 xlated_len=4552 nr_jited_ksyms=1 ksym0=0xffffffffc0401914 ksym1=0x0
[52.996040 pid=1937 tid=1953] BPF_MAP_UPDATE_ELEM prog_array name=sys_enter_init_ map_fd=10 map_id=123 key=478 prog_fd=60 prog_id=14 flags=0 ret=0 errno=0
[52.996190 pid=1937 tid=1953] native-loader jit-info prog_array-target fd=60 id=14 type=17 name=sys_enter_init tag=04cfd32a108dadfd jited_len=2524 xlated_len=4552 nr_jited_ksyms=1 ksym0=0xffffffffc0401914 ksym1=0x0
[52.996455 pid=1937 tid=1953] BPF_MAP_UPDATE_ELEM prog_array name=sys_enter_init_ map_fd=10 map_id=123 key=479 prog_fd=60 prog_id=14 flags=0 ret=0 errno=0
[52.996603 pid=1937 tid=1953] native-loader jit-info prog_array-target fd=60 id=14 type=17 name=sys_enter_init tag=04cfd32a108dadfd jited_len=2524 xlated_len=4552 nr_jited_ksyms=1 ksym0=0xffffffffc0401914 ksym1=0x0
[52.996766 pid=1937 tid=1953] BPF_MAP_UPDATE_ELEM prog_array name=sys_enter_init_ map_fd=10 map_id=123 key=480 prog_fd=60 prog_id=14 flags=0 ret=0 errno=0
[52.996907 pid=1937 tid=1953] native-loader jit-info prog_array-target fd=60 id=14 type=17 name=sys_enter_init tag=04cfd32a108dadfd jited_len=2524 xlated_len=4552 nr_jited_ksyms=1 ksym0=0xffffffffc0401914 ksym1=0x0
[52.997040 pid=1937 tid=1953] BPF_MAP_UPDATE_ELEM prog_array name=sys_enter_init_ map_fd=10 map_id=123 key=481 prog_fd=60 prog_id=14 flags=0 ret=0 errno=0
[52.997268 pid=1937 tid=1953] native-loader jit-info prog_array-target fd=60 id=14 type=17 name=sys_enter_init tag=04cfd32a108dadfd jited_len=2524 xlated_len=4552 nr_jited_ksyms=1 ksym0=0xffffffffc0401914 ksym1=0x0
[52.997404 pid=1937 tid=1953] BPF_MAP_UPDATE_ELEM prog_array name=sys_enter_init_ map_fd=10 map_id=123 key=482 prog_fd=60 prog_id=14 flags=0 ret=0 errno=0
[52.997534 pid=1937 tid=1953] native-loader jit-info prog_array-target fd=60 id=14 type=17 name=sys_enter_init tag=04cfd32a108dadfd jited_len=2524 xlated_len=4552 nr_jited_ksyms=1 ksym0=0xffffffffc0401914 ksym1=0x0
[52.997841 pid=1937 tid=1953] BPF_MAP_UPDATE_ELEM prog_array name=sys_enter_init_ map_fd=10 map_id=123 key=483 prog_fd=60 prog_id=14 flags=0 ret=0 errno=0
[52.997983 pid=1937 tid=1953] native-loader jit-info prog_array-target fd=60 id=14 type=17 name=sys_enter_init tag=04cfd32a108dadfd jited_len=2524 xlated_len=4552 nr_jited_ksyms=1 ksym0=0xffffffffc0401914 ksym1=0x0
[52.998170 pid=1937 tid=1953] BPF_MAP_UPDATE_ELEM prog_array name=sys_enter_init_ map_fd=10 map_id=123 key=484 prog_fd=60 prog_id=14 flags=0 ret=0 errno=0
[52.998314 pid=1937 tid=1953] native-loader jit-info prog_array-target fd=60 id=14 type=17 name=sys_enter_init tag=04cfd32a108dadfd jited_len=2524 xlated_len=4552 nr_jited_ksyms=1 ksym0=0xffffffffc0401914 ksym1=0x0
[52.998454 pid=1937 tid=1953] BPF_MAP_UPDATE_ELEM prog_array name=sys_enter_init_ map_fd=10 map_id=123 key=485 prog_fd=60 prog_id=14 flags=0 ret=0 errno=0
[52.998697 pid=1937 tid=1953] native-loader jit-info prog_array-target fd=60 id=14 type=17 name=sys_enter_init tag=04cfd32a108dadfd jited_len=2524 xlated_len=4552 nr_jited_ksyms=1 ksym0=0xffffffffc0401914 ksym1=0x0
[52.998848 pid=1937 tid=1953] BPF_MAP_UPDATE_ELEM prog_array name=sys_enter_init_ map_fd=10 map_id=123 key=486 prog_fd=60 prog_id=14 flags=0 ret=0 errno=0
[52.998989 pid=1937 tid=1953] native-loader jit-info prog_array-target fd=60 id=14 type=17 name=sys_enter_init tag=04cfd32a108dadfd jited_len=2524 xlated_len=4552 nr_jited_ksyms=1 ksym0=0xffffffffc0401914 ksym1=0x0
[52.999226 pid=1937 tid=1953] BPF_MAP_UPDATE_ELEM prog_array name=sys_enter_init_ map_fd=10 map_id=123 key=487 prog_fd=60 prog_id=14 flags=0 ret=0 errno=0
[52.999415 pid=1937 tid=1953] native-loader jit-info prog_array-target fd=60 id=14 type=17 name=sys_enter_init tag=04cfd32a108dadfd jited_len=2524 xlated_len=4552 nr_jited_ksyms=1 ksym0=0xffffffffc0401914 ksym1=0x0
[52.999589 pid=1937 tid=1953] BPF_MAP_UPDATE_ELEM prog_array name=sys_enter_init_ map_fd=10 map_id=123 key=488 prog_fd=60 prog_id=14 flags=0 ret=0 errno=0
[52.999737 pid=1937 tid=1953] native-loader jit-info prog_array-target fd=60 id=14 type=17 name=sys_enter_init tag=04cfd32a108dadfd jited_len=2524 xlated_len=4552 nr_jited_ksyms=1 ksym0=0xffffffffc0401914 ksym1=0x0
[52.999891 pid=1937 tid=1953] BPF_MAP_UPDATE_ELEM prog_array name=sys_enter_init_ map_fd=10 map_id=123 key=489 prog_fd=60 prog_id=14 flags=0 ret=0 errno=0
[53.000040 pid=1937 tid=1953] native-loader jit-info prog_array-target fd=60 id=14 type=17 name=sys_enter_init tag=04cfd32a108dadfd jited_len=2524 xlated_len=4552 nr_jited_ksyms=1 ksym0=0xffffffffc0401914 ksym1=0x0
[53.000192 pid=1937 tid=1953] BPF_MAP_UPDATE_ELEM prog_array name=sys_enter_init_ map_fd=10 map_id=123 key=490 prog_fd=60 prog_id=14 flags=0 ret=0 errno=0
[53.000347 pid=1937 tid=1953] native-loader jit-info prog_array-target fd=60 id=14 type=17 name=sys_enter_init tag=04cfd32a108dadfd jited_len=2524 xlated_len=4552 nr_jited_ksyms=1 ksym0=0xffffffffc0401914 ksym1=0x0
[53.000498 pid=1937 tid=1953] BPF_MAP_UPDATE_ELEM prog_array name=sys_enter_init_ map_fd=10 map_id=123 key=491 prog_fd=60 prog_id=14 flags=0 ret=0 errno=0
[53.000626 pid=1937 tid=1953] native-loader jit-info prog_array-target fd=60 id=14 type=17 name=sys_enter_init tag=04cfd32a108dadfd jited_len=2524 xlated_len=4552 nr_jited_ksyms=1 ksym0=0xffffffffc0401914 ksym1=0x0
[53.000769 pid=1937 tid=1953] BPF_MAP_UPDATE_ELEM prog_array name=sys_enter_init_ map_fd=10 map_id=123 key=492 prog_fd=60 prog_id=14 flags=0 ret=0 errno=0
[53.000929 pid=1937 tid=1953] native-loader jit-info prog_array-target fd=60 id=14 type=17 name=sys_enter_init tag=04cfd32a108dadfd jited_len=2524 xlated_len=4552 nr_jited_ksyms=1 ksym0=0xffffffffc0401914 ksym1=0x0
[53.001061 pid=1937 tid=1953] BPF_MAP_UPDATE_ELEM prog_array name=sys_enter_init_ map_fd=10 map_id=123 key=493 prog_fd=60 prog_id=14 flags=0 ret=0 errno=0
[53.001271 pid=1937 tid=1953] native-loader jit-info prog_array-target fd=60 id=14 type=17 name=sys_enter_init tag=04cfd32a108dadfd jited_len=2524 xlated_len=4552 nr_jited_ksyms=1 ksym0=0xffffffffc0401914 ksym1=0x0
[53.001406 pid=1937 tid=1953] BPF_MAP_UPDATE_ELEM prog_array name=sys_enter_init_ map_fd=10 map_id=123 key=494 prog_fd=60 prog_id=14 flags=0 ret=0 errno=0
[53.001584 pid=1937 tid=1953] native-loader jit-info prog_array-target fd=60 id=14 type=17 name=sys_enter_init tag=04cfd32a108dadfd jited_len=2524 xlated_len=4552 nr_jited_ksyms=1 ksym0=0xffffffffc0401914 ksym1=0x0
[53.001799 pid=1937 tid=1953] BPF_MAP_UPDATE_ELEM prog_array name=sys_enter_init_ map_fd=10 map_id=123 key=495 prog_fd=60 prog_id=14 flags=0 ret=0 errno=0
[53.001925 pid=1937 tid=1953] native-loader jit-info prog_array-target fd=60 id=14 type=17 name=sys_enter_init tag=04cfd32a108dadfd jited_len=2524 xlated_len=4552 nr_jited_ksyms=1 ksym0=0xffffffffc0401914 ksym1=0x0
[53.002063 pid=1937 tid=1953] BPF_MAP_UPDATE_ELEM prog_array name=sys_enter_init_ map_fd=10 map_id=123 key=496 prog_fd=60 prog_id=14 flags=0 ret=0 errno=0
[53.002197 pid=1937 tid=1953] native-loader jit-info prog_array-target fd=60 id=14 type=17 name=sys_enter_init tag=04cfd32a108dadfd jited_len=2524 xlated_len=4552 nr_jited_ksyms=1 ksym0=0xffffffffc0401914 ksym1=0x0
[53.002511 pid=1937 tid=1953] BPF_MAP_UPDATE_ELEM prog_array name=sys_enter_init_ map_fd=10 map_id=123 key=497 prog_fd=60 prog_id=14 flags=0 ret=0 errno=0
[53.002642 pid=1937 tid=1953] native-loader jit-info prog_array-target fd=60 id=14 type=17 name=sys_enter_init tag=04cfd32a108dadfd jited_len=2524 xlated_len=4552 nr_jited_ksyms=1 ksym0=0xffffffffc0401914 ksym1=0x0
[53.003097 pid=1937 tid=1953] BPF_MAP_UPDATE_ELEM prog_array name=sys_enter_init_ map_fd=10 map_id=123 key=498 prog_fd=60 prog_id=14 flags=0 ret=0 errno=0
[53.003243 pid=1937 tid=1953] native-loader jit-info prog_array-target fd=60 id=14 type=17 name=sys_enter_init tag=04cfd32a108dadfd jited_len=2524 xlated_len=4552 nr_jited_ksyms=1 ksym0=0xffffffffc0401914 ksym1=0x0
[53.003531 pid=1937 tid=1953] BPF_MAP_UPDATE_ELEM prog_array name=sys_enter_init_ map_fd=10 map_id=123 key=499 prog_fd=60 prog_id=14 flags=0 ret=0 errno=0
[53.004244 pid=1937 tid=1953] native-loader jit-info prog_array-target fd=60 id=14 type=17 name=sys_enter_init tag=04cfd32a108dadfd jited_len=2524 xlated_len=4552 nr_jited_ksyms=1 ksym0=0xffffffffc0401914 ksym1=0x0
[53.004538 pid=1937 tid=1953] BPF_MAP_UPDATE_ELEM prog_array name=sys_enter_init_ map_fd=10 map_id=123 key=500 prog_fd=60 prog_id=14 flags=0 ret=0 errno=0
[53.004809 pid=1937 tid=1953] native-loader jit-info prog_array-target fd=60 id=14 type=17 name=sys_enter_init tag=04cfd32a108dadfd jited_len=2524 xlated_len=4552 nr_jited_ksyms=1 ksym0=0xffffffffc0401914 ksym1=0x0
[53.004952 pid=1937 tid=1953] BPF_MAP_UPDATE_ELEM prog_array name=sys_enter_init_ map_fd=10 map_id=123 key=501 prog_fd=60 prog_id=14 flags=0 ret=0 errno=0
[53.005189 pid=1937 tid=1953] native-loader jit-info prog_array-target fd=60 id=14 type=17 name=sys_enter_init tag=04cfd32a108dadfd jited_len=2524 xlated_len=4552 nr_jited_ksyms=1 ksym0=0xffffffffc0401914 ksym1=0x0
[53.005332 pid=1937 tid=1953] BPF_MAP_UPDATE_ELEM prog_array name=sys_enter_init_ map_fd=10 map_id=123 key=502 prog_fd=60 prog_id=14 flags=0 ret=0 errno=0
[53.005488 pid=1937 tid=1953] native-loader jit-info prog_array-target fd=60 id=14 type=17 name=sys_enter_init tag=04cfd32a108dadfd jited_len=2524 xlated_len=4552 nr_jited_ksyms=1 ksym0=0xffffffffc0401914 ksym1=0x0
[53.005719 pid=1937 tid=1953] BPF_MAP_UPDATE_ELEM prog_array name=sys_enter_init_ map_fd=10 map_id=123 key=503 prog_fd=60 prog_id=14 flags=0 ret=0 errno=0
[53.005868 pid=1937 tid=1953] native-loader jit-info prog_array-target fd=60 id=14 type=17 name=sys_enter_init tag=04cfd32a108dadfd jited_len=2524 xlated_len=4552 nr_jited_ksyms=1 ksym0=0xffffffffc0401914 ksym1=0x0
[53.006322 pid=1937 tid=1953] BPF_MAP_UPDATE_ELEM prog_array name=sys_enter_init_ map_fd=10 map_id=123 key=504 prog_fd=60 prog_id=14 flags=0 ret=0 errno=0
[53.006477 pid=1937 tid=1953] native-loader jit-info prog_array-target fd=60 id=14 type=17 name=sys_enter_init tag=04cfd32a108dadfd jited_len=2524 xlated_len=4552 nr_jited_ksyms=1 ksym0=0xffffffffc0401914 ksym1=0x0
[53.006622 pid=1937 tid=1953] BPF_MAP_UPDATE_ELEM prog_array name=sys_enter_init_ map_fd=10 map_id=123 key=505 prog_fd=60 prog_id=14 flags=0 ret=0 errno=0
[53.006942 pid=1937 tid=1953] native-loader jit-info prog_array-target fd=60 id=14 type=17 name=sys_enter_init tag=04cfd32a108dadfd jited_len=2524 xlated_len=4552 nr_jited_ksyms=1 ksym0=0xffffffffc0401914 ksym1=0x0
[53.007092 pid=1937 tid=1953] BPF_MAP_UPDATE_ELEM prog_array name=sys_enter_init_ map_fd=10 map_id=123 key=506 prog_fd=60 prog_id=14 flags=0 ret=0 errno=0
[53.007234 pid=1937 tid=1953] native-loader jit-info prog_array-target fd=60 id=14 type=17 name=sys_enter_init tag=04cfd32a108dadfd jited_len=2524 xlated_len=4552 nr_jited_ksyms=1 ksym0=0xffffffffc0401914 ksym1=0x0
[53.007735 pid=1937 tid=1953] BPF_MAP_UPDATE_ELEM prog_array name=sys_enter_init_ map_fd=10 map_id=123 key=507 prog_fd=60 prog_id=14 flags=0 ret=0 errno=0
[53.008244 pid=1937 tid=1953] native-loader jit-info prog_array-target fd=60 id=14 type=17 name=sys_enter_init tag=04cfd32a108dadfd jited_len=2524 xlated_len=4552 nr_jited_ksyms=1 ksym0=0xffffffffc0401914 ksym1=0x0
[53.008668 pid=1937 tid=1953] BPF_MAP_UPDATE_ELEM prog_array name=sys_enter_init_ map_fd=10 map_id=123 key=508 prog_fd=60 prog_id=14 flags=0 ret=0 errno=0
[53.009520 pid=1937 tid=1953] native-loader jit-info prog_array-target fd=60 id=14 type=17 name=sys_enter_init tag=04cfd32a108dadfd jited_len=2524 xlated_len=4552 nr_jited_ksyms=1 ksym0=0xffffffffc0401914 ksym1=0x0
[53.010329 pid=1937 tid=1953] BPF_MAP_UPDATE_ELEM prog_array name=sys_enter_init_ map_fd=10 map_id=123 key=509 prog_fd=60 prog_id=14 flags=0 ret=0 errno=0
[53.010485 pid=1937 tid=1953] native-loader jit-info prog_array-target fd=60 id=14 type=17 name=sys_enter_init tag=04cfd32a108dadfd jited_len=2524 xlated_len=4552 nr_jited_ksyms=1 ksym0=0xffffffffc0401914 ksym1=0x0
[53.010902 pid=1937 tid=1953] BPF_MAP_UPDATE_ELEM prog_array name=sys_enter_init_ map_fd=10 map_id=123 key=510 prog_fd=60 prog_id=14 flags=0 ret=0 errno=0
[53.011390 pid=1937 tid=1953] native-loader jit-info prog_array-target fd=60 id=14 type=17 name=sys_enter_init tag=04cfd32a108dadfd jited_len=2524 xlated_len=4552 nr_jited_ksyms=1 ksym0=0xffffffffc0401914 ksym1=0x0
[53.011556 pid=1937 tid=1953] BPF_MAP_UPDATE_ELEM prog_array name=sys_enter_init_ map_fd=10 map_id=123 key=511 prog_fd=60 prog_id=14 flags=0 ret=0 errno=0
[53.011705 pid=1937 tid=1953] native-loader jit-info prog_array-target fd=60 id=14 type=17 name=sys_enter_init tag=04cfd32a108dadfd jited_len=2524 xlated_len=4552 nr_jited_ksyms=1 ksym0=0xffffffffc0401914 ksym1=0x0
[53.012276 pid=1937 tid=1953] BPF_MAP_UPDATE_ELEM prog_array name=sys_enter_init_ map_fd=10 map_id=123 key=512 prog_fd=60 prog_id=14 flags=0 ret=0 errno=0
[53.012651 pid=1937 tid=1953] native-loader jit-info prog_array-target fd=60 id=14 type=17 name=sys_enter_init tag=04cfd32a108dadfd jited_len=2524 xlated_len=4552 nr_jited_ksyms=1 ksym0=0xffffffffc0401914 ksym1=0x0
[53.013068 pid=1937 tid=1953] BPF_MAP_UPDATE_ELEM prog_array name=sys_enter_init_ map_fd=10 map_id=123 key=513 prog_fd=60 prog_id=14 flags=0 ret=0 errno=0
[53.013231 pid=1937 tid=1953] native-loader jit-info prog_array-target fd=60 id=14 type=17 name=sys_enter_init tag=04cfd32a108dadfd jited_len=2524 xlated_len=4552 nr_jited_ksyms=1 ksym0=0xffffffffc0401914 ksym1=0x0
[53.013672 pid=1937 tid=1953] BPF_MAP_UPDATE_ELEM prog_array name=sys_enter_init_ map_fd=10 map_id=123 key=514 prog_fd=60 prog_id=14 flags=0 ret=0 errno=0
[53.013831 pid=1937 tid=1953] native-loader jit-info prog_array-target fd=60 id=14 type=17 name=sys_enter_init tag=04cfd32a108dadfd jited_len=2524 xlated_len=4552 nr_jited_ksyms=1 ksym0=0xffffffffc0401914 ksym1=0x0
[53.013976 pid=1937 tid=1953] BPF_MAP_UPDATE_ELEM prog_array name=sys_enter_init_ map_fd=10 map_id=123 key=515 prog_fd=60 prog_id=14 flags=0 ret=0 errno=0
[53.014121 pid=1937 tid=1953] native-loader jit-info prog_array-target fd=60 id=14 type=17 name=sys_enter_init tag=04cfd32a108dadfd jited_len=2524 xlated_len=4552 nr_jited_ksyms=1 ksym0=0xffffffffc0401914 ksym1=0x0
[53.014274 pid=1937 tid=1953] BPF_MAP_UPDATE_ELEM prog_array name=sys_enter_init_ map_fd=10 map_id=123 key=516 prog_fd=60 prog_id=14 flags=0 ret=0 errno=0
[53.014469 pid=1937 tid=1953] native-loader jit-info prog_array-target fd=60 id=14 type=17 name=sys_enter_init tag=04cfd32a108dadfd jited_len=2524 xlated_len=4552 nr_jited_ksyms=1 ksym0=0xffffffffc0401914 ksym1=0x0
[53.014599 pid=1937 tid=1953] BPF_MAP_UPDATE_ELEM prog_array name=sys_enter_init_ map_fd=10 map_id=123 key=517 prog_fd=60 prog_id=14 flags=0 ret=0 errno=0
[53.014729 pid=1937 tid=1953] native-loader jit-info prog_array-target fd=60 id=14 type=17 name=sys_enter_init tag=04cfd32a108dadfd jited_len=2524 xlated_len=4552 nr_jited_ksyms=1 ksym0=0xffffffffc0401914 ksym1=0x0
[53.015025 pid=1937 tid=1953] BPF_MAP_UPDATE_ELEM prog_array name=sys_enter_init_ map_fd=10 map_id=123 key=518 prog_fd=60 prog_id=14 flags=0 ret=0 errno=0
[53.015166 pid=1937 tid=1953] native-loader jit-info prog_array-target fd=60 id=14 type=17 name=sys_enter_init tag=04cfd32a108dadfd jited_len=2524 xlated_len=4552 nr_jited_ksyms=1 ksym0=0xffffffffc0401914 ksym1=0x0
[53.015449 pid=1937 tid=1953] BPF_MAP_UPDATE_ELEM prog_array name=sys_enter_init_ map_fd=10 map_id=123 key=519 prog_fd=60 prog_id=14 flags=0 ret=0 errno=0
[53.016157 pid=1937 tid=1953] native-loader jit-info prog_array-target fd=60 id=14 type=17 name=sys_enter_init tag=04cfd32a108dadfd jited_len=2524 xlated_len=4552 nr_jited_ksyms=1 ksym0=0xffffffffc0401914 ksym1=0x0
[53.016700 pid=1937 tid=1953] BPF_MAP_UPDATE_ELEM prog_array name=sys_enter_init_ map_fd=10 map_id=123 key=520 prog_fd=60 prog_id=14 flags=0 ret=0 errno=0
[53.016874 pid=1937 tid=1953] native-loader jit-info prog_array-target fd=60 id=14 type=17 name=sys_enter_init tag=04cfd32a108dadfd jited_len=2524 xlated_len=4552 nr_jited_ksyms=1 ksym0=0xffffffffc0401914 ksym1=0x0
[53.017008 pid=1937 tid=1953] BPF_MAP_UPDATE_ELEM prog_array name=sys_enter_init_ map_fd=10 map_id=123 key=521 prog_fd=60 prog_id=14 flags=0 ret=0 errno=0
[53.017269 pid=1937 tid=1953] native-loader jit-info prog_array-target fd=60 id=14 type=17 name=sys_enter_init tag=04cfd32a108dadfd jited_len=2524 xlated_len=4552 nr_jited_ksyms=1 ksym0=0xffffffffc0401914 ksym1=0x0
[53.017418 pid=1937 tid=1953] BPF_MAP_UPDATE_ELEM prog_array name=sys_enter_init_ map_fd=10 map_id=123 key=522 prog_fd=60 prog_id=14 flags=0 ret=0 errno=0
[53.017571 pid=1937 tid=1953] native-loader jit-info prog_array-target fd=60 id=14 type=17 name=sys_enter_init tag=04cfd32a108dadfd jited_len=2524 xlated_len=4552 nr_jited_ksyms=1 ksym0=0xffffffffc0401914 ksym1=0x0
[53.017791 pid=1937 tid=1953] BPF_MAP_UPDATE_ELEM prog_array name=sys_enter_init_ map_fd=10 map_id=123 key=523 prog_fd=60 prog_id=14 flags=0 ret=0 errno=0
[53.017932 pid=1937 tid=1953] native-loader jit-info prog_array-target fd=60 id=14 type=17 name=sys_enter_init tag=04cfd32a108dadfd jited_len=2524 xlated_len=4552 nr_jited_ksyms=1 ksym0=0xffffffffc0401914 ksym1=0x0
[53.018229 pid=1937 tid=1953] BPF_MAP_UPDATE_ELEM prog_array name=sys_enter_init_ map_fd=10 map_id=123 key=524 prog_fd=60 prog_id=14 flags=0 ret=0 errno=0
[53.018368 pid=1937 tid=1953] native-loader jit-info prog_array-target fd=60 id=14 type=17 name=sys_enter_init tag=04cfd32a108dadfd jited_len=2524 xlated_len=4552 nr_jited_ksyms=1 ksym0=0xffffffffc0401914 ksym1=0x0
[53.018504 pid=1937 tid=1953] BPF_MAP_UPDATE_ELEM prog_array name=sys_enter_init_ map_fd=10 map_id=123 key=525 prog_fd=60 prog_id=14 flags=0 ret=0 errno=0
[53.018736 pid=1937 tid=1953] native-loader jit-info prog_array-target fd=60 id=14 type=17 name=sys_enter_init tag=04cfd32a108dadfd jited_len=2524 xlated_len=4552 nr_jited_ksyms=1 ksym0=0xffffffffc0401914 ksym1=0x0
[53.018886 pid=1937 tid=1953] BPF_MAP_UPDATE_ELEM prog_array name=sys_enter_init_ map_fd=10 map_id=123 key=526 prog_fd=60 prog_id=14 flags=0 ret=0 errno=0
[53.019028 pid=1937 tid=1953] native-loader jit-info prog_array-target fd=60 id=14 type=17 name=sys_enter_init tag=04cfd32a108dadfd jited_len=2524 xlated_len=4552 nr_jited_ksyms=1 ksym0=0xffffffffc0401914 ksym1=0x0
[53.019267 pid=1937 tid=1953] BPF_MAP_UPDATE_ELEM prog_array name=sys_enter_init_ map_fd=10 map_id=123 key=527 prog_fd=60 prog_id=14 flags=0 ret=0 errno=0
[53.020145 pid=1937 tid=1953] native-loader jit-info prog_array-target fd=60 id=14 type=17 name=sys_enter_init tag=04cfd32a108dadfd jited_len=2524 xlated_len=4552 nr_jited_ksyms=1 ksym0=0xffffffffc0401914 ksym1=0x0
[53.020735 pid=1937 tid=1953] BPF_MAP_UPDATE_ELEM prog_array name=sys_enter_init_ map_fd=10 map_id=123 key=528 prog_fd=60 prog_id=14 flags=0 ret=0 errno=0
[53.021477 pid=1937 tid=1953] native-loader jit-info prog_array-target fd=60 id=14 type=17 name=sys_enter_init tag=04cfd32a108dadfd jited_len=2524 xlated_len=4552 nr_jited_ksyms=1 ksym0=0xffffffffc0401914 ksym1=0x0
[53.022104 pid=1937 tid=1953] BPF_MAP_UPDATE_ELEM prog_array name=sys_enter_init_ map_fd=10 map_id=123 key=529 prog_fd=60 prog_id=14 flags=0 ret=0 errno=0
[53.022248 pid=1937 tid=1953] native-loader jit-info prog_array-target fd=60 id=14 type=17 name=sys_enter_init tag=04cfd32a108dadfd jited_len=2524 xlated_len=4552 nr_jited_ksyms=1 ksym0=0xffffffffc0401914 ksym1=0x0
[53.022704 pid=1937 tid=1953] BPF_MAP_UPDATE_ELEM prog_array name=sys_enter_init_ map_fd=10 map_id=123 key=530 prog_fd=60 prog_id=14 flags=0 ret=0 errno=0
[53.023002 pid=1937 tid=1953] native-loader jit-info prog_array-target fd=60 id=14 type=17 name=sys_enter_init tag=04cfd32a108dadfd jited_len=2524 xlated_len=4552 nr_jited_ksyms=1 ksym0=0xffffffffc0401914 ksym1=0x0
[53.023151 pid=1937 tid=1953] BPF_MAP_UPDATE_ELEM prog_array name=sys_enter_init_ map_fd=10 map_id=123 key=531 prog_fd=60 prog_id=14 flags=0 ret=0 errno=0
[53.023296 pid=1937 tid=1953] native-loader jit-info prog_array-target fd=60 id=14 type=17 name=sys_enter_init tag=04cfd32a108dadfd jited_len=2524 xlated_len=4552 nr_jited_ksyms=1 ksym0=0xffffffffc0401914 ksym1=0x0
[53.024092 pid=1937 tid=1953] BPF_MAP_UPDATE_ELEM prog_array name=sys_enter_init_ map_fd=10 map_id=123 key=532 prog_fd=60 prog_id=14 flags=0 ret=0 errno=0
[53.024683 pid=1937 tid=1953] native-loader jit-info prog_array-target fd=60 id=14 type=17 name=sys_enter_init tag=04cfd32a108dadfd jited_len=2524 xlated_len=4552 nr_jited_ksyms=1 ksym0=0xffffffffc0401914 ksym1=0x0
[53.025079 pid=1937 tid=1953] BPF_MAP_UPDATE_ELEM prog_array name=sys_enter_init_ map_fd=10 map_id=123 key=533 prog_fd=60 prog_id=14 flags=0 ret=0 errno=0
[53.025275 pid=1937 tid=1953] native-loader jit-info prog_array-target fd=60 id=14 type=17 name=sys_enter_init tag=04cfd32a108dadfd jited_len=2524 xlated_len=4552 nr_jited_ksyms=1 ksym0=0xffffffffc0401914 ksym1=0x0
[53.025751 pid=1937 tid=1953] BPF_MAP_UPDATE_ELEM prog_array name=sys_enter_init_ map_fd=10 map_id=123 key=534 prog_fd=60 prog_id=14 flags=0 ret=0 errno=0
[53.025905 pid=1937 tid=1953] native-loader jit-info prog_array-target fd=60 id=14 type=17 name=sys_enter_init tag=04cfd32a108dadfd jited_len=2524 xlated_len=4552 nr_jited_ksyms=1 ksym0=0xffffffffc0401914 ksym1=0x0
[53.026102 pid=1937 tid=1953] BPF_MAP_UPDATE_ELEM prog_array name=sys_exit_tails map_fd=18 map_id=131 key=59 prog_fd=171 prog_id=34 flags=0 ret=0 errno=0
[53.026246 pid=1937 tid=1953] native-loader jit-info prog_array-target fd=171 id=34 type=17 name=syscall__execve tag=a3a03e7b086ee082 jited_len=22904 xlated_len=33792 nr_jited_ksyms=1 ksym0=0xffffffffc04289e0 ksym1=0x0
[53.026619 pid=1937 tid=1953] BPF_MAP_UPDATE_ELEM prog_array name=prog_array map_fd=27 map_id=140 key=14 prog_fd=298 prog_id=162 flags=0 ret=0 errno=0
[53.026770 pid=1937 tid=1953] native-loader jit-info prog_array-target fd=298 id=162 type=2 name=uprobe__feature tag=dcdf3c02d89233e2 jited_len=2007 xlated_len=3480 nr_jited_ksyms=1 ksym0=0xffffffffc05d3a9c ksym1=0x0
[53.026914 pid=1937 tid=1953] BPF_MAP_UPDATE_ELEM prog_array name=sys_exit_tails map_fd=18 map_id=131 key=322 prog_fd=173 prog_id=36 flags=0 ret=0 errno=0
[53.027046 pid=1937 tid=1953] native-loader jit-info prog_array-target fd=173 id=36 type=17 name=syscall__execve tag=c3b76f1d6584eda6 jited_len=23180 xlated_len=34192 nr_jited_ksyms=1 ksym0=0xffffffffc0433dd4 ksym1=0x0
[53.027729 pid=1937 tid=1953] BPF_MAP_UPDATE_ELEM prog_array name=sys_exit_init_t map_fd=16 map_id=129 key=0 prog_fd=69 prog_id=17 flags=0 ret=0 errno=0
[53.027932 pid=1937 tid=1953] native-loader jit-info prog_array-target fd=69 id=17 type=17 name=sys_exit_init tag=52c42200436dc579 jited_len=2103 xlated_len=3800 nr_jited_ksyms=1 ksym0=0xffffffffc0406988 ksym1=0x0
[53.028195 pid=1937 tid=1953] BPF_MAP_UPDATE_ELEM prog_array name=sys_exit_init_t map_fd=16 map_id=129 key=1 prog_fd=69 prog_id=17 flags=0 ret=0 errno=0
[53.028378 pid=1937 tid=1953] native-loader jit-info prog_array-target fd=69 id=17 type=17 name=sys_exit_init tag=52c42200436dc579 jited_len=2103 xlated_len=3800 nr_jited_ksyms=1 ksym0=0xffffffffc0406988 ksym1=0x0
[53.028705 pid=1937 tid=1953] BPF_MAP_UPDATE_ELEM prog_array name=sys_exit_init_t map_fd=16 map_id=129 key=2 prog_fd=69 prog_id=17 flags=0 ret=0 errno=0
[53.028847 pid=1937 tid=1953] native-loader jit-info prog_array-target fd=69 id=17 type=17 name=sys_exit_init tag=52c42200436dc579 jited_len=2103 xlated_len=3800 nr_jited_ksyms=1 ksym0=0xffffffffc0406988 ksym1=0x0
[53.028981 pid=1937 tid=1953] BPF_MAP_UPDATE_ELEM prog_array name=sys_exit_init_t map_fd=16 map_id=129 key=3 prog_fd=69 prog_id=17 flags=0 ret=0 errno=0
[53.029192 pid=1937 tid=1953] native-loader jit-info prog_array-target fd=69 id=17 type=17 name=sys_exit_init tag=52c42200436dc579 jited_len=2103 xlated_len=3800 nr_jited_ksyms=1 ksym0=0xffffffffc0406988 ksym1=0x0
[53.029344 pid=1937 tid=1953] BPF_MAP_UPDATE_ELEM prog_array name=sys_exit_init_t map_fd=16 map_id=129 key=4 prog_fd=69 prog_id=17 flags=0 ret=0 errno=0
[53.029488 pid=1937 tid=1953] native-loader jit-info prog_array-target fd=69 id=17 type=17 name=sys_exit_init tag=52c42200436dc579 jited_len=2103 xlated_len=3800 nr_jited_ksyms=1 ksym0=0xffffffffc0406988 ksym1=0x0
[53.029801 pid=1937 tid=1953] BPF_MAP_UPDATE_ELEM prog_array name=sys_exit_init_t map_fd=16 map_id=129 key=5 prog_fd=69 prog_id=17 flags=0 ret=0 errno=0
[53.029947 pid=1937 tid=1953] native-loader jit-info prog_array-target fd=69 id=17 type=17 name=sys_exit_init tag=52c42200436dc579 jited_len=2103 xlated_len=3800 nr_jited_ksyms=1 ksym0=0xffffffffc0406988 ksym1=0x0
[53.030277 pid=1937 tid=1953] BPF_MAP_UPDATE_ELEM prog_array name=sys_exit_init_t map_fd=16 map_id=129 key=6 prog_fd=69 prog_id=17 flags=0 ret=0 errno=0
[53.030423 pid=1937 tid=1953] native-loader jit-info prog_array-target fd=69 id=17 type=17 name=sys_exit_init tag=52c42200436dc579 jited_len=2103 xlated_len=3800 nr_jited_ksyms=1 ksym0=0xffffffffc0406988 ksym1=0x0
[53.030560 pid=1937 tid=1953] BPF_MAP_UPDATE_ELEM prog_array name=sys_exit_init_t map_fd=16 map_id=129 key=7 prog_fd=69 prog_id=17 flags=0 ret=0 errno=0
[53.030766 pid=1937 tid=1953] native-loader jit-info prog_array-target fd=69 id=17 type=17 name=sys_exit_init tag=52c42200436dc579 jited_len=2103 xlated_len=3800 nr_jited_ksyms=1 ksym0=0xffffffffc0406988 ksym1=0x0
[53.031173 pid=1937 tid=1953] BPF_MAP_UPDATE_ELEM prog_array name=sys_exit_init_t map_fd=16 map_id=129 key=8 prog_fd=69 prog_id=17 flags=0 ret=0 errno=0
[53.031314 pid=1937 tid=1953] native-loader jit-info prog_array-target fd=69 id=17 type=17 name=sys_exit_init tag=52c42200436dc579 jited_len=2103 xlated_len=3800 nr_jited_ksyms=1 ksym0=0xffffffffc0406988 ksym1=0x0
[53.031477 pid=1937 tid=1953] BPF_MAP_UPDATE_ELEM prog_array name=sys_exit_init_t map_fd=16 map_id=129 key=9 prog_fd=69 prog_id=17 flags=0 ret=0 errno=0
[53.032121 pid=1937 tid=1953] native-loader jit-info prog_array-target fd=69 id=17 type=17 name=sys_exit_init tag=52c42200436dc579 jited_len=2103 xlated_len=3800 nr_jited_ksyms=1 ksym0=0xffffffffc0406988 ksym1=0x0
[53.032274 pid=1937 tid=1953] BPF_MAP_UPDATE_ELEM prog_array name=sys_exit_init_t map_fd=16 map_id=129 key=10 prog_fd=69 prog_id=17 flags=0 ret=0 errno=0
[53.032563 pid=1937 tid=1953] native-loader jit-info prog_array-target fd=69 id=17 type=17 name=sys_exit_init tag=52c42200436dc579 jited_len=2103 xlated_len=3800 nr_jited_ksyms=1 ksym0=0xffffffffc0406988 ksym1=0x0
[53.032845 pid=1937 tid=1953] BPF_MAP_UPDATE_ELEM prog_array name=sys_exit_init_t map_fd=16 map_id=129 key=11 prog_fd=69 prog_id=17 flags=0 ret=0 errno=0
[53.033027 pid=1937 tid=1953] native-loader jit-info prog_array-target fd=69 id=17 type=17 name=sys_exit_init tag=52c42200436dc579 jited_len=2103 xlated_len=3800 nr_jited_ksyms=1 ksym0=0xffffffffc0406988 ksym1=0x0
[53.033694 pid=1937 tid=1953] BPF_MAP_UPDATE_ELEM prog_array name=sys_exit_init_t map_fd=16 map_id=129 key=12 prog_fd=69 prog_id=17 flags=0 ret=0 errno=0
[53.033995 pid=1937 tid=1953] native-loader jit-info prog_array-target fd=69 id=17 type=17 name=sys_exit_init tag=52c42200436dc579 jited_len=2103 xlated_len=3800 nr_jited_ksyms=1 ksym0=0xffffffffc0406988 ksym1=0x0
[53.034145 pid=1937 tid=1953] BPF_MAP_UPDATE_ELEM prog_array name=sys_exit_init_t map_fd=16 map_id=129 key=13 prog_fd=69 prog_id=17 flags=0 ret=0 errno=0
[53.034288 pid=1937 tid=1953] native-loader jit-info prog_array-target fd=69 id=17 type=17 name=sys_exit_init tag=52c42200436dc579 jited_len=2103 xlated_len=3800 nr_jited_ksyms=1 ksym0=0xffffffffc0406988 ksym1=0x0
[53.034695 pid=1937 tid=1953] BPF_MAP_UPDATE_ELEM prog_array name=sys_exit_init_t map_fd=16 map_id=129 key=14 prog_fd=69 prog_id=17 flags=0 ret=0 errno=0
[53.035204 pid=1937 tid=1953] native-loader jit-info prog_array-target fd=69 id=17 type=17 name=sys_exit_init tag=52c42200436dc579 jited_len=2103 xlated_len=3800 nr_jited_ksyms=1 ksym0=0xffffffffc0406988 ksym1=0x0
[53.035367 pid=1937 tid=1953] BPF_MAP_UPDATE_ELEM prog_array name=sys_exit_init_t map_fd=16 map_id=129 key=15 prog_fd=69 prog_id=17 flags=0 ret=0 errno=0
[53.035563 pid=1937 tid=1953] native-loader jit-info prog_array-target fd=69 id=17 type=17 name=sys_exit_init tag=52c42200436dc579 jited_len=2103 xlated_len=3800 nr_jited_ksyms=1 ksym0=0xffffffffc0406988 ksym1=0x0
[53.035856 pid=1937 tid=1953] BPF_MAP_UPDATE_ELEM prog_array name=sys_exit_init_t map_fd=16 map_id=129 key=16 prog_fd=69 prog_id=17 flags=0 ret=0 errno=0
[53.035999 pid=1937 tid=1953] native-loader jit-info prog_array-target fd=69 id=17 type=17 name=sys_exit_init tag=52c42200436dc579 jited_len=2103 xlated_len=3800 nr_jited_ksyms=1 ksym0=0xffffffffc0406988 ksym1=0x0
[53.036138 pid=1937 tid=1953] BPF_MAP_UPDATE_ELEM prog_array name=sys_exit_init_t map_fd=16 map_id=129 key=17 prog_fd=69 prog_id=17 flags=0 ret=0 errno=0
[53.036283 pid=1937 tid=1953] native-loader jit-info prog_array-target fd=69 id=17 type=17 name=sys_exit_init tag=52c42200436dc579 jited_len=2103 xlated_len=3800 nr_jited_ksyms=1 ksym0=0xffffffffc0406988 ksym1=0x0
[53.036423 pid=1937 tid=1953] BPF_MAP_UPDATE_ELEM prog_array name=sys_exit_init_t map_fd=16 map_id=129 key=18 prog_fd=69 prog_id=17 flags=0 ret=0 errno=0
[53.036555 pid=1937 tid=1953] native-loader jit-info prog_array-target fd=69 id=17 type=17 name=sys_exit_init tag=52c42200436dc579 jited_len=2103 xlated_len=3800 nr_jited_ksyms=1 ksym0=0xffffffffc0406988 ksym1=0x0
[53.036692 pid=1937 tid=1953] BPF_MAP_UPDATE_ELEM prog_array name=sys_exit_init_t map_fd=16 map_id=129 key=19 prog_fd=69 prog_id=17 flags=0 ret=0 errno=0
[53.036819 pid=1937 tid=1953] native-loader jit-info prog_array-target fd=69 id=17 type=17 name=sys_exit_init tag=52c42200436dc579 jited_len=2103 xlated_len=3800 nr_jited_ksyms=1 ksym0=0xffffffffc0406988 ksym1=0x0
[53.037202 pid=1937 tid=1953] BPF_MAP_UPDATE_ELEM prog_array name=sys_exit_init_t map_fd=16 map_id=129 key=20 prog_fd=69 prog_id=17 flags=0 ret=0 errno=0
[53.037384 pid=1937 tid=1953] native-loader jit-info prog_array-target fd=69 id=17 type=17 name=sys_exit_init tag=52c42200436dc579 jited_len=2103 xlated_len=3800 nr_jited_ksyms=1 ksym0=0xffffffffc0406988 ksym1=0x0
[53.037618 pid=1937 tid=1953] BPF_MAP_UPDATE_ELEM prog_array name=sys_exit_init_t map_fd=16 map_id=129 key=21 prog_fd=69 prog_id=17 flags=0 ret=0 errno=0
[53.038429 pid=1937 tid=1953] native-loader jit-info prog_array-target fd=69 id=17 type=17 name=sys_exit_init tag=52c42200436dc579 jited_len=2103 xlated_len=3800 nr_jited_ksyms=1 ksym0=0xffffffffc0406988 ksym1=0x0
[53.038832 pid=1937 tid=1953] BPF_MAP_UPDATE_ELEM prog_array name=sys_exit_init_t map_fd=16 map_id=129 key=22 prog_fd=69 prog_id=17 flags=0 ret=0 errno=0
[53.038973 pid=1937 tid=1953] native-loader jit-info prog_array-target fd=69 id=17 type=17 name=sys_exit_init tag=52c42200436dc579 jited_len=2103 xlated_len=3800 nr_jited_ksyms=1 ksym0=0xffffffffc0406988 ksym1=0x0
[53.039152 pid=1937 tid=1953] BPF_MAP_UPDATE_ELEM prog_array name=sys_exit_init_t map_fd=16 map_id=129 key=23 prog_fd=69 prog_id=17 flags=0 ret=0 errno=0
[53.039458 pid=1937 tid=1953] native-loader jit-info prog_array-target fd=69 id=17 type=17 name=sys_exit_init tag=52c42200436dc579 jited_len=2103 xlated_len=3800 nr_jited_ksyms=1 ksym0=0xffffffffc0406988 ksym1=0x0
[53.039601 pid=1937 tid=1953] BPF_MAP_UPDATE_ELEM prog_array name=sys_exit_init_t map_fd=16 map_id=129 key=24 prog_fd=69 prog_id=17 flags=0 ret=0 errno=0
[53.039762 pid=1937 tid=1953] native-loader jit-info prog_array-target fd=69 id=17 type=17 name=sys_exit_init tag=52c42200436dc579 jited_len=2103 xlated_len=3800 nr_jited_ksyms=1 ksym0=0xffffffffc0406988 ksym1=0x0
[53.039985 pid=1937 tid=1953] BPF_MAP_UPDATE_ELEM prog_array name=sys_exit_init_t map_fd=16 map_id=129 key=25 prog_fd=69 prog_id=17 flags=0 ret=0 errno=0
[53.040129 pid=1937 tid=1953] native-loader jit-info prog_array-target fd=69 id=17 type=17 name=sys_exit_init tag=52c42200436dc579 jited_len=2103 xlated_len=3800 nr_jited_ksyms=1 ksym0=0xffffffffc0406988 ksym1=0x0
[53.040702 pid=1937 tid=1953] BPF_MAP_UPDATE_ELEM prog_array name=sys_exit_init_t map_fd=16 map_id=129 key=26 prog_fd=69 prog_id=17 flags=0 ret=0 errno=0
[53.040842 pid=1937 tid=1953] native-loader jit-info prog_array-target fd=69 id=17 type=17 name=sys_exit_init tag=52c42200436dc579 jited_len=2103 xlated_len=3800 nr_jited_ksyms=1 ksym0=0xffffffffc0406988 ksym1=0x0
[53.040980 pid=1937 tid=1953] BPF_MAP_UPDATE_ELEM prog_array name=sys_exit_init_t map_fd=16 map_id=129 key=27 prog_fd=69 prog_id=17 flags=0 ret=0 errno=0
[53.041189 pid=1937 tid=1953] native-loader jit-info prog_array-target fd=69 id=17 type=17 name=sys_exit_init tag=52c42200436dc579 jited_len=2103 xlated_len=3800 nr_jited_ksyms=1 ksym0=0xffffffffc0406988 ksym1=0x0
[53.041484 pid=1937 tid=1953] BPF_MAP_UPDATE_ELEM prog_array name=sys_exit_init_t map_fd=16 map_id=129 key=28 prog_fd=69 prog_id=17 flags=0 ret=0 errno=0
[53.041614 pid=1937 tid=1953] native-loader jit-info prog_array-target fd=69 id=17 type=17 name=sys_exit_init tag=52c42200436dc579 jited_len=2103 xlated_len=3800 nr_jited_ksyms=1 ksym0=0xffffffffc0406988 ksym1=0x0
[53.042062 pid=1937 tid=1953] BPF_MAP_UPDATE_ELEM prog_array name=sys_exit_init_t map_fd=16 map_id=129 key=29 prog_fd=69 prog_id=17 flags=0 ret=0 errno=0
[53.042855 pid=1937 tid=1953] native-loader jit-info prog_array-target fd=69 id=17 type=17 name=sys_exit_init tag=52c42200436dc579 jited_len=2103 xlated_len=3800 nr_jited_ksyms=1 ksym0=0xffffffffc0406988 ksym1=0x0
[53.043605 pid=1937 tid=1953] BPF_MAP_UPDATE_ELEM prog_array name=sys_exit_init_t map_fd=16 map_id=129 key=30 prog_fd=69 prog_id=17 flags=0 ret=0 errno=0
[53.044182 pid=1937 tid=1953] native-loader jit-info prog_array-target fd=69 id=17 type=17 name=sys_exit_init tag=52c42200436dc579 jited_len=2103 xlated_len=3800 nr_jited_ksyms=1 ksym0=0xffffffffc0406988 ksym1=0x0
[53.044937 pid=1937 tid=1953] BPF_MAP_UPDATE_ELEM prog_array name=sys_exit_init_t map_fd=16 map_id=129 key=31 prog_fd=69 prog_id=17 flags=0 ret=0 errno=0
[53.045089 pid=1937 tid=1953] native-loader jit-info prog_array-target fd=69 id=17 type=17 name=sys_exit_init tag=52c42200436dc579 jited_len=2103 xlated_len=3800 nr_jited_ksyms=1 ksym0=0xffffffffc0406988 ksym1=0x0
[53.045541 pid=1937 tid=1953] BPF_MAP_UPDATE_ELEM prog_array name=sys_exit_init_t map_fd=16 map_id=129 key=34 prog_fd=69 prog_id=17 flags=0 ret=0 errno=0
[53.046006 pid=1937 tid=1953] native-loader jit-info prog_array-target fd=69 id=17 type=17 name=sys_exit_init tag=52c42200436dc579 jited_len=2103 xlated_len=3800 nr_jited_ksyms=1 ksym0=0xffffffffc0406988 ksym1=0x0
[53.046166 pid=1937 tid=1953] BPF_MAP_UPDATE_ELEM prog_array name=sys_exit_init_t map_fd=16 map_id=129 key=35 prog_fd=69 prog_id=17 flags=0 ret=0 errno=0
[53.046306 pid=1937 tid=1953] native-loader jit-info prog_array-target fd=69 id=17 type=17 name=sys_exit_init tag=52c42200436dc579 jited_len=2103 xlated_len=3800 nr_jited_ksyms=1 ksym0=0xffffffffc0406988 ksym1=0x0
[53.046871 pid=1937 tid=1953] BPF_MAP_UPDATE_ELEM prog_array name=sys_exit_init_t map_fd=16 map_id=129 key=36 prog_fd=69 prog_id=17 flags=0 ret=0 errno=0
[53.047062 pid=1937 tid=1953] native-loader jit-info prog_array-target fd=69 id=17 type=17 name=sys_exit_init tag=52c42200436dc579 jited_len=2103 xlated_len=3800 nr_jited_ksyms=1 ksym0=0xffffffffc0406988 ksym1=0x0
[53.047186 pid=1937 tid=1953] BPF_MAP_UPDATE_ELEM prog_array name=sys_exit_init_t map_fd=16 map_id=129 key=37 prog_fd=69 prog_id=17 flags=0 ret=0 errno=0
[53.047382 pid=1937 tid=1953] native-loader jit-info prog_array-target fd=69 id=17 type=17 name=sys_exit_init tag=52c42200436dc579 jited_len=2103 xlated_len=3800 nr_jited_ksyms=1 ksym0=0xffffffffc0406988 ksym1=0x0
[53.047751 pid=1937 tid=1953] BPF_MAP_UPDATE_ELEM prog_array name=sys_exit_init_t map_fd=16 map_id=129 key=38 prog_fd=69 prog_id=17 flags=0 ret=0 errno=0
[53.047903 pid=1937 tid=1953] native-loader jit-info prog_array-target fd=69 id=17 type=17 name=sys_exit_init tag=52c42200436dc579 jited_len=2103 xlated_len=3800 nr_jited_ksyms=1 ksym0=0xffffffffc0406988 ksym1=0x0
[53.048043 pid=1937 tid=1953] BPF_MAP_UPDATE_ELEM prog_array name=sys_exit_init_t map_fd=16 map_id=129 key=39 prog_fd=69 prog_id=17 flags=0 ret=0 errno=0
[53.048170 pid=1937 tid=1953] native-loader jit-info prog_array-target fd=69 id=17 type=17 name=sys_exit_init tag=52c42200436dc579 jited_len=2103 xlated_len=3800 nr_jited_ksyms=1 ksym0=0xffffffffc0406988 ksym1=0x0
[53.048313 pid=1937 tid=1953] BPF_MAP_UPDATE_ELEM prog_array name=sys_exit_init_t map_fd=16 map_id=129 key=40 prog_fd=69 prog_id=17 flags=0 ret=0 errno=0
[53.048454 pid=1937 tid=1953] native-loader jit-info prog_array-target fd=69 id=17 type=17 name=sys_exit_init tag=52c42200436dc579 jited_len=2103 xlated_len=3800 nr_jited_ksyms=1 ksym0=0xffffffffc0406988 ksym1=0x0
[53.048599 pid=1937 tid=1953] BPF_MAP_UPDATE_ELEM prog_array name=sys_exit_init_t map_fd=16 map_id=129 key=41 prog_fd=69 prog_id=17 flags=0 ret=0 errno=0
[53.048728 pid=1937 tid=1953] native-loader jit-info prog_array-target fd=69 id=17 type=17 name=sys_exit_init tag=52c42200436dc579 jited_len=2103 xlated_len=3800 nr_jited_ksyms=1 ksym0=0xffffffffc0406988 ksym1=0x0
[53.049079 pid=1937 tid=1953] BPF_MAP_UPDATE_ELEM prog_array name=sys_exit_init_t map_fd=16 map_id=129 key=42 prog_fd=69 prog_id=17 flags=0 ret=0 errno=0
[53.049259 pid=1937 tid=1953] native-loader jit-info prog_array-target fd=69 id=17 type=17 name=sys_exit_init tag=52c42200436dc579 jited_len=2103 xlated_len=3800 nr_jited_ksyms=1 ksym0=0xffffffffc0406988 ksym1=0x0
[53.049571 pid=1937 tid=1953] BPF_MAP_UPDATE_ELEM prog_array name=sys_exit_init_t map_fd=16 map_id=129 key=43 prog_fd=69 prog_id=17 flags=0 ret=0 errno=0
[53.050552 pid=1937 tid=1953] native-loader jit-info prog_array-target fd=69 id=17 type=17 name=sys_exit_init tag=52c42200436dc579 jited_len=2103 xlated_len=3800 nr_jited_ksyms=1 ksym0=0xffffffffc0406988 ksym1=0x0
[53.050927 pid=1937 tid=1953] BPF_MAP_UPDATE_ELEM prog_array name=sys_exit_init_t map_fd=16 map_id=129 key=44 prog_fd=69 prog_id=17 flags=0 ret=0 errno=0
[53.051130 pid=1937 tid=1953] native-loader jit-info prog_array-target fd=69 id=17 type=17 name=sys_exit_init tag=52c42200436dc579 jited_len=2103 xlated_len=3800 nr_jited_ksyms=1 ksym0=0xffffffffc0406988 ksym1=0x0
[53.051273 pid=1937 tid=1953] BPF_MAP_UPDATE_ELEM prog_array name=sys_exit_init_t map_fd=16 map_id=129 key=45 prog_fd=69 prog_id=17 flags=0 ret=0 errno=0
[53.051594 pid=1937 tid=1953] native-loader jit-info prog_array-target fd=69 id=17 type=17 name=sys_exit_init tag=52c42200436dc579 jited_len=2103 xlated_len=3800 nr_jited_ksyms=1 ksym0=0xffffffffc0406988 ksym1=0x0
[53.051746 pid=1937 tid=1953] BPF_MAP_UPDATE_ELEM prog_array name=sys_exit_init_t map_fd=16 map_id=129 key=46 prog_fd=69 prog_id=17 flags=0 ret=0 errno=0
[53.051904 pid=1937 tid=1953] native-loader jit-info prog_array-target fd=69 id=17 type=17 name=sys_exit_init tag=52c42200436dc579 jited_len=2103 xlated_len=3800 nr_jited_ksyms=1 ksym0=0xffffffffc0406988 ksym1=0x0
[53.052195 pid=1937 tid=1953] BPF_MAP_UPDATE_ELEM prog_array name=sys_exit_init_t map_fd=16 map_id=129 key=47 prog_fd=69 prog_id=17 flags=0 ret=0 errno=0
[53.052349 pid=1937 tid=1953] native-loader jit-info prog_array-target fd=69 id=17 type=17 name=sys_exit_init tag=52c42200436dc579 jited_len=2103 xlated_len=3800 nr_jited_ksyms=1 ksym0=0xffffffffc0406988 ksym1=0x0
[53.052713 pid=1937 tid=1953] BPF_MAP_UPDATE_ELEM prog_array name=sys_exit_init_t map_fd=16 map_id=129 key=48 prog_fd=69 prog_id=17 flags=0 ret=0 errno=0
[53.052853 pid=1937 tid=1953] native-loader jit-info prog_array-target fd=69 id=17 type=17 name=sys_exit_init tag=52c42200436dc579 jited_len=2103 xlated_len=3800 nr_jited_ksyms=1 ksym0=0xffffffffc0406988 ksym1=0x0
[53.052997 pid=1937 tid=1953] BPF_MAP_UPDATE_ELEM prog_array name=sys_exit_init_t map_fd=16 map_id=129 key=49 prog_fd=69 prog_id=17 flags=0 ret=0 errno=0
[53.053204 pid=1937 tid=1953] native-loader jit-info prog_array-target fd=69 id=17 type=17 name=sys_exit_init tag=52c42200436dc579 jited_len=2103 xlated_len=3800 nr_jited_ksyms=1 ksym0=0xffffffffc0406988 ksym1=0x0
[53.053487 pid=1937 tid=1953] BPF_MAP_UPDATE_ELEM prog_array name=sys_exit_init_t map_fd=16 map_id=129 key=50 prog_fd=69 prog_id=17 flags=0 ret=0 errno=0
[53.053618 pid=1937 tid=1953] native-loader jit-info prog_array-target fd=69 id=17 type=17 name=sys_exit_init tag=52c42200436dc579 jited_len=2103 xlated_len=3800 nr_jited_ksyms=1 ksym0=0xffffffffc0406988 ksym1=0x0
[53.054090 pid=1937 tid=1953] BPF_MAP_UPDATE_ELEM prog_array name=sys_exit_init_t map_fd=16 map_id=129 key=51 prog_fd=69 prog_id=17 flags=0 ret=0 errno=0
[53.054744 pid=1937 tid=1953] native-loader jit-info prog_array-target fd=69 id=17 type=17 name=sys_exit_init tag=52c42200436dc579 jited_len=2103 xlated_len=3800 nr_jited_ksyms=1 ksym0=0xffffffffc0406988 ksym1=0x0
[53.055210 pid=1937 tid=1953] BPF_MAP_UPDATE_ELEM prog_array name=sys_exit_init_t map_fd=16 map_id=129 key=52 prog_fd=69 prog_id=17 flags=0 ret=0 errno=0
[53.055823 pid=1937 tid=1953] native-loader jit-info prog_array-target fd=69 id=17 type=17 name=sys_exit_init tag=52c42200436dc579 jited_len=2103 xlated_len=3800 nr_jited_ksyms=1 ksym0=0xffffffffc0406988 ksym1=0x0
[53.056191 pid=1937 tid=1953] BPF_MAP_UPDATE_ELEM prog_array name=sys_exit_init_t map_fd=16 map_id=129 key=53 prog_fd=69 prog_id=17 flags=0 ret=0 errno=0
[53.056345 pid=1937 tid=1953] native-loader jit-info prog_array-target fd=69 id=17 type=17 name=sys_exit_init tag=52c42200436dc579 jited_len=2103 xlated_len=3800 nr_jited_ksyms=1 ksym0=0xffffffffc0406988 ksym1=0x0
[53.056580 pid=1937 tid=1953] BPF_MAP_UPDATE_ELEM prog_array name=sys_exit_init_t map_fd=16 map_id=129 key=54 prog_fd=69 prog_id=17 flags=0 ret=0 errno=0
[53.056750 pid=1937 tid=1953] native-loader jit-info prog_array-target fd=69 id=17 type=17 name=sys_exit_init tag=52c42200436dc579 jited_len=2103 xlated_len=3800 nr_jited_ksyms=1 ksym0=0xffffffffc0406988 ksym1=0x0
[53.056914 pid=1937 tid=1953] BPF_MAP_UPDATE_ELEM prog_array name=sys_exit_init_t map_fd=16 map_id=129 key=55 prog_fd=69 prog_id=17 flags=0 ret=0 errno=0
[53.057059 pid=1937 tid=1953] native-loader jit-info prog_array-target fd=69 id=17 type=17 name=sys_exit_init tag=52c42200436dc579 jited_len=2103 xlated_len=3800 nr_jited_ksyms=1 ksym0=0xffffffffc0406988 ksym1=0x0
[53.057312 pid=1937 tid=1953] BPF_MAP_UPDATE_ELEM prog_array name=sys_exit_init_t map_fd=16 map_id=129 key=56 prog_fd=69 prog_id=17 flags=0 ret=0 errno=0
[53.057606 pid=1937 tid=1953] native-loader jit-info prog_array-target fd=69 id=17 type=17 name=sys_exit_init tag=52c42200436dc579 jited_len=2103 xlated_len=3800 nr_jited_ksyms=1 ksym0=0xffffffffc0406988 ksym1=0x0
[53.058081 pid=1937 tid=1953] BPF_MAP_UPDATE_ELEM prog_array name=sys_exit_init_t map_fd=16 map_id=129 key=57 prog_fd=69 prog_id=17 flags=0 ret=0 errno=0
[53.058232 pid=1937 tid=1953] native-loader jit-info prog_array-target fd=69 id=17 type=17 name=sys_exit_init tag=52c42200436dc579 jited_len=2103 xlated_len=3800 nr_jited_ksyms=1 ksym0=0xffffffffc0406988 ksym1=0x0
[53.058447 pid=1937 tid=1953] BPF_MAP_UPDATE_ELEM prog_array name=sys_exit_init_t map_fd=16 map_id=129 key=58 prog_fd=69 prog_id=17 flags=0 ret=0 errno=0
[53.058600 pid=1937 tid=1953] native-loader jit-info prog_array-target fd=69 id=17 type=17 name=sys_exit_init tag=52c42200436dc579 jited_len=2103 xlated_len=3800 nr_jited_ksyms=1 ksym0=0xffffffffc0406988 ksym1=0x0
[53.058749 pid=1937 tid=1953] BPF_MAP_UPDATE_ELEM prog_array name=sys_exit_init_t map_fd=16 map_id=129 key=59 prog_fd=69 prog_id=17 flags=0 ret=0 errno=0
[53.058893 pid=1937 tid=1953] native-loader jit-info prog_array-target fd=69 id=17 type=17 name=sys_exit_init tag=52c42200436dc579 jited_len=2103 xlated_len=3800 nr_jited_ksyms=1 ksym0=0xffffffffc0406988 ksym1=0x0
[53.059032 pid=1937 tid=1953] BPF_MAP_UPDATE_ELEM prog_array name=sys_exit_init_t map_fd=16 map_id=129 key=60 prog_fd=69 prog_id=17 flags=0 ret=0 errno=0
[53.059164 pid=1937 tid=1953] native-loader jit-info prog_array-target fd=69 id=17 type=17 name=sys_exit_init tag=52c42200436dc579 jited_len=2103 xlated_len=3800 nr_jited_ksyms=1 ksym0=0xffffffffc0406988 ksym1=0x0
[53.059320 pid=1937 tid=1953] BPF_MAP_UPDATE_ELEM prog_array name=sys_exit_init_t map_fd=16 map_id=129 key=61 prog_fd=69 prog_id=17 flags=0 ret=0 errno=0
[53.059450 pid=1937 tid=1953] native-loader jit-info prog_array-target fd=69 id=17 type=17 name=sys_exit_init tag=52c42200436dc579 jited_len=2103 xlated_len=3800 nr_jited_ksyms=1 ksym0=0xffffffffc0406988 ksym1=0x0
[53.059802 pid=1937 tid=1953] BPF_MAP_UPDATE_ELEM prog_array name=sys_exit_init_t map_fd=16 map_id=129 key=62 prog_fd=69 prog_id=17 flags=0 ret=0 errno=0
[53.059954 pid=1937 tid=1953] native-loader jit-info prog_array-target fd=69 id=17 type=17 name=sys_exit_init tag=52c42200436dc579 jited_len=2103 xlated_len=3800 nr_jited_ksyms=1 ksym0=0xffffffffc0406988 ksym1=0x0
[53.060208 pid=1937 tid=1953] BPF_MAP_UPDATE_ELEM prog_array name=sys_exit_init_t map_fd=16 map_id=129 key=63 prog_fd=69 prog_id=17 flags=0 ret=0 errno=0
[53.061062 pid=1937 tid=1953] native-loader jit-info prog_array-target fd=69 id=17 type=17 name=sys_exit_init tag=52c42200436dc579 jited_len=2103 xlated_len=3800 nr_jited_ksyms=1 ksym0=0xffffffffc0406988 ksym1=0x0
[53.061492 pid=1937 tid=1953] BPF_MAP_UPDATE_ELEM prog_array name=sys_exit_init_t map_fd=16 map_id=129 key=64 prog_fd=69 prog_id=17 flags=0 ret=0 errno=0
[53.061651 pid=1937 tid=1953] native-loader jit-info prog_array-target fd=69 id=17 type=17 name=sys_exit_init tag=52c42200436dc579 jited_len=2103 xlated_len=3800 nr_jited_ksyms=1 ksym0=0xffffffffc0406988 ksym1=0x0
[53.061790 pid=1937 tid=1953] BPF_MAP_UPDATE_ELEM prog_array name=sys_exit_init_t map_fd=16 map_id=129 key=65 prog_fd=69 prog_id=17 flags=0 ret=0 errno=0
[53.062061 pid=1937 tid=1953] native-loader jit-info prog_array-target fd=69 id=17 type=17 name=sys_exit_init tag=52c42200436dc579 jited_len=2103 xlated_len=3800 nr_jited_ksyms=1 ksym0=0xffffffffc0406988 ksym1=0x0
[53.062200 pid=1937 tid=1953] BPF_MAP_UPDATE_ELEM prog_array name=sys_exit_init_t map_fd=16 map_id=129 key=66 prog_fd=69 prog_id=17 flags=0 ret=0 errno=0
[53.062381 pid=1937 tid=1953] native-loader jit-info prog_array-target fd=69 id=17 type=17 name=sys_exit_init tag=52c42200436dc579 jited_len=2103 xlated_len=3800 nr_jited_ksyms=1 ksym0=0xffffffffc0406988 ksym1=0x0
[53.062607 pid=1937 tid=1953] BPF_MAP_UPDATE_ELEM prog_array name=sys_exit_init_t map_fd=16 map_id=129 key=67 prog_fd=69 prog_id=17 flags=0 ret=0 errno=0
[53.062736 pid=1937 tid=1953] native-loader jit-info prog_array-target fd=69 id=17 type=17 name=sys_exit_init tag=52c42200436dc579 jited_len=2103 xlated_len=3800 nr_jited_ksyms=1 ksym0=0xffffffffc0406988 ksym1=0x0
[53.063512 pid=1937 tid=1953] BPF_MAP_UPDATE_ELEM prog_array name=sys_exit_init_t map_fd=16 map_id=129 key=68 prog_fd=69 prog_id=17 flags=0 ret=0 errno=0
[53.063657 pid=1937 tid=1953] native-loader jit-info prog_array-target fd=69 id=17 type=17 name=sys_exit_init tag=52c42200436dc579 jited_len=2103 xlated_len=3800 nr_jited_ksyms=1 ksym0=0xffffffffc0406988 ksym1=0x0
[53.063801 pid=1937 tid=1953] BPF_MAP_UPDATE_ELEM prog_array name=sys_exit_init_t map_fd=16 map_id=129 key=69 prog_fd=69 prog_id=17 flags=0 ret=0 errno=0
[53.064083 pid=1937 tid=1953] native-loader jit-info prog_array-target fd=69 id=17 type=17 name=sys_exit_init tag=52c42200436dc579 jited_len=2103 xlated_len=3800 nr_jited_ksyms=1 ksym0=0xffffffffc0406988 ksym1=0x0
[53.064363 pid=1937 tid=1953] BPF_MAP_UPDATE_ELEM prog_array name=sys_exit_init_t map_fd=16 map_id=129 key=70 prog_fd=69 prog_id=17 flags=0 ret=0 errno=0
[53.064520 pid=1937 tid=1953] native-loader jit-info prog_array-target fd=69 id=17 type=17 name=sys_exit_init tag=52c42200436dc579 jited_len=2103 xlated_len=3800 nr_jited_ksyms=1 ksym0=0xffffffffc0406988 ksym1=0x0
[53.064933 pid=1937 tid=1953] BPF_MAP_UPDATE_ELEM prog_array name=sys_exit_init_t map_fd=16 map_id=129 key=71 prog_fd=69 prog_id=17 flags=0 ret=0 errno=0
[53.065641 pid=1937 tid=1953] native-loader jit-info prog_array-target fd=69 id=17 type=17 name=sys_exit_init tag=52c42200436dc579 jited_len=2103 xlated_len=3800 nr_jited_ksyms=1 ksym0=0xffffffffc0406988 ksym1=0x0
[53.066232 pid=1937 tid=1953] BPF_MAP_UPDATE_ELEM prog_array name=sys_exit_init_t map_fd=16 map_id=129 key=72 prog_fd=69 prog_id=17 flags=0 ret=0 errno=0
[53.067000 pid=1937 tid=1953] native-loader jit-info prog_array-target fd=69 id=17 type=17 name=sys_exit_init tag=52c42200436dc579 jited_len=2103 xlated_len=3800 nr_jited_ksyms=1 ksym0=0xffffffffc0406988 ksym1=0x0
[53.067159 pid=1937 tid=1953] BPF_MAP_UPDATE_ELEM prog_array name=sys_exit_init_t map_fd=16 map_id=129 key=73 prog_fd=69 prog_id=17 flags=0 ret=0 errno=0
[53.067313 pid=1937 tid=1953] native-loader jit-info prog_array-target fd=69 id=17 type=17 name=sys_exit_init tag=52c42200436dc579 jited_len=2103 xlated_len=3800 nr_jited_ksyms=1 ksym0=0xffffffffc0406988 ksym1=0x0
[53.067551 pid=1937 tid=1953] BPF_MAP_UPDATE_ELEM prog_array name=sys_exit_init_t map_fd=16 map_id=129 key=74 prog_fd=69 prog_id=17 flags=0 ret=0 errno=0
[53.068016 pid=1937 tid=1953] native-loader jit-info prog_array-target fd=69 id=17 type=17 name=sys_exit_init tag=52c42200436dc579 jited_len=2103 xlated_len=3800 nr_jited_ksyms=1 ksym0=0xffffffffc0406988 ksym1=0x0
[53.068166 pid=1937 tid=1953] BPF_MAP_UPDATE_ELEM prog_array name=sys_exit_init_t map_fd=16 map_id=129 key=75 prog_fd=69 prog_id=17 flags=0 ret=0 errno=0
[53.068474 pid=1937 tid=1953] native-loader jit-info prog_array-target fd=69 id=17 type=17 name=sys_exit_init tag=52c42200436dc579 jited_len=2103 xlated_len=3800 nr_jited_ksyms=1 ksym0=0xffffffffc0406988 ksym1=0x0
[53.068981 pid=1937 tid=1953] BPF_MAP_UPDATE_ELEM prog_array name=sys_exit_init_t map_fd=16 map_id=129 key=76 prog_fd=69 prog_id=17 flags=0 ret=0 errno=0
[53.070032 pid=1937 tid=1953] native-loader jit-info prog_array-target fd=69 id=17 type=17 name=sys_exit_init tag=52c42200436dc579 jited_len=2103 xlated_len=3800 nr_jited_ksyms=1 ksym0=0xffffffffc0406988 ksym1=0x0
[53.070215 pid=1937 tid=1953] BPF_MAP_UPDATE_ELEM prog_array name=sys_exit_init_t map_fd=16 map_id=129 key=77 prog_fd=69 prog_id=17 flags=0 ret=0 errno=0
[53.070382 pid=1937 tid=1953] native-loader jit-info prog_array-target fd=69 id=17 type=17 name=sys_exit_init tag=52c42200436dc579 jited_len=2103 xlated_len=3800 nr_jited_ksyms=1 ksym0=0xffffffffc0406988 ksym1=0x0
[53.070536 pid=1937 tid=1953] BPF_MAP_UPDATE_ELEM prog_array name=sys_exit_init_t map_fd=16 map_id=129 key=78 prog_fd=69 prog_id=17 flags=0 ret=0 errno=0
[53.070687 pid=1937 tid=1953] native-loader jit-info prog_array-target fd=69 id=17 type=17 name=sys_exit_init tag=52c42200436dc579 jited_len=2103 xlated_len=3800 nr_jited_ksyms=1 ksym0=0xffffffffc0406988 ksym1=0x0
[53.070849 pid=1937 tid=1953] BPF_MAP_UPDATE_ELEM prog_array name=sys_exit_init_t map_fd=16 map_id=129 key=79 prog_fd=69 prog_id=17 flags=0 ret=0 errno=0
[53.070988 pid=1937 tid=1953] native-loader jit-info prog_array-target fd=69 id=17 type=17 name=sys_exit_init tag=52c42200436dc579 jited_len=2103 xlated_len=3800 nr_jited_ksyms=1 ksym0=0xffffffffc0406988 ksym1=0x0
[53.071133 pid=1937 tid=1953] BPF_MAP_UPDATE_ELEM prog_array name=sys_exit_init_t map_fd=16 map_id=129 key=80 prog_fd=69 prog_id=17 flags=0 ret=0 errno=0
[53.071344 pid=1937 tid=1953] native-loader jit-info prog_array-target fd=69 id=17 type=17 name=sys_exit_init tag=52c42200436dc579 jited_len=2103 xlated_len=3800 nr_jited_ksyms=1 ksym0=0xffffffffc0406988 ksym1=0x0
[53.071483 pid=1937 tid=1953] BPF_MAP_UPDATE_ELEM prog_array name=sys_exit_init_t map_fd=16 map_id=129 key=81 prog_fd=69 prog_id=17 flags=0 ret=0 errno=0
[53.071615 pid=1937 tid=1953] native-loader jit-info prog_array-target fd=69 id=17 type=17 name=sys_exit_init tag=52c42200436dc579 jited_len=2103 xlated_len=3800 nr_jited_ksyms=1 ksym0=0xffffffffc0406988 ksym1=0x0
[53.071932 pid=1937 tid=1953] BPF_MAP_UPDATE_ELEM prog_array name=sys_exit_init_t map_fd=16 map_id=129 key=82 prog_fd=69 prog_id=17 flags=0 ret=0 errno=0
[53.072111 pid=1937 tid=1953] native-loader jit-info prog_array-target fd=69 id=17 type=17 name=sys_exit_init tag=52c42200436dc579 jited_len=2103 xlated_len=3800 nr_jited_ksyms=1 ksym0=0xffffffffc0406988 ksym1=0x0
[53.072359 pid=1937 tid=1953] BPF_MAP_UPDATE_ELEM prog_array name=sys_exit_init_t map_fd=16 map_id=129 key=83 prog_fd=69 prog_id=17 flags=0 ret=0 errno=0
[53.072875 pid=1937 tid=1953] native-loader jit-info prog_array-target fd=69 id=17 type=17 name=sys_exit_init tag=52c42200436dc579 jited_len=2103 xlated_len=3800 nr_jited_ksyms=1 ksym0=0xffffffffc0406988 ksym1=0x0
[53.073215 pid=1937 tid=1953] BPF_MAP_UPDATE_ELEM prog_array name=sys_exit_init_t map_fd=16 map_id=129 key=84 prog_fd=69 prog_id=17 flags=0 ret=0 errno=0
[53.073376 pid=1937 tid=1953] native-loader jit-info prog_array-target fd=69 id=17 type=17 name=sys_exit_init tag=52c42200436dc579 jited_len=2103 xlated_len=3800 nr_jited_ksyms=1 ksym0=0xffffffffc0406988 ksym1=0x0
[53.073528 pid=1937 tid=1953] BPF_MAP_UPDATE_ELEM prog_array name=sys_exit_init_t map_fd=16 map_id=129 key=85 prog_fd=69 prog_id=17 flags=0 ret=0 errno=0
[53.073767 pid=1937 tid=1953] native-loader jit-info prog_array-target fd=69 id=17 type=17 name=sys_exit_init tag=52c42200436dc579 jited_len=2103 xlated_len=3800 nr_jited_ksyms=1 ksym0=0xffffffffc0406988 ksym1=0x0
[53.073910 pid=1937 tid=1953] BPF_MAP_UPDATE_ELEM prog_array name=sys_exit_init_t map_fd=16 map_id=129 key=86 prog_fd=69 prog_id=17 flags=0 ret=0 errno=0
[53.074090 pid=1937 tid=1953] native-loader jit-info prog_array-target fd=69 id=17 type=17 name=sys_exit_init tag=52c42200436dc579 jited_len=2103 xlated_len=3800 nr_jited_ksyms=1 ksym0=0xffffffffc0406988 ksym1=0x0
[53.074318 pid=1937 tid=1953] BPF_MAP_UPDATE_ELEM prog_array name=sys_exit_init_t map_fd=16 map_id=129 key=87 prog_fd=69 prog_id=17 flags=0 ret=0 errno=0
[53.074459 pid=1937 tid=1953] native-loader jit-info prog_array-target fd=69 id=17 type=17 name=sys_exit_init tag=52c42200436dc579 jited_len=2103 xlated_len=3800 nr_jited_ksyms=1 ksym0=0xffffffffc0406988 ksym1=0x0
[53.074947 pid=1937 tid=1953] BPF_MAP_UPDATE_ELEM prog_array name=sys_exit_init_t map_fd=16 map_id=129 key=88 prog_fd=69 prog_id=17 flags=0 ret=0 errno=0
[53.075086 pid=1937 tid=1953] native-loader jit-info prog_array-target fd=69 id=17 type=17 name=sys_exit_init tag=52c42200436dc579 jited_len=2103 xlated_len=3800 nr_jited_ksyms=1 ksym0=0xffffffffc0406988 ksym1=0x0
[53.075239 pid=1937 tid=1953] BPF_MAP_UPDATE_ELEM prog_array name=sys_exit_init_t map_fd=16 map_id=129 key=89 prog_fd=69 prog_id=17 flags=0 ret=0 errno=0
[53.075401 pid=1937 tid=1953] native-loader jit-info prog_array-target fd=69 id=17 type=17 name=sys_exit_init tag=52c42200436dc579 jited_len=2103 xlated_len=3800 nr_jited_ksyms=1 ksym0=0xffffffffc0406988 ksym1=0x0
[53.075713 pid=1937 tid=1953] BPF_MAP_UPDATE_ELEM prog_array name=sys_exit_init_t map_fd=16 map_id=129 key=90 prog_fd=69 prog_id=17 flags=0 ret=0 errno=0
[53.075857 pid=1937 tid=1953] native-loader jit-info prog_array-target fd=69 id=17 type=17 name=sys_exit_init tag=52c42200436dc579 jited_len=2103 xlated_len=3800 nr_jited_ksyms=1 ksym0=0xffffffffc0406988 ksym1=0x0
[53.076010 pid=1937 tid=1953] BPF_MAP_UPDATE_ELEM prog_array name=sys_exit_init_t map_fd=16 map_id=129 key=91 prog_fd=69 prog_id=17 flags=0 ret=0 errno=0
[53.076272 pid=1937 tid=1953] native-loader jit-info prog_array-target fd=69 id=17 type=17 name=sys_exit_init tag=52c42200436dc579 jited_len=2103 xlated_len=3800 nr_jited_ksyms=1 ksym0=0xffffffffc0406988 ksym1=0x0
[53.076560 pid=1937 tid=1953] BPF_MAP_UPDATE_ELEM prog_array name=sys_exit_init_t map_fd=16 map_id=129 key=92 prog_fd=69 prog_id=17 flags=0 ret=0 errno=0
[53.076758 pid=1937 tid=1953] native-loader jit-info prog_array-target fd=69 id=17 type=17 name=sys_exit_init tag=52c42200436dc579 jited_len=2103 xlated_len=3800 nr_jited_ksyms=1 ksym0=0xffffffffc0406988 ksym1=0x0
[53.076922 pid=1937 tid=1953] BPF_MAP_UPDATE_ELEM prog_array name=sys_exit_init_t map_fd=16 map_id=129 key=93 prog_fd=69 prog_id=17 flags=0 ret=0 errno=0
[53.077072 pid=1937 tid=1953] native-loader jit-info prog_array-target fd=69 id=17 type=17 name=sys_exit_init tag=52c42200436dc579 jited_len=2103 xlated_len=3800 nr_jited_ksyms=1 ksym0=0xffffffffc0406988 ksym1=0x0
[53.077951 pid=1937 tid=1953] BPF_MAP_UPDATE_ELEM prog_array name=sys_exit_init_t map_fd=16 map_id=129 key=94 prog_fd=69 prog_id=17 flags=0 ret=0 errno=0
[53.078133 pid=1937 tid=1953] native-loader jit-info prog_array-target fd=69 id=17 type=17 name=sys_exit_init tag=52c42200436dc579 jited_len=2103 xlated_len=3800 nr_jited_ksyms=1 ksym0=0xffffffffc0406988 ksym1=0x0
[53.078283 pid=1937 tid=1953] BPF_MAP_UPDATE_ELEM prog_array name=sys_exit_init_t map_fd=16 map_id=129 key=95 prog_fd=69 prog_id=17 flags=0 ret=0 errno=0
[53.078415 pid=1937 tid=1953] native-loader jit-info prog_array-target fd=69 id=17 type=17 name=sys_exit_init tag=52c42200436dc579 jited_len=2103 xlated_len=3800 nr_jited_ksyms=1 ksym0=0xffffffffc0406988 ksym1=0x0
[53.078565 pid=1937 tid=1953] BPF_MAP_UPDATE_ELEM prog_array name=sys_exit_init_t map_fd=16 map_id=129 key=96 prog_fd=69 prog_id=17 flags=0 ret=0 errno=0
[53.078841 pid=1937 tid=1953] native-loader jit-info prog_array-target fd=69 id=17 type=17 name=sys_exit_init tag=52c42200436dc579 jited_len=2103 xlated_len=3800 nr_jited_ksyms=1 ksym0=0xffffffffc0406988 ksym1=0x0
[53.079028 pid=1937 tid=1953] BPF_MAP_UPDATE_ELEM prog_array name=sys_exit_init_t map_fd=16 map_id=129 key=97 prog_fd=69 prog_id=17 flags=0 ret=0 errno=0
[53.079175 pid=1937 tid=1953] native-loader jit-info prog_array-target fd=69 id=17 type=17 name=sys_exit_init tag=52c42200436dc579 jited_len=2103 xlated_len=3800 nr_jited_ksyms=1 ksym0=0xffffffffc0406988 ksym1=0x0
[53.079333 pid=1937 tid=1953] BPF_MAP_UPDATE_ELEM prog_array name=sys_exit_init_t map_fd=16 map_id=129 key=98 prog_fd=69 prog_id=17 flags=0 ret=0 errno=0
[53.079475 pid=1937 tid=1953] native-loader jit-info prog_array-target fd=69 id=17 type=17 name=sys_exit_init tag=52c42200436dc579 jited_len=2103 xlated_len=3800 nr_jited_ksyms=1 ksym0=0xffffffffc0406988 ksym1=0x0
[53.079614 pid=1937 tid=1953] BPF_MAP_UPDATE_ELEM prog_array name=sys_exit_init_t map_fd=16 map_id=129 key=99 prog_fd=69 prog_id=17 flags=0 ret=0 errno=0
[53.079744 pid=1937 tid=1953] native-loader jit-info prog_array-target fd=69 id=17 type=17 name=sys_exit_init tag=52c42200436dc579 jited_len=2103 xlated_len=3800 nr_jited_ksyms=1 ksym0=0xffffffffc0406988 ksym1=0x0
[53.079886 pid=1937 tid=1953] BPF_MAP_UPDATE_ELEM prog_array name=sys_exit_init_t map_fd=16 map_id=129 key=100 prog_fd=69 prog_id=17 flags=0 ret=0 errno=0
[53.080043 pid=1937 tid=1953] native-loader jit-info prog_array-target fd=69 id=17 type=17 name=sys_exit_init tag=52c42200436dc579 jited_len=2103 xlated_len=3800 nr_jited_ksyms=1 ksym0=0xffffffffc0406988 ksym1=0x0
[53.080183 pid=1937 tid=1953] BPF_MAP_UPDATE_ELEM prog_array name=sys_exit_init_t map_fd=16 map_id=129 key=102 prog_fd=69 prog_id=17 flags=0 ret=0 errno=0
[53.080318 pid=1937 tid=1953] native-loader jit-info prog_array-target fd=69 id=17 type=17 name=sys_exit_init tag=52c42200436dc579 jited_len=2103 xlated_len=3800 nr_jited_ksyms=1 ksym0=0xffffffffc0406988 ksym1=0x0
[53.080887 pid=1937 tid=1953] BPF_MAP_UPDATE_ELEM prog_array name=sys_exit_init_t map_fd=16 map_id=129 key=103 prog_fd=69 prog_id=17 flags=0 ret=0 errno=0
[53.081036 pid=1937 tid=1953] native-loader jit-info prog_array-target fd=69 id=17 type=17 name=sys_exit_init tag=52c42200436dc579 jited_len=2103 xlated_len=3800 nr_jited_ksyms=1 ksym0=0xffffffffc0406988 ksym1=0x0
[53.081402 pid=1937 tid=1953] BPF_MAP_UPDATE_ELEM prog_array name=sys_exit_init_t map_fd=16 map_id=129 key=104 prog_fd=69 prog_id=17 flags=0 ret=0 errno=0
[53.081948 pid=1937 tid=1953] native-loader jit-info prog_array-target fd=69 id=17 type=17 name=sys_exit_init tag=52c42200436dc579 jited_len=2103 xlated_len=3800 nr_jited_ksyms=1 ksym0=0xffffffffc0406988 ksym1=0x0
[53.082297 pid=1937 tid=1953] BPF_MAP_UPDATE_ELEM prog_array name=sys_exit_init_t map_fd=16 map_id=129 key=105 prog_fd=69 prog_id=17 flags=0 ret=0 errno=0
[53.082462 pid=1937 tid=1953] native-loader jit-info prog_array-target fd=69 id=17 type=17 name=sys_exit_init tag=52c42200436dc579 jited_len=2103 xlated_len=3800 nr_jited_ksyms=1 ksym0=0xffffffffc0406988 ksym1=0x0
[53.082601 pid=1937 tid=1953] BPF_MAP_UPDATE_ELEM prog_array name=sys_exit_init_t map_fd=16 map_id=129 key=106 prog_fd=69 prog_id=17 flags=0 ret=0 errno=0
[53.082885 pid=1937 tid=1953] native-loader jit-info prog_array-target fd=69 id=17 type=17 name=sys_exit_init tag=52c42200436dc579 jited_len=2103 xlated_len=3800 nr_jited_ksyms=1 ksym0=0xffffffffc0406988 ksym1=0x0
[53.083033 pid=1937 tid=1953] BPF_MAP_UPDATE_ELEM prog_array name=sys_exit_init_t map_fd=16 map_id=129 key=107 prog_fd=69 prog_id=17 flags=0 ret=0 errno=0
[53.083170 pid=1937 tid=1953] native-loader jit-info prog_array-target fd=69 id=17 type=17 name=sys_exit_init tag=52c42200436dc579 jited_len=2103 xlated_len=3800 nr_jited_ksyms=1 ksym0=0xffffffffc0406988 ksym1=0x0
[53.083431 pid=1937 tid=1953] BPF_MAP_UPDATE_ELEM prog_array name=sys_exit_init_t map_fd=16 map_id=129 key=108 prog_fd=69 prog_id=17 flags=0 ret=0 errno=0
[53.083580 pid=1937 tid=1953] native-loader jit-info prog_array-target fd=69 id=17 type=17 name=sys_exit_init tag=52c42200436dc579 jited_len=2103 xlated_len=3800 nr_jited_ksyms=1 ksym0=0xffffffffc0406988 ksym1=0x0
[53.083890 pid=1937 tid=1953] BPF_MAP_UPDATE_ELEM prog_array name=sys_exit_init_t map_fd=16 map_id=129 key=109 prog_fd=69 prog_id=17 flags=0 ret=0 errno=0
[53.084018 pid=1937 tid=1953] native-loader jit-info prog_array-target fd=69 id=17 type=17 name=sys_exit_init tag=52c42200436dc579 jited_len=2103 xlated_len=3800 nr_jited_ksyms=1 ksym0=0xffffffffc0406988 ksym1=0x0
[53.084158 pid=1937 tid=1953] BPF_MAP_UPDATE_ELEM prog_array name=sys_exit_init_t map_fd=16 map_id=129 key=110 prog_fd=69 prog_id=17 flags=0 ret=0 errno=0
[53.084403 pid=1937 tid=1953] native-loader jit-info prog_array-target fd=69 id=17 type=17 name=sys_exit_init tag=52c42200436dc579 jited_len=2103 xlated_len=3800 nr_jited_ksyms=1 ksym0=0xffffffffc0406988 ksym1=0x0
[53.084771 pid=1937 tid=1953] BPF_MAP_UPDATE_ELEM prog_array name=sys_exit_init_t map_fd=16 map_id=129 key=111 prog_fd=69 prog_id=17 flags=0 ret=0 errno=0
[53.084927 pid=1937 tid=1953] native-loader jit-info prog_array-target fd=69 id=17 type=17 name=sys_exit_init tag=52c42200436dc579 jited_len=2103 xlated_len=3800 nr_jited_ksyms=1 ksym0=0xffffffffc0406988 ksym1=0x0
[53.085223 pid=1937 tid=1953] BPF_MAP_UPDATE_ELEM prog_array name=sys_exit_init_t map_fd=16 map_id=129 key=112 prog_fd=69 prog_id=17 flags=0 ret=0 errno=0
[53.085742 pid=1937 tid=1953] native-loader jit-info prog_array-target fd=69 id=17 type=17 name=sys_exit_init tag=52c42200436dc579 jited_len=2103 xlated_len=3800 nr_jited_ksyms=1 ksym0=0xffffffffc0406988 ksym1=0x0
[53.085908 pid=1937 tid=1953] BPF_MAP_UPDATE_ELEM prog_array name=sys_exit_init_t map_fd=16 map_id=129 key=113 prog_fd=69 prog_id=17 flags=0 ret=0 errno=0
[53.086075 pid=1937 tid=1953] native-loader jit-info prog_array-target fd=69 id=17 type=17 name=sys_exit_init tag=52c42200436dc579 jited_len=2103 xlated_len=3800 nr_jited_ksyms=1 ksym0=0xffffffffc0406988 ksym1=0x0
[53.086250 pid=1937 tid=1953] BPF_MAP_UPDATE_ELEM prog_array name=sys_exit_init_t map_fd=16 map_id=129 key=114 prog_fd=69 prog_id=17 flags=0 ret=0 errno=0
[53.086382 pid=1937 tid=1953] native-loader jit-info prog_array-target fd=69 id=17 type=17 name=sys_exit_init tag=52c42200436dc579 jited_len=2103 xlated_len=3800 nr_jited_ksyms=1 ksym0=0xffffffffc0406988 ksym1=0x0
[53.087066 pid=1937 tid=1953] BPF_MAP_UPDATE_ELEM prog_array name=sys_exit_init_t map_fd=16 map_id=129 key=115 prog_fd=69 prog_id=17 flags=0 ret=0 errno=0
[53.087244 pid=1937 tid=1953] native-loader jit-info prog_array-target fd=69 id=17 type=17 name=sys_exit_init tag=52c42200436dc579 jited_len=2103 xlated_len=3800 nr_jited_ksyms=1 ksym0=0xffffffffc0406988 ksym1=0x0
[53.087394 pid=1937 tid=1953] BPF_MAP_UPDATE_ELEM prog_array name=sys_exit_init_t map_fd=16 map_id=129 key=116 prog_fd=69 prog_id=17 flags=0 ret=0 errno=0
[53.087522 pid=1937 tid=1953] native-loader jit-info prog_array-target fd=69 id=17 type=17 name=sys_exit_init tag=52c42200436dc579 jited_len=2103 xlated_len=3800 nr_jited_ksyms=1 ksym0=0xffffffffc0406988 ksym1=0x0
[53.087986 pid=1937 tid=1953] BPF_MAP_UPDATE_ELEM prog_array name=sys_exit_init_t map_fd=16 map_id=129 key=117 prog_fd=69 prog_id=17 flags=0 ret=0 errno=0
[53.088266 pid=1937 tid=1953] native-loader jit-info prog_array-target fd=69 id=17 type=17 name=sys_exit_init tag=52c42200436dc579 jited_len=2103 xlated_len=3800 nr_jited_ksyms=1 ksym0=0xffffffffc0406988 ksym1=0x0
[53.088582 pid=1937 tid=1953] BPF_MAP_UPDATE_ELEM prog_array name=sys_exit_init_t map_fd=16 map_id=129 key=118 prog_fd=69 prog_id=17 flags=0 ret=0 errno=0
[53.088769 pid=1937 tid=1953] native-loader jit-info prog_array-target fd=69 id=17 type=17 name=sys_exit_init tag=52c42200436dc579 jited_len=2103 xlated_len=3800 nr_jited_ksyms=1 ksym0=0xffffffffc0406988 ksym1=0x0
[53.089047 pid=1937 tid=1953] BPF_MAP_UPDATE_ELEM prog_array name=sys_exit_init_t map_fd=16 map_id=129 key=119 prog_fd=69 prog_id=17 flags=0 ret=0 errno=0
[53.089184 pid=1937 tid=1953] native-loader jit-info prog_array-target fd=69 id=17 type=17 name=sys_exit_init tag=52c42200436dc579 jited_len=2103 xlated_len=3800 nr_jited_ksyms=1 ksym0=0xffffffffc0406988 ksym1=0x0
[53.089331 pid=1937 tid=1953] BPF_MAP_UPDATE_ELEM prog_array name=sys_exit_init_t map_fd=16 map_id=129 key=120 prog_fd=69 prog_id=17 flags=0 ret=0 errno=0
[53.089474 pid=1937 tid=1953] native-loader jit-info prog_array-target fd=69 id=17 type=17 name=sys_exit_init tag=52c42200436dc579 jited_len=2103 xlated_len=3800 nr_jited_ksyms=1 ksym0=0xffffffffc0406988 ksym1=0x0
[53.089613 pid=1937 tid=1953] BPF_MAP_UPDATE_ELEM prog_array name=sys_exit_init_t map_fd=16 map_id=129 key=121 prog_fd=69 prog_id=17 flags=0 ret=0 errno=0
[53.089746 pid=1937 tid=1953] native-loader jit-info prog_array-target fd=69 id=17 type=17 name=sys_exit_init tag=52c42200436dc579 jited_len=2103 xlated_len=3800 nr_jited_ksyms=1 ksym0=0xffffffffc0406988 ksym1=0x0
[53.089886 pid=1937 tid=1953] BPF_MAP_UPDATE_ELEM prog_array name=sys_exit_init_t map_fd=16 map_id=129 key=122 prog_fd=69 prog_id=17 flags=0 ret=0 errno=0
[53.090017 pid=1937 tid=1953] native-loader jit-info prog_array-target fd=69 id=17 type=17 name=sys_exit_init tag=52c42200436dc579 jited_len=2103 xlated_len=3800 nr_jited_ksyms=1 ksym0=0xffffffffc0406988 ksym1=0x0
[53.090731 pid=1937 tid=1953] BPF_MAP_UPDATE_ELEM prog_array name=sys_exit_init_t map_fd=16 map_id=129 key=123 prog_fd=69 prog_id=17 flags=0 ret=0 errno=0
[53.090929 pid=1937 tid=1953] native-loader jit-info prog_array-target fd=69 id=17 type=17 name=sys_exit_init tag=52c42200436dc579 jited_len=2103 xlated_len=3800 nr_jited_ksyms=1 ksym0=0xffffffffc0406988 ksym1=0x0
[53.091188 pid=1937 tid=1953] BPF_MAP_UPDATE_ELEM prog_array name=sys_exit_init_t map_fd=16 map_id=129 key=124 prog_fd=69 prog_id=17 flags=0 ret=0 errno=0
[53.092061 pid=1937 tid=1953] native-loader jit-info prog_array-target fd=69 id=17 type=17 name=sys_exit_init tag=52c42200436dc579 jited_len=2103 xlated_len=3800 nr_jited_ksyms=1 ksym0=0xffffffffc0406988 ksym1=0x0
[53.092602 pid=1937 tid=1953] BPF_MAP_UPDATE_ELEM prog_array name=sys_exit_init_t map_fd=16 map_id=129 key=125 prog_fd=69 prog_id=17 flags=0 ret=0 errno=0
[53.092787 pid=1937 tid=1953] native-loader jit-info prog_array-target fd=69 id=17 type=17 name=sys_exit_init tag=52c42200436dc579 jited_len=2103 xlated_len=3800 nr_jited_ksyms=1 ksym0=0xffffffffc0406988 ksym1=0x0
[53.092972 pid=1937 tid=1953] BPF_MAP_UPDATE_ELEM prog_array name=sys_exit_init_t map_fd=16 map_id=129 key=126 prog_fd=69 prog_id=17 flags=0 ret=0 errno=0
[53.093241 pid=1937 tid=1953] native-loader jit-info prog_array-target fd=69 id=17 type=17 name=sys_exit_init tag=52c42200436dc579 jited_len=2103 xlated_len=3800 nr_jited_ksyms=1 ksym0=0xffffffffc0406988 ksym1=0x0
[53.093398 pid=1937 tid=1953] BPF_MAP_UPDATE_ELEM prog_array name=sys_exit_init_t map_fd=16 map_id=129 key=127 prog_fd=69 prog_id=17 flags=0 ret=0 errno=0
[53.093556 pid=1937 tid=1953] native-loader jit-info prog_array-target fd=69 id=17 type=17 name=sys_exit_init tag=52c42200436dc579 jited_len=2103 xlated_len=3800 nr_jited_ksyms=1 ksym0=0xffffffffc0406988 ksym1=0x0
[53.093764 pid=1937 tid=1953] BPF_MAP_UPDATE_ELEM prog_array name=sys_exit_init_t map_fd=16 map_id=129 key=128 prog_fd=69 prog_id=17 flags=0 ret=0 errno=0
[53.093906 pid=1937 tid=1953] native-loader jit-info prog_array-target fd=69 id=17 type=17 name=sys_exit_init tag=52c42200436dc579 jited_len=2103 xlated_len=3800 nr_jited_ksyms=1 ksym0=0xffffffffc0406988 ksym1=0x0
[53.094533 pid=1937 tid=1953] BPF_MAP_UPDATE_ELEM prog_array name=sys_exit_init_t map_fd=16 map_id=129 key=129 prog_fd=69 prog_id=17 flags=0 ret=0 errno=0
[53.094679 pid=1937 tid=1953] native-loader jit-info prog_array-target fd=69 id=17 type=17 name=sys_exit_init tag=52c42200436dc579 jited_len=2103 xlated_len=3800 nr_jited_ksyms=1 ksym0=0xffffffffc0406988 ksym1=0x0
[53.094823 pid=1937 tid=1953] BPF_MAP_UPDATE_ELEM prog_array name=sys_exit_init_t map_fd=16 map_id=129 key=130 prog_fd=69 prog_id=17 flags=0 ret=0 errno=0
[53.095069 pid=1937 tid=1953] native-loader jit-info prog_array-target fd=69 id=17 type=17 name=sys_exit_init tag=52c42200436dc579 jited_len=2103 xlated_len=3800 nr_jited_ksyms=1 ksym0=0xffffffffc0406988 ksym1=0x0
[53.095343 pid=1937 tid=1953] BPF_MAP_UPDATE_ELEM prog_array name=sys_exit_init_t map_fd=16 map_id=129 key=131 prog_fd=69 prog_id=17 flags=0 ret=0 errno=0
[53.095489 pid=1937 tid=1953] native-loader jit-info prog_array-target fd=69 id=17 type=17 name=sys_exit_init tag=52c42200436dc579 jited_len=2103 xlated_len=3800 nr_jited_ksyms=1 ksym0=0xffffffffc0406988 ksym1=0x0
[53.095903 pid=1937 tid=1953] BPF_MAP_UPDATE_ELEM prog_array name=sys_exit_init_t map_fd=16 map_id=129 key=132 prog_fd=69 prog_id=17 flags=0 ret=0 errno=0
[53.096183 pid=1937 tid=1953] native-loader jit-info prog_array-target fd=69 id=17 type=17 name=sys_exit_init tag=52c42200436dc579 jited_len=2103 xlated_len=3800 nr_jited_ksyms=1 ksym0=0xffffffffc0406988 ksym1=0x0
[53.096568 pid=1937 tid=1953] BPF_MAP_UPDATE_ELEM prog_array name=sys_exit_init_t map_fd=16 map_id=129 key=133 prog_fd=69 prog_id=17 flags=0 ret=0 errno=0
[53.096850 pid=1937 tid=1953] native-loader jit-info prog_array-target fd=69 id=17 type=17 name=sys_exit_init tag=52c42200436dc579 jited_len=2103 xlated_len=3800 nr_jited_ksyms=1 ksym0=0xffffffffc0406988 ksym1=0x0
[53.097191 pid=1937 tid=1953] BPF_MAP_UPDATE_ELEM prog_array name=sys_exit_init_t map_fd=16 map_id=129 key=134 prog_fd=69 prog_id=17 flags=0 ret=0 errno=0
[53.097527 pid=1937 tid=1953] native-loader jit-info prog_array-target fd=69 id=17 type=17 name=sys_exit_init tag=52c42200436dc579 jited_len=2103 xlated_len=3800 nr_jited_ksyms=1 ksym0=0xffffffffc0406988 ksym1=0x0
[53.098243 pid=1937 tid=1953] BPF_MAP_UPDATE_ELEM prog_array name=sys_exit_init_t map_fd=16 map_id=129 key=135 prog_fd=69 prog_id=17 flags=0 ret=0 errno=0
[53.098766 pid=1937 tid=1953] native-loader jit-info prog_array-target fd=69 id=17 type=17 name=sys_exit_init tag=52c42200436dc579 jited_len=2103 xlated_len=3800 nr_jited_ksyms=1 ksym0=0xffffffffc0406988 ksym1=0x0
[53.098931 pid=1937 tid=1953] BPF_MAP_UPDATE_ELEM prog_array name=sys_exit_init_t map_fd=16 map_id=129 key=136 prog_fd=69 prog_id=17 flags=0 ret=0 errno=0
[53.099083 pid=1937 tid=1953] native-loader jit-info prog_array-target fd=69 id=17 type=17 name=sys_exit_init tag=52c42200436dc579 jited_len=2103 xlated_len=3800 nr_jited_ksyms=1 ksym0=0xffffffffc0406988 ksym1=0x0
[53.099644 pid=1937 tid=1953] BPF_MAP_UPDATE_ELEM prog_array name=sys_exit_init_t map_fd=16 map_id=129 key=137 prog_fd=69 prog_id=17 flags=0 ret=0 errno=0
[53.099991 pid=1937 tid=1953] native-loader jit-info prog_array-target fd=69 id=17 type=17 name=sys_exit_init tag=52c42200436dc579 jited_len=2103 xlated_len=3800 nr_jited_ksyms=1 ksym0=0xffffffffc0406988 ksym1=0x0
[53.100721 pid=1937 tid=1953] BPF_MAP_UPDATE_ELEM prog_array name=sys_exit_init_t map_fd=16 map_id=129 key=138 prog_fd=69 prog_id=17 flags=0 ret=0 errno=0
[53.101083 pid=1937 tid=1953] native-loader jit-info prog_array-target fd=69 id=17 type=17 name=sys_exit_init tag=52c42200436dc579 jited_len=2103 xlated_len=3800 nr_jited_ksyms=1 ksym0=0xffffffffc0406988 ksym1=0x0
[53.102046 pid=1937 tid=1953] BPF_MAP_UPDATE_ELEM prog_array name=sys_exit_init_t map_fd=16 map_id=129 key=139 prog_fd=69 prog_id=17 flags=0 ret=0 errno=0
[53.102217 pid=1937 tid=1953] native-loader jit-info prog_array-target fd=69 id=17 type=17 name=sys_exit_init tag=52c42200436dc579 jited_len=2103 xlated_len=3800 nr_jited_ksyms=1 ksym0=0xffffffffc0406988 ksym1=0x0
[53.102535 pid=1937 tid=1953] BPF_MAP_UPDATE_ELEM prog_array name=sys_exit_init_t map_fd=16 map_id=129 key=140 prog_fd=69 prog_id=17 flags=0 ret=0 errno=0
[53.102865 pid=1937 tid=1953] native-loader jit-info prog_array-target fd=69 id=17 type=17 name=sys_exit_init tag=52c42200436dc579 jited_len=2103 xlated_len=3800 nr_jited_ksyms=1 ksym0=0xffffffffc0406988 ksym1=0x0
[53.103030 pid=1937 tid=1953] BPF_MAP_UPDATE_ELEM prog_array name=sys_exit_init_t map_fd=16 map_id=129 key=141 prog_fd=69 prog_id=17 flags=0 ret=0 errno=0
[53.103175 pid=1937 tid=1953] native-loader jit-info prog_array-target fd=69 id=17 type=17 name=sys_exit_init tag=52c42200436dc579 jited_len=2103 xlated_len=3800 nr_jited_ksyms=1 ksym0=0xffffffffc0406988 ksym1=0x0
[53.103319 pid=1937 tid=1953] BPF_MAP_UPDATE_ELEM prog_array name=sys_exit_init_t map_fd=16 map_id=129 key=142 prog_fd=69 prog_id=17 flags=0 ret=0 errno=0
[53.103450 pid=1937 tid=1953] native-loader jit-info prog_array-target fd=69 id=17 type=17 name=sys_exit_init tag=52c42200436dc579 jited_len=2103 xlated_len=3800 nr_jited_ksyms=1 ksym0=0xffffffffc0406988 ksym1=0x0
[53.104189 pid=1937 tid=1953] BPF_MAP_UPDATE_ELEM prog_array name=sys_exit_init_t map_fd=16 map_id=129 key=143 prog_fd=69 prog_id=17 flags=0 ret=0 errno=0
[53.104523 pid=1937 tid=1953] native-loader jit-info prog_array-target fd=69 id=17 type=17 name=sys_exit_init tag=52c42200436dc579 jited_len=2103 xlated_len=3800 nr_jited_ksyms=1 ksym0=0xffffffffc0406988 ksym1=0x0
[53.104924 pid=1937 tid=1953] BPF_MAP_UPDATE_ELEM prog_array name=sys_exit_init_t map_fd=16 map_id=129 key=144 prog_fd=69 prog_id=17 flags=0 ret=0 errno=0
[53.105885 pid=1937 tid=1953] native-loader jit-info prog_array-target fd=69 id=17 type=17 name=sys_exit_init tag=52c42200436dc579 jited_len=2103 xlated_len=3800 nr_jited_ksyms=1 ksym0=0xffffffffc0406988 ksym1=0x0
[53.106610 pid=1937 tid=1953] BPF_MAP_UPDATE_ELEM prog_array name=sys_exit_init_t map_fd=16 map_id=129 key=145 prog_fd=69 prog_id=17 flags=0 ret=0 errno=0
[53.106921 pid=1937 tid=1953] native-loader jit-info prog_array-target fd=69 id=17 type=17 name=sys_exit_init tag=52c42200436dc579 jited_len=2103 xlated_len=3800 nr_jited_ksyms=1 ksym0=0xffffffffc0406988 ksym1=0x0
[53.107083 pid=1937 tid=1953] BPF_MAP_UPDATE_ELEM prog_array name=sys_exit_init_t map_fd=16 map_id=129 key=146 prog_fd=69 prog_id=17 flags=0 ret=0 errno=0
[53.107585 pid=1937 tid=1953] native-loader jit-info prog_array-target fd=69 id=17 type=17 name=sys_exit_init tag=52c42200436dc579 jited_len=2103 xlated_len=3800 nr_jited_ksyms=1 ksym0=0xffffffffc0406988 ksym1=0x0
[53.107908 pid=1937 tid=1953] BPF_MAP_UPDATE_ELEM prog_array name=sys_exit_init_t map_fd=16 map_id=129 key=147 prog_fd=69 prog_id=17 flags=0 ret=0 errno=0
[53.108107 pid=1937 tid=1953] native-loader jit-info prog_array-target fd=69 id=17 type=17 name=sys_exit_init tag=52c42200436dc579 jited_len=2103 xlated_len=3800 nr_jited_ksyms=1 ksym0=0xffffffffc0406988 ksym1=0x0
[53.108637 pid=1937 tid=1953] BPF_MAP_UPDATE_ELEM prog_array name=sys_exit_init_t map_fd=16 map_id=129 key=148 prog_fd=69 prog_id=17 flags=0 ret=0 errno=0
[53.108931 pid=1937 tid=1953] native-loader jit-info prog_array-target fd=69 id=17 type=17 name=sys_exit_init tag=52c42200436dc579 jited_len=2103 xlated_len=3800 nr_jited_ksyms=1 ksym0=0xffffffffc0406988 ksym1=0x0
[53.109143 pid=1937 tid=1953] BPF_MAP_UPDATE_ELEM prog_array name=sys_exit_init_t map_fd=16 map_id=129 key=149 prog_fd=69 prog_id=17 flags=0 ret=0 errno=0
[53.109294 pid=1937 tid=1953] native-loader jit-info prog_array-target fd=69 id=17 type=17 name=sys_exit_init tag=52c42200436dc579 jited_len=2103 xlated_len=3800 nr_jited_ksyms=1 ksym0=0xffffffffc0406988 ksym1=0x0
[53.109443 pid=1937 tid=1953] BPF_MAP_UPDATE_ELEM prog_array name=sys_exit_init_t map_fd=16 map_id=129 key=150 prog_fd=69 prog_id=17 flags=0 ret=0 errno=0
[53.109668 pid=1937 tid=1953] native-loader jit-info prog_array-target fd=69 id=17 type=17 name=sys_exit_init tag=52c42200436dc579 jited_len=2103 xlated_len=3800 nr_jited_ksyms=1 ksym0=0xffffffffc0406988 ksym1=0x0
[53.110169 pid=1937 tid=1953] BPF_MAP_UPDATE_ELEM prog_array name=sys_exit_init_t map_fd=16 map_id=129 key=151 prog_fd=69 prog_id=17 flags=0 ret=0 errno=0
[53.110321 pid=1937 tid=1953] native-loader jit-info prog_array-target fd=69 id=17 type=17 name=sys_exit_init tag=52c42200436dc579 jited_len=2103 xlated_len=3800 nr_jited_ksyms=1 ksym0=0xffffffffc0406988 ksym1=0x0
[53.110797 pid=1937 tid=1953] BPF_MAP_UPDATE_ELEM prog_array name=sys_exit_init_t map_fd=16 map_id=129 key=152 prog_fd=69 prog_id=17 flags=0 ret=0 errno=0
[53.110977 pid=1937 tid=1953] native-loader jit-info prog_array-target fd=69 id=17 type=17 name=sys_exit_init tag=52c42200436dc579 jited_len=2103 xlated_len=3800 nr_jited_ksyms=1 ksym0=0xffffffffc0406988 ksym1=0x0
[53.111125 pid=1937 tid=1953] BPF_MAP_UPDATE_ELEM prog_array name=sys_exit_init_t map_fd=16 map_id=129 key=153 prog_fd=69 prog_id=17 flags=0 ret=0 errno=0
[53.111403 pid=1937 tid=1953] native-loader jit-info prog_array-target fd=69 id=17 type=17 name=sys_exit_init tag=52c42200436dc579 jited_len=2103 xlated_len=3800 nr_jited_ksyms=1 ksym0=0xffffffffc0406988 ksym1=0x0
[53.111566 pid=1937 tid=1953] BPF_MAP_UPDATE_ELEM prog_array name=sys_exit_init_t map_fd=16 map_id=129 key=154 prog_fd=69 prog_id=17 flags=0 ret=0 errno=0
[53.111712 pid=1937 tid=1953] native-loader jit-info prog_array-target fd=69 id=17 type=17 name=sys_exit_init tag=52c42200436dc579 jited_len=2103 xlated_len=3800 nr_jited_ksyms=1 ksym0=0xffffffffc0406988 ksym1=0x0
[53.112163 pid=1937 tid=1953] BPF_MAP_UPDATE_ELEM prog_array name=sys_exit_init_t map_fd=16 map_id=129 key=155 prog_fd=69 prog_id=17 flags=0 ret=0 errno=0
[53.112516 pid=1937 tid=1953] native-loader jit-info prog_array-target fd=69 id=17 type=17 name=sys_exit_init tag=52c42200436dc579 jited_len=2103 xlated_len=3800 nr_jited_ksyms=1 ksym0=0xffffffffc0406988 ksym1=0x0
[53.112666 pid=1937 tid=1953] BPF_MAP_UPDATE_ELEM prog_array name=sys_exit_init_t map_fd=16 map_id=129 key=156 prog_fd=69 prog_id=17 flags=0 ret=0 errno=0
[53.112801 pid=1937 tid=1953] native-loader jit-info prog_array-target fd=69 id=17 type=17 name=sys_exit_init tag=52c42200436dc579 jited_len=2103 xlated_len=3800 nr_jited_ksyms=1 ksym0=0xffffffffc0406988 ksym1=0x0
[53.113061 pid=1937 tid=1953] BPF_MAP_UPDATE_ELEM prog_array name=sys_exit_init_t map_fd=16 map_id=129 key=157 prog_fd=69 prog_id=17 flags=0 ret=0 errno=0
[53.113211 pid=1937 tid=1953] native-loader jit-info prog_array-target fd=69 id=17 type=17 name=sys_exit_init tag=52c42200436dc579 jited_len=2103 xlated_len=3800 nr_jited_ksyms=1 ksym0=0xffffffffc0406988 ksym1=0x0
[53.114086 pid=1937 tid=1953] BPF_MAP_UPDATE_ELEM prog_array name=sys_exit_init_t map_fd=16 map_id=129 key=159 prog_fd=69 prog_id=17 flags=0 ret=0 errno=0
[53.114239 pid=1937 tid=1953] native-loader jit-info prog_array-target fd=69 id=17 type=17 name=sys_exit_init tag=52c42200436dc579 jited_len=2103 xlated_len=3800 nr_jited_ksyms=1 ksym0=0xffffffffc0406988 ksym1=0x0
[53.115117 pid=1937 tid=1953] BPF_MAP_UPDATE_ELEM prog_array name=sys_exit_init_t map_fd=16 map_id=129 key=160 prog_fd=69 prog_id=17 flags=0 ret=0 errno=0
[53.115459 pid=1937 tid=1953] native-loader jit-info prog_array-target fd=69 id=17 type=17 name=sys_exit_init tag=52c42200436dc579 jited_len=2103 xlated_len=3800 nr_jited_ksyms=1 ksym0=0xffffffffc0406988 ksym1=0x0
[53.115614 pid=1937 tid=1953] BPF_MAP_UPDATE_ELEM prog_array name=sys_exit_init_t map_fd=16 map_id=129 key=161 prog_fd=69 prog_id=17 flags=0 ret=0 errno=0
[53.115902 pid=1937 tid=1953] native-loader jit-info prog_array-target fd=69 id=17 type=17 name=sys_exit_init tag=52c42200436dc579 jited_len=2103 xlated_len=3800 nr_jited_ksyms=1 ksym0=0xffffffffc0406988 ksym1=0x0
[53.116089 pid=1937 tid=1953] BPF_MAP_UPDATE_ELEM prog_array name=sys_exit_init_t map_fd=16 map_id=129 key=162 prog_fd=69 prog_id=17 flags=0 ret=0 errno=0
[53.116271 pid=1937 tid=1953] native-loader jit-info prog_array-target fd=69 id=17 type=17 name=sys_exit_init tag=52c42200436dc579 jited_len=2103 xlated_len=3800 nr_jited_ksyms=1 ksym0=0xffffffffc0406988 ksym1=0x0
[53.116424 pid=1937 tid=1953] BPF_MAP_UPDATE_ELEM prog_array name=sys_exit_init_t map_fd=16 map_id=129 key=163 prog_fd=69 prog_id=17 flags=0 ret=0 errno=0
[53.116561 pid=1937 tid=1953] native-loader jit-info prog_array-target fd=69 id=17 type=17 name=sys_exit_init tag=52c42200436dc579 jited_len=2103 xlated_len=3800 nr_jited_ksyms=1 ksym0=0xffffffffc0406988 ksym1=0x0
[53.117353 pid=1937 tid=1953] BPF_MAP_UPDATE_ELEM prog_array name=sys_exit_init_t map_fd=16 map_id=129 key=164 prog_fd=69 prog_id=17 flags=0 ret=0 errno=0
[53.117737 pid=1937 tid=1953] native-loader jit-info prog_array-target fd=69 id=17 type=17 name=sys_exit_init tag=52c42200436dc579 jited_len=2103 xlated_len=3800 nr_jited_ksyms=1 ksym0=0xffffffffc0406988 ksym1=0x0
[53.118173 pid=1937 tid=1953] BPF_MAP_UPDATE_ELEM prog_array name=sys_exit_init_t map_fd=16 map_id=129 key=165 prog_fd=69 prog_id=17 flags=0 ret=0 errno=0
[53.118673 pid=1937 tid=1953] native-loader jit-info prog_array-target fd=69 id=17 type=17 name=sys_exit_init tag=52c42200436dc579 jited_len=2103 xlated_len=3800 nr_jited_ksyms=1 ksym0=0xffffffffc0406988 ksym1=0x0
[53.119328 pid=1937 tid=1953] BPF_MAP_UPDATE_ELEM prog_array name=sys_exit_init_t map_fd=16 map_id=129 key=166 prog_fd=69 prog_id=17 flags=0 ret=0 errno=0
[53.119494 pid=1937 tid=1953] native-loader jit-info prog_array-target fd=69 id=17 type=17 name=sys_exit_init tag=52c42200436dc579 jited_len=2103 xlated_len=3800 nr_jited_ksyms=1 ksym0=0xffffffffc0406988 ksym1=0x0
[53.119642 pid=1937 tid=1953] BPF_MAP_UPDATE_ELEM prog_array name=sys_exit_init_t map_fd=16 map_id=129 key=167 prog_fd=69 prog_id=17 flags=0 ret=0 errno=0
[53.119906 pid=1937 tid=1953] native-loader jit-info prog_array-target fd=69 id=17 type=17 name=sys_exit_init tag=52c42200436dc579 jited_len=2103 xlated_len=3800 nr_jited_ksyms=1 ksym0=0xffffffffc0406988 ksym1=0x0
[53.120075 pid=1937 tid=1953] BPF_MAP_UPDATE_ELEM prog_array name=sys_exit_init_t map_fd=16 map_id=129 key=168 prog_fd=69 prog_id=17 flags=0 ret=0 errno=0
[53.120465 pid=1937 tid=1953] native-loader jit-info prog_array-target fd=69 id=17 type=17 name=sys_exit_init tag=52c42200436dc579 jited_len=2103 xlated_len=3800 nr_jited_ksyms=1 ksym0=0xffffffffc0406988 ksym1=0x0
[53.120866 pid=1937 tid=1953] BPF_MAP_UPDATE_ELEM prog_array name=sys_exit_init_t map_fd=16 map_id=129 key=169 prog_fd=69 prog_id=17 flags=0 ret=0 errno=0
[53.121034 pid=1937 tid=1953] native-loader jit-info prog_array-target fd=69 id=17 type=17 name=sys_exit_init tag=52c42200436dc579 jited_len=2103 xlated_len=3800 nr_jited_ksyms=1 ksym0=0xffffffffc0406988 ksym1=0x0
[53.121222 pid=1937 tid=1953] BPF_MAP_UPDATE_ELEM prog_array name=sys_exit_init_t map_fd=16 map_id=129 key=170 prog_fd=69 prog_id=17 flags=0 ret=0 errno=0
[53.121540 pid=1937 tid=1953] native-loader jit-info prog_array-target fd=69 id=17 type=17 name=sys_exit_init tag=52c42200436dc579 jited_len=2103 xlated_len=3800 nr_jited_ksyms=1 ksym0=0xffffffffc0406988 ksym1=0x0
[53.121856 pid=1937 tid=1953] BPF_MAP_UPDATE_ELEM prog_array name=sys_exit_init_t map_fd=16 map_id=129 key=171 prog_fd=69 prog_id=17 flags=0 ret=0 errno=0
[53.122155 pid=1937 tid=1953] native-loader jit-info prog_array-target fd=69 id=17 type=17 name=sys_exit_init tag=52c42200436dc579 jited_len=2103 xlated_len=3800 nr_jited_ksyms=1 ksym0=0xffffffffc0406988 ksym1=0x0
[53.122674 pid=1937 tid=1953] BPF_MAP_UPDATE_ELEM prog_array name=sys_exit_init_t map_fd=16 map_id=129 key=172 prog_fd=69 prog_id=17 flags=0 ret=0 errno=0
[53.122837 pid=1937 tid=1953] native-loader jit-info prog_array-target fd=69 id=17 type=17 name=sys_exit_init tag=52c42200436dc579 jited_len=2103 xlated_len=3800 nr_jited_ksyms=1 ksym0=0xffffffffc0406988 ksym1=0x0
[53.123560 pid=1937 tid=1953] BPF_MAP_UPDATE_ELEM prog_array name=sys_exit_init_t map_fd=16 map_id=129 key=173 prog_fd=69 prog_id=17 flags=0 ret=0 errno=0
[53.124225 pid=1937 tid=1953] native-loader jit-info prog_array-target fd=69 id=17 type=17 name=sys_exit_init tag=52c42200436dc579 jited_len=2103 xlated_len=3800 nr_jited_ksyms=1 ksym0=0xffffffffc0406988 ksym1=0x0
[53.124551 pid=1937 tid=1953] BPF_MAP_UPDATE_ELEM prog_array name=sys_exit_init_t map_fd=16 map_id=129 key=174 prog_fd=69 prog_id=17 flags=0 ret=0 errno=0
[53.125326 pid=1937 tid=1953] native-loader jit-info prog_array-target fd=69 id=17 type=17 name=sys_exit_init tag=52c42200436dc579 jited_len=2103 xlated_len=3800 nr_jited_ksyms=1 ksym0=0xffffffffc0406988 ksym1=0x0
[53.126132 pid=1937 tid=1953] BPF_MAP_UPDATE_ELEM prog_array name=sys_exit_init_t map_fd=16 map_id=129 key=175 prog_fd=69 prog_id=17 flags=0 ret=0 errno=0
[53.126473 pid=1937 tid=1953] native-loader jit-info prog_array-target fd=69 id=17 type=17 name=sys_exit_init tag=52c42200436dc579 jited_len=2103 xlated_len=3800 nr_jited_ksyms=1 ksym0=0xffffffffc0406988 ksym1=0x0
[53.127136 pid=1937 tid=1953] BPF_MAP_UPDATE_ELEM prog_array name=sys_exit_init_t map_fd=16 map_id=129 key=176 prog_fd=69 prog_id=17 flags=0 ret=0 errno=0
[53.127689 pid=1937 tid=1953] native-loader jit-info prog_array-target fd=69 id=17 type=17 name=sys_exit_init tag=52c42200436dc579 jited_len=2103 xlated_len=3800 nr_jited_ksyms=1 ksym0=0xffffffffc0406988 ksym1=0x0
[53.128005 pid=1937 tid=1953] BPF_MAP_UPDATE_ELEM prog_array name=sys_exit_init_t map_fd=16 map_id=129 key=177 prog_fd=69 prog_id=17 flags=0 ret=0 errno=0
[53.128183 pid=1937 tid=1953] native-loader jit-info prog_array-target fd=69 id=17 type=17 name=sys_exit_init tag=52c42200436dc579 jited_len=2103 xlated_len=3800 nr_jited_ksyms=1 ksym0=0xffffffffc0406988 ksym1=0x0
[53.128780 pid=1937 tid=1953] BPF_MAP_UPDATE_ELEM prog_array name=sys_exit_init_t map_fd=16 map_id=129 key=178 prog_fd=69 prog_id=17 flags=0 ret=0 errno=0
[53.129240 pid=1937 tid=1953] native-loader jit-info prog_array-target fd=69 id=17 type=17 name=sys_exit_init tag=52c42200436dc579 jited_len=2103 xlated_len=3800 nr_jited_ksyms=1 ksym0=0xffffffffc0406988 ksym1=0x0
[53.129804 pid=1937 tid=1953] BPF_MAP_UPDATE_ELEM prog_array name=sys_exit_init_t map_fd=16 map_id=129 key=179 prog_fd=69 prog_id=17 flags=0 ret=0 errno=0
[53.130035 pid=1937 tid=1953] native-loader jit-info prog_array-target fd=69 id=17 type=17 name=sys_exit_init tag=52c42200436dc579 jited_len=2103 xlated_len=3800 nr_jited_ksyms=1 ksym0=0xffffffffc0406988 ksym1=0x0
[53.130768 pid=1937 tid=1953] BPF_MAP_UPDATE_ELEM prog_array name=sys_exit_init_t map_fd=16 map_id=129 key=180 prog_fd=69 prog_id=17 flags=0 ret=0 errno=0
[53.131113 pid=1937 tid=1953] native-loader jit-info prog_array-target fd=69 id=17 type=17 name=sys_exit_init tag=52c42200436dc579 jited_len=2103 xlated_len=3800 nr_jited_ksyms=1 ksym0=0xffffffffc0406988 ksym1=0x0
[53.131591 pid=1937 tid=1953] BPF_MAP_UPDATE_ELEM prog_array name=sys_exit_init_t map_fd=16 map_id=129 key=181 prog_fd=69 prog_id=17 flags=0 ret=0 errno=0
[53.131867 pid=1937 tid=1953] native-loader jit-info prog_array-target fd=69 id=17 type=17 name=sys_exit_init tag=52c42200436dc579 jited_len=2103 xlated_len=3800 nr_jited_ksyms=1 ksym0=0xffffffffc0406988 ksym1=0x0
[53.132043 pid=1937 tid=1953] BPF_MAP_UPDATE_ELEM prog_array name=sys_exit_init_t map_fd=16 map_id=129 key=182 prog_fd=69 prog_id=17 flags=0 ret=0 errno=0
[53.132245 pid=1937 tid=1953] native-loader jit-info prog_array-target fd=69 id=17 type=17 name=sys_exit_init tag=52c42200436dc579 jited_len=2103 xlated_len=3800 nr_jited_ksyms=1 ksym0=0xffffffffc0406988 ksym1=0x0
[53.132562 pid=1937 tid=1953] BPF_MAP_UPDATE_ELEM prog_array name=sys_exit_init_t map_fd=16 map_id=129 key=183 prog_fd=69 prog_id=17 flags=0 ret=0 errno=0
[53.132837 pid=1937 tid=1953] native-loader jit-info prog_array-target fd=69 id=17 type=17 name=sys_exit_init tag=52c42200436dc579 jited_len=2103 xlated_len=3800 nr_jited_ksyms=1 ksym0=0xffffffffc0406988 ksym1=0x0
[53.133250 pid=1937 tid=1953] BPF_MAP_UPDATE_ELEM prog_array name=sys_exit_init_t map_fd=16 map_id=129 key=184 prog_fd=69 prog_id=17 flags=0 ret=0 errno=0
[53.133678 pid=1937 tid=1953] native-loader jit-info prog_array-target fd=69 id=17 type=17 name=sys_exit_init tag=52c42200436dc579 jited_len=2103 xlated_len=3800 nr_jited_ksyms=1 ksym0=0xffffffffc0406988 ksym1=0x0
[53.134072 pid=1937 tid=1953] BPF_MAP_UPDATE_ELEM prog_array name=sys_exit_init_t map_fd=16 map_id=129 key=185 prog_fd=69 prog_id=17 flags=0 ret=0 errno=0
[53.135029 pid=1937 tid=1953] native-loader jit-info prog_array-target fd=69 id=17 type=17 name=sys_exit_init tag=52c42200436dc579 jited_len=2103 xlated_len=3800 nr_jited_ksyms=1 ksym0=0xffffffffc0406988 ksym1=0x0
[53.135937 pid=1937 tid=1953] BPF_MAP_UPDATE_ELEM prog_array name=sys_exit_init_t map_fd=16 map_id=129 key=186 prog_fd=69 prog_id=17 flags=0 ret=0 errno=0
[53.136112 pid=1937 tid=1953] native-loader jit-info prog_array-target fd=69 id=17 type=17 name=sys_exit_init tag=52c42200436dc579 jited_len=2103 xlated_len=3800 nr_jited_ksyms=1 ksym0=0xffffffffc0406988 ksym1=0x0
[53.136274 pid=1937 tid=1953] BPF_MAP_UPDATE_ELEM prog_array name=sys_exit_init_t map_fd=16 map_id=129 key=187 prog_fd=69 prog_id=17 flags=0 ret=0 errno=0
[53.136657 pid=1937 tid=1953] native-loader jit-info prog_array-target fd=69 id=17 type=17 name=sys_exit_init tag=52c42200436dc579 jited_len=2103 xlated_len=3800 nr_jited_ksyms=1 ksym0=0xffffffffc0406988 ksym1=0x0
[53.136960 pid=1937 tid=1953] BPF_MAP_UPDATE_ELEM prog_array name=sys_exit_init_t map_fd=16 map_id=129 key=188 prog_fd=69 prog_id=17 flags=0 ret=0 errno=0
[53.137443 pid=1937 tid=1953] native-loader jit-info prog_array-target fd=69 id=17 type=17 name=sys_exit_init tag=52c42200436dc579 jited_len=2103 xlated_len=3800 nr_jited_ksyms=1 ksym0=0xffffffffc0406988 ksym1=0x0
[53.137895 pid=1937 tid=1953] BPF_MAP_UPDATE_ELEM prog_array name=sys_exit_init_t map_fd=16 map_id=129 key=189 prog_fd=69 prog_id=17 flags=0 ret=0 errno=0
[53.138049 pid=1937 tid=1953] native-loader jit-info prog_array-target fd=69 id=17 type=17 name=sys_exit_init tag=52c42200436dc579 jited_len=2103 xlated_len=3800 nr_jited_ksyms=1 ksym0=0xffffffffc0406988 ksym1=0x0
[53.138796 pid=1937 tid=1953] BPF_MAP_UPDATE_ELEM prog_array name=sys_exit_init_t map_fd=16 map_id=129 key=190 prog_fd=69 prog_id=17 flags=0 ret=0 errno=0
[53.138949 pid=1937 tid=1953] native-loader jit-info prog_array-target fd=69 id=17 type=17 name=sys_exit_init tag=52c42200436dc579 jited_len=2103 xlated_len=3800 nr_jited_ksyms=1 ksym0=0xffffffffc0406988 ksym1=0x0
[53.139098 pid=1937 tid=1953] BPF_MAP_UPDATE_ELEM prog_array name=sys_exit_init_t map_fd=16 map_id=129 key=191 prog_fd=69 prog_id=17 flags=0 ret=0 errno=0
[53.139358 pid=1937 tid=1953] native-loader jit-info prog_array-target fd=69 id=17 type=17 name=sys_exit_init tag=52c42200436dc579 jited_len=2103 xlated_len=3800 nr_jited_ksyms=1 ksym0=0xffffffffc0406988 ksym1=0x0
[53.139799 pid=1937 tid=1953] BPF_MAP_UPDATE_ELEM prog_array name=sys_exit_init_t map_fd=16 map_id=129 key=192 prog_fd=69 prog_id=17 flags=0 ret=0 errno=0
[53.140158 pid=1937 tid=1953] native-loader jit-info prog_array-target fd=69 id=17 type=17 name=sys_exit_init tag=52c42200436dc579 jited_len=2103 xlated_len=3800 nr_jited_ksyms=1 ksym0=0xffffffffc0406988 ksym1=0x0
[53.140715 pid=1937 tid=1953] BPF_MAP_UPDATE_ELEM prog_array name=sys_exit_init_t map_fd=16 map_id=129 key=193 prog_fd=69 prog_id=17 flags=0 ret=0 errno=0
[53.141260 pid=1937 tid=1953] native-loader jit-info prog_array-target fd=69 id=17 type=17 name=sys_exit_init tag=52c42200436dc579 jited_len=2103 xlated_len=3800 nr_jited_ksyms=1 ksym0=0xffffffffc0406988 ksym1=0x0
[53.141440 pid=1937 tid=1953] BPF_MAP_UPDATE_ELEM prog_array name=sys_exit_init_t map_fd=16 map_id=129 key=194 prog_fd=69 prog_id=17 flags=0 ret=0 errno=0
[53.141765 pid=1937 tid=1953] native-loader jit-info prog_array-target fd=69 id=17 type=17 name=sys_exit_init tag=52c42200436dc579 jited_len=2103 xlated_len=3800 nr_jited_ksyms=1 ksym0=0xffffffffc0406988 ksym1=0x0
[53.141927 pid=1937 tid=1953] BPF_MAP_UPDATE_ELEM prog_array name=sys_exit_init_t map_fd=16 map_id=129 key=195 prog_fd=69 prog_id=17 flags=0 ret=0 errno=0
[53.142212 pid=1937 tid=1953] native-loader jit-info prog_array-target fd=69 id=17 type=17 name=sys_exit_init tag=52c42200436dc579 jited_len=2103 xlated_len=3800 nr_jited_ksyms=1 ksym0=0xffffffffc0406988 ksym1=0x0
[53.142549 pid=1937 tid=1953] BPF_MAP_UPDATE_ELEM prog_array name=sys_exit_init_t map_fd=16 map_id=129 key=196 prog_fd=69 prog_id=17 flags=0 ret=0 errno=0
[53.142725 pid=1937 tid=1953] native-loader jit-info prog_array-target fd=69 id=17 type=17 name=sys_exit_init tag=52c42200436dc579 jited_len=2103 xlated_len=3800 nr_jited_ksyms=1 ksym0=0xffffffffc0406988 ksym1=0x0
[53.142904 pid=1937 tid=1953] BPF_MAP_UPDATE_ELEM prog_array name=sys_exit_init_t map_fd=16 map_id=129 key=197 prog_fd=69 prog_id=17 flags=0 ret=0 errno=0
[53.143057 pid=1937 tid=1953] native-loader jit-info prog_array-target fd=69 id=17 type=17 name=sys_exit_init tag=52c42200436dc579 jited_len=2103 xlated_len=3800 nr_jited_ksyms=1 ksym0=0xffffffffc0406988 ksym1=0x0
[53.143307 pid=1937 tid=1953] BPF_MAP_UPDATE_ELEM prog_array name=sys_exit_init_t map_fd=16 map_id=129 key=198 prog_fd=69 prog_id=17 flags=0 ret=0 errno=0
[53.143823 pid=1937 tid=1953] native-loader jit-info prog_array-target fd=69 id=17 type=17 name=sys_exit_init tag=52c42200436dc579 jited_len=2103 xlated_len=3800 nr_jited_ksyms=1 ksym0=0xffffffffc0406988 ksym1=0x0
[53.144102 pid=1937 tid=1953] BPF_MAP_UPDATE_ELEM prog_array name=sys_exit_init_t map_fd=16 map_id=129 key=199 prog_fd=69 prog_id=17 flags=0 ret=0 errno=0
[53.144243 pid=1937 tid=1953] native-loader jit-info prog_array-target fd=69 id=17 type=17 name=sys_exit_init tag=52c42200436dc579 jited_len=2103 xlated_len=3800 nr_jited_ksyms=1 ksym0=0xffffffffc0406988 ksym1=0x0
[53.144559 pid=1937 tid=1953] BPF_MAP_UPDATE_ELEM prog_array name=sys_exit_init_t map_fd=16 map_id=129 key=200 prog_fd=69 prog_id=17 flags=0 ret=0 errno=0
[53.144717 pid=1937 tid=1953] native-loader jit-info prog_array-target fd=69 id=17 type=17 name=sys_exit_init tag=52c42200436dc579 jited_len=2103 xlated_len=3800 nr_jited_ksyms=1 ksym0=0xffffffffc0406988 ksym1=0x0
[53.144896 pid=1937 tid=1953] BPF_MAP_UPDATE_ELEM prog_array name=sys_exit_init_t map_fd=16 map_id=129 key=201 prog_fd=69 prog_id=17 flags=0 ret=0 errno=0
[53.145046 pid=1937 tid=1953] native-loader jit-info prog_array-target fd=69 id=17 type=17 name=sys_exit_init tag=52c42200436dc579 jited_len=2103 xlated_len=3800 nr_jited_ksyms=1 ksym0=0xffffffffc0406988 ksym1=0x0
[53.145192 pid=1937 tid=1953] BPF_MAP_UPDATE_ELEM prog_array name=sys_exit_init_t map_fd=16 map_id=129 key=202 prog_fd=69 prog_id=17 flags=0 ret=0 errno=0
[53.145335 pid=1937 tid=1953] native-loader jit-info prog_array-target fd=69 id=17 type=17 name=sys_exit_init tag=52c42200436dc579 jited_len=2103 xlated_len=3800 nr_jited_ksyms=1 ksym0=0xffffffffc0406988 ksym1=0x0
[53.145484 pid=1937 tid=1953] BPF_MAP_UPDATE_ELEM prog_array name=sys_exit_init_t map_fd=16 map_id=129 key=203 prog_fd=69 prog_id=17 flags=0 ret=0 errno=0
[53.145616 pid=1937 tid=1953] native-loader jit-info prog_array-target fd=69 id=17 type=17 name=sys_exit_init tag=52c42200436dc579 jited_len=2103 xlated_len=3800 nr_jited_ksyms=1 ksym0=0xffffffffc0406988 ksym1=0x0
[53.145922 pid=1937 tid=1953] BPF_MAP_UPDATE_ELEM prog_array name=sys_exit_init_t map_fd=16 map_id=129 key=204 prog_fd=69 prog_id=17 flags=0 ret=0 errno=0
[53.146278 pid=1937 tid=1953] native-loader jit-info prog_array-target fd=69 id=17 type=17 name=sys_exit_init tag=52c42200436dc579 jited_len=2103 xlated_len=3800 nr_jited_ksyms=1 ksym0=0xffffffffc0406988 ksym1=0x0
[53.146528 pid=1937 tid=1953] BPF_MAP_UPDATE_ELEM prog_array name=sys_exit_init_t map_fd=16 map_id=129 key=205 prog_fd=69 prog_id=17 flags=0 ret=0 errno=0
[53.147062 pid=1937 tid=1953] native-loader jit-info prog_array-target fd=69 id=17 type=17 name=sys_exit_init tag=52c42200436dc579 jited_len=2103 xlated_len=3800 nr_jited_ksyms=1 ksym0=0xffffffffc0406988 ksym1=0x0
[53.147610 pid=1937 tid=1953] BPF_MAP_UPDATE_ELEM prog_array name=sys_exit_init_t map_fd=16 map_id=129 key=206 prog_fd=69 prog_id=17 flags=0 ret=0 errno=0
[53.147935 pid=1937 tid=1953] native-loader jit-info prog_array-target fd=69 id=17 type=17 name=sys_exit_init tag=52c42200436dc579 jited_len=2103 xlated_len=3800 nr_jited_ksyms=1 ksym0=0xffffffffc0406988 ksym1=0x0
[53.148106 pid=1937 tid=1953] BPF_MAP_UPDATE_ELEM prog_array name=sys_exit_init_t map_fd=16 map_id=129 key=207 prog_fd=69 prog_id=17 flags=0 ret=0 errno=0
[53.148539 pid=1937 tid=1953] native-loader jit-info prog_array-target fd=69 id=17 type=17 name=sys_exit_init tag=52c42200436dc579 jited_len=2103 xlated_len=3800 nr_jited_ksyms=1 ksym0=0xffffffffc0406988 ksym1=0x0
[53.148710 pid=1937 tid=1953] BPF_MAP_UPDATE_ELEM prog_array name=sys_exit_init_t map_fd=16 map_id=129 key=208 prog_fd=69 prog_id=17 flags=0 ret=0 errno=0
[53.149086 pid=1937 tid=1953] native-loader jit-info prog_array-target fd=69 id=17 type=17 name=sys_exit_init tag=52c42200436dc579 jited_len=2103 xlated_len=3800 nr_jited_ksyms=1 ksym0=0xffffffffc0406988 ksym1=0x0
[53.149326 pid=1937 tid=1953] BPF_MAP_UPDATE_ELEM prog_array name=sys_exit_init_t map_fd=16 map_id=129 key=209 prog_fd=69 prog_id=17 flags=0 ret=0 errno=0
[53.149457 pid=1937 tid=1953] native-loader jit-info prog_array-target fd=69 id=17 type=17 name=sys_exit_init tag=52c42200436dc579 jited_len=2103 xlated_len=3800 nr_jited_ksyms=1 ksym0=0xffffffffc0406988 ksym1=0x0
[53.149828 pid=1937 tid=1953] BPF_MAP_UPDATE_ELEM prog_array name=sys_exit_init_t map_fd=16 map_id=129 key=210 prog_fd=69 prog_id=17 flags=0 ret=0 errno=0
[53.149962 pid=1937 tid=1953] native-loader jit-info prog_array-target fd=69 id=17 type=17 name=sys_exit_init tag=52c42200436dc579 jited_len=2103 xlated_len=3800 nr_jited_ksyms=1 ksym0=0xffffffffc0406988 ksym1=0x0
[53.150114 pid=1937 tid=1953] BPF_MAP_UPDATE_ELEM prog_array name=sys_exit_init_t map_fd=16 map_id=129 key=211 prog_fd=69 prog_id=17 flags=0 ret=0 errno=0
[53.150596 pid=1937 tid=1953] native-loader jit-info prog_array-target fd=69 id=17 type=17 name=sys_exit_init tag=52c42200436dc579 jited_len=2103 xlated_len=3800 nr_jited_ksyms=1 ksym0=0xffffffffc0406988 ksym1=0x0
[53.151205 pid=1937 tid=1953] BPF_MAP_UPDATE_ELEM prog_array name=sys_exit_init_t map_fd=16 map_id=129 key=212 prog_fd=69 prog_id=17 flags=0 ret=0 errno=0
[53.151709 pid=1937 tid=1953] native-loader jit-info prog_array-target fd=69 id=17 type=17 name=sys_exit_init tag=52c42200436dc579 jited_len=2103 xlated_len=3800 nr_jited_ksyms=1 ksym0=0xffffffffc0406988 ksym1=0x0
[53.152317 pid=1937 tid=1953] BPF_MAP_UPDATE_ELEM prog_array name=sys_exit_init_t map_fd=16 map_id=129 key=213 prog_fd=69 prog_id=17 flags=0 ret=0 errno=0
[53.152858 pid=1937 tid=1953] native-loader jit-info prog_array-target fd=69 id=17 type=17 name=sys_exit_init tag=52c42200436dc579 jited_len=2103 xlated_len=3800 nr_jited_ksyms=1 ksym0=0xffffffffc0406988 ksym1=0x0
[53.153032 pid=1937 tid=1953] BPF_MAP_UPDATE_ELEM prog_array name=sys_exit_init_t map_fd=16 map_id=129 key=214 prog_fd=69 prog_id=17 flags=0 ret=0 errno=0
[53.153509 pid=1937 tid=1953] native-loader jit-info prog_array-target fd=69 id=17 type=17 name=sys_exit_init tag=52c42200436dc579 jited_len=2103 xlated_len=3800 nr_jited_ksyms=1 ksym0=0xffffffffc0406988 ksym1=0x0
[53.153946 pid=1937 tid=1953] BPF_MAP_UPDATE_ELEM prog_array name=sys_exit_init_t map_fd=16 map_id=129 key=215 prog_fd=69 prog_id=17 flags=0 ret=0 errno=0
[53.154116 pid=1937 tid=1953] native-loader jit-info prog_array-target fd=69 id=17 type=17 name=sys_exit_init tag=52c42200436dc579 jited_len=2103 xlated_len=3800 nr_jited_ksyms=1 ksym0=0xffffffffc0406988 ksym1=0x0
[53.155456 pid=1937 tid=1953] BPF_MAP_UPDATE_ELEM prog_array name=sys_exit_init_t map_fd=16 map_id=129 key=216 prog_fd=69 prog_id=17 flags=0 ret=0 errno=0
[53.156322 pid=1937 tid=1953] native-loader jit-info prog_array-target fd=69 id=17 type=17 name=sys_exit_init tag=52c42200436dc579 jited_len=2103 xlated_len=3800 nr_jited_ksyms=1 ksym0=0xffffffffc0406988 ksym1=0x0
[53.156633 pid=1937 tid=1953] BPF_MAP_UPDATE_ELEM prog_array name=sys_exit_init_t map_fd=16 map_id=129 key=217 prog_fd=69 prog_id=17 flags=0 ret=0 errno=0
[53.156913 pid=1937 tid=1953] native-loader jit-info prog_array-target fd=69 id=17 type=17 name=sys_exit_init tag=52c42200436dc579 jited_len=2103 xlated_len=3800 nr_jited_ksyms=1 ksym0=0xffffffffc0406988 ksym1=0x0
[53.157895 pid=1937 tid=1953] BPF_MAP_UPDATE_ELEM prog_array name=sys_exit_init_t map_fd=16 map_id=129 key=218 prog_fd=69 prog_id=17 flags=0 ret=0 errno=0
[53.158601 pid=1937 tid=1953] native-loader jit-info prog_array-target fd=69 id=17 type=17 name=sys_exit_init tag=52c42200436dc579 jited_len=2103 xlated_len=3800 nr_jited_ksyms=1 ksym0=0xffffffffc0406988 ksym1=0x0
[53.159086 pid=1937 tid=1953] BPF_MAP_UPDATE_ELEM prog_array name=sys_exit_init_t map_fd=16 map_id=129 key=219 prog_fd=69 prog_id=17 flags=0 ret=0 errno=0
[53.159313 pid=1937 tid=1953] native-loader jit-info prog_array-target fd=69 id=17 type=17 name=sys_exit_init tag=52c42200436dc579 jited_len=2103 xlated_len=3800 nr_jited_ksyms=1 ksym0=0xffffffffc0406988 ksym1=0x0
[53.160200 pid=1937 tid=1953] BPF_MAP_UPDATE_ELEM prog_array name=sys_exit_init_t map_fd=16 map_id=129 key=220 prog_fd=69 prog_id=17 flags=0 ret=0 errno=0
[53.160506 pid=1937 tid=1953] native-loader jit-info prog_array-target fd=69 id=17 type=17 name=sys_exit_init tag=52c42200436dc579 jited_len=2103 xlated_len=3800 nr_jited_ksyms=1 ksym0=0xffffffffc0406988 ksym1=0x0
[53.160783 pid=1937 tid=1953] BPF_MAP_UPDATE_ELEM prog_array name=sys_exit_init_t map_fd=16 map_id=129 key=221 prog_fd=69 prog_id=17 flags=0 ret=0 errno=0
[53.161066 pid=1937 tid=1953] native-loader jit-info prog_array-target fd=69 id=17 type=17 name=sys_exit_init tag=52c42200436dc579 jited_len=2103 xlated_len=3800 nr_jited_ksyms=1 ksym0=0xffffffffc0406988 ksym1=0x0
[53.161243 pid=1937 tid=1953] BPF_MAP_UPDATE_ELEM prog_array name=sys_exit_init_t map_fd=16 map_id=129 key=222 prog_fd=69 prog_id=17 flags=0 ret=0 errno=0
[53.161567 pid=1937 tid=1953] native-loader jit-info prog_array-target fd=69 id=17 type=17 name=sys_exit_init tag=52c42200436dc579 jited_len=2103 xlated_len=3800 nr_jited_ksyms=1 ksym0=0xffffffffc0406988 ksym1=0x0
[53.161864 pid=1937 tid=1953] BPF_MAP_UPDATE_ELEM prog_array name=sys_exit_init_t map_fd=16 map_id=129 key=223 prog_fd=69 prog_id=17 flags=0 ret=0 errno=0
[53.162019 pid=1937 tid=1953] native-loader jit-info prog_array-target fd=69 id=17 type=17 name=sys_exit_init tag=52c42200436dc579 jited_len=2103 xlated_len=3800 nr_jited_ksyms=1 ksym0=0xffffffffc0406988 ksym1=0x0
[53.162897 pid=1937 tid=1953] BPF_MAP_UPDATE_ELEM prog_array name=sys_exit_init_t map_fd=16 map_id=129 key=224 prog_fd=69 prog_id=17 flags=0 ret=0 errno=0
[53.163265 pid=1937 tid=1953] native-loader jit-info prog_array-target fd=69 id=17 type=17 name=sys_exit_init tag=52c42200436dc579 jited_len=2103 xlated_len=3800 nr_jited_ksyms=1 ksym0=0xffffffffc0406988 ksym1=0x0
[53.163673 pid=1937 tid=1953] BPF_MAP_UPDATE_ELEM prog_array name=sys_exit_init_t map_fd=16 map_id=129 key=225 prog_fd=69 prog_id=17 flags=0 ret=0 errno=0
[53.164350 pid=1937 tid=1953] native-loader jit-info prog_array-target fd=69 id=17 type=17 name=sys_exit_init tag=52c42200436dc579 jited_len=2103 xlated_len=3800 nr_jited_ksyms=1 ksym0=0xffffffffc0406988 ksym1=0x0
[53.165324 pid=1937 tid=1953] BPF_MAP_UPDATE_ELEM prog_array name=sys_exit_init_t map_fd=16 map_id=129 key=226 prog_fd=69 prog_id=17 flags=0 ret=0 errno=0
[53.165618 pid=1937 tid=1953] native-loader jit-info prog_array-target fd=69 id=17 type=17 name=sys_exit_init tag=52c42200436dc579 jited_len=2103 xlated_len=3800 nr_jited_ksyms=1 ksym0=0xffffffffc0406988 ksym1=0x0
[53.165944 pid=1937 tid=1953] BPF_MAP_UPDATE_ELEM prog_array name=sys_exit_init_t map_fd=16 map_id=129 key=227 prog_fd=69 prog_id=17 flags=0 ret=0 errno=0
[53.166211 pid=1937 tid=1953] native-loader jit-info prog_array-target fd=69 id=17 type=17 name=sys_exit_init tag=52c42200436dc579 jited_len=2103 xlated_len=3800 nr_jited_ksyms=1 ksym0=0xffffffffc0406988 ksym1=0x0
[53.166486 pid=1937 tid=1953] BPF_MAP_UPDATE_ELEM prog_array name=sys_exit_init_t map_fd=16 map_id=129 key=228 prog_fd=69 prog_id=17 flags=0 ret=0 errno=0
[53.166938 pid=1937 tid=1953] native-loader jit-info prog_array-target fd=69 id=17 type=17 name=sys_exit_init tag=52c42200436dc579 jited_len=2103 xlated_len=3800 nr_jited_ksyms=1 ksym0=0xffffffffc0406988 ksym1=0x0
[53.167211 pid=1937 tid=1953] BPF_MAP_UPDATE_ELEM prog_array name=sys_exit_init_t map_fd=16 map_id=129 key=229 prog_fd=69 prog_id=17 flags=0 ret=0 errno=0
[53.167496 pid=1937 tid=1953] native-loader jit-info prog_array-target fd=69 id=17 type=17 name=sys_exit_init tag=52c42200436dc579 jited_len=2103 xlated_len=3800 nr_jited_ksyms=1 ksym0=0xffffffffc0406988 ksym1=0x0
[53.168446 pid=1937 tid=1953] BPF_MAP_UPDATE_ELEM prog_array name=sys_exit_init_t map_fd=16 map_id=129 key=230 prog_fd=69 prog_id=17 flags=0 ret=0 errno=0
[53.168727 pid=1937 tid=1953] native-loader jit-info prog_array-target fd=69 id=17 type=17 name=sys_exit_init tag=52c42200436dc579 jited_len=2103 xlated_len=3800 nr_jited_ksyms=1 ksym0=0xffffffffc0406988 ksym1=0x0
[53.169084 pid=1937 tid=1953] BPF_MAP_UPDATE_ELEM prog_array name=sys_exit_init_t map_fd=16 map_id=129 key=231 prog_fd=69 prog_id=17 flags=0 ret=0 errno=0
[53.169397 pid=1937 tid=1953] native-loader jit-info prog_array-target fd=69 id=17 type=17 name=sys_exit_init tag=52c42200436dc579 jited_len=2103 xlated_len=3800 nr_jited_ksyms=1 ksym0=0xffffffffc0406988 ksym1=0x0
[53.169774 pid=1937 tid=1953] BPF_MAP_UPDATE_ELEM prog_array name=sys_exit_init_t map_fd=16 map_id=129 key=232 prog_fd=69 prog_id=17 flags=0 ret=0 errno=0
[53.170083 pid=1937 tid=1953] native-loader jit-info prog_array-target fd=69 id=17 type=17 name=sys_exit_init tag=52c42200436dc579 jited_len=2103 xlated_len=3800 nr_jited_ksyms=1 ksym0=0xffffffffc0406988 ksym1=0x0
[53.170559 pid=1937 tid=1953] BPF_MAP_UPDATE_ELEM prog_array name=sys_exit_init_t map_fd=16 map_id=129 key=233 prog_fd=69 prog_id=17 flags=0 ret=0 errno=0
[53.171583 pid=1937 tid=1953] native-loader jit-info prog_array-target fd=69 id=17 type=17 name=sys_exit_init tag=52c42200436dc579 jited_len=2103 xlated_len=3800 nr_jited_ksyms=1 ksym0=0xffffffffc0406988 ksym1=0x0
[53.171864 pid=1937 tid=1953] BPF_MAP_UPDATE_ELEM prog_array name=sys_exit_init_t map_fd=16 map_id=129 key=234 prog_fd=69 prog_id=17 flags=0 ret=0 errno=0
[53.172617 pid=1937 tid=1953] native-loader jit-info prog_array-target fd=69 id=17 type=17 name=sys_exit_init tag=52c42200436dc579 jited_len=2103 xlated_len=3800 nr_jited_ksyms=1 ksym0=0xffffffffc0406988 ksym1=0x0
[53.172973 pid=1937 tid=1953] BPF_MAP_UPDATE_ELEM prog_array name=sys_exit_init_t map_fd=16 map_id=129 key=235 prog_fd=69 prog_id=17 flags=0 ret=0 errno=0
[53.173164 pid=1937 tid=1953] native-loader jit-info prog_array-target fd=69 id=17 type=17 name=sys_exit_init tag=52c42200436dc579 jited_len=2103 xlated_len=3800 nr_jited_ksyms=1 ksym0=0xffffffffc0406988 ksym1=0x0
[53.174294 pid=1937 tid=1953] BPF_MAP_UPDATE_ELEM prog_array name=sys_exit_init_t map_fd=16 map_id=129 key=236 prog_fd=69 prog_id=17 flags=0 ret=0 errno=0
[53.175050 pid=1937 tid=1953] native-loader jit-info prog_array-target fd=69 id=17 type=17 name=sys_exit_init tag=52c42200436dc579 jited_len=2103 xlated_len=3800 nr_jited_ksyms=1 ksym0=0xffffffffc0406988 ksym1=0x0
[53.175239 pid=1937 tid=1953] BPF_MAP_UPDATE_ELEM prog_array name=sys_exit_init_t map_fd=16 map_id=129 key=237 prog_fd=69 prog_id=17 flags=0 ret=0 errno=0
[53.175523 pid=1937 tid=1953] native-loader jit-info prog_array-target fd=69 id=17 type=17 name=sys_exit_init tag=52c42200436dc579 jited_len=2103 xlated_len=3800 nr_jited_ksyms=1 ksym0=0xffffffffc0406988 ksym1=0x0
[53.176029 pid=1937 tid=1953] BPF_MAP_UPDATE_ELEM prog_array name=sys_exit_init_t map_fd=16 map_id=129 key=238 prog_fd=69 prog_id=17 flags=0 ret=0 errno=0
[53.176942 pid=1937 tid=1953] native-loader jit-info prog_array-target fd=69 id=17 type=17 name=sys_exit_init tag=52c42200436dc579 jited_len=2103 xlated_len=3800 nr_jited_ksyms=1 ksym0=0xffffffffc0406988 ksym1=0x0
[53.177157 pid=1937 tid=1953] BPF_MAP_UPDATE_ELEM prog_array name=sys_exit_init_t map_fd=16 map_id=129 key=239 prog_fd=69 prog_id=17 flags=0 ret=0 errno=0
[53.177512 pid=1937 tid=1953] native-loader jit-info prog_array-target fd=69 id=17 type=17 name=sys_exit_init tag=52c42200436dc579 jited_len=2103 xlated_len=3800 nr_jited_ksyms=1 ksym0=0xffffffffc0406988 ksym1=0x0
[53.178019 pid=1937 tid=1953] BPF_MAP_UPDATE_ELEM prog_array name=sys_exit_init_t map_fd=16 map_id=129 key=240 prog_fd=69 prog_id=17 flags=0 ret=0 errno=0
[53.178167 pid=1937 tid=1953] native-loader jit-info prog_array-target fd=69 id=17 type=17 name=sys_exit_init tag=52c42200436dc579 jited_len=2103 xlated_len=3800 nr_jited_ksyms=1 ksym0=0xffffffffc0406988 ksym1=0x0
[53.178327 pid=1937 tid=1953] BPF_MAP_UPDATE_ELEM prog_array name=sys_exit_init_t map_fd=16 map_id=129 key=241 prog_fd=69 prog_id=17 flags=0 ret=0 errno=0
[53.178474 pid=1937 tid=1953] native-loader jit-info prog_array-target fd=69 id=17 type=17 name=sys_exit_init tag=52c42200436dc579 jited_len=2103 xlated_len=3800 nr_jited_ksyms=1 ksym0=0xffffffffc0406988 ksym1=0x0
[53.178615 pid=1937 tid=1953] BPF_MAP_UPDATE_ELEM prog_array name=sys_exit_init_t map_fd=16 map_id=129 key=242 prog_fd=69 prog_id=17 flags=0 ret=0 errno=0
[53.178763 pid=1937 tid=1953] native-loader jit-info prog_array-target fd=69 id=17 type=17 name=sys_exit_init tag=52c42200436dc579 jited_len=2103 xlated_len=3800 nr_jited_ksyms=1 ksym0=0xffffffffc0406988 ksym1=0x0
[53.178902 pid=1937 tid=1953] BPF_MAP_UPDATE_ELEM prog_array name=sys_exit_init_t map_fd=16 map_id=129 key=243 prog_fd=69 prog_id=17 flags=0 ret=0 errno=0
[53.179033 pid=1937 tid=1953] native-loader jit-info prog_array-target fd=69 id=17 type=17 name=sys_exit_init tag=52c42200436dc579 jited_len=2103 xlated_len=3800 nr_jited_ksyms=1 ksym0=0xffffffffc0406988 ksym1=0x0
[53.179465 pid=1937 tid=1953] BPF_MAP_UPDATE_ELEM prog_array name=sys_exit_init_t map_fd=16 map_id=129 key=244 prog_fd=69 prog_id=17 flags=0 ret=0 errno=0
[53.179768 pid=1937 tid=1953] native-loader jit-info prog_array-target fd=69 id=17 type=17 name=sys_exit_init tag=52c42200436dc579 jited_len=2103 xlated_len=3800 nr_jited_ksyms=1 ksym0=0xffffffffc0406988 ksym1=0x0
[53.180015 pid=1937 tid=1953] BPF_MAP_UPDATE_ELEM prog_array name=sys_exit_init_t map_fd=16 map_id=129 key=245 prog_fd=69 prog_id=17 flags=0 ret=0 errno=0
[53.180924 pid=1937 tid=1953] native-loader jit-info prog_array-target fd=69 id=17 type=17 name=sys_exit_init tag=52c42200436dc579 jited_len=2103 xlated_len=3800 nr_jited_ksyms=1 ksym0=0xffffffffc0406988 ksym1=0x0
[53.181272 pid=1937 tid=1953] BPF_MAP_UPDATE_ELEM prog_array name=sys_exit_init_t map_fd=16 map_id=129 key=246 prog_fd=69 prog_id=17 flags=0 ret=0 errno=0
[53.181426 pid=1937 tid=1953] native-loader jit-info prog_array-target fd=69 id=17 type=17 name=sys_exit_init tag=52c42200436dc579 jited_len=2103 xlated_len=3800 nr_jited_ksyms=1 ksym0=0xffffffffc0406988 ksym1=0x0
[53.181594 pid=1937 tid=1953] BPF_MAP_UPDATE_ELEM prog_array name=sys_exit_init_t map_fd=16 map_id=129 key=247 prog_fd=69 prog_id=17 flags=0 ret=0 errno=0
[53.181876 pid=1937 tid=1953] native-loader jit-info prog_array-target fd=69 id=17 type=17 name=sys_exit_init tag=52c42200436dc579 jited_len=2103 xlated_len=3800 nr_jited_ksyms=1 ksym0=0xffffffffc0406988 ksym1=0x0
[53.182022 pid=1937 tid=1953] BPF_MAP_UPDATE_ELEM prog_array name=sys_exit_init_t map_fd=16 map_id=129 key=248 prog_fd=69 prog_id=17 flags=0 ret=0 errno=0
[53.182392 pid=1937 tid=1953] native-loader jit-info prog_array-target fd=69 id=17 type=17 name=sys_exit_init tag=52c42200436dc579 jited_len=2103 xlated_len=3800 nr_jited_ksyms=1 ksym0=0xffffffffc0406988 ksym1=0x0
[53.182684 pid=1937 tid=1953] BPF_MAP_UPDATE_ELEM prog_array name=sys_exit_init_t map_fd=16 map_id=129 key=249 prog_fd=69 prog_id=17 flags=0 ret=0 errno=0
[53.182836 pid=1937 tid=1953] native-loader jit-info prog_array-target fd=69 id=17 type=17 name=sys_exit_init tag=52c42200436dc579 jited_len=2103 xlated_len=3800 nr_jited_ksyms=1 ksym0=0xffffffffc0406988 ksym1=0x0
[53.183113 pid=1937 tid=1953] BPF_MAP_UPDATE_ELEM prog_array name=sys_exit_init_t map_fd=16 map_id=129 key=250 prog_fd=69 prog_id=17 flags=0 ret=0 errno=0
[53.183263 pid=1937 tid=1953] native-loader jit-info prog_array-target fd=69 id=17 type=17 name=sys_exit_init tag=52c42200436dc579 jited_len=2103 xlated_len=3800 nr_jited_ksyms=1 ksym0=0xffffffffc0406988 ksym1=0x0
[53.183415 pid=1937 tid=1953] BPF_MAP_UPDATE_ELEM prog_array name=sys_exit_init_t map_fd=16 map_id=129 key=251 prog_fd=69 prog_id=17 flags=0 ret=0 errno=0
[53.183723 pid=1937 tid=1953] native-loader jit-info prog_array-target fd=69 id=17 type=17 name=sys_exit_init tag=52c42200436dc579 jited_len=2103 xlated_len=3800 nr_jited_ksyms=1 ksym0=0xffffffffc0406988 ksym1=0x0
[53.184723 pid=1937 tid=1953] BPF_MAP_UPDATE_ELEM prog_array name=sys_exit_init_t map_fd=16 map_id=129 key=252 prog_fd=69 prog_id=17 flags=0 ret=0 errno=0
[53.185289 pid=1937 tid=1953] native-loader jit-info prog_array-target fd=69 id=17 type=17 name=sys_exit_init tag=52c42200436dc579 jited_len=2103 xlated_len=3800 nr_jited_ksyms=1 ksym0=0xffffffffc0406988 ksym1=0x0
[53.185714 pid=1937 tid=1953] BPF_MAP_UPDATE_ELEM prog_array name=sys_exit_init_t map_fd=16 map_id=129 key=253 prog_fd=69 prog_id=17 flags=0 ret=0 errno=0
[53.186081 pid=1937 tid=1953] native-loader jit-info prog_array-target fd=69 id=17 type=17 name=sys_exit_init tag=52c42200436dc579 jited_len=2103 xlated_len=3800 nr_jited_ksyms=1 ksym0=0xffffffffc0406988 ksym1=0x0
[53.186310 pid=1937 tid=1953] BPF_MAP_UPDATE_ELEM prog_array name=sys_exit_init_t map_fd=16 map_id=129 key=254 prog_fd=69 prog_id=17 flags=0 ret=0 errno=0
[53.186640 pid=1937 tid=1953] native-loader jit-info prog_array-target fd=69 id=17 type=17 name=sys_exit_init tag=52c42200436dc579 jited_len=2103 xlated_len=3800 nr_jited_ksyms=1 ksym0=0xffffffffc0406988 ksym1=0x0
[53.186831 pid=1937 tid=1953] BPF_MAP_UPDATE_ELEM prog_array name=sys_exit_init_t map_fd=16 map_id=129 key=255 prog_fd=69 prog_id=17 flags=0 ret=0 errno=0
[53.187050 pid=1937 tid=1953] native-loader jit-info prog_array-target fd=69 id=17 type=17 name=sys_exit_init tag=52c42200436dc579 jited_len=2103 xlated_len=3800 nr_jited_ksyms=1 ksym0=0xffffffffc0406988 ksym1=0x0
[53.187240 pid=1937 tid=1953] BPF_MAP_UPDATE_ELEM prog_array name=sys_exit_init_t map_fd=16 map_id=129 key=256 prog_fd=69 prog_id=17 flags=0 ret=0 errno=0
[53.187593 pid=1937 tid=1953] native-loader jit-info prog_array-target fd=69 id=17 type=17 name=sys_exit_init tag=52c42200436dc579 jited_len=2103 xlated_len=3800 nr_jited_ksyms=1 ksym0=0xffffffffc0406988 ksym1=0x0
[53.187761 pid=1937 tid=1953] BPF_MAP_UPDATE_ELEM prog_array name=sys_exit_init_t map_fd=16 map_id=129 key=257 prog_fd=69 prog_id=17 flags=0 ret=0 errno=0
[53.187911 pid=1937 tid=1953] native-loader jit-info prog_array-target fd=69 id=17 type=17 name=sys_exit_init tag=52c42200436dc579 jited_len=2103 xlated_len=3800 nr_jited_ksyms=1 ksym0=0xffffffffc0406988 ksym1=0x0
[53.188094 pid=1937 tid=1953] BPF_MAP_UPDATE_ELEM prog_array name=sys_exit_init_t map_fd=16 map_id=129 key=258 prog_fd=69 prog_id=17 flags=0 ret=0 errno=0
[53.188257 pid=1937 tid=1953] native-loader jit-info prog_array-target fd=69 id=17 type=17 name=sys_exit_init tag=52c42200436dc579 jited_len=2103 xlated_len=3800 nr_jited_ksyms=1 ksym0=0xffffffffc0406988 ksym1=0x0
[53.188405 pid=1937 tid=1953] BPF_MAP_UPDATE_ELEM prog_array name=sys_exit_init_t map_fd=16 map_id=129 key=259 prog_fd=69 prog_id=17 flags=0 ret=0 errno=0
[53.188548 pid=1937 tid=1953] native-loader jit-info prog_array-target fd=69 id=17 type=17 name=sys_exit_init tag=52c42200436dc579 jited_len=2103 xlated_len=3800 nr_jited_ksyms=1 ksym0=0xffffffffc0406988 ksym1=0x0
[53.188819 pid=1937 tid=1953] BPF_MAP_UPDATE_ELEM prog_array name=sys_exit_init_t map_fd=16 map_id=129 key=260 prog_fd=69 prog_id=17 flags=0 ret=0 errno=0
[53.189122 pid=1937 tid=1953] native-loader jit-info prog_array-target fd=69 id=17 type=17 name=sys_exit_init tag=52c42200436dc579 jited_len=2103 xlated_len=3800 nr_jited_ksyms=1 ksym0=0xffffffffc0406988 ksym1=0x0
[53.189277 pid=1937 tid=1953] BPF_MAP_UPDATE_ELEM prog_array name=sys_exit_init_t map_fd=16 map_id=129 key=261 prog_fd=69 prog_id=17 flags=0 ret=0 errno=0
[53.189424 pid=1937 tid=1953] native-loader jit-info prog_array-target fd=69 id=17 type=17 name=sys_exit_init tag=52c42200436dc579 jited_len=2103 xlated_len=3800 nr_jited_ksyms=1 ksym0=0xffffffffc0406988 ksym1=0x0
[53.189573 pid=1937 tid=1953] BPF_MAP_UPDATE_ELEM prog_array name=sys_exit_init_t map_fd=16 map_id=129 key=262 prog_fd=69 prog_id=17 flags=0 ret=0 errno=0
[53.189724 pid=1937 tid=1953] native-loader jit-info prog_array-target fd=69 id=17 type=17 name=sys_exit_init tag=52c42200436dc579 jited_len=2103 xlated_len=3800 nr_jited_ksyms=1 ksym0=0xffffffffc0406988 ksym1=0x0
[53.189872 pid=1937 tid=1953] BPF_MAP_UPDATE_ELEM prog_array name=sys_exit_init_t map_fd=16 map_id=129 key=263 prog_fd=69 prog_id=17 flags=0 ret=0 errno=0
[53.190018 pid=1937 tid=1953] native-loader jit-info prog_array-target fd=69 id=17 type=17 name=sys_exit_init tag=52c42200436dc579 jited_len=2103 xlated_len=3800 nr_jited_ksyms=1 ksym0=0xffffffffc0406988 ksym1=0x0
[53.190164 pid=1937 tid=1953] BPF_MAP_UPDATE_ELEM prog_array name=sys_exit_init_t map_fd=16 map_id=129 key=264 prog_fd=69 prog_id=17 flags=0 ret=0 errno=0
[53.190482 pid=1937 tid=1953] native-loader jit-info prog_array-target fd=69 id=17 type=17 name=sys_exit_init tag=52c42200436dc579 jited_len=2103 xlated_len=3800 nr_jited_ksyms=1 ksym0=0xffffffffc0406988 ksym1=0x0
[53.190792 pid=1937 tid=1953] BPF_MAP_UPDATE_ELEM prog_array name=sys_exit_init_t map_fd=16 map_id=129 key=265 prog_fd=69 prog_id=17 flags=0 ret=0 errno=0
[53.191010 pid=1937 tid=1953] native-loader jit-info prog_array-target fd=69 id=17 type=17 name=sys_exit_init tag=52c42200436dc579 jited_len=2103 xlated_len=3800 nr_jited_ksyms=1 ksym0=0xffffffffc0406988 ksym1=0x0
[53.191165 pid=1937 tid=1953] BPF_MAP_UPDATE_ELEM prog_array name=sys_exit_init_t map_fd=16 map_id=129 key=266 prog_fd=69 prog_id=17 flags=0 ret=0 errno=0
[53.191315 pid=1937 tid=1953] native-loader jit-info prog_array-target fd=69 id=17 type=17 name=sys_exit_init tag=52c42200436dc579 jited_len=2103 xlated_len=3800 nr_jited_ksyms=1 ksym0=0xffffffffc0406988 ksym1=0x0
[53.191467 pid=1937 tid=1953] BPF_MAP_UPDATE_ELEM prog_array name=sys_exit_init_t map_fd=16 map_id=129 key=267 prog_fd=69 prog_id=17 flags=0 ret=0 errno=0
[53.191764 pid=1937 tid=1953] native-loader jit-info prog_array-target fd=69 id=17 type=17 name=sys_exit_init tag=52c42200436dc579 jited_len=2103 xlated_len=3800 nr_jited_ksyms=1 ksym0=0xffffffffc0406988 ksym1=0x0
[53.191911 pid=1937 tid=1953] BPF_MAP_UPDATE_ELEM prog_array name=sys_exit_init_t map_fd=16 map_id=129 key=268 prog_fd=69 prog_id=17 flags=0 ret=0 errno=0
[53.192160 pid=1937 tid=1953] native-loader jit-info prog_array-target fd=69 id=17 type=17 name=sys_exit_init tag=52c42200436dc579 jited_len=2103 xlated_len=3800 nr_jited_ksyms=1 ksym0=0xffffffffc0406988 ksym1=0x0
[53.192513 pid=1937 tid=1953] BPF_MAP_UPDATE_ELEM prog_array name=sys_exit_init_t map_fd=16 map_id=129 key=269 prog_fd=69 prog_id=17 flags=0 ret=0 errno=0
[53.192668 pid=1937 tid=1953] native-loader jit-info prog_array-target fd=69 id=17 type=17 name=sys_exit_init tag=52c42200436dc579 jited_len=2103 xlated_len=3800 nr_jited_ksyms=1 ksym0=0xffffffffc0406988 ksym1=0x0
[53.192860 pid=1937 tid=1953] BPF_MAP_UPDATE_ELEM prog_array name=sys_exit_init_t map_fd=16 map_id=129 key=270 prog_fd=69 prog_id=17 flags=0 ret=0 errno=0
[53.192996 pid=1937 tid=1953] native-loader jit-info prog_array-target fd=69 id=17 type=17 name=sys_exit_init tag=52c42200436dc579 jited_len=2103 xlated_len=3800 nr_jited_ksyms=1 ksym0=0xffffffffc0406988 ksym1=0x0
[53.193145 pid=1937 tid=1953] BPF_MAP_UPDATE_ELEM prog_array name=sys_exit_init_t map_fd=16 map_id=129 key=271 prog_fd=69 prog_id=17 flags=0 ret=0 errno=0
[53.193546 pid=1937 tid=1953] native-loader jit-info prog_array-target fd=69 id=17 type=17 name=sys_exit_init tag=52c42200436dc579 jited_len=2103 xlated_len=3800 nr_jited_ksyms=1 ksym0=0xffffffffc0406988 ksym1=0x0
[53.193714 pid=1937 tid=1953] BPF_MAP_UPDATE_ELEM prog_array name=sys_exit_init_t map_fd=16 map_id=129 key=272 prog_fd=69 prog_id=17 flags=0 ret=0 errno=0
[53.194025 pid=1937 tid=1953] native-loader jit-info prog_array-target fd=69 id=17 type=17 name=sys_exit_init tag=52c42200436dc579 jited_len=2103 xlated_len=3800 nr_jited_ksyms=1 ksym0=0xffffffffc0406988 ksym1=0x0
[53.194185 pid=1937 tid=1953] BPF_MAP_UPDATE_ELEM prog_array name=sys_exit_init_t map_fd=16 map_id=129 key=273 prog_fd=69 prog_id=17 flags=0 ret=0 errno=0
[53.194339 pid=1937 tid=1953] native-loader jit-info prog_array-target fd=69 id=17 type=17 name=sys_exit_init tag=52c42200436dc579 jited_len=2103 xlated_len=3800 nr_jited_ksyms=1 ksym0=0xffffffffc0406988 ksym1=0x0
[53.194477 pid=1937 tid=1953] BPF_MAP_UPDATE_ELEM prog_array name=sys_exit_init_t map_fd=16 map_id=129 key=274 prog_fd=69 prog_id=17 flags=0 ret=0 errno=0
[53.194619 pid=1937 tid=1953] native-loader jit-info prog_array-target fd=69 id=17 type=17 name=sys_exit_init tag=52c42200436dc579 jited_len=2103 xlated_len=3800 nr_jited_ksyms=1 ksym0=0xffffffffc0406988 ksym1=0x0
[53.194785 pid=1937 tid=1953] BPF_MAP_UPDATE_ELEM prog_array name=sys_exit_init_t map_fd=16 map_id=129 key=275 prog_fd=69 prog_id=17 flags=0 ret=0 errno=0
[53.194929 pid=1937 tid=1953] native-loader jit-info prog_array-target fd=69 id=17 type=17 name=sys_exit_init tag=52c42200436dc579 jited_len=2103 xlated_len=3800 nr_jited_ksyms=1 ksym0=0xffffffffc0406988 ksym1=0x0
[53.195096 pid=1937 tid=1953] BPF_MAP_UPDATE_ELEM prog_array name=sys_exit_init_t map_fd=16 map_id=129 key=276 prog_fd=69 prog_id=17 flags=0 ret=0 errno=0
[53.195249 pid=1937 tid=1953] native-loader jit-info prog_array-target fd=69 id=17 type=17 name=sys_exit_init tag=52c42200436dc579 jited_len=2103 xlated_len=3800 nr_jited_ksyms=1 ksym0=0xffffffffc0406988 ksym1=0x0
[53.195398 pid=1937 tid=1953] BPF_MAP_UPDATE_ELEM prog_array name=sys_exit_init_t map_fd=16 map_id=129 key=277 prog_fd=69 prog_id=17 flags=0 ret=0 errno=0
[53.195538 pid=1937 tid=1953] native-loader jit-info prog_array-target fd=69 id=17 type=17 name=sys_exit_init tag=52c42200436dc579 jited_len=2103 xlated_len=3800 nr_jited_ksyms=1 ksym0=0xffffffffc0406988 ksym1=0x0
[53.195831 pid=1937 tid=1953] BPF_MAP_UPDATE_ELEM prog_array name=sys_exit_init_t map_fd=16 map_id=129 key=278 prog_fd=69 prog_id=17 flags=0 ret=0 errno=0
[53.196148 pid=1937 tid=1953] native-loader jit-info prog_array-target fd=69 id=17 type=17 name=sys_exit_init tag=52c42200436dc579 jited_len=2103 xlated_len=3800 nr_jited_ksyms=1 ksym0=0xffffffffc0406988 ksym1=0x0
[53.196312 pid=1937 tid=1953] BPF_MAP_UPDATE_ELEM prog_array name=sys_exit_init_t map_fd=16 map_id=129 key=279 prog_fd=69 prog_id=17 flags=0 ret=0 errno=0
[53.196477 pid=1937 tid=1953] native-loader jit-info prog_array-target fd=69 id=17 type=17 name=sys_exit_init tag=52c42200436dc579 jited_len=2103 xlated_len=3800 nr_jited_ksyms=1 ksym0=0xffffffffc0406988 ksym1=0x0
[53.196814 pid=1937 tid=1953] BPF_MAP_UPDATE_ELEM prog_array name=sys_exit_init_t map_fd=16 map_id=129 key=280 prog_fd=69 prog_id=17 flags=0 ret=0 errno=0
[53.197432 pid=1937 tid=1953] native-loader jit-info prog_array-target fd=69 id=17 type=17 name=sys_exit_init tag=52c42200436dc579 jited_len=2103 xlated_len=3800 nr_jited_ksyms=1 ksym0=0xffffffffc0406988 ksym1=0x0
[53.197906 pid=1937 tid=1953] BPF_MAP_UPDATE_ELEM prog_array name=sys_exit_init_t map_fd=16 map_id=129 key=281 prog_fd=69 prog_id=17 flags=0 ret=0 errno=0
[53.198220 pid=1937 tid=1953] native-loader jit-info prog_array-target fd=69 id=17 type=17 name=sys_exit_init tag=52c42200436dc579 jited_len=2103 xlated_len=3800 nr_jited_ksyms=1 ksym0=0xffffffffc0406988 ksym1=0x0
[53.198386 pid=1937 tid=1953] BPF_MAP_UPDATE_ELEM prog_array name=sys_exit_init_t map_fd=16 map_id=129 key=282 prog_fd=69 prog_id=17 flags=0 ret=0 errno=0
[53.198636 pid=1937 tid=1953] native-loader jit-info prog_array-target fd=69 id=17 type=17 name=sys_exit_init tag=52c42200436dc579 jited_len=2103 xlated_len=3800 nr_jited_ksyms=1 ksym0=0xffffffffc0406988 ksym1=0x0
[53.198783 pid=1937 tid=1953] BPF_MAP_UPDATE_ELEM prog_array name=sys_exit_init_t map_fd=16 map_id=129 key=283 prog_fd=69 prog_id=17 flags=0 ret=0 errno=0
[53.198914 pid=1937 tid=1953] native-loader jit-info prog_array-target fd=69 id=17 type=17 name=sys_exit_init tag=52c42200436dc579 jited_len=2103 xlated_len=3800 nr_jited_ksyms=1 ksym0=0xffffffffc0406988 ksym1=0x0
[53.199437 pid=1937 tid=1953] BPF_MAP_UPDATE_ELEM prog_array name=sys_exit_init_t map_fd=16 map_id=129 key=284 prog_fd=69 prog_id=17 flags=0 ret=0 errno=0
[53.199583 pid=1937 tid=1953] native-loader jit-info prog_array-target fd=69 id=17 type=17 name=sys_exit_init tag=52c42200436dc579 jited_len=2103 xlated_len=3800 nr_jited_ksyms=1 ksym0=0xffffffffc0406988 ksym1=0x0
[53.199849 pid=1937 tid=1953] BPF_MAP_UPDATE_ELEM prog_array name=sys_exit_init_t map_fd=16 map_id=129 key=285 prog_fd=69 prog_id=17 flags=0 ret=0 errno=0
[53.200174 pid=1937 tid=1953] native-loader jit-info prog_array-target fd=69 id=17 type=17 name=sys_exit_init tag=52c42200436dc579 jited_len=2103 xlated_len=3800 nr_jited_ksyms=1 ksym0=0xffffffffc0406988 ksym1=0x0
[53.200656 pid=1937 tid=1953] BPF_MAP_UPDATE_ELEM prog_array name=sys_exit_init_t map_fd=16 map_id=129 key=286 prog_fd=69 prog_id=17 flags=0 ret=0 errno=0
[53.200976 pid=1937 tid=1953] native-loader jit-info prog_array-target fd=69 id=17 type=17 name=sys_exit_init tag=52c42200436dc579 jited_len=2103 xlated_len=3800 nr_jited_ksyms=1 ksym0=0xffffffffc0406988 ksym1=0x0
[53.201190 pid=1937 tid=1953] BPF_MAP_UPDATE_ELEM prog_array name=sys_exit_init_t map_fd=16 map_id=129 key=287 prog_fd=69 prog_id=17 flags=0 ret=0 errno=0
[53.201603 pid=1937 tid=1953] native-loader jit-info prog_array-target fd=69 id=17 type=17 name=sys_exit_init tag=52c42200436dc579 jited_len=2103 xlated_len=3800 nr_jited_ksyms=1 ksym0=0xffffffffc0406988 ksym1=0x0
[53.201907 pid=1937 tid=1953] BPF_MAP_UPDATE_ELEM prog_array name=sys_exit_init_t map_fd=16 map_id=129 key=288 prog_fd=69 prog_id=17 flags=0 ret=0 errno=0
[53.202090 pid=1937 tid=1953] native-loader jit-info prog_array-target fd=69 id=17 type=17 name=sys_exit_init tag=52c42200436dc579 jited_len=2103 xlated_len=3800 nr_jited_ksyms=1 ksym0=0xffffffffc0406988 ksym1=0x0
[53.202527 pid=1937 tid=1953] BPF_MAP_UPDATE_ELEM prog_array name=sys_exit_init_t map_fd=16 map_id=129 key=289 prog_fd=69 prog_id=17 flags=0 ret=0 errno=0
[53.202866 pid=1937 tid=1953] native-loader jit-info prog_array-target fd=69 id=17 type=17 name=sys_exit_init tag=52c42200436dc579 jited_len=2103 xlated_len=3800 nr_jited_ksyms=1 ksym0=0xffffffffc0406988 ksym1=0x0
[53.203635 pid=1937 tid=1953] BPF_MAP_UPDATE_ELEM prog_array name=sys_exit_init_t map_fd=16 map_id=129 key=290 prog_fd=69 prog_id=17 flags=0 ret=0 errno=0
[53.203991 pid=1937 tid=1953] native-loader jit-info prog_array-target fd=69 id=17 type=17 name=sys_exit_init tag=52c42200436dc579 jited_len=2103 xlated_len=3800 nr_jited_ksyms=1 ksym0=0xffffffffc0406988 ksym1=0x0
[53.204173 pid=1937 tid=1953] BPF_MAP_UPDATE_ELEM prog_array name=sys_exit_init_t map_fd=16 map_id=129 key=291 prog_fd=69 prog_id=17 flags=0 ret=0 errno=0
[53.204590 pid=1937 tid=1953] native-loader jit-info prog_array-target fd=69 id=17 type=17 name=sys_exit_init tag=52c42200436dc579 jited_len=2103 xlated_len=3800 nr_jited_ksyms=1 ksym0=0xffffffffc0406988 ksym1=0x0
[53.204912 pid=1937 tid=1953] BPF_MAP_UPDATE_ELEM prog_array name=sys_exit_init_t map_fd=16 map_id=129 key=293 prog_fd=69 prog_id=17 flags=0 ret=0 errno=0
[53.205080 pid=1937 tid=1953] native-loader jit-info prog_array-target fd=69 id=17 type=17 name=sys_exit_init tag=52c42200436dc579 jited_len=2103 xlated_len=3800 nr_jited_ksyms=1 ksym0=0xffffffffc0406988 ksym1=0x0
[53.205239 pid=1937 tid=1953] BPF_MAP_UPDATE_ELEM prog_array name=sys_exit_init_t map_fd=16 map_id=129 key=294 prog_fd=69 prog_id=17 flags=0 ret=0 errno=0
[53.206160 pid=1937 tid=1953] native-loader jit-info prog_array-target fd=69 id=17 type=17 name=sys_exit_init tag=52c42200436dc579 jited_len=2103 xlated_len=3800 nr_jited_ksyms=1 ksym0=0xffffffffc0406988 ksym1=0x0
[53.206557 pid=1937 tid=1953] BPF_MAP_UPDATE_ELEM prog_array name=sys_exit_init_t map_fd=16 map_id=129 key=295 prog_fd=69 prog_id=17 flags=0 ret=0 errno=0
[53.207107 pid=1937 tid=1953] native-loader jit-info prog_array-target fd=69 id=17 type=17 name=sys_exit_init tag=52c42200436dc579 jited_len=2103 xlated_len=3800 nr_jited_ksyms=1 ksym0=0xffffffffc0406988 ksym1=0x0
[53.208175 pid=1937 tid=1953] BPF_MAP_UPDATE_ELEM prog_array name=sys_exit_init_t map_fd=16 map_id=129 key=296 prog_fd=69 prog_id=17 flags=0 ret=0 errno=0
[53.208556 pid=1937 tid=1953] native-loader jit-info prog_array-target fd=69 id=17 type=17 name=sys_exit_init tag=52c42200436dc579 jited_len=2103 xlated_len=3800 nr_jited_ksyms=1 ksym0=0xffffffffc0406988 ksym1=0x0
[53.209144 pid=1937 tid=1953] BPF_MAP_UPDATE_ELEM prog_array name=sys_exit_init_t map_fd=16 map_id=129 key=297 prog_fd=69 prog_id=17 flags=0 ret=0 errno=0
[53.209368 pid=1937 tid=1953] native-loader jit-info prog_array-target fd=69 id=17 type=17 name=sys_exit_init tag=52c42200436dc579 jited_len=2103 xlated_len=3800 nr_jited_ksyms=1 ksym0=0xffffffffc0406988 ksym1=0x0
[53.209557 pid=1937 tid=1953] BPF_MAP_UPDATE_ELEM prog_array name=sys_exit_init_t map_fd=16 map_id=129 key=298 prog_fd=69 prog_id=17 flags=0 ret=0 errno=0
[53.209711 pid=1937 tid=1953] native-loader jit-info prog_array-target fd=69 id=17 type=17 name=sys_exit_init tag=52c42200436dc579 jited_len=2103 xlated_len=3800 nr_jited_ksyms=1 ksym0=0xffffffffc0406988 ksym1=0x0
[53.209883 pid=1937 tid=1953] BPF_MAP_UPDATE_ELEM prog_array name=sys_exit_init_t map_fd=16 map_id=129 key=299 prog_fd=69 prog_id=17 flags=0 ret=0 errno=0
[53.210209 pid=1937 tid=1953] native-loader jit-info prog_array-target fd=69 id=17 type=17 name=sys_exit_init tag=52c42200436dc579 jited_len=2103 xlated_len=3800 nr_jited_ksyms=1 ksym0=0xffffffffc0406988 ksym1=0x0
[53.210473 pid=1937 tid=1953] BPF_MAP_UPDATE_ELEM prog_array name=sys_exit_init_t map_fd=16 map_id=129 key=300 prog_fd=69 prog_id=17 flags=0 ret=0 errno=0
[53.210743 pid=1937 tid=1953] native-loader jit-info prog_array-target fd=69 id=17 type=17 name=sys_exit_init tag=52c42200436dc579 jited_len=2103 xlated_len=3800 nr_jited_ksyms=1 ksym0=0xffffffffc0406988 ksym1=0x0
[53.211187 pid=1937 tid=1953] BPF_MAP_UPDATE_ELEM prog_array name=sys_exit_init_t map_fd=16 map_id=129 key=301 prog_fd=69 prog_id=17 flags=0 ret=0 errno=0
[53.211682 pid=1937 tid=1953] native-loader jit-info prog_array-target fd=69 id=17 type=17 name=sys_exit_init tag=52c42200436dc579 jited_len=2103 xlated_len=3800 nr_jited_ksyms=1 ksym0=0xffffffffc0406988 ksym1=0x0
[53.212015 pid=1937 tid=1953] BPF_MAP_UPDATE_ELEM prog_array name=sys_exit_init_t map_fd=16 map_id=129 key=302 prog_fd=69 prog_id=17 flags=0 ret=0 errno=0
[53.212183 pid=1937 tid=1953] native-loader jit-info prog_array-target fd=69 id=17 type=17 name=sys_exit_init tag=52c42200436dc579 jited_len=2103 xlated_len=3800 nr_jited_ksyms=1 ksym0=0xffffffffc0406988 ksym1=0x0
[53.212513 pid=1937 tid=1953] BPF_MAP_UPDATE_ELEM prog_array name=sys_exit_init_t map_fd=16 map_id=129 key=303 prog_fd=69 prog_id=17 flags=0 ret=0 errno=0
[53.212948 pid=1937 tid=1953] native-loader jit-info prog_array-target fd=69 id=17 type=17 name=sys_exit_init tag=52c42200436dc579 jited_len=2103 xlated_len=3800 nr_jited_ksyms=1 ksym0=0xffffffffc0406988 ksym1=0x0
[53.213128 pid=1937 tid=1953] BPF_MAP_UPDATE_ELEM prog_array name=sys_exit_init_t map_fd=16 map_id=129 key=304 prog_fd=69 prog_id=17 flags=0 ret=0 errno=0
[53.213480 pid=1937 tid=1953] native-loader jit-info prog_array-target fd=69 id=17 type=17 name=sys_exit_init tag=52c42200436dc579 jited_len=2103 xlated_len=3800 nr_jited_ksyms=1 ksym0=0xffffffffc0406988 ksym1=0x0
[53.214050 pid=1937 tid=1953] BPF_MAP_UPDATE_ELEM prog_array name=sys_exit_init_t map_fd=16 map_id=129 key=305 prog_fd=69 prog_id=17 flags=0 ret=0 errno=0
[53.214527 pid=1937 tid=1953] native-loader jit-info prog_array-target fd=69 id=17 type=17 name=sys_exit_init tag=52c42200436dc579 jited_len=2103 xlated_len=3800 nr_jited_ksyms=1 ksym0=0xffffffffc0406988 ksym1=0x0
[53.214946 pid=1937 tid=1953] BPF_MAP_UPDATE_ELEM prog_array name=sys_exit_init_t map_fd=16 map_id=129 key=306 prog_fd=69 prog_id=17 flags=0 ret=0 errno=0
[53.215153 pid=1937 tid=1953] native-loader jit-info prog_array-target fd=69 id=17 type=17 name=sys_exit_init tag=52c42200436dc579 jited_len=2103 xlated_len=3800 nr_jited_ksyms=1 ksym0=0xffffffffc0406988 ksym1=0x0
[53.215565 pid=1937 tid=1953] BPF_MAP_UPDATE_ELEM prog_array name=sys_exit_init_t map_fd=16 map_id=129 key=307 prog_fd=69 prog_id=17 flags=0 ret=0 errno=0
[53.215930 pid=1937 tid=1953] native-loader jit-info prog_array-target fd=69 id=17 type=17 name=sys_exit_init tag=52c42200436dc579 jited_len=2103 xlated_len=3800 nr_jited_ksyms=1 ksym0=0xffffffffc0406988 ksym1=0x0
[53.216328 pid=1937 tid=1953] BPF_MAP_UPDATE_ELEM prog_array name=sys_exit_init_t map_fd=16 map_id=129 key=308 prog_fd=69 prog_id=17 flags=0 ret=0 errno=0
[53.216491 pid=1937 tid=1953] native-loader jit-info prog_array-target fd=69 id=17 type=17 name=sys_exit_init tag=52c42200436dc579 jited_len=2103 xlated_len=3800 nr_jited_ksyms=1 ksym0=0xffffffffc0406988 ksym1=0x0
[53.216643 pid=1937 tid=1953] BPF_MAP_UPDATE_ELEM prog_array name=sys_exit_init_t map_fd=16 map_id=129 key=309 prog_fd=69 prog_id=17 flags=0 ret=0 errno=0
[53.216800 pid=1937 tid=1953] native-loader jit-info prog_array-target fd=69 id=17 type=17 name=sys_exit_init tag=52c42200436dc579 jited_len=2103 xlated_len=3800 nr_jited_ksyms=1 ksym0=0xffffffffc0406988 ksym1=0x0
[53.216952 pid=1937 tid=1953] BPF_MAP_UPDATE_ELEM prog_array name=sys_exit_init_t map_fd=16 map_id=129 key=310 prog_fd=69 prog_id=17 flags=0 ret=0 errno=0
[53.217099 pid=1937 tid=1953] native-loader jit-info prog_array-target fd=69 id=17 type=17 name=sys_exit_init tag=52c42200436dc579 jited_len=2103 xlated_len=3800 nr_jited_ksyms=1 ksym0=0xffffffffc0406988 ksym1=0x0
[53.217619 pid=1937 tid=1953] BPF_MAP_UPDATE_ELEM prog_array name=sys_exit_init_t map_fd=16 map_id=129 key=312 prog_fd=69 prog_id=17 flags=0 ret=0 errno=0
[53.217885 pid=1937 tid=1953] native-loader jit-info prog_array-target fd=69 id=17 type=17 name=sys_exit_init tag=52c42200436dc579 jited_len=2103 xlated_len=3800 nr_jited_ksyms=1 ksym0=0xffffffffc0406988 ksym1=0x0
[53.218037 pid=1937 tid=1953] BPF_MAP_UPDATE_ELEM prog_array name=sys_exit_init_t map_fd=16 map_id=129 key=313 prog_fd=69 prog_id=17 flags=0 ret=0 errno=0
[53.218204 pid=1937 tid=1953] native-loader jit-info prog_array-target fd=69 id=17 type=17 name=sys_exit_init tag=52c42200436dc579 jited_len=2103 xlated_len=3800 nr_jited_ksyms=1 ksym0=0xffffffffc0406988 ksym1=0x0
[53.218357 pid=1937 tid=1953] BPF_MAP_UPDATE_ELEM prog_array name=sys_exit_init_t map_fd=16 map_id=129 key=314 prog_fd=69 prog_id=17 flags=0 ret=0 errno=0
[53.218499 pid=1937 tid=1953] native-loader jit-info prog_array-target fd=69 id=17 type=17 name=sys_exit_init tag=52c42200436dc579 jited_len=2103 xlated_len=3800 nr_jited_ksyms=1 ksym0=0xffffffffc0406988 ksym1=0x0
[53.218770 pid=1937 tid=1953] BPF_MAP_UPDATE_ELEM prog_array name=sys_exit_init_t map_fd=16 map_id=129 key=315 prog_fd=69 prog_id=17 flags=0 ret=0 errno=0
[53.219037 pid=1937 tid=1953] native-loader jit-info prog_array-target fd=69 id=17 type=17 name=sys_exit_init tag=52c42200436dc579 jited_len=2103 xlated_len=3800 nr_jited_ksyms=1 ksym0=0xffffffffc0406988 ksym1=0x0
[53.219220 pid=1937 tid=1953] BPF_MAP_UPDATE_ELEM prog_array name=sys_exit_init_t map_fd=16 map_id=129 key=316 prog_fd=69 prog_id=17 flags=0 ret=0 errno=0
[53.219596 pid=1937 tid=1953] native-loader jit-info prog_array-target fd=69 id=17 type=17 name=sys_exit_init tag=52c42200436dc579 jited_len=2103 xlated_len=3800 nr_jited_ksyms=1 ksym0=0xffffffffc0406988 ksym1=0x0
[53.220102 pid=1937 tid=1953] BPF_MAP_UPDATE_ELEM prog_array name=sys_exit_init_t map_fd=16 map_id=129 key=317 prog_fd=69 prog_id=17 flags=0 ret=0 errno=0
[53.220318 pid=1937 tid=1953] native-loader jit-info prog_array-target fd=69 id=17 type=17 name=sys_exit_init tag=52c42200436dc579 jited_len=2103 xlated_len=3800 nr_jited_ksyms=1 ksym0=0xffffffffc0406988 ksym1=0x0
[53.220784 pid=1937 tid=1953] BPF_MAP_UPDATE_ELEM prog_array name=sys_exit_init_t map_fd=16 map_id=129 key=318 prog_fd=69 prog_id=17 flags=0 ret=0 errno=0
[53.221087 pid=1937 tid=1953] native-loader jit-info prog_array-target fd=69 id=17 type=17 name=sys_exit_init tag=52c42200436dc579 jited_len=2103 xlated_len=3800 nr_jited_ksyms=1 ksym0=0xffffffffc0406988 ksym1=0x0
[53.221247 pid=1937 tid=1953] BPF_MAP_UPDATE_ELEM prog_array name=sys_exit_init_t map_fd=16 map_id=129 key=319 prog_fd=69 prog_id=17 flags=0 ret=0 errno=0
[53.221413 pid=1937 tid=1953] native-loader jit-info prog_array-target fd=69 id=17 type=17 name=sys_exit_init tag=52c42200436dc579 jited_len=2103 xlated_len=3800 nr_jited_ksyms=1 ksym0=0xffffffffc0406988 ksym1=0x0
[53.221869 pid=1937 tid=1953] BPF_MAP_UPDATE_ELEM prog_array name=sys_exit_init_t map_fd=16 map_id=129 key=320 prog_fd=69 prog_id=17 flags=0 ret=0 errno=0
[53.222153 pid=1937 tid=1953] native-loader jit-info prog_array-target fd=69 id=17 type=17 name=sys_exit_init tag=52c42200436dc579 jited_len=2103 xlated_len=3800 nr_jited_ksyms=1 ksym0=0xffffffffc0406988 ksym1=0x0
[53.222328 pid=1937 tid=1953] BPF_MAP_UPDATE_ELEM prog_array name=sys_exit_init_t map_fd=16 map_id=129 key=321 prog_fd=69 prog_id=17 flags=0 ret=0 errno=0
[53.222531 pid=1937 tid=1953] native-loader jit-info prog_array-target fd=69 id=17 type=17 name=sys_exit_init tag=52c42200436dc579 jited_len=2103 xlated_len=3800 nr_jited_ksyms=1 ksym0=0xffffffffc0406988 ksym1=0x0
[53.222929 pid=1937 tid=1953] BPF_MAP_UPDATE_ELEM prog_array name=sys_exit_init_t map_fd=16 map_id=129 key=322 prog_fd=69 prog_id=17 flags=0 ret=0 errno=0
[53.223235 pid=1937 tid=1953] native-loader jit-info prog_array-target fd=69 id=17 type=17 name=sys_exit_init tag=52c42200436dc579 jited_len=2103 xlated_len=3800 nr_jited_ksyms=1 ksym0=0xffffffffc0406988 ksym1=0x0
[53.223392 pid=1937 tid=1953] BPF_MAP_UPDATE_ELEM prog_array name=sys_exit_init_t map_fd=16 map_id=129 key=323 prog_fd=69 prog_id=17 flags=0 ret=0 errno=0
[53.223539 pid=1937 tid=1953] native-loader jit-info prog_array-target fd=69 id=17 type=17 name=sys_exit_init tag=52c42200436dc579 jited_len=2103 xlated_len=3800 nr_jited_ksyms=1 ksym0=0xffffffffc0406988 ksym1=0x0
[53.223688 pid=1937 tid=1953] BPF_MAP_UPDATE_ELEM prog_array name=sys_exit_init_t map_fd=16 map_id=129 key=324 prog_fd=69 prog_id=17 flags=0 ret=0 errno=0
[53.223975 pid=1937 tid=1953] native-loader jit-info prog_array-target fd=69 id=17 type=17 name=sys_exit_init tag=52c42200436dc579 jited_len=2103 xlated_len=3800 nr_jited_ksyms=1 ksym0=0xffffffffc0406988 ksym1=0x0
[53.224126 pid=1937 tid=1953] BPF_MAP_UPDATE_ELEM prog_array name=sys_exit_init_t map_fd=16 map_id=129 key=325 prog_fd=69 prog_id=17 flags=0 ret=0 errno=0
[53.224261 pid=1937 tid=1953] native-loader jit-info prog_array-target fd=69 id=17 type=17 name=sys_exit_init tag=52c42200436dc579 jited_len=2103 xlated_len=3800 nr_jited_ksyms=1 ksym0=0xffffffffc0406988 ksym1=0x0
[53.224472 pid=1937 tid=1953] BPF_MAP_UPDATE_ELEM prog_array name=sys_exit_init_t map_fd=16 map_id=129 key=326 prog_fd=69 prog_id=17 flags=0 ret=0 errno=0
[53.224618 pid=1937 tid=1953] native-loader jit-info prog_array-target fd=69 id=17 type=17 name=sys_exit_init tag=52c42200436dc579 jited_len=2103 xlated_len=3800 nr_jited_ksyms=1 ksym0=0xffffffffc0406988 ksym1=0x0
[53.224871 pid=1937 tid=1953] BPF_MAP_UPDATE_ELEM prog_array name=sys_exit_init_t map_fd=16 map_id=129 key=327 prog_fd=69 prog_id=17 flags=0 ret=0 errno=0
[53.225070 pid=1937 tid=1953] native-loader jit-info prog_array-target fd=69 id=17 type=17 name=sys_exit_init tag=52c42200436dc579 jited_len=2103 xlated_len=3800 nr_jited_ksyms=1 ksym0=0xffffffffc0406988 ksym1=0x0
[53.225477 pid=1937 tid=1953] BPF_MAP_UPDATE_ELEM prog_array name=sys_exit_init_t map_fd=16 map_id=129 key=328 prog_fd=69 prog_id=17 flags=0 ret=0 errno=0
[53.225619 pid=1937 tid=1953] native-loader jit-info prog_array-target fd=69 id=17 type=17 name=sys_exit_init tag=52c42200436dc579 jited_len=2103 xlated_len=3800 nr_jited_ksyms=1 ksym0=0xffffffffc0406988 ksym1=0x0
[53.226032 pid=1937 tid=1953] BPF_MAP_UPDATE_ELEM prog_array name=sys_exit_init_t map_fd=16 map_id=129 key=329 prog_fd=69 prog_id=17 flags=0 ret=0 errno=0
[53.226331 pid=1937 tid=1953] native-loader jit-info prog_array-target fd=69 id=17 type=17 name=sys_exit_init tag=52c42200436dc579 jited_len=2103 xlated_len=3800 nr_jited_ksyms=1 ksym0=0xffffffffc0406988 ksym1=0x0
[53.226483 pid=1937 tid=1953] BPF_MAP_UPDATE_ELEM prog_array name=sys_exit_init_t map_fd=16 map_id=129 key=330 prog_fd=69 prog_id=17 flags=0 ret=0 errno=0
[53.226626 pid=1937 tid=1953] native-loader jit-info prog_array-target fd=69 id=17 type=17 name=sys_exit_init tag=52c42200436dc579 jited_len=2103 xlated_len=3800 nr_jited_ksyms=1 ksym0=0xffffffffc0406988 ksym1=0x0
[53.226862 pid=1937 tid=1953] BPF_MAP_UPDATE_ELEM prog_array name=sys_exit_init_t map_fd=16 map_id=129 key=331 prog_fd=69 prog_id=17 flags=0 ret=0 errno=0
[53.227006 pid=1937 tid=1953] native-loader jit-info prog_array-target fd=69 id=17 type=17 name=sys_exit_init tag=52c42200436dc579 jited_len=2103 xlated_len=3800 nr_jited_ksyms=1 ksym0=0xffffffffc0406988 ksym1=0x0
[53.227334 pid=1937 tid=1953] BPF_MAP_UPDATE_ELEM prog_array name=sys_exit_init_t map_fd=16 map_id=129 key=332 prog_fd=69 prog_id=17 flags=0 ret=0 errno=0
[53.227754 pid=1937 tid=1953] native-loader jit-info prog_array-target fd=69 id=17 type=17 name=sys_exit_init tag=52c42200436dc579 jited_len=2103 xlated_len=3800 nr_jited_ksyms=1 ksym0=0xffffffffc0406988 ksym1=0x0
[53.227963 pid=1937 tid=1953] BPF_MAP_UPDATE_ELEM prog_array name=sys_exit_init_t map_fd=16 map_id=129 key=333 prog_fd=69 prog_id=17 flags=0 ret=0 errno=0
[53.228675 pid=1937 tid=1953] native-loader jit-info prog_array-target fd=69 id=17 type=17 name=sys_exit_init tag=52c42200436dc579 jited_len=2103 xlated_len=3800 nr_jited_ksyms=1 ksym0=0xffffffffc0406988 ksym1=0x0
[53.228860 pid=1937 tid=1953] BPF_MAP_UPDATE_ELEM prog_array name=sys_exit_init_t map_fd=16 map_id=129 key=334 prog_fd=69 prog_id=17 flags=0 ret=0 errno=0
[53.229020 pid=1937 tid=1953] native-loader jit-info prog_array-target fd=69 id=17 type=17 name=sys_exit_init tag=52c42200436dc579 jited_len=2103 xlated_len=3800 nr_jited_ksyms=1 ksym0=0xffffffffc0406988 ksym1=0x0
[53.229421 pid=1937 tid=1953] BPF_MAP_UPDATE_ELEM prog_array name=sys_exit_init_t map_fd=16 map_id=129 key=424 prog_fd=69 prog_id=17 flags=0 ret=0 errno=0
[53.229918 pid=1937 tid=1953] native-loader jit-info prog_array-target fd=69 id=17 type=17 name=sys_exit_init tag=52c42200436dc579 jited_len=2103 xlated_len=3800 nr_jited_ksyms=1 ksym0=0xffffffffc0406988 ksym1=0x0
[53.230059 pid=1937 tid=1953] BPF_MAP_UPDATE_ELEM prog_array name=sys_exit_init_t map_fd=16 map_id=129 key=425 prog_fd=69 prog_id=17 flags=0 ret=0 errno=0
[53.230786 pid=1937 tid=1953] native-loader jit-info prog_array-target fd=69 id=17 type=17 name=sys_exit_init tag=52c42200436dc579 jited_len=2103 xlated_len=3800 nr_jited_ksyms=1 ksym0=0xffffffffc0406988 ksym1=0x0
[53.231006 pid=1937 tid=1953] BPF_MAP_UPDATE_ELEM prog_array name=sys_exit_init_t map_fd=16 map_id=129 key=426 prog_fd=69 prog_id=17 flags=0 ret=0 errno=0
[53.231154 pid=1937 tid=1953] native-loader jit-info prog_array-target fd=69 id=17 type=17 name=sys_exit_init tag=52c42200436dc579 jited_len=2103 xlated_len=3800 nr_jited_ksyms=1 ksym0=0xffffffffc0406988 ksym1=0x0
[53.231869 pid=1937 tid=1953] BPF_MAP_UPDATE_ELEM prog_array name=sys_exit_init_t map_fd=16 map_id=129 key=427 prog_fd=69 prog_id=17 flags=0 ret=0 errno=0
[53.232680 pid=1937 tid=1953] native-loader jit-info prog_array-target fd=69 id=17 type=17 name=sys_exit_init tag=52c42200436dc579 jited_len=2103 xlated_len=3800 nr_jited_ksyms=1 ksym0=0xffffffffc0406988 ksym1=0x0
[53.232834 pid=1937 tid=1953] BPF_MAP_UPDATE_ELEM prog_array name=sys_exit_init_t map_fd=16 map_id=129 key=428 prog_fd=69 prog_id=17 flags=0 ret=0 errno=0
[53.232964 pid=1937 tid=1953] native-loader jit-info prog_array-target fd=69 id=17 type=17 name=sys_exit_init tag=52c42200436dc579 jited_len=2103 xlated_len=3800 nr_jited_ksyms=1 ksym0=0xffffffffc0406988 ksym1=0x0
[53.233396 pid=1937 tid=1953] BPF_MAP_UPDATE_ELEM prog_array name=sys_exit_init_t map_fd=16 map_id=129 key=429 prog_fd=69 prog_id=17 flags=0 ret=0 errno=0
[53.233565 pid=1937 tid=1953] native-loader jit-info prog_array-target fd=69 id=17 type=17 name=sys_exit_init tag=52c42200436dc579 jited_len=2103 xlated_len=3800 nr_jited_ksyms=1 ksym0=0xffffffffc0406988 ksym1=0x0
[53.234184 pid=1937 tid=1953] BPF_MAP_UPDATE_ELEM prog_array name=sys_exit_init_t map_fd=16 map_id=129 key=430 prog_fd=69 prog_id=17 flags=0 ret=0 errno=0
[53.234379 pid=1937 tid=1953] native-loader jit-info prog_array-target fd=69 id=17 type=17 name=sys_exit_init tag=52c42200436dc579 jited_len=2103 xlated_len=3800 nr_jited_ksyms=1 ksym0=0xffffffffc0406988 ksym1=0x0
[53.234544 pid=1937 tid=1953] BPF_MAP_UPDATE_ELEM prog_array name=sys_exit_init_t map_fd=16 map_id=129 key=431 prog_fd=69 prog_id=17 flags=0 ret=0 errno=0
[53.234815 pid=1937 tid=1953] native-loader jit-info prog_array-target fd=69 id=17 type=17 name=sys_exit_init tag=52c42200436dc579 jited_len=2103 xlated_len=3800 nr_jited_ksyms=1 ksym0=0xffffffffc0406988 ksym1=0x0
[53.234947 pid=1937 tid=1953] BPF_MAP_UPDATE_ELEM prog_array name=sys_exit_init_t map_fd=16 map_id=129 key=432 prog_fd=69 prog_id=17 flags=0 ret=0 errno=0
[53.235077 pid=1937 tid=1953] native-loader jit-info prog_array-target fd=69 id=17 type=17 name=sys_exit_init tag=52c42200436dc579 jited_len=2103 xlated_len=3800 nr_jited_ksyms=1 ksym0=0xffffffffc0406988 ksym1=0x0
[53.235212 pid=1937 tid=1953] BPF_MAP_UPDATE_ELEM prog_array name=sys_exit_init_t map_fd=16 map_id=129 key=433 prog_fd=69 prog_id=17 flags=0 ret=0 errno=0
[53.235461 pid=1937 tid=1953] native-loader jit-info prog_array-target fd=69 id=17 type=17 name=sys_exit_init tag=52c42200436dc579 jited_len=2103 xlated_len=3800 nr_jited_ksyms=1 ksym0=0xffffffffc0406988 ksym1=0x0
[53.235653 pid=1937 tid=1953] BPF_MAP_UPDATE_ELEM prog_array name=sys_exit_init_t map_fd=16 map_id=129 key=434 prog_fd=69 prog_id=17 flags=0 ret=0 errno=0
[53.235814 pid=1937 tid=1953] native-loader jit-info prog_array-target fd=69 id=17 type=17 name=sys_exit_init tag=52c42200436dc579 jited_len=2103 xlated_len=3800 nr_jited_ksyms=1 ksym0=0xffffffffc0406988 ksym1=0x0
[53.236007 pid=1937 tid=1953] BPF_MAP_UPDATE_ELEM prog_array name=sys_exit_init_t map_fd=16 map_id=129 key=435 prog_fd=69 prog_id=17 flags=0 ret=0 errno=0
[53.236193 pid=1937 tid=1953] native-loader jit-info prog_array-target fd=69 id=17 type=17 name=sys_exit_init tag=52c42200436dc579 jited_len=2103 xlated_len=3800 nr_jited_ksyms=1 ksym0=0xffffffffc0406988 ksym1=0x0
[53.236850 pid=1937 tid=1953] BPF_MAP_UPDATE_ELEM prog_array name=sys_exit_init_t map_fd=16 map_id=129 key=436 prog_fd=69 prog_id=17 flags=0 ret=0 errno=0
[53.237104 pid=1937 tid=1953] native-loader jit-info prog_array-target fd=69 id=17 type=17 name=sys_exit_init tag=52c42200436dc579 jited_len=2103 xlated_len=3800 nr_jited_ksyms=1 ksym0=0xffffffffc0406988 ksym1=0x0
[53.237788 pid=1937 tid=1953] BPF_MAP_UPDATE_ELEM prog_array name=sys_exit_init_t map_fd=16 map_id=129 key=437 prog_fd=69 prog_id=17 flags=0 ret=0 errno=0
[53.237950 pid=1937 tid=1953] native-loader jit-info prog_array-target fd=69 id=17 type=17 name=sys_exit_init tag=52c42200436dc579 jited_len=2103 xlated_len=3800 nr_jited_ksyms=1 ksym0=0xffffffffc0406988 ksym1=0x0
[53.238241 pid=1937 tid=1953] BPF_MAP_UPDATE_ELEM prog_array name=sys_exit_init_t map_fd=16 map_id=129 key=438 prog_fd=69 prog_id=17 flags=0 ret=0 errno=0
[53.238428 pid=1937 tid=1953] native-loader jit-info prog_array-target fd=69 id=17 type=17 name=sys_exit_init tag=52c42200436dc579 jited_len=2103 xlated_len=3800 nr_jited_ksyms=1 ksym0=0xffffffffc0406988 ksym1=0x0
[53.238578 pid=1937 tid=1953] BPF_MAP_UPDATE_ELEM prog_array name=sys_exit_init_t map_fd=16 map_id=129 key=439 prog_fd=69 prog_id=17 flags=0 ret=0 errno=0
[53.238718 pid=1937 tid=1953] native-loader jit-info prog_array-target fd=69 id=17 type=17 name=sys_exit_init tag=52c42200436dc579 jited_len=2103 xlated_len=3800 nr_jited_ksyms=1 ksym0=0xffffffffc0406988 ksym1=0x0
[53.238911 pid=1937 tid=1953] BPF_MAP_UPDATE_ELEM prog_array name=sys_exit_init_t map_fd=16 map_id=129 key=440 prog_fd=69 prog_id=17 flags=0 ret=0 errno=0
[53.239140 pid=1937 tid=1953] native-loader jit-info prog_array-target fd=69 id=17 type=17 name=sys_exit_init tag=52c42200436dc579 jited_len=2103 xlated_len=3800 nr_jited_ksyms=1 ksym0=0xffffffffc0406988 ksym1=0x0
[53.239427 pid=1937 tid=1953] BPF_MAP_UPDATE_ELEM prog_array name=sys_exit_init_t map_fd=16 map_id=129 key=441 prog_fd=69 prog_id=17 flags=0 ret=0 errno=0
[53.239589 pid=1937 tid=1953] native-loader jit-info prog_array-target fd=69 id=17 type=17 name=sys_exit_init tag=52c42200436dc579 jited_len=2103 xlated_len=3800 nr_jited_ksyms=1 ksym0=0xffffffffc0406988 ksym1=0x0
[53.239747 pid=1937 tid=1953] BPF_MAP_UPDATE_ELEM prog_array name=sys_exit_init_t map_fd=16 map_id=129 key=442 prog_fd=69 prog_id=17 flags=0 ret=0 errno=0
[53.239882 pid=1937 tid=1953] native-loader jit-info prog_array-target fd=69 id=17 type=17 name=sys_exit_init tag=52c42200436dc579 jited_len=2103 xlated_len=3800 nr_jited_ksyms=1 ksym0=0xffffffffc0406988 ksym1=0x0
[53.240030 pid=1937 tid=1953] BPF_MAP_UPDATE_ELEM prog_array name=sys_exit_init_t map_fd=16 map_id=129 key=443 prog_fd=69 prog_id=17 flags=0 ret=0 errno=0
[53.240165 pid=1937 tid=1953] native-loader jit-info prog_array-target fd=69 id=17 type=17 name=sys_exit_init tag=52c42200436dc579 jited_len=2103 xlated_len=3800 nr_jited_ksyms=1 ksym0=0xffffffffc0406988 ksym1=0x0
[53.240323 pid=1937 tid=1953] BPF_MAP_UPDATE_ELEM prog_array name=sys_exit_init_t map_fd=16 map_id=129 key=444 prog_fd=69 prog_id=17 flags=0 ret=0 errno=0
[53.240516 pid=1937 tid=1953] native-loader jit-info prog_array-target fd=69 id=17 type=17 name=sys_exit_init tag=52c42200436dc579 jited_len=2103 xlated_len=3800 nr_jited_ksyms=1 ksym0=0xffffffffc0406988 ksym1=0x0
[53.240922 pid=1937 tid=1953] BPF_MAP_UPDATE_ELEM prog_array name=sys_exit_init_t map_fd=16 map_id=129 key=445 prog_fd=69 prog_id=17 flags=0 ret=0 errno=0
[53.241252 pid=1937 tid=1953] native-loader jit-info prog_array-target fd=69 id=17 type=17 name=sys_exit_init tag=52c42200436dc579 jited_len=2103 xlated_len=3800 nr_jited_ksyms=1 ksym0=0xffffffffc0406988 ksym1=0x0
[53.241582 pid=1937 tid=1953] BPF_MAP_UPDATE_ELEM prog_array name=sys_exit_init_t map_fd=16 map_id=129 key=446 prog_fd=69 prog_id=17 flags=0 ret=0 errno=0
[53.241726 pid=1937 tid=1953] native-loader jit-info prog_array-target fd=69 id=17 type=17 name=sys_exit_init tag=52c42200436dc579 jited_len=2103 xlated_len=3800 nr_jited_ksyms=1 ksym0=0xffffffffc0406988 ksym1=0x0
[53.241893 pid=1937 tid=1953] BPF_MAP_UPDATE_ELEM prog_array name=sys_exit_init_t map_fd=16 map_id=129 key=447 prog_fd=69 prog_id=17 flags=0 ret=0 errno=0
[53.242049 pid=1937 tid=1953] native-loader jit-info prog_array-target fd=69 id=17 type=17 name=sys_exit_init tag=52c42200436dc579 jited_len=2103 xlated_len=3800 nr_jited_ksyms=1 ksym0=0xffffffffc0406988 ksym1=0x0
[53.242198 pid=1937 tid=1953] BPF_MAP_UPDATE_ELEM prog_array name=sys_exit_init_t map_fd=16 map_id=129 key=448 prog_fd=69 prog_id=17 flags=0 ret=0 errno=0
[53.242344 pid=1937 tid=1953] native-loader jit-info prog_array-target fd=69 id=17 type=17 name=sys_exit_init tag=52c42200436dc579 jited_len=2103 xlated_len=3800 nr_jited_ksyms=1 ksym0=0xffffffffc0406988 ksym1=0x0
[53.242897 pid=1937 tid=1953] BPF_MAP_UPDATE_ELEM prog_array name=sys_exit_init_t map_fd=16 map_id=129 key=449 prog_fd=69 prog_id=17 flags=0 ret=0 errno=0
[53.243054 pid=1937 tid=1953] native-loader jit-info prog_array-target fd=69 id=17 type=17 name=sys_exit_init tag=52c42200436dc579 jited_len=2103 xlated_len=3800 nr_jited_ksyms=1 ksym0=0xffffffffc0406988 ksym1=0x0
[53.243198 pid=1937 tid=1953] BPF_MAP_UPDATE_ELEM prog_array name=sys_exit_init_t map_fd=16 map_id=129 key=450 prog_fd=69 prog_id=17 flags=0 ret=0 errno=0
[53.243343 pid=1937 tid=1953] native-loader jit-info prog_array-target fd=69 id=17 type=17 name=sys_exit_init tag=52c42200436dc579 jited_len=2103 xlated_len=3800 nr_jited_ksyms=1 ksym0=0xffffffffc0406988 ksym1=0x0
[53.243543 pid=1937 tid=1953] BPF_MAP_UPDATE_ELEM prog_array name=sys_exit_init_t map_fd=16 map_id=129 key=451 prog_fd=69 prog_id=17 flags=0 ret=0 errno=0
[53.243685 pid=1937 tid=1953] native-loader jit-info prog_array-target fd=69 id=17 type=17 name=sys_exit_init tag=52c42200436dc579 jited_len=2103 xlated_len=3800 nr_jited_ksyms=1 ksym0=0xffffffffc0406988 ksym1=0x0
[53.243820 pid=1937 tid=1953] BPF_MAP_UPDATE_ELEM prog_array name=sys_exit_init_t map_fd=16 map_id=129 key=452 prog_fd=69 prog_id=17 flags=0 ret=0 errno=0
[53.243956 pid=1937 tid=1953] native-loader jit-info prog_array-target fd=69 id=17 type=17 name=sys_exit_init tag=52c42200436dc579 jited_len=2103 xlated_len=3800 nr_jited_ksyms=1 ksym0=0xffffffffc0406988 ksym1=0x0
[53.244091 pid=1937 tid=1953] BPF_MAP_UPDATE_ELEM prog_array name=sys_exit_init_t map_fd=16 map_id=129 key=453 prog_fd=69 prog_id=17 flags=0 ret=0 errno=0
[53.244237 pid=1937 tid=1953] native-loader jit-info prog_array-target fd=69 id=17 type=17 name=sys_exit_init tag=52c42200436dc579 jited_len=2103 xlated_len=3800 nr_jited_ksyms=1 ksym0=0xffffffffc0406988 ksym1=0x0
[53.244388 pid=1937 tid=1953] BPF_MAP_UPDATE_ELEM prog_array name=sys_exit_init_t map_fd=16 map_id=129 key=454 prog_fd=69 prog_id=17 flags=0 ret=0 errno=0
[53.244524 pid=1937 tid=1953] native-loader jit-info prog_array-target fd=69 id=17 type=17 name=sys_exit_init tag=52c42200436dc579 jited_len=2103 xlated_len=3800 nr_jited_ksyms=1 ksym0=0xffffffffc0406988 ksym1=0x0
[53.244827 pid=1937 tid=1953] BPF_MAP_UPDATE_ELEM prog_array name=sys_exit_init_t map_fd=16 map_id=129 key=455 prog_fd=69 prog_id=17 flags=0 ret=0 errno=0
[53.244977 pid=1937 tid=1953] native-loader jit-info prog_array-target fd=69 id=17 type=17 name=sys_exit_init tag=52c42200436dc579 jited_len=2103 xlated_len=3800 nr_jited_ksyms=1 ksym0=0xffffffffc0406988 ksym1=0x0
[53.245124 pid=1937 tid=1953] BPF_MAP_UPDATE_ELEM prog_array name=sys_exit_init_t map_fd=16 map_id=129 key=456 prog_fd=69 prog_id=17 flags=0 ret=0 errno=0
[53.245623 pid=1937 tid=1953] native-loader jit-info prog_array-target fd=69 id=17 type=17 name=sys_exit_init tag=52c42200436dc579 jited_len=2103 xlated_len=3800 nr_jited_ksyms=1 ksym0=0xffffffffc0406988 ksym1=0x0
[53.246107 pid=1937 tid=1953] BPF_MAP_UPDATE_ELEM prog_array name=sys_exit_init_t map_fd=16 map_id=129 key=457 prog_fd=69 prog_id=17 flags=0 ret=0 errno=0
[53.246301 pid=1937 tid=1953] native-loader jit-info prog_array-target fd=69 id=17 type=17 name=sys_exit_init tag=52c42200436dc579 jited_len=2103 xlated_len=3800 nr_jited_ksyms=1 ksym0=0xffffffffc0406988 ksym1=0x0
[53.246463 pid=1937 tid=1953] BPF_MAP_UPDATE_ELEM prog_array name=sys_exit_init_t map_fd=16 map_id=129 key=458 prog_fd=69 prog_id=17 flags=0 ret=0 errno=0
[53.246608 pid=1937 tid=1953] native-loader jit-info prog_array-target fd=69 id=17 type=17 name=sys_exit_init tag=52c42200436dc579 jited_len=2103 xlated_len=3800 nr_jited_ksyms=1 ksym0=0xffffffffc0406988 ksym1=0x0
[53.246748 pid=1937 tid=1953] BPF_MAP_UPDATE_ELEM prog_array name=sys_exit_init_t map_fd=16 map_id=129 key=459 prog_fd=69 prog_id=17 flags=0 ret=0 errno=0
[53.246885 pid=1937 tid=1953] native-loader jit-info prog_array-target fd=69 id=17 type=17 name=sys_exit_init tag=52c42200436dc579 jited_len=2103 xlated_len=3800 nr_jited_ksyms=1 ksym0=0xffffffffc0406988 ksym1=0x0
[53.247021 pid=1937 tid=1953] BPF_MAP_UPDATE_ELEM prog_array name=sys_exit_init_t map_fd=16 map_id=129 key=460 prog_fd=69 prog_id=17 flags=0 ret=0 errno=0
[53.247156 pid=1937 tid=1953] native-loader jit-info prog_array-target fd=69 id=17 type=17 name=sys_exit_init tag=52c42200436dc579 jited_len=2103 xlated_len=3800 nr_jited_ksyms=1 ksym0=0xffffffffc0406988 ksym1=0x0
[53.247337 pid=1937 tid=1953] BPF_MAP_UPDATE_ELEM prog_array name=sys_exit_init_t map_fd=16 map_id=129 key=461 prog_fd=69 prog_id=17 flags=0 ret=0 errno=0
[53.247478 pid=1937 tid=1953] native-loader jit-info prog_array-target fd=69 id=17 type=17 name=sys_exit_init tag=52c42200436dc579 jited_len=2103 xlated_len=3800 nr_jited_ksyms=1 ksym0=0xffffffffc0406988 ksym1=0x0
[53.247658 pid=1937 tid=1953] BPF_MAP_UPDATE_ELEM prog_array name=sys_exit_init_t map_fd=16 map_id=129 key=462 prog_fd=69 prog_id=17 flags=0 ret=0 errno=0
[53.247796 pid=1937 tid=1953] native-loader jit-info prog_array-target fd=69 id=17 type=17 name=sys_exit_init tag=52c42200436dc579 jited_len=2103 xlated_len=3800 nr_jited_ksyms=1 ksym0=0xffffffffc0406988 ksym1=0x0
[53.247933 pid=1937 tid=1953] BPF_MAP_UPDATE_ELEM prog_array name=sys_exit_init_t map_fd=16 map_id=129 key=463 prog_fd=69 prog_id=17 flags=0 ret=0 errno=0
[53.248070 pid=1937 tid=1953] native-loader jit-info prog_array-target fd=69 id=17 type=17 name=sys_exit_init tag=52c42200436dc579 jited_len=2103 xlated_len=3800 nr_jited_ksyms=1 ksym0=0xffffffffc0406988 ksym1=0x0
[53.248309 pid=1937 tid=1953] BPF_MAP_UPDATE_ELEM prog_array name=sys_exit_init_t map_fd=16 map_id=129 key=464 prog_fd=69 prog_id=17 flags=0 ret=0 errno=0
[53.248487 pid=1937 tid=1953] native-loader jit-info prog_array-target fd=69 id=17 type=17 name=sys_exit_init tag=52c42200436dc579 jited_len=2103 xlated_len=3800 nr_jited_ksyms=1 ksym0=0xffffffffc0406988 ksym1=0x0
[53.248645 pid=1937 tid=1953] BPF_MAP_UPDATE_ELEM prog_array name=sys_exit_init_t map_fd=16 map_id=129 key=465 prog_fd=69 prog_id=17 flags=0 ret=0 errno=0
[53.248982 pid=1937 tid=1953] native-loader jit-info prog_array-target fd=69 id=17 type=17 name=sys_exit_init tag=52c42200436dc579 jited_len=2103 xlated_len=3800 nr_jited_ksyms=1 ksym0=0xffffffffc0406988 ksym1=0x0
[53.249142 pid=1937 tid=1953] BPF_MAP_UPDATE_ELEM prog_array name=sys_exit_init_t map_fd=16 map_id=129 key=466 prog_fd=69 prog_id=17 flags=0 ret=0 errno=0
[53.249288 pid=1937 tid=1953] native-loader jit-info prog_array-target fd=69 id=17 type=17 name=sys_exit_init tag=52c42200436dc579 jited_len=2103 xlated_len=3800 nr_jited_ksyms=1 ksym0=0xffffffffc0406988 ksym1=0x0
[53.249627 pid=1937 tid=1953] BPF_MAP_UPDATE_ELEM prog_array name=sys_exit_init_t map_fd=16 map_id=129 key=467 prog_fd=69 prog_id=17 flags=0 ret=0 errno=0
[53.249957 pid=1937 tid=1953] native-loader jit-info prog_array-target fd=69 id=17 type=17 name=sys_exit_init tag=52c42200436dc579 jited_len=2103 xlated_len=3800 nr_jited_ksyms=1 ksym0=0xffffffffc0406988 ksym1=0x0
[53.250120 pid=1937 tid=1953] BPF_MAP_UPDATE_ELEM prog_array name=sys_exit_init_t map_fd=16 map_id=129 key=468 prog_fd=69 prog_id=17 flags=0 ret=0 errno=0
[53.250282 pid=1937 tid=1953] native-loader jit-info prog_array-target fd=69 id=17 type=17 name=sys_exit_init tag=52c42200436dc579 jited_len=2103 xlated_len=3800 nr_jited_ksyms=1 ksym0=0xffffffffc0406988 ksym1=0x0
[53.250579 pid=1937 tid=1953] BPF_MAP_UPDATE_ELEM prog_array name=sys_exit_init_t map_fd=16 map_id=129 key=469 prog_fd=69 prog_id=17 flags=0 ret=0 errno=0
[53.250744 pid=1937 tid=1953] native-loader jit-info prog_array-target fd=69 id=17 type=17 name=sys_exit_init tag=52c42200436dc579 jited_len=2103 xlated_len=3800 nr_jited_ksyms=1 ksym0=0xffffffffc0406988 ksym1=0x0
[53.251085 pid=1937 tid=1953] BPF_MAP_UPDATE_ELEM prog_array name=sys_exit_init_t map_fd=16 map_id=129 key=470 prog_fd=69 prog_id=17 flags=0 ret=0 errno=0
[53.251227 pid=1937 tid=1953] native-loader jit-info prog_array-target fd=69 id=17 type=17 name=sys_exit_init tag=52c42200436dc579 jited_len=2103 xlated_len=3800 nr_jited_ksyms=1 ksym0=0xffffffffc0406988 ksym1=0x0
[53.251982 pid=1937 tid=1953] BPF_MAP_UPDATE_ELEM prog_array name=sys_exit_init_t map_fd=16 map_id=129 key=471 prog_fd=69 prog_id=17 flags=0 ret=0 errno=0
[53.252126 pid=1937 tid=1953] native-loader jit-info prog_array-target fd=69 id=17 type=17 name=sys_exit_init tag=52c42200436dc579 jited_len=2103 xlated_len=3800 nr_jited_ksyms=1 ksym0=0xffffffffc0406988 ksym1=0x0
[53.252271 pid=1937 tid=1953] BPF_MAP_UPDATE_ELEM prog_array name=sys_exit_init_t map_fd=16 map_id=129 key=472 prog_fd=69 prog_id=17 flags=0 ret=0 errno=0
[53.252419 pid=1937 tid=1953] native-loader jit-info prog_array-target fd=69 id=17 type=17 name=sys_exit_init tag=52c42200436dc579 jited_len=2103 xlated_len=3800 nr_jited_ksyms=1 ksym0=0xffffffffc0406988 ksym1=0x0
[53.252554 pid=1937 tid=1953] BPF_MAP_UPDATE_ELEM prog_array name=sys_exit_init_t map_fd=16 map_id=129 key=473 prog_fd=69 prog_id=17 flags=0 ret=0 errno=0
[53.252758 pid=1937 tid=1953] native-loader jit-info prog_array-target fd=69 id=17 type=17 name=sys_exit_init tag=52c42200436dc579 jited_len=2103 xlated_len=3800 nr_jited_ksyms=1 ksym0=0xffffffffc0406988 ksym1=0x0
[53.252893 pid=1937 tid=1953] BPF_MAP_UPDATE_ELEM prog_array name=sys_exit_init_t map_fd=16 map_id=129 key=474 prog_fd=69 prog_id=17 flags=0 ret=0 errno=0
[53.253031 pid=1937 tid=1953] native-loader jit-info prog_array-target fd=69 id=17 type=17 name=sys_exit_init tag=52c42200436dc579 jited_len=2103 xlated_len=3800 nr_jited_ksyms=1 ksym0=0xffffffffc0406988 ksym1=0x0
[53.253773 pid=1937 tid=1953] BPF_MAP_UPDATE_ELEM prog_array name=sys_exit_init_t map_fd=16 map_id=129 key=475 prog_fd=69 prog_id=17 flags=0 ret=0 errno=0
[53.253934 pid=1937 tid=1953] native-loader jit-info prog_array-target fd=69 id=17 type=17 name=sys_exit_init tag=52c42200436dc579 jited_len=2103 xlated_len=3800 nr_jited_ksyms=1 ksym0=0xffffffffc0406988 ksym1=0x0
[53.254083 pid=1937 tid=1953] BPF_MAP_UPDATE_ELEM prog_array name=sys_exit_init_t map_fd=16 map_id=129 key=476 prog_fd=69 prog_id=17 flags=0 ret=0 errno=0
[53.254611 pid=1937 tid=1953] native-loader jit-info prog_array-target fd=69 id=17 type=17 name=sys_exit_init tag=52c42200436dc579 jited_len=2103 xlated_len=3800 nr_jited_ksyms=1 ksym0=0xffffffffc0406988 ksym1=0x0
[53.255314 pid=1937 tid=1953] BPF_MAP_UPDATE_ELEM prog_array name=sys_exit_init_t map_fd=16 map_id=129 key=477 prog_fd=69 prog_id=17 flags=0 ret=0 errno=0
[53.255544 pid=1937 tid=1953] native-loader jit-info prog_array-target fd=69 id=17 type=17 name=sys_exit_init tag=52c42200436dc579 jited_len=2103 xlated_len=3800 nr_jited_ksyms=1 ksym0=0xffffffffc0406988 ksym1=0x0
[53.255722 pid=1937 tid=1953] BPF_MAP_UPDATE_ELEM prog_array name=sys_exit_init_t map_fd=16 map_id=129 key=478 prog_fd=69 prog_id=17 flags=0 ret=0 errno=0
[53.255882 pid=1937 tid=1953] native-loader jit-info prog_array-target fd=69 id=17 type=17 name=sys_exit_init tag=52c42200436dc579 jited_len=2103 xlated_len=3800 nr_jited_ksyms=1 ksym0=0xffffffffc0406988 ksym1=0x0
[53.256018 pid=1937 tid=1953] BPF_MAP_UPDATE_ELEM prog_array name=sys_exit_init_t map_fd=16 map_id=129 key=479 prog_fd=69 prog_id=17 flags=0 ret=0 errno=0
[53.256154 pid=1937 tid=1953] native-loader jit-info prog_array-target fd=69 id=17 type=17 name=sys_exit_init tag=52c42200436dc579 jited_len=2103 xlated_len=3800 nr_jited_ksyms=1 ksym0=0xffffffffc0406988 ksym1=0x0
[53.256293 pid=1937 tid=1953] BPF_MAP_UPDATE_ELEM prog_array name=sys_exit_init_t map_fd=16 map_id=129 key=480 prog_fd=69 prog_id=17 flags=0 ret=0 errno=0
[53.256438 pid=1937 tid=1953] native-loader jit-info prog_array-target fd=69 id=17 type=17 name=sys_exit_init tag=52c42200436dc579 jited_len=2103 xlated_len=3800 nr_jited_ksyms=1 ksym0=0xffffffffc0406988 ksym1=0x0
[53.257150 pid=1937 tid=1953] BPF_MAP_UPDATE_ELEM prog_array name=sys_exit_init_t map_fd=16 map_id=129 key=481 prog_fd=69 prog_id=17 flags=0 ret=0 errno=0
[53.257305 pid=1937 tid=1953] native-loader jit-info prog_array-target fd=69 id=17 type=17 name=sys_exit_init tag=52c42200436dc579 jited_len=2103 xlated_len=3800 nr_jited_ksyms=1 ksym0=0xffffffffc0406988 ksym1=0x0
[53.257497 pid=1937 tid=1953] BPF_MAP_UPDATE_ELEM prog_array name=sys_exit_init_t map_fd=16 map_id=129 key=482 prog_fd=69 prog_id=17 flags=0 ret=0 errno=0
[53.257638 pid=1937 tid=1953] native-loader jit-info prog_array-target fd=69 id=17 type=17 name=sys_exit_init tag=52c42200436dc579 jited_len=2103 xlated_len=3800 nr_jited_ksyms=1 ksym0=0xffffffffc0406988 ksym1=0x0
[53.257794 pid=1937 tid=1953] BPF_MAP_UPDATE_ELEM prog_array name=sys_exit_init_t map_fd=16 map_id=129 key=483 prog_fd=69 prog_id=17 flags=0 ret=0 errno=0
[53.257947 pid=1937 tid=1953] native-loader jit-info prog_array-target fd=69 id=17 type=17 name=sys_exit_init tag=52c42200436dc579 jited_len=2103 xlated_len=3800 nr_jited_ksyms=1 ksym0=0xffffffffc0406988 ksym1=0x0
[53.258098 pid=1937 tid=1953] BPF_MAP_UPDATE_ELEM prog_array name=sys_exit_init_t map_fd=16 map_id=129 key=484 prog_fd=69 prog_id=17 flags=0 ret=0 errno=0
[53.258539 pid=1937 tid=1953] native-loader jit-info prog_array-target fd=69 id=17 type=17 name=sys_exit_init tag=52c42200436dc579 jited_len=2103 xlated_len=3800 nr_jited_ksyms=1 ksym0=0xffffffffc0406988 ksym1=0x0
[53.258705 pid=1937 tid=1953] BPF_MAP_UPDATE_ELEM prog_array name=sys_exit_init_t map_fd=16 map_id=129 key=485 prog_fd=69 prog_id=17 flags=0 ret=0 errno=0
[53.259016 pid=1937 tid=1953] native-loader jit-info prog_array-target fd=69 id=17 type=17 name=sys_exit_init tag=52c42200436dc579 jited_len=2103 xlated_len=3800 nr_jited_ksyms=1 ksym0=0xffffffffc0406988 ksym1=0x0
[53.259166 pid=1937 tid=1953] BPF_MAP_UPDATE_ELEM prog_array name=sys_exit_init_t map_fd=16 map_id=129 key=486 prog_fd=69 prog_id=17 flags=0 ret=0 errno=0
[53.259310 pid=1937 tid=1953] native-loader jit-info prog_array-target fd=69 id=17 type=17 name=sys_exit_init tag=52c42200436dc579 jited_len=2103 xlated_len=3800 nr_jited_ksyms=1 ksym0=0xffffffffc0406988 ksym1=0x0
[53.259767 pid=1937 tid=1953] BPF_MAP_UPDATE_ELEM prog_array name=sys_exit_init_t map_fd=16 map_id=129 key=487 prog_fd=69 prog_id=17 flags=0 ret=0 errno=0
[53.260114 pid=1937 tid=1953] native-loader jit-info prog_array-target fd=69 id=17 type=17 name=sys_exit_init tag=52c42200436dc579 jited_len=2103 xlated_len=3800 nr_jited_ksyms=1 ksym0=0xffffffffc0406988 ksym1=0x0
[53.260269 pid=1937 tid=1953] BPF_MAP_UPDATE_ELEM prog_array name=sys_exit_init_t map_fd=16 map_id=129 key=488 prog_fd=69 prog_id=17 flags=0 ret=0 errno=0
[53.260418 pid=1937 tid=1953] native-loader jit-info prog_array-target fd=69 id=17 type=17 name=sys_exit_init tag=52c42200436dc579 jited_len=2103 xlated_len=3800 nr_jited_ksyms=1 ksym0=0xffffffffc0406988 ksym1=0x0
[53.260918 pid=1937 tid=1953] BPF_MAP_UPDATE_ELEM prog_array name=sys_exit_init_t map_fd=16 map_id=129 key=489 prog_fd=69 prog_id=17 flags=0 ret=0 errno=0
[53.261085 pid=1937 tid=1953] native-loader jit-info prog_array-target fd=69 id=17 type=17 name=sys_exit_init tag=52c42200436dc579 jited_len=2103 xlated_len=3800 nr_jited_ksyms=1 ksym0=0xffffffffc0406988 ksym1=0x0
[53.261512 pid=1937 tid=1953] BPF_MAP_UPDATE_ELEM prog_array name=sys_exit_init_t map_fd=16 map_id=129 key=490 prog_fd=69 prog_id=17 flags=0 ret=0 errno=0
[53.261696 pid=1937 tid=1953] native-loader jit-info prog_array-target fd=69 id=17 type=17 name=sys_exit_init tag=52c42200436dc579 jited_len=2103 xlated_len=3800 nr_jited_ksyms=1 ksym0=0xffffffffc0406988 ksym1=0x0
[53.261980 pid=1937 tid=1953] BPF_MAP_UPDATE_ELEM prog_array name=sys_exit_init_t map_fd=16 map_id=129 key=491 prog_fd=69 prog_id=17 flags=0 ret=0 errno=0
[53.262124 pid=1937 tid=1953] native-loader jit-info prog_array-target fd=69 id=17 type=17 name=sys_exit_init tag=52c42200436dc579 jited_len=2103 xlated_len=3800 nr_jited_ksyms=1 ksym0=0xffffffffc0406988 ksym1=0x0
[53.262269 pid=1937 tid=1953] BPF_MAP_UPDATE_ELEM prog_array name=sys_exit_init_t map_fd=16 map_id=129 key=492 prog_fd=69 prog_id=17 flags=0 ret=0 errno=0
[53.262405 pid=1937 tid=1953] native-loader jit-info prog_array-target fd=69 id=17 type=17 name=sys_exit_init tag=52c42200436dc579 jited_len=2103 xlated_len=3800 nr_jited_ksyms=1 ksym0=0xffffffffc0406988 ksym1=0x0
[53.262540 pid=1937 tid=1953] BPF_MAP_UPDATE_ELEM prog_array name=sys_exit_init_t map_fd=16 map_id=129 key=493 prog_fd=69 prog_id=17 flags=0 ret=0 errno=0
[53.262676 pid=1937 tid=1953] native-loader jit-info prog_array-target fd=69 id=17 type=17 name=sys_exit_init tag=52c42200436dc579 jited_len=2103 xlated_len=3800 nr_jited_ksyms=1 ksym0=0xffffffffc0406988 ksym1=0x0
[53.262811 pid=1937 tid=1953] BPF_MAP_UPDATE_ELEM prog_array name=sys_exit_init_t map_fd=16 map_id=129 key=494 prog_fd=69 prog_id=17 flags=0 ret=0 errno=0
[53.262947 pid=1937 tid=1953] native-loader jit-info prog_array-target fd=69 id=17 type=17 name=sys_exit_init tag=52c42200436dc579 jited_len=2103 xlated_len=3800 nr_jited_ksyms=1 ksym0=0xffffffffc0406988 ksym1=0x0
[53.263684 pid=1937 tid=1953] BPF_MAP_UPDATE_ELEM prog_array name=sys_exit_init_t map_fd=16 map_id=129 key=495 prog_fd=69 prog_id=17 flags=0 ret=0 errno=0
[53.263904 pid=1937 tid=1953] native-loader jit-info prog_array-target fd=69 id=17 type=17 name=sys_exit_init tag=52c42200436dc579 jited_len=2103 xlated_len=3800 nr_jited_ksyms=1 ksym0=0xffffffffc0406988 ksym1=0x0
[53.264102 pid=1937 tid=1953] BPF_MAP_UPDATE_ELEM prog_array name=sys_exit_init_t map_fd=16 map_id=129 key=496 prog_fd=69 prog_id=17 flags=0 ret=0 errno=0
[53.264604 pid=1937 tid=1953] native-loader jit-info prog_array-target fd=69 id=17 type=17 name=sys_exit_init tag=52c42200436dc579 jited_len=2103 xlated_len=3800 nr_jited_ksyms=1 ksym0=0xffffffffc0406988 ksym1=0x0
[53.265328 pid=1937 tid=1953] BPF_MAP_UPDATE_ELEM prog_array name=sys_exit_init_t map_fd=16 map_id=129 key=497 prog_fd=69 prog_id=17 flags=0 ret=0 errno=0
[53.265551 pid=1937 tid=1953] native-loader jit-info prog_array-target fd=69 id=17 type=17 name=sys_exit_init tag=52c42200436dc579 jited_len=2103 xlated_len=3800 nr_jited_ksyms=1 ksym0=0xffffffffc0406988 ksym1=0x0
[53.265725 pid=1937 tid=1953] BPF_MAP_UPDATE_ELEM prog_array name=sys_exit_init_t map_fd=16 map_id=129 key=498 prog_fd=69 prog_id=17 flags=0 ret=0 errno=0
[53.265869 pid=1937 tid=1953] native-loader jit-info prog_array-target fd=69 id=17 type=17 name=sys_exit_init tag=52c42200436dc579 jited_len=2103 xlated_len=3800 nr_jited_ksyms=1 ksym0=0xffffffffc0406988 ksym1=0x0
[53.266006 pid=1937 tid=1953] BPF_MAP_UPDATE_ELEM prog_array name=sys_exit_init_t map_fd=16 map_id=129 key=499 prog_fd=69 prog_id=17 flags=0 ret=0 errno=0
[53.266142 pid=1937 tid=1953] native-loader jit-info prog_array-target fd=69 id=17 type=17 name=sys_exit_init tag=52c42200436dc579 jited_len=2103 xlated_len=3800 nr_jited_ksyms=1 ksym0=0xffffffffc0406988 ksym1=0x0
[53.266279 pid=1937 tid=1953] BPF_MAP_UPDATE_ELEM prog_array name=sys_exit_init_t map_fd=16 map_id=129 key=500 prog_fd=69 prog_id=17 flags=0 ret=0 errno=0
[53.266414 pid=1937 tid=1953] native-loader jit-info prog_array-target fd=69 id=17 type=17 name=sys_exit_init tag=52c42200436dc579 jited_len=2103 xlated_len=3800 nr_jited_ksyms=1 ksym0=0xffffffffc0406988 ksym1=0x0
[53.267038 pid=1937 tid=1953] BPF_MAP_UPDATE_ELEM prog_array name=sys_exit_init_t map_fd=16 map_id=129 key=501 prog_fd=69 prog_id=17 flags=0 ret=0 errno=0
[53.267180 pid=1937 tid=1953] native-loader jit-info prog_array-target fd=69 id=17 type=17 name=sys_exit_init tag=52c42200436dc579 jited_len=2103 xlated_len=3800 nr_jited_ksyms=1 ksym0=0xffffffffc0406988 ksym1=0x0
[53.267387 pid=1937 tid=1953] BPF_MAP_UPDATE_ELEM prog_array name=sys_exit_init_t map_fd=16 map_id=129 key=502 prog_fd=69 prog_id=17 flags=0 ret=0 errno=0
[53.267537 pid=1937 tid=1953] native-loader jit-info prog_array-target fd=69 id=17 type=17 name=sys_exit_init tag=52c42200436dc579 jited_len=2103 xlated_len=3800 nr_jited_ksyms=1 ksym0=0xffffffffc0406988 ksym1=0x0
[53.267680 pid=1937 tid=1953] BPF_MAP_UPDATE_ELEM prog_array name=sys_exit_init_t map_fd=16 map_id=129 key=503 prog_fd=69 prog_id=17 flags=0 ret=0 errno=0
[53.267816 pid=1937 tid=1953] native-loader jit-info prog_array-target fd=69 id=17 type=17 name=sys_exit_init tag=52c42200436dc579 jited_len=2103 xlated_len=3800 nr_jited_ksyms=1 ksym0=0xffffffffc0406988 ksym1=0x0
[53.267961 pid=1937 tid=1953] BPF_MAP_UPDATE_ELEM prog_array name=sys_exit_init_t map_fd=16 map_id=129 key=504 prog_fd=69 prog_id=17 flags=0 ret=0 errno=0
[53.268682 pid=1937 tid=1953] native-loader jit-info prog_array-target fd=69 id=17 type=17 name=sys_exit_init tag=52c42200436dc579 jited_len=2103 xlated_len=3800 nr_jited_ksyms=1 ksym0=0xffffffffc0406988 ksym1=0x0
[53.268841 pid=1937 tid=1953] BPF_MAP_UPDATE_ELEM prog_array name=sys_exit_init_t map_fd=16 map_id=129 key=505 prog_fd=69 prog_id=17 flags=0 ret=0 errno=0
[53.269280 pid=1937 tid=1953] native-loader jit-info prog_array-target fd=69 id=17 type=17 name=sys_exit_init tag=52c42200436dc579 jited_len=2103 xlated_len=3800 nr_jited_ksyms=1 ksym0=0xffffffffc0406988 ksym1=0x0
[53.269940 pid=1937 tid=1953] BPF_MAP_UPDATE_ELEM prog_array name=sys_exit_init_t map_fd=16 map_id=129 key=506 prog_fd=69 prog_id=17 flags=0 ret=0 errno=0
[53.270134 pid=1937 tid=1953] native-loader jit-info prog_array-target fd=69 id=17 type=17 name=sys_exit_init tag=52c42200436dc579 jited_len=2103 xlated_len=3800 nr_jited_ksyms=1 ksym0=0xffffffffc0406988 ksym1=0x0
[53.270563 pid=1937 tid=1953] BPF_MAP_UPDATE_ELEM prog_array name=sys_exit_init_t map_fd=16 map_id=129 key=507 prog_fd=69 prog_id=17 flags=0 ret=0 errno=0
[53.270916 pid=1937 tid=1953] native-loader jit-info prog_array-target fd=69 id=17 type=17 name=sys_exit_init tag=52c42200436dc579 jited_len=2103 xlated_len=3800 nr_jited_ksyms=1 ksym0=0xffffffffc0406988 ksym1=0x0
[53.271078 pid=1937 tid=1953] BPF_MAP_UPDATE_ELEM prog_array name=sys_exit_init_t map_fd=16 map_id=129 key=508 prog_fd=69 prog_id=17 flags=0 ret=0 errno=0
[53.271220 pid=1937 tid=1953] native-loader jit-info prog_array-target fd=69 id=17 type=17 name=sys_exit_init tag=52c42200436dc579 jited_len=2103 xlated_len=3800 nr_jited_ksyms=1 ksym0=0xffffffffc0406988 ksym1=0x0
[53.271740 pid=1937 tid=1953] BPF_MAP_UPDATE_ELEM prog_array name=sys_exit_init_t map_fd=16 map_id=129 key=509 prog_fd=69 prog_id=17 flags=0 ret=0 errno=0
[53.271897 pid=1937 tid=1953] native-loader jit-info prog_array-target fd=69 id=17 type=17 name=sys_exit_init tag=52c42200436dc579 jited_len=2103 xlated_len=3800 nr_jited_ksyms=1 ksym0=0xffffffffc0406988 ksym1=0x0
[53.272191 pid=1937 tid=1953] BPF_MAP_UPDATE_ELEM prog_array name=sys_exit_init_t map_fd=16 map_id=129 key=510 prog_fd=69 prog_id=17 flags=0 ret=0 errno=0
[53.272482 pid=1937 tid=1953] native-loader jit-info prog_array-target fd=69 id=17 type=17 name=sys_exit_init tag=52c42200436dc579 jited_len=2103 xlated_len=3800 nr_jited_ksyms=1 ksym0=0xffffffffc0406988 ksym1=0x0
[53.272927 pid=1937 tid=1953] BPF_MAP_UPDATE_ELEM prog_array name=sys_exit_init_t map_fd=16 map_id=129 key=511 prog_fd=69 prog_id=17 flags=0 ret=0 errno=0
[53.273080 pid=1937 tid=1953] native-loader jit-info prog_array-target fd=69 id=17 type=17 name=sys_exit_init tag=52c42200436dc579 jited_len=2103 xlated_len=3800 nr_jited_ksyms=1 ksym0=0xffffffffc0406988 ksym1=0x0
[53.273243 pid=1937 tid=1953] BPF_MAP_UPDATE_ELEM prog_array name=sys_exit_init_t map_fd=16 map_id=129 key=512 prog_fd=69 prog_id=17 flags=0 ret=0 errno=0
[53.273397 pid=1937 tid=1953] native-loader jit-info prog_array-target fd=69 id=17 type=17 name=sys_exit_init tag=52c42200436dc579 jited_len=2103 xlated_len=3800 nr_jited_ksyms=1 ksym0=0xffffffffc0406988 ksym1=0x0
[53.273555 pid=1937 tid=1953] BPF_MAP_UPDATE_ELEM prog_array name=sys_exit_init_t map_fd=16 map_id=129 key=513 prog_fd=69 prog_id=17 flags=0 ret=0 errno=0
[53.273689 pid=1937 tid=1953] native-loader jit-info prog_array-target fd=69 id=17 type=17 name=sys_exit_init tag=52c42200436dc579 jited_len=2103 xlated_len=3800 nr_jited_ksyms=1 ksym0=0xffffffffc0406988 ksym1=0x0
[53.273828 pid=1937 tid=1953] BPF_MAP_UPDATE_ELEM prog_array name=sys_exit_init_t map_fd=16 map_id=129 key=514 prog_fd=69 prog_id=17 flags=0 ret=0 errno=0
[53.273961 pid=1937 tid=1953] native-loader jit-info prog_array-target fd=69 id=17 type=17 name=sys_exit_init tag=52c42200436dc579 jited_len=2103 xlated_len=3800 nr_jited_ksyms=1 ksym0=0xffffffffc0406988 ksym1=0x0
[53.274239 pid=1937 tid=1953] BPF_MAP_UPDATE_ELEM prog_array name=sys_exit_init_t map_fd=16 map_id=129 key=515 prog_fd=69 prog_id=17 flags=0 ret=0 errno=0
[53.274387 pid=1937 tid=1953] native-loader jit-info prog_array-target fd=69 id=17 type=17 name=sys_exit_init tag=52c42200436dc579 jited_len=2103 xlated_len=3800 nr_jited_ksyms=1 ksym0=0xffffffffc0406988 ksym1=0x0
[53.274531 pid=1937 tid=1953] BPF_MAP_UPDATE_ELEM prog_array name=sys_exit_init_t map_fd=16 map_id=129 key=516 prog_fd=69 prog_id=17 flags=0 ret=0 errno=0
[53.274942 pid=1937 tid=1953] native-loader jit-info prog_array-target fd=69 id=17 type=17 name=sys_exit_init tag=52c42200436dc579 jited_len=2103 xlated_len=3800 nr_jited_ksyms=1 ksym0=0xffffffffc0406988 ksym1=0x0
[53.275220 pid=1937 tid=1953] BPF_MAP_UPDATE_ELEM prog_array name=sys_exit_init_t map_fd=16 map_id=129 key=517 prog_fd=69 prog_id=17 flags=0 ret=0 errno=0
[53.275467 pid=1937 tid=1953] native-loader jit-info prog_array-target fd=69 id=17 type=17 name=sys_exit_init tag=52c42200436dc579 jited_len=2103 xlated_len=3800 nr_jited_ksyms=1 ksym0=0xffffffffc0406988 ksym1=0x0
[53.275620 pid=1937 tid=1953] BPF_MAP_UPDATE_ELEM prog_array name=sys_exit_init_t map_fd=16 map_id=129 key=518 prog_fd=69 prog_id=17 flags=0 ret=0 errno=0
[53.275826 pid=1937 tid=1953] native-loader jit-info prog_array-target fd=69 id=17 type=17 name=sys_exit_init tag=52c42200436dc579 jited_len=2103 xlated_len=3800 nr_jited_ksyms=1 ksym0=0xffffffffc0406988 ksym1=0x0
[53.275975 pid=1937 tid=1953] BPF_MAP_UPDATE_ELEM prog_array name=sys_exit_init_t map_fd=16 map_id=129 key=519 prog_fd=69 prog_id=17 flags=0 ret=0 errno=0
[53.276114 pid=1937 tid=1953] native-loader jit-info prog_array-target fd=69 id=17 type=17 name=sys_exit_init tag=52c42200436dc579 jited_len=2103 xlated_len=3800 nr_jited_ksyms=1 ksym0=0xffffffffc0406988 ksym1=0x0
[53.276259 pid=1937 tid=1953] BPF_MAP_UPDATE_ELEM prog_array name=sys_exit_init_t map_fd=16 map_id=129 key=520 prog_fd=69 prog_id=17 flags=0 ret=0 errno=0
[53.276394 pid=1937 tid=1953] native-loader jit-info prog_array-target fd=69 id=17 type=17 name=sys_exit_init tag=52c42200436dc579 jited_len=2103 xlated_len=3800 nr_jited_ksyms=1 ksym0=0xffffffffc0406988 ksym1=0x0
[53.276836 pid=1937 tid=1953] BPF_MAP_UPDATE_ELEM prog_array name=sys_exit_init_t map_fd=16 map_id=129 key=521 prog_fd=69 prog_id=17 flags=0 ret=0 errno=0
[53.276993 pid=1937 tid=1953] native-loader jit-info prog_array-target fd=69 id=17 type=17 name=sys_exit_init tag=52c42200436dc579 jited_len=2103 xlated_len=3800 nr_jited_ksyms=1 ksym0=0xffffffffc0406988 ksym1=0x0
[53.277142 pid=1937 tid=1953] BPF_MAP_UPDATE_ELEM prog_array name=sys_exit_init_t map_fd=16 map_id=129 key=522 prog_fd=69 prog_id=17 flags=0 ret=0 errno=0
[53.277279 pid=1937 tid=1953] native-loader jit-info prog_array-target fd=69 id=17 type=17 name=sys_exit_init tag=52c42200436dc579 jited_len=2103 xlated_len=3800 nr_jited_ksyms=1 ksym0=0xffffffffc0406988 ksym1=0x0
[53.277423 pid=1937 tid=1953] BPF_MAP_UPDATE_ELEM prog_array name=sys_exit_init_t map_fd=16 map_id=129 key=523 prog_fd=69 prog_id=17 flags=0 ret=0 errno=0
[53.277561 pid=1937 tid=1953] native-loader jit-info prog_array-target fd=69 id=17 type=17 name=sys_exit_init tag=52c42200436dc579 jited_len=2103 xlated_len=3800 nr_jited_ksyms=1 ksym0=0xffffffffc0406988 ksym1=0x0
[53.277700 pid=1937 tid=1953] BPF_MAP_UPDATE_ELEM prog_array name=sys_exit_init_t map_fd=16 map_id=129 key=524 prog_fd=69 prog_id=17 flags=0 ret=0 errno=0
[53.277885 pid=1937 tid=1953] native-loader jit-info prog_array-target fd=69 id=17 type=17 name=sys_exit_init tag=52c42200436dc579 jited_len=2103 xlated_len=3800 nr_jited_ksyms=1 ksym0=0xffffffffc0406988 ksym1=0x0
[53.278025 pid=1937 tid=1953] BPF_MAP_UPDATE_ELEM prog_array name=sys_exit_init_t map_fd=16 map_id=129 key=525 prog_fd=69 prog_id=17 flags=0 ret=0 errno=0
[53.278159 pid=1937 tid=1953] native-loader jit-info prog_array-target fd=69 id=17 type=17 name=sys_exit_init tag=52c42200436dc579 jited_len=2103 xlated_len=3800 nr_jited_ksyms=1 ksym0=0xffffffffc0406988 ksym1=0x0
[53.278416 pid=1937 tid=1953] BPF_MAP_UPDATE_ELEM prog_array name=sys_exit_init_t map_fd=16 map_id=129 key=526 prog_fd=69 prog_id=17 flags=0 ret=0 errno=0
[53.278560 pid=1937 tid=1953] native-loader jit-info prog_array-target fd=69 id=17 type=17 name=sys_exit_init tag=52c42200436dc579 jited_len=2103 xlated_len=3800 nr_jited_ksyms=1 ksym0=0xffffffffc0406988 ksym1=0x0
[53.278705 pid=1937 tid=1953] BPF_MAP_UPDATE_ELEM prog_array name=sys_exit_init_t map_fd=16 map_id=129 key=527 prog_fd=69 prog_id=17 flags=0 ret=0 errno=0
[53.278848 pid=1937 tid=1953] native-loader jit-info prog_array-target fd=69 id=17 type=17 name=sys_exit_init tag=52c42200436dc579 jited_len=2103 xlated_len=3800 nr_jited_ksyms=1 ksym0=0xffffffffc0406988 ksym1=0x0
[53.278989 pid=1937 tid=1953] BPF_MAP_UPDATE_ELEM prog_array name=sys_exit_init_t map_fd=16 map_id=129 key=528 prog_fd=69 prog_id=17 flags=0 ret=0 errno=0
[53.279131 pid=1937 tid=1953] native-loader jit-info prog_array-target fd=69 id=17 type=17 name=sys_exit_init tag=52c42200436dc579 jited_len=2103 xlated_len=3800 nr_jited_ksyms=1 ksym0=0xffffffffc0406988 ksym1=0x0
[53.279315 pid=1937 tid=1953] BPF_MAP_UPDATE_ELEM prog_array name=sys_exit_init_t map_fd=16 map_id=129 key=529 prog_fd=69 prog_id=17 flags=0 ret=0 errno=0
[53.279467 pid=1937 tid=1953] native-loader jit-info prog_array-target fd=69 id=17 type=17 name=sys_exit_init tag=52c42200436dc579 jited_len=2103 xlated_len=3800 nr_jited_ksyms=1 ksym0=0xffffffffc0406988 ksym1=0x0
[53.279778 pid=1937 tid=1953] BPF_MAP_UPDATE_ELEM prog_array name=sys_exit_init_t map_fd=16 map_id=129 key=530 prog_fd=69 prog_id=17 flags=0 ret=0 errno=0
[53.279958 pid=1937 tid=1953] native-loader jit-info prog_array-target fd=69 id=17 type=17 name=sys_exit_init tag=52c42200436dc579 jited_len=2103 xlated_len=3800 nr_jited_ksyms=1 ksym0=0xffffffffc0406988 ksym1=0x0
[53.280091 pid=1937 tid=1953] BPF_MAP_UPDATE_ELEM prog_array name=sys_exit_init_t map_fd=16 map_id=129 key=531 prog_fd=69 prog_id=17 flags=0 ret=0 errno=0
[53.280237 pid=1937 tid=1953] native-loader jit-info prog_array-target fd=69 id=17 type=17 name=sys_exit_init tag=52c42200436dc579 jited_len=2103 xlated_len=3800 nr_jited_ksyms=1 ksym0=0xffffffffc0406988 ksym1=0x0
[53.280383 pid=1937 tid=1953] BPF_MAP_UPDATE_ELEM prog_array name=sys_exit_init_t map_fd=16 map_id=129 key=532 prog_fd=69 prog_id=17 flags=0 ret=0 errno=0
[53.280535 pid=1937 tid=1953] native-loader jit-info prog_array-target fd=69 id=17 type=17 name=sys_exit_init tag=52c42200436dc579 jited_len=2103 xlated_len=3800 nr_jited_ksyms=1 ksym0=0xffffffffc0406988 ksym1=0x0
[53.280680 pid=1937 tid=1953] BPF_MAP_UPDATE_ELEM prog_array name=sys_exit_init_t map_fd=16 map_id=129 key=533 prog_fd=69 prog_id=17 flags=0 ret=0 errno=0
[53.280827 pid=1937 tid=1953] native-loader jit-info prog_array-target fd=69 id=17 type=17 name=sys_exit_init tag=52c42200436dc579 jited_len=2103 xlated_len=3800 nr_jited_ksyms=1 ksym0=0xffffffffc0406988 ksym1=0x0
[53.280961 pid=1937 tid=1953] BPF_MAP_UPDATE_ELEM prog_array name=sys_exit_init_t map_fd=16 map_id=129 key=534 prog_fd=69 prog_id=17 flags=0 ret=0 errno=0
[53.281096 pid=1937 tid=1953] native-loader jit-info prog_array-target fd=69 id=17 type=17 name=sys_exit_init tag=52c42200436dc579 jited_len=2103 xlated_len=3800 nr_jited_ksyms=1 ksym0=0xffffffffc0406988 ksym1=0x0
[53.281432 pid=1937 tid=1953] BPF_MAP_UPDATE_ELEM prog_array name=prog_array map_fd=27 map_id=140 key=10 prog_fd=181 prog_id=44 flags=0 ret=0 errno=0
[53.281589 pid=1937 tid=1953] native-loader jit-info prog_array-target fd=181 id=44 type=2 name=lkm_seeker_kset tag=da1cfdb2eb72b41c jited_len=58814 xlated_len=108528 nr_jited_ksyms=1 ksym0=0xffffffffc0452fe8 ksym1=0x0
[53.281837 pid=1937 tid=1953] BPF_MAP_UPDATE_ELEM prog_array name=prog_array map_fd=27 map_id=140 key=11 prog_fd=182 prog_id=45 flags=0 ret=0 errno=0
[53.282392 pid=1937 tid=1953] native-loader jit-info prog_array-target fd=182 id=45 type=2 name=lkm_seeker_mod_ tag=9b66ae507e4a233f jited_len=659 xlated_len=1048 nr_jited_ksyms=1 ksym0=0xffffffffc04615c8 ksym1=0x0
[53.282675 pid=1937 tid=1953] BPF_MAP_UPDATE_ELEM prog_array name=prog_array map_fd=27 map_id=140 key=13 prog_fd=177 prog_id=40 flags=0 ret=0 errno=0
[53.282828 pid=1937 tid=1953] native-loader jit-info prog_array-target fd=177 id=40 type=2 name=lkm_seeker_modt tag=e0750393ef625f0c jited_len=55771 xlated_len=104000 nr_jited_ksyms=1 ksym0=0xffffffffc0442b9c ksym1=0x0
[53.283009 pid=1937 tid=1953] BPF_MAP_UPDATE_ELEM prog_array name=sys_enter_submi map_fd=13 map_id=126 key=0 prog_fd=63 prog_id=15 flags=0 ret=0 errno=0
[53.283152 pid=1937 tid=1953] native-loader jit-info prog_array-target fd=63 id=15 type=17 name=sys_enter_submi tag=b007db728abdf9dd jited_len=17661 xlated_len=30040 nr_jited_ksyms=1 ksym0=0xffffffffc040230c ksym1=0x0
[53.283310 pid=1937 tid=1953] BPF_MAP_UPDATE_ELEM prog_array name=sys_enter_submi map_fd=13 map_id=126 key=1 prog_fd=63 prog_id=15 flags=0 ret=0 errno=0
[53.283446 pid=1937 tid=1953] native-loader jit-info prog_array-target fd=63 id=15 type=17 name=sys_enter_submi tag=b007db728abdf9dd jited_len=17661 xlated_len=30040 nr_jited_ksyms=1 ksym0=0xffffffffc040230c ksym1=0x0
[53.283626 pid=1937 tid=1953] BPF_MAP_UPDATE_ELEM prog_array name=sys_enter_submi map_fd=13 map_id=126 key=2 prog_fd=63 prog_id=15 flags=0 ret=0 errno=0
[53.283761 pid=1937 tid=1953] native-loader jit-info prog_array-target fd=63 id=15 type=17 name=sys_enter_submi tag=b007db728abdf9dd jited_len=17661 xlated_len=30040 nr_jited_ksyms=1 ksym0=0xffffffffc040230c ksym1=0x0
[53.283921 pid=1937 tid=1953] BPF_MAP_UPDATE_ELEM prog_array name=sys_enter_submi map_fd=13 map_id=126 key=3 prog_fd=63 prog_id=15 flags=0 ret=0 errno=0
[53.284071 pid=1937 tid=1953] native-loader jit-info prog_array-target fd=63 id=15 type=17 name=sys_enter_submi tag=b007db728abdf9dd jited_len=17661 xlated_len=30040 nr_jited_ksyms=1 ksym0=0xffffffffc040230c ksym1=0x0
[53.284222 pid=1937 tid=1953] BPF_MAP_UPDATE_ELEM prog_array name=sys_enter_submi map_fd=13 map_id=126 key=4 prog_fd=63 prog_id=15 flags=0 ret=0 errno=0
[53.284366 pid=1937 tid=1953] native-loader jit-info prog_array-target fd=63 id=15 type=17 name=sys_enter_submi tag=b007db728abdf9dd jited_len=17661 xlated_len=30040 nr_jited_ksyms=1 ksym0=0xffffffffc040230c ksym1=0x0
[53.284506 pid=1937 tid=1953] BPF_MAP_UPDATE_ELEM prog_array name=sys_enter_submi map_fd=13 map_id=126 key=5 prog_fd=63 prog_id=15 flags=0 ret=0 errno=0
[53.284640 pid=1937 tid=1953] native-loader jit-info prog_array-target fd=63 id=15 type=17 name=sys_enter_submi tag=b007db728abdf9dd jited_len=17661 xlated_len=30040 nr_jited_ksyms=1 ksym0=0xffffffffc040230c ksym1=0x0
[53.284822 pid=1937 tid=1953] BPF_MAP_UPDATE_ELEM prog_array name=sys_enter_submi map_fd=13 map_id=126 key=6 prog_fd=63 prog_id=15 flags=0 ret=0 errno=0
[53.285109 pid=1937 tid=1953] native-loader jit-info prog_array-target fd=63 id=15 type=17 name=sys_enter_submi tag=b007db728abdf9dd jited_len=17661 xlated_len=30040 nr_jited_ksyms=1 ksym0=0xffffffffc040230c ksym1=0x0
[53.285261 pid=1937 tid=1953] BPF_MAP_UPDATE_ELEM prog_array name=sys_enter_submi map_fd=13 map_id=126 key=7 prog_fd=63 prog_id=15 flags=0 ret=0 errno=0
[53.285401 pid=1937 tid=1953] native-loader jit-info prog_array-target fd=63 id=15 type=17 name=sys_enter_submi tag=b007db728abdf9dd jited_len=17661 xlated_len=30040 nr_jited_ksyms=1 ksym0=0xffffffffc040230c ksym1=0x0
[53.285550 pid=1937 tid=1953] BPF_MAP_UPDATE_ELEM prog_array name=sys_enter_submi map_fd=13 map_id=126 key=8 prog_fd=63 prog_id=15 flags=0 ret=0 errno=0
[53.285689 pid=1937 tid=1953] native-loader jit-info prog_array-target fd=63 id=15 type=17 name=sys_enter_submi tag=b007db728abdf9dd jited_len=17661 xlated_len=30040 nr_jited_ksyms=1 ksym0=0xffffffffc040230c ksym1=0x0
[53.285831 pid=1937 tid=1953] BPF_MAP_UPDATE_ELEM prog_array name=sys_enter_submi map_fd=13 map_id=126 key=9 prog_fd=63 prog_id=15 flags=0 ret=0 errno=0
[53.285963 pid=1937 tid=1953] native-loader jit-info prog_array-target fd=63 id=15 type=17 name=sys_enter_submi tag=b007db728abdf9dd jited_len=17661 xlated_len=30040 nr_jited_ksyms=1 ksym0=0xffffffffc040230c ksym1=0x0
[53.286094 pid=1937 tid=1953] BPF_MAP_UPDATE_ELEM prog_array name=sys_enter_submi map_fd=13 map_id=126 key=10 prog_fd=63 prog_id=15 flags=0 ret=0 errno=0
[53.286227 pid=1937 tid=1953] native-loader jit-info prog_array-target fd=63 id=15 type=17 name=sys_enter_submi tag=b007db728abdf9dd jited_len=17661 xlated_len=30040 nr_jited_ksyms=1 ksym0=0xffffffffc040230c ksym1=0x0
[53.286387 pid=1937 tid=1953] BPF_MAP_UPDATE_ELEM prog_array name=sys_enter_submi map_fd=13 map_id=126 key=11 prog_fd=63 prog_id=15 flags=0 ret=0 errno=0
[53.286538 pid=1937 tid=1953] native-loader jit-info prog_array-target fd=63 id=15 type=17 name=sys_enter_submi tag=b007db728abdf9dd jited_len=17661 xlated_len=30040 nr_jited_ksyms=1 ksym0=0xffffffffc040230c ksym1=0x0
[53.286717 pid=1937 tid=1953] BPF_MAP_UPDATE_ELEM prog_array name=sys_enter_submi map_fd=13 map_id=126 key=12 prog_fd=63 prog_id=15 flags=0 ret=0 errno=0
[53.286911 pid=1937 tid=1953] native-loader jit-info prog_array-target fd=63 id=15 type=17 name=sys_enter_submi tag=b007db728abdf9dd jited_len=17661 xlated_len=30040 nr_jited_ksyms=1 ksym0=0xffffffffc040230c ksym1=0x0
[53.287084 pid=1937 tid=1953] BPF_MAP_UPDATE_ELEM prog_array name=sys_enter_submi map_fd=13 map_id=126 key=13 prog_fd=63 prog_id=15 flags=0 ret=0 errno=0
[53.287219 pid=1937 tid=1953] native-loader jit-info prog_array-target fd=63 id=15 type=17 name=sys_enter_submi tag=b007db728abdf9dd jited_len=17661 xlated_len=30040 nr_jited_ksyms=1 ksym0=0xffffffffc040230c ksym1=0x0
[53.287365 pid=1937 tid=1953] BPF_MAP_UPDATE_ELEM prog_array name=sys_enter_submi map_fd=13 map_id=126 key=14 prog_fd=63 prog_id=15 flags=0 ret=0 errno=0
[53.287499 pid=1937 tid=1953] native-loader jit-info prog_array-target fd=63 id=15 type=17 name=sys_enter_submi tag=b007db728abdf9dd jited_len=17661 xlated_len=30040 nr_jited_ksyms=1 ksym0=0xffffffffc040230c ksym1=0x0
[53.287629 pid=1937 tid=1953] BPF_MAP_UPDATE_ELEM prog_array name=sys_enter_submi map_fd=13 map_id=126 key=15 prog_fd=63 prog_id=15 flags=0 ret=0 errno=0
[53.287763 pid=1937 tid=1953] native-loader jit-info prog_array-target fd=63 id=15 type=17 name=sys_enter_submi tag=b007db728abdf9dd jited_len=17661 xlated_len=30040 nr_jited_ksyms=1 ksym0=0xffffffffc040230c ksym1=0x0
[53.287901 pid=1937 tid=1953] BPF_MAP_UPDATE_ELEM prog_array name=sys_enter_submi map_fd=13 map_id=126 key=16 prog_fd=63 prog_id=15 flags=0 ret=0 errno=0
[53.288049 pid=1937 tid=1953] native-loader jit-info prog_array-target fd=63 id=15 type=17 name=sys_enter_submi tag=b007db728abdf9dd jited_len=17661 xlated_len=30040 nr_jited_ksyms=1 ksym0=0xffffffffc040230c ksym1=0x0
[53.288200 pid=1937 tid=1953] BPF_MAP_UPDATE_ELEM prog_array name=sys_enter_submi map_fd=13 map_id=126 key=17 prog_fd=63 prog_id=15 flags=0 ret=0 errno=0
[53.288346 pid=1937 tid=1953] native-loader jit-info prog_array-target fd=63 id=15 type=17 name=sys_enter_submi tag=b007db728abdf9dd jited_len=17661 xlated_len=30040 nr_jited_ksyms=1 ksym0=0xffffffffc040230c ksym1=0x0
[53.288480 pid=1937 tid=1953] BPF_MAP_UPDATE_ELEM prog_array name=sys_enter_submi map_fd=13 map_id=126 key=18 prog_fd=63 prog_id=15 flags=0 ret=0 errno=0
[53.288868 pid=1937 tid=1953] native-loader jit-info prog_array-target fd=63 id=15 type=17 name=sys_enter_submi tag=b007db728abdf9dd jited_len=17661 xlated_len=30040 nr_jited_ksyms=1 ksym0=0xffffffffc040230c ksym1=0x0
[53.289101 pid=1937 tid=1953] BPF_MAP_UPDATE_ELEM prog_array name=sys_enter_submi map_fd=13 map_id=126 key=19 prog_fd=63 prog_id=15 flags=0 ret=0 errno=0
[53.289247 pid=1937 tid=1953] native-loader jit-info prog_array-target fd=63 id=15 type=17 name=sys_enter_submi tag=b007db728abdf9dd jited_len=17661 xlated_len=30040 nr_jited_ksyms=1 ksym0=0xffffffffc040230c ksym1=0x0
[53.289391 pid=1937 tid=1953] BPF_MAP_UPDATE_ELEM prog_array name=sys_enter_submi map_fd=13 map_id=126 key=20 prog_fd=63 prog_id=15 flags=0 ret=0 errno=0
[53.289525 pid=1937 tid=1953] native-loader jit-info prog_array-target fd=63 id=15 type=17 name=sys_enter_submi tag=b007db728abdf9dd jited_len=17661 xlated_len=30040 nr_jited_ksyms=1 ksym0=0xffffffffc040230c ksym1=0x0
[53.289660 pid=1937 tid=1953] BPF_MAP_UPDATE_ELEM prog_array name=sys_enter_submi map_fd=13 map_id=126 key=21 prog_fd=63 prog_id=15 flags=0 ret=0 errno=0
[53.289797 pid=1937 tid=1953] native-loader jit-info prog_array-target fd=63 id=15 type=17 name=sys_enter_submi tag=b007db728abdf9dd jited_len=17661 xlated_len=30040 nr_jited_ksyms=1 ksym0=0xffffffffc040230c ksym1=0x0
[53.289932 pid=1937 tid=1953] BPF_MAP_UPDATE_ELEM prog_array name=sys_enter_submi map_fd=13 map_id=126 key=22 prog_fd=63 prog_id=15 flags=0 ret=0 errno=0
[53.290067 pid=1937 tid=1953] native-loader jit-info prog_array-target fd=63 id=15 type=17 name=sys_enter_submi tag=b007db728abdf9dd jited_len=17661 xlated_len=30040 nr_jited_ksyms=1 ksym0=0xffffffffc040230c ksym1=0x0
[53.290302 pid=1937 tid=1953] BPF_MAP_UPDATE_ELEM prog_array name=sys_enter_submi map_fd=13 map_id=126 key=23 prog_fd=63 prog_id=15 flags=0 ret=0 errno=0
[53.290590 pid=1937 tid=1953] native-loader jit-info prog_array-target fd=63 id=15 type=17 name=sys_enter_submi tag=b007db728abdf9dd jited_len=17661 xlated_len=30040 nr_jited_ksyms=1 ksym0=0xffffffffc040230c ksym1=0x0
[53.290809 pid=1937 tid=1953] BPF_MAP_UPDATE_ELEM prog_array name=sys_enter_submi map_fd=13 map_id=126 key=24 prog_fd=63 prog_id=15 flags=0 ret=0 errno=0
[53.290959 pid=1937 tid=1953] native-loader jit-info prog_array-target fd=63 id=15 type=17 name=sys_enter_submi tag=b007db728abdf9dd jited_len=17661 xlated_len=30040 nr_jited_ksyms=1 ksym0=0xffffffffc040230c ksym1=0x0
[53.291105 pid=1937 tid=1953] BPF_MAP_UPDATE_ELEM prog_array name=sys_enter_submi map_fd=13 map_id=126 key=25 prog_fd=63 prog_id=15 flags=0 ret=0 errno=0
[53.291284 pid=1937 tid=1953] native-loader jit-info prog_array-target fd=63 id=15 type=17 name=sys_enter_submi tag=b007db728abdf9dd jited_len=17661 xlated_len=30040 nr_jited_ksyms=1 ksym0=0xffffffffc040230c ksym1=0x0
[53.291422 pid=1937 tid=1953] BPF_MAP_UPDATE_ELEM prog_array name=sys_enter_submi map_fd=13 map_id=126 key=26 prog_fd=63 prog_id=15 flags=0 ret=0 errno=0
[53.291968 pid=1937 tid=1953] native-loader jit-info prog_array-target fd=63 id=15 type=17 name=sys_enter_submi tag=b007db728abdf9dd jited_len=17661 xlated_len=30040 nr_jited_ksyms=1 ksym0=0xffffffffc040230c ksym1=0x0
[53.292167 pid=1937 tid=1953] BPF_MAP_UPDATE_ELEM prog_array name=sys_enter_submi map_fd=13 map_id=126 key=27 prog_fd=63 prog_id=15 flags=0 ret=0 errno=0
[53.292323 pid=1937 tid=1953] native-loader jit-info prog_array-target fd=63 id=15 type=17 name=sys_enter_submi tag=b007db728abdf9dd jited_len=17661 xlated_len=30040 nr_jited_ksyms=1 ksym0=0xffffffffc040230c ksym1=0x0
[53.292589 pid=1937 tid=1953] BPF_MAP_UPDATE_ELEM prog_array name=sys_enter_submi map_fd=13 map_id=126 key=28 prog_fd=63 prog_id=15 flags=0 ret=0 errno=0
[53.292731 pid=1937 tid=1953] native-loader jit-info prog_array-target fd=63 id=15 type=17 name=sys_enter_submi tag=b007db728abdf9dd jited_len=17661 xlated_len=30040 nr_jited_ksyms=1 ksym0=0xffffffffc040230c ksym1=0x0
[53.293032 pid=1937 tid=1953] BPF_MAP_UPDATE_ELEM prog_array name=sys_enter_submi map_fd=13 map_id=126 key=29 prog_fd=63 prog_id=15 flags=0 ret=0 errno=0
[53.293170 pid=1937 tid=1953] native-loader jit-info prog_array-target fd=63 id=15 type=17 name=sys_enter_submi tag=b007db728abdf9dd jited_len=17661 xlated_len=30040 nr_jited_ksyms=1 ksym0=0xffffffffc040230c ksym1=0x0
[53.293317 pid=1937 tid=1953] BPF_MAP_UPDATE_ELEM prog_array name=sys_enter_submi map_fd=13 map_id=126 key=30 prog_fd=63 prog_id=15 flags=0 ret=0 errno=0
[53.293469 pid=1937 tid=1953] native-loader jit-info prog_array-target fd=63 id=15 type=17 name=sys_enter_submi tag=b007db728abdf9dd jited_len=17661 xlated_len=30040 nr_jited_ksyms=1 ksym0=0xffffffffc040230c ksym1=0x0
[53.293622 pid=1937 tid=1953] BPF_MAP_UPDATE_ELEM prog_array name=sys_enter_submi map_fd=13 map_id=126 key=31 prog_fd=63 prog_id=15 flags=0 ret=0 errno=0
[53.293764 pid=1937 tid=1953] native-loader jit-info prog_array-target fd=63 id=15 type=17 name=sys_enter_submi tag=b007db728abdf9dd jited_len=17661 xlated_len=30040 nr_jited_ksyms=1 ksym0=0xffffffffc040230c ksym1=0x0
[53.294139 pid=1937 tid=1953] BPF_MAP_UPDATE_ELEM prog_array name=sys_enter_submi map_fd=13 map_id=126 key=34 prog_fd=63 prog_id=15 flags=0 ret=0 errno=0
[53.294280 pid=1937 tid=1953] native-loader jit-info prog_array-target fd=63 id=15 type=17 name=sys_enter_submi tag=b007db728abdf9dd jited_len=17661 xlated_len=30040 nr_jited_ksyms=1 ksym0=0xffffffffc040230c ksym1=0x0
[53.294596 pid=1937 tid=1953] BPF_MAP_UPDATE_ELEM prog_array name=sys_enter_submi map_fd=13 map_id=126 key=35 prog_fd=63 prog_id=15 flags=0 ret=0 errno=0
[53.294737 pid=1937 tid=1953] native-loader jit-info prog_array-target fd=63 id=15 type=17 name=sys_enter_submi tag=b007db728abdf9dd jited_len=17661 xlated_len=30040 nr_jited_ksyms=1 ksym0=0xffffffffc040230c ksym1=0x0
[53.294879 pid=1937 tid=1953] BPF_MAP_UPDATE_ELEM prog_array name=sys_enter_submi map_fd=13 map_id=126 key=36 prog_fd=63 prog_id=15 flags=0 ret=0 errno=0
[53.295012 pid=1937 tid=1953] native-loader jit-info prog_array-target fd=63 id=15 type=17 name=sys_enter_submi tag=b007db728abdf9dd jited_len=17661 xlated_len=30040 nr_jited_ksyms=1 ksym0=0xffffffffc040230c ksym1=0x0
[53.295200 pid=1937 tid=1953] BPF_MAP_UPDATE_ELEM prog_array name=sys_enter_submi map_fd=13 map_id=126 key=37 prog_fd=63 prog_id=15 flags=0 ret=0 errno=0
[53.295335 pid=1937 tid=1953] native-loader jit-info prog_array-target fd=63 id=15 type=17 name=sys_enter_submi tag=b007db728abdf9dd jited_len=17661 xlated_len=30040 nr_jited_ksyms=1 ksym0=0xffffffffc040230c ksym1=0x0
[53.295477 pid=1937 tid=1953] BPF_MAP_UPDATE_ELEM prog_array name=sys_enter_submi map_fd=13 map_id=126 key=38 prog_fd=63 prog_id=15 flags=0 ret=0 errno=0
[53.295611 pid=1937 tid=1953] native-loader jit-info prog_array-target fd=63 id=15 type=17 name=sys_enter_submi tag=b007db728abdf9dd jited_len=17661 xlated_len=30040 nr_jited_ksyms=1 ksym0=0xffffffffc040230c ksym1=0x0
[53.295769 pid=1937 tid=1953] BPF_MAP_UPDATE_ELEM prog_array name=sys_enter_submi map_fd=13 map_id=126 key=39 prog_fd=63 prog_id=15 flags=0 ret=0 errno=0
[53.295911 pid=1937 tid=1953] native-loader jit-info prog_array-target fd=63 id=15 type=17 name=sys_enter_submi tag=b007db728abdf9dd jited_len=17661 xlated_len=30040 nr_jited_ksyms=1 ksym0=0xffffffffc040230c ksym1=0x0
[53.296061 pid=1937 tid=1953] BPF_MAP_UPDATE_ELEM prog_array name=sys_enter_submi map_fd=13 map_id=126 key=40 prog_fd=63 prog_id=15 flags=0 ret=0 errno=0
[53.296553 pid=1937 tid=1953] native-loader jit-info prog_array-target fd=63 id=15 type=17 name=sys_enter_submi tag=b007db728abdf9dd jited_len=17661 xlated_len=30040 nr_jited_ksyms=1 ksym0=0xffffffffc040230c ksym1=0x0
[53.296841 pid=1937 tid=1953] BPF_MAP_UPDATE_ELEM prog_array name=sys_enter_submi map_fd=13 map_id=126 key=41 prog_fd=63 prog_id=15 flags=0 ret=0 errno=0
[53.297047 pid=1937 tid=1953] native-loader jit-info prog_array-target fd=63 id=15 type=17 name=sys_enter_submi tag=b007db728abdf9dd jited_len=17661 xlated_len=30040 nr_jited_ksyms=1 ksym0=0xffffffffc040230c ksym1=0x0
[53.297197 pid=1937 tid=1953] BPF_MAP_UPDATE_ELEM prog_array name=sys_enter_submi map_fd=13 map_id=126 key=42 prog_fd=63 prog_id=15 flags=0 ret=0 errno=0
[53.297334 pid=1937 tid=1953] native-loader jit-info prog_array-target fd=63 id=15 type=17 name=sys_enter_submi tag=b007db728abdf9dd jited_len=17661 xlated_len=30040 nr_jited_ksyms=1 ksym0=0xffffffffc040230c ksym1=0x0
[53.297468 pid=1937 tid=1953] BPF_MAP_UPDATE_ELEM prog_array name=sys_enter_submi map_fd=13 map_id=126 key=43 prog_fd=63 prog_id=15 flags=0 ret=0 errno=0
[53.297606 pid=1937 tid=1953] native-loader jit-info prog_array-target fd=63 id=15 type=17 name=sys_enter_submi tag=b007db728abdf9dd jited_len=17661 xlated_len=30040 nr_jited_ksyms=1 ksym0=0xffffffffc040230c ksym1=0x0
[53.297740 pid=1937 tid=1953] BPF_MAP_UPDATE_ELEM prog_array name=sys_enter_submi map_fd=13 map_id=126 key=44 prog_fd=63 prog_id=15 flags=0 ret=0 errno=0
[53.297874 pid=1937 tid=1953] native-loader jit-info prog_array-target fd=63 id=15 type=17 name=sys_enter_submi tag=b007db728abdf9dd jited_len=17661 xlated_len=30040 nr_jited_ksyms=1 ksym0=0xffffffffc040230c ksym1=0x0
[53.298614 pid=1937 tid=1953] BPF_MAP_UPDATE_ELEM prog_array name=sys_enter_submi map_fd=13 map_id=126 key=45 prog_fd=63 prog_id=15 flags=0 ret=0 errno=0
[53.298779 pid=1937 tid=1953] native-loader jit-info prog_array-target fd=63 id=15 type=17 name=sys_enter_submi tag=b007db728abdf9dd jited_len=17661 xlated_len=30040 nr_jited_ksyms=1 ksym0=0xffffffffc040230c ksym1=0x0
[53.298965 pid=1937 tid=1953] BPF_MAP_UPDATE_ELEM prog_array name=sys_enter_submi map_fd=13 map_id=126 key=46 prog_fd=63 prog_id=15 flags=0 ret=0 errno=0
[53.299099 pid=1937 tid=1953] native-loader jit-info prog_array-target fd=63 id=15 type=17 name=sys_enter_submi tag=b007db728abdf9dd jited_len=17661 xlated_len=30040 nr_jited_ksyms=1 ksym0=0xffffffffc040230c ksym1=0x0
[53.299240 pid=1937 tid=1953] BPF_MAP_UPDATE_ELEM prog_array name=sys_enter_submi map_fd=13 map_id=126 key=47 prog_fd=63 prog_id=15 flags=0 ret=0 errno=0
[53.299428 pid=1937 tid=1953] native-loader jit-info prog_array-target fd=63 id=15 type=17 name=sys_enter_submi tag=b007db728abdf9dd jited_len=17661 xlated_len=30040 nr_jited_ksyms=1 ksym0=0xffffffffc040230c ksym1=0x0
[53.299619 pid=1937 tid=1953] BPF_MAP_UPDATE_ELEM prog_array name=sys_enter_submi map_fd=13 map_id=126 key=48 prog_fd=63 prog_id=15 flags=0 ret=0 errno=0
[53.300663 pid=1937 tid=1953] native-loader jit-info prog_array-target fd=63 id=15 type=17 name=sys_enter_submi tag=b007db728abdf9dd jited_len=17661 xlated_len=30040 nr_jited_ksyms=1 ksym0=0xffffffffc040230c ksym1=0x0
[53.301365 pid=1937 tid=1953] BPF_MAP_UPDATE_ELEM prog_array name=sys_enter_submi map_fd=13 map_id=126 key=49 prog_fd=63 prog_id=15 flags=0 ret=0 errno=0
[53.302173 pid=1937 tid=1953] native-loader jit-info prog_array-target fd=63 id=15 type=17 name=sys_enter_submi tag=b007db728abdf9dd jited_len=17661 xlated_len=30040 nr_jited_ksyms=1 ksym0=0xffffffffc040230c ksym1=0x0
[53.302654 pid=1937 tid=1953] BPF_MAP_UPDATE_ELEM prog_array name=sys_enter_submi map_fd=13 map_id=126 key=50 prog_fd=63 prog_id=15 flags=0 ret=0 errno=0
[53.302994 pid=1937 tid=1953] native-loader jit-info prog_array-target fd=63 id=15 type=17 name=sys_enter_submi tag=b007db728abdf9dd jited_len=17661 xlated_len=30040 nr_jited_ksyms=1 ksym0=0xffffffffc040230c ksym1=0x0
[53.303265 pid=1937 tid=1953] BPF_MAP_UPDATE_ELEM prog_array name=sys_enter_submi map_fd=13 map_id=126 key=51 prog_fd=63 prog_id=15 flags=0 ret=0 errno=0
[53.303938 pid=1937 tid=1953] native-loader jit-info prog_array-target fd=63 id=15 type=17 name=sys_enter_submi tag=b007db728abdf9dd jited_len=17661 xlated_len=30040 nr_jited_ksyms=1 ksym0=0xffffffffc040230c ksym1=0x0
[53.304095 pid=1937 tid=1953] BPF_MAP_UPDATE_ELEM prog_array name=sys_enter_submi map_fd=13 map_id=126 key=52 prog_fd=63 prog_id=15 flags=0 ret=0 errno=0
[53.304243 pid=1937 tid=1953] native-loader jit-info prog_array-target fd=63 id=15 type=17 name=sys_enter_submi tag=b007db728abdf9dd jited_len=17661 xlated_len=30040 nr_jited_ksyms=1 ksym0=0xffffffffc040230c ksym1=0x0
[53.304598 pid=1937 tid=1953] BPF_MAP_UPDATE_ELEM prog_array name=sys_enter_submi map_fd=13 map_id=126 key=53 prog_fd=63 prog_id=15 flags=0 ret=0 errno=0
[53.304762 pid=1937 tid=1953] native-loader jit-info prog_array-target fd=63 id=15 type=17 name=sys_enter_submi tag=b007db728abdf9dd jited_len=17661 xlated_len=30040 nr_jited_ksyms=1 ksym0=0xffffffffc040230c ksym1=0x0
[53.305213 pid=1937 tid=1953] BPF_MAP_UPDATE_ELEM prog_array name=sys_enter_submi map_fd=13 map_id=126 key=54 prog_fd=63 prog_id=15 flags=0 ret=0 errno=0
[53.305409 pid=1937 tid=1953] native-loader jit-info prog_array-target fd=63 id=15 type=17 name=sys_enter_submi tag=b007db728abdf9dd jited_len=17661 xlated_len=30040 nr_jited_ksyms=1 ksym0=0xffffffffc040230c ksym1=0x0
[53.305587 pid=1937 tid=1953] BPF_MAP_UPDATE_ELEM prog_array name=sys_enter_submi map_fd=13 map_id=126 key=55 prog_fd=63 prog_id=15 flags=0 ret=0 errno=0
[53.305739 pid=1937 tid=1953] native-loader jit-info prog_array-target fd=63 id=15 type=17 name=sys_enter_submi tag=b007db728abdf9dd jited_len=17661 xlated_len=30040 nr_jited_ksyms=1 ksym0=0xffffffffc040230c ksym1=0x0
[53.305891 pid=1937 tid=1953] BPF_MAP_UPDATE_ELEM prog_array name=sys_enter_submi map_fd=13 map_id=126 key=56 prog_fd=63 prog_id=15 flags=0 ret=0 errno=0
[53.306040 pid=1937 tid=1953] native-loader jit-info prog_array-target fd=63 id=15 type=17 name=sys_enter_submi tag=b007db728abdf9dd jited_len=17661 xlated_len=30040 nr_jited_ksyms=1 ksym0=0xffffffffc040230c ksym1=0x0
[53.306190 pid=1937 tid=1953] BPF_MAP_UPDATE_ELEM prog_array name=sys_enter_submi map_fd=13 map_id=126 key=57 prog_fd=63 prog_id=15 flags=0 ret=0 errno=0
[53.306328 pid=1937 tid=1953] native-loader jit-info prog_array-target fd=63 id=15 type=17 name=sys_enter_submi tag=b007db728abdf9dd jited_len=17661 xlated_len=30040 nr_jited_ksyms=1 ksym0=0xffffffffc040230c ksym1=0x0
[53.306464 pid=1937 tid=1953] BPF_MAP_UPDATE_ELEM prog_array name=sys_enter_submi map_fd=13 map_id=126 key=58 prog_fd=63 prog_id=15 flags=0 ret=0 errno=0
[53.306597 pid=1937 tid=1953] native-loader jit-info prog_array-target fd=63 id=15 type=17 name=sys_enter_submi tag=b007db728abdf9dd jited_len=17661 xlated_len=30040 nr_jited_ksyms=1 ksym0=0xffffffffc040230c ksym1=0x0
[53.307008 pid=1937 tid=1953] BPF_MAP_UPDATE_ELEM prog_array name=sys_enter_submi map_fd=13 map_id=126 key=59 prog_fd=63 prog_id=15 flags=0 ret=0 errno=0
[53.307196 pid=1937 tid=1953] native-loader jit-info prog_array-target fd=63 id=15 type=17 name=sys_enter_submi tag=b007db728abdf9dd jited_len=17661 xlated_len=30040 nr_jited_ksyms=1 ksym0=0xffffffffc040230c ksym1=0x0
[53.307342 pid=1937 tid=1953] BPF_MAP_UPDATE_ELEM prog_array name=sys_enter_submi map_fd=13 map_id=126 key=60 prog_fd=63 prog_id=15 flags=0 ret=0 errno=0
[53.307845 pid=1937 tid=1953] native-loader jit-info prog_array-target fd=63 id=15 type=17 name=sys_enter_submi tag=b007db728abdf9dd jited_len=17661 xlated_len=30040 nr_jited_ksyms=1 ksym0=0xffffffffc040230c ksym1=0x0
[53.308118 pid=1937 tid=1953] BPF_MAP_UPDATE_ELEM prog_array name=sys_enter_submi map_fd=13 map_id=126 key=61 prog_fd=63 prog_id=15 flags=0 ret=0 errno=0
[53.308279 pid=1937 tid=1953] native-loader jit-info prog_array-target fd=63 id=15 type=17 name=sys_enter_submi tag=b007db728abdf9dd jited_len=17661 xlated_len=30040 nr_jited_ksyms=1 ksym0=0xffffffffc040230c ksym1=0x0
[53.308439 pid=1937 tid=1953] BPF_MAP_UPDATE_ELEM prog_array name=sys_enter_submi map_fd=13 map_id=126 key=62 prog_fd=63 prog_id=15 flags=0 ret=0 errno=0
[53.308574 pid=1937 tid=1953] native-loader jit-info prog_array-target fd=63 id=15 type=17 name=sys_enter_submi tag=b007db728abdf9dd jited_len=17661 xlated_len=30040 nr_jited_ksyms=1 ksym0=0xffffffffc040230c ksym1=0x0
[53.308714 pid=1937 tid=1953] BPF_MAP_UPDATE_ELEM prog_array name=sys_enter_submi map_fd=13 map_id=126 key=63 prog_fd=63 prog_id=15 flags=0 ret=0 errno=0
[53.308853 pid=1937 tid=1953] native-loader jit-info prog_array-target fd=63 id=15 type=17 name=sys_enter_submi tag=b007db728abdf9dd jited_len=17661 xlated_len=30040 nr_jited_ksyms=1 ksym0=0xffffffffc040230c ksym1=0x0
[53.308988 pid=1937 tid=1953] BPF_MAP_UPDATE_ELEM prog_array name=sys_enter_submi map_fd=13 map_id=126 key=64 prog_fd=63 prog_id=15 flags=0 ret=0 errno=0
[53.309123 pid=1937 tid=1953] native-loader jit-info prog_array-target fd=63 id=15 type=17 name=sys_enter_submi tag=b007db728abdf9dd jited_len=17661 xlated_len=30040 nr_jited_ksyms=1 ksym0=0xffffffffc040230c ksym1=0x0
[53.309595 pid=1937 tid=1953] BPF_MAP_UPDATE_ELEM prog_array name=sys_enter_submi map_fd=13 map_id=126 key=65 prog_fd=63 prog_id=15 flags=0 ret=0 errno=0
[53.309752 pid=1937 tid=1953] native-loader jit-info prog_array-target fd=63 id=15 type=17 name=sys_enter_submi tag=b007db728abdf9dd jited_len=17661 xlated_len=30040 nr_jited_ksyms=1 ksym0=0xffffffffc040230c ksym1=0x0
[53.309934 pid=1937 tid=1953] BPF_MAP_UPDATE_ELEM prog_array name=sys_enter_submi map_fd=13 map_id=126 key=66 prog_fd=63 prog_id=15 flags=0 ret=0 errno=0
[53.310070 pid=1937 tid=1953] native-loader jit-info prog_array-target fd=63 id=15 type=17 name=sys_enter_submi tag=b007db728abdf9dd jited_len=17661 xlated_len=30040 nr_jited_ksyms=1 ksym0=0xffffffffc040230c ksym1=0x0
[53.310216 pid=1937 tid=1953] BPF_MAP_UPDATE_ELEM prog_array name=sys_enter_submi map_fd=13 map_id=126 key=67 prog_fd=63 prog_id=15 flags=0 ret=0 errno=0
[53.310363 pid=1937 tid=1953] native-loader jit-info prog_array-target fd=63 id=15 type=17 name=sys_enter_submi tag=b007db728abdf9dd jited_len=17661 xlated_len=30040 nr_jited_ksyms=1 ksym0=0xffffffffc040230c ksym1=0x0
[53.310504 pid=1937 tid=1953] BPF_MAP_UPDATE_ELEM prog_array name=sys_enter_submi map_fd=13 map_id=126 key=68 prog_fd=63 prog_id=15 flags=0 ret=0 errno=0
[53.310806 pid=1937 tid=1953] native-loader jit-info prog_array-target fd=63 id=15 type=17 name=sys_enter_submi tag=b007db728abdf9dd jited_len=17661 xlated_len=30040 nr_jited_ksyms=1 ksym0=0xffffffffc040230c ksym1=0x0
[53.310967 pid=1937 tid=1953] BPF_MAP_UPDATE_ELEM prog_array name=sys_enter_submi map_fd=13 map_id=126 key=69 prog_fd=63 prog_id=15 flags=0 ret=0 errno=0
[53.311121 pid=1937 tid=1953] native-loader jit-info prog_array-target fd=63 id=15 type=17 name=sys_enter_submi tag=b007db728abdf9dd jited_len=17661 xlated_len=30040 nr_jited_ksyms=1 ksym0=0xffffffffc040230c ksym1=0x0
[53.311534 pid=1937 tid=1953] BPF_MAP_UPDATE_ELEM prog_array name=sys_enter_submi map_fd=13 map_id=126 key=70 prog_fd=63 prog_id=15 flags=0 ret=0 errno=0
[53.311682 pid=1937 tid=1953] native-loader jit-info prog_array-target fd=63 id=15 type=17 name=sys_enter_submi tag=b007db728abdf9dd jited_len=17661 xlated_len=30040 nr_jited_ksyms=1 ksym0=0xffffffffc040230c ksym1=0x0
[53.311839 pid=1937 tid=1953] BPF_MAP_UPDATE_ELEM prog_array name=sys_enter_submi map_fd=13 map_id=126 key=71 prog_fd=63 prog_id=15 flags=0 ret=0 errno=0
[53.311975 pid=1937 tid=1953] native-loader jit-info prog_array-target fd=63 id=15 type=17 name=sys_enter_submi tag=b007db728abdf9dd jited_len=17661 xlated_len=30040 nr_jited_ksyms=1 ksym0=0xffffffffc040230c ksym1=0x0
[53.312117 pid=1937 tid=1953] BPF_MAP_UPDATE_ELEM prog_array name=sys_enter_submi map_fd=13 map_id=126 key=72 prog_fd=63 prog_id=15 flags=0 ret=0 errno=0
[53.312268 pid=1937 tid=1953] native-loader jit-info prog_array-target fd=63 id=15 type=17 name=sys_enter_submi tag=b007db728abdf9dd jited_len=17661 xlated_len=30040 nr_jited_ksyms=1 ksym0=0xffffffffc040230c ksym1=0x0
[53.312419 pid=1937 tid=1953] BPF_MAP_UPDATE_ELEM prog_array name=sys_enter_submi map_fd=13 map_id=126 key=73 prog_fd=63 prog_id=15 flags=0 ret=0 errno=0
[53.312560 pid=1937 tid=1953] native-loader jit-info prog_array-target fd=63 id=15 type=17 name=sys_enter_submi tag=b007db728abdf9dd jited_len=17661 xlated_len=30040 nr_jited_ksyms=1 ksym0=0xffffffffc040230c ksym1=0x0
[53.312895 pid=1937 tid=1953] BPF_MAP_UPDATE_ELEM prog_array name=sys_enter_submi map_fd=13 map_id=126 key=74 prog_fd=63 prog_id=15 flags=0 ret=0 errno=0
[53.313098 pid=1937 tid=1953] native-loader jit-info prog_array-target fd=63 id=15 type=17 name=sys_enter_submi tag=b007db728abdf9dd jited_len=17661 xlated_len=30040 nr_jited_ksyms=1 ksym0=0xffffffffc040230c ksym1=0x0
[53.313244 pid=1937 tid=1953] BPF_MAP_UPDATE_ELEM prog_array name=sys_enter_submi map_fd=13 map_id=126 key=75 prog_fd=63 prog_id=15 flags=0 ret=0 errno=0
[53.313382 pid=1937 tid=1953] native-loader jit-info prog_array-target fd=63 id=15 type=17 name=sys_enter_submi tag=b007db728abdf9dd jited_len=17661 xlated_len=30040 nr_jited_ksyms=1 ksym0=0xffffffffc040230c ksym1=0x0
[53.313520 pid=1937 tid=1953] BPF_MAP_UPDATE_ELEM prog_array name=sys_enter_submi map_fd=13 map_id=126 key=76 prog_fd=63 prog_id=15 flags=0 ret=0 errno=0
[53.313655 pid=1937 tid=1953] native-loader jit-info prog_array-target fd=63 id=15 type=17 name=sys_enter_submi tag=b007db728abdf9dd jited_len=17661 xlated_len=30040 nr_jited_ksyms=1 ksym0=0xffffffffc040230c ksym1=0x0
[53.313792 pid=1937 tid=1953] BPF_MAP_UPDATE_ELEM prog_array name=sys_enter_submi map_fd=13 map_id=126 key=77 prog_fd=63 prog_id=15 flags=0 ret=0 errno=0
[53.313935 pid=1937 tid=1953] native-loader jit-info prog_array-target fd=63 id=15 type=17 name=sys_enter_submi tag=b007db728abdf9dd jited_len=17661 xlated_len=30040 nr_jited_ksyms=1 ksym0=0xffffffffc040230c ksym1=0x0
[53.314072 pid=1937 tid=1953] BPF_MAP_UPDATE_ELEM prog_array name=sys_enter_submi map_fd=13 map_id=126 key=78 prog_fd=63 prog_id=15 flags=0 ret=0 errno=0
[53.314205 pid=1937 tid=1953] native-loader jit-info prog_array-target fd=63 id=15 type=17 name=sys_enter_submi tag=b007db728abdf9dd jited_len=17661 xlated_len=30040 nr_jited_ksyms=1 ksym0=0xffffffffc040230c ksym1=0x0
[53.314527 pid=1937 tid=1953] BPF_MAP_UPDATE_ELEM prog_array name=sys_enter_submi map_fd=13 map_id=126 key=79 prog_fd=63 prog_id=15 flags=0 ret=0 errno=0
[53.314677 pid=1937 tid=1953] native-loader jit-info prog_array-target fd=63 id=15 type=17 name=sys_enter_submi tag=b007db728abdf9dd jited_len=17661 xlated_len=30040 nr_jited_ksyms=1 ksym0=0xffffffffc040230c ksym1=0x0
[53.314819 pid=1937 tid=1953] BPF_MAP_UPDATE_ELEM prog_array name=sys_enter_submi map_fd=13 map_id=126 key=80 prog_fd=63 prog_id=15 flags=0 ret=0 errno=0
[53.314954 pid=1937 tid=1953] native-loader jit-info prog_array-target fd=63 id=15 type=17 name=sys_enter_submi tag=b007db728abdf9dd jited_len=17661 xlated_len=30040 nr_jited_ksyms=1 ksym0=0xffffffffc040230c ksym1=0x0
[53.315348 pid=1937 tid=1953] BPF_MAP_UPDATE_ELEM prog_array name=sys_enter_submi map_fd=13 map_id=126 key=81 prog_fd=63 prog_id=15 flags=0 ret=0 errno=0
[53.315491 pid=1937 tid=1953] native-loader jit-info prog_array-target fd=63 id=15 type=17 name=sys_enter_submi tag=b007db728abdf9dd jited_len=17661 xlated_len=30040 nr_jited_ksyms=1 ksym0=0xffffffffc040230c ksym1=0x0
[53.315640 pid=1937 tid=1953] BPF_MAP_UPDATE_ELEM prog_array name=sys_enter_submi map_fd=13 map_id=126 key=82 prog_fd=63 prog_id=15 flags=0 ret=0 errno=0
[53.315777 pid=1937 tid=1953] native-loader jit-info prog_array-target fd=63 id=15 type=17 name=sys_enter_submi tag=b007db728abdf9dd jited_len=17661 xlated_len=30040 nr_jited_ksyms=1 ksym0=0xffffffffc040230c ksym1=0x0
[53.315910 pid=1937 tid=1953] BPF_MAP_UPDATE_ELEM prog_array name=sys_enter_submi map_fd=13 map_id=126 key=83 prog_fd=63 prog_id=15 flags=0 ret=0 errno=0
[53.316047 pid=1937 tid=1953] native-loader jit-info prog_array-target fd=63 id=15 type=17 name=sys_enter_submi tag=b007db728abdf9dd jited_len=17661 xlated_len=30040 nr_jited_ksyms=1 ksym0=0xffffffffc040230c ksym1=0x0
[53.316180 pid=1937 tid=1953] BPF_MAP_UPDATE_ELEM prog_array name=sys_enter_submi map_fd=13 map_id=126 key=84 prog_fd=63 prog_id=15 flags=0 ret=0 errno=0
[53.316319 pid=1937 tid=1953] native-loader jit-info prog_array-target fd=63 id=15 type=17 name=sys_enter_submi tag=b007db728abdf9dd jited_len=17661 xlated_len=30040 nr_jited_ksyms=1 ksym0=0xffffffffc040230c ksym1=0x0
[53.316666 pid=1937 tid=1953] BPF_MAP_UPDATE_ELEM prog_array name=sys_enter_submi map_fd=13 map_id=126 key=85 prog_fd=63 prog_id=15 flags=0 ret=0 errno=0
[53.316811 pid=1937 tid=1953] native-loader jit-info prog_array-target fd=63 id=15 type=17 name=sys_enter_submi tag=b007db728abdf9dd jited_len=17661 xlated_len=30040 nr_jited_ksyms=1 ksym0=0xffffffffc040230c ksym1=0x0
[53.316952 pid=1937 tid=1953] BPF_MAP_UPDATE_ELEM prog_array name=sys_enter_submi map_fd=13 map_id=126 key=86 prog_fd=63 prog_id=15 flags=0 ret=0 errno=0
[53.317087 pid=1937 tid=1953] native-loader jit-info prog_array-target fd=63 id=15 type=17 name=sys_enter_submi tag=b007db728abdf9dd jited_len=17661 xlated_len=30040 nr_jited_ksyms=1 ksym0=0xffffffffc040230c ksym1=0x0
[53.317222 pid=1937 tid=1953] BPF_MAP_UPDATE_ELEM prog_array name=sys_enter_submi map_fd=13 map_id=126 key=87 prog_fd=63 prog_id=15 flags=0 ret=0 errno=0
[53.317365 pid=1937 tid=1953] native-loader jit-info prog_array-target fd=63 id=15 type=17 name=sys_enter_submi tag=b007db728abdf9dd jited_len=17661 xlated_len=30040 nr_jited_ksyms=1 ksym0=0xffffffffc040230c ksym1=0x0
[53.317505 pid=1937 tid=1953] BPF_MAP_UPDATE_ELEM prog_array name=sys_enter_submi map_fd=13 map_id=126 key=88 prog_fd=63 prog_id=15 flags=0 ret=0 errno=0
[53.318222 pid=1937 tid=1953] native-loader jit-info prog_array-target fd=63 id=15 type=17 name=sys_enter_submi tag=b007db728abdf9dd jited_len=17661 xlated_len=30040 nr_jited_ksyms=1 ksym0=0xffffffffc040230c ksym1=0x0
[53.318381 pid=1937 tid=1953] BPF_MAP_UPDATE_ELEM prog_array name=sys_enter_submi map_fd=13 map_id=126 key=89 prog_fd=63 prog_id=15 flags=0 ret=0 errno=0
[53.318889 pid=1937 tid=1953] native-loader jit-info prog_array-target fd=63 id=15 type=17 name=sys_enter_submi tag=b007db728abdf9dd jited_len=17661 xlated_len=30040 nr_jited_ksyms=1 ksym0=0xffffffffc040230c ksym1=0x0
[53.319164 pid=1937 tid=1953] BPF_MAP_UPDATE_ELEM prog_array name=sys_enter_submi map_fd=13 map_id=126 key=90 prog_fd=63 prog_id=15 flags=0 ret=0 errno=0
[53.319323 pid=1937 tid=1953] native-loader jit-info prog_array-target fd=63 id=15 type=17 name=sys_enter_submi tag=b007db728abdf9dd jited_len=17661 xlated_len=30040 nr_jited_ksyms=1 ksym0=0xffffffffc040230c ksym1=0x0
[53.319807 pid=1937 tid=1953] BPF_MAP_UPDATE_ELEM prog_array name=sys_enter_submi map_fd=13 map_id=126 key=91 prog_fd=63 prog_id=15 flags=0 ret=0 errno=0
[53.320096 pid=1937 tid=1953] native-loader jit-info prog_array-target fd=63 id=15 type=17 name=sys_enter_submi tag=b007db728abdf9dd jited_len=17661 xlated_len=30040 nr_jited_ksyms=1 ksym0=0xffffffffc040230c ksym1=0x0
[53.320295 pid=1937 tid=1953] BPF_MAP_UPDATE_ELEM prog_array name=sys_enter_submi map_fd=13 map_id=126 key=92 prog_fd=63 prog_id=15 flags=0 ret=0 errno=0
[53.320436 pid=1937 tid=1953] native-loader jit-info prog_array-target fd=63 id=15 type=17 name=sys_enter_submi tag=b007db728abdf9dd jited_len=17661 xlated_len=30040 nr_jited_ksyms=1 ksym0=0xffffffffc040230c ksym1=0x0
[53.320851 pid=1937 tid=1953] BPF_MAP_UPDATE_ELEM prog_array name=sys_enter_submi map_fd=13 map_id=126 key=93 prog_fd=63 prog_id=15 flags=0 ret=0 errno=0
[53.321007 pid=1937 tid=1953] native-loader jit-info prog_array-target fd=63 id=15 type=17 name=sys_enter_submi tag=b007db728abdf9dd jited_len=17661 xlated_len=30040 nr_jited_ksyms=1 ksym0=0xffffffffc040230c ksym1=0x0
[53.321766 pid=1937 tid=1953] BPF_MAP_UPDATE_ELEM prog_array name=sys_enter_submi map_fd=13 map_id=126 key=94 prog_fd=63 prog_id=15 flags=0 ret=0 errno=0
[53.321975 pid=1937 tid=1953] native-loader jit-info prog_array-target fd=63 id=15 type=17 name=sys_enter_submi tag=b007db728abdf9dd jited_len=17661 xlated_len=30040 nr_jited_ksyms=1 ksym0=0xffffffffc040230c ksym1=0x0
[53.322341 pid=1937 tid=1953] BPF_MAP_UPDATE_ELEM prog_array name=sys_enter_submi map_fd=13 map_id=126 key=95 prog_fd=63 prog_id=15 flags=0 ret=0 errno=0
[53.322482 pid=1937 tid=1953] native-loader jit-info prog_array-target fd=63 id=15 type=17 name=sys_enter_submi tag=b007db728abdf9dd jited_len=17661 xlated_len=30040 nr_jited_ksyms=1 ksym0=0xffffffffc040230c ksym1=0x0
[53.322629 pid=1937 tid=1953] BPF_MAP_UPDATE_ELEM prog_array name=sys_enter_submi map_fd=13 map_id=126 key=96 prog_fd=63 prog_id=15 flags=0 ret=0 errno=0
[53.322763 pid=1937 tid=1953] native-loader jit-info prog_array-target fd=63 id=15 type=17 name=sys_enter_submi tag=b007db728abdf9dd jited_len=17661 xlated_len=30040 nr_jited_ksyms=1 ksym0=0xffffffffc040230c ksym1=0x0
[53.322900 pid=1937 tid=1953] BPF_MAP_UPDATE_ELEM prog_array name=sys_enter_submi map_fd=13 map_id=126 key=97 prog_fd=63 prog_id=15 flags=0 ret=0 errno=0
[53.323040 pid=1937 tid=1953] native-loader jit-info prog_array-target fd=63 id=15 type=17 name=sys_enter_submi tag=b007db728abdf9dd jited_len=17661 xlated_len=30040 nr_jited_ksyms=1 ksym0=0xffffffffc040230c ksym1=0x0
[53.323176 pid=1937 tid=1953] BPF_MAP_UPDATE_ELEM prog_array name=sys_enter_submi map_fd=13 map_id=126 key=98 prog_fd=63 prog_id=15 flags=0 ret=0 errno=0
[53.323312 pid=1937 tid=1953] native-loader jit-info prog_array-target fd=63 id=15 type=17 name=sys_enter_submi tag=b007db728abdf9dd jited_len=17661 xlated_len=30040 nr_jited_ksyms=1 ksym0=0xffffffffc040230c ksym1=0x0
[53.323669 pid=1937 tid=1953] BPF_MAP_UPDATE_ELEM prog_array name=sys_enter_submi map_fd=13 map_id=126 key=99 prog_fd=63 prog_id=15 flags=0 ret=0 errno=0
[53.323820 pid=1937 tid=1953] native-loader jit-info prog_array-target fd=63 id=15 type=17 name=sys_enter_submi tag=b007db728abdf9dd jited_len=17661 xlated_len=30040 nr_jited_ksyms=1 ksym0=0xffffffffc040230c ksym1=0x0
[53.323965 pid=1937 tid=1953] BPF_MAP_UPDATE_ELEM prog_array name=sys_enter_submi map_fd=13 map_id=126 key=100 prog_fd=63 prog_id=15 flags=0 ret=0 errno=0
[53.324103 pid=1937 tid=1953] native-loader jit-info prog_array-target fd=63 id=15 type=17 name=sys_enter_submi tag=b007db728abdf9dd jited_len=17661 xlated_len=30040 nr_jited_ksyms=1 ksym0=0xffffffffc040230c ksym1=0x0
[53.324391 pid=1937 tid=1953] BPF_MAP_UPDATE_ELEM prog_array name=sys_enter_submi map_fd=13 map_id=126 key=102 prog_fd=63 prog_id=15 flags=0 ret=0 errno=0
[53.324537 pid=1937 tid=1953] native-loader jit-info prog_array-target fd=63 id=15 type=17 name=sys_enter_submi tag=b007db728abdf9dd jited_len=17661 xlated_len=30040 nr_jited_ksyms=1 ksym0=0xffffffffc040230c ksym1=0x0
[53.324681 pid=1937 tid=1953] BPF_MAP_UPDATE_ELEM prog_array name=sys_enter_submi map_fd=13 map_id=126 key=103 prog_fd=63 prog_id=15 flags=0 ret=0 errno=0
[53.324817 pid=1937 tid=1953] native-loader jit-info prog_array-target fd=63 id=15 type=17 name=sys_enter_submi tag=b007db728abdf9dd jited_len=17661 xlated_len=30040 nr_jited_ksyms=1 ksym0=0xffffffffc040230c ksym1=0x0
[53.325019 pid=1937 tid=1953] BPF_MAP_UPDATE_ELEM prog_array name=sys_enter_submi map_fd=13 map_id=126 key=104 prog_fd=63 prog_id=15 flags=0 ret=0 errno=0
[53.325160 pid=1937 tid=1953] native-loader jit-info prog_array-target fd=63 id=15 type=17 name=sys_enter_submi tag=b007db728abdf9dd jited_len=17661 xlated_len=30040 nr_jited_ksyms=1 ksym0=0xffffffffc040230c ksym1=0x0
[53.325315 pid=1937 tid=1953] BPF_MAP_UPDATE_ELEM prog_array name=sys_enter_submi map_fd=13 map_id=126 key=105 prog_fd=63 prog_id=15 flags=0 ret=0 errno=0
[53.325467 pid=1937 tid=1953] native-loader jit-info prog_array-target fd=63 id=15 type=17 name=sys_enter_submi tag=b007db728abdf9dd jited_len=17661 xlated_len=30040 nr_jited_ksyms=1 ksym0=0xffffffffc040230c ksym1=0x0
[53.325848 pid=1937 tid=1953] BPF_MAP_UPDATE_ELEM prog_array name=sys_enter_submi map_fd=13 map_id=126 key=106 prog_fd=63 prog_id=15 flags=0 ret=0 errno=0
[53.326008 pid=1937 tid=1953] native-loader jit-info prog_array-target fd=63 id=15 type=17 name=sys_enter_submi tag=b007db728abdf9dd jited_len=17661 xlated_len=30040 nr_jited_ksyms=1 ksym0=0xffffffffc040230c ksym1=0x0
[53.326201 pid=1937 tid=1953] BPF_MAP_UPDATE_ELEM prog_array name=sys_enter_submi map_fd=13 map_id=126 key=107 prog_fd=63 prog_id=15 flags=0 ret=0 errno=0
[53.326340 pid=1937 tid=1953] native-loader jit-info prog_array-target fd=63 id=15 type=17 name=sys_enter_submi tag=b007db728abdf9dd jited_len=17661 xlated_len=30040 nr_jited_ksyms=1 ksym0=0xffffffffc040230c ksym1=0x0
[53.326503 pid=1937 tid=1953] BPF_MAP_UPDATE_ELEM prog_array name=sys_enter_submi map_fd=13 map_id=126 key=108 prog_fd=63 prog_id=15 flags=0 ret=0 errno=0
[53.326668 pid=1937 tid=1953] native-loader jit-info prog_array-target fd=63 id=15 type=17 name=sys_enter_submi tag=b007db728abdf9dd jited_len=17661 xlated_len=30040 nr_jited_ksyms=1 ksym0=0xffffffffc040230c ksym1=0x0
[53.326822 pid=1937 tid=1953] BPF_MAP_UPDATE_ELEM prog_array name=sys_enter_submi map_fd=13 map_id=126 key=109 prog_fd=63 prog_id=15 flags=0 ret=0 errno=0
[53.326971 pid=1937 tid=1953] native-loader jit-info prog_array-target fd=63 id=15 type=17 name=sys_enter_submi tag=b007db728abdf9dd jited_len=17661 xlated_len=30040 nr_jited_ksyms=1 ksym0=0xffffffffc040230c ksym1=0x0
[53.327866 pid=1937 tid=1953] BPF_MAP_UPDATE_ELEM prog_array name=sys_enter_submi map_fd=13 map_id=126 key=110 prog_fd=63 prog_id=15 flags=0 ret=0 errno=0
[53.328238 pid=1937 tid=1953] native-loader jit-info prog_array-target fd=63 id=15 type=17 name=sys_enter_submi tag=b007db728abdf9dd jited_len=17661 xlated_len=30040 nr_jited_ksyms=1 ksym0=0xffffffffc040230c ksym1=0x0
[53.329164 pid=1937 tid=1953] BPF_MAP_UPDATE_ELEM prog_array name=sys_enter_submi map_fd=13 map_id=126 key=111 prog_fd=63 prog_id=15 flags=0 ret=0 errno=0
[53.329387 pid=1937 tid=1953] native-loader jit-info prog_array-target fd=63 id=15 type=17 name=sys_enter_submi tag=b007db728abdf9dd jited_len=17661 xlated_len=30040 nr_jited_ksyms=1 ksym0=0xffffffffc040230c ksym1=0x0
[53.329803 pid=1937 tid=1953] BPF_MAP_UPDATE_ELEM prog_array name=sys_enter_submi map_fd=13 map_id=126 key=112 prog_fd=63 prog_id=15 flags=0 ret=0 errno=0
[53.330248 pid=1937 tid=1953] native-loader jit-info prog_array-target fd=63 id=15 type=17 name=sys_enter_submi tag=b007db728abdf9dd jited_len=17661 xlated_len=30040 nr_jited_ksyms=1 ksym0=0xffffffffc040230c ksym1=0x0
[53.330428 pid=1937 tid=1953] BPF_MAP_UPDATE_ELEM prog_array name=sys_enter_submi map_fd=13 map_id=126 key=113 prog_fd=63 prog_id=15 flags=0 ret=0 errno=0
[53.330579 pid=1937 tid=1953] native-loader jit-info prog_array-target fd=63 id=15 type=17 name=sys_enter_submi tag=b007db728abdf9dd jited_len=17661 xlated_len=30040 nr_jited_ksyms=1 ksym0=0xffffffffc040230c ksym1=0x0
[53.331079 pid=1937 tid=1953] BPF_MAP_UPDATE_ELEM prog_array name=sys_enter_submi map_fd=13 map_id=126 key=114 prog_fd=63 prog_id=15 flags=0 ret=0 errno=0
[53.331267 pid=1937 tid=1953] native-loader jit-info prog_array-target fd=63 id=15 type=17 name=sys_enter_submi tag=b007db728abdf9dd jited_len=17661 xlated_len=30040 nr_jited_ksyms=1 ksym0=0xffffffffc040230c ksym1=0x0
[53.332005 pid=1937 tid=1953] BPF_MAP_UPDATE_ELEM prog_array name=sys_enter_submi map_fd=13 map_id=126 key=115 prog_fd=63 prog_id=15 flags=0 ret=0 errno=0
[53.332200 pid=1937 tid=1953] native-loader jit-info prog_array-target fd=63 id=15 type=17 name=sys_enter_submi tag=b007db728abdf9dd jited_len=17661 xlated_len=30040 nr_jited_ksyms=1 ksym0=0xffffffffc040230c ksym1=0x0
[53.333032 pid=1937 tid=1953] BPF_MAP_UPDATE_ELEM prog_array name=sys_enter_submi map_fd=13 map_id=126 key=116 prog_fd=63 prog_id=15 flags=0 ret=0 errno=0
[53.333256 pid=1937 tid=1953] native-loader jit-info prog_array-target fd=63 id=15 type=17 name=sys_enter_submi tag=b007db728abdf9dd jited_len=17661 xlated_len=30040 nr_jited_ksyms=1 ksym0=0xffffffffc040230c ksym1=0x0
[53.333413 pid=1937 tid=1953] BPF_MAP_UPDATE_ELEM prog_array name=sys_enter_submi map_fd=13 map_id=126 key=117 prog_fd=63 prog_id=15 flags=0 ret=0 errno=0
[53.333555 pid=1937 tid=1953] native-loader jit-info prog_array-target fd=63 id=15 type=17 name=sys_enter_submi tag=b007db728abdf9dd jited_len=17661 xlated_len=30040 nr_jited_ksyms=1 ksym0=0xffffffffc040230c ksym1=0x0
[53.333697 pid=1937 tid=1953] BPF_MAP_UPDATE_ELEM prog_array name=sys_enter_submi map_fd=13 map_id=126 key=118 prog_fd=63 prog_id=15 flags=0 ret=0 errno=0
[53.333847 pid=1937 tid=1953] native-loader jit-info prog_array-target fd=63 id=15 type=17 name=sys_enter_submi tag=b007db728abdf9dd jited_len=17661 xlated_len=30040 nr_jited_ksyms=1 ksym0=0xffffffffc040230c ksym1=0x0
[53.333985 pid=1937 tid=1953] BPF_MAP_UPDATE_ELEM prog_array name=sys_enter_submi map_fd=13 map_id=126 key=119 prog_fd=63 prog_id=15 flags=0 ret=0 errno=0
[53.334119 pid=1937 tid=1953] native-loader jit-info prog_array-target fd=63 id=15 type=17 name=sys_enter_submi tag=b007db728abdf9dd jited_len=17661 xlated_len=30040 nr_jited_ksyms=1 ksym0=0xffffffffc040230c ksym1=0x0
[53.334584 pid=1937 tid=1953] BPF_MAP_UPDATE_ELEM prog_array name=sys_enter_submi map_fd=13 map_id=126 key=120 prog_fd=63 prog_id=15 flags=0 ret=0 errno=0
[53.334777 pid=1937 tid=1953] native-loader jit-info prog_array-target fd=63 id=15 type=17 name=sys_enter_submi tag=b007db728abdf9dd jited_len=17661 xlated_len=30040 nr_jited_ksyms=1 ksym0=0xffffffffc040230c ksym1=0x0
[53.334974 pid=1937 tid=1953] BPF_MAP_UPDATE_ELEM prog_array name=sys_enter_submi map_fd=13 map_id=126 key=121 prog_fd=63 prog_id=15 flags=0 ret=0 errno=0
[53.335115 pid=1937 tid=1953] native-loader jit-info prog_array-target fd=63 id=15 type=17 name=sys_enter_submi tag=b007db728abdf9dd jited_len=17661 xlated_len=30040 nr_jited_ksyms=1 ksym0=0xffffffffc040230c ksym1=0x0
[53.335572 pid=1937 tid=1953] BPF_MAP_UPDATE_ELEM prog_array name=sys_enter_submi map_fd=13 map_id=126 key=122 prog_fd=63 prog_id=15 flags=0 ret=0 errno=0
[53.335721 pid=1937 tid=1953] native-loader jit-info prog_array-target fd=63 id=15 type=17 name=sys_enter_submi tag=b007db728abdf9dd jited_len=17661 xlated_len=30040 nr_jited_ksyms=1 ksym0=0xffffffffc040230c ksym1=0x0
[53.335865 pid=1937 tid=1953] BPF_MAP_UPDATE_ELEM prog_array name=sys_enter_submi map_fd=13 map_id=126 key=123 prog_fd=63 prog_id=15 flags=0 ret=0 errno=0
[53.336057 pid=1937 tid=1953] native-loader jit-info prog_array-target fd=63 id=15 type=17 name=sys_enter_submi tag=b007db728abdf9dd jited_len=17661 xlated_len=30040 nr_jited_ksyms=1 ksym0=0xffffffffc040230c ksym1=0x0
[53.336200 pid=1937 tid=1953] BPF_MAP_UPDATE_ELEM prog_array name=sys_enter_submi map_fd=13 map_id=126 key=124 prog_fd=63 prog_id=15 flags=0 ret=0 errno=0
[53.336352 pid=1937 tid=1953] native-loader jit-info prog_array-target fd=63 id=15 type=17 name=sys_enter_submi tag=b007db728abdf9dd jited_len=17661 xlated_len=30040 nr_jited_ksyms=1 ksym0=0xffffffffc040230c ksym1=0x0
[53.336506 pid=1937 tid=1953] BPF_MAP_UPDATE_ELEM prog_array name=sys_enter_submi map_fd=13 map_id=126 key=125 prog_fd=63 prog_id=15 flags=0 ret=0 errno=0
[53.336666 pid=1937 tid=1953] native-loader jit-info prog_array-target fd=63 id=15 type=17 name=sys_enter_submi tag=b007db728abdf9dd jited_len=17661 xlated_len=30040 nr_jited_ksyms=1 ksym0=0xffffffffc040230c ksym1=0x0
[53.337085 pid=1937 tid=1953] BPF_MAP_UPDATE_ELEM prog_array name=sys_enter_submi map_fd=13 map_id=126 key=126 prog_fd=63 prog_id=15 flags=0 ret=0 errno=0
[53.337240 pid=1937 tid=1953] native-loader jit-info prog_array-target fd=63 id=15 type=17 name=sys_enter_submi tag=b007db728abdf9dd jited_len=17661 xlated_len=30040 nr_jited_ksyms=1 ksym0=0xffffffffc040230c ksym1=0x0
[53.337393 pid=1937 tid=1953] BPF_MAP_UPDATE_ELEM prog_array name=sys_enter_submi map_fd=13 map_id=126 key=127 prog_fd=63 prog_id=15 flags=0 ret=0 errno=0
[53.337528 pid=1937 tid=1953] native-loader jit-info prog_array-target fd=63 id=15 type=17 name=sys_enter_submi tag=b007db728abdf9dd jited_len=17661 xlated_len=30040 nr_jited_ksyms=1 ksym0=0xffffffffc040230c ksym1=0x0
[53.337673 pid=1937 tid=1953] BPF_MAP_UPDATE_ELEM prog_array name=sys_enter_submi map_fd=13 map_id=126 key=128 prog_fd=63 prog_id=15 flags=0 ret=0 errno=0
[53.337812 pid=1937 tid=1953] native-loader jit-info prog_array-target fd=63 id=15 type=17 name=sys_enter_submi tag=b007db728abdf9dd jited_len=17661 xlated_len=30040 nr_jited_ksyms=1 ksym0=0xffffffffc040230c ksym1=0x0
[53.337954 pid=1937 tid=1953] BPF_MAP_UPDATE_ELEM prog_array name=sys_enter_submi map_fd=13 map_id=126 key=129 prog_fd=63 prog_id=15 flags=0 ret=0 errno=0
[53.338105 pid=1937 tid=1953] native-loader jit-info prog_array-target fd=63 id=15 type=17 name=sys_enter_submi tag=b007db728abdf9dd jited_len=17661 xlated_len=30040 nr_jited_ksyms=1 ksym0=0xffffffffc040230c ksym1=0x0
[53.338535 pid=1937 tid=1953] BPF_MAP_UPDATE_ELEM prog_array name=sys_enter_submi map_fd=13 map_id=126 key=130 prog_fd=63 prog_id=15 flags=0 ret=0 errno=0
[53.338694 pid=1937 tid=1953] native-loader jit-info prog_array-target fd=63 id=15 type=17 name=sys_enter_submi tag=b007db728abdf9dd jited_len=17661 xlated_len=30040 nr_jited_ksyms=1 ksym0=0xffffffffc040230c ksym1=0x0
[53.339055 pid=1937 tid=1953] BPF_MAP_UPDATE_ELEM prog_array name=sys_enter_submi map_fd=13 map_id=126 key=131 prog_fd=63 prog_id=15 flags=0 ret=0 errno=0
[53.339204 pid=1937 tid=1953] native-loader jit-info prog_array-target fd=63 id=15 type=17 name=sys_enter_submi tag=b007db728abdf9dd jited_len=17661 xlated_len=30040 nr_jited_ksyms=1 ksym0=0xffffffffc040230c ksym1=0x0
[53.339450 pid=1937 tid=1953] BPF_MAP_UPDATE_ELEM prog_array name=sys_enter_submi map_fd=13 map_id=126 key=132 prog_fd=63 prog_id=15 flags=0 ret=0 errno=0
[53.339607 pid=1937 tid=1953] native-loader jit-info prog_array-target fd=63 id=15 type=17 name=sys_enter_submi tag=b007db728abdf9dd jited_len=17661 xlated_len=30040 nr_jited_ksyms=1 ksym0=0xffffffffc040230c ksym1=0x0
[53.339755 pid=1937 tid=1953] BPF_MAP_UPDATE_ELEM prog_array name=sys_enter_submi map_fd=13 map_id=126 key=133 prog_fd=63 prog_id=15 flags=0 ret=0 errno=0
[53.339893 pid=1937 tid=1953] native-loader jit-info prog_array-target fd=63 id=15 type=17 name=sys_enter_submi tag=b007db728abdf9dd jited_len=17661 xlated_len=30040 nr_jited_ksyms=1 ksym0=0xffffffffc040230c ksym1=0x0
[53.340182 pid=1937 tid=1953] BPF_MAP_UPDATE_ELEM prog_array name=sys_enter_submi map_fd=13 map_id=126 key=134 prog_fd=63 prog_id=15 flags=0 ret=0 errno=0
[53.340380 pid=1937 tid=1953] native-loader jit-info prog_array-target fd=63 id=15 type=17 name=sys_enter_submi tag=b007db728abdf9dd jited_len=17661 xlated_len=30040 nr_jited_ksyms=1 ksym0=0xffffffffc040230c ksym1=0x0
[53.340514 pid=1937 tid=1953] BPF_MAP_UPDATE_ELEM prog_array name=sys_enter_submi map_fd=13 map_id=126 key=135 prog_fd=63 prog_id=15 flags=0 ret=0 errno=0
[53.340663 pid=1937 tid=1953] native-loader jit-info prog_array-target fd=63 id=15 type=17 name=sys_enter_submi tag=b007db728abdf9dd jited_len=17661 xlated_len=30040 nr_jited_ksyms=1 ksym0=0xffffffffc040230c ksym1=0x0
[53.340807 pid=1937 tid=1953] BPF_MAP_UPDATE_ELEM prog_array name=sys_enter_submi map_fd=13 map_id=126 key=136 prog_fd=63 prog_id=15 flags=0 ret=0 errno=0
[53.340945 pid=1937 tid=1953] native-loader jit-info prog_array-target fd=63 id=15 type=17 name=sys_enter_submi tag=b007db728abdf9dd jited_len=17661 xlated_len=30040 nr_jited_ksyms=1 ksym0=0xffffffffc040230c ksym1=0x0
[53.341141 pid=1937 tid=1953] BPF_MAP_UPDATE_ELEM prog_array name=sys_enter_submi map_fd=13 map_id=126 key=137 prog_fd=63 prog_id=15 flags=0 ret=0 errno=0
[53.341317 pid=1937 tid=1953] native-loader jit-info prog_array-target fd=63 id=15 type=17 name=sys_enter_submi tag=b007db728abdf9dd jited_len=17661 xlated_len=30040 nr_jited_ksyms=1 ksym0=0xffffffffc040230c ksym1=0x0
[53.341464 pid=1937 tid=1953] BPF_MAP_UPDATE_ELEM prog_array name=sys_enter_submi map_fd=13 map_id=126 key=138 prog_fd=63 prog_id=15 flags=0 ret=0 errno=0
[53.341638 pid=1937 tid=1953] native-loader jit-info prog_array-target fd=63 id=15 type=17 name=sys_enter_submi tag=b007db728abdf9dd jited_len=17661 xlated_len=30040 nr_jited_ksyms=1 ksym0=0xffffffffc040230c ksym1=0x0
[53.341783 pid=1937 tid=1953] BPF_MAP_UPDATE_ELEM prog_array name=sys_enter_submi map_fd=13 map_id=126 key=139 prog_fd=63 prog_id=15 flags=0 ret=0 errno=0
[53.341941 pid=1937 tid=1953] native-loader jit-info prog_array-target fd=63 id=15 type=17 name=sys_enter_submi tag=b007db728abdf9dd jited_len=17661 xlated_len=30040 nr_jited_ksyms=1 ksym0=0xffffffffc040230c ksym1=0x0
[53.342761 pid=1937 tid=1953] BPF_MAP_UPDATE_ELEM prog_array name=sys_enter_submi map_fd=13 map_id=126 key=140 prog_fd=63 prog_id=15 flags=0 ret=0 errno=0
[53.342911 pid=1937 tid=1953] native-loader jit-info prog_array-target fd=63 id=15 type=17 name=sys_enter_submi tag=b007db728abdf9dd jited_len=17661 xlated_len=30040 nr_jited_ksyms=1 ksym0=0xffffffffc040230c ksym1=0x0
[53.343104 pid=1937 tid=1953] BPF_MAP_UPDATE_ELEM prog_array name=sys_enter_submi map_fd=13 map_id=126 key=141 prog_fd=63 prog_id=15 flags=0 ret=0 errno=0
[53.343264 pid=1937 tid=1953] native-loader jit-info prog_array-target fd=63 id=15 type=17 name=sys_enter_submi tag=b007db728abdf9dd jited_len=17661 xlated_len=30040 nr_jited_ksyms=1 ksym0=0xffffffffc040230c ksym1=0x0
[53.344130 pid=1937 tid=1953] BPF_MAP_UPDATE_ELEM prog_array name=sys_enter_submi map_fd=13 map_id=126 key=142 prog_fd=63 prog_id=15 flags=0 ret=0 errno=0
[53.344290 pid=1937 tid=1953] native-loader jit-info prog_array-target fd=63 id=15 type=17 name=sys_enter_submi tag=b007db728abdf9dd jited_len=17661 xlated_len=30040 nr_jited_ksyms=1 ksym0=0xffffffffc040230c ksym1=0x0
[53.344465 pid=1937 tid=1953] BPF_MAP_UPDATE_ELEM prog_array name=sys_enter_submi map_fd=13 map_id=126 key=143 prog_fd=63 prog_id=15 flags=0 ret=0 errno=0
[53.344605 pid=1937 tid=1953] native-loader jit-info prog_array-target fd=63 id=15 type=17 name=sys_enter_submi tag=b007db728abdf9dd jited_len=17661 xlated_len=30040 nr_jited_ksyms=1 ksym0=0xffffffffc040230c ksym1=0x0
[53.344744 pid=1937 tid=1953] BPF_MAP_UPDATE_ELEM prog_array name=sys_enter_submi map_fd=13 map_id=126 key=144 prog_fd=63 prog_id=15 flags=0 ret=0 errno=0
[53.344884 pid=1937 tid=1953] native-loader jit-info prog_array-target fd=63 id=15 type=17 name=sys_enter_submi tag=b007db728abdf9dd jited_len=17661 xlated_len=30040 nr_jited_ksyms=1 ksym0=0xffffffffc040230c ksym1=0x0
[53.345023 pid=1937 tid=1953] BPF_MAP_UPDATE_ELEM prog_array name=sys_enter_submi map_fd=13 map_id=126 key=145 prog_fd=63 prog_id=15 flags=0 ret=0 errno=0
[53.345182 pid=1937 tid=1953] native-loader jit-info prog_array-target fd=63 id=15 type=17 name=sys_enter_submi tag=b007db728abdf9dd jited_len=17661 xlated_len=30040 nr_jited_ksyms=1 ksym0=0xffffffffc040230c ksym1=0x0
[53.346069 pid=1937 tid=1953] BPF_MAP_UPDATE_ELEM prog_array name=sys_enter_submi map_fd=13 map_id=126 key=146 prog_fd=63 prog_id=15 flags=0 ret=0 errno=0
[53.346282 pid=1937 tid=1953] native-loader jit-info prog_array-target fd=63 id=15 type=17 name=sys_enter_submi tag=b007db728abdf9dd jited_len=17661 xlated_len=30040 nr_jited_ksyms=1 ksym0=0xffffffffc040230c ksym1=0x0
[53.346434 pid=1937 tid=1953] BPF_MAP_UPDATE_ELEM prog_array name=sys_enter_submi map_fd=13 map_id=126 key=147 prog_fd=63 prog_id=15 flags=0 ret=0 errno=0
[53.346587 pid=1937 tid=1953] native-loader jit-info prog_array-target fd=63 id=15 type=17 name=sys_enter_submi tag=b007db728abdf9dd jited_len=17661 xlated_len=30040 nr_jited_ksyms=1 ksym0=0xffffffffc040230c ksym1=0x0
[53.346806 pid=1937 tid=1953] BPF_MAP_UPDATE_ELEM prog_array name=sys_enter_submi map_fd=13 map_id=126 key=148 prog_fd=63 prog_id=15 flags=0 ret=0 errno=0
[53.346952 pid=1937 tid=1953] native-loader jit-info prog_array-target fd=63 id=15 type=17 name=sys_enter_submi tag=b007db728abdf9dd jited_len=17661 xlated_len=30040 nr_jited_ksyms=1 ksym0=0xffffffffc040230c ksym1=0x0
[53.347093 pid=1937 tid=1953] BPF_MAP_UPDATE_ELEM prog_array name=sys_enter_submi map_fd=13 map_id=126 key=149 prog_fd=63 prog_id=15 flags=0 ret=0 errno=0
[53.347248 pid=1937 tid=1953] native-loader jit-info prog_array-target fd=63 id=15 type=17 name=sys_enter_submi tag=b007db728abdf9dd jited_len=17661 xlated_len=30040 nr_jited_ksyms=1 ksym0=0xffffffffc040230c ksym1=0x0
[53.348063 pid=1937 tid=1953] BPF_MAP_UPDATE_ELEM prog_array name=sys_enter_submi map_fd=13 map_id=126 key=150 prog_fd=63 prog_id=15 flags=0 ret=0 errno=0
[53.348208 pid=1937 tid=1953] native-loader jit-info prog_array-target fd=63 id=15 type=17 name=sys_enter_submi tag=b007db728abdf9dd jited_len=17661 xlated_len=30040 nr_jited_ksyms=1 ksym0=0xffffffffc040230c ksym1=0x0
[53.349067 pid=1937 tid=1953] BPF_MAP_UPDATE_ELEM prog_array name=sys_enter_submi map_fd=13 map_id=126 key=151 prog_fd=63 prog_id=15 flags=0 ret=0 errno=0
[53.349216 pid=1937 tid=1953] native-loader jit-info prog_array-target fd=63 id=15 type=17 name=sys_enter_submi tag=b007db728abdf9dd jited_len=17661 xlated_len=30040 nr_jited_ksyms=1 ksym0=0xffffffffc040230c ksym1=0x0
[53.350052 pid=1937 tid=1953] BPF_MAP_UPDATE_ELEM prog_array name=sys_enter_submi map_fd=13 map_id=126 key=152 prog_fd=63 prog_id=15 flags=0 ret=0 errno=0
[53.350300 pid=1937 tid=1953] native-loader jit-info prog_array-target fd=63 id=15 type=17 name=sys_enter_submi tag=b007db728abdf9dd jited_len=17661 xlated_len=30040 nr_jited_ksyms=1 ksym0=0xffffffffc040230c ksym1=0x0
[53.350458 pid=1937 tid=1953] BPF_MAP_UPDATE_ELEM prog_array name=sys_enter_submi map_fd=13 map_id=126 key=153 prog_fd=63 prog_id=15 flags=0 ret=0 errno=0
[53.350598 pid=1937 tid=1953] native-loader jit-info prog_array-target fd=63 id=15 type=17 name=sys_enter_submi tag=b007db728abdf9dd jited_len=17661 xlated_len=30040 nr_jited_ksyms=1 ksym0=0xffffffffc040230c ksym1=0x0
[53.351018 pid=1937 tid=1953] BPF_MAP_UPDATE_ELEM prog_array name=sys_enter_submi map_fd=13 map_id=126 key=154 prog_fd=63 prog_id=15 flags=0 ret=0 errno=0
[53.351164 pid=1937 tid=1953] native-loader jit-info prog_array-target fd=63 id=15 type=17 name=sys_enter_submi tag=b007db728abdf9dd jited_len=17661 xlated_len=30040 nr_jited_ksyms=1 ksym0=0xffffffffc040230c ksym1=0x0
[53.351455 pid=1937 tid=1953] BPF_MAP_UPDATE_ELEM prog_array name=sys_enter_submi map_fd=13 map_id=126 key=155 prog_fd=63 prog_id=15 flags=0 ret=0 errno=0
[53.351644 pid=1937 tid=1953] native-loader jit-info prog_array-target fd=63 id=15 type=17 name=sys_enter_submi tag=b007db728abdf9dd jited_len=17661 xlated_len=30040 nr_jited_ksyms=1 ksym0=0xffffffffc040230c ksym1=0x0
[53.352130 pid=1937 tid=1953] BPF_MAP_UPDATE_ELEM prog_array name=sys_enter_submi map_fd=13 map_id=126 key=156 prog_fd=63 prog_id=15 flags=0 ret=0 errno=0
[53.352280 pid=1937 tid=1953] native-loader jit-info prog_array-target fd=63 id=15 type=17 name=sys_enter_submi tag=b007db728abdf9dd jited_len=17661 xlated_len=30040 nr_jited_ksyms=1 ksym0=0xffffffffc040230c ksym1=0x0
[53.352427 pid=1937 tid=1953] BPF_MAP_UPDATE_ELEM prog_array name=sys_enter_submi map_fd=13 map_id=126 key=157 prog_fd=63 prog_id=15 flags=0 ret=0 errno=0
[53.352586 pid=1937 tid=1953] native-loader jit-info prog_array-target fd=63 id=15 type=17 name=sys_enter_submi tag=b007db728abdf9dd jited_len=17661 xlated_len=30040 nr_jited_ksyms=1 ksym0=0xffffffffc040230c ksym1=0x0
[53.352723 pid=1937 tid=1953] BPF_MAP_UPDATE_ELEM prog_array name=sys_enter_submi map_fd=13 map_id=126 key=159 prog_fd=63 prog_id=15 flags=0 ret=0 errno=0
[53.352867 pid=1937 tid=1953] native-loader jit-info prog_array-target fd=63 id=15 type=17 name=sys_enter_submi tag=b007db728abdf9dd jited_len=17661 xlated_len=30040 nr_jited_ksyms=1 ksym0=0xffffffffc040230c ksym1=0x0
[53.353069 pid=1937 tid=1953] BPF_MAP_UPDATE_ELEM prog_array name=sys_enter_submi map_fd=13 map_id=126 key=160 prog_fd=63 prog_id=15 flags=0 ret=0 errno=0
[53.353211 pid=1937 tid=1953] native-loader jit-info prog_array-target fd=63 id=15 type=17 name=sys_enter_submi tag=b007db728abdf9dd jited_len=17661 xlated_len=30040 nr_jited_ksyms=1 ksym0=0xffffffffc040230c ksym1=0x0
[53.353942 pid=1937 tid=1953] BPF_MAP_UPDATE_ELEM prog_array name=sys_enter_submi map_fd=13 map_id=126 key=161 prog_fd=63 prog_id=15 flags=0 ret=0 errno=0
[53.354087 pid=1937 tid=1953] native-loader jit-info prog_array-target fd=63 id=15 type=17 name=sys_enter_submi tag=b007db728abdf9dd jited_len=17661 xlated_len=30040 nr_jited_ksyms=1 ksym0=0xffffffffc040230c ksym1=0x0
[53.354296 pid=1937 tid=1953] BPF_MAP_UPDATE_ELEM prog_array name=sys_enter_submi map_fd=13 map_id=126 key=162 prog_fd=63 prog_id=15 flags=0 ret=0 errno=0
[53.354444 pid=1937 tid=1953] native-loader jit-info prog_array-target fd=63 id=15 type=17 name=sys_enter_submi tag=b007db728abdf9dd jited_len=17661 xlated_len=30040 nr_jited_ksyms=1 ksym0=0xffffffffc040230c ksym1=0x0
[53.355139 pid=1937 tid=1953] BPF_MAP_UPDATE_ELEM prog_array name=sys_enter_submi map_fd=13 map_id=126 key=163 prog_fd=63 prog_id=15 flags=0 ret=0 errno=0
[53.355290 pid=1937 tid=1953] native-loader jit-info prog_array-target fd=63 id=15 type=17 name=sys_enter_submi tag=b007db728abdf9dd jited_len=17661 xlated_len=30040 nr_jited_ksyms=1 ksym0=0xffffffffc040230c ksym1=0x0
[53.355437 pid=1937 tid=1953] BPF_MAP_UPDATE_ELEM prog_array name=sys_enter_submi map_fd=13 map_id=126 key=164 prog_fd=63 prog_id=15 flags=0 ret=0 errno=0
[53.355577 pid=1937 tid=1953] native-loader jit-info prog_array-target fd=63 id=15 type=17 name=sys_enter_submi tag=b007db728abdf9dd jited_len=17661 xlated_len=30040 nr_jited_ksyms=1 ksym0=0xffffffffc040230c ksym1=0x0
[53.355716 pid=1937 tid=1953] BPF_MAP_UPDATE_ELEM prog_array name=sys_enter_submi map_fd=13 map_id=126 key=165 prog_fd=63 prog_id=15 flags=0 ret=0 errno=0
[53.355854 pid=1937 tid=1953] native-loader jit-info prog_array-target fd=63 id=15 type=17 name=sys_enter_submi tag=b007db728abdf9dd jited_len=17661 xlated_len=30040 nr_jited_ksyms=1 ksym0=0xffffffffc040230c ksym1=0x0
[53.356008 pid=1937 tid=1953] BPF_MAP_UPDATE_ELEM prog_array name=sys_enter_submi map_fd=13 map_id=126 key=166 prog_fd=63 prog_id=15 flags=0 ret=0 errno=0
[53.356162 pid=1937 tid=1953] native-loader jit-info prog_array-target fd=63 id=15 type=17 name=sys_enter_submi tag=b007db728abdf9dd jited_len=17661 xlated_len=30040 nr_jited_ksyms=1 ksym0=0xffffffffc040230c ksym1=0x0
[53.356952 pid=1937 tid=1953] BPF_MAP_UPDATE_ELEM prog_array name=sys_enter_submi map_fd=13 map_id=126 key=167 prog_fd=63 prog_id=15 flags=0 ret=0 errno=0
[53.357104 pid=1937 tid=1953] native-loader jit-info prog_array-target fd=63 id=15 type=17 name=sys_enter_submi tag=b007db728abdf9dd jited_len=17661 xlated_len=30040 nr_jited_ksyms=1 ksym0=0xffffffffc040230c ksym1=0x0
[53.357290 pid=1937 tid=1953] BPF_MAP_UPDATE_ELEM prog_array name=sys_enter_submi map_fd=13 map_id=126 key=168 prog_fd=63 prog_id=15 flags=0 ret=0 errno=0
[53.357425 pid=1937 tid=1953] native-loader jit-info prog_array-target fd=63 id=15 type=17 name=sys_enter_submi tag=b007db728abdf9dd jited_len=17661 xlated_len=30040 nr_jited_ksyms=1 ksym0=0xffffffffc040230c ksym1=0x0
[53.357578 pid=1937 tid=1953] BPF_MAP_UPDATE_ELEM prog_array name=sys_enter_submi map_fd=13 map_id=126 key=169 prog_fd=63 prog_id=15 flags=0 ret=0 errno=0
[53.357739 pid=1937 tid=1953] native-loader jit-info prog_array-target fd=63 id=15 type=17 name=sys_enter_submi tag=b007db728abdf9dd jited_len=17661 xlated_len=30040 nr_jited_ksyms=1 ksym0=0xffffffffc040230c ksym1=0x0
[53.357881 pid=1937 tid=1953] BPF_MAP_UPDATE_ELEM prog_array name=sys_enter_submi map_fd=13 map_id=126 key=170 prog_fd=63 prog_id=15 flags=0 ret=0 errno=0
[53.358026 pid=1937 tid=1953] native-loader jit-info prog_array-target fd=63 id=15 type=17 name=sys_enter_submi tag=b007db728abdf9dd jited_len=17661 xlated_len=30040 nr_jited_ksyms=1 ksym0=0xffffffffc040230c ksym1=0x0
[53.359298 pid=1937 tid=1953] BPF_MAP_UPDATE_ELEM prog_array name=sys_enter_submi map_fd=13 map_id=126 key=171 prog_fd=63 prog_id=15 flags=0 ret=0 errno=0
[53.359463 pid=1937 tid=1953] native-loader jit-info prog_array-target fd=63 id=15 type=17 name=sys_enter_submi tag=b007db728abdf9dd jited_len=17661 xlated_len=30040 nr_jited_ksyms=1 ksym0=0xffffffffc040230c ksym1=0x0
[53.360151 pid=1937 tid=1953] BPF_MAP_UPDATE_ELEM prog_array name=sys_enter_submi map_fd=13 map_id=126 key=172 prog_fd=63 prog_id=15 flags=0 ret=0 errno=0
[53.360307 pid=1937 tid=1953] native-loader jit-info prog_array-target fd=63 id=15 type=17 name=sys_enter_submi tag=b007db728abdf9dd jited_len=17661 xlated_len=30040 nr_jited_ksyms=1 ksym0=0xffffffffc040230c ksym1=0x0
[53.361043 pid=1937 tid=1953] BPF_MAP_UPDATE_ELEM prog_array name=sys_enter_submi map_fd=13 map_id=126 key=173 prog_fd=63 prog_id=15 flags=0 ret=0 errno=0
[53.361836 pid=1937 tid=1953] native-loader jit-info prog_array-target fd=63 id=15 type=17 name=sys_enter_submi tag=b007db728abdf9dd jited_len=17661 xlated_len=30040 nr_jited_ksyms=1 ksym0=0xffffffffc040230c ksym1=0x0
[53.362015 pid=1937 tid=1953] BPF_MAP_UPDATE_ELEM prog_array name=sys_enter_submi map_fd=13 map_id=126 key=174 prog_fd=63 prog_id=15 flags=0 ret=0 errno=0
[53.362159 pid=1937 tid=1953] native-loader jit-info prog_array-target fd=63 id=15 type=17 name=sys_enter_submi tag=b007db728abdf9dd jited_len=17661 xlated_len=30040 nr_jited_ksyms=1 ksym0=0xffffffffc040230c ksym1=0x0
[53.362733 pid=1937 tid=1953] BPF_MAP_UPDATE_ELEM prog_array name=sys_enter_submi map_fd=13 map_id=126 key=175 prog_fd=63 prog_id=15 flags=0 ret=0 errno=0
[53.362943 pid=1937 tid=1953] native-loader jit-info prog_array-target fd=63 id=15 type=17 name=sys_enter_submi tag=b007db728abdf9dd jited_len=17661 xlated_len=30040 nr_jited_ksyms=1 ksym0=0xffffffffc040230c ksym1=0x0
[53.363921 pid=1937 tid=1953] BPF_MAP_UPDATE_ELEM prog_array name=sys_enter_submi map_fd=13 map_id=126 key=176 prog_fd=63 prog_id=15 flags=0 ret=0 errno=0
[53.364317 pid=1937 tid=1953] native-loader jit-info prog_array-target fd=63 id=15 type=17 name=sys_enter_submi tag=b007db728abdf9dd jited_len=17661 xlated_len=30040 nr_jited_ksyms=1 ksym0=0xffffffffc040230c ksym1=0x0
[53.365175 pid=1937 tid=1953] BPF_MAP_UPDATE_ELEM prog_array name=sys_enter_submi map_fd=13 map_id=126 key=177 prog_fd=63 prog_id=15 flags=0 ret=0 errno=0
[53.365619 pid=1937 tid=1953] native-loader jit-info prog_array-target fd=63 id=15 type=17 name=sys_enter_submi tag=b007db728abdf9dd jited_len=17661 xlated_len=30040 nr_jited_ksyms=1 ksym0=0xffffffffc040230c ksym1=0x0
[53.366301 pid=1937 tid=1953] BPF_MAP_UPDATE_ELEM prog_array name=sys_enter_submi map_fd=13 map_id=126 key=178 prog_fd=63 prog_id=15 flags=0 ret=0 errno=0
[53.366990 pid=1937 tid=1953] native-loader jit-info prog_array-target fd=63 id=15 type=17 name=sys_enter_submi tag=b007db728abdf9dd jited_len=17661 xlated_len=30040 nr_jited_ksyms=1 ksym0=0xffffffffc040230c ksym1=0x0
[53.367266 pid=1937 tid=1953] BPF_MAP_UPDATE_ELEM prog_array name=sys_enter_submi map_fd=13 map_id=126 key=179 prog_fd=63 prog_id=15 flags=0 ret=0 errno=0
[53.367510 pid=1937 tid=1953] native-loader jit-info prog_array-target fd=63 id=15 type=17 name=sys_enter_submi tag=b007db728abdf9dd jited_len=17661 xlated_len=30040 nr_jited_ksyms=1 ksym0=0xffffffffc040230c ksym1=0x0
[53.367722 pid=1937 tid=1953] BPF_MAP_UPDATE_ELEM prog_array name=sys_enter_submi map_fd=13 map_id=126 key=180 prog_fd=63 prog_id=15 flags=0 ret=0 errno=0
[53.367884 pid=1937 tid=1953] native-loader jit-info prog_array-target fd=63 id=15 type=17 name=sys_enter_submi tag=b007db728abdf9dd jited_len=17661 xlated_len=30040 nr_jited_ksyms=1 ksym0=0xffffffffc040230c ksym1=0x0
[53.368091 pid=1937 tid=1953] BPF_MAP_UPDATE_ELEM prog_array name=sys_enter_submi map_fd=13 map_id=126 key=181 prog_fd=63 prog_id=15 flags=0 ret=0 errno=0
[53.368262 pid=1937 tid=1953] native-loader jit-info prog_array-target fd=63 id=15 type=17 name=sys_enter_submi tag=b007db728abdf9dd jited_len=17661 xlated_len=30040 nr_jited_ksyms=1 ksym0=0xffffffffc040230c ksym1=0x0
[53.368491 pid=1937 tid=1953] BPF_MAP_UPDATE_ELEM prog_array name=sys_enter_submi map_fd=13 map_id=126 key=182 prog_fd=63 prog_id=15 flags=0 ret=0 errno=0
[53.368651 pid=1937 tid=1953] native-loader jit-info prog_array-target fd=63 id=15 type=17 name=sys_enter_submi tag=b007db728abdf9dd jited_len=17661 xlated_len=30040 nr_jited_ksyms=1 ksym0=0xffffffffc040230c ksym1=0x0
[53.368849 pid=1937 tid=1953] BPF_MAP_UPDATE_ELEM prog_array name=sys_enter_submi map_fd=13 map_id=126 key=183 prog_fd=63 prog_id=15 flags=0 ret=0 errno=0
[53.369000 pid=1937 tid=1953] native-loader jit-info prog_array-target fd=63 id=15 type=17 name=sys_enter_submi tag=b007db728abdf9dd jited_len=17661 xlated_len=30040 nr_jited_ksyms=1 ksym0=0xffffffffc040230c ksym1=0x0
[53.369163 pid=1937 tid=1953] BPF_MAP_UPDATE_ELEM prog_array name=sys_enter_submi map_fd=13 map_id=126 key=184 prog_fd=63 prog_id=15 flags=0 ret=0 errno=0
[53.369361 pid=1937 tid=1953] native-loader jit-info prog_array-target fd=63 id=15 type=17 name=sys_enter_submi tag=b007db728abdf9dd jited_len=17661 xlated_len=30040 nr_jited_ksyms=1 ksym0=0xffffffffc040230c ksym1=0x0
[53.369513 pid=1937 tid=1953] BPF_MAP_UPDATE_ELEM prog_array name=sys_enter_submi map_fd=13 map_id=126 key=185 prog_fd=63 prog_id=15 flags=0 ret=0 errno=0
[53.369750 pid=1937 tid=1953] native-loader jit-info prog_array-target fd=63 id=15 type=17 name=sys_enter_submi tag=b007db728abdf9dd jited_len=17661 xlated_len=30040 nr_jited_ksyms=1 ksym0=0xffffffffc040230c ksym1=0x0
[53.369901 pid=1937 tid=1953] BPF_MAP_UPDATE_ELEM prog_array name=sys_enter_submi map_fd=13 map_id=126 key=186 prog_fd=63 prog_id=15 flags=0 ret=0 errno=0
[53.370052 pid=1937 tid=1953] native-loader jit-info prog_array-target fd=63 id=15 type=17 name=sys_enter_submi tag=b007db728abdf9dd jited_len=17661 xlated_len=30040 nr_jited_ksyms=1 ksym0=0xffffffffc040230c ksym1=0x0
[53.370255 pid=1937 tid=1953] BPF_MAP_UPDATE_ELEM prog_array name=sys_enter_submi map_fd=13 map_id=126 key=187 prog_fd=63 prog_id=15 flags=0 ret=0 errno=0
[53.370401 pid=1937 tid=1953] native-loader jit-info prog_array-target fd=63 id=15 type=17 name=sys_enter_submi tag=b007db728abdf9dd jited_len=17661 xlated_len=30040 nr_jited_ksyms=1 ksym0=0xffffffffc040230c ksym1=0x0
[53.370560 pid=1937 tid=1953] BPF_MAP_UPDATE_ELEM prog_array name=sys_enter_submi map_fd=13 map_id=126 key=188 prog_fd=63 prog_id=15 flags=0 ret=0 errno=0
[53.370698 pid=1937 tid=1953] native-loader jit-info prog_array-target fd=63 id=15 type=17 name=sys_enter_submi tag=b007db728abdf9dd jited_len=17661 xlated_len=30040 nr_jited_ksyms=1 ksym0=0xffffffffc040230c ksym1=0x0
[53.370977 pid=1937 tid=1953] BPF_MAP_UPDATE_ELEM prog_array name=sys_enter_submi map_fd=13 map_id=126 key=189 prog_fd=63 prog_id=15 flags=0 ret=0 errno=0
[53.371475 pid=1937 tid=1953] native-loader jit-info prog_array-target fd=63 id=15 type=17 name=sys_enter_submi tag=b007db728abdf9dd jited_len=17661 xlated_len=30040 nr_jited_ksyms=1 ksym0=0xffffffffc040230c ksym1=0x0
[53.371892 pid=1937 tid=1953] BPF_MAP_UPDATE_ELEM prog_array name=sys_enter_submi map_fd=13 map_id=126 key=190 prog_fd=63 prog_id=15 flags=0 ret=0 errno=0
[53.372055 pid=1937 tid=1953] native-loader jit-info prog_array-target fd=63 id=15 type=17 name=sys_enter_submi tag=b007db728abdf9dd jited_len=17661 xlated_len=30040 nr_jited_ksyms=1 ksym0=0xffffffffc040230c ksym1=0x0
[53.372527 pid=1937 tid=1953] BPF_MAP_UPDATE_ELEM prog_array name=sys_enter_submi map_fd=13 map_id=126 key=191 prog_fd=63 prog_id=15 flags=0 ret=0 errno=0
[53.372829 pid=1937 tid=1953] native-loader jit-info prog_array-target fd=63 id=15 type=17 name=sys_enter_submi tag=b007db728abdf9dd jited_len=17661 xlated_len=30040 nr_jited_ksyms=1 ksym0=0xffffffffc040230c ksym1=0x0
[53.373063 pid=1937 tid=1953] BPF_MAP_UPDATE_ELEM prog_array name=sys_enter_submi map_fd=13 map_id=126 key=192 prog_fd=63 prog_id=15 flags=0 ret=0 errno=0
[53.373566 pid=1937 tid=1953] native-loader jit-info prog_array-target fd=63 id=15 type=17 name=sys_enter_submi tag=b007db728abdf9dd jited_len=17661 xlated_len=30040 nr_jited_ksyms=1 ksym0=0xffffffffc040230c ksym1=0x0
[53.374022 pid=1937 tid=1953] BPF_MAP_UPDATE_ELEM prog_array name=sys_enter_submi map_fd=13 map_id=126 key=193 prog_fd=63 prog_id=15 flags=0 ret=0 errno=0
[53.374493 pid=1937 tid=1953] native-loader jit-info prog_array-target fd=63 id=15 type=17 name=sys_enter_submi tag=b007db728abdf9dd jited_len=17661 xlated_len=30040 nr_jited_ksyms=1 ksym0=0xffffffffc040230c ksym1=0x0
[53.375188 pid=1937 tid=1953] BPF_MAP_UPDATE_ELEM prog_array name=sys_enter_submi map_fd=13 map_id=126 key=194 prog_fd=63 prog_id=15 flags=0 ret=0 errno=0
[53.375505 pid=1937 tid=1953] native-loader jit-info prog_array-target fd=63 id=15 type=17 name=sys_enter_submi tag=b007db728abdf9dd jited_len=17661 xlated_len=30040 nr_jited_ksyms=1 ksym0=0xffffffffc040230c ksym1=0x0
[53.376084 pid=1937 tid=1953] BPF_MAP_UPDATE_ELEM prog_array name=sys_enter_submi map_fd=13 map_id=126 key=195 prog_fd=63 prog_id=15 flags=0 ret=0 errno=0
[53.376483 pid=1937 tid=1953] native-loader jit-info prog_array-target fd=63 id=15 type=17 name=sys_enter_submi tag=b007db728abdf9dd jited_len=17661 xlated_len=30040 nr_jited_ksyms=1 ksym0=0xffffffffc040230c ksym1=0x0
[53.376840 pid=1937 tid=1953] BPF_MAP_UPDATE_ELEM prog_array name=sys_enter_submi map_fd=13 map_id=126 key=196 prog_fd=63 prog_id=15 flags=0 ret=0 errno=0
[53.377014 pid=1937 tid=1953] native-loader jit-info prog_array-target fd=63 id=15 type=17 name=sys_enter_submi tag=b007db728abdf9dd jited_len=17661 xlated_len=30040 nr_jited_ksyms=1 ksym0=0xffffffffc040230c ksym1=0x0
[53.377190 pid=1937 tid=1953] BPF_MAP_UPDATE_ELEM prog_array name=sys_enter_submi map_fd=13 map_id=126 key=197 prog_fd=63 prog_id=15 flags=0 ret=0 errno=0
[53.377560 pid=1937 tid=1953] native-loader jit-info prog_array-target fd=63 id=15 type=17 name=sys_enter_submi tag=b007db728abdf9dd jited_len=17661 xlated_len=30040 nr_jited_ksyms=1 ksym0=0xffffffffc040230c ksym1=0x0
[53.377871 pid=1937 tid=1953] BPF_MAP_UPDATE_ELEM prog_array name=sys_enter_submi map_fd=13 map_id=126 key=198 prog_fd=63 prog_id=15 flags=0 ret=0 errno=0
[53.378075 pid=1937 tid=1953] native-loader jit-info prog_array-target fd=63 id=15 type=17 name=sys_enter_submi tag=b007db728abdf9dd jited_len=17661 xlated_len=30040 nr_jited_ksyms=1 ksym0=0xffffffffc040230c ksym1=0x0
[53.378224 pid=1937 tid=1953] BPF_MAP_UPDATE_ELEM prog_array name=sys_enter_submi map_fd=13 map_id=126 key=199 prog_fd=63 prog_id=15 flags=0 ret=0 errno=0
[53.378381 pid=1937 tid=1953] native-loader jit-info prog_array-target fd=63 id=15 type=17 name=sys_enter_submi tag=b007db728abdf9dd jited_len=17661 xlated_len=30040 nr_jited_ksyms=1 ksym0=0xffffffffc040230c ksym1=0x0
[53.378566 pid=1937 tid=1953] BPF_MAP_UPDATE_ELEM prog_array name=sys_enter_submi map_fd=13 map_id=126 key=200 prog_fd=63 prog_id=15 flags=0 ret=0 errno=0
[53.378705 pid=1937 tid=1953] native-loader jit-info prog_array-target fd=63 id=15 type=17 name=sys_enter_submi tag=b007db728abdf9dd jited_len=17661 xlated_len=30040 nr_jited_ksyms=1 ksym0=0xffffffffc040230c ksym1=0x0
[53.379179 pid=1937 tid=1953] BPF_MAP_UPDATE_ELEM prog_array name=sys_enter_submi map_fd=13 map_id=126 key=201 prog_fd=63 prog_id=15 flags=0 ret=0 errno=0
[53.379452 pid=1937 tid=1953] native-loader jit-info prog_array-target fd=63 id=15 type=17 name=sys_enter_submi tag=b007db728abdf9dd jited_len=17661 xlated_len=30040 nr_jited_ksyms=1 ksym0=0xffffffffc040230c ksym1=0x0
[53.379606 pid=1937 tid=1953] BPF_MAP_UPDATE_ELEM prog_array name=sys_enter_submi map_fd=13 map_id=126 key=202 prog_fd=63 prog_id=15 flags=0 ret=0 errno=0
[53.379747 pid=1937 tid=1953] native-loader jit-info prog_array-target fd=63 id=15 type=17 name=sys_enter_submi tag=b007db728abdf9dd jited_len=17661 xlated_len=30040 nr_jited_ksyms=1 ksym0=0xffffffffc040230c ksym1=0x0
[53.380652 pid=1937 tid=1953] BPF_MAP_UPDATE_ELEM prog_array name=sys_enter_submi map_fd=13 map_id=126 key=203 prog_fd=63 prog_id=15 flags=0 ret=0 errno=0
[53.381045 pid=1937 tid=1953] native-loader jit-info prog_array-target fd=63 id=15 type=17 name=sys_enter_submi tag=b007db728abdf9dd jited_len=17661 xlated_len=30040 nr_jited_ksyms=1 ksym0=0xffffffffc040230c ksym1=0x0
[53.381498 pid=1937 tid=1953] BPF_MAP_UPDATE_ELEM prog_array name=sys_enter_submi map_fd=13 map_id=126 key=204 prog_fd=63 prog_id=15 flags=0 ret=0 errno=0
[53.381785 pid=1937 tid=1953] native-loader jit-info prog_array-target fd=63 id=15 type=17 name=sys_enter_submi tag=b007db728abdf9dd jited_len=17661 xlated_len=30040 nr_jited_ksyms=1 ksym0=0xffffffffc040230c ksym1=0x0
[53.382066 pid=1937 tid=1953] BPF_MAP_UPDATE_ELEM prog_array name=sys_enter_submi map_fd=13 map_id=126 key=205 prog_fd=63 prog_id=15 flags=0 ret=0 errno=0
[53.382469 pid=1937 tid=1953] native-loader jit-info prog_array-target fd=63 id=15 type=17 name=sys_enter_submi tag=b007db728abdf9dd jited_len=17661 xlated_len=30040 nr_jited_ksyms=1 ksym0=0xffffffffc040230c ksym1=0x0
[53.382792 pid=1937 tid=1953] BPF_MAP_UPDATE_ELEM prog_array name=sys_enter_submi map_fd=13 map_id=126 key=206 prog_fd=63 prog_id=15 flags=0 ret=0 errno=0
[53.383113 pid=1937 tid=1953] native-loader jit-info prog_array-target fd=63 id=15 type=17 name=sys_enter_submi tag=b007db728abdf9dd jited_len=17661 xlated_len=30040 nr_jited_ksyms=1 ksym0=0xffffffffc040230c ksym1=0x0
[53.383477 pid=1937 tid=1953] BPF_MAP_UPDATE_ELEM prog_array name=sys_enter_submi map_fd=13 map_id=126 key=207 prog_fd=63 prog_id=15 flags=0 ret=0 errno=0
[53.383773 pid=1937 tid=1953] native-loader jit-info prog_array-target fd=63 id=15 type=17 name=sys_enter_submi tag=b007db728abdf9dd jited_len=17661 xlated_len=30040 nr_jited_ksyms=1 ksym0=0xffffffffc040230c ksym1=0x0
[53.384105 pid=1937 tid=1953] BPF_MAP_UPDATE_ELEM prog_array name=sys_enter_submi map_fd=13 map_id=126 key=208 prog_fd=63 prog_id=15 flags=0 ret=0 errno=0
[53.384457 pid=1937 tid=1953] native-loader jit-info prog_array-target fd=63 id=15 type=17 name=sys_enter_submi tag=b007db728abdf9dd jited_len=17661 xlated_len=30040 nr_jited_ksyms=1 ksym0=0xffffffffc040230c ksym1=0x0
[53.384931 pid=1937 tid=1953] BPF_MAP_UPDATE_ELEM prog_array name=sys_enter_submi map_fd=13 map_id=126 key=209 prog_fd=63 prog_id=15 flags=0 ret=0 errno=0
[53.385195 pid=1937 tid=1953] native-loader jit-info prog_array-target fd=63 id=15 type=17 name=sys_enter_submi tag=b007db728abdf9dd jited_len=17661 xlated_len=30040 nr_jited_ksyms=1 ksym0=0xffffffffc040230c ksym1=0x0
[53.385577 pid=1937 tid=1953] BPF_MAP_UPDATE_ELEM prog_array name=sys_enter_submi map_fd=13 map_id=126 key=210 prog_fd=63 prog_id=15 flags=0 ret=0 errno=0
[53.385929 pid=1937 tid=1953] native-loader jit-info prog_array-target fd=63 id=15 type=17 name=sys_enter_submi tag=b007db728abdf9dd jited_len=17661 xlated_len=30040 nr_jited_ksyms=1 ksym0=0xffffffffc040230c ksym1=0x0
[53.386473 pid=1937 tid=1953] BPF_MAP_UPDATE_ELEM prog_array name=sys_enter_submi map_fd=13 map_id=126 key=211 prog_fd=63 prog_id=15 flags=0 ret=0 errno=0
[53.386768 pid=1937 tid=1953] native-loader jit-info prog_array-target fd=63 id=15 type=17 name=sys_enter_submi tag=b007db728abdf9dd jited_len=17661 xlated_len=30040 nr_jited_ksyms=1 ksym0=0xffffffffc040230c ksym1=0x0
[53.387122 pid=1937 tid=1953] BPF_MAP_UPDATE_ELEM prog_array name=sys_enter_submi map_fd=13 map_id=126 key=212 prog_fd=63 prog_id=15 flags=0 ret=0 errno=0
[53.387610 pid=1937 tid=1953] native-loader jit-info prog_array-target fd=63 id=15 type=17 name=sys_enter_submi tag=b007db728abdf9dd jited_len=17661 xlated_len=30040 nr_jited_ksyms=1 ksym0=0xffffffffc040230c ksym1=0x0
[53.387922 pid=1937 tid=1953] BPF_MAP_UPDATE_ELEM prog_array name=sys_enter_submi map_fd=13 map_id=126 key=213 prog_fd=63 prog_id=15 flags=0 ret=0 errno=0
[53.388087 pid=1937 tid=1953] native-loader jit-info prog_array-target fd=63 id=15 type=17 name=sys_enter_submi tag=b007db728abdf9dd jited_len=17661 xlated_len=30040 nr_jited_ksyms=1 ksym0=0xffffffffc040230c ksym1=0x0
[53.388516 pid=1937 tid=1953] BPF_MAP_UPDATE_ELEM prog_array name=sys_enter_submi map_fd=13 map_id=126 key=214 prog_fd=63 prog_id=15 flags=0 ret=0 errno=0
[53.388817 pid=1937 tid=1953] native-loader jit-info prog_array-target fd=63 id=15 type=17 name=sys_enter_submi tag=b007db728abdf9dd jited_len=17661 xlated_len=30040 nr_jited_ksyms=1 ksym0=0xffffffffc040230c ksym1=0x0
[53.389241 pid=1937 tid=1953] BPF_MAP_UPDATE_ELEM prog_array name=sys_enter_submi map_fd=13 map_id=126 key=215 prog_fd=63 prog_id=15 flags=0 ret=0 errno=0
[53.389436 pid=1937 tid=1953] native-loader jit-info prog_array-target fd=63 id=15 type=17 name=sys_enter_submi tag=b007db728abdf9dd jited_len=17661 xlated_len=30040 nr_jited_ksyms=1 ksym0=0xffffffffc040230c ksym1=0x0
[53.389608 pid=1937 tid=1953] BPF_MAP_UPDATE_ELEM prog_array name=sys_enter_submi map_fd=13 map_id=126 key=216 prog_fd=63 prog_id=15 flags=0 ret=0 errno=0
[53.389806 pid=1937 tid=1953] native-loader jit-info prog_array-target fd=63 id=15 type=17 name=sys_enter_submi tag=b007db728abdf9dd jited_len=17661 xlated_len=30040 nr_jited_ksyms=1 ksym0=0xffffffffc040230c ksym1=0x0
[53.389959 pid=1937 tid=1953] BPF_MAP_UPDATE_ELEM prog_array name=sys_enter_submi map_fd=13 map_id=126 key=217 prog_fd=63 prog_id=15 flags=0 ret=0 errno=0
[53.390103 pid=1937 tid=1953] native-loader jit-info prog_array-target fd=63 id=15 type=17 name=sys_enter_submi tag=b007db728abdf9dd jited_len=17661 xlated_len=30040 nr_jited_ksyms=1 ksym0=0xffffffffc040230c ksym1=0x0
[53.390261 pid=1937 tid=1953] BPF_MAP_UPDATE_ELEM prog_array name=sys_enter_submi map_fd=13 map_id=126 key=218 prog_fd=63 prog_id=15 flags=0 ret=0 errno=0
[53.390405 pid=1937 tid=1953] native-loader jit-info prog_array-target fd=63 id=15 type=17 name=sys_enter_submi tag=b007db728abdf9dd jited_len=17661 xlated_len=30040 nr_jited_ksyms=1 ksym0=0xffffffffc040230c ksym1=0x0
[53.390558 pid=1937 tid=1953] BPF_MAP_UPDATE_ELEM prog_array name=sys_enter_submi map_fd=13 map_id=126 key=219 prog_fd=63 prog_id=15 flags=0 ret=0 errno=0
[53.390702 pid=1937 tid=1953] native-loader jit-info prog_array-target fd=63 id=15 type=17 name=sys_enter_submi tag=b007db728abdf9dd jited_len=17661 xlated_len=30040 nr_jited_ksyms=1 ksym0=0xffffffffc040230c ksym1=0x0
[53.390897 pid=1937 tid=1953] BPF_MAP_UPDATE_ELEM prog_array name=sys_enter_submi map_fd=13 map_id=126 key=220 prog_fd=63 prog_id=15 flags=0 ret=0 errno=0
[53.391033 pid=1937 tid=1953] native-loader jit-info prog_array-target fd=63 id=15 type=17 name=sys_enter_submi tag=b007db728abdf9dd jited_len=17661 xlated_len=30040 nr_jited_ksyms=1 ksym0=0xffffffffc040230c ksym1=0x0
[53.391934 pid=1937 tid=1953] BPF_MAP_UPDATE_ELEM prog_array name=sys_enter_submi map_fd=13 map_id=126 key=221 prog_fd=63 prog_id=15 flags=0 ret=0 errno=0
[53.392267 pid=1937 tid=1953] native-loader jit-info prog_array-target fd=63 id=15 type=17 name=sys_enter_submi tag=b007db728abdf9dd jited_len=17661 xlated_len=30040 nr_jited_ksyms=1 ksym0=0xffffffffc040230c ksym1=0x0
[53.392603 pid=1937 tid=1953] BPF_MAP_UPDATE_ELEM prog_array name=sys_enter_submi map_fd=13 map_id=126 key=222 prog_fd=63 prog_id=15 flags=0 ret=0 errno=0
[53.392891 pid=1937 tid=1953] native-loader jit-info prog_array-target fd=63 id=15 type=17 name=sys_enter_submi tag=b007db728abdf9dd jited_len=17661 xlated_len=30040 nr_jited_ksyms=1 ksym0=0xffffffffc040230c ksym1=0x0
[53.393677 pid=1937 tid=1953] BPF_MAP_UPDATE_ELEM prog_array name=sys_enter_submi map_fd=13 map_id=126 key=223 prog_fd=63 prog_id=15 flags=0 ret=0 errno=0
[53.394041 pid=1937 tid=1953] native-loader jit-info prog_array-target fd=63 id=15 type=17 name=sys_enter_submi tag=b007db728abdf9dd jited_len=17661 xlated_len=30040 nr_jited_ksyms=1 ksym0=0xffffffffc040230c ksym1=0x0
[53.394226 pid=1937 tid=1953] BPF_MAP_UPDATE_ELEM prog_array name=sys_enter_submi map_fd=13 map_id=126 key=224 prog_fd=63 prog_id=15 flags=0 ret=0 errno=0
[53.394596 pid=1937 tid=1953] native-loader jit-info prog_array-target fd=63 id=15 type=17 name=sys_enter_submi tag=b007db728abdf9dd jited_len=17661 xlated_len=30040 nr_jited_ksyms=1 ksym0=0xffffffffc040230c ksym1=0x0
[53.394936 pid=1937 tid=1953] BPF_MAP_UPDATE_ELEM prog_array name=sys_enter_submi map_fd=13 map_id=126 key=225 prog_fd=63 prog_id=15 flags=0 ret=0 errno=0
[53.395166 pid=1937 tid=1953] native-loader jit-info prog_array-target fd=63 id=15 type=17 name=sys_enter_submi tag=b007db728abdf9dd jited_len=17661 xlated_len=30040 nr_jited_ksyms=1 ksym0=0xffffffffc040230c ksym1=0x0
[53.395524 pid=1937 tid=1953] BPF_MAP_UPDATE_ELEM prog_array name=sys_enter_submi map_fd=13 map_id=126 key=226 prog_fd=63 prog_id=15 flags=0 ret=0 errno=0
[53.395692 pid=1937 tid=1953] native-loader jit-info prog_array-target fd=63 id=15 type=17 name=sys_enter_submi tag=b007db728abdf9dd jited_len=17661 xlated_len=30040 nr_jited_ksyms=1 ksym0=0xffffffffc040230c ksym1=0x0
[53.396031 pid=1937 tid=1953] BPF_MAP_UPDATE_ELEM prog_array name=sys_enter_submi map_fd=13 map_id=126 key=227 prog_fd=63 prog_id=15 flags=0 ret=0 errno=0
[53.396189 pid=1937 tid=1953] native-loader jit-info prog_array-target fd=63 id=15 type=17 name=sys_enter_submi tag=b007db728abdf9dd jited_len=17661 xlated_len=30040 nr_jited_ksyms=1 ksym0=0xffffffffc040230c ksym1=0x0
[53.396348 pid=1937 tid=1953] BPF_MAP_UPDATE_ELEM prog_array name=sys_enter_submi map_fd=13 map_id=126 key=228 prog_fd=63 prog_id=15 flags=0 ret=0 errno=0
[53.396485 pid=1937 tid=1953] native-loader jit-info prog_array-target fd=63 id=15 type=17 name=sys_enter_submi tag=b007db728abdf9dd jited_len=17661 xlated_len=30040 nr_jited_ksyms=1 ksym0=0xffffffffc040230c ksym1=0x0
[53.396924 pid=1937 tid=1953] BPF_MAP_UPDATE_ELEM prog_array name=sys_enter_submi map_fd=13 map_id=126 key=229 prog_fd=63 prog_id=15 flags=0 ret=0 errno=0
[53.397084 pid=1937 tid=1953] native-loader jit-info prog_array-target fd=63 id=15 type=17 name=sys_enter_submi tag=b007db728abdf9dd jited_len=17661 xlated_len=30040 nr_jited_ksyms=1 ksym0=0xffffffffc040230c ksym1=0x0
[53.397244 pid=1937 tid=1953] BPF_MAP_UPDATE_ELEM prog_array name=sys_enter_submi map_fd=13 map_id=126 key=230 prog_fd=63 prog_id=15 flags=0 ret=0 errno=0
[53.397393 pid=1937 tid=1953] native-loader jit-info prog_array-target fd=63 id=15 type=17 name=sys_enter_submi tag=b007db728abdf9dd jited_len=17661 xlated_len=30040 nr_jited_ksyms=1 ksym0=0xffffffffc040230c ksym1=0x0
[53.398108 pid=1937 tid=1953] BPF_MAP_UPDATE_ELEM prog_array name=sys_enter_submi map_fd=13 map_id=126 key=231 prog_fd=63 prog_id=15 flags=0 ret=0 errno=0
[53.398269 pid=1937 tid=1953] native-loader jit-info prog_array-target fd=63 id=15 type=17 name=sys_enter_submi tag=b007db728abdf9dd jited_len=17661 xlated_len=30040 nr_jited_ksyms=1 ksym0=0xffffffffc040230c ksym1=0x0
[53.398655 pid=1937 tid=1953] BPF_MAP_UPDATE_ELEM prog_array name=sys_enter_submi map_fd=13 map_id=126 key=232 prog_fd=63 prog_id=15 flags=0 ret=0 errno=0
[53.398951 pid=1937 tid=1953] native-loader jit-info prog_array-target fd=63 id=15 type=17 name=sys_enter_submi tag=b007db728abdf9dd jited_len=17661 xlated_len=30040 nr_jited_ksyms=1 ksym0=0xffffffffc040230c ksym1=0x0
[53.399099 pid=1937 tid=1953] BPF_MAP_UPDATE_ELEM prog_array name=sys_enter_submi map_fd=13 map_id=126 key=233 prog_fd=63 prog_id=15 flags=0 ret=0 errno=0
[53.399683 pid=1937 tid=1953] native-loader jit-info prog_array-target fd=63 id=15 type=17 name=sys_enter_submi tag=b007db728abdf9dd jited_len=17661 xlated_len=30040 nr_jited_ksyms=1 ksym0=0xffffffffc040230c ksym1=0x0
[53.399830 pid=1937 tid=1953] BPF_MAP_UPDATE_ELEM prog_array name=sys_enter_submi map_fd=13 map_id=126 key=234 prog_fd=63 prog_id=15 flags=0 ret=0 errno=0
[53.399972 pid=1937 tid=1953] native-loader jit-info prog_array-target fd=63 id=15 type=17 name=sys_enter_submi tag=b007db728abdf9dd jited_len=17661 xlated_len=30040 nr_jited_ksyms=1 ksym0=0xffffffffc040230c ksym1=0x0
[53.400265 pid=1937 tid=1953] BPF_MAP_UPDATE_ELEM prog_array name=sys_enter_submi map_fd=13 map_id=126 key=235 prog_fd=63 prog_id=15 flags=0 ret=0 errno=0
[53.400442 pid=1937 tid=1953] native-loader jit-info prog_array-target fd=63 id=15 type=17 name=sys_enter_submi tag=b007db728abdf9dd jited_len=17661 xlated_len=30040 nr_jited_ksyms=1 ksym0=0xffffffffc040230c ksym1=0x0
[53.400767 pid=1937 tid=1953] BPF_MAP_UPDATE_ELEM prog_array name=sys_enter_submi map_fd=13 map_id=126 key=236 prog_fd=63 prog_id=15 flags=0 ret=0 errno=0
[53.400924 pid=1937 tid=1953] native-loader jit-info prog_array-target fd=63 id=15 type=17 name=sys_enter_submi tag=b007db728abdf9dd jited_len=17661 xlated_len=30040 nr_jited_ksyms=1 ksym0=0xffffffffc040230c ksym1=0x0
[53.401263 pid=1937 tid=1953] BPF_MAP_UPDATE_ELEM prog_array name=sys_enter_submi map_fd=13 map_id=126 key=237 prog_fd=63 prog_id=15 flags=0 ret=0 errno=0
[53.401423 pid=1937 tid=1953] native-loader jit-info prog_array-target fd=63 id=15 type=17 name=sys_enter_submi tag=b007db728abdf9dd jited_len=17661 xlated_len=30040 nr_jited_ksyms=1 ksym0=0xffffffffc040230c ksym1=0x0
[53.401570 pid=1937 tid=1953] BPF_MAP_UPDATE_ELEM prog_array name=sys_enter_submi map_fd=13 map_id=126 key=238 prog_fd=63 prog_id=15 flags=0 ret=0 errno=0
[53.401710 pid=1937 tid=1953] native-loader jit-info prog_array-target fd=63 id=15 type=17 name=sys_enter_submi tag=b007db728abdf9dd jited_len=17661 xlated_len=30040 nr_jited_ksyms=1 ksym0=0xffffffffc040230c ksym1=0x0
[53.401858 pid=1937 tid=1953] BPF_MAP_UPDATE_ELEM prog_array name=sys_enter_submi map_fd=13 map_id=126 key=239 prog_fd=63 prog_id=15 flags=0 ret=0 errno=0
[53.401997 pid=1937 tid=1953] native-loader jit-info prog_array-target fd=63 id=15 type=17 name=sys_enter_submi tag=b007db728abdf9dd jited_len=17661 xlated_len=30040 nr_jited_ksyms=1 ksym0=0xffffffffc040230c ksym1=0x0
[53.402147 pid=1937 tid=1953] BPF_MAP_UPDATE_ELEM prog_array name=sys_enter_submi map_fd=13 map_id=126 key=240 prog_fd=63 prog_id=15 flags=0 ret=0 errno=0
[53.402285 pid=1937 tid=1953] native-loader jit-info prog_array-target fd=63 id=15 type=17 name=sys_enter_submi tag=b007db728abdf9dd jited_len=17661 xlated_len=30040 nr_jited_ksyms=1 ksym0=0xffffffffc040230c ksym1=0x0
[53.402931 pid=1937 tid=1953] BPF_MAP_UPDATE_ELEM prog_array name=sys_enter_submi map_fd=13 map_id=126 key=241 prog_fd=63 prog_id=15 flags=0 ret=0 errno=0
[53.403352 pid=1937 tid=1953] native-loader jit-info prog_array-target fd=63 id=15 type=17 name=sys_enter_submi tag=b007db728abdf9dd jited_len=17661 xlated_len=30040 nr_jited_ksyms=1 ksym0=0xffffffffc040230c ksym1=0x0
[53.403504 pid=1937 tid=1953] BPF_MAP_UPDATE_ELEM prog_array name=sys_enter_submi map_fd=13 map_id=126 key=242 prog_fd=63 prog_id=15 flags=0 ret=0 errno=0
[53.403682 pid=1937 tid=1953] native-loader jit-info prog_array-target fd=63 id=15 type=17 name=sys_enter_submi tag=b007db728abdf9dd jited_len=17661 xlated_len=30040 nr_jited_ksyms=1 ksym0=0xffffffffc040230c ksym1=0x0
[53.404280 pid=1937 tid=1953] BPF_MAP_UPDATE_ELEM prog_array name=sys_enter_submi map_fd=13 map_id=126 key=243 prog_fd=63 prog_id=15 flags=0 ret=0 errno=0
[53.404459 pid=1937 tid=1953] native-loader jit-info prog_array-target fd=63 id=15 type=17 name=sys_enter_submi tag=b007db728abdf9dd jited_len=17661 xlated_len=30040 nr_jited_ksyms=1 ksym0=0xffffffffc040230c ksym1=0x0
[53.404603 pid=1937 tid=1953] BPF_MAP_UPDATE_ELEM prog_array name=sys_enter_submi map_fd=13 map_id=126 key=244 prog_fd=63 prog_id=15 flags=0 ret=0 errno=0
[53.404740 pid=1937 tid=1953] native-loader jit-info prog_array-target fd=63 id=15 type=17 name=sys_enter_submi tag=b007db728abdf9dd jited_len=17661 xlated_len=30040 nr_jited_ksyms=1 ksym0=0xffffffffc040230c ksym1=0x0
[53.404890 pid=1937 tid=1953] BPF_MAP_UPDATE_ELEM prog_array name=sys_enter_submi map_fd=13 map_id=126 key=245 prog_fd=63 prog_id=15 flags=0 ret=0 errno=0
[53.405101 pid=1937 tid=1953] native-loader jit-info prog_array-target fd=63 id=15 type=17 name=sys_enter_submi tag=b007db728abdf9dd jited_len=17661 xlated_len=30040 nr_jited_ksyms=1 ksym0=0xffffffffc040230c ksym1=0x0
[53.405248 pid=1937 tid=1953] BPF_MAP_UPDATE_ELEM prog_array name=sys_enter_submi map_fd=13 map_id=126 key=246 prog_fd=63 prog_id=15 flags=0 ret=0 errno=0
[53.405387 pid=1937 tid=1953] native-loader jit-info prog_array-target fd=63 id=15 type=17 name=sys_enter_submi tag=b007db728abdf9dd jited_len=17661 xlated_len=30040 nr_jited_ksyms=1 ksym0=0xffffffffc040230c ksym1=0x0
[53.405964 pid=1937 tid=1953] BPF_MAP_UPDATE_ELEM prog_array name=sys_enter_submi map_fd=13 map_id=126 key=247 prog_fd=63 prog_id=15 flags=0 ret=0 errno=0
[53.406104 pid=1937 tid=1953] native-loader jit-info prog_array-target fd=63 id=15 type=17 name=sys_enter_submi tag=b007db728abdf9dd jited_len=17661 xlated_len=30040 nr_jited_ksyms=1 ksym0=0xffffffffc040230c ksym1=0x0
[53.406302 pid=1937 tid=1953] BPF_MAP_UPDATE_ELEM prog_array name=sys_enter_submi map_fd=13 map_id=126 key=248 prog_fd=63 prog_id=15 flags=0 ret=0 errno=0
[53.406436 pid=1937 tid=1953] native-loader jit-info prog_array-target fd=63 id=15 type=17 name=sys_enter_submi tag=b007db728abdf9dd jited_len=17661 xlated_len=30040 nr_jited_ksyms=1 ksym0=0xffffffffc040230c ksym1=0x0
[53.406968 pid=1937 tid=1953] BPF_MAP_UPDATE_ELEM prog_array name=sys_enter_submi map_fd=13 map_id=126 key=249 prog_fd=63 prog_id=15 flags=0 ret=0 errno=0
[53.407225 pid=1937 tid=1953] native-loader jit-info prog_array-target fd=63 id=15 type=17 name=sys_enter_submi tag=b007db728abdf9dd jited_len=17661 xlated_len=30040 nr_jited_ksyms=1 ksym0=0xffffffffc040230c ksym1=0x0
[53.407385 pid=1937 tid=1953] BPF_MAP_UPDATE_ELEM prog_array name=sys_enter_submi map_fd=13 map_id=126 key=250 prog_fd=63 prog_id=15 flags=0 ret=0 errno=0
[53.407523 pid=1937 tid=1953] native-loader jit-info prog_array-target fd=63 id=15 type=17 name=sys_enter_submi tag=b007db728abdf9dd jited_len=17661 xlated_len=30040 nr_jited_ksyms=1 ksym0=0xffffffffc040230c ksym1=0x0
[53.408047 pid=1937 tid=1953] BPF_MAP_UPDATE_ELEM prog_array name=sys_enter_submi map_fd=13 map_id=126 key=251 prog_fd=63 prog_id=15 flags=0 ret=0 errno=0
[53.408180 pid=1937 tid=1953] native-loader jit-info prog_array-target fd=63 id=15 type=17 name=sys_enter_submi tag=b007db728abdf9dd jited_len=17661 xlated_len=30040 nr_jited_ksyms=1 ksym0=0xffffffffc040230c ksym1=0x0
[53.408651 pid=1937 tid=1953] BPF_MAP_UPDATE_ELEM prog_array name=sys_enter_submi map_fd=13 map_id=126 key=252 prog_fd=63 prog_id=15 flags=0 ret=0 errno=0
[53.408928 pid=1937 tid=1953] native-loader jit-info prog_array-target fd=63 id=15 type=17 name=sys_enter_submi tag=b007db728abdf9dd jited_len=17661 xlated_len=30040 nr_jited_ksyms=1 ksym0=0xffffffffc040230c ksym1=0x0
[53.409083 pid=1937 tid=1953] BPF_MAP_UPDATE_ELEM prog_array name=sys_enter_submi map_fd=13 map_id=126 key=253 prog_fd=63 prog_id=15 flags=0 ret=0 errno=0
[53.409728 pid=1937 tid=1953] native-loader jit-info prog_array-target fd=63 id=15 type=17 name=sys_enter_submi tag=b007db728abdf9dd jited_len=17661 xlated_len=30040 nr_jited_ksyms=1 ksym0=0xffffffffc040230c ksym1=0x0
[53.410047 pid=1937 tid=1953] BPF_MAP_UPDATE_ELEM prog_array name=sys_enter_submi map_fd=13 map_id=126 key=254 prog_fd=63 prog_id=15 flags=0 ret=0 errno=0
[53.410192 pid=1937 tid=1953] native-loader jit-info prog_array-target fd=63 id=15 type=17 name=sys_enter_submi tag=b007db728abdf9dd jited_len=17661 xlated_len=30040 nr_jited_ksyms=1 ksym0=0xffffffffc040230c ksym1=0x0
[53.410581 pid=1937 tid=1953] BPF_MAP_UPDATE_ELEM prog_array name=sys_enter_submi map_fd=13 map_id=126 key=255 prog_fd=63 prog_id=15 flags=0 ret=0 errno=0
[53.410875 pid=1937 tid=1953] native-loader jit-info prog_array-target fd=63 id=15 type=17 name=sys_enter_submi tag=b007db728abdf9dd jited_len=17661 xlated_len=30040 nr_jited_ksyms=1 ksym0=0xffffffffc040230c ksym1=0x0
[53.411056 pid=1937 tid=1953] BPF_MAP_UPDATE_ELEM prog_array name=sys_enter_submi map_fd=13 map_id=126 key=256 prog_fd=63 prog_id=15 flags=0 ret=0 errno=0
[53.411283 pid=1937 tid=1953] native-loader jit-info prog_array-target fd=63 id=15 type=17 name=sys_enter_submi tag=b007db728abdf9dd jited_len=17661 xlated_len=30040 nr_jited_ksyms=1 ksym0=0xffffffffc040230c ksym1=0x0
[53.411458 pid=1937 tid=1953] BPF_MAP_UPDATE_ELEM prog_array name=sys_enter_submi map_fd=13 map_id=126 key=257 prog_fd=63 prog_id=15 flags=0 ret=0 errno=0
[53.411614 pid=1937 tid=1953] native-loader jit-info prog_array-target fd=63 id=15 type=17 name=sys_enter_submi tag=b007db728abdf9dd jited_len=17661 xlated_len=30040 nr_jited_ksyms=1 ksym0=0xffffffffc040230c ksym1=0x0
[53.411800 pid=1937 tid=1953] BPF_MAP_UPDATE_ELEM prog_array name=sys_enter_submi map_fd=13 map_id=126 key=258 prog_fd=63 prog_id=15 flags=0 ret=0 errno=0
[53.411949 pid=1937 tid=1953] native-loader jit-info prog_array-target fd=63 id=15 type=17 name=sys_enter_submi tag=b007db728abdf9dd jited_len=17661 xlated_len=30040 nr_jited_ksyms=1 ksym0=0xffffffffc040230c ksym1=0x0
[53.412149 pid=1937 tid=1953] BPF_MAP_UPDATE_ELEM prog_array name=sys_enter_submi map_fd=13 map_id=126 key=259 prog_fd=63 prog_id=15 flags=0 ret=0 errno=0
[53.412291 pid=1937 tid=1953] native-loader jit-info prog_array-target fd=63 id=15 type=17 name=sys_enter_submi tag=b007db728abdf9dd jited_len=17661 xlated_len=30040 nr_jited_ksyms=1 ksym0=0xffffffffc040230c ksym1=0x0
[53.412439 pid=1937 tid=1953] BPF_MAP_UPDATE_ELEM prog_array name=sys_enter_submi map_fd=13 map_id=126 key=260 prog_fd=63 prog_id=15 flags=0 ret=0 errno=0
[53.412572 pid=1937 tid=1953] native-loader jit-info prog_array-target fd=63 id=15 type=17 name=sys_enter_submi tag=b007db728abdf9dd jited_len=17661 xlated_len=30040 nr_jited_ksyms=1 ksym0=0xffffffffc040230c ksym1=0x0
[53.413173 pid=1937 tid=1953] BPF_MAP_UPDATE_ELEM prog_array name=sys_enter_submi map_fd=13 map_id=126 key=261 prog_fd=63 prog_id=15 flags=0 ret=0 errno=0
[53.413666 pid=1937 tid=1953] native-loader jit-info prog_array-target fd=63 id=15 type=17 name=sys_enter_submi tag=b007db728abdf9dd jited_len=17661 xlated_len=30040 nr_jited_ksyms=1 ksym0=0xffffffffc040230c ksym1=0x0
[53.413818 pid=1937 tid=1953] BPF_MAP_UPDATE_ELEM prog_array name=sys_enter_submi map_fd=13 map_id=126 key=262 prog_fd=63 prog_id=15 flags=0 ret=0 errno=0
[53.413973 pid=1937 tid=1953] native-loader jit-info prog_array-target fd=63 id=15 type=17 name=sys_enter_submi tag=b007db728abdf9dd jited_len=17661 xlated_len=30040 nr_jited_ksyms=1 ksym0=0xffffffffc040230c ksym1=0x0
[53.414514 pid=1937 tid=1953] BPF_MAP_UPDATE_ELEM prog_array name=sys_enter_submi map_fd=13 map_id=126 key=263 prog_fd=63 prog_id=15 flags=0 ret=0 errno=0
[53.414666 pid=1937 tid=1953] native-loader jit-info prog_array-target fd=63 id=15 type=17 name=sys_enter_submi tag=b007db728abdf9dd jited_len=17661 xlated_len=30040 nr_jited_ksyms=1 ksym0=0xffffffffc040230c ksym1=0x0
[53.414808 pid=1937 tid=1953] BPF_MAP_UPDATE_ELEM prog_array name=sys_enter_submi map_fd=13 map_id=126 key=264 prog_fd=63 prog_id=15 flags=0 ret=0 errno=0
[53.414945 pid=1937 tid=1953] native-loader jit-info prog_array-target fd=63 id=15 type=17 name=sys_enter_submi tag=b007db728abdf9dd jited_len=17661 xlated_len=30040 nr_jited_ksyms=1 ksym0=0xffffffffc040230c ksym1=0x0
[53.415093 pid=1937 tid=1953] BPF_MAP_UPDATE_ELEM prog_array name=sys_enter_submi map_fd=13 map_id=126 key=265 prog_fd=63 prog_id=15 flags=0 ret=0 errno=0
[53.415365 pid=1937 tid=1953] native-loader jit-info prog_array-target fd=63 id=15 type=17 name=sys_enter_submi tag=b007db728abdf9dd jited_len=17661 xlated_len=30040 nr_jited_ksyms=1 ksym0=0xffffffffc040230c ksym1=0x0
[53.415517 pid=1937 tid=1953] BPF_MAP_UPDATE_ELEM prog_array name=sys_enter_submi map_fd=13 map_id=126 key=266 prog_fd=63 prog_id=15 flags=0 ret=0 errno=0
[53.415660 pid=1937 tid=1953] native-loader jit-info prog_array-target fd=63 id=15 type=17 name=sys_enter_submi tag=b007db728abdf9dd jited_len=17661 xlated_len=30040 nr_jited_ksyms=1 ksym0=0xffffffffc040230c ksym1=0x0
[53.416218 pid=1937 tid=1953] BPF_MAP_UPDATE_ELEM prog_array name=sys_enter_submi map_fd=13 map_id=126 key=267 prog_fd=63 prog_id=15 flags=0 ret=0 errno=0
[53.416425 pid=1937 tid=1953] native-loader jit-info prog_array-target fd=63 id=15 type=17 name=sys_enter_submi tag=b007db728abdf9dd jited_len=17661 xlated_len=30040 nr_jited_ksyms=1 ksym0=0xffffffffc040230c ksym1=0x0
[53.416568 pid=1937 tid=1953] BPF_MAP_UPDATE_ELEM prog_array name=sys_enter_submi map_fd=13 map_id=126 key=268 prog_fd=63 prog_id=15 flags=0 ret=0 errno=0
[53.416698 pid=1937 tid=1953] native-loader jit-info prog_array-target fd=63 id=15 type=17 name=sys_enter_submi tag=b007db728abdf9dd jited_len=17661 xlated_len=30040 nr_jited_ksyms=1 ksym0=0xffffffffc040230c ksym1=0x0
[53.417065 pid=1937 tid=1953] BPF_MAP_UPDATE_ELEM prog_array name=sys_enter_submi map_fd=13 map_id=126 key=269 prog_fd=63 prog_id=15 flags=0 ret=0 errno=0
[53.417533 pid=1937 tid=1953] native-loader jit-info prog_array-target fd=63 id=15 type=17 name=sys_enter_submi tag=b007db728abdf9dd jited_len=17661 xlated_len=30040 nr_jited_ksyms=1 ksym0=0xffffffffc040230c ksym1=0x0
[53.417939 pid=1937 tid=1953] BPF_MAP_UPDATE_ELEM prog_array name=sys_enter_submi map_fd=13 map_id=126 key=270 prog_fd=63 prog_id=15 flags=0 ret=0 errno=0
[53.418115 pid=1937 tid=1953] native-loader jit-info prog_array-target fd=63 id=15 type=17 name=sys_enter_submi tag=b007db728abdf9dd jited_len=17661 xlated_len=30040 nr_jited_ksyms=1 ksym0=0xffffffffc040230c ksym1=0x0
[53.418855 pid=1937 tid=1953] BPF_MAP_UPDATE_ELEM prog_array name=sys_enter_submi map_fd=13 map_id=126 key=271 prog_fd=63 prog_id=15 flags=0 ret=0 errno=0
[53.419020 pid=1937 tid=1953] native-loader jit-info prog_array-target fd=63 id=15 type=17 name=sys_enter_submi tag=b007db728abdf9dd jited_len=17661 xlated_len=30040 nr_jited_ksyms=1 ksym0=0xffffffffc040230c ksym1=0x0
[53.419528 pid=1937 tid=1953] BPF_MAP_UPDATE_ELEM prog_array name=sys_enter_submi map_fd=13 map_id=126 key=272 prog_fd=63 prog_id=15 flags=0 ret=0 errno=0
[53.419764 pid=1937 tid=1953] native-loader jit-info prog_array-target fd=63 id=15 type=17 name=sys_enter_submi tag=b007db728abdf9dd jited_len=17661 xlated_len=30040 nr_jited_ksyms=1 ksym0=0xffffffffc040230c ksym1=0x0
[53.419937 pid=1937 tid=1953] BPF_MAP_UPDATE_ELEM prog_array name=sys_enter_submi map_fd=13 map_id=126 key=273 prog_fd=63 prog_id=15 flags=0 ret=0 errno=0
[53.420588 pid=1937 tid=1953] native-loader jit-info prog_array-target fd=63 id=15 type=17 name=sys_enter_submi tag=b007db728abdf9dd jited_len=17661 xlated_len=30040 nr_jited_ksyms=1 ksym0=0xffffffffc040230c ksym1=0x0
[53.421040 pid=1937 tid=1953] BPF_MAP_UPDATE_ELEM prog_array name=sys_enter_submi map_fd=13 map_id=126 key=274 prog_fd=63 prog_id=15 flags=0 ret=0 errno=0
[53.421204 pid=1937 tid=1953] native-loader jit-info prog_array-target fd=63 id=15 type=17 name=sys_enter_submi tag=b007db728abdf9dd jited_len=17661 xlated_len=30040 nr_jited_ksyms=1 ksym0=0xffffffffc040230c ksym1=0x0
[53.421528 pid=1937 tid=1953] BPF_MAP_UPDATE_ELEM prog_array name=sys_enter_submi map_fd=13 map_id=126 key=275 prog_fd=63 prog_id=15 flags=0 ret=0 errno=0
[53.421904 pid=1937 tid=1953] native-loader jit-info prog_array-target fd=63 id=15 type=17 name=sys_enter_submi tag=b007db728abdf9dd jited_len=17661 xlated_len=30040 nr_jited_ksyms=1 ksym0=0xffffffffc040230c ksym1=0x0
[53.422090 pid=1937 tid=1953] BPF_MAP_UPDATE_ELEM prog_array name=sys_enter_submi map_fd=13 map_id=126 key=276 prog_fd=63 prog_id=15 flags=0 ret=0 errno=0
[53.422515 pid=1937 tid=1953] native-loader jit-info prog_array-target fd=63 id=15 type=17 name=sys_enter_submi tag=b007db728abdf9dd jited_len=17661 xlated_len=30040 nr_jited_ksyms=1 ksym0=0xffffffffc040230c ksym1=0x0
[53.422817 pid=1937 tid=1953] BPF_MAP_UPDATE_ELEM prog_array name=sys_enter_submi map_fd=13 map_id=126 key=277 prog_fd=63 prog_id=15 flags=0 ret=0 errno=0
[53.423036 pid=1937 tid=1953] native-loader jit-info prog_array-target fd=63 id=15 type=17 name=sys_enter_submi tag=b007db728abdf9dd jited_len=17661 xlated_len=30040 nr_jited_ksyms=1 ksym0=0xffffffffc040230c ksym1=0x0
[53.423222 pid=1937 tid=1953] BPF_MAP_UPDATE_ELEM prog_array name=sys_enter_submi map_fd=13 map_id=126 key=278 prog_fd=63 prog_id=15 flags=0 ret=0 errno=0
[53.423501 pid=1937 tid=1953] native-loader jit-info prog_array-target fd=63 id=15 type=17 name=sys_enter_submi tag=b007db728abdf9dd jited_len=17661 xlated_len=30040 nr_jited_ksyms=1 ksym0=0xffffffffc040230c ksym1=0x0
[53.423806 pid=1937 tid=1953] BPF_MAP_UPDATE_ELEM prog_array name=sys_enter_submi map_fd=13 map_id=126 key=279 prog_fd=63 prog_id=15 flags=0 ret=0 errno=0
[53.424096 pid=1937 tid=1953] native-loader jit-info prog_array-target fd=63 id=15 type=17 name=sys_enter_submi tag=b007db728abdf9dd jited_len=17661 xlated_len=30040 nr_jited_ksyms=1 ksym0=0xffffffffc040230c ksym1=0x0
[53.424331 pid=1937 tid=1953] BPF_MAP_UPDATE_ELEM prog_array name=sys_enter_submi map_fd=13 map_id=126 key=280 prog_fd=63 prog_id=15 flags=0 ret=0 errno=0
[53.424655 pid=1937 tid=1953] native-loader jit-info prog_array-target fd=63 id=15 type=17 name=sys_enter_submi tag=b007db728abdf9dd jited_len=17661 xlated_len=30040 nr_jited_ksyms=1 ksym0=0xffffffffc040230c ksym1=0x0
[53.425869 pid=1937 tid=1953] BPF_MAP_UPDATE_ELEM prog_array name=sys_enter_submi map_fd=13 map_id=126 key=281 prog_fd=63 prog_id=15 flags=0 ret=0 errno=0
[53.426486 pid=1937 tid=1953] native-loader jit-info prog_array-target fd=63 id=15 type=17 name=sys_enter_submi tag=b007db728abdf9dd jited_len=17661 xlated_len=30040 nr_jited_ksyms=1 ksym0=0xffffffffc040230c ksym1=0x0
[53.426788 pid=1937 tid=1953] BPF_MAP_UPDATE_ELEM prog_array name=sys_enter_submi map_fd=13 map_id=126 key=282 prog_fd=63 prog_id=15 flags=0 ret=0 errno=0
[53.427095 pid=1937 tid=1953] native-loader jit-info prog_array-target fd=63 id=15 type=17 name=sys_enter_submi tag=b007db728abdf9dd jited_len=17661 xlated_len=30040 nr_jited_ksyms=1 ksym0=0xffffffffc040230c ksym1=0x0
[53.427971 pid=1937 tid=1953] BPF_MAP_UPDATE_ELEM prog_array name=sys_enter_submi map_fd=13 map_id=126 key=283 prog_fd=63 prog_id=15 flags=0 ret=0 errno=0
[53.428183 pid=1937 tid=1953] native-loader jit-info prog_array-target fd=63 id=15 type=17 name=sys_enter_submi tag=b007db728abdf9dd jited_len=17661 xlated_len=30040 nr_jited_ksyms=1 ksym0=0xffffffffc040230c ksym1=0x0
[53.428564 pid=1937 tid=1953] BPF_MAP_UPDATE_ELEM prog_array name=sys_enter_submi map_fd=13 map_id=126 key=284 prog_fd=63 prog_id=15 flags=0 ret=0 errno=0
[53.428849 pid=1937 tid=1953] native-loader jit-info prog_array-target fd=63 id=15 type=17 name=sys_enter_submi tag=b007db728abdf9dd jited_len=17661 xlated_len=30040 nr_jited_ksyms=1 ksym0=0xffffffffc040230c ksym1=0x0
[53.429035 pid=1937 tid=1953] BPF_MAP_UPDATE_ELEM prog_array name=sys_enter_submi map_fd=13 map_id=126 key=285 prog_fd=63 prog_id=15 flags=0 ret=0 errno=0
[53.429346 pid=1937 tid=1953] native-loader jit-info prog_array-target fd=63 id=15 type=17 name=sys_enter_submi tag=b007db728abdf9dd jited_len=17661 xlated_len=30040 nr_jited_ksyms=1 ksym0=0xffffffffc040230c ksym1=0x0
[53.429495 pid=1937 tid=1953] BPF_MAP_UPDATE_ELEM prog_array name=sys_enter_submi map_fd=13 map_id=126 key=286 prog_fd=63 prog_id=15 flags=0 ret=0 errno=0
[53.429647 pid=1937 tid=1953] native-loader jit-info prog_array-target fd=63 id=15 type=17 name=sys_enter_submi tag=b007db728abdf9dd jited_len=17661 xlated_len=30040 nr_jited_ksyms=1 ksym0=0xffffffffc040230c ksym1=0x0
[53.430199 pid=1937 tid=1953] BPF_MAP_UPDATE_ELEM prog_array name=sys_enter_submi map_fd=13 map_id=126 key=287 prog_fd=63 prog_id=15 flags=0 ret=0 errno=0
[53.430361 pid=1937 tid=1953] native-loader jit-info prog_array-target fd=63 id=15 type=17 name=sys_enter_submi tag=b007db728abdf9dd jited_len=17661 xlated_len=30040 nr_jited_ksyms=1 ksym0=0xffffffffc040230c ksym1=0x0
[53.430512 pid=1937 tid=1953] BPF_MAP_UPDATE_ELEM prog_array name=sys_enter_submi map_fd=13 map_id=126 key=288 prog_fd=63 prog_id=15 flags=0 ret=0 errno=0
[53.430835 pid=1937 tid=1953] native-loader jit-info prog_array-target fd=63 id=15 type=17 name=sys_enter_submi tag=b007db728abdf9dd jited_len=17661 xlated_len=30040 nr_jited_ksyms=1 ksym0=0xffffffffc040230c ksym1=0x0
[53.431176 pid=1937 tid=1953] BPF_MAP_UPDATE_ELEM prog_array name=sys_enter_submi map_fd=13 map_id=126 key=289 prog_fd=63 prog_id=15 flags=0 ret=0 errno=0
[53.431768 pid=1937 tid=1953] native-loader jit-info prog_array-target fd=63 id=15 type=17 name=sys_enter_submi tag=b007db728abdf9dd jited_len=17661 xlated_len=30040 nr_jited_ksyms=1 ksym0=0xffffffffc040230c ksym1=0x0
[53.432115 pid=1937 tid=1953] BPF_MAP_UPDATE_ELEM prog_array name=sys_enter_submi map_fd=13 map_id=126 key=290 prog_fd=63 prog_id=15 flags=0 ret=0 errno=0
[53.432438 pid=1937 tid=1953] native-loader jit-info prog_array-target fd=63 id=15 type=17 name=sys_enter_submi tag=b007db728abdf9dd jited_len=17661 xlated_len=30040 nr_jited_ksyms=1 ksym0=0xffffffffc040230c ksym1=0x0
[53.433064 pid=1937 tid=1953] BPF_MAP_UPDATE_ELEM prog_array name=sys_enter_submi map_fd=13 map_id=126 key=291 prog_fd=63 prog_id=15 flags=0 ret=0 errno=0
[53.433509 pid=1937 tid=1953] native-loader jit-info prog_array-target fd=63 id=15 type=17 name=sys_enter_submi tag=b007db728abdf9dd jited_len=17661 xlated_len=30040 nr_jited_ksyms=1 ksym0=0xffffffffc040230c ksym1=0x0
[53.434118 pid=1937 tid=1953] BPF_MAP_UPDATE_ELEM prog_array name=sys_enter_submi map_fd=13 map_id=126 key=293 prog_fd=63 prog_id=15 flags=0 ret=0 errno=0
[53.434584 pid=1937 tid=1953] native-loader jit-info prog_array-target fd=63 id=15 type=17 name=sys_enter_submi tag=b007db728abdf9dd jited_len=17661 xlated_len=30040 nr_jited_ksyms=1 ksym0=0xffffffffc040230c ksym1=0x0
[53.434964 pid=1937 tid=1953] BPF_MAP_UPDATE_ELEM prog_array name=sys_enter_submi map_fd=13 map_id=126 key=294 prog_fd=63 prog_id=15 flags=0 ret=0 errno=0
[53.435904 pid=1937 tid=1953] native-loader jit-info prog_array-target fd=63 id=15 type=17 name=sys_enter_submi tag=b007db728abdf9dd jited_len=17661 xlated_len=30040 nr_jited_ksyms=1 ksym0=0xffffffffc040230c ksym1=0x0
[53.436116 pid=1937 tid=1953] BPF_MAP_UPDATE_ELEM prog_array name=sys_enter_submi map_fd=13 map_id=126 key=295 prog_fd=63 prog_id=15 flags=0 ret=0 errno=0
[53.436284 pid=1937 tid=1953] native-loader jit-info prog_array-target fd=63 id=15 type=17 name=sys_enter_submi tag=b007db728abdf9dd jited_len=17661 xlated_len=30040 nr_jited_ksyms=1 ksym0=0xffffffffc040230c ksym1=0x0
[53.436498 pid=1937 tid=1953] BPF_MAP_UPDATE_ELEM prog_array name=sys_enter_submi map_fd=13 map_id=126 key=296 prog_fd=63 prog_id=15 flags=0 ret=0 errno=0
[53.436711 pid=1937 tid=1953] native-loader jit-info prog_array-target fd=63 id=15 type=17 name=sys_enter_submi tag=b007db728abdf9dd jited_len=17661 xlated_len=30040 nr_jited_ksyms=1 ksym0=0xffffffffc040230c ksym1=0x0
[53.436899 pid=1937 tid=1953] BPF_MAP_UPDATE_ELEM prog_array name=sys_enter_submi map_fd=13 map_id=126 key=297 prog_fd=63 prog_id=15 flags=0 ret=0 errno=0
[53.437068 pid=1937 tid=1953] native-loader jit-info prog_array-target fd=63 id=15 type=17 name=sys_enter_submi tag=b007db728abdf9dd jited_len=17661 xlated_len=30040 nr_jited_ksyms=1 ksym0=0xffffffffc040230c ksym1=0x0
[53.437362 pid=1937 tid=1953] BPF_MAP_UPDATE_ELEM prog_array name=sys_enter_submi map_fd=13 map_id=126 key=298 prog_fd=63 prog_id=15 flags=0 ret=0 errno=0
[53.437540 pid=1937 tid=1953] native-loader jit-info prog_array-target fd=63 id=15 type=17 name=sys_enter_submi tag=b007db728abdf9dd jited_len=17661 xlated_len=30040 nr_jited_ksyms=1 ksym0=0xffffffffc040230c ksym1=0x0
[53.437716 pid=1937 tid=1953] BPF_MAP_UPDATE_ELEM prog_array name=sys_enter_submi map_fd=13 map_id=126 key=299 prog_fd=63 prog_id=15 flags=0 ret=0 errno=0
[53.437879 pid=1937 tid=1953] native-loader jit-info prog_array-target fd=63 id=15 type=17 name=sys_enter_submi tag=b007db728abdf9dd jited_len=17661 xlated_len=30040 nr_jited_ksyms=1 ksym0=0xffffffffc040230c ksym1=0x0
[53.438043 pid=1937 tid=1953] BPF_MAP_UPDATE_ELEM prog_array name=sys_enter_submi map_fd=13 map_id=126 key=300 prog_fd=63 prog_id=15 flags=0 ret=0 errno=0
[53.438193 pid=1937 tid=1953] native-loader jit-info prog_array-target fd=63 id=15 type=17 name=sys_enter_submi tag=b007db728abdf9dd jited_len=17661 xlated_len=30040 nr_jited_ksyms=1 ksym0=0xffffffffc040230c ksym1=0x0
[53.438383 pid=1937 tid=1953] BPF_MAP_UPDATE_ELEM prog_array name=sys_enter_submi map_fd=13 map_id=126 key=301 prog_fd=63 prog_id=15 flags=0 ret=0 errno=0
[53.438534 pid=1937 tid=1953] native-loader jit-info prog_array-target fd=63 id=15 type=17 name=sys_enter_submi tag=b007db728abdf9dd jited_len=17661 xlated_len=30040 nr_jited_ksyms=1 ksym0=0xffffffffc040230c ksym1=0x0
[53.439417 pid=1937 tid=1953] BPF_MAP_UPDATE_ELEM prog_array name=sys_enter_submi map_fd=13 map_id=126 key=302 prog_fd=63 prog_id=15 flags=0 ret=0 errno=0
[53.439882 pid=1937 tid=1953] native-loader jit-info prog_array-target fd=63 id=15 type=17 name=sys_enter_submi tag=b007db728abdf9dd jited_len=17661 xlated_len=30040 nr_jited_ksyms=1 ksym0=0xffffffffc040230c ksym1=0x0
[53.440048 pid=1937 tid=1953] BPF_MAP_UPDATE_ELEM prog_array name=sys_enter_submi map_fd=13 map_id=126 key=303 prog_fd=63 prog_id=15 flags=0 ret=0 errno=0
[53.440286 pid=1937 tid=1953] native-loader jit-info prog_array-target fd=63 id=15 type=17 name=sys_enter_submi tag=b007db728abdf9dd jited_len=17661 xlated_len=30040 nr_jited_ksyms=1 ksym0=0xffffffffc040230c ksym1=0x0
[53.441157 pid=1937 tid=1953] BPF_MAP_UPDATE_ELEM prog_array name=sys_enter_submi map_fd=13 map_id=126 key=304 prog_fd=63 prog_id=15 flags=0 ret=0 errno=0
[53.441457 pid=1937 tid=1953] native-loader jit-info prog_array-target fd=63 id=15 type=17 name=sys_enter_submi tag=b007db728abdf9dd jited_len=17661 xlated_len=30040 nr_jited_ksyms=1 ksym0=0xffffffffc040230c ksym1=0x0
[53.441783 pid=1937 tid=1953] BPF_MAP_UPDATE_ELEM prog_array name=sys_enter_submi map_fd=13 map_id=126 key=305 prog_fd=63 prog_id=15 flags=0 ret=0 errno=0
[53.442034 pid=1937 tid=1953] native-loader jit-info prog_array-target fd=63 id=15 type=17 name=sys_enter_submi tag=b007db728abdf9dd jited_len=17661 xlated_len=30040 nr_jited_ksyms=1 ksym0=0xffffffffc040230c ksym1=0x0
[53.442206 pid=1937 tid=1953] BPF_MAP_UPDATE_ELEM prog_array name=sys_enter_submi map_fd=13 map_id=126 key=306 prog_fd=63 prog_id=15 flags=0 ret=0 errno=0
[53.442643 pid=1937 tid=1953] native-loader jit-info prog_array-target fd=63 id=15 type=17 name=sys_enter_submi tag=b007db728abdf9dd jited_len=17661 xlated_len=30040 nr_jited_ksyms=1 ksym0=0xffffffffc040230c ksym1=0x0
[53.442892 pid=1937 tid=1953] BPF_MAP_UPDATE_ELEM prog_array name=sys_enter_submi map_fd=13 map_id=126 key=307 prog_fd=63 prog_id=15 flags=0 ret=0 errno=0
[53.443154 pid=1937 tid=1953] native-loader jit-info prog_array-target fd=63 id=15 type=17 name=sys_enter_submi tag=b007db728abdf9dd jited_len=17661 xlated_len=30040 nr_jited_ksyms=1 ksym0=0xffffffffc040230c ksym1=0x0
[53.444100 pid=1937 tid=1953] BPF_MAP_UPDATE_ELEM prog_array name=sys_enter_submi map_fd=13 map_id=126 key=308 prog_fd=63 prog_id=15 flags=0 ret=0 errno=0
[53.444325 pid=1937 tid=1953] native-loader jit-info prog_array-target fd=63 id=15 type=17 name=sys_enter_submi tag=b007db728abdf9dd jited_len=17661 xlated_len=30040 nr_jited_ksyms=1 ksym0=0xffffffffc040230c ksym1=0x0
[53.444607 pid=1937 tid=1953] BPF_MAP_UPDATE_ELEM prog_array name=sys_enter_submi map_fd=13 map_id=126 key=309 prog_fd=63 prog_id=15 flags=0 ret=0 errno=0
[53.444892 pid=1937 tid=1953] native-loader jit-info prog_array-target fd=63 id=15 type=17 name=sys_enter_submi tag=b007db728abdf9dd jited_len=17661 xlated_len=30040 nr_jited_ksyms=1 ksym0=0xffffffffc040230c ksym1=0x0
[53.445424 pid=1937 tid=1953] BPF_MAP_UPDATE_ELEM prog_array name=sys_enter_submi map_fd=13 map_id=126 key=310 prog_fd=63 prog_id=15 flags=0 ret=0 errno=0
[53.445907 pid=1937 tid=1953] native-loader jit-info prog_array-target fd=63 id=15 type=17 name=sys_enter_submi tag=b007db728abdf9dd jited_len=17661 xlated_len=30040 nr_jited_ksyms=1 ksym0=0xffffffffc040230c ksym1=0x0
[53.446092 pid=1937 tid=1953] BPF_MAP_UPDATE_ELEM prog_array name=sys_enter_submi map_fd=13 map_id=126 key=312 prog_fd=63 prog_id=15 flags=0 ret=0 errno=0
[53.446278 pid=1937 tid=1953] native-loader jit-info prog_array-target fd=63 id=15 type=17 name=sys_enter_submi tag=b007db728abdf9dd jited_len=17661 xlated_len=30040 nr_jited_ksyms=1 ksym0=0xffffffffc040230c ksym1=0x0
[53.446708 pid=1937 tid=1953] BPF_MAP_UPDATE_ELEM prog_array name=sys_enter_submi map_fd=13 map_id=126 key=313 prog_fd=63 prog_id=15 flags=0 ret=0 errno=0
[53.446890 pid=1937 tid=1953] native-loader jit-info prog_array-target fd=63 id=15 type=17 name=sys_enter_submi tag=b007db728abdf9dd jited_len=17661 xlated_len=30040 nr_jited_ksyms=1 ksym0=0xffffffffc040230c ksym1=0x0
[53.447211 pid=1937 tid=1953] BPF_MAP_UPDATE_ELEM prog_array name=sys_enter_submi map_fd=13 map_id=126 key=314 prog_fd=63 prog_id=15 flags=0 ret=0 errno=0
[53.447541 pid=1937 tid=1953] native-loader jit-info prog_array-target fd=63 id=15 type=17 name=sys_enter_submi tag=b007db728abdf9dd jited_len=17661 xlated_len=30040 nr_jited_ksyms=1 ksym0=0xffffffffc040230c ksym1=0x0
[53.447747 pid=1937 tid=1953] BPF_MAP_UPDATE_ELEM prog_array name=sys_enter_submi map_fd=13 map_id=126 key=315 prog_fd=63 prog_id=15 flags=0 ret=0 errno=0
[53.449004 pid=1937 tid=1953] native-loader jit-info prog_array-target fd=63 id=15 type=17 name=sys_enter_submi tag=b007db728abdf9dd jited_len=17661 xlated_len=30040 nr_jited_ksyms=1 ksym0=0xffffffffc040230c ksym1=0x0
[53.449246 pid=1937 tid=1953] BPF_MAP_UPDATE_ELEM prog_array name=sys_enter_submi map_fd=13 map_id=126 key=316 prog_fd=63 prog_id=15 flags=0 ret=0 errno=0
[53.449583 pid=1937 tid=1953] native-loader jit-info prog_array-target fd=63 id=15 type=17 name=sys_enter_submi tag=b007db728abdf9dd jited_len=17661 xlated_len=30040 nr_jited_ksyms=1 ksym0=0xffffffffc040230c ksym1=0x0
[53.449790 pid=1937 tid=1953] BPF_MAP_UPDATE_ELEM prog_array name=sys_enter_submi map_fd=13 map_id=126 key=317 prog_fd=63 prog_id=15 flags=0 ret=0 errno=0
[53.450034 pid=1937 tid=1953] native-loader jit-info prog_array-target fd=63 id=15 type=17 name=sys_enter_submi tag=b007db728abdf9dd jited_len=17661 xlated_len=30040 nr_jited_ksyms=1 ksym0=0xffffffffc040230c ksym1=0x0
[53.450225 pid=1937 tid=1953] BPF_MAP_UPDATE_ELEM prog_array name=sys_enter_submi map_fd=13 map_id=126 key=318 prog_fd=63 prog_id=15 flags=0 ret=0 errno=0
[53.450429 pid=1937 tid=1953] native-loader jit-info prog_array-target fd=63 id=15 type=17 name=sys_enter_submi tag=b007db728abdf9dd jited_len=17661 xlated_len=30040 nr_jited_ksyms=1 ksym0=0xffffffffc040230c ksym1=0x0
[53.450640 pid=1937 tid=1953] BPF_MAP_UPDATE_ELEM prog_array name=sys_enter_submi map_fd=13 map_id=126 key=319 prog_fd=63 prog_id=15 flags=0 ret=0 errno=0
[53.450802 pid=1937 tid=1953] native-loader jit-info prog_array-target fd=63 id=15 type=17 name=sys_enter_submi tag=b007db728abdf9dd jited_len=17661 xlated_len=30040 nr_jited_ksyms=1 ksym0=0xffffffffc040230c ksym1=0x0
[53.450968 pid=1937 tid=1953] BPF_MAP_UPDATE_ELEM prog_array name=sys_enter_submi map_fd=13 map_id=126 key=320 prog_fd=63 prog_id=15 flags=0 ret=0 errno=0
[53.451133 pid=1937 tid=1953] native-loader jit-info prog_array-target fd=63 id=15 type=17 name=sys_enter_submi tag=b007db728abdf9dd jited_len=17661 xlated_len=30040 nr_jited_ksyms=1 ksym0=0xffffffffc040230c ksym1=0x0
[53.451299 pid=1937 tid=1953] BPF_MAP_UPDATE_ELEM prog_array name=sys_enter_submi map_fd=13 map_id=126 key=321 prog_fd=63 prog_id=15 flags=0 ret=0 errno=0
[53.451457 pid=1937 tid=1953] native-loader jit-info prog_array-target fd=63 id=15 type=17 name=sys_enter_submi tag=b007db728abdf9dd jited_len=17661 xlated_len=30040 nr_jited_ksyms=1 ksym0=0xffffffffc040230c ksym1=0x0
[53.451654 pid=1937 tid=1953] BPF_MAP_UPDATE_ELEM prog_array name=sys_enter_submi map_fd=13 map_id=126 key=322 prog_fd=63 prog_id=15 flags=0 ret=0 errno=0
[53.451812 pid=1937 tid=1953] native-loader jit-info prog_array-target fd=63 id=15 type=17 name=sys_enter_submi tag=b007db728abdf9dd jited_len=17661 xlated_len=30040 nr_jited_ksyms=1 ksym0=0xffffffffc040230c ksym1=0x0
[53.452647 pid=1937 tid=1953] BPF_MAP_UPDATE_ELEM prog_array name=sys_enter_submi map_fd=13 map_id=126 key=323 prog_fd=63 prog_id=15 flags=0 ret=0 errno=0
[53.453059 pid=1937 tid=1953] native-loader jit-info prog_array-target fd=63 id=15 type=17 name=sys_enter_submi tag=b007db728abdf9dd jited_len=17661 xlated_len=30040 nr_jited_ksyms=1 ksym0=0xffffffffc040230c ksym1=0x0
[53.453239 pid=1937 tid=1953] BPF_MAP_UPDATE_ELEM prog_array name=sys_enter_submi map_fd=13 map_id=126 key=324 prog_fd=63 prog_id=15 flags=0 ret=0 errno=0
[53.453457 pid=1937 tid=1953] native-loader jit-info prog_array-target fd=63 id=15 type=17 name=sys_enter_submi tag=b007db728abdf9dd jited_len=17661 xlated_len=30040 nr_jited_ksyms=1 ksym0=0xffffffffc040230c ksym1=0x0
[53.454062 pid=1937 tid=1953] BPF_MAP_UPDATE_ELEM prog_array name=sys_enter_submi map_fd=13 map_id=126 key=325 prog_fd=63 prog_id=15 flags=0 ret=0 errno=0
[53.454278 pid=1937 tid=1953] native-loader jit-info prog_array-target fd=63 id=15 type=17 name=sys_enter_submi tag=b007db728abdf9dd jited_len=17661 xlated_len=30040 nr_jited_ksyms=1 ksym0=0xffffffffc040230c ksym1=0x0
[53.454481 pid=1937 tid=1953] BPF_MAP_UPDATE_ELEM prog_array name=sys_enter_submi map_fd=13 map_id=126 key=326 prog_fd=63 prog_id=15 flags=0 ret=0 errno=0
[53.454701 pid=1937 tid=1953] native-loader jit-info prog_array-target fd=63 id=15 type=17 name=sys_enter_submi tag=b007db728abdf9dd jited_len=17661 xlated_len=30040 nr_jited_ksyms=1 ksym0=0xffffffffc040230c ksym1=0x0
[53.454874 pid=1937 tid=1953] BPF_MAP_UPDATE_ELEM prog_array name=sys_enter_submi map_fd=13 map_id=126 key=327 prog_fd=63 prog_id=15 flags=0 ret=0 errno=0
[53.455127 pid=1937 tid=1953] native-loader jit-info prog_array-target fd=63 id=15 type=17 name=sys_enter_submi tag=b007db728abdf9dd jited_len=17661 xlated_len=30040 nr_jited_ksyms=1 ksym0=0xffffffffc040230c ksym1=0x0
[53.455301 pid=1937 tid=1953] BPF_MAP_UPDATE_ELEM prog_array name=sys_enter_submi map_fd=13 map_id=126 key=328 prog_fd=63 prog_id=15 flags=0 ret=0 errno=0
[53.455460 pid=1937 tid=1953] native-loader jit-info prog_array-target fd=63 id=15 type=17 name=sys_enter_submi tag=b007db728abdf9dd jited_len=17661 xlated_len=30040 nr_jited_ksyms=1 ksym0=0xffffffffc040230c ksym1=0x0
[53.455870 pid=1937 tid=1953] BPF_MAP_UPDATE_ELEM prog_array name=sys_enter_submi map_fd=13 map_id=126 key=329 prog_fd=63 prog_id=15 flags=0 ret=0 errno=0
[53.456032 pid=1937 tid=1953] native-loader jit-info prog_array-target fd=63 id=15 type=17 name=sys_enter_submi tag=b007db728abdf9dd jited_len=17661 xlated_len=30040 nr_jited_ksyms=1 ksym0=0xffffffffc040230c ksym1=0x0
[53.456197 pid=1937 tid=1953] BPF_MAP_UPDATE_ELEM prog_array name=sys_enter_submi map_fd=13 map_id=126 key=330 prog_fd=63 prog_id=15 flags=0 ret=0 errno=0
[53.456353 pid=1937 tid=1953] native-loader jit-info prog_array-target fd=63 id=15 type=17 name=sys_enter_submi tag=b007db728abdf9dd jited_len=17661 xlated_len=30040 nr_jited_ksyms=1 ksym0=0xffffffffc040230c ksym1=0x0
[53.456653 pid=1937 tid=1953] BPF_MAP_UPDATE_ELEM prog_array name=sys_enter_submi map_fd=13 map_id=126 key=331 prog_fd=63 prog_id=15 flags=0 ret=0 errno=0
[53.457047 pid=1937 tid=1953] native-loader jit-info prog_array-target fd=63 id=15 type=17 name=sys_enter_submi tag=b007db728abdf9dd jited_len=17661 xlated_len=30040 nr_jited_ksyms=1 ksym0=0xffffffffc040230c ksym1=0x0
[53.457215 pid=1937 tid=1953] BPF_MAP_UPDATE_ELEM prog_array name=sys_enter_submi map_fd=13 map_id=126 key=332 prog_fd=63 prog_id=15 flags=0 ret=0 errno=0
[53.457372 pid=1937 tid=1953] native-loader jit-info prog_array-target fd=63 id=15 type=17 name=sys_enter_submi tag=b007db728abdf9dd jited_len=17661 xlated_len=30040 nr_jited_ksyms=1 ksym0=0xffffffffc040230c ksym1=0x0
[53.457838 pid=1937 tid=1953] BPF_MAP_UPDATE_ELEM prog_array name=sys_enter_submi map_fd=13 map_id=126 key=333 prog_fd=63 prog_id=15 flags=0 ret=0 errno=0
[53.457998 pid=1937 tid=1953] native-loader jit-info prog_array-target fd=63 id=15 type=17 name=sys_enter_submi tag=b007db728abdf9dd jited_len=17661 xlated_len=30040 nr_jited_ksyms=1 ksym0=0xffffffffc040230c ksym1=0x0
[53.458162 pid=1937 tid=1953] BPF_MAP_UPDATE_ELEM prog_array name=sys_enter_submi map_fd=13 map_id=126 key=334 prog_fd=63 prog_id=15 flags=0 ret=0 errno=0
[53.458502 pid=1937 tid=1953] native-loader jit-info prog_array-target fd=63 id=15 type=17 name=sys_enter_submi tag=b007db728abdf9dd jited_len=17661 xlated_len=30040 nr_jited_ksyms=1 ksym0=0xffffffffc040230c ksym1=0x0
[53.458808 pid=1937 tid=1953] BPF_MAP_UPDATE_ELEM prog_array name=sys_enter_submi map_fd=13 map_id=126 key=424 prog_fd=63 prog_id=15 flags=0 ret=0 errno=0
[53.459555 pid=1937 tid=1953] native-loader jit-info prog_array-target fd=63 id=15 type=17 name=sys_enter_submi tag=b007db728abdf9dd jited_len=17661 xlated_len=30040 nr_jited_ksyms=1 ksym0=0xffffffffc040230c ksym1=0x0
[53.459833 pid=1937 tid=1953] BPF_MAP_UPDATE_ELEM prog_array name=sys_enter_submi map_fd=13 map_id=126 key=425 prog_fd=63 prog_id=15 flags=0 ret=0 errno=0
[53.459989 pid=1937 tid=1953] native-loader jit-info prog_array-target fd=63 id=15 type=17 name=sys_enter_submi tag=b007db728abdf9dd jited_len=17661 xlated_len=30040 nr_jited_ksyms=1 ksym0=0xffffffffc040230c ksym1=0x0
[53.460158 pid=1937 tid=1953] BPF_MAP_UPDATE_ELEM prog_array name=sys_enter_submi map_fd=13 map_id=126 key=426 prog_fd=63 prog_id=15 flags=0 ret=0 errno=0
[53.460378 pid=1937 tid=1953] native-loader jit-info prog_array-target fd=63 id=15 type=17 name=sys_enter_submi tag=b007db728abdf9dd jited_len=17661 xlated_len=30040 nr_jited_ksyms=1 ksym0=0xffffffffc040230c ksym1=0x0
[53.460565 pid=1937 tid=1953] BPF_MAP_UPDATE_ELEM prog_array name=sys_enter_submi map_fd=13 map_id=126 key=427 prog_fd=63 prog_id=15 flags=0 ret=0 errno=0
[53.460732 pid=1937 tid=1953] native-loader jit-info prog_array-target fd=63 id=15 type=17 name=sys_enter_submi tag=b007db728abdf9dd jited_len=17661 xlated_len=30040 nr_jited_ksyms=1 ksym0=0xffffffffc040230c ksym1=0x0
[53.461082 pid=1937 tid=1953] BPF_MAP_UPDATE_ELEM prog_array name=sys_enter_submi map_fd=13 map_id=126 key=428 prog_fd=63 prog_id=15 flags=0 ret=0 errno=0
[53.461244 pid=1937 tid=1953] native-loader jit-info prog_array-target fd=63 id=15 type=17 name=sys_enter_submi tag=b007db728abdf9dd jited_len=17661 xlated_len=30040 nr_jited_ksyms=1 ksym0=0xffffffffc040230c ksym1=0x0
[53.461415 pid=1937 tid=1953] BPF_MAP_UPDATE_ELEM prog_array name=sys_enter_submi map_fd=13 map_id=126 key=429 prog_fd=63 prog_id=15 flags=0 ret=0 errno=0
[53.461567 pid=1937 tid=1953] native-loader jit-info prog_array-target fd=63 id=15 type=17 name=sys_enter_submi tag=b007db728abdf9dd jited_len=17661 xlated_len=30040 nr_jited_ksyms=1 ksym0=0xffffffffc040230c ksym1=0x0
[53.461722 pid=1937 tid=1953] BPF_MAP_UPDATE_ELEM prog_array name=sys_enter_submi map_fd=13 map_id=126 key=430 prog_fd=63 prog_id=15 flags=0 ret=0 errno=0
[53.461871 pid=1937 tid=1953] native-loader jit-info prog_array-target fd=63 id=15 type=17 name=sys_enter_submi tag=b007db728abdf9dd jited_len=17661 xlated_len=30040 nr_jited_ksyms=1 ksym0=0xffffffffc040230c ksym1=0x0
[53.462063 pid=1937 tid=1953] BPF_MAP_UPDATE_ELEM prog_array name=sys_enter_submi map_fd=13 map_id=126 key=431 prog_fd=63 prog_id=15 flags=0 ret=0 errno=0
[53.462219 pid=1937 tid=1953] native-loader jit-info prog_array-target fd=63 id=15 type=17 name=sys_enter_submi tag=b007db728abdf9dd jited_len=17661 xlated_len=30040 nr_jited_ksyms=1 ksym0=0xffffffffc040230c ksym1=0x0
[53.463129 pid=1937 tid=1953] BPF_MAP_UPDATE_ELEM prog_array name=sys_enter_submi map_fd=13 map_id=126 key=432 prog_fd=63 prog_id=15 flags=0 ret=0 errno=0
[53.463476 pid=1937 tid=1953] native-loader jit-info prog_array-target fd=63 id=15 type=17 name=sys_enter_submi tag=b007db728abdf9dd jited_len=17661 xlated_len=30040 nr_jited_ksyms=1 ksym0=0xffffffffc040230c ksym1=0x0
[53.463648 pid=1937 tid=1953] BPF_MAP_UPDATE_ELEM prog_array name=sys_enter_submi map_fd=13 map_id=126 key=433 prog_fd=63 prog_id=15 flags=0 ret=0 errno=0
[53.463810 pid=1937 tid=1953] native-loader jit-info prog_array-target fd=63 id=15 type=17 name=sys_enter_submi tag=b007db728abdf9dd jited_len=17661 xlated_len=30040 nr_jited_ksyms=1 ksym0=0xffffffffc040230c ksym1=0x0
[53.464564 pid=1937 tid=1953] BPF_MAP_UPDATE_ELEM prog_array name=sys_enter_submi map_fd=13 map_id=126 key=434 prog_fd=63 prog_id=15 flags=0 ret=0 errno=0
[53.464771 pid=1937 tid=1953] native-loader jit-info prog_array-target fd=63 id=15 type=17 name=sys_enter_submi tag=b007db728abdf9dd jited_len=17661 xlated_len=30040 nr_jited_ksyms=1 ksym0=0xffffffffc040230c ksym1=0x0
[53.465012 pid=1937 tid=1953] BPF_MAP_UPDATE_ELEM prog_array name=sys_enter_submi map_fd=13 map_id=126 key=435 prog_fd=63 prog_id=15 flags=0 ret=0 errno=0
[53.465171 pid=1937 tid=1953] native-loader jit-info prog_array-target fd=63 id=15 type=17 name=sys_enter_submi tag=b007db728abdf9dd jited_len=17661 xlated_len=30040 nr_jited_ksyms=1 ksym0=0xffffffffc040230c ksym1=0x0
[53.465344 pid=1937 tid=1953] BPF_MAP_UPDATE_ELEM prog_array name=sys_enter_submi map_fd=13 map_id=126 key=436 prog_fd=63 prog_id=15 flags=0 ret=0 errno=0
[53.465508 pid=1937 tid=1953] native-loader jit-info prog_array-target fd=63 id=15 type=17 name=sys_enter_submi tag=b007db728abdf9dd jited_len=17661 xlated_len=30040 nr_jited_ksyms=1 ksym0=0xffffffffc040230c ksym1=0x0
[53.465671 pid=1937 tid=1953] BPF_MAP_UPDATE_ELEM prog_array name=sys_enter_submi map_fd=13 map_id=126 key=437 prog_fd=63 prog_id=15 flags=0 ret=0 errno=0
[53.465883 pid=1937 tid=1953] native-loader jit-info prog_array-target fd=63 id=15 type=17 name=sys_enter_submi tag=b007db728abdf9dd jited_len=17661 xlated_len=30040 nr_jited_ksyms=1 ksym0=0xffffffffc040230c ksym1=0x0
[53.466093 pid=1937 tid=1953] BPF_MAP_UPDATE_ELEM prog_array name=sys_enter_submi map_fd=13 map_id=126 key=438 prog_fd=63 prog_id=15 flags=0 ret=0 errno=0
[53.466255 pid=1937 tid=1953] native-loader jit-info prog_array-target fd=63 id=15 type=17 name=sys_enter_submi tag=b007db728abdf9dd jited_len=17661 xlated_len=30040 nr_jited_ksyms=1 ksym0=0xffffffffc040230c ksym1=0x0
[53.466425 pid=1937 tid=1953] BPF_MAP_UPDATE_ELEM prog_array name=sys_enter_submi map_fd=13 map_id=126 key=439 prog_fd=63 prog_id=15 flags=0 ret=0 errno=0
[53.466577 pid=1937 tid=1953] native-loader jit-info prog_array-target fd=63 id=15 type=17 name=sys_enter_submi tag=b007db728abdf9dd jited_len=17661 xlated_len=30040 nr_jited_ksyms=1 ksym0=0xffffffffc040230c ksym1=0x0
[53.467043 pid=1937 tid=1953] BPF_MAP_UPDATE_ELEM prog_array name=sys_enter_submi map_fd=13 map_id=126 key=440 prog_fd=63 prog_id=15 flags=0 ret=0 errno=0
[53.467205 pid=1937 tid=1953] native-loader jit-info prog_array-target fd=63 id=15 type=17 name=sys_enter_submi tag=b007db728abdf9dd jited_len=17661 xlated_len=30040 nr_jited_ksyms=1 ksym0=0xffffffffc040230c ksym1=0x0
[53.467382 pid=1937 tid=1953] BPF_MAP_UPDATE_ELEM prog_array name=sys_enter_submi map_fd=13 map_id=126 key=441 prog_fd=63 prog_id=15 flags=0 ret=0 errno=0
[53.467532 pid=1937 tid=1953] native-loader jit-info prog_array-target fd=63 id=15 type=17 name=sys_enter_submi tag=b007db728abdf9dd jited_len=17661 xlated_len=30040 nr_jited_ksyms=1 ksym0=0xffffffffc040230c ksym1=0x0
[53.468030 pid=1937 tid=1953] BPF_MAP_UPDATE_ELEM prog_array name=sys_enter_submi map_fd=13 map_id=126 key=442 prog_fd=63 prog_id=15 flags=0 ret=0 errno=0
[53.468190 pid=1937 tid=1953] native-loader jit-info prog_array-target fd=63 id=15 type=17 name=sys_enter_submi tag=b007db728abdf9dd jited_len=17661 xlated_len=30040 nr_jited_ksyms=1 ksym0=0xffffffffc040230c ksym1=0x0
[53.468511 pid=1937 tid=1953] BPF_MAP_UPDATE_ELEM prog_array name=sys_enter_submi map_fd=13 map_id=126 key=443 prog_fd=63 prog_id=15 flags=0 ret=0 errno=0
[53.468853 pid=1937 tid=1953] native-loader jit-info prog_array-target fd=63 id=15 type=17 name=sys_enter_submi tag=b007db728abdf9dd jited_len=17661 xlated_len=30040 nr_jited_ksyms=1 ksym0=0xffffffffc040230c ksym1=0x0
[53.469030 pid=1937 tid=1953] BPF_MAP_UPDATE_ELEM prog_array name=sys_enter_submi map_fd=13 map_id=126 key=444 prog_fd=63 prog_id=15 flags=0 ret=0 errno=0
[53.469519 pid=1937 tid=1953] native-loader jit-info prog_array-target fd=63 id=15 type=17 name=sys_enter_submi tag=b007db728abdf9dd jited_len=17661 xlated_len=30040 nr_jited_ksyms=1 ksym0=0xffffffffc040230c ksym1=0x0
[53.470182 pid=1937 tid=1953] BPF_MAP_UPDATE_ELEM prog_array name=sys_enter_submi map_fd=13 map_id=126 key=445 prog_fd=63 prog_id=15 flags=0 ret=0 errno=0
[53.470450 pid=1937 tid=1953] native-loader jit-info prog_array-target fd=63 id=15 type=17 name=sys_enter_submi tag=b007db728abdf9dd jited_len=17661 xlated_len=30040 nr_jited_ksyms=1 ksym0=0xffffffffc040230c ksym1=0x0
[53.470676 pid=1937 tid=1953] BPF_MAP_UPDATE_ELEM prog_array name=sys_enter_submi map_fd=13 map_id=126 key=446 prog_fd=63 prog_id=15 flags=0 ret=0 errno=0
[53.470884 pid=1937 tid=1953] native-loader jit-info prog_array-target fd=63 id=15 type=17 name=sys_enter_submi tag=b007db728abdf9dd jited_len=17661 xlated_len=30040 nr_jited_ksyms=1 ksym0=0xffffffffc040230c ksym1=0x0
[53.471062 pid=1937 tid=1953] BPF_MAP_UPDATE_ELEM prog_array name=sys_enter_submi map_fd=13 map_id=126 key=447 prog_fd=63 prog_id=15 flags=0 ret=0 errno=0
[53.471265 pid=1937 tid=1953] native-loader jit-info prog_array-target fd=63 id=15 type=17 name=sys_enter_submi tag=b007db728abdf9dd jited_len=17661 xlated_len=30040 nr_jited_ksyms=1 ksym0=0xffffffffc040230c ksym1=0x0
[53.471437 pid=1937 tid=1953] BPF_MAP_UPDATE_ELEM prog_array name=sys_enter_submi map_fd=13 map_id=126 key=448 prog_fd=63 prog_id=15 flags=0 ret=0 errno=0
[53.471656 pid=1937 tid=1953] native-loader jit-info prog_array-target fd=63 id=15 type=17 name=sys_enter_submi tag=b007db728abdf9dd jited_len=17661 xlated_len=30040 nr_jited_ksyms=1 ksym0=0xffffffffc040230c ksym1=0x0
[53.471835 pid=1937 tid=1953] BPF_MAP_UPDATE_ELEM prog_array name=sys_enter_submi map_fd=13 map_id=126 key=449 prog_fd=63 prog_id=15 flags=0 ret=0 errno=0
[53.472000 pid=1937 tid=1953] native-loader jit-info prog_array-target fd=63 id=15 type=17 name=sys_enter_submi tag=b007db728abdf9dd jited_len=17661 xlated_len=30040 nr_jited_ksyms=1 ksym0=0xffffffffc040230c ksym1=0x0
[53.472175 pid=1937 tid=1953] BPF_MAP_UPDATE_ELEM prog_array name=sys_enter_submi map_fd=13 map_id=126 key=450 prog_fd=63 prog_id=15 flags=0 ret=0 errno=0
[53.472331 pid=1937 tid=1953] native-loader jit-info prog_array-target fd=63 id=15 type=17 name=sys_enter_submi tag=b007db728abdf9dd jited_len=17661 xlated_len=30040 nr_jited_ksyms=1 ksym0=0xffffffffc040230c ksym1=0x0
[53.472570 pid=1937 tid=1953] BPF_MAP_UPDATE_ELEM prog_array name=sys_enter_submi map_fd=13 map_id=126 key=451 prog_fd=63 prog_id=15 flags=0 ret=0 errno=0
[53.472734 pid=1937 tid=1953] native-loader jit-info prog_array-target fd=63 id=15 type=17 name=sys_enter_submi tag=b007db728abdf9dd jited_len=17661 xlated_len=30040 nr_jited_ksyms=1 ksym0=0xffffffffc040230c ksym1=0x0
[53.472912 pid=1937 tid=1953] BPF_MAP_UPDATE_ELEM prog_array name=sys_enter_submi map_fd=13 map_id=126 key=452 prog_fd=63 prog_id=15 flags=0 ret=0 errno=0
[53.473394 pid=1937 tid=1953] native-loader jit-info prog_array-target fd=63 id=15 type=17 name=sys_enter_submi tag=b007db728abdf9dd jited_len=17661 xlated_len=30040 nr_jited_ksyms=1 ksym0=0xffffffffc040230c ksym1=0x0
[53.473573 pid=1937 tid=1953] BPF_MAP_UPDATE_ELEM prog_array name=sys_enter_submi map_fd=13 map_id=126 key=453 prog_fd=63 prog_id=15 flags=0 ret=0 errno=0
[53.473775 pid=1937 tid=1953] native-loader jit-info prog_array-target fd=63 id=15 type=17 name=sys_enter_submi tag=b007db728abdf9dd jited_len=17661 xlated_len=30040 nr_jited_ksyms=1 ksym0=0xffffffffc040230c ksym1=0x0
[53.473971 pid=1937 tid=1953] BPF_MAP_UPDATE_ELEM prog_array name=sys_enter_submi map_fd=13 map_id=126 key=454 prog_fd=63 prog_id=15 flags=0 ret=0 errno=0
[53.474128 pid=1937 tid=1953] native-loader jit-info prog_array-target fd=63 id=15 type=17 name=sys_enter_submi tag=b007db728abdf9dd jited_len=17661 xlated_len=30040 nr_jited_ksyms=1 ksym0=0xffffffffc040230c ksym1=0x0
[53.474297 pid=1937 tid=1953] BPF_MAP_UPDATE_ELEM prog_array name=sys_enter_submi map_fd=13 map_id=126 key=455 prog_fd=63 prog_id=15 flags=0 ret=0 errno=0
[53.474455 pid=1937 tid=1953] native-loader jit-info prog_array-target fd=63 id=15 type=17 name=sys_enter_submi tag=b007db728abdf9dd jited_len=17661 xlated_len=30040 nr_jited_ksyms=1 ksym0=0xffffffffc040230c ksym1=0x0
[53.474611 pid=1937 tid=1953] BPF_MAP_UPDATE_ELEM prog_array name=sys_enter_submi map_fd=13 map_id=126 key=456 prog_fd=63 prog_id=15 flags=0 ret=0 errno=0
[53.474879 pid=1937 tid=1953] native-loader jit-info prog_array-target fd=63 id=15 type=17 name=sys_enter_submi tag=b007db728abdf9dd jited_len=17661 xlated_len=30040 nr_jited_ksyms=1 ksym0=0xffffffffc040230c ksym1=0x0
[53.475047 pid=1937 tid=1953] BPF_MAP_UPDATE_ELEM prog_array name=sys_enter_submi map_fd=13 map_id=126 key=457 prog_fd=63 prog_id=15 flags=0 ret=0 errno=0
[53.475207 pid=1937 tid=1953] native-loader jit-info prog_array-target fd=63 id=15 type=17 name=sys_enter_submi tag=b007db728abdf9dd jited_len=17661 xlated_len=30040 nr_jited_ksyms=1 ksym0=0xffffffffc040230c ksym1=0x0
[53.475462 pid=1937 tid=1953] BPF_MAP_UPDATE_ELEM prog_array name=sys_enter_submi map_fd=13 map_id=126 key=458 prog_fd=63 prog_id=15 flags=0 ret=0 errno=0
[53.475635 pid=1937 tid=1953] native-loader jit-info prog_array-target fd=63 id=15 type=17 name=sys_enter_submi tag=b007db728abdf9dd jited_len=17661 xlated_len=30040 nr_jited_ksyms=1 ksym0=0xffffffffc040230c ksym1=0x0
[53.475799 pid=1937 tid=1953] BPF_MAP_UPDATE_ELEM prog_array name=sys_enter_submi map_fd=13 map_id=126 key=459 prog_fd=63 prog_id=15 flags=0 ret=0 errno=0
[53.476004 pid=1937 tid=1953] native-loader jit-info prog_array-target fd=63 id=15 type=17 name=sys_enter_submi tag=b007db728abdf9dd jited_len=17661 xlated_len=30040 nr_jited_ksyms=1 ksym0=0xffffffffc040230c ksym1=0x0
[53.476498 pid=1937 tid=1953] BPF_MAP_UPDATE_ELEM prog_array name=sys_enter_submi map_fd=13 map_id=126 key=460 prog_fd=63 prog_id=15 flags=0 ret=0 errno=0
[53.476752 pid=1937 tid=1953] native-loader jit-info prog_array-target fd=63 id=15 type=17 name=sys_enter_submi tag=b007db728abdf9dd jited_len=17661 xlated_len=30040 nr_jited_ksyms=1 ksym0=0xffffffffc040230c ksym1=0x0
[53.476926 pid=1937 tid=1953] BPF_MAP_UPDATE_ELEM prog_array name=sys_enter_submi map_fd=13 map_id=126 key=461 prog_fd=63 prog_id=15 flags=0 ret=0 errno=0
[53.477088 pid=1937 tid=1953] native-loader jit-info prog_array-target fd=63 id=15 type=17 name=sys_enter_submi tag=b007db728abdf9dd jited_len=17661 xlated_len=30040 nr_jited_ksyms=1 ksym0=0xffffffffc040230c ksym1=0x0
[53.477453 pid=1937 tid=1953] BPF_MAP_UPDATE_ELEM prog_array name=sys_enter_submi map_fd=13 map_id=126 key=462 prog_fd=63 prog_id=15 flags=0 ret=0 errno=0
[53.477625 pid=1937 tid=1953] native-loader jit-info prog_array-target fd=63 id=15 type=17 name=sys_enter_submi tag=b007db728abdf9dd jited_len=17661 xlated_len=30040 nr_jited_ksyms=1 ksym0=0xffffffffc040230c ksym1=0x0
[53.477813 pid=1937 tid=1953] BPF_MAP_UPDATE_ELEM prog_array name=sys_enter_submi map_fd=13 map_id=126 key=463 prog_fd=63 prog_id=15 flags=0 ret=0 errno=0
[53.478075 pid=1937 tid=1953] native-loader jit-info prog_array-target fd=63 id=15 type=17 name=sys_enter_submi tag=b007db728abdf9dd jited_len=17661 xlated_len=30040 nr_jited_ksyms=1 ksym0=0xffffffffc040230c ksym1=0x0
[53.478544 pid=1937 tid=1953] BPF_MAP_UPDATE_ELEM prog_array name=sys_enter_submi map_fd=13 map_id=126 key=464 prog_fd=63 prog_id=15 flags=0 ret=0 errno=0
[53.478853 pid=1937 tid=1953] native-loader jit-info prog_array-target fd=63 id=15 type=17 name=sys_enter_submi tag=b007db728abdf9dd jited_len=17661 xlated_len=30040 nr_jited_ksyms=1 ksym0=0xffffffffc040230c ksym1=0x0
[53.479243 pid=1937 tid=1953] BPF_MAP_UPDATE_ELEM prog_array name=sys_enter_submi map_fd=13 map_id=126 key=465 prog_fd=63 prog_id=15 flags=0 ret=0 errno=0
[53.480416 pid=1937 tid=1953] native-loader jit-info prog_array-target fd=63 id=15 type=17 name=sys_enter_submi tag=b007db728abdf9dd jited_len=17661 xlated_len=30040 nr_jited_ksyms=1 ksym0=0xffffffffc040230c ksym1=0x0
[53.480670 pid=1937 tid=1953] BPF_MAP_UPDATE_ELEM prog_array name=sys_enter_submi map_fd=13 map_id=126 key=466 prog_fd=63 prog_id=15 flags=0 ret=0 errno=0
[53.480906 pid=1937 tid=1953] native-loader jit-info prog_array-target fd=63 id=15 type=17 name=sys_enter_submi tag=b007db728abdf9dd jited_len=17661 xlated_len=30040 nr_jited_ksyms=1 ksym0=0xffffffffc040230c ksym1=0x0
[53.481083 pid=1937 tid=1953] BPF_MAP_UPDATE_ELEM prog_array name=sys_enter_submi map_fd=13 map_id=126 key=467 prog_fd=63 prog_id=15 flags=0 ret=0 errno=0
[53.481253 pid=1937 tid=1953] native-loader jit-info prog_array-target fd=63 id=15 type=17 name=sys_enter_submi tag=b007db728abdf9dd jited_len=17661 xlated_len=30040 nr_jited_ksyms=1 ksym0=0xffffffffc040230c ksym1=0x0
[53.481443 pid=1937 tid=1953] BPF_MAP_UPDATE_ELEM prog_array name=sys_enter_submi map_fd=13 map_id=126 key=468 prog_fd=63 prog_id=15 flags=0 ret=0 errno=0
[53.481627 pid=1937 tid=1953] native-loader jit-info prog_array-target fd=63 id=15 type=17 name=sys_enter_submi tag=b007db728abdf9dd jited_len=17661 xlated_len=30040 nr_jited_ksyms=1 ksym0=0xffffffffc040230c ksym1=0x0
[53.481831 pid=1937 tid=1953] BPF_MAP_UPDATE_ELEM prog_array name=sys_enter_submi map_fd=13 map_id=126 key=469 prog_fd=63 prog_id=15 flags=0 ret=0 errno=0
[53.482036 pid=1937 tid=1953] native-loader jit-info prog_array-target fd=63 id=15 type=17 name=sys_enter_submi tag=b007db728abdf9dd jited_len=17661 xlated_len=30040 nr_jited_ksyms=1 ksym0=0xffffffffc040230c ksym1=0x0
[53.482210 pid=1937 tid=1953] BPF_MAP_UPDATE_ELEM prog_array name=sys_enter_submi map_fd=13 map_id=126 key=470 prog_fd=63 prog_id=15 flags=0 ret=0 errno=0
[53.482448 pid=1937 tid=1953] native-loader jit-info prog_array-target fd=63 id=15 type=17 name=sys_enter_submi tag=b007db728abdf9dd jited_len=17661 xlated_len=30040 nr_jited_ksyms=1 ksym0=0xffffffffc040230c ksym1=0x0
[53.482619 pid=1937 tid=1953] BPF_MAP_UPDATE_ELEM prog_array name=sys_enter_submi map_fd=13 map_id=126 key=471 prog_fd=63 prog_id=15 flags=0 ret=0 errno=0
[53.482777 pid=1937 tid=1953] native-loader jit-info prog_array-target fd=63 id=15 type=17 name=sys_enter_submi tag=b007db728abdf9dd jited_len=17661 xlated_len=30040 nr_jited_ksyms=1 ksym0=0xffffffffc040230c ksym1=0x0
[53.482958 pid=1937 tid=1953] BPF_MAP_UPDATE_ELEM prog_array name=sys_enter_submi map_fd=13 map_id=126 key=472 prog_fd=63 prog_id=15 flags=0 ret=0 errno=0
[53.483242 pid=1937 tid=1953] native-loader jit-info prog_array-target fd=63 id=15 type=17 name=sys_enter_submi tag=b007db728abdf9dd jited_len=17661 xlated_len=30040 nr_jited_ksyms=1 ksym0=0xffffffffc040230c ksym1=0x0
[53.483416 pid=1937 tid=1953] BPF_MAP_UPDATE_ELEM prog_array name=sys_enter_submi map_fd=13 map_id=126 key=473 prog_fd=63 prog_id=15 flags=0 ret=0 errno=0
[53.483576 pid=1937 tid=1953] native-loader jit-info prog_array-target fd=63 id=15 type=17 name=sys_enter_submi tag=b007db728abdf9dd jited_len=17661 xlated_len=30040 nr_jited_ksyms=1 ksym0=0xffffffffc040230c ksym1=0x0
[53.483761 pid=1937 tid=1953] BPF_MAP_UPDATE_ELEM prog_array name=sys_enter_submi map_fd=13 map_id=126 key=474 prog_fd=63 prog_id=15 flags=0 ret=0 errno=0
[53.483924 pid=1937 tid=1953] native-loader jit-info prog_array-target fd=63 id=15 type=17 name=sys_enter_submi tag=b007db728abdf9dd jited_len=17661 xlated_len=30040 nr_jited_ksyms=1 ksym0=0xffffffffc040230c ksym1=0x0
[53.484083 pid=1937 tid=1953] BPF_MAP_UPDATE_ELEM prog_array name=sys_enter_submi map_fd=13 map_id=126 key=475 prog_fd=63 prog_id=15 flags=0 ret=0 errno=0
[53.484240 pid=1937 tid=1953] native-loader jit-info prog_array-target fd=63 id=15 type=17 name=sys_enter_submi tag=b007db728abdf9dd jited_len=17661 xlated_len=30040 nr_jited_ksyms=1 ksym0=0xffffffffc040230c ksym1=0x0
[53.484399 pid=1937 tid=1953] BPF_MAP_UPDATE_ELEM prog_array name=sys_enter_submi map_fd=13 map_id=126 key=476 prog_fd=63 prog_id=15 flags=0 ret=0 errno=0
[53.484567 pid=1937 tid=1953] native-loader jit-info prog_array-target fd=63 id=15 type=17 name=sys_enter_submi tag=b007db728abdf9dd jited_len=17661 xlated_len=30040 nr_jited_ksyms=1 ksym0=0xffffffffc040230c ksym1=0x0
[53.484724 pid=1937 tid=1953] BPF_MAP_UPDATE_ELEM prog_array name=sys_enter_submi map_fd=13 map_id=126 key=477 prog_fd=63 prog_id=15 flags=0 ret=0 errno=0
[53.484882 pid=1937 tid=1953] native-loader jit-info prog_array-target fd=63 id=15 type=17 name=sys_enter_submi tag=b007db728abdf9dd jited_len=17661 xlated_len=30040 nr_jited_ksyms=1 ksym0=0xffffffffc040230c ksym1=0x0
[53.485111 pid=1937 tid=1953] BPF_MAP_UPDATE_ELEM prog_array name=sys_enter_submi map_fd=13 map_id=126 key=478 prog_fd=63 prog_id=15 flags=0 ret=0 errno=0
[53.485279 pid=1937 tid=1953] native-loader jit-info prog_array-target fd=63 id=15 type=17 name=sys_enter_submi tag=b007db728abdf9dd jited_len=17661 xlated_len=30040 nr_jited_ksyms=1 ksym0=0xffffffffc040230c ksym1=0x0
[53.485442 pid=1937 tid=1953] BPF_MAP_UPDATE_ELEM prog_array name=sys_enter_submi map_fd=13 map_id=126 key=479 prog_fd=63 prog_id=15 flags=0 ret=0 errno=0
[53.485595 pid=1937 tid=1953] native-loader jit-info prog_array-target fd=63 id=15 type=17 name=sys_enter_submi tag=b007db728abdf9dd jited_len=17661 xlated_len=30040 nr_jited_ksyms=1 ksym0=0xffffffffc040230c ksym1=0x0
[53.485975 pid=1937 tid=1953] BPF_MAP_UPDATE_ELEM prog_array name=sys_enter_submi map_fd=13 map_id=126 key=480 prog_fd=63 prog_id=15 flags=0 ret=0 errno=0
[53.486325 pid=1937 tid=1953] native-loader jit-info prog_array-target fd=63 id=15 type=17 name=sys_enter_submi tag=b007db728abdf9dd jited_len=17661 xlated_len=30040 nr_jited_ksyms=1 ksym0=0xffffffffc040230c ksym1=0x0
[53.486492 pid=1937 tid=1953] BPF_MAP_UPDATE_ELEM prog_array name=sys_enter_submi map_fd=13 map_id=126 key=481 prog_fd=63 prog_id=15 flags=0 ret=0 errno=0
[53.486722 pid=1937 tid=1953] native-loader jit-info prog_array-target fd=63 id=15 type=17 name=sys_enter_submi tag=b007db728abdf9dd jited_len=17661 xlated_len=30040 nr_jited_ksyms=1 ksym0=0xffffffffc040230c ksym1=0x0
[53.486957 pid=1937 tid=1953] BPF_MAP_UPDATE_ELEM prog_array name=sys_enter_submi map_fd=13 map_id=126 key=482 prog_fd=63 prog_id=15 flags=0 ret=0 errno=0
[53.487116 pid=1937 tid=1953] native-loader jit-info prog_array-target fd=63 id=15 type=17 name=sys_enter_submi tag=b007db728abdf9dd jited_len=17661 xlated_len=30040 nr_jited_ksyms=1 ksym0=0xffffffffc040230c ksym1=0x0
[53.487335 pid=1937 tid=1953] BPF_MAP_UPDATE_ELEM prog_array name=sys_enter_submi map_fd=13 map_id=126 key=483 prog_fd=63 prog_id=15 flags=0 ret=0 errno=0
[53.487517 pid=1937 tid=1953] native-loader jit-info prog_array-target fd=63 id=15 type=17 name=sys_enter_submi tag=b007db728abdf9dd jited_len=17661 xlated_len=30040 nr_jited_ksyms=1 ksym0=0xffffffffc040230c ksym1=0x0
[53.487829 pid=1937 tid=1953] BPF_MAP_UPDATE_ELEM prog_array name=sys_enter_submi map_fd=13 map_id=126 key=484 prog_fd=63 prog_id=15 flags=0 ret=0 errno=0
[53.488462 pid=1937 tid=1953] native-loader jit-info prog_array-target fd=63 id=15 type=17 name=sys_enter_submi tag=b007db728abdf9dd jited_len=17661 xlated_len=30040 nr_jited_ksyms=1 ksym0=0xffffffffc040230c ksym1=0x0
[53.488666 pid=1937 tid=1953] BPF_MAP_UPDATE_ELEM prog_array name=sys_enter_submi map_fd=13 map_id=126 key=485 prog_fd=63 prog_id=15 flags=0 ret=0 errno=0
[53.488829 pid=1937 tid=1953] native-loader jit-info prog_array-target fd=63 id=15 type=17 name=sys_enter_submi tag=b007db728abdf9dd jited_len=17661 xlated_len=30040 nr_jited_ksyms=1 ksym0=0xffffffffc040230c ksym1=0x0
[53.489504 pid=1937 tid=1953] BPF_MAP_UPDATE_ELEM prog_array name=sys_enter_submi map_fd=13 map_id=126 key=486 prog_fd=63 prog_id=15 flags=0 ret=0 errno=0
[53.489702 pid=1937 tid=1953] native-loader jit-info prog_array-target fd=63 id=15 type=17 name=sys_enter_submi tag=b007db728abdf9dd jited_len=17661 xlated_len=30040 nr_jited_ksyms=1 ksym0=0xffffffffc040230c ksym1=0x0
[53.490542 pid=1937 tid=1953] BPF_MAP_UPDATE_ELEM prog_array name=sys_enter_submi map_fd=13 map_id=126 key=487 prog_fd=63 prog_id=15 flags=0 ret=0 errno=0
[53.490709 pid=1937 tid=1953] native-loader jit-info prog_array-target fd=63 id=15 type=17 name=sys_enter_submi tag=b007db728abdf9dd jited_len=17661 xlated_len=30040 nr_jited_ksyms=1 ksym0=0xffffffffc040230c ksym1=0x0
[53.491289 pid=1937 tid=1953] BPF_MAP_UPDATE_ELEM prog_array name=sys_enter_submi map_fd=13 map_id=126 key=488 prog_fd=63 prog_id=15 flags=0 ret=0 errno=0
[53.491452 pid=1937 tid=1953] native-loader jit-info prog_array-target fd=63 id=15 type=17 name=sys_enter_submi tag=b007db728abdf9dd jited_len=17661 xlated_len=30040 nr_jited_ksyms=1 ksym0=0xffffffffc040230c ksym1=0x0
[53.491622 pid=1937 tid=1953] BPF_MAP_UPDATE_ELEM prog_array name=sys_enter_submi map_fd=13 map_id=126 key=489 prog_fd=63 prog_id=15 flags=0 ret=0 errno=0
[53.491784 pid=1937 tid=1953] native-loader jit-info prog_array-target fd=63 id=15 type=17 name=sys_enter_submi tag=b007db728abdf9dd jited_len=17661 xlated_len=30040 nr_jited_ksyms=1 ksym0=0xffffffffc040230c ksym1=0x0
[53.491946 pid=1937 tid=1953] BPF_MAP_UPDATE_ELEM prog_array name=sys_enter_submi map_fd=13 map_id=126 key=490 prog_fd=63 prog_id=15 flags=0 ret=0 errno=0
[53.492105 pid=1937 tid=1953] native-loader jit-info prog_array-target fd=63 id=15 type=17 name=sys_enter_submi tag=b007db728abdf9dd jited_len=17661 xlated_len=30040 nr_jited_ksyms=1 ksym0=0xffffffffc040230c ksym1=0x0
[53.492270 pid=1937 tid=1953] BPF_MAP_UPDATE_ELEM prog_array name=sys_enter_submi map_fd=13 map_id=126 key=491 prog_fd=63 prog_id=15 flags=0 ret=0 errno=0
[53.492420 pid=1937 tid=1953] native-loader jit-info prog_array-target fd=63 id=15 type=17 name=sys_enter_submi tag=b007db728abdf9dd jited_len=17661 xlated_len=30040 nr_jited_ksyms=1 ksym0=0xffffffffc040230c ksym1=0x0
[53.493248 pid=1937 tid=1953] BPF_MAP_UPDATE_ELEM prog_array name=sys_enter_submi map_fd=13 map_id=126 key=492 prog_fd=63 prog_id=15 flags=0 ret=0 errno=0
[53.493951 pid=1937 tid=1953] native-loader jit-info prog_array-target fd=63 id=15 type=17 name=sys_enter_submi tag=b007db728abdf9dd jited_len=17661 xlated_len=30040 nr_jited_ksyms=1 ksym0=0xffffffffc040230c ksym1=0x0
[53.494128 pid=1937 tid=1953] BPF_MAP_UPDATE_ELEM prog_array name=sys_enter_submi map_fd=13 map_id=126 key=493 prog_fd=63 prog_id=15 flags=0 ret=0 errno=0
[53.494303 pid=1937 tid=1953] native-loader jit-info prog_array-target fd=63 id=15 type=17 name=sys_enter_submi tag=b007db728abdf9dd jited_len=17661 xlated_len=30040 nr_jited_ksyms=1 ksym0=0xffffffffc040230c ksym1=0x0
[53.495203 pid=1937 tid=1953] BPF_MAP_UPDATE_ELEM prog_array name=sys_enter_submi map_fd=13 map_id=126 key=494 prog_fd=63 prog_id=15 flags=0 ret=0 errno=0
[53.495366 pid=1937 tid=1953] native-loader jit-info prog_array-target fd=63 id=15 type=17 name=sys_enter_submi tag=b007db728abdf9dd jited_len=17661 xlated_len=30040 nr_jited_ksyms=1 ksym0=0xffffffffc040230c ksym1=0x0
[53.495543 pid=1937 tid=1953] BPF_MAP_UPDATE_ELEM prog_array name=sys_enter_submi map_fd=13 map_id=126 key=495 prog_fd=63 prog_id=15 flags=0 ret=0 errno=0
[53.495703 pid=1937 tid=1953] native-loader jit-info prog_array-target fd=63 id=15 type=17 name=sys_enter_submi tag=b007db728abdf9dd jited_len=17661 xlated_len=30040 nr_jited_ksyms=1 ksym0=0xffffffffc040230c ksym1=0x0
[53.495907 pid=1937 tid=1953] BPF_MAP_UPDATE_ELEM prog_array name=sys_enter_submi map_fd=13 map_id=126 key=496 prog_fd=63 prog_id=15 flags=0 ret=0 errno=0
[53.496168 pid=1937 tid=1953] native-loader jit-info prog_array-target fd=63 id=15 type=17 name=sys_enter_submi tag=b007db728abdf9dd jited_len=17661 xlated_len=30040 nr_jited_ksyms=1 ksym0=0xffffffffc040230c ksym1=0x0
[53.496346 pid=1937 tid=1953] BPF_MAP_UPDATE_ELEM prog_array name=sys_enter_submi map_fd=13 map_id=126 key=497 prog_fd=63 prog_id=15 flags=0 ret=0 errno=0
[53.496509 pid=1937 tid=1953] native-loader jit-info prog_array-target fd=63 id=15 type=17 name=sys_enter_submi tag=b007db728abdf9dd jited_len=17661 xlated_len=30040 nr_jited_ksyms=1 ksym0=0xffffffffc040230c ksym1=0x0
[53.496863 pid=1937 tid=1953] BPF_MAP_UPDATE_ELEM prog_array name=sys_enter_submi map_fd=13 map_id=126 key=498 prog_fd=63 prog_id=15 flags=0 ret=0 errno=0
[53.497054 pid=1937 tid=1953] native-loader jit-info prog_array-target fd=63 id=15 type=17 name=sys_enter_submi tag=b007db728abdf9dd jited_len=17661 xlated_len=30040 nr_jited_ksyms=1 ksym0=0xffffffffc040230c ksym1=0x0
[53.497218 pid=1937 tid=1953] BPF_MAP_UPDATE_ELEM prog_array name=sys_enter_submi map_fd=13 map_id=126 key=499 prog_fd=63 prog_id=15 flags=0 ret=0 errno=0
[53.497380 pid=1937 tid=1953] native-loader jit-info prog_array-target fd=63 id=15 type=17 name=sys_enter_submi tag=b007db728abdf9dd jited_len=17661 xlated_len=30040 nr_jited_ksyms=1 ksym0=0xffffffffc040230c ksym1=0x0
[53.497559 pid=1937 tid=1953] BPF_MAP_UPDATE_ELEM prog_array name=sys_enter_submi map_fd=13 map_id=126 key=500 prog_fd=63 prog_id=15 flags=0 ret=0 errno=0
[53.497748 pid=1937 tid=1953] native-loader jit-info prog_array-target fd=63 id=15 type=17 name=sys_enter_submi tag=b007db728abdf9dd jited_len=17661 xlated_len=30040 nr_jited_ksyms=1 ksym0=0xffffffffc040230c ksym1=0x0
[53.497911 pid=1937 tid=1953] BPF_MAP_UPDATE_ELEM prog_array name=sys_enter_submi map_fd=13 map_id=126 key=501 prog_fd=63 prog_id=15 flags=0 ret=0 errno=0
[53.498064 pid=1937 tid=1953] native-loader jit-info prog_array-target fd=63 id=15 type=17 name=sys_enter_submi tag=b007db728abdf9dd jited_len=17661 xlated_len=30040 nr_jited_ksyms=1 ksym0=0xffffffffc040230c ksym1=0x0
[53.498472 pid=1937 tid=1953] BPF_MAP_UPDATE_ELEM prog_array name=sys_enter_submi map_fd=13 map_id=126 key=502 prog_fd=63 prog_id=15 flags=0 ret=0 errno=0
[53.498655 pid=1937 tid=1953] native-loader jit-info prog_array-target fd=63 id=15 type=17 name=sys_enter_submi tag=b007db728abdf9dd jited_len=17661 xlated_len=30040 nr_jited_ksyms=1 ksym0=0xffffffffc040230c ksym1=0x0
[53.498822 pid=1937 tid=1953] BPF_MAP_UPDATE_ELEM prog_array name=sys_enter_submi map_fd=13 map_id=126 key=503 prog_fd=63 prog_id=15 flags=0 ret=0 errno=0
[53.499035 pid=1937 tid=1953] native-loader jit-info prog_array-target fd=63 id=15 type=17 name=sys_enter_submi tag=b007db728abdf9dd jited_len=17661 xlated_len=30040 nr_jited_ksyms=1 ksym0=0xffffffffc040230c ksym1=0x0
[53.499553 pid=1937 tid=1953] BPF_MAP_UPDATE_ELEM prog_array name=sys_enter_submi map_fd=13 map_id=126 key=504 prog_fd=63 prog_id=15 flags=0 ret=0 errno=0
[53.500336 pid=1937 tid=1953] native-loader jit-info prog_array-target fd=63 id=15 type=17 name=sys_enter_submi tag=b007db728abdf9dd jited_len=17661 xlated_len=30040 nr_jited_ksyms=1 ksym0=0xffffffffc040230c ksym1=0x0
[53.500614 pid=1937 tid=1953] BPF_MAP_UPDATE_ELEM prog_array name=sys_enter_submi map_fd=13 map_id=126 key=505 prog_fd=63 prog_id=15 flags=0 ret=0 errno=0
[53.500780 pid=1937 tid=1953] native-loader jit-info prog_array-target fd=63 id=15 type=17 name=sys_enter_submi tag=b007db728abdf9dd jited_len=17661 xlated_len=30040 nr_jited_ksyms=1 ksym0=0xffffffffc040230c ksym1=0x0
[53.501203 pid=1937 tid=1953] BPF_MAP_UPDATE_ELEM prog_array name=sys_enter_submi map_fd=13 map_id=126 key=506 prog_fd=63 prog_id=15 flags=0 ret=0 errno=0
[53.501410 pid=1937 tid=1953] native-loader jit-info prog_array-target fd=63 id=15 type=17 name=sys_enter_submi tag=b007db728abdf9dd jited_len=17661 xlated_len=30040 nr_jited_ksyms=1 ksym0=0xffffffffc040230c ksym1=0x0
[53.501616 pid=1937 tid=1953] BPF_MAP_UPDATE_ELEM prog_array name=sys_enter_submi map_fd=13 map_id=126 key=507 prog_fd=63 prog_id=15 flags=0 ret=0 errno=0
[53.501817 pid=1937 tid=1953] native-loader jit-info prog_array-target fd=63 id=15 type=17 name=sys_enter_submi tag=b007db728abdf9dd jited_len=17661 xlated_len=30040 nr_jited_ksyms=1 ksym0=0xffffffffc040230c ksym1=0x0
[53.502179 pid=1937 tid=1953] BPF_MAP_UPDATE_ELEM prog_array name=sys_enter_submi map_fd=13 map_id=126 key=508 prog_fd=63 prog_id=15 flags=0 ret=0 errno=0
[53.502357 pid=1937 tid=1953] native-loader jit-info prog_array-target fd=63 id=15 type=17 name=sys_enter_submi tag=b007db728abdf9dd jited_len=17661 xlated_len=30040 nr_jited_ksyms=1 ksym0=0xffffffffc040230c ksym1=0x0
[53.502536 pid=1937 tid=1953] BPF_MAP_UPDATE_ELEM prog_array name=sys_enter_submi map_fd=13 map_id=126 key=509 prog_fd=63 prog_id=15 flags=0 ret=0 errno=0
[53.502704 pid=1937 tid=1953] native-loader jit-info prog_array-target fd=63 id=15 type=17 name=sys_enter_submi tag=b007db728abdf9dd jited_len=17661 xlated_len=30040 nr_jited_ksyms=1 ksym0=0xffffffffc040230c ksym1=0x0
[53.503099 pid=1937 tid=1953] BPF_MAP_UPDATE_ELEM prog_array name=sys_enter_submi map_fd=13 map_id=126 key=510 prog_fd=63 prog_id=15 flags=0 ret=0 errno=0
[53.503271 pid=1937 tid=1953] native-loader jit-info prog_array-target fd=63 id=15 type=17 name=sys_enter_submi tag=b007db728abdf9dd jited_len=17661 xlated_len=30040 nr_jited_ksyms=1 ksym0=0xffffffffc040230c ksym1=0x0
[53.503436 pid=1937 tid=1953] BPF_MAP_UPDATE_ELEM prog_array name=sys_enter_submi map_fd=13 map_id=126 key=511 prog_fd=63 prog_id=15 flags=0 ret=0 errno=0
[53.503587 pid=1937 tid=1953] native-loader jit-info prog_array-target fd=63 id=15 type=17 name=sys_enter_submi tag=b007db728abdf9dd jited_len=17661 xlated_len=30040 nr_jited_ksyms=1 ksym0=0xffffffffc040230c ksym1=0x0
[53.504146 pid=1937 tid=1953] BPF_MAP_UPDATE_ELEM prog_array name=sys_enter_submi map_fd=13 map_id=126 key=512 prog_fd=63 prog_id=15 flags=0 ret=0 errno=0
[53.504453 pid=1937 tid=1953] native-loader jit-info prog_array-target fd=63 id=15 type=17 name=sys_enter_submi tag=b007db728abdf9dd jited_len=17661 xlated_len=30040 nr_jited_ksyms=1 ksym0=0xffffffffc040230c ksym1=0x0
[53.504628 pid=1937 tid=1953] BPF_MAP_UPDATE_ELEM prog_array name=sys_enter_submi map_fd=13 map_id=126 key=513 prog_fd=63 prog_id=15 flags=0 ret=0 errno=0
[53.504787 pid=1937 tid=1953] native-loader jit-info prog_array-target fd=63 id=15 type=17 name=sys_enter_submi tag=b007db728abdf9dd jited_len=17661 xlated_len=30040 nr_jited_ksyms=1 ksym0=0xffffffffc040230c ksym1=0x0
[53.505868 pid=1937 tid=1953] BPF_MAP_UPDATE_ELEM prog_array name=sys_enter_submi map_fd=13 map_id=126 key=514 prog_fd=63 prog_id=15 flags=0 ret=0 errno=0
[53.506103 pid=1937 tid=1953] native-loader jit-info prog_array-target fd=63 id=15 type=17 name=sys_enter_submi tag=b007db728abdf9dd jited_len=17661 xlated_len=30040 nr_jited_ksyms=1 ksym0=0xffffffffc040230c ksym1=0x0
[53.506276 pid=1937 tid=1953] BPF_MAP_UPDATE_ELEM prog_array name=sys_enter_submi map_fd=13 map_id=126 key=515 prog_fd=63 prog_id=15 flags=0 ret=0 errno=0
[53.506625 pid=1937 tid=1953] native-loader jit-info prog_array-target fd=63 id=15 type=17 name=sys_enter_submi tag=b007db728abdf9dd jited_len=17661 xlated_len=30040 nr_jited_ksyms=1 ksym0=0xffffffffc040230c ksym1=0x0
[53.507013 pid=1937 tid=1953] BPF_MAP_UPDATE_ELEM prog_array name=sys_enter_submi map_fd=13 map_id=126 key=516 prog_fd=63 prog_id=15 flags=0 ret=0 errno=0
[53.507286 pid=1937 tid=1953] native-loader jit-info prog_array-target fd=63 id=15 type=17 name=sys_enter_submi tag=b007db728abdf9dd jited_len=17661 xlated_len=30040 nr_jited_ksyms=1 ksym0=0xffffffffc040230c ksym1=0x0
[53.507451 pid=1937 tid=1953] BPF_MAP_UPDATE_ELEM prog_array name=sys_enter_submi map_fd=13 map_id=126 key=517 prog_fd=63 prog_id=15 flags=0 ret=0 errno=0
[53.507605 pid=1937 tid=1953] native-loader jit-info prog_array-target fd=63 id=15 type=17 name=sys_enter_submi tag=b007db728abdf9dd jited_len=17661 xlated_len=30040 nr_jited_ksyms=1 ksym0=0xffffffffc040230c ksym1=0x0
[53.507937 pid=1937 tid=1953] BPF_MAP_UPDATE_ELEM prog_array name=sys_enter_submi map_fd=13 map_id=126 key=518 prog_fd=63 prog_id=15 flags=0 ret=0 errno=0
[53.508089 pid=1937 tid=1953] native-loader jit-info prog_array-target fd=63 id=15 type=17 name=sys_enter_submi tag=b007db728abdf9dd jited_len=17661 xlated_len=30040 nr_jited_ksyms=1 ksym0=0xffffffffc040230c ksym1=0x0
[53.508249 pid=1937 tid=1953] BPF_MAP_UPDATE_ELEM prog_array name=sys_enter_submi map_fd=13 map_id=126 key=519 prog_fd=63 prog_id=15 flags=0 ret=0 errno=0
[53.508396 pid=1937 tid=1953] native-loader jit-info prog_array-target fd=63 id=15 type=17 name=sys_enter_submi tag=b007db728abdf9dd jited_len=17661 xlated_len=30040 nr_jited_ksyms=1 ksym0=0xffffffffc040230c ksym1=0x0
[53.508549 pid=1937 tid=1953] BPF_MAP_UPDATE_ELEM prog_array name=sys_enter_submi map_fd=13 map_id=126 key=520 prog_fd=63 prog_id=15 flags=0 ret=0 errno=0
[53.508798 pid=1937 tid=1953] native-loader jit-info prog_array-target fd=63 id=15 type=17 name=sys_enter_submi tag=b007db728abdf9dd jited_len=17661 xlated_len=30040 nr_jited_ksyms=1 ksym0=0xffffffffc040230c ksym1=0x0
[53.508955 pid=1937 tid=1953] BPF_MAP_UPDATE_ELEM prog_array name=sys_enter_submi map_fd=13 map_id=126 key=521 prog_fd=63 prog_id=15 flags=0 ret=0 errno=0
[53.509096 pid=1937 tid=1953] native-loader jit-info prog_array-target fd=63 id=15 type=17 name=sys_enter_submi tag=b007db728abdf9dd jited_len=17661 xlated_len=30040 nr_jited_ksyms=1 ksym0=0xffffffffc040230c ksym1=0x0
[53.510060 pid=1937 tid=1953] BPF_MAP_UPDATE_ELEM prog_array name=sys_enter_submi map_fd=13 map_id=126 key=522 prog_fd=63 prog_id=15 flags=0 ret=0 errno=0
[53.510241 pid=1937 tid=1953] native-loader jit-info prog_array-target fd=63 id=15 type=17 name=sys_enter_submi tag=b007db728abdf9dd jited_len=17661 xlated_len=30040 nr_jited_ksyms=1 ksym0=0xffffffffc040230c ksym1=0x0
[53.511284 pid=1937 tid=1953] BPF_MAP_UPDATE_ELEM prog_array name=sys_enter_submi map_fd=13 map_id=126 key=523 prog_fd=63 prog_id=15 flags=0 ret=0 errno=0
[53.512138 pid=1937 tid=1953] native-loader jit-info prog_array-target fd=63 id=15 type=17 name=sys_enter_submi tag=b007db728abdf9dd jited_len=17661 xlated_len=30040 nr_jited_ksyms=1 ksym0=0xffffffffc040230c ksym1=0x0
[53.512617 pid=1937 tid=1953] BPF_MAP_UPDATE_ELEM prog_array name=sys_enter_submi map_fd=13 map_id=126 key=524 prog_fd=63 prog_id=15 flags=0 ret=0 errno=0
[53.513279 pid=1937 tid=1953] native-loader jit-info prog_array-target fd=63 id=15 type=17 name=sys_enter_submi tag=b007db728abdf9dd jited_len=17661 xlated_len=30040 nr_jited_ksyms=1 ksym0=0xffffffffc040230c ksym1=0x0
[53.514141 pid=1937 tid=1953] BPF_MAP_UPDATE_ELEM prog_array name=sys_enter_submi map_fd=13 map_id=126 key=525 prog_fd=63 prog_id=15 flags=0 ret=0 errno=0
[53.514718 pid=1937 tid=1953] native-loader jit-info prog_array-target fd=63 id=15 type=17 name=sys_enter_submi tag=b007db728abdf9dd jited_len=17661 xlated_len=30040 nr_jited_ksyms=1 ksym0=0xffffffffc040230c ksym1=0x0
[53.515496 pid=1937 tid=1953] BPF_MAP_UPDATE_ELEM prog_array name=sys_enter_submi map_fd=13 map_id=126 key=526 prog_fd=63 prog_id=15 flags=0 ret=0 errno=0
[53.515838 pid=1937 tid=1953] native-loader jit-info prog_array-target fd=63 id=15 type=17 name=sys_enter_submi tag=b007db728abdf9dd jited_len=17661 xlated_len=30040 nr_jited_ksyms=1 ksym0=0xffffffffc040230c ksym1=0x0
[53.516565 pid=1937 tid=1953] BPF_MAP_UPDATE_ELEM prog_array name=sys_enter_submi map_fd=13 map_id=126 key=527 prog_fd=63 prog_id=15 flags=0 ret=0 errno=0
[53.516990 pid=1937 tid=1953] native-loader jit-info prog_array-target fd=63 id=15 type=17 name=sys_enter_submi tag=b007db728abdf9dd jited_len=17661 xlated_len=30040 nr_jited_ksyms=1 ksym0=0xffffffffc040230c ksym1=0x0
[53.517650 pid=1937 tid=1953] BPF_MAP_UPDATE_ELEM prog_array name=sys_enter_submi map_fd=13 map_id=126 key=528 prog_fd=63 prog_id=15 flags=0 ret=0 errno=0
[53.517830 pid=1937 tid=1953] native-loader jit-info prog_array-target fd=63 id=15 type=17 name=sys_enter_submi tag=b007db728abdf9dd jited_len=17661 xlated_len=30040 nr_jited_ksyms=1 ksym0=0xffffffffc040230c ksym1=0x0
[53.518006 pid=1937 tid=1953] BPF_MAP_UPDATE_ELEM prog_array name=sys_enter_submi map_fd=13 map_id=126 key=529 prog_fd=63 prog_id=15 flags=0 ret=0 errno=0
[53.518164 pid=1937 tid=1953] native-loader jit-info prog_array-target fd=63 id=15 type=17 name=sys_enter_submi tag=b007db728abdf9dd jited_len=17661 xlated_len=30040 nr_jited_ksyms=1 ksym0=0xffffffffc040230c ksym1=0x0
[53.518327 pid=1937 tid=1953] BPF_MAP_UPDATE_ELEM prog_array name=sys_enter_submi map_fd=13 map_id=126 key=530 prog_fd=63 prog_id=15 flags=0 ret=0 errno=0
[53.518476 pid=1937 tid=1953] native-loader jit-info prog_array-target fd=63 id=15 type=17 name=sys_enter_submi tag=b007db728abdf9dd jited_len=17661 xlated_len=30040 nr_jited_ksyms=1 ksym0=0xffffffffc040230c ksym1=0x0
[53.518636 pid=1937 tid=1953] BPF_MAP_UPDATE_ELEM prog_array name=sys_enter_submi map_fd=13 map_id=126 key=531 prog_fd=63 prog_id=15 flags=0 ret=0 errno=0
[53.518783 pid=1937 tid=1953] native-loader jit-info prog_array-target fd=63 id=15 type=17 name=sys_enter_submi tag=b007db728abdf9dd jited_len=17661 xlated_len=30040 nr_jited_ksyms=1 ksym0=0xffffffffc040230c ksym1=0x0
[53.519118 pid=1937 tid=1953] BPF_MAP_UPDATE_ELEM prog_array name=sys_enter_submi map_fd=13 map_id=126 key=532 prog_fd=63 prog_id=15 flags=0 ret=0 errno=0
[53.519388 pid=1937 tid=1953] native-loader jit-info prog_array-target fd=63 id=15 type=17 name=sys_enter_submi tag=b007db728abdf9dd jited_len=17661 xlated_len=30040 nr_jited_ksyms=1 ksym0=0xffffffffc040230c ksym1=0x0
[53.519578 pid=1937 tid=1953] BPF_MAP_UPDATE_ELEM prog_array name=sys_enter_submi map_fd=13 map_id=126 key=533 prog_fd=63 prog_id=15 flags=0 ret=0 errno=0
[53.519745 pid=1937 tid=1953] native-loader jit-info prog_array-target fd=63 id=15 type=17 name=sys_enter_submi tag=b007db728abdf9dd jited_len=17661 xlated_len=30040 nr_jited_ksyms=1 ksym0=0xffffffffc040230c ksym1=0x0
[53.520072 pid=1937 tid=1953] BPF_MAP_UPDATE_ELEM prog_array name=sys_enter_submi map_fd=13 map_id=126 key=534 prog_fd=63 prog_id=15 flags=0 ret=0 errno=0
[53.520231 pid=1937 tid=1953] native-loader jit-info prog_array-target fd=63 id=15 type=17 name=sys_enter_submi tag=b007db728abdf9dd jited_len=17661 xlated_len=30040 nr_jited_ksyms=1 ksym0=0xffffffffc040230c ksym1=0x0
[53.520469 pid=1937 tid=1953] BPF_MAP_UPDATE_ELEM prog_array name=sys_enter_tails map_fd=14 map_id=127 key=322 prog_fd=172 prog_id=35 flags=0 ret=0 errno=0
[53.520624 pid=1937 tid=1953] native-loader jit-info prog_array-target fd=172 id=35 type=17 name=syscall__execve tag=6b1d44cf8ba2bb0e jited_len=23045 xlated_len=34000 nr_jited_ksyms=1 ksym0=0xffffffffc042e3a8 ksym1=0x0
[54.727571 pid=1937 tid=1941] socket: cmd=has_programs len=24
[54.728909 pid=1937 tid=1941] socket: cmd=list_progs len=22
[54.934238 pid=1937 tid=1941] socket: cmd=list_progs len=22
[55.139350 pid=1937 tid=1941] socket: cmd=list_progs len=22
[55.343912 pid=1937 tid=1941] socket: cmd=list_progs len=22
[55.548948 pid=1937 tid=1941] socket: cmd=list_progs len=22
[55.754332 pid=1937 tid=1941] socket: cmd=list_progs len=22
[55.959520 pid=1937 tid=1941] socket: cmd=list_progs len=22
[56.164176 pid=1937 tid=1941] socket: cmd=list_progs len=22
[56.369705 pid=1937 tid=1941] socket: cmd=list_progs len=22
[56.575123 pid=1937 tid=1941] socket: cmd=list_progs len=22
[56.780942 pid=1937 tid=1941] socket: cmd=list_progs len=22
[91.822590 pid=1937 tid=1941] socket: cmd=measure_start len=25
[121.849593 pid=1937 tid=1941] socket: cmd=measure_finish len=26
