claim_id,version,scope,kind,source_file,source_line,source_text,claim,claimed_value,original_data_paths,current_data_paths,raw_present,run_dates,platform,bpf_benchmark_commit,collector_status,generator_or_provenance,recomputable,recomputed_value,match,method,notes
C0001,current,body,empirical,paper/sections/3-characterization.tex,111,"The same source program runs 1.57$\times$ slower on x86-64, and 1.98$\times$ slower on ARM64, through the eBPF compilation pipeline than under direct native compilation (Table~\ref{tab:char-micro-summary}).",x86 eBPF/native gap,1.57,micro/results/x86_kvm_micro_20260526_210952_650695,micro/results/x86_kvm_micro_20260526_210952_650695,yes,2026-05-26T21:09:52.650695+00:00,x86_kvm_micro; CPU Intel(R) Core(TM) Ultra 9 285K,unknown,completed,bpf-benchmark/docs/archive/shared/plot_micro_characterization_20260527.py; paper-provenance/scripts/plot_characterization_pure_percase.py (older 29-case source; final 27-case/4config generator not retained),yes,1.57480798,matches rounding,"geomean of median kernel/path exec_ns, exclude simple and simple_packet (27 cases)",
C0002,current,body,empirical,paper/sections/3-characterization.tex,111,"The same source program runs 1.57$\times$ slower on x86-64, and 1.98$\times$ slower on ARM64, through the eBPF compilation pipeline than under direct native compilation (Table~\ref{tab:char-micro-summary}).",ARM64 eBPF/native gap,1.98,micro/results/aws_arm64_micro_20260520_052452_727433,micro/results/aws_arm64_micro_20260520_052452_727433,yes,2026-05-20T05:24:52.727433+00:00,aws_arm64_micro; CPU aarch64,unknown,completed,bpf-benchmark/docs/archive/shared/plot_micro_characterization_20260527.py; paper-provenance/scripts/plot_characterization_pure_percase.py (older 29-case source; final 27-case/4config generator not retained),yes,1.97774368,matches rounding,"geomean of median kernel/path exec_ns, exclude simple and simple_packet (27 cases)",
C0003,current,body,empirical,paper/sections/3-characterization.tex,190,"On x86-64, Figure~\ref{fig:char-pure-percase} shows in-kernel native at 1.55$\times$ and userspace native at 1.57$\times$ over the kernel eBPF JIT, a difference of about 2\%.",x86 kernel native speedup,1.55,micro/results/x86_kvm_micro_20260526_210952_650695,micro/results/x86_kvm_micro_20260526_210952_650695,yes,2026-05-26T21:09:52.650695+00:00,x86_kvm_micro; CPU Intel(R) Core(TM) Ultra 9 285K,unknown,completed,bpf-benchmark/docs/archive/shared/plot_micro_characterization_20260527.py; paper-provenance/scripts/plot_characterization_pure_percase.py (older 29-case source; final 27-case/4config generator not retained),yes,1.54504152,matches rounding,"geomean of median kernel/path exec_ns, exclude simple and simple_packet (27 cases)",
C0004,current,body,empirical,paper/sections/3-characterization.tex,190,"On x86-64, Figure~\ref{fig:char-pure-percase} shows in-kernel native at 1.55$\times$ and userspace native at 1.57$\times$ over the kernel eBPF JIT, a difference of about 2\%.",x86 userspace native speedup,1.57,micro/results/x86_kvm_micro_20260526_210952_650695,micro/results/x86_kvm_micro_20260526_210952_650695,yes,2026-05-26T21:09:52.650695+00:00,x86_kvm_micro; CPU Intel(R) Core(TM) Ultra 9 285K,unknown,completed,bpf-benchmark/docs/archive/shared/plot_micro_characterization_20260527.py; paper-provenance/scripts/plot_characterization_pure_percase.py (older 29-case source; final 27-case/4config generator not retained),yes,1.57480798,matches rounding,"geomean of median kernel/path exec_ns, exclude simple and simple_packet (27 cases)",
C0005,current,body,empirical,paper/sections/3-characterization.tex,192,"On ARM64 the difference is about 5\%, 1.88$\times$ against 1.98$\times$.",ARM64 kernel native speedup,1.88,micro/results/aws_arm64_micro_20260523_091516_610343,micro/results/aws_arm64_micro_20260523_091516_610343,yes,2026-05-23T09:15:16.610343+00:00,aws_arm64_micro; CPU aarch64,unknown,completed,bpf-benchmark/docs/archive/shared/plot_micro_characterization_20260527.py; paper-provenance/scripts/plot_characterization_pure_percase.py (older 29-case source; final 27-case/4config generator not retained),yes,1.87517725,matches rounding,"geomean of median kernel/path exec_ns, exclude simple and simple_packet (27 cases)",
C0006,current,body,empirical,paper/sections/3-characterization.tex,192,"On ARM64 the difference is about 5\%, 1.88$\times$ against 1.98$\times$.",ARM64 userspace native speedup,1.98,micro/results/aws_arm64_micro_20260520_052452_727433,micro/results/aws_arm64_micro_20260520_052452_727433,yes,2026-05-20T05:24:52.727433+00:00,aws_arm64_micro; CPU aarch64,unknown,completed,bpf-benchmark/docs/archive/shared/plot_micro_characterization_20260527.py; paper-provenance/scripts/plot_characterization_pure_percase.py (older 29-case source; final 27-case/4config generator not retained),yes,1.97774368,matches rounding,"geomean of median kernel/path exec_ns, exclude simple and simple_packet (27 cases)",
C0007,current,body,empirical,paper/sections/3-characterization.tex,216,"As Table~\ref{tab:char-micro-summary} shows, userspace LLVM-BPF reaches 1.53$\times$ on x86-64 and 1.92$\times$ on ARM64.",x86 LLVM-BPF speedup,1.53,micro/results/x86_kvm_micro_20260526_210952_650695,micro/results/x86_kvm_micro_20260526_210952_650695,yes,2026-05-26T21:09:52.650695+00:00,x86_kvm_micro; CPU Intel(R) Core(TM) Ultra 9 285K,unknown,completed,bpf-benchmark/docs/archive/shared/plot_micro_characterization_20260527.py; paper-provenance/scripts/plot_characterization_pure_percase.py (older 29-case source; final 27-case/4config generator not retained),yes,1.53494583,matches rounding,"geomean of median kernel/path exec_ns, exclude simple and simple_packet (27 cases)",
C0008,current,body,empirical,paper/sections/3-characterization.tex,216,"As Table~\ref{tab:char-micro-summary} shows, userspace LLVM-BPF reaches 1.53$\times$ on x86-64 and 1.92$\times$ on ARM64.",ARM64 LLVM-BPF speedup,1.92,micro/results/aws_arm64_micro_20260520_052452_727433,micro/results/aws_arm64_micro_20260520_052452_727433,yes,2026-05-20T05:24:52.727433+00:00,aws_arm64_micro; CPU aarch64,unknown,completed,bpf-benchmark/docs/archive/shared/plot_micro_characterization_20260527.py; paper-provenance/scripts/plot_characterization_pure_percase.py (older 29-case source; final 27-case/4config generator not retained),yes,1.92132758,matches rounding,"geomean of median kernel/path exec_ns, exclude simple and simple_packet (27 cases)",
C0009,current,body,empirical,paper/sections/3-characterization.tex,218,"Against userspace native at 1.57$\times$ and 1.98$\times$, the optimizing backend recovers 93\% and 94\% of the gap.",x86 optimizing backend recovered gap (%),93,micro/results/x86_kvm_micro_20260526_210952_650695,micro/results/x86_kvm_micro_20260526_210952_650695,yes,2026-05-26T21:09:52.650695+00:00,x86_kvm_micro; CPU Intel(R) Core(TM) Ultra 9 285K,unknown,completed,bpf-benchmark/docs/archive/shared/plot_micro_characterization_20260527.py; paper-provenance/scripts/plot_characterization_pure_percase.py (older 29-case source; final 27-case/4config generator not retained),yes,93.065137,matches rounding,(LLVM speedup-1)/(native speedup-1)*100; unrounded raw medians,Paper arithmetic uses rounded 1.53/1.57 and 1.92/1.98; raw-value rounding can differ.
C0010,current,body,empirical,paper/sections/3-characterization.tex,222,"The remaining share of the gap, 7\% on x86-64 and 6\% on ARM64, comes from the bytecode form, which fixes choices such as the register set and calling convention before any compiler runs.",x86 bytecode residual gap (%),7,micro/results/x86_kvm_micro_20260526_210952_650695,micro/results/x86_kvm_micro_20260526_210952_650695,yes,2026-05-26T21:09:52.650695+00:00,x86_kvm_micro; CPU Intel(R) Core(TM) Ultra 9 285K,unknown,completed,bpf-benchmark/docs/archive/shared/plot_micro_characterization_20260527.py; paper-provenance/scripts/plot_characterization_pure_percase.py (older 29-case source; final 27-case/4config generator not retained),yes,6.93486305,matches rounding,100 - recovered fraction,
C0011,current,body,empirical,paper/sections/3-characterization.tex,202,\finlabel The eBPF-native gap comes from code generation. In-kernel execution slows native code by only about 2\% on x86-64 and 5\% on ARM64.,x86 in-kernel native execution overhead (%),2,micro/results/x86_kvm_micro_20260526_210952_650695,micro/results/x86_kvm_micro_20260526_210952_650695,yes,2026-05-26T21:09:52.650695+00:00,x86_kvm_micro; CPU Intel(R) Core(TM) Ultra 9 285K,unknown,completed,bpf-benchmark/docs/archive/shared/plot_micro_characterization_20260527.py; paper-provenance/scripts/plot_characterization_pure_percase.py (older 29-case source; final 27-case/4config generator not retained),yes,1.92657945,matches rounding,native_kernel / userspace native = (kernel/userspace native)/(kernel/kernel native); ARM paths have separate baselines,
C0012,current,body,empirical,paper/sections/3-characterization.tex,259,"In-kernel native machine code is about half the size of the kernel JIT output, 0.54$\times$ on x86-64 and 0.49$\times$ on ARM64, an aggregate that includes losses beyond the idioms.",x86 kernel native code size ratio,0.54,micro/results/x86_kvm_micro_20260526_210952_650695,micro/results/x86_kvm_micro_20260526_210952_650695,yes,2026-05-26T21:09:52.650695+00:00,x86_kvm_micro; CPU Intel(R) Core(TM) Ultra 9 285K,unknown,completed,bpf-benchmark/docs/archive/shared/plot_micro_characterization_20260527.py; paper-provenance/scripts/plot_characterization_pure_percase.py (older 29-case source; final 27-case/4config generator not retained),yes,0.5412666,matches rounding,"all 29 cases, median native_code_bytes; paper runtime population is 27",
C0013,current,body,empirical,paper/sections/3-characterization.tex,218,"Against userspace native at 1.57$\times$ and 1.98$\times$, the optimizing backend recovers 93\% and 94\% of the gap.",arm optimizing backend recovered gap (%),94,micro/results/aws_arm64_micro_20260523_091516_610343; micro/results/aws_arm64_micro_20260520_052452_727433,micro/results/aws_arm64_micro_20260523_091516_610343; micro/results/aws_arm64_micro_20260520_052452_727433,yes,2026-05-23T09:15:16.610343+00:00; 2026-05-20T05:24:52.727433+00:00,aws_arm64_micro; CPU aarch64,unknown,completed,bpf-benchmark/docs/archive/shared/plot_micro_characterization_20260527.py; paper-provenance/scripts/plot_characterization_pure_percase.py (older 29-case source; final 27-case/4config generator not retained),yes,94.2299703,matches rounding,(LLVM speedup-1)/(native speedup-1)*100; unrounded raw medians,Paper arithmetic uses rounded 1.53/1.57 and 1.92/1.98; raw-value rounding can differ.
C0014,current,body,empirical,paper/sections/3-characterization.tex,222,"The remaining share of the gap, 7\% on x86-64 and 6\% on ARM64, comes from the bytecode form, which fixes choices such as the register set and calling convention before any compiler runs.",arm bytecode residual gap (%),6,micro/results/aws_arm64_micro_20260523_091516_610343; micro/results/aws_arm64_micro_20260520_052452_727433,micro/results/aws_arm64_micro_20260523_091516_610343; micro/results/aws_arm64_micro_20260520_052452_727433,yes,2026-05-23T09:15:16.610343+00:00; 2026-05-20T05:24:52.727433+00:00,aws_arm64_micro; CPU aarch64,unknown,completed,bpf-benchmark/docs/archive/shared/plot_micro_characterization_20260527.py; paper-provenance/scripts/plot_characterization_pure_percase.py (older 29-case source; final 27-case/4config generator not retained),yes,5.77002968,matches rounding,100 - recovered fraction,
C0015,current,body,empirical,paper/sections/3-characterization.tex,202,\finlabel The eBPF-native gap comes from code generation. In-kernel execution slows native code by only about 2\% on x86-64 and 5\% on ARM64.,arm in-kernel native execution overhead (%),5,micro/results/aws_arm64_micro_20260523_091516_610343; micro/results/aws_arm64_micro_20260520_052452_727433,micro/results/aws_arm64_micro_20260523_091516_610343; micro/results/aws_arm64_micro_20260520_052452_727433,yes,2026-05-23T09:15:16.610343+00:00; 2026-05-20T05:24:52.727433+00:00,aws_arm64_micro; CPU aarch64,unknown,completed,bpf-benchmark/docs/archive/shared/plot_micro_characterization_20260527.py; paper-provenance/scripts/plot_characterization_pure_percase.py (older 29-case source; final 27-case/4config generator not retained),yes,5.46969251,matches rounding,native_kernel / userspace native = (kernel/userspace native)/(kernel/kernel native); ARM paths have separate baselines,
C0016,current,body,empirical,paper/sections/3-characterization.tex,259,"In-kernel native machine code is about half the size of the kernel JIT output, 0.54$\times$ on x86-64 and 0.49$\times$ on ARM64, an aggregate that includes losses beyond the idioms.",arm kernel native code size ratio,0.49,micro/results/aws_arm64_micro_20260523_091516_610343,micro/results/aws_arm64_micro_20260523_091516_610343,yes,2026-05-23T09:15:16.610343+00:00,aws_arm64_micro; CPU aarch64,unknown,completed,bpf-benchmark/docs/archive/shared/plot_micro_characterization_20260527.py; paper-provenance/scripts/plot_characterization_pure_percase.py (older 29-case source; final 27-case/4config generator not retained),yes,0.494845591,matches rounding,"all 29 cases, median native_code_bytes; paper runtime population is 27",
C0017,current,body,empirical,paper/sections/3-characterization.tex,141,The corpus is 27 pure-bytecode microbenchmarks.,27 pure-bytecode computation benchmarks,27,micro/results/x86_kvm_micro_20260526_210952_650695; micro/results/aws_arm64_micro_20260523_091516_610343; micro/results/aws_arm64_micro_20260520_052452_727433,micro/results/x86_kvm_micro_20260526_210952_650695; micro/results/aws_arm64_micro_20260523_091516_610343; micro/results/aws_arm64_micro_20260520_052452_727433,yes,2026-05-26T21:09:52.650695+00:00; 2026-05-23T09:15:16.610343+00:00; 2026-05-20T05:24:52.727433+00:00,x86_kvm_micro; CPU Intel(R) Core(TM) Ultra 9 285K; aws_arm64_micro; CPU aarch64,unknown,completed,bpf-benchmark/docs/archive/shared/plot_micro_characterization_20260527.py; paper-provenance/scripts/plot_characterization_pure_percase.py (older 29-case source; final 27-case/4config generator not retained),yes,27,matches,29 raw cases minus simple/simple_packet; sources under micro/programs,
C0018,current,body,empirical,paper/sections/3-characterization.tex,196,The spread therefore bounds the cost of in-kernel execution at about 2--5\%.,in-kernel native overhead range,2--5%,micro/results/x86_kvm_micro_20260526_210952_650695; micro/results/aws_arm64_micro_20260523_091516_610343; micro/results/aws_arm64_micro_20260520_052452_727433,micro/results/x86_kvm_micro_20260526_210952_650695; micro/results/aws_arm64_micro_20260523_091516_610343; micro/results/aws_arm64_micro_20260520_052452_727433,yes,2026-05-26T21:09:52.650695+00:00; 2026-05-23T09:15:16.610343+00:00; 2026-05-20T05:24:52.727433+00:00,x86_kvm_micro; CPU Intel(R) Core(TM) Ultra 9 285K; aws_arm64_micro; CPU aarch64,unknown,completed,bpf-benchmark/docs/archive/shared/plot_micro_characterization_20260527.py; paper-provenance/scripts/plot_characterization_pure_percase.py (older 29-case source; final 27-case/4config generator not retained),yes,1.926579%--5.469693%,matches approximate range,comparison of geomeans; ARM execution paths measured in separate runs,
C0019,current,body,empirical,paper/sections/3-characterization.tex,226,\finlabel The per-opcode kernel JIT is the dominant source of the generated code's slowness. An optimizing compiler recovers 93--94\% of the gap from the same verified bytecode. The verified bytecode carries most of what a compiler needs to generate fast code.,optimizing backend recovered gap range,93--94%,micro/results/x86_kvm_micro_20260526_210952_650695; micro/results/aws_arm64_micro_20260520_052452_727433,micro/results/x86_kvm_micro_20260526_210952_650695; micro/results/aws_arm64_micro_20260520_052452_727433,yes,2026-05-26T21:09:52.650695+00:00; 2026-05-20T05:24:52.727433+00:00,x86_kvm_micro; CPU Intel(R) Core(TM) Ultra 9 285K; aws_arm64_micro; CPU aarch64,unknown,completed,bpf-benchmark/docs/archive/shared/plot_micro_characterization_20260527.py; paper-provenance/scripts/plot_characterization_pure_percase.py (older 29-case source; final 27-case/4config generator not retained),yes,93.065137%--94.229970%,matches rounding,(LLVM speedup-1)/(native speedup-1),
C0020,current,body,empirical,paper/tables/sec-3-micro-summary.tex,10,x86-64 & In-kernel native   & 1.55$\times$ & 24/27 \\,x86 native_kernel speedup,1.55,micro/results/x86_kvm_micro_20260526_210952_650695,micro/results/x86_kvm_micro_20260526_210952_650695,yes,2026-05-26T21:09:52.650695+00:00,x86_kvm_micro; CPU Intel(R) Core(TM) Ultra 9 285K,unknown,completed,bpf-benchmark/docs/archive/shared/plot_micro_characterization_20260527.py; paper-provenance/scripts/plot_characterization_pure_percase.py (older 29-case source; final 27-case/4config generator not retained),yes,1.54504152,matches rounding,27-case geomean of median exec_ns,
C0021,current,body,empirical,paper/tables/sec-3-micro-summary.tex,10,x86-64 & In-kernel native   & 1.55$\times$ & 24/27 \\,x86 native_kernel faster cases (>2%),24,micro/results/x86_kvm_micro_20260526_210952_650695,micro/results/x86_kvm_micro_20260526_210952_650695,yes,2026-05-26T21:09:52.650695+00:00,x86_kvm_micro; CPU Intel(R) Core(TM) Ultra 9 285K,unknown,completed,bpf-benchmark/docs/archive/shared/plot_micro_characterization_20260527.py; paper-provenance/scripts/plot_characterization_pure_percase.py (older 29-case source; final 27-case/4config generator not retained),yes,24,matches rounding,path_time < 0.98*kernel_time; denominator 27,
C0022,current,body,empirical,paper/tables/sec-3-micro-summary.tex,11,& Userspace native   & 1.57$\times$ & 25/27 \\,x86 native speedup,1.57,micro/results/x86_kvm_micro_20260526_210952_650695,micro/results/x86_kvm_micro_20260526_210952_650695,yes,2026-05-26T21:09:52.650695+00:00,x86_kvm_micro; CPU Intel(R) Core(TM) Ultra 9 285K,unknown,completed,bpf-benchmark/docs/archive/shared/plot_micro_characterization_20260527.py; paper-provenance/scripts/plot_characterization_pure_percase.py (older 29-case source; final 27-case/4config generator not retained),yes,1.57480798,matches rounding,27-case geomean of median exec_ns,
C0023,current,body,empirical,paper/tables/sec-3-micro-summary.tex,11,& Userspace native   & 1.57$\times$ & 25/27 \\,x86 native faster cases (>2%),25,micro/results/x86_kvm_micro_20260526_210952_650695,micro/results/x86_kvm_micro_20260526_210952_650695,yes,2026-05-26T21:09:52.650695+00:00,x86_kvm_micro; CPU Intel(R) Core(TM) Ultra 9 285K,unknown,completed,bpf-benchmark/docs/archive/shared/plot_micro_characterization_20260527.py; paper-provenance/scripts/plot_characterization_pure_percase.py (older 29-case source; final 27-case/4config generator not retained),yes,25,matches rounding,path_time < 0.98*kernel_time; denominator 27,
C0024,current,body,empirical,paper/tables/sec-3-micro-summary.tex,12,& Userspace LLVM-BPF & 1.53$\times$ & 25/27 \\,x86 llvmbpf speedup,1.53,micro/results/x86_kvm_micro_20260526_210952_650695,micro/results/x86_kvm_micro_20260526_210952_650695,yes,2026-05-26T21:09:52.650695+00:00,x86_kvm_micro; CPU Intel(R) Core(TM) Ultra 9 285K,unknown,completed,bpf-benchmark/docs/archive/shared/plot_micro_characterization_20260527.py; paper-provenance/scripts/plot_characterization_pure_percase.py (older 29-case source; final 27-case/4config generator not retained),yes,1.53494583,matches rounding,27-case geomean of median exec_ns,
C0025,current,body,empirical,paper/tables/sec-3-micro-summary.tex,12,& Userspace LLVM-BPF & 1.53$\times$ & 25/27 \\,x86 llvmbpf faster cases (>2%),25,micro/results/x86_kvm_micro_20260526_210952_650695,micro/results/x86_kvm_micro_20260526_210952_650695,yes,2026-05-26T21:09:52.650695+00:00,x86_kvm_micro; CPU Intel(R) Core(TM) Ultra 9 285K,unknown,completed,bpf-benchmark/docs/archive/shared/plot_micro_characterization_20260527.py; paper-provenance/scripts/plot_characterization_pure_percase.py (older 29-case source; final 27-case/4config generator not retained),yes,25,matches rounding,path_time < 0.98*kernel_time; denominator 27,
C0026,current,body,empirical,paper/tables/sec-3-micro-summary.tex,14,ARM64  & In-kernel native   & 1.88$\times$ & 27/27 \\,arm native_kernel speedup,1.88,micro/results/aws_arm64_micro_20260523_091516_610343,micro/results/aws_arm64_micro_20260523_091516_610343,yes,2026-05-23T09:15:16.610343+00:00,aws_arm64_micro; CPU aarch64,unknown,completed,bpf-benchmark/docs/archive/shared/plot_micro_characterization_20260527.py; paper-provenance/scripts/plot_characterization_pure_percase.py (older 29-case source; final 27-case/4config generator not retained),yes,1.87517725,matches rounding,27-case geomean of median exec_ns,
C0027,current,body,empirical,paper/tables/sec-3-micro-summary.tex,14,ARM64  & In-kernel native   & 1.88$\times$ & 27/27 \\,arm native_kernel faster cases (>2%),27,micro/results/aws_arm64_micro_20260523_091516_610343,micro/results/aws_arm64_micro_20260523_091516_610343,yes,2026-05-23T09:15:16.610343+00:00,aws_arm64_micro; CPU aarch64,unknown,completed,bpf-benchmark/docs/archive/shared/plot_micro_characterization_20260527.py; paper-provenance/scripts/plot_characterization_pure_percase.py (older 29-case source; final 27-case/4config generator not retained),yes,27,matches rounding,path_time < 0.98*kernel_time; denominator 27,
C0028,current,body,empirical,paper/tables/sec-3-micro-summary.tex,15,& Userspace native   & 1.98$\times$ & 27/27 \\,arm native speedup,1.98,micro/results/aws_arm64_micro_20260520_052452_727433,micro/results/aws_arm64_micro_20260520_052452_727433,yes,2026-05-20T05:24:52.727433+00:00,aws_arm64_micro; CPU aarch64,unknown,completed,bpf-benchmark/docs/archive/shared/plot_micro_characterization_20260527.py; paper-provenance/scripts/plot_characterization_pure_percase.py (older 29-case source; final 27-case/4config generator not retained),yes,1.97774368,matches rounding,27-case geomean of median exec_ns,
C0029,current,body,empirical,paper/tables/sec-3-micro-summary.tex,15,& Userspace native   & 1.98$\times$ & 27/27 \\,arm native faster cases (>2%),27,micro/results/aws_arm64_micro_20260520_052452_727433,micro/results/aws_arm64_micro_20260520_052452_727433,yes,2026-05-20T05:24:52.727433+00:00,aws_arm64_micro; CPU aarch64,unknown,completed,bpf-benchmark/docs/archive/shared/plot_micro_characterization_20260527.py; paper-provenance/scripts/plot_characterization_pure_percase.py (older 29-case source; final 27-case/4config generator not retained),yes,27,matches rounding,path_time < 0.98*kernel_time; denominator 27,
C0030,current,body,empirical,paper/tables/sec-3-micro-summary.tex,16,& Userspace LLVM-BPF & 1.92$\times$ & 27/27 \\,arm llvmbpf speedup,1.92,micro/results/aws_arm64_micro_20260520_052452_727433,micro/results/aws_arm64_micro_20260520_052452_727433,yes,2026-05-20T05:24:52.727433+00:00,aws_arm64_micro; CPU aarch64,unknown,completed,bpf-benchmark/docs/archive/shared/plot_micro_characterization_20260527.py; paper-provenance/scripts/plot_characterization_pure_percase.py (older 29-case source; final 27-case/4config generator not retained),yes,1.92132758,matches rounding,27-case geomean of median exec_ns,
C0031,current,body,empirical,paper/tables/sec-3-micro-summary.tex,16,& Userspace LLVM-BPF & 1.92$\times$ & 27/27 \\,arm llvmbpf faster cases (>2%),27,micro/results/aws_arm64_micro_20260520_052452_727433,micro/results/aws_arm64_micro_20260520_052452_727433,yes,2026-05-20T05:24:52.727433+00:00,aws_arm64_micro; CPU aarch64,unknown,completed,bpf-benchmark/docs/archive/shared/plot_micro_characterization_20260527.py; paper-provenance/scripts/plot_characterization_pure_percase.py (older 29-case source; final 27-case/4config generator not retained),yes,27,matches rounding,path_time < 0.98*kernel_time; denominator 27,
C0032,current,body,empirical,paper/sections/7-evaluation.tex,63,"\lang reduces generated native-code size on both evaluated architectures. Relative to the stock kernel eBPF JIT, generated kernel JIT code shrinks to 0.772$\times$ on x86-64 KVM and 0.879$\times$ on ARM64 AWS, corresponding to geomean reductions of 22.8\% and 12.1\%, respectively.",x86 native code size ratio,0.772,micro/results/x86_kvm_micro_20260519_114214_364050; micro/results/x86_kvm_micro_20260526_210351_224315,micro/results/x86_kvm_micro_20260519_114214_364050; micro/results/x86_kvm_micro_20260526_210351_224315,yes,2026-05-19T11:42:14.364050+00:00; 2026-05-26T21:03:51.224315+00:00,x86_kvm_micro; CPU Intel(R) Core(TM) Ultra 9 285K,unknown,completed,paper-provenance/scripts/plot_evaluation_kinsn.py (older 29-case source); bpf-benchmark/docs/artifacts/render_claim_table.py (27-case derivation),yes,0.771806881,matches rounding,runtime: 27 cases; native code size: all 29 cases; per-runtime sample medians,
C0033,current,body,empirical,paper/sections/7-evaluation.tex,63,"\lang reduces generated native-code size on both evaluated architectures. Relative to the stock kernel eBPF JIT, generated kernel JIT code shrinks to 0.772$\times$ on x86-64 KVM and 0.879$\times$ on ARM64 AWS, corresponding to geomean reductions of 22.8\% and 12.1\%, respectively.",ARM64 native code size ratio,0.879,micro/results/aws_arm64_micro_20260606_001225_821028,micro/results/aws_arm64_micro_20260606_001225_821028,yes,2026-06-06T00:12:25.821028+00:00,aws_arm64_micro; CPU aarch64,unknown,completed,paper-provenance/scripts/plot_evaluation_kinsn.py (older 29-case source); bpf-benchmark/docs/artifacts/render_claim_table.py (27-case derivation),yes,0.879116156,matches rounding,runtime: 27 cases; native code size: all 29 cases; per-runtime sample medians,
C0034,current,body,empirical,paper/sections/7-evaluation.tex,63,"\lang reduces generated native-code size on both evaluated architectures. Relative to the stock kernel eBPF JIT, generated kernel JIT code shrinks to 0.772$\times$ on x86-64 KVM and 0.879$\times$ on ARM64 AWS, corresponding to geomean reductions of 22.8\% and 12.1\%, respectively.",x86 native code reduction (%),22.8,micro/results/x86_kvm_micro_20260519_114214_364050; micro/results/x86_kvm_micro_20260526_210351_224315,micro/results/x86_kvm_micro_20260519_114214_364050; micro/results/x86_kvm_micro_20260526_210351_224315,yes,2026-05-19T11:42:14.364050+00:00; 2026-05-26T21:03:51.224315+00:00,x86_kvm_micro; CPU Intel(R) Core(TM) Ultra 9 285K,unknown,completed,paper-provenance/scripts/plot_evaluation_kinsn.py (older 29-case source); bpf-benchmark/docs/artifacts/render_claim_table.py (27-case derivation),yes,22.8193119,matches rounding,runtime: 27 cases; native code size: all 29 cases; per-runtime sample medians,
C0035,current,body,empirical,paper/sections/7-evaluation.tex,63,"\lang reduces generated native-code size on both evaluated architectures. Relative to the stock kernel eBPF JIT, generated kernel JIT code shrinks to 0.772$\times$ on x86-64 KVM and 0.879$\times$ on ARM64 AWS, corresponding to geomean reductions of 22.8\% and 12.1\%, respectively.",ARM64 native code reduction (%),12.1,micro/results/aws_arm64_micro_20260606_001225_821028,micro/results/aws_arm64_micro_20260606_001225_821028,yes,2026-06-06T00:12:25.821028+00:00,aws_arm64_micro; CPU aarch64,unknown,completed,paper-provenance/scripts/plot_evaluation_kinsn.py (older 29-case source); bpf-benchmark/docs/artifacts/render_claim_table.py (27-case derivation),yes,12.0883844,matches rounding,runtime: 27 cases; native code size: all 29 cases; per-runtime sample medians,
C0036,current,body,empirical,paper/sections/7-evaluation.tex,65,"Figure~\ref{fig:eval-kinsn-micro} reports the corresponding execution-time results. On x86-64 KVM, the \lang-enabled run achieves a 1.242$\times$ geomean speedup over the stock kernel eBPF JIT, reducing execution time by 19.47\%. On ARM64 AWS, the \lang-enabled run applies all matched \lang sites, with 308/308 sites in the median sample and 924/924 site instances across all samples. Over the 27 \lang-bearing benchmarks, it achieves a 1.222$\times$ geomean speedup over the stock kernel eBPF JIT, reducing",x86 execution speedup,1.242,micro/results/x86_kvm_micro_20260519_114214_364050; micro/results/x86_kvm_micro_20260526_210351_224315,micro/results/x86_kvm_micro_20260519_114214_364050; micro/results/x86_kvm_micro_20260526_210351_224315,yes,2026-05-19T11:42:14.364050+00:00; 2026-05-26T21:03:51.224315+00:00,x86_kvm_micro; CPU Intel(R) Core(TM) Ultra 9 285K,unknown,completed,paper-provenance/scripts/plot_evaluation_kinsn.py (older 29-case source); bpf-benchmark/docs/artifacts/render_claim_table.py (27-case derivation),yes,1.24173584,matches rounding,runtime: 27 cases; native code size: all 29 cases; per-runtime sample medians,
C0037,current,body,empirical,paper/sections/7-evaluation.tex,65,"Figure~\ref{fig:eval-kinsn-micro} reports the corresponding execution-time results. On x86-64 KVM, the \lang-enabled run achieves a 1.242$\times$ geomean speedup over the stock kernel eBPF JIT, reducing execution time by 19.47\%. On ARM64 AWS, the \lang-enabled run applies all matched \lang sites, with 308/308 sites in the median sample and 924/924 site instances across all samples. Over the 27 \lang-bearing benchmarks, it achieves a 1.222$\times$ geomean speedup over the stock kernel eBPF JIT, reducing",x86 time reduction (%),19.47,micro/results/x86_kvm_micro_20260519_114214_364050; micro/results/x86_kvm_micro_20260526_210351_224315,micro/results/x86_kvm_micro_20260519_114214_364050; micro/results/x86_kvm_micro_20260526_210351_224315,yes,2026-05-19T11:42:14.364050+00:00; 2026-05-26T21:03:51.224315+00:00,x86_kvm_micro; CPU Intel(R) Core(TM) Ultra 9 285K,unknown,completed,paper-provenance/scripts/plot_evaluation_kinsn.py (older 29-case source); bpf-benchmark/docs/artifacts/render_claim_table.py (27-case derivation),yes,19.4675734,matches rounding,runtime: 27 cases; native code size: all 29 cases; per-runtime sample medians,
C0038,current,body,empirical,paper/sections/7-evaluation.tex,65,"Figure~\ref{fig:eval-kinsn-micro} reports the corresponding execution-time results. On x86-64 KVM, the \lang-enabled run achieves a 1.242$\times$ geomean speedup over the stock kernel eBPF JIT, reducing execution time by 19.47\%. On ARM64 AWS, the \lang-enabled run applies all matched \lang sites, with 308/308 sites in the median sample and 924/924 site instances across all samples. Over the 27 \lang-bearing benchmarks, it achieves a 1.222$\times$ geomean speedup over the stock kernel eBPF JIT, reducing",ARM64 execution speedup,1.222,micro/results/aws_arm64_micro_20260606_001225_821028,micro/results/aws_arm64_micro_20260606_001225_821028,yes,2026-06-06T00:12:25.821028+00:00,aws_arm64_micro; CPU aarch64,unknown,completed,paper-provenance/scripts/plot_evaluation_kinsn.py (older 29-case source); bpf-benchmark/docs/artifacts/render_claim_table.py (27-case derivation),yes,1.22204216,matches rounding,runtime: 27 cases; native code size: all 29 cases; per-runtime sample medians,
C0039,current,body,empirical,paper/sections/7-evaluation.tex,66,"execution time by 18.17\%. Both architectures produce zero correctness mismatches. On the microbenchmarks, the 1.242$\times$ speedup recovers 42\% of the characterization's 1.57$\times$ eBPF-native gap on x86-64 $((1.242{-}1)/(1.57{-}1))$.",ARM64 time reduction (%),18.17,micro/results/aws_arm64_micro_20260606_001225_821028,micro/results/aws_arm64_micro_20260606_001225_821028,yes,2026-06-06T00:12:25.821028+00:00,aws_arm64_micro; CPU aarch64,unknown,completed,paper-provenance/scripts/plot_evaluation_kinsn.py (older 29-case source); bpf-benchmark/docs/artifacts/render_claim_table.py (27-case derivation),yes,18.1697627,matches rounding,runtime: 27 cases; native code size: all 29 cases; per-runtime sample medians,
C0040,current,body,empirical,paper/sections/7-evaluation.tex,65,"Figure~\ref{fig:eval-kinsn-micro} reports the corresponding execution-time results. On x86-64 KVM, the \lang-enabled run achieves a 1.242$\times$ geomean speedup over the stock kernel eBPF JIT, reducing execution time by 19.47\%. On ARM64 AWS, the \lang-enabled run applies all matched \lang sites, with 308/308 sites in the median sample and 924/924 site instances across all samples. Over the 27 \lang-bearing benchmarks, it achieves a 1.222$\times$ geomean speedup over the stock kernel eBPF JIT, reducing",ARM64 median matched/applied sites,308/308,micro/results/aws_arm64_micro_20260606_001225_821028,micro/results/aws_arm64_micro_20260606_001225_821028,yes,2026-06-06T00:12:25.821028+00:00,aws_arm64_micro; CPU aarch64,unknown,completed,paper-provenance/scripts/plot_evaluation_kinsn.py (older 29-case source); bpf-benchmark/docs/artifacts/render_claim_table.py (27-case derivation),yes,308/308,matches,sum per-program kinsn report counts across benchmarks; median per benchmark or all samples,
C0041,current,body,empirical,paper/sections/7-evaluation.tex,65,"Figure~\ref{fig:eval-kinsn-micro} reports the corresponding execution-time results. On x86-64 KVM, the \lang-enabled run achieves a 1.242$\times$ geomean speedup over the stock kernel eBPF JIT, reducing execution time by 19.47\%. On ARM64 AWS, the \lang-enabled run applies all matched \lang sites, with 308/308 sites in the median sample and 924/924 site instances across all samples. Over the 27 \lang-bearing benchmarks, it achieves a 1.222$\times$ geomean speedup over the stock kernel eBPF JIT, reducing",ARM64 summed sample matched/applied sites,924/924,micro/results/aws_arm64_micro_20260606_001225_821028,micro/results/aws_arm64_micro_20260606_001225_821028,yes,2026-06-06T00:12:25.821028+00:00,aws_arm64_micro; CPU aarch64,unknown,completed,paper-provenance/scripts/plot_evaluation_kinsn.py (older 29-case source); bpf-benchmark/docs/artifacts/render_claim_table.py (27-case derivation),yes,924/924,matches,sum per-program kinsn report counts across benchmarks; median per benchmark or all samples,
C0042,current,body,empirical,paper/sections/7-evaluation.tex,66,"execution time by 18.17\%. Both architectures produce zero correctness mismatches. On the microbenchmarks, the 1.242$\times$ speedup recovers 42\% of the characterization's 1.57$\times$ eBPF-native gap on x86-64 $((1.242{-}1)/(1.57{-}1))$.",zero correctness mismatches on both architectures,0,micro/results/x86_kvm_micro_20260519_114214_364050; micro/results/x86_kvm_micro_20260526_210351_224315; micro/results/aws_arm64_micro_20260606_001225_821028,micro/results/x86_kvm_micro_20260519_114214_364050; micro/results/x86_kvm_micro_20260526_210351_224315; micro/results/aws_arm64_micro_20260606_001225_821028,yes,2026-05-19T11:42:14.364050+00:00; 2026-05-26T21:03:51.224315+00:00; 2026-06-06T00:12:25.821028+00:00,x86_kvm_micro; CPU Intel(R) Core(TM) Ultra 9 285K; aws_arm64_micro; CPU aarch64,unknown,completed,paper-provenance/scripts/plot_evaluation_kinsn.py (older 29-case source); bpf-benchmark/docs/artifacts/render_claim_table.py (27-case derivation),yes,0,matches,check expected_result and expected_retval for every recorded sample,
C0043,current,body,empirical,paper/sections/7-evaluation.tex,69,"The per-benchmark distributions suggest different sources of benefit across architectures. On x86-64, speedups are more closely associated with native code-size reduction, which is consistent with \lang replacing conservative stock-JIT instruction sequences and reducing dynamic instruction overhead. On ARM64, code-size reduction alone is less explanatory: the largest gains appear when the selector reaches target-specific idioms such as rotate/extract operations and packet-field load fusion. For example, \texttt{siphash\_rotate64\_\allowbreak mixer} reaches a 1.902$\times$ speedup on ARM64 with dominant extract-style sites, while networking-oriented microbenchmarks such as Cilium socket load balancing, BCC TCP tuple filtering, and Cilium CT/NAT tuple rewriting achieve speedups of 1.691$\times$, 1.624$\times$, and 1.482$\times$, respectively. These results suggest that \lang is not merely a code-size optimization. Rather, it acts as an architecture-sensitive specialization mechanism whose effectiveness depends on the stock JIT baseline, the selected descriptor family, and whether the selected sites lie on performance-critical execution paths.",ARM64 SipHash speedup,1.902,micro/results/aws_arm64_micro_20260606_001225_821028,micro/results/aws_arm64_micro_20260606_001225_821028,yes,2026-06-06T00:12:25.821028+00:00,aws_arm64_micro; CPU aarch64,unknown,completed,paper-provenance/scripts/plot_evaluation_kinsn.py (older 29-case source); bpf-benchmark/docs/artifacts/render_claim_table.py (27-case derivation),yes,1.90196078,matches rounding,median kernel exec_ns / median kernel_rejit exec_ns,
C0044,current,body,empirical,paper/sections/7-evaluation.tex,69,"The per-benchmark distributions suggest different sources of benefit across architectures. On x86-64, speedups are more closely associated with native code-size reduction, which is consistent with \lang replacing conservative stock-JIT instruction sequences and reducing dynamic instruction overhead. On ARM64, code-size reduction alone is less explanatory: the largest gains appear when the selector reaches target-specific idioms such as rotate/extract operations and packet-field load fusion. For example, \texttt{siphash\_rotate64\_\allowbreak mixer} reaches a 1.902$\times$ speedup on ARM64 with dominant extract-style sites, while networking-oriented microbenchmarks such as Cilium socket load balancing, BCC TCP tuple filtering, and Cilium CT/NAT tuple rewriting achieve speedups of 1.691$\times$, 1.624$\times$, and 1.482$\times$, respectively. These results suggest that \lang is not merely a code-size optimization. Rather, it acts as an architecture-sensitive specialization mechanism whose effectiveness depends on the stock JIT baseline, the selected descriptor family, and whether the selected sites lie on performance-critical execution paths.",ARM64 Cilium socket LB speedup,1.691,micro/results/aws_arm64_micro_20260606_001225_821028,micro/results/aws_arm64_micro_20260606_001225_821028,yes,2026-06-06T00:12:25.821028+00:00,aws_arm64_micro; CPU aarch64,unknown,completed,paper-provenance/scripts/plot_evaluation_kinsn.py (older 29-case source); bpf-benchmark/docs/artifacts/render_claim_table.py (27-case derivation),yes,1.69069069,matches rounding,median kernel exec_ns / median kernel_rejit exec_ns,
C0045,current,body,empirical,paper/sections/7-evaluation.tex,69,"The per-benchmark distributions suggest different sources of benefit across architectures. On x86-64, speedups are more closely associated with native code-size reduction, which is consistent with \lang replacing conservative stock-JIT instruction sequences and reducing dynamic instruction overhead. On ARM64, code-size reduction alone is less explanatory: the largest gains appear when the selector reaches target-specific idioms such as rotate/extract operations and packet-field load fusion. For example, \texttt{siphash\_rotate64\_\allowbreak mixer} reaches a 1.902$\times$ speedup on ARM64 with dominant extract-style sites, while networking-oriented microbenchmarks such as Cilium socket load balancing, BCC TCP tuple filtering, and Cilium CT/NAT tuple rewriting achieve speedups of 1.691$\times$, 1.624$\times$, and 1.482$\times$, respectively. These results suggest that \lang is not merely a code-size optimization. Rather, it acts as an architecture-sensitive specialization mechanism whose effectiveness depends on the stock JIT baseline, the selected descriptor family, and whether the selected sites lie on performance-critical execution paths.",ARM64 BCC TCP tuple speedup,1.624,micro/results/aws_arm64_micro_20260606_001225_821028,micro/results/aws_arm64_micro_20260606_001225_821028,yes,2026-06-06T00:12:25.821028+00:00,aws_arm64_micro; CPU aarch64,unknown,completed,paper-provenance/scripts/plot_evaluation_kinsn.py (older 29-case source); bpf-benchmark/docs/artifacts/render_claim_table.py (27-case derivation),yes,1.62380952,matches rounding,median kernel exec_ns / median kernel_rejit exec_ns,
C0046,current,body,empirical,paper/sections/7-evaluation.tex,69,"The per-benchmark distributions suggest different sources of benefit across architectures. On x86-64, speedups are more closely associated with native code-size reduction, which is consistent with \lang replacing conservative stock-JIT instruction sequences and reducing dynamic instruction overhead. On ARM64, code-size reduction alone is less explanatory: the largest gains appear when the selector reaches target-specific idioms such as rotate/extract operations and packet-field load fusion. For example, \texttt{siphash\_rotate64\_\allowbreak mixer} reaches a 1.902$\times$ speedup on ARM64 with dominant extract-style sites, while networking-oriented microbenchmarks such as Cilium socket load balancing, BCC TCP tuple filtering, and Cilium CT/NAT tuple rewriting achieve speedups of 1.691$\times$, 1.624$\times$, and 1.482$\times$, respectively. These results suggest that \lang is not merely a code-size optimization. Rather, it acts as an architecture-sensitive specialization mechanism whose effectiveness depends on the stock JIT baseline, the selected descriptor family, and whether the selected sites lie on performance-critical execution paths.",ARM64 Cilium CT/NAT speedup,1.482,micro/results/aws_arm64_micro_20260606_001225_821028,micro/results/aws_arm64_micro_20260606_001225_821028,yes,2026-06-06T00:12:25.821028+00:00,aws_arm64_micro; CPU aarch64,unknown,completed,paper-provenance/scripts/plot_evaluation_kinsn.py (older 29-case source); bpf-benchmark/docs/artifacts/render_claim_table.py (27-case derivation),yes,1.48203593,matches rounding,median kernel exec_ns / median kernel_rejit exec_ns,
C0047,current,body,empirical,paper/sections/7-evaluation.tex,71,"The regressions also reveal the current boundary of the selector. \texttt{bpftrace\_comm\_key\_fnv\_hash} regresses to 0.862$\times$ on ARM64, while \texttt{bitmap\_popcount\_scan} regresses to 0.966$\times$ despite having applied \lang sites. These cases indicate that \lang is not uniformly beneficial and motivate descriptor-level gating or lightweight cost-model guidance, rather than blindly applying every matched \lang site.",ARM64 FNV regression speedup,0.862,micro/results/aws_arm64_micro_20260606_001225_821028,micro/results/aws_arm64_micro_20260606_001225_821028,yes,2026-06-06T00:12:25.821028+00:00,aws_arm64_micro; CPU aarch64,unknown,completed,paper-provenance/scripts/plot_evaluation_kinsn.py (older 29-case source); bpf-benchmark/docs/artifacts/render_claim_table.py (27-case derivation),yes,0.861580381,matches rounding,median kernel exec_ns / median kernel_rejit exec_ns,
C0048,current,body,empirical,paper/sections/7-evaluation.tex,71,"The regressions also reveal the current boundary of the selector. \texttt{bpftrace\_comm\_key\_fnv\_hash} regresses to 0.862$\times$ on ARM64, while \texttt{bitmap\_popcount\_scan} regresses to 0.966$\times$ despite having applied \lang sites. These cases indicate that \lang is not uniformly beneficial and motivate descriptor-level gating or lightweight cost-model guidance, rather than blindly applying every matched \lang site.",ARM64 bitmap regression speedup,0.966,micro/results/aws_arm64_micro_20260606_001225_821028,micro/results/aws_arm64_micro_20260606_001225_821028,yes,2026-06-06T00:12:25.821028+00:00,aws_arm64_micro; CPU aarch64,unknown,completed,paper-provenance/scripts/plot_evaluation_kinsn.py (older 29-case source); bpf-benchmark/docs/artifacts/render_claim_table.py (27-case derivation),yes,0.966460724,matches rounding,median kernel exec_ns / median kernel_rejit exec_ns,
C0049,current,body,empirical,paper/sections/7-evaluation.tex,74,"The \lang lowering and restore stages add two linear passes over the program during verification. Across all 62 microbenchmarks on x86-64 KVM, the kernel-side load time (\texttt{object\_load\_ns}, covering verification and JIT) shows a 0.99$\times$ geomean ratio relative to the stock kernel, i.e., no measurable overhead. For programs with \lang sites, the end-to-end compile time (including the userspace recognizer) increases by 1.4--2.4$\times$, but remains sub-millisecond in absolute terms.",62-case kernel-side object_load_ns ratio,0.99,micro/results/x86_kvm_micro_20260514_031744_210343; micro/results/x86_kvm_micro_20260514_181806_133778; micro/results/x86_kvm_micro_20260429_035938_203074,micro/results/x86_kvm_micro_20260514_031744_210343; micro/results/x86_kvm_micro_20260514_181806_133778; micro/results/x86_kvm_micro_20260429_035938_203074,yes,2026-05-14T03:17:44.210343+00:00; 2026-05-14T18:18:06.133778+00:00; 2026-04-29T03:59:38.203074+00:00,x86_kvm_micro; CPU Intel(R) Core(TM) Ultra 9 285K,unknown,completed,bpf-benchmark/docs/artifacts/render_claim_table.py,yes,0.995157451; 0.997838519,MISMATCH,geomean of per-case median kernel_rejit/kernel phases_ns.object_load_ns,"Bare object_load_ns rounds to 1.00 in both runs. Open+load compile_ns gives 0.994269578, 0.990300218, rounding to 0.99. These are 1-sample INNER_REPEAT=10 May14 runs, not the 3-sample June performance protocol."
C0050,current,body,missing raw,paper/sections/7-evaluation.tex,74,"The \lang lowering and restore stages add two linear passes over the program during verification. Across all 62 microbenchmarks on x86-64 KVM, the kernel-side load time (\texttt{object\_load\_ns}, covering verification and JIT) shows a 0.99$\times$ geomean ratio relative to the stock kernel, i.e., no measurable overhead. For programs with \lang sites, the end-to-end compile time (including the userspace recognizer) increases by 1.4--2.4$\times$, but remains sub-millisecond in absolute terms.","1.4--2.4x end-to-end compile time, remains sub-millisecond",1.4--2.4; <1 ms,micro/results/x86_kvm_micro_20260514_031744_210343; micro/results/x86_kvm_micro_20260514_181806_133778; micro/results/x86_kvm_micro_20260519_114214_364050; micro/results/x86_kvm_micro_20260526_210351_224315,micro/results/x86_kvm_micro_20260514_031744_210343; micro/results/x86_kvm_micro_20260514_181806_133778; micro/results/x86_kvm_micro_20260519_114214_364050; micro/results/x86_kvm_micro_20260526_210351_224315,run exists; required raw report absent,2026-05-14T03:17:44.210343+00:00; 2026-05-14T18:18:06.133778+00:00; 2026-05-19T11:42:14.364050+00:00; 2026-05-26T21:03:51.224315+00:00,x86_kvm_micro; CPU Intel(R) Core(TM) Ultra 9 285K,unknown,completed,paper-provenance/scripts/plot_evaluation_kinsn.py (older 29-case source); bpf-benchmark/docs/artifacts/render_claim_table.py (27-case derivation),no,,not substantiated; timing-field ambiguity,inspect compile_ns and phase fields,Retained compile_ns includes libbpf open+load. May19 candidate has multi-ms values. No retained recognizer-inclusive sub-ms timing campaign or exact generating script found.
C0051,current,body,empirical,paper/sections/7-evaluation.tex,84,"On x86-64 KVM, the default full-\lang policy improves Cilium's end-to-end datapath throughput by 1.074$\times$ over the stock kernel eBPF JIT. This run applies 4086 \lang sites with zero load-time skips or report errors. The applied sites span several families: LEA contributes 2346 sites, conditional select 385, endian fusion 766, extract 2, and bulk memory 587. This confirms that \lang reaches real bytecode patterns in Cilium's production datapath.",Cilium full throughput,1.074,corpus/results/x86_kvm_corpus_20260604_100557_313063,corpus/results/x86_kvm_corpus_20260604_100557_313063,yes,2026-06-04T10:05:57.313063+00:00,x86_kvm_corpus; CPU not recorded,not recorded,completed,bpf-benchmark/docs/archive/shared/kinsn_eval_20260604.py; bpf-benchmark/kinsn/docs/evaluation.md; paper-provenance/scripts/plot_app_case_studies.py (hard-coded plot inputs),yes,1.07426236,matches rounding,median summed pktgen post pps / median summed baseline pps (3+3 samples; stats off),
C0052,current,body,empirical,paper/sections/7-evaluation.tex,87,"On ARM64 AWS, the conservative \lang policy applies 21 sites and improves Katran's end-to-end workload throughput by 1.073$\times$ over the stock kernel eBPF JIT. Because Katran's datapath is dominated by a single hot XDP program, the throughput signal is clean: the program that receives \lang sites is the program on the critical path.",Katran conservative throughput,1.073,corpus/results/aws_arm64_corpus_20260605_080836_924256,corpus/results/aws_arm64_corpus_20260605_080836_924256,yes,2026-06-05T08:08:36.924256+00:00,aws_arm64_corpus; CPU not recorded,not recorded,error,bpf-benchmark/docs/archive/shared/kinsn_eval_20260604.py; bpf-benchmark/kinsn/docs/evaluation.md; paper-provenance/scripts/plot_app_case_studies.py (hard-coded plot inputs),yes,1.07275999,matches rounding,"mean summed pktgen post/baseline pps, 3+3 samples; raw bpf_stats=true unlike RQ2 stats-disabled wording",
C0053,current,body,declared count,paper/sections/7-evaluation.tex,84,"On x86-64 KVM, the default full-\lang policy improves Cilium's end-to-end datapath throughput by 1.074$\times$ over the stock kernel eBPF JIT. This run applies 4086 \lang sites with zero load-time skips or report errors. The applied sites span several families: LEA contributes 2346 sites, conditional select 385, endian fusion 766, extract 2, and bulk memory 587. This confirms that \lang reaches real bytecode patterns in Cilium's production datapath.",Cilium full applied sites,4086,corpus/results/x86_kvm_corpus_20260604_070210_639497,corpus/results/x86_kvm_corpus_20260604_070210_639497,run exists; required raw report absent,2026-06-04T07:02:10.639497+00:00,x86_kvm_corpus; CPU not recorded,not recorded,completed,bpf-benchmark/docs/archive/shared/kinsn_eval_20260604.py; bpf-benchmark/kinsn/docs/evaluation.md; paper-provenance/scripts/plot_app_case_studies.py (hard-coded plot inputs),no,,unverifiable original count,,Original per-pass report_path is recorded but corresponding JSONL absent. Later Sept KVM/QEMU reports measure a different generation; not a substitute.
C0054,current,body,declared count,paper/sections/7-evaluation.tex,84,"On x86-64 KVM, the default full-\lang policy improves Cilium's end-to-end datapath throughput by 1.074$\times$ over the stock kernel eBPF JIT. This run applies 4086 \lang sites with zero load-time skips or report errors. The applied sites span several families: LEA contributes 2346 sites, conditional select 385, endian fusion 766, extract 2, and bulk memory 587. This confirms that \lang reaches real bytecode patterns in Cilium's production datapath.",Cilium load-time skips,0,corpus/results/x86_kvm_corpus_20260604_070210_639497,corpus/results/x86_kvm_corpus_20260604_070210_639497,run exists; required raw report absent,2026-06-04T07:02:10.639497+00:00,x86_kvm_corpus; CPU not recorded,not recorded,completed,bpf-benchmark/docs/archive/shared/kinsn_eval_20260604.py; bpf-benchmark/kinsn/docs/evaluation.md; paper-provenance/scripts/plot_app_case_studies.py (hard-coded plot inputs),no,,unverifiable original count,,Original per-pass report_path is recorded but corresponding JSONL absent. Later Sept KVM/QEMU reports measure a different generation; not a substitute.
C0055,current,body,declared count,paper/sections/7-evaluation.tex,84,"On x86-64 KVM, the default full-\lang policy improves Cilium's end-to-end datapath throughput by 1.074$\times$ over the stock kernel eBPF JIT. This run applies 4086 \lang sites with zero load-time skips or report errors. The applied sites span several families: LEA contributes 2346 sites, conditional select 385, endian fusion 766, extract 2, and bulk memory 587. This confirms that \lang reaches real bytecode patterns in Cilium's production datapath.",Cilium report errors,0,corpus/results/x86_kvm_corpus_20260604_070210_639497,corpus/results/x86_kvm_corpus_20260604_070210_639497,run exists; required raw report absent,2026-06-04T07:02:10.639497+00:00,x86_kvm_corpus; CPU not recorded,not recorded,completed,bpf-benchmark/docs/archive/shared/kinsn_eval_20260604.py; bpf-benchmark/kinsn/docs/evaluation.md; paper-provenance/scripts/plot_app_case_studies.py (hard-coded plot inputs),no,,unverifiable original count,,Original per-pass report_path is recorded but corresponding JSONL absent. Later Sept KVM/QEMU reports measure a different generation; not a substitute.
C0056,current,body,declared count,paper/sections/7-evaluation.tex,84,"On x86-64 KVM, the default full-\lang policy improves Cilium's end-to-end datapath throughput by 1.074$\times$ over the stock kernel eBPF JIT. This run applies 4086 \lang sites with zero load-time skips or report errors. The applied sites span several families: LEA contributes 2346 sites, conditional select 385, endian fusion 766, extract 2, and bulk memory 587. This confirms that \lang reaches real bytecode patterns in Cilium's production datapath.",Cilium LEA sites,2346,corpus/results/x86_kvm_corpus_20260604_070210_639497,corpus/results/x86_kvm_corpus_20260604_070210_639497,run exists; required raw report absent,2026-06-04T07:02:10.639497+00:00,x86_kvm_corpus; CPU not recorded,not recorded,completed,bpf-benchmark/docs/archive/shared/kinsn_eval_20260604.py; bpf-benchmark/kinsn/docs/evaluation.md; paper-provenance/scripts/plot_app_case_studies.py (hard-coded plot inputs),no,,unverifiable original count,,Original per-pass report_path is recorded but corresponding JSONL absent. Later Sept KVM/QEMU reports measure a different generation; not a substitute.
C0057,current,body,declared count,paper/sections/7-evaluation.tex,84,"On x86-64 KVM, the default full-\lang policy improves Cilium's end-to-end datapath throughput by 1.074$\times$ over the stock kernel eBPF JIT. This run applies 4086 \lang sites with zero load-time skips or report errors. The applied sites span several families: LEA contributes 2346 sites, conditional select 385, endian fusion 766, extract 2, and bulk memory 587. This confirms that \lang reaches real bytecode patterns in Cilium's production datapath.",Cilium conditional select sites,385,corpus/results/x86_kvm_corpus_20260604_070210_639497,corpus/results/x86_kvm_corpus_20260604_070210_639497,run exists; required raw report absent,2026-06-04T07:02:10.639497+00:00,x86_kvm_corpus; CPU not recorded,not recorded,completed,bpf-benchmark/docs/archive/shared/kinsn_eval_20260604.py; bpf-benchmark/kinsn/docs/evaluation.md; paper-provenance/scripts/plot_app_case_studies.py (hard-coded plot inputs),no,,unverifiable original count,,Original per-pass report_path is recorded but corresponding JSONL absent. Later Sept KVM/QEMU reports measure a different generation; not a substitute.
C0058,current,body,declared count,paper/sections/7-evaluation.tex,84,"On x86-64 KVM, the default full-\lang policy improves Cilium's end-to-end datapath throughput by 1.074$\times$ over the stock kernel eBPF JIT. This run applies 4086 \lang sites with zero load-time skips or report errors. The applied sites span several families: LEA contributes 2346 sites, conditional select 385, endian fusion 766, extract 2, and bulk memory 587. This confirms that \lang reaches real bytecode patterns in Cilium's production datapath.",Cilium endian fusion sites,766,corpus/results/x86_kvm_corpus_20260604_070210_639497,corpus/results/x86_kvm_corpus_20260604_070210_639497,run exists; required raw report absent,2026-06-04T07:02:10.639497+00:00,x86_kvm_corpus; CPU not recorded,not recorded,completed,bpf-benchmark/docs/archive/shared/kinsn_eval_20260604.py; bpf-benchmark/kinsn/docs/evaluation.md; paper-provenance/scripts/plot_app_case_studies.py (hard-coded plot inputs),no,,unverifiable original count,,Original per-pass report_path is recorded but corresponding JSONL absent. Later Sept KVM/QEMU reports measure a different generation; not a substitute.
C0059,current,body,declared count,paper/sections/7-evaluation.tex,84,"On x86-64 KVM, the default full-\lang policy improves Cilium's end-to-end datapath throughput by 1.074$\times$ over the stock kernel eBPF JIT. This run applies 4086 \lang sites with zero load-time skips or report errors. The applied sites span several families: LEA contributes 2346 sites, conditional select 385, endian fusion 766, extract 2, and bulk memory 587. This confirms that \lang reaches real bytecode patterns in Cilium's production datapath.",Cilium extract sites,2,corpus/results/x86_kvm_corpus_20260604_070210_639497,corpus/results/x86_kvm_corpus_20260604_070210_639497,run exists; required raw report absent,2026-06-04T07:02:10.639497+00:00,x86_kvm_corpus; CPU not recorded,not recorded,completed,bpf-benchmark/docs/archive/shared/kinsn_eval_20260604.py; bpf-benchmark/kinsn/docs/evaluation.md; paper-provenance/scripts/plot_app_case_studies.py (hard-coded plot inputs),no,,unverifiable original count,,Original per-pass report_path is recorded but corresponding JSONL absent. Later Sept KVM/QEMU reports measure a different generation; not a substitute.
C0060,current,body,declared count,paper/sections/7-evaluation.tex,84,"On x86-64 KVM, the default full-\lang policy improves Cilium's end-to-end datapath throughput by 1.074$\times$ over the stock kernel eBPF JIT. This run applies 4086 \lang sites with zero load-time skips or report errors. The applied sites span several families: LEA contributes 2346 sites, conditional select 385, endian fusion 766, extract 2, and bulk memory 587. This confirms that \lang reaches real bytecode patterns in Cilium's production datapath.",Cilium bulk memory sites,587,corpus/results/x86_kvm_corpus_20260604_070210_639497,corpus/results/x86_kvm_corpus_20260604_070210_639497,run exists; required raw report absent,2026-06-04T07:02:10.639497+00:00,x86_kvm_corpus; CPU not recorded,not recorded,completed,bpf-benchmark/docs/archive/shared/kinsn_eval_20260604.py; bpf-benchmark/kinsn/docs/evaluation.md; paper-provenance/scripts/plot_app_case_studies.py (hard-coded plot inputs),no,,unverifiable original count,,Original per-pass report_path is recorded but corresponding JSONL absent. Later Sept KVM/QEMU reports measure a different generation; not a substitute.
C0061,current,body,declared count,paper/sections/7-evaluation.tex,87,"On ARM64 AWS, the conservative \lang policy applies 21 sites and improves Katran's end-to-end workload throughput by 1.073$\times$ over the stock kernel eBPF JIT. Because Katran's datapath is dominated by a single hot XDP program, the throughput signal is clean: the program that receives \lang sites is the program on the critical path.",Katran conservative applied sites,21,corpus/results/aws_arm64_corpus_20260605_080836_924256,corpus/results/aws_arm64_corpus_20260605_080836_924256,run exists; required raw report absent,2026-06-05T08:08:36.924256+00:00,aws_arm64_corpus; CPU not recorded,not recorded,error,bpf-benchmark/docs/archive/shared/kinsn_eval_20260604.py; bpf-benchmark/kinsn/docs/evaluation.md; paper-provenance/scripts/plot_app_case_studies.py (hard-coded plot inputs),no,,unverifiable original count,,Original per-pass report_path is recorded but corresponding JSONL absent. Later Sept KVM/QEMU reports measure a different generation; not a substitute.
C0062,current,body,empirical,paper/sections/7-evaluation.tex,103,"For Cilium, we start from the full x86-64 \lang policy used in RQ2. As shown in Figure~\ref{fig:app_policy_probes}, this policy applies 4086 sites and improves workload throughput to 1.074$\times$, while the BPF-cost ratio remains near neutral at 1.009$\times$. We then disable only the \texttt{bulk\_memory} family while keeping the other \lang families enabled. This reduces the number of applied sites from 4086 to 3512, but increases workload throughput further to 1.114$\times$. At the same time, the BPF-cost ratio rises to 1.062$\times$, so this result should not be read as saying that \texttt{bulk\_memory} is universally harmful. Rather, it shows that an additional family can increase syntactic coverage without improving the measured datapath: the saved instructions may not outweigh the replacement overhead, or they may not lie on the part of the datapath that dominates throughput.",Cilium full policy throughput,1.074,corpus/results/x86_kvm_corpus_20260604_100557_313063,corpus/results/x86_kvm_corpus_20260604_100557_313063,yes,2026-06-04T10:05:57.313063+00:00,x86_kvm_corpus; CPU not recorded,not recorded,completed,bpf-benchmark/docs/archive/shared/kinsn_eval_20260604.py; bpf-benchmark/kinsn/docs/evaluation.md; paper-provenance/scripts/plot_app_case_studies.py (hard-coded plot inputs),yes,1.07426236,matches rounding,"Cilium full throughput: stats-off median; tuned: stats-off mean (median gives 1.118935, violating paper default median convention); cost: geomean of name/type/occurrence paired ns/run rows >=100. Katran throughput: mean; one paired hot-XDP cost row.","This paper figure uses the June4/tuned June5 pair, not the separate four-arm June5 ablation ladder."
C0063,current,body,empirical,paper/sections/7-evaluation.tex,103,"For Cilium, we start from the full x86-64 \lang policy used in RQ2. As shown in Figure~\ref{fig:app_policy_probes}, this policy applies 4086 sites and improves workload throughput to 1.074$\times$, while the BPF-cost ratio remains near neutral at 1.009$\times$. We then disable only the \texttt{bulk\_memory} family while keeping the other \lang families enabled. This reduces the number of applied sites from 4086 to 3512, but increases workload throughput further to 1.114$\times$. At the same time, the BPF-cost ratio rises to 1.062$\times$, so this result should not be read as saying that \texttt{bulk\_memory} is universally harmful. Rather, it shows that an additional family can increase syntactic coverage without improving the measured datapath: the saved instructions may not outweigh the replacement overhead, or they may not lie on the part of the datapath that dominates throughput.",Cilium full paired BPF cost,1.009,corpus/results/x86_kvm_corpus_20260604_070210_639497,corpus/results/x86_kvm_corpus_20260604_070210_639497,yes,2026-06-04T07:02:10.639497+00:00,x86_kvm_corpus; CPU not recorded,not recorded,completed,bpf-benchmark/docs/archive/shared/kinsn_eval_20260604.py; bpf-benchmark/kinsn/docs/evaluation.md; paper-provenance/scripts/plot_app_case_studies.py (hard-coded plot inputs),yes,1.00903392,matches rounding,"Cilium full throughput: stats-off median; tuned: stats-off mean (median gives 1.118935, violating paper default median convention); cost: geomean of name/type/occurrence paired ns/run rows >=100. Katran throughput: mean; one paired hot-XDP cost row.","This paper figure uses the June4/tuned June5 pair, not the separate four-arm June5 ablation ladder."
C0064,current,body,empirical,paper/sections/7-evaluation.tex,103,"For Cilium, we start from the full x86-64 \lang policy used in RQ2. As shown in Figure~\ref{fig:app_policy_probes}, this policy applies 4086 sites and improves workload throughput to 1.074$\times$, while the BPF-cost ratio remains near neutral at 1.009$\times$. We then disable only the \texttt{bulk\_memory} family while keeping the other \lang families enabled. This reduces the number of applied sites from 4086 to 3512, but increases workload throughput further to 1.114$\times$. At the same time, the BPF-cost ratio rises to 1.062$\times$, so this result should not be read as saying that \texttt{bulk\_memory} is universally harmful. Rather, it shows that an additional family can increase syntactic coverage without improving the measured datapath: the saved instructions may not outweigh the replacement overhead, or they may not lie on the part of the datapath that dominates throughput.",Cilium no-bulk throughput,1.114,corpus/results/x86_kvm_corpus_20260605_004607_636479,corpus/results/x86_kvm_corpus_20260605_004607_636479,yes,2026-06-05T00:46:07.636479+00:00,x86_kvm_corpus; CPU not recorded,not recorded,completed,bpf-benchmark/docs/archive/shared/kinsn_eval_20260604.py; bpf-benchmark/kinsn/docs/evaluation.md; paper-provenance/scripts/plot_app_case_studies.py (hard-coded plot inputs),yes,1.11390257,matches rounding,"Cilium full throughput: stats-off median; tuned: stats-off mean (median gives 1.118935, violating paper default median convention); cost: geomean of name/type/occurrence paired ns/run rows >=100. Katran throughput: mean; one paired hot-XDP cost row.","This paper figure uses the June4/tuned June5 pair, not the separate four-arm June5 ablation ladder."
C0065,current,body,empirical,paper/sections/7-evaluation.tex,103,"For Cilium, we start from the full x86-64 \lang policy used in RQ2. As shown in Figure~\ref{fig:app_policy_probes}, this policy applies 4086 sites and improves workload throughput to 1.074$\times$, while the BPF-cost ratio remains near neutral at 1.009$\times$. We then disable only the \texttt{bulk\_memory} family while keeping the other \lang families enabled. This reduces the number of applied sites from 4086 to 3512, but increases workload throughput further to 1.114$\times$. At the same time, the BPF-cost ratio rises to 1.062$\times$, so this result should not be read as saying that \texttt{bulk\_memory} is universally harmful. Rather, it shows that an additional family can increase syntactic coverage without improving the measured datapath: the saved instructions may not outweigh the replacement overhead, or they may not lie on the part of the datapath that dominates throughput.",Cilium no-bulk paired BPF cost,1.062,corpus/results/x86_kvm_corpus_20260604_232313_992341,corpus/results/x86_kvm_corpus_20260604_232313_992341,yes,2026-06-04T23:23:13.992341+00:00,x86_kvm_corpus; CPU not recorded,not recorded,completed,bpf-benchmark/docs/archive/shared/kinsn_eval_20260604.py; bpf-benchmark/kinsn/docs/evaluation.md; paper-provenance/scripts/plot_app_case_studies.py (hard-coded plot inputs),yes,1.06186441,matches rounding,"Cilium full throughput: stats-off median; tuned: stats-off mean (median gives 1.118935, violating paper default median convention); cost: geomean of name/type/occurrence paired ns/run rows >=100. Katran throughput: mean; one paired hot-XDP cost row.","This paper figure uses the June4/tuned June5 pair, not the separate four-arm June5 ablation ladder."
C0066,current,body,empirical,paper/sections/7-evaluation.tex,105,"Katran shows the same policy lesson more directly. Figure~\ref{fig:app_policy_probes} shows that the conservative ARM64 policy used in RQ2 applies 21 sites and improves Katran to 1.073$\times$ workload throughput, while reducing BPF cost to 0.941$\times$. To test whether simply increasing coverage is beneficial, we then force a coverage-max policy that enables every implemented ARM64 family and applies 62 sites. The result is worse despite the larger number of applied sites: workload throughput falls to 0.995$\times$, and BPF cost rises to 1.006$\times$. Because Katran is dominated by a single hot XDP path, this result gives a particularly clear counterexample to coverage maximization: adding more matched sites does not translate into either higher throughput or lower BPF cost.",Katran conservative throughput,1.073,corpus/results/aws_arm64_corpus_20260605_080836_924256,corpus/results/aws_arm64_corpus_20260605_080836_924256,yes,2026-06-05T08:08:36.924256+00:00,aws_arm64_corpus; CPU not recorded,not recorded,error,bpf-benchmark/docs/archive/shared/kinsn_eval_20260604.py; bpf-benchmark/kinsn/docs/evaluation.md; paper-provenance/scripts/plot_app_case_studies.py (hard-coded plot inputs),yes,1.07275999,matches rounding,"Cilium full throughput: stats-off median; tuned: stats-off mean (median gives 1.118935, violating paper default median convention); cost: geomean of name/type/occurrence paired ns/run rows >=100. Katran throughput: mean; one paired hot-XDP cost row.","This paper figure uses the June4/tuned June5 pair, not the separate four-arm June5 ablation ladder."
C0067,current,body,empirical,paper/sections/7-evaluation.tex,105,"Katran shows the same policy lesson more directly. Figure~\ref{fig:app_policy_probes} shows that the conservative ARM64 policy used in RQ2 applies 21 sites and improves Katran to 1.073$\times$ workload throughput, while reducing BPF cost to 0.941$\times$. To test whether simply increasing coverage is beneficial, we then force a coverage-max policy that enables every implemented ARM64 family and applies 62 sites. The result is worse despite the larger number of applied sites: workload throughput falls to 0.995$\times$, and BPF cost rises to 1.006$\times$. Because Katran is dominated by a single hot XDP path, this result gives a particularly clear counterexample to coverage maximization: adding more matched sites does not translate into either higher throughput or lower BPF cost.",Katran conservative BPF cost,0.941,corpus/results/aws_arm64_corpus_20260605_080836_924256,corpus/results/aws_arm64_corpus_20260605_080836_924256,yes,2026-06-05T08:08:36.924256+00:00,aws_arm64_corpus; CPU not recorded,not recorded,error,bpf-benchmark/docs/archive/shared/kinsn_eval_20260604.py; bpf-benchmark/kinsn/docs/evaluation.md; paper-provenance/scripts/plot_app_case_studies.py (hard-coded plot inputs),yes,0.940924429,matches rounding,"Cilium full throughput: stats-off median; tuned: stats-off mean (median gives 1.118935, violating paper default median convention); cost: geomean of name/type/occurrence paired ns/run rows >=100. Katran throughput: mean; one paired hot-XDP cost row.","This paper figure uses the June4/tuned June5 pair, not the separate four-arm June5 ablation ladder."
C0068,current,body,empirical,paper/sections/7-evaluation.tex,105,"Katran shows the same policy lesson more directly. Figure~\ref{fig:app_policy_probes} shows that the conservative ARM64 policy used in RQ2 applies 21 sites and improves Katran to 1.073$\times$ workload throughput, while reducing BPF cost to 0.941$\times$. To test whether simply increasing coverage is beneficial, we then force a coverage-max policy that enables every implemented ARM64 family and applies 62 sites. The result is worse despite the larger number of applied sites: workload throughput falls to 0.995$\times$, and BPF cost rises to 1.006$\times$. Because Katran is dominated by a single hot XDP path, this result gives a particularly clear counterexample to coverage maximization: adding more matched sites does not translate into either higher throughput or lower BPF cost.",Katran coverage-max throughput,0.995,corpus/results/aws_arm64_corpus_20260605_094729_221231,corpus/results/aws_arm64_corpus_20260605_094729_221231,yes,2026-06-05T09:47:29.221231+00:00,aws_arm64_corpus; CPU not recorded,not recorded,error,bpf-benchmark/docs/archive/shared/kinsn_eval_20260604.py; bpf-benchmark/kinsn/docs/evaluation.md; paper-provenance/scripts/plot_app_case_studies.py (hard-coded plot inputs),yes,0.994743164,matches rounding,"Cilium full throughput: stats-off median; tuned: stats-off mean (median gives 1.118935, violating paper default median convention); cost: geomean of name/type/occurrence paired ns/run rows >=100. Katran throughput: mean; one paired hot-XDP cost row.","This paper figure uses the June4/tuned June5 pair, not the separate four-arm June5 ablation ladder."
C0069,current,body,empirical,paper/sections/7-evaluation.tex,105,"Katran shows the same policy lesson more directly. Figure~\ref{fig:app_policy_probes} shows that the conservative ARM64 policy used in RQ2 applies 21 sites and improves Katran to 1.073$\times$ workload throughput, while reducing BPF cost to 0.941$\times$. To test whether simply increasing coverage is beneficial, we then force a coverage-max policy that enables every implemented ARM64 family and applies 62 sites. The result is worse despite the larger number of applied sites: workload throughput falls to 0.995$\times$, and BPF cost rises to 1.006$\times$. Because Katran is dominated by a single hot XDP path, this result gives a particularly clear counterexample to coverage maximization: adding more matched sites does not translate into either higher throughput or lower BPF cost.",Katran coverage-max BPF cost,1.006,corpus/results/aws_arm64_corpus_20260605_094729_221231,corpus/results/aws_arm64_corpus_20260605_094729_221231,yes,2026-06-05T09:47:29.221231+00:00,aws_arm64_corpus; CPU not recorded,not recorded,error,bpf-benchmark/docs/archive/shared/kinsn_eval_20260604.py; bpf-benchmark/kinsn/docs/evaluation.md; paper-provenance/scripts/plot_app_case_studies.py (hard-coded plot inputs),yes,1.00555975,matches rounding,"Cilium full throughput: stats-off median; tuned: stats-off mean (median gives 1.118935, violating paper default median convention); cost: geomean of name/type/occurrence paired ns/run rows >=100. Katran throughput: mean; one paired hot-XDP cost row.","This paper figure uses the June4/tuned June5 pair, not the separate four-arm June5 ablation ladder."
C0070,current,body,declared count,paper/sections/7-evaluation.tex,103,"For Cilium, we start from the full x86-64 \lang policy used in RQ2. As shown in Figure~\ref{fig:app_policy_probes}, this policy applies 4086 sites and improves workload throughput to 1.074$\times$, while the BPF-cost ratio remains near neutral at 1.009$\times$. We then disable only the \texttt{bulk\_memory} family while keeping the other \lang families enabled. This reduces the number of applied sites from 4086 to 3512, but increases workload throughput further to 1.114$\times$. At the same time, the BPF-cost ratio rises to 1.062$\times$, so this result should not be read as saying that \texttt{bulk\_memory} is universally harmful. Rather, it shows that an additional family can increase syntactic coverage without improving the measured datapath: the saved instructions may not outweigh the replacement overhead, or they may not lie on the part of the datapath that dominates throughput.",Cilium repeated full site count,4086,corpus/results/x86_kvm_corpus_20260604_070210_639497,corpus/results/x86_kvm_corpus_20260604_070210_639497,run exists; required raw report absent,2026-06-04T07:02:10.639497+00:00,x86_kvm_corpus; CPU not recorded,not recorded,completed,bpf-benchmark/docs/archive/shared/kinsn_eval_20260604.py; bpf-benchmark/kinsn/docs/evaluation.md; paper-provenance/scripts/plot_app_case_studies.py (hard-coded plot inputs),no,,unverifiable original count,,No original per-pass report retained.
C0071,current,body,declared count,paper/sections/7-evaluation.tex,103,"For Cilium, we start from the full x86-64 \lang policy used in RQ2. As shown in Figure~\ref{fig:app_policy_probes}, this policy applies 4086 sites and improves workload throughput to 1.074$\times$, while the BPF-cost ratio remains near neutral at 1.009$\times$. We then disable only the \texttt{bulk\_memory} family while keeping the other \lang families enabled. This reduces the number of applied sites from 4086 to 3512, but increases workload throughput further to 1.114$\times$. At the same time, the BPF-cost ratio rises to 1.062$\times$, so this result should not be read as saying that \texttt{bulk\_memory} is universally harmful. Rather, it shows that an additional family can increase syntactic coverage without improving the measured datapath: the saved instructions may not outweigh the replacement overhead, or they may not lie on the part of the datapath that dominates throughput.",Cilium no-bulk site count,3512,corpus/results/x86_kvm_corpus_20260604_232313_992341,corpus/results/x86_kvm_corpus_20260604_232313_992341,run exists; required raw report absent,2026-06-04T23:23:13.992341+00:00,x86_kvm_corpus; CPU not recorded,not recorded,completed,bpf-benchmark/docs/archive/shared/kinsn_eval_20260604.py; bpf-benchmark/kinsn/docs/evaluation.md; paper-provenance/scripts/plot_app_case_studies.py (hard-coded plot inputs),no,,unverifiable original count,,No original per-pass report retained.
C0072,current,body,declared count,paper/sections/7-evaluation.tex,105,"Katran shows the same policy lesson more directly. Figure~\ref{fig:app_policy_probes} shows that the conservative ARM64 policy used in RQ2 applies 21 sites and improves Katran to 1.073$\times$ workload throughput, while reducing BPF cost to 0.941$\times$. To test whether simply increasing coverage is beneficial, we then force a coverage-max policy that enables every implemented ARM64 family and applies 62 sites. The result is worse despite the larger number of applied sites: workload throughput falls to 0.995$\times$, and BPF cost rises to 1.006$\times$. Because Katran is dominated by a single hot XDP path, this result gives a particularly clear counterexample to coverage maximization: adding more matched sites does not translate into either higher throughput or lower BPF cost.",Katran repeated conservative site count,21,corpus/results/aws_arm64_corpus_20260605_080836_924256,corpus/results/aws_arm64_corpus_20260605_080836_924256,run exists; required raw report absent,2026-06-05T08:08:36.924256+00:00,aws_arm64_corpus; CPU not recorded,not recorded,error,bpf-benchmark/docs/archive/shared/kinsn_eval_20260604.py; bpf-benchmark/kinsn/docs/evaluation.md; paper-provenance/scripts/plot_app_case_studies.py (hard-coded plot inputs),no,,unverifiable original count,,No original per-pass report retained.
C0073,current,body,declared count,paper/sections/7-evaluation.tex,105,"Katran shows the same policy lesson more directly. Figure~\ref{fig:app_policy_probes} shows that the conservative ARM64 policy used in RQ2 applies 21 sites and improves Katran to 1.073$\times$ workload throughput, while reducing BPF cost to 0.941$\times$. To test whether simply increasing coverage is beneficial, we then force a coverage-max policy that enables every implemented ARM64 family and applies 62 sites. The result is worse despite the larger number of applied sites: workload throughput falls to 0.995$\times$, and BPF cost rises to 1.006$\times$. Because Katran is dominated by a single hot XDP path, this result gives a particularly clear counterexample to coverage maximization: adding more matched sites does not translate into either higher throughput or lower BPF cost.",Katran coverage-max sites,62,corpus/results/aws_arm64_corpus_20260605_094729_221231,corpus/results/aws_arm64_corpus_20260605_094729_221231,run exists; required raw report absent,2026-06-05T09:47:29.221231+00:00,aws_arm64_corpus; CPU not recorded,not recorded,error,bpf-benchmark/docs/archive/shared/kinsn_eval_20260604.py; bpf-benchmark/kinsn/docs/evaluation.md; paper-provenance/scripts/plot_app_case_studies.py (hard-coded plot inputs),no,,unverifiable original count,,No original per-pass report retained.
C0074,current,body,empirical,paper/sections/7-evaluation.tex,117,"Relaxing the trust boundary exposes a much higher performance ceiling. Cilium throughput improves by 2.358$\times$ over stock eBPF, and retained BPF cost drops from 488.7~ns/run to 262.3~ns/run, a 1.86$\times$ BPF-counter speedup.",Cilium native throughput,2.358,corpus/results/x86_kvm_corpus_20260529_040554_604387,corpus/results/x86_kvm_corpus_20260529_040554_604387,yes,2026-05-29T04:05:54.604387+00:00,x86_kvm_corpus; CPU not recorded,not recorded,completed,bpf-benchmark/kprog/docs/archive/native_eval_20260529.py; bpf-benchmark/docs/artifacts/render_claim_table.py,yes,2.35797404,matches rounding,"throughput: stats-off median summed pps; cost: phase sum(run_time_ns_delta)/sum(run_cnt_delta), retain each phase row >=100",
C0075,current,body,empirical,paper/sections/7-evaluation.tex,117,"Relaxing the trust boundary exposes a much higher performance ceiling. Cilium throughput improves by 2.358$\times$ over stock eBPF, and retained BPF cost drops from 488.7~ns/run to 262.3~ns/run, a 1.86$\times$ BPF-counter speedup.",Cilium baseline BPF ns/run,488.7,corpus/results/x86_kvm_corpus_20260529_033517_489159,corpus/results/x86_kvm_corpus_20260529_033517_489159,yes,2026-05-29T03:35:17.489159+00:00,x86_kvm_corpus; CPU not recorded,not recorded,completed,bpf-benchmark/kprog/docs/archive/native_eval_20260529.py; bpf-benchmark/docs/artifacts/render_claim_table.py,yes,488.675818,matches rounding,"throughput: stats-off median summed pps; cost: phase sum(run_time_ns_delta)/sum(run_cnt_delta), retain each phase row >=100",
C0076,current,body,empirical,paper/sections/7-evaluation.tex,117,"Relaxing the trust boundary exposes a much higher performance ceiling. Cilium throughput improves by 2.358$\times$ over stock eBPF, and retained BPF cost drops from 488.7~ns/run to 262.3~ns/run, a 1.86$\times$ BPF-counter speedup.",Cilium native BPF ns/run,262.3,corpus/results/x86_kvm_corpus_20260529_033517_489159,corpus/results/x86_kvm_corpus_20260529_033517_489159,yes,2026-05-29T03:35:17.489159+00:00,x86_kvm_corpus; CPU not recorded,not recorded,completed,bpf-benchmark/kprog/docs/archive/native_eval_20260529.py; bpf-benchmark/docs/artifacts/render_claim_table.py,yes,262.298078,matches rounding,"throughput: stats-off median summed pps; cost: phase sum(run_time_ns_delta)/sum(run_cnt_delta), retain each phase row >=100",
C0077,current,body,empirical,paper/sections/7-evaluation.tex,117,"Relaxing the trust boundary exposes a much higher performance ceiling. Cilium throughput improves by 2.358$\times$ over stock eBPF, and retained BPF cost drops from 488.7~ns/run to 262.3~ns/run, a 1.86$\times$ BPF-counter speedup.",Cilium BPF-counter speedup,1.86,corpus/results/x86_kvm_corpus_20260529_033517_489159,corpus/results/x86_kvm_corpus_20260529_033517_489159,yes,2026-05-29T03:35:17.489159+00:00,x86_kvm_corpus; CPU not recorded,not recorded,completed,bpf-benchmark/kprog/docs/archive/native_eval_20260529.py; bpf-benchmark/docs/artifacts/render_claim_table.py,yes,1.86305527,matches rounding,"throughput: stats-off median summed pps; cost: phase sum(run_time_ns_delta)/sum(run_cnt_delta), retain each phase row >=100",
C0078,current,body,empirical,paper/sections/7-evaluation.tex,113,"The three RQs above evaluate \lang as an instantiation of \tool. We now place \tool in a broader design space by using \tool itself to load whole-program native replacements. In this experiment, each Cilium BPF program is compiled from the same C source along two paths: the proof sequence is the normal eBPF bytecode that the verifier checks, while the native emit is the same source compiled with LLVM \texttt{-O2} directly to native code. The verifier still checks the eBPF proof sequence on every load, but the equivalence between the two compilations is trusted rather than proved, so the application's native code becomes part of the TCB. The 2.358$\times$ upper bound is not comparable to the characterization's 1.57$\times$ microbenchmark gap, which measures pure-bytecode kernels in isolation rather than Cilium's full datapath.",native upper-bound repetition,2.358,corpus/results/x86_kvm_corpus_20260529_040554_604387,corpus/results/x86_kvm_corpus_20260529_040554_604387,yes,2026-05-29T04:05:54.604387+00:00,x86_kvm_corpus; CPU not recorded,not recorded,completed,bpf-benchmark/kprog/docs/archive/native_eval_20260529.py; bpf-benchmark/docs/artifacts/render_claim_table.py,yes,2.35797404,matches rounding,"throughput: stats-off median summed pps; cost: phase sum(run_time_ns_delta)/sum(run_cnt_delta), retain each phase row >=100",
C0079,current,body,declared count,paper/sections/7-evaluation.tex,119,"The performance gain comes with a larger trusted surface. The Cilium native run logs 113 native replacements and 22 manifest no-match pass-throughs. The native sidecar data also records 89 Cilium manifest objects across 8 native files. These numbers are not a full TCB LOC audit, but they show the scale of the code surface that the native path must trust or validate.",native replacements,113,corpus/results/x86_kvm_corpus_20260529_033517_489159; corpus/results/x86_kvm_corpus_20260529_040554_604387,corpus/results/x86_kvm_corpus_20260529_033517_489159; corpus/results/x86_kvm_corpus_20260529_040554_604387,run exists; required raw report absent,2026-05-29T03:35:17.489159+00:00; 2026-05-29T04:05:54.604387+00:00,x86_kvm_corpus; CPU not recorded,not recorded,completed,bpf-benchmark/kprog/docs/archive/native_eval_20260529.py; bpf-benchmark/docs/artifacts/render_claim_table.py,no,,unverifiable original loader count,,"Original loader stream/sidecar absent. Sept24 evidence has 135 replacements, 0 pass-throughs, 89 objects across 6 files; different generation."
C0080,current,body,declared count,paper/sections/7-evaluation.tex,119,"The performance gain comes with a larger trusted surface. The Cilium native run logs 113 native replacements and 22 manifest no-match pass-throughs. The native sidecar data also records 89 Cilium manifest objects across 8 native files. These numbers are not a full TCB LOC audit, but they show the scale of the code surface that the native path must trust or validate.",manifest no-match pass-throughs,22,corpus/results/x86_kvm_corpus_20260529_033517_489159; corpus/results/x86_kvm_corpus_20260529_040554_604387,corpus/results/x86_kvm_corpus_20260529_033517_489159; corpus/results/x86_kvm_corpus_20260529_040554_604387,run exists; required raw report absent,2026-05-29T03:35:17.489159+00:00; 2026-05-29T04:05:54.604387+00:00,x86_kvm_corpus; CPU not recorded,not recorded,completed,bpf-benchmark/kprog/docs/archive/native_eval_20260529.py; bpf-benchmark/docs/artifacts/render_claim_table.py,no,,unverifiable original loader count,,"Original loader stream/sidecar absent. Sept24 evidence has 135 replacements, 0 pass-throughs, 89 objects across 6 files; different generation."
C0081,current,body,declared count,paper/sections/7-evaluation.tex,119,"The performance gain comes with a larger trusted surface. The Cilium native run logs 113 native replacements and 22 manifest no-match pass-throughs. The native sidecar data also records 89 Cilium manifest objects across 8 native files. These numbers are not a full TCB LOC audit, but they show the scale of the code surface that the native path must trust or validate.",Cilium manifest objects,89,corpus/results/x86_kvm_corpus_20260529_033517_489159; corpus/results/x86_kvm_corpus_20260529_040554_604387,corpus/results/x86_kvm_corpus_20260529_033517_489159; corpus/results/x86_kvm_corpus_20260529_040554_604387,run exists; required raw report absent,2026-05-29T03:35:17.489159+00:00; 2026-05-29T04:05:54.604387+00:00,x86_kvm_corpus; CPU not recorded,not recorded,completed,bpf-benchmark/kprog/docs/archive/native_eval_20260529.py; bpf-benchmark/docs/artifacts/render_claim_table.py,no,,unverifiable original loader count,,"Original loader stream/sidecar absent. Sept24 evidence has 135 replacements, 0 pass-throughs, 89 objects across 6 files; different generation."
C0082,current,body,declared count,paper/sections/7-evaluation.tex,119,"The performance gain comes with a larger trusted surface. The Cilium native run logs 113 native replacements and 22 manifest no-match pass-throughs. The native sidecar data also records 89 Cilium manifest objects across 8 native files. These numbers are not a full TCB LOC audit, but they show the scale of the code surface that the native path must trust or validate.",native files,8,corpus/results/x86_kvm_corpus_20260529_033517_489159; corpus/results/x86_kvm_corpus_20260529_040554_604387,corpus/results/x86_kvm_corpus_20260529_033517_489159; corpus/results/x86_kvm_corpus_20260529_040554_604387,run exists; required raw report absent,2026-05-29T03:35:17.489159+00:00; 2026-05-29T04:05:54.604387+00:00,x86_kvm_corpus; CPU not recorded,not recorded,completed,bpf-benchmark/kprog/docs/archive/native_eval_20260529.py; bpf-benchmark/docs/artifacts/render_claim_table.py,no,,unverifiable original loader count,,"Original loader stream/sidecar absent. Sept24 evidence has 135 replacements, 0 pass-throughs, 89 objects across 6 files; different generation."
C0083,current,body,empirical,paper/sections/7-evaluation.tex,121,"This places stock eBPF, \tool instantiated as \lang, and native-in-kernel execution at three points in the same design space. Stock eBPF is the most conservative point: it keeps the existing verifier/JIT trust boundary but pays the cost of a small virtual instruction set. Native-in-kernel execution is the performance ceiling under an assumed-safe model, but it trusts whole native replacements and the loader path. \lang occupies the middle ground: its 1.074$\times$ Cilium throughput gain recovers 5.4\% of the 2.358$\times$ native upper bound's gap $((1.074{-}1)/(2.358{-}1))$, compared with 42\% on the microbenchmarks, because real datapaths spend most of their time in helpers, maps, and tail calls that \lang does not target. \lang does not reach the native upper bound, but it provides controllable speedups through a bounded, kernel-defined instruction surface rather than trusting whole native replacement objects.",Cilium fraction of native gap recovered (%),5.4,corpus/results/x86_kvm_corpus_20260604_100557_313063; corpus/results/x86_kvm_corpus_20260529_040554_604387,corpus/results/x86_kvm_corpus_20260604_100557_313063; corpus/results/x86_kvm_corpus_20260529_040554_604387,yes,2026-06-04T10:05:57.313063+00:00; 2026-05-29T04:05:54.604387+00:00,x86_kvm_corpus; CPU not recorded,not recorded,completed,bpf-benchmark/kprog/docs/archive/native_eval_20260529.py; bpf-benchmark/docs/artifacts/render_claim_table.py,yes,5.4686141,MISMATCH,(kinsn throughput-1)/(native throughput-1)*100,
C0084,current,body,empirical,paper/sections/7-evaluation.tex,66,"execution time by 18.17\%. Both architectures produce zero correctness mismatches. On the microbenchmarks, the 1.242$\times$ speedup recovers 42\% of the characterization's 1.57$\times$ eBPF-native gap on x86-64 $((1.242{-}1)/(1.57{-}1))$.",micro fraction of characterization gap recovered (%),42,micro/results/x86_kvm_micro_20260519_114214_364050; micro/results/x86_kvm_micro_20260526_210351_224315; micro/results/x86_kvm_micro_20260526_210952_650695,micro/results/x86_kvm_micro_20260519_114214_364050; micro/results/x86_kvm_micro_20260526_210351_224315; micro/results/x86_kvm_micro_20260526_210952_650695,yes,2026-05-19T11:42:14.364050+00:00; 2026-05-26T21:03:51.224315+00:00; 2026-05-26T21:09:52.650695+00:00,x86_kvm_micro; CPU Intel(R) Core(TM) Ultra 9 285K,unknown,completed,paper-provenance/scripts/plot_evaluation_kinsn.py (older 29-case source); bpf-benchmark/docs/artifacts/render_claim_table.py (27-case derivation),yes,42.0550595,matches rounding,(kinsn speedup-1)/(native speedup-1)*100,
C0085,current,body,empirical,paper/sections/0-abstract.tex,47,"On x86-64 and ARM64, \lang speeds up eBPF microbenchmarks by 24\% and 22\% in geometric mean and production applications by up to 12\%.",x86 headline speed increase (%),24,micro/results/x86_kvm_micro_20260519_114214_364050; micro/results/x86_kvm_micro_20260526_210351_224315,micro/results/x86_kvm_micro_20260519_114214_364050; micro/results/x86_kvm_micro_20260526_210351_224315,yes,2026-05-19T11:42:14.364050+00:00; 2026-05-26T21:03:51.224315+00:00,x86_kvm_micro; CPU Intel(R) Core(TM) Ultra 9 285K,unknown,completed,paper-provenance/scripts/plot_evaluation_kinsn.py (older 29-case source); bpf-benchmark/docs/artifacts/render_claim_table.py (27-case derivation),yes,24.1735836,matches rounding,,
C0086,current,body,empirical,paper/sections/0-abstract.tex,47,"On x86-64 and ARM64, \lang speeds up eBPF microbenchmarks by 24\% and 22\% in geometric mean and production applications by up to 12\%.",ARM64 headline speed increase (%),22,micro/results/aws_arm64_micro_20260606_001225_821028,micro/results/aws_arm64_micro_20260606_001225_821028,yes,2026-06-06T00:12:25.821028+00:00,aws_arm64_micro; CPU aarch64,unknown,completed,paper-provenance/scripts/plot_evaluation_kinsn.py (older 29-case source); bpf-benchmark/docs/artifacts/render_claim_table.py (27-case derivation),yes,22.2042161,matches rounding,,
C0087,current,body,empirical,paper/sections/0-abstract.tex,47,"On x86-64 and ARM64, \lang speeds up eBPF microbenchmarks by 24\% and 22\% in geometric mean and production applications by up to 12\%.",production throughput increase up to (%),12,corpus/results/x86_kvm_corpus_20260605_004607_636479,corpus/results/x86_kvm_corpus_20260605_004607_636479,yes,2026-06-05T00:46:07.636479+00:00,x86_kvm_corpus; CPU not recorded,not recorded,completed,bpf-benchmark/docs/archive/shared/kinsn_eval_20260604.py; bpf-benchmark/kinsn/docs/evaluation.md; paper-provenance/scripts/plot_app_case_studies.py (hard-coded plot inputs),yes,11.390256736% mean; 11.893520223% median,approximate bound; aggregation-dependent,tuned Cilium mean pps ratio matches body 1.114; median-phase ratio rounds to a 12% increase,"Mean-based increase is 11.390%, below loose 12% bound; paper default median gives 11.894%."
C0088,current,body,empirical,paper/sections/0-abstract.tex,49,"The same interface also supports whole-program native replacement, reaching 2.358$\times$ on Cilium at the cost of a larger TCB.",Cilium native headline speedup,2.358,corpus/results/x86_kvm_corpus_20260529_040554_604387,corpus/results/x86_kvm_corpus_20260529_040554_604387,yes,2026-05-29T04:05:54.604387+00:00,x86_kvm_corpus; CPU not recorded,not recorded,completed,bpf-benchmark/kprog/docs/archive/native_eval_20260529.py; bpf-benchmark/docs/artifacts/render_claim_table.py,yes,2.35797404,matches rounding,,
C0089,current,body,empirical,paper/sections/1-introduction.tex,152,"\lang speeds up eBPF microbenchmarks by 24\% on x86-64 and 22\% on ARM64 in geometric mean over the unmodified pipeline, recovering 42\% of the x86-64 gap to native code, and improves production application throughput by up to 12\%.",x86 headline speed increase (%),24,micro/results/x86_kvm_micro_20260519_114214_364050; micro/results/x86_kvm_micro_20260526_210351_224315,micro/results/x86_kvm_micro_20260519_114214_364050; micro/results/x86_kvm_micro_20260526_210351_224315,yes,2026-05-19T11:42:14.364050+00:00; 2026-05-26T21:03:51.224315+00:00,x86_kvm_micro; CPU Intel(R) Core(TM) Ultra 9 285K,unknown,completed,paper-provenance/scripts/plot_evaluation_kinsn.py (older 29-case source); bpf-benchmark/docs/artifacts/render_claim_table.py (27-case derivation),yes,24.1735836,matches rounding,,
C0090,current,body,empirical,paper/sections/1-introduction.tex,152,"\lang speeds up eBPF microbenchmarks by 24\% on x86-64 and 22\% on ARM64 in geometric mean over the unmodified pipeline, recovering 42\% of the x86-64 gap to native code, and improves production application throughput by up to 12\%.",ARM64 headline speed increase (%),22,micro/results/aws_arm64_micro_20260606_001225_821028,micro/results/aws_arm64_micro_20260606_001225_821028,yes,2026-06-06T00:12:25.821028+00:00,aws_arm64_micro; CPU aarch64,unknown,completed,paper-provenance/scripts/plot_evaluation_kinsn.py (older 29-case source); bpf-benchmark/docs/artifacts/render_claim_table.py (27-case derivation),yes,22.2042161,matches rounding,,
C0091,current,body,empirical,paper/sections/1-introduction.tex,152,"\lang speeds up eBPF microbenchmarks by 24\% on x86-64 and 22\% on ARM64 in geometric mean over the unmodified pipeline, recovering 42\% of the x86-64 gap to native code, and improves production application throughput by up to 12\%.",production throughput increase up to (%),12,corpus/results/x86_kvm_corpus_20260605_004607_636479,corpus/results/x86_kvm_corpus_20260605_004607_636479,yes,2026-06-05T00:46:07.636479+00:00,x86_kvm_corpus; CPU not recorded,not recorded,completed,bpf-benchmark/docs/archive/shared/kinsn_eval_20260604.py; bpf-benchmark/kinsn/docs/evaluation.md; paper-provenance/scripts/plot_app_case_studies.py (hard-coded plot inputs),yes,11.390256736% mean; 11.893520223% median,approximate bound; aggregation-dependent,tuned Cilium mean pps ratio matches body 1.114; median-phase ratio rounds to a 12% increase,"Mean-based increase is 11.390%, below loose 12% bound; paper default median gives 11.894%."
C0092,current,body,empirical,paper/sections/1-introduction.tex,156,"The same \tool mechanism also supports whole-program native replacement, reaching 2.358$\times$ on Cilium at the cost of trusting the application's native code (\S\ref{subsec:native_upper_bound}).",Cilium native headline speedup,2.358,corpus/results/x86_kvm_corpus_20260529_040554_604387,corpus/results/x86_kvm_corpus_20260529_040554_604387,yes,2026-05-29T04:05:54.604387+00:00,x86_kvm_corpus; CPU not recorded,not recorded,completed,bpf-benchmark/kprog/docs/archive/native_eval_20260529.py; bpf-benchmark/docs/artifacts/render_claim_table.py,yes,2.35797404,matches rounding,,
C0093,current,body,empirical,paper/sections/1-introduction.tex,152,"\lang speeds up eBPF microbenchmarks by 24\% on x86-64 and 22\% on ARM64 in geometric mean over the unmodified pipeline, recovering 42\% of the x86-64 gap to native code, and improves production application throughput by up to 12\%.",headline recovered micro gap (%),42,micro/results/x86_kvm_micro_20260519_114214_364050; micro/results/x86_kvm_micro_20260526_210351_224315; micro/results/x86_kvm_micro_20260526_210952_650695,micro/results/x86_kvm_micro_20260519_114214_364050; micro/results/x86_kvm_micro_20260526_210351_224315; micro/results/x86_kvm_micro_20260526_210952_650695,yes,2026-05-19T11:42:14.364050+00:00; 2026-05-26T21:03:51.224315+00:00; 2026-05-26T21:09:52.650695+00:00,x86_kvm_micro; CPU Intel(R) Core(TM) Ultra 9 285K,unknown,completed,paper-provenance/scripts/plot_evaluation_kinsn.py (older 29-case source); bpf-benchmark/docs/artifacts/render_claim_table.py (27-case derivation),yes,42.0550595,matches rounding,,
C0094,current,body,empirical,paper/sections/1-introduction.tex,167,\item An implementation in the Linux kernel and userspace tooling (\S\ref{sec:implementation}) recovers 42\% of the x86-64 eBPF-native gap in our evaluation (\S\ref{sec:eval}).,contribution recovered micro gap (%),42,micro/results/x86_kvm_micro_20260519_114214_364050; micro/results/x86_kvm_micro_20260526_210351_224315; micro/results/x86_kvm_micro_20260526_210952_650695,micro/results/x86_kvm_micro_20260519_114214_364050; micro/results/x86_kvm_micro_20260526_210351_224315; micro/results/x86_kvm_micro_20260526_210952_650695,yes,2026-05-19T11:42:14.364050+00:00; 2026-05-26T21:03:51.224315+00:00; 2026-05-26T21:09:52.650695+00:00,x86_kvm_micro; CPU Intel(R) Core(TM) Ultra 9 285K,unknown,completed,paper-provenance/scripts/plot_evaluation_kinsn.py (older 29-case source); bpf-benchmark/docs/artifacts/render_claim_table.py (27-case derivation),yes,42.0550595,matches rounding,,
C0095,current,body,empirical,paper/sections/1-introduction.tex,154,Native code size shrinks by 12--23\% with no change to the existing verifier analysis (\S\ref{sec:eval}).,native code reduction range,12--23%,micro/results/x86_kvm_micro_20260519_114214_364050; micro/results/x86_kvm_micro_20260526_210351_224315; micro/results/aws_arm64_micro_20260606_001225_821028,micro/results/x86_kvm_micro_20260519_114214_364050; micro/results/x86_kvm_micro_20260526_210351_224315; micro/results/aws_arm64_micro_20260606_001225_821028,yes,2026-05-19T11:42:14.364050+00:00; 2026-05-26T21:03:51.224315+00:00; 2026-06-06T00:12:25.821028+00:00,x86_kvm_micro; CPU Intel(R) Core(TM) Ultra 9 285K; aws_arm64_micro; CPU aarch64,unknown,completed,paper-provenance/scripts/plot_evaluation_kinsn.py (older 29-case source); bpf-benchmark/docs/artifacts/render_claim_table.py (27-case derivation),yes,12.088384%--22.819312%,matches rounding,native code geomean over all 29 cases,
C0096,current,body,figure bar,paper/figures/sec-3-pure-bytecode-percase.tex,3,\includegraphics[width=\textwidth]{figures/sec-3-4config-percase.pdf},x86 bcc_runqlat_log2_histogram_bucket native_kernel plotted speedup,bar (value derived below),micro/results/x86_kvm_micro_20260526_210952_650695,micro/results/x86_kvm_micro_20260526_210952_650695,yes,2026-05-26T21:09:52.650695+00:00,x86_kvm_micro; CPU Intel(R) Core(TM) Ultra 9 285K,unknown,completed,bpf-benchmark/docs/archive/shared/plot_micro_characterization_20260527.py; paper-provenance/scripts/plot_characterization_pure_percase.py (older 29-case source; final 27-case/4config generator not retained),yes,1.164251208,recomputed; figure legends match; bars visually consistent,median kernel/path exec_ns; each ARM path has its own baseline,"Final figure is sec-3-4config-percase.pdf, introduced June10; updated generating script not tracked."
C0097,current,body,figure bar,paper/figures/sec-3-pure-bytecode-percase.tex,3,\includegraphics[width=\textwidth]{figures/sec-3-4config-percase.pdf},x86 bcc_tcpconnect_ipv4_tuple_filter native_kernel plotted speedup,bar (value derived below),micro/results/x86_kvm_micro_20260526_210952_650695,micro/results/x86_kvm_micro_20260526_210952_650695,yes,2026-05-26T21:09:52.650695+00:00,x86_kvm_micro; CPU Intel(R) Core(TM) Ultra 9 285K,unknown,completed,bpf-benchmark/docs/archive/shared/plot_micro_characterization_20260527.py; paper-provenance/scripts/plot_characterization_pure_percase.py (older 29-case source; final 27-case/4config generator not retained),yes,1.693548387,recomputed; figure legends match; bars visually consistent,median kernel/path exec_ns; each ARM path has its own baseline,"Final figure is sec-3-4config-percase.pdf, introduced June10; updated generating script not tracked."
C0098,current,body,figure bar,paper/figures/sec-3-pure-bytecode-percase.tex,3,\includegraphics[width=\textwidth]{figures/sec-3-4config-percase.pdf},x86 bitmap_popcount_scan native_kernel plotted speedup,bar (value derived below),micro/results/x86_kvm_micro_20260526_210952_650695,micro/results/x86_kvm_micro_20260526_210952_650695,yes,2026-05-26T21:09:52.650695+00:00,x86_kvm_micro; CPU Intel(R) Core(TM) Ultra 9 285K,unknown,completed,bpf-benchmark/docs/archive/shared/plot_micro_characterization_20260527.py; paper-provenance/scripts/plot_characterization_pure_percase.py (older 29-case source; final 27-case/4config generator not retained),yes,2.383297645,recomputed; figure legends match; bars visually consistent,median kernel/path exec_ns; each ARM path has its own baseline,"Final figure is sec-3-4config-percase.pdf, introduced June10; updated generating script not tracked."
C0099,current,body,figure bar,paper/figures/sec-3-pure-bytecode-percase.tex,3,\includegraphics[width=\textwidth]{figures/sec-3-4config-percase.pdf},x86 bpf_local_call_fanout_dispatch native_kernel plotted speedup,bar (value derived below),micro/results/x86_kvm_micro_20260526_210952_650695,micro/results/x86_kvm_micro_20260526_210952_650695,yes,2026-05-26T21:09:52.650695+00:00,x86_kvm_micro; CPU Intel(R) Core(TM) Ultra 9 285K,unknown,completed,bpf-benchmark/docs/archive/shared/plot_micro_characterization_20260527.py; paper-provenance/scripts/plot_characterization_pure_percase.py (older 29-case source; final 27-case/4config generator not retained),yes,1.797101449,recomputed; figure legends match; bars visually consistent,median kernel/path exec_ns; each ARM path has its own baseline,"Final figure is sec-3-4config-percase.pdf, introduced June10; updated generating script not tracked."
C0100,current,body,figure bar,paper/figures/sec-3-pure-bytecode-percase.tex,3,\includegraphics[width=\textwidth]{figures/sec-3-4config-percase.pdf},x86 bpftrace_comm_key_fnv_hash native_kernel plotted speedup,bar (value derived below),micro/results/x86_kvm_micro_20260526_210952_650695,micro/results/x86_kvm_micro_20260526_210952_650695,yes,2026-05-26T21:09:52.650695+00:00,x86_kvm_micro; CPU Intel(R) Core(TM) Ultra 9 285K,unknown,completed,bpf-benchmark/docs/archive/shared/plot_micro_characterization_20260527.py; paper-provenance/scripts/plot_characterization_pure_percase.py (older 29-case source; final 27-case/4config generator not retained),yes,1.013953488,recomputed; figure legends match; bars visually consistent,median kernel/path exec_ns; each ARM path has its own baseline,"Final figure is sec-3-4config-percase.pdf, introduced June10; updated generating script not tracked."
C0101,current,body,figure bar,paper/figures/sec-3-pure-bytecode-percase.tex,3,\includegraphics[width=\textwidth]{figures/sec-3-4config-percase.pdf},x86 bpftrace_string_search_prefix_scan native_kernel plotted speedup,bar (value derived below),micro/results/x86_kvm_micro_20260526_210952_650695,micro/results/x86_kvm_micro_20260526_210952_650695,yes,2026-05-26T21:09:52.650695+00:00,x86_kvm_micro; CPU Intel(R) Core(TM) Ultra 9 285K,unknown,completed,bpf-benchmark/docs/archive/shared/plot_micro_characterization_20260527.py; paper-provenance/scripts/plot_characterization_pure_percase.py (older 29-case source; final 27-case/4config generator not retained),yes,1.693693694,recomputed; figure legends match; bars visually consistent,median kernel/path exec_ns; each ARM path has its own baseline,"Final figure is sec-3-4config-percase.pdf, introduced June10; updated generating script not tracked."
C0102,current,body,figure bar,paper/figures/sec-3-pure-bytecode-percase.tex,3,\includegraphics[width=\textwidth]{figures/sec-3-4config-percase.pdf},x86 cgroup_skb_hash_chain native_kernel plotted speedup,bar (value derived below),micro/results/x86_kvm_micro_20260526_210952_650695,micro/results/x86_kvm_micro_20260526_210952_650695,yes,2026-05-26T21:09:52.650695+00:00,x86_kvm_micro; CPU Intel(R) Core(TM) Ultra 9 285K,unknown,completed,bpf-benchmark/docs/archive/shared/plot_micro_characterization_20260527.py; paper-provenance/scripts/plot_characterization_pure_percase.py (older 29-case source; final 27-case/4config generator not retained),yes,1.415841584,recomputed; figure legends match; bars visually consistent,median kernel/path exec_ns; each ARM path has its own baseline,"Final figure is sec-3-4config-percase.pdf, introduced June10; updated generating script not tracked."
C0103,current,body,figure bar,paper/figures/sec-3-pure-bytecode-percase.tex,3,\includegraphics[width=\textwidth]{figures/sec-3-4config-percase.pdf},x86 cilium_ct_nat_tuple_rewrite native_kernel plotted speedup,bar (value derived below),micro/results/x86_kvm_micro_20260526_210952_650695,micro/results/x86_kvm_micro_20260526_210952_650695,yes,2026-05-26T21:09:52.650695+00:00,x86_kvm_micro; CPU Intel(R) Core(TM) Ultra 9 285K,unknown,completed,bpf-benchmark/docs/archive/shared/plot_micro_characterization_20260527.py; paper-provenance/scripts/plot_characterization_pure_percase.py (older 29-case source; final 27-case/4config generator not retained),yes,1.934210526,recomputed; figure legends match; bars visually consistent,median kernel/path exec_ns; each ARM path has its own baseline,"Final figure is sec-3-4config-percase.pdf, introduced June10; updated generating script not tracked."
C0104,current,body,figure bar,paper/figures/sec-3-pure-bytecode-percase.tex,3,\includegraphics[width=\textwidth]{figures/sec-3-4config-percase.pdf},x86 cilium_policy_guard_tree_filter native_kernel plotted speedup,bar (value derived below),micro/results/x86_kvm_micro_20260526_210952_650695,micro/results/x86_kvm_micro_20260526_210952_650695,yes,2026-05-26T21:09:52.650695+00:00,x86_kvm_micro; CPU Intel(R) Core(TM) Ultra 9 285K,unknown,completed,bpf-benchmark/docs/archive/shared/plot_micro_characterization_20260527.py; paper-provenance/scripts/plot_characterization_pure_percase.py (older 29-case source; final 27-case/4config generator not retained),yes,2.027027027,recomputed; figure legends match; bars visually consistent,median kernel/path exec_ns; each ARM path has its own baseline,"Final figure is sec-3-4config-percase.pdf, introduced June10; updated generating script not tracked."
C0105,current,body,figure bar,paper/figures/sec-3-pure-bytecode-percase.tex,3,\includegraphics[width=\textwidth]{figures/sec-3-4config-percase.pdf},x86 cilium_socket_lb_service_select native_kernel plotted speedup,bar (value derived below),micro/results/x86_kvm_micro_20260526_210952_650695,micro/results/x86_kvm_micro_20260526_210952_650695,yes,2026-05-26T21:09:52.650695+00:00,x86_kvm_micro; CPU Intel(R) Core(TM) Ultra 9 285K,unknown,completed,bpf-benchmark/docs/archive/shared/plot_micro_characterization_20260527.py; paper-provenance/scripts/plot_characterization_pure_percase.py (older 29-case source; final 27-case/4config generator not retained),yes,2.163742690,recomputed; figure legends match; bars visually consistent,median kernel/path exec_ns; each ARM path has its own baseline,"Final figure is sec-3-4config-percase.pdf, introduced June10; updated generating script not tracked."
C0106,current,body,figure bar,paper/figures/sec-3-pure-bytecode-percase.tex,3,\includegraphics[width=\textwidth]{figures/sec-3-4config-percase.pdf},x86 flow_5tuple_rss_hash native_kernel plotted speedup,bar (value derived below),micro/results/x86_kvm_micro_20260526_210952_650695,micro/results/x86_kvm_micro_20260526_210952_650695,yes,2026-05-26T21:09:52.650695+00:00,x86_kvm_micro; CPU Intel(R) Core(TM) Ultra 9 285K,unknown,completed,bpf-benchmark/docs/archive/shared/plot_micro_characterization_20260527.py; paper-provenance/scripts/plot_characterization_pure_percase.py (older 29-case source; final 27-case/4config generator not retained),yes,1.600000000,recomputed; figure legends match; bars visually consistent,median kernel/path exec_ns; each ARM path has its own baseline,"Final figure is sec-3-4config-percase.pdf, introduced June10; updated generating script not tracked."
C0107,current,body,figure bar,paper/figures/sec-3-pure-bytecode-percase.tex,3,\includegraphics[width=\textwidth]{figures/sec-3-4config-percase.pdf},x86 flow_record_field_scan native_kernel plotted speedup,bar (value derived below),micro/results/x86_kvm_micro_20260526_210952_650695,micro/results/x86_kvm_micro_20260526_210952_650695,yes,2026-05-26T21:09:52.650695+00:00,x86_kvm_micro; CPU Intel(R) Core(TM) Ultra 9 285K,unknown,completed,bpf-benchmark/docs/archive/shared/plot_micro_characterization_20260527.py; paper-provenance/scripts/plot_characterization_pure_percase.py (older 29-case source; final 27-case/4config generator not retained),yes,1.551020408,recomputed; figure legends match; bars visually consistent,median kernel/path exec_ns; each ARM path has its own baseline,"Final figure is sec-3-4config-percase.pdf, introduced June10; updated generating script not tracked."
C0108,current,body,figure bar,paper/figures/sec-3-pure-bytecode-percase.tex,3,\includegraphics[width=\textwidth]{figures/sec-3-4config-percase.pdf},x86 katran_lb_consistent_hash_select native_kernel plotted speedup,bar (value derived below),micro/results/x86_kvm_micro_20260526_210952_650695,micro/results/x86_kvm_micro_20260526_210952_650695,yes,2026-05-26T21:09:52.650695+00:00,x86_kvm_micro; CPU Intel(R) Core(TM) Ultra 9 285K,unknown,completed,bpf-benchmark/docs/archive/shared/plot_micro_characterization_20260527.py; paper-provenance/scripts/plot_characterization_pure_percase.py (older 29-case source; final 27-case/4config generator not retained),yes,1.571428571,recomputed; figure legends match; bars visually consistent,median kernel/path exec_ns; each ARM path has its own baseline,"Final figure is sec-3-4config-percase.pdf, introduced June10; updated generating script not tracked."
C0109,current,body,figure bar,paper/figures/sec-3-pure-bytecode-percase.tex,3,\includegraphics[width=\textwidth]{figures/sec-3-4config-percase.pdf},x86 otel_stack_frame_unwind_scan native_kernel plotted speedup,bar (value derived below),micro/results/x86_kvm_micro_20260526_210952_650695,micro/results/x86_kvm_micro_20260526_210952_650695,yes,2026-05-26T21:09:52.650695+00:00,x86_kvm_micro; CPU Intel(R) Core(TM) Ultra 9 285K,unknown,completed,bpf-benchmark/docs/archive/shared/plot_micro_characterization_20260527.py; paper-provenance/scripts/plot_characterization_pure_percase.py (older 29-case source; final 27-case/4config generator not retained),yes,2.666666667,recomputed; figure legends match; bars visually consistent,median kernel/path exec_ns; each ARM path has its own baseline,"Final figure is sec-3-4config-percase.pdf, introduced June10; updated generating script not tracked."
C0110,current,body,figure bar,paper/figures/sec-3-pure-bytecode-percase.tex,3,\includegraphics[width=\textwidth]{figures/sec-3-4config-percase.pdf},x86 packed_header_bitfield_decode native_kernel plotted speedup,bar (value derived below),micro/results/x86_kvm_micro_20260526_210952_650695,micro/results/x86_kvm_micro_20260526_210952_650695,yes,2026-05-26T21:09:52.650695+00:00,x86_kvm_micro; CPU Intel(R) Core(TM) Ultra 9 285K,unknown,completed,bpf-benchmark/docs/archive/shared/plot_micro_characterization_20260527.py; paper-provenance/scripts/plot_characterization_pure_percase.py (older 29-case source; final 27-case/4config generator not retained),yes,1.162303665,recomputed; figure legends match; bars visually consistent,median kernel/path exec_ns; each ARM path has its own baseline,"Final figure is sec-3-4config-percase.pdf, introduced June10; updated generating script not tracked."
C0111,current,body,figure bar,paper/figures/sec-3-pure-bytecode-percase.tex,3,\includegraphics[width=\textwidth]{figures/sec-3-4config-percase.pdf},x86 packet_checksum_fold native_kernel plotted speedup,bar (value derived below),micro/results/x86_kvm_micro_20260526_210952_650695,micro/results/x86_kvm_micro_20260526_210952_650695,yes,2026-05-26T21:09:52.650695+00:00,x86_kvm_micro; CPU Intel(R) Core(TM) Ultra 9 285K,unknown,completed,bpf-benchmark/docs/archive/shared/plot_micro_characterization_20260527.py; paper-provenance/scripts/plot_characterization_pure_percase.py (older 29-case source; final 27-case/4config generator not retained),yes,1.330064127,recomputed; figure legends match; bars visually consistent,median kernel/path exec_ns; each ARM path has its own baseline,"Final figure is sec-3-4config-percase.pdf, introduced June10; updated generating script not tracked."
C0112,current,body,figure bar,paper/figures/sec-3-pure-bytecode-percase.tex,3,\includegraphics[width=\textwidth]{figures/sec-3-4config-percase.pdf},x86 packet_record_bounds_window native_kernel plotted speedup,bar (value derived below),micro/results/x86_kvm_micro_20260526_210952_650695,micro/results/x86_kvm_micro_20260526_210952_650695,yes,2026-05-26T21:09:52.650695+00:00,x86_kvm_micro; CPU Intel(R) Core(TM) Ultra 9 285K,unknown,completed,bpf-benchmark/docs/archive/shared/plot_micro_characterization_20260527.py; paper-provenance/scripts/plot_characterization_pure_percase.py (older 29-case source; final 27-case/4config generator not retained),yes,1.873015873,recomputed; figure legends match; bars visually consistent,median kernel/path exec_ns; each ARM path has its own baseline,"Final figure is sec-3-4config-percase.pdf, introduced June10; updated generating script not tracked."
C0113,current,body,figure bar,paper/figures/sec-3-pure-bytecode-percase.tex,3,\includegraphics[width=\textwidth]{figures/sec-3-4config-percase.pdf},x86 packet_toeplitz_rss_hash native_kernel plotted speedup,bar (value derived below),micro/results/x86_kvm_micro_20260526_210952_650695,micro/results/x86_kvm_micro_20260526_210952_650695,yes,2026-05-26T21:09:52.650695+00:00,x86_kvm_micro; CPU Intel(R) Core(TM) Ultra 9 285K,unknown,completed,bpf-benchmark/docs/archive/shared/plot_micro_characterization_20260527.py; paper-provenance/scripts/plot_characterization_pure_percase.py (older 29-case source; final 27-case/4config generator not retained),yes,1.017621145,recomputed; figure legends match; bars visually consistent,median kernel/path exec_ns; each ARM path has its own baseline,"Final figure is sec-3-4config-percase.pdf, introduced June10; updated generating script not tracked."
C0114,current,body,figure bar,paper/figures/sec-3-pure-bytecode-percase.tex,3,\includegraphics[width=\textwidth]{figures/sec-3-4config-percase.pdf},x86 packet_vlan_tcpopt_parser native_kernel plotted speedup,bar (value derived below),micro/results/x86_kvm_micro_20260526_210952_650695,micro/results/x86_kvm_micro_20260526_210952_650695,yes,2026-05-26T21:09:52.650695+00:00,x86_kvm_micro; CPU Intel(R) Core(TM) Ultra 9 285K,unknown,completed,bpf-benchmark/docs/archive/shared/plot_micro_characterization_20260527.py; paper-provenance/scripts/plot_characterization_pure_percase.py (older 29-case source; final 27-case/4config generator not retained),yes,1.090909091,recomputed; figure legends match; bars visually consistent,median kernel/path exec_ns; each ARM path has its own baseline,"Final figure is sec-3-4config-percase.pdf, introduced June10; updated generating script not tracked."
C0115,current,body,figure bar,paper/figures/sec-3-pure-bytecode-percase.tex,3,\includegraphics[width=\textwidth]{figures/sec-3-4config-percase.pdf},x86 payload_prefix_memcmp_scan native_kernel plotted speedup,bar (value derived below),micro/results/x86_kvm_micro_20260526_210952_650695,micro/results/x86_kvm_micro_20260526_210952_650695,yes,2026-05-26T21:09:52.650695+00:00,x86_kvm_micro; CPU Intel(R) Core(TM) Ultra 9 285K,unknown,completed,bpf-benchmark/docs/archive/shared/plot_micro_characterization_20260527.py; paper-provenance/scripts/plot_characterization_pure_percase.py (older 29-case source; final 27-case/4config generator not retained),yes,1.851063830,recomputed; figure legends match; bars visually consistent,median kernel/path exec_ns; each ARM path has its own baseline,"Final figure is sec-3-4config-percase.pdf, introduced June10; updated generating script not tracked."
C0116,current,body,figure bar,paper/figures/sec-3-pure-bytecode-percase.tex,3,\includegraphics[width=\textwidth]{figures/sec-3-4config-percase.pdf},x86 siphash_rotate64_mixer native_kernel plotted speedup,bar (value derived below),micro/results/x86_kvm_micro_20260526_210952_650695,micro/results/x86_kvm_micro_20260526_210952_650695,yes,2026-05-26T21:09:52.650695+00:00,x86_kvm_micro; CPU Intel(R) Core(TM) Ultra 9 285K,unknown,completed,bpf-benchmark/docs/archive/shared/plot_micro_characterization_20260527.py; paper-provenance/scripts/plot_characterization_pure_percase.py (older 29-case source; final 27-case/4config generator not retained),yes,1.928571429,recomputed; figure legends match; bars visually consistent,median kernel/path exec_ns; each ARM path has its own baseline,"Final figure is sec-3-4config-percase.pdf, introduced June10; updated generating script not tracked."
C0117,current,body,figure bar,paper/figures/sec-3-pure-bytecode-percase.tex,3,\includegraphics[width=\textwidth]{figures/sec-3-4config-percase.pdf},x86 sorted_rule_binary_search native_kernel plotted speedup,bar (value derived below),micro/results/x86_kvm_micro_20260526_210952_650695,micro/results/x86_kvm_micro_20260526_210952_650695,yes,2026-05-26T21:09:52.650695+00:00,x86_kvm_micro; CPU Intel(R) Core(TM) Ultra 9 285K,unknown,completed,bpf-benchmark/docs/archive/shared/plot_micro_characterization_20260527.py; paper-provenance/scripts/plot_characterization_pure_percase.py (older 29-case source; final 27-case/4config generator not retained),yes,1.913043478,recomputed; figure legends match; bars visually consistent,median kernel/path exec_ns; each ARM path has its own baseline,"Final figure is sec-3-4config-percase.pdf, introduced June10; updated generating script not tracked."
C0118,current,body,figure bar,paper/figures/sec-3-pure-bytecode-percase.tex,3,\includegraphics[width=\textwidth]{figures/sec-3-4config-percase.pdf},x86 tc_packet_checksum_fold native_kernel plotted speedup,bar (value derived below),micro/results/x86_kvm_micro_20260526_210952_650695,micro/results/x86_kvm_micro_20260526_210952_650695,yes,2026-05-26T21:09:52.650695+00:00,x86_kvm_micro; CPU Intel(R) Core(TM) Ultra 9 285K,unknown,completed,bpf-benchmark/docs/archive/shared/plot_micro_characterization_20260527.py; paper-provenance/scripts/plot_characterization_pure_percase.py (older 29-case source; final 27-case/4config generator not retained),yes,1.334695731,recomputed; figure legends match; bars visually consistent,median kernel/path exec_ns; each ARM path has its own baseline,"Final figure is sec-3-4config-percase.pdf, introduced June10; updated generating script not tracked."
C0119,current,body,figure bar,paper/figures/sec-3-pure-bytecode-percase.tex,3,\includegraphics[width=\textwidth]{figures/sec-3-4config-percase.pdf},x86 tetragon_process_event_arg_filter native_kernel plotted speedup,bar (value derived below),micro/results/x86_kvm_micro_20260526_210952_650695,micro/results/x86_kvm_micro_20260526_210952_650695,yes,2026-05-26T21:09:52.650695+00:00,x86_kvm_micro; CPU Intel(R) Core(TM) Ultra 9 285K,unknown,completed,bpf-benchmark/docs/archive/shared/plot_micro_characterization_20260527.py; paper-provenance/scripts/plot_characterization_pure_percase.py (older 29-case source; final 27-case/4config generator not retained),yes,1.914285714,recomputed; figure legends match; bars visually consistent,median kernel/path exec_ns; each ARM path has its own baseline,"Final figure is sec-3-4config-percase.pdf, introduced June10; updated generating script not tracked."
C0120,current,body,figure bar,paper/figures/sec-3-pure-bytecode-percase.tex,3,\includegraphics[width=\textwidth]{figures/sec-3-4config-percase.pdf},x86 trace_event_type_switch_dispatch native_kernel plotted speedup,bar (value derived below),micro/results/x86_kvm_micro_20260526_210952_650695,micro/results/x86_kvm_micro_20260526_210952_650695,yes,2026-05-26T21:09:52.650695+00:00,x86_kvm_micro; CPU Intel(R) Core(TM) Ultra 9 285K,unknown,completed,bpf-benchmark/docs/archive/shared/plot_micro_characterization_20260527.py; paper-provenance/scripts/plot_characterization_pure_percase.py (older 29-case source; final 27-case/4config generator not retained),yes,0.996415771,recomputed; figure legends match; bars visually consistent,median kernel/path exec_ns; each ARM path has its own baseline,"Final figure is sec-3-4config-percase.pdf, introduced June10; updated generating script not tracked."
C0121,current,body,figure bar,paper/figures/sec-3-pure-bytecode-percase.tex,3,\includegraphics[width=\textwidth]{figures/sec-3-4config-percase.pdf},x86 tracee_http_method_prefix_detect native_kernel plotted speedup,bar (value derived below),micro/results/x86_kvm_micro_20260526_210952_650695,micro/results/x86_kvm_micro_20260526_210952_650695,yes,2026-05-26T21:09:52.650695+00:00,x86_kvm_micro; CPU Intel(R) Core(TM) Ultra 9 285K,unknown,completed,bpf-benchmark/docs/archive/shared/plot_micro_characterization_20260527.py; paper-provenance/scripts/plot_characterization_pure_percase.py (older 29-case source; final 27-case/4config generator not retained),yes,1.055555556,recomputed; figure legends match; bars visually consistent,median kernel/path exec_ns; each ARM path has its own baseline,"Final figure is sec-3-4config-percase.pdf, introduced June10; updated generating script not tracked."
C0122,current,body,figure bar,paper/figures/sec-3-pure-bytecode-percase.tex,3,\includegraphics[width=\textwidth]{figures/sec-3-4config-percase.pdf},x86 tracee_syscall_name_table_lookup native_kernel plotted speedup,bar (value derived below),micro/results/x86_kvm_micro_20260526_210952_650695,micro/results/x86_kvm_micro_20260526_210952_650695,yes,2026-05-26T21:09:52.650695+00:00,x86_kvm_micro; CPU Intel(R) Core(TM) Ultra 9 285K,unknown,completed,bpf-benchmark/docs/archive/shared/plot_micro_characterization_20260527.py; paper-provenance/scripts/plot_characterization_pure_percase.py (older 29-case source; final 27-case/4config generator not retained),yes,1.181818182,recomputed; figure legends match; bars visually consistent,median kernel/path exec_ns; each ARM path has its own baseline,"Final figure is sec-3-4config-percase.pdf, introduced June10; updated generating script not tracked."
C0123,current,body,figure bar,paper/figures/sec-3-pure-bytecode-percase.tex,3,\includegraphics[width=\textwidth]{figures/sec-3-4config-percase.pdf},x86 bcc_runqlat_log2_histogram_bucket native plotted speedup,bar (value derived below),micro/results/x86_kvm_micro_20260526_210952_650695,micro/results/x86_kvm_micro_20260526_210952_650695,yes,2026-05-26T21:09:52.650695+00:00,x86_kvm_micro; CPU Intel(R) Core(TM) Ultra 9 285K,unknown,completed,bpf-benchmark/docs/archive/shared/plot_micro_characterization_20260527.py; paper-provenance/scripts/plot_characterization_pure_percase.py (older 29-case source; final 27-case/4config generator not retained),yes,1.177908113,recomputed; figure legends match; bars visually consistent,median kernel/path exec_ns; each ARM path has its own baseline,"Final figure is sec-3-4config-percase.pdf, introduced June10; updated generating script not tracked."
C0124,current,body,figure bar,paper/figures/sec-3-pure-bytecode-percase.tex,3,\includegraphics[width=\textwidth]{figures/sec-3-4config-percase.pdf},x86 bcc_tcpconnect_ipv4_tuple_filter native plotted speedup,bar (value derived below),micro/results/x86_kvm_micro_20260526_210952_650695,micro/results/x86_kvm_micro_20260526_210952_650695,yes,2026-05-26T21:09:52.650695+00:00,x86_kvm_micro; CPU Intel(R) Core(TM) Ultra 9 285K,unknown,completed,bpf-benchmark/docs/archive/shared/plot_micro_characterization_20260527.py; paper-provenance/scripts/plot_characterization_pure_percase.py (older 29-case source; final 27-case/4config generator not retained),yes,1.779661017,recomputed; figure legends match; bars visually consistent,median kernel/path exec_ns; each ARM path has its own baseline,"Final figure is sec-3-4config-percase.pdf, introduced June10; updated generating script not tracked."
C0125,current,body,figure bar,paper/figures/sec-3-pure-bytecode-percase.tex,3,\includegraphics[width=\textwidth]{figures/sec-3-4config-percase.pdf},x86 bitmap_popcount_scan native plotted speedup,bar (value derived below),micro/results/x86_kvm_micro_20260526_210952_650695,micro/results/x86_kvm_micro_20260526_210952_650695,yes,2026-05-26T21:09:52.650695+00:00,x86_kvm_micro; CPU Intel(R) Core(TM) Ultra 9 285K,unknown,completed,bpf-benchmark/docs/archive/shared/plot_micro_characterization_20260527.py; paper-provenance/scripts/plot_characterization_pure_percase.py (older 29-case source; final 27-case/4config generator not retained),yes,2.388412017,recomputed; figure legends match; bars visually consistent,median kernel/path exec_ns; each ARM path has its own baseline,"Final figure is sec-3-4config-percase.pdf, introduced June10; updated generating script not tracked."
C0126,current,body,figure bar,paper/figures/sec-3-pure-bytecode-percase.tex,3,\includegraphics[width=\textwidth]{figures/sec-3-4config-percase.pdf},x86 bpf_local_call_fanout_dispatch native plotted speedup,bar (value derived below),micro/results/x86_kvm_micro_20260526_210952_650695,micro/results/x86_kvm_micro_20260526_210952_650695,yes,2026-05-26T21:09:52.650695+00:00,x86_kvm_micro; CPU Intel(R) Core(TM) Ultra 9 285K,unknown,completed,bpf-benchmark/docs/archive/shared/plot_micro_characterization_20260527.py; paper-provenance/scripts/plot_characterization_pure_percase.py (older 29-case source; final 27-case/4config generator not retained),yes,1.850746269,recomputed; figure legends match; bars visually consistent,median kernel/path exec_ns; each ARM path has its own baseline,"Final figure is sec-3-4config-percase.pdf, introduced June10; updated generating script not tracked."
C0127,current,body,figure bar,paper/figures/sec-3-pure-bytecode-percase.tex,3,\includegraphics[width=\textwidth]{figures/sec-3-4config-percase.pdf},x86 bpftrace_comm_key_fnv_hash native plotted speedup,bar (value derived below),micro/results/x86_kvm_micro_20260526_210952_650695,micro/results/x86_kvm_micro_20260526_210952_650695,yes,2026-05-26T21:09:52.650695+00:00,x86_kvm_micro; CPU Intel(R) Core(TM) Ultra 9 285K,unknown,completed,bpf-benchmark/docs/archive/shared/plot_micro_characterization_20260527.py; paper-provenance/scripts/plot_characterization_pure_percase.py (older 29-case source; final 27-case/4config generator not retained),yes,0.590785908,recomputed; figure legends match; bars visually consistent,median kernel/path exec_ns; each ARM path has its own baseline,"Final figure is sec-3-4config-percase.pdf, introduced June10; updated generating script not tracked."
C0128,current,body,figure bar,paper/figures/sec-3-pure-bytecode-percase.tex,3,\includegraphics[width=\textwidth]{figures/sec-3-4config-percase.pdf},x86 bpftrace_string_search_prefix_scan native plotted speedup,bar (value derived below),micro/results/x86_kvm_micro_20260526_210952_650695,micro/results/x86_kvm_micro_20260526_210952_650695,yes,2026-05-26T21:09:52.650695+00:00,x86_kvm_micro; CPU Intel(R) Core(TM) Ultra 9 285K,unknown,completed,bpf-benchmark/docs/archive/shared/plot_micro_characterization_20260527.py; paper-provenance/scripts/plot_characterization_pure_percase.py (older 29-case source; final 27-case/4config generator not retained),yes,1.757009346,recomputed; figure legends match; bars visually consistent,median kernel/path exec_ns; each ARM path has its own baseline,"Final figure is sec-3-4config-percase.pdf, introduced June10; updated generating script not tracked."
C0129,current,body,figure bar,paper/figures/sec-3-pure-bytecode-percase.tex,3,\includegraphics[width=\textwidth]{figures/sec-3-4config-percase.pdf},x86 cgroup_skb_hash_chain native plotted speedup,bar (value derived below),micro/results/x86_kvm_micro_20260526_210952_650695,micro/results/x86_kvm_micro_20260526_210952_650695,yes,2026-05-26T21:09:52.650695+00:00,x86_kvm_micro; CPU Intel(R) Core(TM) Ultra 9 285K,unknown,completed,bpf-benchmark/docs/archive/shared/plot_micro_characterization_20260527.py; paper-provenance/scripts/plot_characterization_pure_percase.py (older 29-case source; final 27-case/4config generator not retained),yes,1.437185930,recomputed; figure legends match; bars visually consistent,median kernel/path exec_ns; each ARM path has its own baseline,"Final figure is sec-3-4config-percase.pdf, introduced June10; updated generating script not tracked."
C0130,current,body,figure bar,paper/figures/sec-3-pure-bytecode-percase.tex,3,\includegraphics[width=\textwidth]{figures/sec-3-4config-percase.pdf},x86 cilium_ct_nat_tuple_rewrite native plotted speedup,bar (value derived below),micro/results/x86_kvm_micro_20260526_210952_650695,micro/results/x86_kvm_micro_20260526_210952_650695,yes,2026-05-26T21:09:52.650695+00:00,x86_kvm_micro; CPU Intel(R) Core(TM) Ultra 9 285K,unknown,completed,bpf-benchmark/docs/archive/shared/plot_micro_characterization_20260527.py; paper-provenance/scripts/plot_characterization_pure_percase.py (older 29-case source; final 27-case/4config generator not retained),yes,2.041666667,recomputed; figure legends match; bars visually consistent,median kernel/path exec_ns; each ARM path has its own baseline,"Final figure is sec-3-4config-percase.pdf, introduced June10; updated generating script not tracked."
C0131,current,body,figure bar,paper/figures/sec-3-pure-bytecode-percase.tex,3,\includegraphics[width=\textwidth]{figures/sec-3-4config-percase.pdf},x86 cilium_policy_guard_tree_filter native plotted speedup,bar (value derived below),micro/results/x86_kvm_micro_20260526_210952_650695,micro/results/x86_kvm_micro_20260526_210952_650695,yes,2026-05-26T21:09:52.650695+00:00,x86_kvm_micro; CPU Intel(R) Core(TM) Ultra 9 285K,unknown,completed,bpf-benchmark/docs/archive/shared/plot_micro_characterization_20260527.py; paper-provenance/scripts/plot_characterization_pure_percase.py (older 29-case source; final 27-case/4config generator not retained),yes,2.142857143,recomputed; figure legends match; bars visually consistent,median kernel/path exec_ns; each ARM path has its own baseline,"Final figure is sec-3-4config-percase.pdf, introduced June10; updated generating script not tracked."
C0132,current,body,figure bar,paper/figures/sec-3-pure-bytecode-percase.tex,3,\includegraphics[width=\textwidth]{figures/sec-3-4config-percase.pdf},x86 cilium_socket_lb_service_select native plotted speedup,bar (value derived below),micro/results/x86_kvm_micro_20260526_210952_650695,micro/results/x86_kvm_micro_20260526_210952_650695,yes,2026-05-26T21:09:52.650695+00:00,x86_kvm_micro; CPU Intel(R) Core(TM) Ultra 9 285K,unknown,completed,bpf-benchmark/docs/archive/shared/plot_micro_characterization_20260527.py; paper-provenance/scripts/plot_characterization_pure_percase.py (older 29-case source; final 27-case/4config generator not retained),yes,2.189349112,recomputed; figure legends match; bars visually consistent,median kernel/path exec_ns; each ARM path has its own baseline,"Final figure is sec-3-4config-percase.pdf, introduced June10; updated generating script not tracked."
C0133,current,body,figure bar,paper/figures/sec-3-pure-bytecode-percase.tex,3,\includegraphics[width=\textwidth]{figures/sec-3-4config-percase.pdf},x86 flow_5tuple_rss_hash native plotted speedup,bar (value derived below),micro/results/x86_kvm_micro_20260526_210952_650695,micro/results/x86_kvm_micro_20260526_210952_650695,yes,2026-05-26T21:09:52.650695+00:00,x86_kvm_micro; CPU Intel(R) Core(TM) Ultra 9 285K,unknown,completed,bpf-benchmark/docs/archive/shared/plot_micro_characterization_20260527.py; paper-provenance/scripts/plot_characterization_pure_percase.py (older 29-case source; final 27-case/4config generator not retained),yes,1.777777778,recomputed; figure legends match; bars visually consistent,median kernel/path exec_ns; each ARM path has its own baseline,"Final figure is sec-3-4config-percase.pdf, introduced June10; updated generating script not tracked."
C0134,current,body,figure bar,paper/figures/sec-3-pure-bytecode-percase.tex,3,\includegraphics[width=\textwidth]{figures/sec-3-4config-percase.pdf},x86 flow_record_field_scan native plotted speedup,bar (value derived below),micro/results/x86_kvm_micro_20260526_210952_650695,micro/results/x86_kvm_micro_20260526_210952_650695,yes,2026-05-26T21:09:52.650695+00:00,x86_kvm_micro; CPU Intel(R) Core(TM) Ultra 9 285K,unknown,completed,bpf-benchmark/docs/archive/shared/plot_micro_characterization_20260527.py; paper-provenance/scripts/plot_characterization_pure_percase.py (older 29-case source; final 27-case/4config generator not retained),yes,1.652173913,recomputed; figure legends match; bars visually consistent,median kernel/path exec_ns; each ARM path has its own baseline,"Final figure is sec-3-4config-percase.pdf, introduced June10; updated generating script not tracked."
C0135,current,body,figure bar,paper/figures/sec-3-pure-bytecode-percase.tex,3,\includegraphics[width=\textwidth]{figures/sec-3-4config-percase.pdf},x86 katran_lb_consistent_hash_select native plotted speedup,bar (value derived below),micro/results/x86_kvm_micro_20260526_210952_650695,micro/results/x86_kvm_micro_20260526_210952_650695,yes,2026-05-26T21:09:52.650695+00:00,x86_kvm_micro; CPU Intel(R) Core(TM) Ultra 9 285K,unknown,completed,bpf-benchmark/docs/archive/shared/plot_micro_characterization_20260527.py; paper-provenance/scripts/plot_characterization_pure_percase.py (older 29-case source; final 27-case/4config generator not retained),yes,1.833333333,recomputed; figure legends match; bars visually consistent,median kernel/path exec_ns; each ARM path has its own baseline,"Final figure is sec-3-4config-percase.pdf, introduced June10; updated generating script not tracked."
C0136,current,body,figure bar,paper/figures/sec-3-pure-bytecode-percase.tex,3,\includegraphics[width=\textwidth]{figures/sec-3-4config-percase.pdf},x86 otel_stack_frame_unwind_scan native plotted speedup,bar (value derived below),micro/results/x86_kvm_micro_20260526_210952_650695,micro/results/x86_kvm_micro_20260526_210952_650695,yes,2026-05-26T21:09:52.650695+00:00,x86_kvm_micro; CPU Intel(R) Core(TM) Ultra 9 285K,unknown,completed,bpf-benchmark/docs/archive/shared/plot_micro_characterization_20260527.py; paper-provenance/scripts/plot_characterization_pure_percase.py (older 29-case source; final 27-case/4config generator not retained),yes,2.800000000,recomputed; figure legends match; bars visually consistent,median kernel/path exec_ns; each ARM path has its own baseline,"Final figure is sec-3-4config-percase.pdf, introduced June10; updated generating script not tracked."
C0137,current,body,figure bar,paper/figures/sec-3-pure-bytecode-percase.tex,3,\includegraphics[width=\textwidth]{figures/sec-3-4config-percase.pdf},x86 packed_header_bitfield_decode native plotted speedup,bar (value derived below),micro/results/x86_kvm_micro_20260526_210952_650695,micro/results/x86_kvm_micro_20260526_210952_650695,yes,2026-05-26T21:09:52.650695+00:00,x86_kvm_micro; CPU Intel(R) Core(TM) Ultra 9 285K,unknown,completed,bpf-benchmark/docs/archive/shared/plot_micro_characterization_20260527.py; paper-provenance/scripts/plot_characterization_pure_percase.py (older 29-case source; final 27-case/4config generator not retained),yes,1.162303665,recomputed; figure legends match; bars visually consistent,median kernel/path exec_ns; each ARM path has its own baseline,"Final figure is sec-3-4config-percase.pdf, introduced June10; updated generating script not tracked."
C0138,current,body,figure bar,paper/figures/sec-3-pure-bytecode-percase.tex,3,\includegraphics[width=\textwidth]{figures/sec-3-4config-percase.pdf},x86 packet_checksum_fold native plotted speedup,bar (value derived below),micro/results/x86_kvm_micro_20260526_210952_650695,micro/results/x86_kvm_micro_20260526_210952_650695,yes,2026-05-26T21:09:52.650695+00:00,x86_kvm_micro; CPU Intel(R) Core(TM) Ultra 9 285K,unknown,completed,bpf-benchmark/docs/archive/shared/plot_micro_characterization_20260527.py; paper-provenance/scripts/plot_characterization_pure_percase.py (older 29-case source; final 27-case/4config generator not retained),yes,1.335808456,recomputed; figure legends match; bars visually consistent,median kernel/path exec_ns; each ARM path has its own baseline,"Final figure is sec-3-4config-percase.pdf, introduced June10; updated generating script not tracked."
C0139,current,body,figure bar,paper/figures/sec-3-pure-bytecode-percase.tex,3,\includegraphics[width=\textwidth]{figures/sec-3-4config-percase.pdf},x86 packet_record_bounds_window native plotted speedup,bar (value derived below),micro/results/x86_kvm_micro_20260526_210952_650695,micro/results/x86_kvm_micro_20260526_210952_650695,yes,2026-05-26T21:09:52.650695+00:00,x86_kvm_micro; CPU Intel(R) Core(TM) Ultra 9 285K,unknown,completed,bpf-benchmark/docs/archive/shared/plot_micro_characterization_20260527.py; paper-provenance/scripts/plot_characterization_pure_percase.py (older 29-case source; final 27-case/4config generator not retained),yes,1.903225806,recomputed; figure legends match; bars visually consistent,median kernel/path exec_ns; each ARM path has its own baseline,"Final figure is sec-3-4config-percase.pdf, introduced June10; updated generating script not tracked."
C0140,current,body,figure bar,paper/figures/sec-3-pure-bytecode-percase.tex,3,\includegraphics[width=\textwidth]{figures/sec-3-4config-percase.pdf},x86 packet_toeplitz_rss_hash native plotted speedup,bar (value derived below),micro/results/x86_kvm_micro_20260526_210952_650695,micro/results/x86_kvm_micro_20260526_210952_650695,yes,2026-05-26T21:09:52.650695+00:00,x86_kvm_micro; CPU Intel(R) Core(TM) Ultra 9 285K,unknown,completed,bpf-benchmark/docs/archive/shared/plot_micro_characterization_20260527.py; paper-provenance/scripts/plot_characterization_pure_percase.py (older 29-case source; final 27-case/4config generator not retained),yes,1.166666667,recomputed; figure legends match; bars visually consistent,median kernel/path exec_ns; each ARM path has its own baseline,"Final figure is sec-3-4config-percase.pdf, introduced June10; updated generating script not tracked."
C0141,current,body,figure bar,paper/figures/sec-3-pure-bytecode-percase.tex,3,\includegraphics[width=\textwidth]{figures/sec-3-4config-percase.pdf},x86 packet_vlan_tcpopt_parser native plotted speedup,bar (value derived below),micro/results/x86_kvm_micro_20260526_210952_650695,micro/results/x86_kvm_micro_20260526_210952_650695,yes,2026-05-26T21:09:52.650695+00:00,x86_kvm_micro; CPU Intel(R) Core(TM) Ultra 9 285K,unknown,completed,bpf-benchmark/docs/archive/shared/plot_micro_characterization_20260527.py; paper-provenance/scripts/plot_characterization_pure_percase.py (older 29-case source; final 27-case/4config generator not retained),yes,1.500000000,recomputed; figure legends match; bars visually consistent,median kernel/path exec_ns; each ARM path has its own baseline,"Final figure is sec-3-4config-percase.pdf, introduced June10; updated generating script not tracked."
C0142,current,body,figure bar,paper/figures/sec-3-pure-bytecode-percase.tex,3,\includegraphics[width=\textwidth]{figures/sec-3-4config-percase.pdf},x86 payload_prefix_memcmp_scan native plotted speedup,bar (value derived below),micro/results/x86_kvm_micro_20260526_210952_650695,micro/results/x86_kvm_micro_20260526_210952_650695,yes,2026-05-26T21:09:52.650695+00:00,x86_kvm_micro; CPU Intel(R) Core(TM) Ultra 9 285K,unknown,completed,bpf-benchmark/docs/archive/shared/plot_micro_characterization_20260527.py; paper-provenance/scripts/plot_characterization_pure_percase.py (older 29-case source; final 27-case/4config generator not retained),yes,1.977272727,recomputed; figure legends match; bars visually consistent,median kernel/path exec_ns; each ARM path has its own baseline,"Final figure is sec-3-4config-percase.pdf, introduced June10; updated generating script not tracked."
C0143,current,body,figure bar,paper/figures/sec-3-pure-bytecode-percase.tex,3,\includegraphics[width=\textwidth]{figures/sec-3-4config-percase.pdf},x86 siphash_rotate64_mixer native plotted speedup,bar (value derived below),micro/results/x86_kvm_micro_20260526_210952_650695,micro/results/x86_kvm_micro_20260526_210952_650695,yes,2026-05-26T21:09:52.650695+00:00,x86_kvm_micro; CPU Intel(R) Core(TM) Ultra 9 285K,unknown,completed,bpf-benchmark/docs/archive/shared/plot_micro_characterization_20260527.py; paper-provenance/scripts/plot_characterization_pure_percase.py (older 29-case source; final 27-case/4config generator not retained),yes,2.076923077,recomputed; figure legends match; bars visually consistent,median kernel/path exec_ns; each ARM path has its own baseline,"Final figure is sec-3-4config-percase.pdf, introduced June10; updated generating script not tracked."
C0144,current,body,figure bar,paper/figures/sec-3-pure-bytecode-percase.tex,3,\includegraphics[width=\textwidth]{figures/sec-3-4config-percase.pdf},x86 sorted_rule_binary_search native plotted speedup,bar (value derived below),micro/results/x86_kvm_micro_20260526_210952_650695,micro/results/x86_kvm_micro_20260526_210952_650695,yes,2026-05-26T21:09:52.650695+00:00,x86_kvm_micro; CPU Intel(R) Core(TM) Ultra 9 285K,unknown,completed,bpf-benchmark/docs/archive/shared/plot_micro_characterization_20260527.py; paper-provenance/scripts/plot_characterization_pure_percase.py (older 29-case source; final 27-case/4config generator not retained),yes,1.323308271,recomputed; figure legends match; bars visually consistent,median kernel/path exec_ns; each ARM path has its own baseline,"Final figure is sec-3-4config-percase.pdf, introduced June10; updated generating script not tracked."
C0145,current,body,figure bar,paper/figures/sec-3-pure-bytecode-percase.tex,3,\includegraphics[width=\textwidth]{figures/sec-3-4config-percase.pdf},x86 tc_packet_checksum_fold native plotted speedup,bar (value derived below),micro/results/x86_kvm_micro_20260526_210952_650695,micro/results/x86_kvm_micro_20260526_210952_650695,yes,2026-05-26T21:09:52.650695+00:00,x86_kvm_micro; CPU Intel(R) Core(TM) Ultra 9 285K,unknown,completed,bpf-benchmark/docs/archive/shared/plot_micro_characterization_20260527.py; paper-provenance/scripts/plot_characterization_pure_percase.py (older 29-case source; final 27-case/4config generator not retained),yes,1.335099939,recomputed; figure legends match; bars visually consistent,median kernel/path exec_ns; each ARM path has its own baseline,"Final figure is sec-3-4config-percase.pdf, introduced June10; updated generating script not tracked."
C0146,current,body,figure bar,paper/figures/sec-3-pure-bytecode-percase.tex,3,\includegraphics[width=\textwidth]{figures/sec-3-4config-percase.pdf},x86 tetragon_process_event_arg_filter native plotted speedup,bar (value derived below),micro/results/x86_kvm_micro_20260526_210952_650695,micro/results/x86_kvm_micro_20260526_210952_650695,yes,2026-05-26T21:09:52.650695+00:00,x86_kvm_micro; CPU Intel(R) Core(TM) Ultra 9 285K,unknown,completed,bpf-benchmark/docs/archive/shared/plot_micro_characterization_20260527.py; paper-provenance/scripts/plot_characterization_pure_percase.py (older 29-case source; final 27-case/4config generator not retained),yes,1.970588235,recomputed; figure legends match; bars visually consistent,median kernel/path exec_ns; each ARM path has its own baseline,"Final figure is sec-3-4config-percase.pdf, introduced June10; updated generating script not tracked."
C0147,current,body,figure bar,paper/figures/sec-3-pure-bytecode-percase.tex,3,\includegraphics[width=\textwidth]{figures/sec-3-4config-percase.pdf},x86 trace_event_type_switch_dispatch native plotted speedup,bar (value derived below),micro/results/x86_kvm_micro_20260526_210952_650695,micro/results/x86_kvm_micro_20260526_210952_650695,yes,2026-05-26T21:09:52.650695+00:00,x86_kvm_micro; CPU Intel(R) Core(TM) Ultra 9 285K,unknown,completed,bpf-benchmark/docs/archive/shared/plot_micro_characterization_20260527.py; paper-provenance/scripts/plot_characterization_pure_percase.py (older 29-case source; final 27-case/4config generator not retained),yes,1.000000000,recomputed; figure legends match; bars visually consistent,median kernel/path exec_ns; each ARM path has its own baseline,"Final figure is sec-3-4config-percase.pdf, introduced June10; updated generating script not tracked."
C0148,current,body,figure bar,paper/figures/sec-3-pure-bytecode-percase.tex,3,\includegraphics[width=\textwidth]{figures/sec-3-4config-percase.pdf},x86 tracee_http_method_prefix_detect native plotted speedup,bar (value derived below),micro/results/x86_kvm_micro_20260526_210952_650695,micro/results/x86_kvm_micro_20260526_210952_650695,yes,2026-05-26T21:09:52.650695+00:00,x86_kvm_micro; CPU Intel(R) Core(TM) Ultra 9 285K,unknown,completed,bpf-benchmark/docs/archive/shared/plot_micro_characterization_20260527.py; paper-provenance/scripts/plot_characterization_pure_percase.py (older 29-case source; final 27-case/4config generator not retained),yes,1.187500000,recomputed; figure legends match; bars visually consistent,median kernel/path exec_ns; each ARM path has its own baseline,"Final figure is sec-3-4config-percase.pdf, introduced June10; updated generating script not tracked."
C0149,current,body,figure bar,paper/figures/sec-3-pure-bytecode-percase.tex,3,\includegraphics[width=\textwidth]{figures/sec-3-4config-percase.pdf},x86 tracee_syscall_name_table_lookup native plotted speedup,bar (value derived below),micro/results/x86_kvm_micro_20260526_210952_650695,micro/results/x86_kvm_micro_20260526_210952_650695,yes,2026-05-26T21:09:52.650695+00:00,x86_kvm_micro; CPU Intel(R) Core(TM) Ultra 9 285K,unknown,completed,bpf-benchmark/docs/archive/shared/plot_micro_characterization_20260527.py; paper-provenance/scripts/plot_characterization_pure_percase.py (older 29-case source; final 27-case/4config generator not retained),yes,1.206185567,recomputed; figure legends match; bars visually consistent,median kernel/path exec_ns; each ARM path has its own baseline,"Final figure is sec-3-4config-percase.pdf, introduced June10; updated generating script not tracked."
C0150,current,body,figure bar,paper/figures/sec-3-pure-bytecode-percase.tex,3,\includegraphics[width=\textwidth]{figures/sec-3-4config-percase.pdf},x86 bcc_runqlat_log2_histogram_bucket llvmbpf plotted speedup,bar (value derived below),micro/results/x86_kvm_micro_20260526_210952_650695,micro/results/x86_kvm_micro_20260526_210952_650695,yes,2026-05-26T21:09:52.650695+00:00,x86_kvm_micro; CPU Intel(R) Core(TM) Ultra 9 285K,unknown,completed,bpf-benchmark/docs/archive/shared/plot_micro_characterization_20260527.py; paper-provenance/scripts/plot_characterization_pure_percase.py (older 29-case source; final 27-case/4config generator not retained),yes,1.238437821,recomputed; figure legends match; bars visually consistent,median kernel/path exec_ns; each ARM path has its own baseline,"Final figure is sec-3-4config-percase.pdf, introduced June10; updated generating script not tracked."
C0151,current,body,figure bar,paper/figures/sec-3-pure-bytecode-percase.tex,3,\includegraphics[width=\textwidth]{figures/sec-3-4config-percase.pdf},x86 bcc_tcpconnect_ipv4_tuple_filter llvmbpf plotted speedup,bar (value derived below),micro/results/x86_kvm_micro_20260526_210952_650695,micro/results/x86_kvm_micro_20260526_210952_650695,yes,2026-05-26T21:09:52.650695+00:00,x86_kvm_micro; CPU Intel(R) Core(TM) Ultra 9 285K,unknown,completed,bpf-benchmark/docs/archive/shared/plot_micro_characterization_20260527.py; paper-provenance/scripts/plot_characterization_pure_percase.py (older 29-case source; final 27-case/4config generator not retained),yes,1.458333333,recomputed; figure legends match; bars visually consistent,median kernel/path exec_ns; each ARM path has its own baseline,"Final figure is sec-3-4config-percase.pdf, introduced June10; updated generating script not tracked."
C0152,current,body,figure bar,paper/figures/sec-3-pure-bytecode-percase.tex,3,\includegraphics[width=\textwidth]{figures/sec-3-4config-percase.pdf},x86 bitmap_popcount_scan llvmbpf plotted speedup,bar (value derived below),micro/results/x86_kvm_micro_20260526_210952_650695,micro/results/x86_kvm_micro_20260526_210952_650695,yes,2026-05-26T21:09:52.650695+00:00,x86_kvm_micro; CPU Intel(R) Core(TM) Ultra 9 285K,unknown,completed,bpf-benchmark/docs/archive/shared/plot_micro_characterization_20260527.py; paper-provenance/scripts/plot_characterization_pure_percase.py (older 29-case source; final 27-case/4config generator not retained),yes,2.383297645,recomputed; figure legends match; bars visually consistent,median kernel/path exec_ns; each ARM path has its own baseline,"Final figure is sec-3-4config-percase.pdf, introduced June10; updated generating script not tracked."
C0153,current,body,figure bar,paper/figures/sec-3-pure-bytecode-percase.tex,3,\includegraphics[width=\textwidth]{figures/sec-3-4config-percase.pdf},x86 bpf_local_call_fanout_dispatch llvmbpf plotted speedup,bar (value derived below),micro/results/x86_kvm_micro_20260526_210952_650695,micro/results/x86_kvm_micro_20260526_210952_650695,yes,2026-05-26T21:09:52.650695+00:00,x86_kvm_micro; CPU Intel(R) Core(TM) Ultra 9 285K,unknown,completed,bpf-benchmark/docs/archive/shared/plot_micro_characterization_20260527.py; paper-provenance/scripts/plot_characterization_pure_percase.py (older 29-case source; final 27-case/4config generator not retained),yes,1.850746269,recomputed; figure legends match; bars visually consistent,median kernel/path exec_ns; each ARM path has its own baseline,"Final figure is sec-3-4config-percase.pdf, introduced June10; updated generating script not tracked."
C0154,current,body,figure bar,paper/figures/sec-3-pure-bytecode-percase.tex,3,\includegraphics[width=\textwidth]{figures/sec-3-4config-percase.pdf},x86 bpftrace_comm_key_fnv_hash llvmbpf plotted speedup,bar (value derived below),micro/results/x86_kvm_micro_20260526_210952_650695,micro/results/x86_kvm_micro_20260526_210952_650695,yes,2026-05-26T21:09:52.650695+00:00,x86_kvm_micro; CPU Intel(R) Core(TM) Ultra 9 285K,unknown,completed,bpf-benchmark/docs/archive/shared/plot_micro_characterization_20260527.py; paper-provenance/scripts/plot_characterization_pure_percase.py (older 29-case source; final 27-case/4config generator not retained),yes,0.986425339,recomputed; figure legends match; bars visually consistent,median kernel/path exec_ns; each ARM path has its own baseline,"Final figure is sec-3-4config-percase.pdf, introduced June10; updated generating script not tracked."
C0155,current,body,figure bar,paper/figures/sec-3-pure-bytecode-percase.tex,3,\includegraphics[width=\textwidth]{figures/sec-3-4config-percase.pdf},x86 bpftrace_string_search_prefix_scan llvmbpf plotted speedup,bar (value derived below),micro/results/x86_kvm_micro_20260526_210952_650695,micro/results/x86_kvm_micro_20260526_210952_650695,yes,2026-05-26T21:09:52.650695+00:00,x86_kvm_micro; CPU Intel(R) Core(TM) Ultra 9 285K,unknown,completed,bpf-benchmark/docs/archive/shared/plot_micro_characterization_20260527.py; paper-provenance/scripts/plot_characterization_pure_percase.py (older 29-case source; final 27-case/4config generator not retained),yes,1.898989899,recomputed; figure legends match; bars visually consistent,median kernel/path exec_ns; each ARM path has its own baseline,"Final figure is sec-3-4config-percase.pdf, introduced June10; updated generating script not tracked."
C0156,current,body,figure bar,paper/figures/sec-3-pure-bytecode-percase.tex,3,\includegraphics[width=\textwidth]{figures/sec-3-4config-percase.pdf},x86 cgroup_skb_hash_chain llvmbpf plotted speedup,bar (value derived below),micro/results/x86_kvm_micro_20260526_210952_650695,micro/results/x86_kvm_micro_20260526_210952_650695,yes,2026-05-26T21:09:52.650695+00:00,x86_kvm_micro; CPU Intel(R) Core(TM) Ultra 9 285K,unknown,completed,bpf-benchmark/docs/archive/shared/plot_micro_characterization_20260527.py; paper-provenance/scripts/plot_characterization_pure_percase.py (older 29-case source; final 27-case/4config generator not retained),yes,0.979452055,recomputed; figure legends match; bars visually consistent,median kernel/path exec_ns; each ARM path has its own baseline,"Final figure is sec-3-4config-percase.pdf, introduced June10; updated generating script not tracked."
C0157,current,body,figure bar,paper/figures/sec-3-pure-bytecode-percase.tex,3,\includegraphics[width=\textwidth]{figures/sec-3-4config-percase.pdf},x86 cilium_ct_nat_tuple_rewrite llvmbpf plotted speedup,bar (value derived below),micro/results/x86_kvm_micro_20260526_210952_650695,micro/results/x86_kvm_micro_20260526_210952_650695,yes,2026-05-26T21:09:52.650695+00:00,x86_kvm_micro; CPU Intel(R) Core(TM) Ultra 9 285K,unknown,completed,bpf-benchmark/docs/archive/shared/plot_micro_characterization_20260527.py; paper-provenance/scripts/plot_characterization_pure_percase.py (older 29-case source; final 27-case/4config generator not retained),yes,1.986486486,recomputed; figure legends match; bars visually consistent,median kernel/path exec_ns; each ARM path has its own baseline,"Final figure is sec-3-4config-percase.pdf, introduced June10; updated generating script not tracked."
C0158,current,body,figure bar,paper/figures/sec-3-pure-bytecode-percase.tex,3,\includegraphics[width=\textwidth]{figures/sec-3-4config-percase.pdf},x86 cilium_policy_guard_tree_filter llvmbpf plotted speedup,bar (value derived below),micro/results/x86_kvm_micro_20260526_210952_650695,micro/results/x86_kvm_micro_20260526_210952_650695,yes,2026-05-26T21:09:52.650695+00:00,x86_kvm_micro; CPU Intel(R) Core(TM) Ultra 9 285K,unknown,completed,bpf-benchmark/docs/archive/shared/plot_micro_characterization_20260527.py; paper-provenance/scripts/plot_characterization_pure_percase.py (older 29-case source; final 27-case/4config generator not retained),yes,1.744186047,recomputed; figure legends match; bars visually consistent,median kernel/path exec_ns; each ARM path has its own baseline,"Final figure is sec-3-4config-percase.pdf, introduced June10; updated generating script not tracked."
C0159,current,body,figure bar,paper/figures/sec-3-pure-bytecode-percase.tex,3,\includegraphics[width=\textwidth]{figures/sec-3-4config-percase.pdf},x86 cilium_socket_lb_service_select llvmbpf plotted speedup,bar (value derived below),micro/results/x86_kvm_micro_20260526_210952_650695,micro/results/x86_kvm_micro_20260526_210952_650695,yes,2026-05-26T21:09:52.650695+00:00,x86_kvm_micro; CPU Intel(R) Core(TM) Ultra 9 285K,unknown,completed,bpf-benchmark/docs/archive/shared/plot_micro_characterization_20260527.py; paper-provenance/scripts/plot_characterization_pure_percase.py (older 29-case source; final 27-case/4config generator not retained),yes,2.102272727,recomputed; figure legends match; bars visually consistent,median kernel/path exec_ns; each ARM path has its own baseline,"Final figure is sec-3-4config-percase.pdf, introduced June10; updated generating script not tracked."
C0160,current,body,figure bar,paper/figures/sec-3-pure-bytecode-percase.tex,3,\includegraphics[width=\textwidth]{figures/sec-3-4config-percase.pdf},x86 flow_5tuple_rss_hash llvmbpf plotted speedup,bar (value derived below),micro/results/x86_kvm_micro_20260526_210952_650695,micro/results/x86_kvm_micro_20260526_210952_650695,yes,2026-05-26T21:09:52.650695+00:00,x86_kvm_micro; CPU Intel(R) Core(TM) Ultra 9 285K,unknown,completed,bpf-benchmark/docs/archive/shared/plot_micro_characterization_20260527.py; paper-provenance/scripts/plot_characterization_pure_percase.py (older 29-case source; final 27-case/4config generator not retained),yes,1.333333333,recomputed; figure legends match; bars visually consistent,median kernel/path exec_ns; each ARM path has its own baseline,"Final figure is sec-3-4config-percase.pdf, introduced June10; updated generating script not tracked."
C0161,current,body,figure bar,paper/figures/sec-3-pure-bytecode-percase.tex,3,\includegraphics[width=\textwidth]{figures/sec-3-4config-percase.pdf},x86 flow_record_field_scan llvmbpf plotted speedup,bar (value derived below),micro/results/x86_kvm_micro_20260526_210952_650695,micro/results/x86_kvm_micro_20260526_210952_650695,yes,2026-05-26T21:09:52.650695+00:00,x86_kvm_micro; CPU Intel(R) Core(TM) Ultra 9 285K,unknown,completed,bpf-benchmark/docs/archive/shared/plot_micro_characterization_20260527.py; paper-provenance/scripts/plot_characterization_pure_percase.py (older 29-case source; final 27-case/4config generator not retained),yes,1.617021277,recomputed; figure legends match; bars visually consistent,median kernel/path exec_ns; each ARM path has its own baseline,"Final figure is sec-3-4config-percase.pdf, introduced June10; updated generating script not tracked."
C0162,current,body,figure bar,paper/figures/sec-3-pure-bytecode-percase.tex,3,\includegraphics[width=\textwidth]{figures/sec-3-4config-percase.pdf},x86 katran_lb_consistent_hash_select llvmbpf plotted speedup,bar (value derived below),micro/results/x86_kvm_micro_20260526_210952_650695,micro/results/x86_kvm_micro_20260526_210952_650695,yes,2026-05-26T21:09:52.650695+00:00,x86_kvm_micro; CPU Intel(R) Core(TM) Ultra 9 285K,unknown,completed,bpf-benchmark/docs/archive/shared/plot_micro_characterization_20260527.py; paper-provenance/scripts/plot_characterization_pure_percase.py (older 29-case source; final 27-case/4config generator not retained),yes,1.833333333,recomputed; figure legends match; bars visually consistent,median kernel/path exec_ns; each ARM path has its own baseline,"Final figure is sec-3-4config-percase.pdf, introduced June10; updated generating script not tracked."
C0163,current,body,figure bar,paper/figures/sec-3-pure-bytecode-percase.tex,3,\includegraphics[width=\textwidth]{figures/sec-3-4config-percase.pdf},x86 otel_stack_frame_unwind_scan llvmbpf plotted speedup,bar (value derived below),micro/results/x86_kvm_micro_20260526_210952_650695,micro/results/x86_kvm_micro_20260526_210952_650695,yes,2026-05-26T21:09:52.650695+00:00,x86_kvm_micro; CPU Intel(R) Core(TM) Ultra 9 285K,unknown,completed,bpf-benchmark/docs/archive/shared/plot_micro_characterization_20260527.py; paper-provenance/scripts/plot_characterization_pure_percase.py (older 29-case source; final 27-case/4config generator not retained),yes,1.454545455,recomputed; figure legends match; bars visually consistent,median kernel/path exec_ns; each ARM path has its own baseline,"Final figure is sec-3-4config-percase.pdf, introduced June10; updated generating script not tracked."
C0164,current,body,figure bar,paper/figures/sec-3-pure-bytecode-percase.tex,3,\includegraphics[width=\textwidth]{figures/sec-3-4config-percase.pdf},x86 packed_header_bitfield_decode llvmbpf plotted speedup,bar (value derived below),micro/results/x86_kvm_micro_20260526_210952_650695,micro/results/x86_kvm_micro_20260526_210952_650695,yes,2026-05-26T21:09:52.650695+00:00,x86_kvm_micro; CPU Intel(R) Core(TM) Ultra 9 285K,unknown,completed,bpf-benchmark/docs/archive/shared/plot_micro_characterization_20260527.py; paper-provenance/scripts/plot_characterization_pure_percase.py (older 29-case source; final 27-case/4config generator not retained),yes,1.088235294,recomputed; figure legends match; bars visually consistent,median kernel/path exec_ns; each ARM path has its own baseline,"Final figure is sec-3-4config-percase.pdf, introduced June10; updated generating script not tracked."
C0165,current,body,figure bar,paper/figures/sec-3-pure-bytecode-percase.tex,3,\includegraphics[width=\textwidth]{figures/sec-3-4config-percase.pdf},x86 packet_checksum_fold llvmbpf plotted speedup,bar (value derived below),micro/results/x86_kvm_micro_20260526_210952_650695,micro/results/x86_kvm_micro_20260526_210952_650695,yes,2026-05-26T21:09:52.650695+00:00,x86_kvm_micro; CPU Intel(R) Core(TM) Ultra 9 285K,unknown,completed,bpf-benchmark/docs/archive/shared/plot_micro_characterization_20260527.py; paper-provenance/scripts/plot_characterization_pure_percase.py (older 29-case source; final 27-case/4config generator not retained),yes,1.325264978,recomputed; figure legends match; bars visually consistent,median kernel/path exec_ns; each ARM path has its own baseline,"Final figure is sec-3-4config-percase.pdf, introduced June10; updated generating script not tracked."
C0166,current,body,figure bar,paper/figures/sec-3-pure-bytecode-percase.tex,3,\includegraphics[width=\textwidth]{figures/sec-3-4config-percase.pdf},x86 packet_record_bounds_window llvmbpf plotted speedup,bar (value derived below),micro/results/x86_kvm_micro_20260526_210952_650695,micro/results/x86_kvm_micro_20260526_210952_650695,yes,2026-05-26T21:09:52.650695+00:00,x86_kvm_micro; CPU Intel(R) Core(TM) Ultra 9 285K,unknown,completed,bpf-benchmark/docs/archive/shared/plot_micro_characterization_20260527.py; paper-provenance/scripts/plot_characterization_pure_percase.py (older 29-case source; final 27-case/4config generator not retained),yes,1.903225806,recomputed; figure legends match; bars visually consistent,median kernel/path exec_ns; each ARM path has its own baseline,"Final figure is sec-3-4config-percase.pdf, introduced June10; updated generating script not tracked."
C0167,current,body,figure bar,paper/figures/sec-3-pure-bytecode-percase.tex,3,\includegraphics[width=\textwidth]{figures/sec-3-4config-percase.pdf},x86 packet_toeplitz_rss_hash llvmbpf plotted speedup,bar (value derived below),micro/results/x86_kvm_micro_20260526_210952_650695,micro/results/x86_kvm_micro_20260526_210952_650695,yes,2026-05-26T21:09:52.650695+00:00,x86_kvm_micro; CPU Intel(R) Core(TM) Ultra 9 285K,unknown,completed,bpf-benchmark/docs/archive/shared/plot_micro_characterization_20260527.py; paper-provenance/scripts/plot_characterization_pure_percase.py (older 29-case source; final 27-case/4config generator not retained),yes,2.381443299,recomputed; figure legends match; bars visually consistent,median kernel/path exec_ns; each ARM path has its own baseline,"Final figure is sec-3-4config-percase.pdf, introduced June10; updated generating script not tracked."
C0168,current,body,figure bar,paper/figures/sec-3-pure-bytecode-percase.tex,3,\includegraphics[width=\textwidth]{figures/sec-3-4config-percase.pdf},x86 packet_vlan_tcpopt_parser llvmbpf plotted speedup,bar (value derived below),micro/results/x86_kvm_micro_20260526_210952_650695,micro/results/x86_kvm_micro_20260526_210952_650695,yes,2026-05-26T21:09:52.650695+00:00,x86_kvm_micro; CPU Intel(R) Core(TM) Ultra 9 285K,unknown,completed,bpf-benchmark/docs/archive/shared/plot_micro_characterization_20260527.py; paper-provenance/scripts/plot_characterization_pure_percase.py (older 29-case source; final 27-case/4config generator not retained),yes,1.200000000,recomputed; figure legends match; bars visually consistent,median kernel/path exec_ns; each ARM path has its own baseline,"Final figure is sec-3-4config-percase.pdf, introduced June10; updated generating script not tracked."
C0169,current,body,figure bar,paper/figures/sec-3-pure-bytecode-percase.tex,3,\includegraphics[width=\textwidth]{figures/sec-3-4config-percase.pdf},x86 payload_prefix_memcmp_scan llvmbpf plotted speedup,bar (value derived below),micro/results/x86_kvm_micro_20260526_210952_650695,micro/results/x86_kvm_micro_20260526_210952_650695,yes,2026-05-26T21:09:52.650695+00:00,x86_kvm_micro; CPU Intel(R) Core(TM) Ultra 9 285K,unknown,completed,bpf-benchmark/docs/archive/shared/plot_micro_characterization_20260527.py; paper-provenance/scripts/plot_characterization_pure_percase.py (older 29-case source; final 27-case/4config generator not retained),yes,1.115384615,recomputed; figure legends match; bars visually consistent,median kernel/path exec_ns; each ARM path has its own baseline,"Final figure is sec-3-4config-percase.pdf, introduced June10; updated generating script not tracked."
C0170,current,body,figure bar,paper/figures/sec-3-pure-bytecode-percase.tex,3,\includegraphics[width=\textwidth]{figures/sec-3-4config-percase.pdf},x86 siphash_rotate64_mixer llvmbpf plotted speedup,bar (value derived below),micro/results/x86_kvm_micro_20260526_210952_650695,micro/results/x86_kvm_micro_20260526_210952_650695,yes,2026-05-26T21:09:52.650695+00:00,x86_kvm_micro; CPU Intel(R) Core(TM) Ultra 9 285K,unknown,completed,bpf-benchmark/docs/archive/shared/plot_micro_characterization_20260527.py; paper-provenance/scripts/plot_characterization_pure_percase.py (older 29-case source; final 27-case/4config generator not retained),yes,1.928571429,recomputed; figure legends match; bars visually consistent,median kernel/path exec_ns; each ARM path has its own baseline,"Final figure is sec-3-4config-percase.pdf, introduced June10; updated generating script not tracked."
C0171,current,body,figure bar,paper/figures/sec-3-pure-bytecode-percase.tex,3,\includegraphics[width=\textwidth]{figures/sec-3-4config-percase.pdf},x86 sorted_rule_binary_search llvmbpf plotted speedup,bar (value derived below),micro/results/x86_kvm_micro_20260526_210952_650695,micro/results/x86_kvm_micro_20260526_210952_650695,yes,2026-05-26T21:09:52.650695+00:00,x86_kvm_micro; CPU Intel(R) Core(TM) Ultra 9 285K,unknown,completed,bpf-benchmark/docs/archive/shared/plot_micro_characterization_20260527.py; paper-provenance/scripts/plot_characterization_pure_percase.py (older 29-case source; final 27-case/4config generator not retained),yes,2.209205021,recomputed; figure legends match; bars visually consistent,median kernel/path exec_ns; each ARM path has its own baseline,"Final figure is sec-3-4config-percase.pdf, introduced June10; updated generating script not tracked."
C0172,current,body,figure bar,paper/figures/sec-3-pure-bytecode-percase.tex,3,\includegraphics[width=\textwidth]{figures/sec-3-4config-percase.pdf},x86 tc_packet_checksum_fold llvmbpf plotted speedup,bar (value derived below),micro/results/x86_kvm_micro_20260526_210952_650695,micro/results/x86_kvm_micro_20260526_210952_650695,yes,2026-05-26T21:09:52.650695+00:00,x86_kvm_micro; CPU Intel(R) Core(TM) Ultra 9 285K,unknown,completed,bpf-benchmark/docs/archive/shared/plot_micro_characterization_20260527.py; paper-provenance/scripts/plot_characterization_pure_percase.py (older 29-case source; final 27-case/4config generator not retained),yes,1.324868520,recomputed; figure legends match; bars visually consistent,median kernel/path exec_ns; each ARM path has its own baseline,"Final figure is sec-3-4config-percase.pdf, introduced June10; updated generating script not tracked."
C0173,current,body,figure bar,paper/figures/sec-3-pure-bytecode-percase.tex,3,\includegraphics[width=\textwidth]{figures/sec-3-4config-percase.pdf},x86 tetragon_process_event_arg_filter llvmbpf plotted speedup,bar (value derived below),micro/results/x86_kvm_micro_20260526_210952_650695,micro/results/x86_kvm_micro_20260526_210952_650695,yes,2026-05-26T21:09:52.650695+00:00,x86_kvm_micro; CPU Intel(R) Core(TM) Ultra 9 285K,unknown,completed,bpf-benchmark/docs/archive/shared/plot_micro_characterization_20260527.py; paper-provenance/scripts/plot_characterization_pure_percase.py (older 29-case source; final 27-case/4config generator not retained),yes,1.896226415,recomputed; figure legends match; bars visually consistent,median kernel/path exec_ns; each ARM path has its own baseline,"Final figure is sec-3-4config-percase.pdf, introduced June10; updated generating script not tracked."
C0174,current,body,figure bar,paper/figures/sec-3-pure-bytecode-percase.tex,3,\includegraphics[width=\textwidth]{figures/sec-3-4config-percase.pdf},x86 trace_event_type_switch_dispatch llvmbpf plotted speedup,bar (value derived below),micro/results/x86_kvm_micro_20260526_210952_650695,micro/results/x86_kvm_micro_20260526_210952_650695,yes,2026-05-26T21:09:52.650695+00:00,x86_kvm_micro; CPU Intel(R) Core(TM) Ultra 9 285K,unknown,completed,bpf-benchmark/docs/archive/shared/plot_micro_characterization_20260527.py; paper-provenance/scripts/plot_characterization_pure_percase.py (older 29-case source; final 27-case/4config generator not retained),yes,1.120967742,recomputed; figure legends match; bars visually consistent,median kernel/path exec_ns; each ARM path has its own baseline,"Final figure is sec-3-4config-percase.pdf, introduced June10; updated generating script not tracked."
C0175,current,body,figure bar,paper/figures/sec-3-pure-bytecode-percase.tex,3,\includegraphics[width=\textwidth]{figures/sec-3-4config-percase.pdf},x86 tracee_http_method_prefix_detect llvmbpf plotted speedup,bar (value derived below),micro/results/x86_kvm_micro_20260526_210952_650695,micro/results/x86_kvm_micro_20260526_210952_650695,yes,2026-05-26T21:09:52.650695+00:00,x86_kvm_micro; CPU Intel(R) Core(TM) Ultra 9 285K,unknown,completed,bpf-benchmark/docs/archive/shared/plot_micro_characterization_20260527.py; paper-provenance/scripts/plot_characterization_pure_percase.py (older 29-case source; final 27-case/4config generator not retained),yes,1.266666667,recomputed; figure legends match; bars visually consistent,median kernel/path exec_ns; each ARM path has its own baseline,"Final figure is sec-3-4config-percase.pdf, introduced June10; updated generating script not tracked."
C0176,current,body,figure bar,paper/figures/sec-3-pure-bytecode-percase.tex,3,\includegraphics[width=\textwidth]{figures/sec-3-4config-percase.pdf},x86 tracee_syscall_name_table_lookup llvmbpf plotted speedup,bar (value derived below),micro/results/x86_kvm_micro_20260526_210952_650695,micro/results/x86_kvm_micro_20260526_210952_650695,yes,2026-05-26T21:09:52.650695+00:00,x86_kvm_micro; CPU Intel(R) Core(TM) Ultra 9 285K,unknown,completed,bpf-benchmark/docs/archive/shared/plot_micro_characterization_20260527.py; paper-provenance/scripts/plot_characterization_pure_percase.py (older 29-case source; final 27-case/4config generator not retained),yes,1.300000000,recomputed; figure legends match; bars visually consistent,median kernel/path exec_ns; each ARM path has its own baseline,"Final figure is sec-3-4config-percase.pdf, introduced June10; updated generating script not tracked."
C0177,current,body,figure bar,paper/figures/sec-3-pure-bytecode-percase.tex,3,\includegraphics[width=\textwidth]{figures/sec-3-4config-percase.pdf},arm bcc_runqlat_log2_histogram_bucket native_kernel plotted speedup,bar (value derived below),micro/results/aws_arm64_micro_20260523_091516_610343,micro/results/aws_arm64_micro_20260523_091516_610343,yes,2026-05-23T09:15:16.610343+00:00,aws_arm64_micro; CPU aarch64,unknown,completed,bpf-benchmark/docs/archive/shared/plot_micro_characterization_20260527.py; paper-provenance/scripts/plot_characterization_pure_percase.py (older 29-case source; final 27-case/4config generator not retained),yes,1.886712095,recomputed; figure legends match; bars visually consistent,median kernel/path exec_ns; each ARM path has its own baseline,"Final figure is sec-3-4config-percase.pdf, introduced June10; updated generating script not tracked."
C0178,current,body,figure bar,paper/figures/sec-3-pure-bytecode-percase.tex,3,\includegraphics[width=\textwidth]{figures/sec-3-4config-percase.pdf},arm bcc_tcpconnect_ipv4_tuple_filter native_kernel plotted speedup,bar (value derived below),micro/results/aws_arm64_micro_20260523_091516_610343,micro/results/aws_arm64_micro_20260523_091516_610343,yes,2026-05-23T09:15:16.610343+00:00,aws_arm64_micro; CPU aarch64,unknown,completed,bpf-benchmark/docs/archive/shared/plot_micro_characterization_20260527.py; paper-provenance/scripts/plot_characterization_pure_percase.py (older 29-case source; final 27-case/4config generator not retained),yes,2.289308176,recomputed; figure legends match; bars visually consistent,median kernel/path exec_ns; each ARM path has its own baseline,"Final figure is sec-3-4config-percase.pdf, introduced June10; updated generating script not tracked."
C0179,current,body,figure bar,paper/figures/sec-3-pure-bytecode-percase.tex,3,\includegraphics[width=\textwidth]{figures/sec-3-4config-percase.pdf},arm bitmap_popcount_scan native_kernel plotted speedup,bar (value derived below),micro/results/aws_arm64_micro_20260523_091516_610343,micro/results/aws_arm64_micro_20260523_091516_610343,yes,2026-05-23T09:15:16.610343+00:00,aws_arm64_micro; CPU aarch64,unknown,completed,bpf-benchmark/docs/archive/shared/plot_micro_characterization_20260527.py; paper-provenance/scripts/plot_characterization_pure_percase.py (older 29-case source; final 27-case/4config generator not retained),yes,1.216907675,recomputed; figure legends match; bars visually consistent,median kernel/path exec_ns; each ARM path has its own baseline,"Final figure is sec-3-4config-percase.pdf, introduced June10; updated generating script not tracked."
C0180,current,body,figure bar,paper/figures/sec-3-pure-bytecode-percase.tex,3,\includegraphics[width=\textwidth]{figures/sec-3-4config-percase.pdf},arm bpf_local_call_fanout_dispatch native_kernel plotted speedup,bar (value derived below),micro/results/aws_arm64_micro_20260523_091516_610343,micro/results/aws_arm64_micro_20260523_091516_610343,yes,2026-05-23T09:15:16.610343+00:00,aws_arm64_micro; CPU aarch64,unknown,completed,bpf-benchmark/docs/archive/shared/plot_micro_characterization_20260527.py; paper-provenance/scripts/plot_characterization_pure_percase.py (older 29-case source; final 27-case/4config generator not retained),yes,2.664179104,recomputed; figure legends match; bars visually consistent,median kernel/path exec_ns; each ARM path has its own baseline,"Final figure is sec-3-4config-percase.pdf, introduced June10; updated generating script not tracked."
C0181,current,body,figure bar,paper/figures/sec-3-pure-bytecode-percase.tex,3,\includegraphics[width=\textwidth]{figures/sec-3-4config-percase.pdf},arm bpftrace_comm_key_fnv_hash native_kernel plotted speedup,bar (value derived below),micro/results/aws_arm64_micro_20260523_091516_610343,micro/results/aws_arm64_micro_20260523_091516_610343,yes,2026-05-23T09:15:16.610343+00:00,aws_arm64_micro; CPU aarch64,unknown,completed,bpf-benchmark/docs/archive/shared/plot_micro_characterization_20260527.py; paper-provenance/scripts/plot_characterization_pure_percase.py (older 29-case source; final 27-case/4config generator not retained),yes,1.223255814,recomputed; figure legends match; bars visually consistent,median kernel/path exec_ns; each ARM path has its own baseline,"Final figure is sec-3-4config-percase.pdf, introduced June10; updated generating script not tracked."
C0182,current,body,figure bar,paper/figures/sec-3-pure-bytecode-percase.tex,3,\includegraphics[width=\textwidth]{figures/sec-3-4config-percase.pdf},arm bpftrace_string_search_prefix_scan native_kernel plotted speedup,bar (value derived below),micro/results/aws_arm64_micro_20260523_091516_610343,micro/results/aws_arm64_micro_20260523_091516_610343,yes,2026-05-23T09:15:16.610343+00:00,aws_arm64_micro; CPU aarch64,unknown,completed,bpf-benchmark/docs/archive/shared/plot_micro_characterization_20260527.py; paper-provenance/scripts/plot_characterization_pure_percase.py (older 29-case source; final 27-case/4config generator not retained),yes,1.723118280,recomputed; figure legends match; bars visually consistent,median kernel/path exec_ns; each ARM path has its own baseline,"Final figure is sec-3-4config-percase.pdf, introduced June10; updated generating script not tracked."
C0183,current,body,figure bar,paper/figures/sec-3-pure-bytecode-percase.tex,3,\includegraphics[width=\textwidth]{figures/sec-3-4config-percase.pdf},arm cgroup_skb_hash_chain native_kernel plotted speedup,bar (value derived below),micro/results/aws_arm64_micro_20260523_091516_610343,micro/results/aws_arm64_micro_20260523_091516_610343,yes,2026-05-23T09:15:16.610343+00:00,aws_arm64_micro; CPU aarch64,unknown,completed,bpf-benchmark/docs/archive/shared/plot_micro_characterization_20260527.py; paper-provenance/scripts/plot_characterization_pure_percase.py (older 29-case source; final 27-case/4config generator not retained),yes,2.741424802,recomputed; figure legends match; bars visually consistent,median kernel/path exec_ns; each ARM path has its own baseline,"Final figure is sec-3-4config-percase.pdf, introduced June10; updated generating script not tracked."
C0184,current,body,figure bar,paper/figures/sec-3-pure-bytecode-percase.tex,3,\includegraphics[width=\textwidth]{figures/sec-3-4config-percase.pdf},arm cilium_ct_nat_tuple_rewrite native_kernel plotted speedup,bar (value derived below),micro/results/aws_arm64_micro_20260523_091516_610343,micro/results/aws_arm64_micro_20260523_091516_610343,yes,2026-05-23T09:15:16.610343+00:00,aws_arm64_micro; CPU aarch64,unknown,completed,bpf-benchmark/docs/archive/shared/plot_micro_characterization_20260527.py; paper-provenance/scripts/plot_characterization_pure_percase.py (older 29-case source; final 27-case/4config generator not retained),yes,2.402912621,recomputed; figure legends match; bars visually consistent,median kernel/path exec_ns; each ARM path has its own baseline,"Final figure is sec-3-4config-percase.pdf, introduced June10; updated generating script not tracked."
C0185,current,body,figure bar,paper/figures/sec-3-pure-bytecode-percase.tex,3,\includegraphics[width=\textwidth]{figures/sec-3-4config-percase.pdf},arm cilium_policy_guard_tree_filter native_kernel plotted speedup,bar (value derived below),micro/results/aws_arm64_micro_20260523_091516_610343,micro/results/aws_arm64_micro_20260523_091516_610343,yes,2026-05-23T09:15:16.610343+00:00,aws_arm64_micro; CPU aarch64,unknown,completed,bpf-benchmark/docs/archive/shared/plot_micro_characterization_20260527.py; paper-provenance/scripts/plot_characterization_pure_percase.py (older 29-case source; final 27-case/4config generator not retained),yes,1.755244755,recomputed; figure legends match; bars visually consistent,median kernel/path exec_ns; each ARM path has its own baseline,"Final figure is sec-3-4config-percase.pdf, introduced June10; updated generating script not tracked."
C0186,current,body,figure bar,paper/figures/sec-3-pure-bytecode-percase.tex,3,\includegraphics[width=\textwidth]{figures/sec-3-4config-percase.pdf},arm cilium_socket_lb_service_select native_kernel plotted speedup,bar (value derived below),micro/results/aws_arm64_micro_20260523_091516_610343,micro/results/aws_arm64_micro_20260523_091516_610343,yes,2026-05-23T09:15:16.610343+00:00,aws_arm64_micro; CPU aarch64,unknown,completed,bpf-benchmark/docs/archive/shared/plot_micro_characterization_20260527.py; paper-provenance/scripts/plot_characterization_pure_percase.py (older 29-case source; final 27-case/4config generator not retained),yes,3.530085960,recomputed; figure legends match; bars visually consistent,median kernel/path exec_ns; each ARM path has its own baseline,"Final figure is sec-3-4config-percase.pdf, introduced June10; updated generating script not tracked."
C0187,current,body,figure bar,paper/figures/sec-3-pure-bytecode-percase.tex,3,\includegraphics[width=\textwidth]{figures/sec-3-4config-percase.pdf},arm flow_5tuple_rss_hash native_kernel plotted speedup,bar (value derived below),micro/results/aws_arm64_micro_20260523_091516_610343,micro/results/aws_arm64_micro_20260523_091516_610343,yes,2026-05-23T09:15:16.610343+00:00,aws_arm64_micro; CPU aarch64,unknown,completed,bpf-benchmark/docs/archive/shared/plot_micro_characterization_20260527.py; paper-provenance/scripts/plot_characterization_pure_percase.py (older 29-case source; final 27-case/4config generator not retained),yes,1.857142857,recomputed; figure legends match; bars visually consistent,median kernel/path exec_ns; each ARM path has its own baseline,"Final figure is sec-3-4config-percase.pdf, introduced June10; updated generating script not tracked."
C0188,current,body,figure bar,paper/figures/sec-3-pure-bytecode-percase.tex,3,\includegraphics[width=\textwidth]{figures/sec-3-4config-percase.pdf},arm flow_record_field_scan native_kernel plotted speedup,bar (value derived below),micro/results/aws_arm64_micro_20260523_091516_610343,micro/results/aws_arm64_micro_20260523_091516_610343,yes,2026-05-23T09:15:16.610343+00:00,aws_arm64_micro; CPU aarch64,unknown,completed,bpf-benchmark/docs/archive/shared/plot_micro_characterization_20260527.py; paper-provenance/scripts/plot_characterization_pure_percase.py (older 29-case source; final 27-case/4config generator not retained),yes,1.535433071,recomputed; figure legends match; bars visually consistent,median kernel/path exec_ns; each ARM path has its own baseline,"Final figure is sec-3-4config-percase.pdf, introduced June10; updated generating script not tracked."
C0189,current,body,figure bar,paper/figures/sec-3-pure-bytecode-percase.tex,3,\includegraphics[width=\textwidth]{figures/sec-3-4config-percase.pdf},arm katran_lb_consistent_hash_select native_kernel plotted speedup,bar (value derived below),micro/results/aws_arm64_micro_20260523_091516_610343,micro/results/aws_arm64_micro_20260523_091516_610343,yes,2026-05-23T09:15:16.610343+00:00,aws_arm64_micro; CPU aarch64,unknown,completed,bpf-benchmark/docs/archive/shared/plot_micro_characterization_20260527.py; paper-provenance/scripts/plot_characterization_pure_percase.py (older 29-case source; final 27-case/4config generator not retained),yes,1.658536585,recomputed; figure legends match; bars visually consistent,median kernel/path exec_ns; each ARM path has its own baseline,"Final figure is sec-3-4config-percase.pdf, introduced June10; updated generating script not tracked."
C0190,current,body,figure bar,paper/figures/sec-3-pure-bytecode-percase.tex,3,\includegraphics[width=\textwidth]{figures/sec-3-4config-percase.pdf},arm otel_stack_frame_unwind_scan native_kernel plotted speedup,bar (value derived below),micro/results/aws_arm64_micro_20260523_091516_610343,micro/results/aws_arm64_micro_20260523_091516_610343,yes,2026-05-23T09:15:16.610343+00:00,aws_arm64_micro; CPU aarch64,unknown,completed,bpf-benchmark/docs/archive/shared/plot_micro_characterization_20260527.py; paper-provenance/scripts/plot_characterization_pure_percase.py (older 29-case source; final 27-case/4config generator not retained),yes,3.990476190,recomputed; figure legends match; bars visually consistent,median kernel/path exec_ns; each ARM path has its own baseline,"Final figure is sec-3-4config-percase.pdf, introduced June10; updated generating script not tracked."
C0191,current,body,figure bar,paper/figures/sec-3-pure-bytecode-percase.tex,3,\includegraphics[width=\textwidth]{figures/sec-3-4config-percase.pdf},arm packed_header_bitfield_decode native_kernel plotted speedup,bar (value derived below),micro/results/aws_arm64_micro_20260523_091516_610343,micro/results/aws_arm64_micro_20260523_091516_610343,yes,2026-05-23T09:15:16.610343+00:00,aws_arm64_micro; CPU aarch64,unknown,completed,bpf-benchmark/docs/archive/shared/plot_micro_characterization_20260527.py; paper-provenance/scripts/plot_characterization_pure_percase.py (older 29-case source; final 27-case/4config generator not retained),yes,1.781704782,recomputed; figure legends match; bars visually consistent,median kernel/path exec_ns; each ARM path has its own baseline,"Final figure is sec-3-4config-percase.pdf, introduced June10; updated generating script not tracked."
C0192,current,body,figure bar,paper/figures/sec-3-pure-bytecode-percase.tex,3,\includegraphics[width=\textwidth]{figures/sec-3-4config-percase.pdf},arm packet_checksum_fold native_kernel plotted speedup,bar (value derived below),micro/results/aws_arm64_micro_20260523_091516_610343,micro/results/aws_arm64_micro_20260523_091516_610343,yes,2026-05-23T09:15:16.610343+00:00,aws_arm64_micro; CPU aarch64,unknown,completed,bpf-benchmark/docs/archive/shared/plot_micro_characterization_20260527.py; paper-provenance/scripts/plot_characterization_pure_percase.py (older 29-case source; final 27-case/4config generator not retained),yes,1.524896826,recomputed; figure legends match; bars visually consistent,median kernel/path exec_ns; each ARM path has its own baseline,"Final figure is sec-3-4config-percase.pdf, introduced June10; updated generating script not tracked."
C0193,current,body,figure bar,paper/figures/sec-3-pure-bytecode-percase.tex,3,\includegraphics[width=\textwidth]{figures/sec-3-4config-percase.pdf},arm packet_record_bounds_window native_kernel plotted speedup,bar (value derived below),micro/results/aws_arm64_micro_20260523_091516_610343,micro/results/aws_arm64_micro_20260523_091516_610343,yes,2026-05-23T09:15:16.610343+00:00,aws_arm64_micro; CPU aarch64,unknown,completed,bpf-benchmark/docs/archive/shared/plot_micro_characterization_20260527.py; paper-provenance/scripts/plot_characterization_pure_percase.py (older 29-case source; final 27-case/4config generator not retained),yes,2.132530120,recomputed; figure legends match; bars visually consistent,median kernel/path exec_ns; each ARM path has its own baseline,"Final figure is sec-3-4config-percase.pdf, introduced June10; updated generating script not tracked."
C0194,current,body,figure bar,paper/figures/sec-3-pure-bytecode-percase.tex,3,\includegraphics[width=\textwidth]{figures/sec-3-4config-percase.pdf},arm packet_toeplitz_rss_hash native_kernel plotted speedup,bar (value derived below),micro/results/aws_arm64_micro_20260523_091516_610343,micro/results/aws_arm64_micro_20260523_091516_610343,yes,2026-05-23T09:15:16.610343+00:00,aws_arm64_micro; CPU aarch64,unknown,completed,bpf-benchmark/docs/archive/shared/plot_micro_characterization_20260527.py; paper-provenance/scripts/plot_characterization_pure_percase.py (older 29-case source; final 27-case/4config generator not retained),yes,1.293969849,recomputed; figure legends match; bars visually consistent,median kernel/path exec_ns; each ARM path has its own baseline,"Final figure is sec-3-4config-percase.pdf, introduced June10; updated generating script not tracked."
C0195,current,body,figure bar,paper/figures/sec-3-pure-bytecode-percase.tex,3,\includegraphics[width=\textwidth]{figures/sec-3-4config-percase.pdf},arm packet_vlan_tcpopt_parser native_kernel plotted speedup,bar (value derived below),micro/results/aws_arm64_micro_20260523_091516_610343,micro/results/aws_arm64_micro_20260523_091516_610343,yes,2026-05-23T09:15:16.610343+00:00,aws_arm64_micro; CPU aarch64,unknown,completed,bpf-benchmark/docs/archive/shared/plot_micro_characterization_20260527.py; paper-provenance/scripts/plot_characterization_pure_percase.py (older 29-case source; final 27-case/4config generator not retained),yes,1.571428571,recomputed; figure legends match; bars visually consistent,median kernel/path exec_ns; each ARM path has its own baseline,"Final figure is sec-3-4config-percase.pdf, introduced June10; updated generating script not tracked."
C0196,current,body,figure bar,paper/figures/sec-3-pure-bytecode-percase.tex,3,\includegraphics[width=\textwidth]{figures/sec-3-4config-percase.pdf},arm payload_prefix_memcmp_scan native_kernel plotted speedup,bar (value derived below),micro/results/aws_arm64_micro_20260523_091516_610343,micro/results/aws_arm64_micro_20260523_091516_610343,yes,2026-05-23T09:15:16.610343+00:00,aws_arm64_micro; CPU aarch64,unknown,completed,bpf-benchmark/docs/archive/shared/plot_micro_characterization_20260527.py; paper-provenance/scripts/plot_characterization_pure_percase.py (older 29-case source; final 27-case/4config generator not retained),yes,1.664739884,recomputed; figure legends match; bars visually consistent,median kernel/path exec_ns; each ARM path has its own baseline,"Final figure is sec-3-4config-percase.pdf, introduced June10; updated generating script not tracked."
C0197,current,body,figure bar,paper/figures/sec-3-pure-bytecode-percase.tex,3,\includegraphics[width=\textwidth]{figures/sec-3-4config-percase.pdf},arm siphash_rotate64_mixer native_kernel plotted speedup,bar (value derived below),micro/results/aws_arm64_micro_20260523_091516_610343,micro/results/aws_arm64_micro_20260523_091516_610343,yes,2026-05-23T09:15:16.610343+00:00,aws_arm64_micro; CPU aarch64,unknown,completed,bpf-benchmark/docs/archive/shared/plot_micro_characterization_20260527.py; paper-provenance/scripts/plot_characterization_pure_percase.py (older 29-case source; final 27-case/4config generator not retained),yes,3.057692308,recomputed; figure legends match; bars visually consistent,median kernel/path exec_ns; each ARM path has its own baseline,"Final figure is sec-3-4config-percase.pdf, introduced June10; updated generating script not tracked."
C0198,current,body,figure bar,paper/figures/sec-3-pure-bytecode-percase.tex,3,\includegraphics[width=\textwidth]{figures/sec-3-4config-percase.pdf},arm sorted_rule_binary_search native_kernel plotted speedup,bar (value derived below),micro/results/aws_arm64_micro_20260523_091516_610343,micro/results/aws_arm64_micro_20260523_091516_610343,yes,2026-05-23T09:15:16.610343+00:00,aws_arm64_micro; CPU aarch64,unknown,completed,bpf-benchmark/docs/archive/shared/plot_micro_characterization_20260527.py; paper-provenance/scripts/plot_characterization_pure_percase.py (older 29-case source; final 27-case/4config generator not retained),yes,2.620418848,recomputed; figure legends match; bars visually consistent,median kernel/path exec_ns; each ARM path has its own baseline,"Final figure is sec-3-4config-percase.pdf, introduced June10; updated generating script not tracked."
C0199,current,body,figure bar,paper/figures/sec-3-pure-bytecode-percase.tex,3,\includegraphics[width=\textwidth]{figures/sec-3-4config-percase.pdf},arm tc_packet_checksum_fold native_kernel plotted speedup,bar (value derived below),micro/results/aws_arm64_micro_20260523_091516_610343,micro/results/aws_arm64_micro_20260523_091516_610343,yes,2026-05-23T09:15:16.610343+00:00,aws_arm64_micro; CPU aarch64,unknown,completed,bpf-benchmark/docs/archive/shared/plot_micro_characterization_20260527.py; paper-provenance/scripts/plot_characterization_pure_percase.py (older 29-case source; final 27-case/4config generator not retained),yes,1.517928135,recomputed; figure legends match; bars visually consistent,median kernel/path exec_ns; each ARM path has its own baseline,"Final figure is sec-3-4config-percase.pdf, introduced June10; updated generating script not tracked."
C0200,current,body,figure bar,paper/figures/sec-3-pure-bytecode-percase.tex,3,\includegraphics[width=\textwidth]{figures/sec-3-4config-percase.pdf},arm tetragon_process_event_arg_filter native_kernel plotted speedup,bar (value derived below),micro/results/aws_arm64_micro_20260523_091516_610343,micro/results/aws_arm64_micro_20260523_091516_610343,yes,2026-05-23T09:15:16.610343+00:00,aws_arm64_micro; CPU aarch64,unknown,completed,bpf-benchmark/docs/archive/shared/plot_micro_characterization_20260527.py; paper-provenance/scripts/plot_characterization_pure_percase.py (older 29-case source; final 27-case/4config generator not retained),yes,2.109890110,recomputed; figure legends match; bars visually consistent,median kernel/path exec_ns; each ARM path has its own baseline,"Final figure is sec-3-4config-percase.pdf, introduced June10; updated generating script not tracked."
C0201,current,body,figure bar,paper/figures/sec-3-pure-bytecode-percase.tex,3,\includegraphics[width=\textwidth]{figures/sec-3-4config-percase.pdf},arm trace_event_type_switch_dispatch native_kernel plotted speedup,bar (value derived below),micro/results/aws_arm64_micro_20260523_091516_610343,micro/results/aws_arm64_micro_20260523_091516_610343,yes,2026-05-23T09:15:16.610343+00:00,aws_arm64_micro; CPU aarch64,unknown,completed,bpf-benchmark/docs/archive/shared/plot_micro_characterization_20260527.py; paper-provenance/scripts/plot_characterization_pure_percase.py (older 29-case source; final 27-case/4config generator not retained),yes,1.083333333,recomputed; figure legends match; bars visually consistent,median kernel/path exec_ns; each ARM path has its own baseline,"Final figure is sec-3-4config-percase.pdf, introduced June10; updated generating script not tracked."
C0202,current,body,figure bar,paper/figures/sec-3-pure-bytecode-percase.tex,3,\includegraphics[width=\textwidth]{figures/sec-3-4config-percase.pdf},arm tracee_http_method_prefix_detect native_kernel plotted speedup,bar (value derived below),micro/results/aws_arm64_micro_20260523_091516_610343,micro/results/aws_arm64_micro_20260523_091516_610343,yes,2026-05-23T09:15:16.610343+00:00,aws_arm64_micro; CPU aarch64,unknown,completed,bpf-benchmark/docs/archive/shared/plot_micro_characterization_20260527.py; paper-provenance/scripts/plot_characterization_pure_percase.py (older 29-case source; final 27-case/4config generator not retained),yes,1.276595745,recomputed; figure legends match; bars visually consistent,median kernel/path exec_ns; each ARM path has its own baseline,"Final figure is sec-3-4config-percase.pdf, introduced June10; updated generating script not tracked."
C0203,current,body,figure bar,paper/figures/sec-3-pure-bytecode-percase.tex,3,\includegraphics[width=\textwidth]{figures/sec-3-4config-percase.pdf},arm tracee_syscall_name_table_lookup native_kernel plotted speedup,bar (value derived below),micro/results/aws_arm64_micro_20260523_091516_610343,micro/results/aws_arm64_micro_20260523_091516_610343,yes,2026-05-23T09:15:16.610343+00:00,aws_arm64_micro; CPU aarch64,unknown,completed,bpf-benchmark/docs/archive/shared/plot_micro_characterization_20260527.py; paper-provenance/scripts/plot_characterization_pure_percase.py (older 29-case source; final 27-case/4config generator not retained),yes,1.488636364,recomputed; figure legends match; bars visually consistent,median kernel/path exec_ns; each ARM path has its own baseline,"Final figure is sec-3-4config-percase.pdf, introduced June10; updated generating script not tracked."
C0204,current,body,figure bar,paper/figures/sec-3-pure-bytecode-percase.tex,3,\includegraphics[width=\textwidth]{figures/sec-3-4config-percase.pdf},arm bcc_runqlat_log2_histogram_bucket native plotted speedup,bar (value derived below),micro/results/aws_arm64_micro_20260520_052452_727433,micro/results/aws_arm64_micro_20260520_052452_727433,yes,2026-05-20T05:24:52.727433+00:00,aws_arm64_micro; CPU aarch64,unknown,completed,bpf-benchmark/docs/archive/shared/plot_micro_characterization_20260527.py; paper-provenance/scripts/plot_characterization_pure_percase.py (older 29-case source; final 27-case/4config generator not retained),yes,1.911827957,recomputed; figure legends match; bars visually consistent,median kernel/path exec_ns; each ARM path has its own baseline,"Final figure is sec-3-4config-percase.pdf, introduced June10; updated generating script not tracked."
C0205,current,body,figure bar,paper/figures/sec-3-pure-bytecode-percase.tex,3,\includegraphics[width=\textwidth]{figures/sec-3-4config-percase.pdf},arm bcc_tcpconnect_ipv4_tuple_filter native plotted speedup,bar (value derived below),micro/results/aws_arm64_micro_20260520_052452_727433,micro/results/aws_arm64_micro_20260520_052452_727433,yes,2026-05-20T05:24:52.727433+00:00,aws_arm64_micro; CPU aarch64,unknown,completed,bpf-benchmark/docs/archive/shared/plot_micro_characterization_20260527.py; paper-provenance/scripts/plot_characterization_pure_percase.py (older 29-case source; final 27-case/4config generator not retained),yes,2.329608939,recomputed; figure legends match; bars visually consistent,median kernel/path exec_ns; each ARM path has its own baseline,"Final figure is sec-3-4config-percase.pdf, introduced June10; updated generating script not tracked."
C0206,current,body,figure bar,paper/figures/sec-3-pure-bytecode-percase.tex,3,\includegraphics[width=\textwidth]{figures/sec-3-4config-percase.pdf},arm bitmap_popcount_scan native plotted speedup,bar (value derived below),micro/results/aws_arm64_micro_20260520_052452_727433,micro/results/aws_arm64_micro_20260520_052452_727433,yes,2026-05-20T05:24:52.727433+00:00,aws_arm64_micro; CPU aarch64,unknown,completed,bpf-benchmark/docs/archive/shared/plot_micro_characterization_20260527.py; paper-provenance/scripts/plot_characterization_pure_percase.py (older 29-case source; final 27-case/4config generator not retained),yes,1.379182156,recomputed; figure legends match; bars visually consistent,median kernel/path exec_ns; each ARM path has its own baseline,"Final figure is sec-3-4config-percase.pdf, introduced June10; updated generating script not tracked."
C0207,current,body,figure bar,paper/figures/sec-3-pure-bytecode-percase.tex,3,\includegraphics[width=\textwidth]{figures/sec-3-4config-percase.pdf},arm bpf_local_call_fanout_dispatch native plotted speedup,bar (value derived below),micro/results/aws_arm64_micro_20260520_052452_727433,micro/results/aws_arm64_micro_20260520_052452_727433,yes,2026-05-20T05:24:52.727433+00:00,aws_arm64_micro; CPU aarch64,unknown,completed,bpf-benchmark/docs/archive/shared/plot_micro_characterization_20260527.py; paper-provenance/scripts/plot_characterization_pure_percase.py (older 29-case source; final 27-case/4config generator not retained),yes,2.182926829,recomputed; figure legends match; bars visually consistent,median kernel/path exec_ns; each ARM path has its own baseline,"Final figure is sec-3-4config-percase.pdf, introduced June10; updated generating script not tracked."
C0208,current,body,figure bar,paper/figures/sec-3-pure-bytecode-percase.tex,3,\includegraphics[width=\textwidth]{figures/sec-3-4config-percase.pdf},arm bpftrace_comm_key_fnv_hash native plotted speedup,bar (value derived below),micro/results/aws_arm64_micro_20260520_052452_727433,micro/results/aws_arm64_micro_20260520_052452_727433,yes,2026-05-20T05:24:52.727433+00:00,aws_arm64_micro; CPU aarch64,unknown,completed,bpf-benchmark/docs/archive/shared/plot_micro_characterization_20260527.py; paper-provenance/scripts/plot_characterization_pure_percase.py (older 29-case source; final 27-case/4config generator not retained),yes,1.235019455,recomputed; figure legends match; bars visually consistent,median kernel/path exec_ns; each ARM path has its own baseline,"Final figure is sec-3-4config-percase.pdf, introduced June10; updated generating script not tracked."
C0209,current,body,figure bar,paper/figures/sec-3-pure-bytecode-percase.tex,3,\includegraphics[width=\textwidth]{figures/sec-3-4config-percase.pdf},arm bpftrace_string_search_prefix_scan native plotted speedup,bar (value derived below),micro/results/aws_arm64_micro_20260520_052452_727433,micro/results/aws_arm64_micro_20260520_052452_727433,yes,2026-05-20T05:24:52.727433+00:00,aws_arm64_micro; CPU aarch64,unknown,completed,bpf-benchmark/docs/archive/shared/plot_micro_characterization_20260527.py; paper-provenance/scripts/plot_characterization_pure_percase.py (older 29-case source; final 27-case/4config generator not retained),yes,1.745901639,recomputed; figure legends match; bars visually consistent,median kernel/path exec_ns; each ARM path has its own baseline,"Final figure is sec-3-4config-percase.pdf, introduced June10; updated generating script not tracked."
C0210,current,body,figure bar,paper/figures/sec-3-pure-bytecode-percase.tex,3,\includegraphics[width=\textwidth]{figures/sec-3-4config-percase.pdf},arm cgroup_skb_hash_chain native plotted speedup,bar (value derived below),micro/results/aws_arm64_micro_20260520_052452_727433,micro/results/aws_arm64_micro_20260520_052452_727433,yes,2026-05-20T05:24:52.727433+00:00,aws_arm64_micro; CPU aarch64,unknown,completed,bpf-benchmark/docs/archive/shared/plot_micro_characterization_20260527.py; paper-provenance/scripts/plot_characterization_pure_percase.py (older 29-case source; final 27-case/4config generator not retained),yes,2.619565217,recomputed; figure legends match; bars visually consistent,median kernel/path exec_ns; each ARM path has its own baseline,"Final figure is sec-3-4config-percase.pdf, introduced June10; updated generating script not tracked."
C0211,current,body,figure bar,paper/figures/sec-3-pure-bytecode-percase.tex,3,\includegraphics[width=\textwidth]{figures/sec-3-4config-percase.pdf},arm cilium_ct_nat_tuple_rewrite native plotted speedup,bar (value derived below),micro/results/aws_arm64_micro_20260520_052452_727433,micro/results/aws_arm64_micro_20260520_052452_727433,yes,2026-05-20T05:24:52.727433+00:00,aws_arm64_micro; CPU aarch64,unknown,completed,bpf-benchmark/docs/archive/shared/plot_micro_characterization_20260527.py; paper-provenance/scripts/plot_characterization_pure_percase.py (older 29-case source; final 27-case/4config generator not retained),yes,2.502538071,recomputed; figure legends match; bars visually consistent,median kernel/path exec_ns; each ARM path has its own baseline,"Final figure is sec-3-4config-percase.pdf, introduced June10; updated generating script not tracked."
C0212,current,body,figure bar,paper/figures/sec-3-pure-bytecode-percase.tex,3,\includegraphics[width=\textwidth]{figures/sec-3-4config-percase.pdf},arm cilium_policy_guard_tree_filter native plotted speedup,bar (value derived below),micro/results/aws_arm64_micro_20260520_052452_727433,micro/results/aws_arm64_micro_20260520_052452_727433,yes,2026-05-20T05:24:52.727433+00:00,aws_arm64_micro; CPU aarch64,unknown,completed,bpf-benchmark/docs/archive/shared/plot_micro_characterization_20260527.py; paper-provenance/scripts/plot_characterization_pure_percase.py (older 29-case source; final 27-case/4config generator not retained),yes,1.984000000,recomputed; figure legends match; bars visually consistent,median kernel/path exec_ns; each ARM path has its own baseline,"Final figure is sec-3-4config-percase.pdf, introduced June10; updated generating script not tracked."
C0213,current,body,figure bar,paper/figures/sec-3-pure-bytecode-percase.tex,3,\includegraphics[width=\textwidth]{figures/sec-3-4config-percase.pdf},arm cilium_socket_lb_service_select native plotted speedup,bar (value derived below),micro/results/aws_arm64_micro_20260520_052452_727433,micro/results/aws_arm64_micro_20260520_052452_727433,yes,2026-05-20T05:24:52.727433+00:00,aws_arm64_micro; CPU aarch64,unknown,completed,bpf-benchmark/docs/archive/shared/plot_micro_characterization_20260527.py; paper-provenance/scripts/plot_characterization_pure_percase.py (older 29-case source; final 27-case/4config generator not retained),yes,3.314705882,recomputed; figure legends match; bars visually consistent,median kernel/path exec_ns; each ARM path has its own baseline,"Final figure is sec-3-4config-percase.pdf, introduced June10; updated generating script not tracked."
C0214,current,body,figure bar,paper/figures/sec-3-pure-bytecode-percase.tex,3,\includegraphics[width=\textwidth]{figures/sec-3-4config-percase.pdf},arm flow_5tuple_rss_hash native plotted speedup,bar (value derived below),micro/results/aws_arm64_micro_20260520_052452_727433,micro/results/aws_arm64_micro_20260520_052452_727433,yes,2026-05-20T05:24:52.727433+00:00,aws_arm64_micro; CPU aarch64,unknown,completed,bpf-benchmark/docs/archive/shared/plot_micro_characterization_20260527.py; paper-provenance/scripts/plot_characterization_pure_percase.py (older 29-case source; final 27-case/4config generator not retained),yes,2.888888889,recomputed; figure legends match; bars visually consistent,median kernel/path exec_ns; each ARM path has its own baseline,"Final figure is sec-3-4config-percase.pdf, introduced June10; updated generating script not tracked."
C0215,current,body,figure bar,paper/figures/sec-3-pure-bytecode-percase.tex,3,\includegraphics[width=\textwidth]{figures/sec-3-4config-percase.pdf},arm flow_record_field_scan native plotted speedup,bar (value derived below),micro/results/aws_arm64_micro_20260520_052452_727433,micro/results/aws_arm64_micro_20260520_052452_727433,yes,2026-05-20T05:24:52.727433+00:00,aws_arm64_micro; CPU aarch64,unknown,completed,bpf-benchmark/docs/archive/shared/plot_micro_characterization_20260527.py; paper-provenance/scripts/plot_characterization_pure_percase.py (older 29-case source; final 27-case/4config generator not retained),yes,1.807339450,recomputed; figure legends match; bars visually consistent,median kernel/path exec_ns; each ARM path has its own baseline,"Final figure is sec-3-4config-percase.pdf, introduced June10; updated generating script not tracked."
C0216,current,body,figure bar,paper/figures/sec-3-pure-bytecode-percase.tex,3,\includegraphics[width=\textwidth]{figures/sec-3-4config-percase.pdf},arm katran_lb_consistent_hash_select native plotted speedup,bar (value derived below),micro/results/aws_arm64_micro_20260520_052452_727433,micro/results/aws_arm64_micro_20260520_052452_727433,yes,2026-05-20T05:24:52.727433+00:00,aws_arm64_micro; CPU aarch64,unknown,completed,bpf-benchmark/docs/archive/shared/plot_micro_characterization_20260527.py; paper-provenance/scripts/plot_characterization_pure_percase.py (older 29-case source; final 27-case/4config generator not retained),yes,2.518518519,recomputed; figure legends match; bars visually consistent,median kernel/path exec_ns; each ARM path has its own baseline,"Final figure is sec-3-4config-percase.pdf, introduced June10; updated generating script not tracked."
C0217,current,body,figure bar,paper/figures/sec-3-pure-bytecode-percase.tex,3,\includegraphics[width=\textwidth]{figures/sec-3-4config-percase.pdf},arm otel_stack_frame_unwind_scan native plotted speedup,bar (value derived below),micro/results/aws_arm64_micro_20260520_052452_727433,micro/results/aws_arm64_micro_20260520_052452_727433,yes,2026-05-20T05:24:52.727433+00:00,aws_arm64_micro; CPU aarch64,unknown,completed,bpf-benchmark/docs/archive/shared/plot_micro_characterization_20260527.py; paper-provenance/scripts/plot_characterization_pure_percase.py (older 29-case source; final 27-case/4config generator not retained),yes,3.822429907,recomputed; figure legends match; bars visually consistent,median kernel/path exec_ns; each ARM path has its own baseline,"Final figure is sec-3-4config-percase.pdf, introduced June10; updated generating script not tracked."
C0218,current,body,figure bar,paper/figures/sec-3-pure-bytecode-percase.tex,3,\includegraphics[width=\textwidth]{figures/sec-3-4config-percase.pdf},arm packed_header_bitfield_decode native plotted speedup,bar (value derived below),micro/results/aws_arm64_micro_20260520_052452_727433,micro/results/aws_arm64_micro_20260520_052452_727433,yes,2026-05-20T05:24:52.727433+00:00,aws_arm64_micro; CPU aarch64,unknown,completed,bpf-benchmark/docs/archive/shared/plot_micro_characterization_20260527.py; paper-provenance/scripts/plot_characterization_pure_percase.py (older 29-case source; final 27-case/4config generator not retained),yes,1.673828125,recomputed; figure legends match; bars visually consistent,median kernel/path exec_ns; each ARM path has its own baseline,"Final figure is sec-3-4config-percase.pdf, introduced June10; updated generating script not tracked."
C0219,current,body,figure bar,paper/figures/sec-3-pure-bytecode-percase.tex,3,\includegraphics[width=\textwidth]{figures/sec-3-4config-percase.pdf},arm packet_checksum_fold native plotted speedup,bar (value derived below),micro/results/aws_arm64_micro_20260520_052452_727433,micro/results/aws_arm64_micro_20260520_052452_727433,yes,2026-05-20T05:24:52.727433+00:00,aws_arm64_micro; CPU aarch64,unknown,completed,bpf-benchmark/docs/archive/shared/plot_micro_characterization_20260527.py; paper-provenance/scripts/plot_characterization_pure_percase.py (older 29-case source; final 27-case/4config generator not retained),yes,1.515928695,recomputed; figure legends match; bars visually consistent,median kernel/path exec_ns; each ARM path has its own baseline,"Final figure is sec-3-4config-percase.pdf, introduced June10; updated generating script not tracked."
C0220,current,body,figure bar,paper/figures/sec-3-pure-bytecode-percase.tex,3,\includegraphics[width=\textwidth]{figures/sec-3-4config-percase.pdf},arm packet_record_bounds_window native plotted speedup,bar (value derived below),micro/results/aws_arm64_micro_20260520_052452_727433,micro/results/aws_arm64_micro_20260520_052452_727433,yes,2026-05-20T05:24:52.727433+00:00,aws_arm64_micro; CPU aarch64,unknown,completed,bpf-benchmark/docs/archive/shared/plot_micro_characterization_20260527.py; paper-provenance/scripts/plot_characterization_pure_percase.py (older 29-case source; final 27-case/4config generator not retained),yes,2.353333333,recomputed; figure legends match; bars visually consistent,median kernel/path exec_ns; each ARM path has its own baseline,"Final figure is sec-3-4config-percase.pdf, introduced June10; updated generating script not tracked."
C0221,current,body,figure bar,paper/figures/sec-3-pure-bytecode-percase.tex,3,\includegraphics[width=\textwidth]{figures/sec-3-4config-percase.pdf},arm packet_toeplitz_rss_hash native plotted speedup,bar (value derived below),micro/results/aws_arm64_micro_20260520_052452_727433,micro/results/aws_arm64_micro_20260520_052452_727433,yes,2026-05-20T05:24:52.727433+00:00,aws_arm64_micro; CPU aarch64,unknown,completed,bpf-benchmark/docs/archive/shared/plot_micro_characterization_20260527.py; paper-provenance/scripts/plot_characterization_pure_percase.py (older 29-case source; final 27-case/4config generator not retained),yes,1.295212766,recomputed; figure legends match; bars visually consistent,median kernel/path exec_ns; each ARM path has its own baseline,"Final figure is sec-3-4config-percase.pdf, introduced June10; updated generating script not tracked."
C0222,current,body,figure bar,paper/figures/sec-3-pure-bytecode-percase.tex,3,\includegraphics[width=\textwidth]{figures/sec-3-4config-percase.pdf},arm packet_vlan_tcpopt_parser native plotted speedup,bar (value derived below),micro/results/aws_arm64_micro_20260520_052452_727433,micro/results/aws_arm64_micro_20260520_052452_727433,yes,2026-05-20T05:24:52.727433+00:00,aws_arm64_micro; CPU aarch64,unknown,completed,bpf-benchmark/docs/archive/shared/plot_micro_characterization_20260527.py; paper-provenance/scripts/plot_characterization_pure_percase.py (older 29-case source; final 27-case/4config generator not retained),yes,2.263157895,recomputed; figure legends match; bars visually consistent,median kernel/path exec_ns; each ARM path has its own baseline,"Final figure is sec-3-4config-percase.pdf, introduced June10; updated generating script not tracked."
C0223,current,body,figure bar,paper/figures/sec-3-pure-bytecode-percase.tex,3,\includegraphics[width=\textwidth]{figures/sec-3-4config-percase.pdf},arm payload_prefix_memcmp_scan native plotted speedup,bar (value derived below),micro/results/aws_arm64_micro_20260520_052452_727433,micro/results/aws_arm64_micro_20260520_052452_727433,yes,2026-05-20T05:24:52.727433+00:00,aws_arm64_micro; CPU aarch64,unknown,completed,bpf-benchmark/docs/archive/shared/plot_micro_characterization_20260527.py; paper-provenance/scripts/plot_characterization_pure_percase.py (older 29-case source; final 27-case/4config generator not retained),yes,1.700000000,recomputed; figure legends match; bars visually consistent,median kernel/path exec_ns; each ARM path has its own baseline,"Final figure is sec-3-4config-percase.pdf, introduced June10; updated generating script not tracked."
C0224,current,body,figure bar,paper/figures/sec-3-pure-bytecode-percase.tex,3,\includegraphics[width=\textwidth]{figures/sec-3-4config-percase.pdf},arm siphash_rotate64_mixer native plotted speedup,bar (value derived below),micro/results/aws_arm64_micro_20260520_052452_727433,micro/results/aws_arm64_micro_20260520_052452_727433,yes,2026-05-20T05:24:52.727433+00:00,aws_arm64_micro; CPU aarch64,unknown,completed,bpf-benchmark/docs/archive/shared/plot_micro_characterization_20260527.py; paper-provenance/scripts/plot_characterization_pure_percase.py (older 29-case source; final 27-case/4config generator not retained),yes,3.533333333,recomputed; figure legends match; bars visually consistent,median kernel/path exec_ns; each ARM path has its own baseline,"Final figure is sec-3-4config-percase.pdf, introduced June10; updated generating script not tracked."
C0225,current,body,figure bar,paper/figures/sec-3-pure-bytecode-percase.tex,3,\includegraphics[width=\textwidth]{figures/sec-3-4config-percase.pdf},arm sorted_rule_binary_search native plotted speedup,bar (value derived below),micro/results/aws_arm64_micro_20260520_052452_727433,micro/results/aws_arm64_micro_20260520_052452_727433,yes,2026-05-20T05:24:52.727433+00:00,aws_arm64_micro; CPU aarch64,unknown,completed,bpf-benchmark/docs/archive/shared/plot_micro_characterization_20260527.py; paper-provenance/scripts/plot_characterization_pure_percase.py (older 29-case source; final 27-case/4config generator not retained),yes,2.696675900,recomputed; figure legends match; bars visually consistent,median kernel/path exec_ns; each ARM path has its own baseline,"Final figure is sec-3-4config-percase.pdf, introduced June10; updated generating script not tracked."
C0226,current,body,figure bar,paper/figures/sec-3-pure-bytecode-percase.tex,3,\includegraphics[width=\textwidth]{figures/sec-3-4config-percase.pdf},arm tc_packet_checksum_fold native plotted speedup,bar (value derived below),micro/results/aws_arm64_micro_20260520_052452_727433,micro/results/aws_arm64_micro_20260520_052452_727433,yes,2026-05-20T05:24:52.727433+00:00,aws_arm64_micro; CPU aarch64,unknown,completed,bpf-benchmark/docs/archive/shared/plot_micro_characterization_20260527.py; paper-provenance/scripts/plot_characterization_pure_percase.py (older 29-case source; final 27-case/4config generator not retained),yes,1.205507441,recomputed; figure legends match; bars visually consistent,median kernel/path exec_ns; each ARM path has its own baseline,"Final figure is sec-3-4config-percase.pdf, introduced June10; updated generating script not tracked."
C0227,current,body,figure bar,paper/figures/sec-3-pure-bytecode-percase.tex,3,\includegraphics[width=\textwidth]{figures/sec-3-4config-percase.pdf},arm tetragon_process_event_arg_filter native plotted speedup,bar (value derived below),micro/results/aws_arm64_micro_20260520_052452_727433,micro/results/aws_arm64_micro_20260520_052452_727433,yes,2026-05-20T05:24:52.727433+00:00,aws_arm64_micro; CPU aarch64,unknown,completed,bpf-benchmark/docs/archive/shared/plot_micro_characterization_20260527.py; paper-provenance/scripts/plot_characterization_pure_percase.py (older 29-case source; final 27-case/4config generator not retained),yes,2.297188755,recomputed; figure legends match; bars visually consistent,median kernel/path exec_ns; each ARM path has its own baseline,"Final figure is sec-3-4config-percase.pdf, introduced June10; updated generating script not tracked."
C0228,current,body,figure bar,paper/figures/sec-3-pure-bytecode-percase.tex,3,\includegraphics[width=\textwidth]{figures/sec-3-4config-percase.pdf},arm trace_event_type_switch_dispatch native plotted speedup,bar (value derived below),micro/results/aws_arm64_micro_20260520_052452_727433,micro/results/aws_arm64_micro_20260520_052452_727433,yes,2026-05-20T05:24:52.727433+00:00,aws_arm64_micro; CPU aarch64,unknown,completed,bpf-benchmark/docs/archive/shared/plot_micro_characterization_20260527.py; paper-provenance/scripts/plot_characterization_pure_percase.py (older 29-case source; final 27-case/4config generator not retained),yes,1.050670641,recomputed; figure legends match; bars visually consistent,median kernel/path exec_ns; each ARM path has its own baseline,"Final figure is sec-3-4config-percase.pdf, introduced June10; updated generating script not tracked."
C0229,current,body,figure bar,paper/figures/sec-3-pure-bytecode-percase.tex,3,\includegraphics[width=\textwidth]{figures/sec-3-4config-percase.pdf},arm tracee_http_method_prefix_detect native plotted speedup,bar (value derived below),micro/results/aws_arm64_micro_20260520_052452_727433,micro/results/aws_arm64_micro_20260520_052452_727433,yes,2026-05-20T05:24:52.727433+00:00,aws_arm64_micro; CPU aarch64,unknown,completed,bpf-benchmark/docs/archive/shared/plot_micro_characterization_20260527.py; paper-provenance/scripts/plot_characterization_pure_percase.py (older 29-case source; final 27-case/4config generator not retained),yes,1.404761905,recomputed; figure legends match; bars visually consistent,median kernel/path exec_ns; each ARM path has its own baseline,"Final figure is sec-3-4config-percase.pdf, introduced June10; updated generating script not tracked."
C0230,current,body,figure bar,paper/figures/sec-3-pure-bytecode-percase.tex,3,\includegraphics[width=\textwidth]{figures/sec-3-4config-percase.pdf},arm tracee_syscall_name_table_lookup native plotted speedup,bar (value derived below),micro/results/aws_arm64_micro_20260520_052452_727433,micro/results/aws_arm64_micro_20260520_052452_727433,yes,2026-05-20T05:24:52.727433+00:00,aws_arm64_micro; CPU aarch64,unknown,completed,bpf-benchmark/docs/archive/shared/plot_micro_characterization_20260527.py; paper-provenance/scripts/plot_characterization_pure_percase.py (older 29-case source; final 27-case/4config generator not retained),yes,1.366548043,recomputed; figure legends match; bars visually consistent,median kernel/path exec_ns; each ARM path has its own baseline,"Final figure is sec-3-4config-percase.pdf, introduced June10; updated generating script not tracked."
C0231,current,body,figure bar,paper/figures/sec-3-pure-bytecode-percase.tex,3,\includegraphics[width=\textwidth]{figures/sec-3-4config-percase.pdf},arm bcc_runqlat_log2_histogram_bucket llvmbpf plotted speedup,bar (value derived below),micro/results/aws_arm64_micro_20260520_052452_727433,micro/results/aws_arm64_micro_20260520_052452_727433,yes,2026-05-20T05:24:52.727433+00:00,aws_arm64_micro; CPU aarch64,unknown,completed,bpf-benchmark/docs/archive/shared/plot_micro_characterization_20260527.py; paper-provenance/scripts/plot_characterization_pure_percase.py (older 29-case source; final 27-case/4config generator not retained),yes,1.819484241,recomputed; figure legends match; bars visually consistent,median kernel/path exec_ns; each ARM path has its own baseline,"Final figure is sec-3-4config-percase.pdf, introduced June10; updated generating script not tracked."
C0232,current,body,figure bar,paper/figures/sec-3-pure-bytecode-percase.tex,3,\includegraphics[width=\textwidth]{figures/sec-3-4config-percase.pdf},arm bcc_tcpconnect_ipv4_tuple_filter llvmbpf plotted speedup,bar (value derived below),micro/results/aws_arm64_micro_20260520_052452_727433,micro/results/aws_arm64_micro_20260520_052452_727433,yes,2026-05-20T05:24:52.727433+00:00,aws_arm64_micro; CPU aarch64,unknown,completed,bpf-benchmark/docs/archive/shared/plot_micro_characterization_20260527.py; paper-provenance/scripts/plot_characterization_pure_percase.py (older 29-case source; final 27-case/4config generator not retained),yes,2.743421053,recomputed; figure legends match; bars visually consistent,median kernel/path exec_ns; each ARM path has its own baseline,"Final figure is sec-3-4config-percase.pdf, introduced June10; updated generating script not tracked."
C0233,current,body,figure bar,paper/figures/sec-3-pure-bytecode-percase.tex,3,\includegraphics[width=\textwidth]{figures/sec-3-4config-percase.pdf},arm bitmap_popcount_scan llvmbpf plotted speedup,bar (value derived below),micro/results/aws_arm64_micro_20260520_052452_727433,micro/results/aws_arm64_micro_20260520_052452_727433,yes,2026-05-20T05:24:52.727433+00:00,aws_arm64_micro; CPU aarch64,unknown,completed,bpf-benchmark/docs/archive/shared/plot_micro_characterization_20260527.py; paper-provenance/scripts/plot_characterization_pure_percase.py (older 29-case source; final 27-case/4config generator not retained),yes,1.363135334,recomputed; figure legends match; bars visually consistent,median kernel/path exec_ns; each ARM path has its own baseline,"Final figure is sec-3-4config-percase.pdf, introduced June10; updated generating script not tracked."
C0234,current,body,figure bar,paper/figures/sec-3-pure-bytecode-percase.tex,3,\includegraphics[width=\textwidth]{figures/sec-3-4config-percase.pdf},arm bpf_local_call_fanout_dispatch llvmbpf plotted speedup,bar (value derived below),micro/results/aws_arm64_micro_20260520_052452_727433,micro/results/aws_arm64_micro_20260520_052452_727433,yes,2026-05-20T05:24:52.727433+00:00,aws_arm64_micro; CPU aarch64,unknown,completed,bpf-benchmark/docs/archive/shared/plot_micro_characterization_20260527.py; paper-provenance/scripts/plot_characterization_pure_percase.py (older 29-case source; final 27-case/4config generator not retained),yes,2.958677686,recomputed; figure legends match; bars visually consistent,median kernel/path exec_ns; each ARM path has its own baseline,"Final figure is sec-3-4config-percase.pdf, introduced June10; updated generating script not tracked."
C0235,current,body,figure bar,paper/figures/sec-3-pure-bytecode-percase.tex,3,\includegraphics[width=\textwidth]{figures/sec-3-4config-percase.pdf},arm bpftrace_comm_key_fnv_hash llvmbpf plotted speedup,bar (value derived below),micro/results/aws_arm64_micro_20260520_052452_727433,micro/results/aws_arm64_micro_20260520_052452_727433,yes,2026-05-20T05:24:52.727433+00:00,aws_arm64_micro; CPU aarch64,unknown,completed,bpf-benchmark/docs/archive/shared/plot_micro_characterization_20260527.py; paper-provenance/scripts/plot_characterization_pure_percase.py (older 29-case source; final 27-case/4config generator not retained),yes,1.189655172,recomputed; figure legends match; bars visually consistent,median kernel/path exec_ns; each ARM path has its own baseline,"Final figure is sec-3-4config-percase.pdf, introduced June10; updated generating script not tracked."
C0236,current,body,figure bar,paper/figures/sec-3-pure-bytecode-percase.tex,3,\includegraphics[width=\textwidth]{figures/sec-3-4config-percase.pdf},arm bpftrace_string_search_prefix_scan llvmbpf plotted speedup,bar (value derived below),micro/results/aws_arm64_micro_20260520_052452_727433,micro/results/aws_arm64_micro_20260520_052452_727433,yes,2026-05-20T05:24:52.727433+00:00,aws_arm64_micro; CPU aarch64,unknown,completed,bpf-benchmark/docs/archive/shared/plot_micro_characterization_20260527.py; paper-provenance/scripts/plot_characterization_pure_percase.py (older 29-case source; final 27-case/4config generator not retained),yes,2.015772871,recomputed; figure legends match; bars visually consistent,median kernel/path exec_ns; each ARM path has its own baseline,"Final figure is sec-3-4config-percase.pdf, introduced June10; updated generating script not tracked."
C0237,current,body,figure bar,paper/figures/sec-3-pure-bytecode-percase.tex,3,\includegraphics[width=\textwidth]{figures/sec-3-4config-percase.pdf},arm cgroup_skb_hash_chain llvmbpf plotted speedup,bar (value derived below),micro/results/aws_arm64_micro_20260520_052452_727433,micro/results/aws_arm64_micro_20260520_052452_727433,yes,2026-05-20T05:24:52.727433+00:00,aws_arm64_micro; CPU aarch64,unknown,completed,bpf-benchmark/docs/archive/shared/plot_micro_characterization_20260527.py; paper-provenance/scripts/plot_characterization_pure_percase.py (older 29-case source; final 27-case/4config generator not retained),yes,2.591397849,recomputed; figure legends match; bars visually consistent,median kernel/path exec_ns; each ARM path has its own baseline,"Final figure is sec-3-4config-percase.pdf, introduced June10; updated generating script not tracked."
C0238,current,body,figure bar,paper/figures/sec-3-pure-bytecode-percase.tex,3,\includegraphics[width=\textwidth]{figures/sec-3-4config-percase.pdf},arm cilium_ct_nat_tuple_rewrite llvmbpf plotted speedup,bar (value derived below),micro/results/aws_arm64_micro_20260520_052452_727433,micro/results/aws_arm64_micro_20260520_052452_727433,yes,2026-05-20T05:24:52.727433+00:00,aws_arm64_micro; CPU aarch64,unknown,completed,bpf-benchmark/docs/archive/shared/plot_micro_characterization_20260527.py; paper-provenance/scripts/plot_characterization_pure_percase.py (older 29-case source; final 27-case/4config generator not retained),yes,2.416666667,recomputed; figure legends match; bars visually consistent,median kernel/path exec_ns; each ARM path has its own baseline,"Final figure is sec-3-4config-percase.pdf, introduced June10; updated generating script not tracked."
C0239,current,body,figure bar,paper/figures/sec-3-pure-bytecode-percase.tex,3,\includegraphics[width=\textwidth]{figures/sec-3-4config-percase.pdf},arm cilium_policy_guard_tree_filter llvmbpf plotted speedup,bar (value derived below),micro/results/aws_arm64_micro_20260520_052452_727433,micro/results/aws_arm64_micro_20260520_052452_727433,yes,2026-05-20T05:24:52.727433+00:00,aws_arm64_micro; CPU aarch64,unknown,completed,bpf-benchmark/docs/archive/shared/plot_micro_characterization_20260527.py; paper-provenance/scripts/plot_characterization_pure_percase.py (older 29-case source; final 27-case/4config generator not retained),yes,1.642384106,recomputed; figure legends match; bars visually consistent,median kernel/path exec_ns; each ARM path has its own baseline,"Final figure is sec-3-4config-percase.pdf, introduced June10; updated generating script not tracked."
C0240,current,body,figure bar,paper/figures/sec-3-pure-bytecode-percase.tex,3,\includegraphics[width=\textwidth]{figures/sec-3-4config-percase.pdf},arm cilium_socket_lb_service_select llvmbpf plotted speedup,bar (value derived below),micro/results/aws_arm64_micro_20260520_052452_727433,micro/results/aws_arm64_micro_20260520_052452_727433,yes,2026-05-20T05:24:52.727433+00:00,aws_arm64_micro; CPU aarch64,unknown,completed,bpf-benchmark/docs/archive/shared/plot_micro_characterization_20260527.py; paper-provenance/scripts/plot_characterization_pure_percase.py (older 29-case source; final 27-case/4config generator not retained),yes,2.689737470,recomputed; figure legends match; bars visually consistent,median kernel/path exec_ns; each ARM path has its own baseline,"Final figure is sec-3-4config-percase.pdf, introduced June10; updated generating script not tracked."
C0241,current,body,figure bar,paper/figures/sec-3-pure-bytecode-percase.tex,3,\includegraphics[width=\textwidth]{figures/sec-3-4config-percase.pdf},arm flow_5tuple_rss_hash llvmbpf plotted speedup,bar (value derived below),micro/results/aws_arm64_micro_20260520_052452_727433,micro/results/aws_arm64_micro_20260520_052452_727433,yes,2026-05-20T05:24:52.727433+00:00,aws_arm64_micro; CPU aarch64,unknown,completed,bpf-benchmark/docs/archive/shared/plot_micro_characterization_20260527.py; paper-provenance/scripts/plot_characterization_pure_percase.py (older 29-case source; final 27-case/4config generator not retained),yes,1.857142857,recomputed; figure legends match; bars visually consistent,median kernel/path exec_ns; each ARM path has its own baseline,"Final figure is sec-3-4config-percase.pdf, introduced June10; updated generating script not tracked."
C0242,current,body,figure bar,paper/figures/sec-3-pure-bytecode-percase.tex,3,\includegraphics[width=\textwidth]{figures/sec-3-4config-percase.pdf},arm flow_record_field_scan llvmbpf plotted speedup,bar (value derived below),micro/results/aws_arm64_micro_20260520_052452_727433,micro/results/aws_arm64_micro_20260520_052452_727433,yes,2026-05-20T05:24:52.727433+00:00,aws_arm64_micro; CPU aarch64,unknown,completed,bpf-benchmark/docs/archive/shared/plot_micro_characterization_20260527.py; paper-provenance/scripts/plot_characterization_pure_percase.py (older 29-case source; final 27-case/4config generator not retained),yes,1.655462185,recomputed; figure legends match; bars visually consistent,median kernel/path exec_ns; each ARM path has its own baseline,"Final figure is sec-3-4config-percase.pdf, introduced June10; updated generating script not tracked."
C0243,current,body,figure bar,paper/figures/sec-3-pure-bytecode-percase.tex,3,\includegraphics[width=\textwidth]{figures/sec-3-4config-percase.pdf},arm katran_lb_consistent_hash_select llvmbpf plotted speedup,bar (value derived below),micro/results/aws_arm64_micro_20260520_052452_727433,micro/results/aws_arm64_micro_20260520_052452_727433,yes,2026-05-20T05:24:52.727433+00:00,aws_arm64_micro; CPU aarch64,unknown,completed,bpf-benchmark/docs/archive/shared/plot_micro_characterization_20260527.py; paper-provenance/scripts/plot_characterization_pure_percase.py (older 29-case source; final 27-case/4config generator not retained),yes,1.888888889,recomputed; figure legends match; bars visually consistent,median kernel/path exec_ns; each ARM path has its own baseline,"Final figure is sec-3-4config-percase.pdf, introduced June10; updated generating script not tracked."
C0244,current,body,figure bar,paper/figures/sec-3-pure-bytecode-percase.tex,3,\includegraphics[width=\textwidth]{figures/sec-3-4config-percase.pdf},arm otel_stack_frame_unwind_scan llvmbpf plotted speedup,bar (value derived below),micro/results/aws_arm64_micro_20260520_052452_727433,micro/results/aws_arm64_micro_20260520_052452_727433,yes,2026-05-20T05:24:52.727433+00:00,aws_arm64_micro; CPU aarch64,unknown,completed,bpf-benchmark/docs/archive/shared/plot_micro_characterization_20260527.py; paper-provenance/scripts/plot_characterization_pure_percase.py (older 29-case source; final 27-case/4config generator not retained),yes,2.187165775,recomputed; figure legends match; bars visually consistent,median kernel/path exec_ns; each ARM path has its own baseline,"Final figure is sec-3-4config-percase.pdf, introduced June10; updated generating script not tracked."
C0245,current,body,figure bar,paper/figures/sec-3-pure-bytecode-percase.tex,3,\includegraphics[width=\textwidth]{figures/sec-3-4config-percase.pdf},arm packed_header_bitfield_decode llvmbpf plotted speedup,bar (value derived below),micro/results/aws_arm64_micro_20260520_052452_727433,micro/results/aws_arm64_micro_20260520_052452_727433,yes,2026-05-20T05:24:52.727433+00:00,aws_arm64_micro; CPU aarch64,unknown,completed,bpf-benchmark/docs/archive/shared/plot_micro_characterization_20260527.py; paper-provenance/scripts/plot_characterization_pure_percase.py (older 29-case source; final 27-case/4config generator not retained),yes,1.763374486,recomputed; figure legends match; bars visually consistent,median kernel/path exec_ns; each ARM path has its own baseline,"Final figure is sec-3-4config-percase.pdf, introduced June10; updated generating script not tracked."
C0246,current,body,figure bar,paper/figures/sec-3-pure-bytecode-percase.tex,3,\includegraphics[width=\textwidth]{figures/sec-3-4config-percase.pdf},arm packet_checksum_fold llvmbpf plotted speedup,bar (value derived below),micro/results/aws_arm64_micro_20260520_052452_727433,micro/results/aws_arm64_micro_20260520_052452_727433,yes,2026-05-20T05:24:52.727433+00:00,aws_arm64_micro; CPU aarch64,unknown,completed,bpf-benchmark/docs/archive/shared/plot_micro_characterization_20260527.py; paper-provenance/scripts/plot_characterization_pure_percase.py (older 29-case source; final 27-case/4config generator not retained),yes,1.511467013,recomputed; figure legends match; bars visually consistent,median kernel/path exec_ns; each ARM path has its own baseline,"Final figure is sec-3-4config-percase.pdf, introduced June10; updated generating script not tracked."
C0247,current,body,figure bar,paper/figures/sec-3-pure-bytecode-percase.tex,3,\includegraphics[width=\textwidth]{figures/sec-3-4config-percase.pdf},arm packet_record_bounds_window llvmbpf plotted speedup,bar (value derived below),micro/results/aws_arm64_micro_20260520_052452_727433,micro/results/aws_arm64_micro_20260520_052452_727433,yes,2026-05-20T05:24:52.727433+00:00,aws_arm64_micro; CPU aarch64,unknown,completed,bpf-benchmark/docs/archive/shared/plot_micro_characterization_20260527.py; paper-provenance/scripts/plot_characterization_pure_percase.py (older 29-case source; final 27-case/4config generator not retained),yes,2.152439024,recomputed; figure legends match; bars visually consistent,median kernel/path exec_ns; each ARM path has its own baseline,"Final figure is sec-3-4config-percase.pdf, introduced June10; updated generating script not tracked."
C0248,current,body,figure bar,paper/figures/sec-3-pure-bytecode-percase.tex,3,\includegraphics[width=\textwidth]{figures/sec-3-4config-percase.pdf},arm packet_toeplitz_rss_hash llvmbpf plotted speedup,bar (value derived below),micro/results/aws_arm64_micro_20260520_052452_727433,micro/results/aws_arm64_micro_20260520_052452_727433,yes,2026-05-20T05:24:52.727433+00:00,aws_arm64_micro; CPU aarch64,unknown,completed,bpf-benchmark/docs/archive/shared/plot_micro_characterization_20260527.py; paper-provenance/scripts/plot_characterization_pure_percase.py (older 29-case source; final 27-case/4config generator not retained),yes,1.830827068,recomputed; figure legends match; bars visually consistent,median kernel/path exec_ns; each ARM path has its own baseline,"Final figure is sec-3-4config-percase.pdf, introduced June10; updated generating script not tracked."
C0249,current,body,figure bar,paper/figures/sec-3-pure-bytecode-percase.tex,3,\includegraphics[width=\textwidth]{figures/sec-3-4config-percase.pdf},arm packet_vlan_tcpopt_parser llvmbpf plotted speedup,bar (value derived below),micro/results/aws_arm64_micro_20260520_052452_727433,micro/results/aws_arm64_micro_20260520_052452_727433,yes,2026-05-20T05:24:52.727433+00:00,aws_arm64_micro; CPU aarch64,unknown,completed,bpf-benchmark/docs/archive/shared/plot_micro_characterization_20260527.py; paper-provenance/scripts/plot_characterization_pure_percase.py (older 29-case source; final 27-case/4config generator not retained),yes,1.954545455,recomputed; figure legends match; bars visually consistent,median kernel/path exec_ns; each ARM path has its own baseline,"Final figure is sec-3-4config-percase.pdf, introduced June10; updated generating script not tracked."
C0250,current,body,figure bar,paper/figures/sec-3-pure-bytecode-percase.tex,3,\includegraphics[width=\textwidth]{figures/sec-3-4config-percase.pdf},arm payload_prefix_memcmp_scan llvmbpf plotted speedup,bar (value derived below),micro/results/aws_arm64_micro_20260520_052452_727433,micro/results/aws_arm64_micro_20260520_052452_727433,yes,2026-05-20T05:24:52.727433+00:00,aws_arm64_micro; CPU aarch64,unknown,completed,bpf-benchmark/docs/archive/shared/plot_micro_characterization_20260527.py; paper-provenance/scripts/plot_characterization_pure_percase.py (older 29-case source; final 27-case/4config generator not retained),yes,1.537234043,recomputed; figure legends match; bars visually consistent,median kernel/path exec_ns; each ARM path has its own baseline,"Final figure is sec-3-4config-percase.pdf, introduced June10; updated generating script not tracked."
C0251,current,body,figure bar,paper/figures/sec-3-pure-bytecode-percase.tex,3,\includegraphics[width=\textwidth]{figures/sec-3-4config-percase.pdf},arm siphash_rotate64_mixer llvmbpf plotted speedup,bar (value derived below),micro/results/aws_arm64_micro_20260520_052452_727433,micro/results/aws_arm64_micro_20260520_052452_727433,yes,2026-05-20T05:24:52.727433+00:00,aws_arm64_micro; CPU aarch64,unknown,completed,bpf-benchmark/docs/archive/shared/plot_micro_characterization_20260527.py; paper-provenance/scripts/plot_characterization_pure_percase.py (older 29-case source; final 27-case/4config generator not retained),yes,3.312500000,recomputed; figure legends match; bars visually consistent,median kernel/path exec_ns; each ARM path has its own baseline,"Final figure is sec-3-4config-percase.pdf, introduced June10; updated generating script not tracked."
C0252,current,body,figure bar,paper/figures/sec-3-pure-bytecode-percase.tex,3,\includegraphics[width=\textwidth]{figures/sec-3-4config-percase.pdf},arm sorted_rule_binary_search llvmbpf plotted speedup,bar (value derived below),micro/results/aws_arm64_micro_20260520_052452_727433,micro/results/aws_arm64_micro_20260520_052452_727433,yes,2026-05-20T05:24:52.727433+00:00,aws_arm64_micro; CPU aarch64,unknown,completed,bpf-benchmark/docs/archive/shared/plot_micro_characterization_20260527.py; paper-provenance/scripts/plot_characterization_pure_percase.py (older 29-case source; final 27-case/4config generator not retained),yes,2.932228916,recomputed; figure legends match; bars visually consistent,median kernel/path exec_ns; each ARM path has its own baseline,"Final figure is sec-3-4config-percase.pdf, introduced June10; updated generating script not tracked."
C0253,current,body,figure bar,paper/figures/sec-3-pure-bytecode-percase.tex,3,\includegraphics[width=\textwidth]{figures/sec-3-4config-percase.pdf},arm tc_packet_checksum_fold llvmbpf plotted speedup,bar (value derived below),micro/results/aws_arm64_micro_20260520_052452_727433,micro/results/aws_arm64_micro_20260520_052452_727433,yes,2026-05-20T05:24:52.727433+00:00,aws_arm64_micro; CPU aarch64,unknown,completed,bpf-benchmark/docs/archive/shared/plot_micro_characterization_20260527.py; paper-provenance/scripts/plot_characterization_pure_percase.py (older 29-case source; final 27-case/4config generator not retained),yes,1.512048654,recomputed; figure legends match; bars visually consistent,median kernel/path exec_ns; each ARM path has its own baseline,"Final figure is sec-3-4config-percase.pdf, introduced June10; updated generating script not tracked."
C0254,current,body,figure bar,paper/figures/sec-3-pure-bytecode-percase.tex,3,\includegraphics[width=\textwidth]{figures/sec-3-4config-percase.pdf},arm tetragon_process_event_arg_filter llvmbpf plotted speedup,bar (value derived below),micro/results/aws_arm64_micro_20260520_052452_727433,micro/results/aws_arm64_micro_20260520_052452_727433,yes,2026-05-20T05:24:52.727433+00:00,aws_arm64_micro; CPU aarch64,unknown,completed,bpf-benchmark/docs/archive/shared/plot_micro_characterization_20260527.py; paper-provenance/scripts/plot_characterization_pure_percase.py (older 29-case source; final 27-case/4config generator not retained),yes,2.183206107,recomputed; figure legends match; bars visually consistent,median kernel/path exec_ns; each ARM path has its own baseline,"Final figure is sec-3-4config-percase.pdf, introduced June10; updated generating script not tracked."
C0255,current,body,figure bar,paper/figures/sec-3-pure-bytecode-percase.tex,3,\includegraphics[width=\textwidth]{figures/sec-3-4config-percase.pdf},arm trace_event_type_switch_dispatch llvmbpf plotted speedup,bar (value derived below),micro/results/aws_arm64_micro_20260520_052452_727433,micro/results/aws_arm64_micro_20260520_052452_727433,yes,2026-05-20T05:24:52.727433+00:00,aws_arm64_micro; CPU aarch64,unknown,completed,bpf-benchmark/docs/archive/shared/plot_micro_characterization_20260527.py; paper-provenance/scripts/plot_characterization_pure_percase.py (older 29-case source; final 27-case/4config generator not retained),yes,1.376953125,recomputed; figure legends match; bars visually consistent,median kernel/path exec_ns; each ARM path has its own baseline,"Final figure is sec-3-4config-percase.pdf, introduced June10; updated generating script not tracked."
C0256,current,body,figure bar,paper/figures/sec-3-pure-bytecode-percase.tex,3,\includegraphics[width=\textwidth]{figures/sec-3-4config-percase.pdf},arm tracee_http_method_prefix_detect llvmbpf plotted speedup,bar (value derived below),micro/results/aws_arm64_micro_20260520_052452_727433,micro/results/aws_arm64_micro_20260520_052452_727433,yes,2026-05-20T05:24:52.727433+00:00,aws_arm64_micro; CPU aarch64,unknown,completed,bpf-benchmark/docs/archive/shared/plot_micro_characterization_20260527.py; paper-provenance/scripts/plot_characterization_pure_percase.py (older 29-case source; final 27-case/4config generator not retained),yes,1.311111111,recomputed; figure legends match; bars visually consistent,median kernel/path exec_ns; each ARM path has its own baseline,"Final figure is sec-3-4config-percase.pdf, introduced June10; updated generating script not tracked."
C0257,current,body,figure bar,paper/figures/sec-3-pure-bytecode-percase.tex,3,\includegraphics[width=\textwidth]{figures/sec-3-4config-percase.pdf},arm tracee_syscall_name_table_lookup llvmbpf plotted speedup,bar (value derived below),micro/results/aws_arm64_micro_20260520_052452_727433,micro/results/aws_arm64_micro_20260520_052452_727433,yes,2026-05-20T05:24:52.727433+00:00,aws_arm64_micro; CPU aarch64,unknown,completed,bpf-benchmark/docs/archive/shared/plot_micro_characterization_20260527.py; paper-provenance/scripts/plot_characterization_pure_percase.py (older 29-case source; final 27-case/4config generator not retained),yes,1.465648855,recomputed; figure legends match; bars visually consistent,median kernel/path exec_ns; each ARM path has its own baseline,"Final figure is sec-3-4config-percase.pdf, introduced June10; updated generating script not tracked."
C0258,current,body,figure bar,paper/figures/sec-6-kinsn-micro-rq1.tex,6,\includegraphics[width=\textwidth]{figures/sec-6-x86-kinsn-micro-best-raw-27-20260608.pdf},x86 bcc_runqlat_log2_histogram_bucket plotted kinsn speedup,bar (value derived below),micro/results/x86_kvm_micro_20260519_114214_364050; micro/results/x86_kvm_micro_20260526_210351_224315,micro/results/x86_kvm_micro_20260519_114214_364050; micro/results/x86_kvm_micro_20260526_210351_224315,yes,2026-05-19T11:42:14.364050+00:00; 2026-05-26T21:03:51.224315+00:00,x86_kvm_micro; CPU Intel(R) Core(TM) Ultra 9 285K,unknown,completed,paper-provenance/scripts/plot_evaluation_kinsn.py (older 29-case source); bpf-benchmark/docs/artifacts/render_claim_table.py (27-case derivation),yes,1.205179283,recomputed; figure geomeans 1.24/1.22 match,27-case sample medians; x86 separate candidate/baseline; ARM matched kernel/kernel_rejit,
C0259,current,body,figure bar,paper/figures/sec-6-kinsn-micro-rq1.tex,6,\includegraphics[width=\textwidth]{figures/sec-6-x86-kinsn-micro-best-raw-27-20260608.pdf},x86 bcc_tcpconnect_ipv4_tuple_filter plotted kinsn speedup,bar (value derived below),micro/results/x86_kvm_micro_20260519_114214_364050; micro/results/x86_kvm_micro_20260526_210351_224315,micro/results/x86_kvm_micro_20260519_114214_364050; micro/results/x86_kvm_micro_20260526_210351_224315,yes,2026-05-19T11:42:14.364050+00:00; 2026-05-26T21:03:51.224315+00:00,x86_kvm_micro; CPU Intel(R) Core(TM) Ultra 9 285K,unknown,completed,paper-provenance/scripts/plot_evaluation_kinsn.py (older 29-case source); bpf-benchmark/docs/artifacts/render_claim_table.py (27-case derivation),yes,1.117021277,recomputed; figure geomeans 1.24/1.22 match,27-case sample medians; x86 separate candidate/baseline; ARM matched kernel/kernel_rejit,
C0260,current,body,figure bar,paper/figures/sec-6-kinsn-micro-rq1.tex,6,\includegraphics[width=\textwidth]{figures/sec-6-x86-kinsn-micro-best-raw-27-20260608.pdf},x86 bitmap_popcount_scan plotted kinsn speedup,bar (value derived below),micro/results/x86_kvm_micro_20260519_114214_364050; micro/results/x86_kvm_micro_20260526_210351_224315,micro/results/x86_kvm_micro_20260519_114214_364050; micro/results/x86_kvm_micro_20260526_210351_224315,yes,2026-05-19T11:42:14.364050+00:00; 2026-05-26T21:03:51.224315+00:00,x86_kvm_micro; CPU Intel(R) Core(TM) Ultra 9 285K,unknown,completed,paper-provenance/scripts/plot_evaluation_kinsn.py (older 29-case source); bpf-benchmark/docs/artifacts/render_claim_table.py (27-case derivation),yes,2.266802444,recomputed; figure geomeans 1.24/1.22 match,27-case sample medians; x86 separate candidate/baseline; ARM matched kernel/kernel_rejit,
C0261,current,body,figure bar,paper/figures/sec-6-kinsn-micro-rq1.tex,6,\includegraphics[width=\textwidth]{figures/sec-6-x86-kinsn-micro-best-raw-27-20260608.pdf},x86 bpf_local_call_fanout_dispatch plotted kinsn speedup,bar (value derived below),micro/results/x86_kvm_micro_20260519_114214_364050; micro/results/x86_kvm_micro_20260526_210351_224315,micro/results/x86_kvm_micro_20260519_114214_364050; micro/results/x86_kvm_micro_20260526_210351_224315,yes,2026-05-19T11:42:14.364050+00:00; 2026-05-26T21:03:51.224315+00:00,x86_kvm_micro; CPU Intel(R) Core(TM) Ultra 9 285K,unknown,completed,paper-provenance/scripts/plot_evaluation_kinsn.py (older 29-case source); bpf-benchmark/docs/artifacts/render_claim_table.py (27-case derivation),yes,1.488095238,recomputed; figure geomeans 1.24/1.22 match,27-case sample medians; x86 separate candidate/baseline; ARM matched kernel/kernel_rejit,
C0262,current,body,figure bar,paper/figures/sec-6-kinsn-micro-rq1.tex,6,\includegraphics[width=\textwidth]{figures/sec-6-x86-kinsn-micro-best-raw-27-20260608.pdf},x86 bpftrace_comm_key_fnv_hash plotted kinsn speedup,bar (value derived below),micro/results/x86_kvm_micro_20260519_114214_364050; micro/results/x86_kvm_micro_20260526_210351_224315,micro/results/x86_kvm_micro_20260519_114214_364050; micro/results/x86_kvm_micro_20260526_210351_224315,yes,2026-05-19T11:42:14.364050+00:00; 2026-05-26T21:03:51.224315+00:00,x86_kvm_micro; CPU Intel(R) Core(TM) Ultra 9 285K,unknown,completed,paper-provenance/scripts/plot_evaluation_kinsn.py (older 29-case source); bpf-benchmark/docs/artifacts/render_claim_table.py (27-case derivation),yes,1.004618938,recomputed; figure geomeans 1.24/1.22 match,27-case sample medians; x86 separate candidate/baseline; ARM matched kernel/kernel_rejit,
C0263,current,body,figure bar,paper/figures/sec-6-kinsn-micro-rq1.tex,6,\includegraphics[width=\textwidth]{figures/sec-6-x86-kinsn-micro-best-raw-27-20260608.pdf},x86 bpftrace_string_search_prefix_scan plotted kinsn speedup,bar (value derived below),micro/results/x86_kvm_micro_20260519_114214_364050; micro/results/x86_kvm_micro_20260526_210351_224315,micro/results/x86_kvm_micro_20260519_114214_364050; micro/results/x86_kvm_micro_20260526_210351_224315,yes,2026-05-19T11:42:14.364050+00:00; 2026-05-26T21:03:51.224315+00:00,x86_kvm_micro; CPU Intel(R) Core(TM) Ultra 9 285K,unknown,completed,paper-provenance/scripts/plot_evaluation_kinsn.py (older 29-case source); bpf-benchmark/docs/artifacts/render_claim_table.py (27-case derivation),yes,1.637583893,recomputed; figure geomeans 1.24/1.22 match,27-case sample medians; x86 separate candidate/baseline; ARM matched kernel/kernel_rejit,
C0264,current,body,figure bar,paper/figures/sec-6-kinsn-micro-rq1.tex,6,\includegraphics[width=\textwidth]{figures/sec-6-x86-kinsn-micro-best-raw-27-20260608.pdf},x86 cgroup_skb_hash_chain plotted kinsn speedup,bar (value derived below),micro/results/x86_kvm_micro_20260519_114214_364050; micro/results/x86_kvm_micro_20260526_210351_224315,micro/results/x86_kvm_micro_20260519_114214_364050; micro/results/x86_kvm_micro_20260526_210351_224315,yes,2026-05-19T11:42:14.364050+00:00; 2026-05-26T21:03:51.224315+00:00,x86_kvm_micro; CPU Intel(R) Core(TM) Ultra 9 285K,unknown,completed,paper-provenance/scripts/plot_evaluation_kinsn.py (older 29-case source); bpf-benchmark/docs/artifacts/render_claim_table.py (27-case derivation),yes,0.976109215,recomputed; figure geomeans 1.24/1.22 match,27-case sample medians; x86 separate candidate/baseline; ARM matched kernel/kernel_rejit,
C0265,current,body,figure bar,paper/figures/sec-6-kinsn-micro-rq1.tex,6,\includegraphics[width=\textwidth]{figures/sec-6-x86-kinsn-micro-best-raw-27-20260608.pdf},x86 cilium_ct_nat_tuple_rewrite plotted kinsn speedup,bar (value derived below),micro/results/x86_kvm_micro_20260519_114214_364050; micro/results/x86_kvm_micro_20260526_210351_224315,micro/results/x86_kvm_micro_20260519_114214_364050; micro/results/x86_kvm_micro_20260526_210351_224315,yes,2026-05-19T11:42:14.364050+00:00; 2026-05-26T21:03:51.224315+00:00,x86_kvm_micro; CPU Intel(R) Core(TM) Ultra 9 285K,unknown,completed,paper-provenance/scripts/plot_evaluation_kinsn.py (older 29-case source); bpf-benchmark/docs/artifacts/render_claim_table.py (27-case derivation),yes,1.072992701,recomputed; figure geomeans 1.24/1.22 match,27-case sample medians; x86 separate candidate/baseline; ARM matched kernel/kernel_rejit,
C0266,current,body,figure bar,paper/figures/sec-6-kinsn-micro-rq1.tex,6,\includegraphics[width=\textwidth]{figures/sec-6-x86-kinsn-micro-best-raw-27-20260608.pdf},x86 cilium_policy_guard_tree_filter plotted kinsn speedup,bar (value derived below),micro/results/x86_kvm_micro_20260519_114214_364050; micro/results/x86_kvm_micro_20260526_210351_224315,micro/results/x86_kvm_micro_20260519_114214_364050; micro/results/x86_kvm_micro_20260526_210351_224315,yes,2026-05-19T11:42:14.364050+00:00; 2026-05-26T21:03:51.224315+00:00,x86_kvm_micro; CPU Intel(R) Core(TM) Ultra 9 285K,unknown,completed,paper-provenance/scripts/plot_evaluation_kinsn.py (older 29-case source); bpf-benchmark/docs/artifacts/render_claim_table.py (27-case derivation),yes,1.056338028,recomputed; figure geomeans 1.24/1.22 match,27-case sample medians; x86 separate candidate/baseline; ARM matched kernel/kernel_rejit,
C0267,current,body,figure bar,paper/figures/sec-6-kinsn-micro-rq1.tex,6,\includegraphics[width=\textwidth]{figures/sec-6-x86-kinsn-micro-best-raw-27-20260608.pdf},x86 cilium_socket_lb_service_select plotted kinsn speedup,bar (value derived below),micro/results/x86_kvm_micro_20260519_114214_364050; micro/results/x86_kvm_micro_20260526_210351_224315,micro/results/x86_kvm_micro_20260519_114214_364050; micro/results/x86_kvm_micro_20260526_210351_224315,yes,2026-05-19T11:42:14.364050+00:00; 2026-05-26T21:03:51.224315+00:00,x86_kvm_micro; CPU Intel(R) Core(TM) Ultra 9 285K,unknown,completed,paper-provenance/scripts/plot_evaluation_kinsn.py (older 29-case source); bpf-benchmark/docs/artifacts/render_claim_table.py (27-case derivation),yes,1.145061728,recomputed; figure geomeans 1.24/1.22 match,27-case sample medians; x86 separate candidate/baseline; ARM matched kernel/kernel_rejit,
C0268,current,body,figure bar,paper/figures/sec-6-kinsn-micro-rq1.tex,6,\includegraphics[width=\textwidth]{figures/sec-6-x86-kinsn-micro-best-raw-27-20260608.pdf},x86 flow_5tuple_rss_hash plotted kinsn speedup,bar (value derived below),micro/results/x86_kvm_micro_20260519_114214_364050; micro/results/x86_kvm_micro_20260526_210351_224315,micro/results/x86_kvm_micro_20260519_114214_364050; micro/results/x86_kvm_micro_20260526_210351_224315,yes,2026-05-19T11:42:14.364050+00:00; 2026-05-26T21:03:51.224315+00:00,x86_kvm_micro; CPU Intel(R) Core(TM) Ultra 9 285K,unknown,completed,paper-provenance/scripts/plot_evaluation_kinsn.py (older 29-case source); bpf-benchmark/docs/artifacts/render_claim_table.py (27-case derivation),yes,1.454545455,recomputed; figure geomeans 1.24/1.22 match,27-case sample medians; x86 separate candidate/baseline; ARM matched kernel/kernel_rejit,
C0269,current,body,figure bar,paper/figures/sec-6-kinsn-micro-rq1.tex,6,\includegraphics[width=\textwidth]{figures/sec-6-x86-kinsn-micro-best-raw-27-20260608.pdf},x86 flow_record_field_scan plotted kinsn speedup,bar (value derived below),micro/results/x86_kvm_micro_20260519_114214_364050; micro/results/x86_kvm_micro_20260526_210351_224315,micro/results/x86_kvm_micro_20260519_114214_364050; micro/results/x86_kvm_micro_20260526_210351_224315,yes,2026-05-19T11:42:14.364050+00:00; 2026-05-26T21:03:51.224315+00:00,x86_kvm_micro; CPU Intel(R) Core(TM) Ultra 9 285K,unknown,completed,paper-provenance/scripts/plot_evaluation_kinsn.py (older 29-case source); bpf-benchmark/docs/artifacts/render_claim_table.py (27-case derivation),yes,1.211538462,recomputed; figure geomeans 1.24/1.22 match,27-case sample medians; x86 separate candidate/baseline; ARM matched kernel/kernel_rejit,
C0270,current,body,figure bar,paper/figures/sec-6-kinsn-micro-rq1.tex,6,\includegraphics[width=\textwidth]{figures/sec-6-x86-kinsn-micro-best-raw-27-20260608.pdf},x86 katran_lb_consistent_hash_select plotted kinsn speedup,bar (value derived below),micro/results/x86_kvm_micro_20260519_114214_364050; micro/results/x86_kvm_micro_20260526_210351_224315,micro/results/x86_kvm_micro_20260519_114214_364050; micro/results/x86_kvm_micro_20260526_210351_224315,yes,2026-05-19T11:42:14.364050+00:00; 2026-05-26T21:03:51.224315+00:00,x86_kvm_micro; CPU Intel(R) Core(TM) Ultra 9 285K,unknown,completed,paper-provenance/scripts/plot_evaluation_kinsn.py (older 29-case source); bpf-benchmark/docs/artifacts/render_claim_table.py (27-case derivation),yes,1.466666667,recomputed; figure geomeans 1.24/1.22 match,27-case sample medians; x86 separate candidate/baseline; ARM matched kernel/kernel_rejit,
C0271,current,body,figure bar,paper/figures/sec-6-kinsn-micro-rq1.tex,6,\includegraphics[width=\textwidth]{figures/sec-6-x86-kinsn-micro-best-raw-27-20260608.pdf},x86 otel_stack_frame_unwind_scan plotted kinsn speedup,bar (value derived below),micro/results/x86_kvm_micro_20260519_114214_364050; micro/results/x86_kvm_micro_20260526_210351_224315,micro/results/x86_kvm_micro_20260519_114214_364050; micro/results/x86_kvm_micro_20260526_210351_224315,yes,2026-05-19T11:42:14.364050+00:00; 2026-05-26T21:03:51.224315+00:00,x86_kvm_micro; CPU Intel(R) Core(TM) Ultra 9 285K,unknown,completed,paper-provenance/scripts/plot_evaluation_kinsn.py (older 29-case source); bpf-benchmark/docs/artifacts/render_claim_table.py (27-case derivation),yes,1.076190476,recomputed; figure geomeans 1.24/1.22 match,27-case sample medians; x86 separate candidate/baseline; ARM matched kernel/kernel_rejit,
C0272,current,body,figure bar,paper/figures/sec-6-kinsn-micro-rq1.tex,6,\includegraphics[width=\textwidth]{figures/sec-6-x86-kinsn-micro-best-raw-27-20260608.pdf},x86 packed_header_bitfield_decode plotted kinsn speedup,bar (value derived below),micro/results/x86_kvm_micro_20260519_114214_364050; micro/results/x86_kvm_micro_20260526_210351_224315,micro/results/x86_kvm_micro_20260519_114214_364050; micro/results/x86_kvm_micro_20260526_210351_224315,yes,2026-05-19T11:42:14.364050+00:00; 2026-05-26T21:03:51.224315+00:00,x86_kvm_micro; CPU Intel(R) Core(TM) Ultra 9 285K,unknown,completed,paper-provenance/scripts/plot_evaluation_kinsn.py (older 29-case source); bpf-benchmark/docs/artifacts/render_claim_table.py (27-case derivation),yes,0.834586466,recomputed; figure geomeans 1.24/1.22 match,27-case sample medians; x86 separate candidate/baseline; ARM matched kernel/kernel_rejit,
C0273,current,body,figure bar,paper/figures/sec-6-kinsn-micro-rq1.tex,6,\includegraphics[width=\textwidth]{figures/sec-6-x86-kinsn-micro-best-raw-27-20260608.pdf},x86 packet_checksum_fold plotted kinsn speedup,bar (value derived below),micro/results/x86_kvm_micro_20260519_114214_364050; micro/results/x86_kvm_micro_20260526_210351_224315,micro/results/x86_kvm_micro_20260519_114214_364050; micro/results/x86_kvm_micro_20260526_210351_224315,yes,2026-05-19T11:42:14.364050+00:00; 2026-05-26T21:03:51.224315+00:00,x86_kvm_micro; CPU Intel(R) Core(TM) Ultra 9 285K,unknown,completed,paper-provenance/scripts/plot_evaluation_kinsn.py (older 29-case source); bpf-benchmark/docs/artifacts/render_claim_table.py (27-case derivation),yes,1.332905370,recomputed; figure geomeans 1.24/1.22 match,27-case sample medians; x86 separate candidate/baseline; ARM matched kernel/kernel_rejit,
C0274,current,body,figure bar,paper/figures/sec-6-kinsn-micro-rq1.tex,6,\includegraphics[width=\textwidth]{figures/sec-6-x86-kinsn-micro-best-raw-27-20260608.pdf},x86 packet_record_bounds_window plotted kinsn speedup,bar (value derived below),micro/results/x86_kvm_micro_20260519_114214_364050; micro/results/x86_kvm_micro_20260526_210351_224315,micro/results/x86_kvm_micro_20260519_114214_364050; micro/results/x86_kvm_micro_20260526_210351_224315,yes,2026-05-19T11:42:14.364050+00:00; 2026-05-26T21:03:51.224315+00:00,x86_kvm_micro; CPU Intel(R) Core(TM) Ultra 9 285K,unknown,completed,paper-provenance/scripts/plot_evaluation_kinsn.py (older 29-case source); bpf-benchmark/docs/artifacts/render_claim_table.py (27-case derivation),yes,1.638888889,recomputed; figure geomeans 1.24/1.22 match,27-case sample medians; x86 separate candidate/baseline; ARM matched kernel/kernel_rejit,
C0275,current,body,figure bar,paper/figures/sec-6-kinsn-micro-rq1.tex,6,\includegraphics[width=\textwidth]{figures/sec-6-x86-kinsn-micro-best-raw-27-20260608.pdf},x86 packet_toeplitz_rss_hash plotted kinsn speedup,bar (value derived below),micro/results/x86_kvm_micro_20260519_114214_364050; micro/results/x86_kvm_micro_20260526_210351_224315,micro/results/x86_kvm_micro_20260519_114214_364050; micro/results/x86_kvm_micro_20260526_210351_224315,yes,2026-05-19T11:42:14.364050+00:00; 2026-05-26T21:03:51.224315+00:00,x86_kvm_micro; CPU Intel(R) Core(TM) Ultra 9 285K,unknown,completed,paper-provenance/scripts/plot_evaluation_kinsn.py (older 29-case source); bpf-benchmark/docs/artifacts/render_claim_table.py (27-case derivation),yes,1.192825112,recomputed; figure geomeans 1.24/1.22 match,27-case sample medians; x86 separate candidate/baseline; ARM matched kernel/kernel_rejit,
C0276,current,body,figure bar,paper/figures/sec-6-kinsn-micro-rq1.tex,6,\includegraphics[width=\textwidth]{figures/sec-6-x86-kinsn-micro-best-raw-27-20260608.pdf},x86 packet_vlan_tcpopt_parser plotted kinsn speedup,bar (value derived below),micro/results/x86_kvm_micro_20260519_114214_364050; micro/results/x86_kvm_micro_20260526_210351_224315,micro/results/x86_kvm_micro_20260519_114214_364050; micro/results/x86_kvm_micro_20260526_210351_224315,yes,2026-05-19T11:42:14.364050+00:00; 2026-05-26T21:03:51.224315+00:00,x86_kvm_micro; CPU Intel(R) Core(TM) Ultra 9 285K,unknown,completed,paper-provenance/scripts/plot_evaluation_kinsn.py (older 29-case source); bpf-benchmark/docs/artifacts/render_claim_table.py (27-case derivation),yes,1.363636364,recomputed; figure geomeans 1.24/1.22 match,27-case sample medians; x86 separate candidate/baseline; ARM matched kernel/kernel_rejit,
C0277,current,body,figure bar,paper/figures/sec-6-kinsn-micro-rq1.tex,6,\includegraphics[width=\textwidth]{figures/sec-6-x86-kinsn-micro-best-raw-27-20260608.pdf},x86 payload_prefix_memcmp_scan plotted kinsn speedup,bar (value derived below),micro/results/x86_kvm_micro_20260519_114214_364050; micro/results/x86_kvm_micro_20260526_210351_224315,micro/results/x86_kvm_micro_20260519_114214_364050; micro/results/x86_kvm_micro_20260526_210351_224315,yes,2026-05-19T11:42:14.364050+00:00; 2026-05-26T21:03:51.224315+00:00,x86_kvm_micro; CPU Intel(R) Core(TM) Ultra 9 285K,unknown,completed,paper-provenance/scripts/plot_evaluation_kinsn.py (older 29-case source); bpf-benchmark/docs/artifacts/render_claim_table.py (27-case derivation),yes,0.796460177,recomputed; figure geomeans 1.24/1.22 match,27-case sample medians; x86 separate candidate/baseline; ARM matched kernel/kernel_rejit,
C0278,current,body,figure bar,paper/figures/sec-6-kinsn-micro-rq1.tex,6,\includegraphics[width=\textwidth]{figures/sec-6-x86-kinsn-micro-best-raw-27-20260608.pdf},x86 siphash_rotate64_mixer plotted kinsn speedup,bar (value derived below),micro/results/x86_kvm_micro_20260519_114214_364050; micro/results/x86_kvm_micro_20260526_210351_224315,micro/results/x86_kvm_micro_20260519_114214_364050; micro/results/x86_kvm_micro_20260526_210351_224315,yes,2026-05-19T11:42:14.364050+00:00; 2026-05-26T21:03:51.224315+00:00,x86_kvm_micro; CPU Intel(R) Core(TM) Ultra 9 285K,unknown,completed,paper-provenance/scripts/plot_evaluation_kinsn.py (older 29-case source); bpf-benchmark/docs/artifacts/render_claim_table.py (27-case derivation),yes,1.741935484,recomputed; figure geomeans 1.24/1.22 match,27-case sample medians; x86 separate candidate/baseline; ARM matched kernel/kernel_rejit,
C0279,current,body,figure bar,paper/figures/sec-6-kinsn-micro-rq1.tex,6,\includegraphics[width=\textwidth]{figures/sec-6-x86-kinsn-micro-best-raw-27-20260608.pdf},x86 sorted_rule_binary_search plotted kinsn speedup,bar (value derived below),micro/results/x86_kvm_micro_20260519_114214_364050; micro/results/x86_kvm_micro_20260526_210351_224315,micro/results/x86_kvm_micro_20260519_114214_364050; micro/results/x86_kvm_micro_20260526_210351_224315,yes,2026-05-19T11:42:14.364050+00:00; 2026-05-26T21:03:51.224315+00:00,x86_kvm_micro; CPU Intel(R) Core(TM) Ultra 9 285K,unknown,completed,paper-provenance/scripts/plot_evaluation_kinsn.py (older 29-case source); bpf-benchmark/docs/artifacts/render_claim_table.py (27-case derivation),yes,1.001901141,recomputed; figure geomeans 1.24/1.22 match,27-case sample medians; x86 separate candidate/baseline; ARM matched kernel/kernel_rejit,
C0280,current,body,figure bar,paper/figures/sec-6-kinsn-micro-rq1.tex,6,\includegraphics[width=\textwidth]{figures/sec-6-x86-kinsn-micro-best-raw-27-20260608.pdf},x86 tc_packet_checksum_fold plotted kinsn speedup,bar (value derived below),micro/results/x86_kvm_micro_20260519_114214_364050; micro/results/x86_kvm_micro_20260526_210351_224315,micro/results/x86_kvm_micro_20260519_114214_364050; micro/results/x86_kvm_micro_20260526_210351_224315,yes,2026-05-19T11:42:14.364050+00:00; 2026-05-26T21:03:51.224315+00:00,x86_kvm_micro; CPU Intel(R) Core(TM) Ultra 9 285K,unknown,completed,paper-provenance/scripts/plot_evaluation_kinsn.py (older 29-case source); bpf-benchmark/docs/artifacts/render_claim_table.py (27-case derivation),yes,1.331923890,recomputed; figure geomeans 1.24/1.22 match,27-case sample medians; x86 separate candidate/baseline; ARM matched kernel/kernel_rejit,
C0281,current,body,figure bar,paper/figures/sec-6-kinsn-micro-rq1.tex,6,\includegraphics[width=\textwidth]{figures/sec-6-x86-kinsn-micro-best-raw-27-20260608.pdf},x86 tetragon_process_event_arg_filter plotted kinsn speedup,bar (value derived below),micro/results/x86_kvm_micro_20260519_114214_364050; micro/results/x86_kvm_micro_20260526_210351_224315,micro/results/x86_kvm_micro_20260519_114214_364050; micro/results/x86_kvm_micro_20260526_210351_224315,yes,2026-05-19T11:42:14.364050+00:00; 2026-05-26T21:03:51.224315+00:00,x86_kvm_micro; CPU Intel(R) Core(TM) Ultra 9 285K,unknown,completed,paper-provenance/scripts/plot_evaluation_kinsn.py (older 29-case source); bpf-benchmark/docs/artifacts/render_claim_table.py (27-case derivation),yes,1.453237410,recomputed; figure geomeans 1.24/1.22 match,27-case sample medians; x86 separate candidate/baseline; ARM matched kernel/kernel_rejit,
C0282,current,body,figure bar,paper/figures/sec-6-kinsn-micro-rq1.tex,6,\includegraphics[width=\textwidth]{figures/sec-6-x86-kinsn-micro-best-raw-27-20260608.pdf},x86 trace_event_type_switch_dispatch plotted kinsn speedup,bar (value derived below),micro/results/x86_kvm_micro_20260519_114214_364050; micro/results/x86_kvm_micro_20260526_210351_224315,micro/results/x86_kvm_micro_20260519_114214_364050; micro/results/x86_kvm_micro_20260526_210351_224315,yes,2026-05-19T11:42:14.364050+00:00; 2026-05-26T21:03:51.224315+00:00,x86_kvm_micro; CPU Intel(R) Core(TM) Ultra 9 285K,unknown,completed,paper-provenance/scripts/plot_evaluation_kinsn.py (older 29-case source); bpf-benchmark/docs/artifacts/render_claim_table.py (27-case derivation),yes,1.017985612,recomputed; figure geomeans 1.24/1.22 match,27-case sample medians; x86 separate candidate/baseline; ARM matched kernel/kernel_rejit,
C0283,current,body,figure bar,paper/figures/sec-6-kinsn-micro-rq1.tex,6,\includegraphics[width=\textwidth]{figures/sec-6-x86-kinsn-micro-best-raw-27-20260608.pdf},x86 tracee_http_method_prefix_detect plotted kinsn speedup,bar (value derived below),micro/results/x86_kvm_micro_20260519_114214_364050; micro/results/x86_kvm_micro_20260526_210351_224315,micro/results/x86_kvm_micro_20260519_114214_364050; micro/results/x86_kvm_micro_20260526_210351_224315,yes,2026-05-19T11:42:14.364050+00:00; 2026-05-26T21:03:51.224315+00:00,x86_kvm_micro; CPU Intel(R) Core(TM) Ultra 9 285K,unknown,completed,paper-provenance/scripts/plot_evaluation_kinsn.py (older 29-case source); bpf-benchmark/docs/artifacts/render_claim_table.py (27-case derivation),yes,1.058823529,recomputed; figure geomeans 1.24/1.22 match,27-case sample medians; x86 separate candidate/baseline; ARM matched kernel/kernel_rejit,
C0284,current,body,figure bar,paper/figures/sec-6-kinsn-micro-rq1.tex,6,\includegraphics[width=\textwidth]{figures/sec-6-x86-kinsn-micro-best-raw-27-20260608.pdf},x86 tracee_syscall_name_table_lookup plotted kinsn speedup,bar (value derived below),micro/results/x86_kvm_micro_20260519_114214_364050; micro/results/x86_kvm_micro_20260526_210351_224315,micro/results/x86_kvm_micro_20260519_114214_364050; micro/results/x86_kvm_micro_20260526_210351_224315,yes,2026-05-19T11:42:14.364050+00:00; 2026-05-26T21:03:51.224315+00:00,x86_kvm_micro; CPU Intel(R) Core(TM) Ultra 9 285K,unknown,completed,paper-provenance/scripts/plot_evaluation_kinsn.py (older 29-case source); bpf-benchmark/docs/artifacts/render_claim_table.py (27-case derivation),yes,1.527272727,recomputed; figure geomeans 1.24/1.22 match,27-case sample medians; x86 separate candidate/baseline; ARM matched kernel/kernel_rejit,
C0285,current,body,figure bar,paper/figures/sec-6-kinsn-micro-rq1.tex,15,\includegraphics[width=\textwidth]{figures/sec-6-arm64-kinsn-micro-rejit-27-20260608.pdf},arm bcc_runqlat_log2_histogram_bucket plotted kinsn speedup,bar (value derived below),micro/results/aws_arm64_micro_20260606_001225_821028,micro/results/aws_arm64_micro_20260606_001225_821028,yes,2026-06-06T00:12:25.821028+00:00,aws_arm64_micro; CPU aarch64,unknown,completed,paper-provenance/scripts/plot_evaluation_kinsn.py (older 29-case source); bpf-benchmark/docs/artifacts/render_claim_table.py (27-case derivation),yes,1.160208062,recomputed; figure geomeans 1.24/1.22 match,27-case sample medians; x86 separate candidate/baseline; ARM matched kernel/kernel_rejit,
C0286,current,body,figure bar,paper/figures/sec-6-kinsn-micro-rq1.tex,15,\includegraphics[width=\textwidth]{figures/sec-6-arm64-kinsn-micro-rejit-27-20260608.pdf},arm bcc_tcpconnect_ipv4_tuple_filter plotted kinsn speedup,bar (value derived below),micro/results/aws_arm64_micro_20260606_001225_821028,micro/results/aws_arm64_micro_20260606_001225_821028,yes,2026-06-06T00:12:25.821028+00:00,aws_arm64_micro; CPU aarch64,unknown,completed,paper-provenance/scripts/plot_evaluation_kinsn.py (older 29-case source); bpf-benchmark/docs/artifacts/render_claim_table.py (27-case derivation),yes,1.623809524,recomputed; figure geomeans 1.24/1.22 match,27-case sample medians; x86 separate candidate/baseline; ARM matched kernel/kernel_rejit,
C0287,current,body,figure bar,paper/figures/sec-6-kinsn-micro-rq1.tex,15,\includegraphics[width=\textwidth]{figures/sec-6-arm64-kinsn-micro-rejit-27-20260608.pdf},arm bitmap_popcount_scan plotted kinsn speedup,bar (value derived below),micro/results/aws_arm64_micro_20260606_001225_821028,micro/results/aws_arm64_micro_20260606_001225_821028,yes,2026-06-06T00:12:25.821028+00:00,aws_arm64_micro; CPU aarch64,unknown,completed,paper-provenance/scripts/plot_evaluation_kinsn.py (older 29-case source); bpf-benchmark/docs/artifacts/render_claim_table.py (27-case derivation),yes,0.966460724,recomputed; figure geomeans 1.24/1.22 match,27-case sample medians; x86 separate candidate/baseline; ARM matched kernel/kernel_rejit,
C0288,current,body,figure bar,paper/figures/sec-6-kinsn-micro-rq1.tex,15,\includegraphics[width=\textwidth]{figures/sec-6-arm64-kinsn-micro-rejit-27-20260608.pdf},arm bpf_local_call_fanout_dispatch plotted kinsn speedup,bar (value derived below),micro/results/aws_arm64_micro_20260606_001225_821028,micro/results/aws_arm64_micro_20260606_001225_821028,yes,2026-06-06T00:12:25.821028+00:00,aws_arm64_micro; CPU aarch64,unknown,completed,paper-provenance/scripts/plot_evaluation_kinsn.py (older 29-case source); bpf-benchmark/docs/artifacts/render_claim_table.py (27-case derivation),yes,1.182119205,recomputed; figure geomeans 1.24/1.22 match,27-case sample medians; x86 separate candidate/baseline; ARM matched kernel/kernel_rejit,
C0289,current,body,figure bar,paper/figures/sec-6-kinsn-micro-rq1.tex,15,\includegraphics[width=\textwidth]{figures/sec-6-arm64-kinsn-micro-rejit-27-20260608.pdf},arm bpftrace_comm_key_fnv_hash plotted kinsn speedup,bar (value derived below),micro/results/aws_arm64_micro_20260606_001225_821028,micro/results/aws_arm64_micro_20260606_001225_821028,yes,2026-06-06T00:12:25.821028+00:00,aws_arm64_micro; CPU aarch64,unknown,completed,paper-provenance/scripts/plot_evaluation_kinsn.py (older 29-case source); bpf-benchmark/docs/artifacts/render_claim_table.py (27-case derivation),yes,0.861580381,recomputed; figure geomeans 1.24/1.22 match,27-case sample medians; x86 separate candidate/baseline; ARM matched kernel/kernel_rejit,
C0290,current,body,figure bar,paper/figures/sec-6-kinsn-micro-rq1.tex,15,\includegraphics[width=\textwidth]{figures/sec-6-arm64-kinsn-micro-rejit-27-20260608.pdf},arm bpftrace_string_search_prefix_scan plotted kinsn speedup,bar (value derived below),micro/results/aws_arm64_micro_20260606_001225_821028,micro/results/aws_arm64_micro_20260606_001225_821028,yes,2026-06-06T00:12:25.821028+00:00,aws_arm64_micro; CPU aarch64,unknown,completed,paper-provenance/scripts/plot_evaluation_kinsn.py (older 29-case source); bpf-benchmark/docs/artifacts/render_claim_table.py (27-case derivation),yes,1.558252427,recomputed; figure geomeans 1.24/1.22 match,27-case sample medians; x86 separate candidate/baseline; ARM matched kernel/kernel_rejit,
C0291,current,body,figure bar,paper/figures/sec-6-kinsn-micro-rq1.tex,15,\includegraphics[width=\textwidth]{figures/sec-6-arm64-kinsn-micro-rejit-27-20260608.pdf},arm cgroup_skb_hash_chain plotted kinsn speedup,bar (value derived below),micro/results/aws_arm64_micro_20260606_001225_821028,micro/results/aws_arm64_micro_20260606_001225_821028,yes,2026-06-06T00:12:25.821028+00:00,aws_arm64_micro; CPU aarch64,unknown,completed,paper-provenance/scripts/plot_evaluation_kinsn.py (older 29-case source); bpf-benchmark/docs/artifacts/render_claim_table.py (27-case derivation),yes,1.616415410,recomputed; figure geomeans 1.24/1.22 match,27-case sample medians; x86 separate candidate/baseline; ARM matched kernel/kernel_rejit,
C0292,current,body,figure bar,paper/figures/sec-6-kinsn-micro-rq1.tex,15,\includegraphics[width=\textwidth]{figures/sec-6-arm64-kinsn-micro-rejit-27-20260608.pdf},arm cilium_ct_nat_tuple_rewrite plotted kinsn speedup,bar (value derived below),micro/results/aws_arm64_micro_20260606_001225_821028,micro/results/aws_arm64_micro_20260606_001225_821028,yes,2026-06-06T00:12:25.821028+00:00,aws_arm64_micro; CPU aarch64,unknown,completed,paper-provenance/scripts/plot_evaluation_kinsn.py (older 29-case source); bpf-benchmark/docs/artifacts/render_claim_table.py (27-case derivation),yes,1.482035928,recomputed; figure geomeans 1.24/1.22 match,27-case sample medians; x86 separate candidate/baseline; ARM matched kernel/kernel_rejit,
C0293,current,body,figure bar,paper/figures/sec-6-kinsn-micro-rq1.tex,15,\includegraphics[width=\textwidth]{figures/sec-6-arm64-kinsn-micro-rejit-27-20260608.pdf},arm cilium_policy_guard_tree_filter plotted kinsn speedup,bar (value derived below),micro/results/aws_arm64_micro_20260606_001225_821028,micro/results/aws_arm64_micro_20260606_001225_821028,yes,2026-06-06T00:12:25.821028+00:00,aws_arm64_micro; CPU aarch64,unknown,completed,paper-provenance/scripts/plot_evaluation_kinsn.py (older 29-case source); bpf-benchmark/docs/artifacts/render_claim_table.py (27-case derivation),yes,1.226600985,recomputed; figure geomeans 1.24/1.22 match,27-case sample medians; x86 separate candidate/baseline; ARM matched kernel/kernel_rejit,
C0294,current,body,figure bar,paper/figures/sec-6-kinsn-micro-rq1.tex,15,\includegraphics[width=\textwidth]{figures/sec-6-arm64-kinsn-micro-rejit-27-20260608.pdf},arm cilium_socket_lb_service_select plotted kinsn speedup,bar (value derived below),micro/results/aws_arm64_micro_20260606_001225_821028,micro/results/aws_arm64_micro_20260606_001225_821028,yes,2026-06-06T00:12:25.821028+00:00,aws_arm64_micro; CPU aarch64,unknown,completed,paper-provenance/scripts/plot_evaluation_kinsn.py (older 29-case source); bpf-benchmark/docs/artifacts/render_claim_table.py (27-case derivation),yes,1.690690691,recomputed; figure geomeans 1.24/1.22 match,27-case sample medians; x86 separate candidate/baseline; ARM matched kernel/kernel_rejit,
C0295,current,body,figure bar,paper/figures/sec-6-kinsn-micro-rq1.tex,15,\includegraphics[width=\textwidth]{figures/sec-6-arm64-kinsn-micro-rejit-27-20260608.pdf},arm flow_5tuple_rss_hash plotted kinsn speedup,bar (value derived below),micro/results/aws_arm64_micro_20260606_001225_821028,micro/results/aws_arm64_micro_20260606_001225_821028,yes,2026-06-06T00:12:25.821028+00:00,aws_arm64_micro; CPU aarch64,unknown,completed,paper-provenance/scripts/plot_evaluation_kinsn.py (older 29-case source); bpf-benchmark/docs/artifacts/render_claim_table.py (27-case derivation),yes,1.106382979,recomputed; figure geomeans 1.24/1.22 match,27-case sample medians; x86 separate candidate/baseline; ARM matched kernel/kernel_rejit,
C0296,current,body,figure bar,paper/figures/sec-6-kinsn-micro-rq1.tex,15,\includegraphics[width=\textwidth]{figures/sec-6-arm64-kinsn-micro-rejit-27-20260608.pdf},arm flow_record_field_scan plotted kinsn speedup,bar (value derived below),micro/results/aws_arm64_micro_20260606_001225_821028,micro/results/aws_arm64_micro_20260606_001225_821028,yes,2026-06-06T00:12:25.821028+00:00,aws_arm64_micro; CPU aarch64,unknown,completed,paper-provenance/scripts/plot_evaluation_kinsn.py (older 29-case source); bpf-benchmark/docs/artifacts/render_claim_table.py (27-case derivation),yes,1.096045198,recomputed; figure geomeans 1.24/1.22 match,27-case sample medians; x86 separate candidate/baseline; ARM matched kernel/kernel_rejit,
C0297,current,body,figure bar,paper/figures/sec-6-kinsn-micro-rq1.tex,15,\includegraphics[width=\textwidth]{figures/sec-6-arm64-kinsn-micro-rejit-27-20260608.pdf},arm katran_lb_consistent_hash_select plotted kinsn speedup,bar (value derived below),micro/results/aws_arm64_micro_20260606_001225_821028,micro/results/aws_arm64_micro_20260606_001225_821028,yes,2026-06-06T00:12:25.821028+00:00,aws_arm64_micro; CPU aarch64,unknown,completed,paper-provenance/scripts/plot_evaluation_kinsn.py (older 29-case source); bpf-benchmark/docs/artifacts/render_claim_table.py (27-case derivation),yes,1.133333333,recomputed; figure geomeans 1.24/1.22 match,27-case sample medians; x86 separate candidate/baseline; ARM matched kernel/kernel_rejit,
C0298,current,body,figure bar,paper/figures/sec-6-kinsn-micro-rq1.tex,15,\includegraphics[width=\textwidth]{figures/sec-6-arm64-kinsn-micro-rejit-27-20260608.pdf},arm otel_stack_frame_unwind_scan plotted kinsn speedup,bar (value derived below),micro/results/aws_arm64_micro_20260606_001225_821028,micro/results/aws_arm64_micro_20260606_001225_821028,yes,2026-06-06T00:12:25.821028+00:00,aws_arm64_micro; CPU aarch64,unknown,completed,paper-provenance/scripts/plot_evaluation_kinsn.py (older 29-case source); bpf-benchmark/docs/artifacts/render_claim_table.py (27-case derivation),yes,1.208823529,recomputed; figure geomeans 1.24/1.22 match,27-case sample medians; x86 separate candidate/baseline; ARM matched kernel/kernel_rejit,
C0299,current,body,figure bar,paper/figures/sec-6-kinsn-micro-rq1.tex,15,\includegraphics[width=\textwidth]{figures/sec-6-arm64-kinsn-micro-rejit-27-20260608.pdf},arm packed_header_bitfield_decode plotted kinsn speedup,bar (value derived below),micro/results/aws_arm64_micro_20260606_001225_821028,micro/results/aws_arm64_micro_20260606_001225_821028,yes,2026-06-06T00:12:25.821028+00:00,aws_arm64_micro; CPU aarch64,unknown,completed,paper-provenance/scripts/plot_evaluation_kinsn.py (older 29-case source); bpf-benchmark/docs/artifacts/render_claim_table.py (27-case derivation),yes,1.133597884,recomputed; figure geomeans 1.24/1.22 match,27-case sample medians; x86 separate candidate/baseline; ARM matched kernel/kernel_rejit,
C0300,current,body,figure bar,paper/figures/sec-6-kinsn-micro-rq1.tex,15,\includegraphics[width=\textwidth]{figures/sec-6-arm64-kinsn-micro-rejit-27-20260608.pdf},arm packet_checksum_fold plotted kinsn speedup,bar (value derived below),micro/results/aws_arm64_micro_20260606_001225_821028,micro/results/aws_arm64_micro_20260606_001225_821028,yes,2026-06-06T00:12:25.821028+00:00,aws_arm64_micro; CPU aarch64,unknown,completed,paper-provenance/scripts/plot_evaluation_kinsn.py (older 29-case source); bpf-benchmark/docs/artifacts/render_claim_table.py (27-case derivation),yes,1.198189196,recomputed; figure geomeans 1.24/1.22 match,27-case sample medians; x86 separate candidate/baseline; ARM matched kernel/kernel_rejit,
C0301,current,body,figure bar,paper/figures/sec-6-kinsn-micro-rq1.tex,15,\includegraphics[width=\textwidth]{figures/sec-6-arm64-kinsn-micro-rejit-27-20260608.pdf},arm packet_record_bounds_window plotted kinsn speedup,bar (value derived below),micro/results/aws_arm64_micro_20260606_001225_821028,micro/results/aws_arm64_micro_20260606_001225_821028,yes,2026-06-06T00:12:25.821028+00:00,aws_arm64_micro; CPU aarch64,unknown,completed,paper-provenance/scripts/plot_evaluation_kinsn.py (older 29-case source); bpf-benchmark/docs/artifacts/render_claim_table.py (27-case derivation),yes,1.272401434,recomputed; figure geomeans 1.24/1.22 match,27-case sample medians; x86 separate candidate/baseline; ARM matched kernel/kernel_rejit,
C0302,current,body,figure bar,paper/figures/sec-6-kinsn-micro-rq1.tex,15,\includegraphics[width=\textwidth]{figures/sec-6-arm64-kinsn-micro-rejit-27-20260608.pdf},arm packet_toeplitz_rss_hash plotted kinsn speedup,bar (value derived below),micro/results/aws_arm64_micro_20260606_001225_821028,micro/results/aws_arm64_micro_20260606_001225_821028,yes,2026-06-06T00:12:25.821028+00:00,aws_arm64_micro; CPU aarch64,unknown,completed,paper-provenance/scripts/plot_evaluation_kinsn.py (older 29-case source); bpf-benchmark/docs/artifacts/render_claim_table.py (27-case derivation),yes,1.162621359,recomputed; figure geomeans 1.24/1.22 match,27-case sample medians; x86 separate candidate/baseline; ARM matched kernel/kernel_rejit,
C0303,current,body,figure bar,paper/figures/sec-6-kinsn-micro-rq1.tex,15,\includegraphics[width=\textwidth]{figures/sec-6-arm64-kinsn-micro-rejit-27-20260608.pdf},arm packet_vlan_tcpopt_parser plotted kinsn speedup,bar (value derived below),micro/results/aws_arm64_micro_20260606_001225_821028,micro/results/aws_arm64_micro_20260606_001225_821028,yes,2026-06-06T00:12:25.821028+00:00,aws_arm64_micro; CPU aarch64,unknown,completed,paper-provenance/scripts/plot_evaluation_kinsn.py (older 29-case source); bpf-benchmark/docs/artifacts/render_claim_table.py (27-case derivation),yes,1.048780488,recomputed; figure geomeans 1.24/1.22 match,27-case sample medians; x86 separate candidate/baseline; ARM matched kernel/kernel_rejit,
C0304,current,body,figure bar,paper/figures/sec-6-kinsn-micro-rq1.tex,15,\includegraphics[width=\textwidth]{figures/sec-6-arm64-kinsn-micro-rejit-27-20260608.pdf},arm payload_prefix_memcmp_scan plotted kinsn speedup,bar (value derived below),micro/results/aws_arm64_micro_20260606_001225_821028,micro/results/aws_arm64_micro_20260606_001225_821028,yes,2026-06-06T00:12:25.821028+00:00,aws_arm64_micro; CPU aarch64,unknown,completed,paper-provenance/scripts/plot_evaluation_kinsn.py (older 29-case source); bpf-benchmark/docs/artifacts/render_claim_table.py (27-case derivation),yes,1.178861789,recomputed; figure geomeans 1.24/1.22 match,27-case sample medians; x86 separate candidate/baseline; ARM matched kernel/kernel_rejit,
C0305,current,body,figure bar,paper/figures/sec-6-kinsn-micro-rq1.tex,15,\includegraphics[width=\textwidth]{figures/sec-6-arm64-kinsn-micro-rejit-27-20260608.pdf},arm siphash_rotate64_mixer plotted kinsn speedup,bar (value derived below),micro/results/aws_arm64_micro_20260606_001225_821028,micro/results/aws_arm64_micro_20260606_001225_821028,yes,2026-06-06T00:12:25.821028+00:00,aws_arm64_micro; CPU aarch64,unknown,completed,paper-provenance/scripts/plot_evaluation_kinsn.py (older 29-case source); bpf-benchmark/docs/artifacts/render_claim_table.py (27-case derivation),yes,1.901960784,recomputed; figure geomeans 1.24/1.22 match,27-case sample medians; x86 separate candidate/baseline; ARM matched kernel/kernel_rejit,
C0306,current,body,figure bar,paper/figures/sec-6-kinsn-micro-rq1.tex,15,\includegraphics[width=\textwidth]{figures/sec-6-arm64-kinsn-micro-rejit-27-20260608.pdf},arm sorted_rule_binary_search plotted kinsn speedup,bar (value derived below),micro/results/aws_arm64_micro_20260606_001225_821028,micro/results/aws_arm64_micro_20260606_001225_821028,yes,2026-06-06T00:12:25.821028+00:00,aws_arm64_micro; CPU aarch64,unknown,completed,paper-provenance/scripts/plot_evaluation_kinsn.py (older 29-case source); bpf-benchmark/docs/artifacts/render_claim_table.py (27-case derivation),yes,1.002581311,recomputed; figure geomeans 1.24/1.22 match,27-case sample medians; x86 separate candidate/baseline; ARM matched kernel/kernel_rejit,
C0307,current,body,figure bar,paper/figures/sec-6-kinsn-micro-rq1.tex,15,\includegraphics[width=\textwidth]{figures/sec-6-arm64-kinsn-micro-rejit-27-20260608.pdf},arm tc_packet_checksum_fold plotted kinsn speedup,bar (value derived below),micro/results/aws_arm64_micro_20260606_001225_821028,micro/results/aws_arm64_micro_20260606_001225_821028,yes,2026-06-06T00:12:25.821028+00:00,aws_arm64_micro; CPU aarch64,unknown,completed,paper-provenance/scripts/plot_evaluation_kinsn.py (older 29-case source); bpf-benchmark/docs/artifacts/render_claim_table.py (27-case derivation),yes,1.197843031,recomputed; figure geomeans 1.24/1.22 match,27-case sample medians; x86 separate candidate/baseline; ARM matched kernel/kernel_rejit,
C0308,current,body,figure bar,paper/figures/sec-6-kinsn-micro-rq1.tex,15,\includegraphics[width=\textwidth]{figures/sec-6-arm64-kinsn-micro-rejit-27-20260608.pdf},arm tetragon_process_event_arg_filter plotted kinsn speedup,bar (value derived below),micro/results/aws_arm64_micro_20260606_001225_821028,micro/results/aws_arm64_micro_20260606_001225_821028,yes,2026-06-06T00:12:25.821028+00:00,aws_arm64_micro; CPU aarch64,unknown,completed,paper-provenance/scripts/plot_evaluation_kinsn.py (older 29-case source); bpf-benchmark/docs/artifacts/render_claim_table.py (27-case derivation),yes,1.341920375,recomputed; figure geomeans 1.24/1.22 match,27-case sample medians; x86 separate candidate/baseline; ARM matched kernel/kernel_rejit,
C0309,current,body,figure bar,paper/figures/sec-6-kinsn-micro-rq1.tex,15,\includegraphics[width=\textwidth]{figures/sec-6-arm64-kinsn-micro-rejit-27-20260608.pdf},arm trace_event_type_switch_dispatch plotted kinsn speedup,bar (value derived below),micro/results/aws_arm64_micro_20260606_001225_821028,micro/results/aws_arm64_micro_20260606_001225_821028,yes,2026-06-06T00:12:25.821028+00:00,aws_arm64_micro; CPU aarch64,unknown,completed,paper-provenance/scripts/plot_evaluation_kinsn.py (older 29-case source); bpf-benchmark/docs/artifacts/render_claim_table.py (27-case derivation),yes,1.017027864,recomputed; figure geomeans 1.24/1.22 match,27-case sample medians; x86 separate candidate/baseline; ARM matched kernel/kernel_rejit,
C0310,current,body,figure bar,paper/figures/sec-6-kinsn-micro-rq1.tex,15,\includegraphics[width=\textwidth]{figures/sec-6-arm64-kinsn-micro-rejit-27-20260608.pdf},arm tracee_http_method_prefix_detect plotted kinsn speedup,bar (value derived below),micro/results/aws_arm64_micro_20260606_001225_821028,micro/results/aws_arm64_micro_20260606_001225_821028,yes,2026-06-06T00:12:25.821028+00:00,aws_arm64_micro; CPU aarch64,unknown,completed,paper-provenance/scripts/plot_evaluation_kinsn.py (older 29-case source); bpf-benchmark/docs/artifacts/render_claim_table.py (27-case derivation),yes,1.035087719,recomputed; figure geomeans 1.24/1.22 match,27-case sample medians; x86 separate candidate/baseline; ARM matched kernel/kernel_rejit,
C0311,current,body,figure bar,paper/figures/sec-6-kinsn-micro-rq1.tex,15,\includegraphics[width=\textwidth]{figures/sec-6-arm64-kinsn-micro-rejit-27-20260608.pdf},arm tracee_syscall_name_table_lookup plotted kinsn speedup,bar (value derived below),micro/results/aws_arm64_micro_20260606_001225_821028,micro/results/aws_arm64_micro_20260606_001225_821028,yes,2026-06-06T00:12:25.821028+00:00,aws_arm64_micro; CPU aarch64,unknown,completed,paper-provenance/scripts/plot_evaluation_kinsn.py (older 29-case source); bpf-benchmark/docs/artifacts/render_claim_table.py (27-case derivation),yes,1.174603175,recomputed; figure geomeans 1.24/1.22 match,27-case sample medians; x86 separate candidate/baseline; ARM matched kernel/kernel_rejit,
C0312,current,body,empirical,paper/figures/sec-6-kinsn-micro-rq3.tex,3,\includegraphics[width=\columnwidth]{figures/sec-6-rq3-cilium-katran.pdf},Cilium Full throughput bar,1.074/1.114/1.073/0.995,corpus/results/x86_kvm_corpus_20260604_100557_313063,corpus/results/x86_kvm_corpus_20260604_100557_313063,yes,2026-06-04T10:05:57.313063+00:00,x86_kvm_corpus; CPU not recorded,not recorded,completed,bpf-benchmark/docs/archive/shared/kinsn_eval_20260604.py; bpf-benchmark/kinsn/docs/evaluation.md; paper-provenance/scripts/plot_app_case_studies.py (hard-coded plot inputs),yes,1.074262360,matches plotted labels,as body RQ3; active PDF has exactly four configurations,
C0313,current,body,empirical,paper/figures/sec-6-kinsn-micro-rq3.tex,3,\includegraphics[width=\columnwidth]{figures/sec-6-rq3-cilium-katran.pdf},Cilium No Bulk throughput bar,1.074/1.114/1.073/0.995,corpus/results/x86_kvm_corpus_20260605_004607_636479,corpus/results/x86_kvm_corpus_20260605_004607_636479,yes,2026-06-05T00:46:07.636479+00:00,x86_kvm_corpus; CPU not recorded,not recorded,completed,bpf-benchmark/docs/archive/shared/kinsn_eval_20260604.py; bpf-benchmark/kinsn/docs/evaluation.md; paper-provenance/scripts/plot_app_case_studies.py (hard-coded plot inputs),yes,1.113902567,matches plotted labels,as body RQ3; active PDF has exactly four configurations,
C0314,current,body,empirical,paper/figures/sec-6-kinsn-micro-rq3.tex,3,\includegraphics[width=\columnwidth]{figures/sec-6-rq3-cilium-katran.pdf},Katran Conservative throughput bar,1.074/1.114/1.073/0.995,corpus/results/aws_arm64_corpus_20260605_080836_924256,corpus/results/aws_arm64_corpus_20260605_080836_924256,yes,2026-06-05T08:08:36.924256+00:00,aws_arm64_corpus; CPU not recorded,not recorded,error,bpf-benchmark/docs/archive/shared/kinsn_eval_20260604.py; bpf-benchmark/kinsn/docs/evaluation.md; paper-provenance/scripts/plot_app_case_studies.py (hard-coded plot inputs),yes,1.072759989,matches plotted labels,as body RQ3; active PDF has exactly four configurations,
C0315,current,body,empirical,paper/figures/sec-6-kinsn-micro-rq3.tex,3,\includegraphics[width=\columnwidth]{figures/sec-6-rq3-cilium-katran.pdf},Katran Full throughput bar,1.074/1.114/1.073/0.995,corpus/results/aws_arm64_corpus_20260605_094729_221231,corpus/results/aws_arm64_corpus_20260605_094729_221231,yes,2026-06-05T09:47:29.221231+00:00,aws_arm64_corpus; CPU not recorded,not recorded,error,bpf-benchmark/docs/archive/shared/kinsn_eval_20260604.py; bpf-benchmark/kinsn/docs/evaluation.md; paper-provenance/scripts/plot_app_case_studies.py (hard-coded plot inputs),yes,0.994743164,matches plotted labels,as body RQ3; active PDF has exactly four configurations,
C0316,current,body,empirical,paper/sections/7-evaluation.tex,74,"The \lang lowering and restore stages add two linear passes over the program during verification. Across all 62 microbenchmarks on x86-64 KVM, the kernel-side load time (\texttt{object\_load\_ns}, covering verification and JIT) shows a 0.99$\times$ geomean ratio relative to the stock kernel, i.e., no measurable overhead. For programs with \lang sites, the end-to-end compile time (including the userspace recognizer) increases by 1.4--2.4$\times$, but remains sub-millisecond in absolute terms.",historical load-time campaign protocol,62 cases,micro/results/x86_kvm_micro_20260514_031744_210343; micro/results/x86_kvm_micro_20260514_181806_133778; micro/results/x86_kvm_micro_20260429_035938_203074,micro/results/x86_kvm_micro_20260514_031744_210343; micro/results/x86_kvm_micro_20260514_181806_133778; micro/results/x86_kvm_micro_20260429_035938_203074,yes,2026-05-14T03:17:44.210343+00:00; 2026-05-14T18:18:06.133778+00:00; 2026-04-29T03:59:38.203074+00:00,x86_kvm_micro; CPU Intel(R) Core(TM) Ultra 9 285K,unknown,completed,paper-provenance/scripts/plot_evaluation_kinsn.py (older 29-case source); bpf-benchmark/docs/artifacts/render_claim_table.py (27-case derivation),yes,62,matches population; different sampling protocol,intersect both May14 runs with Apr29 62-name list; exclude katran_like,"Retained historical samples=1, INNER_REPEAT=10; performance figure protocol is samples=3, INNER_REPEAT=100000."
C0317,current,body,empirical,paper/figures/sec-6-kinsn-micro-rq1.tex,25,the 27 benchmarks with applied \lang{} sites. Red lines mark the geomean,ARM64 figure population,27,micro/results/aws_arm64_micro_20260606_001225_821028,micro/results/aws_arm64_micro_20260606_001225_821028,yes,2026-06-06T00:12:25.821028+00:00,aws_arm64_micro; CPU aarch64,unknown,completed,paper-provenance/scripts/plot_evaluation_kinsn.py (older 29-case source); bpf-benchmark/docs/artifacts/render_claim_table.py (27-case derivation),yes,27,matches,cases with applied kinsn sites; exclude baseline-only simple/simple_packet,
C0318,current,body,figure,paper/figures/sec-3-jit-dump.tex,3,\includegraphics[width=\linewidth]{figures/sec-3-jit-dump-fig.pdf},figure artifact figures/sec-3-jit-dump-fig.pdf,,,,no raw dataset identified,,,,,See neighboring rows and paper-provenance/scripts/,partial/unverified,,generator/data link inspected,,Pre-existing PDF retained; no changes made.
C0319,current,body,missing raw,paper/figures/sec-3-jit-dump.tex,4,"\caption{Compiling a 64-bit rotate with a variable shift. Direct compilation to x86-64 emits a single \texttt{ROL}. Through eBPF the rotate becomes eight bytecode instructions, which the per-opcode kernel JIT translates separately into 15 machine instructions (Linux 6.1, x86-64).}","instruction counts / rotate example: \caption{Compiling a 64-bit rotate with a variable shift. Direct compilation to x86-64 emits a single \texttt{ROL}. Through eBPF the rotate becomes eight bytecode instructions, which the per-opcode kernel JIT translates separately into 15 machine instructions (Linux 6.1, x86-64).}",64; 15; 6.1,,,no raw data in reachable repositories,,,,,paper/figures/sec-3-jit-dump.tex; bpf-benchmark/docs/archive/shared/20260319/llvm_vs_kernel_jit_disasm_analysis_20260319.md (related later dumps),no,,original raw dump not found,,Paper rotate figure names Linux 6.1. March19 dumps are Linux 7.0 rc2 and different whole stress programs; related data do not independently establish the exact illustration/table counts.
C0320,current,unreferenced artifact,figure,paper/figures/sec-3-perf-gap.tex,3,\includegraphics[width=\columnwidth]{figures/sec-3-perf-gap-fig.pdf},figure artifact figures/sec-3-perf-gap-fig.pdf,,,,no raw dataset identified,,,,,See neighboring rows and paper-provenance/scripts/,partial/unverified,,generator/data link inspected,,Pre-existing PDF retained; no changes made.
C0321,current,unreferenced artifact,empirical,paper/figures/sec-3-perf-gap.tex,4,"\caption{Geometric mean of execution time per benchmark category for the eBPF JIT compiler relative to native code (LLVM \texttt{-O2}). The 54 benchmarks span seven categories: ALU/bit operations, memory access, control flow, dependency chains, loops, program scale, and code cloning.}","measurement/population convention: \caption{Geometric mean of execution time per benchmark category for the eBPF JIT compiler relative to native code (LLVM \texttt{-O2}). The 54 benchmarks span seven categories: ALU/bit operations, memory access, control flow, dependency chains, loops, program scale, and code cloning.}",54,micro/results/x86_kvm_micro_20260526_210952_650695; micro/results/aws_arm64_micro_20260523_091516_610343; micro/results/aws_arm64_micro_20260520_052452_727433,micro/results/x86_kvm_micro_20260526_210952_650695; micro/results/aws_arm64_micro_20260523_091516_610343; micro/results/aws_arm64_micro_20260520_052452_727433,yes,2026-05-26T21:09:52.650695+00:00; 2026-05-23T09:15:16.610343+00:00; 2026-05-20T05:24:52.727433+00:00,x86_kvm_micro; CPU Intel(R) Core(TM) Ultra 9 285K; aws_arm64_micro; CPU aarch64,unknown,completed,bpf-benchmark/docs/archive/shared/plot_micro_characterization_20260527.py; paper-provenance/scripts/plot_characterization_pure_percase.py (older 29-case source; final 27-case/4config generator not retained),partial/unverified,,inspect raw defaults; ARM characterization userspace run has SAMPLES=1 INNER_REPEAT=10000,,"Other main micro runs have SAMPLES=3, WARMUPS=0, INNER_REPEAT=100000; paper RQ1 caption says three measured samples."
C0322,current,unreferenced artifact,figure,paper/figures/sec-3-pure-bytecode-aggregate.tex,3,\includegraphics[width=\columnwidth]{figures/sec-3-pure-bytecode-aggregate-20260606.pdf},figure artifact figures/sec-3-pure-bytecode-aggregate-20260606.pdf,,micro/results/x86_kvm_micro_20260526_210952_650695; micro/results/aws_arm64_micro_20260606_063319_954947,micro/results/x86_kvm_micro_20260526_210952_650695; micro/results/aws_arm64_micro_20260606_063319_954947,yes,2026-05-26T21:09:52.650695+00:00; 2026-06-06T06:33:19.954947+00:00,x86_kvm_micro; CPU Intel(R) Core(TM) Ultra 9 285K; aws_arm64_micro; CPU aarch64,unknown,completed,paper-provenance/scripts/plot_characterization_pure_percase.py; bpf-benchmark/docs/archive/shared/plot_micro_characterization_20260606.py,partial/unverified,,generator/data link inspected,,Pre-existing PDF retained; no changes made. Detailed metric/artifact row at the same source line supplies exact recomputation.
C0323,current,body,empirical,paper/figures/sec-3-pure-bytecode-percase.tex,4,"\caption{Per-case speedup over the kernel eBPF JIT on the 27 pure-bytecode microbenchmarks, on x86-64 (top) and ARM64 (bottom). Each bar is one non-baseline path. The ARM64 paths come from separate runs, each over its own baseline.}","measurement/population convention: \caption{Per-case speedup over the kernel eBPF JIT on the 27 pure-bytecode microbenchmarks, on x86-64 (top) and ARM64 (bottom). Each bar is one non-baseline path. The ARM64 paths come from separate runs, each over its own baseline.}",27,micro/results/x86_kvm_micro_20260526_210952_650695; micro/results/aws_arm64_micro_20260523_091516_610343; micro/results/aws_arm64_micro_20260520_052452_727433,micro/results/x86_kvm_micro_20260526_210952_650695; micro/results/aws_arm64_micro_20260523_091516_610343; micro/results/aws_arm64_micro_20260520_052452_727433,yes,2026-05-26T21:09:52.650695+00:00; 2026-05-23T09:15:16.610343+00:00; 2026-05-20T05:24:52.727433+00:00,x86_kvm_micro; CPU Intel(R) Core(TM) Ultra 9 285K; aws_arm64_micro; CPU aarch64,unknown,completed,bpf-benchmark/docs/archive/shared/plot_micro_characterization_20260527.py; paper-provenance/scripts/plot_characterization_pure_percase.py (older 29-case source; final 27-case/4config generator not retained),partial/unverified,,inspect raw defaults; ARM characterization userspace run has SAMPLES=1 INNER_REPEAT=10000,,"Other main micro runs have SAMPLES=3, WARMUPS=0, INNER_REPEAT=100000; paper RQ1 caption says three measured samples."
C0324,current,unreferenced artifact,figure,paper/figures/sec-6-app-case-studies.tex,3,\includegraphics[width=\columnwidth]{figures/sec-6-app-case-studies-fig.pdf},figure artifact figures/sec-6-app-case-studies-fig.pdf,,corpus/results/x86_kvm_corpus_20260604_100557_313063; corpus/results/x86_kvm_corpus_20260605_004607_636479; corpus/results/aws_arm64_corpus_20260605_080836_924256; corpus/results/aws_arm64_corpus_20260605_094729_221231,corpus/results/x86_kvm_corpus_20260604_100557_313063; corpus/results/x86_kvm_corpus_20260605_004607_636479; corpus/results/aws_arm64_corpus_20260605_080836_924256; corpus/results/aws_arm64_corpus_20260605_094729_221231,yes,2026-06-04T10:05:57.313063+00:00; 2026-06-05T00:46:07.636479+00:00; 2026-06-05T08:08:36.924256+00:00; 2026-06-05T09:47:29.221231+00:00,x86_kvm_corpus; CPU not recorded; aws_arm64_corpus; CPU not recorded,not recorded,completed; error,paper-provenance/scripts/plot_app_case_studies.py (hard-coded inputs); bpf-benchmark/docs/archive/shared/kinsn_eval_20260604.py; bpf-benchmark/kinsn/docs/evaluation.md; paper-provenance/scripts/plot_app_case_studies.py (hard-coded plot inputs),partial/unverified,,generator/data link inspected,,Pre-existing PDF retained; no changes made. Detailed metric/artifact row at the same source line supplies exact recomputation.
C0325,current,unreferenced artifact,empirical,paper/figures/sec-6-app-case-studies.tex,7,Higher is better; values below 1$\times$ indicate a regression.},numerical claim: Higher is better; values below 1$\times$ indicate a regression.},1,,,no raw dataset identified,,,,,bpf-benchmark/docs/archive/shared/kinsn_eval_20260604.py; bpf-benchmark/kinsn/docs/evaluation.md; paper-provenance/scripts/plot_app_case_studies.py (hard-coded plot inputs),partial/unverified,,not independently verified,,"Non-performance instruction widths and normalization conventions are definitions, not missing benchmark measurements. Related detailed rows trace measured claims."
C0326,current,unreferenced artifact,figure,paper/figures/sec-6-kinsn-micro-arm64.tex,3,\includegraphics[width=\textwidth]{figures/sec-6-arm64-kinsn-micro-rejit-20260606-backup.pdf},figure artifact figures/sec-6-arm64-kinsn-micro-rejit-20260606-backup.pdf,,,,no raw dataset identified,,,,,See neighboring rows and paper-provenance/scripts/,partial/unverified,,BROKEN unreferenced wrapper: referenced backup PDF is absent,,Pre-existing PDF retained; no changes made.
C0327,current,unreferenced artifact,empirical,paper/figures/sec-6-kinsn-micro-arm64.tex,4,"\caption{ARM64 AWS matched \lang{} ReJIT microbenchmark follow-up for the selector-fixed pure-bytecode full suite. Bars report \texttt{kernel}/\texttt{kernel\_rejit} speedup from median \texttt{exec\_ns} across three samples. Green bars applied \lang{} sites; gray bars applied none. The all-29 geomean is 1.208$\times$, and the \lang{}-bearing geomean is 1.222$\times$ over 27 benchmarks.}","measurement/population convention: \caption{ARM64 AWS matched \lang{} ReJIT microbenchmark follow-up for the selector-fixed pure-bytecode full suite. Bars report \texttt{kernel}/\texttt{kernel\_rejit} speedup from median \texttt{exec\_ns} across three samples. Green bars applied \lang{} sites; gray bars applied none. The all-29 geomean is 1.208$\times$, and the \lang{}-bearing geomean is 1.222$\times$ over 27 benchmarks.}",29; 1.208; 1.222; 27,micro/results/x86_kvm_micro_20260519_114214_364050; micro/results/x86_kvm_micro_20260526_210351_224315; micro/results/aws_arm64_micro_20260606_001225_821028,micro/results/x86_kvm_micro_20260519_114214_364050; micro/results/x86_kvm_micro_20260526_210351_224315; micro/results/aws_arm64_micro_20260606_001225_821028,yes,2026-05-19T11:42:14.364050+00:00; 2026-05-26T21:03:51.224315+00:00; 2026-06-06T00:12:25.821028+00:00,x86_kvm_micro; CPU Intel(R) Core(TM) Ultra 9 285K; aws_arm64_micro; CPU aarch64,unknown,completed,paper-provenance/scripts/plot_evaluation_kinsn.py (older 29-case source); bpf-benchmark/docs/artifacts/render_claim_table.py (27-case derivation),partial/unverified,,inspect raw defaults; ARM characterization userspace run has SAMPLES=1 INNER_REPEAT=10000,,"Other main micro runs have SAMPLES=3, WARMUPS=0, INNER_REPEAT=100000; paper RQ1 caption says three measured samples."
C0328,current,body,empirical,paper/figures/sec-6-kinsn-micro-rq1.tex,22,\texttt{INNER\_REPEAT=100000}; bars report speedup computed from median,measurement/population convention: \texttt{INNER\_REPEAT=100000}; bars report speedup computed from median,100000,micro/results/x86_kvm_micro_20260519_114214_364050; micro/results/x86_kvm_micro_20260526_210351_224315; micro/results/aws_arm64_micro_20260606_001225_821028,micro/results/x86_kvm_micro_20260519_114214_364050; micro/results/x86_kvm_micro_20260526_210351_224315; micro/results/aws_arm64_micro_20260606_001225_821028,yes,2026-05-19T11:42:14.364050+00:00; 2026-05-26T21:03:51.224315+00:00; 2026-06-06T00:12:25.821028+00:00,x86_kvm_micro; CPU Intel(R) Core(TM) Ultra 9 285K; aws_arm64_micro; CPU aarch64,unknown,completed,paper-provenance/scripts/plot_evaluation_kinsn.py (older 29-case source); bpf-benchmark/docs/artifacts/render_claim_table.py (27-case derivation),partial/unverified,,inspect raw defaults; ARM characterization userspace run has SAMPLES=1 INNER_REPEAT=10000,,"Other main micro runs have SAMPLES=3, WARMUPS=0, INNER_REPEAT=100000; paper RQ1 caption says three measured samples."
C0329,current,unreferenced artifact,figure,paper/figures/sec-6-kinsn-micro-x86.tex,3,\includegraphics[width=\textwidth]{figures/sec-6-x86-kinsn-micro-best-raw-20260606-backup.pdf},figure artifact figures/sec-6-x86-kinsn-micro-best-raw-20260606-backup.pdf,,,,no raw dataset identified,,,,,See neighboring rows and paper-provenance/scripts/,partial/unverified,,BROKEN unreferenced wrapper: missing backup PDF; caption describes ARM64 despite x86 filename,,Pre-existing PDF retained; no changes made. This wrapper is not included in current sections; active final RQ1 figure is correct.
C0330,current,unreferenced artifact,empirical,paper/figures/sec-6-kinsn-micro-x86.tex,4,\caption{ARM64 \lang{} ReJIT speedup over the stock kernel eBPF JIT on 29,measurement/population convention: \caption{ARM64 \lang{} ReJIT speedup over the stock kernel eBPF JIT on 29,29,micro/results/x86_kvm_micro_20260519_114214_364050; micro/results/x86_kvm_micro_20260526_210351_224315; micro/results/aws_arm64_micro_20260606_001225_821028,micro/results/x86_kvm_micro_20260519_114214_364050; micro/results/x86_kvm_micro_20260526_210351_224315; micro/results/aws_arm64_micro_20260606_001225_821028,yes,2026-05-19T11:42:14.364050+00:00; 2026-05-26T21:03:51.224315+00:00; 2026-06-06T00:12:25.821028+00:00,x86_kvm_micro; CPU Intel(R) Core(TM) Ultra 9 285K; aws_arm64_micro; CPU aarch64,unknown,completed,paper-provenance/scripts/plot_evaluation_kinsn.py (older 29-case source); bpf-benchmark/docs/artifacts/render_claim_table.py (27-case derivation),partial/unverified,,inspect raw defaults; ARM characterization userspace run has SAMPLES=1 INNER_REPEAT=10000,,"Other main micro runs have SAMPLES=3, WARMUPS=0, INNER_REPEAT=100000; paper RQ1 caption says three measured samples."
C0331,current,unreferenced artifact,empirical,paper/figures/sec-6-kinsn-micro-x86.tex,7,sites. \lang{} reaches a 1.208$\times$ all-suite geomean speedup.},numerical claim: sites. \lang{} reaches a 1.208$\times$ all-suite geomean speedup.},1.208,,,no raw dataset identified,,,,,bpf-benchmark/docs/archive/shared/kinsn_eval_20260604.py; bpf-benchmark/kinsn/docs/evaluation.md; paper-provenance/scripts/plot_app_case_studies.py (hard-coded plot inputs),partial/unverified,,BROKEN unreferenced wrapper: missing backup PDF; caption describes ARM64 despite x86 filename,,"Non-performance instruction widths and normalization conventions are definitions, not missing benchmark measurements. Related detailed rows trace measured claims. This wrapper is not included in current sections; active final RQ1 figure is correct."
C0332,revision,body,missing raw,paper/revision/figures/sec-3-jit-dump.tex,4,"x=1cm,y=1cm,","numerical claim: x=1cm,y=1cm,",1; 1,,,no raw data in reachable repositories,October 2026 rerun; report directory dated 2026-10-03; exact collection dates unavailable,"EC2 c7i.large (x86 Sapphire Rapids) / c7g.large (ARM64 Graviton3), paper-declared",not recorded in reachable evidence,,paper/review/08-camera-ready-eval-issues-2026-10-04.md:15; author-local /Users/ruoji/.../github/bpf-kinsn/paper/revisions/2026-10-03-sec6-rerun/results.md (unreachable),no,,no raw data in reachable repositories,,Revision numerical results exist only as prose/tables/PDFs; no retained c7i/c7g 12-instance datasets or exact generating scripts found. paper/review/08-camera-ready-eval-issues-2026-10-04.md:15; author-local /Users/ruoji/.../github/bpf-kinsn/paper/revisions/2026-10-03-sec6-rerun/results.md (unreachable)
C0333,revision,body,missing raw,paper/revision/figures/sec-3-jit-dump.tex,5,"font=\sffamily\fontsize{8}{9.5}\selectfont,","numerical claim: font=\sffamily\fontsize{8}{9.5}\selectfont,",8; 9.5,,,no raw data in reachable repositories,October 2026 rerun; report directory dated 2026-10-03; exact collection dates unavailable,"EC2 c7i.large (x86 Sapphire Rapids) / c7g.large (ARM64 Graviton3), paper-declared",not recorded in reachable evidence,,paper/review/08-camera-ready-eval-issues-2026-10-04.md:15; author-local /Users/ruoji/.../github/bpf-kinsn/paper/revisions/2026-10-03-sec6-rerun/results.md (unreachable),no,,no raw data in reachable repositories,,Revision numerical results exist only as prose/tables/PDFs; no retained c7i/c7g 12-instance datasets or exact generating scripts found. paper/review/08-camera-ready-eval-issues-2026-10-04.md:15; author-local /Users/ruoji/.../github/bpf-kinsn/paper/revisions/2026-10-03-sec6-rerun/results.md (unreachable)
C0334,revision,body,missing raw,paper/revision/figures/sec-3-jit-dump.tex,6,"code/.style={draw=black,line width=0.5pt,fill=black!2,","numerical claim: code/.style={draw=black,line width=0.5pt,fill=black!2,","0.5; 2,",,,no raw data in reachable repositories,October 2026 rerun; report directory dated 2026-10-03; exact collection dates unavailable,"EC2 c7i.large (x86 Sapphire Rapids) / c7g.large (ARM64 Graviton3), paper-declared",not recorded in reachable evidence,,paper/review/08-camera-ready-eval-issues-2026-10-04.md:15; author-local /Users/ruoji/.../github/bpf-kinsn/paper/revisions/2026-10-03-sec6-rerun/results.md (unreachable),no,,no raw data in reachable repositories,,Revision numerical results exist only as prose/tables/PDFs; no retained c7i/c7g 12-instance datasets or exact generating scripts found. paper/review/08-camera-ready-eval-issues-2026-10-04.md:15; author-local /Users/ruoji/.../github/bpf-kinsn/paper/revisions/2026-10-03-sec6-rerun/results.md (unreachable)
C0335,revision,body,missing raw,paper/revision/figures/sec-3-jit-dump.tex,7,"text width=3.1cm,inner xsep=2mm,inner ysep=2mm,","numerical claim: text width=3.1cm,inner xsep=2mm,inner ysep=2mm,",3.1; 2; 2,,,no raw data in reachable repositories,October 2026 rerun; report directory dated 2026-10-03; exact collection dates unavailable,"EC2 c7i.large (x86 Sapphire Rapids) / c7g.large (ARM64 Graviton3), paper-declared",not recorded in reachable evidence,,paper/review/08-camera-ready-eval-issues-2026-10-04.md:15; author-local /Users/ruoji/.../github/bpf-kinsn/paper/revisions/2026-10-03-sec6-rerun/results.md (unreachable),no,,no raw data in reachable repositories,,Revision numerical results exist only as prose/tables/PDFs; no retained c7i/c7g 12-instance datasets or exact generating scripts found. paper/review/08-camera-ready-eval-issues-2026-10-04.md:15; author-local /Users/ruoji/.../github/bpf-kinsn/paper/revisions/2026-10-03-sec6-rerun/results.md (unreachable)
C0336,revision,body,missing raw,paper/revision/figures/sec-3-jit-dump.tex,9,"font=\ttfamily\fontsize{8}{9.5}\selectfont},","numerical claim: font=\ttfamily\fontsize{8}{9.5}\selectfont},",8; 9.5,,,no raw data in reachable repositories,October 2026 rerun; report directory dated 2026-10-03; exact collection dates unavailable,"EC2 c7i.large (x86 Sapphire Rapids) / c7g.large (ARM64 Graviton3), paper-declared",not recorded in reachable evidence,,paper/review/08-camera-ready-eval-issues-2026-10-04.md:15; author-local /Users/ruoji/.../github/bpf-kinsn/paper/revisions/2026-10-03-sec6-rerun/results.md (unreachable),no,,no raw data in reachable repositories,,Revision numerical results exist only as prose/tables/PDFs; no retained c7i/c7g 12-instance datasets or exact generating scripts found. paper/review/08-camera-ready-eval-issues-2026-10-04.md:15; author-local /Users/ruoji/.../github/bpf-kinsn/paper/revisions/2026-10-03-sec6-rerun/results.md (unreachable)
C0337,revision,body,missing raw,paper/revision/figures/sec-3-jit-dump.tex,10,"heading/.style={anchor=south west,text depth=1.5pt,font=\sffamily\bfseries\fontsize{8}{9.5}\selectfont},","numerical claim: heading/.style={anchor=south west,text depth=1.5pt,font=\sffamily\bfseries\fontsize{8}{9.5}\selectfont},",1.5; 8; 9.5,,,no raw data in reachable repositories,October 2026 rerun; report directory dated 2026-10-03; exact collection dates unavailable,"EC2 c7i.large (x86 Sapphire Rapids) / c7g.large (ARM64 Graviton3), paper-declared",not recorded in reachable evidence,,paper/review/08-camera-ready-eval-issues-2026-10-04.md:15; author-local /Users/ruoji/.../github/bpf-kinsn/paper/revisions/2026-10-03-sec6-rerun/results.md (unreachable),no,,no raw data in reachable repositories,,Revision numerical results exist only as prose/tables/PDFs; no retained c7i/c7g 12-instance datasets or exact generating scripts found. paper/review/08-camera-ready-eval-issues-2026-10-04.md:15; author-local /Users/ruoji/.../github/bpf-kinsn/paper/revisions/2026-10-03-sec6-rerun/results.md (unreachable)
C0338,revision,body,missing raw,paper/revision/figures/sec-3-jit-dump.tex,11,"flow/.style={-{Stealth[length=1.5mm]},line width=0.6pt},","numerical claim: flow/.style={-{Stealth[length=1.5mm]},line width=0.6pt},",1.5; 0.6,,,no raw data in reachable repositories,October 2026 rerun; report directory dated 2026-10-03; exact collection dates unavailable,"EC2 c7i.large (x86 Sapphire Rapids) / c7g.large (ARM64 Graviton3), paper-declared",not recorded in reachable evidence,,paper/review/08-camera-ready-eval-issues-2026-10-04.md:15; author-local /Users/ruoji/.../github/bpf-kinsn/paper/revisions/2026-10-03-sec6-rerun/results.md (unreachable),no,,no raw data in reachable repositories,,Revision numerical results exist only as prose/tables/PDFs; no retained c7i/c7g 12-instance datasets or exact generating scripts found. paper/review/08-camera-ready-eval-issues-2026-10-04.md:15; author-local /Users/ruoji/.../github/bpf-kinsn/paper/revisions/2026-10-03-sec6-rerun/results.md (unreachable)
C0339,revision,body,missing raw,paper/revision/figures/sec-3-jit-dump.tex,12,"stage/.style={align=center,font=\sffamily\fontsize{7.5}{9}\selectfont}","numerical claim: stage/.style={align=center,font=\sffamily\fontsize{7.5}{9}\selectfont}",7.5; 9,,,no raw data in reachable repositories,October 2026 rerun; report directory dated 2026-10-03; exact collection dates unavailable,"EC2 c7i.large (x86 Sapphire Rapids) / c7g.large (ARM64 Graviton3), paper-declared",not recorded in reachable evidence,,paper/review/08-camera-ready-eval-issues-2026-10-04.md:15; author-local /Users/ruoji/.../github/bpf-kinsn/paper/revisions/2026-10-03-sec6-rerun/results.md (unreachable),no,,no raw data in reachable repositories,,Revision numerical results exist only as prose/tables/PDFs; no retained c7i/c7g 12-instance datasets or exact generating scripts found. paper/review/08-camera-ready-eval-issues-2026-10-04.md:15; author-local /Users/ruoji/.../github/bpf-kinsn/paper/revisions/2026-10-03-sec6-rerun/results.md (unreachable)
C0340,revision,body,missing raw,paper/revision/figures/sec-3-jit-dump.tex,14,"\path[use as bounding box] (0,-0.08) rectangle (8.5,4.72);","numerical claim: \path[use as bounding box] (0,-0.08) rectangle (8.5,4.72);","0,; 0.08; 8.5; 4.72",,,no raw data in reachable repositories,October 2026 rerun; report directory dated 2026-10-03; exact collection dates unavailable,"EC2 c7i.large (x86 Sapphire Rapids) / c7g.large (ARM64 Graviton3), paper-declared",not recorded in reachable evidence,,paper/review/08-camera-ready-eval-issues-2026-10-04.md:15; author-local /Users/ruoji/.../github/bpf-kinsn/paper/revisions/2026-10-03-sec6-rerun/results.md (unreachable),no,,no raw data in reachable repositories,,Revision numerical results exist only as prose/tables/PDFs; no retained c7i/c7g 12-instance datasets or exact generating scripts found. paper/review/08-camera-ready-eval-issues-2026-10-04.md:15; author-local /Users/ruoji/.../github/bpf-kinsn/paper/revisions/2026-10-03-sec6-rerun/results.md (unreachable)
C0341,revision,body,missing raw,paper/revision/figures/sec-3-jit-dump.tex,15,"\node[heading] at (0,4.21) {C (simplified)};","numerical claim: \node[heading] at (0,4.21) {C (simplified)};","0,4.21",,,no raw data in reachable repositories,October 2026 rerun; report directory dated 2026-10-03; exact collection dates unavailable,"EC2 c7i.large (x86 Sapphire Rapids) / c7g.large (ARM64 Graviton3), paper-declared",not recorded in reachable evidence,,paper/review/08-camera-ready-eval-issues-2026-10-04.md:15; author-local /Users/ruoji/.../github/bpf-kinsn/paper/revisions/2026-10-03-sec6-rerun/results.md (unreachable),no,,no raw data in reachable repositories,,Revision numerical results exist only as prose/tables/PDFs; no retained c7i/c7g 12-instance datasets or exact generating scripts found. paper/review/08-camera-ready-eval-issues-2026-10-04.md:15; author-local /Users/ruoji/.../github/bpf-kinsn/paper/revisions/2026-10-03-sec6-rerun/results.md (unreachable)
C0342,revision,body,missing raw,paper/revision/figures/sec-3-jit-dump.tex,16,"\node[heading] at (5,4.21) {x86-64 native};","numerical claim: \node[heading] at (5,4.21) {x86-64 native};","5,4.21",,,no raw data in reachable repositories,October 2026 rerun; report directory dated 2026-10-03; exact collection dates unavailable,"EC2 c7i.large (x86 Sapphire Rapids) / c7g.large (ARM64 Graviton3), paper-declared",not recorded in reachable evidence,,paper/review/08-camera-ready-eval-issues-2026-10-04.md:15; author-local /Users/ruoji/.../github/bpf-kinsn/paper/revisions/2026-10-03-sec6-rerun/results.md (unreachable),no,,no raw data in reachable repositories,,Revision numerical results exist only as prose/tables/PDFs; no retained c7i/c7g 12-instance datasets or exact generating scripts found. paper/review/08-camera-ready-eval-issues-2026-10-04.md:15; author-local /Users/ruoji/.../github/bpf-kinsn/paper/revisions/2026-10-03-sec6-rerun/results.md (unreachable)
C0343,revision,body,missing raw,paper/revision/figures/sec-3-jit-dump.tex,17,"\node[code,minimum height=1.35cm] (source) at (0,4.15) {y = (x <{}< 16)\\\hspace*{1em}| (x >{}> 48);};","numerical claim: \node[code,minimum height=1.35cm] (source) at (0,4.15) {y = (x <{}< 16)\\\hspace*{1em}| (x >{}> 48);};","1.35; 0,4.15; 16; 1; 48",,,no raw data in reachable repositories,October 2026 rerun; report directory dated 2026-10-03; exact collection dates unavailable,"EC2 c7i.large (x86 Sapphire Rapids) / c7g.large (ARM64 Graviton3), paper-declared",not recorded in reachable evidence,,paper/review/08-camera-ready-eval-issues-2026-10-04.md:15; author-local /Users/ruoji/.../github/bpf-kinsn/paper/revisions/2026-10-03-sec6-rerun/results.md (unreachable),no,,no raw data in reachable repositories,,Revision numerical results exist only as prose/tables/PDFs; no retained c7i/c7g 12-instance datasets or exact generating scripts found. paper/review/08-camera-ready-eval-issues-2026-10-04.md:15; author-local /Users/ruoji/.../github/bpf-kinsn/paper/revisions/2026-10-03-sec6-rerun/results.md (unreachable)
C0344,revision,body,missing raw,paper/revision/figures/sec-3-jit-dump.tex,18,"\node[code,minimum height=1.35cm] (native) at (5,4.15) {rorx r15, rbx, 0x30};","numerical claim: \node[code,minimum height=1.35cm] (native) at (5,4.15) {rorx r15, rbx, 0x30};","1.35; 5,4.15; 5,; 0; 0",,,no raw data in reachable repositories,October 2026 rerun; report directory dated 2026-10-03; exact collection dates unavailable,"EC2 c7i.large (x86 Sapphire Rapids) / c7g.large (ARM64 Graviton3), paper-declared",not recorded in reachable evidence,,paper/review/08-camera-ready-eval-issues-2026-10-04.md:15; author-local /Users/ruoji/.../github/bpf-kinsn/paper/revisions/2026-10-03-sec6-rerun/results.md (unreachable),no,,no raw data in reachable repositories,,Revision numerical results exist only as prose/tables/PDFs; no retained c7i/c7g 12-instance datasets or exact generating scripts found. paper/review/08-camera-ready-eval-issues-2026-10-04.md:15; author-local /Users/ruoji/.../github/bpf-kinsn/paper/revisions/2026-10-03-sec6-rerun/results.md (unreachable)
C0345,revision,body,missing raw,paper/revision/figures/sec-3-jit-dump.tex,19,"\node[heading,align=left] at (0,1.76) {eBPF\\bytecode};","numerical claim: \node[heading,align=left] at (0,1.76) {eBPF\\bytecode};","0,1.76",,,no raw data in reachable repositories,October 2026 rerun; report directory dated 2026-10-03; exact collection dates unavailable,"EC2 c7i.large (x86 Sapphire Rapids) / c7g.large (ARM64 Graviton3), paper-declared",not recorded in reachable evidence,,paper/review/08-camera-ready-eval-issues-2026-10-04.md:15; author-local /Users/ruoji/.../github/bpf-kinsn/paper/revisions/2026-10-03-sec6-rerun/results.md (unreachable),no,,no raw data in reachable repositories,,Revision numerical results exist only as prose/tables/PDFs; no retained c7i/c7g 12-instance datasets or exact generating scripts found. paper/review/08-camera-ready-eval-issues-2026-10-04.md:15; author-local /Users/ruoji/.../github/bpf-kinsn/paper/revisions/2026-10-03-sec6-rerun/results.md (unreachable)
C0346,revision,body,missing raw,paper/revision/figures/sec-3-jit-dump.tex,20,"\node[heading] at (5,1.76) {x86-64 native};","numerical claim: \node[heading] at (5,1.76) {x86-64 native};","5,1.76",,,no raw data in reachable repositories,October 2026 rerun; report directory dated 2026-10-03; exact collection dates unavailable,"EC2 c7i.large (x86 Sapphire Rapids) / c7g.large (ARM64 Graviton3), paper-declared",not recorded in reachable evidence,,paper/review/08-camera-ready-eval-issues-2026-10-04.md:15; author-local /Users/ruoji/.../github/bpf-kinsn/paper/revisions/2026-10-03-sec6-rerun/results.md (unreachable),no,,no raw data in reachable repositories,,Revision numerical results exist only as prose/tables/PDFs; no retained c7i/c7g 12-instance datasets or exact generating scripts found. paper/review/08-camera-ready-eval-issues-2026-10-04.md:15; author-local /Users/ruoji/.../github/bpf-kinsn/paper/revisions/2026-10-03-sec6-rerun/results.md (unreachable)
C0347,revision,body,missing raw,paper/revision/figures/sec-3-jit-dump.tex,21,"\node[code,minimum height=1.75cm] (bytecode) at (0,1.70) {r1 = r7\\r1 >{}>= 48\\r7 <{}<= 16\\r7 |= r1};","numerical claim: \node[code,minimum height=1.75cm] (bytecode) at (0,1.70) {r1 = r7\\r1 >{}>= 48\\r7 <{}<= 16\\r7 |= r1};","1.75; 0,1.70; 48; 16",,,no raw data in reachable repositories,October 2026 rerun; report directory dated 2026-10-03; exact collection dates unavailable,"EC2 c7i.large (x86 Sapphire Rapids) / c7g.large (ARM64 Graviton3), paper-declared",not recorded in reachable evidence,,paper/review/08-camera-ready-eval-issues-2026-10-04.md:15; author-local /Users/ruoji/.../github/bpf-kinsn/paper/revisions/2026-10-03-sec6-rerun/results.md (unreachable),no,,no raw data in reachable repositories,,Revision numerical results exist only as prose/tables/PDFs; no retained c7i/c7g 12-instance datasets or exact generating scripts found. paper/review/08-camera-ready-eval-issues-2026-10-04.md:15; author-local /Users/ruoji/.../github/bpf-kinsn/paper/revisions/2026-10-03-sec6-rerun/results.md (unreachable)
C0348,revision,body,missing raw,paper/revision/figures/sec-3-jit-dump.tex,22,"\node[code,minimum height=1.75cm] (jit) at (5,1.70) {mov rdi, r13\\shr rdi, 0x30\\shl r13, 0x10\\or r13, rdi};","numerical claim: \node[code,minimum height=1.75cm] (jit) at (5,1.70) {mov rdi, r13\\shr rdi, 0x30\\shl r13, 0x10\\or r13, rdi};","1.75; 5,1.70; 3; 0; 0; 3,; 0; 0; 3,",,,no raw data in reachable repositories,October 2026 rerun; report directory dated 2026-10-03; exact collection dates unavailable,"EC2 c7i.large (x86 Sapphire Rapids) / c7g.large (ARM64 Graviton3), paper-declared",not recorded in reachable evidence,,paper/review/08-camera-ready-eval-issues-2026-10-04.md:15; author-local /Users/ruoji/.../github/bpf-kinsn/paper/revisions/2026-10-03-sec6-rerun/results.md (unreachable),no,,no raw data in reachable repositories,,Revision numerical results exist only as prose/tables/PDFs; no retained c7i/c7g 12-instance datasets or exact generating scripts found. paper/review/08-camera-ready-eval-issues-2026-10-04.md:15; author-local /Users/ruoji/.../github/bpf-kinsn/paper/revisions/2026-10-03-sec6-rerun/results.md (unreachable)
C0349,revision,body,missing raw,paper/revision/figures/sec-3-jit-dump.tex,27,"\caption{Two compilation paths for a 64-bit left rotation by 16 bits in the SipHash-style benchmark on x86-64. In the simplified C expression, \texttt{x} and \texttt{y} are 64-bit unsigned integers. The code panels show only the rotation, omitting input preparation and adjacent computation. Assembly uses Intel syntax; right rotation by \texttt{0x30} (48) bits equals left rotation by 16 bits.}","numerical claim: \caption{Two compilation paths for a 64-bit left rotation by 16 bits in the SipHash-style benchmark on x86-64. In the simplified C expression, \texttt{x} and \texttt{y} are 64-bit unsigned integers. The code panels show only the rotation, omitting input preparation and adjacent computation. Assembly uses Intel syntax; right rotation by \texttt{0x30} (48) bits equals left rotation by 16 bits.}",64; 16; 64; 0; 0; 48; 16,,,no raw data in reachable repositories,October 2026 rerun; report directory dated 2026-10-03; exact collection dates unavailable,"EC2 c7i.large (x86 Sapphire Rapids) / c7g.large (ARM64 Graviton3), paper-declared",not recorded in reachable evidence,,paper/review/08-camera-ready-eval-issues-2026-10-04.md:15; author-local /Users/ruoji/.../github/bpf-kinsn/paper/revisions/2026-10-03-sec6-rerun/results.md (unreachable),no,,no raw data in reachable repositories,,Revision numerical results exist only as prose/tables/PDFs; no retained c7i/c7g 12-instance datasets or exact generating scripts found. paper/review/08-camera-ready-eval-issues-2026-10-04.md:15; author-local /Users/ruoji/.../github/bpf-kinsn/paper/revisions/2026-10-03-sec6-rerun/results.md (unreachable)
C0350,revision,body,missing raw,paper/revision/figures/sec-3-pure-bytecode-percase.tex,3,\includegraphics[width=\textwidth]{figures/sec-3-slowdown-o2-grouped.pdf},figure artifact figures/sec-3-slowdown-o2-grouped.pdf,,,,no raw data in reachable repositories,October 2026 rerun; report directory dated 2026-10-03; exact collection dates unavailable,"EC2 c7i.large (x86 Sapphire Rapids) / c7g.large (ARM64 Graviton3), paper-declared",not recorded in reachable evidence,,paper/review/08-camera-ready-eval-issues-2026-10-04.md:15; author-local /Users/ruoji/.../github/bpf-kinsn/paper/revisions/2026-10-03-sec6-rerun/results.md (unreachable),no,,no reachable raw data,,Pre-existing PDF retained; no changes made.
C0351,revision,body,missing raw,paper/revision/figures/sec-3-pure-bytecode-percase.tex,4,"\caption{eBPF JIT execution time relative to user-space native. The left and right bars for each benchmark correspond to x86-64 and ARM64. Each bar is the ratio of mean per-call execution times on the same architecture; values above 1 indicate slower eBPF JIT execution, and the dashed line denotes equal time. Error bars show 95\% confidence intervals obtained by resampling instances. Each geometric mean in the legend summarizes the 27 benchmark ratios for that architecture.}","numerical claim: \caption{eBPF JIT execution time relative to user-space native. The left and right bars for each benchmark correspond to x86-64 and ARM64. Each bar is the ratio of mean per-call execution times on the same architecture; values above 1 indicate slower eBPF JIT execution, and the dashed line denotes equal time. Error bars show 95\% confidence intervals obtained by resampling instances. Each geometric mean in the legend summarizes the 27 benchmark ratios for that architecture.}",1; 95; 27,,,no raw data in reachable repositories,October 2026 rerun; report directory dated 2026-10-03; exact collection dates unavailable,"EC2 c7i.large (x86 Sapphire Rapids) / c7g.large (ARM64 Graviton3), paper-declared",not recorded in reachable evidence,,paper/review/08-camera-ready-eval-issues-2026-10-04.md:15; author-local /Users/ruoji/.../github/bpf-kinsn/paper/revisions/2026-10-03-sec6-rerun/results.md (unreachable),no,,no raw data in reachable repositories,,Revision numerical results exist only as prose/tables/PDFs; no retained c7i/c7g 12-instance datasets or exact generating scripts found. paper/review/08-camera-ready-eval-issues-2026-10-04.md:15; author-local /Users/ruoji/.../github/bpf-kinsn/paper/revisions/2026-10-03-sec6-rerun/results.md (unreachable)
C0352,revision,body,missing raw,paper/revision/figures/sec-6-micro-performance.tex,3,\includegraphics[width=\textwidth]{figures/sec-6-micro-performance.pdf},figure artifact figures/sec-6-micro-performance.pdf,,,,no raw data in reachable repositories,October 2026 rerun; report directory dated 2026-10-03; exact collection dates unavailable,"EC2 c7i.large (x86 Sapphire Rapids) / c7g.large (ARM64 Graviton3), paper-declared",not recorded in reachable evidence,,paper/review/08-camera-ready-eval-issues-2026-10-04.md:15; author-local /Users/ruoji/.../github/bpf-kinsn/paper/revisions/2026-10-03-sec6-rerun/results.md (unreachable),no,,no reachable raw data,,Pre-existing PDF retained; no changes made.
C0353,revision,body,missing raw,paper/revision/figures/sec-6-micro-performance.tex,4,\caption{Execution-time ratios for the microbenchmarks in Table~\ref{tab:microbenchmarks}. Ratios are the reference configuration's mean execution time divided by that of \tool{}. Values above 1 indicate faster execution with \tool{}. Disabling \kinsn rewriting preserves the LLVM configuration. Geometric mean summarizes the 27 ratios. Error bars show 95\% confidence intervals from paired resampling of independent instances.},numerical claim: \caption{Execution-time ratios for the microbenchmarks in Table~\ref{tab:microbenchmarks}. Ratios are the reference configuration's mean execution time divided by that of \tool{}. Values above 1 indicate faster execution with \tool{}. Disabling \kinsn rewriting preserves the LLVM configuration. Geometric mean summarizes the 27 ratios. Error bars show 95\% confidence intervals from paired resampling of independent instances.},1; 27; 95,,,no raw data in reachable repositories,October 2026 rerun; report directory dated 2026-10-03; exact collection dates unavailable,"EC2 c7i.large (x86 Sapphire Rapids) / c7g.large (ARM64 Graviton3), paper-declared",not recorded in reachable evidence,,paper/review/08-camera-ready-eval-issues-2026-10-04.md:15; author-local /Users/ruoji/.../github/bpf-kinsn/paper/revisions/2026-10-03-sec6-rerun/results.md (unreachable),no,,no raw data in reachable repositories,,Revision numerical results exist only as prose/tables/PDFs; no retained c7i/c7g 12-instance datasets or exact generating scripts found. paper/review/08-camera-ready-eval-issues-2026-10-04.md:15; author-local /Users/ruoji/.../github/bpf-kinsn/paper/revisions/2026-10-03-sec6-rerun/results.md (unreachable)
C0354,revision,body,missing raw,paper/revision/sections/0-abstract.tex,2,"eBPF lets applications execute custom logic in the kernel for tasks such as packet processing and system observability. However, the existing compilation pipeline fails to select efficient implementations available on the target CPU for some computations. Exploiting these opportunities requires existing approaches to trade off native optimization capability against the complexity of trusted code. Bytecode rewriting is constrained by the existing JIT's instruction-selection rules, whereas adding native optimizations requires trusting the corresponding program transformations and code generation. We present \tool, an extensible eBPF compilation framework that enables more efficient native implementations while reusing the existing verifier for safety analysis. The framework identifies optimization opportunities in userspace and selects native implementations provided by the kernel through extended instructions. Each extension describes its behavior using eBPF instructions for safety analysis within the complete program and executes using a semantically equivalent native implementation. We implement seven categories of local optimizations on x86-64 and ARM64. Relative to the stock Linux eBPF JIT, microbenchmarks achieve geometric mean speedups of 1.24$\times$ and 1.22$\times$, respectively. Throughput increases by 7.4\% for Cilium on x86-64 and by 7.3\% for Katran on ARM64.","numerical claim: eBPF lets applications execute custom logic in the kernel for tasks such as packet processing and system observability. However, the existing compilation pipeline fails to select efficient implementations available on the target CPU for some computations. Exploiting these opportunities requires existing approaches to trade off native optimization capability against the complexity of trusted code. Bytecode rewriting is constrained by the existing JIT's instruction-selection rules, whereas adding native optimizations requires trusting the corresponding program transformations and code generation. We present \tool, an extensible eBPF compilation framework that enables more efficient native implementations while reusing the existing verifier for safety analysis. The framework identifies optimization opportunities in userspace and selects native implementations provided by the kernel through extended instructions. Each extension describes its behavior using eBPF instructions for safety analysis within the complete program and executes using a semantically equivalent native implementation. We implement seven categories of local optimizations on x86-64 and ARM64. Relative to the stock Linux eBPF JIT, microbenchmarks achieve geometric mean speedups of 1.24$\times$ and 1.22$\times$, respectively. Throughput increases by 7.4\% for Cilium on x86-64 and by 7.3\% for Katran on ARM64.",1.24; 1.22; 7.4; 7.3,,,no raw data in reachable repositories,October 2026 rerun; report directory dated 2026-10-03; exact collection dates unavailable,"EC2 c7i.large (x86 Sapphire Rapids) / c7g.large (ARM64 Graviton3), paper-declared",not recorded in reachable evidence,,paper/review/08-camera-ready-eval-issues-2026-10-04.md:15; author-local /Users/ruoji/.../github/bpf-kinsn/paper/revisions/2026-10-03-sec6-rerun/results.md (unreachable),no,,INTERNAL MISMATCH: headline retained older claims,,Revision numerical results exist only as prose/tables/PDFs; no retained c7i/c7g 12-instance datasets or exact generating scripts found. paper/review/08-camera-ready-eval-issues-2026-10-04.md:15; author-local /Users/ruoji/.../github/bpf-kinsn/paper/revisions/2026-10-03-sec6-rerun/results.md (unreachable) Revision section 6 instead reports x86 1.17x; Cilium 0.970x; Katran 0.993x (no positive throughput gain).
C0355,revision,body,missing raw,paper/revision/sections/1-introduction.tex,6,"However, the existing eBPF compilation pipeline fails to select efficient implementations available on the target CPU for some computations. A userspace compiler first produces eBPF bytecode. After the kernel verifier~\cite{verifier} checks it, the in-kernel eBPF just-in-time (JIT) compiler generates native code. Some computations are decomposed into multiple basic operations in the bytecode. The current JIT mainly translates instructions individually and does not recombine these sequences into corresponding native operations. For example, a 64-bit rotation by a constant is represented as shifts and bitwise OR in the bytecode. The existing x86-64 JIT translates these operations separately, producing multiple native instructions. Direct native compilation can instead perform the same computation with a single rotate instruction.","numerical claim: However, the existing eBPF compilation pipeline fails to select efficient implementations available on the target CPU for some computations. A userspace compiler first produces eBPF bytecode. After the kernel verifier~\cite{verifier} checks it, the in-kernel eBPF just-in-time (JIT) compiler generates native code. Some computations are decomposed into multiple basic operations in the bytecode. The current JIT mainly translates instructions individually and does not recombine these sequences into corresponding native operations. For example, a 64-bit rotation by a constant is represented as shifts and bitwise OR in the bytecode. The existing x86-64 JIT translates these operations separately, producing multiple native instructions. Direct native compilation can instead perform the same computation with a single rotate instruction.",64,,,no raw data in reachable repositories,October 2026 rerun; report directory dated 2026-10-03; exact collection dates unavailable,"EC2 c7i.large (x86 Sapphire Rapids) / c7g.large (ARM64 Graviton3), paper-declared",not recorded in reachable evidence,,paper/review/08-camera-ready-eval-issues-2026-10-04.md:15; author-local /Users/ruoji/.../github/bpf-kinsn/paper/revisions/2026-10-03-sec6-rerun/results.md (unreachable),no,,no raw data in reachable repositories,,Revision numerical results exist only as prose/tables/PDFs; no retained c7i/c7g 12-instance datasets or exact generating scripts found. paper/review/08-camera-ready-eval-issues-2026-10-04.md:15; author-local /Users/ruoji/.../github/bpf-kinsn/paper/revisions/2026-10-03-sec6-rerun/results.md (unreachable)
C0356,revision,body,missing raw,paper/revision/sections/1-introduction.tex,12,"We present \tool, an extensible framework for eBPF compilation that enables more efficient native implementations while reusing the existing verifier for safety analysis. A userspace pattern recognizer specifies operations and their parameters using extended instructions called \kinsns. The kernel checks their usage conditions and expands them into existing eBPF instructions, which the verifier analyzes with the rest of the program. After verification succeeds, the JIT generates code using semantically equivalent native implementations. We organize equivalence proofs around a shared operation specification and demonstrate a rotation proof in Lean~4~\cite{moura2021lean}. New recognition rules can reuse existing \kinsns. New operations reuse the framework's mechanisms for verification and code generation.","numerical claim: We present \tool, an extensible framework for eBPF compilation that enables more efficient native implementations while reusing the existing verifier for safety analysis. A userspace pattern recognizer specifies operations and their parameters using extended instructions called \kinsns. The kernel checks their usage conditions and expands them into existing eBPF instructions, which the verifier analyzes with the rest of the program. After verification succeeds, the JIT generates code using semantically equivalent native implementations. We organize equivalence proofs around a shared operation specification and demonstrate a rotation proof in Lean~4~\cite{moura2021lean}. New recognition rules can reuse existing \kinsns. New operations reuse the framework's mechanisms for verification and code generation.",4,,,no raw data in reachable repositories,October 2026 rerun; report directory dated 2026-10-03; exact collection dates unavailable,"EC2 c7i.large (x86 Sapphire Rapids) / c7g.large (ARM64 Graviton3), paper-declared",not recorded in reachable evidence,,paper/review/08-camera-ready-eval-issues-2026-10-04.md:15; author-local /Users/ruoji/.../github/bpf-kinsn/paper/revisions/2026-10-03-sec6-rerun/results.md (unreachable),no,,no raw data in reachable repositories,,Revision numerical results exist only as prose/tables/PDFs; no retained c7i/c7g 12-instance datasets or exact generating scripts found. paper/review/08-camera-ready-eval-issues-2026-10-04.md:15; author-local /Users/ruoji/.../github/bpf-kinsn/paper/revisions/2026-10-03-sec6-rerun/results.md (unreachable)
C0357,revision,body,missing raw,paper/revision/sections/1-introduction.tex,14,"We implement \tool in Linux for x86-64 and ARM64, using kernel modules to provide seven categories of local optimizations involving computation, control flow, and memory access. With the stock Linux eBPF JIT as the baseline, the geometric mean microbenchmark speedups on the two architectures are 1.24$\times$ and 1.22$\times$, respectively. Throughput increases by 7.4\% for Cilium on x86-64 and by 7.3\% for Katran on ARM64. These results show that the framework's local optimizations improve the execution efficiency of computational microbenchmarks and the packet processing throughput of real applications.","numerical claim: We implement \tool in Linux for x86-64 and ARM64, using kernel modules to provide seven categories of local optimizations involving computation, control flow, and memory access. With the stock Linux eBPF JIT as the baseline, the geometric mean microbenchmark speedups on the two architectures are 1.24$\times$ and 1.22$\times$, respectively. Throughput increases by 7.4\% for Cilium on x86-64 and by 7.3\% for Katran on ARM64. These results show that the framework's local optimizations improve the execution efficiency of computational microbenchmarks and the packet processing throughput of real applications.",1.24; 1.22; 7.4; 7.3,,,no raw data in reachable repositories,October 2026 rerun; report directory dated 2026-10-03; exact collection dates unavailable,"EC2 c7i.large (x86 Sapphire Rapids) / c7g.large (ARM64 Graviton3), paper-declared",not recorded in reachable evidence,,paper/review/08-camera-ready-eval-issues-2026-10-04.md:15; author-local /Users/ruoji/.../github/bpf-kinsn/paper/revisions/2026-10-03-sec6-rerun/results.md (unreachable),no,,INTERNAL MISMATCH: headline retained older claims,,Revision numerical results exist only as prose/tables/PDFs; no retained c7i/c7g 12-instance datasets or exact generating scripts found. paper/review/08-camera-ready-eval-issues-2026-10-04.md:15; author-local /Users/ruoji/.../github/bpf-kinsn/paper/revisions/2026-10-03-sec6-rerun/results.md (unreachable) Revision section 6 instead reports x86 1.17x; Cilium 0.970x; Katran 0.993x (no positive throughput gain).
C0358,revision,body,missing raw,paper/revision/sections/3-motivation.tex,7,"We use 27 computational microbenchmarks to examine how compilation paths affect execution time. The benchmarks include simplified application logic and programs constructed around specific computations. For example, the Katran~\cite{katran} benchmark retains packet hashing and destination selection. Table~\ref{tab:microbenchmarks} lists their main computations. Their computation bodies make no helper calls or map accesses, reducing the influence of kernel services. All paths use the same computation source and fixed inputs.","numerical claim: We use 27 computational microbenchmarks to examine how compilation paths affect execution time. The benchmarks include simplified application logic and programs constructed around specific computations. For example, the Katran~\cite{katran} benchmark retains packet hashing and destination selection. Table~\ref{tab:microbenchmarks} lists their main computations. Their computation bodies make no helper calls or map accesses, reducing the influence of kernel services. All paths use the same computation source and fixed inputs.",27,,,no raw data in reachable repositories,October 2026 rerun; report directory dated 2026-10-03; exact collection dates unavailable,"EC2 c7i.large (x86 Sapphire Rapids) / c7g.large (ARM64 Graviton3), paper-declared",not recorded in reachable evidence,,paper/review/08-camera-ready-eval-issues-2026-10-04.md:15; author-local /Users/ruoji/.../github/bpf-kinsn/paper/revisions/2026-10-03-sec6-rerun/results.md (unreachable),no,,no raw data in reachable repositories,,Revision numerical results exist only as prose/tables/PDFs; no retained c7i/c7g 12-instance datasets or exact generating scripts found. paper/review/08-camera-ready-eval-issues-2026-10-04.md:15; author-local /Users/ruoji/.../github/bpf-kinsn/paper/revisions/2026-10-03-sec6-rerun/results.md (unreachable)
C0359,revision,body,missing raw,paper/revision/sections/3-motivation.tex,12,"We use EC2 c7i.large instances for x86-64 and c7g.large instances for ARM64. The experiments use Clang 18.1.3 and a research kernel based on Linux 7.0.0-rc2. For each path, we take repeated measurements after warmup on 12 independent instances and compare mean execution time per invocation, excluding loading and compilation.","numerical claim: We use EC2 c7i.large instances for x86-64 and c7g.large instances for ARM64. The experiments use Clang 18.1.3 and a research kernel based on Linux 7.0.0-rc2. For each path, we take repeated measurements after warmup on 12 independent instances and compare mean execution time per invocation, excluding loading and compilation.",18.1; 3; 7.0; 0; 12,,,no raw data in reachable repositories,October 2026 rerun; report directory dated 2026-10-03; exact collection dates unavailable,"EC2 c7i.large (x86 Sapphire Rapids) / c7g.large (ARM64 Graviton3), paper-declared",not recorded in reachable evidence,,paper/review/08-camera-ready-eval-issues-2026-10-04.md:15; author-local /Users/ruoji/.../github/bpf-kinsn/paper/revisions/2026-10-03-sec6-rerun/results.md (unreachable),no,,no raw data in reachable repositories,,Revision numerical results exist only as prose/tables/PDFs; no retained c7i/c7g 12-instance datasets or exact generating scripts found. paper/review/08-camera-ready-eval-issues-2026-10-04.md:15; author-local /Users/ruoji/.../github/bpf-kinsn/paper/revisions/2026-10-03-sec6-rerun/results.md (unreachable)
C0360,revision,body,missing raw,paper/revision/sections/3-motivation.tex,21,"Figure~\ref{fig:char-pure-percase} shows that, across these benchmarks, programs generally run more slowly through the eBPF path than when compiled directly to native code from the same source. The geometric mean execution-time ratios are 1.71 on x86-64 and 2.05 on ARM64. For FNV on x86-64, the two paths have similar execution times. Machine-code comparisons show that both retain the byte-by-byte hash recurrence of exclusive OR and multiplication; direct native compilation does not shorten this dependency chain.","numerical claim: Figure~\ref{fig:char-pure-percase} shows that, across these benchmarks, programs generally run more slowly through the eBPF path than when compiled directly to native code from the same source. The geometric mean execution-time ratios are 1.71 on x86-64 and 2.05 on ARM64. For FNV on x86-64, the two paths have similar execution times. Machine-code comparisons show that both retain the byte-by-byte hash recurrence of exclusive OR and multiplication; direct native compilation does not shorten this dependency chain.",1.71; 2.05,,,no raw data in reachable repositories,October 2026 rerun; report directory dated 2026-10-03; exact collection dates unavailable,"EC2 c7i.large (x86 Sapphire Rapids) / c7g.large (ARM64 Graviton3), paper-declared",not recorded in reachable evidence,,paper/review/08-camera-ready-eval-issues-2026-10-04.md:15; author-local /Users/ruoji/.../github/bpf-kinsn/paper/revisions/2026-10-03-sec6-rerun/results.md (unreachable),no,,no raw data in reachable repositories,,Revision numerical results exist only as prose/tables/PDFs; no retained c7i/c7g 12-instance datasets or exact generating scripts found. paper/review/08-camera-ready-eval-issues-2026-10-04.md:15; author-local /Users/ruoji/.../github/bpf-kinsn/paper/revisions/2026-10-03-sec6-rerun/results.md (unreachable)
C0361,revision,body,missing raw,paper/revision/sections/3-motivation.tex,29,"Table~\ref{tab:char-micro-summary} shows that the performance advantage of direct native compilation persists in the kernel. Although kernel native execution takes about 6\% longer than user-space native execution on x86-64 and 15\% longer on ARM64 overall, it remains faster than JIT-compiled eBPF code running in the same kernel.","numerical claim: Table~\ref{tab:char-micro-summary} shows that the performance advantage of direct native compilation persists in the kernel. Although kernel native execution takes about 6\% longer than user-space native execution on x86-64 and 15\% longer on ARM64 overall, it remains faster than JIT-compiled eBPF code running in the same kernel.",6; 15,,,no raw data in reachable repositories,October 2026 rerun; report directory dated 2026-10-03; exact collection dates unavailable,"EC2 c7i.large (x86 Sapphire Rapids) / c7g.large (ARM64 Graviton3), paper-declared",not recorded in reachable evidence,,paper/review/08-camera-ready-eval-issues-2026-10-04.md:15; author-local /Users/ruoji/.../github/bpf-kinsn/paper/revisions/2026-10-03-sec6-rerun/results.md (unreachable),no,,no raw data in reachable repositories,,Revision numerical results exist only as prose/tables/PDFs; no retained c7i/c7g 12-instance datasets or exact generating scripts found. paper/review/08-camera-ready-eval-issues-2026-10-04.md:15; author-local /Users/ruoji/.../github/bpf-kinsn/paper/revisions/2026-10-03-sec6-rerun/results.md (unreachable)
C0362,revision,body,missing raw,paper/revision/sections/3-motivation.tex,32,"\finlabel Execution location does not fully explain the performance difference between the eBPF JIT and direct native compilation. With both running in the kernel, JIT-compiled eBPF code still takes 1.62$\times$ as long as native code on x86-64 and 1.77$\times$ on ARM64 overall.","numerical claim: \finlabel Execution location does not fully explain the performance difference between the eBPF JIT and direct native compilation. With both running in the kernel, JIT-compiled eBPF code still takes 1.62$\times$ as long as native code on x86-64 and 1.77$\times$ on ARM64 overall.",1.62; 1.77,,,no raw data in reachable repositories,October 2026 rerun; report directory dated 2026-10-03; exact collection dates unavailable,"EC2 c7i.large (x86 Sapphire Rapids) / c7g.large (ARM64 Graviton3), paper-declared",not recorded in reachable evidence,,paper/review/08-camera-ready-eval-issues-2026-10-04.md:15; author-local /Users/ruoji/.../github/bpf-kinsn/paper/revisions/2026-10-03-sec6-rerun/results.md (unreachable),no,,no raw data in reachable repositories,,Revision numerical results exist only as prose/tables/PDFs; no retained c7i/c7g 12-instance datasets or exact generating scripts found. paper/review/08-camera-ready-eval-issues-2026-10-04.md:15; author-local /Users/ruoji/.../github/bpf-kinsn/paper/revisions/2026-10-03-sec6-rerun/results.md (unreachable)
C0363,revision,body,missing raw,paper/revision/sections/3-motivation.tex,40,"\finlabel Using eBPF bytecode does not prevent these programs from approaching the overall performance of direct native compilation. In user space, code generated by LLVM-BPF takes about 7\% longer than native code on x86-64 and 5\% longer on ARM64 overall.","numerical claim: \finlabel Using eBPF bytecode does not prevent these programs from approaching the overall performance of direct native compilation. In user space, code generated by LLVM-BPF takes about 7\% longer than native code on x86-64 and 5\% longer on ARM64 overall.",7; 5,,,no raw data in reachable repositories,October 2026 rerun; report directory dated 2026-10-03; exact collection dates unavailable,"EC2 c7i.large (x86 Sapphire Rapids) / c7g.large (ARM64 Graviton3), paper-declared",not recorded in reachable evidence,,paper/review/08-camera-ready-eval-issues-2026-10-04.md:15; author-local /Users/ruoji/.../github/bpf-kinsn/paper/revisions/2026-10-03-sec6-rerun/results.md (unreachable),no,,no raw data in reachable repositories,,Revision numerical results exist only as prose/tables/PDFs; no retained c7i/c7g 12-instance datasets or exact generating scripts found. paper/review/08-camera-ready-eval-issues-2026-10-04.md:15; author-local /Users/ruoji/.../github/bpf-kinsn/paper/revisions/2026-10-03-sec6-rerun/results.md (unreachable)
C0364,revision,body,missing raw,paper/revision/sections/3-motivation.tex,45,"The rotation in Figure~\ref{fig:jit-dump} illustrates this process. eBPF has no rotate instruction~\cite{rfc9669}, so LLVM's BPF back end expands rotations into basic operations~\cite{llvmndbpflowering}. A 64-bit left rotation by 16 bits in the SipHash-style microbenchmark consists of a copy, two shifts, and a bitwise OR. The current x86-64 JIT emits \texttt{MOV; SHR; SHL; OR}, whereas direct native compilation emits a single \texttt{RORX}. The bytecode fully preserves the rotation computation, but expresses it across several instructions. The current JIT selects native implementations from each instruction's opcode and operands, retaining this sequence because it does not analyze their data dependencies to recognize rotation.","numerical claim: The rotation in Figure~\ref{fig:jit-dump} illustrates this process. eBPF has no rotate instruction~\cite{rfc9669}, so LLVM's BPF back end expands rotations into basic operations~\cite{llvmndbpflowering}. A 64-bit left rotation by 16 bits in the SipHash-style microbenchmark consists of a copy, two shifts, and a bitwise OR. The current x86-64 JIT emits \texttt{MOV; SHR; SHL; OR}, whereas direct native compilation emits a single \texttt{RORX}. The bytecode fully preserves the rotation computation, but expresses it across several instructions. The current JIT selects native implementations from each instruction's opcode and operands, retaining this sequence because it does not analyze their data dependencies to recognize rotation.",64; 16,,,no raw data in reachable repositories,October 2026 rerun; report directory dated 2026-10-03; exact collection dates unavailable,"EC2 c7i.large (x86 Sapphire Rapids) / c7g.large (ARM64 Graviton3), paper-declared",not recorded in reachable evidence,,paper/review/08-camera-ready-eval-issues-2026-10-04.md:15; author-local /Users/ruoji/.../github/bpf-kinsn/paper/revisions/2026-10-03-sec6-rerun/results.md (unreachable),no,,no raw data in reachable repositories,,Revision numerical results exist only as prose/tables/PDFs; no retained c7i/c7g 12-instance datasets or exact generating scripts found. paper/review/08-camera-ready-eval-issues-2026-10-04.md:15; author-local /Users/ruoji/.../github/bpf-kinsn/paper/revisions/2026-10-03-sec6-rerun/results.md (unreachable)
C0365,revision,body,missing raw,paper/revision/sections/6-evaluation.tex,14,"We run x86-64 experiments on EC2 c7i.large instances with Intel Xeon Platinum 8488C processors. The ARM64 experiments use c7g.large instances with AWS Graviton3 processors. Both instance types provide two vCPUs and run our research kernel based on Linux 7.0.0-rc2. Within each architecture, all program configurations use the same kernel and module builds. The microbenchmarks use the programs, inputs, and platforms from \S\ref{sec:characterization}. Application workloads are described in their respective subsections.","numerical claim: We run x86-64 experiments on EC2 c7i.large instances with Intel Xeon Platinum 8488C processors. The ARM64 experiments use c7g.large instances with AWS Graviton3 processors. Both instance types provide two vCPUs and run our research kernel based on Linux 7.0.0-rc2. Within each architecture, all program configurations use the same kernel and module builds. The microbenchmarks use the programs, inputs, and platforms from \S\ref{sec:characterization}. Application workloads are described in their respective subsections.",8488; 7.0; 0,,,no raw data in reachable repositories,October 2026 rerun; report directory dated 2026-10-03; exact collection dates unavailable,"EC2 c7i.large (x86 Sapphire Rapids) / c7g.large (ARM64 Graviton3), paper-declared",not recorded in reachable evidence,,paper/review/08-camera-ready-eval-issues-2026-10-04.md:15; author-local /Users/ruoji/.../github/bpf-kinsn/paper/revisions/2026-10-03-sec6-rerun/results.md (unreachable),no,,no raw data in reachable repositories,,Revision numerical results exist only as prose/tables/PDFs; no retained c7i/c7g 12-instance datasets or exact generating scripts found. paper/review/08-camera-ready-eval-issues-2026-10-04.md:15; author-local /Users/ruoji/.../github/bpf-kinsn/paper/revisions/2026-10-03-sec6-rerun/results.md (unreachable)
C0366,revision,body,missing raw,paper/revision/sections/6-evaluation.tex,19,"We use the 27 computational microbenchmarks from \S\ref{sec:characterization} to distinguish the performance gains from recompilation and from rewriting computations as \kinsns. The eBPF JIT baseline directly loads bytecode generated by Clang 18.1.3 at \texttt{-O2}. \tool recompiles the same bytecode in user space and uses the pattern recognizer to introduce \kinsns. We also run \tool without \kinsn rewriting, disabling the rules that introduce these instructions. Both \tool configurations use the same modified LLVM 23 compiler, with O3 IR optimization and \texttt{Aggressive} backend code generation.","numerical claim: We use the 27 computational microbenchmarks from \S\ref{sec:characterization} to distinguish the performance gains from recompilation and from rewriting computations as \kinsns. The eBPF JIT baseline directly loads bytecode generated by Clang 18.1.3 at \texttt{-O2}. \tool recompiles the same bytecode in user space and uses the pattern recognizer to introduce \kinsns. We also run \tool without \kinsn rewriting, disabling the rules that introduce these instructions. Both \tool configurations use the same modified LLVM 23 compiler, with O3 IR optimization and \texttt{Aggressive} backend code generation.",27; 18.1; 3; 23,,,no raw data in reachable repositories,October 2026 rerun; report directory dated 2026-10-03; exact collection dates unavailable,"EC2 c7i.large (x86 Sapphire Rapids) / c7g.large (ARM64 Graviton3), paper-declared",not recorded in reachable evidence,,paper/review/08-camera-ready-eval-issues-2026-10-04.md:15; author-local /Users/ruoji/.../github/bpf-kinsn/paper/revisions/2026-10-03-sec6-rerun/results.md (unreachable),no,,no raw data in reachable repositories,,Revision numerical results exist only as prose/tables/PDFs; no retained c7i/c7g 12-instance datasets or exact generating scripts found. paper/review/08-camera-ready-eval-issues-2026-10-04.md:15; author-local /Users/ruoji/.../github/bpf-kinsn/paper/revisions/2026-10-03-sec6-rerun/results.md (unreachable)
C0367,revision,body,missing raw,paper/revision/sections/6-evaluation.tex,21,"All three paths execute programs through the kernel's \texttt{BPF\_PROG\_TEST\_RUN} interface. We use 12 independent instances per architecture, interleave measurements of the three paths within each instance, and collect ten readings per program and path after warmup. We compare mean execution time per invocation, excluding rewriting and loading.","numerical claim: All three paths execute programs through the kernel's \texttt{BPF\_PROG\_TEST\_RUN} interface. We use 12 independent instances per architecture, interleave measurements of the three paths within each instance, and collect ten readings per program and path after warmup. We compare mean execution time per invocation, excluding rewriting and loading.",12,,,no raw data in reachable repositories,October 2026 rerun; report directory dated 2026-10-03; exact collection dates unavailable,"EC2 c7i.large (x86 Sapphire Rapids) / c7g.large (ARM64 Graviton3), paper-declared",not recorded in reachable evidence,,paper/review/08-camera-ready-eval-issues-2026-10-04.md:15; author-local /Users/ruoji/.../github/bpf-kinsn/paper/revisions/2026-10-03-sec6-rerun/results.md (unreachable),no,,no raw data in reachable repositories,,Revision numerical results exist only as prose/tables/PDFs; no retained c7i/c7g 12-instance datasets or exact generating scripts found. paper/review/08-camera-ready-eval-issues-2026-10-04.md:15; author-local /Users/ruoji/.../github/bpf-kinsn/paper/revisions/2026-10-03-sec6-rerun/results.md (unreachable)
C0368,revision,body,missing raw,paper/revision/sections/6-evaluation.tex,25,"Rewriting computations as \kinsns improves performance beyond recompilation alone. Figure~\ref{fig:eval-kinsn-micro} reports both comparisons. Relative to the eBPF JIT, \tool achieves geometric-mean speedups of 1.17$\times$ on x86-64 and 1.22$\times$ on ARM64. Relative to \tool without \kinsn rewriting, the speedups are 1.04$\times$ and 1.11$\times$, respectively. The full pipeline's gains therefore include both recompilation and \kinsn rewriting. Across the same 27 programs, the geometric mean of native code size falls by 15.1\% and 12.9\% relative to the eBPF JIT.","numerical claim: Rewriting computations as \kinsns improves performance beyond recompilation alone. Figure~\ref{fig:eval-kinsn-micro} reports both comparisons. Relative to the eBPF JIT, \tool achieves geometric-mean speedups of 1.17$\times$ on x86-64 and 1.22$\times$ on ARM64. Relative to \tool without \kinsn rewriting, the speedups are 1.04$\times$ and 1.11$\times$, respectively. The full pipeline's gains therefore include both recompilation and \kinsn rewriting. Across the same 27 programs, the geometric mean of native code size falls by 15.1\% and 12.9\% relative to the eBPF JIT.",1.17; 1.22; 1.04; 1.11; 27; 15.1; 12.9,,,no raw data in reachable repositories,October 2026 rerun; report directory dated 2026-10-03; exact collection dates unavailable,"EC2 c7i.large (x86 Sapphire Rapids) / c7g.large (ARM64 Graviton3), paper-declared",not recorded in reachable evidence,,paper/review/08-camera-ready-eval-issues-2026-10-04.md:15; author-local /Users/ruoji/.../github/bpf-kinsn/paper/revisions/2026-10-03-sec6-rerun/results.md (unreachable),no,,no raw data in reachable repositories,,Revision numerical results exist only as prose/tables/PDFs; no retained c7i/c7g 12-instance datasets or exact generating scripts found. paper/review/08-camera-ready-eval-issues-2026-10-04.md:15; author-local /Users/ruoji/.../github/bpf-kinsn/paper/revisions/2026-10-03-sec6-rerun/results.md (unreachable)
C0369,revision,body,missing raw,paper/revision/sections/6-evaluation.tex,27,"The benefit of \kinsn rewriting varies across programs. For example, the x86-64 string-search benchmark, \texttt{str\_search}, achieves a 1.68$\times$ speedup over the eBPF JIT but only 1.05$\times$ over \tool without \kinsn rewriting. Most of its overall gain is already present in the common compilation pipeline. ARM64 SipHash instead gains mainly from \kinsn rewriting, with corresponding speedups of 1.58$\times$ and 1.60$\times$.","numerical claim: The benefit of \kinsn rewriting varies across programs. For example, the x86-64 string-search benchmark, \texttt{str\_search}, achieves a 1.68$\times$ speedup over the eBPF JIT but only 1.05$\times$ over \tool without \kinsn rewriting. Most of its overall gain is already present in the common compilation pipeline. ARM64 SipHash instead gains mainly from \kinsn rewriting, with corresponding speedups of 1.58$\times$ and 1.60$\times$.",1.68; 1.05; 1.58; 1.60,,,no raw data in reachable repositories,October 2026 rerun; report directory dated 2026-10-03; exact collection dates unavailable,"EC2 c7i.large (x86 Sapphire Rapids) / c7g.large (ARM64 Graviton3), paper-declared",not recorded in reachable evidence,,paper/review/08-camera-ready-eval-issues-2026-10-04.md:15; author-local /Users/ruoji/.../github/bpf-kinsn/paper/revisions/2026-10-03-sec6-rerun/results.md (unreachable),no,,no raw data in reachable repositories,,Revision numerical results exist only as prose/tables/PDFs; no retained c7i/c7g 12-instance datasets or exact generating scripts found. paper/review/08-camera-ready-eval-issues-2026-10-04.md:15; author-local /Users/ruoji/.../github/bpf-kinsn/paper/revisions/2026-10-03-sec6-rerun/results.md (unreachable)
C0370,revision,body,missing raw,paper/revision/sections/6-evaluation.tex,29,"A rotation ablation further identifies the benefit of this optimization in ARM64 SipHash. We disable only the rotation rule, keeping the compilation pipeline and all other rules unchanged. With rotation enabled, native rotation instructions replace 116 combinations of shifts and bitwise OR, while eight memory-access extensions remain unchanged between configurations. In a separate experiment with 12 independent instances, mean execution time falls from 121.2\,ns with rotation disabled to 77.1\,ns with rotation enabled, a 1.57$\times$ speedup and a 36.4\% reduction in execution time.","numerical claim: A rotation ablation further identifies the benefit of this optimization in ARM64 SipHash. We disable only the rotation rule, keeping the compilation pipeline and all other rules unchanged. With rotation enabled, native rotation instructions replace 116 combinations of shifts and bitwise OR, while eight memory-access extensions remain unchanged between configurations. In a separate experiment with 12 independent instances, mean execution time falls from 121.2\,ns with rotation disabled to 77.1\,ns with rotation enabled, a 1.57$\times$ speedup and a 36.4\% reduction in execution time.",116; 12; 121.2; 77.1; 1.57; 36.4,,,no raw data in reachable repositories,October 2026 rerun; report directory dated 2026-10-03; exact collection dates unavailable,"EC2 c7i.large (x86 Sapphire Rapids) / c7g.large (ARM64 Graviton3), paper-declared",not recorded in reachable evidence,,paper/review/08-camera-ready-eval-issues-2026-10-04.md:15; author-local /Users/ruoji/.../github/bpf-kinsn/paper/revisions/2026-10-03-sec6-rerun/results.md (unreachable),no,,no raw data in reachable repositories,,Revision numerical results exist only as prose/tables/PDFs; no retained c7i/c7g 12-instance datasets or exact generating scripts found. paper/review/08-camera-ready-eval-issues-2026-10-04.md:15; author-local /Users/ruoji/.../github/bpf-kinsn/paper/revisions/2026-10-03-sec6-rerun/results.md (unreachable)
C0371,revision,body,missing raw,paper/revision/sections/6-evaluation.tex,38,"We test whether these local optimizations improve packet-processing throughput in complete applications. Cilium~\cite{cilium} exercises a network datapath with multiple eBPF programs and tail calls, while Katran~\cite{katran} exercises XDP load balancing. Cilium uses version 1.20.0-dev on x86-64, with bidirectional IPv4 UDP traffic between two endpoints. Katran runs on ARM64, forwarding traffic from one UDP virtual IP address to one backend. Both workloads use 64-byte packets generated by two pktgen threads, each configured with 65,535 flows.","numerical claim: We test whether these local optimizations improve packet-processing throughput in complete applications. Cilium~\cite{cilium} exercises a network datapath with multiple eBPF programs and tail calls, while Katran~\cite{katran} exercises XDP load balancing. Cilium uses version 1.20.0-dev on x86-64, with bidirectional IPv4 UDP traffic between two endpoints. Katran runs on ARM64, forwarding traffic from one UDP virtual IP address to one backend. Both workloads use 64-byte packets generated by two pktgen threads, each configured with 65,535 flows.","1.20; 0; 64; 65,535",,,no raw data in reachable repositories,October 2026 rerun; report directory dated 2026-10-03; exact collection dates unavailable,"EC2 c7i.large (x86 Sapphire Rapids) / c7g.large (ARM64 Graviton3), paper-declared",not recorded in reachable evidence,,paper/review/08-camera-ready-eval-issues-2026-10-04.md:15; author-local /Users/ruoji/.../github/bpf-kinsn/paper/revisions/2026-10-03-sec6-rerun/results.md (unreachable),no,,no raw data in reachable repositories,,Revision numerical results exist only as prose/tables/PDFs; no retained c7i/c7g 12-instance datasets or exact generating scripts found. paper/review/08-camera-ready-eval-issues-2026-10-04.md:15; author-local /Users/ruoji/.../github/bpf-kinsn/paper/revisions/2026-10-03-sec6-rerun/results.md (unreachable)
C0372,revision,body,missing raw,paper/revision/sections/6-evaluation.tex,40,"For each application, we compare the eBPF JIT with two \tool configurations. Cilium enables either all seven optimization categories in \S\ref{subsec:operations}, or the same set without bulk memory access and its associated recognition rules. Katran enables three register optimizations: rotation, conditional select, and bit extraction. A second configuration adds three memory optimizations: big-endian load, bulk memory access, and prefetch. Table~\ref{tab:eval-application-configurations} lists the categories of \kinsns actually generated under these configurations. Katran's two configurations rewrite 21 and 68 sites, respectively.","numerical claim: For each application, we compare the eBPF JIT with two \tool configurations. Cilium enables either all seven optimization categories in \S\ref{subsec:operations}, or the same set without bulk memory access and its associated recognition rules. Katran enables three register optimizations: rotation, conditional select, and bit extraction. A second configuration adds three memory optimizations: big-endian load, bulk memory access, and prefetch. Table~\ref{tab:eval-application-configurations} lists the categories of \kinsns actually generated under these configurations. Katran's two configurations rewrite 21 and 68 sites, respectively.",21; 68,,,no raw data in reachable repositories,October 2026 rerun; report directory dated 2026-10-03; exact collection dates unavailable,"EC2 c7i.large (x86 Sapphire Rapids) / c7g.large (ARM64 Graviton3), paper-declared",not recorded in reachable evidence,,paper/review/08-camera-ready-eval-issues-2026-10-04.md:15; author-local /Users/ruoji/.../github/bpf-kinsn/paper/revisions/2026-10-03-sec6-rerun/results.md (unreachable),no,,no raw data in reachable repositories,,Revision numerical results exist only as prose/tables/PDFs; no retained c7i/c7g 12-instance datasets or exact generating scripts found. paper/review/08-camera-ready-eval-issues-2026-10-04.md:15; author-local /Users/ruoji/.../github/bpf-kinsn/paper/revisions/2026-10-03-sec6-rerun/results.md (unreachable)
C0373,revision,body,missing raw,paper/revision/sections/6-evaluation.tex,42,"We measure application throughput after the service and datapath are ready, using 12 independent instances per configuration. Each Cilium instance warms up for 180 seconds before three 180-second measurement windows, with the Cilium agent paused during measurement. Katran uses a 30-second warmup followed by three 30-second windows. The main measurements disable BPF runtime statistics and CPU sampling. Throughput is the sum of the rates of packets accepted by the transmitting interface, as reported by the two pktgen threads. We average the three windows within each instance, then aggregate the 12 instance experiments. We compute 95\% confidence intervals for throughput ratios by jointly resampling 12 experiment batches, each containing a separate instance for every configuration.","numerical claim: We measure application throughput after the service and datapath are ready, using 12 independent instances per configuration. Each Cilium instance warms up for 180 seconds before three 180-second measurement windows, with the Cilium agent paused during measurement. Katran uses a 30-second warmup followed by three 30-second windows. The main measurements disable BPF runtime statistics and CPU sampling. Throughput is the sum of the rates of packets accepted by the transmitting interface, as reported by the two pktgen threads. We average the three windows within each instance, then aggregate the 12 instance experiments. We compute 95\% confidence intervals for throughput ratios by jointly resampling 12 experiment batches, each containing a separate instance for every configuration.",12; 180; 180; 30; 30; 12; 95; 12,,,no raw data in reachable repositories,October 2026 rerun; report directory dated 2026-10-03; exact collection dates unavailable,"EC2 c7i.large (x86 Sapphire Rapids) / c7g.large (ARM64 Graviton3), paper-declared",not recorded in reachable evidence,,paper/review/08-camera-ready-eval-issues-2026-10-04.md:15; author-local /Users/ruoji/.../github/bpf-kinsn/paper/revisions/2026-10-03-sec6-rerun/results.md (unreachable),no,,no raw data in reachable repositories,,Revision numerical results exist only as prose/tables/PDFs; no retained c7i/c7g 12-instance datasets or exact generating scripts found. paper/review/08-camera-ready-eval-issues-2026-10-04.md:15; author-local /Users/ruoji/.../github/bpf-kinsn/paper/revisions/2026-10-03-sec6-rerun/results.md (unreachable)
C0374,revision,body,missing raw,paper/revision/sections/6-evaluation.tex,44,"Table~\ref{tab:eval-application-throughput} reports throughput relative to the eBPF JIT. For Cilium, enabling all optimizations yields 0.970 times the throughput obtained without bulk memory access (95\% confidence interval: [0.874, 1.083]). For Katran, adding memory optimizations to the register optimizations yields a throughput ratio of 1.006 (95\% confidence interval: [0.997, 1.015]).","numerical claim: Table~\ref{tab:eval-application-throughput} reports throughput relative to the eBPF JIT. For Cilium, enabling all optimizations yields 0.970 times the throughput obtained without bulk memory access (95\% confidence interval: [0.874, 1.083]). For Katran, adding memory optimizations to the register optimizations yields a throughput ratio of 1.006 (95\% confidence interval: [0.997, 1.015]).",0.970; 95; 0.874; 1.083; 1.006; 95; 0.997; 1.015,,,no raw data in reachable repositories,October 2026 rerun; report directory dated 2026-10-03; exact collection dates unavailable,"EC2 c7i.large (x86 Sapphire Rapids) / c7g.large (ARM64 Graviton3), paper-declared",not recorded in reachable evidence,,paper/review/08-camera-ready-eval-issues-2026-10-04.md:15; author-local /Users/ruoji/.../github/bpf-kinsn/paper/revisions/2026-10-03-sec6-rerun/results.md (unreachable),no,,no raw data in reachable repositories,,Revision numerical results exist only as prose/tables/PDFs; no retained c7i/c7g 12-instance datasets or exact generating scripts found. paper/review/08-camera-ready-eval-issues-2026-10-04.md:15; author-local /Users/ruoji/.../github/bpf-kinsn/paper/revisions/2026-10-03-sec6-rerun/results.md (unreachable)
C0375,revision,body,missing raw,paper/revision/sections/6-evaluation.tex,46,"To measure where CPU time is spent, we sample application code and the kernel functions it calls in separate experiments. For each Katran configuration, three fresh instances each warm up for 30 seconds before a 30-second traffic experiment with sampling. Table~\ref{tab:eval-katran-profile} reports the results. Cilium's corresponding samples appear alongside the native-compilation comparison in \S\ref{subsec:native-comparison}.","numerical claim: To measure where CPU time is spent, we sample application code and the kernel functions it calls in separate experiments. For each Katran configuration, three fresh instances each warm up for 30 seconds before a 30-second traffic experiment with sampling. Table~\ref{tab:eval-katran-profile} reports the results. Cilium's corresponding samples appear alongside the native-compilation comparison in \S\ref{subsec:native-comparison}.",30; 30,,,no raw data in reachable repositories,October 2026 rerun; report directory dated 2026-10-03; exact collection dates unavailable,"EC2 c7i.large (x86 Sapphire Rapids) / c7g.large (ARM64 Graviton3), paper-declared",not recorded in reachable evidence,,paper/review/08-camera-ready-eval-issues-2026-10-04.md:15; author-local /Users/ruoji/.../github/bpf-kinsn/paper/revisions/2026-10-03-sec6-rerun/results.md (unreachable),no,,no raw data in reachable repositories,,Revision numerical results exist only as prose/tables/PDFs; no retained c7i/c7g 12-instance datasets or exact generating scripts found. paper/review/08-camera-ready-eval-issues-2026-10-04.md:15; author-local /Users/ruoji/.../github/bpf-kinsn/paper/revisions/2026-10-03-sec6-rerun/results.md (unreachable)
C0376,revision,body,missing raw,paper/revision/sections/6-evaluation.tex,53,"Local optimization adds work before program execution, so we measure the combined cost of rewriting and first loading. Using the 27 programs from \S\ref{subsec:micro_benchmark}, we compare \tool with and without \kinsn rewriting. Starting from existing bytecode, the timed stages cover userspace rewriting, reading the rewritten program, and the first object load. Object loading includes extension-target resolution and the program-loading call, which performs kernel verification and JIT compilation.","numerical claim: Local optimization adds work before program execution, so we measure the combined cost of rewriting and first loading. Using the 27 programs from \S\ref{subsec:micro_benchmark}, we compare \tool with and without \kinsn rewriting. Starting from existing bytecode, the timed stages cover userspace rewriting, reading the rewritten program, and the first object load. Object loading includes extension-target resolution and the program-loading call, which performs kernel verification and JIT compilation.",27,,,no raw data in reachable repositories,October 2026 rerun; report directory dated 2026-10-03; exact collection dates unavailable,"EC2 c7i.large (x86 Sapphire Rapids) / c7g.large (ARM64 Graviton3), paper-declared",not recorded in reachable evidence,,paper/review/08-camera-ready-eval-issues-2026-10-04.md:15; author-local /Users/ruoji/.../github/bpf-kinsn/paper/revisions/2026-10-03-sec6-rerun/results.md (unreachable),no,,no raw data in reachable repositories,,Revision numerical results exist only as prose/tables/PDFs; no retained c7i/c7g 12-instance datasets or exact generating scripts found. paper/review/08-camera-ready-eval-issues-2026-10-04.md:15; author-local /Users/ruoji/.../github/bpf-kinsn/paper/revisions/2026-10-03-sec6-rerun/results.md (unreachable)
C0377,revision,body,missing raw,paper/revision/sections/6-evaluation.tex,55,"Rewriting and first loading typically take tens of milliseconds in the current implementation. Table~\ref{tab:eval-preparation-cost} summarizes the mean costs of the 27 programs. With \kinsn rewriting, the median cost is 35.6\,ms on x86-64 and 34.2\,ms on ARM64. The median per-program increase over the configuration without \kinsn rewriting is 9.2\,ms and 10.0\,ms, respectively.","numerical claim: Rewriting and first loading typically take tens of milliseconds in the current implementation. Table~\ref{tab:eval-preparation-cost} summarizes the mean costs of the 27 programs. With \kinsn rewriting, the median cost is 35.6\,ms on x86-64 and 34.2\,ms on ARM64. The median per-program increase over the configuration without \kinsn rewriting is 9.2\,ms and 10.0\,ms, respectively.",27; 35.6; 34.2; 9.2; 10.0,,,no raw data in reachable repositories,October 2026 rerun; report directory dated 2026-10-03; exact collection dates unavailable,"EC2 c7i.large (x86 Sapphire Rapids) / c7g.large (ARM64 Graviton3), paper-declared",not recorded in reachable evidence,,paper/review/08-camera-ready-eval-issues-2026-10-04.md:15; author-local /Users/ruoji/.../github/bpf-kinsn/paper/revisions/2026-10-03-sec6-rerun/results.md (unreachable),no,,no raw data in reachable repositories,,Revision numerical results exist only as prose/tables/PDFs; no retained c7i/c7g 12-instance datasets or exact generating scripts found. paper/review/08-camera-ready-eval-issues-2026-10-04.md:15; author-local /Users/ruoji/.../github/bpf-kinsn/paper/revisions/2026-10-03-sec6-rerun/results.md (unreachable)
C0378,revision,body,missing raw,paper/revision/sections/6-evaluation.tex,57,"The typical additional cost comes mainly from the loader's lookup of kernel implementations for \kinsns. The current loader resolves BTF information afresh on each load, taking a median of 9.1\,ms across programs on x86-64 and 9.9\,ms on ARM64. In comparison, the median increase in userspace rewriting time is 0.12\,ms and 0.14\,ms. Some x86-64 programs are recompiled after checks of rewriting conditions, adding to rewriting cost. The Katran microbenchmark's 46.2\,ms increase includes 36.6\,ms of rewriting.","numerical claim: The typical additional cost comes mainly from the loader's lookup of kernel implementations for \kinsns. The current loader resolves BTF information afresh on each load, taking a median of 9.1\,ms across programs on x86-64 and 9.9\,ms on ARM64. In comparison, the median increase in userspace rewriting time is 0.12\,ms and 0.14\,ms. Some x86-64 programs are recompiled after checks of rewriting conditions, adding to rewriting cost. The Katran microbenchmark's 46.2\,ms increase includes 36.6\,ms of rewriting.",9.1; 9.9; 0.12; 0.14; 46.2; 36.6,,,no raw data in reachable repositories,October 2026 rerun; report directory dated 2026-10-03; exact collection dates unavailable,"EC2 c7i.large (x86 Sapphire Rapids) / c7g.large (ARM64 Graviton3), paper-declared",not recorded in reachable evidence,,paper/review/08-camera-ready-eval-issues-2026-10-04.md:15; author-local /Users/ruoji/.../github/bpf-kinsn/paper/revisions/2026-10-03-sec6-rerun/results.md (unreachable),no,,no raw data in reachable repositories,,Revision numerical results exist only as prose/tables/PDFs; no retained c7i/c7g 12-instance datasets or exact generating scripts found. paper/review/08-camera-ready-eval-issues-2026-10-04.md:15; author-local /Users/ruoji/.../github/bpf-kinsn/paper/revisions/2026-10-03-sec6-rerun/results.md (unreachable)
C0379,revision,body,missing raw,paper/revision/sections/6-evaluation.tex,59,"Program loading is also a substantial part of preparation cost. For the string-search benchmark, which has the highest total cost, the program-loading call takes 85.8\,ms on x86-64 and 121.8\,ms on ARM64. These times include libbpf processing, kernel verification, and JIT compilation.","numerical claim: Program loading is also a substantial part of preparation cost. For the string-search benchmark, which has the highest total cost, the program-loading call takes 85.8\,ms on x86-64 and 121.8\,ms on ARM64. These times include libbpf processing, kernel verification, and JIT compilation.",85.8; 121.8,,,no raw data in reachable repositories,October 2026 rerun; report directory dated 2026-10-03; exact collection dates unavailable,"EC2 c7i.large (x86 Sapphire Rapids) / c7g.large (ARM64 Graviton3), paper-declared",not recorded in reachable evidence,,paper/review/08-camera-ready-eval-issues-2026-10-04.md:15; author-local /Users/ruoji/.../github/bpf-kinsn/paper/revisions/2026-10-03-sec6-rerun/results.md (unreachable),no,,no raw data in reachable repositories,,Revision numerical results exist only as prose/tables/PDFs; no retained c7i/c7g 12-instance datasets or exact generating scripts found. paper/review/08-camera-ready-eval-issues-2026-10-04.md:15; author-local /Users/ruoji/.../github/bpf-kinsn/paper/revisions/2026-10-03-sec6-rerun/results.md (unreachable)
C0380,revision,body,missing raw,paper/revision/sections/6-evaluation.tex,67,"We use whole-program native compilation as a reference to compare local optimization with broader compiler optimization in an application. This experiment uses the same Cilium version and configuration as \S\ref{subsec:corpus_application}, compiles its BPF source directly to native code, and adapts the calling convention, helper calls, context access, and configuration access. Native compilation uses Clang 18.1.3 at \texttt{-O3}, targets Sapphire Rapids, and uses only general-purpose registers to meet kernel execution constraints.","numerical claim: We use whole-program native compilation as a reference to compare local optimization with broader compiler optimization in an application. This experiment uses the same Cilium version and configuration as \S\ref{subsec:corpus_application}, compiles its BPF source directly to native code, and adapts the calling convention, helper calls, context access, and configuration access. Native compilation uses Clang 18.1.3 at \texttt{-O3}, targets Sapphire Rapids, and uses only general-purpose registers to meet kernel execution constraints.",18.1; 3,,,no raw data in reachable repositories,October 2026 rerun; report directory dated 2026-10-03; exact collection dates unavailable,"EC2 c7i.large (x86 Sapphire Rapids) / c7g.large (ARM64 Graviton3), paper-declared",not recorded in reachable evidence,,paper/review/08-camera-ready-eval-issues-2026-10-04.md:15; author-local /Users/ruoji/.../github/bpf-kinsn/paper/revisions/2026-10-03-sec6-rerun/results.md (unreachable),no,,no raw data in reachable repositories,,Revision numerical results exist only as prose/tables/PDFs; no retained c7i/c7g 12-instance datasets or exact generating scripts found. paper/review/08-camera-ready-eval-issues-2026-10-04.md:15; author-local /Users/ruoji/.../github/bpf-kinsn/paper/revisions/2026-10-03-sec6-rerun/results.md (unreachable)
C0381,revision,body,missing raw,paper/revision/sections/6-evaluation.tex,71,"The native configuration uses the workload and throughput measurement procedure from \S\ref{subsec:corpus_application}, achieving a mean throughput of 0.578\,Mpps. Table~\ref{tab:eval-native-comparison} compares it directly with the eBPF JIT and both \tool configurations.","numerical claim: The native configuration uses the workload and throughput measurement procedure from \S\ref{subsec:corpus_application}, achieving a mean throughput of 0.578\,Mpps. Table~\ref{tab:eval-native-comparison} compares it directly with the eBPF JIT and both \tool configurations.",0.578,,,no raw data in reachable repositories,October 2026 rerun; report directory dated 2026-10-03; exact collection dates unavailable,"EC2 c7i.large (x86 Sapphire Rapids) / c7g.large (ARM64 Graviton3), paper-declared",not recorded in reachable evidence,,paper/review/08-camera-ready-eval-issues-2026-10-04.md:15; author-local /Users/ruoji/.../github/bpf-kinsn/paper/revisions/2026-10-03-sec6-rerun/results.md (unreachable),no,,no raw data in reachable repositories,,Revision numerical results exist only as prose/tables/PDFs; no retained c7i/c7g 12-instance datasets or exact generating scripts found. paper/review/08-camera-ready-eval-issues-2026-10-04.md:15; author-local /Users/ruoji/.../github/bpf-kinsn/paper/revisions/2026-10-03-sec6-rerun/results.md (unreachable)
C0382,revision,body,missing raw,paper/revision/sections/6-evaluation.tex,73,"We also sample CPU time for the eBPF JIT, \tool with all seven optimization categories, and whole-program native compilation. Each configuration uses three fresh instances, with a 180-second warmup followed by one 180-second sampling window. Table~\ref{tab:eval-cilium-profile} reports the sampled costs of application code and map operations.","numerical claim: We also sample CPU time for the eBPF JIT, \tool with all seven optimization categories, and whole-program native compilation. Each configuration uses three fresh instances, with a 180-second warmup followed by one 180-second sampling window. Table~\ref{tab:eval-cilium-profile} reports the sampled costs of application code and map operations.",180; 180,,,no raw data in reachable repositories,October 2026 rerun; report directory dated 2026-10-03; exact collection dates unavailable,"EC2 c7i.large (x86 Sapphire Rapids) / c7g.large (ARM64 Graviton3), paper-declared",not recorded in reachable evidence,,paper/review/08-camera-ready-eval-issues-2026-10-04.md:15; author-local /Users/ruoji/.../github/bpf-kinsn/paper/revisions/2026-10-03-sec6-rerun/results.md (unreachable),no,,no raw data in reachable repositories,,Revision numerical results exist only as prose/tables/PDFs; no retained c7i/c7g 12-instance datasets or exact generating scripts found. paper/review/08-camera-ready-eval-issues-2026-10-04.md:15; author-local /Users/ruoji/.../github/bpf-kinsn/paper/revisions/2026-10-03-sec6-rerun/results.md (unreachable)
C0383,revision,body,missing raw,paper/revision/tables/sec-3-micro-summary.tex,4,"\caption{Execution-time ratios on x86-64 and ARM64. Each entry is the geometric mean of the 27 ratios of mean per-call execution times, with the numerator and denominator given in the first column. Values above 1 indicate a slower numerator path.}","numerical claim: \caption{Execution-time ratios on x86-64 and ARM64. Each entry is the geometric mean of the 27 ratios of mean per-call execution times, with the numerator and denominator given in the first column. Values above 1 indicate a slower numerator path.}",27; 1,,,no raw data in reachable repositories,October 2026 rerun; report directory dated 2026-10-03; exact collection dates unavailable,"EC2 c7i.large (x86 Sapphire Rapids) / c7g.large (ARM64 Graviton3), paper-declared",not recorded in reachable evidence,,paper/review/08-camera-ready-eval-issues-2026-10-04.md:15; author-local /Users/ruoji/.../github/bpf-kinsn/paper/revisions/2026-10-03-sec6-rerun/results.md (unreachable),no,,no raw data in reachable repositories,,Revision numerical results exist only as prose/tables/PDFs; no retained c7i/c7g 12-instance datasets or exact generating scripts found. paper/review/08-camera-ready-eval-issues-2026-10-04.md:15; author-local /Users/ruoji/.../github/bpf-kinsn/paper/revisions/2026-10-03-sec6-rerun/results.md (unreachable)
C0384,revision,body,missing raw,paper/revision/tables/sec-3-micro-summary.tex,10,Kernel native / user-space native & 1.055 & 1.154 \\,"table sec-3-micro-summary, Kernel native / user-space native, column 1: 1.055",1.055,,,no raw data in reachable repositories,October 2026 rerun; report directory dated 2026-10-03; exact collection dates unavailable,"EC2 c7i.large (x86 Sapphire Rapids) / c7g.large (ARM64 Graviton3), paper-declared",not recorded in reachable evidence,,paper/review/08-camera-ready-eval-issues-2026-10-04.md:15; author-local /Users/ruoji/.../github/bpf-kinsn/paper/revisions/2026-10-03-sec6-rerun/results.md (unreachable),no,,no raw data in reachable repositories,,Revision numerical results exist only as prose/tables/PDFs; no retained c7i/c7g 12-instance datasets or exact generating scripts found. paper/review/08-camera-ready-eval-issues-2026-10-04.md:15; author-local /Users/ruoji/.../github/bpf-kinsn/paper/revisions/2026-10-03-sec6-rerun/results.md (unreachable)
C0385,revision,body,missing raw,paper/revision/tables/sec-3-micro-summary.tex,10,Kernel native / user-space native & 1.055 & 1.154 \\,"table sec-3-micro-summary, Kernel native / user-space native, column 2: 1.154 \\",1.154,,,no raw data in reachable repositories,October 2026 rerun; report directory dated 2026-10-03; exact collection dates unavailable,"EC2 c7i.large (x86 Sapphire Rapids) / c7g.large (ARM64 Graviton3), paper-declared",not recorded in reachable evidence,,paper/review/08-camera-ready-eval-issues-2026-10-04.md:15; author-local /Users/ruoji/.../github/bpf-kinsn/paper/revisions/2026-10-03-sec6-rerun/results.md (unreachable),no,,no raw data in reachable repositories,,Revision numerical results exist only as prose/tables/PDFs; no retained c7i/c7g 12-instance datasets or exact generating scripts found. paper/review/08-camera-ready-eval-issues-2026-10-04.md:15; author-local /Users/ruoji/.../github/bpf-kinsn/paper/revisions/2026-10-03-sec6-rerun/results.md (unreachable)
C0386,revision,body,missing raw,paper/revision/tables/sec-3-micro-summary.tex,12,eBPF JIT / kernel native & 1.622 & 1.773 \\,"table sec-3-micro-summary, eBPF JIT / kernel native, column 1: 1.622",1.622,,,no raw data in reachable repositories,October 2026 rerun; report directory dated 2026-10-03; exact collection dates unavailable,"EC2 c7i.large (x86 Sapphire Rapids) / c7g.large (ARM64 Graviton3), paper-declared",not recorded in reachable evidence,,paper/review/08-camera-ready-eval-issues-2026-10-04.md:15; author-local /Users/ruoji/.../github/bpf-kinsn/paper/revisions/2026-10-03-sec6-rerun/results.md (unreachable),no,,no raw data in reachable repositories,,Revision numerical results exist only as prose/tables/PDFs; no retained c7i/c7g 12-instance datasets or exact generating scripts found. paper/review/08-camera-ready-eval-issues-2026-10-04.md:15; author-local /Users/ruoji/.../github/bpf-kinsn/paper/revisions/2026-10-03-sec6-rerun/results.md (unreachable)
C0387,revision,body,missing raw,paper/revision/tables/sec-3-micro-summary.tex,12,eBPF JIT / kernel native & 1.622 & 1.773 \\,"table sec-3-micro-summary, eBPF JIT / kernel native, column 2: 1.773 \\",1.773,,,no raw data in reachable repositories,October 2026 rerun; report directory dated 2026-10-03; exact collection dates unavailable,"EC2 c7i.large (x86 Sapphire Rapids) / c7g.large (ARM64 Graviton3), paper-declared",not recorded in reachable evidence,,paper/review/08-camera-ready-eval-issues-2026-10-04.md:15; author-local /Users/ruoji/.../github/bpf-kinsn/paper/revisions/2026-10-03-sec6-rerun/results.md (unreachable),no,,no raw data in reachable repositories,,Revision numerical results exist only as prose/tables/PDFs; no retained c7i/c7g 12-instance datasets or exact generating scripts found. paper/review/08-camera-ready-eval-issues-2026-10-04.md:15; author-local /Users/ruoji/.../github/bpf-kinsn/paper/revisions/2026-10-03-sec6-rerun/results.md (unreachable)
C0388,revision,body,missing raw,paper/revision/tables/sec-3-micro-summary.tex,14,LLVM-BPF / user-space native & 1.068 & 1.054 \\,"table sec-3-micro-summary, LLVM-BPF / user-space native, column 1: 1.068",1.068,,,no raw data in reachable repositories,October 2026 rerun; report directory dated 2026-10-03; exact collection dates unavailable,"EC2 c7i.large (x86 Sapphire Rapids) / c7g.large (ARM64 Graviton3), paper-declared",not recorded in reachable evidence,,paper/review/08-camera-ready-eval-issues-2026-10-04.md:15; author-local /Users/ruoji/.../github/bpf-kinsn/paper/revisions/2026-10-03-sec6-rerun/results.md (unreachable),no,,no raw data in reachable repositories,,Revision numerical results exist only as prose/tables/PDFs; no retained c7i/c7g 12-instance datasets or exact generating scripts found. paper/review/08-camera-ready-eval-issues-2026-10-04.md:15; author-local /Users/ruoji/.../github/bpf-kinsn/paper/revisions/2026-10-03-sec6-rerun/results.md (unreachable)
C0389,revision,body,missing raw,paper/revision/tables/sec-3-micro-summary.tex,14,LLVM-BPF / user-space native & 1.068 & 1.054 \\,"table sec-3-micro-summary, LLVM-BPF / user-space native, column 2: 1.054 \\",1.054,,,no raw data in reachable repositories,October 2026 rerun; report directory dated 2026-10-03; exact collection dates unavailable,"EC2 c7i.large (x86 Sapphire Rapids) / c7g.large (ARM64 Graviton3), paper-declared",not recorded in reachable evidence,,paper/review/08-camera-ready-eval-issues-2026-10-04.md:15; author-local /Users/ruoji/.../github/bpf-kinsn/paper/revisions/2026-10-03-sec6-rerun/results.md (unreachable),no,,no raw data in reachable repositories,,Revision numerical results exist only as prose/tables/PDFs; no retained c7i/c7g 12-instance datasets or exact generating scripts found. paper/review/08-camera-ready-eval-issues-2026-10-04.md:15; author-local /Users/ruoji/.../github/bpf-kinsn/paper/revisions/2026-10-03-sec6-rerun/results.md (unreachable)
C0390,revision,body,missing raw,paper/revision/tables/sec-3-microbenchmarks.tex,17,\texttt{vlan} & Packet-header parsing & \texttt{str\_search} & Substring search & \texttt{fnv} & FNV-1a hashing \\,"table sec-3-microbenchmarks, \texttt{vlan}, column 5: FNV-1a hashing \\",1,,,no raw data in reachable repositories,October 2026 rerun; report directory dated 2026-10-03; exact collection dates unavailable,"EC2 c7i.large (x86 Sapphire Rapids) / c7g.large (ARM64 Graviton3), paper-declared",not recorded in reachable evidence,,paper/review/08-camera-ready-eval-issues-2026-10-04.md:15; author-local /Users/ruoji/.../github/bpf-kinsn/paper/revisions/2026-10-03-sec6-rerun/results.md (unreachable),no,,no raw data in reachable repositories,,Revision numerical results exist only as prose/tables/PDFs; no retained c7i/c7g 12-instance datasets or exact generating scripts found. paper/review/08-camera-ready-eval-issues-2026-10-04.md:15; author-local /Users/ruoji/.../github/bpf-kinsn/paper/revisions/2026-10-03-sec6-rerun/results.md (unreachable)
C0391,revision,body,missing raw,paper/revision/tables/sec-3-native-sequences.tex,10,\texttt{(b >{}> 1) \& 0x1f} & ARM64 & \texttt{LSR; AND} & \texttt{UBFX} \\,"table sec-3-native-sequences, \texttt{(b >{}> 1) \, column 1: 0x1f}",0 ; 1,,,no raw data in reachable repositories,October 2026 rerun; report directory dated 2026-10-03; exact collection dates unavailable,"EC2 c7i.large (x86 Sapphire Rapids) / c7g.large (ARM64 Graviton3), paper-declared",not recorded in reachable evidence,,paper/review/08-camera-ready-eval-issues-2026-10-04.md:15; author-local /Users/ruoji/.../github/bpf-kinsn/paper/revisions/2026-10-03-sec6-rerun/results.md (unreachable),no,,no raw data in reachable repositories,,Revision numerical results exist only as prose/tables/PDFs; no retained c7i/c7g 12-instance datasets or exact generating scripts found. paper/review/08-camera-ready-eval-issues-2026-10-04.md:15; author-local /Users/ruoji/.../github/bpf-kinsn/paper/revisions/2026-10-03-sec6-rerun/results.md (unreachable)
C0392,revision,body,missing raw,paper/revision/tables/sec-3-native-sequences.tex,10,\texttt{(b >{}> 1) \& 0x1f} & ARM64 & \texttt{LSR; AND} & \texttt{UBFX} \\,"table sec-3-native-sequences, \texttt{(b >{}> 1) \, column 2: ARM64",64,,,no raw data in reachable repositories,October 2026 rerun; report directory dated 2026-10-03; exact collection dates unavailable,"EC2 c7i.large (x86 Sapphire Rapids) / c7g.large (ARM64 Graviton3), paper-declared",not recorded in reachable evidence,,paper/review/08-camera-ready-eval-issues-2026-10-04.md:15; author-local /Users/ruoji/.../github/bpf-kinsn/paper/revisions/2026-10-03-sec6-rerun/results.md (unreachable),no,,no raw data in reachable repositories,,Revision numerical results exist only as prose/tables/PDFs; no retained c7i/c7g 12-instance datasets or exact generating scripts found. paper/review/08-camera-ready-eval-issues-2026-10-04.md:15; author-local /Users/ruoji/.../github/bpf-kinsn/paper/revisions/2026-10-03-sec6-rerun/results.md (unreachable)
C0393,revision,body,missing raw,paper/revision/tables/sec-3-native-sequences.tex,11,Big-endian 16-bit read & x86-64 & \texttt{MOVZX} $\times$ 2\texttt{; SHL; OR; AND} & \texttt{MOVBE; MOVZX} \\,"table sec-3-native-sequences, Big-endian 16-bit read, column 1: x86-64",86 ; 64,,,no raw data in reachable repositories,October 2026 rerun; report directory dated 2026-10-03; exact collection dates unavailable,"EC2 c7i.large (x86 Sapphire Rapids) / c7g.large (ARM64 Graviton3), paper-declared",not recorded in reachable evidence,,paper/review/08-camera-ready-eval-issues-2026-10-04.md:15; author-local /Users/ruoji/.../github/bpf-kinsn/paper/revisions/2026-10-03-sec6-rerun/results.md (unreachable),no,,no raw data in reachable repositories,,Revision numerical results exist only as prose/tables/PDFs; no retained c7i/c7g 12-instance datasets or exact generating scripts found. paper/review/08-camera-ready-eval-issues-2026-10-04.md:15; author-local /Users/ruoji/.../github/bpf-kinsn/paper/revisions/2026-10-03-sec6-rerun/results.md (unreachable)
C0394,revision,body,missing raw,paper/revision/tables/sec-3-native-sequences.tex,11,Big-endian 16-bit read & x86-64 & \texttt{MOVZX} $\times$ 2\texttt{; SHL; OR; AND} & \texttt{MOVBE; MOVZX} \\,"table sec-3-native-sequences, Big-endian 16-bit read, column 2: \texttt{MOVZX} $\times$ 2\texttt{; SHL; OR; AND}",2,,,no raw data in reachable repositories,October 2026 rerun; report directory dated 2026-10-03; exact collection dates unavailable,"EC2 c7i.large (x86 Sapphire Rapids) / c7g.large (ARM64 Graviton3), paper-declared",not recorded in reachable evidence,,paper/review/08-camera-ready-eval-issues-2026-10-04.md:15; author-local /Users/ruoji/.../github/bpf-kinsn/paper/revisions/2026-10-03-sec6-rerun/results.md (unreachable),no,,no raw data in reachable repositories,,Revision numerical results exist only as prose/tables/PDFs; no retained c7i/c7g 12-instance datasets or exact generating scripts found. paper/review/08-camera-ready-eval-issues-2026-10-04.md:15; author-local /Users/ruoji/.../github/bpf-kinsn/paper/revisions/2026-10-03-sec6-rerun/results.md (unreachable)
C0395,revision,body,missing raw,paper/revision/tables/sec-3-native-sequences.tex,12,Big-endian 16-bit read & ARM64 & \texttt{LDRB} $\times$ 2\texttt{; LSL; ORR; AND} & \texttt{LDRH; REV16} \\,"table sec-3-native-sequences, Big-endian 16-bit read, column 1: ARM64",64,,,no raw data in reachable repositories,October 2026 rerun; report directory dated 2026-10-03; exact collection dates unavailable,"EC2 c7i.large (x86 Sapphire Rapids) / c7g.large (ARM64 Graviton3), paper-declared",not recorded in reachable evidence,,paper/review/08-camera-ready-eval-issues-2026-10-04.md:15; author-local /Users/ruoji/.../github/bpf-kinsn/paper/revisions/2026-10-03-sec6-rerun/results.md (unreachable),no,,no raw data in reachable repositories,,Revision numerical results exist only as prose/tables/PDFs; no retained c7i/c7g 12-instance datasets or exact generating scripts found. paper/review/08-camera-ready-eval-issues-2026-10-04.md:15; author-local /Users/ruoji/.../github/bpf-kinsn/paper/revisions/2026-10-03-sec6-rerun/results.md (unreachable)
C0396,revision,body,missing raw,paper/revision/tables/sec-3-native-sequences.tex,12,Big-endian 16-bit read & ARM64 & \texttt{LDRB} $\times$ 2\texttt{; LSL; ORR; AND} & \texttt{LDRH; REV16} \\,"table sec-3-native-sequences, Big-endian 16-bit read, column 2: \texttt{LDRB} $\times$ 2\texttt{; LSL; ORR; AND}",2,,,no raw data in reachable repositories,October 2026 rerun; report directory dated 2026-10-03; exact collection dates unavailable,"EC2 c7i.large (x86 Sapphire Rapids) / c7g.large (ARM64 Graviton3), paper-declared",not recorded in reachable evidence,,paper/review/08-camera-ready-eval-issues-2026-10-04.md:15; author-local /Users/ruoji/.../github/bpf-kinsn/paper/revisions/2026-10-03-sec6-rerun/results.md (unreachable),no,,no raw data in reachable repositories,,Revision numerical results exist only as prose/tables/PDFs; no retained c7i/c7g 12-instance datasets or exact generating scripts found. paper/review/08-camera-ready-eval-issues-2026-10-04.md:15; author-local /Users/ruoji/.../github/bpf-kinsn/paper/revisions/2026-10-03-sec6-rerun/results.md (unreachable)
C0397,revision,body,missing raw,paper/revision/tables/sec-3-native-sequences.tex,12,Big-endian 16-bit read & ARM64 & \texttt{LDRB} $\times$ 2\texttt{; LSL; ORR; AND} & \texttt{LDRH; REV16} \\,"table sec-3-native-sequences, Big-endian 16-bit read, column 3: \texttt{LDRH; REV16} \\",16,,,no raw data in reachable repositories,October 2026 rerun; report directory dated 2026-10-03; exact collection dates unavailable,"EC2 c7i.large (x86 Sapphire Rapids) / c7g.large (ARM64 Graviton3), paper-declared",not recorded in reachable evidence,,paper/review/08-camera-ready-eval-issues-2026-10-04.md:15; author-local /Users/ruoji/.../github/bpf-kinsn/paper/revisions/2026-10-03-sec6-rerun/results.md (unreachable),no,,no raw data in reachable repositories,,Revision numerical results exist only as prose/tables/PDFs; no retained c7i/c7g 12-instance datasets or exact generating scripts found. paper/review/08-camera-ready-eval-issues-2026-10-04.md:15; author-local /Users/ruoji/.../github/bpf-kinsn/paper/revisions/2026-10-03-sec6-rerun/results.md (unreachable)
C0398,revision,body,missing raw,paper/revision/tables/sec-6-application-throughput.tex,4,\caption{Application throughput in millions of packets accepted by the sending interfaces per second (Mpps). Relative rates divide each configuration's mean by the application's eBPF JIT mean. Brackets give 95\% confidence intervals.},numerical claim: \caption{Application throughput in millions of packets accepted by the sending interfaces per second (Mpps). Relative rates divide each configuration's mean by the application's eBPF JIT mean. Brackets give 95\% confidence intervals.},95,,,no raw data in reachable repositories,October 2026 rerun; report directory dated 2026-10-03; exact collection dates unavailable,"EC2 c7i.large (x86 Sapphire Rapids) / c7g.large (ARM64 Graviton3), paper-declared",not recorded in reachable evidence,,paper/review/08-camera-ready-eval-issues-2026-10-04.md:15; author-local /Users/ruoji/.../github/bpf-kinsn/paper/revisions/2026-10-03-sec6-rerun/results.md (unreachable),no,,no raw data in reachable repositories,,Revision numerical results exist only as prose/tables/PDFs; no retained c7i/c7g 12-instance datasets or exact generating scripts found. paper/review/08-camera-ready-eval-issues-2026-10-04.md:15; author-local /Users/ruoji/.../github/bpf-kinsn/paper/revisions/2026-10-03-sec6-rerun/results.md (unreachable)
C0399,revision,body,missing raw,paper/revision/tables/sec-6-application-throughput.tex,10,\textbf{Application} & \textbf{Configuration} & \textbf{Mean (Mpps)} & \textbf{Relative rate [95\% CI]} \\,"table sec-6-application-throughput, \textbf{Application}, column 3: \textbf{Relative rate [95\% CI]} \\",95,,,no raw data in reachable repositories,October 2026 rerun; report directory dated 2026-10-03; exact collection dates unavailable,"EC2 c7i.large (x86 Sapphire Rapids) / c7g.large (ARM64 Graviton3), paper-declared",not recorded in reachable evidence,,paper/review/08-camera-ready-eval-issues-2026-10-04.md:15; author-local /Users/ruoji/.../github/bpf-kinsn/paper/revisions/2026-10-03-sec6-rerun/results.md (unreachable),no,,no raw data in reachable repositories,,Revision numerical results exist only as prose/tables/PDFs; no retained c7i/c7g 12-instance datasets or exact generating scripts found. paper/review/08-camera-ready-eval-issues-2026-10-04.md:15; author-local /Users/ruoji/.../github/bpf-kinsn/paper/revisions/2026-10-03-sec6-rerun/results.md (unreachable)
C0400,revision,body,missing raw,paper/revision/tables/sec-6-application-throughput.tex,12,Cilium & eBPF JIT & 0.575 & 1.000 \\,"table sec-6-application-throughput, Cilium, column 2: 0.575",0.575,,,no raw data in reachable repositories,October 2026 rerun; report directory dated 2026-10-03; exact collection dates unavailable,"EC2 c7i.large (x86 Sapphire Rapids) / c7g.large (ARM64 Graviton3), paper-declared",not recorded in reachable evidence,,paper/review/08-camera-ready-eval-issues-2026-10-04.md:15; author-local /Users/ruoji/.../github/bpf-kinsn/paper/revisions/2026-10-03-sec6-rerun/results.md (unreachable),no,,no raw data in reachable repositories,,Revision numerical results exist only as prose/tables/PDFs; no retained c7i/c7g 12-instance datasets or exact generating scripts found. paper/review/08-camera-ready-eval-issues-2026-10-04.md:15; author-local /Users/ruoji/.../github/bpf-kinsn/paper/revisions/2026-10-03-sec6-rerun/results.md (unreachable)
C0401,revision,body,missing raw,paper/revision/tables/sec-6-application-throughput.tex,12,Cilium & eBPF JIT & 0.575 & 1.000 \\,"table sec-6-application-throughput, Cilium, column 3: 1.000 \\",1.000,,,no raw data in reachable repositories,October 2026 rerun; report directory dated 2026-10-03; exact collection dates unavailable,"EC2 c7i.large (x86 Sapphire Rapids) / c7g.large (ARM64 Graviton3), paper-declared",not recorded in reachable evidence,,paper/review/08-camera-ready-eval-issues-2026-10-04.md:15; author-local /Users/ruoji/.../github/bpf-kinsn/paper/revisions/2026-10-03-sec6-rerun/results.md (unreachable),no,,no raw data in reachable repositories,,Revision numerical results exist only as prose/tables/PDFs; no retained c7i/c7g 12-instance datasets or exact generating scripts found. paper/review/08-camera-ready-eval-issues-2026-10-04.md:15; author-local /Users/ruoji/.../github/bpf-kinsn/paper/revisions/2026-10-03-sec6-rerun/results.md (unreachable)
C0402,revision,body,missing raw,paper/revision/tables/sec-6-application-throughput.tex,13,"& All optimizations & 0.557 & 0.970 [0.871, 1.093] \\","table sec-6-application-throughput, preceding application, column 2: 0.557",0.557,,,no raw data in reachable repositories,October 2026 rerun; report directory dated 2026-10-03; exact collection dates unavailable,"EC2 c7i.large (x86 Sapphire Rapids) / c7g.large (ARM64 Graviton3), paper-declared",not recorded in reachable evidence,,paper/review/08-camera-ready-eval-issues-2026-10-04.md:15; author-local /Users/ruoji/.../github/bpf-kinsn/paper/revisions/2026-10-03-sec6-rerun/results.md (unreachable),no,,no raw data in reachable repositories,,Revision numerical results exist only as prose/tables/PDFs; no retained c7i/c7g 12-instance datasets or exact generating scripts found. paper/review/08-camera-ready-eval-issues-2026-10-04.md:15; author-local /Users/ruoji/.../github/bpf-kinsn/paper/revisions/2026-10-03-sec6-rerun/results.md (unreachable)
C0403,revision,body,missing raw,paper/revision/tables/sec-6-application-throughput.tex,13,"& All optimizations & 0.557 & 0.970 [0.871, 1.093] \\","table sec-6-application-throughput, preceding application, column 3: 0.970 [0.871, 1.093] \\",0.970 ; 0.871 ; 1.093,,,no raw data in reachable repositories,October 2026 rerun; report directory dated 2026-10-03; exact collection dates unavailable,"EC2 c7i.large (x86 Sapphire Rapids) / c7g.large (ARM64 Graviton3), paper-declared",not recorded in reachable evidence,,paper/review/08-camera-ready-eval-issues-2026-10-04.md:15; author-local /Users/ruoji/.../github/bpf-kinsn/paper/revisions/2026-10-03-sec6-rerun/results.md (unreachable),no,,no raw data in reachable repositories,,Revision numerical results exist only as prose/tables/PDFs; no retained c7i/c7g 12-instance datasets or exact generating scripts found. paper/review/08-camera-ready-eval-issues-2026-10-04.md:15; author-local /Users/ruoji/.../github/bpf-kinsn/paper/revisions/2026-10-03-sec6-rerun/results.md (unreachable)
C0404,revision,body,missing raw,paper/revision/tables/sec-6-application-throughput.tex,14,"& Without bulk memory access & 0.575 & 1.000 [0.932, 1.075] \\","table sec-6-application-throughput, preceding application, column 2: 0.575",0.575,,,no raw data in reachable repositories,October 2026 rerun; report directory dated 2026-10-03; exact collection dates unavailable,"EC2 c7i.large (x86 Sapphire Rapids) / c7g.large (ARM64 Graviton3), paper-declared",not recorded in reachable evidence,,paper/review/08-camera-ready-eval-issues-2026-10-04.md:15; author-local /Users/ruoji/.../github/bpf-kinsn/paper/revisions/2026-10-03-sec6-rerun/results.md (unreachable),no,,no raw data in reachable repositories,,Revision numerical results exist only as prose/tables/PDFs; no retained c7i/c7g 12-instance datasets or exact generating scripts found. paper/review/08-camera-ready-eval-issues-2026-10-04.md:15; author-local /Users/ruoji/.../github/bpf-kinsn/paper/revisions/2026-10-03-sec6-rerun/results.md (unreachable)
C0405,revision,body,missing raw,paper/revision/tables/sec-6-application-throughput.tex,14,"& Without bulk memory access & 0.575 & 1.000 [0.932, 1.075] \\","table sec-6-application-throughput, preceding application, column 3: 1.000 [0.932, 1.075] \\",1.000 ; 0.932 ; 1.075,,,no raw data in reachable repositories,October 2026 rerun; report directory dated 2026-10-03; exact collection dates unavailable,"EC2 c7i.large (x86 Sapphire Rapids) / c7g.large (ARM64 Graviton3), paper-declared",not recorded in reachable evidence,,paper/review/08-camera-ready-eval-issues-2026-10-04.md:15; author-local /Users/ruoji/.../github/bpf-kinsn/paper/revisions/2026-10-03-sec6-rerun/results.md (unreachable),no,,no raw data in reachable repositories,,Revision numerical results exist only as prose/tables/PDFs; no retained c7i/c7g 12-instance datasets or exact generating scripts found. paper/review/08-camera-ready-eval-issues-2026-10-04.md:15; author-local /Users/ruoji/.../github/bpf-kinsn/paper/revisions/2026-10-03-sec6-rerun/results.md (unreachable)
C0406,revision,body,missing raw,paper/revision/tables/sec-6-application-throughput.tex,16,Katran & eBPF JIT & 1.722 & 1.000 \\,"table sec-6-application-throughput, Katran, column 2: 1.722",1.722,,,no raw data in reachable repositories,October 2026 rerun; report directory dated 2026-10-03; exact collection dates unavailable,"EC2 c7i.large (x86 Sapphire Rapids) / c7g.large (ARM64 Graviton3), paper-declared",not recorded in reachable evidence,,paper/review/08-camera-ready-eval-issues-2026-10-04.md:15; author-local /Users/ruoji/.../github/bpf-kinsn/paper/revisions/2026-10-03-sec6-rerun/results.md (unreachable),no,,no raw data in reachable repositories,,Revision numerical results exist only as prose/tables/PDFs; no retained c7i/c7g 12-instance datasets or exact generating scripts found. paper/review/08-camera-ready-eval-issues-2026-10-04.md:15; author-local /Users/ruoji/.../github/bpf-kinsn/paper/revisions/2026-10-03-sec6-rerun/results.md (unreachable)
C0407,revision,body,missing raw,paper/revision/tables/sec-6-application-throughput.tex,16,Katran & eBPF JIT & 1.722 & 1.000 \\,"table sec-6-application-throughput, Katran, column 3: 1.000 \\",1.000,,,no raw data in reachable repositories,October 2026 rerun; report directory dated 2026-10-03; exact collection dates unavailable,"EC2 c7i.large (x86 Sapphire Rapids) / c7g.large (ARM64 Graviton3), paper-declared",not recorded in reachable evidence,,paper/review/08-camera-ready-eval-issues-2026-10-04.md:15; author-local /Users/ruoji/.../github/bpf-kinsn/paper/revisions/2026-10-03-sec6-rerun/results.md (unreachable),no,,no raw data in reachable repositories,,Revision numerical results exist only as prose/tables/PDFs; no retained c7i/c7g 12-instance datasets or exact generating scripts found. paper/review/08-camera-ready-eval-issues-2026-10-04.md:15; author-local /Users/ruoji/.../github/bpf-kinsn/paper/revisions/2026-10-03-sec6-rerun/results.md (unreachable)
C0408,revision,body,missing raw,paper/revision/tables/sec-6-application-throughput.tex,17,"& Register optimizations & 1.710 & 0.993 [0.988, 0.998] \\","table sec-6-application-throughput, preceding application, column 2: 1.710",1.710,,,no raw data in reachable repositories,October 2026 rerun; report directory dated 2026-10-03; exact collection dates unavailable,"EC2 c7i.large (x86 Sapphire Rapids) / c7g.large (ARM64 Graviton3), paper-declared",not recorded in reachable evidence,,paper/review/08-camera-ready-eval-issues-2026-10-04.md:15; author-local /Users/ruoji/.../github/bpf-kinsn/paper/revisions/2026-10-03-sec6-rerun/results.md (unreachable),no,,no raw data in reachable repositories,,Revision numerical results exist only as prose/tables/PDFs; no retained c7i/c7g 12-instance datasets or exact generating scripts found. paper/review/08-camera-ready-eval-issues-2026-10-04.md:15; author-local /Users/ruoji/.../github/bpf-kinsn/paper/revisions/2026-10-03-sec6-rerun/results.md (unreachable)
C0409,revision,body,missing raw,paper/revision/tables/sec-6-application-throughput.tex,17,"& Register optimizations & 1.710 & 0.993 [0.988, 0.998] \\","table sec-6-application-throughput, preceding application, column 3: 0.993 [0.988, 0.998] \\",0.993 ; 0.988 ; 0.998,,,no raw data in reachable repositories,October 2026 rerun; report directory dated 2026-10-03; exact collection dates unavailable,"EC2 c7i.large (x86 Sapphire Rapids) / c7g.large (ARM64 Graviton3), paper-declared",not recorded in reachable evidence,,paper/review/08-camera-ready-eval-issues-2026-10-04.md:15; author-local /Users/ruoji/.../github/bpf-kinsn/paper/revisions/2026-10-03-sec6-rerun/results.md (unreachable),no,,no raw data in reachable repositories,,Revision numerical results exist only as prose/tables/PDFs; no retained c7i/c7g 12-instance datasets or exact generating scripts found. paper/review/08-camera-ready-eval-issues-2026-10-04.md:15; author-local /Users/ruoji/.../github/bpf-kinsn/paper/revisions/2026-10-03-sec6-rerun/results.md (unreachable)
C0410,revision,body,missing raw,paper/revision/tables/sec-6-application-throughput.tex,18,"& Register and memory optimizations & 1.721 & 0.999 [0.993, 1.005] \\","table sec-6-application-throughput, preceding application, column 2: 1.721",1.721,,,no raw data in reachable repositories,October 2026 rerun; report directory dated 2026-10-03; exact collection dates unavailable,"EC2 c7i.large (x86 Sapphire Rapids) / c7g.large (ARM64 Graviton3), paper-declared",not recorded in reachable evidence,,paper/review/08-camera-ready-eval-issues-2026-10-04.md:15; author-local /Users/ruoji/.../github/bpf-kinsn/paper/revisions/2026-10-03-sec6-rerun/results.md (unreachable),no,,no raw data in reachable repositories,,Revision numerical results exist only as prose/tables/PDFs; no retained c7i/c7g 12-instance datasets or exact generating scripts found. paper/review/08-camera-ready-eval-issues-2026-10-04.md:15; author-local /Users/ruoji/.../github/bpf-kinsn/paper/revisions/2026-10-03-sec6-rerun/results.md (unreachable)
C0411,revision,body,missing raw,paper/revision/tables/sec-6-application-throughput.tex,18,"& Register and memory optimizations & 1.721 & 0.999 [0.993, 1.005] \\","table sec-6-application-throughput, preceding application, column 3: 0.999 [0.993, 1.005] \\",0.999 ; 0.993 ; 1.005,,,no raw data in reachable repositories,October 2026 rerun; report directory dated 2026-10-03; exact collection dates unavailable,"EC2 c7i.large (x86 Sapphire Rapids) / c7g.large (ARM64 Graviton3), paper-declared",not recorded in reachable evidence,,paper/review/08-camera-ready-eval-issues-2026-10-04.md:15; author-local /Users/ruoji/.../github/bpf-kinsn/paper/revisions/2026-10-03-sec6-rerun/results.md (unreachable),no,,no raw data in reachable repositories,,Revision numerical results exist only as prose/tables/PDFs; no retained c7i/c7g 12-instance datasets or exact generating scripts found. paper/review/08-camera-ready-eval-issues-2026-10-04.md:15; author-local /Users/ruoji/.../github/bpf-kinsn/paper/revisions/2026-10-03-sec6-rerun/results.md (unreachable)
C0412,revision,body,missing raw,paper/revision/tables/sec-6-cilium-profile.tex,12,"eBPF JIT & 208.5 (191.2--227.9) & 1,065.2 (1,027.3--2,233.9) \\","table sec-6-cilium-profile, eBPF JIT, column 1: 208.5 (191.2--227.9)",208.5 ; 191.2--227.9,,,no raw data in reachable repositories,October 2026 rerun; report directory dated 2026-10-03; exact collection dates unavailable,"EC2 c7i.large (x86 Sapphire Rapids) / c7g.large (ARM64 Graviton3), paper-declared",not recorded in reachable evidence,,paper/review/08-camera-ready-eval-issues-2026-10-04.md:15; author-local /Users/ruoji/.../github/bpf-kinsn/paper/revisions/2026-10-03-sec6-rerun/results.md (unreachable),no,,no raw data in reachable repositories,,Revision numerical results exist only as prose/tables/PDFs; no retained c7i/c7g 12-instance datasets or exact generating scripts found. paper/review/08-camera-ready-eval-issues-2026-10-04.md:15; author-local /Users/ruoji/.../github/bpf-kinsn/paper/revisions/2026-10-03-sec6-rerun/results.md (unreachable)
C0413,revision,body,missing raw,paper/revision/tables/sec-6-cilium-profile.tex,12,"eBPF JIT & 208.5 (191.2--227.9) & 1,065.2 (1,027.3--2,233.9) \\","table sec-6-cilium-profile, eBPF JIT, column 2: 1,065.2 (1,027.3--2,233.9) \\","1,065.2 ; 1,027.3--2 ; 233.9",,,no raw data in reachable repositories,October 2026 rerun; report directory dated 2026-10-03; exact collection dates unavailable,"EC2 c7i.large (x86 Sapphire Rapids) / c7g.large (ARM64 Graviton3), paper-declared",not recorded in reachable evidence,,paper/review/08-camera-ready-eval-issues-2026-10-04.md:15; author-local /Users/ruoji/.../github/bpf-kinsn/paper/revisions/2026-10-03-sec6-rerun/results.md (unreachable),no,,no raw data in reachable repositories,,Revision numerical results exist only as prose/tables/PDFs; no retained c7i/c7g 12-instance datasets or exact generating scripts found. paper/review/08-camera-ready-eval-issues-2026-10-04.md:15; author-local /Users/ruoji/.../github/bpf-kinsn/paper/revisions/2026-10-03-sec6-rerun/results.md (unreachable)
C0414,revision,body,missing raw,paper/revision/tables/sec-6-cilium-profile.tex,13,"All optimizations & 198.2 (189.3--213.3) & 1,093.8 (1,050.0--1,960.8) \\","table sec-6-cilium-profile, All optimizations, column 1: 198.2 (189.3--213.3)",198.2 ; 189.3--213.3,,,no raw data in reachable repositories,October 2026 rerun; report directory dated 2026-10-03; exact collection dates unavailable,"EC2 c7i.large (x86 Sapphire Rapids) / c7g.large (ARM64 Graviton3), paper-declared",not recorded in reachable evidence,,paper/review/08-camera-ready-eval-issues-2026-10-04.md:15; author-local /Users/ruoji/.../github/bpf-kinsn/paper/revisions/2026-10-03-sec6-rerun/results.md (unreachable),no,,no raw data in reachable repositories,,Revision numerical results exist only as prose/tables/PDFs; no retained c7i/c7g 12-instance datasets or exact generating scripts found. paper/review/08-camera-ready-eval-issues-2026-10-04.md:15; author-local /Users/ruoji/.../github/bpf-kinsn/paper/revisions/2026-10-03-sec6-rerun/results.md (unreachable)
C0415,revision,body,missing raw,paper/revision/tables/sec-6-cilium-profile.tex,13,"All optimizations & 198.2 (189.3--213.3) & 1,093.8 (1,050.0--1,960.8) \\","table sec-6-cilium-profile, All optimizations, column 2: 1,093.8 (1,050.0--1,960.8) \\","1,093.8 ; 1,050.0--1 ; 960.8",,,no raw data in reachable repositories,October 2026 rerun; report directory dated 2026-10-03; exact collection dates unavailable,"EC2 c7i.large (x86 Sapphire Rapids) / c7g.large (ARM64 Graviton3), paper-declared",not recorded in reachable evidence,,paper/review/08-camera-ready-eval-issues-2026-10-04.md:15; author-local /Users/ruoji/.../github/bpf-kinsn/paper/revisions/2026-10-03-sec6-rerun/results.md (unreachable),no,,no raw data in reachable repositories,,Revision numerical results exist only as prose/tables/PDFs; no retained c7i/c7g 12-instance datasets or exact generating scripts found. paper/review/08-camera-ready-eval-issues-2026-10-04.md:15; author-local /Users/ruoji/.../github/bpf-kinsn/paper/revisions/2026-10-03-sec6-rerun/results.md (unreachable)
C0416,revision,body,missing raw,paper/revision/tables/sec-6-cilium-profile.tex,14,"Whole-program native & 186.9 (186.1--188.6) & 1,074.6 (1,072.4--1,200.5) \\","table sec-6-cilium-profile, Whole-program native, column 1: 186.9 (186.1--188.6)",186.9 ; 186.1--188.6,,,no raw data in reachable repositories,October 2026 rerun; report directory dated 2026-10-03; exact collection dates unavailable,"EC2 c7i.large (x86 Sapphire Rapids) / c7g.large (ARM64 Graviton3), paper-declared",not recorded in reachable evidence,,paper/review/08-camera-ready-eval-issues-2026-10-04.md:15; author-local /Users/ruoji/.../github/bpf-kinsn/paper/revisions/2026-10-03-sec6-rerun/results.md (unreachable),no,,no raw data in reachable repositories,,Revision numerical results exist only as prose/tables/PDFs; no retained c7i/c7g 12-instance datasets or exact generating scripts found. paper/review/08-camera-ready-eval-issues-2026-10-04.md:15; author-local /Users/ruoji/.../github/bpf-kinsn/paper/revisions/2026-10-03-sec6-rerun/results.md (unreachable)
C0417,revision,body,missing raw,paper/revision/tables/sec-6-cilium-profile.tex,14,"Whole-program native & 186.9 (186.1--188.6) & 1,074.6 (1,072.4--1,200.5) \\","table sec-6-cilium-profile, Whole-program native, column 2: 1,074.6 (1,072.4--1,200.5) \\","1,074.6 ; 1,072.4--1 ; 200.5",,,no raw data in reachable repositories,October 2026 rerun; report directory dated 2026-10-03; exact collection dates unavailable,"EC2 c7i.large (x86 Sapphire Rapids) / c7g.large (ARM64 Graviton3), paper-declared",not recorded in reachable evidence,,paper/review/08-camera-ready-eval-issues-2026-10-04.md:15; author-local /Users/ruoji/.../github/bpf-kinsn/paper/revisions/2026-10-03-sec6-rerun/results.md (unreachable),no,,no raw data in reachable repositories,,Revision numerical results exist only as prose/tables/PDFs; no retained c7i/c7g 12-instance datasets or exact generating scripts found. paper/review/08-camera-ready-eval-issues-2026-10-04.md:15; author-local /Users/ruoji/.../github/bpf-kinsn/paper/revisions/2026-10-03-sec6-rerun/results.md (unreachable)
C0418,revision,body,missing raw,paper/revision/tables/sec-6-katran-profile.tex,12,eBPF JIT & 116.3 (114.8--118.3) & 260.4 (259.8--265.4) \\,"table sec-6-katran-profile, eBPF JIT, column 1: 116.3 (114.8--118.3)",116.3 ; 114.8--118.3,,,no raw data in reachable repositories,October 2026 rerun; report directory dated 2026-10-03; exact collection dates unavailable,"EC2 c7i.large (x86 Sapphire Rapids) / c7g.large (ARM64 Graviton3), paper-declared",not recorded in reachable evidence,,paper/review/08-camera-ready-eval-issues-2026-10-04.md:15; author-local /Users/ruoji/.../github/bpf-kinsn/paper/revisions/2026-10-03-sec6-rerun/results.md (unreachable),no,,no raw data in reachable repositories,,Revision numerical results exist only as prose/tables/PDFs; no retained c7i/c7g 12-instance datasets or exact generating scripts found. paper/review/08-camera-ready-eval-issues-2026-10-04.md:15; author-local /Users/ruoji/.../github/bpf-kinsn/paper/revisions/2026-10-03-sec6-rerun/results.md (unreachable)
C0419,revision,body,missing raw,paper/revision/tables/sec-6-katran-profile.tex,12,eBPF JIT & 116.3 (114.8--118.3) & 260.4 (259.8--265.4) \\,"table sec-6-katran-profile, eBPF JIT, column 2: 260.4 (259.8--265.4) \\",260.4 ; 259.8--265.4,,,no raw data in reachable repositories,October 2026 rerun; report directory dated 2026-10-03; exact collection dates unavailable,"EC2 c7i.large (x86 Sapphire Rapids) / c7g.large (ARM64 Graviton3), paper-declared",not recorded in reachable evidence,,paper/review/08-camera-ready-eval-issues-2026-10-04.md:15; author-local /Users/ruoji/.../github/bpf-kinsn/paper/revisions/2026-10-03-sec6-rerun/results.md (unreachable),no,,no raw data in reachable repositories,,Revision numerical results exist only as prose/tables/PDFs; no retained c7i/c7g 12-instance datasets or exact generating scripts found. paper/review/08-camera-ready-eval-issues-2026-10-04.md:15; author-local /Users/ruoji/.../github/bpf-kinsn/paper/revisions/2026-10-03-sec6-rerun/results.md (unreachable)
C0420,revision,body,missing raw,paper/revision/tables/sec-6-katran-profile.tex,13,Register optimizations & 121.5 (119.9--126.6) & 261.0 (260.6--268.5) \\,"table sec-6-katran-profile, Register optimizations, column 1: 121.5 (119.9--126.6)",121.5 ; 119.9--126.6,,,no raw data in reachable repositories,October 2026 rerun; report directory dated 2026-10-03; exact collection dates unavailable,"EC2 c7i.large (x86 Sapphire Rapids) / c7g.large (ARM64 Graviton3), paper-declared",not recorded in reachable evidence,,paper/review/08-camera-ready-eval-issues-2026-10-04.md:15; author-local /Users/ruoji/.../github/bpf-kinsn/paper/revisions/2026-10-03-sec6-rerun/results.md (unreachable),no,,no raw data in reachable repositories,,Revision numerical results exist only as prose/tables/PDFs; no retained c7i/c7g 12-instance datasets or exact generating scripts found. paper/review/08-camera-ready-eval-issues-2026-10-04.md:15; author-local /Users/ruoji/.../github/bpf-kinsn/paper/revisions/2026-10-03-sec6-rerun/results.md (unreachable)
C0421,revision,body,missing raw,paper/revision/tables/sec-6-katran-profile.tex,13,Register optimizations & 121.5 (119.9--126.6) & 261.0 (260.6--268.5) \\,"table sec-6-katran-profile, Register optimizations, column 2: 261.0 (260.6--268.5) \\",261.0 ; 260.6--268.5,,,no raw data in reachable repositories,October 2026 rerun; report directory dated 2026-10-03; exact collection dates unavailable,"EC2 c7i.large (x86 Sapphire Rapids) / c7g.large (ARM64 Graviton3), paper-declared",not recorded in reachable evidence,,paper/review/08-camera-ready-eval-issues-2026-10-04.md:15; author-local /Users/ruoji/.../github/bpf-kinsn/paper/revisions/2026-10-03-sec6-rerun/results.md (unreachable),no,,no raw data in reachable repositories,,Revision numerical results exist only as prose/tables/PDFs; no retained c7i/c7g 12-instance datasets or exact generating scripts found. paper/review/08-camera-ready-eval-issues-2026-10-04.md:15; author-local /Users/ruoji/.../github/bpf-kinsn/paper/revisions/2026-10-03-sec6-rerun/results.md (unreachable)
C0422,revision,body,missing raw,paper/revision/tables/sec-6-katran-profile.tex,14,Register and memory optimizations & 121.3 (110.8--123.2) & 260.6 (259.3--269.9) \\,"table sec-6-katran-profile, Register and memory optimizations, column 1: 121.3 (110.8--123.2)",121.3 ; 110.8--123.2,,,no raw data in reachable repositories,October 2026 rerun; report directory dated 2026-10-03; exact collection dates unavailable,"EC2 c7i.large (x86 Sapphire Rapids) / c7g.large (ARM64 Graviton3), paper-declared",not recorded in reachable evidence,,paper/review/08-camera-ready-eval-issues-2026-10-04.md:15; author-local /Users/ruoji/.../github/bpf-kinsn/paper/revisions/2026-10-03-sec6-rerun/results.md (unreachable),no,,no raw data in reachable repositories,,Revision numerical results exist only as prose/tables/PDFs; no retained c7i/c7g 12-instance datasets or exact generating scripts found. paper/review/08-camera-ready-eval-issues-2026-10-04.md:15; author-local /Users/ruoji/.../github/bpf-kinsn/paper/revisions/2026-10-03-sec6-rerun/results.md (unreachable)
C0423,revision,body,missing raw,paper/revision/tables/sec-6-katran-profile.tex,14,Register and memory optimizations & 121.3 (110.8--123.2) & 260.6 (259.3--269.9) \\,"table sec-6-katran-profile, Register and memory optimizations, column 2: 260.6 (259.3--269.9) \\",260.6 ; 259.3--269.9,,,no raw data in reachable repositories,October 2026 rerun; report directory dated 2026-10-03; exact collection dates unavailable,"EC2 c7i.large (x86 Sapphire Rapids) / c7g.large (ARM64 Graviton3), paper-declared",not recorded in reachable evidence,,paper/review/08-camera-ready-eval-issues-2026-10-04.md:15; author-local /Users/ruoji/.../github/bpf-kinsn/paper/revisions/2026-10-03-sec6-rerun/results.md (unreachable),no,,no raw data in reachable repositories,,Revision numerical results exist only as prose/tables/PDFs; no retained c7i/c7g 12-instance datasets or exact generating scripts found. paper/review/08-camera-ready-eval-issues-2026-10-04.md:15; author-local /Users/ruoji/.../github/bpf-kinsn/paper/revisions/2026-10-03-sec6-rerun/results.md (unreachable)
C0424,revision,unreferenced artifact,missing raw,paper/revision/tables/sec-6-micro-summary.tex,4,"\caption{Execution-time ratios on x86-64 and ARM64. Each entry is the geometric mean of 27 benchmark ratios, computed from mean per-call times using the numerator and denominator in the first column. A ratio above 1 means the numerator path is slower.}","numerical claim: \caption{Execution-time ratios on x86-64 and ARM64. Each entry is the geometric mean of 27 benchmark ratios, computed from mean per-call times using the numerator and denominator in the first column. A ratio above 1 means the numerator path is slower.}",27; 1,,,no raw data in reachable repositories,October 2026 rerun; report directory dated 2026-10-03; exact collection dates unavailable,"EC2 c7i.large (x86 Sapphire Rapids) / c7g.large (ARM64 Graviton3), paper-declared",not recorded in reachable evidence,,paper/review/08-camera-ready-eval-issues-2026-10-04.md:15; author-local /Users/ruoji/.../github/bpf-kinsn/paper/revisions/2026-10-03-sec6-rerun/results.md (unreachable),no,,no raw data in reachable repositories,,Revision numerical results exist only as prose/tables/PDFs; no retained c7i/c7g 12-instance datasets or exact generating scripts found. paper/review/08-camera-ready-eval-issues-2026-10-04.md:15; author-local /Users/ruoji/.../github/bpf-kinsn/paper/revisions/2026-10-03-sec6-rerun/results.md (unreachable)
C0425,revision,unreferenced artifact,missing raw,paper/revision/tables/sec-6-micro-summary.tex,10,Kernel native / user-space native & 1.055 & 1.154 \\,"table sec-6-micro-summary, Kernel native / user-space native, column 1: 1.055",1.055,,,no raw data in reachable repositories,October 2026 rerun; report directory dated 2026-10-03; exact collection dates unavailable,"EC2 c7i.large (x86 Sapphire Rapids) / c7g.large (ARM64 Graviton3), paper-declared",not recorded in reachable evidence,,paper/review/08-camera-ready-eval-issues-2026-10-04.md:15; author-local /Users/ruoji/.../github/bpf-kinsn/paper/revisions/2026-10-03-sec6-rerun/results.md (unreachable),no,,no raw data in reachable repositories,,Revision numerical results exist only as prose/tables/PDFs; no retained c7i/c7g 12-instance datasets or exact generating scripts found. paper/review/08-camera-ready-eval-issues-2026-10-04.md:15; author-local /Users/ruoji/.../github/bpf-kinsn/paper/revisions/2026-10-03-sec6-rerun/results.md (unreachable)
C0426,revision,unreferenced artifact,missing raw,paper/revision/tables/sec-6-micro-summary.tex,10,Kernel native / user-space native & 1.055 & 1.154 \\,"table sec-6-micro-summary, Kernel native / user-space native, column 2: 1.154 \\",1.154,,,no raw data in reachable repositories,October 2026 rerun; report directory dated 2026-10-03; exact collection dates unavailable,"EC2 c7i.large (x86 Sapphire Rapids) / c7g.large (ARM64 Graviton3), paper-declared",not recorded in reachable evidence,,paper/review/08-camera-ready-eval-issues-2026-10-04.md:15; author-local /Users/ruoji/.../github/bpf-kinsn/paper/revisions/2026-10-03-sec6-rerun/results.md (unreachable),no,,no raw data in reachable repositories,,Revision numerical results exist only as prose/tables/PDFs; no retained c7i/c7g 12-instance datasets or exact generating scripts found. paper/review/08-camera-ready-eval-issues-2026-10-04.md:15; author-local /Users/ruoji/.../github/bpf-kinsn/paper/revisions/2026-10-03-sec6-rerun/results.md (unreachable)
C0427,revision,unreferenced artifact,missing raw,paper/revision/tables/sec-6-micro-summary.tex,12,eBPF JIT / kernel native & 1.622 & 1.773 \\,"table sec-6-micro-summary, eBPF JIT / kernel native, column 1: 1.622",1.622,,,no raw data in reachable repositories,October 2026 rerun; report directory dated 2026-10-03; exact collection dates unavailable,"EC2 c7i.large (x86 Sapphire Rapids) / c7g.large (ARM64 Graviton3), paper-declared",not recorded in reachable evidence,,paper/review/08-camera-ready-eval-issues-2026-10-04.md:15; author-local /Users/ruoji/.../github/bpf-kinsn/paper/revisions/2026-10-03-sec6-rerun/results.md (unreachable),no,,no raw data in reachable repositories,,Revision numerical results exist only as prose/tables/PDFs; no retained c7i/c7g 12-instance datasets or exact generating scripts found. paper/review/08-camera-ready-eval-issues-2026-10-04.md:15; author-local /Users/ruoji/.../github/bpf-kinsn/paper/revisions/2026-10-03-sec6-rerun/results.md (unreachable)
C0428,revision,unreferenced artifact,missing raw,paper/revision/tables/sec-6-micro-summary.tex,12,eBPF JIT / kernel native & 1.622 & 1.773 \\,"table sec-6-micro-summary, eBPF JIT / kernel native, column 2: 1.773 \\",1.773,,,no raw data in reachable repositories,October 2026 rerun; report directory dated 2026-10-03; exact collection dates unavailable,"EC2 c7i.large (x86 Sapphire Rapids) / c7g.large (ARM64 Graviton3), paper-declared",not recorded in reachable evidence,,paper/review/08-camera-ready-eval-issues-2026-10-04.md:15; author-local /Users/ruoji/.../github/bpf-kinsn/paper/revisions/2026-10-03-sec6-rerun/results.md (unreachable),no,,no raw data in reachable repositories,,Revision numerical results exist only as prose/tables/PDFs; no retained c7i/c7g 12-instance datasets or exact generating scripts found. paper/review/08-camera-ready-eval-issues-2026-10-04.md:15; author-local /Users/ruoji/.../github/bpf-kinsn/paper/revisions/2026-10-03-sec6-rerun/results.md (unreachable)
C0429,revision,unreferenced artifact,missing raw,paper/revision/tables/sec-6-micro-summary.tex,14,LLVM-BPF / user-space native & 1.068 & 1.054 \\,"table sec-6-micro-summary, LLVM-BPF / user-space native, column 1: 1.068",1.068,,,no raw data in reachable repositories,October 2026 rerun; report directory dated 2026-10-03; exact collection dates unavailable,"EC2 c7i.large (x86 Sapphire Rapids) / c7g.large (ARM64 Graviton3), paper-declared",not recorded in reachable evidence,,paper/review/08-camera-ready-eval-issues-2026-10-04.md:15; author-local /Users/ruoji/.../github/bpf-kinsn/paper/revisions/2026-10-03-sec6-rerun/results.md (unreachable),no,,no raw data in reachable repositories,,Revision numerical results exist only as prose/tables/PDFs; no retained c7i/c7g 12-instance datasets or exact generating scripts found. paper/review/08-camera-ready-eval-issues-2026-10-04.md:15; author-local /Users/ruoji/.../github/bpf-kinsn/paper/revisions/2026-10-03-sec6-rerun/results.md (unreachable)
C0430,revision,unreferenced artifact,missing raw,paper/revision/tables/sec-6-micro-summary.tex,14,LLVM-BPF / user-space native & 1.068 & 1.054 \\,"table sec-6-micro-summary, LLVM-BPF / user-space native, column 2: 1.054 \\",1.054,,,no raw data in reachable repositories,October 2026 rerun; report directory dated 2026-10-03; exact collection dates unavailable,"EC2 c7i.large (x86 Sapphire Rapids) / c7g.large (ARM64 Graviton3), paper-declared",not recorded in reachable evidence,,paper/review/08-camera-ready-eval-issues-2026-10-04.md:15; author-local /Users/ruoji/.../github/bpf-kinsn/paper/revisions/2026-10-03-sec6-rerun/results.md (unreachable),no,,no raw data in reachable repositories,,Revision numerical results exist only as prose/tables/PDFs; no retained c7i/c7g 12-instance datasets or exact generating scripts found. paper/review/08-camera-ready-eval-issues-2026-10-04.md:15; author-local /Users/ruoji/.../github/bpf-kinsn/paper/revisions/2026-10-03-sec6-rerun/results.md (unreachable)
C0431,revision,body,missing raw,paper/revision/tables/sec-6-native-comparison.tex,4,"\caption{Cilium throughput ratios, using mean rates of packets accepted by the sending interfaces. Each ratio divides whole-program native throughput by the reference throughput. Brackets give 95\% confidence intervals.}","numerical claim: \caption{Cilium throughput ratios, using mean rates of packets accepted by the sending interfaces. Each ratio divides whole-program native throughput by the reference throughput. Brackets give 95\% confidence intervals.}",95,,,no raw data in reachable repositories,October 2026 rerun; report directory dated 2026-10-03; exact collection dates unavailable,"EC2 c7i.large (x86 Sapphire Rapids) / c7g.large (ARM64 Graviton3), paper-declared",not recorded in reachable evidence,,paper/review/08-camera-ready-eval-issues-2026-10-04.md:15; author-local /Users/ruoji/.../github/bpf-kinsn/paper/revisions/2026-10-03-sec6-rerun/results.md (unreachable),no,,no raw data in reachable repositories,,Revision numerical results exist only as prose/tables/PDFs; no retained c7i/c7g 12-instance datasets or exact generating scripts found. paper/review/08-camera-ready-eval-issues-2026-10-04.md:15; author-local /Users/ruoji/.../github/bpf-kinsn/paper/revisions/2026-10-03-sec6-rerun/results.md (unreachable)
C0432,revision,body,missing raw,paper/revision/tables/sec-6-native-comparison.tex,12,"eBPF JIT & 1.005 [0.939, 1.098] \\","table sec-6-native-comparison, eBPF JIT, column 1: 1.005 [0.939, 1.098] \\",1.005 ; 0.939 ; 1.098,,,no raw data in reachable repositories,October 2026 rerun; report directory dated 2026-10-03; exact collection dates unavailable,"EC2 c7i.large (x86 Sapphire Rapids) / c7g.large (ARM64 Graviton3), paper-declared",not recorded in reachable evidence,,paper/review/08-camera-ready-eval-issues-2026-10-04.md:15; author-local /Users/ruoji/.../github/bpf-kinsn/paper/revisions/2026-10-03-sec6-rerun/results.md (unreachable),no,,no raw data in reachable repositories,,Revision numerical results exist only as prose/tables/PDFs; no retained c7i/c7g 12-instance datasets or exact generating scripts found. paper/review/08-camera-ready-eval-issues-2026-10-04.md:15; author-local /Users/ruoji/.../github/bpf-kinsn/paper/revisions/2026-10-03-sec6-rerun/results.md (unreachable)
C0433,revision,body,missing raw,paper/revision/tables/sec-6-native-comparison.tex,13,"All optimizations & 1.036 [0.931, 1.141] \\","table sec-6-native-comparison, All optimizations, column 1: 1.036 [0.931, 1.141] \\",1.036 ; 0.931 ; 1.141,,,no raw data in reachable repositories,October 2026 rerun; report directory dated 2026-10-03; exact collection dates unavailable,"EC2 c7i.large (x86 Sapphire Rapids) / c7g.large (ARM64 Graviton3), paper-declared",not recorded in reachable evidence,,paper/review/08-camera-ready-eval-issues-2026-10-04.md:15; author-local /Users/ruoji/.../github/bpf-kinsn/paper/revisions/2026-10-03-sec6-rerun/results.md (unreachable),no,,no raw data in reachable repositories,,Revision numerical results exist only as prose/tables/PDFs; no retained c7i/c7g 12-instance datasets or exact generating scripts found. paper/review/08-camera-ready-eval-issues-2026-10-04.md:15; author-local /Users/ruoji/.../github/bpf-kinsn/paper/revisions/2026-10-03-sec6-rerun/results.md (unreachable)
C0434,revision,body,missing raw,paper/revision/tables/sec-6-native-comparison.tex,14,"Without bulk memory access & 1.005 [0.952, 1.065] \\","table sec-6-native-comparison, Without bulk memory access, column 1: 1.005 [0.952, 1.065] \\",1.005 ; 0.952 ; 1.065,,,no raw data in reachable repositories,October 2026 rerun; report directory dated 2026-10-03; exact collection dates unavailable,"EC2 c7i.large (x86 Sapphire Rapids) / c7g.large (ARM64 Graviton3), paper-declared",not recorded in reachable evidence,,paper/review/08-camera-ready-eval-issues-2026-10-04.md:15; author-local /Users/ruoji/.../github/bpf-kinsn/paper/revisions/2026-10-03-sec6-rerun/results.md (unreachable),no,,no raw data in reachable repositories,,Revision numerical results exist only as prose/tables/PDFs; no retained c7i/c7g 12-instance datasets or exact generating scripts found. paper/review/08-camera-ready-eval-issues-2026-10-04.md:15; author-local /Users/ruoji/.../github/bpf-kinsn/paper/revisions/2026-10-03-sec6-rerun/results.md (unreachable)
C0435,revision,body,missing raw,paper/revision/tables/sec-6-preparation-cost.tex,4,"\caption{Rewriting and first-load costs in milliseconds, using the same LLVM pipeline with and without \kinsn rewriting. Entries summarize per-program means across 27 programs. Ranges give the minimum and maximum across programs. Increments are computed per program as the cost with rewriting minus the cost without it, before summarization.}","numerical claim: \caption{Rewriting and first-load costs in milliseconds, using the same LLVM pipeline with and without \kinsn rewriting. Entries summarize per-program means across 27 programs. Ranges give the minimum and maximum across programs. Increments are computed per program as the cost with rewriting minus the cost without it, before summarization.}",27,,,no raw data in reachable repositories,October 2026 rerun; report directory dated 2026-10-03; exact collection dates unavailable,"EC2 c7i.large (x86 Sapphire Rapids) / c7g.large (ARM64 Graviton3), paper-declared",not recorded in reachable evidence,,paper/review/08-camera-ready-eval-issues-2026-10-04.md:15; author-local /Users/ruoji/.../github/bpf-kinsn/paper/revisions/2026-10-03-sec6-rerun/results.md (unreachable),no,,no raw data in reachable repositories,,Revision numerical results exist only as prose/tables/PDFs; no retained c7i/c7g 12-instance datasets or exact generating scripts found. paper/review/08-camera-ready-eval-issues-2026-10-04.md:15; author-local /Users/ruoji/.../github/bpf-kinsn/paper/revisions/2026-10-03-sec6-rerun/results.md (unreachable)
C0436,revision,body,missing raw,paper/revision/tables/sec-6-preparation-cost.tex,14,Without \kinsn rewriting & 24.0 & 15.4--109.8 & 24.2 & 13.9--145.7 \\,"table sec-6-preparation-cost, Without \kinsn rewriting, column 1: 24.0",24.0,,,no raw data in reachable repositories,October 2026 rerun; report directory dated 2026-10-03; exact collection dates unavailable,"EC2 c7i.large (x86 Sapphire Rapids) / c7g.large (ARM64 Graviton3), paper-declared",not recorded in reachable evidence,,paper/review/08-camera-ready-eval-issues-2026-10-04.md:15; author-local /Users/ruoji/.../github/bpf-kinsn/paper/revisions/2026-10-03-sec6-rerun/results.md (unreachable),no,,no raw data in reachable repositories,,Revision numerical results exist only as prose/tables/PDFs; no retained c7i/c7g 12-instance datasets or exact generating scripts found. paper/review/08-camera-ready-eval-issues-2026-10-04.md:15; author-local /Users/ruoji/.../github/bpf-kinsn/paper/revisions/2026-10-03-sec6-rerun/results.md (unreachable)
C0437,revision,body,missing raw,paper/revision/tables/sec-6-preparation-cost.tex,14,Without \kinsn rewriting & 24.0 & 15.4--109.8 & 24.2 & 13.9--145.7 \\,"table sec-6-preparation-cost, Without \kinsn rewriting, column 2: 15.4--109.8",15.4--109.8,,,no raw data in reachable repositories,October 2026 rerun; report directory dated 2026-10-03; exact collection dates unavailable,"EC2 c7i.large (x86 Sapphire Rapids) / c7g.large (ARM64 Graviton3), paper-declared",not recorded in reachable evidence,,paper/review/08-camera-ready-eval-issues-2026-10-04.md:15; author-local /Users/ruoji/.../github/bpf-kinsn/paper/revisions/2026-10-03-sec6-rerun/results.md (unreachable),no,,no raw data in reachable repositories,,Revision numerical results exist only as prose/tables/PDFs; no retained c7i/c7g 12-instance datasets or exact generating scripts found. paper/review/08-camera-ready-eval-issues-2026-10-04.md:15; author-local /Users/ruoji/.../github/bpf-kinsn/paper/revisions/2026-10-03-sec6-rerun/results.md (unreachable)
C0438,revision,body,missing raw,paper/revision/tables/sec-6-preparation-cost.tex,14,Without \kinsn rewriting & 24.0 & 15.4--109.8 & 24.2 & 13.9--145.7 \\,"table sec-6-preparation-cost, Without \kinsn rewriting, column 3: 24.2",24.2,,,no raw data in reachable repositories,October 2026 rerun; report directory dated 2026-10-03; exact collection dates unavailable,"EC2 c7i.large (x86 Sapphire Rapids) / c7g.large (ARM64 Graviton3), paper-declared",not recorded in reachable evidence,,paper/review/08-camera-ready-eval-issues-2026-10-04.md:15; author-local /Users/ruoji/.../github/bpf-kinsn/paper/revisions/2026-10-03-sec6-rerun/results.md (unreachable),no,,no raw data in reachable repositories,,Revision numerical results exist only as prose/tables/PDFs; no retained c7i/c7g 12-instance datasets or exact generating scripts found. paper/review/08-camera-ready-eval-issues-2026-10-04.md:15; author-local /Users/ruoji/.../github/bpf-kinsn/paper/revisions/2026-10-03-sec6-rerun/results.md (unreachable)
C0439,revision,body,missing raw,paper/revision/tables/sec-6-preparation-cost.tex,14,Without \kinsn rewriting & 24.0 & 15.4--109.8 & 24.2 & 13.9--145.7 \\,"table sec-6-preparation-cost, Without \kinsn rewriting, column 4: 13.9--145.7 \\",13.9--145.7,,,no raw data in reachable repositories,October 2026 rerun; report directory dated 2026-10-03; exact collection dates unavailable,"EC2 c7i.large (x86 Sapphire Rapids) / c7g.large (ARM64 Graviton3), paper-declared",not recorded in reachable evidence,,paper/review/08-camera-ready-eval-issues-2026-10-04.md:15; author-local /Users/ruoji/.../github/bpf-kinsn/paper/revisions/2026-10-03-sec6-rerun/results.md (unreachable),no,,no raw data in reachable repositories,,Revision numerical results exist only as prose/tables/PDFs; no retained c7i/c7g 12-instance datasets or exact generating scripts found. paper/review/08-camera-ready-eval-issues-2026-10-04.md:15; author-local /Users/ruoji/.../github/bpf-kinsn/paper/revisions/2026-10-03-sec6-rerun/results.md (unreachable)
C0440,revision,body,missing raw,paper/revision/tables/sec-6-preparation-cost.tex,15,With \kinsn rewriting & 35.6 & 24.4--138.9 & 34.2 & 23.8--155.7 \\,"table sec-6-preparation-cost, With \kinsn rewriting, column 1: 35.6",35.6,,,no raw data in reachable repositories,October 2026 rerun; report directory dated 2026-10-03; exact collection dates unavailable,"EC2 c7i.large (x86 Sapphire Rapids) / c7g.large (ARM64 Graviton3), paper-declared",not recorded in reachable evidence,,paper/review/08-camera-ready-eval-issues-2026-10-04.md:15; author-local /Users/ruoji/.../github/bpf-kinsn/paper/revisions/2026-10-03-sec6-rerun/results.md (unreachable),no,,no raw data in reachable repositories,,Revision numerical results exist only as prose/tables/PDFs; no retained c7i/c7g 12-instance datasets or exact generating scripts found. paper/review/08-camera-ready-eval-issues-2026-10-04.md:15; author-local /Users/ruoji/.../github/bpf-kinsn/paper/revisions/2026-10-03-sec6-rerun/results.md (unreachable)
C0441,revision,body,missing raw,paper/revision/tables/sec-6-preparation-cost.tex,15,With \kinsn rewriting & 35.6 & 24.4--138.9 & 34.2 & 23.8--155.7 \\,"table sec-6-preparation-cost, With \kinsn rewriting, column 2: 24.4--138.9",24.4--138.9,,,no raw data in reachable repositories,October 2026 rerun; report directory dated 2026-10-03; exact collection dates unavailable,"EC2 c7i.large (x86 Sapphire Rapids) / c7g.large (ARM64 Graviton3), paper-declared",not recorded in reachable evidence,,paper/review/08-camera-ready-eval-issues-2026-10-04.md:15; author-local /Users/ruoji/.../github/bpf-kinsn/paper/revisions/2026-10-03-sec6-rerun/results.md (unreachable),no,,no raw data in reachable repositories,,Revision numerical results exist only as prose/tables/PDFs; no retained c7i/c7g 12-instance datasets or exact generating scripts found. paper/review/08-camera-ready-eval-issues-2026-10-04.md:15; author-local /Users/ruoji/.../github/bpf-kinsn/paper/revisions/2026-10-03-sec6-rerun/results.md (unreachable)
C0442,revision,body,missing raw,paper/revision/tables/sec-6-preparation-cost.tex,15,With \kinsn rewriting & 35.6 & 24.4--138.9 & 34.2 & 23.8--155.7 \\,"table sec-6-preparation-cost, With \kinsn rewriting, column 3: 34.2",34.2,,,no raw data in reachable repositories,October 2026 rerun; report directory dated 2026-10-03; exact collection dates unavailable,"EC2 c7i.large (x86 Sapphire Rapids) / c7g.large (ARM64 Graviton3), paper-declared",not recorded in reachable evidence,,paper/review/08-camera-ready-eval-issues-2026-10-04.md:15; author-local /Users/ruoji/.../github/bpf-kinsn/paper/revisions/2026-10-03-sec6-rerun/results.md (unreachable),no,,no raw data in reachable repositories,,Revision numerical results exist only as prose/tables/PDFs; no retained c7i/c7g 12-instance datasets or exact generating scripts found. paper/review/08-camera-ready-eval-issues-2026-10-04.md:15; author-local /Users/ruoji/.../github/bpf-kinsn/paper/revisions/2026-10-03-sec6-rerun/results.md (unreachable)
C0443,revision,body,missing raw,paper/revision/tables/sec-6-preparation-cost.tex,15,With \kinsn rewriting & 35.6 & 24.4--138.9 & 34.2 & 23.8--155.7 \\,"table sec-6-preparation-cost, With \kinsn rewriting, column 4: 23.8--155.7 \\",23.8--155.7,,,no raw data in reachable repositories,October 2026 rerun; report directory dated 2026-10-03; exact collection dates unavailable,"EC2 c7i.large (x86 Sapphire Rapids) / c7g.large (ARM64 Graviton3), paper-declared",not recorded in reachable evidence,,paper/review/08-camera-ready-eval-issues-2026-10-04.md:15; author-local /Users/ruoji/.../github/bpf-kinsn/paper/revisions/2026-10-03-sec6-rerun/results.md (unreachable),no,,no raw data in reachable repositories,,Revision numerical results exist only as prose/tables/PDFs; no retained c7i/c7g 12-instance datasets or exact generating scripts found. paper/review/08-camera-ready-eval-issues-2026-10-04.md:15; author-local /Users/ruoji/.../github/bpf-kinsn/paper/revisions/2026-10-03-sec6-rerun/results.md (unreachable)
C0444,revision,body,missing raw,paper/revision/tables/sec-6-preparation-cost.tex,16,Per-program increment & 9.2 & 3.6--46.2 & 10.0 & 2.6--15.7 \\,"table sec-6-preparation-cost, Per-program increment, column 1: 9.2",9.2,,,no raw data in reachable repositories,October 2026 rerun; report directory dated 2026-10-03; exact collection dates unavailable,"EC2 c7i.large (x86 Sapphire Rapids) / c7g.large (ARM64 Graviton3), paper-declared",not recorded in reachable evidence,,paper/review/08-camera-ready-eval-issues-2026-10-04.md:15; author-local /Users/ruoji/.../github/bpf-kinsn/paper/revisions/2026-10-03-sec6-rerun/results.md (unreachable),no,,no raw data in reachable repositories,,Revision numerical results exist only as prose/tables/PDFs; no retained c7i/c7g 12-instance datasets or exact generating scripts found. paper/review/08-camera-ready-eval-issues-2026-10-04.md:15; author-local /Users/ruoji/.../github/bpf-kinsn/paper/revisions/2026-10-03-sec6-rerun/results.md (unreachable)
C0445,revision,body,missing raw,paper/revision/tables/sec-6-preparation-cost.tex,16,Per-program increment & 9.2 & 3.6--46.2 & 10.0 & 2.6--15.7 \\,"table sec-6-preparation-cost, Per-program increment, column 2: 3.6--46.2",3.6--46.2,,,no raw data in reachable repositories,October 2026 rerun; report directory dated 2026-10-03; exact collection dates unavailable,"EC2 c7i.large (x86 Sapphire Rapids) / c7g.large (ARM64 Graviton3), paper-declared",not recorded in reachable evidence,,paper/review/08-camera-ready-eval-issues-2026-10-04.md:15; author-local /Users/ruoji/.../github/bpf-kinsn/paper/revisions/2026-10-03-sec6-rerun/results.md (unreachable),no,,no raw data in reachable repositories,,Revision numerical results exist only as prose/tables/PDFs; no retained c7i/c7g 12-instance datasets or exact generating scripts found. paper/review/08-camera-ready-eval-issues-2026-10-04.md:15; author-local /Users/ruoji/.../github/bpf-kinsn/paper/revisions/2026-10-03-sec6-rerun/results.md (unreachable)
C0446,revision,body,missing raw,paper/revision/tables/sec-6-preparation-cost.tex,16,Per-program increment & 9.2 & 3.6--46.2 & 10.0 & 2.6--15.7 \\,"table sec-6-preparation-cost, Per-program increment, column 3: 10.0",10.0,,,no raw data in reachable repositories,October 2026 rerun; report directory dated 2026-10-03; exact collection dates unavailable,"EC2 c7i.large (x86 Sapphire Rapids) / c7g.large (ARM64 Graviton3), paper-declared",not recorded in reachable evidence,,paper/review/08-camera-ready-eval-issues-2026-10-04.md:15; author-local /Users/ruoji/.../github/bpf-kinsn/paper/revisions/2026-10-03-sec6-rerun/results.md (unreachable),no,,no raw data in reachable repositories,,Revision numerical results exist only as prose/tables/PDFs; no retained c7i/c7g 12-instance datasets or exact generating scripts found. paper/review/08-camera-ready-eval-issues-2026-10-04.md:15; author-local /Users/ruoji/.../github/bpf-kinsn/paper/revisions/2026-10-03-sec6-rerun/results.md (unreachable)
C0447,revision,body,missing raw,paper/revision/tables/sec-6-preparation-cost.tex,16,Per-program increment & 9.2 & 3.6--46.2 & 10.0 & 2.6--15.7 \\,"table sec-6-preparation-cost, Per-program increment, column 4: 2.6--15.7 \\",2.6--15.7,,,no raw data in reachable repositories,October 2026 rerun; report directory dated 2026-10-03; exact collection dates unavailable,"EC2 c7i.large (x86 Sapphire Rapids) / c7g.large (ARM64 Graviton3), paper-declared",not recorded in reachable evidence,,paper/review/08-camera-ready-eval-issues-2026-10-04.md:15; author-local /Users/ruoji/.../github/bpf-kinsn/paper/revisions/2026-10-03-sec6-rerun/results.md (unreachable),no,,no raw data in reachable repositories,,Revision numerical results exist only as prose/tables/PDFs; no retained c7i/c7g 12-instance datasets or exact generating scripts found. paper/review/08-camera-ready-eval-issues-2026-10-04.md:15; author-local /Users/ruoji/.../github/bpf-kinsn/paper/revisions/2026-10-03-sec6-rerun/results.md (unreachable)
C0448,current,body,non-measurement definition,paper/sections/0-abstract.tex,45,Lean 4 proofs show that each native emit computes the same result as its proof sequence.,numerical claim: Lean 4 proofs show that each native emit computes the same result as its proof sequence.,4,,,not applicable: version/semantic definition,,,,,bpf-benchmark/docs/archive/shared/plot_micro_characterization_20260527.py; paper-provenance/scripts/plot_characterization_pure_percase.py (older 29-case source; final 27-case/4config generator not retained),not applicable,,not a benchmark measurement,,Language version or instruction semantic definition; no empirical dataset required.
C0449,current,body,missing raw,paper/sections/1-introduction.tex,143,"A 64-bit rotate with a variable shift, a single \texttt{ROL} instruction on x86-64, arrives at the kernel JIT as eight bytecode instructions and is emitted as 15 machine instructions.","instruction counts / rotate example: A 64-bit rotate with a variable shift, a single \texttt{ROL} instruction on x86-64, arrives at the kernel JIT as eight bytecode instructions and is emitted as 15 machine instructions.",64; 15,,,no raw data in reachable repositories,,,,,paper/figures/sec-3-jit-dump.tex; bpf-benchmark/docs/archive/shared/20260319/llvm_vs_kernel_jit_disasm_analysis_20260319.md (related later dumps),no,,original raw dump not found,,Paper rotate figure names Linux 6.1. March19 dumps are Linux 7.0 rc2 and different whole stress programs; related data do not independently establish the exact illustration/table counts.
C0450,current,body,non-measurement definition,paper/sections/1-introduction.tex,147,"We prove in Lean 4 that, for each operation, the native emit computes the same result as the proof sequence, carrying the verifier's guarantee to the native code.","numerical claim: We prove in Lean 4 that, for each operation, the native emit computes the same result as the proof sequence, carrying the verifier's guarantee to the native code.",4,,,not applicable: version/semantic definition,,,,,bpf-benchmark/docs/archive/shared/plot_micro_characterization_20260527.py; paper-provenance/scripts/plot_characterization_pure_percase.py (older 29-case source; final 27-case/4config generator not retained),not applicable,,not a benchmark measurement,,Language version or instruction semantic definition; no empirical dataset required.
C0451,current,body,non-measurement definition,paper/sections/1-introduction.tex,166,\item We prove in Lean 4 that each \lang native emit computes the same result as its proof sequence (\S\ref{sec:formal-verification}).,numerical claim: \item We prove in Lean 4 that each \lang native emit computes the same result as its proof sequence (\S\ref{sec:formal-verification}).,4,,,not applicable: version/semantic definition,,,,,bpf-benchmark/docs/archive/shared/plot_micro_characterization_20260527.py; paper-provenance/scripts/plot_characterization_pure_percase.py (older 29-case source; final 27-case/4config generator not retained),not applicable,,not a benchmark measurement,,Language version or instruction semantic definition; no empirical dataset required.
C0452,current,body,definition/setup,paper/sections/3-characterization.tex,145,The examples include a consistent-hash load-balancer lookup from \texttt{katran} and a SipHash-like 64-bit-rotation mixer.,numerical claim: The examples include a consistent-hash load-balancer lookup from \texttt{katran} and a SipHash-like 64-bit-rotation mixer.,64,micro/results/x86_kvm_micro_20260526_210952_650695; micro/results/aws_arm64_micro_20260523_091516_610343; micro/results/aws_arm64_micro_20260520_052452_727433,micro/results/x86_kvm_micro_20260526_210952_650695; micro/results/aws_arm64_micro_20260523_091516_610343; micro/results/aws_arm64_micro_20260520_052452_727433,yes,2026-05-26T21:09:52.650695+00:00; 2026-05-23T09:15:16.610343+00:00; 2026-05-20T05:24:52.727433+00:00,x86_kvm_micro; CPU Intel(R) Core(TM) Ultra 9 285K; aws_arm64_micro; CPU aarch64,unknown,completed,bpf-benchmark/docs/archive/shared/plot_micro_characterization_20260527.py; paper-provenance/scripts/plot_characterization_pure_percase.py (older 29-case source; final 27-case/4config generator not retained),partial/unverified,,definition or setup; corroborated by related scalar rows,,"Non-performance instruction widths and normalization conventions are definitions, not missing benchmark measurements. Related detailed rows trace measured claims."
C0453,current,body,definition/setup,paper/sections/3-characterization.tex,240,Figure~\ref{fig:jit-dump} shows a 64-bit rotate with a variable shift under the per-opcode kernel JIT and under direct native compilation.,numerical claim: Figure~\ref{fig:jit-dump} shows a 64-bit rotate with a variable shift under the per-opcode kernel JIT and under direct native compilation.,64,micro/results/x86_kvm_micro_20260526_210952_650695; micro/results/aws_arm64_micro_20260523_091516_610343; micro/results/aws_arm64_micro_20260520_052452_727433,micro/results/x86_kvm_micro_20260526_210952_650695; micro/results/aws_arm64_micro_20260523_091516_610343; micro/results/aws_arm64_micro_20260520_052452_727433,yes,2026-05-26T21:09:52.650695+00:00; 2026-05-23T09:15:16.610343+00:00; 2026-05-20T05:24:52.727433+00:00,x86_kvm_micro; CPU Intel(R) Core(TM) Ultra 9 285K; aws_arm64_micro; CPU aarch64,unknown,completed,bpf-benchmark/docs/archive/shared/plot_micro_characterization_20260527.py; paper-provenance/scripts/plot_characterization_pure_percase.py (older 29-case source; final 27-case/4config generator not retained),partial/unverified,,definition or setup; corroborated by related scalar rows,,"Non-performance instruction widths and normalization conventions are definitions, not missing benchmark measurements. Related detailed rows trace measured claims."
C0454,current,body,missing raw,paper/sections/3-characterization.tex,242,The rotate arrives at the kernel JIT as eight bytecode instructions and is emitted as 15 machine instructions.,instruction counts / rotate example: The rotate arrives at the kernel JIT as eight bytecode instructions and is emitted as 15 machine instructions.,15,,,no raw data in reachable repositories,,,,,paper/figures/sec-3-jit-dump.tex; bpf-benchmark/docs/archive/shared/20260319/llvm_vs_kernel_jit_disasm_analysis_20260319.md (related later dumps),no,,original raw dump not found,,Paper rotate figure names Linux 6.1. March19 dumps are Linux 7.0 rc2 and different whole stress programs; related data do not independently establish the exact illustration/table counts.
C0455,current,body,empirical,paper/sections/3-characterization.tex,255,"Across five idiom-stress probes on x86-64, small programs that each repeat one idiom, the kernel JIT emits 1.25--2.7$\times$ as many instructions as userspace LLVM-BPF for the same programs.",five idiom-stress instruction-count expansion,1.25--2.7,docs/archive/shared/llvm_vs_kernel_jit_disasm_20260319_artifacts,docs/archive/shared/llvm_vs_kernel_jit_disasm_20260319_artifacts,yes,not recorded,platform not recorded; CPU not recorded,not recorded,not recorded,bpf-benchmark/docs/archive/shared/20260319/llvm_vs_kernel_jit_disasm_analysis_20260319.md,yes,1.253854--2.666667,matches rounded approximate range,"count decoded mnemonic lines, exclude objdump byte-continuation lines; five probes",Exact min=max definitions include whole functions/prologues.
C0456,current,body,definition/setup,paper/sections/7-evaluation.tex,13,"First, we reuse the 27 pure-bytecode microbenchmarks from \S\ref{sec:characterization} to isolate instruction-selection effects.","numerical claim: First, we reuse the 27 pure-bytecode microbenchmarks from \S\ref{sec:characterization} to isolate instruction-selection effects.",27,micro/results/x86_kvm_micro_20260519_114214_364050; micro/results/x86_kvm_micro_20260526_210351_224315; micro/results/aws_arm64_micro_20260606_001225_821028,micro/results/x86_kvm_micro_20260519_114214_364050; micro/results/x86_kvm_micro_20260526_210351_224315; micro/results/aws_arm64_micro_20260606_001225_821028,yes,2026-05-19T11:42:14.364050+00:00; 2026-05-26T21:03:51.224315+00:00; 2026-06-06T00:12:25.821028+00:00,x86_kvm_micro; CPU Intel(R) Core(TM) Ultra 9 285K; aws_arm64_micro; CPU aarch64,unknown,completed,bpf-benchmark/docs/archive/shared/plot_micro_characterization_20260527.py; paper-provenance/scripts/plot_characterization_pure_percase.py (older 29-case source; final 27-case/4config generator not retained),partial/unverified,,definition or setup; corroborated by related scalar rows,,"Non-performance instruction widths and normalization conventions are definitions, not missing benchmark measurements. Related detailed rows trace measured claims."
C0457,current,body,empirical,paper/sections/7-evaluation.tex,36,"The x86-64 experiments run in a KVM virtual machine with 8 vCPUs and 64\,GB RAM on an Intel Xeon Silver 4210R @ 2.40\,GHz host, using Linux 7.0.0-rc2+.",x86 hardware and VM/kernel setup,"The x86-64 experiments run in a KVM virtual machine with 8 vCPUs and 64\,GB RAM on an Intel Xeon Silver 4210R @ 2.40\,GHz host, using Linux 7.0.0-rc2+.",micro/results/x86_kvm_micro_20260519_114214_364050; micro/results/x86_kvm_micro_20260526_210351_224315; micro/results/x86_kvm_micro_20260526_210952_650695,micro/results/x86_kvm_micro_20260519_114214_364050; micro/results/x86_kvm_micro_20260526_210351_224315; micro/results/x86_kvm_micro_20260526_210952_650695,yes,2026-05-19T11:42:14.364050+00:00; 2026-05-26T21:03:51.224315+00:00; 2026-05-26T21:09:52.650695+00:00,x86_kvm_micro; CPU Intel(R) Core(TM) Ultra 9 285K,unknown,completed,paper-provenance/scripts/plot_evaluation_kinsn.py (older 29-case source); bpf-benchmark/docs/artifacts/render_claim_table.py (27-case derivation),partial/unverified,,MISMATCH: retained CPU model is Core Ultra 9 285K,,Raw provenance records Linux 7.0.0-rc2+ and VM; 8-vCPU/64-GB/Xeon configuration not bound to these historical measurements.
C0458,current,body,empirical,paper/sections/7-evaluation.tex,38,"The ARM64 experiments run on an AWS t4g.small instance (2 vCPUs, 2\,GiB RAM, AWS Graviton2), using a \lang-enabled Linux 7.0.0-rc2+ build.",ARM64 AWS instance/kernel setup,"The ARM64 experiments run on an AWS t4g.small instance (2 vCPUs, 2\,GiB RAM, AWS Graviton2), using a \lang-enabled Linux 7.0.0-rc2+ build.",micro/results/aws_arm64_micro_20260606_001225_821028; micro/results/aws_arm64_micro_20260523_091516_610343; micro/results/aws_arm64_micro_20260520_052452_727433; corpus/results/aws_arm64_corpus_20260605_080836_924256; corpus/results/aws_arm64_corpus_20260605_094729_221231,micro/results/aws_arm64_micro_20260606_001225_821028; micro/results/aws_arm64_micro_20260523_091516_610343; micro/results/aws_arm64_micro_20260520_052452_727433; corpus/results/aws_arm64_corpus_20260605_080836_924256; corpus/results/aws_arm64_corpus_20260605_094729_221231,yes,2026-06-06T00:12:25.821028+00:00; 2026-05-23T09:15:16.610343+00:00; 2026-05-20T05:24:52.727433+00:00; 2026-06-05T08:08:36.924256+00:00; 2026-06-05T09:47:29.221231+00:00,aws_arm64_micro; CPU aarch64; aws_arm64_corpus; CPU not recorded,unknown; not recorded,completed; error,bpf-benchmark/kinsn/docs/evaluation.md:519,partial/unverified,,partial: AWS ARM64 recorded; instance type cited by document,,Raw micro cpu_model=aarch64 and EC2 hostname; not a c7g/Graviton3 campaign.
C0459,current,body,definition/setup,paper/sections/7-evaluation.tex,49,"Execution-time and throughput ratios are normalized to the stock kernel eBPF JIT, so values above 1$\times$ indicate faster execution or higher throughput.","numerical claim: Execution-time and throughput ratios are normalized to the stock kernel eBPF JIT, so values above 1$\times$ indicate faster execution or higher throughput.",1,micro/results/x86_kvm_micro_20260519_114214_364050; micro/results/x86_kvm_micro_20260526_210351_224315; micro/results/aws_arm64_micro_20260606_001225_821028,micro/results/x86_kvm_micro_20260519_114214_364050; micro/results/x86_kvm_micro_20260526_210351_224315; micro/results/aws_arm64_micro_20260606_001225_821028,yes,2026-05-19T11:42:14.364050+00:00; 2026-05-26T21:03:51.224315+00:00; 2026-06-06T00:12:25.821028+00:00,x86_kvm_micro; CPU Intel(R) Core(TM) Ultra 9 285K; aws_arm64_micro; CPU aarch64,unknown,completed,bpf-benchmark/docs/archive/shared/plot_micro_characterization_20260527.py; paper-provenance/scripts/plot_characterization_pure_percase.py (older 29-case source; final 27-case/4config generator not retained),partial/unverified,,definition or setup; corroborated by related scalar rows,,"Non-performance instruction widths and normalization conventions are definitions, not missing benchmark measurements. Related detailed rows trace measured claims."
C0460,current,body,definition/setup,paper/sections/7-evaluation.tex,51,"BPF-cost ratios report post/baseline cost, so values below 1$\times$ indicate lower BPF runtime cost.","numerical claim: BPF-cost ratios report post/baseline cost, so values below 1$\times$ indicate lower BPF runtime cost.",1,micro/results/x86_kvm_micro_20260519_114214_364050; micro/results/x86_kvm_micro_20260526_210351_224315; micro/results/aws_arm64_micro_20260606_001225_821028,micro/results/x86_kvm_micro_20260519_114214_364050; micro/results/x86_kvm_micro_20260526_210351_224315; micro/results/aws_arm64_micro_20260606_001225_821028,yes,2026-05-19T11:42:14.364050+00:00; 2026-05-26T21:03:51.224315+00:00; 2026-06-06T00:12:25.821028+00:00,x86_kvm_micro; CPU Intel(R) Core(TM) Ultra 9 285K; aws_arm64_micro; CPU aarch64,unknown,completed,bpf-benchmark/docs/archive/shared/plot_micro_characterization_20260527.py; paper-provenance/scripts/plot_characterization_pure_percase.py (older 29-case source; final 27-case/4config generator not retained),partial/unverified,,definition or setup; corroborated by related scalar rows,,"Non-performance instruction widths and normalization conventions are definitions, not missing benchmark measurements. Related detailed rows trace measured claims."
C0461,current,body,definition/setup,paper/sections/7-evaluation.tex,55,"For each retained row, we compute \texttt{run\_time\_ns\_delta}/\texttt{run\_cnt\_delta}, drop rows with fewer than 100 runs in either phase, and pair rows by program name, program type, and occurrence index.","numerical claim: For each retained row, we compute \texttt{run\_time\_ns\_delta}/\texttt{run\_cnt\_delta}, drop rows with fewer than 100 runs in either phase, and pair rows by program name, program type, and occurrence index.",100,micro/results/x86_kvm_micro_20260519_114214_364050; micro/results/x86_kvm_micro_20260526_210351_224315; micro/results/aws_arm64_micro_20260606_001225_821028,micro/results/x86_kvm_micro_20260519_114214_364050; micro/results/x86_kvm_micro_20260526_210351_224315; micro/results/aws_arm64_micro_20260606_001225_821028,yes,2026-05-19T11:42:14.364050+00:00; 2026-05-26T21:03:51.224315+00:00; 2026-06-06T00:12:25.821028+00:00,x86_kvm_micro; CPU Intel(R) Core(TM) Ultra 9 285K; aws_arm64_micro; CPU aarch64,unknown,completed,bpf-benchmark/docs/archive/shared/plot_micro_characterization_20260527.py; paper-provenance/scripts/plot_characterization_pure_percase.py (older 29-case source; final 27-case/4config generator not retained),partial/unverified,,definition or setup; corroborated by related scalar rows,,"Non-performance instruction widths and normalization conventions are definitions, not missing benchmark measurements. Related detailed rows trace measured claims."
C0462,current,body,missing raw,paper/tables/sec-2-isa-gap.tex,4,"\caption{Hardware idioms and their instruction counts along each path, measured on x86-64 from real JIT dumps and compiler output. The second column names the native instruction on x86-64 / ARM64. Byte swap assumes a \texttt{MOVBE}-capable x86-64. The bulk-copy row is a 64-byte copy between non-overlapping regions.}","instruction counts / rotate example: \caption{Hardware idioms and their instruction counts along each path, measured on x86-64 from real JIT dumps and compiler output. The second column names the native instruction on x86-64 / ARM64. Byte swap assumes a \texttt{MOVBE}-capable x86-64. The bulk-copy row is a 64-byte copy between non-overlapping regions.}",64,,,no raw data in reachable repositories,,,,,paper/figures/sec-3-jit-dump.tex; bpf-benchmark/docs/archive/shared/20260319/llvm_vs_kernel_jit_disasm_analysis_20260319.md (related later dumps),no,,original raw dump not found,,Paper rotate figure names Linux 6.1. March19 dumps are Linux 7.0 rc2 and different whole stress programs; related data do not independently establish the exact illustration/table counts.
C0463,current,body,missing raw,paper/tables/sec-2-isa-gap.tex,14,Rotate & \texttt{ROL}/\texttt{ROR} & 1 & 8 & 15 \\,instruction counts / rotate example: Rotate & \texttt{ROL}/\texttt{ROR} & 1 & 8 & 15 \\,1; 8; 15,,,no raw data in reachable repositories,,,,,paper/figures/sec-3-jit-dump.tex; bpf-benchmark/docs/archive/shared/20260319/llvm_vs_kernel_jit_disasm_analysis_20260319.md (related later dumps),no,,original raw dump not found,,Paper rotate figure names Linux 6.1. March19 dumps are Linux 7.0 rc2 and different whole stress programs; related data do not independently establish the exact illustration/table counts.
C0464,current,body,missing raw,paper/tables/sec-2-isa-gap.tex,15,Wide load & \texttt{MOV}/\texttt{LDR} & 1 & 22 & 22 \\,instruction counts / rotate example: Wide load & \texttt{MOV}/\texttt{LDR} & 1 & 22 & 22 \\,1; 22; 22,,,no raw data in reachable repositories,,,,,paper/figures/sec-3-jit-dump.tex; bpf-benchmark/docs/archive/shared/20260319/llvm_vs_kernel_jit_disasm_analysis_20260319.md (related later dumps),no,,original raw dump not found,,Paper rotate figure names Linux 6.1. March19 dumps are Linux 7.0 rc2 and different whole stress programs; related data do not independently establish the exact illustration/table counts.
C0465,current,body,missing raw,paper/tables/sec-2-isa-gap.tex,16,Conditional select & \texttt{CMP+CMOV}/\texttt{CMP+CSEL} & 2 & 3 & 4 \\,instruction counts / rotate example: Conditional select & \texttt{CMP+CMOV}/\texttt{CMP+CSEL} & 2 & 3 & 4 \\,2; 3; 4,,,no raw data in reachable repositories,,,,,paper/figures/sec-3-jit-dump.tex; bpf-benchmark/docs/archive/shared/20260319/llvm_vs_kernel_jit_disasm_analysis_20260319.md (related later dumps),no,,original raw dump not found,,Paper rotate figure names Linux 6.1. March19 dumps are Linux 7.0 rc2 and different whole stress programs; related data do not independently establish the exact illustration/table counts.
C0466,current,body,missing raw,paper/tables/sec-2-isa-gap.tex,17,Byte swap & \texttt{MOVBE}/\texttt{REV} & 1 & 2 & 2 \\,instruction counts / rotate example: Byte swap & \texttt{MOVBE}/\texttt{REV} & 1 & 2 & 2 \\,1; 2; 2,,,no raw data in reachable repositories,,,,,paper/figures/sec-3-jit-dump.tex; bpf-benchmark/docs/archive/shared/20260319/llvm_vs_kernel_jit_disasm_analysis_20260319.md (related later dumps),no,,original raw dump not found,,Paper rotate figure names Linux 6.1. March19 dumps are Linux 7.0 rc2 and different whole stress programs; related data do not independently establish the exact illustration/table counts.
C0467,current,body,missing raw,paper/tables/sec-2-isa-gap.tex,18,"Bulk copy (64\,B) & \texttt{MOVUPS}/\texttt{LDP+STP} & 4 & 16 & 16 \\","instruction counts / rotate example: Bulk copy (64\,B) & \texttt{MOVUPS}/\texttt{LDP+STP} & 4 & 16 & 16 \\",64; 4; 16; 16,,,no raw data in reachable repositories,,,,,paper/figures/sec-3-jit-dump.tex; bpf-benchmark/docs/archive/shared/20260319/llvm_vs_kernel_jit_disasm_analysis_20260319.md (related later dumps),no,,original raw dump not found,,Paper rotate figure names Linux 6.1. March19 dumps are Linux 7.0 rc2 and different whole stress programs; related data do not independently establish the exact illustration/table counts.
C0468,current,unreferenced artifact,non-measurement definition,paper/tables/sec-3-descriptors.tex,16,Prefetch & no-op (\texttt{JA +0}) & \texttt{PREFETCHT0} & \texttt{PRFM} \\,table row: Prefetch & no-op (\texttt{JA +0}) & \texttt{PREFETCHT0} & \texttt{PRFM} \\,0,,,not applicable: version/semantic definition,,,,,bpf-benchmark/docs/archive/shared/plot_micro_characterization_20260527.py; paper-provenance/scripts/plot_characterization_pure_percase.py (older 29-case source; final 27-case/4config generator not retained),not applicable,,not a benchmark measurement,,Language version or instruction semantic definition; no empirical dataset required.
C0469,current,unreferenced artifact,empirical,paper/tables/sec-3-micro-artifacts.tex,10,"x86-64 KVM & Pure bytecode 29 & \texttt{210952\_650695} & kernel, LLVM-BPF, native, kernel native & 0 \\","table row: x86-64 KVM & Pure bytecode 29 & \texttt{210952\_650695} & kernel, LLVM-BPF, native, kernel native & 0 \\",29; 210952; 50695; 0,micro/results/x86_kvm_micro_20260526_210952_650695,micro/results/x86_kvm_micro_20260526_210952_650695,yes,2026-05-26T21:09:52.650695+00:00,x86_kvm_micro; CPU Intel(R) Core(TM) Ultra 9 285K,unknown,completed,bpf-benchmark/docs/archive/shared/plot_micro_characterization_20260527.py; paper-provenance/scripts/plot_characterization_pure_percase.py (older 29-case source; final 27-case/4config generator not retained),partial/unverified,,not independently verified,,"Non-performance instruction widths and normalization conventions are definitions, not missing benchmark measurements. Related detailed rows trace measured claims. Detailed metric/artifact row at the same source line supplies exact recomputation."
C0470,current,unreferenced artifact,empirical,paper/tables/sec-3-micro-artifacts.tex,11,"ARM64 AWS & Pure bytecode 29 & \texttt{063319\_954947} & kernel, LLVM-BPF, native, kernel native & 0 \\","table row: ARM64 AWS & Pure bytecode 29 & \texttt{063319\_954947} & kernel, LLVM-BPF, native, kernel native & 0 \\",29; 063319; 54947; 0,micro/results/aws_arm64_micro_20260606_063319_954947,micro/results/aws_arm64_micro_20260606_063319_954947,yes,2026-06-06T06:33:19.954947+00:00,aws_arm64_micro; CPU aarch64,unknown,completed,bpf-benchmark/docs/archive/shared/plot_micro_characterization_20260527.py; paper-provenance/scripts/plot_characterization_pure_percase.py (older 29-case source; final 27-case/4config generator not retained),partial/unverified,,not independently verified,,"Non-performance instruction widths and normalization conventions are definitions, not missing benchmark measurements. Related detailed rows trace measured claims. Detailed metric/artifact row at the same source line supplies exact recomputation."
C0471,current,body,empirical,paper/tables/sec-3-micro-summary.tex,4,"\caption{Speedup over the kernel eBPF JIT on the 27 pure-bytecode microbenchmarks, as the geometric mean of median steady-state time. A path counts as faster on a benchmark when it beats the kernel eBPF JIT by more than 2\%.}","measurement/population convention: \caption{Speedup over the kernel eBPF JIT on the 27 pure-bytecode microbenchmarks, as the geometric mean of median steady-state time. A path counts as faster on a benchmark when it beats the kernel eBPF JIT by more than 2\%.}",27; 2,micro/results/x86_kvm_micro_20260526_210952_650695; micro/results/aws_arm64_micro_20260523_091516_610343; micro/results/aws_arm64_micro_20260520_052452_727433,micro/results/x86_kvm_micro_20260526_210952_650695; micro/results/aws_arm64_micro_20260523_091516_610343; micro/results/aws_arm64_micro_20260520_052452_727433,yes,2026-05-26T21:09:52.650695+00:00; 2026-05-23T09:15:16.610343+00:00; 2026-05-20T05:24:52.727433+00:00,x86_kvm_micro; CPU Intel(R) Core(TM) Ultra 9 285K; aws_arm64_micro; CPU aarch64,unknown,completed,bpf-benchmark/docs/archive/shared/plot_micro_characterization_20260527.py; paper-provenance/scripts/plot_characterization_pure_percase.py (older 29-case source; final 27-case/4config generator not retained),partial/unverified,,inspect raw defaults; ARM characterization userspace run has SAMPLES=1 INNER_REPEAT=10000,,"Other main micro runs have SAMPLES=3, WARMUPS=0, INNER_REPEAT=100000; paper RQ1 caption says three measured samples."
C0472,current,unreferenced artifact,declared count,paper/tables/sec-6-RQ2-RQ3.tex,14,4086 &,table row: 4086 &,4086,corpus/results/x86_kvm_corpus_20260604_070210_639497,corpus/results/x86_kvm_corpus_20260604_070210_639497,run exists; required raw report absent,2026-06-04T07:02:10.639497+00:00,x86_kvm_corpus,not recorded,completed,bpf-benchmark/docs/archive/shared/kinsn_eval_20260604.py; bpf-benchmark/kinsn/docs/evaluation.md; paper-provenance/scripts/plot_app_case_studies.py (hard-coded plot inputs),no,,original site report absent,,"Non-performance instruction widths and normalization conventions are definitions, not missing benchmark measurements. Related detailed rows trace measured claims."
C0473,current,unreferenced artifact,empirical,paper/tables/sec-6-RQ2-RQ3.tex,15,1.074$\times$ \\,table row: 1.074$\times$ \\,1.074,corpus/results/x86_kvm_corpus_20260604_100557_313063,corpus/results/x86_kvm_corpus_20260604_100557_313063,yes,2026-06-04T10:05:57.313063+00:00,x86_kvm_corpus,not recorded,completed,bpf-benchmark/docs/archive/shared/kinsn_eval_20260604.py; bpf-benchmark/kinsn/docs/evaluation.md; paper-provenance/scripts/plot_app_case_studies.py (hard-coded plot inputs),yes,1.074262360,matches rounding,as detailed current RQ3 scalar rows,"Non-performance instruction widths and normalization conventions are definitions, not missing benchmark measurements. Related detailed rows trace measured claims."
C0474,current,unreferenced artifact,declared count,paper/tables/sec-6-RQ2-RQ3.tex,18,3512 &,table row: 3512 &,3512,corpus/results/x86_kvm_corpus_20260604_232313_992341,corpus/results/x86_kvm_corpus_20260604_232313_992341,run exists; required raw report absent,2026-06-04T23:23:13.992341+00:00,x86_kvm_corpus,not recorded,completed,bpf-benchmark/docs/archive/shared/kinsn_eval_20260604.py; bpf-benchmark/kinsn/docs/evaluation.md; paper-provenance/scripts/plot_app_case_studies.py (hard-coded plot inputs),no,,original site report absent,,"Non-performance instruction widths and normalization conventions are definitions, not missing benchmark measurements. Related detailed rows trace measured claims."
C0475,current,unreferenced artifact,empirical,paper/tables/sec-6-RQ2-RQ3.tex,19,1.114$\times$ \\,table row: 1.114$\times$ \\,1.114,corpus/results/x86_kvm_corpus_20260605_004607_636479,corpus/results/x86_kvm_corpus_20260605_004607_636479,yes,2026-06-05T00:46:07.636479+00:00,x86_kvm_corpus,not recorded,completed,bpf-benchmark/docs/archive/shared/kinsn_eval_20260604.py; bpf-benchmark/kinsn/docs/evaluation.md; paper-provenance/scripts/plot_app_case_studies.py (hard-coded plot inputs),yes,1.113902567,matches rounding,as detailed current RQ3 scalar rows,"Non-performance instruction widths and normalization conventions are definitions, not missing benchmark measurements. Related detailed rows trace measured claims."
C0476,current,unreferenced artifact,declared count,paper/tables/sec-6-RQ2-RQ3.tex,22,21 &,table row: 21 &,21,corpus/results/aws_arm64_corpus_20260605_080836_924256,corpus/results/aws_arm64_corpus_20260605_080836_924256,run exists; required raw report absent,2026-06-05T08:08:36.924256+00:00,aws_arm64_corpus,not recorded,error,bpf-benchmark/docs/archive/shared/kinsn_eval_20260604.py; bpf-benchmark/kinsn/docs/evaluation.md; paper-provenance/scripts/plot_app_case_studies.py (hard-coded plot inputs),no,,original site report absent,,"Non-performance instruction widths and normalization conventions are definitions, not missing benchmark measurements. Related detailed rows trace measured claims."
C0477,current,unreferenced artifact,empirical,paper/tables/sec-6-RQ2-RQ3.tex,23,1.073$\times$ \\,table row: 1.073$\times$ \\,1.073,corpus/results/aws_arm64_corpus_20260605_080836_924256,corpus/results/aws_arm64_corpus_20260605_080836_924256,yes,2026-06-05T08:08:36.924256+00:00,aws_arm64_corpus,not recorded,error,bpf-benchmark/docs/archive/shared/kinsn_eval_20260604.py; bpf-benchmark/kinsn/docs/evaluation.md; paper-provenance/scripts/plot_app_case_studies.py (hard-coded plot inputs),yes,1.072759989,matches rounding,as detailed current RQ3 scalar rows,"Non-performance instruction widths and normalization conventions are definitions, not missing benchmark measurements. Related detailed rows trace measured claims."
C0478,current,unreferenced artifact,declared count,paper/tables/sec-6-RQ2-RQ3.tex,26,62 &,table row: 62 &,62,corpus/results/aws_arm64_corpus_20260605_094729_221231,corpus/results/aws_arm64_corpus_20260605_094729_221231,run exists; required raw report absent,2026-06-05T09:47:29.221231+00:00,aws_arm64_corpus,not recorded,error,bpf-benchmark/docs/archive/shared/kinsn_eval_20260604.py; bpf-benchmark/kinsn/docs/evaluation.md; paper-provenance/scripts/plot_app_case_studies.py (hard-coded plot inputs),no,,original site report absent,,"Non-performance instruction widths and normalization conventions are definitions, not missing benchmark measurements. Related detailed rows trace measured claims."
C0479,current,unreferenced artifact,empirical,paper/tables/sec-6-RQ2-RQ3.tex,27,0.995$\times$ \\,table row: 0.995$\times$ \\,0.995,corpus/results/aws_arm64_corpus_20260605_094729_221231,corpus/results/aws_arm64_corpus_20260605_094729_221231,yes,2026-06-05T09:47:29.221231+00:00,aws_arm64_corpus,not recorded,error,bpf-benchmark/docs/archive/shared/kinsn_eval_20260604.py; bpf-benchmark/kinsn/docs/evaluation.md; paper-provenance/scripts/plot_app_case_studies.py (hard-coded plot inputs),yes,0.994743164,matches rounding,as detailed current RQ3 scalar rows,"Non-performance instruction widths and normalization conventions are definitions, not missing benchmark measurements. Related detailed rows trace measured claims."
C0480,current,unreferenced artifact,empirical,paper/tables/sec-6-kinsn-case-studies.tex,10,"Cilium & x86-64 KVM & Full & 4697 & 1.114$\times$ & 0.776$\times$ & 2 / 2-0-0 & lea, endian, prefetch, bulk, select \\","table row: Cilium & x86-64 KVM & Full & 4697 & 1.114$\times$ & 0.776$\times$ & 2 / 2-0-0 & lea, endian, prefetch, bulk, select \\",4697; 1.114; 0.776; 2; 2; 0; 0,,,no raw dataset identified,,,,,bpf-benchmark/docs/archive/shared/kinsn_eval_20260604.py; bpf-benchmark/kinsn/docs/evaluation.md; paper-provenance/scripts/plot_app_case_studies.py (hard-coded plot inputs),partial/unverified,,not independently verified,,"Non-performance instruction widths and normalization conventions are definitions, not missing benchmark measurements. Related detailed rows trace measured claims."
C0481,current,unreferenced artifact,empirical,paper/tables/sec-6-kinsn-case-studies.tex,11,"Katran & x86-64 KVM & No bulk & 77 & 1.032$\times$ & 0.932$\times$ & 1 / 1-0-0 & lea, rotate, endian, prefetch, extract \\","table row: Katran & x86-64 KVM & No bulk & 77 & 1.032$\times$ & 0.932$\times$ & 1 / 1-0-0 & lea, rotate, endian, prefetch, extract \\",77; 1.032; 0.932; 1; 1; 0; 0,corpus/results/x86_kvm_corpus_20260605_164411_317423,corpus/results/x86_kvm_corpus_20260605_164411_317423,yes,2026-06-05T16:44:11.317423+00:00,x86_kvm_corpus; CPU not recorded,not recorded,error,bpf-benchmark/docs/artifacts/render_claim_table.py,partial/unverified,,not independently verified,,"Non-performance instruction widths and normalization conventions are definitions, not missing benchmark measurements. Related detailed rows trace measured claims. Detailed metric/artifact row at the same source line supplies exact recomputation."
C0482,current,unreferenced artifact,empirical,paper/tables/sec-6-kinsn-case-studies.tex,12,"Katran & ARM64 AWS & Conservative & 21 & 1.073$\times$ & 0.941$\times$ & 1 / 1-0-0 & rotate, extract \\","table row: Katran & ARM64 AWS & Conservative & 21 & 1.073$\times$ & 0.941$\times$ & 1 / 1-0-0 & rotate, extract \\",21; 1.073; 0.941; 1; 1; 0; 0,,,no raw dataset identified,,,,,bpf-benchmark/docs/archive/shared/kinsn_eval_20260604.py; bpf-benchmark/kinsn/docs/evaluation.md; paper-provenance/scripts/plot_app_case_studies.py (hard-coded plot inputs),partial/unverified,,not independently verified,,"Non-performance instruction widths and normalization conventions are definitions, not missing benchmark measurements. Related detailed rows trace measured claims."
C0483,current,unreferenced artifact,empirical,paper/tables/sec-6-kinsn-micro.tex,10,x86-64 KVM & LLVM-\lang candidate / stock kernel & 29 & 0 & 1.216$\times$ & n/a \\,table row: x86-64 KVM & LLVM-\lang candidate / stock kernel & 29 & 0 & 1.216$\times$ & n/a \\,29; 0; 1.216,micro/results/x86_kvm_micro_20260519_114214_364050; micro/results/x86_kvm_micro_20260526_210351_224315,micro/results/x86_kvm_micro_20260519_114214_364050; micro/results/x86_kvm_micro_20260526_210351_224315,yes,2026-05-19T11:42:14.364050+00:00; 2026-05-26T21:03:51.224315+00:00,x86_kvm_micro; CPU Intel(R) Core(TM) Ultra 9 285K,unknown,completed,paper-provenance/scripts/plot_evaluation_kinsn.py (older 29-case source); bpf-benchmark/docs/artifacts/render_claim_table.py (27-case derivation),partial/unverified,,not independently verified,,"Non-performance instruction widths and normalization conventions are definitions, not missing benchmark measurements. Related detailed rows trace measured claims. Detailed metric/artifact row at the same source line supplies exact recomputation."
C0484,current,unreferenced artifact,empirical,paper/tables/sec-6-kinsn-micro.tex,11,ARM64 AWS & \texttt{kernel} / \texttt{kernel\_rejit} & 29 & 0 & 1.208$\times$ & 308/308 \\,table row: ARM64 AWS & \texttt{kernel} / \texttt{kernel\_rejit} & 29 & 0 & 1.208$\times$ & 308/308 \\,29; 0; 1.208; 308; 308,micro/results/aws_arm64_micro_20260606_001225_821028,micro/results/aws_arm64_micro_20260606_001225_821028,yes,2026-06-06T00:12:25.821028+00:00,aws_arm64_micro; CPU aarch64,unknown,completed,paper-provenance/scripts/plot_evaluation_kinsn.py (older 29-case source); bpf-benchmark/docs/artifacts/render_claim_table.py (27-case derivation),partial/unverified,,not independently verified,,"Non-performance instruction widths and normalization conventions are definitions, not missing benchmark measurements. Related detailed rows trace measured claims. Detailed metric/artifact row at the same source line supplies exact recomputation."
C0485,current,unreferenced artifact,empirical,paper/tables/sec-6-kinsn-micro.tex,10,x86-64 KVM & LLVM-\lang candidate / stock kernel & 29 & 0 & 1.216$\times$ & n/a \\,unreferenced 29-case micro speedup,1.216,micro/results/x86_kvm_micro_20260519_114214_364050; micro/results/x86_kvm_micro_20260526_210351_224315,micro/results/x86_kvm_micro_20260519_114214_364050; micro/results/x86_kvm_micro_20260526_210351_224315,yes,2026-05-19T11:42:14.364050+00:00; 2026-05-26T21:03:51.224315+00:00,x86_kvm_micro; CPU Intel(R) Core(TM) Ultra 9 285K,unknown,completed,paper-provenance/scripts/plot_evaluation_kinsn.py (older 29-case source); bpf-benchmark/docs/artifacts/render_claim_table.py (27-case derivation),yes,1.215665393,matches rounding,all 29 benchmarks including simple/simple_packet,
C0486,current,unreferenced artifact,empirical,paper/tables/sec-6-kinsn-micro.tex,11,ARM64 AWS & \texttt{kernel} / \texttt{kernel\_rejit} & 29 & 0 & 1.208$\times$ & 308/308 \\,unreferenced 29-case micro speedup,1.208,micro/results/aws_arm64_micro_20260606_001225_821028,micro/results/aws_arm64_micro_20260606_001225_821028,yes,2026-06-06T00:12:25.821028+00:00,aws_arm64_micro; CPU aarch64,unknown,completed,paper-provenance/scripts/plot_evaluation_kinsn.py (older 29-case source); bpf-benchmark/docs/artifacts/render_claim_table.py (27-case derivation),yes,1.208129420,matches rounding,all 29 benchmarks including simple/simple_packet,
C0487,current,unreferenced artifact,figure artifact,paper/figures/sec-6-kinsn-micro-rq1.tex,6,\includegraphics[width=\textwidth]{figures/sec-6-x86-kinsn-micro-best-raw-27-20260608.pdf},figure file kinsn-micro-arm64-rejit-20260605.png,kinsn-micro-arm64-rejit-20260605.png,micro/results/aws_arm64_micro_20260605_195615_598255; micro/results/aws_arm64_micro_20260605_201826_257732,micro/results/aws_arm64_micro_20260605_195615_598255; micro/results/aws_arm64_micro_20260605_201826_257732,yes,2026-06-05T19:56:15.598255+00:00; 2026-06-05T20:18:26.257732+00:00,aws_arm64_micro; CPU aarch64,unknown,completed,bpf-benchmark/docs/archive/shared/plot_arm64_kinsn_micro_20260606.py; paper-provenance/scripts/plot_evaluation_kinsn.py (older 29-case source); bpf-benchmark/docs/artifacts/render_claim_table.py (27-case derivation),partial/unverified,,traced inputs; final generator limitations stated,,"Figure filename date is a rendering date; raw collection dates appear in run_dates. Final 27-case plot excludes simple/simple_packet; older 29-case versions have geomean 1.208, or selector-unfixed June5 near 1.00."
C0488,current,body,figure artifact,paper/figures/sec-3-pure-bytecode-percase.tex,3,\includegraphics[width=\textwidth]{figures/sec-3-4config-percase.pdf},figure file sec-3-4config-percase.pdf,sec-3-4config-percase.pdf,micro/results/x86_kvm_micro_20260526_210952_650695; micro/results/aws_arm64_micro_20260523_091516_610343; micro/results/aws_arm64_micro_20260520_052452_727433,micro/results/x86_kvm_micro_20260526_210952_650695; micro/results/aws_arm64_micro_20260523_091516_610343; micro/results/aws_arm64_micro_20260520_052452_727433,yes,2026-05-26T21:09:52.650695+00:00; 2026-05-23T09:15:16.610343+00:00; 2026-05-20T05:24:52.727433+00:00,x86_kvm_micro; CPU Intel(R) Core(TM) Ultra 9 285K; aws_arm64_micro; CPU aarch64,unknown,completed,bpf-benchmark/docs/archive/shared/plot_micro_characterization_20260527.py; paper-provenance/scripts/plot_characterization_pure_percase.py (older 29-case source; final 27-case/4config generator not retained),partial/unverified,,traced inputs; final generator limitations stated,,Figure filename date is a rendering date; raw collection dates appear in run_dates.
C0489,current,unreferenced artifact,figure artifact,paper/figures/sec-3-pure-bytecode-percase.tex,3,\includegraphics[width=\textwidth]{figures/sec-3-4config-percase.pdf},figure file sec-3-arm64-pure-bytecode-percase-20260606.pdf,sec-3-arm64-pure-bytecode-percase-20260606.pdf,micro/results/aws_arm64_micro_20260606_063319_954947,micro/results/aws_arm64_micro_20260606_063319_954947,yes,2026-06-06T06:33:19.954947+00:00,aws_arm64_micro; CPU aarch64,unknown,completed,paper-provenance/scripts/plot_characterization_pure_percase.py; bpf-benchmark/docs/archive/shared/plot_micro_characterization_20260606.py,partial/unverified,,traced inputs; final generator limitations stated,,"Figure filename date is a rendering date; raw collection dates appear in run_dates. These older plots use 29 cases, and the ARM source is June6 rather than the final two May paths."
C0490,current,body,missing raw,paper/figures/sec-3-jit-dump.tex,3,\includegraphics[width=\linewidth]{figures/sec-3-jit-dump-fig.pdf},figure file sec-3-jit-dump-fig.pdf,sec-3-jit-dump-fig.pdf,,,no raw data in reachable repositories,,,,,original Linux 6.1 illustration; original dumps unavailable,no,,original raw data not found,,Figure filename date is a rendering date; raw collection dates appear in run_dates.
C0491,current,unreferenced artifact,missing raw,paper/figures/sec-3-jit-dump.tex,3,\includegraphics[width=\linewidth]{figures/sec-3-jit-dump-fig.pdf},figure file sec-3-jit-dump-old.pdf,sec-3-jit-dump-old.pdf,,,no raw data in reachable repositories,,,,,original Linux 6.1 illustration; original dumps unavailable,no,,original raw data not found,,Figure filename date is a rendering date; raw collection dates appear in run_dates.
C0492,current,unreferenced artifact,missing raw,paper/figures/sec-3-perf-gap.tex,3,\includegraphics[width=\columnwidth]{figures/sec-3-perf-gap-fig.pdf},figure file sec-3-perf-gap-fig.pdf,sec-3-perf-gap-fig.pdf,,,no raw data in reachable repositories,,,,,54-benchmark category figure; exact generator/raw population not identified,no,,original raw data not found,,Figure filename date is a rendering date; raw collection dates appear in run_dates.
C0493,current,unreferenced artifact,figure artifact,paper/figures/sec-3-pure-bytecode-aggregate.tex,3,\includegraphics[width=\columnwidth]{figures/sec-3-pure-bytecode-aggregate-20260606.pdf},figure file sec-3-pure-bytecode-aggregate-20260606.pdf,sec-3-pure-bytecode-aggregate-20260606.pdf,micro/results/x86_kvm_micro_20260526_210952_650695; micro/results/aws_arm64_micro_20260606_063319_954947,micro/results/x86_kvm_micro_20260526_210952_650695; micro/results/aws_arm64_micro_20260606_063319_954947,yes,2026-05-26T21:09:52.650695+00:00; 2026-06-06T06:33:19.954947+00:00,x86_kvm_micro; CPU Intel(R) Core(TM) Ultra 9 285K; aws_arm64_micro; CPU aarch64,unknown,completed,paper-provenance/scripts/plot_characterization_pure_percase.py; bpf-benchmark/docs/archive/shared/plot_micro_characterization_20260606.py,partial/unverified,,traced inputs; final generator limitations stated,,"Figure filename date is a rendering date; raw collection dates appear in run_dates. These older plots use 29 cases, and the ARM source is June6 rather than the final two May paths."
C0494,current,unreferenced artifact,figure artifact,paper/figures/sec-3-pure-bytecode-percase.tex,3,\includegraphics[width=\textwidth]{figures/sec-3-4config-percase.pdf},figure file sec-3-x86-paths-percase.pdf,sec-3-x86-paths-percase.pdf,micro/results/x86_kvm_micro_20260526_210952_650695,micro/results/x86_kvm_micro_20260526_210952_650695,yes,2026-05-26T21:09:52.650695+00:00,x86_kvm_micro; CPU Intel(R) Core(TM) Ultra 9 285K,unknown,completed,bpf-benchmark/docs/archive/shared/plot_micro_characterization_20260527.py; paper-provenance/scripts/plot_characterization_pure_percase.py (older 29-case source; final 27-case/4config generator not retained),partial/unverified,,traced inputs; final generator limitations stated,,Figure filename date is a rendering date; raw collection dates appear in run_dates. 27-case x86 predecessor; final 4config file is the active figure.
C0495,current,unreferenced artifact,figure artifact,paper/figures/sec-3-pure-bytecode-percase.tex,3,\includegraphics[width=\textwidth]{figures/sec-3-4config-percase.pdf},figure file sec-3-x86-pure-bytecode-percase-20260606.pdf,sec-3-x86-pure-bytecode-percase-20260606.pdf,micro/results/x86_kvm_micro_20260526_210952_650695,micro/results/x86_kvm_micro_20260526_210952_650695,yes,2026-05-26T21:09:52.650695+00:00,x86_kvm_micro; CPU Intel(R) Core(TM) Ultra 9 285K,unknown,completed,paper-provenance/scripts/plot_characterization_pure_percase.py; bpf-benchmark/docs/archive/shared/plot_micro_characterization_20260606.py,partial/unverified,,traced inputs; final generator limitations stated,,"Figure filename date is a rendering date; raw collection dates appear in run_dates. These older plots use 29 cases, and the ARM source is June6 rather than the final two May paths."
C0496,current,unreferenced artifact,figure artifact,paper/figures/sec-6-app-case-studies.tex,3,\includegraphics[width=\columnwidth]{figures/sec-6-app-case-studies-fig.pdf},figure file sec-6-app-case-studies-fig.pdf,sec-6-app-case-studies-fig.pdf,corpus/results/x86_kvm_corpus_20260604_100557_313063; corpus/results/x86_kvm_corpus_20260605_004607_636479; corpus/results/aws_arm64_corpus_20260605_080836_924256; corpus/results/aws_arm64_corpus_20260605_094729_221231,corpus/results/x86_kvm_corpus_20260604_100557_313063; corpus/results/x86_kvm_corpus_20260605_004607_636479; corpus/results/aws_arm64_corpus_20260605_080836_924256; corpus/results/aws_arm64_corpus_20260605_094729_221231,yes,2026-06-04T10:05:57.313063+00:00; 2026-06-05T00:46:07.636479+00:00; 2026-06-05T08:08:36.924256+00:00; 2026-06-05T09:47:29.221231+00:00,x86_kvm_corpus; CPU not recorded; aws_arm64_corpus; CPU not recorded,not recorded,completed; error,paper-provenance/scripts/plot_app_case_studies.py (hard-coded inputs); bpf-benchmark/docs/archive/shared/kinsn_eval_20260604.py; bpf-benchmark/kinsn/docs/evaluation.md; paper-provenance/scripts/plot_app_case_studies.py (hard-coded plot inputs),partial/unverified,,traced inputs; final generator limitations stated,,Figure filename date is a rendering date; raw collection dates appear in run_dates.
C0497,current,unreferenced artifact,figure artifact,paper/figures/sec-6-kinsn-micro-rq1.tex,6,\includegraphics[width=\textwidth]{figures/sec-6-x86-kinsn-micro-best-raw-27-20260608.pdf},figure file sec-6-arm64-kinsn-micro-rejit-20260606.pdf,sec-6-arm64-kinsn-micro-rejit-20260606.pdf,micro/results/aws_arm64_micro_20260606_001225_821028,micro/results/aws_arm64_micro_20260606_001225_821028,yes,2026-06-06T00:12:25.821028+00:00,aws_arm64_micro; CPU aarch64,unknown,completed,bpf-benchmark/docs/archive/shared/plot_arm64_kinsn_micro_20260606.py; paper-provenance/scripts/plot_evaluation_kinsn.py (older 29-case source); bpf-benchmark/docs/artifacts/render_claim_table.py (27-case derivation),partial/unverified,,traced inputs; final generator limitations stated,,"Figure filename date is a rendering date; raw collection dates appear in run_dates. Final 27-case plot excludes simple/simple_packet; older 29-case versions have geomean 1.208, or selector-unfixed June5 near 1.00."
C0498,current,body,figure artifact,paper/figures/sec-6-kinsn-micro-rq1.tex,6,\includegraphics[width=\textwidth]{figures/sec-6-x86-kinsn-micro-best-raw-27-20260608.pdf},figure file sec-6-arm64-kinsn-micro-rejit-27-20260608.pdf,sec-6-arm64-kinsn-micro-rejit-27-20260608.pdf,micro/results/aws_arm64_micro_20260606_001225_821028,micro/results/aws_arm64_micro_20260606_001225_821028,yes,2026-06-06T00:12:25.821028+00:00,aws_arm64_micro; CPU aarch64,unknown,completed,bpf-benchmark/docs/archive/shared/plot_arm64_kinsn_micro_20260606.py; paper-provenance/scripts/plot_evaluation_kinsn.py (older 29-case source); bpf-benchmark/docs/artifacts/render_claim_table.py (27-case derivation),partial/unverified,,traced inputs; final generator limitations stated,,"Figure filename date is a rendering date; raw collection dates appear in run_dates. Final 27-case plot excludes simple/simple_packet; older 29-case versions have geomean 1.208, or selector-unfixed June5 near 1.00."
C0499,current,body,figure artifact,paper/figures/sec-6-kinsn-micro-rq3.tex,3,\includegraphics[width=\columnwidth]{figures/sec-6-rq3-cilium-katran.pdf},figure file sec-6-rq3-cilium-katran.pdf,sec-6-rq3-cilium-katran.pdf,corpus/results/x86_kvm_corpus_20260604_100557_313063; corpus/results/x86_kvm_corpus_20260604_070210_639497; corpus/results/x86_kvm_corpus_20260605_004607_636479; corpus/results/x86_kvm_corpus_20260604_232313_992341; corpus/results/aws_arm64_corpus_20260605_080836_924256; corpus/results/aws_arm64_corpus_20260605_094729_221231,corpus/results/x86_kvm_corpus_20260604_100557_313063; corpus/results/x86_kvm_corpus_20260604_070210_639497; corpus/results/x86_kvm_corpus_20260605_004607_636479; corpus/results/x86_kvm_corpus_20260604_232313_992341; corpus/results/aws_arm64_corpus_20260605_080836_924256; corpus/results/aws_arm64_corpus_20260605_094729_221231,yes,2026-06-04T10:05:57.313063+00:00; 2026-06-04T07:02:10.639497+00:00; 2026-06-05T00:46:07.636479+00:00; 2026-06-04T23:23:13.992341+00:00; 2026-06-05T08:08:36.924256+00:00; 2026-06-05T09:47:29.221231+00:00,x86_kvm_corpus; CPU not recorded; aws_arm64_corpus; CPU not recorded,not recorded,completed; error,bpf-benchmark/docs/archive/shared/kinsn_eval_20260604.py; bpf-benchmark/kinsn/docs/evaluation.md; paper-provenance/scripts/plot_app_case_studies.py (hard-coded plot inputs),partial/unverified,,traced inputs; final generator limitations stated,,Figure filename date is a rendering date; raw collection dates appear in run_dates. Active four-point PDF includes both throughput and cost; exact combined-PDF generator is not retained. The historical six-point generator is archived at audit-evidence/plot_rq3_policy_probes-at-5279ee6.py and is a different figure.
C0500,current,unreferenced artifact,figure artifact,paper/figures/sec-6-kinsn-micro-rq1.tex,6,\includegraphics[width=\textwidth]{figures/sec-6-x86-kinsn-micro-best-raw-27-20260608.pdf},figure file sec-6-x86-kinsn-micro-best-raw-20260606.pdf,sec-6-x86-kinsn-micro-best-raw-20260606.pdf,micro/results/x86_kvm_micro_20260519_114214_364050; micro/results/x86_kvm_micro_20260526_210351_224315,micro/results/x86_kvm_micro_20260519_114214_364050; micro/results/x86_kvm_micro_20260526_210351_224315,yes,2026-05-19T11:42:14.364050+00:00; 2026-05-26T21:03:51.224315+00:00,x86_kvm_micro; CPU Intel(R) Core(TM) Ultra 9 285K,unknown,completed,bpf-benchmark/docs/archive/shared/plot_kinsn_micro_20260527.py; paper-provenance/scripts/plot_evaluation_kinsn.py (older 29-case source); bpf-benchmark/docs/artifacts/render_claim_table.py (27-case derivation),partial/unverified,,traced inputs; final generator limitations stated,,Figure filename date is a rendering date; raw collection dates appear in run_dates. Older x86 29-case plot has geomean 1.215665; final 27-case plot has 1.241736. Updated final-PDF generator is not retained.
C0501,current,body,figure artifact,paper/figures/sec-6-kinsn-micro-rq1.tex,6,\includegraphics[width=\textwidth]{figures/sec-6-x86-kinsn-micro-best-raw-27-20260608.pdf},figure file sec-6-x86-kinsn-micro-best-raw-27-20260608.pdf,sec-6-x86-kinsn-micro-best-raw-27-20260608.pdf,micro/results/x86_kvm_micro_20260519_114214_364050; micro/results/x86_kvm_micro_20260526_210351_224315,micro/results/x86_kvm_micro_20260519_114214_364050; micro/results/x86_kvm_micro_20260526_210351_224315,yes,2026-05-19T11:42:14.364050+00:00; 2026-05-26T21:03:51.224315+00:00,x86_kvm_micro; CPU Intel(R) Core(TM) Ultra 9 285K,unknown,completed,bpf-benchmark/docs/archive/shared/plot_kinsn_micro_20260527.py; paper-provenance/scripts/plot_evaluation_kinsn.py (older 29-case source); bpf-benchmark/docs/artifacts/render_claim_table.py (27-case derivation),partial/unverified,,traced inputs; final generator limitations stated,,Figure filename date is a rendering date; raw collection dates appear in run_dates. Older x86 29-case plot has geomean 1.215665; final 27-case plot has 1.241736. Updated final-PDF generator is not retained.
C0502,current,unreferenced artifact,empirical,paper/tables/sec-3-micro-artifacts.tex,10,"x86-64 KVM & Pure bytecode 29 & \texttt{210952\_650695} & kernel, LLVM-BPF, native, kernel native & 0 \\","unused artifact table x86 29 cases, zero mismatches",29; 0,micro/results/x86_kvm_micro_20260526_210952_650695,micro/results/x86_kvm_micro_20260526_210952_650695,yes,2026-05-26T21:09:52.650695+00:00,x86_kvm_micro; CPU Intel(R) Core(TM) Ultra 9 285K,unknown,completed,bpf-benchmark/docs/archive/shared/plot_micro_characterization_20260527.py; paper-provenance/scripts/plot_characterization_pure_percase.py (older 29-case source; final 27-case/4config generator not retained),yes,29; 0,matches,all 29 raw cases,
C0503,current,unreferenced artifact,empirical,paper/tables/sec-3-micro-artifacts.tex,11,"ARM64 AWS & Pure bytecode 29 & \texttt{063319\_954947} & kernel, LLVM-BPF, native, kernel native & 0 \\","unused artifact table June6 ARM 29 cases, zero mismatches",29; 0,micro/results/aws_arm64_micro_20260606_063319_954947,micro/results/aws_arm64_micro_20260606_063319_954947,yes,2026-06-06T06:33:19.954947+00:00,aws_arm64_micro; CPU aarch64,unknown,completed,bpf-benchmark/docs/archive/shared/plot_micro_characterization_20260527.py; paper-provenance/scripts/plot_characterization_pure_percase.py (older 29-case source; final 27-case/4config generator not retained),yes,29; 0,matches,all 29 raw cases; this table is not included in current sections,
C0504,current,unreferenced artifact,empirical,paper/tables/sec-6-kinsn-case-studies.tex,4,"\caption{Production case studies for Cilium and Katran. Workload speedup reports post-ReJIT throughput normalized to baseline. BPF cost reports post-ReJIT per-program cost normalized to baseline, so lower is better.}",unused case-study Cilium ladder full,1.114; 0.776,corpus/results/x86_kvm_corpus_20260605_145112_835705,corpus/results/x86_kvm_corpus_20260605_145112_835705,yes,2026-06-05T14:51:12.835705+00:00,x86_kvm_corpus; CPU not recorded,not recorded,error,bpf-benchmark/docs/artifacts/render_claim_table.py,yes,1.114172; 0.776324,matches,mean pps; weighted ns/run cost,Historical ladder policy kinsn_all_prefetch; distinct from RQ2 full run. Site count 4697 remains declared.
C0505,current,unreferenced artifact,empirical,paper/tables/sec-6-kinsn-case-studies.tex,11,"Katran & x86-64 KVM & No bulk & 77 & 1.032$\times$ & 0.932$\times$ & 1 / 1-0-0 & lea, rotate, endian, prefetch, extract \\",unused case-study x86 Katran no-bulk,1.032; 0.932,corpus/results/x86_kvm_corpus_20260605_164411_317423,corpus/results/x86_kvm_corpus_20260605_164411_317423,yes,2026-06-05T16:44:11.317423+00:00,x86_kvm_corpus; CPU not recorded,not recorded,error,bpf-benchmark/docs/artifacts/render_claim_table.py,yes,1.032193545; 0.932104310,matches rounding,mean pps; one retained hot-XDP BPF cost row,Declared count 77 has no original report.
C0506,revision,body,missing raw,paper/revision/tables/sec-6-application-configurations.tex,12,"Cilium & All optimizations & Address calculation, conditional select,\newline bulk memory access, prefetch \\","applied optimization categories: Cilium & All optimizations & Address calculation, conditional select,\newline bulk memory access, prefetch \\",,,,no raw data in reachable repositories,October 2026 rerun; report directory dated 2026-10-03; exact collection dates unavailable,"EC2 c7i.large (x86 Sapphire Rapids) / c7g.large (ARM64 Graviton3), paper-declared",not recorded in reachable evidence,,paper/review/08-camera-ready-eval-issues-2026-10-04.md:15; author-local /Users/ruoji/.../github/bpf-kinsn/paper/revisions/2026-10-03-sec6-rerun/results.md (unreachable),no,,no original per-site reports for the October EC2 campaign,,"The table asserts generated categories, not just enabled policies; raw transformation reports are required to verify it."
C0507,revision,body,missing raw,paper/revision/tables/sec-6-application-configurations.tex,13,"& Without bulk memory access & Address calculation, conditional select, prefetch \\","applied optimization categories: & Without bulk memory access & Address calculation, conditional select, prefetch \\",,,,no raw data in reachable repositories,October 2026 rerun; report directory dated 2026-10-03; exact collection dates unavailable,"EC2 c7i.large (x86 Sapphire Rapids) / c7g.large (ARM64 Graviton3), paper-declared",not recorded in reachable evidence,,paper/review/08-camera-ready-eval-issues-2026-10-04.md:15; author-local /Users/ruoji/.../github/bpf-kinsn/paper/revisions/2026-10-03-sec6-rerun/results.md (unreachable),no,,no original per-site reports for the October EC2 campaign,,"The table asserts generated categories, not just enabled policies; raw transformation reports are required to verify it."
C0508,revision,body,missing raw,paper/revision/tables/sec-6-application-configurations.tex,15,"Katran & Register optimizations & Rotation, bit extraction \\","applied optimization categories: Katran & Register optimizations & Rotation, bit extraction \\",,,,no raw data in reachable repositories,October 2026 rerun; report directory dated 2026-10-03; exact collection dates unavailable,"EC2 c7i.large (x86 Sapphire Rapids) / c7g.large (ARM64 Graviton3), paper-declared",not recorded in reachable evidence,,paper/review/08-camera-ready-eval-issues-2026-10-04.md:15; author-local /Users/ruoji/.../github/bpf-kinsn/paper/revisions/2026-10-03-sec6-rerun/results.md (unreachable),no,,no original per-site reports for the October EC2 campaign,,"The table asserts generated categories, not just enabled policies; raw transformation reports are required to verify it."
C0509,revision,body,missing raw,paper/revision/tables/sec-6-application-configurations.tex,16,"& Register and memory optimizations & Rotation, bit extraction, big-endian load,\newline bulk memory access, prefetch \\","applied optimization categories: & Register and memory optimizations & Rotation, bit extraction, big-endian load,\newline bulk memory access, prefetch \\",,,,no raw data in reachable repositories,October 2026 rerun; report directory dated 2026-10-03; exact collection dates unavailable,"EC2 c7i.large (x86 Sapphire Rapids) / c7g.large (ARM64 Graviton3), paper-declared",not recorded in reachable evidence,,paper/review/08-camera-ready-eval-issues-2026-10-04.md:15; author-local /Users/ruoji/.../github/bpf-kinsn/paper/revisions/2026-10-03-sec6-rerun/results.md (unreachable),no,,no original per-site reports for the October EC2 campaign,,"The table asserts generated categories, not just enabled policies; raw transformation reports are required to verify it."
C0510,revision,body,missing raw,paper/revision/sections/6-evaluation.tex,21,"All three paths execute programs through the kernel's \texttt{BPF\_PROG\_TEST\_RUN} interface. We use 12 independent instances per architecture, interleave measurements of the three paths within each instance, and collect ten readings per program and path after warmup. We compare mean execution time per invocation, excluding rewriting and loading.",EC2 micro measurement protocol,12 independent instances per architecture; 10 post-warmup readings per program/path; interleaved,,,no raw data in reachable repositories,October 2026 rerun; report directory dated 2026-10-03; exact collection dates unavailable,"EC2 c7i.large (x86 Sapphire Rapids) / c7g.large (ARM64 Graviton3), paper-declared",not recorded in reachable evidence,,paper/review/08-camera-ready-eval-issues-2026-10-04.md:15; author-local /Users/ruoji/.../github/bpf-kinsn/paper/revisions/2026-10-03-sec6-rerun/results.md (unreachable),no,,declared protocol/category count; no raw October campaign,,Protocol declarations are present in the paper; no collection receipts or original configs were located for the revision.
C0511,revision,body,missing raw,paper/revision/sections/6-evaluation.tex,14,"We run x86-64 experiments on EC2 c7i.large instances with Intel Xeon Platinum 8488C processors. The ARM64 experiments use c7g.large instances with AWS Graviton3 processors. Both instance types provide two vCPUs and run our research kernel based on Linux 7.0.0-rc2. Within each architecture, all program configurations use the same kernel and module builds. The microbenchmarks use the programs, inputs, and platforms from \S\ref{sec:characterization}. Application workloads are described in their respective subsections.",EC2 instance capacity and kernel,2 vCPUs; Linux 7.0.0-rc2; c7i.large/c7g.large,,,no raw data in reachable repositories,October 2026 rerun; report directory dated 2026-10-03; exact collection dates unavailable,"EC2 c7i.large (x86 Sapphire Rapids) / c7g.large (ARM64 Graviton3), paper-declared",not recorded in reachable evidence,,paper/review/08-camera-ready-eval-issues-2026-10-04.md:15; author-local /Users/ruoji/.../github/bpf-kinsn/paper/revisions/2026-10-03-sec6-rerun/results.md (unreachable),no,,declared protocol/category count; no raw October campaign,,Protocol declarations are present in the paper; no collection receipts or original configs were located for the revision.
C0512,revision,body,missing raw,paper/revision/sections/6-evaluation.tex,42,"We measure application throughput after the service and datapath are ready, using 12 independent instances per configuration. Each Cilium instance warms up for 180 seconds before three 180-second measurement windows, with the Cilium agent paused during measurement. Katran uses a 30-second warmup followed by three 30-second windows. The main measurements disable BPF runtime statistics and CPU sampling. Throughput is the sum of the rates of packets accepted by the transmitting interface, as reported by the two pktgen threads. We average the three windows within each instance, then aggregate the 12 instance experiments. We compute 95\% confidence intervals for throughput ratios by jointly resampling 12 experiment batches, each containing a separate instance for every configuration.",application aggregation and confidence interval protocol,3 windows/instance; 12 experiment batches; 95% paired-batch bootstrap CI,,,no raw data in reachable repositories,October 2026 rerun; report directory dated 2026-10-03; exact collection dates unavailable,"EC2 c7i.large (x86 Sapphire Rapids) / c7g.large (ARM64 Graviton3), paper-declared",not recorded in reachable evidence,,paper/review/08-camera-ready-eval-issues-2026-10-04.md:15; author-local /Users/ruoji/.../github/bpf-kinsn/paper/revisions/2026-10-03-sec6-rerun/results.md (unreachable),no,,declared protocol/category count; no raw October campaign,,Protocol declarations are present in the paper; no collection receipts or original configs were located for the revision.
C0513,revision,body,missing raw,paper/revision/sections/6-evaluation.tex,38,"We test whether these local optimizations improve packet-processing throughput in complete applications. Cilium~\cite{cilium} exercises a network datapath with multiple eBPF programs and tail calls, while Katran~\cite{katran} exercises XDP load balancing. Cilium uses version 1.20.0-dev on x86-64, with bidirectional IPv4 UDP traffic between two endpoints. Katran runs on ARM64, forwarding traffic from one UDP virtual IP address to one backend. Both workloads use 64-byte packets generated by two pktgen threads, each configured with 65,535 flows.",packet generator workload,"64-byte packets; 2 pktgen threads; 65,535 flows/thread",,,no raw data in reachable repositories,October 2026 rerun; report directory dated 2026-10-03; exact collection dates unavailable,"EC2 c7i.large (x86 Sapphire Rapids) / c7g.large (ARM64 Graviton3), paper-declared",not recorded in reachable evidence,,paper/review/08-camera-ready-eval-issues-2026-10-04.md:15; author-local /Users/ruoji/.../github/bpf-kinsn/paper/revisions/2026-10-03-sec6-rerun/results.md (unreachable),no,,declared protocol/category count; no raw October campaign,,Protocol declarations are present in the paper; no collection receipts or original configs were located for the revision.
C0514,revision,body,missing raw,paper/revision/sections/0-abstract.tex,2,"eBPF lets applications execute custom logic in the kernel for tasks such as packet processing and system observability. However, the existing compilation pipeline fails to select efficient implementations available on the target CPU for some computations. Exploiting these opportunities requires existing approaches to trade off native optimization capability against the complexity of trusted code. Bytecode rewriting is constrained by the existing JIT's instruction-selection rules, whereas adding native optimizations requires trusting the corresponding program transformations and code generation. We present \tool, an extensible eBPF compilation framework that enables more efficient native implementations while reusing the existing verifier for safety analysis. The framework identifies optimization opportunities in userspace and selects native implementations provided by the kernel through extended instructions. Each extension describes its behavior using eBPF instructions for safety analysis within the complete program and executes using a semantically equivalent native implementation. We implement seven categories of local optimizations on x86-64 and ARM64. Relative to the stock Linux eBPF JIT, microbenchmarks achieve geometric mean speedups of 1.24$\times$ and 1.22$\times$, respectively. Throughput increases by 7.4\% for Cilium on x86-64 and by 7.3\% for Katran on ARM64.",implemented category count,7,,,no raw data in reachable repositories,October 2026 rerun; report directory dated 2026-10-03; exact collection dates unavailable,"EC2 c7i.large (x86 Sapphire Rapids) / c7g.large (ARM64 Graviton3), paper-declared",not recorded in reachable evidence,,paper/review/08-camera-ready-eval-issues-2026-10-04.md:15; author-local /Users/ruoji/.../github/bpf-kinsn/paper/revisions/2026-10-03-sec6-rerun/results.md (unreachable),no,,declared protocol/category count; no raw October campaign,,Protocol declarations are present in the paper; no collection receipts or original configs were located for the revision.
C0515,revision,body,missing raw,paper/revision/sections/1-introduction.tex,14,"We implement \tool in Linux for x86-64 and ARM64, using kernel modules to provide seven categories of local optimizations involving computation, control flow, and memory access. With the stock Linux eBPF JIT as the baseline, the geometric mean microbenchmark speedups on the two architectures are 1.24$\times$ and 1.22$\times$, respectively. Throughput increases by 7.4\% for Cilium on x86-64 and by 7.3\% for Katran on ARM64. These results show that the framework's local optimizations improve the execution efficiency of computational microbenchmarks and the packet processing throughput of real applications.",implemented category count,7,,,no raw data in reachable repositories,October 2026 rerun; report directory dated 2026-10-03; exact collection dates unavailable,"EC2 c7i.large (x86 Sapphire Rapids) / c7g.large (ARM64 Graviton3), paper-declared",not recorded in reachable evidence,,paper/review/08-camera-ready-eval-issues-2026-10-04.md:15; author-local /Users/ruoji/.../github/bpf-kinsn/paper/revisions/2026-10-03-sec6-rerun/results.md (unreachable),no,,declared protocol/category count; no raw October campaign,,Protocol declarations are present in the paper; no collection receipts or original configs were located for the revision.
C0516,revision,body,empirical,paper/revision/tables/sec-3-microbenchmarks.tex,4,\caption{Computational microbenchmarks used in Figure~\ref{fig:char-pure-percase}. The \texttt{cksum} and \texttt{tc\_cksum} programs perform the same computation with different eBPF program types.},27 named computation programs and descriptions,27,micro/results/x86_kvm_micro_20260526_210952_650695,micro/results/x86_kvm_micro_20260526_210952_650695,yes,2026-05-26T21:09:52.650695+00:00,x86_kvm_micro; CPU Intel(R) Core(TM) Ultra 9 285K,unknown,completed,bpf-benchmark/micro/programs/*.bpf.c; paper-provenance/scripts/plot_characterization_pure_percase.py,yes,27,static workload names correspond to retained suite,29-name suite excluding simple/simple_packet; abbreviations map to 27 computation sources,"This verifies the workload list only, not the revision EC2 timings or upstream extraction provenance."
