[506.555933 pid=12507 tid=12507] shim_init pid=12507 exe=/artifacts/tracee/bin/tracee
[506.556393 pid=12507 tid=12511] socket: listening on /var/run/bpfrejit/shim-12507.sock
[506.794804 pid=12507 tid=12517] BPF_PROG_LOAD type=1 (socket_filter) name= insn_cnt=2 hash=39f82ae52884c235 policy_hash=39f82ae52884c235 branch_profile_hash=13453716aec57bda license=GPL expected_attach=0 attach_btf_id=0 prog_btf_fd=0 attach_btf_obj_fd=0 attach_prog_fd=0
[506.817019 pid=12507 tid=12517] kopprober wrote target=/tmp/target.json
[506.836120 pid=12507 tid=12517] loadtime policy prog= policy_hash=39f82ae52884c235 branch_profile_hash=13453716aec57bda insn_cnt=2
[506.866051 pid=12507 tid=12517] loadtime step prog= step=wide_mem elapsed_ms=12
[506.867217 pid=12507 tid=12517] loadtime optimized prog= insns=2->6 maps=0 workdir=/workspaces/repository/corpus/results/x86_kvm_corpus_20260926_152627_089782/details/loadtime-workdirs/loadtime_12507_0
[506.867323 pid=12507 tid=12517]   PROG_LOAD -> fd=113 errno=0 kernel_prog_id=168
[506.867399 pid=12507 tid=12517] BPF_MAP_CREATE type=33 key_size=0 value_size=0 max_entries=1 name=
[506.868638 pid=12507 tid=12517]   MAP_CREATE -> fd=113 errno=0 kernel_map_id=239
[506.869030 pid=12507 tid=12517] BPF_PROG_LOAD type=2 (kprobe) name= insn_cnt=2 hash=c922f2517112e7eb policy_hash=c922f2517112e7eb branch_profile_hash=fe894341462557b9 license=GPL expected_attach=0 attach_btf_id=0 prog_btf_fd=0 attach_btf_obj_fd=0 attach_prog_fd=0
[506.889980 pid=12507 tid=12517] loadtime policy prog= policy_hash=c922f2517112e7eb branch_profile_hash=fe894341462557b9 insn_cnt=2
[506.917242 pid=12507 tid=12517] loadtime step prog= step=wide_mem elapsed_ms=13
[506.917316 pid=12507 tid=12517] loadtime prog= produced no bytecode changes; passing original BPF_PROG_LOAD through
[506.917413 pid=12507 tid=12517]   PROG_LOAD -> fd=113 errno=0 kernel_prog_id=171
[507.006630 pid=12507 tid=12515] BPF_PROG_LOAD type=2 (kprobe) name= insn_cnt=2 hash=bf7505f91f32cdb8 policy_hash=bf7505f91f32cdb8 branch_profile_hash=fe894341462557b9 license=GPL expected_attach=0 attach_btf_id=0 prog_btf_fd=0 attach_btf_obj_fd=0 attach_prog_fd=0
[507.027379 pid=12507 tid=12515] loadtime policy prog= policy_hash=bf7505f91f32cdb8 branch_profile_hash=fe894341462557b9 insn_cnt=2
[507.054457 pid=12507 tid=12515] loadtime step prog= step=wide_mem elapsed_ms=13
[507.054531 pid=12507 tid=12515] loadtime prog= produced no bytecode changes; passing original BPF_PROG_LOAD through
[507.054633 pid=12507 tid=12515]   PROG_LOAD -> fd=113 errno=0 kernel_prog_id=174
[507.060344 pid=12507 tid=12515] BPF_MAP_CREATE type=1 key_size=4 value_size=4 max_entries=1 name=
[507.060504 pid=12507 tid=12515]   MAP_CREATE -> fd=113 errno=0 kernel_map_id=240
[507.060567 pid=12507 tid=12515] BPF_MAP_CREATE type=3 key_size=4 value_size=4 max_entries=1 name=
[507.060641 pid=12507 tid=12515]   MAP_CREATE -> fd=114 errno=0 kernel_map_id=241
[507.060710 pid=12507 tid=12515] BPF_MAP_CREATE type=9 key_size=4 value_size=4 max_entries=1 name=
[507.060779 pid=12507 tid=12515]   MAP_CREATE -> fd=113 errno=0 kernel_map_id=242
[507.060846 pid=12507 tid=12515] BPF_MAP_CREATE type=2 key_size=4 value_size=4 max_entries=1 name=
[507.060917 pid=12507 tid=12515]   MAP_CREATE -> fd=113 errno=0 kernel_map_id=243
[507.060987 pid=12507 tid=12515] BPF_MAP_CREATE type=3 key_size=4 value_size=4 max_entries=1 name=
[507.061057 pid=12507 tid=12515]   MAP_CREATE -> fd=113 errno=0 kernel_map_id=244
[507.061129 pid=12507 tid=12515] BPF_MAP_CREATE type=3 key_size=4 value_size=4 max_entries=1 name=
[507.061197 pid=12507 tid=12515]   MAP_CREATE -> fd=113 errno=0 kernel_map_id=245
[507.061269 pid=12507 tid=12515] BPF_MAP_CREATE type=9 key_size=4 value_size=4 max_entries=1 name=
[507.061339 pid=12507 tid=12515]   MAP_CREATE -> fd=113 errno=0 kernel_map_id=246
[507.061408 pid=12507 tid=12515] BPF_MAP_CREATE type=3 key_size=4 value_size=4 max_entries=1 name=
[507.061479 pid=12507 tid=12515]   MAP_CREATE -> fd=113 errno=0 kernel_map_id=247
[507.061550 pid=12507 tid=12515] BPF_MAP_CREATE type=3 key_size=4 value_size=4 max_entries=1 name=
[507.061619 pid=12507 tid=12515]   MAP_CREATE -> fd=113 errno=0 kernel_map_id=248
[507.061693 pid=12507 tid=12515] BPF_MAP_CREATE type=3 key_size=4 value_size=4 max_entries=1 name=
[507.061763 pid=12507 tid=12515]   MAP_CREATE -> fd=113 errno=0 kernel_map_id=249
[507.061834 pid=12507 tid=12515] BPF_MAP_CREATE type=3 key_size=4 value_size=4 max_entries=1 name=
[507.061903 pid=12507 tid=12515]   MAP_CREATE -> fd=113 errno=0 kernel_map_id=250
[507.061974 pid=12507 tid=12515] BPF_MAP_CREATE type=3 key_size=4 value_size=4 max_entries=1 name=
[507.062044 pid=12507 tid=12515]   MAP_CREATE -> fd=113 errno=0 kernel_map_id=251
[507.062114 pid=12507 tid=12515] BPF_MAP_CREATE type=9 key_size=4 value_size=4 max_entries=1 name=
[507.062185 pid=12507 tid=12515]   MAP_CREATE -> fd=113 errno=0 kernel_map_id=252
[507.062254 pid=12507 tid=12515] BPF_MAP_CREATE type=1 key_size=4 value_size=4 max_entries=1 name=
[507.062325 pid=12507 tid=12515]   MAP_CREATE -> fd=113 errno=0 kernel_map_id=253
[507.062394 pid=12507 tid=12515] BPF_MAP_CREATE type=1 key_size=4 value_size=4 max_entries=1 name=
[507.062466 pid=12507 tid=12515]   MAP_CREATE -> fd=113 errno=0 kernel_map_id=254
[507.062533 pid=12507 tid=12515] BPF_MAP_CREATE type=13 key_size=4 value_size=4 max_entries=1 name=
[507.062606 pid=12507 tid=12515]   MAP_CREATE -> fd=114 errno=0 kernel_map_id=255
[507.062680 pid=12507 tid=12515] BPF_MAP_CREATE type=1 key_size=4 value_size=4 max_entries=1 name=
[507.062749 pid=12507 tid=12515]   MAP_CREATE -> fd=113 errno=0 kernel_map_id=256
[507.062818 pid=12507 tid=12515] BPF_MAP_CREATE type=6 key_size=4 value_size=4 max_entries=1 name=
[507.062889 pid=12507 tid=12515]   MAP_CREATE -> fd=113 errno=0 kernel_map_id=257
[507.062959 pid=12507 tid=12515] BPF_MAP_CREATE type=22 key_size=0 value_size=4 max_entries=1 name=
[507.063030 pid=12507 tid=12515]   MAP_CREATE -> fd=113 errno=0 kernel_map_id=258
[507.063100 pid=12507 tid=12515] BPF_MAP_CREATE type=3 key_size=4 value_size=4 max_entries=1 name=
[507.063171 pid=12507 tid=12515]   MAP_CREATE -> fd=113 errno=0 kernel_map_id=259
[507.063243 pid=12507 tid=12515] BPF_MAP_CREATE type=1 key_size=4 value_size=4 max_entries=1 name=
[507.063313 pid=12507 tid=12515]   MAP_CREATE -> fd=113 errno=0 kernel_map_id=260
[507.063381 pid=12507 tid=12515] BPF_MAP_CREATE type=3 key_size=4 value_size=4 max_entries=1 name=
[507.063451 pid=12507 tid=12515]   MAP_CREATE -> fd=113 errno=0 kernel_map_id=261
[507.063522 pid=12507 tid=12515] BPF_MAP_CREATE type=1 key_size=4 value_size=4 max_entries=1 name=
[507.063591 pid=12507 tid=12515]   MAP_CREATE -> fd=113 errno=0 kernel_map_id=262
[507.063661 pid=12507 tid=12515] BPF_MAP_CREATE type=9 key_size=4 value_size=4 max_entries=1 name=
[507.063735 pid=12507 tid=12515]   MAP_CREATE -> fd=113 errno=0 kernel_map_id=263
[507.063804 pid=12507 tid=12515] BPF_MAP_CREATE type=9 key_size=4 value_size=4 max_entries=1 name=
[507.063876 pid=12507 tid=12515]   MAP_CREATE -> fd=113 errno=0 kernel_map_id=264
[507.063945 pid=12507 tid=12515] BPF_MAP_CREATE type=9 key_size=4 value_size=4 max_entries=1 name=
[507.064017 pid=12507 tid=12515]   MAP_CREATE -> fd=113 errno=0 kernel_map_id=265
[507.064086 pid=12507 tid=12515] BPF_MAP_CREATE type=33 key_size=0 value_size=0 max_entries=1 name=
[507.065326 pid=12507 tid=12515]   MAP_CREATE -> fd=113 errno=0 kernel_map_id=266
[507.065459 pid=12507 tid=12515] BPF_MAP_CREATE type=1 key_size=4 value_size=4 max_entries=1 name=
[507.065533 pid=12507 tid=12515]   MAP_CREATE -> fd=113 errno=0 kernel_map_id=267
[507.065601 pid=12507 tid=12515] BPF_MAP_CREATE type=1 key_size=4 value_size=4 max_entries=1 name=
[507.065675 pid=12507 tid=12515]   MAP_CREATE -> fd=113 errno=0 kernel_map_id=268
[507.065745 pid=12507 tid=12515] BPF_MAP_CREATE type=1 key_size=4 value_size=4 max_entries=1 name=
[507.065818 pid=12507 tid=12515]   MAP_CREATE -> fd=113 errno=0 kernel_map_id=269
[507.065886 pid=12507 tid=12515] BPF_MAP_CREATE type=2 key_size=4 value_size=4 max_entries=1 name=
[507.065956 pid=12507 tid=12515]   MAP_CREATE -> fd=113 errno=0 kernel_map_id=270
[507.066026 pid=12507 tid=12515] BPF_MAP_CREATE type=2 key_size=4 value_size=4 max_entries=1 name=
[507.066097 pid=12507 tid=12515]   MAP_CREATE -> fd=113 errno=0 kernel_map_id=271
[507.066167 pid=12507 tid=12515] BPF_MAP_CREATE type=2 key_size=4 value_size=4 max_entries=1 name=
[507.066237 pid=12507 tid=12515]   MAP_CREATE -> fd=113 errno=0 kernel_map_id=272
[507.066308 pid=12507 tid=12515] BPF_MAP_CREATE type=2 key_size=4 value_size=4 max_entries=1 name=
[507.066383 pid=12507 tid=12515]   MAP_CREATE -> fd=113 errno=0 kernel_map_id=273
[507.066449 pid=12507 tid=12515] BPF_MAP_CREATE type=2 key_size=4 value_size=4 max_entries=1 name=
[507.066519 pid=12507 tid=12515]   MAP_CREATE -> fd=113 errno=0 kernel_map_id=274
[507.066590 pid=12507 tid=12515] BPF_MAP_CREATE type=6 key_size=4 value_size=4 max_entries=1 name=
[507.066660 pid=12507 tid=12515]   MAP_CREATE -> fd=113 errno=0 kernel_map_id=275
[507.066733 pid=12507 tid=12515] BPF_MAP_CREATE type=6 key_size=4 value_size=4 max_entries=1 name=
[507.066803 pid=12507 tid=12515]   MAP_CREATE -> fd=113 errno=0 kernel_map_id=276
[507.066873 pid=12507 tid=12515] BPF_MAP_CREATE type=6 key_size=4 value_size=4 max_entries=1 name=
[507.066945 pid=12507 tid=12515]   MAP_CREATE -> fd=113 errno=0 kernel_map_id=277
[507.067015 pid=12507 tid=12515] BPF_MAP_CREATE type=9 key_size=4 value_size=4 max_entries=1 name=
[507.067087 pid=12507 tid=12515]   MAP_CREATE -> fd=113 errno=0 kernel_map_id=278
[507.067156 pid=12507 tid=12515] BPF_MAP_CREATE type=7 key_size=4 value_size=8 max_entries=1 name=
[507.067230 pid=12507 tid=12515]   MAP_CREATE -> fd=113 errno=0 kernel_map_id=279
[507.067297 pid=12507 tid=12515] BPF_MAP_CREATE type=9 key_size=4 value_size=4 max_entries=1 name=
[507.067372 pid=12507 tid=12515]   MAP_CREATE -> fd=113 errno=0 kernel_map_id=280
[507.067438 pid=12507 tid=12515] BPF_MAP_CREATE type=9 key_size=4 value_size=4 max_entries=1 name=
[507.067509 pid=12507 tid=12515]   MAP_CREATE -> fd=113 errno=0 kernel_map_id=281
[507.067580 pid=12507 tid=12515] BPF_MAP_CREATE type=9 key_size=4 value_size=4 max_entries=1 name=
[507.067651 pid=12507 tid=12515]   MAP_CREATE -> fd=113 errno=0 kernel_map_id=282
[507.067722 pid=12507 tid=12515] BPF_MAP_CREATE type=6 key_size=4 value_size=4 max_entries=1 name=
[507.067794 pid=12507 tid=12515]   MAP_CREATE -> fd=113 errno=0 kernel_map_id=283
[507.067863 pid=12507 tid=12515] BPF_MAP_CREATE type=6 key_size=4 value_size=4 max_entries=1 name=
[507.067933 pid=12507 tid=12515]   MAP_CREATE -> fd=113 errno=0 kernel_map_id=284
[507.068003 pid=12507 tid=12515] BPF_MAP_CREATE type=1 key_size=4 value_size=4 max_entries=1 name=
[507.068074 pid=12507 tid=12515]   MAP_CREATE -> fd=113 errno=0 kernel_map_id=285
[507.068143 pid=12507 tid=12515] BPF_MAP_CREATE type=6 key_size=4 value_size=4 max_entries=1 name=
[507.068215 pid=12507 tid=12515]   MAP_CREATE -> fd=113 errno=0 kernel_map_id=286
[507.068284 pid=12507 tid=12515] BPF_MAP_CREATE type=9 key_size=4 value_size=4 max_entries=1 name=
[507.068357 pid=12507 tid=12515]   MAP_CREATE -> fd=113 errno=0 kernel_map_id=287
[507.068425 pid=12507 tid=12515] BPF_MAP_CREATE type=9 key_size=4 value_size=4 max_entries=1 name=
[507.068496 pid=12507 tid=12515]   MAP_CREATE -> fd=113 errno=0 kernel_map_id=288
[507.068565 pid=12507 tid=12515] BPF_MAP_CREATE type=9 key_size=4 value_size=4 max_entries=1 name=
[507.068637 pid=12507 tid=12515]   MAP_CREATE -> fd=113 errno=0 kernel_map_id=289
[507.068710 pid=12507 tid=12515] BPF_MAP_CREATE type=1 key_size=4 value_size=4 max_entries=1 name=
[507.068780 pid=12507 tid=12515]   MAP_CREATE -> fd=113 errno=0 kernel_map_id=290
[507.068849 pid=12507 tid=12515] BPF_MAP_CREATE type=1 key_size=4 value_size=4 max_entries=1 name=
[507.068922 pid=12507 tid=12515]   MAP_CREATE -> fd=113 errno=0 kernel_map_id=291
[507.068990 pid=12507 tid=12515] BPF_MAP_CREATE type=13 key_size=4 value_size=4 max_entries=1 name=
[507.069063 pid=12507 tid=12515]   MAP_CREATE -> fd=114 errno=0 kernel_map_id=292
[507.069134 pid=12507 tid=12515] BPF_MAP_CREATE type=1 key_size=4 value_size=4 max_entries=1 name=
[507.069205 pid=12507 tid=12515]   MAP_CREATE -> fd=113 errno=0 kernel_map_id=293
[507.069275 pid=12507 tid=12515] BPF_MAP_CREATE type=1 key_size=4 value_size=4 max_entries=1 name=
[507.069347 pid=12507 tid=12515]   MAP_CREATE -> fd=113 errno=0 kernel_map_id=294
[507.069416 pid=12507 tid=12515] BPF_MAP_CREATE type=1 key_size=4 value_size=4 max_entries=1 name=
[507.069488 pid=12507 tid=12515]   MAP_CREATE -> fd=113 errno=0 kernel_map_id=295
[507.069557 pid=12507 tid=12515] BPF_MAP_CREATE type=13 key_size=4 value_size=4 max_entries=1 name=
[507.069629 pid=12507 tid=12515]   MAP_CREATE -> fd=114 errno=0 kernel_map_id=296
[507.069703 pid=12507 tid=12515] BPF_MAP_CREATE type=1 key_size=4 value_size=4 max_entries=1 name=
[507.069773 pid=12507 tid=12515]   MAP_CREATE -> fd=113 errno=0 kernel_map_id=297
[507.069841 pid=12507 tid=12515] BPF_MAP_CREATE type=1 key_size=4 value_size=4 max_entries=1 name=
[507.069913 pid=12507 tid=12515]   MAP_CREATE -> fd=113 errno=0 kernel_map_id=298
[507.069982 pid=12507 tid=12515] BPF_MAP_CREATE type=1 key_size=4 value_size=4 max_entries=1 name=
[507.070054 pid=12507 tid=12515]   MAP_CREATE -> fd=113 errno=0 kernel_map_id=299
[507.070121 pid=12507 tid=12515] BPF_MAP_CREATE type=13 key_size=4 value_size=4 max_entries=1 name=
[507.070194 pid=12507 tid=12515]   MAP_CREATE -> fd=114 errno=0 kernel_map_id=300
[507.070264 pid=12507 tid=12515] BPF_MAP_CREATE type=1 key_size=4 value_size=4 max_entries=1 name=
[507.070334 pid=12507 tid=12515]   MAP_CREATE -> fd=113 errno=0 kernel_map_id=301
[507.070403 pid=12507 tid=12515] BPF_MAP_CREATE type=1 key_size=4 value_size=4 max_entries=1 name=
[507.070474 pid=12507 tid=12515]   MAP_CREATE -> fd=113 errno=0 kernel_map_id=302
[507.070544 pid=12507 tid=12515] BPF_MAP_CREATE type=1 key_size=4 value_size=4 max_entries=1 name=
[507.070615 pid=12507 tid=12515]   MAP_CREATE -> fd=113 errno=0 kernel_map_id=303
[507.070686 pid=12507 tid=12515] BPF_MAP_CREATE type=13 key_size=4 value_size=4 max_entries=1 name=
[507.070758 pid=12507 tid=12515]   MAP_CREATE -> fd=114 errno=0 kernel_map_id=304
[507.070829 pid=12507 tid=12515] BPF_MAP_CREATE type=1 key_size=4 value_size=4 max_entries=1 name=
[507.070900 pid=12507 tid=12515]   MAP_CREATE -> fd=113 errno=0 kernel_map_id=305
[507.070970 pid=12507 tid=12515] BPF_MAP_CREATE type=1 key_size=4 value_size=4 max_entries=1 name=
[507.071042 pid=12507 tid=12515]   MAP_CREATE -> fd=113 errno=0 kernel_map_id=306
[507.071111 pid=12507 tid=12515] BPF_MAP_CREATE type=1 key_size=4 value_size=4 max_entries=1 name=
[507.071183 pid=12507 tid=12515]   MAP_CREATE -> fd=113 errno=0 kernel_map_id=307
[507.071251 pid=12507 tid=12515] BPF_MAP_CREATE type=13 key_size=4 value_size=4 max_entries=1 name=
[507.071323 pid=12507 tid=12515]   MAP_CREATE -> fd=114 errno=0 kernel_map_id=308
[507.071394 pid=12507 tid=12515] BPF_MAP_CREATE type=1 key_size=4 value_size=4 max_entries=1 name=
[507.071464 pid=12507 tid=12515]   MAP_CREATE -> fd=113 errno=0 kernel_map_id=309
[507.071533 pid=12507 tid=12515] BPF_MAP_CREATE type=1 key_size=4 value_size=4 max_entries=1 name=
[507.071605 pid=12507 tid=12515]   MAP_CREATE -> fd=113 errno=0 kernel_map_id=310
[507.071677 pid=12507 tid=12515] BPF_MAP_CREATE type=1 key_size=4 value_size=4 max_entries=1 name=
[507.071749 pid=12507 tid=12515]   MAP_CREATE -> fd=113 errno=0 kernel_map_id=311
[507.071816 pid=12507 tid=12515] BPF_MAP_CREATE type=13 key_size=4 value_size=4 max_entries=1 name=
[507.071888 pid=12507 tid=12515]   MAP_CREATE -> fd=114 errno=0 kernel_map_id=312
[507.071960 pid=12507 tid=12515] BPF_MAP_CREATE type=1 key_size=4 value_size=4 max_entries=1 name=
[507.072030 pid=12507 tid=12515]   MAP_CREATE -> fd=113 errno=0 kernel_map_id=313
[507.072100 pid=12507 tid=12515] BPF_MAP_CREATE type=1 key_size=4 value_size=4 max_entries=1 name=
[507.072174 pid=12507 tid=12515]   MAP_CREATE -> fd=113 errno=0 kernel_map_id=314
[507.072243 pid=12507 tid=12515] BPF_MAP_CREATE type=1 key_size=4 value_size=4 max_entries=1 name=
[507.072315 pid=12507 tid=12515]   MAP_CREATE -> fd=113 errno=0 kernel_map_id=315
[507.072381 pid=12507 tid=12515] BPF_MAP_CREATE type=13 key_size=4 value_size=4 max_entries=1 name=
[507.072454 pid=12507 tid=12515]   MAP_CREATE -> fd=114 errno=0 kernel_map_id=316
[507.072526 pid=12507 tid=12515] BPF_MAP_CREATE type=1 key_size=4 value_size=4 max_entries=1 name=
[507.072596 pid=12507 tid=12515]   MAP_CREATE -> fd=113 errno=0 kernel_map_id=317
[507.072664 pid=12507 tid=12515] BPF_MAP_CREATE type=11 key_size=8 value_size=8 max_entries=1 name=
[507.072741 pid=12507 tid=12515]   MAP_CREATE -> fd=113 errno=0 kernel_map_id=318
[507.072809 pid=12507 tid=12515] BPF_MAP_CREATE type=1 key_size=4 value_size=4 max_entries=1 name=
[507.072887 pid=12507 tid=12515]   MAP_CREATE -> fd=113 errno=0 kernel_map_id=319
[507.072949 pid=12507 tid=12515] BPF_MAP_CREATE type=13 key_size=4 value_size=4 max_entries=1 name=
[507.073025 pid=12507 tid=12515]   MAP_CREATE -> fd=114 errno=0 kernel_map_id=320
[507.073094 pid=12507 tid=12515] BPF_MAP_CREATE type=11 key_size=8 value_size=8 max_entries=1 name=
[507.073167 pid=12507 tid=12515]   MAP_CREATE -> fd=113 errno=0 kernel_map_id=321
[507.073234 pid=12507 tid=12515] BPF_MAP_CREATE type=11 key_size=8 value_size=8 max_entries=1 name=
[507.073309 pid=12507 tid=12515]   MAP_CREATE -> fd=113 errno=0 kernel_map_id=322
[507.073377 pid=12507 tid=12515] BPF_MAP_CREATE type=1 key_size=4 value_size=4 max_entries=1 name=
[507.073450 pid=12507 tid=12515]   MAP_CREATE -> fd=113 errno=0 kernel_map_id=323
[507.073518 pid=12507 tid=12515] BPF_MAP_CREATE type=13 key_size=4 value_size=4 max_entries=1 name=
[507.073591 pid=12507 tid=12515]   MAP_CREATE -> fd=114 errno=0 kernel_map_id=324
[507.073662 pid=12507 tid=12515] BPF_MAP_CREATE type=11 key_size=8 value_size=8 max_entries=1 name=
[507.073737 pid=12507 tid=12515]   MAP_CREATE -> fd=113 errno=0 kernel_map_id=325
[507.073805 pid=12507 tid=12515] BPF_MAP_CREATE type=1 key_size=4 value_size=4 max_entries=1 name=
[507.073877 pid=12507 tid=12515]   MAP_CREATE -> fd=113 errno=0 kernel_map_id=326
[507.073947 pid=12507 tid=12515] BPF_MAP_CREATE type=1 key_size=4 value_size=4 max_entries=1 name=
[507.074017 pid=12507 tid=12515]   MAP_CREATE -> fd=113 errno=0 kernel_map_id=327
[507.074085 pid=12507 tid=12515] BPF_MAP_CREATE type=13 key_size=4 value_size=4 max_entries=1 name=
[507.074158 pid=12507 tid=12515]   MAP_CREATE -> fd=114 errno=0 kernel_map_id=328
[507.074229 pid=12507 tid=12515] BPF_MAP_CREATE type=1 key_size=4 value_size=4 max_entries=1 name=
[507.074299 pid=12507 tid=12515]   MAP_CREATE -> fd=113 errno=0 kernel_map_id=329
[507.074369 pid=12507 tid=12515] BPF_MAP_CREATE type=1 key_size=4 value_size=4 max_entries=1 name=
[507.074441 pid=12507 tid=12515]   MAP_CREATE -> fd=113 errno=0 kernel_map_id=330
[507.074511 pid=12507 tid=12515] BPF_MAP_CREATE type=1 key_size=4 value_size=4 max_entries=1 name=
[507.074582 pid=12507 tid=12515]   MAP_CREATE -> fd=113 errno=0 kernel_map_id=331
[507.074650 pid=12507 tid=12515] BPF_MAP_CREATE type=13 key_size=4 value_size=4 max_entries=1 name=
[507.074726 pid=12507 tid=12515]   MAP_CREATE -> fd=114 errno=0 kernel_map_id=332
[507.074797 pid=12507 tid=12515] BPF_MAP_CREATE type=1 key_size=4 value_size=4 max_entries=1 name=
[507.074867 pid=12507 tid=12515]   MAP_CREATE -> fd=113 errno=0 kernel_map_id=333
[507.074937 pid=12507 tid=12515] BPF_MAP_CREATE type=1 key_size=4 value_size=4 max_entries=1 name=
[507.075009 pid=12507 tid=12515]   MAP_CREATE -> fd=113 errno=0 kernel_map_id=334
[507.075078 pid=12507 tid=12515] BPF_MAP_CREATE type=1 key_size=4 value_size=4 max_entries=1 name=
[507.075151 pid=12507 tid=12515]   MAP_CREATE -> fd=113 errno=0 kernel_map_id=335
[507.075219 pid=12507 tid=12515] BPF_MAP_CREATE type=13 key_size=4 value_size=4 max_entries=1 name=
[507.075292 pid=12507 tid=12515]   MAP_CREATE -> fd=114 errno=0 kernel_map_id=336
[507.075363 pid=12507 tid=12515] BPF_MAP_CREATE type=1 key_size=4 value_size=4 max_entries=1 name=
[507.075434 pid=12507 tid=12515]   MAP_CREATE -> fd=113 errno=0 kernel_map_id=337
[507.075502 pid=12507 tid=12515] BPF_MAP_CREATE type=1 key_size=4 value_size=4 max_entries=1 name=
[507.075573 pid=12507 tid=12515]   MAP_CREATE -> fd=113 errno=0 kernel_map_id=338
[507.075643 pid=12507 tid=12515] BPF_MAP_CREATE type=1 key_size=4 value_size=4 max_entries=1 name=
[507.075716 pid=12507 tid=12515]   MAP_CREATE -> fd=113 errno=0 kernel_map_id=339
[507.075784 pid=12507 tid=12515] BPF_MAP_CREATE type=13 key_size=4 value_size=4 max_entries=1 name=
[507.075857 pid=12507 tid=12515]   MAP_CREATE -> fd=114 errno=0 kernel_map_id=340
[507.075929 pid=12507 tid=12515] BPF_MAP_CREATE type=1 key_size=4 value_size=4 max_entries=1 name=
[507.076000 pid=12507 tid=12515]   MAP_CREATE -> fd=113 errno=0 kernel_map_id=341
[507.076070 pid=12507 tid=12515] BPF_MAP_CREATE type=4 key_size=4 value_size=4 max_entries=1 name=
[507.076170 pid=12507 tid=12515]   MAP_CREATE -> fd=113 errno=0 kernel_map_id=342
[507.076240 pid=12507 tid=12515] BPF_MAP_CREATE type=4 key_size=4 value_size=4 max_entries=1 name=
[507.076340 pid=12507 tid=12515]   MAP_CREATE -> fd=113 errno=0 kernel_map_id=343
[507.076411 pid=12507 tid=12515] BPF_MAP_CREATE type=4 key_size=4 value_size=4 max_entries=1 name=
[507.076484 pid=12507 tid=12515]   MAP_CREATE -> fd=113 errno=0 kernel_map_id=344
[507.076553 pid=12507 tid=12515] BPF_MAP_CREATE type=4 key_size=4 value_size=4 max_entries=1 name=
[507.076623 pid=12507 tid=12515]   MAP_CREATE -> fd=113 errno=0 kernel_map_id=345
[507.076696 pid=12507 tid=12515] BPF_MAP_CREATE type=9 key_size=4 value_size=4 max_entries=1 name=
[507.076768 pid=12507 tid=12515]   MAP_CREATE -> fd=113 errno=0 kernel_map_id=346
[507.076839 pid=12507 tid=12515] BPF_MAP_CREATE type=9 key_size=4 value_size=4 max_entries=1 name=
[507.076910 pid=12507 tid=12515]   MAP_CREATE -> fd=113 errno=0 kernel_map_id=347
[507.076979 pid=12507 tid=12515] BPF_MAP_CREATE type=9 key_size=4 value_size=4 max_entries=1 name=
[507.077051 pid=12507 tid=12515]   MAP_CREATE -> fd=113 errno=0 kernel_map_id=348
[507.077121 pid=12507 tid=12515] BPF_MAP_CREATE type=9 key_size=4 value_size=4 max_entries=1 name=
[507.077193 pid=12507 tid=12515]   MAP_CREATE -> fd=113 errno=0 kernel_map_id=349
[507.077262 pid=12507 tid=12515] BPF_MAP_CREATE type=4 key_size=4 value_size=4 max_entries=1 name=
[507.077333 pid=12507 tid=12515]   MAP_CREATE -> fd=113 errno=0 kernel_map_id=350
[507.077404 pid=12507 tid=12515] BPF_MAP_CREATE type=6 key_size=4 value_size=4 max_entries=1 name=
[507.077474 pid=12507 tid=12515]   MAP_CREATE -> fd=113 errno=0 kernel_map_id=351
[507.077545 pid=12507 tid=12515] BPF_MAP_CREATE type=1 key_size=4 value_size=4 max_entries=1 name=
[507.077616 pid=12507 tid=12515]   MAP_CREATE -> fd=113 errno=0 kernel_map_id=352
[507.077687 pid=12507 tid=12515] BPF_MAP_CREATE type=1 key_size=4 value_size=4 max_entries=1 name=
[507.077759 pid=12507 tid=12515]   MAP_CREATE -> fd=113 errno=0 kernel_map_id=353
[507.077828 pid=12507 tid=12515] BPF_MAP_CREATE type=1 key_size=4 value_size=4 max_entries=1 name=
[507.077899 pid=12507 tid=12515]   MAP_CREATE -> fd=113 errno=0 kernel_map_id=354
[507.077969 pid=12507 tid=12515] BPF_MAP_CREATE type=2 key_size=4 value_size=4 max_entries=1 name=
[507.078042 pid=12507 tid=12515]   MAP_CREATE -> fd=113 errno=0 kernel_map_id=355
[507.078110 pid=12507 tid=12515] BPF_MAP_CREATE type=2 key_size=4 value_size=4 max_entries=1 name=
[507.078181 pid=12507 tid=12515]   MAP_CREATE -> fd=113 errno=0 kernel_map_id=356
[507.078252 pid=12507 tid=12515] BPF_MAP_CREATE type=2 key_size=4 value_size=4 max_entries=1 name=
[507.078323 pid=12507 tid=12515]   MAP_CREATE -> fd=113 errno=0 kernel_map_id=357
[507.078461 pid=12507 tid=12515] BPF_PROG_LOAD type=1 (socket_filter) name= insn_cnt=2 hash=58255400910d7827 policy_hash=58255400910d7827 branch_profile_hash=13453716aec57bda license=GPL expected_attach=0 attach_btf_id=0 prog_btf_fd=0 attach_btf_obj_fd=0 attach_prog_fd=0
[507.099848 pid=12507 tid=12515] loadtime policy prog= policy_hash=58255400910d7827 branch_profile_hash=13453716aec57bda insn_cnt=2
[507.127551 pid=12507 tid=12515] loadtime step prog= step=wide_mem elapsed_ms=12
[507.127626 pid=12507 tid=12515] loadtime prog= produced no bytecode changes; passing original BPF_PROG_LOAD through
[507.127721 pid=12507 tid=12515]   PROG_LOAD -> fd=113 errno=0 kernel_prog_id=177
[507.139545 pid=12507 tid=12515] BPF_PROG_LOAD type=1 (socket_filter) name=libbpf_nametest insn_cnt=2 hash=58255400910d7827 policy_hash=58255400910d7827 branch_profile_hash=9d7920482b168705 license=GPL expected_attach=0 attach_btf_id=0 prog_btf_fd=0 attach_btf_obj_fd=0 attach_prog_fd=0
[507.155469 pid=12507 tid=12515] loadtime policy prog=libbpf_nametest policy_hash=58255400910d7827 branch_profile_hash=9d7920482b168705 insn_cnt=2
[507.181032 pid=12507 tid=12515] loadtime step prog=libbpf_nametest step=wide_mem elapsed_ms=11
[507.181107 pid=12507 tid=12515] loadtime prog=libbpf_nametest produced no bytecode changes; passing original BPF_PROG_LOAD through
[507.181201 pid=12507 tid=12515]   PROG_LOAD -> fd=113 errno=0 kernel_prog_id=180
[507.181272 pid=12507 tid=12515] BPF_MAP_CREATE type=2 key_size=4 value_size=4 max_entries=1 name=libbpf_mmap
[507.181343 pid=12507 tid=12515]   MAP_CREATE -> fd=113 errno=0 kernel_map_id=358
[507.477281 pid=12507 tid=12515] BPF_PROG_LOAD type=2 (kprobe) name=det_arg_ctx insn_cnt=4 hash=3ae725ddb7d69e19 policy_hash=3ae725ddb7d69e19 branch_profile_hash=3be13a826158503f license=GPL expected_attach=0 attach_btf_id=0 prog_btf_fd=163 attach_btf_obj_fd=0 attach_prog_fd=0
[507.497219 pid=12507 tid=12515] loadtime policy prog=det_arg_ctx policy_hash=3ae725ddb7d69e19 branch_profile_hash=3be13a826158503f insn_cnt=4
[507.522049 pid=12507 tid=12515] loadtime step prog=det_arg_ctx step=wide_mem elapsed_ms=9
[507.523190 pid=12507 tid=12515] loadtime optimized prog=det_arg_ctx insns=4->8 maps=0 workdir=/workspaces/repository/corpus/results/x86_kvm_corpus_20260926_152627_089782/details/loadtime-workdirs/loadtime_12507_5
[507.523295 pid=12507 tid=12515]   PROG_LOAD -> fd=164 errno=0 kernel_prog_id=183
[507.523829 pid=12507 tid=12515] BPF_MAP_CREATE type=1 key_size=4 value_size=4 max_entries=1024 name=sys_32_to_64_ma
[507.523915 pid=12507 tid=12515]   MAP_CREATE -> fd=164 errno=0 kernel_map_id=359
[507.523998 pid=12507 tid=12515] BPF_MAP_CREATE type=3 key_size=4 value_size=4 max_entries=794 name=sys_enter_init_
[507.524067 pid=12507 tid=12515]   MAP_CREATE -> fd=164 errno=0 kernel_map_id=360
[507.524135 pid=12507 tid=12515] BPF_MAP_CREATE type=9 key_size=4 value_size=200 max_entries=10240 name=task_info_map
[507.525119 pid=12507 tid=12515]   MAP_CREATE -> fd=164 errno=0 kernel_map_id=361
[507.525226 pid=12507 tid=12515] BPF_MAP_CREATE type=2 key_size=4 value_size=272 max_entries=1 name=config_map
[507.525291 pid=12507 tid=12515]   MAP_CREATE -> fd=164 errno=0 kernel_map_id=362
[507.525361 pid=12507 tid=12515] BPF_MAP_CREATE type=3 key_size=4 value_size=4 max_entries=794 name=sys_enter_submi
[507.525445 pid=12507 tid=12515]   MAP_CREATE -> fd=164 errno=0 kernel_map_id=363
[507.525514 pid=12507 tid=12515] BPF_MAP_CREATE type=3 key_size=4 value_size=4 max_entries=794 name=sys_enter_tails
[507.525587 pid=12507 tid=12515]   MAP_CREATE -> fd=164 errno=0 kernel_map_id=364
[507.525655 pid=12507 tid=12515] BPF_MAP_CREATE type=9 key_size=8 value_size=64 max_entries=1024 name=fd_arg_path_map
[507.525740 pid=12507 tid=12515]   MAP_CREATE -> fd=164 errno=0 kernel_map_id=365
[507.525809 pid=12507 tid=12515] BPF_MAP_CREATE type=3 key_size=4 value_size=4 max_entries=794 name=sys_exit_init_t
[507.525884 pid=12507 tid=12515]   MAP_CREATE -> fd=164 errno=0 kernel_map_id=366
[507.525949 pid=12507 tid=12515] BPF_MAP_CREATE type=3 key_size=4 value_size=4 max_entries=794 name=sys_exit_submit
[507.526017 pid=12507 tid=12515]   MAP_CREATE -> fd=164 errno=0 kernel_map_id=367
[507.526088 pid=12507 tid=12515] BPF_MAP_CREATE type=3 key_size=4 value_size=4 max_entries=794 name=sys_exit_tails
[507.526155 pid=12507 tid=12515]   MAP_CREATE -> fd=164 errno=0 kernel_map_id=368
[507.526225 pid=12507 tid=12515] BPF_MAP_CREATE type=3 key_size=4 value_size=4 max_entries=794 name=generic_sys_ent
[507.526298 pid=12507 tid=12515]   MAP_CREATE -> fd=164 errno=0 kernel_map_id=369
[507.526363 pid=12507 tid=12515] BPF_MAP_CREATE type=3 key_size=4 value_size=4 max_entries=794 name=generic_sys_exi
[507.526433 pid=12507 tid=12515]   MAP_CREATE -> fd=164 errno=0 kernel_map_id=370
[507.526502 pid=12507 tid=12515] BPF_MAP_CREATE type=9 key_size=4 value_size=368 max_entries=30720 name=proc_info_map
[507.531890 pid=12507 tid=12515]   MAP_CREATE -> fd=164 errno=0 kernel_map_id=371
[507.531998 pid=12507 tid=12515] BPF_MAP_CREATE type=1 key_size=4 value_size=16 max_entries=10240 name=process_tree_ma
[507.532415 pid=12507 tid=12515]   MAP_CREATE -> fd=164 errno=0 kernel_map_id=372
[507.532487 pid=12507 tid=12515] BPF_MAP_CREATE type=1 key_size=4 value_size=16 max_entries=10240 name=process_tree_ma
[507.533015 pid=12507 tid=12515]   MAP_CREATE -> fd=164 errno=0 kernel_map_id=373
[507.533083 pid=12507 tid=12515] BPF_MAP_CREATE type=13 key_size=2 value_size=4 max_entries=64 name=process_tree_ma
[507.533152 pid=12507 tid=12515]   MAP_CREATE -> fd=164 errno=0 kernel_map_id=374
[507.533224 pid=12507 tid=12515] BPF_MAP_CREATE type=6 key_size=4 value_size=16 max_entries=1 name=module_context_
[507.533292 pid=12507 tid=12515]   MAP_CREATE -> fd=24 errno=0 kernel_map_id=375
[507.533359 pid=12507 tid=12515] BPF_MAP_CREATE type=22 key_size=0 value_size=8 max_entries=330 name=walk_mod_tree_q
[507.533427 pid=12507 tid=12515]   MAP_CREATE -> fd=24 errno=0 kernel_map_id=376
[507.533497 pid=12507 tid=12515] BPF_MAP_CREATE type=3 key_size=4 value_size=4 max_entries=15 name=prog_array
[507.533564 pid=12507 tid=12515]   MAP_CREATE -> fd=24 errno=0 kernel_map_id=377
[507.533636 pid=12507 tid=12515] BPF_MAP_CREATE type=1 key_size=4 value_size=1 max_entries=10240 name=containers_map
[507.533839 pid=12507 tid=12515]   MAP_CREATE -> fd=24 errno=0 kernel_map_id=378
[507.533910 pid=12507 tid=12515] BPF_MAP_CREATE type=3 key_size=4 value_size=4 max_entries=15 name=prog_array_tp
[507.533977 pid=12507 tid=12515]   MAP_CREATE -> fd=24 errno=0 kernel_map_id=379
[507.534048 pid=12507 tid=12515] BPF_MAP_CREATE type=1 key_size=8 value_size=16 max_entries=330 name=new_module_map
[507.534124 pid=12507 tid=12515]   MAP_CREATE -> fd=24 errno=0 kernel_map_id=380
[507.534188 pid=12507 tid=12515] BPF_MAP_CREATE type=9 key_size=8 value_size=8 max_entries=50 name=recent_deleted_
[507.534257 pid=12507 tid=12515]   MAP_CREATE -> fd=24 errno=0 kernel_map_id=381
[507.534328 pid=12507 tid=12515] BPF_MAP_CREATE type=9 key_size=48 value_size=198 max_entries=4096 name=cgrpctxmap_in
[507.534719 pid=12507 tid=12515]   MAP_CREATE -> fd=24 errno=0 kernel_map_id=382
[507.534791 pid=12507 tid=12515] BPF_MAP_CREATE type=9 key_size=48 value_size=198 max_entries=4096 name=cgrpctxmap_eg
[507.535346 pid=12507 tid=12515]   MAP_CREATE -> fd=24 errno=0 kernel_map_id=383
[507.535417 pid=12507 tid=12515] BPF_MAP_CREATE type=33 key_size=0 value_size=0 max_entries=1 name=features_test_a
[507.537997 pid=12507 tid=12515]   MAP_CREATE -> fd=24 errno=0 kernel_map_id=384
[507.538119 pid=12507 tid=12515] BPF_MAP_CREATE type=1 key_size=4 value_size=4 max_entries=10240 name=kconfig_map
[507.538510 pid=12507 tid=12515]   MAP_CREATE -> fd=24 errno=0 kernel_map_id=385
[507.538581 pid=12507 tid=12515] BPF_MAP_CREATE type=1 key_size=8 value_size=48 max_entries=10240 name=args_map
[507.538860 pid=12507 tid=12515]   MAP_CREATE -> fd=24 errno=0 kernel_map_id=386
[507.538931 pid=12507 tid=12515] BPF_MAP_CREATE type=1 key_size=64 value_size=8 max_entries=1024 name=ksymbols_map
[507.539017 pid=12507 tid=12515]   MAP_CREATE -> fd=24 errno=0 kernel_map_id=387
[507.539086 pid=12507 tid=12515] BPF_MAP_CREATE type=2 key_size=4 value_size=64 max_entries=3 name=file_write_path
[507.539157 pid=12507 tid=12515]   MAP_CREATE -> fd=24 errno=0 kernel_map_id=388
[507.539225 pid=12507 tid=12515] BPF_MAP_CREATE type=2 key_size=4 value_size=64 max_entries=3 name=file_read_path_
[507.539293 pid=12507 tid=12515]   MAP_CREATE -> fd=24 errno=0 kernel_map_id=389
[507.539364 pid=12507 tid=12515] BPF_MAP_CREATE type=2 key_size=4 value_size=4 max_entries=2 name=file_type_filte
[507.539432 pid=12507 tid=12515]   MAP_CREATE -> fd=24 errno=0 kernel_map_id=390
[507.539504 pid=12507 tid=12515] BPF_MAP_CREATE type=2 key_size=4 value_size=8 max_entries=1 name=netconfig_map
[507.539572 pid=12507 tid=12515]   MAP_CREATE -> fd=24 errno=0 kernel_map_id=391
[507.539643 pid=12507 tid=12515] BPF_MAP_CREATE type=2 key_size=4 value_size=8 max_entries=500 name=expected_sys_ca
[507.539720 pid=12507 tid=12515]   MAP_CREATE -> fd=24 errno=0 kernel_map_id=392
[507.539785 pid=12507 tid=12515] BPF_MAP_CREATE type=6 key_size=4 value_size=32768 max_entries=2 name=bufs
[507.539916 pid=12507 tid=12515]   MAP_CREATE -> fd=24 errno=0 kernel_map_id=393
[507.539990 pid=12507 tid=12515] BPF_MAP_CREATE type=6 key_size=4 value_size=256 max_entries=1 name=data_filter_buf
[507.540056 pid=12507 tid=12515]   MAP_CREATE -> fd=24 errno=0 kernel_map_id=394
[507.540123 pid=12507 tid=12515] BPF_MAP_CREATE type=6 key_size=4 value_size=260 max_entries=1 name=data_filter_lpm
[507.540192 pid=12507 tid=12515]   MAP_CREATE -> fd=24 errno=0 kernel_map_id=395
[507.540263 pid=12507 tid=12515] BPF_MAP_CREATE type=9 key_size=24 value_size=1 max_entries=4096 name=syscall_source_
[507.540481 pid=12507 tid=12515]   MAP_CREATE -> fd=24 errno=0 kernel_map_id=396
[507.540550 pid=12507 tid=12515] BPF_MAP_CREATE type=7 key_size=4 value_size=160 max_entries=1024 name=stack_addresses
[507.540642 pid=12507 tid=12515]   MAP_CREATE -> fd=24 errno=0 kernel_map_id=397
[507.540712 pid=12507 tid=12515] BPF_MAP_CREATE type=9 key_size=4 value_size=32 max_entries=1024 name=bpf_attach_map
[507.540800 pid=12507 tid=12515]   MAP_CREATE -> fd=24 errno=0 kernel_map_id=398
[507.540867 pid=12507 tid=12515] BPF_MAP_CREATE type=9 key_size=4 value_size=32 max_entries=1024 name=bpf_attach_tmp_
[507.540954 pid=12507 tid=12515]   MAP_CREATE -> fd=24 errno=0 kernel_map_id=399
[507.541023 pid=12507 tid=12515] BPF_MAP_CREATE type=9 key_size=4 value_size=8 max_entries=1024 name=bpf_prog_load_m
[507.541134 pid=12507 tid=12515]   MAP_CREATE -> fd=24 errno=0 kernel_map_id=400
[507.541202 pid=12507 tid=12515] BPF_MAP_CREATE type=6 key_size=4 value_size=32536 max_entries=1 name=event_data_map
[507.541299 pid=12507 tid=12515]   MAP_CREATE -> fd=24 errno=0 kernel_map_id=401
[507.541367 pid=12507 tid=12515] BPF_MAP_CREATE type=6 key_size=4 value_size=32072 max_entries=1 name=signal_data_map
[507.541457 pid=12507 tid=12515]   MAP_CREATE -> fd=24 errno=0 kernel_map_id=402
[507.541525 pid=12507 tid=12515] BPF_MAP_CREATE type=1 key_size=88 value_size=16 max_entries=4096 name=logs_count
[507.541752 pid=12507 tid=12515]   MAP_CREATE -> fd=24 errno=0 kernel_map_id=403
[507.541823 pid=12507 tid=12515] BPF_MAP_CREATE type=6 key_size=4 value_size=368 max_entries=2 name=scratch_map
[507.541894 pid=12507 tid=12515]   MAP_CREATE -> fd=24 errno=0 kernel_map_id=404
[507.541962 pid=12507 tid=12515] BPF_MAP_CREATE type=9 key_size=16 value_size=4 max_entries=10240 name=file_modificati
[507.542386 pid=12507 tid=12515]   MAP_CREATE -> fd=24 errno=0 kernel_map_id=405
[507.542454 pid=12507 tid=12515] BPF_MAP_CREATE type=9 key_size=24 value_size=4096 max_entries=5 name=io_file_path_ca
[507.542526 pid=12507 tid=12515]   MAP_CREATE -> fd=24 errno=0 kernel_map_id=406
[507.542593 pid=12507 tid=12515] BPF_MAP_CREATE type=9 key_size=24 value_size=1 max_entries=64 name=elf_files_map
[507.542668 pid=12507 tid=12515]   MAP_CREATE -> fd=24 errno=0 kernel_map_id=407
[507.542736 pid=12507 tid=12515] BPF_MAP_CREATE type=1 key_size=4 value_size=256 max_entries=1 name=policies_config
[507.542809 pid=12507 tid=12515]   MAP_CREATE -> fd=24 errno=0 kernel_map_id=408
[507.542878 pid=12507 tid=12515] BPF_MAP_CREATE type=1 key_size=4 value_size=256 max_entries=1 name=policies_config
[507.542951 pid=12507 tid=12515]   MAP_CREATE -> fd=24 errno=0 kernel_map_id=409
[507.543016 pid=12507 tid=12515] BPF_MAP_CREATE type=13 key_size=2 value_size=4 max_entries=64 name=policies_config
[507.543089 pid=12507 tid=12515]   MAP_CREATE -> fd=24 errno=0 kernel_map_id=410
[507.543158 pid=12507 tid=12515] BPF_MAP_CREATE type=1 key_size=4 value_size=16 max_entries=256 name=uid_filter
[507.543230 pid=12507 tid=12515]   MAP_CREATE -> fd=24 errno=0 kernel_map_id=411
[507.543296 pid=12507 tid=12515] BPF_MAP_CREATE type=1 key_size=4 value_size=16 max_entries=256 name=uid_filter_vers
[507.543370 pid=12507 tid=12515]   MAP_CREATE -> fd=24 errno=0 kernel_map_id=412
[507.543437 pid=12507 tid=12515] BPF_MAP_CREATE type=13 key_size=2 value_size=4 max_entries=64 name=uid_filter_vers
[507.543508 pid=12507 tid=12515]   MAP_CREATE -> fd=24 errno=0 kernel_map_id=413
[507.543579 pid=12507 tid=12515] BPF_MAP_CREATE type=1 key_size=4 value_size=16 max_entries=256 name=pid_filter
[507.543654 pid=12507 tid=12515]   MAP_CREATE -> fd=24 errno=0 kernel_map_id=414
[507.543720 pid=12507 tid=12515] BPF_MAP_CREATE type=1 key_size=4 value_size=16 max_entries=256 name=pid_filter_vers
[507.543794 pid=12507 tid=12515]   MAP_CREATE -> fd=24 errno=0 kernel_map_id=415
[507.543858 pid=12507 tid=12515] BPF_MAP_CREATE type=13 key_size=2 value_size=4 max_entries=64 name=pid_filter_vers
[507.543928 pid=12507 tid=12515]   MAP_CREATE -> fd=24 errno=0 kernel_map_id=416
[507.543999 pid=12507 tid=12515] BPF_MAP_CREATE type=1 key_size=4 value_size=16 max_entries=256 name=mnt_ns_filter
[507.544073 pid=12507 tid=12515]   MAP_CREATE -> fd=24 errno=0 kernel_map_id=417
[507.544136 pid=12507 tid=12515] BPF_MAP_CREATE type=1 key_size=4 value_size=16 max_entries=256 name=mnt_ns_filter_v
[507.544210 pid=12507 tid=12515]   MAP_CREATE -> fd=24 errno=0 kernel_map_id=418
[507.544274 pid=12507 tid=12515] BPF_MAP_CREATE type=13 key_size=2 value_size=4 max_entries=64 name=mnt_ns_filter_v
[507.544345 pid=12507 tid=12515]   MAP_CREATE -> fd=24 errno=0 kernel_map_id=419
[507.544415 pid=12507 tid=12515] BPF_MAP_CREATE type=1 key_size=4 value_size=16 max_entries=256 name=pid_ns_filter
[507.544487 pid=12507 tid=12515]   MAP_CREATE -> fd=24 errno=0 kernel_map_id=420
[507.544553 pid=12507 tid=12515] BPF_MAP_CREATE type=1 key_size=4 value_size=16 max_entries=256 name=pid_ns_filter_v
[507.544626 pid=12507 tid=12515]   MAP_CREATE -> fd=24 errno=0 kernel_map_id=421
[507.544695 pid=12507 tid=12515] BPF_MAP_CREATE type=13 key_size=2 value_size=4 max_entries=64 name=pid_ns_filter_v
[507.544767 pid=12507 tid=12515]   MAP_CREATE -> fd=24 errno=0 kernel_map_id=422
[507.544834 pid=12507 tid=12515] BPF_MAP_CREATE type=1 key_size=16 value_size=16 max_entries=256 name=uts_ns_filter
[507.544911 pid=12507 tid=12515]   MAP_CREATE -> fd=24 errno=0 kernel_map_id=423
[507.544973 pid=12507 tid=12515] BPF_MAP_CREATE type=1 key_size=16 value_size=16 max_entries=256 name=uts_ns_filter_v
[507.545052 pid=12507 tid=12515]   MAP_CREATE -> fd=24 errno=0 kernel_map_id=424
[507.545110 pid=12507 tid=12515] BPF_MAP_CREATE type=13 key_size=2 value_size=4 max_entries=64 name=uts_ns_filter_v
[507.545183 pid=12507 tid=12515]   MAP_CREATE -> fd=24 errno=0 kernel_map_id=425
[507.545251 pid=12507 tid=12515] BPF_MAP_CREATE type=1 key_size=256 value_size=16 max_entries=1024 name=data_filter_exa
[507.545451 pid=12507 tid=12515]   MAP_CREATE -> fd=24 errno=0 kernel_map_id=426
[507.545521 pid=12507 tid=12515] BPF_MAP_CREATE type=1 key_size=256 value_size=16 max_entries=1024 name=data_filter_exa
[507.545669 pid=12507 tid=12515]   MAP_CREATE -> fd=24 errno=0 kernel_map_id=427
[507.545738 pid=12507 tid=12515] BPF_MAP_CREATE type=13 key_size=8 value_size=4 max_entries=64 name=data_filter_exa
[507.545809 pid=12507 tid=12515]   MAP_CREATE -> fd=24 errno=0 kernel_map_id=428
[507.545880 pid=12507 tid=12515] BPF_MAP_CREATE type=11 key_size=260 value_size=16 max_entries=1024 name=data_filter_suf
[507.545954 pid=12507 tid=12515]   MAP_CREATE -> fd=24 errno=0 kernel_map_id=429
[507.546019 pid=12507 tid=12515] BPF_MAP_CREATE type=11 key_size=260 value_size=16 max_entries=1024 name=data_filter_suf
[507.546088 pid=12507 tid=12515]   MAP_CREATE -> fd=24 errno=0 kernel_map_id=430
[507.546156 pid=12507 tid=12515] BPF_MAP_CREATE type=13 key_size=8 value_size=4 max_entries=64 name=data_filter_suf
[507.546226 pid=12507 tid=12515]   MAP_CREATE -> fd=24 errno=0 kernel_map_id=431
[507.546297 pid=12507 tid=12515] BPF_MAP_CREATE type=11 key_size=260 value_size=16 max_entries=1024 name=data_filter_pre
[507.546368 pid=12507 tid=12515]   MAP_CREATE -> fd=24 errno=0 kernel_map_id=432
[507.546435 pid=12507 tid=12515] BPF_MAP_CREATE type=11 key_size=260 value_size=16 max_entries=1024 name=data_filter_pre
[507.546504 pid=12507 tid=12515]   MAP_CREATE -> fd=24 errno=0 kernel_map_id=433
[507.546572 pid=12507 tid=12515] BPF_MAP_CREATE type=13 key_size=8 value_size=4 max_entries=64 name=data_filter_pre
[507.546642 pid=12507 tid=12515]   MAP_CREATE -> fd=24 errno=0 kernel_map_id=434
[507.546716 pid=12507 tid=12515] BPF_MAP_CREATE type=1 key_size=16 value_size=16 max_entries=256 name=comm_filter
[507.546789 pid=12507 tid=12515]   MAP_CREATE -> fd=24 errno=0 kernel_map_id=435
[507.546853 pid=12507 tid=12515] BPF_MAP_CREATE type=1 key_size=16 value_size=16 max_entries=256 name=comm_filter_ver
[507.546925 pid=12507 tid=12515]   MAP_CREATE -> fd=24 errno=0 kernel_map_id=436
[507.546991 pid=12507 tid=12515] BPF_MAP_CREATE type=13 key_size=2 value_size=4 max_entries=64 name=comm_filter_ver
[507.547061 pid=12507 tid=12515]   MAP_CREATE -> fd=24 errno=0 kernel_map_id=437
[507.547132 pid=12507 tid=12515] BPF_MAP_CREATE type=1 key_size=4 value_size=16 max_entries=256 name=cgroup_id_filte
[507.547202 pid=12507 tid=12515]   MAP_CREATE -> fd=24 errno=0 kernel_map_id=438
[507.547269 pid=12507 tid=12515] BPF_MAP_CREATE type=1 key_size=4 value_size=16 max_entries=256 name=cgroup_id_filte
[507.547341 pid=12507 tid=12515]   MAP_CREATE -> fd=24 errno=0 kernel_map_id=439
[507.547405 pid=12507 tid=12515] BPF_MAP_CREATE type=13 key_size=2 value_size=4 max_entries=64 name=cgroup_id_filte
[507.547475 pid=12507 tid=12515]   MAP_CREATE -> fd=24 errno=0 kernel_map_id=440
[507.547545 pid=12507 tid=12515] BPF_MAP_CREATE type=1 key_size=260 value_size=16 max_entries=256 name=binary_filter
[507.547624 pid=12507 tid=12515]   MAP_CREATE -> fd=24 errno=0 kernel_map_id=441
[507.547684 pid=12507 tid=12515] BPF_MAP_CREATE type=1 key_size=260 value_size=16 max_entries=256 name=binary_filter_v
[507.547817 pid=12507 tid=12515]   MAP_CREATE -> fd=24 errno=0 kernel_map_id=442
[507.547886 pid=12507 tid=12515] BPF_MAP_CREATE type=13 key_size=2 value_size=4 max_entries=64 name=binary_filter_v
[507.547954 pid=12507 tid=12515]   MAP_CREATE -> fd=24 errno=0 kernel_map_id=443
[507.548026 pid=12507 tid=12515] BPF_MAP_CREATE type=1 key_size=4 value_size=64 max_entries=794 name=events_map
[507.548118 pid=12507 tid=12515]   MAP_CREATE -> fd=24 errno=0 kernel_map_id=444
[507.548189 pid=12507 tid=12515] BPF_MAP_CREATE type=1 key_size=4 value_size=64 max_entries=794 name=events_map_vers
[507.548282 pid=12507 tid=12515]   MAP_CREATE -> fd=24 errno=0 kernel_map_id=445
[507.548349 pid=12507 tid=12515] BPF_MAP_CREATE type=13 key_size=2 value_size=4 max_entries=64 name=events_map_vers
[507.548418 pid=12507 tid=12515]   MAP_CREATE -> fd=24 errno=0 kernel_map_id=446
[507.548489 pid=12507 tid=12515] BPF_MAP_CREATE type=4 key_size=4 value_size=4 max_entries=1024 name=logs
[507.548556 pid=12507 tid=12515]   MAP_CREATE -> fd=24 errno=0 kernel_map_id=447
[507.548625 pid=12507 tid=12515] BPF_MAP_CREATE type=4 key_size=4 value_size=4 max_entries=1024 name=events
[507.548696 pid=12507 tid=12515]   MAP_CREATE -> fd=24 errno=0 kernel_map_id=448
[507.548765 pid=12507 tid=12515] BPF_MAP_CREATE type=4 key_size=4 value_size=4 max_entries=1024 name=file_writes
[507.548834 pid=12507 tid=12515]   MAP_CREATE -> fd=24 errno=0 kernel_map_id=449
[507.548904 pid=12507 tid=12515] BPF_MAP_CREATE type=4 key_size=4 value_size=4 max_entries=1024 name=signals
[507.548973 pid=12507 tid=12515]   MAP_CREATE -> fd=24 errno=0 kernel_map_id=450
[507.549044 pid=12507 tid=12515] BPF_MAP_CREATE type=9 key_size=41 value_size=9 max_entries=65535 name=netflowmap
[507.551266 pid=12507 tid=12515]   MAP_CREATE -> fd=24 errno=0 kernel_map_id=451
[507.551343 pid=12507 tid=12515] BPF_MAP_CREATE type=9 key_size=8 value_size=128 max_entries=65535 name=inodemap
[507.556144 pid=12507 tid=12515]   MAP_CREATE -> fd=24 errno=0 kernel_map_id=452
[507.556253 pid=12507 tid=12515] BPF_MAP_CREATE type=9 key_size=8 value_size=8 max_entries=65535 name=sockmap
[507.557398 pid=12507 tid=12515]   MAP_CREATE -> fd=24 errno=0 kernel_map_id=453
[507.557520 pid=12507 tid=12515] BPF_MAP_CREATE type=9 key_size=4 value_size=48 max_entries=2048 name=entrymap
[507.557618 pid=12507 tid=12515]   MAP_CREATE -> fd=24 errno=0 kernel_map_id=454
[507.557691 pid=12507 tid=12515] BPF_MAP_CREATE type=4 key_size=4 value_size=4 max_entries=10240 name=net_cap_events
[507.557772 pid=12507 tid=12515]   MAP_CREATE -> fd=24 errno=0 kernel_map_id=455
[507.557831 pid=12507 tid=12515] BPF_MAP_CREATE type=6 key_size=4 value_size=32536 max_entries=1 name=net_heap_event
[507.557920 pid=12507 tid=12515]   MAP_CREATE -> fd=24 errno=0 kernel_map_id=456
[507.557990 pid=12507 tid=12515] BPF_MAP_CREATE type=1 key_size=8 value_size=1 max_entries=660 name=modules_map
[507.558068 pid=12507 tid=12515]   MAP_CREATE -> fd=24 errno=0 kernel_map_id=457
[507.558130 pid=12507 tid=12515] BPF_MAP_CREATE type=1 key_size=4 value_size=4 max_entries=794 name=suspicious_sysc
[507.558208 pid=12507 tid=12515]   MAP_CREATE -> fd=24 errno=0 kernel_map_id=458
[507.558268 pid=12507 tid=12515] BPF_MAP_CREATE type=1 key_size=4 value_size=4 max_entries=794 name=stack_pivot_sys
[507.558350 pid=12507 tid=12515]   MAP_CREATE -> fd=24 errno=0 kernel_map_id=459
[507.558418 pid=12507 tid=12515] BPF_MAP_CREATE type=2 key_size=4 value_size=32 max_entries=1 name=libbpf_global
[507.558484 pid=12507 tid=12515]   MAP_CREATE -> fd=24 errno=0 kernel_map_id=460
[507.558621 pid=12507 tid=12515] BPF_PROG_LOAD type=1 (socket_filter) name= insn_cnt=5 hash=a986313744f9f923 policy_hash=048f9e0260e5b0fb branch_profile_hash=b9cb6abd276be64d license=GPL expected_attach=0 attach_btf_id=0 prog_btf_fd=0 attach_btf_obj_fd=0 attach_prog_fd=0
[507.581896 pid=12507 tid=12515] loadtime policy prog= policy_hash=048f9e0260e5b0fb branch_profile_hash=b9cb6abd276be64d insn_cnt=5
[507.609292 pid=12507 tid=12515] loadtime step prog= step=wide_mem elapsed_ms=10
[507.611625 pid=12507 tid=12515] loadtime optimized prog= insns=5->6 maps=1 workdir=/workspaces/repository/corpus/results/x86_kvm_corpus_20260926_152627_089782/details/loadtime-workdirs/loadtime_12507_6
[507.611735 pid=12507 tid=12515]   PROG_LOAD -> fd=164 errno=0 kernel_prog_id=186
[507.611816 pid=12507 tid=12515] BPF_MAP_CREATE type=2 key_size=4 value_size=72 max_entries=1 name=.rodata
[507.611901 pid=12507 tid=12515]   MAP_CREATE -> fd=24 errno=0 kernel_map_id=461
[507.612014 pid=12507 tid=12515] BPF_MAP_CREATE type=2 key_size=4 value_size=246 max_entries=1 name=.rodata.str1.1
[507.612090 pid=12507 tid=12515]   MAP_CREATE -> fd=24 errno=0 kernel_map_id=462
[507.612170 pid=12507 tid=12515] BPF_MAP_CREATE type=2 key_size=4 value_size=19 max_entries=1 name=.bss
[507.612249 pid=12507 tid=12515]   MAP_CREATE -> fd=24 errno=0 kernel_map_id=463
[507.612403 pid=12507 tid=12515] BPF_PROG_LOAD type=5 (tracepoint) name= insn_cnt=6 hash=7e4864ff1af3e9d4 policy_hash=7e4864ff1af3e9d4 branch_profile_hash=2530ec7d038f421a license=GPL expected_attach=0 attach_btf_id=0 prog_btf_fd=0 attach_btf_obj_fd=0 attach_prog_fd=0
[507.628528 pid=12507 tid=12515] loadtime policy prog= policy_hash=7e4864ff1af3e9d4 branch_profile_hash=2530ec7d038f421a insn_cnt=6
[507.658537 pid=12507 tid=12515] loadtime step prog= step=wide_mem elapsed_ms=13
[507.659693 pid=12507 tid=12515] loadtime optimized prog= insns=6->6 maps=0 workdir=/workspaces/repository/corpus/results/x86_kvm_corpus_20260926_152627_089782/details/loadtime-workdirs/loadtime_12507_7
[507.659814 pid=12507 tid=12515]   PROG_LOAD -> fd=24 errno=0 kernel_prog_id=189
[507.661174 pid=12507 tid=12515] BPF_PROG_LOAD type=17 (raw_tracepoint) name=tracepoint__raw insn_cnt=29 hash=db023415dd9df842 policy_hash=2111e7b549ba90d7 branch_profile_hash=3c2ef20ac54a4182 license=GPL expected_attach=0 attach_btf_id=0 prog_btf_fd=163 attach_btf_obj_fd=0 attach_prog_fd=0
[507.694414 pid=12507 tid=12515] loadtime policy prog=tracepoint__raw policy_hash=2111e7b549ba90d7 branch_profile_hash=3c2ef20ac54a4182 insn_cnt=29
[507.726804 pid=12507 tid=12515] loadtime step prog=tracepoint__raw step=wide_mem elapsed_ms=15
[507.729132 pid=12507 tid=12515] loadtime optimized prog=tracepoint__raw insns=29->29 maps=2 workdir=/workspaces/repository/corpus/results/x86_kvm_corpus_20260926_152627_089782/details/loadtime-workdirs/loadtime_12507_8
[507.729266 pid=12507 tid=12515]   PROG_LOAD -> fd=164 errno=0 kernel_prog_id=192
[507.729344 pid=12507 tid=12515] BPF_MAP_CREATE type=2 key_size=4 value_size=32 max_entries=1 name=libbpf_det_bind
[507.729414 pid=12507 tid=12515]   MAP_CREATE -> fd=24 errno=0 kernel_map_id=464
[507.729484 pid=12507 tid=12515] BPF_PROG_LOAD type=1 (socket_filter) name= insn_cnt=2 hash=58255400910d7827 policy_hash=58255400910d7827 branch_profile_hash=13453716aec57bda license=GPL expected_attach=0 attach_btf_id=0 prog_btf_fd=0 attach_btf_obj_fd=0 attach_prog_fd=0
[507.748953 pid=12507 tid=12515] loadtime policy prog= policy_hash=58255400910d7827 branch_profile_hash=13453716aec57bda insn_cnt=2
[507.778363 pid=12507 tid=12515] loadtime step prog= step=wide_mem elapsed_ms=10
[507.778436 pid=12507 tid=12515] loadtime prog= produced no bytecode changes; passing original BPF_PROG_LOAD through
[507.778534 pid=12507 tid=12515]   PROG_LOAD -> fd=60 errno=0 kernel_prog_id=195
[507.778756 pid=12507 tid=12515] BPF_PROG_LOAD type=17 (raw_tracepoint) name=sys_enter_init insn_cnt=579 hash=9d5d09a1333130bb policy_hash=aea6b1a360481d96 branch_profile_hash=56304efab621ce1d license=GPL expected_attach=0 attach_btf_id=0 prog_btf_fd=163 attach_btf_obj_fd=0 attach_prog_fd=0
[507.850569 pid=12507 tid=12515] loadtime policy prog=sys_enter_init policy_hash=aea6b1a360481d96 branch_profile_hash=56304efab621ce1d insn_cnt=579
[507.890398 pid=12507 tid=12515] loadtime step prog=sys_enter_init step=wide_mem elapsed_ms=21
[507.892797 pid=12507 tid=12515] loadtime optimized prog=sys_enter_init insns=579->428 maps=6 workdir=/workspaces/repository/corpus/results/x86_kvm_corpus_20260926_152627_089782/details/loadtime-workdirs/loadtime_12507_10
[507.893107 pid=12507 tid=12515]   PROG_LOAD -> fd=169 errno=0 kernel_prog_id=198
[507.893330 pid=12507 tid=12515] BPF_PROG_LOAD type=17 (raw_tracepoint) name=sys_enter_submi insn_cnt=3731 hash=cb4c81a0ccefaa51 policy_hash=b7fc4616a9ed6444 branch_profile_hash=fc4b41f89c8d248b license=GPL expected_attach=0 attach_btf_id=0 prog_btf_fd=163 attach_btf_obj_fd=0 attach_prog_fd=0
[508.516720 pid=12507 tid=12515] loadtime policy prog=sys_enter_submi policy_hash=b7fc4616a9ed6444 branch_profile_hash=fc4b41f89c8d248b insn_cnt=3731
[508.634601 pid=12507 tid=12515] loadtime step prog=sys_enter_submi step=wide_mem elapsed_ms=79
[508.637381 pid=12507 tid=12515] loadtime optimized prog=sys_enter_submi insns=3731->3043 maps=23 workdir=/workspaces/repository/corpus/results/x86_kvm_corpus_20260926_152627_089782/details/loadtime-workdirs/loadtime_12507_11
[508.649637 pid=12507 tid=12515]   PROG_LOAD -> fd=187 errno=0 kernel_prog_id=201
[508.649982 pid=12507 tid=12515] BPF_PROG_LOAD type=17 (raw_tracepoint) name=tracepoint__raw insn_cnt=36 hash=f71823bf60f6c9a1 policy_hash=77aaee9fda50310a branch_profile_hash=bc48b27db9a5a927 license=GPL expected_attach=0 attach_btf_id=0 prog_btf_fd=163 attach_btf_obj_fd=0 attach_prog_fd=0
[508.681034 pid=12507 tid=12515] loadtime policy prog=tracepoint__raw policy_hash=77aaee9fda50310a branch_profile_hash=bc48b27db9a5a927 insn_cnt=36
[508.715013 pid=12507 tid=12515] loadtime step prog=tracepoint__raw step=wide_mem elapsed_ms=16
[508.717360 pid=12507 tid=12515] loadtime optimized prog=tracepoint__raw insns=36->35 maps=2 workdir=/workspaces/repository/corpus/results/x86_kvm_corpus_20260926_152627_089782/details/loadtime-workdirs/loadtime_12507_12
[508.717477 pid=12507 tid=12515]   PROG_LOAD -> fd=165 errno=0 kernel_prog_id=204
[508.717615 pid=12507 tid=12515] BPF_PROG_LOAD type=17 (raw_tracepoint) name=sys_exit_init insn_cnt=482 hash=9c4dcbd37563f2ed policy_hash=753bc34ccb893be8 branch_profile_hash=1d6653ac4c453418 license=GPL expected_attach=0 attach_btf_id=0 prog_btf_fd=163 attach_btf_obj_fd=0 attach_prog_fd=0
[508.771017 pid=12507 tid=12515] loadtime policy prog=sys_exit_init policy_hash=753bc34ccb893be8 branch_profile_hash=1d6653ac4c453418 insn_cnt=482
[508.814276 pid=12507 tid=12515] loadtime step prog=sys_exit_init step=wide_mem elapsed_ms=22
[508.816968 pid=12507 tid=12515] loadtime optimized prog=sys_exit_init insns=482->359 maps=6 workdir=/workspaces/repository/corpus/results/x86_kvm_corpus_20260926_152627_089782/details/loadtime-workdirs/loadtime_12507_13
[508.817317 pid=12507 tid=12515]   PROG_LOAD -> fd=171 errno=0 kernel_prog_id=207
[508.817624 pid=12507 tid=12515] BPF_PROG_LOAD type=17 (raw_tracepoint) name=sys_exit_submit insn_cnt=2553 hash=fb4d89953d9856d4 policy_hash=89c4dd2af425fb48 branch_profile_hash=7d9882cae8928d38 license=GPL expected_attach=0 attach_btf_id=0 prog_btf_fd=163 attach_btf_obj_fd=0 attach_prog_fd=0
[509.025121 pid=12507 tid=12515] loadtime policy prog=sys_exit_submit policy_hash=89c4dd2af425fb48 branch_profile_hash=7d9882cae8928d38 insn_cnt=2553
[509.130478 pid=12507 tid=12515] loadtime step prog=sys_exit_submit step=wide_mem elapsed_ms=79
[509.133393 pid=12507 tid=12515] loadtime optimized prog=sys_exit_submit insns=2553->2121 maps=21 workdir=/workspaces/repository/corpus/results/x86_kvm_corpus_20260926_152627_089782/details/loadtime-workdirs/loadtime_12507_14
[509.136158 pid=12507 tid=12515]   PROG_LOAD -> fd=188 errno=0 kernel_prog_id=210
[509.136544 pid=12507 tid=12515] BPF_PROG_LOAD type=17 (raw_tracepoint) name=trace_sys_enter insn_cnt=1703 hash=96bfbe660fc19c9c policy_hash=02269b5fc49c9589 branch_profile_hash=7c95cfe37d6067bc license=GPL expected_attach=0 attach_btf_id=0 prog_btf_fd=163 attach_btf_obj_fd=0 attach_prog_fd=0
[509.300599 pid=12507 tid=12515] loadtime policy prog=trace_sys_enter policy_hash=02269b5fc49c9589 branch_profile_hash=7c95cfe37d6067bc insn_cnt=1703
[509.406724 pid=12507 tid=12515] loadtime step prog=trace_sys_enter step=wide_mem elapsed_ms=56
[509.409847 pid=12507 tid=12515] loadtime optimized prog=trace_sys_enter insns=1703->1389 maps=19 workdir=/workspaces/repository/corpus/results/x86_kvm_corpus_20260926_152627_089782/details/loadtime-workdirs/loadtime_12507_15
[509.412348 pid=12507 tid=12515]   PROG_LOAD -> fd=185 errno=0 kernel_prog_id=213
[509.412815 pid=12507 tid=12515] BPF_PROG_LOAD type=17 (raw_tracepoint) name=trace_sys_exit insn_cnt=1710 hash=898c5cde82d184d5 policy_hash=b9d3b7c1e807d040 branch_profile_hash=43fd2e022240b5a4 license=GPL expected_attach=0 attach_btf_id=0 prog_btf_fd=163 attach_btf_obj_fd=0 attach_prog_fd=0
[509.668167 pid=12507 tid=12515] loadtime policy prog=trace_sys_exit policy_hash=b9d3b7c1e807d040 branch_profile_hash=43fd2e022240b5a4 insn_cnt=1710
[509.756539 pid=12507 tid=12515] loadtime step prog=trace_sys_exit step=wide_mem elapsed_ms=57
[509.759327 pid=12507 tid=12515] loadtime optimized prog=trace_sys_exit insns=1710->1394 maps=19 workdir=/workspaces/repository/corpus/results/x86_kvm_corpus_20260926_152627_089782/details/loadtime-workdirs/loadtime_12507_16
[509.761745 pid=12507 tid=12515]   PROG_LOAD -> fd=186 errno=0 kernel_prog_id=216
[509.762011 pid=12507 tid=12515] BPF_PROG_LOAD type=2 (kprobe) name=trace_ptrace insn_cnt=563 hash=f362535c774ef50e policy_hash=0dd8e70ed457d1cf branch_profile_hash=3f57c5c82b387e1e license=GPL expected_attach=0 attach_btf_id=0 prog_btf_fd=163 attach_btf_obj_fd=0 attach_prog_fd=0
[509.819535 pid=12507 tid=12515] loadtime policy prog=trace_ptrace policy_hash=0dd8e70ed457d1cf branch_profile_hash=3f57c5c82b387e1e insn_cnt=563
[509.870501 pid=12507 tid=12515] loadtime step prog=trace_ptrace step=wide_mem elapsed_ms=29
[509.873572 pid=12507 tid=12515] loadtime optimized prog=trace_ptrace insns=563->396 maps=5 workdir=/workspaces/repository/corpus/results/x86_kvm_corpus_20260926_152627_089782/details/loadtime-workdirs/loadtime_12507_17
[509.873977 pid=12507 tid=12515]   PROG_LOAD -> fd=170 errno=0 kernel_prog_id=219
[509.874256 pid=12507 tid=12515] BPF_PROG_LOAD type=2 (kprobe) name=trace_ret_ptrac insn_cnt=2487 hash=8f85c5cc1d0d7126 policy_hash=c3ce6004061f9204 branch_profile_hash=602b39955b3b8f99 license=GPL expected_attach=0 attach_btf_id=0 prog_btf_fd=163 attach_btf_obj_fd=0 attach_prog_fd=0
[510.105394 pid=12507 tid=12515] loadtime policy prog=trace_ret_ptrac policy_hash=c3ce6004061f9204 branch_profile_hash=602b39955b3b8f99 insn_cnt=2487
[510.215576 pid=12507 tid=12515] loadtime step prog=trace_ret_ptrac step=wide_mem elapsed_ms=80
[510.218679 pid=12507 tid=12515] loadtime optimized prog=trace_ret_ptrac insns=2487->2063 maps=21 workdir=/workspaces/repository/corpus/results/x86_kvm_corpus_20260926_152627_089782/details/loadtime-workdirs/loadtime_12507_18
[510.222289 pid=12507 tid=12515]   PROG_LOAD -> fd=192 errno=0 kernel_prog_id=222
[510.222513 pid=12507 tid=12515] BPF_PROG_LOAD type=2 (kprobe) name=trace_process_v insn_cnt=563 hash=20fdafc2afd47df2 policy_hash=438c94c43de6372b branch_profile_hash=25afe9d4aaf94b17 license=GPL expected_attach=0 attach_btf_id=0 prog_btf_fd=163 attach_btf_obj_fd=0 attach_prog_fd=0
[510.272597 pid=12507 tid=12515] loadtime policy prog=trace_process_v policy_hash=438c94c43de6372b branch_profile_hash=25afe9d4aaf94b17 insn_cnt=563
[510.308922 pid=12507 tid=12515] loadtime step prog=trace_process_v step=wide_mem elapsed_ms=19
[510.311328 pid=12507 tid=12515] loadtime optimized prog=trace_process_v insns=563->396 maps=5 workdir=/workspaces/repository/corpus/results/x86_kvm_corpus_20260926_152627_089782/details/loadtime-workdirs/loadtime_12507_19
[510.311648 pid=12507 tid=12515]   PROG_LOAD -> fd=172 errno=0 kernel_prog_id=225
[510.311836 pid=12507 tid=12515] BPF_PROG_LOAD type=2 (kprobe) name=trace_ret_proce insn_cnt=2487 hash=692a313d3d50006b policy_hash=6ac99b4946ceaa71 branch_profile_hash=a02367cd27772c62 license=GPL expected_attach=0 attach_btf_id=0 prog_btf_fd=163 attach_btf_obj_fd=0 attach_prog_fd=0
[510.574580 pid=12507 tid=12515] loadtime policy prog=trace_ret_proce policy_hash=6ac99b4946ceaa71 branch_profile_hash=a02367cd27772c62 insn_cnt=2487
[510.693365 pid=12507 tid=12515] loadtime step prog=trace_ret_proce step=wide_mem elapsed_ms=71
[510.696404 pid=12507 tid=12515] loadtime optimized prog=trace_ret_proce insns=2487->2063 maps=21 workdir=/workspaces/repository/corpus/results/x86_kvm_corpus_20260926_152627_089782/details/loadtime-workdirs/loadtime_12507_20
[510.700934 pid=12507 tid=12515]   PROG_LOAD -> fd=194 errno=0 kernel_prog_id=228
[510.701411 pid=12507 tid=12515] BPF_PROG_LOAD type=2 (kprobe) name=trace_arch_prct insn_cnt=563 hash=609dd7b39d11e2ca policy_hash=653b102b58636ee3 branch_profile_hash=163570ce485daf8f license=GPL expected_attach=0 attach_btf_id=0 prog_btf_fd=163 attach_btf_obj_fd=0 attach_prog_fd=0
[510.761608 pid=12507 tid=12515] loadtime policy prog=trace_arch_prct policy_hash=653b102b58636ee3 branch_profile_hash=163570ce485daf8f insn_cnt=563
[510.797598 pid=12507 tid=12515] loadtime step prog=trace_arch_prct step=wide_mem elapsed_ms=19
[510.799978 pid=12507 tid=12515] loadtime optimized prog=trace_arch_prct insns=563->396 maps=5 workdir=/workspaces/repository/corpus/results/x86_kvm_corpus_20260926_152627_089782/details/loadtime-workdirs/loadtime_12507_21
[510.800307 pid=12507 tid=12515]   PROG_LOAD -> fd=173 errno=0 kernel_prog_id=231
[510.800505 pid=12507 tid=12515] BPF_PROG_LOAD type=2 (kprobe) name=trace_ret_arch_ insn_cnt=2487 hash=ae65dc215440b225 policy_hash=6dc4cefd229fc457 branch_profile_hash=4c9f48532b93f308 license=GPL expected_attach=0 attach_btf_id=0 prog_btf_fd=163 attach_btf_obj_fd=0 attach_prog_fd=0
[510.963996 pid=12507 tid=12515] loadtime policy prog=trace_ret_arch_ policy_hash=6dc4cefd229fc457 branch_profile_hash=4c9f48532b93f308 insn_cnt=2487
[511.053269 pid=12507 tid=12515] loadtime step prog=trace_ret_arch_ step=wide_mem elapsed_ms=62
[511.055842 pid=12507 tid=12515] loadtime optimized prog=trace_ret_arch_ insns=2487->2063 maps=21 workdir=/workspaces/repository/corpus/results/x86_kvm_corpus_20260926_152627_089782/details/loadtime-workdirs/loadtime_12507_22
[511.059373 pid=12507 tid=12515]   PROG_LOAD -> fd=196 errno=0 kernel_prog_id=234
[511.059629 pid=12507 tid=12515] BPF_PROG_LOAD type=2 (kprobe) name=trace_dup insn_cnt=563 hash=083153d9a73b5172 policy_hash=52dda0f0a6a69953 branch_profile_hash=613646f846bad868 license=GPL expected_attach=0 attach_btf_id=0 prog_btf_fd=163 attach_btf_obj_fd=0 attach_prog_fd=0
[511.108745 pid=12507 tid=12515] loadtime policy prog=trace_dup policy_hash=52dda0f0a6a69953 branch_profile_hash=613646f846bad868 insn_cnt=563
[511.145508 pid=12507 tid=12515] loadtime step prog=trace_dup step=wide_mem elapsed_ms=18
[511.147828 pid=12507 tid=12515] loadtime optimized prog=trace_dup insns=563->396 maps=5 workdir=/workspaces/repository/corpus/results/x86_kvm_corpus_20260926_152627_089782/details/loadtime-workdirs/loadtime_12507_23
[511.148123 pid=12507 tid=12515]   PROG_LOAD -> fd=174 errno=0 kernel_prog_id=237
[511.148309 pid=12507 tid=12515] BPF_PROG_LOAD type=2 (kprobe) name=trace_ret_dup insn_cnt=2487 hash=a547f52d82c860ff policy_hash=e36abf2ccf6fa645 branch_profile_hash=bceb7feee5f2da3c license=GPL expected_attach=0 attach_btf_id=0 prog_btf_fd=163 attach_btf_obj_fd=0 attach_prog_fd=0
[511.318568 pid=12507 tid=12515] loadtime policy prog=trace_ret_dup policy_hash=e36abf2ccf6fa645 branch_profile_hash=bceb7feee5f2da3c insn_cnt=2487
[511.416583 pid=12507 tid=12515] loadtime step prog=trace_ret_dup step=wide_mem elapsed_ms=62
[511.419184 pid=12507 tid=12515] loadtime optimized prog=trace_ret_dup insns=2487->2063 maps=21 workdir=/workspaces/repository/corpus/results/x86_kvm_corpus_20260926_152627_089782/details/loadtime-workdirs/loadtime_12507_24
[511.423756 pid=12507 tid=12515]   PROG_LOAD -> fd=198 errno=0 kernel_prog_id=240
[511.424168 pid=12507 tid=12515] BPF_PROG_LOAD type=2 (kprobe) name=trace_dup2 insn_cnt=563 hash=c3569066e9043856 policy_hash=22f105d5beaf8f8f branch_profile_hash=7271bbe0f1afd8d6 license=GPL expected_attach=0 attach_btf_id=0 prog_btf_fd=163 attach_btf_obj_fd=0 attach_prog_fd=0
[511.490784 pid=12507 tid=12515] loadtime policy prog=trace_dup2 policy_hash=22f105d5beaf8f8f branch_profile_hash=7271bbe0f1afd8d6 insn_cnt=563
[511.544210 pid=12507 tid=12515] loadtime step prog=trace_dup2 step=wide_mem elapsed_ms=27
[511.546567 pid=12507 tid=12515] loadtime optimized prog=trace_dup2 insns=563->396 maps=5 workdir=/workspaces/repository/corpus/results/x86_kvm_corpus_20260926_152627_089782/details/loadtime-workdirs/loadtime_12507_25
[511.546887 pid=12507 tid=12515]   PROG_LOAD -> fd=175 errno=0 kernel_prog_id=243
[511.547079 pid=12507 tid=12515] BPF_PROG_LOAD type=2 (kprobe) name=trace_ret_dup2 insn_cnt=2487 hash=f357d1a5485a6dda policy_hash=f8a77147640eb9f8 branch_profile_hash=b3b63f86e63be36a license=GPL expected_attach=0 attach_btf_id=0 prog_btf_fd=163 attach_btf_obj_fd=0 attach_prog_fd=0
[511.822338 pid=12507 tid=12515] loadtime policy prog=trace_ret_dup2 policy_hash=f8a77147640eb9f8 branch_profile_hash=b3b63f86e63be36a insn_cnt=2487
[511.924191 pid=12507 tid=12515] loadtime step prog=trace_ret_dup2 step=wide_mem elapsed_ms=68
[511.927506 pid=12507 tid=12515] loadtime optimized prog=trace_ret_dup2 insns=2487->2063 maps=21 workdir=/workspaces/repository/corpus/results/x86_kvm_corpus_20260926_152627_089782/details/loadtime-workdirs/loadtime_12507_26
[511.931059 pid=12507 tid=12515]   PROG_LOAD -> fd=200 errno=0 kernel_prog_id=246
[511.931349 pid=12507 tid=12515] BPF_PROG_LOAD type=2 (kprobe) name=trace_dup3 insn_cnt=563 hash=467d2fa574b6d96e policy_hash=1878ae0d7511a3c7 branch_profile_hash=236c00da248ea1bd license=GPL expected_attach=0 attach_btf_id=0 prog_btf_fd=163 attach_btf_obj_fd=0 attach_prog_fd=0
[512.012158 pid=12507 tid=12515] loadtime policy prog=trace_dup3 policy_hash=1878ae0d7511a3c7 branch_profile_hash=236c00da248ea1bd insn_cnt=563
[512.065563 pid=12507 tid=12515] loadtime step prog=trace_dup3 step=wide_mem elapsed_ms=25
[512.068583 pid=12507 tid=12515] loadtime optimized prog=trace_dup3 insns=563->396 maps=5 workdir=/workspaces/repository/corpus/results/x86_kvm_corpus_20260926_152627_089782/details/loadtime-workdirs/loadtime_12507_27
[512.069033 pid=12507 tid=12515]   PROG_LOAD -> fd=176 errno=0 kernel_prog_id=249
[512.069369 pid=12507 tid=12515] BPF_PROG_LOAD type=2 (kprobe) name=trace_ret_dup3 insn_cnt=2487 hash=b826303977c72ad0 policy_hash=d9f0aebf33a95152 branch_profile_hash=e17c19be668a0375 license=GPL expected_attach=0 attach_btf_id=0 prog_btf_fd=163 attach_btf_obj_fd=0 attach_prog_fd=0
[512.398419 pid=12507 tid=12515] loadtime policy prog=trace_ret_dup3 policy_hash=d9f0aebf33a95152 branch_profile_hash=e17c19be668a0375 insn_cnt=2487
[512.557576 pid=12507 tid=12515] loadtime step prog=trace_ret_dup3 step=wide_mem elapsed_ms=88
[512.566359 pid=12507 tid=12515] loadtime optimized prog=trace_ret_dup3 insns=2487->2063 maps=21 workdir=/workspaces/repository/corpus/results/x86_kvm_corpus_20260926_152627_089782/details/loadtime-workdirs/loadtime_12507_28
[512.571265 pid=12507 tid=12515]   PROG_LOAD -> fd=202 errno=0 kernel_prog_id=252
[512.571779 pid=12507 tid=12515] BPF_PROG_LOAD type=17 (raw_tracepoint) name=syscall__execve insn_cnt=4165 hash=5e8748f07bac42a7 policy_hash=576c18b6307ae3ae branch_profile_hash=052889cd92d804c8 license=GPL expected_attach=0 attach_btf_id=0 prog_btf_fd=163 attach_btf_obj_fd=0 attach_prog_fd=0
[512.783092 pid=12507 tid=12515] loadtime policy prog=syscall__execve policy_hash=576c18b6307ae3ae branch_profile_hash=052889cd92d804c8 insn_cnt=4165
[512.906193 pid=12507 tid=12515] loadtime step prog=syscall__execve step=wide_mem elapsed_ms=96
[512.909084 pid=12507 tid=12515] loadtime optimized prog=syscall__execve insns=4165->3594 maps=16 workdir=/workspaces/repository/corpus/results/x86_kvm_corpus_20260926_152627_089782/details/loadtime-workdirs/loadtime_12507_29
[512.911899 pid=12507 tid=12515]   PROG_LOAD -> fd=193 errno=0 kernel_prog_id=255
[512.912317 pid=12507 tid=12515] BPF_PROG_LOAD type=17 (raw_tracepoint) name=syscall__execve insn_cnt=4191 hash=596e0e241e3aa624 policy_hash=c91fd41d7c44042d branch_profile_hash=29df2b662fcab6e8 license=GPL expected_attach=0 attach_btf_id=0 prog_btf_fd=163 attach_btf_obj_fd=0 attach_prog_fd=0
[513.105815 pid=12507 tid=12515] loadtime policy prog=syscall__execve policy_hash=c91fd41d7c44042d branch_profile_hash=29df2b662fcab6e8 insn_cnt=4191
[513.246448 pid=12507 tid=12515] loadtime step prog=syscall__execve step=wide_mem elapsed_ms=99
[513.253330 pid=12507 tid=12515] loadtime optimized prog=syscall__execve insns=4191->3615 maps=16 workdir=/workspaces/repository/corpus/results/x86_kvm_corpus_20260926_152627_089782/details/loadtime-workdirs/loadtime_12507_30
[513.256227 pid=12507 tid=12515]   PROG_LOAD -> fd=195 errno=0 kernel_prog_id=258
[513.256775 pid=12507 tid=12515] BPF_PROG_LOAD type=17 (raw_tracepoint) name=syscall__execve insn_cnt=4219 hash=cabe61c50fc8df25 policy_hash=abbf46f043ffaa50 branch_profile_hash=773e435d9ae9b8d1 license=GPL expected_attach=0 attach_btf_id=0 prog_btf_fd=163 attach_btf_obj_fd=0 attach_prog_fd=0
[513.507395 pid=12507 tid=12515] loadtime policy prog=syscall__execve policy_hash=abbf46f043ffaa50 branch_profile_hash=773e435d9ae9b8d1 insn_cnt=4219
[513.671957 pid=12507 tid=12515] loadtime step prog=syscall__execve step=wide_mem elapsed_ms=119
[513.675863 pid=12507 tid=12515] loadtime optimized prog=syscall__execve insns=4219->3638 maps=16 workdir=/workspaces/repository/corpus/results/x86_kvm_corpus_20260926_152627_089782/details/loadtime-workdirs/loadtime_12507_31
[513.679433 pid=12507 tid=12515]   PROG_LOAD -> fd=197 errno=0 kernel_prog_id=261
[513.679836 pid=12507 tid=12515] BPF_PROG_LOAD type=17 (raw_tracepoint) name=syscall__execve insn_cnt=4245 hash=e61e7a8c98e29ac4 policy_hash=7c6dac359fd210a1 branch_profile_hash=92bece84ee8dc27b license=GPL expected_attach=0 attach_btf_id=0 prog_btf_fd=163 attach_btf_obj_fd=0 attach_prog_fd=0
[513.825448 pid=12507 tid=12515] loadtime policy prog=syscall__execve policy_hash=7c6dac359fd210a1 branch_profile_hash=92bece84ee8dc27b insn_cnt=4245
[513.958399 pid=12507 tid=12515] loadtime step prog=syscall__execve step=wide_mem elapsed_ms=100
[513.961372 pid=12507 tid=12515] loadtime optimized prog=syscall__execve insns=4245->3659 maps=16 workdir=/workspaces/repository/corpus/results/x86_kvm_corpus_20260926_152627_089782/details/loadtime-workdirs/loadtime_12507_32
[513.964896 pid=12507 tid=12515]   PROG_LOAD -> fd=199 errno=0 kernel_prog_id=264
[513.965275 pid=12507 tid=12515] BPF_PROG_LOAD type=2 (kprobe) name=sys_dup_exit_ta insn_cnt=2353 hash=d69719e0dd83d11c policy_hash=8c7a3ef9a0918bde branch_profile_hash=8c17f1da28af69c1 license=GPL expected_attach=0 attach_btf_id=0 prog_btf_fd=163 attach_btf_obj_fd=0 attach_prog_fd=0
[514.103106 pid=12507 tid=12515] loadtime policy prog=sys_dup_exit_ta policy_hash=8c7a3ef9a0918bde branch_profile_hash=8c17f1da28af69c1 insn_cnt=2353
[514.197250 pid=12507 tid=12515] loadtime step prog=sys_dup_exit_ta step=wide_mem elapsed_ms=70
[514.199905 pid=12507 tid=12515] loadtime optimized prog=sys_dup_exit_ta insns=2353->1905 maps=16 workdir=/workspaces/repository/corpus/results/x86_kvm_corpus_20260926_152627_089782/details/loadtime-workdirs/loadtime_12507_33
[514.202074 pid=12507 tid=12515]   PROG_LOAD -> fd=201 errno=0 kernel_prog_id=267
[514.202391 pid=12507 tid=12515] BPF_PROG_LOAD type=17 (raw_tracepoint) name=tracepoint__sch insn_cnt=4268 hash=939527d578e93561 policy_hash=43c78fdfb2f74f93 branch_profile_hash=30666670c6cbf9b2 license=GPL expected_attach=0 attach_btf_id=0 prog_btf_fd=163 attach_btf_obj_fd=0 attach_prog_fd=0
[514.376399 pid=12507 tid=12515] loadtime policy prog=tracepoint__sch policy_hash=43c78fdfb2f74f93 branch_profile_hash=30666670c6cbf9b2 insn_cnt=4268
[514.500609 pid=12507 tid=12515] loadtime step prog=tracepoint__sch step=wide_mem elapsed_ms=90
[514.503488 pid=12507 tid=12515] loadtime optimized prog=tracepoint__sch insns=4268->3296 maps=22 workdir=/workspaces/repository/corpus/results/x86_kvm_corpus_20260926_152627_089782/details/loadtime-workdirs/loadtime_12507_34
[514.508706 pid=12507 tid=12515]   PROG_LOAD -> fd=209 errno=0 kernel_prog_id=270
[514.508953 pid=12507 tid=12515] BPF_PROG_LOAD type=17 (raw_tracepoint) name=sched_process_f insn_cnt=1036 hash=054005f78a7796d9 policy_hash=8c4ee853137cb7f1 branch_profile_hash=0778777dc52b166a license=GPL expected_attach=0 attach_btf_id=0 prog_btf_fd=163 attach_btf_obj_fd=0 attach_prog_fd=0
[514.601390 pid=12507 tid=12515] loadtime policy prog=sched_process_f policy_hash=8c4ee853137cb7f1 branch_profile_hash=0778777dc52b166a insn_cnt=1036
[514.649092 pid=12507 tid=12515] loadtime step prog=sched_process_f step=wide_mem elapsed_ms=28
[514.651536 pid=12507 tid=12515] loadtime optimized prog=sched_process_f insns=1036->783 maps=2 workdir=/workspaces/repository/corpus/results/x86_kvm_corpus_20260926_152627_089782/details/loadtime-workdirs/loadtime_12507_35
[514.652165 pid=12507 tid=12515]   PROG_LOAD -> fd=166 errno=0 kernel_prog_id=273
[514.652613 pid=12507 tid=12515] BPF_PROG_LOAD type=2 (kprobe) name=lkm_seeker_modt insn_cnt=13815 hash=84ec429b8479b764 policy_hash=b2740000403df789 branch_profile_hash=ae8eb8d1c9de69cc license=GPL expected_attach=0 attach_btf_id=0 prog_btf_fd=163 attach_btf_obj_fd=0 attach_prog_fd=0
[514.844517 pid=12507 tid=12515] loadtime policy prog=lkm_seeker_modt policy_hash=b2740000403df789 branch_profile_hash=ae8eb8d1c9de69cc insn_cnt=13815
[515.452637 pid=12507 tid=12515] loadtime step prog=lkm_seeker_modt step=wide_mem elapsed_ms=267
[515.457476 pid=12507 tid=12515] loadtime optimized prog=lkm_seeker_modt insns=13815->10534 maps=15 workdir=/workspaces/repository/corpus/results/x86_kvm_corpus_20260926_152627_089782/details/loadtime-workdirs/loadtime_12507_36
[515.579343 pid=12507 tid=12515]   PROG_LOAD -> fd=203 errno=0 kernel_prog_id=276
[515.580169 pid=12507 tid=12515] BPF_PROG_LOAD type=2 (kprobe) name=heartbeat_captu insn_cnt=27 hash=635207d5ee063dfb policy_hash=852d2e7cce56dad3 branch_profile_hash=7da39b224b02e8b0 license=GPL expected_attach=0 attach_btf_id=0 prog_btf_fd=163 attach_btf_obj_fd=0 attach_prog_fd=0
[515.737383 pid=12507 tid=12515] loadtime policy prog=heartbeat_captu policy_hash=852d2e7cce56dad3 branch_profile_hash=7da39b224b02e8b0 insn_cnt=27
[515.797419 pid=12507 tid=12515] loadtime step prog=heartbeat_captu step=wide_mem elapsed_ms=17
[515.800364 pid=12507 tid=12515] loadtime optimized prog=heartbeat_captu insns=27->23 maps=2 workdir=/workspaces/repository/corpus/results/x86_kvm_corpus_20260926_152627_089782/details/loadtime-workdirs/loadtime_12507_37
[515.800488 pid=12507 tid=12515]   PROG_LOAD -> fd=167 errno=0 kernel_prog_id=279
[515.800695 pid=12507 tid=12515] BPF_PROG_LOAD type=2 (kprobe) name=uprobe_lkm_seek insn_cnt=1418 hash=b47b900c385841bb policy_hash=81212b95c8f053b8 branch_profile_hash=3856668a15438407 license=GPL expected_attach=0 attach_btf_id=0 prog_btf_fd=163 attach_btf_obj_fd=0 attach_prog_fd=0
[516.064415 pid=12507 tid=12515] loadtime policy prog=uprobe_lkm_seek policy_hash=81212b95c8f053b8 branch_profile_hash=3856668a15438407 insn_cnt=1418
[516.147521 pid=12507 tid=12515] loadtime step prog=uprobe_lkm_seek step=wide_mem elapsed_ms=38
[516.150782 pid=12507 tid=12515] loadtime optimized prog=uprobe_lkm_seek insns=1418->1022 maps=12 workdir=/workspaces/repository/corpus/results/x86_kvm_corpus_20260926_152627_089782/details/loadtime-workdirs/loadtime_12507_38
[516.151833 pid=12507 tid=12515]   PROG_LOAD -> fd=190 errno=0 kernel_prog_id=282
[516.152286 pid=12507 tid=12515] BPF_PROG_LOAD type=2 (kprobe) name=uprobe_lkm_seek insn_cnt=1055 hash=b158005ea5edd796 policy_hash=31e9b61c61c1b4a8 branch_profile_hash=d5d79d0dfeb76e92 license=GPL expected_attach=0 attach_btf_id=0 prog_btf_fd=163 attach_btf_obj_fd=0 attach_prog_fd=0
[516.344165 pid=12507 tid=12515] loadtime policy prog=uprobe_lkm_seek policy_hash=31e9b61c61c1b4a8 branch_profile_hash=d5d79d0dfeb76e92 insn_cnt=1055
[516.395134 pid=12507 tid=12515] loadtime step prog=uprobe_lkm_seek step=wide_mem elapsed_ms=27
[516.397655 pid=12507 tid=12515] loadtime optimized prog=uprobe_lkm_seek insns=1055->752 maps=14 workdir=/workspaces/repository/corpus/results/x86_kvm_corpus_20260926_152627_089782/details/loadtime-workdirs/loadtime_12507_39
[516.399861 pid=12507 tid=12515]   PROG_LOAD -> fd=205 errno=0 kernel_prog_id=285
[516.400487 pid=12507 tid=12515] BPF_PROG_LOAD type=2 (kprobe) name=lkm_seeker_kset insn_cnt=14602 hash=ad32ae9a9e3e8816 policy_hash=5afccbac07c85f60 branch_profile_hash=0786f847916a4693 license=GPL expected_attach=0 attach_btf_id=0 prog_btf_fd=163 attach_btf_obj_fd=0 attach_prog_fd=0
[516.576868 pid=12507 tid=12515] loadtime policy prog=lkm_seeker_kset policy_hash=5afccbac07c85f60 branch_profile_hash=0786f847916a4693 insn_cnt=14602
[517.445755 pid=12507 tid=12515] loadtime step prog=lkm_seeker_kset step=wide_mem elapsed_ms=274
[517.449601 pid=12507 tid=12515] loadtime optimized prog=lkm_seeker_kset insns=14602->10691 maps=14 workdir=/workspaces/repository/corpus/results/x86_kvm_corpus_20260926_152627_089782/details/loadtime-workdirs/loadtime_12507_40
[517.710289 pid=12507 tid=12515]   PROG_LOAD -> fd=206 errno=0 kernel_prog_id=288
[517.710986 pid=12507 tid=12515] BPF_PROG_LOAD type=2 (kprobe) name=lkm_seeker_mod_ insn_cnt=218 hash=67b607667099f988 policy_hash=1d97b7a5cf33418e branch_profile_hash=abed40dc8f6c8296 license=GPL expected_attach=0 attach_btf_id=0 prog_btf_fd=163 attach_btf_obj_fd=0 attach_prog_fd=0
[517.868631 pid=12507 tid=12515] loadtime policy prog=lkm_seeker_mod_ policy_hash=1d97b7a5cf33418e branch_profile_hash=abed40dc8f6c8296 insn_cnt=218
[517.903504 pid=12507 tid=12515] loadtime step prog=lkm_seeker_mod_ step=wide_mem elapsed_ms=12
[517.905883 pid=12507 tid=12515] loadtime optimized prog=lkm_seeker_mod_ insns=218->93 maps=10 workdir=/workspaces/repository/corpus/results/x86_kvm_corpus_20260926_152627_089782/details/loadtime-workdirs/loadtime_12507_41
[517.906032 pid=12507 tid=12515]   PROG_LOAD -> fd=184 errno=0 kernel_prog_id=291
[517.906521 pid=12507 tid=12515] BPF_PROG_LOAD type=2 (kprobe) name=lkm_seeker_proc insn_cnt=13343 hash=345448ec9e7348c5 policy_hash=c126fd14c3b9fbf6 branch_profile_hash=06751517730ddc3d license=GPL expected_attach=0 attach_btf_id=0 prog_btf_fd=163 attach_btf_obj_fd=0 attach_prog_fd=0
[518.066168 pid=12507 tid=12515] loadtime policy prog=lkm_seeker_proc policy_hash=c126fd14c3b9fbf6 branch_profile_hash=06751517730ddc3d insn_cnt=13343
[518.665231 pid=12507 tid=12515] loadtime step prog=lkm_seeker_proc step=wide_mem elapsed_ms=264
[518.668907 pid=12507 tid=12515] loadtime optimized prog=lkm_seeker_proc insns=13343->9944 maps=13 workdir=/workspaces/repository/corpus/results/x86_kvm_corpus_20260926_152627_089782/details/loadtime-workdirs/loadtime_12507_42
[518.797163 pid=12507 tid=12515]   PROG_LOAD -> fd=207 errno=0 kernel_prog_id=294
[518.797965 pid=12507 tid=12515] BPF_PROG_LOAD type=2 (kprobe) name=lkm_seeker_new_ insn_cnt=888 hash=524c497fbcacd536 policy_hash=b98f7940bf8c3800 branch_profile_hash=313b783363574a31 license=GPL expected_attach=0 attach_btf_id=0 prog_btf_fd=163 attach_btf_obj_fd=0 attach_prog_fd=0
[518.954938 pid=12507 tid=12515] loadtime policy prog=lkm_seeker_new_ policy_hash=b98f7940bf8c3800 branch_profile_hash=313b783363574a31 insn_cnt=888
[519.024960 pid=12507 tid=12515] loadtime step prog=lkm_seeker_new_ step=wide_mem elapsed_ms=36
[519.027419 pid=12507 tid=12515] loadtime optimized prog=lkm_seeker_new_ insns=888->598 maps=11 workdir=/workspaces/repository/corpus/results/x86_kvm_corpus_20260926_152627_089782/details/loadtime-workdirs/loadtime_12507_43
[519.034708 pid=12507 tid=12515]   PROG_LOAD -> fd=191 errno=0 kernel_prog_id=297
[519.035154 pid=12507 tid=12515] BPF_PROG_LOAD type=17 (raw_tracepoint) name=tracepoint__sch insn_cnt=4301 hash=d3a0b9ac722a465d policy_hash=cc778f93eff8afe7 branch_profile_hash=4e802b965c25f045 license=GPL expected_attach=0 attach_btf_id=0 prog_btf_fd=163 attach_btf_obj_fd=0 attach_prog_fd=0
[519.386103 pid=12507 tid=12515] loadtime policy prog=tracepoint__sch policy_hash=cc778f93eff8afe7 branch_profile_hash=4e802b965c25f045 insn_cnt=4301
[519.564999 pid=12507 tid=12515] loadtime step prog=tracepoint__sch step=wide_mem elapsed_ms=119
[519.568514 pid=12507 tid=12515] loadtime optimized prog=tracepoint__sch insns=4301->3543 maps=20 workdir=/workspaces/repository/corpus/results/x86_kvm_corpus_20260926_152627_089782/details/loadtime-workdirs/loadtime_12507_44
[519.583607 pid=12507 tid=12515]   PROG_LOAD -> fd=217 errno=0 kernel_prog_id=300
[519.584322 pid=12507 tid=12515] BPF_PROG_LOAD type=17 (raw_tracepoint) name=sched_process_e insn_cnt=5041 hash=80bb03cfb1bd8624 policy_hash=2de024f564784300 branch_profile_hash=4cbfab0df0f5832a license=GPL expected_attach=0 attach_btf_id=0 prog_btf_fd=163 attach_btf_obj_fd=0 attach_prog_fd=0
[519.990328 pid=12507 tid=12515] loadtime policy prog=sched_process_e policy_hash=2de024f564784300 branch_profile_hash=4cbfab0df0f5832a insn_cnt=5041
[520.187427 pid=12507 tid=12515] loadtime step prog=sched_process_e step=wide_mem elapsed_ms=127
[520.191191 pid=12507 tid=12515] loadtime optimized prog=sched_process_e insns=5041->4183 maps=8 workdir=/workspaces/repository/corpus/results/x86_kvm_corpus_20260926_152627_089782/details/loadtime-workdirs/loadtime_12507_45
[520.206551 pid=12507 tid=12515]   PROG_LOAD -> fd=182 errno=0 kernel_prog_id=303
[520.207085 pid=12507 tid=12515] BPF_PROG_LOAD type=17 (raw_tracepoint) name=sched_process_e insn_cnt=4672 hash=f982950d151e3e84 policy_hash=c4cd7af89073bb18 branch_profile_hash=e0e4a84d0ff347a2 license=GPL expected_attach=0 attach_btf_id=0 prog_btf_fd=163 attach_btf_obj_fd=0 attach_prog_fd=0
[520.697706 pid=12507 tid=12515] loadtime policy prog=sched_process_e policy_hash=c4cd7af89073bb18 branch_profile_hash=e0e4a84d0ff347a2 insn_cnt=4672
[520.875993 pid=12507 tid=12515] loadtime step prog=sched_process_e step=wide_mem elapsed_ms=97
[520.880829 pid=12507 tid=12515] loadtime optimized prog=sched_process_e insns=4672->3877 maps=8 workdir=/workspaces/repository/corpus/results/x86_kvm_corpus_20260926_152627_089782/details/loadtime-workdirs/loadtime_12507_46
[520.898016 pid=12507 tid=12515]   PROG_LOAD -> fd=183 errno=0 kernel_prog_id=306
[520.898742 pid=12507 tid=12515] BPF_PROG_LOAD type=17 (raw_tracepoint) name=tracepoint__sch insn_cnt=1833 hash=9f8e76150d1a96e2 policy_hash=ee14e238871f9933 branch_profile_hash=68f3067a2c3bf9aa license=GPL expected_attach=0 attach_btf_id=0 prog_btf_fd=163 attach_btf_obj_fd=0 attach_prog_fd=0
[521.094214 pid=12507 tid=12515] loadtime policy prog=tracepoint__sch policy_hash=ee14e238871f9933 branch_profile_hash=68f3067a2c3bf9aa insn_cnt=1833
[521.167095 pid=12507 tid=12515] loadtime step prog=tracepoint__sch step=wide_mem elapsed_ms=45
[521.169766 pid=12507 tid=12515] loadtime optimized prog=tracepoint__sch insns=1833->1477 maps=19 workdir=/workspaces/repository/corpus/results/x86_kvm_corpus_20260926_152627_089782/details/loadtime-workdirs/loadtime_12507_47
[521.171994 pid=12507 tid=12515]   PROG_LOAD -> fd=219 errno=0 kernel_prog_id=309
[521.172347 pid=12507 tid=12515] BPF_PROG_LOAD type=17 (raw_tracepoint) name=sched_process_e insn_cnt=268 hash=1cab05e181ec6d16 policy_hash=9b348f0470815c3e branch_profile_hash=3b54f3529816b64c license=GPL expected_attach=0 attach_btf_id=0 prog_btf_fd=163 attach_btf_obj_fd=0 attach_prog_fd=0
[521.266528 pid=12507 tid=12515] loadtime policy prog=sched_process_e policy_hash=9b348f0470815c3e branch_profile_hash=3b54f3529816b64c insn_cnt=268
[521.307357 pid=12507 tid=12515] loadtime step prog=sched_process_e step=wide_mem elapsed_ms=22
[521.309901 pid=12507 tid=12515] loadtime optimized prog=sched_process_e insns=268->204 maps=2 workdir=/workspaces/repository/corpus/results/x86_kvm_corpus_20260926_152627_089782/details/loadtime-workdirs/loadtime_12507_48
[521.310190 pid=12507 tid=12515]   PROG_LOAD -> fd=168 errno=0 kernel_prog_id=312
[521.310329 pid=12507 tid=12515] BPF_PROG_LOAD type=17 (raw_tracepoint) name=tracepoint__sch insn_cnt=46 hash=3535ce4b4e5109f1 policy_hash=32b1d8591ab65c23 branch_profile_hash=fa5f5b5ae5112eec license=GPL expected_attach=0 attach_btf_id=0 prog_btf_fd=163 attach_btf_obj_fd=0 attach_prog_fd=0
[521.343392 pid=12507 tid=12515] loadtime policy prog=tracepoint__sch policy_hash=32b1d8591ab65c23 branch_profile_hash=fa5f5b5ae5112eec insn_cnt=46
[521.376089 pid=12507 tid=12515] loadtime step prog=tracepoint__sch step=wide_mem elapsed_ms=15
[521.378477 pid=12507 tid=12515] loadtime optimized prog=tracepoint__sch insns=46->45 maps=3 workdir=/workspaces/repository/corpus/results/x86_kvm_corpus_20260926_152627_089782/details/loadtime-workdirs/loadtime_12507_49
[521.378598 pid=12507 tid=12515]   PROG_LOAD -> fd=178 errno=0 kernel_prog_id=315
[521.378803 pid=12507 tid=12515] BPF_PROG_LOAD type=17 (raw_tracepoint) name=syscall__accept insn_cnt=1713 hash=29b54d54574cc121 policy_hash=597addf956207e40 branch_profile_hash=2dc6068f8fcb4498 license=GPL expected_attach=0 attach_btf_id=0 prog_btf_fd=163 attach_btf_obj_fd=0 attach_prog_fd=0
[521.540953 pid=12507 tid=12515] loadtime policy prog=syscall__accept policy_hash=597addf956207e40 branch_profile_hash=2dc6068f8fcb4498 insn_cnt=1713
[521.612905 pid=12507 tid=12515] loadtime step prog=syscall__accept step=wide_mem elapsed_ms=46
[521.615970 pid=12507 tid=12515] loadtime optimized prog=syscall__accept insns=1713->1445 maps=17 workdir=/workspaces/repository/corpus/results/x86_kvm_corpus_20260926_152627_089782/details/loadtime-workdirs/loadtime_12507_50
[521.617743 pid=12507 tid=12515]   PROG_LOAD -> fd=220 errno=0 kernel_prog_id=318
[521.618054 pid=12507 tid=12515] BPF_PROG_LOAD type=17 (raw_tracepoint) name=tracepoint__sch insn_cnt=1860 hash=f6b72109af723e94 policy_hash=16bc624de9f53202 branch_profile_hash=82ad4a18c9e5dfdb license=GPL expected_attach=0 attach_btf_id=0 prog_btf_fd=163 attach_btf_obj_fd=0 attach_prog_fd=0
[521.793043 pid=12507 tid=12515] loadtime policy prog=tracepoint__sch policy_hash=16bc624de9f53202 branch_profile_hash=82ad4a18c9e5dfdb insn_cnt=1860
[521.878156 pid=12507 tid=12515] loadtime step prog=tracepoint__sch step=wide_mem elapsed_ms=60
[521.881004 pid=12507 tid=12515] loadtime optimized prog=tracepoint__sch insns=1860->1536 maps=19 workdir=/workspaces/repository/corpus/results/x86_kvm_corpus_20260926_152627_089782/details/loadtime-workdirs/loadtime_12507_51
[521.882785 pid=12507 tid=12515]   PROG_LOAD -> fd=223 errno=0 kernel_prog_id=321
[521.882979 pid=12507 tid=12515] BPF_PROG_LOAD type=2 (kprobe) name=trace_filldir64 insn_cnt=1713 hash=2223539a721f6a76 policy_hash=bc9fdb063f476b7c branch_profile_hash=bc88fcaa3ac85771 license=GPL expected_attach=0 attach_btf_id=0 prog_btf_fd=163 attach_btf_obj_fd=0 attach_prog_fd=0
[522.046781 pid=12507 tid=12515] loadtime policy prog=trace_filldir64 policy_hash=bc9fdb063f476b7c branch_profile_hash=bc88fcaa3ac85771 insn_cnt=1713
[522.111569 pid=12507 tid=12515] loadtime step prog=trace_filldir64 step=wide_mem elapsed_ms=41
[522.114142 pid=12507 tid=12515] loadtime optimized prog=trace_filldir64 insns=1713->1436 maps=19 workdir=/workspaces/repository/corpus/results/x86_kvm_corpus_20260926_152627_089782/details/loadtime-workdirs/loadtime_12507_52
[522.115638 pid=12507 tid=12515]   PROG_LOAD -> fd=224 errno=0 kernel_prog_id=324
[522.116040 pid=12507 tid=12515] BPF_PROG_LOAD type=2 (kprobe) name=trace_call_user insn_cnt=4826 hash=b633b2de7d12c9dc policy_hash=addca35fe008d686 branch_profile_hash=4e49b07836f3b286 license=GPL expected_attach=0 attach_btf_id=0 prog_btf_fd=163 attach_btf_obj_fd=0 attach_prog_fd=0
[522.307067 pid=12507 tid=12515] loadtime policy prog=trace_call_user policy_hash=addca35fe008d686 branch_profile_hash=4e49b07836f3b286 insn_cnt=4826
[522.468117 pid=12507 tid=12515] loadtime step prog=trace_call_user step=wide_mem elapsed_ms=124
[522.471107 pid=12507 tid=12515] loadtime optimized prog=trace_call_user insns=4826->4097 maps=19 workdir=/workspaces/repository/corpus/results/x86_kvm_corpus_20260926_152627_089782/details/loadtime-workdirs/loadtime_12507_53
[522.475984 pid=12507 tid=12515]   PROG_LOAD -> fd=225 errno=0 kernel_prog_id=327
[522.476322 pid=12507 tid=12515] BPF_PROG_LOAD type=2 (kprobe) name=trace_do_exit insn_cnt=1686 hash=0c10d0086086ae56 policy_hash=9043210959d4d23c branch_profile_hash=f1846d442d4307af license=GPL expected_attach=0 attach_btf_id=0 prog_btf_fd=163 attach_btf_obj_fd=0 attach_prog_fd=0
[522.656669 pid=12507 tid=12515] loadtime policy prog=trace_do_exit policy_hash=9043210959d4d23c branch_profile_hash=f1846d442d4307af insn_cnt=1686
[522.723088 pid=12507 tid=12515] loadtime step prog=trace_do_exit step=wide_mem elapsed_ms=41
[522.725641 pid=12507 tid=12515] loadtime optimized prog=trace_do_exit insns=1686->1372 maps=19 workdir=/workspaces/repository/corpus/results/x86_kvm_corpus_20260926_152627_089782/details/loadtime-workdirs/loadtime_12507_54
[522.727416 pid=12507 tid=12515]   PROG_LOAD -> fd=226 errno=0 kernel_prog_id=330
[522.727873 pid=12507 tid=12515] BPF_PROG_LOAD type=2 (kprobe) name=uprobe_syscall_ insn_cnt=12999 hash=abfa9180ea269e5d policy_hash=baef32063a636cfa branch_profile_hash=3fd4c0563ef40c7c license=GPL expected_attach=0 attach_btf_id=0 prog_btf_fd=163 attach_btf_obj_fd=0 attach_prog_fd=0
[522.894786 pid=12507 tid=12515] loadtime policy prog=uprobe_syscall_ policy_hash=baef32063a636cfa branch_profile_hash=3fd4c0563ef40c7c insn_cnt=12999
[523.444343 pid=12507 tid=12515] loadtime step prog=uprobe_syscall_ step=wide_mem elapsed_ms=210
[523.448114 pid=12507 tid=12515] loadtime optimized prog=uprobe_syscall_ insns=12999->9423 maps=12 workdir=/workspaces/repository/corpus/results/x86_kvm_corpus_20260926_152627_089782/details/loadtime-workdirs/loadtime_12507_55
[523.596993 pid=12507 tid=12515]   PROG_LOAD -> fd=213 errno=0 kernel_prog_id=333
[523.597879 pid=12507 tid=12515] BPF_PROG_LOAD type=2 (kprobe) name=uprobe_seq_ops_ insn_cnt=1440 hash=6eb8ac970dc1d2ee policy_hash=f7c1df231b7e5112 branch_profile_hash=124732dbe862c79a license=GPL expected_attach=0 attach_btf_id=0 prog_btf_fd=163 attach_btf_obj_fd=0 attach_prog_fd=0
[523.779160 pid=12507 tid=12515] loadtime policy prog=uprobe_seq_ops_ policy_hash=f7c1df231b7e5112 branch_profile_hash=124732dbe862c79a insn_cnt=1440
[523.847081 pid=12507 tid=12515] loadtime step prog=uprobe_seq_ops_ step=wide_mem elapsed_ms=39
[523.849587 pid=12507 tid=12515] loadtime optimized prog=uprobe_seq_ops_ insns=1440->1157 maps=11 workdir=/workspaces/repository/corpus/results/x86_kvm_corpus_20260926_152627_089782/details/loadtime-workdirs/loadtime_12507_56
[523.852686 pid=12507 tid=12515]   PROG_LOAD -> fd=212 errno=0 kernel_prog_id=336
[523.853096 pid=12507 tid=12515] BPF_PROG_LOAD type=17 (raw_tracepoint) name=tracepoint__cgr insn_cnt=1820 hash=0bc3aadd33bc4692 policy_hash=d3ec9775f657544c branch_profile_hash=372ec9776cfb10fb license=GPL expected_attach=0 attach_btf_id=0 prog_btf_fd=163 attach_btf_obj_fd=0 attach_prog_fd=0
[524.108139 pid=12507 tid=12515] loadtime policy prog=tracepoint__cgr policy_hash=d3ec9775f657544c branch_profile_hash=372ec9776cfb10fb insn_cnt=1820
[524.198446 pid=12507 tid=12515] loadtime step prog=tracepoint__cgr step=wide_mem elapsed_ms=52
[524.201690 pid=12507 tid=12515] loadtime optimized prog=tracepoint__cgr insns=1820->1469 maps=19 workdir=/workspaces/repository/corpus/results/x86_kvm_corpus_20260926_152627_089782/details/loadtime-workdirs/loadtime_12507_57
[524.203924 pid=12507 tid=12515]   PROG_LOAD -> fd=229 errno=0 kernel_prog_id=339
[524.204365 pid=12507 tid=12515] BPF_PROG_LOAD type=17 (raw_tracepoint) name=tracepoint__cgr insn_cnt=1825 hash=453bf2253bfe1ad9 policy_hash=164bf62f5b3915db branch_profile_hash=9a10f5d73dddec63 license=GPL expected_attach=0 attach_btf_id=0 prog_btf_fd=163 attach_btf_obj_fd=0 attach_prog_fd=0
[524.451663 pid=12507 tid=12515] loadtime policy prog=tracepoint__cgr policy_hash=164bf62f5b3915db branch_profile_hash=9a10f5d73dddec63 insn_cnt=1825
[524.561545 pid=12507 tid=12515] loadtime step prog=tracepoint__cgr step=wide_mem elapsed_ms=65
[524.564817 pid=12507 tid=12515] loadtime optimized prog=tracepoint__cgr insns=1825->1462 maps=19 workdir=/workspaces/repository/corpus/results/x86_kvm_corpus_20260926_152627_089782/details/loadtime-workdirs/loadtime_12507_58
[524.567464 pid=12507 tid=12515]   PROG_LOAD -> fd=230 errno=0 kernel_prog_id=342
[524.567753 pid=12507 tid=12515] BPF_PROG_LOAD type=17 (raw_tracepoint) name=tracepoint__cgr insn_cnt=1825 hash=908d03e9c7a185ed policy_hash=6be19ae82d3aa79f branch_profile_hash=9a10f5d73dddec63 license=GPL expected_attach=0 attach_btf_id=0 prog_btf_fd=163 attach_btf_obj_fd=0 attach_prog_fd=0
[524.767990 pid=12507 tid=12515] loadtime policy prog=tracepoint__cgr policy_hash=6be19ae82d3aa79f branch_profile_hash=9a10f5d73dddec63 insn_cnt=1825
[524.853802 pid=12507 tid=12515] loadtime step prog=tracepoint__cgr step=wide_mem elapsed_ms=58
[524.857027 pid=12507 tid=12515] loadtime optimized prog=tracepoint__cgr insns=1825->1462 maps=19 workdir=/workspaces/repository/corpus/results/x86_kvm_corpus_20260926_152627_089782/details/loadtime-workdirs/loadtime_12507_59
[524.859077 pid=12507 tid=12515]   PROG_LOAD -> fd=231 errno=0 kernel_prog_id=345
[524.859538 pid=12507 tid=12515] BPF_PROG_LOAD type=2 (kprobe) name=trace_security_ insn_cnt=6704 hash=69358d191e05d613 policy_hash=4aade6812dd0a5bf branch_profile_hash=33146973c126693b license=GPL expected_attach=0 attach_btf_id=0 prog_btf_fd=163 attach_btf_obj_fd=0 attach_prog_fd=0
[525.279450 pid=12507 tid=12515] loadtime policy prog=trace_security_ policy_hash=4aade6812dd0a5bf branch_profile_hash=33146973c126693b insn_cnt=6704
[525.479888 pid=12507 tid=12515] loadtime step prog=trace_security_ step=wide_mem elapsed_ms=147
[525.484786 pid=12507 tid=12515] loadtime optimized prog=trace_security_ insns=6704->5583 maps=21 workdir=/workspaces/repository/corpus/results/x86_kvm_corpus_20260926_152627_089782/details/loadtime-workdirs/loadtime_12507_60
[525.497482 pid=12507 tid=12515]   PROG_LOAD -> fd=234 errno=0 kernel_prog_id=348
[525.497940 pid=12507 tid=12515] BPF_PROG_LOAD type=2 (kprobe) name=trace_security_ insn_cnt=4565 hash=88cc939eb2524fd5 policy_hash=730027be2fccacbf branch_profile_hash=5d4e39a7bf8dbc54 license=GPL expected_attach=0 attach_btf_id=0 prog_btf_fd=163 attach_btf_obj_fd=0 attach_prog_fd=0
[525.946978 pid=12507 tid=12515] loadtime policy prog=trace_security_ policy_hash=730027be2fccacbf branch_profile_hash=5d4e39a7bf8dbc54 insn_cnt=4565
[526.130757 pid=12507 tid=12515] loadtime step prog=trace_security_ step=wide_mem elapsed_ms=111
[526.134356 pid=12507 tid=12515] loadtime optimized prog=trace_security_ insns=4565->3787 maps=26 workdir=/workspaces/repository/corpus/results/x86_kvm_corpus_20260926_152627_089782/details/loadtime-workdirs/loadtime_12507_61
[526.159997 pid=12507 tid=12515]   PROG_LOAD -> fd=240 errno=0 kernel_prog_id=351
[526.161154 pid=12507 tid=12515] BPF_PROG_LOAD type=2 (kprobe) name=trace_security_ insn_cnt=3685 hash=36640408a88df69b policy_hash=57833c1defb4a50f branch_profile_hash=c6ece87345f63cb2 license=GPL expected_attach=0 attach_btf_id=0 prog_btf_fd=163 attach_btf_obj_fd=0 attach_prog_fd=0
[526.587030 pid=12507 tid=12515] loadtime policy prog=trace_security_ policy_hash=57833c1defb4a50f branch_profile_hash=c6ece87345f63cb2 insn_cnt=3685
[526.714712 pid=12507 tid=12515] loadtime step prog=trace_security_ step=wide_mem elapsed_ms=80
[526.718208 pid=12507 tid=12515] loadtime optimized prog=trace_security_ insns=3685->3005 maps=21 workdir=/workspaces/repository/corpus/results/x86_kvm_corpus_20260926_152627_089782/details/loadtime-workdirs/loadtime_12507_62
[526.732179 pid=12507 tid=12515]   PROG_LOAD -> fd=235 errno=0 kernel_prog_id=354
[526.732759 pid=12507 tid=12515] BPF_PROG_LOAD type=2 (kprobe) name=trace_security_ insn_cnt=2053 hash=2dbc77681910627f policy_hash=abd3394849f374fe branch_profile_hash=b936da3a386da99b license=GPL expected_attach=0 attach_btf_id=0 prog_btf_fd=163 attach_btf_obj_fd=0 attach_prog_fd=0
[527.174840 pid=12507 tid=12515] loadtime policy prog=trace_security_ policy_hash=abd3394849f374fe branch_profile_hash=b936da3a386da99b insn_cnt=2053
[527.280508 pid=12507 tid=12515] loadtime step prog=trace_security_ step=wide_mem elapsed_ms=59
[527.283748 pid=12507 tid=12515] loadtime optimized prog=trace_security_ insns=2053->1665 maps=22 workdir=/workspaces/repository/corpus/results/x86_kvm_corpus_20260926_152627_089782/details/loadtime-workdirs/loadtime_12507_63
[527.286282 pid=12507 tid=12515]   PROG_LOAD -> fd=237 errno=0 kernel_prog_id=357
[527.286706 pid=12507 tid=12515] BPF_PROG_LOAD type=2 (kprobe) name=trace_commit_cr insn_cnt=2238 hash=09e43ffac533fa5f policy_hash=37b3c63bb18d6179 branch_profile_hash=3fa33e9bb246cfff license=GPL expected_attach=0 attach_btf_id=0 prog_btf_fd=163 attach_btf_obj_fd=0 attach_prog_fd=0
[527.477151 pid=12507 tid=12515] loadtime policy prog=trace_commit_cr policy_hash=37b3c63bb18d6179 branch_profile_hash=3fa33e9bb246cfff insn_cnt=2238
[527.556809 pid=12507 tid=12515] loadtime step prog=trace_commit_cr step=wide_mem elapsed_ms=51
[527.560037 pid=12507 tid=12515] loadtime optimized prog=trace_commit_cr insns=2238->1716 maps=19 workdir=/workspaces/repository/corpus/results/x86_kvm_corpus_20260926_152627_089782/details/loadtime-workdirs/loadtime_12507_64
[527.561736 pid=12507 tid=12515]   PROG_LOAD -> fd=232 errno=0 kernel_prog_id=360
[527.562081 pid=12507 tid=12515] BPF_PROG_LOAD type=2 (kprobe) name=trace_switch_ta insn_cnt=2085 hash=0d7fda16b0eac9bd policy_hash=3b32c29be12352e7 branch_profile_hash=6bf3cd4b9950989a license=GPL expected_attach=0 attach_btf_id=0 prog_btf_fd=163 attach_btf_obj_fd=0 attach_prog_fd=0
[527.756496 pid=12507 tid=12515] loadtime policy prog=trace_switch_ta policy_hash=3b32c29be12352e7 branch_profile_hash=6bf3cd4b9950989a insn_cnt=2085
[527.838081 pid=12507 tid=12515] loadtime step prog=trace_switch_ta step=wide_mem elapsed_ms=53
[527.841575 pid=12507 tid=12515] loadtime optimized prog=trace_switch_ta insns=2085->1687 maps=19 workdir=/workspaces/repository/corpus/results/x86_kvm_corpus_20260926_152627_089782/details/loadtime-workdirs/loadtime_12507_65
[527.843866 pid=12507 tid=12515]   PROG_LOAD -> fd=233 errno=0 kernel_prog_id=363
[527.844225 pid=12507 tid=12515] BPF_PROG_LOAD type=2 (kprobe) name=trace_cap_capab insn_cnt=1711 hash=d951e87eecf0e6c6 policy_hash=e302f5809bd52c30 branch_profile_hash=3ca2fcda98b2c467 license=GPL expected_attach=0 attach_btf_id=0 prog_btf_fd=163 attach_btf_obj_fd=0 attach_prog_fd=0
[528.037900 pid=12507 tid=12515] loadtime policy prog=trace_cap_capab policy_hash=e302f5809bd52c30 branch_profile_hash=3ca2fcda98b2c467 insn_cnt=1711
[528.110767 pid=12507 tid=12515] loadtime step prog=trace_cap_capab step=wide_mem elapsed_ms=45
[528.114741 pid=12507 tid=12515] loadtime optimized prog=trace_cap_capab insns=1711->1398 maps=19 workdir=/workspaces/repository/corpus/results/x86_kvm_corpus_20260926_152627_089782/details/loadtime-workdirs/loadtime_12507_66
[528.116258 pid=12507 tid=12515]   PROG_LOAD -> fd=236 errno=0 kernel_prog_id=366
[528.116661 pid=12507 tid=12515] BPF_PROG_LOAD type=2 (kprobe) name=trace_security_ insn_cnt=1770 hash=a52439c31706a812 policy_hash=8c980f11a415454c branch_profile_hash=3be0b0e62e9f9bd0 license=GPL expected_attach=0 attach_btf_id=0 prog_btf_fd=163 attach_btf_obj_fd=0 attach_prog_fd=0
[528.308728 pid=12507 tid=12515] loadtime policy prog=trace_security_ policy_hash=8c980f11a415454c branch_profile_hash=3be0b0e62e9f9bd0 insn_cnt=1770
[528.385396 pid=12507 tid=12515] loadtime step prog=trace_security_ step=wide_mem elapsed_ms=49
[528.388623 pid=12507 tid=12515] loadtime optimized prog=trace_security_ insns=1770->1460 maps=19 workdir=/workspaces/repository/corpus/results/x86_kvm_corpus_20260926_152627_089782/details/loadtime-workdirs/loadtime_12507_67
[528.390303 pid=12507 tid=12515]   PROG_LOAD -> fd=238 errno=0 kernel_prog_id=369
[528.390703 pid=12507 tid=12515] BPF_PROG_LOAD type=2 (kprobe) name=trace_security_ insn_cnt=1911 hash=5163a3829a60609d policy_hash=94d40bd45684fee5 branch_profile_hash=5bb1c3d7cae209a7 license=GPL expected_attach=0 attach_btf_id=0 prog_btf_fd=163 attach_btf_obj_fd=0 attach_prog_fd=0
[528.839337 pid=12507 tid=12515] loadtime policy prog=trace_security_ policy_hash=94d40bd45684fee5 branch_profile_hash=5bb1c3d7cae209a7 insn_cnt=1911
[528.917040 pid=12507 tid=12515] loadtime step prog=trace_security_ step=wide_mem elapsed_ms=50
[528.920265 pid=12507 tid=12515] loadtime optimized prog=trace_security_ insns=1911->1535 maps=21 workdir=/workspaces/repository/corpus/results/x86_kvm_corpus_20260926_152627_089782/details/loadtime-workdirs/loadtime_12507_68
[528.922420 pid=12507 tid=12515]   PROG_LOAD -> fd=242 errno=0 kernel_prog_id=372
[528.922732 pid=12507 tid=12515] BPF_PROG_LOAD type=2 (kprobe) name=trace_proc_crea insn_cnt=1731 hash=5e37cb038cf458f3 policy_hash=bbefacf45dfe7bc5 branch_profile_hash=819ce0a1d862c947 license=GPL expected_attach=0 attach_btf_id=0 prog_btf_fd=163 attach_btf_obj_fd=0 attach_prog_fd=0
[529.138478 pid=12507 tid=12515] loadtime policy prog=trace_proc_crea policy_hash=bbefacf45dfe7bc5 branch_profile_hash=819ce0a1d862c947 insn_cnt=1731
[529.230573 pid=12507 tid=12515] loadtime step prog=trace_proc_crea step=wide_mem elapsed_ms=62
[529.233830 pid=12507 tid=12515] loadtime optimized prog=trace_proc_crea insns=1731->1415 maps=19 workdir=/workspaces/repository/corpus/results/x86_kvm_corpus_20260926_152627_089782/details/loadtime-workdirs/loadtime_12507_69
[529.235702 pid=12507 tid=12515]   PROG_LOAD -> fd=239 errno=0 kernel_prog_id=375
[529.236046 pid=12507 tid=12515] BPF_PROG_LOAD type=2 (kprobe) name=trace___debugfs insn_cnt=1963 hash=7aacf6a5d295c998 policy_hash=ba78f24c19462688 branch_profile_hash=b3e9ed539c1d5016 license=GPL expected_attach=0 attach_btf_id=0 prog_btf_fd=163 attach_btf_obj_fd=0 attach_prog_fd=0
[529.659426 pid=12507 tid=12515] loadtime policy prog=trace___debugfs policy_hash=ba78f24c19462688 branch_profile_hash=b3e9ed539c1d5016 insn_cnt=1963
[529.748694 pid=12507 tid=12515] loadtime step prog=trace___debugfs step=wide_mem elapsed_ms=55
[529.751333 pid=12507 tid=12515] loadtime optimized prog=trace___debugfs insns=1963->1603 maps=21 workdir=/workspaces/repository/corpus/results/x86_kvm_corpus_20260926_152627_089782/details/loadtime-workdirs/loadtime_12507_70
[529.755834 pid=12507 tid=12515]   PROG_LOAD -> fd=244 errno=0 kernel_prog_id=378
[529.756471 pid=12507 tid=12515] BPF_PROG_LOAD type=2 (kprobe) name=trace_debugfs_c insn_cnt=1902 hash=8df3b3bd6593501a policy_hash=5b7cb6c3ed41f206 branch_profile_hash=d2d1162f8a5a59a4 license=GPL expected_attach=0 attach_btf_id=0 prog_btf_fd=163 attach_btf_obj_fd=0 attach_prog_fd=0
[530.177821 pid=12507 tid=12515] loadtime policy prog=trace_debugfs_c policy_hash=5b7cb6c3ed41f206 branch_profile_hash=d2d1162f8a5a59a4 insn_cnt=1902
[530.260273 pid=12507 tid=12515] loadtime step prog=trace_debugfs_c step=wide_mem elapsed_ms=50
[530.262780 pid=12507 tid=12515] loadtime optimized prog=trace_debugfs_c insns=1902->1545 maps=21 workdir=/workspaces/repository/corpus/results/x86_kvm_corpus_20260926_152627_089782/details/loadtime-workdirs/loadtime_12507_71
[530.265585 pid=12507 tid=12515]   PROG_LOAD -> fd=245 errno=0 kernel_prog_id=381
[530.265843 pid=12507 tid=12515] BPF_PROG_LOAD type=2 (kprobe) name=trace_security_ insn_cnt=2083 hash=1d7a78b4dc7f0c86 policy_hash=c7884bfe30d49850 branch_profile_hash=8fdea5ff59e1548f license=GPL expected_attach=0 attach_btf_id=0 prog_btf_fd=163 attach_btf_obj_fd=0 attach_prog_fd=0
[530.432256 pid=12507 tid=12515] loadtime policy prog=trace_security_ policy_hash=c7884bfe30d49850 branch_profile_hash=8fdea5ff59e1548f insn_cnt=2083
[530.527020 pid=12507 tid=12515] loadtime step prog=trace_security_ step=wide_mem elapsed_ms=65
[530.529538 pid=12507 tid=12515] loadtime optimized prog=trace_security_ insns=2083->1675 maps=19 workdir=/workspaces/repository/corpus/results/x86_kvm_corpus_20260926_152627_089782/details/loadtime-workdirs/loadtime_12507_72
[530.531885 pid=12507 tid=12515]   PROG_LOAD -> fd=241 errno=0 kernel_prog_id=384
[530.532242 pid=12507 tid=12515] BPF_PROG_LOAD type=2 (kprobe) name=trace_security_ insn_cnt=1955 hash=a5767191e2b87b31 policy_hash=79075f74b9e6af27 branch_profile_hash=a8f9e4ecd47919a8 license=GPL expected_attach=0 attach_btf_id=0 prog_btf_fd=163 attach_btf_obj_fd=0 attach_prog_fd=0
[530.702067 pid=12507 tid=12515] loadtime policy prog=trace_security_ policy_hash=79075f74b9e6af27 branch_profile_hash=a8f9e4ecd47919a8 insn_cnt=1955
[530.784936 pid=12507 tid=12515] loadtime step prog=trace_security_ step=wide_mem elapsed_ms=52
[530.787922 pid=12507 tid=12515] loadtime optimized prog=trace_security_ insns=1955->1582 maps=19 workdir=/workspaces/repository/corpus/results/x86_kvm_corpus_20260926_152627_089782/details/loadtime-workdirs/loadtime_12507_73
[530.790281 pid=12507 tid=12515]   PROG_LOAD -> fd=243 errno=0 kernel_prog_id=387
[530.790625 pid=12507 tid=12515] BPF_PROG_LOAD type=2 (kprobe) name=trace_security_ insn_cnt=2198 hash=b73b67eb69f178c1 policy_hash=832f62878c764230 branch_profile_hash=eaedc4440ced4584 license=GPL expected_attach=0 attach_btf_id=0 prog_btf_fd=163 attach_btf_obj_fd=0 attach_prog_fd=0
[530.964219 pid=12507 tid=12515] loadtime policy prog=trace_security_ policy_hash=832f62878c764230 branch_profile_hash=eaedc4440ced4584 insn_cnt=2198
[531.059916 pid=12507 tid=12515] loadtime step prog=trace_security_ step=wide_mem elapsed_ms=70
[531.062492 pid=12507 tid=12515] loadtime optimized prog=trace_security_ insns=2198->1751 maps=20 workdir=/workspaces/repository/corpus/results/x86_kvm_corpus_20260926_152627_089782/details/loadtime-workdirs/loadtime_12507_74
[531.065163 pid=12507 tid=12515]   PROG_LOAD -> fd=247 errno=0 kernel_prog_id=390
[531.065487 pid=12507 tid=12515] BPF_PROG_LOAD type=2 (kprobe) name=trace_security_ insn_cnt=2055 hash=d7fead4ef921d10c policy_hash=fcc03b7060b3b7c6 branch_profile_hash=d8a2b7f0163d3efa license=GPL expected_attach=0 attach_btf_id=0 prog_btf_fd=163 attach_btf_obj_fd=0 attach_prog_fd=0
[531.225357 pid=12507 tid=12515] loadtime policy prog=trace_security_ policy_hash=fcc03b7060b3b7c6 branch_profile_hash=d8a2b7f0163d3efa insn_cnt=2055
[531.322197 pid=12507 tid=12515] loadtime step prog=trace_security_ step=wide_mem elapsed_ms=64
[531.325121 pid=12507 tid=12515] loadtime optimized prog=trace_security_ insns=2055->1624 maps=19 workdir=/workspaces/repository/corpus/results/x86_kvm_corpus_20260926_152627_089782/details/loadtime-workdirs/loadtime_12507_75
[531.328738 pid=12507 tid=12515]   PROG_LOAD -> fd=246 errno=0 kernel_prog_id=393
[531.329069 pid=12507 tid=12515] BPF_PROG_LOAD type=2 (kprobe) name=trace_security_ insn_cnt=2154 hash=0e421d7aaf7bb6d2 policy_hash=fb69b0e09bbe4f78 branch_profile_hash=60ef3c8124366e74 license=GPL expected_attach=0 attach_btf_id=0 prog_btf_fd=163 attach_btf_obj_fd=0 attach_prog_fd=0
[531.653028 pid=12507 tid=12515] loadtime policy prog=trace_security_ policy_hash=fb69b0e09bbe4f78 branch_profile_hash=60ef3c8124366e74 insn_cnt=2154
[531.738590 pid=12507 tid=12515] loadtime step prog=trace_security_ step=wide_mem elapsed_ms=50
[531.741119 pid=12507 tid=12515] loadtime optimized prog=trace_security_ insns=2154->1722 maps=19 workdir=/workspaces/repository/corpus/results/x86_kvm_corpus_20260926_152627_089782/details/loadtime-workdirs/loadtime_12507_76
[531.743577 pid=12507 tid=12515]   PROG_LOAD -> fd=248 errno=0 kernel_prog_id=396
[531.743803 pid=12507 tid=12515] BPF_PROG_LOAD type=2 (kprobe) name=send_bin insn_cnt=180 hash=0783b68488132018 policy_hash=aa30beeb04ce2a3b branch_profile_hash=5038f9f576eff96d license=GPL expected_attach=0 attach_btf_id=0 prog_btf_fd=163 attach_btf_obj_fd=0 attach_prog_fd=0
[532.050680 pid=12507 tid=12515] loadtime policy prog=send_bin policy_hash=aa30beeb04ce2a3b branch_profile_hash=5038f9f576eff96d insn_cnt=180
[532.089030 pid=12507 tid=12515] loadtime step prog=send_bin step=wide_mem elapsed_ms=17
[532.091343 pid=12507 tid=12515] loadtime optimized prog=send_bin insns=180->195 maps=4 workdir=/workspaces/repository/corpus/results/x86_kvm_corpus_20260926_152627_089782/details/loadtime-workdirs/loadtime_12507_77
[532.093163 pid=12507 tid=12515]   PROG_LOAD -> fd=180 errno=0 kernel_prog_id=399
[532.093379 pid=12507 tid=12515] BPF_PROG_LOAD type=17 (raw_tracepoint) name=send_bin_tp insn_cnt=180 hash=bdf5fac4c1646f93 policy_hash=c2df511431b9b1aa branch_profile_hash=31b523840ea33425 license=GPL expected_attach=0 attach_btf_id=0 prog_btf_fd=163 attach_btf_obj_fd=0 attach_prog_fd=0
[532.390249 pid=12507 tid=12515] loadtime policy prog=send_bin_tp policy_hash=c2df511431b9b1aa branch_profile_hash=31b523840ea33425 insn_cnt=180
[532.455381 pid=12507 tid=12515] loadtime step prog=send_bin_tp step=wide_mem elapsed_ms=33
[532.459195 pid=12507 tid=12515] loadtime optimized prog=send_bin_tp insns=180->195 maps=4 workdir=/workspaces/repository/corpus/results/x86_kvm_corpus_20260926_152627_089782/details/loadtime-workdirs/loadtime_12507_78
[532.461136 pid=12507 tid=12515]   PROG_LOAD -> fd=181 errno=0 kernel_prog_id=402
[532.461477 pid=12507 tid=12515] BPF_PROG_LOAD type=2 (kprobe) name=trace_vfs_write insn_cnt=29 hash=adb96f8d9f17c448 policy_hash=d726438feaf7455c branch_profile_hash=5206369d4eb9aadf license=GPL expected_attach=0 attach_btf_id=0 prog_btf_fd=163 attach_btf_obj_fd=0 attach_prog_fd=0
[532.496594 pid=12507 tid=12515] loadtime policy prog=trace_vfs_write policy_hash=d726438feaf7455c branch_profile_hash=5206369d4eb9aadf insn_cnt=29
[532.540829 pid=12507 tid=12515] loadtime step prog=trace_vfs_write step=wide_mem elapsed_ms=16
[532.540919 pid=12507 tid=12515] loadtime prog=trace_vfs_write produced no bytecode changes; passing original BPF_PROG_LOAD through
[532.541078 pid=12507 tid=12515]   PROG_LOAD -> fd=24 errno=0 kernel_prog_id=405
[532.541274 pid=12507 tid=12515] BPF_PROG_LOAD type=2 (kprobe) name=vfs_write_magic insn_cnt=54 hash=2ea97dc964a67edd policy_hash=4ff4fdc6bb995389 branch_profile_hash=dbbe1528b2fffeb2 license=GPL expected_attach=0 attach_btf_id=0 prog_btf_fd=163 attach_btf_obj_fd=0 attach_prog_fd=0
[532.575639 pid=12507 tid=12515] loadtime policy prog=vfs_write_magic policy_hash=4ff4fdc6bb995389 branch_profile_hash=dbbe1528b2fffeb2 insn_cnt=54
[532.617397 pid=12507 tid=12515] loadtime step prog=vfs_write_magic step=wide_mem elapsed_ms=17
[532.621444 pid=12507 tid=12515] loadtime optimized prog=vfs_write_magic insns=54->53 maps=1 workdir=/workspaces/repository/corpus/results/x86_kvm_corpus_20260926_152627_089782/details/loadtime-workdirs/loadtime_12507_80
[532.621716 pid=12507 tid=12515]   PROG_LOAD -> fd=177 errno=0 kernel_prog_id=408
[532.622038 pid=12507 tid=12515] BPF_PROG_LOAD type=2 (kprobe) name=trace_ret_vfs_w insn_cnt=3942 hash=a282455681b68b7b policy_hash=de003f327fb12da8 branch_profile_hash=8d8696d9c0160658 license=GPL expected_attach=0 attach_btf_id=0 prog_btf_fd=163 attach_btf_obj_fd=0 attach_prog_fd=0
[533.130768 pid=12507 tid=12515] loadtime policy prog=trace_ret_vfs_w policy_hash=de003f327fb12da8 branch_profile_hash=8d8696d9c0160658 insn_cnt=3942
[533.292932 pid=12507 tid=12515] loadtime step prog=trace_ret_vfs_w step=wide_mem elapsed_ms=80
[533.295713 pid=12507 tid=12515] loadtime optimized prog=trace_ret_vfs_w insns=3942->3167 maps=24 workdir=/workspaces/repository/corpus/results/x86_kvm_corpus_20260926_152627_089782/details/loadtime-workdirs/loadtime_12507_81
[533.308194 pid=12507 tid=12515]   PROG_LOAD -> fd=258 errno=0 kernel_prog_id=411
[533.308716 pid=12507 tid=12515] BPF_PROG_LOAD type=2 (kprobe) name=vfs_write_magic insn_cnt=4519 hash=0ade263d9039da63 policy_hash=5ea80411dc2fa6f1 branch_profile_hash=8494597337fa3a7e license=GPL expected_attach=0 attach_btf_id=0 prog_btf_fd=163 attach_btf_obj_fd=0 attach_prog_fd=0
[533.722945 pid=12507 tid=12515] loadtime policy prog=vfs_write_magic policy_hash=5ea80411dc2fa6f1 branch_profile_hash=8494597337fa3a7e insn_cnt=4519
[533.911786 pid=12507 tid=12515] loadtime step prog=vfs_write_magic step=wide_mem elapsed_ms=112
[533.915473 pid=12507 tid=12515] loadtime optimized prog=vfs_write_magic insns=4519->3772 maps=28 workdir=/workspaces/repository/corpus/results/x86_kvm_corpus_20260926_152627_089782/details/loadtime-workdirs/loadtime_12507_82
[533.941932 pid=12507 tid=12515]   PROG_LOAD -> fd=263 errno=0 kernel_prog_id=414
[533.942760 pid=12507 tid=12515] BPF_PROG_LOAD type=2 (kprobe) name=trace_ret_vfs_w insn_cnt=6288 hash=73ff69b596bf6d71 policy_hash=07c5292917b1620b branch_profile_hash=223a6bd3653d063a license=GPL expected_attach=0 attach_btf_id=0 prog_btf_fd=163 attach_btf_obj_fd=0 attach_prog_fd=0
[534.584722 pid=12507 tid=12515] loadtime policy prog=trace_ret_vfs_w policy_hash=07c5292917b1620b branch_profile_hash=223a6bd3653d063a insn_cnt=6288
[534.834480 pid=12507 tid=12515] loadtime step prog=trace_ret_vfs_w step=wide_mem elapsed_ms=164
[534.837560 pid=12507 tid=12515] loadtime optimized prog=trace_ret_vfs_w insns=6288->5033 maps=27 workdir=/workspaces/repository/corpus/results/x86_kvm_corpus_20260926_152627_089782/details/loadtime-workdirs/loadtime_12507_83
[534.873846 pid=12507 tid=12515]   PROG_LOAD -> fd=262 errno=0 kernel_prog_id=417
[534.874162 pid=12507 tid=12515] BPF_PROG_LOAD type=2 (kprobe) name=trace_vfs_write insn_cnt=29 hash=f311c20886fd67c5 policy_hash=a176c01e43822ff1 branch_profile_hash=5206369d4eb9aadf license=GPL expected_attach=0 attach_btf_id=0 prog_btf_fd=163 attach_btf_obj_fd=0 attach_prog_fd=0
[534.896397 pid=12507 tid=12515] loadtime policy prog=trace_vfs_write policy_hash=a176c01e43822ff1 branch_profile_hash=5206369d4eb9aadf insn_cnt=29
[534.925518 pid=12507 tid=12515] loadtime step prog=trace_vfs_write step=wide_mem elapsed_ms=12
[534.925594 pid=12507 tid=12515] loadtime prog=trace_vfs_write produced no bytecode changes; passing original BPF_PROG_LOAD through
[534.925732 pid=12507 tid=12515]   PROG_LOAD -> fd=60 errno=0 kernel_prog_id=420
[534.925824 pid=12507 tid=12515] BPF_PROG_LOAD type=2 (kprobe) name=vfs_writev_magi insn_cnt=54 hash=2ea97dc964a67edd policy_hash=4ff4fdc6bb995389 branch_profile_hash=06f10fe11aa9e365 license=GPL expected_attach=0 attach_btf_id=0 prog_btf_fd=163 attach_btf_obj_fd=0 attach_prog_fd=0
[534.945513 pid=12507 tid=12515] loadtime policy prog=vfs_writev_magi policy_hash=4ff4fdc6bb995389 branch_profile_hash=06f10fe11aa9e365 insn_cnt=54
[534.973016 pid=12507 tid=12515] loadtime step prog=vfs_writev_magi step=wide_mem elapsed_ms=11
[534.976638 pid=12507 tid=12515] loadtime optimized prog=vfs_writev_magi insns=54->53 maps=1 workdir=/workspaces/repository/corpus/results/x86_kvm_corpus_20260926_152627_089782/details/loadtime-workdirs/loadtime_12507_85
[534.976806 pid=12507 tid=12515]   PROG_LOAD -> fd=189 errno=0 kernel_prog_id=423
[534.977112 pid=12507 tid=12515] BPF_PROG_LOAD type=2 (kprobe) name=trace_ret_vfs_w insn_cnt=3941 hash=71873be9621b3c0d policy_hash=397add6991d5070e branch_profile_hash=c07fd9088d5bc420 license=GPL expected_attach=0 attach_btf_id=0 prog_btf_fd=163 attach_btf_obj_fd=0 attach_prog_fd=0
[535.334785 pid=12507 tid=12515] loadtime policy prog=trace_ret_vfs_w policy_hash=397add6991d5070e branch_profile_hash=c07fd9088d5bc420 insn_cnt=3941
[535.451300 pid=12507 tid=12515] loadtime step prog=trace_ret_vfs_w step=wide_mem elapsed_ms=78
[535.454023 pid=12507 tid=12515] loadtime optimized prog=trace_ret_vfs_w insns=3941->3167 maps=24 workdir=/workspaces/repository/corpus/results/x86_kvm_corpus_20260926_152627_089782/details/loadtime-workdirs/loadtime_12507_86
[535.463858 pid=12507 tid=12515]   PROG_LOAD -> fd=261 errno=0 kernel_prog_id=426
[535.464549 pid=12507 tid=12515] BPF_PROG_LOAD type=2 (kprobe) name=vfs_writev_magi insn_cnt=4538 hash=6c9f73c513cf5a5b policy_hash=0c813e16f111b361 branch_profile_hash=41f6726574ecdfd7 license=GPL expected_attach=0 attach_btf_id=0 prog_btf_fd=163 attach_btf_obj_fd=0 attach_prog_fd=0
[535.867165 pid=12507 tid=12515] loadtime policy prog=vfs_writev_magi policy_hash=0c813e16f111b361 branch_profile_hash=41f6726574ecdfd7 insn_cnt=4538
[536.043588 pid=12507 tid=12515] loadtime step prog=vfs_writev_magi step=wide_mem elapsed_ms=121
[536.046394 pid=12507 tid=12515] loadtime optimized prog=vfs_writev_magi insns=4538->3840 maps=28 workdir=/workspaces/repository/corpus/results/x86_kvm_corpus_20260926_152627_089782/details/loadtime-workdirs/loadtime_12507_87
[536.068100 pid=12507 tid=12515]   PROG_LOAD -> fd=268 errno=0 kernel_prog_id=429
[536.068696 pid=12507 tid=12515] BPF_PROG_LOAD type=2 (kprobe) name=trace_ret_vfs_w insn_cnt=6311 hash=5886a0e815fdbf44 policy_hash=3b42a0623fec2a2e branch_profile_hash=1599b86e4a7b3f66 license=GPL expected_attach=0 attach_btf_id=0 prog_btf_fd=163 attach_btf_obj_fd=0 attach_prog_fd=0
[536.447727 pid=12507 tid=12515] loadtime policy prog=trace_ret_vfs_w policy_hash=3b42a0623fec2a2e branch_profile_hash=1599b86e4a7b3f66 insn_cnt=6311
[536.715668 pid=12507 tid=12515] loadtime step prog=trace_ret_vfs_w step=wide_mem elapsed_ms=138
[536.719782 pid=12507 tid=12515] loadtime optimized prog=trace_ret_vfs_w insns=6311->5009 maps=27 workdir=/workspaces/repository/corpus/results/x86_kvm_corpus_20260926_152627_089782/details/loadtime-workdirs/loadtime_12507_88
[536.791224 pid=12507 tid=12515]   PROG_LOAD -> fd=267 errno=0 kernel_prog_id=432
[536.791870 pid=12507 tid=12515] BPF_PROG_LOAD type=2 (kprobe) name=trace_kernel_wr insn_cnt=29 hash=d5dd6fbc11cdbe13 policy_hash=a4e720fe4800ff97 branch_profile_hash=db7e588e56f5283d license=GPL expected_attach=0 attach_btf_id=0 prog_btf_fd=163 attach_btf_obj_fd=0 attach_prog_fd=0
[536.821060 pid=12507 tid=12515] loadtime policy prog=trace_kernel_wr policy_hash=a4e720fe4800ff97 branch_profile_hash=db7e588e56f5283d insn_cnt=29
[536.851720 pid=12507 tid=12515] loadtime step prog=trace_kernel_wr step=wide_mem elapsed_ms=12
[536.851793 pid=12507 tid=12515] loadtime prog=trace_kernel_wr produced no bytecode changes; passing original BPF_PROG_LOAD through
[536.851921 pid=12507 tid=12515]   PROG_LOAD -> fd=63 errno=0 kernel_prog_id=435
[536.852005 pid=12507 tid=12515] BPF_PROG_LOAD type=2 (kprobe) name=kernel_write_ma insn_cnt=54 hash=2ea97dc964a67edd policy_hash=4ff4fdc6bb995389 branch_profile_hash=11fabaf48711b559 license=GPL expected_attach=0 attach_btf_id=0 prog_btf_fd=163 attach_btf_obj_fd=0 attach_prog_fd=0
[536.879502 pid=12507 tid=12515] loadtime policy prog=kernel_write_ma policy_hash=4ff4fdc6bb995389 branch_profile_hash=11fabaf48711b559 insn_cnt=54
[536.909321 pid=12507 tid=12515] loadtime step prog=kernel_write_ma step=wide_mem elapsed_ms=13
[536.912820 pid=12507 tid=12515] loadtime optimized prog=kernel_write_ma insns=54->53 maps=1 workdir=/workspaces/repository/corpus/results/x86_kvm_corpus_20260926_152627_089782/details/loadtime-workdirs/loadtime_12507_90
[536.912952 pid=12507 tid=12515]   PROG_LOAD -> fd=208 errno=0 kernel_prog_id=438
[536.913208 pid=12507 tid=12515] BPF_PROG_LOAD type=2 (kprobe) name=trace_ret_kerne insn_cnt=3942 hash=2c4dff86e7058db7 policy_hash=f0733e9ca3a21a9c branch_profile_hash=4feccfe24382ea90 license=GPL expected_attach=0 attach_btf_id=0 prog_btf_fd=163 attach_btf_obj_fd=0 attach_prog_fd=0
[537.278355 pid=12507 tid=12515] loadtime policy prog=trace_ret_kerne policy_hash=f0733e9ca3a21a9c branch_profile_hash=4feccfe24382ea90 insn_cnt=3942
[537.395527 pid=12507 tid=12515] loadtime step prog=trace_ret_kerne step=wide_mem elapsed_ms=79
[537.398327 pid=12507 tid=12515] loadtime optimized prog=trace_ret_kerne insns=3942->3167 maps=24 workdir=/workspaces/repository/corpus/results/x86_kvm_corpus_20260926_152627_089782/details/loadtime-workdirs/loadtime_12507_91
[537.408237 pid=12507 tid=12515]   PROG_LOAD -> fd=266 errno=0 kernel_prog_id=441
[537.408583 pid=12507 tid=12515] BPF_PROG_LOAD type=2 (kprobe) name=kernel_write_ma insn_cnt=4519 hash=0ade263d9039da63 policy_hash=5ea80411dc2fa6f1 branch_profile_hash=fff68201c6311fd5 license=GPL expected_attach=0 attach_btf_id=0 prog_btf_fd=163 attach_btf_obj_fd=0 attach_prog_fd=0
[537.834826 pid=12507 tid=12515] loadtime policy prog=kernel_write_ma policy_hash=5ea80411dc2fa6f1 branch_profile_hash=fff68201c6311fd5 insn_cnt=4519
[538.023132 pid=12507 tid=12515] loadtime step prog=kernel_write_ma step=wide_mem elapsed_ms=122
[538.025952 pid=12507 tid=12515] loadtime optimized prog=kernel_write_ma insns=4519->3772 maps=28 workdir=/workspaces/repository/corpus/results/x86_kvm_corpus_20260926_152627_089782/details/loadtime-workdirs/loadtime_12507_92
[538.053942 pid=12507 tid=12515]   PROG_LOAD -> fd=273 errno=0 kernel_prog_id=444
[538.054721 pid=12507 tid=12515] BPF_PROG_LOAD type=2 (kprobe) name=trace_ret_kerne insn_cnt=6288 hash=d0e4a830769acae6 policy_hash=873611f860027314 branch_profile_hash=f68262dc1143e9be license=GPL expected_attach=0 attach_btf_id=0 prog_btf_fd=163 attach_btf_obj_fd=0 attach_prog_fd=0
[538.524552 pid=12507 tid=12515] loadtime policy prog=trace_ret_kerne policy_hash=873611f860027314 branch_profile_hash=f68262dc1143e9be insn_cnt=6288
[538.760646 pid=12507 tid=12515] loadtime step prog=trace_ret_kerne step=wide_mem elapsed_ms=139
[538.763679 pid=12507 tid=12515] loadtime optimized prog=trace_ret_kerne insns=6288->5033 maps=27 workdir=/workspaces/repository/corpus/results/x86_kvm_corpus_20260926_152627_089782/details/loadtime-workdirs/loadtime_12507_93
[538.796678 pid=12507 tid=12515]   PROG_LOAD -> fd=272 errno=0 kernel_prog_id=447
[538.797150 pid=12507 tid=12515] BPF_PROG_LOAD type=2 (kprobe) name=trace_vfs_read insn_cnt=29 hash=3bbdba30b197371a policy_hash=615591460fb29b2e branch_profile_hash=6fd8dec6a155f912 license=GPL expected_attach=0 attach_btf_id=0 prog_btf_fd=163 attach_btf_obj_fd=0 attach_prog_fd=0
[538.820268 pid=12507 tid=12515] loadtime policy prog=trace_vfs_read policy_hash=615591460fb29b2e branch_profile_hash=6fd8dec6a155f912 insn_cnt=29
[538.849073 pid=12507 tid=12515] loadtime step prog=trace_vfs_read step=wide_mem elapsed_ms=11
[538.849147 pid=12507 tid=12515] loadtime prog=trace_vfs_read produced no bytecode changes; passing original BPF_PROG_LOAD through
[538.849273 pid=12507 tid=12515]   PROG_LOAD -> fd=66 errno=0 kernel_prog_id=450
[538.849525 pid=12507 tid=12515] BPF_PROG_LOAD type=2 (kprobe) name=trace_ret_vfs_r insn_cnt=3942 hash=ff2fcab0aedec2f9 policy_hash=cde75b3951a56b82 branch_profile_hash=01614e8d9f28ddb5 license=GPL expected_attach=0 attach_btf_id=0 prog_btf_fd=163 attach_btf_obj_fd=0 attach_prog_fd=0
[539.227958 pid=12507 tid=12515] loadtime policy prog=trace_ret_vfs_r policy_hash=cde75b3951a56b82 branch_profile_hash=01614e8d9f28ddb5 insn_cnt=3942
[539.366260 pid=12507 tid=12515] loadtime step prog=trace_ret_vfs_r step=wide_mem elapsed_ms=99
[539.369120 pid=12507 tid=12515] loadtime optimized prog=trace_ret_vfs_r insns=3942->3167 maps=24 workdir=/workspaces/repository/corpus/results/x86_kvm_corpus_20260926_152627_089782/details/loadtime-workdirs/loadtime_12507_95
[539.379284 pid=12507 tid=12515]   PROG_LOAD -> fd=270 errno=0 kernel_prog_id=453
[539.379620 pid=12507 tid=12515] BPF_PROG_LOAD type=2 (kprobe) name=trace_ret_vfs_r insn_cnt=3725 hash=749c073c78fa8b16 policy_hash=c65a8ac156bd503d branch_profile_hash=0b72a538e798cdaf license=GPL expected_attach=0 attach_btf_id=0 prog_btf_fd=163 attach_btf_obj_fd=0 attach_prog_fd=0
[539.846456 pid=12507 tid=12515] loadtime policy prog=trace_ret_vfs_r policy_hash=c65a8ac156bd503d branch_profile_hash=0b72a538e798cdaf insn_cnt=3725
[540.013172 pid=12507 tid=12515] loadtime step prog=trace_ret_vfs_r step=wide_mem elapsed_ms=101
[540.015846 pid=12507 tid=12515] loadtime optimized prog=trace_ret_vfs_r insns=3725->2950 maps=18 workdir=/workspaces/repository/corpus/results/x86_kvm_corpus_20260926_152627_089782/details/loadtime-workdirs/loadtime_12507_96
[540.038885 pid=12507 tid=12515]   PROG_LOAD -> fd=257 errno=0 kernel_prog_id=456
[540.039213 pid=12507 tid=12515] BPF_PROG_LOAD type=2 (kprobe) name=trace_vfs_readv insn_cnt=29 hash=8f943ce76e16a06f policy_hash=189e9ece4e706d2b branch_profile_hash=6fa94ac6a12d8cd4 license=GPL expected_attach=0 attach_btf_id=0 prog_btf_fd=163 attach_btf_obj_fd=0 attach_prog_fd=0
[540.067161 pid=12507 tid=12515] loadtime policy prog=trace_vfs_readv policy_hash=189e9ece4e706d2b branch_profile_hash=6fa94ac6a12d8cd4 insn_cnt=29
[540.096748 pid=12507 tid=12515] loadtime step prog=trace_vfs_readv step=wide_mem elapsed_ms=12
[540.096827 pid=12507 tid=12515] loadtime prog=trace_vfs_readv produced no bytecode changes; passing original BPF_PROG_LOAD through
[540.096965 pid=12507 tid=12515]   PROG_LOAD -> fd=69 errno=0 kernel_prog_id=459
[540.097400 pid=12507 tid=12515] BPF_PROG_LOAD type=2 (kprobe) name=trace_ret_vfs_r insn_cnt=3941 hash=6f36d55723ab9207 policy_hash=7bf8d29fa27b4fbc branch_profile_hash=992ca67ab1e19a85 license=GPL expected_attach=0 attach_btf_id=0 prog_btf_fd=163 attach_btf_obj_fd=0 attach_prog_fd=0
[540.473249 pid=12507 tid=12515] loadtime policy prog=trace_ret_vfs_r policy_hash=7bf8d29fa27b4fbc branch_profile_hash=992ca67ab1e19a85 insn_cnt=3941
[540.602256 pid=12507 tid=12515] loadtime step prog=trace_ret_vfs_r step=wide_mem elapsed_ms=82
[540.605064 pid=12507 tid=12515] loadtime optimized prog=trace_ret_vfs_r insns=3941->3167 maps=24 workdir=/workspaces/repository/corpus/results/x86_kvm_corpus_20260926_152627_089782/details/loadtime-workdirs/loadtime_12507_98
[540.617524 pid=12507 tid=12515]   PROG_LOAD -> fd=275 errno=0 kernel_prog_id=462
[540.618248 pid=12507 tid=12515] BPF_PROG_LOAD type=2 (kprobe) name=trace_ret_vfs_r insn_cnt=3740 hash=d385b838753e1d3c policy_hash=3488444b885ecaab branch_profile_hash=32144894cf85b8ba license=GPL expected_attach=0 attach_btf_id=0 prog_btf_fd=163 attach_btf_obj_fd=0 attach_prog_fd=0
[541.021441 pid=12507 tid=12515] loadtime policy prog=trace_ret_vfs_r policy_hash=3488444b885ecaab branch_profile_hash=32144894cf85b8ba insn_cnt=3740
[541.158613 pid=12507 tid=12515] loadtime step prog=trace_ret_vfs_r step=wide_mem elapsed_ms=83
[541.162487 pid=12507 tid=12515] loadtime optimized prog=trace_ret_vfs_r insns=3740->2989 maps=18 workdir=/workspaces/repository/corpus/results/x86_kvm_corpus_20260926_152627_089782/details/loadtime-workdirs/loadtime_12507_99
[541.181706 pid=12507 tid=12515]   PROG_LOAD -> fd=260 errno=0 kernel_prog_id=465
[541.182142 pid=12507 tid=12515] BPF_PROG_LOAD type=2 (kprobe) name=trace_mmap_aler insn_cnt=4072 hash=9e62effaee98384e policy_hash=b0b6e4fa51ce6bb2 branch_profile_hash=87fe134fa97a4517 license=GPL expected_attach=0 attach_btf_id=0 prog_btf_fd=163 attach_btf_obj_fd=0 attach_prog_fd=0
[541.549846 pid=12507 tid=12515] loadtime policy prog=trace_mmap_aler policy_hash=b0b6e4fa51ce6bb2 branch_profile_hash=87fe134fa97a4517 insn_cnt=4072
[541.693842 pid=12507 tid=12515] loadtime step prog=trace_mmap_aler step=wide_mem elapsed_ms=92
[541.697173 pid=12507 tid=12515] loadtime optimized prog=trace_mmap_aler insns=4072->3405 maps=21 workdir=/workspaces/repository/corpus/results/x86_kvm_corpus_20260926_152627_089782/details/loadtime-workdirs/loadtime_12507_100
[541.714414 pid=12507 tid=12515]   PROG_LOAD -> fd=271 errno=0 kernel_prog_id=468
[541.714631 pid=12507 tid=12515] BPF_PROG_LOAD type=2 (kprobe) name=trace_do_mmap insn_cnt=29 hash=52836ec79d06d763 policy_hash=1520a2f30a88caa7 branch_profile_hash=9b8a27c703cea327 license=GPL expected_attach=0 attach_btf_id=0 prog_btf_fd=163 attach_btf_obj_fd=0 attach_prog_fd=0
[541.737104 pid=12507 tid=12515] loadtime policy prog=trace_do_mmap policy_hash=1520a2f30a88caa7 branch_profile_hash=9b8a27c703cea327 insn_cnt=29
[541.765967 pid=12507 tid=12515] loadtime step prog=trace_do_mmap step=wide_mem elapsed_ms=12
[541.766040 pid=12507 tid=12515] loadtime prog=trace_do_mmap produced no bytecode changes; passing original BPF_PROG_LOAD through
[541.766182 pid=12507 tid=12515]   PROG_LOAD -> fd=72 errno=0 kernel_prog_id=471
[541.766475 pid=12507 tid=12515] BPF_PROG_LOAD type=2 (kprobe) name=trace_ret_do_mm insn_cnt=3937 hash=0b4f8ce528fc8d27 policy_hash=6ba205e064b6d6b7 branch_profile_hash=4d7723cc60eac586 license=GPL expected_attach=0 attach_btf_id=0 prog_btf_fd=163 attach_btf_obj_fd=0 attach_prog_fd=0
[542.152951 pid=12507 tid=12515] loadtime policy prog=trace_ret_do_mm policy_hash=6ba205e064b6d6b7 branch_profile_hash=4d7723cc60eac586 insn_cnt=3937
[542.277123 pid=12507 tid=12515] loadtime step prog=trace_ret_do_mm step=wide_mem elapsed_ms=79
[542.279960 pid=12507 tid=12515] loadtime optimized prog=trace_ret_do_mm insns=3937->3247 maps=22 workdir=/workspaces/repository/corpus/results/x86_kvm_corpus_20260926_152627_089782/details/loadtime-workdirs/loadtime_12507_102
[542.295694 pid=12507 tid=12515]   PROG_LOAD -> fd=277 errno=0 kernel_prog_id=474
[542.296154 pid=12507 tid=12515] BPF_PROG_LOAD type=2 (kprobe) name=trace_security_ insn_cnt=7456 hash=bd6ed5affc5987e8 policy_hash=cc3c4138287293f8 branch_profile_hash=61bfe0890b6db490 license=GPL expected_attach=0 attach_btf_id=0 prog_btf_fd=163 attach_btf_obj_fd=0 attach_prog_fd=0
[542.833642 pid=12507 tid=12515] loadtime policy prog=trace_security_ policy_hash=cc3c4138287293f8 branch_profile_hash=61bfe0890b6db490 insn_cnt=7456
[543.120284 pid=12507 tid=12515] loadtime step prog=trace_security_ step=wide_mem elapsed_ms=197
[543.123458 pid=12507 tid=12515] loadtime optimized prog=trace_security_ insns=7456->6214 maps=26 workdir=/workspaces/repository/corpus/results/x86_kvm_corpus_20260926_152627_089782/details/loadtime-workdirs/loadtime_12507_103
[543.159327 pid=12507 tid=12515]   PROG_LOAD -> fd=282 errno=0 kernel_prog_id=477
[543.159872 pid=12507 tid=12515] BPF_PROG_LOAD type=2 (kprobe) name=trace_security_ insn_cnt=7346 hash=a71421d3e11cb2fe policy_hash=24ba200790db7383 branch_profile_hash=ffa5817e76764d92 license=GPL expected_attach=0 attach_btf_id=0 prog_btf_fd=163 attach_btf_obj_fd=0 attach_prog_fd=0
[543.562792 pid=12507 tid=12515] loadtime policy prog=trace_security_ policy_hash=24ba200790db7383 branch_profile_hash=ffa5817e76764d92 insn_cnt=7346
[543.814764 pid=12507 tid=12515] loadtime step prog=trace_security_ step=wide_mem elapsed_ms=166
[543.818117 pid=12507 tid=12515] loadtime optimized prog=trace_security_ insns=7346->5981 maps=22 workdir=/workspaces/repository/corpus/results/x86_kvm_corpus_20260926_152627_089782/details/loadtime-workdirs/loadtime_12507_104
[543.854864 pid=12507 tid=12515]   PROG_LOAD -> fd=278 errno=0 kernel_prog_id=480
[543.855453 pid=12507 tid=12515] BPF_PROG_LOAD type=17 (raw_tracepoint) name=syscall__init_m insn_cnt=101 hash=8aa29c3aff398ae9 policy_hash=ab8d05581f1ca779 branch_profile_hash=42d1c26b2f679f6f license=GPL expected_attach=0 attach_btf_id=0 prog_btf_fd=163 attach_btf_obj_fd=0 attach_prog_fd=0
[543.971584 pid=12507 tid=12515] loadtime policy prog=syscall__init_m policy_hash=ab8d05581f1ca779 branch_profile_hash=42d1c26b2f679f6f insn_cnt=101
[544.013093 pid=12507 tid=12515] loadtime step prog=syscall__init_m step=wide_mem elapsed_ms=23
[544.015441 pid=12507 tid=12515] loadtime optimized prog=syscall__init_m insns=101->105 maps=5 workdir=/workspaces/repository/corpus/results/x86_kvm_corpus_20260926_152627_089782/details/loadtime-workdirs/loadtime_12507_105
[544.015597 pid=12507 tid=12515]   PROG_LOAD -> fd=222 errno=0 kernel_prog_id=483
[544.015761 pid=12507 tid=12515] BPF_PROG_LOAD type=2 (kprobe) name=trace_register_ insn_cnt=29 hash=a7c7b58fc2949a25 policy_hash=349e107b2bb5b711 branch_profile_hash=77ec1584cc288d5a license=GPL expected_attach=0 attach_btf_id=0 prog_btf_fd=163 attach_btf_obj_fd=0 attach_prog_fd=0
[544.035759 pid=12507 tid=12515] loadtime policy prog=trace_register_ policy_hash=349e107b2bb5b711 branch_profile_hash=77ec1584cc288d5a insn_cnt=29
[544.075507 pid=12507 tid=12515] loadtime step prog=trace_register_ step=wide_mem elapsed_ms=13
[544.075580 pid=12507 tid=12515] loadtime prog=trace_register_ produced no bytecode changes; passing original BPF_PROG_LOAD through
[544.075705 pid=12507 tid=12515]   PROG_LOAD -> fd=75 errno=0 kernel_prog_id=486
[544.075885 pid=12507 tid=12515] BPF_PROG_LOAD type=2 (kprobe) name=trace_ret_regis insn_cnt=1834 hash=8c4a8b800200ace5 policy_hash=ccba88d1f436d65f branch_profile_hash=5ca5337a9cfa6f5d license=GPL expected_attach=0 attach_btf_id=0 prog_btf_fd=163 attach_btf_obj_fd=0 attach_prog_fd=0
[544.259779 pid=12507 tid=12515] loadtime policy prog=trace_ret_regis policy_hash=ccba88d1f436d65f branch_profile_hash=5ca5337a9cfa6f5d insn_cnt=1834
[544.329424 pid=12507 tid=12515] loadtime step prog=trace_ret_regis step=wide_mem elapsed_ms=45
[544.331992 pid=12507 tid=12515] loadtime optimized prog=trace_ret_regis insns=1834->1496 maps=20 workdir=/workspaces/repository/corpus/results/x86_kvm_corpus_20260926_152627_089782/details/loadtime-workdirs/loadtime_12507_107
[544.333485 pid=12507 tid=12515]   PROG_LOAD -> fd=279 errno=0 kernel_prog_id=489
[544.333781 pid=12507 tid=12515] BPF_PROG_LOAD type=2 (kprobe) name=trace_security_ insn_cnt=3765 hash=a29e5d6ff62b5337 policy_hash=19d24eab6f68165f branch_profile_hash=2755ccb6fa237957 license=GPL expected_attach=0 attach_btf_id=0 prog_btf_fd=163 attach_btf_obj_fd=0 attach_prog_fd=0
[544.868613 pid=12507 tid=12515] loadtime policy prog=trace_security_ policy_hash=19d24eab6f68165f branch_profile_hash=2755ccb6fa237957 insn_cnt=3765
[545.028975 pid=12507 tid=12515] loadtime step prog=trace_security_ step=wide_mem elapsed_ms=90
[545.032380 pid=12507 tid=12515] loadtime optimized prog=trace_security_ insns=3765->3080 maps=21 workdir=/workspaces/repository/corpus/results/x86_kvm_corpus_20260926_152627_089782/details/loadtime-workdirs/loadtime_12507_108
[545.041618 pid=12507 tid=12515]   PROG_LOAD -> fd=281 errno=0 kernel_prog_id=492
[545.042158 pid=12507 tid=12515] BPF_PROG_LOAD type=2 (kprobe) name=trace_security_ insn_cnt=3726 hash=e68ad331d32698ed policy_hash=a1a4935eb0ed7512 branch_profile_hash=6778fd1bb8d0761e license=GPL expected_attach=0 attach_btf_id=0 prog_btf_fd=163 attach_btf_obj_fd=0 attach_prog_fd=0
[545.713868 pid=12507 tid=12515] loadtime policy prog=trace_security_ policy_hash=a1a4935eb0ed7512 branch_profile_hash=6778fd1bb8d0761e insn_cnt=3726
[545.871282 pid=12507 tid=12515] loadtime step prog=trace_security_ step=wide_mem elapsed_ms=89
[545.874808 pid=12507 tid=12515] loadtime optimized prog=trace_security_ insns=3726->3039 maps=22 workdir=/workspaces/repository/corpus/results/x86_kvm_corpus_20260926_152627_089782/details/loadtime-workdirs/loadtime_12507_109
[545.886588 pid=12507 tid=12515]   PROG_LOAD -> fd=284 errno=0 kernel_prog_id=495
[545.887305 pid=12507 tid=12515] BPF_PROG_LOAD type=2 (kprobe) name=trace_security_ insn_cnt=1895 hash=0a25292a542ecedc policy_hash=361ee7cbacfc8004 branch_profile_hash=006b15aeb47c9499 license=GPL expected_attach=0 attach_btf_id=0 prog_btf_fd=163 attach_btf_obj_fd=0 attach_prog_fd=0
[546.559102 pid=12507 tid=12515] loadtime policy prog=trace_security_ policy_hash=361ee7cbacfc8004 branch_profile_hash=006b15aeb47c9499 insn_cnt=1895
[546.665890 pid=12507 tid=12515] loadtime step prog=trace_security_ step=wide_mem elapsed_ms=55
[546.669026 pid=12507 tid=12515] loadtime optimized prog=trace_security_ insns=1895->1546 maps=21 workdir=/workspaces/repository/corpus/results/x86_kvm_corpus_20260926_152627_089782/details/loadtime-workdirs/loadtime_12507_110
[546.672056 pid=12507 tid=12515]   PROG_LOAD -> fd=283 errno=0 kernel_prog_id=498
[546.672672 pid=12507 tid=12515] BPF_PROG_LOAD type=2 (kprobe) name=trace_device_ad insn_cnt=1798 hash=88e66103b9d390e6 policy_hash=20fe780490bc8ac8 branch_profile_hash=1d361d5a78ac763d license=GPL expected_attach=0 attach_btf_id=0 prog_btf_fd=163 attach_btf_obj_fd=0 attach_prog_fd=0
[547.098165 pid=12507 tid=12515] loadtime policy prog=trace_device_ad policy_hash=20fe780490bc8ac8 branch_profile_hash=1d361d5a78ac763d insn_cnt=1798
[547.215348 pid=12507 tid=12515] loadtime step prog=trace_device_ad step=wide_mem elapsed_ms=58
[547.221480 pid=12507 tid=12515] loadtime optimized prog=trace_device_ad insns=1798->1464 maps=19 workdir=/workspaces/repository/corpus/results/x86_kvm_corpus_20260926_152627_089782/details/loadtime-workdirs/loadtime_12507_111
[547.223699 pid=12507 tid=12515]   PROG_LOAD -> fd=276 errno=0 kernel_prog_id=501
[547.224382 pid=12507 tid=12515] BPF_PROG_LOAD type=2 (kprobe) name=trace___registe insn_cnt=29 hash=b6907c4e39f91090 policy_hash=d7320d8806e72664 branch_profile_hash=83c3ce5bb39c23a1 license=GPL expected_attach=0 attach_btf_id=0 prog_btf_fd=163 attach_btf_obj_fd=0 attach_prog_fd=0
[547.295470 pid=12507 tid=12515] loadtime policy prog=trace___registe policy_hash=d7320d8806e72664 branch_profile_hash=83c3ce5bb39c23a1 insn_cnt=29
[547.370361 pid=12507 tid=12515] loadtime step prog=trace___registe step=wide_mem elapsed_ms=26
[547.370451 pid=12507 tid=12515] loadtime prog=trace___registe produced no bytecode changes; passing original BPF_PROG_LOAD through
[547.370619 pid=12507 tid=12515]   PROG_LOAD -> fd=78 errno=0 kernel_prog_id=504
[547.371375 pid=12507 tid=12515] BPF_PROG_LOAD type=2 (kprobe) name=trace_ret__regi insn_cnt=1828 hash=84c56e1149032f01 policy_hash=5fda4b07dabd8933 branch_profile_hash=4001582415619835 license=GPL expected_attach=0 attach_btf_id=0 prog_btf_fd=163 attach_btf_obj_fd=0 attach_prog_fd=0
[547.830823 pid=12507 tid=12515] loadtime policy prog=trace_ret__regi policy_hash=5fda4b07dabd8933 branch_profile_hash=4001582415619835 insn_cnt=1828
[547.917197 pid=12507 tid=12515] loadtime step prog=trace_ret__regi step=wide_mem elapsed_ms=48
[547.924330 pid=12507 tid=12515] loadtime optimized prog=trace_ret__regi insns=1828->1503 maps=20 workdir=/workspaces/repository/corpus/results/x86_kvm_corpus_20260926_152627_089782/details/loadtime-workdirs/loadtime_12507_113
[547.927271 pid=12507 tid=12515]   PROG_LOAD -> fd=286 errno=0 kernel_prog_id=507
[547.927510 pid=12507 tid=12515] BPF_PROG_LOAD type=2 (kprobe) name=trace_do_splice insn_cnt=29 hash=d648e863b4040dcf policy_hash=c0a3fb03a155cdcb branch_profile_hash=73e1d3c455fa50da license=GPL expected_attach=0 attach_btf_id=0 prog_btf_fd=163 attach_btf_obj_fd=0 attach_prog_fd=0
[547.964614 pid=12507 tid=12515] loadtime policy prog=trace_do_splice policy_hash=c0a3fb03a155cdcb branch_profile_hash=73e1d3c455fa50da insn_cnt=29
[548.047238 pid=12507 tid=12515] loadtime step prog=trace_do_splice step=wide_mem elapsed_ms=26
[548.047926 pid=12507 tid=12515] loadtime prog=trace_do_splice produced no bytecode changes; passing original BPF_PROG_LOAD through
[548.048354 pid=12507 tid=12515]   PROG_LOAD -> fd=81 errno=0 kernel_prog_id=510
[548.048913 pid=12507 tid=12515] BPF_PROG_LOAD type=2 (kprobe) name=trace_ret_do_sp insn_cnt=4024 hash=d7d5b96681aeab49 policy_hash=731abb38d4af3da4 branch_profile_hash=05e5948dd7e41086 license=GPL expected_attach=0 attach_btf_id=0 prog_btf_fd=163 attach_btf_obj_fd=0 attach_prog_fd=0
[548.638055 pid=12507 tid=12515] loadtime policy prog=trace_ret_do_sp policy_hash=731abb38d4af3da4 branch_profile_hash=05e5948dd7e41086 insn_cnt=4024
[548.794476 pid=12507 tid=12515] loadtime step prog=trace_ret_do_sp step=wide_mem elapsed_ms=105
[548.798448 pid=12507 tid=12515] loadtime optimized prog=trace_ret_do_sp insns=4024->3226 maps=23 workdir=/workspaces/repository/corpus/results/x86_kvm_corpus_20260926_152627_089782/details/loadtime-workdirs/loadtime_12507_115
[548.809613 pid=12507 tid=12515]   PROG_LOAD -> fd=291 errno=0 kernel_prog_id=513
[548.810136 pid=12507 tid=12515] BPF_PROG_LOAD type=17 (raw_tracepoint) name=tracepoint__mod insn_cnt=4047 hash=ff4aa80749895958 policy_hash=5ab5f5a6dc2baa1d branch_profile_hash=b6d69064c075c7e8 license=GPL expected_attach=0 attach_btf_id=0 prog_btf_fd=163 attach_btf_obj_fd=0 attach_prog_fd=0
[549.353532 pid=12507 tid=12515] loadtime policy prog=tracepoint__mod policy_hash=5ab5f5a6dc2baa1d branch_profile_hash=b6d69064c075c7e8 insn_cnt=4047
[549.536889 pid=12507 tid=12515] loadtime step prog=tracepoint__mod step=wide_mem elapsed_ms=110
[549.541128 pid=12507 tid=12515] loadtime optimized prog=tracepoint__mod insns=4047->3244 maps=23 workdir=/workspaces/repository/corpus/results/x86_kvm_corpus_20260926_152627_089782/details/loadtime-workdirs/loadtime_12507_116
[549.553741 pid=12507 tid=12515]   PROG_LOAD -> fd=292 errno=0 kernel_prog_id=516
[549.554316 pid=12507 tid=12515] BPF_PROG_LOAD type=17 (raw_tracepoint) name=tracepoint__mod insn_cnt=1885 hash=96e815c659a5754d policy_hash=8a8d0de2a144a9b5 branch_profile_hash=7fa0d30acc9c5ce1 license=GPL expected_attach=0 attach_btf_id=0 prog_btf_fd=163 attach_btf_obj_fd=0 attach_prog_fd=0
[549.786673 pid=12507 tid=12515] loadtime policy prog=tracepoint__mod policy_hash=8a8d0de2a144a9b5 branch_profile_hash=7fa0d30acc9c5ce1 insn_cnt=1885
[549.856189 pid=12507 tid=12515] loadtime step prog=tracepoint__mod step=wide_mem elapsed_ms=44
[549.858768 pid=12507 tid=12515] loadtime optimized prog=tracepoint__mod insns=1885->1519 maps=21 workdir=/workspaces/repository/corpus/results/x86_kvm_corpus_20260926_152627_089782/details/loadtime-workdirs/loadtime_12507_117
[549.861113 pid=12507 tid=12515]   PROG_LOAD -> fd=289 errno=0 kernel_prog_id=519
[549.861335 pid=12507 tid=12515] BPF_PROG_LOAD type=2 (kprobe) name=trace_do_init_m insn_cnt=29 hash=332c1353ebb373a2 policy_hash=13cacb437fa85df6 branch_profile_hash=7caf60c5c4a961fc license=GPL expected_attach=0 attach_btf_id=0 prog_btf_fd=163 attach_btf_obj_fd=0 attach_prog_fd=0
[549.884594 pid=12507 tid=12515] loadtime policy prog=trace_do_init_m policy_hash=13cacb437fa85df6 branch_profile_hash=7caf60c5c4a961fc insn_cnt=29
[549.916688 pid=12507 tid=12515] loadtime step prog=trace_do_init_m step=wide_mem elapsed_ms=15
[549.916763 pid=12507 tid=12515] loadtime prog=trace_do_init_m produced no bytecode changes; passing original BPF_PROG_LOAD through
[549.916903 pid=12507 tid=12515]   PROG_LOAD -> fd=84 errno=0 kernel_prog_id=522
[549.917181 pid=12507 tid=12515] BPF_PROG_LOAD type=2 (kprobe) name=trace_ret_do_in insn_cnt=3021 hash=d28b245d2e8eb045 policy_hash=07e277fc0ea324ff branch_profile_hash=361c9e5c0bdd043e license=GPL expected_attach=0 attach_btf_id=0 prog_btf_fd=163 attach_btf_obj_fd=0 attach_prog_fd=0
[550.093749 pid=12507 tid=12515] loadtime policy prog=trace_ret_do_in policy_hash=07e277fc0ea324ff branch_profile_hash=361c9e5c0bdd043e insn_cnt=3021
[550.195531 pid=12507 tid=12515] loadtime step prog=trace_ret_do_in step=wide_mem elapsed_ms=70
[550.198465 pid=12507 tid=12515] loadtime optimized prog=trace_ret_do_in insns=3021->2482 maps=20 workdir=/workspaces/repository/corpus/results/x86_kvm_corpus_20260926_152627_089782/details/loadtime-workdirs/loadtime_12507_119
[550.202259 pid=12507 tid=12515]   PROG_LOAD -> fd=290 errno=0 kernel_prog_id=525
[550.202572 pid=12507 tid=12515] BPF_PROG_LOAD type=2 (kprobe) name=trace_load_elf_ insn_cnt=3749 hash=1a7ca0962816d583 policy_hash=7985a0411604da2b branch_profile_hash=c43ce0d9c1039365 license=GPL expected_attach=0 attach_btf_id=0 prog_btf_fd=163 attach_btf_obj_fd=0 attach_prog_fd=0
[550.705350 pid=12507 tid=12515] loadtime policy prog=trace_load_elf_ policy_hash=7985a0411604da2b branch_profile_hash=c43ce0d9c1039365 insn_cnt=3749
[550.844711 pid=12507 tid=12515] loadtime step prog=trace_load_elf_ step=wide_mem elapsed_ms=95
[550.847478 pid=12507 tid=12515] loadtime optimized prog=trace_load_elf_ insns=3749->2999 maps=21 workdir=/workspaces/repository/corpus/results/x86_kvm_corpus_20260926_152627_089782/details/loadtime-workdirs/loadtime_12507_120
[550.856671 pid=12507 tid=12515]   PROG_LOAD -> fd=294 errno=0 kernel_prog_id=528
[550.856919 pid=12507 tid=12515] BPF_PROG_LOAD type=2 (kprobe) name=trace_security_ insn_cnt=1830 hash=9d61a1374aadd814 policy_hash=e4f9abc4286103aa branch_profile_hash=47f48e50029d4324 license=GPL expected_attach=0 attach_btf_id=0 prog_btf_fd=163 attach_btf_obj_fd=0 attach_prog_fd=0
[551.058398 pid=12507 tid=12515] loadtime policy prog=trace_security_ policy_hash=e4f9abc4286103aa branch_profile_hash=47f48e50029d4324 insn_cnt=1830
[551.150361 pid=12507 tid=12515] loadtime step prog=trace_security_ step=wide_mem elapsed_ms=50
[551.155774 pid=12507 tid=12515] loadtime optimized prog=trace_security_ insns=1830->1466 maps=20 workdir=/workspaces/repository/corpus/results/x86_kvm_corpus_20260926_152627_089782/details/loadtime-workdirs/loadtime_12507_121
[551.158219 pid=12507 tid=12515]   PROG_LOAD -> fd=293 errno=0 kernel_prog_id=531
[551.158664 pid=12507 tid=12515] BPF_PROG_LOAD type=17 (raw_tracepoint) name=tracepoint__tas insn_cnt=1760 hash=886bf7a9e00638b7 policy_hash=6cab014ec4dd5f85 branch_profile_hash=e504708816b5f817 license=GPL expected_attach=0 attach_btf_id=0 prog_btf_fd=163 attach_btf_obj_fd=0 attach_prog_fd=0
[551.394443 pid=12507 tid=12515] loadtime policy prog=tracepoint__tas policy_hash=6cab014ec4dd5f85 branch_profile_hash=e504708816b5f817 insn_cnt=1760
[551.493298 pid=12507 tid=12515] loadtime step prog=tracepoint__tas step=wide_mem elapsed_ms=50
[551.501495 pid=12507 tid=12515] loadtime optimized prog=tracepoint__tas insns=1760->1434 maps=19 workdir=/workspaces/repository/corpus/results/x86_kvm_corpus_20260926_152627_089782/details/loadtime-workdirs/loadtime_12507_122
[551.504225 pid=12507 tid=12515]   PROG_LOAD -> fd=288 errno=0 kernel_prog_id=534
[551.504557 pid=12507 tid=12515] BPF_PROG_LOAD type=2 (kprobe) name=trace_security_ insn_cnt=2028 hash=7fdb065ea817a6dd policy_hash=976e2e01ae4eb387 branch_profile_hash=78ed7d3c94b9853f license=GPL expected_attach=0 attach_btf_id=0 prog_btf_fd=163 attach_btf_obj_fd=0 attach_prog_fd=0
[551.888156 pid=12507 tid=12515] loadtime policy prog=trace_security_ policy_hash=976e2e01ae4eb387 branch_profile_hash=78ed7d3c94b9853f insn_cnt=2028
[551.980520 pid=12507 tid=12515] loadtime step prog=trace_security_ step=wide_mem elapsed_ms=58
[551.983333 pid=12507 tid=12515] loadtime optimized prog=trace_security_ insns=2028->1643 maps=21 workdir=/workspaces/repository/corpus/results/x86_kvm_corpus_20260926_152627_089782/details/loadtime-workdirs/loadtime_12507_123
[551.986556 pid=12507 tid=12515]   PROG_LOAD -> fd=297 errno=0 kernel_prog_id=537
[551.986873 pid=12507 tid=12515] BPF_PROG_LOAD type=2 (kprobe) name=trace_kallsyms_ insn_cnt=29 hash=898e5afff8a413c0 policy_hash=c4f6ce800d165b94 branch_profile_hash=4365942073bc65df license=GPL expected_attach=0 attach_btf_id=0 prog_btf_fd=163 attach_btf_obj_fd=0 attach_prog_fd=0
[552.016307 pid=12507 tid=12515] loadtime policy prog=trace_kallsyms_ policy_hash=c4f6ce800d165b94 branch_profile_hash=4365942073bc65df insn_cnt=29
[552.053369 pid=12507 tid=12515] loadtime step prog=trace_kallsyms_ step=wide_mem elapsed_ms=18
[552.053445 pid=12507 tid=12515] loadtime prog=trace_kallsyms_ produced no bytecode changes; passing original BPF_PROG_LOAD through
[552.053587 pid=12507 tid=12515]   PROG_LOAD -> fd=87 errno=0 kernel_prog_id=540
[552.053802 pid=12507 tid=12515] BPF_PROG_LOAD type=2 (kprobe) name=trace_ret_kalls insn_cnt=1756 hash=8744e487a6091842 policy_hash=2b61d38b27a22878 branch_profile_hash=5249755503164e1e license=GPL expected_attach=0 attach_btf_id=0 prog_btf_fd=163 attach_btf_obj_fd=0 attach_prog_fd=0
[552.220975 pid=12507 tid=12515] loadtime policy prog=trace_ret_kalls policy_hash=2b61d38b27a22878 branch_profile_hash=5249755503164e1e insn_cnt=1756
[552.307806 pid=12507 tid=12515] loadtime step prog=trace_ret_kalls step=wide_mem elapsed_ms=57
[552.310575 pid=12507 tid=12515] loadtime optimized prog=trace_ret_kalls insns=1756->1442 maps=20 workdir=/workspaces/repository/corpus/results/x86_kvm_corpus_20260926_152627_089782/details/loadtime-workdirs/loadtime_12507_125
[552.312981 pid=12507 tid=12515]   PROG_LOAD -> fd=298 errno=0 kernel_prog_id=543
[552.313433 pid=12507 tid=12515] BPF_PROG_LOAD type=2 (kprobe) name=trace_do_sigact insn_cnt=2049 hash=1d7324f737aeb73e policy_hash=242825036e0328e0 branch_profile_hash=ee14faa51863ae1a license=GPL expected_attach=0 attach_btf_id=0 prog_btf_fd=163 attach_btf_obj_fd=0 attach_prog_fd=0
[552.495754 pid=12507 tid=12515] loadtime policy prog=trace_do_sigact policy_hash=242825036e0328e0 branch_profile_hash=ee14faa51863ae1a insn_cnt=2049
[552.570851 pid=12507 tid=12515] loadtime step prog=trace_do_sigact step=wide_mem elapsed_ms=49
[552.573463 pid=12507 tid=12515] loadtime optimized prog=trace_do_sigact insns=2049->1696 maps=19 workdir=/workspaces/repository/corpus/results/x86_kvm_corpus_20260926_152627_089782/details/loadtime-workdirs/loadtime_12507_126
[552.575896 pid=12507 tid=12515]   PROG_LOAD -> fd=296 errno=0 kernel_prog_id=546
[552.576302 pid=12507 tid=12515] BPF_PROG_LOAD type=2 (kprobe) name=trace_vfs_utime insn_cnt=3744 hash=c27d8f7c6da1f160 policy_hash=4dd243ff691cd00c branch_profile_hash=f14ad601a7fe041d license=GPL expected_attach=0 attach_btf_id=0 prog_btf_fd=163 attach_btf_obj_fd=0 attach_prog_fd=0
[552.965662 pid=12507 tid=12515] loadtime policy prog=trace_vfs_utime policy_hash=4dd243ff691cd00c branch_profile_hash=f14ad601a7fe041d insn_cnt=3744
[553.107297 pid=12507 tid=12515] loadtime step prog=trace_vfs_utime step=wide_mem elapsed_ms=85
[553.113028 pid=12507 tid=12515] loadtime optimized prog=trace_vfs_utime insns=3744->3060 maps=21 workdir=/workspaces/repository/corpus/results/x86_kvm_corpus_20260926_152627_089782/details/loadtime-workdirs/loadtime_12507_127
[553.130805 pid=12507 tid=12515]   PROG_LOAD -> fd=301 errno=0 kernel_prog_id=549
[553.131501 pid=12507 tid=12515] BPF_PROG_LOAD type=2 (kprobe) name=trace_utimes_co insn_cnt=3744 hash=c27d8f7c6da1f160 policy_hash=4dd243ff691cd00c branch_profile_hash=651c032264e8829f license=GPL expected_attach=0 attach_btf_id=0 prog_btf_fd=163 attach_btf_obj_fd=0 attach_prog_fd=0
[553.695361 pid=12507 tid=12515] loadtime policy prog=trace_utimes_co policy_hash=4dd243ff691cd00c branch_profile_hash=651c032264e8829f insn_cnt=3744
[553.854193 pid=12507 tid=12515] loadtime step prog=trace_utimes_co step=wide_mem elapsed_ms=96
[553.859010 pid=12507 tid=12515] loadtime optimized prog=trace_utimes_co insns=3744->3060 maps=21 workdir=/workspaces/repository/corpus/results/x86_kvm_corpus_20260926_152627_089782/details/loadtime-workdirs/loadtime_12507_128
[553.876880 pid=12507 tid=12515]   PROG_LOAD -> fd=302 errno=0 kernel_prog_id=552
[553.877411 pid=12507 tid=12515] BPF_PROG_LOAD type=2 (kprobe) name=trace_do_trunca insn_cnt=1970 hash=3c69f3821452c5ca policy_hash=40638a9c5990254a branch_profile_hash=38559f705005c26d license=GPL expected_attach=0 attach_btf_id=0 prog_btf_fd=163 attach_btf_obj_fd=0 attach_prog_fd=0
[554.332898 pid=12507 tid=12515] loadtime policy prog=trace_do_trunca policy_hash=40638a9c5990254a branch_profile_hash=38559f705005c26d insn_cnt=1970
[554.427553 pid=12507 tid=12515] loadtime step prog=trace_do_trunca step=wide_mem elapsed_ms=54
[554.430829 pid=12507 tid=12515] loadtime optimized prog=trace_do_trunca insns=1970->1612 maps=21 workdir=/workspaces/repository/corpus/results/x86_kvm_corpus_20260926_152627_089782/details/loadtime-workdirs/loadtime_12507_129
[554.433685 pid=12507 tid=12515]   PROG_LOAD -> fd=303 errno=0 kernel_prog_id=555
[554.433940 pid=12507 tid=12515] BPF_PROG_LOAD type=2 (kprobe) name=trace_inotify_f insn_cnt=29 hash=7108405d5be62a26 policy_hash=4b706947fdcac612 branch_profile_hash=7b22b49ec4dac951 license=GPL expected_attach=0 attach_btf_id=0 prog_btf_fd=163 attach_btf_obj_fd=0 attach_prog_fd=0
[554.460862 pid=12507 tid=12515] loadtime policy prog=trace_inotify_f policy_hash=4b706947fdcac612 branch_profile_hash=7b22b49ec4dac951 insn_cnt=29
[554.506464 pid=12507 tid=12515] loadtime step prog=trace_inotify_f step=wide_mem elapsed_ms=19
[554.506555 pid=12507 tid=12515] loadtime prog=trace_inotify_f produced no bytecode changes; passing original BPF_PROG_LOAD through
[554.506725 pid=12507 tid=12515]   PROG_LOAD -> fd=90 errno=0 kernel_prog_id=558
[554.507037 pid=12507 tid=12515] BPF_PROG_LOAD type=2 (kprobe) name=trace_ret_inoti insn_cnt=3674 hash=07a222bd015bae80 policy_hash=c29b0a1fd6211368 branch_profile_hash=b19cfc05753eb31e license=GPL expected_attach=0 attach_btf_id=0 prog_btf_fd=163 attach_btf_obj_fd=0 attach_prog_fd=0
[555.291307 pid=12507 tid=12515] loadtime policy prog=trace_ret_inoti policy_hash=c29b0a1fd6211368 branch_profile_hash=b19cfc05753eb31e insn_cnt=3674
[555.413067 pid=12507 tid=12515] loadtime step prog=trace_ret_inoti step=wide_mem elapsed_ms=77
[555.416512 pid=12507 tid=12515] loadtime optimized prog=trace_ret_inoti insns=3674->2962 maps=22 workdir=/workspaces/repository/corpus/results/x86_kvm_corpus_20260926_152627_089782/details/loadtime-workdirs/loadtime_12507_131
[555.428930 pid=12507 tid=12515]   PROG_LOAD -> fd=306 errno=0 kernel_prog_id=561
[555.429328 pid=12507 tid=12515] BPF_PROG_LOAD type=2 (kprobe) name=process_execute insn_cnt=2441 hash=d5d56856db84111d policy_hash=0e0ecc9ac9cd0183 branch_profile_hash=daabffaedc4d592c license=GPL expected_attach=0 attach_btf_id=0 prog_btf_fd=163 attach_btf_obj_fd=0 attach_prog_fd=0
[555.804515 pid=12507 tid=12515] loadtime policy prog=process_execute policy_hash=0e0ecc9ac9cd0183 branch_profile_hash=daabffaedc4d592c insn_cnt=2441
[555.941713 pid=12507 tid=12515] loadtime step prog=process_execute step=wide_mem elapsed_ms=76
[555.945454 pid=12507 tid=12515] loadtime optimized prog=process_execute insns=2441->2075 maps=8 workdir=/workspaces/repository/corpus/results/x86_kvm_corpus_20260926_152627_089782/details/loadtime-workdirs/loadtime_12507_132
[555.957698 pid=12507 tid=12515]   PROG_LOAD -> fd=256 errno=0 kernel_prog_id=564
[555.958570 pid=12507 tid=12515] BPF_PROG_LOAD type=2 (kprobe) name=trace_exec_binp insn_cnt=3523 hash=94dff62003dfc877 policy_hash=1fd66c0922a67d70 branch_profile_hash=ba21d08a4bdbfb92 license=GPL expected_attach=0 attach_btf_id=0 prog_btf_fd=163 attach_btf_obj_fd=0 attach_prog_fd=0
[556.584830 pid=12507 tid=12515] loadtime policy prog=trace_exec_binp policy_hash=1fd66c0922a67d70 branch_profile_hash=ba21d08a4bdbfb92 insn_cnt=3523
[556.740932 pid=12507 tid=12515] loadtime step prog=trace_exec_binp step=wide_mem elapsed_ms=102
[556.743783 pid=12507 tid=12515] loadtime optimized prog=trace_exec_binp insns=3523->2857 maps=21 workdir=/workspaces/repository/corpus/results/x86_kvm_corpus_20260926_152627_089782/details/loadtime-workdirs/loadtime_12507_133
[556.754773 pid=12507 tid=12515]   PROG_LOAD -> fd=307 errno=0 kernel_prog_id=567
[556.755519 pid=12507 tid=12515] BPF_PROG_LOAD type=2 (kprobe) name=trace_security_ insn_cnt=3554 hash=db0bf1b80a7271a5 policy_hash=bc2301faade704fa branch_profile_hash=ba87af4a637551d5 license=GPL expected_attach=0 attach_btf_id=0 prog_btf_fd=163 attach_btf_obj_fd=0 attach_prog_fd=0
[557.344180 pid=12507 tid=12515] loadtime policy prog=trace_security_ policy_hash=bc2301faade704fa branch_profile_hash=ba87af4a637551d5 insn_cnt=3554
[557.466863 pid=12507 tid=12515] loadtime step prog=trace_security_ step=wide_mem elapsed_ms=78
[557.470835 pid=12507 tid=12515] loadtime optimized prog=trace_security_ insns=3554->2962 maps=21 workdir=/workspaces/repository/corpus/results/x86_kvm_corpus_20260926_152627_089782/details/loadtime-workdirs/loadtime_12507_134
[557.483637 pid=12507 tid=12515]   PROG_LOAD -> fd=308 errno=0 kernel_prog_id=570
[557.484207 pid=12507 tid=12515] BPF_PROG_LOAD type=2 (kprobe) name=trace_execute_f insn_cnt=5077 hash=f59d05326e34d18e policy_hash=69f00f1ed8704f74 branch_profile_hash=3dee05a4fa204b19 license=GPL expected_attach=0 attach_btf_id=0 prog_btf_fd=163 attach_btf_obj_fd=0 attach_prog_fd=0
[557.746142 pid=12507 tid=12515] loadtime policy prog=trace_execute_f policy_hash=69f00f1ed8704f74 branch_profile_hash=3dee05a4fa204b19 insn_cnt=5077
[557.931255 pid=12507 tid=12515] loadtime step prog=trace_execute_f step=wide_mem elapsed_ms=138
[557.934998 pid=12507 tid=12515] loadtime optimized prog=trace_execute_f insns=5077->4418 maps=19 workdir=/workspaces/repository/corpus/results/x86_kvm_corpus_20260926_152627_089782/details/loadtime-workdirs/loadtime_12507_135
[557.941466 pid=12507 tid=12515]   PROG_LOAD -> fd=304 errno=0 kernel_prog_id=573
[557.942330 pid=12507 tid=12515] BPF_PROG_LOAD type=2 (kprobe) name=trace_security_ insn_cnt=3746 hash=f9f4f71024a1a026 policy_hash=52ee2998b8e3cd1a branch_profile_hash=792505e7ed3bc22b license=GPL expected_attach=0 attach_btf_id=0 prog_btf_fd=163 attach_btf_obj_fd=0 attach_prog_fd=0
[558.516319 pid=12507 tid=12515] loadtime policy prog=trace_security_ policy_hash=52ee2998b8e3cd1a branch_profile_hash=792505e7ed3bc22b insn_cnt=3746
[558.669719 pid=12507 tid=12515] loadtime step prog=trace_security_ step=wide_mem elapsed_ms=87
[558.673455 pid=12507 tid=12515] loadtime optimized prog=trace_security_ insns=3746->3016 maps=21 workdir=/workspaces/repository/corpus/results/x86_kvm_corpus_20260926_152627_089782/details/loadtime-workdirs/loadtime_12507_136
[558.688145 pid=12507 tid=12515]   PROG_LOAD -> fd=310 errno=0 kernel_prog_id=576
[558.688792 pid=12507 tid=12515] BPF_PROG_LOAD type=2 (kprobe) name=trace_set_fs_pw insn_cnt=3821 hash=efb0c5ca5b8d50cb policy_hash=74fa56fadc12e27f branch_profile_hash=9e93515f1715f130 license=GPL expected_attach=0 attach_btf_id=0 prog_btf_fd=163 attach_btf_obj_fd=0 attach_prog_fd=0
[559.226284 pid=12507 tid=12515] loadtime policy prog=trace_set_fs_pw policy_hash=74fa56fadc12e27f branch_profile_hash=9e93515f1715f130 insn_cnt=3821
[559.352461 pid=12507 tid=12515] loadtime step prog=trace_set_fs_pw step=wide_mem elapsed_ms=81
[559.356890 pid=12507 tid=12515] loadtime optimized prog=trace_set_fs_pw insns=3821->3038 maps=21 workdir=/workspaces/repository/corpus/results/x86_kvm_corpus_20260926_152627_089782/details/loadtime-workdirs/loadtime_12507_137
[559.370228 pid=12507 tid=12515]   PROG_LOAD -> fd=311 errno=0 kernel_prog_id=579
[559.370643 pid=12507 tid=12515] BPF_PROG_LOAD type=2 (kprobe) name=trace_security_ insn_cnt=1817 hash=b96ce248d19d2e88 policy_hash=522b432ddeb1ba72 branch_profile_hash=b9cc576ac50f3433 license=GPL expected_attach=0 attach_btf_id=0 prog_btf_fd=163 attach_btf_obj_fd=0 attach_prog_fd=0
[559.626919 pid=12507 tid=12515] loadtime policy prog=trace_security_ policy_hash=522b432ddeb1ba72 branch_profile_hash=b9cc576ac50f3433 insn_cnt=1817
[559.705781 pid=12507 tid=12515] loadtime step prog=trace_security_ step=wide_mem elapsed_ms=56
[559.708339 pid=12507 tid=12515] loadtime optimized prog=trace_security_ insns=1817->1476 maps=19 workdir=/workspaces/repository/corpus/results/x86_kvm_corpus_20260926_152627_089782/details/loadtime-workdirs/loadtime_12507_138
[559.709843 pid=12507 tid=12515]   PROG_LOAD -> fd=305 errno=0 kernel_prog_id=582
[559.710098 pid=12507 tid=12515] BPF_PROG_LOAD type=2 (kprobe) name=trace_security_ insn_cnt=1804 hash=800c5798a1434765 policy_hash=22d71277fcd327fb branch_profile_hash=a6b978ed9bf2c84a license=GPL expected_attach=0 attach_btf_id=0 prog_btf_fd=163 attach_btf_obj_fd=0 attach_prog_fd=0
[559.877014 pid=12507 tid=12515] loadtime policy prog=trace_security_ policy_hash=22d71277fcd327fb branch_profile_hash=a6b978ed9bf2c84a insn_cnt=1804
[559.959735 pid=12507 tid=12515] loadtime step prog=trace_security_ step=wide_mem elapsed_ms=60
[559.962367 pid=12507 tid=12515] loadtime optimized prog=trace_security_ insns=1804->1480 maps=19 workdir=/workspaces/repository/corpus/results/x86_kvm_corpus_20260926_152627_089782/details/loadtime-workdirs/loadtime_12507_139
[559.963874 pid=12507 tid=12515]   PROG_LOAD -> fd=309 errno=0 kernel_prog_id=585
[559.964155 pid=12507 tid=12515] BPF_PROG_LOAD type=2 (kprobe) name=trace_chmod_com insn_cnt=3572 hash=4ad69037b661859e policy_hash=b6d12adb62242baa branch_profile_hash=d1c6c057676aa9f9 license=GPL expected_attach=0 attach_btf_id=0 prog_btf_fd=163 attach_btf_obj_fd=0 attach_prog_fd=0
[560.376419 pid=12507 tid=12515] loadtime policy prog=trace_chmod_com policy_hash=b6d12adb62242baa branch_profile_hash=d1c6c057676aa9f9 insn_cnt=3572
[560.524905 pid=12507 tid=12515] loadtime step prog=trace_chmod_com step=wide_mem elapsed_ms=94
[560.527946 pid=12507 tid=12515] loadtime optimized prog=trace_chmod_com insns=3572->2914 maps=21 workdir=/workspaces/repository/corpus/results/x86_kvm_corpus_20260926_152627_089782/details/loadtime-workdirs/loadtime_12507_140
[560.544445 pid=12507 tid=12515]   PROG_LOAD -> fd=314 errno=0 kernel_prog_id=588
[560.545346 pid=12507 tid=12515] BPF_PROG_LOAD type=2 (kprobe) name=trace_security_ insn_cnt=9464 hash=d5c0b3428b92bd01 policy_hash=39c1dabee47bd011 branch_profile_hash=30f97782d39102dd license=GPL expected_attach=0 attach_btf_id=0 prog_btf_fd=163 attach_btf_obj_fd=0 attach_prog_fd=0
[560.977428 pid=12507 tid=12515] loadtime policy prog=trace_security_ policy_hash=39c1dabee47bd011 branch_profile_hash=30f97782d39102dd insn_cnt=9464
[561.343681 pid=12507 tid=12515] loadtime step prog=trace_security_ step=wide_mem elapsed_ms=225
[561.347343 pid=12507 tid=12515] loadtime optimized prog=trace_security_ insns=9464->7734 maps=21 workdir=/workspaces/repository/corpus/results/x86_kvm_corpus_20260926_152627_089782/details/loadtime-workdirs/loadtime_12507_141
[561.410086 pid=12507 tid=12515]   PROG_LOAD -> fd=315 errno=0 kernel_prog_id=591
[561.410798 pid=12507 tid=12515] BPF_PROG_LOAD type=2 (kprobe) name=syscall_checker insn_cnt=4728 hash=1a46d8050407e7ab policy_hash=e5a671ea1ef21f81 branch_profile_hash=7847712e17036408 license=GPL expected_attach=0 attach_btf_id=0 prog_btf_fd=163 attach_btf_obj_fd=0 attach_prog_fd=0
[561.636826 pid=12507 tid=12515] loadtime policy prog=syscall_checker policy_hash=e5a671ea1ef21f81 branch_profile_hash=7847712e17036408 insn_cnt=4728
[561.762322 pid=12507 tid=12515] loadtime step prog=syscall_checker step=wide_mem elapsed_ms=87
[561.765725 pid=12507 tid=12515] loadtime optimized prog=syscall_checker insns=4728->2361 maps=27 workdir=/workspaces/repository/corpus/results/x86_kvm_corpus_20260926_152627_089782/details/loadtime-workdirs/loadtime_12507_142
[561.771070 pid=12507 tid=12515]   PROG_LOAD -> fd=322 errno=0 kernel_prog_id=594
[561.771469 pid=12507 tid=12515] BPF_PROG_LOAD type=2 (kprobe) name=trace_security_ insn_cnt=1970 hash=65ae88f0e4ef8bb3 policy_hash=4bf639413b337227 branch_profile_hash=e1c5079e4f1f146a license=GPL expected_attach=0 attach_btf_id=0 prog_btf_fd=163 attach_btf_obj_fd=0 attach_prog_fd=0
[562.231401 pid=12507 tid=12515] loadtime policy prog=trace_security_ policy_hash=4bf639413b337227 branch_profile_hash=e1c5079e4f1f146a insn_cnt=1970
[562.332046 pid=12507 tid=12515] loadtime step prog=trace_security_ step=wide_mem elapsed_ms=60
[562.336966 pid=12507 tid=12515] loadtime optimized prog=trace_security_ insns=1970->1591 maps=21 workdir=/workspaces/repository/corpus/results/x86_kvm_corpus_20260926_152627_089782/details/loadtime-workdirs/loadtime_12507_143
[562.339675 pid=12507 tid=12515]   PROG_LOAD -> fd=316 errno=0 kernel_prog_id=597
[562.339973 pid=12507 tid=12515] BPF_PROG_LOAD type=2 (kprobe) name=trace_sock_allo insn_cnt=76 hash=7a626465770e2e41 policy_hash=11ecf04b5f4c7359 branch_profile_hash=c7e0f80fb03d9daa license=GPL expected_attach=0 attach_btf_id=0 prog_btf_fd=163 attach_btf_obj_fd=0 attach_prog_fd=0
[562.386132 pid=12507 tid=12515] loadtime policy prog=trace_sock_allo policy_hash=11ecf04b5f4c7359 branch_profile_hash=c7e0f80fb03d9daa insn_cnt=76
[562.439081 pid=12507 tid=12515] loadtime step prog=trace_sock_allo step=wide_mem elapsed_ms=21
[562.444301 pid=12507 tid=12515] loadtime optimized prog=trace_sock_allo insns=76->59 maps=1 workdir=/workspaces/repository/corpus/results/x86_kvm_corpus_20260926_152627_089782/details/loadtime-workdirs/loadtime_12507_144
[562.444610 pid=12507 tid=12515]   PROG_LOAD -> fd=249 errno=0 kernel_prog_id=600
[562.445155 pid=12507 tid=12515] BPF_PROG_LOAD type=2 (kprobe) name=trace_ret_sock_ insn_cnt=1686 hash=d3b6c154373027e2 policy_hash=517fcd3e27b50404 branch_profile_hash=e8521e528306d9a1 license=GPL expected_attach=0 attach_btf_id=0 prog_btf_fd=163 attach_btf_obj_fd=0 attach_prog_fd=0
[562.819568 pid=12507 tid=12515] loadtime policy prog=trace_ret_sock_ policy_hash=517fcd3e27b50404 branch_profile_hash=e8521e528306d9a1 insn_cnt=1686
[562.901362 pid=12507 tid=12515] loadtime step prog=trace_ret_sock_ step=wide_mem elapsed_ms=44
[562.904637 pid=12507 tid=12515] loadtime optimized prog=trace_ret_sock_ insns=1686->1339 maps=18 workdir=/workspaces/repository/corpus/results/x86_kvm_corpus_20260926_152627_089782/details/loadtime-workdirs/loadtime_12507_145
[562.906754 pid=12507 tid=12515]   PROG_LOAD -> fd=312 errno=0 kernel_prog_id=603
[562.907033 pid=12507 tid=12515] BPF_PROG_LOAD type=2 (kprobe) name=trace_security_ insn_cnt=69 hash=9eb89d4dcf659f21 policy_hash=1ea3205af042b8a8 branch_profile_hash=f7c0933b76d3cbbf license=GPL expected_attach=0 attach_btf_id=0 prog_btf_fd=163 attach_btf_obj_fd=0 attach_prog_fd=0
[562.950538 pid=12507 tid=12515] loadtime policy prog=trace_security_ policy_hash=1ea3205af042b8a8 branch_profile_hash=f7c0933b76d3cbbf insn_cnt=69
[562.983599 pid=12507 tid=12515] loadtime step prog=trace_security_ step=wide_mem elapsed_ms=15
[562.985978 pid=12507 tid=12515] loadtime optimized prog=trace_security_ insns=69->63 maps=2 workdir=/workspaces/repository/corpus/results/x86_kvm_corpus_20260926_152627_089782/details/loadtime-workdirs/loadtime_12507_146
[562.986561 pid=12507 tid=12515]   PROG_LOAD -> fd=251 errno=0 kernel_prog_id=606
[562.986815 pid=12507 tid=12515] BPF_PROG_LOAD type=2 (kprobe) name=trace_security_ insn_cnt=1731 hash=691782b70cae77ad policy_hash=32d974ea8ebcf3fb branch_profile_hash=91342d2ff6aff70d license=GPL expected_attach=0 attach_btf_id=0 prog_btf_fd=163 attach_btf_obj_fd=0 attach_prog_fd=0
[563.178429 pid=12507 tid=12515] loadtime policy prog=trace_security_ policy_hash=32d974ea8ebcf3fb branch_profile_hash=91342d2ff6aff70d insn_cnt=1731
[563.268861 pid=12507 tid=12515] loadtime step prog=trace_security_ step=wide_mem elapsed_ms=57
[563.271385 pid=12507 tid=12515] loadtime optimized prog=trace_security_ insns=1731->1378 maps=17 workdir=/workspaces/repository/corpus/results/x86_kvm_corpus_20260926_152627_089782/details/loadtime-workdirs/loadtime_12507_147
[563.273953 pid=12507 tid=12515]   PROG_LOAD -> fd=313 errno=0 kernel_prog_id=609
[563.274297 pid=12507 tid=12515] BPF_PROG_LOAD type=2 (kprobe) name=trace_security_ insn_cnt=1731 hash=691782b70cae77ad policy_hash=32d974ea8ebcf3fb branch_profile_hash=91342d2ff6aff70d license=GPL expected_attach=0 attach_btf_id=0 prog_btf_fd=163 attach_btf_obj_fd=0 attach_prog_fd=0
[563.480694 pid=12507 tid=12515] loadtime policy prog=trace_security_ policy_hash=32d974ea8ebcf3fb branch_profile_hash=91342d2ff6aff70d insn_cnt=1731
[563.566854 pid=12507 tid=12515] loadtime step prog=trace_security_ step=wide_mem elapsed_ms=53
[563.569433 pid=12507 tid=12515] loadtime optimized prog=trace_security_ insns=1731->1378 maps=17 workdir=/workspaces/repository/corpus/results/x86_kvm_corpus_20260926_152627_089782/details/loadtime-workdirs/loadtime_12507_148
[563.571993 pid=12507 tid=12515]   PROG_LOAD -> fd=317 errno=0 kernel_prog_id=612
[563.572315 pid=12507 tid=12515] BPF_PROG_LOAD type=2 (kprobe) name=cgroup_bpf_run_ insn_cnt=1105 hash=72d9703cdec45120 policy_hash=e531c97cd9efcfd7 branch_profile_hash=42adb65334dcbcb7 license=GPL expected_attach=0 attach_btf_id=0 prog_btf_fd=163 attach_btf_obj_fd=0 attach_prog_fd=0
[563.735512 pid=12507 tid=12515] loadtime policy prog=cgroup_bpf_run_ policy_hash=e531c97cd9efcfd7 branch_profile_hash=42adb65334dcbcb7 insn_cnt=1105
[563.793140 pid=12507 tid=12515] loadtime step prog=cgroup_bpf_run_ step=wide_mem elapsed_ms=31
[563.795756 pid=12507 tid=12515] loadtime optimized prog=cgroup_bpf_run_ insns=1105->871 maps=11 workdir=/workspaces/repository/corpus/results/x86_kvm_corpus_20260926_152627_089782/details/loadtime-workdirs/loadtime_12507_149
[563.797684 pid=12507 tid=12515]   PROG_LOAD -> fd=280 errno=0 kernel_prog_id=615
[563.798030 pid=12507 tid=12515] BPF_PROG_LOAD type=9 (cgroup_sock) name= insn_cnt=2 hash=58255400910d7827 policy_hash=58255400910d7827 branch_profile_hash=de07ed38c37628d2 license=GPL expected_attach=2 attach_btf_id=0 prog_btf_fd=0 attach_btf_obj_fd=0 attach_prog_fd=0
[563.817600 pid=12507 tid=12515] loadtime policy prog= policy_hash=58255400910d7827 branch_profile_hash=de07ed38c37628d2 insn_cnt=2
[563.850187 pid=12507 tid=12515] loadtime step prog= step=wide_mem elapsed_ms=16
[563.850262 pid=12507 tid=12515] loadtime prog= produced no bytecode changes; passing original BPF_PROG_LOAD through
[563.850376 pid=12507 tid=12515]   PROG_LOAD -> fd=93 errno=0 kernel_prog_id=618
[563.850658 pid=12507 tid=12515] BPF_PROG_LOAD type=8 (cgroup_skb) name=cgroup_skb_ingr insn_cnt=3602 hash=a26e52ffac0698e3 policy_hash=83ddf60fc9d065a9 branch_profile_hash=57f4c8002a345292 license=GPL expected_attach=0 attach_btf_id=0 prog_btf_fd=163 attach_btf_obj_fd=0 attach_prog_fd=0
[563.908812 pid=12507 tid=12515] loadtime policy prog=cgroup_skb_ingr policy_hash=83ddf60fc9d065a9 branch_profile_hash=57f4c8002a345292 insn_cnt=3602
[564.067774 pid=12507 tid=12515] loadtime step prog=cgroup_skb_ingr step=wide_mem elapsed_ms=122
[564.070761 pid=12507 tid=12515] loadtime optimized prog=cgroup_skb_ingr insns=3602->3427 maps=7 workdir=/workspaces/repository/corpus/results/x86_kvm_corpus_20260926_152627_089782/details/loadtime-workdirs/loadtime_12507_151
[564.075377 pid=12507 tid=12515]   PROG_LOAD -> fd=264 errno=0 kernel_prog_id=621
[564.075745 pid=12507 tid=12515] BPF_PROG_LOAD type=8 (cgroup_skb) name=cgroup_skb_egre insn_cnt=3602 hash=1e178e34d4c8e313 policy_hash=83ddf60fc9d065a9 branch_profile_hash=8fb04c14d3f91e7f license=GPL expected_attach=1 attach_btf_id=0 prog_btf_fd=163 attach_btf_obj_fd=0 attach_prog_fd=0
[564.128350 pid=12507 tid=12515] loadtime policy prog=cgroup_skb_egre policy_hash=83ddf60fc9d065a9 branch_profile_hash=8fb04c14d3f91e7f insn_cnt=3602
[564.268160 pid=12507 tid=12515] loadtime step prog=cgroup_skb_egre step=wide_mem elapsed_ms=103
[564.271061 pid=12507 tid=12515] loadtime optimized prog=cgroup_skb_egre insns=3602->3427 maps=7 workdir=/workspaces/repository/corpus/results/x86_kvm_corpus_20260926_152627_089782/details/loadtime-workdirs/loadtime_12507_152
[564.275630 pid=12507 tid=12515]   PROG_LOAD -> fd=265 errno=0 kernel_prog_id=624
[564.275987 pid=12507 tid=12515] BPF_PROG_LOAD type=17 (raw_tracepoint) name=cgroup_mkdir_si insn_cnt=200 hash=44c9791f8f5d8832 policy_hash=6eb796615127ac42 branch_profile_hash=964ebc852e443a11 license=GPL expected_attach=0 attach_btf_id=0 prog_btf_fd=163 attach_btf_obj_fd=0 attach_prog_fd=0
[564.386154 pid=12507 tid=12515] loadtime policy prog=cgroup_mkdir_si policy_hash=6eb796615127ac42 branch_profile_hash=964ebc852e443a11 insn_cnt=200
[564.424616 pid=12507 tid=12515] loadtime step prog=cgroup_mkdir_si step=wide_mem elapsed_ms=19
[564.426990 pid=12507 tid=12515] loadtime optimized prog=cgroup_mkdir_si insns=200->177 maps=4 workdir=/workspaces/repository/corpus/results/x86_kvm_corpus_20260926_152627_089782/details/loadtime-workdirs/loadtime_12507_153
[564.427265 pid=12507 tid=12515]   PROG_LOAD -> fd=254 errno=0 kernel_prog_id=627
[564.427603 pid=12507 tid=12515] BPF_PROG_LOAD type=17 (raw_tracepoint) name=cgroup_rmdir_si insn_cnt=195 hash=6c372d5d08077965 policy_hash=64fb37a241e5bf45 branch_profile_hash=4a68a635d8f35d2a license=GPL expected_attach=0 attach_btf_id=0 prog_btf_fd=163 attach_btf_obj_fd=0 attach_prog_fd=0
[564.541628 pid=12507 tid=12515] loadtime policy prog=cgroup_rmdir_si policy_hash=64fb37a241e5bf45 branch_profile_hash=4a68a635d8f35d2a insn_cnt=195
[564.576212 pid=12507 tid=12515] loadtime step prog=cgroup_rmdir_si step=wide_mem elapsed_ms=17
[564.578590 pid=12507 tid=12515] loadtime optimized prog=cgroup_rmdir_si insns=195->172 maps=4 workdir=/workspaces/repository/corpus/results/x86_kvm_corpus_20260926_152627_089782/details/loadtime-workdirs/loadtime_12507_154
[564.578892 pid=12507 tid=12515]   PROG_LOAD -> fd=255 errno=0 kernel_prog_id=630
[564.578989 pid=12507 tid=12515] BPF_PROG_LOAD type=2 (kprobe) name=empty_kprobe insn_cnt=2 hash=58255400910d7827 policy_hash=58255400910d7827 branch_profile_hash=07717532779d12b6 license=GPL expected_attach=0 attach_btf_id=0 prog_btf_fd=163 attach_btf_obj_fd=0 attach_prog_fd=0
[564.603139 pid=12507 tid=12515] loadtime policy prog=empty_kprobe policy_hash=58255400910d7827 branch_profile_hash=07717532779d12b6 insn_cnt=2
[564.631587 pid=12507 tid=12515] loadtime step prog=empty_kprobe step=wide_mem elapsed_ms=12
[564.631661 pid=12507 tid=12515] loadtime prog=empty_kprobe produced no bytecode changes; passing original BPF_PROG_LOAD through
[564.631786 pid=12507 tid=12515]   PROG_LOAD -> fd=93 errno=0 kernel_prog_id=633
[564.632331 pid=12507 tid=12515] BPF_PROG_LOAD type=17 (raw_tracepoint) name=tracepoint__exe insn_cnt=11832 hash=01654e89a6d084a3 policy_hash=7cc7dbc674eaf5cd branch_profile_hash=b9580d53409e7af5 license=GPL expected_attach=0 attach_btf_id=0 prog_btf_fd=163 attach_btf_obj_fd=0 attach_prog_fd=0
[565.030886 pid=12507 tid=12515] loadtime policy prog=tracepoint__exe policy_hash=7cc7dbc674eaf5cd branch_profile_hash=b9580d53409e7af5 insn_cnt=11832
[565.383538 pid=12507 tid=12515] loadtime step prog=tracepoint__exe step=wide_mem elapsed_ms=250
[565.388071 pid=12507 tid=12515] loadtime optimized prog=tracepoint__exe insns=11832->9777 maps=21 workdir=/workspaces/repository/corpus/results/x86_kvm_corpus_20260926_152627_089782/details/loadtime-workdirs/loadtime_12507_156
[565.417018 pid=12507 tid=12515]   PROG_LOAD -> fd=329 errno=0 kernel_prog_id=636
[565.417829 pid=12507 tid=12515] BPF_PROG_LOAD type=2 (kprobe) name=uprobe__feature insn_cnt=757 hash=2942c6e643ab5ac4 policy_hash=77ebb105cea1b116 branch_profile_hash=d6848319dea274ad license=GPL expected_attach=0 attach_btf_id=0 prog_btf_fd=163 attach_btf_obj_fd=0 attach_prog_fd=0
[565.630522 pid=12507 tid=12515] loadtime policy prog=uprobe__feature policy_hash=77ebb105cea1b116 branch_profile_hash=d6848319dea274ad insn_cnt=757
[565.676122 pid=12507 tid=12515] loadtime step prog=uprobe__feature step=wide_mem elapsed_ms=26
[565.678587 pid=12507 tid=12515] loadtime optimized prog=uprobe__feature insns=757->593 maps=9 workdir=/workspaces/repository/corpus/results/x86_kvm_corpus_20260926_152627_089782/details/loadtime-workdirs/loadtime_12507_157
[565.679077 pid=12507 tid=12515]   PROG_LOAD -> fd=299 errno=0 kernel_prog_id=639
[565.679476 pid=12507 tid=12515] BPF_PROG_LOAD type=2 (kprobe) name=uprobe__feature insn_cnt=454 hash=41625c2a0f03bcbc policy_hash=567d02f52ce12070 branch_profile_hash=8f840f10d0848fd0 license=GPL expected_attach=0 attach_btf_id=0 prog_btf_fd=163 attach_btf_obj_fd=0 attach_prog_fd=0
[565.799750 pid=12507 tid=12515] loadtime policy prog=uprobe__feature policy_hash=567d02f52ce12070 branch_profile_hash=8f840f10d0848fd0 insn_cnt=454
[565.840517 pid=12507 tid=12515] loadtime step prog=uprobe__feature step=wide_mem elapsed_ms=20
[565.842828 pid=12507 tid=12515] loadtime optimized prog=uprobe__feature insns=454->330 maps=6 workdir=/workspaces/repository/corpus/results/x86_kvm_corpus_20260926_152627_089782/details/loadtime-workdirs/loadtime_12507_158
[565.843133 pid=12507 tid=12515]   PROG_LOAD -> fd=285 errno=0 kernel_prog_id=642
[565.843286 pid=12507 tid=12515] BPF_PROG_LOAD type=2 (kprobe) name=uprobe__feature insn_cnt=454 hash=7db101bc456a53eb policy_hash=ca7d973efc7c8a37 branch_profile_hash=8f840f10d0848fd0 license=GPL expected_attach=0 attach_btf_id=0 prog_btf_fd=163 attach_btf_obj_fd=0 attach_prog_fd=0
[565.964732 pid=12507 tid=12515] loadtime policy prog=uprobe__feature policy_hash=ca7d973efc7c8a37 branch_profile_hash=8f840f10d0848fd0 insn_cnt=454
[566.003610 pid=12507 tid=12515] loadtime step prog=uprobe__feature step=wide_mem elapsed_ms=20
[566.006018 pid=12507 tid=12515] loadtime optimized prog=uprobe__feature insns=454->330 maps=6 workdir=/workspaces/repository/corpus/results/x86_kvm_corpus_20260926_152627_089782/details/loadtime-workdirs/loadtime_12507_159
[566.006312 pid=12507 tid=12515]   PROG_LOAD -> fd=287 errno=0 kernel_prog_id=645
[566.006511 pid=12507 tid=12515] BPF_PROG_LOAD type=2 (kprobe) name=uprobe__feature insn_cnt=454 hash=b0cad387ce5c7ade policy_hash=47fcce0fe5967fb2 branch_profile_hash=8f840f10d0848fd0 license=GPL expected_attach=0 attach_btf_id=0 prog_btf_fd=163 attach_btf_obj_fd=0 attach_prog_fd=0
[566.121985 pid=12507 tid=12515] loadtime policy prog=uprobe__feature policy_hash=47fcce0fe5967fb2 branch_profile_hash=8f840f10d0848fd0 insn_cnt=454
[566.163172 pid=12507 tid=12515] loadtime step prog=uprobe__feature step=wide_mem elapsed_ms=22
[566.165637 pid=12507 tid=12515] loadtime optimized prog=uprobe__feature insns=454->330 maps=6 workdir=/workspaces/repository/corpus/results/x86_kvm_corpus_20260926_152627_089782/details/loadtime-workdirs/loadtime_12507_160
[566.165912 pid=12507 tid=12515]   PROG_LOAD -> fd=295 errno=0 kernel_prog_id=648
[566.168273 pid=12507 tid=12515] BPF_MAP_CREATE type=1 key_size=4 value_size=64 max_entries=794 name=events_map_1
[566.168585 pid=12507 tid=12515]   MAP_CREATE -> fd=113 errno=0 kernel_map_id=465
[566.169395 pid=12507 tid=12515] BPF_MAP_CREATE type=1 key_size=4 value_size=16 max_entries=256 name=uid_filter_1
[566.169638 pid=12507 tid=12515]   MAP_CREATE -> fd=115 errno=0 kernel_map_id=466
[566.169920 pid=12507 tid=12515] BPF_MAP_CREATE type=1 key_size=4 value_size=16 max_entries=256 name=pid_filter_1
[566.170141 pid=12507 tid=12515]   MAP_CREATE -> fd=117 errno=0 kernel_map_id=467
[566.170429 pid=12507 tid=12515] BPF_MAP_CREATE type=1 key_size=4 value_size=16 max_entries=256 name=mnt_ns_filter_1
[566.170641 pid=12507 tid=12515]   MAP_CREATE -> fd=119 errno=0 kernel_map_id=468
[566.170893 pid=12507 tid=12515] BPF_MAP_CREATE type=1 key_size=4 value_size=16 max_entries=256 name=pid_ns_filter_1
[566.171006 pid=12507 tid=12515]   MAP_CREATE -> fd=121 errno=0 kernel_map_id=469
[566.171147 pid=12507 tid=12515] BPF_MAP_CREATE type=1 key_size=16 value_size=16 max_entries=256 name=uts_ns_filter_1
[566.171260 pid=12507 tid=12515]   MAP_CREATE -> fd=123 errno=0 kernel_map_id=470
[566.171381 pid=12507 tid=12515] BPF_MAP_CREATE type=1 key_size=16 value_size=16 max_entries=256 name=comm_filter_1
[566.171672 pid=12507 tid=12515]   MAP_CREATE -> fd=125 errno=0 kernel_map_id=471
[566.171924 pid=12507 tid=12515] BPF_MAP_CREATE type=1 key_size=4 value_size=16 max_entries=256 name=cgroup_id_filte
[566.172146 pid=12507 tid=12515]   MAP_CREATE -> fd=127 errno=0 kernel_map_id=472
[566.172286 pid=12507 tid=12515] BPF_MAP_CREATE type=1 key_size=4 value_size=16 max_entries=10240 name=process_tree_ma
[566.172532 pid=12507 tid=12515]   MAP_CREATE -> fd=129 errno=0 kernel_map_id=473
[566.172676 pid=12507 tid=12515] BPF_MAP_CREATE type=1 key_size=260 value_size=16 max_entries=256 name=binary_filter_1
[566.172793 pid=12507 tid=12515]   MAP_CREATE -> fd=131 errno=0 kernel_map_id=474
[566.173533 pid=12507 tid=12515] BPF_MAP_CREATE type=1 key_size=4 value_size=256 max_entries=1 name=policies_config
[566.173618 pid=12507 tid=12515]   MAP_CREATE -> fd=133 errno=0 kernel_map_id=475
[566.173911 pid=12507 tid=12515] perf_event_open type=1 config=10 config1=0 config2=0 pid=-1 cpu=0 group_fd=-1 flags=8 -> fd=135 errno=0
[566.174600 pid=12507 tid=12515] PERF_EVENT_IOC_ENABLE event_fd=135
[566.174742 pid=12507 tid=12515] perf_event_open type=1 config=10 config1=0 config2=0 pid=-1 cpu=1 group_fd=-1 flags=8 -> fd=136 errno=0
[566.175410 pid=12507 tid=12515] PERF_EVENT_IOC_ENABLE event_fd=136
[566.175540 pid=12507 tid=12515] perf_event_open type=1 config=10 config1=0 config2=0 pid=-1 cpu=2 group_fd=-1 flags=8 -> fd=137 errno=0
[566.176250 pid=12507 tid=12515] PERF_EVENT_IOC_ENABLE event_fd=137
[566.176488 pid=12507 tid=12515] perf_event_open type=1 config=10 config1=0 config2=0 pid=-1 cpu=3 group_fd=-1 flags=8 -> fd=138 errno=0
[566.177156 pid=12507 tid=12515] PERF_EVENT_IOC_ENABLE event_fd=138
[566.177279 pid=12507 tid=12515] perf_event_open type=1 config=10 config1=0 config2=0 pid=-1 cpu=4 group_fd=-1 flags=8 -> fd=139 errno=0
[566.178023 pid=12507 tid=12515] PERF_EVENT_IOC_ENABLE event_fd=139
[566.178281 pid=12507 tid=12515] perf_event_open type=1 config=10 config1=0 config2=0 pid=-1 cpu=5 group_fd=-1 flags=8 -> fd=140 errno=0
[566.178934 pid=12507 tid=12515] PERF_EVENT_IOC_ENABLE event_fd=140
[566.179152 pid=12507 tid=12515] perf_event_open type=1 config=10 config1=0 config2=0 pid=-1 cpu=6 group_fd=-1 flags=8 -> fd=141 errno=0
[566.179832 pid=12507 tid=12515] PERF_EVENT_IOC_ENABLE event_fd=141
[566.179947 pid=12507 tid=12515] perf_event_open type=1 config=10 config1=0 config2=0 pid=-1 cpu=7 group_fd=-1 flags=8 -> fd=142 errno=0
[566.180534 pid=12507 tid=12515] PERF_EVENT_IOC_ENABLE event_fd=142
[566.183067 pid=12507 tid=12515] perf_event_open type=1 config=10 config1=0 config2=0 pid=-1 cpu=0 group_fd=-1 flags=8 -> fd=144 errno=0
[566.183974 pid=12507 tid=12515] PERF_EVENT_IOC_ENABLE event_fd=144
[566.184226 pid=12507 tid=12515] perf_event_open type=1 config=10 config1=0 config2=0 pid=-1 cpu=1 group_fd=-1 flags=8 -> fd=145 errno=0
[566.185111 pid=12507 tid=12515] PERF_EVENT_IOC_ENABLE event_fd=145
[566.185422 pid=12507 tid=12515] perf_event_open type=1 config=10 config1=0 config2=0 pid=-1 cpu=2 group_fd=-1 flags=8 -> fd=146 errno=0
[566.186308 pid=12507 tid=12515] PERF_EVENT_IOC_ENABLE event_fd=146
[566.186517 pid=12507 tid=12515] perf_event_open type=1 config=10 config1=0 config2=0 pid=-1 cpu=3 group_fd=-1 flags=8 -> fd=147 errno=0
[566.187192 pid=12507 tid=12515] PERF_EVENT_IOC_ENABLE event_fd=147
[566.187293 pid=12507 tid=12515] perf_event_open type=1 config=10 config1=0 config2=0 pid=-1 cpu=4 group_fd=-1 flags=8 -> fd=148 errno=0
[566.187880 pid=12507 tid=12515] PERF_EVENT_IOC_ENABLE event_fd=148
[566.188084 pid=12507 tid=12515] perf_event_open type=1 config=10 config1=0 config2=0 pid=-1 cpu=5 group_fd=-1 flags=8 -> fd=149 errno=0
[566.188725 pid=12507 tid=12515] PERF_EVENT_IOC_ENABLE event_fd=149
[566.189008 pid=12507 tid=12515] perf_event_open type=1 config=10 config1=0 config2=0 pid=-1 cpu=6 group_fd=-1 flags=8 -> fd=150 errno=0
[566.189579 pid=12507 tid=12515] PERF_EVENT_IOC_ENABLE event_fd=150
[566.189697 pid=12507 tid=12515] perf_event_open type=1 config=10 config1=0 config2=0 pid=-1 cpu=7 group_fd=-1 flags=8 -> fd=151 errno=0
[566.190389 pid=12507 tid=12515] PERF_EVENT_IOC_ENABLE event_fd=151
[566.190665 pid=12507 tid=12515] perf_event_open type=1 config=10 config1=0 config2=0 pid=-1 cpu=0 group_fd=-1 flags=8 -> fd=153 errno=0
[566.191268 pid=12507 tid=12515] PERF_EVENT_IOC_ENABLE event_fd=153
[566.191487 pid=12507 tid=12515] perf_event_open type=1 config=10 config1=0 config2=0 pid=-1 cpu=1 group_fd=-1 flags=8 -> fd=154 errno=0
[566.192063 pid=12507 tid=12515] PERF_EVENT_IOC_ENABLE event_fd=154
[566.192195 pid=12507 tid=12515] perf_event_open type=1 config=10 config1=0 config2=0 pid=-1 cpu=2 group_fd=-1 flags=8 -> fd=155 errno=0
[566.192826 pid=12507 tid=12515] PERF_EVENT_IOC_ENABLE event_fd=155
[566.193027 pid=12507 tid=12515] perf_event_open type=1 config=10 config1=0 config2=0 pid=-1 cpu=3 group_fd=-1 flags=8 -> fd=156 errno=0
[566.193634 pid=12507 tid=12515] PERF_EVENT_IOC_ENABLE event_fd=156
[566.193723 pid=12507 tid=12515] perf_event_open type=1 config=10 config1=0 config2=0 pid=-1 cpu=4 group_fd=-1 flags=8 -> fd=157 errno=0
[566.194318 pid=12507 tid=12515] PERF_EVENT_IOC_ENABLE event_fd=157
[566.194492 pid=12507 tid=12515] perf_event_open type=1 config=10 config1=0 config2=0 pid=-1 cpu=5 group_fd=-1 flags=8 -> fd=158 errno=0
[566.195127 pid=12507 tid=12515] PERF_EVENT_IOC_ENABLE event_fd=158
[566.195428 pid=12507 tid=12515] perf_event_open type=1 config=10 config1=0 config2=0 pid=-1 cpu=6 group_fd=-1 flags=8 -> fd=159 errno=0
[566.196029 pid=12507 tid=12515] PERF_EVENT_IOC_ENABLE event_fd=159
[566.196151 pid=12507 tid=12515] perf_event_open type=1 config=10 config1=0 config2=0 pid=-1 cpu=7 group_fd=-1 flags=8 -> fd=160 errno=0
[566.196804 pid=12507 tid=12515] PERF_EVENT_IOC_ENABLE event_fd=160
[566.197193 pid=12507 tid=12515] perf_event_open type=1 config=10 config1=0 config2=0 pid=-1 cpu=0 group_fd=-1 flags=8 -> fd=162 errno=0
[566.197786 pid=12507 tid=12515] PERF_EVENT_IOC_ENABLE event_fd=162
[566.197910 pid=12507 tid=12515] perf_event_open type=1 config=10 config1=0 config2=0 pid=-1 cpu=1 group_fd=-1 flags=8 -> fd=179 errno=0
[566.198555 pid=12507 tid=12515] PERF_EVENT_IOC_ENABLE event_fd=179
[566.198721 pid=12507 tid=12515] perf_event_open type=1 config=10 config1=0 config2=0 pid=-1 cpu=2 group_fd=-1 flags=8 -> fd=204 errno=0
[566.199287 pid=12507 tid=12515] PERF_EVENT_IOC_ENABLE event_fd=204
[566.199515 pid=12507 tid=12515] perf_event_open type=1 config=10 config1=0 config2=0 pid=-1 cpu=3 group_fd=-1 flags=8 -> fd=210 errno=0
[566.200156 pid=12507 tid=12515] PERF_EVENT_IOC_ENABLE event_fd=210
[566.200277 pid=12507 tid=12515] perf_event_open type=1 config=10 config1=0 config2=0 pid=-1 cpu=4 group_fd=-1 flags=8 -> fd=211 errno=0
[566.200838 pid=12507 tid=12515] PERF_EVENT_IOC_ENABLE event_fd=211
[566.201018 pid=12507 tid=12515] perf_event_open type=1 config=10 config1=0 config2=0 pid=-1 cpu=5 group_fd=-1 flags=8 -> fd=214 errno=0
[566.201621 pid=12507 tid=12515] PERF_EVENT_IOC_ENABLE event_fd=214
[566.201779 pid=12507 tid=12515] perf_event_open type=1 config=10 config1=0 config2=0 pid=-1 cpu=6 group_fd=-1 flags=8 -> fd=215 errno=0
[566.202369 pid=12507 tid=12515] PERF_EVENT_IOC_ENABLE event_fd=215
[566.202463 pid=12507 tid=12515] perf_event_open type=1 config=10 config1=0 config2=0 pid=-1 cpu=7 group_fd=-1 flags=8 -> fd=216 errno=0
[566.203071 pid=12507 tid=12515] PERF_EVENT_IOC_ENABLE event_fd=216
[566.206392 pid=12507 tid=12515] perf_event_open type=8 config=0 config1=139864671657440 config2=0 pid=-1 cpu=0 group_fd=-1 flags=8 kprobe_func=security_socket_bind kprobe_addr=0 -> fd=218 errno=0
[566.206525 pid=12507 tid=12515] BPF_PROG_LOAD type=5 (tracepoint) name= insn_cnt=2 hash=58255400910d7827 policy_hash=58255400910d7827 branch_profile_hash=ade3dc05a46d255e license=GPL expected_attach=0 attach_btf_id=0 prog_btf_fd=0 attach_btf_obj_fd=0 attach_prog_fd=0
[566.224372 pid=12507 tid=12515] loadtime policy prog= policy_hash=58255400910d7827 branch_profile_hash=ade3dc05a46d255e insn_cnt=2
[566.253879 pid=12507 tid=12515] loadtime step prog= step=wide_mem elapsed_ms=12
[566.253955 pid=12507 tid=12515] loadtime prog= produced no bytecode changes; passing original BPF_PROG_LOAD through
[566.254058 pid=12507 tid=12515]   PROG_LOAD -> fd=221 errno=0 kernel_prog_id=651
[566.254134 pid=12507 tid=12515] BPF_LINK_CREATE prog_fd=221 target_fd=4294967295 attach_type=41 flags=0
[566.254202 pid=12507 tid=12515]   LINK_CREATE -> fd=-1 errno=9 kernel_link_id=0
[566.254306 pid=12507 tid=12515] BPF_LINK_CREATE prog_fd=246 target_fd=218 attach_type=41 flags=0
[566.254378 pid=12507 tid=12515] BPF_PERF_EVENT target retained target_fd=218 hold_fd=227 link_fd=221
[566.254452 pid=12507 tid=12515] BPF_TASK_FD_QUERY target_fd=218 attach_type=41 -> ret=0 errno=0 fd_type=2 prog_id=393 probe_offset=0 probe_addr=18446744072528006752 symbol=security_socket_bind
[566.254514 pid=12507 tid=12515]   LINK_CREATE -> fd=221 errno=0 kernel_link_id=142
[566.254585 pid=12507 tid=12515] PERF_EVENT_IOC_ENABLE event_fd=218
[566.257059 pid=12507 tid=12515] perf_event_open type=8 config=0 config1=139864671657440 config2=0 pid=-1 cpu=0 group_fd=-1 flags=8 kprobe_func=security_socket_connect kprobe_addr=0 -> fd=228 errno=0
[566.257372 pid=12507 tid=12515] BPF_LINK_CREATE prog_fd=243 target_fd=228 attach_type=41 flags=0
[566.257618 pid=12507 tid=12515] BPF_PERF_EVENT target retained target_fd=228 hold_fd=252 link_fd=250
[566.257852 pid=12507 tid=12515] BPF_TASK_FD_QUERY target_fd=228 attach_type=41 -> ret=0 errno=0 fd_type=2 prog_id=387 probe_offset=0 probe_addr=18446744072528006992 symbol=security_socket_connect
[566.258070 pid=12507 tid=12515]   LINK_CREATE -> fd=250 errno=0 kernel_link_id=143
[566.258338 pid=12507 tid=12515] PERF_EVENT_IOC_ENABLE event_fd=228
[566.261233 pid=12507 tid=12515] perf_event_open type=8 config=0 config1=139864671657440 config2=0 pid=-1 cpu=0 group_fd=-1 flags=8 kprobe_func=security_mmap_file kprobe_addr=0 -> fd=253 errno=0
[566.261397 pid=12507 tid=12515] BPF_LINK_CREATE prog_fd=282 target_fd=253 attach_type=41 flags=0
[566.261520 pid=12507 tid=12515] BPF_PERF_EVENT target retained target_fd=253 hold_fd=269 link_fd=259
[566.261602 pid=12507 tid=12515] BPF_TASK_FD_QUERY target_fd=253 attach_type=41 -> ret=0 errno=0 fd_type=2 prog_id=477 probe_offset=0 probe_addr=18446744072527992688 symbol=security_mmap_file
[566.261680 pid=12507 tid=12515]   LINK_CREATE -> fd=259 errno=0 kernel_link_id=144
[566.261742 pid=12507 tid=12515] PERF_EVENT_IOC_ENABLE event_fd=253
[566.263606 pid=12507 tid=12515] perf_event_open type=8 config=1 config1=139864671657440 config2=0 pid=-1 cpu=0 group_fd=-1 flags=8 kprobe_func=__x64_sys_dup kprobe_addr=0 -> fd=274 errno=0
[566.263745 pid=12507 tid=12515] BPF_LINK_CREATE prog_fd=198 target_fd=274 attach_type=41 flags=0
[566.263846 pid=12507 tid=12515] BPF_PERF_EVENT target retained target_fd=274 hold_fd=318 link_fd=300
[566.263916 pid=12507 tid=12515] BPF_TASK_FD_QUERY target_fd=274 attach_type=41 -> ret=0 errno=0 fd_type=3 prog_id=240 probe_offset=0 probe_addr=18446744072525260976 symbol=__x64_sys_dup
[566.263984 pid=12507 tid=12515]   LINK_CREATE -> fd=300 errno=0 kernel_link_id=145
[566.264055 pid=12507 tid=12515] PERF_EVENT_IOC_ENABLE event_fd=274
[566.266016 pid=12507 tid=12515] perf_event_open type=8 config=1 config1=139864671657440 config2=0 pid=-1 cpu=0 group_fd=-1 flags=8 kprobe_func=__ia32_sys_dup kprobe_addr=0 -> fd=319 errno=0
[566.266400 pid=12507 tid=12515] BPF_LINK_CREATE prog_fd=198 target_fd=319 attach_type=41 flags=0
[566.266669 pid=12507 tid=12515] BPF_PERF_EVENT target retained target_fd=319 hold_fd=321 link_fd=320
[566.266903 pid=12507 tid=12515] BPF_TASK_FD_QUERY target_fd=319 attach_type=41 -> ret=0 errno=0 fd_type=3 prog_id=240 probe_offset=0 probe_addr=18446744072525260736 symbol=__ia32_sys_dup
[566.267006 pid=12507 tid=12515]   LINK_CREATE -> fd=320 errno=0 kernel_link_id=146
[566.267131 pid=12507 tid=12515] PERF_EVENT_IOC_ENABLE event_fd=319
[566.330454 pid=12507 tid=12518] perf_event_open type=9 config=0 config1=139864737582272 config2=29045248 pid=-1 cpu=0 group_fd=-1 flags=8 uprobe_path=/proc/self/exe probe_offset=29045248 -> fd=324 errno=0
[566.330833 pid=12507 tid=12518] BPF_LINK_CREATE prog_fd=299 target_fd=324 attach_type=41 flags=0
[566.331182 pid=12507 tid=12518] BPF_PERF_EVENT target retained target_fd=324 hold_fd=326 link_fd=325
[566.331594 pid=12507 tid=12518] BPF_TASK_FD_QUERY target_fd=324 attach_type=41 -> ret=0 errno=0 fd_type=4 prog_id=639 probe_offset=29045248 probe_addr=0 symbol=/proc/self/exe
[566.331891 pid=12507 tid=12518]   LINK_CREATE -> fd=325 errno=0 kernel_link_id=147
[566.332219 pid=12507 tid=12518] PERF_EVENT_IOC_ENABLE event_fd=324
[566.337793 pid=12507 tid=12518] perf_event_open type=8 config=0 config1=139864737583872 config2=0 pid=-1 cpu=0 group_fd=-1 flags=8 kprobe_func=security_socket_setsockopt kprobe_addr=0 -> fd=323 errno=0
[566.338068 pid=12507 tid=12518] BPF_LINK_CREATE prog_fd=248 target_fd=323 attach_type=41 flags=0
[566.338365 pid=12507 tid=12518] BPF_PERF_EVENT target retained target_fd=323 hold_fd=328 link_fd=327
[566.338595 pid=12507 tid=12518] BPF_TASK_FD_QUERY target_fd=323 attach_type=41 -> ret=0 errno=0 fd_type=2 prog_id=396 probe_offset=0 probe_addr=18446744072528008736 symbol=security_socket_setsockopt
[566.338811 pid=12507 tid=12518]   LINK_CREATE -> fd=327 errno=0 kernel_link_id=148
[566.339051 pid=12507 tid=12518] PERF_EVENT_IOC_ENABLE event_fd=323
[566.339173 pid=12507 tid=12518] BPF_RAW_TRACEPOINT_OPEN name=cgroup_mkdir prog_fd=230
[566.339611 pid=12507 tid=12518]   RAW_TRACEPOINT_OPEN -> fd=330 errno=0
[566.342873 pid=12507 tid=12518] perf_event_open type=8 config=0 config1=139864737585024 config2=0 pid=-1 cpu=0 group_fd=-1 flags=8 kprobe_func=security_task_setrlimit kprobe_addr=0 -> fd=331 errno=0
[566.343146 pid=12507 tid=12518] BPF_LINK_CREATE prog_fd=305 target_fd=331 attach_type=41 flags=0
[566.343425 pid=12507 tid=12518] BPF_PERF_EVENT target retained target_fd=331 hold_fd=333 link_fd=332
[566.343702 pid=12507 tid=12518] BPF_TASK_FD_QUERY target_fd=331 attach_type=41 -> ret=0 errno=0 fd_type=2 prog_id=582 probe_offset=0 probe_addr=18446744072527999184 symbol=security_task_setrlimit
[566.343935 pid=12507 tid=12518]   LINK_CREATE -> fd=332 errno=0 kernel_link_id=150
[566.344173 pid=12507 tid=12518] PERF_EVENT_IOC_ENABLE event_fd=331
[566.346904 pid=12507 tid=12518] perf_event_open type=8 config=0 config1=139864737585296 config2=0 pid=-1 cpu=0 group_fd=-1 flags=8 kprobe_func=__cgroup_bpf_run_filter_skb kprobe_addr=0 -> fd=334 errno=0
[566.347217 pid=12507 tid=12518] BPF_LINK_CREATE prog_fd=280 target_fd=334 attach_type=41 flags=0
[566.347434 pid=12507 tid=12518] BPF_PERF_EVENT target retained target_fd=334 hold_fd=336 link_fd=335
[566.347661 pid=12507 tid=12518] BPF_TASK_FD_QUERY target_fd=334 attach_type=41 -> ret=0 errno=0 fd_type=2 prog_id=615 probe_offset=0 probe_addr=18446744072523611472 symbol=__cgroup_bpf_run_filter_skb
[566.347940 pid=12507 tid=12518]   LINK_CREATE -> fd=335 errno=0 kernel_link_id=151
[566.348211 pid=12507 tid=12518] PERF_EVENT_IOC_ENABLE event_fd=334
[566.350492 pid=12507 tid=12518] perf_event_open type=8 config=1 config1=139864737586432 config2=0 pid=-1 cpu=0 group_fd=-1 flags=8 kprobe_func=__x64_sys_process_vm_writev kprobe_addr=0 -> fd=337 errno=0
[566.350759 pid=12507 tid=12518] BPF_LINK_CREATE prog_fd=194 target_fd=337 attach_type=41 flags=0
[566.350980 pid=12507 tid=12518] BPF_PERF_EVENT target retained target_fd=337 hold_fd=339 link_fd=338
[566.351057 pid=12507 tid=12518] BPF_TASK_FD_QUERY target_fd=337 attach_type=41 -> ret=0 errno=0 fd_type=3 prog_id=228 probe_offset=0 probe_addr=18446744072524411264 symbol=__x64_sys_process_vm_writev
[566.351315 pid=12507 tid=12518]   LINK_CREATE -> fd=338 errno=0 kernel_link_id=152
[566.351551 pid=12507 tid=12518] PERF_EVENT_IOC_ENABLE event_fd=337
[566.353980 pid=12507 tid=12518] perf_event_open type=8 config=1 config1=139864737587536 config2=0 pid=-1 cpu=0 group_fd=-1 flags=8 kprobe_func=__ia32_sys_process_vm_writev kprobe_addr=0 -> fd=340 errno=0
[566.354226 pid=12507 tid=12518] BPF_LINK_CREATE prog_fd=194 target_fd=340 attach_type=41 flags=0
[566.354532 pid=12507 tid=12518] BPF_PERF_EVENT target retained target_fd=340 hold_fd=342 link_fd=341
[566.354774 pid=12507 tid=12518] BPF_TASK_FD_QUERY target_fd=340 attach_type=41 -> ret=0 errno=0 fd_type=3 prog_id=228 probe_offset=0 probe_addr=18446744072524411328 symbol=__ia32_sys_process_vm_writev
[566.354989 pid=12507 tid=12518]   LINK_CREATE -> fd=341 errno=0 kernel_link_id=153
[566.355194 pid=12507 tid=12518] PERF_EVENT_IOC_ENABLE event_fd=340
[566.357549 pid=12507 tid=12518] perf_event_open type=8 config=1 config1=139864737588672 config2=0 pid=-1 cpu=0 group_fd=-1 flags=8 kprobe_func=__ia32_compat_sys_process_vm_writev kprobe_addr=0 -> fd=343 errno=0
[566.357804 pid=12507 tid=12518] BPF_LINK_CREATE prog_fd=194 target_fd=343 attach_type=41 flags=0
[566.358028 pid=12507 tid=12518] BPF_PERF_EVENT target retained target_fd=343 hold_fd=345 link_fd=344
[566.358116 pid=12507 tid=12518] BPF_TASK_FD_QUERY target_fd=343 attach_type=41 -> ret=0 errno=0 fd_type=3 prog_id=228 probe_offset=0 probe_addr=18446744072521468736 symbol=__ia32_compat_sys_process_vm_writev
[566.358350 pid=12507 tid=12518]   LINK_CREATE -> fd=344 errno=0 kernel_link_id=154
[566.358423 pid=12507 tid=12518] PERF_EVENT_IOC_ENABLE event_fd=343
[566.360431 pid=12507 tid=12518] perf_event_open type=8 config=0 config1=139864737590928 config2=0 pid=-1 cpu=0 group_fd=-1 flags=8 kprobe_func=call_usermodehelper kprobe_addr=0 -> fd=346 errno=0
[566.360591 pid=12507 tid=12518] BPF_LINK_CREATE prog_fd=225 target_fd=346 attach_type=41 flags=0
[566.360799 pid=12507 tid=12518] BPF_PERF_EVENT target retained target_fd=346 hold_fd=348 link_fd=347
[566.360878 pid=12507 tid=12518] BPF_TASK_FD_QUERY target_fd=346 attach_type=41 -> ret=0 errno=0 fd_type=2 prog_id=327 probe_offset=0 probe_addr=18446744072521382160 symbol=call_usermodehelper
[566.360947 pid=12507 tid=12518]   LINK_CREATE -> fd=347 errno=0 kernel_link_id=155
[566.361011 pid=12507 tid=12518] PERF_EVENT_IOC_ENABLE event_fd=346
[566.362903 pid=12507 tid=12518] perf_event_open type=8 config=0 config1=139864737590928 config2=18446744072525702752 pid=-1 cpu=0 group_fd=-1 flags=8 kprobe_func= kprobe_addr=18446744072525702752 -> fd=349 errno=0
[566.363013 pid=12507 tid=12518] BPF_LINK_CREATE prog_fd=294 target_fd=349 attach_type=41 flags=0
[566.363257 pid=12507 tid=12518] BPF_PERF_EVENT target retained target_fd=349 hold_fd=351 link_fd=350
[566.363331 pid=12507 tid=12518] BPF_TASK_FD_QUERY target_fd=349 attach_type=41 -> ret=0 errno=0 fd_type=2 prog_id=528 probe_offset=0 probe_addr=18446744072525702752 symbol=
[566.363539 pid=12507 tid=12518]   LINK_CREATE -> fd=350 errno=0 kernel_link_id=156
[566.363599 pid=12507 tid=12518] PERF_EVENT_IOC_ENABLE event_fd=349
[566.365013 pid=12507 tid=12518] perf_event_open type=8 config=0 config1=139864737590928 config2=18446744072525691776 pid=-1 cpu=0 group_fd=-1 flags=8 kprobe_func= kprobe_addr=18446744072525691776 -> fd=352 errno=0
[566.365124 pid=12507 tid=12518] BPF_LINK_CREATE prog_fd=294 target_fd=352 attach_type=41 flags=0
[566.365604 pid=12507 tid=12518] BPF_PERF_EVENT target retained target_fd=352 hold_fd=354 link_fd=353
[566.365674 pid=12507 tid=12518] BPF_TASK_FD_QUERY target_fd=352 attach_type=41 -> ret=0 errno=0 fd_type=2 prog_id=528 probe_offset=0 probe_addr=18446744072525691776 symbol=
[566.365855 pid=12507 tid=12518]   LINK_CREATE -> fd=353 errno=0 kernel_link_id=157
[566.365922 pid=12507 tid=12518] PERF_EVENT_IOC_ENABLE event_fd=352
[566.366103 pid=12507 tid=12518] BPF_RAW_TRACEPOINT_OPEN name=sched_process_exit prog_fd=219
[566.366368 pid=12507 tid=12518]   RAW_TRACEPOINT_OPEN -> fd=355 errno=0
[566.368329 pid=12507 tid=12518] perf_event_open type=8 config=0 config1=139864737590928 config2=0 pid=-1 cpu=0 group_fd=-1 flags=8 kprobe_func=vfs_readv kprobe_addr=0 -> fd=356 errno=0
[566.368481 pid=12507 tid=12518] BPF_LINK_CREATE prog_fd=69 target_fd=356 attach_type=41 flags=0
[566.368575 pid=12507 tid=12518] BPF_PERF_EVENT target retained target_fd=356 hold_fd=358 link_fd=357
[566.368674 pid=12507 tid=12518] BPF_TASK_FD_QUERY target_fd=356 attach_type=41 -> ret=0 errno=0 fd_type=2 prog_id=459 probe_offset=0 probe_addr=18446744072525067840 symbol=vfs_readv
[566.368771 pid=12507 tid=12518]   LINK_CREATE -> fd=357 errno=0 kernel_link_id=159
[566.368871 pid=12507 tid=12518] PERF_EVENT_IOC_ENABLE event_fd=356
[566.370464 pid=12507 tid=12518] perf_event_open type=8 config=0 config1=139864737590928 config2=0 pid=-1 cpu=0 group_fd=-1 flags=8 kprobe_func=commit_creds kprobe_addr=0 -> fd=359 errno=0
[566.370595 pid=12507 tid=12518] BPF_LINK_CREATE prog_fd=232 target_fd=359 attach_type=41 flags=0
[566.370687 pid=12507 tid=12518] BPF_PERF_EVENT target retained target_fd=359 hold_fd=361 link_fd=360
[566.370786 pid=12507 tid=12518] BPF_TASK_FD_QUERY target_fd=359 attach_type=41 -> ret=0 errno=0 fd_type=2 prog_id=360 probe_offset=0 probe_addr=18446744072521492240 symbol=commit_creds
[566.370883 pid=12507 tid=12518]   LINK_CREATE -> fd=360 errno=0 kernel_link_id=160
[566.370955 pid=12507 tid=12518] PERF_EVENT_IOC_ENABLE event_fd=359
[566.372980 pid=12507 tid=12518] perf_event_open type=8 config=1 config1=139864737590928 config2=0 pid=-1 cpu=0 group_fd=-1 flags=8 kprobe_func=vfs_writev kprobe_addr=0 -> fd=362 errno=0
[566.373261 pid=12507 tid=12518] BPF_LINK_CREATE prog_fd=261 target_fd=362 attach_type=41 flags=0
[566.373528 pid=12507 tid=12518] BPF_PERF_EVENT target retained target_fd=362 hold_fd=364 link_fd=363
[566.373736 pid=12507 tid=12518] BPF_TASK_FD_QUERY target_fd=362 attach_type=41 -> ret=0 errno=0 fd_type=3 prog_id=426 probe_offset=0 probe_addr=18446744072525069984 symbol=vfs_writev
[566.373808 pid=12507 tid=12518]   LINK_CREATE -> fd=363 errno=0 kernel_link_id=161
[566.373879 pid=12507 tid=12518] PERF_EVENT_IOC_ENABLE event_fd=362
[566.373954 pid=12507 tid=12518] BPF_RAW_TRACEPOINT_OPEN name=cgroup_attach_task prog_fd=229
[566.374173 pid=12507 tid=12518]   RAW_TRACEPOINT_OPEN -> fd=365 errno=0
[566.376680 pid=12507 tid=12518] perf_event_open type=8 config=0 config1=139864737590928 config2=0 pid=-1 cpu=0 group_fd=-1 flags=8 kprobe_func=do_exit kprobe_addr=0 -> fd=366 errno=0
[566.376911 pid=12507 tid=12518] BPF_LINK_CREATE prog_fd=226 target_fd=366 attach_type=41 flags=0
[566.377235 pid=12507 tid=12518] BPF_PERF_EVENT target retained target_fd=366 hold_fd=368 link_fd=367
[566.377499 pid=12507 tid=12518] BPF_TASK_FD_QUERY target_fd=366 attach_type=41 -> ret=0 errno=0 fd_type=2 prog_id=330 probe_offset=0 probe_addr=18446744072521266496 symbol=do_exit
[566.377728 pid=12507 tid=12518]   LINK_CREATE -> fd=367 errno=0 kernel_link_id=163
[566.377801 pid=12507 tid=12518] PERF_EVENT_IOC_ENABLE event_fd=366
[566.380540 pid=12507 tid=12518] perf_event_open type=8 config=0 config1=139864737590928 config2=0 pid=-1 cpu=0 group_fd=-1 flags=8 kprobe_func=sock_alloc_file kprobe_addr=0 -> fd=369 errno=0
[566.380695 pid=12507 tid=12518] BPF_LINK_CREATE prog_fd=249 target_fd=369 attach_type=41 flags=0
[566.380803 pid=12507 tid=12518] BPF_PERF_EVENT target retained target_fd=369 hold_fd=371 link_fd=370
[566.380869 pid=12507 tid=12518] BPF_TASK_FD_QUERY target_fd=369 attach_type=41 -> ret=0 errno=0 fd_type=2 prog_id=600 probe_offset=0 probe_addr=18446744072532009616 symbol=sock_alloc_file
[566.380937 pid=12507 tid=12518]   LINK_CREATE -> fd=370 errno=0 kernel_link_id=164
[566.381007 pid=12507 tid=12518] PERF_EVENT_IOC_ENABLE event_fd=369
[566.381083 pid=12507 tid=12518] BPF_RAW_TRACEPOINT_OPEN name=sched_process_exec prog_fd=182
[566.381846 pid=12507 tid=12518]   RAW_TRACEPOINT_OPEN -> fd=372 errno=0
[566.384295 pid=12507 tid=12518] perf_event_open type=8 config=0 config1=139864737590928 config2=0 pid=-1 cpu=0 group_fd=-1 flags=8 kprobe_func=security_sb_umount kprobe_addr=0 -> fd=373 errno=0
[566.384466 pid=12507 tid=12518] BPF_LINK_CREATE prog_fd=316 target_fd=373 attach_type=41 flags=0
[566.384567 pid=12507 tid=12518] BPF_PERF_EVENT target retained target_fd=373 hold_fd=375 link_fd=374
[566.384636 pid=12507 tid=12518] BPF_TASK_FD_QUERY target_fd=373 attach_type=41 -> ret=0 errno=0 fd_type=2 prog_id=597 probe_offset=0 probe_addr=18446744072527980560 symbol=security_sb_umount
[566.384705 pid=12507 tid=12518]   LINK_CREATE -> fd=374 errno=0 kernel_link_id=166
[566.384775 pid=12507 tid=12518] PERF_EVENT_IOC_ENABLE event_fd=373
[566.387422 pid=12507 tid=12518] perf_event_open type=8 config=1 config1=139864737590928 config2=0 pid=-1 cpu=0 group_fd=-1 flags=8 kprobe_func=__x64_sys_execveat kprobe_addr=0 -> fd=376 errno=0
[566.387748 pid=12507 tid=12518] BPF_LINK_CREATE prog_fd=304 target_fd=376 attach_type=41 flags=0
[566.388000 pid=12507 tid=12518] BPF_PERF_EVENT target retained target_fd=376 hold_fd=378 link_fd=377
[566.388275 pid=12507 tid=12518] BPF_TASK_FD_QUERY target_fd=376 attach_type=41 -> ret=0 errno=0 fd_type=3 prog_id=573 probe_offset=0 probe_addr=18446744072525122640 symbol=__x64_sys_execveat
[566.388547 pid=12507 tid=12518]   LINK_CREATE -> fd=377 errno=0 kernel_link_id=167
[566.388848 pid=12507 tid=12518] PERF_EVENT_IOC_ENABLE event_fd=376
[566.390938 pid=12507 tid=12518] perf_event_open type=8 config=0 config1=139864737590928 config2=0 pid=-1 cpu=0 group_fd=-1 flags=8 kprobe_func=do_sigaction kprobe_addr=0 -> fd=379 errno=0
[566.391097 pid=12507 tid=12518] BPF_LINK_CREATE prog_fd=296 target_fd=379 attach_type=41 flags=0
[566.391203 pid=12507 tid=12518] BPF_PERF_EVENT target retained target_fd=379 hold_fd=381 link_fd=380
[566.391308 pid=12507 tid=12518] BPF_TASK_FD_QUERY target_fd=379 attach_type=41 -> ret=0 errno=0 fd_type=2 prog_id=546 probe_offset=0 probe_addr=18446744072521349536 symbol=do_sigaction
[566.391405 pid=12507 tid=12518]   LINK_CREATE -> fd=380 errno=0 kernel_link_id=168
[566.391471 pid=12507 tid=12518] PERF_EVENT_IOC_ENABLE event_fd=379
[566.393861 pid=12507 tid=12518] perf_event_open type=8 config=0 config1=139864737590928 config2=0 pid=-1 cpu=0 group_fd=-1 flags=8 kprobe_func=security_task_prctl kprobe_addr=0 -> fd=382 errno=0
[566.394027 pid=12507 tid=12518] BPF_LINK_CREATE prog_fd=315 target_fd=382 attach_type=41 flags=0
[566.394094 pid=12507 tid=12518] BPF_PERF_EVENT target retained target_fd=382 hold_fd=384 link_fd=383
[566.394163 pid=12507 tid=12518] BPF_TASK_FD_QUERY target_fd=382 attach_type=41 -> ret=0 errno=0 fd_type=2 prog_id=591 probe_offset=0 probe_addr=18446744072528000240 symbol=security_task_prctl
[566.394231 pid=12507 tid=12518]   LINK_CREATE -> fd=383 errno=0 kernel_link_id=169
[566.394302 pid=12507 tid=12518] PERF_EVENT_IOC_ENABLE event_fd=382
[566.396364 pid=12507 tid=12518] perf_event_open type=8 config=0 config1=139864737590928 config2=0 pid=-1 cpu=0 group_fd=-1 flags=8 kprobe_func=vfs_read kprobe_addr=0 -> fd=385 errno=0
[566.396498 pid=12507 tid=12518] BPF_LINK_CREATE prog_fd=66 target_fd=385 attach_type=41 flags=0
[566.396594 pid=12507 tid=12518] BPF_PERF_EVENT target retained target_fd=385 hold_fd=387 link_fd=386
[566.396695 pid=12507 tid=12518] BPF_TASK_FD_QUERY target_fd=385 attach_type=41 -> ret=0 errno=0 fd_type=2 prog_id=450 probe_offset=0 probe_addr=18446744072525074944 symbol=vfs_read
[566.396763 pid=12507 tid=12518]   LINK_CREATE -> fd=386 errno=0 kernel_link_id=170
[566.396835 pid=12507 tid=12518] PERF_EVENT_IOC_ENABLE event_fd=385
[566.396915 pid=12507 tid=12518] BPF_RAW_TRACEPOINT_OPEN name=cgroup_rmdir prog_fd=255
[566.397054 pid=12507 tid=12518]   RAW_TRACEPOINT_OPEN -> fd=388 errno=0
[566.399363 pid=12507 tid=12518] perf_event_open type=8 config=1 config1=139864737590928 config2=0 pid=-1 cpu=0 group_fd=-1 flags=8 kprobe_func=kallsyms_lookup_name kprobe_addr=0 -> fd=389 errno=0
[566.399477 pid=12507 tid=12518] BPF_LINK_CREATE prog_fd=298 target_fd=389 attach_type=41 flags=0
[566.399573 pid=12507 tid=12518] BPF_PERF_EVENT target retained target_fd=389 hold_fd=391 link_fd=390
[566.399672 pid=12507 tid=12518] BPF_TASK_FD_QUERY target_fd=389 attach_type=41 -> ret=0 errno=0 fd_type=3 prog_id=543 probe_offset=0 probe_addr=18446744072522415312 symbol=kallsyms_lookup_name
[566.399770 pid=12507 tid=12518]   LINK_CREATE -> fd=390 errno=0 kernel_link_id=172
[566.399871 pid=12507 tid=12518] PERF_EVENT_IOC_ENABLE event_fd=389
[566.399947 pid=12507 tid=12518] BPF_RAW_TRACEPOINT_OPEN name=sys_exit prog_fd=186
[566.400128 pid=12507 tid=12518]   RAW_TRACEPOINT_OPEN -> fd=392 errno=0
[566.402462 pid=12507 tid=12518] perf_event_open type=8 config=0 config1=139864737590928 config2=0 pid=-1 cpu=0 group_fd=-1 flags=8 kprobe_func=security_path_notify kprobe_addr=0 -> fd=393 errno=0
[566.402615 pid=12507 tid=12518] BPF_LINK_CREATE prog_fd=310 target_fd=393 attach_type=41 flags=0
[566.402733 pid=12507 tid=12518] BPF_PERF_EVENT target retained target_fd=393 hold_fd=395 link_fd=394
[566.402803 pid=12507 tid=12518] BPF_TASK_FD_QUERY target_fd=393 attach_type=41 -> ret=0 errno=0 fd_type=2 prog_id=576 probe_offset=0 probe_addr=18446744072527981136 symbol=security_path_notify
[566.402872 pid=12507 tid=12518]   LINK_CREATE -> fd=394 errno=0 kernel_link_id=174
[566.402944 pid=12507 tid=12518] PERF_EVENT_IOC_ENABLE event_fd=393
[566.405203 pid=12507 tid=12518] perf_event_open type=8 config=1 config1=139864737590928 config2=0 pid=-1 cpu=0 group_fd=-1 flags=8 kprobe_func=register_kprobe kprobe_addr=0 -> fd=396 errno=0
[566.405353 pid=12507 tid=12518] BPF_LINK_CREATE prog_fd=279 target_fd=396 attach_type=41 flags=0
[566.405428 pid=12507 tid=12518] BPF_PERF_EVENT target retained target_fd=396 hold_fd=398 link_fd=397
[566.405499 pid=12507 tid=12518] BPF_TASK_FD_QUERY target_fd=396 attach_type=41 -> ret=0 errno=0 fd_type=3 prog_id=489 probe_offset=0 probe_addr=18446744072522643024 symbol=register_kprobe
[566.405568 pid=12507 tid=12518]   LINK_CREATE -> fd=397 errno=0 kernel_link_id=175
[566.405640 pid=12507 tid=12518] PERF_EVENT_IOC_ENABLE event_fd=396
[566.405718 pid=12507 tid=12518] BPF_RAW_TRACEPOINT_OPEN name=sched_process_exec prog_fd=217
[566.405946 pid=12507 tid=12518]   RAW_TRACEPOINT_OPEN -> fd=399 errno=0
[566.408284 pid=12507 tid=12518] perf_event_open type=8 config=1 config1=139864737590928 config2=0 pid=-1 cpu=0 group_fd=-1 flags=8 kprobe_func=__kernel_write kprobe_addr=0 -> fd=400 errno=0
[566.408401 pid=12507 tid=12518] BPF_LINK_CREATE prog_fd=266 target_fd=400 attach_type=41 flags=0
[566.408498 pid=12507 tid=12518] BPF_PERF_EVENT target retained target_fd=400 hold_fd=402 link_fd=401
[566.408568 pid=12507 tid=12518] BPF_TASK_FD_QUERY target_fd=400 attach_type=41 -> ret=0 errno=0 fd_type=3 prog_id=441 probe_offset=0 probe_addr=18446744072525076848 symbol=__kernel_write
[566.408637 pid=12507 tid=12518]   LINK_CREATE -> fd=401 errno=0 kernel_link_id=177
[566.408708 pid=12507 tid=12518] PERF_EVENT_IOC_ENABLE event_fd=400
[566.410915 pid=12507 tid=12518] perf_event_open type=8 config=1 config1=139864737590928 config2=0 pid=-1 cpu=0 group_fd=-1 flags=8 kprobe_func=vfs_write kprobe_addr=0 -> fd=403 errno=0
[566.411032 pid=12507 tid=12518] BPF_LINK_CREATE prog_fd=258 target_fd=403 attach_type=41 flags=0
[566.411099 pid=12507 tid=12518] BPF_PERF_EVENT target retained target_fd=403 hold_fd=405 link_fd=404
[566.411169 pid=12507 tid=12518] BPF_TASK_FD_QUERY target_fd=403 attach_type=41 -> ret=0 errno=0 fd_type=3 prog_id=411 probe_offset=0 probe_addr=18446744072525077408 symbol=vfs_write
[566.411236 pid=12507 tid=12518]   LINK_CREATE -> fd=404 errno=0 kernel_link_id=178
[566.411307 pid=12507 tid=12518] PERF_EVENT_IOC_ENABLE event_fd=403
[566.411746 pid=12507 tid=12518] perf_event_open type=8 config=0 config1=139864737590928 config2=0 pid=-1 cpu=0 group_fd=-1 flags=8 kprobe_func=__x64_sys_dup kprobe_addr=0 -> fd=406 errno=0
[566.411830 pid=12507 tid=12518] BPF_LINK_CREATE prog_fd=174 target_fd=406 attach_type=41 flags=0
[566.411897 pid=12507 tid=12518] BPF_PERF_EVENT target retained target_fd=406 hold_fd=408 link_fd=407
[566.411965 pid=12507 tid=12518] BPF_TASK_FD_QUERY target_fd=406 attach_type=41 -> ret=0 errno=0 fd_type=2 prog_id=237 probe_offset=0 probe_addr=18446744072525260976 symbol=__x64_sys_dup
[566.412033 pid=12507 tid=12518]   LINK_CREATE -> fd=407 errno=0 kernel_link_id=179
[566.412105 pid=12507 tid=12518] PERF_EVENT_IOC_ENABLE event_fd=406
[566.412557 pid=12507 tid=12518] perf_event_open type=8 config=0 config1=139864737590928 config2=0 pid=-1 cpu=0 group_fd=-1 flags=8 kprobe_func=__ia32_sys_dup kprobe_addr=0 -> fd=409 errno=0
[566.412639 pid=12507 tid=12518] BPF_LINK_CREATE prog_fd=174 target_fd=409 attach_type=41 flags=0
[566.412741 pid=12507 tid=12518] BPF_PERF_EVENT target retained target_fd=409 hold_fd=411 link_fd=410
[566.412804 pid=12507 tid=12518] BPF_TASK_FD_QUERY target_fd=409 attach_type=41 -> ret=0 errno=0 fd_type=2 prog_id=237 probe_offset=0 probe_addr=18446744072525260736 symbol=__ia32_sys_dup
[566.412908 pid=12507 tid=12518]   LINK_CREATE -> fd=410 errno=0 kernel_link_id=180
[566.412971 pid=12507 tid=12518] PERF_EVENT_IOC_ENABLE event_fd=409
[566.413821 pid=12507 tid=12518] perf_event_open type=8 config=0 config1=139864737590928 config2=0 pid=-1 cpu=0 group_fd=-1 flags=8 kprobe_func=kallsyms_lookup_name kprobe_addr=0 -> fd=412 errno=0
[566.413938 pid=12507 tid=12518] BPF_LINK_CREATE prog_fd=87 target_fd=412 attach_type=41 flags=0
[566.414003 pid=12507 tid=12518] BPF_PERF_EVENT target retained target_fd=412 hold_fd=414 link_fd=413
[566.414073 pid=12507 tid=12518] BPF_TASK_FD_QUERY target_fd=412 attach_type=41 -> ret=0 errno=0 fd_type=2 prog_id=540 probe_offset=0 probe_addr=18446744072522415312 symbol=kallsyms_lookup_name
[566.414145 pid=12507 tid=12518]   LINK_CREATE -> fd=413 errno=0 kernel_link_id=181
[566.414214 pid=12507 tid=12518] PERF_EVENT_IOC_ENABLE event_fd=412
[566.414618 pid=12507 tid=12518] perf_event_open type=8 config=1 config1=139864737590928 config2=0 pid=-1 cpu=0 group_fd=-1 flags=8 kprobe_func=vfs_writev kprobe_addr=0 -> fd=415 errno=0
[566.414698 pid=12507 tid=12518] BPF_LINK_CREATE prog_fd=268 target_fd=415 attach_type=41 flags=0
[566.414772 pid=12507 tid=12518] BPF_PERF_EVENT target retained target_fd=415 hold_fd=417 link_fd=416
[566.414835 pid=12507 tid=12518] BPF_TASK_FD_QUERY target_fd=415 attach_type=41 -> ret=0 errno=0 fd_type=3 prog_id=429 probe_offset=0 probe_addr=18446744072525069984 symbol=vfs_writev
[566.414902 pid=12507 tid=12518]   LINK_CREATE -> fd=416 errno=0 kernel_link_id=182
[566.414972 pid=12507 tid=12518] PERF_EVENT_IOC_ENABLE event_fd=415
[566.417967 pid=12507 tid=12518] perf_event_open type=8 config=0 config1=139864737589776 config2=0 pid=-1 cpu=0 group_fd=-1 flags=8 kprobe_func=security_bprm_creds_for_exec kprobe_addr=0 -> fd=418 errno=0
[566.418199 pid=12507 tid=12518] BPF_LINK_CREATE prog_fd=308 target_fd=418 attach_type=41 flags=0
[566.418433 pid=12507 tid=12518] BPF_PERF_EVENT target retained target_fd=418 hold_fd=420 link_fd=419
[566.418518 pid=12507 tid=12518] BPF_TASK_FD_QUERY target_fd=418 attach_type=41 -> ret=0 errno=0 fd_type=2 prog_id=570 probe_offset=0 probe_addr=18446744072527977856 symbol=security_bprm_creds_for_exec
[566.418598 pid=12507 tid=12518]   LINK_CREATE -> fd=419 errno=0 kernel_link_id=183
[566.418670 pid=12507 tid=12518] PERF_EVENT_IOC_ENABLE event_fd=418
[566.421150 pid=12507 tid=12518] perf_event_open type=8 config=0 config1=139864737617328 config2=0 pid=-1 cpu=0 group_fd=-1 flags=8 kprobe_func=security_socket_recvmsg kprobe_addr=0 -> fd=421 errno=0
[566.421304 pid=12507 tid=12518] BPF_LINK_CREATE prog_fd=313 target_fd=421 attach_type=41 flags=0
[566.421400 pid=12507 tid=12518] BPF_PERF_EVENT target retained target_fd=421 hold_fd=423 link_fd=422
[566.421496 pid=12507 tid=12518] BPF_TASK_FD_QUERY target_fd=421 attach_type=41 -> ret=0 errno=0 fd_type=2 prog_id=609 probe_offset=0 probe_addr=18446744072528007856 symbol=security_socket_recvmsg
[566.421592 pid=12507 tid=12518]   LINK_CREATE -> fd=422 errno=0 kernel_link_id=184
[566.421662 pid=12507 tid=12518] PERF_EVENT_IOC_ENABLE event_fd=421
[566.423665 pid=12507 tid=12518] perf_event_open type=8 config=0 config1=139864737617328 config2=0 pid=-1 cpu=0 group_fd=-1 flags=8 kprobe_func=do_mmap kprobe_addr=0 -> fd=424 errno=0
[566.423840 pid=12507 tid=12518] BPF_LINK_CREATE prog_fd=72 target_fd=424 attach_type=41 flags=0
[566.423934 pid=12507 tid=12518] BPF_PERF_EVENT target retained target_fd=424 hold_fd=426 link_fd=425
[566.424002 pid=12507 tid=12518] BPF_TASK_FD_QUERY target_fd=424 attach_type=41 -> ret=0 errno=0 fd_type=2 prog_id=471 probe_offset=0 probe_addr=18446744072524274992 symbol=do_mmap
[566.424070 pid=12507 tid=12518]   LINK_CREATE -> fd=425 errno=0 kernel_link_id=185
[566.424145 pid=12507 tid=12518] PERF_EVENT_IOC_ENABLE event_fd=424
[566.426531 pid=12507 tid=12518] perf_event_open type=8 config=1 config1=139864737617328 config2=0 pid=-1 cpu=0 group_fd=-1 flags=8 kprobe_func=__x64_sys_dup2 kprobe_addr=0 -> fd=427 errno=0
[566.426674 pid=12507 tid=12518] BPF_LINK_CREATE prog_fd=200 target_fd=427 attach_type=41 flags=0
[566.426791 pid=12507 tid=12518] BPF_PERF_EVENT target retained target_fd=427 hold_fd=429 link_fd=428
[566.426888 pid=12507 tid=12518] BPF_TASK_FD_QUERY target_fd=427 attach_type=41 -> ret=0 errno=0 fd_type=3 prog_id=246 probe_offset=0 probe_addr=18446744072525262032 symbol=__x64_sys_dup2
[566.426983 pid=12507 tid=12518]   LINK_CREATE -> fd=428 errno=0 kernel_link_id=186
[566.427054 pid=12507 tid=12518] PERF_EVENT_IOC_ENABLE event_fd=427
[566.429239 pid=12507 tid=12518] perf_event_open type=8 config=1 config1=139864737617328 config2=0 pid=-1 cpu=0 group_fd=-1 flags=8 kprobe_func=__ia32_sys_dup2 kprobe_addr=0 -> fd=430 errno=0
[566.429390 pid=12507 tid=12518] BPF_LINK_CREATE prog_fd=200 target_fd=430 attach_type=41 flags=0
[566.429484 pid=12507 tid=12518] BPF_PERF_EVENT target retained target_fd=430 hold_fd=432 link_fd=431
[566.429554 pid=12507 tid=12518] BPF_TASK_FD_QUERY target_fd=430 attach_type=41 -> ret=0 errno=0 fd_type=3 prog_id=246 probe_offset=0 probe_addr=18446744072525261840 symbol=__ia32_sys_dup2
[566.429622 pid=12507 tid=12518]   LINK_CREATE -> fd=431 errno=0 kernel_link_id=187
[566.429692 pid=12507 tid=12518] PERF_EVENT_IOC_ENABLE event_fd=430
[566.432216 pid=12507 tid=12518] perf_event_open type=8 config=0 config1=139864737617328 config2=0 pid=-1 cpu=0 group_fd=-1 flags=8 kprobe_func=vfs_utimes kprobe_addr=0 -> fd=433 errno=0
[566.432366 pid=12507 tid=12518] BPF_LINK_CREATE prog_fd=301 target_fd=433 attach_type=41 flags=0
[566.432466 pid=12507 tid=12518] BPF_PERF_EVENT target retained target_fd=433 hold_fd=435 link_fd=434
[566.432564 pid=12507 tid=12518] BPF_TASK_FD_QUERY target_fd=433 attach_type=41 -> ret=0 errno=0 fd_type=2 prog_id=549 probe_offset=0 probe_addr=18446744072525422720 symbol=vfs_utimes
[566.432631 pid=12507 tid=12518]   LINK_CREATE -> fd=434 errno=0 kernel_link_id=188
[566.432701 pid=12507 tid=12518] PERF_EVENT_IOC_ENABLE event_fd=433
[566.432777 pid=12507 tid=12518] BPF_RAW_TRACEPOINT_OPEN name=sched_switch prog_fd=223
[566.432906 pid=12507 tid=12518]   RAW_TRACEPOINT_OPEN -> fd=436 errno=0
[566.434879 pid=12507 tid=12518] perf_event_open type=8 config=0 config1=139864737617328 config2=0 pid=-1 cpu=0 group_fd=-1 flags=8 kprobe_func=do_splice kprobe_addr=0 -> fd=437 errno=0
[566.435030 pid=12507 tid=12518] BPF_LINK_CREATE prog_fd=81 target_fd=437 attach_type=41 flags=0
[566.435144 pid=12507 tid=12518] BPF_PERF_EVENT target retained target_fd=437 hold_fd=439 link_fd=438
[566.435242 pid=12507 tid=12518] BPF_TASK_FD_QUERY target_fd=437 attach_type=41 -> ret=0 errno=0 fd_type=2 prog_id=510 probe_offset=0 probe_addr=18446744072525415888 symbol=do_splice
[566.435337 pid=12507 tid=12518]   LINK_CREATE -> fd=438 errno=0 kernel_link_id=190
[566.435408 pid=12507 tid=12518] PERF_EVENT_IOC_ENABLE event_fd=437
[566.437611 pid=12507 tid=12518] perf_event_open type=8 config=0 config1=139864737617328 config2=0 pid=-1 cpu=0 group_fd=-1 flags=8 kprobe_func=security_bprm_check kprobe_addr=0 -> fd=440 errno=0
[566.437761 pid=12507 tid=12518] BPF_LINK_CREATE prog_fd=93 target_fd=440 attach_type=41 flags=0
[566.437855 pid=12507 tid=12518] BPF_PERF_EVENT target retained target_fd=440 hold_fd=442 link_fd=441
[566.437923 pid=12507 tid=12518] BPF_TASK_FD_QUERY target_fd=440 attach_type=41 -> ret=0 errno=0 fd_type=2 prog_id=633 probe_offset=0 probe_addr=18446744072527978224 symbol=security_bprm_check
[566.437990 pid=12507 tid=12518]   LINK_CREATE -> fd=441 errno=0 kernel_link_id=191
[566.438060 pid=12507 tid=12518] PERF_EVENT_IOC_ENABLE event_fd=440
[566.440446 pid=12507 tid=12518] perf_event_open type=8 config=0 config1=139864737589776 config2=0 pid=-1 cpu=0 group_fd=-1 flags=8 kprobe_func=security_file_permission kprobe_addr=0 -> fd=443 errno=0
[566.440562 pid=12507 tid=12518] BPF_LINK_CREATE prog_fd=293 target_fd=443 attach_type=41 flags=0
[566.440657 pid=12507 tid=12518] BPF_PERF_EVENT target retained target_fd=443 hold_fd=445 link_fd=444
[566.440754 pid=12507 tid=12518] BPF_TASK_FD_QUERY target_fd=443 attach_type=41 -> ret=0 errno=0 fd_type=2 prog_id=531 probe_offset=0 probe_addr=18446744072527991920 symbol=security_file_permission
[566.440821 pid=12507 tid=12518]   LINK_CREATE -> fd=444 errno=0 kernel_link_id=192
[566.440892 pid=12507 tid=12518] PERF_EVENT_IOC_ENABLE event_fd=443
[566.442879 pid=12507 tid=12518] perf_event_open type=8 config=1 config1=139864737626240 config2=0 pid=-1 cpu=0 group_fd=-1 flags=8 kprobe_func=do_init_module kprobe_addr=0 -> fd=446 errno=0
[566.443024 pid=12507 tid=12518] BPF_LINK_CREATE prog_fd=290 target_fd=446 attach_type=41 flags=0
[566.443119 pid=12507 tid=12518] BPF_PERF_EVENT target retained target_fd=446 hold_fd=448 link_fd=447
[566.443190 pid=12507 tid=12518] BPF_TASK_FD_QUERY target_fd=446 attach_type=41 -> ret=0 errno=0 fd_type=3 prog_id=525 probe_offset=0 probe_addr=18446744072522206640 symbol=do_init_module
[566.443259 pid=12507 tid=12518]   LINK_CREATE -> fd=447 errno=0 kernel_link_id=193
[566.443330 pid=12507 tid=12518] PERF_EVENT_IOC_ENABLE event_fd=446
[566.445569 pid=12507 tid=12518] perf_event_open type=8 config=0 config1=139864737626240 config2=0 pid=-1 cpu=0 group_fd=-1 flags=8 kprobe_func=__x64_sys_dup3 kprobe_addr=0 -> fd=449 errno=0
[566.445715 pid=12507 tid=12518] BPF_LINK_CREATE prog_fd=176 target_fd=449 attach_type=41 flags=0
[566.445817 pid=12507 tid=12518] BPF_PERF_EVENT target retained target_fd=449 hold_fd=451 link_fd=450
[566.445887 pid=12507 tid=12518] BPF_TASK_FD_QUERY target_fd=449 attach_type=41 -> ret=0 errno=0 fd_type=2 prog_id=249 probe_offset=0 probe_addr=18446744072525261744 symbol=__x64_sys_dup3
[566.445956 pid=12507 tid=12518]   LINK_CREATE -> fd=450 errno=0 kernel_link_id=194
[566.446028 pid=12507 tid=12518] PERF_EVENT_IOC_ENABLE event_fd=449
[566.448145 pid=12507 tid=12518] perf_event_open type=8 config=0 config1=139864737626240 config2=0 pid=-1 cpu=0 group_fd=-1 flags=8 kprobe_func=__ia32_sys_dup3 kprobe_addr=0 -> fd=452 errno=0
[566.448266 pid=12507 tid=12518] BPF_LINK_CREATE prog_fd=176 target_fd=452 attach_type=41 flags=0
[566.448370 pid=12507 tid=12518] BPF_PERF_EVENT target retained target_fd=452 hold_fd=454 link_fd=453
[566.448440 pid=12507 tid=12518] BPF_TASK_FD_QUERY target_fd=452 attach_type=41 -> ret=0 errno=0 fd_type=2 prog_id=249 probe_offset=0 probe_addr=18446744072525261792 symbol=__ia32_sys_dup3
[566.448507 pid=12507 tid=12518]   LINK_CREATE -> fd=453 errno=0 kernel_link_id=195
[566.448578 pid=12507 tid=12518] PERF_EVENT_IOC_ENABLE event_fd=452
[566.468686 pid=12507 tid=12518] perf_event_open type=9 config=0 config1=139864737626240 config2=28912448 pid=-1 cpu=0 group_fd=-1 flags=8 uprobe_path=/proc/self/exe probe_offset=28912448 -> fd=456 errno=0
[566.469018 pid=12507 tid=12518] BPF_LINK_CREATE prog_fd=205 target_fd=456 attach_type=41 flags=0
[566.469423 pid=12507 tid=12518] BPF_PERF_EVENT target retained target_fd=456 hold_fd=458 link_fd=457
[566.469980 pid=12507 tid=12518] BPF_TASK_FD_QUERY target_fd=456 attach_type=41 -> ret=0 errno=0 fd_type=4 prog_id=285 probe_offset=28912448 probe_addr=0 symbol=/proc/self/exe
[566.470340 pid=12507 tid=12518]   LINK_CREATE -> fd=457 errno=0 kernel_link_id=196
[566.470623 pid=12507 tid=12518] PERF_EVENT_IOC_ENABLE event_fd=456
[566.472259 pid=12507 tid=12518] BPF_RAW_TRACEPOINT_OPEN name=sys_enter prog_fd=164
[566.473037 pid=12507 tid=12518]   RAW_TRACEPOINT_OPEN -> fd=455 errno=0
[566.473912 pid=12507 tid=12518] perf_event_open type=8 config=0 config1=139864737626240 config2=0 pid=-1 cpu=0 group_fd=-1 flags=8 kprobe_func=__x64_sys_dup2 kprobe_addr=0 -> fd=459 errno=0
[566.474168 pid=12507 tid=12518] BPF_LINK_CREATE prog_fd=175 target_fd=459 attach_type=41 flags=0
[566.474290 pid=12507 tid=12518] BPF_PERF_EVENT target retained target_fd=459 hold_fd=461 link_fd=460
[566.474406 pid=12507 tid=12518] BPF_TASK_FD_QUERY target_fd=459 attach_type=41 -> ret=0 errno=0 fd_type=2 prog_id=243 probe_offset=0 probe_addr=18446744072525262032 symbol=__x64_sys_dup2
[566.474524 pid=12507 tid=12518]   LINK_CREATE -> fd=460 errno=0 kernel_link_id=198
[566.474644 pid=12507 tid=12518] PERF_EVENT_IOC_ENABLE event_fd=459
[566.475237 pid=12507 tid=12518] perf_event_open type=8 config=0 config1=139864737626240 config2=0 pid=-1 cpu=0 group_fd=-1 flags=8 kprobe_func=__ia32_sys_dup2 kprobe_addr=0 -> fd=462 errno=0
[566.475343 pid=12507 tid=12518] BPF_LINK_CREATE prog_fd=175 target_fd=462 attach_type=41 flags=0
[566.475414 pid=12507 tid=12518] BPF_PERF_EVENT target retained target_fd=462 hold_fd=464 link_fd=463
[566.475485 pid=12507 tid=12518] BPF_TASK_FD_QUERY target_fd=462 attach_type=41 -> ret=0 errno=0 fd_type=2 prog_id=243 probe_offset=0 probe_addr=18446744072525261840 symbol=__ia32_sys_dup2
[566.475553 pid=12507 tid=12518]   LINK_CREATE -> fd=463 errno=0 kernel_link_id=199
[566.475623 pid=12507 tid=12518] PERF_EVENT_IOC_ENABLE event_fd=462
[566.476699 pid=12507 tid=12518] BPF_RAW_TRACEPOINT_OPEN name=module_load prog_fd=292
[566.476900 pid=12507 tid=12518]   RAW_TRACEPOINT_OPEN -> fd=465 errno=0
[566.479654 pid=12507 tid=12518] perf_event_open type=8 config=0 config1=139864737589776 config2=0 pid=-1 cpu=0 group_fd=-1 flags=8 kprobe_func=security_kernel_post_read_file kprobe_addr=0 -> fd=466 errno=0
[566.479807 pid=12507 tid=12518] BPF_LINK_CREATE prog_fd=284 target_fd=466 attach_type=41 flags=0
[566.479925 pid=12507 tid=12518] BPF_PERF_EVENT target retained target_fd=466 hold_fd=468 link_fd=467
[566.480067 pid=12507 tid=12518] BPF_TASK_FD_QUERY target_fd=466 attach_type=41 -> ret=0 errno=0 fd_type=2 prog_id=495 probe_offset=0 probe_addr=18446744072527961712 symbol=security_kernel_post_read_file
[566.480143 pid=12507 tid=12518]   LINK_CREATE -> fd=467 errno=0 kernel_link_id=201
[566.480214 pid=12507 tid=12518] PERF_EVENT_IOC_ENABLE event_fd=466
[566.480613 pid=12507 tid=12518] perf_event_open type=8 config=0 config1=139864737634288 config2=0 pid=-1 cpu=0 group_fd=-1 flags=8 kprobe_func=vfs_write kprobe_addr=0 -> fd=469 errno=0
[566.480702 pid=12507 tid=12518] BPF_LINK_CREATE prog_fd=177 target_fd=469 attach_type=41 flags=0
[566.480769 pid=12507 tid=12518] BPF_PERF_EVENT target retained target_fd=469 hold_fd=471 link_fd=470
[566.480842 pid=12507 tid=12518] BPF_TASK_FD_QUERY target_fd=469 attach_type=41 -> ret=0 errno=0 fd_type=2 prog_id=408 probe_offset=0 probe_addr=18446744072525077408 symbol=vfs_write
[566.480911 pid=12507 tid=12518]   LINK_CREATE -> fd=470 errno=0 kernel_link_id=202
[566.480984 pid=12507 tid=12518] PERF_EVENT_IOC_ENABLE event_fd=469
[566.483312 pid=12507 tid=12518] perf_event_open type=8 config=0 config1=139864737634288 config2=0 pid=-1 cpu=0 group_fd=-1 flags=8 kprobe_func=__x64_sys_arch_prctl kprobe_addr=0 -> fd=472 errno=0
[566.483466 pid=12507 tid=12518] BPF_LINK_CREATE prog_fd=173 target_fd=472 attach_type=41 flags=0
[566.483571 pid=12507 tid=12518] BPF_PERF_EVENT target retained target_fd=472 hold_fd=474 link_fd=473
[566.483646 pid=12507 tid=12518] BPF_TASK_FD_QUERY target_fd=472 attach_type=41 -> ret=0 errno=0 fd_type=2 prog_id=231 probe_offset=0 probe_addr=18446744072520796864 symbol=__x64_sys_arch_prctl
[566.483742 pid=12507 tid=12518]   LINK_CREATE -> fd=473 errno=0 kernel_link_id=203
[566.483843 pid=12507 tid=12518] PERF_EVENT_IOC_ENABLE event_fd=472
[566.486272 pid=12507 tid=12518] perf_event_open type=8 config=0 config1=139864737634288 config2=0 pid=-1 cpu=0 group_fd=-1 flags=8 kprobe_func=__ia32_sys_arch_prctl kprobe_addr=0 -> fd=475 errno=0
[566.494628 pid=12507 tid=12518] BPF_LINK_CREATE prog_fd=173 target_fd=475 attach_type=41 flags=0
[566.494931 pid=12507 tid=12518] BPF_PERF_EVENT target retained target_fd=475 hold_fd=477 link_fd=476
[566.495050 pid=12507 tid=12518] BPF_TASK_FD_QUERY target_fd=475 attach_type=41 -> ret=0 errno=0 fd_type=2 prog_id=231 probe_offset=0 probe_addr=18446744072520796736 symbol=__ia32_sys_arch_prctl
[566.495370 pid=12507 tid=12518]   LINK_CREATE -> fd=476 errno=0 kernel_link_id=204
[566.495726 pid=12507 tid=12518] PERF_EVENT_IOC_ENABLE event_fd=475
[566.498253 pid=12507 tid=12518] perf_event_open type=8 config=1 config1=139864737634288 config2=0 pid=-1 cpu=0 group_fd=-1 flags=8 kprobe_func=sock_alloc_file kprobe_addr=0 -> fd=478 errno=0
[566.498508 pid=12507 tid=12518] BPF_LINK_CREATE prog_fd=312 target_fd=478 attach_type=41 flags=0
[566.498736 pid=12507 tid=12518] BPF_PERF_EVENT target retained target_fd=478 hold_fd=480 link_fd=479
[566.498969 pid=12507 tid=12518] BPF_TASK_FD_QUERY target_fd=478 attach_type=41 -> ret=0 errno=0 fd_type=3 prog_id=603 probe_offset=0 probe_addr=18446744072532009616 symbol=sock_alloc_file
[566.499185 pid=12507 tid=12518]   LINK_CREATE -> fd=479 errno=0 kernel_link_id=205
[566.499417 pid=12507 tid=12518] PERF_EVENT_IOC_ENABLE event_fd=478
[566.502075 pid=12507 tid=12518] perf_event_open type=8 config=0 config1=139864737634288 config2=0 pid=-1 cpu=0 group_fd=-1 flags=8 kprobe_func=security_sk_clone kprobe_addr=0 -> fd=481 errno=0
[566.502193 pid=12507 tid=12518] BPF_LINK_CREATE prog_fd=251 target_fd=481 attach_type=41 flags=0
[566.502316 pid=12507 tid=12518] BPF_PERF_EVENT target retained target_fd=481 hold_fd=483 link_fd=482
[566.502433 pid=12507 tid=12518] BPF_TASK_FD_QUERY target_fd=481 attach_type=41 -> ret=0 errno=0 fd_type=2 prog_id=606 probe_offset=0 probe_addr=18446744072527964368 symbol=security_sk_clone
[566.502514 pid=12507 tid=12518]   LINK_CREATE -> fd=482 errno=0 kernel_link_id=206
[566.502576 pid=12507 tid=12518] PERF_EVENT_IOC_ENABLE event_fd=481
[566.503001 pid=12507 tid=12518] perf_event_open type=8 config=1 config1=139864737634288 config2=0 pid=-1 cpu=0 group_fd=-1 flags=8 kprobe_func=do_splice kprobe_addr=0 -> fd=484 errno=0
[566.503120 pid=12507 tid=12518] BPF_LINK_CREATE prog_fd=291 target_fd=484 attach_type=41 flags=0
[566.503199 pid=12507 tid=12518] BPF_PERF_EVENT target retained target_fd=484 hold_fd=486 link_fd=485
[566.503299 pid=12507 tid=12518] BPF_TASK_FD_QUERY target_fd=484 attach_type=41 -> ret=0 errno=0 fd_type=3 prog_id=513 probe_offset=0 probe_addr=18446744072525415888 symbol=do_splice
[566.503365 pid=12507 tid=12518]   LINK_CREATE -> fd=485 errno=0 kernel_link_id=207
[566.503436 pid=12507 tid=12518] PERF_EVENT_IOC_ENABLE event_fd=484
[566.505834 pid=12507 tid=12518] perf_event_open type=8 config=0 config1=139864737634288 config2=0 pid=-1 cpu=0 group_fd=-1 flags=8 kprobe_func=switch_task_namespaces kprobe_addr=0 -> fd=487 errno=0
[566.506011 pid=12507 tid=12518] BPF_LINK_CREATE prog_fd=233 target_fd=487 attach_type=41 flags=0
[566.506121 pid=12507 tid=12518] BPF_PERF_EVENT target retained target_fd=487 hold_fd=489 link_fd=488
[566.506221 pid=12507 tid=12518] BPF_TASK_FD_QUERY target_fd=487 attach_type=41 -> ret=0 errno=0 fd_type=2 prog_id=363 probe_offset=0 probe_addr=18446744072521480448 symbol=switch_task_namespaces
[566.506318 pid=12507 tid=12518]   LINK_CREATE -> fd=488 errno=0 kernel_link_id=208
[566.506389 pid=12507 tid=12518] PERF_EVENT_IOC_ENABLE event_fd=487
[566.506475 pid=12507 tid=12518] BPF_LINK_CREATE prog_fd=264 target_fd=490 attach_type=0 flags=0
[566.506668 pid=12507 tid=12518]   LINK_CREATE -> fd=491 errno=0 kernel_link_id=209
[566.506748 pid=12507 tid=12518] BPF_RAW_TRACEPOINT_OPEN name=sched_process_exit prog_fd=168
[566.506867 pid=12507 tid=12518]   RAW_TRACEPOINT_OPEN -> fd=490 errno=0
[566.506941 pid=12507 tid=12518] BPF_RAW_TRACEPOINT_OPEN name=module_free prog_fd=289
[566.507057 pid=12507 tid=12518]   RAW_TRACEPOINT_OPEN -> fd=492 errno=0
[566.509642 pid=12507 tid=12518] perf_event_open type=8 config=0 config1=139864737642448 config2=0 pid=-1 cpu=0 group_fd=-1 flags=8 kprobe_func=__x64_sys_ptrace kprobe_addr=0 -> fd=493 errno=0
[566.509792 pid=12507 tid=12518] BPF_LINK_CREATE prog_fd=170 target_fd=493 attach_type=41 flags=0
[566.509867 pid=12507 tid=12518] BPF_PERF_EVENT target retained target_fd=493 hold_fd=495 link_fd=494
[566.509937 pid=12507 tid=12518] BPF_TASK_FD_QUERY target_fd=493 attach_type=41 -> ret=0 errno=0 fd_type=2 prog_id=219 probe_offset=0 probe_addr=18446744072521307200 symbol=__x64_sys_ptrace
[566.510010 pid=12507 tid=12518]   LINK_CREATE -> fd=494 errno=0 kernel_link_id=212
[566.510075 pid=12507 tid=12518] PERF_EVENT_IOC_ENABLE event_fd=493
[566.512444 pid=12507 tid=12518] perf_event_open type=8 config=0 config1=139864737642448 config2=0 pid=-1 cpu=0 group_fd=-1 flags=8 kprobe_func=__ia32_sys_ptrace kprobe_addr=0 -> fd=496 errno=0
[566.512692 pid=12507 tid=12518] BPF_LINK_CREATE prog_fd=170 target_fd=496 attach_type=41 flags=0
[566.512892 pid=12507 tid=12518] BPF_PERF_EVENT target retained target_fd=496 hold_fd=498 link_fd=497
[566.513000 pid=12507 tid=12518] BPF_TASK_FD_QUERY target_fd=496 attach_type=41 -> ret=0 errno=0 fd_type=2 prog_id=219 probe_offset=0 probe_addr=18446744072521306528 symbol=__ia32_sys_ptrace
[566.513099 pid=12507 tid=12518]   LINK_CREATE -> fd=497 errno=0 kernel_link_id=213
[566.513168 pid=12507 tid=12518] PERF_EVENT_IOC_ENABLE event_fd=496
[566.515542 pid=12507 tid=12518] perf_event_open type=8 config=0 config1=139864737589776 config2=0 pid=-1 cpu=0 group_fd=-1 flags=8 kprobe_func=__ia32_compat_sys_ptrace kprobe_addr=0 -> fd=499 errno=0
[566.515699 pid=12507 tid=12518] BPF_LINK_CREATE prog_fd=170 target_fd=499 attach_type=41 flags=0
[566.515794 pid=12507 tid=12518] BPF_PERF_EVENT target retained target_fd=499 hold_fd=501 link_fd=500
[566.515894 pid=12507 tid=12518] BPF_TASK_FD_QUERY target_fd=499 attach_type=41 -> ret=0 errno=0 fd_type=2 prog_id=219 probe_offset=0 probe_addr=18446744072521306864 symbol=__ia32_compat_sys_ptrace
[566.515992 pid=12507 tid=12518]   LINK_CREATE -> fd=500 errno=0 kernel_link_id=214
[566.516095 pid=12507 tid=12518] PERF_EVENT_IOC_ENABLE event_fd=499
[566.518811 pid=12507 tid=12518] perf_event_open type=8 config=0 config1=139864737642448 config2=0 pid=-1 cpu=0 group_fd=-1 flags=8 kprobe_func=security_inode_mknod kprobe_addr=0 -> fd=502 errno=0
[566.518974 pid=12507 tid=12518] BPF_LINK_CREATE prog_fd=283 target_fd=502 attach_type=41 flags=0
[566.519042 pid=12507 tid=12518] BPF_PERF_EVENT target retained target_fd=502 hold_fd=504 link_fd=503
[566.519118 pid=12507 tid=12518] BPF_TASK_FD_QUERY target_fd=502 attach_type=41 -> ret=0 errno=0 fd_type=2 prog_id=498 probe_offset=0 probe_addr=18446744072527984832 symbol=security_inode_mknod
[566.519187 pid=12507 tid=12518]   LINK_CREATE -> fd=503 errno=0 kernel_link_id=215
[566.519260 pid=12507 tid=12518] PERF_EVENT_IOC_ENABLE event_fd=502
[566.519566 pid=12507 tid=12518] perf_event_open type=8 config=0 config1=139864737642448 config2=0 pid=-1 cpu=0 group_fd=-1 flags=8 kprobe_func=do_init_module kprobe_addr=0 -> fd=505 errno=0
[566.519791 pid=12507 tid=12518] BPF_LINK_CREATE prog_fd=84 target_fd=505 attach_type=41 flags=0
[566.519874 pid=12507 tid=12518] BPF_PERF_EVENT target retained target_fd=505 hold_fd=507 link_fd=506
[566.519943 pid=12507 tid=12518] BPF_TASK_FD_QUERY target_fd=505 attach_type=41 -> ret=0 errno=0 fd_type=2 prog_id=522 probe_offset=0 probe_addr=18446744072522206640 symbol=do_init_module
[566.520013 pid=12507 tid=12518]   LINK_CREATE -> fd=506 errno=0 kernel_link_id=216
[566.520090 pid=12507 tid=12518] PERF_EVENT_IOC_ENABLE event_fd=505
[566.520476 pid=12507 tid=12518] perf_event_open type=8 config=0 config1=139864737642448 config2=0 pid=-1 cpu=0 group_fd=-1 flags=8 kprobe_func=vfs_write kprobe_addr=0 -> fd=508 errno=0
[566.520672 pid=12507 tid=12518] BPF_LINK_CREATE prog_fd=24 target_fd=508 attach_type=41 flags=0
[566.520755 pid=12507 tid=12518] BPF_PERF_EVENT target retained target_fd=508 hold_fd=510 link_fd=509
[566.520824 pid=12507 tid=12518] BPF_TASK_FD_QUERY target_fd=508 attach_type=41 -> ret=0 errno=0 fd_type=2 prog_id=405 probe_offset=0 probe_addr=18446744072525077408 symbol=vfs_write
[566.520893 pid=12507 tid=12518]   LINK_CREATE -> fd=509 errno=0 kernel_link_id=217
[566.520967 pid=12507 tid=12518] PERF_EVENT_IOC_ENABLE event_fd=508
[566.523661 pid=12507 tid=12518] perf_event_open type=8 config=0 config1=139864737642448 config2=0 pid=-1 cpu=0 group_fd=-1 flags=8 kprobe_func=security_file_mprotect kprobe_addr=0 -> fd=511 errno=0
[566.523934 pid=12507 tid=12518] BPF_LINK_CREATE prog_fd=278 target_fd=511 attach_type=41 flags=0
[566.570367 pid=12507 tid=12518] BPF_PERF_EVENT target retained target_fd=511 hold_fd=513 link_fd=512
[566.571064 pid=12507 tid=12518] BPF_TASK_FD_QUERY target_fd=511 attach_type=41 -> ret=0 errno=0 fd_type=2 prog_id=480 probe_offset=0 probe_addr=18446744072527993712 symbol=security_file_mprotect
[566.571304 pid=12507 tid=12518]   LINK_CREATE -> fd=512 errno=0 kernel_link_id=218
[566.571595 pid=12507 tid=12518] PERF_EVENT_IOC_ENABLE event_fd=511
[566.574975 pid=12507 tid=12518] perf_event_open type=8 config=0 config1=139864737589776 config2=0 pid=-1 cpu=0 group_fd=-1 flags=8 kprobe_func=security_kernel_read_file kprobe_addr=0 -> fd=514 errno=0
[566.575381 pid=12507 tid=12518] BPF_LINK_CREATE prog_fd=281 target_fd=514 attach_type=41 flags=0
[566.575660 pid=12507 tid=12518] BPF_PERF_EVENT target retained target_fd=514 hold_fd=516 link_fd=515
[566.575943 pid=12507 tid=12518] BPF_TASK_FD_QUERY target_fd=514 attach_type=41 -> ret=0 errno=0 fd_type=2 prog_id=492 probe_offset=0 probe_addr=18446744072527961472 symbol=security_kernel_read_file
[566.576030 pid=12507 tid=12518]   LINK_CREATE -> fd=515 errno=0 kernel_link_id=219
[566.576311 pid=12507 tid=12518] PERF_EVENT_IOC_ENABLE event_fd=514
[566.579190 pid=12507 tid=12518] perf_event_open type=8 config=0 config1=139864737651616 config2=0 pid=-1 cpu=0 group_fd=-1 flags=8 kprobe_func=proc_create kprobe_addr=0 -> fd=517 errno=0
[566.579450 pid=12507 tid=12518] BPF_LINK_CREATE prog_fd=239 target_fd=517 attach_type=41 flags=0
[566.579543 pid=12507 tid=12518] BPF_PERF_EVENT target retained target_fd=517 hold_fd=519 link_fd=518
[566.579733 pid=12507 tid=12518] BPF_TASK_FD_QUERY target_fd=517 attach_type=41 -> ret=0 errno=0 fd_type=2 prog_id=375 probe_offset=0 probe_addr=18446744072525879136 symbol=proc_create
[566.579818 pid=12507 tid=12518]   LINK_CREATE -> fd=518 errno=0 kernel_link_id=220
[566.579978 pid=12507 tid=12518] PERF_EVENT_IOC_ENABLE event_fd=517
[566.583016 pid=12507 tid=12518] perf_event_open type=8 config=0 config1=139864737651616 config2=0 pid=-1 cpu=0 group_fd=-1 flags=8 kprobe_func=security_socket_sendmsg kprobe_addr=0 -> fd=520 errno=0
[566.583268 pid=12507 tid=12518] BPF_LINK_CREATE prog_fd=317 target_fd=520 attach_type=41 flags=0
[566.583397 pid=12507 tid=12518] BPF_PERF_EVENT target retained target_fd=520 hold_fd=522 link_fd=521
[566.583474 pid=12507 tid=12518] BPF_TASK_FD_QUERY target_fd=520 attach_type=41 -> ret=0 errno=0 fd_type=2 prog_id=612 probe_offset=0 probe_addr=18446744072528007616 symbol=security_socket_sendmsg
[566.583543 pid=12507 tid=12518]   LINK_CREATE -> fd=521 errno=0 kernel_link_id=221
[566.583781 pid=12507 tid=12518] PERF_EVENT_IOC_ENABLE event_fd=520
[566.586659 pid=12507 tid=12518] perf_event_open type=8 config=0 config1=139864737651616 config2=0 pid=-1 cpu=0 group_fd=-1 flags=8 kprobe_func=__register_chrdev kprobe_addr=0 -> fd=523 errno=0
[566.586998 pid=12507 tid=12518] BPF_LINK_CREATE prog_fd=78 target_fd=523 attach_type=41 flags=0
[566.587087 pid=12507 tid=12518] BPF_PERF_EVENT target retained target_fd=523 hold_fd=525 link_fd=524
[566.587311 pid=12507 tid=12518] BPF_TASK_FD_QUERY target_fd=523 attach_type=41 -> ret=0 errno=0 fd_type=2 prog_id=504 probe_offset=0 probe_addr=18446744072525102816 symbol=__register_chrdev
[566.587397 pid=12507 tid=12518]   LINK_CREATE -> fd=524 errno=0 kernel_link_id=222
[566.587598 pid=12507 tid=12518] PERF_EVENT_IOC_ENABLE event_fd=523
[566.640365 pid=12507 tid=12514] perf_event_open type=9 config=0 config1=139864804691136 config2=29539008 pid=-1 cpu=0 group_fd=-1 flags=8 uprobe_path=/proc/self/exe probe_offset=29539008 -> fd=527 errno=0
[566.640900 pid=12507 tid=12514] BPF_LINK_CREATE prog_fd=167 target_fd=527 attach_type=41 flags=0
[566.641228 pid=12507 tid=12514] BPF_PERF_EVENT target retained target_fd=527 hold_fd=529 link_fd=528
[566.641486 pid=12507 tid=12514] BPF_TASK_FD_QUERY target_fd=527 attach_type=41 -> ret=0 errno=0 fd_type=4 prog_id=279 probe_offset=29539008 probe_addr=0 symbol=/proc/self/exe
[566.641788 pid=12507 tid=12514]   LINK_CREATE -> fd=528 errno=0 kernel_link_id=223
[566.642075 pid=12507 tid=12514] PERF_EVENT_IOC_ENABLE event_fd=527
[566.647587 pid=12507 tid=12514] perf_event_open type=8 config=1 config1=139864804691136 config2=0 pid=-1 cpu=0 group_fd=-1 flags=8 kprobe_func=inotify_find_inode kprobe_addr=0 -> fd=526 errno=0
[566.647849 pid=12507 tid=12514] BPF_LINK_CREATE prog_fd=306 target_fd=526 attach_type=41 flags=0
[566.648066 pid=12507 tid=12514] BPF_PERF_EVENT target retained target_fd=526 hold_fd=531 link_fd=530
[566.648291 pid=12507 tid=12514] BPF_TASK_FD_QUERY target_fd=526 attach_type=41 -> ret=0 errno=0 fd_type=3 prog_id=561 probe_offset=0 probe_addr=18446744072525525424 symbol=inotify_find_inode
[566.648567 pid=12507 tid=12514]   LINK_CREATE -> fd=530 errno=0 kernel_link_id=224
[566.648801 pid=12507 tid=12514] PERF_EVENT_IOC_ENABLE event_fd=526
[566.649503 pid=12507 tid=12514] perf_event_open type=8 config=1 config1=139864804691136 config2=0 pid=-1 cpu=0 group_fd=-1 flags=8 kprobe_func=__x64_sys_dup3 kprobe_addr=0 -> fd=532 errno=0
[566.649732 pid=12507 tid=12514] BPF_LINK_CREATE prog_fd=202 target_fd=532 attach_type=41 flags=0
[566.650012 pid=12507 tid=12514] BPF_PERF_EVENT target retained target_fd=532 hold_fd=534 link_fd=533
[566.650246 pid=12507 tid=12514] BPF_TASK_FD_QUERY target_fd=532 attach_type=41 -> ret=0 errno=0 fd_type=3 prog_id=252 probe_offset=0 probe_addr=18446744072525261744 symbol=__x64_sys_dup3
[566.650454 pid=12507 tid=12514]   LINK_CREATE -> fd=533 errno=0 kernel_link_id=225
[566.650688 pid=12507 tid=12514] PERF_EVENT_IOC_ENABLE event_fd=532
[566.651309 pid=12507 tid=12514] perf_event_open type=8 config=1 config1=139864804691136 config2=0 pid=-1 cpu=0 group_fd=-1 flags=8 kprobe_func=__ia32_sys_dup3 kprobe_addr=0 -> fd=535 errno=0
[566.651517 pid=12507 tid=12514] BPF_LINK_CREATE prog_fd=202 target_fd=535 attach_type=41 flags=0
[566.651739 pid=12507 tid=12514] BPF_PERF_EVENT target retained target_fd=535 hold_fd=537 link_fd=536
[566.651995 pid=12507 tid=12514] BPF_TASK_FD_QUERY target_fd=535 attach_type=41 -> ret=0 errno=0 fd_type=3 prog_id=252 probe_offset=0 probe_addr=18446744072525261792 symbol=__ia32_sys_dup3
[566.652161 pid=12507 tid=12514]   LINK_CREATE -> fd=536 errno=0 kernel_link_id=226
[566.652411 pid=12507 tid=12514] PERF_EVENT_IOC_ENABLE event_fd=535
[566.653802 pid=12507 tid=12514] perf_event_open type=8 config=0 config1=139864804695056 config2=0 pid=-1 cpu=0 group_fd=-1 flags=8 kprobe_func=__x64_sys_process_vm_writev kprobe_addr=0 -> fd=538 errno=0
[566.654056 pid=12507 tid=12514] BPF_LINK_CREATE prog_fd=172 target_fd=538 attach_type=41 flags=0
[566.654279 pid=12507 tid=12514] BPF_PERF_EVENT target retained target_fd=538 hold_fd=540 link_fd=539
[566.654512 pid=12507 tid=12514] BPF_TASK_FD_QUERY target_fd=538 attach_type=41 -> ret=0 errno=0 fd_type=2 prog_id=225 probe_offset=0 probe_addr=18446744072524411264 symbol=__x64_sys_process_vm_writev
[566.654796 pid=12507 tid=12514]   LINK_CREATE -> fd=539 errno=0 kernel_link_id=227
[566.655013 pid=12507 tid=12514] PERF_EVENT_IOC_ENABLE event_fd=538
[566.655578 pid=12507 tid=12514] perf_event_open type=8 config=0 config1=139864804696160 config2=0 pid=-1 cpu=0 group_fd=-1 flags=8 kprobe_func=__ia32_sys_process_vm_writev kprobe_addr=0 -> fd=541 errno=0
[566.655772 pid=12507 tid=12514] BPF_LINK_CREATE prog_fd=172 target_fd=541 attach_type=41 flags=0
[566.655991 pid=12507 tid=12514] BPF_PERF_EVENT target retained target_fd=541 hold_fd=543 link_fd=542
[566.656187 pid=12507 tid=12514] BPF_TASK_FD_QUERY target_fd=541 attach_type=41 -> ret=0 errno=0 fd_type=2 prog_id=225 probe_offset=0 probe_addr=18446744072524411328 symbol=__ia32_sys_process_vm_writev
[566.656545 pid=12507 tid=12514]   LINK_CREATE -> fd=542 errno=0 kernel_link_id=228
[566.656839 pid=12507 tid=12514] PERF_EVENT_IOC_ENABLE event_fd=541
[566.657275 pid=12507 tid=12514] perf_event_open type=8 config=0 config1=139864804697264 config2=0 pid=-1 cpu=0 group_fd=-1 flags=8 kprobe_func=__ia32_compat_sys_process_vm_writev kprobe_addr=0 -> fd=544 errno=0
[566.657562 pid=12507 tid=12514] BPF_LINK_CREATE prog_fd=172 target_fd=544 attach_type=41 flags=0
[566.657852 pid=12507 tid=12514] BPF_PERF_EVENT target retained target_fd=544 hold_fd=546 link_fd=545
[566.658135 pid=12507 tid=12514] BPF_TASK_FD_QUERY target_fd=544 attach_type=41 -> ret=0 errno=0 fd_type=2 prog_id=225 probe_offset=0 probe_addr=18446744072521468736 symbol=__ia32_compat_sys_process_vm_writev
[566.658392 pid=12507 tid=12514]   LINK_CREATE -> fd=545 errno=0 kernel_link_id=229
[566.658659 pid=12507 tid=12514] PERF_EVENT_IOC_ENABLE event_fd=544
[566.659259 pid=12507 tid=12514] perf_event_open type=8 config=1 config1=139864804699520 config2=0 pid=-1 cpu=0 group_fd=-1 flags=8 kprobe_func=__register_chrdev kprobe_addr=0 -> fd=547 errno=0
[566.659559 pid=12507 tid=12514] BPF_LINK_CREATE prog_fd=286 target_fd=547 attach_type=41 flags=0
[566.659794 pid=12507 tid=12514] BPF_PERF_EVENT target retained target_fd=547 hold_fd=549 link_fd=548
[566.660480 pid=12507 tid=12514] BPF_TASK_FD_QUERY target_fd=547 attach_type=41 -> ret=0 errno=0 fd_type=3 prog_id=507 probe_offset=0 probe_addr=18446744072525102816 symbol=__register_chrdev
[566.660876 pid=12507 tid=12514]   LINK_CREATE -> fd=548 errno=0 kernel_link_id=230
[566.661493 pid=12507 tid=12514] PERF_EVENT_IOC_ENABLE event_fd=547
[566.665816 pid=12507 tid=12514] perf_event_open type=8 config=0 config1=139864804699520 config2=0 pid=-1 cpu=0 group_fd=-1 flags=8 kprobe_func=security_file_open kprobe_addr=0 -> fd=550 errno=0
[566.666099 pid=12507 tid=12514] BPF_LINK_CREATE prog_fd=240 target_fd=550 attach_type=41 flags=0
[566.666446 pid=12507 tid=12514] BPF_PERF_EVENT target retained target_fd=550 hold_fd=552 link_fd=551
[566.666742 pid=12507 tid=12514] BPF_TASK_FD_QUERY target_fd=550 attach_type=41 -> ret=0 errno=0 fd_type=2 prog_id=351 probe_offset=0 probe_addr=18446744072527994928 symbol=security_file_open
[566.666843 pid=12507 tid=12514]   LINK_CREATE -> fd=551 errno=0 kernel_link_id=231
[566.667055 pid=12507 tid=12514] PERF_EVENT_IOC_ENABLE event_fd=550
[566.667731 pid=12507 tid=12514] perf_event_open type=8 config=1 config1=139864804699520 config2=0 pid=-1 cpu=0 group_fd=-1 flags=8 kprobe_func=vfs_read kprobe_addr=0 -> fd=553 errno=0
[566.667976 pid=12507 tid=12514] BPF_LINK_CREATE prog_fd=270 target_fd=553 attach_type=41 flags=0
[566.668068 pid=12507 tid=12514] BPF_PERF_EVENT target retained target_fd=553 hold_fd=555 link_fd=554
[566.668189 pid=12507 tid=12514] BPF_TASK_FD_QUERY target_fd=553 attach_type=41 -> ret=0 errno=0 fd_type=3 prog_id=453 probe_offset=0 probe_addr=18446744072525074944 symbol=vfs_read
[566.668270 pid=12507 tid=12514]   LINK_CREATE -> fd=554 errno=0 kernel_link_id=232
[566.668340 pid=12507 tid=12514] PERF_EVENT_IOC_ENABLE event_fd=553
[566.672051 pid=12507 tid=12514] perf_event_open type=8 config=0 config1=139864804699520 config2=0 pid=-1 cpu=0 group_fd=-1 flags=8 kprobe_func=security_settime64 kprobe_addr=0 -> fd=556 errno=0
[566.672368 pid=12507 tid=12514] BPF_LINK_CREATE prog_fd=309 target_fd=556 attach_type=41 flags=0
[566.672751 pid=12507 tid=12514] BPF_PERF_EVENT target retained target_fd=556 hold_fd=558 link_fd=557
[566.672863 pid=12507 tid=12514] BPF_TASK_FD_QUERY target_fd=556 attach_type=41 -> ret=0 errno=0 fd_type=2 prog_id=585 probe_offset=0 probe_addr=18446744072527977520 symbol=security_settime64
[566.672983 pid=12507 tid=12514]   LINK_CREATE -> fd=557 errno=0 kernel_link_id=233
[566.673063 pid=12507 tid=12514] PERF_EVENT_IOC_ENABLE event_fd=556
[566.676953 pid=12507 tid=12514] perf_event_open type=8 config=0 config1=139864804699520 config2=0 pid=-1 cpu=0 group_fd=-1 flags=8 kprobe_func=set_fs_pwd kprobe_addr=0 -> fd=559 errno=0
[566.677102 pid=12507 tid=12514] BPF_LINK_CREATE prog_fd=311 target_fd=559 attach_type=41 flags=0
[566.677451 pid=12507 tid=12514] BPF_PERF_EVENT target retained target_fd=559 hold_fd=561 link_fd=560
[566.677916 pid=12507 tid=12514] BPF_TASK_FD_QUERY target_fd=559 attach_type=41 -> ret=0 errno=0 fd_type=2 prog_id=579 probe_offset=0 probe_addr=18446744072525429888 symbol=set_fs_pwd
[566.678043 pid=12507 tid=12514]   LINK_CREATE -> fd=560 errno=0 kernel_link_id=234
[566.678366 pid=12507 tid=12514] PERF_EVENT_IOC_ENABLE event_fd=559
[566.679191 pid=12507 tid=12514] perf_event_open type=8 config=0 config1=139864804699520 config2=0 pid=-1 cpu=0 group_fd=-1 flags=8 kprobe_func=__kernel_write kprobe_addr=0 -> fd=562 errno=0
[566.679581 pid=12507 tid=12514] BPF_LINK_CREATE prog_fd=63 target_fd=562 attach_type=41 flags=0
[566.679880 pid=12507 tid=12514] BPF_PERF_EVENT target retained target_fd=562 hold_fd=564 link_fd=563
[566.680232 pid=12507 tid=12514] BPF_TASK_FD_QUERY target_fd=562 attach_type=41 -> ret=0 errno=0 fd_type=2 prog_id=435 probe_offset=0 probe_addr=18446744072525076848 symbol=__kernel_write
[566.680638 pid=12507 tid=12514]   LINK_CREATE -> fd=563 errno=0 kernel_link_id=235
[566.680955 pid=12507 tid=12514] PERF_EVENT_IOC_ENABLE event_fd=562
[566.685203 pid=12507 tid=12514] perf_event_open type=8 config=0 config1=139864804699520 config2=0 pid=-1 cpu=0 group_fd=-1 flags=8 kprobe_func=security_socket_accept kprobe_addr=0 -> fd=565 errno=0
[566.685655 pid=12507 tid=12514] BPF_LINK_CREATE prog_fd=247 target_fd=565 attach_type=41 flags=0
[566.686165 pid=12507 tid=12514] BPF_PERF_EVENT target retained target_fd=565 hold_fd=567 link_fd=566
[566.686505 pid=12507 tid=12514] BPF_TASK_FD_QUERY target_fd=565 attach_type=41 -> ret=0 errno=0 fd_type=2 prog_id=390 probe_offset=0 probe_addr=18446744072528007424 symbol=security_socket_accept
[566.686754 pid=12507 tid=12514]   LINK_CREATE -> fd=566 errno=0 kernel_link_id=236
[566.686957 pid=12507 tid=12514] PERF_EVENT_IOC_ENABLE event_fd=565
[566.687106 pid=12507 tid=12514] BPF_LINK_CREATE prog_fd=265 target_fd=568 attach_type=1 flags=0
[566.687963 pid=12507 tid=12514]   LINK_CREATE -> fd=569 errno=0 kernel_link_id=237
[566.688119 pid=12507 tid=12514] BPF_RAW_TRACEPOINT_OPEN name=sched_process_exec prog_fd=329
[566.688218 pid=12507 tid=12514]   RAW_TRACEPOINT_OPEN -> fd=568 errno=0
[566.688337 pid=12507 tid=12514] BPF_RAW_TRACEPOINT_OPEN name=cgroup_rmdir prog_fd=231
[566.689418 pid=12507 tid=12514]   RAW_TRACEPOINT_OPEN -> fd=570 errno=0
[566.692680 pid=12507 tid=12514] perf_event_open type=8 config=0 config1=139864804707712 config2=0 pid=-1 cpu=0 group_fd=-1 flags=8 kprobe_func=exec_binprm kprobe_addr=0 -> fd=571 errno=0
[566.692887 pid=12507 tid=12514] BPF_LINK_CREATE prog_fd=307 target_fd=571 attach_type=41 flags=0
[566.693010 pid=12507 tid=12514] BPF_PERF_EVENT target retained target_fd=571 hold_fd=573 link_fd=572
[566.693100 pid=12507 tid=12514] BPF_TASK_FD_QUERY target_fd=571 attach_type=41 -> ret=0 errno=0 fd_type=2 prog_id=567 probe_offset=0 probe_addr=18446744072525114192 symbol=exec_binprm
[566.693186 pid=12507 tid=12514]   LINK_CREATE -> fd=572 errno=0 kernel_link_id=240
[566.693405 pid=12507 tid=12514] PERF_EVENT_IOC_ENABLE event_fd=571
[566.697385 pid=12507 tid=12514] perf_event_open type=8 config=1 config1=139864804707712 config2=0 pid=-1 cpu=0 group_fd=-1 flags=8 kprobe_func=__x64_sys_execve kprobe_addr=0 -> fd=574 errno=0
[566.697511 pid=12507 tid=12514] BPF_LINK_CREATE prog_fd=304 target_fd=574 attach_type=41 flags=0
[566.697632 pid=12507 tid=12514] BPF_PERF_EVENT target retained target_fd=574 hold_fd=576 link_fd=575
[566.697845 pid=12507 tid=12514] BPF_TASK_FD_QUERY target_fd=574 attach_type=41 -> ret=0 errno=0 fd_type=3 prog_id=573 probe_offset=0 probe_addr=18446744072525122752 symbol=__x64_sys_execve
[566.698208 pid=12507 tid=12514]   LINK_CREATE -> fd=575 errno=0 kernel_link_id=241
[566.698586 pid=12507 tid=12514] PERF_EVENT_IOC_ENABLE event_fd=574
[566.702836 pid=12507 tid=12514] perf_event_open type=8 config=1 config1=139864804698368 config2=0 pid=-1 cpu=0 group_fd=-1 flags=8 kprobe_func=__ia32_compat_sys_execve kprobe_addr=0 -> fd=577 errno=0
[566.703267 pid=12507 tid=12514] BPF_LINK_CREATE prog_fd=304 target_fd=577 attach_type=41 flags=0
[566.703525 pid=12507 tid=12514] BPF_PERF_EVENT target retained target_fd=577 hold_fd=579 link_fd=578
[566.703834 pid=12507 tid=12514] BPF_TASK_FD_QUERY target_fd=577 attach_type=41 -> ret=0 errno=0 fd_type=3 prog_id=573 probe_offset=0 probe_addr=18446744072525122320 symbol=__ia32_compat_sys_execve
[566.703954 pid=12507 tid=12514]   LINK_CREATE -> fd=578 errno=0 kernel_link_id=242
[566.704318 pid=12507 tid=12514] PERF_EVENT_IOC_ENABLE event_fd=577
[566.707954 pid=12507 tid=12514] perf_event_open type=8 config=0 config1=139864804707712 config2=0 pid=-1 cpu=0 group_fd=-1 flags=8 kprobe_func=debugfs_create_dir kprobe_addr=0 -> fd=580 errno=0
[566.708299 pid=12507 tid=12514] BPF_LINK_CREATE prog_fd=245 target_fd=580 attach_type=41 flags=0
[566.708444 pid=12507 tid=12514] BPF_PERF_EVENT target retained target_fd=580 hold_fd=582 link_fd=581
[566.708650 pid=12507 tid=12514] BPF_TASK_FD_QUERY target_fd=580 attach_type=41 -> ret=0 errno=0 fd_type=2 prog_id=381 probe_offset=0 probe_addr=18446744072527794032 symbol=debugfs_create_dir
[566.708738 pid=12507 tid=12514]   LINK_CREATE -> fd=581 errno=0 kernel_link_id=243
[566.708895 pid=12507 tid=12514] PERF_EVENT_IOC_ENABLE event_fd=580
[566.712509 pid=12507 tid=12514] perf_event_open type=8 config=0 config1=139864804707712 config2=0 pid=-1 cpu=0 group_fd=-1 flags=8 kprobe_func=filldir64 kprobe_addr=0 -> fd=583 errno=0
[566.712633 pid=12507 tid=12514] BPF_LINK_CREATE prog_fd=224 target_fd=583 attach_type=41 flags=0
[566.712757 pid=12507 tid=12514] BPF_PERF_EVENT target retained target_fd=583 hold_fd=585 link_fd=584
[566.712975 pid=12507 tid=12514] BPF_TASK_FD_QUERY target_fd=583 attach_type=41 -> ret=0 errno=0 fd_type=2 prog_id=324 probe_offset=0 probe_addr=18446744072525197552 symbol=filldir64
[566.713087 pid=12507 tid=12514]   LINK_CREATE -> fd=584 errno=0 kernel_link_id=244
[566.713300 pid=12507 tid=12514] PERF_EVENT_IOC_ENABLE event_fd=583
[566.716725 pid=12507 tid=12514] perf_event_open type=8 config=0 config1=139864804707712 config2=0 pid=-1 cpu=0 group_fd=-1 flags=8 kprobe_func=do_truncate kprobe_addr=0 -> fd=586 errno=0
[566.716933 pid=12507 tid=12514] BPF_LINK_CREATE prog_fd=303 target_fd=586 attach_type=41 flags=0
[566.717055 pid=12507 tid=12514] BPF_PERF_EVENT target retained target_fd=586 hold_fd=588 link_fd=587
[566.717321 pid=12507 tid=12514] BPF_TASK_FD_QUERY target_fd=586 attach_type=41 -> ret=0 errno=0 fd_type=2 prog_id=555 probe_offset=0 probe_addr=18446744072525053776 symbol=do_truncate
[566.717444 pid=12507 tid=12514]   LINK_CREATE -> fd=587 errno=0 kernel_link_id=245
[566.717670 pid=12507 tid=12514] PERF_EVENT_IOC_ENABLE event_fd=586
[566.718352 pid=12507 tid=12514] BPF_RAW_TRACEPOINT_OPEN name=sched_process_fork prog_fd=209
[566.719066 pid=12507 tid=12514]   RAW_TRACEPOINT_OPEN -> fd=589 errno=0
[566.719153 pid=12507 tid=12514] BPF_RAW_TRACEPOINT_OPEN name=sched_process_fork prog_fd=166
[566.719438 pid=12507 tid=12514]   RAW_TRACEPOINT_OPEN -> fd=590 errno=0
[566.723369 pid=12507 tid=12514] perf_event_open type=8 config=0 config1=139864804707712 config2=0 pid=-1 cpu=0 group_fd=-1 flags=8 kprobe_func=security_inode_rename kprobe_addr=0 -> fd=591 errno=0
[566.723498 pid=12507 tid=12514] BPF_LINK_CREATE prog_fd=297 target_fd=591 attach_type=41 flags=0
[566.723622 pid=12507 tid=12514] BPF_PERF_EVENT target retained target_fd=591 hold_fd=593 link_fd=592
[566.723858 pid=12507 tid=12514] BPF_TASK_FD_QUERY target_fd=591 attach_type=41 -> ret=0 errno=0 fd_type=2 prog_id=537 probe_offset=0 probe_addr=18446744072527985120 symbol=security_inode_rename
[566.723969 pid=12507 tid=12514]   LINK_CREATE -> fd=592 errno=0 kernel_link_id=248
[566.724127 pid=12507 tid=12514] PERF_EVENT_IOC_ENABLE event_fd=591
[566.724752 pid=12507 tid=12514] perf_event_open type=8 config=1 config1=139864804707712 config2=0 pid=-1 cpu=0 group_fd=-1 flags=8 kprobe_func=do_mmap kprobe_addr=0 -> fd=594 errno=0
[566.724866 pid=12507 tid=12514] BPF_LINK_CREATE prog_fd=277 target_fd=594 attach_type=41 flags=0
[566.724982 pid=12507 tid=12514] BPF_PERF_EVENT target retained target_fd=594 hold_fd=596 link_fd=595
[566.725064 pid=12507 tid=12514] BPF_TASK_FD_QUERY target_fd=594 attach_type=41 -> ret=0 errno=0 fd_type=3 prog_id=474 probe_offset=0 probe_addr=18446744072524274992 symbol=do_mmap
[566.725146 pid=12507 tid=12514]   LINK_CREATE -> fd=595 errno=0 kernel_link_id=249
[566.725218 pid=12507 tid=12514] PERF_EVENT_IOC_ENABLE event_fd=594
[566.725842 pid=12507 tid=12514] perf_event_open type=8 config=1 config1=139864804707712 config2=0 pid=-1 cpu=0 group_fd=-1 flags=8 kprobe_func=vfs_readv kprobe_addr=0 -> fd=597 errno=0
[566.725926 pid=12507 tid=12514] BPF_LINK_CREATE prog_fd=275 target_fd=597 attach_type=41 flags=0
[566.726011 pid=12507 tid=12514] BPF_PERF_EVENT target retained target_fd=597 hold_fd=599 link_fd=598
[566.726098 pid=12507 tid=12514] BPF_TASK_FD_QUERY target_fd=597 attach_type=41 -> ret=0 errno=0 fd_type=3 prog_id=462 probe_offset=0 probe_addr=18446744072525067840 symbol=vfs_readv
[566.726176 pid=12507 tid=12514]   LINK_CREATE -> fd=598 errno=0 kernel_link_id=250
[566.726248 pid=12507 tid=12514] PERF_EVENT_IOC_ENABLE event_fd=597
[566.726933 pid=12507 tid=12514] perf_event_open type=8 config=0 config1=139864804707712 config2=0 pid=-1 cpu=0 group_fd=-1 flags=8 kprobe_func=__kernel_write kprobe_addr=0 -> fd=600 errno=0
[566.727024 pid=12507 tid=12514] BPF_LINK_CREATE prog_fd=208 target_fd=600 attach_type=41 flags=0
[566.727112 pid=12507 tid=12514] BPF_PERF_EVENT target retained target_fd=600 hold_fd=602 link_fd=601
[566.727198 pid=12507 tid=12514] BPF_TASK_FD_QUERY target_fd=600 attach_type=41 -> ret=0 errno=0 fd_type=2 prog_id=438 probe_offset=0 probe_addr=18446744072525076848 symbol=__kernel_write
[566.727277 pid=12507 tid=12514]   LINK_CREATE -> fd=601 errno=0 kernel_link_id=251
[566.727349 pid=12507 tid=12514] PERF_EVENT_IOC_ENABLE event_fd=600
[566.727816 pid=12507 tid=12514] perf_event_open type=8 config=1 config1=139864804707712 config2=0 pid=-1 cpu=0 group_fd=-1 flags=8 kprobe_func=__x64_sys_arch_prctl kprobe_addr=0 -> fd=603 errno=0
[566.728054 pid=12507 tid=12514] BPF_LINK_CREATE prog_fd=196 target_fd=603 attach_type=41 flags=0
[566.728146 pid=12507 tid=12514] BPF_PERF_EVENT target retained target_fd=603 hold_fd=605 link_fd=604
[566.728226 pid=12507 tid=12514] BPF_TASK_FD_QUERY target_fd=603 attach_type=41 -> ret=0 errno=0 fd_type=3 prog_id=234 probe_offset=0 probe_addr=18446744072520796864 symbol=__x64_sys_arch_prctl
[566.728304 pid=12507 tid=12514]   LINK_CREATE -> fd=604 errno=0 kernel_link_id=252
[566.728374 pid=12507 tid=12514] PERF_EVENT_IOC_ENABLE event_fd=603
[566.728836 pid=12507 tid=12514] perf_event_open type=8 config=1 config1=139864804707712 config2=0 pid=-1 cpu=0 group_fd=-1 flags=8 kprobe_func=__ia32_sys_arch_prctl kprobe_addr=0 -> fd=606 errno=0
[566.729006 pid=12507 tid=12514] BPF_LINK_CREATE prog_fd=196 target_fd=606 attach_type=41 flags=0
[566.729129 pid=12507 tid=12514] BPF_PERF_EVENT target retained target_fd=606 hold_fd=608 link_fd=607
[566.729209 pid=12507 tid=12514] BPF_TASK_FD_QUERY target_fd=606 attach_type=41 -> ret=0 errno=0 fd_type=3 prog_id=234 probe_offset=0 probe_addr=18446744072520796736 symbol=__ia32_sys_arch_prctl
[566.729315 pid=12507 tid=12514]   LINK_CREATE -> fd=607 errno=0 kernel_link_id=253
[566.729386 pid=12507 tid=12514] PERF_EVENT_IOC_ENABLE event_fd=606
[566.800514 pid=12507 tid=12514] perf_event_open type=9 config=0 config1=139864804707712 config2=28915328 pid=-1 cpu=0 group_fd=-1 flags=8 uprobe_path=/proc/self/exe probe_offset=28915328 -> fd=610 errno=0
[566.800863 pid=12507 tid=12514] BPF_LINK_CREATE prog_fd=213 target_fd=610 attach_type=41 flags=0
[566.801325 pid=12507 tid=12514] BPF_PERF_EVENT target retained target_fd=610 hold_fd=612 link_fd=611
[566.801690 pid=12507 tid=12514] BPF_TASK_FD_QUERY target_fd=610 attach_type=41 -> ret=0 errno=0 fd_type=4 prog_id=333 probe_offset=28915328 probe_addr=0 symbol=/proc/self/exe
[566.802126 pid=12507 tid=12514]   LINK_CREATE -> fd=611 errno=0 kernel_link_id=254
[566.802331 pid=12507 tid=12514] PERF_EVENT_IOC_ENABLE event_fd=610
[566.804359 pid=12507 tid=12514] BPF_RAW_TRACEPOINT_OPEN name=sched_process_free prog_fd=178
[566.806122 pid=12507 tid=12514]   RAW_TRACEPOINT_OPEN -> fd=609 errno=0
[566.835169 pid=12507 tid=12519] perf_event_open type=9 config=0 config1=139864536255680 config2=29036448 pid=-1 cpu=0 group_fd=-1 flags=8 uprobe_path=/proc/self/exe probe_offset=29036448 -> fd=614 errno=0
[566.835775 pid=12507 tid=12519] BPF_LINK_CREATE prog_fd=212 target_fd=614 attach_type=41 flags=0
[566.836298 pid=12507 tid=12519] BPF_PERF_EVENT target retained target_fd=614 hold_fd=616 link_fd=615
[566.836798 pid=12507 tid=12519] BPF_TASK_FD_QUERY target_fd=614 attach_type=41 -> ret=0 errno=0 fd_type=4 prog_id=336 probe_offset=29036448 probe_addr=0 symbol=/proc/self/exe
[566.837329 pid=12507 tid=12519]   LINK_CREATE -> fd=615 errno=0 kernel_link_id=256
[566.837826 pid=12507 tid=12519] PERF_EVENT_IOC_ENABLE event_fd=614
[566.844899 pid=12507 tid=12519] perf_event_open type=8 config=0 config1=139864536255680 config2=0 pid=-1 cpu=0 group_fd=-1 flags=8 kprobe_func=security_mmap_addr kprobe_addr=0 -> fd=613 errno=0
[566.845348 pid=12507 tid=12519] BPF_LINK_CREATE prog_fd=271 target_fd=613 attach_type=41 flags=0
[566.845823 pid=12507 tid=12519] BPF_PERF_EVENT target retained target_fd=613 hold_fd=618 link_fd=617
[566.846032 pid=12507 tid=12519] BPF_TASK_FD_QUERY target_fd=613 attach_type=41 -> ret=0 errno=0 fd_type=2 prog_id=468 probe_offset=0 probe_addr=18446744072527993536 symbol=security_mmap_addr
[566.846412 pid=12507 tid=12519]   LINK_CREATE -> fd=617 errno=0 kernel_link_id=257
[566.846709 pid=12507 tid=12519] PERF_EVENT_IOC_ENABLE event_fd=613
[566.847500 pid=12507 tid=12519] perf_event_open type=8 config=1 config1=139864536255680 config2=0 pid=-1 cpu=0 group_fd=-1 flags=8 kprobe_func=__x64_sys_ptrace kprobe_addr=0 -> fd=619 errno=0
[566.847997 pid=12507 tid=12519] BPF_LINK_CREATE prog_fd=192 target_fd=619 attach_type=41 flags=0
[566.848508 pid=12507 tid=12519] BPF_PERF_EVENT target retained target_fd=619 hold_fd=621 link_fd=620
[566.848910 pid=12507 tid=12519] BPF_TASK_FD_QUERY target_fd=619 attach_type=41 -> ret=0 errno=0 fd_type=3 prog_id=222 probe_offset=0 probe_addr=18446744072521307200 symbol=__x64_sys_ptrace
[566.849358 pid=12507 tid=12519]   LINK_CREATE -> fd=620 errno=0 kernel_link_id=258
[566.849741 pid=12507 tid=12519] PERF_EVENT_IOC_ENABLE event_fd=619
[566.850732 pid=12507 tid=12519] perf_event_open type=8 config=1 config1=139864536255680 config2=0 pid=-1 cpu=0 group_fd=-1 flags=8 kprobe_func=__ia32_sys_ptrace kprobe_addr=0 -> fd=622 errno=0
[566.851275 pid=12507 tid=12519] BPF_LINK_CREATE prog_fd=192 target_fd=622 attach_type=41 flags=0
[566.851702 pid=12507 tid=12519] BPF_PERF_EVENT target retained target_fd=622 hold_fd=624 link_fd=623
[566.851989 pid=12507 tid=12519] BPF_TASK_FD_QUERY target_fd=622 attach_type=41 -> ret=0 errno=0 fd_type=3 prog_id=222 probe_offset=0 probe_addr=18446744072521306528 symbol=__ia32_sys_ptrace
[566.852405 pid=12507 tid=12519]   LINK_CREATE -> fd=623 errno=0 kernel_link_id=259
[566.852666 pid=12507 tid=12519] PERF_EVENT_IOC_ENABLE event_fd=622
[566.853489 pid=12507 tid=12519] perf_event_open type=8 config=1 config1=139864536259552 config2=0 pid=-1 cpu=0 group_fd=-1 flags=8 kprobe_func=__ia32_compat_sys_ptrace kprobe_addr=0 -> fd=625 errno=0
[566.853934 pid=12507 tid=12519] BPF_LINK_CREATE prog_fd=192 target_fd=625 attach_type=41 flags=0
[566.854329 pid=12507 tid=12519] BPF_PERF_EVENT target retained target_fd=625 hold_fd=627 link_fd=626
[566.854612 pid=12507 tid=12519] BPF_TASK_FD_QUERY target_fd=625 attach_type=41 -> ret=0 errno=0 fd_type=3 prog_id=222 probe_offset=0 probe_addr=18446744072521306864 symbol=__ia32_compat_sys_ptrace
[566.854912 pid=12507 tid=12519]   LINK_CREATE -> fd=626 errno=0 kernel_link_id=260
[566.855086 pid=12507 tid=12519] PERF_EVENT_IOC_ENABLE event_fd=625
[566.855434 pid=12507 tid=12519] BPF_RAW_TRACEPOINT_OPEN name=sys_exit prog_fd=165
[566.856793 pid=12507 tid=12519]   RAW_TRACEPOINT_OPEN -> fd=628 errno=0
[566.860709 pid=12507 tid=12519] perf_event_open type=8 config=0 config1=139864536255680 config2=0 pid=-1 cpu=0 group_fd=-1 flags=8 kprobe_func=chmod_common kprobe_addr=0 -> fd=629 errno=0
[566.861053 pid=12507 tid=12519] BPF_LINK_CREATE prog_fd=314 target_fd=629 attach_type=41 flags=0
[566.861328 pid=12507 tid=12519] BPF_PERF_EVENT target retained target_fd=629 hold_fd=631 link_fd=630
[566.861560 pid=12507 tid=12519] BPF_TASK_FD_QUERY target_fd=629 attach_type=41 -> ret=0 errno=0 fd_type=2 prog_id=588 probe_offset=0 probe_addr=18446744072525055776 symbol=chmod_common
[566.861834 pid=12507 tid=12519]   LINK_CREATE -> fd=630 errno=0 kernel_link_id=262
[566.862088 pid=12507 tid=12519] PERF_EVENT_IOC_ENABLE event_fd=629
[566.866318 pid=12507 tid=12519] perf_event_open type=8 config=0 config1=139864536255680 config2=0 pid=-1 cpu=0 group_fd=-1 flags=8 kprobe_func=device_add kprobe_addr=0 -> fd=632 errno=0
[566.866524 pid=12507 tid=12519] BPF_LINK_CREATE prog_fd=276 target_fd=632 attach_type=41 flags=0
[566.866765 pid=12507 tid=12519] BPF_PERF_EVENT target retained target_fd=632 hold_fd=634 link_fd=633
[566.866952 pid=12507 tid=12519] BPF_TASK_FD_QUERY target_fd=632 attach_type=41 -> ret=0 errno=0 fd_type=2 prog_id=501 probe_offset=0 probe_addr=18446744072530939616 symbol=device_add
[566.867186 pid=12507 tid=12519]   LINK_CREATE -> fd=633 errno=0 kernel_link_id=263
[566.867394 pid=12507 tid=12519] PERF_EVENT_IOC_ENABLE event_fd=632
[566.868070 pid=12507 tid=12519] perf_event_open type=8 config=0 config1=139864536255680 config2=0 pid=-1 cpu=0 group_fd=-1 flags=8 kprobe_func=register_kprobe kprobe_addr=0 -> fd=635 errno=0
[566.868330 pid=12507 tid=12519] BPF_LINK_CREATE prog_fd=75 target_fd=635 attach_type=41 flags=0
[566.868597 pid=12507 tid=12519] BPF_PERF_EVENT target retained target_fd=635 hold_fd=637 link_fd=636
[566.868837 pid=12507 tid=12519] BPF_TASK_FD_QUERY target_fd=635 attach_type=41 -> ret=0 errno=0 fd_type=2 prog_id=486 probe_offset=0 probe_addr=18446744072522643024 symbol=register_kprobe
[566.869072 pid=12507 tid=12519]   LINK_CREATE -> fd=636 errno=0 kernel_link_id=264
[566.869412 pid=12507 tid=12519] PERF_EVENT_IOC_ENABLE event_fd=635
[566.870204 pid=12507 tid=12519] perf_event_open type=8 config=0 config1=139864536255680 config2=0 pid=-1 cpu=0 group_fd=-1 flags=8 kprobe_func=vfs_writev kprobe_addr=0 -> fd=638 errno=0
[566.870480 pid=12507 tid=12519] BPF_LINK_CREATE prog_fd=60 target_fd=638 attach_type=41 flags=0
[566.870817 pid=12507 tid=12519] BPF_PERF_EVENT target retained target_fd=638 hold_fd=640 link_fd=639
[566.871134 pid=12507 tid=12519] BPF_TASK_FD_QUERY target_fd=638 attach_type=41 -> ret=0 errno=0 fd_type=2 prog_id=420 probe_offset=0 probe_addr=18446744072525069984 symbol=vfs_writev
[566.871367 pid=12507 tid=12519]   LINK_CREATE -> fd=639 errno=0 kernel_link_id=265
[566.871548 pid=12507 tid=12519] PERF_EVENT_IOC_ENABLE event_fd=638
[566.872173 pid=12507 tid=12519] perf_event_open type=8 config=0 config1=139864536255680 config2=0 pid=-1 cpu=0 group_fd=-1 flags=8 kprobe_func=inotify_find_inode kprobe_addr=0 -> fd=641 errno=0
[566.872531 pid=12507 tid=12519] BPF_LINK_CREATE prog_fd=90 target_fd=641 attach_type=41 flags=0
[566.872747 pid=12507 tid=12519] BPF_PERF_EVENT target retained target_fd=641 hold_fd=643 link_fd=642
[566.873068 pid=12507 tid=12519] BPF_TASK_FD_QUERY target_fd=641 attach_type=41 -> ret=0 errno=0 fd_type=2 prog_id=558 probe_offset=0 probe_addr=18446744072525525424 symbol=inotify_find_inode
[566.873340 pid=12507 tid=12519]   LINK_CREATE -> fd=642 errno=0 kernel_link_id=266
[566.873644 pid=12507 tid=12519] PERF_EVENT_IOC_ENABLE event_fd=641
[566.877977 pid=12507 tid=12519] perf_event_open type=8 config=0 config1=139864536255680 config2=0 pid=-1 cpu=0 group_fd=-1 flags=8 kprobe_func=security_inode_unlink kprobe_addr=0 -> fd=644 errno=0
[566.878398 pid=12507 tid=12519] BPF_LINK_CREATE prog_fd=237 target_fd=644 attach_type=41 flags=0
[566.878518 pid=12507 tid=12519] BPF_PERF_EVENT target retained target_fd=644 hold_fd=646 link_fd=645
[566.878734 pid=12507 tid=12519] BPF_TASK_FD_QUERY target_fd=644 attach_type=41 -> ret=0 errno=0 fd_type=2 prog_id=357 probe_offset=0 probe_addr=18446744072527984176 symbol=security_inode_unlink
[566.878815 pid=12507 tid=12519]   LINK_CREATE -> fd=645 errno=0 kernel_link_id=267
[566.879032 pid=12507 tid=12519] PERF_EVENT_IOC_ENABLE event_fd=644
[566.882372 pid=12507 tid=12519] perf_event_open type=8 config=0 config1=139864536255680 config2=0 pid=-1 cpu=0 group_fd=-1 flags=8 kprobe_func=cap_capable kprobe_addr=0 -> fd=647 errno=0
[566.882550 pid=12507 tid=12519] BPF_LINK_CREATE prog_fd=236 target_fd=647 attach_type=41 flags=0
[566.882674 pid=12507 tid=12519] BPF_PERF_EVENT target retained target_fd=647 hold_fd=649 link_fd=648
[566.882846 pid=12507 tid=12519] BPF_TASK_FD_QUERY target_fd=647 attach_type=41 -> ret=0 errno=0 fd_type=2 prog_id=366 probe_offset=0 probe_addr=18446744072527950528 symbol=cap_capable
[566.882922 pid=12507 tid=12519]   LINK_CREATE -> fd=648 errno=0 kernel_link_id=268
[566.883085 pid=12507 tid=12519] PERF_EVENT_IOC_ENABLE event_fd=647
[566.883173 pid=12507 tid=12519] BPF_RAW_TRACEPOINT_OPEN name=sys_enter prog_fd=185
[566.884199 pid=12507 tid=12519]   RAW_TRACEPOINT_OPEN -> fd=650 errno=0
[566.913166 pid=12507 tid=12519] perf_event_open type=9 config=0 config1=139864536255680 config2=28912480 pid=-1 cpu=0 group_fd=-1 flags=8 uprobe_path=/proc/self/exe probe_offset=28912480 -> fd=652 errno=0
[566.913704 pid=12507 tid=12519] BPF_LINK_CREATE prog_fd=190 target_fd=652 attach_type=41 flags=0
[566.914070 pid=12507 tid=12519] BPF_PERF_EVENT target retained target_fd=652 hold_fd=654 link_fd=653
[566.914383 pid=12507 tid=12519] BPF_TASK_FD_QUERY target_fd=652 attach_type=41 -> ret=0 errno=0 fd_type=4 prog_id=282 probe_offset=28912480 probe_addr=0 symbol=/proc/self/exe
[566.914586 pid=12507 tid=12519]   LINK_CREATE -> fd=653 errno=0 kernel_link_id=270
[566.914877 pid=12507 tid=12519] PERF_EVENT_IOC_ENABLE event_fd=652
[566.917473 pid=12507 tid=12519] perf_event_open type=8 config=1 config1=139864536255680 config2=0 pid=-1 cpu=0 group_fd=-1 flags=8 kprobe_func=vfs_write kprobe_addr=0 -> fd=651 errno=0
[566.917922 pid=12507 tid=12519] BPF_LINK_CREATE prog_fd=263 target_fd=651 attach_type=41 flags=0
[566.918040 pid=12507 tid=12519] BPF_PERF_EVENT target retained target_fd=651 hold_fd=656 link_fd=655
[566.918383 pid=12507 tid=12519] BPF_TASK_FD_QUERY target_fd=651 attach_type=41 -> ret=0 errno=0 fd_type=3 prog_id=414 probe_offset=0 probe_addr=18446744072525077408 symbol=vfs_write
[566.918619 pid=12507 tid=12519]   LINK_CREATE -> fd=655 errno=0 kernel_link_id=271
[566.918925 pid=12507 tid=12519] PERF_EVENT_IOC_ENABLE event_fd=651
[566.919670 pid=12507 tid=12519] perf_event_open type=8 config=1 config1=139864536255680 config2=0 pid=-1 cpu=0 group_fd=-1 flags=8 kprobe_func=__kernel_write kprobe_addr=0 -> fd=657 errno=0
[566.919943 pid=12507 tid=12519] BPF_LINK_CREATE prog_fd=273 target_fd=657 attach_type=41 flags=0
[566.920053 pid=12507 tid=12519] BPF_PERF_EVENT target retained target_fd=657 hold_fd=659 link_fd=658
[566.920392 pid=12507 tid=12519] BPF_TASK_FD_QUERY target_fd=657 attach_type=41 -> ret=0 errno=0 fd_type=3 prog_id=444 probe_offset=0 probe_addr=18446744072525076848 symbol=__kernel_write
[566.920672 pid=12507 tid=12519]   LINK_CREATE -> fd=658 errno=0 kernel_link_id=272
[566.920919 pid=12507 tid=12519] PERF_EVENT_IOC_ENABLE event_fd=657
[566.924044 pid=12507 tid=12519] perf_event_open type=8 config=0 config1=139864536255680 config2=0 pid=-1 cpu=0 group_fd=-1 flags=8 kprobe_func=security_sb_mount kprobe_addr=0 -> fd=660 errno=0
[566.924293 pid=12507 tid=12519] BPF_LINK_CREATE prog_fd=235 target_fd=660 attach_type=41 flags=0
[566.924413 pid=12507 tid=12519] BPF_PERF_EVENT target retained target_fd=660 hold_fd=662 link_fd=661
[566.924652 pid=12507 tid=12519] BPF_TASK_FD_QUERY target_fd=660 attach_type=41 -> ret=0 errno=0 fd_type=2 prog_id=354 probe_offset=0 probe_addr=18446744072527980240 symbol=security_sb_mount
[566.924738 pid=12507 tid=12519]   LINK_CREATE -> fd=661 errno=0 kernel_link_id=273
[566.924932 pid=12507 tid=12519] PERF_EVENT_IOC_ENABLE event_fd=660
[566.929094 pid=12507 tid=12519] perf_event_open type=8 config=0 config1=139864536255680 config2=0 pid=-1 cpu=0 group_fd=-1 flags=8 kprobe_func=security_socket_listen kprobe_addr=0 -> fd=663 errno=0
[566.929468 pid=12507 tid=12519] BPF_LINK_CREATE prog_fd=241 target_fd=663 attach_type=41 flags=0
[566.929689 pid=12507 tid=12519] BPF_PERF_EVENT target retained target_fd=663 hold_fd=665 link_fd=664
[566.929887 pid=12507 tid=12519] BPF_TASK_FD_QUERY target_fd=663 attach_type=41 -> ret=0 errno=0 fd_type=2 prog_id=384 probe_offset=0 probe_addr=18446744072528007232 symbol=security_socket_listen
[566.929991 pid=12507 tid=12519]   LINK_CREATE -> fd=664 errno=0 kernel_link_id=274
[566.930190 pid=12507 tid=12519] PERF_EVENT_IOC_ENABLE event_fd=663
[566.930309 pid=12507 tid=12519] BPF_RAW_TRACEPOINT_OPEN name=task_rename prog_fd=288
[566.931007 pid=12507 tid=12519]   RAW_TRACEPOINT_OPEN -> fd=666 errno=0
[566.931664 pid=12507 tid=12519] perf_event_open type=8 config=0 config1=139864536255680 config2=0 pid=-1 cpu=0 group_fd=-1 flags=8 kprobe_func=security_bprm_check kprobe_addr=0 -> fd=667 errno=0
[566.931914 pid=12507 tid=12519] BPF_LINK_CREATE prog_fd=234 target_fd=667 attach_type=41 flags=0
[566.932012 pid=12507 tid=12519] BPF_PERF_EVENT target retained target_fd=667 hold_fd=669 link_fd=668
[566.932082 pid=12507 tid=12519] BPF_TASK_FD_QUERY target_fd=667 attach_type=41 -> ret=0 errno=0 fd_type=2 prog_id=348 probe_offset=0 probe_addr=18446744072527978224 symbol=security_bprm_check
[566.932179 pid=12507 tid=12519]   LINK_CREATE -> fd=668 errno=0 kernel_link_id=276
[566.932409 pid=12507 tid=12519] PERF_EVENT_IOC_ENABLE event_fd=667
[566.935248 pid=12507 tid=12519] perf_event_open type=8 config=1 config1=139864536264272 config2=0 pid=-1 cpu=0 group_fd=-1 flags=8 kprobe_func=__ia32_compat_sys_execveat kprobe_addr=0 -> fd=670 errno=0
[566.935489 pid=12507 tid=12519] BPF_LINK_CREATE prog_fd=304 target_fd=670 attach_type=41 flags=0
[566.935609 pid=12507 tid=12519] BPF_PERF_EVENT target retained target_fd=670 hold_fd=672 link_fd=671
[566.935801 pid=12507 tid=12519] BPF_TASK_FD_QUERY target_fd=670 attach_type=41 -> ret=0 errno=0 fd_type=3 prog_id=573 probe_offset=0 probe_addr=18446744072525122192 symbol=__ia32_compat_sys_execveat
[566.935902 pid=12507 tid=12519]   LINK_CREATE -> fd=671 errno=0 kernel_link_id=277
[566.936055 pid=12507 tid=12519] PERF_EVENT_IOC_ENABLE event_fd=670
[566.936165 pid=12507 tid=12519] BPF_RAW_TRACEPOINT_OPEN name=cgroup_mkdir prog_fd=254
[566.936957 pid=12507 tid=12519]   RAW_TRACEPOINT_OPEN -> fd=673 errno=0
[566.939900 pid=12507 tid=12519] perf_event_open type=8 config=0 config1=139864536255680 config2=0 pid=-1 cpu=0 group_fd=-1 flags=8 kprobe_func=security_socket_create kprobe_addr=0 -> fd=674 errno=0
[566.940183 pid=12507 tid=12519] BPF_LINK_CREATE prog_fd=238 target_fd=674 attach_type=41 flags=0
[566.940453 pid=12507 tid=12519] BPF_PERF_EVENT target retained target_fd=674 hold_fd=676 link_fd=675
[566.940820 pid=12507 tid=12519] BPF_TASK_FD_QUERY target_fd=674 attach_type=41 -> ret=0 errno=0 fd_type=2 prog_id=369 probe_offset=0 probe_addr=18446744072528006192 symbol=security_socket_create
[566.941066 pid=12507 tid=12519]   LINK_CREATE -> fd=675 errno=0 kernel_link_id=279
[566.941374 pid=12507 tid=12519] PERF_EVENT_IOC_ENABLE event_fd=674
[566.944656 pid=12507 tid=12519] perf_event_open type=8 config=0 config1=139864536255680 config2=0 pid=-1 cpu=0 group_fd=-1 flags=8 kprobe_func=__debugfs_create_file kprobe_addr=0 -> fd=677 errno=0
[566.944973 pid=12507 tid=12519] BPF_LINK_CREATE prog_fd=244 target_fd=677 attach_type=41 flags=0
[566.945103 pid=12507 tid=12519] BPF_PERF_EVENT target retained target_fd=677 hold_fd=679 link_fd=678
[566.945294 pid=12507 tid=12519] BPF_TASK_FD_QUERY target_fd=677 attach_type=41 -> ret=0 errno=0 fd_type=2 prog_id=378 probe_offset=0 probe_addr=18446744072527793040 symbol=__debugfs_create_file
[566.945406 pid=12507 tid=12519]   LINK_CREATE -> fd=678 errno=0 kernel_link_id=280
[566.945648 pid=12507 tid=12519] PERF_EVENT_IOC_ENABLE event_fd=677
[566.946211 pid=12507 tid=12519] perf_event_open type=8 config=0 config1=139864536255680 config2=0 pid=-1 cpu=0 group_fd=-1 flags=8 kprobe_func=vfs_writev kprobe_addr=0 -> fd=680 errno=0
[566.946454 pid=12507 tid=12519] BPF_LINK_CREATE prog_fd=189 target_fd=680 attach_type=41 flags=0
[566.946529 pid=12507 tid=12519] BPF_PERF_EVENT target retained target_fd=680 hold_fd=682 link_fd=681
[566.946695 pid=12507 tid=12519] BPF_TASK_FD_QUERY target_fd=680 attach_type=41 -> ret=0 errno=0 fd_type=2 prog_id=423 probe_offset=0 probe_addr=18446744072525069984 symbol=vfs_writev
[566.946791 pid=12507 tid=12519]   LINK_CREATE -> fd=681 errno=0 kernel_link_id=281
[566.946957 pid=12507 tid=12519] PERF_EVENT_IOC_ENABLE event_fd=680
[566.949966 pid=12507 tid=12519] perf_event_open type=8 config=0 config1=139864536255680 config2=0 pid=-1 cpu=0 group_fd=-1 flags=8 kprobe_func=security_inode_symlink kprobe_addr=0 -> fd=683 errno=0
[566.950079 pid=12507 tid=12519] BPF_LINK_CREATE prog_fd=242 target_fd=683 attach_type=41 flags=0
[566.950180 pid=12507 tid=12519] BPF_PERF_EVENT target retained target_fd=683 hold_fd=685 link_fd=684
[566.950344 pid=12507 tid=12519] BPF_TASK_FD_QUERY target_fd=683 attach_type=41 -> ret=0 errno=0 fd_type=2 prog_id=372 probe_offset=0 probe_addr=18446744072527984384 symbol=security_inode_symlink
[566.950439 pid=12507 tid=12519]   LINK_CREATE -> fd=684 errno=0 kernel_link_id=282
[566.950592 pid=12507 tid=12519] PERF_EVENT_IOC_ENABLE event_fd=683
[566.951203 pid=12507 tid=12519] BPF_MAP_UPDATE_ELEM prog_array name=sys_exit_init_t map_fd=16 map_id=366 key=0 prog_fd=171 prog_id=207 flags=0 ret=0 errno=0
[566.951323 pid=12507 tid=12519] native-loader jit-info prog_array-target fd=171 id=207 type=17 name=sys_exit_init tag=e9757419dbd8dd2d jited_len=1856 xlated_len=3096 nr_jited_ksyms=1 ksym0=0xffffffffc040370c ksym1=0x0
[566.951441 pid=12507 tid=12519] BPF_MAP_UPDATE_ELEM prog_array name=sys_exit_init_t map_fd=16 map_id=366 key=1 prog_fd=171 prog_id=207 flags=0 ret=0 errno=0
[566.951515 pid=12507 tid=12519] native-loader jit-info prog_array-target fd=171 id=207 type=17 name=sys_exit_init tag=e9757419dbd8dd2d jited_len=1856 xlated_len=3096 nr_jited_ksyms=1 ksym0=0xffffffffc040370c ksym1=0x0
[566.951587 pid=12507 tid=12519] BPF_MAP_UPDATE_ELEM prog_array name=sys_exit_init_t map_fd=16 map_id=366 key=2 prog_fd=171 prog_id=207 flags=0 ret=0 errno=0
[566.951656 pid=12507 tid=12519] native-loader jit-info prog_array-target fd=171 id=207 type=17 name=sys_exit_init tag=e9757419dbd8dd2d jited_len=1856 xlated_len=3096 nr_jited_ksyms=1 ksym0=0xffffffffc040370c ksym1=0x0
[566.951728 pid=12507 tid=12519] BPF_MAP_UPDATE_ELEM prog_array name=sys_exit_init_t map_fd=16 map_id=366 key=3 prog_fd=171 prog_id=207 flags=0 ret=0 errno=0
[566.951798 pid=12507 tid=12519] native-loader jit-info prog_array-target fd=171 id=207 type=17 name=sys_exit_init tag=e9757419dbd8dd2d jited_len=1856 xlated_len=3096 nr_jited_ksyms=1 ksym0=0xffffffffc040370c ksym1=0x0
[566.951871 pid=12507 tid=12519] BPF_MAP_UPDATE_ELEM prog_array name=sys_exit_init_t map_fd=16 map_id=366 key=4 prog_fd=171 prog_id=207 flags=0 ret=0 errno=0
[566.951940 pid=12507 tid=12519] native-loader jit-info prog_array-target fd=171 id=207 type=17 name=sys_exit_init tag=e9757419dbd8dd2d jited_len=1856 xlated_len=3096 nr_jited_ksyms=1 ksym0=0xffffffffc040370c ksym1=0x0
[566.952011 pid=12507 tid=12519] BPF_MAP_UPDATE_ELEM prog_array name=sys_exit_init_t map_fd=16 map_id=366 key=5 prog_fd=171 prog_id=207 flags=0 ret=0 errno=0
[566.952082 pid=12507 tid=12519] native-loader jit-info prog_array-target fd=171 id=207 type=17 name=sys_exit_init tag=e9757419dbd8dd2d jited_len=1856 xlated_len=3096 nr_jited_ksyms=1 ksym0=0xffffffffc040370c ksym1=0x0
[566.952154 pid=12507 tid=12519] BPF_MAP_UPDATE_ELEM prog_array name=sys_exit_init_t map_fd=16 map_id=366 key=6 prog_fd=171 prog_id=207 flags=0 ret=0 errno=0
[566.952224 pid=12507 tid=12519] native-loader jit-info prog_array-target fd=171 id=207 type=17 name=sys_exit_init tag=e9757419dbd8dd2d jited_len=1856 xlated_len=3096 nr_jited_ksyms=1 ksym0=0xffffffffc040370c ksym1=0x0
[566.952295 pid=12507 tid=12519] BPF_MAP_UPDATE_ELEM prog_array name=sys_exit_init_t map_fd=16 map_id=366 key=7 prog_fd=171 prog_id=207 flags=0 ret=0 errno=0
[566.952380 pid=12507 tid=12519] native-loader jit-info prog_array-target fd=171 id=207 type=17 name=sys_exit_init tag=e9757419dbd8dd2d jited_len=1856 xlated_len=3096 nr_jited_ksyms=1 ksym0=0xffffffffc040370c ksym1=0x0
[566.952481 pid=12507 tid=12519] BPF_MAP_UPDATE_ELEM prog_array name=sys_exit_init_t map_fd=16 map_id=366 key=8 prog_fd=171 prog_id=207 flags=0 ret=0 errno=0
[566.952550 pid=12507 tid=12519] native-loader jit-info prog_array-target fd=171 id=207 type=17 name=sys_exit_init tag=e9757419dbd8dd2d jited_len=1856 xlated_len=3096 nr_jited_ksyms=1 ksym0=0xffffffffc040370c ksym1=0x0
[566.952651 pid=12507 tid=12519] BPF_MAP_UPDATE_ELEM prog_array name=sys_exit_init_t map_fd=16 map_id=366 key=9 prog_fd=171 prog_id=207 flags=0 ret=0 errno=0
[566.952721 pid=12507 tid=12519] native-loader jit-info prog_array-target fd=171 id=207 type=17 name=sys_exit_init tag=e9757419dbd8dd2d jited_len=1856 xlated_len=3096 nr_jited_ksyms=1 ksym0=0xffffffffc040370c ksym1=0x0
[566.952793 pid=12507 tid=12519] BPF_MAP_UPDATE_ELEM prog_array name=sys_exit_init_t map_fd=16 map_id=366 key=10 prog_fd=171 prog_id=207 flags=0 ret=0 errno=0
[566.952862 pid=12507 tid=12519] native-loader jit-info prog_array-target fd=171 id=207 type=17 name=sys_exit_init tag=e9757419dbd8dd2d jited_len=1856 xlated_len=3096 nr_jited_ksyms=1 ksym0=0xffffffffc040370c ksym1=0x0
[566.952934 pid=12507 tid=12519] BPF_MAP_UPDATE_ELEM prog_array name=sys_exit_init_t map_fd=16 map_id=366 key=11 prog_fd=171 prog_id=207 flags=0 ret=0 errno=0
[566.953003 pid=12507 tid=12519] native-loader jit-info prog_array-target fd=171 id=207 type=17 name=sys_exit_init tag=e9757419dbd8dd2d jited_len=1856 xlated_len=3096 nr_jited_ksyms=1 ksym0=0xffffffffc040370c ksym1=0x0
[566.953078 pid=12507 tid=12519] BPF_MAP_UPDATE_ELEM prog_array name=sys_exit_init_t map_fd=16 map_id=366 key=12 prog_fd=171 prog_id=207 flags=0 ret=0 errno=0
[566.953148 pid=12507 tid=12519] native-loader jit-info prog_array-target fd=171 id=207 type=17 name=sys_exit_init tag=e9757419dbd8dd2d jited_len=1856 xlated_len=3096 nr_jited_ksyms=1 ksym0=0xffffffffc040370c ksym1=0x0
[566.953220 pid=12507 tid=12519] BPF_MAP_UPDATE_ELEM prog_array name=sys_exit_init_t map_fd=16 map_id=366 key=13 prog_fd=171 prog_id=207 flags=0 ret=0 errno=0
[566.953290 pid=12507 tid=12519] native-loader jit-info prog_array-target fd=171 id=207 type=17 name=sys_exit_init tag=e9757419dbd8dd2d jited_len=1856 xlated_len=3096 nr_jited_ksyms=1 ksym0=0xffffffffc040370c ksym1=0x0
[566.953361 pid=12507 tid=12519] BPF_MAP_UPDATE_ELEM prog_array name=sys_exit_init_t map_fd=16 map_id=366 key=14 prog_fd=171 prog_id=207 flags=0 ret=0 errno=0
[566.953431 pid=12507 tid=12519] native-loader jit-info prog_array-target fd=171 id=207 type=17 name=sys_exit_init tag=e9757419dbd8dd2d jited_len=1856 xlated_len=3096 nr_jited_ksyms=1 ksym0=0xffffffffc040370c ksym1=0x0
[566.953503 pid=12507 tid=12519] BPF_MAP_UPDATE_ELEM prog_array name=sys_exit_init_t map_fd=16 map_id=366 key=15 prog_fd=171 prog_id=207 flags=0 ret=0 errno=0
[566.953573 pid=12507 tid=12519] native-loader jit-info prog_array-target fd=171 id=207 type=17 name=sys_exit_init tag=e9757419dbd8dd2d jited_len=1856 xlated_len=3096 nr_jited_ksyms=1 ksym0=0xffffffffc040370c ksym1=0x0
[566.953644 pid=12507 tid=12519] BPF_MAP_UPDATE_ELEM prog_array name=sys_exit_init_t map_fd=16 map_id=366 key=16 prog_fd=171 prog_id=207 flags=0 ret=0 errno=0
[566.953714 pid=12507 tid=12519] native-loader jit-info prog_array-target fd=171 id=207 type=17 name=sys_exit_init tag=e9757419dbd8dd2d jited_len=1856 xlated_len=3096 nr_jited_ksyms=1 ksym0=0xffffffffc040370c ksym1=0x0
[566.953785 pid=12507 tid=12519] BPF_MAP_UPDATE_ELEM prog_array name=sys_exit_init_t map_fd=16 map_id=366 key=17 prog_fd=171 prog_id=207 flags=0 ret=0 errno=0
[566.953855 pid=12507 tid=12519] native-loader jit-info prog_array-target fd=171 id=207 type=17 name=sys_exit_init tag=e9757419dbd8dd2d jited_len=1856 xlated_len=3096 nr_jited_ksyms=1 ksym0=0xffffffffc040370c ksym1=0x0
[566.953927 pid=12507 tid=12519] BPF_MAP_UPDATE_ELEM prog_array name=sys_exit_init_t map_fd=16 map_id=366 key=18 prog_fd=171 prog_id=207 flags=0 ret=0 errno=0
[566.953997 pid=12507 tid=12519] native-loader jit-info prog_array-target fd=171 id=207 type=17 name=sys_exit_init tag=e9757419dbd8dd2d jited_len=1856 xlated_len=3096 nr_jited_ksyms=1 ksym0=0xffffffffc040370c ksym1=0x0
[566.954068 pid=12507 tid=12519] BPF_MAP_UPDATE_ELEM prog_array name=sys_exit_init_t map_fd=16 map_id=366 key=19 prog_fd=171 prog_id=207 flags=0 ret=0 errno=0
[566.954140 pid=12507 tid=12519] native-loader jit-info prog_array-target fd=171 id=207 type=17 name=sys_exit_init tag=e9757419dbd8dd2d jited_len=1856 xlated_len=3096 nr_jited_ksyms=1 ksym0=0xffffffffc040370c ksym1=0x0
[566.954212 pid=12507 tid=12519] BPF_MAP_UPDATE_ELEM prog_array name=sys_exit_init_t map_fd=16 map_id=366 key=20 prog_fd=171 prog_id=207 flags=0 ret=0 errno=0
[566.954281 pid=12507 tid=12519] native-loader jit-info prog_array-target fd=171 id=207 type=17 name=sys_exit_init tag=e9757419dbd8dd2d jited_len=1856 xlated_len=3096 nr_jited_ksyms=1 ksym0=0xffffffffc040370c ksym1=0x0
[566.954353 pid=12507 tid=12519] BPF_MAP_UPDATE_ELEM prog_array name=sys_exit_init_t map_fd=16 map_id=366 key=21 prog_fd=171 prog_id=207 flags=0 ret=0 errno=0
[566.954423 pid=12507 tid=12519] native-loader jit-info prog_array-target fd=171 id=207 type=17 name=sys_exit_init tag=e9757419dbd8dd2d jited_len=1856 xlated_len=3096 nr_jited_ksyms=1 ksym0=0xffffffffc040370c ksym1=0x0
[566.954495 pid=12507 tid=12519] BPF_MAP_UPDATE_ELEM prog_array name=sys_exit_init_t map_fd=16 map_id=366 key=22 prog_fd=171 prog_id=207 flags=0 ret=0 errno=0
[566.954564 pid=12507 tid=12519] native-loader jit-info prog_array-target fd=171 id=207 type=17 name=sys_exit_init tag=e9757419dbd8dd2d jited_len=1856 xlated_len=3096 nr_jited_ksyms=1 ksym0=0xffffffffc040370c ksym1=0x0
[566.954635 pid=12507 tid=12519] BPF_MAP_UPDATE_ELEM prog_array name=sys_exit_init_t map_fd=16 map_id=366 key=23 prog_fd=171 prog_id=207 flags=0 ret=0 errno=0
[566.954705 pid=12507 tid=12519] native-loader jit-info prog_array-target fd=171 id=207 type=17 name=sys_exit_init tag=e9757419dbd8dd2d jited_len=1856 xlated_len=3096 nr_jited_ksyms=1 ksym0=0xffffffffc040370c ksym1=0x0
[566.954778 pid=12507 tid=12519] BPF_MAP_UPDATE_ELEM prog_array name=sys_exit_init_t map_fd=16 map_id=366 key=24 prog_fd=171 prog_id=207 flags=0 ret=0 errno=0
[566.954844 pid=12507 tid=12519] native-loader jit-info prog_array-target fd=171 id=207 type=17 name=sys_exit_init tag=e9757419dbd8dd2d jited_len=1856 xlated_len=3096 nr_jited_ksyms=1 ksym0=0xffffffffc040370c ksym1=0x0
[566.954916 pid=12507 tid=12519] BPF_MAP_UPDATE_ELEM prog_array name=sys_exit_init_t map_fd=16 map_id=366 key=25 prog_fd=171 prog_id=207 flags=0 ret=0 errno=0
[566.954985 pid=12507 tid=12519] native-loader jit-info prog_array-target fd=171 id=207 type=17 name=sys_exit_init tag=e9757419dbd8dd2d jited_len=1856 xlated_len=3096 nr_jited_ksyms=1 ksym0=0xffffffffc040370c ksym1=0x0
[566.955057 pid=12507 tid=12519] BPF_MAP_UPDATE_ELEM prog_array name=sys_exit_init_t map_fd=16 map_id=366 key=26 prog_fd=171 prog_id=207 flags=0 ret=0 errno=0
[566.955130 pid=12507 tid=12519] native-loader jit-info prog_array-target fd=171 id=207 type=17 name=sys_exit_init tag=e9757419dbd8dd2d jited_len=1856 xlated_len=3096 nr_jited_ksyms=1 ksym0=0xffffffffc040370c ksym1=0x0
[566.955201 pid=12507 tid=12519] BPF_MAP_UPDATE_ELEM prog_array name=sys_exit_init_t map_fd=16 map_id=366 key=27 prog_fd=171 prog_id=207 flags=0 ret=0 errno=0
[566.955271 pid=12507 tid=12519] native-loader jit-info prog_array-target fd=171 id=207 type=17 name=sys_exit_init tag=e9757419dbd8dd2d jited_len=1856 xlated_len=3096 nr_jited_ksyms=1 ksym0=0xffffffffc040370c ksym1=0x0
[566.955343 pid=12507 tid=12519] BPF_MAP_UPDATE_ELEM prog_array name=sys_exit_init_t map_fd=16 map_id=366 key=28 prog_fd=171 prog_id=207 flags=0 ret=0 errno=0
[566.955412 pid=12507 tid=12519] native-loader jit-info prog_array-target fd=171 id=207 type=17 name=sys_exit_init tag=e9757419dbd8dd2d jited_len=1856 xlated_len=3096 nr_jited_ksyms=1 ksym0=0xffffffffc040370c ksym1=0x0
[566.955483 pid=12507 tid=12519] BPF_MAP_UPDATE_ELEM prog_array name=sys_exit_init_t map_fd=16 map_id=366 key=29 prog_fd=171 prog_id=207 flags=0 ret=0 errno=0
[566.955551 pid=12507 tid=12519] native-loader jit-info prog_array-target fd=171 id=207 type=17 name=sys_exit_init tag=e9757419dbd8dd2d jited_len=1856 xlated_len=3096 nr_jited_ksyms=1 ksym0=0xffffffffc040370c ksym1=0x0
[566.955623 pid=12507 tid=12519] BPF_MAP_UPDATE_ELEM prog_array name=sys_exit_init_t map_fd=16 map_id=366 key=30 prog_fd=171 prog_id=207 flags=0 ret=0 errno=0
[566.955693 pid=12507 tid=12519] native-loader jit-info prog_array-target fd=171 id=207 type=17 name=sys_exit_init tag=e9757419dbd8dd2d jited_len=1856 xlated_len=3096 nr_jited_ksyms=1 ksym0=0xffffffffc040370c ksym1=0x0
[566.955764 pid=12507 tid=12519] BPF_MAP_UPDATE_ELEM prog_array name=sys_exit_init_t map_fd=16 map_id=366 key=31 prog_fd=171 prog_id=207 flags=0 ret=0 errno=0
[566.955834 pid=12507 tid=12519] native-loader jit-info prog_array-target fd=171 id=207 type=17 name=sys_exit_init tag=e9757419dbd8dd2d jited_len=1856 xlated_len=3096 nr_jited_ksyms=1 ksym0=0xffffffffc040370c ksym1=0x0
[566.955906 pid=12507 tid=12519] BPF_MAP_UPDATE_ELEM prog_array name=sys_exit_init_t map_fd=16 map_id=366 key=34 prog_fd=171 prog_id=207 flags=0 ret=0 errno=0
[566.955976 pid=12507 tid=12519] native-loader jit-info prog_array-target fd=171 id=207 type=17 name=sys_exit_init tag=e9757419dbd8dd2d jited_len=1856 xlated_len=3096 nr_jited_ksyms=1 ksym0=0xffffffffc040370c ksym1=0x0
[566.956048 pid=12507 tid=12519] BPF_MAP_UPDATE_ELEM prog_array name=sys_exit_init_t map_fd=16 map_id=366 key=35 prog_fd=171 prog_id=207 flags=0 ret=0 errno=0
[566.956120 pid=12507 tid=12519] native-loader jit-info prog_array-target fd=171 id=207 type=17 name=sys_exit_init tag=e9757419dbd8dd2d jited_len=1856 xlated_len=3096 nr_jited_ksyms=1 ksym0=0xffffffffc040370c ksym1=0x0
[566.956192 pid=12507 tid=12519] BPF_MAP_UPDATE_ELEM prog_array name=sys_exit_init_t map_fd=16 map_id=366 key=36 prog_fd=171 prog_id=207 flags=0 ret=0 errno=0
[566.956261 pid=12507 tid=12519] native-loader jit-info prog_array-target fd=171 id=207 type=17 name=sys_exit_init tag=e9757419dbd8dd2d jited_len=1856 xlated_len=3096 nr_jited_ksyms=1 ksym0=0xffffffffc040370c ksym1=0x0
[566.956333 pid=12507 tid=12519] BPF_MAP_UPDATE_ELEM prog_array name=sys_exit_init_t map_fd=16 map_id=366 key=37 prog_fd=171 prog_id=207 flags=0 ret=0 errno=0
[566.956402 pid=12507 tid=12519] native-loader jit-info prog_array-target fd=171 id=207 type=17 name=sys_exit_init tag=e9757419dbd8dd2d jited_len=1856 xlated_len=3096 nr_jited_ksyms=1 ksym0=0xffffffffc040370c ksym1=0x0
[566.956474 pid=12507 tid=12519] BPF_MAP_UPDATE_ELEM prog_array name=sys_exit_init_t map_fd=16 map_id=366 key=38 prog_fd=171 prog_id=207 flags=0 ret=0 errno=0
[566.956542 pid=12507 tid=12519] native-loader jit-info prog_array-target fd=171 id=207 type=17 name=sys_exit_init tag=e9757419dbd8dd2d jited_len=1856 xlated_len=3096 nr_jited_ksyms=1 ksym0=0xffffffffc040370c ksym1=0x0
[566.956613 pid=12507 tid=12519] BPF_MAP_UPDATE_ELEM prog_array name=sys_exit_init_t map_fd=16 map_id=366 key=39 prog_fd=171 prog_id=207 flags=0 ret=0 errno=0
[566.956683 pid=12507 tid=12519] native-loader jit-info prog_array-target fd=171 id=207 type=17 name=sys_exit_init tag=e9757419dbd8dd2d jited_len=1856 xlated_len=3096 nr_jited_ksyms=1 ksym0=0xffffffffc040370c ksym1=0x0
[566.956755 pid=12507 tid=12519] BPF_MAP_UPDATE_ELEM prog_array name=sys_exit_init_t map_fd=16 map_id=366 key=40 prog_fd=171 prog_id=207 flags=0 ret=0 errno=0
[566.956824 pid=12507 tid=12519] native-loader jit-info prog_array-target fd=171 id=207 type=17 name=sys_exit_init tag=e9757419dbd8dd2d jited_len=1856 xlated_len=3096 nr_jited_ksyms=1 ksym0=0xffffffffc040370c ksym1=0x0
[566.956896 pid=12507 tid=12519] BPF_MAP_UPDATE_ELEM prog_array name=sys_exit_init_t map_fd=16 map_id=366 key=41 prog_fd=171 prog_id=207 flags=0 ret=0 errno=0
[566.956965 pid=12507 tid=12519] native-loader jit-info prog_array-target fd=171 id=207 type=17 name=sys_exit_init tag=e9757419dbd8dd2d jited_len=1856 xlated_len=3096 nr_jited_ksyms=1 ksym0=0xffffffffc040370c ksym1=0x0
[566.957037 pid=12507 tid=12519] BPF_MAP_UPDATE_ELEM prog_array name=sys_exit_init_t map_fd=16 map_id=366 key=42 prog_fd=171 prog_id=207 flags=0 ret=0 errno=0
[566.957109 pid=12507 tid=12519] native-loader jit-info prog_array-target fd=171 id=207 type=17 name=sys_exit_init tag=e9757419dbd8dd2d jited_len=1856 xlated_len=3096 nr_jited_ksyms=1 ksym0=0xffffffffc040370c ksym1=0x0
[566.957209 pid=12507 tid=12519] BPF_MAP_UPDATE_ELEM prog_array name=sys_exit_init_t map_fd=16 map_id=366 key=43 prog_fd=171 prog_id=207 flags=0 ret=0 errno=0
[566.957279 pid=12507 tid=12519] native-loader jit-info prog_array-target fd=171 id=207 type=17 name=sys_exit_init tag=e9757419dbd8dd2d jited_len=1856 xlated_len=3096 nr_jited_ksyms=1 ksym0=0xffffffffc040370c ksym1=0x0
[566.957351 pid=12507 tid=12519] BPF_MAP_UPDATE_ELEM prog_array name=sys_exit_init_t map_fd=16 map_id=366 key=44 prog_fd=171 prog_id=207 flags=0 ret=0 errno=0
[566.957420 pid=12507 tid=12519] native-loader jit-info prog_array-target fd=171 id=207 type=17 name=sys_exit_init tag=e9757419dbd8dd2d jited_len=1856 xlated_len=3096 nr_jited_ksyms=1 ksym0=0xffffffffc040370c ksym1=0x0
[566.957492 pid=12507 tid=12519] BPF_MAP_UPDATE_ELEM prog_array name=sys_exit_init_t map_fd=16 map_id=366 key=45 prog_fd=171 prog_id=207 flags=0 ret=0 errno=0
[566.957562 pid=12507 tid=12519] native-loader jit-info prog_array-target fd=171 id=207 type=17 name=sys_exit_init tag=e9757419dbd8dd2d jited_len=1856 xlated_len=3096 nr_jited_ksyms=1 ksym0=0xffffffffc040370c ksym1=0x0
[566.957634 pid=12507 tid=12519] BPF_MAP_UPDATE_ELEM prog_array name=sys_exit_init_t map_fd=16 map_id=366 key=46 prog_fd=171 prog_id=207 flags=0 ret=0 errno=0
[566.957703 pid=12507 tid=12519] native-loader jit-info prog_array-target fd=171 id=207 type=17 name=sys_exit_init tag=e9757419dbd8dd2d jited_len=1856 xlated_len=3096 nr_jited_ksyms=1 ksym0=0xffffffffc040370c ksym1=0x0
[566.957775 pid=12507 tid=12519] BPF_MAP_UPDATE_ELEM prog_array name=sys_exit_init_t map_fd=16 map_id=366 key=47 prog_fd=171 prog_id=207 flags=0 ret=0 errno=0
[566.957843 pid=12507 tid=12519] native-loader jit-info prog_array-target fd=171 id=207 type=17 name=sys_exit_init tag=e9757419dbd8dd2d jited_len=1856 xlated_len=3096 nr_jited_ksyms=1 ksym0=0xffffffffc040370c ksym1=0x0
[566.957915 pid=12507 tid=12519] BPF_MAP_UPDATE_ELEM prog_array name=sys_exit_init_t map_fd=16 map_id=366 key=48 prog_fd=171 prog_id=207 flags=0 ret=0 errno=0
[566.957985 pid=12507 tid=12519] native-loader jit-info prog_array-target fd=171 id=207 type=17 name=sys_exit_init tag=e9757419dbd8dd2d jited_len=1856 xlated_len=3096 nr_jited_ksyms=1 ksym0=0xffffffffc040370c ksym1=0x0
[566.958057 pid=12507 tid=12519] BPF_MAP_UPDATE_ELEM prog_array name=sys_exit_init_t map_fd=16 map_id=366 key=49 prog_fd=171 prog_id=207 flags=0 ret=0 errno=0
[566.958130 pid=12507 tid=12519] native-loader jit-info prog_array-target fd=171 id=207 type=17 name=sys_exit_init tag=e9757419dbd8dd2d jited_len=1856 xlated_len=3096 nr_jited_ksyms=1 ksym0=0xffffffffc040370c ksym1=0x0
[566.958202 pid=12507 tid=12519] BPF_MAP_UPDATE_ELEM prog_array name=sys_exit_init_t map_fd=16 map_id=366 key=50 prog_fd=171 prog_id=207 flags=0 ret=0 errno=0
[566.958271 pid=12507 tid=12519] native-loader jit-info prog_array-target fd=171 id=207 type=17 name=sys_exit_init tag=e9757419dbd8dd2d jited_len=1856 xlated_len=3096 nr_jited_ksyms=1 ksym0=0xffffffffc040370c ksym1=0x0
[566.958342 pid=12507 tid=12519] BPF_MAP_UPDATE_ELEM prog_array name=sys_exit_init_t map_fd=16 map_id=366 key=51 prog_fd=171 prog_id=207 flags=0 ret=0 errno=0
[566.958411 pid=12507 tid=12519] native-loader jit-info prog_array-target fd=171 id=207 type=17 name=sys_exit_init tag=e9757419dbd8dd2d jited_len=1856 xlated_len=3096 nr_jited_ksyms=1 ksym0=0xffffffffc040370c ksym1=0x0
[566.958483 pid=12507 tid=12519] BPF_MAP_UPDATE_ELEM prog_array name=sys_exit_init_t map_fd=16 map_id=366 key=52 prog_fd=171 prog_id=207 flags=0 ret=0 errno=0
[566.958552 pid=12507 tid=12519] native-loader jit-info prog_array-target fd=171 id=207 type=17 name=sys_exit_init tag=e9757419dbd8dd2d jited_len=1856 xlated_len=3096 nr_jited_ksyms=1 ksym0=0xffffffffc040370c ksym1=0x0
[566.958626 pid=12507 tid=12519] BPF_MAP_UPDATE_ELEM prog_array name=sys_exit_init_t map_fd=16 map_id=366 key=53 prog_fd=171 prog_id=207 flags=0 ret=0 errno=0
[566.958695 pid=12507 tid=12519] native-loader jit-info prog_array-target fd=171 id=207 type=17 name=sys_exit_init tag=e9757419dbd8dd2d jited_len=1856 xlated_len=3096 nr_jited_ksyms=1 ksym0=0xffffffffc040370c ksym1=0x0
[566.958766 pid=12507 tid=12519] BPF_MAP_UPDATE_ELEM prog_array name=sys_exit_init_t map_fd=16 map_id=366 key=54 prog_fd=171 prog_id=207 flags=0 ret=0 errno=0
[566.958834 pid=12507 tid=12519] native-loader jit-info prog_array-target fd=171 id=207 type=17 name=sys_exit_init tag=e9757419dbd8dd2d jited_len=1856 xlated_len=3096 nr_jited_ksyms=1 ksym0=0xffffffffc040370c ksym1=0x0
[566.958907 pid=12507 tid=12519] BPF_MAP_UPDATE_ELEM prog_array name=sys_exit_init_t map_fd=16 map_id=366 key=55 prog_fd=171 prog_id=207 flags=0 ret=0 errno=0
[566.958974 pid=12507 tid=12519] native-loader jit-info prog_array-target fd=171 id=207 type=17 name=sys_exit_init tag=e9757419dbd8dd2d jited_len=1856 xlated_len=3096 nr_jited_ksyms=1 ksym0=0xffffffffc040370c ksym1=0x0
[566.959047 pid=12507 tid=12519] BPF_MAP_UPDATE_ELEM prog_array name=sys_exit_init_t map_fd=16 map_id=366 key=56 prog_fd=171 prog_id=207 flags=0 ret=0 errno=0
[566.959118 pid=12507 tid=12519] native-loader jit-info prog_array-target fd=171 id=207 type=17 name=sys_exit_init tag=e9757419dbd8dd2d jited_len=1856 xlated_len=3096 nr_jited_ksyms=1 ksym0=0xffffffffc040370c ksym1=0x0
[566.959190 pid=12507 tid=12519] BPF_MAP_UPDATE_ELEM prog_array name=sys_exit_init_t map_fd=16 map_id=366 key=57 prog_fd=171 prog_id=207 flags=0 ret=0 errno=0
[566.959260 pid=12507 tid=12519] native-loader jit-info prog_array-target fd=171 id=207 type=17 name=sys_exit_init tag=e9757419dbd8dd2d jited_len=1856 xlated_len=3096 nr_jited_ksyms=1 ksym0=0xffffffffc040370c ksym1=0x0
[566.959332 pid=12507 tid=12519] BPF_MAP_UPDATE_ELEM prog_array name=sys_exit_init_t map_fd=16 map_id=366 key=58 prog_fd=171 prog_id=207 flags=0 ret=0 errno=0
[566.959400 pid=12507 tid=12519] native-loader jit-info prog_array-target fd=171 id=207 type=17 name=sys_exit_init tag=e9757419dbd8dd2d jited_len=1856 xlated_len=3096 nr_jited_ksyms=1 ksym0=0xffffffffc040370c ksym1=0x0
[566.959472 pid=12507 tid=12519] BPF_MAP_UPDATE_ELEM prog_array name=sys_exit_init_t map_fd=16 map_id=366 key=59 prog_fd=171 prog_id=207 flags=0 ret=0 errno=0
[566.959541 pid=12507 tid=12519] native-loader jit-info prog_array-target fd=171 id=207 type=17 name=sys_exit_init tag=e9757419dbd8dd2d jited_len=1856 xlated_len=3096 nr_jited_ksyms=1 ksym0=0xffffffffc040370c ksym1=0x0
[566.959613 pid=12507 tid=12519] BPF_MAP_UPDATE_ELEM prog_array name=sys_exit_init_t map_fd=16 map_id=366 key=60 prog_fd=171 prog_id=207 flags=0 ret=0 errno=0
[566.959683 pid=12507 tid=12519] native-loader jit-info prog_array-target fd=171 id=207 type=17 name=sys_exit_init tag=e9757419dbd8dd2d jited_len=1856 xlated_len=3096 nr_jited_ksyms=1 ksym0=0xffffffffc040370c ksym1=0x0
[566.959754 pid=12507 tid=12519] BPF_MAP_UPDATE_ELEM prog_array name=sys_exit_init_t map_fd=16 map_id=366 key=61 prog_fd=171 prog_id=207 flags=0 ret=0 errno=0
[566.959824 pid=12507 tid=12519] native-loader jit-info prog_array-target fd=171 id=207 type=17 name=sys_exit_init tag=e9757419dbd8dd2d jited_len=1856 xlated_len=3096 nr_jited_ksyms=1 ksym0=0xffffffffc040370c ksym1=0x0
[566.959896 pid=12507 tid=12519] BPF_MAP_UPDATE_ELEM prog_array name=sys_exit_init_t map_fd=16 map_id=366 key=62 prog_fd=171 prog_id=207 flags=0 ret=0 errno=0
[566.959964 pid=12507 tid=12519] native-loader jit-info prog_array-target fd=171 id=207 type=17 name=sys_exit_init tag=e9757419dbd8dd2d jited_len=1856 xlated_len=3096 nr_jited_ksyms=1 ksym0=0xffffffffc040370c ksym1=0x0
[566.960036 pid=12507 tid=12519] BPF_MAP_UPDATE_ELEM prog_array name=sys_exit_init_t map_fd=16 map_id=366 key=63 prog_fd=171 prog_id=207 flags=0 ret=0 errno=0
[566.960107 pid=12507 tid=12519] native-loader jit-info prog_array-target fd=171 id=207 type=17 name=sys_exit_init tag=e9757419dbd8dd2d jited_len=1856 xlated_len=3096 nr_jited_ksyms=1 ksym0=0xffffffffc040370c ksym1=0x0
[566.960178 pid=12507 tid=12519] BPF_MAP_UPDATE_ELEM prog_array name=sys_exit_init_t map_fd=16 map_id=366 key=64 prog_fd=171 prog_id=207 flags=0 ret=0 errno=0
[566.960246 pid=12507 tid=12519] native-loader jit-info prog_array-target fd=171 id=207 type=17 name=sys_exit_init tag=e9757419dbd8dd2d jited_len=1856 xlated_len=3096 nr_jited_ksyms=1 ksym0=0xffffffffc040370c ksym1=0x0
[566.960318 pid=12507 tid=12519] BPF_MAP_UPDATE_ELEM prog_array name=sys_exit_init_t map_fd=16 map_id=366 key=65 prog_fd=171 prog_id=207 flags=0 ret=0 errno=0
[566.960387 pid=12507 tid=12519] native-loader jit-info prog_array-target fd=171 id=207 type=17 name=sys_exit_init tag=e9757419dbd8dd2d jited_len=1856 xlated_len=3096 nr_jited_ksyms=1 ksym0=0xffffffffc040370c ksym1=0x0
[566.960458 pid=12507 tid=12519] BPF_MAP_UPDATE_ELEM prog_array name=sys_exit_init_t map_fd=16 map_id=366 key=66 prog_fd=171 prog_id=207 flags=0 ret=0 errno=0
[566.960527 pid=12507 tid=12519] native-loader jit-info prog_array-target fd=171 id=207 type=17 name=sys_exit_init tag=e9757419dbd8dd2d jited_len=1856 xlated_len=3096 nr_jited_ksyms=1 ksym0=0xffffffffc040370c ksym1=0x0
[566.960599 pid=12507 tid=12519] BPF_MAP_UPDATE_ELEM prog_array name=sys_exit_init_t map_fd=16 map_id=366 key=67 prog_fd=171 prog_id=207 flags=0 ret=0 errno=0
[566.960668 pid=12507 tid=12519] native-loader jit-info prog_array-target fd=171 id=207 type=17 name=sys_exit_init tag=e9757419dbd8dd2d jited_len=1856 xlated_len=3096 nr_jited_ksyms=1 ksym0=0xffffffffc040370c ksym1=0x0
[566.960740 pid=12507 tid=12519] BPF_MAP_UPDATE_ELEM prog_array name=sys_exit_init_t map_fd=16 map_id=366 key=68 prog_fd=171 prog_id=207 flags=0 ret=0 errno=0
[566.960809 pid=12507 tid=12519] native-loader jit-info prog_array-target fd=171 id=207 type=17 name=sys_exit_init tag=e9757419dbd8dd2d jited_len=1856 xlated_len=3096 nr_jited_ksyms=1 ksym0=0xffffffffc040370c ksym1=0x0
[566.960880 pid=12507 tid=12519] BPF_MAP_UPDATE_ELEM prog_array name=sys_exit_init_t map_fd=16 map_id=366 key=69 prog_fd=171 prog_id=207 flags=0 ret=0 errno=0
[566.960949 pid=12507 tid=12519] native-loader jit-info prog_array-target fd=171 id=207 type=17 name=sys_exit_init tag=e9757419dbd8dd2d jited_len=1856 xlated_len=3096 nr_jited_ksyms=1 ksym0=0xffffffffc040370c ksym1=0x0
[566.961020 pid=12507 tid=12519] BPF_MAP_UPDATE_ELEM prog_array name=sys_exit_init_t map_fd=16 map_id=366 key=70 prog_fd=171 prog_id=207 flags=0 ret=0 errno=0
[566.961091 pid=12507 tid=12519] native-loader jit-info prog_array-target fd=171 id=207 type=17 name=sys_exit_init tag=e9757419dbd8dd2d jited_len=1856 xlated_len=3096 nr_jited_ksyms=1 ksym0=0xffffffffc040370c ksym1=0x0
[566.961163 pid=12507 tid=12519] BPF_MAP_UPDATE_ELEM prog_array name=sys_exit_init_t map_fd=16 map_id=366 key=71 prog_fd=171 prog_id=207 flags=0 ret=0 errno=0
[566.961233 pid=12507 tid=12519] native-loader jit-info prog_array-target fd=171 id=207 type=17 name=sys_exit_init tag=e9757419dbd8dd2d jited_len=1856 xlated_len=3096 nr_jited_ksyms=1 ksym0=0xffffffffc040370c ksym1=0x0
[566.961304 pid=12507 tid=12519] BPF_MAP_UPDATE_ELEM prog_array name=sys_exit_init_t map_fd=16 map_id=366 key=72 prog_fd=171 prog_id=207 flags=0 ret=0 errno=0
[566.961374 pid=12507 tid=12519] native-loader jit-info prog_array-target fd=171 id=207 type=17 name=sys_exit_init tag=e9757419dbd8dd2d jited_len=1856 xlated_len=3096 nr_jited_ksyms=1 ksym0=0xffffffffc040370c ksym1=0x0
[566.961445 pid=12507 tid=12519] BPF_MAP_UPDATE_ELEM prog_array name=sys_exit_init_t map_fd=16 map_id=366 key=73 prog_fd=171 prog_id=207 flags=0 ret=0 errno=0
[566.961514 pid=12507 tid=12519] native-loader jit-info prog_array-target fd=171 id=207 type=17 name=sys_exit_init tag=e9757419dbd8dd2d jited_len=1856 xlated_len=3096 nr_jited_ksyms=1 ksym0=0xffffffffc040370c ksym1=0x0
[566.961615 pid=12507 tid=12519] BPF_MAP_UPDATE_ELEM prog_array name=sys_exit_init_t map_fd=16 map_id=366 key=74 prog_fd=171 prog_id=207 flags=0 ret=0 errno=0
[566.961683 pid=12507 tid=12519] native-loader jit-info prog_array-target fd=171 id=207 type=17 name=sys_exit_init tag=e9757419dbd8dd2d jited_len=1856 xlated_len=3096 nr_jited_ksyms=1 ksym0=0xffffffffc040370c ksym1=0x0
[566.961755 pid=12507 tid=12519] BPF_MAP_UPDATE_ELEM prog_array name=sys_exit_init_t map_fd=16 map_id=366 key=75 prog_fd=171 prog_id=207 flags=0 ret=0 errno=0
[566.961823 pid=12507 tid=12519] native-loader jit-info prog_array-target fd=171 id=207 type=17 name=sys_exit_init tag=e9757419dbd8dd2d jited_len=1856 xlated_len=3096 nr_jited_ksyms=1 ksym0=0xffffffffc040370c ksym1=0x0
[566.961896 pid=12507 tid=12519] BPF_MAP_UPDATE_ELEM prog_array name=sys_exit_init_t map_fd=16 map_id=366 key=76 prog_fd=171 prog_id=207 flags=0 ret=0 errno=0
[566.961965 pid=12507 tid=12519] native-loader jit-info prog_array-target fd=171 id=207 type=17 name=sys_exit_init tag=e9757419dbd8dd2d jited_len=1856 xlated_len=3096 nr_jited_ksyms=1 ksym0=0xffffffffc040370c ksym1=0x0
[566.962037 pid=12507 tid=12519] BPF_MAP_UPDATE_ELEM prog_array name=sys_exit_init_t map_fd=16 map_id=366 key=77 prog_fd=171 prog_id=207 flags=0 ret=0 errno=0
[566.962109 pid=12507 tid=12519] native-loader jit-info prog_array-target fd=171 id=207 type=17 name=sys_exit_init tag=e9757419dbd8dd2d jited_len=1856 xlated_len=3096 nr_jited_ksyms=1 ksym0=0xffffffffc040370c ksym1=0x0
[566.962181 pid=12507 tid=12519] BPF_MAP_UPDATE_ELEM prog_array name=sys_exit_init_t map_fd=16 map_id=366 key=78 prog_fd=171 prog_id=207 flags=0 ret=0 errno=0
[566.962250 pid=12507 tid=12519] native-loader jit-info prog_array-target fd=171 id=207 type=17 name=sys_exit_init tag=e9757419dbd8dd2d jited_len=1856 xlated_len=3096 nr_jited_ksyms=1 ksym0=0xffffffffc040370c ksym1=0x0
[566.962322 pid=12507 tid=12519] BPF_MAP_UPDATE_ELEM prog_array name=sys_exit_init_t map_fd=16 map_id=366 key=79 prog_fd=171 prog_id=207 flags=0 ret=0 errno=0
[566.962392 pid=12507 tid=12519] native-loader jit-info prog_array-target fd=171 id=207 type=17 name=sys_exit_init tag=e9757419dbd8dd2d jited_len=1856 xlated_len=3096 nr_jited_ksyms=1 ksym0=0xffffffffc040370c ksym1=0x0
[566.962463 pid=12507 tid=12519] BPF_MAP_UPDATE_ELEM prog_array name=sys_exit_init_t map_fd=16 map_id=366 key=80 prog_fd=171 prog_id=207 flags=0 ret=0 errno=0
[566.962534 pid=12507 tid=12519] native-loader jit-info prog_array-target fd=171 id=207 type=17 name=sys_exit_init tag=e9757419dbd8dd2d jited_len=1856 xlated_len=3096 nr_jited_ksyms=1 ksym0=0xffffffffc040370c ksym1=0x0
[566.962605 pid=12507 tid=12519] BPF_MAP_UPDATE_ELEM prog_array name=sys_exit_init_t map_fd=16 map_id=366 key=81 prog_fd=171 prog_id=207 flags=0 ret=0 errno=0
[566.962676 pid=12507 tid=12519] native-loader jit-info prog_array-target fd=171 id=207 type=17 name=sys_exit_init tag=e9757419dbd8dd2d jited_len=1856 xlated_len=3096 nr_jited_ksyms=1 ksym0=0xffffffffc040370c ksym1=0x0
[566.962748 pid=12507 tid=12519] BPF_MAP_UPDATE_ELEM prog_array name=sys_exit_init_t map_fd=16 map_id=366 key=82 prog_fd=171 prog_id=207 flags=0 ret=0 errno=0
[566.962816 pid=12507 tid=12519] native-loader jit-info prog_array-target fd=171 id=207 type=17 name=sys_exit_init tag=e9757419dbd8dd2d jited_len=1856 xlated_len=3096 nr_jited_ksyms=1 ksym0=0xffffffffc040370c ksym1=0x0
[566.962887 pid=12507 tid=12519] BPF_MAP_UPDATE_ELEM prog_array name=sys_exit_init_t map_fd=16 map_id=366 key=83 prog_fd=171 prog_id=207 flags=0 ret=0 errno=0
[566.962956 pid=12507 tid=12519] native-loader jit-info prog_array-target fd=171 id=207 type=17 name=sys_exit_init tag=e9757419dbd8dd2d jited_len=1856 xlated_len=3096 nr_jited_ksyms=1 ksym0=0xffffffffc040370c ksym1=0x0
[566.963027 pid=12507 tid=12519] BPF_MAP_UPDATE_ELEM prog_array name=sys_exit_init_t map_fd=16 map_id=366 key=84 prog_fd=171 prog_id=207 flags=0 ret=0 errno=0
[566.963099 pid=12507 tid=12519] native-loader jit-info prog_array-target fd=171 id=207 type=17 name=sys_exit_init tag=e9757419dbd8dd2d jited_len=1856 xlated_len=3096 nr_jited_ksyms=1 ksym0=0xffffffffc040370c ksym1=0x0
[566.963171 pid=12507 tid=12519] BPF_MAP_UPDATE_ELEM prog_array name=sys_exit_init_t map_fd=16 map_id=366 key=85 prog_fd=171 prog_id=207 flags=0 ret=0 errno=0
[566.963240 pid=12507 tid=12519] native-loader jit-info prog_array-target fd=171 id=207 type=17 name=sys_exit_init tag=e9757419dbd8dd2d jited_len=1856 xlated_len=3096 nr_jited_ksyms=1 ksym0=0xffffffffc040370c ksym1=0x0
[566.963312 pid=12507 tid=12519] BPF_MAP_UPDATE_ELEM prog_array name=sys_exit_init_t map_fd=16 map_id=366 key=86 prog_fd=171 prog_id=207 flags=0 ret=0 errno=0
[566.963382 pid=12507 tid=12519] native-loader jit-info prog_array-target fd=171 id=207 type=17 name=sys_exit_init tag=e9757419dbd8dd2d jited_len=1856 xlated_len=3096 nr_jited_ksyms=1 ksym0=0xffffffffc040370c ksym1=0x0
[566.963453 pid=12507 tid=12519] BPF_MAP_UPDATE_ELEM prog_array name=sys_exit_init_t map_fd=16 map_id=366 key=87 prog_fd=171 prog_id=207 flags=0 ret=0 errno=0
[566.963522 pid=12507 tid=12519] native-loader jit-info prog_array-target fd=171 id=207 type=17 name=sys_exit_init tag=e9757419dbd8dd2d jited_len=1856 xlated_len=3096 nr_jited_ksyms=1 ksym0=0xffffffffc040370c ksym1=0x0
[566.963593 pid=12507 tid=12519] BPF_MAP_UPDATE_ELEM prog_array name=sys_exit_init_t map_fd=16 map_id=366 key=88 prog_fd=171 prog_id=207 flags=0 ret=0 errno=0
[566.963663 pid=12507 tid=12519] native-loader jit-info prog_array-target fd=171 id=207 type=17 name=sys_exit_init tag=e9757419dbd8dd2d jited_len=1856 xlated_len=3096 nr_jited_ksyms=1 ksym0=0xffffffffc040370c ksym1=0x0
[566.963735 pid=12507 tid=12519] BPF_MAP_UPDATE_ELEM prog_array name=sys_exit_init_t map_fd=16 map_id=366 key=89 prog_fd=171 prog_id=207 flags=0 ret=0 errno=0
[566.963804 pid=12507 tid=12519] native-loader jit-info prog_array-target fd=171 id=207 type=17 name=sys_exit_init tag=e9757419dbd8dd2d jited_len=1856 xlated_len=3096 nr_jited_ksyms=1 ksym0=0xffffffffc040370c ksym1=0x0
[566.963876 pid=12507 tid=12519] BPF_MAP_UPDATE_ELEM prog_array name=sys_exit_init_t map_fd=16 map_id=366 key=90 prog_fd=171 prog_id=207 flags=0 ret=0 errno=0
[566.963946 pid=12507 tid=12519] native-loader jit-info prog_array-target fd=171 id=207 type=17 name=sys_exit_init tag=e9757419dbd8dd2d jited_len=1856 xlated_len=3096 nr_jited_ksyms=1 ksym0=0xffffffffc040370c ksym1=0x0
[566.964017 pid=12507 tid=12519] BPF_MAP_UPDATE_ELEM prog_array name=sys_exit_init_t map_fd=16 map_id=366 key=91 prog_fd=171 prog_id=207 flags=0 ret=0 errno=0
[566.964088 pid=12507 tid=12519] native-loader jit-info prog_array-target fd=171 id=207 type=17 name=sys_exit_init tag=e9757419dbd8dd2d jited_len=1856 xlated_len=3096 nr_jited_ksyms=1 ksym0=0xffffffffc040370c ksym1=0x0
[566.964160 pid=12507 tid=12519] BPF_MAP_UPDATE_ELEM prog_array name=sys_exit_init_t map_fd=16 map_id=366 key=92 prog_fd=171 prog_id=207 flags=0 ret=0 errno=0
[566.964229 pid=12507 tid=12519] native-loader jit-info prog_array-target fd=171 id=207 type=17 name=sys_exit_init tag=e9757419dbd8dd2d jited_len=1856 xlated_len=3096 nr_jited_ksyms=1 ksym0=0xffffffffc040370c ksym1=0x0
[566.964302 pid=12507 tid=12519] BPF_MAP_UPDATE_ELEM prog_array name=sys_exit_init_t map_fd=16 map_id=366 key=93 prog_fd=171 prog_id=207 flags=0 ret=0 errno=0
[566.964371 pid=12507 tid=12519] native-loader jit-info prog_array-target fd=171 id=207 type=17 name=sys_exit_init tag=e9757419dbd8dd2d jited_len=1856 xlated_len=3096 nr_jited_ksyms=1 ksym0=0xffffffffc040370c ksym1=0x0
[566.964443 pid=12507 tid=12519] BPF_MAP_UPDATE_ELEM prog_array name=sys_exit_init_t map_fd=16 map_id=366 key=94 prog_fd=171 prog_id=207 flags=0 ret=0 errno=0
[566.964513 pid=12507 tid=12519] native-loader jit-info prog_array-target fd=171 id=207 type=17 name=sys_exit_init tag=e9757419dbd8dd2d jited_len=1856 xlated_len=3096 nr_jited_ksyms=1 ksym0=0xffffffffc040370c ksym1=0x0
[566.964585 pid=12507 tid=12519] BPF_MAP_UPDATE_ELEM prog_array name=sys_exit_init_t map_fd=16 map_id=366 key=95 prog_fd=171 prog_id=207 flags=0 ret=0 errno=0
[566.964655 pid=12507 tid=12519] native-loader jit-info prog_array-target fd=171 id=207 type=17 name=sys_exit_init tag=e9757419dbd8dd2d jited_len=1856 xlated_len=3096 nr_jited_ksyms=1 ksym0=0xffffffffc040370c ksym1=0x0
[566.964726 pid=12507 tid=12519] BPF_MAP_UPDATE_ELEM prog_array name=sys_exit_init_t map_fd=16 map_id=366 key=96 prog_fd=171 prog_id=207 flags=0 ret=0 errno=0
[566.964795 pid=12507 tid=12519] native-loader jit-info prog_array-target fd=171 id=207 type=17 name=sys_exit_init tag=e9757419dbd8dd2d jited_len=1856 xlated_len=3096 nr_jited_ksyms=1 ksym0=0xffffffffc040370c ksym1=0x0
[566.964866 pid=12507 tid=12519] BPF_MAP_UPDATE_ELEM prog_array name=sys_exit_init_t map_fd=16 map_id=366 key=97 prog_fd=171 prog_id=207 flags=0 ret=0 errno=0
[566.964936 pid=12507 tid=12519] native-loader jit-info prog_array-target fd=171 id=207 type=17 name=sys_exit_init tag=e9757419dbd8dd2d jited_len=1856 xlated_len=3096 nr_jited_ksyms=1 ksym0=0xffffffffc040370c ksym1=0x0
[566.965008 pid=12507 tid=12519] BPF_MAP_UPDATE_ELEM prog_array name=sys_exit_init_t map_fd=16 map_id=366 key=98 prog_fd=171 prog_id=207 flags=0 ret=0 errno=0
[566.965078 pid=12507 tid=12519] native-loader jit-info prog_array-target fd=171 id=207 type=17 name=sys_exit_init tag=e9757419dbd8dd2d jited_len=1856 xlated_len=3096 nr_jited_ksyms=1 ksym0=0xffffffffc040370c ksym1=0x0
[566.965151 pid=12507 tid=12519] BPF_MAP_UPDATE_ELEM prog_array name=sys_exit_init_t map_fd=16 map_id=366 key=99 prog_fd=171 prog_id=207 flags=0 ret=0 errno=0
[566.965220 pid=12507 tid=12519] native-loader jit-info prog_array-target fd=171 id=207 type=17 name=sys_exit_init tag=e9757419dbd8dd2d jited_len=1856 xlated_len=3096 nr_jited_ksyms=1 ksym0=0xffffffffc040370c ksym1=0x0
[566.965293 pid=12507 tid=12519] BPF_MAP_UPDATE_ELEM prog_array name=sys_exit_init_t map_fd=16 map_id=366 key=100 prog_fd=171 prog_id=207 flags=0 ret=0 errno=0
[566.965361 pid=12507 tid=12519] native-loader jit-info prog_array-target fd=171 id=207 type=17 name=sys_exit_init tag=e9757419dbd8dd2d jited_len=1856 xlated_len=3096 nr_jited_ksyms=1 ksym0=0xffffffffc040370c ksym1=0x0
[566.965435 pid=12507 tid=12519] BPF_MAP_UPDATE_ELEM prog_array name=sys_exit_init_t map_fd=16 map_id=366 key=102 prog_fd=171 prog_id=207 flags=0 ret=0 errno=0
[566.965504 pid=12507 tid=12519] native-loader jit-info prog_array-target fd=171 id=207 type=17 name=sys_exit_init tag=e9757419dbd8dd2d jited_len=1856 xlated_len=3096 nr_jited_ksyms=1 ksym0=0xffffffffc040370c ksym1=0x0
[566.965576 pid=12507 tid=12519] BPF_MAP_UPDATE_ELEM prog_array name=sys_exit_init_t map_fd=16 map_id=366 key=103 prog_fd=171 prog_id=207 flags=0 ret=0 errno=0
[566.965646 pid=12507 tid=12519] native-loader jit-info prog_array-target fd=171 id=207 type=17 name=sys_exit_init tag=e9757419dbd8dd2d jited_len=1856 xlated_len=3096 nr_jited_ksyms=1 ksym0=0xffffffffc040370c ksym1=0x0
[566.965718 pid=12507 tid=12519] BPF_MAP_UPDATE_ELEM prog_array name=sys_exit_init_t map_fd=16 map_id=366 key=104 prog_fd=171 prog_id=207 flags=0 ret=0 errno=0
[566.965788 pid=12507 tid=12519] native-loader jit-info prog_array-target fd=171 id=207 type=17 name=sys_exit_init tag=e9757419dbd8dd2d jited_len=1856 xlated_len=3096 nr_jited_ksyms=1 ksym0=0xffffffffc040370c ksym1=0x0
[566.965888 pid=12507 tid=12519] BPF_MAP_UPDATE_ELEM prog_array name=sys_exit_init_t map_fd=16 map_id=366 key=105 prog_fd=171 prog_id=207 flags=0 ret=0 errno=0
[566.965958 pid=12507 tid=12519] native-loader jit-info prog_array-target fd=171 id=207 type=17 name=sys_exit_init tag=e9757419dbd8dd2d jited_len=1856 xlated_len=3096 nr_jited_ksyms=1 ksym0=0xffffffffc040370c ksym1=0x0
[566.966059 pid=12507 tid=12519] BPF_MAP_UPDATE_ELEM prog_array name=sys_exit_init_t map_fd=16 map_id=366 key=106 prog_fd=171 prog_id=207 flags=0 ret=0 errno=0
[566.966130 pid=12507 tid=12519] native-loader jit-info prog_array-target fd=171 id=207 type=17 name=sys_exit_init tag=e9757419dbd8dd2d jited_len=1856 xlated_len=3096 nr_jited_ksyms=1 ksym0=0xffffffffc040370c ksym1=0x0
[566.966202 pid=12507 tid=12519] BPF_MAP_UPDATE_ELEM prog_array name=sys_exit_init_t map_fd=16 map_id=366 key=107 prog_fd=171 prog_id=207 flags=0 ret=0 errno=0
[566.966272 pid=12507 tid=12519] native-loader jit-info prog_array-target fd=171 id=207 type=17 name=sys_exit_init tag=e9757419dbd8dd2d jited_len=1856 xlated_len=3096 nr_jited_ksyms=1 ksym0=0xffffffffc040370c ksym1=0x0
[566.966343 pid=12507 tid=12519] BPF_MAP_UPDATE_ELEM prog_array name=sys_exit_init_t map_fd=16 map_id=366 key=108 prog_fd=171 prog_id=207 flags=0 ret=0 errno=0
[566.966412 pid=12507 tid=12519] native-loader jit-info prog_array-target fd=171 id=207 type=17 name=sys_exit_init tag=e9757419dbd8dd2d jited_len=1856 xlated_len=3096 nr_jited_ksyms=1 ksym0=0xffffffffc040370c ksym1=0x0
[566.966484 pid=12507 tid=12519] BPF_MAP_UPDATE_ELEM prog_array name=sys_exit_init_t map_fd=16 map_id=366 key=109 prog_fd=171 prog_id=207 flags=0 ret=0 errno=0
[566.966553 pid=12507 tid=12519] native-loader jit-info prog_array-target fd=171 id=207 type=17 name=sys_exit_init tag=e9757419dbd8dd2d jited_len=1856 xlated_len=3096 nr_jited_ksyms=1 ksym0=0xffffffffc040370c ksym1=0x0
[566.966626 pid=12507 tid=12519] BPF_MAP_UPDATE_ELEM prog_array name=sys_exit_init_t map_fd=16 map_id=366 key=110 prog_fd=171 prog_id=207 flags=0 ret=0 errno=0
[566.966695 pid=12507 tid=12519] native-loader jit-info prog_array-target fd=171 id=207 type=17 name=sys_exit_init tag=e9757419dbd8dd2d jited_len=1856 xlated_len=3096 nr_jited_ksyms=1 ksym0=0xffffffffc040370c ksym1=0x0
[566.966767 pid=12507 tid=12519] BPF_MAP_UPDATE_ELEM prog_array name=sys_exit_init_t map_fd=16 map_id=366 key=111 prog_fd=171 prog_id=207 flags=0 ret=0 errno=0
[566.966836 pid=12507 tid=12519] native-loader jit-info prog_array-target fd=171 id=207 type=17 name=sys_exit_init tag=e9757419dbd8dd2d jited_len=1856 xlated_len=3096 nr_jited_ksyms=1 ksym0=0xffffffffc040370c ksym1=0x0
[566.966908 pid=12507 tid=12519] BPF_MAP_UPDATE_ELEM prog_array name=sys_exit_init_t map_fd=16 map_id=366 key=112 prog_fd=171 prog_id=207 flags=0 ret=0 errno=0
[566.966977 pid=12507 tid=12519] native-loader jit-info prog_array-target fd=171 id=207 type=17 name=sys_exit_init tag=e9757419dbd8dd2d jited_len=1856 xlated_len=3096 nr_jited_ksyms=1 ksym0=0xffffffffc040370c ksym1=0x0
[566.967049 pid=12507 tid=12519] BPF_MAP_UPDATE_ELEM prog_array name=sys_exit_init_t map_fd=16 map_id=366 key=113 prog_fd=171 prog_id=207 flags=0 ret=0 errno=0
[566.967120 pid=12507 tid=12519] native-loader jit-info prog_array-target fd=171 id=207 type=17 name=sys_exit_init tag=e9757419dbd8dd2d jited_len=1856 xlated_len=3096 nr_jited_ksyms=1 ksym0=0xffffffffc040370c ksym1=0x0
[566.967192 pid=12507 tid=12519] BPF_MAP_UPDATE_ELEM prog_array name=sys_exit_init_t map_fd=16 map_id=366 key=114 prog_fd=171 prog_id=207 flags=0 ret=0 errno=0
[566.967261 pid=12507 tid=12519] native-loader jit-info prog_array-target fd=171 id=207 type=17 name=sys_exit_init tag=e9757419dbd8dd2d jited_len=1856 xlated_len=3096 nr_jited_ksyms=1 ksym0=0xffffffffc040370c ksym1=0x0
[566.967333 pid=12507 tid=12519] BPF_MAP_UPDATE_ELEM prog_array name=sys_exit_init_t map_fd=16 map_id=366 key=115 prog_fd=171 prog_id=207 flags=0 ret=0 errno=0
[566.967403 pid=12507 tid=12519] native-loader jit-info prog_array-target fd=171 id=207 type=17 name=sys_exit_init tag=e9757419dbd8dd2d jited_len=1856 xlated_len=3096 nr_jited_ksyms=1 ksym0=0xffffffffc040370c ksym1=0x0
[566.967474 pid=12507 tid=12519] BPF_MAP_UPDATE_ELEM prog_array name=sys_exit_init_t map_fd=16 map_id=366 key=116 prog_fd=171 prog_id=207 flags=0 ret=0 errno=0
[566.967544 pid=12507 tid=12519] native-loader jit-info prog_array-target fd=171 id=207 type=17 name=sys_exit_init tag=e9757419dbd8dd2d jited_len=1856 xlated_len=3096 nr_jited_ksyms=1 ksym0=0xffffffffc040370c ksym1=0x0
[566.967616 pid=12507 tid=12519] BPF_MAP_UPDATE_ELEM prog_array name=sys_exit_init_t map_fd=16 map_id=366 key=117 prog_fd=171 prog_id=207 flags=0 ret=0 errno=0
[566.967685 pid=12507 tid=12519] native-loader jit-info prog_array-target fd=171 id=207 type=17 name=sys_exit_init tag=e9757419dbd8dd2d jited_len=1856 xlated_len=3096 nr_jited_ksyms=1 ksym0=0xffffffffc040370c ksym1=0x0
[566.967756 pid=12507 tid=12519] BPF_MAP_UPDATE_ELEM prog_array name=sys_exit_init_t map_fd=16 map_id=366 key=118 prog_fd=171 prog_id=207 flags=0 ret=0 errno=0
[566.967825 pid=12507 tid=12519] native-loader jit-info prog_array-target fd=171 id=207 type=17 name=sys_exit_init tag=e9757419dbd8dd2d jited_len=1856 xlated_len=3096 nr_jited_ksyms=1 ksym0=0xffffffffc040370c ksym1=0x0
[566.967898 pid=12507 tid=12519] BPF_MAP_UPDATE_ELEM prog_array name=sys_exit_init_t map_fd=16 map_id=366 key=119 prog_fd=171 prog_id=207 flags=0 ret=0 errno=0
[566.967966 pid=12507 tid=12519] native-loader jit-info prog_array-target fd=171 id=207 type=17 name=sys_exit_init tag=e9757419dbd8dd2d jited_len=1856 xlated_len=3096 nr_jited_ksyms=1 ksym0=0xffffffffc040370c ksym1=0x0
[566.968038 pid=12507 tid=12519] BPF_MAP_UPDATE_ELEM prog_array name=sys_exit_init_t map_fd=16 map_id=366 key=120 prog_fd=171 prog_id=207 flags=0 ret=0 errno=0
[566.968110 pid=12507 tid=12519] native-loader jit-info prog_array-target fd=171 id=207 type=17 name=sys_exit_init tag=e9757419dbd8dd2d jited_len=1856 xlated_len=3096 nr_jited_ksyms=1 ksym0=0xffffffffc040370c ksym1=0x0
[566.968181 pid=12507 tid=12519] BPF_MAP_UPDATE_ELEM prog_array name=sys_exit_init_t map_fd=16 map_id=366 key=121 prog_fd=171 prog_id=207 flags=0 ret=0 errno=0
[566.968251 pid=12507 tid=12519] native-loader jit-info prog_array-target fd=171 id=207 type=17 name=sys_exit_init tag=e9757419dbd8dd2d jited_len=1856 xlated_len=3096 nr_jited_ksyms=1 ksym0=0xffffffffc040370c ksym1=0x0
[566.968322 pid=12507 tid=12519] BPF_MAP_UPDATE_ELEM prog_array name=sys_exit_init_t map_fd=16 map_id=366 key=122 prog_fd=171 prog_id=207 flags=0 ret=0 errno=0
[566.968391 pid=12507 tid=12519] native-loader jit-info prog_array-target fd=171 id=207 type=17 name=sys_exit_init tag=e9757419dbd8dd2d jited_len=1856 xlated_len=3096 nr_jited_ksyms=1 ksym0=0xffffffffc040370c ksym1=0x0
[566.968463 pid=12507 tid=12519] BPF_MAP_UPDATE_ELEM prog_array name=sys_exit_init_t map_fd=16 map_id=366 key=123 prog_fd=171 prog_id=207 flags=0 ret=0 errno=0
[566.968533 pid=12507 tid=12519] native-loader jit-info prog_array-target fd=171 id=207 type=17 name=sys_exit_init tag=e9757419dbd8dd2d jited_len=1856 xlated_len=3096 nr_jited_ksyms=1 ksym0=0xffffffffc040370c ksym1=0x0
[566.968604 pid=12507 tid=12519] BPF_MAP_UPDATE_ELEM prog_array name=sys_exit_init_t map_fd=16 map_id=366 key=124 prog_fd=171 prog_id=207 flags=0 ret=0 errno=0
[566.968674 pid=12507 tid=12519] native-loader jit-info prog_array-target fd=171 id=207 type=17 name=sys_exit_init tag=e9757419dbd8dd2d jited_len=1856 xlated_len=3096 nr_jited_ksyms=1 ksym0=0xffffffffc040370c ksym1=0x0
[566.968745 pid=12507 tid=12519] BPF_MAP_UPDATE_ELEM prog_array name=sys_exit_init_t map_fd=16 map_id=366 key=125 prog_fd=171 prog_id=207 flags=0 ret=0 errno=0
[566.968815 pid=12507 tid=12519] native-loader jit-info prog_array-target fd=171 id=207 type=17 name=sys_exit_init tag=e9757419dbd8dd2d jited_len=1856 xlated_len=3096 nr_jited_ksyms=1 ksym0=0xffffffffc040370c ksym1=0x0
[566.968916 pid=12507 tid=12519] BPF_MAP_UPDATE_ELEM prog_array name=sys_exit_init_t map_fd=16 map_id=366 key=126 prog_fd=171 prog_id=207 flags=0 ret=0 errno=0
[566.968986 pid=12507 tid=12519] native-loader jit-info prog_array-target fd=171 id=207 type=17 name=sys_exit_init tag=e9757419dbd8dd2d jited_len=1856 xlated_len=3096 nr_jited_ksyms=1 ksym0=0xffffffffc040370c ksym1=0x0
[566.969088 pid=12507 tid=12519] BPF_MAP_UPDATE_ELEM prog_array name=sys_exit_init_t map_fd=16 map_id=366 key=127 prog_fd=171 prog_id=207 flags=0 ret=0 errno=0
[566.969158 pid=12507 tid=12519] native-loader jit-info prog_array-target fd=171 id=207 type=17 name=sys_exit_init tag=e9757419dbd8dd2d jited_len=1856 xlated_len=3096 nr_jited_ksyms=1 ksym0=0xffffffffc040370c ksym1=0x0
[566.969229 pid=12507 tid=12519] BPF_MAP_UPDATE_ELEM prog_array name=sys_exit_init_t map_fd=16 map_id=366 key=128 prog_fd=171 prog_id=207 flags=0 ret=0 errno=0
[566.969299 pid=12507 tid=12519] native-loader jit-info prog_array-target fd=171 id=207 type=17 name=sys_exit_init tag=e9757419dbd8dd2d jited_len=1856 xlated_len=3096 nr_jited_ksyms=1 ksym0=0xffffffffc040370c ksym1=0x0
[566.969371 pid=12507 tid=12519] BPF_MAP_UPDATE_ELEM prog_array name=sys_exit_init_t map_fd=16 map_id=366 key=129 prog_fd=171 prog_id=207 flags=0 ret=0 errno=0
[566.969440 pid=12507 tid=12519] native-loader jit-info prog_array-target fd=171 id=207 type=17 name=sys_exit_init tag=e9757419dbd8dd2d jited_len=1856 xlated_len=3096 nr_jited_ksyms=1 ksym0=0xffffffffc040370c ksym1=0x0
[566.969512 pid=12507 tid=12519] BPF_MAP_UPDATE_ELEM prog_array name=sys_exit_init_t map_fd=16 map_id=366 key=130 prog_fd=171 prog_id=207 flags=0 ret=0 errno=0
[566.969581 pid=12507 tid=12519] native-loader jit-info prog_array-target fd=171 id=207 type=17 name=sys_exit_init tag=e9757419dbd8dd2d jited_len=1856 xlated_len=3096 nr_jited_ksyms=1 ksym0=0xffffffffc040370c ksym1=0x0
[566.969652 pid=12507 tid=12519] BPF_MAP_UPDATE_ELEM prog_array name=sys_exit_init_t map_fd=16 map_id=366 key=131 prog_fd=171 prog_id=207 flags=0 ret=0 errno=0
[566.969721 pid=12507 tid=12519] native-loader jit-info prog_array-target fd=171 id=207 type=17 name=sys_exit_init tag=e9757419dbd8dd2d jited_len=1856 xlated_len=3096 nr_jited_ksyms=1 ksym0=0xffffffffc040370c ksym1=0x0
[566.969793 pid=12507 tid=12519] BPF_MAP_UPDATE_ELEM prog_array name=sys_exit_init_t map_fd=16 map_id=366 key=132 prog_fd=171 prog_id=207 flags=0 ret=0 errno=0
[566.969863 pid=12507 tid=12519] native-loader jit-info prog_array-target fd=171 id=207 type=17 name=sys_exit_init tag=e9757419dbd8dd2d jited_len=1856 xlated_len=3096 nr_jited_ksyms=1 ksym0=0xffffffffc040370c ksym1=0x0
[566.969934 pid=12507 tid=12519] BPF_MAP_UPDATE_ELEM prog_array name=sys_exit_init_t map_fd=16 map_id=366 key=133 prog_fd=171 prog_id=207 flags=0 ret=0 errno=0
[566.970009 pid=12507 tid=12519] native-loader jit-info prog_array-target fd=171 id=207 type=17 name=sys_exit_init tag=e9757419dbd8dd2d jited_len=1856 xlated_len=3096 nr_jited_ksyms=1 ksym0=0xffffffffc040370c ksym1=0x0
[566.970077 pid=12507 tid=12519] BPF_MAP_UPDATE_ELEM prog_array name=sys_exit_init_t map_fd=16 map_id=366 key=134 prog_fd=171 prog_id=207 flags=0 ret=0 errno=0
[566.970147 pid=12507 tid=12519] native-loader jit-info prog_array-target fd=171 id=207 type=17 name=sys_exit_init tag=e9757419dbd8dd2d jited_len=1856 xlated_len=3096 nr_jited_ksyms=1 ksym0=0xffffffffc040370c ksym1=0x0
[566.970218 pid=12507 tid=12519] BPF_MAP_UPDATE_ELEM prog_array name=sys_exit_init_t map_fd=16 map_id=366 key=135 prog_fd=171 prog_id=207 flags=0 ret=0 errno=0
[566.970287 pid=12507 tid=12519] native-loader jit-info prog_array-target fd=171 id=207 type=17 name=sys_exit_init tag=e9757419dbd8dd2d jited_len=1856 xlated_len=3096 nr_jited_ksyms=1 ksym0=0xffffffffc040370c ksym1=0x0
[566.970359 pid=12507 tid=12519] BPF_MAP_UPDATE_ELEM prog_array name=sys_exit_init_t map_fd=16 map_id=366 key=136 prog_fd=171 prog_id=207 flags=0 ret=0 errno=0
[566.970429 pid=12507 tid=12519] native-loader jit-info prog_array-target fd=171 id=207 type=17 name=sys_exit_init tag=e9757419dbd8dd2d jited_len=1856 xlated_len=3096 nr_jited_ksyms=1 ksym0=0xffffffffc040370c ksym1=0x0
[566.970501 pid=12507 tid=12519] BPF_MAP_UPDATE_ELEM prog_array name=sys_exit_init_t map_fd=16 map_id=366 key=137 prog_fd=171 prog_id=207 flags=0 ret=0 errno=0
[566.970569 pid=12507 tid=12519] native-loader jit-info prog_array-target fd=171 id=207 type=17 name=sys_exit_init tag=e9757419dbd8dd2d jited_len=1856 xlated_len=3096 nr_jited_ksyms=1 ksym0=0xffffffffc040370c ksym1=0x0
[566.970641 pid=12507 tid=12519] BPF_MAP_UPDATE_ELEM prog_array name=sys_exit_init_t map_fd=16 map_id=366 key=138 prog_fd=171 prog_id=207 flags=0 ret=0 errno=0
[566.970710 pid=12507 tid=12519] native-loader jit-info prog_array-target fd=171 id=207 type=17 name=sys_exit_init tag=e9757419dbd8dd2d jited_len=1856 xlated_len=3096 nr_jited_ksyms=1 ksym0=0xffffffffc040370c ksym1=0x0
[566.970782 pid=12507 tid=12519] BPF_MAP_UPDATE_ELEM prog_array name=sys_exit_init_t map_fd=16 map_id=366 key=139 prog_fd=171 prog_id=207 flags=0 ret=0 errno=0
[566.970851 pid=12507 tid=12519] native-loader jit-info prog_array-target fd=171 id=207 type=17 name=sys_exit_init tag=e9757419dbd8dd2d jited_len=1856 xlated_len=3096 nr_jited_ksyms=1 ksym0=0xffffffffc040370c ksym1=0x0
[566.970923 pid=12507 tid=12519] BPF_MAP_UPDATE_ELEM prog_array name=sys_exit_init_t map_fd=16 map_id=366 key=140 prog_fd=171 prog_id=207 flags=0 ret=0 errno=0
[566.970992 pid=12507 tid=12519] native-loader jit-info prog_array-target fd=171 id=207 type=17 name=sys_exit_init tag=e9757419dbd8dd2d jited_len=1856 xlated_len=3096 nr_jited_ksyms=1 ksym0=0xffffffffc040370c ksym1=0x0
[566.971065 pid=12507 tid=12519] BPF_MAP_UPDATE_ELEM prog_array name=sys_exit_init_t map_fd=16 map_id=366 key=141 prog_fd=171 prog_id=207 flags=0 ret=0 errno=0
[566.971135 pid=12507 tid=12519] native-loader jit-info prog_array-target fd=171 id=207 type=17 name=sys_exit_init tag=e9757419dbd8dd2d jited_len=1856 xlated_len=3096 nr_jited_ksyms=1 ksym0=0xffffffffc040370c ksym1=0x0
[566.971207 pid=12507 tid=12519] BPF_MAP_UPDATE_ELEM prog_array name=sys_exit_init_t map_fd=16 map_id=366 key=142 prog_fd=171 prog_id=207 flags=0 ret=0 errno=0
[566.971276 pid=12507 tid=12519] native-loader jit-info prog_array-target fd=171 id=207 type=17 name=sys_exit_init tag=e9757419dbd8dd2d jited_len=1856 xlated_len=3096 nr_jited_ksyms=1 ksym0=0xffffffffc040370c ksym1=0x0
[566.971348 pid=12507 tid=12519] BPF_MAP_UPDATE_ELEM prog_array name=sys_exit_init_t map_fd=16 map_id=366 key=143 prog_fd=171 prog_id=207 flags=0 ret=0 errno=0
[566.971417 pid=12507 tid=12519] native-loader jit-info prog_array-target fd=171 id=207 type=17 name=sys_exit_init tag=e9757419dbd8dd2d jited_len=1856 xlated_len=3096 nr_jited_ksyms=1 ksym0=0xffffffffc040370c ksym1=0x0
[566.971489 pid=12507 tid=12519] BPF_MAP_UPDATE_ELEM prog_array name=sys_exit_init_t map_fd=16 map_id=366 key=144 prog_fd=171 prog_id=207 flags=0 ret=0 errno=0
[566.971558 pid=12507 tid=12519] native-loader jit-info prog_array-target fd=171 id=207 type=17 name=sys_exit_init tag=e9757419dbd8dd2d jited_len=1856 xlated_len=3096 nr_jited_ksyms=1 ksym0=0xffffffffc040370c ksym1=0x0
[566.971629 pid=12507 tid=12519] BPF_MAP_UPDATE_ELEM prog_array name=sys_exit_init_t map_fd=16 map_id=366 key=145 prog_fd=171 prog_id=207 flags=0 ret=0 errno=0
[566.971698 pid=12507 tid=12519] native-loader jit-info prog_array-target fd=171 id=207 type=17 name=sys_exit_init tag=e9757419dbd8dd2d jited_len=1856 xlated_len=3096 nr_jited_ksyms=1 ksym0=0xffffffffc040370c ksym1=0x0
[566.971770 pid=12507 tid=12519] BPF_MAP_UPDATE_ELEM prog_array name=sys_exit_init_t map_fd=16 map_id=366 key=146 prog_fd=171 prog_id=207 flags=0 ret=0 errno=0
[566.971839 pid=12507 tid=12519] native-loader jit-info prog_array-target fd=171 id=207 type=17 name=sys_exit_init tag=e9757419dbd8dd2d jited_len=1856 xlated_len=3096 nr_jited_ksyms=1 ksym0=0xffffffffc040370c ksym1=0x0
[566.971911 pid=12507 tid=12519] BPF_MAP_UPDATE_ELEM prog_array name=sys_exit_init_t map_fd=16 map_id=366 key=147 prog_fd=171 prog_id=207 flags=0 ret=0 errno=0
[566.971980 pid=12507 tid=12519] native-loader jit-info prog_array-target fd=171 id=207 type=17 name=sys_exit_init tag=e9757419dbd8dd2d jited_len=1856 xlated_len=3096 nr_jited_ksyms=1 ksym0=0xffffffffc040370c ksym1=0x0
[566.972053 pid=12507 tid=12519] BPF_MAP_UPDATE_ELEM prog_array name=sys_exit_init_t map_fd=16 map_id=366 key=148 prog_fd=171 prog_id=207 flags=0 ret=0 errno=0
[566.972123 pid=12507 tid=12519] native-loader jit-info prog_array-target fd=171 id=207 type=17 name=sys_exit_init tag=e9757419dbd8dd2d jited_len=1856 xlated_len=3096 nr_jited_ksyms=1 ksym0=0xffffffffc040370c ksym1=0x0
[566.972195 pid=12507 tid=12519] BPF_MAP_UPDATE_ELEM prog_array name=sys_exit_init_t map_fd=16 map_id=366 key=149 prog_fd=171 prog_id=207 flags=0 ret=0 errno=0
[566.972265 pid=12507 tid=12519] native-loader jit-info prog_array-target fd=171 id=207 type=17 name=sys_exit_init tag=e9757419dbd8dd2d jited_len=1856 xlated_len=3096 nr_jited_ksyms=1 ksym0=0xffffffffc040370c ksym1=0x0
[566.972337 pid=12507 tid=12519] BPF_MAP_UPDATE_ELEM prog_array name=sys_exit_init_t map_fd=16 map_id=366 key=150 prog_fd=171 prog_id=207 flags=0 ret=0 errno=0
[566.972405 pid=12507 tid=12519] native-loader jit-info prog_array-target fd=171 id=207 type=17 name=sys_exit_init tag=e9757419dbd8dd2d jited_len=1856 xlated_len=3096 nr_jited_ksyms=1 ksym0=0xffffffffc040370c ksym1=0x0
[566.972477 pid=12507 tid=12519] BPF_MAP_UPDATE_ELEM prog_array name=sys_exit_init_t map_fd=16 map_id=366 key=151 prog_fd=171 prog_id=207 flags=0 ret=0 errno=0
[566.972545 pid=12507 tid=12519] native-loader jit-info prog_array-target fd=171 id=207 type=17 name=sys_exit_init tag=e9757419dbd8dd2d jited_len=1856 xlated_len=3096 nr_jited_ksyms=1 ksym0=0xffffffffc040370c ksym1=0x0
[566.972619 pid=12507 tid=12519] BPF_MAP_UPDATE_ELEM prog_array name=sys_exit_init_t map_fd=16 map_id=366 key=152 prog_fd=171 prog_id=207 flags=0 ret=0 errno=0
[566.972687 pid=12507 tid=12519] native-loader jit-info prog_array-target fd=171 id=207 type=17 name=sys_exit_init tag=e9757419dbd8dd2d jited_len=1856 xlated_len=3096 nr_jited_ksyms=1 ksym0=0xffffffffc040370c ksym1=0x0
[566.972760 pid=12507 tid=12519] BPF_MAP_UPDATE_ELEM prog_array name=sys_exit_init_t map_fd=16 map_id=366 key=153 prog_fd=171 prog_id=207 flags=0 ret=0 errno=0
[566.972828 pid=12507 tid=12519] native-loader jit-info prog_array-target fd=171 id=207 type=17 name=sys_exit_init tag=e9757419dbd8dd2d jited_len=1856 xlated_len=3096 nr_jited_ksyms=1 ksym0=0xffffffffc040370c ksym1=0x0
[566.972901 pid=12507 tid=12519] BPF_MAP_UPDATE_ELEM prog_array name=sys_exit_init_t map_fd=16 map_id=366 key=154 prog_fd=171 prog_id=207 flags=0 ret=0 errno=0
[566.972969 pid=12507 tid=12519] native-loader jit-info prog_array-target fd=171 id=207 type=17 name=sys_exit_init tag=e9757419dbd8dd2d jited_len=1856 xlated_len=3096 nr_jited_ksyms=1 ksym0=0xffffffffc040370c ksym1=0x0
[566.973042 pid=12507 tid=12519] BPF_MAP_UPDATE_ELEM prog_array name=sys_exit_init_t map_fd=16 map_id=366 key=155 prog_fd=171 prog_id=207 flags=0 ret=0 errno=0
[566.973112 pid=12507 tid=12519] native-loader jit-info prog_array-target fd=171 id=207 type=17 name=sys_exit_init tag=e9757419dbd8dd2d jited_len=1856 xlated_len=3096 nr_jited_ksyms=1 ksym0=0xffffffffc040370c ksym1=0x0
[566.973186 pid=12507 tid=12519] BPF_MAP_UPDATE_ELEM prog_array name=sys_exit_init_t map_fd=16 map_id=366 key=156 prog_fd=171 prog_id=207 flags=0 ret=0 errno=0
[566.973253 pid=12507 tid=12519] native-loader jit-info prog_array-target fd=171 id=207 type=17 name=sys_exit_init tag=e9757419dbd8dd2d jited_len=1856 xlated_len=3096 nr_jited_ksyms=1 ksym0=0xffffffffc040370c ksym1=0x0
[566.973326 pid=12507 tid=12519] BPF_MAP_UPDATE_ELEM prog_array name=sys_exit_init_t map_fd=16 map_id=366 key=157 prog_fd=171 prog_id=207 flags=0 ret=0 errno=0
[566.973394 pid=12507 tid=12519] native-loader jit-info prog_array-target fd=171 id=207 type=17 name=sys_exit_init tag=e9757419dbd8dd2d jited_len=1856 xlated_len=3096 nr_jited_ksyms=1 ksym0=0xffffffffc040370c ksym1=0x0
[566.973467 pid=12507 tid=12519] BPF_MAP_UPDATE_ELEM prog_array name=sys_exit_init_t map_fd=16 map_id=366 key=159 prog_fd=171 prog_id=207 flags=0 ret=0 errno=0
[566.973536 pid=12507 tid=12519] native-loader jit-info prog_array-target fd=171 id=207 type=17 name=sys_exit_init tag=e9757419dbd8dd2d jited_len=1856 xlated_len=3096 nr_jited_ksyms=1 ksym0=0xffffffffc040370c ksym1=0x0
[566.973609 pid=12507 tid=12519] BPF_MAP_UPDATE_ELEM prog_array name=sys_exit_init_t map_fd=16 map_id=366 key=160 prog_fd=171 prog_id=207 flags=0 ret=0 errno=0
[566.973677 pid=12507 tid=12519] native-loader jit-info prog_array-target fd=171 id=207 type=17 name=sys_exit_init tag=e9757419dbd8dd2d jited_len=1856 xlated_len=3096 nr_jited_ksyms=1 ksym0=0xffffffffc040370c ksym1=0x0
[566.973750 pid=12507 tid=12519] BPF_MAP_UPDATE_ELEM prog_array name=sys_exit_init_t map_fd=16 map_id=366 key=161 prog_fd=171 prog_id=207 flags=0 ret=0 errno=0
[566.973817 pid=12507 tid=12519] native-loader jit-info prog_array-target fd=171 id=207 type=17 name=sys_exit_init tag=e9757419dbd8dd2d jited_len=1856 xlated_len=3096 nr_jited_ksyms=1 ksym0=0xffffffffc040370c ksym1=0x0
[566.973890 pid=12507 tid=12519] BPF_MAP_UPDATE_ELEM prog_array name=sys_exit_init_t map_fd=16 map_id=366 key=162 prog_fd=171 prog_id=207 flags=0 ret=0 errno=0
[566.973958 pid=12507 tid=12519] native-loader jit-info prog_array-target fd=171 id=207 type=17 name=sys_exit_init tag=e9757419dbd8dd2d jited_len=1856 xlated_len=3096 nr_jited_ksyms=1 ksym0=0xffffffffc040370c ksym1=0x0
[566.974030 pid=12507 tid=12519] BPF_MAP_UPDATE_ELEM prog_array name=sys_exit_init_t map_fd=16 map_id=366 key=163 prog_fd=171 prog_id=207 flags=0 ret=0 errno=0
[566.974100 pid=12507 tid=12519] native-loader jit-info prog_array-target fd=171 id=207 type=17 name=sys_exit_init tag=e9757419dbd8dd2d jited_len=1856 xlated_len=3096 nr_jited_ksyms=1 ksym0=0xffffffffc040370c ksym1=0x0
[566.974173 pid=12507 tid=12519] BPF_MAP_UPDATE_ELEM prog_array name=sys_exit_init_t map_fd=16 map_id=366 key=164 prog_fd=171 prog_id=207 flags=0 ret=0 errno=0
[566.974240 pid=12507 tid=12519] native-loader jit-info prog_array-target fd=171 id=207 type=17 name=sys_exit_init tag=e9757419dbd8dd2d jited_len=1856 xlated_len=3096 nr_jited_ksyms=1 ksym0=0xffffffffc040370c ksym1=0x0
[566.974313 pid=12507 tid=12519] BPF_MAP_UPDATE_ELEM prog_array name=sys_exit_init_t map_fd=16 map_id=366 key=165 prog_fd=171 prog_id=207 flags=0 ret=0 errno=0
[566.974381 pid=12507 tid=12519] native-loader jit-info prog_array-target fd=171 id=207 type=17 name=sys_exit_init tag=e9757419dbd8dd2d jited_len=1856 xlated_len=3096 nr_jited_ksyms=1 ksym0=0xffffffffc040370c ksym1=0x0
[566.974454 pid=12507 tid=12519] BPF_MAP_UPDATE_ELEM prog_array name=sys_exit_init_t map_fd=16 map_id=366 key=166 prog_fd=171 prog_id=207 flags=0 ret=0 errno=0
[566.974522 pid=12507 tid=12519] native-loader jit-info prog_array-target fd=171 id=207 type=17 name=sys_exit_init tag=e9757419dbd8dd2d jited_len=1856 xlated_len=3096 nr_jited_ksyms=1 ksym0=0xffffffffc040370c ksym1=0x0
[566.974595 pid=12507 tid=12519] BPF_MAP_UPDATE_ELEM prog_array name=sys_exit_init_t map_fd=16 map_id=366 key=167 prog_fd=171 prog_id=207 flags=0 ret=0 errno=0
[566.974663 pid=12507 tid=12519] native-loader jit-info prog_array-target fd=171 id=207 type=17 name=sys_exit_init tag=e9757419dbd8dd2d jited_len=1856 xlated_len=3096 nr_jited_ksyms=1 ksym0=0xffffffffc040370c ksym1=0x0
[566.974736 pid=12507 tid=12519] BPF_MAP_UPDATE_ELEM prog_array name=sys_exit_init_t map_fd=16 map_id=366 key=168 prog_fd=171 prog_id=207 flags=0 ret=0 errno=0
[566.974804 pid=12507 tid=12519] native-loader jit-info prog_array-target fd=171 id=207 type=17 name=sys_exit_init tag=e9757419dbd8dd2d jited_len=1856 xlated_len=3096 nr_jited_ksyms=1 ksym0=0xffffffffc040370c ksym1=0x0
[566.974877 pid=12507 tid=12519] BPF_MAP_UPDATE_ELEM prog_array name=sys_exit_init_t map_fd=16 map_id=366 key=169 prog_fd=171 prog_id=207 flags=0 ret=0 errno=0
[566.974944 pid=12507 tid=12519] native-loader jit-info prog_array-target fd=171 id=207 type=17 name=sys_exit_init tag=e9757419dbd8dd2d jited_len=1856 xlated_len=3096 nr_jited_ksyms=1 ksym0=0xffffffffc040370c ksym1=0x0
[566.975017 pid=12507 tid=12519] BPF_MAP_UPDATE_ELEM prog_array name=sys_exit_init_t map_fd=16 map_id=366 key=170 prog_fd=171 prog_id=207 flags=0 ret=0 errno=0
[566.975086 pid=12507 tid=12519] native-loader jit-info prog_array-target fd=171 id=207 type=17 name=sys_exit_init tag=e9757419dbd8dd2d jited_len=1856 xlated_len=3096 nr_jited_ksyms=1 ksym0=0xffffffffc040370c ksym1=0x0
[566.975158 pid=12507 tid=12519] BPF_MAP_UPDATE_ELEM prog_array name=sys_exit_init_t map_fd=16 map_id=366 key=171 prog_fd=171 prog_id=207 flags=0 ret=0 errno=0
[566.975227 pid=12507 tid=12519] native-loader jit-info prog_array-target fd=171 id=207 type=17 name=sys_exit_init tag=e9757419dbd8dd2d jited_len=1856 xlated_len=3096 nr_jited_ksyms=1 ksym0=0xffffffffc040370c ksym1=0x0
[566.975300 pid=12507 tid=12519] BPF_MAP_UPDATE_ELEM prog_array name=sys_exit_init_t map_fd=16 map_id=366 key=172 prog_fd=171 prog_id=207 flags=0 ret=0 errno=0
[566.975368 pid=12507 tid=12519] native-loader jit-info prog_array-target fd=171 id=207 type=17 name=sys_exit_init tag=e9757419dbd8dd2d jited_len=1856 xlated_len=3096 nr_jited_ksyms=1 ksym0=0xffffffffc040370c ksym1=0x0
[566.975441 pid=12507 tid=12519] BPF_MAP_UPDATE_ELEM prog_array name=sys_exit_init_t map_fd=16 map_id=366 key=173 prog_fd=171 prog_id=207 flags=0 ret=0 errno=0
[566.975509 pid=12507 tid=12519] native-loader jit-info prog_array-target fd=171 id=207 type=17 name=sys_exit_init tag=e9757419dbd8dd2d jited_len=1856 xlated_len=3096 nr_jited_ksyms=1 ksym0=0xffffffffc040370c ksym1=0x0
[566.975581 pid=12507 tid=12519] BPF_MAP_UPDATE_ELEM prog_array name=sys_exit_init_t map_fd=16 map_id=366 key=174 prog_fd=171 prog_id=207 flags=0 ret=0 errno=0
[566.975649 pid=12507 tid=12519] native-loader jit-info prog_array-target fd=171 id=207 type=17 name=sys_exit_init tag=e9757419dbd8dd2d jited_len=1856 xlated_len=3096 nr_jited_ksyms=1 ksym0=0xffffffffc040370c ksym1=0x0
[566.975722 pid=12507 tid=12519] BPF_MAP_UPDATE_ELEM prog_array name=sys_exit_init_t map_fd=16 map_id=366 key=175 prog_fd=171 prog_id=207 flags=0 ret=0 errno=0
[566.975790 pid=12507 tid=12519] native-loader jit-info prog_array-target fd=171 id=207 type=17 name=sys_exit_init tag=e9757419dbd8dd2d jited_len=1856 xlated_len=3096 nr_jited_ksyms=1 ksym0=0xffffffffc040370c ksym1=0x0
[566.975864 pid=12507 tid=12519] BPF_MAP_UPDATE_ELEM prog_array name=sys_exit_init_t map_fd=16 map_id=366 key=176 prog_fd=171 prog_id=207 flags=0 ret=0 errno=0
[566.975931 pid=12507 tid=12519] native-loader jit-info prog_array-target fd=171 id=207 type=17 name=sys_exit_init tag=e9757419dbd8dd2d jited_len=1856 xlated_len=3096 nr_jited_ksyms=1 ksym0=0xffffffffc040370c ksym1=0x0
[566.976004 pid=12507 tid=12519] BPF_MAP_UPDATE_ELEM prog_array name=sys_exit_init_t map_fd=16 map_id=366 key=177 prog_fd=171 prog_id=207 flags=0 ret=0 errno=0
[566.976074 pid=12507 tid=12519] native-loader jit-info prog_array-target fd=171 id=207 type=17 name=sys_exit_init tag=e9757419dbd8dd2d jited_len=1856 xlated_len=3096 nr_jited_ksyms=1 ksym0=0xffffffffc040370c ksym1=0x0
[566.976147 pid=12507 tid=12519] BPF_MAP_UPDATE_ELEM prog_array name=sys_exit_init_t map_fd=16 map_id=366 key=178 prog_fd=171 prog_id=207 flags=0 ret=0 errno=0
[566.976215 pid=12507 tid=12519] native-loader jit-info prog_array-target fd=171 id=207 type=17 name=sys_exit_init tag=e9757419dbd8dd2d jited_len=1856 xlated_len=3096 nr_jited_ksyms=1 ksym0=0xffffffffc040370c ksym1=0x0
[566.976288 pid=12507 tid=12519] BPF_MAP_UPDATE_ELEM prog_array name=sys_exit_init_t map_fd=16 map_id=366 key=179 prog_fd=171 prog_id=207 flags=0 ret=0 errno=0
[566.976356 pid=12507 tid=12519] native-loader jit-info prog_array-target fd=171 id=207 type=17 name=sys_exit_init tag=e9757419dbd8dd2d jited_len=1856 xlated_len=3096 nr_jited_ksyms=1 ksym0=0xffffffffc040370c ksym1=0x0
[566.976429 pid=12507 tid=12519] BPF_MAP_UPDATE_ELEM prog_array name=sys_exit_init_t map_fd=16 map_id=366 key=180 prog_fd=171 prog_id=207 flags=0 ret=0 errno=0
[566.976497 pid=12507 tid=12519] native-loader jit-info prog_array-target fd=171 id=207 type=17 name=sys_exit_init tag=e9757419dbd8dd2d jited_len=1856 xlated_len=3096 nr_jited_ksyms=1 ksym0=0xffffffffc040370c ksym1=0x0
[566.976569 pid=12507 tid=12519] BPF_MAP_UPDATE_ELEM prog_array name=sys_exit_init_t map_fd=16 map_id=366 key=181 prog_fd=171 prog_id=207 flags=0 ret=0 errno=0
[566.976637 pid=12507 tid=12519] native-loader jit-info prog_array-target fd=171 id=207 type=17 name=sys_exit_init tag=e9757419dbd8dd2d jited_len=1856 xlated_len=3096 nr_jited_ksyms=1 ksym0=0xffffffffc040370c ksym1=0x0
[566.976711 pid=12507 tid=12519] BPF_MAP_UPDATE_ELEM prog_array name=sys_exit_init_t map_fd=16 map_id=366 key=182 prog_fd=171 prog_id=207 flags=0 ret=0 errno=0
[566.976779 pid=12507 tid=12519] native-loader jit-info prog_array-target fd=171 id=207 type=17 name=sys_exit_init tag=e9757419dbd8dd2d jited_len=1856 xlated_len=3096 nr_jited_ksyms=1 ksym0=0xffffffffc040370c ksym1=0x0
[566.976852 pid=12507 tid=12519] BPF_MAP_UPDATE_ELEM prog_array name=sys_exit_init_t map_fd=16 map_id=366 key=183 prog_fd=171 prog_id=207 flags=0 ret=0 errno=0
[566.976919 pid=12507 tid=12519] native-loader jit-info prog_array-target fd=171 id=207 type=17 name=sys_exit_init tag=e9757419dbd8dd2d jited_len=1856 xlated_len=3096 nr_jited_ksyms=1 ksym0=0xffffffffc040370c ksym1=0x0
[566.977021 pid=12507 tid=12519] BPF_MAP_UPDATE_ELEM prog_array name=sys_exit_init_t map_fd=16 map_id=366 key=184 prog_fd=171 prog_id=207 flags=0 ret=0 errno=0
[566.977090 pid=12507 tid=12519] native-loader jit-info prog_array-target fd=171 id=207 type=17 name=sys_exit_init tag=e9757419dbd8dd2d jited_len=1856 xlated_len=3096 nr_jited_ksyms=1 ksym0=0xffffffffc040370c ksym1=0x0
[566.977164 pid=12507 tid=12519] BPF_MAP_UPDATE_ELEM prog_array name=sys_exit_init_t map_fd=16 map_id=366 key=185 prog_fd=171 prog_id=207 flags=0 ret=0 errno=0
[566.977232 pid=12507 tid=12519] native-loader jit-info prog_array-target fd=171 id=207 type=17 name=sys_exit_init tag=e9757419dbd8dd2d jited_len=1856 xlated_len=3096 nr_jited_ksyms=1 ksym0=0xffffffffc040370c ksym1=0x0
[566.977304 pid=12507 tid=12519] BPF_MAP_UPDATE_ELEM prog_array name=sys_exit_init_t map_fd=16 map_id=366 key=186 prog_fd=171 prog_id=207 flags=0 ret=0 errno=0
[566.977373 pid=12507 tid=12519] native-loader jit-info prog_array-target fd=171 id=207 type=17 name=sys_exit_init tag=e9757419dbd8dd2d jited_len=1856 xlated_len=3096 nr_jited_ksyms=1 ksym0=0xffffffffc040370c ksym1=0x0
[566.977446 pid=12507 tid=12519] BPF_MAP_UPDATE_ELEM prog_array name=sys_exit_init_t map_fd=16 map_id=366 key=187 prog_fd=171 prog_id=207 flags=0 ret=0 errno=0
[566.977512 pid=12507 tid=12519] native-loader jit-info prog_array-target fd=171 id=207 type=17 name=sys_exit_init tag=e9757419dbd8dd2d jited_len=1856 xlated_len=3096 nr_jited_ksyms=1 ksym0=0xffffffffc040370c ksym1=0x0
[566.977585 pid=12507 tid=12519] BPF_MAP_UPDATE_ELEM prog_array name=sys_exit_init_t map_fd=16 map_id=366 key=188 prog_fd=171 prog_id=207 flags=0 ret=0 errno=0
[566.977654 pid=12507 tid=12519] native-loader jit-info prog_array-target fd=171 id=207 type=17 name=sys_exit_init tag=e9757419dbd8dd2d jited_len=1856 xlated_len=3096 nr_jited_ksyms=1 ksym0=0xffffffffc040370c ksym1=0x0
[566.977727 pid=12507 tid=12519] BPF_MAP_UPDATE_ELEM prog_array name=sys_exit_init_t map_fd=16 map_id=366 key=189 prog_fd=171 prog_id=207 flags=0 ret=0 errno=0
[566.977796 pid=12507 tid=12519] native-loader jit-info prog_array-target fd=171 id=207 type=17 name=sys_exit_init tag=e9757419dbd8dd2d jited_len=1856 xlated_len=3096 nr_jited_ksyms=1 ksym0=0xffffffffc040370c ksym1=0x0
[566.977869 pid=12507 tid=12519] BPF_MAP_UPDATE_ELEM prog_array name=sys_exit_init_t map_fd=16 map_id=366 key=190 prog_fd=171 prog_id=207 flags=0 ret=0 errno=0
[566.977936 pid=12507 tid=12519] native-loader jit-info prog_array-target fd=171 id=207 type=17 name=sys_exit_init tag=e9757419dbd8dd2d jited_len=1856 xlated_len=3096 nr_jited_ksyms=1 ksym0=0xffffffffc040370c ksym1=0x0
[566.978009 pid=12507 tid=12519] BPF_MAP_UPDATE_ELEM prog_array name=sys_exit_init_t map_fd=16 map_id=366 key=191 prog_fd=171 prog_id=207 flags=0 ret=0 errno=0
[566.978080 pid=12507 tid=12519] native-loader jit-info prog_array-target fd=171 id=207 type=17 name=sys_exit_init tag=e9757419dbd8dd2d jited_len=1856 xlated_len=3096 nr_jited_ksyms=1 ksym0=0xffffffffc040370c ksym1=0x0
[566.978152 pid=12507 tid=12519] BPF_MAP_UPDATE_ELEM prog_array name=sys_exit_init_t map_fd=16 map_id=366 key=192 prog_fd=171 prog_id=207 flags=0 ret=0 errno=0
[566.978220 pid=12507 tid=12519] native-loader jit-info prog_array-target fd=171 id=207 type=17 name=sys_exit_init tag=e9757419dbd8dd2d jited_len=1856 xlated_len=3096 nr_jited_ksyms=1 ksym0=0xffffffffc040370c ksym1=0x0
[566.978293 pid=12507 tid=12519] BPF_MAP_UPDATE_ELEM prog_array name=sys_exit_init_t map_fd=16 map_id=366 key=193 prog_fd=171 prog_id=207 flags=0 ret=0 errno=0
[566.978361 pid=12507 tid=12519] native-loader jit-info prog_array-target fd=171 id=207 type=17 name=sys_exit_init tag=e9757419dbd8dd2d jited_len=1856 xlated_len=3096 nr_jited_ksyms=1 ksym0=0xffffffffc040370c ksym1=0x0
[566.978435 pid=12507 tid=12519] BPF_MAP_UPDATE_ELEM prog_array name=sys_exit_init_t map_fd=16 map_id=366 key=194 prog_fd=171 prog_id=207 flags=0 ret=0 errno=0
[566.978503 pid=12507 tid=12519] native-loader jit-info prog_array-target fd=171 id=207 type=17 name=sys_exit_init tag=e9757419dbd8dd2d jited_len=1856 xlated_len=3096 nr_jited_ksyms=1 ksym0=0xffffffffc040370c ksym1=0x0
[566.978606 pid=12507 tid=12519] BPF_MAP_UPDATE_ELEM prog_array name=sys_exit_init_t map_fd=16 map_id=366 key=195 prog_fd=171 prog_id=207 flags=0 ret=0 errno=0
[566.978673 pid=12507 tid=12519] native-loader jit-info prog_array-target fd=171 id=207 type=17 name=sys_exit_init tag=e9757419dbd8dd2d jited_len=1856 xlated_len=3096 nr_jited_ksyms=1 ksym0=0xffffffffc040370c ksym1=0x0
[566.978746 pid=12507 tid=12519] BPF_MAP_UPDATE_ELEM prog_array name=sys_exit_init_t map_fd=16 map_id=366 key=196 prog_fd=171 prog_id=207 flags=0 ret=0 errno=0
[566.978812 pid=12507 tid=12519] native-loader jit-info prog_array-target fd=171 id=207 type=17 name=sys_exit_init tag=e9757419dbd8dd2d jited_len=1856 xlated_len=3096 nr_jited_ksyms=1 ksym0=0xffffffffc040370c ksym1=0x0
[566.978885 pid=12507 tid=12519] BPF_MAP_UPDATE_ELEM prog_array name=sys_exit_init_t map_fd=16 map_id=366 key=197 prog_fd=171 prog_id=207 flags=0 ret=0 errno=0
[566.978953 pid=12507 tid=12519] native-loader jit-info prog_array-target fd=171 id=207 type=17 name=sys_exit_init tag=e9757419dbd8dd2d jited_len=1856 xlated_len=3096 nr_jited_ksyms=1 ksym0=0xffffffffc040370c ksym1=0x0
[566.979027 pid=12507 tid=12519] BPF_MAP_UPDATE_ELEM prog_array name=sys_exit_init_t map_fd=16 map_id=366 key=198 prog_fd=171 prog_id=207 flags=0 ret=0 errno=0
[566.979097 pid=12507 tid=12519] native-loader jit-info prog_array-target fd=171 id=207 type=17 name=sys_exit_init tag=e9757419dbd8dd2d jited_len=1856 xlated_len=3096 nr_jited_ksyms=1 ksym0=0xffffffffc040370c ksym1=0x0
[566.979170 pid=12507 tid=12519] BPF_MAP_UPDATE_ELEM prog_array name=sys_exit_init_t map_fd=16 map_id=366 key=199 prog_fd=171 prog_id=207 flags=0 ret=0 errno=0
[566.979239 pid=12507 tid=12519] native-loader jit-info prog_array-target fd=171 id=207 type=17 name=sys_exit_init tag=e9757419dbd8dd2d jited_len=1856 xlated_len=3096 nr_jited_ksyms=1 ksym0=0xffffffffc040370c ksym1=0x0
[566.979311 pid=12507 tid=12519] BPF_MAP_UPDATE_ELEM prog_array name=sys_exit_init_t map_fd=16 map_id=366 key=200 prog_fd=171 prog_id=207 flags=0 ret=0 errno=0
[566.979379 pid=12507 tid=12519] native-loader jit-info prog_array-target fd=171 id=207 type=17 name=sys_exit_init tag=e9757419dbd8dd2d jited_len=1856 xlated_len=3096 nr_jited_ksyms=1 ksym0=0xffffffffc040370c ksym1=0x0
[566.979452 pid=12507 tid=12519] BPF_MAP_UPDATE_ELEM prog_array name=sys_exit_init_t map_fd=16 map_id=366 key=201 prog_fd=171 prog_id=207 flags=0 ret=0 errno=0
[566.979519 pid=12507 tid=12519] native-loader jit-info prog_array-target fd=171 id=207 type=17 name=sys_exit_init tag=e9757419dbd8dd2d jited_len=1856 xlated_len=3096 nr_jited_ksyms=1 ksym0=0xffffffffc040370c ksym1=0x0
[566.979592 pid=12507 tid=12519] BPF_MAP_UPDATE_ELEM prog_array name=sys_exit_init_t map_fd=16 map_id=366 key=202 prog_fd=171 prog_id=207 flags=0 ret=0 errno=0
[566.979659 pid=12507 tid=12519] native-loader jit-info prog_array-target fd=171 id=207 type=17 name=sys_exit_init tag=e9757419dbd8dd2d jited_len=1856 xlated_len=3096 nr_jited_ksyms=1 ksym0=0xffffffffc040370c ksym1=0x0
[566.979732 pid=12507 tid=12519] BPF_MAP_UPDATE_ELEM prog_array name=sys_exit_init_t map_fd=16 map_id=366 key=203 prog_fd=171 prog_id=207 flags=0 ret=0 errno=0
[566.979800 pid=12507 tid=12519] native-loader jit-info prog_array-target fd=171 id=207 type=17 name=sys_exit_init tag=e9757419dbd8dd2d jited_len=1856 xlated_len=3096 nr_jited_ksyms=1 ksym0=0xffffffffc040370c ksym1=0x0
[566.979873 pid=12507 tid=12519] BPF_MAP_UPDATE_ELEM prog_array name=sys_exit_init_t map_fd=16 map_id=366 key=204 prog_fd=171 prog_id=207 flags=0 ret=0 errno=0
[566.979940 pid=12507 tid=12519] native-loader jit-info prog_array-target fd=171 id=207 type=17 name=sys_exit_init tag=e9757419dbd8dd2d jited_len=1856 xlated_len=3096 nr_jited_ksyms=1 ksym0=0xffffffffc040370c ksym1=0x0
[566.980014 pid=12507 tid=12519] BPF_MAP_UPDATE_ELEM prog_array name=sys_exit_init_t map_fd=16 map_id=366 key=205 prog_fd=171 prog_id=207 flags=0 ret=0 errno=0
[566.980082 pid=12507 tid=12519] native-loader jit-info prog_array-target fd=171 id=207 type=17 name=sys_exit_init tag=e9757419dbd8dd2d jited_len=1856 xlated_len=3096 nr_jited_ksyms=1 ksym0=0xffffffffc040370c ksym1=0x0
[566.980155 pid=12507 tid=12519] BPF_MAP_UPDATE_ELEM prog_array name=sys_exit_init_t map_fd=16 map_id=366 key=206 prog_fd=171 prog_id=207 flags=0 ret=0 errno=0
[566.980222 pid=12507 tid=12519] native-loader jit-info prog_array-target fd=171 id=207 type=17 name=sys_exit_init tag=e9757419dbd8dd2d jited_len=1856 xlated_len=3096 nr_jited_ksyms=1 ksym0=0xffffffffc040370c ksym1=0x0
[566.980296 pid=12507 tid=12519] BPF_MAP_UPDATE_ELEM prog_array name=sys_exit_init_t map_fd=16 map_id=366 key=207 prog_fd=171 prog_id=207 flags=0 ret=0 errno=0
[566.980364 pid=12507 tid=12519] native-loader jit-info prog_array-target fd=171 id=207 type=17 name=sys_exit_init tag=e9757419dbd8dd2d jited_len=1856 xlated_len=3096 nr_jited_ksyms=1 ksym0=0xffffffffc040370c ksym1=0x0
[566.980438 pid=12507 tid=12519] BPF_MAP_UPDATE_ELEM prog_array name=sys_exit_init_t map_fd=16 map_id=366 key=208 prog_fd=171 prog_id=207 flags=0 ret=0 errno=0
[566.980506 pid=12507 tid=12519] native-loader jit-info prog_array-target fd=171 id=207 type=17 name=sys_exit_init tag=e9757419dbd8dd2d jited_len=1856 xlated_len=3096 nr_jited_ksyms=1 ksym0=0xffffffffc040370c ksym1=0x0
[566.980579 pid=12507 tid=12519] BPF_MAP_UPDATE_ELEM prog_array name=sys_exit_init_t map_fd=16 map_id=366 key=209 prog_fd=171 prog_id=207 flags=0 ret=0 errno=0
[566.980646 pid=12507 tid=12519] native-loader jit-info prog_array-target fd=171 id=207 type=17 name=sys_exit_init tag=e9757419dbd8dd2d jited_len=1856 xlated_len=3096 nr_jited_ksyms=1 ksym0=0xffffffffc040370c ksym1=0x0
[566.980719 pid=12507 tid=12519] BPF_MAP_UPDATE_ELEM prog_array name=sys_exit_init_t map_fd=16 map_id=366 key=210 prog_fd=171 prog_id=207 flags=0 ret=0 errno=0
[566.980787 pid=12507 tid=12519] native-loader jit-info prog_array-target fd=171 id=207 type=17 name=sys_exit_init tag=e9757419dbd8dd2d jited_len=1856 xlated_len=3096 nr_jited_ksyms=1 ksym0=0xffffffffc040370c ksym1=0x0
[566.980861 pid=12507 tid=12519] BPF_MAP_UPDATE_ELEM prog_array name=sys_exit_init_t map_fd=16 map_id=366 key=211 prog_fd=171 prog_id=207 flags=0 ret=0 errno=0
[566.980927 pid=12507 tid=12519] native-loader jit-info prog_array-target fd=171 id=207 type=17 name=sys_exit_init tag=e9757419dbd8dd2d jited_len=1856 xlated_len=3096 nr_jited_ksyms=1 ksym0=0xffffffffc040370c ksym1=0x0
[566.981000 pid=12507 tid=12519] BPF_MAP_UPDATE_ELEM prog_array name=sys_exit_init_t map_fd=16 map_id=366 key=212 prog_fd=171 prog_id=207 flags=0 ret=0 errno=0
[566.981067 pid=12507 tid=12519] native-loader jit-info prog_array-target fd=171 id=207 type=17 name=sys_exit_init tag=e9757419dbd8dd2d jited_len=1856 xlated_len=3096 nr_jited_ksyms=1 ksym0=0xffffffffc040370c ksym1=0x0
[566.981142 pid=12507 tid=12519] BPF_MAP_UPDATE_ELEM prog_array name=sys_exit_init_t map_fd=16 map_id=366 key=213 prog_fd=171 prog_id=207 flags=0 ret=0 errno=0
[566.981209 pid=12507 tid=12519] native-loader jit-info prog_array-target fd=171 id=207 type=17 name=sys_exit_init tag=e9757419dbd8dd2d jited_len=1856 xlated_len=3096 nr_jited_ksyms=1 ksym0=0xffffffffc040370c ksym1=0x0
[566.981283 pid=12507 tid=12519] BPF_MAP_UPDATE_ELEM prog_array name=sys_exit_init_t map_fd=16 map_id=366 key=214 prog_fd=171 prog_id=207 flags=0 ret=0 errno=0
[566.981350 pid=12507 tid=12519] native-loader jit-info prog_array-target fd=171 id=207 type=17 name=sys_exit_init tag=e9757419dbd8dd2d jited_len=1856 xlated_len=3096 nr_jited_ksyms=1 ksym0=0xffffffffc040370c ksym1=0x0
[566.981427 pid=12507 tid=12519] BPF_MAP_UPDATE_ELEM prog_array name=sys_exit_init_t map_fd=16 map_id=366 key=215 prog_fd=171 prog_id=207 flags=0 ret=0 errno=0
[566.981492 pid=12507 tid=12519] native-loader jit-info prog_array-target fd=171 id=207 type=17 name=sys_exit_init tag=e9757419dbd8dd2d jited_len=1856 xlated_len=3096 nr_jited_ksyms=1 ksym0=0xffffffffc040370c ksym1=0x0
[566.981565 pid=12507 tid=12519] BPF_MAP_UPDATE_ELEM prog_array name=sys_exit_init_t map_fd=16 map_id=366 key=216 prog_fd=171 prog_id=207 flags=0 ret=0 errno=0
[566.981632 pid=12507 tid=12519] native-loader jit-info prog_array-target fd=171 id=207 type=17 name=sys_exit_init tag=e9757419dbd8dd2d jited_len=1856 xlated_len=3096 nr_jited_ksyms=1 ksym0=0xffffffffc040370c ksym1=0x0
[566.981706 pid=12507 tid=12519] BPF_MAP_UPDATE_ELEM prog_array name=sys_exit_init_t map_fd=16 map_id=366 key=217 prog_fd=171 prog_id=207 flags=0 ret=0 errno=0
[566.981773 pid=12507 tid=12519] native-loader jit-info prog_array-target fd=171 id=207 type=17 name=sys_exit_init tag=e9757419dbd8dd2d jited_len=1856 xlated_len=3096 nr_jited_ksyms=1 ksym0=0xffffffffc040370c ksym1=0x0
[566.981875 pid=12507 tid=12519] BPF_MAP_UPDATE_ELEM prog_array name=sys_exit_init_t map_fd=16 map_id=366 key=218 prog_fd=171 prog_id=207 flags=0 ret=0 errno=0
[566.981943 pid=12507 tid=12519] native-loader jit-info prog_array-target fd=171 id=207 type=17 name=sys_exit_init tag=e9757419dbd8dd2d jited_len=1856 xlated_len=3096 nr_jited_ksyms=1 ksym0=0xffffffffc040370c ksym1=0x0
[566.982017 pid=12507 tid=12519] BPF_MAP_UPDATE_ELEM prog_array name=sys_exit_init_t map_fd=16 map_id=366 key=219 prog_fd=171 prog_id=207 flags=0 ret=0 errno=0
[566.982085 pid=12507 tid=12519] native-loader jit-info prog_array-target fd=171 id=207 type=17 name=sys_exit_init tag=e9757419dbd8dd2d jited_len=1856 xlated_len=3096 nr_jited_ksyms=1 ksym0=0xffffffffc040370c ksym1=0x0
[566.982158 pid=12507 tid=12519] BPF_MAP_UPDATE_ELEM prog_array name=sys_exit_init_t map_fd=16 map_id=366 key=220 prog_fd=171 prog_id=207 flags=0 ret=0 errno=0
[566.982225 pid=12507 tid=12519] native-loader jit-info prog_array-target fd=171 id=207 type=17 name=sys_exit_init tag=e9757419dbd8dd2d jited_len=1856 xlated_len=3096 nr_jited_ksyms=1 ksym0=0xffffffffc040370c ksym1=0x0
[566.982299 pid=12507 tid=12519] BPF_MAP_UPDATE_ELEM prog_array name=sys_exit_init_t map_fd=16 map_id=366 key=221 prog_fd=171 prog_id=207 flags=0 ret=0 errno=0
[566.982367 pid=12507 tid=12519] native-loader jit-info prog_array-target fd=171 id=207 type=17 name=sys_exit_init tag=e9757419dbd8dd2d jited_len=1856 xlated_len=3096 nr_jited_ksyms=1 ksym0=0xffffffffc040370c ksym1=0x0
[566.982440 pid=12507 tid=12519] BPF_MAP_UPDATE_ELEM prog_array name=sys_exit_init_t map_fd=16 map_id=366 key=222 prog_fd=171 prog_id=207 flags=0 ret=0 errno=0
[566.982507 pid=12507 tid=12519] native-loader jit-info prog_array-target fd=171 id=207 type=17 name=sys_exit_init tag=e9757419dbd8dd2d jited_len=1856 xlated_len=3096 nr_jited_ksyms=1 ksym0=0xffffffffc040370c ksym1=0x0
[566.982580 pid=12507 tid=12519] BPF_MAP_UPDATE_ELEM prog_array name=sys_exit_init_t map_fd=16 map_id=366 key=223 prog_fd=171 prog_id=207 flags=0 ret=0 errno=0
[566.982648 pid=12507 tid=12519] native-loader jit-info prog_array-target fd=171 id=207 type=17 name=sys_exit_init tag=e9757419dbd8dd2d jited_len=1856 xlated_len=3096 nr_jited_ksyms=1 ksym0=0xffffffffc040370c ksym1=0x0
[566.982721 pid=12507 tid=12519] BPF_MAP_UPDATE_ELEM prog_array name=sys_exit_init_t map_fd=16 map_id=366 key=224 prog_fd=171 prog_id=207 flags=0 ret=0 errno=0
[566.982789 pid=12507 tid=12519] native-loader jit-info prog_array-target fd=171 id=207 type=17 name=sys_exit_init tag=e9757419dbd8dd2d jited_len=1856 xlated_len=3096 nr_jited_ksyms=1 ksym0=0xffffffffc040370c ksym1=0x0
[566.982862 pid=12507 tid=12519] BPF_MAP_UPDATE_ELEM prog_array name=sys_exit_init_t map_fd=16 map_id=366 key=225 prog_fd=171 prog_id=207 flags=0 ret=0 errno=0
[566.982930 pid=12507 tid=12519] native-loader jit-info prog_array-target fd=171 id=207 type=17 name=sys_exit_init tag=e9757419dbd8dd2d jited_len=1856 xlated_len=3096 nr_jited_ksyms=1 ksym0=0xffffffffc040370c ksym1=0x0
[566.983003 pid=12507 tid=12519] BPF_MAP_UPDATE_ELEM prog_array name=sys_exit_init_t map_fd=16 map_id=366 key=226 prog_fd=171 prog_id=207 flags=0 ret=0 errno=0
[566.983072 pid=12507 tid=12519] native-loader jit-info prog_array-target fd=171 id=207 type=17 name=sys_exit_init tag=e9757419dbd8dd2d jited_len=1856 xlated_len=3096 nr_jited_ksyms=1 ksym0=0xffffffffc040370c ksym1=0x0
[566.983146 pid=12507 tid=12519] BPF_MAP_UPDATE_ELEM prog_array name=sys_exit_init_t map_fd=16 map_id=366 key=227 prog_fd=171 prog_id=207 flags=0 ret=0 errno=0
[566.983213 pid=12507 tid=12519] native-loader jit-info prog_array-target fd=171 id=207 type=17 name=sys_exit_init tag=e9757419dbd8dd2d jited_len=1856 xlated_len=3096 nr_jited_ksyms=1 ksym0=0xffffffffc040370c ksym1=0x0
[566.983287 pid=12507 tid=12519] BPF_MAP_UPDATE_ELEM prog_array name=sys_exit_init_t map_fd=16 map_id=366 key=228 prog_fd=171 prog_id=207 flags=0 ret=0 errno=0
[566.983354 pid=12507 tid=12519] native-loader jit-info prog_array-target fd=171 id=207 type=17 name=sys_exit_init tag=e9757419dbd8dd2d jited_len=1856 xlated_len=3096 nr_jited_ksyms=1 ksym0=0xffffffffc040370c ksym1=0x0
[566.983427 pid=12507 tid=12519] BPF_MAP_UPDATE_ELEM prog_array name=sys_exit_init_t map_fd=16 map_id=366 key=229 prog_fd=171 prog_id=207 flags=0 ret=0 errno=0
[566.983495 pid=12507 tid=12519] native-loader jit-info prog_array-target fd=171 id=207 type=17 name=sys_exit_init tag=e9757419dbd8dd2d jited_len=1856 xlated_len=3096 nr_jited_ksyms=1 ksym0=0xffffffffc040370c ksym1=0x0
[566.983568 pid=12507 tid=12519] BPF_MAP_UPDATE_ELEM prog_array name=sys_exit_init_t map_fd=16 map_id=366 key=230 prog_fd=171 prog_id=207 flags=0 ret=0 errno=0
[566.983635 pid=12507 tid=12519] native-loader jit-info prog_array-target fd=171 id=207 type=17 name=sys_exit_init tag=e9757419dbd8dd2d jited_len=1856 xlated_len=3096 nr_jited_ksyms=1 ksym0=0xffffffffc040370c ksym1=0x0
[566.983709 pid=12507 tid=12519] BPF_MAP_UPDATE_ELEM prog_array name=sys_exit_init_t map_fd=16 map_id=366 key=231 prog_fd=171 prog_id=207 flags=0 ret=0 errno=0
[566.983777 pid=12507 tid=12519] native-loader jit-info prog_array-target fd=171 id=207 type=17 name=sys_exit_init tag=e9757419dbd8dd2d jited_len=1856 xlated_len=3096 nr_jited_ksyms=1 ksym0=0xffffffffc040370c ksym1=0x0
[566.983850 pid=12507 tid=12519] BPF_MAP_UPDATE_ELEM prog_array name=sys_exit_init_t map_fd=16 map_id=366 key=232 prog_fd=171 prog_id=207 flags=0 ret=0 errno=0
[566.983917 pid=12507 tid=12519] native-loader jit-info prog_array-target fd=171 id=207 type=17 name=sys_exit_init tag=e9757419dbd8dd2d jited_len=1856 xlated_len=3096 nr_jited_ksyms=1 ksym0=0xffffffffc040370c ksym1=0x0
[566.983991 pid=12507 tid=12519] BPF_MAP_UPDATE_ELEM prog_array name=sys_exit_init_t map_fd=16 map_id=366 key=233 prog_fd=171 prog_id=207 flags=0 ret=0 errno=0
[566.984057 pid=12507 tid=12519] native-loader jit-info prog_array-target fd=171 id=207 type=17 name=sys_exit_init tag=e9757419dbd8dd2d jited_len=1856 xlated_len=3096 nr_jited_ksyms=1 ksym0=0xffffffffc040370c ksym1=0x0
[566.984133 pid=12507 tid=12519] BPF_MAP_UPDATE_ELEM prog_array name=sys_exit_init_t map_fd=16 map_id=366 key=234 prog_fd=171 prog_id=207 flags=0 ret=0 errno=0
[566.984200 pid=12507 tid=12519] native-loader jit-info prog_array-target fd=171 id=207 type=17 name=sys_exit_init tag=e9757419dbd8dd2d jited_len=1856 xlated_len=3096 nr_jited_ksyms=1 ksym0=0xffffffffc040370c ksym1=0x0
[566.984273 pid=12507 tid=12519] BPF_MAP_UPDATE_ELEM prog_array name=sys_exit_init_t map_fd=16 map_id=366 key=235 prog_fd=171 prog_id=207 flags=0 ret=0 errno=0
[566.984340 pid=12507 tid=12519] native-loader jit-info prog_array-target fd=171 id=207 type=17 name=sys_exit_init tag=e9757419dbd8dd2d jited_len=1856 xlated_len=3096 nr_jited_ksyms=1 ksym0=0xffffffffc040370c ksym1=0x0
[566.984413 pid=12507 tid=12519] BPF_MAP_UPDATE_ELEM prog_array name=sys_exit_init_t map_fd=16 map_id=366 key=236 prog_fd=171 prog_id=207 flags=0 ret=0 errno=0
[566.984480 pid=12507 tid=12519] native-loader jit-info prog_array-target fd=171 id=207 type=17 name=sys_exit_init tag=e9757419dbd8dd2d jited_len=1856 xlated_len=3096 nr_jited_ksyms=1 ksym0=0xffffffffc040370c ksym1=0x0
[566.984554 pid=12507 tid=12519] BPF_MAP_UPDATE_ELEM prog_array name=sys_exit_init_t map_fd=16 map_id=366 key=237 prog_fd=171 prog_id=207 flags=0 ret=0 errno=0
[566.984621 pid=12507 tid=12519] native-loader jit-info prog_array-target fd=171 id=207 type=17 name=sys_exit_init tag=e9757419dbd8dd2d jited_len=1856 xlated_len=3096 nr_jited_ksyms=1 ksym0=0xffffffffc040370c ksym1=0x0
[566.984694 pid=12507 tid=12519] BPF_MAP_UPDATE_ELEM prog_array name=sys_exit_init_t map_fd=16 map_id=366 key=238 prog_fd=171 prog_id=207 flags=0 ret=0 errno=0
[566.984763 pid=12507 tid=12519] native-loader jit-info prog_array-target fd=171 id=207 type=17 name=sys_exit_init tag=e9757419dbd8dd2d jited_len=1856 xlated_len=3096 nr_jited_ksyms=1 ksym0=0xffffffffc040370c ksym1=0x0
[566.984836 pid=12507 tid=12519] BPF_MAP_UPDATE_ELEM prog_array name=sys_exit_init_t map_fd=16 map_id=366 key=239 prog_fd=171 prog_id=207 flags=0 ret=0 errno=0
[566.984903 pid=12507 tid=12519] native-loader jit-info prog_array-target fd=171 id=207 type=17 name=sys_exit_init tag=e9757419dbd8dd2d jited_len=1856 xlated_len=3096 nr_jited_ksyms=1 ksym0=0xffffffffc040370c ksym1=0x0
[566.984976 pid=12507 tid=12519] BPF_MAP_UPDATE_ELEM prog_array name=sys_exit_init_t map_fd=16 map_id=366 key=240 prog_fd=171 prog_id=207 flags=0 ret=0 errno=0
[566.985044 pid=12507 tid=12519] native-loader jit-info prog_array-target fd=171 id=207 type=17 name=sys_exit_init tag=e9757419dbd8dd2d jited_len=1856 xlated_len=3096 nr_jited_ksyms=1 ksym0=0xffffffffc040370c ksym1=0x0
[566.985119 pid=12507 tid=12519] BPF_MAP_UPDATE_ELEM prog_array name=sys_exit_init_t map_fd=16 map_id=366 key=241 prog_fd=171 prog_id=207 flags=0 ret=0 errno=0
[566.985187 pid=12507 tid=12519] native-loader jit-info prog_array-target fd=171 id=207 type=17 name=sys_exit_init tag=e9757419dbd8dd2d jited_len=1856 xlated_len=3096 nr_jited_ksyms=1 ksym0=0xffffffffc040370c ksym1=0x0
[566.985261 pid=12507 tid=12519] BPF_MAP_UPDATE_ELEM prog_array name=sys_exit_init_t map_fd=16 map_id=366 key=242 prog_fd=171 prog_id=207 flags=0 ret=0 errno=0
[566.985329 pid=12507 tid=12519] native-loader jit-info prog_array-target fd=171 id=207 type=17 name=sys_exit_init tag=e9757419dbd8dd2d jited_len=1856 xlated_len=3096 nr_jited_ksyms=1 ksym0=0xffffffffc040370c ksym1=0x0
[566.985402 pid=12507 tid=12519] BPF_MAP_UPDATE_ELEM prog_array name=sys_exit_init_t map_fd=16 map_id=366 key=243 prog_fd=171 prog_id=207 flags=0 ret=0 errno=0
[566.985470 pid=12507 tid=12519] native-loader jit-info prog_array-target fd=171 id=207 type=17 name=sys_exit_init tag=e9757419dbd8dd2d jited_len=1856 xlated_len=3096 nr_jited_ksyms=1 ksym0=0xffffffffc040370c ksym1=0x0
[566.985544 pid=12507 tid=12519] BPF_MAP_UPDATE_ELEM prog_array name=sys_exit_init_t map_fd=16 map_id=366 key=244 prog_fd=171 prog_id=207 flags=0 ret=0 errno=0
[566.985612 pid=12507 tid=12519] native-loader jit-info prog_array-target fd=171 id=207 type=17 name=sys_exit_init tag=e9757419dbd8dd2d jited_len=1856 xlated_len=3096 nr_jited_ksyms=1 ksym0=0xffffffffc040370c ksym1=0x0
[566.985686 pid=12507 tid=12519] BPF_MAP_UPDATE_ELEM prog_array name=sys_exit_init_t map_fd=16 map_id=366 key=245 prog_fd=171 prog_id=207 flags=0 ret=0 errno=0
[566.985753 pid=12507 tid=12519] native-loader jit-info prog_array-target fd=171 id=207 type=17 name=sys_exit_init tag=e9757419dbd8dd2d jited_len=1856 xlated_len=3096 nr_jited_ksyms=1 ksym0=0xffffffffc040370c ksym1=0x0
[566.985826 pid=12507 tid=12519] BPF_MAP_UPDATE_ELEM prog_array name=sys_exit_init_t map_fd=16 map_id=366 key=246 prog_fd=171 prog_id=207 flags=0 ret=0 errno=0
[566.985893 pid=12507 tid=12519] native-loader jit-info prog_array-target fd=171 id=207 type=17 name=sys_exit_init tag=e9757419dbd8dd2d jited_len=1856 xlated_len=3096 nr_jited_ksyms=1 ksym0=0xffffffffc040370c ksym1=0x0
[566.985966 pid=12507 tid=12519] BPF_MAP_UPDATE_ELEM prog_array name=sys_exit_init_t map_fd=16 map_id=366 key=247 prog_fd=171 prog_id=207 flags=0 ret=0 errno=0
[566.986033 pid=12507 tid=12519] native-loader jit-info prog_array-target fd=171 id=207 type=17 name=sys_exit_init tag=e9757419dbd8dd2d jited_len=1856 xlated_len=3096 nr_jited_ksyms=1 ksym0=0xffffffffc040370c ksym1=0x0
[566.986108 pid=12507 tid=12519] BPF_MAP_UPDATE_ELEM prog_array name=sys_exit_init_t map_fd=16 map_id=366 key=248 prog_fd=171 prog_id=207 flags=0 ret=0 errno=0
[566.986175 pid=12507 tid=12519] native-loader jit-info prog_array-target fd=171 id=207 type=17 name=sys_exit_init tag=e9757419dbd8dd2d jited_len=1856 xlated_len=3096 nr_jited_ksyms=1 ksym0=0xffffffffc040370c ksym1=0x0
[566.986249 pid=12507 tid=12519] BPF_MAP_UPDATE_ELEM prog_array name=sys_exit_init_t map_fd=16 map_id=366 key=249 prog_fd=171 prog_id=207 flags=0 ret=0 errno=0
[566.986316 pid=12507 tid=12519] native-loader jit-info prog_array-target fd=171 id=207 type=17 name=sys_exit_init tag=e9757419dbd8dd2d jited_len=1856 xlated_len=3096 nr_jited_ksyms=1 ksym0=0xffffffffc040370c ksym1=0x0
[566.986389 pid=12507 tid=12519] BPF_MAP_UPDATE_ELEM prog_array name=sys_exit_init_t map_fd=16 map_id=366 key=250 prog_fd=171 prog_id=207 flags=0 ret=0 errno=0
[566.986457 pid=12507 tid=12519] native-loader jit-info prog_array-target fd=171 id=207 type=17 name=sys_exit_init tag=e9757419dbd8dd2d jited_len=1856 xlated_len=3096 nr_jited_ksyms=1 ksym0=0xffffffffc040370c ksym1=0x0
[566.986530 pid=12507 tid=12519] BPF_MAP_UPDATE_ELEM prog_array name=sys_exit_init_t map_fd=16 map_id=366 key=251 prog_fd=171 prog_id=207 flags=0 ret=0 errno=0
[566.986598 pid=12507 tid=12519] native-loader jit-info prog_array-target fd=171 id=207 type=17 name=sys_exit_init tag=e9757419dbd8dd2d jited_len=1856 xlated_len=3096 nr_jited_ksyms=1 ksym0=0xffffffffc040370c ksym1=0x0
[566.986672 pid=12507 tid=12519] BPF_MAP_UPDATE_ELEM prog_array name=sys_exit_init_t map_fd=16 map_id=366 key=252 prog_fd=171 prog_id=207 flags=0 ret=0 errno=0
[566.986739 pid=12507 tid=12519] native-loader jit-info prog_array-target fd=171 id=207 type=17 name=sys_exit_init tag=e9757419dbd8dd2d jited_len=1856 xlated_len=3096 nr_jited_ksyms=1 ksym0=0xffffffffc040370c ksym1=0x0
[566.986813 pid=12507 tid=12519] BPF_MAP_UPDATE_ELEM prog_array name=sys_exit_init_t map_fd=16 map_id=366 key=253 prog_fd=171 prog_id=207 flags=0 ret=0 errno=0
[566.986880 pid=12507 tid=12519] native-loader jit-info prog_array-target fd=171 id=207 type=17 name=sys_exit_init tag=e9757419dbd8dd2d jited_len=1856 xlated_len=3096 nr_jited_ksyms=1 ksym0=0xffffffffc040370c ksym1=0x0
[566.986954 pid=12507 tid=12519] BPF_MAP_UPDATE_ELEM prog_array name=sys_exit_init_t map_fd=16 map_id=366 key=254 prog_fd=171 prog_id=207 flags=0 ret=0 errno=0
[566.987022 pid=12507 tid=12519] native-loader jit-info prog_array-target fd=171 id=207 type=17 name=sys_exit_init tag=e9757419dbd8dd2d jited_len=1856 xlated_len=3096 nr_jited_ksyms=1 ksym0=0xffffffffc040370c ksym1=0x0
[566.987097 pid=12507 tid=12519] BPF_MAP_UPDATE_ELEM prog_array name=sys_exit_init_t map_fd=16 map_id=366 key=255 prog_fd=171 prog_id=207 flags=0 ret=0 errno=0
[566.987166 pid=12507 tid=12519] native-loader jit-info prog_array-target fd=171 id=207 type=17 name=sys_exit_init tag=e9757419dbd8dd2d jited_len=1856 xlated_len=3096 nr_jited_ksyms=1 ksym0=0xffffffffc040370c ksym1=0x0
[566.987239 pid=12507 tid=12519] BPF_MAP_UPDATE_ELEM prog_array name=sys_exit_init_t map_fd=16 map_id=366 key=256 prog_fd=171 prog_id=207 flags=0 ret=0 errno=0
[566.987306 pid=12507 tid=12519] native-loader jit-info prog_array-target fd=171 id=207 type=17 name=sys_exit_init tag=e9757419dbd8dd2d jited_len=1856 xlated_len=3096 nr_jited_ksyms=1 ksym0=0xffffffffc040370c ksym1=0x0
[566.987380 pid=12507 tid=12519] BPF_MAP_UPDATE_ELEM prog_array name=sys_exit_init_t map_fd=16 map_id=366 key=257 prog_fd=171 prog_id=207 flags=0 ret=0 errno=0
[566.987447 pid=12507 tid=12519] native-loader jit-info prog_array-target fd=171 id=207 type=17 name=sys_exit_init tag=e9757419dbd8dd2d jited_len=1856 xlated_len=3096 nr_jited_ksyms=1 ksym0=0xffffffffc040370c ksym1=0x0
[566.987521 pid=12507 tid=12519] BPF_MAP_UPDATE_ELEM prog_array name=sys_exit_init_t map_fd=16 map_id=366 key=258 prog_fd=171 prog_id=207 flags=0 ret=0 errno=0
[566.987589 pid=12507 tid=12519] native-loader jit-info prog_array-target fd=171 id=207 type=17 name=sys_exit_init tag=e9757419dbd8dd2d jited_len=1856 xlated_len=3096 nr_jited_ksyms=1 ksym0=0xffffffffc040370c ksym1=0x0
[566.987662 pid=12507 tid=12519] BPF_MAP_UPDATE_ELEM prog_array name=sys_exit_init_t map_fd=16 map_id=366 key=259 prog_fd=171 prog_id=207 flags=0 ret=0 errno=0
[566.987730 pid=12507 tid=12519] native-loader jit-info prog_array-target fd=171 id=207 type=17 name=sys_exit_init tag=e9757419dbd8dd2d jited_len=1856 xlated_len=3096 nr_jited_ksyms=1 ksym0=0xffffffffc040370c ksym1=0x0
[566.987804 pid=12507 tid=12519] BPF_MAP_UPDATE_ELEM prog_array name=sys_exit_init_t map_fd=16 map_id=366 key=260 prog_fd=171 prog_id=207 flags=0 ret=0 errno=0
[566.987871 pid=12507 tid=12519] native-loader jit-info prog_array-target fd=171 id=207 type=17 name=sys_exit_init tag=e9757419dbd8dd2d jited_len=1856 xlated_len=3096 nr_jited_ksyms=1 ksym0=0xffffffffc040370c ksym1=0x0
[566.987944 pid=12507 tid=12519] BPF_MAP_UPDATE_ELEM prog_array name=sys_exit_init_t map_fd=16 map_id=366 key=261 prog_fd=171 prog_id=207 flags=0 ret=0 errno=0
[566.988012 pid=12507 tid=12519] native-loader jit-info prog_array-target fd=171 id=207 type=17 name=sys_exit_init tag=e9757419dbd8dd2d jited_len=1856 xlated_len=3096 nr_jited_ksyms=1 ksym0=0xffffffffc040370c ksym1=0x0
[566.988087 pid=12507 tid=12519] BPF_MAP_UPDATE_ELEM prog_array name=sys_exit_init_t map_fd=16 map_id=366 key=262 prog_fd=171 prog_id=207 flags=0 ret=0 errno=0
[566.988155 pid=12507 tid=12519] native-loader jit-info prog_array-target fd=171 id=207 type=17 name=sys_exit_init tag=e9757419dbd8dd2d jited_len=1856 xlated_len=3096 nr_jited_ksyms=1 ksym0=0xffffffffc040370c ksym1=0x0
[566.988228 pid=12507 tid=12519] BPF_MAP_UPDATE_ELEM prog_array name=sys_exit_init_t map_fd=16 map_id=366 key=263 prog_fd=171 prog_id=207 flags=0 ret=0 errno=0
[566.988296 pid=12507 tid=12519] native-loader jit-info prog_array-target fd=171 id=207 type=17 name=sys_exit_init tag=e9757419dbd8dd2d jited_len=1856 xlated_len=3096 nr_jited_ksyms=1 ksym0=0xffffffffc040370c ksym1=0x0
[566.988369 pid=12507 tid=12519] BPF_MAP_UPDATE_ELEM prog_array name=sys_exit_init_t map_fd=16 map_id=366 key=264 prog_fd=171 prog_id=207 flags=0 ret=0 errno=0
[566.988437 pid=12507 tid=12519] native-loader jit-info prog_array-target fd=171 id=207 type=17 name=sys_exit_init tag=e9757419dbd8dd2d jited_len=1856 xlated_len=3096 nr_jited_ksyms=1 ksym0=0xffffffffc040370c ksym1=0x0
[566.988511 pid=12507 tid=12519] BPF_MAP_UPDATE_ELEM prog_array name=sys_exit_init_t map_fd=16 map_id=366 key=265 prog_fd=171 prog_id=207 flags=0 ret=0 errno=0
[566.988579 pid=12507 tid=12519] native-loader jit-info prog_array-target fd=171 id=207 type=17 name=sys_exit_init tag=e9757419dbd8dd2d jited_len=1856 xlated_len=3096 nr_jited_ksyms=1 ksym0=0xffffffffc040370c ksym1=0x0
[566.988652 pid=12507 tid=12519] BPF_MAP_UPDATE_ELEM prog_array name=sys_exit_init_t map_fd=16 map_id=366 key=266 prog_fd=171 prog_id=207 flags=0 ret=0 errno=0
[566.988719 pid=12507 tid=12519] native-loader jit-info prog_array-target fd=171 id=207 type=17 name=sys_exit_init tag=e9757419dbd8dd2d jited_len=1856 xlated_len=3096 nr_jited_ksyms=1 ksym0=0xffffffffc040370c ksym1=0x0
[566.988793 pid=12507 tid=12519] BPF_MAP_UPDATE_ELEM prog_array name=sys_exit_init_t map_fd=16 map_id=366 key=267 prog_fd=171 prog_id=207 flags=0 ret=0 errno=0
[566.988861 pid=12507 tid=12519] native-loader jit-info prog_array-target fd=171 id=207 type=17 name=sys_exit_init tag=e9757419dbd8dd2d jited_len=1856 xlated_len=3096 nr_jited_ksyms=1 ksym0=0xffffffffc040370c ksym1=0x0
[566.988935 pid=12507 tid=12519] BPF_MAP_UPDATE_ELEM prog_array name=sys_exit_init_t map_fd=16 map_id=366 key=268 prog_fd=171 prog_id=207 flags=0 ret=0 errno=0
[566.989002 pid=12507 tid=12519] native-loader jit-info prog_array-target fd=171 id=207 type=17 name=sys_exit_init tag=e9757419dbd8dd2d jited_len=1856 xlated_len=3096 nr_jited_ksyms=1 ksym0=0xffffffffc040370c ksym1=0x0
[566.989078 pid=12507 tid=12519] BPF_MAP_UPDATE_ELEM prog_array name=sys_exit_init_t map_fd=16 map_id=366 key=269 prog_fd=171 prog_id=207 flags=0 ret=0 errno=0
[566.989147 pid=12507 tid=12519] native-loader jit-info prog_array-target fd=171 id=207 type=17 name=sys_exit_init tag=e9757419dbd8dd2d jited_len=1856 xlated_len=3096 nr_jited_ksyms=1 ksym0=0xffffffffc040370c ksym1=0x0
[566.989219 pid=12507 tid=12519] BPF_MAP_UPDATE_ELEM prog_array name=sys_exit_init_t map_fd=16 map_id=366 key=270 prog_fd=171 prog_id=207 flags=0 ret=0 errno=0
[566.989286 pid=12507 tid=12519] native-loader jit-info prog_array-target fd=171 id=207 type=17 name=sys_exit_init tag=e9757419dbd8dd2d jited_len=1856 xlated_len=3096 nr_jited_ksyms=1 ksym0=0xffffffffc040370c ksym1=0x0
[566.989360 pid=12507 tid=12519] BPF_MAP_UPDATE_ELEM prog_array name=sys_exit_init_t map_fd=16 map_id=366 key=271 prog_fd=171 prog_id=207 flags=0 ret=0 errno=0
[566.989427 pid=12507 tid=12519] native-loader jit-info prog_array-target fd=171 id=207 type=17 name=sys_exit_init tag=e9757419dbd8dd2d jited_len=1856 xlated_len=3096 nr_jited_ksyms=1 ksym0=0xffffffffc040370c ksym1=0x0
[566.989500 pid=12507 tid=12519] BPF_MAP_UPDATE_ELEM prog_array name=sys_exit_init_t map_fd=16 map_id=366 key=272 prog_fd=171 prog_id=207 flags=0 ret=0 errno=0
[566.989567 pid=12507 tid=12519] native-loader jit-info prog_array-target fd=171 id=207 type=17 name=sys_exit_init tag=e9757419dbd8dd2d jited_len=1856 xlated_len=3096 nr_jited_ksyms=1 ksym0=0xffffffffc040370c ksym1=0x0
[566.989640 pid=12507 tid=12519] BPF_MAP_UPDATE_ELEM prog_array name=sys_exit_init_t map_fd=16 map_id=366 key=273 prog_fd=171 prog_id=207 flags=0 ret=0 errno=0
[566.989708 pid=12507 tid=12519] native-loader jit-info prog_array-target fd=171 id=207 type=17 name=sys_exit_init tag=e9757419dbd8dd2d jited_len=1856 xlated_len=3096 nr_jited_ksyms=1 ksym0=0xffffffffc040370c ksym1=0x0
[566.989781 pid=12507 tid=12519] BPF_MAP_UPDATE_ELEM prog_array name=sys_exit_init_t map_fd=16 map_id=366 key=274 prog_fd=171 prog_id=207 flags=0 ret=0 errno=0
[566.989849 pid=12507 tid=12519] native-loader jit-info prog_array-target fd=171 id=207 type=17 name=sys_exit_init tag=e9757419dbd8dd2d jited_len=1856 xlated_len=3096 nr_jited_ksyms=1 ksym0=0xffffffffc040370c ksym1=0x0
[566.989922 pid=12507 tid=12519] BPF_MAP_UPDATE_ELEM prog_array name=sys_exit_init_t map_fd=16 map_id=366 key=275 prog_fd=171 prog_id=207 flags=0 ret=0 errno=0
[566.989990 pid=12507 tid=12519] native-loader jit-info prog_array-target fd=171 id=207 type=17 name=sys_exit_init tag=e9757419dbd8dd2d jited_len=1856 xlated_len=3096 nr_jited_ksyms=1 ksym0=0xffffffffc040370c ksym1=0x0
[566.990062 pid=12507 tid=12519] BPF_MAP_UPDATE_ELEM prog_array name=sys_exit_init_t map_fd=16 map_id=366 key=276 prog_fd=171 prog_id=207 flags=0 ret=0 errno=0
[566.990133 pid=12507 tid=12519] native-loader jit-info prog_array-target fd=171 id=207 type=17 name=sys_exit_init tag=e9757419dbd8dd2d jited_len=1856 xlated_len=3096 nr_jited_ksyms=1 ksym0=0xffffffffc040370c ksym1=0x0
[566.990206 pid=12507 tid=12519] BPF_MAP_UPDATE_ELEM prog_array name=sys_exit_init_t map_fd=16 map_id=366 key=277 prog_fd=171 prog_id=207 flags=0 ret=0 errno=0
[566.990272 pid=12507 tid=12519] native-loader jit-info prog_array-target fd=171 id=207 type=17 name=sys_exit_init tag=e9757419dbd8dd2d jited_len=1856 xlated_len=3096 nr_jited_ksyms=1 ksym0=0xffffffffc040370c ksym1=0x0
[566.990345 pid=12507 tid=12519] BPF_MAP_UPDATE_ELEM prog_array name=sys_exit_init_t map_fd=16 map_id=366 key=278 prog_fd=171 prog_id=207 flags=0 ret=0 errno=0
[566.990413 pid=12507 tid=12519] native-loader jit-info prog_array-target fd=171 id=207 type=17 name=sys_exit_init tag=e9757419dbd8dd2d jited_len=1856 xlated_len=3096 nr_jited_ksyms=1 ksym0=0xffffffffc040370c ksym1=0x0
[566.990486 pid=12507 tid=12519] BPF_MAP_UPDATE_ELEM prog_array name=sys_exit_init_t map_fd=16 map_id=366 key=279 prog_fd=171 prog_id=207 flags=0 ret=0 errno=0
[566.990554 pid=12507 tid=12519] native-loader jit-info prog_array-target fd=171 id=207 type=17 name=sys_exit_init tag=e9757419dbd8dd2d jited_len=1856 xlated_len=3096 nr_jited_ksyms=1 ksym0=0xffffffffc040370c ksym1=0x0
[566.990627 pid=12507 tid=12519] BPF_MAP_UPDATE_ELEM prog_array name=sys_exit_init_t map_fd=16 map_id=366 key=280 prog_fd=171 prog_id=207 flags=0 ret=0 errno=0
[566.990694 pid=12507 tid=12519] native-loader jit-info prog_array-target fd=171 id=207 type=17 name=sys_exit_init tag=e9757419dbd8dd2d jited_len=1856 xlated_len=3096 nr_jited_ksyms=1 ksym0=0xffffffffc040370c ksym1=0x0
[566.990767 pid=12507 tid=12519] BPF_MAP_UPDATE_ELEM prog_array name=sys_exit_init_t map_fd=16 map_id=366 key=281 prog_fd=171 prog_id=207 flags=0 ret=0 errno=0
[566.990834 pid=12507 tid=12519] native-loader jit-info prog_array-target fd=171 id=207 type=17 name=sys_exit_init tag=e9757419dbd8dd2d jited_len=1856 xlated_len=3096 nr_jited_ksyms=1 ksym0=0xffffffffc040370c ksym1=0x0
[566.990907 pid=12507 tid=12519] BPF_MAP_UPDATE_ELEM prog_array name=sys_exit_init_t map_fd=16 map_id=366 key=282 prog_fd=171 prog_id=207 flags=0 ret=0 errno=0
[566.990975 pid=12507 tid=12519] native-loader jit-info prog_array-target fd=171 id=207 type=17 name=sys_exit_init tag=e9757419dbd8dd2d jited_len=1856 xlated_len=3096 nr_jited_ksyms=1 ksym0=0xffffffffc040370c ksym1=0x0
[566.991048 pid=12507 tid=12519] BPF_MAP_UPDATE_ELEM prog_array name=sys_exit_init_t map_fd=16 map_id=366 key=283 prog_fd=171 prog_id=207 flags=0 ret=0 errno=0
[566.991118 pid=12507 tid=12519] native-loader jit-info prog_array-target fd=171 id=207 type=17 name=sys_exit_init tag=e9757419dbd8dd2d jited_len=1856 xlated_len=3096 nr_jited_ksyms=1 ksym0=0xffffffffc040370c ksym1=0x0
[566.991193 pid=12507 tid=12519] BPF_MAP_UPDATE_ELEM prog_array name=sys_exit_init_t map_fd=16 map_id=366 key=284 prog_fd=171 prog_id=207 flags=0 ret=0 errno=0
[566.991261 pid=12507 tid=12519] native-loader jit-info prog_array-target fd=171 id=207 type=17 name=sys_exit_init tag=e9757419dbd8dd2d jited_len=1856 xlated_len=3096 nr_jited_ksyms=1 ksym0=0xffffffffc040370c ksym1=0x0
[566.991333 pid=12507 tid=12519] BPF_MAP_UPDATE_ELEM prog_array name=sys_exit_init_t map_fd=16 map_id=366 key=285 prog_fd=171 prog_id=207 flags=0 ret=0 errno=0
[566.991401 pid=12507 tid=12519] native-loader jit-info prog_array-target fd=171 id=207 type=17 name=sys_exit_init tag=e9757419dbd8dd2d jited_len=1856 xlated_len=3096 nr_jited_ksyms=1 ksym0=0xffffffffc040370c ksym1=0x0
[566.991474 pid=12507 tid=12519] BPF_MAP_UPDATE_ELEM prog_array name=sys_exit_init_t map_fd=16 map_id=366 key=286 prog_fd=171 prog_id=207 flags=0 ret=0 errno=0
[566.991541 pid=12507 tid=12519] native-loader jit-info prog_array-target fd=171 id=207 type=17 name=sys_exit_init tag=e9757419dbd8dd2d jited_len=1856 xlated_len=3096 nr_jited_ksyms=1 ksym0=0xffffffffc040370c ksym1=0x0
[566.991615 pid=12507 tid=12519] BPF_MAP_UPDATE_ELEM prog_array name=sys_exit_init_t map_fd=16 map_id=366 key=287 prog_fd=171 prog_id=207 flags=0 ret=0 errno=0
[566.991682 pid=12507 tid=12519] native-loader jit-info prog_array-target fd=171 id=207 type=17 name=sys_exit_init tag=e9757419dbd8dd2d jited_len=1856 xlated_len=3096 nr_jited_ksyms=1 ksym0=0xffffffffc040370c ksym1=0x0
[566.991756 pid=12507 tid=12519] BPF_MAP_UPDATE_ELEM prog_array name=sys_exit_init_t map_fd=16 map_id=366 key=288 prog_fd=171 prog_id=207 flags=0 ret=0 errno=0
[566.991824 pid=12507 tid=12519] native-loader jit-info prog_array-target fd=171 id=207 type=17 name=sys_exit_init tag=e9757419dbd8dd2d jited_len=1856 xlated_len=3096 nr_jited_ksyms=1 ksym0=0xffffffffc040370c ksym1=0x0
[566.991897 pid=12507 tid=12519] BPF_MAP_UPDATE_ELEM prog_array name=sys_exit_init_t map_fd=16 map_id=366 key=289 prog_fd=171 prog_id=207 flags=0 ret=0 errno=0
[566.991964 pid=12507 tid=12519] native-loader jit-info prog_array-target fd=171 id=207 type=17 name=sys_exit_init tag=e9757419dbd8dd2d jited_len=1856 xlated_len=3096 nr_jited_ksyms=1 ksym0=0xffffffffc040370c ksym1=0x0
[566.992037 pid=12507 tid=12519] BPF_MAP_UPDATE_ELEM prog_array name=sys_exit_init_t map_fd=16 map_id=366 key=290 prog_fd=171 prog_id=207 flags=0 ret=0 errno=0
[566.992107 pid=12507 tid=12519] native-loader jit-info prog_array-target fd=171 id=207 type=17 name=sys_exit_init tag=e9757419dbd8dd2d jited_len=1856 xlated_len=3096 nr_jited_ksyms=1 ksym0=0xffffffffc040370c ksym1=0x0
[566.992181 pid=12507 tid=12519] BPF_MAP_UPDATE_ELEM prog_array name=sys_exit_init_t map_fd=16 map_id=366 key=291 prog_fd=171 prog_id=207 flags=0 ret=0 errno=0
[566.992249 pid=12507 tid=12519] native-loader jit-info prog_array-target fd=171 id=207 type=17 name=sys_exit_init tag=e9757419dbd8dd2d jited_len=1856 xlated_len=3096 nr_jited_ksyms=1 ksym0=0xffffffffc040370c ksym1=0x0
[566.992322 pid=12507 tid=12519] BPF_MAP_UPDATE_ELEM prog_array name=sys_exit_init_t map_fd=16 map_id=366 key=293 prog_fd=171 prog_id=207 flags=0 ret=0 errno=0
[566.992389 pid=12507 tid=12519] native-loader jit-info prog_array-target fd=171 id=207 type=17 name=sys_exit_init tag=e9757419dbd8dd2d jited_len=1856 xlated_len=3096 nr_jited_ksyms=1 ksym0=0xffffffffc040370c ksym1=0x0
[566.992462 pid=12507 tid=12519] BPF_MAP_UPDATE_ELEM prog_array name=sys_exit_init_t map_fd=16 map_id=366 key=294 prog_fd=171 prog_id=207 flags=0 ret=0 errno=0
[566.992530 pid=12507 tid=12519] native-loader jit-info prog_array-target fd=171 id=207 type=17 name=sys_exit_init tag=e9757419dbd8dd2d jited_len=1856 xlated_len=3096 nr_jited_ksyms=1 ksym0=0xffffffffc040370c ksym1=0x0
[566.992603 pid=12507 tid=12519] BPF_MAP_UPDATE_ELEM prog_array name=sys_exit_init_t map_fd=16 map_id=366 key=295 prog_fd=171 prog_id=207 flags=0 ret=0 errno=0
[566.992670 pid=12507 tid=12519] native-loader jit-info prog_array-target fd=171 id=207 type=17 name=sys_exit_init tag=e9757419dbd8dd2d jited_len=1856 xlated_len=3096 nr_jited_ksyms=1 ksym0=0xffffffffc040370c ksym1=0x0
[566.992744 pid=12507 tid=12519] BPF_MAP_UPDATE_ELEM prog_array name=sys_exit_init_t map_fd=16 map_id=366 key=296 prog_fd=171 prog_id=207 flags=0 ret=0 errno=0
[566.992812 pid=12507 tid=12519] native-loader jit-info prog_array-target fd=171 id=207 type=17 name=sys_exit_init tag=e9757419dbd8dd2d jited_len=1856 xlated_len=3096 nr_jited_ksyms=1 ksym0=0xffffffffc040370c ksym1=0x0
[566.992885 pid=12507 tid=12519] BPF_MAP_UPDATE_ELEM prog_array name=sys_exit_init_t map_fd=16 map_id=366 key=297 prog_fd=171 prog_id=207 flags=0 ret=0 errno=0
[566.992953 pid=12507 tid=12519] native-loader jit-info prog_array-target fd=171 id=207 type=17 name=sys_exit_init tag=e9757419dbd8dd2d jited_len=1856 xlated_len=3096 nr_jited_ksyms=1 ksym0=0xffffffffc040370c ksym1=0x0
[566.993026 pid=12507 tid=12519] BPF_MAP_UPDATE_ELEM prog_array name=sys_exit_init_t map_fd=16 map_id=366 key=298 prog_fd=171 prog_id=207 flags=0 ret=0 errno=0
[566.993096 pid=12507 tid=12519] native-loader jit-info prog_array-target fd=171 id=207 type=17 name=sys_exit_init tag=e9757419dbd8dd2d jited_len=1856 xlated_len=3096 nr_jited_ksyms=1 ksym0=0xffffffffc040370c ksym1=0x0
[566.993197 pid=12507 tid=12519] BPF_MAP_UPDATE_ELEM prog_array name=sys_exit_init_t map_fd=16 map_id=366 key=299 prog_fd=171 prog_id=207 flags=0 ret=0 errno=0
[566.993264 pid=12507 tid=12519] native-loader jit-info prog_array-target fd=171 id=207 type=17 name=sys_exit_init tag=e9757419dbd8dd2d jited_len=1856 xlated_len=3096 nr_jited_ksyms=1 ksym0=0xffffffffc040370c ksym1=0x0
[566.993338 pid=12507 tid=12519] BPF_MAP_UPDATE_ELEM prog_array name=sys_exit_init_t map_fd=16 map_id=366 key=300 prog_fd=171 prog_id=207 flags=0 ret=0 errno=0
[566.993406 pid=12507 tid=12519] native-loader jit-info prog_array-target fd=171 id=207 type=17 name=sys_exit_init tag=e9757419dbd8dd2d jited_len=1856 xlated_len=3096 nr_jited_ksyms=1 ksym0=0xffffffffc040370c ksym1=0x0
[566.993478 pid=12507 tid=12519] BPF_MAP_UPDATE_ELEM prog_array name=sys_exit_init_t map_fd=16 map_id=366 key=301 prog_fd=171 prog_id=207 flags=0 ret=0 errno=0
[566.993545 pid=12507 tid=12519] native-loader jit-info prog_array-target fd=171 id=207 type=17 name=sys_exit_init tag=e9757419dbd8dd2d jited_len=1856 xlated_len=3096 nr_jited_ksyms=1 ksym0=0xffffffffc040370c ksym1=0x0
[566.993619 pid=12507 tid=12519] BPF_MAP_UPDATE_ELEM prog_array name=sys_exit_init_t map_fd=16 map_id=366 key=302 prog_fd=171 prog_id=207 flags=0 ret=0 errno=0
[566.993687 pid=12507 tid=12519] native-loader jit-info prog_array-target fd=171 id=207 type=17 name=sys_exit_init tag=e9757419dbd8dd2d jited_len=1856 xlated_len=3096 nr_jited_ksyms=1 ksym0=0xffffffffc040370c ksym1=0x0
[566.993760 pid=12507 tid=12519] BPF_MAP_UPDATE_ELEM prog_array name=sys_exit_init_t map_fd=16 map_id=366 key=303 prog_fd=171 prog_id=207 flags=0 ret=0 errno=0
[566.993828 pid=12507 tid=12519] native-loader jit-info prog_array-target fd=171 id=207 type=17 name=sys_exit_init tag=e9757419dbd8dd2d jited_len=1856 xlated_len=3096 nr_jited_ksyms=1 ksym0=0xffffffffc040370c ksym1=0x0
[566.993902 pid=12507 tid=12519] BPF_MAP_UPDATE_ELEM prog_array name=sys_exit_init_t map_fd=16 map_id=366 key=304 prog_fd=171 prog_id=207 flags=0 ret=0 errno=0
[566.993969 pid=12507 tid=12519] native-loader jit-info prog_array-target fd=171 id=207 type=17 name=sys_exit_init tag=e9757419dbd8dd2d jited_len=1856 xlated_len=3096 nr_jited_ksyms=1 ksym0=0xffffffffc040370c ksym1=0x0
[566.994042 pid=12507 tid=12519] BPF_MAP_UPDATE_ELEM prog_array name=sys_exit_init_t map_fd=16 map_id=366 key=305 prog_fd=171 prog_id=207 flags=0 ret=0 errno=0
[566.994112 pid=12507 tid=12519] native-loader jit-info prog_array-target fd=171 id=207 type=17 name=sys_exit_init tag=e9757419dbd8dd2d jited_len=1856 xlated_len=3096 nr_jited_ksyms=1 ksym0=0xffffffffc040370c ksym1=0x0
[566.994542 pid=12507 tid=12519] BPF_MAP_UPDATE_ELEM prog_array name=sys_exit_init_t map_fd=16 map_id=366 key=306 prog_fd=171 prog_id=207 flags=0 ret=0 errno=0
[566.994619 pid=12507 tid=12519] native-loader jit-info prog_array-target fd=171 id=207 type=17 name=sys_exit_init tag=e9757419dbd8dd2d jited_len=1856 xlated_len=3096 nr_jited_ksyms=1 ksym0=0xffffffffc040370c ksym1=0x0
[566.994810 pid=12507 tid=12519] BPF_MAP_UPDATE_ELEM prog_array name=sys_exit_init_t map_fd=16 map_id=366 key=307 prog_fd=171 prog_id=207 flags=0 ret=0 errno=0
[566.994884 pid=12507 tid=12519] native-loader jit-info prog_array-target fd=171 id=207 type=17 name=sys_exit_init tag=e9757419dbd8dd2d jited_len=1856 xlated_len=3096 nr_jited_ksyms=1 ksym0=0xffffffffc040370c ksym1=0x0
[566.994958 pid=12507 tid=12519] BPF_MAP_UPDATE_ELEM prog_array name=sys_exit_init_t map_fd=16 map_id=366 key=308 prog_fd=171 prog_id=207 flags=0 ret=0 errno=0
[566.995025 pid=12507 tid=12519] native-loader jit-info prog_array-target fd=171 id=207 type=17 name=sys_exit_init tag=e9757419dbd8dd2d jited_len=1856 xlated_len=3096 nr_jited_ksyms=1 ksym0=0xffffffffc040370c ksym1=0x0
[566.995130 pid=12507 tid=12519] BPF_MAP_UPDATE_ELEM prog_array name=sys_exit_init_t map_fd=16 map_id=366 key=309 prog_fd=171 prog_id=207 flags=0 ret=0 errno=0
[566.995198 pid=12507 tid=12519] native-loader jit-info prog_array-target fd=171 id=207 type=17 name=sys_exit_init tag=e9757419dbd8dd2d jited_len=1856 xlated_len=3096 nr_jited_ksyms=1 ksym0=0xffffffffc040370c ksym1=0x0
[566.995365 pid=12507 tid=12519] BPF_MAP_UPDATE_ELEM prog_array name=sys_exit_init_t map_fd=16 map_id=366 key=310 prog_fd=171 prog_id=207 flags=0 ret=0 errno=0
[566.995433 pid=12507 tid=12519] native-loader jit-info prog_array-target fd=171 id=207 type=17 name=sys_exit_init tag=e9757419dbd8dd2d jited_len=1856 xlated_len=3096 nr_jited_ksyms=1 ksym0=0xffffffffc040370c ksym1=0x0
[566.995506 pid=12507 tid=12519] BPF_MAP_UPDATE_ELEM prog_array name=sys_exit_init_t map_fd=16 map_id=366 key=312 prog_fd=171 prog_id=207 flags=0 ret=0 errno=0
[566.995574 pid=12507 tid=12519] native-loader jit-info prog_array-target fd=171 id=207 type=17 name=sys_exit_init tag=e9757419dbd8dd2d jited_len=1856 xlated_len=3096 nr_jited_ksyms=1 ksym0=0xffffffffc040370c ksym1=0x0
[566.995647 pid=12507 tid=12519] BPF_MAP_UPDATE_ELEM prog_array name=sys_exit_init_t map_fd=16 map_id=366 key=313 prog_fd=171 prog_id=207 flags=0 ret=0 errno=0
[566.995715 pid=12507 tid=12519] native-loader jit-info prog_array-target fd=171 id=207 type=17 name=sys_exit_init tag=e9757419dbd8dd2d jited_len=1856 xlated_len=3096 nr_jited_ksyms=1 ksym0=0xffffffffc040370c ksym1=0x0
[566.995789 pid=12507 tid=12519] BPF_MAP_UPDATE_ELEM prog_array name=sys_exit_init_t map_fd=16 map_id=366 key=314 prog_fd=171 prog_id=207 flags=0 ret=0 errno=0
[566.995857 pid=12507 tid=12519] native-loader jit-info prog_array-target fd=171 id=207 type=17 name=sys_exit_init tag=e9757419dbd8dd2d jited_len=1856 xlated_len=3096 nr_jited_ksyms=1 ksym0=0xffffffffc040370c ksym1=0x0
[566.995959 pid=12507 tid=12519] BPF_MAP_UPDATE_ELEM prog_array name=sys_exit_init_t map_fd=16 map_id=366 key=315 prog_fd=171 prog_id=207 flags=0 ret=0 errno=0
[566.996026 pid=12507 tid=12519] native-loader jit-info prog_array-target fd=171 id=207 type=17 name=sys_exit_init tag=e9757419dbd8dd2d jited_len=1856 xlated_len=3096 nr_jited_ksyms=1 ksym0=0xffffffffc040370c ksym1=0x0
[566.996103 pid=12507 tid=12519] BPF_MAP_UPDATE_ELEM prog_array name=sys_exit_init_t map_fd=16 map_id=366 key=316 prog_fd=171 prog_id=207 flags=0 ret=0 errno=0
[566.996171 pid=12507 tid=12519] native-loader jit-info prog_array-target fd=171 id=207 type=17 name=sys_exit_init tag=e9757419dbd8dd2d jited_len=1856 xlated_len=3096 nr_jited_ksyms=1 ksym0=0xffffffffc040370c ksym1=0x0
[566.996328 pid=12507 tid=12519] BPF_MAP_UPDATE_ELEM prog_array name=sys_exit_init_t map_fd=16 map_id=366 key=317 prog_fd=171 prog_id=207 flags=0 ret=0 errno=0
[566.996395 pid=12507 tid=12519] native-loader jit-info prog_array-target fd=171 id=207 type=17 name=sys_exit_init tag=e9757419dbd8dd2d jited_len=1856 xlated_len=3096 nr_jited_ksyms=1 ksym0=0xffffffffc040370c ksym1=0x0
[566.996546 pid=12507 tid=12519] BPF_MAP_UPDATE_ELEM prog_array name=sys_exit_init_t map_fd=16 map_id=366 key=318 prog_fd=171 prog_id=207 flags=0 ret=0 errno=0
[566.996614 pid=12507 tid=12519] native-loader jit-info prog_array-target fd=171 id=207 type=17 name=sys_exit_init tag=e9757419dbd8dd2d jited_len=1856 xlated_len=3096 nr_jited_ksyms=1 ksym0=0xffffffffc040370c ksym1=0x0
[566.996808 pid=12507 tid=12519] BPF_MAP_UPDATE_ELEM prog_array name=sys_exit_init_t map_fd=16 map_id=366 key=319 prog_fd=171 prog_id=207 flags=0 ret=0 errno=0
[566.996872 pid=12507 tid=12519] native-loader jit-info prog_array-target fd=171 id=207 type=17 name=sys_exit_init tag=e9757419dbd8dd2d jited_len=1856 xlated_len=3096 nr_jited_ksyms=1 ksym0=0xffffffffc040370c ksym1=0x0
[566.997038 pid=12507 tid=12519] BPF_MAP_UPDATE_ELEM prog_array name=sys_exit_init_t map_fd=16 map_id=366 key=320 prog_fd=171 prog_id=207 flags=0 ret=0 errno=0
[566.997110 pid=12507 tid=12519] native-loader jit-info prog_array-target fd=171 id=207 type=17 name=sys_exit_init tag=e9757419dbd8dd2d jited_len=1856 xlated_len=3096 nr_jited_ksyms=1 ksym0=0xffffffffc040370c ksym1=0x0
[566.997261 pid=12507 tid=12519] BPF_MAP_UPDATE_ELEM prog_array name=sys_exit_init_t map_fd=16 map_id=366 key=321 prog_fd=171 prog_id=207 flags=0 ret=0 errno=0
[566.997328 pid=12507 tid=12519] native-loader jit-info prog_array-target fd=171 id=207 type=17 name=sys_exit_init tag=e9757419dbd8dd2d jited_len=1856 xlated_len=3096 nr_jited_ksyms=1 ksym0=0xffffffffc040370c ksym1=0x0
[566.997473 pid=12507 tid=12519] BPF_MAP_UPDATE_ELEM prog_array name=sys_exit_init_t map_fd=16 map_id=366 key=322 prog_fd=171 prog_id=207 flags=0 ret=0 errno=0
[566.997541 pid=12507 tid=12519] native-loader jit-info prog_array-target fd=171 id=207 type=17 name=sys_exit_init tag=e9757419dbd8dd2d jited_len=1856 xlated_len=3096 nr_jited_ksyms=1 ksym0=0xffffffffc040370c ksym1=0x0
[566.997614 pid=12507 tid=12519] BPF_MAP_UPDATE_ELEM prog_array name=sys_exit_init_t map_fd=16 map_id=366 key=323 prog_fd=171 prog_id=207 flags=0 ret=0 errno=0
[566.997681 pid=12507 tid=12519] native-loader jit-info prog_array-target fd=171 id=207 type=17 name=sys_exit_init tag=e9757419dbd8dd2d jited_len=1856 xlated_len=3096 nr_jited_ksyms=1 ksym0=0xffffffffc040370c ksym1=0x0
[566.997754 pid=12507 tid=12519] BPF_MAP_UPDATE_ELEM prog_array name=sys_exit_init_t map_fd=16 map_id=366 key=324 prog_fd=171 prog_id=207 flags=0 ret=0 errno=0
[566.997821 pid=12507 tid=12519] native-loader jit-info prog_array-target fd=171 id=207 type=17 name=sys_exit_init tag=e9757419dbd8dd2d jited_len=1856 xlated_len=3096 nr_jited_ksyms=1 ksym0=0xffffffffc040370c ksym1=0x0
[566.997895 pid=12507 tid=12519] BPF_MAP_UPDATE_ELEM prog_array name=sys_exit_init_t map_fd=16 map_id=366 key=325 prog_fd=171 prog_id=207 flags=0 ret=0 errno=0
[566.997962 pid=12507 tid=12519] native-loader jit-info prog_array-target fd=171 id=207 type=17 name=sys_exit_init tag=e9757419dbd8dd2d jited_len=1856 xlated_len=3096 nr_jited_ksyms=1 ksym0=0xffffffffc040370c ksym1=0x0
[566.998035 pid=12507 tid=12519] BPF_MAP_UPDATE_ELEM prog_array name=sys_exit_init_t map_fd=16 map_id=366 key=326 prog_fd=171 prog_id=207 flags=0 ret=0 errno=0
[566.998105 pid=12507 tid=12519] native-loader jit-info prog_array-target fd=171 id=207 type=17 name=sys_exit_init tag=e9757419dbd8dd2d jited_len=1856 xlated_len=3096 nr_jited_ksyms=1 ksym0=0xffffffffc040370c ksym1=0x0
[566.998178 pid=12507 tid=12519] BPF_MAP_UPDATE_ELEM prog_array name=sys_exit_init_t map_fd=16 map_id=366 key=327 prog_fd=171 prog_id=207 flags=0 ret=0 errno=0
[566.998245 pid=12507 tid=12519] native-loader jit-info prog_array-target fd=171 id=207 type=17 name=sys_exit_init tag=e9757419dbd8dd2d jited_len=1856 xlated_len=3096 nr_jited_ksyms=1 ksym0=0xffffffffc040370c ksym1=0x0
[566.998425 pid=12507 tid=12519] BPF_MAP_UPDATE_ELEM prog_array name=sys_exit_init_t map_fd=16 map_id=366 key=328 prog_fd=171 prog_id=207 flags=0 ret=0 errno=0
[566.998492 pid=12507 tid=12519] native-loader jit-info prog_array-target fd=171 id=207 type=17 name=sys_exit_init tag=e9757419dbd8dd2d jited_len=1856 xlated_len=3096 nr_jited_ksyms=1 ksym0=0xffffffffc040370c ksym1=0x0
[566.998567 pid=12507 tid=12519] BPF_MAP_UPDATE_ELEM prog_array name=sys_exit_init_t map_fd=16 map_id=366 key=329 prog_fd=171 prog_id=207 flags=0 ret=0 errno=0
[566.998631 pid=12507 tid=12519] native-loader jit-info prog_array-target fd=171 id=207 type=17 name=sys_exit_init tag=e9757419dbd8dd2d jited_len=1856 xlated_len=3096 nr_jited_ksyms=1 ksym0=0xffffffffc040370c ksym1=0x0
[566.998704 pid=12507 tid=12519] BPF_MAP_UPDATE_ELEM prog_array name=sys_exit_init_t map_fd=16 map_id=366 key=330 prog_fd=171 prog_id=207 flags=0 ret=0 errno=0
[566.998771 pid=12507 tid=12519] native-loader jit-info prog_array-target fd=171 id=207 type=17 name=sys_exit_init tag=e9757419dbd8dd2d jited_len=1856 xlated_len=3096 nr_jited_ksyms=1 ksym0=0xffffffffc040370c ksym1=0x0
[566.998844 pid=12507 tid=12519] BPF_MAP_UPDATE_ELEM prog_array name=sys_exit_init_t map_fd=16 map_id=366 key=331 prog_fd=171 prog_id=207 flags=0 ret=0 errno=0
[566.998911 pid=12507 tid=12519] native-loader jit-info prog_array-target fd=171 id=207 type=17 name=sys_exit_init tag=e9757419dbd8dd2d jited_len=1856 xlated_len=3096 nr_jited_ksyms=1 ksym0=0xffffffffc040370c ksym1=0x0
[566.998984 pid=12507 tid=12519] BPF_MAP_UPDATE_ELEM prog_array name=sys_exit_init_t map_fd=16 map_id=366 key=332 prog_fd=171 prog_id=207 flags=0 ret=0 errno=0
[566.999050 pid=12507 tid=12519] native-loader jit-info prog_array-target fd=171 id=207 type=17 name=sys_exit_init tag=e9757419dbd8dd2d jited_len=1856 xlated_len=3096 nr_jited_ksyms=1 ksym0=0xffffffffc040370c ksym1=0x0
[566.999422 pid=12507 tid=12519] BPF_MAP_UPDATE_ELEM prog_array name=sys_exit_init_t map_fd=16 map_id=366 key=333 prog_fd=171 prog_id=207 flags=0 ret=0 errno=0
[566.999497 pid=12507 tid=12519] native-loader jit-info prog_array-target fd=171 id=207 type=17 name=sys_exit_init tag=e9757419dbd8dd2d jited_len=1856 xlated_len=3096 nr_jited_ksyms=1 ksym0=0xffffffffc040370c ksym1=0x0
[566.999837 pid=12507 tid=12519] BPF_MAP_UPDATE_ELEM prog_array name=sys_exit_init_t map_fd=16 map_id=366 key=334 prog_fd=171 prog_id=207 flags=0 ret=0 errno=0
[566.999915 pid=12507 tid=12519] native-loader jit-info prog_array-target fd=171 id=207 type=17 name=sys_exit_init tag=e9757419dbd8dd2d jited_len=1856 xlated_len=3096 nr_jited_ksyms=1 ksym0=0xffffffffc040370c ksym1=0x0
[567.000054 pid=12507 tid=12519] BPF_MAP_UPDATE_ELEM prog_array name=sys_exit_init_t map_fd=16 map_id=366 key=424 prog_fd=171 prog_id=207 flags=0 ret=0 errno=0
[567.000329 pid=12507 tid=12519] native-loader jit-info prog_array-target fd=171 id=207 type=17 name=sys_exit_init tag=e9757419dbd8dd2d jited_len=1856 xlated_len=3096 nr_jited_ksyms=1 ksym0=0xffffffffc040370c ksym1=0x0
[567.000423 pid=12507 tid=12519] BPF_MAP_UPDATE_ELEM prog_array name=sys_exit_init_t map_fd=16 map_id=366 key=425 prog_fd=171 prog_id=207 flags=0 ret=0 errno=0
[567.000498 pid=12507 tid=12519] native-loader jit-info prog_array-target fd=171 id=207 type=17 name=sys_exit_init tag=e9757419dbd8dd2d jited_len=1856 xlated_len=3096 nr_jited_ksyms=1 ksym0=0xffffffffc040370c ksym1=0x0
[567.000572 pid=12507 tid=12519] BPF_MAP_UPDATE_ELEM prog_array name=sys_exit_init_t map_fd=16 map_id=366 key=426 prog_fd=171 prog_id=207 flags=0 ret=0 errno=0
[567.000640 pid=12507 tid=12519] native-loader jit-info prog_array-target fd=171 id=207 type=17 name=sys_exit_init tag=e9757419dbd8dd2d jited_len=1856 xlated_len=3096 nr_jited_ksyms=1 ksym0=0xffffffffc040370c ksym1=0x0
[567.000743 pid=12507 tid=12519] BPF_MAP_UPDATE_ELEM prog_array name=sys_exit_init_t map_fd=16 map_id=366 key=427 prog_fd=171 prog_id=207 flags=0 ret=0 errno=0
[567.000812 pid=12507 tid=12519] native-loader jit-info prog_array-target fd=171 id=207 type=17 name=sys_exit_init tag=e9757419dbd8dd2d jited_len=1856 xlated_len=3096 nr_jited_ksyms=1 ksym0=0xffffffffc040370c ksym1=0x0
[567.000914 pid=12507 tid=12519] BPF_MAP_UPDATE_ELEM prog_array name=sys_exit_init_t map_fd=16 map_id=366 key=428 prog_fd=171 prog_id=207 flags=0 ret=0 errno=0
[567.000983 pid=12507 tid=12519] native-loader jit-info prog_array-target fd=171 id=207 type=17 name=sys_exit_init tag=e9757419dbd8dd2d jited_len=1856 xlated_len=3096 nr_jited_ksyms=1 ksym0=0xffffffffc040370c ksym1=0x0
[567.001089 pid=12507 tid=12519] BPF_MAP_UPDATE_ELEM prog_array name=sys_exit_init_t map_fd=16 map_id=366 key=429 prog_fd=171 prog_id=207 flags=0 ret=0 errno=0
[567.001158 pid=12507 tid=12519] native-loader jit-info prog_array-target fd=171 id=207 type=17 name=sys_exit_init tag=e9757419dbd8dd2d jited_len=1856 xlated_len=3096 nr_jited_ksyms=1 ksym0=0xffffffffc040370c ksym1=0x0
[567.001263 pid=12507 tid=12519] BPF_MAP_UPDATE_ELEM prog_array name=sys_exit_init_t map_fd=16 map_id=366 key=430 prog_fd=171 prog_id=207 flags=0 ret=0 errno=0
[567.001331 pid=12507 tid=12519] native-loader jit-info prog_array-target fd=171 id=207 type=17 name=sys_exit_init tag=e9757419dbd8dd2d jited_len=1856 xlated_len=3096 nr_jited_ksyms=1 ksym0=0xffffffffc040370c ksym1=0x0
[567.001435 pid=12507 tid=12519] BPF_MAP_UPDATE_ELEM prog_array name=sys_exit_init_t map_fd=16 map_id=366 key=431 prog_fd=171 prog_id=207 flags=0 ret=0 errno=0
[567.001503 pid=12507 tid=12519] native-loader jit-info prog_array-target fd=171 id=207 type=17 name=sys_exit_init tag=e9757419dbd8dd2d jited_len=1856 xlated_len=3096 nr_jited_ksyms=1 ksym0=0xffffffffc040370c ksym1=0x0
[567.001578 pid=12507 tid=12519] BPF_MAP_UPDATE_ELEM prog_array name=sys_exit_init_t map_fd=16 map_id=366 key=432 prog_fd=171 prog_id=207 flags=0 ret=0 errno=0
[567.001646 pid=12507 tid=12519] native-loader jit-info prog_array-target fd=171 id=207 type=17 name=sys_exit_init tag=e9757419dbd8dd2d jited_len=1856 xlated_len=3096 nr_jited_ksyms=1 ksym0=0xffffffffc040370c ksym1=0x0
[567.001721 pid=12507 tid=12519] BPF_MAP_UPDATE_ELEM prog_array name=sys_exit_init_t map_fd=16 map_id=366 key=433 prog_fd=171 prog_id=207 flags=0 ret=0 errno=0
[567.001789 pid=12507 tid=12519] native-loader jit-info prog_array-target fd=171 id=207 type=17 name=sys_exit_init tag=e9757419dbd8dd2d jited_len=1856 xlated_len=3096 nr_jited_ksyms=1 ksym0=0xffffffffc040370c ksym1=0x0
[567.001866 pid=12507 tid=12519] BPF_MAP_UPDATE_ELEM prog_array name=sys_exit_init_t map_fd=16 map_id=366 key=434 prog_fd=171 prog_id=207 flags=0 ret=0 errno=0
[567.001932 pid=12507 tid=12519] native-loader jit-info prog_array-target fd=171 id=207 type=17 name=sys_exit_init tag=e9757419dbd8dd2d jited_len=1856 xlated_len=3096 nr_jited_ksyms=1 ksym0=0xffffffffc040370c ksym1=0x0
[567.002006 pid=12507 tid=12519] BPF_MAP_UPDATE_ELEM prog_array name=sys_exit_init_t map_fd=16 map_id=366 key=435 prog_fd=171 prog_id=207 flags=0 ret=0 errno=0
[567.002077 pid=12507 tid=12519] native-loader jit-info prog_array-target fd=171 id=207 type=17 name=sys_exit_init tag=e9757419dbd8dd2d jited_len=1856 xlated_len=3096 nr_jited_ksyms=1 ksym0=0xffffffffc040370c ksym1=0x0
[567.002151 pid=12507 tid=12519] BPF_MAP_UPDATE_ELEM prog_array name=sys_exit_init_t map_fd=16 map_id=366 key=436 prog_fd=171 prog_id=207 flags=0 ret=0 errno=0
[567.002220 pid=12507 tid=12519] native-loader jit-info prog_array-target fd=171 id=207 type=17 name=sys_exit_init tag=e9757419dbd8dd2d jited_len=1856 xlated_len=3096 nr_jited_ksyms=1 ksym0=0xffffffffc040370c ksym1=0x0
[567.002295 pid=12507 tid=12519] BPF_MAP_UPDATE_ELEM prog_array name=sys_exit_init_t map_fd=16 map_id=366 key=437 prog_fd=171 prog_id=207 flags=0 ret=0 errno=0
[567.002364 pid=12507 tid=12519] native-loader jit-info prog_array-target fd=171 id=207 type=17 name=sys_exit_init tag=e9757419dbd8dd2d jited_len=1856 xlated_len=3096 nr_jited_ksyms=1 ksym0=0xffffffffc040370c ksym1=0x0
[567.002438 pid=12507 tid=12519] BPF_MAP_UPDATE_ELEM prog_array name=sys_exit_init_t map_fd=16 map_id=366 key=438 prog_fd=171 prog_id=207 flags=0 ret=0 errno=0
[567.002507 pid=12507 tid=12519] native-loader jit-info prog_array-target fd=171 id=207 type=17 name=sys_exit_init tag=e9757419dbd8dd2d jited_len=1856 xlated_len=3096 nr_jited_ksyms=1 ksym0=0xffffffffc040370c ksym1=0x0
[567.002582 pid=12507 tid=12519] BPF_MAP_UPDATE_ELEM prog_array name=sys_exit_init_t map_fd=16 map_id=366 key=439 prog_fd=171 prog_id=207 flags=0 ret=0 errno=0
[567.002650 pid=12507 tid=12519] native-loader jit-info prog_array-target fd=171 id=207 type=17 name=sys_exit_init tag=e9757419dbd8dd2d jited_len=1856 xlated_len=3096 nr_jited_ksyms=1 ksym0=0xffffffffc040370c ksym1=0x0
[567.002724 pid=12507 tid=12519] BPF_MAP_UPDATE_ELEM prog_array name=sys_exit_init_t map_fd=16 map_id=366 key=440 prog_fd=171 prog_id=207 flags=0 ret=0 errno=0
[567.002793 pid=12507 tid=12519] native-loader jit-info prog_array-target fd=171 id=207 type=17 name=sys_exit_init tag=e9757419dbd8dd2d jited_len=1856 xlated_len=3096 nr_jited_ksyms=1 ksym0=0xffffffffc040370c ksym1=0x0
[567.002868 pid=12507 tid=12519] BPF_MAP_UPDATE_ELEM prog_array name=sys_exit_init_t map_fd=16 map_id=366 key=441 prog_fd=171 prog_id=207 flags=0 ret=0 errno=0
[567.002937 pid=12507 tid=12519] native-loader jit-info prog_array-target fd=171 id=207 type=17 name=sys_exit_init tag=e9757419dbd8dd2d jited_len=1856 xlated_len=3096 nr_jited_ksyms=1 ksym0=0xffffffffc040370c ksym1=0x0
[567.003012 pid=12507 tid=12519] BPF_MAP_UPDATE_ELEM prog_array name=sys_exit_init_t map_fd=16 map_id=366 key=442 prog_fd=171 prog_id=207 flags=0 ret=0 errno=0
[567.003082 pid=12507 tid=12519] native-loader jit-info prog_array-target fd=171 id=207 type=17 name=sys_exit_init tag=e9757419dbd8dd2d jited_len=1856 xlated_len=3096 nr_jited_ksyms=1 ksym0=0xffffffffc040370c ksym1=0x0
[567.003157 pid=12507 tid=12519] BPF_MAP_UPDATE_ELEM prog_array name=sys_exit_init_t map_fd=16 map_id=366 key=443 prog_fd=171 prog_id=207 flags=0 ret=0 errno=0
[567.003225 pid=12507 tid=12519] native-loader jit-info prog_array-target fd=171 id=207 type=17 name=sys_exit_init tag=e9757419dbd8dd2d jited_len=1856 xlated_len=3096 nr_jited_ksyms=1 ksym0=0xffffffffc040370c ksym1=0x0
[567.003299 pid=12507 tid=12519] BPF_MAP_UPDATE_ELEM prog_array name=sys_exit_init_t map_fd=16 map_id=366 key=444 prog_fd=171 prog_id=207 flags=0 ret=0 errno=0
[567.003367 pid=12507 tid=12519] native-loader jit-info prog_array-target fd=171 id=207 type=17 name=sys_exit_init tag=e9757419dbd8dd2d jited_len=1856 xlated_len=3096 nr_jited_ksyms=1 ksym0=0xffffffffc040370c ksym1=0x0
[567.003442 pid=12507 tid=12519] BPF_MAP_UPDATE_ELEM prog_array name=sys_exit_init_t map_fd=16 map_id=366 key=445 prog_fd=171 prog_id=207 flags=0 ret=0 errno=0
[567.003511 pid=12507 tid=12519] native-loader jit-info prog_array-target fd=171 id=207 type=17 name=sys_exit_init tag=e9757419dbd8dd2d jited_len=1856 xlated_len=3096 nr_jited_ksyms=1 ksym0=0xffffffffc040370c ksym1=0x0
[567.003585 pid=12507 tid=12519] BPF_MAP_UPDATE_ELEM prog_array name=sys_exit_init_t map_fd=16 map_id=366 key=446 prog_fd=171 prog_id=207 flags=0 ret=0 errno=0
[567.003653 pid=12507 tid=12519] native-loader jit-info prog_array-target fd=171 id=207 type=17 name=sys_exit_init tag=e9757419dbd8dd2d jited_len=1856 xlated_len=3096 nr_jited_ksyms=1 ksym0=0xffffffffc040370c ksym1=0x0
[567.003729 pid=12507 tid=12519] BPF_MAP_UPDATE_ELEM prog_array name=sys_exit_init_t map_fd=16 map_id=366 key=447 prog_fd=171 prog_id=207 flags=0 ret=0 errno=0
[567.003797 pid=12507 tid=12519] native-loader jit-info prog_array-target fd=171 id=207 type=17 name=sys_exit_init tag=e9757419dbd8dd2d jited_len=1856 xlated_len=3096 nr_jited_ksyms=1 ksym0=0xffffffffc040370c ksym1=0x0
[567.003900 pid=12507 tid=12519] BPF_MAP_UPDATE_ELEM prog_array name=sys_exit_init_t map_fd=16 map_id=366 key=448 prog_fd=171 prog_id=207 flags=0 ret=0 errno=0
[567.003969 pid=12507 tid=12519] native-loader jit-info prog_array-target fd=171 id=207 type=17 name=sys_exit_init tag=e9757419dbd8dd2d jited_len=1856 xlated_len=3096 nr_jited_ksyms=1 ksym0=0xffffffffc040370c ksym1=0x0
[567.004043 pid=12507 tid=12519] BPF_MAP_UPDATE_ELEM prog_array name=sys_exit_init_t map_fd=16 map_id=366 key=449 prog_fd=171 prog_id=207 flags=0 ret=0 errno=0
[567.004114 pid=12507 tid=12519] native-loader jit-info prog_array-target fd=171 id=207 type=17 name=sys_exit_init tag=e9757419dbd8dd2d jited_len=1856 xlated_len=3096 nr_jited_ksyms=1 ksym0=0xffffffffc040370c ksym1=0x0
[567.004188 pid=12507 tid=12519] BPF_MAP_UPDATE_ELEM prog_array name=sys_exit_init_t map_fd=16 map_id=366 key=450 prog_fd=171 prog_id=207 flags=0 ret=0 errno=0
[567.004256 pid=12507 tid=12519] native-loader jit-info prog_array-target fd=171 id=207 type=17 name=sys_exit_init tag=e9757419dbd8dd2d jited_len=1856 xlated_len=3096 nr_jited_ksyms=1 ksym0=0xffffffffc040370c ksym1=0x0
[567.004330 pid=12507 tid=12519] BPF_MAP_UPDATE_ELEM prog_array name=sys_exit_init_t map_fd=16 map_id=366 key=451 prog_fd=171 prog_id=207 flags=0 ret=0 errno=0
[567.004399 pid=12507 tid=12519] native-loader jit-info prog_array-target fd=171 id=207 type=17 name=sys_exit_init tag=e9757419dbd8dd2d jited_len=1856 xlated_len=3096 nr_jited_ksyms=1 ksym0=0xffffffffc040370c ksym1=0x0
[567.004473 pid=12507 tid=12519] BPF_MAP_UPDATE_ELEM prog_array name=sys_exit_init_t map_fd=16 map_id=366 key=452 prog_fd=171 prog_id=207 flags=0 ret=0 errno=0
[567.004541 pid=12507 tid=12519] native-loader jit-info prog_array-target fd=171 id=207 type=17 name=sys_exit_init tag=e9757419dbd8dd2d jited_len=1856 xlated_len=3096 nr_jited_ksyms=1 ksym0=0xffffffffc040370c ksym1=0x0
[567.004615 pid=12507 tid=12519] BPF_MAP_UPDATE_ELEM prog_array name=sys_exit_init_t map_fd=16 map_id=366 key=453 prog_fd=171 prog_id=207 flags=0 ret=0 errno=0
[567.004683 pid=12507 tid=12519] native-loader jit-info prog_array-target fd=171 id=207 type=17 name=sys_exit_init tag=e9757419dbd8dd2d jited_len=1856 xlated_len=3096 nr_jited_ksyms=1 ksym0=0xffffffffc040370c ksym1=0x0
[567.004759 pid=12507 tid=12519] BPF_MAP_UPDATE_ELEM prog_array name=sys_exit_init_t map_fd=16 map_id=366 key=454 prog_fd=171 prog_id=207 flags=0 ret=0 errno=0
[567.004826 pid=12507 tid=12519] native-loader jit-info prog_array-target fd=171 id=207 type=17 name=sys_exit_init tag=e9757419dbd8dd2d jited_len=1856 xlated_len=3096 nr_jited_ksyms=1 ksym0=0xffffffffc040370c ksym1=0x0
[567.004900 pid=12507 tid=12519] BPF_MAP_UPDATE_ELEM prog_array name=sys_exit_init_t map_fd=16 map_id=366 key=455 prog_fd=171 prog_id=207 flags=0 ret=0 errno=0
[567.004969 pid=12507 tid=12519] native-loader jit-info prog_array-target fd=171 id=207 type=17 name=sys_exit_init tag=e9757419dbd8dd2d jited_len=1856 xlated_len=3096 nr_jited_ksyms=1 ksym0=0xffffffffc040370c ksym1=0x0
[567.005043 pid=12507 tid=12519] BPF_MAP_UPDATE_ELEM prog_array name=sys_exit_init_t map_fd=16 map_id=366 key=456 prog_fd=171 prog_id=207 flags=0 ret=0 errno=0
[567.005113 pid=12507 tid=12519] native-loader jit-info prog_array-target fd=171 id=207 type=17 name=sys_exit_init tag=e9757419dbd8dd2d jited_len=1856 xlated_len=3096 nr_jited_ksyms=1 ksym0=0xffffffffc040370c ksym1=0x0
[567.005187 pid=12507 tid=12519] BPF_MAP_UPDATE_ELEM prog_array name=sys_exit_init_t map_fd=16 map_id=366 key=457 prog_fd=171 prog_id=207 flags=0 ret=0 errno=0
[567.005256 pid=12507 tid=12519] native-loader jit-info prog_array-target fd=171 id=207 type=17 name=sys_exit_init tag=e9757419dbd8dd2d jited_len=1856 xlated_len=3096 nr_jited_ksyms=1 ksym0=0xffffffffc040370c ksym1=0x0
[567.005330 pid=12507 tid=12519] BPF_MAP_UPDATE_ELEM prog_array name=sys_exit_init_t map_fd=16 map_id=366 key=458 prog_fd=171 prog_id=207 flags=0 ret=0 errno=0
[567.005399 pid=12507 tid=12519] native-loader jit-info prog_array-target fd=171 id=207 type=17 name=sys_exit_init tag=e9757419dbd8dd2d jited_len=1856 xlated_len=3096 nr_jited_ksyms=1 ksym0=0xffffffffc040370c ksym1=0x0
[567.005472 pid=12507 tid=12519] BPF_MAP_UPDATE_ELEM prog_array name=sys_exit_init_t map_fd=16 map_id=366 key=459 prog_fd=171 prog_id=207 flags=0 ret=0 errno=0
[567.005541 pid=12507 tid=12519] native-loader jit-info prog_array-target fd=171 id=207 type=17 name=sys_exit_init tag=e9757419dbd8dd2d jited_len=1856 xlated_len=3096 nr_jited_ksyms=1 ksym0=0xffffffffc040370c ksym1=0x0
[567.005615 pid=12507 tid=12519] BPF_MAP_UPDATE_ELEM prog_array name=sys_exit_init_t map_fd=16 map_id=366 key=460 prog_fd=171 prog_id=207 flags=0 ret=0 errno=0
[567.005683 pid=12507 tid=12519] native-loader jit-info prog_array-target fd=171 id=207 type=17 name=sys_exit_init tag=e9757419dbd8dd2d jited_len=1856 xlated_len=3096 nr_jited_ksyms=1 ksym0=0xffffffffc040370c ksym1=0x0
[567.005758 pid=12507 tid=12519] BPF_MAP_UPDATE_ELEM prog_array name=sys_exit_init_t map_fd=16 map_id=366 key=461 prog_fd=171 prog_id=207 flags=0 ret=0 errno=0
[567.005826 pid=12507 tid=12519] native-loader jit-info prog_array-target fd=171 id=207 type=17 name=sys_exit_init tag=e9757419dbd8dd2d jited_len=1856 xlated_len=3096 nr_jited_ksyms=1 ksym0=0xffffffffc040370c ksym1=0x0
[567.005900 pid=12507 tid=12519] BPF_MAP_UPDATE_ELEM prog_array name=sys_exit_init_t map_fd=16 map_id=366 key=462 prog_fd=171 prog_id=207 flags=0 ret=0 errno=0
[567.005968 pid=12507 tid=12519] native-loader jit-info prog_array-target fd=171 id=207 type=17 name=sys_exit_init tag=e9757419dbd8dd2d jited_len=1856 xlated_len=3096 nr_jited_ksyms=1 ksym0=0xffffffffc040370c ksym1=0x0
[567.006042 pid=12507 tid=12519] BPF_MAP_UPDATE_ELEM prog_array name=sys_exit_init_t map_fd=16 map_id=366 key=463 prog_fd=171 prog_id=207 flags=0 ret=0 errno=0
[567.006113 pid=12507 tid=12519] native-loader jit-info prog_array-target fd=171 id=207 type=17 name=sys_exit_init tag=e9757419dbd8dd2d jited_len=1856 xlated_len=3096 nr_jited_ksyms=1 ksym0=0xffffffffc040370c ksym1=0x0
[567.006188 pid=12507 tid=12519] BPF_MAP_UPDATE_ELEM prog_array name=sys_exit_init_t map_fd=16 map_id=366 key=464 prog_fd=171 prog_id=207 flags=0 ret=0 errno=0
[567.006256 pid=12507 tid=12519] native-loader jit-info prog_array-target fd=171 id=207 type=17 name=sys_exit_init tag=e9757419dbd8dd2d jited_len=1856 xlated_len=3096 nr_jited_ksyms=1 ksym0=0xffffffffc040370c ksym1=0x0
[567.006331 pid=12507 tid=12519] BPF_MAP_UPDATE_ELEM prog_array name=sys_exit_init_t map_fd=16 map_id=366 key=465 prog_fd=171 prog_id=207 flags=0 ret=0 errno=0
[567.006400 pid=12507 tid=12519] native-loader jit-info prog_array-target fd=171 id=207 type=17 name=sys_exit_init tag=e9757419dbd8dd2d jited_len=1856 xlated_len=3096 nr_jited_ksyms=1 ksym0=0xffffffffc040370c ksym1=0x0
[567.006475 pid=12507 tid=12519] BPF_MAP_UPDATE_ELEM prog_array name=sys_exit_init_t map_fd=16 map_id=366 key=466 prog_fd=171 prog_id=207 flags=0 ret=0 errno=0
[567.006543 pid=12507 tid=12519] native-loader jit-info prog_array-target fd=171 id=207 type=17 name=sys_exit_init tag=e9757419dbd8dd2d jited_len=1856 xlated_len=3096 nr_jited_ksyms=1 ksym0=0xffffffffc040370c ksym1=0x0
[567.006618 pid=12507 tid=12519] BPF_MAP_UPDATE_ELEM prog_array name=sys_exit_init_t map_fd=16 map_id=366 key=467 prog_fd=171 prog_id=207 flags=0 ret=0 errno=0
[567.006686 pid=12507 tid=12519] native-loader jit-info prog_array-target fd=171 id=207 type=17 name=sys_exit_init tag=e9757419dbd8dd2d jited_len=1856 xlated_len=3096 nr_jited_ksyms=1 ksym0=0xffffffffc040370c ksym1=0x0
[567.006761 pid=12507 tid=12519] BPF_MAP_UPDATE_ELEM prog_array name=sys_exit_init_t map_fd=16 map_id=366 key=468 prog_fd=171 prog_id=207 flags=0 ret=0 errno=0
[567.006830 pid=12507 tid=12519] native-loader jit-info prog_array-target fd=171 id=207 type=17 name=sys_exit_init tag=e9757419dbd8dd2d jited_len=1856 xlated_len=3096 nr_jited_ksyms=1 ksym0=0xffffffffc040370c ksym1=0x0
[567.006905 pid=12507 tid=12519] BPF_MAP_UPDATE_ELEM prog_array name=sys_exit_init_t map_fd=16 map_id=366 key=469 prog_fd=171 prog_id=207 flags=0 ret=0 errno=0
[567.006973 pid=12507 tid=12519] native-loader jit-info prog_array-target fd=171 id=207 type=17 name=sys_exit_init tag=e9757419dbd8dd2d jited_len=1856 xlated_len=3096 nr_jited_ksyms=1 ksym0=0xffffffffc040370c ksym1=0x0
[567.007048 pid=12507 tid=12519] BPF_MAP_UPDATE_ELEM prog_array name=sys_exit_init_t map_fd=16 map_id=366 key=470 prog_fd=171 prog_id=207 flags=0 ret=0 errno=0
[567.007117 pid=12507 tid=12519] native-loader jit-info prog_array-target fd=171 id=207 type=17 name=sys_exit_init tag=e9757419dbd8dd2d jited_len=1856 xlated_len=3096 nr_jited_ksyms=1 ksym0=0xffffffffc040370c ksym1=0x0
[567.007190 pid=12507 tid=12519] BPF_MAP_UPDATE_ELEM prog_array name=sys_exit_init_t map_fd=16 map_id=366 key=471 prog_fd=171 prog_id=207 flags=0 ret=0 errno=0
[567.007257 pid=12507 tid=12519] native-loader jit-info prog_array-target fd=171 id=207 type=17 name=sys_exit_init tag=e9757419dbd8dd2d jited_len=1856 xlated_len=3096 nr_jited_ksyms=1 ksym0=0xffffffffc040370c ksym1=0x0
[567.007329 pid=12507 tid=12519] BPF_MAP_UPDATE_ELEM prog_array name=sys_exit_init_t map_fd=16 map_id=366 key=472 prog_fd=171 prog_id=207 flags=0 ret=0 errno=0
[567.007397 pid=12507 tid=12519] native-loader jit-info prog_array-target fd=171 id=207 type=17 name=sys_exit_init tag=e9757419dbd8dd2d jited_len=1856 xlated_len=3096 nr_jited_ksyms=1 ksym0=0xffffffffc040370c ksym1=0x0
[567.007470 pid=12507 tid=12519] BPF_MAP_UPDATE_ELEM prog_array name=sys_exit_init_t map_fd=16 map_id=366 key=473 prog_fd=171 prog_id=207 flags=0 ret=0 errno=0
[567.007538 pid=12507 tid=12519] native-loader jit-info prog_array-target fd=171 id=207 type=17 name=sys_exit_init tag=e9757419dbd8dd2d jited_len=1856 xlated_len=3096 nr_jited_ksyms=1 ksym0=0xffffffffc040370c ksym1=0x0
[567.007610 pid=12507 tid=12519] BPF_MAP_UPDATE_ELEM prog_array name=sys_exit_init_t map_fd=16 map_id=366 key=474 prog_fd=171 prog_id=207 flags=0 ret=0 errno=0
[567.007677 pid=12507 tid=12519] native-loader jit-info prog_array-target fd=171 id=207 type=17 name=sys_exit_init tag=e9757419dbd8dd2d jited_len=1856 xlated_len=3096 nr_jited_ksyms=1 ksym0=0xffffffffc040370c ksym1=0x0
[567.007750 pid=12507 tid=12519] BPF_MAP_UPDATE_ELEM prog_array name=sys_exit_init_t map_fd=16 map_id=366 key=475 prog_fd=171 prog_id=207 flags=0 ret=0 errno=0
[567.007817 pid=12507 tid=12519] native-loader jit-info prog_array-target fd=171 id=207 type=17 name=sys_exit_init tag=e9757419dbd8dd2d jited_len=1856 xlated_len=3096 nr_jited_ksyms=1 ksym0=0xffffffffc040370c ksym1=0x0
[567.007889 pid=12507 tid=12519] BPF_MAP_UPDATE_ELEM prog_array name=sys_exit_init_t map_fd=16 map_id=366 key=476 prog_fd=171 prog_id=207 flags=0 ret=0 errno=0
[567.007956 pid=12507 tid=12519] native-loader jit-info prog_array-target fd=171 id=207 type=17 name=sys_exit_init tag=e9757419dbd8dd2d jited_len=1856 xlated_len=3096 nr_jited_ksyms=1 ksym0=0xffffffffc040370c ksym1=0x0
[567.008029 pid=12507 tid=12519] BPF_MAP_UPDATE_ELEM prog_array name=sys_exit_init_t map_fd=16 map_id=366 key=477 prog_fd=171 prog_id=207 flags=0 ret=0 errno=0
[567.008098 pid=12507 tid=12519] native-loader jit-info prog_array-target fd=171 id=207 type=17 name=sys_exit_init tag=e9757419dbd8dd2d jited_len=1856 xlated_len=3096 nr_jited_ksyms=1 ksym0=0xffffffffc040370c ksym1=0x0
[567.008170 pid=12507 tid=12519] BPF_MAP_UPDATE_ELEM prog_array name=sys_exit_init_t map_fd=16 map_id=366 key=478 prog_fd=171 prog_id=207 flags=0 ret=0 errno=0
[567.008238 pid=12507 tid=12519] native-loader jit-info prog_array-target fd=171 id=207 type=17 name=sys_exit_init tag=e9757419dbd8dd2d jited_len=1856 xlated_len=3096 nr_jited_ksyms=1 ksym0=0xffffffffc040370c ksym1=0x0
[567.008311 pid=12507 tid=12519] BPF_MAP_UPDATE_ELEM prog_array name=sys_exit_init_t map_fd=16 map_id=366 key=479 prog_fd=171 prog_id=207 flags=0 ret=0 errno=0
[567.008378 pid=12507 tid=12519] native-loader jit-info prog_array-target fd=171 id=207 type=17 name=sys_exit_init tag=e9757419dbd8dd2d jited_len=1856 xlated_len=3096 nr_jited_ksyms=1 ksym0=0xffffffffc040370c ksym1=0x0
[567.008451 pid=12507 tid=12519] BPF_MAP_UPDATE_ELEM prog_array name=sys_exit_init_t map_fd=16 map_id=366 key=480 prog_fd=171 prog_id=207 flags=0 ret=0 errno=0
[567.008518 pid=12507 tid=12519] native-loader jit-info prog_array-target fd=171 id=207 type=17 name=sys_exit_init tag=e9757419dbd8dd2d jited_len=1856 xlated_len=3096 nr_jited_ksyms=1 ksym0=0xffffffffc040370c ksym1=0x0
[567.008590 pid=12507 tid=12519] BPF_MAP_UPDATE_ELEM prog_array name=sys_exit_init_t map_fd=16 map_id=366 key=481 prog_fd=171 prog_id=207 flags=0 ret=0 errno=0
[567.008656 pid=12507 tid=12519] native-loader jit-info prog_array-target fd=171 id=207 type=17 name=sys_exit_init tag=e9757419dbd8dd2d jited_len=1856 xlated_len=3096 nr_jited_ksyms=1 ksym0=0xffffffffc040370c ksym1=0x0
[567.008730 pid=12507 tid=12519] BPF_MAP_UPDATE_ELEM prog_array name=sys_exit_init_t map_fd=16 map_id=366 key=482 prog_fd=171 prog_id=207 flags=0 ret=0 errno=0
[567.008797 pid=12507 tid=12519] native-loader jit-info prog_array-target fd=171 id=207 type=17 name=sys_exit_init tag=e9757419dbd8dd2d jited_len=1856 xlated_len=3096 nr_jited_ksyms=1 ksym0=0xffffffffc040370c ksym1=0x0
[567.008869 pid=12507 tid=12519] BPF_MAP_UPDATE_ELEM prog_array name=sys_exit_init_t map_fd=16 map_id=366 key=483 prog_fd=171 prog_id=207 flags=0 ret=0 errno=0
[567.008936 pid=12507 tid=12519] native-loader jit-info prog_array-target fd=171 id=207 type=17 name=sys_exit_init tag=e9757419dbd8dd2d jited_len=1856 xlated_len=3096 nr_jited_ksyms=1 ksym0=0xffffffffc040370c ksym1=0x0
[567.009008 pid=12507 tid=12519] BPF_MAP_UPDATE_ELEM prog_array name=sys_exit_init_t map_fd=16 map_id=366 key=484 prog_fd=171 prog_id=207 flags=0 ret=0 errno=0
[567.009077 pid=12507 tid=12519] native-loader jit-info prog_array-target fd=171 id=207 type=17 name=sys_exit_init tag=e9757419dbd8dd2d jited_len=1856 xlated_len=3096 nr_jited_ksyms=1 ksym0=0xffffffffc040370c ksym1=0x0
[567.009151 pid=12507 tid=12519] BPF_MAP_UPDATE_ELEM prog_array name=sys_exit_init_t map_fd=16 map_id=366 key=485 prog_fd=171 prog_id=207 flags=0 ret=0 errno=0
[567.009218 pid=12507 tid=12519] native-loader jit-info prog_array-target fd=171 id=207 type=17 name=sys_exit_init tag=e9757419dbd8dd2d jited_len=1856 xlated_len=3096 nr_jited_ksyms=1 ksym0=0xffffffffc040370c ksym1=0x0
[567.009290 pid=12507 tid=12519] BPF_MAP_UPDATE_ELEM prog_array name=sys_exit_init_t map_fd=16 map_id=366 key=486 prog_fd=171 prog_id=207 flags=0 ret=0 errno=0
[567.009358 pid=12507 tid=12519] native-loader jit-info prog_array-target fd=171 id=207 type=17 name=sys_exit_init tag=e9757419dbd8dd2d jited_len=1856 xlated_len=3096 nr_jited_ksyms=1 ksym0=0xffffffffc040370c ksym1=0x0
[567.009430 pid=12507 tid=12519] BPF_MAP_UPDATE_ELEM prog_array name=sys_exit_init_t map_fd=16 map_id=366 key=487 prog_fd=171 prog_id=207 flags=0 ret=0 errno=0
[567.009497 pid=12507 tid=12519] native-loader jit-info prog_array-target fd=171 id=207 type=17 name=sys_exit_init tag=e9757419dbd8dd2d jited_len=1856 xlated_len=3096 nr_jited_ksyms=1 ksym0=0xffffffffc040370c ksym1=0x0
[567.009570 pid=12507 tid=12519] BPF_MAP_UPDATE_ELEM prog_array name=sys_exit_init_t map_fd=16 map_id=366 key=488 prog_fd=171 prog_id=207 flags=0 ret=0 errno=0
[567.009637 pid=12507 tid=12519] native-loader jit-info prog_array-target fd=171 id=207 type=17 name=sys_exit_init tag=e9757419dbd8dd2d jited_len=1856 xlated_len=3096 nr_jited_ksyms=1 ksym0=0xffffffffc040370c ksym1=0x0
[567.009710 pid=12507 tid=12519] BPF_MAP_UPDATE_ELEM prog_array name=sys_exit_init_t map_fd=16 map_id=366 key=489 prog_fd=171 prog_id=207 flags=0 ret=0 errno=0
[567.009777 pid=12507 tid=12519] native-loader jit-info prog_array-target fd=171 id=207 type=17 name=sys_exit_init tag=e9757419dbd8dd2d jited_len=1856 xlated_len=3096 nr_jited_ksyms=1 ksym0=0xffffffffc040370c ksym1=0x0
[567.009849 pid=12507 tid=12519] BPF_MAP_UPDATE_ELEM prog_array name=sys_exit_init_t map_fd=16 map_id=366 key=490 prog_fd=171 prog_id=207 flags=0 ret=0 errno=0
[567.009916 pid=12507 tid=12519] native-loader jit-info prog_array-target fd=171 id=207 type=17 name=sys_exit_init tag=e9757419dbd8dd2d jited_len=1856 xlated_len=3096 nr_jited_ksyms=1 ksym0=0xffffffffc040370c ksym1=0x0
[567.009989 pid=12507 tid=12519] BPF_MAP_UPDATE_ELEM prog_array name=sys_exit_init_t map_fd=16 map_id=366 key=491 prog_fd=171 prog_id=207 flags=0 ret=0 errno=0
[567.010056 pid=12507 tid=12519] native-loader jit-info prog_array-target fd=171 id=207 type=17 name=sys_exit_init tag=e9757419dbd8dd2d jited_len=1856 xlated_len=3096 nr_jited_ksyms=1 ksym0=0xffffffffc040370c ksym1=0x0
[567.010131 pid=12507 tid=12519] BPF_MAP_UPDATE_ELEM prog_array name=sys_exit_init_t map_fd=16 map_id=366 key=492 prog_fd=171 prog_id=207 flags=0 ret=0 errno=0
[567.010197 pid=12507 tid=12519] native-loader jit-info prog_array-target fd=171 id=207 type=17 name=sys_exit_init tag=e9757419dbd8dd2d jited_len=1856 xlated_len=3096 nr_jited_ksyms=1 ksym0=0xffffffffc040370c ksym1=0x0
[567.010270 pid=12507 tid=12519] BPF_MAP_UPDATE_ELEM prog_array name=sys_exit_init_t map_fd=16 map_id=366 key=493 prog_fd=171 prog_id=207 flags=0 ret=0 errno=0
[567.010337 pid=12507 tid=12519] native-loader jit-info prog_array-target fd=171 id=207 type=17 name=sys_exit_init tag=e9757419dbd8dd2d jited_len=1856 xlated_len=3096 nr_jited_ksyms=1 ksym0=0xffffffffc040370c ksym1=0x0
[567.010410 pid=12507 tid=12519] BPF_MAP_UPDATE_ELEM prog_array name=sys_exit_init_t map_fd=16 map_id=366 key=494 prog_fd=171 prog_id=207 flags=0 ret=0 errno=0
[567.010477 pid=12507 tid=12519] native-loader jit-info prog_array-target fd=171 id=207 type=17 name=sys_exit_init tag=e9757419dbd8dd2d jited_len=1856 xlated_len=3096 nr_jited_ksyms=1 ksym0=0xffffffffc040370c ksym1=0x0
[567.010550 pid=12507 tid=12519] BPF_MAP_UPDATE_ELEM prog_array name=sys_exit_init_t map_fd=16 map_id=366 key=495 prog_fd=171 prog_id=207 flags=0 ret=0 errno=0
[567.010616 pid=12507 tid=12519] native-loader jit-info prog_array-target fd=171 id=207 type=17 name=sys_exit_init tag=e9757419dbd8dd2d jited_len=1856 xlated_len=3096 nr_jited_ksyms=1 ksym0=0xffffffffc040370c ksym1=0x0
[567.010689 pid=12507 tid=12519] BPF_MAP_UPDATE_ELEM prog_array name=sys_exit_init_t map_fd=16 map_id=366 key=496 prog_fd=171 prog_id=207 flags=0 ret=0 errno=0
[567.010756 pid=12507 tid=12519] native-loader jit-info prog_array-target fd=171 id=207 type=17 name=sys_exit_init tag=e9757419dbd8dd2d jited_len=1856 xlated_len=3096 nr_jited_ksyms=1 ksym0=0xffffffffc040370c ksym1=0x0
[567.010828 pid=12507 tid=12519] BPF_MAP_UPDATE_ELEM prog_array name=sys_exit_init_t map_fd=16 map_id=366 key=497 prog_fd=171 prog_id=207 flags=0 ret=0 errno=0
[567.010895 pid=12507 tid=12519] native-loader jit-info prog_array-target fd=171 id=207 type=17 name=sys_exit_init tag=e9757419dbd8dd2d jited_len=1856 xlated_len=3096 nr_jited_ksyms=1 ksym0=0xffffffffc040370c ksym1=0x0
[567.010968 pid=12507 tid=12519] BPF_MAP_UPDATE_ELEM prog_array name=sys_exit_init_t map_fd=16 map_id=366 key=498 prog_fd=171 prog_id=207 flags=0 ret=0 errno=0
[567.011034 pid=12507 tid=12519] native-loader jit-info prog_array-target fd=171 id=207 type=17 name=sys_exit_init tag=e9757419dbd8dd2d jited_len=1856 xlated_len=3096 nr_jited_ksyms=1 ksym0=0xffffffffc040370c ksym1=0x0
[567.011108 pid=12507 tid=12519] BPF_MAP_UPDATE_ELEM prog_array name=sys_exit_init_t map_fd=16 map_id=366 key=499 prog_fd=171 prog_id=207 flags=0 ret=0 errno=0
[567.011175 pid=12507 tid=12519] native-loader jit-info prog_array-target fd=171 id=207 type=17 name=sys_exit_init tag=e9757419dbd8dd2d jited_len=1856 xlated_len=3096 nr_jited_ksyms=1 ksym0=0xffffffffc040370c ksym1=0x0
[567.011248 pid=12507 tid=12519] BPF_MAP_UPDATE_ELEM prog_array name=sys_exit_init_t map_fd=16 map_id=366 key=500 prog_fd=171 prog_id=207 flags=0 ret=0 errno=0
[567.011315 pid=12507 tid=12519] native-loader jit-info prog_array-target fd=171 id=207 type=17 name=sys_exit_init tag=e9757419dbd8dd2d jited_len=1856 xlated_len=3096 nr_jited_ksyms=1 ksym0=0xffffffffc040370c ksym1=0x0
[567.011388 pid=12507 tid=12519] BPF_MAP_UPDATE_ELEM prog_array name=sys_exit_init_t map_fd=16 map_id=366 key=501 prog_fd=171 prog_id=207 flags=0 ret=0 errno=0
[567.011454 pid=12507 tid=12519] native-loader jit-info prog_array-target fd=171 id=207 type=17 name=sys_exit_init tag=e9757419dbd8dd2d jited_len=1856 xlated_len=3096 nr_jited_ksyms=1 ksym0=0xffffffffc040370c ksym1=0x0
[567.011528 pid=12507 tid=12519] BPF_MAP_UPDATE_ELEM prog_array name=sys_exit_init_t map_fd=16 map_id=366 key=502 prog_fd=171 prog_id=207 flags=0 ret=0 errno=0
[567.011594 pid=12507 tid=12519] native-loader jit-info prog_array-target fd=171 id=207 type=17 name=sys_exit_init tag=e9757419dbd8dd2d jited_len=1856 xlated_len=3096 nr_jited_ksyms=1 ksym0=0xffffffffc040370c ksym1=0x0
[567.011668 pid=12507 tid=12519] BPF_MAP_UPDATE_ELEM prog_array name=sys_exit_init_t map_fd=16 map_id=366 key=503 prog_fd=171 prog_id=207 flags=0 ret=0 errno=0
[567.011734 pid=12507 tid=12519] native-loader jit-info prog_array-target fd=171 id=207 type=17 name=sys_exit_init tag=e9757419dbd8dd2d jited_len=1856 xlated_len=3096 nr_jited_ksyms=1 ksym0=0xffffffffc040370c ksym1=0x0
[567.011807 pid=12507 tid=12519] BPF_MAP_UPDATE_ELEM prog_array name=sys_exit_init_t map_fd=16 map_id=366 key=504 prog_fd=171 prog_id=207 flags=0 ret=0 errno=0
[567.011904 pid=12507 tid=12519] native-loader jit-info prog_array-target fd=171 id=207 type=17 name=sys_exit_init tag=e9757419dbd8dd2d jited_len=1856 xlated_len=3096 nr_jited_ksyms=1 ksym0=0xffffffffc040370c ksym1=0x0
[567.011977 pid=12507 tid=12519] BPF_MAP_UPDATE_ELEM prog_array name=sys_exit_init_t map_fd=16 map_id=366 key=505 prog_fd=171 prog_id=207 flags=0 ret=0 errno=0
[567.012045 pid=12507 tid=12519] native-loader jit-info prog_array-target fd=171 id=207 type=17 name=sys_exit_init tag=e9757419dbd8dd2d jited_len=1856 xlated_len=3096 nr_jited_ksyms=1 ksym0=0xffffffffc040370c ksym1=0x0
[567.012119 pid=12507 tid=12519] BPF_MAP_UPDATE_ELEM prog_array name=sys_exit_init_t map_fd=16 map_id=366 key=506 prog_fd=171 prog_id=207 flags=0 ret=0 errno=0
[567.012186 pid=12507 tid=12519] native-loader jit-info prog_array-target fd=171 id=207 type=17 name=sys_exit_init tag=e9757419dbd8dd2d jited_len=1856 xlated_len=3096 nr_jited_ksyms=1 ksym0=0xffffffffc040370c ksym1=0x0
[567.012259 pid=12507 tid=12519] BPF_MAP_UPDATE_ELEM prog_array name=sys_exit_init_t map_fd=16 map_id=366 key=507 prog_fd=171 prog_id=207 flags=0 ret=0 errno=0
[567.012327 pid=12507 tid=12519] native-loader jit-info prog_array-target fd=171 id=207 type=17 name=sys_exit_init tag=e9757419dbd8dd2d jited_len=1856 xlated_len=3096 nr_jited_ksyms=1 ksym0=0xffffffffc040370c ksym1=0x0
[567.012400 pid=12507 tid=12519] BPF_MAP_UPDATE_ELEM prog_array name=sys_exit_init_t map_fd=16 map_id=366 key=508 prog_fd=171 prog_id=207 flags=0 ret=0 errno=0
[567.012467 pid=12507 tid=12519] native-loader jit-info prog_array-target fd=171 id=207 type=17 name=sys_exit_init tag=e9757419dbd8dd2d jited_len=1856 xlated_len=3096 nr_jited_ksyms=1 ksym0=0xffffffffc040370c ksym1=0x0
[567.012540 pid=12507 tid=12519] BPF_MAP_UPDATE_ELEM prog_array name=sys_exit_init_t map_fd=16 map_id=366 key=509 prog_fd=171 prog_id=207 flags=0 ret=0 errno=0
[567.012608 pid=12507 tid=12519] native-loader jit-info prog_array-target fd=171 id=207 type=17 name=sys_exit_init tag=e9757419dbd8dd2d jited_len=1856 xlated_len=3096 nr_jited_ksyms=1 ksym0=0xffffffffc040370c ksym1=0x0
[567.012680 pid=12507 tid=12519] BPF_MAP_UPDATE_ELEM prog_array name=sys_exit_init_t map_fd=16 map_id=366 key=510 prog_fd=171 prog_id=207 flags=0 ret=0 errno=0
[567.012748 pid=12507 tid=12519] native-loader jit-info prog_array-target fd=171 id=207 type=17 name=sys_exit_init tag=e9757419dbd8dd2d jited_len=1856 xlated_len=3096 nr_jited_ksyms=1 ksym0=0xffffffffc040370c ksym1=0x0
[567.012821 pid=12507 tid=12519] BPF_MAP_UPDATE_ELEM prog_array name=sys_exit_init_t map_fd=16 map_id=366 key=511 prog_fd=171 prog_id=207 flags=0 ret=0 errno=0
[567.012888 pid=12507 tid=12519] native-loader jit-info prog_array-target fd=171 id=207 type=17 name=sys_exit_init tag=e9757419dbd8dd2d jited_len=1856 xlated_len=3096 nr_jited_ksyms=1 ksym0=0xffffffffc040370c ksym1=0x0
[567.012961 pid=12507 tid=12519] BPF_MAP_UPDATE_ELEM prog_array name=sys_exit_init_t map_fd=16 map_id=366 key=512 prog_fd=171 prog_id=207 flags=0 ret=0 errno=0
[567.013028 pid=12507 tid=12519] native-loader jit-info prog_array-target fd=171 id=207 type=17 name=sys_exit_init tag=e9757419dbd8dd2d jited_len=1856 xlated_len=3096 nr_jited_ksyms=1 ksym0=0xffffffffc040370c ksym1=0x0
[567.013103 pid=12507 tid=12519] BPF_MAP_UPDATE_ELEM prog_array name=sys_exit_init_t map_fd=16 map_id=366 key=513 prog_fd=171 prog_id=207 flags=0 ret=0 errno=0
[567.013170 pid=12507 tid=12519] native-loader jit-info prog_array-target fd=171 id=207 type=17 name=sys_exit_init tag=e9757419dbd8dd2d jited_len=1856 xlated_len=3096 nr_jited_ksyms=1 ksym0=0xffffffffc040370c ksym1=0x0
[567.013244 pid=12507 tid=12519] BPF_MAP_UPDATE_ELEM prog_array name=sys_exit_init_t map_fd=16 map_id=366 key=514 prog_fd=171 prog_id=207 flags=0 ret=0 errno=0
[567.013312 pid=12507 tid=12519] native-loader jit-info prog_array-target fd=171 id=207 type=17 name=sys_exit_init tag=e9757419dbd8dd2d jited_len=1856 xlated_len=3096 nr_jited_ksyms=1 ksym0=0xffffffffc040370c ksym1=0x0
[567.013385 pid=12507 tid=12519] BPF_MAP_UPDATE_ELEM prog_array name=sys_exit_init_t map_fd=16 map_id=366 key=515 prog_fd=171 prog_id=207 flags=0 ret=0 errno=0
[567.013453 pid=12507 tid=12519] native-loader jit-info prog_array-target fd=171 id=207 type=17 name=sys_exit_init tag=e9757419dbd8dd2d jited_len=1856 xlated_len=3096 nr_jited_ksyms=1 ksym0=0xffffffffc040370c ksym1=0x0
[567.013525 pid=12507 tid=12519] BPF_MAP_UPDATE_ELEM prog_array name=sys_exit_init_t map_fd=16 map_id=366 key=516 prog_fd=171 prog_id=207 flags=0 ret=0 errno=0
[567.013593 pid=12507 tid=12519] native-loader jit-info prog_array-target fd=171 id=207 type=17 name=sys_exit_init tag=e9757419dbd8dd2d jited_len=1856 xlated_len=3096 nr_jited_ksyms=1 ksym0=0xffffffffc040370c ksym1=0x0
[567.013666 pid=12507 tid=12519] BPF_MAP_UPDATE_ELEM prog_array name=sys_exit_init_t map_fd=16 map_id=366 key=517 prog_fd=171 prog_id=207 flags=0 ret=0 errno=0
[567.013733 pid=12507 tid=12519] native-loader jit-info prog_array-target fd=171 id=207 type=17 name=sys_exit_init tag=e9757419dbd8dd2d jited_len=1856 xlated_len=3096 nr_jited_ksyms=1 ksym0=0xffffffffc040370c ksym1=0x0
[567.013806 pid=12507 tid=12519] BPF_MAP_UPDATE_ELEM prog_array name=sys_exit_init_t map_fd=16 map_id=366 key=518 prog_fd=171 prog_id=207 flags=0 ret=0 errno=0
[567.013873 pid=12507 tid=12519] native-loader jit-info prog_array-target fd=171 id=207 type=17 name=sys_exit_init tag=e9757419dbd8dd2d jited_len=1856 xlated_len=3096 nr_jited_ksyms=1 ksym0=0xffffffffc040370c ksym1=0x0
[567.013946 pid=12507 tid=12519] BPF_MAP_UPDATE_ELEM prog_array name=sys_exit_init_t map_fd=16 map_id=366 key=519 prog_fd=171 prog_id=207 flags=0 ret=0 errno=0
[567.014014 pid=12507 tid=12519] native-loader jit-info prog_array-target fd=171 id=207 type=17 name=sys_exit_init tag=e9757419dbd8dd2d jited_len=1856 xlated_len=3096 nr_jited_ksyms=1 ksym0=0xffffffffc040370c ksym1=0x0
[567.014088 pid=12507 tid=12519] BPF_MAP_UPDATE_ELEM prog_array name=sys_exit_init_t map_fd=16 map_id=366 key=520 prog_fd=171 prog_id=207 flags=0 ret=0 errno=0
[567.014156 pid=12507 tid=12519] native-loader jit-info prog_array-target fd=171 id=207 type=17 name=sys_exit_init tag=e9757419dbd8dd2d jited_len=1856 xlated_len=3096 nr_jited_ksyms=1 ksym0=0xffffffffc040370c ksym1=0x0
[567.014229 pid=12507 tid=12519] BPF_MAP_UPDATE_ELEM prog_array name=sys_exit_init_t map_fd=16 map_id=366 key=521 prog_fd=171 prog_id=207 flags=0 ret=0 errno=0
[567.014297 pid=12507 tid=12519] native-loader jit-info prog_array-target fd=171 id=207 type=17 name=sys_exit_init tag=e9757419dbd8dd2d jited_len=1856 xlated_len=3096 nr_jited_ksyms=1 ksym0=0xffffffffc040370c ksym1=0x0
[567.014370 pid=12507 tid=12519] BPF_MAP_UPDATE_ELEM prog_array name=sys_exit_init_t map_fd=16 map_id=366 key=522 prog_fd=171 prog_id=207 flags=0 ret=0 errno=0
[567.014437 pid=12507 tid=12519] native-loader jit-info prog_array-target fd=171 id=207 type=17 name=sys_exit_init tag=e9757419dbd8dd2d jited_len=1856 xlated_len=3096 nr_jited_ksyms=1 ksym0=0xffffffffc040370c ksym1=0x0
[567.014510 pid=12507 tid=12519] BPF_MAP_UPDATE_ELEM prog_array name=sys_exit_init_t map_fd=16 map_id=366 key=523 prog_fd=171 prog_id=207 flags=0 ret=0 errno=0
[567.014578 pid=12507 tid=12519] native-loader jit-info prog_array-target fd=171 id=207 type=17 name=sys_exit_init tag=e9757419dbd8dd2d jited_len=1856 xlated_len=3096 nr_jited_ksyms=1 ksym0=0xffffffffc040370c ksym1=0x0
[567.014651 pid=12507 tid=12519] BPF_MAP_UPDATE_ELEM prog_array name=sys_exit_init_t map_fd=16 map_id=366 key=524 prog_fd=171 prog_id=207 flags=0 ret=0 errno=0
[567.014719 pid=12507 tid=12519] native-loader jit-info prog_array-target fd=171 id=207 type=17 name=sys_exit_init tag=e9757419dbd8dd2d jited_len=1856 xlated_len=3096 nr_jited_ksyms=1 ksym0=0xffffffffc040370c ksym1=0x0
[567.014792 pid=12507 tid=12519] BPF_MAP_UPDATE_ELEM prog_array name=sys_exit_init_t map_fd=16 map_id=366 key=525 prog_fd=171 prog_id=207 flags=0 ret=0 errno=0
[567.014859 pid=12507 tid=12519] native-loader jit-info prog_array-target fd=171 id=207 type=17 name=sys_exit_init tag=e9757419dbd8dd2d jited_len=1856 xlated_len=3096 nr_jited_ksyms=1 ksym0=0xffffffffc040370c ksym1=0x0
[567.014932 pid=12507 tid=12519] BPF_MAP_UPDATE_ELEM prog_array name=sys_exit_init_t map_fd=16 map_id=366 key=526 prog_fd=171 prog_id=207 flags=0 ret=0 errno=0
[567.015000 pid=12507 tid=12519] native-loader jit-info prog_array-target fd=171 id=207 type=17 name=sys_exit_init tag=e9757419dbd8dd2d jited_len=1856 xlated_len=3096 nr_jited_ksyms=1 ksym0=0xffffffffc040370c ksym1=0x0
[567.015076 pid=12507 tid=12519] BPF_MAP_UPDATE_ELEM prog_array name=sys_exit_init_t map_fd=16 map_id=366 key=527 prog_fd=171 prog_id=207 flags=0 ret=0 errno=0
[567.015142 pid=12507 tid=12519] native-loader jit-info prog_array-target fd=171 id=207 type=17 name=sys_exit_init tag=e9757419dbd8dd2d jited_len=1856 xlated_len=3096 nr_jited_ksyms=1 ksym0=0xffffffffc040370c ksym1=0x0
[567.015215 pid=12507 tid=12519] BPF_MAP_UPDATE_ELEM prog_array name=sys_exit_init_t map_fd=16 map_id=366 key=528 prog_fd=171 prog_id=207 flags=0 ret=0 errno=0
[567.015283 pid=12507 tid=12519] native-loader jit-info prog_array-target fd=171 id=207 type=17 name=sys_exit_init tag=e9757419dbd8dd2d jited_len=1856 xlated_len=3096 nr_jited_ksyms=1 ksym0=0xffffffffc040370c ksym1=0x0
[567.015356 pid=12507 tid=12519] BPF_MAP_UPDATE_ELEM prog_array name=sys_exit_init_t map_fd=16 map_id=366 key=529 prog_fd=171 prog_id=207 flags=0 ret=0 errno=0
[567.015424 pid=12507 tid=12519] native-loader jit-info prog_array-target fd=171 id=207 type=17 name=sys_exit_init tag=e9757419dbd8dd2d jited_len=1856 xlated_len=3096 nr_jited_ksyms=1 ksym0=0xffffffffc040370c ksym1=0x0
[567.015497 pid=12507 tid=12519] BPF_MAP_UPDATE_ELEM prog_array name=sys_exit_init_t map_fd=16 map_id=366 key=530 prog_fd=171 prog_id=207 flags=0 ret=0 errno=0
[567.015565 pid=12507 tid=12519] native-loader jit-info prog_array-target fd=171 id=207 type=17 name=sys_exit_init tag=e9757419dbd8dd2d jited_len=1856 xlated_len=3096 nr_jited_ksyms=1 ksym0=0xffffffffc040370c ksym1=0x0
[567.015638 pid=12507 tid=12519] BPF_MAP_UPDATE_ELEM prog_array name=sys_exit_init_t map_fd=16 map_id=366 key=531 prog_fd=171 prog_id=207 flags=0 ret=0 errno=0
[567.015706 pid=12507 tid=12519] native-loader jit-info prog_array-target fd=171 id=207 type=17 name=sys_exit_init tag=e9757419dbd8dd2d jited_len=1856 xlated_len=3096 nr_jited_ksyms=1 ksym0=0xffffffffc040370c ksym1=0x0
[567.015779 pid=12507 tid=12519] BPF_MAP_UPDATE_ELEM prog_array name=sys_exit_init_t map_fd=16 map_id=366 key=532 prog_fd=171 prog_id=207 flags=0 ret=0 errno=0
[567.015848 pid=12507 tid=12519] native-loader jit-info prog_array-target fd=171 id=207 type=17 name=sys_exit_init tag=e9757419dbd8dd2d jited_len=1856 xlated_len=3096 nr_jited_ksyms=1 ksym0=0xffffffffc040370c ksym1=0x0
[567.015921 pid=12507 tid=12519] BPF_MAP_UPDATE_ELEM prog_array name=sys_exit_init_t map_fd=16 map_id=366 key=533 prog_fd=171 prog_id=207 flags=0 ret=0 errno=0
[567.015989 pid=12507 tid=12519] native-loader jit-info prog_array-target fd=171 id=207 type=17 name=sys_exit_init tag=e9757419dbd8dd2d jited_len=1856 xlated_len=3096 nr_jited_ksyms=1 ksym0=0xffffffffc040370c ksym1=0x0
[567.016061 pid=12507 tid=12519] BPF_MAP_UPDATE_ELEM prog_array name=sys_exit_init_t map_fd=16 map_id=366 key=534 prog_fd=171 prog_id=207 flags=0 ret=0 errno=0
[567.016131 pid=12507 tid=12519] native-loader jit-info prog_array-target fd=171 id=207 type=17 name=sys_exit_init tag=e9757419dbd8dd2d jited_len=1856 xlated_len=3096 nr_jited_ksyms=1 ksym0=0xffffffffc040370c ksym1=0x0
[567.016227 pid=12507 tid=12519] BPF_MAP_UPDATE_ELEM prog_array name=sys_exit_submit map_fd=17 map_id=367 key=0 prog_fd=188 prog_id=210 flags=0 ret=0 errno=0
[567.016299 pid=12507 tid=12519] native-loader jit-info prog_array-target fd=188 id=210 type=17 name=sys_exit_submit tag=0e933856cf851791 jited_len=11237 xlated_len=17896 nr_jited_ksyms=1 ksym0=0xffffffffc040b394 ksym1=0x0
[567.016371 pid=12507 tid=12519] BPF_MAP_UPDATE_ELEM prog_array name=sys_exit_submit map_fd=17 map_id=367 key=1 prog_fd=188 prog_id=210 flags=0 ret=0 errno=0
[567.016439 pid=12507 tid=12519] native-loader jit-info prog_array-target fd=188 id=210 type=17 name=sys_exit_submit tag=0e933856cf851791 jited_len=11237 xlated_len=17896 nr_jited_ksyms=1 ksym0=0xffffffffc040b394 ksym1=0x0
[567.016511 pid=12507 tid=12519] BPF_MAP_UPDATE_ELEM prog_array name=sys_exit_submit map_fd=17 map_id=367 key=2 prog_fd=188 prog_id=210 flags=0 ret=0 errno=0
[567.016579 pid=12507 tid=12519] native-loader jit-info prog_array-target fd=188 id=210 type=17 name=sys_exit_submit tag=0e933856cf851791 jited_len=11237 xlated_len=17896 nr_jited_ksyms=1 ksym0=0xffffffffc040b394 ksym1=0x0
[567.016652 pid=12507 tid=12519] BPF_MAP_UPDATE_ELEM prog_array name=sys_exit_submit map_fd=17 map_id=367 key=3 prog_fd=188 prog_id=210 flags=0 ret=0 errno=0
[567.016720 pid=12507 tid=12519] native-loader jit-info prog_array-target fd=188 id=210 type=17 name=sys_exit_submit tag=0e933856cf851791 jited_len=11237 xlated_len=17896 nr_jited_ksyms=1 ksym0=0xffffffffc040b394 ksym1=0x0
[567.016793 pid=12507 tid=12519] BPF_MAP_UPDATE_ELEM prog_array name=sys_exit_submit map_fd=17 map_id=367 key=4 prog_fd=188 prog_id=210 flags=0 ret=0 errno=0
[567.016860 pid=12507 tid=12519] native-loader jit-info prog_array-target fd=188 id=210 type=17 name=sys_exit_submit tag=0e933856cf851791 jited_len=11237 xlated_len=17896 nr_jited_ksyms=1 ksym0=0xffffffffc040b394 ksym1=0x0
[567.016933 pid=12507 tid=12519] BPF_MAP_UPDATE_ELEM prog_array name=sys_exit_submit map_fd=17 map_id=367 key=5 prog_fd=188 prog_id=210 flags=0 ret=0 errno=0
[567.017000 pid=12507 tid=12519] native-loader jit-info prog_array-target fd=188 id=210 type=17 name=sys_exit_submit tag=0e933856cf851791 jited_len=11237 xlated_len=17896 nr_jited_ksyms=1 ksym0=0xffffffffc040b394 ksym1=0x0
[567.017075 pid=12507 tid=12519] BPF_MAP_UPDATE_ELEM prog_array name=sys_exit_submit map_fd=17 map_id=367 key=6 prog_fd=188 prog_id=210 flags=0 ret=0 errno=0
[567.017143 pid=12507 tid=12519] native-loader jit-info prog_array-target fd=188 id=210 type=17 name=sys_exit_submit tag=0e933856cf851791 jited_len=11237 xlated_len=17896 nr_jited_ksyms=1 ksym0=0xffffffffc040b394 ksym1=0x0
[567.017215 pid=12507 tid=12519] BPF_MAP_UPDATE_ELEM prog_array name=sys_exit_submit map_fd=17 map_id=367 key=7 prog_fd=188 prog_id=210 flags=0 ret=0 errno=0
[567.017283 pid=12507 tid=12519] native-loader jit-info prog_array-target fd=188 id=210 type=17 name=sys_exit_submit tag=0e933856cf851791 jited_len=11237 xlated_len=17896 nr_jited_ksyms=1 ksym0=0xffffffffc040b394 ksym1=0x0
[567.017356 pid=12507 tid=12519] BPF_MAP_UPDATE_ELEM prog_array name=sys_exit_submit map_fd=17 map_id=367 key=8 prog_fd=188 prog_id=210 flags=0 ret=0 errno=0
[567.017423 pid=12507 tid=12519] native-loader jit-info prog_array-target fd=188 id=210 type=17 name=sys_exit_submit tag=0e933856cf851791 jited_len=11237 xlated_len=17896 nr_jited_ksyms=1 ksym0=0xffffffffc040b394 ksym1=0x0
[567.017496 pid=12507 tid=12519] BPF_MAP_UPDATE_ELEM prog_array name=sys_exit_submit map_fd=17 map_id=367 key=9 prog_fd=188 prog_id=210 flags=0 ret=0 errno=0
[567.017562 pid=12507 tid=12519] native-loader jit-info prog_array-target fd=188 id=210 type=17 name=sys_exit_submit tag=0e933856cf851791 jited_len=11237 xlated_len=17896 nr_jited_ksyms=1 ksym0=0xffffffffc040b394 ksym1=0x0
[567.017636 pid=12507 tid=12519] BPF_MAP_UPDATE_ELEM prog_array name=sys_exit_submit map_fd=17 map_id=367 key=10 prog_fd=188 prog_id=210 flags=0 ret=0 errno=0
[567.017702 pid=12507 tid=12519] native-loader jit-info prog_array-target fd=188 id=210 type=17 name=sys_exit_submit tag=0e933856cf851791 jited_len=11237 xlated_len=17896 nr_jited_ksyms=1 ksym0=0xffffffffc040b394 ksym1=0x0
[567.017776 pid=12507 tid=12519] BPF_MAP_UPDATE_ELEM prog_array name=sys_exit_submit map_fd=17 map_id=367 key=11 prog_fd=188 prog_id=210 flags=0 ret=0 errno=0
[567.017843 pid=12507 tid=12519] native-loader jit-info prog_array-target fd=188 id=210 type=17 name=sys_exit_submit tag=0e933856cf851791 jited_len=11237 xlated_len=17896 nr_jited_ksyms=1 ksym0=0xffffffffc040b394 ksym1=0x0
[567.017915 pid=12507 tid=12519] BPF_MAP_UPDATE_ELEM prog_array name=sys_exit_submit map_fd=17 map_id=367 key=12 prog_fd=188 prog_id=210 flags=0 ret=0 errno=0
[567.017983 pid=12507 tid=12519] native-loader jit-info prog_array-target fd=188 id=210 type=17 name=sys_exit_submit tag=0e933856cf851791 jited_len=11237 xlated_len=17896 nr_jited_ksyms=1 ksym0=0xffffffffc040b394 ksym1=0x0
[567.018057 pid=12507 tid=12519] BPF_MAP_UPDATE_ELEM prog_array name=sys_exit_submit map_fd=17 map_id=367 key=13 prog_fd=188 prog_id=210 flags=0 ret=0 errno=0
[567.018127 pid=12507 tid=12519] native-loader jit-info prog_array-target fd=188 id=210 type=17 name=sys_exit_submit tag=0e933856cf851791 jited_len=11237 xlated_len=17896 nr_jited_ksyms=1 ksym0=0xffffffffc040b394 ksym1=0x0
[567.018199 pid=12507 tid=12519] BPF_MAP_UPDATE_ELEM prog_array name=sys_exit_submit map_fd=17 map_id=367 key=14 prog_fd=188 prog_id=210 flags=0 ret=0 errno=0
[567.018266 pid=12507 tid=12519] native-loader jit-info prog_array-target fd=188 id=210 type=17 name=sys_exit_submit tag=0e933856cf851791 jited_len=11237 xlated_len=17896 nr_jited_ksyms=1 ksym0=0xffffffffc040b394 ksym1=0x0
[567.018338 pid=12507 tid=12519] BPF_MAP_UPDATE_ELEM prog_array name=sys_exit_submit map_fd=17 map_id=367 key=15 prog_fd=188 prog_id=210 flags=0 ret=0 errno=0
[567.018406 pid=12507 tid=12519] native-loader jit-info prog_array-target fd=188 id=210 type=17 name=sys_exit_submit tag=0e933856cf851791 jited_len=11237 xlated_len=17896 nr_jited_ksyms=1 ksym0=0xffffffffc040b394 ksym1=0x0
[567.018479 pid=12507 tid=12519] BPF_MAP_UPDATE_ELEM prog_array name=sys_exit_submit map_fd=17 map_id=367 key=16 prog_fd=188 prog_id=210 flags=0 ret=0 errno=0
[567.018546 pid=12507 tid=12519] native-loader jit-info prog_array-target fd=188 id=210 type=17 name=sys_exit_submit tag=0e933856cf851791 jited_len=11237 xlated_len=17896 nr_jited_ksyms=1 ksym0=0xffffffffc040b394 ksym1=0x0
[567.018618 pid=12507 tid=12519] BPF_MAP_UPDATE_ELEM prog_array name=sys_exit_submit map_fd=17 map_id=367 key=17 prog_fd=188 prog_id=210 flags=0 ret=0 errno=0
[567.018686 pid=12507 tid=12519] native-loader jit-info prog_array-target fd=188 id=210 type=17 name=sys_exit_submit tag=0e933856cf851791 jited_len=11237 xlated_len=17896 nr_jited_ksyms=1 ksym0=0xffffffffc040b394 ksym1=0x0
[567.018758 pid=12507 tid=12519] BPF_MAP_UPDATE_ELEM prog_array name=sys_exit_submit map_fd=17 map_id=367 key=18 prog_fd=188 prog_id=210 flags=0 ret=0 errno=0
[567.018825 pid=12507 tid=12519] native-loader jit-info prog_array-target fd=188 id=210 type=17 name=sys_exit_submit tag=0e933856cf851791 jited_len=11237 xlated_len=17896 nr_jited_ksyms=1 ksym0=0xffffffffc040b394 ksym1=0x0
[567.018897 pid=12507 tid=12519] BPF_MAP_UPDATE_ELEM prog_array name=sys_exit_submit map_fd=17 map_id=367 key=19 prog_fd=188 prog_id=210 flags=0 ret=0 errno=0
[567.018964 pid=12507 tid=12519] native-loader jit-info prog_array-target fd=188 id=210 type=17 name=sys_exit_submit tag=0e933856cf851791 jited_len=11237 xlated_len=17896 nr_jited_ksyms=1 ksym0=0xffffffffc040b394 ksym1=0x0
[567.019037 pid=12507 tid=12519] BPF_MAP_UPDATE_ELEM prog_array name=sys_exit_submit map_fd=17 map_id=367 key=20 prog_fd=188 prog_id=210 flags=0 ret=0 errno=0
[567.019106 pid=12507 tid=12519] native-loader jit-info prog_array-target fd=188 id=210 type=17 name=sys_exit_submit tag=0e933856cf851791 jited_len=11237 xlated_len=17896 nr_jited_ksyms=1 ksym0=0xffffffffc040b394 ksym1=0x0
[567.019179 pid=12507 tid=12519] BPF_MAP_UPDATE_ELEM prog_array name=sys_exit_submit map_fd=17 map_id=367 key=21 prog_fd=188 prog_id=210 flags=0 ret=0 errno=0
[567.019246 pid=12507 tid=12519] native-loader jit-info prog_array-target fd=188 id=210 type=17 name=sys_exit_submit tag=0e933856cf851791 jited_len=11237 xlated_len=17896 nr_jited_ksyms=1 ksym0=0xffffffffc040b394 ksym1=0x0
[567.019319 pid=12507 tid=12519] BPF_MAP_UPDATE_ELEM prog_array name=sys_exit_submit map_fd=17 map_id=367 key=22 prog_fd=188 prog_id=210 flags=0 ret=0 errno=0
[567.019385 pid=12507 tid=12519] native-loader jit-info prog_array-target fd=188 id=210 type=17 name=sys_exit_submit tag=0e933856cf851791 jited_len=11237 xlated_len=17896 nr_jited_ksyms=1 ksym0=0xffffffffc040b394 ksym1=0x0
[567.019459 pid=12507 tid=12519] BPF_MAP_UPDATE_ELEM prog_array name=sys_exit_submit map_fd=17 map_id=367 key=23 prog_fd=188 prog_id=210 flags=0 ret=0 errno=0
[567.019525 pid=12507 tid=12519] native-loader jit-info prog_array-target fd=188 id=210 type=17 name=sys_exit_submit tag=0e933856cf851791 jited_len=11237 xlated_len=17896 nr_jited_ksyms=1 ksym0=0xffffffffc040b394 ksym1=0x0
[567.019599 pid=12507 tid=12519] BPF_MAP_UPDATE_ELEM prog_array name=sys_exit_submit map_fd=17 map_id=367 key=24 prog_fd=188 prog_id=210 flags=0 ret=0 errno=0
[567.019663 pid=12507 tid=12519] native-loader jit-info prog_array-target fd=188 id=210 type=17 name=sys_exit_submit tag=0e933856cf851791 jited_len=11237 xlated_len=17896 nr_jited_ksyms=1 ksym0=0xffffffffc040b394 ksym1=0x0
[567.019736 pid=12507 tid=12519] BPF_MAP_UPDATE_ELEM prog_array name=sys_exit_submit map_fd=17 map_id=367 key=25 prog_fd=188 prog_id=210 flags=0 ret=0 errno=0
[567.019803 pid=12507 tid=12519] native-loader jit-info prog_array-target fd=188 id=210 type=17 name=sys_exit_submit tag=0e933856cf851791 jited_len=11237 xlated_len=17896 nr_jited_ksyms=1 ksym0=0xffffffffc040b394 ksym1=0x0
[567.019875 pid=12507 tid=12519] BPF_MAP_UPDATE_ELEM prog_array name=sys_exit_submit map_fd=17 map_id=367 key=26 prog_fd=188 prog_id=210 flags=0 ret=0 errno=0
[567.019942 pid=12507 tid=12519] native-loader jit-info prog_array-target fd=188 id=210 type=17 name=sys_exit_submit tag=0e933856cf851791 jited_len=11237 xlated_len=17896 nr_jited_ksyms=1 ksym0=0xffffffffc040b394 ksym1=0x0
[567.020092 pid=12507 tid=12519] BPF_MAP_UPDATE_ELEM prog_array name=sys_exit_submit map_fd=17 map_id=367 key=27 prog_fd=188 prog_id=210 flags=0 ret=0 errno=0
[567.020334 pid=12507 tid=12519] native-loader jit-info prog_array-target fd=188 id=210 type=17 name=sys_exit_submit tag=0e933856cf851791 jited_len=11237 xlated_len=17896 nr_jited_ksyms=1 ksym0=0xffffffffc040b394 ksym1=0x0
[567.020442 pid=12507 tid=12519] BPF_MAP_UPDATE_ELEM prog_array name=sys_exit_submit map_fd=17 map_id=367 key=28 prog_fd=188 prog_id=210 flags=0 ret=0 errno=0
[567.020515 pid=12507 tid=12519] native-loader jit-info prog_array-target fd=188 id=210 type=17 name=sys_exit_submit tag=0e933856cf851791 jited_len=11237 xlated_len=17896 nr_jited_ksyms=1 ksym0=0xffffffffc040b394 ksym1=0x0
[567.020585 pid=12507 tid=12519] BPF_MAP_UPDATE_ELEM prog_array name=sys_exit_submit map_fd=17 map_id=367 key=29 prog_fd=188 prog_id=210 flags=0 ret=0 errno=0
[567.020654 pid=12507 tid=12519] native-loader jit-info prog_array-target fd=188 id=210 type=17 name=sys_exit_submit tag=0e933856cf851791 jited_len=11237 xlated_len=17896 nr_jited_ksyms=1 ksym0=0xffffffffc040b394 ksym1=0x0
[567.020727 pid=12507 tid=12519] BPF_MAP_UPDATE_ELEM prog_array name=sys_exit_submit map_fd=17 map_id=367 key=30 prog_fd=188 prog_id=210 flags=0 ret=0 errno=0
[567.020794 pid=12507 tid=12519] native-loader jit-info prog_array-target fd=188 id=210 type=17 name=sys_exit_submit tag=0e933856cf851791 jited_len=11237 xlated_len=17896 nr_jited_ksyms=1 ksym0=0xffffffffc040b394 ksym1=0x0
[567.020866 pid=12507 tid=12519] BPF_MAP_UPDATE_ELEM prog_array name=sys_exit_submit map_fd=17 map_id=367 key=31 prog_fd=188 prog_id=210 flags=0 ret=0 errno=0
[567.020934 pid=12507 tid=12519] native-loader jit-info prog_array-target fd=188 id=210 type=17 name=sys_exit_submit tag=0e933856cf851791 jited_len=11237 xlated_len=17896 nr_jited_ksyms=1 ksym0=0xffffffffc040b394 ksym1=0x0
[567.021006 pid=12507 tid=12519] BPF_MAP_UPDATE_ELEM prog_array name=sys_exit_submit map_fd=17 map_id=367 key=34 prog_fd=188 prog_id=210 flags=0 ret=0 errno=0
[567.021076 pid=12507 tid=12519] native-loader jit-info prog_array-target fd=188 id=210 type=17 name=sys_exit_submit tag=0e933856cf851791 jited_len=11237 xlated_len=17896 nr_jited_ksyms=1 ksym0=0xffffffffc040b394 ksym1=0x0
[567.021147 pid=12507 tid=12519] BPF_MAP_UPDATE_ELEM prog_array name=sys_exit_submit map_fd=17 map_id=367 key=35 prog_fd=188 prog_id=210 flags=0 ret=0 errno=0
[567.021215 pid=12507 tid=12519] native-loader jit-info prog_array-target fd=188 id=210 type=17 name=sys_exit_submit tag=0e933856cf851791 jited_len=11237 xlated_len=17896 nr_jited_ksyms=1 ksym0=0xffffffffc040b394 ksym1=0x0
[567.021287 pid=12507 tid=12519] BPF_MAP_UPDATE_ELEM prog_array name=sys_exit_submit map_fd=17 map_id=367 key=36 prog_fd=188 prog_id=210 flags=0 ret=0 errno=0
[567.021354 pid=12507 tid=12519] native-loader jit-info prog_array-target fd=188 id=210 type=17 name=sys_exit_submit tag=0e933856cf851791 jited_len=11237 xlated_len=17896 nr_jited_ksyms=1 ksym0=0xffffffffc040b394 ksym1=0x0
[567.021427 pid=12507 tid=12519] BPF_MAP_UPDATE_ELEM prog_array name=sys_exit_submit map_fd=17 map_id=367 key=37 prog_fd=188 prog_id=210 flags=0 ret=0 errno=0
[567.021494 pid=12507 tid=12519] native-loader jit-info prog_array-target fd=188 id=210 type=17 name=sys_exit_submit tag=0e933856cf851791 jited_len=11237 xlated_len=17896 nr_jited_ksyms=1 ksym0=0xffffffffc040b394 ksym1=0x0
[567.021567 pid=12507 tid=12519] BPF_MAP_UPDATE_ELEM prog_array name=sys_exit_submit map_fd=17 map_id=367 key=38 prog_fd=188 prog_id=210 flags=0 ret=0 errno=0
[567.021634 pid=12507 tid=12519] native-loader jit-info prog_array-target fd=188 id=210 type=17 name=sys_exit_submit tag=0e933856cf851791 jited_len=11237 xlated_len=17896 nr_jited_ksyms=1 ksym0=0xffffffffc040b394 ksym1=0x0
[567.021709 pid=12507 tid=12519] BPF_MAP_UPDATE_ELEM prog_array name=sys_exit_submit map_fd=17 map_id=367 key=39 prog_fd=188 prog_id=210 flags=0 ret=0 errno=0
[567.021776 pid=12507 tid=12519] native-loader jit-info prog_array-target fd=188 id=210 type=17 name=sys_exit_submit tag=0e933856cf851791 jited_len=11237 xlated_len=17896 nr_jited_ksyms=1 ksym0=0xffffffffc040b394 ksym1=0x0
[567.021849 pid=12507 tid=12519] BPF_MAP_UPDATE_ELEM prog_array name=sys_exit_submit map_fd=17 map_id=367 key=40 prog_fd=188 prog_id=210 flags=0 ret=0 errno=0
[567.021917 pid=12507 tid=12519] native-loader jit-info prog_array-target fd=188 id=210 type=17 name=sys_exit_submit tag=0e933856cf851791 jited_len=11237 xlated_len=17896 nr_jited_ksyms=1 ksym0=0xffffffffc040b394 ksym1=0x0
[567.021990 pid=12507 tid=12519] BPF_MAP_UPDATE_ELEM prog_array name=sys_exit_submit map_fd=17 map_id=367 key=41 prog_fd=188 prog_id=210 flags=0 ret=0 errno=0
[567.022057 pid=12507 tid=12519] native-loader jit-info prog_array-target fd=188 id=210 type=17 name=sys_exit_submit tag=0e933856cf851791 jited_len=11237 xlated_len=17896 nr_jited_ksyms=1 ksym0=0xffffffffc040b394 ksym1=0x0
[567.022132 pid=12507 tid=12519] BPF_MAP_UPDATE_ELEM prog_array name=sys_exit_submit map_fd=17 map_id=367 key=42 prog_fd=188 prog_id=210 flags=0 ret=0 errno=0
[567.022199 pid=12507 tid=12519] native-loader jit-info prog_array-target fd=188 id=210 type=17 name=sys_exit_submit tag=0e933856cf851791 jited_len=11237 xlated_len=17896 nr_jited_ksyms=1 ksym0=0xffffffffc040b394 ksym1=0x0
[567.022271 pid=12507 tid=12519] BPF_MAP_UPDATE_ELEM prog_array name=sys_exit_submit map_fd=17 map_id=367 key=43 prog_fd=188 prog_id=210 flags=0 ret=0 errno=0
[567.022340 pid=12507 tid=12519] native-loader jit-info prog_array-target fd=188 id=210 type=17 name=sys_exit_submit tag=0e933856cf851791 jited_len=11237 xlated_len=17896 nr_jited_ksyms=1 ksym0=0xffffffffc040b394 ksym1=0x0
[567.022412 pid=12507 tid=12519] BPF_MAP_UPDATE_ELEM prog_array name=sys_exit_submit map_fd=17 map_id=367 key=44 prog_fd=188 prog_id=210 flags=0 ret=0 errno=0
[567.022479 pid=12507 tid=12519] native-loader jit-info prog_array-target fd=188 id=210 type=17 name=sys_exit_submit tag=0e933856cf851791 jited_len=11237 xlated_len=17896 nr_jited_ksyms=1 ksym0=0xffffffffc040b394 ksym1=0x0
[567.022552 pid=12507 tid=12519] BPF_MAP_UPDATE_ELEM prog_array name=sys_exit_submit map_fd=17 map_id=367 key=45 prog_fd=188 prog_id=210 flags=0 ret=0 errno=0
[567.022619 pid=12507 tid=12519] native-loader jit-info prog_array-target fd=188 id=210 type=17 name=sys_exit_submit tag=0e933856cf851791 jited_len=11237 xlated_len=17896 nr_jited_ksyms=1 ksym0=0xffffffffc040b394 ksym1=0x0
[567.022691 pid=12507 tid=12519] BPF_MAP_UPDATE_ELEM prog_array name=sys_exit_submit map_fd=17 map_id=367 key=46 prog_fd=188 prog_id=210 flags=0 ret=0 errno=0
[567.022759 pid=12507 tid=12519] native-loader jit-info prog_array-target fd=188 id=210 type=17 name=sys_exit_submit tag=0e933856cf851791 jited_len=11237 xlated_len=17896 nr_jited_ksyms=1 ksym0=0xffffffffc040b394 ksym1=0x0
[567.022831 pid=12507 tid=12519] BPF_MAP_UPDATE_ELEM prog_array name=sys_exit_submit map_fd=17 map_id=367 key=47 prog_fd=188 prog_id=210 flags=0 ret=0 errno=0
[567.022899 pid=12507 tid=12519] native-loader jit-info prog_array-target fd=188 id=210 type=17 name=sys_exit_submit tag=0e933856cf851791 jited_len=11237 xlated_len=17896 nr_jited_ksyms=1 ksym0=0xffffffffc040b394 ksym1=0x0
[567.022972 pid=12507 tid=12519] BPF_MAP_UPDATE_ELEM prog_array name=sys_exit_submit map_fd=17 map_id=367 key=48 prog_fd=188 prog_id=210 flags=0 ret=0 errno=0
[567.023039 pid=12507 tid=12519] native-loader jit-info prog_array-target fd=188 id=210 type=17 name=sys_exit_submit tag=0e933856cf851791 jited_len=11237 xlated_len=17896 nr_jited_ksyms=1 ksym0=0xffffffffc040b394 ksym1=0x0
[567.023114 pid=12507 tid=12519] BPF_MAP_UPDATE_ELEM prog_array name=sys_exit_submit map_fd=17 map_id=367 key=49 prog_fd=188 prog_id=210 flags=0 ret=0 errno=0
[567.023181 pid=12507 tid=12519] native-loader jit-info prog_array-target fd=188 id=210 type=17 name=sys_exit_submit tag=0e933856cf851791 jited_len=11237 xlated_len=17896 nr_jited_ksyms=1 ksym0=0xffffffffc040b394 ksym1=0x0
[567.023254 pid=12507 tid=12519] BPF_MAP_UPDATE_ELEM prog_array name=sys_exit_submit map_fd=17 map_id=367 key=50 prog_fd=188 prog_id=210 flags=0 ret=0 errno=0
[567.023321 pid=12507 tid=12519] native-loader jit-info prog_array-target fd=188 id=210 type=17 name=sys_exit_submit tag=0e933856cf851791 jited_len=11237 xlated_len=17896 nr_jited_ksyms=1 ksym0=0xffffffffc040b394 ksym1=0x0
[567.023394 pid=12507 tid=12519] BPF_MAP_UPDATE_ELEM prog_array name=sys_exit_submit map_fd=17 map_id=367 key=51 prog_fd=188 prog_id=210 flags=0 ret=0 errno=0
[567.023461 pid=12507 tid=12519] native-loader jit-info prog_array-target fd=188 id=210 type=17 name=sys_exit_submit tag=0e933856cf851791 jited_len=11237 xlated_len=17896 nr_jited_ksyms=1 ksym0=0xffffffffc040b394 ksym1=0x0
[567.023533 pid=12507 tid=12519] BPF_MAP_UPDATE_ELEM prog_array name=sys_exit_submit map_fd=17 map_id=367 key=52 prog_fd=188 prog_id=210 flags=0 ret=0 errno=0
[567.023600 pid=12507 tid=12519] native-loader jit-info prog_array-target fd=188 id=210 type=17 name=sys_exit_submit tag=0e933856cf851791 jited_len=11237 xlated_len=17896 nr_jited_ksyms=1 ksym0=0xffffffffc040b394 ksym1=0x0
[567.023673 pid=12507 tid=12519] BPF_MAP_UPDATE_ELEM prog_array name=sys_exit_submit map_fd=17 map_id=367 key=53 prog_fd=188 prog_id=210 flags=0 ret=0 errno=0
[567.023740 pid=12507 tid=12519] native-loader jit-info prog_array-target fd=188 id=210 type=17 name=sys_exit_submit tag=0e933856cf851791 jited_len=11237 xlated_len=17896 nr_jited_ksyms=1 ksym0=0xffffffffc040b394 ksym1=0x0
[567.023812 pid=12507 tid=12519] BPF_MAP_UPDATE_ELEM prog_array name=sys_exit_submit map_fd=17 map_id=367 key=54 prog_fd=188 prog_id=210 flags=0 ret=0 errno=0
[567.023880 pid=12507 tid=12519] native-loader jit-info prog_array-target fd=188 id=210 type=17 name=sys_exit_submit tag=0e933856cf851791 jited_len=11237 xlated_len=17896 nr_jited_ksyms=1 ksym0=0xffffffffc040b394 ksym1=0x0
[567.023952 pid=12507 tid=12519] BPF_MAP_UPDATE_ELEM prog_array name=sys_exit_submit map_fd=17 map_id=367 key=55 prog_fd=188 prog_id=210 flags=0 ret=0 errno=0
[567.024019 pid=12507 tid=12519] native-loader jit-info prog_array-target fd=188 id=210 type=17 name=sys_exit_submit tag=0e933856cf851791 jited_len=11237 xlated_len=17896 nr_jited_ksyms=1 ksym0=0xffffffffc040b394 ksym1=0x0
[567.024093 pid=12507 tid=12519] BPF_MAP_UPDATE_ELEM prog_array name=sys_exit_submit map_fd=17 map_id=367 key=56 prog_fd=188 prog_id=210 flags=0 ret=0 errno=0
[567.024162 pid=12507 tid=12519] native-loader jit-info prog_array-target fd=188 id=210 type=17 name=sys_exit_submit tag=0e933856cf851791 jited_len=11237 xlated_len=17896 nr_jited_ksyms=1 ksym0=0xffffffffc040b394 ksym1=0x0
[567.024237 pid=12507 tid=12519] BPF_MAP_UPDATE_ELEM prog_array name=sys_exit_submit map_fd=17 map_id=367 key=57 prog_fd=188 prog_id=210 flags=0 ret=0 errno=0
[567.024305 pid=12507 tid=12519] native-loader jit-info prog_array-target fd=188 id=210 type=17 name=sys_exit_submit tag=0e933856cf851791 jited_len=11237 xlated_len=17896 nr_jited_ksyms=1 ksym0=0xffffffffc040b394 ksym1=0x0
[567.024379 pid=12507 tid=12519] BPF_MAP_UPDATE_ELEM prog_array name=sys_exit_submit map_fd=17 map_id=367 key=58 prog_fd=188 prog_id=210 flags=0 ret=0 errno=0
[567.024448 pid=12507 tid=12519] native-loader jit-info prog_array-target fd=188 id=210 type=17 name=sys_exit_submit tag=0e933856cf851791 jited_len=11237 xlated_len=17896 nr_jited_ksyms=1 ksym0=0xffffffffc040b394 ksym1=0x0
[567.024523 pid=12507 tid=12519] BPF_MAP_UPDATE_ELEM prog_array name=sys_exit_submit map_fd=17 map_id=367 key=59 prog_fd=188 prog_id=210 flags=0 ret=0 errno=0
[567.024592 pid=12507 tid=12519] native-loader jit-info prog_array-target fd=188 id=210 type=17 name=sys_exit_submit tag=0e933856cf851791 jited_len=11237 xlated_len=17896 nr_jited_ksyms=1 ksym0=0xffffffffc040b394 ksym1=0x0
[567.024666 pid=12507 tid=12519] BPF_MAP_UPDATE_ELEM prog_array name=sys_exit_submit map_fd=17 map_id=367 key=60 prog_fd=188 prog_id=210 flags=0 ret=0 errno=0
[567.024735 pid=12507 tid=12519] native-loader jit-info prog_array-target fd=188 id=210 type=17 name=sys_exit_submit tag=0e933856cf851791 jited_len=11237 xlated_len=17896 nr_jited_ksyms=1 ksym0=0xffffffffc040b394 ksym1=0x0
[567.024809 pid=12507 tid=12519] BPF_MAP_UPDATE_ELEM prog_array name=sys_exit_submit map_fd=17 map_id=367 key=61 prog_fd=188 prog_id=210 flags=0 ret=0 errno=0
[567.024879 pid=12507 tid=12519] native-loader jit-info prog_array-target fd=188 id=210 type=17 name=sys_exit_submit tag=0e933856cf851791 jited_len=11237 xlated_len=17896 nr_jited_ksyms=1 ksym0=0xffffffffc040b394 ksym1=0x0
[567.024953 pid=12507 tid=12519] BPF_MAP_UPDATE_ELEM prog_array name=sys_exit_submit map_fd=17 map_id=367 key=62 prog_fd=188 prog_id=210 flags=0 ret=0 errno=0
[567.025022 pid=12507 tid=12519] native-loader jit-info prog_array-target fd=188 id=210 type=17 name=sys_exit_submit tag=0e933856cf851791 jited_len=11237 xlated_len=17896 nr_jited_ksyms=1 ksym0=0xffffffffc040b394 ksym1=0x0
[567.025098 pid=12507 tid=12519] BPF_MAP_UPDATE_ELEM prog_array name=sys_exit_submit map_fd=17 map_id=367 key=63 prog_fd=188 prog_id=210 flags=0 ret=0 errno=0
[567.025167 pid=12507 tid=12519] native-loader jit-info prog_array-target fd=188 id=210 type=17 name=sys_exit_submit tag=0e933856cf851791 jited_len=11237 xlated_len=17896 nr_jited_ksyms=1 ksym0=0xffffffffc040b394 ksym1=0x0
[567.025242 pid=12507 tid=12519] BPF_MAP_UPDATE_ELEM prog_array name=sys_exit_submit map_fd=17 map_id=367 key=64 prog_fd=188 prog_id=210 flags=0 ret=0 errno=0
[567.025312 pid=12507 tid=12519] native-loader jit-info prog_array-target fd=188 id=210 type=17 name=sys_exit_submit tag=0e933856cf851791 jited_len=11237 xlated_len=17896 nr_jited_ksyms=1 ksym0=0xffffffffc040b394 ksym1=0x0
[567.025386 pid=12507 tid=12519] BPF_MAP_UPDATE_ELEM prog_array name=sys_exit_submit map_fd=17 map_id=367 key=65 prog_fd=188 prog_id=210 flags=0 ret=0 errno=0
[567.025455 pid=12507 tid=12519] native-loader jit-info prog_array-target fd=188 id=210 type=17 name=sys_exit_submit tag=0e933856cf851791 jited_len=11237 xlated_len=17896 nr_jited_ksyms=1 ksym0=0xffffffffc040b394 ksym1=0x0
[567.025530 pid=12507 tid=12519] BPF_MAP_UPDATE_ELEM prog_array name=sys_exit_submit map_fd=17 map_id=367 key=66 prog_fd=188 prog_id=210 flags=0 ret=0 errno=0
[567.025600 pid=12507 tid=12519] native-loader jit-info prog_array-target fd=188 id=210 type=17 name=sys_exit_submit tag=0e933856cf851791 jited_len=11237 xlated_len=17896 nr_jited_ksyms=1 ksym0=0xffffffffc040b394 ksym1=0x0
[567.025675 pid=12507 tid=12519] BPF_MAP_UPDATE_ELEM prog_array name=sys_exit_submit map_fd=17 map_id=367 key=67 prog_fd=188 prog_id=210 flags=0 ret=0 errno=0
[567.025745 pid=12507 tid=12519] native-loader jit-info prog_array-target fd=188 id=210 type=17 name=sys_exit_submit tag=0e933856cf851791 jited_len=11237 xlated_len=17896 nr_jited_ksyms=1 ksym0=0xffffffffc040b394 ksym1=0x0
[567.025819 pid=12507 tid=12519] BPF_MAP_UPDATE_ELEM prog_array name=sys_exit_submit map_fd=17 map_id=367 key=68 prog_fd=188 prog_id=210 flags=0 ret=0 errno=0
[567.025888 pid=12507 tid=12519] native-loader jit-info prog_array-target fd=188 id=210 type=17 name=sys_exit_submit tag=0e933856cf851791 jited_len=11237 xlated_len=17896 nr_jited_ksyms=1 ksym0=0xffffffffc040b394 ksym1=0x0
[567.025962 pid=12507 tid=12519] BPF_MAP_UPDATE_ELEM prog_array name=sys_exit_submit map_fd=17 map_id=367 key=69 prog_fd=188 prog_id=210 flags=0 ret=0 errno=0
[567.026032 pid=12507 tid=12519] native-loader jit-info prog_array-target fd=188 id=210 type=17 name=sys_exit_submit tag=0e933856cf851791 jited_len=11237 xlated_len=17896 nr_jited_ksyms=1 ksym0=0xffffffffc040b394 ksym1=0x0
[567.026107 pid=12507 tid=12519] BPF_MAP_UPDATE_ELEM prog_array name=sys_exit_submit map_fd=17 map_id=367 key=70 prog_fd=188 prog_id=210 flags=0 ret=0 errno=0
[567.026176 pid=12507 tid=12519] native-loader jit-info prog_array-target fd=188 id=210 type=17 name=sys_exit_submit tag=0e933856cf851791 jited_len=11237 xlated_len=17896 nr_jited_ksyms=1 ksym0=0xffffffffc040b394 ksym1=0x0
[567.026251 pid=12507 tid=12519] BPF_MAP_UPDATE_ELEM prog_array name=sys_exit_submit map_fd=17 map_id=367 key=71 prog_fd=188 prog_id=210 flags=0 ret=0 errno=0
[567.026320 pid=12507 tid=12519] native-loader jit-info prog_array-target fd=188 id=210 type=17 name=sys_exit_submit tag=0e933856cf851791 jited_len=11237 xlated_len=17896 nr_jited_ksyms=1 ksym0=0xffffffffc040b394 ksym1=0x0
[567.026395 pid=12507 tid=12519] BPF_MAP_UPDATE_ELEM prog_array name=sys_exit_submit map_fd=17 map_id=367 key=72 prog_fd=188 prog_id=210 flags=0 ret=0 errno=0
[567.026465 pid=12507 tid=12519] native-loader jit-info prog_array-target fd=188 id=210 type=17 name=sys_exit_submit tag=0e933856cf851791 jited_len=11237 xlated_len=17896 nr_jited_ksyms=1 ksym0=0xffffffffc040b394 ksym1=0x0
[567.026541 pid=12507 tid=12519] BPF_MAP_UPDATE_ELEM prog_array name=sys_exit_submit map_fd=17 map_id=367 key=73 prog_fd=188 prog_id=210 flags=0 ret=0 errno=0
[567.026611 pid=12507 tid=12519] native-loader jit-info prog_array-target fd=188 id=210 type=17 name=sys_exit_submit tag=0e933856cf851791 jited_len=11237 xlated_len=17896 nr_jited_ksyms=1 ksym0=0xffffffffc040b394 ksym1=0x0
[567.026686 pid=12507 tid=12519] BPF_MAP_UPDATE_ELEM prog_array name=sys_exit_submit map_fd=17 map_id=367 key=74 prog_fd=188 prog_id=210 flags=0 ret=0 errno=0
[567.026754 pid=12507 tid=12519] native-loader jit-info prog_array-target fd=188 id=210 type=17 name=sys_exit_submit tag=0e933856cf851791 jited_len=11237 xlated_len=17896 nr_jited_ksyms=1 ksym0=0xffffffffc040b394 ksym1=0x0
[567.026830 pid=12507 tid=12519] BPF_MAP_UPDATE_ELEM prog_array name=sys_exit_submit map_fd=17 map_id=367 key=75 prog_fd=188 prog_id=210 flags=0 ret=0 errno=0
[567.026899 pid=12507 tid=12519] native-loader jit-info prog_array-target fd=188 id=210 type=17 name=sys_exit_submit tag=0e933856cf851791 jited_len=11237 xlated_len=17896 nr_jited_ksyms=1 ksym0=0xffffffffc040b394 ksym1=0x0
[567.026974 pid=12507 tid=12519] BPF_MAP_UPDATE_ELEM prog_array name=sys_exit_submit map_fd=17 map_id=367 key=76 prog_fd=188 prog_id=210 flags=0 ret=0 errno=0
[567.027043 pid=12507 tid=12519] native-loader jit-info prog_array-target fd=188 id=210 type=17 name=sys_exit_submit tag=0e933856cf851791 jited_len=11237 xlated_len=17896 nr_jited_ksyms=1 ksym0=0xffffffffc040b394 ksym1=0x0
[567.027118 pid=12507 tid=12519] BPF_MAP_UPDATE_ELEM prog_array name=sys_exit_submit map_fd=17 map_id=367 key=77 prog_fd=188 prog_id=210 flags=0 ret=0 errno=0
[567.027187 pid=12507 tid=12519] native-loader jit-info prog_array-target fd=188 id=210 type=17 name=sys_exit_submit tag=0e933856cf851791 jited_len=11237 xlated_len=17896 nr_jited_ksyms=1 ksym0=0xffffffffc040b394 ksym1=0x0
[567.027260 pid=12507 tid=12519] BPF_MAP_UPDATE_ELEM prog_array name=sys_exit_submit map_fd=17 map_id=367 key=78 prog_fd=188 prog_id=210 flags=0 ret=0 errno=0
[567.027327 pid=12507 tid=12519] native-loader jit-info prog_array-target fd=188 id=210 type=17 name=sys_exit_submit tag=0e933856cf851791 jited_len=11237 xlated_len=17896 nr_jited_ksyms=1 ksym0=0xffffffffc040b394 ksym1=0x0
[567.027402 pid=12507 tid=12519] BPF_MAP_UPDATE_ELEM prog_array name=sys_exit_submit map_fd=17 map_id=367 key=79 prog_fd=188 prog_id=210 flags=0 ret=0 errno=0
[567.027469 pid=12507 tid=12519] native-loader jit-info prog_array-target fd=188 id=210 type=17 name=sys_exit_submit tag=0e933856cf851791 jited_len=11237 xlated_len=17896 nr_jited_ksyms=1 ksym0=0xffffffffc040b394 ksym1=0x0
[567.027542 pid=12507 tid=12519] BPF_MAP_UPDATE_ELEM prog_array name=sys_exit_submit map_fd=17 map_id=367 key=80 prog_fd=188 prog_id=210 flags=0 ret=0 errno=0
[567.027609 pid=12507 tid=12519] native-loader jit-info prog_array-target fd=188 id=210 type=17 name=sys_exit_submit tag=0e933856cf851791 jited_len=11237 xlated_len=17896 nr_jited_ksyms=1 ksym0=0xffffffffc040b394 ksym1=0x0
[567.027681 pid=12507 tid=12519] BPF_MAP_UPDATE_ELEM prog_array name=sys_exit_submit map_fd=17 map_id=367 key=81 prog_fd=188 prog_id=210 flags=0 ret=0 errno=0
[567.027748 pid=12507 tid=12519] native-loader jit-info prog_array-target fd=188 id=210 type=17 name=sys_exit_submit tag=0e933856cf851791 jited_len=11237 xlated_len=17896 nr_jited_ksyms=1 ksym0=0xffffffffc040b394 ksym1=0x0
[567.027822 pid=12507 tid=12519] BPF_MAP_UPDATE_ELEM prog_array name=sys_exit_submit map_fd=17 map_id=367 key=82 prog_fd=188 prog_id=210 flags=0 ret=0 errno=0
[567.027889 pid=12507 tid=12519] native-loader jit-info prog_array-target fd=188 id=210 type=17 name=sys_exit_submit tag=0e933856cf851791 jited_len=11237 xlated_len=17896 nr_jited_ksyms=1 ksym0=0xffffffffc040b394 ksym1=0x0
[567.027962 pid=12507 tid=12519] BPF_MAP_UPDATE_ELEM prog_array name=sys_exit_submit map_fd=17 map_id=367 key=83 prog_fd=188 prog_id=210 flags=0 ret=0 errno=0
[567.028030 pid=12507 tid=12519] native-loader jit-info prog_array-target fd=188 id=210 type=17 name=sys_exit_submit tag=0e933856cf851791 jited_len=11237 xlated_len=17896 nr_jited_ksyms=1 ksym0=0xffffffffc040b394 ksym1=0x0
[567.028105 pid=12507 tid=12519] BPF_MAP_UPDATE_ELEM prog_array name=sys_exit_submit map_fd=17 map_id=367 key=84 prog_fd=188 prog_id=210 flags=0 ret=0 errno=0
[567.028172 pid=12507 tid=12519] native-loader jit-info prog_array-target fd=188 id=210 type=17 name=sys_exit_submit tag=0e933856cf851791 jited_len=11237 xlated_len=17896 nr_jited_ksyms=1 ksym0=0xffffffffc040b394 ksym1=0x0
[567.028245 pid=12507 tid=12519] BPF_MAP_UPDATE_ELEM prog_array name=sys_exit_submit map_fd=17 map_id=367 key=85 prog_fd=188 prog_id=210 flags=0 ret=0 errno=0
[567.028312 pid=12507 tid=12519] native-loader jit-info prog_array-target fd=188 id=210 type=17 name=sys_exit_submit tag=0e933856cf851791 jited_len=11237 xlated_len=17896 nr_jited_ksyms=1 ksym0=0xffffffffc040b394 ksym1=0x0
[567.028385 pid=12507 tid=12519] BPF_MAP_UPDATE_ELEM prog_array name=sys_exit_submit map_fd=17 map_id=367 key=86 prog_fd=188 prog_id=210 flags=0 ret=0 errno=0
[567.028452 pid=12507 tid=12519] native-loader jit-info prog_array-target fd=188 id=210 type=17 name=sys_exit_submit tag=0e933856cf851791 jited_len=11237 xlated_len=17896 nr_jited_ksyms=1 ksym0=0xffffffffc040b394 ksym1=0x0
[567.028525 pid=12507 tid=12519] BPF_MAP_UPDATE_ELEM prog_array name=sys_exit_submit map_fd=17 map_id=367 key=87 prog_fd=188 prog_id=210 flags=0 ret=0 errno=0
[567.028591 pid=12507 tid=12519] native-loader jit-info prog_array-target fd=188 id=210 type=17 name=sys_exit_submit tag=0e933856cf851791 jited_len=11237 xlated_len=17896 nr_jited_ksyms=1 ksym0=0xffffffffc040b394 ksym1=0x0
[567.028664 pid=12507 tid=12519] BPF_MAP_UPDATE_ELEM prog_array name=sys_exit_submit map_fd=17 map_id=367 key=88 prog_fd=188 prog_id=210 flags=0 ret=0 errno=0
[567.028731 pid=12507 tid=12519] native-loader jit-info prog_array-target fd=188 id=210 type=17 name=sys_exit_submit tag=0e933856cf851791 jited_len=11237 xlated_len=17896 nr_jited_ksyms=1 ksym0=0xffffffffc040b394 ksym1=0x0
[567.028803 pid=12507 tid=12519] BPF_MAP_UPDATE_ELEM prog_array name=sys_exit_submit map_fd=17 map_id=367 key=89 prog_fd=188 prog_id=210 flags=0 ret=0 errno=0
[567.028870 pid=12507 tid=12519] native-loader jit-info prog_array-target fd=188 id=210 type=17 name=sys_exit_submit tag=0e933856cf851791 jited_len=11237 xlated_len=17896 nr_jited_ksyms=1 ksym0=0xffffffffc040b394 ksym1=0x0
[567.028943 pid=12507 tid=12519] BPF_MAP_UPDATE_ELEM prog_array name=sys_exit_submit map_fd=17 map_id=367 key=90 prog_fd=188 prog_id=210 flags=0 ret=0 errno=0
[567.029009 pid=12507 tid=12519] native-loader jit-info prog_array-target fd=188 id=210 type=17 name=sys_exit_submit tag=0e933856cf851791 jited_len=11237 xlated_len=17896 nr_jited_ksyms=1 ksym0=0xffffffffc040b394 ksym1=0x0
[567.029084 pid=12507 tid=12519] BPF_MAP_UPDATE_ELEM prog_array name=sys_exit_submit map_fd=17 map_id=367 key=91 prog_fd=188 prog_id=210 flags=0 ret=0 errno=0
[567.029152 pid=12507 tid=12519] native-loader jit-info prog_array-target fd=188 id=210 type=17 name=sys_exit_submit tag=0e933856cf851791 jited_len=11237 xlated_len=17896 nr_jited_ksyms=1 ksym0=0xffffffffc040b394 ksym1=0x0
[567.029224 pid=12507 tid=12519] BPF_MAP_UPDATE_ELEM prog_array name=sys_exit_submit map_fd=17 map_id=367 key=92 prog_fd=188 prog_id=210 flags=0 ret=0 errno=0
[567.029291 pid=12507 tid=12519] native-loader jit-info prog_array-target fd=188 id=210 type=17 name=sys_exit_submit tag=0e933856cf851791 jited_len=11237 xlated_len=17896 nr_jited_ksyms=1 ksym0=0xffffffffc040b394 ksym1=0x0
[567.029364 pid=12507 tid=12519] BPF_MAP_UPDATE_ELEM prog_array name=sys_exit_submit map_fd=17 map_id=367 key=93 prog_fd=188 prog_id=210 flags=0 ret=0 errno=0
[567.029430 pid=12507 tid=12519] native-loader jit-info prog_array-target fd=188 id=210 type=17 name=sys_exit_submit tag=0e933856cf851791 jited_len=11237 xlated_len=17896 nr_jited_ksyms=1 ksym0=0xffffffffc040b394 ksym1=0x0
[567.029503 pid=12507 tid=12519] BPF_MAP_UPDATE_ELEM prog_array name=sys_exit_submit map_fd=17 map_id=367 key=94 prog_fd=188 prog_id=210 flags=0 ret=0 errno=0
[567.029571 pid=12507 tid=12519] native-loader jit-info prog_array-target fd=188 id=210 type=17 name=sys_exit_submit tag=0e933856cf851791 jited_len=11237 xlated_len=17896 nr_jited_ksyms=1 ksym0=0xffffffffc040b394 ksym1=0x0
[567.029643 pid=12507 tid=12519] BPF_MAP_UPDATE_ELEM prog_array name=sys_exit_submit map_fd=17 map_id=367 key=95 prog_fd=188 prog_id=210 flags=0 ret=0 errno=0
[567.029711 pid=12507 tid=12519] native-loader jit-info prog_array-target fd=188 id=210 type=17 name=sys_exit_submit tag=0e933856cf851791 jited_len=11237 xlated_len=17896 nr_jited_ksyms=1 ksym0=0xffffffffc040b394 ksym1=0x0
[567.029784 pid=12507 tid=12519] BPF_MAP_UPDATE_ELEM prog_array name=sys_exit_submit map_fd=17 map_id=367 key=96 prog_fd=188 prog_id=210 flags=0 ret=0 errno=0
[567.029851 pid=12507 tid=12519] native-loader jit-info prog_array-target fd=188 id=210 type=17 name=sys_exit_submit tag=0e933856cf851791 jited_len=11237 xlated_len=17896 nr_jited_ksyms=1 ksym0=0xffffffffc040b394 ksym1=0x0
[567.029923 pid=12507 tid=12519] BPF_MAP_UPDATE_ELEM prog_array name=sys_exit_submit map_fd=17 map_id=367 key=97 prog_fd=188 prog_id=210 flags=0 ret=0 errno=0
[567.029990 pid=12507 tid=12519] native-loader jit-info prog_array-target fd=188 id=210 type=17 name=sys_exit_submit tag=0e933856cf851791 jited_len=11237 xlated_len=17896 nr_jited_ksyms=1 ksym0=0xffffffffc040b394 ksym1=0x0
[567.030063 pid=12507 tid=12519] BPF_MAP_UPDATE_ELEM prog_array name=sys_exit_submit map_fd=17 map_id=367 key=98 prog_fd=188 prog_id=210 flags=0 ret=0 errno=0
[567.030132 pid=12507 tid=12519] native-loader jit-info prog_array-target fd=188 id=210 type=17 name=sys_exit_submit tag=0e933856cf851791 jited_len=11237 xlated_len=17896 nr_jited_ksyms=1 ksym0=0xffffffffc040b394 ksym1=0x0
[567.030205 pid=12507 tid=12519] BPF_MAP_UPDATE_ELEM prog_array name=sys_exit_submit map_fd=17 map_id=367 key=99 prog_fd=188 prog_id=210 flags=0 ret=0 errno=0
[567.030273 pid=12507 tid=12519] native-loader jit-info prog_array-target fd=188 id=210 type=17 name=sys_exit_submit tag=0e933856cf851791 jited_len=11237 xlated_len=17896 nr_jited_ksyms=1 ksym0=0xffffffffc040b394 ksym1=0x0
[567.030345 pid=12507 tid=12519] BPF_MAP_UPDATE_ELEM prog_array name=sys_exit_submit map_fd=17 map_id=367 key=100 prog_fd=188 prog_id=210 flags=0 ret=0 errno=0
[567.030413 pid=12507 tid=12519] native-loader jit-info prog_array-target fd=188 id=210 type=17 name=sys_exit_submit tag=0e933856cf851791 jited_len=11237 xlated_len=17896 nr_jited_ksyms=1 ksym0=0xffffffffc040b394 ksym1=0x0
[567.030486 pid=12507 tid=12519] BPF_MAP_UPDATE_ELEM prog_array name=sys_exit_submit map_fd=17 map_id=367 key=102 prog_fd=188 prog_id=210 flags=0 ret=0 errno=0
[567.030552 pid=12507 tid=12519] native-loader jit-info prog_array-target fd=188 id=210 type=17 name=sys_exit_submit tag=0e933856cf851791 jited_len=11237 xlated_len=17896 nr_jited_ksyms=1 ksym0=0xffffffffc040b394 ksym1=0x0
[567.030625 pid=12507 tid=12519] BPF_MAP_UPDATE_ELEM prog_array name=sys_exit_submit map_fd=17 map_id=367 key=103 prog_fd=188 prog_id=210 flags=0 ret=0 errno=0
[567.030692 pid=12507 tid=12519] native-loader jit-info prog_array-target fd=188 id=210 type=17 name=sys_exit_submit tag=0e933856cf851791 jited_len=11237 xlated_len=17896 nr_jited_ksyms=1 ksym0=0xffffffffc040b394 ksym1=0x0
[567.030765 pid=12507 tid=12519] BPF_MAP_UPDATE_ELEM prog_array name=sys_exit_submit map_fd=17 map_id=367 key=104 prog_fd=188 prog_id=210 flags=0 ret=0 errno=0
[567.030833 pid=12507 tid=12519] native-loader jit-info prog_array-target fd=188 id=210 type=17 name=sys_exit_submit tag=0e933856cf851791 jited_len=11237 xlated_len=17896 nr_jited_ksyms=1 ksym0=0xffffffffc040b394 ksym1=0x0
[567.030906 pid=12507 tid=12519] BPF_MAP_UPDATE_ELEM prog_array name=sys_exit_submit map_fd=17 map_id=367 key=105 prog_fd=188 prog_id=210 flags=0 ret=0 errno=0
[567.030973 pid=12507 tid=12519] native-loader jit-info prog_array-target fd=188 id=210 type=17 name=sys_exit_submit tag=0e933856cf851791 jited_len=11237 xlated_len=17896 nr_jited_ksyms=1 ksym0=0xffffffffc040b394 ksym1=0x0
[567.031046 pid=12507 tid=12519] BPF_MAP_UPDATE_ELEM prog_array name=sys_exit_submit map_fd=17 map_id=367 key=106 prog_fd=188 prog_id=210 flags=0 ret=0 errno=0
[567.031116 pid=12507 tid=12519] native-loader jit-info prog_array-target fd=188 id=210 type=17 name=sys_exit_submit tag=0e933856cf851791 jited_len=11237 xlated_len=17896 nr_jited_ksyms=1 ksym0=0xffffffffc040b394 ksym1=0x0
[567.031188 pid=12507 tid=12519] BPF_MAP_UPDATE_ELEM prog_array name=sys_exit_submit map_fd=17 map_id=367 key=107 prog_fd=188 prog_id=210 flags=0 ret=0 errno=0
[567.031256 pid=12507 tid=12519] native-loader jit-info prog_array-target fd=188 id=210 type=17 name=sys_exit_submit tag=0e933856cf851791 jited_len=11237 xlated_len=17896 nr_jited_ksyms=1 ksym0=0xffffffffc040b394 ksym1=0x0
[567.031329 pid=12507 tid=12519] BPF_MAP_UPDATE_ELEM prog_array name=sys_exit_submit map_fd=17 map_id=367 key=108 prog_fd=188 prog_id=210 flags=0 ret=0 errno=0
[567.031396 pid=12507 tid=12519] native-loader jit-info prog_array-target fd=188 id=210 type=17 name=sys_exit_submit tag=0e933856cf851791 jited_len=11237 xlated_len=17896 nr_jited_ksyms=1 ksym0=0xffffffffc040b394 ksym1=0x0
[567.031469 pid=12507 tid=12519] BPF_MAP_UPDATE_ELEM prog_array name=sys_exit_submit map_fd=17 map_id=367 key=109 prog_fd=188 prog_id=210 flags=0 ret=0 errno=0
[567.031536 pid=12507 tid=12519] native-loader jit-info prog_array-target fd=188 id=210 type=17 name=sys_exit_submit tag=0e933856cf851791 jited_len=11237 xlated_len=17896 nr_jited_ksyms=1 ksym0=0xffffffffc040b394 ksym1=0x0
[567.031609 pid=12507 tid=12519] BPF_MAP_UPDATE_ELEM prog_array name=sys_exit_submit map_fd=17 map_id=367 key=110 prog_fd=188 prog_id=210 flags=0 ret=0 errno=0
[567.031676 pid=12507 tid=12519] native-loader jit-info prog_array-target fd=188 id=210 type=17 name=sys_exit_submit tag=0e933856cf851791 jited_len=11237 xlated_len=17896 nr_jited_ksyms=1 ksym0=0xffffffffc040b394 ksym1=0x0
[567.031750 pid=12507 tid=12519] BPF_MAP_UPDATE_ELEM prog_array name=sys_exit_submit map_fd=17 map_id=367 key=111 prog_fd=188 prog_id=210 flags=0 ret=0 errno=0
[567.031817 pid=12507 tid=12519] native-loader jit-info prog_array-target fd=188 id=210 type=17 name=sys_exit_submit tag=0e933856cf851791 jited_len=11237 xlated_len=17896 nr_jited_ksyms=1 ksym0=0xffffffffc040b394 ksym1=0x0
[567.031888 pid=12507 tid=12519] BPF_MAP_UPDATE_ELEM prog_array name=sys_exit_submit map_fd=17 map_id=367 key=112 prog_fd=188 prog_id=210 flags=0 ret=0 errno=0
[567.031956 pid=12507 tid=12519] native-loader jit-info prog_array-target fd=188 id=210 type=17 name=sys_exit_submit tag=0e933856cf851791 jited_len=11237 xlated_len=17896 nr_jited_ksyms=1 ksym0=0xffffffffc040b394 ksym1=0x0
[567.032029 pid=12507 tid=12519] BPF_MAP_UPDATE_ELEM prog_array name=sys_exit_submit map_fd=17 map_id=367 key=113 prog_fd=188 prog_id=210 flags=0 ret=0 errno=0
[567.032097 pid=12507 tid=12519] native-loader jit-info prog_array-target fd=188 id=210 type=17 name=sys_exit_submit tag=0e933856cf851791 jited_len=11237 xlated_len=17896 nr_jited_ksyms=1 ksym0=0xffffffffc040b394 ksym1=0x0
[567.032170 pid=12507 tid=12519] BPF_MAP_UPDATE_ELEM prog_array name=sys_exit_submit map_fd=17 map_id=367 key=114 prog_fd=188 prog_id=210 flags=0 ret=0 errno=0
[567.032237 pid=12507 tid=12519] native-loader jit-info prog_array-target fd=188 id=210 type=17 name=sys_exit_submit tag=0e933856cf851791 jited_len=11237 xlated_len=17896 nr_jited_ksyms=1 ksym0=0xffffffffc040b394 ksym1=0x0
[567.032309 pid=12507 tid=12519] BPF_MAP_UPDATE_ELEM prog_array name=sys_exit_submit map_fd=17 map_id=367 key=115 prog_fd=188 prog_id=210 flags=0 ret=0 errno=0
[567.032377 pid=12507 tid=12519] native-loader jit-info prog_array-target fd=188 id=210 type=17 name=sys_exit_submit tag=0e933856cf851791 jited_len=11237 xlated_len=17896 nr_jited_ksyms=1 ksym0=0xffffffffc040b394 ksym1=0x0
[567.032449 pid=12507 tid=12519] BPF_MAP_UPDATE_ELEM prog_array name=sys_exit_submit map_fd=17 map_id=367 key=116 prog_fd=188 prog_id=210 flags=0 ret=0 errno=0
[567.032516 pid=12507 tid=12519] native-loader jit-info prog_array-target fd=188 id=210 type=17 name=sys_exit_submit tag=0e933856cf851791 jited_len=11237 xlated_len=17896 nr_jited_ksyms=1 ksym0=0xffffffffc040b394 ksym1=0x0
[567.032588 pid=12507 tid=12519] BPF_MAP_UPDATE_ELEM prog_array name=sys_exit_submit map_fd=17 map_id=367 key=117 prog_fd=188 prog_id=210 flags=0 ret=0 errno=0
[567.032656 pid=12507 tid=12519] native-loader jit-info prog_array-target fd=188 id=210 type=17 name=sys_exit_submit tag=0e933856cf851791 jited_len=11237 xlated_len=17896 nr_jited_ksyms=1 ksym0=0xffffffffc040b394 ksym1=0x0
[567.032728 pid=12507 tid=12519] BPF_MAP_UPDATE_ELEM prog_array name=sys_exit_submit map_fd=17 map_id=367 key=118 prog_fd=188 prog_id=210 flags=0 ret=0 errno=0
[567.032796 pid=12507 tid=12519] native-loader jit-info prog_array-target fd=188 id=210 type=17 name=sys_exit_submit tag=0e933856cf851791 jited_len=11237 xlated_len=17896 nr_jited_ksyms=1 ksym0=0xffffffffc040b394 ksym1=0x0
[567.032868 pid=12507 tid=12519] BPF_MAP_UPDATE_ELEM prog_array name=sys_exit_submit map_fd=17 map_id=367 key=119 prog_fd=188 prog_id=210 flags=0 ret=0 errno=0
[567.032936 pid=12507 tid=12519] native-loader jit-info prog_array-target fd=188 id=210 type=17 name=sys_exit_submit tag=0e933856cf851791 jited_len=11237 xlated_len=17896 nr_jited_ksyms=1 ksym0=0xffffffffc040b394 ksym1=0x0
[567.033008 pid=12507 tid=12519] BPF_MAP_UPDATE_ELEM prog_array name=sys_exit_submit map_fd=17 map_id=367 key=120 prog_fd=188 prog_id=210 flags=0 ret=0 errno=0
[567.033078 pid=12507 tid=12519] native-loader jit-info prog_array-target fd=188 id=210 type=17 name=sys_exit_submit tag=0e933856cf851791 jited_len=11237 xlated_len=17896 nr_jited_ksyms=1 ksym0=0xffffffffc040b394 ksym1=0x0
[567.033151 pid=12507 tid=12519] BPF_MAP_UPDATE_ELEM prog_array name=sys_exit_submit map_fd=17 map_id=367 key=121 prog_fd=188 prog_id=210 flags=0 ret=0 errno=0
[567.033219 pid=12507 tid=12519] native-loader jit-info prog_array-target fd=188 id=210 type=17 name=sys_exit_submit tag=0e933856cf851791 jited_len=11237 xlated_len=17896 nr_jited_ksyms=1 ksym0=0xffffffffc040b394 ksym1=0x0
[567.033292 pid=12507 tid=12519] BPF_MAP_UPDATE_ELEM prog_array name=sys_exit_submit map_fd=17 map_id=367 key=122 prog_fd=188 prog_id=210 flags=0 ret=0 errno=0
[567.033359 pid=12507 tid=12519] native-loader jit-info prog_array-target fd=188 id=210 type=17 name=sys_exit_submit tag=0e933856cf851791 jited_len=11237 xlated_len=17896 nr_jited_ksyms=1 ksym0=0xffffffffc040b394 ksym1=0x0
[567.033432 pid=12507 tid=12519] BPF_MAP_UPDATE_ELEM prog_array name=sys_exit_submit map_fd=17 map_id=367 key=123 prog_fd=188 prog_id=210 flags=0 ret=0 errno=0
[567.033499 pid=12507 tid=12519] native-loader jit-info prog_array-target fd=188 id=210 type=17 name=sys_exit_submit tag=0e933856cf851791 jited_len=11237 xlated_len=17896 nr_jited_ksyms=1 ksym0=0xffffffffc040b394 ksym1=0x0
[567.033572 pid=12507 tid=12519] BPF_MAP_UPDATE_ELEM prog_array name=sys_exit_submit map_fd=17 map_id=367 key=124 prog_fd=188 prog_id=210 flags=0 ret=0 errno=0
[567.033639 pid=12507 tid=12519] native-loader jit-info prog_array-target fd=188 id=210 type=17 name=sys_exit_submit tag=0e933856cf851791 jited_len=11237 xlated_len=17896 nr_jited_ksyms=1 ksym0=0xffffffffc040b394 ksym1=0x0
[567.033712 pid=12507 tid=12519] BPF_MAP_UPDATE_ELEM prog_array name=sys_exit_submit map_fd=17 map_id=367 key=125 prog_fd=188 prog_id=210 flags=0 ret=0 errno=0
[567.033779 pid=12507 tid=12519] native-loader jit-info prog_array-target fd=188 id=210 type=17 name=sys_exit_submit tag=0e933856cf851791 jited_len=11237 xlated_len=17896 nr_jited_ksyms=1 ksym0=0xffffffffc040b394 ksym1=0x0
[567.033851 pid=12507 tid=12519] BPF_MAP_UPDATE_ELEM prog_array name=sys_exit_submit map_fd=17 map_id=367 key=126 prog_fd=188 prog_id=210 flags=0 ret=0 errno=0
[567.033918 pid=12507 tid=12519] native-loader jit-info prog_array-target fd=188 id=210 type=17 name=sys_exit_submit tag=0e933856cf851791 jited_len=11237 xlated_len=17896 nr_jited_ksyms=1 ksym0=0xffffffffc040b394 ksym1=0x0
[567.033991 pid=12507 tid=12519] BPF_MAP_UPDATE_ELEM prog_array name=sys_exit_submit map_fd=17 map_id=367 key=127 prog_fd=188 prog_id=210 flags=0 ret=0 errno=0
[567.034058 pid=12507 tid=12519] native-loader jit-info prog_array-target fd=188 id=210 type=17 name=sys_exit_submit tag=0e933856cf851791 jited_len=11237 xlated_len=17896 nr_jited_ksyms=1 ksym0=0xffffffffc040b394 ksym1=0x0
[567.034133 pid=12507 tid=12519] BPF_MAP_UPDATE_ELEM prog_array name=sys_exit_submit map_fd=17 map_id=367 key=128 prog_fd=188 prog_id=210 flags=0 ret=0 errno=0
[567.034201 pid=12507 tid=12519] native-loader jit-info prog_array-target fd=188 id=210 type=17 name=sys_exit_submit tag=0e933856cf851791 jited_len=11237 xlated_len=17896 nr_jited_ksyms=1 ksym0=0xffffffffc040b394 ksym1=0x0
[567.034274 pid=12507 tid=12519] BPF_MAP_UPDATE_ELEM prog_array name=sys_exit_submit map_fd=17 map_id=367 key=129 prog_fd=188 prog_id=210 flags=0 ret=0 errno=0
[567.034340 pid=12507 tid=12519] native-loader jit-info prog_array-target fd=188 id=210 type=17 name=sys_exit_submit tag=0e933856cf851791 jited_len=11237 xlated_len=17896 nr_jited_ksyms=1 ksym0=0xffffffffc040b394 ksym1=0x0
[567.034413 pid=12507 tid=12519] BPF_MAP_UPDATE_ELEM prog_array name=sys_exit_submit map_fd=17 map_id=367 key=130 prog_fd=188 prog_id=210 flags=0 ret=0 errno=0
[567.034481 pid=12507 tid=12519] native-loader jit-info prog_array-target fd=188 id=210 type=17 name=sys_exit_submit tag=0e933856cf851791 jited_len=11237 xlated_len=17896 nr_jited_ksyms=1 ksym0=0xffffffffc040b394 ksym1=0x0
[567.034553 pid=12507 tid=12519] BPF_MAP_UPDATE_ELEM prog_array name=sys_exit_submit map_fd=17 map_id=367 key=131 prog_fd=188 prog_id=210 flags=0 ret=0 errno=0
[567.034620 pid=12507 tid=12519] native-loader jit-info prog_array-target fd=188 id=210 type=17 name=sys_exit_submit tag=0e933856cf851791 jited_len=11237 xlated_len=17896 nr_jited_ksyms=1 ksym0=0xffffffffc040b394 ksym1=0x0
[567.034693 pid=12507 tid=12519] BPF_MAP_UPDATE_ELEM prog_array name=sys_exit_submit map_fd=17 map_id=367 key=132 prog_fd=188 prog_id=210 flags=0 ret=0 errno=0
[567.034760 pid=12507 tid=12519] native-loader jit-info prog_array-target fd=188 id=210 type=17 name=sys_exit_submit tag=0e933856cf851791 jited_len=11237 xlated_len=17896 nr_jited_ksyms=1 ksym0=0xffffffffc040b394 ksym1=0x0
[567.034832 pid=12507 tid=12519] BPF_MAP_UPDATE_ELEM prog_array name=sys_exit_submit map_fd=17 map_id=367 key=133 prog_fd=188 prog_id=210 flags=0 ret=0 errno=0
[567.034899 pid=12507 tid=12519] native-loader jit-info prog_array-target fd=188 id=210 type=17 name=sys_exit_submit tag=0e933856cf851791 jited_len=11237 xlated_len=17896 nr_jited_ksyms=1 ksym0=0xffffffffc040b394 ksym1=0x0
[567.034972 pid=12507 tid=12519] BPF_MAP_UPDATE_ELEM prog_array name=sys_exit_submit map_fd=17 map_id=367 key=134 prog_fd=188 prog_id=210 flags=0 ret=0 errno=0
[567.035039 pid=12507 tid=12519] native-loader jit-info prog_array-target fd=188 id=210 type=17 name=sys_exit_submit tag=0e933856cf851791 jited_len=11237 xlated_len=17896 nr_jited_ksyms=1 ksym0=0xffffffffc040b394 ksym1=0x0
[567.035115 pid=12507 tid=12519] BPF_MAP_UPDATE_ELEM prog_array name=sys_exit_submit map_fd=17 map_id=367 key=135 prog_fd=188 prog_id=210 flags=0 ret=0 errno=0
[567.035182 pid=12507 tid=12519] native-loader jit-info prog_array-target fd=188 id=210 type=17 name=sys_exit_submit tag=0e933856cf851791 jited_len=11237 xlated_len=17896 nr_jited_ksyms=1 ksym0=0xffffffffc040b394 ksym1=0x0
[567.035255 pid=12507 tid=12519] BPF_MAP_UPDATE_ELEM prog_array name=sys_exit_submit map_fd=17 map_id=367 key=136 prog_fd=188 prog_id=210 flags=0 ret=0 errno=0
[567.035323 pid=12507 tid=12519] native-loader jit-info prog_array-target fd=188 id=210 type=17 name=sys_exit_submit tag=0e933856cf851791 jited_len=11237 xlated_len=17896 nr_jited_ksyms=1 ksym0=0xffffffffc040b394 ksym1=0x0
[567.035395 pid=12507 tid=12519] BPF_MAP_UPDATE_ELEM prog_array name=sys_exit_submit map_fd=17 map_id=367 key=137 prog_fd=188 prog_id=210 flags=0 ret=0 errno=0
[567.035463 pid=12507 tid=12519] native-loader jit-info prog_array-target fd=188 id=210 type=17 name=sys_exit_submit tag=0e933856cf851791 jited_len=11237 xlated_len=17896 nr_jited_ksyms=1 ksym0=0xffffffffc040b394 ksym1=0x0
[567.035535 pid=12507 tid=12519] BPF_MAP_UPDATE_ELEM prog_array name=sys_exit_submit map_fd=17 map_id=367 key=138 prog_fd=188 prog_id=210 flags=0 ret=0 errno=0
[567.035603 pid=12507 tid=12519] native-loader jit-info prog_array-target fd=188 id=210 type=17 name=sys_exit_submit tag=0e933856cf851791 jited_len=11237 xlated_len=17896 nr_jited_ksyms=1 ksym0=0xffffffffc040b394 ksym1=0x0
[567.035676 pid=12507 tid=12519] BPF_MAP_UPDATE_ELEM prog_array name=sys_exit_submit map_fd=17 map_id=367 key=139 prog_fd=188 prog_id=210 flags=0 ret=0 errno=0
[567.035743 pid=12507 tid=12519] native-loader jit-info prog_array-target fd=188 id=210 type=17 name=sys_exit_submit tag=0e933856cf851791 jited_len=11237 xlated_len=17896 nr_jited_ksyms=1 ksym0=0xffffffffc040b394 ksym1=0x0
[567.035817 pid=12507 tid=12519] BPF_MAP_UPDATE_ELEM prog_array name=sys_exit_submit map_fd=17 map_id=367 key=140 prog_fd=188 prog_id=210 flags=0 ret=0 errno=0
[567.035884 pid=12507 tid=12519] native-loader jit-info prog_array-target fd=188 id=210 type=17 name=sys_exit_submit tag=0e933856cf851791 jited_len=11237 xlated_len=17896 nr_jited_ksyms=1 ksym0=0xffffffffc040b394 ksym1=0x0
[567.035957 pid=12507 tid=12519] BPF_MAP_UPDATE_ELEM prog_array name=sys_exit_submit map_fd=17 map_id=367 key=141 prog_fd=188 prog_id=210 flags=0 ret=0 errno=0
[567.036026 pid=12507 tid=12519] native-loader jit-info prog_array-target fd=188 id=210 type=17 name=sys_exit_submit tag=0e933856cf851791 jited_len=11237 xlated_len=17896 nr_jited_ksyms=1 ksym0=0xffffffffc040b394 ksym1=0x0
[567.036102 pid=12507 tid=12519] BPF_MAP_UPDATE_ELEM prog_array name=sys_exit_submit map_fd=17 map_id=367 key=142 prog_fd=188 prog_id=210 flags=0 ret=0 errno=0
[567.036197 pid=12507 tid=12519] native-loader jit-info prog_array-target fd=188 id=210 type=17 name=sys_exit_submit tag=0e933856cf851791 jited_len=11237 xlated_len=17896 nr_jited_ksyms=1 ksym0=0xffffffffc040b394 ksym1=0x0
[567.036271 pid=12507 tid=12519] BPF_MAP_UPDATE_ELEM prog_array name=sys_exit_submit map_fd=17 map_id=367 key=143 prog_fd=188 prog_id=210 flags=0 ret=0 errno=0
[567.036337 pid=12507 tid=12519] native-loader jit-info prog_array-target fd=188 id=210 type=17 name=sys_exit_submit tag=0e933856cf851791 jited_len=11237 xlated_len=17896 nr_jited_ksyms=1 ksym0=0xffffffffc040b394 ksym1=0x0
[567.036411 pid=12507 tid=12519] BPF_MAP_UPDATE_ELEM prog_array name=sys_exit_submit map_fd=17 map_id=367 key=144 prog_fd=188 prog_id=210 flags=0 ret=0 errno=0
[567.036477 pid=12507 tid=12519] native-loader jit-info prog_array-target fd=188 id=210 type=17 name=sys_exit_submit tag=0e933856cf851791 jited_len=11237 xlated_len=17896 nr_jited_ksyms=1 ksym0=0xffffffffc040b394 ksym1=0x0
[567.036550 pid=12507 tid=12519] BPF_MAP_UPDATE_ELEM prog_array name=sys_exit_submit map_fd=17 map_id=367 key=145 prog_fd=188 prog_id=210 flags=0 ret=0 errno=0
[567.036617 pid=12507 tid=12519] native-loader jit-info prog_array-target fd=188 id=210 type=17 name=sys_exit_submit tag=0e933856cf851791 jited_len=11237 xlated_len=17896 nr_jited_ksyms=1 ksym0=0xffffffffc040b394 ksym1=0x0
[567.036690 pid=12507 tid=12519] BPF_MAP_UPDATE_ELEM prog_array name=sys_exit_submit map_fd=17 map_id=367 key=146 prog_fd=188 prog_id=210 flags=0 ret=0 errno=0
[567.036757 pid=12507 tid=12519] native-loader jit-info prog_array-target fd=188 id=210 type=17 name=sys_exit_submit tag=0e933856cf851791 jited_len=11237 xlated_len=17896 nr_jited_ksyms=1 ksym0=0xffffffffc040b394 ksym1=0x0
[567.036831 pid=12507 tid=12519] BPF_MAP_UPDATE_ELEM prog_array name=sys_exit_submit map_fd=17 map_id=367 key=147 prog_fd=188 prog_id=210 flags=0 ret=0 errno=0
[567.036899 pid=12507 tid=12519] native-loader jit-info prog_array-target fd=188 id=210 type=17 name=sys_exit_submit tag=0e933856cf851791 jited_len=11237 xlated_len=17896 nr_jited_ksyms=1 ksym0=0xffffffffc040b394 ksym1=0x0
[567.036971 pid=12507 tid=12519] BPF_MAP_UPDATE_ELEM prog_array name=sys_exit_submit map_fd=17 map_id=367 key=148 prog_fd=188 prog_id=210 flags=0 ret=0 errno=0
[567.037038 pid=12507 tid=12519] native-loader jit-info prog_array-target fd=188 id=210 type=17 name=sys_exit_submit tag=0e933856cf851791 jited_len=11237 xlated_len=17896 nr_jited_ksyms=1 ksym0=0xffffffffc040b394 ksym1=0x0
[567.037113 pid=12507 tid=12519] BPF_MAP_UPDATE_ELEM prog_array name=sys_exit_submit map_fd=17 map_id=367 key=149 prog_fd=188 prog_id=210 flags=0 ret=0 errno=0
[567.037180 pid=12507 tid=12519] native-loader jit-info prog_array-target fd=188 id=210 type=17 name=sys_exit_submit tag=0e933856cf851791 jited_len=11237 xlated_len=17896 nr_jited_ksyms=1 ksym0=0xffffffffc040b394 ksym1=0x0
[567.037254 pid=12507 tid=12519] BPF_MAP_UPDATE_ELEM prog_array name=sys_exit_submit map_fd=17 map_id=367 key=150 prog_fd=188 prog_id=210 flags=0 ret=0 errno=0
[567.037321 pid=12507 tid=12519] native-loader jit-info prog_array-target fd=188 id=210 type=17 name=sys_exit_submit tag=0e933856cf851791 jited_len=11237 xlated_len=17896 nr_jited_ksyms=1 ksym0=0xffffffffc040b394 ksym1=0x0
[567.037394 pid=12507 tid=12519] BPF_MAP_UPDATE_ELEM prog_array name=sys_exit_submit map_fd=17 map_id=367 key=151 prog_fd=188 prog_id=210 flags=0 ret=0 errno=0
[567.037462 pid=12507 tid=12519] native-loader jit-info prog_array-target fd=188 id=210 type=17 name=sys_exit_submit tag=0e933856cf851791 jited_len=11237 xlated_len=17896 nr_jited_ksyms=1 ksym0=0xffffffffc040b394 ksym1=0x0
[567.037535 pid=12507 tid=12519] BPF_MAP_UPDATE_ELEM prog_array name=sys_exit_submit map_fd=17 map_id=367 key=152 prog_fd=188 prog_id=210 flags=0 ret=0 errno=0
[567.037603 pid=12507 tid=12519] native-loader jit-info prog_array-target fd=188 id=210 type=17 name=sys_exit_submit tag=0e933856cf851791 jited_len=11237 xlated_len=17896 nr_jited_ksyms=1 ksym0=0xffffffffc040b394 ksym1=0x0
[567.037675 pid=12507 tid=12519] BPF_MAP_UPDATE_ELEM prog_array name=sys_exit_submit map_fd=17 map_id=367 key=153 prog_fd=188 prog_id=210 flags=0 ret=0 errno=0
[567.037742 pid=12507 tid=12519] native-loader jit-info prog_array-target fd=188 id=210 type=17 name=sys_exit_submit tag=0e933856cf851791 jited_len=11237 xlated_len=17896 nr_jited_ksyms=1 ksym0=0xffffffffc040b394 ksym1=0x0
[567.037815 pid=12507 tid=12519] BPF_MAP_UPDATE_ELEM prog_array name=sys_exit_submit map_fd=17 map_id=367 key=154 prog_fd=188 prog_id=210 flags=0 ret=0 errno=0
[567.037881 pid=12507 tid=12519] native-loader jit-info prog_array-target fd=188 id=210 type=17 name=sys_exit_submit tag=0e933856cf851791 jited_len=11237 xlated_len=17896 nr_jited_ksyms=1 ksym0=0xffffffffc040b394 ksym1=0x0
[567.037956 pid=12507 tid=12519] BPF_MAP_UPDATE_ELEM prog_array name=sys_exit_submit map_fd=17 map_id=367 key=155 prog_fd=188 prog_id=210 flags=0 ret=0 errno=0
[567.038022 pid=12507 tid=12519] native-loader jit-info prog_array-target fd=188 id=210 type=17 name=sys_exit_submit tag=0e933856cf851791 jited_len=11237 xlated_len=17896 nr_jited_ksyms=1 ksym0=0xffffffffc040b394 ksym1=0x0
[567.038097 pid=12507 tid=12519] BPF_MAP_UPDATE_ELEM prog_array name=sys_exit_submit map_fd=17 map_id=367 key=156 prog_fd=188 prog_id=210 flags=0 ret=0 errno=0
[567.038165 pid=12507 tid=12519] native-loader jit-info prog_array-target fd=188 id=210 type=17 name=sys_exit_submit tag=0e933856cf851791 jited_len=11237 xlated_len=17896 nr_jited_ksyms=1 ksym0=0xffffffffc040b394 ksym1=0x0
[567.038238 pid=12507 tid=12519] BPF_MAP_UPDATE_ELEM prog_array name=sys_exit_submit map_fd=17 map_id=367 key=157 prog_fd=188 prog_id=210 flags=0 ret=0 errno=0
[567.038305 pid=12507 tid=12519] native-loader jit-info prog_array-target fd=188 id=210 type=17 name=sys_exit_submit tag=0e933856cf851791 jited_len=11237 xlated_len=17896 nr_jited_ksyms=1 ksym0=0xffffffffc040b394 ksym1=0x0
[567.038407 pid=12507 tid=12519] BPF_MAP_UPDATE_ELEM prog_array name=sys_exit_submit map_fd=17 map_id=367 key=159 prog_fd=188 prog_id=210 flags=0 ret=0 errno=0
[567.038503 pid=12507 tid=12519] native-loader jit-info prog_array-target fd=188 id=210 type=17 name=sys_exit_submit tag=0e933856cf851791 jited_len=11237 xlated_len=17896 nr_jited_ksyms=1 ksym0=0xffffffffc040b394 ksym1=0x0
[567.038605 pid=12507 tid=12519] BPF_MAP_UPDATE_ELEM prog_array name=sys_exit_submit map_fd=17 map_id=367 key=160 prog_fd=188 prog_id=210 flags=0 ret=0 errno=0
[567.038672 pid=12507 tid=12519] native-loader jit-info prog_array-target fd=188 id=210 type=17 name=sys_exit_submit tag=0e933856cf851791 jited_len=11237 xlated_len=17896 nr_jited_ksyms=1 ksym0=0xffffffffc040b394 ksym1=0x0
[567.038746 pid=12507 tid=12519] BPF_MAP_UPDATE_ELEM prog_array name=sys_exit_submit map_fd=17 map_id=367 key=161 prog_fd=188 prog_id=210 flags=0 ret=0 errno=0
[567.038813 pid=12507 tid=12519] native-loader jit-info prog_array-target fd=188 id=210 type=17 name=sys_exit_submit tag=0e933856cf851791 jited_len=11237 xlated_len=17896 nr_jited_ksyms=1 ksym0=0xffffffffc040b394 ksym1=0x0
[567.038885 pid=12507 tid=12519] BPF_MAP_UPDATE_ELEM prog_array name=sys_exit_submit map_fd=17 map_id=367 key=162 prog_fd=188 prog_id=210 flags=0 ret=0 errno=0
[567.038953 pid=12507 tid=12519] native-loader jit-info prog_array-target fd=188 id=210 type=17 name=sys_exit_submit tag=0e933856cf851791 jited_len=11237 xlated_len=17896 nr_jited_ksyms=1 ksym0=0xffffffffc040b394 ksym1=0x0
[567.039026 pid=12507 tid=12519] BPF_MAP_UPDATE_ELEM prog_array name=sys_exit_submit map_fd=17 map_id=367 key=163 prog_fd=188 prog_id=210 flags=0 ret=0 errno=0
[567.039096 pid=12507 tid=12519] native-loader jit-info prog_array-target fd=188 id=210 type=17 name=sys_exit_submit tag=0e933856cf851791 jited_len=11237 xlated_len=17896 nr_jited_ksyms=1 ksym0=0xffffffffc040b394 ksym1=0x0
[567.039168 pid=12507 tid=12519] BPF_MAP_UPDATE_ELEM prog_array name=sys_exit_submit map_fd=17 map_id=367 key=164 prog_fd=188 prog_id=210 flags=0 ret=0 errno=0
[567.039311 pid=12507 tid=12519] native-loader jit-info prog_array-target fd=188 id=210 type=17 name=sys_exit_submit tag=0e933856cf851791 jited_len=11237 xlated_len=17896 nr_jited_ksyms=1 ksym0=0xffffffffc040b394 ksym1=0x0
[567.039407 pid=12507 tid=12519] BPF_MAP_UPDATE_ELEM prog_array name=sys_exit_submit map_fd=17 map_id=367 key=165 prog_fd=188 prog_id=210 flags=0 ret=0 errno=0
[567.039491 pid=12507 tid=12519] native-loader jit-info prog_array-target fd=188 id=210 type=17 name=sys_exit_submit tag=0e933856cf851791 jited_len=11237 xlated_len=17896 nr_jited_ksyms=1 ksym0=0xffffffffc040b394 ksym1=0x0
[567.039581 pid=12507 tid=12519] BPF_MAP_UPDATE_ELEM prog_array name=sys_exit_submit map_fd=17 map_id=367 key=166 prog_fd=188 prog_id=210 flags=0 ret=0 errno=0
[567.039666 pid=12507 tid=12519] native-loader jit-info prog_array-target fd=188 id=210 type=17 name=sys_exit_submit tag=0e933856cf851791 jited_len=11237 xlated_len=17896 nr_jited_ksyms=1 ksym0=0xffffffffc040b394 ksym1=0x0
[567.039756 pid=12507 tid=12519] BPF_MAP_UPDATE_ELEM prog_array name=sys_exit_submit map_fd=17 map_id=367 key=167 prog_fd=188 prog_id=210 flags=0 ret=0 errno=0
[567.039841 pid=12507 tid=12519] native-loader jit-info prog_array-target fd=188 id=210 type=17 name=sys_exit_submit tag=0e933856cf851791 jited_len=11237 xlated_len=17896 nr_jited_ksyms=1 ksym0=0xffffffffc040b394 ksym1=0x0
[567.039931 pid=12507 tid=12519] BPF_MAP_UPDATE_ELEM prog_array name=sys_exit_submit map_fd=17 map_id=367 key=168 prog_fd=188 prog_id=210 flags=0 ret=0 errno=0
[567.040016 pid=12507 tid=12519] native-loader jit-info prog_array-target fd=188 id=210 type=17 name=sys_exit_submit tag=0e933856cf851791 jited_len=11237 xlated_len=17896 nr_jited_ksyms=1 ksym0=0xffffffffc040b394 ksym1=0x0
[567.040111 pid=12507 tid=12519] BPF_MAP_UPDATE_ELEM prog_array name=sys_exit_submit map_fd=17 map_id=367 key=169 prog_fd=188 prog_id=210 flags=0 ret=0 errno=0
[567.040195 pid=12507 tid=12519] native-loader jit-info prog_array-target fd=188 id=210 type=17 name=sys_exit_submit tag=0e933856cf851791 jited_len=11237 xlated_len=17896 nr_jited_ksyms=1 ksym0=0xffffffffc040b394 ksym1=0x0
[567.040285 pid=12507 tid=12519] BPF_MAP_UPDATE_ELEM prog_array name=sys_exit_submit map_fd=17 map_id=367 key=170 prog_fd=188 prog_id=210 flags=0 ret=0 errno=0
[567.040369 pid=12507 tid=12519] native-loader jit-info prog_array-target fd=188 id=210 type=17 name=sys_exit_submit tag=0e933856cf851791 jited_len=11237 xlated_len=17896 nr_jited_ksyms=1 ksym0=0xffffffffc040b394 ksym1=0x0
[567.040458 pid=12507 tid=12519] BPF_MAP_UPDATE_ELEM prog_array name=sys_exit_submit map_fd=17 map_id=367 key=171 prog_fd=188 prog_id=210 flags=0 ret=0 errno=0
[567.040542 pid=12507 tid=12519] native-loader jit-info prog_array-target fd=188 id=210 type=17 name=sys_exit_submit tag=0e933856cf851791 jited_len=11237 xlated_len=17896 nr_jited_ksyms=1 ksym0=0xffffffffc040b394 ksym1=0x0
[567.040632 pid=12507 tid=12519] BPF_MAP_UPDATE_ELEM prog_array name=sys_exit_submit map_fd=17 map_id=367 key=172 prog_fd=188 prog_id=210 flags=0 ret=0 errno=0
[567.040716 pid=12507 tid=12519] native-loader jit-info prog_array-target fd=188 id=210 type=17 name=sys_exit_submit tag=0e933856cf851791 jited_len=11237 xlated_len=17896 nr_jited_ksyms=1 ksym0=0xffffffffc040b394 ksym1=0x0
[567.040806 pid=12507 tid=12519] BPF_MAP_UPDATE_ELEM prog_array name=sys_exit_submit map_fd=17 map_id=367 key=173 prog_fd=188 prog_id=210 flags=0 ret=0 errno=0
[567.040890 pid=12507 tid=12519] native-loader jit-info prog_array-target fd=188 id=210 type=17 name=sys_exit_submit tag=0e933856cf851791 jited_len=11237 xlated_len=17896 nr_jited_ksyms=1 ksym0=0xffffffffc040b394 ksym1=0x0
[567.040980 pid=12507 tid=12519] BPF_MAP_UPDATE_ELEM prog_array name=sys_exit_submit map_fd=17 map_id=367 key=174 prog_fd=188 prog_id=210 flags=0 ret=0 errno=0
[567.041064 pid=12507 tid=12519] native-loader jit-info prog_array-target fd=188 id=210 type=17 name=sys_exit_submit tag=0e933856cf851791 jited_len=11237 xlated_len=17896 nr_jited_ksyms=1 ksym0=0xffffffffc040b394 ksym1=0x0
[567.041156 pid=12507 tid=12519] BPF_MAP_UPDATE_ELEM prog_array name=sys_exit_submit map_fd=17 map_id=367 key=175 prog_fd=188 prog_id=210 flags=0 ret=0 errno=0
[567.041240 pid=12507 tid=12519] native-loader jit-info prog_array-target fd=188 id=210 type=17 name=sys_exit_submit tag=0e933856cf851791 jited_len=11237 xlated_len=17896 nr_jited_ksyms=1 ksym0=0xffffffffc040b394 ksym1=0x0
[567.041329 pid=12507 tid=12519] BPF_MAP_UPDATE_ELEM prog_array name=sys_exit_submit map_fd=17 map_id=367 key=176 prog_fd=188 prog_id=210 flags=0 ret=0 errno=0
[567.041414 pid=12507 tid=12519] native-loader jit-info prog_array-target fd=188 id=210 type=17 name=sys_exit_submit tag=0e933856cf851791 jited_len=11237 xlated_len=17896 nr_jited_ksyms=1 ksym0=0xffffffffc040b394 ksym1=0x0
[567.041504 pid=12507 tid=12519] BPF_MAP_UPDATE_ELEM prog_array name=sys_exit_submit map_fd=17 map_id=367 key=177 prog_fd=188 prog_id=210 flags=0 ret=0 errno=0
[567.041588 pid=12507 tid=12519] native-loader jit-info prog_array-target fd=188 id=210 type=17 name=sys_exit_submit tag=0e933856cf851791 jited_len=11237 xlated_len=17896 nr_jited_ksyms=1 ksym0=0xffffffffc040b394 ksym1=0x0
[567.041678 pid=12507 tid=12519] BPF_MAP_UPDATE_ELEM prog_array name=sys_exit_submit map_fd=17 map_id=367 key=178 prog_fd=188 prog_id=210 flags=0 ret=0 errno=0
[567.041763 pid=12507 tid=12519] native-loader jit-info prog_array-target fd=188 id=210 type=17 name=sys_exit_submit tag=0e933856cf851791 jited_len=11237 xlated_len=17896 nr_jited_ksyms=1 ksym0=0xffffffffc040b394 ksym1=0x0
[567.041853 pid=12507 tid=12519] BPF_MAP_UPDATE_ELEM prog_array name=sys_exit_submit map_fd=17 map_id=367 key=179 prog_fd=188 prog_id=210 flags=0 ret=0 errno=0
[567.041938 pid=12507 tid=12519] native-loader jit-info prog_array-target fd=188 id=210 type=17 name=sys_exit_submit tag=0e933856cf851791 jited_len=11237 xlated_len=17896 nr_jited_ksyms=1 ksym0=0xffffffffc040b394 ksym1=0x0
[567.042028 pid=12507 tid=12519] BPF_MAP_UPDATE_ELEM prog_array name=sys_exit_submit map_fd=17 map_id=367 key=180 prog_fd=188 prog_id=210 flags=0 ret=0 errno=0
[567.042113 pid=12507 tid=12519] native-loader jit-info prog_array-target fd=188 id=210 type=17 name=sys_exit_submit tag=0e933856cf851791 jited_len=11237 xlated_len=17896 nr_jited_ksyms=1 ksym0=0xffffffffc040b394 ksym1=0x0
[567.042203 pid=12507 tid=12519] BPF_MAP_UPDATE_ELEM prog_array name=sys_exit_submit map_fd=17 map_id=367 key=181 prog_fd=188 prog_id=210 flags=0 ret=0 errno=0
[567.042287 pid=12507 tid=12519] native-loader jit-info prog_array-target fd=188 id=210 type=17 name=sys_exit_submit tag=0e933856cf851791 jited_len=11237 xlated_len=17896 nr_jited_ksyms=1 ksym0=0xffffffffc040b394 ksym1=0x0
[567.042377 pid=12507 tid=12519] BPF_MAP_UPDATE_ELEM prog_array name=sys_exit_submit map_fd=17 map_id=367 key=182 prog_fd=188 prog_id=210 flags=0 ret=0 errno=0
[567.042462 pid=12507 tid=12519] native-loader jit-info prog_array-target fd=188 id=210 type=17 name=sys_exit_submit tag=0e933856cf851791 jited_len=11237 xlated_len=17896 nr_jited_ksyms=1 ksym0=0xffffffffc040b394 ksym1=0x0
[567.042553 pid=12507 tid=12519] BPF_MAP_UPDATE_ELEM prog_array name=sys_exit_submit map_fd=17 map_id=367 key=183 prog_fd=188 prog_id=210 flags=0 ret=0 errno=0
[567.042637 pid=12507 tid=12519] native-loader jit-info prog_array-target fd=188 id=210 type=17 name=sys_exit_submit tag=0e933856cf851791 jited_len=11237 xlated_len=17896 nr_jited_ksyms=1 ksym0=0xffffffffc040b394 ksym1=0x0
[567.042727 pid=12507 tid=12519] BPF_MAP_UPDATE_ELEM prog_array name=sys_exit_submit map_fd=17 map_id=367 key=184 prog_fd=188 prog_id=210 flags=0 ret=0 errno=0
[567.042811 pid=12507 tid=12519] native-loader jit-info prog_array-target fd=188 id=210 type=17 name=sys_exit_submit tag=0e933856cf851791 jited_len=11237 xlated_len=17896 nr_jited_ksyms=1 ksym0=0xffffffffc040b394 ksym1=0x0
[567.042901 pid=12507 tid=12519] BPF_MAP_UPDATE_ELEM prog_array name=sys_exit_submit map_fd=17 map_id=367 key=185 prog_fd=188 prog_id=210 flags=0 ret=0 errno=0
[567.042985 pid=12507 tid=12519] native-loader jit-info prog_array-target fd=188 id=210 type=17 name=sys_exit_submit tag=0e933856cf851791 jited_len=11237 xlated_len=17896 nr_jited_ksyms=1 ksym0=0xffffffffc040b394 ksym1=0x0
[567.043078 pid=12507 tid=12519] BPF_MAP_UPDATE_ELEM prog_array name=sys_exit_submit map_fd=17 map_id=367 key=186 prog_fd=188 prog_id=210 flags=0 ret=0 errno=0
[567.043161 pid=12507 tid=12519] native-loader jit-info prog_array-target fd=188 id=210 type=17 name=sys_exit_submit tag=0e933856cf851791 jited_len=11237 xlated_len=17896 nr_jited_ksyms=1 ksym0=0xffffffffc040b394 ksym1=0x0
[567.043251 pid=12507 tid=12519] BPF_MAP_UPDATE_ELEM prog_array name=sys_exit_submit map_fd=17 map_id=367 key=187 prog_fd=188 prog_id=210 flags=0 ret=0 errno=0
[567.043335 pid=12507 tid=12519] native-loader jit-info prog_array-target fd=188 id=210 type=17 name=sys_exit_submit tag=0e933856cf851791 jited_len=11237 xlated_len=17896 nr_jited_ksyms=1 ksym0=0xffffffffc040b394 ksym1=0x0
[567.043425 pid=12507 tid=12519] BPF_MAP_UPDATE_ELEM prog_array name=sys_exit_submit map_fd=17 map_id=367 key=188 prog_fd=188 prog_id=210 flags=0 ret=0 errno=0
[567.043509 pid=12507 tid=12519] native-loader jit-info prog_array-target fd=188 id=210 type=17 name=sys_exit_submit tag=0e933856cf851791 jited_len=11237 xlated_len=17896 nr_jited_ksyms=1 ksym0=0xffffffffc040b394 ksym1=0x0
[567.043598 pid=12507 tid=12519] BPF_MAP_UPDATE_ELEM prog_array name=sys_exit_submit map_fd=17 map_id=367 key=189 prog_fd=188 prog_id=210 flags=0 ret=0 errno=0
[567.043683 pid=12507 tid=12519] native-loader jit-info prog_array-target fd=188 id=210 type=17 name=sys_exit_submit tag=0e933856cf851791 jited_len=11237 xlated_len=17896 nr_jited_ksyms=1 ksym0=0xffffffffc040b394 ksym1=0x0
[567.043772 pid=12507 tid=12519] BPF_MAP_UPDATE_ELEM prog_array name=sys_exit_submit map_fd=17 map_id=367 key=190 prog_fd=188 prog_id=210 flags=0 ret=0 errno=0
[567.043856 pid=12507 tid=12519] native-loader jit-info prog_array-target fd=188 id=210 type=17 name=sys_exit_submit tag=0e933856cf851791 jited_len=11237 xlated_len=17896 nr_jited_ksyms=1 ksym0=0xffffffffc040b394 ksym1=0x0
[567.043946 pid=12507 tid=12519] BPF_MAP_UPDATE_ELEM prog_array name=sys_exit_submit map_fd=17 map_id=367 key=191 prog_fd=188 prog_id=210 flags=0 ret=0 errno=0
[567.044030 pid=12507 tid=12519] native-loader jit-info prog_array-target fd=188 id=210 type=17 name=sys_exit_submit tag=0e933856cf851791 jited_len=11237 xlated_len=17896 nr_jited_ksyms=1 ksym0=0xffffffffc040b394 ksym1=0x0
[567.044122 pid=12507 tid=12519] BPF_MAP_UPDATE_ELEM prog_array name=sys_exit_submit map_fd=17 map_id=367 key=192 prog_fd=188 prog_id=210 flags=0 ret=0 errno=0
[567.044207 pid=12507 tid=12519] native-loader jit-info prog_array-target fd=188 id=210 type=17 name=sys_exit_submit tag=0e933856cf851791 jited_len=11237 xlated_len=17896 nr_jited_ksyms=1 ksym0=0xffffffffc040b394 ksym1=0x0
[567.044298 pid=12507 tid=12519] BPF_MAP_UPDATE_ELEM prog_array name=sys_exit_submit map_fd=17 map_id=367 key=193 prog_fd=188 prog_id=210 flags=0 ret=0 errno=0
[567.044382 pid=12507 tid=12519] native-loader jit-info prog_array-target fd=188 id=210 type=17 name=sys_exit_submit tag=0e933856cf851791 jited_len=11237 xlated_len=17896 nr_jited_ksyms=1 ksym0=0xffffffffc040b394 ksym1=0x0
[567.044473 pid=12507 tid=12519] BPF_MAP_UPDATE_ELEM prog_array name=sys_exit_submit map_fd=17 map_id=367 key=194 prog_fd=188 prog_id=210 flags=0 ret=0 errno=0
[567.044556 pid=12507 tid=12519] native-loader jit-info prog_array-target fd=188 id=210 type=17 name=sys_exit_submit tag=0e933856cf851791 jited_len=11237 xlated_len=17896 nr_jited_ksyms=1 ksym0=0xffffffffc040b394 ksym1=0x0
[567.044646 pid=12507 tid=12519] BPF_MAP_UPDATE_ELEM prog_array name=sys_exit_submit map_fd=17 map_id=367 key=195 prog_fd=188 prog_id=210 flags=0 ret=0 errno=0
[567.044731 pid=12507 tid=12519] native-loader jit-info prog_array-target fd=188 id=210 type=17 name=sys_exit_submit tag=0e933856cf851791 jited_len=11237 xlated_len=17896 nr_jited_ksyms=1 ksym0=0xffffffffc040b394 ksym1=0x0
[567.044821 pid=12507 tid=12519] BPF_MAP_UPDATE_ELEM prog_array name=sys_exit_submit map_fd=17 map_id=367 key=196 prog_fd=188 prog_id=210 flags=0 ret=0 errno=0
[567.044905 pid=12507 tid=12519] native-loader jit-info prog_array-target fd=188 id=210 type=17 name=sys_exit_submit tag=0e933856cf851791 jited_len=11237 xlated_len=17896 nr_jited_ksyms=1 ksym0=0xffffffffc040b394 ksym1=0x0
[567.044995 pid=12507 tid=12519] BPF_MAP_UPDATE_ELEM prog_array name=sys_exit_submit map_fd=17 map_id=367 key=197 prog_fd=188 prog_id=210 flags=0 ret=0 errno=0
[567.045081 pid=12507 tid=12519] native-loader jit-info prog_array-target fd=188 id=210 type=17 name=sys_exit_submit tag=0e933856cf851791 jited_len=11237 xlated_len=17896 nr_jited_ksyms=1 ksym0=0xffffffffc040b394 ksym1=0x0
[567.045170 pid=12507 tid=12519] BPF_MAP_UPDATE_ELEM prog_array name=sys_exit_submit map_fd=17 map_id=367 key=198 prog_fd=188 prog_id=210 flags=0 ret=0 errno=0
[567.045255 pid=12507 tid=12519] native-loader jit-info prog_array-target fd=188 id=210 type=17 name=sys_exit_submit tag=0e933856cf851791 jited_len=11237 xlated_len=17896 nr_jited_ksyms=1 ksym0=0xffffffffc040b394 ksym1=0x0
[567.045344 pid=12507 tid=12519] BPF_MAP_UPDATE_ELEM prog_array name=sys_exit_submit map_fd=17 map_id=367 key=199 prog_fd=188 prog_id=210 flags=0 ret=0 errno=0
[567.045428 pid=12507 tid=12519] native-loader jit-info prog_array-target fd=188 id=210 type=17 name=sys_exit_submit tag=0e933856cf851791 jited_len=11237 xlated_len=17896 nr_jited_ksyms=1 ksym0=0xffffffffc040b394 ksym1=0x0
[567.045518 pid=12507 tid=12519] BPF_MAP_UPDATE_ELEM prog_array name=sys_exit_submit map_fd=17 map_id=367 key=200 prog_fd=188 prog_id=210 flags=0 ret=0 errno=0
[567.045602 pid=12507 tid=12519] native-loader jit-info prog_array-target fd=188 id=210 type=17 name=sys_exit_submit tag=0e933856cf851791 jited_len=11237 xlated_len=17896 nr_jited_ksyms=1 ksym0=0xffffffffc040b394 ksym1=0x0
[567.045691 pid=12507 tid=12519] BPF_MAP_UPDATE_ELEM prog_array name=sys_exit_submit map_fd=17 map_id=367 key=201 prog_fd=188 prog_id=210 flags=0 ret=0 errno=0
[567.045775 pid=12507 tid=12519] native-loader jit-info prog_array-target fd=188 id=210 type=17 name=sys_exit_submit tag=0e933856cf851791 jited_len=11237 xlated_len=17896 nr_jited_ksyms=1 ksym0=0xffffffffc040b394 ksym1=0x0
[567.045865 pid=12507 tid=12519] BPF_MAP_UPDATE_ELEM prog_array name=sys_exit_submit map_fd=17 map_id=367 key=202 prog_fd=188 prog_id=210 flags=0 ret=0 errno=0
[567.045949 pid=12507 tid=12519] native-loader jit-info prog_array-target fd=188 id=210 type=17 name=sys_exit_submit tag=0e933856cf851791 jited_len=11237 xlated_len=17896 nr_jited_ksyms=1 ksym0=0xffffffffc040b394 ksym1=0x0
[567.046039 pid=12507 tid=12519] BPF_MAP_UPDATE_ELEM prog_array name=sys_exit_submit map_fd=17 map_id=367 key=203 prog_fd=188 prog_id=210 flags=0 ret=0 errno=0
[567.046125 pid=12507 tid=12519] native-loader jit-info prog_array-target fd=188 id=210 type=17 name=sys_exit_submit tag=0e933856cf851791 jited_len=11237 xlated_len=17896 nr_jited_ksyms=1 ksym0=0xffffffffc040b394 ksym1=0x0
[567.046215 pid=12507 tid=12519] BPF_MAP_UPDATE_ELEM prog_array name=sys_exit_submit map_fd=17 map_id=367 key=204 prog_fd=188 prog_id=210 flags=0 ret=0 errno=0
[567.046300 pid=12507 tid=12519] native-loader jit-info prog_array-target fd=188 id=210 type=17 name=sys_exit_submit tag=0e933856cf851791 jited_len=11237 xlated_len=17896 nr_jited_ksyms=1 ksym0=0xffffffffc040b394 ksym1=0x0
[567.046390 pid=12507 tid=12519] BPF_MAP_UPDATE_ELEM prog_array name=sys_exit_submit map_fd=17 map_id=367 key=205 prog_fd=188 prog_id=210 flags=0 ret=0 errno=0
[567.046474 pid=12507 tid=12519] native-loader jit-info prog_array-target fd=188 id=210 type=17 name=sys_exit_submit tag=0e933856cf851791 jited_len=11237 xlated_len=17896 nr_jited_ksyms=1 ksym0=0xffffffffc040b394 ksym1=0x0
[567.046565 pid=12507 tid=12519] BPF_MAP_UPDATE_ELEM prog_array name=sys_exit_submit map_fd=17 map_id=367 key=206 prog_fd=188 prog_id=210 flags=0 ret=0 errno=0
[567.046649 pid=12507 tid=12519] native-loader jit-info prog_array-target fd=188 id=210 type=17 name=sys_exit_submit tag=0e933856cf851791 jited_len=11237 xlated_len=17896 nr_jited_ksyms=1 ksym0=0xffffffffc040b394 ksym1=0x0
[567.046738 pid=12507 tid=12519] BPF_MAP_UPDATE_ELEM prog_array name=sys_exit_submit map_fd=17 map_id=367 key=207 prog_fd=188 prog_id=210 flags=0 ret=0 errno=0
[567.046822 pid=12507 tid=12519] native-loader jit-info prog_array-target fd=188 id=210 type=17 name=sys_exit_submit tag=0e933856cf851791 jited_len=11237 xlated_len=17896 nr_jited_ksyms=1 ksym0=0xffffffffc040b394 ksym1=0x0
[567.046911 pid=12507 tid=12519] BPF_MAP_UPDATE_ELEM prog_array name=sys_exit_submit map_fd=17 map_id=367 key=208 prog_fd=188 prog_id=210 flags=0 ret=0 errno=0
[567.046996 pid=12507 tid=12519] native-loader jit-info prog_array-target fd=188 id=210 type=17 name=sys_exit_submit tag=0e933856cf851791 jited_len=11237 xlated_len=17896 nr_jited_ksyms=1 ksym0=0xffffffffc040b394 ksym1=0x0
[567.047087 pid=12507 tid=12519] BPF_MAP_UPDATE_ELEM prog_array name=sys_exit_submit map_fd=17 map_id=367 key=209 prog_fd=188 prog_id=210 flags=0 ret=0 errno=0
[567.047171 pid=12507 tid=12519] native-loader jit-info prog_array-target fd=188 id=210 type=17 name=sys_exit_submit tag=0e933856cf851791 jited_len=11237 xlated_len=17896 nr_jited_ksyms=1 ksym0=0xffffffffc040b394 ksym1=0x0
[567.047260 pid=12507 tid=12519] BPF_MAP_UPDATE_ELEM prog_array name=sys_exit_submit map_fd=17 map_id=367 key=210 prog_fd=188 prog_id=210 flags=0 ret=0 errno=0
[567.047344 pid=12507 tid=12519] native-loader jit-info prog_array-target fd=188 id=210 type=17 name=sys_exit_submit tag=0e933856cf851791 jited_len=11237 xlated_len=17896 nr_jited_ksyms=1 ksym0=0xffffffffc040b394 ksym1=0x0
[567.047433 pid=12507 tid=12519] BPF_MAP_UPDATE_ELEM prog_array name=sys_exit_submit map_fd=17 map_id=367 key=211 prog_fd=188 prog_id=210 flags=0 ret=0 errno=0
[567.047518 pid=12507 tid=12519] native-loader jit-info prog_array-target fd=188 id=210 type=17 name=sys_exit_submit tag=0e933856cf851791 jited_len=11237 xlated_len=17896 nr_jited_ksyms=1 ksym0=0xffffffffc040b394 ksym1=0x0
[567.047607 pid=12507 tid=12519] BPF_MAP_UPDATE_ELEM prog_array name=sys_exit_submit map_fd=17 map_id=367 key=212 prog_fd=188 prog_id=210 flags=0 ret=0 errno=0
[567.047691 pid=12507 tid=12519] native-loader jit-info prog_array-target fd=188 id=210 type=17 name=sys_exit_submit tag=0e933856cf851791 jited_len=11237 xlated_len=17896 nr_jited_ksyms=1 ksym0=0xffffffffc040b394 ksym1=0x0
[567.047781 pid=12507 tid=12519] BPF_MAP_UPDATE_ELEM prog_array name=sys_exit_submit map_fd=17 map_id=367 key=213 prog_fd=188 prog_id=210 flags=0 ret=0 errno=0
[567.047864 pid=12507 tid=12519] native-loader jit-info prog_array-target fd=188 id=210 type=17 name=sys_exit_submit tag=0e933856cf851791 jited_len=11237 xlated_len=17896 nr_jited_ksyms=1 ksym0=0xffffffffc040b394 ksym1=0x0
[567.047953 pid=12507 tid=12519] BPF_MAP_UPDATE_ELEM prog_array name=sys_exit_submit map_fd=17 map_id=367 key=214 prog_fd=188 prog_id=210 flags=0 ret=0 errno=0
[567.048037 pid=12507 tid=12519] native-loader jit-info prog_array-target fd=188 id=210 type=17 name=sys_exit_submit tag=0e933856cf851791 jited_len=11237 xlated_len=17896 nr_jited_ksyms=1 ksym0=0xffffffffc040b394 ksym1=0x0
[567.048129 pid=12507 tid=12519] BPF_MAP_UPDATE_ELEM prog_array name=sys_exit_submit map_fd=17 map_id=367 key=215 prog_fd=188 prog_id=210 flags=0 ret=0 errno=0
[567.048214 pid=12507 tid=12519] native-loader jit-info prog_array-target fd=188 id=210 type=17 name=sys_exit_submit tag=0e933856cf851791 jited_len=11237 xlated_len=17896 nr_jited_ksyms=1 ksym0=0xffffffffc040b394 ksym1=0x0
[567.048304 pid=12507 tid=12519] BPF_MAP_UPDATE_ELEM prog_array name=sys_exit_submit map_fd=17 map_id=367 key=216 prog_fd=188 prog_id=210 flags=0 ret=0 errno=0
[567.048389 pid=12507 tid=12519] native-loader jit-info prog_array-target fd=188 id=210 type=17 name=sys_exit_submit tag=0e933856cf851791 jited_len=11237 xlated_len=17896 nr_jited_ksyms=1 ksym0=0xffffffffc040b394 ksym1=0x0
[567.048478 pid=12507 tid=12519] BPF_MAP_UPDATE_ELEM prog_array name=sys_exit_submit map_fd=17 map_id=367 key=217 prog_fd=188 prog_id=210 flags=0 ret=0 errno=0
[567.048562 pid=12507 tid=12519] native-loader jit-info prog_array-target fd=188 id=210 type=17 name=sys_exit_submit tag=0e933856cf851791 jited_len=11237 xlated_len=17896 nr_jited_ksyms=1 ksym0=0xffffffffc040b394 ksym1=0x0
[567.048651 pid=12507 tid=12519] BPF_MAP_UPDATE_ELEM prog_array name=sys_exit_submit map_fd=17 map_id=367 key=218 prog_fd=188 prog_id=210 flags=0 ret=0 errno=0
[567.048734 pid=12507 tid=12519] native-loader jit-info prog_array-target fd=188 id=210 type=17 name=sys_exit_submit tag=0e933856cf851791 jited_len=11237 xlated_len=17896 nr_jited_ksyms=1 ksym0=0xffffffffc040b394 ksym1=0x0
[567.048824 pid=12507 tid=12519] BPF_MAP_UPDATE_ELEM prog_array name=sys_exit_submit map_fd=17 map_id=367 key=219 prog_fd=188 prog_id=210 flags=0 ret=0 errno=0
[567.048908 pid=12507 tid=12519] native-loader jit-info prog_array-target fd=188 id=210 type=17 name=sys_exit_submit tag=0e933856cf851791 jited_len=11237 xlated_len=17896 nr_jited_ksyms=1 ksym0=0xffffffffc040b394 ksym1=0x0
[567.048998 pid=12507 tid=12519] BPF_MAP_UPDATE_ELEM prog_array name=sys_exit_submit map_fd=17 map_id=367 key=220 prog_fd=188 prog_id=210 flags=0 ret=0 errno=0
[567.049083 pid=12507 tid=12519] native-loader jit-info prog_array-target fd=188 id=210 type=17 name=sys_exit_submit tag=0e933856cf851791 jited_len=11237 xlated_len=17896 nr_jited_ksyms=1 ksym0=0xffffffffc040b394 ksym1=0x0
[567.049173 pid=12507 tid=12519] BPF_MAP_UPDATE_ELEM prog_array name=sys_exit_submit map_fd=17 map_id=367 key=221 prog_fd=188 prog_id=210 flags=0 ret=0 errno=0
[567.049258 pid=12507 tid=12519] native-loader jit-info prog_array-target fd=188 id=210 type=17 name=sys_exit_submit tag=0e933856cf851791 jited_len=11237 xlated_len=17896 nr_jited_ksyms=1 ksym0=0xffffffffc040b394 ksym1=0x0
[567.049347 pid=12507 tid=12519] BPF_MAP_UPDATE_ELEM prog_array name=sys_exit_submit map_fd=17 map_id=367 key=222 prog_fd=188 prog_id=210 flags=0 ret=0 errno=0
[567.049432 pid=12507 tid=12519] native-loader jit-info prog_array-target fd=188 id=210 type=17 name=sys_exit_submit tag=0e933856cf851791 jited_len=11237 xlated_len=17896 nr_jited_ksyms=1 ksym0=0xffffffffc040b394 ksym1=0x0
[567.049521 pid=12507 tid=12519] BPF_MAP_UPDATE_ELEM prog_array name=sys_exit_submit map_fd=17 map_id=367 key=223 prog_fd=188 prog_id=210 flags=0 ret=0 errno=0
[567.049606 pid=12507 tid=12519] native-loader jit-info prog_array-target fd=188 id=210 type=17 name=sys_exit_submit tag=0e933856cf851791 jited_len=11237 xlated_len=17896 nr_jited_ksyms=1 ksym0=0xffffffffc040b394 ksym1=0x0
[567.049695 pid=12507 tid=12519] BPF_MAP_UPDATE_ELEM prog_array name=sys_exit_submit map_fd=17 map_id=367 key=224 prog_fd=188 prog_id=210 flags=0 ret=0 errno=0
[567.049779 pid=12507 tid=12519] native-loader jit-info prog_array-target fd=188 id=210 type=17 name=sys_exit_submit tag=0e933856cf851791 jited_len=11237 xlated_len=17896 nr_jited_ksyms=1 ksym0=0xffffffffc040b394 ksym1=0x0
[567.049869 pid=12507 tid=12519] BPF_MAP_UPDATE_ELEM prog_array name=sys_exit_submit map_fd=17 map_id=367 key=225 prog_fd=188 prog_id=210 flags=0 ret=0 errno=0
[567.049953 pid=12507 tid=12519] native-loader jit-info prog_array-target fd=188 id=210 type=17 name=sys_exit_submit tag=0e933856cf851791 jited_len=11237 xlated_len=17896 nr_jited_ksyms=1 ksym0=0xffffffffc040b394 ksym1=0x0
[567.050045 pid=12507 tid=12519] BPF_MAP_UPDATE_ELEM prog_array name=sys_exit_submit map_fd=17 map_id=367 key=226 prog_fd=188 prog_id=210 flags=0 ret=0 errno=0
[567.050130 pid=12507 tid=12519] native-loader jit-info prog_array-target fd=188 id=210 type=17 name=sys_exit_submit tag=0e933856cf851791 jited_len=11237 xlated_len=17896 nr_jited_ksyms=1 ksym0=0xffffffffc040b394 ksym1=0x0
[567.050222 pid=12507 tid=12519] BPF_MAP_UPDATE_ELEM prog_array name=sys_exit_submit map_fd=17 map_id=367 key=227 prog_fd=188 prog_id=210 flags=0 ret=0 errno=0
[567.050305 pid=12507 tid=12519] native-loader jit-info prog_array-target fd=188 id=210 type=17 name=sys_exit_submit tag=0e933856cf851791 jited_len=11237 xlated_len=17896 nr_jited_ksyms=1 ksym0=0xffffffffc040b394 ksym1=0x0
[567.050396 pid=12507 tid=12519] BPF_MAP_UPDATE_ELEM prog_array name=sys_exit_submit map_fd=17 map_id=367 key=228 prog_fd=188 prog_id=210 flags=0 ret=0 errno=0
[567.050479 pid=12507 tid=12519] native-loader jit-info prog_array-target fd=188 id=210 type=17 name=sys_exit_submit tag=0e933856cf851791 jited_len=11237 xlated_len=17896 nr_jited_ksyms=1 ksym0=0xffffffffc040b394 ksym1=0x0
[567.050569 pid=12507 tid=12519] BPF_MAP_UPDATE_ELEM prog_array name=sys_exit_submit map_fd=17 map_id=367 key=229 prog_fd=188 prog_id=210 flags=0 ret=0 errno=0
[567.050653 pid=12507 tid=12519] native-loader jit-info prog_array-target fd=188 id=210 type=17 name=sys_exit_submit tag=0e933856cf851791 jited_len=11237 xlated_len=17896 nr_jited_ksyms=1 ksym0=0xffffffffc040b394 ksym1=0x0
[567.050744 pid=12507 tid=12519] BPF_MAP_UPDATE_ELEM prog_array name=sys_exit_submit map_fd=17 map_id=367 key=230 prog_fd=188 prog_id=210 flags=0 ret=0 errno=0
[567.050829 pid=12507 tid=12519] native-loader jit-info prog_array-target fd=188 id=210 type=17 name=sys_exit_submit tag=0e933856cf851791 jited_len=11237 xlated_len=17896 nr_jited_ksyms=1 ksym0=0xffffffffc040b394 ksym1=0x0
[567.050919 pid=12507 tid=12519] BPF_MAP_UPDATE_ELEM prog_array name=sys_exit_submit map_fd=17 map_id=367 key=231 prog_fd=188 prog_id=210 flags=0 ret=0 errno=0
[567.051002 pid=12507 tid=12519] native-loader jit-info prog_array-target fd=188 id=210 type=17 name=sys_exit_submit tag=0e933856cf851791 jited_len=11237 xlated_len=17896 nr_jited_ksyms=1 ksym0=0xffffffffc040b394 ksym1=0x0
[567.051094 pid=12507 tid=12519] BPF_MAP_UPDATE_ELEM prog_array name=sys_exit_submit map_fd=17 map_id=367 key=232 prog_fd=188 prog_id=210 flags=0 ret=0 errno=0
[567.051178 pid=12507 tid=12519] native-loader jit-info prog_array-target fd=188 id=210 type=17 name=sys_exit_submit tag=0e933856cf851791 jited_len=11237 xlated_len=17896 nr_jited_ksyms=1 ksym0=0xffffffffc040b394 ksym1=0x0
[567.051267 pid=12507 tid=12519] BPF_MAP_UPDATE_ELEM prog_array name=sys_exit_submit map_fd=17 map_id=367 key=233 prog_fd=188 prog_id=210 flags=0 ret=0 errno=0
[567.051351 pid=12507 tid=12519] native-loader jit-info prog_array-target fd=188 id=210 type=17 name=sys_exit_submit tag=0e933856cf851791 jited_len=11237 xlated_len=17896 nr_jited_ksyms=1 ksym0=0xffffffffc040b394 ksym1=0x0
[567.051442 pid=12507 tid=12519] BPF_MAP_UPDATE_ELEM prog_array name=sys_exit_submit map_fd=17 map_id=367 key=234 prog_fd=188 prog_id=210 flags=0 ret=0 errno=0
[567.051526 pid=12507 tid=12519] native-loader jit-info prog_array-target fd=188 id=210 type=17 name=sys_exit_submit tag=0e933856cf851791 jited_len=11237 xlated_len=17896 nr_jited_ksyms=1 ksym0=0xffffffffc040b394 ksym1=0x0
[567.051615 pid=12507 tid=12519] BPF_MAP_UPDATE_ELEM prog_array name=sys_exit_submit map_fd=17 map_id=367 key=235 prog_fd=188 prog_id=210 flags=0 ret=0 errno=0
[567.051699 pid=12507 tid=12519] native-loader jit-info prog_array-target fd=188 id=210 type=17 name=sys_exit_submit tag=0e933856cf851791 jited_len=11237 xlated_len=17896 nr_jited_ksyms=1 ksym0=0xffffffffc040b394 ksym1=0x0
[567.051789 pid=12507 tid=12519] BPF_MAP_UPDATE_ELEM prog_array name=sys_exit_submit map_fd=17 map_id=367 key=236 prog_fd=188 prog_id=210 flags=0 ret=0 errno=0
[567.051872 pid=12507 tid=12519] native-loader jit-info prog_array-target fd=188 id=210 type=17 name=sys_exit_submit tag=0e933856cf851791 jited_len=11237 xlated_len=17896 nr_jited_ksyms=1 ksym0=0xffffffffc040b394 ksym1=0x0
[567.051962 pid=12507 tid=12519] BPF_MAP_UPDATE_ELEM prog_array name=sys_exit_submit map_fd=17 map_id=367 key=237 prog_fd=188 prog_id=210 flags=0 ret=0 errno=0
[567.052046 pid=12507 tid=12519] native-loader jit-info prog_array-target fd=188 id=210 type=17 name=sys_exit_submit tag=0e933856cf851791 jited_len=11237 xlated_len=17896 nr_jited_ksyms=1 ksym0=0xffffffffc040b394 ksym1=0x0
[567.052137 pid=12507 tid=12519] BPF_MAP_UPDATE_ELEM prog_array name=sys_exit_submit map_fd=17 map_id=367 key=238 prog_fd=188 prog_id=210 flags=0 ret=0 errno=0
[567.052220 pid=12507 tid=12519] native-loader jit-info prog_array-target fd=188 id=210 type=17 name=sys_exit_submit tag=0e933856cf851791 jited_len=11237 xlated_len=17896 nr_jited_ksyms=1 ksym0=0xffffffffc040b394 ksym1=0x0
[567.052311 pid=12507 tid=12519] BPF_MAP_UPDATE_ELEM prog_array name=sys_exit_submit map_fd=17 map_id=367 key=239 prog_fd=188 prog_id=210 flags=0 ret=0 errno=0
[567.052394 pid=12507 tid=12519] native-loader jit-info prog_array-target fd=188 id=210 type=17 name=sys_exit_submit tag=0e933856cf851791 jited_len=11237 xlated_len=17896 nr_jited_ksyms=1 ksym0=0xffffffffc040b394 ksym1=0x0
[567.052484 pid=12507 tid=12519] BPF_MAP_UPDATE_ELEM prog_array name=sys_exit_submit map_fd=17 map_id=367 key=240 prog_fd=188 prog_id=210 flags=0 ret=0 errno=0
[567.052568 pid=12507 tid=12519] native-loader jit-info prog_array-target fd=188 id=210 type=17 name=sys_exit_submit tag=0e933856cf851791 jited_len=11237 xlated_len=17896 nr_jited_ksyms=1 ksym0=0xffffffffc040b394 ksym1=0x0
[567.052658 pid=12507 tid=12519] BPF_MAP_UPDATE_ELEM prog_array name=sys_exit_submit map_fd=17 map_id=367 key=241 prog_fd=188 prog_id=210 flags=0 ret=0 errno=0
[567.052742 pid=12507 tid=12519] native-loader jit-info prog_array-target fd=188 id=210 type=17 name=sys_exit_submit tag=0e933856cf851791 jited_len=11237 xlated_len=17896 nr_jited_ksyms=1 ksym0=0xffffffffc040b394 ksym1=0x0
[567.052832 pid=12507 tid=12519] BPF_MAP_UPDATE_ELEM prog_array name=sys_exit_submit map_fd=17 map_id=367 key=242 prog_fd=188 prog_id=210 flags=0 ret=0 errno=0
[567.052916 pid=12507 tid=12519] native-loader jit-info prog_array-target fd=188 id=210 type=17 name=sys_exit_submit tag=0e933856cf851791 jited_len=11237 xlated_len=17896 nr_jited_ksyms=1 ksym0=0xffffffffc040b394 ksym1=0x0
[567.053007 pid=12507 tid=12519] BPF_MAP_UPDATE_ELEM prog_array name=sys_exit_submit map_fd=17 map_id=367 key=243 prog_fd=188 prog_id=210 flags=0 ret=0 errno=0
[567.053092 pid=12507 tid=12519] native-loader jit-info prog_array-target fd=188 id=210 type=17 name=sys_exit_submit tag=0e933856cf851791 jited_len=11237 xlated_len=17896 nr_jited_ksyms=1 ksym0=0xffffffffc040b394 ksym1=0x0
[567.053181 pid=12507 tid=12519] BPF_MAP_UPDATE_ELEM prog_array name=sys_exit_submit map_fd=17 map_id=367 key=244 prog_fd=188 prog_id=210 flags=0 ret=0 errno=0
[567.053265 pid=12507 tid=12519] native-loader jit-info prog_array-target fd=188 id=210 type=17 name=sys_exit_submit tag=0e933856cf851791 jited_len=11237 xlated_len=17896 nr_jited_ksyms=1 ksym0=0xffffffffc040b394 ksym1=0x0
[567.053355 pid=12507 tid=12519] BPF_MAP_UPDATE_ELEM prog_array name=sys_exit_submit map_fd=17 map_id=367 key=245 prog_fd=188 prog_id=210 flags=0 ret=0 errno=0
[567.053439 pid=12507 tid=12519] native-loader jit-info prog_array-target fd=188 id=210 type=17 name=sys_exit_submit tag=0e933856cf851791 jited_len=11237 xlated_len=17896 nr_jited_ksyms=1 ksym0=0xffffffffc040b394 ksym1=0x0
[567.053529 pid=12507 tid=12519] BPF_MAP_UPDATE_ELEM prog_array name=sys_exit_submit map_fd=17 map_id=367 key=246 prog_fd=188 prog_id=210 flags=0 ret=0 errno=0
[567.053612 pid=12507 tid=12519] native-loader jit-info prog_array-target fd=188 id=210 type=17 name=sys_exit_submit tag=0e933856cf851791 jited_len=11237 xlated_len=17896 nr_jited_ksyms=1 ksym0=0xffffffffc040b394 ksym1=0x0
[567.053702 pid=12507 tid=12519] BPF_MAP_UPDATE_ELEM prog_array name=sys_exit_submit map_fd=17 map_id=367 key=247 prog_fd=188 prog_id=210 flags=0 ret=0 errno=0
[567.053785 pid=12507 tid=12519] native-loader jit-info prog_array-target fd=188 id=210 type=17 name=sys_exit_submit tag=0e933856cf851791 jited_len=11237 xlated_len=17896 nr_jited_ksyms=1 ksym0=0xffffffffc040b394 ksym1=0x0
[567.053876 pid=12507 tid=12519] BPF_MAP_UPDATE_ELEM prog_array name=sys_exit_submit map_fd=17 map_id=367 key=248 prog_fd=188 prog_id=210 flags=0 ret=0 errno=0
[567.053959 pid=12507 tid=12519] native-loader jit-info prog_array-target fd=188 id=210 type=17 name=sys_exit_submit tag=0e933856cf851791 jited_len=11237 xlated_len=17896 nr_jited_ksyms=1 ksym0=0xffffffffc040b394 ksym1=0x0
[567.054049 pid=12507 tid=12519] BPF_MAP_UPDATE_ELEM prog_array name=sys_exit_submit map_fd=17 map_id=367 key=249 prog_fd=188 prog_id=210 flags=0 ret=0 errno=0
[567.054135 pid=12507 tid=12519] native-loader jit-info prog_array-target fd=188 id=210 type=17 name=sys_exit_submit tag=0e933856cf851791 jited_len=11237 xlated_len=17896 nr_jited_ksyms=1 ksym0=0xffffffffc040b394 ksym1=0x0
[567.054224 pid=12507 tid=12519] BPF_MAP_UPDATE_ELEM prog_array name=sys_exit_submit map_fd=17 map_id=367 key=250 prog_fd=188 prog_id=210 flags=0 ret=0 errno=0
[567.054308 pid=12507 tid=12519] native-loader jit-info prog_array-target fd=188 id=210 type=17 name=sys_exit_submit tag=0e933856cf851791 jited_len=11237 xlated_len=17896 nr_jited_ksyms=1 ksym0=0xffffffffc040b394 ksym1=0x0
[567.054398 pid=12507 tid=12519] BPF_MAP_UPDATE_ELEM prog_array name=sys_exit_submit map_fd=17 map_id=367 key=251 prog_fd=188 prog_id=210 flags=0 ret=0 errno=0
[567.054481 pid=12507 tid=12519] native-loader jit-info prog_array-target fd=188 id=210 type=17 name=sys_exit_submit tag=0e933856cf851791 jited_len=11237 xlated_len=17896 nr_jited_ksyms=1 ksym0=0xffffffffc040b394 ksym1=0x0
[567.054570 pid=12507 tid=12519] BPF_MAP_UPDATE_ELEM prog_array name=sys_exit_submit map_fd=17 map_id=367 key=252 prog_fd=188 prog_id=210 flags=0 ret=0 errno=0
[567.054653 pid=12507 tid=12519] native-loader jit-info prog_array-target fd=188 id=210 type=17 name=sys_exit_submit tag=0e933856cf851791 jited_len=11237 xlated_len=17896 nr_jited_ksyms=1 ksym0=0xffffffffc040b394 ksym1=0x0
[567.054743 pid=12507 tid=12519] BPF_MAP_UPDATE_ELEM prog_array name=sys_exit_submit map_fd=17 map_id=367 key=253 prog_fd=188 prog_id=210 flags=0 ret=0 errno=0
[567.054827 pid=12507 tid=12519] native-loader jit-info prog_array-target fd=188 id=210 type=17 name=sys_exit_submit tag=0e933856cf851791 jited_len=11237 xlated_len=17896 nr_jited_ksyms=1 ksym0=0xffffffffc040b394 ksym1=0x0
[567.054918 pid=12507 tid=12519] BPF_MAP_UPDATE_ELEM prog_array name=sys_exit_submit map_fd=17 map_id=367 key=254 prog_fd=188 prog_id=210 flags=0 ret=0 errno=0
[567.055002 pid=12507 tid=12519] native-loader jit-info prog_array-target fd=188 id=210 type=17 name=sys_exit_submit tag=0e933856cf851791 jited_len=11237 xlated_len=17896 nr_jited_ksyms=1 ksym0=0xffffffffc040b394 ksym1=0x0
[567.055094 pid=12507 tid=12519] BPF_MAP_UPDATE_ELEM prog_array name=sys_exit_submit map_fd=17 map_id=367 key=255 prog_fd=188 prog_id=210 flags=0 ret=0 errno=0
[567.055177 pid=12507 tid=12519] native-loader jit-info prog_array-target fd=188 id=210 type=17 name=sys_exit_submit tag=0e933856cf851791 jited_len=11237 xlated_len=17896 nr_jited_ksyms=1 ksym0=0xffffffffc040b394 ksym1=0x0
[567.055267 pid=12507 tid=12519] BPF_MAP_UPDATE_ELEM prog_array name=sys_exit_submit map_fd=17 map_id=367 key=256 prog_fd=188 prog_id=210 flags=0 ret=0 errno=0
[567.055351 pid=12507 tid=12519] native-loader jit-info prog_array-target fd=188 id=210 type=17 name=sys_exit_submit tag=0e933856cf851791 jited_len=11237 xlated_len=17896 nr_jited_ksyms=1 ksym0=0xffffffffc040b394 ksym1=0x0
[567.055440 pid=12507 tid=12519] BPF_MAP_UPDATE_ELEM prog_array name=sys_exit_submit map_fd=17 map_id=367 key=257 prog_fd=188 prog_id=210 flags=0 ret=0 errno=0
[567.055525 pid=12507 tid=12519] native-loader jit-info prog_array-target fd=188 id=210 type=17 name=sys_exit_submit tag=0e933856cf851791 jited_len=11237 xlated_len=17896 nr_jited_ksyms=1 ksym0=0xffffffffc040b394 ksym1=0x0
[567.055614 pid=12507 tid=12519] BPF_MAP_UPDATE_ELEM prog_array name=sys_exit_submit map_fd=17 map_id=367 key=258 prog_fd=188 prog_id=210 flags=0 ret=0 errno=0
[567.055699 pid=12507 tid=12519] native-loader jit-info prog_array-target fd=188 id=210 type=17 name=sys_exit_submit tag=0e933856cf851791 jited_len=11237 xlated_len=17896 nr_jited_ksyms=1 ksym0=0xffffffffc040b394 ksym1=0x0
[567.055788 pid=12507 tid=12519] BPF_MAP_UPDATE_ELEM prog_array name=sys_exit_submit map_fd=17 map_id=367 key=259 prog_fd=188 prog_id=210 flags=0 ret=0 errno=0
[567.055873 pid=12507 tid=12519] native-loader jit-info prog_array-target fd=188 id=210 type=17 name=sys_exit_submit tag=0e933856cf851791 jited_len=11237 xlated_len=17896 nr_jited_ksyms=1 ksym0=0xffffffffc040b394 ksym1=0x0
[567.055962 pid=12507 tid=12519] BPF_MAP_UPDATE_ELEM prog_array name=sys_exit_submit map_fd=17 map_id=367 key=260 prog_fd=188 prog_id=210 flags=0 ret=0 errno=0
[567.056047 pid=12507 tid=12519] native-loader jit-info prog_array-target fd=188 id=210 type=17 name=sys_exit_submit tag=0e933856cf851791 jited_len=11237 xlated_len=17896 nr_jited_ksyms=1 ksym0=0xffffffffc040b394 ksym1=0x0
[567.056141 pid=12507 tid=12519] BPF_MAP_UPDATE_ELEM prog_array name=sys_exit_submit map_fd=17 map_id=367 key=261 prog_fd=188 prog_id=210 flags=0 ret=0 errno=0
[567.056222 pid=12507 tid=12519] native-loader jit-info prog_array-target fd=188 id=210 type=17 name=sys_exit_submit tag=0e933856cf851791 jited_len=11237 xlated_len=17896 nr_jited_ksyms=1 ksym0=0xffffffffc040b394 ksym1=0x0
[567.056311 pid=12507 tid=12519] BPF_MAP_UPDATE_ELEM prog_array name=sys_exit_submit map_fd=17 map_id=367 key=262 prog_fd=188 prog_id=210 flags=0 ret=0 errno=0
[567.056396 pid=12507 tid=12519] native-loader jit-info prog_array-target fd=188 id=210 type=17 name=sys_exit_submit tag=0e933856cf851791 jited_len=11237 xlated_len=17896 nr_jited_ksyms=1 ksym0=0xffffffffc040b394 ksym1=0x0
[567.056484 pid=12507 tid=12519] BPF_MAP_UPDATE_ELEM prog_array name=sys_exit_submit map_fd=17 map_id=367 key=263 prog_fd=188 prog_id=210 flags=0 ret=0 errno=0
[567.056569 pid=12507 tid=12519] native-loader jit-info prog_array-target fd=188 id=210 type=17 name=sys_exit_submit tag=0e933856cf851791 jited_len=11237 xlated_len=17896 nr_jited_ksyms=1 ksym0=0xffffffffc040b394 ksym1=0x0
[567.056658 pid=12507 tid=12519] BPF_MAP_UPDATE_ELEM prog_array name=sys_exit_submit map_fd=17 map_id=367 key=264 prog_fd=188 prog_id=210 flags=0 ret=0 errno=0
[567.056744 pid=12507 tid=12519] native-loader jit-info prog_array-target fd=188 id=210 type=17 name=sys_exit_submit tag=0e933856cf851791 jited_len=11237 xlated_len=17896 nr_jited_ksyms=1 ksym0=0xffffffffc040b394 ksym1=0x0
[567.056832 pid=12507 tid=12519] BPF_MAP_UPDATE_ELEM prog_array name=sys_exit_submit map_fd=17 map_id=367 key=265 prog_fd=188 prog_id=210 flags=0 ret=0 errno=0
[567.056917 pid=12507 tid=12519] native-loader jit-info prog_array-target fd=188 id=210 type=17 name=sys_exit_submit tag=0e933856cf851791 jited_len=11237 xlated_len=17896 nr_jited_ksyms=1 ksym0=0xffffffffc040b394 ksym1=0x0
[567.057006 pid=12507 tid=12519] BPF_MAP_UPDATE_ELEM prog_array name=sys_exit_submit map_fd=17 map_id=367 key=266 prog_fd=188 prog_id=210 flags=0 ret=0 errno=0
[567.057092 pid=12507 tid=12519] native-loader jit-info prog_array-target fd=188 id=210 type=17 name=sys_exit_submit tag=0e933856cf851791 jited_len=11237 xlated_len=17896 nr_jited_ksyms=1 ksym0=0xffffffffc040b394 ksym1=0x0
[567.057181 pid=12507 tid=12519] BPF_MAP_UPDATE_ELEM prog_array name=sys_exit_submit map_fd=17 map_id=367 key=267 prog_fd=188 prog_id=210 flags=0 ret=0 errno=0
[567.057267 pid=12507 tid=12519] native-loader jit-info prog_array-target fd=188 id=210 type=17 name=sys_exit_submit tag=0e933856cf851791 jited_len=11237 xlated_len=17896 nr_jited_ksyms=1 ksym0=0xffffffffc040b394 ksym1=0x0
[567.057355 pid=12507 tid=12519] BPF_MAP_UPDATE_ELEM prog_array name=sys_exit_submit map_fd=17 map_id=367 key=268 prog_fd=188 prog_id=210 flags=0 ret=0 errno=0
[567.057441 pid=12507 tid=12519] native-loader jit-info prog_array-target fd=188 id=210 type=17 name=sys_exit_submit tag=0e933856cf851791 jited_len=11237 xlated_len=17896 nr_jited_ksyms=1 ksym0=0xffffffffc040b394 ksym1=0x0
[567.057531 pid=12507 tid=12519] BPF_MAP_UPDATE_ELEM prog_array name=sys_exit_submit map_fd=17 map_id=367 key=269 prog_fd=188 prog_id=210 flags=0 ret=0 errno=0
[567.057616 pid=12507 tid=12519] native-loader jit-info prog_array-target fd=188 id=210 type=17 name=sys_exit_submit tag=0e933856cf851791 jited_len=11237 xlated_len=17896 nr_jited_ksyms=1 ksym0=0xffffffffc040b394 ksym1=0x0
[567.057704 pid=12507 tid=12519] BPF_MAP_UPDATE_ELEM prog_array name=sys_exit_submit map_fd=17 map_id=367 key=270 prog_fd=188 prog_id=210 flags=0 ret=0 errno=0
[567.057789 pid=12507 tid=12519] native-loader jit-info prog_array-target fd=188 id=210 type=17 name=sys_exit_submit tag=0e933856cf851791 jited_len=11237 xlated_len=17896 nr_jited_ksyms=1 ksym0=0xffffffffc040b394 ksym1=0x0
[567.057877 pid=12507 tid=12519] BPF_MAP_UPDATE_ELEM prog_array name=sys_exit_submit map_fd=17 map_id=367 key=271 prog_fd=188 prog_id=210 flags=0 ret=0 errno=0
[567.057962 pid=12507 tid=12519] native-loader jit-info prog_array-target fd=188 id=210 type=17 name=sys_exit_submit tag=0e933856cf851791 jited_len=11237 xlated_len=17896 nr_jited_ksyms=1 ksym0=0xffffffffc040b394 ksym1=0x0
[567.058050 pid=12507 tid=12519] BPF_MAP_UPDATE_ELEM prog_array name=sys_exit_submit map_fd=17 map_id=367 key=272 prog_fd=188 prog_id=210 flags=0 ret=0 errno=0
[567.058137 pid=12507 tid=12519] native-loader jit-info prog_array-target fd=188 id=210 type=17 name=sys_exit_submit tag=0e933856cf851791 jited_len=11237 xlated_len=17896 nr_jited_ksyms=1 ksym0=0xffffffffc040b394 ksym1=0x0
[567.058226 pid=12507 tid=12519] BPF_MAP_UPDATE_ELEM prog_array name=sys_exit_submit map_fd=17 map_id=367 key=273 prog_fd=188 prog_id=210 flags=0 ret=0 errno=0
[567.058312 pid=12507 tid=12519] native-loader jit-info prog_array-target fd=188 id=210 type=17 name=sys_exit_submit tag=0e933856cf851791 jited_len=11237 xlated_len=17896 nr_jited_ksyms=1 ksym0=0xffffffffc040b394 ksym1=0x0
[567.058400 pid=12507 tid=12519] BPF_MAP_UPDATE_ELEM prog_array name=sys_exit_submit map_fd=17 map_id=367 key=274 prog_fd=188 prog_id=210 flags=0 ret=0 errno=0
[567.058485 pid=12507 tid=12519] native-loader jit-info prog_array-target fd=188 id=210 type=17 name=sys_exit_submit tag=0e933856cf851791 jited_len=11237 xlated_len=17896 nr_jited_ksyms=1 ksym0=0xffffffffc040b394 ksym1=0x0
[567.058574 pid=12507 tid=12519] BPF_MAP_UPDATE_ELEM prog_array name=sys_exit_submit map_fd=17 map_id=367 key=275 prog_fd=188 prog_id=210 flags=0 ret=0 errno=0
[567.058658 pid=12507 tid=12519] native-loader jit-info prog_array-target fd=188 id=210 type=17 name=sys_exit_submit tag=0e933856cf851791 jited_len=11237 xlated_len=17896 nr_jited_ksyms=1 ksym0=0xffffffffc040b394 ksym1=0x0
[567.058747 pid=12507 tid=12519] BPF_MAP_UPDATE_ELEM prog_array name=sys_exit_submit map_fd=17 map_id=367 key=276 prog_fd=188 prog_id=210 flags=0 ret=0 errno=0
[567.058832 pid=12507 tid=12519] native-loader jit-info prog_array-target fd=188 id=210 type=17 name=sys_exit_submit tag=0e933856cf851791 jited_len=11237 xlated_len=17896 nr_jited_ksyms=1 ksym0=0xffffffffc040b394 ksym1=0x0
[567.058920 pid=12507 tid=12519] BPF_MAP_UPDATE_ELEM prog_array name=sys_exit_submit map_fd=17 map_id=367 key=277 prog_fd=188 prog_id=210 flags=0 ret=0 errno=0
[567.059005 pid=12507 tid=12519] native-loader jit-info prog_array-target fd=188 id=210 type=17 name=sys_exit_submit tag=0e933856cf851791 jited_len=11237 xlated_len=17896 nr_jited_ksyms=1 ksym0=0xffffffffc040b394 ksym1=0x0
[567.059096 pid=12507 tid=12519] BPF_MAP_UPDATE_ELEM prog_array name=sys_exit_submit map_fd=17 map_id=367 key=278 prog_fd=188 prog_id=210 flags=0 ret=0 errno=0
[567.059180 pid=12507 tid=12519] native-loader jit-info prog_array-target fd=188 id=210 type=17 name=sys_exit_submit tag=0e933856cf851791 jited_len=11237 xlated_len=17896 nr_jited_ksyms=1 ksym0=0xffffffffc040b394 ksym1=0x0
[567.059269 pid=12507 tid=12519] BPF_MAP_UPDATE_ELEM prog_array name=sys_exit_submit map_fd=17 map_id=367 key=279 prog_fd=188 prog_id=210 flags=0 ret=0 errno=0
[567.059354 pid=12507 tid=12519] native-loader jit-info prog_array-target fd=188 id=210 type=17 name=sys_exit_submit tag=0e933856cf851791 jited_len=11237 xlated_len=17896 nr_jited_ksyms=1 ksym0=0xffffffffc040b394 ksym1=0x0
[567.059443 pid=12507 tid=12519] BPF_MAP_UPDATE_ELEM prog_array name=sys_exit_submit map_fd=17 map_id=367 key=280 prog_fd=188 prog_id=210 flags=0 ret=0 errno=0
[567.059528 pid=12507 tid=12519] native-loader jit-info prog_array-target fd=188 id=210 type=17 name=sys_exit_submit tag=0e933856cf851791 jited_len=11237 xlated_len=17896 nr_jited_ksyms=1 ksym0=0xffffffffc040b394 ksym1=0x0
[567.059617 pid=12507 tid=12519] BPF_MAP_UPDATE_ELEM prog_array name=sys_exit_submit map_fd=17 map_id=367 key=281 prog_fd=188 prog_id=210 flags=0 ret=0 errno=0
[567.059701 pid=12507 tid=12519] native-loader jit-info prog_array-target fd=188 id=210 type=17 name=sys_exit_submit tag=0e933856cf851791 jited_len=11237 xlated_len=17896 nr_jited_ksyms=1 ksym0=0xffffffffc040b394 ksym1=0x0
[567.059790 pid=12507 tid=12519] BPF_MAP_UPDATE_ELEM prog_array name=sys_exit_submit map_fd=17 map_id=367 key=282 prog_fd=188 prog_id=210 flags=0 ret=0 errno=0
[567.059874 pid=12507 tid=12519] native-loader jit-info prog_array-target fd=188 id=210 type=17 name=sys_exit_submit tag=0e933856cf851791 jited_len=11237 xlated_len=17896 nr_jited_ksyms=1 ksym0=0xffffffffc040b394 ksym1=0x0
[567.059963 pid=12507 tid=12519] BPF_MAP_UPDATE_ELEM prog_array name=sys_exit_submit map_fd=17 map_id=367 key=283 prog_fd=188 prog_id=210 flags=0 ret=0 errno=0
[567.060049 pid=12507 tid=12519] native-loader jit-info prog_array-target fd=188 id=210 type=17 name=sys_exit_submit tag=0e933856cf851791 jited_len=11237 xlated_len=17896 nr_jited_ksyms=1 ksym0=0xffffffffc040b394 ksym1=0x0
[567.060140 pid=12507 tid=12519] BPF_MAP_UPDATE_ELEM prog_array name=sys_exit_submit map_fd=17 map_id=367 key=284 prog_fd=188 prog_id=210 flags=0 ret=0 errno=0
[567.060224 pid=12507 tid=12519] native-loader jit-info prog_array-target fd=188 id=210 type=17 name=sys_exit_submit tag=0e933856cf851791 jited_len=11237 xlated_len=17896 nr_jited_ksyms=1 ksym0=0xffffffffc040b394 ksym1=0x0
[567.060312 pid=12507 tid=12519] BPF_MAP_UPDATE_ELEM prog_array name=sys_exit_submit map_fd=17 map_id=367 key=285 prog_fd=188 prog_id=210 flags=0 ret=0 errno=0
[567.060397 pid=12507 tid=12519] native-loader jit-info prog_array-target fd=188 id=210 type=17 name=sys_exit_submit tag=0e933856cf851791 jited_len=11237 xlated_len=17896 nr_jited_ksyms=1 ksym0=0xffffffffc040b394 ksym1=0x0
[567.060487 pid=12507 tid=12519] BPF_MAP_UPDATE_ELEM prog_array name=sys_exit_submit map_fd=17 map_id=367 key=286 prog_fd=188 prog_id=210 flags=0 ret=0 errno=0
[567.060573 pid=12507 tid=12519] native-loader jit-info prog_array-target fd=188 id=210 type=17 name=sys_exit_submit tag=0e933856cf851791 jited_len=11237 xlated_len=17896 nr_jited_ksyms=1 ksym0=0xffffffffc040b394 ksym1=0x0
[567.060662 pid=12507 tid=12519] BPF_MAP_UPDATE_ELEM prog_array name=sys_exit_submit map_fd=17 map_id=367 key=287 prog_fd=188 prog_id=210 flags=0 ret=0 errno=0
[567.060747 pid=12507 tid=12519] native-loader jit-info prog_array-target fd=188 id=210 type=17 name=sys_exit_submit tag=0e933856cf851791 jited_len=11237 xlated_len=17896 nr_jited_ksyms=1 ksym0=0xffffffffc040b394 ksym1=0x0
[567.060835 pid=12507 tid=12519] BPF_MAP_UPDATE_ELEM prog_array name=sys_exit_submit map_fd=17 map_id=367 key=288 prog_fd=188 prog_id=210 flags=0 ret=0 errno=0
[567.060921 pid=12507 tid=12519] native-loader jit-info prog_array-target fd=188 id=210 type=17 name=sys_exit_submit tag=0e933856cf851791 jited_len=11237 xlated_len=17896 nr_jited_ksyms=1 ksym0=0xffffffffc040b394 ksym1=0x0
[567.061010 pid=12507 tid=12519] BPF_MAP_UPDATE_ELEM prog_array name=sys_exit_submit map_fd=17 map_id=367 key=289 prog_fd=188 prog_id=210 flags=0 ret=0 errno=0
[567.061099 pid=12507 tid=12519] native-loader jit-info prog_array-target fd=188 id=210 type=17 name=sys_exit_submit tag=0e933856cf851791 jited_len=11237 xlated_len=17896 nr_jited_ksyms=1 ksym0=0xffffffffc040b394 ksym1=0x0
[567.061187 pid=12507 tid=12519] BPF_MAP_UPDATE_ELEM prog_array name=sys_exit_submit map_fd=17 map_id=367 key=290 prog_fd=188 prog_id=210 flags=0 ret=0 errno=0
[567.061272 pid=12507 tid=12519] native-loader jit-info prog_array-target fd=188 id=210 type=17 name=sys_exit_submit tag=0e933856cf851791 jited_len=11237 xlated_len=17896 nr_jited_ksyms=1 ksym0=0xffffffffc040b394 ksym1=0x0
[567.061360 pid=12507 tid=12519] BPF_MAP_UPDATE_ELEM prog_array name=sys_exit_submit map_fd=17 map_id=367 key=291 prog_fd=188 prog_id=210 flags=0 ret=0 errno=0
[567.061444 pid=12507 tid=12519] native-loader jit-info prog_array-target fd=188 id=210 type=17 name=sys_exit_submit tag=0e933856cf851791 jited_len=11237 xlated_len=17896 nr_jited_ksyms=1 ksym0=0xffffffffc040b394 ksym1=0x0
[567.061532 pid=12507 tid=12519] BPF_MAP_UPDATE_ELEM prog_array name=sys_exit_submit map_fd=17 map_id=367 key=293 prog_fd=188 prog_id=210 flags=0 ret=0 errno=0
[567.061617 pid=12507 tid=12519] native-loader jit-info prog_array-target fd=188 id=210 type=17 name=sys_exit_submit tag=0e933856cf851791 jited_len=11237 xlated_len=17896 nr_jited_ksyms=1 ksym0=0xffffffffc040b394 ksym1=0x0
[567.061706 pid=12507 tid=12519] BPF_MAP_UPDATE_ELEM prog_array name=sys_exit_submit map_fd=17 map_id=367 key=294 prog_fd=188 prog_id=210 flags=0 ret=0 errno=0
[567.061791 pid=12507 tid=12519] native-loader jit-info prog_array-target fd=188 id=210 type=17 name=sys_exit_submit tag=0e933856cf851791 jited_len=11237 xlated_len=17896 nr_jited_ksyms=1 ksym0=0xffffffffc040b394 ksym1=0x0
[567.061879 pid=12507 tid=12519] BPF_MAP_UPDATE_ELEM prog_array name=sys_exit_submit map_fd=17 map_id=367 key=295 prog_fd=188 prog_id=210 flags=0 ret=0 errno=0
[567.061964 pid=12507 tid=12519] native-loader jit-info prog_array-target fd=188 id=210 type=17 name=sys_exit_submit tag=0e933856cf851791 jited_len=11237 xlated_len=17896 nr_jited_ksyms=1 ksym0=0xffffffffc040b394 ksym1=0x0
[567.062053 pid=12507 tid=12519] BPF_MAP_UPDATE_ELEM prog_array name=sys_exit_submit map_fd=17 map_id=367 key=296 prog_fd=188 prog_id=210 flags=0 ret=0 errno=0
[567.062140 pid=12507 tid=12519] native-loader jit-info prog_array-target fd=188 id=210 type=17 name=sys_exit_submit tag=0e933856cf851791 jited_len=11237 xlated_len=17896 nr_jited_ksyms=1 ksym0=0xffffffffc040b394 ksym1=0x0
[567.062229 pid=12507 tid=12519] BPF_MAP_UPDATE_ELEM prog_array name=sys_exit_submit map_fd=17 map_id=367 key=297 prog_fd=188 prog_id=210 flags=0 ret=0 errno=0
[567.062315 pid=12507 tid=12519] native-loader jit-info prog_array-target fd=188 id=210 type=17 name=sys_exit_submit tag=0e933856cf851791 jited_len=11237 xlated_len=17896 nr_jited_ksyms=1 ksym0=0xffffffffc040b394 ksym1=0x0
[567.062403 pid=12507 tid=12519] BPF_MAP_UPDATE_ELEM prog_array name=sys_exit_submit map_fd=17 map_id=367 key=298 prog_fd=188 prog_id=210 flags=0 ret=0 errno=0
[567.062489 pid=12507 tid=12519] native-loader jit-info prog_array-target fd=188 id=210 type=17 name=sys_exit_submit tag=0e933856cf851791 jited_len=11237 xlated_len=17896 nr_jited_ksyms=1 ksym0=0xffffffffc040b394 ksym1=0x0
[567.062578 pid=12507 tid=12519] BPF_MAP_UPDATE_ELEM prog_array name=sys_exit_submit map_fd=17 map_id=367 key=299 prog_fd=188 prog_id=210 flags=0 ret=0 errno=0
[567.062662 pid=12507 tid=12519] native-loader jit-info prog_array-target fd=188 id=210 type=17 name=sys_exit_submit tag=0e933856cf851791 jited_len=11237 xlated_len=17896 nr_jited_ksyms=1 ksym0=0xffffffffc040b394 ksym1=0x0
[567.062751 pid=12507 tid=12519] BPF_MAP_UPDATE_ELEM prog_array name=sys_exit_submit map_fd=17 map_id=367 key=300 prog_fd=188 prog_id=210 flags=0 ret=0 errno=0
[567.062837 pid=12507 tid=12519] native-loader jit-info prog_array-target fd=188 id=210 type=17 name=sys_exit_submit tag=0e933856cf851791 jited_len=11237 xlated_len=17896 nr_jited_ksyms=1 ksym0=0xffffffffc040b394 ksym1=0x0
[567.062926 pid=12507 tid=12519] BPF_MAP_UPDATE_ELEM prog_array name=sys_exit_submit map_fd=17 map_id=367 key=301 prog_fd=188 prog_id=210 flags=0 ret=0 errno=0
[567.063011 pid=12507 tid=12519] native-loader jit-info prog_array-target fd=188 id=210 type=17 name=sys_exit_submit tag=0e933856cf851791 jited_len=11237 xlated_len=17896 nr_jited_ksyms=1 ksym0=0xffffffffc040b394 ksym1=0x0
[567.063103 pid=12507 tid=12519] BPF_MAP_UPDATE_ELEM prog_array name=sys_exit_submit map_fd=17 map_id=367 key=302 prog_fd=188 prog_id=210 flags=0 ret=0 errno=0
[567.063188 pid=12507 tid=12519] native-loader jit-info prog_array-target fd=188 id=210 type=17 name=sys_exit_submit tag=0e933856cf851791 jited_len=11237 xlated_len=17896 nr_jited_ksyms=1 ksym0=0xffffffffc040b394 ksym1=0x0
[567.063277 pid=12507 tid=12519] BPF_MAP_UPDATE_ELEM prog_array name=sys_exit_submit map_fd=17 map_id=367 key=303 prog_fd=188 prog_id=210 flags=0 ret=0 errno=0
[567.063362 pid=12507 tid=12519] native-loader jit-info prog_array-target fd=188 id=210 type=17 name=sys_exit_submit tag=0e933856cf851791 jited_len=11237 xlated_len=17896 nr_jited_ksyms=1 ksym0=0xffffffffc040b394 ksym1=0x0
[567.063450 pid=12507 tid=12519] BPF_MAP_UPDATE_ELEM prog_array name=sys_exit_submit map_fd=17 map_id=367 key=304 prog_fd=188 prog_id=210 flags=0 ret=0 errno=0
[567.063534 pid=12507 tid=12519] native-loader jit-info prog_array-target fd=188 id=210 type=17 name=sys_exit_submit tag=0e933856cf851791 jited_len=11237 xlated_len=17896 nr_jited_ksyms=1 ksym0=0xffffffffc040b394 ksym1=0x0
[567.063623 pid=12507 tid=12519] BPF_MAP_UPDATE_ELEM prog_array name=sys_exit_submit map_fd=17 map_id=367 key=305 prog_fd=188 prog_id=210 flags=0 ret=0 errno=0
[567.063708 pid=12507 tid=12519] native-loader jit-info prog_array-target fd=188 id=210 type=17 name=sys_exit_submit tag=0e933856cf851791 jited_len=11237 xlated_len=17896 nr_jited_ksyms=1 ksym0=0xffffffffc040b394 ksym1=0x0
[567.063796 pid=12507 tid=12519] BPF_MAP_UPDATE_ELEM prog_array name=sys_exit_submit map_fd=17 map_id=367 key=306 prog_fd=188 prog_id=210 flags=0 ret=0 errno=0
[567.063880 pid=12507 tid=12519] native-loader jit-info prog_array-target fd=188 id=210 type=17 name=sys_exit_submit tag=0e933856cf851791 jited_len=11237 xlated_len=17896 nr_jited_ksyms=1 ksym0=0xffffffffc040b394 ksym1=0x0
[567.063969 pid=12507 tid=12519] BPF_MAP_UPDATE_ELEM prog_array name=sys_exit_submit map_fd=17 map_id=367 key=307 prog_fd=188 prog_id=210 flags=0 ret=0 errno=0
[567.064054 pid=12507 tid=12519] native-loader jit-info prog_array-target fd=188 id=210 type=17 name=sys_exit_submit tag=0e933856cf851791 jited_len=11237 xlated_len=17896 nr_jited_ksyms=1 ksym0=0xffffffffc040b394 ksym1=0x0
[567.064145 pid=12507 tid=12519] BPF_MAP_UPDATE_ELEM prog_array name=sys_exit_submit map_fd=17 map_id=367 key=308 prog_fd=188 prog_id=210 flags=0 ret=0 errno=0
[567.064229 pid=12507 tid=12519] native-loader jit-info prog_array-target fd=188 id=210 type=17 name=sys_exit_submit tag=0e933856cf851791 jited_len=11237 xlated_len=17896 nr_jited_ksyms=1 ksym0=0xffffffffc040b394 ksym1=0x0
[567.064319 pid=12507 tid=12519] BPF_MAP_UPDATE_ELEM prog_array name=sys_exit_submit map_fd=17 map_id=367 key=309 prog_fd=188 prog_id=210 flags=0 ret=0 errno=0
[567.064404 pid=12507 tid=12519] native-loader jit-info prog_array-target fd=188 id=210 type=17 name=sys_exit_submit tag=0e933856cf851791 jited_len=11237 xlated_len=17896 nr_jited_ksyms=1 ksym0=0xffffffffc040b394 ksym1=0x0
[567.064492 pid=12507 tid=12519] BPF_MAP_UPDATE_ELEM prog_array name=sys_exit_submit map_fd=17 map_id=367 key=310 prog_fd=188 prog_id=210 flags=0 ret=0 errno=0
[567.064577 pid=12507 tid=12519] native-loader jit-info prog_array-target fd=188 id=210 type=17 name=sys_exit_submit tag=0e933856cf851791 jited_len=11237 xlated_len=17896 nr_jited_ksyms=1 ksym0=0xffffffffc040b394 ksym1=0x0
[567.064665 pid=12507 tid=12519] BPF_MAP_UPDATE_ELEM prog_array name=sys_exit_submit map_fd=17 map_id=367 key=312 prog_fd=188 prog_id=210 flags=0 ret=0 errno=0
[567.064750 pid=12507 tid=12519] native-loader jit-info prog_array-target fd=188 id=210 type=17 name=sys_exit_submit tag=0e933856cf851791 jited_len=11237 xlated_len=17896 nr_jited_ksyms=1 ksym0=0xffffffffc040b394 ksym1=0x0
[567.064838 pid=12507 tid=12519] BPF_MAP_UPDATE_ELEM prog_array name=sys_exit_submit map_fd=17 map_id=367 key=313 prog_fd=188 prog_id=210 flags=0 ret=0 errno=0
[567.064923 pid=12507 tid=12519] native-loader jit-info prog_array-target fd=188 id=210 type=17 name=sys_exit_submit tag=0e933856cf851791 jited_len=11237 xlated_len=17896 nr_jited_ksyms=1 ksym0=0xffffffffc040b394 ksym1=0x0
[567.065012 pid=12507 tid=12519] BPF_MAP_UPDATE_ELEM prog_array name=sys_exit_submit map_fd=17 map_id=367 key=314 prog_fd=188 prog_id=210 flags=0 ret=0 errno=0
[567.065101 pid=12507 tid=12519] native-loader jit-info prog_array-target fd=188 id=210 type=17 name=sys_exit_submit tag=0e933856cf851791 jited_len=11237 xlated_len=17896 nr_jited_ksyms=1 ksym0=0xffffffffc040b394 ksym1=0x0
[567.065190 pid=12507 tid=12519] BPF_MAP_UPDATE_ELEM prog_array name=sys_exit_submit map_fd=17 map_id=367 key=315 prog_fd=188 prog_id=210 flags=0 ret=0 errno=0
[567.065275 pid=12507 tid=12519] native-loader jit-info prog_array-target fd=188 id=210 type=17 name=sys_exit_submit tag=0e933856cf851791 jited_len=11237 xlated_len=17896 nr_jited_ksyms=1 ksym0=0xffffffffc040b394 ksym1=0x0
[567.065364 pid=12507 tid=12519] BPF_MAP_UPDATE_ELEM prog_array name=sys_exit_submit map_fd=17 map_id=367 key=316 prog_fd=188 prog_id=210 flags=0 ret=0 errno=0
[567.065451 pid=12507 tid=12519] native-loader jit-info prog_array-target fd=188 id=210 type=17 name=sys_exit_submit tag=0e933856cf851791 jited_len=11237 xlated_len=17896 nr_jited_ksyms=1 ksym0=0xffffffffc040b394 ksym1=0x0
[567.065540 pid=12507 tid=12519] BPF_MAP_UPDATE_ELEM prog_array name=sys_exit_submit map_fd=17 map_id=367 key=317 prog_fd=188 prog_id=210 flags=0 ret=0 errno=0
[567.065626 pid=12507 tid=12519] native-loader jit-info prog_array-target fd=188 id=210 type=17 name=sys_exit_submit tag=0e933856cf851791 jited_len=11237 xlated_len=17896 nr_jited_ksyms=1 ksym0=0xffffffffc040b394 ksym1=0x0
[567.065715 pid=12507 tid=12519] BPF_MAP_UPDATE_ELEM prog_array name=sys_exit_submit map_fd=17 map_id=367 key=318 prog_fd=188 prog_id=210 flags=0 ret=0 errno=0
[567.065800 pid=12507 tid=12519] native-loader jit-info prog_array-target fd=188 id=210 type=17 name=sys_exit_submit tag=0e933856cf851791 jited_len=11237 xlated_len=17896 nr_jited_ksyms=1 ksym0=0xffffffffc040b394 ksym1=0x0
[567.065888 pid=12507 tid=12519] BPF_MAP_UPDATE_ELEM prog_array name=sys_exit_submit map_fd=17 map_id=367 key=319 prog_fd=188 prog_id=210 flags=0 ret=0 errno=0
[567.065974 pid=12507 tid=12519] native-loader jit-info prog_array-target fd=188 id=210 type=17 name=sys_exit_submit tag=0e933856cf851791 jited_len=11237 xlated_len=17896 nr_jited_ksyms=1 ksym0=0xffffffffc040b394 ksym1=0x0
[567.066062 pid=12507 tid=12519] BPF_MAP_UPDATE_ELEM prog_array name=sys_exit_submit map_fd=17 map_id=367 key=320 prog_fd=188 prog_id=210 flags=0 ret=0 errno=0
[567.066149 pid=12507 tid=12519] native-loader jit-info prog_array-target fd=188 id=210 type=17 name=sys_exit_submit tag=0e933856cf851791 jited_len=11237 xlated_len=17896 nr_jited_ksyms=1 ksym0=0xffffffffc040b394 ksym1=0x0
[567.066238 pid=12507 tid=12519] BPF_MAP_UPDATE_ELEM prog_array name=sys_exit_submit map_fd=17 map_id=367 key=321 prog_fd=188 prog_id=210 flags=0 ret=0 errno=0
[567.066323 pid=12507 tid=12519] native-loader jit-info prog_array-target fd=188 id=210 type=17 name=sys_exit_submit tag=0e933856cf851791 jited_len=11237 xlated_len=17896 nr_jited_ksyms=1 ksym0=0xffffffffc040b394 ksym1=0x0
[567.066412 pid=12507 tid=12519] BPF_MAP_UPDATE_ELEM prog_array name=sys_exit_submit map_fd=17 map_id=367 key=322 prog_fd=188 prog_id=210 flags=0 ret=0 errno=0
[567.066497 pid=12507 tid=12519] native-loader jit-info prog_array-target fd=188 id=210 type=17 name=sys_exit_submit tag=0e933856cf851791 jited_len=11237 xlated_len=17896 nr_jited_ksyms=1 ksym0=0xffffffffc040b394 ksym1=0x0
[567.066585 pid=12507 tid=12519] BPF_MAP_UPDATE_ELEM prog_array name=sys_exit_submit map_fd=17 map_id=367 key=323 prog_fd=188 prog_id=210 flags=0 ret=0 errno=0
[567.066670 pid=12507 tid=12519] native-loader jit-info prog_array-target fd=188 id=210 type=17 name=sys_exit_submit tag=0e933856cf851791 jited_len=11237 xlated_len=17896 nr_jited_ksyms=1 ksym0=0xffffffffc040b394 ksym1=0x0
[567.066759 pid=12507 tid=12519] BPF_MAP_UPDATE_ELEM prog_array name=sys_exit_submit map_fd=17 map_id=367 key=324 prog_fd=188 prog_id=210 flags=0 ret=0 errno=0
[567.066844 pid=12507 tid=12519] native-loader jit-info prog_array-target fd=188 id=210 type=17 name=sys_exit_submit tag=0e933856cf851791 jited_len=11237 xlated_len=17896 nr_jited_ksyms=1 ksym0=0xffffffffc040b394 ksym1=0x0
[567.066932 pid=12507 tid=12519] BPF_MAP_UPDATE_ELEM prog_array name=sys_exit_submit map_fd=17 map_id=367 key=325 prog_fd=188 prog_id=210 flags=0 ret=0 errno=0
[567.067017 pid=12507 tid=12519] native-loader jit-info prog_array-target fd=188 id=210 type=17 name=sys_exit_submit tag=0e933856cf851791 jited_len=11237 xlated_len=17896 nr_jited_ksyms=1 ksym0=0xffffffffc040b394 ksym1=0x0
[567.067108 pid=12507 tid=12519] BPF_MAP_UPDATE_ELEM prog_array name=sys_exit_submit map_fd=17 map_id=367 key=326 prog_fd=188 prog_id=210 flags=0 ret=0 errno=0
[567.067193 pid=12507 tid=12519] native-loader jit-info prog_array-target fd=188 id=210 type=17 name=sys_exit_submit tag=0e933856cf851791 jited_len=11237 xlated_len=17896 nr_jited_ksyms=1 ksym0=0xffffffffc040b394 ksym1=0x0
[567.067282 pid=12507 tid=12519] BPF_MAP_UPDATE_ELEM prog_array name=sys_exit_submit map_fd=17 map_id=367 key=327 prog_fd=188 prog_id=210 flags=0 ret=0 errno=0
[567.067367 pid=12507 tid=12519] native-loader jit-info prog_array-target fd=188 id=210 type=17 name=sys_exit_submit tag=0e933856cf851791 jited_len=11237 xlated_len=17896 nr_jited_ksyms=1 ksym0=0xffffffffc040b394 ksym1=0x0
[567.067456 pid=12507 tid=12519] BPF_MAP_UPDATE_ELEM prog_array name=sys_exit_submit map_fd=17 map_id=367 key=328 prog_fd=188 prog_id=210 flags=0 ret=0 errno=0
[567.067541 pid=12507 tid=12519] native-loader jit-info prog_array-target fd=188 id=210 type=17 name=sys_exit_submit tag=0e933856cf851791 jited_len=11237 xlated_len=17896 nr_jited_ksyms=1 ksym0=0xffffffffc040b394 ksym1=0x0
[567.067630 pid=12507 tid=12519] BPF_MAP_UPDATE_ELEM prog_array name=sys_exit_submit map_fd=17 map_id=367 key=329 prog_fd=188 prog_id=210 flags=0 ret=0 errno=0
[567.067715 pid=12507 tid=12519] native-loader jit-info prog_array-target fd=188 id=210 type=17 name=sys_exit_submit tag=0e933856cf851791 jited_len=11237 xlated_len=17896 nr_jited_ksyms=1 ksym0=0xffffffffc040b394 ksym1=0x0
[567.067804 pid=12507 tid=12519] BPF_MAP_UPDATE_ELEM prog_array name=sys_exit_submit map_fd=17 map_id=367 key=330 prog_fd=188 prog_id=210 flags=0 ret=0 errno=0
[567.067889 pid=12507 tid=12519] native-loader jit-info prog_array-target fd=188 id=210 type=17 name=sys_exit_submit tag=0e933856cf851791 jited_len=11237 xlated_len=17896 nr_jited_ksyms=1 ksym0=0xffffffffc040b394 ksym1=0x0
[567.067977 pid=12507 tid=12519] BPF_MAP_UPDATE_ELEM prog_array name=sys_exit_submit map_fd=17 map_id=367 key=331 prog_fd=188 prog_id=210 flags=0 ret=0 errno=0
[567.068062 pid=12507 tid=12519] native-loader jit-info prog_array-target fd=188 id=210 type=17 name=sys_exit_submit tag=0e933856cf851791 jited_len=11237 xlated_len=17896 nr_jited_ksyms=1 ksym0=0xffffffffc040b394 ksym1=0x0
[567.068152 pid=12507 tid=12519] BPF_MAP_UPDATE_ELEM prog_array name=sys_exit_submit map_fd=17 map_id=367 key=332 prog_fd=188 prog_id=210 flags=0 ret=0 errno=0
[567.068238 pid=12507 tid=12519] native-loader jit-info prog_array-target fd=188 id=210 type=17 name=sys_exit_submit tag=0e933856cf851791 jited_len=11237 xlated_len=17896 nr_jited_ksyms=1 ksym0=0xffffffffc040b394 ksym1=0x0
[567.068326 pid=12507 tid=12519] BPF_MAP_UPDATE_ELEM prog_array name=sys_exit_submit map_fd=17 map_id=367 key=333 prog_fd=188 prog_id=210 flags=0 ret=0 errno=0
[567.068412 pid=12507 tid=12519] native-loader jit-info prog_array-target fd=188 id=210 type=17 name=sys_exit_submit tag=0e933856cf851791 jited_len=11237 xlated_len=17896 nr_jited_ksyms=1 ksym0=0xffffffffc040b394 ksym1=0x0
[567.068500 pid=12507 tid=12519] BPF_MAP_UPDATE_ELEM prog_array name=sys_exit_submit map_fd=17 map_id=367 key=334 prog_fd=188 prog_id=210 flags=0 ret=0 errno=0
[567.068585 pid=12507 tid=12519] native-loader jit-info prog_array-target fd=188 id=210 type=17 name=sys_exit_submit tag=0e933856cf851791 jited_len=11237 xlated_len=17896 nr_jited_ksyms=1 ksym0=0xffffffffc040b394 ksym1=0x0
[567.068674 pid=12507 tid=12519] BPF_MAP_UPDATE_ELEM prog_array name=sys_exit_submit map_fd=17 map_id=367 key=424 prog_fd=188 prog_id=210 flags=0 ret=0 errno=0
[567.068759 pid=12507 tid=12519] native-loader jit-info prog_array-target fd=188 id=210 type=17 name=sys_exit_submit tag=0e933856cf851791 jited_len=11237 xlated_len=17896 nr_jited_ksyms=1 ksym0=0xffffffffc040b394 ksym1=0x0
[567.068847 pid=12507 tid=12519] BPF_MAP_UPDATE_ELEM prog_array name=sys_exit_submit map_fd=17 map_id=367 key=425 prog_fd=188 prog_id=210 flags=0 ret=0 errno=0
[567.068932 pid=12507 tid=12519] native-loader jit-info prog_array-target fd=188 id=210 type=17 name=sys_exit_submit tag=0e933856cf851791 jited_len=11237 xlated_len=17896 nr_jited_ksyms=1 ksym0=0xffffffffc040b394 ksym1=0x0
[567.069021 pid=12507 tid=12519] BPF_MAP_UPDATE_ELEM prog_array name=sys_exit_submit map_fd=17 map_id=367 key=426 prog_fd=188 prog_id=210 flags=0 ret=0 errno=0
[567.069107 pid=12507 tid=12519] native-loader jit-info prog_array-target fd=188 id=210 type=17 name=sys_exit_submit tag=0e933856cf851791 jited_len=11237 xlated_len=17896 nr_jited_ksyms=1 ksym0=0xffffffffc040b394 ksym1=0x0
[567.069196 pid=12507 tid=12519] BPF_MAP_UPDATE_ELEM prog_array name=sys_exit_submit map_fd=17 map_id=367 key=427 prog_fd=188 prog_id=210 flags=0 ret=0 errno=0
[567.069281 pid=12507 tid=12519] native-loader jit-info prog_array-target fd=188 id=210 type=17 name=sys_exit_submit tag=0e933856cf851791 jited_len=11237 xlated_len=17896 nr_jited_ksyms=1 ksym0=0xffffffffc040b394 ksym1=0x0
[567.069370 pid=12507 tid=12519] BPF_MAP_UPDATE_ELEM prog_array name=sys_exit_submit map_fd=17 map_id=367 key=428 prog_fd=188 prog_id=210 flags=0 ret=0 errno=0
[567.069456 pid=12507 tid=12519] native-loader jit-info prog_array-target fd=188 id=210 type=17 name=sys_exit_submit tag=0e933856cf851791 jited_len=11237 xlated_len=17896 nr_jited_ksyms=1 ksym0=0xffffffffc040b394 ksym1=0x0
[567.069545 pid=12507 tid=12519] BPF_MAP_UPDATE_ELEM prog_array name=sys_exit_submit map_fd=17 map_id=367 key=429 prog_fd=188 prog_id=210 flags=0 ret=0 errno=0
[567.069630 pid=12507 tid=12519] native-loader jit-info prog_array-target fd=188 id=210 type=17 name=sys_exit_submit tag=0e933856cf851791 jited_len=11237 xlated_len=17896 nr_jited_ksyms=1 ksym0=0xffffffffc040b394 ksym1=0x0
[567.069719 pid=12507 tid=12519] BPF_MAP_UPDATE_ELEM prog_array name=sys_exit_submit map_fd=17 map_id=367 key=430 prog_fd=188 prog_id=210 flags=0 ret=0 errno=0
[567.069804 pid=12507 tid=12519] native-loader jit-info prog_array-target fd=188 id=210 type=17 name=sys_exit_submit tag=0e933856cf851791 jited_len=11237 xlated_len=17896 nr_jited_ksyms=1 ksym0=0xffffffffc040b394 ksym1=0x0
[567.069893 pid=12507 tid=12519] BPF_MAP_UPDATE_ELEM prog_array name=sys_exit_submit map_fd=17 map_id=367 key=431 prog_fd=188 prog_id=210 flags=0 ret=0 errno=0
[567.069978 pid=12507 tid=12519] native-loader jit-info prog_array-target fd=188 id=210 type=17 name=sys_exit_submit tag=0e933856cf851791 jited_len=11237 xlated_len=17896 nr_jited_ksyms=1 ksym0=0xffffffffc040b394 ksym1=0x0
[567.070066 pid=12507 tid=12519] BPF_MAP_UPDATE_ELEM prog_array name=sys_exit_submit map_fd=17 map_id=367 key=432 prog_fd=188 prog_id=210 flags=0 ret=0 errno=0
[567.070153 pid=12507 tid=12519] native-loader jit-info prog_array-target fd=188 id=210 type=17 name=sys_exit_submit tag=0e933856cf851791 jited_len=11237 xlated_len=17896 nr_jited_ksyms=1 ksym0=0xffffffffc040b394 ksym1=0x0
[567.070242 pid=12507 tid=12519] BPF_MAP_UPDATE_ELEM prog_array name=sys_exit_submit map_fd=17 map_id=367 key=433 prog_fd=188 prog_id=210 flags=0 ret=0 errno=0
[567.070327 pid=12507 tid=12519] native-loader jit-info prog_array-target fd=188 id=210 type=17 name=sys_exit_submit tag=0e933856cf851791 jited_len=11237 xlated_len=17896 nr_jited_ksyms=1 ksym0=0xffffffffc040b394 ksym1=0x0
[567.070417 pid=12507 tid=12519] BPF_MAP_UPDATE_ELEM prog_array name=sys_exit_submit map_fd=17 map_id=367 key=434 prog_fd=188 prog_id=210 flags=0 ret=0 errno=0
[567.070502 pid=12507 tid=12519] native-loader jit-info prog_array-target fd=188 id=210 type=17 name=sys_exit_submit tag=0e933856cf851791 jited_len=11237 xlated_len=17896 nr_jited_ksyms=1 ksym0=0xffffffffc040b394 ksym1=0x0
[567.070590 pid=12507 tid=12519] BPF_MAP_UPDATE_ELEM prog_array name=sys_exit_submit map_fd=17 map_id=367 key=435 prog_fd=188 prog_id=210 flags=0 ret=0 errno=0
[567.070675 pid=12507 tid=12519] native-loader jit-info prog_array-target fd=188 id=210 type=17 name=sys_exit_submit tag=0e933856cf851791 jited_len=11237 xlated_len=17896 nr_jited_ksyms=1 ksym0=0xffffffffc040b394 ksym1=0x0
[567.070764 pid=12507 tid=12519] BPF_MAP_UPDATE_ELEM prog_array name=sys_exit_submit map_fd=17 map_id=367 key=436 prog_fd=188 prog_id=210 flags=0 ret=0 errno=0
[567.070849 pid=12507 tid=12519] native-loader jit-info prog_array-target fd=188 id=210 type=17 name=sys_exit_submit tag=0e933856cf851791 jited_len=11237 xlated_len=17896 nr_jited_ksyms=1 ksym0=0xffffffffc040b394 ksym1=0x0
[567.070937 pid=12507 tid=12519] BPF_MAP_UPDATE_ELEM prog_array name=sys_exit_submit map_fd=17 map_id=367 key=437 prog_fd=188 prog_id=210 flags=0 ret=0 errno=0
[567.071022 pid=12507 tid=12519] native-loader jit-info prog_array-target fd=188 id=210 type=17 name=sys_exit_submit tag=0e933856cf851791 jited_len=11237 xlated_len=17896 nr_jited_ksyms=1 ksym0=0xffffffffc040b394 ksym1=0x0
[567.071113 pid=12507 tid=12519] BPF_MAP_UPDATE_ELEM prog_array name=sys_exit_submit map_fd=17 map_id=367 key=438 prog_fd=188 prog_id=210 flags=0 ret=0 errno=0
[567.071199 pid=12507 tid=12519] native-loader jit-info prog_array-target fd=188 id=210 type=17 name=sys_exit_submit tag=0e933856cf851791 jited_len=11237 xlated_len=17896 nr_jited_ksyms=1 ksym0=0xffffffffc040b394 ksym1=0x0
[567.071289 pid=12507 tid=12519] BPF_MAP_UPDATE_ELEM prog_array name=sys_exit_submit map_fd=17 map_id=367 key=439 prog_fd=188 prog_id=210 flags=0 ret=0 errno=0
[567.071375 pid=12507 tid=12519] native-loader jit-info prog_array-target fd=188 id=210 type=17 name=sys_exit_submit tag=0e933856cf851791 jited_len=11237 xlated_len=17896 nr_jited_ksyms=1 ksym0=0xffffffffc040b394 ksym1=0x0
[567.071464 pid=12507 tid=12519] BPF_MAP_UPDATE_ELEM prog_array name=sys_exit_submit map_fd=17 map_id=367 key=440 prog_fd=188 prog_id=210 flags=0 ret=0 errno=0
[567.071549 pid=12507 tid=12519] native-loader jit-info prog_array-target fd=188 id=210 type=17 name=sys_exit_submit tag=0e933856cf851791 jited_len=11237 xlated_len=17896 nr_jited_ksyms=1 ksym0=0xffffffffc040b394 ksym1=0x0
[567.071638 pid=12507 tid=12519] BPF_MAP_UPDATE_ELEM prog_array name=sys_exit_submit map_fd=17 map_id=367 key=441 prog_fd=188 prog_id=210 flags=0 ret=0 errno=0
[567.071723 pid=12507 tid=12519] native-loader jit-info prog_array-target fd=188 id=210 type=17 name=sys_exit_submit tag=0e933856cf851791 jited_len=11237 xlated_len=17896 nr_jited_ksyms=1 ksym0=0xffffffffc040b394 ksym1=0x0
[567.071811 pid=12507 tid=12519] BPF_MAP_UPDATE_ELEM prog_array name=sys_exit_submit map_fd=17 map_id=367 key=442 prog_fd=188 prog_id=210 flags=0 ret=0 errno=0
[567.071896 pid=12507 tid=12519] native-loader jit-info prog_array-target fd=188 id=210 type=17 name=sys_exit_submit tag=0e933856cf851791 jited_len=11237 xlated_len=17896 nr_jited_ksyms=1 ksym0=0xffffffffc040b394 ksym1=0x0
[567.071984 pid=12507 tid=12519] BPF_MAP_UPDATE_ELEM prog_array name=sys_exit_submit map_fd=17 map_id=367 key=443 prog_fd=188 prog_id=210 flags=0 ret=0 errno=0
[567.072072 pid=12507 tid=12519] native-loader jit-info prog_array-target fd=188 id=210 type=17 name=sys_exit_submit tag=0e933856cf851791 jited_len=11237 xlated_len=17896 nr_jited_ksyms=1 ksym0=0xffffffffc040b394 ksym1=0x0
[567.072160 pid=12507 tid=12519] BPF_MAP_UPDATE_ELEM prog_array name=sys_exit_submit map_fd=17 map_id=367 key=444 prog_fd=188 prog_id=210 flags=0 ret=0 errno=0
[567.072246 pid=12507 tid=12519] native-loader jit-info prog_array-target fd=188 id=210 type=17 name=sys_exit_submit tag=0e933856cf851791 jited_len=11237 xlated_len=17896 nr_jited_ksyms=1 ksym0=0xffffffffc040b394 ksym1=0x0
[567.072335 pid=12507 tid=12519] BPF_MAP_UPDATE_ELEM prog_array name=sys_exit_submit map_fd=17 map_id=367 key=445 prog_fd=188 prog_id=210 flags=0 ret=0 errno=0
[567.072420 pid=12507 tid=12519] native-loader jit-info prog_array-target fd=188 id=210 type=17 name=sys_exit_submit tag=0e933856cf851791 jited_len=11237 xlated_len=17896 nr_jited_ksyms=1 ksym0=0xffffffffc040b394 ksym1=0x0
[567.072510 pid=12507 tid=12519] BPF_MAP_UPDATE_ELEM prog_array name=sys_exit_submit map_fd=17 map_id=367 key=446 prog_fd=188 prog_id=210 flags=0 ret=0 errno=0
[567.072596 pid=12507 tid=12519] native-loader jit-info prog_array-target fd=188 id=210 type=17 name=sys_exit_submit tag=0e933856cf851791 jited_len=11237 xlated_len=17896 nr_jited_ksyms=1 ksym0=0xffffffffc040b394 ksym1=0x0
[567.072685 pid=12507 tid=12519] BPF_MAP_UPDATE_ELEM prog_array name=sys_exit_submit map_fd=17 map_id=367 key=447 prog_fd=188 prog_id=210 flags=0 ret=0 errno=0
[567.072770 pid=12507 tid=12519] native-loader jit-info prog_array-target fd=188 id=210 type=17 name=sys_exit_submit tag=0e933856cf851791 jited_len=11237 xlated_len=17896 nr_jited_ksyms=1 ksym0=0xffffffffc040b394 ksym1=0x0
[567.072859 pid=12507 tid=12519] BPF_MAP_UPDATE_ELEM prog_array name=sys_exit_submit map_fd=17 map_id=367 key=448 prog_fd=188 prog_id=210 flags=0 ret=0 errno=0
[567.072945 pid=12507 tid=12519] native-loader jit-info prog_array-target fd=188 id=210 type=17 name=sys_exit_submit tag=0e933856cf851791 jited_len=11237 xlated_len=17896 nr_jited_ksyms=1 ksym0=0xffffffffc040b394 ksym1=0x0
[567.073033 pid=12507 tid=12519] BPF_MAP_UPDATE_ELEM prog_array name=sys_exit_submit map_fd=17 map_id=367 key=449 prog_fd=188 prog_id=210 flags=0 ret=0 errno=0
[567.073120 pid=12507 tid=12519] native-loader jit-info prog_array-target fd=188 id=210 type=17 name=sys_exit_submit tag=0e933856cf851791 jited_len=11237 xlated_len=17896 nr_jited_ksyms=1 ksym0=0xffffffffc040b394 ksym1=0x0
[567.073209 pid=12507 tid=12519] BPF_MAP_UPDATE_ELEM prog_array name=sys_exit_submit map_fd=17 map_id=367 key=450 prog_fd=188 prog_id=210 flags=0 ret=0 errno=0
[567.073294 pid=12507 tid=12519] native-loader jit-info prog_array-target fd=188 id=210 type=17 name=sys_exit_submit tag=0e933856cf851791 jited_len=11237 xlated_len=17896 nr_jited_ksyms=1 ksym0=0xffffffffc040b394 ksym1=0x0
[567.073383 pid=12507 tid=12519] BPF_MAP_UPDATE_ELEM prog_array name=sys_exit_submit map_fd=17 map_id=367 key=451 prog_fd=188 prog_id=210 flags=0 ret=0 errno=0
[567.073468 pid=12507 tid=12519] native-loader jit-info prog_array-target fd=188 id=210 type=17 name=sys_exit_submit tag=0e933856cf851791 jited_len=11237 xlated_len=17896 nr_jited_ksyms=1 ksym0=0xffffffffc040b394 ksym1=0x0
[567.073557 pid=12507 tid=12519] BPF_MAP_UPDATE_ELEM prog_array name=sys_exit_submit map_fd=17 map_id=367 key=452 prog_fd=188 prog_id=210 flags=0 ret=0 errno=0
[567.073642 pid=12507 tid=12519] native-loader jit-info prog_array-target fd=188 id=210 type=17 name=sys_exit_submit tag=0e933856cf851791 jited_len=11237 xlated_len=17896 nr_jited_ksyms=1 ksym0=0xffffffffc040b394 ksym1=0x0
[567.073731 pid=12507 tid=12519] BPF_MAP_UPDATE_ELEM prog_array name=sys_exit_submit map_fd=17 map_id=367 key=453 prog_fd=188 prog_id=210 flags=0 ret=0 errno=0
[567.073815 pid=12507 tid=12519] native-loader jit-info prog_array-target fd=188 id=210 type=17 name=sys_exit_submit tag=0e933856cf851791 jited_len=11237 xlated_len=17896 nr_jited_ksyms=1 ksym0=0xffffffffc040b394 ksym1=0x0
[567.073904 pid=12507 tid=12519] BPF_MAP_UPDATE_ELEM prog_array name=sys_exit_submit map_fd=17 map_id=367 key=454 prog_fd=188 prog_id=210 flags=0 ret=0 errno=0
[567.073989 pid=12507 tid=12519] native-loader jit-info prog_array-target fd=188 id=210 type=17 name=sys_exit_submit tag=0e933856cf851791 jited_len=11237 xlated_len=17896 nr_jited_ksyms=1 ksym0=0xffffffffc040b394 ksym1=0x0
[567.074079 pid=12507 tid=12519] BPF_MAP_UPDATE_ELEM prog_array name=sys_exit_submit map_fd=17 map_id=367 key=455 prog_fd=188 prog_id=210 flags=0 ret=0 errno=0
[567.074164 pid=12507 tid=12519] native-loader jit-info prog_array-target fd=188 id=210 type=17 name=sys_exit_submit tag=0e933856cf851791 jited_len=11237 xlated_len=17896 nr_jited_ksyms=1 ksym0=0xffffffffc040b394 ksym1=0x0
[567.074253 pid=12507 tid=12519] BPF_MAP_UPDATE_ELEM prog_array name=sys_exit_submit map_fd=17 map_id=367 key=456 prog_fd=188 prog_id=210 flags=0 ret=0 errno=0
[567.074338 pid=12507 tid=12519] native-loader jit-info prog_array-target fd=188 id=210 type=17 name=sys_exit_submit tag=0e933856cf851791 jited_len=11237 xlated_len=17896 nr_jited_ksyms=1 ksym0=0xffffffffc040b394 ksym1=0x0
[567.074426 pid=12507 tid=12519] BPF_MAP_UPDATE_ELEM prog_array name=sys_exit_submit map_fd=17 map_id=367 key=457 prog_fd=188 prog_id=210 flags=0 ret=0 errno=0
[567.074511 pid=12507 tid=12519] native-loader jit-info prog_array-target fd=188 id=210 type=17 name=sys_exit_submit tag=0e933856cf851791 jited_len=11237 xlated_len=17896 nr_jited_ksyms=1 ksym0=0xffffffffc040b394 ksym1=0x0
[567.074600 pid=12507 tid=12519] BPF_MAP_UPDATE_ELEM prog_array name=sys_exit_submit map_fd=17 map_id=367 key=458 prog_fd=188 prog_id=210 flags=0 ret=0 errno=0
[567.074684 pid=12507 tid=12519] native-loader jit-info prog_array-target fd=188 id=210 type=17 name=sys_exit_submit tag=0e933856cf851791 jited_len=11237 xlated_len=17896 nr_jited_ksyms=1 ksym0=0xffffffffc040b394 ksym1=0x0
[567.074773 pid=12507 tid=12519] BPF_MAP_UPDATE_ELEM prog_array name=sys_exit_submit map_fd=17 map_id=367 key=459 prog_fd=188 prog_id=210 flags=0 ret=0 errno=0
[567.074858 pid=12507 tid=12519] native-loader jit-info prog_array-target fd=188 id=210 type=17 name=sys_exit_submit tag=0e933856cf851791 jited_len=11237 xlated_len=17896 nr_jited_ksyms=1 ksym0=0xffffffffc040b394 ksym1=0x0
[567.074946 pid=12507 tid=12519] BPF_MAP_UPDATE_ELEM prog_array name=sys_exit_submit map_fd=17 map_id=367 key=460 prog_fd=188 prog_id=210 flags=0 ret=0 errno=0
[567.075031 pid=12507 tid=12519] native-loader jit-info prog_array-target fd=188 id=210 type=17 name=sys_exit_submit tag=0e933856cf851791 jited_len=11237 xlated_len=17896 nr_jited_ksyms=1 ksym0=0xffffffffc040b394 ksym1=0x0
[567.075121 pid=12507 tid=12519] BPF_MAP_UPDATE_ELEM prog_array name=sys_exit_submit map_fd=17 map_id=367 key=461 prog_fd=188 prog_id=210 flags=0 ret=0 errno=0
[567.075207 pid=12507 tid=12519] native-loader jit-info prog_array-target fd=188 id=210 type=17 name=sys_exit_submit tag=0e933856cf851791 jited_len=11237 xlated_len=17896 nr_jited_ksyms=1 ksym0=0xffffffffc040b394 ksym1=0x0
[567.075295 pid=12507 tid=12519] BPF_MAP_UPDATE_ELEM prog_array name=sys_exit_submit map_fd=17 map_id=367 key=462 prog_fd=188 prog_id=210 flags=0 ret=0 errno=0
[567.075380 pid=12507 tid=12519] native-loader jit-info prog_array-target fd=188 id=210 type=17 name=sys_exit_submit tag=0e933856cf851791 jited_len=11237 xlated_len=17896 nr_jited_ksyms=1 ksym0=0xffffffffc040b394 ksym1=0x0
[567.075468 pid=12507 tid=12519] BPF_MAP_UPDATE_ELEM prog_array name=sys_exit_submit map_fd=17 map_id=367 key=463 prog_fd=188 prog_id=210 flags=0 ret=0 errno=0
[567.075553 pid=12507 tid=12519] native-loader jit-info prog_array-target fd=188 id=210 type=17 name=sys_exit_submit tag=0e933856cf851791 jited_len=11237 xlated_len=17896 nr_jited_ksyms=1 ksym0=0xffffffffc040b394 ksym1=0x0
[567.075643 pid=12507 tid=12519] BPF_MAP_UPDATE_ELEM prog_array name=sys_exit_submit map_fd=17 map_id=367 key=464 prog_fd=188 prog_id=210 flags=0 ret=0 errno=0
[567.075727 pid=12507 tid=12519] native-loader jit-info prog_array-target fd=188 id=210 type=17 name=sys_exit_submit tag=0e933856cf851791 jited_len=11237 xlated_len=17896 nr_jited_ksyms=1 ksym0=0xffffffffc040b394 ksym1=0x0
[567.075817 pid=12507 tid=12519] BPF_MAP_UPDATE_ELEM prog_array name=sys_exit_submit map_fd=17 map_id=367 key=465 prog_fd=188 prog_id=210 flags=0 ret=0 errno=0
[567.075903 pid=12507 tid=12519] native-loader jit-info prog_array-target fd=188 id=210 type=17 name=sys_exit_submit tag=0e933856cf851791 jited_len=11237 xlated_len=17896 nr_jited_ksyms=1 ksym0=0xffffffffc040b394 ksym1=0x0
[567.075992 pid=12507 tid=12519] BPF_MAP_UPDATE_ELEM prog_array name=sys_exit_submit map_fd=17 map_id=367 key=466 prog_fd=188 prog_id=210 flags=0 ret=0 errno=0
[567.076079 pid=12507 tid=12519] native-loader jit-info prog_array-target fd=188 id=210 type=17 name=sys_exit_submit tag=0e933856cf851791 jited_len=11237 xlated_len=17896 nr_jited_ksyms=1 ksym0=0xffffffffc040b394 ksym1=0x0
[567.076167 pid=12507 tid=12519] BPF_MAP_UPDATE_ELEM prog_array name=sys_exit_submit map_fd=17 map_id=367 key=467 prog_fd=188 prog_id=210 flags=0 ret=0 errno=0
[567.076253 pid=12507 tid=12519] native-loader jit-info prog_array-target fd=188 id=210 type=17 name=sys_exit_submit tag=0e933856cf851791 jited_len=11237 xlated_len=17896 nr_jited_ksyms=1 ksym0=0xffffffffc040b394 ksym1=0x0
[567.076342 pid=12507 tid=12519] BPF_MAP_UPDATE_ELEM prog_array name=sys_exit_submit map_fd=17 map_id=367 key=468 prog_fd=188 prog_id=210 flags=0 ret=0 errno=0
[567.076427 pid=12507 tid=12519] native-loader jit-info prog_array-target fd=188 id=210 type=17 name=sys_exit_submit tag=0e933856cf851791 jited_len=11237 xlated_len=17896 nr_jited_ksyms=1 ksym0=0xffffffffc040b394 ksym1=0x0
[567.076517 pid=12507 tid=12519] BPF_MAP_UPDATE_ELEM prog_array name=sys_exit_submit map_fd=17 map_id=367 key=469 prog_fd=188 prog_id=210 flags=0 ret=0 errno=0
[567.076602 pid=12507 tid=12519] native-loader jit-info prog_array-target fd=188 id=210 type=17 name=sys_exit_submit tag=0e933856cf851791 jited_len=11237 xlated_len=17896 nr_jited_ksyms=1 ksym0=0xffffffffc040b394 ksym1=0x0
[567.076690 pid=12507 tid=12519] BPF_MAP_UPDATE_ELEM prog_array name=sys_exit_submit map_fd=17 map_id=367 key=470 prog_fd=188 prog_id=210 flags=0 ret=0 errno=0
[567.076775 pid=12507 tid=12519] native-loader jit-info prog_array-target fd=188 id=210 type=17 name=sys_exit_submit tag=0e933856cf851791 jited_len=11237 xlated_len=17896 nr_jited_ksyms=1 ksym0=0xffffffffc040b394 ksym1=0x0
[567.076863 pid=12507 tid=12519] BPF_MAP_UPDATE_ELEM prog_array name=sys_exit_submit map_fd=17 map_id=367 key=471 prog_fd=188 prog_id=210 flags=0 ret=0 errno=0
[567.076949 pid=12507 tid=12519] native-loader jit-info prog_array-target fd=188 id=210 type=17 name=sys_exit_submit tag=0e933856cf851791 jited_len=11237 xlated_len=17896 nr_jited_ksyms=1 ksym0=0xffffffffc040b394 ksym1=0x0
[567.077038 pid=12507 tid=12519] BPF_MAP_UPDATE_ELEM prog_array name=sys_exit_submit map_fd=17 map_id=367 key=472 prog_fd=188 prog_id=210 flags=0 ret=0 errno=0
[567.077124 pid=12507 tid=12519] native-loader jit-info prog_array-target fd=188 id=210 type=17 name=sys_exit_submit tag=0e933856cf851791 jited_len=11237 xlated_len=17896 nr_jited_ksyms=1 ksym0=0xffffffffc040b394 ksym1=0x0
[567.077213 pid=12507 tid=12519] BPF_MAP_UPDATE_ELEM prog_array name=sys_exit_submit map_fd=17 map_id=367 key=473 prog_fd=188 prog_id=210 flags=0 ret=0 errno=0
[567.077298 pid=12507 tid=12519] native-loader jit-info prog_array-target fd=188 id=210 type=17 name=sys_exit_submit tag=0e933856cf851791 jited_len=11237 xlated_len=17896 nr_jited_ksyms=1 ksym0=0xffffffffc040b394 ksym1=0x0
[567.077387 pid=12507 tid=12519] BPF_MAP_UPDATE_ELEM prog_array name=sys_exit_submit map_fd=17 map_id=367 key=474 prog_fd=188 prog_id=210 flags=0 ret=0 errno=0
[567.077472 pid=12507 tid=12519] native-loader jit-info prog_array-target fd=188 id=210 type=17 name=sys_exit_submit tag=0e933856cf851791 jited_len=11237 xlated_len=17896 nr_jited_ksyms=1 ksym0=0xffffffffc040b394 ksym1=0x0
[567.077561 pid=12507 tid=12519] BPF_MAP_UPDATE_ELEM prog_array name=sys_exit_submit map_fd=17 map_id=367 key=475 prog_fd=188 prog_id=210 flags=0 ret=0 errno=0
[567.077646 pid=12507 tid=12519] native-loader jit-info prog_array-target fd=188 id=210 type=17 name=sys_exit_submit tag=0e933856cf851791 jited_len=11237 xlated_len=17896 nr_jited_ksyms=1 ksym0=0xffffffffc040b394 ksym1=0x0
[567.077736 pid=12507 tid=12519] BPF_MAP_UPDATE_ELEM prog_array name=sys_exit_submit map_fd=17 map_id=367 key=476 prog_fd=188 prog_id=210 flags=0 ret=0 errno=0
[567.077821 pid=12507 tid=12519] native-loader jit-info prog_array-target fd=188 id=210 type=17 name=sys_exit_submit tag=0e933856cf851791 jited_len=11237 xlated_len=17896 nr_jited_ksyms=1 ksym0=0xffffffffc040b394 ksym1=0x0
[567.077910 pid=12507 tid=12519] BPF_MAP_UPDATE_ELEM prog_array name=sys_exit_submit map_fd=17 map_id=367 key=477 prog_fd=188 prog_id=210 flags=0 ret=0 errno=0
[567.077994 pid=12507 tid=12519] native-loader jit-info prog_array-target fd=188 id=210 type=17 name=sys_exit_submit tag=0e933856cf851791 jited_len=11237 xlated_len=17896 nr_jited_ksyms=1 ksym0=0xffffffffc040b394 ksym1=0x0
[567.078085 pid=12507 tid=12519] BPF_MAP_UPDATE_ELEM prog_array name=sys_exit_submit map_fd=17 map_id=367 key=478 prog_fd=188 prog_id=210 flags=0 ret=0 errno=0
[567.078171 pid=12507 tid=12519] native-loader jit-info prog_array-target fd=188 id=210 type=17 name=sys_exit_submit tag=0e933856cf851791 jited_len=11237 xlated_len=17896 nr_jited_ksyms=1 ksym0=0xffffffffc040b394 ksym1=0x0
[567.078259 pid=12507 tid=12519] BPF_MAP_UPDATE_ELEM prog_array name=sys_exit_submit map_fd=17 map_id=367 key=479 prog_fd=188 prog_id=210 flags=0 ret=0 errno=0
[567.078343 pid=12507 tid=12519] native-loader jit-info prog_array-target fd=188 id=210 type=17 name=sys_exit_submit tag=0e933856cf851791 jited_len=11237 xlated_len=17896 nr_jited_ksyms=1 ksym0=0xffffffffc040b394 ksym1=0x0
[567.078431 pid=12507 tid=12519] BPF_MAP_UPDATE_ELEM prog_array name=sys_exit_submit map_fd=17 map_id=367 key=480 prog_fd=188 prog_id=210 flags=0 ret=0 errno=0
[567.078516 pid=12507 tid=12519] native-loader jit-info prog_array-target fd=188 id=210 type=17 name=sys_exit_submit tag=0e933856cf851791 jited_len=11237 xlated_len=17896 nr_jited_ksyms=1 ksym0=0xffffffffc040b394 ksym1=0x0
[567.078604 pid=12507 tid=12519] BPF_MAP_UPDATE_ELEM prog_array name=sys_exit_submit map_fd=17 map_id=367 key=481 prog_fd=188 prog_id=210 flags=0 ret=0 errno=0
[567.078690 pid=12507 tid=12519] native-loader jit-info prog_array-target fd=188 id=210 type=17 name=sys_exit_submit tag=0e933856cf851791 jited_len=11237 xlated_len=17896 nr_jited_ksyms=1 ksym0=0xffffffffc040b394 ksym1=0x0
[567.078779 pid=12507 tid=12519] BPF_MAP_UPDATE_ELEM prog_array name=sys_exit_submit map_fd=17 map_id=367 key=482 prog_fd=188 prog_id=210 flags=0 ret=0 errno=0
[567.078863 pid=12507 tid=12519] native-loader jit-info prog_array-target fd=188 id=210 type=17 name=sys_exit_submit tag=0e933856cf851791 jited_len=11237 xlated_len=17896 nr_jited_ksyms=1 ksym0=0xffffffffc040b394 ksym1=0x0
[567.078953 pid=12507 tid=12519] BPF_MAP_UPDATE_ELEM prog_array name=sys_exit_submit map_fd=17 map_id=367 key=483 prog_fd=188 prog_id=210 flags=0 ret=0 errno=0
[567.079037 pid=12507 tid=12519] native-loader jit-info prog_array-target fd=188 id=210 type=17 name=sys_exit_submit tag=0e933856cf851791 jited_len=11237 xlated_len=17896 nr_jited_ksyms=1 ksym0=0xffffffffc040b394 ksym1=0x0
[567.079128 pid=12507 tid=12519] BPF_MAP_UPDATE_ELEM prog_array name=sys_exit_submit map_fd=17 map_id=367 key=484 prog_fd=188 prog_id=210 flags=0 ret=0 errno=0
[567.079214 pid=12507 tid=12519] native-loader jit-info prog_array-target fd=188 id=210 type=17 name=sys_exit_submit tag=0e933856cf851791 jited_len=11237 xlated_len=17896 nr_jited_ksyms=1 ksym0=0xffffffffc040b394 ksym1=0x0
[567.079302 pid=12507 tid=12519] BPF_MAP_UPDATE_ELEM prog_array name=sys_exit_submit map_fd=17 map_id=367 key=485 prog_fd=188 prog_id=210 flags=0 ret=0 errno=0
[567.079389 pid=12507 tid=12519] native-loader jit-info prog_array-target fd=188 id=210 type=17 name=sys_exit_submit tag=0e933856cf851791 jited_len=11237 xlated_len=17896 nr_jited_ksyms=1 ksym0=0xffffffffc040b394 ksym1=0x0
[567.079477 pid=12507 tid=12519] BPF_MAP_UPDATE_ELEM prog_array name=sys_exit_submit map_fd=17 map_id=367 key=486 prog_fd=188 prog_id=210 flags=0 ret=0 errno=0
[567.079561 pid=12507 tid=12519] native-loader jit-info prog_array-target fd=188 id=210 type=17 name=sys_exit_submit tag=0e933856cf851791 jited_len=11237 xlated_len=17896 nr_jited_ksyms=1 ksym0=0xffffffffc040b394 ksym1=0x0
[567.079652 pid=12507 tid=12519] BPF_MAP_UPDATE_ELEM prog_array name=sys_exit_submit map_fd=17 map_id=367 key=487 prog_fd=188 prog_id=210 flags=0 ret=0 errno=0
[567.079736 pid=12507 tid=12519] native-loader jit-info prog_array-target fd=188 id=210 type=17 name=sys_exit_submit tag=0e933856cf851791 jited_len=11237 xlated_len=17896 nr_jited_ksyms=1 ksym0=0xffffffffc040b394 ksym1=0x0
[567.079825 pid=12507 tid=12519] BPF_MAP_UPDATE_ELEM prog_array name=sys_exit_submit map_fd=17 map_id=367 key=488 prog_fd=188 prog_id=210 flags=0 ret=0 errno=0
[567.079910 pid=12507 tid=12519] native-loader jit-info prog_array-target fd=188 id=210 type=17 name=sys_exit_submit tag=0e933856cf851791 jited_len=11237 xlated_len=17896 nr_jited_ksyms=1 ksym0=0xffffffffc040b394 ksym1=0x0
[567.079998 pid=12507 tid=12519] BPF_MAP_UPDATE_ELEM prog_array name=sys_exit_submit map_fd=17 map_id=367 key=489 prog_fd=188 prog_id=210 flags=0 ret=0 errno=0
[567.080128 pid=12507 tid=12519] native-loader jit-info prog_array-target fd=188 id=210 type=17 name=sys_exit_submit tag=0e933856cf851791 jited_len=11237 xlated_len=17896 nr_jited_ksyms=1 ksym0=0xffffffffc040b394 ksym1=0x0
[567.080217 pid=12507 tid=12519] BPF_MAP_UPDATE_ELEM prog_array name=sys_exit_submit map_fd=17 map_id=367 key=490 prog_fd=188 prog_id=210 flags=0 ret=0 errno=0
[567.080301 pid=12507 tid=12519] native-loader jit-info prog_array-target fd=188 id=210 type=17 name=sys_exit_submit tag=0e933856cf851791 jited_len=11237 xlated_len=17896 nr_jited_ksyms=1 ksym0=0xffffffffc040b394 ksym1=0x0
[567.080391 pid=12507 tid=12519] BPF_MAP_UPDATE_ELEM prog_array name=sys_exit_submit map_fd=17 map_id=367 key=491 prog_fd=188 prog_id=210 flags=0 ret=0 errno=0
[567.080476 pid=12507 tid=12519] native-loader jit-info prog_array-target fd=188 id=210 type=17 name=sys_exit_submit tag=0e933856cf851791 jited_len=11237 xlated_len=17896 nr_jited_ksyms=1 ksym0=0xffffffffc040b394 ksym1=0x0
[567.080565 pid=12507 tid=12519] BPF_MAP_UPDATE_ELEM prog_array name=sys_exit_submit map_fd=17 map_id=367 key=492 prog_fd=188 prog_id=210 flags=0 ret=0 errno=0
[567.080650 pid=12507 tid=12519] native-loader jit-info prog_array-target fd=188 id=210 type=17 name=sys_exit_submit tag=0e933856cf851791 jited_len=11237 xlated_len=17896 nr_jited_ksyms=1 ksym0=0xffffffffc040b394 ksym1=0x0
[567.080740 pid=12507 tid=12519] BPF_MAP_UPDATE_ELEM prog_array name=sys_exit_submit map_fd=17 map_id=367 key=493 prog_fd=188 prog_id=210 flags=0 ret=0 errno=0
[567.080823 pid=12507 tid=12519] native-loader jit-info prog_array-target fd=188 id=210 type=17 name=sys_exit_submit tag=0e933856cf851791 jited_len=11237 xlated_len=17896 nr_jited_ksyms=1 ksym0=0xffffffffc040b394 ksym1=0x0
[567.080912 pid=12507 tid=12519] BPF_MAP_UPDATE_ELEM prog_array name=sys_exit_submit map_fd=17 map_id=367 key=494 prog_fd=188 prog_id=210 flags=0 ret=0 errno=0
[567.080997 pid=12507 tid=12519] native-loader jit-info prog_array-target fd=188 id=210 type=17 name=sys_exit_submit tag=0e933856cf851791 jited_len=11237 xlated_len=17896 nr_jited_ksyms=1 ksym0=0xffffffffc040b394 ksym1=0x0
[567.081089 pid=12507 tid=12519] BPF_MAP_UPDATE_ELEM prog_array name=sys_exit_submit map_fd=17 map_id=367 key=495 prog_fd=188 prog_id=210 flags=0 ret=0 errno=0
[567.081173 pid=12507 tid=12519] native-loader jit-info prog_array-target fd=188 id=210 type=17 name=sys_exit_submit tag=0e933856cf851791 jited_len=11237 xlated_len=17896 nr_jited_ksyms=1 ksym0=0xffffffffc040b394 ksym1=0x0
[567.081264 pid=12507 tid=12519] BPF_MAP_UPDATE_ELEM prog_array name=sys_exit_submit map_fd=17 map_id=367 key=496 prog_fd=188 prog_id=210 flags=0 ret=0 errno=0
[567.081347 pid=12507 tid=12519] native-loader jit-info prog_array-target fd=188 id=210 type=17 name=sys_exit_submit tag=0e933856cf851791 jited_len=11237 xlated_len=17896 nr_jited_ksyms=1 ksym0=0xffffffffc040b394 ksym1=0x0
[567.081436 pid=12507 tid=12519] BPF_MAP_UPDATE_ELEM prog_array name=sys_exit_submit map_fd=17 map_id=367 key=497 prog_fd=188 prog_id=210 flags=0 ret=0 errno=0
[567.081520 pid=12507 tid=12519] native-loader jit-info prog_array-target fd=188 id=210 type=17 name=sys_exit_submit tag=0e933856cf851791 jited_len=11237 xlated_len=17896 nr_jited_ksyms=1 ksym0=0xffffffffc040b394 ksym1=0x0
[567.081610 pid=12507 tid=12519] BPF_MAP_UPDATE_ELEM prog_array name=sys_exit_submit map_fd=17 map_id=367 key=498 prog_fd=188 prog_id=210 flags=0 ret=0 errno=0
[567.081694 pid=12507 tid=12519] native-loader jit-info prog_array-target fd=188 id=210 type=17 name=sys_exit_submit tag=0e933856cf851791 jited_len=11237 xlated_len=17896 nr_jited_ksyms=1 ksym0=0xffffffffc040b394 ksym1=0x0
[567.081783 pid=12507 tid=12519] BPF_MAP_UPDATE_ELEM prog_array name=sys_exit_submit map_fd=17 map_id=367 key=499 prog_fd=188 prog_id=210 flags=0 ret=0 errno=0
[567.081867 pid=12507 tid=12519] native-loader jit-info prog_array-target fd=188 id=210 type=17 name=sys_exit_submit tag=0e933856cf851791 jited_len=11237 xlated_len=17896 nr_jited_ksyms=1 ksym0=0xffffffffc040b394 ksym1=0x0
[567.081958 pid=12507 tid=12519] BPF_MAP_UPDATE_ELEM prog_array name=sys_exit_submit map_fd=17 map_id=367 key=500 prog_fd=188 prog_id=210 flags=0 ret=0 errno=0
[567.082042 pid=12507 tid=12519] native-loader jit-info prog_array-target fd=188 id=210 type=17 name=sys_exit_submit tag=0e933856cf851791 jited_len=11237 xlated_len=17896 nr_jited_ksyms=1 ksym0=0xffffffffc040b394 ksym1=0x0
[567.082134 pid=12507 tid=12519] BPF_MAP_UPDATE_ELEM prog_array name=sys_exit_submit map_fd=17 map_id=367 key=501 prog_fd=188 prog_id=210 flags=0 ret=0 errno=0
[567.082217 pid=12507 tid=12519] native-loader jit-info prog_array-target fd=188 id=210 type=17 name=sys_exit_submit tag=0e933856cf851791 jited_len=11237 xlated_len=17896 nr_jited_ksyms=1 ksym0=0xffffffffc040b394 ksym1=0x0
[567.082306 pid=12507 tid=12519] BPF_MAP_UPDATE_ELEM prog_array name=sys_exit_submit map_fd=17 map_id=367 key=502 prog_fd=188 prog_id=210 flags=0 ret=0 errno=0
[567.082391 pid=12507 tid=12519] native-loader jit-info prog_array-target fd=188 id=210 type=17 name=sys_exit_submit tag=0e933856cf851791 jited_len=11237 xlated_len=17896 nr_jited_ksyms=1 ksym0=0xffffffffc040b394 ksym1=0x0
[567.082482 pid=12507 tid=12519] BPF_MAP_UPDATE_ELEM prog_array name=sys_exit_submit map_fd=17 map_id=367 key=503 prog_fd=188 prog_id=210 flags=0 ret=0 errno=0
[567.082564 pid=12507 tid=12519] native-loader jit-info prog_array-target fd=188 id=210 type=17 name=sys_exit_submit tag=0e933856cf851791 jited_len=11237 xlated_len=17896 nr_jited_ksyms=1 ksym0=0xffffffffc040b394 ksym1=0x0
[567.082654 pid=12507 tid=12519] BPF_MAP_UPDATE_ELEM prog_array name=sys_exit_submit map_fd=17 map_id=367 key=504 prog_fd=188 prog_id=210 flags=0 ret=0 errno=0
[567.082737 pid=12507 tid=12519] native-loader jit-info prog_array-target fd=188 id=210 type=17 name=sys_exit_submit tag=0e933856cf851791 jited_len=11237 xlated_len=17896 nr_jited_ksyms=1 ksym0=0xffffffffc040b394 ksym1=0x0
[567.082826 pid=12507 tid=12519] BPF_MAP_UPDATE_ELEM prog_array name=sys_exit_submit map_fd=17 map_id=367 key=505 prog_fd=188 prog_id=210 flags=0 ret=0 errno=0
[567.082910 pid=12507 tid=12519] native-loader jit-info prog_array-target fd=188 id=210 type=17 name=sys_exit_submit tag=0e933856cf851791 jited_len=11237 xlated_len=17896 nr_jited_ksyms=1 ksym0=0xffffffffc040b394 ksym1=0x0
[567.083000 pid=12507 tid=12519] BPF_MAP_UPDATE_ELEM prog_array name=sys_exit_submit map_fd=17 map_id=367 key=506 prog_fd=188 prog_id=210 flags=0 ret=0 errno=0
[567.083085 pid=12507 tid=12519] native-loader jit-info prog_array-target fd=188 id=210 type=17 name=sys_exit_submit tag=0e933856cf851791 jited_len=11237 xlated_len=17896 nr_jited_ksyms=1 ksym0=0xffffffffc040b394 ksym1=0x0
[567.083174 pid=12507 tid=12519] BPF_MAP_UPDATE_ELEM prog_array name=sys_exit_submit map_fd=17 map_id=367 key=507 prog_fd=188 prog_id=210 flags=0 ret=0 errno=0
[567.083257 pid=12507 tid=12519] native-loader jit-info prog_array-target fd=188 id=210 type=17 name=sys_exit_submit tag=0e933856cf851791 jited_len=11237 xlated_len=17896 nr_jited_ksyms=1 ksym0=0xffffffffc040b394 ksym1=0x0
[567.083347 pid=12507 tid=12519] BPF_MAP_UPDATE_ELEM prog_array name=sys_exit_submit map_fd=17 map_id=367 key=508 prog_fd=188 prog_id=210 flags=0 ret=0 errno=0
[567.083430 pid=12507 tid=12519] native-loader jit-info prog_array-target fd=188 id=210 type=17 name=sys_exit_submit tag=0e933856cf851791 jited_len=11237 xlated_len=17896 nr_jited_ksyms=1 ksym0=0xffffffffc040b394 ksym1=0x0
[567.083520 pid=12507 tid=12519] BPF_MAP_UPDATE_ELEM prog_array name=sys_exit_submit map_fd=17 map_id=367 key=509 prog_fd=188 prog_id=210 flags=0 ret=0 errno=0
[567.083603 pid=12507 tid=12519] native-loader jit-info prog_array-target fd=188 id=210 type=17 name=sys_exit_submit tag=0e933856cf851791 jited_len=11237 xlated_len=17896 nr_jited_ksyms=1 ksym0=0xffffffffc040b394 ksym1=0x0
[567.083693 pid=12507 tid=12519] BPF_MAP_UPDATE_ELEM prog_array name=sys_exit_submit map_fd=17 map_id=367 key=510 prog_fd=188 prog_id=210 flags=0 ret=0 errno=0
[567.083777 pid=12507 tid=12519] native-loader jit-info prog_array-target fd=188 id=210 type=17 name=sys_exit_submit tag=0e933856cf851791 jited_len=11237 xlated_len=17896 nr_jited_ksyms=1 ksym0=0xffffffffc040b394 ksym1=0x0
[567.083868 pid=12507 tid=12519] BPF_MAP_UPDATE_ELEM prog_array name=sys_exit_submit map_fd=17 map_id=367 key=511 prog_fd=188 prog_id=210 flags=0 ret=0 errno=0
[567.083951 pid=12507 tid=12519] native-loader jit-info prog_array-target fd=188 id=210 type=17 name=sys_exit_submit tag=0e933856cf851791 jited_len=11237 xlated_len=17896 nr_jited_ksyms=1 ksym0=0xffffffffc040b394 ksym1=0x0
[567.084041 pid=12507 tid=12519] BPF_MAP_UPDATE_ELEM prog_array name=sys_exit_submit map_fd=17 map_id=367 key=512 prog_fd=188 prog_id=210 flags=0 ret=0 errno=0
[567.084126 pid=12507 tid=12519] native-loader jit-info prog_array-target fd=188 id=210 type=17 name=sys_exit_submit tag=0e933856cf851791 jited_len=11237 xlated_len=17896 nr_jited_ksyms=1 ksym0=0xffffffffc040b394 ksym1=0x0
[567.084216 pid=12507 tid=12519] BPF_MAP_UPDATE_ELEM prog_array name=sys_exit_submit map_fd=17 map_id=367 key=513 prog_fd=188 prog_id=210 flags=0 ret=0 errno=0
[567.084299 pid=12507 tid=12519] native-loader jit-info prog_array-target fd=188 id=210 type=17 name=sys_exit_submit tag=0e933856cf851791 jited_len=11237 xlated_len=17896 nr_jited_ksyms=1 ksym0=0xffffffffc040b394 ksym1=0x0
[567.084390 pid=12507 tid=12519] BPF_MAP_UPDATE_ELEM prog_array name=sys_exit_submit map_fd=17 map_id=367 key=514 prog_fd=188 prog_id=210 flags=0 ret=0 errno=0
[567.084473 pid=12507 tid=12519] native-loader jit-info prog_array-target fd=188 id=210 type=17 name=sys_exit_submit tag=0e933856cf851791 jited_len=11237 xlated_len=17896 nr_jited_ksyms=1 ksym0=0xffffffffc040b394 ksym1=0x0
[567.084564 pid=12507 tid=12519] BPF_MAP_UPDATE_ELEM prog_array name=sys_exit_submit map_fd=17 map_id=367 key=515 prog_fd=188 prog_id=210 flags=0 ret=0 errno=0
[567.084650 pid=12507 tid=12519] native-loader jit-info prog_array-target fd=188 id=210 type=17 name=sys_exit_submit tag=0e933856cf851791 jited_len=11237 xlated_len=17896 nr_jited_ksyms=1 ksym0=0xffffffffc040b394 ksym1=0x0
[567.084740 pid=12507 tid=12519] BPF_MAP_UPDATE_ELEM prog_array name=sys_exit_submit map_fd=17 map_id=367 key=516 prog_fd=188 prog_id=210 flags=0 ret=0 errno=0
[567.084823 pid=12507 tid=12519] native-loader jit-info prog_array-target fd=188 id=210 type=17 name=sys_exit_submit tag=0e933856cf851791 jited_len=11237 xlated_len=17896 nr_jited_ksyms=1 ksym0=0xffffffffc040b394 ksym1=0x0
[567.084913 pid=12507 tid=12519] BPF_MAP_UPDATE_ELEM prog_array name=sys_exit_submit map_fd=17 map_id=367 key=517 prog_fd=188 prog_id=210 flags=0 ret=0 errno=0
[567.084997 pid=12507 tid=12519] native-loader jit-info prog_array-target fd=188 id=210 type=17 name=sys_exit_submit tag=0e933856cf851791 jited_len=11237 xlated_len=17896 nr_jited_ksyms=1 ksym0=0xffffffffc040b394 ksym1=0x0
[567.085088 pid=12507 tid=12519] BPF_MAP_UPDATE_ELEM prog_array name=sys_exit_submit map_fd=17 map_id=367 key=518 prog_fd=188 prog_id=210 flags=0 ret=0 errno=0
[567.085173 pid=12507 tid=12519] native-loader jit-info prog_array-target fd=188 id=210 type=17 name=sys_exit_submit tag=0e933856cf851791 jited_len=11237 xlated_len=17896 nr_jited_ksyms=1 ksym0=0xffffffffc040b394 ksym1=0x0
[567.085263 pid=12507 tid=12519] BPF_MAP_UPDATE_ELEM prog_array name=sys_exit_submit map_fd=17 map_id=367 key=519 prog_fd=188 prog_id=210 flags=0 ret=0 errno=0
[567.085348 pid=12507 tid=12519] native-loader jit-info prog_array-target fd=188 id=210 type=17 name=sys_exit_submit tag=0e933856cf851791 jited_len=11237 xlated_len=17896 nr_jited_ksyms=1 ksym0=0xffffffffc040b394 ksym1=0x0
[567.085441 pid=12507 tid=12519] BPF_MAP_UPDATE_ELEM prog_array name=sys_exit_submit map_fd=17 map_id=367 key=520 prog_fd=188 prog_id=210 flags=0 ret=0 errno=0
[567.085524 pid=12507 tid=12519] native-loader jit-info prog_array-target fd=188 id=210 type=17 name=sys_exit_submit tag=0e933856cf851791 jited_len=11237 xlated_len=17896 nr_jited_ksyms=1 ksym0=0xffffffffc040b394 ksym1=0x0
[567.085615 pid=12507 tid=12519] BPF_MAP_UPDATE_ELEM prog_array name=sys_exit_submit map_fd=17 map_id=367 key=521 prog_fd=188 prog_id=210 flags=0 ret=0 errno=0
[567.085699 pid=12507 tid=12519] native-loader jit-info prog_array-target fd=188 id=210 type=17 name=sys_exit_submit tag=0e933856cf851791 jited_len=11237 xlated_len=17896 nr_jited_ksyms=1 ksym0=0xffffffffc040b394 ksym1=0x0
[567.085789 pid=12507 tid=12519] BPF_MAP_UPDATE_ELEM prog_array name=sys_exit_submit map_fd=17 map_id=367 key=522 prog_fd=188 prog_id=210 flags=0 ret=0 errno=0
[567.085874 pid=12507 tid=12519] native-loader jit-info prog_array-target fd=188 id=210 type=17 name=sys_exit_submit tag=0e933856cf851791 jited_len=11237 xlated_len=17896 nr_jited_ksyms=1 ksym0=0xffffffffc040b394 ksym1=0x0
[567.085964 pid=12507 tid=12519] BPF_MAP_UPDATE_ELEM prog_array name=sys_exit_submit map_fd=17 map_id=367 key=523 prog_fd=188 prog_id=210 flags=0 ret=0 errno=0
[567.086048 pid=12507 tid=12519] native-loader jit-info prog_array-target fd=188 id=210 type=17 name=sys_exit_submit tag=0e933856cf851791 jited_len=11237 xlated_len=17896 nr_jited_ksyms=1 ksym0=0xffffffffc040b394 ksym1=0x0
[567.086140 pid=12507 tid=12519] BPF_MAP_UPDATE_ELEM prog_array name=sys_exit_submit map_fd=17 map_id=367 key=524 prog_fd=188 prog_id=210 flags=0 ret=0 errno=0
[567.086223 pid=12507 tid=12519] native-loader jit-info prog_array-target fd=188 id=210 type=17 name=sys_exit_submit tag=0e933856cf851791 jited_len=11237 xlated_len=17896 nr_jited_ksyms=1 ksym0=0xffffffffc040b394 ksym1=0x0
[567.086313 pid=12507 tid=12519] BPF_MAP_UPDATE_ELEM prog_array name=sys_exit_submit map_fd=17 map_id=367 key=525 prog_fd=188 prog_id=210 flags=0 ret=0 errno=0
[567.086397 pid=12507 tid=12519] native-loader jit-info prog_array-target fd=188 id=210 type=17 name=sys_exit_submit tag=0e933856cf851791 jited_len=11237 xlated_len=17896 nr_jited_ksyms=1 ksym0=0xffffffffc040b394 ksym1=0x0
[567.086487 pid=12507 tid=12519] BPF_MAP_UPDATE_ELEM prog_array name=sys_exit_submit map_fd=17 map_id=367 key=526 prog_fd=188 prog_id=210 flags=0 ret=0 errno=0
[567.086571 pid=12507 tid=12519] native-loader jit-info prog_array-target fd=188 id=210 type=17 name=sys_exit_submit tag=0e933856cf851791 jited_len=11237 xlated_len=17896 nr_jited_ksyms=1 ksym0=0xffffffffc040b394 ksym1=0x0
[567.086661 pid=12507 tid=12519] BPF_MAP_UPDATE_ELEM prog_array name=sys_exit_submit map_fd=17 map_id=367 key=527 prog_fd=188 prog_id=210 flags=0 ret=0 errno=0
[567.086745 pid=12507 tid=12519] native-loader jit-info prog_array-target fd=188 id=210 type=17 name=sys_exit_submit tag=0e933856cf851791 jited_len=11237 xlated_len=17896 nr_jited_ksyms=1 ksym0=0xffffffffc040b394 ksym1=0x0
[567.086835 pid=12507 tid=12519] BPF_MAP_UPDATE_ELEM prog_array name=sys_exit_submit map_fd=17 map_id=367 key=528 prog_fd=188 prog_id=210 flags=0 ret=0 errno=0
[567.086918 pid=12507 tid=12519] native-loader jit-info prog_array-target fd=188 id=210 type=17 name=sys_exit_submit tag=0e933856cf851791 jited_len=11237 xlated_len=17896 nr_jited_ksyms=1 ksym0=0xffffffffc040b394 ksym1=0x0
[567.087008 pid=12507 tid=12519] BPF_MAP_UPDATE_ELEM prog_array name=sys_exit_submit map_fd=17 map_id=367 key=529 prog_fd=188 prog_id=210 flags=0 ret=0 errno=0
[567.087093 pid=12507 tid=12519] native-loader jit-info prog_array-target fd=188 id=210 type=17 name=sys_exit_submit tag=0e933856cf851791 jited_len=11237 xlated_len=17896 nr_jited_ksyms=1 ksym0=0xffffffffc040b394 ksym1=0x0
[567.087184 pid=12507 tid=12519] BPF_MAP_UPDATE_ELEM prog_array name=sys_exit_submit map_fd=17 map_id=367 key=530 prog_fd=188 prog_id=210 flags=0 ret=0 errno=0
[567.087267 pid=12507 tid=12519] native-loader jit-info prog_array-target fd=188 id=210 type=17 name=sys_exit_submit tag=0e933856cf851791 jited_len=11237 xlated_len=17896 nr_jited_ksyms=1 ksym0=0xffffffffc040b394 ksym1=0x0
[567.087357 pid=12507 tid=12519] BPF_MAP_UPDATE_ELEM prog_array name=sys_exit_submit map_fd=17 map_id=367 key=531 prog_fd=188 prog_id=210 flags=0 ret=0 errno=0
[567.087440 pid=12507 tid=12519] native-loader jit-info prog_array-target fd=188 id=210 type=17 name=sys_exit_submit tag=0e933856cf851791 jited_len=11237 xlated_len=17896 nr_jited_ksyms=1 ksym0=0xffffffffc040b394 ksym1=0x0
[567.087530 pid=12507 tid=12519] BPF_MAP_UPDATE_ELEM prog_array name=sys_exit_submit map_fd=17 map_id=367 key=532 prog_fd=188 prog_id=210 flags=0 ret=0 errno=0
[567.087614 pid=12507 tid=12519] native-loader jit-info prog_array-target fd=188 id=210 type=17 name=sys_exit_submit tag=0e933856cf851791 jited_len=11237 xlated_len=17896 nr_jited_ksyms=1 ksym0=0xffffffffc040b394 ksym1=0x0
[567.087704 pid=12507 tid=12519] BPF_MAP_UPDATE_ELEM prog_array name=sys_exit_submit map_fd=17 map_id=367 key=533 prog_fd=188 prog_id=210 flags=0 ret=0 errno=0
[567.087787 pid=12507 tid=12519] native-loader jit-info prog_array-target fd=188 id=210 type=17 name=sys_exit_submit tag=0e933856cf851791 jited_len=11237 xlated_len=17896 nr_jited_ksyms=1 ksym0=0xffffffffc040b394 ksym1=0x0
[567.087877 pid=12507 tid=12519] BPF_MAP_UPDATE_ELEM prog_array name=sys_exit_submit map_fd=17 map_id=367 key=534 prog_fd=188 prog_id=210 flags=0 ret=0 errno=0
[567.087961 pid=12507 tid=12519] native-loader jit-info prog_array-target fd=188 id=210 type=17 name=sys_exit_submit tag=0e933856cf851791 jited_len=11237 xlated_len=17896 nr_jited_ksyms=1 ksym0=0xffffffffc040b394 ksym1=0x0
[567.088085 pid=12507 tid=12519] BPF_MAP_UPDATE_ELEM prog_array name=sys_enter_tails map_fd=14 map_id=364 key=322 prog_fd=197 prog_id=261 flags=0 ret=0 errno=0
[567.088192 pid=12507 tid=12519] native-loader jit-info prog_array-target fd=197 id=261 type=17 name=syscall__execve tag=3ce52067b9acb64b jited_len=21326 xlated_len=29728 nr_jited_ksyms=1 ksym0=0xffffffffc044032c ksym1=0x0
[567.090019 pid=12507 tid=12519] BPF_MAP_UPDATE_ELEM prog_array name=prog_array map_fd=27 map_id=377 key=8 prog_fd=256 prog_id=564 flags=0 ret=0 errno=0
[567.090145 pid=12507 tid=12519] native-loader jit-info prog_array-target fd=256 id=564 type=2 name=process_execute tag=79def13817177e88 jited_len=10967 xlated_len=16888 nr_jited_ksyms=1 ksym0=0xffffffffc0574224 ksym1=0x0
[567.090830 pid=12507 tid=12519] BPF_MAP_UPDATE_ELEM prog_array name=prog_array_tp map_fd=29 map_id=379 key=5 prog_fd=183 prog_id=306 flags=0 ret=0 errno=0
[567.091151 pid=12507 tid=12519] native-loader jit-info prog_array-target fd=183 id=306 type=17 name=sched_process_e tag=2dd97e948e8775a7 jited_len=20479 xlated_len=31352 nr_jited_ksyms=1 ksym0=0xffffffffc04779dc ksym1=0x0
[567.091279 pid=12507 tid=12519] BPF_MAP_UPDATE_ELEM prog_array name=prog_array map_fd=27 map_id=377 key=10 prog_fd=206 prog_id=288 flags=0 ret=0 errno=0
[567.091387 pid=12507 tid=12519] native-loader jit-info prog_array-target fd=206 id=288 type=2 name=lkm_seeker_kset tag=16bbd97b4105af8f jited_len=49773 xlated_len=86328 nr_jited_ksyms=1 ksym0=0xffffffffc045bcdc ksym1=0x0
[567.091656 pid=12507 tid=12519] BPF_MAP_UPDATE_ELEM prog_array name=prog_array map_fd=27 map_id=377 key=13 prog_fd=203 prog_id=276 flags=0 ret=0 errno=0
[567.091946 pid=12507 tid=12519] native-loader jit-info prog_array-target fd=203 id=276 type=2 name=lkm_seeker_modt tag=951f7e2fdbf8d772 jited_len=48657 xlated_len=85040 nr_jited_ksyms=1 ksym0=0xffffffffc044fea4 ksym1=0x0
[567.092047 pid=12507 tid=12519] BPF_MAP_UPDATE_ELEM prog_array name=sys_exit_tails map_fd=18 map_id=368 key=59 prog_fd=195 prog_id=258 flags=0 ret=0 errno=0
[567.092143 pid=12507 tid=12519] native-loader jit-info prog_array-target fd=195 id=258 type=17 name=syscall__execve tag=ee297cd3b98e2b29 jited_len=21188 xlated_len=29544 nr_jited_ksyms=1 ksym0=0xffffffffc0435c8c ksym1=0x0
[567.092238 pid=12507 tid=12519] BPF_MAP_UPDATE_ELEM prog_array name=sys_enter_submi map_fd=13 map_id=363 key=0 prog_fd=187 prog_id=201 flags=0 ret=0 errno=0
[567.092334 pid=12507 tid=12519] native-loader jit-info prog_array-target fd=187 id=201 type=17 name=sys_enter_submi tag=86788343832bb66a jited_len=15860 xlated_len=25352 nr_jited_ksyms=1 ksym0=0xffffffffc040757c ksym1=0x0
[567.092423 pid=12507 tid=12519] BPF_MAP_UPDATE_ELEM prog_array name=sys_enter_submi map_fd=13 map_id=363 key=1 prog_fd=187 prog_id=201 flags=0 ret=0 errno=0
[567.092509 pid=12507 tid=12519] native-loader jit-info prog_array-target fd=187 id=201 type=17 name=sys_enter_submi tag=86788343832bb66a jited_len=15860 xlated_len=25352 nr_jited_ksyms=1 ksym0=0xffffffffc040757c ksym1=0x0
[567.092599 pid=12507 tid=12519] BPF_MAP_UPDATE_ELEM prog_array name=sys_enter_submi map_fd=13 map_id=363 key=2 prog_fd=187 prog_id=201 flags=0 ret=0 errno=0
[567.092685 pid=12507 tid=12519] native-loader jit-info prog_array-target fd=187 id=201 type=17 name=sys_enter_submi tag=86788343832bb66a jited_len=15860 xlated_len=25352 nr_jited_ksyms=1 ksym0=0xffffffffc040757c ksym1=0x0
[567.092774 pid=12507 tid=12519] BPF_MAP_UPDATE_ELEM prog_array name=sys_enter_submi map_fd=13 map_id=363 key=3 prog_fd=187 prog_id=201 flags=0 ret=0 errno=0
[567.092859 pid=12507 tid=12519] native-loader jit-info prog_array-target fd=187 id=201 type=17 name=sys_enter_submi tag=86788343832bb66a jited_len=15860 xlated_len=25352 nr_jited_ksyms=1 ksym0=0xffffffffc040757c ksym1=0x0
[567.092947 pid=12507 tid=12519] BPF_MAP_UPDATE_ELEM prog_array name=sys_enter_submi map_fd=13 map_id=363 key=4 prog_fd=187 prog_id=201 flags=0 ret=0 errno=0
[567.093033 pid=12507 tid=12519] native-loader jit-info prog_array-target fd=187 id=201 type=17 name=sys_enter_submi tag=86788343832bb66a jited_len=15860 xlated_len=25352 nr_jited_ksyms=1 ksym0=0xffffffffc040757c ksym1=0x0
[567.093124 pid=12507 tid=12519] BPF_MAP_UPDATE_ELEM prog_array name=sys_enter_submi map_fd=13 map_id=363 key=5 prog_fd=187 prog_id=201 flags=0 ret=0 errno=0
[567.093209 pid=12507 tid=12519] native-loader jit-info prog_array-target fd=187 id=201 type=17 name=sys_enter_submi tag=86788343832bb66a jited_len=15860 xlated_len=25352 nr_jited_ksyms=1 ksym0=0xffffffffc040757c ksym1=0x0
[567.093299 pid=12507 tid=12519] BPF_MAP_UPDATE_ELEM prog_array name=sys_enter_submi map_fd=13 map_id=363 key=6 prog_fd=187 prog_id=201 flags=0 ret=0 errno=0
[567.093384 pid=12507 tid=12519] native-loader jit-info prog_array-target fd=187 id=201 type=17 name=sys_enter_submi tag=86788343832bb66a jited_len=15860 xlated_len=25352 nr_jited_ksyms=1 ksym0=0xffffffffc040757c ksym1=0x0
[567.093473 pid=12507 tid=12519] BPF_MAP_UPDATE_ELEM prog_array name=sys_enter_submi map_fd=13 map_id=363 key=7 prog_fd=187 prog_id=201 flags=0 ret=0 errno=0
[567.093558 pid=12507 tid=12519] native-loader jit-info prog_array-target fd=187 id=201 type=17 name=sys_enter_submi tag=86788343832bb66a jited_len=15860 xlated_len=25352 nr_jited_ksyms=1 ksym0=0xffffffffc040757c ksym1=0x0
[567.093647 pid=12507 tid=12519] BPF_MAP_UPDATE_ELEM prog_array name=sys_enter_submi map_fd=13 map_id=363 key=8 prog_fd=187 prog_id=201 flags=0 ret=0 errno=0
[567.093733 pid=12507 tid=12519] native-loader jit-info prog_array-target fd=187 id=201 type=17 name=sys_enter_submi tag=86788343832bb66a jited_len=15860 xlated_len=25352 nr_jited_ksyms=1 ksym0=0xffffffffc040757c ksym1=0x0
[567.093821 pid=12507 tid=12519] BPF_MAP_UPDATE_ELEM prog_array name=sys_enter_submi map_fd=13 map_id=363 key=9 prog_fd=187 prog_id=201 flags=0 ret=0 errno=0
[567.093907 pid=12507 tid=12519] native-loader jit-info prog_array-target fd=187 id=201 type=17 name=sys_enter_submi tag=86788343832bb66a jited_len=15860 xlated_len=25352 nr_jited_ksyms=1 ksym0=0xffffffffc040757c ksym1=0x0
[567.093997 pid=12507 tid=12519] BPF_MAP_UPDATE_ELEM prog_array name=sys_enter_submi map_fd=13 map_id=363 key=10 prog_fd=187 prog_id=201 flags=0 ret=0 errno=0
[567.094084 pid=12507 tid=12519] native-loader jit-info prog_array-target fd=187 id=201 type=17 name=sys_enter_submi tag=86788343832bb66a jited_len=15860 xlated_len=25352 nr_jited_ksyms=1 ksym0=0xffffffffc040757c ksym1=0x0
[567.094173 pid=12507 tid=12519] BPF_MAP_UPDATE_ELEM prog_array name=sys_enter_submi map_fd=13 map_id=363 key=11 prog_fd=187 prog_id=201 flags=0 ret=0 errno=0
[567.094258 pid=12507 tid=12519] native-loader jit-info prog_array-target fd=187 id=201 type=17 name=sys_enter_submi tag=86788343832bb66a jited_len=15860 xlated_len=25352 nr_jited_ksyms=1 ksym0=0xffffffffc040757c ksym1=0x0
[567.094347 pid=12507 tid=12519] BPF_MAP_UPDATE_ELEM prog_array name=sys_enter_submi map_fd=13 map_id=363 key=12 prog_fd=187 prog_id=201 flags=0 ret=0 errno=0
[567.094431 pid=12507 tid=12519] native-loader jit-info prog_array-target fd=187 id=201 type=17 name=sys_enter_submi tag=86788343832bb66a jited_len=15860 xlated_len=25352 nr_jited_ksyms=1 ksym0=0xffffffffc040757c ksym1=0x0
[567.094520 pid=12507 tid=12519] BPF_MAP_UPDATE_ELEM prog_array name=sys_enter_submi map_fd=13 map_id=363 key=13 prog_fd=187 prog_id=201 flags=0 ret=0 errno=0
[567.094605 pid=12507 tid=12519] native-loader jit-info prog_array-target fd=187 id=201 type=17 name=sys_enter_submi tag=86788343832bb66a jited_len=15860 xlated_len=25352 nr_jited_ksyms=1 ksym0=0xffffffffc040757c ksym1=0x0
[567.094695 pid=12507 tid=12519] BPF_MAP_UPDATE_ELEM prog_array name=sys_enter_submi map_fd=13 map_id=363 key=14 prog_fd=187 prog_id=201 flags=0 ret=0 errno=0
[567.094780 pid=12507 tid=12519] native-loader jit-info prog_array-target fd=187 id=201 type=17 name=sys_enter_submi tag=86788343832bb66a jited_len=15860 xlated_len=25352 nr_jited_ksyms=1 ksym0=0xffffffffc040757c ksym1=0x0
[567.094869 pid=12507 tid=12519] BPF_MAP_UPDATE_ELEM prog_array name=sys_enter_submi map_fd=13 map_id=363 key=15 prog_fd=187 prog_id=201 flags=0 ret=0 errno=0
[567.094955 pid=12507 tid=12519] native-loader jit-info prog_array-target fd=187 id=201 type=17 name=sys_enter_submi tag=86788343832bb66a jited_len=15860 xlated_len=25352 nr_jited_ksyms=1 ksym0=0xffffffffc040757c ksym1=0x0
[567.095044 pid=12507 tid=12519] BPF_MAP_UPDATE_ELEM prog_array name=sys_enter_submi map_fd=13 map_id=363 key=16 prog_fd=187 prog_id=201 flags=0 ret=0 errno=0
[567.095130 pid=12507 tid=12519] native-loader jit-info prog_array-target fd=187 id=201 type=17 name=sys_enter_submi tag=86788343832bb66a jited_len=15860 xlated_len=25352 nr_jited_ksyms=1 ksym0=0xffffffffc040757c ksym1=0x0
[567.095220 pid=12507 tid=12519] BPF_MAP_UPDATE_ELEM prog_array name=sys_enter_submi map_fd=13 map_id=363 key=17 prog_fd=187 prog_id=201 flags=0 ret=0 errno=0
[567.095306 pid=12507 tid=12519] native-loader jit-info prog_array-target fd=187 id=201 type=17 name=sys_enter_submi tag=86788343832bb66a jited_len=15860 xlated_len=25352 nr_jited_ksyms=1 ksym0=0xffffffffc040757c ksym1=0x0
[567.095395 pid=12507 tid=12519] BPF_MAP_UPDATE_ELEM prog_array name=sys_enter_submi map_fd=13 map_id=363 key=18 prog_fd=187 prog_id=201 flags=0 ret=0 errno=0
[567.095481 pid=12507 tid=12519] native-loader jit-info prog_array-target fd=187 id=201 type=17 name=sys_enter_submi tag=86788343832bb66a jited_len=15860 xlated_len=25352 nr_jited_ksyms=1 ksym0=0xffffffffc040757c ksym1=0x0
[567.095570 pid=12507 tid=12519] BPF_MAP_UPDATE_ELEM prog_array name=sys_enter_submi map_fd=13 map_id=363 key=19 prog_fd=187 prog_id=201 flags=0 ret=0 errno=0
[567.095655 pid=12507 tid=12519] native-loader jit-info prog_array-target fd=187 id=201 type=17 name=sys_enter_submi tag=86788343832bb66a jited_len=15860 xlated_len=25352 nr_jited_ksyms=1 ksym0=0xffffffffc040757c ksym1=0x0
[567.095744 pid=12507 tid=12519] BPF_MAP_UPDATE_ELEM prog_array name=sys_enter_submi map_fd=13 map_id=363 key=20 prog_fd=187 prog_id=201 flags=0 ret=0 errno=0
[567.095830 pid=12507 tid=12519] native-loader jit-info prog_array-target fd=187 id=201 type=17 name=sys_enter_submi tag=86788343832bb66a jited_len=15860 xlated_len=25352 nr_jited_ksyms=1 ksym0=0xffffffffc040757c ksym1=0x0
[567.095918 pid=12507 tid=12519] BPF_MAP_UPDATE_ELEM prog_array name=sys_enter_submi map_fd=13 map_id=363 key=21 prog_fd=187 prog_id=201 flags=0 ret=0 errno=0
[567.096004 pid=12507 tid=12519] native-loader jit-info prog_array-target fd=187 id=201 type=17 name=sys_enter_submi tag=86788343832bb66a jited_len=15860 xlated_len=25352 nr_jited_ksyms=1 ksym0=0xffffffffc040757c ksym1=0x0
[567.096096 pid=12507 tid=12519] BPF_MAP_UPDATE_ELEM prog_array name=sys_enter_submi map_fd=13 map_id=363 key=22 prog_fd=187 prog_id=201 flags=0 ret=0 errno=0
[567.096181 pid=12507 tid=12519] native-loader jit-info prog_array-target fd=187 id=201 type=17 name=sys_enter_submi tag=86788343832bb66a jited_len=15860 xlated_len=25352 nr_jited_ksyms=1 ksym0=0xffffffffc040757c ksym1=0x0
[567.096270 pid=12507 tid=12519] BPF_MAP_UPDATE_ELEM prog_array name=sys_enter_submi map_fd=13 map_id=363 key=23 prog_fd=187 prog_id=201 flags=0 ret=0 errno=0
[567.096355 pid=12507 tid=12519] native-loader jit-info prog_array-target fd=187 id=201 type=17 name=sys_enter_submi tag=86788343832bb66a jited_len=15860 xlated_len=25352 nr_jited_ksyms=1 ksym0=0xffffffffc040757c ksym1=0x0
[567.096442 pid=12507 tid=12519] BPF_MAP_UPDATE_ELEM prog_array name=sys_enter_submi map_fd=13 map_id=363 key=24 prog_fd=187 prog_id=201 flags=0 ret=0 errno=0
[567.096527 pid=12507 tid=12519] native-loader jit-info prog_array-target fd=187 id=201 type=17 name=sys_enter_submi tag=86788343832bb66a jited_len=15860 xlated_len=25352 nr_jited_ksyms=1 ksym0=0xffffffffc040757c ksym1=0x0
[567.096616 pid=12507 tid=12519] BPF_MAP_UPDATE_ELEM prog_array name=sys_enter_submi map_fd=13 map_id=363 key=25 prog_fd=187 prog_id=201 flags=0 ret=0 errno=0
[567.096701 pid=12507 tid=12519] native-loader jit-info prog_array-target fd=187 id=201 type=17 name=sys_enter_submi tag=86788343832bb66a jited_len=15860 xlated_len=25352 nr_jited_ksyms=1 ksym0=0xffffffffc040757c ksym1=0x0
[567.096791 pid=12507 tid=12519] BPF_MAP_UPDATE_ELEM prog_array name=sys_enter_submi map_fd=13 map_id=363 key=26 prog_fd=187 prog_id=201 flags=0 ret=0 errno=0
[567.096877 pid=12507 tid=12519] native-loader jit-info prog_array-target fd=187 id=201 type=17 name=sys_enter_submi tag=86788343832bb66a jited_len=15860 xlated_len=25352 nr_jited_ksyms=1 ksym0=0xffffffffc040757c ksym1=0x0
[567.096965 pid=12507 tid=12519] BPF_MAP_UPDATE_ELEM prog_array name=sys_enter_submi map_fd=13 map_id=363 key=27 prog_fd=187 prog_id=201 flags=0 ret=0 errno=0
[567.097050 pid=12507 tid=12519] native-loader jit-info prog_array-target fd=187 id=201 type=17 name=sys_enter_submi tag=86788343832bb66a jited_len=15860 xlated_len=25352 nr_jited_ksyms=1 ksym0=0xffffffffc040757c ksym1=0x0
[567.097140 pid=12507 tid=12519] BPF_MAP_UPDATE_ELEM prog_array name=sys_enter_submi map_fd=13 map_id=363 key=28 prog_fd=187 prog_id=201 flags=0 ret=0 errno=0
[567.097225 pid=12507 tid=12519] native-loader jit-info prog_array-target fd=187 id=201 type=17 name=sys_enter_submi tag=86788343832bb66a jited_len=15860 xlated_len=25352 nr_jited_ksyms=1 ksym0=0xffffffffc040757c ksym1=0x0
[567.097313 pid=12507 tid=12519] BPF_MAP_UPDATE_ELEM prog_array name=sys_enter_submi map_fd=13 map_id=363 key=29 prog_fd=187 prog_id=201 flags=0 ret=0 errno=0
[567.097400 pid=12507 tid=12519] native-loader jit-info prog_array-target fd=187 id=201 type=17 name=sys_enter_submi tag=86788343832bb66a jited_len=15860 xlated_len=25352 nr_jited_ksyms=1 ksym0=0xffffffffc040757c ksym1=0x0
[567.097489 pid=12507 tid=12519] BPF_MAP_UPDATE_ELEM prog_array name=sys_enter_submi map_fd=13 map_id=363 key=30 prog_fd=187 prog_id=201 flags=0 ret=0 errno=0
[567.097575 pid=12507 tid=12519] native-loader jit-info prog_array-target fd=187 id=201 type=17 name=sys_enter_submi tag=86788343832bb66a jited_len=15860 xlated_len=25352 nr_jited_ksyms=1 ksym0=0xffffffffc040757c ksym1=0x0
[567.097664 pid=12507 tid=12519] BPF_MAP_UPDATE_ELEM prog_array name=sys_enter_submi map_fd=13 map_id=363 key=31 prog_fd=187 prog_id=201 flags=0 ret=0 errno=0
[567.097749 pid=12507 tid=12519] native-loader jit-info prog_array-target fd=187 id=201 type=17 name=sys_enter_submi tag=86788343832bb66a jited_len=15860 xlated_len=25352 nr_jited_ksyms=1 ksym0=0xffffffffc040757c ksym1=0x0
[567.097837 pid=12507 tid=12519] BPF_MAP_UPDATE_ELEM prog_array name=sys_enter_submi map_fd=13 map_id=363 key=34 prog_fd=187 prog_id=201 flags=0 ret=0 errno=0
[567.097923 pid=12507 tid=12519] native-loader jit-info prog_array-target fd=187 id=201 type=17 name=sys_enter_submi tag=86788343832bb66a jited_len=15860 xlated_len=25352 nr_jited_ksyms=1 ksym0=0xffffffffc040757c ksym1=0x0
[567.098012 pid=12507 tid=12519] BPF_MAP_UPDATE_ELEM prog_array name=sys_enter_submi map_fd=13 map_id=363 key=35 prog_fd=187 prog_id=201 flags=0 ret=0 errno=0
[567.098099 pid=12507 tid=12519] native-loader jit-info prog_array-target fd=187 id=201 type=17 name=sys_enter_submi tag=86788343832bb66a jited_len=15860 xlated_len=25352 nr_jited_ksyms=1 ksym0=0xffffffffc040757c ksym1=0x0
[567.098188 pid=12507 tid=12519] BPF_MAP_UPDATE_ELEM prog_array name=sys_enter_submi map_fd=13 map_id=363 key=36 prog_fd=187 prog_id=201 flags=0 ret=0 errno=0
[567.098273 pid=12507 tid=12519] native-loader jit-info prog_array-target fd=187 id=201 type=17 name=sys_enter_submi tag=86788343832bb66a jited_len=15860 xlated_len=25352 nr_jited_ksyms=1 ksym0=0xffffffffc040757c ksym1=0x0
[567.098363 pid=12507 tid=12519] BPF_MAP_UPDATE_ELEM prog_array name=sys_enter_submi map_fd=13 map_id=363 key=37 prog_fd=187 prog_id=201 flags=0 ret=0 errno=0
[567.098447 pid=12507 tid=12519] native-loader jit-info prog_array-target fd=187 id=201 type=17 name=sys_enter_submi tag=86788343832bb66a jited_len=15860 xlated_len=25352 nr_jited_ksyms=1 ksym0=0xffffffffc040757c ksym1=0x0
[567.098537 pid=12507 tid=12519] BPF_MAP_UPDATE_ELEM prog_array name=sys_enter_submi map_fd=13 map_id=363 key=38 prog_fd=187 prog_id=201 flags=0 ret=0 errno=0
[567.098621 pid=12507 tid=12519] native-loader jit-info prog_array-target fd=187 id=201 type=17 name=sys_enter_submi tag=86788343832bb66a jited_len=15860 xlated_len=25352 nr_jited_ksyms=1 ksym0=0xffffffffc040757c ksym1=0x0
[567.098710 pid=12507 tid=12519] BPF_MAP_UPDATE_ELEM prog_array name=sys_enter_submi map_fd=13 map_id=363 key=39 prog_fd=187 prog_id=201 flags=0 ret=0 errno=0
[567.098794 pid=12507 tid=12519] native-loader jit-info prog_array-target fd=187 id=201 type=17 name=sys_enter_submi tag=86788343832bb66a jited_len=15860 xlated_len=25352 nr_jited_ksyms=1 ksym0=0xffffffffc040757c ksym1=0x0
[567.098883 pid=12507 tid=12519] BPF_MAP_UPDATE_ELEM prog_array name=sys_enter_submi map_fd=13 map_id=363 key=40 prog_fd=187 prog_id=201 flags=0 ret=0 errno=0
[567.098968 pid=12507 tid=12519] native-loader jit-info prog_array-target fd=187 id=201 type=17 name=sys_enter_submi tag=86788343832bb66a jited_len=15860 xlated_len=25352 nr_jited_ksyms=1 ksym0=0xffffffffc040757c ksym1=0x0
[567.099058 pid=12507 tid=12519] BPF_MAP_UPDATE_ELEM prog_array name=sys_enter_submi map_fd=13 map_id=363 key=41 prog_fd=187 prog_id=201 flags=0 ret=0 errno=0
[567.099144 pid=12507 tid=12519] native-loader jit-info prog_array-target fd=187 id=201 type=17 name=sys_enter_submi tag=86788343832bb66a jited_len=15860 xlated_len=25352 nr_jited_ksyms=1 ksym0=0xffffffffc040757c ksym1=0x0
[567.099233 pid=12507 tid=12519] BPF_MAP_UPDATE_ELEM prog_array name=sys_enter_submi map_fd=13 map_id=363 key=42 prog_fd=187 prog_id=201 flags=0 ret=0 errno=0
[567.099318 pid=12507 tid=12519] native-loader jit-info prog_array-target fd=187 id=201 type=17 name=sys_enter_submi tag=86788343832bb66a jited_len=15860 xlated_len=25352 nr_jited_ksyms=1 ksym0=0xffffffffc040757c ksym1=0x0
[567.099407 pid=12507 tid=12519] BPF_MAP_UPDATE_ELEM prog_array name=sys_enter_submi map_fd=13 map_id=363 key=43 prog_fd=187 prog_id=201 flags=0 ret=0 errno=0
[567.099493 pid=12507 tid=12519] native-loader jit-info prog_array-target fd=187 id=201 type=17 name=sys_enter_submi tag=86788343832bb66a jited_len=15860 xlated_len=25352 nr_jited_ksyms=1 ksym0=0xffffffffc040757c ksym1=0x0
[567.099585 pid=12507 tid=12519] BPF_MAP_UPDATE_ELEM prog_array name=sys_enter_submi map_fd=13 map_id=363 key=44 prog_fd=187 prog_id=201 flags=0 ret=0 errno=0
[567.099670 pid=12507 tid=12519] native-loader jit-info prog_array-target fd=187 id=201 type=17 name=sys_enter_submi tag=86788343832bb66a jited_len=15860 xlated_len=25352 nr_jited_ksyms=1 ksym0=0xffffffffc040757c ksym1=0x0
[567.099759 pid=12507 tid=12519] BPF_MAP_UPDATE_ELEM prog_array name=sys_enter_submi map_fd=13 map_id=363 key=45 prog_fd=187 prog_id=201 flags=0 ret=0 errno=0
[567.099845 pid=12507 tid=12519] native-loader jit-info prog_array-target fd=187 id=201 type=17 name=sys_enter_submi tag=86788343832bb66a jited_len=15860 xlated_len=25352 nr_jited_ksyms=1 ksym0=0xffffffffc040757c ksym1=0x0
[567.099933 pid=12507 tid=12519] BPF_MAP_UPDATE_ELEM prog_array name=sys_enter_submi map_fd=13 map_id=363 key=46 prog_fd=187 prog_id=201 flags=0 ret=0 errno=0
[567.100018 pid=12507 tid=12519] native-loader jit-info prog_array-target fd=187 id=201 type=17 name=sys_enter_submi tag=86788343832bb66a jited_len=15860 xlated_len=25352 nr_jited_ksyms=1 ksym0=0xffffffffc040757c ksym1=0x0
[567.100108 pid=12507 tid=12519] BPF_MAP_UPDATE_ELEM prog_array name=sys_enter_submi map_fd=13 map_id=363 key=47 prog_fd=187 prog_id=201 flags=0 ret=0 errno=0
[567.100193 pid=12507 tid=12519] native-loader jit-info prog_array-target fd=187 id=201 type=17 name=sys_enter_submi tag=86788343832bb66a jited_len=15860 xlated_len=25352 nr_jited_ksyms=1 ksym0=0xffffffffc040757c ksym1=0x0
[567.100282 pid=12507 tid=12519] BPF_MAP_UPDATE_ELEM prog_array name=sys_enter_submi map_fd=13 map_id=363 key=48 prog_fd=187 prog_id=201 flags=0 ret=0 errno=0
[567.100367 pid=12507 tid=12519] native-loader jit-info prog_array-target fd=187 id=201 type=17 name=sys_enter_submi tag=86788343832bb66a jited_len=15860 xlated_len=25352 nr_jited_ksyms=1 ksym0=0xffffffffc040757c ksym1=0x0
[567.100456 pid=12507 tid=12519] BPF_MAP_UPDATE_ELEM prog_array name=sys_enter_submi map_fd=13 map_id=363 key=49 prog_fd=187 prog_id=201 flags=0 ret=0 errno=0
[567.100541 pid=12507 tid=12519] native-loader jit-info prog_array-target fd=187 id=201 type=17 name=sys_enter_submi tag=86788343832bb66a jited_len=15860 xlated_len=25352 nr_jited_ksyms=1 ksym0=0xffffffffc040757c ksym1=0x0
[567.100630 pid=12507 tid=12519] BPF_MAP_UPDATE_ELEM prog_array name=sys_enter_submi map_fd=13 map_id=363 key=50 prog_fd=187 prog_id=201 flags=0 ret=0 errno=0
[567.100715 pid=12507 tid=12519] native-loader jit-info prog_array-target fd=187 id=201 type=17 name=sys_enter_submi tag=86788343832bb66a jited_len=15860 xlated_len=25352 nr_jited_ksyms=1 ksym0=0xffffffffc040757c ksym1=0x0
[567.100805 pid=12507 tid=12519] BPF_MAP_UPDATE_ELEM prog_array name=sys_enter_submi map_fd=13 map_id=363 key=51 prog_fd=187 prog_id=201 flags=0 ret=0 errno=0
[567.100890 pid=12507 tid=12519] native-loader jit-info prog_array-target fd=187 id=201 type=17 name=sys_enter_submi tag=86788343832bb66a jited_len=15860 xlated_len=25352 nr_jited_ksyms=1 ksym0=0xffffffffc040757c ksym1=0x0
[567.100979 pid=12507 tid=12519] BPF_MAP_UPDATE_ELEM prog_array name=sys_enter_submi map_fd=13 map_id=363 key=52 prog_fd=187 prog_id=201 flags=0 ret=0 errno=0
[567.101063 pid=12507 tid=12519] native-loader jit-info prog_array-target fd=187 id=201 type=17 name=sys_enter_submi tag=86788343832bb66a jited_len=15860 xlated_len=25352 nr_jited_ksyms=1 ksym0=0xffffffffc040757c ksym1=0x0
[567.101155 pid=12507 tid=12519] BPF_MAP_UPDATE_ELEM prog_array name=sys_enter_submi map_fd=13 map_id=363 key=53 prog_fd=187 prog_id=201 flags=0 ret=0 errno=0
[567.101240 pid=12507 tid=12519] native-loader jit-info prog_array-target fd=187 id=201 type=17 name=sys_enter_submi tag=86788343832bb66a jited_len=15860 xlated_len=25352 nr_jited_ksyms=1 ksym0=0xffffffffc040757c ksym1=0x0
[567.101329 pid=12507 tid=12519] BPF_MAP_UPDATE_ELEM prog_array name=sys_enter_submi map_fd=13 map_id=363 key=54 prog_fd=187 prog_id=201 flags=0 ret=0 errno=0
[567.101415 pid=12507 tid=12519] native-loader jit-info prog_array-target fd=187 id=201 type=17 name=sys_enter_submi tag=86788343832bb66a jited_len=15860 xlated_len=25352 nr_jited_ksyms=1 ksym0=0xffffffffc040757c ksym1=0x0
[567.101504 pid=12507 tid=12519] BPF_MAP_UPDATE_ELEM prog_array name=sys_enter_submi map_fd=13 map_id=363 key=55 prog_fd=187 prog_id=201 flags=0 ret=0 errno=0
[567.101589 pid=12507 tid=12519] native-loader jit-info prog_array-target fd=187 id=201 type=17 name=sys_enter_submi tag=86788343832bb66a jited_len=15860 xlated_len=25352 nr_jited_ksyms=1 ksym0=0xffffffffc040757c ksym1=0x0
[567.101679 pid=12507 tid=12519] BPF_MAP_UPDATE_ELEM prog_array name=sys_enter_submi map_fd=13 map_id=363 key=56 prog_fd=187 prog_id=201 flags=0 ret=0 errno=0
[567.101763 pid=12507 tid=12519] native-loader jit-info prog_array-target fd=187 id=201 type=17 name=sys_enter_submi tag=86788343832bb66a jited_len=15860 xlated_len=25352 nr_jited_ksyms=1 ksym0=0xffffffffc040757c ksym1=0x0
[567.101853 pid=12507 tid=12519] BPF_MAP_UPDATE_ELEM prog_array name=sys_enter_submi map_fd=13 map_id=363 key=57 prog_fd=187 prog_id=201 flags=0 ret=0 errno=0
[567.101938 pid=12507 tid=12519] native-loader jit-info prog_array-target fd=187 id=201 type=17 name=sys_enter_submi tag=86788343832bb66a jited_len=15860 xlated_len=25352 nr_jited_ksyms=1 ksym0=0xffffffffc040757c ksym1=0x0
[567.102028 pid=12507 tid=12519] BPF_MAP_UPDATE_ELEM prog_array name=sys_enter_submi map_fd=13 map_id=363 key=58 prog_fd=187 prog_id=201 flags=0 ret=0 errno=0
[567.102114 pid=12507 tid=12519] native-loader jit-info prog_array-target fd=187 id=201 type=17 name=sys_enter_submi tag=86788343832bb66a jited_len=15860 xlated_len=25352 nr_jited_ksyms=1 ksym0=0xffffffffc040757c ksym1=0x0
[567.102204 pid=12507 tid=12519] BPF_MAP_UPDATE_ELEM prog_array name=sys_enter_submi map_fd=13 map_id=363 key=59 prog_fd=187 prog_id=201 flags=0 ret=0 errno=0
[567.102289 pid=12507 tid=12519] native-loader jit-info prog_array-target fd=187 id=201 type=17 name=sys_enter_submi tag=86788343832bb66a jited_len=15860 xlated_len=25352 nr_jited_ksyms=1 ksym0=0xffffffffc040757c ksym1=0x0
[567.102378 pid=12507 tid=12519] BPF_MAP_UPDATE_ELEM prog_array name=sys_enter_submi map_fd=13 map_id=363 key=60 prog_fd=187 prog_id=201 flags=0 ret=0 errno=0
[567.102463 pid=12507 tid=12519] native-loader jit-info prog_array-target fd=187 id=201 type=17 name=sys_enter_submi tag=86788343832bb66a jited_len=15860 xlated_len=25352 nr_jited_ksyms=1 ksym0=0xffffffffc040757c ksym1=0x0
[567.102553 pid=12507 tid=12519] BPF_MAP_UPDATE_ELEM prog_array name=sys_enter_submi map_fd=13 map_id=363 key=61 prog_fd=187 prog_id=201 flags=0 ret=0 errno=0
[567.102638 pid=12507 tid=12519] native-loader jit-info prog_array-target fd=187 id=201 type=17 name=sys_enter_submi tag=86788343832bb66a jited_len=15860 xlated_len=25352 nr_jited_ksyms=1 ksym0=0xffffffffc040757c ksym1=0x0
[567.102726 pid=12507 tid=12519] BPF_MAP_UPDATE_ELEM prog_array name=sys_enter_submi map_fd=13 map_id=363 key=62 prog_fd=187 prog_id=201 flags=0 ret=0 errno=0
[567.102811 pid=12507 tid=12519] native-loader jit-info prog_array-target fd=187 id=201 type=17 name=sys_enter_submi tag=86788343832bb66a jited_len=15860 xlated_len=25352 nr_jited_ksyms=1 ksym0=0xffffffffc040757c ksym1=0x0
[567.102901 pid=12507 tid=12519] BPF_MAP_UPDATE_ELEM prog_array name=sys_enter_submi map_fd=13 map_id=363 key=63 prog_fd=187 prog_id=201 flags=0 ret=0 errno=0
[567.102986 pid=12507 tid=12519] native-loader jit-info prog_array-target fd=187 id=201 type=17 name=sys_enter_submi tag=86788343832bb66a jited_len=15860 xlated_len=25352 nr_jited_ksyms=1 ksym0=0xffffffffc040757c ksym1=0x0
[567.103078 pid=12507 tid=12519] BPF_MAP_UPDATE_ELEM prog_array name=sys_enter_submi map_fd=13 map_id=363 key=64 prog_fd=187 prog_id=201 flags=0 ret=0 errno=0
[567.103162 pid=12507 tid=12519] native-loader jit-info prog_array-target fd=187 id=201 type=17 name=sys_enter_submi tag=86788343832bb66a jited_len=15860 xlated_len=25352 nr_jited_ksyms=1 ksym0=0xffffffffc040757c ksym1=0x0
[567.103250 pid=12507 tid=12519] BPF_MAP_UPDATE_ELEM prog_array name=sys_enter_submi map_fd=13 map_id=363 key=65 prog_fd=187 prog_id=201 flags=0 ret=0 errno=0
[567.103336 pid=12507 tid=12519] native-loader jit-info prog_array-target fd=187 id=201 type=17 name=sys_enter_submi tag=86788343832bb66a jited_len=15860 xlated_len=25352 nr_jited_ksyms=1 ksym0=0xffffffffc040757c ksym1=0x0
[567.103424 pid=12507 tid=12519] BPF_MAP_UPDATE_ELEM prog_array name=sys_enter_submi map_fd=13 map_id=363 key=66 prog_fd=187 prog_id=201 flags=0 ret=0 errno=0
[567.103509 pid=12507 tid=12519] native-loader jit-info prog_array-target fd=187 id=201 type=17 name=sys_enter_submi tag=86788343832bb66a jited_len=15860 xlated_len=25352 nr_jited_ksyms=1 ksym0=0xffffffffc040757c ksym1=0x0
[567.103598 pid=12507 tid=12519] BPF_MAP_UPDATE_ELEM prog_array name=sys_enter_submi map_fd=13 map_id=363 key=67 prog_fd=187 prog_id=201 flags=0 ret=0 errno=0
[567.103683 pid=12507 tid=12519] native-loader jit-info prog_array-target fd=187 id=201 type=17 name=sys_enter_submi tag=86788343832bb66a jited_len=15860 xlated_len=25352 nr_jited_ksyms=1 ksym0=0xffffffffc040757c ksym1=0x0
[567.103772 pid=12507 tid=12519] BPF_MAP_UPDATE_ELEM prog_array name=sys_enter_submi map_fd=13 map_id=363 key=68 prog_fd=187 prog_id=201 flags=0 ret=0 errno=0
[567.103857 pid=12507 tid=12519] native-loader jit-info prog_array-target fd=187 id=201 type=17 name=sys_enter_submi tag=86788343832bb66a jited_len=15860 xlated_len=25352 nr_jited_ksyms=1 ksym0=0xffffffffc040757c ksym1=0x0
[567.103946 pid=12507 tid=12519] BPF_MAP_UPDATE_ELEM prog_array name=sys_enter_submi map_fd=13 map_id=363 key=69 prog_fd=187 prog_id=201 flags=0 ret=0 errno=0
[567.104030 pid=12507 tid=12519] native-loader jit-info prog_array-target fd=187 id=201 type=17 name=sys_enter_submi tag=86788343832bb66a jited_len=15860 xlated_len=25352 nr_jited_ksyms=1 ksym0=0xffffffffc040757c ksym1=0x0
[567.104121 pid=12507 tid=12519] BPF_MAP_UPDATE_ELEM prog_array name=sys_enter_submi map_fd=13 map_id=363 key=70 prog_fd=187 prog_id=201 flags=0 ret=0 errno=0
[567.104206 pid=12507 tid=12519] native-loader jit-info prog_array-target fd=187 id=201 type=17 name=sys_enter_submi tag=86788343832bb66a jited_len=15860 xlated_len=25352 nr_jited_ksyms=1 ksym0=0xffffffffc040757c ksym1=0x0
[567.104295 pid=12507 tid=12519] BPF_MAP_UPDATE_ELEM prog_array name=sys_enter_submi map_fd=13 map_id=363 key=71 prog_fd=187 prog_id=201 flags=0 ret=0 errno=0
[567.104381 pid=12507 tid=12519] native-loader jit-info prog_array-target fd=187 id=201 type=17 name=sys_enter_submi tag=86788343832bb66a jited_len=15860 xlated_len=25352 nr_jited_ksyms=1 ksym0=0xffffffffc040757c ksym1=0x0
[567.104471 pid=12507 tid=12519] BPF_MAP_UPDATE_ELEM prog_array name=sys_enter_submi map_fd=13 map_id=363 key=72 prog_fd=187 prog_id=201 flags=0 ret=0 errno=0
[567.104557 pid=12507 tid=12519] native-loader jit-info prog_array-target fd=187 id=201 type=17 name=sys_enter_submi tag=86788343832bb66a jited_len=15860 xlated_len=25352 nr_jited_ksyms=1 ksym0=0xffffffffc040757c ksym1=0x0
[567.104646 pid=12507 tid=12519] BPF_MAP_UPDATE_ELEM prog_array name=sys_enter_submi map_fd=13 map_id=363 key=73 prog_fd=187 prog_id=201 flags=0 ret=0 errno=0
[567.104731 pid=12507 tid=12519] native-loader jit-info prog_array-target fd=187 id=201 type=17 name=sys_enter_submi tag=86788343832bb66a jited_len=15860 xlated_len=25352 nr_jited_ksyms=1 ksym0=0xffffffffc040757c ksym1=0x0
[567.104824 pid=12507 tid=12519] BPF_MAP_UPDATE_ELEM prog_array name=sys_enter_submi map_fd=13 map_id=363 key=74 prog_fd=187 prog_id=201 flags=0 ret=0 errno=0
[567.104906 pid=12507 tid=12519] native-loader jit-info prog_array-target fd=187 id=201 type=17 name=sys_enter_submi tag=86788343832bb66a jited_len=15860 xlated_len=25352 nr_jited_ksyms=1 ksym0=0xffffffffc040757c ksym1=0x0
[567.104995 pid=12507 tid=12519] BPF_MAP_UPDATE_ELEM prog_array name=sys_enter_submi map_fd=13 map_id=363 key=75 prog_fd=187 prog_id=201 flags=0 ret=0 errno=0
[567.105081 pid=12507 tid=12519] native-loader jit-info prog_array-target fd=187 id=201 type=17 name=sys_enter_submi tag=86788343832bb66a jited_len=15860 xlated_len=25352 nr_jited_ksyms=1 ksym0=0xffffffffc040757c ksym1=0x0
[567.105170 pid=12507 tid=12519] BPF_MAP_UPDATE_ELEM prog_array name=sys_enter_submi map_fd=13 map_id=363 key=76 prog_fd=187 prog_id=201 flags=0 ret=0 errno=0
[567.105255 pid=12507 tid=12519] native-loader jit-info prog_array-target fd=187 id=201 type=17 name=sys_enter_submi tag=86788343832bb66a jited_len=15860 xlated_len=25352 nr_jited_ksyms=1 ksym0=0xffffffffc040757c ksym1=0x0
[567.105344 pid=12507 tid=12519] BPF_MAP_UPDATE_ELEM prog_array name=sys_enter_submi map_fd=13 map_id=363 key=77 prog_fd=187 prog_id=201 flags=0 ret=0 errno=0
[567.105429 pid=12507 tid=12519] native-loader jit-info prog_array-target fd=187 id=201 type=17 name=sys_enter_submi tag=86788343832bb66a jited_len=15860 xlated_len=25352 nr_jited_ksyms=1 ksym0=0xffffffffc040757c ksym1=0x0
[567.105518 pid=12507 tid=12519] BPF_MAP_UPDATE_ELEM prog_array name=sys_enter_submi map_fd=13 map_id=363 key=78 prog_fd=187 prog_id=201 flags=0 ret=0 errno=0
[567.105603 pid=12507 tid=12519] native-loader jit-info prog_array-target fd=187 id=201 type=17 name=sys_enter_submi tag=86788343832bb66a jited_len=15860 xlated_len=25352 nr_jited_ksyms=1 ksym0=0xffffffffc040757c ksym1=0x0
[567.105692 pid=12507 tid=12519] BPF_MAP_UPDATE_ELEM prog_array name=sys_enter_submi map_fd=13 map_id=363 key=79 prog_fd=187 prog_id=201 flags=0 ret=0 errno=0
[567.105777 pid=12507 tid=12519] native-loader jit-info prog_array-target fd=187 id=201 type=17 name=sys_enter_submi tag=86788343832bb66a jited_len=15860 xlated_len=25352 nr_jited_ksyms=1 ksym0=0xffffffffc040757c ksym1=0x0
[567.105866 pid=12507 tid=12519] BPF_MAP_UPDATE_ELEM prog_array name=sys_enter_submi map_fd=13 map_id=363 key=80 prog_fd=187 prog_id=201 flags=0 ret=0 errno=0
[567.105950 pid=12507 tid=12519] native-loader jit-info prog_array-target fd=187 id=201 type=17 name=sys_enter_submi tag=86788343832bb66a jited_len=15860 xlated_len=25352 nr_jited_ksyms=1 ksym0=0xffffffffc040757c ksym1=0x0
[567.106039 pid=12507 tid=12519] BPF_MAP_UPDATE_ELEM prog_array name=sys_enter_submi map_fd=13 map_id=363 key=81 prog_fd=187 prog_id=201 flags=0 ret=0 errno=0
[567.106126 pid=12507 tid=12519] native-loader jit-info prog_array-target fd=187 id=201 type=17 name=sys_enter_submi tag=86788343832bb66a jited_len=15860 xlated_len=25352 nr_jited_ksyms=1 ksym0=0xffffffffc040757c ksym1=0x0
[567.106215 pid=12507 tid=12519] BPF_MAP_UPDATE_ELEM prog_array name=sys_enter_submi map_fd=13 map_id=363 key=82 prog_fd=187 prog_id=201 flags=0 ret=0 errno=0
[567.106300 pid=12507 tid=12519] native-loader jit-info prog_array-target fd=187 id=201 type=17 name=sys_enter_submi tag=86788343832bb66a jited_len=15860 xlated_len=25352 nr_jited_ksyms=1 ksym0=0xffffffffc040757c ksym1=0x0
[567.106389 pid=12507 tid=12519] BPF_MAP_UPDATE_ELEM prog_array name=sys_enter_submi map_fd=13 map_id=363 key=83 prog_fd=187 prog_id=201 flags=0 ret=0 errno=0
[567.106474 pid=12507 tid=12519] native-loader jit-info prog_array-target fd=187 id=201 type=17 name=sys_enter_submi tag=86788343832bb66a jited_len=15860 xlated_len=25352 nr_jited_ksyms=1 ksym0=0xffffffffc040757c ksym1=0x0
[567.106563 pid=12507 tid=12519] BPF_MAP_UPDATE_ELEM prog_array name=sys_enter_submi map_fd=13 map_id=363 key=84 prog_fd=187 prog_id=201 flags=0 ret=0 errno=0
[567.106648 pid=12507 tid=12519] native-loader jit-info prog_array-target fd=187 id=201 type=17 name=sys_enter_submi tag=86788343832bb66a jited_len=15860 xlated_len=25352 nr_jited_ksyms=1 ksym0=0xffffffffc040757c ksym1=0x0
[567.106737 pid=12507 tid=12519] BPF_MAP_UPDATE_ELEM prog_array name=sys_enter_submi map_fd=13 map_id=363 key=85 prog_fd=187 prog_id=201 flags=0 ret=0 errno=0
[567.106822 pid=12507 tid=12519] native-loader jit-info prog_array-target fd=187 id=201 type=17 name=sys_enter_submi tag=86788343832bb66a jited_len=15860 xlated_len=25352 nr_jited_ksyms=1 ksym0=0xffffffffc040757c ksym1=0x0
[567.106911 pid=12507 tid=12519] BPF_MAP_UPDATE_ELEM prog_array name=sys_enter_submi map_fd=13 map_id=363 key=86 prog_fd=187 prog_id=201 flags=0 ret=0 errno=0
[567.106997 pid=12507 tid=12519] native-loader jit-info prog_array-target fd=187 id=201 type=17 name=sys_enter_submi tag=86788343832bb66a jited_len=15860 xlated_len=25352 nr_jited_ksyms=1 ksym0=0xffffffffc040757c ksym1=0x0
[567.107087 pid=12507 tid=12519] BPF_MAP_UPDATE_ELEM prog_array name=sys_enter_submi map_fd=13 map_id=363 key=87 prog_fd=187 prog_id=201 flags=0 ret=0 errno=0
[567.107174 pid=12507 tid=12519] native-loader jit-info prog_array-target fd=187 id=201 type=17 name=sys_enter_submi tag=86788343832bb66a jited_len=15860 xlated_len=25352 nr_jited_ksyms=1 ksym0=0xffffffffc040757c ksym1=0x0
[567.107264 pid=12507 tid=12519] BPF_MAP_UPDATE_ELEM prog_array name=sys_enter_submi map_fd=13 map_id=363 key=88 prog_fd=187 prog_id=201 flags=0 ret=0 errno=0
[567.107348 pid=12507 tid=12519] native-loader jit-info prog_array-target fd=187 id=201 type=17 name=sys_enter_submi tag=86788343832bb66a jited_len=15860 xlated_len=25352 nr_jited_ksyms=1 ksym0=0xffffffffc040757c ksym1=0x0
[567.107436 pid=12507 tid=12519] BPF_MAP_UPDATE_ELEM prog_array name=sys_enter_submi map_fd=13 map_id=363 key=89 prog_fd=187 prog_id=201 flags=0 ret=0 errno=0
[567.107520 pid=12507 tid=12519] native-loader jit-info prog_array-target fd=187 id=201 type=17 name=sys_enter_submi tag=86788343832bb66a jited_len=15860 xlated_len=25352 nr_jited_ksyms=1 ksym0=0xffffffffc040757c ksym1=0x0
[567.107611 pid=12507 tid=12519] BPF_MAP_UPDATE_ELEM prog_array name=sys_enter_submi map_fd=13 map_id=363 key=90 prog_fd=187 prog_id=201 flags=0 ret=0 errno=0
[567.107695 pid=12507 tid=12519] native-loader jit-info prog_array-target fd=187 id=201 type=17 name=sys_enter_submi tag=86788343832bb66a jited_len=15860 xlated_len=25352 nr_jited_ksyms=1 ksym0=0xffffffffc040757c ksym1=0x0
[567.107784 pid=12507 tid=12519] BPF_MAP_UPDATE_ELEM prog_array name=sys_enter_submi map_fd=13 map_id=363 key=91 prog_fd=187 prog_id=201 flags=0 ret=0 errno=0
[567.107869 pid=12507 tid=12519] native-loader jit-info prog_array-target fd=187 id=201 type=17 name=sys_enter_submi tag=86788343832bb66a jited_len=15860 xlated_len=25352 nr_jited_ksyms=1 ksym0=0xffffffffc040757c ksym1=0x0
[567.107958 pid=12507 tid=12519] BPF_MAP_UPDATE_ELEM prog_array name=sys_enter_submi map_fd=13 map_id=363 key=92 prog_fd=187 prog_id=201 flags=0 ret=0 errno=0
[567.108043 pid=12507 tid=12519] native-loader jit-info prog_array-target fd=187 id=201 type=17 name=sys_enter_submi tag=86788343832bb66a jited_len=15860 xlated_len=25352 nr_jited_ksyms=1 ksym0=0xffffffffc040757c ksym1=0x0
[567.108134 pid=12507 tid=12519] BPF_MAP_UPDATE_ELEM prog_array name=sys_enter_submi map_fd=13 map_id=363 key=93 prog_fd=187 prog_id=201 flags=0 ret=0 errno=0
[567.108219 pid=12507 tid=12519] native-loader jit-info prog_array-target fd=187 id=201 type=17 name=sys_enter_submi tag=86788343832bb66a jited_len=15860 xlated_len=25352 nr_jited_ksyms=1 ksym0=0xffffffffc040757c ksym1=0x0
[567.108308 pid=12507 tid=12519] BPF_MAP_UPDATE_ELEM prog_array name=sys_enter_submi map_fd=13 map_id=363 key=94 prog_fd=187 prog_id=201 flags=0 ret=0 errno=0
[567.108394 pid=12507 tid=12519] native-loader jit-info prog_array-target fd=187 id=201 type=17 name=sys_enter_submi tag=86788343832bb66a jited_len=15860 xlated_len=25352 nr_jited_ksyms=1 ksym0=0xffffffffc040757c ksym1=0x0
[567.108482 pid=12507 tid=12519] BPF_MAP_UPDATE_ELEM prog_array name=sys_enter_submi map_fd=13 map_id=363 key=95 prog_fd=187 prog_id=201 flags=0 ret=0 errno=0
[567.108567 pid=12507 tid=12519] native-loader jit-info prog_array-target fd=187 id=201 type=17 name=sys_enter_submi tag=86788343832bb66a jited_len=15860 xlated_len=25352 nr_jited_ksyms=1 ksym0=0xffffffffc040757c ksym1=0x0
[567.108656 pid=12507 tid=12519] BPF_MAP_UPDATE_ELEM prog_array name=sys_enter_submi map_fd=13 map_id=363 key=96 prog_fd=187 prog_id=201 flags=0 ret=0 errno=0
[567.108741 pid=12507 tid=12519] native-loader jit-info prog_array-target fd=187 id=201 type=17 name=sys_enter_submi tag=86788343832bb66a jited_len=15860 xlated_len=25352 nr_jited_ksyms=1 ksym0=0xffffffffc040757c ksym1=0x0
[567.108829 pid=12507 tid=12519] BPF_MAP_UPDATE_ELEM prog_array name=sys_enter_submi map_fd=13 map_id=363 key=97 prog_fd=187 prog_id=201 flags=0 ret=0 errno=0
[567.108914 pid=12507 tid=12519] native-loader jit-info prog_array-target fd=187 id=201 type=17 name=sys_enter_submi tag=86788343832bb66a jited_len=15860 xlated_len=25352 nr_jited_ksyms=1 ksym0=0xffffffffc040757c ksym1=0x0
[567.109004 pid=12507 tid=12519] BPF_MAP_UPDATE_ELEM prog_array name=sys_enter_submi map_fd=13 map_id=363 key=98 prog_fd=187 prog_id=201 flags=0 ret=0 errno=0
[567.109089 pid=12507 tid=12519] native-loader jit-info prog_array-target fd=187 id=201 type=17 name=sys_enter_submi tag=86788343832bb66a jited_len=15860 xlated_len=25352 nr_jited_ksyms=1 ksym0=0xffffffffc040757c ksym1=0x0
[567.109179 pid=12507 tid=12519] BPF_MAP_UPDATE_ELEM prog_array name=sys_enter_submi map_fd=13 map_id=363 key=99 prog_fd=187 prog_id=201 flags=0 ret=0 errno=0
[567.109263 pid=12507 tid=12519] native-loader jit-info prog_array-target fd=187 id=201 type=17 name=sys_enter_submi tag=86788343832bb66a jited_len=15860 xlated_len=25352 nr_jited_ksyms=1 ksym0=0xffffffffc040757c ksym1=0x0
[567.109352 pid=12507 tid=12519] BPF_MAP_UPDATE_ELEM prog_array name=sys_enter_submi map_fd=13 map_id=363 key=100 prog_fd=187 prog_id=201 flags=0 ret=0 errno=0
[567.109437 pid=12507 tid=12519] native-loader jit-info prog_array-target fd=187 id=201 type=17 name=sys_enter_submi tag=86788343832bb66a jited_len=15860 xlated_len=25352 nr_jited_ksyms=1 ksym0=0xffffffffc040757c ksym1=0x0
[567.109526 pid=12507 tid=12519] BPF_MAP_UPDATE_ELEM prog_array name=sys_enter_submi map_fd=13 map_id=363 key=102 prog_fd=187 prog_id=201 flags=0 ret=0 errno=0
[567.109612 pid=12507 tid=12519] native-loader jit-info prog_array-target fd=187 id=201 type=17 name=sys_enter_submi tag=86788343832bb66a jited_len=15860 xlated_len=25352 nr_jited_ksyms=1 ksym0=0xffffffffc040757c ksym1=0x0
[567.109701 pid=12507 tid=12519] BPF_MAP_UPDATE_ELEM prog_array name=sys_enter_submi map_fd=13 map_id=363 key=103 prog_fd=187 prog_id=201 flags=0 ret=0 errno=0
[567.109786 pid=12507 tid=12519] native-loader jit-info prog_array-target fd=187 id=201 type=17 name=sys_enter_submi tag=86788343832bb66a jited_len=15860 xlated_len=25352 nr_jited_ksyms=1 ksym0=0xffffffffc040757c ksym1=0x0
[567.109876 pid=12507 tid=12519] BPF_MAP_UPDATE_ELEM prog_array name=sys_enter_submi map_fd=13 map_id=363 key=104 prog_fd=187 prog_id=201 flags=0 ret=0 errno=0
[567.109960 pid=12507 tid=12519] native-loader jit-info prog_array-target fd=187 id=201 type=17 name=sys_enter_submi tag=86788343832bb66a jited_len=15860 xlated_len=25352 nr_jited_ksyms=1 ksym0=0xffffffffc040757c ksym1=0x0
[567.110050 pid=12507 tid=12519] BPF_MAP_UPDATE_ELEM prog_array name=sys_enter_submi map_fd=13 map_id=363 key=105 prog_fd=187 prog_id=201 flags=0 ret=0 errno=0
[567.110135 pid=12507 tid=12519] native-loader jit-info prog_array-target fd=187 id=201 type=17 name=sys_enter_submi tag=86788343832bb66a jited_len=15860 xlated_len=25352 nr_jited_ksyms=1 ksym0=0xffffffffc040757c ksym1=0x0
[567.110225 pid=12507 tid=12519] BPF_MAP_UPDATE_ELEM prog_array name=sys_enter_submi map_fd=13 map_id=363 key=106 prog_fd=187 prog_id=201 flags=0 ret=0 errno=0
[567.110310 pid=12507 tid=12519] native-loader jit-info prog_array-target fd=187 id=201 type=17 name=sys_enter_submi tag=86788343832bb66a jited_len=15860 xlated_len=25352 nr_jited_ksyms=1 ksym0=0xffffffffc040757c ksym1=0x0
[567.110399 pid=12507 tid=12519] BPF_MAP_UPDATE_ELEM prog_array name=sys_enter_submi map_fd=13 map_id=363 key=107 prog_fd=187 prog_id=201 flags=0 ret=0 errno=0
[567.110485 pid=12507 tid=12519] native-loader jit-info prog_array-target fd=187 id=201 type=17 name=sys_enter_submi tag=86788343832bb66a jited_len=15860 xlated_len=25352 nr_jited_ksyms=1 ksym0=0xffffffffc040757c ksym1=0x0
[567.110574 pid=12507 tid=12519] BPF_MAP_UPDATE_ELEM prog_array name=sys_enter_submi map_fd=13 map_id=363 key=108 prog_fd=187 prog_id=201 flags=0 ret=0 errno=0
[567.110660 pid=12507 tid=12519] native-loader jit-info prog_array-target fd=187 id=201 type=17 name=sys_enter_submi tag=86788343832bb66a jited_len=15860 xlated_len=25352 nr_jited_ksyms=1 ksym0=0xffffffffc040757c ksym1=0x0
[567.110749 pid=12507 tid=12519] BPF_MAP_UPDATE_ELEM prog_array name=sys_enter_submi map_fd=13 map_id=363 key=109 prog_fd=187 prog_id=201 flags=0 ret=0 errno=0
[567.110834 pid=12507 tid=12519] native-loader jit-info prog_array-target fd=187 id=201 type=17 name=sys_enter_submi tag=86788343832bb66a jited_len=15860 xlated_len=25352 nr_jited_ksyms=1 ksym0=0xffffffffc040757c ksym1=0x0
[567.110923 pid=12507 tid=12519] BPF_MAP_UPDATE_ELEM prog_array name=sys_enter_submi map_fd=13 map_id=363 key=110 prog_fd=187 prog_id=201 flags=0 ret=0 errno=0
[567.111008 pid=12507 tid=12519] native-loader jit-info prog_array-target fd=187 id=201 type=17 name=sys_enter_submi tag=86788343832bb66a jited_len=15860 xlated_len=25352 nr_jited_ksyms=1 ksym0=0xffffffffc040757c ksym1=0x0
[567.111099 pid=12507 tid=12519] BPF_MAP_UPDATE_ELEM prog_array name=sys_enter_submi map_fd=13 map_id=363 key=111 prog_fd=187 prog_id=201 flags=0 ret=0 errno=0
[567.111185 pid=12507 tid=12519] native-loader jit-info prog_array-target fd=187 id=201 type=17 name=sys_enter_submi tag=86788343832bb66a jited_len=15860 xlated_len=25352 nr_jited_ksyms=1 ksym0=0xffffffffc040757c ksym1=0x0
[567.111274 pid=12507 tid=12519] BPF_MAP_UPDATE_ELEM prog_array name=sys_enter_submi map_fd=13 map_id=363 key=112 prog_fd=187 prog_id=201 flags=0 ret=0 errno=0
[567.111358 pid=12507 tid=12519] native-loader jit-info prog_array-target fd=187 id=201 type=17 name=sys_enter_submi tag=86788343832bb66a jited_len=15860 xlated_len=25352 nr_jited_ksyms=1 ksym0=0xffffffffc040757c ksym1=0x0
[567.111447 pid=12507 tid=12519] BPF_MAP_UPDATE_ELEM prog_array name=sys_enter_submi map_fd=13 map_id=363 key=113 prog_fd=187 prog_id=201 flags=0 ret=0 errno=0
[567.111531 pid=12507 tid=12519] native-loader jit-info prog_array-target fd=187 id=201 type=17 name=sys_enter_submi tag=86788343832bb66a jited_len=15860 xlated_len=25352 nr_jited_ksyms=1 ksym0=0xffffffffc040757c ksym1=0x0
[567.111620 pid=12507 tid=12519] BPF_MAP_UPDATE_ELEM prog_array name=sys_enter_submi map_fd=13 map_id=363 key=114 prog_fd=187 prog_id=201 flags=0 ret=0 errno=0
[567.111705 pid=12507 tid=12519] native-loader jit-info prog_array-target fd=187 id=201 type=17 name=sys_enter_submi tag=86788343832bb66a jited_len=15860 xlated_len=25352 nr_jited_ksyms=1 ksym0=0xffffffffc040757c ksym1=0x0
[567.111795 pid=12507 tid=12519] BPF_MAP_UPDATE_ELEM prog_array name=sys_enter_submi map_fd=13 map_id=363 key=115 prog_fd=187 prog_id=201 flags=0 ret=0 errno=0
[567.111879 pid=12507 tid=12519] native-loader jit-info prog_array-target fd=187 id=201 type=17 name=sys_enter_submi tag=86788343832bb66a jited_len=15860 xlated_len=25352 nr_jited_ksyms=1 ksym0=0xffffffffc040757c ksym1=0x0
[567.111968 pid=12507 tid=12519] BPF_MAP_UPDATE_ELEM prog_array name=sys_enter_submi map_fd=13 map_id=363 key=116 prog_fd=187 prog_id=201 flags=0 ret=0 errno=0
[567.112053 pid=12507 tid=12519] native-loader jit-info prog_array-target fd=187 id=201 type=17 name=sys_enter_submi tag=86788343832bb66a jited_len=15860 xlated_len=25352 nr_jited_ksyms=1 ksym0=0xffffffffc040757c ksym1=0x0
[567.112145 pid=12507 tid=12519] BPF_MAP_UPDATE_ELEM prog_array name=sys_enter_submi map_fd=13 map_id=363 key=117 prog_fd=187 prog_id=201 flags=0 ret=0 errno=0
[567.112230 pid=12507 tid=12519] native-loader jit-info prog_array-target fd=187 id=201 type=17 name=sys_enter_submi tag=86788343832bb66a jited_len=15860 xlated_len=25352 nr_jited_ksyms=1 ksym0=0xffffffffc040757c ksym1=0x0
[567.112318 pid=12507 tid=12519] BPF_MAP_UPDATE_ELEM prog_array name=sys_enter_submi map_fd=13 map_id=363 key=118 prog_fd=187 prog_id=201 flags=0 ret=0 errno=0
[567.112403 pid=12507 tid=12519] native-loader jit-info prog_array-target fd=187 id=201 type=17 name=sys_enter_submi tag=86788343832bb66a jited_len=15860 xlated_len=25352 nr_jited_ksyms=1 ksym0=0xffffffffc040757c ksym1=0x0
[567.112492 pid=12507 tid=12519] BPF_MAP_UPDATE_ELEM prog_array name=sys_enter_submi map_fd=13 map_id=363 key=119 prog_fd=187 prog_id=201 flags=0 ret=0 errno=0
[567.112577 pid=12507 tid=12519] native-loader jit-info prog_array-target fd=187 id=201 type=17 name=sys_enter_submi tag=86788343832bb66a jited_len=15860 xlated_len=25352 nr_jited_ksyms=1 ksym0=0xffffffffc040757c ksym1=0x0
[567.112667 pid=12507 tid=12519] BPF_MAP_UPDATE_ELEM prog_array name=sys_enter_submi map_fd=13 map_id=363 key=120 prog_fd=187 prog_id=201 flags=0 ret=0 errno=0
[567.112751 pid=12507 tid=12519] native-loader jit-info prog_array-target fd=187 id=201 type=17 name=sys_enter_submi tag=86788343832bb66a jited_len=15860 xlated_len=25352 nr_jited_ksyms=1 ksym0=0xffffffffc040757c ksym1=0x0
[567.112841 pid=12507 tid=12519] BPF_MAP_UPDATE_ELEM prog_array name=sys_enter_submi map_fd=13 map_id=363 key=121 prog_fd=187 prog_id=201 flags=0 ret=0 errno=0
[567.112925 pid=12507 tid=12519] native-loader jit-info prog_array-target fd=187 id=201 type=17 name=sys_enter_submi tag=86788343832bb66a jited_len=15860 xlated_len=25352 nr_jited_ksyms=1 ksym0=0xffffffffc040757c ksym1=0x0
[567.113016 pid=12507 tid=12519] BPF_MAP_UPDATE_ELEM prog_array name=sys_enter_submi map_fd=13 map_id=363 key=122 prog_fd=187 prog_id=201 flags=0 ret=0 errno=0
[567.113103 pid=12507 tid=12519] native-loader jit-info prog_array-target fd=187 id=201 type=17 name=sys_enter_submi tag=86788343832bb66a jited_len=15860 xlated_len=25352 nr_jited_ksyms=1 ksym0=0xffffffffc040757c ksym1=0x0
[567.113193 pid=12507 tid=12519] BPF_MAP_UPDATE_ELEM prog_array name=sys_enter_submi map_fd=13 map_id=363 key=123 prog_fd=187 prog_id=201 flags=0 ret=0 errno=0
[567.113277 pid=12507 tid=12519] native-loader jit-info prog_array-target fd=187 id=201 type=17 name=sys_enter_submi tag=86788343832bb66a jited_len=15860 xlated_len=25352 nr_jited_ksyms=1 ksym0=0xffffffffc040757c ksym1=0x0
[567.113368 pid=12507 tid=12519] BPF_MAP_UPDATE_ELEM prog_array name=sys_enter_submi map_fd=13 map_id=363 key=124 prog_fd=187 prog_id=201 flags=0 ret=0 errno=0
[567.113451 pid=12507 tid=12519] native-loader jit-info prog_array-target fd=187 id=201 type=17 name=sys_enter_submi tag=86788343832bb66a jited_len=15860 xlated_len=25352 nr_jited_ksyms=1 ksym0=0xffffffffc040757c ksym1=0x0
[567.113541 pid=12507 tid=12519] BPF_MAP_UPDATE_ELEM prog_array name=sys_enter_submi map_fd=13 map_id=363 key=125 prog_fd=187 prog_id=201 flags=0 ret=0 errno=0
[567.113624 pid=12507 tid=12519] native-loader jit-info prog_array-target fd=187 id=201 type=17 name=sys_enter_submi tag=86788343832bb66a jited_len=15860 xlated_len=25352 nr_jited_ksyms=1 ksym0=0xffffffffc040757c ksym1=0x0
[567.113714 pid=12507 tid=12519] BPF_MAP_UPDATE_ELEM prog_array name=sys_enter_submi map_fd=13 map_id=363 key=126 prog_fd=187 prog_id=201 flags=0 ret=0 errno=0
[567.113798 pid=12507 tid=12519] native-loader jit-info prog_array-target fd=187 id=201 type=17 name=sys_enter_submi tag=86788343832bb66a jited_len=15860 xlated_len=25352 nr_jited_ksyms=1 ksym0=0xffffffffc040757c ksym1=0x0
[567.113888 pid=12507 tid=12519] BPF_MAP_UPDATE_ELEM prog_array name=sys_enter_submi map_fd=13 map_id=363 key=127 prog_fd=187 prog_id=201 flags=0 ret=0 errno=0
[567.113973 pid=12507 tid=12519] native-loader jit-info prog_array-target fd=187 id=201 type=17 name=sys_enter_submi tag=86788343832bb66a jited_len=15860 xlated_len=25352 nr_jited_ksyms=1 ksym0=0xffffffffc040757c ksym1=0x0
[567.114063 pid=12507 tid=12519] BPF_MAP_UPDATE_ELEM prog_array name=sys_enter_submi map_fd=13 map_id=363 key=128 prog_fd=187 prog_id=201 flags=0 ret=0 errno=0
[567.114147 pid=12507 tid=12519] native-loader jit-info prog_array-target fd=187 id=201 type=17 name=sys_enter_submi tag=86788343832bb66a jited_len=15860 xlated_len=25352 nr_jited_ksyms=1 ksym0=0xffffffffc040757c ksym1=0x0
[567.114237 pid=12507 tid=12519] BPF_MAP_UPDATE_ELEM prog_array name=sys_enter_submi map_fd=13 map_id=363 key=129 prog_fd=187 prog_id=201 flags=0 ret=0 errno=0
[567.114321 pid=12507 tid=12519] native-loader jit-info prog_array-target fd=187 id=201 type=17 name=sys_enter_submi tag=86788343832bb66a jited_len=15860 xlated_len=25352 nr_jited_ksyms=1 ksym0=0xffffffffc040757c ksym1=0x0
[567.114411 pid=12507 tid=12519] BPF_MAP_UPDATE_ELEM prog_array name=sys_enter_submi map_fd=13 map_id=363 key=130 prog_fd=187 prog_id=201 flags=0 ret=0 errno=0
[567.114494 pid=12507 tid=12519] native-loader jit-info prog_array-target fd=187 id=201 type=17 name=sys_enter_submi tag=86788343832bb66a jited_len=15860 xlated_len=25352 nr_jited_ksyms=1 ksym0=0xffffffffc040757c ksym1=0x0
[567.114585 pid=12507 tid=12519] BPF_MAP_UPDATE_ELEM prog_array name=sys_enter_submi map_fd=13 map_id=363 key=131 prog_fd=187 prog_id=201 flags=0 ret=0 errno=0
[567.114669 pid=12507 tid=12519] native-loader jit-info prog_array-target fd=187 id=201 type=17 name=sys_enter_submi tag=86788343832bb66a jited_len=15860 xlated_len=25352 nr_jited_ksyms=1 ksym0=0xffffffffc040757c ksym1=0x0
[567.114759 pid=12507 tid=12519] BPF_MAP_UPDATE_ELEM prog_array name=sys_enter_submi map_fd=13 map_id=363 key=132 prog_fd=187 prog_id=201 flags=0 ret=0 errno=0
[567.114842 pid=12507 tid=12519] native-loader jit-info prog_array-target fd=187 id=201 type=17 name=sys_enter_submi tag=86788343832bb66a jited_len=15860 xlated_len=25352 nr_jited_ksyms=1 ksym0=0xffffffffc040757c ksym1=0x0
[567.114933 pid=12507 tid=12519] BPF_MAP_UPDATE_ELEM prog_array name=sys_enter_submi map_fd=13 map_id=363 key=133 prog_fd=187 prog_id=201 flags=0 ret=0 errno=0
[567.115016 pid=12507 tid=12519] native-loader jit-info prog_array-target fd=187 id=201 type=17 name=sys_enter_submi tag=86788343832bb66a jited_len=15860 xlated_len=25352 nr_jited_ksyms=1 ksym0=0xffffffffc040757c ksym1=0x0
[567.115109 pid=12507 tid=12519] BPF_MAP_UPDATE_ELEM prog_array name=sys_enter_submi map_fd=13 map_id=363 key=134 prog_fd=187 prog_id=201 flags=0 ret=0 errno=0
[567.115192 pid=12507 tid=12519] native-loader jit-info prog_array-target fd=187 id=201 type=17 name=sys_enter_submi tag=86788343832bb66a jited_len=15860 xlated_len=25352 nr_jited_ksyms=1 ksym0=0xffffffffc040757c ksym1=0x0
[567.115282 pid=12507 tid=12519] BPF_MAP_UPDATE_ELEM prog_array name=sys_enter_submi map_fd=13 map_id=363 key=135 prog_fd=187 prog_id=201 flags=0 ret=0 errno=0
[567.115365 pid=12507 tid=12519] native-loader jit-info prog_array-target fd=187 id=201 type=17 name=sys_enter_submi tag=86788343832bb66a jited_len=15860 xlated_len=25352 nr_jited_ksyms=1 ksym0=0xffffffffc040757c ksym1=0x0
[567.115457 pid=12507 tid=12519] BPF_MAP_UPDATE_ELEM prog_array name=sys_enter_submi map_fd=13 map_id=363 key=136 prog_fd=187 prog_id=201 flags=0 ret=0 errno=0
[567.115540 pid=12507 tid=12519] native-loader jit-info prog_array-target fd=187 id=201 type=17 name=sys_enter_submi tag=86788343832bb66a jited_len=15860 xlated_len=25352 nr_jited_ksyms=1 ksym0=0xffffffffc040757c ksym1=0x0
[567.115630 pid=12507 tid=12519] BPF_MAP_UPDATE_ELEM prog_array name=sys_enter_submi map_fd=13 map_id=363 key=137 prog_fd=187 prog_id=201 flags=0 ret=0 errno=0
[567.115714 pid=12507 tid=12519] native-loader jit-info prog_array-target fd=187 id=201 type=17 name=sys_enter_submi tag=86788343832bb66a jited_len=15860 xlated_len=25352 nr_jited_ksyms=1 ksym0=0xffffffffc040757c ksym1=0x0
[567.115805 pid=12507 tid=12519] BPF_MAP_UPDATE_ELEM prog_array name=sys_enter_submi map_fd=13 map_id=363 key=138 prog_fd=187 prog_id=201 flags=0 ret=0 errno=0
[567.115888 pid=12507 tid=12519] native-loader jit-info prog_array-target fd=187 id=201 type=17 name=sys_enter_submi tag=86788343832bb66a jited_len=15860 xlated_len=25352 nr_jited_ksyms=1 ksym0=0xffffffffc040757c ksym1=0x0
[567.115979 pid=12507 tid=12519] BPF_MAP_UPDATE_ELEM prog_array name=sys_enter_submi map_fd=13 map_id=363 key=139 prog_fd=187 prog_id=201 flags=0 ret=0 errno=0
[567.116063 pid=12507 tid=12519] native-loader jit-info prog_array-target fd=187 id=201 type=17 name=sys_enter_submi tag=86788343832bb66a jited_len=15860 xlated_len=25352 nr_jited_ksyms=1 ksym0=0xffffffffc040757c ksym1=0x0
[567.116155 pid=12507 tid=12519] BPF_MAP_UPDATE_ELEM prog_array name=sys_enter_submi map_fd=13 map_id=363 key=140 prog_fd=187 prog_id=201 flags=0 ret=0 errno=0
[567.116239 pid=12507 tid=12519] native-loader jit-info prog_array-target fd=187 id=201 type=17 name=sys_enter_submi tag=86788343832bb66a jited_len=15860 xlated_len=25352 nr_jited_ksyms=1 ksym0=0xffffffffc040757c ksym1=0x0
[567.116330 pid=12507 tid=12519] BPF_MAP_UPDATE_ELEM prog_array name=sys_enter_submi map_fd=13 map_id=363 key=141 prog_fd=187 prog_id=201 flags=0 ret=0 errno=0
[567.116413 pid=12507 tid=12519] native-loader jit-info prog_array-target fd=187 id=201 type=17 name=sys_enter_submi tag=86788343832bb66a jited_len=15860 xlated_len=25352 nr_jited_ksyms=1 ksym0=0xffffffffc040757c ksym1=0x0
[567.116504 pid=12507 tid=12519] BPF_MAP_UPDATE_ELEM prog_array name=sys_enter_submi map_fd=13 map_id=363 key=142 prog_fd=187 prog_id=201 flags=0 ret=0 errno=0
[567.116588 pid=12507 tid=12519] native-loader jit-info prog_array-target fd=187 id=201 type=17 name=sys_enter_submi tag=86788343832bb66a jited_len=15860 xlated_len=25352 nr_jited_ksyms=1 ksym0=0xffffffffc040757c ksym1=0x0
[567.116678 pid=12507 tid=12519] BPF_MAP_UPDATE_ELEM prog_array name=sys_enter_submi map_fd=13 map_id=363 key=143 prog_fd=187 prog_id=201 flags=0 ret=0 errno=0
[567.116762 pid=12507 tid=12519] native-loader jit-info prog_array-target fd=187 id=201 type=17 name=sys_enter_submi tag=86788343832bb66a jited_len=15860 xlated_len=25352 nr_jited_ksyms=1 ksym0=0xffffffffc040757c ksym1=0x0
[567.116852 pid=12507 tid=12519] BPF_MAP_UPDATE_ELEM prog_array name=sys_enter_submi map_fd=13 map_id=363 key=144 prog_fd=187 prog_id=201 flags=0 ret=0 errno=0
[567.116935 pid=12507 tid=12519] native-loader jit-info prog_array-target fd=187 id=201 type=17 name=sys_enter_submi tag=86788343832bb66a jited_len=15860 xlated_len=25352 nr_jited_ksyms=1 ksym0=0xffffffffc040757c ksym1=0x0
[567.117026 pid=12507 tid=12519] BPF_MAP_UPDATE_ELEM prog_array name=sys_enter_submi map_fd=13 map_id=363 key=145 prog_fd=187 prog_id=201 flags=0 ret=0 errno=0
[567.117114 pid=12507 tid=12519] native-loader jit-info prog_array-target fd=187 id=201 type=17 name=sys_enter_submi tag=86788343832bb66a jited_len=15860 xlated_len=25352 nr_jited_ksyms=1 ksym0=0xffffffffc040757c ksym1=0x0
[567.117205 pid=12507 tid=12519] BPF_MAP_UPDATE_ELEM prog_array name=sys_enter_submi map_fd=13 map_id=363 key=146 prog_fd=187 prog_id=201 flags=0 ret=0 errno=0
[567.117289 pid=12507 tid=12519] native-loader jit-info prog_array-target fd=187 id=201 type=17 name=sys_enter_submi tag=86788343832bb66a jited_len=15860 xlated_len=25352 nr_jited_ksyms=1 ksym0=0xffffffffc040757c ksym1=0x0
[567.117379 pid=12507 tid=12519] BPF_MAP_UPDATE_ELEM prog_array name=sys_enter_submi map_fd=13 map_id=363 key=147 prog_fd=187 prog_id=201 flags=0 ret=0 errno=0
[567.117462 pid=12507 tid=12519] native-loader jit-info prog_array-target fd=187 id=201 type=17 name=sys_enter_submi tag=86788343832bb66a jited_len=15860 xlated_len=25352 nr_jited_ksyms=1 ksym0=0xffffffffc040757c ksym1=0x0
[567.117552 pid=12507 tid=12519] BPF_MAP_UPDATE_ELEM prog_array name=sys_enter_submi map_fd=13 map_id=363 key=148 prog_fd=187 prog_id=201 flags=0 ret=0 errno=0
[567.117636 pid=12507 tid=12519] native-loader jit-info prog_array-target fd=187 id=201 type=17 name=sys_enter_submi tag=86788343832bb66a jited_len=15860 xlated_len=25352 nr_jited_ksyms=1 ksym0=0xffffffffc040757c ksym1=0x0
[567.117727 pid=12507 tid=12519] BPF_MAP_UPDATE_ELEM prog_array name=sys_enter_submi map_fd=13 map_id=363 key=149 prog_fd=187 prog_id=201 flags=0 ret=0 errno=0
[567.117810 pid=12507 tid=12519] native-loader jit-info prog_array-target fd=187 id=201 type=17 name=sys_enter_submi tag=86788343832bb66a jited_len=15860 xlated_len=25352 nr_jited_ksyms=1 ksym0=0xffffffffc040757c ksym1=0x0
[567.117901 pid=12507 tid=12519] BPF_MAP_UPDATE_ELEM prog_array name=sys_enter_submi map_fd=13 map_id=363 key=150 prog_fd=187 prog_id=201 flags=0 ret=0 errno=0
[567.117983 pid=12507 tid=12519] native-loader jit-info prog_array-target fd=187 id=201 type=17 name=sys_enter_submi tag=86788343832bb66a jited_len=15860 xlated_len=25352 nr_jited_ksyms=1 ksym0=0xffffffffc040757c ksym1=0x0
[567.118076 pid=12507 tid=12519] BPF_MAP_UPDATE_ELEM prog_array name=sys_enter_submi map_fd=13 map_id=363 key=151 prog_fd=187 prog_id=201 flags=0 ret=0 errno=0
[567.118159 pid=12507 tid=12519] native-loader jit-info prog_array-target fd=187 id=201 type=17 name=sys_enter_submi tag=86788343832bb66a jited_len=15860 xlated_len=25352 nr_jited_ksyms=1 ksym0=0xffffffffc040757c ksym1=0x0
[567.118249 pid=12507 tid=12519] BPF_MAP_UPDATE_ELEM prog_array name=sys_enter_submi map_fd=13 map_id=363 key=152 prog_fd=187 prog_id=201 flags=0 ret=0 errno=0
[567.118332 pid=12507 tid=12519] native-loader jit-info prog_array-target fd=187 id=201 type=17 name=sys_enter_submi tag=86788343832bb66a jited_len=15860 xlated_len=25352 nr_jited_ksyms=1 ksym0=0xffffffffc040757c ksym1=0x0
[567.118423 pid=12507 tid=12519] BPF_MAP_UPDATE_ELEM prog_array name=sys_enter_submi map_fd=13 map_id=363 key=153 prog_fd=187 prog_id=201 flags=0 ret=0 errno=0
[567.118507 pid=12507 tid=12519] native-loader jit-info prog_array-target fd=187 id=201 type=17 name=sys_enter_submi tag=86788343832bb66a jited_len=15860 xlated_len=25352 nr_jited_ksyms=1 ksym0=0xffffffffc040757c ksym1=0x0
[567.118597 pid=12507 tid=12519] BPF_MAP_UPDATE_ELEM prog_array name=sys_enter_submi map_fd=13 map_id=363 key=154 prog_fd=187 prog_id=201 flags=0 ret=0 errno=0
[567.118681 pid=12507 tid=12519] native-loader jit-info prog_array-target fd=187 id=201 type=17 name=sys_enter_submi tag=86788343832bb66a jited_len=15860 xlated_len=25352 nr_jited_ksyms=1 ksym0=0xffffffffc040757c ksym1=0x0
[567.118771 pid=12507 tid=12519] BPF_MAP_UPDATE_ELEM prog_array name=sys_enter_submi map_fd=13 map_id=363 key=155 prog_fd=187 prog_id=201 flags=0 ret=0 errno=0
[567.118855 pid=12507 tid=12519] native-loader jit-info prog_array-target fd=187 id=201 type=17 name=sys_enter_submi tag=86788343832bb66a jited_len=15860 xlated_len=25352 nr_jited_ksyms=1 ksym0=0xffffffffc040757c ksym1=0x0
[567.118945 pid=12507 tid=12519] BPF_MAP_UPDATE_ELEM prog_array name=sys_enter_submi map_fd=13 map_id=363 key=156 prog_fd=187 prog_id=201 flags=0 ret=0 errno=0
[567.119030 pid=12507 tid=12519] native-loader jit-info prog_array-target fd=187 id=201 type=17 name=sys_enter_submi tag=86788343832bb66a jited_len=15860 xlated_len=25352 nr_jited_ksyms=1 ksym0=0xffffffffc040757c ksym1=0x0
[567.119122 pid=12507 tid=12519] BPF_MAP_UPDATE_ELEM prog_array name=sys_enter_submi map_fd=13 map_id=363 key=157 prog_fd=187 prog_id=201 flags=0 ret=0 errno=0
[567.119205 pid=12507 tid=12519] native-loader jit-info prog_array-target fd=187 id=201 type=17 name=sys_enter_submi tag=86788343832bb66a jited_len=15860 xlated_len=25352 nr_jited_ksyms=1 ksym0=0xffffffffc040757c ksym1=0x0
[567.119295 pid=12507 tid=12519] BPF_MAP_UPDATE_ELEM prog_array name=sys_enter_submi map_fd=13 map_id=363 key=159 prog_fd=187 prog_id=201 flags=0 ret=0 errno=0
[567.119379 pid=12507 tid=12519] native-loader jit-info prog_array-target fd=187 id=201 type=17 name=sys_enter_submi tag=86788343832bb66a jited_len=15860 xlated_len=25352 nr_jited_ksyms=1 ksym0=0xffffffffc040757c ksym1=0x0
[567.119469 pid=12507 tid=12519] BPF_MAP_UPDATE_ELEM prog_array name=sys_enter_submi map_fd=13 map_id=363 key=160 prog_fd=187 prog_id=201 flags=0 ret=0 errno=0
[567.119553 pid=12507 tid=12519] native-loader jit-info prog_array-target fd=187 id=201 type=17 name=sys_enter_submi tag=86788343832bb66a jited_len=15860 xlated_len=25352 nr_jited_ksyms=1 ksym0=0xffffffffc040757c ksym1=0x0
[567.119643 pid=12507 tid=12519] BPF_MAP_UPDATE_ELEM prog_array name=sys_enter_submi map_fd=13 map_id=363 key=161 prog_fd=187 prog_id=201 flags=0 ret=0 errno=0
[567.119727 pid=12507 tid=12519] native-loader jit-info prog_array-target fd=187 id=201 type=17 name=sys_enter_submi tag=86788343832bb66a jited_len=15860 xlated_len=25352 nr_jited_ksyms=1 ksym0=0xffffffffc040757c ksym1=0x0
[567.119817 pid=12507 tid=12519] BPF_MAP_UPDATE_ELEM prog_array name=sys_enter_submi map_fd=13 map_id=363 key=162 prog_fd=187 prog_id=201 flags=0 ret=0 errno=0
[567.119901 pid=12507 tid=12519] native-loader jit-info prog_array-target fd=187 id=201 type=17 name=sys_enter_submi tag=86788343832bb66a jited_len=15860 xlated_len=25352 nr_jited_ksyms=1 ksym0=0xffffffffc040757c ksym1=0x0
[567.119992 pid=12507 tid=12519] BPF_MAP_UPDATE_ELEM prog_array name=sys_enter_submi map_fd=13 map_id=363 key=163 prog_fd=187 prog_id=201 flags=0 ret=0 errno=0
[567.120079 pid=12507 tid=12519] native-loader jit-info prog_array-target fd=187 id=201 type=17 name=sys_enter_submi tag=86788343832bb66a jited_len=15860 xlated_len=25352 nr_jited_ksyms=1 ksym0=0xffffffffc040757c ksym1=0x0
[567.120169 pid=12507 tid=12519] BPF_MAP_UPDATE_ELEM prog_array name=sys_enter_submi map_fd=13 map_id=363 key=164 prog_fd=187 prog_id=201 flags=0 ret=0 errno=0
[567.120252 pid=12507 tid=12519] native-loader jit-info prog_array-target fd=187 id=201 type=17 name=sys_enter_submi tag=86788343832bb66a jited_len=15860 xlated_len=25352 nr_jited_ksyms=1 ksym0=0xffffffffc040757c ksym1=0x0
[567.120342 pid=12507 tid=12519] BPF_MAP_UPDATE_ELEM prog_array name=sys_enter_submi map_fd=13 map_id=363 key=165 prog_fd=187 prog_id=201 flags=0 ret=0 errno=0
[567.120425 pid=12507 tid=12519] native-loader jit-info prog_array-target fd=187 id=201 type=17 name=sys_enter_submi tag=86788343832bb66a jited_len=15860 xlated_len=25352 nr_jited_ksyms=1 ksym0=0xffffffffc040757c ksym1=0x0
[567.120515 pid=12507 tid=12519] BPF_MAP_UPDATE_ELEM prog_array name=sys_enter_submi map_fd=13 map_id=363 key=166 prog_fd=187 prog_id=201 flags=0 ret=0 errno=0
[567.120599 pid=12507 tid=12519] native-loader jit-info prog_array-target fd=187 id=201 type=17 name=sys_enter_submi tag=86788343832bb66a jited_len=15860 xlated_len=25352 nr_jited_ksyms=1 ksym0=0xffffffffc040757c ksym1=0x0
[567.120689 pid=12507 tid=12519] BPF_MAP_UPDATE_ELEM prog_array name=sys_enter_submi map_fd=13 map_id=363 key=167 prog_fd=187 prog_id=201 flags=0 ret=0 errno=0
[567.120772 pid=12507 tid=12519] native-loader jit-info prog_array-target fd=187 id=201 type=17 name=sys_enter_submi tag=86788343832bb66a jited_len=15860 xlated_len=25352 nr_jited_ksyms=1 ksym0=0xffffffffc040757c ksym1=0x0
[567.120862 pid=12507 tid=12519] BPF_MAP_UPDATE_ELEM prog_array name=sys_enter_submi map_fd=13 map_id=363 key=168 prog_fd=187 prog_id=201 flags=0 ret=0 errno=0
[567.120947 pid=12507 tid=12519] native-loader jit-info prog_array-target fd=187 id=201 type=17 name=sys_enter_submi tag=86788343832bb66a jited_len=15860 xlated_len=25352 nr_jited_ksyms=1 ksym0=0xffffffffc040757c ksym1=0x0
[567.121037 pid=12507 tid=12519] BPF_MAP_UPDATE_ELEM prog_array name=sys_enter_submi map_fd=13 map_id=363 key=169 prog_fd=187 prog_id=201 flags=0 ret=0 errno=0
[567.121122 pid=12507 tid=12519] native-loader jit-info prog_array-target fd=187 id=201 type=17 name=sys_enter_submi tag=86788343832bb66a jited_len=15860 xlated_len=25352 nr_jited_ksyms=1 ksym0=0xffffffffc040757c ksym1=0x0
[567.121213 pid=12507 tid=12519] BPF_MAP_UPDATE_ELEM prog_array name=sys_enter_submi map_fd=13 map_id=363 key=170 prog_fd=187 prog_id=201 flags=0 ret=0 errno=0
[567.121296 pid=12507 tid=12519] native-loader jit-info prog_array-target fd=187 id=201 type=17 name=sys_enter_submi tag=86788343832bb66a jited_len=15860 xlated_len=25352 nr_jited_ksyms=1 ksym0=0xffffffffc040757c ksym1=0x0
[567.121386 pid=12507 tid=12519] BPF_MAP_UPDATE_ELEM prog_array name=sys_enter_submi map_fd=13 map_id=363 key=171 prog_fd=187 prog_id=201 flags=0 ret=0 errno=0
[567.121470 pid=12507 tid=12519] native-loader jit-info prog_array-target fd=187 id=201 type=17 name=sys_enter_submi tag=86788343832bb66a jited_len=15860 xlated_len=25352 nr_jited_ksyms=1 ksym0=0xffffffffc040757c ksym1=0x0
[567.121560 pid=12507 tid=12519] BPF_MAP_UPDATE_ELEM prog_array name=sys_enter_submi map_fd=13 map_id=363 key=172 prog_fd=187 prog_id=201 flags=0 ret=0 errno=0
[567.121645 pid=12507 tid=12519] native-loader jit-info prog_array-target fd=187 id=201 type=17 name=sys_enter_submi tag=86788343832bb66a jited_len=15860 xlated_len=25352 nr_jited_ksyms=1 ksym0=0xffffffffc040757c ksym1=0x0
[567.121735 pid=12507 tid=12519] BPF_MAP_UPDATE_ELEM prog_array name=sys_enter_submi map_fd=13 map_id=363 key=173 prog_fd=187 prog_id=201 flags=0 ret=0 errno=0
[567.121819 pid=12507 tid=12519] native-loader jit-info prog_array-target fd=187 id=201 type=17 name=sys_enter_submi tag=86788343832bb66a jited_len=15860 xlated_len=25352 nr_jited_ksyms=1 ksym0=0xffffffffc040757c ksym1=0x0
[567.121909 pid=12507 tid=12519] BPF_MAP_UPDATE_ELEM prog_array name=sys_enter_submi map_fd=13 map_id=363 key=174 prog_fd=187 prog_id=201 flags=0 ret=0 errno=0
[567.121993 pid=12507 tid=12519] native-loader jit-info prog_array-target fd=187 id=201 type=17 name=sys_enter_submi tag=86788343832bb66a jited_len=15860 xlated_len=25352 nr_jited_ksyms=1 ksym0=0xffffffffc040757c ksym1=0x0
[567.122085 pid=12507 tid=12519] BPF_MAP_UPDATE_ELEM prog_array name=sys_enter_submi map_fd=13 map_id=363 key=175 prog_fd=187 prog_id=201 flags=0 ret=0 errno=0
[567.122168 pid=12507 tid=12519] native-loader jit-info prog_array-target fd=187 id=201 type=17 name=sys_enter_submi tag=86788343832bb66a jited_len=15860 xlated_len=25352 nr_jited_ksyms=1 ksym0=0xffffffffc040757c ksym1=0x0
[567.122258 pid=12507 tid=12519] BPF_MAP_UPDATE_ELEM prog_array name=sys_enter_submi map_fd=13 map_id=363 key=176 prog_fd=187 prog_id=201 flags=0 ret=0 errno=0
[567.122342 pid=12507 tid=12519] native-loader jit-info prog_array-target fd=187 id=201 type=17 name=sys_enter_submi tag=86788343832bb66a jited_len=15860 xlated_len=25352 nr_jited_ksyms=1 ksym0=0xffffffffc040757c ksym1=0x0
[567.122434 pid=12507 tid=12519] BPF_MAP_UPDATE_ELEM prog_array name=sys_enter_submi map_fd=13 map_id=363 key=177 prog_fd=187 prog_id=201 flags=0 ret=0 errno=0
[567.122517 pid=12507 tid=12519] native-loader jit-info prog_array-target fd=187 id=201 type=17 name=sys_enter_submi tag=86788343832bb66a jited_len=15860 xlated_len=25352 nr_jited_ksyms=1 ksym0=0xffffffffc040757c ksym1=0x0
[567.122608 pid=12507 tid=12519] BPF_MAP_UPDATE_ELEM prog_array name=sys_enter_submi map_fd=13 map_id=363 key=178 prog_fd=187 prog_id=201 flags=0 ret=0 errno=0
[567.122691 pid=12507 tid=12519] native-loader jit-info prog_array-target fd=187 id=201 type=17 name=sys_enter_submi tag=86788343832bb66a jited_len=15860 xlated_len=25352 nr_jited_ksyms=1 ksym0=0xffffffffc040757c ksym1=0x0
[567.122780 pid=12507 tid=12519] BPF_MAP_UPDATE_ELEM prog_array name=sys_enter_submi map_fd=13 map_id=363 key=179 prog_fd=187 prog_id=201 flags=0 ret=0 errno=0
[567.122864 pid=12507 tid=12519] native-loader jit-info prog_array-target fd=187 id=201 type=17 name=sys_enter_submi tag=86788343832bb66a jited_len=15860 xlated_len=25352 nr_jited_ksyms=1 ksym0=0xffffffffc040757c ksym1=0x0
[567.122954 pid=12507 tid=12519] BPF_MAP_UPDATE_ELEM prog_array name=sys_enter_submi map_fd=13 map_id=363 key=180 prog_fd=187 prog_id=201 flags=0 ret=0 errno=0
[567.123038 pid=12507 tid=12519] native-loader jit-info prog_array-target fd=187 id=201 type=17 name=sys_enter_submi tag=86788343832bb66a jited_len=15860 xlated_len=25352 nr_jited_ksyms=1 ksym0=0xffffffffc040757c ksym1=0x0
[567.123130 pid=12507 tid=12519] BPF_MAP_UPDATE_ELEM prog_array name=sys_enter_submi map_fd=13 map_id=363 key=181 prog_fd=187 prog_id=201 flags=0 ret=0 errno=0
[567.123214 pid=12507 tid=12519] native-loader jit-info prog_array-target fd=187 id=201 type=17 name=sys_enter_submi tag=86788343832bb66a jited_len=15860 xlated_len=25352 nr_jited_ksyms=1 ksym0=0xffffffffc040757c ksym1=0x0
[567.123304 pid=12507 tid=12519] BPF_MAP_UPDATE_ELEM prog_array name=sys_enter_submi map_fd=13 map_id=363 key=182 prog_fd=187 prog_id=201 flags=0 ret=0 errno=0
[567.123388 pid=12507 tid=12519] native-loader jit-info prog_array-target fd=187 id=201 type=17 name=sys_enter_submi tag=86788343832bb66a jited_len=15860 xlated_len=25352 nr_jited_ksyms=1 ksym0=0xffffffffc040757c ksym1=0x0
[567.123478 pid=12507 tid=12519] BPF_MAP_UPDATE_ELEM prog_array name=sys_enter_submi map_fd=13 map_id=363 key=183 prog_fd=187 prog_id=201 flags=0 ret=0 errno=0
[567.123563 pid=12507 tid=12519] native-loader jit-info prog_array-target fd=187 id=201 type=17 name=sys_enter_submi tag=86788343832bb66a jited_len=15860 xlated_len=25352 nr_jited_ksyms=1 ksym0=0xffffffffc040757c ksym1=0x0
[567.123653 pid=12507 tid=12519] BPF_MAP_UPDATE_ELEM prog_array name=sys_enter_submi map_fd=13 map_id=363 key=184 prog_fd=187 prog_id=201 flags=0 ret=0 errno=0
[567.123737 pid=12507 tid=12519] native-loader jit-info prog_array-target fd=187 id=201 type=17 name=sys_enter_submi tag=86788343832bb66a jited_len=15860 xlated_len=25352 nr_jited_ksyms=1 ksym0=0xffffffffc040757c ksym1=0x0
[567.123826 pid=12507 tid=12519] BPF_MAP_UPDATE_ELEM prog_array name=sys_enter_submi map_fd=13 map_id=363 key=185 prog_fd=187 prog_id=201 flags=0 ret=0 errno=0
[567.123910 pid=12507 tid=12519] native-loader jit-info prog_array-target fd=187 id=201 type=17 name=sys_enter_submi tag=86788343832bb66a jited_len=15860 xlated_len=25352 nr_jited_ksyms=1 ksym0=0xffffffffc040757c ksym1=0x0
[567.124000 pid=12507 tid=12519] BPF_MAP_UPDATE_ELEM prog_array name=sys_enter_submi map_fd=13 map_id=363 key=186 prog_fd=187 prog_id=201 flags=0 ret=0 errno=0
[567.124085 pid=12507 tid=12519] native-loader jit-info prog_array-target fd=187 id=201 type=17 name=sys_enter_submi tag=86788343832bb66a jited_len=15860 xlated_len=25352 nr_jited_ksyms=1 ksym0=0xffffffffc040757c ksym1=0x0
[567.124175 pid=12507 tid=12519] BPF_MAP_UPDATE_ELEM prog_array name=sys_enter_submi map_fd=13 map_id=363 key=187 prog_fd=187 prog_id=201 flags=0 ret=0 errno=0
[567.124259 pid=12507 tid=12519] native-loader jit-info prog_array-target fd=187 id=201 type=17 name=sys_enter_submi tag=86788343832bb66a jited_len=15860 xlated_len=25352 nr_jited_ksyms=1 ksym0=0xffffffffc040757c ksym1=0x0
[567.124349 pid=12507 tid=12519] BPF_MAP_UPDATE_ELEM prog_array name=sys_enter_submi map_fd=13 map_id=363 key=188 prog_fd=187 prog_id=201 flags=0 ret=0 errno=0
[567.124433 pid=12507 tid=12519] native-loader jit-info prog_array-target fd=187 id=201 type=17 name=sys_enter_submi tag=86788343832bb66a jited_len=15860 xlated_len=25352 nr_jited_ksyms=1 ksym0=0xffffffffc040757c ksym1=0x0
[567.124523 pid=12507 tid=12519] BPF_MAP_UPDATE_ELEM prog_array name=sys_enter_submi map_fd=13 map_id=363 key=189 prog_fd=187 prog_id=201 flags=0 ret=0 errno=0
[567.124607 pid=12507 tid=12519] native-loader jit-info prog_array-target fd=187 id=201 type=17 name=sys_enter_submi tag=86788343832bb66a jited_len=15860 xlated_len=25352 nr_jited_ksyms=1 ksym0=0xffffffffc040757c ksym1=0x0
[567.124697 pid=12507 tid=12519] BPF_MAP_UPDATE_ELEM prog_array name=sys_enter_submi map_fd=13 map_id=363 key=190 prog_fd=187 prog_id=201 flags=0 ret=0 errno=0
[567.124780 pid=12507 tid=12519] native-loader jit-info prog_array-target fd=187 id=201 type=17 name=sys_enter_submi tag=86788343832bb66a jited_len=15860 xlated_len=25352 nr_jited_ksyms=1 ksym0=0xffffffffc040757c ksym1=0x0
[567.124870 pid=12507 tid=12519] BPF_MAP_UPDATE_ELEM prog_array name=sys_enter_submi map_fd=13 map_id=363 key=191 prog_fd=187 prog_id=201 flags=0 ret=0 errno=0
[567.124954 pid=12507 tid=12519] native-loader jit-info prog_array-target fd=187 id=201 type=17 name=sys_enter_submi tag=86788343832bb66a jited_len=15860 xlated_len=25352 nr_jited_ksyms=1 ksym0=0xffffffffc040757c ksym1=0x0
[567.125044 pid=12507 tid=12519] BPF_MAP_UPDATE_ELEM prog_array name=sys_enter_submi map_fd=13 map_id=363 key=192 prog_fd=187 prog_id=201 flags=0 ret=0 errno=0
[567.125129 pid=12507 tid=12519] native-loader jit-info prog_array-target fd=187 id=201 type=17 name=sys_enter_submi tag=86788343832bb66a jited_len=15860 xlated_len=25352 nr_jited_ksyms=1 ksym0=0xffffffffc040757c ksym1=0x0
[567.125219 pid=12507 tid=12519] BPF_MAP_UPDATE_ELEM prog_array name=sys_enter_submi map_fd=13 map_id=363 key=193 prog_fd=187 prog_id=201 flags=0 ret=0 errno=0
[567.125302 pid=12507 tid=12519] native-loader jit-info prog_array-target fd=187 id=201 type=17 name=sys_enter_submi tag=86788343832bb66a jited_len=15860 xlated_len=25352 nr_jited_ksyms=1 ksym0=0xffffffffc040757c ksym1=0x0
[567.125393 pid=12507 tid=12519] BPF_MAP_UPDATE_ELEM prog_array name=sys_enter_submi map_fd=13 map_id=363 key=194 prog_fd=187 prog_id=201 flags=0 ret=0 errno=0
[567.125476 pid=12507 tid=12519] native-loader jit-info prog_array-target fd=187 id=201 type=17 name=sys_enter_submi tag=86788343832bb66a jited_len=15860 xlated_len=25352 nr_jited_ksyms=1 ksym0=0xffffffffc040757c ksym1=0x0
[567.125566 pid=12507 tid=12519] BPF_MAP_UPDATE_ELEM prog_array name=sys_enter_submi map_fd=13 map_id=363 key=195 prog_fd=187 prog_id=201 flags=0 ret=0 errno=0
[567.125650 pid=12507 tid=12519] native-loader jit-info prog_array-target fd=187 id=201 type=17 name=sys_enter_submi tag=86788343832bb66a jited_len=15860 xlated_len=25352 nr_jited_ksyms=1 ksym0=0xffffffffc040757c ksym1=0x0
[567.125740 pid=12507 tid=12519] BPF_MAP_UPDATE_ELEM prog_array name=sys_enter_submi map_fd=13 map_id=363 key=196 prog_fd=187 prog_id=201 flags=0 ret=0 errno=0
[567.125824 pid=12507 tid=12519] native-loader jit-info prog_array-target fd=187 id=201 type=17 name=sys_enter_submi tag=86788343832bb66a jited_len=15860 xlated_len=25352 nr_jited_ksyms=1 ksym0=0xffffffffc040757c ksym1=0x0
[567.125914 pid=12507 tid=12519] BPF_MAP_UPDATE_ELEM prog_array name=sys_enter_submi map_fd=13 map_id=363 key=197 prog_fd=187 prog_id=201 flags=0 ret=0 errno=0
[567.125997 pid=12507 tid=12519] native-loader jit-info prog_array-target fd=187 id=201 type=17 name=sys_enter_submi tag=86788343832bb66a jited_len=15860 xlated_len=25352 nr_jited_ksyms=1 ksym0=0xffffffffc040757c ksym1=0x0
[567.126089 pid=12507 tid=12519] BPF_MAP_UPDATE_ELEM prog_array name=sys_enter_submi map_fd=13 map_id=363 key=198 prog_fd=187 prog_id=201 flags=0 ret=0 errno=0
[567.126172 pid=12507 tid=12519] native-loader jit-info prog_array-target fd=187 id=201 type=17 name=sys_enter_submi tag=86788343832bb66a jited_len=15860 xlated_len=25352 nr_jited_ksyms=1 ksym0=0xffffffffc040757c ksym1=0x0
[567.126262 pid=12507 tid=12519] BPF_MAP_UPDATE_ELEM prog_array name=sys_enter_submi map_fd=13 map_id=363 key=199 prog_fd=187 prog_id=201 flags=0 ret=0 errno=0
[567.126346 pid=12507 tid=12519] native-loader jit-info prog_array-target fd=187 id=201 type=17 name=sys_enter_submi tag=86788343832bb66a jited_len=15860 xlated_len=25352 nr_jited_ksyms=1 ksym0=0xffffffffc040757c ksym1=0x0
[567.126436 pid=12507 tid=12519] BPF_MAP_UPDATE_ELEM prog_array name=sys_enter_submi map_fd=13 map_id=363 key=200 prog_fd=187 prog_id=201 flags=0 ret=0 errno=0
[567.126519 pid=12507 tid=12519] native-loader jit-info prog_array-target fd=187 id=201 type=17 name=sys_enter_submi tag=86788343832bb66a jited_len=15860 xlated_len=25352 nr_jited_ksyms=1 ksym0=0xffffffffc040757c ksym1=0x0
[567.126610 pid=12507 tid=12519] BPF_MAP_UPDATE_ELEM prog_array name=sys_enter_submi map_fd=13 map_id=363 key=201 prog_fd=187 prog_id=201 flags=0 ret=0 errno=0
[567.126693 pid=12507 tid=12519] native-loader jit-info prog_array-target fd=187 id=201 type=17 name=sys_enter_submi tag=86788343832bb66a jited_len=15860 xlated_len=25352 nr_jited_ksyms=1 ksym0=0xffffffffc040757c ksym1=0x0
[567.126784 pid=12507 tid=12519] BPF_MAP_UPDATE_ELEM prog_array name=sys_enter_submi map_fd=13 map_id=363 key=202 prog_fd=187 prog_id=201 flags=0 ret=0 errno=0
[567.126867 pid=12507 tid=12519] native-loader jit-info prog_array-target fd=187 id=201 type=17 name=sys_enter_submi tag=86788343832bb66a jited_len=15860 xlated_len=25352 nr_jited_ksyms=1 ksym0=0xffffffffc040757c ksym1=0x0
[567.126957 pid=12507 tid=12519] BPF_MAP_UPDATE_ELEM prog_array name=sys_enter_submi map_fd=13 map_id=363 key=203 prog_fd=187 prog_id=201 flags=0 ret=0 errno=0
[567.127041 pid=12507 tid=12519] native-loader jit-info prog_array-target fd=187 id=201 type=17 name=sys_enter_submi tag=86788343832bb66a jited_len=15860 xlated_len=25352 nr_jited_ksyms=1 ksym0=0xffffffffc040757c ksym1=0x0
[567.127135 pid=12507 tid=12519] BPF_MAP_UPDATE_ELEM prog_array name=sys_enter_submi map_fd=13 map_id=363 key=204 prog_fd=187 prog_id=201 flags=0 ret=0 errno=0
[567.127216 pid=12507 tid=12519] native-loader jit-info prog_array-target fd=187 id=201 type=17 name=sys_enter_submi tag=86788343832bb66a jited_len=15860 xlated_len=25352 nr_jited_ksyms=1 ksym0=0xffffffffc040757c ksym1=0x0
[567.127306 pid=12507 tid=12519] BPF_MAP_UPDATE_ELEM prog_array name=sys_enter_submi map_fd=13 map_id=363 key=205 prog_fd=187 prog_id=201 flags=0 ret=0 errno=0
[567.127389 pid=12507 tid=12519] native-loader jit-info prog_array-target fd=187 id=201 type=17 name=sys_enter_submi tag=86788343832bb66a jited_len=15860 xlated_len=25352 nr_jited_ksyms=1 ksym0=0xffffffffc040757c ksym1=0x0
[567.127480 pid=12507 tid=12519] BPF_MAP_UPDATE_ELEM prog_array name=sys_enter_submi map_fd=13 map_id=363 key=206 prog_fd=187 prog_id=201 flags=0 ret=0 errno=0
[567.127563 pid=12507 tid=12519] native-loader jit-info prog_array-target fd=187 id=201 type=17 name=sys_enter_submi tag=86788343832bb66a jited_len=15860 xlated_len=25352 nr_jited_ksyms=1 ksym0=0xffffffffc040757c ksym1=0x0
[567.127654 pid=12507 tid=12519] BPF_MAP_UPDATE_ELEM prog_array name=sys_enter_submi map_fd=13 map_id=363 key=207 prog_fd=187 prog_id=201 flags=0 ret=0 errno=0
[567.127737 pid=12507 tid=12519] native-loader jit-info prog_array-target fd=187 id=201 type=17 name=sys_enter_submi tag=86788343832bb66a jited_len=15860 xlated_len=25352 nr_jited_ksyms=1 ksym0=0xffffffffc040757c ksym1=0x0
[567.127828 pid=12507 tid=12519] BPF_MAP_UPDATE_ELEM prog_array name=sys_enter_submi map_fd=13 map_id=363 key=208 prog_fd=187 prog_id=201 flags=0 ret=0 errno=0
[567.127911 pid=12507 tid=12519] native-loader jit-info prog_array-target fd=187 id=201 type=17 name=sys_enter_submi tag=86788343832bb66a jited_len=15860 xlated_len=25352 nr_jited_ksyms=1 ksym0=0xffffffffc040757c ksym1=0x0
[567.128001 pid=12507 tid=12519] BPF_MAP_UPDATE_ELEM prog_array name=sys_enter_submi map_fd=13 map_id=363 key=209 prog_fd=187 prog_id=201 flags=0 ret=0 errno=0
[567.128086 pid=12507 tid=12519] native-loader jit-info prog_array-target fd=187 id=201 type=17 name=sys_enter_submi tag=86788343832bb66a jited_len=15860 xlated_len=25352 nr_jited_ksyms=1 ksym0=0xffffffffc040757c ksym1=0x0
[567.128177 pid=12507 tid=12519] BPF_MAP_UPDATE_ELEM prog_array name=sys_enter_submi map_fd=13 map_id=363 key=210 prog_fd=187 prog_id=201 flags=0 ret=0 errno=0
[567.128259 pid=12507 tid=12519] native-loader jit-info prog_array-target fd=187 id=201 type=17 name=sys_enter_submi tag=86788343832bb66a jited_len=15860 xlated_len=25352 nr_jited_ksyms=1 ksym0=0xffffffffc040757c ksym1=0x0
[567.128350 pid=12507 tid=12519] BPF_MAP_UPDATE_ELEM prog_array name=sys_enter_submi map_fd=13 map_id=363 key=211 prog_fd=187 prog_id=201 flags=0 ret=0 errno=0
[567.128434 pid=12507 tid=12519] native-loader jit-info prog_array-target fd=187 id=201 type=17 name=sys_enter_submi tag=86788343832bb66a jited_len=15860 xlated_len=25352 nr_jited_ksyms=1 ksym0=0xffffffffc040757c ksym1=0x0
[567.128524 pid=12507 tid=12519] BPF_MAP_UPDATE_ELEM prog_array name=sys_enter_submi map_fd=13 map_id=363 key=212 prog_fd=187 prog_id=201 flags=0 ret=0 errno=0
[567.128608 pid=12507 tid=12519] native-loader jit-info prog_array-target fd=187 id=201 type=17 name=sys_enter_submi tag=86788343832bb66a jited_len=15860 xlated_len=25352 nr_jited_ksyms=1 ksym0=0xffffffffc040757c ksym1=0x0
[567.128698 pid=12507 tid=12519] BPF_MAP_UPDATE_ELEM prog_array name=sys_enter_submi map_fd=13 map_id=363 key=213 prog_fd=187 prog_id=201 flags=0 ret=0 errno=0
[567.128782 pid=12507 tid=12519] native-loader jit-info prog_array-target fd=187 id=201 type=17 name=sys_enter_submi tag=86788343832bb66a jited_len=15860 xlated_len=25352 nr_jited_ksyms=1 ksym0=0xffffffffc040757c ksym1=0x0
[567.128872 pid=12507 tid=12519] BPF_MAP_UPDATE_ELEM prog_array name=sys_enter_submi map_fd=13 map_id=363 key=214 prog_fd=187 prog_id=201 flags=0 ret=0 errno=0
[567.128955 pid=12507 tid=12519] native-loader jit-info prog_array-target fd=187 id=201 type=17 name=sys_enter_submi tag=86788343832bb66a jited_len=15860 xlated_len=25352 nr_jited_ksyms=1 ksym0=0xffffffffc040757c ksym1=0x0
[567.129046 pid=12507 tid=12519] BPF_MAP_UPDATE_ELEM prog_array name=sys_enter_submi map_fd=13 map_id=363 key=215 prog_fd=187 prog_id=201 flags=0 ret=0 errno=0
[567.129131 pid=12507 tid=12519] native-loader jit-info prog_array-target fd=187 id=201 type=17 name=sys_enter_submi tag=86788343832bb66a jited_len=15860 xlated_len=25352 nr_jited_ksyms=1 ksym0=0xffffffffc040757c ksym1=0x0
[567.129221 pid=12507 tid=12519] BPF_MAP_UPDATE_ELEM prog_array name=sys_enter_submi map_fd=13 map_id=363 key=216 prog_fd=187 prog_id=201 flags=0 ret=0 errno=0
[567.129305 pid=12507 tid=12519] native-loader jit-info prog_array-target fd=187 id=201 type=17 name=sys_enter_submi tag=86788343832bb66a jited_len=15860 xlated_len=25352 nr_jited_ksyms=1 ksym0=0xffffffffc040757c ksym1=0x0
[567.129396 pid=12507 tid=12519] BPF_MAP_UPDATE_ELEM prog_array name=sys_enter_submi map_fd=13 map_id=363 key=217 prog_fd=187 prog_id=201 flags=0 ret=0 errno=0
[567.129480 pid=12507 tid=12519] native-loader jit-info prog_array-target fd=187 id=201 type=17 name=sys_enter_submi tag=86788343832bb66a jited_len=15860 xlated_len=25352 nr_jited_ksyms=1 ksym0=0xffffffffc040757c ksym1=0x0
[567.129569 pid=12507 tid=12519] BPF_MAP_UPDATE_ELEM prog_array name=sys_enter_submi map_fd=13 map_id=363 key=218 prog_fd=187 prog_id=201 flags=0 ret=0 errno=0
[567.129653 pid=12507 tid=12519] native-loader jit-info prog_array-target fd=187 id=201 type=17 name=sys_enter_submi tag=86788343832bb66a jited_len=15860 xlated_len=25352 nr_jited_ksyms=1 ksym0=0xffffffffc040757c ksym1=0x0
[567.129743 pid=12507 tid=12519] BPF_MAP_UPDATE_ELEM prog_array name=sys_enter_submi map_fd=13 map_id=363 key=219 prog_fd=187 prog_id=201 flags=0 ret=0 errno=0
[567.129827 pid=12507 tid=12519] native-loader jit-info prog_array-target fd=187 id=201 type=17 name=sys_enter_submi tag=86788343832bb66a jited_len=15860 xlated_len=25352 nr_jited_ksyms=1 ksym0=0xffffffffc040757c ksym1=0x0
[567.129917 pid=12507 tid=12519] BPF_MAP_UPDATE_ELEM prog_array name=sys_enter_submi map_fd=13 map_id=363 key=220 prog_fd=187 prog_id=201 flags=0 ret=0 errno=0
[567.130006 pid=12507 tid=12519] native-loader jit-info prog_array-target fd=187 id=201 type=17 name=sys_enter_submi tag=86788343832bb66a jited_len=15860 xlated_len=25352 nr_jited_ksyms=1 ksym0=0xffffffffc040757c ksym1=0x0
[567.130093 pid=12507 tid=12519] BPF_MAP_UPDATE_ELEM prog_array name=sys_enter_submi map_fd=13 map_id=363 key=221 prog_fd=187 prog_id=201 flags=0 ret=0 errno=0
[567.130176 pid=12507 tid=12519] native-loader jit-info prog_array-target fd=187 id=201 type=17 name=sys_enter_submi tag=86788343832bb66a jited_len=15860 xlated_len=25352 nr_jited_ksyms=1 ksym0=0xffffffffc040757c ksym1=0x0
[567.130267 pid=12507 tid=12519] BPF_MAP_UPDATE_ELEM prog_array name=sys_enter_submi map_fd=13 map_id=363 key=222 prog_fd=187 prog_id=201 flags=0 ret=0 errno=0
[567.130350 pid=12507 tid=12519] native-loader jit-info prog_array-target fd=187 id=201 type=17 name=sys_enter_submi tag=86788343832bb66a jited_len=15860 xlated_len=25352 nr_jited_ksyms=1 ksym0=0xffffffffc040757c ksym1=0x0
[567.130440 pid=12507 tid=12519] BPF_MAP_UPDATE_ELEM prog_array name=sys_enter_submi map_fd=13 map_id=363 key=223 prog_fd=187 prog_id=201 flags=0 ret=0 errno=0
[567.130523 pid=12507 tid=12519] native-loader jit-info prog_array-target fd=187 id=201 type=17 name=sys_enter_submi tag=86788343832bb66a jited_len=15860 xlated_len=25352 nr_jited_ksyms=1 ksym0=0xffffffffc040757c ksym1=0x0
[567.130614 pid=12507 tid=12519] BPF_MAP_UPDATE_ELEM prog_array name=sys_enter_submi map_fd=13 map_id=363 key=224 prog_fd=187 prog_id=201 flags=0 ret=0 errno=0
[567.130697 pid=12507 tid=12519] native-loader jit-info prog_array-target fd=187 id=201 type=17 name=sys_enter_submi tag=86788343832bb66a jited_len=15860 xlated_len=25352 nr_jited_ksyms=1 ksym0=0xffffffffc040757c ksym1=0x0
[567.130788 pid=12507 tid=12519] BPF_MAP_UPDATE_ELEM prog_array name=sys_enter_submi map_fd=13 map_id=363 key=225 prog_fd=187 prog_id=201 flags=0 ret=0 errno=0
[567.130871 pid=12507 tid=12519] native-loader jit-info prog_array-target fd=187 id=201 type=17 name=sys_enter_submi tag=86788343832bb66a jited_len=15860 xlated_len=25352 nr_jited_ksyms=1 ksym0=0xffffffffc040757c ksym1=0x0
[567.130962 pid=12507 tid=12519] BPF_MAP_UPDATE_ELEM prog_array name=sys_enter_submi map_fd=13 map_id=363 key=226 prog_fd=187 prog_id=201 flags=0 ret=0 errno=0
[567.131045 pid=12507 tid=12519] native-loader jit-info prog_array-target fd=187 id=201 type=17 name=sys_enter_submi tag=86788343832bb66a jited_len=15860 xlated_len=25352 nr_jited_ksyms=1 ksym0=0xffffffffc040757c ksym1=0x0
[567.131138 pid=12507 tid=12519] BPF_MAP_UPDATE_ELEM prog_array name=sys_enter_submi map_fd=13 map_id=363 key=227 prog_fd=187 prog_id=201 flags=0 ret=0 errno=0
[567.131222 pid=12507 tid=12519] native-loader jit-info prog_array-target fd=187 id=201 type=17 name=sys_enter_submi tag=86788343832bb66a jited_len=15860 xlated_len=25352 nr_jited_ksyms=1 ksym0=0xffffffffc040757c ksym1=0x0
[567.131314 pid=12507 tid=12519] BPF_MAP_UPDATE_ELEM prog_array name=sys_enter_submi map_fd=13 map_id=363 key=228 prog_fd=187 prog_id=201 flags=0 ret=0 errno=0
[567.131398 pid=12507 tid=12519] native-loader jit-info prog_array-target fd=187 id=201 type=17 name=sys_enter_submi tag=86788343832bb66a jited_len=15860 xlated_len=25352 nr_jited_ksyms=1 ksym0=0xffffffffc040757c ksym1=0x0
[567.131488 pid=12507 tid=12519] BPF_MAP_UPDATE_ELEM prog_array name=sys_enter_submi map_fd=13 map_id=363 key=229 prog_fd=187 prog_id=201 flags=0 ret=0 errno=0
[567.131571 pid=12507 tid=12519] native-loader jit-info prog_array-target fd=187 id=201 type=17 name=sys_enter_submi tag=86788343832bb66a jited_len=15860 xlated_len=25352 nr_jited_ksyms=1 ksym0=0xffffffffc040757c ksym1=0x0
[567.131661 pid=12507 tid=12519] BPF_MAP_UPDATE_ELEM prog_array name=sys_enter_submi map_fd=13 map_id=363 key=230 prog_fd=187 prog_id=201 flags=0 ret=0 errno=0
[567.131745 pid=12507 tid=12519] native-loader jit-info prog_array-target fd=187 id=201 type=17 name=sys_enter_submi tag=86788343832bb66a jited_len=15860 xlated_len=25352 nr_jited_ksyms=1 ksym0=0xffffffffc040757c ksym1=0x0
[567.131836 pid=12507 tid=12519] BPF_MAP_UPDATE_ELEM prog_array name=sys_enter_submi map_fd=13 map_id=363 key=231 prog_fd=187 prog_id=201 flags=0 ret=0 errno=0
[567.131919 pid=12507 tid=12519] native-loader jit-info prog_array-target fd=187 id=201 type=17 name=sys_enter_submi tag=86788343832bb66a jited_len=15860 xlated_len=25352 nr_jited_ksyms=1 ksym0=0xffffffffc040757c ksym1=0x0
[567.132010 pid=12507 tid=12519] BPF_MAP_UPDATE_ELEM prog_array name=sys_enter_submi map_fd=13 map_id=363 key=232 prog_fd=187 prog_id=201 flags=0 ret=0 errno=0
[567.132093 pid=12507 tid=12519] native-loader jit-info prog_array-target fd=187 id=201 type=17 name=sys_enter_submi tag=86788343832bb66a jited_len=15860 xlated_len=25352 nr_jited_ksyms=1 ksym0=0xffffffffc040757c ksym1=0x0
[567.132184 pid=12507 tid=12519] BPF_MAP_UPDATE_ELEM prog_array name=sys_enter_submi map_fd=13 map_id=363 key=233 prog_fd=187 prog_id=201 flags=0 ret=0 errno=0
[567.132267 pid=12507 tid=12519] native-loader jit-info prog_array-target fd=187 id=201 type=17 name=sys_enter_submi tag=86788343832bb66a jited_len=15860 xlated_len=25352 nr_jited_ksyms=1 ksym0=0xffffffffc040757c ksym1=0x0
[567.132358 pid=12507 tid=12519] BPF_MAP_UPDATE_ELEM prog_array name=sys_enter_submi map_fd=13 map_id=363 key=234 prog_fd=187 prog_id=201 flags=0 ret=0 errno=0
[567.132441 pid=12507 tid=12519] native-loader jit-info prog_array-target fd=187 id=201 type=17 name=sys_enter_submi tag=86788343832bb66a jited_len=15860 xlated_len=25352 nr_jited_ksyms=1 ksym0=0xffffffffc040757c ksym1=0x0
[567.132532 pid=12507 tid=12519] BPF_MAP_UPDATE_ELEM prog_array name=sys_enter_submi map_fd=13 map_id=363 key=235 prog_fd=187 prog_id=201 flags=0 ret=0 errno=0
[567.132617 pid=12507 tid=12519] native-loader jit-info prog_array-target fd=187 id=201 type=17 name=sys_enter_submi tag=86788343832bb66a jited_len=15860 xlated_len=25352 nr_jited_ksyms=1 ksym0=0xffffffffc040757c ksym1=0x0
[567.132707 pid=12507 tid=12519] BPF_MAP_UPDATE_ELEM prog_array name=sys_enter_submi map_fd=13 map_id=363 key=236 prog_fd=187 prog_id=201 flags=0 ret=0 errno=0
[567.132790 pid=12507 tid=12519] native-loader jit-info prog_array-target fd=187 id=201 type=17 name=sys_enter_submi tag=86788343832bb66a jited_len=15860 xlated_len=25352 nr_jited_ksyms=1 ksym0=0xffffffffc040757c ksym1=0x0
[567.132881 pid=12507 tid=12519] BPF_MAP_UPDATE_ELEM prog_array name=sys_enter_submi map_fd=13 map_id=363 key=237 prog_fd=187 prog_id=201 flags=0 ret=0 errno=0
[567.132964 pid=12507 tid=12519] native-loader jit-info prog_array-target fd=187 id=201 type=17 name=sys_enter_submi tag=86788343832bb66a jited_len=15860 xlated_len=25352 nr_jited_ksyms=1 ksym0=0xffffffffc040757c ksym1=0x0
[567.133056 pid=12507 tid=12519] BPF_MAP_UPDATE_ELEM prog_array name=sys_enter_submi map_fd=13 map_id=363 key=238 prog_fd=187 prog_id=201 flags=0 ret=0 errno=0
[567.133142 pid=12507 tid=12519] native-loader jit-info prog_array-target fd=187 id=201 type=17 name=sys_enter_submi tag=86788343832bb66a jited_len=15860 xlated_len=25352 nr_jited_ksyms=1 ksym0=0xffffffffc040757c ksym1=0x0
[567.133231 pid=12507 tid=12519] BPF_MAP_UPDATE_ELEM prog_array name=sys_enter_submi map_fd=13 map_id=363 key=239 prog_fd=187 prog_id=201 flags=0 ret=0 errno=0
[567.133314 pid=12507 tid=12519] native-loader jit-info prog_array-target fd=187 id=201 type=17 name=sys_enter_submi tag=86788343832bb66a jited_len=15860 xlated_len=25352 nr_jited_ksyms=1 ksym0=0xffffffffc040757c ksym1=0x0
[567.133404 pid=12507 tid=12519] BPF_MAP_UPDATE_ELEM prog_array name=sys_enter_submi map_fd=13 map_id=363 key=240 prog_fd=187 prog_id=201 flags=0 ret=0 errno=0
[567.133488 pid=12507 tid=12519] native-loader jit-info prog_array-target fd=187 id=201 type=17 name=sys_enter_submi tag=86788343832bb66a jited_len=15860 xlated_len=25352 nr_jited_ksyms=1 ksym0=0xffffffffc040757c ksym1=0x0
[567.133579 pid=12507 tid=12519] BPF_MAP_UPDATE_ELEM prog_array name=sys_enter_submi map_fd=13 map_id=363 key=241 prog_fd=187 prog_id=201 flags=0 ret=0 errno=0
[567.133662 pid=12507 tid=12519] native-loader jit-info prog_array-target fd=187 id=201 type=17 name=sys_enter_submi tag=86788343832bb66a jited_len=15860 xlated_len=25352 nr_jited_ksyms=1 ksym0=0xffffffffc040757c ksym1=0x0
[567.133752 pid=12507 tid=12519] BPF_MAP_UPDATE_ELEM prog_array name=sys_enter_submi map_fd=13 map_id=363 key=242 prog_fd=187 prog_id=201 flags=0 ret=0 errno=0
[567.133836 pid=12507 tid=12519] native-loader jit-info prog_array-target fd=187 id=201 type=17 name=sys_enter_submi tag=86788343832bb66a jited_len=15860 xlated_len=25352 nr_jited_ksyms=1 ksym0=0xffffffffc040757c ksym1=0x0
[567.133926 pid=12507 tid=12519] BPF_MAP_UPDATE_ELEM prog_array name=sys_enter_submi map_fd=13 map_id=363 key=243 prog_fd=187 prog_id=201 flags=0 ret=0 errno=0
[567.134009 pid=12507 tid=12519] native-loader jit-info prog_array-target fd=187 id=201 type=17 name=sys_enter_submi tag=86788343832bb66a jited_len=15860 xlated_len=25352 nr_jited_ksyms=1 ksym0=0xffffffffc040757c ksym1=0x0
[567.134101 pid=12507 tid=12519] BPF_MAP_UPDATE_ELEM prog_array name=sys_enter_submi map_fd=13 map_id=363 key=244 prog_fd=187 prog_id=201 flags=0 ret=0 errno=0
[567.134185 pid=12507 tid=12519] native-loader jit-info prog_array-target fd=187 id=201 type=17 name=sys_enter_submi tag=86788343832bb66a jited_len=15860 xlated_len=25352 nr_jited_ksyms=1 ksym0=0xffffffffc040757c ksym1=0x0
[567.134275 pid=12507 tid=12519] BPF_MAP_UPDATE_ELEM prog_array name=sys_enter_submi map_fd=13 map_id=363 key=245 prog_fd=187 prog_id=201 flags=0 ret=0 errno=0
[567.134359 pid=12507 tid=12519] native-loader jit-info prog_array-target fd=187 id=201 type=17 name=sys_enter_submi tag=86788343832bb66a jited_len=15860 xlated_len=25352 nr_jited_ksyms=1 ksym0=0xffffffffc040757c ksym1=0x0
[567.134449 pid=12507 tid=12519] BPF_MAP_UPDATE_ELEM prog_array name=sys_enter_submi map_fd=13 map_id=363 key=246 prog_fd=187 prog_id=201 flags=0 ret=0 errno=0
[567.134532 pid=12507 tid=12519] native-loader jit-info prog_array-target fd=187 id=201 type=17 name=sys_enter_submi tag=86788343832bb66a jited_len=15860 xlated_len=25352 nr_jited_ksyms=1 ksym0=0xffffffffc040757c ksym1=0x0
[567.134622 pid=12507 tid=12519] BPF_MAP_UPDATE_ELEM prog_array name=sys_enter_submi map_fd=13 map_id=363 key=247 prog_fd=187 prog_id=201 flags=0 ret=0 errno=0
[567.134706 pid=12507 tid=12519] native-loader jit-info prog_array-target fd=187 id=201 type=17 name=sys_enter_submi tag=86788343832bb66a jited_len=15860 xlated_len=25352 nr_jited_ksyms=1 ksym0=0xffffffffc040757c ksym1=0x0
[567.134796 pid=12507 tid=12519] BPF_MAP_UPDATE_ELEM prog_array name=sys_enter_submi map_fd=13 map_id=363 key=248 prog_fd=187 prog_id=201 flags=0 ret=0 errno=0
[567.134879 pid=12507 tid=12519] native-loader jit-info prog_array-target fd=187 id=201 type=17 name=sys_enter_submi tag=86788343832bb66a jited_len=15860 xlated_len=25352 nr_jited_ksyms=1 ksym0=0xffffffffc040757c ksym1=0x0
[567.134970 pid=12507 tid=12519] BPF_MAP_UPDATE_ELEM prog_array name=sys_enter_submi map_fd=13 map_id=363 key=249 prog_fd=187 prog_id=201 flags=0 ret=0 errno=0
[567.135053 pid=12507 tid=12519] native-loader jit-info prog_array-target fd=187 id=201 type=17 name=sys_enter_submi tag=86788343832bb66a jited_len=15860 xlated_len=25352 nr_jited_ksyms=1 ksym0=0xffffffffc040757c ksym1=0x0
[567.135145 pid=12507 tid=12519] BPF_MAP_UPDATE_ELEM prog_array name=sys_enter_submi map_fd=13 map_id=363 key=250 prog_fd=187 prog_id=201 flags=0 ret=0 errno=0
[567.135229 pid=12507 tid=12519] native-loader jit-info prog_array-target fd=187 id=201 type=17 name=sys_enter_submi tag=86788343832bb66a jited_len=15860 xlated_len=25352 nr_jited_ksyms=1 ksym0=0xffffffffc040757c ksym1=0x0
[567.135319 pid=12507 tid=12519] BPF_MAP_UPDATE_ELEM prog_array name=sys_enter_submi map_fd=13 map_id=363 key=251 prog_fd=187 prog_id=201 flags=0 ret=0 errno=0
[567.135403 pid=12507 tid=12519] native-loader jit-info prog_array-target fd=187 id=201 type=17 name=sys_enter_submi tag=86788343832bb66a jited_len=15860 xlated_len=25352 nr_jited_ksyms=1 ksym0=0xffffffffc040757c ksym1=0x0
[567.135492 pid=12507 tid=12519] BPF_MAP_UPDATE_ELEM prog_array name=sys_enter_submi map_fd=13 map_id=363 key=252 prog_fd=187 prog_id=201 flags=0 ret=0 errno=0
[567.135575 pid=12507 tid=12519] native-loader jit-info prog_array-target fd=187 id=201 type=17 name=sys_enter_submi tag=86788343832bb66a jited_len=15860 xlated_len=25352 nr_jited_ksyms=1 ksym0=0xffffffffc040757c ksym1=0x0
[567.135665 pid=12507 tid=12519] BPF_MAP_UPDATE_ELEM prog_array name=sys_enter_submi map_fd=13 map_id=363 key=253 prog_fd=187 prog_id=201 flags=0 ret=0 errno=0
[567.135749 pid=12507 tid=12519] native-loader jit-info prog_array-target fd=187 id=201 type=17 name=sys_enter_submi tag=86788343832bb66a jited_len=15860 xlated_len=25352 nr_jited_ksyms=1 ksym0=0xffffffffc040757c ksym1=0x0
[567.135840 pid=12507 tid=12519] BPF_MAP_UPDATE_ELEM prog_array name=sys_enter_submi map_fd=13 map_id=363 key=254 prog_fd=187 prog_id=201 flags=0 ret=0 errno=0
[567.135923 pid=12507 tid=12519] native-loader jit-info prog_array-target fd=187 id=201 type=17 name=sys_enter_submi tag=86788343832bb66a jited_len=15860 xlated_len=25352 nr_jited_ksyms=1 ksym0=0xffffffffc040757c ksym1=0x0
[567.136014 pid=12507 tid=12519] BPF_MAP_UPDATE_ELEM prog_array name=sys_enter_submi map_fd=13 map_id=363 key=255 prog_fd=187 prog_id=201 flags=0 ret=0 errno=0
[567.136099 pid=12507 tid=12519] native-loader jit-info prog_array-target fd=187 id=201 type=17 name=sys_enter_submi tag=86788343832bb66a jited_len=15860 xlated_len=25352 nr_jited_ksyms=1 ksym0=0xffffffffc040757c ksym1=0x0
[567.136189 pid=12507 tid=12519] BPF_MAP_UPDATE_ELEM prog_array name=sys_enter_submi map_fd=13 map_id=363 key=256 prog_fd=187 prog_id=201 flags=0 ret=0 errno=0
[567.136272 pid=12507 tid=12519] native-loader jit-info prog_array-target fd=187 id=201 type=17 name=sys_enter_submi tag=86788343832bb66a jited_len=15860 xlated_len=25352 nr_jited_ksyms=1 ksym0=0xffffffffc040757c ksym1=0x0
[567.136364 pid=12507 tid=12519] BPF_MAP_UPDATE_ELEM prog_array name=sys_enter_submi map_fd=13 map_id=363 key=257 prog_fd=187 prog_id=201 flags=0 ret=0 errno=0
[567.136447 pid=12507 tid=12519] native-loader jit-info prog_array-target fd=187 id=201 type=17 name=sys_enter_submi tag=86788343832bb66a jited_len=15860 xlated_len=25352 nr_jited_ksyms=1 ksym0=0xffffffffc040757c ksym1=0x0
[567.136537 pid=12507 tid=12519] BPF_MAP_UPDATE_ELEM prog_array name=sys_enter_submi map_fd=13 map_id=363 key=258 prog_fd=187 prog_id=201 flags=0 ret=0 errno=0
[567.136620 pid=12507 tid=12519] native-loader jit-info prog_array-target fd=187 id=201 type=17 name=sys_enter_submi tag=86788343832bb66a jited_len=15860 xlated_len=25352 nr_jited_ksyms=1 ksym0=0xffffffffc040757c ksym1=0x0
[567.136710 pid=12507 tid=12519] BPF_MAP_UPDATE_ELEM prog_array name=sys_enter_submi map_fd=13 map_id=363 key=259 prog_fd=187 prog_id=201 flags=0 ret=0 errno=0
[567.136793 pid=12507 tid=12519] native-loader jit-info prog_array-target fd=187 id=201 type=17 name=sys_enter_submi tag=86788343832bb66a jited_len=15860 xlated_len=25352 nr_jited_ksyms=1 ksym0=0xffffffffc040757c ksym1=0x0
[567.136883 pid=12507 tid=12519] BPF_MAP_UPDATE_ELEM prog_array name=sys_enter_submi map_fd=13 map_id=363 key=260 prog_fd=187 prog_id=201 flags=0 ret=0 errno=0
[567.136967 pid=12507 tid=12519] native-loader jit-info prog_array-target fd=187 id=201 type=17 name=sys_enter_submi tag=86788343832bb66a jited_len=15860 xlated_len=25352 nr_jited_ksyms=1 ksym0=0xffffffffc040757c ksym1=0x0
[567.137057 pid=12507 tid=12519] BPF_MAP_UPDATE_ELEM prog_array name=sys_enter_submi map_fd=13 map_id=363 key=261 prog_fd=187 prog_id=201 flags=0 ret=0 errno=0
[567.137142 pid=12507 tid=12519] native-loader jit-info prog_array-target fd=187 id=201 type=17 name=sys_enter_submi tag=86788343832bb66a jited_len=15860 xlated_len=25352 nr_jited_ksyms=1 ksym0=0xffffffffc040757c ksym1=0x0
[567.137233 pid=12507 tid=12519] BPF_MAP_UPDATE_ELEM prog_array name=sys_enter_submi map_fd=13 map_id=363 key=262 prog_fd=187 prog_id=201 flags=0 ret=0 errno=0
[567.137316 pid=12507 tid=12519] native-loader jit-info prog_array-target fd=187 id=201 type=17 name=sys_enter_submi tag=86788343832bb66a jited_len=15860 xlated_len=25352 nr_jited_ksyms=1 ksym0=0xffffffffc040757c ksym1=0x0
[567.137407 pid=12507 tid=12519] BPF_MAP_UPDATE_ELEM prog_array name=sys_enter_submi map_fd=13 map_id=363 key=263 prog_fd=187 prog_id=201 flags=0 ret=0 errno=0
[567.137490 pid=12507 tid=12519] native-loader jit-info prog_array-target fd=187 id=201 type=17 name=sys_enter_submi tag=86788343832bb66a jited_len=15860 xlated_len=25352 nr_jited_ksyms=1 ksym0=0xffffffffc040757c ksym1=0x0
[567.137581 pid=12507 tid=12519] BPF_MAP_UPDATE_ELEM prog_array name=sys_enter_submi map_fd=13 map_id=363 key=264 prog_fd=187 prog_id=201 flags=0 ret=0 errno=0
[567.137664 pid=12507 tid=12519] native-loader jit-info prog_array-target fd=187 id=201 type=17 name=sys_enter_submi tag=86788343832bb66a jited_len=15860 xlated_len=25352 nr_jited_ksyms=1 ksym0=0xffffffffc040757c ksym1=0x0
[567.137755 pid=12507 tid=12519] BPF_MAP_UPDATE_ELEM prog_array name=sys_enter_submi map_fd=13 map_id=363 key=265 prog_fd=187 prog_id=201 flags=0 ret=0 errno=0
[567.137838 pid=12507 tid=12519] native-loader jit-info prog_array-target fd=187 id=201 type=17 name=sys_enter_submi tag=86788343832bb66a jited_len=15860 xlated_len=25352 nr_jited_ksyms=1 ksym0=0xffffffffc040757c ksym1=0x0
[567.137928 pid=12507 tid=12519] BPF_MAP_UPDATE_ELEM prog_array name=sys_enter_submi map_fd=13 map_id=363 key=266 prog_fd=187 prog_id=201 flags=0 ret=0 errno=0
[567.138012 pid=12507 tid=12519] native-loader jit-info prog_array-target fd=187 id=201 type=17 name=sys_enter_submi tag=86788343832bb66a jited_len=15860 xlated_len=25352 nr_jited_ksyms=1 ksym0=0xffffffffc040757c ksym1=0x0
[567.138103 pid=12507 tid=12519] BPF_MAP_UPDATE_ELEM prog_array name=sys_enter_submi map_fd=13 map_id=363 key=267 prog_fd=187 prog_id=201 flags=0 ret=0 errno=0
[567.138186 pid=12507 tid=12519] native-loader jit-info prog_array-target fd=187 id=201 type=17 name=sys_enter_submi tag=86788343832bb66a jited_len=15860 xlated_len=25352 nr_jited_ksyms=1 ksym0=0xffffffffc040757c ksym1=0x0
[567.138276 pid=12507 tid=12519] BPF_MAP_UPDATE_ELEM prog_array name=sys_enter_submi map_fd=13 map_id=363 key=268 prog_fd=187 prog_id=201 flags=0 ret=0 errno=0
[567.138360 pid=12507 tid=12519] native-loader jit-info prog_array-target fd=187 id=201 type=17 name=sys_enter_submi tag=86788343832bb66a jited_len=15860 xlated_len=25352 nr_jited_ksyms=1 ksym0=0xffffffffc040757c ksym1=0x0
[567.138450 pid=12507 tid=12519] BPF_MAP_UPDATE_ELEM prog_array name=sys_enter_submi map_fd=13 map_id=363 key=269 prog_fd=187 prog_id=201 flags=0 ret=0 errno=0
[567.138534 pid=12507 tid=12519] native-loader jit-info prog_array-target fd=187 id=201 type=17 name=sys_enter_submi tag=86788343832bb66a jited_len=15860 xlated_len=25352 nr_jited_ksyms=1 ksym0=0xffffffffc040757c ksym1=0x0
[567.138626 pid=12507 tid=12519] BPF_MAP_UPDATE_ELEM prog_array name=sys_enter_submi map_fd=13 map_id=363 key=270 prog_fd=187 prog_id=201 flags=0 ret=0 errno=0
[567.138709 pid=12507 tid=12519] native-loader jit-info prog_array-target fd=187 id=201 type=17 name=sys_enter_submi tag=86788343832bb66a jited_len=15860 xlated_len=25352 nr_jited_ksyms=1 ksym0=0xffffffffc040757c ksym1=0x0
[567.138798 pid=12507 tid=12519] BPF_MAP_UPDATE_ELEM prog_array name=sys_enter_submi map_fd=13 map_id=363 key=271 prog_fd=187 prog_id=201 flags=0 ret=0 errno=0
[567.138883 pid=12507 tid=12519] native-loader jit-info prog_array-target fd=187 id=201 type=17 name=sys_enter_submi tag=86788343832bb66a jited_len=15860 xlated_len=25352 nr_jited_ksyms=1 ksym0=0xffffffffc040757c ksym1=0x0
[567.138974 pid=12507 tid=12519] BPF_MAP_UPDATE_ELEM prog_array name=sys_enter_submi map_fd=13 map_id=363 key=272 prog_fd=187 prog_id=201 flags=0 ret=0 errno=0
[567.139058 pid=12507 tid=12519] native-loader jit-info prog_array-target fd=187 id=201 type=17 name=sys_enter_submi tag=86788343832bb66a jited_len=15860 xlated_len=25352 nr_jited_ksyms=1 ksym0=0xffffffffc040757c ksym1=0x0
[567.139150 pid=12507 tid=12519] BPF_MAP_UPDATE_ELEM prog_array name=sys_enter_submi map_fd=13 map_id=363 key=273 prog_fd=187 prog_id=201 flags=0 ret=0 errno=0
[567.139233 pid=12507 tid=12519] native-loader jit-info prog_array-target fd=187 id=201 type=17 name=sys_enter_submi tag=86788343832bb66a jited_len=15860 xlated_len=25352 nr_jited_ksyms=1 ksym0=0xffffffffc040757c ksym1=0x0
[567.139324 pid=12507 tid=12519] BPF_MAP_UPDATE_ELEM prog_array name=sys_enter_submi map_fd=13 map_id=363 key=274 prog_fd=187 prog_id=201 flags=0 ret=0 errno=0
[567.139407 pid=12507 tid=12519] native-loader jit-info prog_array-target fd=187 id=201 type=17 name=sys_enter_submi tag=86788343832bb66a jited_len=15860 xlated_len=25352 nr_jited_ksyms=1 ksym0=0xffffffffc040757c ksym1=0x0
[567.139497 pid=12507 tid=12519] BPF_MAP_UPDATE_ELEM prog_array name=sys_enter_submi map_fd=13 map_id=363 key=275 prog_fd=187 prog_id=201 flags=0 ret=0 errno=0
[567.139581 pid=12507 tid=12519] native-loader jit-info prog_array-target fd=187 id=201 type=17 name=sys_enter_submi tag=86788343832bb66a jited_len=15860 xlated_len=25352 nr_jited_ksyms=1 ksym0=0xffffffffc040757c ksym1=0x0
[567.139672 pid=12507 tid=12519] BPF_MAP_UPDATE_ELEM prog_array name=sys_enter_submi map_fd=13 map_id=363 key=276 prog_fd=187 prog_id=201 flags=0 ret=0 errno=0
[567.139755 pid=12507 tid=12519] native-loader jit-info prog_array-target fd=187 id=201 type=17 name=sys_enter_submi tag=86788343832bb66a jited_len=15860 xlated_len=25352 nr_jited_ksyms=1 ksym0=0xffffffffc040757c ksym1=0x0
[567.139846 pid=12507 tid=12519] BPF_MAP_UPDATE_ELEM prog_array name=sys_enter_submi map_fd=13 map_id=363 key=277 prog_fd=187 prog_id=201 flags=0 ret=0 errno=0
[567.139929 pid=12507 tid=12519] native-loader jit-info prog_array-target fd=187 id=201 type=17 name=sys_enter_submi tag=86788343832bb66a jited_len=15860 xlated_len=25352 nr_jited_ksyms=1 ksym0=0xffffffffc040757c ksym1=0x0
[567.140020 pid=12507 tid=12519] BPF_MAP_UPDATE_ELEM prog_array name=sys_enter_submi map_fd=13 map_id=363 key=278 prog_fd=187 prog_id=201 flags=0 ret=0 errno=0
[567.140104 pid=12507 tid=12519] native-loader jit-info prog_array-target fd=187 id=201 type=17 name=sys_enter_submi tag=86788343832bb66a jited_len=15860 xlated_len=25352 nr_jited_ksyms=1 ksym0=0xffffffffc040757c ksym1=0x0
[567.140194 pid=12507 tid=12519] BPF_MAP_UPDATE_ELEM prog_array name=sys_enter_submi map_fd=13 map_id=363 key=279 prog_fd=187 prog_id=201 flags=0 ret=0 errno=0
[567.140278 pid=12507 tid=12519] native-loader jit-info prog_array-target fd=187 id=201 type=17 name=sys_enter_submi tag=86788343832bb66a jited_len=15860 xlated_len=25352 nr_jited_ksyms=1 ksym0=0xffffffffc040757c ksym1=0x0
[567.140368 pid=12507 tid=12519] BPF_MAP_UPDATE_ELEM prog_array name=sys_enter_submi map_fd=13 map_id=363 key=280 prog_fd=187 prog_id=201 flags=0 ret=0 errno=0
[567.140452 pid=12507 tid=12519] native-loader jit-info prog_array-target fd=187 id=201 type=17 name=sys_enter_submi tag=86788343832bb66a jited_len=15860 xlated_len=25352 nr_jited_ksyms=1 ksym0=0xffffffffc040757c ksym1=0x0
[567.140542 pid=12507 tid=12519] BPF_MAP_UPDATE_ELEM prog_array name=sys_enter_submi map_fd=13 map_id=363 key=281 prog_fd=187 prog_id=201 flags=0 ret=0 errno=0
[567.140625 pid=12507 tid=12519] native-loader jit-info prog_array-target fd=187 id=201 type=17 name=sys_enter_submi tag=86788343832bb66a jited_len=15860 xlated_len=25352 nr_jited_ksyms=1 ksym0=0xffffffffc040757c ksym1=0x0
[567.140716 pid=12507 tid=12519] BPF_MAP_UPDATE_ELEM prog_array name=sys_enter_submi map_fd=13 map_id=363 key=282 prog_fd=187 prog_id=201 flags=0 ret=0 errno=0
[567.140801 pid=12507 tid=12519] native-loader jit-info prog_array-target fd=187 id=201 type=17 name=sys_enter_submi tag=86788343832bb66a jited_len=15860 xlated_len=25352 nr_jited_ksyms=1 ksym0=0xffffffffc040757c ksym1=0x0
[567.140891 pid=12507 tid=12519] BPF_MAP_UPDATE_ELEM prog_array name=sys_enter_submi map_fd=13 map_id=363 key=283 prog_fd=187 prog_id=201 flags=0 ret=0 errno=0
[567.140973 pid=12507 tid=12519] native-loader jit-info prog_array-target fd=187 id=201 type=17 name=sys_enter_submi tag=86788343832bb66a jited_len=15860 xlated_len=25352 nr_jited_ksyms=1 ksym0=0xffffffffc040757c ksym1=0x0
[567.141064 pid=12507 tid=12519] BPF_MAP_UPDATE_ELEM prog_array name=sys_enter_submi map_fd=13 map_id=363 key=284 prog_fd=187 prog_id=201 flags=0 ret=0 errno=0
[567.141148 pid=12507 tid=12519] native-loader jit-info prog_array-target fd=187 id=201 type=17 name=sys_enter_submi tag=86788343832bb66a jited_len=15860 xlated_len=25352 nr_jited_ksyms=1 ksym0=0xffffffffc040757c ksym1=0x0
[567.141239 pid=12507 tid=12519] BPF_MAP_UPDATE_ELEM prog_array name=sys_enter_submi map_fd=13 map_id=363 key=285 prog_fd=187 prog_id=201 flags=0 ret=0 errno=0
[567.141323 pid=12507 tid=12519] native-loader jit-info prog_array-target fd=187 id=201 type=17 name=sys_enter_submi tag=86788343832bb66a jited_len=15860 xlated_len=25352 nr_jited_ksyms=1 ksym0=0xffffffffc040757c ksym1=0x0
[567.141412 pid=12507 tid=12519] BPF_MAP_UPDATE_ELEM prog_array name=sys_enter_submi map_fd=13 map_id=363 key=286 prog_fd=187 prog_id=201 flags=0 ret=0 errno=0
[567.141496 pid=12507 tid=12519] native-loader jit-info prog_array-target fd=187 id=201 type=17 name=sys_enter_submi tag=86788343832bb66a jited_len=15860 xlated_len=25352 nr_jited_ksyms=1 ksym0=0xffffffffc040757c ksym1=0x0
[567.141586 pid=12507 tid=12519] BPF_MAP_UPDATE_ELEM prog_array name=sys_enter_submi map_fd=13 map_id=363 key=287 prog_fd=187 prog_id=201 flags=0 ret=0 errno=0
[567.141669 pid=12507 tid=12519] native-loader jit-info prog_array-target fd=187 id=201 type=17 name=sys_enter_submi tag=86788343832bb66a jited_len=15860 xlated_len=25352 nr_jited_ksyms=1 ksym0=0xffffffffc040757c ksym1=0x0
[567.141760 pid=12507 tid=12519] BPF_MAP_UPDATE_ELEM prog_array name=sys_enter_submi map_fd=13 map_id=363 key=288 prog_fd=187 prog_id=201 flags=0 ret=0 errno=0
[567.141844 pid=12507 tid=12519] native-loader jit-info prog_array-target fd=187 id=201 type=17 name=sys_enter_submi tag=86788343832bb66a jited_len=15860 xlated_len=25352 nr_jited_ksyms=1 ksym0=0xffffffffc040757c ksym1=0x0
[567.141934 pid=12507 tid=12519] BPF_MAP_UPDATE_ELEM prog_array name=sys_enter_submi map_fd=13 map_id=363 key=289 prog_fd=187 prog_id=201 flags=0 ret=0 errno=0
[567.142018 pid=12507 tid=12519] native-loader jit-info prog_array-target fd=187 id=201 type=17 name=sys_enter_submi tag=86788343832bb66a jited_len=15860 xlated_len=25352 nr_jited_ksyms=1 ksym0=0xffffffffc040757c ksym1=0x0
[567.142111 pid=12507 tid=12519] BPF_MAP_UPDATE_ELEM prog_array name=sys_enter_submi map_fd=13 map_id=363 key=290 prog_fd=187 prog_id=201 flags=0 ret=0 errno=0
[567.142192 pid=12507 tid=12519] native-loader jit-info prog_array-target fd=187 id=201 type=17 name=sys_enter_submi tag=86788343832bb66a jited_len=15860 xlated_len=25352 nr_jited_ksyms=1 ksym0=0xffffffffc040757c ksym1=0x0
[567.142282 pid=12507 tid=12519] BPF_MAP_UPDATE_ELEM prog_array name=sys_enter_submi map_fd=13 map_id=363 key=291 prog_fd=187 prog_id=201 flags=0 ret=0 errno=0
[567.142365 pid=12507 tid=12519] native-loader jit-info prog_array-target fd=187 id=201 type=17 name=sys_enter_submi tag=86788343832bb66a jited_len=15860 xlated_len=25352 nr_jited_ksyms=1 ksym0=0xffffffffc040757c ksym1=0x0
[567.142456 pid=12507 tid=12519] BPF_MAP_UPDATE_ELEM prog_array name=sys_enter_submi map_fd=13 map_id=363 key=293 prog_fd=187 prog_id=201 flags=0 ret=0 errno=0
[567.142539 pid=12507 tid=12519] native-loader jit-info prog_array-target fd=187 id=201 type=17 name=sys_enter_submi tag=86788343832bb66a jited_len=15860 xlated_len=25352 nr_jited_ksyms=1 ksym0=0xffffffffc040757c ksym1=0x0
[567.142630 pid=12507 tid=12519] BPF_MAP_UPDATE_ELEM prog_array name=sys_enter_submi map_fd=13 map_id=363 key=294 prog_fd=187 prog_id=201 flags=0 ret=0 errno=0
[567.142714 pid=12507 tid=12519] native-loader jit-info prog_array-target fd=187 id=201 type=17 name=sys_enter_submi tag=86788343832bb66a jited_len=15860 xlated_len=25352 nr_jited_ksyms=1 ksym0=0xffffffffc040757c ksym1=0x0
[567.142804 pid=12507 tid=12519] BPF_MAP_UPDATE_ELEM prog_array name=sys_enter_submi map_fd=13 map_id=363 key=295 prog_fd=187 prog_id=201 flags=0 ret=0 errno=0
[567.142888 pid=12507 tid=12519] native-loader jit-info prog_array-target fd=187 id=201 type=17 name=sys_enter_submi tag=86788343832bb66a jited_len=15860 xlated_len=25352 nr_jited_ksyms=1 ksym0=0xffffffffc040757c ksym1=0x0
[567.142978 pid=12507 tid=12519] BPF_MAP_UPDATE_ELEM prog_array name=sys_enter_submi map_fd=13 map_id=363 key=296 prog_fd=187 prog_id=201 flags=0 ret=0 errno=0
[567.143061 pid=12507 tid=12519] native-loader jit-info prog_array-target fd=187 id=201 type=17 name=sys_enter_submi tag=86788343832bb66a jited_len=15860 xlated_len=25352 nr_jited_ksyms=1 ksym0=0xffffffffc040757c ksym1=0x0
[567.143153 pid=12507 tid=12519] BPF_MAP_UPDATE_ELEM prog_array name=sys_enter_submi map_fd=13 map_id=363 key=297 prog_fd=187 prog_id=201 flags=0 ret=0 errno=0
[567.143236 pid=12507 tid=12519] native-loader jit-info prog_array-target fd=187 id=201 type=17 name=sys_enter_submi tag=86788343832bb66a jited_len=15860 xlated_len=25352 nr_jited_ksyms=1 ksym0=0xffffffffc040757c ksym1=0x0
[567.143326 pid=12507 tid=12519] BPF_MAP_UPDATE_ELEM prog_array name=sys_enter_submi map_fd=13 map_id=363 key=298 prog_fd=187 prog_id=201 flags=0 ret=0 errno=0
[567.143409 pid=12507 tid=12519] native-loader jit-info prog_array-target fd=187 id=201 type=17 name=sys_enter_submi tag=86788343832bb66a jited_len=15860 xlated_len=25352 nr_jited_ksyms=1 ksym0=0xffffffffc040757c ksym1=0x0
[567.143500 pid=12507 tid=12519] BPF_MAP_UPDATE_ELEM prog_array name=sys_enter_submi map_fd=13 map_id=363 key=299 prog_fd=187 prog_id=201 flags=0 ret=0 errno=0
[567.143583 pid=12507 tid=12519] native-loader jit-info prog_array-target fd=187 id=201 type=17 name=sys_enter_submi tag=86788343832bb66a jited_len=15860 xlated_len=25352 nr_jited_ksyms=1 ksym0=0xffffffffc040757c ksym1=0x0
[567.143673 pid=12507 tid=12519] BPF_MAP_UPDATE_ELEM prog_array name=sys_enter_submi map_fd=13 map_id=363 key=300 prog_fd=187 prog_id=201 flags=0 ret=0 errno=0
[567.143756 pid=12507 tid=12519] native-loader jit-info prog_array-target fd=187 id=201 type=17 name=sys_enter_submi tag=86788343832bb66a jited_len=15860 xlated_len=25352 nr_jited_ksyms=1 ksym0=0xffffffffc040757c ksym1=0x0
[567.143846 pid=12507 tid=12519] BPF_MAP_UPDATE_ELEM prog_array name=sys_enter_submi map_fd=13 map_id=363 key=301 prog_fd=187 prog_id=201 flags=0 ret=0 errno=0
[567.143929 pid=12507 tid=12519] native-loader jit-info prog_array-target fd=187 id=201 type=17 name=sys_enter_submi tag=86788343832bb66a jited_len=15860 xlated_len=25352 nr_jited_ksyms=1 ksym0=0xffffffffc040757c ksym1=0x0
[567.144020 pid=12507 tid=12519] BPF_MAP_UPDATE_ELEM prog_array name=sys_enter_submi map_fd=13 map_id=363 key=302 prog_fd=187 prog_id=201 flags=0 ret=0 errno=0
[567.144105 pid=12507 tid=12519] native-loader jit-info prog_array-target fd=187 id=201 type=17 name=sys_enter_submi tag=86788343832bb66a jited_len=15860 xlated_len=25352 nr_jited_ksyms=1 ksym0=0xffffffffc040757c ksym1=0x0
[567.144196 pid=12507 tid=12519] BPF_MAP_UPDATE_ELEM prog_array name=sys_enter_submi map_fd=13 map_id=363 key=303 prog_fd=187 prog_id=201 flags=0 ret=0 errno=0
[567.144279 pid=12507 tid=12519] native-loader jit-info prog_array-target fd=187 id=201 type=17 name=sys_enter_submi tag=86788343832bb66a jited_len=15860 xlated_len=25352 nr_jited_ksyms=1 ksym0=0xffffffffc040757c ksym1=0x0
[567.144369 pid=12507 tid=12519] BPF_MAP_UPDATE_ELEM prog_array name=sys_enter_submi map_fd=13 map_id=363 key=304 prog_fd=187 prog_id=201 flags=0 ret=0 errno=0
[567.144453 pid=12507 tid=12519] native-loader jit-info prog_array-target fd=187 id=201 type=17 name=sys_enter_submi tag=86788343832bb66a jited_len=15860 xlated_len=25352 nr_jited_ksyms=1 ksym0=0xffffffffc040757c ksym1=0x0
[567.144544 pid=12507 tid=12519] BPF_MAP_UPDATE_ELEM prog_array name=sys_enter_submi map_fd=13 map_id=363 key=305 prog_fd=187 prog_id=201 flags=0 ret=0 errno=0
[567.144627 pid=12507 tid=12519] native-loader jit-info prog_array-target fd=187 id=201 type=17 name=sys_enter_submi tag=86788343832bb66a jited_len=15860 xlated_len=25352 nr_jited_ksyms=1 ksym0=0xffffffffc040757c ksym1=0x0
[567.144718 pid=12507 tid=12519] BPF_MAP_UPDATE_ELEM prog_array name=sys_enter_submi map_fd=13 map_id=363 key=306 prog_fd=187 prog_id=201 flags=0 ret=0 errno=0
[567.144801 pid=12507 tid=12519] native-loader jit-info prog_array-target fd=187 id=201 type=17 name=sys_enter_submi tag=86788343832bb66a jited_len=15860 xlated_len=25352 nr_jited_ksyms=1 ksym0=0xffffffffc040757c ksym1=0x0
[567.144892 pid=12507 tid=12519] BPF_MAP_UPDATE_ELEM prog_array name=sys_enter_submi map_fd=13 map_id=363 key=307 prog_fd=187 prog_id=201 flags=0 ret=0 errno=0
[567.144974 pid=12507 tid=12519] native-loader jit-info prog_array-target fd=187 id=201 type=17 name=sys_enter_submi tag=86788343832bb66a jited_len=15860 xlated_len=25352 nr_jited_ksyms=1 ksym0=0xffffffffc040757c ksym1=0x0
[567.145065 pid=12507 tid=12519] BPF_MAP_UPDATE_ELEM prog_array name=sys_enter_submi map_fd=13 map_id=363 key=308 prog_fd=187 prog_id=201 flags=0 ret=0 errno=0
[567.145150 pid=12507 tid=12519] native-loader jit-info prog_array-target fd=187 id=201 type=17 name=sys_enter_submi tag=86788343832bb66a jited_len=15860 xlated_len=25352 nr_jited_ksyms=1 ksym0=0xffffffffc040757c ksym1=0x0
[567.145240 pid=12507 tid=12519] BPF_MAP_UPDATE_ELEM prog_array name=sys_enter_submi map_fd=13 map_id=363 key=309 prog_fd=187 prog_id=201 flags=0 ret=0 errno=0
[567.145324 pid=12507 tid=12519] native-loader jit-info prog_array-target fd=187 id=201 type=17 name=sys_enter_submi tag=86788343832bb66a jited_len=15860 xlated_len=25352 nr_jited_ksyms=1 ksym0=0xffffffffc040757c ksym1=0x0
[567.145414 pid=12507 tid=12519] BPF_MAP_UPDATE_ELEM prog_array name=sys_enter_submi map_fd=13 map_id=363 key=310 prog_fd=187 prog_id=201 flags=0 ret=0 errno=0
[567.145498 pid=12507 tid=12519] native-loader jit-info prog_array-target fd=187 id=201 type=17 name=sys_enter_submi tag=86788343832bb66a jited_len=15860 xlated_len=25352 nr_jited_ksyms=1 ksym0=0xffffffffc040757c ksym1=0x0
[567.145588 pid=12507 tid=12519] BPF_MAP_UPDATE_ELEM prog_array name=sys_enter_submi map_fd=13 map_id=363 key=312 prog_fd=187 prog_id=201 flags=0 ret=0 errno=0
[567.145672 pid=12507 tid=12519] native-loader jit-info prog_array-target fd=187 id=201 type=17 name=sys_enter_submi tag=86788343832bb66a jited_len=15860 xlated_len=25352 nr_jited_ksyms=1 ksym0=0xffffffffc040757c ksym1=0x0
[567.145763 pid=12507 tid=12519] BPF_MAP_UPDATE_ELEM prog_array name=sys_enter_submi map_fd=13 map_id=363 key=313 prog_fd=187 prog_id=201 flags=0 ret=0 errno=0
[567.145846 pid=12507 tid=12519] native-loader jit-info prog_array-target fd=187 id=201 type=17 name=sys_enter_submi tag=86788343832bb66a jited_len=15860 xlated_len=25352 nr_jited_ksyms=1 ksym0=0xffffffffc040757c ksym1=0x0
[567.145936 pid=12507 tid=12519] BPF_MAP_UPDATE_ELEM prog_array name=sys_enter_submi map_fd=13 map_id=363 key=314 prog_fd=187 prog_id=201 flags=0 ret=0 errno=0
[567.146020 pid=12507 tid=12519] native-loader jit-info prog_array-target fd=187 id=201 type=17 name=sys_enter_submi tag=86788343832bb66a jited_len=15860 xlated_len=25352 nr_jited_ksyms=1 ksym0=0xffffffffc040757c ksym1=0x0
[567.146112 pid=12507 tid=12519] BPF_MAP_UPDATE_ELEM prog_array name=sys_enter_submi map_fd=13 map_id=363 key=315 prog_fd=187 prog_id=201 flags=0 ret=0 errno=0
[567.146195 pid=12507 tid=12519] native-loader jit-info prog_array-target fd=187 id=201 type=17 name=sys_enter_submi tag=86788343832bb66a jited_len=15860 xlated_len=25352 nr_jited_ksyms=1 ksym0=0xffffffffc040757c ksym1=0x0
[567.146285 pid=12507 tid=12519] BPF_MAP_UPDATE_ELEM prog_array name=sys_enter_submi map_fd=13 map_id=363 key=316 prog_fd=187 prog_id=201 flags=0 ret=0 errno=0
[567.146369 pid=12507 tid=12519] native-loader jit-info prog_array-target fd=187 id=201 type=17 name=sys_enter_submi tag=86788343832bb66a jited_len=15860 xlated_len=25352 nr_jited_ksyms=1 ksym0=0xffffffffc040757c ksym1=0x0
[567.146459 pid=12507 tid=12519] BPF_MAP_UPDATE_ELEM prog_array name=sys_enter_submi map_fd=13 map_id=363 key=317 prog_fd=187 prog_id=201 flags=0 ret=0 errno=0
[567.146543 pid=12507 tid=12519] native-loader jit-info prog_array-target fd=187 id=201 type=17 name=sys_enter_submi tag=86788343832bb66a jited_len=15860 xlated_len=25352 nr_jited_ksyms=1 ksym0=0xffffffffc040757c ksym1=0x0
[567.146634 pid=12507 tid=12519] BPF_MAP_UPDATE_ELEM prog_array name=sys_enter_submi map_fd=13 map_id=363 key=318 prog_fd=187 prog_id=201 flags=0 ret=0 errno=0
[567.146718 pid=12507 tid=12519] native-loader jit-info prog_array-target fd=187 id=201 type=17 name=sys_enter_submi tag=86788343832bb66a jited_len=15860 xlated_len=25352 nr_jited_ksyms=1 ksym0=0xffffffffc040757c ksym1=0x0
[567.146809 pid=12507 tid=12519] BPF_MAP_UPDATE_ELEM prog_array name=sys_enter_submi map_fd=13 map_id=363 key=319 prog_fd=187 prog_id=201 flags=0 ret=0 errno=0
[567.146891 pid=12507 tid=12519] native-loader jit-info prog_array-target fd=187 id=201 type=17 name=sys_enter_submi tag=86788343832bb66a jited_len=15860 xlated_len=25352 nr_jited_ksyms=1 ksym0=0xffffffffc040757c ksym1=0x0
[567.146981 pid=12507 tid=12519] BPF_MAP_UPDATE_ELEM prog_array name=sys_enter_submi map_fd=13 map_id=363 key=320 prog_fd=187 prog_id=201 flags=0 ret=0 errno=0
[567.147065 pid=12507 tid=12519] native-loader jit-info prog_array-target fd=187 id=201 type=17 name=sys_enter_submi tag=86788343832bb66a jited_len=15860 xlated_len=25352 nr_jited_ksyms=1 ksym0=0xffffffffc040757c ksym1=0x0
[567.147157 pid=12507 tid=12519] BPF_MAP_UPDATE_ELEM prog_array name=sys_enter_submi map_fd=13 map_id=363 key=321 prog_fd=187 prog_id=201 flags=0 ret=0 errno=0
[567.147241 pid=12507 tid=12519] native-loader jit-info prog_array-target fd=187 id=201 type=17 name=sys_enter_submi tag=86788343832bb66a jited_len=15860 xlated_len=25352 nr_jited_ksyms=1 ksym0=0xffffffffc040757c ksym1=0x0
[567.147331 pid=12507 tid=12519] BPF_MAP_UPDATE_ELEM prog_array name=sys_enter_submi map_fd=13 map_id=363 key=322 prog_fd=187 prog_id=201 flags=0 ret=0 errno=0
[567.147415 pid=12507 tid=12519] native-loader jit-info prog_array-target fd=187 id=201 type=17 name=sys_enter_submi tag=86788343832bb66a jited_len=15860 xlated_len=25352 nr_jited_ksyms=1 ksym0=0xffffffffc040757c ksym1=0x0
[567.147505 pid=12507 tid=12519] BPF_MAP_UPDATE_ELEM prog_array name=sys_enter_submi map_fd=13 map_id=363 key=323 prog_fd=187 prog_id=201 flags=0 ret=0 errno=0
[567.147588 pid=12507 tid=12519] native-loader jit-info prog_array-target fd=187 id=201 type=17 name=sys_enter_submi tag=86788343832bb66a jited_len=15860 xlated_len=25352 nr_jited_ksyms=1 ksym0=0xffffffffc040757c ksym1=0x0
[567.147678 pid=12507 tid=12519] BPF_MAP_UPDATE_ELEM prog_array name=sys_enter_submi map_fd=13 map_id=363 key=324 prog_fd=187 prog_id=201 flags=0 ret=0 errno=0
[567.147762 pid=12507 tid=12519] native-loader jit-info prog_array-target fd=187 id=201 type=17 name=sys_enter_submi tag=86788343832bb66a jited_len=15860 xlated_len=25352 nr_jited_ksyms=1 ksym0=0xffffffffc040757c ksym1=0x0
[567.147853 pid=12507 tid=12519] BPF_MAP_UPDATE_ELEM prog_array name=sys_enter_submi map_fd=13 map_id=363 key=325 prog_fd=187 prog_id=201 flags=0 ret=0 errno=0
[567.147936 pid=12507 tid=12519] native-loader jit-info prog_array-target fd=187 id=201 type=17 name=sys_enter_submi tag=86788343832bb66a jited_len=15860 xlated_len=25352 nr_jited_ksyms=1 ksym0=0xffffffffc040757c ksym1=0x0
[567.148026 pid=12507 tid=12519] BPF_MAP_UPDATE_ELEM prog_array name=sys_enter_submi map_fd=13 map_id=363 key=326 prog_fd=187 prog_id=201 flags=0 ret=0 errno=0
[567.148111 pid=12507 tid=12519] native-loader jit-info prog_array-target fd=187 id=201 type=17 name=sys_enter_submi tag=86788343832bb66a jited_len=15860 xlated_len=25352 nr_jited_ksyms=1 ksym0=0xffffffffc040757c ksym1=0x0
[567.148202 pid=12507 tid=12519] BPF_MAP_UPDATE_ELEM prog_array name=sys_enter_submi map_fd=13 map_id=363 key=327 prog_fd=187 prog_id=201 flags=0 ret=0 errno=0
[567.148287 pid=12507 tid=12519] native-loader jit-info prog_array-target fd=187 id=201 type=17 name=sys_enter_submi tag=86788343832bb66a jited_len=15860 xlated_len=25352 nr_jited_ksyms=1 ksym0=0xffffffffc040757c ksym1=0x0
[567.148379 pid=12507 tid=12519] BPF_MAP_UPDATE_ELEM prog_array name=sys_enter_submi map_fd=13 map_id=363 key=328 prog_fd=187 prog_id=201 flags=0 ret=0 errno=0
[567.148462 pid=12507 tid=12519] native-loader jit-info prog_array-target fd=187 id=201 type=17 name=sys_enter_submi tag=86788343832bb66a jited_len=15860 xlated_len=25352 nr_jited_ksyms=1 ksym0=0xffffffffc040757c ksym1=0x0
[567.148553 pid=12507 tid=12519] BPF_MAP_UPDATE_ELEM prog_array name=sys_enter_submi map_fd=13 map_id=363 key=329 prog_fd=187 prog_id=201 flags=0 ret=0 errno=0
[567.148636 pid=12507 tid=12519] native-loader jit-info prog_array-target fd=187 id=201 type=17 name=sys_enter_submi tag=86788343832bb66a jited_len=15860 xlated_len=25352 nr_jited_ksyms=1 ksym0=0xffffffffc040757c ksym1=0x0
[567.148727 pid=12507 tid=12519] BPF_MAP_UPDATE_ELEM prog_array name=sys_enter_submi map_fd=13 map_id=363 key=330 prog_fd=187 prog_id=201 flags=0 ret=0 errno=0
[567.148811 pid=12507 tid=12519] native-loader jit-info prog_array-target fd=187 id=201 type=17 name=sys_enter_submi tag=86788343832bb66a jited_len=15860 xlated_len=25352 nr_jited_ksyms=1 ksym0=0xffffffffc040757c ksym1=0x0
[567.148902 pid=12507 tid=12519] BPF_MAP_UPDATE_ELEM prog_array name=sys_enter_submi map_fd=13 map_id=363 key=331 prog_fd=187 prog_id=201 flags=0 ret=0 errno=0
[567.148984 pid=12507 tid=12519] native-loader jit-info prog_array-target fd=187 id=201 type=17 name=sys_enter_submi tag=86788343832bb66a jited_len=15860 xlated_len=25352 nr_jited_ksyms=1 ksym0=0xffffffffc040757c ksym1=0x0
[567.149076 pid=12507 tid=12519] BPF_MAP_UPDATE_ELEM prog_array name=sys_enter_submi map_fd=13 map_id=363 key=332 prog_fd=187 prog_id=201 flags=0 ret=0 errno=0
[567.149160 pid=12507 tid=12519] native-loader jit-info prog_array-target fd=187 id=201 type=17 name=sys_enter_submi tag=86788343832bb66a jited_len=15860 xlated_len=25352 nr_jited_ksyms=1 ksym0=0xffffffffc040757c ksym1=0x0
[567.149250 pid=12507 tid=12519] BPF_MAP_UPDATE_ELEM prog_array name=sys_enter_submi map_fd=13 map_id=363 key=333 prog_fd=187 prog_id=201 flags=0 ret=0 errno=0
[567.149334 pid=12507 tid=12519] native-loader jit-info prog_array-target fd=187 id=201 type=17 name=sys_enter_submi tag=86788343832bb66a jited_len=15860 xlated_len=25352 nr_jited_ksyms=1 ksym0=0xffffffffc040757c ksym1=0x0
[567.149427 pid=12507 tid=12519] BPF_MAP_UPDATE_ELEM prog_array name=sys_enter_submi map_fd=13 map_id=363 key=334 prog_fd=187 prog_id=201 flags=0 ret=0 errno=0
[567.149509 pid=12507 tid=12519] native-loader jit-info prog_array-target fd=187 id=201 type=17 name=sys_enter_submi tag=86788343832bb66a jited_len=15860 xlated_len=25352 nr_jited_ksyms=1 ksym0=0xffffffffc040757c ksym1=0x0
[567.149599 pid=12507 tid=12519] BPF_MAP_UPDATE_ELEM prog_array name=sys_enter_submi map_fd=13 map_id=363 key=424 prog_fd=187 prog_id=201 flags=0 ret=0 errno=0
[567.149682 pid=12507 tid=12519] native-loader jit-info prog_array-target fd=187 id=201 type=17 name=sys_enter_submi tag=86788343832bb66a jited_len=15860 xlated_len=25352 nr_jited_ksyms=1 ksym0=0xffffffffc040757c ksym1=0x0
[567.149773 pid=12507 tid=12519] BPF_MAP_UPDATE_ELEM prog_array name=sys_enter_submi map_fd=13 map_id=363 key=425 prog_fd=187 prog_id=201 flags=0 ret=0 errno=0
[567.149856 pid=12507 tid=12519] native-loader jit-info prog_array-target fd=187 id=201 type=17 name=sys_enter_submi tag=86788343832bb66a jited_len=15860 xlated_len=25352 nr_jited_ksyms=1 ksym0=0xffffffffc040757c ksym1=0x0
[567.149947 pid=12507 tid=12519] BPF_MAP_UPDATE_ELEM prog_array name=sys_enter_submi map_fd=13 map_id=363 key=426 prog_fd=187 prog_id=201 flags=0 ret=0 errno=0
[567.150030 pid=12507 tid=12519] native-loader jit-info prog_array-target fd=187 id=201 type=17 name=sys_enter_submi tag=86788343832bb66a jited_len=15860 xlated_len=25352 nr_jited_ksyms=1 ksym0=0xffffffffc040757c ksym1=0x0
[567.150121 pid=12507 tid=12519] BPF_MAP_UPDATE_ELEM prog_array name=sys_enter_submi map_fd=13 map_id=363 key=427 prog_fd=187 prog_id=201 flags=0 ret=0 errno=0
[567.150205 pid=12507 tid=12519] native-loader jit-info prog_array-target fd=187 id=201 type=17 name=sys_enter_submi tag=86788343832bb66a jited_len=15860 xlated_len=25352 nr_jited_ksyms=1 ksym0=0xffffffffc040757c ksym1=0x0
[567.150297 pid=12507 tid=12519] BPF_MAP_UPDATE_ELEM prog_array name=sys_enter_submi map_fd=13 map_id=363 key=428 prog_fd=187 prog_id=201 flags=0 ret=0 errno=0
[567.150381 pid=12507 tid=12519] native-loader jit-info prog_array-target fd=187 id=201 type=17 name=sys_enter_submi tag=86788343832bb66a jited_len=15860 xlated_len=25352 nr_jited_ksyms=1 ksym0=0xffffffffc040757c ksym1=0x0
[567.150472 pid=12507 tid=12519] BPF_MAP_UPDATE_ELEM prog_array name=sys_enter_submi map_fd=13 map_id=363 key=429 prog_fd=187 prog_id=201 flags=0 ret=0 errno=0
[567.150556 pid=12507 tid=12519] native-loader jit-info prog_array-target fd=187 id=201 type=17 name=sys_enter_submi tag=86788343832bb66a jited_len=15860 xlated_len=25352 nr_jited_ksyms=1 ksym0=0xffffffffc040757c ksym1=0x0
[567.150647 pid=12507 tid=12519] BPF_MAP_UPDATE_ELEM prog_array name=sys_enter_submi map_fd=13 map_id=363 key=430 prog_fd=187 prog_id=201 flags=0 ret=0 errno=0
[567.150731 pid=12507 tid=12519] native-loader jit-info prog_array-target fd=187 id=201 type=17 name=sys_enter_submi tag=86788343832bb66a jited_len=15860 xlated_len=25352 nr_jited_ksyms=1 ksym0=0xffffffffc040757c ksym1=0x0
[567.150821 pid=12507 tid=12519] BPF_MAP_UPDATE_ELEM prog_array name=sys_enter_submi map_fd=13 map_id=363 key=431 prog_fd=187 prog_id=201 flags=0 ret=0 errno=0
[567.150905 pid=12507 tid=12519] native-loader jit-info prog_array-target fd=187 id=201 type=17 name=sys_enter_submi tag=86788343832bb66a jited_len=15860 xlated_len=25352 nr_jited_ksyms=1 ksym0=0xffffffffc040757c ksym1=0x0
[567.150996 pid=12507 tid=12519] BPF_MAP_UPDATE_ELEM prog_array name=sys_enter_submi map_fd=13 map_id=363 key=432 prog_fd=187 prog_id=201 flags=0 ret=0 errno=0
[567.151082 pid=12507 tid=12519] native-loader jit-info prog_array-target fd=187 id=201 type=17 name=sys_enter_submi tag=86788343832bb66a jited_len=15860 xlated_len=25352 nr_jited_ksyms=1 ksym0=0xffffffffc040757c ksym1=0x0
[567.151173 pid=12507 tid=12519] BPF_MAP_UPDATE_ELEM prog_array name=sys_enter_submi map_fd=13 map_id=363 key=433 prog_fd=187 prog_id=201 flags=0 ret=0 errno=0
[567.151256 pid=12507 tid=12519] native-loader jit-info prog_array-target fd=187 id=201 type=17 name=sys_enter_submi tag=86788343832bb66a jited_len=15860 xlated_len=25352 nr_jited_ksyms=1 ksym0=0xffffffffc040757c ksym1=0x0
[567.151346 pid=12507 tid=12519] BPF_MAP_UPDATE_ELEM prog_array name=sys_enter_submi map_fd=13 map_id=363 key=434 prog_fd=187 prog_id=201 flags=0 ret=0 errno=0
[567.151429 pid=12507 tid=12519] native-loader jit-info prog_array-target fd=187 id=201 type=17 name=sys_enter_submi tag=86788343832bb66a jited_len=15860 xlated_len=25352 nr_jited_ksyms=1 ksym0=0xffffffffc040757c ksym1=0x0
[567.151520 pid=12507 tid=12519] BPF_MAP_UPDATE_ELEM prog_array name=sys_enter_submi map_fd=13 map_id=363 key=435 prog_fd=187 prog_id=201 flags=0 ret=0 errno=0
[567.151604 pid=12507 tid=12519] native-loader jit-info prog_array-target fd=187 id=201 type=17 name=sys_enter_submi tag=86788343832bb66a jited_len=15860 xlated_len=25352 nr_jited_ksyms=1 ksym0=0xffffffffc040757c ksym1=0x0
[567.151695 pid=12507 tid=12519] BPF_MAP_UPDATE_ELEM prog_array name=sys_enter_submi map_fd=13 map_id=363 key=436 prog_fd=187 prog_id=201 flags=0 ret=0 errno=0
[567.151778 pid=12507 tid=12519] native-loader jit-info prog_array-target fd=187 id=201 type=17 name=sys_enter_submi tag=86788343832bb66a jited_len=15860 xlated_len=25352 nr_jited_ksyms=1 ksym0=0xffffffffc040757c ksym1=0x0
[567.151869 pid=12507 tid=12519] BPF_MAP_UPDATE_ELEM prog_array name=sys_enter_submi map_fd=13 map_id=363 key=437 prog_fd=187 prog_id=201 flags=0 ret=0 errno=0
[567.151952 pid=12507 tid=12519] native-loader jit-info prog_array-target fd=187 id=201 type=17 name=sys_enter_submi tag=86788343832bb66a jited_len=15860 xlated_len=25352 nr_jited_ksyms=1 ksym0=0xffffffffc040757c ksym1=0x0
[567.152043 pid=12507 tid=12519] BPF_MAP_UPDATE_ELEM prog_array name=sys_enter_submi map_fd=13 map_id=363 key=438 prog_fd=187 prog_id=201 flags=0 ret=0 errno=0
[567.152128 pid=12507 tid=12519] native-loader jit-info prog_array-target fd=187 id=201 type=17 name=sys_enter_submi tag=86788343832bb66a jited_len=15860 xlated_len=25352 nr_jited_ksyms=1 ksym0=0xffffffffc040757c ksym1=0x0
[567.152219 pid=12507 tid=12519] BPF_MAP_UPDATE_ELEM prog_array name=sys_enter_submi map_fd=13 map_id=363 key=439 prog_fd=187 prog_id=201 flags=0 ret=0 errno=0
[567.152302 pid=12507 tid=12519] native-loader jit-info prog_array-target fd=187 id=201 type=17 name=sys_enter_submi tag=86788343832bb66a jited_len=15860 xlated_len=25352 nr_jited_ksyms=1 ksym0=0xffffffffc040757c ksym1=0x0
[567.152393 pid=12507 tid=12519] BPF_MAP_UPDATE_ELEM prog_array name=sys_enter_submi map_fd=13 map_id=363 key=440 prog_fd=187 prog_id=201 flags=0 ret=0 errno=0
[567.152476 pid=12507 tid=12519] native-loader jit-info prog_array-target fd=187 id=201 type=17 name=sys_enter_submi tag=86788343832bb66a jited_len=15860 xlated_len=25352 nr_jited_ksyms=1 ksym0=0xffffffffc040757c ksym1=0x0
[567.152567 pid=12507 tid=12519] BPF_MAP_UPDATE_ELEM prog_array name=sys_enter_submi map_fd=13 map_id=363 key=441 prog_fd=187 prog_id=201 flags=0 ret=0 errno=0
[567.152650 pid=12507 tid=12519] native-loader jit-info prog_array-target fd=187 id=201 type=17 name=sys_enter_submi tag=86788343832bb66a jited_len=15860 xlated_len=25352 nr_jited_ksyms=1 ksym0=0xffffffffc040757c ksym1=0x0
[567.152740 pid=12507 tid=12519] BPF_MAP_UPDATE_ELEM prog_array name=sys_enter_submi map_fd=13 map_id=363 key=442 prog_fd=187 prog_id=201 flags=0 ret=0 errno=0
[567.152824 pid=12507 tid=12519] native-loader jit-info prog_array-target fd=187 id=201 type=17 name=sys_enter_submi tag=86788343832bb66a jited_len=15860 xlated_len=25352 nr_jited_ksyms=1 ksym0=0xffffffffc040757c ksym1=0x0
[567.152914 pid=12507 tid=12519] BPF_MAP_UPDATE_ELEM prog_array name=sys_enter_submi map_fd=13 map_id=363 key=443 prog_fd=187 prog_id=201 flags=0 ret=0 errno=0
[567.152997 pid=12507 tid=12519] native-loader jit-info prog_array-target fd=187 id=201 type=17 name=sys_enter_submi tag=86788343832bb66a jited_len=15860 xlated_len=25352 nr_jited_ksyms=1 ksym0=0xffffffffc040757c ksym1=0x0
[567.153088 pid=12507 tid=12519] BPF_MAP_UPDATE_ELEM prog_array name=sys_enter_submi map_fd=13 map_id=363 key=444 prog_fd=187 prog_id=201 flags=0 ret=0 errno=0
[567.153171 pid=12507 tid=12519] native-loader jit-info prog_array-target fd=187 id=201 type=17 name=sys_enter_submi tag=86788343832bb66a jited_len=15860 xlated_len=25352 nr_jited_ksyms=1 ksym0=0xffffffffc040757c ksym1=0x0
[567.153262 pid=12507 tid=12519] BPF_MAP_UPDATE_ELEM prog_array name=sys_enter_submi map_fd=13 map_id=363 key=445 prog_fd=187 prog_id=201 flags=0 ret=0 errno=0
[567.153346 pid=12507 tid=12519] native-loader jit-info prog_array-target fd=187 id=201 type=17 name=sys_enter_submi tag=86788343832bb66a jited_len=15860 xlated_len=25352 nr_jited_ksyms=1 ksym0=0xffffffffc040757c ksym1=0x0
[567.153436 pid=12507 tid=12519] BPF_MAP_UPDATE_ELEM prog_array name=sys_enter_submi map_fd=13 map_id=363 key=446 prog_fd=187 prog_id=201 flags=0 ret=0 errno=0
[567.153521 pid=12507 tid=12519] native-loader jit-info prog_array-target fd=187 id=201 type=17 name=sys_enter_submi tag=86788343832bb66a jited_len=15860 xlated_len=25352 nr_jited_ksyms=1 ksym0=0xffffffffc040757c ksym1=0x0
[567.153611 pid=12507 tid=12519] BPF_MAP_UPDATE_ELEM prog_array name=sys_enter_submi map_fd=13 map_id=363 key=447 prog_fd=187 prog_id=201 flags=0 ret=0 errno=0
[567.153695 pid=12507 tid=12519] native-loader jit-info prog_array-target fd=187 id=201 type=17 name=sys_enter_submi tag=86788343832bb66a jited_len=15860 xlated_len=25352 nr_jited_ksyms=1 ksym0=0xffffffffc040757c ksym1=0x0
[567.153785 pid=12507 tid=12519] BPF_MAP_UPDATE_ELEM prog_array name=sys_enter_submi map_fd=13 map_id=363 key=448 prog_fd=187 prog_id=201 flags=0 ret=0 errno=0
[567.153868 pid=12507 tid=12519] native-loader jit-info prog_array-target fd=187 id=201 type=17 name=sys_enter_submi tag=86788343832bb66a jited_len=15860 xlated_len=25352 nr_jited_ksyms=1 ksym0=0xffffffffc040757c ksym1=0x0
[567.153959 pid=12507 tid=12519] BPF_MAP_UPDATE_ELEM prog_array name=sys_enter_submi map_fd=13 map_id=363 key=449 prog_fd=187 prog_id=201 flags=0 ret=0 errno=0
[567.154043 pid=12507 tid=12519] native-loader jit-info prog_array-target fd=187 id=201 type=17 name=sys_enter_submi tag=86788343832bb66a jited_len=15860 xlated_len=25352 nr_jited_ksyms=1 ksym0=0xffffffffc040757c ksym1=0x0
[567.154136 pid=12507 tid=12519] BPF_MAP_UPDATE_ELEM prog_array name=sys_enter_submi map_fd=13 map_id=363 key=450 prog_fd=187 prog_id=201 flags=0 ret=0 errno=0
[567.154220 pid=12507 tid=12519] native-loader jit-info prog_array-target fd=187 id=201 type=17 name=sys_enter_submi tag=86788343832bb66a jited_len=15860 xlated_len=25352 nr_jited_ksyms=1 ksym0=0xffffffffc040757c ksym1=0x0
[567.154312 pid=12507 tid=12519] BPF_MAP_UPDATE_ELEM prog_array name=sys_enter_submi map_fd=13 map_id=363 key=451 prog_fd=187 prog_id=201 flags=0 ret=0 errno=0
[567.154396 pid=12507 tid=12519] native-loader jit-info prog_array-target fd=187 id=201 type=17 name=sys_enter_submi tag=86788343832bb66a jited_len=15860 xlated_len=25352 nr_jited_ksyms=1 ksym0=0xffffffffc040757c ksym1=0x0
[567.154486 pid=12507 tid=12519] BPF_MAP_UPDATE_ELEM prog_array name=sys_enter_submi map_fd=13 map_id=363 key=452 prog_fd=187 prog_id=201 flags=0 ret=0 errno=0
[567.154570 pid=12507 tid=12519] native-loader jit-info prog_array-target fd=187 id=201 type=17 name=sys_enter_submi tag=86788343832bb66a jited_len=15860 xlated_len=25352 nr_jited_ksyms=1 ksym0=0xffffffffc040757c ksym1=0x0
[567.154660 pid=12507 tid=12519] BPF_MAP_UPDATE_ELEM prog_array name=sys_enter_submi map_fd=13 map_id=363 key=453 prog_fd=187 prog_id=201 flags=0 ret=0 errno=0
[567.154743 pid=12507 tid=12519] native-loader jit-info prog_array-target fd=187 id=201 type=17 name=sys_enter_submi tag=86788343832bb66a jited_len=15860 xlated_len=25352 nr_jited_ksyms=1 ksym0=0xffffffffc040757c ksym1=0x0
[567.154833 pid=12507 tid=12519] BPF_MAP_UPDATE_ELEM prog_array name=sys_enter_submi map_fd=13 map_id=363 key=454 prog_fd=187 prog_id=201 flags=0 ret=0 errno=0
[567.154916 pid=12507 tid=12519] native-loader jit-info prog_array-target fd=187 id=201 type=17 name=sys_enter_submi tag=86788343832bb66a jited_len=15860 xlated_len=25352 nr_jited_ksyms=1 ksym0=0xffffffffc040757c ksym1=0x0
[567.155007 pid=12507 tid=12519] BPF_MAP_UPDATE_ELEM prog_array name=sys_enter_submi map_fd=13 map_id=363 key=455 prog_fd=187 prog_id=201 flags=0 ret=0 errno=0
[567.155092 pid=12507 tid=12519] native-loader jit-info prog_array-target fd=187 id=201 type=17 name=sys_enter_submi tag=86788343832bb66a jited_len=15860 xlated_len=25352 nr_jited_ksyms=1 ksym0=0xffffffffc040757c ksym1=0x0
[567.155183 pid=12507 tid=12519] BPF_MAP_UPDATE_ELEM prog_array name=sys_enter_submi map_fd=13 map_id=363 key=456 prog_fd=187 prog_id=201 flags=0 ret=0 errno=0
[567.155265 pid=12507 tid=12519] native-loader jit-info prog_array-target fd=187 id=201 type=17 name=sys_enter_submi tag=86788343832bb66a jited_len=15860 xlated_len=25352 nr_jited_ksyms=1 ksym0=0xffffffffc040757c ksym1=0x0
[567.155356 pid=12507 tid=12519] BPF_MAP_UPDATE_ELEM prog_array name=sys_enter_submi map_fd=13 map_id=363 key=457 prog_fd=187 prog_id=201 flags=0 ret=0 errno=0
[567.155439 pid=12507 tid=12519] native-loader jit-info prog_array-target fd=187 id=201 type=17 name=sys_enter_submi tag=86788343832bb66a jited_len=15860 xlated_len=25352 nr_jited_ksyms=1 ksym0=0xffffffffc040757c ksym1=0x0
[567.155530 pid=12507 tid=12519] BPF_MAP_UPDATE_ELEM prog_array name=sys_enter_submi map_fd=13 map_id=363 key=458 prog_fd=187 prog_id=201 flags=0 ret=0 errno=0
[567.155613 pid=12507 tid=12519] native-loader jit-info prog_array-target fd=187 id=201 type=17 name=sys_enter_submi tag=86788343832bb66a jited_len=15860 xlated_len=25352 nr_jited_ksyms=1 ksym0=0xffffffffc040757c ksym1=0x0
[567.155705 pid=12507 tid=12519] BPF_MAP_UPDATE_ELEM prog_array name=sys_enter_submi map_fd=13 map_id=363 key=459 prog_fd=187 prog_id=201 flags=0 ret=0 errno=0
[567.155788 pid=12507 tid=12519] native-loader jit-info prog_array-target fd=187 id=201 type=17 name=sys_enter_submi tag=86788343832bb66a jited_len=15860 xlated_len=25352 nr_jited_ksyms=1 ksym0=0xffffffffc040757c ksym1=0x0
[567.155877 pid=12507 tid=12519] BPF_MAP_UPDATE_ELEM prog_array name=sys_enter_submi map_fd=13 map_id=363 key=460 prog_fd=187 prog_id=201 flags=0 ret=0 errno=0
[567.155960 pid=12507 tid=12519] native-loader jit-info prog_array-target fd=187 id=201 type=17 name=sys_enter_submi tag=86788343832bb66a jited_len=15860 xlated_len=25352 nr_jited_ksyms=1 ksym0=0xffffffffc040757c ksym1=0x0
[567.156050 pid=12507 tid=12519] BPF_MAP_UPDATE_ELEM prog_array name=sys_enter_submi map_fd=13 map_id=363 key=461 prog_fd=187 prog_id=201 flags=0 ret=0 errno=0
[567.156135 pid=12507 tid=12519] native-loader jit-info prog_array-target fd=187 id=201 type=17 name=sys_enter_submi tag=86788343832bb66a jited_len=15860 xlated_len=25352 nr_jited_ksyms=1 ksym0=0xffffffffc040757c ksym1=0x0
[567.156225 pid=12507 tid=12519] BPF_MAP_UPDATE_ELEM prog_array name=sys_enter_submi map_fd=13 map_id=363 key=462 prog_fd=187 prog_id=201 flags=0 ret=0 errno=0
[567.156308 pid=12507 tid=12519] native-loader jit-info prog_array-target fd=187 id=201 type=17 name=sys_enter_submi tag=86788343832bb66a jited_len=15860 xlated_len=25352 nr_jited_ksyms=1 ksym0=0xffffffffc040757c ksym1=0x0
[567.156399 pid=12507 tid=12519] BPF_MAP_UPDATE_ELEM prog_array name=sys_enter_submi map_fd=13 map_id=363 key=463 prog_fd=187 prog_id=201 flags=0 ret=0 errno=0
[567.156483 pid=12507 tid=12519] native-loader jit-info prog_array-target fd=187 id=201 type=17 name=sys_enter_submi tag=86788343832bb66a jited_len=15860 xlated_len=25352 nr_jited_ksyms=1 ksym0=0xffffffffc040757c ksym1=0x0
[567.156573 pid=12507 tid=12519] BPF_MAP_UPDATE_ELEM prog_array name=sys_enter_submi map_fd=13 map_id=363 key=464 prog_fd=187 prog_id=201 flags=0 ret=0 errno=0
[567.156657 pid=12507 tid=12519] native-loader jit-info prog_array-target fd=187 id=201 type=17 name=sys_enter_submi tag=86788343832bb66a jited_len=15860 xlated_len=25352 nr_jited_ksyms=1 ksym0=0xffffffffc040757c ksym1=0x0
[567.156748 pid=12507 tid=12519] BPF_MAP_UPDATE_ELEM prog_array name=sys_enter_submi map_fd=13 map_id=363 key=465 prog_fd=187 prog_id=201 flags=0 ret=0 errno=0
[567.156831 pid=12507 tid=12519] native-loader jit-info prog_array-target fd=187 id=201 type=17 name=sys_enter_submi tag=86788343832bb66a jited_len=15860 xlated_len=25352 nr_jited_ksyms=1 ksym0=0xffffffffc040757c ksym1=0x0
[567.156923 pid=12507 tid=12519] BPF_MAP_UPDATE_ELEM prog_array name=sys_enter_submi map_fd=13 map_id=363 key=466 prog_fd=187 prog_id=201 flags=0 ret=0 errno=0
[567.157006 pid=12507 tid=12519] native-loader jit-info prog_array-target fd=187 id=201 type=17 name=sys_enter_submi tag=86788343832bb66a jited_len=15860 xlated_len=25352 nr_jited_ksyms=1 ksym0=0xffffffffc040757c ksym1=0x0
[567.157098 pid=12507 tid=12519] BPF_MAP_UPDATE_ELEM prog_array name=sys_enter_submi map_fd=13 map_id=363 key=467 prog_fd=187 prog_id=201 flags=0 ret=0 errno=0
[567.157182 pid=12507 tid=12519] native-loader jit-info prog_array-target fd=187 id=201 type=17 name=sys_enter_submi tag=86788343832bb66a jited_len=15860 xlated_len=25352 nr_jited_ksyms=1 ksym0=0xffffffffc040757c ksym1=0x0
[567.157273 pid=12507 tid=12519] BPF_MAP_UPDATE_ELEM prog_array name=sys_enter_submi map_fd=13 map_id=363 key=468 prog_fd=187 prog_id=201 flags=0 ret=0 errno=0
[567.157357 pid=12507 tid=12519] native-loader jit-info prog_array-target fd=187 id=201 type=17 name=sys_enter_submi tag=86788343832bb66a jited_len=15860 xlated_len=25352 nr_jited_ksyms=1 ksym0=0xffffffffc040757c ksym1=0x0
[567.157447 pid=12507 tid=12519] BPF_MAP_UPDATE_ELEM prog_array name=sys_enter_submi map_fd=13 map_id=363 key=469 prog_fd=187 prog_id=201 flags=0 ret=0 errno=0
[567.157530 pid=12507 tid=12519] native-loader jit-info prog_array-target fd=187 id=201 type=17 name=sys_enter_submi tag=86788343832bb66a jited_len=15860 xlated_len=25352 nr_jited_ksyms=1 ksym0=0xffffffffc040757c ksym1=0x0
[567.157622 pid=12507 tid=12519] BPF_MAP_UPDATE_ELEM prog_array name=sys_enter_submi map_fd=13 map_id=363 key=470 prog_fd=187 prog_id=201 flags=0 ret=0 errno=0
[567.157704 pid=12507 tid=12519] native-loader jit-info prog_array-target fd=187 id=201 type=17 name=sys_enter_submi tag=86788343832bb66a jited_len=15860 xlated_len=25352 nr_jited_ksyms=1 ksym0=0xffffffffc040757c ksym1=0x0
[567.157795 pid=12507 tid=12519] BPF_MAP_UPDATE_ELEM prog_array name=sys_enter_submi map_fd=13 map_id=363 key=471 prog_fd=187 prog_id=201 flags=0 ret=0 errno=0
[567.157879 pid=12507 tid=12519] native-loader jit-info prog_array-target fd=187 id=201 type=17 name=sys_enter_submi tag=86788343832bb66a jited_len=15860 xlated_len=25352 nr_jited_ksyms=1 ksym0=0xffffffffc040757c ksym1=0x0
[567.157969 pid=12507 tid=12519] BPF_MAP_UPDATE_ELEM prog_array name=sys_enter_submi map_fd=13 map_id=363 key=472 prog_fd=187 prog_id=201 flags=0 ret=0 errno=0
[567.158053 pid=12507 tid=12519] native-loader jit-info prog_array-target fd=187 id=201 type=17 name=sys_enter_submi tag=86788343832bb66a jited_len=15860 xlated_len=25352 nr_jited_ksyms=1 ksym0=0xffffffffc040757c ksym1=0x0
[567.158147 pid=12507 tid=12519] BPF_MAP_UPDATE_ELEM prog_array name=sys_enter_submi map_fd=13 map_id=363 key=473 prog_fd=187 prog_id=201 flags=0 ret=0 errno=0
[567.158230 pid=12507 tid=12519] native-loader jit-info prog_array-target fd=187 id=201 type=17 name=sys_enter_submi tag=86788343832bb66a jited_len=15860 xlated_len=25352 nr_jited_ksyms=1 ksym0=0xffffffffc040757c ksym1=0x0
[567.158319 pid=12507 tid=12519] BPF_MAP_UPDATE_ELEM prog_array name=sys_enter_submi map_fd=13 map_id=363 key=474 prog_fd=187 prog_id=201 flags=0 ret=0 errno=0
[567.158403 pid=12507 tid=12519] native-loader jit-info prog_array-target fd=187 id=201 type=17 name=sys_enter_submi tag=86788343832bb66a jited_len=15860 xlated_len=25352 nr_jited_ksyms=1 ksym0=0xffffffffc040757c ksym1=0x0
[567.158493 pid=12507 tid=12519] BPF_MAP_UPDATE_ELEM prog_array name=sys_enter_submi map_fd=13 map_id=363 key=475 prog_fd=187 prog_id=201 flags=0 ret=0 errno=0
[567.158577 pid=12507 tid=12519] native-loader jit-info prog_array-target fd=187 id=201 type=17 name=sys_enter_submi tag=86788343832bb66a jited_len=15860 xlated_len=25352 nr_jited_ksyms=1 ksym0=0xffffffffc040757c ksym1=0x0
[567.158668 pid=12507 tid=12519] BPF_MAP_UPDATE_ELEM prog_array name=sys_enter_submi map_fd=13 map_id=363 key=476 prog_fd=187 prog_id=201 flags=0 ret=0 errno=0
[567.158752 pid=12507 tid=12519] native-loader jit-info prog_array-target fd=187 id=201 type=17 name=sys_enter_submi tag=86788343832bb66a jited_len=15860 xlated_len=25352 nr_jited_ksyms=1 ksym0=0xffffffffc040757c ksym1=0x0
[567.158842 pid=12507 tid=12519] BPF_MAP_UPDATE_ELEM prog_array name=sys_enter_submi map_fd=13 map_id=363 key=477 prog_fd=187 prog_id=201 flags=0 ret=0 errno=0
[567.158926 pid=12507 tid=12519] native-loader jit-info prog_array-target fd=187 id=201 type=17 name=sys_enter_submi tag=86788343832bb66a jited_len=15860 xlated_len=25352 nr_jited_ksyms=1 ksym0=0xffffffffc040757c ksym1=0x0
[567.159016 pid=12507 tid=12519] BPF_MAP_UPDATE_ELEM prog_array name=sys_enter_submi map_fd=13 map_id=363 key=478 prog_fd=187 prog_id=201 flags=0 ret=0 errno=0
[567.159101 pid=12507 tid=12519] native-loader jit-info prog_array-target fd=187 id=201 type=17 name=sys_enter_submi tag=86788343832bb66a jited_len=15860 xlated_len=25352 nr_jited_ksyms=1 ksym0=0xffffffffc040757c ksym1=0x0
[567.159192 pid=12507 tid=12519] BPF_MAP_UPDATE_ELEM prog_array name=sys_enter_submi map_fd=13 map_id=363 key=479 prog_fd=187 prog_id=201 flags=0 ret=0 errno=0
[567.159276 pid=12507 tid=12519] native-loader jit-info prog_array-target fd=187 id=201 type=17 name=sys_enter_submi tag=86788343832bb66a jited_len=15860 xlated_len=25352 nr_jited_ksyms=1 ksym0=0xffffffffc040757c ksym1=0x0
[567.159366 pid=12507 tid=12519] BPF_MAP_UPDATE_ELEM prog_array name=sys_enter_submi map_fd=13 map_id=363 key=480 prog_fd=187 prog_id=201 flags=0 ret=0 errno=0
[567.159450 pid=12507 tid=12519] native-loader jit-info prog_array-target fd=187 id=201 type=17 name=sys_enter_submi tag=86788343832bb66a jited_len=15860 xlated_len=25352 nr_jited_ksyms=1 ksym0=0xffffffffc040757c ksym1=0x0
[567.159541 pid=12507 tid=12519] BPF_MAP_UPDATE_ELEM prog_array name=sys_enter_submi map_fd=13 map_id=363 key=481 prog_fd=187 prog_id=201 flags=0 ret=0 errno=0
[567.159625 pid=12507 tid=12519] native-loader jit-info prog_array-target fd=187 id=201 type=17 name=sys_enter_submi tag=86788343832bb66a jited_len=15860 xlated_len=25352 nr_jited_ksyms=1 ksym0=0xffffffffc040757c ksym1=0x0
[567.159715 pid=12507 tid=12519] BPF_MAP_UPDATE_ELEM prog_array name=sys_enter_submi map_fd=13 map_id=363 key=482 prog_fd=187 prog_id=201 flags=0 ret=0 errno=0
[567.159799 pid=12507 tid=12519] native-loader jit-info prog_array-target fd=187 id=201 type=17 name=sys_enter_submi tag=86788343832bb66a jited_len=15860 xlated_len=25352 nr_jited_ksyms=1 ksym0=0xffffffffc040757c ksym1=0x0
[567.159890 pid=12507 tid=12519] BPF_MAP_UPDATE_ELEM prog_array name=sys_enter_submi map_fd=13 map_id=363 key=483 prog_fd=187 prog_id=201 flags=0 ret=0 errno=0
[567.159974 pid=12507 tid=12519] native-loader jit-info prog_array-target fd=187 id=201 type=17 name=sys_enter_submi tag=86788343832bb66a jited_len=15860 xlated_len=25352 nr_jited_ksyms=1 ksym0=0xffffffffc040757c ksym1=0x0
[567.160069 pid=12507 tid=12519] BPF_MAP_UPDATE_ELEM prog_array name=sys_enter_submi map_fd=13 map_id=363 key=484 prog_fd=187 prog_id=201 flags=0 ret=0 errno=0
[567.160150 pid=12507 tid=12519] native-loader jit-info prog_array-target fd=187 id=201 type=17 name=sys_enter_submi tag=86788343832bb66a jited_len=15860 xlated_len=25352 nr_jited_ksyms=1 ksym0=0xffffffffc040757c ksym1=0x0
[567.160240 pid=12507 tid=12519] BPF_MAP_UPDATE_ELEM prog_array name=sys_enter_submi map_fd=13 map_id=363 key=485 prog_fd=187 prog_id=201 flags=0 ret=0 errno=0
[567.160324 pid=12507 tid=12519] native-loader jit-info prog_array-target fd=187 id=201 type=17 name=sys_enter_submi tag=86788343832bb66a jited_len=15860 xlated_len=25352 nr_jited_ksyms=1 ksym0=0xffffffffc040757c ksym1=0x0
[567.160415 pid=12507 tid=12519] BPF_MAP_UPDATE_ELEM prog_array name=sys_enter_submi map_fd=13 map_id=363 key=486 prog_fd=187 prog_id=201 flags=0 ret=0 errno=0
[567.160498 pid=12507 tid=12519] native-loader jit-info prog_array-target fd=187 id=201 type=17 name=sys_enter_submi tag=86788343832bb66a jited_len=15860 xlated_len=25352 nr_jited_ksyms=1 ksym0=0xffffffffc040757c ksym1=0x0
[567.160588 pid=12507 tid=12519] BPF_MAP_UPDATE_ELEM prog_array name=sys_enter_submi map_fd=13 map_id=363 key=487 prog_fd=187 prog_id=201 flags=0 ret=0 errno=0
[567.160671 pid=12507 tid=12519] native-loader jit-info prog_array-target fd=187 id=201 type=17 name=sys_enter_submi tag=86788343832bb66a jited_len=15860 xlated_len=25352 nr_jited_ksyms=1 ksym0=0xffffffffc040757c ksym1=0x0
[567.160762 pid=12507 tid=12519] BPF_MAP_UPDATE_ELEM prog_array name=sys_enter_submi map_fd=13 map_id=363 key=488 prog_fd=187 prog_id=201 flags=0 ret=0 errno=0
[567.160846 pid=12507 tid=12519] native-loader jit-info prog_array-target fd=187 id=201 type=17 name=sys_enter_submi tag=86788343832bb66a jited_len=15860 xlated_len=25352 nr_jited_ksyms=1 ksym0=0xffffffffc040757c ksym1=0x0
[567.160936 pid=12507 tid=12519] BPF_MAP_UPDATE_ELEM prog_array name=sys_enter_submi map_fd=13 map_id=363 key=489 prog_fd=187 prog_id=201 flags=0 ret=0 errno=0
[567.161020 pid=12507 tid=12519] native-loader jit-info prog_array-target fd=187 id=201 type=17 name=sys_enter_submi tag=86788343832bb66a jited_len=15860 xlated_len=25352 nr_jited_ksyms=1 ksym0=0xffffffffc040757c ksym1=0x0
[567.161112 pid=12507 tid=12519] BPF_MAP_UPDATE_ELEM prog_array name=sys_enter_submi map_fd=13 map_id=363 key=490 prog_fd=187 prog_id=201 flags=0 ret=0 errno=0
[567.161196 pid=12507 tid=12519] native-loader jit-info prog_array-target fd=187 id=201 type=17 name=sys_enter_submi tag=86788343832bb66a jited_len=15860 xlated_len=25352 nr_jited_ksyms=1 ksym0=0xffffffffc040757c ksym1=0x0
[567.161287 pid=12507 tid=12519] BPF_MAP_UPDATE_ELEM prog_array name=sys_enter_submi map_fd=13 map_id=363 key=491 prog_fd=187 prog_id=201 flags=0 ret=0 errno=0
[567.161370 pid=12507 tid=12519] native-loader jit-info prog_array-target fd=187 id=201 type=17 name=sys_enter_submi tag=86788343832bb66a jited_len=15860 xlated_len=25352 nr_jited_ksyms=1 ksym0=0xffffffffc040757c ksym1=0x0
[567.161461 pid=12507 tid=12519] BPF_MAP_UPDATE_ELEM prog_array name=sys_enter_submi map_fd=13 map_id=363 key=492 prog_fd=187 prog_id=201 flags=0 ret=0 errno=0
[567.161544 pid=12507 tid=12519] native-loader jit-info prog_array-target fd=187 id=201 type=17 name=sys_enter_submi tag=86788343832bb66a jited_len=15860 xlated_len=25352 nr_jited_ksyms=1 ksym0=0xffffffffc040757c ksym1=0x0
[567.161635 pid=12507 tid=12519] BPF_MAP_UPDATE_ELEM prog_array name=sys_enter_submi map_fd=13 map_id=363 key=493 prog_fd=187 prog_id=201 flags=0 ret=0 errno=0
[567.161718 pid=12507 tid=12519] native-loader jit-info prog_array-target fd=187 id=201 type=17 name=sys_enter_submi tag=86788343832bb66a jited_len=15860 xlated_len=25352 nr_jited_ksyms=1 ksym0=0xffffffffc040757c ksym1=0x0
[567.161809 pid=12507 tid=12519] BPF_MAP_UPDATE_ELEM prog_array name=sys_enter_submi map_fd=13 map_id=363 key=494 prog_fd=187 prog_id=201 flags=0 ret=0 errno=0
[567.161893 pid=12507 tid=12519] native-loader jit-info prog_array-target fd=187 id=201 type=17 name=sys_enter_submi tag=86788343832bb66a jited_len=15860 xlated_len=25352 nr_jited_ksyms=1 ksym0=0xffffffffc040757c ksym1=0x0
[567.161983 pid=12507 tid=12519] BPF_MAP_UPDATE_ELEM prog_array name=sys_enter_submi map_fd=13 map_id=363 key=495 prog_fd=187 prog_id=201 flags=0 ret=0 errno=0
[567.162068 pid=12507 tid=12519] native-loader jit-info prog_array-target fd=187 id=201 type=17 name=sys_enter_submi tag=86788343832bb66a jited_len=15860 xlated_len=25352 nr_jited_ksyms=1 ksym0=0xffffffffc040757c ksym1=0x0
[567.162158 pid=12507 tid=12519] BPF_MAP_UPDATE_ELEM prog_array name=sys_enter_submi map_fd=13 map_id=363 key=496 prog_fd=187 prog_id=201 flags=0 ret=0 errno=0
[567.162241 pid=12507 tid=12519] native-loader jit-info prog_array-target fd=187 id=201 type=17 name=sys_enter_submi tag=86788343832bb66a jited_len=15860 xlated_len=25352 nr_jited_ksyms=1 ksym0=0xffffffffc040757c ksym1=0x0
[567.162331 pid=12507 tid=12519] BPF_MAP_UPDATE_ELEM prog_array name=sys_enter_submi map_fd=13 map_id=363 key=497 prog_fd=187 prog_id=201 flags=0 ret=0 errno=0
[567.162414 pid=12507 tid=12519] native-loader jit-info prog_array-target fd=187 id=201 type=17 name=sys_enter_submi tag=86788343832bb66a jited_len=15860 xlated_len=25352 nr_jited_ksyms=1 ksym0=0xffffffffc040757c ksym1=0x0
[567.162505 pid=12507 tid=12519] BPF_MAP_UPDATE_ELEM prog_array name=sys_enter_submi map_fd=13 map_id=363 key=498 prog_fd=187 prog_id=201 flags=0 ret=0 errno=0
[567.162588 pid=12507 tid=12519] native-loader jit-info prog_array-target fd=187 id=201 type=17 name=sys_enter_submi tag=86788343832bb66a jited_len=15860 xlated_len=25352 nr_jited_ksyms=1 ksym0=0xffffffffc040757c ksym1=0x0
[567.162679 pid=12507 tid=12519] BPF_MAP_UPDATE_ELEM prog_array name=sys_enter_submi map_fd=13 map_id=363 key=499 prog_fd=187 prog_id=201 flags=0 ret=0 errno=0
[567.162762 pid=12507 tid=12519] native-loader jit-info prog_array-target fd=187 id=201 type=17 name=sys_enter_submi tag=86788343832bb66a jited_len=15860 xlated_len=25352 nr_jited_ksyms=1 ksym0=0xffffffffc040757c ksym1=0x0
[567.162853 pid=12507 tid=12519] BPF_MAP_UPDATE_ELEM prog_array name=sys_enter_submi map_fd=13 map_id=363 key=500 prog_fd=187 prog_id=201 flags=0 ret=0 errno=0
[567.162936 pid=12507 tid=12519] native-loader jit-info prog_array-target fd=187 id=201 type=17 name=sys_enter_submi tag=86788343832bb66a jited_len=15860 xlated_len=25352 nr_jited_ksyms=1 ksym0=0xffffffffc040757c ksym1=0x0
[567.163026 pid=12507 tid=12519] BPF_MAP_UPDATE_ELEM prog_array name=sys_enter_submi map_fd=13 map_id=363 key=501 prog_fd=187 prog_id=201 flags=0 ret=0 errno=0
[567.163112 pid=12507 tid=12519] native-loader jit-info prog_array-target fd=187 id=201 type=17 name=sys_enter_submi tag=86788343832bb66a jited_len=15860 xlated_len=25352 nr_jited_ksyms=1 ksym0=0xffffffffc040757c ksym1=0x0
[567.163203 pid=12507 tid=12519] BPF_MAP_UPDATE_ELEM prog_array name=sys_enter_submi map_fd=13 map_id=363 key=502 prog_fd=187 prog_id=201 flags=0 ret=0 errno=0
[567.163287 pid=12507 tid=12519] native-loader jit-info prog_array-target fd=187 id=201 type=17 name=sys_enter_submi tag=86788343832bb66a jited_len=15860 xlated_len=25352 nr_jited_ksyms=1 ksym0=0xffffffffc040757c ksym1=0x0
[567.163377 pid=12507 tid=12519] BPF_MAP_UPDATE_ELEM prog_array name=sys_enter_submi map_fd=13 map_id=363 key=503 prog_fd=187 prog_id=201 flags=0 ret=0 errno=0
[567.163460 pid=12507 tid=12519] native-loader jit-info prog_array-target fd=187 id=201 type=17 name=sys_enter_submi tag=86788343832bb66a jited_len=15860 xlated_len=25352 nr_jited_ksyms=1 ksym0=0xffffffffc040757c ksym1=0x0
[567.163551 pid=12507 tid=12519] BPF_MAP_UPDATE_ELEM prog_array name=sys_enter_submi map_fd=13 map_id=363 key=504 prog_fd=187 prog_id=201 flags=0 ret=0 errno=0
[567.163635 pid=12507 tid=12519] native-loader jit-info prog_array-target fd=187 id=201 type=17 name=sys_enter_submi tag=86788343832bb66a jited_len=15860 xlated_len=25352 nr_jited_ksyms=1 ksym0=0xffffffffc040757c ksym1=0x0
[567.163725 pid=12507 tid=12519] BPF_MAP_UPDATE_ELEM prog_array name=sys_enter_submi map_fd=13 map_id=363 key=505 prog_fd=187 prog_id=201 flags=0 ret=0 errno=0
[567.163808 pid=12507 tid=12519] native-loader jit-info prog_array-target fd=187 id=201 type=17 name=sys_enter_submi tag=86788343832bb66a jited_len=15860 xlated_len=25352 nr_jited_ksyms=1 ksym0=0xffffffffc040757c ksym1=0x0
[567.163898 pid=12507 tid=12519] BPF_MAP_UPDATE_ELEM prog_array name=sys_enter_submi map_fd=13 map_id=363 key=506 prog_fd=187 prog_id=201 flags=0 ret=0 errno=0
[567.163981 pid=12507 tid=12519] native-loader jit-info prog_array-target fd=187 id=201 type=17 name=sys_enter_submi tag=86788343832bb66a jited_len=15860 xlated_len=25352 nr_jited_ksyms=1 ksym0=0xffffffffc040757c ksym1=0x0
[567.164074 pid=12507 tid=12519] BPF_MAP_UPDATE_ELEM prog_array name=sys_enter_submi map_fd=13 map_id=363 key=507 prog_fd=187 prog_id=201 flags=0 ret=0 errno=0
[567.164156 pid=12507 tid=12519] native-loader jit-info prog_array-target fd=187 id=201 type=17 name=sys_enter_submi tag=86788343832bb66a jited_len=15860 xlated_len=25352 nr_jited_ksyms=1 ksym0=0xffffffffc040757c ksym1=0x0
[567.164247 pid=12507 tid=12519] BPF_MAP_UPDATE_ELEM prog_array name=sys_enter_submi map_fd=13 map_id=363 key=508 prog_fd=187 prog_id=201 flags=0 ret=0 errno=0
[567.164330 pid=12507 tid=12519] native-loader jit-info prog_array-target fd=187 id=201 type=17 name=sys_enter_submi tag=86788343832bb66a jited_len=15860 xlated_len=25352 nr_jited_ksyms=1 ksym0=0xffffffffc040757c ksym1=0x0
[567.164420 pid=12507 tid=12519] BPF_MAP_UPDATE_ELEM prog_array name=sys_enter_submi map_fd=13 map_id=363 key=509 prog_fd=187 prog_id=201 flags=0 ret=0 errno=0
[567.164504 pid=12507 tid=12519] native-loader jit-info prog_array-target fd=187 id=201 type=17 name=sys_enter_submi tag=86788343832bb66a jited_len=15860 xlated_len=25352 nr_jited_ksyms=1 ksym0=0xffffffffc040757c ksym1=0x0
[567.164595 pid=12507 tid=12519] BPF_MAP_UPDATE_ELEM prog_array name=sys_enter_submi map_fd=13 map_id=363 key=510 prog_fd=187 prog_id=201 flags=0 ret=0 errno=0
[567.164678 pid=12507 tid=12519] native-loader jit-info prog_array-target fd=187 id=201 type=17 name=sys_enter_submi tag=86788343832bb66a jited_len=15860 xlated_len=25352 nr_jited_ksyms=1 ksym0=0xffffffffc040757c ksym1=0x0
[567.164769 pid=12507 tid=12519] BPF_MAP_UPDATE_ELEM prog_array name=sys_enter_submi map_fd=13 map_id=363 key=511 prog_fd=187 prog_id=201 flags=0 ret=0 errno=0
[567.164852 pid=12507 tid=12519] native-loader jit-info prog_array-target fd=187 id=201 type=17 name=sys_enter_submi tag=86788343832bb66a jited_len=15860 xlated_len=25352 nr_jited_ksyms=1 ksym0=0xffffffffc040757c ksym1=0x0
[567.164942 pid=12507 tid=12519] BPF_MAP_UPDATE_ELEM prog_array name=sys_enter_submi map_fd=13 map_id=363 key=512 prog_fd=187 prog_id=201 flags=0 ret=0 errno=0
[567.165026 pid=12507 tid=12519] native-loader jit-info prog_array-target fd=187 id=201 type=17 name=sys_enter_submi tag=86788343832bb66a jited_len=15860 xlated_len=25352 nr_jited_ksyms=1 ksym0=0xffffffffc040757c ksym1=0x0
[567.165117 pid=12507 tid=12519] BPF_MAP_UPDATE_ELEM prog_array name=sys_enter_submi map_fd=13 map_id=363 key=513 prog_fd=187 prog_id=201 flags=0 ret=0 errno=0
[567.165201 pid=12507 tid=12519] native-loader jit-info prog_array-target fd=187 id=201 type=17 name=sys_enter_submi tag=86788343832bb66a jited_len=15860 xlated_len=25352 nr_jited_ksyms=1 ksym0=0xffffffffc040757c ksym1=0x0
[567.165292 pid=12507 tid=12519] BPF_MAP_UPDATE_ELEM prog_array name=sys_enter_submi map_fd=13 map_id=363 key=514 prog_fd=187 prog_id=201 flags=0 ret=0 errno=0
[567.165376 pid=12507 tid=12519] native-loader jit-info prog_array-target fd=187 id=201 type=17 name=sys_enter_submi tag=86788343832bb66a jited_len=15860 xlated_len=25352 nr_jited_ksyms=1 ksym0=0xffffffffc040757c ksym1=0x0
[567.165466 pid=12507 tid=12519] BPF_MAP_UPDATE_ELEM prog_array name=sys_enter_submi map_fd=13 map_id=363 key=515 prog_fd=187 prog_id=201 flags=0 ret=0 errno=0
[567.165549 pid=12507 tid=12519] native-loader jit-info prog_array-target fd=187 id=201 type=17 name=sys_enter_submi tag=86788343832bb66a jited_len=15860 xlated_len=25352 nr_jited_ksyms=1 ksym0=0xffffffffc040757c ksym1=0x0
[567.165640 pid=12507 tid=12519] BPF_MAP_UPDATE_ELEM prog_array name=sys_enter_submi map_fd=13 map_id=363 key=516 prog_fd=187 prog_id=201 flags=0 ret=0 errno=0
[567.165723 pid=12507 tid=12519] native-loader jit-info prog_array-target fd=187 id=201 type=17 name=sys_enter_submi tag=86788343832bb66a jited_len=15860 xlated_len=25352 nr_jited_ksyms=1 ksym0=0xffffffffc040757c ksym1=0x0
[567.165814 pid=12507 tid=12519] BPF_MAP_UPDATE_ELEM prog_array name=sys_enter_submi map_fd=13 map_id=363 key=517 prog_fd=187 prog_id=201 flags=0 ret=0 errno=0
[567.165897 pid=12507 tid=12519] native-loader jit-info prog_array-target fd=187 id=201 type=17 name=sys_enter_submi tag=86788343832bb66a jited_len=15860 xlated_len=25352 nr_jited_ksyms=1 ksym0=0xffffffffc040757c ksym1=0x0
[567.165988 pid=12507 tid=12519] BPF_MAP_UPDATE_ELEM prog_array name=sys_enter_submi map_fd=13 map_id=363 key=518 prog_fd=187 prog_id=201 flags=0 ret=0 errno=0
[567.166072 pid=12507 tid=12519] native-loader jit-info prog_array-target fd=187 id=201 type=17 name=sys_enter_submi tag=86788343832bb66a jited_len=15860 xlated_len=25352 nr_jited_ksyms=1 ksym0=0xffffffffc040757c ksym1=0x0
[567.166164 pid=12507 tid=12519] BPF_MAP_UPDATE_ELEM prog_array name=sys_enter_submi map_fd=13 map_id=363 key=519 prog_fd=187 prog_id=201 flags=0 ret=0 errno=0
[567.166247 pid=12507 tid=12519] native-loader jit-info prog_array-target fd=187 id=201 type=17 name=sys_enter_submi tag=86788343832bb66a jited_len=15860 xlated_len=25352 nr_jited_ksyms=1 ksym0=0xffffffffc040757c ksym1=0x0
[567.166338 pid=12507 tid=12519] BPF_MAP_UPDATE_ELEM prog_array name=sys_enter_submi map_fd=13 map_id=363 key=520 prog_fd=187 prog_id=201 flags=0 ret=0 errno=0
[567.166421 pid=12507 tid=12519] native-loader jit-info prog_array-target fd=187 id=201 type=17 name=sys_enter_submi tag=86788343832bb66a jited_len=15860 xlated_len=25352 nr_jited_ksyms=1 ksym0=0xffffffffc040757c ksym1=0x0
[567.166511 pid=12507 tid=12519] BPF_MAP_UPDATE_ELEM prog_array name=sys_enter_submi map_fd=13 map_id=363 key=521 prog_fd=187 prog_id=201 flags=0 ret=0 errno=0
[567.166594 pid=12507 tid=12519] native-loader jit-info prog_array-target fd=187 id=201 type=17 name=sys_enter_submi tag=86788343832bb66a jited_len=15860 xlated_len=25352 nr_jited_ksyms=1 ksym0=0xffffffffc040757c ksym1=0x0
[567.166685 pid=12507 tid=12519] BPF_MAP_UPDATE_ELEM prog_array name=sys_enter_submi map_fd=13 map_id=363 key=522 prog_fd=187 prog_id=201 flags=0 ret=0 errno=0
[567.166768 pid=12507 tid=12519] native-loader jit-info prog_array-target fd=187 id=201 type=17 name=sys_enter_submi tag=86788343832bb66a jited_len=15860 xlated_len=25352 nr_jited_ksyms=1 ksym0=0xffffffffc040757c ksym1=0x0
[567.166858 pid=12507 tid=12519] BPF_MAP_UPDATE_ELEM prog_array name=sys_enter_submi map_fd=13 map_id=363 key=523 prog_fd=187 prog_id=201 flags=0 ret=0 errno=0
[567.166942 pid=12507 tid=12519] native-loader jit-info prog_array-target fd=187 id=201 type=17 name=sys_enter_submi tag=86788343832bb66a jited_len=15860 xlated_len=25352 nr_jited_ksyms=1 ksym0=0xffffffffc040757c ksym1=0x0
[567.167032 pid=12507 tid=12519] BPF_MAP_UPDATE_ELEM prog_array name=sys_enter_submi map_fd=13 map_id=363 key=524 prog_fd=187 prog_id=201 flags=0 ret=0 errno=0
[567.167117 pid=12507 tid=12519] native-loader jit-info prog_array-target fd=187 id=201 type=17 name=sys_enter_submi tag=86788343832bb66a jited_len=15860 xlated_len=25352 nr_jited_ksyms=1 ksym0=0xffffffffc040757c ksym1=0x0
[567.167208 pid=12507 tid=12519] BPF_MAP_UPDATE_ELEM prog_array name=sys_enter_submi map_fd=13 map_id=363 key=525 prog_fd=187 prog_id=201 flags=0 ret=0 errno=0
[567.167291 pid=12507 tid=12519] native-loader jit-info prog_array-target fd=187 id=201 type=17 name=sys_enter_submi tag=86788343832bb66a jited_len=15860 xlated_len=25352 nr_jited_ksyms=1 ksym0=0xffffffffc040757c ksym1=0x0
[567.167382 pid=12507 tid=12519] BPF_MAP_UPDATE_ELEM prog_array name=sys_enter_submi map_fd=13 map_id=363 key=526 prog_fd=187 prog_id=201 flags=0 ret=0 errno=0
[567.167466 pid=12507 tid=12519] native-loader jit-info prog_array-target fd=187 id=201 type=17 name=sys_enter_submi tag=86788343832bb66a jited_len=15860 xlated_len=25352 nr_jited_ksyms=1 ksym0=0xffffffffc040757c ksym1=0x0
[567.167556 pid=12507 tid=12519] BPF_MAP_UPDATE_ELEM prog_array name=sys_enter_submi map_fd=13 map_id=363 key=527 prog_fd=187 prog_id=201 flags=0 ret=0 errno=0
[567.167640 pid=12507 tid=12519] native-loader jit-info prog_array-target fd=187 id=201 type=17 name=sys_enter_submi tag=86788343832bb66a jited_len=15860 xlated_len=25352 nr_jited_ksyms=1 ksym0=0xffffffffc040757c ksym1=0x0
[567.167731 pid=12507 tid=12519] BPF_MAP_UPDATE_ELEM prog_array name=sys_enter_submi map_fd=13 map_id=363 key=528 prog_fd=187 prog_id=201 flags=0 ret=0 errno=0
[567.167815 pid=12507 tid=12519] native-loader jit-info prog_array-target fd=187 id=201 type=17 name=sys_enter_submi tag=86788343832bb66a jited_len=15860 xlated_len=25352 nr_jited_ksyms=1 ksym0=0xffffffffc040757c ksym1=0x0
[567.167905 pid=12507 tid=12519] BPF_MAP_UPDATE_ELEM prog_array name=sys_enter_submi map_fd=13 map_id=363 key=529 prog_fd=187 prog_id=201 flags=0 ret=0 errno=0
[567.167988 pid=12507 tid=12519] native-loader jit-info prog_array-target fd=187 id=201 type=17 name=sys_enter_submi tag=86788343832bb66a jited_len=15860 xlated_len=25352 nr_jited_ksyms=1 ksym0=0xffffffffc040757c ksym1=0x0
[567.168080 pid=12507 tid=12519] BPF_MAP_UPDATE_ELEM prog_array name=sys_enter_submi map_fd=13 map_id=363 key=530 prog_fd=187 prog_id=201 flags=0 ret=0 errno=0
[567.168163 pid=12507 tid=12519] native-loader jit-info prog_array-target fd=187 id=201 type=17 name=sys_enter_submi tag=86788343832bb66a jited_len=15860 xlated_len=25352 nr_jited_ksyms=1 ksym0=0xffffffffc040757c ksym1=0x0
[567.168254 pid=12507 tid=12519] BPF_MAP_UPDATE_ELEM prog_array name=sys_enter_submi map_fd=13 map_id=363 key=531 prog_fd=187 prog_id=201 flags=0 ret=0 errno=0
[567.168337 pid=12507 tid=12519] native-loader jit-info prog_array-target fd=187 id=201 type=17 name=sys_enter_submi tag=86788343832bb66a jited_len=15860 xlated_len=25352 nr_jited_ksyms=1 ksym0=0xffffffffc040757c ksym1=0x0
[567.168428 pid=12507 tid=12519] BPF_MAP_UPDATE_ELEM prog_array name=sys_enter_submi map_fd=13 map_id=363 key=532 prog_fd=187 prog_id=201 flags=0 ret=0 errno=0
[567.168511 pid=12507 tid=12519] native-loader jit-info prog_array-target fd=187 id=201 type=17 name=sys_enter_submi tag=86788343832bb66a jited_len=15860 xlated_len=25352 nr_jited_ksyms=1 ksym0=0xffffffffc040757c ksym1=0x0
[567.168601 pid=12507 tid=12519] BPF_MAP_UPDATE_ELEM prog_array name=sys_enter_submi map_fd=13 map_id=363 key=533 prog_fd=187 prog_id=201 flags=0 ret=0 errno=0
[567.168685 pid=12507 tid=12519] native-loader jit-info prog_array-target fd=187 id=201 type=17 name=sys_enter_submi tag=86788343832bb66a jited_len=15860 xlated_len=25352 nr_jited_ksyms=1 ksym0=0xffffffffc040757c ksym1=0x0
[567.168776 pid=12507 tid=12519] BPF_MAP_UPDATE_ELEM prog_array name=sys_enter_submi map_fd=13 map_id=363 key=534 prog_fd=187 prog_id=201 flags=0 ret=0 errno=0
[567.168859 pid=12507 tid=12519] native-loader jit-info prog_array-target fd=187 id=201 type=17 name=sys_enter_submi tag=86788343832bb66a jited_len=15860 xlated_len=25352 nr_jited_ksyms=1 ksym0=0xffffffffc040757c ksym1=0x0
[567.168959 pid=12507 tid=12519] BPF_MAP_UPDATE_ELEM prog_array name=sys_exit_tails map_fd=18 map_id=368 key=322 prog_fd=199 prog_id=264 flags=0 ret=0 errno=0
[567.169083 pid=12507 tid=12519] native-loader jit-info prog_array-target fd=199 id=264 type=17 name=syscall__execve tag=c43ff791c829846c jited_len=21449 xlated_len=29896 nr_jited_ksyms=1 ksym0=0xffffffffc044aaa8 ksym1=0x0
[567.170278 pid=12507 tid=12519] BPF_MAP_UPDATE_ELEM prog_array name=prog_array map_fd=27 map_id=377 key=11 prog_fd=184 prog_id=291 flags=0 ret=0 errno=0
[567.170657 pid=12507 tid=12519] native-loader jit-info prog_array-target fd=184 id=291 type=2 name=lkm_seeker_mod_ tag=978a7f81c8d71c16 jited_len=632 xlated_len=952 nr_jited_ksyms=1 ksym0=0xffffffffc0402a20 ksym1=0x0
[567.171612 pid=12507 tid=12519] BPF_MAP_UPDATE_ELEM prog_array name=prog_array map_fd=27 map_id=377 key=12 prog_fd=191 prog_id=297 flags=0 ret=0 errno=0
[567.171842 pid=12507 tid=12519] native-loader jit-info prog_array-target fd=191 id=297 type=2 name=lkm_seeker_new_ tag=b855dac80476c57b jited_len=3283 xlated_len=5072 nr_jited_ksyms=1 ksym0=0xffffffffc04165a0 ksym1=0x0
[567.172790 pid=12507 tid=12519] BPF_MAP_UPDATE_ELEM prog_array name=generic_sys_exi map_fd=20 map_id=370 key=32 prog_fd=201 prog_id=267 flags=0 ret=0 errno=0
[567.173070 pid=12507 tid=12519] native-loader jit-info prog_array-target fd=201 id=267 type=2 name=sys_dup_exit_ta tag=f59fdc7dea003d11 jited_len=11087 xlated_len=15928 nr_jited_ksyms=2 ksym0=0xffffffffc0430988 ksym1=0xffffffffc0401760
[567.173248 pid=12507 tid=12519] BPF_MAP_UPDATE_ELEM prog_array name=generic_sys_exi map_fd=20 map_id=370 key=33 prog_fd=201 prog_id=267 flags=0 ret=0 errno=0
[567.173349 pid=12507 tid=12519] native-loader jit-info prog_array-target fd=201 id=267 type=2 name=sys_dup_exit_ta tag=f59fdc7dea003d11 jited_len=11087 xlated_len=15928 nr_jited_ksyms=2 ksym0=0xffffffffc0430988 ksym1=0xffffffffc0401760
[567.173473 pid=12507 tid=12519] BPF_MAP_UPDATE_ELEM prog_array name=generic_sys_exi map_fd=20 map_id=370 key=292 prog_fd=201 prog_id=267 flags=0 ret=0 errno=0
[567.173564 pid=12507 tid=12519] native-loader jit-info prog_array-target fd=201 id=267 type=2 name=sys_dup_exit_ta tag=f59fdc7dea003d11 jited_len=11087 xlated_len=15928 nr_jited_ksyms=2 ksym0=0xffffffffc0430988 ksym1=0xffffffffc0401760
[567.173699 pid=12507 tid=12519] BPF_MAP_UPDATE_ELEM prog_array name=prog_array map_fd=27 map_id=377 key=14 prog_fd=285 prog_id=642 flags=0 ret=0 errno=0
[567.173788 pid=12507 tid=12519] native-loader jit-info prog_array-target fd=285 id=642 type=2 name=uprobe__feature tag=deb58235918baa18 jited_len=1817 xlated_len=2832 nr_jited_ksyms=1 ksym0=0xffffffffc042ad90 ksym1=0x0
[567.173884 pid=12507 tid=12519] BPF_MAP_UPDATE_ELEM prog_array name=sys_enter_tails map_fd=14 map_id=364 key=59 prog_fd=193 prog_id=255 flags=0 ret=0 errno=0
[567.173971 pid=12507 tid=12519] native-loader jit-info prog_array-target fd=193 id=255 type=17 name=syscall__execve tag=9074f3d93fab5649 jited_len=21071 xlated_len=29376 nr_jited_ksyms=1 ksym0=0xffffffffc042b70c ksym1=0x0
[567.174072 pid=12507 tid=12519] BPF_MAP_UPDATE_ELEM prog_array name=sys_enter_init_ map_fd=10 map_id=360 key=0 prog_fd=169 prog_id=198 flags=0 ret=0 errno=0
[567.174180 pid=12507 tid=12519] native-loader jit-info prog_array-target fd=169 id=198 type=17 name=sys_enter_init tag=dcd704af68030f29 jited_len=2179 xlated_len=3648 nr_jited_ksyms=1 ksym0=0xffffffffc0402e50 ksym1=0x0
[567.174283 pid=12507 tid=12519] BPF_MAP_UPDATE_ELEM prog_array name=sys_enter_init_ map_fd=10 map_id=360 key=1 prog_fd=169 prog_id=198 flags=0 ret=0 errno=0
[567.174381 pid=12507 tid=12519] native-loader jit-info prog_array-target fd=169 id=198 type=17 name=sys_enter_init tag=dcd704af68030f29 jited_len=2179 xlated_len=3648 nr_jited_ksyms=1 ksym0=0xffffffffc0402e50 ksym1=0x0
[567.174484 pid=12507 tid=12519] BPF_MAP_UPDATE_ELEM prog_array name=sys_enter_init_ map_fd=10 map_id=360 key=2 prog_fd=169 prog_id=198 flags=0 ret=0 errno=0
[567.174571 pid=12507 tid=12519] native-loader jit-info prog_array-target fd=169 id=198 type=17 name=sys_enter_init tag=dcd704af68030f29 jited_len=2179 xlated_len=3648 nr_jited_ksyms=1 ksym0=0xffffffffc0402e50 ksym1=0x0
[567.174661 pid=12507 tid=12519] BPF_MAP_UPDATE_ELEM prog_array name=sys_enter_init_ map_fd=10 map_id=360 key=3 prog_fd=169 prog_id=198 flags=0 ret=0 errno=0
[567.174746 pid=12507 tid=12519] native-loader jit-info prog_array-target fd=169 id=198 type=17 name=sys_enter_init tag=dcd704af68030f29 jited_len=2179 xlated_len=3648 nr_jited_ksyms=1 ksym0=0xffffffffc0402e50 ksym1=0x0
[567.174835 pid=12507 tid=12519] BPF_MAP_UPDATE_ELEM prog_array name=sys_enter_init_ map_fd=10 map_id=360 key=4 prog_fd=169 prog_id=198 flags=0 ret=0 errno=0
[567.174920 pid=12507 tid=12519] native-loader jit-info prog_array-target fd=169 id=198 type=17 name=sys_enter_init tag=dcd704af68030f29 jited_len=2179 xlated_len=3648 nr_jited_ksyms=1 ksym0=0xffffffffc0402e50 ksym1=0x0
[567.175010 pid=12507 tid=12519] BPF_MAP_UPDATE_ELEM prog_array name=sys_enter_init_ map_fd=10 map_id=360 key=5 prog_fd=169 prog_id=198 flags=0 ret=0 errno=0
[567.175098 pid=12507 tid=12519] native-loader jit-info prog_array-target fd=169 id=198 type=17 name=sys_enter_init tag=dcd704af68030f29 jited_len=2179 xlated_len=3648 nr_jited_ksyms=1 ksym0=0xffffffffc0402e50 ksym1=0x0
[567.175190 pid=12507 tid=12519] BPF_MAP_UPDATE_ELEM prog_array name=sys_enter_init_ map_fd=10 map_id=360 key=6 prog_fd=169 prog_id=198 flags=0 ret=0 errno=0
[567.175272 pid=12507 tid=12519] native-loader jit-info prog_array-target fd=169 id=198 type=17 name=sys_enter_init tag=dcd704af68030f29 jited_len=2179 xlated_len=3648 nr_jited_ksyms=1 ksym0=0xffffffffc0402e50 ksym1=0x0
[567.175361 pid=12507 tid=12519] BPF_MAP_UPDATE_ELEM prog_array name=sys_enter_init_ map_fd=10 map_id=360 key=7 prog_fd=169 prog_id=198 flags=0 ret=0 errno=0
[567.175447 pid=12507 tid=12519] native-loader jit-info prog_array-target fd=169 id=198 type=17 name=sys_enter_init tag=dcd704af68030f29 jited_len=2179 xlated_len=3648 nr_jited_ksyms=1 ksym0=0xffffffffc0402e50 ksym1=0x0
[567.175536 pid=12507 tid=12519] BPF_MAP_UPDATE_ELEM prog_array name=sys_enter_init_ map_fd=10 map_id=360 key=8 prog_fd=169 prog_id=198 flags=0 ret=0 errno=0
[567.175621 pid=12507 tid=12519] native-loader jit-info prog_array-target fd=169 id=198 type=17 name=sys_enter_init tag=dcd704af68030f29 jited_len=2179 xlated_len=3648 nr_jited_ksyms=1 ksym0=0xffffffffc0402e50 ksym1=0x0
[567.175711 pid=12507 tid=12519] BPF_MAP_UPDATE_ELEM prog_array name=sys_enter_init_ map_fd=10 map_id=360 key=9 prog_fd=169 prog_id=198 flags=0 ret=0 errno=0
[567.175795 pid=12507 tid=12519] native-loader jit-info prog_array-target fd=169 id=198 type=17 name=sys_enter_init tag=dcd704af68030f29 jited_len=2179 xlated_len=3648 nr_jited_ksyms=1 ksym0=0xffffffffc0402e50 ksym1=0x0
[567.175885 pid=12507 tid=12519] BPF_MAP_UPDATE_ELEM prog_array name=sys_enter_init_ map_fd=10 map_id=360 key=10 prog_fd=169 prog_id=198 flags=0 ret=0 errno=0
[567.175970 pid=12507 tid=12519] native-loader jit-info prog_array-target fd=169 id=198 type=17 name=sys_enter_init tag=dcd704af68030f29 jited_len=2179 xlated_len=3648 nr_jited_ksyms=1 ksym0=0xffffffffc0402e50 ksym1=0x0
[567.176059 pid=12507 tid=12519] BPF_MAP_UPDATE_ELEM prog_array name=sys_enter_init_ map_fd=10 map_id=360 key=11 prog_fd=169 prog_id=198 flags=0 ret=0 errno=0
[567.176145 pid=12507 tid=12519] native-loader jit-info prog_array-target fd=169 id=198 type=17 name=sys_enter_init tag=dcd704af68030f29 jited_len=2179 xlated_len=3648 nr_jited_ksyms=1 ksym0=0xffffffffc0402e50 ksym1=0x0
[567.176234 pid=12507 tid=12519] BPF_MAP_UPDATE_ELEM prog_array name=sys_enter_init_ map_fd=10 map_id=360 key=12 prog_fd=169 prog_id=198 flags=0 ret=0 errno=0
[567.176319 pid=12507 tid=12519] native-loader jit-info prog_array-target fd=169 id=198 type=17 name=sys_enter_init tag=dcd704af68030f29 jited_len=2179 xlated_len=3648 nr_jited_ksyms=1 ksym0=0xffffffffc0402e50 ksym1=0x0
[567.176408 pid=12507 tid=12519] BPF_MAP_UPDATE_ELEM prog_array name=sys_enter_init_ map_fd=10 map_id=360 key=13 prog_fd=169 prog_id=198 flags=0 ret=0 errno=0
[567.176494 pid=12507 tid=12519] native-loader jit-info prog_array-target fd=169 id=198 type=17 name=sys_enter_init tag=dcd704af68030f29 jited_len=2179 xlated_len=3648 nr_jited_ksyms=1 ksym0=0xffffffffc0402e50 ksym1=0x0
[567.176584 pid=12507 tid=12519] BPF_MAP_UPDATE_ELEM prog_array name=sys_enter_init_ map_fd=10 map_id=360 key=14 prog_fd=169 prog_id=198 flags=0 ret=0 errno=0
[567.176669 pid=12507 tid=12519] native-loader jit-info prog_array-target fd=169 id=198 type=17 name=sys_enter_init tag=dcd704af68030f29 jited_len=2179 xlated_len=3648 nr_jited_ksyms=1 ksym0=0xffffffffc0402e50 ksym1=0x0
[567.176760 pid=12507 tid=12519] BPF_MAP_UPDATE_ELEM prog_array name=sys_enter_init_ map_fd=10 map_id=360 key=15 prog_fd=169 prog_id=198 flags=0 ret=0 errno=0
[567.176844 pid=12507 tid=12519] native-loader jit-info prog_array-target fd=169 id=198 type=17 name=sys_enter_init tag=dcd704af68030f29 jited_len=2179 xlated_len=3648 nr_jited_ksyms=1 ksym0=0xffffffffc0402e50 ksym1=0x0
[567.176933 pid=12507 tid=12519] BPF_MAP_UPDATE_ELEM prog_array name=sys_enter_init_ map_fd=10 map_id=360 key=16 prog_fd=169 prog_id=198 flags=0 ret=0 errno=0
[567.177018 pid=12507 tid=12519] native-loader jit-info prog_array-target fd=169 id=198 type=17 name=sys_enter_init tag=dcd704af68030f29 jited_len=2179 xlated_len=3648 nr_jited_ksyms=1 ksym0=0xffffffffc0402e50 ksym1=0x0
[567.177110 pid=12507 tid=12519] BPF_MAP_UPDATE_ELEM prog_array name=sys_enter_init_ map_fd=10 map_id=360 key=17 prog_fd=169 prog_id=198 flags=0 ret=0 errno=0
[567.177194 pid=12507 tid=12519] native-loader jit-info prog_array-target fd=169 id=198 type=17 name=sys_enter_init tag=dcd704af68030f29 jited_len=2179 xlated_len=3648 nr_jited_ksyms=1 ksym0=0xffffffffc0402e50 ksym1=0x0
[567.177284 pid=12507 tid=12519] BPF_MAP_UPDATE_ELEM prog_array name=sys_enter_init_ map_fd=10 map_id=360 key=18 prog_fd=169 prog_id=198 flags=0 ret=0 errno=0
[567.177368 pid=12507 tid=12519] native-loader jit-info prog_array-target fd=169 id=198 type=17 name=sys_enter_init tag=dcd704af68030f29 jited_len=2179 xlated_len=3648 nr_jited_ksyms=1 ksym0=0xffffffffc0402e50 ksym1=0x0
[567.177458 pid=12507 tid=12519] BPF_MAP_UPDATE_ELEM prog_array name=sys_enter_init_ map_fd=10 map_id=360 key=19 prog_fd=169 prog_id=198 flags=0 ret=0 errno=0
[567.177542 pid=12507 tid=12519] native-loader jit-info prog_array-target fd=169 id=198 type=17 name=sys_enter_init tag=dcd704af68030f29 jited_len=2179 xlated_len=3648 nr_jited_ksyms=1 ksym0=0xffffffffc0402e50 ksym1=0x0
[567.177632 pid=12507 tid=12519] BPF_MAP_UPDATE_ELEM prog_array name=sys_enter_init_ map_fd=10 map_id=360 key=20 prog_fd=169 prog_id=198 flags=0 ret=0 errno=0
[567.177717 pid=12507 tid=12519] native-loader jit-info prog_array-target fd=169 id=198 type=17 name=sys_enter_init tag=dcd704af68030f29 jited_len=2179 xlated_len=3648 nr_jited_ksyms=1 ksym0=0xffffffffc0402e50 ksym1=0x0
[567.177806 pid=12507 tid=12519] BPF_MAP_UPDATE_ELEM prog_array name=sys_enter_init_ map_fd=10 map_id=360 key=21 prog_fd=169 prog_id=198 flags=0 ret=0 errno=0
[567.177891 pid=12507 tid=12519] native-loader jit-info prog_array-target fd=169 id=198 type=17 name=sys_enter_init tag=dcd704af68030f29 jited_len=2179 xlated_len=3648 nr_jited_ksyms=1 ksym0=0xffffffffc0402e50 ksym1=0x0
[567.177980 pid=12507 tid=12519] BPF_MAP_UPDATE_ELEM prog_array name=sys_enter_init_ map_fd=10 map_id=360 key=22 prog_fd=169 prog_id=198 flags=0 ret=0 errno=0
[567.178068 pid=12507 tid=12519] native-loader jit-info prog_array-target fd=169 id=198 type=17 name=sys_enter_init tag=dcd704af68030f29 jited_len=2179 xlated_len=3648 nr_jited_ksyms=1 ksym0=0xffffffffc0402e50 ksym1=0x0
[567.178156 pid=12507 tid=12519] BPF_MAP_UPDATE_ELEM prog_array name=sys_enter_init_ map_fd=10 map_id=360 key=23 prog_fd=169 prog_id=198 flags=0 ret=0 errno=0
[567.178241 pid=12507 tid=12519] native-loader jit-info prog_array-target fd=169 id=198 type=17 name=sys_enter_init tag=dcd704af68030f29 jited_len=2179 xlated_len=3648 nr_jited_ksyms=1 ksym0=0xffffffffc0402e50 ksym1=0x0
[567.178331 pid=12507 tid=12519] BPF_MAP_UPDATE_ELEM prog_array name=sys_enter_init_ map_fd=10 map_id=360 key=24 prog_fd=169 prog_id=198 flags=0 ret=0 errno=0
[567.178415 pid=12507 tid=12519] native-loader jit-info prog_array-target fd=169 id=198 type=17 name=sys_enter_init tag=dcd704af68030f29 jited_len=2179 xlated_len=3648 nr_jited_ksyms=1 ksym0=0xffffffffc0402e50 ksym1=0x0
[567.178505 pid=12507 tid=12519] BPF_MAP_UPDATE_ELEM prog_array name=sys_enter_init_ map_fd=10 map_id=360 key=25 prog_fd=169 prog_id=198 flags=0 ret=0 errno=0
[567.178589 pid=12507 tid=12519] native-loader jit-info prog_array-target fd=169 id=198 type=17 name=sys_enter_init tag=dcd704af68030f29 jited_len=2179 xlated_len=3648 nr_jited_ksyms=1 ksym0=0xffffffffc0402e50 ksym1=0x0
[567.178681 pid=12507 tid=12519] BPF_MAP_UPDATE_ELEM prog_array name=sys_enter_init_ map_fd=10 map_id=360 key=26 prog_fd=169 prog_id=198 flags=0 ret=0 errno=0
[567.178764 pid=12507 tid=12519] native-loader jit-info prog_array-target fd=169 id=198 type=17 name=sys_enter_init tag=dcd704af68030f29 jited_len=2179 xlated_len=3648 nr_jited_ksyms=1 ksym0=0xffffffffc0402e50 ksym1=0x0
[567.178853 pid=12507 tid=12519] BPF_MAP_UPDATE_ELEM prog_array name=sys_enter_init_ map_fd=10 map_id=360 key=27 prog_fd=169 prog_id=198 flags=0 ret=0 errno=0
[567.178937 pid=12507 tid=12519] native-loader jit-info prog_array-target fd=169 id=198 type=17 name=sys_enter_init tag=dcd704af68030f29 jited_len=2179 xlated_len=3648 nr_jited_ksyms=1 ksym0=0xffffffffc0402e50 ksym1=0x0
[567.179027 pid=12507 tid=12519] BPF_MAP_UPDATE_ELEM prog_array name=sys_enter_init_ map_fd=10 map_id=360 key=28 prog_fd=169 prog_id=198 flags=0 ret=0 errno=0
[567.179113 pid=12507 tid=12519] native-loader jit-info prog_array-target fd=169 id=198 type=17 name=sys_enter_init tag=dcd704af68030f29 jited_len=2179 xlated_len=3648 nr_jited_ksyms=1 ksym0=0xffffffffc0402e50 ksym1=0x0
[567.179203 pid=12507 tid=12519] BPF_MAP_UPDATE_ELEM prog_array name=sys_enter_init_ map_fd=10 map_id=360 key=29 prog_fd=169 prog_id=198 flags=0 ret=0 errno=0
[567.179287 pid=12507 tid=12519] native-loader jit-info prog_array-target fd=169 id=198 type=17 name=sys_enter_init tag=dcd704af68030f29 jited_len=2179 xlated_len=3648 nr_jited_ksyms=1 ksym0=0xffffffffc0402e50 ksym1=0x0
[567.179377 pid=12507 tid=12519] BPF_MAP_UPDATE_ELEM prog_array name=sys_enter_init_ map_fd=10 map_id=360 key=30 prog_fd=169 prog_id=198 flags=0 ret=0 errno=0
[567.179462 pid=12507 tid=12519] native-loader jit-info prog_array-target fd=169 id=198 type=17 name=sys_enter_init tag=dcd704af68030f29 jited_len=2179 xlated_len=3648 nr_jited_ksyms=1 ksym0=0xffffffffc0402e50 ksym1=0x0
[567.179552 pid=12507 tid=12519] BPF_MAP_UPDATE_ELEM prog_array name=sys_enter_init_ map_fd=10 map_id=360 key=31 prog_fd=169 prog_id=198 flags=0 ret=0 errno=0
[567.179637 pid=12507 tid=12519] native-loader jit-info prog_array-target fd=169 id=198 type=17 name=sys_enter_init tag=dcd704af68030f29 jited_len=2179 xlated_len=3648 nr_jited_ksyms=1 ksym0=0xffffffffc0402e50 ksym1=0x0
[567.179726 pid=12507 tid=12519] BPF_MAP_UPDATE_ELEM prog_array name=sys_enter_init_ map_fd=10 map_id=360 key=34 prog_fd=169 prog_id=198 flags=0 ret=0 errno=0
[567.179811 pid=12507 tid=12519] native-loader jit-info prog_array-target fd=169 id=198 type=17 name=sys_enter_init tag=dcd704af68030f29 jited_len=2179 xlated_len=3648 nr_jited_ksyms=1 ksym0=0xffffffffc0402e50 ksym1=0x0
[567.179900 pid=12507 tid=12519] BPF_MAP_UPDATE_ELEM prog_array name=sys_enter_init_ map_fd=10 map_id=360 key=35 prog_fd=169 prog_id=198 flags=0 ret=0 errno=0
[567.179985 pid=12507 tid=12519] native-loader jit-info prog_array-target fd=169 id=198 type=17 name=sys_enter_init tag=dcd704af68030f29 jited_len=2179 xlated_len=3648 nr_jited_ksyms=1 ksym0=0xffffffffc0402e50 ksym1=0x0
[567.180077 pid=12507 tid=12519] BPF_MAP_UPDATE_ELEM prog_array name=sys_enter_init_ map_fd=10 map_id=360 key=36 prog_fd=169 prog_id=198 flags=0 ret=0 errno=0
[567.180162 pid=12507 tid=12519] native-loader jit-info prog_array-target fd=169 id=198 type=17 name=sys_enter_init tag=dcd704af68030f29 jited_len=2179 xlated_len=3648 nr_jited_ksyms=1 ksym0=0xffffffffc0402e50 ksym1=0x0
[567.180252 pid=12507 tid=12519] BPF_MAP_UPDATE_ELEM prog_array name=sys_enter_init_ map_fd=10 map_id=360 key=37 prog_fd=169 prog_id=198 flags=0 ret=0 errno=0
[567.180336 pid=12507 tid=12519] native-loader jit-info prog_array-target fd=169 id=198 type=17 name=sys_enter_init tag=dcd704af68030f29 jited_len=2179 xlated_len=3648 nr_jited_ksyms=1 ksym0=0xffffffffc0402e50 ksym1=0x0
[567.180426 pid=12507 tid=12519] BPF_MAP_UPDATE_ELEM prog_array name=sys_enter_init_ map_fd=10 map_id=360 key=38 prog_fd=169 prog_id=198 flags=0 ret=0 errno=0
[567.180510 pid=12507 tid=12519] native-loader jit-info prog_array-target fd=169 id=198 type=17 name=sys_enter_init tag=dcd704af68030f29 jited_len=2179 xlated_len=3648 nr_jited_ksyms=1 ksym0=0xffffffffc0402e50 ksym1=0x0
[567.180600 pid=12507 tid=12519] BPF_MAP_UPDATE_ELEM prog_array name=sys_enter_init_ map_fd=10 map_id=360 key=39 prog_fd=169 prog_id=198 flags=0 ret=0 errno=0
[567.180684 pid=12507 tid=12519] native-loader jit-info prog_array-target fd=169 id=198 type=17 name=sys_enter_init tag=dcd704af68030f29 jited_len=2179 xlated_len=3648 nr_jited_ksyms=1 ksym0=0xffffffffc0402e50 ksym1=0x0
[567.180774 pid=12507 tid=12519] BPF_MAP_UPDATE_ELEM prog_array name=sys_enter_init_ map_fd=10 map_id=360 key=40 prog_fd=169 prog_id=198 flags=0 ret=0 errno=0
[567.180859 pid=12507 tid=12519] native-loader jit-info prog_array-target fd=169 id=198 type=17 name=sys_enter_init tag=dcd704af68030f29 jited_len=2179 xlated_len=3648 nr_jited_ksyms=1 ksym0=0xffffffffc0402e50 ksym1=0x0
[567.180949 pid=12507 tid=12519] BPF_MAP_UPDATE_ELEM prog_array name=sys_enter_init_ map_fd=10 map_id=360 key=41 prog_fd=169 prog_id=198 flags=0 ret=0 errno=0
[567.181033 pid=12507 tid=12519] native-loader jit-info prog_array-target fd=169 id=198 type=17 name=sys_enter_init tag=dcd704af68030f29 jited_len=2179 xlated_len=3648 nr_jited_ksyms=1 ksym0=0xffffffffc0402e50 ksym1=0x0
[567.181125 pid=12507 tid=12519] BPF_MAP_UPDATE_ELEM prog_array name=sys_enter_init_ map_fd=10 map_id=360 key=42 prog_fd=169 prog_id=198 flags=0 ret=0 errno=0
[567.181210 pid=12507 tid=12519] native-loader jit-info prog_array-target fd=169 id=198 type=17 name=sys_enter_init tag=dcd704af68030f29 jited_len=2179 xlated_len=3648 nr_jited_ksyms=1 ksym0=0xffffffffc0402e50 ksym1=0x0
[567.181300 pid=12507 tid=12519] BPF_MAP_UPDATE_ELEM prog_array name=sys_enter_init_ map_fd=10 map_id=360 key=43 prog_fd=169 prog_id=198 flags=0 ret=0 errno=0
[567.181383 pid=12507 tid=12519] native-loader jit-info prog_array-target fd=169 id=198 type=17 name=sys_enter_init tag=dcd704af68030f29 jited_len=2179 xlated_len=3648 nr_jited_ksyms=1 ksym0=0xffffffffc0402e50 ksym1=0x0
[567.181472 pid=12507 tid=12519] BPF_MAP_UPDATE_ELEM prog_array name=sys_enter_init_ map_fd=10 map_id=360 key=44 prog_fd=169 prog_id=198 flags=0 ret=0 errno=0
[567.181557 pid=12507 tid=12519] native-loader jit-info prog_array-target fd=169 id=198 type=17 name=sys_enter_init tag=dcd704af68030f29 jited_len=2179 xlated_len=3648 nr_jited_ksyms=1 ksym0=0xffffffffc0402e50 ksym1=0x0
[567.181646 pid=12507 tid=12519] BPF_MAP_UPDATE_ELEM prog_array name=sys_enter_init_ map_fd=10 map_id=360 key=45 prog_fd=169 prog_id=198 flags=0 ret=0 errno=0
[567.181731 pid=12507 tid=12519] native-loader jit-info prog_array-target fd=169 id=198 type=17 name=sys_enter_init tag=dcd704af68030f29 jited_len=2179 xlated_len=3648 nr_jited_ksyms=1 ksym0=0xffffffffc0402e50 ksym1=0x0
[567.181820 pid=12507 tid=12519] BPF_MAP_UPDATE_ELEM prog_array name=sys_enter_init_ map_fd=10 map_id=360 key=46 prog_fd=169 prog_id=198 flags=0 ret=0 errno=0
[567.181905 pid=12507 tid=12519] native-loader jit-info prog_array-target fd=169 id=198 type=17 name=sys_enter_init tag=dcd704af68030f29 jited_len=2179 xlated_len=3648 nr_jited_ksyms=1 ksym0=0xffffffffc0402e50 ksym1=0x0
[567.181995 pid=12507 tid=12519] BPF_MAP_UPDATE_ELEM prog_array name=sys_enter_init_ map_fd=10 map_id=360 key=47 prog_fd=169 prog_id=198 flags=0 ret=0 errno=0
[567.182081 pid=12507 tid=12519] native-loader jit-info prog_array-target fd=169 id=198 type=17 name=sys_enter_init tag=dcd704af68030f29 jited_len=2179 xlated_len=3648 nr_jited_ksyms=1 ksym0=0xffffffffc0402e50 ksym1=0x0
[567.182171 pid=12507 tid=12519] BPF_MAP_UPDATE_ELEM prog_array name=sys_enter_init_ map_fd=10 map_id=360 key=48 prog_fd=169 prog_id=198 flags=0 ret=0 errno=0
[567.182256 pid=12507 tid=12519] native-loader jit-info prog_array-target fd=169 id=198 type=17 name=sys_enter_init tag=dcd704af68030f29 jited_len=2179 xlated_len=3648 nr_jited_ksyms=1 ksym0=0xffffffffc0402e50 ksym1=0x0
[567.182346 pid=12507 tid=12519] BPF_MAP_UPDATE_ELEM prog_array name=sys_enter_init_ map_fd=10 map_id=360 key=49 prog_fd=169 prog_id=198 flags=0 ret=0 errno=0
[567.182430 pid=12507 tid=12519] native-loader jit-info prog_array-target fd=169 id=198 type=17 name=sys_enter_init tag=dcd704af68030f29 jited_len=2179 xlated_len=3648 nr_jited_ksyms=1 ksym0=0xffffffffc0402e50 ksym1=0x0
[567.182520 pid=12507 tid=12519] BPF_MAP_UPDATE_ELEM prog_array name=sys_enter_init_ map_fd=10 map_id=360 key=50 prog_fd=169 prog_id=198 flags=0 ret=0 errno=0
[567.182605 pid=12507 tid=12519] native-loader jit-info prog_array-target fd=169 id=198 type=17 name=sys_enter_init tag=dcd704af68030f29 jited_len=2179 xlated_len=3648 nr_jited_ksyms=1 ksym0=0xffffffffc0402e50 ksym1=0x0
[567.182694 pid=12507 tid=12519] BPF_MAP_UPDATE_ELEM prog_array name=sys_enter_init_ map_fd=10 map_id=360 key=51 prog_fd=169 prog_id=198 flags=0 ret=0 errno=0
[567.182779 pid=12507 tid=12519] native-loader jit-info prog_array-target fd=169 id=198 type=17 name=sys_enter_init tag=dcd704af68030f29 jited_len=2179 xlated_len=3648 nr_jited_ksyms=1 ksym0=0xffffffffc0402e50 ksym1=0x0
[567.182868 pid=12507 tid=12519] BPF_MAP_UPDATE_ELEM prog_array name=sys_enter_init_ map_fd=10 map_id=360 key=52 prog_fd=169 prog_id=198 flags=0 ret=0 errno=0
[567.182953 pid=12507 tid=12519] native-loader jit-info prog_array-target fd=169 id=198 type=17 name=sys_enter_init tag=dcd704af68030f29 jited_len=2179 xlated_len=3648 nr_jited_ksyms=1 ksym0=0xffffffffc0402e50 ksym1=0x0
[567.183042 pid=12507 tid=12519] BPF_MAP_UPDATE_ELEM prog_array name=sys_enter_init_ map_fd=10 map_id=360 key=53 prog_fd=169 prog_id=198 flags=0 ret=0 errno=0
[567.183128 pid=12507 tid=12519] native-loader jit-info prog_array-target fd=169 id=198 type=17 name=sys_enter_init tag=dcd704af68030f29 jited_len=2179 xlated_len=3648 nr_jited_ksyms=1 ksym0=0xffffffffc0402e50 ksym1=0x0
[567.183220 pid=12507 tid=12519] BPF_MAP_UPDATE_ELEM prog_array name=sys_enter_init_ map_fd=10 map_id=360 key=54 prog_fd=169 prog_id=198 flags=0 ret=0 errno=0
[567.183304 pid=12507 tid=12519] native-loader jit-info prog_array-target fd=169 id=198 type=17 name=sys_enter_init tag=dcd704af68030f29 jited_len=2179 xlated_len=3648 nr_jited_ksyms=1 ksym0=0xffffffffc0402e50 ksym1=0x0
[567.183394 pid=12507 tid=12519] BPF_MAP_UPDATE_ELEM prog_array name=sys_enter_init_ map_fd=10 map_id=360 key=55 prog_fd=169 prog_id=198 flags=0 ret=0 errno=0
[567.183479 pid=12507 tid=12519] native-loader jit-info prog_array-target fd=169 id=198 type=17 name=sys_enter_init tag=dcd704af68030f29 jited_len=2179 xlated_len=3648 nr_jited_ksyms=1 ksym0=0xffffffffc0402e50 ksym1=0x0
[567.183569 pid=12507 tid=12519] BPF_MAP_UPDATE_ELEM prog_array name=sys_enter_init_ map_fd=10 map_id=360 key=56 prog_fd=169 prog_id=198 flags=0 ret=0 errno=0
[567.183652 pid=12507 tid=12519] native-loader jit-info prog_array-target fd=169 id=198 type=17 name=sys_enter_init tag=dcd704af68030f29 jited_len=2179 xlated_len=3648 nr_jited_ksyms=1 ksym0=0xffffffffc0402e50 ksym1=0x0
[567.183741 pid=12507 tid=12519] BPF_MAP_UPDATE_ELEM prog_array name=sys_enter_init_ map_fd=10 map_id=360 key=57 prog_fd=169 prog_id=198 flags=0 ret=0 errno=0
[567.183826 pid=12507 tid=12519] native-loader jit-info prog_array-target fd=169 id=198 type=17 name=sys_enter_init tag=dcd704af68030f29 jited_len=2179 xlated_len=3648 nr_jited_ksyms=1 ksym0=0xffffffffc0402e50 ksym1=0x0
[567.183915 pid=12507 tid=12519] BPF_MAP_UPDATE_ELEM prog_array name=sys_enter_init_ map_fd=10 map_id=360 key=58 prog_fd=169 prog_id=198 flags=0 ret=0 errno=0
[567.184001 pid=12507 tid=12519] native-loader jit-info prog_array-target fd=169 id=198 type=17 name=sys_enter_init tag=dcd704af68030f29 jited_len=2179 xlated_len=3648 nr_jited_ksyms=1 ksym0=0xffffffffc0402e50 ksym1=0x0
[567.184092 pid=12507 tid=12519] BPF_MAP_UPDATE_ELEM prog_array name=sys_enter_init_ map_fd=10 map_id=360 key=59 prog_fd=169 prog_id=198 flags=0 ret=0 errno=0
[567.184177 pid=12507 tid=12519] native-loader jit-info prog_array-target fd=169 id=198 type=17 name=sys_enter_init tag=dcd704af68030f29 jited_len=2179 xlated_len=3648 nr_jited_ksyms=1 ksym0=0xffffffffc0402e50 ksym1=0x0
[567.184268 pid=12507 tid=12519] BPF_MAP_UPDATE_ELEM prog_array name=sys_enter_init_ map_fd=10 map_id=360 key=60 prog_fd=169 prog_id=198 flags=0 ret=0 errno=0
[567.184354 pid=12507 tid=12519] native-loader jit-info prog_array-target fd=169 id=198 type=17 name=sys_enter_init tag=dcd704af68030f29 jited_len=2179 xlated_len=3648 nr_jited_ksyms=1 ksym0=0xffffffffc0402e50 ksym1=0x0
[567.184444 pid=12507 tid=12519] BPF_MAP_UPDATE_ELEM prog_array name=sys_enter_init_ map_fd=10 map_id=360 key=61 prog_fd=169 prog_id=198 flags=0 ret=0 errno=0
[567.184528 pid=12507 tid=12519] native-loader jit-info prog_array-target fd=169 id=198 type=17 name=sys_enter_init tag=dcd704af68030f29 jited_len=2179 xlated_len=3648 nr_jited_ksyms=1 ksym0=0xffffffffc0402e50 ksym1=0x0
[567.184618 pid=12507 tid=12519] BPF_MAP_UPDATE_ELEM prog_array name=sys_enter_init_ map_fd=10 map_id=360 key=62 prog_fd=169 prog_id=198 flags=0 ret=0 errno=0
[567.184702 pid=12507 tid=12519] native-loader jit-info prog_array-target fd=169 id=198 type=17 name=sys_enter_init tag=dcd704af68030f29 jited_len=2179 xlated_len=3648 nr_jited_ksyms=1 ksym0=0xffffffffc0402e50 ksym1=0x0
[567.184792 pid=12507 tid=12519] BPF_MAP_UPDATE_ELEM prog_array name=sys_enter_init_ map_fd=10 map_id=360 key=63 prog_fd=169 prog_id=198 flags=0 ret=0 errno=0
[567.184877 pid=12507 tid=12519] native-loader jit-info prog_array-target fd=169 id=198 type=17 name=sys_enter_init tag=dcd704af68030f29 jited_len=2179 xlated_len=3648 nr_jited_ksyms=1 ksym0=0xffffffffc0402e50 ksym1=0x0
[567.184966 pid=12507 tid=12519] BPF_MAP_UPDATE_ELEM prog_array name=sys_enter_init_ map_fd=10 map_id=360 key=64 prog_fd=169 prog_id=198 flags=0 ret=0 errno=0
[567.185051 pid=12507 tid=12519] native-loader jit-info prog_array-target fd=169 id=198 type=17 name=sys_enter_init tag=dcd704af68030f29 jited_len=2179 xlated_len=3648 nr_jited_ksyms=1 ksym0=0xffffffffc0402e50 ksym1=0x0
[567.185142 pid=12507 tid=12519] BPF_MAP_UPDATE_ELEM prog_array name=sys_enter_init_ map_fd=10 map_id=360 key=65 prog_fd=169 prog_id=198 flags=0 ret=0 errno=0
[567.185226 pid=12507 tid=12519] native-loader jit-info prog_array-target fd=169 id=198 type=17 name=sys_enter_init tag=dcd704af68030f29 jited_len=2179 xlated_len=3648 nr_jited_ksyms=1 ksym0=0xffffffffc0402e50 ksym1=0x0
[567.185316 pid=12507 tid=12519] BPF_MAP_UPDATE_ELEM prog_array name=sys_enter_init_ map_fd=10 map_id=360 key=66 prog_fd=169 prog_id=198 flags=0 ret=0 errno=0
[567.185400 pid=12507 tid=12519] native-loader jit-info prog_array-target fd=169 id=198 type=17 name=sys_enter_init tag=dcd704af68030f29 jited_len=2179 xlated_len=3648 nr_jited_ksyms=1 ksym0=0xffffffffc0402e50 ksym1=0x0
[567.185490 pid=12507 tid=12519] BPF_MAP_UPDATE_ELEM prog_array name=sys_enter_init_ map_fd=10 map_id=360 key=67 prog_fd=169 prog_id=198 flags=0 ret=0 errno=0
[567.185574 pid=12507 tid=12519] native-loader jit-info prog_array-target fd=169 id=198 type=17 name=sys_enter_init tag=dcd704af68030f29 jited_len=2179 xlated_len=3648 nr_jited_ksyms=1 ksym0=0xffffffffc0402e50 ksym1=0x0
[567.185664 pid=12507 tid=12519] BPF_MAP_UPDATE_ELEM prog_array name=sys_enter_init_ map_fd=10 map_id=360 key=68 prog_fd=169 prog_id=198 flags=0 ret=0 errno=0
[567.185749 pid=12507 tid=12519] native-loader jit-info prog_array-target fd=169 id=198 type=17 name=sys_enter_init tag=dcd704af68030f29 jited_len=2179 xlated_len=3648 nr_jited_ksyms=1 ksym0=0xffffffffc0402e50 ksym1=0x0
[567.185838 pid=12507 tid=12519] BPF_MAP_UPDATE_ELEM prog_array name=sys_enter_init_ map_fd=10 map_id=360 key=69 prog_fd=169 prog_id=198 flags=0 ret=0 errno=0
[567.185923 pid=12507 tid=12519] native-loader jit-info prog_array-target fd=169 id=198 type=17 name=sys_enter_init tag=dcd704af68030f29 jited_len=2179 xlated_len=3648 nr_jited_ksyms=1 ksym0=0xffffffffc0402e50 ksym1=0x0
[567.186013 pid=12507 tid=12519] BPF_MAP_UPDATE_ELEM prog_array name=sys_enter_init_ map_fd=10 map_id=360 key=70 prog_fd=169 prog_id=198 flags=0 ret=0 errno=0
[567.186099 pid=12507 tid=12519] native-loader jit-info prog_array-target fd=169 id=198 type=17 name=sys_enter_init tag=dcd704af68030f29 jited_len=2179 xlated_len=3648 nr_jited_ksyms=1 ksym0=0xffffffffc0402e50 ksym1=0x0
[567.186189 pid=12507 tid=12519] BPF_MAP_UPDATE_ELEM prog_array name=sys_enter_init_ map_fd=10 map_id=360 key=71 prog_fd=169 prog_id=198 flags=0 ret=0 errno=0
[567.186273 pid=12507 tid=12519] native-loader jit-info prog_array-target fd=169 id=198 type=17 name=sys_enter_init tag=dcd704af68030f29 jited_len=2179 xlated_len=3648 nr_jited_ksyms=1 ksym0=0xffffffffc0402e50 ksym1=0x0
[567.186362 pid=12507 tid=12519] BPF_MAP_UPDATE_ELEM prog_array name=sys_enter_init_ map_fd=10 map_id=360 key=72 prog_fd=169 prog_id=198 flags=0 ret=0 errno=0
[567.186448 pid=12507 tid=12519] native-loader jit-info prog_array-target fd=169 id=198 type=17 name=sys_enter_init tag=dcd704af68030f29 jited_len=2179 xlated_len=3648 nr_jited_ksyms=1 ksym0=0xffffffffc0402e50 ksym1=0x0
[567.186538 pid=12507 tid=12519] BPF_MAP_UPDATE_ELEM prog_array name=sys_enter_init_ map_fd=10 map_id=360 key=73 prog_fd=169 prog_id=198 flags=0 ret=0 errno=0
[567.186624 pid=12507 tid=12519] native-loader jit-info prog_array-target fd=169 id=198 type=17 name=sys_enter_init tag=dcd704af68030f29 jited_len=2179 xlated_len=3648 nr_jited_ksyms=1 ksym0=0xffffffffc0402e50 ksym1=0x0
[567.186713 pid=12507 tid=12519] BPF_MAP_UPDATE_ELEM prog_array name=sys_enter_init_ map_fd=10 map_id=360 key=74 prog_fd=169 prog_id=198 flags=0 ret=0 errno=0
[567.186797 pid=12507 tid=12519] native-loader jit-info prog_array-target fd=169 id=198 type=17 name=sys_enter_init tag=dcd704af68030f29 jited_len=2179 xlated_len=3648 nr_jited_ksyms=1 ksym0=0xffffffffc0402e50 ksym1=0x0
[567.186886 pid=12507 tid=12519] BPF_MAP_UPDATE_ELEM prog_array name=sys_enter_init_ map_fd=10 map_id=360 key=75 prog_fd=169 prog_id=198 flags=0 ret=0 errno=0
[567.186971 pid=12507 tid=12519] native-loader jit-info prog_array-target fd=169 id=198 type=17 name=sys_enter_init tag=dcd704af68030f29 jited_len=2179 xlated_len=3648 nr_jited_ksyms=1 ksym0=0xffffffffc0402e50 ksym1=0x0
[567.187061 pid=12507 tid=12519] BPF_MAP_UPDATE_ELEM prog_array name=sys_enter_init_ map_fd=10 map_id=360 key=76 prog_fd=169 prog_id=198 flags=0 ret=0 errno=0
[567.187147 pid=12507 tid=12519] native-loader jit-info prog_array-target fd=169 id=198 type=17 name=sys_enter_init tag=dcd704af68030f29 jited_len=2179 xlated_len=3648 nr_jited_ksyms=1 ksym0=0xffffffffc0402e50 ksym1=0x0
[567.187236 pid=12507 tid=12519] BPF_MAP_UPDATE_ELEM prog_array name=sys_enter_init_ map_fd=10 map_id=360 key=77 prog_fd=169 prog_id=198 flags=0 ret=0 errno=0
[567.187320 pid=12507 tid=12519] native-loader jit-info prog_array-target fd=169 id=198 type=17 name=sys_enter_init tag=dcd704af68030f29 jited_len=2179 xlated_len=3648 nr_jited_ksyms=1 ksym0=0xffffffffc0402e50 ksym1=0x0
[567.187410 pid=12507 tid=12519] BPF_MAP_UPDATE_ELEM prog_array name=sys_enter_init_ map_fd=10 map_id=360 key=78 prog_fd=169 prog_id=198 flags=0 ret=0 errno=0
[567.187494 pid=12507 tid=12519] native-loader jit-info prog_array-target fd=169 id=198 type=17 name=sys_enter_init tag=dcd704af68030f29 jited_len=2179 xlated_len=3648 nr_jited_ksyms=1 ksym0=0xffffffffc0402e50 ksym1=0x0
[567.187584 pid=12507 tid=12519] BPF_MAP_UPDATE_ELEM prog_array name=sys_enter_init_ map_fd=10 map_id=360 key=79 prog_fd=169 prog_id=198 flags=0 ret=0 errno=0
[567.187669 pid=12507 tid=12519] native-loader jit-info prog_array-target fd=169 id=198 type=17 name=sys_enter_init tag=dcd704af68030f29 jited_len=2179 xlated_len=3648 nr_jited_ksyms=1 ksym0=0xffffffffc0402e50 ksym1=0x0
[567.187758 pid=12507 tid=12519] BPF_MAP_UPDATE_ELEM prog_array name=sys_enter_init_ map_fd=10 map_id=360 key=80 prog_fd=169 prog_id=198 flags=0 ret=0 errno=0
[567.187842 pid=12507 tid=12519] native-loader jit-info prog_array-target fd=169 id=198 type=17 name=sys_enter_init tag=dcd704af68030f29 jited_len=2179 xlated_len=3648 nr_jited_ksyms=1 ksym0=0xffffffffc0402e50 ksym1=0x0
[567.187931 pid=12507 tid=12519] BPF_MAP_UPDATE_ELEM prog_array name=sys_enter_init_ map_fd=10 map_id=360 key=81 prog_fd=169 prog_id=198 flags=0 ret=0 errno=0
[567.188016 pid=12507 tid=12519] native-loader jit-info prog_array-target fd=169 id=198 type=17 name=sys_enter_init tag=dcd704af68030f29 jited_len=2179 xlated_len=3648 nr_jited_ksyms=1 ksym0=0xffffffffc0402e50 ksym1=0x0
[567.188107 pid=12507 tid=12519] BPF_MAP_UPDATE_ELEM prog_array name=sys_enter_init_ map_fd=10 map_id=360 key=82 prog_fd=169 prog_id=198 flags=0 ret=0 errno=0
[567.188191 pid=12507 tid=12519] native-loader jit-info prog_array-target fd=169 id=198 type=17 name=sys_enter_init tag=dcd704af68030f29 jited_len=2179 xlated_len=3648 nr_jited_ksyms=1 ksym0=0xffffffffc0402e50 ksym1=0x0
[567.188281 pid=12507 tid=12519] BPF_MAP_UPDATE_ELEM prog_array name=sys_enter_init_ map_fd=10 map_id=360 key=83 prog_fd=169 prog_id=198 flags=0 ret=0 errno=0
[567.188365 pid=12507 tid=12519] native-loader jit-info prog_array-target fd=169 id=198 type=17 name=sys_enter_init tag=dcd704af68030f29 jited_len=2179 xlated_len=3648 nr_jited_ksyms=1 ksym0=0xffffffffc0402e50 ksym1=0x0
[567.188455 pid=12507 tid=12519] BPF_MAP_UPDATE_ELEM prog_array name=sys_enter_init_ map_fd=10 map_id=360 key=84 prog_fd=169 prog_id=198 flags=0 ret=0 errno=0
[567.188540 pid=12507 tid=12519] native-loader jit-info prog_array-target fd=169 id=198 type=17 name=sys_enter_init tag=dcd704af68030f29 jited_len=2179 xlated_len=3648 nr_jited_ksyms=1 ksym0=0xffffffffc0402e50 ksym1=0x0
[567.188630 pid=12507 tid=12519] BPF_MAP_UPDATE_ELEM prog_array name=sys_enter_init_ map_fd=10 map_id=360 key=85 prog_fd=169 prog_id=198 flags=0 ret=0 errno=0
[567.188715 pid=12507 tid=12519] native-loader jit-info prog_array-target fd=169 id=198 type=17 name=sys_enter_init tag=dcd704af68030f29 jited_len=2179 xlated_len=3648 nr_jited_ksyms=1 ksym0=0xffffffffc0402e50 ksym1=0x0
[567.188805 pid=12507 tid=12519] BPF_MAP_UPDATE_ELEM prog_array name=sys_enter_init_ map_fd=10 map_id=360 key=86 prog_fd=169 prog_id=198 flags=0 ret=0 errno=0
[567.188890 pid=12507 tid=12519] native-loader jit-info prog_array-target fd=169 id=198 type=17 name=sys_enter_init tag=dcd704af68030f29 jited_len=2179 xlated_len=3648 nr_jited_ksyms=1 ksym0=0xffffffffc0402e50 ksym1=0x0
[567.188980 pid=12507 tid=12519] BPF_MAP_UPDATE_ELEM prog_array name=sys_enter_init_ map_fd=10 map_id=360 key=87 prog_fd=169 prog_id=198 flags=0 ret=0 errno=0
[567.189067 pid=12507 tid=12519] native-loader jit-info prog_array-target fd=169 id=198 type=17 name=sys_enter_init tag=dcd704af68030f29 jited_len=2179 xlated_len=3648 nr_jited_ksyms=1 ksym0=0xffffffffc0402e50 ksym1=0x0
[567.189155 pid=12507 tid=12519] BPF_MAP_UPDATE_ELEM prog_array name=sys_enter_init_ map_fd=10 map_id=360 key=88 prog_fd=169 prog_id=198 flags=0 ret=0 errno=0
[567.189241 pid=12507 tid=12519] native-loader jit-info prog_array-target fd=169 id=198 type=17 name=sys_enter_init tag=dcd704af68030f29 jited_len=2179 xlated_len=3648 nr_jited_ksyms=1 ksym0=0xffffffffc0402e50 ksym1=0x0
[567.189331 pid=12507 tid=12519] BPF_MAP_UPDATE_ELEM prog_array name=sys_enter_init_ map_fd=10 map_id=360 key=89 prog_fd=169 prog_id=198 flags=0 ret=0 errno=0
[567.189415 pid=12507 tid=12519] native-loader jit-info prog_array-target fd=169 id=198 type=17 name=sys_enter_init tag=dcd704af68030f29 jited_len=2179 xlated_len=3648 nr_jited_ksyms=1 ksym0=0xffffffffc0402e50 ksym1=0x0
[567.189505 pid=12507 tid=12519] BPF_MAP_UPDATE_ELEM prog_array name=sys_enter_init_ map_fd=10 map_id=360 key=90 prog_fd=169 prog_id=198 flags=0 ret=0 errno=0
[567.189589 pid=12507 tid=12519] native-loader jit-info prog_array-target fd=169 id=198 type=17 name=sys_enter_init tag=dcd704af68030f29 jited_len=2179 xlated_len=3648 nr_jited_ksyms=1 ksym0=0xffffffffc0402e50 ksym1=0x0
[567.189678 pid=12507 tid=12519] BPF_MAP_UPDATE_ELEM prog_array name=sys_enter_init_ map_fd=10 map_id=360 key=91 prog_fd=169 prog_id=198 flags=0 ret=0 errno=0
[567.189762 pid=12507 tid=12519] native-loader jit-info prog_array-target fd=169 id=198 type=17 name=sys_enter_init tag=dcd704af68030f29 jited_len=2179 xlated_len=3648 nr_jited_ksyms=1 ksym0=0xffffffffc0402e50 ksym1=0x0
[567.189853 pid=12507 tid=12519] BPF_MAP_UPDATE_ELEM prog_array name=sys_enter_init_ map_fd=10 map_id=360 key=92 prog_fd=169 prog_id=198 flags=0 ret=0 errno=0
[567.189938 pid=12507 tid=12519] native-loader jit-info prog_array-target fd=169 id=198 type=17 name=sys_enter_init tag=dcd704af68030f29 jited_len=2179 xlated_len=3648 nr_jited_ksyms=1 ksym0=0xffffffffc0402e50 ksym1=0x0
[567.190029 pid=12507 tid=12519] BPF_MAP_UPDATE_ELEM prog_array name=sys_enter_init_ map_fd=10 map_id=360 key=93 prog_fd=169 prog_id=198 flags=0 ret=0 errno=0
[567.190114 pid=12507 tid=12519] native-loader jit-info prog_array-target fd=169 id=198 type=17 name=sys_enter_init tag=dcd704af68030f29 jited_len=2179 xlated_len=3648 nr_jited_ksyms=1 ksym0=0xffffffffc0402e50 ksym1=0x0
[567.190204 pid=12507 tid=12519] BPF_MAP_UPDATE_ELEM prog_array name=sys_enter_init_ map_fd=10 map_id=360 key=94 prog_fd=169 prog_id=198 flags=0 ret=0 errno=0
[567.190288 pid=12507 tid=12519] native-loader jit-info prog_array-target fd=169 id=198 type=17 name=sys_enter_init tag=dcd704af68030f29 jited_len=2179 xlated_len=3648 nr_jited_ksyms=1 ksym0=0xffffffffc0402e50 ksym1=0x0
[567.190377 pid=12507 tid=12519] BPF_MAP_UPDATE_ELEM prog_array name=sys_enter_init_ map_fd=10 map_id=360 key=95 prog_fd=169 prog_id=198 flags=0 ret=0 errno=0
[567.190462 pid=12507 tid=12519] native-loader jit-info prog_array-target fd=169 id=198 type=17 name=sys_enter_init tag=dcd704af68030f29 jited_len=2179 xlated_len=3648 nr_jited_ksyms=1 ksym0=0xffffffffc0402e50 ksym1=0x0
[567.190551 pid=12507 tid=12519] BPF_MAP_UPDATE_ELEM prog_array name=sys_enter_init_ map_fd=10 map_id=360 key=96 prog_fd=169 prog_id=198 flags=0 ret=0 errno=0
[567.190636 pid=12507 tid=12519] native-loader jit-info prog_array-target fd=169 id=198 type=17 name=sys_enter_init tag=dcd704af68030f29 jited_len=2179 xlated_len=3648 nr_jited_ksyms=1 ksym0=0xffffffffc0402e50 ksym1=0x0
[567.190725 pid=12507 tid=12519] BPF_MAP_UPDATE_ELEM prog_array name=sys_enter_init_ map_fd=10 map_id=360 key=97 prog_fd=169 prog_id=198 flags=0 ret=0 errno=0
[567.190810 pid=12507 tid=12519] native-loader jit-info prog_array-target fd=169 id=198 type=17 name=sys_enter_init tag=dcd704af68030f29 jited_len=2179 xlated_len=3648 nr_jited_ksyms=1 ksym0=0xffffffffc0402e50 ksym1=0x0
[567.190899 pid=12507 tid=12519] BPF_MAP_UPDATE_ELEM prog_array name=sys_enter_init_ map_fd=10 map_id=360 key=98 prog_fd=169 prog_id=198 flags=0 ret=0 errno=0
[567.190984 pid=12507 tid=12519] native-loader jit-info prog_array-target fd=169 id=198 type=17 name=sys_enter_init tag=dcd704af68030f29 jited_len=2179 xlated_len=3648 nr_jited_ksyms=1 ksym0=0xffffffffc0402e50 ksym1=0x0
[567.191075 pid=12507 tid=12519] BPF_MAP_UPDATE_ELEM prog_array name=sys_enter_init_ map_fd=10 map_id=360 key=99 prog_fd=169 prog_id=198 flags=0 ret=0 errno=0
[567.191159 pid=12507 tid=12519] native-loader jit-info prog_array-target fd=169 id=198 type=17 name=sys_enter_init tag=dcd704af68030f29 jited_len=2179 xlated_len=3648 nr_jited_ksyms=1 ksym0=0xffffffffc0402e50 ksym1=0x0
[567.191250 pid=12507 tid=12519] BPF_MAP_UPDATE_ELEM prog_array name=sys_enter_init_ map_fd=10 map_id=360 key=100 prog_fd=169 prog_id=198 flags=0 ret=0 errno=0
[567.191334 pid=12507 tid=12519] native-loader jit-info prog_array-target fd=169 id=198 type=17 name=sys_enter_init tag=dcd704af68030f29 jited_len=2179 xlated_len=3648 nr_jited_ksyms=1 ksym0=0xffffffffc0402e50 ksym1=0x0
[567.191423 pid=12507 tid=12519] BPF_MAP_UPDATE_ELEM prog_array name=sys_enter_init_ map_fd=10 map_id=360 key=102 prog_fd=169 prog_id=198 flags=0 ret=0 errno=0
[567.191507 pid=12507 tid=12519] native-loader jit-info prog_array-target fd=169 id=198 type=17 name=sys_enter_init tag=dcd704af68030f29 jited_len=2179 xlated_len=3648 nr_jited_ksyms=1 ksym0=0xffffffffc0402e50 ksym1=0x0
[567.191597 pid=12507 tid=12519] BPF_MAP_UPDATE_ELEM prog_array name=sys_enter_init_ map_fd=10 map_id=360 key=103 prog_fd=169 prog_id=198 flags=0 ret=0 errno=0
[567.191682 pid=12507 tid=12519] native-loader jit-info prog_array-target fd=169 id=198 type=17 name=sys_enter_init tag=dcd704af68030f29 jited_len=2179 xlated_len=3648 nr_jited_ksyms=1 ksym0=0xffffffffc0402e50 ksym1=0x0
[567.191772 pid=12507 tid=12519] BPF_MAP_UPDATE_ELEM prog_array name=sys_enter_init_ map_fd=10 map_id=360 key=104 prog_fd=169 prog_id=198 flags=0 ret=0 errno=0
[567.191857 pid=12507 tid=12519] native-loader jit-info prog_array-target fd=169 id=198 type=17 name=sys_enter_init tag=dcd704af68030f29 jited_len=2179 xlated_len=3648 nr_jited_ksyms=1 ksym0=0xffffffffc0402e50 ksym1=0x0
[567.191946 pid=12507 tid=12519] BPF_MAP_UPDATE_ELEM prog_array name=sys_enter_init_ map_fd=10 map_id=360 key=105 prog_fd=169 prog_id=198 flags=0 ret=0 errno=0
[567.192031 pid=12507 tid=12519] native-loader jit-info prog_array-target fd=169 id=198 type=17 name=sys_enter_init tag=dcd704af68030f29 jited_len=2179 xlated_len=3648 nr_jited_ksyms=1 ksym0=0xffffffffc0402e50 ksym1=0x0
[567.192123 pid=12507 tid=12519] BPF_MAP_UPDATE_ELEM prog_array name=sys_enter_init_ map_fd=10 map_id=360 key=106 prog_fd=169 prog_id=198 flags=0 ret=0 errno=0
[567.192208 pid=12507 tid=12519] native-loader jit-info prog_array-target fd=169 id=198 type=17 name=sys_enter_init tag=dcd704af68030f29 jited_len=2179 xlated_len=3648 nr_jited_ksyms=1 ksym0=0xffffffffc0402e50 ksym1=0x0
[567.192296 pid=12507 tid=12519] BPF_MAP_UPDATE_ELEM prog_array name=sys_enter_init_ map_fd=10 map_id=360 key=107 prog_fd=169 prog_id=198 flags=0 ret=0 errno=0
[567.192380 pid=12507 tid=12519] native-loader jit-info prog_array-target fd=169 id=198 type=17 name=sys_enter_init tag=dcd704af68030f29 jited_len=2179 xlated_len=3648 nr_jited_ksyms=1 ksym0=0xffffffffc0402e50 ksym1=0x0
[567.192470 pid=12507 tid=12519] BPF_MAP_UPDATE_ELEM prog_array name=sys_enter_init_ map_fd=10 map_id=360 key=108 prog_fd=169 prog_id=198 flags=0 ret=0 errno=0
[567.192554 pid=12507 tid=12519] native-loader jit-info prog_array-target fd=169 id=198 type=17 name=sys_enter_init tag=dcd704af68030f29 jited_len=2179 xlated_len=3648 nr_jited_ksyms=1 ksym0=0xffffffffc0402e50 ksym1=0x0
[567.192644 pid=12507 tid=12519] BPF_MAP_UPDATE_ELEM prog_array name=sys_enter_init_ map_fd=10 map_id=360 key=109 prog_fd=169 prog_id=198 flags=0 ret=0 errno=0
[567.192729 pid=12507 tid=12519] native-loader jit-info prog_array-target fd=169 id=198 type=17 name=sys_enter_init tag=dcd704af68030f29 jited_len=2179 xlated_len=3648 nr_jited_ksyms=1 ksym0=0xffffffffc0402e50 ksym1=0x0
[567.192818 pid=12507 tid=12519] BPF_MAP_UPDATE_ELEM prog_array name=sys_enter_init_ map_fd=10 map_id=360 key=110 prog_fd=169 prog_id=198 flags=0 ret=0 errno=0
[567.192903 pid=12507 tid=12519] native-loader jit-info prog_array-target fd=169 id=198 type=17 name=sys_enter_init tag=dcd704af68030f29 jited_len=2179 xlated_len=3648 nr_jited_ksyms=1 ksym0=0xffffffffc0402e50 ksym1=0x0
[567.192992 pid=12507 tid=12519] BPF_MAP_UPDATE_ELEM prog_array name=sys_enter_init_ map_fd=10 map_id=360 key=111 prog_fd=169 prog_id=198 flags=0 ret=0 errno=0
[567.193078 pid=12507 tid=12519] native-loader jit-info prog_array-target fd=169 id=198 type=17 name=sys_enter_init tag=dcd704af68030f29 jited_len=2179 xlated_len=3648 nr_jited_ksyms=1 ksym0=0xffffffffc0402e50 ksym1=0x0
[567.193167 pid=12507 tid=12519] BPF_MAP_UPDATE_ELEM prog_array name=sys_enter_init_ map_fd=10 map_id=360 key=112 prog_fd=169 prog_id=198 flags=0 ret=0 errno=0
[567.193251 pid=12507 tid=12519] native-loader jit-info prog_array-target fd=169 id=198 type=17 name=sys_enter_init tag=dcd704af68030f29 jited_len=2179 xlated_len=3648 nr_jited_ksyms=1 ksym0=0xffffffffc0402e50 ksym1=0x0
[567.193341 pid=12507 tid=12519] BPF_MAP_UPDATE_ELEM prog_array name=sys_enter_init_ map_fd=10 map_id=360 key=113 prog_fd=169 prog_id=198 flags=0 ret=0 errno=0
[567.193426 pid=12507 tid=12519] native-loader jit-info prog_array-target fd=169 id=198 type=17 name=sys_enter_init tag=dcd704af68030f29 jited_len=2179 xlated_len=3648 nr_jited_ksyms=1 ksym0=0xffffffffc0402e50 ksym1=0x0
[567.193516 pid=12507 tid=12519] BPF_MAP_UPDATE_ELEM prog_array name=sys_enter_init_ map_fd=10 map_id=360 key=114 prog_fd=169 prog_id=198 flags=0 ret=0 errno=0
[567.193601 pid=12507 tid=12519] native-loader jit-info prog_array-target fd=169 id=198 type=17 name=sys_enter_init tag=dcd704af68030f29 jited_len=2179 xlated_len=3648 nr_jited_ksyms=1 ksym0=0xffffffffc0402e50 ksym1=0x0
[567.193692 pid=12507 tid=12519] BPF_MAP_UPDATE_ELEM prog_array name=sys_enter_init_ map_fd=10 map_id=360 key=115 prog_fd=169 prog_id=198 flags=0 ret=0 errno=0
[567.193776 pid=12507 tid=12519] native-loader jit-info prog_array-target fd=169 id=198 type=17 name=sys_enter_init tag=dcd704af68030f29 jited_len=2179 xlated_len=3648 nr_jited_ksyms=1 ksym0=0xffffffffc0402e50 ksym1=0x0
[567.193866 pid=12507 tid=12519] BPF_MAP_UPDATE_ELEM prog_array name=sys_enter_init_ map_fd=10 map_id=360 key=116 prog_fd=169 prog_id=198 flags=0 ret=0 errno=0
[567.193950 pid=12507 tid=12519] native-loader jit-info prog_array-target fd=169 id=198 type=17 name=sys_enter_init tag=dcd704af68030f29 jited_len=2179 xlated_len=3648 nr_jited_ksyms=1 ksym0=0xffffffffc0402e50 ksym1=0x0
[567.194040 pid=12507 tid=12519] BPF_MAP_UPDATE_ELEM prog_array name=sys_enter_init_ map_fd=10 map_id=360 key=117 prog_fd=169 prog_id=198 flags=0 ret=0 errno=0
[567.194127 pid=12507 tid=12519] native-loader jit-info prog_array-target fd=169 id=198 type=17 name=sys_enter_init tag=dcd704af68030f29 jited_len=2179 xlated_len=3648 nr_jited_ksyms=1 ksym0=0xffffffffc0402e50 ksym1=0x0
[567.194216 pid=12507 tid=12519] BPF_MAP_UPDATE_ELEM prog_array name=sys_enter_init_ map_fd=10 map_id=360 key=118 prog_fd=169 prog_id=198 flags=0 ret=0 errno=0
[567.194301 pid=12507 tid=12519] native-loader jit-info prog_array-target fd=169 id=198 type=17 name=sys_enter_init tag=dcd704af68030f29 jited_len=2179 xlated_len=3648 nr_jited_ksyms=1 ksym0=0xffffffffc0402e50 ksym1=0x0
[567.194391 pid=12507 tid=12519] BPF_MAP_UPDATE_ELEM prog_array name=sys_enter_init_ map_fd=10 map_id=360 key=119 prog_fd=169 prog_id=198 flags=0 ret=0 errno=0
[567.194475 pid=12507 tid=12519] native-loader jit-info prog_array-target fd=169 id=198 type=17 name=sys_enter_init tag=dcd704af68030f29 jited_len=2179 xlated_len=3648 nr_jited_ksyms=1 ksym0=0xffffffffc0402e50 ksym1=0x0
[567.194565 pid=12507 tid=12519] BPF_MAP_UPDATE_ELEM prog_array name=sys_enter_init_ map_fd=10 map_id=360 key=120 prog_fd=169 prog_id=198 flags=0 ret=0 errno=0
[567.194649 pid=12507 tid=12519] native-loader jit-info prog_array-target fd=169 id=198 type=17 name=sys_enter_init tag=dcd704af68030f29 jited_len=2179 xlated_len=3648 nr_jited_ksyms=1 ksym0=0xffffffffc0402e50 ksym1=0x0
[567.194738 pid=12507 tid=12519] BPF_MAP_UPDATE_ELEM prog_array name=sys_enter_init_ map_fd=10 map_id=360 key=121 prog_fd=169 prog_id=198 flags=0 ret=0 errno=0
[567.194823 pid=12507 tid=12519] native-loader jit-info prog_array-target fd=169 id=198 type=17 name=sys_enter_init tag=dcd704af68030f29 jited_len=2179 xlated_len=3648 nr_jited_ksyms=1 ksym0=0xffffffffc0402e50 ksym1=0x0
[567.194913 pid=12507 tid=12519] BPF_MAP_UPDATE_ELEM prog_array name=sys_enter_init_ map_fd=10 map_id=360 key=122 prog_fd=169 prog_id=198 flags=0 ret=0 errno=0
[567.194997 pid=12507 tid=12519] native-loader jit-info prog_array-target fd=169 id=198 type=17 name=sys_enter_init tag=dcd704af68030f29 jited_len=2179 xlated_len=3648 nr_jited_ksyms=1 ksym0=0xffffffffc0402e50 ksym1=0x0
[567.195089 pid=12507 tid=12519] BPF_MAP_UPDATE_ELEM prog_array name=sys_enter_init_ map_fd=10 map_id=360 key=123 prog_fd=169 prog_id=198 flags=0 ret=0 errno=0
[567.195174 pid=12507 tid=12519] native-loader jit-info prog_array-target fd=169 id=198 type=17 name=sys_enter_init tag=dcd704af68030f29 jited_len=2179 xlated_len=3648 nr_jited_ksyms=1 ksym0=0xffffffffc0402e50 ksym1=0x0
[567.195264 pid=12507 tid=12519] BPF_MAP_UPDATE_ELEM prog_array name=sys_enter_init_ map_fd=10 map_id=360 key=124 prog_fd=169 prog_id=198 flags=0 ret=0 errno=0
[567.195348 pid=12507 tid=12519] native-loader jit-info prog_array-target fd=169 id=198 type=17 name=sys_enter_init tag=dcd704af68030f29 jited_len=2179 xlated_len=3648 nr_jited_ksyms=1 ksym0=0xffffffffc0402e50 ksym1=0x0
[567.195438 pid=12507 tid=12519] BPF_MAP_UPDATE_ELEM prog_array name=sys_enter_init_ map_fd=10 map_id=360 key=125 prog_fd=169 prog_id=198 flags=0 ret=0 errno=0
[567.195523 pid=12507 tid=12519] native-loader jit-info prog_array-target fd=169 id=198 type=17 name=sys_enter_init tag=dcd704af68030f29 jited_len=2179 xlated_len=3648 nr_jited_ksyms=1 ksym0=0xffffffffc0402e50 ksym1=0x0
[567.195614 pid=12507 tid=12519] BPF_MAP_UPDATE_ELEM prog_array name=sys_enter_init_ map_fd=10 map_id=360 key=126 prog_fd=169 prog_id=198 flags=0 ret=0 errno=0
[567.195698 pid=12507 tid=12519] native-loader jit-info prog_array-target fd=169 id=198 type=17 name=sys_enter_init tag=dcd704af68030f29 jited_len=2179 xlated_len=3648 nr_jited_ksyms=1 ksym0=0xffffffffc0402e50 ksym1=0x0
[567.195788 pid=12507 tid=12519] BPF_MAP_UPDATE_ELEM prog_array name=sys_enter_init_ map_fd=10 map_id=360 key=127 prog_fd=169 prog_id=198 flags=0 ret=0 errno=0
[567.195872 pid=12507 tid=12519] native-loader jit-info prog_array-target fd=169 id=198 type=17 name=sys_enter_init tag=dcd704af68030f29 jited_len=2179 xlated_len=3648 nr_jited_ksyms=1 ksym0=0xffffffffc0402e50 ksym1=0x0
[567.195961 pid=12507 tid=12519] BPF_MAP_UPDATE_ELEM prog_array name=sys_enter_init_ map_fd=10 map_id=360 key=128 prog_fd=169 prog_id=198 flags=0 ret=0 errno=0
[567.196045 pid=12507 tid=12519] native-loader jit-info prog_array-target fd=169 id=198 type=17 name=sys_enter_init tag=dcd704af68030f29 jited_len=2179 xlated_len=3648 nr_jited_ksyms=1 ksym0=0xffffffffc0402e50 ksym1=0x0
[567.196136 pid=12507 tid=12519] BPF_MAP_UPDATE_ELEM prog_array name=sys_enter_init_ map_fd=10 map_id=360 key=129 prog_fd=169 prog_id=198 flags=0 ret=0 errno=0
[567.196220 pid=12507 tid=12519] native-loader jit-info prog_array-target fd=169 id=198 type=17 name=sys_enter_init tag=dcd704af68030f29 jited_len=2179 xlated_len=3648 nr_jited_ksyms=1 ksym0=0xffffffffc0402e50 ksym1=0x0
[567.196310 pid=12507 tid=12519] BPF_MAP_UPDATE_ELEM prog_array name=sys_enter_init_ map_fd=10 map_id=360 key=130 prog_fd=169 prog_id=198 flags=0 ret=0 errno=0
[567.196394 pid=12507 tid=12519] native-loader jit-info prog_array-target fd=169 id=198 type=17 name=sys_enter_init tag=dcd704af68030f29 jited_len=2179 xlated_len=3648 nr_jited_ksyms=1 ksym0=0xffffffffc0402e50 ksym1=0x0
[567.196484 pid=12507 tid=12519] BPF_MAP_UPDATE_ELEM prog_array name=sys_enter_init_ map_fd=10 map_id=360 key=131 prog_fd=169 prog_id=198 flags=0 ret=0 errno=0
[567.196568 pid=12507 tid=12519] native-loader jit-info prog_array-target fd=169 id=198 type=17 name=sys_enter_init tag=dcd704af68030f29 jited_len=2179 xlated_len=3648 nr_jited_ksyms=1 ksym0=0xffffffffc0402e50 ksym1=0x0
[567.196658 pid=12507 tid=12519] BPF_MAP_UPDATE_ELEM prog_array name=sys_enter_init_ map_fd=10 map_id=360 key=132 prog_fd=169 prog_id=198 flags=0 ret=0 errno=0
[567.196743 pid=12507 tid=12519] native-loader jit-info prog_array-target fd=169 id=198 type=17 name=sys_enter_init tag=dcd704af68030f29 jited_len=2179 xlated_len=3648 nr_jited_ksyms=1 ksym0=0xffffffffc0402e50 ksym1=0x0
[567.196834 pid=12507 tid=12519] BPF_MAP_UPDATE_ELEM prog_array name=sys_enter_init_ map_fd=10 map_id=360 key=133 prog_fd=169 prog_id=198 flags=0 ret=0 errno=0
[567.196917 pid=12507 tid=12519] native-loader jit-info prog_array-target fd=169 id=198 type=17 name=sys_enter_init tag=dcd704af68030f29 jited_len=2179 xlated_len=3648 nr_jited_ksyms=1 ksym0=0xffffffffc0402e50 ksym1=0x0
[567.197009 pid=12507 tid=12519] BPF_MAP_UPDATE_ELEM prog_array name=sys_enter_init_ map_fd=10 map_id=360 key=134 prog_fd=169 prog_id=198 flags=0 ret=0 errno=0
[567.197093 pid=12507 tid=12519] native-loader jit-info prog_array-target fd=169 id=198 type=17 name=sys_enter_init tag=dcd704af68030f29 jited_len=2179 xlated_len=3648 nr_jited_ksyms=1 ksym0=0xffffffffc0402e50 ksym1=0x0
[567.197185 pid=12507 tid=12519] BPF_MAP_UPDATE_ELEM prog_array name=sys_enter_init_ map_fd=10 map_id=360 key=135 prog_fd=169 prog_id=198 flags=0 ret=0 errno=0
[567.197268 pid=12507 tid=12519] native-loader jit-info prog_array-target fd=169 id=198 type=17 name=sys_enter_init tag=dcd704af68030f29 jited_len=2179 xlated_len=3648 nr_jited_ksyms=1 ksym0=0xffffffffc0402e50 ksym1=0x0
[567.197359 pid=12507 tid=12519] BPF_MAP_UPDATE_ELEM prog_array name=sys_enter_init_ map_fd=10 map_id=360 key=136 prog_fd=169 prog_id=198 flags=0 ret=0 errno=0
[567.197442 pid=12507 tid=12519] native-loader jit-info prog_array-target fd=169 id=198 type=17 name=sys_enter_init tag=dcd704af68030f29 jited_len=2179 xlated_len=3648 nr_jited_ksyms=1 ksym0=0xffffffffc0402e50 ksym1=0x0
[567.197535 pid=12507 tid=12519] BPF_MAP_UPDATE_ELEM prog_array name=sys_enter_init_ map_fd=10 map_id=360 key=137 prog_fd=169 prog_id=198 flags=0 ret=0 errno=0
[567.197617 pid=12507 tid=12519] native-loader jit-info prog_array-target fd=169 id=198 type=17 name=sys_enter_init tag=dcd704af68030f29 jited_len=2179 xlated_len=3648 nr_jited_ksyms=1 ksym0=0xffffffffc0402e50 ksym1=0x0
[567.197708 pid=12507 tid=12519] BPF_MAP_UPDATE_ELEM prog_array name=sys_enter_init_ map_fd=10 map_id=360 key=138 prog_fd=169 prog_id=198 flags=0 ret=0 errno=0
[567.197791 pid=12507 tid=12519] native-loader jit-info prog_array-target fd=169 id=198 type=17 name=sys_enter_init tag=dcd704af68030f29 jited_len=2179 xlated_len=3648 nr_jited_ksyms=1 ksym0=0xffffffffc0402e50 ksym1=0x0
[567.197881 pid=12507 tid=12519] BPF_MAP_UPDATE_ELEM prog_array name=sys_enter_init_ map_fd=10 map_id=360 key=139 prog_fd=169 prog_id=198 flags=0 ret=0 errno=0
[567.197964 pid=12507 tid=12519] native-loader jit-info prog_array-target fd=169 id=198 type=17 name=sys_enter_init tag=dcd704af68030f29 jited_len=2179 xlated_len=3648 nr_jited_ksyms=1 ksym0=0xffffffffc0402e50 ksym1=0x0
[567.198054 pid=12507 tid=12519] BPF_MAP_UPDATE_ELEM prog_array name=sys_enter_init_ map_fd=10 map_id=360 key=140 prog_fd=169 prog_id=198 flags=0 ret=0 errno=0
[567.198139 pid=12507 tid=12519] native-loader jit-info prog_array-target fd=169 id=198 type=17 name=sys_enter_init tag=dcd704af68030f29 jited_len=2179 xlated_len=3648 nr_jited_ksyms=1 ksym0=0xffffffffc0402e50 ksym1=0x0
[567.198230 pid=12507 tid=12519] BPF_MAP_UPDATE_ELEM prog_array name=sys_enter_init_ map_fd=10 map_id=360 key=141 prog_fd=169 prog_id=198 flags=0 ret=0 errno=0
[567.198313 pid=12507 tid=12519] native-loader jit-info prog_array-target fd=169 id=198 type=17 name=sys_enter_init tag=dcd704af68030f29 jited_len=2179 xlated_len=3648 nr_jited_ksyms=1 ksym0=0xffffffffc0402e50 ksym1=0x0
[567.198404 pid=12507 tid=12519] BPF_MAP_UPDATE_ELEM prog_array name=sys_enter_init_ map_fd=10 map_id=360 key=142 prog_fd=169 prog_id=198 flags=0 ret=0 errno=0
[567.198488 pid=12507 tid=12519] native-loader jit-info prog_array-target fd=169 id=198 type=17 name=sys_enter_init tag=dcd704af68030f29 jited_len=2179 xlated_len=3648 nr_jited_ksyms=1 ksym0=0xffffffffc0402e50 ksym1=0x0
[567.198579 pid=12507 tid=12519] BPF_MAP_UPDATE_ELEM prog_array name=sys_enter_init_ map_fd=10 map_id=360 key=143 prog_fd=169 prog_id=198 flags=0 ret=0 errno=0
[567.198662 pid=12507 tid=12519] native-loader jit-info prog_array-target fd=169 id=198 type=17 name=sys_enter_init tag=dcd704af68030f29 jited_len=2179 xlated_len=3648 nr_jited_ksyms=1 ksym0=0xffffffffc0402e50 ksym1=0x0
[567.198753 pid=12507 tid=12519] BPF_MAP_UPDATE_ELEM prog_array name=sys_enter_init_ map_fd=10 map_id=360 key=144 prog_fd=169 prog_id=198 flags=0 ret=0 errno=0
[567.198836 pid=12507 tid=12519] native-loader jit-info prog_array-target fd=169 id=198 type=17 name=sys_enter_init tag=dcd704af68030f29 jited_len=2179 xlated_len=3648 nr_jited_ksyms=1 ksym0=0xffffffffc0402e50 ksym1=0x0
[567.198928 pid=12507 tid=12519] BPF_MAP_UPDATE_ELEM prog_array name=sys_enter_init_ map_fd=10 map_id=360 key=145 prog_fd=169 prog_id=198 flags=0 ret=0 errno=0
[567.199011 pid=12507 tid=12519] native-loader jit-info prog_array-target fd=169 id=198 type=17 name=sys_enter_init tag=dcd704af68030f29 jited_len=2179 xlated_len=3648 nr_jited_ksyms=1 ksym0=0xffffffffc0402e50 ksym1=0x0
[567.199102 pid=12507 tid=12519] BPF_MAP_UPDATE_ELEM prog_array name=sys_enter_init_ map_fd=10 map_id=360 key=146 prog_fd=169 prog_id=198 flags=0 ret=0 errno=0
[567.199185 pid=12507 tid=12519] native-loader jit-info prog_array-target fd=169 id=198 type=17 name=sys_enter_init tag=dcd704af68030f29 jited_len=2179 xlated_len=3648 nr_jited_ksyms=1 ksym0=0xffffffffc0402e50 ksym1=0x0
[567.199277 pid=12507 tid=12519] BPF_MAP_UPDATE_ELEM prog_array name=sys_enter_init_ map_fd=10 map_id=360 key=147 prog_fd=169 prog_id=198 flags=0 ret=0 errno=0
[567.199359 pid=12507 tid=12519] native-loader jit-info prog_array-target fd=169 id=198 type=17 name=sys_enter_init tag=dcd704af68030f29 jited_len=2179 xlated_len=3648 nr_jited_ksyms=1 ksym0=0xffffffffc0402e50 ksym1=0x0
[567.199450 pid=12507 tid=12519] BPF_MAP_UPDATE_ELEM prog_array name=sys_enter_init_ map_fd=10 map_id=360 key=148 prog_fd=169 prog_id=198 flags=0 ret=0 errno=0
[567.199533 pid=12507 tid=12519] native-loader jit-info prog_array-target fd=169 id=198 type=17 name=sys_enter_init tag=dcd704af68030f29 jited_len=2179 xlated_len=3648 nr_jited_ksyms=1 ksym0=0xffffffffc0402e50 ksym1=0x0
[567.199624 pid=12507 tid=12519] BPF_MAP_UPDATE_ELEM prog_array name=sys_enter_init_ map_fd=10 map_id=360 key=149 prog_fd=169 prog_id=198 flags=0 ret=0 errno=0
[567.199707 pid=12507 tid=12519] native-loader jit-info prog_array-target fd=169 id=198 type=17 name=sys_enter_init tag=dcd704af68030f29 jited_len=2179 xlated_len=3648 nr_jited_ksyms=1 ksym0=0xffffffffc0402e50 ksym1=0x0
[567.199798 pid=12507 tid=12519] BPF_MAP_UPDATE_ELEM prog_array name=sys_enter_init_ map_fd=10 map_id=360 key=150 prog_fd=169 prog_id=198 flags=0 ret=0 errno=0
[567.199881 pid=12507 tid=12519] native-loader jit-info prog_array-target fd=169 id=198 type=17 name=sys_enter_init tag=dcd704af68030f29 jited_len=2179 xlated_len=3648 nr_jited_ksyms=1 ksym0=0xffffffffc0402e50 ksym1=0x0
[567.199972 pid=12507 tid=12519] BPF_MAP_UPDATE_ELEM prog_array name=sys_enter_init_ map_fd=10 map_id=360 key=151 prog_fd=169 prog_id=198 flags=0 ret=0 errno=0
[567.200056 pid=12507 tid=12519] native-loader jit-info prog_array-target fd=169 id=198 type=17 name=sys_enter_init tag=dcd704af68030f29 jited_len=2179 xlated_len=3648 nr_jited_ksyms=1 ksym0=0xffffffffc0402e50 ksym1=0x0
[567.200148 pid=12507 tid=12519] BPF_MAP_UPDATE_ELEM prog_array name=sys_enter_init_ map_fd=10 map_id=360 key=152 prog_fd=169 prog_id=198 flags=0 ret=0 errno=0
[567.200231 pid=12507 tid=12519] native-loader jit-info prog_array-target fd=169 id=198 type=17 name=sys_enter_init tag=dcd704af68030f29 jited_len=2179 xlated_len=3648 nr_jited_ksyms=1 ksym0=0xffffffffc0402e50 ksym1=0x0
[567.200322 pid=12507 tid=12519] BPF_MAP_UPDATE_ELEM prog_array name=sys_enter_init_ map_fd=10 map_id=360 key=153 prog_fd=169 prog_id=198 flags=0 ret=0 errno=0
[567.200405 pid=12507 tid=12519] native-loader jit-info prog_array-target fd=169 id=198 type=17 name=sys_enter_init tag=dcd704af68030f29 jited_len=2179 xlated_len=3648 nr_jited_ksyms=1 ksym0=0xffffffffc0402e50 ksym1=0x0
[567.200496 pid=12507 tid=12519] BPF_MAP_UPDATE_ELEM prog_array name=sys_enter_init_ map_fd=10 map_id=360 key=154 prog_fd=169 prog_id=198 flags=0 ret=0 errno=0
[567.200579 pid=12507 tid=12519] native-loader jit-info prog_array-target fd=169 id=198 type=17 name=sys_enter_init tag=dcd704af68030f29 jited_len=2179 xlated_len=3648 nr_jited_ksyms=1 ksym0=0xffffffffc0402e50 ksym1=0x0
[567.200670 pid=12507 tid=12519] BPF_MAP_UPDATE_ELEM prog_array name=sys_enter_init_ map_fd=10 map_id=360 key=155 prog_fd=169 prog_id=198 flags=0 ret=0 errno=0
[567.200753 pid=12507 tid=12519] native-loader jit-info prog_array-target fd=169 id=198 type=17 name=sys_enter_init tag=dcd704af68030f29 jited_len=2179 xlated_len=3648 nr_jited_ksyms=1 ksym0=0xffffffffc0402e50 ksym1=0x0
[567.200843 pid=12507 tid=12519] BPF_MAP_UPDATE_ELEM prog_array name=sys_enter_init_ map_fd=10 map_id=360 key=156 prog_fd=169 prog_id=198 flags=0 ret=0 errno=0
[567.200926 pid=12507 tid=12519] native-loader jit-info prog_array-target fd=169 id=198 type=17 name=sys_enter_init tag=dcd704af68030f29 jited_len=2179 xlated_len=3648 nr_jited_ksyms=1 ksym0=0xffffffffc0402e50 ksym1=0x0
[567.201017 pid=12507 tid=12519] BPF_MAP_UPDATE_ELEM prog_array name=sys_enter_init_ map_fd=10 map_id=360 key=157 prog_fd=169 prog_id=198 flags=0 ret=0 errno=0
[567.201102 pid=12507 tid=12519] native-loader jit-info prog_array-target fd=169 id=198 type=17 name=sys_enter_init tag=dcd704af68030f29 jited_len=2179 xlated_len=3648 nr_jited_ksyms=1 ksym0=0xffffffffc0402e50 ksym1=0x0
[567.201193 pid=12507 tid=12519] BPF_MAP_UPDATE_ELEM prog_array name=sys_enter_init_ map_fd=10 map_id=360 key=159 prog_fd=169 prog_id=198 flags=0 ret=0 errno=0
[567.201277 pid=12507 tid=12519] native-loader jit-info prog_array-target fd=169 id=198 type=17 name=sys_enter_init tag=dcd704af68030f29 jited_len=2179 xlated_len=3648 nr_jited_ksyms=1 ksym0=0xffffffffc0402e50 ksym1=0x0
[567.201368 pid=12507 tid=12519] BPF_MAP_UPDATE_ELEM prog_array name=sys_enter_init_ map_fd=10 map_id=360 key=160 prog_fd=169 prog_id=198 flags=0 ret=0 errno=0
[567.201450 pid=12507 tid=12519] native-loader jit-info prog_array-target fd=169 id=198 type=17 name=sys_enter_init tag=dcd704af68030f29 jited_len=2179 xlated_len=3648 nr_jited_ksyms=1 ksym0=0xffffffffc0402e50 ksym1=0x0
[567.201541 pid=12507 tid=12519] BPF_MAP_UPDATE_ELEM prog_array name=sys_enter_init_ map_fd=10 map_id=360 key=161 prog_fd=169 prog_id=198 flags=0 ret=0 errno=0
[567.201624 pid=12507 tid=12519] native-loader jit-info prog_array-target fd=169 id=198 type=17 name=sys_enter_init tag=dcd704af68030f29 jited_len=2179 xlated_len=3648 nr_jited_ksyms=1 ksym0=0xffffffffc0402e50 ksym1=0x0
[567.201714 pid=12507 tid=12519] BPF_MAP_UPDATE_ELEM prog_array name=sys_enter_init_ map_fd=10 map_id=360 key=162 prog_fd=169 prog_id=198 flags=0 ret=0 errno=0
[567.201797 pid=12507 tid=12519] native-loader jit-info prog_array-target fd=169 id=198 type=17 name=sys_enter_init tag=dcd704af68030f29 jited_len=2179 xlated_len=3648 nr_jited_ksyms=1 ksym0=0xffffffffc0402e50 ksym1=0x0
[567.201889 pid=12507 tid=12519] BPF_MAP_UPDATE_ELEM prog_array name=sys_enter_init_ map_fd=10 map_id=360 key=163 prog_fd=169 prog_id=198 flags=0 ret=0 errno=0
[567.201971 pid=12507 tid=12519] native-loader jit-info prog_array-target fd=169 id=198 type=17 name=sys_enter_init tag=dcd704af68030f29 jited_len=2179 xlated_len=3648 nr_jited_ksyms=1 ksym0=0xffffffffc0402e50 ksym1=0x0
[567.202062 pid=12507 tid=12519] BPF_MAP_UPDATE_ELEM prog_array name=sys_enter_init_ map_fd=10 map_id=360 key=164 prog_fd=169 prog_id=198 flags=0 ret=0 errno=0
[567.202147 pid=12507 tid=12519] native-loader jit-info prog_array-target fd=169 id=198 type=17 name=sys_enter_init tag=dcd704af68030f29 jited_len=2179 xlated_len=3648 nr_jited_ksyms=1 ksym0=0xffffffffc0402e50 ksym1=0x0
[567.202237 pid=12507 tid=12519] BPF_MAP_UPDATE_ELEM prog_array name=sys_enter_init_ map_fd=10 map_id=360 key=165 prog_fd=169 prog_id=198 flags=0 ret=0 errno=0
[567.202320 pid=12507 tid=12519] native-loader jit-info prog_array-target fd=169 id=198 type=17 name=sys_enter_init tag=dcd704af68030f29 jited_len=2179 xlated_len=3648 nr_jited_ksyms=1 ksym0=0xffffffffc0402e50 ksym1=0x0
[567.202411 pid=12507 tid=12519] BPF_MAP_UPDATE_ELEM prog_array name=sys_enter_init_ map_fd=10 map_id=360 key=166 prog_fd=169 prog_id=198 flags=0 ret=0 errno=0
[567.202494 pid=12507 tid=12519] native-loader jit-info prog_array-target fd=169 id=198 type=17 name=sys_enter_init tag=dcd704af68030f29 jited_len=2179 xlated_len=3648 nr_jited_ksyms=1 ksym0=0xffffffffc0402e50 ksym1=0x0
[567.202585 pid=12507 tid=12519] BPF_MAP_UPDATE_ELEM prog_array name=sys_enter_init_ map_fd=10 map_id=360 key=167 prog_fd=169 prog_id=198 flags=0 ret=0 errno=0
[567.202669 pid=12507 tid=12519] native-loader jit-info prog_array-target fd=169 id=198 type=17 name=sys_enter_init tag=dcd704af68030f29 jited_len=2179 xlated_len=3648 nr_jited_ksyms=1 ksym0=0xffffffffc0402e50 ksym1=0x0
[567.202759 pid=12507 tid=12519] BPF_MAP_UPDATE_ELEM prog_array name=sys_enter_init_ map_fd=10 map_id=360 key=168 prog_fd=169 prog_id=198 flags=0 ret=0 errno=0
[567.202843 pid=12507 tid=12519] native-loader jit-info prog_array-target fd=169 id=198 type=17 name=sys_enter_init tag=dcd704af68030f29 jited_len=2179 xlated_len=3648 nr_jited_ksyms=1 ksym0=0xffffffffc0402e50 ksym1=0x0
[567.202933 pid=12507 tid=12519] BPF_MAP_UPDATE_ELEM prog_array name=sys_enter_init_ map_fd=10 map_id=360 key=169 prog_fd=169 prog_id=198 flags=0 ret=0 errno=0
[567.203017 pid=12507 tid=12519] native-loader jit-info prog_array-target fd=169 id=198 type=17 name=sys_enter_init tag=dcd704af68030f29 jited_len=2179 xlated_len=3648 nr_jited_ksyms=1 ksym0=0xffffffffc0402e50 ksym1=0x0
[567.203110 pid=12507 tid=12519] BPF_MAP_UPDATE_ELEM prog_array name=sys_enter_init_ map_fd=10 map_id=360 key=170 prog_fd=169 prog_id=198 flags=0 ret=0 errno=0
[567.203193 pid=12507 tid=12519] native-loader jit-info prog_array-target fd=169 id=198 type=17 name=sys_enter_init tag=dcd704af68030f29 jited_len=2179 xlated_len=3648 nr_jited_ksyms=1 ksym0=0xffffffffc0402e50 ksym1=0x0
[567.203284 pid=12507 tid=12519] BPF_MAP_UPDATE_ELEM prog_array name=sys_enter_init_ map_fd=10 map_id=360 key=171 prog_fd=169 prog_id=198 flags=0 ret=0 errno=0
[567.203367 pid=12507 tid=12519] native-loader jit-info prog_array-target fd=169 id=198 type=17 name=sys_enter_init tag=dcd704af68030f29 jited_len=2179 xlated_len=3648 nr_jited_ksyms=1 ksym0=0xffffffffc0402e50 ksym1=0x0
[567.203458 pid=12507 tid=12519] BPF_MAP_UPDATE_ELEM prog_array name=sys_enter_init_ map_fd=10 map_id=360 key=172 prog_fd=169 prog_id=198 flags=0 ret=0 errno=0
[567.203541 pid=12507 tid=12519] native-loader jit-info prog_array-target fd=169 id=198 type=17 name=sys_enter_init tag=dcd704af68030f29 jited_len=2179 xlated_len=3648 nr_jited_ksyms=1 ksym0=0xffffffffc0402e50 ksym1=0x0
[567.203632 pid=12507 tid=12519] BPF_MAP_UPDATE_ELEM prog_array name=sys_enter_init_ map_fd=10 map_id=360 key=173 prog_fd=169 prog_id=198 flags=0 ret=0 errno=0
[567.203716 pid=12507 tid=12519] native-loader jit-info prog_array-target fd=169 id=198 type=17 name=sys_enter_init tag=dcd704af68030f29 jited_len=2179 xlated_len=3648 nr_jited_ksyms=1 ksym0=0xffffffffc0402e50 ksym1=0x0
[567.203806 pid=12507 tid=12519] BPF_MAP_UPDATE_ELEM prog_array name=sys_enter_init_ map_fd=10 map_id=360 key=174 prog_fd=169 prog_id=198 flags=0 ret=0 errno=0
[567.203890 pid=12507 tid=12519] native-loader jit-info prog_array-target fd=169 id=198 type=17 name=sys_enter_init tag=dcd704af68030f29 jited_len=2179 xlated_len=3648 nr_jited_ksyms=1 ksym0=0xffffffffc0402e50 ksym1=0x0
[567.204098 pid=12507 tid=12519] BPF_MAP_UPDATE_ELEM prog_array name=sys_enter_init_ map_fd=10 map_id=360 key=175 prog_fd=169 prog_id=198 flags=0 ret=0 errno=0
[567.204187 pid=12507 tid=12519] native-loader jit-info prog_array-target fd=169 id=198 type=17 name=sys_enter_init tag=dcd704af68030f29 jited_len=2179 xlated_len=3648 nr_jited_ksyms=1 ksym0=0xffffffffc0402e50 ksym1=0x0
[567.204563 pid=12507 tid=12519] BPF_MAP_UPDATE_ELEM prog_array name=sys_enter_init_ map_fd=10 map_id=360 key=176 prog_fd=169 prog_id=198 flags=0 ret=0 errno=0
[567.204940 pid=12507 tid=12519] native-loader jit-info prog_array-target fd=169 id=198 type=17 name=sys_enter_init tag=dcd704af68030f29 jited_len=2179 xlated_len=3648 nr_jited_ksyms=1 ksym0=0xffffffffc0402e50 ksym1=0x0
[567.205465 pid=12507 tid=12519] BPF_MAP_UPDATE_ELEM prog_array name=sys_enter_init_ map_fd=10 map_id=360 key=177 prog_fd=169 prog_id=198 flags=0 ret=0 errno=0
[567.205831 pid=12507 tid=12519] native-loader jit-info prog_array-target fd=169 id=198 type=17 name=sys_enter_init tag=dcd704af68030f29 jited_len=2179 xlated_len=3648 nr_jited_ksyms=1 ksym0=0xffffffffc0402e50 ksym1=0x0
[567.206033 pid=12507 tid=12519] BPF_MAP_UPDATE_ELEM prog_array name=sys_enter_init_ map_fd=10 map_id=360 key=178 prog_fd=169 prog_id=198 flags=0 ret=0 errno=0
[567.206296 pid=12507 tid=12519] native-loader jit-info prog_array-target fd=169 id=198 type=17 name=sys_enter_init tag=dcd704af68030f29 jited_len=2179 xlated_len=3648 nr_jited_ksyms=1 ksym0=0xffffffffc0402e50 ksym1=0x0
[567.206789 pid=12507 tid=12519] BPF_MAP_UPDATE_ELEM prog_array name=sys_enter_init_ map_fd=10 map_id=360 key=179 prog_fd=169 prog_id=198 flags=0 ret=0 errno=0
[567.206900 pid=12507 tid=12519] native-loader jit-info prog_array-target fd=169 id=198 type=17 name=sys_enter_init tag=dcd704af68030f29 jited_len=2179 xlated_len=3648 nr_jited_ksyms=1 ksym0=0xffffffffc0402e50 ksym1=0x0
[567.207449 pid=12507 tid=12519] BPF_MAP_UPDATE_ELEM prog_array name=sys_enter_init_ map_fd=10 map_id=360 key=180 prog_fd=169 prog_id=198 flags=0 ret=0 errno=0
[567.207807 pid=12507 tid=12519] native-loader jit-info prog_array-target fd=169 id=198 type=17 name=sys_enter_init tag=dcd704af68030f29 jited_len=2179 xlated_len=3648 nr_jited_ksyms=1 ksym0=0xffffffffc0402e50 ksym1=0x0
[567.208421 pid=12507 tid=12519] BPF_MAP_UPDATE_ELEM prog_array name=sys_enter_init_ map_fd=10 map_id=360 key=181 prog_fd=169 prog_id=198 flags=0 ret=0 errno=0
[567.208663 pid=12507 tid=12519] native-loader jit-info prog_array-target fd=169 id=198 type=17 name=sys_enter_init tag=dcd704af68030f29 jited_len=2179 xlated_len=3648 nr_jited_ksyms=1 ksym0=0xffffffffc0402e50 ksym1=0x0
[567.209154 pid=12507 tid=12519] BPF_MAP_UPDATE_ELEM prog_array name=sys_enter_init_ map_fd=10 map_id=360 key=182 prog_fd=169 prog_id=198 flags=0 ret=0 errno=0
[567.209377 pid=12507 tid=12519] native-loader jit-info prog_array-target fd=169 id=198 type=17 name=sys_enter_init tag=dcd704af68030f29 jited_len=2179 xlated_len=3648 nr_jited_ksyms=1 ksym0=0xffffffffc0402e50 ksym1=0x0
[567.209802 pid=12507 tid=12519] BPF_MAP_UPDATE_ELEM prog_array name=sys_enter_init_ map_fd=10 map_id=360 key=183 prog_fd=169 prog_id=198 flags=0 ret=0 errno=0
[567.209907 pid=12507 tid=12519] native-loader jit-info prog_array-target fd=169 id=198 type=17 name=sys_enter_init tag=dcd704af68030f29 jited_len=2179 xlated_len=3648 nr_jited_ksyms=1 ksym0=0xffffffffc0402e50 ksym1=0x0
[567.210516 pid=12507 tid=12519] BPF_MAP_UPDATE_ELEM prog_array name=sys_enter_init_ map_fd=10 map_id=360 key=184 prog_fd=169 prog_id=198 flags=0 ret=0 errno=0
[567.210916 pid=12507 tid=12519] native-loader jit-info prog_array-target fd=169 id=198 type=17 name=sys_enter_init tag=dcd704af68030f29 jited_len=2179 xlated_len=3648 nr_jited_ksyms=1 ksym0=0xffffffffc0402e50 ksym1=0x0
[567.211260 pid=12507 tid=12519] BPF_MAP_UPDATE_ELEM prog_array name=sys_enter_init_ map_fd=10 map_id=360 key=185 prog_fd=169 prog_id=198 flags=0 ret=0 errno=0
[567.211402 pid=12507 tid=12519] native-loader jit-info prog_array-target fd=169 id=198 type=17 name=sys_enter_init tag=dcd704af68030f29 jited_len=2179 xlated_len=3648 nr_jited_ksyms=1 ksym0=0xffffffffc0402e50 ksym1=0x0
[567.211836 pid=12507 tid=12519] BPF_MAP_UPDATE_ELEM prog_array name=sys_enter_init_ map_fd=10 map_id=360 key=186 prog_fd=169 prog_id=198 flags=0 ret=0 errno=0
[567.211961 pid=12507 tid=12519] native-loader jit-info prog_array-target fd=169 id=198 type=17 name=sys_enter_init tag=dcd704af68030f29 jited_len=2179 xlated_len=3648 nr_jited_ksyms=1 ksym0=0xffffffffc0402e50 ksym1=0x0
[567.212081 pid=12507 tid=12519] BPF_MAP_UPDATE_ELEM prog_array name=sys_enter_init_ map_fd=10 map_id=360 key=187 prog_fd=169 prog_id=198 flags=0 ret=0 errno=0
[567.212211 pid=12507 tid=12519] native-loader jit-info prog_array-target fd=169 id=198 type=17 name=sys_enter_init tag=dcd704af68030f29 jited_len=2179 xlated_len=3648 nr_jited_ksyms=1 ksym0=0xffffffffc0402e50 ksym1=0x0
[567.212474 pid=12507 tid=12519] BPF_MAP_UPDATE_ELEM prog_array name=sys_enter_init_ map_fd=10 map_id=360 key=188 prog_fd=169 prog_id=198 flags=0 ret=0 errno=0
[567.212586 pid=12507 tid=12519] native-loader jit-info prog_array-target fd=169 id=198 type=17 name=sys_enter_init tag=dcd704af68030f29 jited_len=2179 xlated_len=3648 nr_jited_ksyms=1 ksym0=0xffffffffc0402e50 ksym1=0x0
[567.212788 pid=12507 tid=12519] BPF_MAP_UPDATE_ELEM prog_array name=sys_enter_init_ map_fd=10 map_id=360 key=189 prog_fd=169 prog_id=198 flags=0 ret=0 errno=0
[567.212881 pid=12507 tid=12519] native-loader jit-info prog_array-target fd=169 id=198 type=17 name=sys_enter_init tag=dcd704af68030f29 jited_len=2179 xlated_len=3648 nr_jited_ksyms=1 ksym0=0xffffffffc0402e50 ksym1=0x0
[567.212971 pid=12507 tid=12519] BPF_MAP_UPDATE_ELEM prog_array name=sys_enter_init_ map_fd=10 map_id=360 key=190 prog_fd=169 prog_id=198 flags=0 ret=0 errno=0
[567.213054 pid=12507 tid=12519] native-loader jit-info prog_array-target fd=169 id=198 type=17 name=sys_enter_init tag=dcd704af68030f29 jited_len=2179 xlated_len=3648 nr_jited_ksyms=1 ksym0=0xffffffffc0402e50 ksym1=0x0
[567.213149 pid=12507 tid=12519] BPF_MAP_UPDATE_ELEM prog_array name=sys_enter_init_ map_fd=10 map_id=360 key=191 prog_fd=169 prog_id=198 flags=0 ret=0 errno=0
[567.213232 pid=12507 tid=12519] native-loader jit-info prog_array-target fd=169 id=198 type=17 name=sys_enter_init tag=dcd704af68030f29 jited_len=2179 xlated_len=3648 nr_jited_ksyms=1 ksym0=0xffffffffc0402e50 ksym1=0x0
[567.213323 pid=12507 tid=12519] BPF_MAP_UPDATE_ELEM prog_array name=sys_enter_init_ map_fd=10 map_id=360 key=192 prog_fd=169 prog_id=198 flags=0 ret=0 errno=0
[567.213406 pid=12507 tid=12519] native-loader jit-info prog_array-target fd=169 id=198 type=17 name=sys_enter_init tag=dcd704af68030f29 jited_len=2179 xlated_len=3648 nr_jited_ksyms=1 ksym0=0xffffffffc0402e50 ksym1=0x0
[567.213497 pid=12507 tid=12519] BPF_MAP_UPDATE_ELEM prog_array name=sys_enter_init_ map_fd=10 map_id=360 key=193 prog_fd=169 prog_id=198 flags=0 ret=0 errno=0
[567.213580 pid=12507 tid=12519] native-loader jit-info prog_array-target fd=169 id=198 type=17 name=sys_enter_init tag=dcd704af68030f29 jited_len=2179 xlated_len=3648 nr_jited_ksyms=1 ksym0=0xffffffffc0402e50 ksym1=0x0
[567.213671 pid=12507 tid=12519] BPF_MAP_UPDATE_ELEM prog_array name=sys_enter_init_ map_fd=10 map_id=360 key=194 prog_fd=169 prog_id=198 flags=0 ret=0 errno=0
[567.213753 pid=12507 tid=12519] native-loader jit-info prog_array-target fd=169 id=198 type=17 name=sys_enter_init tag=dcd704af68030f29 jited_len=2179 xlated_len=3648 nr_jited_ksyms=1 ksym0=0xffffffffc0402e50 ksym1=0x0
[567.213844 pid=12507 tid=12519] BPF_MAP_UPDATE_ELEM prog_array name=sys_enter_init_ map_fd=10 map_id=360 key=195 prog_fd=169 prog_id=198 flags=0 ret=0 errno=0
[567.213928 pid=12507 tid=12519] native-loader jit-info prog_array-target fd=169 id=198 type=17 name=sys_enter_init tag=dcd704af68030f29 jited_len=2179 xlated_len=3648 nr_jited_ksyms=1 ksym0=0xffffffffc0402e50 ksym1=0x0
[567.214148 pid=12507 tid=12519] BPF_MAP_UPDATE_ELEM prog_array name=sys_enter_init_ map_fd=10 map_id=360 key=196 prog_fd=169 prog_id=198 flags=0 ret=0 errno=0
[567.214450 pid=12507 tid=12519] native-loader jit-info prog_array-target fd=169 id=198 type=17 name=sys_enter_init tag=dcd704af68030f29 jited_len=2179 xlated_len=3648 nr_jited_ksyms=1 ksym0=0xffffffffc0402e50 ksym1=0x0
[567.214824 pid=12507 tid=12519] BPF_MAP_UPDATE_ELEM prog_array name=sys_enter_init_ map_fd=10 map_id=360 key=197 prog_fd=169 prog_id=198 flags=0 ret=0 errno=0
[567.214920 pid=12507 tid=12519] native-loader jit-info prog_array-target fd=169 id=198 type=17 name=sys_enter_init tag=dcd704af68030f29 jited_len=2179 xlated_len=3648 nr_jited_ksyms=1 ksym0=0xffffffffc0402e50 ksym1=0x0
[567.215297 pid=12507 tid=12519] BPF_MAP_UPDATE_ELEM prog_array name=sys_enter_init_ map_fd=10 map_id=360 key=198 prog_fd=169 prog_id=198 flags=0 ret=0 errno=0
[567.215415 pid=12507 tid=12519] native-loader jit-info prog_array-target fd=169 id=198 type=17 name=sys_enter_init tag=dcd704af68030f29 jited_len=2179 xlated_len=3648 nr_jited_ksyms=1 ksym0=0xffffffffc0402e50 ksym1=0x0
[567.215600 pid=12507 tid=12519] BPF_MAP_UPDATE_ELEM prog_array name=sys_enter_init_ map_fd=10 map_id=360 key=199 prog_fd=169 prog_id=198 flags=0 ret=0 errno=0
[567.215705 pid=12507 tid=12519] native-loader jit-info prog_array-target fd=169 id=198 type=17 name=sys_enter_init tag=dcd704af68030f29 jited_len=2179 xlated_len=3648 nr_jited_ksyms=1 ksym0=0xffffffffc0402e50 ksym1=0x0
[567.215925 pid=12507 tid=12519] BPF_MAP_UPDATE_ELEM prog_array name=sys_enter_init_ map_fd=10 map_id=360 key=200 prog_fd=169 prog_id=198 flags=0 ret=0 errno=0
[567.216017 pid=12507 tid=12519] native-loader jit-info prog_array-target fd=169 id=198 type=17 name=sys_enter_init tag=dcd704af68030f29 jited_len=2179 xlated_len=3648 nr_jited_ksyms=1 ksym0=0xffffffffc0402e50 ksym1=0x0
[567.216290 pid=12507 tid=12519] BPF_MAP_UPDATE_ELEM prog_array name=sys_enter_init_ map_fd=10 map_id=360 key=201 prog_fd=169 prog_id=198 flags=0 ret=0 errno=0
[567.216395 pid=12507 tid=12519] native-loader jit-info prog_array-target fd=169 id=198 type=17 name=sys_enter_init tag=dcd704af68030f29 jited_len=2179 xlated_len=3648 nr_jited_ksyms=1 ksym0=0xffffffffc0402e50 ksym1=0x0
[567.216483 pid=12507 tid=12519] BPF_MAP_UPDATE_ELEM prog_array name=sys_enter_init_ map_fd=10 map_id=360 key=202 prog_fd=169 prog_id=198 flags=0 ret=0 errno=0
[567.216564 pid=12507 tid=12519] native-loader jit-info prog_array-target fd=169 id=198 type=17 name=sys_enter_init tag=dcd704af68030f29 jited_len=2179 xlated_len=3648 nr_jited_ksyms=1 ksym0=0xffffffffc0402e50 ksym1=0x0
[567.216752 pid=12507 tid=12519] BPF_MAP_UPDATE_ELEM prog_array name=sys_enter_init_ map_fd=10 map_id=360 key=203 prog_fd=169 prog_id=198 flags=0 ret=0 errno=0
[567.216852 pid=12507 tid=12519] native-loader jit-info prog_array-target fd=169 id=198 type=17 name=sys_enter_init tag=dcd704af68030f29 jited_len=2179 xlated_len=3648 nr_jited_ksyms=1 ksym0=0xffffffffc0402e50 ksym1=0x0
[567.217069 pid=12507 tid=12519] BPF_MAP_UPDATE_ELEM prog_array name=sys_enter_init_ map_fd=10 map_id=360 key=204 prog_fd=169 prog_id=198 flags=0 ret=0 errno=0
[567.217160 pid=12507 tid=12519] native-loader jit-info prog_array-target fd=169 id=198 type=17 name=sys_enter_init tag=dcd704af68030f29 jited_len=2179 xlated_len=3648 nr_jited_ksyms=1 ksym0=0xffffffffc0402e50 ksym1=0x0
[567.217255 pid=12507 tid=12519] BPF_MAP_UPDATE_ELEM prog_array name=sys_enter_init_ map_fd=10 map_id=360 key=205 prog_fd=169 prog_id=198 flags=0 ret=0 errno=0
[567.217337 pid=12507 tid=12519] native-loader jit-info prog_array-target fd=169 id=198 type=17 name=sys_enter_init tag=dcd704af68030f29 jited_len=2179 xlated_len=3648 nr_jited_ksyms=1 ksym0=0xffffffffc0402e50 ksym1=0x0
[567.217429 pid=12507 tid=12519] BPF_MAP_UPDATE_ELEM prog_array name=sys_enter_init_ map_fd=10 map_id=360 key=206 prog_fd=169 prog_id=198 flags=0 ret=0 errno=0
[567.217511 pid=12507 tid=12519] native-loader jit-info prog_array-target fd=169 id=198 type=17 name=sys_enter_init tag=dcd704af68030f29 jited_len=2179 xlated_len=3648 nr_jited_ksyms=1 ksym0=0xffffffffc0402e50 ksym1=0x0
[567.217603 pid=12507 tid=12519] BPF_MAP_UPDATE_ELEM prog_array name=sys_enter_init_ map_fd=10 map_id=360 key=207 prog_fd=169 prog_id=198 flags=0 ret=0 errno=0
[567.217686 pid=12507 tid=12519] native-loader jit-info prog_array-target fd=169 id=198 type=17 name=sys_enter_init tag=dcd704af68030f29 jited_len=2179 xlated_len=3648 nr_jited_ksyms=1 ksym0=0xffffffffc0402e50 ksym1=0x0
[567.217777 pid=12507 tid=12519] BPF_MAP_UPDATE_ELEM prog_array name=sys_enter_init_ map_fd=10 map_id=360 key=208 prog_fd=169 prog_id=198 flags=0 ret=0 errno=0
[567.217860 pid=12507 tid=12519] native-loader jit-info prog_array-target fd=169 id=198 type=17 name=sys_enter_init tag=dcd704af68030f29 jited_len=2179 xlated_len=3648 nr_jited_ksyms=1 ksym0=0xffffffffc0402e50 ksym1=0x0
[567.217952 pid=12507 tid=12519] BPF_MAP_UPDATE_ELEM prog_array name=sys_enter_init_ map_fd=10 map_id=360 key=209 prog_fd=169 prog_id=198 flags=0 ret=0 errno=0
[567.218035 pid=12507 tid=12519] native-loader jit-info prog_array-target fd=169 id=198 type=17 name=sys_enter_init tag=dcd704af68030f29 jited_len=2179 xlated_len=3648 nr_jited_ksyms=1 ksym0=0xffffffffc0402e50 ksym1=0x0
[567.218128 pid=12507 tid=12519] BPF_MAP_UPDATE_ELEM prog_array name=sys_enter_init_ map_fd=10 map_id=360 key=210 prog_fd=169 prog_id=198 flags=0 ret=0 errno=0
[567.218211 pid=12507 tid=12519] native-loader jit-info prog_array-target fd=169 id=198 type=17 name=sys_enter_init tag=dcd704af68030f29 jited_len=2179 xlated_len=3648 nr_jited_ksyms=1 ksym0=0xffffffffc0402e50 ksym1=0x0
[567.218302 pid=12507 tid=12519] BPF_MAP_UPDATE_ELEM prog_array name=sys_enter_init_ map_fd=10 map_id=360 key=211 prog_fd=169 prog_id=198 flags=0 ret=0 errno=0
[567.218385 pid=12507 tid=12519] native-loader jit-info prog_array-target fd=169 id=198 type=17 name=sys_enter_init tag=dcd704af68030f29 jited_len=2179 xlated_len=3648 nr_jited_ksyms=1 ksym0=0xffffffffc0402e50 ksym1=0x0
[567.218477 pid=12507 tid=12519] BPF_MAP_UPDATE_ELEM prog_array name=sys_enter_init_ map_fd=10 map_id=360 key=212 prog_fd=169 prog_id=198 flags=0 ret=0 errno=0
[567.218560 pid=12507 tid=12519] native-loader jit-info prog_array-target fd=169 id=198 type=17 name=sys_enter_init tag=dcd704af68030f29 jited_len=2179 xlated_len=3648 nr_jited_ksyms=1 ksym0=0xffffffffc0402e50 ksym1=0x0
[567.218651 pid=12507 tid=12519] BPF_MAP_UPDATE_ELEM prog_array name=sys_enter_init_ map_fd=10 map_id=360 key=213 prog_fd=169 prog_id=198 flags=0 ret=0 errno=0
[567.218733 pid=12507 tid=12519] native-loader jit-info prog_array-target fd=169 id=198 type=17 name=sys_enter_init tag=dcd704af68030f29 jited_len=2179 xlated_len=3648 nr_jited_ksyms=1 ksym0=0xffffffffc0402e50 ksym1=0x0
[567.218825 pid=12507 tid=12519] BPF_MAP_UPDATE_ELEM prog_array name=sys_enter_init_ map_fd=10 map_id=360 key=214 prog_fd=169 prog_id=198 flags=0 ret=0 errno=0
[567.218907 pid=12507 tid=12519] native-loader jit-info prog_array-target fd=169 id=198 type=17 name=sys_enter_init tag=dcd704af68030f29 jited_len=2179 xlated_len=3648 nr_jited_ksyms=1 ksym0=0xffffffffc0402e50 ksym1=0x0
[567.218999 pid=12507 tid=12519] BPF_MAP_UPDATE_ELEM prog_array name=sys_enter_init_ map_fd=10 map_id=360 key=215 prog_fd=169 prog_id=198 flags=0 ret=0 errno=0
[567.219084 pid=12507 tid=12519] native-loader jit-info prog_array-target fd=169 id=198 type=17 name=sys_enter_init tag=dcd704af68030f29 jited_len=2179 xlated_len=3648 nr_jited_ksyms=1 ksym0=0xffffffffc0402e50 ksym1=0x0
[567.219174 pid=12507 tid=12519] BPF_MAP_UPDATE_ELEM prog_array name=sys_enter_init_ map_fd=10 map_id=360 key=216 prog_fd=169 prog_id=198 flags=0 ret=0 errno=0
[567.219257 pid=12507 tid=12519] native-loader jit-info prog_array-target fd=169 id=198 type=17 name=sys_enter_init tag=dcd704af68030f29 jited_len=2179 xlated_len=3648 nr_jited_ksyms=1 ksym0=0xffffffffc0402e50 ksym1=0x0
[567.219348 pid=12507 tid=12519] BPF_MAP_UPDATE_ELEM prog_array name=sys_enter_init_ map_fd=10 map_id=360 key=217 prog_fd=169 prog_id=198 flags=0 ret=0 errno=0
[567.219432 pid=12507 tid=12519] native-loader jit-info prog_array-target fd=169 id=198 type=17 name=sys_enter_init tag=dcd704af68030f29 jited_len=2179 xlated_len=3648 nr_jited_ksyms=1 ksym0=0xffffffffc0402e50 ksym1=0x0
[567.219523 pid=12507 tid=12519] BPF_MAP_UPDATE_ELEM prog_array name=sys_enter_init_ map_fd=10 map_id=360 key=218 prog_fd=169 prog_id=198 flags=0 ret=0 errno=0
[567.219607 pid=12507 tid=12519] native-loader jit-info prog_array-target fd=169 id=198 type=17 name=sys_enter_init tag=dcd704af68030f29 jited_len=2179 xlated_len=3648 nr_jited_ksyms=1 ksym0=0xffffffffc0402e50 ksym1=0x0
[567.219697 pid=12507 tid=12519] BPF_MAP_UPDATE_ELEM prog_array name=sys_enter_init_ map_fd=10 map_id=360 key=219 prog_fd=169 prog_id=198 flags=0 ret=0 errno=0
[567.219780 pid=12507 tid=12519] native-loader jit-info prog_array-target fd=169 id=198 type=17 name=sys_enter_init tag=dcd704af68030f29 jited_len=2179 xlated_len=3648 nr_jited_ksyms=1 ksym0=0xffffffffc0402e50 ksym1=0x0
[567.219871 pid=12507 tid=12519] BPF_MAP_UPDATE_ELEM prog_array name=sys_enter_init_ map_fd=10 map_id=360 key=220 prog_fd=169 prog_id=198 flags=0 ret=0 errno=0
[567.219954 pid=12507 tid=12519] native-loader jit-info prog_array-target fd=169 id=198 type=17 name=sys_enter_init tag=dcd704af68030f29 jited_len=2179 xlated_len=3648 nr_jited_ksyms=1 ksym0=0xffffffffc0402e50 ksym1=0x0
[567.220046 pid=12507 tid=12519] BPF_MAP_UPDATE_ELEM prog_array name=sys_enter_init_ map_fd=10 map_id=360 key=221 prog_fd=169 prog_id=198 flags=0 ret=0 errno=0
[567.220129 pid=12507 tid=12519] native-loader jit-info prog_array-target fd=169 id=198 type=17 name=sys_enter_init tag=dcd704af68030f29 jited_len=2179 xlated_len=3648 nr_jited_ksyms=1 ksym0=0xffffffffc0402e50 ksym1=0x0
[567.220220 pid=12507 tid=12519] BPF_MAP_UPDATE_ELEM prog_array name=sys_enter_init_ map_fd=10 map_id=360 key=222 prog_fd=169 prog_id=198 flags=0 ret=0 errno=0
[567.220304 pid=12507 tid=12519] native-loader jit-info prog_array-target fd=169 id=198 type=17 name=sys_enter_init tag=dcd704af68030f29 jited_len=2179 xlated_len=3648 nr_jited_ksyms=1 ksym0=0xffffffffc0402e50 ksym1=0x0
[567.220395 pid=12507 tid=12519] BPF_MAP_UPDATE_ELEM prog_array name=sys_enter_init_ map_fd=10 map_id=360 key=223 prog_fd=169 prog_id=198 flags=0 ret=0 errno=0
[567.220478 pid=12507 tid=12519] native-loader jit-info prog_array-target fd=169 id=198 type=17 name=sys_enter_init tag=dcd704af68030f29 jited_len=2179 xlated_len=3648 nr_jited_ksyms=1 ksym0=0xffffffffc0402e50 ksym1=0x0
[567.220569 pid=12507 tid=12519] BPF_MAP_UPDATE_ELEM prog_array name=sys_enter_init_ map_fd=10 map_id=360 key=224 prog_fd=169 prog_id=198 flags=0 ret=0 errno=0
[567.220652 pid=12507 tid=12519] native-loader jit-info prog_array-target fd=169 id=198 type=17 name=sys_enter_init tag=dcd704af68030f29 jited_len=2179 xlated_len=3648 nr_jited_ksyms=1 ksym0=0xffffffffc0402e50 ksym1=0x0
[567.220742 pid=12507 tid=12519] BPF_MAP_UPDATE_ELEM prog_array name=sys_enter_init_ map_fd=10 map_id=360 key=225 prog_fd=169 prog_id=198 flags=0 ret=0 errno=0
[567.220825 pid=12507 tid=12519] native-loader jit-info prog_array-target fd=169 id=198 type=17 name=sys_enter_init tag=dcd704af68030f29 jited_len=2179 xlated_len=3648 nr_jited_ksyms=1 ksym0=0xffffffffc0402e50 ksym1=0x0
[567.220916 pid=12507 tid=12519] BPF_MAP_UPDATE_ELEM prog_array name=sys_enter_init_ map_fd=10 map_id=360 key=226 prog_fd=169 prog_id=198 flags=0 ret=0 errno=0
[567.220999 pid=12507 tid=12519] native-loader jit-info prog_array-target fd=169 id=198 type=17 name=sys_enter_init tag=dcd704af68030f29 jited_len=2179 xlated_len=3648 nr_jited_ksyms=1 ksym0=0xffffffffc0402e50 ksym1=0x0
[567.221091 pid=12507 tid=12519] BPF_MAP_UPDATE_ELEM prog_array name=sys_enter_init_ map_fd=10 map_id=360 key=227 prog_fd=169 prog_id=198 flags=0 ret=0 errno=0
[567.221174 pid=12507 tid=12519] native-loader jit-info prog_array-target fd=169 id=198 type=17 name=sys_enter_init tag=dcd704af68030f29 jited_len=2179 xlated_len=3648 nr_jited_ksyms=1 ksym0=0xffffffffc0402e50 ksym1=0x0
[567.221265 pid=12507 tid=12519] BPF_MAP_UPDATE_ELEM prog_array name=sys_enter_init_ map_fd=10 map_id=360 key=228 prog_fd=169 prog_id=198 flags=0 ret=0 errno=0
[567.221349 pid=12507 tid=12519] native-loader jit-info prog_array-target fd=169 id=198 type=17 name=sys_enter_init tag=dcd704af68030f29 jited_len=2179 xlated_len=3648 nr_jited_ksyms=1 ksym0=0xffffffffc0402e50 ksym1=0x0
[567.221441 pid=12507 tid=12519] BPF_MAP_UPDATE_ELEM prog_array name=sys_enter_init_ map_fd=10 map_id=360 key=229 prog_fd=169 prog_id=198 flags=0 ret=0 errno=0
[567.221523 pid=12507 tid=12519] native-loader jit-info prog_array-target fd=169 id=198 type=17 name=sys_enter_init tag=dcd704af68030f29 jited_len=2179 xlated_len=3648 nr_jited_ksyms=1 ksym0=0xffffffffc0402e50 ksym1=0x0
[567.221616 pid=12507 tid=12519] BPF_MAP_UPDATE_ELEM prog_array name=sys_enter_init_ map_fd=10 map_id=360 key=230 prog_fd=169 prog_id=198 flags=0 ret=0 errno=0
[567.221700 pid=12507 tid=12519] native-loader jit-info prog_array-target fd=169 id=198 type=17 name=sys_enter_init tag=dcd704af68030f29 jited_len=2179 xlated_len=3648 nr_jited_ksyms=1 ksym0=0xffffffffc0402e50 ksym1=0x0
[567.221791 pid=12507 tid=12519] BPF_MAP_UPDATE_ELEM prog_array name=sys_enter_init_ map_fd=10 map_id=360 key=231 prog_fd=169 prog_id=198 flags=0 ret=0 errno=0
[567.221874 pid=12507 tid=12519] native-loader jit-info prog_array-target fd=169 id=198 type=17 name=sys_enter_init tag=dcd704af68030f29 jited_len=2179 xlated_len=3648 nr_jited_ksyms=1 ksym0=0xffffffffc0402e50 ksym1=0x0
[567.221965 pid=12507 tid=12519] BPF_MAP_UPDATE_ELEM prog_array name=sys_enter_init_ map_fd=10 map_id=360 key=232 prog_fd=169 prog_id=198 flags=0 ret=0 errno=0
[567.222048 pid=12507 tid=12519] native-loader jit-info prog_array-target fd=169 id=198 type=17 name=sys_enter_init tag=dcd704af68030f29 jited_len=2179 xlated_len=3648 nr_jited_ksyms=1 ksym0=0xffffffffc0402e50 ksym1=0x0
[567.222141 pid=12507 tid=12519] BPF_MAP_UPDATE_ELEM prog_array name=sys_enter_init_ map_fd=10 map_id=360 key=233 prog_fd=169 prog_id=198 flags=0 ret=0 errno=0
[567.222223 pid=12507 tid=12519] native-loader jit-info prog_array-target fd=169 id=198 type=17 name=sys_enter_init tag=dcd704af68030f29 jited_len=2179 xlated_len=3648 nr_jited_ksyms=1 ksym0=0xffffffffc0402e50 ksym1=0x0
[567.222314 pid=12507 tid=12519] BPF_MAP_UPDATE_ELEM prog_array name=sys_enter_init_ map_fd=10 map_id=360 key=234 prog_fd=169 prog_id=198 flags=0 ret=0 errno=0
[567.222397 pid=12507 tid=12519] native-loader jit-info prog_array-target fd=169 id=198 type=17 name=sys_enter_init tag=dcd704af68030f29 jited_len=2179 xlated_len=3648 nr_jited_ksyms=1 ksym0=0xffffffffc0402e50 ksym1=0x0
[567.222488 pid=12507 tid=12519] BPF_MAP_UPDATE_ELEM prog_array name=sys_enter_init_ map_fd=10 map_id=360 key=235 prog_fd=169 prog_id=198 flags=0 ret=0 errno=0
[567.222572 pid=12507 tid=12519] native-loader jit-info prog_array-target fd=169 id=198 type=17 name=sys_enter_init tag=dcd704af68030f29 jited_len=2179 xlated_len=3648 nr_jited_ksyms=1 ksym0=0xffffffffc0402e50 ksym1=0x0
[567.222663 pid=12507 tid=12519] BPF_MAP_UPDATE_ELEM prog_array name=sys_enter_init_ map_fd=10 map_id=360 key=236 prog_fd=169 prog_id=198 flags=0 ret=0 errno=0
[567.222746 pid=12507 tid=12519] native-loader jit-info prog_array-target fd=169 id=198 type=17 name=sys_enter_init tag=dcd704af68030f29 jited_len=2179 xlated_len=3648 nr_jited_ksyms=1 ksym0=0xffffffffc0402e50 ksym1=0x0
[567.222837 pid=12507 tid=12519] BPF_MAP_UPDATE_ELEM prog_array name=sys_enter_init_ map_fd=10 map_id=360 key=237 prog_fd=169 prog_id=198 flags=0 ret=0 errno=0
[567.222921 pid=12507 tid=12519] native-loader jit-info prog_array-target fd=169 id=198 type=17 name=sys_enter_init tag=dcd704af68030f29 jited_len=2179 xlated_len=3648 nr_jited_ksyms=1 ksym0=0xffffffffc0402e50 ksym1=0x0
[567.223013 pid=12507 tid=12519] BPF_MAP_UPDATE_ELEM prog_array name=sys_enter_init_ map_fd=10 map_id=360 key=238 prog_fd=169 prog_id=198 flags=0 ret=0 errno=0
[567.223098 pid=12507 tid=12519] native-loader jit-info prog_array-target fd=169 id=198 type=17 name=sys_enter_init tag=dcd704af68030f29 jited_len=2179 xlated_len=3648 nr_jited_ksyms=1 ksym0=0xffffffffc0402e50 ksym1=0x0
[567.223188 pid=12507 tid=12519] BPF_MAP_UPDATE_ELEM prog_array name=sys_enter_init_ map_fd=10 map_id=360 key=239 prog_fd=169 prog_id=198 flags=0 ret=0 errno=0
[567.223271 pid=12507 tid=12519] native-loader jit-info prog_array-target fd=169 id=198 type=17 name=sys_enter_init tag=dcd704af68030f29 jited_len=2179 xlated_len=3648 nr_jited_ksyms=1 ksym0=0xffffffffc0402e50 ksym1=0x0
[567.223362 pid=12507 tid=12519] BPF_MAP_UPDATE_ELEM prog_array name=sys_enter_init_ map_fd=10 map_id=360 key=240 prog_fd=169 prog_id=198 flags=0 ret=0 errno=0
[567.223445 pid=12507 tid=12519] native-loader jit-info prog_array-target fd=169 id=198 type=17 name=sys_enter_init tag=dcd704af68030f29 jited_len=2179 xlated_len=3648 nr_jited_ksyms=1 ksym0=0xffffffffc0402e50 ksym1=0x0
[567.223537 pid=12507 tid=12519] BPF_MAP_UPDATE_ELEM prog_array name=sys_enter_init_ map_fd=10 map_id=360 key=241 prog_fd=169 prog_id=198 flags=0 ret=0 errno=0
[567.223619 pid=12507 tid=12519] native-loader jit-info prog_array-target fd=169 id=198 type=17 name=sys_enter_init tag=dcd704af68030f29 jited_len=2179 xlated_len=3648 nr_jited_ksyms=1 ksym0=0xffffffffc0402e50 ksym1=0x0
[567.223710 pid=12507 tid=12519] BPF_MAP_UPDATE_ELEM prog_array name=sys_enter_init_ map_fd=10 map_id=360 key=242 prog_fd=169 prog_id=198 flags=0 ret=0 errno=0
[567.223793 pid=12507 tid=12519] native-loader jit-info prog_array-target fd=169 id=198 type=17 name=sys_enter_init tag=dcd704af68030f29 jited_len=2179 xlated_len=3648 nr_jited_ksyms=1 ksym0=0xffffffffc0402e50 ksym1=0x0
[567.223883 pid=12507 tid=12519] BPF_MAP_UPDATE_ELEM prog_array name=sys_enter_init_ map_fd=10 map_id=360 key=243 prog_fd=169 prog_id=198 flags=0 ret=0 errno=0
[567.223966 pid=12507 tid=12519] native-loader jit-info prog_array-target fd=169 id=198 type=17 name=sys_enter_init tag=dcd704af68030f29 jited_len=2179 xlated_len=3648 nr_jited_ksyms=1 ksym0=0xffffffffc0402e50 ksym1=0x0
[567.224057 pid=12507 tid=12519] BPF_MAP_UPDATE_ELEM prog_array name=sys_enter_init_ map_fd=10 map_id=360 key=244 prog_fd=169 prog_id=198 flags=0 ret=0 errno=0
[567.224141 pid=12507 tid=12519] native-loader jit-info prog_array-target fd=169 id=198 type=17 name=sys_enter_init tag=dcd704af68030f29 jited_len=2179 xlated_len=3648 nr_jited_ksyms=1 ksym0=0xffffffffc0402e50 ksym1=0x0
[567.224232 pid=12507 tid=12519] BPF_MAP_UPDATE_ELEM prog_array name=sys_enter_init_ map_fd=10 map_id=360 key=245 prog_fd=169 prog_id=198 flags=0 ret=0 errno=0
[567.224315 pid=12507 tid=12519] native-loader jit-info prog_array-target fd=169 id=198 type=17 name=sys_enter_init tag=dcd704af68030f29 jited_len=2179 xlated_len=3648 nr_jited_ksyms=1 ksym0=0xffffffffc0402e50 ksym1=0x0
[567.224406 pid=12507 tid=12519] BPF_MAP_UPDATE_ELEM prog_array name=sys_enter_init_ map_fd=10 map_id=360 key=246 prog_fd=169 prog_id=198 flags=0 ret=0 errno=0
[567.224490 pid=12507 tid=12519] native-loader jit-info prog_array-target fd=169 id=198 type=17 name=sys_enter_init tag=dcd704af68030f29 jited_len=2179 xlated_len=3648 nr_jited_ksyms=1 ksym0=0xffffffffc0402e50 ksym1=0x0
[567.224582 pid=12507 tid=12519] BPF_MAP_UPDATE_ELEM prog_array name=sys_enter_init_ map_fd=10 map_id=360 key=247 prog_fd=169 prog_id=198 flags=0 ret=0 errno=0
[567.224664 pid=12507 tid=12519] native-loader jit-info prog_array-target fd=169 id=198 type=17 name=sys_enter_init tag=dcd704af68030f29 jited_len=2179 xlated_len=3648 nr_jited_ksyms=1 ksym0=0xffffffffc0402e50 ksym1=0x0
[567.224755 pid=12507 tid=12519] BPF_MAP_UPDATE_ELEM prog_array name=sys_enter_init_ map_fd=10 map_id=360 key=248 prog_fd=169 prog_id=198 flags=0 ret=0 errno=0
[567.224838 pid=12507 tid=12519] native-loader jit-info prog_array-target fd=169 id=198 type=17 name=sys_enter_init tag=dcd704af68030f29 jited_len=2179 xlated_len=3648 nr_jited_ksyms=1 ksym0=0xffffffffc0402e50 ksym1=0x0
[567.224929 pid=12507 tid=12519] BPF_MAP_UPDATE_ELEM prog_array name=sys_enter_init_ map_fd=10 map_id=360 key=249 prog_fd=169 prog_id=198 flags=0 ret=0 errno=0
[567.225012 pid=12507 tid=12519] native-loader jit-info prog_array-target fd=169 id=198 type=17 name=sys_enter_init tag=dcd704af68030f29 jited_len=2179 xlated_len=3648 nr_jited_ksyms=1 ksym0=0xffffffffc0402e50 ksym1=0x0
[567.225105 pid=12507 tid=12519] BPF_MAP_UPDATE_ELEM prog_array name=sys_enter_init_ map_fd=10 map_id=360 key=250 prog_fd=169 prog_id=198 flags=0 ret=0 errno=0
[567.225188 pid=12507 tid=12519] native-loader jit-info prog_array-target fd=169 id=198 type=17 name=sys_enter_init tag=dcd704af68030f29 jited_len=2179 xlated_len=3648 nr_jited_ksyms=1 ksym0=0xffffffffc0402e50 ksym1=0x0
[567.225278 pid=12507 tid=12519] BPF_MAP_UPDATE_ELEM prog_array name=sys_enter_init_ map_fd=10 map_id=360 key=251 prog_fd=169 prog_id=198 flags=0 ret=0 errno=0
[567.225361 pid=12507 tid=12519] native-loader jit-info prog_array-target fd=169 id=198 type=17 name=sys_enter_init tag=dcd704af68030f29 jited_len=2179 xlated_len=3648 nr_jited_ksyms=1 ksym0=0xffffffffc0402e50 ksym1=0x0
[567.225453 pid=12507 tid=12519] BPF_MAP_UPDATE_ELEM prog_array name=sys_enter_init_ map_fd=10 map_id=360 key=252 prog_fd=169 prog_id=198 flags=0 ret=0 errno=0
[567.225535 pid=12507 tid=12519] native-loader jit-info prog_array-target fd=169 id=198 type=17 name=sys_enter_init tag=dcd704af68030f29 jited_len=2179 xlated_len=3648 nr_jited_ksyms=1 ksym0=0xffffffffc0402e50 ksym1=0x0
[567.225626 pid=12507 tid=12519] BPF_MAP_UPDATE_ELEM prog_array name=sys_enter_init_ map_fd=10 map_id=360 key=253 prog_fd=169 prog_id=198 flags=0 ret=0 errno=0
[567.225708 pid=12507 tid=12519] native-loader jit-info prog_array-target fd=169 id=198 type=17 name=sys_enter_init tag=dcd704af68030f29 jited_len=2179 xlated_len=3648 nr_jited_ksyms=1 ksym0=0xffffffffc0402e50 ksym1=0x0
[567.225799 pid=12507 tid=12519] BPF_MAP_UPDATE_ELEM prog_array name=sys_enter_init_ map_fd=10 map_id=360 key=254 prog_fd=169 prog_id=198 flags=0 ret=0 errno=0
[567.225883 pid=12507 tid=12519] native-loader jit-info prog_array-target fd=169 id=198 type=17 name=sys_enter_init tag=dcd704af68030f29 jited_len=2179 xlated_len=3648 nr_jited_ksyms=1 ksym0=0xffffffffc0402e50 ksym1=0x0
[567.225974 pid=12507 tid=12519] BPF_MAP_UPDATE_ELEM prog_array name=sys_enter_init_ map_fd=10 map_id=360 key=255 prog_fd=169 prog_id=198 flags=0 ret=0 errno=0
[567.226056 pid=12507 tid=12519] native-loader jit-info prog_array-target fd=169 id=198 type=17 name=sys_enter_init tag=dcd704af68030f29 jited_len=2179 xlated_len=3648 nr_jited_ksyms=1 ksym0=0xffffffffc0402e50 ksym1=0x0
[567.226149 pid=12507 tid=12519] BPF_MAP_UPDATE_ELEM prog_array name=sys_enter_init_ map_fd=10 map_id=360 key=256 prog_fd=169 prog_id=198 flags=0 ret=0 errno=0
[567.226231 pid=12507 tid=12519] native-loader jit-info prog_array-target fd=169 id=198 type=17 name=sys_enter_init tag=dcd704af68030f29 jited_len=2179 xlated_len=3648 nr_jited_ksyms=1 ksym0=0xffffffffc0402e50 ksym1=0x0
[567.226323 pid=12507 tid=12519] BPF_MAP_UPDATE_ELEM prog_array name=sys_enter_init_ map_fd=10 map_id=360 key=257 prog_fd=169 prog_id=198 flags=0 ret=0 errno=0
[567.226406 pid=12507 tid=12519] native-loader jit-info prog_array-target fd=169 id=198 type=17 name=sys_enter_init tag=dcd704af68030f29 jited_len=2179 xlated_len=3648 nr_jited_ksyms=1 ksym0=0xffffffffc0402e50 ksym1=0x0
[567.226497 pid=12507 tid=12519] BPF_MAP_UPDATE_ELEM prog_array name=sys_enter_init_ map_fd=10 map_id=360 key=258 prog_fd=169 prog_id=198 flags=0 ret=0 errno=0
[567.226579 pid=12507 tid=12519] native-loader jit-info prog_array-target fd=169 id=198 type=17 name=sys_enter_init tag=dcd704af68030f29 jited_len=2179 xlated_len=3648 nr_jited_ksyms=1 ksym0=0xffffffffc0402e50 ksym1=0x0
[567.226670 pid=12507 tid=12519] BPF_MAP_UPDATE_ELEM prog_array name=sys_enter_init_ map_fd=10 map_id=360 key=259 prog_fd=169 prog_id=198 flags=0 ret=0 errno=0
[567.226753 pid=12507 tid=12519] native-loader jit-info prog_array-target fd=169 id=198 type=17 name=sys_enter_init tag=dcd704af68030f29 jited_len=2179 xlated_len=3648 nr_jited_ksyms=1 ksym0=0xffffffffc0402e50 ksym1=0x0
[567.226844 pid=12507 tid=12519] BPF_MAP_UPDATE_ELEM prog_array name=sys_enter_init_ map_fd=10 map_id=360 key=260 prog_fd=169 prog_id=198 flags=0 ret=0 errno=0
[567.226926 pid=12507 tid=12519] native-loader jit-info prog_array-target fd=169 id=198 type=17 name=sys_enter_init tag=dcd704af68030f29 jited_len=2179 xlated_len=3648 nr_jited_ksyms=1 ksym0=0xffffffffc0402e50 ksym1=0x0
[567.227018 pid=12507 tid=12519] BPF_MAP_UPDATE_ELEM prog_array name=sys_enter_init_ map_fd=10 map_id=360 key=261 prog_fd=169 prog_id=198 flags=0 ret=0 errno=0
[567.227104 pid=12507 tid=12519] native-loader jit-info prog_array-target fd=169 id=198 type=17 name=sys_enter_init tag=dcd704af68030f29 jited_len=2179 xlated_len=3648 nr_jited_ksyms=1 ksym0=0xffffffffc0402e50 ksym1=0x0
[567.227195 pid=12507 tid=12519] BPF_MAP_UPDATE_ELEM prog_array name=sys_enter_init_ map_fd=10 map_id=360 key=262 prog_fd=169 prog_id=198 flags=0 ret=0 errno=0
[567.227278 pid=12507 tid=12519] native-loader jit-info prog_array-target fd=169 id=198 type=17 name=sys_enter_init tag=dcd704af68030f29 jited_len=2179 xlated_len=3648 nr_jited_ksyms=1 ksym0=0xffffffffc0402e50 ksym1=0x0
[567.227369 pid=12507 tid=12519] BPF_MAP_UPDATE_ELEM prog_array name=sys_enter_init_ map_fd=10 map_id=360 key=263 prog_fd=169 prog_id=198 flags=0 ret=0 errno=0
[567.227452 pid=12507 tid=12519] native-loader jit-info prog_array-target fd=169 id=198 type=17 name=sys_enter_init tag=dcd704af68030f29 jited_len=2179 xlated_len=3648 nr_jited_ksyms=1 ksym0=0xffffffffc0402e50 ksym1=0x0
[567.227543 pid=12507 tid=12519] BPF_MAP_UPDATE_ELEM prog_array name=sys_enter_init_ map_fd=10 map_id=360 key=264 prog_fd=169 prog_id=198 flags=0 ret=0 errno=0
[567.227625 pid=12507 tid=12519] native-loader jit-info prog_array-target fd=169 id=198 type=17 name=sys_enter_init tag=dcd704af68030f29 jited_len=2179 xlated_len=3648 nr_jited_ksyms=1 ksym0=0xffffffffc0402e50 ksym1=0x0
[567.227716 pid=12507 tid=12519] BPF_MAP_UPDATE_ELEM prog_array name=sys_enter_init_ map_fd=10 map_id=360 key=265 prog_fd=169 prog_id=198 flags=0 ret=0 errno=0
[567.227799 pid=12507 tid=12519] native-loader jit-info prog_array-target fd=169 id=198 type=17 name=sys_enter_init tag=dcd704af68030f29 jited_len=2179 xlated_len=3648 nr_jited_ksyms=1 ksym0=0xffffffffc0402e50 ksym1=0x0
[567.227893 pid=12507 tid=12519] BPF_MAP_UPDATE_ELEM prog_array name=sys_enter_init_ map_fd=10 map_id=360 key=266 prog_fd=169 prog_id=198 flags=0 ret=0 errno=0
[567.227973 pid=12507 tid=12519] native-loader jit-info prog_array-target fd=169 id=198 type=17 name=sys_enter_init tag=dcd704af68030f29 jited_len=2179 xlated_len=3648 nr_jited_ksyms=1 ksym0=0xffffffffc0402e50 ksym1=0x0
[567.228067 pid=12507 tid=12519] BPF_MAP_UPDATE_ELEM prog_array name=sys_enter_init_ map_fd=10 map_id=360 key=267 prog_fd=169 prog_id=198 flags=0 ret=0 errno=0
[567.228149 pid=12507 tid=12519] native-loader jit-info prog_array-target fd=169 id=198 type=17 name=sys_enter_init tag=dcd704af68030f29 jited_len=2179 xlated_len=3648 nr_jited_ksyms=1 ksym0=0xffffffffc0402e50 ksym1=0x0
[567.228240 pid=12507 tid=12519] BPF_MAP_UPDATE_ELEM prog_array name=sys_enter_init_ map_fd=10 map_id=360 key=268 prog_fd=169 prog_id=198 flags=0 ret=0 errno=0
[567.228294 pid=12507 tid=12519] native-loader jit-info prog_array-target fd=169 id=198 type=17 name=sys_enter_init tag=dcd704af68030f29 jited_len=2179 xlated_len=3648 nr_jited_ksyms=1 ksym0=0xffffffffc0402e50 ksym1=0x0
[567.228386 pid=12507 tid=12519] BPF_MAP_UPDATE_ELEM prog_array name=sys_enter_init_ map_fd=10 map_id=360 key=269 prog_fd=169 prog_id=198 flags=0 ret=0 errno=0
[567.228440 pid=12507 tid=12519] native-loader jit-info prog_array-target fd=169 id=198 type=17 name=sys_enter_init tag=dcd704af68030f29 jited_len=2179 xlated_len=3648 nr_jited_ksyms=1 ksym0=0xffffffffc0402e50 ksym1=0x0
[567.228531 pid=12507 tid=12519] BPF_MAP_UPDATE_ELEM prog_array name=sys_enter_init_ map_fd=10 map_id=360 key=270 prog_fd=169 prog_id=198 flags=0 ret=0 errno=0
[567.228585 pid=12507 tid=12519] native-loader jit-info prog_array-target fd=169 id=198 type=17 name=sys_enter_init tag=dcd704af68030f29 jited_len=2179 xlated_len=3648 nr_jited_ksyms=1 ksym0=0xffffffffc0402e50 ksym1=0x0
[567.228677 pid=12507 tid=12519] BPF_MAP_UPDATE_ELEM prog_array name=sys_enter_init_ map_fd=10 map_id=360 key=271 prog_fd=169 prog_id=198 flags=0 ret=0 errno=0
[567.228760 pid=12507 tid=12519] native-loader jit-info prog_array-target fd=169 id=198 type=17 name=sys_enter_init tag=dcd704af68030f29 jited_len=2179 xlated_len=3648 nr_jited_ksyms=1 ksym0=0xffffffffc0402e50 ksym1=0x0
[567.228850 pid=12507 tid=12519] BPF_MAP_UPDATE_ELEM prog_array name=sys_enter_init_ map_fd=10 map_id=360 key=272 prog_fd=169 prog_id=198 flags=0 ret=0 errno=0
[567.228933 pid=12507 tid=12519] native-loader jit-info prog_array-target fd=169 id=198 type=17 name=sys_enter_init tag=dcd704af68030f29 jited_len=2179 xlated_len=3648 nr_jited_ksyms=1 ksym0=0xffffffffc0402e50 ksym1=0x0
[567.229025 pid=12507 tid=12519] BPF_MAP_UPDATE_ELEM prog_array name=sys_enter_init_ map_fd=10 map_id=360 key=273 prog_fd=169 prog_id=198 flags=0 ret=0 errno=0
[567.229109 pid=12507 tid=12519] native-loader jit-info prog_array-target fd=169 id=198 type=17 name=sys_enter_init tag=dcd704af68030f29 jited_len=2179 xlated_len=3648 nr_jited_ksyms=1 ksym0=0xffffffffc0402e50 ksym1=0x0
[567.229200 pid=12507 tid=12519] BPF_MAP_UPDATE_ELEM prog_array name=sys_enter_init_ map_fd=10 map_id=360 key=274 prog_fd=169 prog_id=198 flags=0 ret=0 errno=0
[567.229284 pid=12507 tid=12519] native-loader jit-info prog_array-target fd=169 id=198 type=17 name=sys_enter_init tag=dcd704af68030f29 jited_len=2179 xlated_len=3648 nr_jited_ksyms=1 ksym0=0xffffffffc0402e50 ksym1=0x0
[567.229376 pid=12507 tid=12519] BPF_MAP_UPDATE_ELEM prog_array name=sys_enter_init_ map_fd=10 map_id=360 key=275 prog_fd=169 prog_id=198 flags=0 ret=0 errno=0
[567.229459 pid=12507 tid=12519] native-loader jit-info prog_array-target fd=169 id=198 type=17 name=sys_enter_init tag=dcd704af68030f29 jited_len=2179 xlated_len=3648 nr_jited_ksyms=1 ksym0=0xffffffffc0402e50 ksym1=0x0
[567.229551 pid=12507 tid=12519] BPF_MAP_UPDATE_ELEM prog_array name=sys_enter_init_ map_fd=10 map_id=360 key=276 prog_fd=169 prog_id=198 flags=0 ret=0 errno=0
[567.229635 pid=12507 tid=12519] native-loader jit-info prog_array-target fd=169 id=198 type=17 name=sys_enter_init tag=dcd704af68030f29 jited_len=2179 xlated_len=3648 nr_jited_ksyms=1 ksym0=0xffffffffc0402e50 ksym1=0x0
[567.229727 pid=12507 tid=12519] BPF_MAP_UPDATE_ELEM prog_array name=sys_enter_init_ map_fd=10 map_id=360 key=277 prog_fd=169 prog_id=198 flags=0 ret=0 errno=0
[567.229807 pid=12507 tid=12519] native-loader jit-info prog_array-target fd=169 id=198 type=17 name=sys_enter_init tag=dcd704af68030f29 jited_len=2179 xlated_len=3648 nr_jited_ksyms=1 ksym0=0xffffffffc0402e50 ksym1=0x0
[567.229898 pid=12507 tid=12519] BPF_MAP_UPDATE_ELEM prog_array name=sys_enter_init_ map_fd=10 map_id=360 key=278 prog_fd=169 prog_id=198 flags=0 ret=0 errno=0
[567.229981 pid=12507 tid=12519] native-loader jit-info prog_array-target fd=169 id=198 type=17 name=sys_enter_init tag=dcd704af68030f29 jited_len=2179 xlated_len=3648 nr_jited_ksyms=1 ksym0=0xffffffffc0402e50 ksym1=0x0
[567.230075 pid=12507 tid=12519] BPF_MAP_UPDATE_ELEM prog_array name=sys_enter_init_ map_fd=10 map_id=360 key=279 prog_fd=169 prog_id=198 flags=0 ret=0 errno=0
[567.230158 pid=12507 tid=12519] native-loader jit-info prog_array-target fd=169 id=198 type=17 name=sys_enter_init tag=dcd704af68030f29 jited_len=2179 xlated_len=3648 nr_jited_ksyms=1 ksym0=0xffffffffc0402e50 ksym1=0x0
[567.230249 pid=12507 tid=12519] BPF_MAP_UPDATE_ELEM prog_array name=sys_enter_init_ map_fd=10 map_id=360 key=280 prog_fd=169 prog_id=198 flags=0 ret=0 errno=0
[567.230331 pid=12507 tid=12519] native-loader jit-info prog_array-target fd=169 id=198 type=17 name=sys_enter_init tag=dcd704af68030f29 jited_len=2179 xlated_len=3648 nr_jited_ksyms=1 ksym0=0xffffffffc0402e50 ksym1=0x0
[567.230423 pid=12507 tid=12519] BPF_MAP_UPDATE_ELEM prog_array name=sys_enter_init_ map_fd=10 map_id=360 key=281 prog_fd=169 prog_id=198 flags=0 ret=0 errno=0
[567.230505 pid=12507 tid=12519] native-loader jit-info prog_array-target fd=169 id=198 type=17 name=sys_enter_init tag=dcd704af68030f29 jited_len=2179 xlated_len=3648 nr_jited_ksyms=1 ksym0=0xffffffffc0402e50 ksym1=0x0
[567.230597 pid=12507 tid=12519] BPF_MAP_UPDATE_ELEM prog_array name=sys_enter_init_ map_fd=10 map_id=360 key=282 prog_fd=169 prog_id=198 flags=0 ret=0 errno=0
[567.230679 pid=12507 tid=12519] native-loader jit-info prog_array-target fd=169 id=198 type=17 name=sys_enter_init tag=dcd704af68030f29 jited_len=2179 xlated_len=3648 nr_jited_ksyms=1 ksym0=0xffffffffc0402e50 ksym1=0x0
[567.230770 pid=12507 tid=12519] BPF_MAP_UPDATE_ELEM prog_array name=sys_enter_init_ map_fd=10 map_id=360 key=283 prog_fd=169 prog_id=198 flags=0 ret=0 errno=0
[567.230852 pid=12507 tid=12519] native-loader jit-info prog_array-target fd=169 id=198 type=17 name=sys_enter_init tag=dcd704af68030f29 jited_len=2179 xlated_len=3648 nr_jited_ksyms=1 ksym0=0xffffffffc0402e50 ksym1=0x0
[567.230943 pid=12507 tid=12519] BPF_MAP_UPDATE_ELEM prog_array name=sys_enter_init_ map_fd=10 map_id=360 key=284 prog_fd=169 prog_id=198 flags=0 ret=0 errno=0
[567.231026 pid=12507 tid=12519] native-loader jit-info prog_array-target fd=169 id=198 type=17 name=sys_enter_init tag=dcd704af68030f29 jited_len=2179 xlated_len=3648 nr_jited_ksyms=1 ksym0=0xffffffffc0402e50 ksym1=0x0
[567.231119 pid=12507 tid=12519] BPF_MAP_UPDATE_ELEM prog_array name=sys_enter_init_ map_fd=10 map_id=360 key=285 prog_fd=169 prog_id=198 flags=0 ret=0 errno=0
[567.231202 pid=12507 tid=12519] native-loader jit-info prog_array-target fd=169 id=198 type=17 name=sys_enter_init tag=dcd704af68030f29 jited_len=2179 xlated_len=3648 nr_jited_ksyms=1 ksym0=0xffffffffc0402e50 ksym1=0x0
[567.231293 pid=12507 tid=12519] BPF_MAP_UPDATE_ELEM prog_array name=sys_enter_init_ map_fd=10 map_id=360 key=286 prog_fd=169 prog_id=198 flags=0 ret=0 errno=0
[567.231375 pid=12507 tid=12519] native-loader jit-info prog_array-target fd=169 id=198 type=17 name=sys_enter_init tag=dcd704af68030f29 jited_len=2179 xlated_len=3648 nr_jited_ksyms=1 ksym0=0xffffffffc0402e50 ksym1=0x0
[567.231466 pid=12507 tid=12519] BPF_MAP_UPDATE_ELEM prog_array name=sys_enter_init_ map_fd=10 map_id=360 key=287 prog_fd=169 prog_id=198 flags=0 ret=0 errno=0
[567.231549 pid=12507 tid=12519] native-loader jit-info prog_array-target fd=169 id=198 type=17 name=sys_enter_init tag=dcd704af68030f29 jited_len=2179 xlated_len=3648 nr_jited_ksyms=1 ksym0=0xffffffffc0402e50 ksym1=0x0
[567.231640 pid=12507 tid=12519] BPF_MAP_UPDATE_ELEM prog_array name=sys_enter_init_ map_fd=10 map_id=360 key=288 prog_fd=169 prog_id=198 flags=0 ret=0 errno=0
[567.231723 pid=12507 tid=12519] native-loader jit-info prog_array-target fd=169 id=198 type=17 name=sys_enter_init tag=dcd704af68030f29 jited_len=2179 xlated_len=3648 nr_jited_ksyms=1 ksym0=0xffffffffc0402e50 ksym1=0x0
[567.231814 pid=12507 tid=12519] BPF_MAP_UPDATE_ELEM prog_array name=sys_enter_init_ map_fd=10 map_id=360 key=289 prog_fd=169 prog_id=198 flags=0 ret=0 errno=0
[567.231897 pid=12507 tid=12519] native-loader jit-info prog_array-target fd=169 id=198 type=17 name=sys_enter_init tag=dcd704af68030f29 jited_len=2179 xlated_len=3648 nr_jited_ksyms=1 ksym0=0xffffffffc0402e50 ksym1=0x0
[567.231990 pid=12507 tid=12519] BPF_MAP_UPDATE_ELEM prog_array name=sys_enter_init_ map_fd=10 map_id=360 key=290 prog_fd=169 prog_id=198 flags=0 ret=0 errno=0
[567.232075 pid=12507 tid=12519] native-loader jit-info prog_array-target fd=169 id=198 type=17 name=sys_enter_init tag=dcd704af68030f29 jited_len=2179 xlated_len=3648 nr_jited_ksyms=1 ksym0=0xffffffffc0402e50 ksym1=0x0
[567.232165 pid=12507 tid=12519] BPF_MAP_UPDATE_ELEM prog_array name=sys_enter_init_ map_fd=10 map_id=360 key=291 prog_fd=169 prog_id=198 flags=0 ret=0 errno=0
[567.232248 pid=12507 tid=12519] native-loader jit-info prog_array-target fd=169 id=198 type=17 name=sys_enter_init tag=dcd704af68030f29 jited_len=2179 xlated_len=3648 nr_jited_ksyms=1 ksym0=0xffffffffc0402e50 ksym1=0x0
[567.232340 pid=12507 tid=12519] BPF_MAP_UPDATE_ELEM prog_array name=sys_enter_init_ map_fd=10 map_id=360 key=293 prog_fd=169 prog_id=198 flags=0 ret=0 errno=0
[567.232423 pid=12507 tid=12519] native-loader jit-info prog_array-target fd=169 id=198 type=17 name=sys_enter_init tag=dcd704af68030f29 jited_len=2179 xlated_len=3648 nr_jited_ksyms=1 ksym0=0xffffffffc0402e50 ksym1=0x0
[567.232514 pid=12507 tid=12519] BPF_MAP_UPDATE_ELEM prog_array name=sys_enter_init_ map_fd=10 map_id=360 key=294 prog_fd=169 prog_id=198 flags=0 ret=0 errno=0
[567.232597 pid=12507 tid=12519] native-loader jit-info prog_array-target fd=169 id=198 type=17 name=sys_enter_init tag=dcd704af68030f29 jited_len=2179 xlated_len=3648 nr_jited_ksyms=1 ksym0=0xffffffffc0402e50 ksym1=0x0
[567.232689 pid=12507 tid=12519] BPF_MAP_UPDATE_ELEM prog_array name=sys_enter_init_ map_fd=10 map_id=360 key=295 prog_fd=169 prog_id=198 flags=0 ret=0 errno=0
[567.232771 pid=12507 tid=12519] native-loader jit-info prog_array-target fd=169 id=198 type=17 name=sys_enter_init tag=dcd704af68030f29 jited_len=2179 xlated_len=3648 nr_jited_ksyms=1 ksym0=0xffffffffc0402e50 ksym1=0x0
[567.232863 pid=12507 tid=12519] BPF_MAP_UPDATE_ELEM prog_array name=sys_enter_init_ map_fd=10 map_id=360 key=296 prog_fd=169 prog_id=198 flags=0 ret=0 errno=0
[567.232946 pid=12507 tid=12519] native-loader jit-info prog_array-target fd=169 id=198 type=17 name=sys_enter_init tag=dcd704af68030f29 jited_len=2179 xlated_len=3648 nr_jited_ksyms=1 ksym0=0xffffffffc0402e50 ksym1=0x0
[567.233037 pid=12507 tid=12519] BPF_MAP_UPDATE_ELEM prog_array name=sys_enter_init_ map_fd=10 map_id=360 key=297 prog_fd=169 prog_id=198 flags=0 ret=0 errno=0
[567.233122 pid=12507 tid=12519] native-loader jit-info prog_array-target fd=169 id=198 type=17 name=sys_enter_init tag=dcd704af68030f29 jited_len=2179 xlated_len=3648 nr_jited_ksyms=1 ksym0=0xffffffffc0402e50 ksym1=0x0
[567.233214 pid=12507 tid=12519] BPF_MAP_UPDATE_ELEM prog_array name=sys_enter_init_ map_fd=10 map_id=360 key=298 prog_fd=169 prog_id=198 flags=0 ret=0 errno=0
[567.233296 pid=12507 tid=12519] native-loader jit-info prog_array-target fd=169 id=198 type=17 name=sys_enter_init tag=dcd704af68030f29 jited_len=2179 xlated_len=3648 nr_jited_ksyms=1 ksym0=0xffffffffc0402e50 ksym1=0x0
[567.233387 pid=12507 tid=12519] BPF_MAP_UPDATE_ELEM prog_array name=sys_enter_init_ map_fd=10 map_id=360 key=299 prog_fd=169 prog_id=198 flags=0 ret=0 errno=0
[567.233469 pid=12507 tid=12519] native-loader jit-info prog_array-target fd=169 id=198 type=17 name=sys_enter_init tag=dcd704af68030f29 jited_len=2179 xlated_len=3648 nr_jited_ksyms=1 ksym0=0xffffffffc0402e50 ksym1=0x0
[567.233561 pid=12507 tid=12519] BPF_MAP_UPDATE_ELEM prog_array name=sys_enter_init_ map_fd=10 map_id=360 key=300 prog_fd=169 prog_id=198 flags=0 ret=0 errno=0
[567.233643 pid=12507 tid=12519] native-loader jit-info prog_array-target fd=169 id=198 type=17 name=sys_enter_init tag=dcd704af68030f29 jited_len=2179 xlated_len=3648 nr_jited_ksyms=1 ksym0=0xffffffffc0402e50 ksym1=0x0
[567.233734 pid=12507 tid=12519] BPF_MAP_UPDATE_ELEM prog_array name=sys_enter_init_ map_fd=10 map_id=360 key=301 prog_fd=169 prog_id=198 flags=0 ret=0 errno=0
[567.233817 pid=12507 tid=12519] native-loader jit-info prog_array-target fd=169 id=198 type=17 name=sys_enter_init tag=dcd704af68030f29 jited_len=2179 xlated_len=3648 nr_jited_ksyms=1 ksym0=0xffffffffc0402e50 ksym1=0x0
[567.233909 pid=12507 tid=12519] BPF_MAP_UPDATE_ELEM prog_array name=sys_enter_init_ map_fd=10 map_id=360 key=302 prog_fd=169 prog_id=198 flags=0 ret=0 errno=0
[567.233991 pid=12507 tid=12519] native-loader jit-info prog_array-target fd=169 id=198 type=17 name=sys_enter_init tag=dcd704af68030f29 jited_len=2179 xlated_len=3648 nr_jited_ksyms=1 ksym0=0xffffffffc0402e50 ksym1=0x0
[567.234085 pid=12507 tid=12519] BPF_MAP_UPDATE_ELEM prog_array name=sys_enter_init_ map_fd=10 map_id=360 key=303 prog_fd=169 prog_id=198 flags=0 ret=0 errno=0
[567.234168 pid=12507 tid=12519] native-loader jit-info prog_array-target fd=169 id=198 type=17 name=sys_enter_init tag=dcd704af68030f29 jited_len=2179 xlated_len=3648 nr_jited_ksyms=1 ksym0=0xffffffffc0402e50 ksym1=0x0
[567.234259 pid=12507 tid=12519] BPF_MAP_UPDATE_ELEM prog_array name=sys_enter_init_ map_fd=10 map_id=360 key=304 prog_fd=169 prog_id=198 flags=0 ret=0 errno=0
[567.234342 pid=12507 tid=12519] native-loader jit-info prog_array-target fd=169 id=198 type=17 name=sys_enter_init tag=dcd704af68030f29 jited_len=2179 xlated_len=3648 nr_jited_ksyms=1 ksym0=0xffffffffc0402e50 ksym1=0x0
[567.234434 pid=12507 tid=12519] BPF_MAP_UPDATE_ELEM prog_array name=sys_enter_init_ map_fd=10 map_id=360 key=305 prog_fd=169 prog_id=198 flags=0 ret=0 errno=0
[567.234516 pid=12507 tid=12519] native-loader jit-info prog_array-target fd=169 id=198 type=17 name=sys_enter_init tag=dcd704af68030f29 jited_len=2179 xlated_len=3648 nr_jited_ksyms=1 ksym0=0xffffffffc0402e50 ksym1=0x0
[567.234607 pid=12507 tid=12519] BPF_MAP_UPDATE_ELEM prog_array name=sys_enter_init_ map_fd=10 map_id=360 key=306 prog_fd=169 prog_id=198 flags=0 ret=0 errno=0
[567.234690 pid=12507 tid=12519] native-loader jit-info prog_array-target fd=169 id=198 type=17 name=sys_enter_init tag=dcd704af68030f29 jited_len=2179 xlated_len=3648 nr_jited_ksyms=1 ksym0=0xffffffffc0402e50 ksym1=0x0
[567.234781 pid=12507 tid=12519] BPF_MAP_UPDATE_ELEM prog_array name=sys_enter_init_ map_fd=10 map_id=360 key=307 prog_fd=169 prog_id=198 flags=0 ret=0 errno=0
[567.234863 pid=12507 tid=12519] native-loader jit-info prog_array-target fd=169 id=198 type=17 name=sys_enter_init tag=dcd704af68030f29 jited_len=2179 xlated_len=3648 nr_jited_ksyms=1 ksym0=0xffffffffc0402e50 ksym1=0x0
[567.234955 pid=12507 tid=12519] BPF_MAP_UPDATE_ELEM prog_array name=sys_enter_init_ map_fd=10 map_id=360 key=308 prog_fd=169 prog_id=198 flags=0 ret=0 errno=0
[567.235038 pid=12507 tid=12519] native-loader jit-info prog_array-target fd=169 id=198 type=17 name=sys_enter_init tag=dcd704af68030f29 jited_len=2179 xlated_len=3648 nr_jited_ksyms=1 ksym0=0xffffffffc0402e50 ksym1=0x0
[567.235131 pid=12507 tid=12519] BPF_MAP_UPDATE_ELEM prog_array name=sys_enter_init_ map_fd=10 map_id=360 key=309 prog_fd=169 prog_id=198 flags=0 ret=0 errno=0
[567.235213 pid=12507 tid=12519] native-loader jit-info prog_array-target fd=169 id=198 type=17 name=sys_enter_init tag=dcd704af68030f29 jited_len=2179 xlated_len=3648 nr_jited_ksyms=1 ksym0=0xffffffffc0402e50 ksym1=0x0
[567.235305 pid=12507 tid=12519] BPF_MAP_UPDATE_ELEM prog_array name=sys_enter_init_ map_fd=10 map_id=360 key=310 prog_fd=169 prog_id=198 flags=0 ret=0 errno=0
[567.235388 pid=12507 tid=12519] native-loader jit-info prog_array-target fd=169 id=198 type=17 name=sys_enter_init tag=dcd704af68030f29 jited_len=2179 xlated_len=3648 nr_jited_ksyms=1 ksym0=0xffffffffc0402e50 ksym1=0x0
[567.235479 pid=12507 tid=12519] BPF_MAP_UPDATE_ELEM prog_array name=sys_enter_init_ map_fd=10 map_id=360 key=312 prog_fd=169 prog_id=198 flags=0 ret=0 errno=0
[567.235561 pid=12507 tid=12519] native-loader jit-info prog_array-target fd=169 id=198 type=17 name=sys_enter_init tag=dcd704af68030f29 jited_len=2179 xlated_len=3648 nr_jited_ksyms=1 ksym0=0xffffffffc0402e50 ksym1=0x0
[567.235652 pid=12507 tid=12519] BPF_MAP_UPDATE_ELEM prog_array name=sys_enter_init_ map_fd=10 map_id=360 key=313 prog_fd=169 prog_id=198 flags=0 ret=0 errno=0
[567.235735 pid=12507 tid=12519] native-loader jit-info prog_array-target fd=169 id=198 type=17 name=sys_enter_init tag=dcd704af68030f29 jited_len=2179 xlated_len=3648 nr_jited_ksyms=1 ksym0=0xffffffffc0402e50 ksym1=0x0
[567.235827 pid=12507 tid=12519] BPF_MAP_UPDATE_ELEM prog_array name=sys_enter_init_ map_fd=10 map_id=360 key=314 prog_fd=169 prog_id=198 flags=0 ret=0 errno=0
[567.235909 pid=12507 tid=12519] native-loader jit-info prog_array-target fd=169 id=198 type=17 name=sys_enter_init tag=dcd704af68030f29 jited_len=2179 xlated_len=3648 nr_jited_ksyms=1 ksym0=0xffffffffc0402e50 ksym1=0x0
[567.236001 pid=12507 tid=12519] BPF_MAP_UPDATE_ELEM prog_array name=sys_enter_init_ map_fd=10 map_id=360 key=315 prog_fd=169 prog_id=198 flags=0 ret=0 errno=0
[567.236086 pid=12507 tid=12519] native-loader jit-info prog_array-target fd=169 id=198 type=17 name=sys_enter_init tag=dcd704af68030f29 jited_len=2179 xlated_len=3648 nr_jited_ksyms=1 ksym0=0xffffffffc0402e50 ksym1=0x0
[567.236178 pid=12507 tid=12519] BPF_MAP_UPDATE_ELEM prog_array name=sys_enter_init_ map_fd=10 map_id=360 key=316 prog_fd=169 prog_id=198 flags=0 ret=0 errno=0
[567.236261 pid=12507 tid=12519] native-loader jit-info prog_array-target fd=169 id=198 type=17 name=sys_enter_init tag=dcd704af68030f29 jited_len=2179 xlated_len=3648 nr_jited_ksyms=1 ksym0=0xffffffffc0402e50 ksym1=0x0
[567.236352 pid=12507 tid=12519] BPF_MAP_UPDATE_ELEM prog_array name=sys_enter_init_ map_fd=10 map_id=360 key=317 prog_fd=169 prog_id=198 flags=0 ret=0 errno=0
[567.236436 pid=12507 tid=12519] native-loader jit-info prog_array-target fd=169 id=198 type=17 name=sys_enter_init tag=dcd704af68030f29 jited_len=2179 xlated_len=3648 nr_jited_ksyms=1 ksym0=0xffffffffc0402e50 ksym1=0x0
[567.236528 pid=12507 tid=12519] BPF_MAP_UPDATE_ELEM prog_array name=sys_enter_init_ map_fd=10 map_id=360 key=318 prog_fd=169 prog_id=198 flags=0 ret=0 errno=0
[567.236609 pid=12507 tid=12519] native-loader jit-info prog_array-target fd=169 id=198 type=17 name=sys_enter_init tag=dcd704af68030f29 jited_len=2179 xlated_len=3648 nr_jited_ksyms=1 ksym0=0xffffffffc0402e50 ksym1=0x0
[567.236701 pid=12507 tid=12519] BPF_MAP_UPDATE_ELEM prog_array name=sys_enter_init_ map_fd=10 map_id=360 key=319 prog_fd=169 prog_id=198 flags=0 ret=0 errno=0
[567.236784 pid=12507 tid=12519] native-loader jit-info prog_array-target fd=169 id=198 type=17 name=sys_enter_init tag=dcd704af68030f29 jited_len=2179 xlated_len=3648 nr_jited_ksyms=1 ksym0=0xffffffffc0402e50 ksym1=0x0
[567.236876 pid=12507 tid=12519] BPF_MAP_UPDATE_ELEM prog_array name=sys_enter_init_ map_fd=10 map_id=360 key=320 prog_fd=169 prog_id=198 flags=0 ret=0 errno=0
[567.236959 pid=12507 tid=12519] native-loader jit-info prog_array-target fd=169 id=198 type=17 name=sys_enter_init tag=dcd704af68030f29 jited_len=2179 xlated_len=3648 nr_jited_ksyms=1 ksym0=0xffffffffc0402e50 ksym1=0x0
[567.237051 pid=12507 tid=12519] BPF_MAP_UPDATE_ELEM prog_array name=sys_enter_init_ map_fd=10 map_id=360 key=321 prog_fd=169 prog_id=198 flags=0 ret=0 errno=0
[567.237135 pid=12507 tid=12519] native-loader jit-info prog_array-target fd=169 id=198 type=17 name=sys_enter_init tag=dcd704af68030f29 jited_len=2179 xlated_len=3648 nr_jited_ksyms=1 ksym0=0xffffffffc0402e50 ksym1=0x0
[567.237227 pid=12507 tid=12519] BPF_MAP_UPDATE_ELEM prog_array name=sys_enter_init_ map_fd=10 map_id=360 key=322 prog_fd=169 prog_id=198 flags=0 ret=0 errno=0
[567.237309 pid=12507 tid=12519] native-loader jit-info prog_array-target fd=169 id=198 type=17 name=sys_enter_init tag=dcd704af68030f29 jited_len=2179 xlated_len=3648 nr_jited_ksyms=1 ksym0=0xffffffffc0402e50 ksym1=0x0
[567.237401 pid=12507 tid=12519] BPF_MAP_UPDATE_ELEM prog_array name=sys_enter_init_ map_fd=10 map_id=360 key=323 prog_fd=169 prog_id=198 flags=0 ret=0 errno=0
[567.237483 pid=12507 tid=12519] native-loader jit-info prog_array-target fd=169 id=198 type=17 name=sys_enter_init tag=dcd704af68030f29 jited_len=2179 xlated_len=3648 nr_jited_ksyms=1 ksym0=0xffffffffc0402e50 ksym1=0x0
[567.237575 pid=12507 tid=12519] BPF_MAP_UPDATE_ELEM prog_array name=sys_enter_init_ map_fd=10 map_id=360 key=324 prog_fd=169 prog_id=198 flags=0 ret=0 errno=0
[567.237657 pid=12507 tid=12519] native-loader jit-info prog_array-target fd=169 id=198 type=17 name=sys_enter_init tag=dcd704af68030f29 jited_len=2179 xlated_len=3648 nr_jited_ksyms=1 ksym0=0xffffffffc0402e50 ksym1=0x0
[567.237748 pid=12507 tid=12519] BPF_MAP_UPDATE_ELEM prog_array name=sys_enter_init_ map_fd=10 map_id=360 key=325 prog_fd=169 prog_id=198 flags=0 ret=0 errno=0
[567.237830 pid=12507 tid=12519] native-loader jit-info prog_array-target fd=169 id=198 type=17 name=sys_enter_init tag=dcd704af68030f29 jited_len=2179 xlated_len=3648 nr_jited_ksyms=1 ksym0=0xffffffffc0402e50 ksym1=0x0
[567.237922 pid=12507 tid=12519] BPF_MAP_UPDATE_ELEM prog_array name=sys_enter_init_ map_fd=10 map_id=360 key=326 prog_fd=169 prog_id=198 flags=0 ret=0 errno=0
[567.238004 pid=12507 tid=12519] native-loader jit-info prog_array-target fd=169 id=198 type=17 name=sys_enter_init tag=dcd704af68030f29 jited_len=2179 xlated_len=3648 nr_jited_ksyms=1 ksym0=0xffffffffc0402e50 ksym1=0x0
[567.238097 pid=12507 tid=12519] BPF_MAP_UPDATE_ELEM prog_array name=sys_enter_init_ map_fd=10 map_id=360 key=327 prog_fd=169 prog_id=198 flags=0 ret=0 errno=0
[567.238179 pid=12507 tid=12519] native-loader jit-info prog_array-target fd=169 id=198 type=17 name=sys_enter_init tag=dcd704af68030f29 jited_len=2179 xlated_len=3648 nr_jited_ksyms=1 ksym0=0xffffffffc0402e50 ksym1=0x0
[567.238271 pid=12507 tid=12519] BPF_MAP_UPDATE_ELEM prog_array name=sys_enter_init_ map_fd=10 map_id=360 key=328 prog_fd=169 prog_id=198 flags=0 ret=0 errno=0
[567.238353 pid=12507 tid=12519] native-loader jit-info prog_array-target fd=169 id=198 type=17 name=sys_enter_init tag=dcd704af68030f29 jited_len=2179 xlated_len=3648 nr_jited_ksyms=1 ksym0=0xffffffffc0402e50 ksym1=0x0
[567.238444 pid=12507 tid=12519] BPF_MAP_UPDATE_ELEM prog_array name=sys_enter_init_ map_fd=10 map_id=360 key=329 prog_fd=169 prog_id=198 flags=0 ret=0 errno=0
[567.238527 pid=12507 tid=12519] native-loader jit-info prog_array-target fd=169 id=198 type=17 name=sys_enter_init tag=dcd704af68030f29 jited_len=2179 xlated_len=3648 nr_jited_ksyms=1 ksym0=0xffffffffc0402e50 ksym1=0x0
[567.238620 pid=12507 tid=12519] BPF_MAP_UPDATE_ELEM prog_array name=sys_enter_init_ map_fd=10 map_id=360 key=330 prog_fd=169 prog_id=198 flags=0 ret=0 errno=0
[567.238703 pid=12507 tid=12519] native-loader jit-info prog_array-target fd=169 id=198 type=17 name=sys_enter_init tag=dcd704af68030f29 jited_len=2179 xlated_len=3648 nr_jited_ksyms=1 ksym0=0xffffffffc0402e50 ksym1=0x0
[567.238795 pid=12507 tid=12519] BPF_MAP_UPDATE_ELEM prog_array name=sys_enter_init_ map_fd=10 map_id=360 key=331 prog_fd=169 prog_id=198 flags=0 ret=0 errno=0
[567.238877 pid=12507 tid=12519] native-loader jit-info prog_array-target fd=169 id=198 type=17 name=sys_enter_init tag=dcd704af68030f29 jited_len=2179 xlated_len=3648 nr_jited_ksyms=1 ksym0=0xffffffffc0402e50 ksym1=0x0
[567.238969 pid=12507 tid=12519] BPF_MAP_UPDATE_ELEM prog_array name=sys_enter_init_ map_fd=10 map_id=360 key=332 prog_fd=169 prog_id=198 flags=0 ret=0 errno=0
[567.239050 pid=12507 tid=12519] native-loader jit-info prog_array-target fd=169 id=198 type=17 name=sys_enter_init tag=dcd704af68030f29 jited_len=2179 xlated_len=3648 nr_jited_ksyms=1 ksym0=0xffffffffc0402e50 ksym1=0x0
[567.239144 pid=12507 tid=12519] BPF_MAP_UPDATE_ELEM prog_array name=sys_enter_init_ map_fd=10 map_id=360 key=333 prog_fd=169 prog_id=198 flags=0 ret=0 errno=0
[567.239226 pid=12507 tid=12519] native-loader jit-info prog_array-target fd=169 id=198 type=17 name=sys_enter_init tag=dcd704af68030f29 jited_len=2179 xlated_len=3648 nr_jited_ksyms=1 ksym0=0xffffffffc0402e50 ksym1=0x0
[567.239318 pid=12507 tid=12519] BPF_MAP_UPDATE_ELEM prog_array name=sys_enter_init_ map_fd=10 map_id=360 key=334 prog_fd=169 prog_id=198 flags=0 ret=0 errno=0
[567.239400 pid=12507 tid=12519] native-loader jit-info prog_array-target fd=169 id=198 type=17 name=sys_enter_init tag=dcd704af68030f29 jited_len=2179 xlated_len=3648 nr_jited_ksyms=1 ksym0=0xffffffffc0402e50 ksym1=0x0
[567.239492 pid=12507 tid=12519] BPF_MAP_UPDATE_ELEM prog_array name=sys_enter_init_ map_fd=10 map_id=360 key=424 prog_fd=169 prog_id=198 flags=0 ret=0 errno=0
[567.239575 pid=12507 tid=12519] native-loader jit-info prog_array-target fd=169 id=198 type=17 name=sys_enter_init tag=dcd704af68030f29 jited_len=2179 xlated_len=3648 nr_jited_ksyms=1 ksym0=0xffffffffc0402e50 ksym1=0x0
[567.239666 pid=12507 tid=12519] BPF_MAP_UPDATE_ELEM prog_array name=sys_enter_init_ map_fd=10 map_id=360 key=425 prog_fd=169 prog_id=198 flags=0 ret=0 errno=0
[567.239748 pid=12507 tid=12519] native-loader jit-info prog_array-target fd=169 id=198 type=17 name=sys_enter_init tag=dcd704af68030f29 jited_len=2179 xlated_len=3648 nr_jited_ksyms=1 ksym0=0xffffffffc0402e50 ksym1=0x0
[567.239840 pid=12507 tid=12519] BPF_MAP_UPDATE_ELEM prog_array name=sys_enter_init_ map_fd=10 map_id=360 key=426 prog_fd=169 prog_id=198 flags=0 ret=0 errno=0
[567.239922 pid=12507 tid=12519] native-loader jit-info prog_array-target fd=169 id=198 type=17 name=sys_enter_init tag=dcd704af68030f29 jited_len=2179 xlated_len=3648 nr_jited_ksyms=1 ksym0=0xffffffffc0402e50 ksym1=0x0
[567.240029 pid=12507 tid=12519] BPF_MAP_UPDATE_ELEM prog_array name=sys_enter_init_ map_fd=10 map_id=360 key=427 prog_fd=169 prog_id=198 flags=0 ret=0 errno=0
[567.240124 pid=12507 tid=12519] native-loader jit-info prog_array-target fd=169 id=198 type=17 name=sys_enter_init tag=dcd704af68030f29 jited_len=2179 xlated_len=3648 nr_jited_ksyms=1 ksym0=0xffffffffc0402e50 ksym1=0x0
[567.240214 pid=12507 tid=12519] BPF_MAP_UPDATE_ELEM prog_array name=sys_enter_init_ map_fd=10 map_id=360 key=428 prog_fd=169 prog_id=198 flags=0 ret=0 errno=0
[567.240295 pid=12507 tid=12519] native-loader jit-info prog_array-target fd=169 id=198 type=17 name=sys_enter_init tag=dcd704af68030f29 jited_len=2179 xlated_len=3648 nr_jited_ksyms=1 ksym0=0xffffffffc0402e50 ksym1=0x0
[567.240387 pid=12507 tid=12519] BPF_MAP_UPDATE_ELEM prog_array name=sys_enter_init_ map_fd=10 map_id=360 key=429 prog_fd=169 prog_id=198 flags=0 ret=0 errno=0
[567.240469 pid=12507 tid=12519] native-loader jit-info prog_array-target fd=169 id=198 type=17 name=sys_enter_init tag=dcd704af68030f29 jited_len=2179 xlated_len=3648 nr_jited_ksyms=1 ksym0=0xffffffffc0402e50 ksym1=0x0
[567.240560 pid=12507 tid=12519] BPF_MAP_UPDATE_ELEM prog_array name=sys_enter_init_ map_fd=10 map_id=360 key=430 prog_fd=169 prog_id=198 flags=0 ret=0 errno=0
[567.240643 pid=12507 tid=12519] native-loader jit-info prog_array-target fd=169 id=198 type=17 name=sys_enter_init tag=dcd704af68030f29 jited_len=2179 xlated_len=3648 nr_jited_ksyms=1 ksym0=0xffffffffc0402e50 ksym1=0x0
[567.240734 pid=12507 tid=12519] BPF_MAP_UPDATE_ELEM prog_array name=sys_enter_init_ map_fd=10 map_id=360 key=431 prog_fd=169 prog_id=198 flags=0 ret=0 errno=0
[567.240816 pid=12507 tid=12519] native-loader jit-info prog_array-target fd=169 id=198 type=17 name=sys_enter_init tag=dcd704af68030f29 jited_len=2179 xlated_len=3648 nr_jited_ksyms=1 ksym0=0xffffffffc0402e50 ksym1=0x0
[567.240907 pid=12507 tid=12519] BPF_MAP_UPDATE_ELEM prog_array name=sys_enter_init_ map_fd=10 map_id=360 key=432 prog_fd=169 prog_id=198 flags=0 ret=0 errno=0
[567.240989 pid=12507 tid=12519] native-loader jit-info prog_array-target fd=169 id=198 type=17 name=sys_enter_init tag=dcd704af68030f29 jited_len=2179 xlated_len=3648 nr_jited_ksyms=1 ksym0=0xffffffffc0402e50 ksym1=0x0
[567.241083 pid=12507 tid=12519] BPF_MAP_UPDATE_ELEM prog_array name=sys_enter_init_ map_fd=10 map_id=360 key=433 prog_fd=169 prog_id=198 flags=0 ret=0 errno=0
[567.241164 pid=12507 tid=12519] native-loader jit-info prog_array-target fd=169 id=198 type=17 name=sys_enter_init tag=dcd704af68030f29 jited_len=2179 xlated_len=3648 nr_jited_ksyms=1 ksym0=0xffffffffc0402e50 ksym1=0x0
[567.241256 pid=12507 tid=12519] BPF_MAP_UPDATE_ELEM prog_array name=sys_enter_init_ map_fd=10 map_id=360 key=434 prog_fd=169 prog_id=198 flags=0 ret=0 errno=0
[567.241339 pid=12507 tid=12519] native-loader jit-info prog_array-target fd=169 id=198 type=17 name=sys_enter_init tag=dcd704af68030f29 jited_len=2179 xlated_len=3648 nr_jited_ksyms=1 ksym0=0xffffffffc0402e50 ksym1=0x0
[567.241431 pid=12507 tid=12519] BPF_MAP_UPDATE_ELEM prog_array name=sys_enter_init_ map_fd=10 map_id=360 key=435 prog_fd=169 prog_id=198 flags=0 ret=0 errno=0
[567.241513 pid=12507 tid=12519] native-loader jit-info prog_array-target fd=169 id=198 type=17 name=sys_enter_init tag=dcd704af68030f29 jited_len=2179 xlated_len=3648 nr_jited_ksyms=1 ksym0=0xffffffffc0402e50 ksym1=0x0
[567.241605 pid=12507 tid=12519] BPF_MAP_UPDATE_ELEM prog_array name=sys_enter_init_ map_fd=10 map_id=360 key=436 prog_fd=169 prog_id=198 flags=0 ret=0 errno=0
[567.241687 pid=12507 tid=12519] native-loader jit-info prog_array-target fd=169 id=198 type=17 name=sys_enter_init tag=dcd704af68030f29 jited_len=2179 xlated_len=3648 nr_jited_ksyms=1 ksym0=0xffffffffc0402e50 ksym1=0x0
[567.241778 pid=12507 tid=12519] BPF_MAP_UPDATE_ELEM prog_array name=sys_enter_init_ map_fd=10 map_id=360 key=437 prog_fd=169 prog_id=198 flags=0 ret=0 errno=0
[567.241861 pid=12507 tid=12519] native-loader jit-info prog_array-target fd=169 id=198 type=17 name=sys_enter_init tag=dcd704af68030f29 jited_len=2179 xlated_len=3648 nr_jited_ksyms=1 ksym0=0xffffffffc0402e50 ksym1=0x0
[567.241954 pid=12507 tid=12519] BPF_MAP_UPDATE_ELEM prog_array name=sys_enter_init_ map_fd=10 map_id=360 key=438 prog_fd=169 prog_id=198 flags=0 ret=0 errno=0
[567.242045 pid=12507 tid=12519] native-loader jit-info prog_array-target fd=169 id=198 type=17 name=sys_enter_init tag=dcd704af68030f29 jited_len=2179 xlated_len=3648 nr_jited_ksyms=1 ksym0=0xffffffffc0402e50 ksym1=0x0
[567.242138 pid=12507 tid=12519] BPF_MAP_UPDATE_ELEM prog_array name=sys_enter_init_ map_fd=10 map_id=360 key=439 prog_fd=169 prog_id=198 flags=0 ret=0 errno=0
[567.242221 pid=12507 tid=12519] native-loader jit-info prog_array-target fd=169 id=198 type=17 name=sys_enter_init tag=dcd704af68030f29 jited_len=2179 xlated_len=3648 nr_jited_ksyms=1 ksym0=0xffffffffc0402e50 ksym1=0x0
[567.242313 pid=12507 tid=12519] BPF_MAP_UPDATE_ELEM prog_array name=sys_enter_init_ map_fd=10 map_id=360 key=440 prog_fd=169 prog_id=198 flags=0 ret=0 errno=0
[567.242394 pid=12507 tid=12519] native-loader jit-info prog_array-target fd=169 id=198 type=17 name=sys_enter_init tag=dcd704af68030f29 jited_len=2179 xlated_len=3648 nr_jited_ksyms=1 ksym0=0xffffffffc0402e50 ksym1=0x0
[567.242486 pid=12507 tid=12519] BPF_MAP_UPDATE_ELEM prog_array name=sys_enter_init_ map_fd=10 map_id=360 key=441 prog_fd=169 prog_id=198 flags=0 ret=0 errno=0
[567.242568 pid=12507 tid=12519] native-loader jit-info prog_array-target fd=169 id=198 type=17 name=sys_enter_init tag=dcd704af68030f29 jited_len=2179 xlated_len=3648 nr_jited_ksyms=1 ksym0=0xffffffffc0402e50 ksym1=0x0
[567.242661 pid=12507 tid=12519] BPF_MAP_UPDATE_ELEM prog_array name=sys_enter_init_ map_fd=10 map_id=360 key=442 prog_fd=169 prog_id=198 flags=0 ret=0 errno=0
[567.242743 pid=12507 tid=12519] native-loader jit-info prog_array-target fd=169 id=198 type=17 name=sys_enter_init tag=dcd704af68030f29 jited_len=2179 xlated_len=3648 nr_jited_ksyms=1 ksym0=0xffffffffc0402e50 ksym1=0x0
[567.242834 pid=12507 tid=12519] BPF_MAP_UPDATE_ELEM prog_array name=sys_enter_init_ map_fd=10 map_id=360 key=443 prog_fd=169 prog_id=198 flags=0 ret=0 errno=0
[567.242915 pid=12507 tid=12519] native-loader jit-info prog_array-target fd=169 id=198 type=17 name=sys_enter_init tag=dcd704af68030f29 jited_len=2179 xlated_len=3648 nr_jited_ksyms=1 ksym0=0xffffffffc0402e50 ksym1=0x0
[567.243007 pid=12507 tid=12519] BPF_MAP_UPDATE_ELEM prog_array name=sys_enter_init_ map_fd=10 map_id=360 key=444 prog_fd=169 prog_id=198 flags=0 ret=0 errno=0
[567.243091 pid=12507 tid=12519] native-loader jit-info prog_array-target fd=169 id=198 type=17 name=sys_enter_init tag=dcd704af68030f29 jited_len=2179 xlated_len=3648 nr_jited_ksyms=1 ksym0=0xffffffffc0402e50 ksym1=0x0
[567.243183 pid=12507 tid=12519] BPF_MAP_UPDATE_ELEM prog_array name=sys_enter_init_ map_fd=10 map_id=360 key=445 prog_fd=169 prog_id=198 flags=0 ret=0 errno=0
[567.243265 pid=12507 tid=12519] native-loader jit-info prog_array-target fd=169 id=198 type=17 name=sys_enter_init tag=dcd704af68030f29 jited_len=2179 xlated_len=3648 nr_jited_ksyms=1 ksym0=0xffffffffc0402e50 ksym1=0x0
[567.243357 pid=12507 tid=12519] BPF_MAP_UPDATE_ELEM prog_array name=sys_enter_init_ map_fd=10 map_id=360 key=446 prog_fd=169 prog_id=198 flags=0 ret=0 errno=0
[567.243440 pid=12507 tid=12519] native-loader jit-info prog_array-target fd=169 id=198 type=17 name=sys_enter_init tag=dcd704af68030f29 jited_len=2179 xlated_len=3648 nr_jited_ksyms=1 ksym0=0xffffffffc0402e50 ksym1=0x0
[567.243532 pid=12507 tid=12519] BPF_MAP_UPDATE_ELEM prog_array name=sys_enter_init_ map_fd=10 map_id=360 key=447 prog_fd=169 prog_id=198 flags=0 ret=0 errno=0
[567.243614 pid=12507 tid=12519] native-loader jit-info prog_array-target fd=169 id=198 type=17 name=sys_enter_init tag=dcd704af68030f29 jited_len=2179 xlated_len=3648 nr_jited_ksyms=1 ksym0=0xffffffffc0402e50 ksym1=0x0
[567.243706 pid=12507 tid=12519] BPF_MAP_UPDATE_ELEM prog_array name=sys_enter_init_ map_fd=10 map_id=360 key=448 prog_fd=169 prog_id=198 flags=0 ret=0 errno=0
[567.243789 pid=12507 tid=12519] native-loader jit-info prog_array-target fd=169 id=198 type=17 name=sys_enter_init tag=dcd704af68030f29 jited_len=2179 xlated_len=3648 nr_jited_ksyms=1 ksym0=0xffffffffc0402e50 ksym1=0x0
[567.243881 pid=12507 tid=12519] BPF_MAP_UPDATE_ELEM prog_array name=sys_enter_init_ map_fd=10 map_id=360 key=449 prog_fd=169 prog_id=198 flags=0 ret=0 errno=0
[567.243963 pid=12507 tid=12519] native-loader jit-info prog_array-target fd=169 id=198 type=17 name=sys_enter_init tag=dcd704af68030f29 jited_len=2179 xlated_len=3648 nr_jited_ksyms=1 ksym0=0xffffffffc0402e50 ksym1=0x0
[567.244055 pid=12507 tid=12519] BPF_MAP_UPDATE_ELEM prog_array name=sys_enter_init_ map_fd=10 map_id=360 key=450 prog_fd=169 prog_id=198 flags=0 ret=0 errno=0
[567.244138 pid=12507 tid=12519] native-loader jit-info prog_array-target fd=169 id=198 type=17 name=sys_enter_init tag=dcd704af68030f29 jited_len=2179 xlated_len=3648 nr_jited_ksyms=1 ksym0=0xffffffffc0402e50 ksym1=0x0
[567.244230 pid=12507 tid=12519] BPF_MAP_UPDATE_ELEM prog_array name=sys_enter_init_ map_fd=10 map_id=360 key=451 prog_fd=169 prog_id=198 flags=0 ret=0 errno=0
[567.244312 pid=12507 tid=12519] native-loader jit-info prog_array-target fd=169 id=198 type=17 name=sys_enter_init tag=dcd704af68030f29 jited_len=2179 xlated_len=3648 nr_jited_ksyms=1 ksym0=0xffffffffc0402e50 ksym1=0x0
[567.244404 pid=12507 tid=12519] BPF_MAP_UPDATE_ELEM prog_array name=sys_enter_init_ map_fd=10 map_id=360 key=452 prog_fd=169 prog_id=198 flags=0 ret=0 errno=0
[567.244485 pid=12507 tid=12519] native-loader jit-info prog_array-target fd=169 id=198 type=17 name=sys_enter_init tag=dcd704af68030f29 jited_len=2179 xlated_len=3648 nr_jited_ksyms=1 ksym0=0xffffffffc0402e50 ksym1=0x0
[567.244577 pid=12507 tid=12519] BPF_MAP_UPDATE_ELEM prog_array name=sys_enter_init_ map_fd=10 map_id=360 key=453 prog_fd=169 prog_id=198 flags=0 ret=0 errno=0
[567.244660 pid=12507 tid=12519] native-loader jit-info prog_array-target fd=169 id=198 type=17 name=sys_enter_init tag=dcd704af68030f29 jited_len=2179 xlated_len=3648 nr_jited_ksyms=1 ksym0=0xffffffffc0402e50 ksym1=0x0
[567.244752 pid=12507 tid=12519] BPF_MAP_UPDATE_ELEM prog_array name=sys_enter_init_ map_fd=10 map_id=360 key=454 prog_fd=169 prog_id=198 flags=0 ret=0 errno=0
[567.244833 pid=12507 tid=12519] native-loader jit-info prog_array-target fd=169 id=198 type=17 name=sys_enter_init tag=dcd704af68030f29 jited_len=2179 xlated_len=3648 nr_jited_ksyms=1 ksym0=0xffffffffc0402e50 ksym1=0x0
[567.244925 pid=12507 tid=12519] BPF_MAP_UPDATE_ELEM prog_array name=sys_enter_init_ map_fd=10 map_id=360 key=455 prog_fd=169 prog_id=198 flags=0 ret=0 errno=0
[567.245007 pid=12507 tid=12519] native-loader jit-info prog_array-target fd=169 id=198 type=17 name=sys_enter_init tag=dcd704af68030f29 jited_len=2179 xlated_len=3648 nr_jited_ksyms=1 ksym0=0xffffffffc0402e50 ksym1=0x0
[567.245100 pid=12507 tid=12519] BPF_MAP_UPDATE_ELEM prog_array name=sys_enter_init_ map_fd=10 map_id=360 key=456 prog_fd=169 prog_id=198 flags=0 ret=0 errno=0
[567.245182 pid=12507 tid=12519] native-loader jit-info prog_array-target fd=169 id=198 type=17 name=sys_enter_init tag=dcd704af68030f29 jited_len=2179 xlated_len=3648 nr_jited_ksyms=1 ksym0=0xffffffffc0402e50 ksym1=0x0
[567.245274 pid=12507 tid=12519] BPF_MAP_UPDATE_ELEM prog_array name=sys_enter_init_ map_fd=10 map_id=360 key=457 prog_fd=169 prog_id=198 flags=0 ret=0 errno=0
[567.245358 pid=12507 tid=12519] native-loader jit-info prog_array-target fd=169 id=198 type=17 name=sys_enter_init tag=dcd704af68030f29 jited_len=2179 xlated_len=3648 nr_jited_ksyms=1 ksym0=0xffffffffc0402e50 ksym1=0x0
[567.245451 pid=12507 tid=12519] BPF_MAP_UPDATE_ELEM prog_array name=sys_enter_init_ map_fd=10 map_id=360 key=458 prog_fd=169 prog_id=198 flags=0 ret=0 errno=0
[567.245532 pid=12507 tid=12519] native-loader jit-info prog_array-target fd=169 id=198 type=17 name=sys_enter_init tag=dcd704af68030f29 jited_len=2179 xlated_len=3648 nr_jited_ksyms=1 ksym0=0xffffffffc0402e50 ksym1=0x0
[567.245625 pid=12507 tid=12519] BPF_MAP_UPDATE_ELEM prog_array name=sys_enter_init_ map_fd=10 map_id=360 key=459 prog_fd=169 prog_id=198 flags=0 ret=0 errno=0
[567.245707 pid=12507 tid=12519] native-loader jit-info prog_array-target fd=169 id=198 type=17 name=sys_enter_init tag=dcd704af68030f29 jited_len=2179 xlated_len=3648 nr_jited_ksyms=1 ksym0=0xffffffffc0402e50 ksym1=0x0
[567.245799 pid=12507 tid=12519] BPF_MAP_UPDATE_ELEM prog_array name=sys_enter_init_ map_fd=10 map_id=360 key=460 prog_fd=169 prog_id=198 flags=0 ret=0 errno=0
[567.245881 pid=12507 tid=12519] native-loader jit-info prog_array-target fd=169 id=198 type=17 name=sys_enter_init tag=dcd704af68030f29 jited_len=2179 xlated_len=3648 nr_jited_ksyms=1 ksym0=0xffffffffc0402e50 ksym1=0x0
[567.245972 pid=12507 tid=12519] BPF_MAP_UPDATE_ELEM prog_array name=sys_enter_init_ map_fd=10 map_id=360 key=461 prog_fd=169 prog_id=198 flags=0 ret=0 errno=0
[567.246054 pid=12507 tid=12519] native-loader jit-info prog_array-target fd=169 id=198 type=17 name=sys_enter_init tag=dcd704af68030f29 jited_len=2179 xlated_len=3648 nr_jited_ksyms=1 ksym0=0xffffffffc0402e50 ksym1=0x0
[567.246149 pid=12507 tid=12519] BPF_MAP_UPDATE_ELEM prog_array name=sys_enter_init_ map_fd=10 map_id=360 key=462 prog_fd=169 prog_id=198 flags=0 ret=0 errno=0
[567.246231 pid=12507 tid=12519] native-loader jit-info prog_array-target fd=169 id=198 type=17 name=sys_enter_init tag=dcd704af68030f29 jited_len=2179 xlated_len=3648 nr_jited_ksyms=1 ksym0=0xffffffffc0402e50 ksym1=0x0
[567.246324 pid=12507 tid=12519] BPF_MAP_UPDATE_ELEM prog_array name=sys_enter_init_ map_fd=10 map_id=360 key=463 prog_fd=169 prog_id=198 flags=0 ret=0 errno=0
[567.246415 pid=12507 tid=12519] native-loader jit-info prog_array-target fd=169 id=198 type=17 name=sys_enter_init tag=dcd704af68030f29 jited_len=2179 xlated_len=3648 nr_jited_ksyms=1 ksym0=0xffffffffc0402e50 ksym1=0x0
[567.246507 pid=12507 tid=12519] BPF_MAP_UPDATE_ELEM prog_array name=sys_enter_init_ map_fd=10 map_id=360 key=464 prog_fd=169 prog_id=198 flags=0 ret=0 errno=0
[567.246589 pid=12507 tid=12519] native-loader jit-info prog_array-target fd=169 id=198 type=17 name=sys_enter_init tag=dcd704af68030f29 jited_len=2179 xlated_len=3648 nr_jited_ksyms=1 ksym0=0xffffffffc0402e50 ksym1=0x0
[567.246680 pid=12507 tid=12519] BPF_MAP_UPDATE_ELEM prog_array name=sys_enter_init_ map_fd=10 map_id=360 key=465 prog_fd=169 prog_id=198 flags=0 ret=0 errno=0
[567.246763 pid=12507 tid=12519] native-loader jit-info prog_array-target fd=169 id=198 type=17 name=sys_enter_init tag=dcd704af68030f29 jited_len=2179 xlated_len=3648 nr_jited_ksyms=1 ksym0=0xffffffffc0402e50 ksym1=0x0
[567.246855 pid=12507 tid=12519] BPF_MAP_UPDATE_ELEM prog_array name=sys_enter_init_ map_fd=10 map_id=360 key=466 prog_fd=169 prog_id=198 flags=0 ret=0 errno=0
[567.246936 pid=12507 tid=12519] native-loader jit-info prog_array-target fd=169 id=198 type=17 name=sys_enter_init tag=dcd704af68030f29 jited_len=2179 xlated_len=3648 nr_jited_ksyms=1 ksym0=0xffffffffc0402e50 ksym1=0x0
[567.247028 pid=12507 tid=12519] BPF_MAP_UPDATE_ELEM prog_array name=sys_enter_init_ map_fd=10 map_id=360 key=467 prog_fd=169 prog_id=198 flags=0 ret=0 errno=0
[567.247112 pid=12507 tid=12519] native-loader jit-info prog_array-target fd=169 id=198 type=17 name=sys_enter_init tag=dcd704af68030f29 jited_len=2179 xlated_len=3648 nr_jited_ksyms=1 ksym0=0xffffffffc0402e50 ksym1=0x0
[567.247204 pid=12507 tid=12519] BPF_MAP_UPDATE_ELEM prog_array name=sys_enter_init_ map_fd=10 map_id=360 key=468 prog_fd=169 prog_id=198 flags=0 ret=0 errno=0
[567.247286 pid=12507 tid=12519] native-loader jit-info prog_array-target fd=169 id=198 type=17 name=sys_enter_init tag=dcd704af68030f29 jited_len=2179 xlated_len=3648 nr_jited_ksyms=1 ksym0=0xffffffffc0402e50 ksym1=0x0
[567.247378 pid=12507 tid=12519] BPF_MAP_UPDATE_ELEM prog_array name=sys_enter_init_ map_fd=10 map_id=360 key=469 prog_fd=169 prog_id=198 flags=0 ret=0 errno=0
[567.247460 pid=12507 tid=12519] native-loader jit-info prog_array-target fd=169 id=198 type=17 name=sys_enter_init tag=dcd704af68030f29 jited_len=2179 xlated_len=3648 nr_jited_ksyms=1 ksym0=0xffffffffc0402e50 ksym1=0x0
[567.247552 pid=12507 tid=12519] BPF_MAP_UPDATE_ELEM prog_array name=sys_enter_init_ map_fd=10 map_id=360 key=470 prog_fd=169 prog_id=198 flags=0 ret=0 errno=0
[567.247634 pid=12507 tid=12519] native-loader jit-info prog_array-target fd=169 id=198 type=17 name=sys_enter_init tag=dcd704af68030f29 jited_len=2179 xlated_len=3648 nr_jited_ksyms=1 ksym0=0xffffffffc0402e50 ksym1=0x0
[567.247725 pid=12507 tid=12519] BPF_MAP_UPDATE_ELEM prog_array name=sys_enter_init_ map_fd=10 map_id=360 key=471 prog_fd=169 prog_id=198 flags=0 ret=0 errno=0
[567.247807 pid=12507 tid=12519] native-loader jit-info prog_array-target fd=169 id=198 type=17 name=sys_enter_init tag=dcd704af68030f29 jited_len=2179 xlated_len=3648 nr_jited_ksyms=1 ksym0=0xffffffffc0402e50 ksym1=0x0
[567.247899 pid=12507 tid=12519] BPF_MAP_UPDATE_ELEM prog_array name=sys_enter_init_ map_fd=10 map_id=360 key=472 prog_fd=169 prog_id=198 flags=0 ret=0 errno=0
[567.247981 pid=12507 tid=12519] native-loader jit-info prog_array-target fd=169 id=198 type=17 name=sys_enter_init tag=dcd704af68030f29 jited_len=2179 xlated_len=3648 nr_jited_ksyms=1 ksym0=0xffffffffc0402e50 ksym1=0x0
[567.248075 pid=12507 tid=12519] BPF_MAP_UPDATE_ELEM prog_array name=sys_enter_init_ map_fd=10 map_id=360 key=473 prog_fd=169 prog_id=198 flags=0 ret=0 errno=0
[567.248155 pid=12507 tid=12519] native-loader jit-info prog_array-target fd=169 id=198 type=17 name=sys_enter_init tag=dcd704af68030f29 jited_len=2179 xlated_len=3648 nr_jited_ksyms=1 ksym0=0xffffffffc0402e50 ksym1=0x0
[567.248248 pid=12507 tid=12519] BPF_MAP_UPDATE_ELEM prog_array name=sys_enter_init_ map_fd=10 map_id=360 key=474 prog_fd=169 prog_id=198 flags=0 ret=0 errno=0
[567.248329 pid=12507 tid=12519] native-loader jit-info prog_array-target fd=169 id=198 type=17 name=sys_enter_init tag=dcd704af68030f29 jited_len=2179 xlated_len=3648 nr_jited_ksyms=1 ksym0=0xffffffffc0402e50 ksym1=0x0
[567.248421 pid=12507 tid=12519] BPF_MAP_UPDATE_ELEM prog_array name=sys_enter_init_ map_fd=10 map_id=360 key=475 prog_fd=169 prog_id=198 flags=0 ret=0 errno=0
[567.248504 pid=12507 tid=12519] native-loader jit-info prog_array-target fd=169 id=198 type=17 name=sys_enter_init tag=dcd704af68030f29 jited_len=2179 xlated_len=3648 nr_jited_ksyms=1 ksym0=0xffffffffc0402e50 ksym1=0x0
[567.248597 pid=12507 tid=12519] BPF_MAP_UPDATE_ELEM prog_array name=sys_enter_init_ map_fd=10 map_id=360 key=476 prog_fd=169 prog_id=198 flags=0 ret=0 errno=0
[567.248679 pid=12507 tid=12519] native-loader jit-info prog_array-target fd=169 id=198 type=17 name=sys_enter_init tag=dcd704af68030f29 jited_len=2179 xlated_len=3648 nr_jited_ksyms=1 ksym0=0xffffffffc0402e50 ksym1=0x0
[567.248770 pid=12507 tid=12519] BPF_MAP_UPDATE_ELEM prog_array name=sys_enter_init_ map_fd=10 map_id=360 key=477 prog_fd=169 prog_id=198 flags=0 ret=0 errno=0
[567.248852 pid=12507 tid=12519] native-loader jit-info prog_array-target fd=169 id=198 type=17 name=sys_enter_init tag=dcd704af68030f29 jited_len=2179 xlated_len=3648 nr_jited_ksyms=1 ksym0=0xffffffffc0402e50 ksym1=0x0
[567.248944 pid=12507 tid=12519] BPF_MAP_UPDATE_ELEM prog_array name=sys_enter_init_ map_fd=10 map_id=360 key=478 prog_fd=169 prog_id=198 flags=0 ret=0 errno=0
[567.249026 pid=12507 tid=12519] native-loader jit-info prog_array-target fd=169 id=198 type=17 name=sys_enter_init tag=dcd704af68030f29 jited_len=2179 xlated_len=3648 nr_jited_ksyms=1 ksym0=0xffffffffc0402e50 ksym1=0x0
[567.249120 pid=12507 tid=12519] BPF_MAP_UPDATE_ELEM prog_array name=sys_enter_init_ map_fd=10 map_id=360 key=479 prog_fd=169 prog_id=198 flags=0 ret=0 errno=0
[567.249202 pid=12507 tid=12519] native-loader jit-info prog_array-target fd=169 id=198 type=17 name=sys_enter_init tag=dcd704af68030f29 jited_len=2179 xlated_len=3648 nr_jited_ksyms=1 ksym0=0xffffffffc0402e50 ksym1=0x0
[567.249294 pid=12507 tid=12519] BPF_MAP_UPDATE_ELEM prog_array name=sys_enter_init_ map_fd=10 map_id=360 key=480 prog_fd=169 prog_id=198 flags=0 ret=0 errno=0
[567.249377 pid=12507 tid=12519] native-loader jit-info prog_array-target fd=169 id=198 type=17 name=sys_enter_init tag=dcd704af68030f29 jited_len=2179 xlated_len=3648 nr_jited_ksyms=1 ksym0=0xffffffffc0402e50 ksym1=0x0
[567.249469 pid=12507 tid=12519] BPF_MAP_UPDATE_ELEM prog_array name=sys_enter_init_ map_fd=10 map_id=360 key=481 prog_fd=169 prog_id=198 flags=0 ret=0 errno=0
[567.249551 pid=12507 tid=12519] native-loader jit-info prog_array-target fd=169 id=198 type=17 name=sys_enter_init tag=dcd704af68030f29 jited_len=2179 xlated_len=3648 nr_jited_ksyms=1 ksym0=0xffffffffc0402e50 ksym1=0x0
[567.249642 pid=12507 tid=12519] BPF_MAP_UPDATE_ELEM prog_array name=sys_enter_init_ map_fd=10 map_id=360 key=482 prog_fd=169 prog_id=198 flags=0 ret=0 errno=0
[567.249726 pid=12507 tid=12519] native-loader jit-info prog_array-target fd=169 id=198 type=17 name=sys_enter_init tag=dcd704af68030f29 jited_len=2179 xlated_len=3648 nr_jited_ksyms=1 ksym0=0xffffffffc0402e50 ksym1=0x0
[567.249818 pid=12507 tid=12519] BPF_MAP_UPDATE_ELEM prog_array name=sys_enter_init_ map_fd=10 map_id=360 key=483 prog_fd=169 prog_id=198 flags=0 ret=0 errno=0
[567.249899 pid=12507 tid=12519] native-loader jit-info prog_array-target fd=169 id=198 type=17 name=sys_enter_init tag=dcd704af68030f29 jited_len=2179 xlated_len=3648 nr_jited_ksyms=1 ksym0=0xffffffffc0402e50 ksym1=0x0
[567.249991 pid=12507 tid=12519] BPF_MAP_UPDATE_ELEM prog_array name=sys_enter_init_ map_fd=10 map_id=360 key=484 prog_fd=169 prog_id=198 flags=0 ret=0 errno=0
[567.250074 pid=12507 tid=12519] native-loader jit-info prog_array-target fd=169 id=198 type=17 name=sys_enter_init tag=dcd704af68030f29 jited_len=2179 xlated_len=3648 nr_jited_ksyms=1 ksym0=0xffffffffc0402e50 ksym1=0x0
[567.250168 pid=12507 tid=12519] BPF_MAP_UPDATE_ELEM prog_array name=sys_enter_init_ map_fd=10 map_id=360 key=485 prog_fd=169 prog_id=198 flags=0 ret=0 errno=0
[567.250248 pid=12507 tid=12519] native-loader jit-info prog_array-target fd=169 id=198 type=17 name=sys_enter_init tag=dcd704af68030f29 jited_len=2179 xlated_len=3648 nr_jited_ksyms=1 ksym0=0xffffffffc0402e50 ksym1=0x0
[567.250339 pid=12507 tid=12519] BPF_MAP_UPDATE_ELEM prog_array name=sys_enter_init_ map_fd=10 map_id=360 key=486 prog_fd=169 prog_id=198 flags=0 ret=0 errno=0
[567.250421 pid=12507 tid=12519] native-loader jit-info prog_array-target fd=169 id=198 type=17 name=sys_enter_init tag=dcd704af68030f29 jited_len=2179 xlated_len=3648 nr_jited_ksyms=1 ksym0=0xffffffffc0402e50 ksym1=0x0
[567.250513 pid=12507 tid=12519] BPF_MAP_UPDATE_ELEM prog_array name=sys_enter_init_ map_fd=10 map_id=360 key=487 prog_fd=169 prog_id=198 flags=0 ret=0 errno=0
[567.250595 pid=12507 tid=12519] native-loader jit-info prog_array-target fd=169 id=198 type=17 name=sys_enter_init tag=dcd704af68030f29 jited_len=2179 xlated_len=3648 nr_jited_ksyms=1 ksym0=0xffffffffc0402e50 ksym1=0x0
[567.250689 pid=12507 tid=12519] BPF_MAP_UPDATE_ELEM prog_array name=sys_enter_init_ map_fd=10 map_id=360 key=488 prog_fd=169 prog_id=198 flags=0 ret=0 errno=0
[567.250771 pid=12507 tid=12519] native-loader jit-info prog_array-target fd=169 id=198 type=17 name=sys_enter_init tag=dcd704af68030f29 jited_len=2179 xlated_len=3648 nr_jited_ksyms=1 ksym0=0xffffffffc0402e50 ksym1=0x0
[567.250862 pid=12507 tid=12519] BPF_MAP_UPDATE_ELEM prog_array name=sys_enter_init_ map_fd=10 map_id=360 key=489 prog_fd=169 prog_id=198 flags=0 ret=0 errno=0
[567.250944 pid=12507 tid=12519] native-loader jit-info prog_array-target fd=169 id=198 type=17 name=sys_enter_init tag=dcd704af68030f29 jited_len=2179 xlated_len=3648 nr_jited_ksyms=1 ksym0=0xffffffffc0402e50 ksym1=0x0
[567.251036 pid=12507 tid=12519] BPF_MAP_UPDATE_ELEM prog_array name=sys_enter_init_ map_fd=10 map_id=360 key=490 prog_fd=169 prog_id=198 flags=0 ret=0 errno=0
[567.251120 pid=12507 tid=12519] native-loader jit-info prog_array-target fd=169 id=198 type=17 name=sys_enter_init tag=dcd704af68030f29 jited_len=2179 xlated_len=3648 nr_jited_ksyms=1 ksym0=0xffffffffc0402e50 ksym1=0x0
[567.251212 pid=12507 tid=12519] BPF_MAP_UPDATE_ELEM prog_array name=sys_enter_init_ map_fd=10 map_id=360 key=491 prog_fd=169 prog_id=198 flags=0 ret=0 errno=0
[567.251293 pid=12507 tid=12519] native-loader jit-info prog_array-target fd=169 id=198 type=17 name=sys_enter_init tag=dcd704af68030f29 jited_len=2179 xlated_len=3648 nr_jited_ksyms=1 ksym0=0xffffffffc0402e50 ksym1=0x0
[567.251385 pid=12507 tid=12519] BPF_MAP_UPDATE_ELEM prog_array name=sys_enter_init_ map_fd=10 map_id=360 key=492 prog_fd=169 prog_id=198 flags=0 ret=0 errno=0
[567.251467 pid=12507 tid=12519] native-loader jit-info prog_array-target fd=169 id=198 type=17 name=sys_enter_init tag=dcd704af68030f29 jited_len=2179 xlated_len=3648 nr_jited_ksyms=1 ksym0=0xffffffffc0402e50 ksym1=0x0
[567.251559 pid=12507 tid=12519] BPF_MAP_UPDATE_ELEM prog_array name=sys_enter_init_ map_fd=10 map_id=360 key=493 prog_fd=169 prog_id=198 flags=0 ret=0 errno=0
[567.251640 pid=12507 tid=12519] native-loader jit-info prog_array-target fd=169 id=198 type=17 name=sys_enter_init tag=dcd704af68030f29 jited_len=2179 xlated_len=3648 nr_jited_ksyms=1 ksym0=0xffffffffc0402e50 ksym1=0x0
[567.251732 pid=12507 tid=12519] BPF_MAP_UPDATE_ELEM prog_array name=sys_enter_init_ map_fd=10 map_id=360 key=494 prog_fd=169 prog_id=198 flags=0 ret=0 errno=0
[567.251813 pid=12507 tid=12519] native-loader jit-info prog_array-target fd=169 id=198 type=17 name=sys_enter_init tag=dcd704af68030f29 jited_len=2179 xlated_len=3648 nr_jited_ksyms=1 ksym0=0xffffffffc0402e50 ksym1=0x0
[567.251904 pid=12507 tid=12519] BPF_MAP_UPDATE_ELEM prog_array name=sys_enter_init_ map_fd=10 map_id=360 key=495 prog_fd=169 prog_id=198 flags=0 ret=0 errno=0
[567.251987 pid=12507 tid=12519] native-loader jit-info prog_array-target fd=169 id=198 type=17 name=sys_enter_init tag=dcd704af68030f29 jited_len=2179 xlated_len=3648 nr_jited_ksyms=1 ksym0=0xffffffffc0402e50 ksym1=0x0
[567.252080 pid=12507 tid=12519] BPF_MAP_UPDATE_ELEM prog_array name=sys_enter_init_ map_fd=10 map_id=360 key=496 prog_fd=169 prog_id=198 flags=0 ret=0 errno=0
[567.252162 pid=12507 tid=12519] native-loader jit-info prog_array-target fd=169 id=198 type=17 name=sys_enter_init tag=dcd704af68030f29 jited_len=2179 xlated_len=3648 nr_jited_ksyms=1 ksym0=0xffffffffc0402e50 ksym1=0x0
[567.252254 pid=12507 tid=12519] BPF_MAP_UPDATE_ELEM prog_array name=sys_enter_init_ map_fd=10 map_id=360 key=497 prog_fd=169 prog_id=198 flags=0 ret=0 errno=0
[567.252337 pid=12507 tid=12519] native-loader jit-info prog_array-target fd=169 id=198 type=17 name=sys_enter_init tag=dcd704af68030f29 jited_len=2179 xlated_len=3648 nr_jited_ksyms=1 ksym0=0xffffffffc0402e50 ksym1=0x0
[567.252428 pid=12507 tid=12519] BPF_MAP_UPDATE_ELEM prog_array name=sys_enter_init_ map_fd=10 map_id=360 key=498 prog_fd=169 prog_id=198 flags=0 ret=0 errno=0
[567.252511 pid=12507 tid=12519] native-loader jit-info prog_array-target fd=169 id=198 type=17 name=sys_enter_init tag=dcd704af68030f29 jited_len=2179 xlated_len=3648 nr_jited_ksyms=1 ksym0=0xffffffffc0402e50 ksym1=0x0
[567.252603 pid=12507 tid=12519] BPF_MAP_UPDATE_ELEM prog_array name=sys_enter_init_ map_fd=10 map_id=360 key=499 prog_fd=169 prog_id=198 flags=0 ret=0 errno=0
[567.252685 pid=12507 tid=12519] native-loader jit-info prog_array-target fd=169 id=198 type=17 name=sys_enter_init tag=dcd704af68030f29 jited_len=2179 xlated_len=3648 nr_jited_ksyms=1 ksym0=0xffffffffc0402e50 ksym1=0x0
[567.252777 pid=12507 tid=12519] BPF_MAP_UPDATE_ELEM prog_array name=sys_enter_init_ map_fd=10 map_id=360 key=500 prog_fd=169 prog_id=198 flags=0 ret=0 errno=0
[567.252859 pid=12507 tid=12519] native-loader jit-info prog_array-target fd=169 id=198 type=17 name=sys_enter_init tag=dcd704af68030f29 jited_len=2179 xlated_len=3648 nr_jited_ksyms=1 ksym0=0xffffffffc0402e50 ksym1=0x0
[567.252951 pid=12507 tid=12519] BPF_MAP_UPDATE_ELEM prog_array name=sys_enter_init_ map_fd=10 map_id=360 key=501 prog_fd=169 prog_id=198 flags=0 ret=0 errno=0
[567.253033 pid=12507 tid=12519] native-loader jit-info prog_array-target fd=169 id=198 type=17 name=sys_enter_init tag=dcd704af68030f29 jited_len=2179 xlated_len=3648 nr_jited_ksyms=1 ksym0=0xffffffffc0402e50 ksym1=0x0
[567.253128 pid=12507 tid=12519] BPF_MAP_UPDATE_ELEM prog_array name=sys_enter_init_ map_fd=10 map_id=360 key=502 prog_fd=169 prog_id=198 flags=0 ret=0 errno=0
[567.253211 pid=12507 tid=12519] native-loader jit-info prog_array-target fd=169 id=198 type=17 name=sys_enter_init tag=dcd704af68030f29 jited_len=2179 xlated_len=3648 nr_jited_ksyms=1 ksym0=0xffffffffc0402e50 ksym1=0x0
[567.253303 pid=12507 tid=12519] BPF_MAP_UPDATE_ELEM prog_array name=sys_enter_init_ map_fd=10 map_id=360 key=503 prog_fd=169 prog_id=198 flags=0 ret=0 errno=0
[567.253386 pid=12507 tid=12519] native-loader jit-info prog_array-target fd=169 id=198 type=17 name=sys_enter_init tag=dcd704af68030f29 jited_len=2179 xlated_len=3648 nr_jited_ksyms=1 ksym0=0xffffffffc0402e50 ksym1=0x0
[567.253478 pid=12507 tid=12519] BPF_MAP_UPDATE_ELEM prog_array name=sys_enter_init_ map_fd=10 map_id=360 key=504 prog_fd=169 prog_id=198 flags=0 ret=0 errno=0
[567.253560 pid=12507 tid=12519] native-loader jit-info prog_array-target fd=169 id=198 type=17 name=sys_enter_init tag=dcd704af68030f29 jited_len=2179 xlated_len=3648 nr_jited_ksyms=1 ksym0=0xffffffffc0402e50 ksym1=0x0
[567.253653 pid=12507 tid=12519] BPF_MAP_UPDATE_ELEM prog_array name=sys_enter_init_ map_fd=10 map_id=360 key=505 prog_fd=169 prog_id=198 flags=0 ret=0 errno=0
[567.253734 pid=12507 tid=12519] native-loader jit-info prog_array-target fd=169 id=198 type=17 name=sys_enter_init tag=dcd704af68030f29 jited_len=2179 xlated_len=3648 nr_jited_ksyms=1 ksym0=0xffffffffc0402e50 ksym1=0x0
[567.253826 pid=12507 tid=12519] BPF_MAP_UPDATE_ELEM prog_array name=sys_enter_init_ map_fd=10 map_id=360 key=506 prog_fd=169 prog_id=198 flags=0 ret=0 errno=0
[567.253907 pid=12507 tid=12519] native-loader jit-info prog_array-target fd=169 id=198 type=17 name=sys_enter_init tag=dcd704af68030f29 jited_len=2179 xlated_len=3648 nr_jited_ksyms=1 ksym0=0xffffffffc0402e50 ksym1=0x0
[567.254000 pid=12507 tid=12519] BPF_MAP_UPDATE_ELEM prog_array name=sys_enter_init_ map_fd=10 map_id=360 key=507 prog_fd=169 prog_id=198 flags=0 ret=0 errno=0
[567.254085 pid=12507 tid=12519] native-loader jit-info prog_array-target fd=169 id=198 type=17 name=sys_enter_init tag=dcd704af68030f29 jited_len=2179 xlated_len=3648 nr_jited_ksyms=1 ksym0=0xffffffffc0402e50 ksym1=0x0
[567.254177 pid=12507 tid=12519] BPF_MAP_UPDATE_ELEM prog_array name=sys_enter_init_ map_fd=10 map_id=360 key=508 prog_fd=169 prog_id=198 flags=0 ret=0 errno=0
[567.254259 pid=12507 tid=12519] native-loader jit-info prog_array-target fd=169 id=198 type=17 name=sys_enter_init tag=dcd704af68030f29 jited_len=2179 xlated_len=3648 nr_jited_ksyms=1 ksym0=0xffffffffc0402e50 ksym1=0x0
[567.254351 pid=12507 tid=12519] BPF_MAP_UPDATE_ELEM prog_array name=sys_enter_init_ map_fd=10 map_id=360 key=509 prog_fd=169 prog_id=198 flags=0 ret=0 errno=0
[567.254432 pid=12507 tid=12519] native-loader jit-info prog_array-target fd=169 id=198 type=17 name=sys_enter_init tag=dcd704af68030f29 jited_len=2179 xlated_len=3648 nr_jited_ksyms=1 ksym0=0xffffffffc0402e50 ksym1=0x0
[567.254524 pid=12507 tid=12519] BPF_MAP_UPDATE_ELEM prog_array name=sys_enter_init_ map_fd=10 map_id=360 key=510 prog_fd=169 prog_id=198 flags=0 ret=0 errno=0
[567.254606 pid=12507 tid=12519] native-loader jit-info prog_array-target fd=169 id=198 type=17 name=sys_enter_init tag=dcd704af68030f29 jited_len=2179 xlated_len=3648 nr_jited_ksyms=1 ksym0=0xffffffffc0402e50 ksym1=0x0
[567.254697 pid=12507 tid=12519] BPF_MAP_UPDATE_ELEM prog_array name=sys_enter_init_ map_fd=10 map_id=360 key=511 prog_fd=169 prog_id=198 flags=0 ret=0 errno=0
[567.254779 pid=12507 tid=12519] native-loader jit-info prog_array-target fd=169 id=198 type=17 name=sys_enter_init tag=dcd704af68030f29 jited_len=2179 xlated_len=3648 nr_jited_ksyms=1 ksym0=0xffffffffc0402e50 ksym1=0x0
[567.254871 pid=12507 tid=12519] BPF_MAP_UPDATE_ELEM prog_array name=sys_enter_init_ map_fd=10 map_id=360 key=512 prog_fd=169 prog_id=198 flags=0 ret=0 errno=0
[567.254953 pid=12507 tid=12519] native-loader jit-info prog_array-target fd=169 id=198 type=17 name=sys_enter_init tag=dcd704af68030f29 jited_len=2179 xlated_len=3648 nr_jited_ksyms=1 ksym0=0xffffffffc0402e50 ksym1=0x0
[567.255046 pid=12507 tid=12519] BPF_MAP_UPDATE_ELEM prog_array name=sys_enter_init_ map_fd=10 map_id=360 key=513 prog_fd=169 prog_id=198 flags=0 ret=0 errno=0
[567.255130 pid=12507 tid=12519] native-loader jit-info prog_array-target fd=169 id=198 type=17 name=sys_enter_init tag=dcd704af68030f29 jited_len=2179 xlated_len=3648 nr_jited_ksyms=1 ksym0=0xffffffffc0402e50 ksym1=0x0
[567.255222 pid=12507 tid=12519] BPF_MAP_UPDATE_ELEM prog_array name=sys_enter_init_ map_fd=10 map_id=360 key=514 prog_fd=169 prog_id=198 flags=0 ret=0 errno=0
[567.255304 pid=12507 tid=12519] native-loader jit-info prog_array-target fd=169 id=198 type=17 name=sys_enter_init tag=dcd704af68030f29 jited_len=2179 xlated_len=3648 nr_jited_ksyms=1 ksym0=0xffffffffc0402e50 ksym1=0x0
[567.255396 pid=12507 tid=12519] BPF_MAP_UPDATE_ELEM prog_array name=sys_enter_init_ map_fd=10 map_id=360 key=515 prog_fd=169 prog_id=198 flags=0 ret=0 errno=0
[567.255478 pid=12507 tid=12519] native-loader jit-info prog_array-target fd=169 id=198 type=17 name=sys_enter_init tag=dcd704af68030f29 jited_len=2179 xlated_len=3648 nr_jited_ksyms=1 ksym0=0xffffffffc0402e50 ksym1=0x0
[567.255570 pid=12507 tid=12519] BPF_MAP_UPDATE_ELEM prog_array name=sys_enter_init_ map_fd=10 map_id=360 key=516 prog_fd=169 prog_id=198 flags=0 ret=0 errno=0
[567.255652 pid=12507 tid=12519] native-loader jit-info prog_array-target fd=169 id=198 type=17 name=sys_enter_init tag=dcd704af68030f29 jited_len=2179 xlated_len=3648 nr_jited_ksyms=1 ksym0=0xffffffffc0402e50 ksym1=0x0
[567.255744 pid=12507 tid=12519] BPF_MAP_UPDATE_ELEM prog_array name=sys_enter_init_ map_fd=10 map_id=360 key=517 prog_fd=169 prog_id=198 flags=0 ret=0 errno=0
[567.255826 pid=12507 tid=12519] native-loader jit-info prog_array-target fd=169 id=198 type=17 name=sys_enter_init tag=dcd704af68030f29 jited_len=2179 xlated_len=3648 nr_jited_ksyms=1 ksym0=0xffffffffc0402e50 ksym1=0x0
[567.255918 pid=12507 tid=12519] BPF_MAP_UPDATE_ELEM prog_array name=sys_enter_init_ map_fd=10 map_id=360 key=518 prog_fd=169 prog_id=198 flags=0 ret=0 errno=0
[567.256000 pid=12507 tid=12519] native-loader jit-info prog_array-target fd=169 id=198 type=17 name=sys_enter_init tag=dcd704af68030f29 jited_len=2179 xlated_len=3648 nr_jited_ksyms=1 ksym0=0xffffffffc0402e50 ksym1=0x0
[567.256093 pid=12507 tid=12519] BPF_MAP_UPDATE_ELEM prog_array name=sys_enter_init_ map_fd=10 map_id=360 key=519 prog_fd=169 prog_id=198 flags=0 ret=0 errno=0
[567.256175 pid=12507 tid=12519] native-loader jit-info prog_array-target fd=169 id=198 type=17 name=sys_enter_init tag=dcd704af68030f29 jited_len=2179 xlated_len=3648 nr_jited_ksyms=1 ksym0=0xffffffffc0402e50 ksym1=0x0
[567.256267 pid=12507 tid=12519] BPF_MAP_UPDATE_ELEM prog_array name=sys_enter_init_ map_fd=10 map_id=360 key=520 prog_fd=169 prog_id=198 flags=0 ret=0 errno=0
[567.256349 pid=12507 tid=12519] native-loader jit-info prog_array-target fd=169 id=198 type=17 name=sys_enter_init tag=dcd704af68030f29 jited_len=2179 xlated_len=3648 nr_jited_ksyms=1 ksym0=0xffffffffc0402e50 ksym1=0x0
[567.256441 pid=12507 tid=12519] BPF_MAP_UPDATE_ELEM prog_array name=sys_enter_init_ map_fd=10 map_id=360 key=521 prog_fd=169 prog_id=198 flags=0 ret=0 errno=0
[567.256523 pid=12507 tid=12519] native-loader jit-info prog_array-target fd=169 id=198 type=17 name=sys_enter_init tag=dcd704af68030f29 jited_len=2179 xlated_len=3648 nr_jited_ksyms=1 ksym0=0xffffffffc0402e50 ksym1=0x0
[567.256616 pid=12507 tid=12519] BPF_MAP_UPDATE_ELEM prog_array name=sys_enter_init_ map_fd=10 map_id=360 key=522 prog_fd=169 prog_id=198 flags=0 ret=0 errno=0
[567.256698 pid=12507 tid=12519] native-loader jit-info prog_array-target fd=169 id=198 type=17 name=sys_enter_init tag=dcd704af68030f29 jited_len=2179 xlated_len=3648 nr_jited_ksyms=1 ksym0=0xffffffffc0402e50 ksym1=0x0
[567.256790 pid=12507 tid=12519] BPF_MAP_UPDATE_ELEM prog_array name=sys_enter_init_ map_fd=10 map_id=360 key=523 prog_fd=169 prog_id=198 flags=0 ret=0 errno=0
[567.256871 pid=12507 tid=12519] native-loader jit-info prog_array-target fd=169 id=198 type=17 name=sys_enter_init tag=dcd704af68030f29 jited_len=2179 xlated_len=3648 nr_jited_ksyms=1 ksym0=0xffffffffc0402e50 ksym1=0x0
[567.256963 pid=12507 tid=12519] BPF_MAP_UPDATE_ELEM prog_array name=sys_enter_init_ map_fd=10 map_id=360 key=524 prog_fd=169 prog_id=198 flags=0 ret=0 errno=0
[567.257045 pid=12507 tid=12519] native-loader jit-info prog_array-target fd=169 id=198 type=17 name=sys_enter_init tag=dcd704af68030f29 jited_len=2179 xlated_len=3648 nr_jited_ksyms=1 ksym0=0xffffffffc0402e50 ksym1=0x0
[567.257140 pid=12507 tid=12519] BPF_MAP_UPDATE_ELEM prog_array name=sys_enter_init_ map_fd=10 map_id=360 key=525 prog_fd=169 prog_id=198 flags=0 ret=0 errno=0
[567.257221 pid=12507 tid=12519] native-loader jit-info prog_array-target fd=169 id=198 type=17 name=sys_enter_init tag=dcd704af68030f29 jited_len=2179 xlated_len=3648 nr_jited_ksyms=1 ksym0=0xffffffffc0402e50 ksym1=0x0
[567.257313 pid=12507 tid=12519] BPF_MAP_UPDATE_ELEM prog_array name=sys_enter_init_ map_fd=10 map_id=360 key=526 prog_fd=169 prog_id=198 flags=0 ret=0 errno=0
[567.257394 pid=12507 tid=12519] native-loader jit-info prog_array-target fd=169 id=198 type=17 name=sys_enter_init tag=dcd704af68030f29 jited_len=2179 xlated_len=3648 nr_jited_ksyms=1 ksym0=0xffffffffc0402e50 ksym1=0x0
[567.257486 pid=12507 tid=12519] BPF_MAP_UPDATE_ELEM prog_array name=sys_enter_init_ map_fd=10 map_id=360 key=527 prog_fd=169 prog_id=198 flags=0 ret=0 errno=0
[567.257568 pid=12507 tid=12519] native-loader jit-info prog_array-target fd=169 id=198 type=17 name=sys_enter_init tag=dcd704af68030f29 jited_len=2179 xlated_len=3648 nr_jited_ksyms=1 ksym0=0xffffffffc0402e50 ksym1=0x0
[567.257660 pid=12507 tid=12519] BPF_MAP_UPDATE_ELEM prog_array name=sys_enter_init_ map_fd=10 map_id=360 key=528 prog_fd=169 prog_id=198 flags=0 ret=0 errno=0
[567.257742 pid=12507 tid=12519] native-loader jit-info prog_array-target fd=169 id=198 type=17 name=sys_enter_init tag=dcd704af68030f29 jited_len=2179 xlated_len=3648 nr_jited_ksyms=1 ksym0=0xffffffffc0402e50 ksym1=0x0
[567.257834 pid=12507 tid=12519] BPF_MAP_UPDATE_ELEM prog_array name=sys_enter_init_ map_fd=10 map_id=360 key=529 prog_fd=169 prog_id=198 flags=0 ret=0 errno=0
[567.257916 pid=12507 tid=12519] native-loader jit-info prog_array-target fd=169 id=198 type=17 name=sys_enter_init tag=dcd704af68030f29 jited_len=2179 xlated_len=3648 nr_jited_ksyms=1 ksym0=0xffffffffc0402e50 ksym1=0x0
[567.258008 pid=12507 tid=12519] BPF_MAP_UPDATE_ELEM prog_array name=sys_enter_init_ map_fd=10 map_id=360 key=530 prog_fd=169 prog_id=198 flags=0 ret=0 errno=0
[567.258091 pid=12507 tid=12519] native-loader jit-info prog_array-target fd=169 id=198 type=17 name=sys_enter_init tag=dcd704af68030f29 jited_len=2179 xlated_len=3648 nr_jited_ksyms=1 ksym0=0xffffffffc0402e50 ksym1=0x0
[567.258183 pid=12507 tid=12519] BPF_MAP_UPDATE_ELEM prog_array name=sys_enter_init_ map_fd=10 map_id=360 key=531 prog_fd=169 prog_id=198 flags=0 ret=0 errno=0
[567.258265 pid=12507 tid=12519] native-loader jit-info prog_array-target fd=169 id=198 type=17 name=sys_enter_init tag=dcd704af68030f29 jited_len=2179 xlated_len=3648 nr_jited_ksyms=1 ksym0=0xffffffffc0402e50 ksym1=0x0
[567.258357 pid=12507 tid=12519] BPF_MAP_UPDATE_ELEM prog_array name=sys_enter_init_ map_fd=10 map_id=360 key=532 prog_fd=169 prog_id=198 flags=0 ret=0 errno=0
[567.258438 pid=12507 tid=12519] native-loader jit-info prog_array-target fd=169 id=198 type=17 name=sys_enter_init tag=dcd704af68030f29 jited_len=2179 xlated_len=3648 nr_jited_ksyms=1 ksym0=0xffffffffc0402e50 ksym1=0x0
[567.258530 pid=12507 tid=12519] BPF_MAP_UPDATE_ELEM prog_array name=sys_enter_init_ map_fd=10 map_id=360 key=533 prog_fd=169 prog_id=198 flags=0 ret=0 errno=0
[567.258612 pid=12507 tid=12519] native-loader jit-info prog_array-target fd=169 id=198 type=17 name=sys_enter_init tag=dcd704af68030f29 jited_len=2179 xlated_len=3648 nr_jited_ksyms=1 ksym0=0xffffffffc0402e50 ksym1=0x0
[567.258705 pid=12507 tid=12519] BPF_MAP_UPDATE_ELEM prog_array name=sys_enter_init_ map_fd=10 map_id=360 key=534 prog_fd=169 prog_id=198 flags=0 ret=0 errno=0
[567.258787 pid=12507 tid=12519] native-loader jit-info prog_array-target fd=169 id=198 type=17 name=sys_enter_init tag=dcd704af68030f29 jited_len=2179 xlated_len=3648 nr_jited_ksyms=1 ksym0=0xffffffffc0402e50 ksym1=0x0
[567.258894 pid=12507 tid=12519] BPF_MAP_UPDATE_ELEM prog_array name=sys_exit_tails map_fd=18 map_id=368 key=43 prog_fd=220 prog_id=318 flags=0 ret=0 errno=0
[567.258984 pid=12507 tid=12519] native-loader jit-info prog_array-target fd=220 id=318 type=17 name=syscall__accept tag=b4c1a5a3f28c7cbd jited_len=8344 xlated_len=12200 nr_jited_ksyms=2 ksym0=0xffffffffc04285d8 ksym1=0xffffffffc0401670
[567.259077 pid=12507 tid=12519] BPF_MAP_UPDATE_ELEM prog_array name=sys_exit_tails map_fd=18 map_id=368 key=288 prog_fd=220 prog_id=318 flags=0 ret=0 errno=0
[567.259160 pid=12507 tid=12519] native-loader jit-info prog_array-target fd=220 id=318 type=17 name=syscall__accept tag=b4c1a5a3f28c7cbd jited_len=8344 xlated_len=12200 nr_jited_ksyms=2 ksym0=0xffffffffc04285d8 ksym1=0xffffffffc0401670
[567.261034 pid=12507 tid=12519] BPF_MAP_UPDATE_ELEM prog_array name=prog_array map_fd=27 map_id=377 key=9 prog_fd=207 prog_id=294 flags=0 ret=0 errno=0
[567.261133 pid=12507 tid=12519] native-loader jit-info prog_array-target fd=207 id=294 type=2 name=lkm_seeker_proc tag=416abff053fa8fcd jited_len=45378 xlated_len=79504 nr_jited_ksyms=1 ksym0=0xffffffffc0467fb4 ksym1=0x0
[568.606500 pid=12507 tid=12511] socket: cmd=has_programs len=24
[568.607290 pid=12507 tid=12511] socket: cmd=list_progs len=22
[568.811673 pid=12507 tid=12511] socket: cmd=list_progs len=22
[569.016050 pid=12507 tid=12511] socket: cmd=list_progs len=22
[569.220211 pid=12507 tid=12511] socket: cmd=list_progs len=22
[569.424584 pid=12507 tid=12511] socket: cmd=list_progs len=22
[569.628808 pid=12507 tid=12511] socket: cmd=list_progs len=22
[569.833271 pid=12507 tid=12511] socket: cmd=list_progs len=22
[570.037797 pid=12507 tid=12511] socket: cmd=list_progs len=22
[570.242373 pid=12507 tid=12511] socket: cmd=list_progs len=22
[570.446314 pid=12507 tid=12511] socket: cmd=list_progs len=22
[570.650392 pid=12507 tid=12511] socket: cmd=list_progs len=22
[570.854950 pid=12507 tid=12511] socket: cmd=list_progs len=22
[571.059180 pid=12507 tid=12511] socket: cmd=list_progs len=22
[571.263250 pid=12507 tid=12511] socket: cmd=list_progs len=22
[571.467219 pid=12507 tid=12511] socket: cmd=list_progs len=22
[571.671242 pid=12507 tid=12511] socket: cmd=list_progs len=22
[571.875197 pid=12507 tid=12511] socket: cmd=list_progs len=22
[572.079657 pid=12507 tid=12511] socket: cmd=list_progs len=22
[572.284172 pid=12507 tid=12511] socket: cmd=list_progs len=22
[572.488329 pid=12507 tid=12511] socket: cmd=list_progs len=22
[572.692463 pid=12507 tid=12511] socket: cmd=list_progs len=22
[572.896369 pid=12507 tid=12511] socket: cmd=list_progs len=22
[573.101121 pid=12507 tid=12511] socket: cmd=list_progs len=22
[573.305388 pid=12507 tid=12511] socket: cmd=list_progs len=22
[573.509260 pid=12507 tid=12511] socket: cmd=list_progs len=22
[573.713397 pid=12507 tid=12511] socket: cmd=list_progs len=22
[573.917519 pid=12507 tid=12511] socket: cmd=list_progs len=22
[574.121369 pid=12507 tid=12511] socket: cmd=list_progs len=22
[574.325538 pid=12507 tid=12511] socket: cmd=list_progs len=22
[574.529609 pid=12507 tid=12511] socket: cmd=list_progs len=22
[574.733562 pid=12507 tid=12511] socket: cmd=list_progs len=22
[574.937759 pid=12507 tid=12511] socket: cmd=list_progs len=22
[575.142047 pid=12507 tid=12511] socket: cmd=list_progs len=22
[575.346375 pid=12507 tid=12511] socket: cmd=list_progs len=22
[575.550569 pid=12507 tid=12511] socket: cmd=list_progs len=22
[575.754858 pid=12507 tid=12511] socket: cmd=list_progs len=22
[575.958640 pid=12507 tid=12511] socket: cmd=list_progs len=22
[576.162916 pid=12507 tid=12511] socket: cmd=list_progs len=22
[576.366815 pid=12507 tid=12511] socket: cmd=list_progs len=22
[576.570735 pid=12507 tid=12511] socket: cmd=list_progs len=22
[576.774610 pid=12507 tid=12511] socket: cmd=list_progs len=22
[576.978490 pid=12507 tid=12511] socket: cmd=list_progs len=22
[577.182436 pid=12507 tid=12511] socket: cmd=list_progs len=22
[577.386654 pid=12507 tid=12511] socket: cmd=list_progs len=22
[577.590815 pid=12507 tid=12511] socket: cmd=list_progs len=22
[577.795210 pid=12507 tid=12511] socket: cmd=list_progs len=22
[578.000043 pid=12507 tid=12511] socket: cmd=list_progs len=22
[578.204778 pid=12507 tid=12511] socket: cmd=list_progs len=22
[578.409414 pid=12507 tid=12511] socket: cmd=list_progs len=22
[578.614616 pid=12507 tid=12511] socket: cmd=list_progs len=22
[578.819381 pid=12507 tid=12511] socket: cmd=list_progs len=22
[579.024303 pid=12507 tid=12511] socket: cmd=list_progs len=22
[579.228495 pid=12507 tid=12511] socket: cmd=list_progs len=22
[579.433123 pid=12507 tid=12511] socket: cmd=list_progs len=22
[579.637543 pid=12507 tid=12511] socket: cmd=list_progs len=22
[579.842542 pid=12507 tid=12511] socket: cmd=list_progs len=22
[580.046841 pid=12507 tid=12511] socket: cmd=list_progs len=22
[580.251488 pid=12507 tid=12511] socket: cmd=list_progs len=22
[580.455557 pid=12507 tid=12511] socket: cmd=list_progs len=22
[580.659717 pid=12507 tid=12511] socket: cmd=list_progs len=22
[580.863630 pid=12507 tid=12511] socket: cmd=list_progs len=22
[581.067981 pid=12507 tid=12511] socket: cmd=list_progs len=22
[581.272504 pid=12507 tid=12511] socket: cmd=list_progs len=22
[581.477334 pid=12507 tid=12511] socket: cmd=list_progs len=22
[581.681511 pid=12507 tid=12511] socket: cmd=list_progs len=22
[581.885498 pid=12507 tid=12511] socket: cmd=list_progs len=22
[582.089760 pid=12507 tid=12511] socket: cmd=list_progs len=22
[582.294295 pid=12507 tid=12511] socket: cmd=list_progs len=22
[582.498668 pid=12507 tid=12511] socket: cmd=list_progs len=22
[582.703205 pid=12507 tid=12511] socket: cmd=list_progs len=22
[582.907678 pid=12507 tid=12511] socket: cmd=list_progs len=22
[583.111690 pid=12507 tid=12511] socket: cmd=list_progs len=22
[583.316025 pid=12507 tid=12511] socket: cmd=list_progs len=22
[583.520237 pid=12507 tid=12511] socket: cmd=list_progs len=22
[583.724371 pid=12507 tid=12511] socket: cmd=list_progs len=22
[648.764403 pid=12507 tid=12511] socket: cmd=measure_start len=25
[828.873174 pid=12507 tid=12511] socket: cmd=measure_finish len=26
