[45.509902 pid=1940 tid=1940] shim_init pid=1940 exe=/artifacts/tracee/bin/tracee
[45.510679 pid=1940 tid=1944] socket: listening on /var/run/bpfrejit/shim-1940.sock
[45.735660 pid=1940 tid=1940] BPF_PROG_LOAD type=1 (socket_filter) name= insn_cnt=2 hash=39f82ae52884c235 policy_hash=39f82ae52884c235 branch_profile_hash=13453716aec57bda license=GPL expected_attach=0 attach_btf_id=0 prog_btf_fd=0 attach_btf_obj_fd=0 attach_prog_fd=0
[45.736162 pid=1940 tid=1940]   PROG_LOAD -> fd=113 errno=0 kernel_prog_id=4
[45.736794 pid=1940 tid=1940] BPF_MAP_CREATE type=33 key_size=0 value_size=0 max_entries=1 name=
[45.739599 pid=1940 tid=1940]   MAP_CREATE -> fd=113 errno=0 kernel_map_id=2
[45.739980 pid=1940 tid=1940] BPF_PROG_LOAD type=2 (kprobe) name= insn_cnt=2 hash=c922f2517112e7eb policy_hash=c922f2517112e7eb branch_profile_hash=fe894341462557b9 license=GPL expected_attach=0 attach_btf_id=0 prog_btf_fd=0 attach_btf_obj_fd=0 attach_prog_fd=0
[45.740274 pid=1940 tid=1940]   PROG_LOAD -> fd=113 errno=0 kernel_prog_id=5
[45.832734 pid=1940 tid=1956] BPF_PROG_LOAD type=2 (kprobe) name= insn_cnt=2 hash=bf7505f91f32cdb8 policy_hash=bf7505f91f32cdb8 branch_profile_hash=fe894341462557b9 license=GPL expected_attach=0 attach_btf_id=0 prog_btf_fd=0 attach_btf_obj_fd=0 attach_prog_fd=0
[45.833531 pid=1940 tid=1956]   PROG_LOAD -> fd=113 errno=0 kernel_prog_id=6
[45.839541 pid=1940 tid=1956] BPF_MAP_CREATE type=1 key_size=4 value_size=4 max_entries=1 name=
[45.840169 pid=1940 tid=1956]   MAP_CREATE -> fd=113 errno=0 kernel_map_id=3
[45.840777 pid=1940 tid=1956] BPF_MAP_CREATE type=3 key_size=4 value_size=4 max_entries=1 name=
[45.841269 pid=1940 tid=1956]   MAP_CREATE -> fd=113 errno=0 kernel_map_id=4
[45.841812 pid=1940 tid=1956] BPF_MAP_CREATE type=9 key_size=4 value_size=4 max_entries=1 name=
[45.842275 pid=1940 tid=1956]   MAP_CREATE -> fd=113 errno=0 kernel_map_id=5
[45.842596 pid=1940 tid=1956] BPF_MAP_CREATE type=2 key_size=4 value_size=4 max_entries=1 name=
[45.842945 pid=1940 tid=1956]   MAP_CREATE -> fd=113 errno=0 kernel_map_id=6
[45.843556 pid=1940 tid=1956] BPF_MAP_CREATE type=3 key_size=4 value_size=4 max_entries=1 name=
[45.844043 pid=1940 tid=1956]   MAP_CREATE -> fd=113 errno=0 kernel_map_id=7
[45.844472 pid=1940 tid=1956] BPF_MAP_CREATE type=3 key_size=4 value_size=4 max_entries=1 name=
[45.844780 pid=1940 tid=1956]   MAP_CREATE -> fd=113 errno=0 kernel_map_id=8
[45.845063 pid=1940 tid=1956] BPF_MAP_CREATE type=9 key_size=4 value_size=4 max_entries=1 name=
[45.845309 pid=1940 tid=1956]   MAP_CREATE -> fd=113 errno=0 kernel_map_id=9
[45.845510 pid=1940 tid=1956] BPF_MAP_CREATE type=3 key_size=4 value_size=4 max_entries=1 name=
[45.845742 pid=1940 tid=1956]   MAP_CREATE -> fd=113 errno=0 kernel_map_id=10
[45.845974 pid=1940 tid=1956] BPF_MAP_CREATE type=3 key_size=4 value_size=4 max_entries=1 name=
[45.846140 pid=1940 tid=1956]   MAP_CREATE -> fd=113 errno=0 kernel_map_id=11
[45.846350 pid=1940 tid=1956] BPF_MAP_CREATE type=3 key_size=4 value_size=4 max_entries=1 name=
[45.846539 pid=1940 tid=1956]   MAP_CREATE -> fd=113 errno=0 kernel_map_id=12
[45.846649 pid=1940 tid=1956] BPF_MAP_CREATE type=3 key_size=4 value_size=4 max_entries=1 name=
[45.846860 pid=1940 tid=1956]   MAP_CREATE -> fd=113 errno=0 kernel_map_id=13
[45.847063 pid=1940 tid=1956] BPF_MAP_CREATE type=3 key_size=4 value_size=4 max_entries=1 name=
[45.847173 pid=1940 tid=1956]   MAP_CREATE -> fd=113 errno=0 kernel_map_id=14
[45.847320 pid=1940 tid=1956] BPF_MAP_CREATE type=9 key_size=4 value_size=4 max_entries=1 name=
[45.847420 pid=1940 tid=1956]   MAP_CREATE -> fd=113 errno=0 kernel_map_id=15
[45.847519 pid=1940 tid=1956] BPF_MAP_CREATE type=1 key_size=4 value_size=4 max_entries=1 name=
[45.847620 pid=1940 tid=1956]   MAP_CREATE -> fd=113 errno=0 kernel_map_id=16
[45.847797 pid=1940 tid=1956] BPF_MAP_CREATE type=1 key_size=4 value_size=4 max_entries=1 name=
[45.847896 pid=1940 tid=1956]   MAP_CREATE -> fd=113 errno=0 kernel_map_id=17
[45.848078 pid=1940 tid=1956] BPF_MAP_CREATE type=13 key_size=4 value_size=4 max_entries=1 name=
[45.848186 pid=1940 tid=1956]   MAP_CREATE -> fd=114 errno=0 kernel_map_id=18
[45.848427 pid=1940 tid=1956] BPF_MAP_CREATE type=1 key_size=4 value_size=4 max_entries=1 name=
[45.848590 pid=1940 tid=1956]   MAP_CREATE -> fd=113 errno=0 kernel_map_id=19
[45.848765 pid=1940 tid=1956] BPF_MAP_CREATE type=6 key_size=4 value_size=4 max_entries=1 name=
[45.848994 pid=1940 tid=1956]   MAP_CREATE -> fd=113 errno=0 kernel_map_id=20
[45.849088 pid=1940 tid=1956] BPF_MAP_CREATE type=22 key_size=0 value_size=4 max_entries=1 name=
[45.849277 pid=1940 tid=1956]   MAP_CREATE -> fd=113 errno=0 kernel_map_id=21
[45.849461 pid=1940 tid=1956] BPF_MAP_CREATE type=3 key_size=4 value_size=4 max_entries=1 name=
[45.849558 pid=1940 tid=1956]   MAP_CREATE -> fd=113 errno=0 kernel_map_id=22
[45.849660 pid=1940 tid=1956] BPF_MAP_CREATE type=1 key_size=4 value_size=4 max_entries=1 name=
[45.849830 pid=1940 tid=1956]   MAP_CREATE -> fd=113 errno=0 kernel_map_id=23
[45.850055 pid=1940 tid=1956] BPF_MAP_CREATE type=3 key_size=4 value_size=4 max_entries=1 name=
[45.850244 pid=1940 tid=1956]   MAP_CREATE -> fd=113 errno=0 kernel_map_id=24
[45.850409 pid=1940 tid=1956] BPF_MAP_CREATE type=1 key_size=4 value_size=4 max_entries=1 name=
[45.850609 pid=1940 tid=1956]   MAP_CREATE -> fd=113 errno=0 kernel_map_id=25
[45.850770 pid=1940 tid=1956] BPF_MAP_CREATE type=9 key_size=4 value_size=4 max_entries=1 name=
[45.850988 pid=1940 tid=1956]   MAP_CREATE -> fd=113 errno=0 kernel_map_id=26
[45.851268 pid=1940 tid=1956] BPF_MAP_CREATE type=9 key_size=4 value_size=4 max_entries=1 name=
[45.851488 pid=1940 tid=1956]   MAP_CREATE -> fd=113 errno=0 kernel_map_id=27
[45.851707 pid=1940 tid=1956] BPF_MAP_CREATE type=9 key_size=4 value_size=4 max_entries=1 name=
[45.851810 pid=1940 tid=1956]   MAP_CREATE -> fd=113 errno=0 kernel_map_id=28
[45.852019 pid=1940 tid=1956] BPF_MAP_CREATE type=33 key_size=0 value_size=0 max_entries=1 name=
[45.853411 pid=1940 tid=1956]   MAP_CREATE -> fd=113 errno=0 kernel_map_id=29
[45.853665 pid=1940 tid=1956] BPF_MAP_CREATE type=1 key_size=4 value_size=4 max_entries=1 name=
[45.853864 pid=1940 tid=1956]   MAP_CREATE -> fd=113 errno=0 kernel_map_id=30
[45.854102 pid=1940 tid=1956] BPF_MAP_CREATE type=1 key_size=4 value_size=4 max_entries=1 name=
[45.854343 pid=1940 tid=1956]   MAP_CREATE -> fd=113 errno=0 kernel_map_id=31
[45.854593 pid=1940 tid=1956] BPF_MAP_CREATE type=1 key_size=4 value_size=4 max_entries=1 name=
[45.854805 pid=1940 tid=1956]   MAP_CREATE -> fd=113 errno=0 kernel_map_id=32
[45.854908 pid=1940 tid=1956] BPF_MAP_CREATE type=2 key_size=4 value_size=4 max_entries=1 name=
[45.855067 pid=1940 tid=1956]   MAP_CREATE -> fd=113 errno=0 kernel_map_id=33
[45.855256 pid=1940 tid=1956] BPF_MAP_CREATE type=2 key_size=4 value_size=4 max_entries=1 name=
[45.855472 pid=1940 tid=1956]   MAP_CREATE -> fd=113 errno=0 kernel_map_id=34
[45.855771 pid=1940 tid=1956] BPF_MAP_CREATE type=2 key_size=4 value_size=4 max_entries=1 name=
[45.855844 pid=1940 tid=1956]   MAP_CREATE -> fd=113 errno=0 kernel_map_id=35
[45.856020 pid=1940 tid=1956] BPF_MAP_CREATE type=2 key_size=4 value_size=4 max_entries=1 name=
[45.856134 pid=1940 tid=1956]   MAP_CREATE -> fd=113 errno=0 kernel_map_id=36
[45.856240 pid=1940 tid=1956] BPF_MAP_CREATE type=2 key_size=4 value_size=4 max_entries=1 name=
[45.856510 pid=1940 tid=1956]   MAP_CREATE -> fd=113 errno=0 kernel_map_id=37
[45.856724 pid=1940 tid=1956] BPF_MAP_CREATE type=6 key_size=4 value_size=4 max_entries=1 name=
[45.856925 pid=1940 tid=1956]   MAP_CREATE -> fd=113 errno=0 kernel_map_id=38
[45.857028 pid=1940 tid=1956] BPF_MAP_CREATE type=6 key_size=4 value_size=4 max_entries=1 name=
[45.857260 pid=1940 tid=1956]   MAP_CREATE -> fd=113 errno=0 kernel_map_id=39
[45.857490 pid=1940 tid=1956] BPF_MAP_CREATE type=6 key_size=4 value_size=4 max_entries=1 name=
[45.857673 pid=1940 tid=1956]   MAP_CREATE -> fd=113 errno=0 kernel_map_id=40
[45.857832 pid=1940 tid=1956] BPF_MAP_CREATE type=9 key_size=4 value_size=4 max_entries=1 name=
[45.858032 pid=1940 tid=1956]   MAP_CREATE -> fd=113 errno=0 kernel_map_id=41
[45.858236 pid=1940 tid=1956] BPF_MAP_CREATE type=7 key_size=4 value_size=8 max_entries=1 name=
[45.858460 pid=1940 tid=1956]   MAP_CREATE -> fd=113 errno=0 kernel_map_id=42
[45.858557 pid=1940 tid=1956] BPF_MAP_CREATE type=9 key_size=4 value_size=4 max_entries=1 name=
[45.858625 pid=1940 tid=1956]   MAP_CREATE -> fd=113 errno=0 kernel_map_id=43
[45.858781 pid=1940 tid=1956] BPF_MAP_CREATE type=9 key_size=4 value_size=4 max_entries=1 name=
[45.858847 pid=1940 tid=1956]   MAP_CREATE -> fd=113 errno=0 kernel_map_id=44
[45.859055 pid=1940 tid=1956] BPF_MAP_CREATE type=9 key_size=4 value_size=4 max_entries=1 name=
[45.859122 pid=1940 tid=1956]   MAP_CREATE -> fd=113 errno=0 kernel_map_id=45
[45.859224 pid=1940 tid=1956] BPF_MAP_CREATE type=6 key_size=4 value_size=4 max_entries=1 name=
[45.859292 pid=1940 tid=1956]   MAP_CREATE -> fd=113 errno=0 kernel_map_id=46
[45.859473 pid=1940 tid=1956] BPF_MAP_CREATE type=6 key_size=4 value_size=4 max_entries=1 name=
[45.859675 pid=1940 tid=1956]   MAP_CREATE -> fd=113 errno=0 kernel_map_id=47
[45.859900 pid=1940 tid=1956] BPF_MAP_CREATE type=1 key_size=4 value_size=4 max_entries=1 name=
[45.860148 pid=1940 tid=1956]   MAP_CREATE -> fd=113 errno=0 kernel_map_id=48
[45.860222 pid=1940 tid=1956] BPF_MAP_CREATE type=6 key_size=4 value_size=4 max_entries=1 name=
[45.860370 pid=1940 tid=1956]   MAP_CREATE -> fd=113 errno=0 kernel_map_id=49
[45.860564 pid=1940 tid=1956] BPF_MAP_CREATE type=9 key_size=4 value_size=4 max_entries=1 name=
[45.860784 pid=1940 tid=1956]   MAP_CREATE -> fd=113 errno=0 kernel_map_id=50
[45.860975 pid=1940 tid=1956] BPF_MAP_CREATE type=9 key_size=4 value_size=4 max_entries=1 name=
[45.861229 pid=1940 tid=1956]   MAP_CREATE -> fd=113 errno=0 kernel_map_id=51
[45.861333 pid=1940 tid=1956] BPF_MAP_CREATE type=9 key_size=4 value_size=4 max_entries=1 name=
[45.861429 pid=1940 tid=1956]   MAP_CREATE -> fd=113 errno=0 kernel_map_id=52
[45.861500 pid=1940 tid=1956] BPF_MAP_CREATE type=1 key_size=4 value_size=4 max_entries=1 name=
[45.861689 pid=1940 tid=1956]   MAP_CREATE -> fd=113 errno=0 kernel_map_id=53
[45.861868 pid=1940 tid=1956] BPF_MAP_CREATE type=1 key_size=4 value_size=4 max_entries=1 name=
[45.862099 pid=1940 tid=1956]   MAP_CREATE -> fd=113 errno=0 kernel_map_id=54
[45.862163 pid=1940 tid=1956] BPF_MAP_CREATE type=13 key_size=4 value_size=4 max_entries=1 name=
[45.862236 pid=1940 tid=1956]   MAP_CREATE -> fd=114 errno=0 kernel_map_id=55
[45.862309 pid=1940 tid=1956] BPF_MAP_CREATE type=1 key_size=4 value_size=4 max_entries=1 name=
[45.862375 pid=1940 tid=1956]   MAP_CREATE -> fd=113 errno=0 kernel_map_id=56
[45.862555 pid=1940 tid=1956] BPF_MAP_CREATE type=1 key_size=4 value_size=4 max_entries=1 name=
[45.862622 pid=1940 tid=1956]   MAP_CREATE -> fd=113 errno=0 kernel_map_id=57
[45.862816 pid=1940 tid=1956] BPF_MAP_CREATE type=1 key_size=4 value_size=4 max_entries=1 name=
[45.863025 pid=1940 tid=1956]   MAP_CREATE -> fd=113 errno=0 kernel_map_id=58
[45.863091 pid=1940 tid=1956] BPF_MAP_CREATE type=13 key_size=4 value_size=4 max_entries=1 name=
[45.863165 pid=1940 tid=1956]   MAP_CREATE -> fd=114 errno=0 kernel_map_id=59
[45.863443 pid=1940 tid=1956] BPF_MAP_CREATE type=1 key_size=4 value_size=4 max_entries=1 name=
[45.863628 pid=1940 tid=1956]   MAP_CREATE -> fd=113 errno=0 kernel_map_id=60
[45.863828 pid=1940 tid=1956] BPF_MAP_CREATE type=1 key_size=4 value_size=4 max_entries=1 name=
[45.864003 pid=1940 tid=1956]   MAP_CREATE -> fd=113 errno=0 kernel_map_id=61
[45.864104 pid=1940 tid=1956] BPF_MAP_CREATE type=1 key_size=4 value_size=4 max_entries=1 name=
[45.864201 pid=1940 tid=1956]   MAP_CREATE -> fd=113 errno=0 kernel_map_id=62
[45.864296 pid=1940 tid=1956] BPF_MAP_CREATE type=13 key_size=4 value_size=4 max_entries=1 name=
[45.864576 pid=1940 tid=1956]   MAP_CREATE -> fd=114 errno=0 kernel_map_id=63
[45.864642 pid=1940 tid=1956] BPF_MAP_CREATE type=1 key_size=4 value_size=4 max_entries=1 name=
[45.864711 pid=1940 tid=1956]   MAP_CREATE -> fd=113 errno=0 kernel_map_id=64
[45.864895 pid=1940 tid=1956] BPF_MAP_CREATE type=1 key_size=4 value_size=4 max_entries=1 name=
[45.865073 pid=1940 tid=1956]   MAP_CREATE -> fd=113 errno=0 kernel_map_id=65
[45.865170 pid=1940 tid=1956] BPF_MAP_CREATE type=1 key_size=4 value_size=4 max_entries=1 name=
[45.865240 pid=1940 tid=1956]   MAP_CREATE -> fd=113 errno=0 kernel_map_id=66
[45.865485 pid=1940 tid=1956] BPF_MAP_CREATE type=13 key_size=4 value_size=4 max_entries=1 name=
[45.865723 pid=1940 tid=1956]   MAP_CREATE -> fd=114 errno=0 kernel_map_id=67
[45.865796 pid=1940 tid=1956] BPF_MAP_CREATE type=1 key_size=4 value_size=4 max_entries=1 name=
[45.866056 pid=1940 tid=1956]   MAP_CREATE -> fd=113 errno=0 kernel_map_id=68
[45.866304 pid=1940 tid=1956] BPF_MAP_CREATE type=1 key_size=4 value_size=4 max_entries=1 name=
[45.866388 pid=1940 tid=1956]   MAP_CREATE -> fd=113 errno=0 kernel_map_id=69
[45.866594 pid=1940 tid=1956] BPF_MAP_CREATE type=1 key_size=4 value_size=4 max_entries=1 name=
[45.866841 pid=1940 tid=1956]   MAP_CREATE -> fd=113 errno=0 kernel_map_id=70
[45.866908 pid=1940 tid=1956] BPF_MAP_CREATE type=13 key_size=4 value_size=4 max_entries=1 name=
[45.867149 pid=1940 tid=1956]   MAP_CREATE -> fd=114 errno=0 kernel_map_id=71
[45.867221 pid=1940 tid=1956] BPF_MAP_CREATE type=1 key_size=4 value_size=4 max_entries=1 name=
[45.867289 pid=1940 tid=1956]   MAP_CREATE -> fd=113 errno=0 kernel_map_id=72
[45.867432 pid=1940 tid=1956] BPF_MAP_CREATE type=1 key_size=4 value_size=4 max_entries=1 name=
[45.867496 pid=1940 tid=1956]   MAP_CREATE -> fd=113 errno=0 kernel_map_id=73
[45.867717 pid=1940 tid=1956] BPF_MAP_CREATE type=1 key_size=4 value_size=4 max_entries=1 name=
[45.867786 pid=1940 tid=1956]   MAP_CREATE -> fd=113 errno=0 kernel_map_id=74
[45.867950 pid=1940 tid=1956] BPF_MAP_CREATE type=13 key_size=4 value_size=4 max_entries=1 name=
[45.868023 pid=1940 tid=1956]   MAP_CREATE -> fd=114 errno=0 kernel_map_id=75
[45.868325 pid=1940 tid=1956] BPF_MAP_CREATE type=1 key_size=4 value_size=4 max_entries=1 name=
[45.868588 pid=1940 tid=1956]   MAP_CREATE -> fd=113 errno=0 kernel_map_id=76
[45.868863 pid=1940 tid=1956] BPF_MAP_CREATE type=1 key_size=4 value_size=4 max_entries=1 name=
[45.869081 pid=1940 tid=1956]   MAP_CREATE -> fd=113 errno=0 kernel_map_id=77
[45.869192 pid=1940 tid=1956] BPF_MAP_CREATE type=1 key_size=4 value_size=4 max_entries=1 name=
[45.869356 pid=1940 tid=1956]   MAP_CREATE -> fd=113 errno=0 kernel_map_id=78
[45.869579 pid=1940 tid=1956] BPF_MAP_CREATE type=13 key_size=4 value_size=4 max_entries=1 name=
[45.869758 pid=1940 tid=1956]   MAP_CREATE -> fd=114 errno=0 kernel_map_id=79
[45.869956 pid=1940 tid=1956] BPF_MAP_CREATE type=1 key_size=4 value_size=4 max_entries=1 name=
[45.870182 pid=1940 tid=1956]   MAP_CREATE -> fd=113 errno=0 kernel_map_id=80
[45.870287 pid=1940 tid=1956] BPF_MAP_CREATE type=11 key_size=8 value_size=8 max_entries=1 name=
[45.870359 pid=1940 tid=1956]   MAP_CREATE -> fd=113 errno=0 kernel_map_id=81
[45.870425 pid=1940 tid=1956] BPF_MAP_CREATE type=1 key_size=4 value_size=4 max_entries=1 name=
[45.870655 pid=1940 tid=1956]   MAP_CREATE -> fd=113 errno=0 kernel_map_id=82
[45.870807 pid=1940 tid=1956] BPF_MAP_CREATE type=13 key_size=4 value_size=4 max_entries=1 name=
[45.871014 pid=1940 tid=1956]   MAP_CREATE -> fd=114 errno=0 kernel_map_id=83
[45.871090 pid=1940 tid=1956] BPF_MAP_CREATE type=11 key_size=8 value_size=8 max_entries=1 name=
[45.871157 pid=1940 tid=1956]   MAP_CREATE -> fd=113 errno=0 kernel_map_id=84
[45.871225 pid=1940 tid=1956] BPF_MAP_CREATE type=11 key_size=8 value_size=8 max_entries=1 name=
[45.871298 pid=1940 tid=1956]   MAP_CREATE -> fd=113 errno=0 kernel_map_id=85
[45.871482 pid=1940 tid=1956] BPF_MAP_CREATE type=1 key_size=4 value_size=4 max_entries=1 name=
[45.871580 pid=1940 tid=1956]   MAP_CREATE -> fd=113 errno=0 kernel_map_id=86
[45.871677 pid=1940 tid=1956] BPF_MAP_CREATE type=13 key_size=4 value_size=4 max_entries=1 name=
[45.871921 pid=1940 tid=1956]   MAP_CREATE -> fd=114 errno=0 kernel_map_id=87
[45.871994 pid=1940 tid=1956] BPF_MAP_CREATE type=11 key_size=8 value_size=8 max_entries=1 name=
[45.872065 pid=1940 tid=1956]   MAP_CREATE -> fd=113 errno=0 kernel_map_id=88
[45.872172 pid=1940 tid=1956] BPF_MAP_CREATE type=1 key_size=4 value_size=4 max_entries=1 name=
[45.872244 pid=1940 tid=1956]   MAP_CREATE -> fd=113 errno=0 kernel_map_id=89
[45.872449 pid=1940 tid=1956] BPF_MAP_CREATE type=1 key_size=4 value_size=4 max_entries=1 name=
[45.872513 pid=1940 tid=1956]   MAP_CREATE -> fd=113 errno=0 kernel_map_id=90
[45.872708 pid=1940 tid=1956] BPF_MAP_CREATE type=13 key_size=4 value_size=4 max_entries=1 name=
[45.872781 pid=1940 tid=1956]   MAP_CREATE -> fd=114 errno=0 kernel_map_id=91
[45.872958 pid=1940 tid=1956] BPF_MAP_CREATE type=1 key_size=4 value_size=4 max_entries=1 name=
[45.873190 pid=1940 tid=1956]   MAP_CREATE -> fd=113 errno=0 kernel_map_id=92
[45.873261 pid=1940 tid=1956] BPF_MAP_CREATE type=1 key_size=4 value_size=4 max_entries=1 name=
[45.873332 pid=1940 tid=1956]   MAP_CREATE -> fd=113 errno=0 kernel_map_id=93
[45.873540 pid=1940 tid=1956] BPF_MAP_CREATE type=1 key_size=4 value_size=4 max_entries=1 name=
[45.873736 pid=1940 tid=1956]   MAP_CREATE -> fd=113 errno=0 kernel_map_id=94
[45.873832 pid=1940 tid=1956] BPF_MAP_CREATE type=13 key_size=4 value_size=4 max_entries=1 name=
[45.873905 pid=1940 tid=1956]   MAP_CREATE -> fd=114 errno=0 kernel_map_id=95
[45.874161 pid=1940 tid=1956] BPF_MAP_CREATE type=1 key_size=4 value_size=4 max_entries=1 name=
[45.874382 pid=1940 tid=1956]   MAP_CREATE -> fd=113 errno=0 kernel_map_id=96
[45.874454 pid=1940 tid=1956] BPF_MAP_CREATE type=1 key_size=4 value_size=4 max_entries=1 name=
[45.874521 pid=1940 tid=1956]   MAP_CREATE -> fd=113 errno=0 kernel_map_id=97
[45.874708 pid=1940 tid=1956] BPF_MAP_CREATE type=1 key_size=4 value_size=4 max_entries=1 name=
[45.874775 pid=1940 tid=1956]   MAP_CREATE -> fd=113 errno=0 kernel_map_id=98
[45.874950 pid=1940 tid=1956] BPF_MAP_CREATE type=13 key_size=4 value_size=4 max_entries=1 name=
[45.875214 pid=1940 tid=1956]   MAP_CREATE -> fd=114 errno=0 kernel_map_id=99
[45.875283 pid=1940 tid=1956] BPF_MAP_CREATE type=1 key_size=4 value_size=4 max_entries=1 name=
[45.875450 pid=1940 tid=1956]   MAP_CREATE -> fd=113 errno=0 kernel_map_id=100
[45.875516 pid=1940 tid=1956] BPF_MAP_CREATE type=1 key_size=4 value_size=4 max_entries=1 name=
[45.875589 pid=1940 tid=1956]   MAP_CREATE -> fd=113 errno=0 kernel_map_id=101
[45.875756 pid=1940 tid=1956] BPF_MAP_CREATE type=1 key_size=4 value_size=4 max_entries=1 name=
[45.875828 pid=1940 tid=1956]   MAP_CREATE -> fd=113 errno=0 kernel_map_id=102
[45.876020 pid=1940 tid=1956] BPF_MAP_CREATE type=13 key_size=4 value_size=4 max_entries=1 name=
[45.876094 pid=1940 tid=1956]   MAP_CREATE -> fd=114 errno=0 kernel_map_id=103
[45.876322 pid=1940 tid=1956] BPF_MAP_CREATE type=1 key_size=4 value_size=4 max_entries=1 name=
[45.876389 pid=1940 tid=1956]   MAP_CREATE -> fd=113 errno=0 kernel_map_id=104
[45.876489 pid=1940 tid=1956] BPF_MAP_CREATE type=4 key_size=4 value_size=4 max_entries=1 name=
[45.876725 pid=1940 tid=1956]   MAP_CREATE -> fd=113 errno=0 kernel_map_id=105
[45.876922 pid=1940 tid=1956] BPF_MAP_CREATE type=4 key_size=4 value_size=4 max_entries=1 name=
[45.877021 pid=1940 tid=1956]   MAP_CREATE -> fd=113 errno=0 kernel_map_id=106
[45.877093 pid=1940 tid=1956] BPF_MAP_CREATE type=4 key_size=4 value_size=4 max_entries=1 name=
[45.877163 pid=1940 tid=1956]   MAP_CREATE -> fd=113 errno=0 kernel_map_id=107
[45.877377 pid=1940 tid=1956] BPF_MAP_CREATE type=4 key_size=4 value_size=4 max_entries=1 name=
[45.877520 pid=1940 tid=1956]   MAP_CREATE -> fd=113 errno=0 kernel_map_id=108
[45.877730 pid=1940 tid=1956] BPF_MAP_CREATE type=9 key_size=4 value_size=4 max_entries=1 name=
[45.877827 pid=1940 tid=1956]   MAP_CREATE -> fd=113 errno=0 kernel_map_id=109
[45.877925 pid=1940 tid=1956] BPF_MAP_CREATE type=9 key_size=4 value_size=4 max_entries=1 name=
[45.878001 pid=1940 tid=1956]   MAP_CREATE -> fd=113 errno=0 kernel_map_id=110
[45.878070 pid=1940 tid=1956] BPF_MAP_CREATE type=9 key_size=4 value_size=4 max_entries=1 name=
[45.878170 pid=1940 tid=1956]   MAP_CREATE -> fd=113 errno=0 kernel_map_id=111
[45.878378 pid=1940 tid=1956] BPF_MAP_CREATE type=9 key_size=4 value_size=4 max_entries=1 name=
[45.878558 pid=1940 tid=1956]   MAP_CREATE -> fd=113 errno=0 kernel_map_id=112
[45.878629 pid=1940 tid=1956] BPF_MAP_CREATE type=4 key_size=4 value_size=4 max_entries=1 name=
[45.878700 pid=1940 tid=1956]   MAP_CREATE -> fd=113 errno=0 kernel_map_id=113
[45.878772 pid=1940 tid=1956] BPF_MAP_CREATE type=6 key_size=4 value_size=4 max_entries=1 name=
[45.878843 pid=1940 tid=1956]   MAP_CREATE -> fd=113 errno=0 kernel_map_id=114
[45.878945 pid=1940 tid=1956] BPF_MAP_CREATE type=1 key_size=4 value_size=4 max_entries=1 name=
[45.879048 pid=1940 tid=1956]   MAP_CREATE -> fd=113 errno=0 kernel_map_id=115
[45.879120 pid=1940 tid=1956] BPF_MAP_CREATE type=1 key_size=4 value_size=4 max_entries=1 name=
[45.879384 pid=1940 tid=1956]   MAP_CREATE -> fd=113 errno=0 kernel_map_id=116
[45.879454 pid=1940 tid=1956] BPF_MAP_CREATE type=1 key_size=4 value_size=4 max_entries=1 name=
[45.879524 pid=1940 tid=1956]   MAP_CREATE -> fd=113 errno=0 kernel_map_id=117
[45.879624 pid=1940 tid=1956] BPF_MAP_CREATE type=2 key_size=4 value_size=4 max_entries=1 name=
[45.879696 pid=1940 tid=1956]   MAP_CREATE -> fd=113 errno=0 kernel_map_id=118
[45.879861 pid=1940 tid=1956] BPF_MAP_CREATE type=2 key_size=4 value_size=4 max_entries=1 name=
[45.879929 pid=1940 tid=1956]   MAP_CREATE -> fd=113 errno=0 kernel_map_id=119
[45.880140 pid=1940 tid=1956] BPF_MAP_CREATE type=2 key_size=4 value_size=4 max_entries=1 name=
[45.880208 pid=1940 tid=1956]   MAP_CREATE -> fd=113 errno=0 kernel_map_id=120
[45.880473 pid=1940 tid=1956] BPF_PROG_LOAD type=1 (socket_filter) name= insn_cnt=2 hash=58255400910d7827 policy_hash=58255400910d7827 branch_profile_hash=13453716aec57bda license=GPL expected_attach=0 attach_btf_id=0 prog_btf_fd=0 attach_btf_obj_fd=0 attach_prog_fd=0
[45.880677 pid=1940 tid=1956]   PROG_LOAD -> fd=113 errno=0 kernel_prog_id=7
[45.892833 pid=1940 tid=1956] BPF_PROG_LOAD type=1 (socket_filter) name=libbpf_nametest insn_cnt=2 hash=58255400910d7827 policy_hash=58255400910d7827 branch_profile_hash=9d7920482b168705 license=GPL expected_attach=0 attach_btf_id=0 prog_btf_fd=0 attach_btf_obj_fd=0 attach_prog_fd=0
[45.893015 pid=1940 tid=1956]   PROG_LOAD -> fd=113 errno=0 kernel_prog_id=8
[45.893224 pid=1940 tid=1956] BPF_MAP_CREATE type=2 key_size=4 value_size=4 max_entries=1 name=libbpf_mmap
[45.893449 pid=1940 tid=1956]   MAP_CREATE -> fd=113 errno=0 kernel_map_id=121
[46.251749 pid=1940 tid=1956] BPF_PROG_LOAD type=2 (kprobe) name=det_arg_ctx insn_cnt=4 hash=3ae725ddb7d69e19 policy_hash=3ae725ddb7d69e19 branch_profile_hash=3be13a826158503f license=GPL expected_attach=0 attach_btf_id=0 prog_btf_fd=163 attach_btf_obj_fd=0 attach_prog_fd=0
[46.252503 pid=1940 tid=1956]   PROG_LOAD -> fd=164 errno=0 kernel_prog_id=9
[46.253311 pid=1940 tid=1956] BPF_MAP_CREATE type=1 key_size=4 value_size=4 max_entries=1024 name=sys_32_to_64_ma
[46.254039 pid=1940 tid=1956]   MAP_CREATE -> fd=164 errno=0 kernel_map_id=122
[46.254323 pid=1940 tid=1956] BPF_MAP_CREATE type=3 key_size=4 value_size=4 max_entries=794 name=sys_enter_init_
[46.254926 pid=1940 tid=1956]   MAP_CREATE -> fd=164 errno=0 kernel_map_id=123
[46.255458 pid=1940 tid=1956] BPF_MAP_CREATE type=9 key_size=4 value_size=200 max_entries=10240 name=task_info_map
[46.256017 pid=1940 tid=1956]   MAP_CREATE -> fd=164 errno=0 kernel_map_id=124
[46.256376 pid=1940 tid=1956] BPF_MAP_CREATE type=2 key_size=4 value_size=272 max_entries=1 name=config_map
[46.256755 pid=1940 tid=1956]   MAP_CREATE -> fd=164 errno=0 kernel_map_id=125
[46.256886 pid=1940 tid=1956] BPF_MAP_CREATE type=3 key_size=4 value_size=4 max_entries=794 name=sys_enter_submi
[46.257201 pid=1940 tid=1956]   MAP_CREATE -> fd=164 errno=0 kernel_map_id=126
[46.257319 pid=1940 tid=1956] BPF_MAP_CREATE type=3 key_size=4 value_size=4 max_entries=794 name=sys_enter_tails
[46.257434 pid=1940 tid=1956]   MAP_CREATE -> fd=164 errno=0 kernel_map_id=127
[46.257623 pid=1940 tid=1956] BPF_MAP_CREATE type=9 key_size=8 value_size=64 max_entries=1024 name=fd_arg_path_map
[46.257753 pid=1940 tid=1956]   MAP_CREATE -> fd=164 errno=0 kernel_map_id=128
[46.258026 pid=1940 tid=1956] BPF_MAP_CREATE type=3 key_size=4 value_size=4 max_entries=794 name=sys_exit_init_t
[46.258141 pid=1940 tid=1956]   MAP_CREATE -> fd=164 errno=0 kernel_map_id=129
[46.258346 pid=1940 tid=1956] BPF_MAP_CREATE type=3 key_size=4 value_size=4 max_entries=794 name=sys_exit_submit
[46.258531 pid=1940 tid=1956]   MAP_CREATE -> fd=164 errno=0 kernel_map_id=130
[46.258705 pid=1940 tid=1956] BPF_MAP_CREATE type=3 key_size=4 value_size=4 max_entries=794 name=sys_exit_tails
[46.258974 pid=1940 tid=1956]   MAP_CREATE -> fd=164 errno=0 kernel_map_id=131
[46.259260 pid=1940 tid=1956] BPF_MAP_CREATE type=3 key_size=4 value_size=4 max_entries=794 name=generic_sys_ent
[46.259466 pid=1940 tid=1956]   MAP_CREATE -> fd=164 errno=0 kernel_map_id=132
[46.259568 pid=1940 tid=1956] BPF_MAP_CREATE type=3 key_size=4 value_size=4 max_entries=794 name=generic_sys_exi
[46.259744 pid=1940 tid=1956]   MAP_CREATE -> fd=164 errno=0 kernel_map_id=133
[46.259924 pid=1940 tid=1956] BPF_MAP_CREATE type=9 key_size=4 value_size=368 max_entries=30720 name=proc_info_map
[46.261988 pid=1940 tid=1956]   MAP_CREATE -> fd=164 errno=0 kernel_map_id=134
[46.262264 pid=1940 tid=1956] BPF_MAP_CREATE type=1 key_size=4 value_size=16 max_entries=10240 name=process_tree_ma
[46.262668 pid=1940 tid=1956]   MAP_CREATE -> fd=164 errno=0 kernel_map_id=135
[46.262945 pid=1940 tid=1956] BPF_MAP_CREATE type=1 key_size=4 value_size=16 max_entries=10240 name=process_tree_ma
[46.263447 pid=1940 tid=1956]   MAP_CREATE -> fd=164 errno=0 kernel_map_id=136
[46.263668 pid=1940 tid=1956] BPF_MAP_CREATE type=13 key_size=2 value_size=4 max_entries=64 name=process_tree_ma
[46.263888 pid=1940 tid=1956]   MAP_CREATE -> fd=164 errno=0 kernel_map_id=137
[46.264245 pid=1940 tid=1956] BPF_MAP_CREATE type=6 key_size=4 value_size=16 max_entries=1 name=module_context_
[46.264458 pid=1940 tid=1956]   MAP_CREATE -> fd=24 errno=0 kernel_map_id=138
[46.264717 pid=1940 tid=1956] BPF_MAP_CREATE type=22 key_size=0 value_size=8 max_entries=330 name=walk_mod_tree_q
[46.264822 pid=1940 tid=1956]   MAP_CREATE -> fd=24 errno=0 kernel_map_id=139
[46.264918 pid=1940 tid=1956] BPF_MAP_CREATE type=3 key_size=4 value_size=4 max_entries=15 name=prog_array
[46.265171 pid=1940 tid=1956]   MAP_CREATE -> fd=24 errno=0 kernel_map_id=140
[46.265277 pid=1940 tid=1956] BPF_MAP_CREATE type=1 key_size=4 value_size=1 max_entries=10240 name=containers_map
[46.265555 pid=1940 tid=1956]   MAP_CREATE -> fd=24 errno=0 kernel_map_id=141
[46.265806 pid=1940 tid=1956] BPF_MAP_CREATE type=3 key_size=4 value_size=4 max_entries=15 name=prog_array_tp
[46.265947 pid=1940 tid=1956]   MAP_CREATE -> fd=24 errno=0 kernel_map_id=142
[46.266220 pid=1940 tid=1956] BPF_MAP_CREATE type=1 key_size=8 value_size=16 max_entries=330 name=new_module_map
[46.266341 pid=1940 tid=1956]   MAP_CREATE -> fd=24 errno=0 kernel_map_id=143
[46.266453 pid=1940 tid=1956] BPF_MAP_CREATE type=9 key_size=8 value_size=8 max_entries=50 name=recent_deleted_
[46.266647 pid=1940 tid=1956]   MAP_CREATE -> fd=24 errno=0 kernel_map_id=144
[46.266859 pid=1940 tid=1956] BPF_MAP_CREATE type=9 key_size=48 value_size=198 max_entries=4096 name=cgrpctxmap_in
[46.267252 pid=1940 tid=1956]   MAP_CREATE -> fd=24 errno=0 kernel_map_id=145
[46.267456 pid=1940 tid=1956] BPF_MAP_CREATE type=9 key_size=48 value_size=198 max_entries=4096 name=cgrpctxmap_eg
[46.267608 pid=1940 tid=1956]   MAP_CREATE -> fd=24 errno=0 kernel_map_id=146
[46.267832 pid=1940 tid=1956] BPF_MAP_CREATE type=33 key_size=0 value_size=0 max_entries=1 name=features_test_a
[46.269277 pid=1940 tid=1956]   MAP_CREATE -> fd=24 errno=0 kernel_map_id=147
[46.269433 pid=1940 tid=1956] BPF_MAP_CREATE type=1 key_size=4 value_size=4 max_entries=10240 name=kconfig_map
[46.269775 pid=1940 tid=1956]   MAP_CREATE -> fd=24 errno=0 kernel_map_id=148
[46.270017 pid=1940 tid=1956] BPF_MAP_CREATE type=1 key_size=8 value_size=48 max_entries=10240 name=args_map
[46.270331 pid=1940 tid=1956]   MAP_CREATE -> fd=24 errno=0 kernel_map_id=149
[46.270444 pid=1940 tid=1956] BPF_MAP_CREATE type=1 key_size=64 value_size=8 max_entries=1024 name=ksymbols_map
[46.270541 pid=1940 tid=1956]   MAP_CREATE -> fd=24 errno=0 kernel_map_id=150
[46.270778 pid=1940 tid=1956] BPF_MAP_CREATE type=2 key_size=4 value_size=64 max_entries=3 name=file_write_path
[46.271021 pid=1940 tid=1956]   MAP_CREATE -> fd=24 errno=0 kernel_map_id=151
[46.271095 pid=1940 tid=1956] BPF_MAP_CREATE type=2 key_size=4 value_size=64 max_entries=3 name=file_read_path_
[46.271298 pid=1940 tid=1956]   MAP_CREATE -> fd=24 errno=0 kernel_map_id=152
[46.271570 pid=1940 tid=1956] BPF_MAP_CREATE type=2 key_size=4 value_size=4 max_entries=2 name=file_type_filte
[46.271643 pid=1940 tid=1956]   MAP_CREATE -> fd=24 errno=0 kernel_map_id=153
[46.271846 pid=1940 tid=1956] BPF_MAP_CREATE type=2 key_size=4 value_size=8 max_entries=1 name=netconfig_map
[46.272087 pid=1940 tid=1956]   MAP_CREATE -> fd=24 errno=0 kernel_map_id=154
[46.272162 pid=1940 tid=1956] BPF_MAP_CREATE type=2 key_size=4 value_size=8 max_entries=500 name=expected_sys_ca
[46.272354 pid=1940 tid=1956]   MAP_CREATE -> fd=24 errno=0 kernel_map_id=155
[46.272430 pid=1940 tid=1956] BPF_MAP_CREATE type=6 key_size=4 value_size=32768 max_entries=2 name=bufs
[46.272542 pid=1940 tid=1956]   MAP_CREATE -> fd=24 errno=0 kernel_map_id=156
[46.272744 pid=1940 tid=1956] BPF_MAP_CREATE type=6 key_size=4 value_size=256 max_entries=1 name=data_filter_buf
[46.272810 pid=1940 tid=1956]   MAP_CREATE -> fd=24 errno=0 kernel_map_id=157
[46.272909 pid=1940 tid=1956] BPF_MAP_CREATE type=6 key_size=4 value_size=260 max_entries=1 name=data_filter_lpm
[46.272976 pid=1940 tid=1956]   MAP_CREATE -> fd=24 errno=0 kernel_map_id=158
[46.273183 pid=1940 tid=1956] BPF_MAP_CREATE type=9 key_size=24 value_size=1 max_entries=4096 name=syscall_source_
[46.273450 pid=1940 tid=1956]   MAP_CREATE -> fd=24 errno=0 kernel_map_id=159
[46.273630 pid=1940 tid=1956] BPF_MAP_CREATE type=7 key_size=4 value_size=160 max_entries=1024 name=stack_addresses
[46.273743 pid=1940 tid=1956]   MAP_CREATE -> fd=24 errno=0 kernel_map_id=160
[46.273903 pid=1940 tid=1956] BPF_MAP_CREATE type=9 key_size=4 value_size=32 max_entries=1024 name=bpf_attach_map
[46.274180 pid=1940 tid=1956]   MAP_CREATE -> fd=24 errno=0 kernel_map_id=161
[46.274253 pid=1940 tid=1956] BPF_MAP_CREATE type=9 key_size=4 value_size=32 max_entries=1024 name=bpf_attach_tmp_
[46.274362 pid=1940 tid=1956]   MAP_CREATE -> fd=24 errno=0 kernel_map_id=162
[46.274463 pid=1940 tid=1956] BPF_MAP_CREATE type=9 key_size=4 value_size=8 max_entries=1024 name=bpf_prog_load_m
[46.274699 pid=1940 tid=1956]   MAP_CREATE -> fd=24 errno=0 kernel_map_id=163
[46.274777 pid=1940 tid=1956] BPF_MAP_CREATE type=6 key_size=4 value_size=32536 max_entries=1 name=event_data_map
[46.274860 pid=1940 tid=1956]   MAP_CREATE -> fd=24 errno=0 kernel_map_id=164
[46.274931 pid=1940 tid=1956] BPF_MAP_CREATE type=6 key_size=4 value_size=32072 max_entries=1 name=signal_data_map
[46.275024 pid=1940 tid=1956]   MAP_CREATE -> fd=24 errno=0 kernel_map_id=165
[46.275093 pid=1940 tid=1956] BPF_MAP_CREATE type=1 key_size=88 value_size=16 max_entries=4096 name=logs_count
[46.275370 pid=1940 tid=1956]   MAP_CREATE -> fd=24 errno=0 kernel_map_id=166
[46.275632 pid=1940 tid=1956] BPF_MAP_CREATE type=6 key_size=4 value_size=368 max_entries=2 name=scratch_map
[46.275876 pid=1940 tid=1956]   MAP_CREATE -> fd=24 errno=0 kernel_map_id=167
[46.275974 pid=1940 tid=1956] BPF_MAP_CREATE type=9 key_size=16 value_size=4 max_entries=10240 name=file_modificati
[46.276115 pid=1940 tid=1956]   MAP_CREATE -> fd=24 errno=0 kernel_map_id=168
[46.276188 pid=1940 tid=1956] BPF_MAP_CREATE type=9 key_size=24 value_size=4096 max_entries=5 name=io_file_path_ca
[46.276259 pid=1940 tid=1956]   MAP_CREATE -> fd=24 errno=0 kernel_map_id=169
[46.276326 pid=1940 tid=1956] BPF_MAP_CREATE type=9 key_size=24 value_size=1 max_entries=64 name=elf_files_map
[46.276425 pid=1940 tid=1956]   MAP_CREATE -> fd=24 errno=0 kernel_map_id=170
[46.276619 pid=1940 tid=1956] BPF_MAP_CREATE type=1 key_size=4 value_size=256 max_entries=1 name=policies_config
[46.276792 pid=1940 tid=1956]   MAP_CREATE -> fd=24 errno=0 kernel_map_id=171
[46.276862 pid=1940 tid=1956] BPF_MAP_CREATE type=1 key_size=4 value_size=256 max_entries=1 name=policies_config
[46.276936 pid=1940 tid=1956]   MAP_CREATE -> fd=24 errno=0 kernel_map_id=172
[46.277003 pid=1940 tid=1956] BPF_MAP_CREATE type=13 key_size=2 value_size=4 max_entries=64 name=policies_config
[46.277249 pid=1940 tid=1956]   MAP_CREATE -> fd=24 errno=0 kernel_map_id=173
[46.277439 pid=1940 tid=1956] BPF_MAP_CREATE type=1 key_size=4 value_size=16 max_entries=256 name=uid_filter
[46.277629 pid=1940 tid=1956]   MAP_CREATE -> fd=24 errno=0 kernel_map_id=174
[46.277724 pid=1940 tid=1956] BPF_MAP_CREATE type=1 key_size=4 value_size=16 max_entries=256 name=uid_filter_vers
[46.277798 pid=1940 tid=1956]   MAP_CREATE -> fd=24 errno=0 kernel_map_id=175
[46.278001 pid=1940 tid=1956] BPF_MAP_CREATE type=13 key_size=2 value_size=4 max_entries=64 name=uid_filter_vers
[46.278176 pid=1940 tid=1956]   MAP_CREATE -> fd=24 errno=0 kernel_map_id=176
[46.278247 pid=1940 tid=1956] BPF_MAP_CREATE type=1 key_size=4 value_size=16 max_entries=256 name=pid_filter
[46.278321 pid=1940 tid=1956]   MAP_CREATE -> fd=24 errno=0 kernel_map_id=177
[46.278536 pid=1940 tid=1956] BPF_MAP_CREATE type=1 key_size=4 value_size=16 max_entries=256 name=pid_filter_vers
[46.278746 pid=1940 tid=1956]   MAP_CREATE -> fd=24 errno=0 kernel_map_id=178
[46.278838 pid=1940 tid=1956] BPF_MAP_CREATE type=13 key_size=2 value_size=4 max_entries=64 name=pid_filter_vers
[46.278907 pid=1940 tid=1956]   MAP_CREATE -> fd=24 errno=0 kernel_map_id=179
[46.279140 pid=1940 tid=1956] BPF_MAP_CREATE type=1 key_size=4 value_size=16 max_entries=256 name=mnt_ns_filter
[46.279314 pid=1940 tid=1956]   MAP_CREATE -> fd=24 errno=0 kernel_map_id=180
[46.279377 pid=1940 tid=1956] BPF_MAP_CREATE type=1 key_size=4 value_size=16 max_entries=256 name=mnt_ns_filter_v
[46.279590 pid=1940 tid=1956]   MAP_CREATE -> fd=24 errno=0 kernel_map_id=181
[46.279852 pid=1940 tid=1956] BPF_MAP_CREATE type=13 key_size=2 value_size=4 max_entries=64 name=mnt_ns_filter_v
[46.279921 pid=1940 tid=1956]   MAP_CREATE -> fd=24 errno=0 kernel_map_id=182
[46.280114 pid=1940 tid=1956] BPF_MAP_CREATE type=1 key_size=4 value_size=16 max_entries=256 name=pid_ns_filter
[46.280318 pid=1940 tid=1956]   MAP_CREATE -> fd=24 errno=0 kernel_map_id=183
[46.280380 pid=1940 tid=1956] BPF_MAP_CREATE type=1 key_size=4 value_size=16 max_entries=256 name=pid_ns_filter_v
[46.280561 pid=1940 tid=1956]   MAP_CREATE -> fd=24 errno=0 kernel_map_id=184
[46.280626 pid=1940 tid=1956] BPF_MAP_CREATE type=13 key_size=2 value_size=4 max_entries=64 name=pid_ns_filter_v
[46.280697 pid=1940 tid=1956]   MAP_CREATE -> fd=24 errno=0 kernel_map_id=185
[46.280868 pid=1940 tid=1956] BPF_MAP_CREATE type=1 key_size=16 value_size=16 max_entries=256 name=uts_ns_filter
[46.280941 pid=1940 tid=1956]   MAP_CREATE -> fd=24 errno=0 kernel_map_id=186
[46.281118 pid=1940 tid=1956] BPF_MAP_CREATE type=1 key_size=16 value_size=16 max_entries=256 name=uts_ns_filter_v
[46.281194 pid=1940 tid=1956]   MAP_CREATE -> fd=24 errno=0 kernel_map_id=187
[46.281290 pid=1940 tid=1956] BPF_MAP_CREATE type=13 key_size=2 value_size=4 max_entries=64 name=uts_ns_filter_v
[46.281363 pid=1940 tid=1956]   MAP_CREATE -> fd=24 errno=0 kernel_map_id=188
[46.281464 pid=1940 tid=1956] BPF_MAP_CREATE type=1 key_size=256 value_size=16 max_entries=1024 name=data_filter_exa
[46.281705 pid=1940 tid=1956]   MAP_CREATE -> fd=24 errno=0 kernel_map_id=189
[46.281916 pid=1940 tid=1956] BPF_MAP_CREATE type=1 key_size=256 value_size=16 max_entries=1024 name=data_filter_exa
[46.282386 pid=1940 tid=1956]   MAP_CREATE -> fd=24 errno=0 kernel_map_id=190
[46.282672 pid=1940 tid=1956] BPF_MAP_CREATE type=13 key_size=8 value_size=4 max_entries=64 name=data_filter_exa
[46.282955 pid=1940 tid=1956]   MAP_CREATE -> fd=24 errno=0 kernel_map_id=191
[46.283632 pid=1940 tid=1956] BPF_MAP_CREATE type=11 key_size=260 value_size=16 max_entries=1024 name=data_filter_suf
[46.283766 pid=1940 tid=1956]   MAP_CREATE -> fd=24 errno=0 kernel_map_id=192
[46.283878 pid=1940 tid=1956] BPF_MAP_CREATE type=11 key_size=260 value_size=16 max_entries=1024 name=data_filter_suf
[46.284253 pid=1940 tid=1956]   MAP_CREATE -> fd=24 errno=0 kernel_map_id=193
[46.284365 pid=1940 tid=1956] BPF_MAP_CREATE type=13 key_size=8 value_size=4 max_entries=64 name=data_filter_suf
[46.284480 pid=1940 tid=1956]   MAP_CREATE -> fd=24 errno=0 kernel_map_id=194
[46.284584 pid=1940 tid=1956] BPF_MAP_CREATE type=11 key_size=260 value_size=16 max_entries=1024 name=data_filter_pre
[46.284681 pid=1940 tid=1956]   MAP_CREATE -> fd=24 errno=0 kernel_map_id=195
[46.284926 pid=1940 tid=1956] BPF_MAP_CREATE type=11 key_size=260 value_size=16 max_entries=1024 name=data_filter_pre
[46.285262 pid=1940 tid=1956]   MAP_CREATE -> fd=24 errno=0 kernel_map_id=196
[46.285372 pid=1940 tid=1956] BPF_MAP_CREATE type=13 key_size=8 value_size=4 max_entries=64 name=data_filter_pre
[46.285472 pid=1940 tid=1956]   MAP_CREATE -> fd=24 errno=0 kernel_map_id=197
[46.285564 pid=1940 tid=1956] BPF_MAP_CREATE type=1 key_size=16 value_size=16 max_entries=256 name=comm_filter
[46.285665 pid=1940 tid=1956]   MAP_CREATE -> fd=24 errno=0 kernel_map_id=198
[46.285759 pid=1940 tid=1956] BPF_MAP_CREATE type=1 key_size=16 value_size=16 max_entries=256 name=comm_filter_ver
[46.285862 pid=1940 tid=1956]   MAP_CREATE -> fd=24 errno=0 kernel_map_id=199
[46.286040 pid=1940 tid=1956] BPF_MAP_CREATE type=13 key_size=2 value_size=4 max_entries=64 name=comm_filter_ver
[46.286231 pid=1940 tid=1956]   MAP_CREATE -> fd=24 errno=0 kernel_map_id=200
[46.286332 pid=1940 tid=1956] BPF_MAP_CREATE type=1 key_size=4 value_size=16 max_entries=256 name=cgroup_id_filte
[46.286433 pid=1940 tid=1956]   MAP_CREATE -> fd=24 errno=0 kernel_map_id=201
[46.286529 pid=1940 tid=1956] BPF_MAP_CREATE type=1 key_size=4 value_size=16 max_entries=256 name=cgroup_id_filte
[46.286814 pid=1940 tid=1956]   MAP_CREATE -> fd=24 errno=0 kernel_map_id=202
[46.287245 pid=1940 tid=1956] BPF_MAP_CREATE type=13 key_size=2 value_size=4 max_entries=64 name=cgroup_id_filte
[46.287643 pid=1940 tid=1956]   MAP_CREATE -> fd=24 errno=0 kernel_map_id=203
[46.287746 pid=1940 tid=1956] BPF_MAP_CREATE type=1 key_size=260 value_size=16 max_entries=256 name=binary_filter
[46.287858 pid=1940 tid=1956]   MAP_CREATE -> fd=24 errno=0 kernel_map_id=204
[46.288247 pid=1940 tid=1956] BPF_MAP_CREATE type=1 key_size=260 value_size=16 max_entries=256 name=binary_filter_v
[46.288570 pid=1940 tid=1956]   MAP_CREATE -> fd=24 errno=0 kernel_map_id=205
[46.288709 pid=1940 tid=1956] BPF_MAP_CREATE type=13 key_size=2 value_size=4 max_entries=64 name=binary_filter_v
[46.288809 pid=1940 tid=1956]   MAP_CREATE -> fd=24 errno=0 kernel_map_id=206
[46.289013 pid=1940 tid=1956] BPF_MAP_CREATE type=1 key_size=4 value_size=64 max_entries=794 name=events_map
[46.289371 pid=1940 tid=1956]   MAP_CREATE -> fd=24 errno=0 kernel_map_id=207
[46.289482 pid=1940 tid=1956] BPF_MAP_CREATE type=1 key_size=4 value_size=64 max_entries=794 name=events_map_vers
[46.289595 pid=1940 tid=1956]   MAP_CREATE -> fd=24 errno=0 kernel_map_id=208
[46.289806 pid=1940 tid=1956] BPF_MAP_CREATE type=13 key_size=2 value_size=4 max_entries=64 name=events_map_vers
[46.290018 pid=1940 tid=1956]   MAP_CREATE -> fd=24 errno=0 kernel_map_id=209
[46.290121 pid=1940 tid=1956] BPF_MAP_CREATE type=4 key_size=4 value_size=4 max_entries=1024 name=logs
[46.290426 pid=1940 tid=1956]   MAP_CREATE -> fd=24 errno=0 kernel_map_id=210
[46.290637 pid=1940 tid=1956] BPF_MAP_CREATE type=4 key_size=4 value_size=4 max_entries=1024 name=events
[46.290745 pid=1940 tid=1956]   MAP_CREATE -> fd=24 errno=0 kernel_map_id=211
[46.290931 pid=1940 tid=1956] BPF_MAP_CREATE type=4 key_size=4 value_size=4 max_entries=1024 name=file_writes
[46.291097 pid=1940 tid=1956]   MAP_CREATE -> fd=24 errno=0 kernel_map_id=212
[46.291197 pid=1940 tid=1956] BPF_MAP_CREATE type=4 key_size=4 value_size=4 max_entries=1024 name=signals
[46.291453 pid=1940 tid=1956]   MAP_CREATE -> fd=24 errno=0 kernel_map_id=213
[46.291557 pid=1940 tid=1956] BPF_MAP_CREATE type=9 key_size=41 value_size=9 max_entries=65535 name=netflowmap
[46.293136 pid=1940 tid=1956]   MAP_CREATE -> fd=24 errno=0 kernel_map_id=214
[46.293350 pid=1940 tid=1956] BPF_MAP_CREATE type=9 key_size=8 value_size=128 max_entries=65535 name=inodemap
[46.295420 pid=1940 tid=1956]   MAP_CREATE -> fd=24 errno=0 kernel_map_id=215
[46.295716 pid=1940 tid=1956] BPF_MAP_CREATE type=9 key_size=8 value_size=8 max_entries=65535 name=sockmap
[46.296730 pid=1940 tid=1956]   MAP_CREATE -> fd=24 errno=0 kernel_map_id=216
[46.297015 pid=1940 tid=1956] BPF_MAP_CREATE type=9 key_size=4 value_size=48 max_entries=2048 name=entrymap
[46.297165 pid=1940 tid=1956]   MAP_CREATE -> fd=24 errno=0 kernel_map_id=217
[46.297270 pid=1940 tid=1956] BPF_MAP_CREATE type=4 key_size=4 value_size=4 max_entries=10240 name=net_cap_events
[46.297500 pid=1940 tid=1956]   MAP_CREATE -> fd=24 errno=0 kernel_map_id=218
[46.297730 pid=1940 tid=1956] BPF_MAP_CREATE type=6 key_size=4 value_size=32536 max_entries=1 name=net_heap_event
[46.297864 pid=1940 tid=1956]   MAP_CREATE -> fd=24 errno=0 kernel_map_id=219
[46.297968 pid=1940 tid=1956] BPF_MAP_CREATE type=1 key_size=8 value_size=1 max_entries=660 name=modules_map
[46.298077 pid=1940 tid=1956]   MAP_CREATE -> fd=24 errno=0 kernel_map_id=220
[46.298340 pid=1940 tid=1956] BPF_MAP_CREATE type=1 key_size=4 value_size=4 max_entries=794 name=suspicious_sysc
[46.298418 pid=1940 tid=1956]   MAP_CREATE -> fd=24 errno=0 kernel_map_id=221
[46.298526 pid=1940 tid=1956] BPF_MAP_CREATE type=1 key_size=4 value_size=4 max_entries=794 name=stack_pivot_sys
[46.298686 pid=1940 tid=1956]   MAP_CREATE -> fd=24 errno=0 kernel_map_id=222
[46.298787 pid=1940 tid=1956] BPF_MAP_CREATE type=2 key_size=4 value_size=32 max_entries=1 name=libbpf_global
[46.298856 pid=1940 tid=1956]   MAP_CREATE -> fd=24 errno=0 kernel_map_id=223
[46.299001 pid=1940 tid=1956] BPF_PROG_LOAD type=1 (socket_filter) name= insn_cnt=5 hash=a986313744f9f923 policy_hash=048f9e0260e5b0fb branch_profile_hash=b9cb6abd276be64d license=GPL expected_attach=0 attach_btf_id=0 prog_btf_fd=0 attach_btf_obj_fd=0 attach_prog_fd=0
[46.299152 pid=1940 tid=1956]   PROG_LOAD -> fd=60 errno=0 kernel_prog_id=10
[46.299329 pid=1940 tid=1956] BPF_MAP_CREATE type=2 key_size=4 value_size=72 max_entries=1 name=.rodata
[46.299546 pid=1940 tid=1956]   MAP_CREATE -> fd=24 errno=0 kernel_map_id=224
[46.299644 pid=1940 tid=1956] BPF_MAP_CREATE type=2 key_size=4 value_size=246 max_entries=1 name=.rodata.str1.1
[46.299713 pid=1940 tid=1956]   MAP_CREATE -> fd=24 errno=0 kernel_map_id=225
[46.299796 pid=1940 tid=1956] BPF_MAP_CREATE type=2 key_size=4 value_size=19 max_entries=1 name=.bss
[46.299868 pid=1940 tid=1956]   MAP_CREATE -> fd=24 errno=0 kernel_map_id=226
[46.300023 pid=1940 tid=1956] BPF_PROG_LOAD type=5 (tracepoint) name= insn_cnt=6 hash=7e4864ff1af3e9d4 policy_hash=7e4864ff1af3e9d4 branch_profile_hash=2530ec7d038f421a license=GPL expected_attach=0 attach_btf_id=0 prog_btf_fd=0 attach_btf_obj_fd=0 attach_prog_fd=0
[46.300156 pid=1940 tid=1956]   PROG_LOAD -> fd=24 errno=0 kernel_prog_id=11
[46.301646 pid=1940 tid=1956] BPF_PROG_LOAD type=17 (raw_tracepoint) name=tracepoint__raw insn_cnt=29 hash=db023415dd9df842 policy_hash=2111e7b549ba90d7 branch_profile_hash=3c2ef20ac54a4182 license=GPL expected_attach=0 attach_btf_id=0 prog_btf_fd=163 attach_btf_obj_fd=0 attach_prog_fd=0
[46.301913 pid=1940 tid=1956]   PROG_LOAD -> fd=24 errno=0 kernel_prog_id=12
[46.301987 pid=1940 tid=1956] BPF_MAP_CREATE type=2 key_size=4 value_size=32 max_entries=1 name=libbpf_det_bind
[46.302055 pid=1940 tid=1956]   MAP_CREATE -> fd=60 errno=0 kernel_map_id=227
[46.302154 pid=1940 tid=1956] BPF_PROG_LOAD type=1 (socket_filter) name= insn_cnt=2 hash=58255400910d7827 policy_hash=58255400910d7827 branch_profile_hash=13453716aec57bda license=GPL expected_attach=0 attach_btf_id=0 prog_btf_fd=0 attach_btf_obj_fd=0 attach_prog_fd=0
[46.302264 pid=1940 tid=1956]   PROG_LOAD -> fd=63 errno=0 kernel_prog_id=13
[46.302470 pid=1940 tid=1956] BPF_PROG_LOAD type=17 (raw_tracepoint) name=sys_enter_init insn_cnt=579 hash=9d5d09a1333130bb policy_hash=aea6b1a360481d96 branch_profile_hash=56304efab621ce1d license=GPL expected_attach=0 attach_btf_id=0 prog_btf_fd=163 attach_btf_obj_fd=0 attach_prog_fd=0
[46.302920 pid=1940 tid=1956]   PROG_LOAD -> fd=60 errno=0 kernel_prog_id=14
[46.303137 pid=1940 tid=1956] BPF_PROG_LOAD type=17 (raw_tracepoint) name=sys_enter_submi insn_cnt=3731 hash=cb4c81a0ccefaa51 policy_hash=b7fc4616a9ed6444 branch_profile_hash=fc4b41f89c8d248b license=GPL expected_attach=0 attach_btf_id=0 prog_btf_fd=163 attach_btf_obj_fd=0 attach_prog_fd=0
[46.308482 pid=1940 tid=1956]   PROG_LOAD -> fd=63 errno=0 kernel_prog_id=15
[46.308755 pid=1940 tid=1956] BPF_PROG_LOAD type=17 (raw_tracepoint) name=tracepoint__raw insn_cnt=36 hash=f71823bf60f6c9a1 policy_hash=77aaee9fda50310a branch_profile_hash=bc48b27db9a5a927 license=GPL expected_attach=0 attach_btf_id=0 prog_btf_fd=163 attach_btf_obj_fd=0 attach_prog_fd=0
[46.309010 pid=1940 tid=1956]   PROG_LOAD -> fd=66 errno=0 kernel_prog_id=16
[46.309146 pid=1940 tid=1956] BPF_PROG_LOAD type=17 (raw_tracepoint) name=sys_exit_init insn_cnt=482 hash=9c4dcbd37563f2ed policy_hash=753bc34ccb893be8 branch_profile_hash=1d6653ac4c453418 license=GPL expected_attach=0 attach_btf_id=0 prog_btf_fd=163 attach_btf_obj_fd=0 attach_prog_fd=0
[46.309502 pid=1940 tid=1956]   PROG_LOAD -> fd=69 errno=0 kernel_prog_id=17
[46.309683 pid=1940 tid=1956] BPF_PROG_LOAD type=17 (raw_tracepoint) name=sys_exit_submit insn_cnt=2553 hash=fb4d89953d9856d4 policy_hash=89c4dd2af425fb48 branch_profile_hash=7d9882cae8928d38 license=GPL expected_attach=0 attach_btf_id=0 prog_btf_fd=163 attach_btf_obj_fd=0 attach_prog_fd=0
[46.313645 pid=1940 tid=1956]   PROG_LOAD -> fd=72 errno=0 kernel_prog_id=18
[46.313875 pid=1940 tid=1956] BPF_PROG_LOAD type=17 (raw_tracepoint) name=trace_sys_enter insn_cnt=1703 hash=96bfbe660fc19c9c policy_hash=02269b5fc49c9589 branch_profile_hash=7c95cfe37d6067bc license=GPL expected_attach=0 attach_btf_id=0 prog_btf_fd=163 attach_btf_obj_fd=0 attach_prog_fd=0
[46.316298 pid=1940 tid=1956]   PROG_LOAD -> fd=75 errno=0 kernel_prog_id=19
[46.316592 pid=1940 tid=1956] BPF_PROG_LOAD type=17 (raw_tracepoint) name=trace_sys_exit insn_cnt=1710 hash=898c5cde82d184d5 policy_hash=b9d3b7c1e807d040 branch_profile_hash=43fd2e022240b5a4 license=GPL expected_attach=0 attach_btf_id=0 prog_btf_fd=163 attach_btf_obj_fd=0 attach_prog_fd=0
[46.318953 pid=1940 tid=1956]   PROG_LOAD -> fd=78 errno=0 kernel_prog_id=20
[46.319167 pid=1940 tid=1956] BPF_PROG_LOAD type=2 (kprobe) name=trace_ptrace insn_cnt=563 hash=f362535c774ef50e policy_hash=0dd8e70ed457d1cf branch_profile_hash=3f57c5c82b387e1e license=GPL expected_attach=0 attach_btf_id=0 prog_btf_fd=163 attach_btf_obj_fd=0 attach_prog_fd=0
[46.319606 pid=1940 tid=1956]   PROG_LOAD -> fd=81 errno=0 kernel_prog_id=21
[46.319878 pid=1940 tid=1956] BPF_PROG_LOAD type=2 (kprobe) name=trace_ret_ptrac insn_cnt=2487 hash=8f85c5cc1d0d7126 policy_hash=c3ce6004061f9204 branch_profile_hash=602b39955b3b8f99 license=GPL expected_attach=0 attach_btf_id=0 prog_btf_fd=163 attach_btf_obj_fd=0 attach_prog_fd=0
[46.325132 pid=1940 tid=1956]   PROG_LOAD -> fd=84 errno=0 kernel_prog_id=22
[46.325326 pid=1940 tid=1956] BPF_PROG_LOAD type=2 (kprobe) name=trace_process_v insn_cnt=563 hash=20fdafc2afd47df2 policy_hash=438c94c43de6372b branch_profile_hash=25afe9d4aaf94b17 license=GPL expected_attach=0 attach_btf_id=0 prog_btf_fd=163 attach_btf_obj_fd=0 attach_prog_fd=0
[46.325826 pid=1940 tid=1956]   PROG_LOAD -> fd=87 errno=0 kernel_prog_id=23
[46.326022 pid=1940 tid=1956] BPF_PROG_LOAD type=2 (kprobe) name=trace_ret_proce insn_cnt=2487 hash=692a313d3d50006b policy_hash=6ac99b4946ceaa71 branch_profile_hash=a02367cd27772c62 license=GPL expected_attach=0 attach_btf_id=0 prog_btf_fd=163 attach_btf_obj_fd=0 attach_prog_fd=0
[46.331275 pid=1940 tid=1956]   PROG_LOAD -> fd=90 errno=0 kernel_prog_id=24
[46.331433 pid=1940 tid=1956] BPF_PROG_LOAD type=2 (kprobe) name=trace_arch_prct insn_cnt=563 hash=609dd7b39d11e2ca policy_hash=653b102b58636ee3 branch_profile_hash=163570ce485daf8f license=GPL expected_attach=0 attach_btf_id=0 prog_btf_fd=163 attach_btf_obj_fd=0 attach_prog_fd=0
[46.331820 pid=1940 tid=1956]   PROG_LOAD -> fd=93 errno=0 kernel_prog_id=25
[46.332081 pid=1940 tid=1956] BPF_PROG_LOAD type=2 (kprobe) name=trace_ret_arch_ insn_cnt=2487 hash=ae65dc215440b225 policy_hash=6dc4cefd229fc457 branch_profile_hash=4c9f48532b93f308 license=GPL expected_attach=0 attach_btf_id=0 prog_btf_fd=163 attach_btf_obj_fd=0 attach_prog_fd=0
[46.337213 pid=1940 tid=1956]   PROG_LOAD -> fd=96 errno=0 kernel_prog_id=26
[46.337474 pid=1940 tid=1956] BPF_PROG_LOAD type=2 (kprobe) name=trace_dup insn_cnt=563 hash=083153d9a73b5172 policy_hash=52dda0f0a6a69953 branch_profile_hash=613646f846bad868 license=GPL expected_attach=0 attach_btf_id=0 prog_btf_fd=163 attach_btf_obj_fd=0 attach_prog_fd=0
[46.337888 pid=1940 tid=1956]   PROG_LOAD -> fd=164 errno=0 kernel_prog_id=27
[46.338126 pid=1940 tid=1956] BPF_PROG_LOAD type=2 (kprobe) name=trace_ret_dup insn_cnt=2487 hash=a547f52d82c860ff policy_hash=e36abf2ccf6fa645 branch_profile_hash=bceb7feee5f2da3c license=GPL expected_attach=0 attach_btf_id=0 prog_btf_fd=163 attach_btf_obj_fd=0 attach_prog_fd=0
[46.343202 pid=1940 tid=1956]   PROG_LOAD -> fd=165 errno=0 kernel_prog_id=28
[46.343381 pid=1940 tid=1956] BPF_PROG_LOAD type=2 (kprobe) name=trace_dup2 insn_cnt=563 hash=c3569066e9043856 policy_hash=22f105d5beaf8f8f branch_profile_hash=7271bbe0f1afd8d6 license=GPL expected_attach=0 attach_btf_id=0 prog_btf_fd=163 attach_btf_obj_fd=0 attach_prog_fd=0
[46.343855 pid=1940 tid=1956]   PROG_LOAD -> fd=166 errno=0 kernel_prog_id=29
[46.344098 pid=1940 tid=1956] BPF_PROG_LOAD type=2 (kprobe) name=trace_ret_dup2 insn_cnt=2487 hash=f357d1a5485a6dda policy_hash=f8a77147640eb9f8 branch_profile_hash=b3b63f86e63be36a license=GPL expected_attach=0 attach_btf_id=0 prog_btf_fd=163 attach_btf_obj_fd=0 attach_prog_fd=0
[46.349236 pid=1940 tid=1956]   PROG_LOAD -> fd=167 errno=0 kernel_prog_id=30
[46.349437 pid=1940 tid=1956] BPF_PROG_LOAD type=2 (kprobe) name=trace_dup3 insn_cnt=563 hash=467d2fa574b6d96e policy_hash=1878ae0d7511a3c7 branch_profile_hash=236c00da248ea1bd license=GPL expected_attach=0 attach_btf_id=0 prog_btf_fd=163 attach_btf_obj_fd=0 attach_prog_fd=0
[46.349899 pid=1940 tid=1956]   PROG_LOAD -> fd=168 errno=0 kernel_prog_id=31
[46.350222 pid=1940 tid=1956] BPF_PROG_LOAD type=2 (kprobe) name=trace_ret_dup3 insn_cnt=2487 hash=b826303977c72ad0 policy_hash=d9f0aebf33a95152 branch_profile_hash=e17c19be668a0375 license=GPL expected_attach=0 attach_btf_id=0 prog_btf_fd=163 attach_btf_obj_fd=0 attach_prog_fd=0
[46.355303 pid=1940 tid=1956]   PROG_LOAD -> fd=169 errno=0 kernel_prog_id=32
[46.355669 pid=1940 tid=1956] BPF_PROG_LOAD type=17 (raw_tracepoint) name=syscall__execve insn_cnt=4165 hash=5e8748f07bac42a7 policy_hash=576c18b6307ae3ae branch_profile_hash=052889cd92d804c8 license=GPL expected_attach=0 attach_btf_id=0 prog_btf_fd=163 attach_btf_obj_fd=0 attach_prog_fd=0
[46.359109 pid=1940 tid=1956]   PROG_LOAD -> fd=170 errno=0 kernel_prog_id=33
[46.359458 pid=1940 tid=1956] BPF_PROG_LOAD type=17 (raw_tracepoint) name=syscall__execve insn_cnt=4191 hash=596e0e241e3aa624 policy_hash=c91fd41d7c44042d branch_profile_hash=29df2b662fcab6e8 license=GPL expected_attach=0 attach_btf_id=0 prog_btf_fd=163 attach_btf_obj_fd=0 attach_prog_fd=0
[46.362727 pid=1940 tid=1956]   PROG_LOAD -> fd=171 errno=0 kernel_prog_id=34
[46.363033 pid=1940 tid=1956] BPF_PROG_LOAD type=17 (raw_tracepoint) name=syscall__execve insn_cnt=4219 hash=cabe61c50fc8df25 policy_hash=abbf46f043ffaa50 branch_profile_hash=773e435d9ae9b8d1 license=GPL expected_attach=0 attach_btf_id=0 prog_btf_fd=163 attach_btf_obj_fd=0 attach_prog_fd=0
[46.366635 pid=1940 tid=1956]   PROG_LOAD -> fd=172 errno=0 kernel_prog_id=35
[46.367041 pid=1940 tid=1956] BPF_PROG_LOAD type=17 (raw_tracepoint) name=syscall__execve insn_cnt=4245 hash=e61e7a8c98e29ac4 policy_hash=7c6dac359fd210a1 branch_profile_hash=92bece84ee8dc27b license=GPL expected_attach=0 attach_btf_id=0 prog_btf_fd=163 attach_btf_obj_fd=0 attach_prog_fd=0
[46.370601 pid=1940 tid=1956]   PROG_LOAD -> fd=173 errno=0 kernel_prog_id=36
[46.370889 pid=1940 tid=1956] BPF_PROG_LOAD type=2 (kprobe) name=sys_dup_exit_ta insn_cnt=2353 hash=d69719e0dd83d11c policy_hash=8c7a3ef9a0918bde branch_profile_hash=8c17f1da28af69c1 license=GPL expected_attach=0 attach_btf_id=0 prog_btf_fd=163 attach_btf_obj_fd=0 attach_prog_fd=0
[46.373470 pid=1940 tid=1956]   PROG_LOAD -> fd=174 errno=0 kernel_prog_id=37
[46.373812 pid=1940 tid=1956] BPF_PROG_LOAD type=17 (raw_tracepoint) name=tracepoint__sch insn_cnt=4268 hash=939527d578e93561 policy_hash=43c78fdfb2f74f93 branch_profile_hash=30666670c6cbf9b2 license=GPL expected_attach=0 attach_btf_id=0 prog_btf_fd=163 attach_btf_obj_fd=0 attach_prog_fd=0
[46.381036 pid=1940 tid=1956]   PROG_LOAD -> fd=175 errno=0 kernel_prog_id=38
[46.381368 pid=1940 tid=1956] BPF_PROG_LOAD type=17 (raw_tracepoint) name=sched_process_f insn_cnt=1036 hash=054005f78a7796d9 policy_hash=8c4ee853137cb7f1 branch_profile_hash=0778777dc52b166a license=GPL expected_attach=0 attach_btf_id=0 prog_btf_fd=163 attach_btf_obj_fd=0 attach_prog_fd=0
[46.382312 pid=1940 tid=1956]   PROG_LOAD -> fd=176 errno=0 kernel_prog_id=39
[46.382757 pid=1940 tid=1956] BPF_PROG_LOAD type=2 (kprobe) name=lkm_seeker_modt insn_cnt=13815 hash=84ec429b8479b764 policy_hash=b2740000403df789 branch_profile_hash=ae8eb8d1c9de69cc license=GPL expected_attach=0 attach_btf_id=0 prog_btf_fd=163 attach_btf_obj_fd=0 attach_prog_fd=0
[46.530270 pid=1940 tid=1956]   PROG_LOAD -> fd=177 errno=0 kernel_prog_id=40
[46.530891 pid=1940 tid=1956] BPF_PROG_LOAD type=2 (kprobe) name=heartbeat_captu insn_cnt=27 hash=635207d5ee063dfb policy_hash=852d2e7cce56dad3 branch_profile_hash=7da39b224b02e8b0 license=GPL expected_attach=0 attach_btf_id=0 prog_btf_fd=163 attach_btf_obj_fd=0 attach_prog_fd=0
[46.531347 pid=1940 tid=1956]   PROG_LOAD -> fd=178 errno=0 kernel_prog_id=41
[46.531973 pid=1940 tid=1956] BPF_PROG_LOAD type=2 (kprobe) name=uprobe_lkm_seek insn_cnt=1418 hash=b47b900c385841bb policy_hash=81212b95c8f053b8 branch_profile_hash=3856668a15438407 license=GPL expected_attach=0 attach_btf_id=0 prog_btf_fd=163 attach_btf_obj_fd=0 attach_prog_fd=0
[46.533888 pid=1940 tid=1956]   PROG_LOAD -> fd=179 errno=0 kernel_prog_id=42
[46.534557 pid=1940 tid=1956] BPF_PROG_LOAD type=2 (kprobe) name=uprobe_lkm_seek insn_cnt=1055 hash=b158005ea5edd796 policy_hash=31e9b61c61c1b4a8 branch_profile_hash=d5d79d0dfeb76e92 license=GPL expected_attach=0 attach_btf_id=0 prog_btf_fd=163 attach_btf_obj_fd=0 attach_prog_fd=0
[46.537277 pid=1940 tid=1956]   PROG_LOAD -> fd=180 errno=0 kernel_prog_id=43
[46.537854 pid=1940 tid=1956] BPF_PROG_LOAD type=2 (kprobe) name=lkm_seeker_kset insn_cnt=14602 hash=ad32ae9a9e3e8816 policy_hash=5afccbac07c85f60 branch_profile_hash=0786f847916a4693 license=GPL expected_attach=0 attach_btf_id=0 prog_btf_fd=163 attach_btf_obj_fd=0 attach_prog_fd=0
[46.820455 pid=1940 tid=1956]   PROG_LOAD -> fd=181 errno=0 kernel_prog_id=44
[46.821291 pid=1940 tid=1956] BPF_PROG_LOAD type=2 (kprobe) name=lkm_seeker_mod_ insn_cnt=218 hash=67b607667099f988 policy_hash=1d97b7a5cf33418e branch_profile_hash=abed40dc8f6c8296 license=GPL expected_attach=0 attach_btf_id=0 prog_btf_fd=163 attach_btf_obj_fd=0 attach_prog_fd=0
[46.821870 pid=1940 tid=1956]   PROG_LOAD -> fd=182 errno=0 kernel_prog_id=45
[46.822579 pid=1940 tid=1956] BPF_PROG_LOAD type=2 (kprobe) name=lkm_seeker_proc insn_cnt=13343 hash=345448ec9e7348c5 policy_hash=c126fd14c3b9fbf6 branch_profile_hash=06751517730ddc3d license=GPL expected_attach=0 attach_btf_id=0 prog_btf_fd=163 attach_btf_obj_fd=0 attach_prog_fd=0
[46.988069 pid=1940 tid=1956]   PROG_LOAD -> fd=183 errno=0 kernel_prog_id=46
[46.988621 pid=1940 tid=1956] BPF_PROG_LOAD type=2 (kprobe) name=lkm_seeker_new_ insn_cnt=888 hash=524c497fbcacd536 policy_hash=b98f7940bf8c3800 branch_profile_hash=313b783363574a31 license=GPL expected_attach=0 attach_btf_id=0 prog_btf_fd=163 attach_btf_obj_fd=0 attach_prog_fd=0
[46.996088 pid=1940 tid=1956]   PROG_LOAD -> fd=184 errno=0 kernel_prog_id=47
[46.996900 pid=1940 tid=1956] BPF_PROG_LOAD type=17 (raw_tracepoint) name=tracepoint__sch insn_cnt=4301 hash=d3a0b9ac722a465d policy_hash=cc778f93eff8afe7 branch_profile_hash=4e802b965c25f045 license=GPL expected_attach=0 attach_btf_id=0 prog_btf_fd=163 attach_btf_obj_fd=0 attach_prog_fd=0
[47.006394 pid=1940 tid=1956]   PROG_LOAD -> fd=185 errno=0 kernel_prog_id=48
[47.006955 pid=1940 tid=1956] BPF_PROG_LOAD type=17 (raw_tracepoint) name=sched_process_e insn_cnt=5041 hash=80bb03cfb1bd8624 policy_hash=2de024f564784300 branch_profile_hash=4cbfab0df0f5832a license=GPL expected_attach=0 attach_btf_id=0 prog_btf_fd=163 attach_btf_obj_fd=0 attach_prog_fd=0
[47.014909 pid=1940 tid=1956]   PROG_LOAD -> fd=186 errno=0 kernel_prog_id=49
[47.015443 pid=1940 tid=1956] BPF_PROG_LOAD type=17 (raw_tracepoint) name=sched_process_e insn_cnt=4672 hash=f982950d151e3e84 policy_hash=c4cd7af89073bb18 branch_profile_hash=e0e4a84d0ff347a2 license=GPL expected_attach=0 attach_btf_id=0 prog_btf_fd=163 attach_btf_obj_fd=0 attach_prog_fd=0
[47.021923 pid=1940 tid=1956]   PROG_LOAD -> fd=187 errno=0 kernel_prog_id=50
[47.022379 pid=1940 tid=1956] BPF_PROG_LOAD type=17 (raw_tracepoint) name=tracepoint__sch insn_cnt=1833 hash=9f8e76150d1a96e2 policy_hash=ee14e238871f9933 branch_profile_hash=68f3067a2c3bf9aa license=GPL expected_attach=0 attach_btf_id=0 prog_btf_fd=163 attach_btf_obj_fd=0 attach_prog_fd=0
[47.026257 pid=1940 tid=1956]   PROG_LOAD -> fd=188 errno=0 kernel_prog_id=51
[47.026627 pid=1940 tid=1956] BPF_PROG_LOAD type=17 (raw_tracepoint) name=sched_process_e insn_cnt=268 hash=1cab05e181ec6d16 policy_hash=9b348f0470815c3e branch_profile_hash=3b54f3529816b64c license=GPL expected_attach=0 attach_btf_id=0 prog_btf_fd=163 attach_btf_obj_fd=0 attach_prog_fd=0
[47.027206 pid=1940 tid=1956]   PROG_LOAD -> fd=189 errno=0 kernel_prog_id=52
[47.027582 pid=1940 tid=1956] BPF_PROG_LOAD type=17 (raw_tracepoint) name=tracepoint__sch insn_cnt=46 hash=3535ce4b4e5109f1 policy_hash=32b1d8591ab65c23 branch_profile_hash=fa5f5b5ae5112eec license=GPL expected_attach=0 attach_btf_id=0 prog_btf_fd=163 attach_btf_obj_fd=0 attach_prog_fd=0
[47.027933 pid=1940 tid=1956]   PROG_LOAD -> fd=190 errno=0 kernel_prog_id=53
[47.028470 pid=1940 tid=1956] BPF_PROG_LOAD type=17 (raw_tracepoint) name=syscall__accept insn_cnt=1713 hash=29b54d54574cc121 policy_hash=597addf956207e40 branch_profile_hash=2dc6068f8fcb4498 license=GPL expected_attach=0 attach_btf_id=0 prog_btf_fd=163 attach_btf_obj_fd=0 attach_prog_fd=0
[47.030486 pid=1940 tid=1956]   PROG_LOAD -> fd=191 errno=0 kernel_prog_id=54
[47.030709 pid=1940 tid=1956] BPF_PROG_LOAD type=17 (raw_tracepoint) name=tracepoint__sch insn_cnt=1860 hash=f6b72109af723e94 policy_hash=16bc624de9f53202 branch_profile_hash=82ad4a18c9e5dfdb license=GPL expected_attach=0 attach_btf_id=0 prog_btf_fd=163 attach_btf_obj_fd=0 attach_prog_fd=0
[47.032747 pid=1940 tid=1956]   PROG_LOAD -> fd=192 errno=0 kernel_prog_id=55
[47.033004 pid=1940 tid=1956] BPF_PROG_LOAD type=2 (kprobe) name=trace_filldir64 insn_cnt=1713 hash=2223539a721f6a76 policy_hash=bc9fdb063f476b7c branch_profile_hash=bc88fcaa3ac85771 license=GPL expected_attach=0 attach_btf_id=0 prog_btf_fd=163 attach_btf_obj_fd=0 attach_prog_fd=0
[47.034951 pid=1940 tid=1956]   PROG_LOAD -> fd=193 errno=0 kernel_prog_id=56
[47.035403 pid=1940 tid=1956] BPF_PROG_LOAD type=2 (kprobe) name=trace_call_user insn_cnt=4826 hash=b633b2de7d12c9dc policy_hash=addca35fe008d686 branch_profile_hash=4e49b07836f3b286 license=GPL expected_attach=0 attach_btf_id=0 prog_btf_fd=163 attach_btf_obj_fd=0 attach_prog_fd=0
[47.041552 pid=1940 tid=1956]   PROG_LOAD -> fd=194 errno=0 kernel_prog_id=57
[47.041875 pid=1940 tid=1956] BPF_PROG_LOAD type=2 (kprobe) name=trace_do_exit insn_cnt=1686 hash=0c10d0086086ae56 policy_hash=9043210959d4d23c branch_profile_hash=f1846d442d4307af license=GPL expected_attach=0 attach_btf_id=0 prog_btf_fd=163 attach_btf_obj_fd=0 attach_prog_fd=0
[47.043973 pid=1940 tid=1956]   PROG_LOAD -> fd=195 errno=0 kernel_prog_id=58
[47.044440 pid=1940 tid=1956] BPF_PROG_LOAD type=2 (kprobe) name=uprobe_syscall_ insn_cnt=12999 hash=abfa9180ea269e5d policy_hash=baef32063a636cfa branch_profile_hash=3fd4c0563ef40c7c license=GPL expected_attach=0 attach_btf_id=0 prog_btf_fd=163 attach_btf_obj_fd=0 attach_prog_fd=0
[47.180041 pid=1940 tid=1956]   PROG_LOAD -> fd=196 errno=0 kernel_prog_id=59
[47.180783 pid=1940 tid=1956] BPF_PROG_LOAD type=2 (kprobe) name=uprobe_seq_ops_ insn_cnt=1440 hash=6eb8ac970dc1d2ee policy_hash=f7c1df231b7e5112 branch_profile_hash=124732dbe862c79a license=GPL expected_attach=0 attach_btf_id=0 prog_btf_fd=163 attach_btf_obj_fd=0 attach_prog_fd=0
[47.185343 pid=1940 tid=1956]   PROG_LOAD -> fd=197 errno=0 kernel_prog_id=60
[47.185783 pid=1940 tid=1956] BPF_PROG_LOAD type=17 (raw_tracepoint) name=tracepoint__cgr insn_cnt=1820 hash=0bc3aadd33bc4692 policy_hash=d3ec9775f657544c branch_profile_hash=372ec9776cfb10fb license=GPL expected_attach=0 attach_btf_id=0 prog_btf_fd=163 attach_btf_obj_fd=0 attach_prog_fd=0
[47.187987 pid=1940 tid=1956]   PROG_LOAD -> fd=198 errno=0 kernel_prog_id=61
[47.188333 pid=1940 tid=1956] BPF_PROG_LOAD type=17 (raw_tracepoint) name=tracepoint__cgr insn_cnt=1825 hash=453bf2253bfe1ad9 policy_hash=164bf62f5b3915db branch_profile_hash=9a10f5d73dddec63 license=GPL expected_attach=0 attach_btf_id=0 prog_btf_fd=163 attach_btf_obj_fd=0 attach_prog_fd=0
[47.190964 pid=1940 tid=1956]   PROG_LOAD -> fd=199 errno=0 kernel_prog_id=62
[47.191518 pid=1940 tid=1956] BPF_PROG_LOAD type=17 (raw_tracepoint) name=tracepoint__cgr insn_cnt=1825 hash=908d03e9c7a185ed policy_hash=6be19ae82d3aa79f branch_profile_hash=9a10f5d73dddec63 license=GPL expected_attach=0 attach_btf_id=0 prog_btf_fd=163 attach_btf_obj_fd=0 attach_prog_fd=0
[47.194158 pid=1940 tid=1956]   PROG_LOAD -> fd=200 errno=0 kernel_prog_id=63
[47.194681 pid=1940 tid=1956] BPF_PROG_LOAD type=2 (kprobe) name=trace_security_ insn_cnt=6704 hash=69358d191e05d613 policy_hash=4aade6812dd0a5bf branch_profile_hash=33146973c126693b license=GPL expected_attach=0 attach_btf_id=0 prog_btf_fd=163 attach_btf_obj_fd=0 attach_prog_fd=0
[47.204278 pid=1940 tid=1956]   PROG_LOAD -> fd=201 errno=0 kernel_prog_id=64
[47.205115 pid=1940 tid=1956] BPF_PROG_LOAD type=2 (kprobe) name=trace_security_ insn_cnt=4565 hash=88cc939eb2524fd5 policy_hash=730027be2fccacbf branch_profile_hash=5d4e39a7bf8dbc54 license=GPL expected_attach=0 attach_btf_id=0 prog_btf_fd=163 attach_btf_obj_fd=0 attach_prog_fd=0
[47.217602 pid=1940 tid=1956]   PROG_LOAD -> fd=202 errno=0 kernel_prog_id=65
[47.218179 pid=1940 tid=1956] BPF_PROG_LOAD type=2 (kprobe) name=trace_security_ insn_cnt=3685 hash=36640408a88df69b policy_hash=57833c1defb4a50f branch_profile_hash=c6ece87345f63cb2 license=GPL expected_attach=0 attach_btf_id=0 prog_btf_fd=163 attach_btf_obj_fd=0 attach_prog_fd=0
[47.223471 pid=1940 tid=1956]   PROG_LOAD -> fd=203 errno=0 kernel_prog_id=66
[47.223777 pid=1940 tid=1956] BPF_PROG_LOAD type=2 (kprobe) name=trace_security_ insn_cnt=2053 hash=2dbc77681910627f policy_hash=abd3394849f374fe branch_profile_hash=b936da3a386da99b license=GPL expected_attach=0 attach_btf_id=0 prog_btf_fd=163 attach_btf_obj_fd=0 attach_prog_fd=0
[47.226509 pid=1940 tid=1956]   PROG_LOAD -> fd=204 errno=0 kernel_prog_id=67
[47.226722 pid=1940 tid=1956] BPF_PROG_LOAD type=2 (kprobe) name=trace_commit_cr insn_cnt=2238 hash=09e43ffac533fa5f policy_hash=37b3c63bb18d6179 branch_profile_hash=3fa33e9bb246cfff license=GPL expected_attach=0 attach_btf_id=0 prog_btf_fd=163 attach_btf_obj_fd=0 attach_prog_fd=0
[47.229263 pid=1940 tid=1956]   PROG_LOAD -> fd=205 errno=0 kernel_prog_id=68
[47.229580 pid=1940 tid=1956] BPF_PROG_LOAD type=2 (kprobe) name=trace_switch_ta insn_cnt=2085 hash=0d7fda16b0eac9bd policy_hash=3b32c29be12352e7 branch_profile_hash=6bf3cd4b9950989a license=GPL expected_attach=0 attach_btf_id=0 prog_btf_fd=163 attach_btf_obj_fd=0 attach_prog_fd=0
[47.232346 pid=1940 tid=1956]   PROG_LOAD -> fd=206 errno=0 kernel_prog_id=69
[47.232581 pid=1940 tid=1956] BPF_PROG_LOAD type=2 (kprobe) name=trace_cap_capab insn_cnt=1711 hash=d951e87eecf0e6c6 policy_hash=e302f5809bd52c30 branch_profile_hash=3ca2fcda98b2c467 license=GPL expected_attach=0 attach_btf_id=0 prog_btf_fd=163 attach_btf_obj_fd=0 attach_prog_fd=0
[47.234319 pid=1940 tid=1956]   PROG_LOAD -> fd=207 errno=0 kernel_prog_id=70
[47.234536 pid=1940 tid=1956] BPF_PROG_LOAD type=2 (kprobe) name=trace_security_ insn_cnt=1770 hash=a52439c31706a812 policy_hash=8c980f11a415454c branch_profile_hash=3be0b0e62e9f9bd0 license=GPL expected_attach=0 attach_btf_id=0 prog_btf_fd=163 attach_btf_obj_fd=0 attach_prog_fd=0
[47.236471 pid=1940 tid=1956]   PROG_LOAD -> fd=208 errno=0 kernel_prog_id=71
[47.236733 pid=1940 tid=1956] BPF_PROG_LOAD type=2 (kprobe) name=trace_security_ insn_cnt=1911 hash=5163a3829a60609d policy_hash=94d40bd45684fee5 branch_profile_hash=5bb1c3d7cae209a7 license=GPL expected_attach=0 attach_btf_id=0 prog_btf_fd=163 attach_btf_obj_fd=0 attach_prog_fd=0
[47.239350 pid=1940 tid=1956]   PROG_LOAD -> fd=209 errno=0 kernel_prog_id=72
[47.239619 pid=1940 tid=1956] BPF_PROG_LOAD type=2 (kprobe) name=trace_proc_crea insn_cnt=1731 hash=5e37cb038cf458f3 policy_hash=bbefacf45dfe7bc5 branch_profile_hash=819ce0a1d862c947 license=GPL expected_attach=0 attach_btf_id=0 prog_btf_fd=163 attach_btf_obj_fd=0 attach_prog_fd=0
[47.241803 pid=1940 tid=1956]   PROG_LOAD -> fd=210 errno=0 kernel_prog_id=73
[47.242083 pid=1940 tid=1956] BPF_PROG_LOAD type=2 (kprobe) name=trace___debugfs insn_cnt=1963 hash=7aacf6a5d295c998 policy_hash=ba78f24c19462688 branch_profile_hash=b3e9ed539c1d5016 license=GPL expected_attach=0 attach_btf_id=0 prog_btf_fd=163 attach_btf_obj_fd=0 attach_prog_fd=0
[47.245741 pid=1940 tid=1956]   PROG_LOAD -> fd=211 errno=0 kernel_prog_id=74
[47.245935 pid=1940 tid=1956] BPF_PROG_LOAD type=2 (kprobe) name=trace_debugfs_c insn_cnt=1902 hash=8df3b3bd6593501a policy_hash=5b7cb6c3ed41f206 branch_profile_hash=d2d1162f8a5a59a4 license=GPL expected_attach=0 attach_btf_id=0 prog_btf_fd=163 attach_btf_obj_fd=0 attach_prog_fd=0
[47.248519 pid=1940 tid=1956]   PROG_LOAD -> fd=212 errno=0 kernel_prog_id=75
[47.248731 pid=1940 tid=1956] BPF_PROG_LOAD type=2 (kprobe) name=trace_security_ insn_cnt=2083 hash=1d7a78b4dc7f0c86 policy_hash=c7884bfe30d49850 branch_profile_hash=8fdea5ff59e1548f license=GPL expected_attach=0 attach_btf_id=0 prog_btf_fd=163 attach_btf_obj_fd=0 attach_prog_fd=0
[47.251057 pid=1940 tid=1956]   PROG_LOAD -> fd=213 errno=0 kernel_prog_id=76
[47.251277 pid=1940 tid=1956] BPF_PROG_LOAD type=2 (kprobe) name=trace_security_ insn_cnt=1955 hash=a5767191e2b87b31 policy_hash=79075f74b9e6af27 branch_profile_hash=a8f9e4ecd47919a8 license=GPL expected_attach=0 attach_btf_id=0 prog_btf_fd=163 attach_btf_obj_fd=0 attach_prog_fd=0
[47.253476 pid=1940 tid=1956]   PROG_LOAD -> fd=214 errno=0 kernel_prog_id=77
[47.253845 pid=1940 tid=1956] BPF_PROG_LOAD type=2 (kprobe) name=trace_security_ insn_cnt=2198 hash=b73b67eb69f178c1 policy_hash=832f62878c764230 branch_profile_hash=eaedc4440ced4584 license=GPL expected_attach=0 attach_btf_id=0 prog_btf_fd=163 attach_btf_obj_fd=0 attach_prog_fd=0
[47.256499 pid=1940 tid=1956]   PROG_LOAD -> fd=215 errno=0 kernel_prog_id=78
[47.256811 pid=1940 tid=1956] BPF_PROG_LOAD type=2 (kprobe) name=trace_security_ insn_cnt=2055 hash=d7fead4ef921d10c policy_hash=fcc03b7060b3b7c6 branch_profile_hash=d8a2b7f0163d3efa license=GPL expected_attach=0 attach_btf_id=0 prog_btf_fd=163 attach_btf_obj_fd=0 attach_prog_fd=0
[47.260267 pid=1940 tid=1956]   PROG_LOAD -> fd=216 errno=0 kernel_prog_id=79
[47.260521 pid=1940 tid=1956] BPF_PROG_LOAD type=2 (kprobe) name=trace_security_ insn_cnt=2154 hash=0e421d7aaf7bb6d2 policy_hash=fb69b0e09bbe4f78 branch_profile_hash=60ef3c8124366e74 license=GPL expected_attach=0 attach_btf_id=0 prog_btf_fd=163 attach_btf_obj_fd=0 attach_prog_fd=0
[47.262895 pid=1940 tid=1956]   PROG_LOAD -> fd=217 errno=0 kernel_prog_id=80
[47.263154 pid=1940 tid=1956] BPF_PROG_LOAD type=2 (kprobe) name=send_bin insn_cnt=180 hash=0783b68488132018 policy_hash=aa30beeb04ce2a3b branch_profile_hash=5038f9f576eff96d license=GPL expected_attach=0 attach_btf_id=0 prog_btf_fd=163 attach_btf_obj_fd=0 attach_prog_fd=0
[47.264693 pid=1940 tid=1956]   PROG_LOAD -> fd=218 errno=0 kernel_prog_id=81
[47.264828 pid=1940 tid=1956] BPF_PROG_LOAD type=17 (raw_tracepoint) name=send_bin_tp insn_cnt=180 hash=bdf5fac4c1646f93 policy_hash=c2df511431b9b1aa branch_profile_hash=31b523840ea33425 license=GPL expected_attach=0 attach_btf_id=0 prog_btf_fd=163 attach_btf_obj_fd=0 attach_prog_fd=0
[47.266367 pid=1940 tid=1956]   PROG_LOAD -> fd=219 errno=0 kernel_prog_id=82
[47.266552 pid=1940 tid=1956] BPF_PROG_LOAD type=2 (kprobe) name=trace_vfs_write insn_cnt=29 hash=adb96f8d9f17c448 policy_hash=d726438feaf7455c branch_profile_hash=5206369d4eb9aadf license=GPL expected_attach=0 attach_btf_id=0 prog_btf_fd=163 attach_btf_obj_fd=0 attach_prog_fd=0
[47.266696 pid=1940 tid=1956]   PROG_LOAD -> fd=220 errno=0 kernel_prog_id=83
[47.266822 pid=1940 tid=1956] BPF_PROG_LOAD type=2 (kprobe) name=vfs_write_magic insn_cnt=54 hash=2ea97dc964a67edd policy_hash=4ff4fdc6bb995389 branch_profile_hash=dbbe1528b2fffeb2 license=GPL expected_attach=0 attach_btf_id=0 prog_btf_fd=163 attach_btf_obj_fd=0 attach_prog_fd=0
[47.266970 pid=1940 tid=1956]   PROG_LOAD -> fd=221 errno=0 kernel_prog_id=84
[47.267181 pid=1940 tid=1956] BPF_PROG_LOAD type=2 (kprobe) name=trace_ret_vfs_w insn_cnt=3942 hash=a282455681b68b7b policy_hash=de003f327fb12da8 branch_profile_hash=8d8696d9c0160658 license=GPL expected_attach=0 attach_btf_id=0 prog_btf_fd=163 attach_btf_obj_fd=0 attach_prog_fd=0
[47.273104 pid=1940 tid=1956]   PROG_LOAD -> fd=222 errno=0 kernel_prog_id=85
[47.273516 pid=1940 tid=1956] BPF_PROG_LOAD type=2 (kprobe) name=vfs_write_magic insn_cnt=4519 hash=0ade263d9039da63 policy_hash=5ea80411dc2fa6f1 branch_profile_hash=8494597337fa3a7e license=GPL expected_attach=0 attach_btf_id=0 prog_btf_fd=163 attach_btf_obj_fd=0 attach_prog_fd=0
[47.283092 pid=1940 tid=1956]   PROG_LOAD -> fd=223 errno=0 kernel_prog_id=86
[47.283409 pid=1940 tid=1956] BPF_PROG_LOAD type=2 (kprobe) name=trace_ret_vfs_w insn_cnt=6288 hash=73ff69b596bf6d71 policy_hash=07c5292917b1620b branch_profile_hash=223a6bd3653d063a license=GPL expected_attach=0 attach_btf_id=0 prog_btf_fd=163 attach_btf_obj_fd=0 attach_prog_fd=0
[47.305624 pid=1940 tid=1956]   PROG_LOAD -> fd=224 errno=0 kernel_prog_id=87
[47.305944 pid=1940 tid=1956] BPF_PROG_LOAD type=2 (kprobe) name=trace_vfs_write insn_cnt=29 hash=f311c20886fd67c5 policy_hash=a176c01e43822ff1 branch_profile_hash=5206369d4eb9aadf license=GPL expected_attach=0 attach_btf_id=0 prog_btf_fd=163 attach_btf_obj_fd=0 attach_prog_fd=0
[47.306229 pid=1940 tid=1956]   PROG_LOAD -> fd=225 errno=0 kernel_prog_id=88
[47.306349 pid=1940 tid=1956] BPF_PROG_LOAD type=2 (kprobe) name=vfs_writev_magi insn_cnt=54 hash=2ea97dc964a67edd policy_hash=4ff4fdc6bb995389 branch_profile_hash=06f10fe11aa9e365 license=GPL expected_attach=0 attach_btf_id=0 prog_btf_fd=163 attach_btf_obj_fd=0 attach_prog_fd=0
[47.306504 pid=1940 tid=1956]   PROG_LOAD -> fd=226 errno=0 kernel_prog_id=89
[47.306813 pid=1940 tid=1956] BPF_PROG_LOAD type=2 (kprobe) name=trace_ret_vfs_w insn_cnt=3941 hash=71873be9621b3c0d policy_hash=397add6991d5070e branch_profile_hash=c07fd9088d5bc420 license=GPL expected_attach=0 attach_btf_id=0 prog_btf_fd=163 attach_btf_obj_fd=0 attach_prog_fd=0
[47.312740 pid=1940 tid=1956]   PROG_LOAD -> fd=227 errno=0 kernel_prog_id=90
[47.313102 pid=1940 tid=1956] BPF_PROG_LOAD type=2 (kprobe) name=vfs_writev_magi insn_cnt=4538 hash=6c9f73c513cf5a5b policy_hash=0c813e16f111b361 branch_profile_hash=41f6726574ecdfd7 license=GPL expected_attach=0 attach_btf_id=0 prog_btf_fd=163 attach_btf_obj_fd=0 attach_prog_fd=0
[47.322597 pid=1940 tid=1956]   PROG_LOAD -> fd=228 errno=0 kernel_prog_id=91
[47.323045 pid=1940 tid=1956] BPF_PROG_LOAD type=2 (kprobe) name=trace_ret_vfs_w insn_cnt=6311 hash=5886a0e815fdbf44 policy_hash=3b42a0623fec2a2e branch_profile_hash=1599b86e4a7b3f66 license=GPL expected_attach=0 attach_btf_id=0 prog_btf_fd=163 attach_btf_obj_fd=0 attach_prog_fd=0
[47.345853 pid=1940 tid=1956]   PROG_LOAD -> fd=229 errno=0 kernel_prog_id=92
[47.346304 pid=1940 tid=1956] BPF_PROG_LOAD type=2 (kprobe) name=trace_kernel_wr insn_cnt=29 hash=d5dd6fbc11cdbe13 policy_hash=a4e720fe4800ff97 branch_profile_hash=db7e588e56f5283d license=GPL expected_attach=0 attach_btf_id=0 prog_btf_fd=163 attach_btf_obj_fd=0 attach_prog_fd=0
[47.346647 pid=1940 tid=1956]   PROG_LOAD -> fd=230 errno=0 kernel_prog_id=93
[47.346933 pid=1940 tid=1956] BPF_PROG_LOAD type=2 (kprobe) name=kernel_write_ma insn_cnt=54 hash=2ea97dc964a67edd policy_hash=4ff4fdc6bb995389 branch_profile_hash=11fabaf48711b559 license=GPL expected_attach=0 attach_btf_id=0 prog_btf_fd=163 attach_btf_obj_fd=0 attach_prog_fd=0
[47.347105 pid=1940 tid=1956]   PROG_LOAD -> fd=231 errno=0 kernel_prog_id=94
[47.347360 pid=1940 tid=1956] BPF_PROG_LOAD type=2 (kprobe) name=trace_ret_kerne insn_cnt=3942 hash=2c4dff86e7058db7 policy_hash=f0733e9ca3a21a9c branch_profile_hash=4feccfe24382ea90 license=GPL expected_attach=0 attach_btf_id=0 prog_btf_fd=163 attach_btf_obj_fd=0 attach_prog_fd=0
[47.353306 pid=1940 tid=1956]   PROG_LOAD -> fd=232 errno=0 kernel_prog_id=95
[47.353997 pid=1940 tid=1956] BPF_PROG_LOAD type=2 (kprobe) name=kernel_write_ma insn_cnt=4519 hash=0ade263d9039da63 policy_hash=5ea80411dc2fa6f1 branch_profile_hash=fff68201c6311fd5 license=GPL expected_attach=0 attach_btf_id=0 prog_btf_fd=163 attach_btf_obj_fd=0 attach_prog_fd=0
[47.363618 pid=1940 tid=1956]   PROG_LOAD -> fd=233 errno=0 kernel_prog_id=96
[47.363999 pid=1940 tid=1956] BPF_PROG_LOAD type=2 (kprobe) name=trace_ret_kerne insn_cnt=6288 hash=d0e4a830769acae6 policy_hash=873611f860027314 branch_profile_hash=f68262dc1143e9be license=GPL expected_attach=0 attach_btf_id=0 prog_btf_fd=163 attach_btf_obj_fd=0 attach_prog_fd=0
[47.386506 pid=1940 tid=1956]   PROG_LOAD -> fd=234 errno=0 kernel_prog_id=97
[47.386852 pid=1940 tid=1956] BPF_PROG_LOAD type=2 (kprobe) name=trace_vfs_read insn_cnt=29 hash=3bbdba30b197371a policy_hash=615591460fb29b2e branch_profile_hash=6fd8dec6a155f912 license=GPL expected_attach=0 attach_btf_id=0 prog_btf_fd=163 attach_btf_obj_fd=0 attach_prog_fd=0
[47.387311 pid=1940 tid=1956]   PROG_LOAD -> fd=235 errno=0 kernel_prog_id=98
[47.387797 pid=1940 tid=1956] BPF_PROG_LOAD type=2 (kprobe) name=trace_ret_vfs_r insn_cnt=3942 hash=ff2fcab0aedec2f9 policy_hash=cde75b3951a56b82 branch_profile_hash=01614e8d9f28ddb5 license=GPL expected_attach=0 attach_btf_id=0 prog_btf_fd=163 attach_btf_obj_fd=0 attach_prog_fd=0
[47.393792 pid=1940 tid=1956]   PROG_LOAD -> fd=236 errno=0 kernel_prog_id=99
[47.394087 pid=1940 tid=1956] BPF_PROG_LOAD type=2 (kprobe) name=trace_ret_vfs_r insn_cnt=3725 hash=749c073c78fa8b16 policy_hash=c65a8ac156bd503d branch_profile_hash=0b72a538e798cdaf license=GPL expected_attach=0 attach_btf_id=0 prog_btf_fd=163 attach_btf_obj_fd=0 attach_prog_fd=0
[47.405145 pid=1940 tid=1956]   PROG_LOAD -> fd=237 errno=0 kernel_prog_id=100
[47.405653 pid=1940 tid=1956] BPF_PROG_LOAD type=2 (kprobe) name=trace_vfs_readv insn_cnt=29 hash=8f943ce76e16a06f policy_hash=189e9ece4e706d2b branch_profile_hash=6fa94ac6a12d8cd4 license=GPL expected_attach=0 attach_btf_id=0 prog_btf_fd=163 attach_btf_obj_fd=0 attach_prog_fd=0
[47.405920 pid=1940 tid=1956]   PROG_LOAD -> fd=238 errno=0 kernel_prog_id=101
[47.406148 pid=1940 tid=1956] BPF_PROG_LOAD type=2 (kprobe) name=trace_ret_vfs_r insn_cnt=3941 hash=6f36d55723ab9207 policy_hash=7bf8d29fa27b4fbc branch_profile_hash=992ca67ab1e19a85 license=GPL expected_attach=0 attach_btf_id=0 prog_btf_fd=163 attach_btf_obj_fd=0 attach_prog_fd=0
[47.412169 pid=1940 tid=1956]   PROG_LOAD -> fd=239 errno=0 kernel_prog_id=102
[47.412534 pid=1940 tid=1956] BPF_PROG_LOAD type=2 (kprobe) name=trace_ret_vfs_r insn_cnt=3740 hash=d385b838753e1d3c policy_hash=3488444b885ecaab branch_profile_hash=32144894cf85b8ba license=GPL expected_attach=0 attach_btf_id=0 prog_btf_fd=163 attach_btf_obj_fd=0 attach_prog_fd=0
[47.423996 pid=1940 tid=1956]   PROG_LOAD -> fd=240 errno=0 kernel_prog_id=103
[47.424471 pid=1940 tid=1956] BPF_PROG_LOAD type=2 (kprobe) name=trace_mmap_aler insn_cnt=4072 hash=9e62effaee98384e policy_hash=b0b6e4fa51ce6bb2 branch_profile_hash=87fe134fa97a4517 license=GPL expected_attach=0 attach_btf_id=0 prog_btf_fd=163 attach_btf_obj_fd=0 attach_prog_fd=0
[47.431235 pid=1940 tid=1956]   PROG_LOAD -> fd=241 errno=0 kernel_prog_id=104
[47.431671 pid=1940 tid=1956] BPF_PROG_LOAD type=2 (kprobe) name=trace_do_mmap insn_cnt=29 hash=52836ec79d06d763 policy_hash=1520a2f30a88caa7 branch_profile_hash=9b8a27c703cea327 license=GPL expected_attach=0 attach_btf_id=0 prog_btf_fd=163 attach_btf_obj_fd=0 attach_prog_fd=0
[47.431822 pid=1940 tid=1956]   PROG_LOAD -> fd=242 errno=0 kernel_prog_id=105
[47.432266 pid=1940 tid=1956] BPF_PROG_LOAD type=2 (kprobe) name=trace_ret_do_mm insn_cnt=3937 hash=0b4f8ce528fc8d27 policy_hash=6ba205e064b6d6b7 branch_profile_hash=4d7723cc60eac586 license=GPL expected_attach=0 attach_btf_id=0 prog_btf_fd=163 attach_btf_obj_fd=0 attach_prog_fd=0
[47.438112 pid=1940 tid=1956]   PROG_LOAD -> fd=243 errno=0 kernel_prog_id=106
[47.438663 pid=1940 tid=1956] BPF_PROG_LOAD type=2 (kprobe) name=trace_security_ insn_cnt=7456 hash=bd6ed5affc5987e8 policy_hash=cc3c4138287293f8 branch_profile_hash=61bfe0890b6db490 license=GPL expected_attach=0 attach_btf_id=0 prog_btf_fd=163 attach_btf_obj_fd=0 attach_prog_fd=0
[47.458754 pid=1940 tid=1956]   PROG_LOAD -> fd=244 errno=0 kernel_prog_id=107
[47.459205 pid=1940 tid=1956] BPF_PROG_LOAD type=2 (kprobe) name=trace_security_ insn_cnt=7346 hash=a71421d3e11cb2fe policy_hash=24ba200790db7383 branch_profile_hash=ffa5817e76764d92 license=GPL expected_attach=0 attach_btf_id=0 prog_btf_fd=163 attach_btf_obj_fd=0 attach_prog_fd=0
[47.481528 pid=1940 tid=1956]   PROG_LOAD -> fd=245 errno=0 kernel_prog_id=108
[47.482196 pid=1940 tid=1956] BPF_PROG_LOAD type=17 (raw_tracepoint) name=syscall__init_m insn_cnt=101 hash=8aa29c3aff398ae9 policy_hash=ab8d05581f1ca779 branch_profile_hash=42d1c26b2f679f6f license=GPL expected_attach=0 attach_btf_id=0 prog_btf_fd=163 attach_btf_obj_fd=0 attach_prog_fd=0
[47.482777 pid=1940 tid=1956]   PROG_LOAD -> fd=246 errno=0 kernel_prog_id=109
[47.483150 pid=1940 tid=1956] BPF_PROG_LOAD type=2 (kprobe) name=trace_register_ insn_cnt=29 hash=a7c7b58fc2949a25 policy_hash=349e107b2bb5b711 branch_profile_hash=77ec1584cc288d5a license=GPL expected_attach=0 attach_btf_id=0 prog_btf_fd=163 attach_btf_obj_fd=0 attach_prog_fd=0
[47.483541 pid=1940 tid=1956]   PROG_LOAD -> fd=247 errno=0 kernel_prog_id=110
[47.483925 pid=1940 tid=1956] BPF_PROG_LOAD type=2 (kprobe) name=trace_ret_regis insn_cnt=1834 hash=8c4a8b800200ace5 policy_hash=ccba88d1f436d65f branch_profile_hash=5ca5337a9cfa6f5d license=GPL expected_attach=0 attach_btf_id=0 prog_btf_fd=163 attach_btf_obj_fd=0 attach_prog_fd=0
[47.485972 pid=1940 tid=1956]   PROG_LOAD -> fd=248 errno=0 kernel_prog_id=111
[47.486484 pid=1940 tid=1956] BPF_PROG_LOAD type=2 (kprobe) name=trace_security_ insn_cnt=3765 hash=a29e5d6ff62b5337 policy_hash=19d24eab6f68165f branch_profile_hash=2755ccb6fa237957 license=GPL expected_attach=0 attach_btf_id=0 prog_btf_fd=163 attach_btf_obj_fd=0 attach_prog_fd=0
[47.491745 pid=1940 tid=1956]   PROG_LOAD -> fd=249 errno=0 kernel_prog_id=112
[47.492273 pid=1940 tid=1956] BPF_PROG_LOAD type=2 (kprobe) name=trace_security_ insn_cnt=3726 hash=e68ad331d32698ed policy_hash=a1a4935eb0ed7512 branch_profile_hash=6778fd1bb8d0761e license=GPL expected_attach=0 attach_btf_id=0 prog_btf_fd=163 attach_btf_obj_fd=0 attach_prog_fd=0
[47.497898 pid=1940 tid=1956]   PROG_LOAD -> fd=250 errno=0 kernel_prog_id=113
[47.498443 pid=1940 tid=1956] BPF_PROG_LOAD type=2 (kprobe) name=trace_security_ insn_cnt=1895 hash=0a25292a542ecedc policy_hash=361ee7cbacfc8004 branch_profile_hash=006b15aeb47c9499 license=GPL expected_attach=0 attach_btf_id=0 prog_btf_fd=163 attach_btf_obj_fd=0 attach_prog_fd=0
[47.501134 pid=1940 tid=1956]   PROG_LOAD -> fd=251 errno=0 kernel_prog_id=114
[47.501537 pid=1940 tid=1956] BPF_PROG_LOAD type=2 (kprobe) name=trace_device_ad insn_cnt=1798 hash=88e66103b9d390e6 policy_hash=20fe780490bc8ac8 branch_profile_hash=1d361d5a78ac763d license=GPL expected_attach=0 attach_btf_id=0 prog_btf_fd=163 attach_btf_obj_fd=0 attach_prog_fd=0
[47.503587 pid=1940 tid=1956]   PROG_LOAD -> fd=252 errno=0 kernel_prog_id=115
[47.503908 pid=1940 tid=1956] BPF_PROG_LOAD type=2 (kprobe) name=trace___registe insn_cnt=29 hash=b6907c4e39f91090 policy_hash=d7320d8806e72664 branch_profile_hash=83c3ce5bb39c23a1 license=GPL expected_attach=0 attach_btf_id=0 prog_btf_fd=163 attach_btf_obj_fd=0 attach_prog_fd=0
[47.504468 pid=1940 tid=1956]   PROG_LOAD -> fd=253 errno=0 kernel_prog_id=116
[47.504982 pid=1940 tid=1956] BPF_PROG_LOAD type=2 (kprobe) name=trace_ret__regi insn_cnt=1828 hash=84c56e1149032f01 policy_hash=5fda4b07dabd8933 branch_profile_hash=4001582415619835 license=GPL expected_attach=0 attach_btf_id=0 prog_btf_fd=163 attach_btf_obj_fd=0 attach_prog_fd=0
[47.507725 pid=1940 tid=1956]   PROG_LOAD -> fd=254 errno=0 kernel_prog_id=117
[47.508147 pid=1940 tid=1956] BPF_PROG_LOAD type=2 (kprobe) name=trace_do_splice insn_cnt=29 hash=d648e863b4040dcf policy_hash=c0a3fb03a155cdcb branch_profile_hash=73e1d3c455fa50da license=GPL expected_attach=0 attach_btf_id=0 prog_btf_fd=163 attach_btf_obj_fd=0 attach_prog_fd=0
[47.508622 pid=1940 tid=1956]   PROG_LOAD -> fd=255 errno=0 kernel_prog_id=118
[47.530465 pid=1940 tid=1956] BPF_PROG_LOAD type=2 (kprobe) name=trace_ret_do_sp insn_cnt=4024 hash=d7d5b96681aeab49 policy_hash=731abb38d4af3da4 branch_profile_hash=05e5948dd7e41086 license=GPL expected_attach=0 attach_btf_id=0 prog_btf_fd=163 attach_btf_obj_fd=0 attach_prog_fd=0
[47.536208 pid=1940 tid=1956]   PROG_LOAD -> fd=256 errno=0 kernel_prog_id=119
[47.536613 pid=1940 tid=1956] BPF_PROG_LOAD type=17 (raw_tracepoint) name=tracepoint__mod insn_cnt=4047 hash=ff4aa80749895958 policy_hash=5ab5f5a6dc2baa1d branch_profile_hash=b6d69064c075c7e8 license=GPL expected_attach=0 attach_btf_id=0 prog_btf_fd=163 attach_btf_obj_fd=0 attach_prog_fd=0
[47.542755 pid=1940 tid=1956]   PROG_LOAD -> fd=257 errno=0 kernel_prog_id=120
[47.543204 pid=1940 tid=1956] BPF_PROG_LOAD type=17 (raw_tracepoint) name=tracepoint__mod insn_cnt=1885 hash=96e815c659a5754d policy_hash=8a8d0de2a144a9b5 branch_profile_hash=7fa0d30acc9c5ce1 license=GPL expected_attach=0 attach_btf_id=0 prog_btf_fd=163 attach_btf_obj_fd=0 attach_prog_fd=0
[47.545395 pid=1940 tid=1956]   PROG_LOAD -> fd=258 errno=0 kernel_prog_id=121
[47.545833 pid=1940 tid=1956] BPF_PROG_LOAD type=2 (kprobe) name=trace_do_init_m insn_cnt=29 hash=332c1353ebb373a2 policy_hash=13cacb437fa85df6 branch_profile_hash=7caf60c5c4a961fc license=GPL expected_attach=0 attach_btf_id=0 prog_btf_fd=163 attach_btf_obj_fd=0 attach_prog_fd=0
[47.546407 pid=1940 tid=1956]   PROG_LOAD -> fd=259 errno=0 kernel_prog_id=122
[47.546923 pid=1940 tid=1956] BPF_PROG_LOAD type=2 (kprobe) name=trace_ret_do_in insn_cnt=3021 hash=d28b245d2e8eb045 policy_hash=07e277fc0ea324ff branch_profile_hash=361c9e5c0bdd043e license=GPL expected_attach=0 attach_btf_id=0 prog_btf_fd=163 attach_btf_obj_fd=0 attach_prog_fd=0
[47.551423 pid=1940 tid=1956]   PROG_LOAD -> fd=260 errno=0 kernel_prog_id=123
[47.551941 pid=1940 tid=1956] BPF_PROG_LOAD type=2 (kprobe) name=trace_load_elf_ insn_cnt=3749 hash=1a7ca0962816d583 policy_hash=7985a0411604da2b branch_profile_hash=c43ce0d9c1039365 license=GPL expected_attach=0 attach_btf_id=0 prog_btf_fd=163 attach_btf_obj_fd=0 attach_prog_fd=0
[47.557962 pid=1940 tid=1956]   PROG_LOAD -> fd=261 errno=0 kernel_prog_id=124
[47.558501 pid=1940 tid=1956] BPF_PROG_LOAD type=2 (kprobe) name=trace_security_ insn_cnt=1830 hash=9d61a1374aadd814 policy_hash=e4f9abc4286103aa branch_profile_hash=47f48e50029d4324 license=GPL expected_attach=0 attach_btf_id=0 prog_btf_fd=163 attach_btf_obj_fd=0 attach_prog_fd=0
[47.561118 pid=1940 tid=1956]   PROG_LOAD -> fd=262 errno=0 kernel_prog_id=125
[47.561684 pid=1940 tid=1956] BPF_PROG_LOAD type=17 (raw_tracepoint) name=tracepoint__tas insn_cnt=1760 hash=886bf7a9e00638b7 policy_hash=6cab014ec4dd5f85 branch_profile_hash=e504708816b5f817 license=GPL expected_attach=0 attach_btf_id=0 prog_btf_fd=163 attach_btf_obj_fd=0 attach_prog_fd=0
[47.564162 pid=1940 tid=1956]   PROG_LOAD -> fd=263 errno=0 kernel_prog_id=126
[47.564491 pid=1940 tid=1956] BPF_PROG_LOAD type=2 (kprobe) name=trace_security_ insn_cnt=2028 hash=7fdb065ea817a6dd policy_hash=976e2e01ae4eb387 branch_profile_hash=78ed7d3c94b9853f license=GPL expected_attach=0 attach_btf_id=0 prog_btf_fd=163 attach_btf_obj_fd=0 attach_prog_fd=0
[47.567910 pid=1940 tid=1956]   PROG_LOAD -> fd=264 errno=0 kernel_prog_id=127
[47.568285 pid=1940 tid=1956] BPF_PROG_LOAD type=2 (kprobe) name=trace_kallsyms_ insn_cnt=29 hash=898e5afff8a413c0 policy_hash=c4f6ce800d165b94 branch_profile_hash=4365942073bc65df license=GPL expected_attach=0 attach_btf_id=0 prog_btf_fd=163 attach_btf_obj_fd=0 attach_prog_fd=0
[47.568631 pid=1940 tid=1956]   PROG_LOAD -> fd=265 errno=0 kernel_prog_id=128
[47.569129 pid=1940 tid=1956] BPF_PROG_LOAD type=2 (kprobe) name=trace_ret_kalls insn_cnt=1756 hash=8744e487a6091842 policy_hash=2b61d38b27a22878 branch_profile_hash=5249755503164e1e license=GPL expected_attach=0 attach_btf_id=0 prog_btf_fd=163 attach_btf_obj_fd=0 attach_prog_fd=0
[47.571803 pid=1940 tid=1956]   PROG_LOAD -> fd=266 errno=0 kernel_prog_id=129
[47.572191 pid=1940 tid=1956] BPF_PROG_LOAD type=2 (kprobe) name=trace_do_sigact insn_cnt=2049 hash=1d7324f737aeb73e policy_hash=242825036e0328e0 branch_profile_hash=ee14faa51863ae1a license=GPL expected_attach=0 attach_btf_id=0 prog_btf_fd=163 attach_btf_obj_fd=0 attach_prog_fd=0
[47.574559 pid=1940 tid=1956]   PROG_LOAD -> fd=267 errno=0 kernel_prog_id=130
[47.574919 pid=1940 tid=1956] BPF_PROG_LOAD type=2 (kprobe) name=trace_vfs_utime insn_cnt=3744 hash=c27d8f7c6da1f160 policy_hash=4dd243ff691cd00c branch_profile_hash=f14ad601a7fe041d license=GPL expected_attach=0 attach_btf_id=0 prog_btf_fd=163 attach_btf_obj_fd=0 attach_prog_fd=0
[47.580306 pid=1940 tid=1956]   PROG_LOAD -> fd=268 errno=0 kernel_prog_id=131
[47.580668 pid=1940 tid=1956] BPF_PROG_LOAD type=2 (kprobe) name=trace_utimes_co insn_cnt=3744 hash=c27d8f7c6da1f160 policy_hash=4dd243ff691cd00c branch_profile_hash=651c032264e8829f license=GPL expected_attach=0 attach_btf_id=0 prog_btf_fd=163 attach_btf_obj_fd=0 attach_prog_fd=0
[47.586199 pid=1940 tid=1956]   PROG_LOAD -> fd=269 errno=0 kernel_prog_id=132
[47.586786 pid=1940 tid=1956] BPF_PROG_LOAD type=2 (kprobe) name=trace_do_trunca insn_cnt=1970 hash=3c69f3821452c5ca policy_hash=40638a9c5990254a branch_profile_hash=38559f705005c26d license=GPL expected_attach=0 attach_btf_id=0 prog_btf_fd=163 attach_btf_obj_fd=0 attach_prog_fd=0
[47.589498 pid=1940 tid=1956]   PROG_LOAD -> fd=270 errno=0 kernel_prog_id=133
[47.589904 pid=1940 tid=1956] BPF_PROG_LOAD type=2 (kprobe) name=trace_inotify_f insn_cnt=29 hash=7108405d5be62a26 policy_hash=4b706947fdcac612 branch_profile_hash=7b22b49ec4dac951 license=GPL expected_attach=0 attach_btf_id=0 prog_btf_fd=163 attach_btf_obj_fd=0 attach_prog_fd=0
[47.590069 pid=1940 tid=1956]   PROG_LOAD -> fd=271 errno=0 kernel_prog_id=134
[47.590384 pid=1940 tid=1956] BPF_PROG_LOAD type=2 (kprobe) name=trace_ret_inoti insn_cnt=3674 hash=07a222bd015bae80 policy_hash=c29b0a1fd6211368 branch_profile_hash=b19cfc05753eb31e license=GPL expected_attach=0 attach_btf_id=0 prog_btf_fd=163 attach_btf_obj_fd=0 attach_prog_fd=0
[47.595623 pid=1940 tid=1956]   PROG_LOAD -> fd=272 errno=0 kernel_prog_id=135
[47.596043 pid=1940 tid=1956] BPF_PROG_LOAD type=2 (kprobe) name=process_execute insn_cnt=2441 hash=d5d56856db84111d policy_hash=0e0ecc9ac9cd0183 branch_profile_hash=daabffaedc4d592c license=GPL expected_attach=0 attach_btf_id=0 prog_btf_fd=163 attach_btf_obj_fd=0 attach_prog_fd=0
[47.598568 pid=1940 tid=1956]   PROG_LOAD -> fd=273 errno=0 kernel_prog_id=136
[47.599032 pid=1940 tid=1956] BPF_PROG_LOAD type=2 (kprobe) name=trace_exec_binp insn_cnt=3523 hash=94dff62003dfc877 policy_hash=1fd66c0922a67d70 branch_profile_hash=ba21d08a4bdbfb92 license=GPL expected_attach=0 attach_btf_id=0 prog_btf_fd=163 attach_btf_obj_fd=0 attach_prog_fd=0
[47.604212 pid=1940 tid=1956]   PROG_LOAD -> fd=274 errno=0 kernel_prog_id=137
[47.604899 pid=1940 tid=1956] BPF_PROG_LOAD type=2 (kprobe) name=trace_security_ insn_cnt=3554 hash=db0bf1b80a7271a5 policy_hash=bc2301faade704fa branch_profile_hash=ba87af4a637551d5 license=GPL expected_attach=0 attach_btf_id=0 prog_btf_fd=163 attach_btf_obj_fd=0 attach_prog_fd=0
[47.610074 pid=1940 tid=1956]   PROG_LOAD -> fd=275 errno=0 kernel_prog_id=138
[47.610488 pid=1940 tid=1956] BPF_PROG_LOAD type=2 (kprobe) name=trace_execute_f insn_cnt=5077 hash=f59d05326e34d18e policy_hash=69f00f1ed8704f74 branch_profile_hash=3dee05a4fa204b19 license=GPL expected_attach=0 attach_btf_id=0 prog_btf_fd=163 attach_btf_obj_fd=0 attach_prog_fd=0
[47.618106 pid=1940 tid=1956]   PROG_LOAD -> fd=276 errno=0 kernel_prog_id=139
[47.618528 pid=1940 tid=1956] BPF_PROG_LOAD type=2 (kprobe) name=trace_security_ insn_cnt=3746 hash=f9f4f71024a1a026 policy_hash=52ee2998b8e3cd1a branch_profile_hash=792505e7ed3bc22b license=GPL expected_attach=0 attach_btf_id=0 prog_btf_fd=163 attach_btf_obj_fd=0 attach_prog_fd=0
[47.624134 pid=1940 tid=1956]   PROG_LOAD -> fd=277 errno=0 kernel_prog_id=140
[47.624486 pid=1940 tid=1956] BPF_PROG_LOAD type=2 (kprobe) name=trace_set_fs_pw insn_cnt=3821 hash=efb0c5ca5b8d50cb policy_hash=74fa56fadc12e27f branch_profile_hash=9e93515f1715f130 license=GPL expected_attach=0 attach_btf_id=0 prog_btf_fd=163 attach_btf_obj_fd=0 attach_prog_fd=0
[47.629889 pid=1940 tid=1956]   PROG_LOAD -> fd=278 errno=0 kernel_prog_id=141
[47.630407 pid=1940 tid=1956] BPF_PROG_LOAD type=2 (kprobe) name=trace_security_ insn_cnt=1817 hash=b96ce248d19d2e88 policy_hash=522b432ddeb1ba72 branch_profile_hash=b9cc576ac50f3433 license=GPL expected_attach=0 attach_btf_id=0 prog_btf_fd=163 attach_btf_obj_fd=0 attach_prog_fd=0
[47.632326 pid=1940 tid=1956]   PROG_LOAD -> fd=279 errno=0 kernel_prog_id=142
[47.632795 pid=1940 tid=1956] BPF_PROG_LOAD type=2 (kprobe) name=trace_security_ insn_cnt=1804 hash=800c5798a1434765 policy_hash=22d71277fcd327fb branch_profile_hash=a6b978ed9bf2c84a license=GPL expected_attach=0 attach_btf_id=0 prog_btf_fd=163 attach_btf_obj_fd=0 attach_prog_fd=0
[47.634798 pid=1940 tid=1956]   PROG_LOAD -> fd=280 errno=0 kernel_prog_id=143
[47.635283 pid=1940 tid=1956] BPF_PROG_LOAD type=2 (kprobe) name=trace_chmod_com insn_cnt=3572 hash=4ad69037b661859e policy_hash=b6d12adb62242baa branch_profile_hash=d1c6c057676aa9f9 license=GPL expected_attach=0 attach_btf_id=0 prog_btf_fd=163 attach_btf_obj_fd=0 attach_prog_fd=0
[47.640749 pid=1940 tid=1956]   PROG_LOAD -> fd=281 errno=0 kernel_prog_id=144
[47.641276 pid=1940 tid=1956] BPF_PROG_LOAD type=2 (kprobe) name=trace_security_ insn_cnt=9464 hash=d5c0b3428b92bd01 policy_hash=39c1dabee47bd011 branch_profile_hash=30f97782d39102dd license=GPL expected_attach=0 attach_btf_id=0 prog_btf_fd=163 attach_btf_obj_fd=0 attach_prog_fd=0
[47.671500 pid=1940 tid=1956]   PROG_LOAD -> fd=282 errno=0 kernel_prog_id=145
[47.672273 pid=1940 tid=1956] BPF_PROG_LOAD type=2 (kprobe) name=syscall_checker insn_cnt=4728 hash=1a46d8050407e7ab policy_hash=e5a671ea1ef21f81 branch_profile_hash=7847712e17036408 license=GPL expected_attach=0 attach_btf_id=0 prog_btf_fd=163 attach_btf_obj_fd=0 attach_prog_fd=0
[47.679587 pid=1940 tid=1956]   PROG_LOAD -> fd=283 errno=0 kernel_prog_id=146
[47.680019 pid=1940 tid=1956] BPF_PROG_LOAD type=2 (kprobe) name=trace_security_ insn_cnt=1970 hash=65ae88f0e4ef8bb3 policy_hash=4bf639413b337227 branch_profile_hash=e1c5079e4f1f146a license=GPL expected_attach=0 attach_btf_id=0 prog_btf_fd=163 attach_btf_obj_fd=0 attach_prog_fd=0
[47.682993 pid=1940 tid=1956]   PROG_LOAD -> fd=284 errno=0 kernel_prog_id=147
[47.683494 pid=1940 tid=1956] BPF_PROG_LOAD type=2 (kprobe) name=trace_sock_allo insn_cnt=76 hash=7a626465770e2e41 policy_hash=11ecf04b5f4c7359 branch_profile_hash=c7e0f80fb03d9daa license=GPL expected_attach=0 attach_btf_id=0 prog_btf_fd=163 attach_btf_obj_fd=0 attach_prog_fd=0
[47.683820 pid=1940 tid=1956]   PROG_LOAD -> fd=285 errno=0 kernel_prog_id=148
[47.684263 pid=1940 tid=1956] BPF_PROG_LOAD type=2 (kprobe) name=trace_ret_sock_ insn_cnt=1686 hash=d3b6c154373027e2 policy_hash=517fcd3e27b50404 branch_profile_hash=e8521e528306d9a1 license=GPL expected_attach=0 attach_btf_id=0 prog_btf_fd=163 attach_btf_obj_fd=0 attach_prog_fd=0
[47.686516 pid=1940 tid=1956]   PROG_LOAD -> fd=286 errno=0 kernel_prog_id=149
[47.686861 pid=1940 tid=1956] BPF_PROG_LOAD type=2 (kprobe) name=trace_security_ insn_cnt=69 hash=9eb89d4dcf659f21 policy_hash=1ea3205af042b8a8 branch_profile_hash=f7c0933b76d3cbbf license=GPL expected_attach=0 attach_btf_id=0 prog_btf_fd=163 attach_btf_obj_fd=0 attach_prog_fd=0
[47.687162 pid=1940 tid=1956]   PROG_LOAD -> fd=287 errno=0 kernel_prog_id=150
[47.687457 pid=1940 tid=1956] BPF_PROG_LOAD type=2 (kprobe) name=trace_security_ insn_cnt=1731 hash=691782b70cae77ad policy_hash=32d974ea8ebcf3fb branch_profile_hash=91342d2ff6aff70d license=GPL expected_attach=0 attach_btf_id=0 prog_btf_fd=163 attach_btf_obj_fd=0 attach_prog_fd=0
[47.689948 pid=1940 tid=1956]   PROG_LOAD -> fd=288 errno=0 kernel_prog_id=151
[47.690349 pid=1940 tid=1956] BPF_PROG_LOAD type=2 (kprobe) name=trace_security_ insn_cnt=1731 hash=691782b70cae77ad policy_hash=32d974ea8ebcf3fb branch_profile_hash=91342d2ff6aff70d license=GPL expected_attach=0 attach_btf_id=0 prog_btf_fd=163 attach_btf_obj_fd=0 attach_prog_fd=0
[47.692827 pid=1940 tid=1956]   PROG_LOAD -> fd=289 errno=0 kernel_prog_id=152
[47.693258 pid=1940 tid=1956] BPF_PROG_LOAD type=2 (kprobe) name=cgroup_bpf_run_ insn_cnt=1105 hash=72d9703cdec45120 policy_hash=e531c97cd9efcfd7 branch_profile_hash=42adb65334dcbcb7 license=GPL expected_attach=0 attach_btf_id=0 prog_btf_fd=163 attach_btf_obj_fd=0 attach_prog_fd=0
[47.695339 pid=1940 tid=1956]   PROG_LOAD -> fd=290 errno=0 kernel_prog_id=153
[47.695637 pid=1940 tid=1956] BPF_PROG_LOAD type=9 (cgroup_sock) name= insn_cnt=2 hash=58255400910d7827 policy_hash=58255400910d7827 branch_profile_hash=de07ed38c37628d2 license=GPL expected_attach=2 attach_btf_id=0 prog_btf_fd=0 attach_btf_obj_fd=0 attach_prog_fd=0
[47.695879 pid=1940 tid=1956]   PROG_LOAD -> fd=291 errno=0 kernel_prog_id=154
[47.696345 pid=1940 tid=1956] BPF_PROG_LOAD type=8 (cgroup_skb) name=cgroup_skb_ingr insn_cnt=3602 hash=a26e52ffac0698e3 policy_hash=83ddf60fc9d065a9 branch_profile_hash=57f4c8002a345292 license=GPL expected_attach=0 attach_btf_id=0 prog_btf_fd=163 attach_btf_obj_fd=0 attach_prog_fd=0
[47.702542 pid=1940 tid=1956]   PROG_LOAD -> fd=291 errno=0 kernel_prog_id=155
[47.702893 pid=1940 tid=1956] BPF_PROG_LOAD type=8 (cgroup_skb) name=cgroup_skb_egre insn_cnt=3602 hash=1e178e34d4c8e313 policy_hash=83ddf60fc9d065a9 branch_profile_hash=8fb04c14d3f91e7f license=GPL expected_attach=1 attach_btf_id=0 prog_btf_fd=163 attach_btf_obj_fd=0 attach_prog_fd=0
[47.709384 pid=1940 tid=1956]   PROG_LOAD -> fd=292 errno=0 kernel_prog_id=156
[47.709678 pid=1940 tid=1956] BPF_PROG_LOAD type=17 (raw_tracepoint) name=cgroup_mkdir_si insn_cnt=200 hash=44c9791f8f5d8832 policy_hash=6eb796615127ac42 branch_profile_hash=964ebc852e443a11 license=GPL expected_attach=0 attach_btf_id=0 prog_btf_fd=163 attach_btf_obj_fd=0 attach_prog_fd=0
[47.710162 pid=1940 tid=1956]   PROG_LOAD -> fd=293 errno=0 kernel_prog_id=157
[47.710516 pid=1940 tid=1956] BPF_PROG_LOAD type=17 (raw_tracepoint) name=cgroup_rmdir_si insn_cnt=195 hash=6c372d5d08077965 policy_hash=64fb37a241e5bf45 branch_profile_hash=4a68a635d8f35d2a license=GPL expected_attach=0 attach_btf_id=0 prog_btf_fd=163 attach_btf_obj_fd=0 attach_prog_fd=0
[47.710995 pid=1940 tid=1956]   PROG_LOAD -> fd=294 errno=0 kernel_prog_id=158
[47.711389 pid=1940 tid=1956] BPF_PROG_LOAD type=2 (kprobe) name=empty_kprobe insn_cnt=2 hash=58255400910d7827 policy_hash=58255400910d7827 branch_profile_hash=07717532779d12b6 license=GPL expected_attach=0 attach_btf_id=0 prog_btf_fd=163 attach_btf_obj_fd=0 attach_prog_fd=0
[47.711730 pid=1940 tid=1956]   PROG_LOAD -> fd=295 errno=0 kernel_prog_id=159
[47.712320 pid=1940 tid=1956] BPF_PROG_LOAD type=17 (raw_tracepoint) name=tracepoint__exe insn_cnt=11832 hash=01654e89a6d084a3 policy_hash=7cc7dbc674eaf5cd branch_profile_hash=b9580d53409e7af5 license=GPL expected_attach=0 attach_btf_id=0 prog_btf_fd=163 attach_btf_obj_fd=0 attach_prog_fd=0
[47.740367 pid=1940 tid=1956]   PROG_LOAD -> fd=296 errno=0 kernel_prog_id=160
[47.740936 pid=1940 tid=1956] BPF_PROG_LOAD type=2 (kprobe) name=uprobe__feature insn_cnt=757 hash=2942c6e643ab5ac4 policy_hash=77ebb105cea1b116 branch_profile_hash=d6848319dea274ad license=GPL expected_attach=0 attach_btf_id=0 prog_btf_fd=163 attach_btf_obj_fd=0 attach_prog_fd=0
[47.742150 pid=1940 tid=1956]   PROG_LOAD -> fd=297 errno=0 kernel_prog_id=161
[47.742533 pid=1940 tid=1956] BPF_PROG_LOAD type=2 (kprobe) name=uprobe__feature insn_cnt=454 hash=41625c2a0f03bcbc policy_hash=567d02f52ce12070 branch_profile_hash=8f840f10d0848fd0 license=GPL expected_attach=0 attach_btf_id=0 prog_btf_fd=163 attach_btf_obj_fd=0 attach_prog_fd=0
[47.743033 pid=1940 tid=1956]   PROG_LOAD -> fd=298 errno=0 kernel_prog_id=162
[47.743394 pid=1940 tid=1956] BPF_PROG_LOAD type=2 (kprobe) name=uprobe__feature insn_cnt=454 hash=7db101bc456a53eb policy_hash=ca7d973efc7c8a37 branch_profile_hash=8f840f10d0848fd0 license=GPL expected_attach=0 attach_btf_id=0 prog_btf_fd=163 attach_btf_obj_fd=0 attach_prog_fd=0
[47.743964 pid=1940 tid=1956]   PROG_LOAD -> fd=299 errno=0 kernel_prog_id=163
[47.744345 pid=1940 tid=1956] BPF_PROG_LOAD type=2 (kprobe) name=uprobe__feature insn_cnt=454 hash=b0cad387ce5c7ade policy_hash=47fcce0fe5967fb2 branch_profile_hash=8f840f10d0848fd0 license=GPL expected_attach=0 attach_btf_id=0 prog_btf_fd=163 attach_btf_obj_fd=0 attach_prog_fd=0
[47.744886 pid=1940 tid=1956]   PROG_LOAD -> fd=300 errno=0 kernel_prog_id=164
[47.747759 pid=1940 tid=1956] BPF_MAP_CREATE type=1 key_size=4 value_size=64 max_entries=794 name=events_map_1
[47.747997 pid=1940 tid=1956]   MAP_CREATE -> fd=114 errno=0 kernel_map_id=228
[47.749083 pid=1940 tid=1956] BPF_MAP_CREATE type=1 key_size=4 value_size=16 max_entries=256 name=uid_filter_1
[47.749374 pid=1940 tid=1956]   MAP_CREATE -> fd=116 errno=0 kernel_map_id=229
[47.749757 pid=1940 tid=1956] BPF_MAP_CREATE type=1 key_size=16 value_size=16 max_entries=256 name=uts_ns_filter_1
[47.749958 pid=1940 tid=1956]   MAP_CREATE -> fd=118 errno=0 kernel_map_id=230
[47.750404 pid=1940 tid=1956] BPF_MAP_CREATE type=1 key_size=4 value_size=16 max_entries=256 name=cgroup_id_filte
[47.750642 pid=1940 tid=1956]   MAP_CREATE -> fd=120 errno=0 kernel_map_id=231
[47.750993 pid=1940 tid=1956] BPF_MAP_CREATE type=1 key_size=4 value_size=16 max_entries=10240 name=process_tree_ma
[47.751413 pid=1940 tid=1956]   MAP_CREATE -> fd=122 errno=0 kernel_map_id=232
[47.751746 pid=1940 tid=1956] BPF_MAP_CREATE type=1 key_size=4 value_size=16 max_entries=256 name=pid_filter_1
[47.752025 pid=1940 tid=1956]   MAP_CREATE -> fd=124 errno=0 kernel_map_id=233
[47.752412 pid=1940 tid=1956] BPF_MAP_CREATE type=1 key_size=4 value_size=16 max_entries=256 name=mnt_ns_filter_1
[47.752524 pid=1940 tid=1956]   MAP_CREATE -> fd=126 errno=0 kernel_map_id=234
[47.752744 pid=1940 tid=1956] BPF_MAP_CREATE type=1 key_size=4 value_size=16 max_entries=256 name=pid_ns_filter_1
[47.752979 pid=1940 tid=1956]   MAP_CREATE -> fd=128 errno=0 kernel_map_id=235
[47.753302 pid=1940 tid=1956] BPF_MAP_CREATE type=1 key_size=16 value_size=16 max_entries=256 name=comm_filter_1
[47.753489 pid=1940 tid=1956]   MAP_CREATE -> fd=130 errno=0 kernel_map_id=236
[47.753726 pid=1940 tid=1956] BPF_MAP_CREATE type=1 key_size=260 value_size=16 max_entries=256 name=binary_filter_1
[47.753841 pid=1940 tid=1956]   MAP_CREATE -> fd=132 errno=0 kernel_map_id=237
[47.754726 pid=1940 tid=1956] BPF_MAP_CREATE type=1 key_size=4 value_size=256 max_entries=1 name=policies_config
[47.754839 pid=1940 tid=1956]   MAP_CREATE -> fd=134 errno=0 kernel_map_id=238
[47.755106 pid=1940 tid=1956] perf_event_open type=1 config=10 config1=0 config2=0 pid=-1 cpu=0 group_fd=-1 flags=8 -> fd=136 errno=0
[47.755562 pid=1940 tid=1956] PERF_EVENT_IOC_ENABLE event_fd=136
[47.755813 pid=1940 tid=1956] perf_event_open type=1 config=10 config1=0 config2=0 pid=-1 cpu=1 group_fd=-1 flags=8 -> fd=137 errno=0
[47.756413 pid=1940 tid=1956] PERF_EVENT_IOC_ENABLE event_fd=137
[47.756536 pid=1940 tid=1956] perf_event_open type=1 config=10 config1=0 config2=0 pid=-1 cpu=2 group_fd=-1 flags=8 -> fd=138 errno=0
[47.757207 pid=1940 tid=1956] PERF_EVENT_IOC_ENABLE event_fd=138
[47.757400 pid=1940 tid=1956] perf_event_open type=1 config=10 config1=0 config2=0 pid=-1 cpu=3 group_fd=-1 flags=8 -> fd=139 errno=0
[47.757989 pid=1940 tid=1956] PERF_EVENT_IOC_ENABLE event_fd=139
[47.758201 pid=1940 tid=1956] perf_event_open type=1 config=10 config1=0 config2=0 pid=-1 cpu=4 group_fd=-1 flags=8 -> fd=140 errno=0
[47.759105 pid=1940 tid=1956] PERF_EVENT_IOC_ENABLE event_fd=140
[47.759369 pid=1940 tid=1956] perf_event_open type=1 config=10 config1=0 config2=0 pid=-1 cpu=5 group_fd=-1 flags=8 -> fd=141 errno=0
[47.759974 pid=1940 tid=1956] PERF_EVENT_IOC_ENABLE event_fd=141
[47.760418 pid=1940 tid=1956] perf_event_open type=1 config=10 config1=0 config2=0 pid=-1 cpu=6 group_fd=-1 flags=8 -> fd=142 errno=0
[47.761020 pid=1940 tid=1956] PERF_EVENT_IOC_ENABLE event_fd=142
[47.761257 pid=1940 tid=1956] perf_event_open type=1 config=10 config1=0 config2=0 pid=-1 cpu=7 group_fd=-1 flags=8 -> fd=143 errno=0
[47.761864 pid=1940 tid=1956] PERF_EVENT_IOC_ENABLE event_fd=143
[47.764247 pid=1940 tid=1956] perf_event_open type=1 config=10 config1=0 config2=0 pid=-1 cpu=0 group_fd=-1 flags=8 -> fd=145 errno=0
[47.764937 pid=1940 tid=1956] PERF_EVENT_IOC_ENABLE event_fd=145
[47.765244 pid=1940 tid=1956] perf_event_open type=1 config=10 config1=0 config2=0 pid=-1 cpu=1 group_fd=-1 flags=8 -> fd=146 errno=0
[47.765868 pid=1940 tid=1956] PERF_EVENT_IOC_ENABLE event_fd=146
[47.765994 pid=1940 tid=1956] perf_event_open type=1 config=10 config1=0 config2=0 pid=-1 cpu=2 group_fd=-1 flags=8 -> fd=147 errno=0
[47.766605 pid=1940 tid=1956] PERF_EVENT_IOC_ENABLE event_fd=147
[47.766744 pid=1940 tid=1956] perf_event_open type=1 config=10 config1=0 config2=0 pid=-1 cpu=3 group_fd=-1 flags=8 -> fd=148 errno=0
[47.767363 pid=1940 tid=1956] PERF_EVENT_IOC_ENABLE event_fd=148
[47.767607 pid=1940 tid=1956] perf_event_open type=1 config=10 config1=0 config2=0 pid=-1 cpu=4 group_fd=-1 flags=8 -> fd=149 errno=0
[47.768216 pid=1940 tid=1956] PERF_EVENT_IOC_ENABLE event_fd=149
[47.768332 pid=1940 tid=1956] perf_event_open type=1 config=10 config1=0 config2=0 pid=-1 cpu=5 group_fd=-1 flags=8 -> fd=150 errno=0
[47.769094 pid=1940 tid=1956] PERF_EVENT_IOC_ENABLE event_fd=150
[47.769233 pid=1940 tid=1956] perf_event_open type=1 config=10 config1=0 config2=0 pid=-1 cpu=6 group_fd=-1 flags=8 -> fd=151 errno=0
[47.770016 pid=1940 tid=1956] PERF_EVENT_IOC_ENABLE event_fd=151
[47.770147 pid=1940 tid=1956] perf_event_open type=1 config=10 config1=0 config2=0 pid=-1 cpu=7 group_fd=-1 flags=8 -> fd=152 errno=0
[47.770818 pid=1940 tid=1956] PERF_EVENT_IOC_ENABLE event_fd=152
[47.771042 pid=1940 tid=1956] perf_event_open type=1 config=10 config1=0 config2=0 pid=-1 cpu=0 group_fd=-1 flags=8 -> fd=154 errno=0
[47.771819 pid=1940 tid=1956] PERF_EVENT_IOC_ENABLE event_fd=154
[47.772096 pid=1940 tid=1956] perf_event_open type=1 config=10 config1=0 config2=0 pid=-1 cpu=1 group_fd=-1 flags=8 -> fd=155 errno=0
[47.772756 pid=1940 tid=1956] PERF_EVENT_IOC_ENABLE event_fd=155
[47.772944 pid=1940 tid=1956] perf_event_open type=1 config=10 config1=0 config2=0 pid=-1 cpu=2 group_fd=-1 flags=8 -> fd=156 errno=0
[47.773576 pid=1940 tid=1956] PERF_EVENT_IOC_ENABLE event_fd=156
[47.773876 pid=1940 tid=1956] perf_event_open type=1 config=10 config1=0 config2=0 pid=-1 cpu=3 group_fd=-1 flags=8 -> fd=157 errno=0
[47.774667 pid=1940 tid=1956] PERF_EVENT_IOC_ENABLE event_fd=157
[47.774795 pid=1940 tid=1956] perf_event_open type=1 config=10 config1=0 config2=0 pid=-1 cpu=4 group_fd=-1 flags=8 -> fd=158 errno=0
[47.775592 pid=1940 tid=1956] PERF_EVENT_IOC_ENABLE event_fd=158
[47.775783 pid=1940 tid=1956] perf_event_open type=1 config=10 config1=0 config2=0 pid=-1 cpu=5 group_fd=-1 flags=8 -> fd=159 errno=0
[47.776453 pid=1940 tid=1956] PERF_EVENT_IOC_ENABLE event_fd=159
[47.776767 pid=1940 tid=1956] perf_event_open type=1 config=10 config1=0 config2=0 pid=-1 cpu=6 group_fd=-1 flags=8 -> fd=160 errno=0
[47.777390 pid=1940 tid=1956] PERF_EVENT_IOC_ENABLE event_fd=160
[47.777628 pid=1940 tid=1956] perf_event_open type=1 config=10 config1=0 config2=0 pid=-1 cpu=7 group_fd=-1 flags=8 -> fd=161 errno=0
[47.778438 pid=1940 tid=1956] PERF_EVENT_IOC_ENABLE event_fd=161
[47.778598 pid=1940 tid=1956] perf_event_open type=1 config=10 config1=0 config2=0 pid=-1 cpu=0 group_fd=-1 flags=8 -> fd=301 errno=0
[47.779228 pid=1940 tid=1956] PERF_EVENT_IOC_ENABLE event_fd=301
[47.779465 pid=1940 tid=1956] perf_event_open type=1 config=10 config1=0 config2=0 pid=-1 cpu=1 group_fd=-1 flags=8 -> fd=302 errno=0
[47.780274 pid=1940 tid=1956] PERF_EVENT_IOC_ENABLE event_fd=302
[47.780398 pid=1940 tid=1956] perf_event_open type=1 config=10 config1=0 config2=0 pid=-1 cpu=2 group_fd=-1 flags=8 -> fd=303 errno=0
[47.781087 pid=1940 tid=1956] PERF_EVENT_IOC_ENABLE event_fd=303
[47.781195 pid=1940 tid=1956] perf_event_open type=1 config=10 config1=0 config2=0 pid=-1 cpu=3 group_fd=-1 flags=8 -> fd=304 errno=0
[47.781857 pid=1940 tid=1956] PERF_EVENT_IOC_ENABLE event_fd=304
[47.782066 pid=1940 tid=1956] perf_event_open type=1 config=10 config1=0 config2=0 pid=-1 cpu=4 group_fd=-1 flags=8 -> fd=305 errno=0
[47.782687 pid=1940 tid=1956] PERF_EVENT_IOC_ENABLE event_fd=305
[47.782797 pid=1940 tid=1956] perf_event_open type=1 config=10 config1=0 config2=0 pid=-1 cpu=5 group_fd=-1 flags=8 -> fd=306 errno=0
[47.783468 pid=1940 tid=1956] PERF_EVENT_IOC_ENABLE event_fd=306
[47.783715 pid=1940 tid=1956] perf_event_open type=1 config=10 config1=0 config2=0 pid=-1 cpu=6 group_fd=-1 flags=8 -> fd=307 errno=0
[47.784343 pid=1940 tid=1956] PERF_EVENT_IOC_ENABLE event_fd=307
[47.784579 pid=1940 tid=1956] perf_event_open type=1 config=10 config1=0 config2=0 pid=-1 cpu=7 group_fd=-1 flags=8 -> fd=308 errno=0
[47.785253 pid=1940 tid=1956] PERF_EVENT_IOC_ENABLE event_fd=308
[47.785388 pid=1940 tid=1956] BPF_RAW_TRACEPOINT_OPEN name=cgroup_mkdir prog_fd=199
[47.786615 pid=1940 tid=1956]   RAW_TRACEPOINT_OPEN -> fd=309 errno=0
[47.789212 pid=1940 tid=1956] perf_event_open type=8 config=1 config1=140246788370656 config2=0 pid=-1 cpu=0 group_fd=-1 flags=8 kprobe_func=__register_chrdev kprobe_addr=0 -> fd=310 errno=0
[47.789404 pid=1940 tid=1956] BPF_PROG_LOAD type=5 (tracepoint) name= insn_cnt=2 hash=58255400910d7827 policy_hash=58255400910d7827 branch_profile_hash=ade3dc05a46d255e license=GPL expected_attach=0 attach_btf_id=0 prog_btf_fd=0 attach_btf_obj_fd=0 attach_prog_fd=0
[47.789547 pid=1940 tid=1956]   PROG_LOAD -> fd=311 errno=0 kernel_prog_id=165
[47.789647 pid=1940 tid=1956] BPF_LINK_CREATE prog_fd=311 target_fd=4294967295 attach_type=41 flags=0
[47.789748 pid=1940 tid=1956]   LINK_CREATE -> fd=-1 errno=9 kernel_link_id=0
[47.789852 pid=1940 tid=1956] BPF_LINK_CREATE prog_fd=254 target_fd=310 attach_type=41 flags=0
[47.789958 pid=1940 tid=1956] BPF_PERF_EVENT target retained target_fd=310 hold_fd=312 link_fd=311
[47.790173 pid=1940 tid=1956] BPF_TASK_FD_QUERY target_fd=310 attach_type=41 -> ret=0 errno=0 fd_type=3 prog_id=117 probe_offset=0 probe_addr=18446744072491548384 symbol=__register_chrdev
[47.790326 pid=1940 tid=1956]   LINK_CREATE -> fd=311 errno=0 kernel_link_id=2
[47.790510 pid=1940 tid=1956] PERF_EVENT_IOC_ENABLE event_fd=310
[47.792660 pid=1940 tid=1956] perf_event_open type=8 config=0 config1=140246788370656 config2=0 pid=-1 cpu=0 group_fd=-1 flags=8 kprobe_func=kallsyms_lookup_name kprobe_addr=0 -> fd=313 errno=0
[47.792766 pid=1940 tid=1956] BPF_LINK_CREATE prog_fd=265 target_fd=313 attach_type=41 flags=0
[47.792869 pid=1940 tid=1956] BPF_PERF_EVENT target retained target_fd=313 hold_fd=315 link_fd=314
[47.792970 pid=1940 tid=1956] BPF_TASK_FD_QUERY target_fd=313 attach_type=41 -> ret=0 errno=0 fd_type=2 prog_id=128 probe_offset=0 probe_addr=18446744072488860880 symbol=kallsyms_lookup_name
[47.793191 pid=1940 tid=1956]   LINK_CREATE -> fd=314 errno=0 kernel_link_id=3
[47.793281 pid=1940 tid=1956] PERF_EVENT_IOC_ENABLE event_fd=313
[47.795434 pid=1940 tid=1956] perf_event_open type=8 config=0 config1=140246788370656 config2=0 pid=-1 cpu=0 group_fd=-1 flags=8 kprobe_func=vfs_readv kprobe_addr=0 -> fd=316 errno=0
[47.795538 pid=1940 tid=1956] BPF_LINK_CREATE prog_fd=238 target_fd=316 attach_type=41 flags=0
[47.795639 pid=1940 tid=1956] BPF_PERF_EVENT target retained target_fd=316 hold_fd=318 link_fd=317
[47.795884 pid=1940 tid=1956] BPF_TASK_FD_QUERY target_fd=316 attach_type=41 -> ret=0 errno=0 fd_type=2 prog_id=101 probe_offset=0 probe_addr=18446744072491513408 symbol=vfs_readv
[47.795977 pid=1940 tid=1956]   LINK_CREATE -> fd=317 errno=0 kernel_link_id=4
[47.796077 pid=1940 tid=1956] PERF_EVENT_IOC_ENABLE event_fd=316
[47.797902 pid=1940 tid=1956] perf_event_open type=8 config=0 config1=140246788370656 config2=0 pid=-1 cpu=0 group_fd=-1 flags=8 kprobe_func=vfs_write kprobe_addr=0 -> fd=319 errno=0
[47.798014 pid=1940 tid=1956] BPF_LINK_CREATE prog_fd=221 target_fd=319 attach_type=41 flags=0
[47.798158 pid=1940 tid=1956] BPF_PERF_EVENT target retained target_fd=319 hold_fd=321 link_fd=320
[47.798342 pid=1940 tid=1956] BPF_TASK_FD_QUERY target_fd=319 attach_type=41 -> ret=0 errno=0 fd_type=2 prog_id=84 probe_offset=0 probe_addr=18446744072491522976 symbol=vfs_write
[47.798436 pid=1940 tid=1956]   LINK_CREATE -> fd=320 errno=0 kernel_link_id=5
[47.798623 pid=1940 tid=1956] PERF_EVENT_IOC_ENABLE event_fd=319
[47.801092 pid=1940 tid=1956] perf_event_open type=8 config=0 config1=140246788370656 config2=0 pid=-1 cpu=0 group_fd=-1 flags=8 kprobe_func=security_task_setrlimit kprobe_addr=0 -> fd=322 errno=0
[47.801198 pid=1940 tid=1956] BPF_LINK_CREATE prog_fd=279 target_fd=322 attach_type=41 flags=0
[47.801385 pid=1940 tid=1956] BPF_PERF_EVENT target retained target_fd=322 hold_fd=324 link_fd=323
[47.801583 pid=1940 tid=1956] BPF_TASK_FD_QUERY target_fd=322 attach_type=41 -> ret=0 errno=0 fd_type=2 prog_id=142 probe_offset=0 probe_addr=18446744072494444752 symbol=security_task_setrlimit
[47.801679 pid=1940 tid=1956]   LINK_CREATE -> fd=323 errno=0 kernel_link_id=6
[47.801862 pid=1940 tid=1956] PERF_EVENT_IOC_ENABLE event_fd=322
[47.860291 pid=1940 tid=1956] perf_event_open type=9 config=0 config1=140246788370656 config2=29539008 pid=-1 cpu=0 group_fd=-1 flags=8 uprobe_path=/proc/self/exe probe_offset=29539008 -> fd=326 errno=0
[47.860756 pid=1940 tid=1956] BPF_LINK_CREATE prog_fd=178 target_fd=326 attach_type=41 flags=0
[47.861112 pid=1940 tid=1956] BPF_PERF_EVENT target retained target_fd=326 hold_fd=328 link_fd=327
[47.861456 pid=1940 tid=1956] BPF_TASK_FD_QUERY target_fd=326 attach_type=41 -> ret=0 errno=0 fd_type=4 prog_id=41 probe_offset=29539008 probe_addr=0 symbol=/proc/self/exe
[47.861718 pid=1940 tid=1956]   LINK_CREATE -> fd=327 errno=0 kernel_link_id=7
[47.861901 pid=1940 tid=1956] PERF_EVENT_IOC_ENABLE event_fd=326
[47.868134 pid=1940 tid=1956] perf_event_open type=8 config=0 config1=140246788370656 config2=0 pid=-1 cpu=0 group_fd=-1 flags=8 kprobe_func=debugfs_create_dir kprobe_addr=0 -> fd=325 errno=0
[47.868386 pid=1940 tid=1956] BPF_LINK_CREATE prog_fd=212 target_fd=325 attach_type=41 flags=0
[47.868578 pid=1940 tid=1956] BPF_PERF_EVENT target retained target_fd=325 hold_fd=330 link_fd=329
[47.868843 pid=1940 tid=1956] BPF_TASK_FD_QUERY target_fd=325 attach_type=41 -> ret=0 errno=0 fd_type=2 prog_id=75 probe_offset=0 probe_addr=18446744072494239600 symbol=debugfs_create_dir
[47.869049 pid=1940 tid=1956]   LINK_CREATE -> fd=329 errno=0 kernel_link_id=8
[47.869252 pid=1940 tid=1956] PERF_EVENT_IOC_ENABLE event_fd=325
[47.872380 pid=1940 tid=1956] perf_event_open type=8 config=0 config1=140246788370656 config2=0 pid=-1 cpu=0 group_fd=-1 flags=8 kprobe_func=security_socket_connect kprobe_addr=0 -> fd=331 errno=0
[47.872677 pid=1940 tid=1956] BPF_LINK_CREATE prog_fd=214 target_fd=331 attach_type=41 flags=0
[47.872894 pid=1940 tid=1956] BPF_PERF_EVENT target retained target_fd=331 hold_fd=333 link_fd=332
[47.873140 pid=1940 tid=1956] BPF_TASK_FD_QUERY target_fd=331 attach_type=41 -> ret=0 errno=0 fd_type=2 prog_id=77 probe_offset=0 probe_addr=18446744072494452560 symbol=security_socket_connect
[47.873252 pid=1940 tid=1956]   LINK_CREATE -> fd=332 errno=0 kernel_link_id=9
[47.873390 pid=1940 tid=1956] PERF_EVENT_IOC_ENABLE event_fd=331
[47.875684 pid=1940 tid=1956] perf_event_open type=8 config=1 config1=140246788370656 config2=0 pid=-1 cpu=0 group_fd=-1 flags=8 kprobe_func=vfs_writev kprobe_addr=0 -> fd=334 errno=0
[47.875904 pid=1940 tid=1956] BPF_LINK_CREATE prog_fd=228 target_fd=334 attach_type=41 flags=0
[47.876119 pid=1940 tid=1956] BPF_PERF_EVENT target retained target_fd=334 hold_fd=336 link_fd=335
[47.876231 pid=1940 tid=1956] BPF_TASK_FD_QUERY target_fd=334 attach_type=41 -> ret=0 errno=0 fd_type=3 prog_id=91 probe_offset=0 probe_addr=18446744072491515552 symbol=vfs_writev
[47.876342 pid=1940 tid=1956]   LINK_CREATE -> fd=335 errno=0 kernel_link_id=10
[47.876443 pid=1940 tid=1956] PERF_EVENT_IOC_ENABLE event_fd=334
[47.878669 pid=1940 tid=1956] perf_event_open type=8 config=1 config1=302333600 config2=0 pid=-1 cpu=0 group_fd=-1 flags=8 kprobe_func=__x64_sys_process_vm_writev kprobe_addr=0 -> fd=337 errno=0
[47.878904 pid=1940 tid=1956] BPF_LINK_CREATE prog_fd=90 target_fd=337 attach_type=41 flags=0
[47.879087 pid=1940 tid=1956] BPF_PERF_EVENT target retained target_fd=337 hold_fd=339 link_fd=338
[47.879187 pid=1940 tid=1956] BPF_TASK_FD_QUERY target_fd=337 attach_type=41 -> ret=0 errno=0 fd_type=3 prog_id=24 probe_offset=0 probe_addr=18446744072490856832 symbol=__x64_sys_process_vm_writev
[47.879280 pid=1940 tid=1956]   LINK_CREATE -> fd=338 errno=0 kernel_link_id=11
[47.879381 pid=1940 tid=1956] PERF_EVENT_IOC_ENABLE event_fd=337
[47.881660 pid=1940 tid=1956] perf_event_open type=8 config=1 config1=302333600 config2=0 pid=-1 cpu=0 group_fd=-1 flags=8 kprobe_func=__ia32_sys_process_vm_writev kprobe_addr=0 -> fd=340 errno=0
[47.881888 pid=1940 tid=1956] BPF_LINK_CREATE prog_fd=90 target_fd=340 attach_type=41 flags=0
[47.881999 pid=1940 tid=1956] BPF_PERF_EVENT target retained target_fd=340 hold_fd=342 link_fd=341
[47.882195 pid=1940 tid=1956] BPF_TASK_FD_QUERY target_fd=340 attach_type=41 -> ret=0 errno=0 fd_type=3 prog_id=24 probe_offset=0 probe_addr=18446744072490856896 symbol=__ia32_sys_process_vm_writev
[47.882450 pid=1940 tid=1956]   LINK_CREATE -> fd=341 errno=0 kernel_link_id=12
[47.882693 pid=1940 tid=1956] PERF_EVENT_IOC_ENABLE event_fd=340
[47.884548 pid=1940 tid=1956] perf_event_open type=8 config=1 config1=302333600 config2=0 pid=-1 cpu=0 group_fd=-1 flags=8 kprobe_func=__ia32_compat_sys_process_vm_writev kprobe_addr=0 -> fd=343 errno=0
[47.884755 pid=1940 tid=1956] BPF_LINK_CREATE prog_fd=90 target_fd=343 attach_type=41 flags=0
[47.884949 pid=1940 tid=1956] BPF_PERF_EVENT target retained target_fd=343 hold_fd=345 link_fd=344
[47.885109 pid=1940 tid=1956] BPF_TASK_FD_QUERY target_fd=343 attach_type=41 -> ret=0 errno=0 fd_type=3 prog_id=24 probe_offset=0 probe_addr=18446744072487914304 symbol=__ia32_compat_sys_process_vm_writev
[47.885356 pid=1940 tid=1956]   LINK_CREATE -> fd=344 errno=0 kernel_link_id=13
[47.885455 pid=1940 tid=1956] PERF_EVENT_IOC_ENABLE event_fd=343
[47.887619 pid=1940 tid=1956] perf_event_open type=8 config=0 config1=140246788380432 config2=0 pid=-1 cpu=0 group_fd=-1 flags=8 kprobe_func=security_file_mprotect kprobe_addr=0 -> fd=346 errno=0
[47.887815 pid=1940 tid=1956] BPF_LINK_CREATE prog_fd=245 target_fd=346 attach_type=41 flags=0
[47.887991 pid=1940 tid=1956] BPF_PERF_EVENT target retained target_fd=346 hold_fd=348 link_fd=347
[47.888088 pid=1940 tid=1956] BPF_TASK_FD_QUERY target_fd=346 attach_type=41 -> ret=0 errno=0 fd_type=2 prog_id=108 probe_offset=0 probe_addr=18446744072494439280 symbol=security_file_mprotect
[47.888186 pid=1940 tid=1956]   LINK_CREATE -> fd=347 errno=0 kernel_link_id=14
[47.888370 pid=1940 tid=1956] PERF_EVENT_IOC_ENABLE event_fd=346
[47.889323 pid=1940 tid=1956] BPF_RAW_TRACEPOINT_OPEN name=cgroup_attach_task prog_fd=198
[47.889758 pid=1940 tid=1956]   RAW_TRACEPOINT_OPEN -> fd=349 errno=0
[47.891776 pid=1940 tid=1956] perf_event_open type=8 config=0 config1=140246788380432 config2=0 pid=-1 cpu=0 group_fd=-1 flags=8 kprobe_func=security_sb_mount kprobe_addr=0 -> fd=350 errno=0
[47.892011 pid=1940 tid=1956] BPF_LINK_CREATE prog_fd=203 target_fd=350 attach_type=41 flags=0
[47.892224 pid=1940 tid=1956] BPF_PERF_EVENT target retained target_fd=350 hold_fd=352 link_fd=351
[47.892411 pid=1940 tid=1956] BPF_TASK_FD_QUERY target_fd=350 attach_type=41 -> ret=0 errno=0 fd_type=2 prog_id=66 probe_offset=0 probe_addr=18446744072494425808 symbol=security_sb_mount
[47.892646 pid=1940 tid=1956]   LINK_CREATE -> fd=351 errno=0 kernel_link_id=16
[47.892865 pid=1940 tid=1956] PERF_EVENT_IOC_ENABLE event_fd=350
[47.895254 pid=1940 tid=1956] perf_event_open type=8 config=1 config1=140246788380432 config2=0 pid=-1 cpu=0 group_fd=-1 flags=8 kprobe_func=sock_alloc_file kprobe_addr=0 -> fd=353 errno=0
[47.895557 pid=1940 tid=1956] BPF_LINK_CREATE prog_fd=286 target_fd=353 attach_type=41 flags=0
[47.895696 pid=1940 tid=1956] BPF_PERF_EVENT target retained target_fd=353 hold_fd=355 link_fd=354
[47.895896 pid=1940 tid=1956] BPF_TASK_FD_QUERY target_fd=353 attach_type=41 -> ret=0 errno=0 fd_type=3 prog_id=149 probe_offset=0 probe_addr=18446744072498455184 symbol=sock_alloc_file
[47.895992 pid=1940 tid=1956]   LINK_CREATE -> fd=354 errno=0 kernel_link_id=17
[47.896272 pid=1940 tid=1956] PERF_EVENT_IOC_ENABLE event_fd=353
[47.898515 pid=1940 tid=1956] perf_event_open type=8 config=0 config1=140246788380432 config2=0 pid=-1 cpu=0 group_fd=-1 flags=8 kprobe_func=do_truncate kprobe_addr=0 -> fd=356 errno=0
[47.898695 pid=1940 tid=1956] BPF_LINK_CREATE prog_fd=270 target_fd=356 attach_type=41 flags=0
[47.898794 pid=1940 tid=1956] BPF_PERF_EVENT target retained target_fd=356 hold_fd=358 link_fd=357
[47.898997 pid=1940 tid=1956] BPF_TASK_FD_QUERY target_fd=356 attach_type=41 -> ret=0 errno=0 fd_type=2 prog_id=133 probe_offset=0 probe_addr=18446744072491499344 symbol=do_truncate
[47.899090 pid=1940 tid=1956]   LINK_CREATE -> fd=357 errno=0 kernel_link_id=18
[47.899316 pid=1940 tid=1956] PERF_EVENT_IOC_ENABLE event_fd=356
[47.901573 pid=1940 tid=1956] perf_event_open type=8 config=1 config1=140246788380432 config2=0 pid=-1 cpu=0 group_fd=-1 flags=8 kprobe_func=do_mmap kprobe_addr=0 -> fd=359 errno=0
[47.901834 pid=1940 tid=1956] BPF_LINK_CREATE prog_fd=243 target_fd=359 attach_type=41 flags=0
[47.902049 pid=1940 tid=1956] BPF_PERF_EVENT target retained target_fd=359 hold_fd=361 link_fd=360
[47.902285 pid=1940 tid=1956] BPF_TASK_FD_QUERY target_fd=359 attach_type=41 -> ret=0 errno=0 fd_type=3 prog_id=106 probe_offset=0 probe_addr=18446744072490720560 symbol=do_mmap
[47.902477 pid=1940 tid=1956]   LINK_CREATE -> fd=360 errno=0 kernel_link_id=19
[47.902578 pid=1940 tid=1956] PERF_EVENT_IOC_ENABLE event_fd=359
[47.904681 pid=1940 tid=1956] perf_event_open type=8 config=1 config1=140246788380432 config2=0 pid=-1 cpu=0 group_fd=-1 flags=8 kprobe_func=__x64_sys_ptrace kprobe_addr=0 -> fd=362 errno=0
[47.904784 pid=1940 tid=1956] BPF_LINK_CREATE prog_fd=84 target_fd=362 attach_type=41 flags=0
[47.904884 pid=1940 tid=1956] BPF_PERF_EVENT target retained target_fd=362 hold_fd=364 link_fd=363
[47.904985 pid=1940 tid=1956] BPF_TASK_FD_QUERY target_fd=362 attach_type=41 -> ret=0 errno=0 fd_type=3 prog_id=22 probe_offset=0 probe_addr=18446744072487752768 symbol=__x64_sys_ptrace
[47.905081 pid=1940 tid=1956]   LINK_CREATE -> fd=363 errno=0 kernel_link_id=20
[47.905179 pid=1940 tid=1956] PERF_EVENT_IOC_ENABLE event_fd=362
[47.907290 pid=1940 tid=1956] perf_event_open type=8 config=1 config1=140246788380432 config2=0 pid=-1 cpu=0 group_fd=-1 flags=8 kprobe_func=__ia32_sys_ptrace kprobe_addr=0 -> fd=365 errno=0
[47.907398 pid=1940 tid=1956] BPF_LINK_CREATE prog_fd=84 target_fd=365 attach_type=41 flags=0
[47.907553 pid=1940 tid=1956] BPF_PERF_EVENT target retained target_fd=365 hold_fd=367 link_fd=366
[47.907813 pid=1940 tid=1956] BPF_TASK_FD_QUERY target_fd=365 attach_type=41 -> ret=0 errno=0 fd_type=3 prog_id=22 probe_offset=0 probe_addr=18446744072487752096 symbol=__ia32_sys_ptrace
[47.907905 pid=1940 tid=1956]   LINK_CREATE -> fd=366 errno=0 kernel_link_id=21
[47.908006 pid=1940 tid=1956] PERF_EVENT_IOC_ENABLE event_fd=365
[47.910394 pid=1940 tid=1956] perf_event_open type=8 config=1 config1=302333600 config2=0 pid=-1 cpu=0 group_fd=-1 flags=8 kprobe_func=__ia32_compat_sys_ptrace kprobe_addr=0 -> fd=368 errno=0
[47.910497 pid=1940 tid=1956] BPF_LINK_CREATE prog_fd=84 target_fd=368 attach_type=41 flags=0
[47.910598 pid=1940 tid=1956] BPF_PERF_EVENT target retained target_fd=368 hold_fd=370 link_fd=369
[47.910765 pid=1940 tid=1956] BPF_TASK_FD_QUERY target_fd=368 attach_type=41 -> ret=0 errno=0 fd_type=3 prog_id=22 probe_offset=0 probe_addr=18446744072487752432 symbol=__ia32_compat_sys_ptrace
[47.910858 pid=1940 tid=1956]   LINK_CREATE -> fd=369 errno=0 kernel_link_id=22
[47.911033 pid=1940 tid=1956] PERF_EVENT_IOC_ENABLE event_fd=368
[47.913311 pid=1940 tid=1956] perf_event_open type=8 config=0 config1=140246788380432 config2=0 pid=-1 cpu=0 group_fd=-1 flags=8 kprobe_func=vfs_read kprobe_addr=0 -> fd=371 errno=0
[47.913413 pid=1940 tid=1956] BPF_LINK_CREATE prog_fd=235 target_fd=371 attach_type=41 flags=0
[47.913512 pid=1940 tid=1956] BPF_PERF_EVENT target retained target_fd=371 hold_fd=373 link_fd=372
[47.913609 pid=1940 tid=1956] BPF_TASK_FD_QUERY target_fd=371 attach_type=41 -> ret=0 errno=0 fd_type=2 prog_id=98 probe_offset=0 probe_addr=18446744072491520512 symbol=vfs_read
[47.913827 pid=1940 tid=1956]   LINK_CREATE -> fd=372 errno=0 kernel_link_id=23
[47.913895 pid=1940 tid=1956] PERF_EVENT_IOC_ENABLE event_fd=371
[47.914169 pid=1940 tid=1956] BPF_RAW_TRACEPOINT_OPEN name=sched_switch prog_fd=192
[47.914852 pid=1940 tid=1956]   RAW_TRACEPOINT_OPEN -> fd=374 errno=0
[47.917345 pid=1940 tid=1956] perf_event_open type=8 config=0 config1=140246788380432 config2=0 pid=-1 cpu=0 group_fd=-1 flags=8 kprobe_func=do_splice kprobe_addr=0 -> fd=375 errno=0
[47.917484 pid=1940 tid=1956] BPF_LINK_CREATE prog_fd=255 target_fd=375 attach_type=41 flags=0
[47.917665 pid=1940 tid=1956] BPF_PERF_EVENT target retained target_fd=375 hold_fd=377 link_fd=376
[47.917762 pid=1940 tid=1956] BPF_TASK_FD_QUERY target_fd=375 attach_type=41 -> ret=0 errno=0 fd_type=2 prog_id=118 probe_offset=0 probe_addr=18446744072491861456 symbol=do_splice
[47.917859 pid=1940 tid=1956]   LINK_CREATE -> fd=376 errno=0 kernel_link_id=25
[47.918056 pid=1940 tid=1956] PERF_EVENT_IOC_ENABLE event_fd=375
[47.918511 pid=1940 tid=1956] perf_event_open type=8 config=0 config1=140246788380432 config2=0 pid=-1 cpu=0 group_fd=-1 flags=8 kprobe_func=do_mmap kprobe_addr=0 -> fd=378 errno=0
[47.918674 pid=1940 tid=1956] BPF_LINK_CREATE prog_fd=242 target_fd=378 attach_type=41 flags=0
[47.918772 pid=1940 tid=1956] BPF_PERF_EVENT target retained target_fd=378 hold_fd=380 link_fd=379
[47.918842 pid=1940 tid=1956] BPF_TASK_FD_QUERY target_fd=378 attach_type=41 -> ret=0 errno=0 fd_type=2 prog_id=105 probe_offset=0 probe_addr=18446744072490720560 symbol=do_mmap
[47.918995 pid=1940 tid=1956]   LINK_CREATE -> fd=379 errno=0 kernel_link_id=26
[47.919234 pid=1940 tid=1956] PERF_EVENT_IOC_ENABLE event_fd=378
[47.921663 pid=1940 tid=1956] perf_event_open type=8 config=0 config1=140246788380432 config2=0 pid=-1 cpu=0 group_fd=-1 flags=8 kprobe_func=security_socket_recvmsg kprobe_addr=0 -> fd=381 errno=0
[47.922091 pid=1940 tid=1956] BPF_LINK_CREATE prog_fd=288 target_fd=381 attach_type=41 flags=0
[47.922298 pid=1940 tid=1956] BPF_PERF_EVENT target retained target_fd=381 hold_fd=383 link_fd=382
[47.922571 pid=1940 tid=1956] BPF_TASK_FD_QUERY target_fd=381 attach_type=41 -> ret=0 errno=0 fd_type=2 prog_id=151 probe_offset=0 probe_addr=18446744072494453424 symbol=security_socket_recvmsg
[47.922679 pid=1940 tid=1956]   LINK_CREATE -> fd=382 errno=0 kernel_link_id=27
[47.922771 pid=1940 tid=1956] PERF_EVENT_IOC_ENABLE event_fd=381
[47.925573 pid=1940 tid=1956] perf_event_open type=8 config=0 config1=140246788380432 config2=0 pid=-1 cpu=0 group_fd=-1 flags=8 kprobe_func=security_task_prctl kprobe_addr=0 -> fd=384 errno=0
[47.925742 pid=1940 tid=1956] BPF_LINK_CREATE prog_fd=282 target_fd=384 attach_type=41 flags=0
[47.925835 pid=1940 tid=1956] BPF_PERF_EVENT target retained target_fd=384 hold_fd=386 link_fd=385
[47.926255 pid=1940 tid=1956] BPF_TASK_FD_QUERY target_fd=384 attach_type=41 -> ret=0 errno=0 fd_type=2 prog_id=145 probe_offset=0 probe_addr=18446744072494445808 symbol=security_task_prctl
[47.926376 pid=1940 tid=1956]   LINK_CREATE -> fd=385 errno=0 kernel_link_id=28
[47.926476 pid=1940 tid=1956] PERF_EVENT_IOC_ENABLE event_fd=384
[47.928868 pid=1940 tid=1956] perf_event_open type=8 config=0 config1=140246788380432 config2=0 pid=-1 cpu=0 group_fd=-1 flags=8 kprobe_func=__kernel_write kprobe_addr=0 -> fd=387 errno=0
[47.929096 pid=1940 tid=1956] BPF_LINK_CREATE prog_fd=230 target_fd=387 attach_type=41 flags=0
[47.929193 pid=1940 tid=1956] BPF_PERF_EVENT target retained target_fd=387 hold_fd=389 link_fd=388
[47.929410 pid=1940 tid=1956] BPF_TASK_FD_QUERY target_fd=387 attach_type=41 -> ret=0 errno=0 fd_type=2 prog_id=93 probe_offset=0 probe_addr=18446744072491522416 symbol=__kernel_write
[47.929520 pid=1940 tid=1956]   LINK_CREATE -> fd=388 errno=0 kernel_link_id=29
[47.929612 pid=1940 tid=1956] PERF_EVENT_IOC_ENABLE event_fd=387
[47.932030 pid=1940 tid=1956] perf_event_open type=8 config=0 config1=140246788380432 config2=0 pid=-1 cpu=0 group_fd=-1 flags=8 kprobe_func=set_fs_pwd kprobe_addr=0 -> fd=390 errno=0
[47.932306 pid=1940 tid=1956] BPF_LINK_CREATE prog_fd=278 target_fd=390 attach_type=41 flags=0
[47.932530 pid=1940 tid=1956] BPF_PERF_EVENT target retained target_fd=390 hold_fd=392 link_fd=391
[47.932647 pid=1940 tid=1956] BPF_TASK_FD_QUERY target_fd=390 attach_type=41 -> ret=0 errno=0 fd_type=2 prog_id=141 probe_offset=0 probe_addr=18446744072491875456 symbol=set_fs_pwd
[47.932751 pid=1940 tid=1956]   LINK_CREATE -> fd=391 errno=0 kernel_link_id=30
[47.932853 pid=1940 tid=1956] PERF_EVENT_IOC_ENABLE event_fd=390
[47.933348 pid=1940 tid=1956] perf_event_open type=8 config=1 config1=140246788380432 config2=0 pid=-1 cpu=0 group_fd=-1 flags=8 kprobe_func=__kernel_write kprobe_addr=0 -> fd=393 errno=0
[47.933461 pid=1940 tid=1956] BPF_LINK_CREATE prog_fd=232 target_fd=393 attach_type=41 flags=0
[47.933566 pid=1940 tid=1956] BPF_PERF_EVENT target retained target_fd=393 hold_fd=395 link_fd=394
[47.933660 pid=1940 tid=1956] BPF_TASK_FD_QUERY target_fd=393 attach_type=41 -> ret=0 errno=0 fd_type=3 prog_id=95 probe_offset=0 probe_addr=18446744072491522416 symbol=__kernel_write
[47.933756 pid=1940 tid=1956]   LINK_CREATE -> fd=394 errno=0 kernel_link_id=31
[47.933972 pid=1940 tid=1956] PERF_EVENT_IOC_ENABLE event_fd=393
[47.936545 pid=1940 tid=1956] perf_event_open type=8 config=0 config1=140246788380432 config2=0 pid=-1 cpu=0 group_fd=-1 flags=8 kprobe_func=security_socket_bind kprobe_addr=0 -> fd=396 errno=0
[47.936699 pid=1940 tid=1956] BPF_LINK_CREATE prog_fd=216 target_fd=396 attach_type=41 flags=0
[47.936798 pid=1940 tid=1956] BPF_PERF_EVENT target retained target_fd=396 hold_fd=398 link_fd=397
[47.936899 pid=1940 tid=1956] BPF_TASK_FD_QUERY target_fd=396 attach_type=41 -> ret=0 errno=0 fd_type=2 prog_id=79 probe_offset=0 probe_addr=18446744072494452320 symbol=security_socket_bind
[47.937001 pid=1940 tid=1956]   LINK_CREATE -> fd=397 errno=0 kernel_link_id=32
[47.937104 pid=1940 tid=1956] PERF_EVENT_IOC_ENABLE event_fd=396
[47.939253 pid=1940 tid=1956] perf_event_open type=8 config=0 config1=140246788380432 config2=0 pid=-1 cpu=0 group_fd=-1 flags=8 kprobe_func=do_init_module kprobe_addr=0 -> fd=399 errno=0
[47.939626 pid=1940 tid=1956] BPF_LINK_CREATE prog_fd=259 target_fd=399 attach_type=41 flags=0
[47.939736 pid=1940 tid=1956] BPF_PERF_EVENT target retained target_fd=399 hold_fd=401 link_fd=400
[47.939829 pid=1940 tid=1956] BPF_TASK_FD_QUERY target_fd=399 attach_type=41 -> ret=0 errno=0 fd_type=2 prog_id=122 probe_offset=0 probe_addr=18446744072488652208 symbol=do_init_module
[47.939925 pid=1940 tid=1956]   LINK_CREATE -> fd=400 errno=0 kernel_link_id=33
[47.940028 pid=1940 tid=1956] PERF_EVENT_IOC_ENABLE event_fd=399
[47.940592 pid=1940 tid=1956] perf_event_open type=8 config=1 config1=140246788380432 config2=0 pid=-1 cpu=0 group_fd=-1 flags=8 kprobe_func=do_splice kprobe_addr=0 -> fd=402 errno=0
[47.940702 pid=1940 tid=1956] BPF_LINK_CREATE prog_fd=256 target_fd=402 attach_type=41 flags=0
[47.940887 pid=1940 tid=1956] BPF_PERF_EVENT target retained target_fd=402 hold_fd=404 link_fd=403
[47.940987 pid=1940 tid=1956] BPF_TASK_FD_QUERY target_fd=402 attach_type=41 -> ret=0 errno=0 fd_type=3 prog_id=119 probe_offset=0 probe_addr=18446744072491861456 symbol=do_splice
[47.941085 pid=1940 tid=1956]   LINK_CREATE -> fd=403 errno=0 kernel_link_id=34
[47.941261 pid=1940 tid=1956] PERF_EVENT_IOC_ENABLE event_fd=402
[47.941702 pid=1940 tid=1956] perf_event_open type=8 config=1 config1=140246788380432 config2=0 pid=-1 cpu=0 group_fd=-1 flags=8 kprobe_func=kallsyms_lookup_name kprobe_addr=0 -> fd=405 errno=0
[47.941805 pid=1940 tid=1956] BPF_LINK_CREATE prog_fd=266 target_fd=405 attach_type=41 flags=0
[47.941905 pid=1940 tid=1956] BPF_PERF_EVENT target retained target_fd=405 hold_fd=407 link_fd=406
[47.942199 pid=1940 tid=1956] BPF_TASK_FD_QUERY target_fd=405 attach_type=41 -> ret=0 errno=0 fd_type=3 prog_id=129 probe_offset=0 probe_addr=18446744072488860880 symbol=kallsyms_lookup_name
[47.942443 pid=1940 tid=1956]   LINK_CREATE -> fd=406 errno=0 kernel_link_id=35
[47.942551 pid=1940 tid=1956] PERF_EVENT_IOC_ENABLE event_fd=405
[47.945298 pid=1940 tid=1956] perf_event_open type=8 config=0 config1=140246788380432 config2=0 pid=-1 cpu=0 group_fd=-1 flags=8 kprobe_func=switch_task_namespaces kprobe_addr=0 -> fd=408 errno=0
[47.945442 pid=1940 tid=1956] BPF_LINK_CREATE prog_fd=206 target_fd=408 attach_type=41 flags=0
[47.945626 pid=1940 tid=1956] BPF_PERF_EVENT target retained target_fd=408 hold_fd=410 link_fd=409
[47.945810 pid=1940 tid=1956] BPF_TASK_FD_QUERY target_fd=408 attach_type=41 -> ret=0 errno=0 fd_type=2 prog_id=69 probe_offset=0 probe_addr=18446744072487926016 symbol=switch_task_namespaces
[47.946203 pid=1940 tid=1956]   LINK_CREATE -> fd=409 errno=0 kernel_link_id=36
[47.946475 pid=1940 tid=1956] PERF_EVENT_IOC_ENABLE event_fd=408
[47.947101 pid=1940 tid=1956] perf_event_open type=8 config=1 config1=140246788380432 config2=0 pid=-1 cpu=0 group_fd=-1 flags=8 kprobe_func=vfs_writev kprobe_addr=0 -> fd=411 errno=0
[47.947490 pid=1940 tid=1956] BPF_LINK_CREATE prog_fd=227 target_fd=411 attach_type=41 flags=0
[47.947817 pid=1940 tid=1956] BPF_PERF_EVENT target retained target_fd=411 hold_fd=413 link_fd=412
[47.947924 pid=1940 tid=1956] BPF_TASK_FD_QUERY target_fd=411 attach_type=41 -> ret=0 errno=0 fd_type=3 prog_id=90 probe_offset=0 probe_addr=18446744072491515552 symbol=vfs_writev
[47.948267 pid=1940 tid=1956]   LINK_CREATE -> fd=412 errno=0 kernel_link_id=37
[47.948561 pid=1940 tid=1956] PERF_EVENT_IOC_ENABLE event_fd=411
[47.951359 pid=1940 tid=1956] perf_event_open type=8 config=1 config1=302333600 config2=0 pid=-1 cpu=0 group_fd=-1 flags=8 kprobe_func=__ia32_compat_sys_execve kprobe_addr=0 -> fd=414 errno=0
[47.951703 pid=1940 tid=1956] BPF_LINK_CREATE prog_fd=276 target_fd=414 attach_type=41 flags=0
[47.951818 pid=1940 tid=1956] BPF_PERF_EVENT target retained target_fd=414 hold_fd=416 link_fd=415
[47.951922 pid=1940 tid=1956] BPF_TASK_FD_QUERY target_fd=414 attach_type=41 -> ret=0 errno=0 fd_type=3 prog_id=139 probe_offset=0 probe_addr=18446744072491567888 symbol=__ia32_compat_sys_execve
[47.952029 pid=1940 tid=1956]   LINK_CREATE -> fd=415 errno=0 kernel_link_id=38
[47.952239 pid=1940 tid=1956] PERF_EVENT_IOC_ENABLE event_fd=414
[47.952740 pid=1940 tid=1956] perf_event_open type=8 config=1 config1=140246788642304 config2=0 pid=-1 cpu=0 group_fd=-1 flags=8 kprobe_func=__kernel_write kprobe_addr=0 -> fd=417 errno=0
[47.952940 pid=1940 tid=1956] BPF_LINK_CREATE prog_fd=233 target_fd=417 attach_type=41 flags=0
[47.953104 pid=1940 tid=1956] BPF_PERF_EVENT target retained target_fd=417 hold_fd=419 link_fd=418
[47.953203 pid=1940 tid=1956] BPF_TASK_FD_QUERY target_fd=417 attach_type=41 -> ret=0 errno=0 fd_type=3 prog_id=96 probe_offset=0 probe_addr=18446744072491522416 symbol=__kernel_write
[47.953388 pid=1940 tid=1956]   LINK_CREATE -> fd=418 errno=0 kernel_link_id=39
[47.953452 pid=1940 tid=1956] PERF_EVENT_IOC_ENABLE event_fd=417
[47.955941 pid=1940 tid=1956] perf_event_open type=8 config=0 config1=140246788642304 config2=0 pid=-1 cpu=0 group_fd=-1 flags=8 kprobe_func=security_settime64 kprobe_addr=0 -> fd=420 errno=0
[47.956086 pid=1940 tid=1956] BPF_LINK_CREATE prog_fd=280 target_fd=420 attach_type=41 flags=0
[47.956187 pid=1940 tid=1956] BPF_PERF_EVENT target retained target_fd=420 hold_fd=422 link_fd=421
[47.956284 pid=1940 tid=1956] BPF_TASK_FD_QUERY target_fd=420 attach_type=41 -> ret=0 errno=0 fd_type=2 prog_id=143 probe_offset=0 probe_addr=18446744072494423088 symbol=security_settime64
[47.956352 pid=1940 tid=1956]   LINK_CREATE -> fd=421 errno=0 kernel_link_id=40
[47.956450 pid=1940 tid=1956] PERF_EVENT_IOC_ENABLE event_fd=420
[47.958889 pid=1940 tid=1956] perf_event_open type=8 config=0 config1=140246788642304 config2=0 pid=-1 cpu=0 group_fd=-1 flags=8 kprobe_func=security_sb_umount kprobe_addr=0 -> fd=423 errno=0
[47.959162 pid=1940 tid=1956] BPF_LINK_CREATE prog_fd=284 target_fd=423 attach_type=41 flags=0
[47.959410 pid=1940 tid=1956] BPF_PERF_EVENT target retained target_fd=423 hold_fd=425 link_fd=424
[47.959714 pid=1940 tid=1956] BPF_TASK_FD_QUERY target_fd=423 attach_type=41 -> ret=0 errno=0 fd_type=2 prog_id=147 probe_offset=0 probe_addr=18446744072494426128 symbol=security_sb_umount
[47.959924 pid=1940 tid=1956]   LINK_CREATE -> fd=424 errno=0 kernel_link_id=41
[47.960032 pid=1940 tid=1956] PERF_EVENT_IOC_ENABLE event_fd=423
[47.962366 pid=1940 tid=1956] perf_event_open type=8 config=0 config1=140246788642304 config2=0 pid=-1 cpu=0 group_fd=-1 flags=8 kprobe_func=security_socket_listen kprobe_addr=0 -> fd=426 errno=0
[47.962482 pid=1940 tid=1956] BPF_LINK_CREATE prog_fd=213 target_fd=426 attach_type=41 flags=0
[47.962558 pid=1940 tid=1956] BPF_PERF_EVENT target retained target_fd=426 hold_fd=428 link_fd=427
[47.962659 pid=1940 tid=1956] BPF_TASK_FD_QUERY target_fd=426 attach_type=41 -> ret=0 errno=0 fd_type=2 prog_id=76 probe_offset=0 probe_addr=18446744072494452800 symbol=security_socket_listen
[47.962753 pid=1940 tid=1956]   LINK_CREATE -> fd=427 errno=0 kernel_link_id=42
[47.962985 pid=1940 tid=1956] PERF_EVENT_IOC_ENABLE event_fd=426
[47.965181 pid=1940 tid=1956] perf_event_open type=8 config=0 config1=140246788642304 config2=0 pid=-1 cpu=0 group_fd=-1 flags=8 kprobe_func=security_socket_accept kprobe_addr=0 -> fd=429 errno=0
[47.965339 pid=1940 tid=1956] BPF_LINK_CREATE prog_fd=215 target_fd=429 attach_type=41 flags=0
[47.965450 pid=1940 tid=1956] BPF_PERF_EVENT target retained target_fd=429 hold_fd=431 link_fd=430
[47.965512 pid=1940 tid=1956] BPF_TASK_FD_QUERY target_fd=429 attach_type=41 -> ret=0 errno=0 fd_type=2 prog_id=78 probe_offset=0 probe_addr=18446744072494452992 symbol=security_socket_accept
[47.965708 pid=1940 tid=1956]   LINK_CREATE -> fd=430 errno=0 kernel_link_id=43
[47.965804 pid=1940 tid=1956] PERF_EVENT_IOC_ENABLE event_fd=429
[47.968071 pid=1940 tid=1956] perf_event_open type=8 config=1 config1=302333600 config2=0 pid=-1 cpu=0 group_fd=-1 flags=8 kprobe_func=__ia32_compat_sys_execveat kprobe_addr=0 -> fd=432 errno=0
[47.968410 pid=1940 tid=1956] BPF_LINK_CREATE prog_fd=276 target_fd=432 attach_type=41 flags=0
[47.968702 pid=1940 tid=1956] BPF_PERF_EVENT target retained target_fd=432 hold_fd=434 link_fd=433
[47.968832 pid=1940 tid=1956] BPF_TASK_FD_QUERY target_fd=432 attach_type=41 -> ret=0 errno=0 fd_type=3 prog_id=139 probe_offset=0 probe_addr=18446744072491567760 symbol=__ia32_compat_sys_execveat
[47.969036 pid=1940 tid=1956]   LINK_CREATE -> fd=433 errno=0 kernel_link_id=44
[47.969106 pid=1940 tid=1956] PERF_EVENT_IOC_ENABLE event_fd=432
[47.970974 pid=1940 tid=1956] perf_event_open type=8 config=0 config1=140246788642304 config2=0 pid=-1 cpu=0 group_fd=-1 flags=8 kprobe_func=do_sigaction kprobe_addr=0 -> fd=435 errno=0
[47.971315 pid=1940 tid=1956] BPF_LINK_CREATE prog_fd=267 target_fd=435 attach_type=41 flags=0
[47.971671 pid=1940 tid=1956] BPF_PERF_EVENT target retained target_fd=435 hold_fd=437 link_fd=436
[47.971790 pid=1940 tid=1956] BPF_TASK_FD_QUERY target_fd=435 attach_type=41 -> ret=0 errno=0 fd_type=2 prog_id=130 probe_offset=0 probe_addr=18446744072487795104 symbol=do_sigaction
[47.971898 pid=1940 tid=1956]   LINK_CREATE -> fd=436 errno=0 kernel_link_id=45
[47.972029 pid=1940 tid=1956] PERF_EVENT_IOC_ENABLE event_fd=435
[48.040244 pid=1940 tid=1956] perf_event_open type=9 config=0 config1=140246788642304 config2=29036448 pid=-1 cpu=0 group_fd=-1 flags=8 uprobe_path=/proc/self/exe probe_offset=29036448 -> fd=439 errno=0
[48.040925 pid=1940 tid=1956] BPF_LINK_CREATE prog_fd=197 target_fd=439 attach_type=41 flags=0
[48.041327 pid=1940 tid=1956] BPF_PERF_EVENT target retained target_fd=439 hold_fd=441 link_fd=440
[48.041742 pid=1940 tid=1956] BPF_TASK_FD_QUERY target_fd=439 attach_type=41 -> ret=0 errno=0 fd_type=4 prog_id=60 probe_offset=29036448 probe_addr=0 symbol=/proc/self/exe
[48.041863 pid=1940 tid=1956]   LINK_CREATE -> fd=440 errno=0 kernel_link_id=46
[48.042059 pid=1940 tid=1956] PERF_EVENT_IOC_ENABLE event_fd=439
[48.043864 pid=1940 tid=1956] BPF_RAW_TRACEPOINT_OPEN name=cgroup_mkdir prog_fd=293
[48.044435 pid=1940 tid=1956]   RAW_TRACEPOINT_OPEN -> fd=438 errno=0
[48.047357 pid=1940 tid=1956] perf_event_open type=8 config=0 config1=302333600 config2=0 pid=-1 cpu=0 group_fd=-1 flags=8 kprobe_func=__cgroup_bpf_run_filter_skb kprobe_addr=0 -> fd=442 errno=0
[48.047766 pid=1940 tid=1956] BPF_LINK_CREATE prog_fd=290 target_fd=442 attach_type=41 flags=0
[48.047875 pid=1940 tid=1956] BPF_PERF_EVENT target retained target_fd=442 hold_fd=444 link_fd=443
[48.047979 pid=1940 tid=1956] BPF_TASK_FD_QUERY target_fd=442 attach_type=41 -> ret=0 errno=0 fd_type=2 prog_id=153 probe_offset=0 probe_addr=18446744072490057040 symbol=__cgroup_bpf_run_filter_skb
[48.048071 pid=1940 tid=1956]   LINK_CREATE -> fd=443 errno=0 kernel_link_id=48
[48.048171 pid=1940 tid=1956] PERF_EVENT_IOC_ENABLE event_fd=442
[48.051321 pid=1940 tid=1956] perf_event_open type=8 config=0 config1=302333600 config2=0 pid=-1 cpu=0 group_fd=-1 flags=8 kprobe_func=security_file_permission kprobe_addr=0 -> fd=445 errno=0
[48.051557 pid=1940 tid=1956] BPF_LINK_CREATE prog_fd=262 target_fd=445 attach_type=41 flags=0
[48.051660 pid=1940 tid=1956] BPF_PERF_EVENT target retained target_fd=445 hold_fd=447 link_fd=446
[48.051818 pid=1940 tid=1956] BPF_TASK_FD_QUERY target_fd=445 attach_type=41 -> ret=0 errno=0 fd_type=2 prog_id=125 probe_offset=0 probe_addr=18446744072494437488 symbol=security_file_permission
[48.052191 pid=1940 tid=1956]   LINK_CREATE -> fd=446 errno=0 kernel_link_id=49
[48.052498 pid=1940 tid=1956] PERF_EVENT_IOC_ENABLE event_fd=445
[48.055024 pid=1940 tid=1956] perf_event_open type=8 config=1 config1=140246788576816 config2=0 pid=-1 cpu=0 group_fd=-1 flags=8 kprobe_func=__x64_sys_arch_prctl kprobe_addr=0 -> fd=448 errno=0
[48.055314 pid=1940 tid=1956] BPF_LINK_CREATE prog_fd=96 target_fd=448 attach_type=41 flags=0
[48.055417 pid=1940 tid=1956] BPF_PERF_EVENT target retained target_fd=448 hold_fd=450 link_fd=449
[48.055518 pid=1940 tid=1956] BPF_TASK_FD_QUERY target_fd=448 attach_type=41 -> ret=0 errno=0 fd_type=3 prog_id=26 probe_offset=0 probe_addr=18446744072487242432 symbol=__x64_sys_arch_prctl
[48.055614 pid=1940 tid=1956]   LINK_CREATE -> fd=449 errno=0 kernel_link_id=50
[48.055785 pid=1940 tid=1956] PERF_EVENT_IOC_ENABLE event_fd=448
[48.058182 pid=1940 tid=1956] perf_event_open type=8 config=1 config1=140246788576816 config2=0 pid=-1 cpu=0 group_fd=-1 flags=8 kprobe_func=__ia32_sys_arch_prctl kprobe_addr=0 -> fd=451 errno=0
[48.058614 pid=1940 tid=1956] BPF_LINK_CREATE prog_fd=96 target_fd=451 attach_type=41 flags=0
[48.058795 pid=1940 tid=1956] BPF_PERF_EVENT target retained target_fd=451 hold_fd=453 link_fd=452
[48.058891 pid=1940 tid=1956] BPF_TASK_FD_QUERY target_fd=451 attach_type=41 -> ret=0 errno=0 fd_type=3 prog_id=26 probe_offset=0 probe_addr=18446744072487242304 symbol=__ia32_sys_arch_prctl
[48.059215 pid=1940 tid=1956]   LINK_CREATE -> fd=452 errno=0 kernel_link_id=51
[48.059323 pid=1940 tid=1956] PERF_EVENT_IOC_ENABLE event_fd=451
[48.062411 pid=1940 tid=1956] perf_event_open type=8 config=0 config1=140246788576816 config2=0 pid=-1 cpu=0 group_fd=-1 flags=8 kprobe_func=filldir64 kprobe_addr=0 -> fd=454 errno=0
[48.062733 pid=1940 tid=1956] BPF_LINK_CREATE prog_fd=193 target_fd=454 attach_type=41 flags=0
[48.062835 pid=1940 tid=1956] BPF_PERF_EVENT target retained target_fd=454 hold_fd=456 link_fd=455
[48.062934 pid=1940 tid=1956] BPF_TASK_FD_QUERY target_fd=454 attach_type=41 -> ret=0 errno=0 fd_type=2 prog_id=56 probe_offset=0 probe_addr=18446744072491643120 symbol=filldir64
[48.063039 pid=1940 tid=1956]   LINK_CREATE -> fd=455 errno=0 kernel_link_id=52
[48.063135 pid=1940 tid=1956] PERF_EVENT_IOC_ENABLE event_fd=454
[48.063469 pid=1940 tid=1956] perf_event_open type=8 config=0 config1=140246788576816 config2=0 pid=-1 cpu=0 group_fd=-1 flags=8 kprobe_func=__x64_sys_ptrace kprobe_addr=0 -> fd=457 errno=0
[48.063672 pid=1940 tid=1956] BPF_LINK_CREATE prog_fd=81 target_fd=457 attach_type=41 flags=0
[48.063851 pid=1940 tid=1956] BPF_PERF_EVENT target retained target_fd=457 hold_fd=459 link_fd=458
[48.064209 pid=1940 tid=1956] BPF_TASK_FD_QUERY target_fd=457 attach_type=41 -> ret=0 errno=0 fd_type=2 prog_id=21 probe_offset=0 probe_addr=18446744072487752768 symbol=__x64_sys_ptrace
[48.064313 pid=1940 tid=1956]   LINK_CREATE -> fd=458 errno=0 kernel_link_id=53
[48.064410 pid=1940 tid=1956] PERF_EVENT_IOC_ENABLE event_fd=457
[48.064732 pid=1940 tid=1956] perf_event_open type=8 config=0 config1=140246788576816 config2=0 pid=-1 cpu=0 group_fd=-1 flags=8 kprobe_func=__ia32_sys_ptrace kprobe_addr=0 -> fd=460 errno=0
[48.065198 pid=1940 tid=1956] BPF_LINK_CREATE prog_fd=81 target_fd=460 attach_type=41 flags=0
[48.065304 pid=1940 tid=1956] BPF_PERF_EVENT target retained target_fd=460 hold_fd=462 link_fd=461
[48.065410 pid=1940 tid=1956] BPF_TASK_FD_QUERY target_fd=460 attach_type=41 -> ret=0 errno=0 fd_type=2 prog_id=21 probe_offset=0 probe_addr=18446744072487752096 symbol=__ia32_sys_ptrace
[48.065505 pid=1940 tid=1956]   LINK_CREATE -> fd=461 errno=0 kernel_link_id=54
[48.065603 pid=1940 tid=1956] PERF_EVENT_IOC_ENABLE event_fd=460
[48.066023 pid=1940 tid=1956] perf_event_open type=8 config=0 config1=302333600 config2=0 pid=-1 cpu=0 group_fd=-1 flags=8 kprobe_func=__ia32_compat_sys_ptrace kprobe_addr=0 -> fd=463 errno=0
[48.066219 pid=1940 tid=1956] BPF_LINK_CREATE prog_fd=81 target_fd=463 attach_type=41 flags=0
[48.066319 pid=1940 tid=1956] BPF_PERF_EVENT target retained target_fd=463 hold_fd=465 link_fd=464
[48.066418 pid=1940 tid=1956] BPF_TASK_FD_QUERY target_fd=463 attach_type=41 -> ret=0 errno=0 fd_type=2 prog_id=21 probe_offset=0 probe_addr=18446744072487752432 symbol=__ia32_compat_sys_ptrace
[48.066782 pid=1940 tid=1956]   LINK_CREATE -> fd=464 errno=0 kernel_link_id=55
[48.066895 pid=1940 tid=1956] PERF_EVENT_IOC_ENABLE event_fd=463
[48.067597 pid=1940 tid=1956] perf_event_open type=8 config=1 config1=140246788576816 config2=0 pid=-1 cpu=0 group_fd=-1 flags=8 kprobe_func=vfs_write kprobe_addr=0 -> fd=466 errno=0
[48.067882 pid=1940 tid=1956] BPF_LINK_CREATE prog_fd=223 target_fd=466 attach_type=41 flags=0
[48.068251 pid=1940 tid=1956] BPF_PERF_EVENT target retained target_fd=466 hold_fd=468 link_fd=467
[48.068503 pid=1940 tid=1956] BPF_TASK_FD_QUERY target_fd=466 attach_type=41 -> ret=0 errno=0 fd_type=3 prog_id=86 probe_offset=0 probe_addr=18446744072491522976 symbol=vfs_write
[48.068606 pid=1940 tid=1956]   LINK_CREATE -> fd=467 errno=0 kernel_link_id=56
[48.068810 pid=1940 tid=1956] PERF_EVENT_IOC_ENABLE event_fd=466
[48.071613 pid=1940 tid=1956] perf_event_open type=8 config=0 config1=302333600 config2=0 pid=-1 cpu=0 group_fd=-1 flags=8 kprobe_func=security_kernel_post_read_file kprobe_addr=0 -> fd=469 errno=0
[48.071821 pid=1940 tid=1956] BPF_LINK_CREATE prog_fd=250 target_fd=469 attach_type=41 flags=0
[48.071989 pid=1940 tid=1956] BPF_PERF_EVENT target retained target_fd=469 hold_fd=471 link_fd=470
[48.072351 pid=1940 tid=1956] BPF_TASK_FD_QUERY target_fd=469 attach_type=41 -> ret=0 errno=0 fd_type=2 prog_id=113 probe_offset=0 probe_addr=18446744072494407280 symbol=security_kernel_post_read_file
[48.072457 pid=1940 tid=1956]   LINK_CREATE -> fd=470 errno=0 kernel_link_id=57
[48.072711 pid=1940 tid=1956] PERF_EVENT_IOC_ENABLE event_fd=469
[48.074648 pid=1940 tid=1956] perf_event_open type=8 config=0 config1=140246788366320 config2=0 pid=-1 cpu=0 group_fd=-1 flags=8 kprobe_func=do_exit kprobe_addr=0 -> fd=472 errno=0
[48.074778 pid=1940 tid=1956] BPF_LINK_CREATE prog_fd=195 target_fd=472 attach_type=41 flags=0
[48.074882 pid=1940 tid=1956] BPF_PERF_EVENT target retained target_fd=472 hold_fd=474 link_fd=473
[48.074993 pid=1940 tid=1956] BPF_TASK_FD_QUERY target_fd=472 attach_type=41 -> ret=0 errno=0 fd_type=2 prog_id=58 probe_offset=0 probe_addr=18446744072487712064 symbol=do_exit
[48.075084 pid=1940 tid=1956]   LINK_CREATE -> fd=473 errno=0 kernel_link_id=58
[48.075185 pid=1940 tid=1956] PERF_EVENT_IOC_ENABLE event_fd=472
[48.075263 pid=1940 tid=1956] BPF_RAW_TRACEPOINT_OPEN name=sched_process_fork prog_fd=175
[48.075493 pid=1940 tid=1956]   RAW_TRACEPOINT_OPEN -> fd=475 errno=0
[48.075595 pid=1940 tid=1956] BPF_RAW_TRACEPOINT_OPEN name=sched_process_exec prog_fd=185
[48.075810 pid=1940 tid=1956]   RAW_TRACEPOINT_OPEN -> fd=476 errno=0
[48.078432 pid=1940 tid=1956] perf_event_open type=8 config=0 config1=140246788366320 config2=0 pid=-1 cpu=0 group_fd=-1 flags=8 kprobe_func=security_socket_create kprobe_addr=0 -> fd=477 errno=0
[48.078547 pid=1940 tid=1956] BPF_LINK_CREATE prog_fd=208 target_fd=477 attach_type=41 flags=0
[48.078622 pid=1940 tid=1956] BPF_PERF_EVENT target retained target_fd=477 hold_fd=479 link_fd=478
[48.078720 pid=1940 tid=1956] BPF_TASK_FD_QUERY target_fd=477 attach_type=41 -> ret=0 errno=0 fd_type=2 prog_id=71 probe_offset=0 probe_addr=18446744072494451760 symbol=security_socket_create
[48.078815 pid=1940 tid=1956]   LINK_CREATE -> fd=478 errno=0 kernel_link_id=61
[48.079010 pid=1940 tid=1956] PERF_EVENT_IOC_ENABLE event_fd=477
[48.079086 pid=1940 tid=1956] BPF_RAW_TRACEPOINT_OPEN name=sys_enter prog_fd=75
[48.079349 pid=1940 tid=1956]   RAW_TRACEPOINT_OPEN -> fd=480 errno=0
[48.081888 pid=1940 tid=1956] perf_event_open type=8 config=0 config1=140246788366320 config2=0 pid=-1 cpu=0 group_fd=-1 flags=8 kprobe_func=security_path_notify kprobe_addr=0 -> fd=481 errno=0
[48.082033 pid=1940 tid=1956] BPF_LINK_CREATE prog_fd=277 target_fd=481 attach_type=41 flags=0
[48.082200 pid=1940 tid=1956] BPF_PERF_EVENT target retained target_fd=481 hold_fd=483 link_fd=482
[48.082299 pid=1940 tid=1956] BPF_TASK_FD_QUERY target_fd=481 attach_type=41 -> ret=0 errno=0 fd_type=2 prog_id=140 probe_offset=0 probe_addr=18446744072494426704 symbol=security_path_notify
[48.082448 pid=1940 tid=1956]   LINK_CREATE -> fd=482 errno=0 kernel_link_id=63
[48.082630 pid=1940 tid=1956] PERF_EVENT_IOC_ENABLE event_fd=481
[48.085226 pid=1940 tid=1956] perf_event_open type=8 config=0 config1=140246788366320 config2=0 pid=-1 cpu=0 group_fd=-1 flags=8 kprobe_func=security_file_open kprobe_addr=0 -> fd=484 errno=0
[48.085342 pid=1940 tid=1956] BPF_LINK_CREATE prog_fd=202 target_fd=484 attach_type=41 flags=0
[48.085417 pid=1940 tid=1956] BPF_PERF_EVENT target retained target_fd=484 hold_fd=486 link_fd=485
[48.085516 pid=1940 tid=1956] BPF_TASK_FD_QUERY target_fd=484 attach_type=41 -> ret=0 errno=0 fd_type=2 prog_id=65 probe_offset=0 probe_addr=18446744072494440496 symbol=security_file_open
[48.085612 pid=1940 tid=1956]   LINK_CREATE -> fd=485 errno=0 kernel_link_id=64
[48.085712 pid=1940 tid=1956] PERF_EVENT_IOC_ENABLE event_fd=484
[48.088206 pid=1940 tid=1956] perf_event_open type=8 config=0 config1=140246788366320 config2=0 pid=-1 cpu=0 group_fd=-1 flags=8 kprobe_func=security_mmap_addr kprobe_addr=0 -> fd=487 errno=0
[48.088389 pid=1940 tid=1956] BPF_LINK_CREATE prog_fd=241 target_fd=487 attach_type=41 flags=0
[48.088484 pid=1940 tid=1956] BPF_PERF_EVENT target retained target_fd=487 hold_fd=489 link_fd=488
[48.088583 pid=1940 tid=1956] BPF_TASK_FD_QUERY target_fd=487 attach_type=41 -> ret=0 errno=0 fd_type=2 prog_id=104 probe_offset=0 probe_addr=18446744072494439104 symbol=security_mmap_addr
[48.088678 pid=1940 tid=1956]   LINK_CREATE -> fd=488 errno=0 kernel_link_id=65
[48.088855 pid=1940 tid=1956] PERF_EVENT_IOC_ENABLE event_fd=487
[48.088961 pid=1940 tid=1956] BPF_RAW_TRACEPOINT_OPEN name=sched_process_exec prog_fd=186
[48.089103 pid=1940 tid=1956]   RAW_TRACEPOINT_OPEN -> fd=490 errno=0
[48.091364 pid=1940 tid=1956] perf_event_open type=8 config=0 config1=140246788366320 config2=0 pid=-1 cpu=0 group_fd=-1 flags=8 kprobe_func=cap_capable kprobe_addr=0 -> fd=491 errno=0
[48.091479 pid=1940 tid=1956] BPF_LINK_CREATE prog_fd=207 target_fd=491 attach_type=41 flags=0
[48.091640 pid=1940 tid=1956] BPF_PERF_EVENT target retained target_fd=491 hold_fd=493 link_fd=492
[48.091739 pid=1940 tid=1956] BPF_TASK_FD_QUERY target_fd=491 attach_type=41 -> ret=0 errno=0 fd_type=2 prog_id=70 probe_offset=0 probe_addr=18446744072494396096 symbol=cap_capable
[48.091807 pid=1940 tid=1956]   LINK_CREATE -> fd=492 errno=0 kernel_link_id=67
[48.091906 pid=1940 tid=1956] PERF_EVENT_IOC_ENABLE event_fd=491
[48.094892 pid=1940 tid=1956] perf_event_open type=8 config=0 config1=140246788366320 config2=0 pid=-1 cpu=0 group_fd=-1 flags=8 kprobe_func=__debugfs_create_file kprobe_addr=0 -> fd=494 errno=0
[48.095173 pid=1940 tid=1956] BPF_LINK_CREATE prog_fd=211 target_fd=494 attach_type=41 flags=0
[48.095442 pid=1940 tid=1956] BPF_PERF_EVENT target retained target_fd=494 hold_fd=496 link_fd=495
[48.095765 pid=1940 tid=1956] BPF_TASK_FD_QUERY target_fd=494 attach_type=41 -> ret=0 errno=0 fd_type=2 prog_id=74 probe_offset=0 probe_addr=18446744072494238608 symbol=__debugfs_create_file
[48.096074 pid=1940 tid=1956]   LINK_CREATE -> fd=495 errno=0 kernel_link_id=68
[48.096188 pid=1940 tid=1956] PERF_EVENT_IOC_ENABLE event_fd=494
[48.098779 pid=1940 tid=1956] perf_event_open type=8 config=0 config1=302333600 config2=0 pid=-1 cpu=0 group_fd=-1 flags=8 kprobe_func=security_kernel_read_file kprobe_addr=0 -> fd=497 errno=0
[48.098958 pid=1940 tid=1956] BPF_LINK_CREATE prog_fd=249 target_fd=497 attach_type=41 flags=0
[48.099063 pid=1940 tid=1956] BPF_PERF_EVENT target retained target_fd=497 hold_fd=499 link_fd=498
[48.099231 pid=1940 tid=1956] BPF_TASK_FD_QUERY target_fd=497 attach_type=41 -> ret=0 errno=0 fd_type=2 prog_id=112 probe_offset=0 probe_addr=18446744072494407040 symbol=security_kernel_read_file
[48.099481 pid=1940 tid=1956]   LINK_CREATE -> fd=498 errno=0 kernel_link_id=69
[48.099694 pid=1940 tid=1956] PERF_EVENT_IOC_ENABLE event_fd=497
[48.100239 pid=1940 tid=1956] perf_event_open type=8 config=0 config1=140246788590352 config2=0 pid=-1 cpu=0 group_fd=-1 flags=8 kprobe_func=__kernel_write kprobe_addr=0 -> fd=500 errno=0
[48.100478 pid=1940 tid=1956] BPF_LINK_CREATE prog_fd=231 target_fd=500 attach_type=41 flags=0
[48.100662 pid=1940 tid=1956] BPF_PERF_EVENT target retained target_fd=500 hold_fd=502 link_fd=501
[48.100769 pid=1940 tid=1956] BPF_TASK_FD_QUERY target_fd=500 attach_type=41 -> ret=0 errno=0 fd_type=2 prog_id=94 probe_offset=0 probe_addr=18446744072491522416 symbol=__kernel_write
[48.100864 pid=1940 tid=1956]   LINK_CREATE -> fd=501 errno=0 kernel_link_id=70
[48.100964 pid=1940 tid=1956] PERF_EVENT_IOC_ENABLE event_fd=500
[48.101247 pid=1940 tid=1956] perf_event_open type=8 config=0 config1=140246788590352 config2=0 pid=-1 cpu=0 group_fd=-1 flags=8 kprobe_func=__x64_sys_arch_prctl kprobe_addr=0 -> fd=503 errno=0
[48.101358 pid=1940 tid=1956] BPF_LINK_CREATE prog_fd=93 target_fd=503 attach_type=41 flags=0
[48.101424 pid=1940 tid=1956] BPF_PERF_EVENT target retained target_fd=503 hold_fd=505 link_fd=504
[48.101531 pid=1940 tid=1956] BPF_TASK_FD_QUERY target_fd=503 attach_type=41 -> ret=0 errno=0 fd_type=2 prog_id=25 probe_offset=0 probe_addr=18446744072487242432 symbol=__x64_sys_arch_prctl
[48.101681 pid=1940 tid=1956]   LINK_CREATE -> fd=504 errno=0 kernel_link_id=71
[48.101909 pid=1940 tid=1956] PERF_EVENT_IOC_ENABLE event_fd=503
[48.102207 pid=1940 tid=1956] perf_event_open type=8 config=0 config1=140246788590352 config2=0 pid=-1 cpu=0 group_fd=-1 flags=8 kprobe_func=__ia32_sys_arch_prctl kprobe_addr=0 -> fd=506 errno=0
[48.102309 pid=1940 tid=1956] BPF_LINK_CREATE prog_fd=93 target_fd=506 attach_type=41 flags=0
[48.102381 pid=1940 tid=1956] BPF_PERF_EVENT target retained target_fd=506 hold_fd=508 link_fd=507
[48.102481 pid=1940 tid=1956] BPF_TASK_FD_QUERY target_fd=506 attach_type=41 -> ret=0 errno=0 fd_type=2 prog_id=25 probe_offset=0 probe_addr=18446744072487242304 symbol=__ia32_sys_arch_prctl
[48.102575 pid=1940 tid=1956]   LINK_CREATE -> fd=507 errno=0 kernel_link_id=72
[48.102762 pid=1940 tid=1956] PERF_EVENT_IOC_ENABLE event_fd=506
[48.129720 pid=1940 tid=1955] perf_event_open type=9 config=0 config1=140247190998208 config2=28912480 pid=-1 cpu=0 group_fd=-1 flags=8 uprobe_path=/proc/self/exe probe_offset=28912480 -> fd=510 errno=0
[48.130070 pid=1940 tid=1955] BPF_LINK_CREATE prog_fd=179 target_fd=510 attach_type=41 flags=0
[48.170224 pid=1940 tid=1955] BPF_PERF_EVENT target retained target_fd=510 hold_fd=512 link_fd=511
[48.170649 pid=1940 tid=1955] BPF_TASK_FD_QUERY target_fd=510 attach_type=41 -> ret=0 errno=0 fd_type=4 prog_id=42 probe_offset=28912480 probe_addr=0 symbol=/proc/self/exe
[48.171081 pid=1940 tid=1955]   LINK_CREATE -> fd=511 errno=0 kernel_link_id=73
[48.171301 pid=1940 tid=1955] PERF_EVENT_IOC_ENABLE event_fd=510
[48.173865 pid=1940 tid=1955] perf_event_open type=8 config=0 config1=140246721237440 config2=0 pid=-1 cpu=0 group_fd=-1 flags=8 kprobe_func=__x64_sys_process_vm_writev kprobe_addr=0 -> fd=509 errno=0
[48.174271 pid=1940 tid=1955] BPF_LINK_CREATE prog_fd=87 target_fd=509 attach_type=41 flags=0
[48.174396 pid=1940 tid=1955] BPF_PERF_EVENT target retained target_fd=509 hold_fd=514 link_fd=513
[48.174512 pid=1940 tid=1955] BPF_TASK_FD_QUERY target_fd=509 attach_type=41 -> ret=0 errno=0 fd_type=2 prog_id=23 probe_offset=0 probe_addr=18446744072490856832 symbol=__x64_sys_process_vm_writev
[48.174616 pid=1940 tid=1955]   LINK_CREATE -> fd=513 errno=0 kernel_link_id=74
[48.174780 pid=1940 tid=1955] PERF_EVENT_IOC_ENABLE event_fd=509
[48.175443 pid=1940 tid=1955] perf_event_open type=8 config=0 config1=140246721237392 config2=0 pid=-1 cpu=0 group_fd=-1 flags=8 kprobe_func=__ia32_sys_process_vm_writev kprobe_addr=0 -> fd=515 errno=0
[48.175547 pid=1940 tid=1955] BPF_LINK_CREATE prog_fd=87 target_fd=515 attach_type=41 flags=0
[48.175749 pid=1940 tid=1955] BPF_PERF_EVENT target retained target_fd=515 hold_fd=517 link_fd=516
[48.175916 pid=1940 tid=1955] BPF_TASK_FD_QUERY target_fd=515 attach_type=41 -> ret=0 errno=0 fd_type=2 prog_id=23 probe_offset=0 probe_addr=18446744072490856896 symbol=__ia32_sys_process_vm_writev
[48.176014 pid=1940 tid=1955]   LINK_CREATE -> fd=516 errno=0 kernel_link_id=75
[48.176156 pid=1940 tid=1955] PERF_EVENT_IOC_ENABLE event_fd=515
[48.176484 pid=1940 tid=1955] perf_event_open type=8 config=0 config1=140246721238544 config2=0 pid=-1 cpu=0 group_fd=-1 flags=8 kprobe_func=__ia32_compat_sys_process_vm_writev kprobe_addr=0 -> fd=518 errno=0
[48.176645 pid=1940 tid=1955] BPF_LINK_CREATE prog_fd=87 target_fd=518 attach_type=41 flags=0
[48.176744 pid=1940 tid=1955] BPF_PERF_EVENT target retained target_fd=518 hold_fd=520 link_fd=519
[48.176844 pid=1940 tid=1955] BPF_TASK_FD_QUERY target_fd=518 attach_type=41 -> ret=0 errno=0 fd_type=2 prog_id=23 probe_offset=0 probe_addr=18446744072487914304 symbol=__ia32_compat_sys_process_vm_writev
[48.176945 pid=1940 tid=1955]   LINK_CREATE -> fd=519 errno=0 kernel_link_id=76
[48.177044 pid=1940 tid=1955] PERF_EVENT_IOC_ENABLE event_fd=518
[48.180132 pid=1940 tid=1955] perf_event_open type=8 config=0 config1=140246721240752 config2=0 pid=-1 cpu=0 group_fd=-1 flags=8 kprobe_func=__x64_sys_dup3 kprobe_addr=0 -> fd=521 errno=0
[48.180245 pid=1940 tid=1955] BPF_LINK_CREATE prog_fd=168 target_fd=521 attach_type=41 flags=0
[48.180342 pid=1940 tid=1955] BPF_PERF_EVENT target retained target_fd=521 hold_fd=523 link_fd=522
[48.180438 pid=1940 tid=1955] BPF_TASK_FD_QUERY target_fd=521 attach_type=41 -> ret=0 errno=0 fd_type=2 prog_id=31 probe_offset=0 probe_addr=18446744072491707312 symbol=__x64_sys_dup3
[48.180664 pid=1940 tid=1955]   LINK_CREATE -> fd=522 errno=0 kernel_link_id=77
[48.180759 pid=1940 tid=1955] PERF_EVENT_IOC_ENABLE event_fd=521
[48.184015 pid=1940 tid=1955] perf_event_open type=8 config=0 config1=140246721240752 config2=0 pid=-1 cpu=0 group_fd=-1 flags=8 kprobe_func=__ia32_sys_dup3 kprobe_addr=0 -> fd=524 errno=0
[48.184298 pid=1940 tid=1955] BPF_LINK_CREATE prog_fd=168 target_fd=524 attach_type=41 flags=0
[48.184535 pid=1940 tid=1955] BPF_PERF_EVENT target retained target_fd=524 hold_fd=526 link_fd=525
[48.184651 pid=1940 tid=1955] BPF_TASK_FD_QUERY target_fd=524 attach_type=41 -> ret=0 errno=0 fd_type=2 prog_id=31 probe_offset=0 probe_addr=18446744072491707360 symbol=__ia32_sys_dup3
[48.184752 pid=1940 tid=1955]   LINK_CREATE -> fd=525 errno=0 kernel_link_id=78
[48.185171 pid=1940 tid=1955] PERF_EVENT_IOC_ENABLE event_fd=524
[48.189477 pid=1940 tid=1955] perf_event_open type=8 config=0 config1=140246721240752 config2=0 pid=-1 cpu=0 group_fd=-1 flags=8 kprobe_func=security_sk_clone kprobe_addr=0 -> fd=527 errno=0
[48.189650 pid=1940 tid=1955] BPF_LINK_CREATE prog_fd=287 target_fd=527 attach_type=41 flags=0
[48.189841 pid=1940 tid=1955] BPF_PERF_EVENT target retained target_fd=527 hold_fd=529 link_fd=528
[48.190033 pid=1940 tid=1955] BPF_TASK_FD_QUERY target_fd=527 attach_type=41 -> ret=0 errno=0 fd_type=2 prog_id=150 probe_offset=0 probe_addr=18446744072494409936 symbol=security_sk_clone
[48.190128 pid=1940 tid=1955]   LINK_CREATE -> fd=528 errno=0 kernel_link_id=79
[48.190302 pid=1940 tid=1955] PERF_EVENT_IOC_ENABLE event_fd=527
[48.193459 pid=1940 tid=1955] perf_event_open type=8 config=1 config1=140246721240752 config2=0 pid=-1 cpu=0 group_fd=-1 flags=8 kprobe_func=register_kprobe kprobe_addr=0 -> fd=530 errno=0
[48.193610 pid=1940 tid=1955] BPF_LINK_CREATE prog_fd=248 target_fd=530 attach_type=41 flags=0
[48.193712 pid=1940 tid=1955] BPF_PERF_EVENT target retained target_fd=530 hold_fd=532 link_fd=531
[48.193811 pid=1940 tid=1955] BPF_TASK_FD_QUERY target_fd=530 attach_type=41 -> ret=0 errno=0 fd_type=3 prog_id=111 probe_offset=0 probe_addr=18446744072489088592 symbol=register_kprobe
[48.194100 pid=1940 tid=1955]   LINK_CREATE -> fd=531 errno=0 kernel_link_id=80
[48.194197 pid=1940 tid=1955] PERF_EVENT_IOC_ENABLE event_fd=530
[48.194762 pid=1940 tid=1955] perf_event_open type=8 config=1 config1=140246721240752 config2=0 pid=-1 cpu=0 group_fd=-1 flags=8 kprobe_func=vfs_read kprobe_addr=0 -> fd=533 errno=0
[48.194977 pid=1940 tid=1955] BPF_LINK_CREATE prog_fd=236 target_fd=533 attach_type=41 flags=0
[48.195106 pid=1940 tid=1955] BPF_PERF_EVENT target retained target_fd=533 hold_fd=535 link_fd=534
[48.195304 pid=1940 tid=1955] BPF_TASK_FD_QUERY target_fd=533 attach_type=41 -> ret=0 errno=0 fd_type=3 prog_id=99 probe_offset=0 probe_addr=18446744072491520512 symbol=vfs_read
[48.195442 pid=1940 tid=1955]   LINK_CREATE -> fd=534 errno=0 kernel_link_id=81
[48.195651 pid=1940 tid=1955] PERF_EVENT_IOC_ENABLE event_fd=533
[48.196001 pid=1940 tid=1955] perf_event_open type=8 config=1 config1=140246721240752 config2=0 pid=-1 cpu=0 group_fd=-1 flags=8 kprobe_func=do_init_module kprobe_addr=0 -> fd=536 errno=0
[48.196108 pid=1940 tid=1955] BPF_LINK_CREATE prog_fd=260 target_fd=536 attach_type=41 flags=0
[48.196211 pid=1940 tid=1955] BPF_PERF_EVENT target retained target_fd=536 hold_fd=538 link_fd=537
[48.196391 pid=1940 tid=1955] BPF_TASK_FD_QUERY target_fd=536 attach_type=41 -> ret=0 errno=0 fd_type=3 prog_id=123 probe_offset=0 probe_addr=18446744072488652208 symbol=do_init_module
[48.196485 pid=1940 tid=1955]   LINK_CREATE -> fd=537 errno=0 kernel_link_id=82
[48.196677 pid=1940 tid=1955] PERF_EVENT_IOC_ENABLE event_fd=536
[48.196861 pid=1940 tid=1955] BPF_LINK_CREATE prog_fd=291 target_fd=539 attach_type=0 flags=0
[48.197237 pid=1940 tid=1955]   LINK_CREATE -> fd=540 errno=0 kernel_link_id=83
[48.197490 pid=1940 tid=1955] BPF_RAW_TRACEPOINT_OPEN name=sys_exit prog_fd=78
[48.197746 pid=1940 tid=1955]   RAW_TRACEPOINT_OPEN -> fd=539 errno=0
[48.198179 pid=1940 tid=1955] perf_event_open type=8 config=0 config1=140246721248016 config2=0 pid=-1 cpu=0 group_fd=-1 flags=8 kprobe_func=vfs_writev kprobe_addr=0 -> fd=541 errno=0
[48.198384 pid=1940 tid=1955] BPF_LINK_CREATE prog_fd=226 target_fd=541 attach_type=41 flags=0
[48.198584 pid=1940 tid=1955] BPF_PERF_EVENT target retained target_fd=541 hold_fd=543 link_fd=542
[48.198756 pid=1940 tid=1955] BPF_TASK_FD_QUERY target_fd=541 attach_type=41 -> ret=0 errno=0 fd_type=2 prog_id=89 probe_offset=0 probe_addr=18446744072491515552 symbol=vfs_writev
[48.198851 pid=1940 tid=1955]   LINK_CREATE -> fd=542 errno=0 kernel_link_id=85
[48.199010 pid=1940 tid=1955] PERF_EVENT_IOC_ENABLE event_fd=541
[48.201813 pid=1940 tid=1955] perf_event_open type=8 config=0 config1=140246721248016 config2=0 pid=-1 cpu=0 group_fd=-1 flags=8 kprobe_func=security_inode_unlink kprobe_addr=0 -> fd=544 errno=0
[48.201916 pid=1940 tid=1955] BPF_LINK_CREATE prog_fd=204 target_fd=544 attach_type=41 flags=0
[48.202160 pid=1940 tid=1955] BPF_PERF_EVENT target retained target_fd=544 hold_fd=546 link_fd=545
[48.202384 pid=1940 tid=1955] BPF_TASK_FD_QUERY target_fd=544 attach_type=41 -> ret=0 errno=0 fd_type=2 prog_id=67 probe_offset=0 probe_addr=18446744072494429744 symbol=security_inode_unlink
[48.202480 pid=1940 tid=1955]   LINK_CREATE -> fd=545 errno=0 kernel_link_id=86
[48.202574 pid=1940 tid=1955] PERF_EVENT_IOC_ENABLE event_fd=544
[48.205293 pid=1940 tid=1955] perf_event_open type=8 config=0 config1=140246721248016 config2=0 pid=-1 cpu=0 group_fd=-1 flags=8 kprobe_func=security_mmap_file kprobe_addr=0 -> fd=547 errno=0
[48.205566 pid=1940 tid=1955] BPF_LINK_CREATE prog_fd=244 target_fd=547 attach_type=41 flags=0
[48.205664 pid=1940 tid=1955] BPF_PERF_EVENT target retained target_fd=547 hold_fd=549 link_fd=548
[48.205757 pid=1940 tid=1955] BPF_TASK_FD_QUERY target_fd=547 attach_type=41 -> ret=0 errno=0 fd_type=2 prog_id=107 probe_offset=0 probe_addr=18446744072494438256 symbol=security_mmap_file
[48.205852 pid=1940 tid=1955]   LINK_CREATE -> fd=548 errno=0 kernel_link_id=87
[48.205955 pid=1940 tid=1955] PERF_EVENT_IOC_ENABLE event_fd=547
[48.206059 pid=1940 tid=1955] BPF_RAW_TRACEPOINT_OPEN name=sched_process_exit prog_fd=188
[48.206294 pid=1940 tid=1955]   RAW_TRACEPOINT_OPEN -> fd=550 errno=0
[48.206399 pid=1940 tid=1955] BPF_RAW_TRACEPOINT_OPEN name=module_load prog_fd=257
[48.206658 pid=1940 tid=1955]   RAW_TRACEPOINT_OPEN -> fd=551 errno=0
[48.209075 pid=1940 tid=1955] perf_event_open type=8 config=1 config1=140246721248016 config2=0 pid=-1 cpu=0 group_fd=-1 flags=8 kprobe_func=__x64_sys_dup kprobe_addr=0 -> fd=552 errno=0
[48.209185 pid=1940 tid=1955] BPF_LINK_CREATE prog_fd=165 target_fd=552 attach_type=41 flags=0
[48.209381 pid=1940 tid=1955] BPF_PERF_EVENT target retained target_fd=552 hold_fd=554 link_fd=553
[48.209525 pid=1940 tid=1955] BPF_TASK_FD_QUERY target_fd=552 attach_type=41 -> ret=0 errno=0 fd_type=3 prog_id=28 probe_offset=0 probe_addr=18446744072491706544 symbol=__x64_sys_dup
[48.209681 pid=1940 tid=1955]   LINK_CREATE -> fd=553 errno=0 kernel_link_id=90
[48.209854 pid=1940 tid=1955] PERF_EVENT_IOC_ENABLE event_fd=552
[48.212461 pid=1940 tid=1955] perf_event_open type=8 config=1 config1=140246721248016 config2=0 pid=-1 cpu=0 group_fd=-1 flags=8 kprobe_func=__ia32_sys_dup kprobe_addr=0 -> fd=555 errno=0
[48.212669 pid=1940 tid=1955] BPF_LINK_CREATE prog_fd=165 target_fd=555 attach_type=41 flags=0
[48.212768 pid=1940 tid=1955] BPF_PERF_EVENT target retained target_fd=555 hold_fd=557 link_fd=556
[48.212868 pid=1940 tid=1955] BPF_TASK_FD_QUERY target_fd=555 attach_type=41 -> ret=0 errno=0 fd_type=3 prog_id=28 probe_offset=0 probe_addr=18446744072491706304 symbol=__ia32_sys_dup
[48.212966 pid=1940 tid=1955]   LINK_CREATE -> fd=556 errno=0 kernel_link_id=91
[48.213122 pid=1940 tid=1955] PERF_EVENT_IOC_ENABLE event_fd=555
[48.216100 pid=1940 tid=1955] perf_event_open type=8 config=0 config1=140246721248016 config2=0 pid=-1 cpu=0 group_fd=-1 flags=8 kprobe_func=inotify_find_inode kprobe_addr=0 -> fd=558 errno=0
[48.216350 pid=1940 tid=1955] BPF_LINK_CREATE prog_fd=271 target_fd=558 attach_type=41 flags=0
[48.216562 pid=1940 tid=1955] BPF_PERF_EVENT target retained target_fd=558 hold_fd=560 link_fd=559
[48.216669 pid=1940 tid=1955] BPF_TASK_FD_QUERY target_fd=558 attach_type=41 -> ret=0 errno=0 fd_type=2 prog_id=134 probe_offset=0 probe_addr=18446744072491970992 symbol=inotify_find_inode
[48.216761 pid=1940 tid=1955]   LINK_CREATE -> fd=559 errno=0 kernel_link_id=92
[48.216860 pid=1940 tid=1955] PERF_EVENT_IOC_ENABLE event_fd=558
[48.216965 pid=1940 tid=1955] BPF_RAW_TRACEPOINT_OPEN name=sys_exit prog_fd=66
[48.217233 pid=1940 tid=1955]   RAW_TRACEPOINT_OPEN -> fd=561 errno=0
[48.217314 pid=1940 tid=1955] BPF_LINK_CREATE prog_fd=292 target_fd=562 attach_type=1 flags=0
[48.217507 pid=1940 tid=1955]   LINK_CREATE -> fd=563 errno=0 kernel_link_id=94
[48.217986 pid=1940 tid=1955] perf_event_open type=8 config=1 config1=140246721256144 config2=0 pid=-1 cpu=0 group_fd=-1 flags=8 kprobe_func=inotify_find_inode kprobe_addr=0 -> fd=562 errno=0
[48.218182 pid=1940 tid=1955] BPF_LINK_CREATE prog_fd=272 target_fd=562 attach_type=41 flags=0
[48.218332 pid=1940 tid=1955] BPF_PERF_EVENT target retained target_fd=562 hold_fd=565 link_fd=564
[48.218586 pid=1940 tid=1955] BPF_TASK_FD_QUERY target_fd=562 attach_type=41 -> ret=0 errno=0 fd_type=3 prog_id=135 probe_offset=0 probe_addr=18446744072491970992 symbol=inotify_find_inode
[48.218796 pid=1940 tid=1955]   LINK_CREATE -> fd=564 errno=0 kernel_link_id=95
[48.218889 pid=1940 tid=1955] PERF_EVENT_IOC_ENABLE event_fd=562
[48.222140 pid=1940 tid=1955] perf_event_open type=8 config=0 config1=140246721256144 config2=0 pid=-1 cpu=0 group_fd=-1 flags=8 kprobe_func=security_bprm_check kprobe_addr=0 -> fd=566 errno=0
[48.222383 pid=1940 tid=1955] BPF_LINK_CREATE prog_fd=295 target_fd=566 attach_type=41 flags=0
[48.222492 pid=1940 tid=1955] BPF_PERF_EVENT target retained target_fd=566 hold_fd=568 link_fd=567
[48.222667 pid=1940 tid=1955] BPF_TASK_FD_QUERY target_fd=566 attach_type=41 -> ret=0 errno=0 fd_type=2 prog_id=159 probe_offset=0 probe_addr=18446744072494423792 symbol=security_bprm_check
[48.222760 pid=1940 tid=1955]   LINK_CREATE -> fd=567 errno=0 kernel_link_id=96
[48.222859 pid=1940 tid=1955] PERF_EVENT_IOC_ENABLE event_fd=566
[48.223858 pid=1940 tid=1955] perf_event_open type=8 config=0 config1=140246721256144 config2=0 pid=-1 cpu=0 group_fd=-1 flags=8 kprobe_func=vfs_write kprobe_addr=0 -> fd=569 errno=0
[48.223969 pid=1940 tid=1955] BPF_LINK_CREATE prog_fd=220 target_fd=569 attach_type=41 flags=0
[48.224040 pid=1940 tid=1955] BPF_PERF_EVENT target retained target_fd=569 hold_fd=571 link_fd=570
[48.224248 pid=1940 tid=1955] BPF_TASK_FD_QUERY target_fd=569 attach_type=41 -> ret=0 errno=0 fd_type=2 prog_id=83 probe_offset=0 probe_addr=18446744072491522976 symbol=vfs_write
[48.224344 pid=1940 tid=1955]   LINK_CREATE -> fd=570 errno=0 kernel_link_id=97
[48.224442 pid=1940 tid=1955] PERF_EVENT_IOC_ENABLE event_fd=569
[48.224879 pid=1940 tid=1955] perf_event_open type=8 config=1 config1=140246721256144 config2=0 pid=-1 cpu=0 group_fd=-1 flags=8 kprobe_func=vfs_readv kprobe_addr=0 -> fd=572 errno=0
[48.224986 pid=1940 tid=1955] BPF_LINK_CREATE prog_fd=239 target_fd=572 attach_type=41 flags=0
[48.225087 pid=1940 tid=1955] BPF_PERF_EVENT target retained target_fd=572 hold_fd=574 link_fd=573
[48.225153 pid=1940 tid=1955] BPF_TASK_FD_QUERY target_fd=572 attach_type=41 -> ret=0 errno=0 fd_type=3 prog_id=102 probe_offset=0 probe_addr=18446744072491513408 symbol=vfs_readv
[48.225307 pid=1940 tid=1955]   LINK_CREATE -> fd=573 errno=0 kernel_link_id=98
[48.225477 pid=1940 tid=1955] PERF_EVENT_IOC_ENABLE event_fd=572
[48.228029 pid=1940 tid=1955] perf_event_open type=8 config=0 config1=140246721256144 config2=0 pid=-1 cpu=0 group_fd=-1 flags=8 kprobe_func=security_inode_rename kprobe_addr=0 -> fd=575 errno=0
[48.228204 pid=1940 tid=1955] BPF_LINK_CREATE prog_fd=264 target_fd=575 attach_type=41 flags=0
[48.228304 pid=1940 tid=1955] BPF_PERF_EVENT target retained target_fd=575 hold_fd=577 link_fd=576
[48.228456 pid=1940 tid=1955] BPF_TASK_FD_QUERY target_fd=575 attach_type=41 -> ret=0 errno=0 fd_type=2 prog_id=127 probe_offset=0 probe_addr=18446744072494430688 symbol=security_inode_rename
[48.228550 pid=1940 tid=1955]   LINK_CREATE -> fd=576 errno=0 kernel_link_id=99
[48.228648 pid=1940 tid=1955] PERF_EVENT_IOC_ENABLE event_fd=575
[48.231287 pid=1940 tid=1955] perf_event_open type=8 config=0 config1=140246721243024 config2=0 pid=-1 cpu=0 group_fd=-1 flags=8 kprobe_func=security_bprm_creds_for_exec kprobe_addr=0 -> fd=578 errno=0
[48.231501 pid=1940 tid=1955] BPF_LINK_CREATE prog_fd=275 target_fd=578 attach_type=41 flags=0
[48.231600 pid=1940 tid=1955] BPF_PERF_EVENT target retained target_fd=578 hold_fd=580 link_fd=579
[48.231698 pid=1940 tid=1955] BPF_TASK_FD_QUERY target_fd=578 attach_type=41 -> ret=0 errno=0 fd_type=2 prog_id=138 probe_offset=0 probe_addr=18446744072494423424 symbol=security_bprm_creds_for_exec
[48.231793 pid=1940 tid=1955]   LINK_CREATE -> fd=579 errno=0 kernel_link_id=100
[48.231891 pid=1940 tid=1955] PERF_EVENT_IOC_ENABLE event_fd=578
[48.234160 pid=1940 tid=1955] perf_event_open type=8 config=0 config1=140246721262672 config2=0 pid=-1 cpu=0 group_fd=-1 flags=8 kprobe_func=proc_create kprobe_addr=0 -> fd=581 errno=0
[48.234287 pid=1940 tid=1955] BPF_LINK_CREATE prog_fd=210 target_fd=581 attach_type=41 flags=0
[48.234451 pid=1940 tid=1955] BPF_PERF_EVENT target retained target_fd=581 hold_fd=583 link_fd=582
[48.234642 pid=1940 tid=1955] BPF_TASK_FD_QUERY target_fd=581 attach_type=41 -> ret=0 errno=0 fd_type=2 prog_id=73 probe_offset=0 probe_addr=18446744072492324704 symbol=proc_create
[48.234738 pid=1940 tid=1955]   LINK_CREATE -> fd=582 errno=0 kernel_link_id=101
[48.234929 pid=1940 tid=1955] PERF_EVENT_IOC_ENABLE event_fd=581
[48.235468 pid=1940 tid=1955] perf_event_open type=8 config=0 config1=140246721262672 config2=0 pid=-1 cpu=0 group_fd=-1 flags=8 kprobe_func=security_bprm_check kprobe_addr=0 -> fd=584 errno=0
[48.235623 pid=1940 tid=1955] BPF_LINK_CREATE prog_fd=201 target_fd=584 attach_type=41 flags=0
[48.235695 pid=1940 tid=1955] BPF_PERF_EVENT target retained target_fd=584 hold_fd=586 link_fd=585
[48.235881 pid=1940 tid=1955] BPF_TASK_FD_QUERY target_fd=584 attach_type=41 -> ret=0 errno=0 fd_type=2 prog_id=64 probe_offset=0 probe_addr=18446744072494423792 symbol=security_bprm_check
[48.235977 pid=1940 tid=1955]   LINK_CREATE -> fd=585 errno=0 kernel_link_id=102
[48.236165 pid=1940 tid=1955] PERF_EVENT_IOC_ENABLE event_fd=584
[48.236269 pid=1940 tid=1955] BPF_RAW_TRACEPOINT_OPEN name=sched_process_free prog_fd=190
[48.236497 pid=1940 tid=1955]   RAW_TRACEPOINT_OPEN -> fd=587 errno=0
[48.236771 pid=1940 tid=1955] BPF_RAW_TRACEPOINT_OPEN name=sched_process_exec prog_fd=296
[48.236880 pid=1940 tid=1955]   RAW_TRACEPOINT_OPEN -> fd=588 errno=0
[48.237320 pid=1940 tid=1955] perf_event_open type=8 config=1 config1=140246721262672 config2=0 pid=-1 cpu=0 group_fd=-1 flags=8 kprobe_func=vfs_write kprobe_addr=0 -> fd=589 errno=0
[48.237442 pid=1940 tid=1955] BPF_LINK_CREATE prog_fd=222 target_fd=589 attach_type=41 flags=0
[48.237567 pid=1940 tid=1955] BPF_PERF_EVENT target retained target_fd=589 hold_fd=591 link_fd=590
[48.237898 pid=1940 tid=1955] BPF_TASK_FD_QUERY target_fd=589 attach_type=41 -> ret=0 errno=0 fd_type=3 prog_id=85 probe_offset=0 probe_addr=18446744072491522976 symbol=vfs_write
[48.238403 pid=1940 tid=1955]   LINK_CREATE -> fd=590 errno=0 kernel_link_id=105
[48.238571 pid=1940 tid=1955] PERF_EVENT_IOC_ENABLE event_fd=589
[48.238708 pid=1940 tid=1955] BPF_RAW_TRACEPOINT_OPEN name=task_rename prog_fd=263
[48.238916 pid=1940 tid=1955]   RAW_TRACEPOINT_OPEN -> fd=592 errno=0
[48.242307 pid=1940 tid=1955] perf_event_open type=8 config=0 config1=140246721262672 config2=0 pid=-1 cpu=0 group_fd=-1 flags=8 kprobe_func=device_add kprobe_addr=0 -> fd=593 errno=0
[48.242461 pid=1940 tid=1955] BPF_LINK_CREATE prog_fd=252 target_fd=593 attach_type=41 flags=0
[48.242574 pid=1940 tid=1955] BPF_PERF_EVENT target retained target_fd=593 hold_fd=595 link_fd=594
[48.242786 pid=1940 tid=1955] BPF_TASK_FD_QUERY target_fd=593 attach_type=41 -> ret=0 errno=0 fd_type=2 prog_id=115 probe_offset=0 probe_addr=18446744072497385184 symbol=device_add
[48.242876 pid=1940 tid=1955]   LINK_CREATE -> fd=594 errno=0 kernel_link_id=107
[48.242994 pid=1940 tid=1955] PERF_EVENT_IOC_ENABLE event_fd=593
[48.243266 pid=1940 tid=1955] BPF_RAW_TRACEPOINT_OPEN name=cgroup_rmdir prog_fd=294
[48.243658 pid=1940 tid=1955]   RAW_TRACEPOINT_OPEN -> fd=596 errno=0
[48.290371 pid=1940 tid=1955] perf_event_open type=9 config=0 config1=140246721262672 config2=28912448 pid=-1 cpu=0 group_fd=-1 flags=8 uprobe_path=/proc/self/exe probe_offset=28912448 -> fd=598 errno=0
[48.290996 pid=1940 tid=1955] BPF_LINK_CREATE prog_fd=180 target_fd=598 attach_type=41 flags=0
[48.291483 pid=1940 tid=1955] BPF_PERF_EVENT target retained target_fd=598 hold_fd=600 link_fd=599
[48.291998 pid=1940 tid=1955] BPF_TASK_FD_QUERY target_fd=598 attach_type=41 -> ret=0 errno=0 fd_type=4 prog_id=43 probe_offset=28912448 probe_addr=0 symbol=/proc/self/exe
[48.292616 pid=1940 tid=1955]   LINK_CREATE -> fd=599 errno=0 kernel_link_id=109
[48.292930 pid=1940 tid=1955] PERF_EVENT_IOC_ENABLE event_fd=598
[48.295511 pid=1940 tid=1955] perf_event_open type=8 config=1 config1=140246721262672 config2=0 pid=-1 cpu=0 group_fd=-1 flags=8 kprobe_func=__x64_sys_dup3 kprobe_addr=0 -> fd=597 errno=0
[48.295957 pid=1940 tid=1955] BPF_LINK_CREATE prog_fd=169 target_fd=597 attach_type=41 flags=0
[48.296307 pid=1940 tid=1955] BPF_PERF_EVENT target retained target_fd=597 hold_fd=602 link_fd=601
[48.296628 pid=1940 tid=1955] BPF_TASK_FD_QUERY target_fd=597 attach_type=41 -> ret=0 errno=0 fd_type=3 prog_id=32 probe_offset=0 probe_addr=18446744072491707312 symbol=__x64_sys_dup3
[48.296915 pid=1940 tid=1955]   LINK_CREATE -> fd=601 errno=0 kernel_link_id=110
[48.297183 pid=1940 tid=1955] PERF_EVENT_IOC_ENABLE event_fd=597
[48.298347 pid=1940 tid=1955] perf_event_open type=8 config=1 config1=140246721262672 config2=0 pid=-1 cpu=0 group_fd=-1 flags=8 kprobe_func=__ia32_sys_dup3 kprobe_addr=0 -> fd=603 errno=0
[48.298667 pid=1940 tid=1955] BPF_LINK_CREATE prog_fd=169 target_fd=603 attach_type=41 flags=0
[48.298998 pid=1940 tid=1955] BPF_PERF_EVENT target retained target_fd=603 hold_fd=605 link_fd=604
[48.299132 pid=1940 tid=1955] BPF_TASK_FD_QUERY target_fd=603 attach_type=41 -> ret=0 errno=0 fd_type=3 prog_id=32 probe_offset=0 probe_addr=18446744072491707360 symbol=__ia32_sys_dup3
[48.299347 pid=1940 tid=1955]   LINK_CREATE -> fd=604 errno=0 kernel_link_id=111
[48.299588 pid=1940 tid=1955] PERF_EVENT_IOC_ENABLE event_fd=603
[48.301724 pid=1940 tid=1955] perf_event_open type=8 config=0 config1=140246721262672 config2=0 pid=-1 cpu=0 group_fd=-1 flags=8 kprobe_func=sock_alloc_file kprobe_addr=0 -> fd=606 errno=0
[48.301959 pid=1940 tid=1955] BPF_LINK_CREATE prog_fd=285 target_fd=606 attach_type=41 flags=0
[48.302174 pid=1940 tid=1955] BPF_PERF_EVENT target retained target_fd=606 hold_fd=608 link_fd=607
[48.302380 pid=1940 tid=1955] BPF_TASK_FD_QUERY target_fd=606 attach_type=41 -> ret=0 errno=0 fd_type=2 prog_id=148 probe_offset=0 probe_addr=18446744072498455184 symbol=sock_alloc_file
[48.302638 pid=1940 tid=1955]   LINK_CREATE -> fd=607 errno=0 kernel_link_id=112
[48.302842 pid=1940 tid=1955] PERF_EVENT_IOC_ENABLE event_fd=606
[48.305732 pid=1940 tid=1955] perf_event_open type=8 config=0 config1=140246721262672 config2=0 pid=-1 cpu=0 group_fd=-1 flags=8 kprobe_func=call_usermodehelper kprobe_addr=0 -> fd=609 errno=0
[48.305845 pid=1940 tid=1955] BPF_LINK_CREATE prog_fd=194 target_fd=609 attach_type=41 flags=0
[48.306027 pid=1940 tid=1955] BPF_PERF_EVENT target retained target_fd=609 hold_fd=611 link_fd=610
[48.306123 pid=1940 tid=1955] BPF_TASK_FD_QUERY target_fd=609 attach_type=41 -> ret=0 errno=0 fd_type=2 prog_id=57 probe_offset=0 probe_addr=18446744072487827728 symbol=call_usermodehelper
[48.306318 pid=1940 tid=1955]   LINK_CREATE -> fd=610 errno=0 kernel_link_id=113
[48.306547 pid=1940 tid=1955] PERF_EVENT_IOC_ENABLE event_fd=609
[48.306750 pid=1940 tid=1955] BPF_RAW_TRACEPOINT_OPEN name=sched_process_fork prog_fd=176
[48.307680 pid=1940 tid=1955]   RAW_TRACEPOINT_OPEN -> fd=612 errno=0
[48.310545 pid=1940 tid=1955] perf_event_open type=8 config=0 config1=140246721262672 config2=0 pid=-1 cpu=0 group_fd=-1 flags=8 kprobe_func=security_socket_sendmsg kprobe_addr=0 -> fd=613 errno=0
[48.310775 pid=1940 tid=1955] BPF_LINK_CREATE prog_fd=289 target_fd=613 attach_type=41 flags=0
[48.310880 pid=1940 tid=1955] BPF_PERF_EVENT target retained target_fd=613 hold_fd=615 link_fd=614
[48.311071 pid=1940 tid=1955] BPF_TASK_FD_QUERY target_fd=613 attach_type=41 -> ret=0 errno=0 fd_type=2 prog_id=152 probe_offset=0 probe_addr=18446744072494453184 symbol=security_socket_sendmsg
[48.311270 pid=1940 tid=1955]   LINK_CREATE -> fd=614 errno=0 kernel_link_id=115
[48.311479 pid=1940 tid=1955] PERF_EVENT_IOC_ENABLE event_fd=613
[48.314374 pid=1940 tid=1955] perf_event_open type=8 config=1 config1=140246721262672 config2=0 pid=-1 cpu=0 group_fd=-1 flags=8 kprobe_func=__x64_sys_execveat kprobe_addr=0 -> fd=616 errno=0
[48.314582 pid=1940 tid=1955] BPF_LINK_CREATE prog_fd=276 target_fd=616 attach_type=41 flags=0
[48.314821 pid=1940 tid=1955] BPF_PERF_EVENT target retained target_fd=616 hold_fd=618 link_fd=617
[48.315047 pid=1940 tid=1955] BPF_TASK_FD_QUERY target_fd=616 attach_type=41 -> ret=0 errno=0 fd_type=3 prog_id=139 probe_offset=0 probe_addr=18446744072491568208 symbol=__x64_sys_execveat
[48.315171 pid=1940 tid=1955]   LINK_CREATE -> fd=617 errno=0 kernel_link_id=116
[48.315367 pid=1940 tid=1955] PERF_EVENT_IOC_ENABLE event_fd=616
[48.315822 pid=1940 tid=1955] perf_event_open type=8 config=0 config1=140246721262672 config2=0 pid=-1 cpu=0 group_fd=-1 flags=8 kprobe_func=register_kprobe kprobe_addr=0 -> fd=619 errno=0
[48.315927 pid=1940 tid=1955] BPF_LINK_CREATE prog_fd=247 target_fd=619 attach_type=41 flags=0
[48.316034 pid=1940 tid=1955] BPF_PERF_EVENT target retained target_fd=619 hold_fd=621 link_fd=620
[48.316260 pid=1940 tid=1955] BPF_TASK_FD_QUERY target_fd=619 attach_type=41 -> ret=0 errno=0 fd_type=2 prog_id=110 probe_offset=0 probe_addr=18446744072489088592 symbol=register_kprobe
[48.316488 pid=1940 tid=1955]   LINK_CREATE -> fd=620 errno=0 kernel_link_id=117
[48.316702 pid=1940 tid=1955] PERF_EVENT_IOC_ENABLE event_fd=619
[48.319658 pid=1940 tid=1955] perf_event_open type=8 config=0 config1=140246721262672 config2=0 pid=-1 cpu=0 group_fd=-1 flags=8 kprobe_func=security_inode_symlink kprobe_addr=0 -> fd=622 errno=0
[48.319823 pid=1940 tid=1955] BPF_LINK_CREATE prog_fd=209 target_fd=622 attach_type=41 flags=0
[48.319925 pid=1940 tid=1955] BPF_PERF_EVENT target retained target_fd=622 hold_fd=624 link_fd=623
[48.320174 pid=1940 tid=1955] BPF_TASK_FD_QUERY target_fd=622 attach_type=41 -> ret=0 errno=0 fd_type=2 prog_id=72 probe_offset=0 probe_addr=18446744072494429952 symbol=security_inode_symlink
[48.320355 pid=1940 tid=1955]   LINK_CREATE -> fd=623 errno=0 kernel_link_id=118
[48.320593 pid=1940 tid=1955] PERF_EVENT_IOC_ENABLE event_fd=622
[48.323550 pid=1940 tid=1955] perf_event_open type=8 config=0 config1=140246721243024 config2=0 pid=-1 cpu=0 group_fd=-1 flags=8 kprobe_func=security_socket_setsockopt kprobe_addr=0 -> fd=625 errno=0
[48.323777 pid=1940 tid=1955] BPF_LINK_CREATE prog_fd=217 target_fd=625 attach_type=41 flags=0
[48.324122 pid=1940 tid=1955] BPF_PERF_EVENT target retained target_fd=625 hold_fd=627 link_fd=626
[48.324239 pid=1940 tid=1955] BPF_TASK_FD_QUERY target_fd=625 attach_type=41 -> ret=0 errno=0 fd_type=2 prog_id=80 probe_offset=0 probe_addr=18446744072494454304 symbol=security_socket_setsockopt
[48.324427 pid=1940 tid=1955]   LINK_CREATE -> fd=626 errno=0 kernel_link_id=119
[48.324671 pid=1940 tid=1955] PERF_EVENT_IOC_ENABLE event_fd=625
[48.327827 pid=1940 tid=1955] perf_event_open type=8 config=1 config1=140246721279040 config2=0 pid=-1 cpu=0 group_fd=-1 flags=8 kprobe_func=__x64_sys_dup2 kprobe_addr=0 -> fd=628 errno=0
[48.328067 pid=1940 tid=1955] BPF_LINK_CREATE prog_fd=167 target_fd=628 attach_type=41 flags=0
[48.328176 pid=1940 tid=1955] BPF_PERF_EVENT target retained target_fd=628 hold_fd=630 link_fd=629
[48.328273 pid=1940 tid=1955] BPF_TASK_FD_QUERY target_fd=628 attach_type=41 -> ret=0 errno=0 fd_type=3 prog_id=30 probe_offset=0 probe_addr=18446744072491707600 symbol=__x64_sys_dup2
[48.328337 pid=1940 tid=1955]   LINK_CREATE -> fd=629 errno=0 kernel_link_id=120
[48.328527 pid=1940 tid=1955] PERF_EVENT_IOC_ENABLE event_fd=628
[48.330983 pid=1940 tid=1955] perf_event_open type=8 config=1 config1=140246721279040 config2=0 pid=-1 cpu=0 group_fd=-1 flags=8 kprobe_func=__ia32_sys_dup2 kprobe_addr=0 -> fd=631 errno=0
[48.331225 pid=1940 tid=1955] BPF_LINK_CREATE prog_fd=167 target_fd=631 attach_type=41 flags=0
[48.331460 pid=1940 tid=1955] BPF_PERF_EVENT target retained target_fd=631 hold_fd=633 link_fd=632
[48.331677 pid=1940 tid=1955] BPF_TASK_FD_QUERY target_fd=631 attach_type=41 -> ret=0 errno=0 fd_type=3 prog_id=30 probe_offset=0 probe_addr=18446744072491707408 symbol=__ia32_sys_dup2
[48.331780 pid=1940 tid=1955]   LINK_CREATE -> fd=632 errno=0 kernel_link_id=121
[48.332023 pid=1940 tid=1955] PERF_EVENT_IOC_ENABLE event_fd=631
[48.333208 pid=1940 tid=1955] perf_event_open type=8 config=0 config1=140246721279040 config2=0 pid=-1 cpu=0 group_fd=-1 flags=8 kprobe_func=__register_chrdev kprobe_addr=0 -> fd=634 errno=0
[48.333484 pid=1940 tid=1955] BPF_LINK_CREATE prog_fd=253 target_fd=634 attach_type=41 flags=0
[48.333699 pid=1940 tid=1955] BPF_PERF_EVENT target retained target_fd=634 hold_fd=636 link_fd=635
[48.333807 pid=1940 tid=1955] BPF_TASK_FD_QUERY target_fd=634 attach_type=41 -> ret=0 errno=0 fd_type=2 prog_id=116 probe_offset=0 probe_addr=18446744072491548384 symbol=__register_chrdev
[48.333900 pid=1940 tid=1955]   LINK_CREATE -> fd=635 errno=0 kernel_link_id=122
[48.334086 pid=1940 tid=1955] PERF_EVENT_IOC_ENABLE event_fd=634
[48.364819 pid=1940 tid=1954] perf_event_open type=9 config=0 config1=140246922562752 config2=29045248 pid=-1 cpu=0 group_fd=-1 flags=8 uprobe_path=/proc/self/exe probe_offset=29045248 -> fd=638 errno=0
[48.365188 pid=1940 tid=1954] BPF_LINK_CREATE prog_fd=297 target_fd=638 attach_type=41 flags=0
[48.365418 pid=1940 tid=1954] BPF_PERF_EVENT target retained target_fd=638 hold_fd=640 link_fd=639
[48.365664 pid=1940 tid=1954] BPF_TASK_FD_QUERY target_fd=638 attach_type=41 -> ret=0 errno=0 fd_type=4 prog_id=161 probe_offset=29045248 probe_addr=0 symbol=/proc/self/exe
[48.365976 pid=1940 tid=1954]   LINK_CREATE -> fd=639 errno=0 kernel_link_id=123
[48.366138 pid=1940 tid=1954] PERF_EVENT_IOC_ENABLE event_fd=638
[48.368344 pid=1940 tid=1954] BPF_RAW_TRACEPOINT_OPEN name=sched_process_exit prog_fd=189
[48.368757 pid=1940 tid=1954]   RAW_TRACEPOINT_OPEN -> fd=637 errno=0
[48.369025 pid=1940 tid=1954] BPF_RAW_TRACEPOINT_OPEN name=sys_enter prog_fd=24
[48.369540 pid=1940 tid=1954]   RAW_TRACEPOINT_OPEN -> fd=641 errno=0
[48.369653 pid=1940 tid=1954] BPF_RAW_TRACEPOINT_OPEN name=module_free prog_fd=258
[48.369873 pid=1940 tid=1954]   RAW_TRACEPOINT_OPEN -> fd=642 errno=0
[48.370912 pid=1940 tid=1954] perf_event_open type=8 config=0 config1=140246922562752 config2=0 pid=-1 cpu=0 group_fd=-1 flags=8 kprobe_func=__x64_sys_dup kprobe_addr=0 -> fd=643 errno=0
[48.371173 pid=1940 tid=1954] BPF_LINK_CREATE prog_fd=164 target_fd=643 attach_type=41 flags=0
[48.371396 pid=1940 tid=1954] BPF_PERF_EVENT target retained target_fd=643 hold_fd=645 link_fd=644
[48.371677 pid=1940 tid=1954] BPF_TASK_FD_QUERY target_fd=643 attach_type=41 -> ret=0 errno=0 fd_type=2 prog_id=27 probe_offset=0 probe_addr=18446744072491706544 symbol=__x64_sys_dup
[48.371826 pid=1940 tid=1954]   LINK_CREATE -> fd=644 errno=0 kernel_link_id=127
[48.372067 pid=1940 tid=1954] PERF_EVENT_IOC_ENABLE event_fd=643
[48.373221 pid=1940 tid=1954] perf_event_open type=8 config=0 config1=140246922562752 config2=0 pid=-1 cpu=0 group_fd=-1 flags=8 kprobe_func=__ia32_sys_dup kprobe_addr=0 -> fd=646 errno=0
[48.373545 pid=1940 tid=1954] BPF_LINK_CREATE prog_fd=164 target_fd=646 attach_type=41 flags=0
[48.373744 pid=1940 tid=1954] BPF_PERF_EVENT target retained target_fd=646 hold_fd=648 link_fd=647
[48.373954 pid=1940 tid=1954] BPF_TASK_FD_QUERY target_fd=646 attach_type=41 -> ret=0 errno=0 fd_type=2 prog_id=27 probe_offset=0 probe_addr=18446744072491706304 symbol=__ia32_sys_dup
[48.374199 pid=1940 tid=1954]   LINK_CREATE -> fd=647 errno=0 kernel_link_id=128
[48.374297 pid=1940 tid=1954] PERF_EVENT_IOC_ENABLE event_fd=646
[48.378685 pid=1940 tid=1954] perf_event_open type=8 config=0 config1=140246922562752 config2=0 pid=-1 cpu=0 group_fd=-1 flags=8 kprobe_func=vfs_utimes kprobe_addr=0 -> fd=649 errno=0
[48.378916 pid=1940 tid=1954] BPF_LINK_CREATE prog_fd=268 target_fd=649 attach_type=41 flags=0
[48.379204 pid=1940 tid=1954] BPF_PERF_EVENT target retained target_fd=649 hold_fd=651 link_fd=650
[48.379414 pid=1940 tid=1954] BPF_TASK_FD_QUERY target_fd=649 attach_type=41 -> ret=0 errno=0 fd_type=2 prog_id=131 probe_offset=0 probe_addr=18446744072491868288 symbol=vfs_utimes
[48.379597 pid=1940 tid=1954]   LINK_CREATE -> fd=650 errno=0 kernel_link_id=129
[48.379695 pid=1940 tid=1954] PERF_EVENT_IOC_ENABLE event_fd=649
[48.380595 pid=1940 tid=1954] perf_event_open type=8 config=0 config1=140246922562752 config2=0 pid=-1 cpu=0 group_fd=-1 flags=8 kprobe_func=__x64_sys_dup2 kprobe_addr=0 -> fd=652 errno=0
[48.380790 pid=1940 tid=1954] BPF_LINK_CREATE prog_fd=166 target_fd=652 attach_type=41 flags=0
[48.380893 pid=1940 tid=1954] BPF_PERF_EVENT target retained target_fd=652 hold_fd=654 link_fd=653
[48.381090 pid=1940 tid=1954] BPF_TASK_FD_QUERY target_fd=652 attach_type=41 -> ret=0 errno=0 fd_type=2 prog_id=29 probe_offset=0 probe_addr=18446744072491707600 symbol=__x64_sys_dup2
[48.381274 pid=1940 tid=1954]   LINK_CREATE -> fd=653 errno=0 kernel_link_id=130
[48.381470 pid=1940 tid=1954] PERF_EVENT_IOC_ENABLE event_fd=652
[48.382333 pid=1940 tid=1954] perf_event_open type=8 config=0 config1=140246922562752 config2=0 pid=-1 cpu=0 group_fd=-1 flags=8 kprobe_func=__ia32_sys_dup2 kprobe_addr=0 -> fd=655 errno=0
[48.382442 pid=1940 tid=1954] BPF_LINK_CREATE prog_fd=166 target_fd=655 attach_type=41 flags=0
[48.382653 pid=1940 tid=1954] BPF_PERF_EVENT target retained target_fd=655 hold_fd=657 link_fd=656
[48.382931 pid=1940 tid=1954] BPF_TASK_FD_QUERY target_fd=655 attach_type=41 -> ret=0 errno=0 fd_type=2 prog_id=29 probe_offset=0 probe_addr=18446744072491707408 symbol=__ia32_sys_dup2
[48.383145 pid=1940 tid=1954]   LINK_CREATE -> fd=656 errno=0 kernel_link_id=131
[48.383358 pid=1940 tid=1954] PERF_EVENT_IOC_ENABLE event_fd=655
[48.411317 pid=1940 tid=1954] perf_event_open type=9 config=0 config1=140246922562752 config2=28915328 pid=-1 cpu=0 group_fd=-1 flags=8 uprobe_path=/proc/self/exe probe_offset=28915328 -> fd=659 errno=0
[48.411561 pid=1940 tid=1954] BPF_LINK_CREATE prog_fd=196 target_fd=659 attach_type=41 flags=0
[48.411742 pid=1940 tid=1954] BPF_PERF_EVENT target retained target_fd=659 hold_fd=661 link_fd=660
[48.411945 pid=1940 tid=1954] BPF_TASK_FD_QUERY target_fd=659 attach_type=41 -> ret=0 errno=0 fd_type=4 prog_id=59 probe_offset=28915328 probe_addr=0 symbol=/proc/self/exe
[48.412195 pid=1940 tid=1954]   LINK_CREATE -> fd=660 errno=0 kernel_link_id=132
[48.412460 pid=1940 tid=1954] PERF_EVENT_IOC_ENABLE event_fd=659
[48.417477 pid=1940 tid=1954] perf_event_open type=8 config=1 config1=140246922562752 config2=0 pid=-1 cpu=0 group_fd=-1 flags=8 kprobe_func=__x64_sys_execve kprobe_addr=0 -> fd=658 errno=0
[48.417704 pid=1940 tid=1954] BPF_LINK_CREATE prog_fd=276 target_fd=658 attach_type=41 flags=0
[48.417810 pid=1940 tid=1954] BPF_PERF_EVENT target retained target_fd=658 hold_fd=663 link_fd=662
[48.418007 pid=1940 tid=1954] BPF_TASK_FD_QUERY target_fd=658 attach_type=41 -> ret=0 errno=0 fd_type=3 prog_id=139 probe_offset=0 probe_addr=18446744072491568320 symbol=__x64_sys_execve
[48.418275 pid=1940 tid=1954]   LINK_CREATE -> fd=662 errno=0 kernel_link_id=133
[48.418644 pid=1940 tid=1954] PERF_EVENT_IOC_ENABLE event_fd=658
[48.421527 pid=1940 tid=1954] perf_event_open type=8 config=0 config1=140246922562752 config2=18446744072492148320 pid=-1 cpu=0 group_fd=-1 flags=8 kprobe_func= kprobe_addr=18446744072492148320 -> fd=664 errno=0
[48.421664 pid=1940 tid=1954] BPF_LINK_CREATE prog_fd=261 target_fd=664 attach_type=41 flags=0
[48.421768 pid=1940 tid=1954] BPF_PERF_EVENT target retained target_fd=664 hold_fd=666 link_fd=665
[48.421997 pid=1940 tid=1954] BPF_TASK_FD_QUERY target_fd=664 attach_type=41 -> ret=0 errno=0 fd_type=2 prog_id=124 probe_offset=0 probe_addr=18446744072492148320 symbol=
[48.422202 pid=1940 tid=1954]   LINK_CREATE -> fd=665 errno=0 kernel_link_id=134
[48.422296 pid=1940 tid=1954] PERF_EVENT_IOC_ENABLE event_fd=664
[48.424098 pid=1940 tid=1954] perf_event_open type=8 config=0 config1=140246922562752 config2=18446744072492137344 pid=-1 cpu=0 group_fd=-1 flags=8 kprobe_func= kprobe_addr=18446744072492137344 -> fd=667 errno=0
[48.424280 pid=1940 tid=1954] BPF_LINK_CREATE prog_fd=261 target_fd=667 attach_type=41 flags=0
[48.424399 pid=1940 tid=1954] BPF_PERF_EVENT target retained target_fd=667 hold_fd=669 link_fd=668
[48.424630 pid=1940 tid=1954] BPF_TASK_FD_QUERY target_fd=667 attach_type=41 -> ret=0 errno=0 fd_type=2 prog_id=124 probe_offset=0 probe_addr=18446744072492137344 symbol=
[48.424828 pid=1940 tid=1954]   LINK_CREATE -> fd=668 errno=0 kernel_link_id=135
[48.425118 pid=1940 tid=1954] PERF_EVENT_IOC_ENABLE event_fd=667
[48.425617 pid=1940 tid=1954] perf_event_open type=8 config=0 config1=140246922562752 config2=0 pid=-1 cpu=0 group_fd=-1 flags=8 kprobe_func=vfs_writev kprobe_addr=0 -> fd=670 errno=0
[48.425722 pid=1940 tid=1954] BPF_LINK_CREATE prog_fd=225 target_fd=670 attach_type=41 flags=0
[48.425827 pid=1940 tid=1954] BPF_PERF_EVENT target retained target_fd=670 hold_fd=672 link_fd=671
[48.425926 pid=1940 tid=1954] BPF_TASK_FD_QUERY target_fd=670 attach_type=41 -> ret=0 errno=0 fd_type=2 prog_id=88 probe_offset=0 probe_addr=18446744072491515552 symbol=vfs_writev
[48.426026 pid=1940 tid=1954]   LINK_CREATE -> fd=671 errno=0 kernel_link_id=136
[48.426125 pid=1940 tid=1954] PERF_EVENT_IOC_ENABLE event_fd=670
[48.429266 pid=1940 tid=1954] perf_event_open type=8 config=0 config1=140246922562752 config2=0 pid=-1 cpu=0 group_fd=-1 flags=8 kprobe_func=commit_creds kprobe_addr=0 -> fd=673 errno=0
[48.429504 pid=1940 tid=1954] BPF_LINK_CREATE prog_fd=205 target_fd=673 attach_type=41 flags=0
[48.429609 pid=1940 tid=1954] BPF_PERF_EVENT target retained target_fd=673 hold_fd=675 link_fd=674
[48.429787 pid=1940 tid=1954] BPF_TASK_FD_QUERY target_fd=673 attach_type=41 -> ret=0 errno=0 fd_type=2 prog_id=68 probe_offset=0 probe_addr=18446744072487937808 symbol=commit_creds
[48.430108 pid=1940 tid=1954]   LINK_CREATE -> fd=674 errno=0 kernel_link_id=137
[48.430448 pid=1940 tid=1954] PERF_EVENT_IOC_ENABLE event_fd=673
[48.433604 pid=1940 tid=1954] perf_event_open type=8 config=0 config1=140246922562752 config2=0 pid=-1 cpu=0 group_fd=-1 flags=8 kprobe_func=security_inode_mknod kprobe_addr=0 -> fd=676 errno=0
[48.433853 pid=1940 tid=1954] BPF_LINK_CREATE prog_fd=251 target_fd=676 attach_type=41 flags=0
[48.433989 pid=1940 tid=1954] BPF_PERF_EVENT target retained target_fd=676 hold_fd=678 link_fd=677
[48.434222 pid=1940 tid=1954] BPF_TASK_FD_QUERY target_fd=676 attach_type=41 -> ret=0 errno=0 fd_type=2 prog_id=114 probe_offset=0 probe_addr=18446744072494430400 symbol=security_inode_mknod
[48.434484 pid=1940 tid=1954]   LINK_CREATE -> fd=677 errno=0 kernel_link_id=138
[48.434947 pid=1940 tid=1954] PERF_EVENT_IOC_ENABLE event_fd=676
[48.435404 pid=1940 tid=1954] BPF_RAW_TRACEPOINT_OPEN name=cgroup_rmdir prog_fd=200
[48.435971 pid=1940 tid=1954]   RAW_TRACEPOINT_OPEN -> fd=679 errno=0
[48.438425 pid=1940 tid=1954] perf_event_open type=8 config=0 config1=140246922562752 config2=0 pid=-1 cpu=0 group_fd=-1 flags=8 kprobe_func=chmod_common kprobe_addr=0 -> fd=680 errno=0
[48.438663 pid=1940 tid=1954] BPF_LINK_CREATE prog_fd=281 target_fd=680 attach_type=41 flags=0
[48.438788 pid=1940 tid=1954] BPF_PERF_EVENT target retained target_fd=680 hold_fd=682 link_fd=681
[48.439170 pid=1940 tid=1954] BPF_TASK_FD_QUERY target_fd=680 attach_type=41 -> ret=0 errno=0 fd_type=2 prog_id=144 probe_offset=0 probe_addr=18446744072491501344 symbol=chmod_common
[48.439438 pid=1940 tid=1954]   LINK_CREATE -> fd=681 errno=0 kernel_link_id=140
[48.439657 pid=1940 tid=1954] PERF_EVENT_IOC_ENABLE event_fd=680
[48.442008 pid=1940 tid=1954] perf_event_open type=8 config=0 config1=140246922562752 config2=0 pid=-1 cpu=0 group_fd=-1 flags=8 kprobe_func=exec_binprm kprobe_addr=0 -> fd=683 errno=0
[48.442347 pid=1940 tid=1954] BPF_LINK_CREATE prog_fd=274 target_fd=683 attach_type=41 flags=0
[48.442765 pid=1940 tid=1954] BPF_PERF_EVENT target retained target_fd=683 hold_fd=685 link_fd=684
[48.442899 pid=1940 tid=1954] BPF_TASK_FD_QUERY target_fd=683 attach_type=41 -> ret=0 errno=0 fd_type=2 prog_id=137 probe_offset=0 probe_addr=18446744072491559760 symbol=exec_binprm
[48.443355 pid=1940 tid=1954]   LINK_CREATE -> fd=684 errno=0 kernel_link_id=141
[48.443801 pid=1940 tid=1954] PERF_EVENT_IOC_ENABLE event_fd=683
[48.444236 pid=1940 tid=1954] BPF_MAP_UPDATE_ELEM prog_array name=sys_enter_tails map_fd=14 map_id=127 key=322 prog_fd=172 prog_id=35 flags=0 ret=0 errno=0
[48.444634 pid=1940 tid=1954] native-loader jit-info prog_array-target fd=172 id=35 type=17 name=syscall__execve tag=6b1d44cf8ba2bb0e jited_len=23045 xlated_len=34000 nr_jited_ksyms=1 ksym0=0xffffffffc042e424 ksym1=0x0
[48.444835 pid=1940 tid=1954] BPF_MAP_UPDATE_ELEM prog_array name=prog_array_tp map_fd=29 map_id=142 key=5 prog_fd=187 prog_id=50 flags=0 ret=0 errno=0
[48.445022 pid=1940 tid=1954] native-loader jit-info prog_array-target fd=187 id=50 type=17 name=sched_process_e tag=a6fd99aa1466e79e jited_len=22751 xlated_len=37416 nr_jited_ksyms=1 ksym0=0xffffffffc047a458 ksym1=0x0
[48.445137 pid=1940 tid=1954] BPF_MAP_UPDATE_ELEM prog_array name=sys_exit_init_t map_fd=16 map_id=129 key=0 prog_fd=69 prog_id=17 flags=0 ret=0 errno=0
[48.445453 pid=1940 tid=1954] native-loader jit-info prog_array-target fd=69 id=17 type=17 name=sys_exit_init tag=52c42200436dc579 jited_len=2103 xlated_len=3800 nr_jited_ksyms=1 ksym0=0xffffffffc0406a10 ksym1=0x0
[48.445555 pid=1940 tid=1954] BPF_MAP_UPDATE_ELEM prog_array name=sys_exit_init_t map_fd=16 map_id=129 key=1 prog_fd=69 prog_id=17 flags=0 ret=0 errno=0
[48.445640 pid=1940 tid=1954] native-loader jit-info prog_array-target fd=69 id=17 type=17 name=sys_exit_init tag=52c42200436dc579 jited_len=2103 xlated_len=3800 nr_jited_ksyms=1 ksym0=0xffffffffc0406a10 ksym1=0x0
[48.445830 pid=1940 tid=1954] BPF_MAP_UPDATE_ELEM prog_array name=sys_exit_init_t map_fd=16 map_id=129 key=2 prog_fd=69 prog_id=17 flags=0 ret=0 errno=0
[48.446002 pid=1940 tid=1954] native-loader jit-info prog_array-target fd=69 id=17 type=17 name=sys_exit_init tag=52c42200436dc579 jited_len=2103 xlated_len=3800 nr_jited_ksyms=1 ksym0=0xffffffffc0406a10 ksym1=0x0
[48.446113 pid=1940 tid=1954] BPF_MAP_UPDATE_ELEM prog_array name=sys_exit_init_t map_fd=16 map_id=129 key=3 prog_fd=69 prog_id=17 flags=0 ret=0 errno=0
[48.446214 pid=1940 tid=1954] native-loader jit-info prog_array-target fd=69 id=17 type=17 name=sys_exit_init tag=52c42200436dc579 jited_len=2103 xlated_len=3800 nr_jited_ksyms=1 ksym0=0xffffffffc0406a10 ksym1=0x0
[48.446325 pid=1940 tid=1954] BPF_MAP_UPDATE_ELEM prog_array name=sys_exit_init_t map_fd=16 map_id=129 key=4 prog_fd=69 prog_id=17 flags=0 ret=0 errno=0
[48.446548 pid=1940 tid=1954] native-loader jit-info prog_array-target fd=69 id=17 type=17 name=sys_exit_init tag=52c42200436dc579 jited_len=2103 xlated_len=3800 nr_jited_ksyms=1 ksym0=0xffffffffc0406a10 ksym1=0x0
[48.447044 pid=1940 tid=1954] BPF_MAP_UPDATE_ELEM prog_array name=sys_exit_init_t map_fd=16 map_id=129 key=5 prog_fd=69 prog_id=17 flags=0 ret=0 errno=0
[48.447155 pid=1940 tid=1954] native-loader jit-info prog_array-target fd=69 id=17 type=17 name=sys_exit_init tag=52c42200436dc579 jited_len=2103 xlated_len=3800 nr_jited_ksyms=1 ksym0=0xffffffffc0406a10 ksym1=0x0
[48.447264 pid=1940 tid=1954] BPF_MAP_UPDATE_ELEM prog_array name=sys_exit_init_t map_fd=16 map_id=129 key=6 prog_fd=69 prog_id=17 flags=0 ret=0 errno=0
[48.447367 pid=1940 tid=1954] native-loader jit-info prog_array-target fd=69 id=17 type=17 name=sys_exit_init tag=52c42200436dc579 jited_len=2103 xlated_len=3800 nr_jited_ksyms=1 ksym0=0xffffffffc0406a10 ksym1=0x0
[48.447470 pid=1940 tid=1954] BPF_MAP_UPDATE_ELEM prog_array name=sys_exit_init_t map_fd=16 map_id=129 key=7 prog_fd=69 prog_id=17 flags=0 ret=0 errno=0
[48.447571 pid=1940 tid=1954] native-loader jit-info prog_array-target fd=69 id=17 type=17 name=sys_exit_init tag=52c42200436dc579 jited_len=2103 xlated_len=3800 nr_jited_ksyms=1 ksym0=0xffffffffc0406a10 ksym1=0x0
[48.447675 pid=1940 tid=1954] BPF_MAP_UPDATE_ELEM prog_array name=sys_exit_init_t map_fd=16 map_id=129 key=8 prog_fd=69 prog_id=17 flags=0 ret=0 errno=0
[48.447777 pid=1940 tid=1954] native-loader jit-info prog_array-target fd=69 id=17 type=17 name=sys_exit_init tag=52c42200436dc579 jited_len=2103 xlated_len=3800 nr_jited_ksyms=1 ksym0=0xffffffffc0406a10 ksym1=0x0
[48.447878 pid=1940 tid=1954] BPF_MAP_UPDATE_ELEM prog_array name=sys_exit_init_t map_fd=16 map_id=129 key=9 prog_fd=69 prog_id=17 flags=0 ret=0 errno=0
[48.447982 pid=1940 tid=1954] native-loader jit-info prog_array-target fd=69 id=17 type=17 name=sys_exit_init tag=52c42200436dc579 jited_len=2103 xlated_len=3800 nr_jited_ksyms=1 ksym0=0xffffffffc0406a10 ksym1=0x0
[48.448153 pid=1940 tid=1954] BPF_MAP_UPDATE_ELEM prog_array name=sys_exit_init_t map_fd=16 map_id=129 key=10 prog_fd=69 prog_id=17 flags=0 ret=0 errno=0
[48.448324 pid=1940 tid=1954] native-loader jit-info prog_array-target fd=69 id=17 type=17 name=sys_exit_init tag=52c42200436dc579 jited_len=2103 xlated_len=3800 nr_jited_ksyms=1 ksym0=0xffffffffc0406a10 ksym1=0x0
[48.448433 pid=1940 tid=1954] BPF_MAP_UPDATE_ELEM prog_array name=sys_exit_init_t map_fd=16 map_id=129 key=11 prog_fd=69 prog_id=17 flags=0 ret=0 errno=0
[48.448532 pid=1940 tid=1954] native-loader jit-info prog_array-target fd=69 id=17 type=17 name=sys_exit_init tag=52c42200436dc579 jited_len=2103 xlated_len=3800 nr_jited_ksyms=1 ksym0=0xffffffffc0406a10 ksym1=0x0
[48.448633 pid=1940 tid=1954] BPF_MAP_UPDATE_ELEM prog_array name=sys_exit_init_t map_fd=16 map_id=129 key=12 prog_fd=69 prog_id=17 flags=0 ret=0 errno=0
[48.448732 pid=1940 tid=1954] native-loader jit-info prog_array-target fd=69 id=17 type=17 name=sys_exit_init tag=52c42200436dc579 jited_len=2103 xlated_len=3800 nr_jited_ksyms=1 ksym0=0xffffffffc0406a10 ksym1=0x0
[48.448834 pid=1940 tid=1954] BPF_MAP_UPDATE_ELEM prog_array name=sys_exit_init_t map_fd=16 map_id=129 key=13 prog_fd=69 prog_id=17 flags=0 ret=0 errno=0
[48.448938 pid=1940 tid=1954] native-loader jit-info prog_array-target fd=69 id=17 type=17 name=sys_exit_init tag=52c42200436dc579 jited_len=2103 xlated_len=3800 nr_jited_ksyms=1 ksym0=0xffffffffc0406a10 ksym1=0x0
[48.449040 pid=1940 tid=1954] BPF_MAP_UPDATE_ELEM prog_array name=sys_exit_init_t map_fd=16 map_id=129 key=14 prog_fd=69 prog_id=17 flags=0 ret=0 errno=0
[48.449202 pid=1940 tid=1954] native-loader jit-info prog_array-target fd=69 id=17 type=17 name=sys_exit_init tag=52c42200436dc579 jited_len=2103 xlated_len=3800 nr_jited_ksyms=1 ksym0=0xffffffffc0406a10 ksym1=0x0
[48.449311 pid=1940 tid=1954] BPF_MAP_UPDATE_ELEM prog_array name=sys_exit_init_t map_fd=16 map_id=129 key=15 prog_fd=69 prog_id=17 flags=0 ret=0 errno=0
[48.449476 pid=1940 tid=1954] native-loader jit-info prog_array-target fd=69 id=17 type=17 name=sys_exit_init tag=52c42200436dc579 jited_len=2103 xlated_len=3800 nr_jited_ksyms=1 ksym0=0xffffffffc0406a10 ksym1=0x0
[48.449684 pid=1940 tid=1954] BPF_MAP_UPDATE_ELEM prog_array name=sys_exit_init_t map_fd=16 map_id=129 key=16 prog_fd=69 prog_id=17 flags=0 ret=0 errno=0
[48.449905 pid=1940 tid=1954] native-loader jit-info prog_array-target fd=69 id=17 type=17 name=sys_exit_init tag=52c42200436dc579 jited_len=2103 xlated_len=3800 nr_jited_ksyms=1 ksym0=0xffffffffc0406a10 ksym1=0x0
[48.450012 pid=1940 tid=1954] BPF_MAP_UPDATE_ELEM prog_array name=sys_exit_init_t map_fd=16 map_id=129 key=17 prog_fd=69 prog_id=17 flags=0 ret=0 errno=0
[48.450109 pid=1940 tid=1954] native-loader jit-info prog_array-target fd=69 id=17 type=17 name=sys_exit_init tag=52c42200436dc579 jited_len=2103 xlated_len=3800 nr_jited_ksyms=1 ksym0=0xffffffffc0406a10 ksym1=0x0
[48.450209 pid=1940 tid=1954] BPF_MAP_UPDATE_ELEM prog_array name=sys_exit_init_t map_fd=16 map_id=129 key=18 prog_fd=69 prog_id=17 flags=0 ret=0 errno=0
[48.450308 pid=1940 tid=1954] native-loader jit-info prog_array-target fd=69 id=17 type=17 name=sys_exit_init tag=52c42200436dc579 jited_len=2103 xlated_len=3800 nr_jited_ksyms=1 ksym0=0xffffffffc0406a10 ksym1=0x0
[48.450410 pid=1940 tid=1954] BPF_MAP_UPDATE_ELEM prog_array name=sys_exit_init_t map_fd=16 map_id=129 key=19 prog_fd=69 prog_id=17 flags=0 ret=0 errno=0
[48.450510 pid=1940 tid=1954] native-loader jit-info prog_array-target fd=69 id=17 type=17 name=sys_exit_init tag=52c42200436dc579 jited_len=2103 xlated_len=3800 nr_jited_ksyms=1 ksym0=0xffffffffc0406a10 ksym1=0x0
[48.450776 pid=1940 tid=1954] BPF_MAP_UPDATE_ELEM prog_array name=sys_exit_init_t map_fd=16 map_id=129 key=20 prog_fd=69 prog_id=17 flags=0 ret=0 errno=0
[48.450883 pid=1940 tid=1954] native-loader jit-info prog_array-target fd=69 id=17 type=17 name=sys_exit_init tag=52c42200436dc579 jited_len=2103 xlated_len=3800 nr_jited_ksyms=1 ksym0=0xffffffffc0406a10 ksym1=0x0
[48.450992 pid=1940 tid=1954] BPF_MAP_UPDATE_ELEM prog_array name=sys_exit_init_t map_fd=16 map_id=129 key=21 prog_fd=69 prog_id=17 flags=0 ret=0 errno=0
[48.451101 pid=1940 tid=1954] native-loader jit-info prog_array-target fd=69 id=17 type=17 name=sys_exit_init tag=52c42200436dc579 jited_len=2103 xlated_len=3800 nr_jited_ksyms=1 ksym0=0xffffffffc0406a10 ksym1=0x0
[48.451212 pid=1940 tid=1954] BPF_MAP_UPDATE_ELEM prog_array name=sys_exit_init_t map_fd=16 map_id=129 key=22 prog_fd=69 prog_id=17 flags=0 ret=0 errno=0
[48.451322 pid=1940 tid=1954] native-loader jit-info prog_array-target fd=69 id=17 type=17 name=sys_exit_init tag=52c42200436dc579 jited_len=2103 xlated_len=3800 nr_jited_ksyms=1 ksym0=0xffffffffc0406a10 ksym1=0x0
[48.451427 pid=1940 tid=1954] BPF_MAP_UPDATE_ELEM prog_array name=sys_exit_init_t map_fd=16 map_id=129 key=23 prog_fd=69 prog_id=17 flags=0 ret=0 errno=0
[48.451524 pid=1940 tid=1954] native-loader jit-info prog_array-target fd=69 id=17 type=17 name=sys_exit_init tag=52c42200436dc579 jited_len=2103 xlated_len=3800 nr_jited_ksyms=1 ksym0=0xffffffffc0406a10 ksym1=0x0
[48.451625 pid=1940 tid=1954] BPF_MAP_UPDATE_ELEM prog_array name=sys_exit_init_t map_fd=16 map_id=129 key=24 prog_fd=69 prog_id=17 flags=0 ret=0 errno=0
[48.451694 pid=1940 tid=1954] native-loader jit-info prog_array-target fd=69 id=17 type=17 name=sys_exit_init tag=52c42200436dc579 jited_len=2103 xlated_len=3800 nr_jited_ksyms=1 ksym0=0xffffffffc0406a10 ksym1=0x0
[48.451766 pid=1940 tid=1954] BPF_MAP_UPDATE_ELEM prog_array name=sys_exit_init_t map_fd=16 map_id=129 key=25 prog_fd=69 prog_id=17 flags=0 ret=0 errno=0
[48.451864 pid=1940 tid=1954] native-loader jit-info prog_array-target fd=69 id=17 type=17 name=sys_exit_init tag=52c42200436dc579 jited_len=2103 xlated_len=3800 nr_jited_ksyms=1 ksym0=0xffffffffc0406a10 ksym1=0x0
[48.451968 pid=1940 tid=1954] BPF_MAP_UPDATE_ELEM prog_array name=sys_exit_init_t map_fd=16 map_id=129 key=26 prog_fd=69 prog_id=17 flags=0 ret=0 errno=0
[48.452067 pid=1940 tid=1954] native-loader jit-info prog_array-target fd=69 id=17 type=17 name=sys_exit_init tag=52c42200436dc579 jited_len=2103 xlated_len=3800 nr_jited_ksyms=1 ksym0=0xffffffffc0406a10 ksym1=0x0
[48.452168 pid=1940 tid=1954] BPF_MAP_UPDATE_ELEM prog_array name=sys_exit_init_t map_fd=16 map_id=129 key=27 prog_fd=69 prog_id=17 flags=0 ret=0 errno=0
[48.452267 pid=1940 tid=1954] native-loader jit-info prog_array-target fd=69 id=17 type=17 name=sys_exit_init tag=52c42200436dc579 jited_len=2103 xlated_len=3800 nr_jited_ksyms=1 ksym0=0xffffffffc0406a10 ksym1=0x0
[48.452368 pid=1940 tid=1954] BPF_MAP_UPDATE_ELEM prog_array name=sys_exit_init_t map_fd=16 map_id=129 key=28 prog_fd=69 prog_id=17 flags=0 ret=0 errno=0
[48.452465 pid=1940 tid=1954] native-loader jit-info prog_array-target fd=69 id=17 type=17 name=sys_exit_init tag=52c42200436dc579 jited_len=2103 xlated_len=3800 nr_jited_ksyms=1 ksym0=0xffffffffc0406a10 ksym1=0x0
[48.452566 pid=1940 tid=1954] BPF_MAP_UPDATE_ELEM prog_array name=sys_exit_init_t map_fd=16 map_id=129 key=29 prog_fd=69 prog_id=17 flags=0 ret=0 errno=0
[48.452664 pid=1940 tid=1954] native-loader jit-info prog_array-target fd=69 id=17 type=17 name=sys_exit_init tag=52c42200436dc579 jited_len=2103 xlated_len=3800 nr_jited_ksyms=1 ksym0=0xffffffffc0406a10 ksym1=0x0
[48.452764 pid=1940 tid=1954] BPF_MAP_UPDATE_ELEM prog_array name=sys_exit_init_t map_fd=16 map_id=129 key=30 prog_fd=69 prog_id=17 flags=0 ret=0 errno=0
[48.452835 pid=1940 tid=1954] native-loader jit-info prog_array-target fd=69 id=17 type=17 name=sys_exit_init tag=52c42200436dc579 jited_len=2103 xlated_len=3800 nr_jited_ksyms=1 ksym0=0xffffffffc0406a10 ksym1=0x0
[48.452907 pid=1940 tid=1954] BPF_MAP_UPDATE_ELEM prog_array name=sys_exit_init_t map_fd=16 map_id=129 key=31 prog_fd=69 prog_id=17 flags=0 ret=0 errno=0
[48.453007 pid=1940 tid=1954] native-loader jit-info prog_array-target fd=69 id=17 type=17 name=sys_exit_init tag=52c42200436dc579 jited_len=2103 xlated_len=3800 nr_jited_ksyms=1 ksym0=0xffffffffc0406a10 ksym1=0x0
[48.453108 pid=1940 tid=1954] BPF_MAP_UPDATE_ELEM prog_array name=sys_exit_init_t map_fd=16 map_id=129 key=34 prog_fd=69 prog_id=17 flags=0 ret=0 errno=0
[48.453207 pid=1940 tid=1954] native-loader jit-info prog_array-target fd=69 id=17 type=17 name=sys_exit_init tag=52c42200436dc579 jited_len=2103 xlated_len=3800 nr_jited_ksyms=1 ksym0=0xffffffffc0406a10 ksym1=0x0
[48.453308 pid=1940 tid=1954] BPF_MAP_UPDATE_ELEM prog_array name=sys_exit_init_t map_fd=16 map_id=129 key=35 prog_fd=69 prog_id=17 flags=0 ret=0 errno=0
[48.453406 pid=1940 tid=1954] native-loader jit-info prog_array-target fd=69 id=17 type=17 name=sys_exit_init tag=52c42200436dc579 jited_len=2103 xlated_len=3800 nr_jited_ksyms=1 ksym0=0xffffffffc0406a10 ksym1=0x0
[48.453506 pid=1940 tid=1954] BPF_MAP_UPDATE_ELEM prog_array name=sys_exit_init_t map_fd=16 map_id=129 key=36 prog_fd=69 prog_id=17 flags=0 ret=0 errno=0
[48.453605 pid=1940 tid=1954] native-loader jit-info prog_array-target fd=69 id=17 type=17 name=sys_exit_init tag=52c42200436dc579 jited_len=2103 xlated_len=3800 nr_jited_ksyms=1 ksym0=0xffffffffc0406a10 ksym1=0x0
[48.453704 pid=1940 tid=1954] BPF_MAP_UPDATE_ELEM prog_array name=sys_exit_init_t map_fd=16 map_id=129 key=37 prog_fd=69 prog_id=17 flags=0 ret=0 errno=0
[48.453775 pid=1940 tid=1954] native-loader jit-info prog_array-target fd=69 id=17 type=17 name=sys_exit_init tag=52c42200436dc579 jited_len=2103 xlated_len=3800 nr_jited_ksyms=1 ksym0=0xffffffffc0406a10 ksym1=0x0
[48.453875 pid=1940 tid=1954] BPF_MAP_UPDATE_ELEM prog_array name=sys_exit_init_t map_fd=16 map_id=129 key=38 prog_fd=69 prog_id=17 flags=0 ret=0 errno=0
[48.453979 pid=1940 tid=1954] native-loader jit-info prog_array-target fd=69 id=17 type=17 name=sys_exit_init tag=52c42200436dc579 jited_len=2103 xlated_len=3800 nr_jited_ksyms=1 ksym0=0xffffffffc0406a10 ksym1=0x0
[48.454081 pid=1940 tid=1954] BPF_MAP_UPDATE_ELEM prog_array name=sys_exit_init_t map_fd=16 map_id=129 key=39 prog_fd=69 prog_id=17 flags=0 ret=0 errno=0
[48.454180 pid=1940 tid=1954] native-loader jit-info prog_array-target fd=69 id=17 type=17 name=sys_exit_init tag=52c42200436dc579 jited_len=2103 xlated_len=3800 nr_jited_ksyms=1 ksym0=0xffffffffc0406a10 ksym1=0x0
[48.454281 pid=1940 tid=1954] BPF_MAP_UPDATE_ELEM prog_array name=sys_exit_init_t map_fd=16 map_id=129 key=40 prog_fd=69 prog_id=17 flags=0 ret=0 errno=0
[48.454381 pid=1940 tid=1954] native-loader jit-info prog_array-target fd=69 id=17 type=17 name=sys_exit_init tag=52c42200436dc579 jited_len=2103 xlated_len=3800 nr_jited_ksyms=1 ksym0=0xffffffffc0406a10 ksym1=0x0
[48.454480 pid=1940 tid=1954] BPF_MAP_UPDATE_ELEM prog_array name=sys_exit_init_t map_fd=16 map_id=129 key=41 prog_fd=69 prog_id=17 flags=0 ret=0 errno=0
[48.454551 pid=1940 tid=1954] native-loader jit-info prog_array-target fd=69 id=17 type=17 name=sys_exit_init tag=52c42200436dc579 jited_len=2103 xlated_len=3800 nr_jited_ksyms=1 ksym0=0xffffffffc0406a10 ksym1=0x0
[48.454623 pid=1940 tid=1954] BPF_MAP_UPDATE_ELEM prog_array name=sys_exit_init_t map_fd=16 map_id=129 key=42 prog_fd=69 prog_id=17 flags=0 ret=0 errno=0
[48.454723 pid=1940 tid=1954] native-loader jit-info prog_array-target fd=69 id=17 type=17 name=sys_exit_init tag=52c42200436dc579 jited_len=2103 xlated_len=3800 nr_jited_ksyms=1 ksym0=0xffffffffc0406a10 ksym1=0x0
[48.454798 pid=1940 tid=1954] BPF_MAP_UPDATE_ELEM prog_array name=sys_exit_init_t map_fd=16 map_id=129 key=43 prog_fd=69 prog_id=17 flags=0 ret=0 errno=0
[48.454870 pid=1940 tid=1954] native-loader jit-info prog_array-target fd=69 id=17 type=17 name=sys_exit_init tag=52c42200436dc579 jited_len=2103 xlated_len=3800 nr_jited_ksyms=1 ksym0=0xffffffffc0406a10 ksym1=0x0
[48.454974 pid=1940 tid=1954] BPF_MAP_UPDATE_ELEM prog_array name=sys_exit_init_t map_fd=16 map_id=129 key=44 prog_fd=69 prog_id=17 flags=0 ret=0 errno=0
[48.455074 pid=1940 tid=1954] native-loader jit-info prog_array-target fd=69 id=17 type=17 name=sys_exit_init tag=52c42200436dc579 jited_len=2103 xlated_len=3800 nr_jited_ksyms=1 ksym0=0xffffffffc0406a10 ksym1=0x0
[48.455145 pid=1940 tid=1954] BPF_MAP_UPDATE_ELEM prog_array name=sys_exit_init_t map_fd=16 map_id=129 key=45 prog_fd=69 prog_id=17 flags=0 ret=0 errno=0
[48.455214 pid=1940 tid=1954] native-loader jit-info prog_array-target fd=69 id=17 type=17 name=sys_exit_init tag=52c42200436dc579 jited_len=2103 xlated_len=3800 nr_jited_ksyms=1 ksym0=0xffffffffc0406a10 ksym1=0x0
[48.455287 pid=1940 tid=1954] BPF_MAP_UPDATE_ELEM prog_array name=sys_exit_init_t map_fd=16 map_id=129 key=46 prog_fd=69 prog_id=17 flags=0 ret=0 errno=0
[48.455356 pid=1940 tid=1954] native-loader jit-info prog_array-target fd=69 id=17 type=17 name=sys_exit_init tag=52c42200436dc579 jited_len=2103 xlated_len=3800 nr_jited_ksyms=1 ksym0=0xffffffffc0406a10 ksym1=0x0
[48.455427 pid=1940 tid=1954] BPF_MAP_UPDATE_ELEM prog_array name=sys_exit_init_t map_fd=16 map_id=129 key=47 prog_fd=69 prog_id=17 flags=0 ret=0 errno=0
[48.455635 pid=1940 tid=1954] native-loader jit-info prog_array-target fd=69 id=17 type=17 name=sys_exit_init tag=52c42200436dc579 jited_len=2103 xlated_len=3800 nr_jited_ksyms=1 ksym0=0xffffffffc0406a10 ksym1=0x0
[48.455734 pid=1940 tid=1954] BPF_MAP_UPDATE_ELEM prog_array name=sys_exit_init_t map_fd=16 map_id=129 key=48 prog_fd=69 prog_id=17 flags=0 ret=0 errno=0
[48.455804 pid=1940 tid=1954] native-loader jit-info prog_array-target fd=69 id=17 type=17 name=sys_exit_init tag=52c42200436dc579 jited_len=2103 xlated_len=3800 nr_jited_ksyms=1 ksym0=0xffffffffc0406a10 ksym1=0x0
[48.455907 pid=1940 tid=1954] BPF_MAP_UPDATE_ELEM prog_array name=sys_exit_init_t map_fd=16 map_id=129 key=49 prog_fd=69 prog_id=17 flags=0 ret=0 errno=0
[48.456014 pid=1940 tid=1954] native-loader jit-info prog_array-target fd=69 id=17 type=17 name=sys_exit_init tag=52c42200436dc579 jited_len=2103 xlated_len=3800 nr_jited_ksyms=1 ksym0=0xffffffffc0406a10 ksym1=0x0
[48.456117 pid=1940 tid=1954] BPF_MAP_UPDATE_ELEM prog_array name=sys_exit_init_t map_fd=16 map_id=129 key=50 prog_fd=69 prog_id=17 flags=0 ret=0 errno=0
[48.456217 pid=1940 tid=1954] native-loader jit-info prog_array-target fd=69 id=17 type=17 name=sys_exit_init tag=52c42200436dc579 jited_len=2103 xlated_len=3800 nr_jited_ksyms=1 ksym0=0xffffffffc0406a10 ksym1=0x0
[48.456318 pid=1940 tid=1954] BPF_MAP_UPDATE_ELEM prog_array name=sys_exit_init_t map_fd=16 map_id=129 key=51 prog_fd=69 prog_id=17 flags=0 ret=0 errno=0
[48.456390 pid=1940 tid=1954] native-loader jit-info prog_array-target fd=69 id=17 type=17 name=sys_exit_init tag=52c42200436dc579 jited_len=2103 xlated_len=3800 nr_jited_ksyms=1 ksym0=0xffffffffc0406a10 ksym1=0x0
[48.456491 pid=1940 tid=1954] BPF_MAP_UPDATE_ELEM prog_array name=sys_exit_init_t map_fd=16 map_id=129 key=52 prog_fd=69 prog_id=17 flags=0 ret=0 errno=0
[48.456592 pid=1940 tid=1954] native-loader jit-info prog_array-target fd=69 id=17 type=17 name=sys_exit_init tag=52c42200436dc579 jited_len=2103 xlated_len=3800 nr_jited_ksyms=1 ksym0=0xffffffffc0406a10 ksym1=0x0
[48.456694 pid=1940 tid=1954] BPF_MAP_UPDATE_ELEM prog_array name=sys_exit_init_t map_fd=16 map_id=129 key=53 prog_fd=69 prog_id=17 flags=0 ret=0 errno=0
[48.456765 pid=1940 tid=1954] native-loader jit-info prog_array-target fd=69 id=17 type=17 name=sys_exit_init tag=52c42200436dc579 jited_len=2103 xlated_len=3800 nr_jited_ksyms=1 ksym0=0xffffffffc0406a10 ksym1=0x0
[48.456868 pid=1940 tid=1954] BPF_MAP_UPDATE_ELEM prog_array name=sys_exit_init_t map_fd=16 map_id=129 key=54 prog_fd=69 prog_id=17 flags=0 ret=0 errno=0
[48.456941 pid=1940 tid=1954] native-loader jit-info prog_array-target fd=69 id=17 type=17 name=sys_exit_init tag=52c42200436dc579 jited_len=2103 xlated_len=3800 nr_jited_ksyms=1 ksym0=0xffffffffc0406a10 ksym1=0x0
[48.457017 pid=1940 tid=1954] BPF_MAP_UPDATE_ELEM prog_array name=sys_exit_init_t map_fd=16 map_id=129 key=55 prog_fd=69 prog_id=17 flags=0 ret=0 errno=0
[48.457090 pid=1940 tid=1954] native-loader jit-info prog_array-target fd=69 id=17 type=17 name=sys_exit_init tag=52c42200436dc579 jited_len=2103 xlated_len=3800 nr_jited_ksyms=1 ksym0=0xffffffffc0406a10 ksym1=0x0
[48.457164 pid=1940 tid=1954] BPF_MAP_UPDATE_ELEM prog_array name=sys_exit_init_t map_fd=16 map_id=129 key=56 prog_fd=69 prog_id=17 flags=0 ret=0 errno=0
[48.457264 pid=1940 tid=1954] native-loader jit-info prog_array-target fd=69 id=17 type=17 name=sys_exit_init tag=52c42200436dc579 jited_len=2103 xlated_len=3800 nr_jited_ksyms=1 ksym0=0xffffffffc0406a10 ksym1=0x0
[48.457337 pid=1940 tid=1954] BPF_MAP_UPDATE_ELEM prog_array name=sys_exit_init_t map_fd=16 map_id=129 key=57 prog_fd=69 prog_id=17 flags=0 ret=0 errno=0
[48.457408 pid=1940 tid=1954] native-loader jit-info prog_array-target fd=69 id=17 type=17 name=sys_exit_init tag=52c42200436dc579 jited_len=2103 xlated_len=3800 nr_jited_ksyms=1 ksym0=0xffffffffc0406a10 ksym1=0x0
[48.457481 pid=1940 tid=1954] BPF_MAP_UPDATE_ELEM prog_array name=sys_exit_init_t map_fd=16 map_id=129 key=58 prog_fd=69 prog_id=17 flags=0 ret=0 errno=0
[48.457580 pid=1940 tid=1954] native-loader jit-info prog_array-target fd=69 id=17 type=17 name=sys_exit_init tag=52c42200436dc579 jited_len=2103 xlated_len=3800 nr_jited_ksyms=1 ksym0=0xffffffffc0406a10 ksym1=0x0
[48.457683 pid=1940 tid=1954] BPF_MAP_UPDATE_ELEM prog_array name=sys_exit_init_t map_fd=16 map_id=129 key=59 prog_fd=69 prog_id=17 flags=0 ret=0 errno=0
[48.457783 pid=1940 tid=1954] native-loader jit-info prog_array-target fd=69 id=17 type=17 name=sys_exit_init tag=52c42200436dc579 jited_len=2103 xlated_len=3800 nr_jited_ksyms=1 ksym0=0xffffffffc0406a10 ksym1=0x0
[48.457888 pid=1940 tid=1954] BPF_MAP_UPDATE_ELEM prog_array name=sys_exit_init_t map_fd=16 map_id=129 key=60 prog_fd=69 prog_id=17 flags=0 ret=0 errno=0
[48.457990 pid=1940 tid=1954] native-loader jit-info prog_array-target fd=69 id=17 type=17 name=sys_exit_init tag=52c42200436dc579 jited_len=2103 xlated_len=3800 nr_jited_ksyms=1 ksym0=0xffffffffc0406a10 ksym1=0x0
[48.458092 pid=1940 tid=1954] BPF_MAP_UPDATE_ELEM prog_array name=sys_exit_init_t map_fd=16 map_id=129 key=61 prog_fd=69 prog_id=17 flags=0 ret=0 errno=0
[48.458164 pid=1940 tid=1954] native-loader jit-info prog_array-target fd=69 id=17 type=17 name=sys_exit_init tag=52c42200436dc579 jited_len=2103 xlated_len=3800 nr_jited_ksyms=1 ksym0=0xffffffffc0406a10 ksym1=0x0
[48.458238 pid=1940 tid=1954] BPF_MAP_UPDATE_ELEM prog_array name=sys_exit_init_t map_fd=16 map_id=129 key=62 prog_fd=69 prog_id=17 flags=0 ret=0 errno=0
[48.458337 pid=1940 tid=1954] native-loader jit-info prog_array-target fd=69 id=17 type=17 name=sys_exit_init tag=52c42200436dc579 jited_len=2103 xlated_len=3800 nr_jited_ksyms=1 ksym0=0xffffffffc0406a10 ksym1=0x0
[48.458439 pid=1940 tid=1954] BPF_MAP_UPDATE_ELEM prog_array name=sys_exit_init_t map_fd=16 map_id=129 key=63 prog_fd=69 prog_id=17 flags=0 ret=0 errno=0
[48.458539 pid=1940 tid=1954] native-loader jit-info prog_array-target fd=69 id=17 type=17 name=sys_exit_init tag=52c42200436dc579 jited_len=2103 xlated_len=3800 nr_jited_ksyms=1 ksym0=0xffffffffc0406a10 ksym1=0x0
[48.458641 pid=1940 tid=1954] BPF_MAP_UPDATE_ELEM prog_array name=sys_exit_init_t map_fd=16 map_id=129 key=64 prog_fd=69 prog_id=17 flags=0 ret=0 errno=0
[48.458712 pid=1940 tid=1954] native-loader jit-info prog_array-target fd=69 id=17 type=17 name=sys_exit_init tag=52c42200436dc579 jited_len=2103 xlated_len=3800 nr_jited_ksyms=1 ksym0=0xffffffffc0406a10 ksym1=0x0
[48.458784 pid=1940 tid=1954] BPF_MAP_UPDATE_ELEM prog_array name=sys_exit_init_t map_fd=16 map_id=129 key=65 prog_fd=69 prog_id=17 flags=0 ret=0 errno=0
[48.458856 pid=1940 tid=1954] native-loader jit-info prog_array-target fd=69 id=17 type=17 name=sys_exit_init tag=52c42200436dc579 jited_len=2103 xlated_len=3800 nr_jited_ksyms=1 ksym0=0xffffffffc0406a10 ksym1=0x0
[48.458930 pid=1940 tid=1954] BPF_MAP_UPDATE_ELEM prog_array name=sys_exit_init_t map_fd=16 map_id=129 key=66 prog_fd=69 prog_id=17 flags=0 ret=0 errno=0
[48.459005 pid=1940 tid=1954] native-loader jit-info prog_array-target fd=69 id=17 type=17 name=sys_exit_init tag=52c42200436dc579 jited_len=2103 xlated_len=3800 nr_jited_ksyms=1 ksym0=0xffffffffc0406a10 ksym1=0x0
[48.459106 pid=1940 tid=1954] BPF_MAP_UPDATE_ELEM prog_array name=sys_exit_init_t map_fd=16 map_id=129 key=67 prog_fd=69 prog_id=17 flags=0 ret=0 errno=0
[48.459177 pid=1940 tid=1954] native-loader jit-info prog_array-target fd=69 id=17 type=17 name=sys_exit_init tag=52c42200436dc579 jited_len=2103 xlated_len=3800 nr_jited_ksyms=1 ksym0=0xffffffffc0406a10 ksym1=0x0
[48.459280 pid=1940 tid=1954] BPF_MAP_UPDATE_ELEM prog_array name=sys_exit_init_t map_fd=16 map_id=129 key=68 prog_fd=69 prog_id=17 flags=0 ret=0 errno=0
[48.459351 pid=1940 tid=1954] native-loader jit-info prog_array-target fd=69 id=17 type=17 name=sys_exit_init tag=52c42200436dc579 jited_len=2103 xlated_len=3800 nr_jited_ksyms=1 ksym0=0xffffffffc0406a10 ksym1=0x0
[48.459424 pid=1940 tid=1954] BPF_MAP_UPDATE_ELEM prog_array name=sys_exit_init_t map_fd=16 map_id=129 key=69 prog_fd=69 prog_id=17 flags=0 ret=0 errno=0
[48.459524 pid=1940 tid=1954] native-loader jit-info prog_array-target fd=69 id=17 type=17 name=sys_exit_init tag=52c42200436dc579 jited_len=2103 xlated_len=3800 nr_jited_ksyms=1 ksym0=0xffffffffc0406a10 ksym1=0x0
[48.459597 pid=1940 tid=1954] BPF_MAP_UPDATE_ELEM prog_array name=sys_exit_init_t map_fd=16 map_id=129 key=70 prog_fd=69 prog_id=17 flags=0 ret=0 errno=0
[48.459667 pid=1940 tid=1954] native-loader jit-info prog_array-target fd=69 id=17 type=17 name=sys_exit_init tag=52c42200436dc579 jited_len=2103 xlated_len=3800 nr_jited_ksyms=1 ksym0=0xffffffffc0406a10 ksym1=0x0
[48.459740 pid=1940 tid=1954] BPF_MAP_UPDATE_ELEM prog_array name=sys_exit_init_t map_fd=16 map_id=129 key=71 prog_fd=69 prog_id=17 flags=0 ret=0 errno=0
[48.459810 pid=1940 tid=1954] native-loader jit-info prog_array-target fd=69 id=17 type=17 name=sys_exit_init tag=52c42200436dc579 jited_len=2103 xlated_len=3800 nr_jited_ksyms=1 ksym0=0xffffffffc0406a10 ksym1=0x0
[48.459883 pid=1940 tid=1954] BPF_MAP_UPDATE_ELEM prog_array name=sys_exit_init_t map_fd=16 map_id=129 key=72 prog_fd=69 prog_id=17 flags=0 ret=0 errno=0
[48.459957 pid=1940 tid=1954] native-loader jit-info prog_array-target fd=69 id=17 type=17 name=sys_exit_init tag=52c42200436dc579 jited_len=2103 xlated_len=3800 nr_jited_ksyms=1 ksym0=0xffffffffc0406a10 ksym1=0x0
[48.460043 pid=1940 tid=1954] BPF_MAP_UPDATE_ELEM prog_array name=sys_exit_init_t map_fd=16 map_id=129 key=73 prog_fd=69 prog_id=17 flags=0 ret=0 errno=0
[48.460144 pid=1940 tid=1954] native-loader jit-info prog_array-target fd=69 id=17 type=17 name=sys_exit_init tag=52c42200436dc579 jited_len=2103 xlated_len=3800 nr_jited_ksyms=1 ksym0=0xffffffffc0406a10 ksym1=0x0
[48.460217 pid=1940 tid=1954] BPF_MAP_UPDATE_ELEM prog_array name=sys_exit_init_t map_fd=16 map_id=129 key=74 prog_fd=69 prog_id=17 flags=0 ret=0 errno=0
[48.460288 pid=1940 tid=1954] native-loader jit-info prog_array-target fd=69 id=17 type=17 name=sys_exit_init tag=52c42200436dc579 jited_len=2103 xlated_len=3800 nr_jited_ksyms=1 ksym0=0xffffffffc0406a10 ksym1=0x0
[48.460362 pid=1940 tid=1954] BPF_MAP_UPDATE_ELEM prog_array name=sys_exit_init_t map_fd=16 map_id=129 key=75 prog_fd=69 prog_id=17 flags=0 ret=0 errno=0
[48.460433 pid=1940 tid=1954] native-loader jit-info prog_array-target fd=69 id=17 type=17 name=sys_exit_init tag=52c42200436dc579 jited_len=2103 xlated_len=3800 nr_jited_ksyms=1 ksym0=0xffffffffc0406a10 ksym1=0x0
[48.460507 pid=1940 tid=1954] BPF_MAP_UPDATE_ELEM prog_array name=sys_exit_init_t map_fd=16 map_id=129 key=76 prog_fd=69 prog_id=17 flags=0 ret=0 errno=0
[48.460818 pid=1940 tid=1954] native-loader jit-info prog_array-target fd=69 id=17 type=17 name=sys_exit_init tag=52c42200436dc579 jited_len=2103 xlated_len=3800 nr_jited_ksyms=1 ksym0=0xffffffffc0406a10 ksym1=0x0
[48.460923 pid=1940 tid=1954] BPF_MAP_UPDATE_ELEM prog_array name=sys_exit_init_t map_fd=16 map_id=129 key=77 prog_fd=69 prog_id=17 flags=0 ret=0 errno=0
[48.461028 pid=1940 tid=1954] native-loader jit-info prog_array-target fd=69 id=17 type=17 name=sys_exit_init tag=52c42200436dc579 jited_len=2103 xlated_len=3800 nr_jited_ksyms=1 ksym0=0xffffffffc0406a10 ksym1=0x0
[48.461128 pid=1940 tid=1954] BPF_MAP_UPDATE_ELEM prog_array name=sys_exit_init_t map_fd=16 map_id=129 key=78 prog_fd=69 prog_id=17 flags=0 ret=0 errno=0
[48.461225 pid=1940 tid=1954] native-loader jit-info prog_array-target fd=69 id=17 type=17 name=sys_exit_init tag=52c42200436dc579 jited_len=2103 xlated_len=3800 nr_jited_ksyms=1 ksym0=0xffffffffc0406a10 ksym1=0x0
[48.461297 pid=1940 tid=1954] BPF_MAP_UPDATE_ELEM prog_array name=sys_exit_init_t map_fd=16 map_id=129 key=79 prog_fd=69 prog_id=17 flags=0 ret=0 errno=0
[48.461394 pid=1940 tid=1954] native-loader jit-info prog_array-target fd=69 id=17 type=17 name=sys_exit_init tag=52c42200436dc579 jited_len=2103 xlated_len=3800 nr_jited_ksyms=1 ksym0=0xffffffffc0406a10 ksym1=0x0
[48.461465 pid=1940 tid=1954] BPF_MAP_UPDATE_ELEM prog_array name=sys_exit_init_t map_fd=16 map_id=129 key=80 prog_fd=69 prog_id=17 flags=0 ret=0 errno=0
[48.461533 pid=1940 tid=1954] native-loader jit-info prog_array-target fd=69 id=17 type=17 name=sys_exit_init tag=52c42200436dc579 jited_len=2103 xlated_len=3800 nr_jited_ksyms=1 ksym0=0xffffffffc0406a10 ksym1=0x0
[48.461605 pid=1940 tid=1954] BPF_MAP_UPDATE_ELEM prog_array name=sys_exit_init_t map_fd=16 map_id=129 key=81 prog_fd=69 prog_id=17 flags=0 ret=0 errno=0
[48.461705 pid=1940 tid=1954] native-loader jit-info prog_array-target fd=69 id=17 type=17 name=sys_exit_init tag=52c42200436dc579 jited_len=2103 xlated_len=3800 nr_jited_ksyms=1 ksym0=0xffffffffc0406a10 ksym1=0x0
[48.461776 pid=1940 tid=1954] BPF_MAP_UPDATE_ELEM prog_array name=sys_exit_init_t map_fd=16 map_id=129 key=82 prog_fd=69 prog_id=17 flags=0 ret=0 errno=0
[48.461844 pid=1940 tid=1954] native-loader jit-info prog_array-target fd=69 id=17 type=17 name=sys_exit_init tag=52c42200436dc579 jited_len=2103 xlated_len=3800 nr_jited_ksyms=1 ksym0=0xffffffffc0406a10 ksym1=0x0
[48.461916 pid=1940 tid=1954] BPF_MAP_UPDATE_ELEM prog_array name=sys_exit_init_t map_fd=16 map_id=129 key=83 prog_fd=69 prog_id=17 flags=0 ret=0 errno=0
[48.461987 pid=1940 tid=1954] native-loader jit-info prog_array-target fd=69 id=17 type=17 name=sys_exit_init tag=52c42200436dc579 jited_len=2103 xlated_len=3800 nr_jited_ksyms=1 ksym0=0xffffffffc0406a10 ksym1=0x0
[48.462058 pid=1940 tid=1954] BPF_MAP_UPDATE_ELEM prog_array name=sys_exit_init_t map_fd=16 map_id=129 key=84 prog_fd=69 prog_id=17 flags=0 ret=0 errno=0
[48.462126 pid=1940 tid=1954] native-loader jit-info prog_array-target fd=69 id=17 type=17 name=sys_exit_init tag=52c42200436dc579 jited_len=2103 xlated_len=3800 nr_jited_ksyms=1 ksym0=0xffffffffc0406a10 ksym1=0x0
[48.462197 pid=1940 tid=1954] BPF_MAP_UPDATE_ELEM prog_array name=sys_exit_init_t map_fd=16 map_id=129 key=85 prog_fd=69 prog_id=17 flags=0 ret=0 errno=0
[48.462294 pid=1940 tid=1954] native-loader jit-info prog_array-target fd=69 id=17 type=17 name=sys_exit_init tag=52c42200436dc579 jited_len=2103 xlated_len=3800 nr_jited_ksyms=1 ksym0=0xffffffffc0406a10 ksym1=0x0
[48.462364 pid=1940 tid=1954] BPF_MAP_UPDATE_ELEM prog_array name=sys_exit_init_t map_fd=16 map_id=129 key=86 prog_fd=69 prog_id=17 flags=0 ret=0 errno=0
[48.462433 pid=1940 tid=1954] native-loader jit-info prog_array-target fd=69 id=17 type=17 name=sys_exit_init tag=52c42200436dc579 jited_len=2103 xlated_len=3800 nr_jited_ksyms=1 ksym0=0xffffffffc0406a10 ksym1=0x0
[48.462503 pid=1940 tid=1954] BPF_MAP_UPDATE_ELEM prog_array name=sys_exit_init_t map_fd=16 map_id=129 key=87 prog_fd=69 prog_id=17 flags=0 ret=0 errno=0
[48.462572 pid=1940 tid=1954] native-loader jit-info prog_array-target fd=69 id=17 type=17 name=sys_exit_init tag=52c42200436dc579 jited_len=2103 xlated_len=3800 nr_jited_ksyms=1 ksym0=0xffffffffc0406a10 ksym1=0x0
[48.462644 pid=1940 tid=1954] BPF_MAP_UPDATE_ELEM prog_array name=sys_exit_init_t map_fd=16 map_id=129 key=88 prog_fd=69 prog_id=17 flags=0 ret=0 errno=0
[48.462714 pid=1940 tid=1954] native-loader jit-info prog_array-target fd=69 id=17 type=17 name=sys_exit_init tag=52c42200436dc579 jited_len=2103 xlated_len=3800 nr_jited_ksyms=1 ksym0=0xffffffffc0406a10 ksym1=0x0
[48.462786 pid=1940 tid=1954] BPF_MAP_UPDATE_ELEM prog_array name=sys_exit_init_t map_fd=16 map_id=129 key=89 prog_fd=69 prog_id=17 flags=0 ret=0 errno=0
[48.462854 pid=1940 tid=1954] native-loader jit-info prog_array-target fd=69 id=17 type=17 name=sys_exit_init tag=52c42200436dc579 jited_len=2103 xlated_len=3800 nr_jited_ksyms=1 ksym0=0xffffffffc0406a10 ksym1=0x0
[48.463153 pid=1940 tid=1954] BPF_MAP_UPDATE_ELEM prog_array name=sys_exit_init_t map_fd=16 map_id=129 key=90 prog_fd=69 prog_id=17 flags=0 ret=0 errno=0
[48.463512 pid=1940 tid=1954] native-loader jit-info prog_array-target fd=69 id=17 type=17 name=sys_exit_init tag=52c42200436dc579 jited_len=2103 xlated_len=3800 nr_jited_ksyms=1 ksym0=0xffffffffc0406a10 ksym1=0x0
[48.463593 pid=1940 tid=1954] BPF_MAP_UPDATE_ELEM prog_array name=sys_exit_init_t map_fd=16 map_id=129 key=91 prog_fd=69 prog_id=17 flags=0 ret=0 errno=0
[48.463659 pid=1940 tid=1954] native-loader jit-info prog_array-target fd=69 id=17 type=17 name=sys_exit_init tag=52c42200436dc579 jited_len=2103 xlated_len=3800 nr_jited_ksyms=1 ksym0=0xffffffffc0406a10 ksym1=0x0
[48.463761 pid=1940 tid=1954] BPF_MAP_UPDATE_ELEM prog_array name=sys_exit_init_t map_fd=16 map_id=129 key=92 prog_fd=69 prog_id=17 flags=0 ret=0 errno=0
[48.463833 pid=1940 tid=1954] native-loader jit-info prog_array-target fd=69 id=17 type=17 name=sys_exit_init tag=52c42200436dc579 jited_len=2103 xlated_len=3800 nr_jited_ksyms=1 ksym0=0xffffffffc0406a10 ksym1=0x0
[48.463906 pid=1940 tid=1954] BPF_MAP_UPDATE_ELEM prog_array name=sys_exit_init_t map_fd=16 map_id=129 key=93 prog_fd=69 prog_id=17 flags=0 ret=0 errno=0
[48.463984 pid=1940 tid=1954] native-loader jit-info prog_array-target fd=69 id=17 type=17 name=sys_exit_init tag=52c42200436dc579 jited_len=2103 xlated_len=3800 nr_jited_ksyms=1 ksym0=0xffffffffc0406a10 ksym1=0x0
[48.464065 pid=1940 tid=1954] BPF_MAP_UPDATE_ELEM prog_array name=sys_exit_init_t map_fd=16 map_id=129 key=94 prog_fd=69 prog_id=17 flags=0 ret=0 errno=0
[48.464129 pid=1940 tid=1954] native-loader jit-info prog_array-target fd=69 id=17 type=17 name=sys_exit_init tag=52c42200436dc579 jited_len=2103 xlated_len=3800 nr_jited_ksyms=1 ksym0=0xffffffffc0406a10 ksym1=0x0
[48.464203 pid=1940 tid=1954] BPF_MAP_UPDATE_ELEM prog_array name=sys_exit_init_t map_fd=16 map_id=129 key=95 prog_fd=69 prog_id=17 flags=0 ret=0 errno=0
[48.464274 pid=1940 tid=1954] native-loader jit-info prog_array-target fd=69 id=17 type=17 name=sys_exit_init tag=52c42200436dc579 jited_len=2103 xlated_len=3800 nr_jited_ksyms=1 ksym0=0xffffffffc0406a10 ksym1=0x0
[48.464348 pid=1940 tid=1954] BPF_MAP_UPDATE_ELEM prog_array name=sys_exit_init_t map_fd=16 map_id=129 key=96 prog_fd=69 prog_id=17 flags=0 ret=0 errno=0
[48.464419 pid=1940 tid=1954] native-loader jit-info prog_array-target fd=69 id=17 type=17 name=sys_exit_init tag=52c42200436dc579 jited_len=2103 xlated_len=3800 nr_jited_ksyms=1 ksym0=0xffffffffc0406a10 ksym1=0x0
[48.464521 pid=1940 tid=1954] BPF_MAP_UPDATE_ELEM prog_array name=sys_exit_init_t map_fd=16 map_id=129 key=97 prog_fd=69 prog_id=17 flags=0 ret=0 errno=0
[48.464592 pid=1940 tid=1954] native-loader jit-info prog_array-target fd=69 id=17 type=17 name=sys_exit_init tag=52c42200436dc579 jited_len=2103 xlated_len=3800 nr_jited_ksyms=1 ksym0=0xffffffffc0406a10 ksym1=0x0
[48.464665 pid=1940 tid=1954] BPF_MAP_UPDATE_ELEM prog_array name=sys_exit_init_t map_fd=16 map_id=129 key=98 prog_fd=69 prog_id=17 flags=0 ret=0 errno=0
[48.464765 pid=1940 tid=1954] native-loader jit-info prog_array-target fd=69 id=17 type=17 name=sys_exit_init tag=52c42200436dc579 jited_len=2103 xlated_len=3800 nr_jited_ksyms=1 ksym0=0xffffffffc0406a10 ksym1=0x0
[48.464839 pid=1940 tid=1954] BPF_MAP_UPDATE_ELEM prog_array name=sys_exit_init_t map_fd=16 map_id=129 key=99 prog_fd=69 prog_id=17 flags=0 ret=0 errno=0
[48.464910 pid=1940 tid=1954] native-loader jit-info prog_array-target fd=69 id=17 type=17 name=sys_exit_init tag=52c42200436dc579 jited_len=2103 xlated_len=3800 nr_jited_ksyms=1 ksym0=0xffffffffc0406a10 ksym1=0x0
[48.464985 pid=1940 tid=1954] BPF_MAP_UPDATE_ELEM prog_array name=sys_exit_init_t map_fd=16 map_id=129 key=100 prog_fd=69 prog_id=17 flags=0 ret=0 errno=0
[48.465057 pid=1940 tid=1954] native-loader jit-info prog_array-target fd=69 id=17 type=17 name=sys_exit_init tag=52c42200436dc579 jited_len=2103 xlated_len=3800 nr_jited_ksyms=1 ksym0=0xffffffffc0406a10 ksym1=0x0
[48.465131 pid=1940 tid=1954] BPF_MAP_UPDATE_ELEM prog_array name=sys_exit_init_t map_fd=16 map_id=129 key=102 prog_fd=69 prog_id=17 flags=0 ret=0 errno=0
[48.465202 pid=1940 tid=1954] native-loader jit-info prog_array-target fd=69 id=17 type=17 name=sys_exit_init tag=52c42200436dc579 jited_len=2103 xlated_len=3800 nr_jited_ksyms=1 ksym0=0xffffffffc0406a10 ksym1=0x0
[48.465276 pid=1940 tid=1954] BPF_MAP_UPDATE_ELEM prog_array name=sys_exit_init_t map_fd=16 map_id=129 key=103 prog_fd=69 prog_id=17 flags=0 ret=0 errno=0
[48.465348 pid=1940 tid=1954] native-loader jit-info prog_array-target fd=69 id=17 type=17 name=sys_exit_init tag=52c42200436dc579 jited_len=2103 xlated_len=3800 nr_jited_ksyms=1 ksym0=0xffffffffc0406a10 ksym1=0x0
[48.465421 pid=1940 tid=1954] BPF_MAP_UPDATE_ELEM prog_array name=sys_exit_init_t map_fd=16 map_id=129 key=104 prog_fd=69 prog_id=17 flags=0 ret=0 errno=0
[48.465492 pid=1940 tid=1954] native-loader jit-info prog_array-target fd=69 id=17 type=17 name=sys_exit_init tag=52c42200436dc579 jited_len=2103 xlated_len=3800 nr_jited_ksyms=1 ksym0=0xffffffffc0406a10 ksym1=0x0
[48.465565 pid=1940 tid=1954] BPF_MAP_UPDATE_ELEM prog_array name=sys_exit_init_t map_fd=16 map_id=129 key=105 prog_fd=69 prog_id=17 flags=0 ret=0 errno=0
[48.465636 pid=1940 tid=1954] native-loader jit-info prog_array-target fd=69 id=17 type=17 name=sys_exit_init tag=52c42200436dc579 jited_len=2103 xlated_len=3800 nr_jited_ksyms=1 ksym0=0xffffffffc0406a10 ksym1=0x0
[48.465709 pid=1940 tid=1954] BPF_MAP_UPDATE_ELEM prog_array name=sys_exit_init_t map_fd=16 map_id=129 key=106 prog_fd=69 prog_id=17 flags=0 ret=0 errno=0
[48.465873 pid=1940 tid=1954] native-loader jit-info prog_array-target fd=69 id=17 type=17 name=sys_exit_init tag=52c42200436dc579 jited_len=2103 xlated_len=3800 nr_jited_ksyms=1 ksym0=0xffffffffc0406a10 ksym1=0x0
[48.465978 pid=1940 tid=1954] BPF_MAP_UPDATE_ELEM prog_array name=sys_exit_init_t map_fd=16 map_id=129 key=107 prog_fd=69 prog_id=17 flags=0 ret=0 errno=0
[48.466049 pid=1940 tid=1954] native-loader jit-info prog_array-target fd=69 id=17 type=17 name=sys_exit_init tag=52c42200436dc579 jited_len=2103 xlated_len=3800 nr_jited_ksyms=1 ksym0=0xffffffffc0406a10 ksym1=0x0
[48.466151 pid=1940 tid=1954] BPF_MAP_UPDATE_ELEM prog_array name=sys_exit_init_t map_fd=16 map_id=129 key=108 prog_fd=69 prog_id=17 flags=0 ret=0 errno=0
[48.466251 pid=1940 tid=1954] native-loader jit-info prog_array-target fd=69 id=17 type=17 name=sys_exit_init tag=52c42200436dc579 jited_len=2103 xlated_len=3800 nr_jited_ksyms=1 ksym0=0xffffffffc0406a10 ksym1=0x0
[48.466354 pid=1940 tid=1954] BPF_MAP_UPDATE_ELEM prog_array name=sys_exit_init_t map_fd=16 map_id=129 key=109 prog_fd=69 prog_id=17 flags=0 ret=0 errno=0
[48.466425 pid=1940 tid=1954] native-loader jit-info prog_array-target fd=69 id=17 type=17 name=sys_exit_init tag=52c42200436dc579 jited_len=2103 xlated_len=3800 nr_jited_ksyms=1 ksym0=0xffffffffc0406a10 ksym1=0x0
[48.466499 pid=1940 tid=1954] BPF_MAP_UPDATE_ELEM prog_array name=sys_exit_init_t map_fd=16 map_id=129 key=110 prog_fd=69 prog_id=17 flags=0 ret=0 errno=0
[48.466569 pid=1940 tid=1954] native-loader jit-info prog_array-target fd=69 id=17 type=17 name=sys_exit_init tag=52c42200436dc579 jited_len=2103 xlated_len=3800 nr_jited_ksyms=1 ksym0=0xffffffffc0406a10 ksym1=0x0
[48.466642 pid=1940 tid=1954] BPF_MAP_UPDATE_ELEM prog_array name=sys_exit_init_t map_fd=16 map_id=129 key=111 prog_fd=69 prog_id=17 flags=0 ret=0 errno=0
[48.466743 pid=1940 tid=1954] native-loader jit-info prog_array-target fd=69 id=17 type=17 name=sys_exit_init tag=52c42200436dc579 jited_len=2103 xlated_len=3800 nr_jited_ksyms=1 ksym0=0xffffffffc0406a10 ksym1=0x0
[48.466817 pid=1940 tid=1954] BPF_MAP_UPDATE_ELEM prog_array name=sys_exit_init_t map_fd=16 map_id=129 key=112 prog_fd=69 prog_id=17 flags=0 ret=0 errno=0
[48.466888 pid=1940 tid=1954] native-loader jit-info prog_array-target fd=69 id=17 type=17 name=sys_exit_init tag=52c42200436dc579 jited_len=2103 xlated_len=3800 nr_jited_ksyms=1 ksym0=0xffffffffc0406a10 ksym1=0x0
[48.466963 pid=1940 tid=1954] BPF_MAP_UPDATE_ELEM prog_array name=sys_exit_init_t map_fd=16 map_id=129 key=113 prog_fd=69 prog_id=17 flags=0 ret=0 errno=0
[48.467035 pid=1940 tid=1954] native-loader jit-info prog_array-target fd=69 id=17 type=17 name=sys_exit_init tag=52c42200436dc579 jited_len=2103 xlated_len=3800 nr_jited_ksyms=1 ksym0=0xffffffffc0406a10 ksym1=0x0
[48.467107 pid=1940 tid=1954] BPF_MAP_UPDATE_ELEM prog_array name=sys_exit_init_t map_fd=16 map_id=129 key=114 prog_fd=69 prog_id=17 flags=0 ret=0 errno=0
[48.467178 pid=1940 tid=1954] native-loader jit-info prog_array-target fd=69 id=17 type=17 name=sys_exit_init tag=52c42200436dc579 jited_len=2103 xlated_len=3800 nr_jited_ksyms=1 ksym0=0xffffffffc0406a10 ksym1=0x0
[48.467251 pid=1940 tid=1954] BPF_MAP_UPDATE_ELEM prog_array name=sys_exit_init_t map_fd=16 map_id=129 key=115 prog_fd=69 prog_id=17 flags=0 ret=0 errno=0
[48.467322 pid=1940 tid=1954] native-loader jit-info prog_array-target fd=69 id=17 type=17 name=sys_exit_init tag=52c42200436dc579 jited_len=2103 xlated_len=3800 nr_jited_ksyms=1 ksym0=0xffffffffc0406a10 ksym1=0x0
[48.467394 pid=1940 tid=1954] BPF_MAP_UPDATE_ELEM prog_array name=sys_exit_init_t map_fd=16 map_id=129 key=116 prog_fd=69 prog_id=17 flags=0 ret=0 errno=0
[48.467465 pid=1940 tid=1954] native-loader jit-info prog_array-target fd=69 id=17 type=17 name=sys_exit_init tag=52c42200436dc579 jited_len=2103 xlated_len=3800 nr_jited_ksyms=1 ksym0=0xffffffffc0406a10 ksym1=0x0
[48.467538 pid=1940 tid=1954] BPF_MAP_UPDATE_ELEM prog_array name=sys_exit_init_t map_fd=16 map_id=129 key=117 prog_fd=69 prog_id=17 flags=0 ret=0 errno=0
[48.467609 pid=1940 tid=1954] native-loader jit-info prog_array-target fd=69 id=17 type=17 name=sys_exit_init tag=52c42200436dc579 jited_len=2103 xlated_len=3800 nr_jited_ksyms=1 ksym0=0xffffffffc0406a10 ksym1=0x0
[48.467683 pid=1940 tid=1954] BPF_MAP_UPDATE_ELEM prog_array name=sys_exit_init_t map_fd=16 map_id=129 key=118 prog_fd=69 prog_id=17 flags=0 ret=0 errno=0
[48.467783 pid=1940 tid=1954] native-loader jit-info prog_array-target fd=69 id=17 type=17 name=sys_exit_init tag=52c42200436dc579 jited_len=2103 xlated_len=3800 nr_jited_ksyms=1 ksym0=0xffffffffc0406a10 ksym1=0x0
[48.467857 pid=1940 tid=1954] BPF_MAP_UPDATE_ELEM prog_array name=sys_exit_init_t map_fd=16 map_id=129 key=119 prog_fd=69 prog_id=17 flags=0 ret=0 errno=0
[48.467927 pid=1940 tid=1954] native-loader jit-info prog_array-target fd=69 id=17 type=17 name=sys_exit_init tag=52c42200436dc579 jited_len=2103 xlated_len=3800 nr_jited_ksyms=1 ksym0=0xffffffffc0406a10 ksym1=0x0
[48.468088 pid=1940 tid=1954] BPF_MAP_UPDATE_ELEM prog_array name=sys_exit_init_t map_fd=16 map_id=129 key=120 prog_fd=69 prog_id=17 flags=0 ret=0 errno=0
[48.468158 pid=1940 tid=1954] native-loader jit-info prog_array-target fd=69 id=17 type=17 name=sys_exit_init tag=52c42200436dc579 jited_len=2103 xlated_len=3800 nr_jited_ksyms=1 ksym0=0xffffffffc0406a10 ksym1=0x0
[48.468230 pid=1940 tid=1954] BPF_MAP_UPDATE_ELEM prog_array name=sys_exit_init_t map_fd=16 map_id=129 key=121 prog_fd=69 prog_id=17 flags=0 ret=0 errno=0
[48.468299 pid=1940 tid=1954] native-loader jit-info prog_array-target fd=69 id=17 type=17 name=sys_exit_init tag=52c42200436dc579 jited_len=2103 xlated_len=3800 nr_jited_ksyms=1 ksym0=0xffffffffc0406a10 ksym1=0x0
[48.468371 pid=1940 tid=1954] BPF_MAP_UPDATE_ELEM prog_array name=sys_exit_init_t map_fd=16 map_id=129 key=122 prog_fd=69 prog_id=17 flags=0 ret=0 errno=0
[48.468441 pid=1940 tid=1954] native-loader jit-info prog_array-target fd=69 id=17 type=17 name=sys_exit_init tag=52c42200436dc579 jited_len=2103 xlated_len=3800 nr_jited_ksyms=1 ksym0=0xffffffffc0406a10 ksym1=0x0
[48.468513 pid=1940 tid=1954] BPF_MAP_UPDATE_ELEM prog_array name=sys_exit_init_t map_fd=16 map_id=129 key=123 prog_fd=69 prog_id=17 flags=0 ret=0 errno=0
[48.468582 pid=1940 tid=1954] native-loader jit-info prog_array-target fd=69 id=17 type=17 name=sys_exit_init tag=52c42200436dc579 jited_len=2103 xlated_len=3800 nr_jited_ksyms=1 ksym0=0xffffffffc0406a10 ksym1=0x0
[48.468654 pid=1940 tid=1954] BPF_MAP_UPDATE_ELEM prog_array name=sys_exit_init_t map_fd=16 map_id=129 key=124 prog_fd=69 prog_id=17 flags=0 ret=0 errno=0
[48.468752 pid=1940 tid=1954] native-loader jit-info prog_array-target fd=69 id=17 type=17 name=sys_exit_init tag=52c42200436dc579 jited_len=2103 xlated_len=3800 nr_jited_ksyms=1 ksym0=0xffffffffc0406a10 ksym1=0x0
[48.468855 pid=1940 tid=1954] BPF_MAP_UPDATE_ELEM prog_array name=sys_exit_init_t map_fd=16 map_id=129 key=125 prog_fd=69 prog_id=17 flags=0 ret=0 errno=0
[48.468923 pid=1940 tid=1954] native-loader jit-info prog_array-target fd=69 id=17 type=17 name=sys_exit_init tag=52c42200436dc579 jited_len=2103 xlated_len=3800 nr_jited_ksyms=1 ksym0=0xffffffffc0406a10 ksym1=0x0
[48.469001 pid=1940 tid=1954] BPF_MAP_UPDATE_ELEM prog_array name=sys_exit_init_t map_fd=16 map_id=129 key=126 prog_fd=69 prog_id=17 flags=0 ret=0 errno=0
[48.469097 pid=1940 tid=1954] native-loader jit-info prog_array-target fd=69 id=17 type=17 name=sys_exit_init tag=52c42200436dc579 jited_len=2103 xlated_len=3800 nr_jited_ksyms=1 ksym0=0xffffffffc0406a10 ksym1=0x0
[48.469199 pid=1940 tid=1954] BPF_MAP_UPDATE_ELEM prog_array name=sys_exit_init_t map_fd=16 map_id=129 key=127 prog_fd=69 prog_id=17 flags=0 ret=0 errno=0
[48.469297 pid=1940 tid=1954] native-loader jit-info prog_array-target fd=69 id=17 type=17 name=sys_exit_init tag=52c42200436dc579 jited_len=2103 xlated_len=3800 nr_jited_ksyms=1 ksym0=0xffffffffc0406a10 ksym1=0x0
[48.469369 pid=1940 tid=1954] BPF_MAP_UPDATE_ELEM prog_array name=sys_exit_init_t map_fd=16 map_id=129 key=128 prog_fd=69 prog_id=17 flags=0 ret=0 errno=0
[48.469467 pid=1940 tid=1954] native-loader jit-info prog_array-target fd=69 id=17 type=17 name=sys_exit_init tag=52c42200436dc579 jited_len=2103 xlated_len=3800 nr_jited_ksyms=1 ksym0=0xffffffffc0406a10 ksym1=0x0
[48.469540 pid=1940 tid=1954] BPF_MAP_UPDATE_ELEM prog_array name=sys_exit_init_t map_fd=16 map_id=129 key=129 prog_fd=69 prog_id=17 flags=0 ret=0 errno=0
[48.469607 pid=1940 tid=1954] native-loader jit-info prog_array-target fd=69 id=17 type=17 name=sys_exit_init tag=52c42200436dc579 jited_len=2103 xlated_len=3800 nr_jited_ksyms=1 ksym0=0xffffffffc0406a10 ksym1=0x0
[48.469680 pid=1940 tid=1954] BPF_MAP_UPDATE_ELEM prog_array name=sys_exit_init_t map_fd=16 map_id=129 key=130 prog_fd=69 prog_id=17 flags=0 ret=0 errno=0
[48.469777 pid=1940 tid=1954] native-loader jit-info prog_array-target fd=69 id=17 type=17 name=sys_exit_init tag=52c42200436dc579 jited_len=2103 xlated_len=3800 nr_jited_ksyms=1 ksym0=0xffffffffc0406a10 ksym1=0x0
[48.469880 pid=1940 tid=1954] BPF_MAP_UPDATE_ELEM prog_array name=sys_exit_init_t map_fd=16 map_id=129 key=131 prog_fd=69 prog_id=17 flags=0 ret=0 errno=0
[48.469950 pid=1940 tid=1954] native-loader jit-info prog_array-target fd=69 id=17 type=17 name=sys_exit_init tag=52c42200436dc579 jited_len=2103 xlated_len=3800 nr_jited_ksyms=1 ksym0=0xffffffffc0406a10 ksym1=0x0
[48.470053 pid=1940 tid=1954] BPF_MAP_UPDATE_ELEM prog_array name=sys_exit_init_t map_fd=16 map_id=129 key=132 prog_fd=69 prog_id=17 flags=0 ret=0 errno=0
[48.470149 pid=1940 tid=1954] native-loader jit-info prog_array-target fd=69 id=17 type=17 name=sys_exit_init tag=52c42200436dc579 jited_len=2103 xlated_len=3800 nr_jited_ksyms=1 ksym0=0xffffffffc0406a10 ksym1=0x0
[48.470225 pid=1940 tid=1954] BPF_MAP_UPDATE_ELEM prog_array name=sys_exit_init_t map_fd=16 map_id=129 key=133 prog_fd=69 prog_id=17 flags=0 ret=0 errno=0
[48.470290 pid=1940 tid=1954] native-loader jit-info prog_array-target fd=69 id=17 type=17 name=sys_exit_init tag=52c42200436dc579 jited_len=2103 xlated_len=3800 nr_jited_ksyms=1 ksym0=0xffffffffc0406a10 ksym1=0x0
[48.470363 pid=1940 tid=1954] BPF_MAP_UPDATE_ELEM prog_array name=sys_exit_init_t map_fd=16 map_id=129 key=134 prog_fd=69 prog_id=17 flags=0 ret=0 errno=0
[48.470431 pid=1940 tid=1954] native-loader jit-info prog_array-target fd=69 id=17 type=17 name=sys_exit_init tag=52c42200436dc579 jited_len=2103 xlated_len=3800 nr_jited_ksyms=1 ksym0=0xffffffffc0406a10 ksym1=0x0
[48.470504 pid=1940 tid=1954] BPF_MAP_UPDATE_ELEM prog_array name=sys_exit_init_t map_fd=16 map_id=129 key=135 prog_fd=69 prog_id=17 flags=0 ret=0 errno=0
[48.470804 pid=1940 tid=1954] native-loader jit-info prog_array-target fd=69 id=17 type=17 name=sys_exit_init tag=52c42200436dc579 jited_len=2103 xlated_len=3800 nr_jited_ksyms=1 ksym0=0xffffffffc0406a10 ksym1=0x0
[48.470884 pid=1940 tid=1954] BPF_MAP_UPDATE_ELEM prog_array name=sys_exit_init_t map_fd=16 map_id=129 key=136 prog_fd=69 prog_id=17 flags=0 ret=0 errno=0
[48.470959 pid=1940 tid=1954] native-loader jit-info prog_array-target fd=69 id=17 type=17 name=sys_exit_init tag=52c42200436dc579 jited_len=2103 xlated_len=3800 nr_jited_ksyms=1 ksym0=0xffffffffc0406a10 ksym1=0x0
[48.471061 pid=1940 tid=1954] BPF_MAP_UPDATE_ELEM prog_array name=sys_exit_init_t map_fd=16 map_id=129 key=137 prog_fd=69 prog_id=17 flags=0 ret=0 errno=0
[48.471129 pid=1940 tid=1954] native-loader jit-info prog_array-target fd=69 id=17 type=17 name=sys_exit_init tag=52c42200436dc579 jited_len=2103 xlated_len=3800 nr_jited_ksyms=1 ksym0=0xffffffffc0406a10 ksym1=0x0
[48.471202 pid=1940 tid=1954] BPF_MAP_UPDATE_ELEM prog_array name=sys_exit_init_t map_fd=16 map_id=129 key=138 prog_fd=69 prog_id=17 flags=0 ret=0 errno=0
[48.471270 pid=1940 tid=1954] native-loader jit-info prog_array-target fd=69 id=17 type=17 name=sys_exit_init tag=52c42200436dc579 jited_len=2103 xlated_len=3800 nr_jited_ksyms=1 ksym0=0xffffffffc0406a10 ksym1=0x0
[48.471343 pid=1940 tid=1954] BPF_MAP_UPDATE_ELEM prog_array name=sys_exit_init_t map_fd=16 map_id=129 key=139 prog_fd=69 prog_id=17 flags=0 ret=0 errno=0
[48.471410 pid=1940 tid=1954] native-loader jit-info prog_array-target fd=69 id=17 type=17 name=sys_exit_init tag=52c42200436dc579 jited_len=2103 xlated_len=3800 nr_jited_ksyms=1 ksym0=0xffffffffc0406a10 ksym1=0x0
[48.471512 pid=1940 tid=1954] BPF_MAP_UPDATE_ELEM prog_array name=sys_exit_init_t map_fd=16 map_id=129 key=140 prog_fd=69 prog_id=17 flags=0 ret=0 errno=0
[48.471609 pid=1940 tid=1954] native-loader jit-info prog_array-target fd=69 id=17 type=17 name=sys_exit_init tag=52c42200436dc579 jited_len=2103 xlated_len=3800 nr_jited_ksyms=1 ksym0=0xffffffffc0406a10 ksym1=0x0
[48.471683 pid=1940 tid=1954] BPF_MAP_UPDATE_ELEM prog_array name=sys_exit_init_t map_fd=16 map_id=129 key=141 prog_fd=69 prog_id=17 flags=0 ret=0 errno=0
[48.471750 pid=1940 tid=1954] native-loader jit-info prog_array-target fd=69 id=17 type=17 name=sys_exit_init tag=52c42200436dc579 jited_len=2103 xlated_len=3800 nr_jited_ksyms=1 ksym0=0xffffffffc0406a10 ksym1=0x0
[48.471823 pid=1940 tid=1954] BPF_MAP_UPDATE_ELEM prog_array name=sys_exit_init_t map_fd=16 map_id=129 key=142 prog_fd=69 prog_id=17 flags=0 ret=0 errno=0
[48.471891 pid=1940 tid=1954] native-loader jit-info prog_array-target fd=69 id=17 type=17 name=sys_exit_init tag=52c42200436dc579 jited_len=2103 xlated_len=3800 nr_jited_ksyms=1 ksym0=0xffffffffc0406a10 ksym1=0x0
[48.471966 pid=1940 tid=1954] BPF_MAP_UPDATE_ELEM prog_array name=sys_exit_init_t map_fd=16 map_id=129 key=143 prog_fd=69 prog_id=17 flags=0 ret=0 errno=0
[48.472034 pid=1940 tid=1954] native-loader jit-info prog_array-target fd=69 id=17 type=17 name=sys_exit_init tag=52c42200436dc579 jited_len=2103 xlated_len=3800 nr_jited_ksyms=1 ksym0=0xffffffffc0406a10 ksym1=0x0
[48.472106 pid=1940 tid=1954] BPF_MAP_UPDATE_ELEM prog_array name=sys_exit_init_t map_fd=16 map_id=129 key=144 prog_fd=69 prog_id=17 flags=0 ret=0 errno=0
[48.472175 pid=1940 tid=1954] native-loader jit-info prog_array-target fd=69 id=17 type=17 name=sys_exit_init tag=52c42200436dc579 jited_len=2103 xlated_len=3800 nr_jited_ksyms=1 ksym0=0xffffffffc0406a10 ksym1=0x0
[48.472247 pid=1940 tid=1954] BPF_MAP_UPDATE_ELEM prog_array name=sys_exit_init_t map_fd=16 map_id=129 key=145 prog_fd=69 prog_id=17 flags=0 ret=0 errno=0
[48.472315 pid=1940 tid=1954] native-loader jit-info prog_array-target fd=69 id=17 type=17 name=sys_exit_init tag=52c42200436dc579 jited_len=2103 xlated_len=3800 nr_jited_ksyms=1 ksym0=0xffffffffc0406a10 ksym1=0x0
[48.472387 pid=1940 tid=1954] BPF_MAP_UPDATE_ELEM prog_array name=sys_exit_init_t map_fd=16 map_id=129 key=146 prog_fd=69 prog_id=17 flags=0 ret=0 errno=0
[48.472455 pid=1940 tid=1954] native-loader jit-info prog_array-target fd=69 id=17 type=17 name=sys_exit_init tag=52c42200436dc579 jited_len=2103 xlated_len=3800 nr_jited_ksyms=1 ksym0=0xffffffffc0406a10 ksym1=0x0
[48.472556 pid=1940 tid=1954] BPF_MAP_UPDATE_ELEM prog_array name=sys_exit_init_t map_fd=16 map_id=129 key=147 prog_fd=69 prog_id=17 flags=0 ret=0 errno=0
[48.472625 pid=1940 tid=1954] native-loader jit-info prog_array-target fd=69 id=17 type=17 name=sys_exit_init tag=52c42200436dc579 jited_len=2103 xlated_len=3800 nr_jited_ksyms=1 ksym0=0xffffffffc0406a10 ksym1=0x0
[48.472699 pid=1940 tid=1954] BPF_MAP_UPDATE_ELEM prog_array name=sys_exit_init_t map_fd=16 map_id=129 key=148 prog_fd=69 prog_id=17 flags=0 ret=0 errno=0
[48.472767 pid=1940 tid=1954] native-loader jit-info prog_array-target fd=69 id=17 type=17 name=sys_exit_init tag=52c42200436dc579 jited_len=2103 xlated_len=3800 nr_jited_ksyms=1 ksym0=0xffffffffc0406a10 ksym1=0x0
[48.473355 pid=1940 tid=1954] BPF_MAP_UPDATE_ELEM prog_array name=sys_exit_init_t map_fd=16 map_id=129 key=149 prog_fd=69 prog_id=17 flags=0 ret=0 errno=0
[48.473865 pid=1940 tid=1954] native-loader jit-info prog_array-target fd=69 id=17 type=17 name=sys_exit_init tag=52c42200436dc579 jited_len=2103 xlated_len=3800 nr_jited_ksyms=1 ksym0=0xffffffffc0406a10 ksym1=0x0
[48.474204 pid=1940 tid=1954] BPF_MAP_UPDATE_ELEM prog_array name=sys_exit_init_t map_fd=16 map_id=129 key=150 prog_fd=69 prog_id=17 flags=0 ret=0 errno=0
[48.474508 pid=1940 tid=1954] native-loader jit-info prog_array-target fd=69 id=17 type=17 name=sys_exit_init tag=52c42200436dc579 jited_len=2103 xlated_len=3800 nr_jited_ksyms=1 ksym0=0xffffffffc0406a10 ksym1=0x0
[48.474917 pid=1940 tid=1954] BPF_MAP_UPDATE_ELEM prog_array name=sys_exit_init_t map_fd=16 map_id=129 key=151 prog_fd=69 prog_id=17 flags=0 ret=0 errno=0
[48.475177 pid=1940 tid=1954] native-loader jit-info prog_array-target fd=69 id=17 type=17 name=sys_exit_init tag=52c42200436dc579 jited_len=2103 xlated_len=3800 nr_jited_ksyms=1 ksym0=0xffffffffc0406a10 ksym1=0x0
[48.475523 pid=1940 tid=1954] BPF_MAP_UPDATE_ELEM prog_array name=sys_exit_init_t map_fd=16 map_id=129 key=152 prog_fd=69 prog_id=17 flags=0 ret=0 errno=0
[48.475703 pid=1940 tid=1954] native-loader jit-info prog_array-target fd=69 id=17 type=17 name=sys_exit_init tag=52c42200436dc579 jited_len=2103 xlated_len=3800 nr_jited_ksyms=1 ksym0=0xffffffffc0406a10 ksym1=0x0
[48.475772 pid=1940 tid=1954] BPF_MAP_UPDATE_ELEM prog_array name=sys_exit_init_t map_fd=16 map_id=129 key=153 prog_fd=69 prog_id=17 flags=0 ret=0 errno=0
[48.475869 pid=1940 tid=1954] native-loader jit-info prog_array-target fd=69 id=17 type=17 name=sys_exit_init tag=52c42200436dc579 jited_len=2103 xlated_len=3800 nr_jited_ksyms=1 ksym0=0xffffffffc0406a10 ksym1=0x0
[48.476240 pid=1940 tid=1954] BPF_MAP_UPDATE_ELEM prog_array name=sys_exit_init_t map_fd=16 map_id=129 key=154 prog_fd=69 prog_id=17 flags=0 ret=0 errno=0
[48.476554 pid=1940 tid=1954] native-loader jit-info prog_array-target fd=69 id=17 type=17 name=sys_exit_init tag=52c42200436dc579 jited_len=2103 xlated_len=3800 nr_jited_ksyms=1 ksym0=0xffffffffc0406a10 ksym1=0x0
[48.476782 pid=1940 tid=1954] BPF_MAP_UPDATE_ELEM prog_array name=sys_exit_init_t map_fd=16 map_id=129 key=155 prog_fd=69 prog_id=17 flags=0 ret=0 errno=0
[48.476886 pid=1940 tid=1954] native-loader jit-info prog_array-target fd=69 id=17 type=17 name=sys_exit_init tag=52c42200436dc579 jited_len=2103 xlated_len=3800 nr_jited_ksyms=1 ksym0=0xffffffffc0406a10 ksym1=0x0
[48.477182 pid=1940 tid=1954] BPF_MAP_UPDATE_ELEM prog_array name=sys_exit_init_t map_fd=16 map_id=129 key=156 prog_fd=69 prog_id=17 flags=0 ret=0 errno=0
[48.477372 pid=1940 tid=1954] native-loader jit-info prog_array-target fd=69 id=17 type=17 name=sys_exit_init tag=52c42200436dc579 jited_len=2103 xlated_len=3800 nr_jited_ksyms=1 ksym0=0xffffffffc0406a10 ksym1=0x0
[48.477443 pid=1940 tid=1954] BPF_MAP_UPDATE_ELEM prog_array name=sys_exit_init_t map_fd=16 map_id=129 key=157 prog_fd=69 prog_id=17 flags=0 ret=0 errno=0
[48.477540 pid=1940 tid=1954] native-loader jit-info prog_array-target fd=69 id=17 type=17 name=sys_exit_init tag=52c42200436dc579 jited_len=2103 xlated_len=3800 nr_jited_ksyms=1 ksym0=0xffffffffc0406a10 ksym1=0x0
[48.477611 pid=1940 tid=1954] BPF_MAP_UPDATE_ELEM prog_array name=sys_exit_init_t map_fd=16 map_id=129 key=159 prog_fd=69 prog_id=17 flags=0 ret=0 errno=0
[48.477679 pid=1940 tid=1954] native-loader jit-info prog_array-target fd=69 id=17 type=17 name=sys_exit_init tag=52c42200436dc579 jited_len=2103 xlated_len=3800 nr_jited_ksyms=1 ksym0=0xffffffffc0406a10 ksym1=0x0
[48.477751 pid=1940 tid=1954] BPF_MAP_UPDATE_ELEM prog_array name=sys_exit_init_t map_fd=16 map_id=129 key=160 prog_fd=69 prog_id=17 flags=0 ret=0 errno=0
[48.477820 pid=1940 tid=1954] native-loader jit-info prog_array-target fd=69 id=17 type=17 name=sys_exit_init tag=52c42200436dc579 jited_len=2103 xlated_len=3800 nr_jited_ksyms=1 ksym0=0xffffffffc0406a10 ksym1=0x0
[48.477921 pid=1940 tid=1954] BPF_MAP_UPDATE_ELEM prog_array name=sys_exit_init_t map_fd=16 map_id=129 key=161 prog_fd=69 prog_id=17 flags=0 ret=0 errno=0
[48.477995 pid=1940 tid=1954] native-loader jit-info prog_array-target fd=69 id=17 type=17 name=sys_exit_init tag=52c42200436dc579 jited_len=2103 xlated_len=3800 nr_jited_ksyms=1 ksym0=0xffffffffc0406a10 ksym1=0x0
[48.478095 pid=1940 tid=1954] BPF_MAP_UPDATE_ELEM prog_array name=sys_exit_init_t map_fd=16 map_id=129 key=162 prog_fd=69 prog_id=17 flags=0 ret=0 errno=0
[48.478192 pid=1940 tid=1954] native-loader jit-info prog_array-target fd=69 id=17 type=17 name=sys_exit_init tag=52c42200436dc579 jited_len=2103 xlated_len=3800 nr_jited_ksyms=1 ksym0=0xffffffffc0406a10 ksym1=0x0
[48.478265 pid=1940 tid=1954] BPF_MAP_UPDATE_ELEM prog_array name=sys_exit_init_t map_fd=16 map_id=129 key=163 prog_fd=69 prog_id=17 flags=0 ret=0 errno=0
[48.478333 pid=1940 tid=1954] native-loader jit-info prog_array-target fd=69 id=17 type=17 name=sys_exit_init tag=52c42200436dc579 jited_len=2103 xlated_len=3800 nr_jited_ksyms=1 ksym0=0xffffffffc0406a10 ksym1=0x0
[48.478406 pid=1940 tid=1954] BPF_MAP_UPDATE_ELEM prog_array name=sys_exit_init_t map_fd=16 map_id=129 key=164 prog_fd=69 prog_id=17 flags=0 ret=0 errno=0
[48.478474 pid=1940 tid=1954] native-loader jit-info prog_array-target fd=69 id=17 type=17 name=sys_exit_init tag=52c42200436dc579 jited_len=2103 xlated_len=3800 nr_jited_ksyms=1 ksym0=0xffffffffc0406a10 ksym1=0x0
[48.478547 pid=1940 tid=1954] BPF_MAP_UPDATE_ELEM prog_array name=sys_exit_init_t map_fd=16 map_id=129 key=165 prog_fd=69 prog_id=17 flags=0 ret=0 errno=0
[48.478713 pid=1940 tid=1954] native-loader jit-info prog_array-target fd=69 id=17 type=17 name=sys_exit_init tag=52c42200436dc579 jited_len=2103 xlated_len=3800 nr_jited_ksyms=1 ksym0=0xffffffffc0406a10 ksym1=0x0
[48.478786 pid=1940 tid=1954] BPF_MAP_UPDATE_ELEM prog_array name=sys_exit_init_t map_fd=16 map_id=129 key=166 prog_fd=69 prog_id=17 flags=0 ret=0 errno=0
[48.478854 pid=1940 tid=1954] native-loader jit-info prog_array-target fd=69 id=17 type=17 name=sys_exit_init tag=52c42200436dc579 jited_len=2103 xlated_len=3800 nr_jited_ksyms=1 ksym0=0xffffffffc0406a10 ksym1=0x0
[48.478928 pid=1940 tid=1954] BPF_MAP_UPDATE_ELEM prog_array name=sys_exit_init_t map_fd=16 map_id=129 key=167 prog_fd=69 prog_id=17 flags=0 ret=0 errno=0
[48.478999 pid=1940 tid=1954] native-loader jit-info prog_array-target fd=69 id=17 type=17 name=sys_exit_init tag=52c42200436dc579 jited_len=2103 xlated_len=3800 nr_jited_ksyms=1 ksym0=0xffffffffc0406a10 ksym1=0x0
[48.479073 pid=1940 tid=1954] BPF_MAP_UPDATE_ELEM prog_array name=sys_exit_init_t map_fd=16 map_id=129 key=168 prog_fd=69 prog_id=17 flags=0 ret=0 errno=0
[48.479139 pid=1940 tid=1954] native-loader jit-info prog_array-target fd=69 id=17 type=17 name=sys_exit_init tag=52c42200436dc579 jited_len=2103 xlated_len=3800 nr_jited_ksyms=1 ksym0=0xffffffffc0406a10 ksym1=0x0
[48.479212 pid=1940 tid=1954] BPF_MAP_UPDATE_ELEM prog_array name=sys_exit_init_t map_fd=16 map_id=129 key=169 prog_fd=69 prog_id=17 flags=0 ret=0 errno=0
[48.479279 pid=1940 tid=1954] native-loader jit-info prog_array-target fd=69 id=17 type=17 name=sys_exit_init tag=52c42200436dc579 jited_len=2103 xlated_len=3800 nr_jited_ksyms=1 ksym0=0xffffffffc0406a10 ksym1=0x0
[48.479381 pid=1940 tid=1954] BPF_MAP_UPDATE_ELEM prog_array name=sys_exit_init_t map_fd=16 map_id=129 key=170 prog_fd=69 prog_id=17 flags=0 ret=0 errno=0
[48.479479 pid=1940 tid=1954] native-loader jit-info prog_array-target fd=69 id=17 type=17 name=sys_exit_init tag=52c42200436dc579 jited_len=2103 xlated_len=3800 nr_jited_ksyms=1 ksym0=0xffffffffc0406a10 ksym1=0x0
[48.479580 pid=1940 tid=1954] BPF_MAP_UPDATE_ELEM prog_array name=sys_exit_init_t map_fd=16 map_id=129 key=171 prog_fd=69 prog_id=17 flags=0 ret=0 errno=0
[48.479648 pid=1940 tid=1954] native-loader jit-info prog_array-target fd=69 id=17 type=17 name=sys_exit_init tag=52c42200436dc579 jited_len=2103 xlated_len=3800 nr_jited_ksyms=1 ksym0=0xffffffffc0406a10 ksym1=0x0
[48.479721 pid=1940 tid=1954] BPF_MAP_UPDATE_ELEM prog_array name=sys_exit_init_t map_fd=16 map_id=129 key=172 prog_fd=69 prog_id=17 flags=0 ret=0 errno=0
[48.479789 pid=1940 tid=1954] native-loader jit-info prog_array-target fd=69 id=17 type=17 name=sys_exit_init tag=52c42200436dc579 jited_len=2103 xlated_len=3800 nr_jited_ksyms=1 ksym0=0xffffffffc0406a10 ksym1=0x0
[48.479862 pid=1940 tid=1954] BPF_MAP_UPDATE_ELEM prog_array name=sys_exit_init_t map_fd=16 map_id=129 key=173 prog_fd=69 prog_id=17 flags=0 ret=0 errno=0
[48.479929 pid=1940 tid=1954] native-loader jit-info prog_array-target fd=69 id=17 type=17 name=sys_exit_init tag=52c42200436dc579 jited_len=2103 xlated_len=3800 nr_jited_ksyms=1 ksym0=0xffffffffc0406a10 ksym1=0x0
[48.480041 pid=1940 tid=1954] BPF_MAP_UPDATE_ELEM prog_array name=sys_exit_init_t map_fd=16 map_id=129 key=174 prog_fd=69 prog_id=17 flags=0 ret=0 errno=0
[48.480407 pid=1940 tid=1954] native-loader jit-info prog_array-target fd=69 id=17 type=17 name=sys_exit_init tag=52c42200436dc579 jited_len=2103 xlated_len=3800 nr_jited_ksyms=1 ksym0=0xffffffffc0406a10 ksym1=0x0
[48.480706 pid=1940 tid=1954] BPF_MAP_UPDATE_ELEM prog_array name=sys_exit_init_t map_fd=16 map_id=129 key=175 prog_fd=69 prog_id=17 flags=0 ret=0 errno=0
[48.480799 pid=1940 tid=1954] native-loader jit-info prog_array-target fd=69 id=17 type=17 name=sys_exit_init tag=52c42200436dc579 jited_len=2103 xlated_len=3800 nr_jited_ksyms=1 ksym0=0xffffffffc0406a10 ksym1=0x0
[48.480864 pid=1940 tid=1954] BPF_MAP_UPDATE_ELEM prog_array name=sys_exit_init_t map_fd=16 map_id=129 key=176 prog_fd=69 prog_id=17 flags=0 ret=0 errno=0
[48.480935 pid=1940 tid=1954] native-loader jit-info prog_array-target fd=69 id=17 type=17 name=sys_exit_init tag=52c42200436dc579 jited_len=2103 xlated_len=3800 nr_jited_ksyms=1 ksym0=0xffffffffc0406a10 ksym1=0x0
[48.481057 pid=1940 tid=1954] BPF_MAP_UPDATE_ELEM prog_array name=sys_exit_init_t map_fd=16 map_id=129 key=177 prog_fd=69 prog_id=17 flags=0 ret=0 errno=0
[48.481457 pid=1940 tid=1954] native-loader jit-info prog_array-target fd=69 id=17 type=17 name=sys_exit_init tag=52c42200436dc579 jited_len=2103 xlated_len=3800 nr_jited_ksyms=1 ksym0=0xffffffffc0406a10 ksym1=0x0
[48.481661 pid=1940 tid=1954] BPF_MAP_UPDATE_ELEM prog_array name=sys_exit_init_t map_fd=16 map_id=129 key=178 prog_fd=69 prog_id=17 flags=0 ret=0 errno=0
[48.481735 pid=1940 tid=1954] native-loader jit-info prog_array-target fd=69 id=17 type=17 name=sys_exit_init tag=52c42200436dc579 jited_len=2103 xlated_len=3800 nr_jited_ksyms=1 ksym0=0xffffffffc0406a10 ksym1=0x0
[48.481968 pid=1940 tid=1954] BPF_MAP_UPDATE_ELEM prog_array name=sys_exit_init_t map_fd=16 map_id=129 key=179 prog_fd=69 prog_id=17 flags=0 ret=0 errno=0
[48.482084 pid=1940 tid=1954] native-loader jit-info prog_array-target fd=69 id=17 type=17 name=sys_exit_init tag=52c42200436dc579 jited_len=2103 xlated_len=3800 nr_jited_ksyms=1 ksym0=0xffffffffc0406a10 ksym1=0x0
[48.482162 pid=1940 tid=1954] BPF_MAP_UPDATE_ELEM prog_array name=sys_exit_init_t map_fd=16 map_id=129 key=180 prog_fd=69 prog_id=17 flags=0 ret=0 errno=0
[48.482226 pid=1940 tid=1954] native-loader jit-info prog_array-target fd=69 id=17 type=17 name=sys_exit_init tag=52c42200436dc579 jited_len=2103 xlated_len=3800 nr_jited_ksyms=1 ksym0=0xffffffffc0406a10 ksym1=0x0
[48.482329 pid=1940 tid=1954] BPF_MAP_UPDATE_ELEM prog_array name=sys_exit_init_t map_fd=16 map_id=129 key=181 prog_fd=69 prog_id=17 flags=0 ret=0 errno=0
[48.482426 pid=1940 tid=1954] native-loader jit-info prog_array-target fd=69 id=17 type=17 name=sys_exit_init tag=52c42200436dc579 jited_len=2103 xlated_len=3800 nr_jited_ksyms=1 ksym0=0xffffffffc0406a10 ksym1=0x0
[48.482499 pid=1940 tid=1954] BPF_MAP_UPDATE_ELEM prog_array name=sys_exit_init_t map_fd=16 map_id=129 key=182 prog_fd=69 prog_id=17 flags=0 ret=0 errno=0
[48.482565 pid=1940 tid=1954] native-loader jit-info prog_array-target fd=69 id=17 type=17 name=sys_exit_init tag=52c42200436dc579 jited_len=2103 xlated_len=3800 nr_jited_ksyms=1 ksym0=0xffffffffc0406a10 ksym1=0x0
[48.482637 pid=1940 tid=1954] BPF_MAP_UPDATE_ELEM prog_array name=sys_exit_init_t map_fd=16 map_id=129 key=183 prog_fd=69 prog_id=17 flags=0 ret=0 errno=0
[48.482706 pid=1940 tid=1954] native-loader jit-info prog_array-target fd=69 id=17 type=17 name=sys_exit_init tag=52c42200436dc579 jited_len=2103 xlated_len=3800 nr_jited_ksyms=1 ksym0=0xffffffffc0406a10 ksym1=0x0
[48.482779 pid=1940 tid=1954] BPF_MAP_UPDATE_ELEM prog_array name=sys_exit_init_t map_fd=16 map_id=129 key=184 prog_fd=69 prog_id=17 flags=0 ret=0 errno=0
[48.482848 pid=1940 tid=1954] native-loader jit-info prog_array-target fd=69 id=17 type=17 name=sys_exit_init tag=52c42200436dc579 jited_len=2103 xlated_len=3800 nr_jited_ksyms=1 ksym0=0xffffffffc0406a10 ksym1=0x0
[48.482920 pid=1940 tid=1954] BPF_MAP_UPDATE_ELEM prog_array name=sys_exit_init_t map_fd=16 map_id=129 key=185 prog_fd=69 prog_id=17 flags=0 ret=0 errno=0
[48.482994 pid=1940 tid=1954] native-loader jit-info prog_array-target fd=69 id=17 type=17 name=sys_exit_init tag=52c42200436dc579 jited_len=2103 xlated_len=3800 nr_jited_ksyms=1 ksym0=0xffffffffc0406a10 ksym1=0x0
[48.483096 pid=1940 tid=1954] BPF_MAP_UPDATE_ELEM prog_array name=sys_exit_init_t map_fd=16 map_id=129 key=186 prog_fd=69 prog_id=17 flags=0 ret=0 errno=0
[48.483164 pid=1940 tid=1954] native-loader jit-info prog_array-target fd=69 id=17 type=17 name=sys_exit_init tag=52c42200436dc579 jited_len=2103 xlated_len=3800 nr_jited_ksyms=1 ksym0=0xffffffffc0406a10 ksym1=0x0
[48.483236 pid=1940 tid=1954] BPF_MAP_UPDATE_ELEM prog_array name=sys_exit_init_t map_fd=16 map_id=129 key=187 prog_fd=69 prog_id=17 flags=0 ret=0 errno=0
[48.483332 pid=1940 tid=1954] native-loader jit-info prog_array-target fd=69 id=17 type=17 name=sys_exit_init tag=52c42200436dc579 jited_len=2103 xlated_len=3800 nr_jited_ksyms=1 ksym0=0xffffffffc0406a10 ksym1=0x0
[48.483404 pid=1940 tid=1954] BPF_MAP_UPDATE_ELEM prog_array name=sys_exit_init_t map_fd=16 map_id=129 key=188 prog_fd=69 prog_id=17 flags=0 ret=0 errno=0
[48.483471 pid=1940 tid=1954] native-loader jit-info prog_array-target fd=69 id=17 type=17 name=sys_exit_init tag=52c42200436dc579 jited_len=2103 xlated_len=3800 nr_jited_ksyms=1 ksym0=0xffffffffc0406a10 ksym1=0x0
[48.483543 pid=1940 tid=1954] BPF_MAP_UPDATE_ELEM prog_array name=sys_exit_init_t map_fd=16 map_id=129 key=189 prog_fd=69 prog_id=17 flags=0 ret=0 errno=0
[48.483611 pid=1940 tid=1954] native-loader jit-info prog_array-target fd=69 id=17 type=17 name=sys_exit_init tag=52c42200436dc579 jited_len=2103 xlated_len=3800 nr_jited_ksyms=1 ksym0=0xffffffffc0406a10 ksym1=0x0
[48.483684 pid=1940 tid=1954] BPF_MAP_UPDATE_ELEM prog_array name=sys_exit_init_t map_fd=16 map_id=129 key=190 prog_fd=69 prog_id=17 flags=0 ret=0 errno=0
[48.483751 pid=1940 tid=1954] native-loader jit-info prog_array-target fd=69 id=17 type=17 name=sys_exit_init tag=52c42200436dc579 jited_len=2103 xlated_len=3800 nr_jited_ksyms=1 ksym0=0xffffffffc0406a10 ksym1=0x0
[48.483824 pid=1940 tid=1954] BPF_MAP_UPDATE_ELEM prog_array name=sys_exit_init_t map_fd=16 map_id=129 key=191 prog_fd=69 prog_id=17 flags=0 ret=0 errno=0
[48.483908 pid=1940 tid=1954] native-loader jit-info prog_array-target fd=69 id=17 type=17 name=sys_exit_init tag=52c42200436dc579 jited_len=2103 xlated_len=3800 nr_jited_ksyms=1 ksym0=0xffffffffc0406a10 ksym1=0x0
[48.483983 pid=1940 tid=1954] BPF_MAP_UPDATE_ELEM prog_array name=sys_exit_init_t map_fd=16 map_id=129 key=192 prog_fd=69 prog_id=17 flags=0 ret=0 errno=0
[48.484050 pid=1940 tid=1954] native-loader jit-info prog_array-target fd=69 id=17 type=17 name=sys_exit_init tag=52c42200436dc579 jited_len=2103 xlated_len=3800 nr_jited_ksyms=1 ksym0=0xffffffffc0406a10 ksym1=0x0
[48.484151 pid=1940 tid=1954] BPF_MAP_UPDATE_ELEM prog_array name=sys_exit_init_t map_fd=16 map_id=129 key=193 prog_fd=69 prog_id=17 flags=0 ret=0 errno=0
[48.484218 pid=1940 tid=1954] native-loader jit-info prog_array-target fd=69 id=17 type=17 name=sys_exit_init tag=52c42200436dc579 jited_len=2103 xlated_len=3800 nr_jited_ksyms=1 ksym0=0xffffffffc0406a10 ksym1=0x0
[48.484290 pid=1940 tid=1954] BPF_MAP_UPDATE_ELEM prog_array name=sys_exit_init_t map_fd=16 map_id=129 key=194 prog_fd=69 prog_id=17 flags=0 ret=0 errno=0
[48.484485 pid=1940 tid=1954] native-loader jit-info prog_array-target fd=69 id=17 type=17 name=sys_exit_init tag=52c42200436dc579 jited_len=2103 xlated_len=3800 nr_jited_ksyms=1 ksym0=0xffffffffc0406a10 ksym1=0x0
[48.484562 pid=1940 tid=1954] BPF_MAP_UPDATE_ELEM prog_array name=sys_exit_init_t map_fd=16 map_id=129 key=195 prog_fd=69 prog_id=17 flags=0 ret=0 errno=0
[48.484626 pid=1940 tid=1954] native-loader jit-info prog_array-target fd=69 id=17 type=17 name=sys_exit_init tag=52c42200436dc579 jited_len=2103 xlated_len=3800 nr_jited_ksyms=1 ksym0=0xffffffffc0406a10 ksym1=0x0
[48.484698 pid=1940 tid=1954] BPF_MAP_UPDATE_ELEM prog_array name=sys_exit_init_t map_fd=16 map_id=129 key=196 prog_fd=69 prog_id=17 flags=0 ret=0 errno=0
[48.484795 pid=1940 tid=1954] native-loader jit-info prog_array-target fd=69 id=17 type=17 name=sys_exit_init tag=52c42200436dc579 jited_len=2103 xlated_len=3800 nr_jited_ksyms=1 ksym0=0xffffffffc0406a10 ksym1=0x0
[48.484869 pid=1940 tid=1954] BPF_MAP_UPDATE_ELEM prog_array name=sys_exit_init_t map_fd=16 map_id=129 key=197 prog_fd=69 prog_id=17 flags=0 ret=0 errno=0
[48.484941 pid=1940 tid=1954] native-loader jit-info prog_array-target fd=69 id=17 type=17 name=sys_exit_init tag=52c42200436dc579 jited_len=2103 xlated_len=3800 nr_jited_ksyms=1 ksym0=0xffffffffc0406a10 ksym1=0x0
[48.485013 pid=1940 tid=1954] BPF_MAP_UPDATE_ELEM prog_array name=sys_exit_init_t map_fd=16 map_id=129 key=198 prog_fd=69 prog_id=17 flags=0 ret=0 errno=0
[48.485080 pid=1940 tid=1954] native-loader jit-info prog_array-target fd=69 id=17 type=17 name=sys_exit_init tag=52c42200436dc579 jited_len=2103 xlated_len=3800 nr_jited_ksyms=1 ksym0=0xffffffffc0406a10 ksym1=0x0
[48.485153 pid=1940 tid=1954] BPF_MAP_UPDATE_ELEM prog_array name=sys_exit_init_t map_fd=16 map_id=129 key=199 prog_fd=69 prog_id=17 flags=0 ret=0 errno=0
[48.485304 pid=1940 tid=1954] native-loader jit-info prog_array-target fd=69 id=17 type=17 name=sys_exit_init tag=52c42200436dc579 jited_len=2103 xlated_len=3800 nr_jited_ksyms=1 ksym0=0xffffffffc0406a10 ksym1=0x0
[48.485504 pid=1940 tid=1954] BPF_MAP_UPDATE_ELEM prog_array name=sys_exit_init_t map_fd=16 map_id=129 key=200 prog_fd=69 prog_id=17 flags=0 ret=0 errno=0
[48.485570 pid=1940 tid=1954] native-loader jit-info prog_array-target fd=69 id=17 type=17 name=sys_exit_init tag=52c42200436dc579 jited_len=2103 xlated_len=3800 nr_jited_ksyms=1 ksym0=0xffffffffc0406a10 ksym1=0x0
[48.485642 pid=1940 tid=1954] BPF_MAP_UPDATE_ELEM prog_array name=sys_exit_init_t map_fd=16 map_id=129 key=201 prog_fd=69 prog_id=17 flags=0 ret=0 errno=0
[48.485710 pid=1940 tid=1954] native-loader jit-info prog_array-target fd=69 id=17 type=17 name=sys_exit_init tag=52c42200436dc579 jited_len=2103 xlated_len=3800 nr_jited_ksyms=1 ksym0=0xffffffffc0406a10 ksym1=0x0
[48.485783 pid=1940 tid=1954] BPF_MAP_UPDATE_ELEM prog_array name=sys_exit_init_t map_fd=16 map_id=129 key=202 prog_fd=69 prog_id=17 flags=0 ret=0 errno=0
[48.485849 pid=1940 tid=1954] native-loader jit-info prog_array-target fd=69 id=17 type=17 name=sys_exit_init tag=52c42200436dc579 jited_len=2103 xlated_len=3800 nr_jited_ksyms=1 ksym0=0xffffffffc0406a10 ksym1=0x0
[48.485921 pid=1940 tid=1954] BPF_MAP_UPDATE_ELEM prog_array name=sys_exit_init_t map_fd=16 map_id=129 key=203 prog_fd=69 prog_id=17 flags=0 ret=0 errno=0
[48.485993 pid=1940 tid=1954] native-loader jit-info prog_array-target fd=69 id=17 type=17 name=sys_exit_init tag=52c42200436dc579 jited_len=2103 xlated_len=3800 nr_jited_ksyms=1 ksym0=0xffffffffc0406a10 ksym1=0x0
[48.486065 pid=1940 tid=1954] BPF_MAP_UPDATE_ELEM prog_array name=sys_exit_init_t map_fd=16 map_id=129 key=204 prog_fd=69 prog_id=17 flags=0 ret=0 errno=0
[48.486132 pid=1940 tid=1954] native-loader jit-info prog_array-target fd=69 id=17 type=17 name=sys_exit_init tag=52c42200436dc579 jited_len=2103 xlated_len=3800 nr_jited_ksyms=1 ksym0=0xffffffffc0406a10 ksym1=0x0
[48.486204 pid=1940 tid=1954] BPF_MAP_UPDATE_ELEM prog_array name=sys_exit_init_t map_fd=16 map_id=129 key=205 prog_fd=69 prog_id=17 flags=0 ret=0 errno=0
[48.486272 pid=1940 tid=1954] native-loader jit-info prog_array-target fd=69 id=17 type=17 name=sys_exit_init tag=52c42200436dc579 jited_len=2103 xlated_len=3800 nr_jited_ksyms=1 ksym0=0xffffffffc0406a10 ksym1=0x0
[48.486346 pid=1940 tid=1954] BPF_MAP_UPDATE_ELEM prog_array name=sys_exit_init_t map_fd=16 map_id=129 key=206 prog_fd=69 prog_id=17 flags=0 ret=0 errno=0
[48.486414 pid=1940 tid=1954] native-loader jit-info prog_array-target fd=69 id=17 type=17 name=sys_exit_init tag=52c42200436dc579 jited_len=2103 xlated_len=3800 nr_jited_ksyms=1 ksym0=0xffffffffc0406a10 ksym1=0x0
[48.486517 pid=1940 tid=1954] BPF_MAP_UPDATE_ELEM prog_array name=sys_exit_init_t map_fd=16 map_id=129 key=207 prog_fd=69 prog_id=17 flags=0 ret=0 errno=0
[48.486585 pid=1940 tid=1954] native-loader jit-info prog_array-target fd=69 id=17 type=17 name=sys_exit_init tag=52c42200436dc579 jited_len=2103 xlated_len=3800 nr_jited_ksyms=1 ksym0=0xffffffffc0406a10 ksym1=0x0
[48.486777 pid=1940 tid=1954] BPF_MAP_UPDATE_ELEM prog_array name=sys_exit_init_t map_fd=16 map_id=129 key=208 prog_fd=69 prog_id=17 flags=0 ret=0 errno=0
[48.487155 pid=1940 tid=1954] native-loader jit-info prog_array-target fd=69 id=17 type=17 name=sys_exit_init tag=52c42200436dc579 jited_len=2103 xlated_len=3800 nr_jited_ksyms=1 ksym0=0xffffffffc0406a10 ksym1=0x0
[48.487236 pid=1940 tid=1954] BPF_MAP_UPDATE_ELEM prog_array name=sys_exit_init_t map_fd=16 map_id=129 key=209 prog_fd=69 prog_id=17 flags=0 ret=0 errno=0
[48.487302 pid=1940 tid=1954] native-loader jit-info prog_array-target fd=69 id=17 type=17 name=sys_exit_init tag=52c42200436dc579 jited_len=2103 xlated_len=3800 nr_jited_ksyms=1 ksym0=0xffffffffc0406a10 ksym1=0x0
[48.487376 pid=1940 tid=1954] BPF_MAP_UPDATE_ELEM prog_array name=sys_exit_init_t map_fd=16 map_id=129 key=210 prog_fd=69 prog_id=17 flags=0 ret=0 errno=0
[48.487443 pid=1940 tid=1954] native-loader jit-info prog_array-target fd=69 id=17 type=17 name=sys_exit_init tag=52c42200436dc579 jited_len=2103 xlated_len=3800 nr_jited_ksyms=1 ksym0=0xffffffffc0406a10 ksym1=0x0
[48.487516 pid=1940 tid=1954] BPF_MAP_UPDATE_ELEM prog_array name=sys_exit_init_t map_fd=16 map_id=129 key=211 prog_fd=69 prog_id=17 flags=0 ret=0 errno=0
[48.487584 pid=1940 tid=1954] native-loader jit-info prog_array-target fd=69 id=17 type=17 name=sys_exit_init tag=52c42200436dc579 jited_len=2103 xlated_len=3800 nr_jited_ksyms=1 ksym0=0xffffffffc0406a10 ksym1=0x0
[48.487656 pid=1940 tid=1954] BPF_MAP_UPDATE_ELEM prog_array name=sys_exit_init_t map_fd=16 map_id=129 key=212 prog_fd=69 prog_id=17 flags=0 ret=0 errno=0
[48.487753 pid=1940 tid=1954] native-loader jit-info prog_array-target fd=69 id=17 type=17 name=sys_exit_init tag=52c42200436dc579 jited_len=2103 xlated_len=3800 nr_jited_ksyms=1 ksym0=0xffffffffc0406a10 ksym1=0x0
[48.487826 pid=1940 tid=1954] BPF_MAP_UPDATE_ELEM prog_array name=sys_exit_init_t map_fd=16 map_id=129 key=213 prog_fd=69 prog_id=17 flags=0 ret=0 errno=0
[48.487895 pid=1940 tid=1954] native-loader jit-info prog_array-target fd=69 id=17 type=17 name=sys_exit_init tag=52c42200436dc579 jited_len=2103 xlated_len=3800 nr_jited_ksyms=1 ksym0=0xffffffffc0406a10 ksym1=0x0
[48.487973 pid=1940 tid=1954] BPF_MAP_UPDATE_ELEM prog_array name=sys_exit_init_t map_fd=16 map_id=129 key=214 prog_fd=69 prog_id=17 flags=0 ret=0 errno=0
[48.488041 pid=1940 tid=1954] native-loader jit-info prog_array-target fd=69 id=17 type=17 name=sys_exit_init tag=52c42200436dc579 jited_len=2103 xlated_len=3800 nr_jited_ksyms=1 ksym0=0xffffffffc0406a10 ksym1=0x0
[48.488143 pid=1940 tid=1954] BPF_MAP_UPDATE_ELEM prog_array name=sys_exit_init_t map_fd=16 map_id=129 key=215 prog_fd=69 prog_id=17 flags=0 ret=0 errno=0
[48.488212 pid=1940 tid=1954] native-loader jit-info prog_array-target fd=69 id=17 type=17 name=sys_exit_init tag=52c42200436dc579 jited_len=2103 xlated_len=3800 nr_jited_ksyms=1 ksym0=0xffffffffc0406a10 ksym1=0x0
[48.488285 pid=1940 tid=1954] BPF_MAP_UPDATE_ELEM prog_array name=sys_exit_init_t map_fd=16 map_id=129 key=216 prog_fd=69 prog_id=17 flags=0 ret=0 errno=0
[48.488382 pid=1940 tid=1954] native-loader jit-info prog_array-target fd=69 id=17 type=17 name=sys_exit_init tag=52c42200436dc579 jited_len=2103 xlated_len=3800 nr_jited_ksyms=1 ksym0=0xffffffffc0406a10 ksym1=0x0
[48.488455 pid=1940 tid=1954] BPF_MAP_UPDATE_ELEM prog_array name=sys_exit_init_t map_fd=16 map_id=129 key=217 prog_fd=69 prog_id=17 flags=0 ret=0 errno=0
[48.488523 pid=1940 tid=1954] native-loader jit-info prog_array-target fd=69 id=17 type=17 name=sys_exit_init tag=52c42200436dc579 jited_len=2103 xlated_len=3800 nr_jited_ksyms=1 ksym0=0xffffffffc0406a10 ksym1=0x0
[48.488596 pid=1940 tid=1954] BPF_MAP_UPDATE_ELEM prog_array name=sys_exit_init_t map_fd=16 map_id=129 key=218 prog_fd=69 prog_id=17 flags=0 ret=0 errno=0
[48.488693 pid=1940 tid=1954] native-loader jit-info prog_array-target fd=69 id=17 type=17 name=sys_exit_init tag=52c42200436dc579 jited_len=2103 xlated_len=3800 nr_jited_ksyms=1 ksym0=0xffffffffc0406a10 ksym1=0x0
[48.488794 pid=1940 tid=1954] BPF_MAP_UPDATE_ELEM prog_array name=sys_exit_init_t map_fd=16 map_id=129 key=219 prog_fd=69 prog_id=17 flags=0 ret=0 errno=0
[48.488863 pid=1940 tid=1954] native-loader jit-info prog_array-target fd=69 id=17 type=17 name=sys_exit_init tag=52c42200436dc579 jited_len=2103 xlated_len=3800 nr_jited_ksyms=1 ksym0=0xffffffffc0406a10 ksym1=0x0
[48.488939 pid=1940 tid=1954] BPF_MAP_UPDATE_ELEM prog_array name=sys_exit_init_t map_fd=16 map_id=129 key=220 prog_fd=69 prog_id=17 flags=0 ret=0 errno=0
[48.489007 pid=1940 tid=1954] native-loader jit-info prog_array-target fd=69 id=17 type=17 name=sys_exit_init tag=52c42200436dc579 jited_len=2103 xlated_len=3800 nr_jited_ksyms=1 ksym0=0xffffffffc0406a10 ksym1=0x0
[48.489080 pid=1940 tid=1954] BPF_MAP_UPDATE_ELEM prog_array name=sys_exit_init_t map_fd=16 map_id=129 key=221 prog_fd=69 prog_id=17 flags=0 ret=0 errno=0
[48.489148 pid=1940 tid=1954] native-loader jit-info prog_array-target fd=69 id=17 type=17 name=sys_exit_init tag=52c42200436dc579 jited_len=2103 xlated_len=3800 nr_jited_ksyms=1 ksym0=0xffffffffc0406a10 ksym1=0x0
[48.489222 pid=1940 tid=1954] BPF_MAP_UPDATE_ELEM prog_array name=sys_exit_init_t map_fd=16 map_id=129 key=222 prog_fd=69 prog_id=17 flags=0 ret=0 errno=0
[48.489290 pid=1940 tid=1954] native-loader jit-info prog_array-target fd=69 id=17 type=17 name=sys_exit_init tag=52c42200436dc579 jited_len=2103 xlated_len=3800 nr_jited_ksyms=1 ksym0=0xffffffffc0406a10 ksym1=0x0
[48.489363 pid=1940 tid=1954] BPF_MAP_UPDATE_ELEM prog_array name=sys_exit_init_t map_fd=16 map_id=129 key=223 prog_fd=69 prog_id=17 flags=0 ret=0 errno=0
[48.489669 pid=1940 tid=1954] native-loader jit-info prog_array-target fd=69 id=17 type=17 name=sys_exit_init tag=52c42200436dc579 jited_len=2103 xlated_len=3800 nr_jited_ksyms=1 ksym0=0xffffffffc0406a10 ksym1=0x0
[48.489755 pid=1940 tid=1954] BPF_MAP_UPDATE_ELEM prog_array name=sys_exit_init_t map_fd=16 map_id=129 key=224 prog_fd=69 prog_id=17 flags=0 ret=0 errno=0
[48.489821 pid=1940 tid=1954] native-loader jit-info prog_array-target fd=69 id=17 type=17 name=sys_exit_init tag=52c42200436dc579 jited_len=2103 xlated_len=3800 nr_jited_ksyms=1 ksym0=0xffffffffc0406a10 ksym1=0x0
[48.489925 pid=1940 tid=1954] BPF_MAP_UPDATE_ELEM prog_array name=sys_exit_init_t map_fd=16 map_id=129 key=225 prog_fd=69 prog_id=17 flags=0 ret=0 errno=0
[48.490417 pid=1940 tid=1954] native-loader jit-info prog_array-target fd=69 id=17 type=17 name=sys_exit_init tag=52c42200436dc579 jited_len=2103 xlated_len=3800 nr_jited_ksyms=1 ksym0=0xffffffffc0406a10 ksym1=0x0
[48.490539 pid=1940 tid=1954] BPF_MAP_UPDATE_ELEM prog_array name=sys_exit_init_t map_fd=16 map_id=129 key=226 prog_fd=69 prog_id=17 flags=0 ret=0 errno=0
[48.490619 pid=1940 tid=1954] native-loader jit-info prog_array-target fd=69 id=17 type=17 name=sys_exit_init tag=52c42200436dc579 jited_len=2103 xlated_len=3800 nr_jited_ksyms=1 ksym0=0xffffffffc0406a10 ksym1=0x0
[48.490692 pid=1940 tid=1954] BPF_MAP_UPDATE_ELEM prog_array name=sys_exit_init_t map_fd=16 map_id=129 key=227 prog_fd=69 prog_id=17 flags=0 ret=0 errno=0
[48.490761 pid=1940 tid=1954] native-loader jit-info prog_array-target fd=69 id=17 type=17 name=sys_exit_init tag=52c42200436dc579 jited_len=2103 xlated_len=3800 nr_jited_ksyms=1 ksym0=0xffffffffc0406a10 ksym1=0x0
[48.490863 pid=1940 tid=1954] BPF_MAP_UPDATE_ELEM prog_array name=sys_exit_init_t map_fd=16 map_id=129 key=228 prog_fd=69 prog_id=17 flags=0 ret=0 errno=0
[48.491179 pid=1940 tid=1954] native-loader jit-info prog_array-target fd=69 id=17 type=17 name=sys_exit_init tag=52c42200436dc579 jited_len=2103 xlated_len=3800 nr_jited_ksyms=1 ksym0=0xffffffffc0406a10 ksym1=0x0
[48.491527 pid=1940 tid=1954] BPF_MAP_UPDATE_ELEM prog_array name=sys_exit_init_t map_fd=16 map_id=129 key=229 prog_fd=69 prog_id=17 flags=0 ret=0 errno=0
[48.491619 pid=1940 tid=1954] native-loader jit-info prog_array-target fd=69 id=17 type=17 name=sys_exit_init tag=52c42200436dc579 jited_len=2103 xlated_len=3800 nr_jited_ksyms=1 ksym0=0xffffffffc0406a10 ksym1=0x0
[48.491716 pid=1940 tid=1954] BPF_MAP_UPDATE_ELEM prog_array name=sys_exit_init_t map_fd=16 map_id=129 key=230 prog_fd=69 prog_id=17 flags=0 ret=0 errno=0
[48.491780 pid=1940 tid=1954] native-loader jit-info prog_array-target fd=69 id=17 type=17 name=sys_exit_init tag=52c42200436dc579 jited_len=2103 xlated_len=3800 nr_jited_ksyms=1 ksym0=0xffffffffc0406a10 ksym1=0x0
[48.491852 pid=1940 tid=1954] BPF_MAP_UPDATE_ELEM prog_array name=sys_exit_init_t map_fd=16 map_id=129 key=231 prog_fd=69 prog_id=17 flags=0 ret=0 errno=0
[48.491919 pid=1940 tid=1954] native-loader jit-info prog_array-target fd=69 id=17 type=17 name=sys_exit_init tag=52c42200436dc579 jited_len=2103 xlated_len=3800 nr_jited_ksyms=1 ksym0=0xffffffffc0406a10 ksym1=0x0
[48.491997 pid=1940 tid=1954] BPF_MAP_UPDATE_ELEM prog_array name=sys_exit_init_t map_fd=16 map_id=129 key=232 prog_fd=69 prog_id=17 flags=0 ret=0 errno=0
[48.492068 pid=1940 tid=1954] native-loader jit-info prog_array-target fd=69 id=17 type=17 name=sys_exit_init tag=52c42200436dc579 jited_len=2103 xlated_len=3800 nr_jited_ksyms=1 ksym0=0xffffffffc0406a10 ksym1=0x0
[48.492145 pid=1940 tid=1954] BPF_MAP_UPDATE_ELEM prog_array name=sys_exit_init_t map_fd=16 map_id=129 key=233 prog_fd=69 prog_id=17 flags=0 ret=0 errno=0
[48.492214 pid=1940 tid=1954] native-loader jit-info prog_array-target fd=69 id=17 type=17 name=sys_exit_init tag=52c42200436dc579 jited_len=2103 xlated_len=3800 nr_jited_ksyms=1 ksym0=0xffffffffc0406a10 ksym1=0x0
[48.492288 pid=1940 tid=1954] BPF_MAP_UPDATE_ELEM prog_array name=sys_exit_init_t map_fd=16 map_id=129 key=234 prog_fd=69 prog_id=17 flags=0 ret=0 errno=0
[48.492607 pid=1940 tid=1954] native-loader jit-info prog_array-target fd=69 id=17 type=17 name=sys_exit_init tag=52c42200436dc579 jited_len=2103 xlated_len=3800 nr_jited_ksyms=1 ksym0=0xffffffffc0406a10 ksym1=0x0
[48.492718 pid=1940 tid=1954] BPF_MAP_UPDATE_ELEM prog_array name=sys_exit_init_t map_fd=16 map_id=129 key=235 prog_fd=69 prog_id=17 flags=0 ret=0 errno=0
[48.492789 pid=1940 tid=1954] native-loader jit-info prog_array-target fd=69 id=17 type=17 name=sys_exit_init tag=52c42200436dc579 jited_len=2103 xlated_len=3800 nr_jited_ksyms=1 ksym0=0xffffffffc0406a10 ksym1=0x0
[48.492870 pid=1940 tid=1954] BPF_MAP_UPDATE_ELEM prog_array name=sys_exit_init_t map_fd=16 map_id=129 key=236 prog_fd=69 prog_id=17 flags=0 ret=0 errno=0
[48.493415 pid=1940 tid=1954] native-loader jit-info prog_array-target fd=69 id=17 type=17 name=sys_exit_init tag=52c42200436dc579 jited_len=2103 xlated_len=3800 nr_jited_ksyms=1 ksym0=0xffffffffc0406a10 ksym1=0x0
[48.493672 pid=1940 tid=1954] BPF_MAP_UPDATE_ELEM prog_array name=sys_exit_init_t map_fd=16 map_id=129 key=237 prog_fd=69 prog_id=17 flags=0 ret=0 errno=0
[48.493774 pid=1940 tid=1954] native-loader jit-info prog_array-target fd=69 id=17 type=17 name=sys_exit_init tag=52c42200436dc579 jited_len=2103 xlated_len=3800 nr_jited_ksyms=1 ksym0=0xffffffffc0406a10 ksym1=0x0
[48.493864 pid=1940 tid=1954] BPF_MAP_UPDATE_ELEM prog_array name=sys_exit_init_t map_fd=16 map_id=129 key=238 prog_fd=69 prog_id=17 flags=0 ret=0 errno=0
[48.493951 pid=1940 tid=1954] native-loader jit-info prog_array-target fd=69 id=17 type=17 name=sys_exit_init tag=52c42200436dc579 jited_len=2103 xlated_len=3800 nr_jited_ksyms=1 ksym0=0xffffffffc0406a10 ksym1=0x0
[48.494043 pid=1940 tid=1954] BPF_MAP_UPDATE_ELEM prog_array name=sys_exit_init_t map_fd=16 map_id=129 key=239 prog_fd=69 prog_id=17 flags=0 ret=0 errno=0
[48.494129 pid=1940 tid=1954] native-loader jit-info prog_array-target fd=69 id=17 type=17 name=sys_exit_init tag=52c42200436dc579 jited_len=2103 xlated_len=3800 nr_jited_ksyms=1 ksym0=0xffffffffc0406a10 ksym1=0x0
[48.494220 pid=1940 tid=1954] BPF_MAP_UPDATE_ELEM prog_array name=sys_exit_init_t map_fd=16 map_id=129 key=240 prog_fd=69 prog_id=17 flags=0 ret=0 errno=0
[48.494305 pid=1940 tid=1954] native-loader jit-info prog_array-target fd=69 id=17 type=17 name=sys_exit_init tag=52c42200436dc579 jited_len=2103 xlated_len=3800 nr_jited_ksyms=1 ksym0=0xffffffffc0406a10 ksym1=0x0
[48.494397 pid=1940 tid=1954] BPF_MAP_UPDATE_ELEM prog_array name=sys_exit_init_t map_fd=16 map_id=129 key=241 prog_fd=69 prog_id=17 flags=0 ret=0 errno=0
[48.494482 pid=1940 tid=1954] native-loader jit-info prog_array-target fd=69 id=17 type=17 name=sys_exit_init tag=52c42200436dc579 jited_len=2103 xlated_len=3800 nr_jited_ksyms=1 ksym0=0xffffffffc0406a10 ksym1=0x0
[48.494574 pid=1940 tid=1954] BPF_MAP_UPDATE_ELEM prog_array name=sys_exit_init_t map_fd=16 map_id=129 key=242 prog_fd=69 prog_id=17 flags=0 ret=0 errno=0
[48.494659 pid=1940 tid=1954] native-loader jit-info prog_array-target fd=69 id=17 type=17 name=sys_exit_init tag=52c42200436dc579 jited_len=2103 xlated_len=3800 nr_jited_ksyms=1 ksym0=0xffffffffc0406a10 ksym1=0x0
[48.494750 pid=1940 tid=1954] BPF_MAP_UPDATE_ELEM prog_array name=sys_exit_init_t map_fd=16 map_id=129 key=243 prog_fd=69 prog_id=17 flags=0 ret=0 errno=0
[48.494835 pid=1940 tid=1954] native-loader jit-info prog_array-target fd=69 id=17 type=17 name=sys_exit_init tag=52c42200436dc579 jited_len=2103 xlated_len=3800 nr_jited_ksyms=1 ksym0=0xffffffffc0406a10 ksym1=0x0
[48.494927 pid=1940 tid=1954] BPF_MAP_UPDATE_ELEM prog_array name=sys_exit_init_t map_fd=16 map_id=129 key=244 prog_fd=69 prog_id=17 flags=0 ret=0 errno=0
[48.495015 pid=1940 tid=1954] native-loader jit-info prog_array-target fd=69 id=17 type=17 name=sys_exit_init tag=52c42200436dc579 jited_len=2103 xlated_len=3800 nr_jited_ksyms=1 ksym0=0xffffffffc0406a10 ksym1=0x0
[48.495106 pid=1940 tid=1954] BPF_MAP_UPDATE_ELEM prog_array name=sys_exit_init_t map_fd=16 map_id=129 key=245 prog_fd=69 prog_id=17 flags=0 ret=0 errno=0
[48.495191 pid=1940 tid=1954] native-loader jit-info prog_array-target fd=69 id=17 type=17 name=sys_exit_init tag=52c42200436dc579 jited_len=2103 xlated_len=3800 nr_jited_ksyms=1 ksym0=0xffffffffc0406a10 ksym1=0x0
[48.495282 pid=1940 tid=1954] BPF_MAP_UPDATE_ELEM prog_array name=sys_exit_init_t map_fd=16 map_id=129 key=246 prog_fd=69 prog_id=17 flags=0 ret=0 errno=0
[48.495368 pid=1940 tid=1954] native-loader jit-info prog_array-target fd=69 id=17 type=17 name=sys_exit_init tag=52c42200436dc579 jited_len=2103 xlated_len=3800 nr_jited_ksyms=1 ksym0=0xffffffffc0406a10 ksym1=0x0
[48.495458 pid=1940 tid=1954] BPF_MAP_UPDATE_ELEM prog_array name=sys_exit_init_t map_fd=16 map_id=129 key=247 prog_fd=69 prog_id=17 flags=0 ret=0 errno=0
[48.495543 pid=1940 tid=1954] native-loader jit-info prog_array-target fd=69 id=17 type=17 name=sys_exit_init tag=52c42200436dc579 jited_len=2103 xlated_len=3800 nr_jited_ksyms=1 ksym0=0xffffffffc0406a10 ksym1=0x0
[48.495634 pid=1940 tid=1954] BPF_MAP_UPDATE_ELEM prog_array name=sys_exit_init_t map_fd=16 map_id=129 key=248 prog_fd=69 prog_id=17 flags=0 ret=0 errno=0
[48.495720 pid=1940 tid=1954] native-loader jit-info prog_array-target fd=69 id=17 type=17 name=sys_exit_init tag=52c42200436dc579 jited_len=2103 xlated_len=3800 nr_jited_ksyms=1 ksym0=0xffffffffc0406a10 ksym1=0x0
[48.495810 pid=1940 tid=1954] BPF_MAP_UPDATE_ELEM prog_array name=sys_exit_init_t map_fd=16 map_id=129 key=249 prog_fd=69 prog_id=17 flags=0 ret=0 errno=0
[48.496139 pid=1940 tid=1954] native-loader jit-info prog_array-target fd=69 id=17 type=17 name=sys_exit_init tag=52c42200436dc579 jited_len=2103 xlated_len=3800 nr_jited_ksyms=1 ksym0=0xffffffffc0406a10 ksym1=0x0
[48.496249 pid=1940 tid=1954] BPF_MAP_UPDATE_ELEM prog_array name=sys_exit_init_t map_fd=16 map_id=129 key=250 prog_fd=69 prog_id=17 flags=0 ret=0 errno=0
[48.496339 pid=1940 tid=1954] native-loader jit-info prog_array-target fd=69 id=17 type=17 name=sys_exit_init tag=52c42200436dc579 jited_len=2103 xlated_len=3800 nr_jited_ksyms=1 ksym0=0xffffffffc0406a10 ksym1=0x0
[48.496430 pid=1940 tid=1954] BPF_MAP_UPDATE_ELEM prog_array name=sys_exit_init_t map_fd=16 map_id=129 key=251 prog_fd=69 prog_id=17 flags=0 ret=0 errno=0
[48.496516 pid=1940 tid=1954] native-loader jit-info prog_array-target fd=69 id=17 type=17 name=sys_exit_init tag=52c42200436dc579 jited_len=2103 xlated_len=3800 nr_jited_ksyms=1 ksym0=0xffffffffc0406a10 ksym1=0x0
[48.496606 pid=1940 tid=1954] BPF_MAP_UPDATE_ELEM prog_array name=sys_exit_init_t map_fd=16 map_id=129 key=252 prog_fd=69 prog_id=17 flags=0 ret=0 errno=0
[48.496764 pid=1940 tid=1954] native-loader jit-info prog_array-target fd=69 id=17 type=17 name=sys_exit_init tag=52c42200436dc579 jited_len=2103 xlated_len=3800 nr_jited_ksyms=1 ksym0=0xffffffffc0406a10 ksym1=0x0
[48.496852 pid=1940 tid=1954] BPF_MAP_UPDATE_ELEM prog_array name=sys_exit_init_t map_fd=16 map_id=129 key=253 prog_fd=69 prog_id=17 flags=0 ret=0 errno=0
[48.496942 pid=1940 tid=1954] native-loader jit-info prog_array-target fd=69 id=17 type=17 name=sys_exit_init tag=52c42200436dc579 jited_len=2103 xlated_len=3800 nr_jited_ksyms=1 ksym0=0xffffffffc0406a10 ksym1=0x0
[48.497033 pid=1940 tid=1954] BPF_MAP_UPDATE_ELEM prog_array name=sys_exit_init_t map_fd=16 map_id=129 key=254 prog_fd=69 prog_id=17 flags=0 ret=0 errno=0
[48.497357 pid=1940 tid=1954] native-loader jit-info prog_array-target fd=69 id=17 type=17 name=sys_exit_init tag=52c42200436dc579 jited_len=2103 xlated_len=3800 nr_jited_ksyms=1 ksym0=0xffffffffc0406a10 ksym1=0x0
[48.497464 pid=1940 tid=1954] BPF_MAP_UPDATE_ELEM prog_array name=sys_exit_init_t map_fd=16 map_id=129 key=255 prog_fd=69 prog_id=17 flags=0 ret=0 errno=0
[48.497549 pid=1940 tid=1954] native-loader jit-info prog_array-target fd=69 id=17 type=17 name=sys_exit_init tag=52c42200436dc579 jited_len=2103 xlated_len=3800 nr_jited_ksyms=1 ksym0=0xffffffffc0406a10 ksym1=0x0
[48.497640 pid=1940 tid=1954] BPF_MAP_UPDATE_ELEM prog_array name=sys_exit_init_t map_fd=16 map_id=129 key=256 prog_fd=69 prog_id=17 flags=0 ret=0 errno=0
[48.497725 pid=1940 tid=1954] native-loader jit-info prog_array-target fd=69 id=17 type=17 name=sys_exit_init tag=52c42200436dc579 jited_len=2103 xlated_len=3800 nr_jited_ksyms=1 ksym0=0xffffffffc0406a10 ksym1=0x0
[48.497816 pid=1940 tid=1954] BPF_MAP_UPDATE_ELEM prog_array name=sys_exit_init_t map_fd=16 map_id=129 key=257 prog_fd=69 prog_id=17 flags=0 ret=0 errno=0
[48.498163 pid=1940 tid=1954] native-loader jit-info prog_array-target fd=69 id=17 type=17 name=sys_exit_init tag=52c42200436dc579 jited_len=2103 xlated_len=3800 nr_jited_ksyms=1 ksym0=0xffffffffc0406a10 ksym1=0x0
[48.498363 pid=1940 tid=1954] BPF_MAP_UPDATE_ELEM prog_array name=sys_exit_init_t map_fd=16 map_id=129 key=258 prog_fd=69 prog_id=17 flags=0 ret=0 errno=0
[48.498459 pid=1940 tid=1954] native-loader jit-info prog_array-target fd=69 id=17 type=17 name=sys_exit_init tag=52c42200436dc579 jited_len=2103 xlated_len=3800 nr_jited_ksyms=1 ksym0=0xffffffffc0406a10 ksym1=0x0
[48.498555 pid=1940 tid=1954] BPF_MAP_UPDATE_ELEM prog_array name=sys_exit_init_t map_fd=16 map_id=129 key=259 prog_fd=69 prog_id=17 flags=0 ret=0 errno=0
[48.498640 pid=1940 tid=1954] native-loader jit-info prog_array-target fd=69 id=17 type=17 name=sys_exit_init tag=52c42200436dc579 jited_len=2103 xlated_len=3800 nr_jited_ksyms=1 ksym0=0xffffffffc0406a10 ksym1=0x0
[48.498731 pid=1940 tid=1954] BPF_MAP_UPDATE_ELEM prog_array name=sys_exit_init_t map_fd=16 map_id=129 key=260 prog_fd=69 prog_id=17 flags=0 ret=0 errno=0
[48.498816 pid=1940 tid=1954] native-loader jit-info prog_array-target fd=69 id=17 type=17 name=sys_exit_init tag=52c42200436dc579 jited_len=2103 xlated_len=3800 nr_jited_ksyms=1 ksym0=0xffffffffc0406a10 ksym1=0x0
[48.498907 pid=1940 tid=1954] BPF_MAP_UPDATE_ELEM prog_array name=sys_exit_init_t map_fd=16 map_id=129 key=261 prog_fd=69 prog_id=17 flags=0 ret=0 errno=0
[48.499000 pid=1940 tid=1954] native-loader jit-info prog_array-target fd=69 id=17 type=17 name=sys_exit_init tag=52c42200436dc579 jited_len=2103 xlated_len=3800 nr_jited_ksyms=1 ksym0=0xffffffffc0406a10 ksym1=0x0
[48.499091 pid=1940 tid=1954] BPF_MAP_UPDATE_ELEM prog_array name=sys_exit_init_t map_fd=16 map_id=129 key=262 prog_fd=69 prog_id=17 flags=0 ret=0 errno=0
[48.499176 pid=1940 tid=1954] native-loader jit-info prog_array-target fd=69 id=17 type=17 name=sys_exit_init tag=52c42200436dc579 jited_len=2103 xlated_len=3800 nr_jited_ksyms=1 ksym0=0xffffffffc0406a10 ksym1=0x0
[48.499267 pid=1940 tid=1954] BPF_MAP_UPDATE_ELEM prog_array name=sys_exit_init_t map_fd=16 map_id=129 key=263 prog_fd=69 prog_id=17 flags=0 ret=0 errno=0
[48.499383 pid=1940 tid=1954] native-loader jit-info prog_array-target fd=69 id=17 type=17 name=sys_exit_init tag=52c42200436dc579 jited_len=2103 xlated_len=3800 nr_jited_ksyms=1 ksym0=0xffffffffc0406a10 ksym1=0x0
[48.499476 pid=1940 tid=1954] BPF_MAP_UPDATE_ELEM prog_array name=sys_exit_init_t map_fd=16 map_id=129 key=264 prog_fd=69 prog_id=17 flags=0 ret=0 errno=0
[48.499560 pid=1940 tid=1954] native-loader jit-info prog_array-target fd=69 id=17 type=17 name=sys_exit_init tag=52c42200436dc579 jited_len=2103 xlated_len=3800 nr_jited_ksyms=1 ksym0=0xffffffffc0406a10 ksym1=0x0
[48.499650 pid=1940 tid=1954] BPF_MAP_UPDATE_ELEM prog_array name=sys_exit_init_t map_fd=16 map_id=129 key=265 prog_fd=69 prog_id=17 flags=0 ret=0 errno=0
[48.499736 pid=1940 tid=1954] native-loader jit-info prog_array-target fd=69 id=17 type=17 name=sys_exit_init tag=52c42200436dc579 jited_len=2103 xlated_len=3800 nr_jited_ksyms=1 ksym0=0xffffffffc0406a10 ksym1=0x0
[48.499830 pid=1940 tid=1954] BPF_MAP_UPDATE_ELEM prog_array name=sys_exit_init_t map_fd=16 map_id=129 key=266 prog_fd=69 prog_id=17 flags=0 ret=0 errno=0
[48.499918 pid=1940 tid=1954] native-loader jit-info prog_array-target fd=69 id=17 type=17 name=sys_exit_init tag=52c42200436dc579 jited_len=2103 xlated_len=3800 nr_jited_ksyms=1 ksym0=0xffffffffc0406a10 ksym1=0x0
[48.500015 pid=1940 tid=1954] BPF_MAP_UPDATE_ELEM prog_array name=sys_exit_init_t map_fd=16 map_id=129 key=267 prog_fd=69 prog_id=17 flags=0 ret=0 errno=0
[48.500099 pid=1940 tid=1954] native-loader jit-info prog_array-target fd=69 id=17 type=17 name=sys_exit_init tag=52c42200436dc579 jited_len=2103 xlated_len=3800 nr_jited_ksyms=1 ksym0=0xffffffffc0406a10 ksym1=0x0
[48.500190 pid=1940 tid=1954] BPF_MAP_UPDATE_ELEM prog_array name=sys_exit_init_t map_fd=16 map_id=129 key=268 prog_fd=69 prog_id=17 flags=0 ret=0 errno=0
[48.500275 pid=1940 tid=1954] native-loader jit-info prog_array-target fd=69 id=17 type=17 name=sys_exit_init tag=52c42200436dc579 jited_len=2103 xlated_len=3800 nr_jited_ksyms=1 ksym0=0xffffffffc0406a10 ksym1=0x0
[48.500366 pid=1940 tid=1954] BPF_MAP_UPDATE_ELEM prog_array name=sys_exit_init_t map_fd=16 map_id=129 key=269 prog_fd=69 prog_id=17 flags=0 ret=0 errno=0
[48.500451 pid=1940 tid=1954] native-loader jit-info prog_array-target fd=69 id=17 type=17 name=sys_exit_init tag=52c42200436dc579 jited_len=2103 xlated_len=3800 nr_jited_ksyms=1 ksym0=0xffffffffc0406a10 ksym1=0x0
[48.500544 pid=1940 tid=1954] BPF_MAP_UPDATE_ELEM prog_array name=sys_exit_init_t map_fd=16 map_id=129 key=270 prog_fd=69 prog_id=17 flags=0 ret=0 errno=0
[48.500629 pid=1940 tid=1954] native-loader jit-info prog_array-target fd=69 id=17 type=17 name=sys_exit_init tag=52c42200436dc579 jited_len=2103 xlated_len=3800 nr_jited_ksyms=1 ksym0=0xffffffffc0406a10 ksym1=0x0
[48.500719 pid=1940 tid=1954] BPF_MAP_UPDATE_ELEM prog_array name=sys_exit_init_t map_fd=16 map_id=129 key=271 prog_fd=69 prog_id=17 flags=0 ret=0 errno=0
[48.500805 pid=1940 tid=1954] native-loader jit-info prog_array-target fd=69 id=17 type=17 name=sys_exit_init tag=52c42200436dc579 jited_len=2103 xlated_len=3800 nr_jited_ksyms=1 ksym0=0xffffffffc0406a10 ksym1=0x0
[48.500896 pid=1940 tid=1954] BPF_MAP_UPDATE_ELEM prog_array name=sys_exit_init_t map_fd=16 map_id=129 key=272 prog_fd=69 prog_id=17 flags=0 ret=0 errno=0
[48.500984 pid=1940 tid=1954] native-loader jit-info prog_array-target fd=69 id=17 type=17 name=sys_exit_init tag=52c42200436dc579 jited_len=2103 xlated_len=3800 nr_jited_ksyms=1 ksym0=0xffffffffc0406a10 ksym1=0x0
[48.501168 pid=1940 tid=1954] BPF_MAP_UPDATE_ELEM prog_array name=sys_exit_init_t map_fd=16 map_id=129 key=273 prog_fd=69 prog_id=17 flags=0 ret=0 errno=0
[48.501253 pid=1940 tid=1954] native-loader jit-info prog_array-target fd=69 id=17 type=17 name=sys_exit_init tag=52c42200436dc579 jited_len=2103 xlated_len=3800 nr_jited_ksyms=1 ksym0=0xffffffffc0406a10 ksym1=0x0
[48.501345 pid=1940 tid=1954] BPF_MAP_UPDATE_ELEM prog_array name=sys_exit_init_t map_fd=16 map_id=129 key=274 prog_fd=69 prog_id=17 flags=0 ret=0 errno=0
[48.501432 pid=1940 tid=1954] native-loader jit-info prog_array-target fd=69 id=17 type=17 name=sys_exit_init tag=52c42200436dc579 jited_len=2103 xlated_len=3800 nr_jited_ksyms=1 ksym0=0xffffffffc0406a10 ksym1=0x0
[48.501523 pid=1940 tid=1954] BPF_MAP_UPDATE_ELEM prog_array name=sys_exit_init_t map_fd=16 map_id=129 key=275 prog_fd=69 prog_id=17 flags=0 ret=0 errno=0
[48.501608 pid=1940 tid=1954] native-loader jit-info prog_array-target fd=69 id=17 type=17 name=sys_exit_init tag=52c42200436dc579 jited_len=2103 xlated_len=3800 nr_jited_ksyms=1 ksym0=0xffffffffc0406a10 ksym1=0x0
[48.501699 pid=1940 tid=1954] BPF_MAP_UPDATE_ELEM prog_array name=sys_exit_init_t map_fd=16 map_id=129 key=276 prog_fd=69 prog_id=17 flags=0 ret=0 errno=0
[48.501784 pid=1940 tid=1954] native-loader jit-info prog_array-target fd=69 id=17 type=17 name=sys_exit_init tag=52c42200436dc579 jited_len=2103 xlated_len=3800 nr_jited_ksyms=1 ksym0=0xffffffffc0406a10 ksym1=0x0
[48.502124 pid=1940 tid=1954] BPF_MAP_UPDATE_ELEM prog_array name=sys_exit_init_t map_fd=16 map_id=129 key=277 prog_fd=69 prog_id=17 flags=0 ret=0 errno=0
[48.502307 pid=1940 tid=1954] native-loader jit-info prog_array-target fd=69 id=17 type=17 name=sys_exit_init tag=52c42200436dc579 jited_len=2103 xlated_len=3800 nr_jited_ksyms=1 ksym0=0xffffffffc0406a10 ksym1=0x0
[48.502393 pid=1940 tid=1954] BPF_MAP_UPDATE_ELEM prog_array name=sys_exit_init_t map_fd=16 map_id=129 key=278 prog_fd=69 prog_id=17 flags=0 ret=0 errno=0
[48.502639 pid=1940 tid=1954] native-loader jit-info prog_array-target fd=69 id=17 type=17 name=sys_exit_init tag=52c42200436dc579 jited_len=2103 xlated_len=3800 nr_jited_ksyms=1 ksym0=0xffffffffc0406a10 ksym1=0x0
[48.502729 pid=1940 tid=1954] BPF_MAP_UPDATE_ELEM prog_array name=sys_exit_init_t map_fd=16 map_id=129 key=279 prog_fd=69 prog_id=17 flags=0 ret=0 errno=0
[48.502816 pid=1940 tid=1954] native-loader jit-info prog_array-target fd=69 id=17 type=17 name=sys_exit_init tag=52c42200436dc579 jited_len=2103 xlated_len=3800 nr_jited_ksyms=1 ksym0=0xffffffffc0406a10 ksym1=0x0
[48.503003 pid=1940 tid=1954] BPF_MAP_UPDATE_ELEM prog_array name=sys_exit_init_t map_fd=16 map_id=129 key=280 prog_fd=69 prog_id=17 flags=0 ret=0 errno=0
[48.503092 pid=1940 tid=1954] native-loader jit-info prog_array-target fd=69 id=17 type=17 name=sys_exit_init tag=52c42200436dc579 jited_len=2103 xlated_len=3800 nr_jited_ksyms=1 ksym0=0xffffffffc0406a10 ksym1=0x0
[48.503183 pid=1940 tid=1954] BPF_MAP_UPDATE_ELEM prog_array name=sys_exit_init_t map_fd=16 map_id=129 key=281 prog_fd=69 prog_id=17 flags=0 ret=0 errno=0
[48.503367 pid=1940 tid=1954] native-loader jit-info prog_array-target fd=69 id=17 type=17 name=sys_exit_init tag=52c42200436dc579 jited_len=2103 xlated_len=3800 nr_jited_ksyms=1 ksym0=0xffffffffc0406a10 ksym1=0x0
[48.503457 pid=1940 tid=1954] BPF_MAP_UPDATE_ELEM prog_array name=sys_exit_init_t map_fd=16 map_id=129 key=282 prog_fd=69 prog_id=17 flags=0 ret=0 errno=0
[48.503542 pid=1940 tid=1954] native-loader jit-info prog_array-target fd=69 id=17 type=17 name=sys_exit_init tag=52c42200436dc579 jited_len=2103 xlated_len=3800 nr_jited_ksyms=1 ksym0=0xffffffffc0406a10 ksym1=0x0
[48.503633 pid=1940 tid=1954] BPF_MAP_UPDATE_ELEM prog_array name=sys_exit_init_t map_fd=16 map_id=129 key=283 prog_fd=69 prog_id=17 flags=0 ret=0 errno=0
[48.503836 pid=1940 tid=1954] native-loader jit-info prog_array-target fd=69 id=17 type=17 name=sys_exit_init tag=52c42200436dc579 jited_len=2103 xlated_len=3800 nr_jited_ksyms=1 ksym0=0xffffffffc0406a10 ksym1=0x0
[48.503927 pid=1940 tid=1954] BPF_MAP_UPDATE_ELEM prog_array name=sys_exit_init_t map_fd=16 map_id=129 key=284 prog_fd=69 prog_id=17 flags=0 ret=0 errno=0
[48.504016 pid=1940 tid=1954] native-loader jit-info prog_array-target fd=69 id=17 type=17 name=sys_exit_init tag=52c42200436dc579 jited_len=2103 xlated_len=3800 nr_jited_ksyms=1 ksym0=0xffffffffc0406a10 ksym1=0x0
[48.504107 pid=1940 tid=1954] BPF_MAP_UPDATE_ELEM prog_array name=sys_exit_init_t map_fd=16 map_id=129 key=285 prog_fd=69 prog_id=17 flags=0 ret=0 errno=0
[48.504192 pid=1940 tid=1954] native-loader jit-info prog_array-target fd=69 id=17 type=17 name=sys_exit_init tag=52c42200436dc579 jited_len=2103 xlated_len=3800 nr_jited_ksyms=1 ksym0=0xffffffffc0406a10 ksym1=0x0
[48.504332 pid=1940 tid=1954] BPF_MAP_UPDATE_ELEM prog_array name=sys_exit_init_t map_fd=16 map_id=129 key=286 prog_fd=69 prog_id=17 flags=0 ret=0 errno=0
[48.504485 pid=1940 tid=1954] native-loader jit-info prog_array-target fd=69 id=17 type=17 name=sys_exit_init tag=52c42200436dc579 jited_len=2103 xlated_len=3800 nr_jited_ksyms=1 ksym0=0xffffffffc0406a10 ksym1=0x0
[48.504669 pid=1940 tid=1954] BPF_MAP_UPDATE_ELEM prog_array name=sys_exit_init_t map_fd=16 map_id=129 key=287 prog_fd=69 prog_id=17 flags=0 ret=0 errno=0
[48.504754 pid=1940 tid=1954] native-loader jit-info prog_array-target fd=69 id=17 type=17 name=sys_exit_init tag=52c42200436dc579 jited_len=2103 xlated_len=3800 nr_jited_ksyms=1 ksym0=0xffffffffc0406a10 ksym1=0x0
[48.504845 pid=1940 tid=1954] BPF_MAP_UPDATE_ELEM prog_array name=sys_exit_init_t map_fd=16 map_id=129 key=288 prog_fd=69 prog_id=17 flags=0 ret=0 errno=0
[48.504933 pid=1940 tid=1954] native-loader jit-info prog_array-target fd=69 id=17 type=17 name=sys_exit_init tag=52c42200436dc579 jited_len=2103 xlated_len=3800 nr_jited_ksyms=1 ksym0=0xffffffffc0406a10 ksym1=0x0
[48.505025 pid=1940 tid=1954] BPF_MAP_UPDATE_ELEM prog_array name=sys_exit_init_t map_fd=16 map_id=129 key=289 prog_fd=69 prog_id=17 flags=0 ret=0 errno=0
[48.505111 pid=1940 tid=1954] native-loader jit-info prog_array-target fd=69 id=17 type=17 name=sys_exit_init tag=52c42200436dc579 jited_len=2103 xlated_len=3800 nr_jited_ksyms=1 ksym0=0xffffffffc0406a10 ksym1=0x0
[48.505202 pid=1940 tid=1954] BPF_MAP_UPDATE_ELEM prog_array name=sys_exit_init_t map_fd=16 map_id=129 key=290 prog_fd=69 prog_id=17 flags=0 ret=0 errno=0
[48.505286 pid=1940 tid=1954] native-loader jit-info prog_array-target fd=69 id=17 type=17 name=sys_exit_init tag=52c42200436dc579 jited_len=2103 xlated_len=3800 nr_jited_ksyms=1 ksym0=0xffffffffc0406a10 ksym1=0x0
[48.505378 pid=1940 tid=1954] BPF_MAP_UPDATE_ELEM prog_array name=sys_exit_init_t map_fd=16 map_id=129 key=291 prog_fd=69 prog_id=17 flags=0 ret=0 errno=0
[48.505463 pid=1940 tid=1954] native-loader jit-info prog_array-target fd=69 id=17 type=17 name=sys_exit_init tag=52c42200436dc579 jited_len=2103 xlated_len=3800 nr_jited_ksyms=1 ksym0=0xffffffffc0406a10 ksym1=0x0
[48.505553 pid=1940 tid=1954] BPF_MAP_UPDATE_ELEM prog_array name=sys_exit_init_t map_fd=16 map_id=129 key=293 prog_fd=69 prog_id=17 flags=0 ret=0 errno=0
[48.505747 pid=1940 tid=1954] native-loader jit-info prog_array-target fd=69 id=17 type=17 name=sys_exit_init tag=52c42200436dc579 jited_len=2103 xlated_len=3800 nr_jited_ksyms=1 ksym0=0xffffffffc0406a10 ksym1=0x0
[48.505839 pid=1940 tid=1954] BPF_MAP_UPDATE_ELEM prog_array name=sys_exit_init_t map_fd=16 map_id=129 key=294 prog_fd=69 prog_id=17 flags=0 ret=0 errno=0
[48.505925 pid=1940 tid=1954] native-loader jit-info prog_array-target fd=69 id=17 type=17 name=sys_exit_init tag=52c42200436dc579 jited_len=2103 xlated_len=3800 nr_jited_ksyms=1 ksym0=0xffffffffc0406a10 ksym1=0x0
[48.506018 pid=1940 tid=1954] BPF_MAP_UPDATE_ELEM prog_array name=sys_exit_init_t map_fd=16 map_id=129 key=295 prog_fd=69 prog_id=17 flags=0 ret=0 errno=0
[48.506248 pid=1940 tid=1954] native-loader jit-info prog_array-target fd=69 id=17 type=17 name=sys_exit_init tag=52c42200436dc579 jited_len=2103 xlated_len=3800 nr_jited_ksyms=1 ksym0=0xffffffffc0406a10 ksym1=0x0
[48.506447 pid=1940 tid=1954] BPF_MAP_UPDATE_ELEM prog_array name=sys_exit_init_t map_fd=16 map_id=129 key=296 prog_fd=69 prog_id=17 flags=0 ret=0 errno=0
[48.506532 pid=1940 tid=1954] native-loader jit-info prog_array-target fd=69 id=17 type=17 name=sys_exit_init tag=52c42200436dc579 jited_len=2103 xlated_len=3800 nr_jited_ksyms=1 ksym0=0xffffffffc0406a10 ksym1=0x0
[48.506621 pid=1940 tid=1954] BPF_MAP_UPDATE_ELEM prog_array name=sys_exit_init_t map_fd=16 map_id=129 key=297 prog_fd=69 prog_id=17 flags=0 ret=0 errno=0
[48.506707 pid=1940 tid=1954] native-loader jit-info prog_array-target fd=69 id=17 type=17 name=sys_exit_init tag=52c42200436dc579 jited_len=2103 xlated_len=3800 nr_jited_ksyms=1 ksym0=0xffffffffc0406a10 ksym1=0x0
[48.506798 pid=1940 tid=1954] BPF_MAP_UPDATE_ELEM prog_array name=sys_exit_init_t map_fd=16 map_id=129 key=298 prog_fd=69 prog_id=17 flags=0 ret=0 errno=0
[48.506883 pid=1940 tid=1954] native-loader jit-info prog_array-target fd=69 id=17 type=17 name=sys_exit_init tag=52c42200436dc579 jited_len=2103 xlated_len=3800 nr_jited_ksyms=1 ksym0=0xffffffffc0406a10 ksym1=0x0
[48.506977 pid=1940 tid=1954] BPF_MAP_UPDATE_ELEM prog_array name=sys_exit_init_t map_fd=16 map_id=129 key=299 prog_fd=69 prog_id=17 flags=0 ret=0 errno=0
[48.507062 pid=1940 tid=1954] native-loader jit-info prog_array-target fd=69 id=17 type=17 name=sys_exit_init tag=52c42200436dc579 jited_len=2103 xlated_len=3800 nr_jited_ksyms=1 ksym0=0xffffffffc0406a10 ksym1=0x0
[48.507155 pid=1940 tid=1954] BPF_MAP_UPDATE_ELEM prog_array name=sys_exit_init_t map_fd=16 map_id=129 key=300 prog_fd=69 prog_id=17 flags=0 ret=0 errno=0
[48.507240 pid=1940 tid=1954] native-loader jit-info prog_array-target fd=69 id=17 type=17 name=sys_exit_init tag=52c42200436dc579 jited_len=2103 xlated_len=3800 nr_jited_ksyms=1 ksym0=0xffffffffc0406a10 ksym1=0x0
[48.507330 pid=1940 tid=1954] BPF_MAP_UPDATE_ELEM prog_array name=sys_exit_init_t map_fd=16 map_id=129 key=301 prog_fd=69 prog_id=17 flags=0 ret=0 errno=0
[48.507415 pid=1940 tid=1954] native-loader jit-info prog_array-target fd=69 id=17 type=17 name=sys_exit_init tag=52c42200436dc579 jited_len=2103 xlated_len=3800 nr_jited_ksyms=1 ksym0=0xffffffffc0406a10 ksym1=0x0
[48.507506 pid=1940 tid=1954] BPF_MAP_UPDATE_ELEM prog_array name=sys_exit_init_t map_fd=16 map_id=129 key=302 prog_fd=69 prog_id=17 flags=0 ret=0 errno=0
[48.507592 pid=1940 tid=1954] native-loader jit-info prog_array-target fd=69 id=17 type=17 name=sys_exit_init tag=52c42200436dc579 jited_len=2103 xlated_len=3800 nr_jited_ksyms=1 ksym0=0xffffffffc0406a10 ksym1=0x0
[48.507684 pid=1940 tid=1954] BPF_MAP_UPDATE_ELEM prog_array name=sys_exit_init_t map_fd=16 map_id=129 key=303 prog_fd=69 prog_id=17 flags=0 ret=0 errno=0
[48.507769 pid=1940 tid=1954] native-loader jit-info prog_array-target fd=69 id=17 type=17 name=sys_exit_init tag=52c42200436dc579 jited_len=2103 xlated_len=3800 nr_jited_ksyms=1 ksym0=0xffffffffc0406a10 ksym1=0x0
[48.507859 pid=1940 tid=1954] BPF_MAP_UPDATE_ELEM prog_array name=sys_exit_init_t map_fd=16 map_id=129 key=304 prog_fd=69 prog_id=17 flags=0 ret=0 errno=0
[48.507946 pid=1940 tid=1954] native-loader jit-info prog_array-target fd=69 id=17 type=17 name=sys_exit_init tag=52c42200436dc579 jited_len=2103 xlated_len=3800 nr_jited_ksyms=1 ksym0=0xffffffffc0406a10 ksym1=0x0
[48.508037 pid=1940 tid=1954] BPF_MAP_UPDATE_ELEM prog_array name=sys_exit_init_t map_fd=16 map_id=129 key=305 prog_fd=69 prog_id=17 flags=0 ret=0 errno=0
[48.508122 pid=1940 tid=1954] native-loader jit-info prog_array-target fd=69 id=17 type=17 name=sys_exit_init tag=52c42200436dc579 jited_len=2103 xlated_len=3800 nr_jited_ksyms=1 ksym0=0xffffffffc0406a10 ksym1=0x0
[48.508213 pid=1940 tid=1954] BPF_MAP_UPDATE_ELEM prog_array name=sys_exit_init_t map_fd=16 map_id=129 key=306 prog_fd=69 prog_id=17 flags=0 ret=0 errno=0
[48.508300 pid=1940 tid=1954] native-loader jit-info prog_array-target fd=69 id=17 type=17 name=sys_exit_init tag=52c42200436dc579 jited_len=2103 xlated_len=3800 nr_jited_ksyms=1 ksym0=0xffffffffc0406a10 ksym1=0x0
[48.508390 pid=1940 tid=1954] BPF_MAP_UPDATE_ELEM prog_array name=sys_exit_init_t map_fd=16 map_id=129 key=307 prog_fd=69 prog_id=17 flags=0 ret=0 errno=0
[48.508639 pid=1940 tid=1954] native-loader jit-info prog_array-target fd=69 id=17 type=17 name=sys_exit_init tag=52c42200436dc579 jited_len=2103 xlated_len=3800 nr_jited_ksyms=1 ksym0=0xffffffffc0406a10 ksym1=0x0
[48.508727 pid=1940 tid=1954] BPF_MAP_UPDATE_ELEM prog_array name=sys_exit_init_t map_fd=16 map_id=129 key=308 prog_fd=69 prog_id=17 flags=0 ret=0 errno=0
[48.508920 pid=1940 tid=1954] native-loader jit-info prog_array-target fd=69 id=17 type=17 name=sys_exit_init tag=52c42200436dc579 jited_len=2103 xlated_len=3800 nr_jited_ksyms=1 ksym0=0xffffffffc0406a10 ksym1=0x0
[48.509012 pid=1940 tid=1954] BPF_MAP_UPDATE_ELEM prog_array name=sys_exit_init_t map_fd=16 map_id=129 key=309 prog_fd=69 prog_id=17 flags=0 ret=0 errno=0
[48.509096 pid=1940 tid=1954] native-loader jit-info prog_array-target fd=69 id=17 type=17 name=sys_exit_init tag=52c42200436dc579 jited_len=2103 xlated_len=3800 nr_jited_ksyms=1 ksym0=0xffffffffc0406a10 ksym1=0x0
[48.509186 pid=1940 tid=1954] BPF_MAP_UPDATE_ELEM prog_array name=sys_exit_init_t map_fd=16 map_id=129 key=310 prog_fd=69 prog_id=17 flags=0 ret=0 errno=0
[48.509272 pid=1940 tid=1954] native-loader jit-info prog_array-target fd=69 id=17 type=17 name=sys_exit_init tag=52c42200436dc579 jited_len=2103 xlated_len=3800 nr_jited_ksyms=1 ksym0=0xffffffffc0406a10 ksym1=0x0
[48.509364 pid=1940 tid=1954] BPF_MAP_UPDATE_ELEM prog_array name=sys_exit_init_t map_fd=16 map_id=129 key=312 prog_fd=69 prog_id=17 flags=0 ret=0 errno=0
[48.509673 pid=1940 tid=1954] native-loader jit-info prog_array-target fd=69 id=17 type=17 name=sys_exit_init tag=52c42200436dc579 jited_len=2103 xlated_len=3800 nr_jited_ksyms=1 ksym0=0xffffffffc0406a10 ksym1=0x0
[48.509780 pid=1940 tid=1954] BPF_MAP_UPDATE_ELEM prog_array name=sys_exit_init_t map_fd=16 map_id=129 key=313 prog_fd=69 prog_id=17 flags=0 ret=0 errno=0
[48.509864 pid=1940 tid=1954] native-loader jit-info prog_array-target fd=69 id=17 type=17 name=sys_exit_init tag=52c42200436dc579 jited_len=2103 xlated_len=3800 nr_jited_ksyms=1 ksym0=0xffffffffc0406a10 ksym1=0x0
[48.509965 pid=1940 tid=1954] BPF_MAP_UPDATE_ELEM prog_array name=sys_exit_init_t map_fd=16 map_id=129 key=314 prog_fd=69 prog_id=17 flags=0 ret=0 errno=0
[48.510370 pid=1940 tid=1954] native-loader jit-info prog_array-target fd=69 id=17 type=17 name=sys_exit_init tag=52c42200436dc579 jited_len=2103 xlated_len=3800 nr_jited_ksyms=1 ksym0=0xffffffffc0406a10 ksym1=0x0
[48.510689 pid=1940 tid=1954] BPF_MAP_UPDATE_ELEM prog_array name=sys_exit_init_t map_fd=16 map_id=129 key=315 prog_fd=69 prog_id=17 flags=0 ret=0 errno=0
[48.510805 pid=1940 tid=1954] native-loader jit-info prog_array-target fd=69 id=17 type=17 name=sys_exit_init tag=52c42200436dc579 jited_len=2103 xlated_len=3800 nr_jited_ksyms=1 ksym0=0xffffffffc0406a10 ksym1=0x0
[48.510904 pid=1940 tid=1954] BPF_MAP_UPDATE_ELEM prog_array name=sys_exit_init_t map_fd=16 map_id=129 key=316 prog_fd=69 prog_id=17 flags=0 ret=0 errno=0
[48.510989 pid=1940 tid=1954] native-loader jit-info prog_array-target fd=69 id=17 type=17 name=sys_exit_init tag=52c42200436dc579 jited_len=2103 xlated_len=3800 nr_jited_ksyms=1 ksym0=0xffffffffc0406a10 ksym1=0x0
[48.511080 pid=1940 tid=1954] BPF_MAP_UPDATE_ELEM prog_array name=sys_exit_init_t map_fd=16 map_id=129 key=317 prog_fd=69 prog_id=17 flags=0 ret=0 errno=0
[48.511391 pid=1940 tid=1954] native-loader jit-info prog_array-target fd=69 id=17 type=17 name=sys_exit_init tag=52c42200436dc579 jited_len=2103 xlated_len=3800 nr_jited_ksyms=1 ksym0=0xffffffffc0406a10 ksym1=0x0
[48.511745 pid=1940 tid=1954] BPF_MAP_UPDATE_ELEM prog_array name=sys_exit_init_t map_fd=16 map_id=129 key=318 prog_fd=69 prog_id=17 flags=0 ret=0 errno=0
[48.511853 pid=1940 tid=1954] native-loader jit-info prog_array-target fd=69 id=17 type=17 name=sys_exit_init tag=52c42200436dc579 jited_len=2103 xlated_len=3800 nr_jited_ksyms=1 ksym0=0xffffffffc0406a10 ksym1=0x0
[48.512155 pid=1940 tid=1954] BPF_MAP_UPDATE_ELEM prog_array name=sys_exit_init_t map_fd=16 map_id=129 key=319 prog_fd=69 prog_id=17 flags=0 ret=0 errno=0
[48.512449 pid=1940 tid=1954] native-loader jit-info prog_array-target fd=69 id=17 type=17 name=sys_exit_init tag=52c42200436dc579 jited_len=2103 xlated_len=3800 nr_jited_ksyms=1 ksym0=0xffffffffc0406a10 ksym1=0x0
[48.512739 pid=1940 tid=1954] BPF_MAP_UPDATE_ELEM prog_array name=sys_exit_init_t map_fd=16 map_id=129 key=320 prog_fd=69 prog_id=17 flags=0 ret=0 errno=0
[48.512850 pid=1940 tid=1954] native-loader jit-info prog_array-target fd=69 id=17 type=17 name=sys_exit_init tag=52c42200436dc579 jited_len=2103 xlated_len=3800 nr_jited_ksyms=1 ksym0=0xffffffffc0406a10 ksym1=0x0
[48.512952 pid=1940 tid=1954] BPF_MAP_UPDATE_ELEM prog_array name=sys_exit_init_t map_fd=16 map_id=129 key=321 prog_fd=69 prog_id=17 flags=0 ret=0 errno=0
[48.513278 pid=1940 tid=1954] native-loader jit-info prog_array-target fd=69 id=17 type=17 name=sys_exit_init tag=52c42200436dc579 jited_len=2103 xlated_len=3800 nr_jited_ksyms=1 ksym0=0xffffffffc0406a10 ksym1=0x0
[48.513539 pid=1940 tid=1954] BPF_MAP_UPDATE_ELEM prog_array name=sys_exit_init_t map_fd=16 map_id=129 key=322 prog_fd=69 prog_id=17 flags=0 ret=0 errno=0
[48.513651 pid=1940 tid=1954] native-loader jit-info prog_array-target fd=69 id=17 type=17 name=sys_exit_init tag=52c42200436dc579 jited_len=2103 xlated_len=3800 nr_jited_ksyms=1 ksym0=0xffffffffc0406a10 ksym1=0x0
[48.513746 pid=1940 tid=1954] BPF_MAP_UPDATE_ELEM prog_array name=sys_exit_init_t map_fd=16 map_id=129 key=323 prog_fd=69 prog_id=17 flags=0 ret=0 errno=0
[48.514178 pid=1940 tid=1954] native-loader jit-info prog_array-target fd=69 id=17 type=17 name=sys_exit_init tag=52c42200436dc579 jited_len=2103 xlated_len=3800 nr_jited_ksyms=1 ksym0=0xffffffffc0406a10 ksym1=0x0
[48.514549 pid=1940 tid=1954] BPF_MAP_UPDATE_ELEM prog_array name=sys_exit_init_t map_fd=16 map_id=129 key=324 prog_fd=69 prog_id=17 flags=0 ret=0 errno=0
[48.514657 pid=1940 tid=1954] native-loader jit-info prog_array-target fd=69 id=17 type=17 name=sys_exit_init tag=52c42200436dc579 jited_len=2103 xlated_len=3800 nr_jited_ksyms=1 ksym0=0xffffffffc0406a10 ksym1=0x0
[48.514754 pid=1940 tid=1954] BPF_MAP_UPDATE_ELEM prog_array name=sys_exit_init_t map_fd=16 map_id=129 key=325 prog_fd=69 prog_id=17 flags=0 ret=0 errno=0
[48.514835 pid=1940 tid=1954] native-loader jit-info prog_array-target fd=69 id=17 type=17 name=sys_exit_init tag=52c42200436dc579 jited_len=2103 xlated_len=3800 nr_jited_ksyms=1 ksym0=0xffffffffc0406a10 ksym1=0x0
[48.514925 pid=1940 tid=1954] BPF_MAP_UPDATE_ELEM prog_array name=sys_exit_init_t map_fd=16 map_id=129 key=326 prog_fd=69 prog_id=17 flags=0 ret=0 errno=0
[48.515013 pid=1940 tid=1954] native-loader jit-info prog_array-target fd=69 id=17 type=17 name=sys_exit_init tag=52c42200436dc579 jited_len=2103 xlated_len=3800 nr_jited_ksyms=1 ksym0=0xffffffffc0406a10 ksym1=0x0
[48.515103 pid=1940 tid=1954] BPF_MAP_UPDATE_ELEM prog_array name=sys_exit_init_t map_fd=16 map_id=129 key=327 prog_fd=69 prog_id=17 flags=0 ret=0 errno=0
[48.515188 pid=1940 tid=1954] native-loader jit-info prog_array-target fd=69 id=17 type=17 name=sys_exit_init tag=52c42200436dc579 jited_len=2103 xlated_len=3800 nr_jited_ksyms=1 ksym0=0xffffffffc0406a10 ksym1=0x0
[48.515279 pid=1940 tid=1954] BPF_MAP_UPDATE_ELEM prog_array name=sys_exit_init_t map_fd=16 map_id=129 key=328 prog_fd=69 prog_id=17 flags=0 ret=0 errno=0
[48.515364 pid=1940 tid=1954] native-loader jit-info prog_array-target fd=69 id=17 type=17 name=sys_exit_init tag=52c42200436dc579 jited_len=2103 xlated_len=3800 nr_jited_ksyms=1 ksym0=0xffffffffc0406a10 ksym1=0x0
[48.515456 pid=1940 tid=1954] BPF_MAP_UPDATE_ELEM prog_array name=sys_exit_init_t map_fd=16 map_id=129 key=329 prog_fd=69 prog_id=17 flags=0 ret=0 errno=0
[48.515541 pid=1940 tid=1954] native-loader jit-info prog_array-target fd=69 id=17 type=17 name=sys_exit_init tag=52c42200436dc579 jited_len=2103 xlated_len=3800 nr_jited_ksyms=1 ksym0=0xffffffffc0406a10 ksym1=0x0
[48.515633 pid=1940 tid=1954] BPF_MAP_UPDATE_ELEM prog_array name=sys_exit_init_t map_fd=16 map_id=129 key=330 prog_fd=69 prog_id=17 flags=0 ret=0 errno=0
[48.515718 pid=1940 tid=1954] native-loader jit-info prog_array-target fd=69 id=17 type=17 name=sys_exit_init tag=52c42200436dc579 jited_len=2103 xlated_len=3800 nr_jited_ksyms=1 ksym0=0xffffffffc0406a10 ksym1=0x0
[48.515809 pid=1940 tid=1954] BPF_MAP_UPDATE_ELEM prog_array name=sys_exit_init_t map_fd=16 map_id=129 key=331 prog_fd=69 prog_id=17 flags=0 ret=0 errno=0
[48.515893 pid=1940 tid=1954] native-loader jit-info prog_array-target fd=69 id=17 type=17 name=sys_exit_init tag=52c42200436dc579 jited_len=2103 xlated_len=3800 nr_jited_ksyms=1 ksym0=0xffffffffc0406a10 ksym1=0x0
[48.515986 pid=1940 tid=1954] BPF_MAP_UPDATE_ELEM prog_array name=sys_exit_init_t map_fd=16 map_id=129 key=332 prog_fd=69 prog_id=17 flags=0 ret=0 errno=0
[48.516071 pid=1940 tid=1954] native-loader jit-info prog_array-target fd=69 id=17 type=17 name=sys_exit_init tag=52c42200436dc579 jited_len=2103 xlated_len=3800 nr_jited_ksyms=1 ksym0=0xffffffffc0406a10 ksym1=0x0
[48.516161 pid=1940 tid=1954] BPF_MAP_UPDATE_ELEM prog_array name=sys_exit_init_t map_fd=16 map_id=129 key=333 prog_fd=69 prog_id=17 flags=0 ret=0 errno=0
[48.516247 pid=1940 tid=1954] native-loader jit-info prog_array-target fd=69 id=17 type=17 name=sys_exit_init tag=52c42200436dc579 jited_len=2103 xlated_len=3800 nr_jited_ksyms=1 ksym0=0xffffffffc0406a10 ksym1=0x0
[48.516337 pid=1940 tid=1954] BPF_MAP_UPDATE_ELEM prog_array name=sys_exit_init_t map_fd=16 map_id=129 key=334 prog_fd=69 prog_id=17 flags=0 ret=0 errno=0
[48.516423 pid=1940 tid=1954] native-loader jit-info prog_array-target fd=69 id=17 type=17 name=sys_exit_init tag=52c42200436dc579 jited_len=2103 xlated_len=3800 nr_jited_ksyms=1 ksym0=0xffffffffc0406a10 ksym1=0x0
[48.516513 pid=1940 tid=1954] BPF_MAP_UPDATE_ELEM prog_array name=sys_exit_init_t map_fd=16 map_id=129 key=424 prog_fd=69 prog_id=17 flags=0 ret=0 errno=0
[48.516598 pid=1940 tid=1954] native-loader jit-info prog_array-target fd=69 id=17 type=17 name=sys_exit_init tag=52c42200436dc579 jited_len=2103 xlated_len=3800 nr_jited_ksyms=1 ksym0=0xffffffffc0406a10 ksym1=0x0
[48.516688 pid=1940 tid=1954] BPF_MAP_UPDATE_ELEM prog_array name=sys_exit_init_t map_fd=16 map_id=129 key=425 prog_fd=69 prog_id=17 flags=0 ret=0 errno=0
[48.516773 pid=1940 tid=1954] native-loader jit-info prog_array-target fd=69 id=17 type=17 name=sys_exit_init tag=52c42200436dc579 jited_len=2103 xlated_len=3800 nr_jited_ksyms=1 ksym0=0xffffffffc0406a10 ksym1=0x0
[48.516865 pid=1940 tid=1954] BPF_MAP_UPDATE_ELEM prog_array name=sys_exit_init_t map_fd=16 map_id=129 key=426 prog_fd=69 prog_id=17 flags=0 ret=0 errno=0
[48.517070 pid=1940 tid=1954] native-loader jit-info prog_array-target fd=69 id=17 type=17 name=sys_exit_init tag=52c42200436dc579 jited_len=2103 xlated_len=3800 nr_jited_ksyms=1 ksym0=0xffffffffc0406a10 ksym1=0x0
[48.517161 pid=1940 tid=1954] BPF_MAP_UPDATE_ELEM prog_array name=sys_exit_init_t map_fd=16 map_id=129 key=427 prog_fd=69 prog_id=17 flags=0 ret=0 errno=0
[48.517313 pid=1940 tid=1954] native-loader jit-info prog_array-target fd=69 id=17 type=17 name=sys_exit_init tag=52c42200436dc579 jited_len=2103 xlated_len=3800 nr_jited_ksyms=1 ksym0=0xffffffffc0406a10 ksym1=0x0
[48.517418 pid=1940 tid=1954] BPF_MAP_UPDATE_ELEM prog_array name=sys_exit_init_t map_fd=16 map_id=129 key=428 prog_fd=69 prog_id=17 flags=0 ret=0 errno=0
[48.517514 pid=1940 tid=1954] native-loader jit-info prog_array-target fd=69 id=17 type=17 name=sys_exit_init tag=52c42200436dc579 jited_len=2103 xlated_len=3800 nr_jited_ksyms=1 ksym0=0xffffffffc0406a10 ksym1=0x0
[48.517610 pid=1940 tid=1954] BPF_MAP_UPDATE_ELEM prog_array name=sys_exit_init_t map_fd=16 map_id=129 key=429 prog_fd=69 prog_id=17 flags=0 ret=0 errno=0
[48.517695 pid=1940 tid=1954] native-loader jit-info prog_array-target fd=69 id=17 type=17 name=sys_exit_init tag=52c42200436dc579 jited_len=2103 xlated_len=3800 nr_jited_ksyms=1 ksym0=0xffffffffc0406a10 ksym1=0x0
[48.517786 pid=1940 tid=1954] BPF_MAP_UPDATE_ELEM prog_array name=sys_exit_init_t map_fd=16 map_id=129 key=430 prog_fd=69 prog_id=17 flags=0 ret=0 errno=0
[48.517993 pid=1940 tid=1954] native-loader jit-info prog_array-target fd=69 id=17 type=17 name=sys_exit_init tag=52c42200436dc579 jited_len=2103 xlated_len=3800 nr_jited_ksyms=1 ksym0=0xffffffffc0406a10 ksym1=0x0
[48.518082 pid=1940 tid=1954] BPF_MAP_UPDATE_ELEM prog_array name=sys_exit_init_t map_fd=16 map_id=129 key=431 prog_fd=69 prog_id=17 flags=0 ret=0 errno=0
[48.518167 pid=1940 tid=1954] native-loader jit-info prog_array-target fd=69 id=17 type=17 name=sys_exit_init tag=52c42200436dc579 jited_len=2103 xlated_len=3800 nr_jited_ksyms=1 ksym0=0xffffffffc0406a10 ksym1=0x0
[48.518258 pid=1940 tid=1954] BPF_MAP_UPDATE_ELEM prog_array name=sys_exit_init_t map_fd=16 map_id=129 key=432 prog_fd=69 prog_id=17 flags=0 ret=0 errno=0
[48.518433 pid=1940 tid=1954] native-loader jit-info prog_array-target fd=69 id=17 type=17 name=sys_exit_init tag=52c42200436dc579 jited_len=2103 xlated_len=3800 nr_jited_ksyms=1 ksym0=0xffffffffc0406a10 ksym1=0x0
[48.518524 pid=1940 tid=1954] BPF_MAP_UPDATE_ELEM prog_array name=sys_exit_init_t map_fd=16 map_id=129 key=433 prog_fd=69 prog_id=17 flags=0 ret=0 errno=0
[48.518609 pid=1940 tid=1954] native-loader jit-info prog_array-target fd=69 id=17 type=17 name=sys_exit_init tag=52c42200436dc579 jited_len=2103 xlated_len=3800 nr_jited_ksyms=1 ksym0=0xffffffffc0406a10 ksym1=0x0
[48.518700 pid=1940 tid=1954] BPF_MAP_UPDATE_ELEM prog_array name=sys_exit_init_t map_fd=16 map_id=129 key=434 prog_fd=69 prog_id=17 flags=0 ret=0 errno=0
[48.518785 pid=1940 tid=1954] native-loader jit-info prog_array-target fd=69 id=17 type=17 name=sys_exit_init tag=52c42200436dc579 jited_len=2103 xlated_len=3800 nr_jited_ksyms=1 ksym0=0xffffffffc0406a10 ksym1=0x0
[48.518875 pid=1940 tid=1954] BPF_MAP_UPDATE_ELEM prog_array name=sys_exit_init_t map_fd=16 map_id=129 key=435 prog_fd=69 prog_id=17 flags=0 ret=0 errno=0
[48.519029 pid=1940 tid=1954] native-loader jit-info prog_array-target fd=69 id=17 type=17 name=sys_exit_init tag=52c42200436dc579 jited_len=2103 xlated_len=3800 nr_jited_ksyms=1 ksym0=0xffffffffc0406a10 ksym1=0x0
[48.519132 pid=1940 tid=1954] BPF_MAP_UPDATE_ELEM prog_array name=sys_exit_init_t map_fd=16 map_id=129 key=436 prog_fd=69 prog_id=17 flags=0 ret=0 errno=0
[48.519230 pid=1940 tid=1954] native-loader jit-info prog_array-target fd=69 id=17 type=17 name=sys_exit_init tag=52c42200436dc579 jited_len=2103 xlated_len=3800 nr_jited_ksyms=1 ksym0=0xffffffffc0406a10 ksym1=0x0
[48.519335 pid=1940 tid=1954] BPF_MAP_UPDATE_ELEM prog_array name=sys_exit_init_t map_fd=16 map_id=129 key=437 prog_fd=69 prog_id=17 flags=0 ret=0 errno=0
[48.519420 pid=1940 tid=1954] native-loader jit-info prog_array-target fd=69 id=17 type=17 name=sys_exit_init tag=52c42200436dc579 jited_len=2103 xlated_len=3800 nr_jited_ksyms=1 ksym0=0xffffffffc0406a10 ksym1=0x0
[48.519511 pid=1940 tid=1954] BPF_MAP_UPDATE_ELEM prog_array name=sys_exit_init_t map_fd=16 map_id=129 key=438 prog_fd=69 prog_id=17 flags=0 ret=0 errno=0
[48.519596 pid=1940 tid=1954] native-loader jit-info prog_array-target fd=69 id=17 type=17 name=sys_exit_init tag=52c42200436dc579 jited_len=2103 xlated_len=3800 nr_jited_ksyms=1 ksym0=0xffffffffc0406a10 ksym1=0x0
[48.519686 pid=1940 tid=1954] BPF_MAP_UPDATE_ELEM prog_array name=sys_exit_init_t map_fd=16 map_id=129 key=439 prog_fd=69 prog_id=17 flags=0 ret=0 errno=0
[48.519770 pid=1940 tid=1954] native-loader jit-info prog_array-target fd=69 id=17 type=17 name=sys_exit_init tag=52c42200436dc579 jited_len=2103 xlated_len=3800 nr_jited_ksyms=1 ksym0=0xffffffffc0406a10 ksym1=0x0
[48.519861 pid=1940 tid=1954] BPF_MAP_UPDATE_ELEM prog_array name=sys_exit_init_t map_fd=16 map_id=129 key=440 prog_fd=69 prog_id=17 flags=0 ret=0 errno=0
[48.519949 pid=1940 tid=1954] native-loader jit-info prog_array-target fd=69 id=17 type=17 name=sys_exit_init tag=52c42200436dc579 jited_len=2103 xlated_len=3800 nr_jited_ksyms=1 ksym0=0xffffffffc0406a10 ksym1=0x0
[48.520039 pid=1940 tid=1954] BPF_MAP_UPDATE_ELEM prog_array name=sys_exit_init_t map_fd=16 map_id=129 key=441 prog_fd=69 prog_id=17 flags=0 ret=0 errno=0
[48.520276 pid=1940 tid=1954] native-loader jit-info prog_array-target fd=69 id=17 type=17 name=sys_exit_init tag=52c42200436dc579 jited_len=2103 xlated_len=3800 nr_jited_ksyms=1 ksym0=0xffffffffc0406a10 ksym1=0x0
[48.520376 pid=1940 tid=1954] BPF_MAP_UPDATE_ELEM prog_array name=sys_exit_init_t map_fd=16 map_id=129 key=442 prog_fd=69 prog_id=17 flags=0 ret=0 errno=0
[48.520460 pid=1940 tid=1954] native-loader jit-info prog_array-target fd=69 id=17 type=17 name=sys_exit_init tag=52c42200436dc579 jited_len=2103 xlated_len=3800 nr_jited_ksyms=1 ksym0=0xffffffffc0406a10 ksym1=0x0
[48.520558 pid=1940 tid=1954] BPF_MAP_UPDATE_ELEM prog_array name=sys_exit_init_t map_fd=16 map_id=129 key=443 prog_fd=69 prog_id=17 flags=0 ret=0 errno=0
[48.520711 pid=1940 tid=1954] native-loader jit-info prog_array-target fd=69 id=17 type=17 name=sys_exit_init tag=52c42200436dc579 jited_len=2103 xlated_len=3800 nr_jited_ksyms=1 ksym0=0xffffffffc0406a10 ksym1=0x0
[48.520799 pid=1940 tid=1954] BPF_MAP_UPDATE_ELEM prog_array name=sys_exit_init_t map_fd=16 map_id=129 key=444 prog_fd=69 prog_id=17 flags=0 ret=0 errno=0
[48.520885 pid=1940 tid=1954] native-loader jit-info prog_array-target fd=69 id=17 type=17 name=sys_exit_init tag=52c42200436dc579 jited_len=2103 xlated_len=3800 nr_jited_ksyms=1 ksym0=0xffffffffc0406a10 ksym1=0x0
[48.520977 pid=1940 tid=1954] BPF_MAP_UPDATE_ELEM prog_array name=sys_exit_init_t map_fd=16 map_id=129 key=445 prog_fd=69 prog_id=17 flags=0 ret=0 errno=0
[48.521061 pid=1940 tid=1954] native-loader jit-info prog_array-target fd=69 id=17 type=17 name=sys_exit_init tag=52c42200436dc579 jited_len=2103 xlated_len=3800 nr_jited_ksyms=1 ksym0=0xffffffffc0406a10 ksym1=0x0
[48.521152 pid=1940 tid=1954] BPF_MAP_UPDATE_ELEM prog_array name=sys_exit_init_t map_fd=16 map_id=129 key=446 prog_fd=69 prog_id=17 flags=0 ret=0 errno=0
[48.521237 pid=1940 tid=1954] native-loader jit-info prog_array-target fd=69 id=17 type=17 name=sys_exit_init tag=52c42200436dc579 jited_len=2103 xlated_len=3800 nr_jited_ksyms=1 ksym0=0xffffffffc0406a10 ksym1=0x0
[48.521327 pid=1940 tid=1954] BPF_MAP_UPDATE_ELEM prog_array name=sys_exit_init_t map_fd=16 map_id=129 key=447 prog_fd=69 prog_id=17 flags=0 ret=0 errno=0
[48.521412 pid=1940 tid=1954] native-loader jit-info prog_array-target fd=69 id=17 type=17 name=sys_exit_init tag=52c42200436dc579 jited_len=2103 xlated_len=3800 nr_jited_ksyms=1 ksym0=0xffffffffc0406a10 ksym1=0x0
[48.521505 pid=1940 tid=1954] BPF_MAP_UPDATE_ELEM prog_array name=sys_exit_init_t map_fd=16 map_id=129 key=448 prog_fd=69 prog_id=17 flags=0 ret=0 errno=0
[48.521589 pid=1940 tid=1954] native-loader jit-info prog_array-target fd=69 id=17 type=17 name=sys_exit_init tag=52c42200436dc579 jited_len=2103 xlated_len=3800 nr_jited_ksyms=1 ksym0=0xffffffffc0406a10 ksym1=0x0
[48.521680 pid=1940 tid=1954] BPF_MAP_UPDATE_ELEM prog_array name=sys_exit_init_t map_fd=16 map_id=129 key=449 prog_fd=69 prog_id=17 flags=0 ret=0 errno=0
[48.521765 pid=1940 tid=1954] native-loader jit-info prog_array-target fd=69 id=17 type=17 name=sys_exit_init tag=52c42200436dc579 jited_len=2103 xlated_len=3800 nr_jited_ksyms=1 ksym0=0xffffffffc0406a10 ksym1=0x0
[48.521856 pid=1940 tid=1954] BPF_MAP_UPDATE_ELEM prog_array name=sys_exit_init_t map_fd=16 map_id=129 key=450 prog_fd=69 prog_id=17 flags=0 ret=0 errno=0
[48.521943 pid=1940 tid=1954] native-loader jit-info prog_array-target fd=69 id=17 type=17 name=sys_exit_init tag=52c42200436dc579 jited_len=2103 xlated_len=3800 nr_jited_ksyms=1 ksym0=0xffffffffc0406a10 ksym1=0x0
[48.522032 pid=1940 tid=1954] BPF_MAP_UPDATE_ELEM prog_array name=sys_exit_init_t map_fd=16 map_id=129 key=451 prog_fd=69 prog_id=17 flags=0 ret=0 errno=0
[48.522119 pid=1940 tid=1954] native-loader jit-info prog_array-target fd=69 id=17 type=17 name=sys_exit_init tag=52c42200436dc579 jited_len=2103 xlated_len=3800 nr_jited_ksyms=1 ksym0=0xffffffffc0406a10 ksym1=0x0
[48.522209 pid=1940 tid=1954] BPF_MAP_UPDATE_ELEM prog_array name=sys_exit_init_t map_fd=16 map_id=129 key=452 prog_fd=69 prog_id=17 flags=0 ret=0 errno=0
[48.522295 pid=1940 tid=1954] native-loader jit-info prog_array-target fd=69 id=17 type=17 name=sys_exit_init tag=52c42200436dc579 jited_len=2103 xlated_len=3800 nr_jited_ksyms=1 ksym0=0xffffffffc0406a10 ksym1=0x0
[48.522386 pid=1940 tid=1954] BPF_MAP_UPDATE_ELEM prog_array name=sys_exit_init_t map_fd=16 map_id=129 key=453 prog_fd=69 prog_id=17 flags=0 ret=0 errno=0
[48.522471 pid=1940 tid=1954] native-loader jit-info prog_array-target fd=69 id=17 type=17 name=sys_exit_init tag=52c42200436dc579 jited_len=2103 xlated_len=3800 nr_jited_ksyms=1 ksym0=0xffffffffc0406a10 ksym1=0x0
[48.522561 pid=1940 tid=1954] BPF_MAP_UPDATE_ELEM prog_array name=sys_exit_init_t map_fd=16 map_id=129 key=454 prog_fd=69 prog_id=17 flags=0 ret=0 errno=0
[48.522646 pid=1940 tid=1954] native-loader jit-info prog_array-target fd=69 id=17 type=17 name=sys_exit_init tag=52c42200436dc579 jited_len=2103 xlated_len=3800 nr_jited_ksyms=1 ksym0=0xffffffffc0406a10 ksym1=0x0
[48.522737 pid=1940 tid=1954] BPF_MAP_UPDATE_ELEM prog_array name=sys_exit_init_t map_fd=16 map_id=129 key=455 prog_fd=69 prog_id=17 flags=0 ret=0 errno=0
[48.522880 pid=1940 tid=1954] native-loader jit-info prog_array-target fd=69 id=17 type=17 name=sys_exit_init tag=52c42200436dc579 jited_len=2103 xlated_len=3800 nr_jited_ksyms=1 ksym0=0xffffffffc0406a10 ksym1=0x0
[48.522973 pid=1940 tid=1954] BPF_MAP_UPDATE_ELEM prog_array name=sys_exit_init_t map_fd=16 map_id=129 key=456 prog_fd=69 prog_id=17 flags=0 ret=0 errno=0
[48.523122 pid=1940 tid=1954] native-loader jit-info prog_array-target fd=69 id=17 type=17 name=sys_exit_init tag=52c42200436dc579 jited_len=2103 xlated_len=3800 nr_jited_ksyms=1 ksym0=0xffffffffc0406a10 ksym1=0x0
[48.523224 pid=1940 tid=1954] BPF_MAP_UPDATE_ELEM prog_array name=sys_exit_init_t map_fd=16 map_id=129 key=457 prog_fd=69 prog_id=17 flags=0 ret=0 errno=0
[48.523322 pid=1940 tid=1954] native-loader jit-info prog_array-target fd=69 id=17 type=17 name=sys_exit_init tag=52c42200436dc579 jited_len=2103 xlated_len=3800 nr_jited_ksyms=1 ksym0=0xffffffffc0406a10 ksym1=0x0
[48.523418 pid=1940 tid=1954] BPF_MAP_UPDATE_ELEM prog_array name=sys_exit_init_t map_fd=16 map_id=129 key=458 prog_fd=69 prog_id=17 flags=0 ret=0 errno=0
[48.523503 pid=1940 tid=1954] native-loader jit-info prog_array-target fd=69 id=17 type=17 name=sys_exit_init tag=52c42200436dc579 jited_len=2103 xlated_len=3800 nr_jited_ksyms=1 ksym0=0xffffffffc0406a10 ksym1=0x0
[48.523594 pid=1940 tid=1954] BPF_MAP_UPDATE_ELEM prog_array name=sys_exit_init_t map_fd=16 map_id=129 key=459 prog_fd=69 prog_id=17 flags=0 ret=0 errno=0
[48.523766 pid=1940 tid=1954] native-loader jit-info prog_array-target fd=69 id=17 type=17 name=sys_exit_init tag=52c42200436dc579 jited_len=2103 xlated_len=3800 nr_jited_ksyms=1 ksym0=0xffffffffc0406a10 ksym1=0x0
[48.523857 pid=1940 tid=1954] BPF_MAP_UPDATE_ELEM prog_array name=sys_exit_init_t map_fd=16 map_id=129 key=460 prog_fd=69 prog_id=17 flags=0 ret=0 errno=0
[48.523945 pid=1940 tid=1954] native-loader jit-info prog_array-target fd=69 id=17 type=17 name=sys_exit_init tag=52c42200436dc579 jited_len=2103 xlated_len=3800 nr_jited_ksyms=1 ksym0=0xffffffffc0406a10 ksym1=0x0
[48.524036 pid=1940 tid=1954] BPF_MAP_UPDATE_ELEM prog_array name=sys_exit_init_t map_fd=16 map_id=129 key=461 prog_fd=69 prog_id=17 flags=0 ret=0 errno=0
[48.524122 pid=1940 tid=1954] native-loader jit-info prog_array-target fd=69 id=17 type=17 name=sys_exit_init tag=52c42200436dc579 jited_len=2103 xlated_len=3800 nr_jited_ksyms=1 ksym0=0xffffffffc0406a10 ksym1=0x0
[48.524213 pid=1940 tid=1954] BPF_MAP_UPDATE_ELEM prog_array name=sys_exit_init_t map_fd=16 map_id=129 key=462 prog_fd=69 prog_id=17 flags=0 ret=0 errno=0
[48.524299 pid=1940 tid=1954] native-loader jit-info prog_array-target fd=69 id=17 type=17 name=sys_exit_init tag=52c42200436dc579 jited_len=2103 xlated_len=3800 nr_jited_ksyms=1 ksym0=0xffffffffc0406a10 ksym1=0x0
[48.524390 pid=1940 tid=1954] BPF_MAP_UPDATE_ELEM prog_array name=sys_exit_init_t map_fd=16 map_id=129 key=463 prog_fd=69 prog_id=17 flags=0 ret=0 errno=0
[48.524474 pid=1940 tid=1954] native-loader jit-info prog_array-target fd=69 id=17 type=17 name=sys_exit_init tag=52c42200436dc579 jited_len=2103 xlated_len=3800 nr_jited_ksyms=1 ksym0=0xffffffffc0406a10 ksym1=0x0
[48.524565 pid=1940 tid=1954] BPF_MAP_UPDATE_ELEM prog_array name=sys_exit_init_t map_fd=16 map_id=129 key=464 prog_fd=69 prog_id=17 flags=0 ret=0 errno=0
[48.524710 pid=1940 tid=1954] native-loader jit-info prog_array-target fd=69 id=17 type=17 name=sys_exit_init tag=52c42200436dc579 jited_len=2103 xlated_len=3800 nr_jited_ksyms=1 ksym0=0xffffffffc0406a10 ksym1=0x0
[48.524800 pid=1940 tid=1954] BPF_MAP_UPDATE_ELEM prog_array name=sys_exit_init_t map_fd=16 map_id=129 key=465 prog_fd=69 prog_id=17 flags=0 ret=0 errno=0
[48.524886 pid=1940 tid=1954] native-loader jit-info prog_array-target fd=69 id=17 type=17 name=sys_exit_init tag=52c42200436dc579 jited_len=2103 xlated_len=3800 nr_jited_ksyms=1 ksym0=0xffffffffc0406a10 ksym1=0x0
[48.524978 pid=1940 tid=1954] BPF_MAP_UPDATE_ELEM prog_array name=sys_exit_init_t map_fd=16 map_id=129 key=466 prog_fd=69 prog_id=17 flags=0 ret=0 errno=0
[48.525064 pid=1940 tid=1954] native-loader jit-info prog_array-target fd=69 id=17 type=17 name=sys_exit_init tag=52c42200436dc579 jited_len=2103 xlated_len=3800 nr_jited_ksyms=1 ksym0=0xffffffffc0406a10 ksym1=0x0
[48.525154 pid=1940 tid=1954] BPF_MAP_UPDATE_ELEM prog_array name=sys_exit_init_t map_fd=16 map_id=129 key=467 prog_fd=69 prog_id=17 flags=0 ret=0 errno=0
[48.525239 pid=1940 tid=1954] native-loader jit-info prog_array-target fd=69 id=17 type=17 name=sys_exit_init tag=52c42200436dc579 jited_len=2103 xlated_len=3800 nr_jited_ksyms=1 ksym0=0xffffffffc0406a10 ksym1=0x0
[48.525329 pid=1940 tid=1954] BPF_MAP_UPDATE_ELEM prog_array name=sys_exit_init_t map_fd=16 map_id=129 key=468 prog_fd=69 prog_id=17 flags=0 ret=0 errno=0
[48.525415 pid=1940 tid=1954] native-loader jit-info prog_array-target fd=69 id=17 type=17 name=sys_exit_init tag=52c42200436dc579 jited_len=2103 xlated_len=3800 nr_jited_ksyms=1 ksym0=0xffffffffc0406a10 ksym1=0x0
[48.525505 pid=1940 tid=1954] BPF_MAP_UPDATE_ELEM prog_array name=sys_exit_init_t map_fd=16 map_id=129 key=469 prog_fd=69 prog_id=17 flags=0 ret=0 errno=0
[48.525591 pid=1940 tid=1954] native-loader jit-info prog_array-target fd=69 id=17 type=17 name=sys_exit_init tag=52c42200436dc579 jited_len=2103 xlated_len=3800 nr_jited_ksyms=1 ksym0=0xffffffffc0406a10 ksym1=0x0
[48.525681 pid=1940 tid=1954] BPF_MAP_UPDATE_ELEM prog_array name=sys_exit_init_t map_fd=16 map_id=129 key=470 prog_fd=69 prog_id=17 flags=0 ret=0 errno=0
[48.525889 pid=1940 tid=1954] native-loader jit-info prog_array-target fd=69 id=17 type=17 name=sys_exit_init tag=52c42200436dc579 jited_len=2103 xlated_len=3800 nr_jited_ksyms=1 ksym0=0xffffffffc0406a10 ksym1=0x0
[48.525981 pid=1940 tid=1954] BPF_MAP_UPDATE_ELEM prog_array name=sys_exit_init_t map_fd=16 map_id=129 key=471 prog_fd=69 prog_id=17 flags=0 ret=0 errno=0
[48.526066 pid=1940 tid=1954] native-loader jit-info prog_array-target fd=69 id=17 type=17 name=sys_exit_init tag=52c42200436dc579 jited_len=2103 xlated_len=3800 nr_jited_ksyms=1 ksym0=0xffffffffc0406a10 ksym1=0x0
[48.526157 pid=1940 tid=1954] BPF_MAP_UPDATE_ELEM prog_array name=sys_exit_init_t map_fd=16 map_id=129 key=472 prog_fd=69 prog_id=17 flags=0 ret=0 errno=0
[48.526339 pid=1940 tid=1954] native-loader jit-info prog_array-target fd=69 id=17 type=17 name=sys_exit_init tag=52c42200436dc579 jited_len=2103 xlated_len=3800 nr_jited_ksyms=1 ksym0=0xffffffffc0406a10 ksym1=0x0
[48.526431 pid=1940 tid=1954] BPF_MAP_UPDATE_ELEM prog_array name=sys_exit_init_t map_fd=16 map_id=129 key=473 prog_fd=69 prog_id=17 flags=0 ret=0 errno=0
[48.526517 pid=1940 tid=1954] native-loader jit-info prog_array-target fd=69 id=17 type=17 name=sys_exit_init tag=52c42200436dc579 jited_len=2103 xlated_len=3800 nr_jited_ksyms=1 ksym0=0xffffffffc0406a10 ksym1=0x0
[48.526607 pid=1940 tid=1954] BPF_MAP_UPDATE_ELEM prog_array name=sys_exit_init_t map_fd=16 map_id=129 key=474 prog_fd=69 prog_id=17 flags=0 ret=0 errno=0
[48.526692 pid=1940 tid=1954] native-loader jit-info prog_array-target fd=69 id=17 type=17 name=sys_exit_init tag=52c42200436dc579 jited_len=2103 xlated_len=3800 nr_jited_ksyms=1 ksym0=0xffffffffc0406a10 ksym1=0x0
[48.526783 pid=1940 tid=1954] BPF_MAP_UPDATE_ELEM prog_array name=sys_exit_init_t map_fd=16 map_id=129 key=475 prog_fd=69 prog_id=17 flags=0 ret=0 errno=0
[48.526868 pid=1940 tid=1954] native-loader jit-info prog_array-target fd=69 id=17 type=17 name=sys_exit_init tag=52c42200436dc579 jited_len=2103 xlated_len=3800 nr_jited_ksyms=1 ksym0=0xffffffffc0406a10 ksym1=0x0
[48.526962 pid=1940 tid=1954] BPF_MAP_UPDATE_ELEM prog_array name=sys_exit_init_t map_fd=16 map_id=129 key=476 prog_fd=69 prog_id=17 flags=0 ret=0 errno=0
[48.527046 pid=1940 tid=1954] native-loader jit-info prog_array-target fd=69 id=17 type=17 name=sys_exit_init tag=52c42200436dc579 jited_len=2103 xlated_len=3800 nr_jited_ksyms=1 ksym0=0xffffffffc0406a10 ksym1=0x0
[48.527138 pid=1940 tid=1954] BPF_MAP_UPDATE_ELEM prog_array name=sys_exit_init_t map_fd=16 map_id=129 key=477 prog_fd=69 prog_id=17 flags=0 ret=0 errno=0
[48.527222 pid=1940 tid=1954] native-loader jit-info prog_array-target fd=69 id=17 type=17 name=sys_exit_init tag=52c42200436dc579 jited_len=2103 xlated_len=3800 nr_jited_ksyms=1 ksym0=0xffffffffc0406a10 ksym1=0x0
[48.527313 pid=1940 tid=1954] BPF_MAP_UPDATE_ELEM prog_array name=sys_exit_init_t map_fd=16 map_id=129 key=478 prog_fd=69 prog_id=17 flags=0 ret=0 errno=0
[48.527398 pid=1940 tid=1954] native-loader jit-info prog_array-target fd=69 id=17 type=17 name=sys_exit_init tag=52c42200436dc579 jited_len=2103 xlated_len=3800 nr_jited_ksyms=1 ksym0=0xffffffffc0406a10 ksym1=0x0
[48.527489 pid=1940 tid=1954] BPF_MAP_UPDATE_ELEM prog_array name=sys_exit_init_t map_fd=16 map_id=129 key=479 prog_fd=69 prog_id=17 flags=0 ret=0 errno=0
[48.527573 pid=1940 tid=1954] native-loader jit-info prog_array-target fd=69 id=17 type=17 name=sys_exit_init tag=52c42200436dc579 jited_len=2103 xlated_len=3800 nr_jited_ksyms=1 ksym0=0xffffffffc0406a10 ksym1=0x0
[48.527663 pid=1940 tid=1954] BPF_MAP_UPDATE_ELEM prog_array name=sys_exit_init_t map_fd=16 map_id=129 key=480 prog_fd=69 prog_id=17 flags=0 ret=0 errno=0
[48.527748 pid=1940 tid=1954] native-loader jit-info prog_array-target fd=69 id=17 type=17 name=sys_exit_init tag=52c42200436dc579 jited_len=2103 xlated_len=3800 nr_jited_ksyms=1 ksym0=0xffffffffc0406a10 ksym1=0x0
[48.527839 pid=1940 tid=1954] BPF_MAP_UPDATE_ELEM prog_array name=sys_exit_init_t map_fd=16 map_id=129 key=481 prog_fd=69 prog_id=17 flags=0 ret=0 errno=0
[48.527923 pid=1940 tid=1954] native-loader jit-info prog_array-target fd=69 id=17 type=17 name=sys_exit_init tag=52c42200436dc579 jited_len=2103 xlated_len=3800 nr_jited_ksyms=1 ksym0=0xffffffffc0406a10 ksym1=0x0
[48.528017 pid=1940 tid=1954] BPF_MAP_UPDATE_ELEM prog_array name=sys_exit_init_t map_fd=16 map_id=129 key=482 prog_fd=69 prog_id=17 flags=0 ret=0 errno=0
[48.528101 pid=1940 tid=1954] native-loader jit-info prog_array-target fd=69 id=17 type=17 name=sys_exit_init tag=52c42200436dc579 jited_len=2103 xlated_len=3800 nr_jited_ksyms=1 ksym0=0xffffffffc0406a10 ksym1=0x0
[48.528192 pid=1940 tid=1954] BPF_MAP_UPDATE_ELEM prog_array name=sys_exit_init_t map_fd=16 map_id=129 key=483 prog_fd=69 prog_id=17 flags=0 ret=0 errno=0
[48.528276 pid=1940 tid=1954] native-loader jit-info prog_array-target fd=69 id=17 type=17 name=sys_exit_init tag=52c42200436dc579 jited_len=2103 xlated_len=3800 nr_jited_ksyms=1 ksym0=0xffffffffc0406a10 ksym1=0x0
[48.528366 pid=1940 tid=1954] BPF_MAP_UPDATE_ELEM prog_array name=sys_exit_init_t map_fd=16 map_id=129 key=484 prog_fd=69 prog_id=17 flags=0 ret=0 errno=0
[48.528541 pid=1940 tid=1954] native-loader jit-info prog_array-target fd=69 id=17 type=17 name=sys_exit_init tag=52c42200436dc579 jited_len=2103 xlated_len=3800 nr_jited_ksyms=1 ksym0=0xffffffffc0406a10 ksym1=0x0
[48.528632 pid=1940 tid=1954] BPF_MAP_UPDATE_ELEM prog_array name=sys_exit_init_t map_fd=16 map_id=129 key=485 prog_fd=69 prog_id=17 flags=0 ret=0 errno=0
[48.528790 pid=1940 tid=1954] native-loader jit-info prog_array-target fd=69 id=17 type=17 name=sys_exit_init tag=52c42200436dc579 jited_len=2103 xlated_len=3800 nr_jited_ksyms=1 ksym0=0xffffffffc0406a10 ksym1=0x0
[48.528881 pid=1940 tid=1954] BPF_MAP_UPDATE_ELEM prog_array name=sys_exit_init_t map_fd=16 map_id=129 key=486 prog_fd=69 prog_id=17 flags=0 ret=0 errno=0
[48.528969 pid=1940 tid=1954] native-loader jit-info prog_array-target fd=69 id=17 type=17 name=sys_exit_init tag=52c42200436dc579 jited_len=2103 xlated_len=3800 nr_jited_ksyms=1 ksym0=0xffffffffc0406a10 ksym1=0x0
[48.529061 pid=1940 tid=1954] BPF_MAP_UPDATE_ELEM prog_array name=sys_exit_init_t map_fd=16 map_id=129 key=487 prog_fd=69 prog_id=17 flags=0 ret=0 errno=0
[48.529146 pid=1940 tid=1954] native-loader jit-info prog_array-target fd=69 id=17 type=17 name=sys_exit_init tag=52c42200436dc579 jited_len=2103 xlated_len=3800 nr_jited_ksyms=1 ksym0=0xffffffffc0406a10 ksym1=0x0
[48.529236 pid=1940 tid=1954] BPF_MAP_UPDATE_ELEM prog_array name=sys_exit_init_t map_fd=16 map_id=129 key=488 prog_fd=69 prog_id=17 flags=0 ret=0 errno=0
[48.529393 pid=1940 tid=1954] native-loader jit-info prog_array-target fd=69 id=17 type=17 name=sys_exit_init tag=52c42200436dc579 jited_len=2103 xlated_len=3800 nr_jited_ksyms=1 ksym0=0xffffffffc0406a10 ksym1=0x0
[48.529485 pid=1940 tid=1954] BPF_MAP_UPDATE_ELEM prog_array name=sys_exit_init_t map_fd=16 map_id=129 key=489 prog_fd=69 prog_id=17 flags=0 ret=0 errno=0
[48.529569 pid=1940 tid=1954] native-loader jit-info prog_array-target fd=69 id=17 type=17 name=sys_exit_init tag=52c42200436dc579 jited_len=2103 xlated_len=3800 nr_jited_ksyms=1 ksym0=0xffffffffc0406a10 ksym1=0x0
[48.529659 pid=1940 tid=1954] BPF_MAP_UPDATE_ELEM prog_array name=sys_exit_init_t map_fd=16 map_id=129 key=490 prog_fd=69 prog_id=17 flags=0 ret=0 errno=0
[48.529849 pid=1940 tid=1954] native-loader jit-info prog_array-target fd=69 id=17 type=17 name=sys_exit_init tag=52c42200436dc579 jited_len=2103 xlated_len=3800 nr_jited_ksyms=1 ksym0=0xffffffffc0406a10 ksym1=0x0
[48.529942 pid=1940 tid=1954] BPF_MAP_UPDATE_ELEM prog_array name=sys_exit_init_t map_fd=16 map_id=129 key=491 prog_fd=69 prog_id=17 flags=0 ret=0 errno=0
[48.530029 pid=1940 tid=1954] native-loader jit-info prog_array-target fd=69 id=17 type=17 name=sys_exit_init tag=52c42200436dc579 jited_len=2103 xlated_len=3800 nr_jited_ksyms=1 ksym0=0xffffffffc0406a10 ksym1=0x0
[48.530119 pid=1940 tid=1954] BPF_MAP_UPDATE_ELEM prog_array name=sys_exit_init_t map_fd=16 map_id=129 key=492 prog_fd=69 prog_id=17 flags=0 ret=0 errno=0
[48.530203 pid=1940 tid=1954] native-loader jit-info prog_array-target fd=69 id=17 type=17 name=sys_exit_init tag=52c42200436dc579 jited_len=2103 xlated_len=3800 nr_jited_ksyms=1 ksym0=0xffffffffc0406a10 ksym1=0x0
[48.530293 pid=1940 tid=1954] BPF_MAP_UPDATE_ELEM prog_array name=sys_exit_init_t map_fd=16 map_id=129 key=493 prog_fd=69 prog_id=17 flags=0 ret=0 errno=0
[48.530443 pid=1940 tid=1954] native-loader jit-info prog_array-target fd=69 id=17 type=17 name=sys_exit_init tag=52c42200436dc579 jited_len=2103 xlated_len=3800 nr_jited_ksyms=1 ksym0=0xffffffffc0406a10 ksym1=0x0
[48.530654 pid=1940 tid=1954] BPF_MAP_UPDATE_ELEM prog_array name=sys_exit_init_t map_fd=16 map_id=129 key=494 prog_fd=69 prog_id=17 flags=0 ret=0 errno=0
[48.530740 pid=1940 tid=1954] native-loader jit-info prog_array-target fd=69 id=17 type=17 name=sys_exit_init tag=52c42200436dc579 jited_len=2103 xlated_len=3800 nr_jited_ksyms=1 ksym0=0xffffffffc0406a10 ksym1=0x0
[48.530830 pid=1940 tid=1954] BPF_MAP_UPDATE_ELEM prog_array name=sys_exit_init_t map_fd=16 map_id=129 key=495 prog_fd=69 prog_id=17 flags=0 ret=0 errno=0
[48.530915 pid=1940 tid=1954] native-loader jit-info prog_array-target fd=69 id=17 type=17 name=sys_exit_init tag=52c42200436dc579 jited_len=2103 xlated_len=3800 nr_jited_ksyms=1 ksym0=0xffffffffc0406a10 ksym1=0x0
[48.531008 pid=1940 tid=1954] BPF_MAP_UPDATE_ELEM prog_array name=sys_exit_init_t map_fd=16 map_id=129 key=496 prog_fd=69 prog_id=17 flags=0 ret=0 errno=0
[48.531093 pid=1940 tid=1954] native-loader jit-info prog_array-target fd=69 id=17 type=17 name=sys_exit_init tag=52c42200436dc579 jited_len=2103 xlated_len=3800 nr_jited_ksyms=1 ksym0=0xffffffffc0406a10 ksym1=0x0
[48.531184 pid=1940 tid=1954] BPF_MAP_UPDATE_ELEM prog_array name=sys_exit_init_t map_fd=16 map_id=129 key=497 prog_fd=69 prog_id=17 flags=0 ret=0 errno=0
[48.531269 pid=1940 tid=1954] native-loader jit-info prog_array-target fd=69 id=17 type=17 name=sys_exit_init tag=52c42200436dc579 jited_len=2103 xlated_len=3800 nr_jited_ksyms=1 ksym0=0xffffffffc0406a10 ksym1=0x0
[48.531359 pid=1940 tid=1954] BPF_MAP_UPDATE_ELEM prog_array name=sys_exit_init_t map_fd=16 map_id=129 key=498 prog_fd=69 prog_id=17 flags=0 ret=0 errno=0
[48.531444 pid=1940 tid=1954] native-loader jit-info prog_array-target fd=69 id=17 type=17 name=sys_exit_init tag=52c42200436dc579 jited_len=2103 xlated_len=3800 nr_jited_ksyms=1 ksym0=0xffffffffc0406a10 ksym1=0x0
[48.531535 pid=1940 tid=1954] BPF_MAP_UPDATE_ELEM prog_array name=sys_exit_init_t map_fd=16 map_id=129 key=499 prog_fd=69 prog_id=17 flags=0 ret=0 errno=0
[48.531770 pid=1940 tid=1954] native-loader jit-info prog_array-target fd=69 id=17 type=17 name=sys_exit_init tag=52c42200436dc579 jited_len=2103 xlated_len=3800 nr_jited_ksyms=1 ksym0=0xffffffffc0406a10 ksym1=0x0
[48.531859 pid=1940 tid=1954] BPF_MAP_UPDATE_ELEM prog_array name=sys_exit_init_t map_fd=16 map_id=129 key=500 prog_fd=69 prog_id=17 flags=0 ret=0 errno=0
[48.531947 pid=1940 tid=1954] native-loader jit-info prog_array-target fd=69 id=17 type=17 name=sys_exit_init tag=52c42200436dc579 jited_len=2103 xlated_len=3800 nr_jited_ksyms=1 ksym0=0xffffffffc0406a10 ksym1=0x0
[48.532037 pid=1940 tid=1954] BPF_MAP_UPDATE_ELEM prog_array name=sys_exit_init_t map_fd=16 map_id=129 key=501 prog_fd=69 prog_id=17 flags=0 ret=0 errno=0
[48.532260 pid=1940 tid=1954] native-loader jit-info prog_array-target fd=69 id=17 type=17 name=sys_exit_init tag=52c42200436dc579 jited_len=2103 xlated_len=3800 nr_jited_ksyms=1 ksym0=0xffffffffc0406a10 ksym1=0x0
[48.532353 pid=1940 tid=1954] BPF_MAP_UPDATE_ELEM prog_array name=sys_exit_init_t map_fd=16 map_id=129 key=502 prog_fd=69 prog_id=17 flags=0 ret=0 errno=0
[48.532437 pid=1940 tid=1954] native-loader jit-info prog_array-target fd=69 id=17 type=17 name=sys_exit_init tag=52c42200436dc579 jited_len=2103 xlated_len=3800 nr_jited_ksyms=1 ksym0=0xffffffffc0406a10 ksym1=0x0
[48.532528 pid=1940 tid=1954] BPF_MAP_UPDATE_ELEM prog_array name=sys_exit_init_t map_fd=16 map_id=129 key=503 prog_fd=69 prog_id=17 flags=0 ret=0 errno=0
[48.532612 pid=1940 tid=1954] native-loader jit-info prog_array-target fd=69 id=17 type=17 name=sys_exit_init tag=52c42200436dc579 jited_len=2103 xlated_len=3800 nr_jited_ksyms=1 ksym0=0xffffffffc0406a10 ksym1=0x0
[48.532703 pid=1940 tid=1954] BPF_MAP_UPDATE_ELEM prog_array name=sys_exit_init_t map_fd=16 map_id=129 key=504 prog_fd=69 prog_id=17 flags=0 ret=0 errno=0
[48.532788 pid=1940 tid=1954] native-loader jit-info prog_array-target fd=69 id=17 type=17 name=sys_exit_init tag=52c42200436dc579 jited_len=2103 xlated_len=3800 nr_jited_ksyms=1 ksym0=0xffffffffc0406a10 ksym1=0x0
[48.532878 pid=1940 tid=1954] BPF_MAP_UPDATE_ELEM prog_array name=sys_exit_init_t map_fd=16 map_id=129 key=505 prog_fd=69 prog_id=17 flags=0 ret=0 errno=0
[48.532965 pid=1940 tid=1954] native-loader jit-info prog_array-target fd=69 id=17 type=17 name=sys_exit_init tag=52c42200436dc579 jited_len=2103 xlated_len=3800 nr_jited_ksyms=1 ksym0=0xffffffffc0406a10 ksym1=0x0
[48.533057 pid=1940 tid=1954] BPF_MAP_UPDATE_ELEM prog_array name=sys_exit_init_t map_fd=16 map_id=129 key=506 prog_fd=69 prog_id=17 flags=0 ret=0 errno=0
[48.533142 pid=1940 tid=1954] native-loader jit-info prog_array-target fd=69 id=17 type=17 name=sys_exit_init tag=52c42200436dc579 jited_len=2103 xlated_len=3800 nr_jited_ksyms=1 ksym0=0xffffffffc0406a10 ksym1=0x0
[48.533232 pid=1940 tid=1954] BPF_MAP_UPDATE_ELEM prog_array name=sys_exit_init_t map_fd=16 map_id=129 key=507 prog_fd=69 prog_id=17 flags=0 ret=0 errno=0
[48.533316 pid=1940 tid=1954] native-loader jit-info prog_array-target fd=69 id=17 type=17 name=sys_exit_init tag=52c42200436dc579 jited_len=2103 xlated_len=3800 nr_jited_ksyms=1 ksym0=0xffffffffc0406a10 ksym1=0x0
[48.533407 pid=1940 tid=1954] BPF_MAP_UPDATE_ELEM prog_array name=sys_exit_init_t map_fd=16 map_id=129 key=508 prog_fd=69 prog_id=17 flags=0 ret=0 errno=0
[48.533492 pid=1940 tid=1954] native-loader jit-info prog_array-target fd=69 id=17 type=17 name=sys_exit_init tag=52c42200436dc579 jited_len=2103 xlated_len=3800 nr_jited_ksyms=1 ksym0=0xffffffffc0406a10 ksym1=0x0
[48.533582 pid=1940 tid=1954] BPF_MAP_UPDATE_ELEM prog_array name=sys_exit_init_t map_fd=16 map_id=129 key=509 prog_fd=69 prog_id=17 flags=0 ret=0 errno=0
[48.533667 pid=1940 tid=1954] native-loader jit-info prog_array-target fd=69 id=17 type=17 name=sys_exit_init tag=52c42200436dc579 jited_len=2103 xlated_len=3800 nr_jited_ksyms=1 ksym0=0xffffffffc0406a10 ksym1=0x0
[48.533757 pid=1940 tid=1954] BPF_MAP_UPDATE_ELEM prog_array name=sys_exit_init_t map_fd=16 map_id=129 key=510 prog_fd=69 prog_id=17 flags=0 ret=0 errno=0
[48.533842 pid=1940 tid=1954] native-loader jit-info prog_array-target fd=69 id=17 type=17 name=sys_exit_init tag=52c42200436dc579 jited_len=2103 xlated_len=3800 nr_jited_ksyms=1 ksym0=0xffffffffc0406a10 ksym1=0x0
[48.533936 pid=1940 tid=1954] BPF_MAP_UPDATE_ELEM prog_array name=sys_exit_init_t map_fd=16 map_id=129 key=511 prog_fd=69 prog_id=17 flags=0 ret=0 errno=0
[48.534020 pid=1940 tid=1954] native-loader jit-info prog_array-target fd=69 id=17 type=17 name=sys_exit_init tag=52c42200436dc579 jited_len=2103 xlated_len=3800 nr_jited_ksyms=1 ksym0=0xffffffffc0406a10 ksym1=0x0
[48.534111 pid=1940 tid=1954] BPF_MAP_UPDATE_ELEM prog_array name=sys_exit_init_t map_fd=16 map_id=129 key=512 prog_fd=69 prog_id=17 flags=0 ret=0 errno=0
[48.534195 pid=1940 tid=1954] native-loader jit-info prog_array-target fd=69 id=17 type=17 name=sys_exit_init tag=52c42200436dc579 jited_len=2103 xlated_len=3800 nr_jited_ksyms=1 ksym0=0xffffffffc0406a10 ksym1=0x0
[48.534287 pid=1940 tid=1954] BPF_MAP_UPDATE_ELEM prog_array name=sys_exit_init_t map_fd=16 map_id=129 key=513 prog_fd=69 prog_id=17 flags=0 ret=0 errno=0
[48.534371 pid=1940 tid=1954] native-loader jit-info prog_array-target fd=69 id=17 type=17 name=sys_exit_init tag=52c42200436dc579 jited_len=2103 xlated_len=3800 nr_jited_ksyms=1 ksym0=0xffffffffc0406a10 ksym1=0x0
[48.534462 pid=1940 tid=1954] BPF_MAP_UPDATE_ELEM prog_array name=sys_exit_init_t map_fd=16 map_id=129 key=514 prog_fd=69 prog_id=17 flags=0 ret=0 errno=0
[48.534820 pid=1940 tid=1954] native-loader jit-info prog_array-target fd=69 id=17 type=17 name=sys_exit_init tag=52c42200436dc579 jited_len=2103 xlated_len=3800 nr_jited_ksyms=1 ksym0=0xffffffffc0406a10 ksym1=0x0
[48.534927 pid=1940 tid=1954] BPF_MAP_UPDATE_ELEM prog_array name=sys_exit_init_t map_fd=16 map_id=129 key=515 prog_fd=69 prog_id=17 flags=0 ret=0 errno=0
[48.535017 pid=1940 tid=1954] native-loader jit-info prog_array-target fd=69 id=17 type=17 name=sys_exit_init tag=52c42200436dc579 jited_len=2103 xlated_len=3800 nr_jited_ksyms=1 ksym0=0xffffffffc0406a10 ksym1=0x0
[48.535110 pid=1940 tid=1954] BPF_MAP_UPDATE_ELEM prog_array name=sys_exit_init_t map_fd=16 map_id=129 key=516 prog_fd=69 prog_id=17 flags=0 ret=0 errno=0
[48.535195 pid=1940 tid=1954] native-loader jit-info prog_array-target fd=69 id=17 type=17 name=sys_exit_init tag=52c42200436dc579 jited_len=2103 xlated_len=3800 nr_jited_ksyms=1 ksym0=0xffffffffc0406a10 ksym1=0x0
[48.535286 pid=1940 tid=1954] BPF_MAP_UPDATE_ELEM prog_array name=sys_exit_init_t map_fd=16 map_id=129 key=517 prog_fd=69 prog_id=17 flags=0 ret=0 errno=0
[48.535557 pid=1940 tid=1954] native-loader jit-info prog_array-target fd=69 id=17 type=17 name=sys_exit_init tag=52c42200436dc579 jited_len=2103 xlated_len=3800 nr_jited_ksyms=1 ksym0=0xffffffffc0406a10 ksym1=0x0
[48.535679 pid=1940 tid=1954] BPF_MAP_UPDATE_ELEM prog_array name=sys_exit_init_t map_fd=16 map_id=129 key=518 prog_fd=69 prog_id=17 flags=0 ret=0 errno=0
[48.535770 pid=1940 tid=1954] native-loader jit-info prog_array-target fd=69 id=17 type=17 name=sys_exit_init tag=52c42200436dc579 jited_len=2103 xlated_len=3800 nr_jited_ksyms=1 ksym0=0xffffffffc0406a10 ksym1=0x0
[48.535861 pid=1940 tid=1954] BPF_MAP_UPDATE_ELEM prog_array name=sys_exit_init_t map_fd=16 map_id=129 key=519 prog_fd=69 prog_id=17 flags=0 ret=0 errno=0
[48.536284 pid=1940 tid=1954] native-loader jit-info prog_array-target fd=69 id=17 type=17 name=sys_exit_init tag=52c42200436dc579 jited_len=2103 xlated_len=3800 nr_jited_ksyms=1 ksym0=0xffffffffc0406a10 ksym1=0x0
[48.536407 pid=1940 tid=1954] BPF_MAP_UPDATE_ELEM prog_array name=sys_exit_init_t map_fd=16 map_id=129 key=520 prog_fd=69 prog_id=17 flags=0 ret=0 errno=0
[48.536490 pid=1940 tid=1954] native-loader jit-info prog_array-target fd=69 id=17 type=17 name=sys_exit_init tag=52c42200436dc579 jited_len=2103 xlated_len=3800 nr_jited_ksyms=1 ksym0=0xffffffffc0406a10 ksym1=0x0
[48.536581 pid=1940 tid=1954] BPF_MAP_UPDATE_ELEM prog_array name=sys_exit_init_t map_fd=16 map_id=129 key=521 prog_fd=69 prog_id=17 flags=0 ret=0 errno=0
[48.536666 pid=1940 tid=1954] native-loader jit-info prog_array-target fd=69 id=17 type=17 name=sys_exit_init tag=52c42200436dc579 jited_len=2103 xlated_len=3800 nr_jited_ksyms=1 ksym0=0xffffffffc0406a10 ksym1=0x0
[48.536757 pid=1940 tid=1954] BPF_MAP_UPDATE_ELEM prog_array name=sys_exit_init_t map_fd=16 map_id=129 key=522 prog_fd=69 prog_id=17 flags=0 ret=0 errno=0
[48.536908 pid=1940 tid=1954] native-loader jit-info prog_array-target fd=69 id=17 type=17 name=sys_exit_init tag=52c42200436dc579 jited_len=2103 xlated_len=3800 nr_jited_ksyms=1 ksym0=0xffffffffc0406a10 ksym1=0x0
[48.537271 pid=1940 tid=1954] BPF_MAP_UPDATE_ELEM prog_array name=sys_exit_init_t map_fd=16 map_id=129 key=523 prog_fd=69 prog_id=17 flags=0 ret=0 errno=0
[48.537368 pid=1940 tid=1954] native-loader jit-info prog_array-target fd=69 id=17 type=17 name=sys_exit_init tag=52c42200436dc579 jited_len=2103 xlated_len=3800 nr_jited_ksyms=1 ksym0=0xffffffffc0406a10 ksym1=0x0
[48.537460 pid=1940 tid=1954] BPF_MAP_UPDATE_ELEM prog_array name=sys_exit_init_t map_fd=16 map_id=129 key=524 prog_fd=69 prog_id=17 flags=0 ret=0 errno=0
[48.537545 pid=1940 tid=1954] native-loader jit-info prog_array-target fd=69 id=17 type=17 name=sys_exit_init tag=52c42200436dc579 jited_len=2103 xlated_len=3800 nr_jited_ksyms=1 ksym0=0xffffffffc0406a10 ksym1=0x0
[48.537637 pid=1940 tid=1954] BPF_MAP_UPDATE_ELEM prog_array name=sys_exit_init_t map_fd=16 map_id=129 key=525 prog_fd=69 prog_id=17 flags=0 ret=0 errno=0
[48.537722 pid=1940 tid=1954] native-loader jit-info prog_array-target fd=69 id=17 type=17 name=sys_exit_init tag=52c42200436dc579 jited_len=2103 xlated_len=3800 nr_jited_ksyms=1 ksym0=0xffffffffc0406a10 ksym1=0x0
[48.537813 pid=1940 tid=1954] BPF_MAP_UPDATE_ELEM prog_array name=sys_exit_init_t map_fd=16 map_id=129 key=526 prog_fd=69 prog_id=17 flags=0 ret=0 errno=0
[48.537900 pid=1940 tid=1954] native-loader jit-info prog_array-target fd=69 id=17 type=17 name=sys_exit_init tag=52c42200436dc579 jited_len=2103 xlated_len=3800 nr_jited_ksyms=1 ksym0=0xffffffffc0406a10 ksym1=0x0
[48.537996 pid=1940 tid=1954] BPF_MAP_UPDATE_ELEM prog_array name=sys_exit_init_t map_fd=16 map_id=129 key=527 prog_fd=69 prog_id=17 flags=0 ret=0 errno=0
[48.538081 pid=1940 tid=1954] native-loader jit-info prog_array-target fd=69 id=17 type=17 name=sys_exit_init tag=52c42200436dc579 jited_len=2103 xlated_len=3800 nr_jited_ksyms=1 ksym0=0xffffffffc0406a10 ksym1=0x0
[48.538173 pid=1940 tid=1954] BPF_MAP_UPDATE_ELEM prog_array name=sys_exit_init_t map_fd=16 map_id=129 key=528 prog_fd=69 prog_id=17 flags=0 ret=0 errno=0
[48.538486 pid=1940 tid=1954] native-loader jit-info prog_array-target fd=69 id=17 type=17 name=sys_exit_init tag=52c42200436dc579 jited_len=2103 xlated_len=3800 nr_jited_ksyms=1 ksym0=0xffffffffc0406a10 ksym1=0x0
[48.538593 pid=1940 tid=1954] BPF_MAP_UPDATE_ELEM prog_array name=sys_exit_init_t map_fd=16 map_id=129 key=529 prog_fd=69 prog_id=17 flags=0 ret=0 errno=0
[48.538677 pid=1940 tid=1954] native-loader jit-info prog_array-target fd=69 id=17 type=17 name=sys_exit_init tag=52c42200436dc579 jited_len=2103 xlated_len=3800 nr_jited_ksyms=1 ksym0=0xffffffffc0406a10 ksym1=0x0
[48.538768 pid=1940 tid=1954] BPF_MAP_UPDATE_ELEM prog_array name=sys_exit_init_t map_fd=16 map_id=129 key=530 prog_fd=69 prog_id=17 flags=0 ret=0 errno=0
[48.538954 pid=1940 tid=1954] native-loader jit-info prog_array-target fd=69 id=17 type=17 name=sys_exit_init tag=52c42200436dc579 jited_len=2103 xlated_len=3800 nr_jited_ksyms=1 ksym0=0xffffffffc0406a10 ksym1=0x0
[48.539264 pid=1940 tid=1954] BPF_MAP_UPDATE_ELEM prog_array name=sys_exit_init_t map_fd=16 map_id=129 key=531 prog_fd=69 prog_id=17 flags=0 ret=0 errno=0
[48.539602 pid=1940 tid=1954] native-loader jit-info prog_array-target fd=69 id=17 type=17 name=sys_exit_init tag=52c42200436dc579 jited_len=2103 xlated_len=3800 nr_jited_ksyms=1 ksym0=0xffffffffc0406a10 ksym1=0x0
[48.539723 pid=1940 tid=1954] BPF_MAP_UPDATE_ELEM prog_array name=sys_exit_init_t map_fd=16 map_id=129 key=532 prog_fd=69 prog_id=17 flags=0 ret=0 errno=0
[48.539818 pid=1940 tid=1954] native-loader jit-info prog_array-target fd=69 id=17 type=17 name=sys_exit_init tag=52c42200436dc579 jited_len=2103 xlated_len=3800 nr_jited_ksyms=1 ksym0=0xffffffffc0406a10 ksym1=0x0
[48.539909 pid=1940 tid=1954] BPF_MAP_UPDATE_ELEM prog_array name=sys_exit_init_t map_fd=16 map_id=129 key=533 prog_fd=69 prog_id=17 flags=0 ret=0 errno=0
[48.540006 pid=1940 tid=1954] native-loader jit-info prog_array-target fd=69 id=17 type=17 name=sys_exit_init tag=52c42200436dc579 jited_len=2103 xlated_len=3800 nr_jited_ksyms=1 ksym0=0xffffffffc0406a10 ksym1=0x0
[48.540092 pid=1940 tid=1954] BPF_MAP_UPDATE_ELEM prog_array name=sys_exit_init_t map_fd=16 map_id=129 key=534 prog_fd=69 prog_id=17 flags=0 ret=0 errno=0
[48.540178 pid=1940 tid=1954] native-loader jit-info prog_array-target fd=69 id=17 type=17 name=sys_exit_init tag=52c42200436dc579 jited_len=2103 xlated_len=3800 nr_jited_ksyms=1 ksym0=0xffffffffc0406a10 ksym1=0x0
[48.540501 pid=1940 tid=1954] BPF_MAP_UPDATE_ELEM prog_array name=prog_array map_fd=27 map_id=140 key=13 prog_fd=177 prog_id=40 flags=0 ret=0 errno=0
[48.540769 pid=1940 tid=1954] native-loader jit-info prog_array-target fd=177 id=40 type=2 name=lkm_seeker_modt tag=e0750393ef625f0c jited_len=55771 xlated_len=104000 nr_jited_ksyms=1 ksym0=0xffffffffc0442c0c ksym1=0x0
[48.540872 pid=1940 tid=1954] BPF_MAP_UPDATE_ELEM prog_array name=sys_exit_tails map_fd=18 map_id=131 key=59 prog_fd=171 prog_id=34 flags=0 ret=0 errno=0
[48.540965 pid=1940 tid=1954] native-loader jit-info prog_array-target fd=171 id=34 type=17 name=syscall__execve tag=a3a03e7b086ee082 jited_len=22904 xlated_len=33792 nr_jited_ksyms=1 ksym0=0xffffffffc0428a60 ksym1=0x0
[48.541065 pid=1940 tid=1954] BPF_MAP_UPDATE_ELEM prog_array name=sys_enter_init_ map_fd=10 map_id=123 key=0 prog_fd=60 prog_id=14 flags=0 ret=0 errno=0
[48.541153 pid=1940 tid=1954] native-loader jit-info prog_array-target fd=60 id=14 type=17 name=sys_enter_init tag=04cfd32a108dadfd jited_len=2524 xlated_len=4552 nr_jited_ksyms=1 ksym0=0xffffffffc04019a0 ksym1=0x0
[48.541243 pid=1940 tid=1954] BPF_MAP_UPDATE_ELEM prog_array name=sys_enter_init_ map_fd=10 map_id=123 key=1 prog_fd=60 prog_id=14 flags=0 ret=0 errno=0
[48.541328 pid=1940 tid=1954] native-loader jit-info prog_array-target fd=60 id=14 type=17 name=sys_enter_init tag=04cfd32a108dadfd jited_len=2524 xlated_len=4552 nr_jited_ksyms=1 ksym0=0xffffffffc04019a0 ksym1=0x0
[48.541418 pid=1940 tid=1954] BPF_MAP_UPDATE_ELEM prog_array name=sys_enter_init_ map_fd=10 map_id=123 key=2 prog_fd=60 prog_id=14 flags=0 ret=0 errno=0
[48.541503 pid=1940 tid=1954] native-loader jit-info prog_array-target fd=60 id=14 type=17 name=sys_enter_init tag=04cfd32a108dadfd jited_len=2524 xlated_len=4552 nr_jited_ksyms=1 ksym0=0xffffffffc04019a0 ksym1=0x0
[48.541593 pid=1940 tid=1954] BPF_MAP_UPDATE_ELEM prog_array name=sys_enter_init_ map_fd=10 map_id=123 key=3 prog_fd=60 prog_id=14 flags=0 ret=0 errno=0
[48.541680 pid=1940 tid=1954] native-loader jit-info prog_array-target fd=60 id=14 type=17 name=sys_enter_init tag=04cfd32a108dadfd jited_len=2524 xlated_len=4552 nr_jited_ksyms=1 ksym0=0xffffffffc04019a0 ksym1=0x0
[48.541769 pid=1940 tid=1954] BPF_MAP_UPDATE_ELEM prog_array name=sys_enter_init_ map_fd=10 map_id=123 key=4 prog_fd=60 prog_id=14 flags=0 ret=0 errno=0
[48.541856 pid=1940 tid=1954] native-loader jit-info prog_array-target fd=60 id=14 type=17 name=sys_enter_init tag=04cfd32a108dadfd jited_len=2524 xlated_len=4552 nr_jited_ksyms=1 ksym0=0xffffffffc04019a0 ksym1=0x0
[48.541947 pid=1940 tid=1954] BPF_MAP_UPDATE_ELEM prog_array name=sys_enter_init_ map_fd=10 map_id=123 key=5 prog_fd=60 prog_id=14 flags=0 ret=0 errno=0
[48.542282 pid=1940 tid=1954] native-loader jit-info prog_array-target fd=60 id=14 type=17 name=sys_enter_init tag=04cfd32a108dadfd jited_len=2524 xlated_len=4552 nr_jited_ksyms=1 ksym0=0xffffffffc04019a0 ksym1=0x0
[48.542404 pid=1940 tid=1954] BPF_MAP_UPDATE_ELEM prog_array name=sys_enter_init_ map_fd=10 map_id=123 key=6 prog_fd=60 prog_id=14 flags=0 ret=0 errno=0
[48.542736 pid=1940 tid=1954] native-loader jit-info prog_array-target fd=60 id=14 type=17 name=sys_enter_init tag=04cfd32a108dadfd jited_len=2524 xlated_len=4552 nr_jited_ksyms=1 ksym0=0xffffffffc04019a0 ksym1=0x0
[48.542854 pid=1940 tid=1954] BPF_MAP_UPDATE_ELEM prog_array name=sys_enter_init_ map_fd=10 map_id=123 key=7 prog_fd=60 prog_id=14 flags=0 ret=0 errno=0
[48.542952 pid=1940 tid=1954] native-loader jit-info prog_array-target fd=60 id=14 type=17 name=sys_enter_init tag=04cfd32a108dadfd jited_len=2524 xlated_len=4552 nr_jited_ksyms=1 ksym0=0xffffffffc04019a0 ksym1=0x0
[48.543042 pid=1940 tid=1954] BPF_MAP_UPDATE_ELEM prog_array name=sys_enter_init_ map_fd=10 map_id=123 key=8 prog_fd=60 prog_id=14 flags=0 ret=0 errno=0
[48.543129 pid=1940 tid=1954] native-loader jit-info prog_array-target fd=60 id=14 type=17 name=sys_enter_init tag=04cfd32a108dadfd jited_len=2524 xlated_len=4552 nr_jited_ksyms=1 ksym0=0xffffffffc04019a0 ksym1=0x0
[48.543219 pid=1940 tid=1954] BPF_MAP_UPDATE_ELEM prog_array name=sys_enter_init_ map_fd=10 map_id=123 key=9 prog_fd=60 prog_id=14 flags=0 ret=0 errno=0
[48.543554 pid=1940 tid=1954] native-loader jit-info prog_array-target fd=60 id=14 type=17 name=sys_enter_init tag=04cfd32a108dadfd jited_len=2524 xlated_len=4552 nr_jited_ksyms=1 ksym0=0xffffffffc04019a0 ksym1=0x0
[48.543672 pid=1940 tid=1954] BPF_MAP_UPDATE_ELEM prog_array name=sys_enter_init_ map_fd=10 map_id=123 key=10 prog_fd=60 prog_id=14 flags=0 ret=0 errno=0
[48.543768 pid=1940 tid=1954] native-loader jit-info prog_array-target fd=60 id=14 type=17 name=sys_enter_init tag=04cfd32a108dadfd jited_len=2524 xlated_len=4552 nr_jited_ksyms=1 ksym0=0xffffffffc04019a0 ksym1=0x0
[48.543858 pid=1940 tid=1954] BPF_MAP_UPDATE_ELEM prog_array name=sys_enter_init_ map_fd=10 map_id=123 key=11 prog_fd=60 prog_id=14 flags=0 ret=0 errno=0
[48.544192 pid=1940 tid=1954] native-loader jit-info prog_array-target fd=60 id=14 type=17 name=sys_enter_init tag=04cfd32a108dadfd jited_len=2524 xlated_len=4552 nr_jited_ksyms=1 ksym0=0xffffffffc04019a0 ksym1=0x0
[48.544312 pid=1940 tid=1954] BPF_MAP_UPDATE_ELEM prog_array name=sys_enter_init_ map_fd=10 map_id=123 key=12 prog_fd=60 prog_id=14 flags=0 ret=0 errno=0
[48.544411 pid=1940 tid=1954] native-loader jit-info prog_array-target fd=60 id=14 type=17 name=sys_enter_init tag=04cfd32a108dadfd jited_len=2524 xlated_len=4552 nr_jited_ksyms=1 ksym0=0xffffffffc04019a0 ksym1=0x0
[48.544505 pid=1940 tid=1954] BPF_MAP_UPDATE_ELEM prog_array name=sys_enter_init_ map_fd=10 map_id=123 key=13 prog_fd=60 prog_id=14 flags=0 ret=0 errno=0
[48.544593 pid=1940 tid=1954] native-loader jit-info prog_array-target fd=60 id=14 type=17 name=sys_enter_init tag=04cfd32a108dadfd jited_len=2524 xlated_len=4552 nr_jited_ksyms=1 ksym0=0xffffffffc04019a0 ksym1=0x0
[48.544684 pid=1940 tid=1954] BPF_MAP_UPDATE_ELEM prog_array name=sys_enter_init_ map_fd=10 map_id=123 key=14 prog_fd=60 prog_id=14 flags=0 ret=0 errno=0
[48.545018 pid=1940 tid=1954] native-loader jit-info prog_array-target fd=60 id=14 type=17 name=sys_enter_init tag=04cfd32a108dadfd jited_len=2524 xlated_len=4552 nr_jited_ksyms=1 ksym0=0xffffffffc04019a0 ksym1=0x0
[48.545382 pid=1940 tid=1954] BPF_MAP_UPDATE_ELEM prog_array name=sys_enter_init_ map_fd=10 map_id=123 key=15 prog_fd=60 prog_id=14 flags=0 ret=0 errno=0
[48.545500 pid=1940 tid=1954] native-loader jit-info prog_array-target fd=60 id=14 type=17 name=sys_enter_init tag=04cfd32a108dadfd jited_len=2524 xlated_len=4552 nr_jited_ksyms=1 ksym0=0xffffffffc04019a0 ksym1=0x0
[48.545591 pid=1940 tid=1954] BPF_MAP_UPDATE_ELEM prog_array name=sys_enter_init_ map_fd=10 map_id=123 key=16 prog_fd=60 prog_id=14 flags=0 ret=0 errno=0
[48.545676 pid=1940 tid=1954] native-loader jit-info prog_array-target fd=60 id=14 type=17 name=sys_enter_init tag=04cfd32a108dadfd jited_len=2524 xlated_len=4552 nr_jited_ksyms=1 ksym0=0xffffffffc04019a0 ksym1=0x0
[48.545766 pid=1940 tid=1954] BPF_MAP_UPDATE_ELEM prog_array name=sys_enter_init_ map_fd=10 map_id=123 key=17 prog_fd=60 prog_id=14 flags=0 ret=0 errno=0
[48.545852 pid=1940 tid=1954] native-loader jit-info prog_array-target fd=60 id=14 type=17 name=sys_enter_init tag=04cfd32a108dadfd jited_len=2524 xlated_len=4552 nr_jited_ksyms=1 ksym0=0xffffffffc04019a0 ksym1=0x0
[48.545947 pid=1940 tid=1954] BPF_MAP_UPDATE_ELEM prog_array name=sys_enter_init_ map_fd=10 map_id=123 key=18 prog_fd=60 prog_id=14 flags=0 ret=0 errno=0
[48.546033 pid=1940 tid=1954] native-loader jit-info prog_array-target fd=60 id=14 type=17 name=sys_enter_init tag=04cfd32a108dadfd jited_len=2524 xlated_len=4552 nr_jited_ksyms=1 ksym0=0xffffffffc04019a0 ksym1=0x0
[48.546123 pid=1940 tid=1954] BPF_MAP_UPDATE_ELEM prog_array name=sys_enter_init_ map_fd=10 map_id=123 key=19 prog_fd=60 prog_id=14 flags=0 ret=0 errno=0
[48.546210 pid=1940 tid=1954] native-loader jit-info prog_array-target fd=60 id=14 type=17 name=sys_enter_init tag=04cfd32a108dadfd jited_len=2524 xlated_len=4552 nr_jited_ksyms=1 ksym0=0xffffffffc04019a0 ksym1=0x0
[48.546299 pid=1940 tid=1954] BPF_MAP_UPDATE_ELEM prog_array name=sys_enter_init_ map_fd=10 map_id=123 key=20 prog_fd=60 prog_id=14 flags=0 ret=0 errno=0
[48.546537 pid=1940 tid=1954] native-loader jit-info prog_array-target fd=60 id=14 type=17 name=sys_enter_init tag=04cfd32a108dadfd jited_len=2524 xlated_len=4552 nr_jited_ksyms=1 ksym0=0xffffffffc04019a0 ksym1=0x0
[48.546628 pid=1940 tid=1954] BPF_MAP_UPDATE_ELEM prog_array name=sys_enter_init_ map_fd=10 map_id=123 key=21 prog_fd=60 prog_id=14 flags=0 ret=0 errno=0
[48.546713 pid=1940 tid=1954] native-loader jit-info prog_array-target fd=60 id=14 type=17 name=sys_enter_init tag=04cfd32a108dadfd jited_len=2524 xlated_len=4552 nr_jited_ksyms=1 ksym0=0xffffffffc04019a0 ksym1=0x0
[48.546802 pid=1940 tid=1954] BPF_MAP_UPDATE_ELEM prog_array name=sys_enter_init_ map_fd=10 map_id=123 key=22 prog_fd=60 prog_id=14 flags=0 ret=0 errno=0
[48.547168 pid=1940 tid=1954] native-loader jit-info prog_array-target fd=60 id=14 type=17 name=sys_enter_init tag=04cfd32a108dadfd jited_len=2524 xlated_len=4552 nr_jited_ksyms=1 ksym0=0xffffffffc04019a0 ksym1=0x0
[48.547728 pid=1940 tid=1954] BPF_MAP_UPDATE_ELEM prog_array name=sys_enter_init_ map_fd=10 map_id=123 key=23 prog_fd=60 prog_id=14 flags=0 ret=0 errno=0
[48.548165 pid=1940 tid=1954] native-loader jit-info prog_array-target fd=60 id=14 type=17 name=sys_enter_init tag=04cfd32a108dadfd jited_len=2524 xlated_len=4552 nr_jited_ksyms=1 ksym0=0xffffffffc04019a0 ksym1=0x0
[48.548555 pid=1940 tid=1954] BPF_MAP_UPDATE_ELEM prog_array name=sys_enter_init_ map_fd=10 map_id=123 key=24 prog_fd=60 prog_id=14 flags=0 ret=0 errno=0
[48.548816 pid=1940 tid=1954] native-loader jit-info prog_array-target fd=60 id=14 type=17 name=sys_enter_init tag=04cfd32a108dadfd jited_len=2524 xlated_len=4552 nr_jited_ksyms=1 ksym0=0xffffffffc04019a0 ksym1=0x0
[48.548920 pid=1940 tid=1954] BPF_MAP_UPDATE_ELEM prog_array name=sys_enter_init_ map_fd=10 map_id=123 key=25 prog_fd=60 prog_id=14 flags=0 ret=0 errno=0
[48.549008 pid=1940 tid=1954] native-loader jit-info prog_array-target fd=60 id=14 type=17 name=sys_enter_init tag=04cfd32a108dadfd jited_len=2524 xlated_len=4552 nr_jited_ksyms=1 ksym0=0xffffffffc04019a0 ksym1=0x0
[48.549100 pid=1940 tid=1954] BPF_MAP_UPDATE_ELEM prog_array name=sys_enter_init_ map_fd=10 map_id=123 key=26 prog_fd=60 prog_id=14 flags=0 ret=0 errno=0
[48.549187 pid=1940 tid=1954] native-loader jit-info prog_array-target fd=60 id=14 type=17 name=sys_enter_init tag=04cfd32a108dadfd jited_len=2524 xlated_len=4552 nr_jited_ksyms=1 ksym0=0xffffffffc04019a0 ksym1=0x0
[48.549276 pid=1940 tid=1954] BPF_MAP_UPDATE_ELEM prog_array name=sys_enter_init_ map_fd=10 map_id=123 key=27 prog_fd=60 prog_id=14 flags=0 ret=0 errno=0
[48.549362 pid=1940 tid=1954] native-loader jit-info prog_array-target fd=60 id=14 type=17 name=sys_enter_init tag=04cfd32a108dadfd jited_len=2524 xlated_len=4552 nr_jited_ksyms=1 ksym0=0xffffffffc04019a0 ksym1=0x0
[48.549451 pid=1940 tid=1954] BPF_MAP_UPDATE_ELEM prog_array name=sys_enter_init_ map_fd=10 map_id=123 key=28 prog_fd=60 prog_id=14 flags=0 ret=0 errno=0
[48.549537 pid=1940 tid=1954] native-loader jit-info prog_array-target fd=60 id=14 type=17 name=sys_enter_init tag=04cfd32a108dadfd jited_len=2524 xlated_len=4552 nr_jited_ksyms=1 ksym0=0xffffffffc04019a0 ksym1=0x0
[48.549627 pid=1940 tid=1954] BPF_MAP_UPDATE_ELEM prog_array name=sys_enter_init_ map_fd=10 map_id=123 key=29 prog_fd=60 prog_id=14 flags=0 ret=0 errno=0
[48.549713 pid=1940 tid=1954] native-loader jit-info prog_array-target fd=60 id=14 type=17 name=sys_enter_init tag=04cfd32a108dadfd jited_len=2524 xlated_len=4552 nr_jited_ksyms=1 ksym0=0xffffffffc04019a0 ksym1=0x0
[48.549802 pid=1940 tid=1954] BPF_MAP_UPDATE_ELEM prog_array name=sys_enter_init_ map_fd=10 map_id=123 key=30 prog_fd=60 prog_id=14 flags=0 ret=0 errno=0
[48.549889 pid=1940 tid=1954] native-loader jit-info prog_array-target fd=60 id=14 type=17 name=sys_enter_init tag=04cfd32a108dadfd jited_len=2524 xlated_len=4552 nr_jited_ksyms=1 ksym0=0xffffffffc04019a0 ksym1=0x0
[48.549981 pid=1940 tid=1954] BPF_MAP_UPDATE_ELEM prog_array name=sys_enter_init_ map_fd=10 map_id=123 key=31 prog_fd=60 prog_id=14 flags=0 ret=0 errno=0
[48.550068 pid=1940 tid=1954] native-loader jit-info prog_array-target fd=60 id=14 type=17 name=sys_enter_init tag=04cfd32a108dadfd jited_len=2524 xlated_len=4552 nr_jited_ksyms=1 ksym0=0xffffffffc04019a0 ksym1=0x0
[48.550157 pid=1940 tid=1954] BPF_MAP_UPDATE_ELEM prog_array name=sys_enter_init_ map_fd=10 map_id=123 key=34 prog_fd=60 prog_id=14 flags=0 ret=0 errno=0
[48.550243 pid=1940 tid=1954] native-loader jit-info prog_array-target fd=60 id=14 type=17 name=sys_enter_init tag=04cfd32a108dadfd jited_len=2524 xlated_len=4552 nr_jited_ksyms=1 ksym0=0xffffffffc04019a0 ksym1=0x0
[48.550333 pid=1940 tid=1954] BPF_MAP_UPDATE_ELEM prog_array name=sys_enter_init_ map_fd=10 map_id=123 key=35 prog_fd=60 prog_id=14 flags=0 ret=0 errno=0
[48.550419 pid=1940 tid=1954] native-loader jit-info prog_array-target fd=60 id=14 type=17 name=sys_enter_init tag=04cfd32a108dadfd jited_len=2524 xlated_len=4552 nr_jited_ksyms=1 ksym0=0xffffffffc04019a0 ksym1=0x0
[48.550508 pid=1940 tid=1954] BPF_MAP_UPDATE_ELEM prog_array name=sys_enter_init_ map_fd=10 map_id=123 key=36 prog_fd=60 prog_id=14 flags=0 ret=0 errno=0
[48.550632 pid=1940 tid=1954] native-loader jit-info prog_array-target fd=60 id=14 type=17 name=sys_enter_init tag=04cfd32a108dadfd jited_len=2524 xlated_len=4552 nr_jited_ksyms=1 ksym0=0xffffffffc04019a0 ksym1=0x0
[48.550720 pid=1940 tid=1954] BPF_MAP_UPDATE_ELEM prog_array name=sys_enter_init_ map_fd=10 map_id=123 key=37 prog_fd=60 prog_id=14 flags=0 ret=0 errno=0
[48.550911 pid=1940 tid=1954] native-loader jit-info prog_array-target fd=60 id=14 type=17 name=sys_enter_init tag=04cfd32a108dadfd jited_len=2524 xlated_len=4552 nr_jited_ksyms=1 ksym0=0xffffffffc04019a0 ksym1=0x0
[48.551001 pid=1940 tid=1954] BPF_MAP_UPDATE_ELEM prog_array name=sys_enter_init_ map_fd=10 map_id=123 key=38 prog_fd=60 prog_id=14 flags=0 ret=0 errno=0
[48.551087 pid=1940 tid=1954] native-loader jit-info prog_array-target fd=60 id=14 type=17 name=sys_enter_init tag=04cfd32a108dadfd jited_len=2524 xlated_len=4552 nr_jited_ksyms=1 ksym0=0xffffffffc04019a0 ksym1=0x0
[48.551177 pid=1940 tid=1954] BPF_MAP_UPDATE_ELEM prog_array name=sys_enter_init_ map_fd=10 map_id=123 key=39 prog_fd=60 prog_id=14 flags=0 ret=0 errno=0
[48.551264 pid=1940 tid=1954] native-loader jit-info prog_array-target fd=60 id=14 type=17 name=sys_enter_init tag=04cfd32a108dadfd jited_len=2524 xlated_len=4552 nr_jited_ksyms=1 ksym0=0xffffffffc04019a0 ksym1=0x0
[48.551355 pid=1940 tid=1954] BPF_MAP_UPDATE_ELEM prog_array name=sys_enter_init_ map_fd=10 map_id=123 key=40 prog_fd=60 prog_id=14 flags=0 ret=0 errno=0
[48.551509 pid=1940 tid=1954] native-loader jit-info prog_array-target fd=60 id=14 type=17 name=sys_enter_init tag=04cfd32a108dadfd jited_len=2524 xlated_len=4552 nr_jited_ksyms=1 ksym0=0xffffffffc04019a0 ksym1=0x0
[48.551596 pid=1940 tid=1954] BPF_MAP_UPDATE_ELEM prog_array name=sys_enter_init_ map_fd=10 map_id=123 key=41 prog_fd=60 prog_id=14 flags=0 ret=0 errno=0
[48.551682 pid=1940 tid=1954] native-loader jit-info prog_array-target fd=60 id=14 type=17 name=sys_enter_init tag=04cfd32a108dadfd jited_len=2524 xlated_len=4552 nr_jited_ksyms=1 ksym0=0xffffffffc04019a0 ksym1=0x0
[48.551772 pid=1940 tid=1954] BPF_MAP_UPDATE_ELEM prog_array name=sys_enter_init_ map_fd=10 map_id=123 key=42 prog_fd=60 prog_id=14 flags=0 ret=0 errno=0
[48.551925 pid=1940 tid=1954] native-loader jit-info prog_array-target fd=60 id=14 type=17 name=sys_enter_init tag=04cfd32a108dadfd jited_len=2524 xlated_len=4552 nr_jited_ksyms=1 ksym0=0xffffffffc04019a0 ksym1=0x0
[48.552017 pid=1940 tid=1954] BPF_MAP_UPDATE_ELEM prog_array name=sys_enter_init_ map_fd=10 map_id=123 key=43 prog_fd=60 prog_id=14 flags=0 ret=0 errno=0
[48.552103 pid=1940 tid=1954] native-loader jit-info prog_array-target fd=60 id=14 type=17 name=sys_enter_init tag=04cfd32a108dadfd jited_len=2524 xlated_len=4552 nr_jited_ksyms=1 ksym0=0xffffffffc04019a0 ksym1=0x0
[48.552193 pid=1940 tid=1954] BPF_MAP_UPDATE_ELEM prog_array name=sys_enter_init_ map_fd=10 map_id=123 key=44 prog_fd=60 prog_id=14 flags=0 ret=0 errno=0
[48.552279 pid=1940 tid=1954] native-loader jit-info prog_array-target fd=60 id=14 type=17 name=sys_enter_init tag=04cfd32a108dadfd jited_len=2524 xlated_len=4552 nr_jited_ksyms=1 ksym0=0xffffffffc04019a0 ksym1=0x0
[48.552368 pid=1940 tid=1954] BPF_MAP_UPDATE_ELEM prog_array name=sys_enter_init_ map_fd=10 map_id=123 key=45 prog_fd=60 prog_id=14 flags=0 ret=0 errno=0
[48.552577 pid=1940 tid=1954] native-loader jit-info prog_array-target fd=60 id=14 type=17 name=sys_enter_init tag=04cfd32a108dadfd jited_len=2524 xlated_len=4552 nr_jited_ksyms=1 ksym0=0xffffffffc04019a0 ksym1=0x0
[48.552781 pid=1940 tid=1954] BPF_MAP_UPDATE_ELEM prog_array name=sys_enter_init_ map_fd=10 map_id=123 key=46 prog_fd=60 prog_id=14 flags=0 ret=0 errno=0
[48.552880 pid=1940 tid=1954] native-loader jit-info prog_array-target fd=60 id=14 type=17 name=sys_enter_init tag=04cfd32a108dadfd jited_len=2524 xlated_len=4552 nr_jited_ksyms=1 ksym0=0xffffffffc04019a0 ksym1=0x0
[48.552972 pid=1940 tid=1954] BPF_MAP_UPDATE_ELEM prog_array name=sys_enter_init_ map_fd=10 map_id=123 key=47 prog_fd=60 prog_id=14 flags=0 ret=0 errno=0
[48.553059 pid=1940 tid=1954] native-loader jit-info prog_array-target fd=60 id=14 type=17 name=sys_enter_init tag=04cfd32a108dadfd jited_len=2524 xlated_len=4552 nr_jited_ksyms=1 ksym0=0xffffffffc04019a0 ksym1=0x0
[48.553148 pid=1940 tid=1954] BPF_MAP_UPDATE_ELEM prog_array name=sys_enter_init_ map_fd=10 map_id=123 key=48 prog_fd=60 prog_id=14 flags=0 ret=0 errno=0
[48.553235 pid=1940 tid=1954] native-loader jit-info prog_array-target fd=60 id=14 type=17 name=sys_enter_init tag=04cfd32a108dadfd jited_len=2524 xlated_len=4552 nr_jited_ksyms=1 ksym0=0xffffffffc04019a0 ksym1=0x0
[48.553324 pid=1940 tid=1954] BPF_MAP_UPDATE_ELEM prog_array name=sys_enter_init_ map_fd=10 map_id=123 key=49 prog_fd=60 prog_id=14 flags=0 ret=0 errno=0
[48.553411 pid=1940 tid=1954] native-loader jit-info prog_array-target fd=60 id=14 type=17 name=sys_enter_init tag=04cfd32a108dadfd jited_len=2524 xlated_len=4552 nr_jited_ksyms=1 ksym0=0xffffffffc04019a0 ksym1=0x0
[48.553501 pid=1940 tid=1954] BPF_MAP_UPDATE_ELEM prog_array name=sys_enter_init_ map_fd=10 map_id=123 key=50 prog_fd=60 prog_id=14 flags=0 ret=0 errno=0
[48.553588 pid=1940 tid=1954] native-loader jit-info prog_array-target fd=60 id=14 type=17 name=sys_enter_init tag=04cfd32a108dadfd jited_len=2524 xlated_len=4552 nr_jited_ksyms=1 ksym0=0xffffffffc04019a0 ksym1=0x0
[48.553678 pid=1940 tid=1954] BPF_MAP_UPDATE_ELEM prog_array name=sys_enter_init_ map_fd=10 map_id=123 key=51 prog_fd=60 prog_id=14 flags=0 ret=0 errno=0
[48.553839 pid=1940 tid=1954] native-loader jit-info prog_array-target fd=60 id=14 type=17 name=sys_enter_init tag=04cfd32a108dadfd jited_len=2524 xlated_len=4552 nr_jited_ksyms=1 ksym0=0xffffffffc04019a0 ksym1=0x0
[48.553927 pid=1940 tid=1954] BPF_MAP_UPDATE_ELEM prog_array name=sys_enter_init_ map_fd=10 map_id=123 key=52 prog_fd=60 prog_id=14 flags=0 ret=0 errno=0
[48.554016 pid=1940 tid=1954] native-loader jit-info prog_array-target fd=60 id=14 type=17 name=sys_enter_init tag=04cfd32a108dadfd jited_len=2524 xlated_len=4552 nr_jited_ksyms=1 ksym0=0xffffffffc04019a0 ksym1=0x0
[48.554105 pid=1940 tid=1954] BPF_MAP_UPDATE_ELEM prog_array name=sys_enter_init_ map_fd=10 map_id=123 key=53 prog_fd=60 prog_id=14 flags=0 ret=0 errno=0
[48.554304 pid=1940 tid=1954] native-loader jit-info prog_array-target fd=60 id=14 type=17 name=sys_enter_init tag=04cfd32a108dadfd jited_len=2524 xlated_len=4552 nr_jited_ksyms=1 ksym0=0xffffffffc04019a0 ksym1=0x0
[48.554801 pid=1940 tid=1954] BPF_MAP_UPDATE_ELEM prog_array name=sys_enter_init_ map_fd=10 map_id=123 key=54 prog_fd=60 prog_id=14 flags=0 ret=0 errno=0
[48.555292 pid=1940 tid=1954] native-loader jit-info prog_array-target fd=60 id=14 type=17 name=sys_enter_init tag=04cfd32a108dadfd jited_len=2524 xlated_len=4552 nr_jited_ksyms=1 ksym0=0xffffffffc04019a0 ksym1=0x0
[48.555692 pid=1940 tid=1954] BPF_MAP_UPDATE_ELEM prog_array name=sys_enter_init_ map_fd=10 map_id=123 key=55 prog_fd=60 prog_id=14 flags=0 ret=0 errno=0
[48.555939 pid=1940 tid=1954] native-loader jit-info prog_array-target fd=60 id=14 type=17 name=sys_enter_init tag=04cfd32a108dadfd jited_len=2524 xlated_len=4552 nr_jited_ksyms=1 ksym0=0xffffffffc04019a0 ksym1=0x0
[48.556184 pid=1940 tid=1954] BPF_MAP_UPDATE_ELEM prog_array name=sys_enter_init_ map_fd=10 map_id=123 key=56 prog_fd=60 prog_id=14 flags=0 ret=0 errno=0
[48.556619 pid=1940 tid=1954] native-loader jit-info prog_array-target fd=60 id=14 type=17 name=sys_enter_init tag=04cfd32a108dadfd jited_len=2524 xlated_len=4552 nr_jited_ksyms=1 ksym0=0xffffffffc04019a0 ksym1=0x0
[48.556906 pid=1940 tid=1954] BPF_MAP_UPDATE_ELEM prog_array name=sys_enter_init_ map_fd=10 map_id=123 key=57 prog_fd=60 prog_id=14 flags=0 ret=0 errno=0
[48.557141 pid=1940 tid=1954] native-loader jit-info prog_array-target fd=60 id=14 type=17 name=sys_enter_init tag=04cfd32a108dadfd jited_len=2524 xlated_len=4552 nr_jited_ksyms=1 ksym0=0xffffffffc04019a0 ksym1=0x0
[48.557505 pid=1940 tid=1954] BPF_MAP_UPDATE_ELEM prog_array name=sys_enter_init_ map_fd=10 map_id=123 key=58 prog_fd=60 prog_id=14 flags=0 ret=0 errno=0
[48.557986 pid=1940 tid=1954] native-loader jit-info prog_array-target fd=60 id=14 type=17 name=sys_enter_init tag=04cfd32a108dadfd jited_len=2524 xlated_len=4552 nr_jited_ksyms=1 ksym0=0xffffffffc04019a0 ksym1=0x0
[48.558418 pid=1940 tid=1954] BPF_MAP_UPDATE_ELEM prog_array name=sys_enter_init_ map_fd=10 map_id=123 key=59 prog_fd=60 prog_id=14 flags=0 ret=0 errno=0
[48.558748 pid=1940 tid=1954] native-loader jit-info prog_array-target fd=60 id=14 type=17 name=sys_enter_init tag=04cfd32a108dadfd jited_len=2524 xlated_len=4552 nr_jited_ksyms=1 ksym0=0xffffffffc04019a0 ksym1=0x0
[48.559055 pid=1940 tid=1954] BPF_MAP_UPDATE_ELEM prog_array name=sys_enter_init_ map_fd=10 map_id=123 key=60 prog_fd=60 prog_id=14 flags=0 ret=0 errno=0
[48.559154 pid=1940 tid=1954] native-loader jit-info prog_array-target fd=60 id=14 type=17 name=sys_enter_init tag=04cfd32a108dadfd jited_len=2524 xlated_len=4552 nr_jited_ksyms=1 ksym0=0xffffffffc04019a0 ksym1=0x0
[48.559248 pid=1940 tid=1954] BPF_MAP_UPDATE_ELEM prog_array name=sys_enter_init_ map_fd=10 map_id=123 key=61 prog_fd=60 prog_id=14 flags=0 ret=0 errno=0
[48.559337 pid=1940 tid=1954] native-loader jit-info prog_array-target fd=60 id=14 type=17 name=sys_enter_init tag=04cfd32a108dadfd jited_len=2524 xlated_len=4552 nr_jited_ksyms=1 ksym0=0xffffffffc04019a0 ksym1=0x0
[48.559429 pid=1940 tid=1954] BPF_MAP_UPDATE_ELEM prog_array name=sys_enter_init_ map_fd=10 map_id=123 key=62 prog_fd=60 prog_id=14 flags=0 ret=0 errno=0
[48.559513 pid=1940 tid=1954] native-loader jit-info prog_array-target fd=60 id=14 type=17 name=sys_enter_init tag=04cfd32a108dadfd jited_len=2524 xlated_len=4552 nr_jited_ksyms=1 ksym0=0xffffffffc04019a0 ksym1=0x0
[48.559603 pid=1940 tid=1954] BPF_MAP_UPDATE_ELEM prog_array name=sys_enter_init_ map_fd=10 map_id=123 key=63 prog_fd=60 prog_id=14 flags=0 ret=0 errno=0
[48.559689 pid=1940 tid=1954] native-loader jit-info prog_array-target fd=60 id=14 type=17 name=sys_enter_init tag=04cfd32a108dadfd jited_len=2524 xlated_len=4552 nr_jited_ksyms=1 ksym0=0xffffffffc04019a0 ksym1=0x0
[48.559778 pid=1940 tid=1954] BPF_MAP_UPDATE_ELEM prog_array name=sys_enter_init_ map_fd=10 map_id=123 key=64 prog_fd=60 prog_id=14 flags=0 ret=0 errno=0
[48.559864 pid=1940 tid=1954] native-loader jit-info prog_array-target fd=60 id=14 type=17 name=sys_enter_init tag=04cfd32a108dadfd jited_len=2524 xlated_len=4552 nr_jited_ksyms=1 ksym0=0xffffffffc04019a0 ksym1=0x0
[48.559957 pid=1940 tid=1954] BPF_MAP_UPDATE_ELEM prog_array name=sys_enter_init_ map_fd=10 map_id=123 key=65 prog_fd=60 prog_id=14 flags=0 ret=0 errno=0
[48.560247 pid=1940 tid=1954] native-loader jit-info prog_array-target fd=60 id=14 type=17 name=sys_enter_init tag=04cfd32a108dadfd jited_len=2524 xlated_len=4552 nr_jited_ksyms=1 ksym0=0xffffffffc04019a0 ksym1=0x0
[48.560571 pid=1940 tid=1954] BPF_MAP_UPDATE_ELEM prog_array name=sys_enter_init_ map_fd=10 map_id=123 key=66 prog_fd=60 prog_id=14 flags=0 ret=0 errno=0
[48.560780 pid=1940 tid=1954] native-loader jit-info prog_array-target fd=60 id=14 type=17 name=sys_enter_init tag=04cfd32a108dadfd jited_len=2524 xlated_len=4552 nr_jited_ksyms=1 ksym0=0xffffffffc04019a0 ksym1=0x0
[48.560879 pid=1940 tid=1954] BPF_MAP_UPDATE_ELEM prog_array name=sys_enter_init_ map_fd=10 map_id=123 key=67 prog_fd=60 prog_id=14 flags=0 ret=0 errno=0
[48.560966 pid=1940 tid=1954] native-loader jit-info prog_array-target fd=60 id=14 type=17 name=sys_enter_init tag=04cfd32a108dadfd jited_len=2524 xlated_len=4552 nr_jited_ksyms=1 ksym0=0xffffffffc04019a0 ksym1=0x0
[48.561055 pid=1940 tid=1954] BPF_MAP_UPDATE_ELEM prog_array name=sys_enter_init_ map_fd=10 map_id=123 key=68 prog_fd=60 prog_id=14 flags=0 ret=0 errno=0
[48.561141 pid=1940 tid=1954] native-loader jit-info prog_array-target fd=60 id=14 type=17 name=sys_enter_init tag=04cfd32a108dadfd jited_len=2524 xlated_len=4552 nr_jited_ksyms=1 ksym0=0xffffffffc04019a0 ksym1=0x0
[48.561231 pid=1940 tid=1954] BPF_MAP_UPDATE_ELEM prog_array name=sys_enter_init_ map_fd=10 map_id=123 key=69 prog_fd=60 prog_id=14 flags=0 ret=0 errno=0
[48.561384 pid=1940 tid=1954] native-loader jit-info prog_array-target fd=60 id=14 type=17 name=sys_enter_init tag=04cfd32a108dadfd jited_len=2524 xlated_len=4552 nr_jited_ksyms=1 ksym0=0xffffffffc04019a0 ksym1=0x0
[48.561471 pid=1940 tid=1954] BPF_MAP_UPDATE_ELEM prog_array name=sys_enter_init_ map_fd=10 map_id=123 key=70 prog_fd=60 prog_id=14 flags=0 ret=0 errno=0
[48.561558 pid=1940 tid=1954] native-loader jit-info prog_array-target fd=60 id=14 type=17 name=sys_enter_init tag=04cfd32a108dadfd jited_len=2524 xlated_len=4552 nr_jited_ksyms=1 ksym0=0xffffffffc04019a0 ksym1=0x0
[48.561647 pid=1940 tid=1954] BPF_MAP_UPDATE_ELEM prog_array name=sys_enter_init_ map_fd=10 map_id=123 key=71 prog_fd=60 prog_id=14 flags=0 ret=0 errno=0
[48.561810 pid=1940 tid=1954] native-loader jit-info prog_array-target fd=60 id=14 type=17 name=sys_enter_init tag=04cfd32a108dadfd jited_len=2524 xlated_len=4552 nr_jited_ksyms=1 ksym0=0xffffffffc04019a0 ksym1=0x0
[48.561899 pid=1940 tid=1954] BPF_MAP_UPDATE_ELEM prog_array name=sys_enter_init_ map_fd=10 map_id=123 key=72 prog_fd=60 prog_id=14 flags=0 ret=0 errno=0
[48.561988 pid=1940 tid=1954] native-loader jit-info prog_array-target fd=60 id=14 type=17 name=sys_enter_init tag=04cfd32a108dadfd jited_len=2524 xlated_len=4552 nr_jited_ksyms=1 ksym0=0xffffffffc04019a0 ksym1=0x0
[48.562079 pid=1940 tid=1954] BPF_MAP_UPDATE_ELEM prog_array name=sys_enter_init_ map_fd=10 map_id=123 key=73 prog_fd=60 prog_id=14 flags=0 ret=0 errno=0
[48.562167 pid=1940 tid=1954] native-loader jit-info prog_array-target fd=60 id=14 type=17 name=sys_enter_init tag=04cfd32a108dadfd jited_len=2524 xlated_len=4552 nr_jited_ksyms=1 ksym0=0xffffffffc04019a0 ksym1=0x0
[48.562256 pid=1940 tid=1954] BPF_MAP_UPDATE_ELEM prog_array name=sys_enter_init_ map_fd=10 map_id=123 key=74 prog_fd=60 prog_id=14 flags=0 ret=0 errno=0
[48.562588 pid=1940 tid=1954] native-loader jit-info prog_array-target fd=60 id=14 type=17 name=sys_enter_init tag=04cfd32a108dadfd jited_len=2524 xlated_len=4552 nr_jited_ksyms=1 ksym0=0xffffffffc04019a0 ksym1=0x0
[48.562812 pid=1940 tid=1954] BPF_MAP_UPDATE_ELEM prog_array name=sys_enter_init_ map_fd=10 map_id=123 key=75 prog_fd=60 prog_id=14 flags=0 ret=0 errno=0
[48.562913 pid=1940 tid=1954] native-loader jit-info prog_array-target fd=60 id=14 type=17 name=sys_enter_init tag=04cfd32a108dadfd jited_len=2524 xlated_len=4552 nr_jited_ksyms=1 ksym0=0xffffffffc04019a0 ksym1=0x0
[48.563030 pid=1940 tid=1954] BPF_MAP_UPDATE_ELEM prog_array name=sys_enter_init_ map_fd=10 map_id=123 key=76 prog_fd=60 prog_id=14 flags=0 ret=0 errno=0
[48.563132 pid=1940 tid=1954] native-loader jit-info prog_array-target fd=60 id=14 type=17 name=sys_enter_init tag=04cfd32a108dadfd jited_len=2524 xlated_len=4552 nr_jited_ksyms=1 ksym0=0xffffffffc04019a0 ksym1=0x0
[48.563221 pid=1940 tid=1954] BPF_MAP_UPDATE_ELEM prog_array name=sys_enter_init_ map_fd=10 map_id=123 key=77 prog_fd=60 prog_id=14 flags=0 ret=0 errno=0
[48.563308 pid=1940 tid=1954] native-loader jit-info prog_array-target fd=60 id=14 type=17 name=sys_enter_init tag=04cfd32a108dadfd jited_len=2524 xlated_len=4552 nr_jited_ksyms=1 ksym0=0xffffffffc04019a0 ksym1=0x0
[48.563398 pid=1940 tid=1954] BPF_MAP_UPDATE_ELEM prog_array name=sys_enter_init_ map_fd=10 map_id=123 key=78 prog_fd=60 prog_id=14 flags=0 ret=0 errno=0
[48.563484 pid=1940 tid=1954] native-loader jit-info prog_array-target fd=60 id=14 type=17 name=sys_enter_init tag=04cfd32a108dadfd jited_len=2524 xlated_len=4552 nr_jited_ksyms=1 ksym0=0xffffffffc04019a0 ksym1=0x0
[48.563574 pid=1940 tid=1954] BPF_MAP_UPDATE_ELEM prog_array name=sys_enter_init_ map_fd=10 map_id=123 key=79 prog_fd=60 prog_id=14 flags=0 ret=0 errno=0
[48.563661 pid=1940 tid=1954] native-loader jit-info prog_array-target fd=60 id=14 type=17 name=sys_enter_init tag=04cfd32a108dadfd jited_len=2524 xlated_len=4552 nr_jited_ksyms=1 ksym0=0xffffffffc04019a0 ksym1=0x0
[48.563751 pid=1940 tid=1954] BPF_MAP_UPDATE_ELEM prog_array name=sys_enter_init_ map_fd=10 map_id=123 key=80 prog_fd=60 prog_id=14 flags=0 ret=0 errno=0
[48.564187 pid=1940 tid=1954] native-loader jit-info prog_array-target fd=60 id=14 type=17 name=sys_enter_init tag=04cfd32a108dadfd jited_len=2524 xlated_len=4552 nr_jited_ksyms=1 ksym0=0xffffffffc04019a0 ksym1=0x0
[48.564571 pid=1940 tid=1954] BPF_MAP_UPDATE_ELEM prog_array name=sys_enter_init_ map_fd=10 map_id=123 key=81 prog_fd=60 prog_id=14 flags=0 ret=0 errno=0
[48.564800 pid=1940 tid=1954] native-loader jit-info prog_array-target fd=60 id=14 type=17 name=sys_enter_init tag=04cfd32a108dadfd jited_len=2524 xlated_len=4552 nr_jited_ksyms=1 ksym0=0xffffffffc04019a0 ksym1=0x0
[48.564896 pid=1940 tid=1954] BPF_MAP_UPDATE_ELEM prog_array name=sys_enter_init_ map_fd=10 map_id=123 key=82 prog_fd=60 prog_id=14 flags=0 ret=0 errno=0
[48.565362 pid=1940 tid=1954] native-loader jit-info prog_array-target fd=60 id=14 type=17 name=sys_enter_init tag=04cfd32a108dadfd jited_len=2524 xlated_len=4552 nr_jited_ksyms=1 ksym0=0xffffffffc04019a0 ksym1=0x0
[48.565733 pid=1940 tid=1954] BPF_MAP_UPDATE_ELEM prog_array name=sys_enter_init_ map_fd=10 map_id=123 key=83 prog_fd=60 prog_id=14 flags=0 ret=0 errno=0
[48.566201 pid=1940 tid=1954] native-loader jit-info prog_array-target fd=60 id=14 type=17 name=sys_enter_init tag=04cfd32a108dadfd jited_len=2524 xlated_len=4552 nr_jited_ksyms=1 ksym0=0xffffffffc04019a0 ksym1=0x0
[48.566583 pid=1940 tid=1954] BPF_MAP_UPDATE_ELEM prog_array name=sys_enter_init_ map_fd=10 map_id=123 key=84 prog_fd=60 prog_id=14 flags=0 ret=0 errno=0
[48.566845 pid=1940 tid=1954] native-loader jit-info prog_array-target fd=60 id=14 type=17 name=sys_enter_init tag=04cfd32a108dadfd jited_len=2524 xlated_len=4552 nr_jited_ksyms=1 ksym0=0xffffffffc04019a0 ksym1=0x0
[48.567006 pid=1940 tid=1954] BPF_MAP_UPDATE_ELEM prog_array name=sys_enter_init_ map_fd=10 map_id=123 key=85 prog_fd=60 prog_id=14 flags=0 ret=0 errno=0
[48.567286 pid=1940 tid=1954] native-loader jit-info prog_array-target fd=60 id=14 type=17 name=sys_enter_init tag=04cfd32a108dadfd jited_len=2524 xlated_len=4552 nr_jited_ksyms=1 ksym0=0xffffffffc04019a0 ksym1=0x0
[48.567558 pid=1940 tid=1954] BPF_MAP_UPDATE_ELEM prog_array name=sys_enter_init_ map_fd=10 map_id=123 key=86 prog_fd=60 prog_id=14 flags=0 ret=0 errno=0
[48.567675 pid=1940 tid=1954] native-loader jit-info prog_array-target fd=60 id=14 type=17 name=sys_enter_init tag=04cfd32a108dadfd jited_len=2524 xlated_len=4552 nr_jited_ksyms=1 ksym0=0xffffffffc04019a0 ksym1=0x0
[48.567770 pid=1940 tid=1954] BPF_MAP_UPDATE_ELEM prog_array name=sys_enter_init_ map_fd=10 map_id=123 key=87 prog_fd=60 prog_id=14 flags=0 ret=0 errno=0
[48.567865 pid=1940 tid=1954] native-loader jit-info prog_array-target fd=60 id=14 type=17 name=sys_enter_init tag=04cfd32a108dadfd jited_len=2524 xlated_len=4552 nr_jited_ksyms=1 ksym0=0xffffffffc04019a0 ksym1=0x0
[48.568190 pid=1940 tid=1954] BPF_MAP_UPDATE_ELEM prog_array name=sys_enter_init_ map_fd=10 map_id=123 key=88 prog_fd=60 prog_id=14 flags=0 ret=0 errno=0
[48.568496 pid=1940 tid=1954] native-loader jit-info prog_array-target fd=60 id=14 type=17 name=sys_enter_init tag=04cfd32a108dadfd jited_len=2524 xlated_len=4552 nr_jited_ksyms=1 ksym0=0xffffffffc04019a0 ksym1=0x0
[48.568619 pid=1940 tid=1954] BPF_MAP_UPDATE_ELEM prog_array name=sys_enter_init_ map_fd=10 map_id=123 key=89 prog_fd=60 prog_id=14 flags=0 ret=0 errno=0
[48.568712 pid=1940 tid=1954] native-loader jit-info prog_array-target fd=60 id=14 type=17 name=sys_enter_init tag=04cfd32a108dadfd jited_len=2524 xlated_len=4552 nr_jited_ksyms=1 ksym0=0xffffffffc04019a0 ksym1=0x0
[48.568802 pid=1940 tid=1954] BPF_MAP_UPDATE_ELEM prog_array name=sys_enter_init_ map_fd=10 map_id=123 key=90 prog_fd=60 prog_id=14 flags=0 ret=0 errno=0
[48.568886 pid=1940 tid=1954] native-loader jit-info prog_array-target fd=60 id=14 type=17 name=sys_enter_init tag=04cfd32a108dadfd jited_len=2524 xlated_len=4552 nr_jited_ksyms=1 ksym0=0xffffffffc04019a0 ksym1=0x0
[48.568979 pid=1940 tid=1954] BPF_MAP_UPDATE_ELEM prog_array name=sys_enter_init_ map_fd=10 map_id=123 key=91 prog_fd=60 prog_id=14 flags=0 ret=0 errno=0
[48.569065 pid=1940 tid=1954] native-loader jit-info prog_array-target fd=60 id=14 type=17 name=sys_enter_init tag=04cfd32a108dadfd jited_len=2524 xlated_len=4552 nr_jited_ksyms=1 ksym0=0xffffffffc04019a0 ksym1=0x0
[48.569156 pid=1940 tid=1954] BPF_MAP_UPDATE_ELEM prog_array name=sys_enter_init_ map_fd=10 map_id=123 key=92 prog_fd=60 prog_id=14 flags=0 ret=0 errno=0
[48.569241 pid=1940 tid=1954] native-loader jit-info prog_array-target fd=60 id=14 type=17 name=sys_enter_init tag=04cfd32a108dadfd jited_len=2524 xlated_len=4552 nr_jited_ksyms=1 ksym0=0xffffffffc04019a0 ksym1=0x0
[48.569332 pid=1940 tid=1954] BPF_MAP_UPDATE_ELEM prog_array name=sys_enter_init_ map_fd=10 map_id=123 key=93 prog_fd=60 prog_id=14 flags=0 ret=0 errno=0
[48.569418 pid=1940 tid=1954] native-loader jit-info prog_array-target fd=60 id=14 type=17 name=sys_enter_init tag=04cfd32a108dadfd jited_len=2524 xlated_len=4552 nr_jited_ksyms=1 ksym0=0xffffffffc04019a0 ksym1=0x0
[48.569510 pid=1940 tid=1954] BPF_MAP_UPDATE_ELEM prog_array name=sys_enter_init_ map_fd=10 map_id=123 key=94 prog_fd=60 prog_id=14 flags=0 ret=0 errno=0
[48.569671 pid=1940 tid=1954] native-loader jit-info prog_array-target fd=60 id=14 type=17 name=sys_enter_init tag=04cfd32a108dadfd jited_len=2524 xlated_len=4552 nr_jited_ksyms=1 ksym0=0xffffffffc04019a0 ksym1=0x0
[48.569760 pid=1940 tid=1954] BPF_MAP_UPDATE_ELEM prog_array name=sys_enter_init_ map_fd=10 map_id=123 key=95 prog_fd=60 prog_id=14 flags=0 ret=0 errno=0
[48.569944 pid=1940 tid=1954] native-loader jit-info prog_array-target fd=60 id=14 type=17 name=sys_enter_init tag=04cfd32a108dadfd jited_len=2524 xlated_len=4552 nr_jited_ksyms=1 ksym0=0xffffffffc04019a0 ksym1=0x0
[48.570033 pid=1940 tid=1954] BPF_MAP_UPDATE_ELEM prog_array name=sys_enter_init_ map_fd=10 map_id=123 key=96 prog_fd=60 prog_id=14 flags=0 ret=0 errno=0
[48.570118 pid=1940 tid=1954] native-loader jit-info prog_array-target fd=60 id=14 type=17 name=sys_enter_init tag=04cfd32a108dadfd jited_len=2524 xlated_len=4552 nr_jited_ksyms=1 ksym0=0xffffffffc04019a0 ksym1=0x0
[48.570209 pid=1940 tid=1954] BPF_MAP_UPDATE_ELEM prog_array name=sys_enter_init_ map_fd=10 map_id=123 key=97 prog_fd=60 prog_id=14 flags=0 ret=0 errno=0
[48.570295 pid=1940 tid=1954] native-loader jit-info prog_array-target fd=60 id=14 type=17 name=sys_enter_init tag=04cfd32a108dadfd jited_len=2524 xlated_len=4552 nr_jited_ksyms=1 ksym0=0xffffffffc04019a0 ksym1=0x0
[48.570385 pid=1940 tid=1954] BPF_MAP_UPDATE_ELEM prog_array name=sys_enter_init_ map_fd=10 map_id=123 key=98 prog_fd=60 prog_id=14 flags=0 ret=0 errno=0
[48.570603 pid=1940 tid=1954] native-loader jit-info prog_array-target fd=60 id=14 type=17 name=sys_enter_init tag=04cfd32a108dadfd jited_len=2524 xlated_len=4552 nr_jited_ksyms=1 ksym0=0xffffffffc04019a0 ksym1=0x0
[48.570693 pid=1940 tid=1954] BPF_MAP_UPDATE_ELEM prog_array name=sys_enter_init_ map_fd=10 map_id=123 key=99 prog_fd=60 prog_id=14 flags=0 ret=0 errno=0
[48.570778 pid=1940 tid=1954] native-loader jit-info prog_array-target fd=60 id=14 type=17 name=sys_enter_init tag=04cfd32a108dadfd jited_len=2524 xlated_len=4552 nr_jited_ksyms=1 ksym0=0xffffffffc04019a0 ksym1=0x0
[48.570868 pid=1940 tid=1954] BPF_MAP_UPDATE_ELEM prog_array name=sys_enter_init_ map_fd=10 map_id=123 key=100 prog_fd=60 prog_id=14 flags=0 ret=0 errno=0
[48.571223 pid=1940 tid=1954] native-loader jit-info prog_array-target fd=60 id=14 type=17 name=sys_enter_init tag=04cfd32a108dadfd jited_len=2524 xlated_len=4552 nr_jited_ksyms=1 ksym0=0xffffffffc04019a0 ksym1=0x0
[48.571566 pid=1940 tid=1954] BPF_MAP_UPDATE_ELEM prog_array name=sys_enter_init_ map_fd=10 map_id=123 key=102 prog_fd=60 prog_id=14 flags=0 ret=0 errno=0
[48.571688 pid=1940 tid=1954] native-loader jit-info prog_array-target fd=60 id=14 type=17 name=sys_enter_init tag=04cfd32a108dadfd jited_len=2524 xlated_len=4552 nr_jited_ksyms=1 ksym0=0xffffffffc04019a0 ksym1=0x0
[48.571788 pid=1940 tid=1954] BPF_MAP_UPDATE_ELEM prog_array name=sys_enter_init_ map_fd=10 map_id=123 key=103 prog_fd=60 prog_id=14 flags=0 ret=0 errno=0
[48.571874 pid=1940 tid=1954] native-loader jit-info prog_array-target fd=60 id=14 type=17 name=sys_enter_init tag=04cfd32a108dadfd jited_len=2524 xlated_len=4552 nr_jited_ksyms=1 ksym0=0xffffffffc04019a0 ksym1=0x0
[48.571966 pid=1940 tid=1954] BPF_MAP_UPDATE_ELEM prog_array name=sys_enter_init_ map_fd=10 map_id=123 key=104 prog_fd=60 prog_id=14 flags=0 ret=0 errno=0
[48.572333 pid=1940 tid=1954] native-loader jit-info prog_array-target fd=60 id=14 type=17 name=sys_enter_init tag=04cfd32a108dadfd jited_len=2524 xlated_len=4552 nr_jited_ksyms=1 ksym0=0xffffffffc04019a0 ksym1=0x0
[48.572713 pid=1940 tid=1954] BPF_MAP_UPDATE_ELEM prog_array name=sys_enter_init_ map_fd=10 map_id=123 key=105 prog_fd=60 prog_id=14 flags=0 ret=0 errno=0
[48.572819 pid=1940 tid=1954] native-loader jit-info prog_array-target fd=60 id=14 type=17 name=sys_enter_init tag=04cfd32a108dadfd jited_len=2524 xlated_len=4552 nr_jited_ksyms=1 ksym0=0xffffffffc04019a0 ksym1=0x0
[48.572906 pid=1940 tid=1954] BPF_MAP_UPDATE_ELEM prog_array name=sys_enter_init_ map_fd=10 map_id=123 key=106 prog_fd=60 prog_id=14 flags=0 ret=0 errno=0
[48.572991 pid=1940 tid=1954] native-loader jit-info prog_array-target fd=60 id=14 type=17 name=sys_enter_init tag=04cfd32a108dadfd jited_len=2524 xlated_len=4552 nr_jited_ksyms=1 ksym0=0xffffffffc04019a0 ksym1=0x0
[48.573083 pid=1940 tid=1954] BPF_MAP_UPDATE_ELEM prog_array name=sys_enter_init_ map_fd=10 map_id=123 key=107 prog_fd=60 prog_id=14 flags=0 ret=0 errno=0
[48.573168 pid=1940 tid=1954] native-loader jit-info prog_array-target fd=60 id=14 type=17 name=sys_enter_init tag=04cfd32a108dadfd jited_len=2524 xlated_len=4552 nr_jited_ksyms=1 ksym0=0xffffffffc04019a0 ksym1=0x0
[48.573258 pid=1940 tid=1954] BPF_MAP_UPDATE_ELEM prog_array name=sys_enter_init_ map_fd=10 map_id=123 key=108 prog_fd=60 prog_id=14 flags=0 ret=0 errno=0
[48.573343 pid=1940 tid=1954] native-loader jit-info prog_array-target fd=60 id=14 type=17 name=sys_enter_init tag=04cfd32a108dadfd jited_len=2524 xlated_len=4552 nr_jited_ksyms=1 ksym0=0xffffffffc04019a0 ksym1=0x0
[48.573434 pid=1940 tid=1954] BPF_MAP_UPDATE_ELEM prog_array name=sys_enter_init_ map_fd=10 map_id=123 key=109 prog_fd=60 prog_id=14 flags=0 ret=0 errno=0
[48.573520 pid=1940 tid=1954] native-loader jit-info prog_array-target fd=60 id=14 type=17 name=sys_enter_init tag=04cfd32a108dadfd jited_len=2524 xlated_len=4552 nr_jited_ksyms=1 ksym0=0xffffffffc04019a0 ksym1=0x0
[48.573610 pid=1940 tid=1954] BPF_MAP_UPDATE_ELEM prog_array name=sys_enter_init_ map_fd=10 map_id=123 key=110 prog_fd=60 prog_id=14 flags=0 ret=0 errno=0
[48.573793 pid=1940 tid=1954] native-loader jit-info prog_array-target fd=60 id=14 type=17 name=sys_enter_init tag=04cfd32a108dadfd jited_len=2524 xlated_len=4552 nr_jited_ksyms=1 ksym0=0xffffffffc04019a0 ksym1=0x0
[48.573881 pid=1940 tid=1954] BPF_MAP_UPDATE_ELEM prog_array name=sys_enter_init_ map_fd=10 map_id=123 key=111 prog_fd=60 prog_id=14 flags=0 ret=0 errno=0
[48.573968 pid=1940 tid=1954] native-loader jit-info prog_array-target fd=60 id=14 type=17 name=sys_enter_init tag=04cfd32a108dadfd jited_len=2524 xlated_len=4552 nr_jited_ksyms=1 ksym0=0xffffffffc04019a0 ksym1=0x0
[48.574059 pid=1940 tid=1954] BPF_MAP_UPDATE_ELEM prog_array name=sys_enter_init_ map_fd=10 map_id=123 key=112 prog_fd=60 prog_id=14 flags=0 ret=0 errno=0
[48.574353 pid=1940 tid=1954] native-loader jit-info prog_array-target fd=60 id=14 type=17 name=sys_enter_init tag=04cfd32a108dadfd jited_len=2524 xlated_len=4552 nr_jited_ksyms=1 ksym0=0xffffffffc04019a0 ksym1=0x0
[48.574716 pid=1940 tid=1954] BPF_MAP_UPDATE_ELEM prog_array name=sys_enter_init_ map_fd=10 map_id=123 key=113 prog_fd=60 prog_id=14 flags=0 ret=0 errno=0
[48.575327 pid=1940 tid=1954] native-loader jit-info prog_array-target fd=60 id=14 type=17 name=sys_enter_init tag=04cfd32a108dadfd jited_len=2524 xlated_len=4552 nr_jited_ksyms=1 ksym0=0xffffffffc04019a0 ksym1=0x0
[48.575601 pid=1940 tid=1954] BPF_MAP_UPDATE_ELEM prog_array name=sys_enter_init_ map_fd=10 map_id=123 key=114 prog_fd=60 prog_id=14 flags=0 ret=0 errno=0
[48.575711 pid=1940 tid=1954] native-loader jit-info prog_array-target fd=60 id=14 type=17 name=sys_enter_init tag=04cfd32a108dadfd jited_len=2524 xlated_len=4552 nr_jited_ksyms=1 ksym0=0xffffffffc04019a0 ksym1=0x0
[48.575804 pid=1940 tid=1954] BPF_MAP_UPDATE_ELEM prog_array name=sys_enter_init_ map_fd=10 map_id=123 key=115 prog_fd=60 prog_id=14 flags=0 ret=0 errno=0
[48.575888 pid=1940 tid=1954] native-loader jit-info prog_array-target fd=60 id=14 type=17 name=sys_enter_init tag=04cfd32a108dadfd jited_len=2524 xlated_len=4552 nr_jited_ksyms=1 ksym0=0xffffffffc04019a0 ksym1=0x0
[48.575982 pid=1940 tid=1954] BPF_MAP_UPDATE_ELEM prog_array name=sys_enter_init_ map_fd=10 map_id=123 key=116 prog_fd=60 prog_id=14 flags=0 ret=0 errno=0
[48.576067 pid=1940 tid=1954] native-loader jit-info prog_array-target fd=60 id=14 type=17 name=sys_enter_init tag=04cfd32a108dadfd jited_len=2524 xlated_len=4552 nr_jited_ksyms=1 ksym0=0xffffffffc04019a0 ksym1=0x0
[48.576158 pid=1940 tid=1954] BPF_MAP_UPDATE_ELEM prog_array name=sys_enter_init_ map_fd=10 map_id=123 key=117 prog_fd=60 prog_id=14 flags=0 ret=0 errno=0
[48.576243 pid=1940 tid=1954] native-loader jit-info prog_array-target fd=60 id=14 type=17 name=sys_enter_init tag=04cfd32a108dadfd jited_len=2524 xlated_len=4552 nr_jited_ksyms=1 ksym0=0xffffffffc04019a0 ksym1=0x0
[48.576334 pid=1940 tid=1954] BPF_MAP_UPDATE_ELEM prog_array name=sys_enter_init_ map_fd=10 map_id=123 key=118 prog_fd=60 prog_id=14 flags=0 ret=0 errno=0
[48.576419 pid=1940 tid=1954] native-loader jit-info prog_array-target fd=60 id=14 type=17 name=sys_enter_init tag=04cfd32a108dadfd jited_len=2524 xlated_len=4552 nr_jited_ksyms=1 ksym0=0xffffffffc04019a0 ksym1=0x0
[48.576509 pid=1940 tid=1954] BPF_MAP_UPDATE_ELEM prog_array name=sys_enter_init_ map_fd=10 map_id=123 key=119 prog_fd=60 prog_id=14 flags=0 ret=0 errno=0
[48.576595 pid=1940 tid=1954] native-loader jit-info prog_array-target fd=60 id=14 type=17 name=sys_enter_init tag=04cfd32a108dadfd jited_len=2524 xlated_len=4552 nr_jited_ksyms=1 ksym0=0xffffffffc04019a0 ksym1=0x0
[48.576686 pid=1940 tid=1954] BPF_MAP_UPDATE_ELEM prog_array name=sys_enter_init_ map_fd=10 map_id=123 key=120 prog_fd=60 prog_id=14 flags=0 ret=0 errno=0
[48.576771 pid=1940 tid=1954] native-loader jit-info prog_array-target fd=60 id=14 type=17 name=sys_enter_init tag=04cfd32a108dadfd jited_len=2524 xlated_len=4552 nr_jited_ksyms=1 ksym0=0xffffffffc04019a0 ksym1=0x0
[48.576862 pid=1940 tid=1954] BPF_MAP_UPDATE_ELEM prog_array name=sys_enter_init_ map_fd=10 map_id=123 key=121 prog_fd=60 prog_id=14 flags=0 ret=0 errno=0
[48.576949 pid=1940 tid=1954] native-loader jit-info prog_array-target fd=60 id=14 type=17 name=sys_enter_init tag=04cfd32a108dadfd jited_len=2524 xlated_len=4552 nr_jited_ksyms=1 ksym0=0xffffffffc04019a0 ksym1=0x0
[48.577039 pid=1940 tid=1954] BPF_MAP_UPDATE_ELEM prog_array name=sys_enter_init_ map_fd=10 map_id=123 key=122 prog_fd=60 prog_id=14 flags=0 ret=0 errno=0
[48.577125 pid=1940 tid=1954] native-loader jit-info prog_array-target fd=60 id=14 type=17 name=sys_enter_init tag=04cfd32a108dadfd jited_len=2524 xlated_len=4552 nr_jited_ksyms=1 ksym0=0xffffffffc04019a0 ksym1=0x0
[48.577216 pid=1940 tid=1954] BPF_MAP_UPDATE_ELEM prog_array name=sys_enter_init_ map_fd=10 map_id=123 key=123 prog_fd=60 prog_id=14 flags=0 ret=0 errno=0
[48.577301 pid=1940 tid=1954] native-loader jit-info prog_array-target fd=60 id=14 type=17 name=sys_enter_init tag=04cfd32a108dadfd jited_len=2524 xlated_len=4552 nr_jited_ksyms=1 ksym0=0xffffffffc04019a0 ksym1=0x0
[48.577391 pid=1940 tid=1954] BPF_MAP_UPDATE_ELEM prog_array name=sys_enter_init_ map_fd=10 map_id=123 key=124 prog_fd=60 prog_id=14 flags=0 ret=0 errno=0
[48.577716 pid=1940 tid=1954] native-loader jit-info prog_array-target fd=60 id=14 type=17 name=sys_enter_init tag=04cfd32a108dadfd jited_len=2524 xlated_len=4552 nr_jited_ksyms=1 ksym0=0xffffffffc04019a0 ksym1=0x0
[48.577841 pid=1940 tid=1954] BPF_MAP_UPDATE_ELEM prog_array name=sys_enter_init_ map_fd=10 map_id=123 key=125 prog_fd=60 prog_id=14 flags=0 ret=0 errno=0
[48.577937 pid=1940 tid=1954] native-loader jit-info prog_array-target fd=60 id=14 type=17 name=sys_enter_init tag=04cfd32a108dadfd jited_len=2524 xlated_len=4552 nr_jited_ksyms=1 ksym0=0xffffffffc04019a0 ksym1=0x0
[48.578046 pid=1940 tid=1954] BPF_MAP_UPDATE_ELEM prog_array name=sys_enter_init_ map_fd=10 map_id=123 key=126 prog_fd=60 prog_id=14 flags=0 ret=0 errno=0
[48.578139 pid=1940 tid=1954] native-loader jit-info prog_array-target fd=60 id=14 type=17 name=sys_enter_init tag=04cfd32a108dadfd jited_len=2524 xlated_len=4552 nr_jited_ksyms=1 ksym0=0xffffffffc04019a0 ksym1=0x0
[48.578230 pid=1940 tid=1954] BPF_MAP_UPDATE_ELEM prog_array name=sys_enter_init_ map_fd=10 map_id=123 key=127 prog_fd=60 prog_id=14 flags=0 ret=0 errno=0
[48.578315 pid=1940 tid=1954] native-loader jit-info prog_array-target fd=60 id=14 type=17 name=sys_enter_init tag=04cfd32a108dadfd jited_len=2524 xlated_len=4552 nr_jited_ksyms=1 ksym0=0xffffffffc04019a0 ksym1=0x0
[48.578408 pid=1940 tid=1954] BPF_MAP_UPDATE_ELEM prog_array name=sys_enter_init_ map_fd=10 map_id=123 key=128 prog_fd=60 prog_id=14 flags=0 ret=0 errno=0
[48.578555 pid=1940 tid=1954] native-loader jit-info prog_array-target fd=60 id=14 type=17 name=sys_enter_init tag=04cfd32a108dadfd jited_len=2524 xlated_len=4552 nr_jited_ksyms=1 ksym0=0xffffffffc04019a0 ksym1=0x0
[48.578645 pid=1940 tid=1954] BPF_MAP_UPDATE_ELEM prog_array name=sys_enter_init_ map_fd=10 map_id=123 key=129 prog_fd=60 prog_id=14 flags=0 ret=0 errno=0
[48.578729 pid=1940 tid=1954] native-loader jit-info prog_array-target fd=60 id=14 type=17 name=sys_enter_init tag=04cfd32a108dadfd jited_len=2524 xlated_len=4552 nr_jited_ksyms=1 ksym0=0xffffffffc04019a0 ksym1=0x0
[48.578820 pid=1940 tid=1954] BPF_MAP_UPDATE_ELEM prog_array name=sys_enter_init_ map_fd=10 map_id=123 key=130 prog_fd=60 prog_id=14 flags=0 ret=0 errno=0
[48.579192 pid=1940 tid=1954] native-loader jit-info prog_array-target fd=60 id=14 type=17 name=sys_enter_init tag=04cfd32a108dadfd jited_len=2524 xlated_len=4552 nr_jited_ksyms=1 ksym0=0xffffffffc04019a0 ksym1=0x0
[48.579314 pid=1940 tid=1954] BPF_MAP_UPDATE_ELEM prog_array name=sys_enter_init_ map_fd=10 map_id=123 key=131 prog_fd=60 prog_id=14 flags=0 ret=0 errno=0
[48.579412 pid=1940 tid=1954] native-loader jit-info prog_array-target fd=60 id=14 type=17 name=sys_enter_init tag=04cfd32a108dadfd jited_len=2524 xlated_len=4552 nr_jited_ksyms=1 ksym0=0xffffffffc04019a0 ksym1=0x0
[48.579518 pid=1940 tid=1954] BPF_MAP_UPDATE_ELEM prog_array name=sys_enter_init_ map_fd=10 map_id=123 key=132 prog_fd=60 prog_id=14 flags=0 ret=0 errno=0
[48.579605 pid=1940 tid=1954] native-loader jit-info prog_array-target fd=60 id=14 type=17 name=sys_enter_init tag=04cfd32a108dadfd jited_len=2524 xlated_len=4552 nr_jited_ksyms=1 ksym0=0xffffffffc04019a0 ksym1=0x0
[48.579696 pid=1940 tid=1954] BPF_MAP_UPDATE_ELEM prog_array name=sys_enter_init_ map_fd=10 map_id=123 key=133 prog_fd=60 prog_id=14 flags=0 ret=0 errno=0
[48.579842 pid=1940 tid=1954] native-loader jit-info prog_array-target fd=60 id=14 type=17 name=sys_enter_init tag=04cfd32a108dadfd jited_len=2524 xlated_len=4552 nr_jited_ksyms=1 ksym0=0xffffffffc04019a0 ksym1=0x0
[48.580216 pid=1940 tid=1954] BPF_MAP_UPDATE_ELEM prog_array name=sys_enter_init_ map_fd=10 map_id=123 key=134 prog_fd=60 prog_id=14 flags=0 ret=0 errno=0
[48.580330 pid=1940 tid=1954] native-loader jit-info prog_array-target fd=60 id=14 type=17 name=sys_enter_init tag=04cfd32a108dadfd jited_len=2524 xlated_len=4552 nr_jited_ksyms=1 ksym0=0xffffffffc04019a0 ksym1=0x0
[48.580426 pid=1940 tid=1954] BPF_MAP_UPDATE_ELEM prog_array name=sys_enter_init_ map_fd=10 map_id=123 key=135 prog_fd=60 prog_id=14 flags=0 ret=0 errno=0
[48.580510 pid=1940 tid=1954] native-loader jit-info prog_array-target fd=60 id=14 type=17 name=sys_enter_init tag=04cfd32a108dadfd jited_len=2524 xlated_len=4552 nr_jited_ksyms=1 ksym0=0xffffffffc04019a0 ksym1=0x0
[48.580602 pid=1940 tid=1954] BPF_MAP_UPDATE_ELEM prog_array name=sys_enter_init_ map_fd=10 map_id=123 key=136 prog_fd=60 prog_id=14 flags=0 ret=0 errno=0
[48.580687 pid=1940 tid=1954] native-loader jit-info prog_array-target fd=60 id=14 type=17 name=sys_enter_init tag=04cfd32a108dadfd jited_len=2524 xlated_len=4552 nr_jited_ksyms=1 ksym0=0xffffffffc04019a0 ksym1=0x0
[48.580778 pid=1940 tid=1954] BPF_MAP_UPDATE_ELEM prog_array name=sys_enter_init_ map_fd=10 map_id=123 key=137 prog_fd=60 prog_id=14 flags=0 ret=0 errno=0
[48.580863 pid=1940 tid=1954] native-loader jit-info prog_array-target fd=60 id=14 type=17 name=sys_enter_init tag=04cfd32a108dadfd jited_len=2524 xlated_len=4552 nr_jited_ksyms=1 ksym0=0xffffffffc04019a0 ksym1=0x0
[48.580959 pid=1940 tid=1954] BPF_MAP_UPDATE_ELEM prog_array name=sys_enter_init_ map_fd=10 map_id=123 key=138 prog_fd=60 prog_id=14 flags=0 ret=0 errno=0
[48.581044 pid=1940 tid=1954] native-loader jit-info prog_array-target fd=60 id=14 type=17 name=sys_enter_init tag=04cfd32a108dadfd jited_len=2524 xlated_len=4552 nr_jited_ksyms=1 ksym0=0xffffffffc04019a0 ksym1=0x0
[48.581134 pid=1940 tid=1954] BPF_MAP_UPDATE_ELEM prog_array name=sys_enter_init_ map_fd=10 map_id=123 key=139 prog_fd=60 prog_id=14 flags=0 ret=0 errno=0
[48.581591 pid=1940 tid=1954] native-loader jit-info prog_array-target fd=60 id=14 type=17 name=sys_enter_init tag=04cfd32a108dadfd jited_len=2524 xlated_len=4552 nr_jited_ksyms=1 ksym0=0xffffffffc04019a0 ksym1=0x0
[48.581871 pid=1940 tid=1954] BPF_MAP_UPDATE_ELEM prog_array name=sys_enter_init_ map_fd=10 map_id=123 key=140 prog_fd=60 prog_id=14 flags=0 ret=0 errno=0
[48.582166 pid=1940 tid=1954] native-loader jit-info prog_array-target fd=60 id=14 type=17 name=sys_enter_init tag=04cfd32a108dadfd jited_len=2524 xlated_len=4552 nr_jited_ksyms=1 ksym0=0xffffffffc04019a0 ksym1=0x0
[48.582612 pid=1940 tid=1954] BPF_MAP_UPDATE_ELEM prog_array name=sys_enter_init_ map_fd=10 map_id=123 key=141 prog_fd=60 prog_id=14 flags=0 ret=0 errno=0
[48.583283 pid=1940 tid=1954] native-loader jit-info prog_array-target fd=60 id=14 type=17 name=sys_enter_init tag=04cfd32a108dadfd jited_len=2524 xlated_len=4552 nr_jited_ksyms=1 ksym0=0xffffffffc04019a0 ksym1=0x0
[48.583754 pid=1940 tid=1954] BPF_MAP_UPDATE_ELEM prog_array name=sys_enter_init_ map_fd=10 map_id=123 key=142 prog_fd=60 prog_id=14 flags=0 ret=0 errno=0
[48.583865 pid=1940 tid=1954] native-loader jit-info prog_array-target fd=60 id=14 type=17 name=sys_enter_init tag=04cfd32a108dadfd jited_len=2524 xlated_len=4552 nr_jited_ksyms=1 ksym0=0xffffffffc04019a0 ksym1=0x0
[48.584211 pid=1940 tid=1954] BPF_MAP_UPDATE_ELEM prog_array name=sys_enter_init_ map_fd=10 map_id=123 key=143 prog_fd=60 prog_id=14 flags=0 ret=0 errno=0
[48.584616 pid=1940 tid=1954] native-loader jit-info prog_array-target fd=60 id=14 type=17 name=sys_enter_init tag=04cfd32a108dadfd jited_len=2524 xlated_len=4552 nr_jited_ksyms=1 ksym0=0xffffffffc04019a0 ksym1=0x0
[48.584874 pid=1940 tid=1954] BPF_MAP_UPDATE_ELEM prog_array name=sys_enter_init_ map_fd=10 map_id=123 key=144 prog_fd=60 prog_id=14 flags=0 ret=0 errno=0
[48.585177 pid=1940 tid=1954] native-loader jit-info prog_array-target fd=60 id=14 type=17 name=sys_enter_init tag=04cfd32a108dadfd jited_len=2524 xlated_len=4552 nr_jited_ksyms=1 ksym0=0xffffffffc04019a0 ksym1=0x0
[48.585565 pid=1940 tid=1954] BPF_MAP_UPDATE_ELEM prog_array name=sys_enter_init_ map_fd=10 map_id=123 key=145 prog_fd=60 prog_id=14 flags=0 ret=0 errno=0
[48.585677 pid=1940 tid=1954] native-loader jit-info prog_array-target fd=60 id=14 type=17 name=sys_enter_init tag=04cfd32a108dadfd jited_len=2524 xlated_len=4552 nr_jited_ksyms=1 ksym0=0xffffffffc04019a0 ksym1=0x0
[48.585922 pid=1940 tid=1954] BPF_MAP_UPDATE_ELEM prog_array name=sys_enter_init_ map_fd=10 map_id=123 key=146 prog_fd=60 prog_id=14 flags=0 ret=0 errno=0
[48.586215 pid=1940 tid=1954] native-loader jit-info prog_array-target fd=60 id=14 type=17 name=sys_enter_init tag=04cfd32a108dadfd jited_len=2524 xlated_len=4552 nr_jited_ksyms=1 ksym0=0xffffffffc04019a0 ksym1=0x0
[48.586499 pid=1940 tid=1954] BPF_MAP_UPDATE_ELEM prog_array name=sys_enter_init_ map_fd=10 map_id=123 key=147 prog_fd=60 prog_id=14 flags=0 ret=0 errno=0
[48.586743 pid=1940 tid=1954] native-loader jit-info prog_array-target fd=60 id=14 type=17 name=sys_enter_init tag=04cfd32a108dadfd jited_len=2524 xlated_len=4552 nr_jited_ksyms=1 ksym0=0xffffffffc04019a0 ksym1=0x0
[48.586858 pid=1940 tid=1954] BPF_MAP_UPDATE_ELEM prog_array name=sys_enter_init_ map_fd=10 map_id=123 key=148 prog_fd=60 prog_id=14 flags=0 ret=0 errno=0
[48.586961 pid=1940 tid=1954] native-loader jit-info prog_array-target fd=60 id=14 type=17 name=sys_enter_init tag=04cfd32a108dadfd jited_len=2524 xlated_len=4552 nr_jited_ksyms=1 ksym0=0xffffffffc04019a0 ksym1=0x0
[48.587297 pid=1940 tid=1954] BPF_MAP_UPDATE_ELEM prog_array name=sys_enter_init_ map_fd=10 map_id=123 key=149 prog_fd=60 prog_id=14 flags=0 ret=0 errno=0
[48.587623 pid=1940 tid=1954] native-loader jit-info prog_array-target fd=60 id=14 type=17 name=sys_enter_init tag=04cfd32a108dadfd jited_len=2524 xlated_len=4552 nr_jited_ksyms=1 ksym0=0xffffffffc04019a0 ksym1=0x0
[48.587742 pid=1940 tid=1954] BPF_MAP_UPDATE_ELEM prog_array name=sys_enter_init_ map_fd=10 map_id=123 key=150 prog_fd=60 prog_id=14 flags=0 ret=0 errno=0
[48.587842 pid=1940 tid=1954] native-loader jit-info prog_array-target fd=60 id=14 type=17 name=sys_enter_init tag=04cfd32a108dadfd jited_len=2524 xlated_len=4552 nr_jited_ksyms=1 ksym0=0xffffffffc04019a0 ksym1=0x0
[48.587966 pid=1940 tid=1954] BPF_MAP_UPDATE_ELEM prog_array name=sys_enter_init_ map_fd=10 map_id=123 key=151 prog_fd=60 prog_id=14 flags=0 ret=0 errno=0
[48.588057 pid=1940 tid=1954] native-loader jit-info prog_array-target fd=60 id=14 type=17 name=sys_enter_init tag=04cfd32a108dadfd jited_len=2524 xlated_len=4552 nr_jited_ksyms=1 ksym0=0xffffffffc04019a0 ksym1=0x0
[48.588147 pid=1940 tid=1954] BPF_MAP_UPDATE_ELEM prog_array name=sys_enter_init_ map_fd=10 map_id=123 key=152 prog_fd=60 prog_id=14 flags=0 ret=0 errno=0
[48.588231 pid=1940 tid=1954] native-loader jit-info prog_array-target fd=60 id=14 type=17 name=sys_enter_init tag=04cfd32a108dadfd jited_len=2524 xlated_len=4552 nr_jited_ksyms=1 ksym0=0xffffffffc04019a0 ksym1=0x0
[48.588323 pid=1940 tid=1954] BPF_MAP_UPDATE_ELEM prog_array name=sys_enter_init_ map_fd=10 map_id=123 key=153 prog_fd=60 prog_id=14 flags=0 ret=0 errno=0
[48.588519 pid=1940 tid=1954] native-loader jit-info prog_array-target fd=60 id=14 type=17 name=sys_enter_init tag=04cfd32a108dadfd jited_len=2524 xlated_len=4552 nr_jited_ksyms=1 ksym0=0xffffffffc04019a0 ksym1=0x0
[48.588608 pid=1940 tid=1954] BPF_MAP_UPDATE_ELEM prog_array name=sys_enter_init_ map_fd=10 map_id=123 key=154 prog_fd=60 prog_id=14 flags=0 ret=0 errno=0
[48.588810 pid=1940 tid=1954] native-loader jit-info prog_array-target fd=60 id=14 type=17 name=sys_enter_init tag=04cfd32a108dadfd jited_len=2524 xlated_len=4552 nr_jited_ksyms=1 ksym0=0xffffffffc04019a0 ksym1=0x0
[48.588899 pid=1940 tid=1954] BPF_MAP_UPDATE_ELEM prog_array name=sys_enter_init_ map_fd=10 map_id=123 key=155 prog_fd=60 prog_id=14 flags=0 ret=0 errno=0
[48.588986 pid=1940 tid=1954] native-loader jit-info prog_array-target fd=60 id=14 type=17 name=sys_enter_init tag=04cfd32a108dadfd jited_len=2524 xlated_len=4552 nr_jited_ksyms=1 ksym0=0xffffffffc04019a0 ksym1=0x0
[48.589081 pid=1940 tid=1954] BPF_MAP_UPDATE_ELEM prog_array name=sys_enter_init_ map_fd=10 map_id=123 key=156 prog_fd=60 prog_id=14 flags=0 ret=0 errno=0
[48.589163 pid=1940 tid=1954] native-loader jit-info prog_array-target fd=60 id=14 type=17 name=sys_enter_init tag=04cfd32a108dadfd jited_len=2524 xlated_len=4552 nr_jited_ksyms=1 ksym0=0xffffffffc04019a0 ksym1=0x0
[48.589254 pid=1940 tid=1954] BPF_MAP_UPDATE_ELEM prog_array name=sys_enter_init_ map_fd=10 map_id=123 key=157 prog_fd=60 prog_id=14 flags=0 ret=0 errno=0
[48.589442 pid=1940 tid=1954] native-loader jit-info prog_array-target fd=60 id=14 type=17 name=sys_enter_init tag=04cfd32a108dadfd jited_len=2524 xlated_len=4552 nr_jited_ksyms=1 ksym0=0xffffffffc04019a0 ksym1=0x0
[48.589535 pid=1940 tid=1954] BPF_MAP_UPDATE_ELEM prog_array name=sys_enter_init_ map_fd=10 map_id=123 key=159 prog_fd=60 prog_id=14 flags=0 ret=0 errno=0
[48.589619 pid=1940 tid=1954] native-loader jit-info prog_array-target fd=60 id=14 type=17 name=sys_enter_init tag=04cfd32a108dadfd jited_len=2524 xlated_len=4552 nr_jited_ksyms=1 ksym0=0xffffffffc04019a0 ksym1=0x0
[48.589710 pid=1940 tid=1954] BPF_MAP_UPDATE_ELEM prog_array name=sys_enter_init_ map_fd=10 map_id=123 key=160 prog_fd=60 prog_id=14 flags=0 ret=0 errno=0
[48.589852 pid=1940 tid=1954] native-loader jit-info prog_array-target fd=60 id=14 type=17 name=sys_enter_init tag=04cfd32a108dadfd jited_len=2524 xlated_len=4552 nr_jited_ksyms=1 ksym0=0xffffffffc04019a0 ksym1=0x0
[48.589944 pid=1940 tid=1954] BPF_MAP_UPDATE_ELEM prog_array name=sys_enter_init_ map_fd=10 map_id=123 key=161 prog_fd=60 prog_id=14 flags=0 ret=0 errno=0
[48.590045 pid=1940 tid=1954] native-loader jit-info prog_array-target fd=60 id=14 type=17 name=sys_enter_init tag=04cfd32a108dadfd jited_len=2524 xlated_len=4552 nr_jited_ksyms=1 ksym0=0xffffffffc04019a0 ksym1=0x0
[48.590135 pid=1940 tid=1954] BPF_MAP_UPDATE_ELEM prog_array name=sys_enter_init_ map_fd=10 map_id=123 key=162 prog_fd=60 prog_id=14 flags=0 ret=0 errno=0
[48.590219 pid=1940 tid=1954] native-loader jit-info prog_array-target fd=60 id=14 type=17 name=sys_enter_init tag=04cfd32a108dadfd jited_len=2524 xlated_len=4552 nr_jited_ksyms=1 ksym0=0xffffffffc04019a0 ksym1=0x0
[48.590309 pid=1940 tid=1954] BPF_MAP_UPDATE_ELEM prog_array name=sys_enter_init_ map_fd=10 map_id=123 key=163 prog_fd=60 prog_id=14 flags=0 ret=0 errno=0
[48.590464 pid=1940 tid=1954] native-loader jit-info prog_array-target fd=60 id=14 type=17 name=sys_enter_init tag=04cfd32a108dadfd jited_len=2524 xlated_len=4552 nr_jited_ksyms=1 ksym0=0xffffffffc04019a0 ksym1=0x0
[48.590642 pid=1940 tid=1954] BPF_MAP_UPDATE_ELEM prog_array name=sys_enter_init_ map_fd=10 map_id=123 key=164 prog_fd=60 prog_id=14 flags=0 ret=0 errno=0
[48.590728 pid=1940 tid=1954] native-loader jit-info prog_array-target fd=60 id=14 type=17 name=sys_enter_init tag=04cfd32a108dadfd jited_len=2524 xlated_len=4552 nr_jited_ksyms=1 ksym0=0xffffffffc04019a0 ksym1=0x0
[48.590820 pid=1940 tid=1954] BPF_MAP_UPDATE_ELEM prog_array name=sys_enter_init_ map_fd=10 map_id=123 key=165 prog_fd=60 prog_id=14 flags=0 ret=0 errno=0
[48.590905 pid=1940 tid=1954] native-loader jit-info prog_array-target fd=60 id=14 type=17 name=sys_enter_init tag=04cfd32a108dadfd jited_len=2524 xlated_len=4552 nr_jited_ksyms=1 ksym0=0xffffffffc04019a0 ksym1=0x0
[48.590996 pid=1940 tid=1954] BPF_MAP_UPDATE_ELEM prog_array name=sys_enter_init_ map_fd=10 map_id=123 key=166 prog_fd=60 prog_id=14 flags=0 ret=0 errno=0
[48.591082 pid=1940 tid=1954] native-loader jit-info prog_array-target fd=60 id=14 type=17 name=sys_enter_init tag=04cfd32a108dadfd jited_len=2524 xlated_len=4552 nr_jited_ksyms=1 ksym0=0xffffffffc04019a0 ksym1=0x0
[48.591172 pid=1940 tid=1954] BPF_MAP_UPDATE_ELEM prog_array name=sys_enter_init_ map_fd=10 map_id=123 key=167 prog_fd=60 prog_id=14 flags=0 ret=0 errno=0
[48.591256 pid=1940 tid=1954] native-loader jit-info prog_array-target fd=60 id=14 type=17 name=sys_enter_init tag=04cfd32a108dadfd jited_len=2524 xlated_len=4552 nr_jited_ksyms=1 ksym0=0xffffffffc04019a0 ksym1=0x0
[48.591347 pid=1940 tid=1954] BPF_MAP_UPDATE_ELEM prog_array name=sys_enter_init_ map_fd=10 map_id=123 key=168 prog_fd=60 prog_id=14 flags=0 ret=0 errno=0
[48.591433 pid=1940 tid=1954] native-loader jit-info prog_array-target fd=60 id=14 type=17 name=sys_enter_init tag=04cfd32a108dadfd jited_len=2524 xlated_len=4552 nr_jited_ksyms=1 ksym0=0xffffffffc04019a0 ksym1=0x0
[48.591524 pid=1940 tid=1954] BPF_MAP_UPDATE_ELEM prog_array name=sys_enter_init_ map_fd=10 map_id=123 key=169 prog_fd=60 prog_id=14 flags=0 ret=0 errno=0
[48.591729 pid=1940 tid=1954] native-loader jit-info prog_array-target fd=60 id=14 type=17 name=sys_enter_init tag=04cfd32a108dadfd jited_len=2524 xlated_len=4552 nr_jited_ksyms=1 ksym0=0xffffffffc04019a0 ksym1=0x0
[48.591820 pid=1940 tid=1954] BPF_MAP_UPDATE_ELEM prog_array name=sys_enter_init_ map_fd=10 map_id=123 key=170 prog_fd=60 prog_id=14 flags=0 ret=0 errno=0
[48.591904 pid=1940 tid=1954] native-loader jit-info prog_array-target fd=60 id=14 type=17 name=sys_enter_init tag=04cfd32a108dadfd jited_len=2524 xlated_len=4552 nr_jited_ksyms=1 ksym0=0xffffffffc04019a0 ksym1=0x0
[48.591996 pid=1940 tid=1954] BPF_MAP_UPDATE_ELEM prog_array name=sys_enter_init_ map_fd=10 map_id=123 key=171 prog_fd=60 prog_id=14 flags=0 ret=0 errno=0
[48.592171 pid=1940 tid=1954] native-loader jit-info prog_array-target fd=60 id=14 type=17 name=sys_enter_init tag=04cfd32a108dadfd jited_len=2524 xlated_len=4552 nr_jited_ksyms=1 ksym0=0xffffffffc04019a0 ksym1=0x0
[48.592378 pid=1940 tid=1954] BPF_MAP_UPDATE_ELEM prog_array name=sys_enter_init_ map_fd=10 map_id=123 key=172 prog_fd=60 prog_id=14 flags=0 ret=0 errno=0
[48.592595 pid=1940 tid=1954] native-loader jit-info prog_array-target fd=60 id=14 type=17 name=sys_enter_init tag=04cfd32a108dadfd jited_len=2524 xlated_len=4552 nr_jited_ksyms=1 ksym0=0xffffffffc04019a0 ksym1=0x0
[48.592696 pid=1940 tid=1954] BPF_MAP_UPDATE_ELEM prog_array name=sys_enter_init_ map_fd=10 map_id=123 key=173 prog_fd=60 prog_id=14 flags=0 ret=0 errno=0
[48.592790 pid=1940 tid=1954] native-loader jit-info prog_array-target fd=60 id=14 type=17 name=sys_enter_init tag=04cfd32a108dadfd jited_len=2524 xlated_len=4552 nr_jited_ksyms=1 ksym0=0xffffffffc04019a0 ksym1=0x0
[48.592881 pid=1940 tid=1954] BPF_MAP_UPDATE_ELEM prog_array name=sys_enter_init_ map_fd=10 map_id=123 key=174 prog_fd=60 prog_id=14 flags=0 ret=0 errno=0
[48.592967 pid=1940 tid=1954] native-loader jit-info prog_array-target fd=60 id=14 type=17 name=sys_enter_init tag=04cfd32a108dadfd jited_len=2524 xlated_len=4552 nr_jited_ksyms=1 ksym0=0xffffffffc04019a0 ksym1=0x0
[48.593058 pid=1940 tid=1954] BPF_MAP_UPDATE_ELEM prog_array name=sys_enter_init_ map_fd=10 map_id=123 key=175 prog_fd=60 prog_id=14 flags=0 ret=0 errno=0
[48.593143 pid=1940 tid=1954] native-loader jit-info prog_array-target fd=60 id=14 type=17 name=sys_enter_init tag=04cfd32a108dadfd jited_len=2524 xlated_len=4552 nr_jited_ksyms=1 ksym0=0xffffffffc04019a0 ksym1=0x0
[48.593327 pid=1940 tid=1954] BPF_MAP_UPDATE_ELEM prog_array name=sys_enter_init_ map_fd=10 map_id=123 key=176 prog_fd=60 prog_id=14 flags=0 ret=0 errno=0
[48.593413 pid=1940 tid=1954] native-loader jit-info prog_array-target fd=60 id=14 type=17 name=sys_enter_init tag=04cfd32a108dadfd jited_len=2524 xlated_len=4552 nr_jited_ksyms=1 ksym0=0xffffffffc04019a0 ksym1=0x0
[48.593504 pid=1940 tid=1954] BPF_MAP_UPDATE_ELEM prog_array name=sys_enter_init_ map_fd=10 map_id=123 key=177 prog_fd=60 prog_id=14 flags=0 ret=0 errno=0
[48.593588 pid=1940 tid=1954] native-loader jit-info prog_array-target fd=60 id=14 type=17 name=sys_enter_init tag=04cfd32a108dadfd jited_len=2524 xlated_len=4552 nr_jited_ksyms=1 ksym0=0xffffffffc04019a0 ksym1=0x0
[48.593679 pid=1940 tid=1954] BPF_MAP_UPDATE_ELEM prog_array name=sys_enter_init_ map_fd=10 map_id=123 key=178 prog_fd=60 prog_id=14 flags=0 ret=0 errno=0
[48.593764 pid=1940 tid=1954] native-loader jit-info prog_array-target fd=60 id=14 type=17 name=sys_enter_init tag=04cfd32a108dadfd jited_len=2524 xlated_len=4552 nr_jited_ksyms=1 ksym0=0xffffffffc04019a0 ksym1=0x0
[48.593855 pid=1940 tid=1954] BPF_MAP_UPDATE_ELEM prog_array name=sys_enter_init_ map_fd=10 map_id=123 key=179 prog_fd=60 prog_id=14 flags=0 ret=0 errno=0
[48.593941 pid=1940 tid=1954] native-loader jit-info prog_array-target fd=60 id=14 type=17 name=sys_enter_init tag=04cfd32a108dadfd jited_len=2524 xlated_len=4552 nr_jited_ksyms=1 ksym0=0xffffffffc04019a0 ksym1=0x0
[48.594032 pid=1940 tid=1954] BPF_MAP_UPDATE_ELEM prog_array name=sys_enter_init_ map_fd=10 map_id=123 key=180 prog_fd=60 prog_id=14 flags=0 ret=0 errno=0
[48.594116 pid=1940 tid=1954] native-loader jit-info prog_array-target fd=60 id=14 type=17 name=sys_enter_init tag=04cfd32a108dadfd jited_len=2524 xlated_len=4552 nr_jited_ksyms=1 ksym0=0xffffffffc04019a0 ksym1=0x0
[48.594208 pid=1940 tid=1954] BPF_MAP_UPDATE_ELEM prog_array name=sys_enter_init_ map_fd=10 map_id=123 key=181 prog_fd=60 prog_id=14 flags=0 ret=0 errno=0
[48.594293 pid=1940 tid=1954] native-loader jit-info prog_array-target fd=60 id=14 type=17 name=sys_enter_init tag=04cfd32a108dadfd jited_len=2524 xlated_len=4552 nr_jited_ksyms=1 ksym0=0xffffffffc04019a0 ksym1=0x0
[48.594385 pid=1940 tid=1954] BPF_MAP_UPDATE_ELEM prog_array name=sys_enter_init_ map_fd=10 map_id=123 key=182 prog_fd=60 prog_id=14 flags=0 ret=0 errno=0
[48.594470 pid=1940 tid=1954] native-loader jit-info prog_array-target fd=60 id=14 type=17 name=sys_enter_init tag=04cfd32a108dadfd jited_len=2524 xlated_len=4552 nr_jited_ksyms=1 ksym0=0xffffffffc04019a0 ksym1=0x0
[48.594560 pid=1940 tid=1954] BPF_MAP_UPDATE_ELEM prog_array name=sys_enter_init_ map_fd=10 map_id=123 key=183 prog_fd=60 prog_id=14 flags=0 ret=0 errno=0
[48.594702 pid=1940 tid=1954] native-loader jit-info prog_array-target fd=60 id=14 type=17 name=sys_enter_init tag=04cfd32a108dadfd jited_len=2524 xlated_len=4552 nr_jited_ksyms=1 ksym0=0xffffffffc04019a0 ksym1=0x0
[48.594792 pid=1940 tid=1954] BPF_MAP_UPDATE_ELEM prog_array name=sys_enter_init_ map_fd=10 map_id=123 key=184 prog_fd=60 prog_id=14 flags=0 ret=0 errno=0
[48.594925 pid=1940 tid=1954] native-loader jit-info prog_array-target fd=60 id=14 type=17 name=sys_enter_init tag=04cfd32a108dadfd jited_len=2524 xlated_len=4552 nr_jited_ksyms=1 ksym0=0xffffffffc04019a0 ksym1=0x0
[48.595017 pid=1940 tid=1954] BPF_MAP_UPDATE_ELEM prog_array name=sys_enter_init_ map_fd=10 map_id=123 key=185 prog_fd=60 prog_id=14 flags=0 ret=0 errno=0
[48.595102 pid=1940 tid=1954] native-loader jit-info prog_array-target fd=60 id=14 type=17 name=sys_enter_init tag=04cfd32a108dadfd jited_len=2524 xlated_len=4552 nr_jited_ksyms=1 ksym0=0xffffffffc04019a0 ksym1=0x0
[48.595192 pid=1940 tid=1954] BPF_MAP_UPDATE_ELEM prog_array name=sys_enter_init_ map_fd=10 map_id=123 key=186 prog_fd=60 prog_id=14 flags=0 ret=0 errno=0
[48.595277 pid=1940 tid=1954] native-loader jit-info prog_array-target fd=60 id=14 type=17 name=sys_enter_init tag=04cfd32a108dadfd jited_len=2524 xlated_len=4552 nr_jited_ksyms=1 ksym0=0xffffffffc04019a0 ksym1=0x0
[48.595367 pid=1940 tid=1954] BPF_MAP_UPDATE_ELEM prog_array name=sys_enter_init_ map_fd=10 map_id=123 key=187 prog_fd=60 prog_id=14 flags=0 ret=0 errno=0
[48.595577 pid=1940 tid=1954] native-loader jit-info prog_array-target fd=60 id=14 type=17 name=sys_enter_init tag=04cfd32a108dadfd jited_len=2524 xlated_len=4552 nr_jited_ksyms=1 ksym0=0xffffffffc04019a0 ksym1=0x0
[48.595680 pid=1940 tid=1954] BPF_MAP_UPDATE_ELEM prog_array name=sys_enter_init_ map_fd=10 map_id=123 key=188 prog_fd=60 prog_id=14 flags=0 ret=0 errno=0
[48.596035 pid=1940 tid=1954] native-loader jit-info prog_array-target fd=60 id=14 type=17 name=sys_enter_init tag=04cfd32a108dadfd jited_len=2524 xlated_len=4552 nr_jited_ksyms=1 ksym0=0xffffffffc04019a0 ksym1=0x0
[48.596198 pid=1940 tid=1954] BPF_MAP_UPDATE_ELEM prog_array name=sys_enter_init_ map_fd=10 map_id=123 key=189 prog_fd=60 prog_id=14 flags=0 ret=0 errno=0
[48.596513 pid=1940 tid=1954] native-loader jit-info prog_array-target fd=60 id=14 type=17 name=sys_enter_init tag=04cfd32a108dadfd jited_len=2524 xlated_len=4552 nr_jited_ksyms=1 ksym0=0xffffffffc04019a0 ksym1=0x0
[48.596624 pid=1940 tid=1954] BPF_MAP_UPDATE_ELEM prog_array name=sys_enter_init_ map_fd=10 map_id=123 key=190 prog_fd=60 prog_id=14 flags=0 ret=0 errno=0
[48.596708 pid=1940 tid=1954] native-loader jit-info prog_array-target fd=60 id=14 type=17 name=sys_enter_init tag=04cfd32a108dadfd jited_len=2524 xlated_len=4552 nr_jited_ksyms=1 ksym0=0xffffffffc04019a0 ksym1=0x0
[48.596799 pid=1940 tid=1954] BPF_MAP_UPDATE_ELEM prog_array name=sys_enter_init_ map_fd=10 map_id=123 key=191 prog_fd=60 prog_id=14 flags=0 ret=0 errno=0
[48.596884 pid=1940 tid=1954] native-loader jit-info prog_array-target fd=60 id=14 type=17 name=sys_enter_init tag=04cfd32a108dadfd jited_len=2524 xlated_len=4552 nr_jited_ksyms=1 ksym0=0xffffffffc04019a0 ksym1=0x0
[48.596981 pid=1940 tid=1954] BPF_MAP_UPDATE_ELEM prog_array name=sys_enter_init_ map_fd=10 map_id=123 key=192 prog_fd=60 prog_id=14 flags=0 ret=0 errno=0
[48.597066 pid=1940 tid=1954] native-loader jit-info prog_array-target fd=60 id=14 type=17 name=sys_enter_init tag=04cfd32a108dadfd jited_len=2524 xlated_len=4552 nr_jited_ksyms=1 ksym0=0xffffffffc04019a0 ksym1=0x0
[48.597157 pid=1940 tid=1954] BPF_MAP_UPDATE_ELEM prog_array name=sys_enter_init_ map_fd=10 map_id=123 key=193 prog_fd=60 prog_id=14 flags=0 ret=0 errno=0
[48.597242 pid=1940 tid=1954] native-loader jit-info prog_array-target fd=60 id=14 type=17 name=sys_enter_init tag=04cfd32a108dadfd jited_len=2524 xlated_len=4552 nr_jited_ksyms=1 ksym0=0xffffffffc04019a0 ksym1=0x0
[48.597334 pid=1940 tid=1954] BPF_MAP_UPDATE_ELEM prog_array name=sys_enter_init_ map_fd=10 map_id=123 key=194 prog_fd=60 prog_id=14 flags=0 ret=0 errno=0
[48.597419 pid=1940 tid=1954] native-loader jit-info prog_array-target fd=60 id=14 type=17 name=sys_enter_init tag=04cfd32a108dadfd jited_len=2524 xlated_len=4552 nr_jited_ksyms=1 ksym0=0xffffffffc04019a0 ksym1=0x0
[48.597509 pid=1940 tid=1954] BPF_MAP_UPDATE_ELEM prog_array name=sys_enter_init_ map_fd=10 map_id=123 key=195 prog_fd=60 prog_id=14 flags=0 ret=0 errno=0
[48.597594 pid=1940 tid=1954] native-loader jit-info prog_array-target fd=60 id=14 type=17 name=sys_enter_init tag=04cfd32a108dadfd jited_len=2524 xlated_len=4552 nr_jited_ksyms=1 ksym0=0xffffffffc04019a0 ksym1=0x0
[48.597684 pid=1940 tid=1954] BPF_MAP_UPDATE_ELEM prog_array name=sys_enter_init_ map_fd=10 map_id=123 key=196 prog_fd=60 prog_id=14 flags=0 ret=0 errno=0
[48.597769 pid=1940 tid=1954] native-loader jit-info prog_array-target fd=60 id=14 type=17 name=sys_enter_init tag=04cfd32a108dadfd jited_len=2524 xlated_len=4552 nr_jited_ksyms=1 ksym0=0xffffffffc04019a0 ksym1=0x0
[48.597860 pid=1940 tid=1954] BPF_MAP_UPDATE_ELEM prog_array name=sys_enter_init_ map_fd=10 map_id=123 key=197 prog_fd=60 prog_id=14 flags=0 ret=0 errno=0
[48.597947 pid=1940 tid=1954] native-loader jit-info prog_array-target fd=60 id=14 type=17 name=sys_enter_init tag=04cfd32a108dadfd jited_len=2524 xlated_len=4552 nr_jited_ksyms=1 ksym0=0xffffffffc04019a0 ksym1=0x0
[48.598038 pid=1940 tid=1954] BPF_MAP_UPDATE_ELEM prog_array name=sys_enter_init_ map_fd=10 map_id=123 key=198 prog_fd=60 prog_id=14 flags=0 ret=0 errno=0
[48.598124 pid=1940 tid=1954] native-loader jit-info prog_array-target fd=60 id=14 type=17 name=sys_enter_init tag=04cfd32a108dadfd jited_len=2524 xlated_len=4552 nr_jited_ksyms=1 ksym0=0xffffffffc04019a0 ksym1=0x0
[48.598215 pid=1940 tid=1954] BPF_MAP_UPDATE_ELEM prog_array name=sys_enter_init_ map_fd=10 map_id=123 key=199 prog_fd=60 prog_id=14 flags=0 ret=0 errno=0
[48.598300 pid=1940 tid=1954] native-loader jit-info prog_array-target fd=60 id=14 type=17 name=sys_enter_init tag=04cfd32a108dadfd jited_len=2524 xlated_len=4552 nr_jited_ksyms=1 ksym0=0xffffffffc04019a0 ksym1=0x0
[48.598390 pid=1940 tid=1954] BPF_MAP_UPDATE_ELEM prog_array name=sys_enter_init_ map_fd=10 map_id=123 key=200 prog_fd=60 prog_id=14 flags=0 ret=0 errno=0
[48.598665 pid=1940 tid=1954] native-loader jit-info prog_array-target fd=60 id=14 type=17 name=sys_enter_init tag=04cfd32a108dadfd jited_len=2524 xlated_len=4552 nr_jited_ksyms=1 ksym0=0xffffffffc04019a0 ksym1=0x0
[48.598863 pid=1940 tid=1954] BPF_MAP_UPDATE_ELEM prog_array name=sys_enter_init_ map_fd=10 map_id=123 key=201 prog_fd=60 prog_id=14 flags=0 ret=0 errno=0
[48.599256 pid=1940 tid=1954] native-loader jit-info prog_array-target fd=60 id=14 type=17 name=sys_enter_init tag=04cfd32a108dadfd jited_len=2524 xlated_len=4552 nr_jited_ksyms=1 ksym0=0xffffffffc04019a0 ksym1=0x0
[48.599364 pid=1940 tid=1954] BPF_MAP_UPDATE_ELEM prog_array name=sys_enter_init_ map_fd=10 map_id=123 key=202 prog_fd=60 prog_id=14 flags=0 ret=0 errno=0
[48.599446 pid=1940 tid=1954] native-loader jit-info prog_array-target fd=60 id=14 type=17 name=sys_enter_init tag=04cfd32a108dadfd jited_len=2524 xlated_len=4552 nr_jited_ksyms=1 ksym0=0xffffffffc04019a0 ksym1=0x0
[48.599538 pid=1940 tid=1954] BPF_MAP_UPDATE_ELEM prog_array name=sys_enter_init_ map_fd=10 map_id=123 key=203 prog_fd=60 prog_id=14 flags=0 ret=0 errno=0
[48.599622 pid=1940 tid=1954] native-loader jit-info prog_array-target fd=60 id=14 type=17 name=sys_enter_init tag=04cfd32a108dadfd jited_len=2524 xlated_len=4552 nr_jited_ksyms=1 ksym0=0xffffffffc04019a0 ksym1=0x0
[48.599714 pid=1940 tid=1954] BPF_MAP_UPDATE_ELEM prog_array name=sys_enter_init_ map_fd=10 map_id=123 key=204 prog_fd=60 prog_id=14 flags=0 ret=0 errno=0
[48.599799 pid=1940 tid=1954] native-loader jit-info prog_array-target fd=60 id=14 type=17 name=sys_enter_init tag=04cfd32a108dadfd jited_len=2524 xlated_len=4552 nr_jited_ksyms=1 ksym0=0xffffffffc04019a0 ksym1=0x0
[48.600137 pid=1940 tid=1954] BPF_MAP_UPDATE_ELEM prog_array name=sys_enter_init_ map_fd=10 map_id=123 key=205 prog_fd=60 prog_id=14 flags=0 ret=0 errno=0
[48.600235 pid=1940 tid=1954] native-loader jit-info prog_array-target fd=60 id=14 type=17 name=sys_enter_init tag=04cfd32a108dadfd jited_len=2524 xlated_len=4552 nr_jited_ksyms=1 ksym0=0xffffffffc04019a0 ksym1=0x0
[48.600327 pid=1940 tid=1954] BPF_MAP_UPDATE_ELEM prog_array name=sys_enter_init_ map_fd=10 map_id=123 key=206 prog_fd=60 prog_id=14 flags=0 ret=0 errno=0
[48.600412 pid=1940 tid=1954] native-loader jit-info prog_array-target fd=60 id=14 type=17 name=sys_enter_init tag=04cfd32a108dadfd jited_len=2524 xlated_len=4552 nr_jited_ksyms=1 ksym0=0xffffffffc04019a0 ksym1=0x0
[48.600503 pid=1940 tid=1954] BPF_MAP_UPDATE_ELEM prog_array name=sys_enter_init_ map_fd=10 map_id=123 key=207 prog_fd=60 prog_id=14 flags=0 ret=0 errno=0
[48.600589 pid=1940 tid=1954] native-loader jit-info prog_array-target fd=60 id=14 type=17 name=sys_enter_init tag=04cfd32a108dadfd jited_len=2524 xlated_len=4552 nr_jited_ksyms=1 ksym0=0xffffffffc04019a0 ksym1=0x0
[48.600681 pid=1940 tid=1954] BPF_MAP_UPDATE_ELEM prog_array name=sys_enter_init_ map_fd=10 map_id=123 key=208 prog_fd=60 prog_id=14 flags=0 ret=0 errno=0
[48.600766 pid=1940 tid=1954] native-loader jit-info prog_array-target fd=60 id=14 type=17 name=sys_enter_init tag=04cfd32a108dadfd jited_len=2524 xlated_len=4552 nr_jited_ksyms=1 ksym0=0xffffffffc04019a0 ksym1=0x0
[48.600857 pid=1940 tid=1954] BPF_MAP_UPDATE_ELEM prog_array name=sys_enter_init_ map_fd=10 map_id=123 key=209 prog_fd=60 prog_id=14 flags=0 ret=0 errno=0
[48.600947 pid=1940 tid=1954] native-loader jit-info prog_array-target fd=60 id=14 type=17 name=sys_enter_init tag=04cfd32a108dadfd jited_len=2524 xlated_len=4552 nr_jited_ksyms=1 ksym0=0xffffffffc04019a0 ksym1=0x0
[48.601038 pid=1940 tid=1954] BPF_MAP_UPDATE_ELEM prog_array name=sys_enter_init_ map_fd=10 map_id=123 key=210 prog_fd=60 prog_id=14 flags=0 ret=0 errno=0
[48.601124 pid=1940 tid=1954] native-loader jit-info prog_array-target fd=60 id=14 type=17 name=sys_enter_init tag=04cfd32a108dadfd jited_len=2524 xlated_len=4552 nr_jited_ksyms=1 ksym0=0xffffffffc04019a0 ksym1=0x0
[48.601215 pid=1940 tid=1954] BPF_MAP_UPDATE_ELEM prog_array name=sys_enter_init_ map_fd=10 map_id=123 key=211 prog_fd=60 prog_id=14 flags=0 ret=0 errno=0
[48.601299 pid=1940 tid=1954] native-loader jit-info prog_array-target fd=60 id=14 type=17 name=sys_enter_init tag=04cfd32a108dadfd jited_len=2524 xlated_len=4552 nr_jited_ksyms=1 ksym0=0xffffffffc04019a0 ksym1=0x0
[48.601390 pid=1940 tid=1954] BPF_MAP_UPDATE_ELEM prog_array name=sys_enter_init_ map_fd=10 map_id=123 key=212 prog_fd=60 prog_id=14 flags=0 ret=0 errno=0
[48.601727 pid=1940 tid=1954] native-loader jit-info prog_array-target fd=60 id=14 type=17 name=sys_enter_init tag=04cfd32a108dadfd jited_len=2524 xlated_len=4552 nr_jited_ksyms=1 ksym0=0xffffffffc04019a0 ksym1=0x0
[48.601830 pid=1940 tid=1954] BPF_MAP_UPDATE_ELEM prog_array name=sys_enter_init_ map_fd=10 map_id=123 key=213 prog_fd=60 prog_id=14 flags=0 ret=0 errno=0
[48.602347 pid=1940 tid=1954] native-loader jit-info prog_array-target fd=60 id=14 type=17 name=sys_enter_init tag=04cfd32a108dadfd jited_len=2524 xlated_len=4552 nr_jited_ksyms=1 ksym0=0xffffffffc04019a0 ksym1=0x0
[48.602729 pid=1940 tid=1954] BPF_MAP_UPDATE_ELEM prog_array name=sys_enter_init_ map_fd=10 map_id=123 key=214 prog_fd=60 prog_id=14 flags=0 ret=0 errno=0
[48.602838 pid=1940 tid=1954] native-loader jit-info prog_array-target fd=60 id=14 type=17 name=sys_enter_init tag=04cfd32a108dadfd jited_len=2524 xlated_len=4552 nr_jited_ksyms=1 ksym0=0xffffffffc04019a0 ksym1=0x0
[48.602942 pid=1940 tid=1954] BPF_MAP_UPDATE_ELEM prog_array name=sys_enter_init_ map_fd=10 map_id=123 key=215 prog_fd=60 prog_id=14 flags=0 ret=0 errno=0
[48.603031 pid=1940 tid=1954] native-loader jit-info prog_array-target fd=60 id=14 type=17 name=sys_enter_init tag=04cfd32a108dadfd jited_len=2524 xlated_len=4552 nr_jited_ksyms=1 ksym0=0xffffffffc04019a0 ksym1=0x0
[48.603122 pid=1940 tid=1954] BPF_MAP_UPDATE_ELEM prog_array name=sys_enter_init_ map_fd=10 map_id=123 key=216 prog_fd=60 prog_id=14 flags=0 ret=0 errno=0
[48.603206 pid=1940 tid=1954] native-loader jit-info prog_array-target fd=60 id=14 type=17 name=sys_enter_init tag=04cfd32a108dadfd jited_len=2524 xlated_len=4552 nr_jited_ksyms=1 ksym0=0xffffffffc04019a0 ksym1=0x0
[48.603298 pid=1940 tid=1954] BPF_MAP_UPDATE_ELEM prog_array name=sys_enter_init_ map_fd=10 map_id=123 key=217 prog_fd=60 prog_id=14 flags=0 ret=0 errno=0
[48.603685 pid=1940 tid=1954] native-loader jit-info prog_array-target fd=60 id=14 type=17 name=sys_enter_init tag=04cfd32a108dadfd jited_len=2524 xlated_len=4552 nr_jited_ksyms=1 ksym0=0xffffffffc04019a0 ksym1=0x0
[48.603923 pid=1940 tid=1954] BPF_MAP_UPDATE_ELEM prog_array name=sys_enter_init_ map_fd=10 map_id=123 key=218 prog_fd=60 prog_id=14 flags=0 ret=0 errno=0
[48.604286 pid=1940 tid=1954] native-loader jit-info prog_array-target fd=60 id=14 type=17 name=sys_enter_init tag=04cfd32a108dadfd jited_len=2524 xlated_len=4552 nr_jited_ksyms=1 ksym0=0xffffffffc04019a0 ksym1=0x0
[48.604417 pid=1940 tid=1954] BPF_MAP_UPDATE_ELEM prog_array name=sys_enter_init_ map_fd=10 map_id=123 key=219 prog_fd=60 prog_id=14 flags=0 ret=0 errno=0
[48.604524 pid=1940 tid=1954] native-loader jit-info prog_array-target fd=60 id=14 type=17 name=sys_enter_init tag=04cfd32a108dadfd jited_len=2524 xlated_len=4552 nr_jited_ksyms=1 ksym0=0xffffffffc04019a0 ksym1=0x0
[48.604615 pid=1940 tid=1954] BPF_MAP_UPDATE_ELEM prog_array name=sys_enter_init_ map_fd=10 map_id=123 key=220 prog_fd=60 prog_id=14 flags=0 ret=0 errno=0
[48.604701 pid=1940 tid=1954] native-loader jit-info prog_array-target fd=60 id=14 type=17 name=sys_enter_init tag=04cfd32a108dadfd jited_len=2524 xlated_len=4552 nr_jited_ksyms=1 ksym0=0xffffffffc04019a0 ksym1=0x0
[48.604793 pid=1940 tid=1954] BPF_MAP_UPDATE_ELEM prog_array name=sys_enter_init_ map_fd=10 map_id=123 key=221 prog_fd=60 prog_id=14 flags=0 ret=0 errno=0
[48.604959 pid=1940 tid=1954] native-loader jit-info prog_array-target fd=60 id=14 type=17 name=sys_enter_init tag=04cfd32a108dadfd jited_len=2524 xlated_len=4552 nr_jited_ksyms=1 ksym0=0xffffffffc04019a0 ksym1=0x0
[48.605404 pid=1940 tid=1954] BPF_MAP_UPDATE_ELEM prog_array name=sys_enter_init_ map_fd=10 map_id=123 key=222 prog_fd=60 prog_id=14 flags=0 ret=0 errno=0
[48.605515 pid=1940 tid=1954] native-loader jit-info prog_array-target fd=60 id=14 type=17 name=sys_enter_init tag=04cfd32a108dadfd jited_len=2524 xlated_len=4552 nr_jited_ksyms=1 ksym0=0xffffffffc04019a0 ksym1=0x0
[48.605604 pid=1940 tid=1954] BPF_MAP_UPDATE_ELEM prog_array name=sys_enter_init_ map_fd=10 map_id=123 key=223 prog_fd=60 prog_id=14 flags=0 ret=0 errno=0
[48.605685 pid=1940 tid=1954] native-loader jit-info prog_array-target fd=60 id=14 type=17 name=sys_enter_init tag=04cfd32a108dadfd jited_len=2524 xlated_len=4552 nr_jited_ksyms=1 ksym0=0xffffffffc04019a0 ksym1=0x0
[48.605776 pid=1940 tid=1954] BPF_MAP_UPDATE_ELEM prog_array name=sys_enter_init_ map_fd=10 map_id=123 key=224 prog_fd=60 prog_id=14 flags=0 ret=0 errno=0
[48.605861 pid=1940 tid=1954] native-loader jit-info prog_array-target fd=60 id=14 type=17 name=sys_enter_init tag=04cfd32a108dadfd jited_len=2524 xlated_len=4552 nr_jited_ksyms=1 ksym0=0xffffffffc04019a0 ksym1=0x0
[48.605954 pid=1940 tid=1954] BPF_MAP_UPDATE_ELEM prog_array name=sys_enter_init_ map_fd=10 map_id=123 key=225 prog_fd=60 prog_id=14 flags=0 ret=0 errno=0
[48.606039 pid=1940 tid=1954] native-loader jit-info prog_array-target fd=60 id=14 type=17 name=sys_enter_init tag=04cfd32a108dadfd jited_len=2524 xlated_len=4552 nr_jited_ksyms=1 ksym0=0xffffffffc04019a0 ksym1=0x0
[48.606129 pid=1940 tid=1954] BPF_MAP_UPDATE_ELEM prog_array name=sys_enter_init_ map_fd=10 map_id=123 key=226 prog_fd=60 prog_id=14 flags=0 ret=0 errno=0
[48.606213 pid=1940 tid=1954] native-loader jit-info prog_array-target fd=60 id=14 type=17 name=sys_enter_init tag=04cfd32a108dadfd jited_len=2524 xlated_len=4552 nr_jited_ksyms=1 ksym0=0xffffffffc04019a0 ksym1=0x0
[48.606304 pid=1940 tid=1954] BPF_MAP_UPDATE_ELEM prog_array name=sys_enter_init_ map_fd=10 map_id=123 key=227 prog_fd=60 prog_id=14 flags=0 ret=0 errno=0
[48.606390 pid=1940 tid=1954] native-loader jit-info prog_array-target fd=60 id=14 type=17 name=sys_enter_init tag=04cfd32a108dadfd jited_len=2524 xlated_len=4552 nr_jited_ksyms=1 ksym0=0xffffffffc04019a0 ksym1=0x0
[48.606482 pid=1940 tid=1954] BPF_MAP_UPDATE_ELEM prog_array name=sys_enter_init_ map_fd=10 map_id=123 key=228 prog_fd=60 prog_id=14 flags=0 ret=0 errno=0
[48.606567 pid=1940 tid=1954] native-loader jit-info prog_array-target fd=60 id=14 type=17 name=sys_enter_init tag=04cfd32a108dadfd jited_len=2524 xlated_len=4552 nr_jited_ksyms=1 ksym0=0xffffffffc04019a0 ksym1=0x0
[48.606657 pid=1940 tid=1954] BPF_MAP_UPDATE_ELEM prog_array name=sys_enter_init_ map_fd=10 map_id=123 key=229 prog_fd=60 prog_id=14 flags=0 ret=0 errno=0
[48.606910 pid=1940 tid=1954] native-loader jit-info prog_array-target fd=60 id=14 type=17 name=sys_enter_init tag=04cfd32a108dadfd jited_len=2524 xlated_len=4552 nr_jited_ksyms=1 ksym0=0xffffffffc04019a0 ksym1=0x0
[48.607116 pid=1940 tid=1954] BPF_MAP_UPDATE_ELEM prog_array name=sys_enter_init_ map_fd=10 map_id=123 key=230 prog_fd=60 prog_id=14 flags=0 ret=0 errno=0
[48.607423 pid=1940 tid=1954] native-loader jit-info prog_array-target fd=60 id=14 type=17 name=sys_enter_init tag=04cfd32a108dadfd jited_len=2524 xlated_len=4552 nr_jited_ksyms=1 ksym0=0xffffffffc04019a0 ksym1=0x0
[48.607529 pid=1940 tid=1954] BPF_MAP_UPDATE_ELEM prog_array name=sys_enter_init_ map_fd=10 map_id=123 key=231 prog_fd=60 prog_id=14 flags=0 ret=0 errno=0
[48.607624 pid=1940 tid=1954] native-loader jit-info prog_array-target fd=60 id=14 type=17 name=sys_enter_init tag=04cfd32a108dadfd jited_len=2524 xlated_len=4552 nr_jited_ksyms=1 ksym0=0xffffffffc04019a0 ksym1=0x0
[48.607729 pid=1940 tid=1954] BPF_MAP_UPDATE_ELEM prog_array name=sys_enter_init_ map_fd=10 map_id=123 key=232 prog_fd=60 prog_id=14 flags=0 ret=0 errno=0
[48.607824 pid=1940 tid=1954] native-loader jit-info prog_array-target fd=60 id=14 type=17 name=sys_enter_init tag=04cfd32a108dadfd jited_len=2524 xlated_len=4552 nr_jited_ksyms=1 ksym0=0xffffffffc04019a0 ksym1=0x0
[48.607916 pid=1940 tid=1954] BPF_MAP_UPDATE_ELEM prog_array name=sys_enter_init_ map_fd=10 map_id=123 key=233 prog_fd=60 prog_id=14 flags=0 ret=0 errno=0
[48.608001 pid=1940 tid=1954] native-loader jit-info prog_array-target fd=60 id=14 type=17 name=sys_enter_init tag=04cfd32a108dadfd jited_len=2524 xlated_len=4552 nr_jited_ksyms=1 ksym0=0xffffffffc04019a0 ksym1=0x0
[48.608195 pid=1940 tid=1954] BPF_MAP_UPDATE_ELEM prog_array name=sys_enter_init_ map_fd=10 map_id=123 key=234 prog_fd=60 prog_id=14 flags=0 ret=0 errno=0
[48.608280 pid=1940 tid=1954] native-loader jit-info prog_array-target fd=60 id=14 type=17 name=sys_enter_init tag=04cfd32a108dadfd jited_len=2524 xlated_len=4552 nr_jited_ksyms=1 ksym0=0xffffffffc04019a0 ksym1=0x0
[48.608371 pid=1940 tid=1954] BPF_MAP_UPDATE_ELEM prog_array name=sys_enter_init_ map_fd=10 map_id=123 key=235 prog_fd=60 prog_id=14 flags=0 ret=0 errno=0
[48.608455 pid=1940 tid=1954] native-loader jit-info prog_array-target fd=60 id=14 type=17 name=sys_enter_init tag=04cfd32a108dadfd jited_len=2524 xlated_len=4552 nr_jited_ksyms=1 ksym0=0xffffffffc04019a0 ksym1=0x0
[48.608546 pid=1940 tid=1954] BPF_MAP_UPDATE_ELEM prog_array name=sys_enter_init_ map_fd=10 map_id=123 key=236 prog_fd=60 prog_id=14 flags=0 ret=0 errno=0
[48.608630 pid=1940 tid=1954] native-loader jit-info prog_array-target fd=60 id=14 type=17 name=sys_enter_init tag=04cfd32a108dadfd jited_len=2524 xlated_len=4552 nr_jited_ksyms=1 ksym0=0xffffffffc04019a0 ksym1=0x0
[48.608721 pid=1940 tid=1954] BPF_MAP_UPDATE_ELEM prog_array name=sys_enter_init_ map_fd=10 map_id=123 key=237 prog_fd=60 prog_id=14 flags=0 ret=0 errno=0
[48.608806 pid=1940 tid=1954] native-loader jit-info prog_array-target fd=60 id=14 type=17 name=sys_enter_init tag=04cfd32a108dadfd jited_len=2524 xlated_len=4552 nr_jited_ksyms=1 ksym0=0xffffffffc04019a0 ksym1=0x0
[48.608899 pid=1940 tid=1954] BPF_MAP_UPDATE_ELEM prog_array name=sys_enter_init_ map_fd=10 map_id=123 key=238 prog_fd=60 prog_id=14 flags=0 ret=0 errno=0
[48.608985 pid=1940 tid=1954] native-loader jit-info prog_array-target fd=60 id=14 type=17 name=sys_enter_init tag=04cfd32a108dadfd jited_len=2524 xlated_len=4552 nr_jited_ksyms=1 ksym0=0xffffffffc04019a0 ksym1=0x0
[48.609075 pid=1940 tid=1954] BPF_MAP_UPDATE_ELEM prog_array name=sys_enter_init_ map_fd=10 map_id=123 key=239 prog_fd=60 prog_id=14 flags=0 ret=0 errno=0
[48.609159 pid=1940 tid=1954] native-loader jit-info prog_array-target fd=60 id=14 type=17 name=sys_enter_init tag=04cfd32a108dadfd jited_len=2524 xlated_len=4552 nr_jited_ksyms=1 ksym0=0xffffffffc04019a0 ksym1=0x0
[48.609249 pid=1940 tid=1954] BPF_MAP_UPDATE_ELEM prog_array name=sys_enter_init_ map_fd=10 map_id=123 key=240 prog_fd=60 prog_id=14 flags=0 ret=0 errno=0
[48.609334 pid=1940 tid=1954] native-loader jit-info prog_array-target fd=60 id=14 type=17 name=sys_enter_init tag=04cfd32a108dadfd jited_len=2524 xlated_len=4552 nr_jited_ksyms=1 ksym0=0xffffffffc04019a0 ksym1=0x0
[48.609425 pid=1940 tid=1954] BPF_MAP_UPDATE_ELEM prog_array name=sys_enter_init_ map_fd=10 map_id=123 key=241 prog_fd=60 prog_id=14 flags=0 ret=0 errno=0
[48.609742 pid=1940 tid=1954] native-loader jit-info prog_array-target fd=60 id=14 type=17 name=sys_enter_init tag=04cfd32a108dadfd jited_len=2524 xlated_len=4552 nr_jited_ksyms=1 ksym0=0xffffffffc04019a0 ksym1=0x0
[48.609862 pid=1940 tid=1954] BPF_MAP_UPDATE_ELEM prog_array name=sys_enter_init_ map_fd=10 map_id=123 key=242 prog_fd=60 prog_id=14 flags=0 ret=0 errno=0
[48.610176 pid=1940 tid=1954] native-loader jit-info prog_array-target fd=60 id=14 type=17 name=sys_enter_init tag=04cfd32a108dadfd jited_len=2524 xlated_len=4552 nr_jited_ksyms=1 ksym0=0xffffffffc04019a0 ksym1=0x0
[48.610288 pid=1940 tid=1954] BPF_MAP_UPDATE_ELEM prog_array name=sys_enter_init_ map_fd=10 map_id=123 key=243 prog_fd=60 prog_id=14 flags=0 ret=0 errno=0
[48.610375 pid=1940 tid=1954] native-loader jit-info prog_array-target fd=60 id=14 type=17 name=sys_enter_init tag=04cfd32a108dadfd jited_len=2524 xlated_len=4552 nr_jited_ksyms=1 ksym0=0xffffffffc04019a0 ksym1=0x0
[48.610466 pid=1940 tid=1954] BPF_MAP_UPDATE_ELEM prog_array name=sys_enter_init_ map_fd=10 map_id=123 key=244 prog_fd=60 prog_id=14 flags=0 ret=0 errno=0
[48.610551 pid=1940 tid=1954] native-loader jit-info prog_array-target fd=60 id=14 type=17 name=sys_enter_init tag=04cfd32a108dadfd jited_len=2524 xlated_len=4552 nr_jited_ksyms=1 ksym0=0xffffffffc04019a0 ksym1=0x0
[48.610642 pid=1940 tid=1954] BPF_MAP_UPDATE_ELEM prog_array name=sys_enter_init_ map_fd=10 map_id=123 key=245 prog_fd=60 prog_id=14 flags=0 ret=0 errno=0
[48.611143 pid=1940 tid=1954] native-loader jit-info prog_array-target fd=60 id=14 type=17 name=sys_enter_init tag=04cfd32a108dadfd jited_len=2524 xlated_len=4552 nr_jited_ksyms=1 ksym0=0xffffffffc04019a0 ksym1=0x0
[48.611559 pid=1940 tid=1954] BPF_MAP_UPDATE_ELEM prog_array name=sys_enter_init_ map_fd=10 map_id=123 key=246 prog_fd=60 prog_id=14 flags=0 ret=0 errno=0
[48.611901 pid=1940 tid=1954] native-loader jit-info prog_array-target fd=60 id=14 type=17 name=sys_enter_init tag=04cfd32a108dadfd jited_len=2524 xlated_len=4552 nr_jited_ksyms=1 ksym0=0xffffffffc04019a0 ksym1=0x0
[48.612168 pid=1940 tid=1954] BPF_MAP_UPDATE_ELEM prog_array name=sys_enter_init_ map_fd=10 map_id=123 key=247 prog_fd=60 prog_id=14 flags=0 ret=0 errno=0
[48.612786 pid=1940 tid=1954] native-loader jit-info prog_array-target fd=60 id=14 type=17 name=sys_enter_init tag=04cfd32a108dadfd jited_len=2524 xlated_len=4552 nr_jited_ksyms=1 ksym0=0xffffffffc04019a0 ksym1=0x0
[48.612911 pid=1940 tid=1954] BPF_MAP_UPDATE_ELEM prog_array name=sys_enter_init_ map_fd=10 map_id=123 key=248 prog_fd=60 prog_id=14 flags=0 ret=0 errno=0
[48.613168 pid=1940 tid=1954] native-loader jit-info prog_array-target fd=60 id=14 type=17 name=sys_enter_init tag=04cfd32a108dadfd jited_len=2524 xlated_len=4552 nr_jited_ksyms=1 ksym0=0xffffffffc04019a0 ksym1=0x0
[48.613555 pid=1940 tid=1954] BPF_MAP_UPDATE_ELEM prog_array name=sys_enter_init_ map_fd=10 map_id=123 key=249 prog_fd=60 prog_id=14 flags=0 ret=0 errno=0
[48.613665 pid=1940 tid=1954] native-loader jit-info prog_array-target fd=60 id=14 type=17 name=sys_enter_init tag=04cfd32a108dadfd jited_len=2524 xlated_len=4552 nr_jited_ksyms=1 ksym0=0xffffffffc04019a0 ksym1=0x0
[48.613766 pid=1940 tid=1954] BPF_MAP_UPDATE_ELEM prog_array name=sys_enter_init_ map_fd=10 map_id=123 key=250 prog_fd=60 prog_id=14 flags=0 ret=0 errno=0
[48.614184 pid=1940 tid=1954] native-loader jit-info prog_array-target fd=60 id=14 type=17 name=sys_enter_init tag=04cfd32a108dadfd jited_len=2524 xlated_len=4552 nr_jited_ksyms=1 ksym0=0xffffffffc04019a0 ksym1=0x0
[48.614813 pid=1940 tid=1954] BPF_MAP_UPDATE_ELEM prog_array name=sys_enter_init_ map_fd=10 map_id=123 key=251 prog_fd=60 prog_id=14 flags=0 ret=0 errno=0
[48.614942 pid=1940 tid=1954] native-loader jit-info prog_array-target fd=60 id=14 type=17 name=sys_enter_init tag=04cfd32a108dadfd jited_len=2524 xlated_len=4552 nr_jited_ksyms=1 ksym0=0xffffffffc04019a0 ksym1=0x0
[48.615211 pid=1940 tid=1954] BPF_MAP_UPDATE_ELEM prog_array name=sys_enter_init_ map_fd=10 map_id=123 key=252 prog_fd=60 prog_id=14 flags=0 ret=0 errno=0
[48.615594 pid=1940 tid=1954] native-loader jit-info prog_array-target fd=60 id=14 type=17 name=sys_enter_init tag=04cfd32a108dadfd jited_len=2524 xlated_len=4552 nr_jited_ksyms=1 ksym0=0xffffffffc04019a0 ksym1=0x0
[48.615714 pid=1940 tid=1954] BPF_MAP_UPDATE_ELEM prog_array name=sys_enter_init_ map_fd=10 map_id=123 key=253 prog_fd=60 prog_id=14 flags=0 ret=0 errno=0
[48.615807 pid=1940 tid=1954] native-loader jit-info prog_array-target fd=60 id=14 type=17 name=sys_enter_init tag=04cfd32a108dadfd jited_len=2524 xlated_len=4552 nr_jited_ksyms=1 ksym0=0xffffffffc04019a0 ksym1=0x0
[48.615898 pid=1940 tid=1954] BPF_MAP_UPDATE_ELEM prog_array name=sys_enter_init_ map_fd=10 map_id=123 key=254 prog_fd=60 prog_id=14 flags=0 ret=0 errno=0
[48.615986 pid=1940 tid=1954] native-loader jit-info prog_array-target fd=60 id=14 type=17 name=sys_enter_init tag=04cfd32a108dadfd jited_len=2524 xlated_len=4552 nr_jited_ksyms=1 ksym0=0xffffffffc04019a0 ksym1=0x0
[48.616076 pid=1940 tid=1954] BPF_MAP_UPDATE_ELEM prog_array name=sys_enter_init_ map_fd=10 map_id=123 key=255 prog_fd=60 prog_id=14 flags=0 ret=0 errno=0
[48.616162 pid=1940 tid=1954] native-loader jit-info prog_array-target fd=60 id=14 type=17 name=sys_enter_init tag=04cfd32a108dadfd jited_len=2524 xlated_len=4552 nr_jited_ksyms=1 ksym0=0xffffffffc04019a0 ksym1=0x0
[48.616253 pid=1940 tid=1954] BPF_MAP_UPDATE_ELEM prog_array name=sys_enter_init_ map_fd=10 map_id=123 key=256 prog_fd=60 prog_id=14 flags=0 ret=0 errno=0
[48.616437 pid=1940 tid=1954] native-loader jit-info prog_array-target fd=60 id=14 type=17 name=sys_enter_init tag=04cfd32a108dadfd jited_len=2524 xlated_len=4552 nr_jited_ksyms=1 ksym0=0xffffffffc04019a0 ksym1=0x0
[48.616526 pid=1940 tid=1954] BPF_MAP_UPDATE_ELEM prog_array name=sys_enter_init_ map_fd=10 map_id=123 key=257 prog_fd=60 prog_id=14 flags=0 ret=0 errno=0
[48.616610 pid=1940 tid=1954] native-loader jit-info prog_array-target fd=60 id=14 type=17 name=sys_enter_init tag=04cfd32a108dadfd jited_len=2524 xlated_len=4552 nr_jited_ksyms=1 ksym0=0xffffffffc04019a0 ksym1=0x0
[48.616702 pid=1940 tid=1954] BPF_MAP_UPDATE_ELEM prog_array name=sys_enter_init_ map_fd=10 map_id=123 key=258 prog_fd=60 prog_id=14 flags=0 ret=0 errno=0
[48.616892 pid=1940 tid=1954] native-loader jit-info prog_array-target fd=60 id=14 type=17 name=sys_enter_init tag=04cfd32a108dadfd jited_len=2524 xlated_len=4552 nr_jited_ksyms=1 ksym0=0xffffffffc04019a0 ksym1=0x0
[48.616983 pid=1940 tid=1954] BPF_MAP_UPDATE_ELEM prog_array name=sys_enter_init_ map_fd=10 map_id=123 key=259 prog_fd=60 prog_id=14 flags=0 ret=0 errno=0
[48.617069 pid=1940 tid=1954] native-loader jit-info prog_array-target fd=60 id=14 type=17 name=sys_enter_init tag=04cfd32a108dadfd jited_len=2524 xlated_len=4552 nr_jited_ksyms=1 ksym0=0xffffffffc04019a0 ksym1=0x0
[48.617160 pid=1940 tid=1954] BPF_MAP_UPDATE_ELEM prog_array name=sys_enter_init_ map_fd=10 map_id=123 key=260 prog_fd=60 prog_id=14 flags=0 ret=0 errno=0
[48.617244 pid=1940 tid=1954] native-loader jit-info prog_array-target fd=60 id=14 type=17 name=sys_enter_init tag=04cfd32a108dadfd jited_len=2524 xlated_len=4552 nr_jited_ksyms=1 ksym0=0xffffffffc04019a0 ksym1=0x0
[48.617334 pid=1940 tid=1954] BPF_MAP_UPDATE_ELEM prog_array name=sys_enter_init_ map_fd=10 map_id=123 key=261 prog_fd=60 prog_id=14 flags=0 ret=0 errno=0
[48.617418 pid=1940 tid=1954] native-loader jit-info prog_array-target fd=60 id=14 type=17 name=sys_enter_init tag=04cfd32a108dadfd jited_len=2524 xlated_len=4552 nr_jited_ksyms=1 ksym0=0xffffffffc04019a0 ksym1=0x0
[48.617508 pid=1940 tid=1954] BPF_MAP_UPDATE_ELEM prog_array name=sys_enter_init_ map_fd=10 map_id=123 key=262 prog_fd=60 prog_id=14 flags=0 ret=0 errno=0
[48.617593 pid=1940 tid=1954] native-loader jit-info prog_array-target fd=60 id=14 type=17 name=sys_enter_init tag=04cfd32a108dadfd jited_len=2524 xlated_len=4552 nr_jited_ksyms=1 ksym0=0xffffffffc04019a0 ksym1=0x0
[48.617746 pid=1940 tid=1954] BPF_MAP_UPDATE_ELEM prog_array name=sys_enter_init_ map_fd=10 map_id=123 key=263 prog_fd=60 prog_id=14 flags=0 ret=0 errno=0
[48.617831 pid=1940 tid=1954] native-loader jit-info prog_array-target fd=60 id=14 type=17 name=sys_enter_init tag=04cfd32a108dadfd jited_len=2524 xlated_len=4552 nr_jited_ksyms=1 ksym0=0xffffffffc04019a0 ksym1=0x0
[48.617922 pid=1940 tid=1954] BPF_MAP_UPDATE_ELEM prog_array name=sys_enter_init_ map_fd=10 map_id=123 key=264 prog_fd=60 prog_id=14 flags=0 ret=0 errno=0
[48.618010 pid=1940 tid=1954] native-loader jit-info prog_array-target fd=60 id=14 type=17 name=sys_enter_init tag=04cfd32a108dadfd jited_len=2524 xlated_len=4552 nr_jited_ksyms=1 ksym0=0xffffffffc04019a0 ksym1=0x0
[48.618100 pid=1940 tid=1954] BPF_MAP_UPDATE_ELEM prog_array name=sys_enter_init_ map_fd=10 map_id=123 key=265 prog_fd=60 prog_id=14 flags=0 ret=0 errno=0
[48.618185 pid=1940 tid=1954] native-loader jit-info prog_array-target fd=60 id=14 type=17 name=sys_enter_init tag=04cfd32a108dadfd jited_len=2524 xlated_len=4552 nr_jited_ksyms=1 ksym0=0xffffffffc04019a0 ksym1=0x0
[48.618276 pid=1940 tid=1954] BPF_MAP_UPDATE_ELEM prog_array name=sys_enter_init_ map_fd=10 map_id=123 key=266 prog_fd=60 prog_id=14 flags=0 ret=0 errno=0
[48.618360 pid=1940 tid=1954] native-loader jit-info prog_array-target fd=60 id=14 type=17 name=sys_enter_init tag=04cfd32a108dadfd jited_len=2524 xlated_len=4552 nr_jited_ksyms=1 ksym0=0xffffffffc04019a0 ksym1=0x0
[48.618451 pid=1940 tid=1954] BPF_MAP_UPDATE_ELEM prog_array name=sys_enter_init_ map_fd=10 map_id=123 key=267 prog_fd=60 prog_id=14 flags=0 ret=0 errno=0
[48.618535 pid=1940 tid=1954] native-loader jit-info prog_array-target fd=60 id=14 type=17 name=sys_enter_init tag=04cfd32a108dadfd jited_len=2524 xlated_len=4552 nr_jited_ksyms=1 ksym0=0xffffffffc04019a0 ksym1=0x0
[48.618626 pid=1940 tid=1954] BPF_MAP_UPDATE_ELEM prog_array name=sys_enter_init_ map_fd=10 map_id=123 key=268 prog_fd=60 prog_id=14 flags=0 ret=0 errno=0
[48.618711 pid=1940 tid=1954] native-loader jit-info prog_array-target fd=60 id=14 type=17 name=sys_enter_init tag=04cfd32a108dadfd jited_len=2524 xlated_len=4552 nr_jited_ksyms=1 ksym0=0xffffffffc04019a0 ksym1=0x0
[48.618801 pid=1940 tid=1954] BPF_MAP_UPDATE_ELEM prog_array name=sys_enter_init_ map_fd=10 map_id=123 key=269 prog_fd=60 prog_id=14 flags=0 ret=0 errno=0
[48.618885 pid=1940 tid=1954] native-loader jit-info prog_array-target fd=60 id=14 type=17 name=sys_enter_init tag=04cfd32a108dadfd jited_len=2524 xlated_len=4552 nr_jited_ksyms=1 ksym0=0xffffffffc04019a0 ksym1=0x0
[48.618977 pid=1940 tid=1954] BPF_MAP_UPDATE_ELEM prog_array name=sys_enter_init_ map_fd=10 map_id=123 key=270 prog_fd=60 prog_id=14 flags=0 ret=0 errno=0
[48.619281 pid=1940 tid=1954] native-loader jit-info prog_array-target fd=60 id=14 type=17 name=sys_enter_init tag=04cfd32a108dadfd jited_len=2524 xlated_len=4552 nr_jited_ksyms=1 ksym0=0xffffffffc04019a0 ksym1=0x0
[48.619384 pid=1940 tid=1954] BPF_MAP_UPDATE_ELEM prog_array name=sys_enter_init_ map_fd=10 map_id=123 key=271 prog_fd=60 prog_id=14 flags=0 ret=0 errno=0
[48.619470 pid=1940 tid=1954] native-loader jit-info prog_array-target fd=60 id=14 type=17 name=sys_enter_init tag=04cfd32a108dadfd jited_len=2524 xlated_len=4552 nr_jited_ksyms=1 ksym0=0xffffffffc04019a0 ksym1=0x0
[48.619562 pid=1940 tid=1954] BPF_MAP_UPDATE_ELEM prog_array name=sys_enter_init_ map_fd=10 map_id=123 key=272 prog_fd=60 prog_id=14 flags=0 ret=0 errno=0
[48.619646 pid=1940 tid=1954] native-loader jit-info prog_array-target fd=60 id=14 type=17 name=sys_enter_init tag=04cfd32a108dadfd jited_len=2524 xlated_len=4552 nr_jited_ksyms=1 ksym0=0xffffffffc04019a0 ksym1=0x0
[48.619738 pid=1940 tid=1954] BPF_MAP_UPDATE_ELEM prog_array name=sys_enter_init_ map_fd=10 map_id=123 key=273 prog_fd=60 prog_id=14 flags=0 ret=0 errno=0
[48.619823 pid=1940 tid=1954] native-loader jit-info prog_array-target fd=60 id=14 type=17 name=sys_enter_init tag=04cfd32a108dadfd jited_len=2524 xlated_len=4552 nr_jited_ksyms=1 ksym0=0xffffffffc04019a0 ksym1=0x0
[48.619915 pid=1940 tid=1954] BPF_MAP_UPDATE_ELEM prog_array name=sys_enter_init_ map_fd=10 map_id=123 key=274 prog_fd=60 prog_id=14 flags=0 ret=0 errno=0
[48.620429 pid=1940 tid=1954] native-loader jit-info prog_array-target fd=60 id=14 type=17 name=sys_enter_init tag=04cfd32a108dadfd jited_len=2524 xlated_len=4552 nr_jited_ksyms=1 ksym0=0xffffffffc04019a0 ksym1=0x0
[48.620799 pid=1940 tid=1954] BPF_MAP_UPDATE_ELEM prog_array name=sys_enter_init_ map_fd=10 map_id=123 key=275 prog_fd=60 prog_id=14 flags=0 ret=0 errno=0
[48.621237 pid=1940 tid=1954] native-loader jit-info prog_array-target fd=60 id=14 type=17 name=sys_enter_init tag=04cfd32a108dadfd jited_len=2524 xlated_len=4552 nr_jited_ksyms=1 ksym0=0xffffffffc04019a0 ksym1=0x0
[48.621652 pid=1940 tid=1954] BPF_MAP_UPDATE_ELEM prog_array name=sys_enter_init_ map_fd=10 map_id=123 key=276 prog_fd=60 prog_id=14 flags=0 ret=0 errno=0
[48.622303 pid=1940 tid=1954] native-loader jit-info prog_array-target fd=60 id=14 type=17 name=sys_enter_init tag=04cfd32a108dadfd jited_len=2524 xlated_len=4552 nr_jited_ksyms=1 ksym0=0xffffffffc04019a0 ksym1=0x0
[48.622726 pid=1940 tid=1954] BPF_MAP_UPDATE_ELEM prog_array name=sys_enter_init_ map_fd=10 map_id=123 key=277 prog_fd=60 prog_id=14 flags=0 ret=0 errno=0
[48.623177 pid=1940 tid=1954] native-loader jit-info prog_array-target fd=60 id=14 type=17 name=sys_enter_init tag=04cfd32a108dadfd jited_len=2524 xlated_len=4552 nr_jited_ksyms=1 ksym0=0xffffffffc04019a0 ksym1=0x0
[48.623594 pid=1940 tid=1954] BPF_MAP_UPDATE_ELEM prog_array name=sys_enter_init_ map_fd=10 map_id=123 key=278 prog_fd=60 prog_id=14 flags=0 ret=0 errno=0
[48.623734 pid=1940 tid=1954] native-loader jit-info prog_array-target fd=60 id=14 type=17 name=sys_enter_init tag=04cfd32a108dadfd jited_len=2524 xlated_len=4552 nr_jited_ksyms=1 ksym0=0xffffffffc04019a0 ksym1=0x0
[48.623886 pid=1940 tid=1954] BPF_MAP_UPDATE_ELEM prog_array name=sys_enter_init_ map_fd=10 map_id=123 key=279 prog_fd=60 prog_id=14 flags=0 ret=0 errno=0
[48.624462 pid=1940 tid=1954] native-loader jit-info prog_array-target fd=60 id=14 type=17 name=sys_enter_init tag=04cfd32a108dadfd jited_len=2524 xlated_len=4552 nr_jited_ksyms=1 ksym0=0xffffffffc04019a0 ksym1=0x0
[48.624956 pid=1940 tid=1954] BPF_MAP_UPDATE_ELEM prog_array name=sys_enter_init_ map_fd=10 map_id=123 key=280 prog_fd=60 prog_id=14 flags=0 ret=0 errno=0
[48.625318 pid=1940 tid=1954] native-loader jit-info prog_array-target fd=60 id=14 type=17 name=sys_enter_init tag=04cfd32a108dadfd jited_len=2524 xlated_len=4552 nr_jited_ksyms=1 ksym0=0xffffffffc04019a0 ksym1=0x0
[48.625580 pid=1940 tid=1954] BPF_MAP_UPDATE_ELEM prog_array name=sys_enter_init_ map_fd=10 map_id=123 key=281 prog_fd=60 prog_id=14 flags=0 ret=0 errno=0
[48.625719 pid=1940 tid=1954] native-loader jit-info prog_array-target fd=60 id=14 type=17 name=sys_enter_init tag=04cfd32a108dadfd jited_len=2524 xlated_len=4552 nr_jited_ksyms=1 ksym0=0xffffffffc04019a0 ksym1=0x0
[48.625843 pid=1940 tid=1954] BPF_MAP_UPDATE_ELEM prog_array name=sys_enter_init_ map_fd=10 map_id=123 key=282 prog_fd=60 prog_id=14 flags=0 ret=0 errno=0
[48.625944 pid=1940 tid=1954] native-loader jit-info prog_array-target fd=60 id=14 type=17 name=sys_enter_init tag=04cfd32a108dadfd jited_len=2524 xlated_len=4552 nr_jited_ksyms=1 ksym0=0xffffffffc04019a0 ksym1=0x0
[48.626032 pid=1940 tid=1954] BPF_MAP_UPDATE_ELEM prog_array name=sys_enter_init_ map_fd=10 map_id=123 key=283 prog_fd=60 prog_id=14 flags=0 ret=0 errno=0
[48.626116 pid=1940 tid=1954] native-loader jit-info prog_array-target fd=60 id=14 type=17 name=sys_enter_init tag=04cfd32a108dadfd jited_len=2524 xlated_len=4552 nr_jited_ksyms=1 ksym0=0xffffffffc04019a0 ksym1=0x0
[48.626207 pid=1940 tid=1954] BPF_MAP_UPDATE_ELEM prog_array name=sys_enter_init_ map_fd=10 map_id=123 key=284 prog_fd=60 prog_id=14 flags=0 ret=0 errno=0
[48.626291 pid=1940 tid=1954] native-loader jit-info prog_array-target fd=60 id=14 type=17 name=sys_enter_init tag=04cfd32a108dadfd jited_len=2524 xlated_len=4552 nr_jited_ksyms=1 ksym0=0xffffffffc04019a0 ksym1=0x0
[48.626390 pid=1940 tid=1954] BPF_MAP_UPDATE_ELEM prog_array name=sys_enter_init_ map_fd=10 map_id=123 key=285 prog_fd=60 prog_id=14 flags=0 ret=0 errno=0
[48.626469 pid=1940 tid=1954] native-loader jit-info prog_array-target fd=60 id=14 type=17 name=sys_enter_init tag=04cfd32a108dadfd jited_len=2524 xlated_len=4552 nr_jited_ksyms=1 ksym0=0xffffffffc04019a0 ksym1=0x0
[48.626561 pid=1940 tid=1954] BPF_MAP_UPDATE_ELEM prog_array name=sys_enter_init_ map_fd=10 map_id=123 key=286 prog_fd=60 prog_id=14 flags=0 ret=0 errno=0
[48.626648 pid=1940 tid=1954] native-loader jit-info prog_array-target fd=60 id=14 type=17 name=sys_enter_init tag=04cfd32a108dadfd jited_len=2524 xlated_len=4552 nr_jited_ksyms=1 ksym0=0xffffffffc04019a0 ksym1=0x0
[48.626739 pid=1940 tid=1954] BPF_MAP_UPDATE_ELEM prog_array name=sys_enter_init_ map_fd=10 map_id=123 key=287 prog_fd=60 prog_id=14 flags=0 ret=0 errno=0
[48.626824 pid=1940 tid=1954] native-loader jit-info prog_array-target fd=60 id=14 type=17 name=sys_enter_init tag=04cfd32a108dadfd jited_len=2524 xlated_len=4552 nr_jited_ksyms=1 ksym0=0xffffffffc04019a0 ksym1=0x0
[48.626916 pid=1940 tid=1954] BPF_MAP_UPDATE_ELEM prog_array name=sys_enter_init_ map_fd=10 map_id=123 key=288 prog_fd=60 prog_id=14 flags=0 ret=0 errno=0
[48.627051 pid=1940 tid=1954] native-loader jit-info prog_array-target fd=60 id=14 type=17 name=sys_enter_init tag=04cfd32a108dadfd jited_len=2524 xlated_len=4552 nr_jited_ksyms=1 ksym0=0xffffffffc04019a0 ksym1=0x0
[48.627141 pid=1940 tid=1954] BPF_MAP_UPDATE_ELEM prog_array name=sys_enter_init_ map_fd=10 map_id=123 key=289 prog_fd=60 prog_id=14 flags=0 ret=0 errno=0
[48.627226 pid=1940 tid=1954] native-loader jit-info prog_array-target fd=60 id=14 type=17 name=sys_enter_init tag=04cfd32a108dadfd jited_len=2524 xlated_len=4552 nr_jited_ksyms=1 ksym0=0xffffffffc04019a0 ksym1=0x0
[48.627317 pid=1940 tid=1954] BPF_MAP_UPDATE_ELEM prog_array name=sys_enter_init_ map_fd=10 map_id=123 key=290 prog_fd=60 prog_id=14 flags=0 ret=0 errno=0
[48.627403 pid=1940 tid=1954] native-loader jit-info prog_array-target fd=60 id=14 type=17 name=sys_enter_init tag=04cfd32a108dadfd jited_len=2524 xlated_len=4552 nr_jited_ksyms=1 ksym0=0xffffffffc04019a0 ksym1=0x0
[48.627495 pid=1940 tid=1954] BPF_MAP_UPDATE_ELEM prog_array name=sys_enter_init_ map_fd=10 map_id=123 key=291 prog_fd=60 prog_id=14 flags=0 ret=0 errno=0
[48.627580 pid=1940 tid=1954] native-loader jit-info prog_array-target fd=60 id=14 type=17 name=sys_enter_init tag=04cfd32a108dadfd jited_len=2524 xlated_len=4552 nr_jited_ksyms=1 ksym0=0xffffffffc04019a0 ksym1=0x0
[48.627794 pid=1940 tid=1954] BPF_MAP_UPDATE_ELEM prog_array name=sys_enter_init_ map_fd=10 map_id=123 key=293 prog_fd=60 prog_id=14 flags=0 ret=0 errno=0
[48.627876 pid=1940 tid=1954] native-loader jit-info prog_array-target fd=60 id=14 type=17 name=sys_enter_init tag=04cfd32a108dadfd jited_len=2524 xlated_len=4552 nr_jited_ksyms=1 ksym0=0xffffffffc04019a0 ksym1=0x0
[48.627972 pid=1940 tid=1954] BPF_MAP_UPDATE_ELEM prog_array name=sys_enter_init_ map_fd=10 map_id=123 key=294 prog_fd=60 prog_id=14 flags=0 ret=0 errno=0
[48.628057 pid=1940 tid=1954] native-loader jit-info prog_array-target fd=60 id=14 type=17 name=sys_enter_init tag=04cfd32a108dadfd jited_len=2524 xlated_len=4552 nr_jited_ksyms=1 ksym0=0xffffffffc04019a0 ksym1=0x0
[48.628149 pid=1940 tid=1954] BPF_MAP_UPDATE_ELEM prog_array name=sys_enter_init_ map_fd=10 map_id=123 key=295 prog_fd=60 prog_id=14 flags=0 ret=0 errno=0
[48.628233 pid=1940 tid=1954] native-loader jit-info prog_array-target fd=60 id=14 type=17 name=sys_enter_init tag=04cfd32a108dadfd jited_len=2524 xlated_len=4552 nr_jited_ksyms=1 ksym0=0xffffffffc04019a0 ksym1=0x0
[48.628325 pid=1940 tid=1954] BPF_MAP_UPDATE_ELEM prog_array name=sys_enter_init_ map_fd=10 map_id=123 key=296 prog_fd=60 prog_id=14 flags=0 ret=0 errno=0
[48.628409 pid=1940 tid=1954] native-loader jit-info prog_array-target fd=60 id=14 type=17 name=sys_enter_init tag=04cfd32a108dadfd jited_len=2524 xlated_len=4552 nr_jited_ksyms=1 ksym0=0xffffffffc04019a0 ksym1=0x0
[48.628501 pid=1940 tid=1954] BPF_MAP_UPDATE_ELEM prog_array name=sys_enter_init_ map_fd=10 map_id=123 key=297 prog_fd=60 prog_id=14 flags=0 ret=0 errno=0
[48.628659 pid=1940 tid=1954] native-loader jit-info prog_array-target fd=60 id=14 type=17 name=sys_enter_init tag=04cfd32a108dadfd jited_len=2524 xlated_len=4552 nr_jited_ksyms=1 ksym0=0xffffffffc04019a0 ksym1=0x0
[48.628750 pid=1940 tid=1954] BPF_MAP_UPDATE_ELEM prog_array name=sys_enter_init_ map_fd=10 map_id=123 key=298 prog_fd=60 prog_id=14 flags=0 ret=0 errno=0
[48.628835 pid=1940 tid=1954] native-loader jit-info prog_array-target fd=60 id=14 type=17 name=sys_enter_init tag=04cfd32a108dadfd jited_len=2524 xlated_len=4552 nr_jited_ksyms=1 ksym0=0xffffffffc04019a0 ksym1=0x0
[48.628927 pid=1940 tid=1954] BPF_MAP_UPDATE_ELEM prog_array name=sys_enter_init_ map_fd=10 map_id=123 key=299 prog_fd=60 prog_id=14 flags=0 ret=0 errno=0
[48.629014 pid=1940 tid=1954] native-loader jit-info prog_array-target fd=60 id=14 type=17 name=sys_enter_init tag=04cfd32a108dadfd jited_len=2524 xlated_len=4552 nr_jited_ksyms=1 ksym0=0xffffffffc04019a0 ksym1=0x0
[48.629106 pid=1940 tid=1954] BPF_MAP_UPDATE_ELEM prog_array name=sys_enter_init_ map_fd=10 map_id=123 key=300 prog_fd=60 prog_id=14 flags=0 ret=0 errno=0
[48.629198 pid=1940 tid=1954] native-loader jit-info prog_array-target fd=60 id=14 type=17 name=sys_enter_init tag=04cfd32a108dadfd jited_len=2524 xlated_len=4552 nr_jited_ksyms=1 ksym0=0xffffffffc04019a0 ksym1=0x0
[48.629289 pid=1940 tid=1954] BPF_MAP_UPDATE_ELEM prog_array name=sys_enter_init_ map_fd=10 map_id=123 key=301 prog_fd=60 prog_id=14 flags=0 ret=0 errno=0
[48.629468 pid=1940 tid=1954] native-loader jit-info prog_array-target fd=60 id=14 type=17 name=sys_enter_init tag=04cfd32a108dadfd jited_len=2524 xlated_len=4552 nr_jited_ksyms=1 ksym0=0xffffffffc04019a0 ksym1=0x0
[48.629559 pid=1940 tid=1954] BPF_MAP_UPDATE_ELEM prog_array name=sys_enter_init_ map_fd=10 map_id=123 key=302 prog_fd=60 prog_id=14 flags=0 ret=0 errno=0
[48.629643 pid=1940 tid=1954] native-loader jit-info prog_array-target fd=60 id=14 type=17 name=sys_enter_init tag=04cfd32a108dadfd jited_len=2524 xlated_len=4552 nr_jited_ksyms=1 ksym0=0xffffffffc04019a0 ksym1=0x0
[48.629735 pid=1940 tid=1954] BPF_MAP_UPDATE_ELEM prog_array name=sys_enter_init_ map_fd=10 map_id=123 key=303 prog_fd=60 prog_id=14 flags=0 ret=0 errno=0
[48.629819 pid=1940 tid=1954] native-loader jit-info prog_array-target fd=60 id=14 type=17 name=sys_enter_init tag=04cfd32a108dadfd jited_len=2524 xlated_len=4552 nr_jited_ksyms=1 ksym0=0xffffffffc04019a0 ksym1=0x0
[48.629911 pid=1940 tid=1954] BPF_MAP_UPDATE_ELEM prog_array name=sys_enter_init_ map_fd=10 map_id=123 key=304 prog_fd=60 prog_id=14 flags=0 ret=0 errno=0
[48.630121 pid=1940 tid=1954] native-loader jit-info prog_array-target fd=60 id=14 type=17 name=sys_enter_init tag=04cfd32a108dadfd jited_len=2524 xlated_len=4552 nr_jited_ksyms=1 ksym0=0xffffffffc04019a0 ksym1=0x0
[48.630214 pid=1940 tid=1954] BPF_MAP_UPDATE_ELEM prog_array name=sys_enter_init_ map_fd=10 map_id=123 key=305 prog_fd=60 prog_id=14 flags=0 ret=0 errno=0
[48.630445 pid=1940 tid=1954] native-loader jit-info prog_array-target fd=60 id=14 type=17 name=sys_enter_init tag=04cfd32a108dadfd jited_len=2524 xlated_len=4552 nr_jited_ksyms=1 ksym0=0xffffffffc04019a0 ksym1=0x0
[48.630537 pid=1940 tid=1954] BPF_MAP_UPDATE_ELEM prog_array name=sys_enter_init_ map_fd=10 map_id=123 key=306 prog_fd=60 prog_id=14 flags=0 ret=0 errno=0
[48.630868 pid=1940 tid=1954] native-loader jit-info prog_array-target fd=60 id=14 type=17 name=sys_enter_init tag=04cfd32a108dadfd jited_len=2524 xlated_len=4552 nr_jited_ksyms=1 ksym0=0xffffffffc04019a0 ksym1=0x0
[48.630981 pid=1940 tid=1954] BPF_MAP_UPDATE_ELEM prog_array name=sys_enter_init_ map_fd=10 map_id=123 key=307 prog_fd=60 prog_id=14 flags=0 ret=0 errno=0
[48.631063 pid=1940 tid=1954] native-loader jit-info prog_array-target fd=60 id=14 type=17 name=sys_enter_init tag=04cfd32a108dadfd jited_len=2524 xlated_len=4552 nr_jited_ksyms=1 ksym0=0xffffffffc04019a0 ksym1=0x0
[48.631155 pid=1940 tid=1954] BPF_MAP_UPDATE_ELEM prog_array name=sys_enter_init_ map_fd=10 map_id=123 key=308 prog_fd=60 prog_id=14 flags=0 ret=0 errno=0
[48.631240 pid=1940 tid=1954] native-loader jit-info prog_array-target fd=60 id=14 type=17 name=sys_enter_init tag=04cfd32a108dadfd jited_len=2524 xlated_len=4552 nr_jited_ksyms=1 ksym0=0xffffffffc04019a0 ksym1=0x0
[48.631598 pid=1940 tid=1954] BPF_MAP_UPDATE_ELEM prog_array name=sys_enter_init_ map_fd=10 map_id=123 key=309 prog_fd=60 prog_id=14 flags=0 ret=0 errno=0
[48.631959 pid=1940 tid=1954] native-loader jit-info prog_array-target fd=60 id=14 type=17 name=sys_enter_init tag=04cfd32a108dadfd jited_len=2524 xlated_len=4552 nr_jited_ksyms=1 ksym0=0xffffffffc04019a0 ksym1=0x0
[48.632090 pid=1940 tid=1954] BPF_MAP_UPDATE_ELEM prog_array name=sys_enter_init_ map_fd=10 map_id=123 key=310 prog_fd=60 prog_id=14 flags=0 ret=0 errno=0
[48.632266 pid=1940 tid=1954] native-loader jit-info prog_array-target fd=60 id=14 type=17 name=sys_enter_init tag=04cfd32a108dadfd jited_len=2524 xlated_len=4552 nr_jited_ksyms=1 ksym0=0xffffffffc04019a0 ksym1=0x0
[48.632454 pid=1940 tid=1954] BPF_MAP_UPDATE_ELEM prog_array name=sys_enter_init_ map_fd=10 map_id=123 key=312 prog_fd=60 prog_id=14 flags=0 ret=0 errno=0
[48.632542 pid=1940 tid=1954] native-loader jit-info prog_array-target fd=60 id=14 type=17 name=sys_enter_init tag=04cfd32a108dadfd jited_len=2524 xlated_len=4552 nr_jited_ksyms=1 ksym0=0xffffffffc04019a0 ksym1=0x0
[48.632633 pid=1940 tid=1954] BPF_MAP_UPDATE_ELEM prog_array name=sys_enter_init_ map_fd=10 map_id=123 key=313 prog_fd=60 prog_id=14 flags=0 ret=0 errno=0
[48.632718 pid=1940 tid=1954] native-loader jit-info prog_array-target fd=60 id=14 type=17 name=sys_enter_init tag=04cfd32a108dadfd jited_len=2524 xlated_len=4552 nr_jited_ksyms=1 ksym0=0xffffffffc04019a0 ksym1=0x0
[48.632809 pid=1940 tid=1954] BPF_MAP_UPDATE_ELEM prog_array name=sys_enter_init_ map_fd=10 map_id=123 key=314 prog_fd=60 prog_id=14 flags=0 ret=0 errno=0
[48.632894 pid=1940 tid=1954] native-loader jit-info prog_array-target fd=60 id=14 type=17 name=sys_enter_init tag=04cfd32a108dadfd jited_len=2524 xlated_len=4552 nr_jited_ksyms=1 ksym0=0xffffffffc04019a0 ksym1=0x0
[48.632989 pid=1940 tid=1954] BPF_MAP_UPDATE_ELEM prog_array name=sys_enter_init_ map_fd=10 map_id=123 key=315 prog_fd=60 prog_id=14 flags=0 ret=0 errno=0
[48.633075 pid=1940 tid=1954] native-loader jit-info prog_array-target fd=60 id=14 type=17 name=sys_enter_init tag=04cfd32a108dadfd jited_len=2524 xlated_len=4552 nr_jited_ksyms=1 ksym0=0xffffffffc04019a0 ksym1=0x0
[48.633166 pid=1940 tid=1954] BPF_MAP_UPDATE_ELEM prog_array name=sys_enter_init_ map_fd=10 map_id=123 key=316 prog_fd=60 prog_id=14 flags=0 ret=0 errno=0
[48.633252 pid=1940 tid=1954] native-loader jit-info prog_array-target fd=60 id=14 type=17 name=sys_enter_init tag=04cfd32a108dadfd jited_len=2524 xlated_len=4552 nr_jited_ksyms=1 ksym0=0xffffffffc04019a0 ksym1=0x0
[48.633345 pid=1940 tid=1954] BPF_MAP_UPDATE_ELEM prog_array name=sys_enter_init_ map_fd=10 map_id=123 key=317 prog_fd=60 prog_id=14 flags=0 ret=0 errno=0
[48.633430 pid=1940 tid=1954] native-loader jit-info prog_array-target fd=60 id=14 type=17 name=sys_enter_init tag=04cfd32a108dadfd jited_len=2524 xlated_len=4552 nr_jited_ksyms=1 ksym0=0xffffffffc04019a0 ksym1=0x0
[48.633521 pid=1940 tid=1954] BPF_MAP_UPDATE_ELEM prog_array name=sys_enter_init_ map_fd=10 map_id=123 key=318 prog_fd=60 prog_id=14 flags=0 ret=0 errno=0
[48.633606 pid=1940 tid=1954] native-loader jit-info prog_array-target fd=60 id=14 type=17 name=sys_enter_init tag=04cfd32a108dadfd jited_len=2524 xlated_len=4552 nr_jited_ksyms=1 ksym0=0xffffffffc04019a0 ksym1=0x0
[48.633698 pid=1940 tid=1954] BPF_MAP_UPDATE_ELEM prog_array name=sys_enter_init_ map_fd=10 map_id=123 key=319 prog_fd=60 prog_id=14 flags=0 ret=0 errno=0
[48.633855 pid=1940 tid=1954] native-loader jit-info prog_array-target fd=60 id=14 type=17 name=sys_enter_init tag=04cfd32a108dadfd jited_len=2524 xlated_len=4552 nr_jited_ksyms=1 ksym0=0xffffffffc04019a0 ksym1=0x0
[48.633951 pid=1940 tid=1954] BPF_MAP_UPDATE_ELEM prog_array name=sys_enter_init_ map_fd=10 map_id=123 key=320 prog_fd=60 prog_id=14 flags=0 ret=0 errno=0
[48.634036 pid=1940 tid=1954] native-loader jit-info prog_array-target fd=60 id=14 type=17 name=sys_enter_init tag=04cfd32a108dadfd jited_len=2524 xlated_len=4552 nr_jited_ksyms=1 ksym0=0xffffffffc04019a0 ksym1=0x0
[48.634128 pid=1940 tid=1954] BPF_MAP_UPDATE_ELEM prog_array name=sys_enter_init_ map_fd=10 map_id=123 key=321 prog_fd=60 prog_id=14 flags=0 ret=0 errno=0
[48.634214 pid=1940 tid=1954] native-loader jit-info prog_array-target fd=60 id=14 type=17 name=sys_enter_init tag=04cfd32a108dadfd jited_len=2524 xlated_len=4552 nr_jited_ksyms=1 ksym0=0xffffffffc04019a0 ksym1=0x0
[48.634306 pid=1940 tid=1954] BPF_MAP_UPDATE_ELEM prog_array name=sys_enter_init_ map_fd=10 map_id=123 key=322 prog_fd=60 prog_id=14 flags=0 ret=0 errno=0
[48.634391 pid=1940 tid=1954] native-loader jit-info prog_array-target fd=60 id=14 type=17 name=sys_enter_init tag=04cfd32a108dadfd jited_len=2524 xlated_len=4552 nr_jited_ksyms=1 ksym0=0xffffffffc04019a0 ksym1=0x0
[48.634694 pid=1940 tid=1954] BPF_MAP_UPDATE_ELEM prog_array name=sys_enter_init_ map_fd=10 map_id=123 key=323 prog_fd=60 prog_id=14 flags=0 ret=0 errno=0
[48.634789 pid=1940 tid=1954] native-loader jit-info prog_array-target fd=60 id=14 type=17 name=sys_enter_init tag=04cfd32a108dadfd jited_len=2524 xlated_len=4552 nr_jited_ksyms=1 ksym0=0xffffffffc04019a0 ksym1=0x0
[48.634882 pid=1940 tid=1954] BPF_MAP_UPDATE_ELEM prog_array name=sys_enter_init_ map_fd=10 map_id=123 key=324 prog_fd=60 prog_id=14 flags=0 ret=0 errno=0
[48.634973 pid=1940 tid=1954] native-loader jit-info prog_array-target fd=60 id=14 type=17 name=sys_enter_init tag=04cfd32a108dadfd jited_len=2524 xlated_len=4552 nr_jited_ksyms=1 ksym0=0xffffffffc04019a0 ksym1=0x0
[48.635066 pid=1940 tid=1954] BPF_MAP_UPDATE_ELEM prog_array name=sys_enter_init_ map_fd=10 map_id=123 key=325 prog_fd=60 prog_id=14 flags=0 ret=0 errno=0
[48.635152 pid=1940 tid=1954] native-loader jit-info prog_array-target fd=60 id=14 type=17 name=sys_enter_init tag=04cfd32a108dadfd jited_len=2524 xlated_len=4552 nr_jited_ksyms=1 ksym0=0xffffffffc04019a0 ksym1=0x0
[48.635243 pid=1940 tid=1954] BPF_MAP_UPDATE_ELEM prog_array name=sys_enter_init_ map_fd=10 map_id=123 key=326 prog_fd=60 prog_id=14 flags=0 ret=0 errno=0
[48.635328 pid=1940 tid=1954] native-loader jit-info prog_array-target fd=60 id=14 type=17 name=sys_enter_init tag=04cfd32a108dadfd jited_len=2524 xlated_len=4552 nr_jited_ksyms=1 ksym0=0xffffffffc04019a0 ksym1=0x0
[48.635421 pid=1940 tid=1954] BPF_MAP_UPDATE_ELEM prog_array name=sys_enter_init_ map_fd=10 map_id=123 key=327 prog_fd=60 prog_id=14 flags=0 ret=0 errno=0
[48.635761 pid=1940 tid=1954] native-loader jit-info prog_array-target fd=60 id=14 type=17 name=sys_enter_init tag=04cfd32a108dadfd jited_len=2524 xlated_len=4552 nr_jited_ksyms=1 ksym0=0xffffffffc04019a0 ksym1=0x0
[48.635879 pid=1940 tid=1954] BPF_MAP_UPDATE_ELEM prog_array name=sys_enter_init_ map_fd=10 map_id=123 key=328 prog_fd=60 prog_id=14 flags=0 ret=0 errno=0
[48.635973 pid=1940 tid=1954] native-loader jit-info prog_array-target fd=60 id=14 type=17 name=sys_enter_init tag=04cfd32a108dadfd jited_len=2524 xlated_len=4552 nr_jited_ksyms=1 ksym0=0xffffffffc04019a0 ksym1=0x0
[48.636064 pid=1940 tid=1954] BPF_MAP_UPDATE_ELEM prog_array name=sys_enter_init_ map_fd=10 map_id=123 key=329 prog_fd=60 prog_id=14 flags=0 ret=0 errno=0
[48.636148 pid=1940 tid=1954] native-loader jit-info prog_array-target fd=60 id=14 type=17 name=sys_enter_init tag=04cfd32a108dadfd jited_len=2524 xlated_len=4552 nr_jited_ksyms=1 ksym0=0xffffffffc04019a0 ksym1=0x0
[48.636240 pid=1940 tid=1954] BPF_MAP_UPDATE_ELEM prog_array name=sys_enter_init_ map_fd=10 map_id=123 key=330 prog_fd=60 prog_id=14 flags=0 ret=0 errno=0
[48.636678 pid=1940 tid=1954] native-loader jit-info prog_array-target fd=60 id=14 type=17 name=sys_enter_init tag=04cfd32a108dadfd jited_len=2524 xlated_len=4552 nr_jited_ksyms=1 ksym0=0xffffffffc04019a0 ksym1=0x0
[48.636800 pid=1940 tid=1954] BPF_MAP_UPDATE_ELEM prog_array name=sys_enter_init_ map_fd=10 map_id=123 key=331 prog_fd=60 prog_id=14 flags=0 ret=0 errno=0
[48.637300 pid=1940 tid=1954] native-loader jit-info prog_array-target fd=60 id=14 type=17 name=sys_enter_init tag=04cfd32a108dadfd jited_len=2524 xlated_len=4552 nr_jited_ksyms=1 ksym0=0xffffffffc04019a0 ksym1=0x0
[48.637765 pid=1940 tid=1954] BPF_MAP_UPDATE_ELEM prog_array name=sys_enter_init_ map_fd=10 map_id=123 key=332 prog_fd=60 prog_id=14 flags=0 ret=0 errno=0
[48.638199 pid=1940 tid=1954] native-loader jit-info prog_array-target fd=60 id=14 type=17 name=sys_enter_init tag=04cfd32a108dadfd jited_len=2524 xlated_len=4552 nr_jited_ksyms=1 ksym0=0xffffffffc04019a0 ksym1=0x0
[48.638592 pid=1940 tid=1954] BPF_MAP_UPDATE_ELEM prog_array name=sys_enter_init_ map_fd=10 map_id=123 key=333 prog_fd=60 prog_id=14 flags=0 ret=0 errno=0
[48.638896 pid=1940 tid=1954] native-loader jit-info prog_array-target fd=60 id=14 type=17 name=sys_enter_init tag=04cfd32a108dadfd jited_len=2524 xlated_len=4552 nr_jited_ksyms=1 ksym0=0xffffffffc04019a0 ksym1=0x0
[48.639002 pid=1940 tid=1954] BPF_MAP_UPDATE_ELEM prog_array name=sys_enter_init_ map_fd=10 map_id=123 key=334 prog_fd=60 prog_id=14 flags=0 ret=0 errno=0
[48.639515 pid=1940 tid=1954] native-loader jit-info prog_array-target fd=60 id=14 type=17 name=sys_enter_init tag=04cfd32a108dadfd jited_len=2524 xlated_len=4552 nr_jited_ksyms=1 ksym0=0xffffffffc04019a0 ksym1=0x0
[48.639642 pid=1940 tid=1954] BPF_MAP_UPDATE_ELEM prog_array name=sys_enter_init_ map_fd=10 map_id=123 key=424 prog_fd=60 prog_id=14 flags=0 ret=0 errno=0
[48.639790 pid=1940 tid=1954] native-loader jit-info prog_array-target fd=60 id=14 type=17 name=sys_enter_init tag=04cfd32a108dadfd jited_len=2524 xlated_len=4552 nr_jited_ksyms=1 ksym0=0xffffffffc04019a0 ksym1=0x0
[48.639880 pid=1940 tid=1954] BPF_MAP_UPDATE_ELEM prog_array name=sys_enter_init_ map_fd=10 map_id=123 key=425 prog_fd=60 prog_id=14 flags=0 ret=0 errno=0
[48.639968 pid=1940 tid=1954] native-loader jit-info prog_array-target fd=60 id=14 type=17 name=sys_enter_init tag=04cfd32a108dadfd jited_len=2524 xlated_len=4552 nr_jited_ksyms=1 ksym0=0xffffffffc04019a0 ksym1=0x0
[48.640058 pid=1940 tid=1954] BPF_MAP_UPDATE_ELEM prog_array name=sys_enter_init_ map_fd=10 map_id=123 key=426 prog_fd=60 prog_id=14 flags=0 ret=0 errno=0
[48.640142 pid=1940 tid=1954] native-loader jit-info prog_array-target fd=60 id=14 type=17 name=sys_enter_init tag=04cfd32a108dadfd jited_len=2524 xlated_len=4552 nr_jited_ksyms=1 ksym0=0xffffffffc04019a0 ksym1=0x0
[48.640233 pid=1940 tid=1954] BPF_MAP_UPDATE_ELEM prog_array name=sys_enter_init_ map_fd=10 map_id=123 key=427 prog_fd=60 prog_id=14 flags=0 ret=0 errno=0
[48.640317 pid=1940 tid=1954] native-loader jit-info prog_array-target fd=60 id=14 type=17 name=sys_enter_init tag=04cfd32a108dadfd jited_len=2524 xlated_len=4552 nr_jited_ksyms=1 ksym0=0xffffffffc04019a0 ksym1=0x0
[48.640465 pid=1940 tid=1954] BPF_MAP_UPDATE_ELEM prog_array name=sys_enter_init_ map_fd=10 map_id=123 key=428 prog_fd=60 prog_id=14 flags=0 ret=0 errno=0
[48.640628 pid=1940 tid=1954] native-loader jit-info prog_array-target fd=60 id=14 type=17 name=sys_enter_init tag=04cfd32a108dadfd jited_len=2524 xlated_len=4552 nr_jited_ksyms=1 ksym0=0xffffffffc04019a0 ksym1=0x0
[48.640720 pid=1940 tid=1954] BPF_MAP_UPDATE_ELEM prog_array name=sys_enter_init_ map_fd=10 map_id=123 key=429 prog_fd=60 prog_id=14 flags=0 ret=0 errno=0
[48.640805 pid=1940 tid=1954] native-loader jit-info prog_array-target fd=60 id=14 type=17 name=sys_enter_init tag=04cfd32a108dadfd jited_len=2524 xlated_len=4552 nr_jited_ksyms=1 ksym0=0xffffffffc04019a0 ksym1=0x0
[48.640955 pid=1940 tid=1954] BPF_MAP_UPDATE_ELEM prog_array name=sys_enter_init_ map_fd=10 map_id=123 key=430 prog_fd=60 prog_id=14 flags=0 ret=0 errno=0
[48.641052 pid=1940 tid=1954] native-loader jit-info prog_array-target fd=60 id=14 type=17 name=sys_enter_init tag=04cfd32a108dadfd jited_len=2524 xlated_len=4552 nr_jited_ksyms=1 ksym0=0xffffffffc04019a0 ksym1=0x0
[48.641157 pid=1940 tid=1954] BPF_MAP_UPDATE_ELEM prog_array name=sys_enter_init_ map_fd=10 map_id=123 key=431 prog_fd=60 prog_id=14 flags=0 ret=0 errno=0
[48.641254 pid=1940 tid=1954] native-loader jit-info prog_array-target fd=60 id=14 type=17 name=sys_enter_init tag=04cfd32a108dadfd jited_len=2524 xlated_len=4552 nr_jited_ksyms=1 ksym0=0xffffffffc04019a0 ksym1=0x0
[48.641350 pid=1940 tid=1954] BPF_MAP_UPDATE_ELEM prog_array name=sys_enter_init_ map_fd=10 map_id=123 key=432 prog_fd=60 prog_id=14 flags=0 ret=0 errno=0
[48.641435 pid=1940 tid=1954] native-loader jit-info prog_array-target fd=60 id=14 type=17 name=sys_enter_init tag=04cfd32a108dadfd jited_len=2524 xlated_len=4552 nr_jited_ksyms=1 ksym0=0xffffffffc04019a0 ksym1=0x0
[48.641526 pid=1940 tid=1954] BPF_MAP_UPDATE_ELEM prog_array name=sys_enter_init_ map_fd=10 map_id=123 key=433 prog_fd=60 prog_id=14 flags=0 ret=0 errno=0
[48.641611 pid=1940 tid=1954] native-loader jit-info prog_array-target fd=60 id=14 type=17 name=sys_enter_init tag=04cfd32a108dadfd jited_len=2524 xlated_len=4552 nr_jited_ksyms=1 ksym0=0xffffffffc04019a0 ksym1=0x0
[48.641703 pid=1940 tid=1954] BPF_MAP_UPDATE_ELEM prog_array name=sys_enter_init_ map_fd=10 map_id=123 key=434 prog_fd=60 prog_id=14 flags=0 ret=0 errno=0
[48.641788 pid=1940 tid=1954] native-loader jit-info prog_array-target fd=60 id=14 type=17 name=sys_enter_init tag=04cfd32a108dadfd jited_len=2524 xlated_len=4552 nr_jited_ksyms=1 ksym0=0xffffffffc04019a0 ksym1=0x0
[48.641880 pid=1940 tid=1954] BPF_MAP_UPDATE_ELEM prog_array name=sys_enter_init_ map_fd=10 map_id=123 key=435 prog_fd=60 prog_id=14 flags=0 ret=0 errno=0
[48.641965 pid=1940 tid=1954] native-loader jit-info prog_array-target fd=60 id=14 type=17 name=sys_enter_init tag=04cfd32a108dadfd jited_len=2524 xlated_len=4552 nr_jited_ksyms=1 ksym0=0xffffffffc04019a0 ksym1=0x0
[48.642057 pid=1940 tid=1954] BPF_MAP_UPDATE_ELEM prog_array name=sys_enter_init_ map_fd=10 map_id=123 key=436 prog_fd=60 prog_id=14 flags=0 ret=0 errno=0
[48.642144 pid=1940 tid=1954] native-loader jit-info prog_array-target fd=60 id=14 type=17 name=sys_enter_init tag=04cfd32a108dadfd jited_len=2524 xlated_len=4552 nr_jited_ksyms=1 ksym0=0xffffffffc04019a0 ksym1=0x0
[48.642237 pid=1940 tid=1954] BPF_MAP_UPDATE_ELEM prog_array name=sys_enter_init_ map_fd=10 map_id=123 key=437 prog_fd=60 prog_id=14 flags=0 ret=0 errno=0
[48.642721 pid=1940 tid=1954] native-loader jit-info prog_array-target fd=60 id=14 type=17 name=sys_enter_init tag=04cfd32a108dadfd jited_len=2524 xlated_len=4552 nr_jited_ksyms=1 ksym0=0xffffffffc04019a0 ksym1=0x0
[48.642860 pid=1940 tid=1954] BPF_MAP_UPDATE_ELEM prog_array name=sys_enter_init_ map_fd=10 map_id=123 key=438 prog_fd=60 prog_id=14 flags=0 ret=0 errno=0
[48.642964 pid=1940 tid=1954] native-loader jit-info prog_array-target fd=60 id=14 type=17 name=sys_enter_init tag=04cfd32a108dadfd jited_len=2524 xlated_len=4552 nr_jited_ksyms=1 ksym0=0xffffffffc04019a0 ksym1=0x0
[48.643055 pid=1940 tid=1954] BPF_MAP_UPDATE_ELEM prog_array name=sys_enter_init_ map_fd=10 map_id=123 key=439 prog_fd=60 prog_id=14 flags=0 ret=0 errno=0
[48.643139 pid=1940 tid=1954] native-loader jit-info prog_array-target fd=60 id=14 type=17 name=sys_enter_init tag=04cfd32a108dadfd jited_len=2524 xlated_len=4552 nr_jited_ksyms=1 ksym0=0xffffffffc04019a0 ksym1=0x0
[48.643231 pid=1940 tid=1954] BPF_MAP_UPDATE_ELEM prog_array name=sys_enter_init_ map_fd=10 map_id=123 key=440 prog_fd=60 prog_id=14 flags=0 ret=0 errno=0
[48.643314 pid=1940 tid=1954] native-loader jit-info prog_array-target fd=60 id=14 type=17 name=sys_enter_init tag=04cfd32a108dadfd jited_len=2524 xlated_len=4552 nr_jited_ksyms=1 ksym0=0xffffffffc04019a0 ksym1=0x0
[48.643746 pid=1940 tid=1954] BPF_MAP_UPDATE_ELEM prog_array name=sys_enter_init_ map_fd=10 map_id=123 key=441 prog_fd=60 prog_id=14 flags=0 ret=0 errno=0
[48.643860 pid=1940 tid=1954] native-loader jit-info prog_array-target fd=60 id=14 type=17 name=sys_enter_init tag=04cfd32a108dadfd jited_len=2524 xlated_len=4552 nr_jited_ksyms=1 ksym0=0xffffffffc04019a0 ksym1=0x0
[48.643954 pid=1940 tid=1954] BPF_MAP_UPDATE_ELEM prog_array name=sys_enter_init_ map_fd=10 map_id=123 key=442 prog_fd=60 prog_id=14 flags=0 ret=0 errno=0
[48.644038 pid=1940 tid=1954] native-loader jit-info prog_array-target fd=60 id=14 type=17 name=sys_enter_init tag=04cfd32a108dadfd jited_len=2524 xlated_len=4552 nr_jited_ksyms=1 ksym0=0xffffffffc04019a0 ksym1=0x0
[48.644130 pid=1940 tid=1954] BPF_MAP_UPDATE_ELEM prog_array name=sys_enter_init_ map_fd=10 map_id=123 key=443 prog_fd=60 prog_id=14 flags=0 ret=0 errno=0
[48.644215 pid=1940 tid=1954] native-loader jit-info prog_array-target fd=60 id=14 type=17 name=sys_enter_init tag=04cfd32a108dadfd jited_len=2524 xlated_len=4552 nr_jited_ksyms=1 ksym0=0xffffffffc04019a0 ksym1=0x0
[48.644306 pid=1940 tid=1954] BPF_MAP_UPDATE_ELEM prog_array name=sys_enter_init_ map_fd=10 map_id=123 key=444 prog_fd=60 prog_id=14 flags=0 ret=0 errno=0
[48.644390 pid=1940 tid=1954] native-loader jit-info prog_array-target fd=60 id=14 type=17 name=sys_enter_init tag=04cfd32a108dadfd jited_len=2524 xlated_len=4552 nr_jited_ksyms=1 ksym0=0xffffffffc04019a0 ksym1=0x0
[48.644482 pid=1940 tid=1954] BPF_MAP_UPDATE_ELEM prog_array name=sys_enter_init_ map_fd=10 map_id=123 key=445 prog_fd=60 prog_id=14 flags=0 ret=0 errno=0
[48.644748 pid=1940 tid=1954] native-loader jit-info prog_array-target fd=60 id=14 type=17 name=sys_enter_init tag=04cfd32a108dadfd jited_len=2524 xlated_len=4552 nr_jited_ksyms=1 ksym0=0xffffffffc04019a0 ksym1=0x0
[48.644854 pid=1940 tid=1954] BPF_MAP_UPDATE_ELEM prog_array name=sys_enter_init_ map_fd=10 map_id=123 key=446 prog_fd=60 prog_id=14 flags=0 ret=0 errno=0
[48.644942 pid=1940 tid=1954] native-loader jit-info prog_array-target fd=60 id=14 type=17 name=sys_enter_init tag=04cfd32a108dadfd jited_len=2524 xlated_len=4552 nr_jited_ksyms=1 ksym0=0xffffffffc04019a0 ksym1=0x0
[48.645035 pid=1940 tid=1954] BPF_MAP_UPDATE_ELEM prog_array name=sys_enter_init_ map_fd=10 map_id=123 key=447 prog_fd=60 prog_id=14 flags=0 ret=0 errno=0
[48.645119 pid=1940 tid=1954] native-loader jit-info prog_array-target fd=60 id=14 type=17 name=sys_enter_init tag=04cfd32a108dadfd jited_len=2524 xlated_len=4552 nr_jited_ksyms=1 ksym0=0xffffffffc04019a0 ksym1=0x0
[48.645211 pid=1940 tid=1954] BPF_MAP_UPDATE_ELEM prog_array name=sys_enter_init_ map_fd=10 map_id=123 key=448 prog_fd=60 prog_id=14 flags=0 ret=0 errno=0
[48.645650 pid=1940 tid=1954] native-loader jit-info prog_array-target fd=60 id=14 type=17 name=sys_enter_init tag=04cfd32a108dadfd jited_len=2524 xlated_len=4552 nr_jited_ksyms=1 ksym0=0xffffffffc04019a0 ksym1=0x0
[48.645778 pid=1940 tid=1954] BPF_MAP_UPDATE_ELEM prog_array name=sys_enter_init_ map_fd=10 map_id=123 key=449 prog_fd=60 prog_id=14 flags=0 ret=0 errno=0
[48.645868 pid=1940 tid=1954] native-loader jit-info prog_array-target fd=60 id=14 type=17 name=sys_enter_init tag=04cfd32a108dadfd jited_len=2524 xlated_len=4552 nr_jited_ksyms=1 ksym0=0xffffffffc04019a0 ksym1=0x0
[48.645964 pid=1940 tid=1954] BPF_MAP_UPDATE_ELEM prog_array name=sys_enter_init_ map_fd=10 map_id=123 key=450 prog_fd=60 prog_id=14 flags=0 ret=0 errno=0
[48.646049 pid=1940 tid=1954] native-loader jit-info prog_array-target fd=60 id=14 type=17 name=sys_enter_init tag=04cfd32a108dadfd jited_len=2524 xlated_len=4552 nr_jited_ksyms=1 ksym0=0xffffffffc04019a0 ksym1=0x0
[48.646141 pid=1940 tid=1954] BPF_MAP_UPDATE_ELEM prog_array name=sys_enter_init_ map_fd=10 map_id=123 key=451 prog_fd=60 prog_id=14 flags=0 ret=0 errno=0
[48.646225 pid=1940 tid=1954] native-loader jit-info prog_array-target fd=60 id=14 type=17 name=sys_enter_init tag=04cfd32a108dadfd jited_len=2524 xlated_len=4552 nr_jited_ksyms=1 ksym0=0xffffffffc04019a0 ksym1=0x0
[48.646317 pid=1940 tid=1954] BPF_MAP_UPDATE_ELEM prog_array name=sys_enter_init_ map_fd=10 map_id=123 key=452 prog_fd=60 prog_id=14 flags=0 ret=0 errno=0
[48.646822 pid=1940 tid=1954] native-loader jit-info prog_array-target fd=60 id=14 type=17 name=sys_enter_init tag=04cfd32a108dadfd jited_len=2524 xlated_len=4552 nr_jited_ksyms=1 ksym0=0xffffffffc04019a0 ksym1=0x0
[48.646949 pid=1940 tid=1954] BPF_MAP_UPDATE_ELEM prog_array name=sys_enter_init_ map_fd=10 map_id=123 key=453 prog_fd=60 prog_id=14 flags=0 ret=0 errno=0
[48.647280 pid=1940 tid=1954] native-loader jit-info prog_array-target fd=60 id=14 type=17 name=sys_enter_init tag=04cfd32a108dadfd jited_len=2524 xlated_len=4552 nr_jited_ksyms=1 ksym0=0xffffffffc04019a0 ksym1=0x0
[48.647386 pid=1940 tid=1954] BPF_MAP_UPDATE_ELEM prog_array name=sys_enter_init_ map_fd=10 map_id=123 key=454 prog_fd=60 prog_id=14 flags=0 ret=0 errno=0
[48.647469 pid=1940 tid=1954] native-loader jit-info prog_array-target fd=60 id=14 type=17 name=sys_enter_init tag=04cfd32a108dadfd jited_len=2524 xlated_len=4552 nr_jited_ksyms=1 ksym0=0xffffffffc04019a0 ksym1=0x0
[48.647561 pid=1940 tid=1954] BPF_MAP_UPDATE_ELEM prog_array name=sys_enter_init_ map_fd=10 map_id=123 key=455 prog_fd=60 prog_id=14 flags=0 ret=0 errno=0
[48.647646 pid=1940 tid=1954] native-loader jit-info prog_array-target fd=60 id=14 type=17 name=sys_enter_init tag=04cfd32a108dadfd jited_len=2524 xlated_len=4552 nr_jited_ksyms=1 ksym0=0xffffffffc04019a0 ksym1=0x0
[48.647738 pid=1940 tid=1954] BPF_MAP_UPDATE_ELEM prog_array name=sys_enter_init_ map_fd=10 map_id=123 key=456 prog_fd=60 prog_id=14 flags=0 ret=0 errno=0
[48.647822 pid=1940 tid=1954] native-loader jit-info prog_array-target fd=60 id=14 type=17 name=sys_enter_init tag=04cfd32a108dadfd jited_len=2524 xlated_len=4552 nr_jited_ksyms=1 ksym0=0xffffffffc04019a0 ksym1=0x0
[48.648163 pid=1940 tid=1954] BPF_MAP_UPDATE_ELEM prog_array name=sys_enter_init_ map_fd=10 map_id=123 key=457 prog_fd=60 prog_id=14 flags=0 ret=0 errno=0
[48.648588 pid=1940 tid=1954] native-loader jit-info prog_array-target fd=60 id=14 type=17 name=sys_enter_init tag=04cfd32a108dadfd jited_len=2524 xlated_len=4552 nr_jited_ksyms=1 ksym0=0xffffffffc04019a0 ksym1=0x0
[48.648702 pid=1940 tid=1954] BPF_MAP_UPDATE_ELEM prog_array name=sys_enter_init_ map_fd=10 map_id=123 key=458 prog_fd=60 prog_id=14 flags=0 ret=0 errno=0
[48.648991 pid=1940 tid=1954] native-loader jit-info prog_array-target fd=60 id=14 type=17 name=sys_enter_init tag=04cfd32a108dadfd jited_len=2524 xlated_len=4552 nr_jited_ksyms=1 ksym0=0xffffffffc04019a0 ksym1=0x0
[48.649343 pid=1940 tid=1954] BPF_MAP_UPDATE_ELEM prog_array name=sys_enter_init_ map_fd=10 map_id=123 key=459 prog_fd=60 prog_id=14 flags=0 ret=0 errno=0
[48.649454 pid=1940 tid=1954] native-loader jit-info prog_array-target fd=60 id=14 type=17 name=sys_enter_init tag=04cfd32a108dadfd jited_len=2524 xlated_len=4552 nr_jited_ksyms=1 ksym0=0xffffffffc04019a0 ksym1=0x0
[48.649547 pid=1940 tid=1954] BPF_MAP_UPDATE_ELEM prog_array name=sys_enter_init_ map_fd=10 map_id=123 key=460 prog_fd=60 prog_id=14 flags=0 ret=0 errno=0
[48.649644 pid=1940 tid=1954] native-loader jit-info prog_array-target fd=60 id=14 type=17 name=sys_enter_init tag=04cfd32a108dadfd jited_len=2524 xlated_len=4552 nr_jited_ksyms=1 ksym0=0xffffffffc04019a0 ksym1=0x0
[48.649735 pid=1940 tid=1954] BPF_MAP_UPDATE_ELEM prog_array name=sys_enter_init_ map_fd=10 map_id=123 key=461 prog_fd=60 prog_id=14 flags=0 ret=0 errno=0
[48.649933 pid=1940 tid=1954] native-loader jit-info prog_array-target fd=60 id=14 type=17 name=sys_enter_init tag=04cfd32a108dadfd jited_len=2524 xlated_len=4552 nr_jited_ksyms=1 ksym0=0xffffffffc04019a0 ksym1=0x0
[48.650102 pid=1940 tid=1954] BPF_MAP_UPDATE_ELEM prog_array name=sys_enter_init_ map_fd=10 map_id=123 key=462 prog_fd=60 prog_id=14 flags=0 ret=0 errno=0
[48.650198 pid=1940 tid=1954] native-loader jit-info prog_array-target fd=60 id=14 type=17 name=sys_enter_init tag=04cfd32a108dadfd jited_len=2524 xlated_len=4552 nr_jited_ksyms=1 ksym0=0xffffffffc04019a0 ksym1=0x0
[48.650289 pid=1940 tid=1954] BPF_MAP_UPDATE_ELEM prog_array name=sys_enter_init_ map_fd=10 map_id=123 key=463 prog_fd=60 prog_id=14 flags=0 ret=0 errno=0
[48.650374 pid=1940 tid=1954] native-loader jit-info prog_array-target fd=60 id=14 type=17 name=sys_enter_init tag=04cfd32a108dadfd jited_len=2524 xlated_len=4552 nr_jited_ksyms=1 ksym0=0xffffffffc04019a0 ksym1=0x0
[48.650583 pid=1940 tid=1954] BPF_MAP_UPDATE_ELEM prog_array name=sys_enter_init_ map_fd=10 map_id=123 key=464 prog_fd=60 prog_id=14 flags=0 ret=0 errno=0
[48.650779 pid=1940 tid=1954] native-loader jit-info prog_array-target fd=60 id=14 type=17 name=sys_enter_init tag=04cfd32a108dadfd jited_len=2524 xlated_len=4552 nr_jited_ksyms=1 ksym0=0xffffffffc04019a0 ksym1=0x0
[48.650971 pid=1940 tid=1954] BPF_MAP_UPDATE_ELEM prog_array name=sys_enter_init_ map_fd=10 map_id=123 key=465 prog_fd=60 prog_id=14 flags=0 ret=0 errno=0
[48.651055 pid=1940 tid=1954] native-loader jit-info prog_array-target fd=60 id=14 type=17 name=sys_enter_init tag=04cfd32a108dadfd jited_len=2524 xlated_len=4552 nr_jited_ksyms=1 ksym0=0xffffffffc04019a0 ksym1=0x0
[48.651148 pid=1940 tid=1954] BPF_MAP_UPDATE_ELEM prog_array name=sys_enter_init_ map_fd=10 map_id=123 key=466 prog_fd=60 prog_id=14 flags=0 ret=0 errno=0
[48.651233 pid=1940 tid=1954] native-loader jit-info prog_array-target fd=60 id=14 type=17 name=sys_enter_init tag=04cfd32a108dadfd jited_len=2524 xlated_len=4552 nr_jited_ksyms=1 ksym0=0xffffffffc04019a0 ksym1=0x0
[48.651325 pid=1940 tid=1954] BPF_MAP_UPDATE_ELEM prog_array name=sys_enter_init_ map_fd=10 map_id=123 key=467 prog_fd=60 prog_id=14 flags=0 ret=0 errno=0
[48.651409 pid=1940 tid=1954] native-loader jit-info prog_array-target fd=60 id=14 type=17 name=sys_enter_init tag=04cfd32a108dadfd jited_len=2524 xlated_len=4552 nr_jited_ksyms=1 ksym0=0xffffffffc04019a0 ksym1=0x0
[48.651565 pid=1940 tid=1954] BPF_MAP_UPDATE_ELEM prog_array name=sys_enter_init_ map_fd=10 map_id=123 key=468 prog_fd=60 prog_id=14 flags=0 ret=0 errno=0
[48.651651 pid=1940 tid=1954] native-loader jit-info prog_array-target fd=60 id=14 type=17 name=sys_enter_init tag=04cfd32a108dadfd jited_len=2524 xlated_len=4552 nr_jited_ksyms=1 ksym0=0xffffffffc04019a0 ksym1=0x0
[48.651742 pid=1940 tid=1954] BPF_MAP_UPDATE_ELEM prog_array name=sys_enter_init_ map_fd=10 map_id=123 key=469 prog_fd=60 prog_id=14 flags=0 ret=0 errno=0
[48.651827 pid=1940 tid=1954] native-loader jit-info prog_array-target fd=60 id=14 type=17 name=sys_enter_init tag=04cfd32a108dadfd jited_len=2524 xlated_len=4552 nr_jited_ksyms=1 ksym0=0xffffffffc04019a0 ksym1=0x0
[48.651991 pid=1940 tid=1954] BPF_MAP_UPDATE_ELEM prog_array name=sys_enter_init_ map_fd=10 map_id=123 key=470 prog_fd=60 prog_id=14 flags=0 ret=0 errno=0
[48.652236 pid=1940 tid=1954] native-loader jit-info prog_array-target fd=60 id=14 type=17 name=sys_enter_init tag=04cfd32a108dadfd jited_len=2524 xlated_len=4552 nr_jited_ksyms=1 ksym0=0xffffffffc04019a0 ksym1=0x0
[48.652319 pid=1940 tid=1954] BPF_MAP_UPDATE_ELEM prog_array name=sys_enter_init_ map_fd=10 map_id=123 key=471 prog_fd=60 prog_id=14 flags=0 ret=0 errno=0
[48.652403 pid=1940 tid=1954] native-loader jit-info prog_array-target fd=60 id=14 type=17 name=sys_enter_init tag=04cfd32a108dadfd jited_len=2524 xlated_len=4552 nr_jited_ksyms=1 ksym0=0xffffffffc04019a0 ksym1=0x0
[48.652494 pid=1940 tid=1954] BPF_MAP_UPDATE_ELEM prog_array name=sys_enter_init_ map_fd=10 map_id=123 key=472 prog_fd=60 prog_id=14 flags=0 ret=0 errno=0
[48.652578 pid=1940 tid=1954] native-loader jit-info prog_array-target fd=60 id=14 type=17 name=sys_enter_init tag=04cfd32a108dadfd jited_len=2524 xlated_len=4552 nr_jited_ksyms=1 ksym0=0xffffffffc04019a0 ksym1=0x0
[48.652670 pid=1940 tid=1954] BPF_MAP_UPDATE_ELEM prog_array name=sys_enter_init_ map_fd=10 map_id=123 key=473 prog_fd=60 prog_id=14 flags=0 ret=0 errno=0
[48.652754 pid=1940 tid=1954] native-loader jit-info prog_array-target fd=60 id=14 type=17 name=sys_enter_init tag=04cfd32a108dadfd jited_len=2524 xlated_len=4552 nr_jited_ksyms=1 ksym0=0xffffffffc04019a0 ksym1=0x0
[48.652846 pid=1940 tid=1954] BPF_MAP_UPDATE_ELEM prog_array name=sys_enter_init_ map_fd=10 map_id=123 key=474 prog_fd=60 prog_id=14 flags=0 ret=0 errno=0
[48.653040 pid=1940 tid=1954] native-loader jit-info prog_array-target fd=60 id=14 type=17 name=sys_enter_init tag=04cfd32a108dadfd jited_len=2524 xlated_len=4552 nr_jited_ksyms=1 ksym0=0xffffffffc04019a0 ksym1=0x0
[48.653124 pid=1940 tid=1954] BPF_MAP_UPDATE_ELEM prog_array name=sys_enter_init_ map_fd=10 map_id=123 key=475 prog_fd=60 prog_id=14 flags=0 ret=0 errno=0
[48.653208 pid=1940 tid=1954] native-loader jit-info prog_array-target fd=60 id=14 type=17 name=sys_enter_init tag=04cfd32a108dadfd jited_len=2524 xlated_len=4552 nr_jited_ksyms=1 ksym0=0xffffffffc04019a0 ksym1=0x0
[48.653299 pid=1940 tid=1954] BPF_MAP_UPDATE_ELEM prog_array name=sys_enter_init_ map_fd=10 map_id=123 key=476 prog_fd=60 prog_id=14 flags=0 ret=0 errno=0
[48.653385 pid=1940 tid=1954] native-loader jit-info prog_array-target fd=60 id=14 type=17 name=sys_enter_init tag=04cfd32a108dadfd jited_len=2524 xlated_len=4552 nr_jited_ksyms=1 ksym0=0xffffffffc04019a0 ksym1=0x0
[48.653477 pid=1940 tid=1954] BPF_MAP_UPDATE_ELEM prog_array name=sys_enter_init_ map_fd=10 map_id=123 key=477 prog_fd=60 prog_id=14 flags=0 ret=0 errno=0
[48.653647 pid=1940 tid=1954] native-loader jit-info prog_array-target fd=60 id=14 type=17 name=sys_enter_init tag=04cfd32a108dadfd jited_len=2524 xlated_len=4552 nr_jited_ksyms=1 ksym0=0xffffffffc04019a0 ksym1=0x0
[48.653740 pid=1940 tid=1954] BPF_MAP_UPDATE_ELEM prog_array name=sys_enter_init_ map_fd=10 map_id=123 key=478 prog_fd=60 prog_id=14 flags=0 ret=0 errno=0
[48.653825 pid=1940 tid=1954] native-loader jit-info prog_array-target fd=60 id=14 type=17 name=sys_enter_init tag=04cfd32a108dadfd jited_len=2524 xlated_len=4552 nr_jited_ksyms=1 ksym0=0xffffffffc04019a0 ksym1=0x0
[48.653916 pid=1940 tid=1954] BPF_MAP_UPDATE_ELEM prog_array name=sys_enter_init_ map_fd=10 map_id=123 key=479 prog_fd=60 prog_id=14 flags=0 ret=0 errno=0
[48.654002 pid=1940 tid=1954] native-loader jit-info prog_array-target fd=60 id=14 type=17 name=sys_enter_init tag=04cfd32a108dadfd jited_len=2524 xlated_len=4552 nr_jited_ksyms=1 ksym0=0xffffffffc04019a0 ksym1=0x0
[48.654093 pid=1940 tid=1954] BPF_MAP_UPDATE_ELEM prog_array name=sys_enter_init_ map_fd=10 map_id=123 key=480 prog_fd=60 prog_id=14 flags=0 ret=0 errno=0
[48.654177 pid=1940 tid=1954] native-loader jit-info prog_array-target fd=60 id=14 type=17 name=sys_enter_init tag=04cfd32a108dadfd jited_len=2524 xlated_len=4552 nr_jited_ksyms=1 ksym0=0xffffffffc04019a0 ksym1=0x0
[48.654269 pid=1940 tid=1954] BPF_MAP_UPDATE_ELEM prog_array name=sys_enter_init_ map_fd=10 map_id=123 key=481 prog_fd=60 prog_id=14 flags=0 ret=0 errno=0
[48.654408 pid=1940 tid=1954] native-loader jit-info prog_array-target fd=60 id=14 type=17 name=sys_enter_init tag=04cfd32a108dadfd jited_len=2524 xlated_len=4552 nr_jited_ksyms=1 ksym0=0xffffffffc04019a0 ksym1=0x0
[48.654500 pid=1940 tid=1954] BPF_MAP_UPDATE_ELEM prog_array name=sys_enter_init_ map_fd=10 map_id=123 key=482 prog_fd=60 prog_id=14 flags=0 ret=0 errno=0
[48.654680 pid=1940 tid=1954] native-loader jit-info prog_array-target fd=60 id=14 type=17 name=sys_enter_init tag=04cfd32a108dadfd jited_len=2524 xlated_len=4552 nr_jited_ksyms=1 ksym0=0xffffffffc04019a0 ksym1=0x0
[48.654773 pid=1940 tid=1954] BPF_MAP_UPDATE_ELEM prog_array name=sys_enter_init_ map_fd=10 map_id=123 key=483 prog_fd=60 prog_id=14 flags=0 ret=0 errno=0
[48.654859 pid=1940 tid=1954] native-loader jit-info prog_array-target fd=60 id=14 type=17 name=sys_enter_init tag=04cfd32a108dadfd jited_len=2524 xlated_len=4552 nr_jited_ksyms=1 ksym0=0xffffffffc04019a0 ksym1=0x0
[48.654952 pid=1940 tid=1954] BPF_MAP_UPDATE_ELEM prog_array name=sys_enter_init_ map_fd=10 map_id=123 key=484 prog_fd=60 prog_id=14 flags=0 ret=0 errno=0
[48.655036 pid=1940 tid=1954] native-loader jit-info prog_array-target fd=60 id=14 type=17 name=sys_enter_init tag=04cfd32a108dadfd jited_len=2524 xlated_len=4552 nr_jited_ksyms=1 ksym0=0xffffffffc04019a0 ksym1=0x0
[48.655130 pid=1940 tid=1954] BPF_MAP_UPDATE_ELEM prog_array name=sys_enter_init_ map_fd=10 map_id=123 key=485 prog_fd=60 prog_id=14 flags=0 ret=0 errno=0
[48.655213 pid=1940 tid=1954] native-loader jit-info prog_array-target fd=60 id=14 type=17 name=sys_enter_init tag=04cfd32a108dadfd jited_len=2524 xlated_len=4552 nr_jited_ksyms=1 ksym0=0xffffffffc04019a0 ksym1=0x0
[48.655409 pid=1940 tid=1954] BPF_MAP_UPDATE_ELEM prog_array name=sys_enter_init_ map_fd=10 map_id=123 key=486 prog_fd=60 prog_id=14 flags=0 ret=0 errno=0
[48.655610 pid=1940 tid=1954] native-loader jit-info prog_array-target fd=60 id=14 type=17 name=sys_enter_init tag=04cfd32a108dadfd jited_len=2524 xlated_len=4552 nr_jited_ksyms=1 ksym0=0xffffffffc04019a0 ksym1=0x0
[48.655715 pid=1940 tid=1954] BPF_MAP_UPDATE_ELEM prog_array name=sys_enter_init_ map_fd=10 map_id=123 key=487 prog_fd=60 prog_id=14 flags=0 ret=0 errno=0
[48.655872 pid=1940 tid=1954] native-loader jit-info prog_array-target fd=60 id=14 type=17 name=sys_enter_init tag=04cfd32a108dadfd jited_len=2524 xlated_len=4552 nr_jited_ksyms=1 ksym0=0xffffffffc04019a0 ksym1=0x0
[48.655965 pid=1940 tid=1954] BPF_MAP_UPDATE_ELEM prog_array name=sys_enter_init_ map_fd=10 map_id=123 key=488 prog_fd=60 prog_id=14 flags=0 ret=0 errno=0
[48.656050 pid=1940 tid=1954] native-loader jit-info prog_array-target fd=60 id=14 type=17 name=sys_enter_init tag=04cfd32a108dadfd jited_len=2524 xlated_len=4552 nr_jited_ksyms=1 ksym0=0xffffffffc04019a0 ksym1=0x0
[48.656140 pid=1940 tid=1954] BPF_MAP_UPDATE_ELEM prog_array name=sys_enter_init_ map_fd=10 map_id=123 key=489 prog_fd=60 prog_id=14 flags=0 ret=0 errno=0
[48.656224 pid=1940 tid=1954] native-loader jit-info prog_array-target fd=60 id=14 type=17 name=sys_enter_init tag=04cfd32a108dadfd jited_len=2524 xlated_len=4552 nr_jited_ksyms=1 ksym0=0xffffffffc04019a0 ksym1=0x0
[48.656315 pid=1940 tid=1954] BPF_MAP_UPDATE_ELEM prog_array name=sys_enter_init_ map_fd=10 map_id=123 key=490 prog_fd=60 prog_id=14 flags=0 ret=0 errno=0
[48.656399 pid=1940 tid=1954] native-loader jit-info prog_array-target fd=60 id=14 type=17 name=sys_enter_init tag=04cfd32a108dadfd jited_len=2524 xlated_len=4552 nr_jited_ksyms=1 ksym0=0xffffffffc04019a0 ksym1=0x0
[48.656490 pid=1940 tid=1954] BPF_MAP_UPDATE_ELEM prog_array name=sys_enter_init_ map_fd=10 map_id=123 key=491 prog_fd=60 prog_id=14 flags=0 ret=0 errno=0
[48.656574 pid=1940 tid=1954] native-loader jit-info prog_array-target fd=60 id=14 type=17 name=sys_enter_init tag=04cfd32a108dadfd jited_len=2524 xlated_len=4552 nr_jited_ksyms=1 ksym0=0xffffffffc04019a0 ksym1=0x0
[48.656665 pid=1940 tid=1954] BPF_MAP_UPDATE_ELEM prog_array name=sys_enter_init_ map_fd=10 map_id=123 key=492 prog_fd=60 prog_id=14 flags=0 ret=0 errno=0
[48.656750 pid=1940 tid=1954] native-loader jit-info prog_array-target fd=60 id=14 type=17 name=sys_enter_init tag=04cfd32a108dadfd jited_len=2524 xlated_len=4552 nr_jited_ksyms=1 ksym0=0xffffffffc04019a0 ksym1=0x0
[48.656911 pid=1940 tid=1954] BPF_MAP_UPDATE_ELEM prog_array name=sys_enter_init_ map_fd=10 map_id=123 key=493 prog_fd=60 prog_id=14 flags=0 ret=0 errno=0
[48.657108 pid=1940 tid=1954] native-loader jit-info prog_array-target fd=60 id=14 type=17 name=sys_enter_init tag=04cfd32a108dadfd jited_len=2524 xlated_len=4552 nr_jited_ksyms=1 ksym0=0xffffffffc04019a0 ksym1=0x0
[48.657200 pid=1940 tid=1954] BPF_MAP_UPDATE_ELEM prog_array name=sys_enter_init_ map_fd=10 map_id=123 key=494 prog_fd=60 prog_id=14 flags=0 ret=0 errno=0
[48.657286 pid=1940 tid=1954] native-loader jit-info prog_array-target fd=60 id=14 type=17 name=sys_enter_init tag=04cfd32a108dadfd jited_len=2524 xlated_len=4552 nr_jited_ksyms=1 ksym0=0xffffffffc04019a0 ksym1=0x0
[48.657378 pid=1940 tid=1954] BPF_MAP_UPDATE_ELEM prog_array name=sys_enter_init_ map_fd=10 map_id=123 key=495 prog_fd=60 prog_id=14 flags=0 ret=0 errno=0
[48.657761 pid=1940 tid=1954] native-loader jit-info prog_array-target fd=60 id=14 type=17 name=sys_enter_init tag=04cfd32a108dadfd jited_len=2524 xlated_len=4552 nr_jited_ksyms=1 ksym0=0xffffffffc04019a0 ksym1=0x0
[48.657865 pid=1940 tid=1954] BPF_MAP_UPDATE_ELEM prog_array name=sys_enter_init_ map_fd=10 map_id=123 key=496 prog_fd=60 prog_id=14 flags=0 ret=0 errno=0
[48.657956 pid=1940 tid=1954] native-loader jit-info prog_array-target fd=60 id=14 type=17 name=sys_enter_init tag=04cfd32a108dadfd jited_len=2524 xlated_len=4552 nr_jited_ksyms=1 ksym0=0xffffffffc04019a0 ksym1=0x0
[48.658049 pid=1940 tid=1954] BPF_MAP_UPDATE_ELEM prog_array name=sys_enter_init_ map_fd=10 map_id=123 key=497 prog_fd=60 prog_id=14 flags=0 ret=0 errno=0
[48.658133 pid=1940 tid=1954] native-loader jit-info prog_array-target fd=60 id=14 type=17 name=sys_enter_init tag=04cfd32a108dadfd jited_len=2524 xlated_len=4552 nr_jited_ksyms=1 ksym0=0xffffffffc04019a0 ksym1=0x0
[48.658225 pid=1940 tid=1954] BPF_MAP_UPDATE_ELEM prog_array name=sys_enter_init_ map_fd=10 map_id=123 key=498 prog_fd=60 prog_id=14 flags=0 ret=0 errno=0
[48.658309 pid=1940 tid=1954] native-loader jit-info prog_array-target fd=60 id=14 type=17 name=sys_enter_init tag=04cfd32a108dadfd jited_len=2524 xlated_len=4552 nr_jited_ksyms=1 ksym0=0xffffffffc04019a0 ksym1=0x0
[48.658400 pid=1940 tid=1954] BPF_MAP_UPDATE_ELEM prog_array name=sys_enter_init_ map_fd=10 map_id=123 key=499 prog_fd=60 prog_id=14 flags=0 ret=0 errno=0
[48.658484 pid=1940 tid=1954] native-loader jit-info prog_array-target fd=60 id=14 type=17 name=sys_enter_init tag=04cfd32a108dadfd jited_len=2524 xlated_len=4552 nr_jited_ksyms=1 ksym0=0xffffffffc04019a0 ksym1=0x0
[48.658576 pid=1940 tid=1954] BPF_MAP_UPDATE_ELEM prog_array name=sys_enter_init_ map_fd=10 map_id=123 key=500 prog_fd=60 prog_id=14 flags=0 ret=0 errno=0
[48.658661 pid=1940 tid=1954] native-loader jit-info prog_array-target fd=60 id=14 type=17 name=sys_enter_init tag=04cfd32a108dadfd jited_len=2524 xlated_len=4552 nr_jited_ksyms=1 ksym0=0xffffffffc04019a0 ksym1=0x0
[48.658752 pid=1940 tid=1954] BPF_MAP_UPDATE_ELEM prog_array name=sys_enter_init_ map_fd=10 map_id=123 key=501 prog_fd=60 prog_id=14 flags=0 ret=0 errno=0
[48.658837 pid=1940 tid=1954] native-loader jit-info prog_array-target fd=60 id=14 type=17 name=sys_enter_init tag=04cfd32a108dadfd jited_len=2524 xlated_len=4552 nr_jited_ksyms=1 ksym0=0xffffffffc04019a0 ksym1=0x0
[48.658932 pid=1940 tid=1954] BPF_MAP_UPDATE_ELEM prog_array name=sys_enter_init_ map_fd=10 map_id=123 key=502 prog_fd=60 prog_id=14 flags=0 ret=0 errno=0
[48.659015 pid=1940 tid=1954] native-loader jit-info prog_array-target fd=60 id=14 type=17 name=sys_enter_init tag=04cfd32a108dadfd jited_len=2524 xlated_len=4552 nr_jited_ksyms=1 ksym0=0xffffffffc04019a0 ksym1=0x0
[48.659106 pid=1940 tid=1954] BPF_MAP_UPDATE_ELEM prog_array name=sys_enter_init_ map_fd=10 map_id=123 key=503 prog_fd=60 prog_id=14 flags=0 ret=0 errno=0
[48.659396 pid=1940 tid=1954] native-loader jit-info prog_array-target fd=60 id=14 type=17 name=sys_enter_init tag=04cfd32a108dadfd jited_len=2524 xlated_len=4552 nr_jited_ksyms=1 ksym0=0xffffffffc04019a0 ksym1=0x0
[48.659524 pid=1940 tid=1954] BPF_MAP_UPDATE_ELEM prog_array name=sys_enter_init_ map_fd=10 map_id=123 key=504 prog_fd=60 prog_id=14 flags=0 ret=0 errno=0
[48.659615 pid=1940 tid=1954] native-loader jit-info prog_array-target fd=60 id=14 type=17 name=sys_enter_init tag=04cfd32a108dadfd jited_len=2524 xlated_len=4552 nr_jited_ksyms=1 ksym0=0xffffffffc04019a0 ksym1=0x0
[48.659720 pid=1940 tid=1954] BPF_MAP_UPDATE_ELEM prog_array name=sys_enter_init_ map_fd=10 map_id=123 key=505 prog_fd=60 prog_id=14 flags=0 ret=0 errno=0
[48.659810 pid=1940 tid=1954] native-loader jit-info prog_array-target fd=60 id=14 type=17 name=sys_enter_init tag=04cfd32a108dadfd jited_len=2524 xlated_len=4552 nr_jited_ksyms=1 ksym0=0xffffffffc04019a0 ksym1=0x0
[48.659903 pid=1940 tid=1954] BPF_MAP_UPDATE_ELEM prog_array name=sys_enter_init_ map_fd=10 map_id=123 key=506 prog_fd=60 prog_id=14 flags=0 ret=0 errno=0
[48.660508 pid=1940 tid=1954] native-loader jit-info prog_array-target fd=60 id=14 type=17 name=sys_enter_init tag=04cfd32a108dadfd jited_len=2524 xlated_len=4552 nr_jited_ksyms=1 ksym0=0xffffffffc04019a0 ksym1=0x0
[48.660786 pid=1940 tid=1954] BPF_MAP_UPDATE_ELEM prog_array name=sys_enter_init_ map_fd=10 map_id=123 key=507 prog_fd=60 prog_id=14 flags=0 ret=0 errno=0
[48.661145 pid=1940 tid=1954] native-loader jit-info prog_array-target fd=60 id=14 type=17 name=sys_enter_init tag=04cfd32a108dadfd jited_len=2524 xlated_len=4552 nr_jited_ksyms=1 ksym0=0xffffffffc04019a0 ksym1=0x0
[48.661419 pid=1940 tid=1954] BPF_MAP_UPDATE_ELEM prog_array name=sys_enter_init_ map_fd=10 map_id=123 key=508 prog_fd=60 prog_id=14 flags=0 ret=0 errno=0
[48.661702 pid=1940 tid=1954] native-loader jit-info prog_array-target fd=60 id=14 type=17 name=sys_enter_init tag=04cfd32a108dadfd jited_len=2524 xlated_len=4552 nr_jited_ksyms=1 ksym0=0xffffffffc04019a0 ksym1=0x0
[48.661818 pid=1940 tid=1954] BPF_MAP_UPDATE_ELEM prog_array name=sys_enter_init_ map_fd=10 map_id=123 key=509 prog_fd=60 prog_id=14 flags=0 ret=0 errno=0
[48.661910 pid=1940 tid=1954] native-loader jit-info prog_array-target fd=60 id=14 type=17 name=sys_enter_init tag=04cfd32a108dadfd jited_len=2524 xlated_len=4552 nr_jited_ksyms=1 ksym0=0xffffffffc04019a0 ksym1=0x0
[48.662170 pid=1940 tid=1954] BPF_MAP_UPDATE_ELEM prog_array name=sys_enter_init_ map_fd=10 map_id=123 key=510 prog_fd=60 prog_id=14 flags=0 ret=0 errno=0
[48.662276 pid=1940 tid=1954] native-loader jit-info prog_array-target fd=60 id=14 type=17 name=sys_enter_init tag=04cfd32a108dadfd jited_len=2524 xlated_len=4552 nr_jited_ksyms=1 ksym0=0xffffffffc04019a0 ksym1=0x0
[48.662364 pid=1940 tid=1954] BPF_MAP_UPDATE_ELEM prog_array name=sys_enter_init_ map_fd=10 map_id=123 key=511 prog_fd=60 prog_id=14 flags=0 ret=0 errno=0
[48.662448 pid=1940 tid=1954] native-loader jit-info prog_array-target fd=60 id=14 type=17 name=sys_enter_init tag=04cfd32a108dadfd jited_len=2524 xlated_len=4552 nr_jited_ksyms=1 ksym0=0xffffffffc04019a0 ksym1=0x0
[48.662537 pid=1940 tid=1954] BPF_MAP_UPDATE_ELEM prog_array name=sys_enter_init_ map_fd=10 map_id=123 key=512 prog_fd=60 prog_id=14 flags=0 ret=0 errno=0
[48.662621 pid=1940 tid=1954] native-loader jit-info prog_array-target fd=60 id=14 type=17 name=sys_enter_init tag=04cfd32a108dadfd jited_len=2524 xlated_len=4552 nr_jited_ksyms=1 ksym0=0xffffffffc04019a0 ksym1=0x0
[48.662714 pid=1940 tid=1954] BPF_MAP_UPDATE_ELEM prog_array name=sys_enter_init_ map_fd=10 map_id=123 key=513 prog_fd=60 prog_id=14 flags=0 ret=0 errno=0
[48.662797 pid=1940 tid=1954] native-loader jit-info prog_array-target fd=60 id=14 type=17 name=sys_enter_init tag=04cfd32a108dadfd jited_len=2524 xlated_len=4552 nr_jited_ksyms=1 ksym0=0xffffffffc04019a0 ksym1=0x0
[48.662887 pid=1940 tid=1954] BPF_MAP_UPDATE_ELEM prog_array name=sys_enter_init_ map_fd=10 map_id=123 key=514 prog_fd=60 prog_id=14 flags=0 ret=0 errno=0
[48.662973 pid=1940 tid=1954] native-loader jit-info prog_array-target fd=60 id=14 type=17 name=sys_enter_init tag=04cfd32a108dadfd jited_len=2524 xlated_len=4552 nr_jited_ksyms=1 ksym0=0xffffffffc04019a0 ksym1=0x0
[48.663065 pid=1940 tid=1954] BPF_MAP_UPDATE_ELEM prog_array name=sys_enter_init_ map_fd=10 map_id=123 key=515 prog_fd=60 prog_id=14 flags=0 ret=0 errno=0
[48.663149 pid=1940 tid=1954] native-loader jit-info prog_array-target fd=60 id=14 type=17 name=sys_enter_init tag=04cfd32a108dadfd jited_len=2524 xlated_len=4552 nr_jited_ksyms=1 ksym0=0xffffffffc04019a0 ksym1=0x0
[48.663240 pid=1940 tid=1954] BPF_MAP_UPDATE_ELEM prog_array name=sys_enter_init_ map_fd=10 map_id=123 key=516 prog_fd=60 prog_id=14 flags=0 ret=0 errno=0
[48.663325 pid=1940 tid=1954] native-loader jit-info prog_array-target fd=60 id=14 type=17 name=sys_enter_init tag=04cfd32a108dadfd jited_len=2524 xlated_len=4552 nr_jited_ksyms=1 ksym0=0xffffffffc04019a0 ksym1=0x0
[48.663417 pid=1940 tid=1954] BPF_MAP_UPDATE_ELEM prog_array name=sys_enter_init_ map_fd=10 map_id=123 key=517 prog_fd=60 prog_id=14 flags=0 ret=0 errno=0
[48.663501 pid=1940 tid=1954] native-loader jit-info prog_array-target fd=60 id=14 type=17 name=sys_enter_init tag=04cfd32a108dadfd jited_len=2524 xlated_len=4552 nr_jited_ksyms=1 ksym0=0xffffffffc04019a0 ksym1=0x0
[48.663593 pid=1940 tid=1954] BPF_MAP_UPDATE_ELEM prog_array name=sys_enter_init_ map_fd=10 map_id=123 key=518 prog_fd=60 prog_id=14 flags=0 ret=0 errno=0
[48.663677 pid=1940 tid=1954] native-loader jit-info prog_array-target fd=60 id=14 type=17 name=sys_enter_init tag=04cfd32a108dadfd jited_len=2524 xlated_len=4552 nr_jited_ksyms=1 ksym0=0xffffffffc04019a0 ksym1=0x0
[48.663769 pid=1940 tid=1954] BPF_MAP_UPDATE_ELEM prog_array name=sys_enter_init_ map_fd=10 map_id=123 key=519 prog_fd=60 prog_id=14 flags=0 ret=0 errno=0
[48.663853 pid=1940 tid=1954] native-loader jit-info prog_array-target fd=60 id=14 type=17 name=sys_enter_init tag=04cfd32a108dadfd jited_len=2524 xlated_len=4552 nr_jited_ksyms=1 ksym0=0xffffffffc04019a0 ksym1=0x0
[48.663947 pid=1940 tid=1954] BPF_MAP_UPDATE_ELEM prog_array name=sys_enter_init_ map_fd=10 map_id=123 key=520 prog_fd=60 prog_id=14 flags=0 ret=0 errno=0
[48.664031 pid=1940 tid=1954] native-loader jit-info prog_array-target fd=60 id=14 type=17 name=sys_enter_init tag=04cfd32a108dadfd jited_len=2524 xlated_len=4552 nr_jited_ksyms=1 ksym0=0xffffffffc04019a0 ksym1=0x0
[48.664122 pid=1940 tid=1954] BPF_MAP_UPDATE_ELEM prog_array name=sys_enter_init_ map_fd=10 map_id=123 key=521 prog_fd=60 prog_id=14 flags=0 ret=0 errno=0
[48.664208 pid=1940 tid=1954] native-loader jit-info prog_array-target fd=60 id=14 type=17 name=sys_enter_init tag=04cfd32a108dadfd jited_len=2524 xlated_len=4552 nr_jited_ksyms=1 ksym0=0xffffffffc04019a0 ksym1=0x0
[48.664300 pid=1940 tid=1954] BPF_MAP_UPDATE_ELEM prog_array name=sys_enter_init_ map_fd=10 map_id=123 key=522 prog_fd=60 prog_id=14 flags=0 ret=0 errno=0
[48.664384 pid=1940 tid=1954] native-loader jit-info prog_array-target fd=60 id=14 type=17 name=sys_enter_init tag=04cfd32a108dadfd jited_len=2524 xlated_len=4552 nr_jited_ksyms=1 ksym0=0xffffffffc04019a0 ksym1=0x0
[48.664475 pid=1940 tid=1954] BPF_MAP_UPDATE_ELEM prog_array name=sys_enter_init_ map_fd=10 map_id=123 key=523 prog_fd=60 prog_id=14 flags=0 ret=0 errno=0
[48.664561 pid=1940 tid=1954] native-loader jit-info prog_array-target fd=60 id=14 type=17 name=sys_enter_init tag=04cfd32a108dadfd jited_len=2524 xlated_len=4552 nr_jited_ksyms=1 ksym0=0xffffffffc04019a0 ksym1=0x0
[48.664653 pid=1940 tid=1954] BPF_MAP_UPDATE_ELEM prog_array name=sys_enter_init_ map_fd=10 map_id=123 key=524 prog_fd=60 prog_id=14 flags=0 ret=0 errno=0
[48.664820 pid=1940 tid=1954] native-loader jit-info prog_array-target fd=60 id=14 type=17 name=sys_enter_init tag=04cfd32a108dadfd jited_len=2524 xlated_len=4552 nr_jited_ksyms=1 ksym0=0xffffffffc04019a0 ksym1=0x0
[48.664910 pid=1940 tid=1954] BPF_MAP_UPDATE_ELEM prog_array name=sys_enter_init_ map_fd=10 map_id=123 key=525 prog_fd=60 prog_id=14 flags=0 ret=0 errno=0
[48.664995 pid=1940 tid=1954] native-loader jit-info prog_array-target fd=60 id=14 type=17 name=sys_enter_init tag=04cfd32a108dadfd jited_len=2524 xlated_len=4552 nr_jited_ksyms=1 ksym0=0xffffffffc04019a0 ksym1=0x0
[48.665086 pid=1940 tid=1954] BPF_MAP_UPDATE_ELEM prog_array name=sys_enter_init_ map_fd=10 map_id=123 key=526 prog_fd=60 prog_id=14 flags=0 ret=0 errno=0
[48.665170 pid=1940 tid=1954] native-loader jit-info prog_array-target fd=60 id=14 type=17 name=sys_enter_init tag=04cfd32a108dadfd jited_len=2524 xlated_len=4552 nr_jited_ksyms=1 ksym0=0xffffffffc04019a0 ksym1=0x0
[48.665261 pid=1940 tid=1954] BPF_MAP_UPDATE_ELEM prog_array name=sys_enter_init_ map_fd=10 map_id=123 key=527 prog_fd=60 prog_id=14 flags=0 ret=0 errno=0
[48.665346 pid=1940 tid=1954] native-loader jit-info prog_array-target fd=60 id=14 type=17 name=sys_enter_init tag=04cfd32a108dadfd jited_len=2524 xlated_len=4552 nr_jited_ksyms=1 ksym0=0xffffffffc04019a0 ksym1=0x0
[48.665437 pid=1940 tid=1954] BPF_MAP_UPDATE_ELEM prog_array name=sys_enter_init_ map_fd=10 map_id=123 key=528 prog_fd=60 prog_id=14 flags=0 ret=0 errno=0
[48.665522 pid=1940 tid=1954] native-loader jit-info prog_array-target fd=60 id=14 type=17 name=sys_enter_init tag=04cfd32a108dadfd jited_len=2524 xlated_len=4552 nr_jited_ksyms=1 ksym0=0xffffffffc04019a0 ksym1=0x0
[48.665613 pid=1940 tid=1954] BPF_MAP_UPDATE_ELEM prog_array name=sys_enter_init_ map_fd=10 map_id=123 key=529 prog_fd=60 prog_id=14 flags=0 ret=0 errno=0
[48.665697 pid=1940 tid=1954] native-loader jit-info prog_array-target fd=60 id=14 type=17 name=sys_enter_init tag=04cfd32a108dadfd jited_len=2524 xlated_len=4552 nr_jited_ksyms=1 ksym0=0xffffffffc04019a0 ksym1=0x0
[48.665789 pid=1940 tid=1954] BPF_MAP_UPDATE_ELEM prog_array name=sys_enter_init_ map_fd=10 map_id=123 key=530 prog_fd=60 prog_id=14 flags=0 ret=0 errno=0
[48.665874 pid=1940 tid=1954] native-loader jit-info prog_array-target fd=60 id=14 type=17 name=sys_enter_init tag=04cfd32a108dadfd jited_len=2524 xlated_len=4552 nr_jited_ksyms=1 ksym0=0xffffffffc04019a0 ksym1=0x0
[48.665967 pid=1940 tid=1954] BPF_MAP_UPDATE_ELEM prog_array name=sys_enter_init_ map_fd=10 map_id=123 key=531 prog_fd=60 prog_id=14 flags=0 ret=0 errno=0
[48.666052 pid=1940 tid=1954] native-loader jit-info prog_array-target fd=60 id=14 type=17 name=sys_enter_init tag=04cfd32a108dadfd jited_len=2524 xlated_len=4552 nr_jited_ksyms=1 ksym0=0xffffffffc04019a0 ksym1=0x0
[48.666143 pid=1940 tid=1954] BPF_MAP_UPDATE_ELEM prog_array name=sys_enter_init_ map_fd=10 map_id=123 key=532 prog_fd=60 prog_id=14 flags=0 ret=0 errno=0
[48.666331 pid=1940 tid=1954] native-loader jit-info prog_array-target fd=60 id=14 type=17 name=sys_enter_init tag=04cfd32a108dadfd jited_len=2524 xlated_len=4552 nr_jited_ksyms=1 ksym0=0xffffffffc04019a0 ksym1=0x0
[48.666434 pid=1940 tid=1954] BPF_MAP_UPDATE_ELEM prog_array name=sys_enter_init_ map_fd=10 map_id=123 key=533 prog_fd=60 prog_id=14 flags=0 ret=0 errno=0
[48.666530 pid=1940 tid=1954] native-loader jit-info prog_array-target fd=60 id=14 type=17 name=sys_enter_init tag=04cfd32a108dadfd jited_len=2524 xlated_len=4552 nr_jited_ksyms=1 ksym0=0xffffffffc04019a0 ksym1=0x0
[48.666634 pid=1940 tid=1954] BPF_MAP_UPDATE_ELEM prog_array name=sys_enter_init_ map_fd=10 map_id=123 key=534 prog_fd=60 prog_id=14 flags=0 ret=0 errno=0
[48.666731 pid=1940 tid=1954] native-loader jit-info prog_array-target fd=60 id=14 type=17 name=sys_enter_init tag=04cfd32a108dadfd jited_len=2524 xlated_len=4552 nr_jited_ksyms=1 ksym0=0xffffffffc04019a0 ksym1=0x0
[48.666886 pid=1940 tid=1954] BPF_MAP_UPDATE_ELEM prog_array name=sys_enter_submi map_fd=13 map_id=126 key=0 prog_fd=63 prog_id=15 flags=0 ret=0 errno=0
[48.666999 pid=1940 tid=1954] native-loader jit-info prog_array-target fd=63 id=15 type=17 name=sys_enter_submi tag=b007db728abdf9dd jited_len=17661 xlated_len=30040 nr_jited_ksyms=1 ksym0=0xffffffffc04023b0 ksym1=0x0
[48.667092 pid=1940 tid=1954] BPF_MAP_UPDATE_ELEM prog_array name=sys_enter_submi map_fd=13 map_id=126 key=1 prog_fd=63 prog_id=15 flags=0 ret=0 errno=0
[48.667430 pid=1940 tid=1954] native-loader jit-info prog_array-target fd=63 id=15 type=17 name=sys_enter_submi tag=b007db728abdf9dd jited_len=17661 xlated_len=30040 nr_jited_ksyms=1 ksym0=0xffffffffc04023b0 ksym1=0x0
[48.667549 pid=1940 tid=1954] BPF_MAP_UPDATE_ELEM prog_array name=sys_enter_submi map_fd=13 map_id=126 key=2 prog_fd=63 prog_id=15 flags=0 ret=0 errno=0
[48.667636 pid=1940 tid=1954] native-loader jit-info prog_array-target fd=63 id=15 type=17 name=sys_enter_submi tag=b007db728abdf9dd jited_len=17661 xlated_len=30040 nr_jited_ksyms=1 ksym0=0xffffffffc04023b0 ksym1=0x0
[48.667727 pid=1940 tid=1954] BPF_MAP_UPDATE_ELEM prog_array name=sys_enter_submi map_fd=13 map_id=126 key=3 prog_fd=63 prog_id=15 flags=0 ret=0 errno=0
[48.667813 pid=1940 tid=1954] native-loader jit-info prog_array-target fd=63 id=15 type=17 name=sys_enter_submi tag=b007db728abdf9dd jited_len=17661 xlated_len=30040 nr_jited_ksyms=1 ksym0=0xffffffffc04023b0 ksym1=0x0
[48.667903 pid=1940 tid=1954] BPF_MAP_UPDATE_ELEM prog_array name=sys_enter_submi map_fd=13 map_id=126 key=4 prog_fd=63 prog_id=15 flags=0 ret=0 errno=0
[48.668428 pid=1940 tid=1954] native-loader jit-info prog_array-target fd=63 id=15 type=17 name=sys_enter_submi tag=b007db728abdf9dd jited_len=17661 xlated_len=30040 nr_jited_ksyms=1 ksym0=0xffffffffc04023b0 ksym1=0x0
[48.668712 pid=1940 tid=1954] BPF_MAP_UPDATE_ELEM prog_array name=sys_enter_submi map_fd=13 map_id=126 key=5 prog_fd=63 prog_id=15 flags=0 ret=0 errno=0
[48.668812 pid=1940 tid=1954] native-loader jit-info prog_array-target fd=63 id=15 type=17 name=sys_enter_submi tag=b007db728abdf9dd jited_len=17661 xlated_len=30040 nr_jited_ksyms=1 ksym0=0xffffffffc04023b0 ksym1=0x0
[48.668899 pid=1940 tid=1954] BPF_MAP_UPDATE_ELEM prog_array name=sys_enter_submi map_fd=13 map_id=126 key=6 prog_fd=63 prog_id=15 flags=0 ret=0 errno=0
[48.668989 pid=1940 tid=1954] native-loader jit-info prog_array-target fd=63 id=15 type=17 name=sys_enter_submi tag=b007db728abdf9dd jited_len=17661 xlated_len=30040 nr_jited_ksyms=1 ksym0=0xffffffffc04023b0 ksym1=0x0
[48.669079 pid=1940 tid=1954] BPF_MAP_UPDATE_ELEM prog_array name=sys_enter_submi map_fd=13 map_id=126 key=7 prog_fd=63 prog_id=15 flags=0 ret=0 errno=0
[48.669164 pid=1940 tid=1954] native-loader jit-info prog_array-target fd=63 id=15 type=17 name=sys_enter_submi tag=b007db728abdf9dd jited_len=17661 xlated_len=30040 nr_jited_ksyms=1 ksym0=0xffffffffc04023b0 ksym1=0x0
[48.669255 pid=1940 tid=1954] BPF_MAP_UPDATE_ELEM prog_array name=sys_enter_submi map_fd=13 map_id=126 key=8 prog_fd=63 prog_id=15 flags=0 ret=0 errno=0
[48.669341 pid=1940 tid=1954] native-loader jit-info prog_array-target fd=63 id=15 type=17 name=sys_enter_submi tag=b007db728abdf9dd jited_len=17661 xlated_len=30040 nr_jited_ksyms=1 ksym0=0xffffffffc04023b0 ksym1=0x0
[48.669431 pid=1940 tid=1954] BPF_MAP_UPDATE_ELEM prog_array name=sys_enter_submi map_fd=13 map_id=126 key=9 prog_fd=63 prog_id=15 flags=0 ret=0 errno=0
[48.669516 pid=1940 tid=1954] native-loader jit-info prog_array-target fd=63 id=15 type=17 name=sys_enter_submi tag=b007db728abdf9dd jited_len=17661 xlated_len=30040 nr_jited_ksyms=1 ksym0=0xffffffffc04023b0 ksym1=0x0
[48.669607 pid=1940 tid=1954] BPF_MAP_UPDATE_ELEM prog_array name=sys_enter_submi map_fd=13 map_id=126 key=10 prog_fd=63 prog_id=15 flags=0 ret=0 errno=0
[48.669693 pid=1940 tid=1954] native-loader jit-info prog_array-target fd=63 id=15 type=17 name=sys_enter_submi tag=b007db728abdf9dd jited_len=17661 xlated_len=30040 nr_jited_ksyms=1 ksym0=0xffffffffc04023b0 ksym1=0x0
[48.669783 pid=1940 tid=1954] BPF_MAP_UPDATE_ELEM prog_array name=sys_enter_submi map_fd=13 map_id=126 key=11 prog_fd=63 prog_id=15 flags=0 ret=0 errno=0
[48.669868 pid=1940 tid=1954] native-loader jit-info prog_array-target fd=63 id=15 type=17 name=sys_enter_submi tag=b007db728abdf9dd jited_len=17661 xlated_len=30040 nr_jited_ksyms=1 ksym0=0xffffffffc04023b0 ksym1=0x0
[48.669961 pid=1940 tid=1954] BPF_MAP_UPDATE_ELEM prog_array name=sys_enter_submi map_fd=13 map_id=126 key=12 prog_fd=63 prog_id=15 flags=0 ret=0 errno=0
[48.670056 pid=1940 tid=1954] native-loader jit-info prog_array-target fd=63 id=15 type=17 name=sys_enter_submi tag=b007db728abdf9dd jited_len=17661 xlated_len=30040 nr_jited_ksyms=1 ksym0=0xffffffffc04023b0 ksym1=0x0
[48.670138 pid=1940 tid=1954] BPF_MAP_UPDATE_ELEM prog_array name=sys_enter_submi map_fd=13 map_id=126 key=13 prog_fd=63 prog_id=15 flags=0 ret=0 errno=0
[48.670223 pid=1940 tid=1954] native-loader jit-info prog_array-target fd=63 id=15 type=17 name=sys_enter_submi tag=b007db728abdf9dd jited_len=17661 xlated_len=30040 nr_jited_ksyms=1 ksym0=0xffffffffc04023b0 ksym1=0x0
[48.670313 pid=1940 tid=1954] BPF_MAP_UPDATE_ELEM prog_array name=sys_enter_submi map_fd=13 map_id=126 key=14 prog_fd=63 prog_id=15 flags=0 ret=0 errno=0
[48.670398 pid=1940 tid=1954] native-loader jit-info prog_array-target fd=63 id=15 type=17 name=sys_enter_submi tag=b007db728abdf9dd jited_len=17661 xlated_len=30040 nr_jited_ksyms=1 ksym0=0xffffffffc04023b0 ksym1=0x0
[48.670488 pid=1940 tid=1954] BPF_MAP_UPDATE_ELEM prog_array name=sys_enter_submi map_fd=13 map_id=126 key=15 prog_fd=63 prog_id=15 flags=0 ret=0 errno=0
[48.670575 pid=1940 tid=1954] native-loader jit-info prog_array-target fd=63 id=15 type=17 name=sys_enter_submi tag=b007db728abdf9dd jited_len=17661 xlated_len=30040 nr_jited_ksyms=1 ksym0=0xffffffffc04023b0 ksym1=0x0
[48.670666 pid=1940 tid=1954] BPF_MAP_UPDATE_ELEM prog_array name=sys_enter_submi map_fd=13 map_id=126 key=16 prog_fd=63 prog_id=15 flags=0 ret=0 errno=0
[48.670751 pid=1940 tid=1954] native-loader jit-info prog_array-target fd=63 id=15 type=17 name=sys_enter_submi tag=b007db728abdf9dd jited_len=17661 xlated_len=30040 nr_jited_ksyms=1 ksym0=0xffffffffc04023b0 ksym1=0x0
[48.670842 pid=1940 tid=1954] BPF_MAP_UPDATE_ELEM prog_array name=sys_enter_submi map_fd=13 map_id=126 key=17 prog_fd=63 prog_id=15 flags=0 ret=0 errno=0
[48.670931 pid=1940 tid=1954] native-loader jit-info prog_array-target fd=63 id=15 type=17 name=sys_enter_submi tag=b007db728abdf9dd jited_len=17661 xlated_len=30040 nr_jited_ksyms=1 ksym0=0xffffffffc04023b0 ksym1=0x0
[48.671021 pid=1940 tid=1954] BPF_MAP_UPDATE_ELEM prog_array name=sys_enter_submi map_fd=13 map_id=126 key=18 prog_fd=63 prog_id=15 flags=0 ret=0 errno=0
[48.671106 pid=1940 tid=1954] native-loader jit-info prog_array-target fd=63 id=15 type=17 name=sys_enter_submi tag=b007db728abdf9dd jited_len=17661 xlated_len=30040 nr_jited_ksyms=1 ksym0=0xffffffffc04023b0 ksym1=0x0
[48.671196 pid=1940 tid=1954] BPF_MAP_UPDATE_ELEM prog_array name=sys_enter_submi map_fd=13 map_id=126 key=19 prog_fd=63 prog_id=15 flags=0 ret=0 errno=0
[48.671282 pid=1940 tid=1954] native-loader jit-info prog_array-target fd=63 id=15 type=17 name=sys_enter_submi tag=b007db728abdf9dd jited_len=17661 xlated_len=30040 nr_jited_ksyms=1 ksym0=0xffffffffc04023b0 ksym1=0x0
[48.671372 pid=1940 tid=1954] BPF_MAP_UPDATE_ELEM prog_array name=sys_enter_submi map_fd=13 map_id=126 key=20 prog_fd=63 prog_id=15 flags=0 ret=0 errno=0
[48.671457 pid=1940 tid=1954] native-loader jit-info prog_array-target fd=63 id=15 type=17 name=sys_enter_submi tag=b007db728abdf9dd jited_len=17661 xlated_len=30040 nr_jited_ksyms=1 ksym0=0xffffffffc04023b0 ksym1=0x0
[48.671547 pid=1940 tid=1954] BPF_MAP_UPDATE_ELEM prog_array name=sys_enter_submi map_fd=13 map_id=126 key=21 prog_fd=63 prog_id=15 flags=0 ret=0 errno=0
[48.671633 pid=1940 tid=1954] native-loader jit-info prog_array-target fd=63 id=15 type=17 name=sys_enter_submi tag=b007db728abdf9dd jited_len=17661 xlated_len=30040 nr_jited_ksyms=1 ksym0=0xffffffffc04023b0 ksym1=0x0
[48.671722 pid=1940 tid=1954] BPF_MAP_UPDATE_ELEM prog_array name=sys_enter_submi map_fd=13 map_id=126 key=22 prog_fd=63 prog_id=15 flags=0 ret=0 errno=0
[48.671808 pid=1940 tid=1954] native-loader jit-info prog_array-target fd=63 id=15 type=17 name=sys_enter_submi tag=b007db728abdf9dd jited_len=17661 xlated_len=30040 nr_jited_ksyms=1 ksym0=0xffffffffc04023b0 ksym1=0x0
[48.671898 pid=1940 tid=1954] BPF_MAP_UPDATE_ELEM prog_array name=sys_enter_submi map_fd=13 map_id=126 key=23 prog_fd=63 prog_id=15 flags=0 ret=0 errno=0
[48.671986 pid=1940 tid=1954] native-loader jit-info prog_array-target fd=63 id=15 type=17 name=sys_enter_submi tag=b007db728abdf9dd jited_len=17661 xlated_len=30040 nr_jited_ksyms=1 ksym0=0xffffffffc04023b0 ksym1=0x0
[48.672075 pid=1940 tid=1954] BPF_MAP_UPDATE_ELEM prog_array name=sys_enter_submi map_fd=13 map_id=126 key=24 prog_fd=63 prog_id=15 flags=0 ret=0 errno=0
[48.672161 pid=1940 tid=1954] native-loader jit-info prog_array-target fd=63 id=15 type=17 name=sys_enter_submi tag=b007db728abdf9dd jited_len=17661 xlated_len=30040 nr_jited_ksyms=1 ksym0=0xffffffffc04023b0 ksym1=0x0
[48.672250 pid=1940 tid=1954] BPF_MAP_UPDATE_ELEM prog_array name=sys_enter_submi map_fd=13 map_id=126 key=25 prog_fd=63 prog_id=15 flags=0 ret=0 errno=0
[48.672335 pid=1940 tid=1954] native-loader jit-info prog_array-target fd=63 id=15 type=17 name=sys_enter_submi tag=b007db728abdf9dd jited_len=17661 xlated_len=30040 nr_jited_ksyms=1 ksym0=0xffffffffc04023b0 ksym1=0x0
[48.672425 pid=1940 tid=1954] BPF_MAP_UPDATE_ELEM prog_array name=sys_enter_submi map_fd=13 map_id=126 key=26 prog_fd=63 prog_id=15 flags=0 ret=0 errno=0
[48.672601 pid=1940 tid=1954] native-loader jit-info prog_array-target fd=63 id=15 type=17 name=sys_enter_submi tag=b007db728abdf9dd jited_len=17661 xlated_len=30040 nr_jited_ksyms=1 ksym0=0xffffffffc04023b0 ksym1=0x0
[48.672683 pid=1940 tid=1954] BPF_MAP_UPDATE_ELEM prog_array name=sys_enter_submi map_fd=13 map_id=126 key=27 prog_fd=63 prog_id=15 flags=0 ret=0 errno=0
[48.672769 pid=1940 tid=1954] native-loader jit-info prog_array-target fd=63 id=15 type=17 name=sys_enter_submi tag=b007db728abdf9dd jited_len=17661 xlated_len=30040 nr_jited_ksyms=1 ksym0=0xffffffffc04023b0 ksym1=0x0
[48.672858 pid=1940 tid=1954] BPF_MAP_UPDATE_ELEM prog_array name=sys_enter_submi map_fd=13 map_id=126 key=28 prog_fd=63 prog_id=15 flags=0 ret=0 errno=0
[48.672946 pid=1940 tid=1954] native-loader jit-info prog_array-target fd=63 id=15 type=17 name=sys_enter_submi tag=b007db728abdf9dd jited_len=17661 xlated_len=30040 nr_jited_ksyms=1 ksym0=0xffffffffc04023b0 ksym1=0x0
[48.673036 pid=1940 tid=1954] BPF_MAP_UPDATE_ELEM prog_array name=sys_enter_submi map_fd=13 map_id=126 key=29 prog_fd=63 prog_id=15 flags=0 ret=0 errno=0
[48.673149 pid=1940 tid=1954] native-loader jit-info prog_array-target fd=63 id=15 type=17 name=sys_enter_submi tag=b007db728abdf9dd jited_len=17661 xlated_len=30040 nr_jited_ksyms=1 ksym0=0xffffffffc04023b0 ksym1=0x0
[48.673239 pid=1940 tid=1954] BPF_MAP_UPDATE_ELEM prog_array name=sys_enter_submi map_fd=13 map_id=126 key=30 prog_fd=63 prog_id=15 flags=0 ret=0 errno=0
[48.673386 pid=1940 tid=1954] native-loader jit-info prog_array-target fd=63 id=15 type=17 name=sys_enter_submi tag=b007db728abdf9dd jited_len=17661 xlated_len=30040 nr_jited_ksyms=1 ksym0=0xffffffffc04023b0 ksym1=0x0
[48.673477 pid=1940 tid=1954] BPF_MAP_UPDATE_ELEM prog_array name=sys_enter_submi map_fd=13 map_id=126 key=31 prog_fd=63 prog_id=15 flags=0 ret=0 errno=0
[48.673562 pid=1940 tid=1954] native-loader jit-info prog_array-target fd=63 id=15 type=17 name=sys_enter_submi tag=b007db728abdf9dd jited_len=17661 xlated_len=30040 nr_jited_ksyms=1 ksym0=0xffffffffc04023b0 ksym1=0x0
[48.673651 pid=1940 tid=1954] BPF_MAP_UPDATE_ELEM prog_array name=sys_enter_submi map_fd=13 map_id=126 key=34 prog_fd=63 prog_id=15 flags=0 ret=0 errno=0
[48.673736 pid=1940 tid=1954] native-loader jit-info prog_array-target fd=63 id=15 type=17 name=sys_enter_submi tag=b007db728abdf9dd jited_len=17661 xlated_len=30040 nr_jited_ksyms=1 ksym0=0xffffffffc04023b0 ksym1=0x0
[48.673827 pid=1940 tid=1954] BPF_MAP_UPDATE_ELEM prog_array name=sys_enter_submi map_fd=13 map_id=126 key=35 prog_fd=63 prog_id=15 flags=0 ret=0 errno=0
[48.673970 pid=1940 tid=1954] native-loader jit-info prog_array-target fd=63 id=15 type=17 name=sys_enter_submi tag=b007db728abdf9dd jited_len=17661 xlated_len=30040 nr_jited_ksyms=1 ksym0=0xffffffffc04023b0 ksym1=0x0
[48.674060 pid=1940 tid=1954] BPF_MAP_UPDATE_ELEM prog_array name=sys_enter_submi map_fd=13 map_id=126 key=36 prog_fd=63 prog_id=15 flags=0 ret=0 errno=0
[48.674145 pid=1940 tid=1954] native-loader jit-info prog_array-target fd=63 id=15 type=17 name=sys_enter_submi tag=b007db728abdf9dd jited_len=17661 xlated_len=30040 nr_jited_ksyms=1 ksym0=0xffffffffc04023b0 ksym1=0x0
[48.674235 pid=1940 tid=1954] BPF_MAP_UPDATE_ELEM prog_array name=sys_enter_submi map_fd=13 map_id=126 key=37 prog_fd=63 prog_id=15 flags=0 ret=0 errno=0
[48.674320 pid=1940 tid=1954] native-loader jit-info prog_array-target fd=63 id=15 type=17 name=sys_enter_submi tag=b007db728abdf9dd jited_len=17661 xlated_len=30040 nr_jited_ksyms=1 ksym0=0xffffffffc04023b0 ksym1=0x0
[48.674411 pid=1940 tid=1954] BPF_MAP_UPDATE_ELEM prog_array name=sys_enter_submi map_fd=13 map_id=126 key=38 prog_fd=63 prog_id=15 flags=0 ret=0 errno=0
[48.674496 pid=1940 tid=1954] native-loader jit-info prog_array-target fd=63 id=15 type=17 name=sys_enter_submi tag=b007db728abdf9dd jited_len=17661 xlated_len=30040 nr_jited_ksyms=1 ksym0=0xffffffffc04023b0 ksym1=0x0
[48.674586 pid=1940 tid=1954] BPF_MAP_UPDATE_ELEM prog_array name=sys_enter_submi map_fd=13 map_id=126 key=39 prog_fd=63 prog_id=15 flags=0 ret=0 errno=0
[48.674671 pid=1940 tid=1954] native-loader jit-info prog_array-target fd=63 id=15 type=17 name=sys_enter_submi tag=b007db728abdf9dd jited_len=17661 xlated_len=30040 nr_jited_ksyms=1 ksym0=0xffffffffc04023b0 ksym1=0x0
[48.674760 pid=1940 tid=1954] BPF_MAP_UPDATE_ELEM prog_array name=sys_enter_submi map_fd=13 map_id=126 key=40 prog_fd=63 prog_id=15 flags=0 ret=0 errno=0
[48.674846 pid=1940 tid=1954] native-loader jit-info prog_array-target fd=63 id=15 type=17 name=sys_enter_submi tag=b007db728abdf9dd jited_len=17661 xlated_len=30040 nr_jited_ksyms=1 ksym0=0xffffffffc04023b0 ksym1=0x0
[48.674939 pid=1940 tid=1954] BPF_MAP_UPDATE_ELEM prog_array name=sys_enter_submi map_fd=13 map_id=126 key=41 prog_fd=63 prog_id=15 flags=0 ret=0 errno=0
[48.675026 pid=1940 tid=1954] native-loader jit-info prog_array-target fd=63 id=15 type=17 name=sys_enter_submi tag=b007db728abdf9dd jited_len=17661 xlated_len=30040 nr_jited_ksyms=1 ksym0=0xffffffffc04023b0 ksym1=0x0
[48.675115 pid=1940 tid=1954] BPF_MAP_UPDATE_ELEM prog_array name=sys_enter_submi map_fd=13 map_id=126 key=42 prog_fd=63 prog_id=15 flags=0 ret=0 errno=0
[48.675201 pid=1940 tid=1954] native-loader jit-info prog_array-target fd=63 id=15 type=17 name=sys_enter_submi tag=b007db728abdf9dd jited_len=17661 xlated_len=30040 nr_jited_ksyms=1 ksym0=0xffffffffc04023b0 ksym1=0x0
[48.675291 pid=1940 tid=1954] BPF_MAP_UPDATE_ELEM prog_array name=sys_enter_submi map_fd=13 map_id=126 key=43 prog_fd=63 prog_id=15 flags=0 ret=0 errno=0
[48.675377 pid=1940 tid=1954] native-loader jit-info prog_array-target fd=63 id=15 type=17 name=sys_enter_submi tag=b007db728abdf9dd jited_len=17661 xlated_len=30040 nr_jited_ksyms=1 ksym0=0xffffffffc04023b0 ksym1=0x0
[48.675467 pid=1940 tid=1954] BPF_MAP_UPDATE_ELEM prog_array name=sys_enter_submi map_fd=13 map_id=126 key=44 prog_fd=63 prog_id=15 flags=0 ret=0 errno=0
[48.675553 pid=1940 tid=1954] native-loader jit-info prog_array-target fd=63 id=15 type=17 name=sys_enter_submi tag=b007db728abdf9dd jited_len=17661 xlated_len=30040 nr_jited_ksyms=1 ksym0=0xffffffffc04023b0 ksym1=0x0
[48.675642 pid=1940 tid=1954] BPF_MAP_UPDATE_ELEM prog_array name=sys_enter_submi map_fd=13 map_id=126 key=45 prog_fd=63 prog_id=15 flags=0 ret=0 errno=0
[48.675728 pid=1940 tid=1954] native-loader jit-info prog_array-target fd=63 id=15 type=17 name=sys_enter_submi tag=b007db728abdf9dd jited_len=17661 xlated_len=30040 nr_jited_ksyms=1 ksym0=0xffffffffc04023b0 ksym1=0x0
[48.675817 pid=1940 tid=1954] BPF_MAP_UPDATE_ELEM prog_array name=sys_enter_submi map_fd=13 map_id=126 key=46 prog_fd=63 prog_id=15 flags=0 ret=0 errno=0
[48.675904 pid=1940 tid=1954] native-loader jit-info prog_array-target fd=63 id=15 type=17 name=sys_enter_submi tag=b007db728abdf9dd jited_len=17661 xlated_len=30040 nr_jited_ksyms=1 ksym0=0xffffffffc04023b0 ksym1=0x0
[48.675995 pid=1940 tid=1954] BPF_MAP_UPDATE_ELEM prog_array name=sys_enter_submi map_fd=13 map_id=126 key=47 prog_fd=63 prog_id=15 flags=0 ret=0 errno=0
[48.676081 pid=1940 tid=1954] native-loader jit-info prog_array-target fd=63 id=15 type=17 name=sys_enter_submi tag=b007db728abdf9dd jited_len=17661 xlated_len=30040 nr_jited_ksyms=1 ksym0=0xffffffffc04023b0 ksym1=0x0
[48.676172 pid=1940 tid=1954] BPF_MAP_UPDATE_ELEM prog_array name=sys_enter_submi map_fd=13 map_id=126 key=48 prog_fd=63 prog_id=15 flags=0 ret=0 errno=0
[48.676258 pid=1940 tid=1954] native-loader jit-info prog_array-target fd=63 id=15 type=17 name=sys_enter_submi tag=b007db728abdf9dd jited_len=17661 xlated_len=30040 nr_jited_ksyms=1 ksym0=0xffffffffc04023b0 ksym1=0x0
[48.676348 pid=1940 tid=1954] BPF_MAP_UPDATE_ELEM prog_array name=sys_enter_submi map_fd=13 map_id=126 key=49 prog_fd=63 prog_id=15 flags=0 ret=0 errno=0
[48.676653 pid=1940 tid=1954] native-loader jit-info prog_array-target fd=63 id=15 type=17 name=sys_enter_submi tag=b007db728abdf9dd jited_len=17661 xlated_len=30040 nr_jited_ksyms=1 ksym0=0xffffffffc04023b0 ksym1=0x0
[48.676755 pid=1940 tid=1954] BPF_MAP_UPDATE_ELEM prog_array name=sys_enter_submi map_fd=13 map_id=126 key=50 prog_fd=63 prog_id=15 flags=0 ret=0 errno=0
[48.676842 pid=1940 tid=1954] native-loader jit-info prog_array-target fd=63 id=15 type=17 name=sys_enter_submi tag=b007db728abdf9dd jited_len=17661 xlated_len=30040 nr_jited_ksyms=1 ksym0=0xffffffffc04023b0 ksym1=0x0
[48.676935 pid=1940 tid=1954] BPF_MAP_UPDATE_ELEM prog_array name=sys_enter_submi map_fd=13 map_id=126 key=51 prog_fd=63 prog_id=15 flags=0 ret=0 errno=0
[48.677023 pid=1940 tid=1954] native-loader jit-info prog_array-target fd=63 id=15 type=17 name=sys_enter_submi tag=b007db728abdf9dd jited_len=17661 xlated_len=30040 nr_jited_ksyms=1 ksym0=0xffffffffc04023b0 ksym1=0x0
[48.677113 pid=1940 tid=1954] BPF_MAP_UPDATE_ELEM prog_array name=sys_enter_submi map_fd=13 map_id=126 key=52 prog_fd=63 prog_id=15 flags=0 ret=0 errno=0
[48.677199 pid=1940 tid=1954] native-loader jit-info prog_array-target fd=63 id=15 type=17 name=sys_enter_submi tag=b007db728abdf9dd jited_len=17661 xlated_len=30040 nr_jited_ksyms=1 ksym0=0xffffffffc04023b0 ksym1=0x0
[48.677288 pid=1940 tid=1954] BPF_MAP_UPDATE_ELEM prog_array name=sys_enter_submi map_fd=13 map_id=126 key=53 prog_fd=63 prog_id=15 flags=0 ret=0 errno=0
[48.677374 pid=1940 tid=1954] native-loader jit-info prog_array-target fd=63 id=15 type=17 name=sys_enter_submi tag=b007db728abdf9dd jited_len=17661 xlated_len=30040 nr_jited_ksyms=1 ksym0=0xffffffffc04023b0 ksym1=0x0
[48.677464 pid=1940 tid=1954] BPF_MAP_UPDATE_ELEM prog_array name=sys_enter_submi map_fd=13 map_id=126 key=54 prog_fd=63 prog_id=15 flags=0 ret=0 errno=0
[48.677550 pid=1940 tid=1954] native-loader jit-info prog_array-target fd=63 id=15 type=17 name=sys_enter_submi tag=b007db728abdf9dd jited_len=17661 xlated_len=30040 nr_jited_ksyms=1 ksym0=0xffffffffc04023b0 ksym1=0x0
[48.677640 pid=1940 tid=1954] BPF_MAP_UPDATE_ELEM prog_array name=sys_enter_submi map_fd=13 map_id=126 key=55 prog_fd=63 prog_id=15 flags=0 ret=0 errno=0
[48.677727 pid=1940 tid=1954] native-loader jit-info prog_array-target fd=63 id=15 type=17 name=sys_enter_submi tag=b007db728abdf9dd jited_len=17661 xlated_len=30040 nr_jited_ksyms=1 ksym0=0xffffffffc04023b0 ksym1=0x0
[48.677817 pid=1940 tid=1954] BPF_MAP_UPDATE_ELEM prog_array name=sys_enter_submi map_fd=13 map_id=126 key=56 prog_fd=63 prog_id=15 flags=0 ret=0 errno=0
[48.677903 pid=1940 tid=1954] native-loader jit-info prog_array-target fd=63 id=15 type=17 name=sys_enter_submi tag=b007db728abdf9dd jited_len=17661 xlated_len=30040 nr_jited_ksyms=1 ksym0=0xffffffffc04023b0 ksym1=0x0
[48.677996 pid=1940 tid=1954] BPF_MAP_UPDATE_ELEM prog_array name=sys_enter_submi map_fd=13 map_id=126 key=57 prog_fd=63 prog_id=15 flags=0 ret=0 errno=0
[48.678425 pid=1940 tid=1954] native-loader jit-info prog_array-target fd=63 id=15 type=17 name=sys_enter_submi tag=b007db728abdf9dd jited_len=17661 xlated_len=30040 nr_jited_ksyms=1 ksym0=0xffffffffc04023b0 ksym1=0x0
[48.678605 pid=1940 tid=1954] BPF_MAP_UPDATE_ELEM prog_array name=sys_enter_submi map_fd=13 map_id=126 key=58 prog_fd=63 prog_id=15 flags=0 ret=0 errno=0
[48.678708 pid=1940 tid=1954] native-loader jit-info prog_array-target fd=63 id=15 type=17 name=sys_enter_submi tag=b007db728abdf9dd jited_len=17661 xlated_len=30040 nr_jited_ksyms=1 ksym0=0xffffffffc04023b0 ksym1=0x0
[48.678800 pid=1940 tid=1954] BPF_MAP_UPDATE_ELEM prog_array name=sys_enter_submi map_fd=13 map_id=126 key=59 prog_fd=63 prog_id=15 flags=0 ret=0 errno=0
[48.678885 pid=1940 tid=1954] native-loader jit-info prog_array-target fd=63 id=15 type=17 name=sys_enter_submi tag=b007db728abdf9dd jited_len=17661 xlated_len=30040 nr_jited_ksyms=1 ksym0=0xffffffffc04023b0 ksym1=0x0
[48.678958 pid=1940 tid=1954] BPF_MAP_UPDATE_ELEM prog_array name=sys_enter_submi map_fd=13 map_id=126 key=60 prog_fd=63 prog_id=15 flags=0 ret=0 errno=0
[48.679135 pid=1940 tid=1954] native-loader jit-info prog_array-target fd=63 id=15 type=17 name=sys_enter_submi tag=b007db728abdf9dd jited_len=17661 xlated_len=30040 nr_jited_ksyms=1 ksym0=0xffffffffc04023b0 ksym1=0x0
[48.679223 pid=1940 tid=1954] BPF_MAP_UPDATE_ELEM prog_array name=sys_enter_submi map_fd=13 map_id=126 key=61 prog_fd=63 prog_id=15 flags=0 ret=0 errno=0
[48.679364 pid=1940 tid=1954] native-loader jit-info prog_array-target fd=63 id=15 type=17 name=sys_enter_submi tag=b007db728abdf9dd jited_len=17661 xlated_len=30040 nr_jited_ksyms=1 ksym0=0xffffffffc04023b0 ksym1=0x0
[48.679455 pid=1940 tid=1954] BPF_MAP_UPDATE_ELEM prog_array name=sys_enter_submi map_fd=13 map_id=126 key=62 prog_fd=63 prog_id=15 flags=0 ret=0 errno=0
[48.679541 pid=1940 tid=1954] native-loader jit-info prog_array-target fd=63 id=15 type=17 name=sys_enter_submi tag=b007db728abdf9dd jited_len=17661 xlated_len=30040 nr_jited_ksyms=1 ksym0=0xffffffffc04023b0 ksym1=0x0
[48.679632 pid=1940 tid=1954] BPF_MAP_UPDATE_ELEM prog_array name=sys_enter_submi map_fd=13 map_id=126 key=63 prog_fd=63 prog_id=15 flags=0 ret=0 errno=0
[48.679717 pid=1940 tid=1954] native-loader jit-info prog_array-target fd=63 id=15 type=17 name=sys_enter_submi tag=b007db728abdf9dd jited_len=17661 xlated_len=30040 nr_jited_ksyms=1 ksym0=0xffffffffc04023b0 ksym1=0x0
[48.679808 pid=1940 tid=1954] BPF_MAP_UPDATE_ELEM prog_array name=sys_enter_submi map_fd=13 map_id=126 key=64 prog_fd=63 prog_id=15 flags=0 ret=0 errno=0
[48.679973 pid=1940 tid=1954] native-loader jit-info prog_array-target fd=63 id=15 type=17 name=sys_enter_submi tag=b007db728abdf9dd jited_len=17661 xlated_len=30040 nr_jited_ksyms=1 ksym0=0xffffffffc04023b0 ksym1=0x0
[48.680078 pid=1940 tid=1954] BPF_MAP_UPDATE_ELEM prog_array name=sys_enter_submi map_fd=13 map_id=126 key=65 prog_fd=63 prog_id=15 flags=0 ret=0 errno=0
[48.680177 pid=1940 tid=1954] native-loader jit-info prog_array-target fd=63 id=15 type=17 name=sys_enter_submi tag=b007db728abdf9dd jited_len=17661 xlated_len=30040 nr_jited_ksyms=1 ksym0=0xffffffffc04023b0 ksym1=0x0
[48.680280 pid=1940 tid=1954] BPF_MAP_UPDATE_ELEM prog_array name=sys_enter_submi map_fd=13 map_id=126 key=66 prog_fd=63 prog_id=15 flags=0 ret=0 errno=0
[48.680379 pid=1940 tid=1954] native-loader jit-info prog_array-target fd=63 id=15 type=17 name=sys_enter_submi tag=b007db728abdf9dd jited_len=17661 xlated_len=30040 nr_jited_ksyms=1 ksym0=0xffffffffc04023b0 ksym1=0x0
[48.680474 pid=1940 tid=1954] BPF_MAP_UPDATE_ELEM prog_array name=sys_enter_submi map_fd=13 map_id=126 key=67 prog_fd=63 prog_id=15 flags=0 ret=0 errno=0
[48.680560 pid=1940 tid=1954] native-loader jit-info prog_array-target fd=63 id=15 type=17 name=sys_enter_submi tag=b007db728abdf9dd jited_len=17661 xlated_len=30040 nr_jited_ksyms=1 ksym0=0xffffffffc04023b0 ksym1=0x0
[48.680650 pid=1940 tid=1954] BPF_MAP_UPDATE_ELEM prog_array name=sys_enter_submi map_fd=13 map_id=126 key=68 prog_fd=63 prog_id=15 flags=0 ret=0 errno=0
[48.680736 pid=1940 tid=1954] native-loader jit-info prog_array-target fd=63 id=15 type=17 name=sys_enter_submi tag=b007db728abdf9dd jited_len=17661 xlated_len=30040 nr_jited_ksyms=1 ksym0=0xffffffffc04023b0 ksym1=0x0
[48.680827 pid=1940 tid=1954] BPF_MAP_UPDATE_ELEM prog_array name=sys_enter_submi map_fd=13 map_id=126 key=69 prog_fd=63 prog_id=15 flags=0 ret=0 errno=0
[48.680914 pid=1940 tid=1954] native-loader jit-info prog_array-target fd=63 id=15 type=17 name=sys_enter_submi tag=b007db728abdf9dd jited_len=17661 xlated_len=30040 nr_jited_ksyms=1 ksym0=0xffffffffc04023b0 ksym1=0x0
[48.681006 pid=1940 tid=1954] BPF_MAP_UPDATE_ELEM prog_array name=sys_enter_submi map_fd=13 map_id=126 key=70 prog_fd=63 prog_id=15 flags=0 ret=0 errno=0
[48.681092 pid=1940 tid=1954] native-loader jit-info prog_array-target fd=63 id=15 type=17 name=sys_enter_submi tag=b007db728abdf9dd jited_len=17661 xlated_len=30040 nr_jited_ksyms=1 ksym0=0xffffffffc04023b0 ksym1=0x0
[48.681182 pid=1940 tid=1954] BPF_MAP_UPDATE_ELEM prog_array name=sys_enter_submi map_fd=13 map_id=126 key=71 prog_fd=63 prog_id=15 flags=0 ret=0 errno=0
[48.681268 pid=1940 tid=1954] native-loader jit-info prog_array-target fd=63 id=15 type=17 name=sys_enter_submi tag=b007db728abdf9dd jited_len=17661 xlated_len=30040 nr_jited_ksyms=1 ksym0=0xffffffffc04023b0 ksym1=0x0
[48.681358 pid=1940 tid=1954] BPF_MAP_UPDATE_ELEM prog_array name=sys_enter_submi map_fd=13 map_id=126 key=72 prog_fd=63 prog_id=15 flags=0 ret=0 errno=0
[48.681444 pid=1940 tid=1954] native-loader jit-info prog_array-target fd=63 id=15 type=17 name=sys_enter_submi tag=b007db728abdf9dd jited_len=17661 xlated_len=30040 nr_jited_ksyms=1 ksym0=0xffffffffc04023b0 ksym1=0x0
[48.681534 pid=1940 tid=1954] BPF_MAP_UPDATE_ELEM prog_array name=sys_enter_submi map_fd=13 map_id=126 key=73 prog_fd=63 prog_id=15 flags=0 ret=0 errno=0
[48.681620 pid=1940 tid=1954] native-loader jit-info prog_array-target fd=63 id=15 type=17 name=sys_enter_submi tag=b007db728abdf9dd jited_len=17661 xlated_len=30040 nr_jited_ksyms=1 ksym0=0xffffffffc04023b0 ksym1=0x0
[48.681710 pid=1940 tid=1954] BPF_MAP_UPDATE_ELEM prog_array name=sys_enter_submi map_fd=13 map_id=126 key=74 prog_fd=63 prog_id=15 flags=0 ret=0 errno=0
[48.681797 pid=1940 tid=1954] native-loader jit-info prog_array-target fd=63 id=15 type=17 name=sys_enter_submi tag=b007db728abdf9dd jited_len=17661 xlated_len=30040 nr_jited_ksyms=1 ksym0=0xffffffffc04023b0 ksym1=0x0
[48.681887 pid=1940 tid=1954] BPF_MAP_UPDATE_ELEM prog_array name=sys_enter_submi map_fd=13 map_id=126 key=75 prog_fd=63 prog_id=15 flags=0 ret=0 errno=0
[48.681977 pid=1940 tid=1954] native-loader jit-info prog_array-target fd=63 id=15 type=17 name=sys_enter_submi tag=b007db728abdf9dd jited_len=17661 xlated_len=30040 nr_jited_ksyms=1 ksym0=0xffffffffc04023b0 ksym1=0x0
[48.682067 pid=1940 tid=1954] BPF_MAP_UPDATE_ELEM prog_array name=sys_enter_submi map_fd=13 map_id=126 key=76 prog_fd=63 prog_id=15 flags=0 ret=0 errno=0
[48.682153 pid=1940 tid=1954] native-loader jit-info prog_array-target fd=63 id=15 type=17 name=sys_enter_submi tag=b007db728abdf9dd jited_len=17661 xlated_len=30040 nr_jited_ksyms=1 ksym0=0xffffffffc04023b0 ksym1=0x0
[48.682243 pid=1940 tid=1954] BPF_MAP_UPDATE_ELEM prog_array name=sys_enter_submi map_fd=13 map_id=126 key=77 prog_fd=63 prog_id=15 flags=0 ret=0 errno=0
[48.682331 pid=1940 tid=1954] native-loader jit-info prog_array-target fd=63 id=15 type=17 name=sys_enter_submi tag=b007db728abdf9dd jited_len=17661 xlated_len=30040 nr_jited_ksyms=1 ksym0=0xffffffffc04023b0 ksym1=0x0
[48.682424 pid=1940 tid=1954] BPF_MAP_UPDATE_ELEM prog_array name=sys_enter_submi map_fd=13 map_id=126 key=78 prog_fd=63 prog_id=15 flags=0 ret=0 errno=0
[48.682512 pid=1940 tid=1954] native-loader jit-info prog_array-target fd=63 id=15 type=17 name=sys_enter_submi tag=b007db728abdf9dd jited_len=17661 xlated_len=30040 nr_jited_ksyms=1 ksym0=0xffffffffc04023b0 ksym1=0x0
[48.682603 pid=1940 tid=1954] BPF_MAP_UPDATE_ELEM prog_array name=sys_enter_submi map_fd=13 map_id=126 key=79 prog_fd=63 prog_id=15 flags=0 ret=0 errno=0
[48.682689 pid=1940 tid=1954] native-loader jit-info prog_array-target fd=63 id=15 type=17 name=sys_enter_submi tag=b007db728abdf9dd jited_len=17661 xlated_len=30040 nr_jited_ksyms=1 ksym0=0xffffffffc04023b0 ksym1=0x0
[48.682780 pid=1940 tid=1954] BPF_MAP_UPDATE_ELEM prog_array name=sys_enter_submi map_fd=13 map_id=126 key=80 prog_fd=63 prog_id=15 flags=0 ret=0 errno=0
[48.682866 pid=1940 tid=1954] native-loader jit-info prog_array-target fd=63 id=15 type=17 name=sys_enter_submi tag=b007db728abdf9dd jited_len=17661 xlated_len=30040 nr_jited_ksyms=1 ksym0=0xffffffffc04023b0 ksym1=0x0
[48.682959 pid=1940 tid=1954] BPF_MAP_UPDATE_ELEM prog_array name=sys_enter_submi map_fd=13 map_id=126 key=81 prog_fd=63 prog_id=15 flags=0 ret=0 errno=0
[48.683044 pid=1940 tid=1954] native-loader jit-info prog_array-target fd=63 id=15 type=17 name=sys_enter_submi tag=b007db728abdf9dd jited_len=17661 xlated_len=30040 nr_jited_ksyms=1 ksym0=0xffffffffc04023b0 ksym1=0x0
[48.683134 pid=1940 tid=1954] BPF_MAP_UPDATE_ELEM prog_array name=sys_enter_submi map_fd=13 map_id=126 key=82 prog_fd=63 prog_id=15 flags=0 ret=0 errno=0
[48.683221 pid=1940 tid=1954] native-loader jit-info prog_array-target fd=63 id=15 type=17 name=sys_enter_submi tag=b007db728abdf9dd jited_len=17661 xlated_len=30040 nr_jited_ksyms=1 ksym0=0xffffffffc04023b0 ksym1=0x0
[48.683311 pid=1940 tid=1954] BPF_MAP_UPDATE_ELEM prog_array name=sys_enter_submi map_fd=13 map_id=126 key=83 prog_fd=63 prog_id=15 flags=0 ret=0 errno=0
[48.683397 pid=1940 tid=1954] native-loader jit-info prog_array-target fd=63 id=15 type=17 name=sys_enter_submi tag=b007db728abdf9dd jited_len=17661 xlated_len=30040 nr_jited_ksyms=1 ksym0=0xffffffffc04023b0 ksym1=0x0
[48.683487 pid=1940 tid=1954] BPF_MAP_UPDATE_ELEM prog_array name=sys_enter_submi map_fd=13 map_id=126 key=84 prog_fd=63 prog_id=15 flags=0 ret=0 errno=0
[48.683573 pid=1940 tid=1954] native-loader jit-info prog_array-target fd=63 id=15 type=17 name=sys_enter_submi tag=b007db728abdf9dd jited_len=17661 xlated_len=30040 nr_jited_ksyms=1 ksym0=0xffffffffc04023b0 ksym1=0x0
[48.683662 pid=1940 tid=1954] BPF_MAP_UPDATE_ELEM prog_array name=sys_enter_submi map_fd=13 map_id=126 key=85 prog_fd=63 prog_id=15 flags=0 ret=0 errno=0
[48.683748 pid=1940 tid=1954] native-loader jit-info prog_array-target fd=63 id=15 type=17 name=sys_enter_submi tag=b007db728abdf9dd jited_len=17661 xlated_len=30040 nr_jited_ksyms=1 ksym0=0xffffffffc04023b0 ksym1=0x0
[48.683838 pid=1940 tid=1954] BPF_MAP_UPDATE_ELEM prog_array name=sys_enter_submi map_fd=13 map_id=126 key=86 prog_fd=63 prog_id=15 flags=0 ret=0 errno=0
[48.683924 pid=1940 tid=1954] native-loader jit-info prog_array-target fd=63 id=15 type=17 name=sys_enter_submi tag=b007db728abdf9dd jited_len=17661 xlated_len=30040 nr_jited_ksyms=1 ksym0=0xffffffffc04023b0 ksym1=0x0
[48.684017 pid=1940 tid=1954] BPF_MAP_UPDATE_ELEM prog_array name=sys_enter_submi map_fd=13 map_id=126 key=87 prog_fd=63 prog_id=15 flags=0 ret=0 errno=0
[48.684104 pid=1940 tid=1954] native-loader jit-info prog_array-target fd=63 id=15 type=17 name=sys_enter_submi tag=b007db728abdf9dd jited_len=17661 xlated_len=30040 nr_jited_ksyms=1 ksym0=0xffffffffc04023b0 ksym1=0x0
[48.684194 pid=1940 tid=1954] BPF_MAP_UPDATE_ELEM prog_array name=sys_enter_submi map_fd=13 map_id=126 key=88 prog_fd=63 prog_id=15 flags=0 ret=0 errno=0
[48.684280 pid=1940 tid=1954] native-loader jit-info prog_array-target fd=63 id=15 type=17 name=sys_enter_submi tag=b007db728abdf9dd jited_len=17661 xlated_len=30040 nr_jited_ksyms=1 ksym0=0xffffffffc04023b0 ksym1=0x0
[48.684370 pid=1940 tid=1954] BPF_MAP_UPDATE_ELEM prog_array name=sys_enter_submi map_fd=13 map_id=126 key=89 prog_fd=63 prog_id=15 flags=0 ret=0 errno=0
[48.684693 pid=1940 tid=1954] native-loader jit-info prog_array-target fd=63 id=15 type=17 name=sys_enter_submi tag=b007db728abdf9dd jited_len=17661 xlated_len=30040 nr_jited_ksyms=1 ksym0=0xffffffffc04023b0 ksym1=0x0
[48.684797 pid=1940 tid=1954] BPF_MAP_UPDATE_ELEM prog_array name=sys_enter_submi map_fd=13 map_id=126 key=90 prog_fd=63 prog_id=15 flags=0 ret=0 errno=0
[48.685374 pid=1940 tid=1954] native-loader jit-info prog_array-target fd=63 id=15 type=17 name=sys_enter_submi tag=b007db728abdf9dd jited_len=17661 xlated_len=30040 nr_jited_ksyms=1 ksym0=0xffffffffc04023b0 ksym1=0x0
[48.685763 pid=1940 tid=1954] BPF_MAP_UPDATE_ELEM prog_array name=sys_enter_submi map_fd=13 map_id=126 key=91 prog_fd=63 prog_id=15 flags=0 ret=0 errno=0
[48.686194 pid=1940 tid=1954] native-loader jit-info prog_array-target fd=63 id=15 type=17 name=sys_enter_submi tag=b007db728abdf9dd jited_len=17661 xlated_len=30040 nr_jited_ksyms=1 ksym0=0xffffffffc04023b0 ksym1=0x0
[48.686659 pid=1940 tid=1954] BPF_MAP_UPDATE_ELEM prog_array name=sys_enter_submi map_fd=13 map_id=126 key=92 prog_fd=63 prog_id=15 flags=0 ret=0 errno=0
[48.686941 pid=1940 tid=1954] native-loader jit-info prog_array-target fd=63 id=15 type=17 name=sys_enter_submi tag=b007db728abdf9dd jited_len=17661 xlated_len=30040 nr_jited_ksyms=1 ksym0=0xffffffffc04023b0 ksym1=0x0
[48.687228 pid=1940 tid=1954] BPF_MAP_UPDATE_ELEM prog_array name=sys_enter_submi map_fd=13 map_id=126 key=93 prog_fd=63 prog_id=15 flags=0 ret=0 errno=0
[48.687687 pid=1940 tid=1954] native-loader jit-info prog_array-target fd=63 id=15 type=17 name=sys_enter_submi tag=b007db728abdf9dd jited_len=17661 xlated_len=30040 nr_jited_ksyms=1 ksym0=0xffffffffc04023b0 ksym1=0x0
[48.687800 pid=1940 tid=1954] BPF_MAP_UPDATE_ELEM prog_array name=sys_enter_submi map_fd=13 map_id=126 key=94 prog_fd=63 prog_id=15 flags=0 ret=0 errno=0
[48.687893 pid=1940 tid=1954] native-loader jit-info prog_array-target fd=63 id=15 type=17 name=sys_enter_submi tag=b007db728abdf9dd jited_len=17661 xlated_len=30040 nr_jited_ksyms=1 ksym0=0xffffffffc04023b0 ksym1=0x0
[48.688141 pid=1940 tid=1954] BPF_MAP_UPDATE_ELEM prog_array name=sys_enter_submi map_fd=13 map_id=126 key=95 prog_fd=63 prog_id=15 flags=0 ret=0 errno=0
[48.688404 pid=1940 tid=1954] native-loader jit-info prog_array-target fd=63 id=15 type=17 name=sys_enter_submi tag=b007db728abdf9dd jited_len=17661 xlated_len=30040 nr_jited_ksyms=1 ksym0=0xffffffffc04023b0 ksym1=0x0
[48.688521 pid=1940 tid=1954] BPF_MAP_UPDATE_ELEM prog_array name=sys_enter_submi map_fd=13 map_id=126 key=96 prog_fd=63 prog_id=15 flags=0 ret=0 errno=0
[48.688613 pid=1940 tid=1954] native-loader jit-info prog_array-target fd=63 id=15 type=17 name=sys_enter_submi tag=b007db728abdf9dd jited_len=17661 xlated_len=30040 nr_jited_ksyms=1 ksym0=0xffffffffc04023b0 ksym1=0x0
[48.688700 pid=1940 tid=1954] BPF_MAP_UPDATE_ELEM prog_array name=sys_enter_submi map_fd=13 map_id=126 key=97 prog_fd=63 prog_id=15 flags=0 ret=0 errno=0
[48.688787 pid=1940 tid=1954] native-loader jit-info prog_array-target fd=63 id=15 type=17 name=sys_enter_submi tag=b007db728abdf9dd jited_len=17661 xlated_len=30040 nr_jited_ksyms=1 ksym0=0xffffffffc04023b0 ksym1=0x0
[48.688877 pid=1940 tid=1954] BPF_MAP_UPDATE_ELEM prog_array name=sys_enter_submi map_fd=13 map_id=126 key=98 prog_fd=63 prog_id=15 flags=0 ret=0 errno=0
[48.688964 pid=1940 tid=1954] native-loader jit-info prog_array-target fd=63 id=15 type=17 name=sys_enter_submi tag=b007db728abdf9dd jited_len=17661 xlated_len=30040 nr_jited_ksyms=1 ksym0=0xffffffffc04023b0 ksym1=0x0
[48.689055 pid=1940 tid=1954] BPF_MAP_UPDATE_ELEM prog_array name=sys_enter_submi map_fd=13 map_id=126 key=99 prog_fd=63 prog_id=15 flags=0 ret=0 errno=0
[48.689141 pid=1940 tid=1954] native-loader jit-info prog_array-target fd=63 id=15 type=17 name=sys_enter_submi tag=b007db728abdf9dd jited_len=17661 xlated_len=30040 nr_jited_ksyms=1 ksym0=0xffffffffc04023b0 ksym1=0x0
[48.689231 pid=1940 tid=1954] BPF_MAP_UPDATE_ELEM prog_array name=sys_enter_submi map_fd=13 map_id=126 key=100 prog_fd=63 prog_id=15 flags=0 ret=0 errno=0
[48.689317 pid=1940 tid=1954] native-loader jit-info prog_array-target fd=63 id=15 type=17 name=sys_enter_submi tag=b007db728abdf9dd jited_len=17661 xlated_len=30040 nr_jited_ksyms=1 ksym0=0xffffffffc04023b0 ksym1=0x0
[48.689406 pid=1940 tid=1954] BPF_MAP_UPDATE_ELEM prog_array name=sys_enter_submi map_fd=13 map_id=126 key=102 prog_fd=63 prog_id=15 flags=0 ret=0 errno=0
[48.689492 pid=1940 tid=1954] native-loader jit-info prog_array-target fd=63 id=15 type=17 name=sys_enter_submi tag=b007db728abdf9dd jited_len=17661 xlated_len=30040 nr_jited_ksyms=1 ksym0=0xffffffffc04023b0 ksym1=0x0
[48.689582 pid=1940 tid=1954] BPF_MAP_UPDATE_ELEM prog_array name=sys_enter_submi map_fd=13 map_id=126 key=103 prog_fd=63 prog_id=15 flags=0 ret=0 errno=0
[48.689668 pid=1940 tid=1954] native-loader jit-info prog_array-target fd=63 id=15 type=17 name=sys_enter_submi tag=b007db728abdf9dd jited_len=17661 xlated_len=30040 nr_jited_ksyms=1 ksym0=0xffffffffc04023b0 ksym1=0x0
[48.689758 pid=1940 tid=1954] BPF_MAP_UPDATE_ELEM prog_array name=sys_enter_submi map_fd=13 map_id=126 key=104 prog_fd=63 prog_id=15 flags=0 ret=0 errno=0
[48.689843 pid=1940 tid=1954] native-loader jit-info prog_array-target fd=63 id=15 type=17 name=sys_enter_submi tag=b007db728abdf9dd jited_len=17661 xlated_len=30040 nr_jited_ksyms=1 ksym0=0xffffffffc04023b0 ksym1=0x0
[48.689936 pid=1940 tid=1954] BPF_MAP_UPDATE_ELEM prog_array name=sys_enter_submi map_fd=13 map_id=126 key=105 prog_fd=63 prog_id=15 flags=0 ret=0 errno=0
[48.690073 pid=1940 tid=1954] native-loader jit-info prog_array-target fd=63 id=15 type=17 name=sys_enter_submi tag=b007db728abdf9dd jited_len=17661 xlated_len=30040 nr_jited_ksyms=1 ksym0=0xffffffffc04023b0 ksym1=0x0
[48.690380 pid=1940 tid=1954] BPF_MAP_UPDATE_ELEM prog_array name=sys_enter_submi map_fd=13 map_id=126 key=106 prog_fd=63 prog_id=15 flags=0 ret=0 errno=0
[48.690480 pid=1940 tid=1954] native-loader jit-info prog_array-target fd=63 id=15 type=17 name=sys_enter_submi tag=b007db728abdf9dd jited_len=17661 xlated_len=30040 nr_jited_ksyms=1 ksym0=0xffffffffc04023b0 ksym1=0x0
[48.690585 pid=1940 tid=1954] BPF_MAP_UPDATE_ELEM prog_array name=sys_enter_submi map_fd=13 map_id=126 key=107 prog_fd=63 prog_id=15 flags=0 ret=0 errno=0
[48.690649 pid=1940 tid=1954] native-loader jit-info prog_array-target fd=63 id=15 type=17 name=sys_enter_submi tag=b007db728abdf9dd jited_len=17661 xlated_len=30040 nr_jited_ksyms=1 ksym0=0xffffffffc04023b0 ksym1=0x0
[48.690720 pid=1940 tid=1954] BPF_MAP_UPDATE_ELEM prog_array name=sys_enter_submi map_fd=13 map_id=126 key=108 prog_fd=63 prog_id=15 flags=0 ret=0 errno=0
[48.690821 pid=1940 tid=1954] native-loader jit-info prog_array-target fd=63 id=15 type=17 name=sys_enter_submi tag=b007db728abdf9dd jited_len=17661 xlated_len=30040 nr_jited_ksyms=1 ksym0=0xffffffffc04023b0 ksym1=0x0
[48.690923 pid=1940 tid=1954] BPF_MAP_UPDATE_ELEM prog_array name=sys_enter_submi map_fd=13 map_id=126 key=109 prog_fd=63 prog_id=15 flags=0 ret=0 errno=0
[48.691014 pid=1940 tid=1954] native-loader jit-info prog_array-target fd=63 id=15 type=17 name=sys_enter_submi tag=b007db728abdf9dd jited_len=17661 xlated_len=30040 nr_jited_ksyms=1 ksym0=0xffffffffc04023b0 ksym1=0x0
[48.691104 pid=1940 tid=1954] BPF_MAP_UPDATE_ELEM prog_array name=sys_enter_submi map_fd=13 map_id=126 key=110 prog_fd=63 prog_id=15 flags=0 ret=0 errno=0
[48.691190 pid=1940 tid=1954] native-loader jit-info prog_array-target fd=63 id=15 type=17 name=sys_enter_submi tag=b007db728abdf9dd jited_len=17661 xlated_len=30040 nr_jited_ksyms=1 ksym0=0xffffffffc04023b0 ksym1=0x0
[48.691280 pid=1940 tid=1954] BPF_MAP_UPDATE_ELEM prog_array name=sys_enter_submi map_fd=13 map_id=126 key=111 prog_fd=63 prog_id=15 flags=0 ret=0 errno=0
[48.691366 pid=1940 tid=1954] native-loader jit-info prog_array-target fd=63 id=15 type=17 name=sys_enter_submi tag=b007db728abdf9dd jited_len=17661 xlated_len=30040 nr_jited_ksyms=1 ksym0=0xffffffffc04023b0 ksym1=0x0
[48.691457 pid=1940 tid=1954] BPF_MAP_UPDATE_ELEM prog_array name=sys_enter_submi map_fd=13 map_id=126 key=112 prog_fd=63 prog_id=15 flags=0 ret=0 errno=0
[48.691544 pid=1940 tid=1954] native-loader jit-info prog_array-target fd=63 id=15 type=17 name=sys_enter_submi tag=b007db728abdf9dd jited_len=17661 xlated_len=30040 nr_jited_ksyms=1 ksym0=0xffffffffc04023b0 ksym1=0x0
[48.691637 pid=1940 tid=1954] BPF_MAP_UPDATE_ELEM prog_array name=sys_enter_submi map_fd=13 map_id=126 key=113 prog_fd=63 prog_id=15 flags=0 ret=0 errno=0
[48.691720 pid=1940 tid=1954] native-loader jit-info prog_array-target fd=63 id=15 type=17 name=sys_enter_submi tag=b007db728abdf9dd jited_len=17661 xlated_len=30040 nr_jited_ksyms=1 ksym0=0xffffffffc04023b0 ksym1=0x0
[48.691811 pid=1940 tid=1954] BPF_MAP_UPDATE_ELEM prog_array name=sys_enter_submi map_fd=13 map_id=126 key=114 prog_fd=63 prog_id=15 flags=0 ret=0 errno=0
[48.691896 pid=1940 tid=1954] native-loader jit-info prog_array-target fd=63 id=15 type=17 name=sys_enter_submi tag=b007db728abdf9dd jited_len=17661 xlated_len=30040 nr_jited_ksyms=1 ksym0=0xffffffffc04023b0 ksym1=0x0
[48.691989 pid=1940 tid=1954] BPF_MAP_UPDATE_ELEM prog_array name=sys_enter_submi map_fd=13 map_id=126 key=115 prog_fd=63 prog_id=15 flags=0 ret=0 errno=0
[48.692074 pid=1940 tid=1954] native-loader jit-info prog_array-target fd=63 id=15 type=17 name=sys_enter_submi tag=b007db728abdf9dd jited_len=17661 xlated_len=30040 nr_jited_ksyms=1 ksym0=0xffffffffc04023b0 ksym1=0x0
[48.692165 pid=1940 tid=1954] BPF_MAP_UPDATE_ELEM prog_array name=sys_enter_submi map_fd=13 map_id=126 key=116 prog_fd=63 prog_id=15 flags=0 ret=0 errno=0
[48.692250 pid=1940 tid=1954] native-loader jit-info prog_array-target fd=63 id=15 type=17 name=sys_enter_submi tag=b007db728abdf9dd jited_len=17661 xlated_len=30040 nr_jited_ksyms=1 ksym0=0xffffffffc04023b0 ksym1=0x0
[48.692341 pid=1940 tid=1954] BPF_MAP_UPDATE_ELEM prog_array name=sys_enter_submi map_fd=13 map_id=126 key=117 prog_fd=63 prog_id=15 flags=0 ret=0 errno=0
[48.692425 pid=1940 tid=1954] native-loader jit-info prog_array-target fd=63 id=15 type=17 name=sys_enter_submi tag=b007db728abdf9dd jited_len=17661 xlated_len=30040 nr_jited_ksyms=1 ksym0=0xffffffffc04023b0 ksym1=0x0
[48.692517 pid=1940 tid=1954] BPF_MAP_UPDATE_ELEM prog_array name=sys_enter_submi map_fd=13 map_id=126 key=118 prog_fd=63 prog_id=15 flags=0 ret=0 errno=0
[48.692602 pid=1940 tid=1954] native-loader jit-info prog_array-target fd=63 id=15 type=17 name=sys_enter_submi tag=b007db728abdf9dd jited_len=17661 xlated_len=30040 nr_jited_ksyms=1 ksym0=0xffffffffc04023b0 ksym1=0x0
[48.692695 pid=1940 tid=1954] BPF_MAP_UPDATE_ELEM prog_array name=sys_enter_submi map_fd=13 map_id=126 key=119 prog_fd=63 prog_id=15 flags=0 ret=0 errno=0
[48.692878 pid=1940 tid=1954] native-loader jit-info prog_array-target fd=63 id=15 type=17 name=sys_enter_submi tag=b007db728abdf9dd jited_len=17661 xlated_len=30040 nr_jited_ksyms=1 ksym0=0xffffffffc04023b0 ksym1=0x0
[48.692970 pid=1940 tid=1954] BPF_MAP_UPDATE_ELEM prog_array name=sys_enter_submi map_fd=13 map_id=126 key=120 prog_fd=63 prog_id=15 flags=0 ret=0 errno=0
[48.693141 pid=1940 tid=1954] native-loader jit-info prog_array-target fd=63 id=15 type=17 name=sys_enter_submi tag=b007db728abdf9dd jited_len=17661 xlated_len=30040 nr_jited_ksyms=1 ksym0=0xffffffffc04023b0 ksym1=0x0
[48.693233 pid=1940 tid=1954] BPF_MAP_UPDATE_ELEM prog_array name=sys_enter_submi map_fd=13 map_id=126 key=121 prog_fd=63 prog_id=15 flags=0 ret=0 errno=0
[48.693318 pid=1940 tid=1954] native-loader jit-info prog_array-target fd=63 id=15 type=17 name=sys_enter_submi tag=b007db728abdf9dd jited_len=17661 xlated_len=30040 nr_jited_ksyms=1 ksym0=0xffffffffc04023b0 ksym1=0x0
[48.693410 pid=1940 tid=1954] BPF_MAP_UPDATE_ELEM prog_array name=sys_enter_submi map_fd=13 map_id=126 key=122 prog_fd=63 prog_id=15 flags=0 ret=0 errno=0
[48.693494 pid=1940 tid=1954] native-loader jit-info prog_array-target fd=63 id=15 type=17 name=sys_enter_submi tag=b007db728abdf9dd jited_len=17661 xlated_len=30040 nr_jited_ksyms=1 ksym0=0xffffffffc04023b0 ksym1=0x0
[48.693586 pid=1940 tid=1954] BPF_MAP_UPDATE_ELEM prog_array name=sys_enter_submi map_fd=13 map_id=126 key=123 prog_fd=63 prog_id=15 flags=0 ret=0 errno=0
[48.693766 pid=1940 tid=1954] native-loader jit-info prog_array-target fd=63 id=15 type=17 name=sys_enter_submi tag=b007db728abdf9dd jited_len=17661 xlated_len=30040 nr_jited_ksyms=1 ksym0=0xffffffffc04023b0 ksym1=0x0
[48.693859 pid=1940 tid=1954] BPF_MAP_UPDATE_ELEM prog_array name=sys_enter_submi map_fd=13 map_id=126 key=124 prog_fd=63 prog_id=15 flags=0 ret=0 errno=0
[48.693944 pid=1940 tid=1954] native-loader jit-info prog_array-target fd=63 id=15 type=17 name=sys_enter_submi tag=b007db728abdf9dd jited_len=17661 xlated_len=30040 nr_jited_ksyms=1 ksym0=0xffffffffc04023b0 ksym1=0x0
[48.694035 pid=1940 tid=1954] BPF_MAP_UPDATE_ELEM prog_array name=sys_enter_submi map_fd=13 map_id=126 key=125 prog_fd=63 prog_id=15 flags=0 ret=0 errno=0
[48.694119 pid=1940 tid=1954] native-loader jit-info prog_array-target fd=63 id=15 type=17 name=sys_enter_submi tag=b007db728abdf9dd jited_len=17661 xlated_len=30040 nr_jited_ksyms=1 ksym0=0xffffffffc04023b0 ksym1=0x0
[48.694210 pid=1940 tid=1954] BPF_MAP_UPDATE_ELEM prog_array name=sys_enter_submi map_fd=13 map_id=126 key=126 prog_fd=63 prog_id=15 flags=0 ret=0 errno=0
[48.694295 pid=1940 tid=1954] native-loader jit-info prog_array-target fd=63 id=15 type=17 name=sys_enter_submi tag=b007db728abdf9dd jited_len=17661 xlated_len=30040 nr_jited_ksyms=1 ksym0=0xffffffffc04023b0 ksym1=0x0
[48.694386 pid=1940 tid=1954] BPF_MAP_UPDATE_ELEM prog_array name=sys_enter_submi map_fd=13 map_id=126 key=127 prog_fd=63 prog_id=15 flags=0 ret=0 errno=0
[48.694470 pid=1940 tid=1954] native-loader jit-info prog_array-target fd=63 id=15 type=17 name=sys_enter_submi tag=b007db728abdf9dd jited_len=17661 xlated_len=30040 nr_jited_ksyms=1 ksym0=0xffffffffc04023b0 ksym1=0x0
[48.694562 pid=1940 tid=1954] BPF_MAP_UPDATE_ELEM prog_array name=sys_enter_submi map_fd=13 map_id=126 key=128 prog_fd=63 prog_id=15 flags=0 ret=0 errno=0
[48.694646 pid=1940 tid=1954] native-loader jit-info prog_array-target fd=63 id=15 type=17 name=sys_enter_submi tag=b007db728abdf9dd jited_len=17661 xlated_len=30040 nr_jited_ksyms=1 ksym0=0xffffffffc04023b0 ksym1=0x0
[48.694737 pid=1940 tid=1954] BPF_MAP_UPDATE_ELEM prog_array name=sys_enter_submi map_fd=13 map_id=126 key=129 prog_fd=63 prog_id=15 flags=0 ret=0 errno=0
[48.694823 pid=1940 tid=1954] native-loader jit-info prog_array-target fd=63 id=15 type=17 name=sys_enter_submi tag=b007db728abdf9dd jited_len=17661 xlated_len=30040 nr_jited_ksyms=1 ksym0=0xffffffffc04023b0 ksym1=0x0
[48.694915 pid=1940 tid=1954] BPF_MAP_UPDATE_ELEM prog_array name=sys_enter_submi map_fd=13 map_id=126 key=130 prog_fd=63 prog_id=15 flags=0 ret=0 errno=0
[48.695001 pid=1940 tid=1954] native-loader jit-info prog_array-target fd=63 id=15 type=17 name=sys_enter_submi tag=b007db728abdf9dd jited_len=17661 xlated_len=30040 nr_jited_ksyms=1 ksym0=0xffffffffc04023b0 ksym1=0x0
[48.695093 pid=1940 tid=1954] BPF_MAP_UPDATE_ELEM prog_array name=sys_enter_submi map_fd=13 map_id=126 key=131 prog_fd=63 prog_id=15 flags=0 ret=0 errno=0
[48.695178 pid=1940 tid=1954] native-loader jit-info prog_array-target fd=63 id=15 type=17 name=sys_enter_submi tag=b007db728abdf9dd jited_len=17661 xlated_len=30040 nr_jited_ksyms=1 ksym0=0xffffffffc04023b0 ksym1=0x0
[48.695269 pid=1940 tid=1954] BPF_MAP_UPDATE_ELEM prog_array name=sys_enter_submi map_fd=13 map_id=126 key=132 prog_fd=63 prog_id=15 flags=0 ret=0 errno=0
[48.695353 pid=1940 tid=1954] native-loader jit-info prog_array-target fd=63 id=15 type=17 name=sys_enter_submi tag=b007db728abdf9dd jited_len=17661 xlated_len=30040 nr_jited_ksyms=1 ksym0=0xffffffffc04023b0 ksym1=0x0
[48.695444 pid=1940 tid=1954] BPF_MAP_UPDATE_ELEM prog_array name=sys_enter_submi map_fd=13 map_id=126 key=133 prog_fd=63 prog_id=15 flags=0 ret=0 errno=0
[48.695528 pid=1940 tid=1954] native-loader jit-info prog_array-target fd=63 id=15 type=17 name=sys_enter_submi tag=b007db728abdf9dd jited_len=17661 xlated_len=30040 nr_jited_ksyms=1 ksym0=0xffffffffc04023b0 ksym1=0x0
[48.695619 pid=1940 tid=1954] BPF_MAP_UPDATE_ELEM prog_array name=sys_enter_submi map_fd=13 map_id=126 key=134 prog_fd=63 prog_id=15 flags=0 ret=0 errno=0
[48.695827 pid=1940 tid=1954] native-loader jit-info prog_array-target fd=63 id=15 type=17 name=sys_enter_submi tag=b007db728abdf9dd jited_len=17661 xlated_len=30040 nr_jited_ksyms=1 ksym0=0xffffffffc04023b0 ksym1=0x0
[48.695918 pid=1940 tid=1954] BPF_MAP_UPDATE_ELEM prog_array name=sys_enter_submi map_fd=13 map_id=126 key=135 prog_fd=63 prog_id=15 flags=0 ret=0 errno=0
[48.696005 pid=1940 tid=1954] native-loader jit-info prog_array-target fd=63 id=15 type=17 name=sys_enter_submi tag=b007db728abdf9dd jited_len=17661 xlated_len=30040 nr_jited_ksyms=1 ksym0=0xffffffffc04023b0 ksym1=0x0
[48.696098 pid=1940 tid=1954] BPF_MAP_UPDATE_ELEM prog_array name=sys_enter_submi map_fd=13 map_id=126 key=136 prog_fd=63 prog_id=15 flags=0 ret=0 errno=0
[48.696262 pid=1940 tid=1954] native-loader jit-info prog_array-target fd=63 id=15 type=17 name=sys_enter_submi tag=b007db728abdf9dd jited_len=17661 xlated_len=30040 nr_jited_ksyms=1 ksym0=0xffffffffc04023b0 ksym1=0x0
[48.696352 pid=1940 tid=1954] BPF_MAP_UPDATE_ELEM prog_array name=sys_enter_submi map_fd=13 map_id=126 key=137 prog_fd=63 prog_id=15 flags=0 ret=0 errno=0
[48.696436 pid=1940 tid=1954] native-loader jit-info prog_array-target fd=63 id=15 type=17 name=sys_enter_submi tag=b007db728abdf9dd jited_len=17661 xlated_len=30040 nr_jited_ksyms=1 ksym0=0xffffffffc04023b0 ksym1=0x0
[48.696528 pid=1940 tid=1954] BPF_MAP_UPDATE_ELEM prog_array name=sys_enter_submi map_fd=13 map_id=126 key=138 prog_fd=63 prog_id=15 flags=0 ret=0 errno=0
[48.696611 pid=1940 tid=1954] native-loader jit-info prog_array-target fd=63 id=15 type=17 name=sys_enter_submi tag=b007db728abdf9dd jited_len=17661 xlated_len=30040 nr_jited_ksyms=1 ksym0=0xffffffffc04023b0 ksym1=0x0
[48.696703 pid=1940 tid=1954] BPF_MAP_UPDATE_ELEM prog_array name=sys_enter_submi map_fd=13 map_id=126 key=139 prog_fd=63 prog_id=15 flags=0 ret=0 errno=0
[48.696787 pid=1940 tid=1954] native-loader jit-info prog_array-target fd=63 id=15 type=17 name=sys_enter_submi tag=b007db728abdf9dd jited_len=17661 xlated_len=30040 nr_jited_ksyms=1 ksym0=0xffffffffc04023b0 ksym1=0x0
[48.696880 pid=1940 tid=1954] BPF_MAP_UPDATE_ELEM prog_array name=sys_enter_submi map_fd=13 map_id=126 key=140 prog_fd=63 prog_id=15 flags=0 ret=0 errno=0
[48.696966 pid=1940 tid=1954] native-loader jit-info prog_array-target fd=63 id=15 type=17 name=sys_enter_submi tag=b007db728abdf9dd jited_len=17661 xlated_len=30040 nr_jited_ksyms=1 ksym0=0xffffffffc04023b0 ksym1=0x0
[48.697057 pid=1940 tid=1954] BPF_MAP_UPDATE_ELEM prog_array name=sys_enter_submi map_fd=13 map_id=126 key=141 prog_fd=63 prog_id=15 flags=0 ret=0 errno=0
[48.697142 pid=1940 tid=1954] native-loader jit-info prog_array-target fd=63 id=15 type=17 name=sys_enter_submi tag=b007db728abdf9dd jited_len=17661 xlated_len=30040 nr_jited_ksyms=1 ksym0=0xffffffffc04023b0 ksym1=0x0
[48.697233 pid=1940 tid=1954] BPF_MAP_UPDATE_ELEM prog_array name=sys_enter_submi map_fd=13 map_id=126 key=142 prog_fd=63 prog_id=15 flags=0 ret=0 errno=0
[48.697317 pid=1940 tid=1954] native-loader jit-info prog_array-target fd=63 id=15 type=17 name=sys_enter_submi tag=b007db728abdf9dd jited_len=17661 xlated_len=30040 nr_jited_ksyms=1 ksym0=0xffffffffc04023b0 ksym1=0x0
[48.697407 pid=1940 tid=1954] BPF_MAP_UPDATE_ELEM prog_array name=sys_enter_submi map_fd=13 map_id=126 key=143 prog_fd=63 prog_id=15 flags=0 ret=0 errno=0
[48.697491 pid=1940 tid=1954] native-loader jit-info prog_array-target fd=63 id=15 type=17 name=sys_enter_submi tag=b007db728abdf9dd jited_len=17661 xlated_len=30040 nr_jited_ksyms=1 ksym0=0xffffffffc04023b0 ksym1=0x0
[48.697582 pid=1940 tid=1954] BPF_MAP_UPDATE_ELEM prog_array name=sys_enter_submi map_fd=13 map_id=126 key=144 prog_fd=63 prog_id=15 flags=0 ret=0 errno=0
[48.697666 pid=1940 tid=1954] native-loader jit-info prog_array-target fd=63 id=15 type=17 name=sys_enter_submi tag=b007db728abdf9dd jited_len=17661 xlated_len=30040 nr_jited_ksyms=1 ksym0=0xffffffffc04023b0 ksym1=0x0
[48.697758 pid=1940 tid=1954] BPF_MAP_UPDATE_ELEM prog_array name=sys_enter_submi map_fd=13 map_id=126 key=145 prog_fd=63 prog_id=15 flags=0 ret=0 errno=0
[48.697842 pid=1940 tid=1954] native-loader jit-info prog_array-target fd=63 id=15 type=17 name=sys_enter_submi tag=b007db728abdf9dd jited_len=17661 xlated_len=30040 nr_jited_ksyms=1 ksym0=0xffffffffc04023b0 ksym1=0x0
[48.697936 pid=1940 tid=1954] BPF_MAP_UPDATE_ELEM prog_array name=sys_enter_submi map_fd=13 map_id=126 key=146 prog_fd=63 prog_id=15 flags=0 ret=0 errno=0
[48.698021 pid=1940 tid=1954] native-loader jit-info prog_array-target fd=63 id=15 type=17 name=sys_enter_submi tag=b007db728abdf9dd jited_len=17661 xlated_len=30040 nr_jited_ksyms=1 ksym0=0xffffffffc04023b0 ksym1=0x0
[48.698114 pid=1940 tid=1954] BPF_MAP_UPDATE_ELEM prog_array name=sys_enter_submi map_fd=13 map_id=126 key=147 prog_fd=63 prog_id=15 flags=0 ret=0 errno=0
[48.698198 pid=1940 tid=1954] native-loader jit-info prog_array-target fd=63 id=15 type=17 name=sys_enter_submi tag=b007db728abdf9dd jited_len=17661 xlated_len=30040 nr_jited_ksyms=1 ksym0=0xffffffffc04023b0 ksym1=0x0
[48.698292 pid=1940 tid=1954] BPF_MAP_UPDATE_ELEM prog_array name=sys_enter_submi map_fd=13 map_id=126 key=148 prog_fd=63 prog_id=15 flags=0 ret=0 errno=0
[48.698452 pid=1940 tid=1954] native-loader jit-info prog_array-target fd=63 id=15 type=17 name=sys_enter_submi tag=b007db728abdf9dd jited_len=17661 xlated_len=30040 nr_jited_ksyms=1 ksym0=0xffffffffc04023b0 ksym1=0x0
[48.698545 pid=1940 tid=1954] BPF_MAP_UPDATE_ELEM prog_array name=sys_enter_submi map_fd=13 map_id=126 key=149 prog_fd=63 prog_id=15 flags=0 ret=0 errno=0
[48.698722 pid=1940 tid=1954] native-loader jit-info prog_array-target fd=63 id=15 type=17 name=sys_enter_submi tag=b007db728abdf9dd jited_len=17661 xlated_len=30040 nr_jited_ksyms=1 ksym0=0xffffffffc04023b0 ksym1=0x0
[48.698815 pid=1940 tid=1954] BPF_MAP_UPDATE_ELEM prog_array name=sys_enter_submi map_fd=13 map_id=126 key=150 prog_fd=63 prog_id=15 flags=0 ret=0 errno=0
[48.698899 pid=1940 tid=1954] native-loader jit-info prog_array-target fd=63 id=15 type=17 name=sys_enter_submi tag=b007db728abdf9dd jited_len=17661 xlated_len=30040 nr_jited_ksyms=1 ksym0=0xffffffffc04023b0 ksym1=0x0
[48.698994 pid=1940 tid=1954] BPF_MAP_UPDATE_ELEM prog_array name=sys_enter_submi map_fd=13 map_id=126 key=151 prog_fd=63 prog_id=15 flags=0 ret=0 errno=0
[48.699078 pid=1940 tid=1954] native-loader jit-info prog_array-target fd=63 id=15 type=17 name=sys_enter_submi tag=b007db728abdf9dd jited_len=17661 xlated_len=30040 nr_jited_ksyms=1 ksym0=0xffffffffc04023b0 ksym1=0x0
[48.699169 pid=1940 tid=1954] BPF_MAP_UPDATE_ELEM prog_array name=sys_enter_submi map_fd=13 map_id=126 key=152 prog_fd=63 prog_id=15 flags=0 ret=0 errno=0
[48.699332 pid=1940 tid=1954] native-loader jit-info prog_array-target fd=63 id=15 type=17 name=sys_enter_submi tag=b007db728abdf9dd jited_len=17661 xlated_len=30040 nr_jited_ksyms=1 ksym0=0xffffffffc04023b0 ksym1=0x0
[48.699423 pid=1940 tid=1954] BPF_MAP_UPDATE_ELEM prog_array name=sys_enter_submi map_fd=13 map_id=126 key=153 prog_fd=63 prog_id=15 flags=0 ret=0 errno=0
[48.699508 pid=1940 tid=1954] native-loader jit-info prog_array-target fd=63 id=15 type=17 name=sys_enter_submi tag=b007db728abdf9dd jited_len=17661 xlated_len=30040 nr_jited_ksyms=1 ksym0=0xffffffffc04023b0 ksym1=0x0
[48.699599 pid=1940 tid=1954] BPF_MAP_UPDATE_ELEM prog_array name=sys_enter_submi map_fd=13 map_id=126 key=154 prog_fd=63 prog_id=15 flags=0 ret=0 errno=0
[48.699684 pid=1940 tid=1954] native-loader jit-info prog_array-target fd=63 id=15 type=17 name=sys_enter_submi tag=b007db728abdf9dd jited_len=17661 xlated_len=30040 nr_jited_ksyms=1 ksym0=0xffffffffc04023b0 ksym1=0x0
[48.699775 pid=1940 tid=1954] BPF_MAP_UPDATE_ELEM prog_array name=sys_enter_submi map_fd=13 map_id=126 key=155 prog_fd=63 prog_id=15 flags=0 ret=0 errno=0
[48.699859 pid=1940 tid=1954] native-loader jit-info prog_array-target fd=63 id=15 type=17 name=sys_enter_submi tag=b007db728abdf9dd jited_len=17661 xlated_len=30040 nr_jited_ksyms=1 ksym0=0xffffffffc04023b0 ksym1=0x0
[48.699954 pid=1940 tid=1954] BPF_MAP_UPDATE_ELEM prog_array name=sys_enter_submi map_fd=13 map_id=126 key=156 prog_fd=63 prog_id=15 flags=0 ret=0 errno=0
[48.700039 pid=1940 tid=1954] native-loader jit-info prog_array-target fd=63 id=15 type=17 name=sys_enter_submi tag=b007db728abdf9dd jited_len=17661 xlated_len=30040 nr_jited_ksyms=1 ksym0=0xffffffffc04023b0 ksym1=0x0
[48.700131 pid=1940 tid=1954] BPF_MAP_UPDATE_ELEM prog_array name=sys_enter_submi map_fd=13 map_id=126 key=157 prog_fd=63 prog_id=15 flags=0 ret=0 errno=0
[48.700217 pid=1940 tid=1954] native-loader jit-info prog_array-target fd=63 id=15 type=17 name=sys_enter_submi tag=b007db728abdf9dd jited_len=17661 xlated_len=30040 nr_jited_ksyms=1 ksym0=0xffffffffc04023b0 ksym1=0x0
[48.700308 pid=1940 tid=1954] BPF_MAP_UPDATE_ELEM prog_array name=sys_enter_submi map_fd=13 map_id=126 key=159 prog_fd=63 prog_id=15 flags=0 ret=0 errno=0
[48.700394 pid=1940 tid=1954] native-loader jit-info prog_array-target fd=63 id=15 type=17 name=sys_enter_submi tag=b007db728abdf9dd jited_len=17661 xlated_len=30040 nr_jited_ksyms=1 ksym0=0xffffffffc04023b0 ksym1=0x0
[48.700485 pid=1940 tid=1954] BPF_MAP_UPDATE_ELEM prog_array name=sys_enter_submi map_fd=13 map_id=126 key=160 prog_fd=63 prog_id=15 flags=0 ret=0 errno=0
[48.700570 pid=1940 tid=1954] native-loader jit-info prog_array-target fd=63 id=15 type=17 name=sys_enter_submi tag=b007db728abdf9dd jited_len=17661 xlated_len=30040 nr_jited_ksyms=1 ksym0=0xffffffffc04023b0 ksym1=0x0
[48.700662 pid=1940 tid=1954] BPF_MAP_UPDATE_ELEM prog_array name=sys_enter_submi map_fd=13 map_id=126 key=161 prog_fd=63 prog_id=15 flags=0 ret=0 errno=0
[48.700746 pid=1940 tid=1954] native-loader jit-info prog_array-target fd=63 id=15 type=17 name=sys_enter_submi tag=b007db728abdf9dd jited_len=17661 xlated_len=30040 nr_jited_ksyms=1 ksym0=0xffffffffc04023b0 ksym1=0x0
[48.700837 pid=1940 tid=1954] BPF_MAP_UPDATE_ELEM prog_array name=sys_enter_submi map_fd=13 map_id=126 key=162 prog_fd=63 prog_id=15 flags=0 ret=0 errno=0
[48.700921 pid=1940 tid=1954] native-loader jit-info prog_array-target fd=63 id=15 type=17 name=sys_enter_submi tag=b007db728abdf9dd jited_len=17661 xlated_len=30040 nr_jited_ksyms=1 ksym0=0xffffffffc04023b0 ksym1=0x0
[48.701015 pid=1940 tid=1954] BPF_MAP_UPDATE_ELEM prog_array name=sys_enter_submi map_fd=13 map_id=126 key=163 prog_fd=63 prog_id=15 flags=0 ret=0 errno=0
[48.701100 pid=1940 tid=1954] native-loader jit-info prog_array-target fd=63 id=15 type=17 name=sys_enter_submi tag=b007db728abdf9dd jited_len=17661 xlated_len=30040 nr_jited_ksyms=1 ksym0=0xffffffffc04023b0 ksym1=0x0
[48.701190 pid=1940 tid=1954] BPF_MAP_UPDATE_ELEM prog_array name=sys_enter_submi map_fd=13 map_id=126 key=164 prog_fd=63 prog_id=15 flags=0 ret=0 errno=0
[48.701275 pid=1940 tid=1954] native-loader jit-info prog_array-target fd=63 id=15 type=17 name=sys_enter_submi tag=b007db728abdf9dd jited_len=17661 xlated_len=30040 nr_jited_ksyms=1 ksym0=0xffffffffc04023b0 ksym1=0x0
[48.701367 pid=1940 tid=1954] BPF_MAP_UPDATE_ELEM prog_array name=sys_enter_submi map_fd=13 map_id=126 key=165 prog_fd=63 prog_id=15 flags=0 ret=0 errno=0
[48.701451 pid=1940 tid=1954] native-loader jit-info prog_array-target fd=63 id=15 type=17 name=sys_enter_submi tag=b007db728abdf9dd jited_len=17661 xlated_len=30040 nr_jited_ksyms=1 ksym0=0xffffffffc04023b0 ksym1=0x0
[48.701542 pid=1940 tid=1954] BPF_MAP_UPDATE_ELEM prog_array name=sys_enter_submi map_fd=13 map_id=126 key=166 prog_fd=63 prog_id=15 flags=0 ret=0 errno=0
[48.701626 pid=1940 tid=1954] native-loader jit-info prog_array-target fd=63 id=15 type=17 name=sys_enter_submi tag=b007db728abdf9dd jited_len=17661 xlated_len=30040 nr_jited_ksyms=1 ksym0=0xffffffffc04023b0 ksym1=0x0
[48.701718 pid=1940 tid=1954] BPF_MAP_UPDATE_ELEM prog_array name=sys_enter_submi map_fd=13 map_id=126 key=167 prog_fd=63 prog_id=15 flags=0 ret=0 errno=0
[48.701802 pid=1940 tid=1954] native-loader jit-info prog_array-target fd=63 id=15 type=17 name=sys_enter_submi tag=b007db728abdf9dd jited_len=17661 xlated_len=30040 nr_jited_ksyms=1 ksym0=0xffffffffc04023b0 ksym1=0x0
[48.701893 pid=1940 tid=1954] BPF_MAP_UPDATE_ELEM prog_array name=sys_enter_submi map_fd=13 map_id=126 key=168 prog_fd=63 prog_id=15 flags=0 ret=0 errno=0
[48.701979 pid=1940 tid=1954] native-loader jit-info prog_array-target fd=63 id=15 type=17 name=sys_enter_submi tag=b007db728abdf9dd jited_len=17661 xlated_len=30040 nr_jited_ksyms=1 ksym0=0xffffffffc04023b0 ksym1=0x0
[48.702071 pid=1940 tid=1954] BPF_MAP_UPDATE_ELEM prog_array name=sys_enter_submi map_fd=13 map_id=126 key=169 prog_fd=63 prog_id=15 flags=0 ret=0 errno=0
[48.702155 pid=1940 tid=1954] native-loader jit-info prog_array-target fd=63 id=15 type=17 name=sys_enter_submi tag=b007db728abdf9dd jited_len=17661 xlated_len=30040 nr_jited_ksyms=1 ksym0=0xffffffffc04023b0 ksym1=0x0
[48.702247 pid=1940 tid=1954] BPF_MAP_UPDATE_ELEM prog_array name=sys_enter_submi map_fd=13 map_id=126 key=170 prog_fd=63 prog_id=15 flags=0 ret=0 errno=0
[48.702331 pid=1940 tid=1954] native-loader jit-info prog_array-target fd=63 id=15 type=17 name=sys_enter_submi tag=b007db728abdf9dd jited_len=17661 xlated_len=30040 nr_jited_ksyms=1 ksym0=0xffffffffc04023b0 ksym1=0x0
[48.702422 pid=1940 tid=1954] BPF_MAP_UPDATE_ELEM prog_array name=sys_enter_submi map_fd=13 map_id=126 key=171 prog_fd=63 prog_id=15 flags=0 ret=0 errno=0
[48.702506 pid=1940 tid=1954] native-loader jit-info prog_array-target fd=63 id=15 type=17 name=sys_enter_submi tag=b007db728abdf9dd jited_len=17661 xlated_len=30040 nr_jited_ksyms=1 ksym0=0xffffffffc04023b0 ksym1=0x0
[48.702598 pid=1940 tid=1954] BPF_MAP_UPDATE_ELEM prog_array name=sys_enter_submi map_fd=13 map_id=126 key=172 prog_fd=63 prog_id=15 flags=0 ret=0 errno=0
[48.702684 pid=1940 tid=1954] native-loader jit-info prog_array-target fd=63 id=15 type=17 name=sys_enter_submi tag=b007db728abdf9dd jited_len=17661 xlated_len=30040 nr_jited_ksyms=1 ksym0=0xffffffffc04023b0 ksym1=0x0
[48.702776 pid=1940 tid=1954] BPF_MAP_UPDATE_ELEM prog_array name=sys_enter_submi map_fd=13 map_id=126 key=173 prog_fd=63 prog_id=15 flags=0 ret=0 errno=0
[48.702860 pid=1940 tid=1954] native-loader jit-info prog_array-target fd=63 id=15 type=17 name=sys_enter_submi tag=b007db728abdf9dd jited_len=17661 xlated_len=30040 nr_jited_ksyms=1 ksym0=0xffffffffc04023b0 ksym1=0x0
[48.702953 pid=1940 tid=1954] BPF_MAP_UPDATE_ELEM prog_array name=sys_enter_submi map_fd=13 map_id=126 key=174 prog_fd=63 prog_id=15 flags=0 ret=0 errno=0
[48.703037 pid=1940 tid=1954] native-loader jit-info prog_array-target fd=63 id=15 type=17 name=sys_enter_submi tag=b007db728abdf9dd jited_len=17661 xlated_len=30040 nr_jited_ksyms=1 ksym0=0xffffffffc04023b0 ksym1=0x0
[48.703128 pid=1940 tid=1954] BPF_MAP_UPDATE_ELEM prog_array name=sys_enter_submi map_fd=13 map_id=126 key=175 prog_fd=63 prog_id=15 flags=0 ret=0 errno=0
[48.703212 pid=1940 tid=1954] native-loader jit-info prog_array-target fd=63 id=15 type=17 name=sys_enter_submi tag=b007db728abdf9dd jited_len=17661 xlated_len=30040 nr_jited_ksyms=1 ksym0=0xffffffffc04023b0 ksym1=0x0
[48.703303 pid=1940 tid=1954] BPF_MAP_UPDATE_ELEM prog_array name=sys_enter_submi map_fd=13 map_id=126 key=176 prog_fd=63 prog_id=15 flags=0 ret=0 errno=0
[48.703388 pid=1940 tid=1954] native-loader jit-info prog_array-target fd=63 id=15 type=17 name=sys_enter_submi tag=b007db728abdf9dd jited_len=17661 xlated_len=30040 nr_jited_ksyms=1 ksym0=0xffffffffc04023b0 ksym1=0x0
[48.703479 pid=1940 tid=1954] BPF_MAP_UPDATE_ELEM prog_array name=sys_enter_submi map_fd=13 map_id=126 key=177 prog_fd=63 prog_id=15 flags=0 ret=0 errno=0
[48.703563 pid=1940 tid=1954] native-loader jit-info prog_array-target fd=63 id=15 type=17 name=sys_enter_submi tag=b007db728abdf9dd jited_len=17661 xlated_len=30040 nr_jited_ksyms=1 ksym0=0xffffffffc04023b0 ksym1=0x0
[48.703655 pid=1940 tid=1954] BPF_MAP_UPDATE_ELEM prog_array name=sys_enter_submi map_fd=13 map_id=126 key=178 prog_fd=63 prog_id=15 flags=0 ret=0 errno=0
[48.703802 pid=1940 tid=1954] native-loader jit-info prog_array-target fd=63 id=15 type=17 name=sys_enter_submi tag=b007db728abdf9dd jited_len=17661 xlated_len=30040 nr_jited_ksyms=1 ksym0=0xffffffffc04023b0 ksym1=0x0
[48.703893 pid=1940 tid=1954] BPF_MAP_UPDATE_ELEM prog_array name=sys_enter_submi map_fd=13 map_id=126 key=179 prog_fd=63 prog_id=15 flags=0 ret=0 errno=0
[48.704378 pid=1940 tid=1954] native-loader jit-info prog_array-target fd=63 id=15 type=17 name=sys_enter_submi tag=b007db728abdf9dd jited_len=17661 xlated_len=30040 nr_jited_ksyms=1 ksym0=0xffffffffc04023b0 ksym1=0x0
[48.704493 pid=1940 tid=1954] BPF_MAP_UPDATE_ELEM prog_array name=sys_enter_submi map_fd=13 map_id=126 key=180 prog_fd=63 prog_id=15 flags=0 ret=0 errno=0
[48.704582 pid=1940 tid=1954] native-loader jit-info prog_array-target fd=63 id=15 type=17 name=sys_enter_submi tag=b007db728abdf9dd jited_len=17661 xlated_len=30040 nr_jited_ksyms=1 ksym0=0xffffffffc04023b0 ksym1=0x0
[48.704673 pid=1940 tid=1954] BPF_MAP_UPDATE_ELEM prog_array name=sys_enter_submi map_fd=13 map_id=126 key=181 prog_fd=63 prog_id=15 flags=0 ret=0 errno=0
[48.704756 pid=1940 tid=1954] native-loader jit-info prog_array-target fd=63 id=15 type=17 name=sys_enter_submi tag=b007db728abdf9dd jited_len=17661 xlated_len=30040 nr_jited_ksyms=1 ksym0=0xffffffffc04023b0 ksym1=0x0
[48.704848 pid=1940 tid=1954] BPF_MAP_UPDATE_ELEM prog_array name=sys_enter_submi map_fd=13 map_id=126 key=182 prog_fd=63 prog_id=15 flags=0 ret=0 errno=0
[48.705298 pid=1940 tid=1954] native-loader jit-info prog_array-target fd=63 id=15 type=17 name=sys_enter_submi tag=b007db728abdf9dd jited_len=17661 xlated_len=30040 nr_jited_ksyms=1 ksym0=0xffffffffc04023b0 ksym1=0x0
[48.705712 pid=1940 tid=1954] BPF_MAP_UPDATE_ELEM prog_array name=sys_enter_submi map_fd=13 map_id=126 key=183 prog_fd=63 prog_id=15 flags=0 ret=0 errno=0
[48.706183 pid=1940 tid=1954] native-loader jit-info prog_array-target fd=63 id=15 type=17 name=sys_enter_submi tag=b007db728abdf9dd jited_len=17661 xlated_len=30040 nr_jited_ksyms=1 ksym0=0xffffffffc04023b0 ksym1=0x0
[48.706578 pid=1940 tid=1954] BPF_MAP_UPDATE_ELEM prog_array name=sys_enter_submi map_fd=13 map_id=126 key=184 prog_fd=63 prog_id=15 flags=0 ret=0 errno=0
[48.706873 pid=1940 tid=1954] native-loader jit-info prog_array-target fd=63 id=15 type=17 name=sys_enter_submi tag=b007db728abdf9dd jited_len=17661 xlated_len=30040 nr_jited_ksyms=1 ksym0=0xffffffffc04023b0 ksym1=0x0
[48.707151 pid=1940 tid=1954] BPF_MAP_UPDATE_ELEM prog_array name=sys_enter_submi map_fd=13 map_id=126 key=185 prog_fd=63 prog_id=15 flags=0 ret=0 errno=0
[48.707608 pid=1940 tid=1954] native-loader jit-info prog_array-target fd=63 id=15 type=17 name=sys_enter_submi tag=b007db728abdf9dd jited_len=17661 xlated_len=30040 nr_jited_ksyms=1 ksym0=0xffffffffc04023b0 ksym1=0x0
[48.707932 pid=1940 tid=1954] BPF_MAP_UPDATE_ELEM prog_array name=sys_enter_submi map_fd=13 map_id=126 key=186 prog_fd=63 prog_id=15 flags=0 ret=0 errno=0
[48.708282 pid=1940 tid=1954] native-loader jit-info prog_array-target fd=63 id=15 type=17 name=sys_enter_submi tag=b007db728abdf9dd jited_len=17661 xlated_len=30040 nr_jited_ksyms=1 ksym0=0xffffffffc04023b0 ksym1=0x0
[48.708551 pid=1940 tid=1954] BPF_MAP_UPDATE_ELEM prog_array name=sys_enter_submi map_fd=13 map_id=126 key=187 prog_fd=63 prog_id=15 flags=0 ret=0 errno=0
[48.708645 pid=1940 tid=1954] native-loader jit-info prog_array-target fd=63 id=15 type=17 name=sys_enter_submi tag=b007db728abdf9dd jited_len=17661 xlated_len=30040 nr_jited_ksyms=1 ksym0=0xffffffffc04023b0 ksym1=0x0
[48.708738 pid=1940 tid=1954] BPF_MAP_UPDATE_ELEM prog_array name=sys_enter_submi map_fd=13 map_id=126 key=188 prog_fd=63 prog_id=15 flags=0 ret=0 errno=0
[48.708822 pid=1940 tid=1954] native-loader jit-info prog_array-target fd=63 id=15 type=17 name=sys_enter_submi tag=b007db728abdf9dd jited_len=17661 xlated_len=30040 nr_jited_ksyms=1 ksym0=0xffffffffc04023b0 ksym1=0x0
[48.708915 pid=1940 tid=1954] BPF_MAP_UPDATE_ELEM prog_array name=sys_enter_submi map_fd=13 map_id=126 key=189 prog_fd=63 prog_id=15 flags=0 ret=0 errno=0
[48.709002 pid=1940 tid=1954] native-loader jit-info prog_array-target fd=63 id=15 type=17 name=sys_enter_submi tag=b007db728abdf9dd jited_len=17661 xlated_len=30040 nr_jited_ksyms=1 ksym0=0xffffffffc04023b0 ksym1=0x0
[48.709095 pid=1940 tid=1954] BPF_MAP_UPDATE_ELEM prog_array name=sys_enter_submi map_fd=13 map_id=126 key=190 prog_fd=63 prog_id=15 flags=0 ret=0 errno=0
[48.709179 pid=1940 tid=1954] native-loader jit-info prog_array-target fd=63 id=15 type=17 name=sys_enter_submi tag=b007db728abdf9dd jited_len=17661 xlated_len=30040 nr_jited_ksyms=1 ksym0=0xffffffffc04023b0 ksym1=0x0
[48.709270 pid=1940 tid=1954] BPF_MAP_UPDATE_ELEM prog_array name=sys_enter_submi map_fd=13 map_id=126 key=191 prog_fd=63 prog_id=15 flags=0 ret=0 errno=0
[48.709354 pid=1940 tid=1954] native-loader jit-info prog_array-target fd=63 id=15 type=17 name=sys_enter_submi tag=b007db728abdf9dd jited_len=17661 xlated_len=30040 nr_jited_ksyms=1 ksym0=0xffffffffc04023b0 ksym1=0x0
[48.709447 pid=1940 tid=1954] BPF_MAP_UPDATE_ELEM prog_array name=sys_enter_submi map_fd=13 map_id=126 key=192 prog_fd=63 prog_id=15 flags=0 ret=0 errno=0
[48.709531 pid=1940 tid=1954] native-loader jit-info prog_array-target fd=63 id=15 type=17 name=sys_enter_submi tag=b007db728abdf9dd jited_len=17661 xlated_len=30040 nr_jited_ksyms=1 ksym0=0xffffffffc04023b0 ksym1=0x0
[48.709624 pid=1940 tid=1954] BPF_MAP_UPDATE_ELEM prog_array name=sys_enter_submi map_fd=13 map_id=126 key=193 prog_fd=63 prog_id=15 flags=0 ret=0 errno=0
[48.709711 pid=1940 tid=1954] native-loader jit-info prog_array-target fd=63 id=15 type=17 name=sys_enter_submi tag=b007db728abdf9dd jited_len=17661 xlated_len=30040 nr_jited_ksyms=1 ksym0=0xffffffffc04023b0 ksym1=0x0
[48.709802 pid=1940 tid=1954] BPF_MAP_UPDATE_ELEM prog_array name=sys_enter_submi map_fd=13 map_id=126 key=194 prog_fd=63 prog_id=15 flags=0 ret=0 errno=0
[48.709886 pid=1940 tid=1954] native-loader jit-info prog_array-target fd=63 id=15 type=17 name=sys_enter_submi tag=b007db728abdf9dd jited_len=17661 xlated_len=30040 nr_jited_ksyms=1 ksym0=0xffffffffc04023b0 ksym1=0x0
[48.709981 pid=1940 tid=1954] BPF_MAP_UPDATE_ELEM prog_array name=sys_enter_submi map_fd=13 map_id=126 key=195 prog_fd=63 prog_id=15 flags=0 ret=0 errno=0
[48.710068 pid=1940 tid=1954] native-loader jit-info prog_array-target fd=63 id=15 type=17 name=sys_enter_submi tag=b007db728abdf9dd jited_len=17661 xlated_len=30040 nr_jited_ksyms=1 ksym0=0xffffffffc04023b0 ksym1=0x0
[48.710160 pid=1940 tid=1954] BPF_MAP_UPDATE_ELEM prog_array name=sys_enter_submi map_fd=13 map_id=126 key=196 prog_fd=63 prog_id=15 flags=0 ret=0 errno=0
[48.710244 pid=1940 tid=1954] native-loader jit-info prog_array-target fd=63 id=15 type=17 name=sys_enter_submi tag=b007db728abdf9dd jited_len=17661 xlated_len=30040 nr_jited_ksyms=1 ksym0=0xffffffffc04023b0 ksym1=0x0
[48.710335 pid=1940 tid=1954] BPF_MAP_UPDATE_ELEM prog_array name=sys_enter_submi map_fd=13 map_id=126 key=197 prog_fd=63 prog_id=15 flags=0 ret=0 errno=0
[48.710419 pid=1940 tid=1954] native-loader jit-info prog_array-target fd=63 id=15 type=17 name=sys_enter_submi tag=b007db728abdf9dd jited_len=17661 xlated_len=30040 nr_jited_ksyms=1 ksym0=0xffffffffc04023b0 ksym1=0x0
[48.710512 pid=1940 tid=1954] BPF_MAP_UPDATE_ELEM prog_array name=sys_enter_submi map_fd=13 map_id=126 key=198 prog_fd=63 prog_id=15 flags=0 ret=0 errno=0
[48.710597 pid=1940 tid=1954] native-loader jit-info prog_array-target fd=63 id=15 type=17 name=sys_enter_submi tag=b007db728abdf9dd jited_len=17661 xlated_len=30040 nr_jited_ksyms=1 ksym0=0xffffffffc04023b0 ksym1=0x0
[48.710688 pid=1940 tid=1954] BPF_MAP_UPDATE_ELEM prog_array name=sys_enter_submi map_fd=13 map_id=126 key=199 prog_fd=63 prog_id=15 flags=0 ret=0 errno=0
[48.710774 pid=1940 tid=1954] native-loader jit-info prog_array-target fd=63 id=15 type=17 name=sys_enter_submi tag=b007db728abdf9dd jited_len=17661 xlated_len=30040 nr_jited_ksyms=1 ksym0=0xffffffffc04023b0 ksym1=0x0
[48.710867 pid=1940 tid=1954] BPF_MAP_UPDATE_ELEM prog_array name=sys_enter_submi map_fd=13 map_id=126 key=200 prog_fd=63 prog_id=15 flags=0 ret=0 errno=0
[48.710953 pid=1940 tid=1954] native-loader jit-info prog_array-target fd=63 id=15 type=17 name=sys_enter_submi tag=b007db728abdf9dd jited_len=17661 xlated_len=30040 nr_jited_ksyms=1 ksym0=0xffffffffc04023b0 ksym1=0x0
[48.711046 pid=1940 tid=1954] BPF_MAP_UPDATE_ELEM prog_array name=sys_enter_submi map_fd=13 map_id=126 key=201 prog_fd=63 prog_id=15 flags=0 ret=0 errno=0
[48.711129 pid=1940 tid=1954] native-loader jit-info prog_array-target fd=63 id=15 type=17 name=sys_enter_submi tag=b007db728abdf9dd jited_len=17661 xlated_len=30040 nr_jited_ksyms=1 ksym0=0xffffffffc04023b0 ksym1=0x0
[48.711219 pid=1940 tid=1954] BPF_MAP_UPDATE_ELEM prog_array name=sys_enter_submi map_fd=13 map_id=126 key=202 prog_fd=63 prog_id=15 flags=0 ret=0 errno=0
[48.711303 pid=1940 tid=1954] native-loader jit-info prog_array-target fd=63 id=15 type=17 name=sys_enter_submi tag=b007db728abdf9dd jited_len=17661 xlated_len=30040 nr_jited_ksyms=1 ksym0=0xffffffffc04023b0 ksym1=0x0
[48.711395 pid=1940 tid=1954] BPF_MAP_UPDATE_ELEM prog_array name=sys_enter_submi map_fd=13 map_id=126 key=203 prog_fd=63 prog_id=15 flags=0 ret=0 errno=0
[48.711479 pid=1940 tid=1954] native-loader jit-info prog_array-target fd=63 id=15 type=17 name=sys_enter_submi tag=b007db728abdf9dd jited_len=17661 xlated_len=30040 nr_jited_ksyms=1 ksym0=0xffffffffc04023b0 ksym1=0x0
[48.711570 pid=1940 tid=1954] BPF_MAP_UPDATE_ELEM prog_array name=sys_enter_submi map_fd=13 map_id=126 key=204 prog_fd=63 prog_id=15 flags=0 ret=0 errno=0
[48.711654 pid=1940 tid=1954] native-loader jit-info prog_array-target fd=63 id=15 type=17 name=sys_enter_submi tag=b007db728abdf9dd jited_len=17661 xlated_len=30040 nr_jited_ksyms=1 ksym0=0xffffffffc04023b0 ksym1=0x0
[48.711747 pid=1940 tid=1954] BPF_MAP_UPDATE_ELEM prog_array name=sys_enter_submi map_fd=13 map_id=126 key=205 prog_fd=63 prog_id=15 flags=0 ret=0 errno=0
[48.711832 pid=1940 tid=1954] native-loader jit-info prog_array-target fd=63 id=15 type=17 name=sys_enter_submi tag=b007db728abdf9dd jited_len=17661 xlated_len=30040 nr_jited_ksyms=1 ksym0=0xffffffffc04023b0 ksym1=0x0
[48.711925 pid=1940 tid=1954] BPF_MAP_UPDATE_ELEM prog_array name=sys_enter_submi map_fd=13 map_id=126 key=206 prog_fd=63 prog_id=15 flags=0 ret=0 errno=0
[48.712010 pid=1940 tid=1954] native-loader jit-info prog_array-target fd=63 id=15 type=17 name=sys_enter_submi tag=b007db728abdf9dd jited_len=17661 xlated_len=30040 nr_jited_ksyms=1 ksym0=0xffffffffc04023b0 ksym1=0x0
[48.712102 pid=1940 tid=1954] BPF_MAP_UPDATE_ELEM prog_array name=sys_enter_submi map_fd=13 map_id=126 key=207 prog_fd=63 prog_id=15 flags=0 ret=0 errno=0
[48.712561 pid=1940 tid=1954] native-loader jit-info prog_array-target fd=63 id=15 type=17 name=sys_enter_submi tag=b007db728abdf9dd jited_len=17661 xlated_len=30040 nr_jited_ksyms=1 ksym0=0xffffffffc04023b0 ksym1=0x0
[48.712811 pid=1940 tid=1954] BPF_MAP_UPDATE_ELEM prog_array name=sys_enter_submi map_fd=13 map_id=126 key=208 prog_fd=63 prog_id=15 flags=0 ret=0 errno=0
[48.713354 pid=1940 tid=1954] native-loader jit-info prog_array-target fd=63 id=15 type=17 name=sys_enter_submi tag=b007db728abdf9dd jited_len=17661 xlated_len=30040 nr_jited_ksyms=1 ksym0=0xffffffffc04023b0 ksym1=0x0
[48.713738 pid=1940 tid=1954] BPF_MAP_UPDATE_ELEM prog_array name=sys_enter_submi map_fd=13 map_id=126 key=209 prog_fd=63 prog_id=15 flags=0 ret=0 errno=0
[48.714148 pid=1940 tid=1954] native-loader jit-info prog_array-target fd=63 id=15 type=17 name=sys_enter_submi tag=b007db728abdf9dd jited_len=17661 xlated_len=30040 nr_jited_ksyms=1 ksym0=0xffffffffc04023b0 ksym1=0x0
[48.714570 pid=1940 tid=1954] BPF_MAP_UPDATE_ELEM prog_array name=sys_enter_submi map_fd=13 map_id=126 key=210 prog_fd=63 prog_id=15 flags=0 ret=0 errno=0
[48.714682 pid=1940 tid=1954] native-loader jit-info prog_array-target fd=63 id=15 type=17 name=sys_enter_submi tag=b007db728abdf9dd jited_len=17661 xlated_len=30040 nr_jited_ksyms=1 ksym0=0xffffffffc04023b0 ksym1=0x0
[48.714782 pid=1940 tid=1954] BPF_MAP_UPDATE_ELEM prog_array name=sys_enter_submi map_fd=13 map_id=126 key=211 prog_fd=63 prog_id=15 flags=0 ret=0 errno=0
[48.715323 pid=1940 tid=1954] native-loader jit-info prog_array-target fd=63 id=15 type=17 name=sys_enter_submi tag=b007db728abdf9dd jited_len=17661 xlated_len=30040 nr_jited_ksyms=1 ksym0=0xffffffffc04023b0 ksym1=0x0
[48.715687 pid=1940 tid=1954] BPF_MAP_UPDATE_ELEM prog_array name=sys_enter_submi map_fd=13 map_id=126 key=212 prog_fd=63 prog_id=15 flags=0 ret=0 errno=0
[48.716212 pid=1940 tid=1954] native-loader jit-info prog_array-target fd=63 id=15 type=17 name=sys_enter_submi tag=b007db728abdf9dd jited_len=17661 xlated_len=30040 nr_jited_ksyms=1 ksym0=0xffffffffc04023b0 ksym1=0x0
[48.716622 pid=1940 tid=1954] BPF_MAP_UPDATE_ELEM prog_array name=sys_enter_submi map_fd=13 map_id=126 key=213 prog_fd=63 prog_id=15 flags=0 ret=0 errno=0
[48.716945 pid=1940 tid=1954] native-loader jit-info prog_array-target fd=63 id=15 type=17 name=sys_enter_submi tag=b007db728abdf9dd jited_len=17661 xlated_len=30040 nr_jited_ksyms=1 ksym0=0xffffffffc04023b0 ksym1=0x0
[48.717247 pid=1940 tid=1954] BPF_MAP_UPDATE_ELEM prog_array name=sys_enter_submi map_fd=13 map_id=126 key=214 prog_fd=63 prog_id=15 flags=0 ret=0 errno=0
[48.717613 pid=1940 tid=1954] native-loader jit-info prog_array-target fd=63 id=15 type=17 name=sys_enter_submi tag=b007db728abdf9dd jited_len=17661 xlated_len=30040 nr_jited_ksyms=1 ksym0=0xffffffffc04023b0 ksym1=0x0
[48.717923 pid=1940 tid=1954] BPF_MAP_UPDATE_ELEM prog_array name=sys_enter_submi map_fd=13 map_id=126 key=215 prog_fd=63 prog_id=15 flags=0 ret=0 errno=0
[48.718178 pid=1940 tid=1954] native-loader jit-info prog_array-target fd=63 id=15 type=17 name=sys_enter_submi tag=b007db728abdf9dd jited_len=17661 xlated_len=30040 nr_jited_ksyms=1 ksym0=0xffffffffc04023b0 ksym1=0x0
[48.718569 pid=1940 tid=1954] BPF_MAP_UPDATE_ELEM prog_array name=sys_enter_submi map_fd=13 map_id=126 key=216 prog_fd=63 prog_id=15 flags=0 ret=0 errno=0
[48.718818 pid=1940 tid=1954] native-loader jit-info prog_array-target fd=63 id=15 type=17 name=sys_enter_submi tag=b007db728abdf9dd jited_len=17661 xlated_len=30040 nr_jited_ksyms=1 ksym0=0xffffffffc04023b0 ksym1=0x0
[48.718930 pid=1940 tid=1954] BPF_MAP_UPDATE_ELEM prog_array name=sys_enter_submi map_fd=13 map_id=126 key=217 prog_fd=63 prog_id=15 flags=0 ret=0 errno=0
[48.719022 pid=1940 tid=1954] native-loader jit-info prog_array-target fd=63 id=15 type=17 name=sys_enter_submi tag=b007db728abdf9dd jited_len=17661 xlated_len=30040 nr_jited_ksyms=1 ksym0=0xffffffffc04023b0 ksym1=0x0
[48.719325 pid=1940 tid=1954] BPF_MAP_UPDATE_ELEM prog_array name=sys_enter_submi map_fd=13 map_id=126 key=218 prog_fd=63 prog_id=15 flags=0 ret=0 errno=0
[48.719785 pid=1940 tid=1954] native-loader jit-info prog_array-target fd=63 id=15 type=17 name=sys_enter_submi tag=b007db728abdf9dd jited_len=17661 xlated_len=30040 nr_jited_ksyms=1 ksym0=0xffffffffc04023b0 ksym1=0x0
[48.720330 pid=1940 tid=1954] BPF_MAP_UPDATE_ELEM prog_array name=sys_enter_submi map_fd=13 map_id=126 key=219 prog_fd=63 prog_id=15 flags=0 ret=0 errno=0
[48.720659 pid=1940 tid=1954] native-loader jit-info prog_array-target fd=63 id=15 type=17 name=sys_enter_submi tag=b007db728abdf9dd jited_len=17661 xlated_len=30040 nr_jited_ksyms=1 ksym0=0xffffffffc04023b0 ksym1=0x0
[48.720781 pid=1940 tid=1954] BPF_MAP_UPDATE_ELEM prog_array name=sys_enter_submi map_fd=13 map_id=126 key=220 prog_fd=63 prog_id=15 flags=0 ret=0 errno=0
[48.720874 pid=1940 tid=1954] native-loader jit-info prog_array-target fd=63 id=15 type=17 name=sys_enter_submi tag=b007db728abdf9dd jited_len=17661 xlated_len=30040 nr_jited_ksyms=1 ksym0=0xffffffffc04023b0 ksym1=0x0
[48.721264 pid=1940 tid=1954] BPF_MAP_UPDATE_ELEM prog_array name=sys_enter_submi map_fd=13 map_id=126 key=221 prog_fd=63 prog_id=15 flags=0 ret=0 errno=0
[48.721576 pid=1940 tid=1954] native-loader jit-info prog_array-target fd=63 id=15 type=17 name=sys_enter_submi tag=b007db728abdf9dd jited_len=17661 xlated_len=30040 nr_jited_ksyms=1 ksym0=0xffffffffc04023b0 ksym1=0x0
[48.721702 pid=1940 tid=1954] BPF_MAP_UPDATE_ELEM prog_array name=sys_enter_submi map_fd=13 map_id=126 key=222 prog_fd=63 prog_id=15 flags=0 ret=0 errno=0
[48.721795 pid=1940 tid=1954] native-loader jit-info prog_array-target fd=63 id=15 type=17 name=sys_enter_submi tag=b007db728abdf9dd jited_len=17661 xlated_len=30040 nr_jited_ksyms=1 ksym0=0xffffffffc04023b0 ksym1=0x0
[48.721887 pid=1940 tid=1954] BPF_MAP_UPDATE_ELEM prog_array name=sys_enter_submi map_fd=13 map_id=126 key=223 prog_fd=63 prog_id=15 flags=0 ret=0 errno=0
[48.722151 pid=1940 tid=1954] native-loader jit-info prog_array-target fd=63 id=15 type=17 name=sys_enter_submi tag=b007db728abdf9dd jited_len=17661 xlated_len=30040 nr_jited_ksyms=1 ksym0=0xffffffffc04023b0 ksym1=0x0
[48.722466 pid=1940 tid=1954] BPF_MAP_UPDATE_ELEM prog_array name=sys_enter_submi map_fd=13 map_id=126 key=224 prog_fd=63 prog_id=15 flags=0 ret=0 errno=0
[48.722747 pid=1940 tid=1954] native-loader jit-info prog_array-target fd=63 id=15 type=17 name=sys_enter_submi tag=b007db728abdf9dd jited_len=17661 xlated_len=30040 nr_jited_ksyms=1 ksym0=0xffffffffc04023b0 ksym1=0x0
[48.722877 pid=1940 tid=1954] BPF_MAP_UPDATE_ELEM prog_array name=sys_enter_submi map_fd=13 map_id=126 key=225 prog_fd=63 prog_id=15 flags=0 ret=0 errno=0
[48.722980 pid=1940 tid=1954] native-loader jit-info prog_array-target fd=63 id=15 type=17 name=sys_enter_submi tag=b007db728abdf9dd jited_len=17661 xlated_len=30040 nr_jited_ksyms=1 ksym0=0xffffffffc04023b0 ksym1=0x0
[48.723350 pid=1940 tid=1954] BPF_MAP_UPDATE_ELEM prog_array name=sys_enter_submi map_fd=13 map_id=126 key=226 prog_fd=63 prog_id=15 flags=0 ret=0 errno=0
[48.723681 pid=1940 tid=1954] native-loader jit-info prog_array-target fd=63 id=15 type=17 name=sys_enter_submi tag=b007db728abdf9dd jited_len=17661 xlated_len=30040 nr_jited_ksyms=1 ksym0=0xffffffffc04023b0 ksym1=0x0
[48.723803 pid=1940 tid=1954] BPF_MAP_UPDATE_ELEM prog_array name=sys_enter_submi map_fd=13 map_id=126 key=227 prog_fd=63 prog_id=15 flags=0 ret=0 errno=0
[48.724185 pid=1940 tid=1954] native-loader jit-info prog_array-target fd=63 id=15 type=17 name=sys_enter_submi tag=b007db728abdf9dd jited_len=17661 xlated_len=30040 nr_jited_ksyms=1 ksym0=0xffffffffc04023b0 ksym1=0x0
[48.724494 pid=1940 tid=1954] BPF_MAP_UPDATE_ELEM prog_array name=sys_enter_submi map_fd=13 map_id=126 key=228 prog_fd=63 prog_id=15 flags=0 ret=0 errno=0
[48.724798 pid=1940 tid=1954] native-loader jit-info prog_array-target fd=63 id=15 type=17 name=sys_enter_submi tag=b007db728abdf9dd jited_len=17661 xlated_len=30040 nr_jited_ksyms=1 ksym0=0xffffffffc04023b0 ksym1=0x0
[48.724916 pid=1940 tid=1954] BPF_MAP_UPDATE_ELEM prog_array name=sys_enter_submi map_fd=13 map_id=126 key=229 prog_fd=63 prog_id=15 flags=0 ret=0 errno=0
[48.725197 pid=1940 tid=1954] native-loader jit-info prog_array-target fd=63 id=15 type=17 name=sys_enter_submi tag=b007db728abdf9dd jited_len=17661 xlated_len=30040 nr_jited_ksyms=1 ksym0=0xffffffffc04023b0 ksym1=0x0
[48.725330 pid=1940 tid=1954] BPF_MAP_UPDATE_ELEM prog_array name=sys_enter_submi map_fd=13 map_id=126 key=230 prog_fd=63 prog_id=15 flags=0 ret=0 errno=0
[48.725534 pid=1940 tid=1954] native-loader jit-info prog_array-target fd=63 id=15 type=17 name=sys_enter_submi tag=b007db728abdf9dd jited_len=17661 xlated_len=30040 nr_jited_ksyms=1 ksym0=0xffffffffc04023b0 ksym1=0x0
[48.725628 pid=1940 tid=1954] BPF_MAP_UPDATE_ELEM prog_array name=sys_enter_submi map_fd=13 map_id=126 key=231 prog_fd=63 prog_id=15 flags=0 ret=0 errno=0
[48.725710 pid=1940 tid=1954] native-loader jit-info prog_array-target fd=63 id=15 type=17 name=sys_enter_submi tag=b007db728abdf9dd jited_len=17661 xlated_len=30040 nr_jited_ksyms=1 ksym0=0xffffffffc04023b0 ksym1=0x0
[48.725801 pid=1940 tid=1954] BPF_MAP_UPDATE_ELEM prog_array name=sys_enter_submi map_fd=13 map_id=126 key=232 prog_fd=63 prog_id=15 flags=0 ret=0 errno=0
[48.725886 pid=1940 tid=1954] native-loader jit-info prog_array-target fd=63 id=15 type=17 name=sys_enter_submi tag=b007db728abdf9dd jited_len=17661 xlated_len=30040 nr_jited_ksyms=1 ksym0=0xffffffffc04023b0 ksym1=0x0
[48.725981 pid=1940 tid=1954] BPF_MAP_UPDATE_ELEM prog_array name=sys_enter_submi map_fd=13 map_id=126 key=233 prog_fd=63 prog_id=15 flags=0 ret=0 errno=0
[48.726066 pid=1940 tid=1954] native-loader jit-info prog_array-target fd=63 id=15 type=17 name=sys_enter_submi tag=b007db728abdf9dd jited_len=17661 xlated_len=30040 nr_jited_ksyms=1 ksym0=0xffffffffc04023b0 ksym1=0x0
[48.726159 pid=1940 tid=1954] BPF_MAP_UPDATE_ELEM prog_array name=sys_enter_submi map_fd=13 map_id=126 key=234 prog_fd=63 prog_id=15 flags=0 ret=0 errno=0
[48.726243 pid=1940 tid=1954] native-loader jit-info prog_array-target fd=63 id=15 type=17 name=sys_enter_submi tag=b007db728abdf9dd jited_len=17661 xlated_len=30040 nr_jited_ksyms=1 ksym0=0xffffffffc04023b0 ksym1=0x0
[48.726335 pid=1940 tid=1954] BPF_MAP_UPDATE_ELEM prog_array name=sys_enter_submi map_fd=13 map_id=126 key=235 prog_fd=63 prog_id=15 flags=0 ret=0 errno=0
[48.726419 pid=1940 tid=1954] native-loader jit-info prog_array-target fd=63 id=15 type=17 name=sys_enter_submi tag=b007db728abdf9dd jited_len=17661 xlated_len=30040 nr_jited_ksyms=1 ksym0=0xffffffffc04023b0 ksym1=0x0
[48.726511 pid=1940 tid=1954] BPF_MAP_UPDATE_ELEM prog_array name=sys_enter_submi map_fd=13 map_id=126 key=236 prog_fd=63 prog_id=15 flags=0 ret=0 errno=0
[48.726717 pid=1940 tid=1954] native-loader jit-info prog_array-target fd=63 id=15 type=17 name=sys_enter_submi tag=b007db728abdf9dd jited_len=17661 xlated_len=30040 nr_jited_ksyms=1 ksym0=0xffffffffc04023b0 ksym1=0x0
[48.726807 pid=1940 tid=1954] BPF_MAP_UPDATE_ELEM prog_array name=sys_enter_submi map_fd=13 map_id=126 key=237 prog_fd=63 prog_id=15 flags=0 ret=0 errno=0
[48.727080 pid=1940 tid=1954] native-loader jit-info prog_array-target fd=63 id=15 type=17 name=sys_enter_submi tag=b007db728abdf9dd jited_len=17661 xlated_len=30040 nr_jited_ksyms=1 ksym0=0xffffffffc04023b0 ksym1=0x0
[48.727170 pid=1940 tid=1954] BPF_MAP_UPDATE_ELEM prog_array name=sys_enter_submi map_fd=13 map_id=126 key=238 prog_fd=63 prog_id=15 flags=0 ret=0 errno=0
[48.727400 pid=1940 tid=1954] native-loader jit-info prog_array-target fd=63 id=15 type=17 name=sys_enter_submi tag=b007db728abdf9dd jited_len=17661 xlated_len=30040 nr_jited_ksyms=1 ksym0=0xffffffffc04023b0 ksym1=0x0
[48.727492 pid=1940 tid=1954] BPF_MAP_UPDATE_ELEM prog_array name=sys_enter_submi map_fd=13 map_id=126 key=239 prog_fd=63 prog_id=15 flags=0 ret=0 errno=0
[48.727574 pid=1940 tid=1954] native-loader jit-info prog_array-target fd=63 id=15 type=17 name=sys_enter_submi tag=b007db728abdf9dd jited_len=17661 xlated_len=30040 nr_jited_ksyms=1 ksym0=0xffffffffc04023b0 ksym1=0x0
[48.727666 pid=1940 tid=1954] BPF_MAP_UPDATE_ELEM prog_array name=sys_enter_submi map_fd=13 map_id=126 key=240 prog_fd=63 prog_id=15 flags=0 ret=0 errno=0
[48.727838 pid=1940 tid=1954] native-loader jit-info prog_array-target fd=63 id=15 type=17 name=sys_enter_submi tag=b007db728abdf9dd jited_len=17661 xlated_len=30040 nr_jited_ksyms=1 ksym0=0xffffffffc04023b0 ksym1=0x0
[48.727932 pid=1940 tid=1954] BPF_MAP_UPDATE_ELEM prog_array name=sys_enter_submi map_fd=13 map_id=126 key=241 prog_fd=63 prog_id=15 flags=0 ret=0 errno=0
[48.728015 pid=1940 tid=1954] native-loader jit-info prog_array-target fd=63 id=15 type=17 name=sys_enter_submi tag=b007db728abdf9dd jited_len=17661 xlated_len=30040 nr_jited_ksyms=1 ksym0=0xffffffffc04023b0 ksym1=0x0
[48.728107 pid=1940 tid=1954] BPF_MAP_UPDATE_ELEM prog_array name=sys_enter_submi map_fd=13 map_id=126 key=242 prog_fd=63 prog_id=15 flags=0 ret=0 errno=0
[48.728190 pid=1940 tid=1954] native-loader jit-info prog_array-target fd=63 id=15 type=17 name=sys_enter_submi tag=b007db728abdf9dd jited_len=17661 xlated_len=30040 nr_jited_ksyms=1 ksym0=0xffffffffc04023b0 ksym1=0x0
[48.728284 pid=1940 tid=1954] BPF_MAP_UPDATE_ELEM prog_array name=sys_enter_submi map_fd=13 map_id=126 key=243 prog_fd=63 prog_id=15 flags=0 ret=0 errno=0
[48.728368 pid=1940 tid=1954] native-loader jit-info prog_array-target fd=63 id=15 type=17 name=sys_enter_submi tag=b007db728abdf9dd jited_len=17661 xlated_len=30040 nr_jited_ksyms=1 ksym0=0xffffffffc04023b0 ksym1=0x0
[48.728459 pid=1940 tid=1954] BPF_MAP_UPDATE_ELEM prog_array name=sys_enter_submi map_fd=13 map_id=126 key=244 prog_fd=63 prog_id=15 flags=0 ret=0 errno=0
[48.728544 pid=1940 tid=1954] native-loader jit-info prog_array-target fd=63 id=15 type=17 name=sys_enter_submi tag=b007db728abdf9dd jited_len=17661 xlated_len=30040 nr_jited_ksyms=1 ksym0=0xffffffffc04023b0 ksym1=0x0
[48.728636 pid=1940 tid=1954] BPF_MAP_UPDATE_ELEM prog_array name=sys_enter_submi map_fd=13 map_id=126 key=245 prog_fd=63 prog_id=15 flags=0 ret=0 errno=0
[48.728720 pid=1940 tid=1954] native-loader jit-info prog_array-target fd=63 id=15 type=17 name=sys_enter_submi tag=b007db728abdf9dd jited_len=17661 xlated_len=30040 nr_jited_ksyms=1 ksym0=0xffffffffc04023b0 ksym1=0x0
[48.728813 pid=1940 tid=1954] BPF_MAP_UPDATE_ELEM prog_array name=sys_enter_submi map_fd=13 map_id=126 key=246 prog_fd=63 prog_id=15 flags=0 ret=0 errno=0
[48.728898 pid=1940 tid=1954] native-loader jit-info prog_array-target fd=63 id=15 type=17 name=sys_enter_submi tag=b007db728abdf9dd jited_len=17661 xlated_len=30040 nr_jited_ksyms=1 ksym0=0xffffffffc04023b0 ksym1=0x0
[48.728992 pid=1940 tid=1954] BPF_MAP_UPDATE_ELEM prog_array name=sys_enter_submi map_fd=13 map_id=126 key=247 prog_fd=63 prog_id=15 flags=0 ret=0 errno=0
[48.729079 pid=1940 tid=1954] native-loader jit-info prog_array-target fd=63 id=15 type=17 name=sys_enter_submi tag=b007db728abdf9dd jited_len=17661 xlated_len=30040 nr_jited_ksyms=1 ksym0=0xffffffffc04023b0 ksym1=0x0
[48.729172 pid=1940 tid=1954] BPF_MAP_UPDATE_ELEM prog_array name=sys_enter_submi map_fd=13 map_id=126 key=248 prog_fd=63 prog_id=15 flags=0 ret=0 errno=0
[48.729257 pid=1940 tid=1954] native-loader jit-info prog_array-target fd=63 id=15 type=17 name=sys_enter_submi tag=b007db728abdf9dd jited_len=17661 xlated_len=30040 nr_jited_ksyms=1 ksym0=0xffffffffc04023b0 ksym1=0x0
[48.729349 pid=1940 tid=1954] BPF_MAP_UPDATE_ELEM prog_array name=sys_enter_submi map_fd=13 map_id=126 key=249 prog_fd=63 prog_id=15 flags=0 ret=0 errno=0
[48.729433 pid=1940 tid=1954] native-loader jit-info prog_array-target fd=63 id=15 type=17 name=sys_enter_submi tag=b007db728abdf9dd jited_len=17661 xlated_len=30040 nr_jited_ksyms=1 ksym0=0xffffffffc04023b0 ksym1=0x0
[48.729525 pid=1940 tid=1954] BPF_MAP_UPDATE_ELEM prog_array name=sys_enter_submi map_fd=13 map_id=126 key=250 prog_fd=63 prog_id=15 flags=0 ret=0 errno=0
[48.729610 pid=1940 tid=1954] native-loader jit-info prog_array-target fd=63 id=15 type=17 name=sys_enter_submi tag=b007db728abdf9dd jited_len=17661 xlated_len=30040 nr_jited_ksyms=1 ksym0=0xffffffffc04023b0 ksym1=0x0
[48.729702 pid=1940 tid=1954] BPF_MAP_UPDATE_ELEM prog_array name=sys_enter_submi map_fd=13 map_id=126 key=251 prog_fd=63 prog_id=15 flags=0 ret=0 errno=0
[48.729785 pid=1940 tid=1954] native-loader jit-info prog_array-target fd=63 id=15 type=17 name=sys_enter_submi tag=b007db728abdf9dd jited_len=17661 xlated_len=30040 nr_jited_ksyms=1 ksym0=0xffffffffc04023b0 ksym1=0x0
[48.729877 pid=1940 tid=1954] BPF_MAP_UPDATE_ELEM prog_array name=sys_enter_submi map_fd=13 map_id=126 key=252 prog_fd=63 prog_id=15 flags=0 ret=0 errno=0
[48.729963 pid=1940 tid=1954] native-loader jit-info prog_array-target fd=63 id=15 type=17 name=sys_enter_submi tag=b007db728abdf9dd jited_len=17661 xlated_len=30040 nr_jited_ksyms=1 ksym0=0xffffffffc04023b0 ksym1=0x0
[48.730056 pid=1940 tid=1954] BPF_MAP_UPDATE_ELEM prog_array name=sys_enter_submi map_fd=13 map_id=126 key=253 prog_fd=63 prog_id=15 flags=0 ret=0 errno=0
[48.730140 pid=1940 tid=1954] native-loader jit-info prog_array-target fd=63 id=15 type=17 name=sys_enter_submi tag=b007db728abdf9dd jited_len=17661 xlated_len=30040 nr_jited_ksyms=1 ksym0=0xffffffffc04023b0 ksym1=0x0
[48.730235 pid=1940 tid=1954] BPF_MAP_UPDATE_ELEM prog_array name=sys_enter_submi map_fd=13 map_id=126 key=254 prog_fd=63 prog_id=15 flags=0 ret=0 errno=0
[48.730319 pid=1940 tid=1954] native-loader jit-info prog_array-target fd=63 id=15 type=17 name=sys_enter_submi tag=b007db728abdf9dd jited_len=17661 xlated_len=30040 nr_jited_ksyms=1 ksym0=0xffffffffc04023b0 ksym1=0x0
[48.730411 pid=1940 tid=1954] BPF_MAP_UPDATE_ELEM prog_array name=sys_enter_submi map_fd=13 map_id=126 key=255 prog_fd=63 prog_id=15 flags=0 ret=0 errno=0
[48.730495 pid=1940 tid=1954] native-loader jit-info prog_array-target fd=63 id=15 type=17 name=sys_enter_submi tag=b007db728abdf9dd jited_len=17661 xlated_len=30040 nr_jited_ksyms=1 ksym0=0xffffffffc04023b0 ksym1=0x0
[48.730587 pid=1940 tid=1954] BPF_MAP_UPDATE_ELEM prog_array name=sys_enter_submi map_fd=13 map_id=126 key=256 prog_fd=63 prog_id=15 flags=0 ret=0 errno=0
[48.730672 pid=1940 tid=1954] native-loader jit-info prog_array-target fd=63 id=15 type=17 name=sys_enter_submi tag=b007db728abdf9dd jited_len=17661 xlated_len=30040 nr_jited_ksyms=1 ksym0=0xffffffffc04023b0 ksym1=0x0
[48.730764 pid=1940 tid=1954] BPF_MAP_UPDATE_ELEM prog_array name=sys_enter_submi map_fd=13 map_id=126 key=257 prog_fd=63 prog_id=15 flags=0 ret=0 errno=0
[48.730848 pid=1940 tid=1954] native-loader jit-info prog_array-target fd=63 id=15 type=17 name=sys_enter_submi tag=b007db728abdf9dd jited_len=17661 xlated_len=30040 nr_jited_ksyms=1 ksym0=0xffffffffc04023b0 ksym1=0x0
[48.730943 pid=1940 tid=1954] BPF_MAP_UPDATE_ELEM prog_array name=sys_enter_submi map_fd=13 map_id=126 key=258 prog_fd=63 prog_id=15 flags=0 ret=0 errno=0
[48.731026 pid=1940 tid=1954] native-loader jit-info prog_array-target fd=63 id=15 type=17 name=sys_enter_submi tag=b007db728abdf9dd jited_len=17661 xlated_len=30040 nr_jited_ksyms=1 ksym0=0xffffffffc04023b0 ksym1=0x0
[48.731118 pid=1940 tid=1954] BPF_MAP_UPDATE_ELEM prog_array name=sys_enter_submi map_fd=13 map_id=126 key=259 prog_fd=63 prog_id=15 flags=0 ret=0 errno=0
[48.731333 pid=1940 tid=1954] native-loader jit-info prog_array-target fd=63 id=15 type=17 name=sys_enter_submi tag=b007db728abdf9dd jited_len=17661 xlated_len=30040 nr_jited_ksyms=1 ksym0=0xffffffffc04023b0 ksym1=0x0
[48.731417 pid=1940 tid=1954] BPF_MAP_UPDATE_ELEM prog_array name=sys_enter_submi map_fd=13 map_id=126 key=260 prog_fd=63 prog_id=15 flags=0 ret=0 errno=0
[48.731501 pid=1940 tid=1954] native-loader jit-info prog_array-target fd=63 id=15 type=17 name=sys_enter_submi tag=b007db728abdf9dd jited_len=17661 xlated_len=30040 nr_jited_ksyms=1 ksym0=0xffffffffc04023b0 ksym1=0x0
[48.731592 pid=1940 tid=1954] BPF_MAP_UPDATE_ELEM prog_array name=sys_enter_submi map_fd=13 map_id=126 key=261 prog_fd=63 prog_id=15 flags=0 ret=0 errno=0
[48.731676 pid=1940 tid=1954] native-loader jit-info prog_array-target fd=63 id=15 type=17 name=sys_enter_submi tag=b007db728abdf9dd jited_len=17661 xlated_len=30040 nr_jited_ksyms=1 ksym0=0xffffffffc04023b0 ksym1=0x0
[48.731767 pid=1940 tid=1954] BPF_MAP_UPDATE_ELEM prog_array name=sys_enter_submi map_fd=13 map_id=126 key=262 prog_fd=63 prog_id=15 flags=0 ret=0 errno=0
[48.731852 pid=1940 tid=1954] native-loader jit-info prog_array-target fd=63 id=15 type=17 name=sys_enter_submi tag=b007db728abdf9dd jited_len=17661 xlated_len=30040 nr_jited_ksyms=1 ksym0=0xffffffffc04023b0 ksym1=0x0
[48.731952 pid=1940 tid=1954] BPF_MAP_UPDATE_ELEM prog_array name=sys_enter_submi map_fd=13 map_id=126 key=263 prog_fd=63 prog_id=15 flags=0 ret=0 errno=0
[48.732034 pid=1940 tid=1954] native-loader jit-info prog_array-target fd=63 id=15 type=17 name=sys_enter_submi tag=b007db728abdf9dd jited_len=17661 xlated_len=30040 nr_jited_ksyms=1 ksym0=0xffffffffc04023b0 ksym1=0x0
[48.732126 pid=1940 tid=1954] BPF_MAP_UPDATE_ELEM prog_array name=sys_enter_submi map_fd=13 map_id=126 key=264 prog_fd=63 prog_id=15 flags=0 ret=0 errno=0
[48.732210 pid=1940 tid=1954] native-loader jit-info prog_array-target fd=63 id=15 type=17 name=sys_enter_submi tag=b007db728abdf9dd jited_len=17661 xlated_len=30040 nr_jited_ksyms=1 ksym0=0xffffffffc04023b0 ksym1=0x0
[48.732302 pid=1940 tid=1954] BPF_MAP_UPDATE_ELEM prog_array name=sys_enter_submi map_fd=13 map_id=126 key=265 prog_fd=63 prog_id=15 flags=0 ret=0 errno=0
[48.732485 pid=1940 tid=1954] native-loader jit-info prog_array-target fd=63 id=15 type=17 name=sys_enter_submi tag=b007db728abdf9dd jited_len=17661 xlated_len=30040 nr_jited_ksyms=1 ksym0=0xffffffffc04023b0 ksym1=0x0
[48.732575 pid=1940 tid=1954] BPF_MAP_UPDATE_ELEM prog_array name=sys_enter_submi map_fd=13 map_id=126 key=266 prog_fd=63 prog_id=15 flags=0 ret=0 errno=0
[48.732751 pid=1940 tid=1954] native-loader jit-info prog_array-target fd=63 id=15 type=17 name=sys_enter_submi tag=b007db728abdf9dd jited_len=17661 xlated_len=30040 nr_jited_ksyms=1 ksym0=0xffffffffc04023b0 ksym1=0x0
[48.732843 pid=1940 tid=1954] BPF_MAP_UPDATE_ELEM prog_array name=sys_enter_submi map_fd=13 map_id=126 key=267 prog_fd=63 prog_id=15 flags=0 ret=0 errno=0
[48.732933 pid=1940 tid=1954] native-loader jit-info prog_array-target fd=63 id=15 type=17 name=sys_enter_submi tag=b007db728abdf9dd jited_len=17661 xlated_len=30040 nr_jited_ksyms=1 ksym0=0xffffffffc04023b0 ksym1=0x0
[48.733026 pid=1940 tid=1954] BPF_MAP_UPDATE_ELEM prog_array name=sys_enter_submi map_fd=13 map_id=126 key=268 prog_fd=63 prog_id=15 flags=0 ret=0 errno=0
[48.733110 pid=1940 tid=1954] native-loader jit-info prog_array-target fd=63 id=15 type=17 name=sys_enter_submi tag=b007db728abdf9dd jited_len=17661 xlated_len=30040 nr_jited_ksyms=1 ksym0=0xffffffffc04023b0 ksym1=0x0
[48.733203 pid=1940 tid=1954] BPF_MAP_UPDATE_ELEM prog_array name=sys_enter_submi map_fd=13 map_id=126 key=269 prog_fd=63 prog_id=15 flags=0 ret=0 errno=0
[48.733287 pid=1940 tid=1954] native-loader jit-info prog_array-target fd=63 id=15 type=17 name=sys_enter_submi tag=b007db728abdf9dd jited_len=17661 xlated_len=30040 nr_jited_ksyms=1 ksym0=0xffffffffc04023b0 ksym1=0x0
[48.733379 pid=1940 tid=1954] BPF_MAP_UPDATE_ELEM prog_array name=sys_enter_submi map_fd=13 map_id=126 key=270 prog_fd=63 prog_id=15 flags=0 ret=0 errno=0
[48.733464 pid=1940 tid=1954] native-loader jit-info prog_array-target fd=63 id=15 type=17 name=sys_enter_submi tag=b007db728abdf9dd jited_len=17661 xlated_len=30040 nr_jited_ksyms=1 ksym0=0xffffffffc04023b0 ksym1=0x0
[48.733557 pid=1940 tid=1954] BPF_MAP_UPDATE_ELEM prog_array name=sys_enter_submi map_fd=13 map_id=126 key=271 prog_fd=63 prog_id=15 flags=0 ret=0 errno=0
[48.733641 pid=1940 tid=1954] native-loader jit-info prog_array-target fd=63 id=15 type=17 name=sys_enter_submi tag=b007db728abdf9dd jited_len=17661 xlated_len=30040 nr_jited_ksyms=1 ksym0=0xffffffffc04023b0 ksym1=0x0
[48.733732 pid=1940 tid=1954] BPF_MAP_UPDATE_ELEM prog_array name=sys_enter_submi map_fd=13 map_id=126 key=272 prog_fd=63 prog_id=15 flags=0 ret=0 errno=0
[48.733816 pid=1940 tid=1954] native-loader jit-info prog_array-target fd=63 id=15 type=17 name=sys_enter_submi tag=b007db728abdf9dd jited_len=17661 xlated_len=30040 nr_jited_ksyms=1 ksym0=0xffffffffc04023b0 ksym1=0x0
[48.733909 pid=1940 tid=1954] BPF_MAP_UPDATE_ELEM prog_array name=sys_enter_submi map_fd=13 map_id=126 key=273 prog_fd=63 prog_id=15 flags=0 ret=0 errno=0
[48.733996 pid=1940 tid=1954] native-loader jit-info prog_array-target fd=63 id=15 type=17 name=sys_enter_submi tag=b007db728abdf9dd jited_len=17661 xlated_len=30040 nr_jited_ksyms=1 ksym0=0xffffffffc04023b0 ksym1=0x0
[48.734090 pid=1940 tid=1954] BPF_MAP_UPDATE_ELEM prog_array name=sys_enter_submi map_fd=13 map_id=126 key=274 prog_fd=63 prog_id=15 flags=0 ret=0 errno=0
[48.734172 pid=1940 tid=1954] native-loader jit-info prog_array-target fd=63 id=15 type=17 name=sys_enter_submi tag=b007db728abdf9dd jited_len=17661 xlated_len=30040 nr_jited_ksyms=1 ksym0=0xffffffffc04023b0 ksym1=0x0
[48.734264 pid=1940 tid=1954] BPF_MAP_UPDATE_ELEM prog_array name=sys_enter_submi map_fd=13 map_id=126 key=275 prog_fd=63 prog_id=15 flags=0 ret=0 errno=0
[48.734349 pid=1940 tid=1954] native-loader jit-info prog_array-target fd=63 id=15 type=17 name=sys_enter_submi tag=b007db728abdf9dd jited_len=17661 xlated_len=30040 nr_jited_ksyms=1 ksym0=0xffffffffc04023b0 ksym1=0x0
[48.734441 pid=1940 tid=1954] BPF_MAP_UPDATE_ELEM prog_array name=sys_enter_submi map_fd=13 map_id=126 key=276 prog_fd=63 prog_id=15 flags=0 ret=0 errno=0
[48.734524 pid=1940 tid=1954] native-loader jit-info prog_array-target fd=63 id=15 type=17 name=sys_enter_submi tag=b007db728abdf9dd jited_len=17661 xlated_len=30040 nr_jited_ksyms=1 ksym0=0xffffffffc04023b0 ksym1=0x0
[48.734618 pid=1940 tid=1954] BPF_MAP_UPDATE_ELEM prog_array name=sys_enter_submi map_fd=13 map_id=126 key=277 prog_fd=63 prog_id=15 flags=0 ret=0 errno=0
[48.734701 pid=1940 tid=1954] native-loader jit-info prog_array-target fd=63 id=15 type=17 name=sys_enter_submi tag=b007db728abdf9dd jited_len=17661 xlated_len=30040 nr_jited_ksyms=1 ksym0=0xffffffffc04023b0 ksym1=0x0
[48.734792 pid=1940 tid=1954] BPF_MAP_UPDATE_ELEM prog_array name=sys_enter_submi map_fd=13 map_id=126 key=278 prog_fd=63 prog_id=15 flags=0 ret=0 errno=0
[48.734877 pid=1940 tid=1954] native-loader jit-info prog_array-target fd=63 id=15 type=17 name=sys_enter_submi tag=b007db728abdf9dd jited_len=17661 xlated_len=30040 nr_jited_ksyms=1 ksym0=0xffffffffc04023b0 ksym1=0x0
[48.734972 pid=1940 tid=1954] BPF_MAP_UPDATE_ELEM prog_array name=sys_enter_submi map_fd=13 map_id=126 key=279 prog_fd=63 prog_id=15 flags=0 ret=0 errno=0
[48.735056 pid=1940 tid=1954] native-loader jit-info prog_array-target fd=63 id=15 type=17 name=sys_enter_submi tag=b007db728abdf9dd jited_len=17661 xlated_len=30040 nr_jited_ksyms=1 ksym0=0xffffffffc04023b0 ksym1=0x0
[48.735149 pid=1940 tid=1954] BPF_MAP_UPDATE_ELEM prog_array name=sys_enter_submi map_fd=13 map_id=126 key=280 prog_fd=63 prog_id=15 flags=0 ret=0 errno=0
[48.735235 pid=1940 tid=1954] native-loader jit-info prog_array-target fd=63 id=15 type=17 name=sys_enter_submi tag=b007db728abdf9dd jited_len=17661 xlated_len=30040 nr_jited_ksyms=1 ksym0=0xffffffffc04023b0 ksym1=0x0
[48.735328 pid=1940 tid=1954] BPF_MAP_UPDATE_ELEM prog_array name=sys_enter_submi map_fd=13 map_id=126 key=281 prog_fd=63 prog_id=15 flags=0 ret=0 errno=0
[48.735411 pid=1940 tid=1954] native-loader jit-info prog_array-target fd=63 id=15 type=17 name=sys_enter_submi tag=b007db728abdf9dd jited_len=17661 xlated_len=30040 nr_jited_ksyms=1 ksym0=0xffffffffc04023b0 ksym1=0x0
[48.735503 pid=1940 tid=1954] BPF_MAP_UPDATE_ELEM prog_array name=sys_enter_submi map_fd=13 map_id=126 key=282 prog_fd=63 prog_id=15 flags=0 ret=0 errno=0
[48.735589 pid=1940 tid=1954] native-loader jit-info prog_array-target fd=63 id=15 type=17 name=sys_enter_submi tag=b007db728abdf9dd jited_len=17661 xlated_len=30040 nr_jited_ksyms=1 ksym0=0xffffffffc04023b0 ksym1=0x0
[48.735683 pid=1940 tid=1954] BPF_MAP_UPDATE_ELEM prog_array name=sys_enter_submi map_fd=13 map_id=126 key=283 prog_fd=63 prog_id=15 flags=0 ret=0 errno=0
[48.735767 pid=1940 tid=1954] native-loader jit-info prog_array-target fd=63 id=15 type=17 name=sys_enter_submi tag=b007db728abdf9dd jited_len=17661 xlated_len=30040 nr_jited_ksyms=1 ksym0=0xffffffffc04023b0 ksym1=0x0
[48.735859 pid=1940 tid=1954] BPF_MAP_UPDATE_ELEM prog_array name=sys_enter_submi map_fd=13 map_id=126 key=284 prog_fd=63 prog_id=15 flags=0 ret=0 errno=0
[48.735944 pid=1940 tid=1954] native-loader jit-info prog_array-target fd=63 id=15 type=17 name=sys_enter_submi tag=b007db728abdf9dd jited_len=17661 xlated_len=30040 nr_jited_ksyms=1 ksym0=0xffffffffc04023b0 ksym1=0x0
[48.736038 pid=1940 tid=1954] BPF_MAP_UPDATE_ELEM prog_array name=sys_enter_submi map_fd=13 map_id=126 key=285 prog_fd=63 prog_id=15 flags=0 ret=0 errno=0
[48.736126 pid=1940 tid=1954] native-loader jit-info prog_array-target fd=63 id=15 type=17 name=sys_enter_submi tag=b007db728abdf9dd jited_len=17661 xlated_len=30040 nr_jited_ksyms=1 ksym0=0xffffffffc04023b0 ksym1=0x0
[48.736218 pid=1940 tid=1954] BPF_MAP_UPDATE_ELEM prog_array name=sys_enter_submi map_fd=13 map_id=126 key=286 prog_fd=63 prog_id=15 flags=0 ret=0 errno=0
[48.736301 pid=1940 tid=1954] native-loader jit-info prog_array-target fd=63 id=15 type=17 name=sys_enter_submi tag=b007db728abdf9dd jited_len=17661 xlated_len=30040 nr_jited_ksyms=1 ksym0=0xffffffffc04023b0 ksym1=0x0
[48.736394 pid=1940 tid=1954] BPF_MAP_UPDATE_ELEM prog_array name=sys_enter_submi map_fd=13 map_id=126 key=287 prog_fd=63 prog_id=15 flags=0 ret=0 errno=0
[48.736477 pid=1940 tid=1954] native-loader jit-info prog_array-target fd=63 id=15 type=17 name=sys_enter_submi tag=b007db728abdf9dd jited_len=17661 xlated_len=30040 nr_jited_ksyms=1 ksym0=0xffffffffc04023b0 ksym1=0x0
[48.736568 pid=1940 tid=1954] BPF_MAP_UPDATE_ELEM prog_array name=sys_enter_submi map_fd=13 map_id=126 key=288 prog_fd=63 prog_id=15 flags=0 ret=0 errno=0
[48.736722 pid=1940 tid=1954] native-loader jit-info prog_array-target fd=63 id=15 type=17 name=sys_enter_submi tag=b007db728abdf9dd jited_len=17661 xlated_len=30040 nr_jited_ksyms=1 ksym0=0xffffffffc04023b0 ksym1=0x0
[48.736813 pid=1940 tid=1954] BPF_MAP_UPDATE_ELEM prog_array name=sys_enter_submi map_fd=13 map_id=126 key=289 prog_fd=63 prog_id=15 flags=0 ret=0 errno=0
[48.736898 pid=1940 tid=1954] native-loader jit-info prog_array-target fd=63 id=15 type=17 name=sys_enter_submi tag=b007db728abdf9dd jited_len=17661 xlated_len=30040 nr_jited_ksyms=1 ksym0=0xffffffffc04023b0 ksym1=0x0
[48.736991 pid=1940 tid=1954] BPF_MAP_UPDATE_ELEM prog_array name=sys_enter_submi map_fd=13 map_id=126 key=290 prog_fd=63 prog_id=15 flags=0 ret=0 errno=0
[48.737075 pid=1940 tid=1954] native-loader jit-info prog_array-target fd=63 id=15 type=17 name=sys_enter_submi tag=b007db728abdf9dd jited_len=17661 xlated_len=30040 nr_jited_ksyms=1 ksym0=0xffffffffc04023b0 ksym1=0x0
[48.737168 pid=1940 tid=1954] BPF_MAP_UPDATE_ELEM prog_array name=sys_enter_submi map_fd=13 map_id=126 key=291 prog_fd=63 prog_id=15 flags=0 ret=0 errno=0
[48.737251 pid=1940 tid=1954] native-loader jit-info prog_array-target fd=63 id=15 type=17 name=sys_enter_submi tag=b007db728abdf9dd jited_len=17661 xlated_len=30040 nr_jited_ksyms=1 ksym0=0xffffffffc04023b0 ksym1=0x0
[48.737491 pid=1940 tid=1954] BPF_MAP_UPDATE_ELEM prog_array name=sys_enter_submi map_fd=13 map_id=126 key=293 prog_fd=63 prog_id=15 flags=0 ret=0 errno=0
[48.737573 pid=1940 tid=1954] native-loader jit-info prog_array-target fd=63 id=15 type=17 name=sys_enter_submi tag=b007db728abdf9dd jited_len=17661 xlated_len=30040 nr_jited_ksyms=1 ksym0=0xffffffffc04023b0 ksym1=0x0
[48.737663 pid=1940 tid=1954] BPF_MAP_UPDATE_ELEM prog_array name=sys_enter_submi map_fd=13 map_id=126 key=294 prog_fd=63 prog_id=15 flags=0 ret=0 errno=0
[48.737747 pid=1940 tid=1954] native-loader jit-info prog_array-target fd=63 id=15 type=17 name=sys_enter_submi tag=b007db728abdf9dd jited_len=17661 xlated_len=30040 nr_jited_ksyms=1 ksym0=0xffffffffc04023b0 ksym1=0x0
[48.737838 pid=1940 tid=1954] BPF_MAP_UPDATE_ELEM prog_array name=sys_enter_submi map_fd=13 map_id=126 key=295 prog_fd=63 prog_id=15 flags=0 ret=0 errno=0
[48.738172 pid=1940 tid=1954] native-loader jit-info prog_array-target fd=63 id=15 type=17 name=sys_enter_submi tag=b007db728abdf9dd jited_len=17661 xlated_len=30040 nr_jited_ksyms=1 ksym0=0xffffffffc04023b0 ksym1=0x0
[48.738279 pid=1940 tid=1954] BPF_MAP_UPDATE_ELEM prog_array name=sys_enter_submi map_fd=13 map_id=126 key=296 prog_fd=63 prog_id=15 flags=0 ret=0 errno=0
[48.738616 pid=1940 tid=1954] native-loader jit-info prog_array-target fd=63 id=15 type=17 name=sys_enter_submi tag=b007db728abdf9dd jited_len=17661 xlated_len=30040 nr_jited_ksyms=1 ksym0=0xffffffffc04023b0 ksym1=0x0
[48.738740 pid=1940 tid=1954] BPF_MAP_UPDATE_ELEM prog_array name=sys_enter_submi map_fd=13 map_id=126 key=297 prog_fd=63 prog_id=15 flags=0 ret=0 errno=0
[48.739249 pid=1940 tid=1954] native-loader jit-info prog_array-target fd=63 id=15 type=17 name=sys_enter_submi tag=b007db728abdf9dd jited_len=17661 xlated_len=30040 nr_jited_ksyms=1 ksym0=0xffffffffc04023b0 ksym1=0x0
[48.739551 pid=1940 tid=1954] BPF_MAP_UPDATE_ELEM prog_array name=sys_enter_submi map_fd=13 map_id=126 key=298 prog_fd=63 prog_id=15 flags=0 ret=0 errno=0
[48.739818 pid=1940 tid=1954] native-loader jit-info prog_array-target fd=63 id=15 type=17 name=sys_enter_submi tag=b007db728abdf9dd jited_len=17661 xlated_len=30040 nr_jited_ksyms=1 ksym0=0xffffffffc04023b0 ksym1=0x0
[48.739931 pid=1940 tid=1954] BPF_MAP_UPDATE_ELEM prog_array name=sys_enter_submi map_fd=13 map_id=126 key=299 prog_fd=63 prog_id=15 flags=0 ret=0 errno=0
[48.740395 pid=1940 tid=1954] native-loader jit-info prog_array-target fd=63 id=15 type=17 name=sys_enter_submi tag=b007db728abdf9dd jited_len=17661 xlated_len=30040 nr_jited_ksyms=1 ksym0=0xffffffffc04023b0 ksym1=0x0
[48.740796 pid=1940 tid=1954] BPF_MAP_UPDATE_ELEM prog_array name=sys_enter_submi map_fd=13 map_id=126 key=300 prog_fd=63 prog_id=15 flags=0 ret=0 errno=0
[48.740908 pid=1940 tid=1954] native-loader jit-info prog_array-target fd=63 id=15 type=17 name=sys_enter_submi tag=b007db728abdf9dd jited_len=17661 xlated_len=30040 nr_jited_ksyms=1 ksym0=0xffffffffc04023b0 ksym1=0x0
[48.741215 pid=1940 tid=1954] BPF_MAP_UPDATE_ELEM prog_array name=sys_enter_submi map_fd=13 map_id=126 key=301 prog_fd=63 prog_id=15 flags=0 ret=0 errno=0
[48.741558 pid=1940 tid=1954] native-loader jit-info prog_array-target fd=63 id=15 type=17 name=sys_enter_submi tag=b007db728abdf9dd jited_len=17661 xlated_len=30040 nr_jited_ksyms=1 ksym0=0xffffffffc04023b0 ksym1=0x0
[48.741836 pid=1940 tid=1954] BPF_MAP_UPDATE_ELEM prog_array name=sys_enter_submi map_fd=13 map_id=126 key=302 prog_fd=63 prog_id=15 flags=0 ret=0 errno=0
[48.741956 pid=1940 tid=1954] native-loader jit-info prog_array-target fd=63 id=15 type=17 name=sys_enter_submi tag=b007db728abdf9dd jited_len=17661 xlated_len=30040 nr_jited_ksyms=1 ksym0=0xffffffffc04023b0 ksym1=0x0
[48.742317 pid=1940 tid=1954] BPF_MAP_UPDATE_ELEM prog_array name=sys_enter_submi map_fd=13 map_id=126 key=303 prog_fd=63 prog_id=15 flags=0 ret=0 errno=0
[48.742713 pid=1940 tid=1954] native-loader jit-info prog_array-target fd=63 id=15 type=17 name=sys_enter_submi tag=b007db728abdf9dd jited_len=17661 xlated_len=30040 nr_jited_ksyms=1 ksym0=0xffffffffc04023b0 ksym1=0x0
[48.742839 pid=1940 tid=1954] BPF_MAP_UPDATE_ELEM prog_array name=sys_enter_submi map_fd=13 map_id=126 key=304 prog_fd=63 prog_id=15 flags=0 ret=0 errno=0
[48.742939 pid=1940 tid=1954] native-loader jit-info prog_array-target fd=63 id=15 type=17 name=sys_enter_submi tag=b007db728abdf9dd jited_len=17661 xlated_len=30040 nr_jited_ksyms=1 ksym0=0xffffffffc04023b0 ksym1=0x0
[48.743254 pid=1940 tid=1954] BPF_MAP_UPDATE_ELEM prog_array name=sys_enter_submi map_fd=13 map_id=126 key=305 prog_fd=63 prog_id=15 flags=0 ret=0 errno=0
[48.743732 pid=1940 tid=1954] native-loader jit-info prog_array-target fd=63 id=15 type=17 name=sys_enter_submi tag=b007db728abdf9dd jited_len=17661 xlated_len=30040 nr_jited_ksyms=1 ksym0=0xffffffffc04023b0 ksym1=0x0
[48.743852 pid=1940 tid=1954] BPF_MAP_UPDATE_ELEM prog_array name=sys_enter_submi map_fd=13 map_id=126 key=306 prog_fd=63 prog_id=15 flags=0 ret=0 errno=0
[48.743994 pid=1940 tid=1954] native-loader jit-info prog_array-target fd=63 id=15 type=17 name=sys_enter_submi tag=b007db728abdf9dd jited_len=17661 xlated_len=30040 nr_jited_ksyms=1 ksym0=0xffffffffc04023b0 ksym1=0x0
[48.744270 pid=1940 tid=1954] BPF_MAP_UPDATE_ELEM prog_array name=sys_enter_submi map_fd=13 map_id=126 key=307 prog_fd=63 prog_id=15 flags=0 ret=0 errno=0
[48.744544 pid=1940 tid=1954] native-loader jit-info prog_array-target fd=63 id=15 type=17 name=sys_enter_submi tag=b007db728abdf9dd jited_len=17661 xlated_len=30040 nr_jited_ksyms=1 ksym0=0xffffffffc04023b0 ksym1=0x0
[48.744664 pid=1940 tid=1954] BPF_MAP_UPDATE_ELEM prog_array name=sys_enter_submi map_fd=13 map_id=126 key=308 prog_fd=63 prog_id=15 flags=0 ret=0 errno=0
[48.744756 pid=1940 tid=1954] native-loader jit-info prog_array-target fd=63 id=15 type=17 name=sys_enter_submi tag=b007db728abdf9dd jited_len=17661 xlated_len=30040 nr_jited_ksyms=1 ksym0=0xffffffffc04023b0 ksym1=0x0
[48.744848 pid=1940 tid=1954] BPF_MAP_UPDATE_ELEM prog_array name=sys_enter_submi map_fd=13 map_id=126 key=309 prog_fd=63 prog_id=15 flags=0 ret=0 errno=0
[48.744937 pid=1940 tid=1954] native-loader jit-info prog_array-target fd=63 id=15 type=17 name=sys_enter_submi tag=b007db728abdf9dd jited_len=17661 xlated_len=30040 nr_jited_ksyms=1 ksym0=0xffffffffc04023b0 ksym1=0x0
[48.745024 pid=1940 tid=1954] BPF_MAP_UPDATE_ELEM prog_array name=sys_enter_submi map_fd=13 map_id=126 key=310 prog_fd=63 prog_id=15 flags=0 ret=0 errno=0
[48.745111 pid=1940 tid=1954] native-loader jit-info prog_array-target fd=63 id=15 type=17 name=sys_enter_submi tag=b007db728abdf9dd jited_len=17661 xlated_len=30040 nr_jited_ksyms=1 ksym0=0xffffffffc04023b0 ksym1=0x0
[48.745204 pid=1940 tid=1954] BPF_MAP_UPDATE_ELEM prog_array name=sys_enter_submi map_fd=13 map_id=126 key=312 prog_fd=63 prog_id=15 flags=0 ret=0 errno=0
[48.745287 pid=1940 tid=1954] native-loader jit-info prog_array-target fd=63 id=15 type=17 name=sys_enter_submi tag=b007db728abdf9dd jited_len=17661 xlated_len=30040 nr_jited_ksyms=1 ksym0=0xffffffffc04023b0 ksym1=0x0
[48.745380 pid=1940 tid=1954] BPF_MAP_UPDATE_ELEM prog_array name=sys_enter_submi map_fd=13 map_id=126 key=313 prog_fd=63 prog_id=15 flags=0 ret=0 errno=0
[48.745466 pid=1940 tid=1954] native-loader jit-info prog_array-target fd=63 id=15 type=17 name=sys_enter_submi tag=b007db728abdf9dd jited_len=17661 xlated_len=30040 nr_jited_ksyms=1 ksym0=0xffffffffc04023b0 ksym1=0x0
[48.745559 pid=1940 tid=1954] BPF_MAP_UPDATE_ELEM prog_array name=sys_enter_submi map_fd=13 map_id=126 key=314 prog_fd=63 prog_id=15 flags=0 ret=0 errno=0
[48.745644 pid=1940 tid=1954] native-loader jit-info prog_array-target fd=63 id=15 type=17 name=sys_enter_submi tag=b007db728abdf9dd jited_len=17661 xlated_len=30040 nr_jited_ksyms=1 ksym0=0xffffffffc04023b0 ksym1=0x0
[48.745736 pid=1940 tid=1954] BPF_MAP_UPDATE_ELEM prog_array name=sys_enter_submi map_fd=13 map_id=126 key=315 prog_fd=63 prog_id=15 flags=0 ret=0 errno=0
[48.745819 pid=1940 tid=1954] native-loader jit-info prog_array-target fd=63 id=15 type=17 name=sys_enter_submi tag=b007db728abdf9dd jited_len=17661 xlated_len=30040 nr_jited_ksyms=1 ksym0=0xffffffffc04023b0 ksym1=0x0
[48.745912 pid=1940 tid=1954] BPF_MAP_UPDATE_ELEM prog_array name=sys_enter_submi map_fd=13 map_id=126 key=316 prog_fd=63 prog_id=15 flags=0 ret=0 errno=0
[48.746053 pid=1940 tid=1954] native-loader jit-info prog_array-target fd=63 id=15 type=17 name=sys_enter_submi tag=b007db728abdf9dd jited_len=17661 xlated_len=30040 nr_jited_ksyms=1 ksym0=0xffffffffc04023b0 ksym1=0x0
[48.746145 pid=1940 tid=1954] BPF_MAP_UPDATE_ELEM prog_array name=sys_enter_submi map_fd=13 map_id=126 key=317 prog_fd=63 prog_id=15 flags=0 ret=0 errno=0
[48.746227 pid=1940 tid=1954] native-loader jit-info prog_array-target fd=63 id=15 type=17 name=sys_enter_submi tag=b007db728abdf9dd jited_len=17661 xlated_len=30040 nr_jited_ksyms=1 ksym0=0xffffffffc04023b0 ksym1=0x0
[48.746319 pid=1940 tid=1954] BPF_MAP_UPDATE_ELEM prog_array name=sys_enter_submi map_fd=13 map_id=126 key=318 prog_fd=63 prog_id=15 flags=0 ret=0 errno=0
[48.746404 pid=1940 tid=1954] native-loader jit-info prog_array-target fd=63 id=15 type=17 name=sys_enter_submi tag=b007db728abdf9dd jited_len=17661 xlated_len=30040 nr_jited_ksyms=1 ksym0=0xffffffffc04023b0 ksym1=0x0
[48.746496 pid=1940 tid=1954] BPF_MAP_UPDATE_ELEM prog_array name=sys_enter_submi map_fd=13 map_id=126 key=319 prog_fd=63 prog_id=15 flags=0 ret=0 errno=0
[48.746721 pid=1940 tid=1954] native-loader jit-info prog_array-target fd=63 id=15 type=17 name=sys_enter_submi tag=b007db728abdf9dd jited_len=17661 xlated_len=30040 nr_jited_ksyms=1 ksym0=0xffffffffc04023b0 ksym1=0x0
[48.746811 pid=1940 tid=1954] BPF_MAP_UPDATE_ELEM prog_array name=sys_enter_submi map_fd=13 map_id=126 key=320 prog_fd=63 prog_id=15 flags=0 ret=0 errno=0
[48.746895 pid=1940 tid=1954] native-loader jit-info prog_array-target fd=63 id=15 type=17 name=sys_enter_submi tag=b007db728abdf9dd jited_len=17661 xlated_len=30040 nr_jited_ksyms=1 ksym0=0xffffffffc04023b0 ksym1=0x0
[48.746991 pid=1940 tid=1954] BPF_MAP_UPDATE_ELEM prog_array name=sys_enter_submi map_fd=13 map_id=126 key=321 prog_fd=63 prog_id=15 flags=0 ret=0 errno=0
[48.747075 pid=1940 tid=1954] native-loader jit-info prog_array-target fd=63 id=15 type=17 name=sys_enter_submi tag=b007db728abdf9dd jited_len=17661 xlated_len=30040 nr_jited_ksyms=1 ksym0=0xffffffffc04023b0 ksym1=0x0
[48.747166 pid=1940 tid=1954] BPF_MAP_UPDATE_ELEM prog_array name=sys_enter_submi map_fd=13 map_id=126 key=322 prog_fd=63 prog_id=15 flags=0 ret=0 errno=0
[48.747249 pid=1940 tid=1954] native-loader jit-info prog_array-target fd=63 id=15 type=17 name=sys_enter_submi tag=b007db728abdf9dd jited_len=17661 xlated_len=30040 nr_jited_ksyms=1 ksym0=0xffffffffc04023b0 ksym1=0x0
[48.747438 pid=1940 tid=1954] BPF_MAP_UPDATE_ELEM prog_array name=sys_enter_submi map_fd=13 map_id=126 key=323 prog_fd=63 prog_id=15 flags=0 ret=0 errno=0
[48.747814 pid=1940 tid=1954] native-loader jit-info prog_array-target fd=63 id=15 type=17 name=sys_enter_submi tag=b007db728abdf9dd jited_len=17661 xlated_len=30040 nr_jited_ksyms=1 ksym0=0xffffffffc04023b0 ksym1=0x0
[48.747939 pid=1940 tid=1954] BPF_MAP_UPDATE_ELEM prog_array name=sys_enter_submi map_fd=13 map_id=126 key=324 prog_fd=63 prog_id=15 flags=0 ret=0 errno=0
[48.748039 pid=1940 tid=1954] native-loader jit-info prog_array-target fd=63 id=15 type=17 name=sys_enter_submi tag=b007db728abdf9dd jited_len=17661 xlated_len=30040 nr_jited_ksyms=1 ksym0=0xffffffffc04023b0 ksym1=0x0
[48.748146 pid=1940 tid=1954] BPF_MAP_UPDATE_ELEM prog_array name=sys_enter_submi map_fd=13 map_id=126 key=325 prog_fd=63 prog_id=15 flags=0 ret=0 errno=0
[48.748534 pid=1940 tid=1954] native-loader jit-info prog_array-target fd=63 id=15 type=17 name=sys_enter_submi tag=b007db728abdf9dd jited_len=17661 xlated_len=30040 nr_jited_ksyms=1 ksym0=0xffffffffc04023b0 ksym1=0x0
[48.748656 pid=1940 tid=1954] BPF_MAP_UPDATE_ELEM prog_array name=sys_enter_submi map_fd=13 map_id=126 key=326 prog_fd=63 prog_id=15 flags=0 ret=0 errno=0
[48.748851 pid=1940 tid=1954] native-loader jit-info prog_array-target fd=63 id=15 type=17 name=sys_enter_submi tag=b007db728abdf9dd jited_len=17661 xlated_len=30040 nr_jited_ksyms=1 ksym0=0xffffffffc04023b0 ksym1=0x0
[48.748948 pid=1940 tid=1954] BPF_MAP_UPDATE_ELEM prog_array name=sys_enter_submi map_fd=13 map_id=126 key=327 prog_fd=63 prog_id=15 flags=0 ret=0 errno=0
[48.749267 pid=1940 tid=1954] native-loader jit-info prog_array-target fd=63 id=15 type=17 name=sys_enter_submi tag=b007db728abdf9dd jited_len=17661 xlated_len=30040 nr_jited_ksyms=1 ksym0=0xffffffffc04023b0 ksym1=0x0
[48.749370 pid=1940 tid=1954] BPF_MAP_UPDATE_ELEM prog_array name=sys_enter_submi map_fd=13 map_id=126 key=328 prog_fd=63 prog_id=15 flags=0 ret=0 errno=0
[48.749455 pid=1940 tid=1954] native-loader jit-info prog_array-target fd=63 id=15 type=17 name=sys_enter_submi tag=b007db728abdf9dd jited_len=17661 xlated_len=30040 nr_jited_ksyms=1 ksym0=0xffffffffc04023b0 ksym1=0x0
[48.749548 pid=1940 tid=1954] BPF_MAP_UPDATE_ELEM prog_array name=sys_enter_submi map_fd=13 map_id=126 key=329 prog_fd=63 prog_id=15 flags=0 ret=0 errno=0
[48.749724 pid=1940 tid=1954] native-loader jit-info prog_array-target fd=63 id=15 type=17 name=sys_enter_submi tag=b007db728abdf9dd jited_len=17661 xlated_len=30040 nr_jited_ksyms=1 ksym0=0xffffffffc04023b0 ksym1=0x0
[48.749816 pid=1940 tid=1954] BPF_MAP_UPDATE_ELEM prog_array name=sys_enter_submi map_fd=13 map_id=126 key=330 prog_fd=63 prog_id=15 flags=0 ret=0 errno=0
[48.749899 pid=1940 tid=1954] native-loader jit-info prog_array-target fd=63 id=15 type=17 name=sys_enter_submi tag=b007db728abdf9dd jited_len=17661 xlated_len=30040 nr_jited_ksyms=1 ksym0=0xffffffffc04023b0 ksym1=0x0
[48.749997 pid=1940 tid=1954] BPF_MAP_UPDATE_ELEM prog_array name=sys_enter_submi map_fd=13 map_id=126 key=331 prog_fd=63 prog_id=15 flags=0 ret=0 errno=0
[48.750322 pid=1940 tid=1954] native-loader jit-info prog_array-target fd=63 id=15 type=17 name=sys_enter_submi tag=b007db728abdf9dd jited_len=17661 xlated_len=30040 nr_jited_ksyms=1 ksym0=0xffffffffc04023b0 ksym1=0x0
[48.750408 pid=1940 tid=1954] BPF_MAP_UPDATE_ELEM prog_array name=sys_enter_submi map_fd=13 map_id=126 key=332 prog_fd=63 prog_id=15 flags=0 ret=0 errno=0
[48.750492 pid=1940 tid=1954] native-loader jit-info prog_array-target fd=63 id=15 type=17 name=sys_enter_submi tag=b007db728abdf9dd jited_len=17661 xlated_len=30040 nr_jited_ksyms=1 ksym0=0xffffffffc04023b0 ksym1=0x0
[48.750585 pid=1940 tid=1954] BPF_MAP_UPDATE_ELEM prog_array name=sys_enter_submi map_fd=13 map_id=126 key=333 prog_fd=63 prog_id=15 flags=0 ret=0 errno=0
[48.750669 pid=1940 tid=1954] native-loader jit-info prog_array-target fd=63 id=15 type=17 name=sys_enter_submi tag=b007db728abdf9dd jited_len=17661 xlated_len=30040 nr_jited_ksyms=1 ksym0=0xffffffffc04023b0 ksym1=0x0
[48.750762 pid=1940 tid=1954] BPF_MAP_UPDATE_ELEM prog_array name=sys_enter_submi map_fd=13 map_id=126 key=334 prog_fd=63 prog_id=15 flags=0 ret=0 errno=0
[48.750846 pid=1940 tid=1954] native-loader jit-info prog_array-target fd=63 id=15 type=17 name=sys_enter_submi tag=b007db728abdf9dd jited_len=17661 xlated_len=30040 nr_jited_ksyms=1 ksym0=0xffffffffc04023b0 ksym1=0x0
[48.750945 pid=1940 tid=1954] BPF_MAP_UPDATE_ELEM prog_array name=sys_enter_submi map_fd=13 map_id=126 key=424 prog_fd=63 prog_id=15 flags=0 ret=0 errno=0
[48.751029 pid=1940 tid=1954] native-loader jit-info prog_array-target fd=63 id=15 type=17 name=sys_enter_submi tag=b007db728abdf9dd jited_len=17661 xlated_len=30040 nr_jited_ksyms=1 ksym0=0xffffffffc04023b0 ksym1=0x0
[48.751121 pid=1940 tid=1954] BPF_MAP_UPDATE_ELEM prog_array name=sys_enter_submi map_fd=13 map_id=126 key=425 prog_fd=63 prog_id=15 flags=0 ret=0 errno=0
[48.751205 pid=1940 tid=1954] native-loader jit-info prog_array-target fd=63 id=15 type=17 name=sys_enter_submi tag=b007db728abdf9dd jited_len=17661 xlated_len=30040 nr_jited_ksyms=1 ksym0=0xffffffffc04023b0 ksym1=0x0
[48.751297 pid=1940 tid=1954] BPF_MAP_UPDATE_ELEM prog_array name=sys_enter_submi map_fd=13 map_id=126 key=426 prog_fd=63 prog_id=15 flags=0 ret=0 errno=0
[48.751380 pid=1940 tid=1954] native-loader jit-info prog_array-target fd=63 id=15 type=17 name=sys_enter_submi tag=b007db728abdf9dd jited_len=17661 xlated_len=30040 nr_jited_ksyms=1 ksym0=0xffffffffc04023b0 ksym1=0x0
[48.751473 pid=1940 tid=1954] BPF_MAP_UPDATE_ELEM prog_array name=sys_enter_submi map_fd=13 map_id=126 key=427 prog_fd=63 prog_id=15 flags=0 ret=0 errno=0
[48.751557 pid=1940 tid=1954] native-loader jit-info prog_array-target fd=63 id=15 type=17 name=sys_enter_submi tag=b007db728abdf9dd jited_len=17661 xlated_len=30040 nr_jited_ksyms=1 ksym0=0xffffffffc04023b0 ksym1=0x0
[48.751649 pid=1940 tid=1954] BPF_MAP_UPDATE_ELEM prog_array name=sys_enter_submi map_fd=13 map_id=126 key=428 prog_fd=63 prog_id=15 flags=0 ret=0 errno=0
[48.751733 pid=1940 tid=1954] native-loader jit-info prog_array-target fd=63 id=15 type=17 name=sys_enter_submi tag=b007db728abdf9dd jited_len=17661 xlated_len=30040 nr_jited_ksyms=1 ksym0=0xffffffffc04023b0 ksym1=0x0
[48.751825 pid=1940 tid=1954] BPF_MAP_UPDATE_ELEM prog_array name=sys_enter_submi map_fd=13 map_id=126 key=429 prog_fd=63 prog_id=15 flags=0 ret=0 errno=0
[48.751911 pid=1940 tid=1954] native-loader jit-info prog_array-target fd=63 id=15 type=17 name=sys_enter_submi tag=b007db728abdf9dd jited_len=17661 xlated_len=30040 nr_jited_ksyms=1 ksym0=0xffffffffc04023b0 ksym1=0x0
[48.752006 pid=1940 tid=1954] BPF_MAP_UPDATE_ELEM prog_array name=sys_enter_submi map_fd=13 map_id=126 key=430 prog_fd=63 prog_id=15 flags=0 ret=0 errno=0
[48.752089 pid=1940 tid=1954] native-loader jit-info prog_array-target fd=63 id=15 type=17 name=sys_enter_submi tag=b007db728abdf9dd jited_len=17661 xlated_len=30040 nr_jited_ksyms=1 ksym0=0xffffffffc04023b0 ksym1=0x0
[48.752181 pid=1940 tid=1954] BPF_MAP_UPDATE_ELEM prog_array name=sys_enter_submi map_fd=13 map_id=126 key=431 prog_fd=63 prog_id=15 flags=0 ret=0 errno=0
[48.752267 pid=1940 tid=1954] native-loader jit-info prog_array-target fd=63 id=15 type=17 name=sys_enter_submi tag=b007db728abdf9dd jited_len=17661 xlated_len=30040 nr_jited_ksyms=1 ksym0=0xffffffffc04023b0 ksym1=0x0
[48.752359 pid=1940 tid=1954] BPF_MAP_UPDATE_ELEM prog_array name=sys_enter_submi map_fd=13 map_id=126 key=432 prog_fd=63 prog_id=15 flags=0 ret=0 errno=0
[48.752443 pid=1940 tid=1954] native-loader jit-info prog_array-target fd=63 id=15 type=17 name=sys_enter_submi tag=b007db728abdf9dd jited_len=17661 xlated_len=30040 nr_jited_ksyms=1 ksym0=0xffffffffc04023b0 ksym1=0x0
[48.752535 pid=1940 tid=1954] BPF_MAP_UPDATE_ELEM prog_array name=sys_enter_submi map_fd=13 map_id=126 key=433 prog_fd=63 prog_id=15 flags=0 ret=0 errno=0
[48.752619 pid=1940 tid=1954] native-loader jit-info prog_array-target fd=63 id=15 type=17 name=sys_enter_submi tag=b007db728abdf9dd jited_len=17661 xlated_len=30040 nr_jited_ksyms=1 ksym0=0xffffffffc04023b0 ksym1=0x0
[48.752711 pid=1940 tid=1954] BPF_MAP_UPDATE_ELEM prog_array name=sys_enter_submi map_fd=13 map_id=126 key=434 prog_fd=63 prog_id=15 flags=0 ret=0 errno=0
[48.752907 pid=1940 tid=1954] native-loader jit-info prog_array-target fd=63 id=15 type=17 name=sys_enter_submi tag=b007db728abdf9dd jited_len=17661 xlated_len=30040 nr_jited_ksyms=1 ksym0=0xffffffffc04023b0 ksym1=0x0
[48.753004 pid=1940 tid=1954] BPF_MAP_UPDATE_ELEM prog_array name=sys_enter_submi map_fd=13 map_id=126 key=435 prog_fd=63 prog_id=15 flags=0 ret=0 errno=0
[48.753088 pid=1940 tid=1954] native-loader jit-info prog_array-target fd=63 id=15 type=17 name=sys_enter_submi tag=b007db728abdf9dd jited_len=17661 xlated_len=30040 nr_jited_ksyms=1 ksym0=0xffffffffc04023b0 ksym1=0x0
[48.753180 pid=1940 tid=1954] BPF_MAP_UPDATE_ELEM prog_array name=sys_enter_submi map_fd=13 map_id=126 key=436 prog_fd=63 prog_id=15 flags=0 ret=0 errno=0
[48.753264 pid=1940 tid=1954] native-loader jit-info prog_array-target fd=63 id=15 type=17 name=sys_enter_submi tag=b007db728abdf9dd jited_len=17661 xlated_len=30040 nr_jited_ksyms=1 ksym0=0xffffffffc04023b0 ksym1=0x0
[48.753356 pid=1940 tid=1954] BPF_MAP_UPDATE_ELEM prog_array name=sys_enter_submi map_fd=13 map_id=126 key=437 prog_fd=63 prog_id=15 flags=0 ret=0 errno=0
[48.753519 pid=1940 tid=1954] native-loader jit-info prog_array-target fd=63 id=15 type=17 name=sys_enter_submi tag=b007db728abdf9dd jited_len=17661 xlated_len=30040 nr_jited_ksyms=1 ksym0=0xffffffffc04023b0 ksym1=0x0
[48.753611 pid=1940 tid=1954] BPF_MAP_UPDATE_ELEM prog_array name=sys_enter_submi map_fd=13 map_id=126 key=438 prog_fd=63 prog_id=15 flags=0 ret=0 errno=0
[48.753695 pid=1940 tid=1954] native-loader jit-info prog_array-target fd=63 id=15 type=17 name=sys_enter_submi tag=b007db728abdf9dd jited_len=17661 xlated_len=30040 nr_jited_ksyms=1 ksym0=0xffffffffc04023b0 ksym1=0x0
[48.753786 pid=1940 tid=1954] BPF_MAP_UPDATE_ELEM prog_array name=sys_enter_submi map_fd=13 map_id=126 key=439 prog_fd=63 prog_id=15 flags=0 ret=0 errno=0
[48.753870 pid=1940 tid=1954] native-loader jit-info prog_array-target fd=63 id=15 type=17 name=sys_enter_submi tag=b007db728abdf9dd jited_len=17661 xlated_len=30040 nr_jited_ksyms=1 ksym0=0xffffffffc04023b0 ksym1=0x0
[48.753965 pid=1940 tid=1954] BPF_MAP_UPDATE_ELEM prog_array name=sys_enter_submi map_fd=13 map_id=126 key=440 prog_fd=63 prog_id=15 flags=0 ret=0 errno=0
[48.754049 pid=1940 tid=1954] native-loader jit-info prog_array-target fd=63 id=15 type=17 name=sys_enter_submi tag=b007db728abdf9dd jited_len=17661 xlated_len=30040 nr_jited_ksyms=1 ksym0=0xffffffffc04023b0 ksym1=0x0
[48.754272 pid=1940 tid=1954] BPF_MAP_UPDATE_ELEM prog_array name=sys_enter_submi map_fd=13 map_id=126 key=441 prog_fd=63 prog_id=15 flags=0 ret=0 errno=0
[48.754490 pid=1940 tid=1954] native-loader jit-info prog_array-target fd=63 id=15 type=17 name=sys_enter_submi tag=b007db728abdf9dd jited_len=17661 xlated_len=30040 nr_jited_ksyms=1 ksym0=0xffffffffc04023b0 ksym1=0x0
[48.754582 pid=1940 tid=1954] BPF_MAP_UPDATE_ELEM prog_array name=sys_enter_submi map_fd=13 map_id=126 key=442 prog_fd=63 prog_id=15 flags=0 ret=0 errno=0
[48.754664 pid=1940 tid=1954] native-loader jit-info prog_array-target fd=63 id=15 type=17 name=sys_enter_submi tag=b007db728abdf9dd jited_len=17661 xlated_len=30040 nr_jited_ksyms=1 ksym0=0xffffffffc04023b0 ksym1=0x0
[48.754756 pid=1940 tid=1954] BPF_MAP_UPDATE_ELEM prog_array name=sys_enter_submi map_fd=13 map_id=126 key=443 prog_fd=63 prog_id=15 flags=0 ret=0 errno=0
[48.754923 pid=1940 tid=1954] native-loader jit-info prog_array-target fd=63 id=15 type=17 name=sys_enter_submi tag=b007db728abdf9dd jited_len=17661 xlated_len=30040 nr_jited_ksyms=1 ksym0=0xffffffffc04023b0 ksym1=0x0
[48.755018 pid=1940 tid=1954] BPF_MAP_UPDATE_ELEM prog_array name=sys_enter_submi map_fd=13 map_id=126 key=444 prog_fd=63 prog_id=15 flags=0 ret=0 errno=0
[48.755181 pid=1940 tid=1954] native-loader jit-info prog_array-target fd=63 id=15 type=17 name=sys_enter_submi tag=b007db728abdf9dd jited_len=17661 xlated_len=30040 nr_jited_ksyms=1 ksym0=0xffffffffc04023b0 ksym1=0x0
[48.755293 pid=1940 tid=1954] BPF_MAP_UPDATE_ELEM prog_array name=sys_enter_submi map_fd=13 map_id=126 key=445 prog_fd=63 prog_id=15 flags=0 ret=0 errno=0
[48.755447 pid=1940 tid=1954] native-loader jit-info prog_array-target fd=63 id=15 type=17 name=sys_enter_submi tag=b007db728abdf9dd jited_len=17661 xlated_len=30040 nr_jited_ksyms=1 ksym0=0xffffffffc04023b0 ksym1=0x0
[48.755539 pid=1940 tid=1954] BPF_MAP_UPDATE_ELEM prog_array name=sys_enter_submi map_fd=13 map_id=126 key=446 prog_fd=63 prog_id=15 flags=0 ret=0 errno=0
[48.755623 pid=1940 tid=1954] native-loader jit-info prog_array-target fd=63 id=15 type=17 name=sys_enter_submi tag=b007db728abdf9dd jited_len=17661 xlated_len=30040 nr_jited_ksyms=1 ksym0=0xffffffffc04023b0 ksym1=0x0
[48.755716 pid=1940 tid=1954] BPF_MAP_UPDATE_ELEM prog_array name=sys_enter_submi map_fd=13 map_id=126 key=447 prog_fd=63 prog_id=15 flags=0 ret=0 errno=0
[48.755911 pid=1940 tid=1954] native-loader jit-info prog_array-target fd=63 id=15 type=17 name=sys_enter_submi tag=b007db728abdf9dd jited_len=17661 xlated_len=30040 nr_jited_ksyms=1 ksym0=0xffffffffc04023b0 ksym1=0x0
[48.756005 pid=1940 tid=1954] BPF_MAP_UPDATE_ELEM prog_array name=sys_enter_submi map_fd=13 map_id=126 key=448 prog_fd=63 prog_id=15 flags=0 ret=0 errno=0
[48.756089 pid=1940 tid=1954] native-loader jit-info prog_array-target fd=63 id=15 type=17 name=sys_enter_submi tag=b007db728abdf9dd jited_len=17661 xlated_len=30040 nr_jited_ksyms=1 ksym0=0xffffffffc04023b0 ksym1=0x0
[48.756182 pid=1940 tid=1954] BPF_MAP_UPDATE_ELEM prog_array name=sys_enter_submi map_fd=13 map_id=126 key=449 prog_fd=63 prog_id=15 flags=0 ret=0 errno=0
[48.756267 pid=1940 tid=1954] native-loader jit-info prog_array-target fd=63 id=15 type=17 name=sys_enter_submi tag=b007db728abdf9dd jited_len=17661 xlated_len=30040 nr_jited_ksyms=1 ksym0=0xffffffffc04023b0 ksym1=0x0
[48.756358 pid=1940 tid=1954] BPF_MAP_UPDATE_ELEM prog_array name=sys_enter_submi map_fd=13 map_id=126 key=450 prog_fd=63 prog_id=15 flags=0 ret=0 errno=0
[48.756443 pid=1940 tid=1954] native-loader jit-info prog_array-target fd=63 id=15 type=17 name=sys_enter_submi tag=b007db728abdf9dd jited_len=17661 xlated_len=30040 nr_jited_ksyms=1 ksym0=0xffffffffc04023b0 ksym1=0x0
[48.756535 pid=1940 tid=1954] BPF_MAP_UPDATE_ELEM prog_array name=sys_enter_submi map_fd=13 map_id=126 key=451 prog_fd=63 prog_id=15 flags=0 ret=0 errno=0
[48.756619 pid=1940 tid=1954] native-loader jit-info prog_array-target fd=63 id=15 type=17 name=sys_enter_submi tag=b007db728abdf9dd jited_len=17661 xlated_len=30040 nr_jited_ksyms=1 ksym0=0xffffffffc04023b0 ksym1=0x0
[48.756711 pid=1940 tid=1954] BPF_MAP_UPDATE_ELEM prog_array name=sys_enter_submi map_fd=13 map_id=126 key=452 prog_fd=63 prog_id=15 flags=0 ret=0 errno=0
[48.756794 pid=1940 tid=1954] native-loader jit-info prog_array-target fd=63 id=15 type=17 name=sys_enter_submi tag=b007db728abdf9dd jited_len=17661 xlated_len=30040 nr_jited_ksyms=1 ksym0=0xffffffffc04023b0 ksym1=0x0
[48.756886 pid=1940 tid=1954] BPF_MAP_UPDATE_ELEM prog_array name=sys_enter_submi map_fd=13 map_id=126 key=453 prog_fd=63 prog_id=15 flags=0 ret=0 errno=0
[48.756973 pid=1940 tid=1954] native-loader jit-info prog_array-target fd=63 id=15 type=17 name=sys_enter_submi tag=b007db728abdf9dd jited_len=17661 xlated_len=30040 nr_jited_ksyms=1 ksym0=0xffffffffc04023b0 ksym1=0x0
[48.757153 pid=1940 tid=1954] BPF_MAP_UPDATE_ELEM prog_array name=sys_enter_submi map_fd=13 map_id=126 key=454 prog_fd=63 prog_id=15 flags=0 ret=0 errno=0
[48.757235 pid=1940 tid=1954] native-loader jit-info prog_array-target fd=63 id=15 type=17 name=sys_enter_submi tag=b007db728abdf9dd jited_len=17661 xlated_len=30040 nr_jited_ksyms=1 ksym0=0xffffffffc04023b0 ksym1=0x0
[48.757327 pid=1940 tid=1954] BPF_MAP_UPDATE_ELEM prog_array name=sys_enter_submi map_fd=13 map_id=126 key=455 prog_fd=63 prog_id=15 flags=0 ret=0 errno=0
[48.757411 pid=1940 tid=1954] native-loader jit-info prog_array-target fd=63 id=15 type=17 name=sys_enter_submi tag=b007db728abdf9dd jited_len=17661 xlated_len=30040 nr_jited_ksyms=1 ksym0=0xffffffffc04023b0 ksym1=0x0
[48.757503 pid=1940 tid=1954] BPF_MAP_UPDATE_ELEM prog_array name=sys_enter_submi map_fd=13 map_id=126 key=456 prog_fd=63 prog_id=15 flags=0 ret=0 errno=0
[48.757710 pid=1940 tid=1954] native-loader jit-info prog_array-target fd=63 id=15 type=17 name=sys_enter_submi tag=b007db728abdf9dd jited_len=17661 xlated_len=30040 nr_jited_ksyms=1 ksym0=0xffffffffc04023b0 ksym1=0x0
[48.757802 pid=1940 tid=1954] BPF_MAP_UPDATE_ELEM prog_array name=sys_enter_submi map_fd=13 map_id=126 key=457 prog_fd=63 prog_id=15 flags=0 ret=0 errno=0
[48.757886 pid=1940 tid=1954] native-loader jit-info prog_array-target fd=63 id=15 type=17 name=sys_enter_submi tag=b007db728abdf9dd jited_len=17661 xlated_len=30040 nr_jited_ksyms=1 ksym0=0xffffffffc04023b0 ksym1=0x0
[48.757982 pid=1940 tid=1954] BPF_MAP_UPDATE_ELEM prog_array name=sys_enter_submi map_fd=13 map_id=126 key=458 prog_fd=63 prog_id=15 flags=0 ret=0 errno=0
[48.758067 pid=1940 tid=1954] native-loader jit-info prog_array-target fd=63 id=15 type=17 name=sys_enter_submi tag=b007db728abdf9dd jited_len=17661 xlated_len=30040 nr_jited_ksyms=1 ksym0=0xffffffffc04023b0 ksym1=0x0
[48.758159 pid=1940 tid=1954] BPF_MAP_UPDATE_ELEM prog_array name=sys_enter_submi map_fd=13 map_id=126 key=459 prog_fd=63 prog_id=15 flags=0 ret=0 errno=0
[48.758241 pid=1940 tid=1954] native-loader jit-info prog_array-target fd=63 id=15 type=17 name=sys_enter_submi tag=b007db728abdf9dd jited_len=17661 xlated_len=30040 nr_jited_ksyms=1 ksym0=0xffffffffc04023b0 ksym1=0x0
[48.758333 pid=1940 tid=1954] BPF_MAP_UPDATE_ELEM prog_array name=sys_enter_submi map_fd=13 map_id=126 key=460 prog_fd=63 prog_id=15 flags=0 ret=0 errno=0
[48.758419 pid=1940 tid=1954] native-loader jit-info prog_array-target fd=63 id=15 type=17 name=sys_enter_submi tag=b007db728abdf9dd jited_len=17661 xlated_len=30040 nr_jited_ksyms=1 ksym0=0xffffffffc04023b0 ksym1=0x0
[48.758513 pid=1940 tid=1954] BPF_MAP_UPDATE_ELEM prog_array name=sys_enter_submi map_fd=13 map_id=126 key=461 prog_fd=63 prog_id=15 flags=0 ret=0 errno=0
[48.758597 pid=1940 tid=1954] native-loader jit-info prog_array-target fd=63 id=15 type=17 name=sys_enter_submi tag=b007db728abdf9dd jited_len=17661 xlated_len=30040 nr_jited_ksyms=1 ksym0=0xffffffffc04023b0 ksym1=0x0
[48.758689 pid=1940 tid=1954] BPF_MAP_UPDATE_ELEM prog_array name=sys_enter_submi map_fd=13 map_id=126 key=462 prog_fd=63 prog_id=15 flags=0 ret=0 errno=0
[48.758773 pid=1940 tid=1954] native-loader jit-info prog_array-target fd=63 id=15 type=17 name=sys_enter_submi tag=b007db728abdf9dd jited_len=17661 xlated_len=30040 nr_jited_ksyms=1 ksym0=0xffffffffc04023b0 ksym1=0x0
[48.758866 pid=1940 tid=1954] BPF_MAP_UPDATE_ELEM prog_array name=sys_enter_submi map_fd=13 map_id=126 key=463 prog_fd=63 prog_id=15 flags=0 ret=0 errno=0
[48.759327 pid=1940 tid=1954] native-loader jit-info prog_array-target fd=63 id=15 type=17 name=sys_enter_submi tag=b007db728abdf9dd jited_len=17661 xlated_len=30040 nr_jited_ksyms=1 ksym0=0xffffffffc04023b0 ksym1=0x0
[48.759450 pid=1940 tid=1954] BPF_MAP_UPDATE_ELEM prog_array name=sys_enter_submi map_fd=13 map_id=126 key=464 prog_fd=63 prog_id=15 flags=0 ret=0 errno=0
[48.759539 pid=1940 tid=1954] native-loader jit-info prog_array-target fd=63 id=15 type=17 name=sys_enter_submi tag=b007db728abdf9dd jited_len=17661 xlated_len=30040 nr_jited_ksyms=1 ksym0=0xffffffffc04023b0 ksym1=0x0
[48.759632 pid=1940 tid=1954] BPF_MAP_UPDATE_ELEM prog_array name=sys_enter_submi map_fd=13 map_id=126 key=465 prog_fd=63 prog_id=15 flags=0 ret=0 errno=0
[48.759715 pid=1940 tid=1954] native-loader jit-info prog_array-target fd=63 id=15 type=17 name=sys_enter_submi tag=b007db728abdf9dd jited_len=17661 xlated_len=30040 nr_jited_ksyms=1 ksym0=0xffffffffc04023b0 ksym1=0x0
[48.760063 pid=1940 tid=1954] BPF_MAP_UPDATE_ELEM prog_array name=sys_enter_submi map_fd=13 map_id=126 key=466 prog_fd=63 prog_id=15 flags=0 ret=0 errno=0
[48.760178 pid=1940 tid=1954] native-loader jit-info prog_array-target fd=63 id=15 type=17 name=sys_enter_submi tag=b007db728abdf9dd jited_len=17661 xlated_len=30040 nr_jited_ksyms=1 ksym0=0xffffffffc04023b0 ksym1=0x0
[48.760269 pid=1940 tid=1954] BPF_MAP_UPDATE_ELEM prog_array name=sys_enter_submi map_fd=13 map_id=126 key=467 prog_fd=63 prog_id=15 flags=0 ret=0 errno=0
[48.760353 pid=1940 tid=1954] native-loader jit-info prog_array-target fd=63 id=15 type=17 name=sys_enter_submi tag=b007db728abdf9dd jited_len=17661 xlated_len=30040 nr_jited_ksyms=1 ksym0=0xffffffffc04023b0 ksym1=0x0
[48.760446 pid=1940 tid=1954] BPF_MAP_UPDATE_ELEM prog_array name=sys_enter_submi map_fd=13 map_id=126 key=468 prog_fd=63 prog_id=15 flags=0 ret=0 errno=0
[48.760530 pid=1940 tid=1954] native-loader jit-info prog_array-target fd=63 id=15 type=17 name=sys_enter_submi tag=b007db728abdf9dd jited_len=17661 xlated_len=30040 nr_jited_ksyms=1 ksym0=0xffffffffc04023b0 ksym1=0x0
[48.760624 pid=1940 tid=1954] BPF_MAP_UPDATE_ELEM prog_array name=sys_enter_submi map_fd=13 map_id=126 key=469 prog_fd=63 prog_id=15 flags=0 ret=0 errno=0
[48.760709 pid=1940 tid=1954] native-loader jit-info prog_array-target fd=63 id=15 type=17 name=sys_enter_submi tag=b007db728abdf9dd jited_len=17661 xlated_len=30040 nr_jited_ksyms=1 ksym0=0xffffffffc04023b0 ksym1=0x0
[48.760887 pid=1940 tid=1954] BPF_MAP_UPDATE_ELEM prog_array name=sys_enter_submi map_fd=13 map_id=126 key=470 prog_fd=63 prog_id=15 flags=0 ret=0 errno=0
[48.761195 pid=1940 tid=1954] native-loader jit-info prog_array-target fd=63 id=15 type=17 name=sys_enter_submi tag=b007db728abdf9dd jited_len=17661 xlated_len=30040 nr_jited_ksyms=1 ksym0=0xffffffffc04023b0 ksym1=0x0
[48.761286 pid=1940 tid=1954] BPF_MAP_UPDATE_ELEM prog_array name=sys_enter_submi map_fd=13 map_id=126 key=471 prog_fd=63 prog_id=15 flags=0 ret=0 errno=0
[48.761370 pid=1940 tid=1954] native-loader jit-info prog_array-target fd=63 id=15 type=17 name=sys_enter_submi tag=b007db728abdf9dd jited_len=17661 xlated_len=30040 nr_jited_ksyms=1 ksym0=0xffffffffc04023b0 ksym1=0x0
[48.761462 pid=1940 tid=1954] BPF_MAP_UPDATE_ELEM prog_array name=sys_enter_submi map_fd=13 map_id=126 key=472 prog_fd=63 prog_id=15 flags=0 ret=0 errno=0
[48.761769 pid=1940 tid=1954] native-loader jit-info prog_array-target fd=63 id=15 type=17 name=sys_enter_submi tag=b007db728abdf9dd jited_len=17661 xlated_len=30040 nr_jited_ksyms=1 ksym0=0xffffffffc04023b0 ksym1=0x0
[48.761878 pid=1940 tid=1954] BPF_MAP_UPDATE_ELEM prog_array name=sys_enter_submi map_fd=13 map_id=126 key=473 prog_fd=63 prog_id=15 flags=0 ret=0 errno=0
[48.762211 pid=1940 tid=1954] native-loader jit-info prog_array-target fd=63 id=15 type=17 name=sys_enter_submi tag=b007db728abdf9dd jited_len=17661 xlated_len=30040 nr_jited_ksyms=1 ksym0=0xffffffffc04023b0 ksym1=0x0
[48.762320 pid=1940 tid=1954] BPF_MAP_UPDATE_ELEM prog_array name=sys_enter_submi map_fd=13 map_id=126 key=474 prog_fd=63 prog_id=15 flags=0 ret=0 errno=0
[48.762496 pid=1940 tid=1954] native-loader jit-info prog_array-target fd=63 id=15 type=17 name=sys_enter_submi tag=b007db728abdf9dd jited_len=17661 xlated_len=30040 nr_jited_ksyms=1 ksym0=0xffffffffc04023b0 ksym1=0x0
[48.762588 pid=1940 tid=1954] BPF_MAP_UPDATE_ELEM prog_array name=sys_enter_submi map_fd=13 map_id=126 key=475 prog_fd=63 prog_id=15 flags=0 ret=0 errno=0
[48.762672 pid=1940 tid=1954] native-loader jit-info prog_array-target fd=63 id=15 type=17 name=sys_enter_submi tag=b007db728abdf9dd jited_len=17661 xlated_len=30040 nr_jited_ksyms=1 ksym0=0xffffffffc04023b0 ksym1=0x0
[48.762765 pid=1940 tid=1954] BPF_MAP_UPDATE_ELEM prog_array name=sys_enter_submi map_fd=13 map_id=126 key=476 prog_fd=63 prog_id=15 flags=0 ret=0 errno=0
[48.762948 pid=1940 tid=1954] native-loader jit-info prog_array-target fd=63 id=15 type=17 name=sys_enter_submi tag=b007db728abdf9dd jited_len=17661 xlated_len=30040 nr_jited_ksyms=1 ksym0=0xffffffffc04023b0 ksym1=0x0
[48.763043 pid=1940 tid=1954] BPF_MAP_UPDATE_ELEM prog_array name=sys_enter_submi map_fd=13 map_id=126 key=477 prog_fd=63 prog_id=15 flags=0 ret=0 errno=0
[48.763128 pid=1940 tid=1954] native-loader jit-info prog_array-target fd=63 id=15 type=17 name=sys_enter_submi tag=b007db728abdf9dd jited_len=17661 xlated_len=30040 nr_jited_ksyms=1 ksym0=0xffffffffc04023b0 ksym1=0x0
[48.763222 pid=1940 tid=1954] BPF_MAP_UPDATE_ELEM prog_array name=sys_enter_submi map_fd=13 map_id=126 key=478 prog_fd=63 prog_id=15 flags=0 ret=0 errno=0
[48.763305 pid=1940 tid=1954] native-loader jit-info prog_array-target fd=63 id=15 type=17 name=sys_enter_submi tag=b007db728abdf9dd jited_len=17661 xlated_len=30040 nr_jited_ksyms=1 ksym0=0xffffffffc04023b0 ksym1=0x0
[48.763398 pid=1940 tid=1954] BPF_MAP_UPDATE_ELEM prog_array name=sys_enter_submi map_fd=13 map_id=126 key=479 prog_fd=63 prog_id=15 flags=0 ret=0 errno=0
[48.763656 pid=1940 tid=1954] native-loader jit-info prog_array-target fd=63 id=15 type=17 name=sys_enter_submi tag=b007db728abdf9dd jited_len=17661 xlated_len=30040 nr_jited_ksyms=1 ksym0=0xffffffffc04023b0 ksym1=0x0
[48.763783 pid=1940 tid=1954] BPF_MAP_UPDATE_ELEM prog_array name=sys_enter_submi map_fd=13 map_id=126 key=480 prog_fd=63 prog_id=15 flags=0 ret=0 errno=0
[48.764314 pid=1940 tid=1954] native-loader jit-info prog_array-target fd=63 id=15 type=17 name=sys_enter_submi tag=b007db728abdf9dd jited_len=17661 xlated_len=30040 nr_jited_ksyms=1 ksym0=0xffffffffc04023b0 ksym1=0x0
[48.764433 pid=1940 tid=1954] BPF_MAP_UPDATE_ELEM prog_array name=sys_enter_submi map_fd=13 map_id=126 key=481 prog_fd=63 prog_id=15 flags=0 ret=0 errno=0
[48.764520 pid=1940 tid=1954] native-loader jit-info prog_array-target fd=63 id=15 type=17 name=sys_enter_submi tag=b007db728abdf9dd jited_len=17661 xlated_len=30040 nr_jited_ksyms=1 ksym0=0xffffffffc04023b0 ksym1=0x0
[48.764615 pid=1940 tid=1954] BPF_MAP_UPDATE_ELEM prog_array name=sys_enter_submi map_fd=13 map_id=126 key=482 prog_fd=63 prog_id=15 flags=0 ret=0 errno=0
[48.764699 pid=1940 tid=1954] native-loader jit-info prog_array-target fd=63 id=15 type=17 name=sys_enter_submi tag=b007db728abdf9dd jited_len=17661 xlated_len=30040 nr_jited_ksyms=1 ksym0=0xffffffffc04023b0 ksym1=0x0
[48.764792 pid=1940 tid=1954] BPF_MAP_UPDATE_ELEM prog_array name=sys_enter_submi map_fd=13 map_id=126 key=483 prog_fd=63 prog_id=15 flags=0 ret=0 errno=0
[48.764875 pid=1940 tid=1954] native-loader jit-info prog_array-target fd=63 id=15 type=17 name=sys_enter_submi tag=b007db728abdf9dd jited_len=17661 xlated_len=30040 nr_jited_ksyms=1 ksym0=0xffffffffc04023b0 ksym1=0x0
[48.764972 pid=1940 tid=1954] BPF_MAP_UPDATE_ELEM prog_array name=sys_enter_submi map_fd=13 map_id=126 key=484 prog_fd=63 prog_id=15 flags=0 ret=0 errno=0
[48.765056 pid=1940 tid=1954] native-loader jit-info prog_array-target fd=63 id=15 type=17 name=sys_enter_submi tag=b007db728abdf9dd jited_len=17661 xlated_len=30040 nr_jited_ksyms=1 ksym0=0xffffffffc04023b0 ksym1=0x0
[48.765148 pid=1940 tid=1954] BPF_MAP_UPDATE_ELEM prog_array name=sys_enter_submi map_fd=13 map_id=126 key=485 prog_fd=63 prog_id=15 flags=0 ret=0 errno=0
[48.765541 pid=1940 tid=1954] native-loader jit-info prog_array-target fd=63 id=15 type=17 name=sys_enter_submi tag=b007db728abdf9dd jited_len=17661 xlated_len=30040 nr_jited_ksyms=1 ksym0=0xffffffffc04023b0 ksym1=0x0
[48.765665 pid=1940 tid=1954] BPF_MAP_UPDATE_ELEM prog_array name=sys_enter_submi map_fd=13 map_id=126 key=486 prog_fd=63 prog_id=15 flags=0 ret=0 errno=0
[48.765750 pid=1940 tid=1954] native-loader jit-info prog_array-target fd=63 id=15 type=17 name=sys_enter_submi tag=b007db728abdf9dd jited_len=17661 xlated_len=30040 nr_jited_ksyms=1 ksym0=0xffffffffc04023b0 ksym1=0x0
[48.765845 pid=1940 tid=1954] BPF_MAP_UPDATE_ELEM prog_array name=sys_enter_submi map_fd=13 map_id=126 key=487 prog_fd=63 prog_id=15 flags=0 ret=0 errno=0
[48.765934 pid=1940 tid=1954] native-loader jit-info prog_array-target fd=63 id=15 type=17 name=sys_enter_submi tag=b007db728abdf9dd jited_len=17661 xlated_len=30040 nr_jited_ksyms=1 ksym0=0xffffffffc04023b0 ksym1=0x0
[48.766029 pid=1940 tid=1954] BPF_MAP_UPDATE_ELEM prog_array name=sys_enter_submi map_fd=13 map_id=126 key=488 prog_fd=63 prog_id=15 flags=0 ret=0 errno=0
[48.766110 pid=1940 tid=1954] native-loader jit-info prog_array-target fd=63 id=15 type=17 name=sys_enter_submi tag=b007db728abdf9dd jited_len=17661 xlated_len=30040 nr_jited_ksyms=1 ksym0=0xffffffffc04023b0 ksym1=0x0
[48.766203 pid=1940 tid=1954] BPF_MAP_UPDATE_ELEM prog_array name=sys_enter_submi map_fd=13 map_id=126 key=489 prog_fd=63 prog_id=15 flags=0 ret=0 errno=0
[48.766287 pid=1940 tid=1954] native-loader jit-info prog_array-target fd=63 id=15 type=17 name=sys_enter_submi tag=b007db728abdf9dd jited_len=17661 xlated_len=30040 nr_jited_ksyms=1 ksym0=0xffffffffc04023b0 ksym1=0x0
[48.766379 pid=1940 tid=1954] BPF_MAP_UPDATE_ELEM prog_array name=sys_enter_submi map_fd=13 map_id=126 key=490 prog_fd=63 prog_id=15 flags=0 ret=0 errno=0
[48.766601 pid=1940 tid=1954] native-loader jit-info prog_array-target fd=63 id=15 type=17 name=sys_enter_submi tag=b007db728abdf9dd jited_len=17661 xlated_len=30040 nr_jited_ksyms=1 ksym0=0xffffffffc04023b0 ksym1=0x0
[48.766695 pid=1940 tid=1954] BPF_MAP_UPDATE_ELEM prog_array name=sys_enter_submi map_fd=13 map_id=126 key=491 prog_fd=63 prog_id=15 flags=0 ret=0 errno=0
[48.766777 pid=1940 tid=1954] native-loader jit-info prog_array-target fd=63 id=15 type=17 name=sys_enter_submi tag=b007db728abdf9dd jited_len=17661 xlated_len=30040 nr_jited_ksyms=1 ksym0=0xffffffffc04023b0 ksym1=0x0
[48.766870 pid=1940 tid=1954] BPF_MAP_UPDATE_ELEM prog_array name=sys_enter_submi map_fd=13 map_id=126 key=492 prog_fd=63 prog_id=15 flags=0 ret=0 errno=0
[48.766956 pid=1940 tid=1954] native-loader jit-info prog_array-target fd=63 id=15 type=17 name=sys_enter_submi tag=b007db728abdf9dd jited_len=17661 xlated_len=30040 nr_jited_ksyms=1 ksym0=0xffffffffc04023b0 ksym1=0x0
[48.767050 pid=1940 tid=1954] BPF_MAP_UPDATE_ELEM prog_array name=sys_enter_submi map_fd=13 map_id=126 key=493 prog_fd=63 prog_id=15 flags=0 ret=0 errno=0
[48.767135 pid=1940 tid=1954] native-loader jit-info prog_array-target fd=63 id=15 type=17 name=sys_enter_submi tag=b007db728abdf9dd jited_len=17661 xlated_len=30040 nr_jited_ksyms=1 ksym0=0xffffffffc04023b0 ksym1=0x0
[48.767227 pid=1940 tid=1954] BPF_MAP_UPDATE_ELEM prog_array name=sys_enter_submi map_fd=13 map_id=126 key=494 prog_fd=63 prog_id=15 flags=0 ret=0 errno=0
[48.767311 pid=1940 tid=1954] native-loader jit-info prog_array-target fd=63 id=15 type=17 name=sys_enter_submi tag=b007db728abdf9dd jited_len=17661 xlated_len=30040 nr_jited_ksyms=1 ksym0=0xffffffffc04023b0 ksym1=0x0
[48.767544 pid=1940 tid=1954] BPF_MAP_UPDATE_ELEM prog_array name=sys_enter_submi map_fd=13 map_id=126 key=495 prog_fd=63 prog_id=15 flags=0 ret=0 errno=0
[48.767629 pid=1940 tid=1954] native-loader jit-info prog_array-target fd=63 id=15 type=17 name=sys_enter_submi tag=b007db728abdf9dd jited_len=17661 xlated_len=30040 nr_jited_ksyms=1 ksym0=0xffffffffc04023b0 ksym1=0x0
[48.767720 pid=1940 tid=1954] BPF_MAP_UPDATE_ELEM prog_array name=sys_enter_submi map_fd=13 map_id=126 key=496 prog_fd=63 prog_id=15 flags=0 ret=0 errno=0
[48.767804 pid=1940 tid=1954] native-loader jit-info prog_array-target fd=63 id=15 type=17 name=sys_enter_submi tag=b007db728abdf9dd jited_len=17661 xlated_len=30040 nr_jited_ksyms=1 ksym0=0xffffffffc04023b0 ksym1=0x0
[48.767896 pid=1940 tid=1954] BPF_MAP_UPDATE_ELEM prog_array name=sys_enter_submi map_fd=13 map_id=126 key=497 prog_fd=63 prog_id=15 flags=0 ret=0 errno=0
[48.767982 pid=1940 tid=1954] native-loader jit-info prog_array-target fd=63 id=15 type=17 name=sys_enter_submi tag=b007db728abdf9dd jited_len=17661 xlated_len=30040 nr_jited_ksyms=1 ksym0=0xffffffffc04023b0 ksym1=0x0
[48.768075 pid=1940 tid=1954] BPF_MAP_UPDATE_ELEM prog_array name=sys_enter_submi map_fd=13 map_id=126 key=498 prog_fd=63 prog_id=15 flags=0 ret=0 errno=0
[48.768248 pid=1940 tid=1954] native-loader jit-info prog_array-target fd=63 id=15 type=17 name=sys_enter_submi tag=b007db728abdf9dd jited_len=17661 xlated_len=30040 nr_jited_ksyms=1 ksym0=0xffffffffc04023b0 ksym1=0x0
[48.768351 pid=1940 tid=1954] BPF_MAP_UPDATE_ELEM prog_array name=sys_enter_submi map_fd=13 map_id=126 key=499 prog_fd=63 prog_id=15 flags=0 ret=0 errno=0
[48.768563 pid=1940 tid=1954] native-loader jit-info prog_array-target fd=63 id=15 type=17 name=sys_enter_submi tag=b007db728abdf9dd jited_len=17661 xlated_len=30040 nr_jited_ksyms=1 ksym0=0xffffffffc04023b0 ksym1=0x0
[48.768655 pid=1940 tid=1954] BPF_MAP_UPDATE_ELEM prog_array name=sys_enter_submi map_fd=13 map_id=126 key=500 prog_fd=63 prog_id=15 flags=0 ret=0 errno=0
[48.768739 pid=1940 tid=1954] native-loader jit-info prog_array-target fd=63 id=15 type=17 name=sys_enter_submi tag=b007db728abdf9dd jited_len=17661 xlated_len=30040 nr_jited_ksyms=1 ksym0=0xffffffffc04023b0 ksym1=0x0
[48.768832 pid=1940 tid=1954] BPF_MAP_UPDATE_ELEM prog_array name=sys_enter_submi map_fd=13 map_id=126 key=501 prog_fd=63 prog_id=15 flags=0 ret=0 errno=0
[48.769067 pid=1940 tid=1954] native-loader jit-info prog_array-target fd=63 id=15 type=17 name=sys_enter_submi tag=b007db728abdf9dd jited_len=17661 xlated_len=30040 nr_jited_ksyms=1 ksym0=0xffffffffc04023b0 ksym1=0x0
[48.769158 pid=1940 tid=1954] BPF_MAP_UPDATE_ELEM prog_array name=sys_enter_submi map_fd=13 map_id=126 key=502 prog_fd=63 prog_id=15 flags=0 ret=0 errno=0
[48.769372 pid=1940 tid=1954] native-loader jit-info prog_array-target fd=63 id=15 type=17 name=sys_enter_submi tag=b007db728abdf9dd jited_len=17661 xlated_len=30040 nr_jited_ksyms=1 ksym0=0xffffffffc04023b0 ksym1=0x0
[48.769464 pid=1940 tid=1954] BPF_MAP_UPDATE_ELEM prog_array name=sys_enter_submi map_fd=13 map_id=126 key=503 prog_fd=63 prog_id=15 flags=0 ret=0 errno=0
[48.769634 pid=1940 tid=1954] native-loader jit-info prog_array-target fd=63 id=15 type=17 name=sys_enter_submi tag=b007db728abdf9dd jited_len=17661 xlated_len=30040 nr_jited_ksyms=1 ksym0=0xffffffffc04023b0 ksym1=0x0
[48.769725 pid=1940 tid=1954] BPF_MAP_UPDATE_ELEM prog_array name=sys_enter_submi map_fd=13 map_id=126 key=504 prog_fd=63 prog_id=15 flags=0 ret=0 errno=0
[48.769810 pid=1940 tid=1954] native-loader jit-info prog_array-target fd=63 id=15 type=17 name=sys_enter_submi tag=b007db728abdf9dd jited_len=17661 xlated_len=30040 nr_jited_ksyms=1 ksym0=0xffffffffc04023b0 ksym1=0x0
[48.769903 pid=1940 tid=1954] BPF_MAP_UPDATE_ELEM prog_array name=sys_enter_submi map_fd=13 map_id=126 key=505 prog_fd=63 prog_id=15 flags=0 ret=0 errno=0
[48.770129 pid=1940 tid=1954] native-loader jit-info prog_array-target fd=63 id=15 type=17 name=sys_enter_submi tag=b007db728abdf9dd jited_len=17661 xlated_len=30040 nr_jited_ksyms=1 ksym0=0xffffffffc04023b0 ksym1=0x0
[48.770222 pid=1940 tid=1954] BPF_MAP_UPDATE_ELEM prog_array name=sys_enter_submi map_fd=13 map_id=126 key=506 prog_fd=63 prog_id=15 flags=0 ret=0 errno=0
[48.770306 pid=1940 tid=1954] native-loader jit-info prog_array-target fd=63 id=15 type=17 name=sys_enter_submi tag=b007db728abdf9dd jited_len=17661 xlated_len=30040 nr_jited_ksyms=1 ksym0=0xffffffffc04023b0 ksym1=0x0
[48.770397 pid=1940 tid=1954] BPF_MAP_UPDATE_ELEM prog_array name=sys_enter_submi map_fd=13 map_id=126 key=507 prog_fd=63 prog_id=15 flags=0 ret=0 errno=0
[48.770482 pid=1940 tid=1954] native-loader jit-info prog_array-target fd=63 id=15 type=17 name=sys_enter_submi tag=b007db728abdf9dd jited_len=17661 xlated_len=30040 nr_jited_ksyms=1 ksym0=0xffffffffc04023b0 ksym1=0x0
[48.770574 pid=1940 tid=1954] BPF_MAP_UPDATE_ELEM prog_array name=sys_enter_submi map_fd=13 map_id=126 key=508 prog_fd=63 prog_id=15 flags=0 ret=0 errno=0
[48.770736 pid=1940 tid=1954] native-loader jit-info prog_array-target fd=63 id=15 type=17 name=sys_enter_submi tag=b007db728abdf9dd jited_len=17661 xlated_len=30040 nr_jited_ksyms=1 ksym0=0xffffffffc04023b0 ksym1=0x0
[48.770829 pid=1940 tid=1954] BPF_MAP_UPDATE_ELEM prog_array name=sys_enter_submi map_fd=13 map_id=126 key=509 prog_fd=63 prog_id=15 flags=0 ret=0 errno=0
[48.770913 pid=1940 tid=1954] native-loader jit-info prog_array-target fd=63 id=15 type=17 name=sys_enter_submi tag=b007db728abdf9dd jited_len=17661 xlated_len=30040 nr_jited_ksyms=1 ksym0=0xffffffffc04023b0 ksym1=0x0
[48.771007 pid=1940 tid=1954] BPF_MAP_UPDATE_ELEM prog_array name=sys_enter_submi map_fd=13 map_id=126 key=510 prog_fd=63 prog_id=15 flags=0 ret=0 errno=0
[48.771091 pid=1940 tid=1954] native-loader jit-info prog_array-target fd=63 id=15 type=17 name=sys_enter_submi tag=b007db728abdf9dd jited_len=17661 xlated_len=30040 nr_jited_ksyms=1 ksym0=0xffffffffc04023b0 ksym1=0x0
[48.771184 pid=1940 tid=1954] BPF_MAP_UPDATE_ELEM prog_array name=sys_enter_submi map_fd=13 map_id=126 key=511 prog_fd=63 prog_id=15 flags=0 ret=0 errno=0
[48.771268 pid=1940 tid=1954] native-loader jit-info prog_array-target fd=63 id=15 type=17 name=sys_enter_submi tag=b007db728abdf9dd jited_len=17661 xlated_len=30040 nr_jited_ksyms=1 ksym0=0xffffffffc04023b0 ksym1=0x0
[48.771360 pid=1940 tid=1954] BPF_MAP_UPDATE_ELEM prog_array name=sys_enter_submi map_fd=13 map_id=126 key=512 prog_fd=63 prog_id=15 flags=0 ret=0 errno=0
[48.771445 pid=1940 tid=1954] native-loader jit-info prog_array-target fd=63 id=15 type=17 name=sys_enter_submi tag=b007db728abdf9dd jited_len=17661 xlated_len=30040 nr_jited_ksyms=1 ksym0=0xffffffffc04023b0 ksym1=0x0
[48.771539 pid=1940 tid=1954] BPF_MAP_UPDATE_ELEM prog_array name=sys_enter_submi map_fd=13 map_id=126 key=513 prog_fd=63 prog_id=15 flags=0 ret=0 errno=0
[48.771622 pid=1940 tid=1954] native-loader jit-info prog_array-target fd=63 id=15 type=17 name=sys_enter_submi tag=b007db728abdf9dd jited_len=17661 xlated_len=30040 nr_jited_ksyms=1 ksym0=0xffffffffc04023b0 ksym1=0x0
[48.771713 pid=1940 tid=1954] BPF_MAP_UPDATE_ELEM prog_array name=sys_enter_submi map_fd=13 map_id=126 key=514 prog_fd=63 prog_id=15 flags=0 ret=0 errno=0
[48.771796 pid=1940 tid=1954] native-loader jit-info prog_array-target fd=63 id=15 type=17 name=sys_enter_submi tag=b007db728abdf9dd jited_len=17661 xlated_len=30040 nr_jited_ksyms=1 ksym0=0xffffffffc04023b0 ksym1=0x0
[48.771890 pid=1940 tid=1954] BPF_MAP_UPDATE_ELEM prog_array name=sys_enter_submi map_fd=13 map_id=126 key=515 prog_fd=63 prog_id=15 flags=0 ret=0 errno=0
[48.771975 pid=1940 tid=1954] native-loader jit-info prog_array-target fd=63 id=15 type=17 name=sys_enter_submi tag=b007db728abdf9dd jited_len=17661 xlated_len=30040 nr_jited_ksyms=1 ksym0=0xffffffffc04023b0 ksym1=0x0
[48.772067 pid=1940 tid=1954] BPF_MAP_UPDATE_ELEM prog_array name=sys_enter_submi map_fd=13 map_id=126 key=516 prog_fd=63 prog_id=15 flags=0 ret=0 errno=0
[48.772154 pid=1940 tid=1954] native-loader jit-info prog_array-target fd=63 id=15 type=17 name=sys_enter_submi tag=b007db728abdf9dd jited_len=17661 xlated_len=30040 nr_jited_ksyms=1 ksym0=0xffffffffc04023b0 ksym1=0x0
[48.772248 pid=1940 tid=1954] BPF_MAP_UPDATE_ELEM prog_array name=sys_enter_submi map_fd=13 map_id=126 key=517 prog_fd=63 prog_id=15 flags=0 ret=0 errno=0
[48.772330 pid=1940 tid=1954] native-loader jit-info prog_array-target fd=63 id=15 type=17 name=sys_enter_submi tag=b007db728abdf9dd jited_len=17661 xlated_len=30040 nr_jited_ksyms=1 ksym0=0xffffffffc04023b0 ksym1=0x0
[48.772423 pid=1940 tid=1954] BPF_MAP_UPDATE_ELEM prog_array name=sys_enter_submi map_fd=13 map_id=126 key=518 prog_fd=63 prog_id=15 flags=0 ret=0 errno=0
[48.772508 pid=1940 tid=1954] native-loader jit-info prog_array-target fd=63 id=15 type=17 name=sys_enter_submi tag=b007db728abdf9dd jited_len=17661 xlated_len=30040 nr_jited_ksyms=1 ksym0=0xffffffffc04023b0 ksym1=0x0
[48.772600 pid=1940 tid=1954] BPF_MAP_UPDATE_ELEM prog_array name=sys_enter_submi map_fd=13 map_id=126 key=519 prog_fd=63 prog_id=15 flags=0 ret=0 errno=0
[48.772683 pid=1940 tid=1954] native-loader jit-info prog_array-target fd=63 id=15 type=17 name=sys_enter_submi tag=b007db728abdf9dd jited_len=17661 xlated_len=30040 nr_jited_ksyms=1 ksym0=0xffffffffc04023b0 ksym1=0x0
[48.772776 pid=1940 tid=1954] BPF_MAP_UPDATE_ELEM prog_array name=sys_enter_submi map_fd=13 map_id=126 key=520 prog_fd=63 prog_id=15 flags=0 ret=0 errno=0
[48.772860 pid=1940 tid=1954] native-loader jit-info prog_array-target fd=63 id=15 type=17 name=sys_enter_submi tag=b007db728abdf9dd jited_len=17661 xlated_len=30040 nr_jited_ksyms=1 ksym0=0xffffffffc04023b0 ksym1=0x0
[48.772954 pid=1940 tid=1954] BPF_MAP_UPDATE_ELEM prog_array name=sys_enter_submi map_fd=13 map_id=126 key=521 prog_fd=63 prog_id=15 flags=0 ret=0 errno=0
[48.773122 pid=1940 tid=1954] native-loader jit-info prog_array-target fd=63 id=15 type=17 name=sys_enter_submi tag=b007db728abdf9dd jited_len=17661 xlated_len=30040 nr_jited_ksyms=1 ksym0=0xffffffffc04023b0 ksym1=0x0
[48.773214 pid=1940 tid=1954] BPF_MAP_UPDATE_ELEM prog_array name=sys_enter_submi map_fd=13 map_id=126 key=522 prog_fd=63 prog_id=15 flags=0 ret=0 errno=0
[48.773297 pid=1940 tid=1954] native-loader jit-info prog_array-target fd=63 id=15 type=17 name=sys_enter_submi tag=b007db728abdf9dd jited_len=17661 xlated_len=30040 nr_jited_ksyms=1 ksym0=0xffffffffc04023b0 ksym1=0x0
[48.773390 pid=1940 tid=1954] BPF_MAP_UPDATE_ELEM prog_array name=sys_enter_submi map_fd=13 map_id=126 key=523 prog_fd=63 prog_id=15 flags=0 ret=0 errno=0
[48.773473 pid=1940 tid=1954] native-loader jit-info prog_array-target fd=63 id=15 type=17 name=sys_enter_submi tag=b007db728abdf9dd jited_len=17661 xlated_len=30040 nr_jited_ksyms=1 ksym0=0xffffffffc04023b0 ksym1=0x0
[48.773565 pid=1940 tid=1954] BPF_MAP_UPDATE_ELEM prog_array name=sys_enter_submi map_fd=13 map_id=126 key=524 prog_fd=63 prog_id=15 flags=0 ret=0 errno=0
[48.773651 pid=1940 tid=1954] native-loader jit-info prog_array-target fd=63 id=15 type=17 name=sys_enter_submi tag=b007db728abdf9dd jited_len=17661 xlated_len=30040 nr_jited_ksyms=1 ksym0=0xffffffffc04023b0 ksym1=0x0
[48.773743 pid=1940 tid=1954] BPF_MAP_UPDATE_ELEM prog_array name=sys_enter_submi map_fd=13 map_id=126 key=525 prog_fd=63 prog_id=15 flags=0 ret=0 errno=0
[48.773826 pid=1940 tid=1954] native-loader jit-info prog_array-target fd=63 id=15 type=17 name=sys_enter_submi tag=b007db728abdf9dd jited_len=17661 xlated_len=30040 nr_jited_ksyms=1 ksym0=0xffffffffc04023b0 ksym1=0x0
[48.773919 pid=1940 tid=1954] BPF_MAP_UPDATE_ELEM prog_array name=sys_enter_submi map_fd=13 map_id=126 key=526 prog_fd=63 prog_id=15 flags=0 ret=0 errno=0
[48.774004 pid=1940 tid=1954] native-loader jit-info prog_array-target fd=63 id=15 type=17 name=sys_enter_submi tag=b007db728abdf9dd jited_len=17661 xlated_len=30040 nr_jited_ksyms=1 ksym0=0xffffffffc04023b0 ksym1=0x0
[48.774096 pid=1940 tid=1954] BPF_MAP_UPDATE_ELEM prog_array name=sys_enter_submi map_fd=13 map_id=126 key=527 prog_fd=63 prog_id=15 flags=0 ret=0 errno=0
[48.774180 pid=1940 tid=1954] native-loader jit-info prog_array-target fd=63 id=15 type=17 name=sys_enter_submi tag=b007db728abdf9dd jited_len=17661 xlated_len=30040 nr_jited_ksyms=1 ksym0=0xffffffffc04023b0 ksym1=0x0
[48.774275 pid=1940 tid=1954] BPF_MAP_UPDATE_ELEM prog_array name=sys_enter_submi map_fd=13 map_id=126 key=528 prog_fd=63 prog_id=15 flags=0 ret=0 errno=0
[48.774357 pid=1940 tid=1954] native-loader jit-info prog_array-target fd=63 id=15 type=17 name=sys_enter_submi tag=b007db728abdf9dd jited_len=17661 xlated_len=30040 nr_jited_ksyms=1 ksym0=0xffffffffc04023b0 ksym1=0x0
[48.774448 pid=1940 tid=1954] BPF_MAP_UPDATE_ELEM prog_array name=sys_enter_submi map_fd=13 map_id=126 key=529 prog_fd=63 prog_id=15 flags=0 ret=0 errno=0
[48.774532 pid=1940 tid=1954] native-loader jit-info prog_array-target fd=63 id=15 type=17 name=sys_enter_submi tag=b007db728abdf9dd jited_len=17661 xlated_len=30040 nr_jited_ksyms=1 ksym0=0xffffffffc04023b0 ksym1=0x0
[48.774625 pid=1940 tid=1954] BPF_MAP_UPDATE_ELEM prog_array name=sys_enter_submi map_fd=13 map_id=126 key=530 prog_fd=63 prog_id=15 flags=0 ret=0 errno=0
[48.774814 pid=1940 tid=1954] native-loader jit-info prog_array-target fd=63 id=15 type=17 name=sys_enter_submi tag=b007db728abdf9dd jited_len=17661 xlated_len=30040 nr_jited_ksyms=1 ksym0=0xffffffffc04023b0 ksym1=0x0
[48.774906 pid=1940 tid=1954] BPF_MAP_UPDATE_ELEM prog_array name=sys_enter_submi map_fd=13 map_id=126 key=531 prog_fd=63 prog_id=15 flags=0 ret=0 errno=0
[48.775131 pid=1940 tid=1954] native-loader jit-info prog_array-target fd=63 id=15 type=17 name=sys_enter_submi tag=b007db728abdf9dd jited_len=17661 xlated_len=30040 nr_jited_ksyms=1 ksym0=0xffffffffc04023b0 ksym1=0x0
[48.775221 pid=1940 tid=1954] BPF_MAP_UPDATE_ELEM prog_array name=sys_enter_submi map_fd=13 map_id=126 key=532 prog_fd=63 prog_id=15 flags=0 ret=0 errno=0
[48.775306 pid=1940 tid=1954] native-loader jit-info prog_array-target fd=63 id=15 type=17 name=sys_enter_submi tag=b007db728abdf9dd jited_len=17661 xlated_len=30040 nr_jited_ksyms=1 ksym0=0xffffffffc04023b0 ksym1=0x0
[48.775398 pid=1940 tid=1954] BPF_MAP_UPDATE_ELEM prog_array name=sys_enter_submi map_fd=13 map_id=126 key=533 prog_fd=63 prog_id=15 flags=0 ret=0 errno=0
[48.775481 pid=1940 tid=1954] native-loader jit-info prog_array-target fd=63 id=15 type=17 name=sys_enter_submi tag=b007db728abdf9dd jited_len=17661 xlated_len=30040 nr_jited_ksyms=1 ksym0=0xffffffffc04023b0 ksym1=0x0
[48.775573 pid=1940 tid=1954] BPF_MAP_UPDATE_ELEM prog_array name=sys_enter_submi map_fd=13 map_id=126 key=534 prog_fd=63 prog_id=15 flags=0 ret=0 errno=0
[48.775657 pid=1940 tid=1954] native-loader jit-info prog_array-target fd=63 id=15 type=17 name=sys_enter_submi tag=b007db728abdf9dd jited_len=17661 xlated_len=30040 nr_jited_ksyms=1 ksym0=0xffffffffc04023b0 ksym1=0x0
[48.775937 pid=1940 tid=1954] BPF_MAP_UPDATE_ELEM prog_array name=prog_array map_fd=27 map_id=140 key=11 prog_fd=182 prog_id=45 flags=0 ret=0 errno=0
[48.776270 pid=1940 tid=1954] native-loader jit-info prog_array-target fd=182 id=45 type=2 name=lkm_seeker_mod_ tag=9b66ae507e4a233f jited_len=659 xlated_len=1048 nr_jited_ksyms=1 ksym0=0xffffffffc04615a8 ksym1=0x0
[48.776387 pid=1940 tid=1954] BPF_MAP_UPDATE_ELEM prog_array name=sys_enter_tails map_fd=14 map_id=127 key=59 prog_fd=170 prog_id=33 flags=0 ret=0 errno=0
[48.776490 pid=1940 tid=1954] native-loader jit-info prog_array-target fd=170 id=33 type=17 name=syscall__execve tag=4a103056bd15ad09 jited_len=22769 xlated_len=33600 nr_jited_ksyms=1 ksym0=0xffffffffc0423134 ksym1=0x0
[48.776619 pid=1940 tid=1954] BPF_MAP_UPDATE_ELEM prog_array name=sys_exit_submit map_fd=17 map_id=130 key=0 prog_fd=72 prog_id=18 flags=0 ret=0 errno=0
[48.776917 pid=1940 tid=1954] native-loader jit-info prog_array-target fd=72 id=18 type=17 name=sys_exit_submit tag=07fb247c2a62a43e jited_len=12117 xlated_len=20536 nr_jited_ksyms=1 ksym0=0xffffffffc0407298 ksym1=0x0
[48.777239 pid=1940 tid=1954] BPF_MAP_UPDATE_ELEM prog_array name=sys_exit_submit map_fd=17 map_id=130 key=1 prog_fd=72 prog_id=18 flags=0 ret=0 errno=0
[48.777354 pid=1940 tid=1954] native-loader jit-info prog_array-target fd=72 id=18 type=17 name=sys_exit_submit tag=07fb247c2a62a43e jited_len=12117 xlated_len=20536 nr_jited_ksyms=1 ksym0=0xffffffffc0407298 ksym1=0x0
[48.777448 pid=1940 tid=1954] BPF_MAP_UPDATE_ELEM prog_array name=sys_exit_submit map_fd=17 map_id=130 key=2 prog_fd=72 prog_id=18 flags=0 ret=0 errno=0
[48.777531 pid=1940 tid=1954] native-loader jit-info prog_array-target fd=72 id=18 type=17 name=sys_exit_submit tag=07fb247c2a62a43e jited_len=12117 xlated_len=20536 nr_jited_ksyms=1 ksym0=0xffffffffc0407298 ksym1=0x0
[48.777624 pid=1940 tid=1954] BPF_MAP_UPDATE_ELEM prog_array name=sys_exit_submit map_fd=17 map_id=130 key=3 prog_fd=72 prog_id=18 flags=0 ret=0 errno=0
[48.777708 pid=1940 tid=1954] native-loader jit-info prog_array-target fd=72 id=18 type=17 name=sys_exit_submit tag=07fb247c2a62a43e jited_len=12117 xlated_len=20536 nr_jited_ksyms=1 ksym0=0xffffffffc0407298 ksym1=0x0
[48.777800 pid=1940 tid=1954] BPF_MAP_UPDATE_ELEM prog_array name=sys_exit_submit map_fd=17 map_id=130 key=4 prog_fd=72 prog_id=18 flags=0 ret=0 errno=0
[48.777884 pid=1940 tid=1954] native-loader jit-info prog_array-target fd=72 id=18 type=17 name=sys_exit_submit tag=07fb247c2a62a43e jited_len=12117 xlated_len=20536 nr_jited_ksyms=1 ksym0=0xffffffffc0407298 ksym1=0x0
[48.777953 pid=1940 tid=1954] BPF_MAP_UPDATE_ELEM prog_array name=sys_exit_submit map_fd=17 map_id=130 key=5 prog_fd=72 prog_id=18 flags=0 ret=0 errno=0
[48.778037 pid=1940 tid=1954] native-loader jit-info prog_array-target fd=72 id=18 type=17 name=sys_exit_submit tag=07fb247c2a62a43e jited_len=12117 xlated_len=20536 nr_jited_ksyms=1 ksym0=0xffffffffc0407298 ksym1=0x0
[48.778130 pid=1940 tid=1954] BPF_MAP_UPDATE_ELEM prog_array name=sys_exit_submit map_fd=17 map_id=130 key=6 prog_fd=72 prog_id=18 flags=0 ret=0 errno=0
[48.778213 pid=1940 tid=1954] native-loader jit-info prog_array-target fd=72 id=18 type=17 name=sys_exit_submit tag=07fb247c2a62a43e jited_len=12117 xlated_len=20536 nr_jited_ksyms=1 ksym0=0xffffffffc0407298 ksym1=0x0
[48.778306 pid=1940 tid=1954] BPF_MAP_UPDATE_ELEM prog_array name=sys_exit_submit map_fd=17 map_id=130 key=7 prog_fd=72 prog_id=18 flags=0 ret=0 errno=0
[48.778390 pid=1940 tid=1954] native-loader jit-info prog_array-target fd=72 id=18 type=17 name=sys_exit_submit tag=07fb247c2a62a43e jited_len=12117 xlated_len=20536 nr_jited_ksyms=1 ksym0=0xffffffffc0407298 ksym1=0x0
[48.778482 pid=1940 tid=1954] BPF_MAP_UPDATE_ELEM prog_array name=sys_exit_submit map_fd=17 map_id=130 key=8 prog_fd=72 prog_id=18 flags=0 ret=0 errno=0
[48.778773 pid=1940 tid=1954] native-loader jit-info prog_array-target fd=72 id=18 type=17 name=sys_exit_submit tag=07fb247c2a62a43e jited_len=12117 xlated_len=20536 nr_jited_ksyms=1 ksym0=0xffffffffc0407298 ksym1=0x0
[48.778881 pid=1940 tid=1954] BPF_MAP_UPDATE_ELEM prog_array name=sys_exit_submit map_fd=17 map_id=130 key=9 prog_fd=72 prog_id=18 flags=0 ret=0 errno=0
[48.778970 pid=1940 tid=1954] native-loader jit-info prog_array-target fd=72 id=18 type=17 name=sys_exit_submit tag=07fb247c2a62a43e jited_len=12117 xlated_len=20536 nr_jited_ksyms=1 ksym0=0xffffffffc0407298 ksym1=0x0
[48.779063 pid=1940 tid=1954] BPF_MAP_UPDATE_ELEM prog_array name=sys_exit_submit map_fd=17 map_id=130 key=10 prog_fd=72 prog_id=18 flags=0 ret=0 errno=0
[48.779149 pid=1940 tid=1954] native-loader jit-info prog_array-target fd=72 id=18 type=17 name=sys_exit_submit tag=07fb247c2a62a43e jited_len=12117 xlated_len=20536 nr_jited_ksyms=1 ksym0=0xffffffffc0407298 ksym1=0x0
[48.779243 pid=1940 tid=1954] BPF_MAP_UPDATE_ELEM prog_array name=sys_exit_submit map_fd=17 map_id=130 key=11 prog_fd=72 prog_id=18 flags=0 ret=0 errno=0
[48.779329 pid=1940 tid=1954] native-loader jit-info prog_array-target fd=72 id=18 type=17 name=sys_exit_submit tag=07fb247c2a62a43e jited_len=12117 xlated_len=20536 nr_jited_ksyms=1 ksym0=0xffffffffc0407298 ksym1=0x0
[48.779422 pid=1940 tid=1954] BPF_MAP_UPDATE_ELEM prog_array name=sys_exit_submit map_fd=17 map_id=130 key=12 prog_fd=72 prog_id=18 flags=0 ret=0 errno=0
[48.779506 pid=1940 tid=1954] native-loader jit-info prog_array-target fd=72 id=18 type=17 name=sys_exit_submit tag=07fb247c2a62a43e jited_len=12117 xlated_len=20536 nr_jited_ksyms=1 ksym0=0xffffffffc0407298 ksym1=0x0
[48.779598 pid=1940 tid=1954] BPF_MAP_UPDATE_ELEM prog_array name=sys_exit_submit map_fd=17 map_id=130 key=13 prog_fd=72 prog_id=18 flags=0 ret=0 errno=0
[48.779683 pid=1940 tid=1954] native-loader jit-info prog_array-target fd=72 id=18 type=17 name=sys_exit_submit tag=07fb247c2a62a43e jited_len=12117 xlated_len=20536 nr_jited_ksyms=1 ksym0=0xffffffffc0407298 ksym1=0x0
[48.779775 pid=1940 tid=1954] BPF_MAP_UPDATE_ELEM prog_array name=sys_exit_submit map_fd=17 map_id=130 key=14 prog_fd=72 prog_id=18 flags=0 ret=0 errno=0
[48.779859 pid=1940 tid=1954] native-loader jit-info prog_array-target fd=72 id=18 type=17 name=sys_exit_submit tag=07fb247c2a62a43e jited_len=12117 xlated_len=20536 nr_jited_ksyms=1 ksym0=0xffffffffc0407298 ksym1=0x0
[48.779956 pid=1940 tid=1954] BPF_MAP_UPDATE_ELEM prog_array name=sys_exit_submit map_fd=17 map_id=130 key=15 prog_fd=72 prog_id=18 flags=0 ret=0 errno=0
[48.780040 pid=1940 tid=1954] native-loader jit-info prog_array-target fd=72 id=18 type=17 name=sys_exit_submit tag=07fb247c2a62a43e jited_len=12117 xlated_len=20536 nr_jited_ksyms=1 ksym0=0xffffffffc0407298 ksym1=0x0
[48.780132 pid=1940 tid=1954] BPF_MAP_UPDATE_ELEM prog_array name=sys_exit_submit map_fd=17 map_id=130 key=16 prog_fd=72 prog_id=18 flags=0 ret=0 errno=0
[48.780215 pid=1940 tid=1954] native-loader jit-info prog_array-target fd=72 id=18 type=17 name=sys_exit_submit tag=07fb247c2a62a43e jited_len=12117 xlated_len=20536 nr_jited_ksyms=1 ksym0=0xffffffffc0407298 ksym1=0x0
[48.780308 pid=1940 tid=1954] BPF_MAP_UPDATE_ELEM prog_array name=sys_exit_submit map_fd=17 map_id=130 key=17 prog_fd=72 prog_id=18 flags=0 ret=0 errno=0
[48.780392 pid=1940 tid=1954] native-loader jit-info prog_array-target fd=72 id=18 type=17 name=sys_exit_submit tag=07fb247c2a62a43e jited_len=12117 xlated_len=20536 nr_jited_ksyms=1 ksym0=0xffffffffc0407298 ksym1=0x0
[48.780484 pid=1940 tid=1954] BPF_MAP_UPDATE_ELEM prog_array name=sys_exit_submit map_fd=17 map_id=130 key=18 prog_fd=72 prog_id=18 flags=0 ret=0 errno=0
[48.780567 pid=1940 tid=1954] native-loader jit-info prog_array-target fd=72 id=18 type=17 name=sys_exit_submit tag=07fb247c2a62a43e jited_len=12117 xlated_len=20536 nr_jited_ksyms=1 ksym0=0xffffffffc0407298 ksym1=0x0
[48.780660 pid=1940 tid=1954] BPF_MAP_UPDATE_ELEM prog_array name=sys_exit_submit map_fd=17 map_id=130 key=19 prog_fd=72 prog_id=18 flags=0 ret=0 errno=0
[48.780744 pid=1940 tid=1954] native-loader jit-info prog_array-target fd=72 id=18 type=17 name=sys_exit_submit tag=07fb247c2a62a43e jited_len=12117 xlated_len=20536 nr_jited_ksyms=1 ksym0=0xffffffffc0407298 ksym1=0x0
[48.780836 pid=1940 tid=1954] BPF_MAP_UPDATE_ELEM prog_array name=sys_exit_submit map_fd=17 map_id=130 key=20 prog_fd=72 prog_id=18 flags=0 ret=0 errno=0
[48.780920 pid=1940 tid=1954] native-loader jit-info prog_array-target fd=72 id=18 type=17 name=sys_exit_submit tag=07fb247c2a62a43e jited_len=12117 xlated_len=20536 nr_jited_ksyms=1 ksym0=0xffffffffc0407298 ksym1=0x0
[48.781015 pid=1940 tid=1954] BPF_MAP_UPDATE_ELEM prog_array name=sys_exit_submit map_fd=17 map_id=130 key=21 prog_fd=72 prog_id=18 flags=0 ret=0 errno=0
[48.781098 pid=1940 tid=1954] native-loader jit-info prog_array-target fd=72 id=18 type=17 name=sys_exit_submit tag=07fb247c2a62a43e jited_len=12117 xlated_len=20536 nr_jited_ksyms=1 ksym0=0xffffffffc0407298 ksym1=0x0
[48.781191 pid=1940 tid=1954] BPF_MAP_UPDATE_ELEM prog_array name=sys_exit_submit map_fd=17 map_id=130 key=22 prog_fd=72 prog_id=18 flags=0 ret=0 errno=0
[48.781540 pid=1940 tid=1954] native-loader jit-info prog_array-target fd=72 id=18 type=17 name=sys_exit_submit tag=07fb247c2a62a43e jited_len=12117 xlated_len=20536 nr_jited_ksyms=1 ksym0=0xffffffffc0407298 ksym1=0x0
[48.781649 pid=1940 tid=1954] BPF_MAP_UPDATE_ELEM prog_array name=sys_exit_submit map_fd=17 map_id=130 key=23 prog_fd=72 prog_id=18 flags=0 ret=0 errno=0
[48.782212 pid=1940 tid=1954] native-loader jit-info prog_array-target fd=72 id=18 type=17 name=sys_exit_submit tag=07fb247c2a62a43e jited_len=12117 xlated_len=20536 nr_jited_ksyms=1 ksym0=0xffffffffc0407298 ksym1=0x0
[48.782496 pid=1940 tid=1954] BPF_MAP_UPDATE_ELEM prog_array name=sys_exit_submit map_fd=17 map_id=130 key=24 prog_fd=72 prog_id=18 flags=0 ret=0 errno=0
[48.782604 pid=1940 tid=1954] native-loader jit-info prog_array-target fd=72 id=18 type=17 name=sys_exit_submit tag=07fb247c2a62a43e jited_len=12117 xlated_len=20536 nr_jited_ksyms=1 ksym0=0xffffffffc0407298 ksym1=0x0
[48.782702 pid=1940 tid=1954] BPF_MAP_UPDATE_ELEM prog_array name=sys_exit_submit map_fd=17 map_id=130 key=25 prog_fd=72 prog_id=18 flags=0 ret=0 errno=0
[48.782783 pid=1940 tid=1954] native-loader jit-info prog_array-target fd=72 id=18 type=17 name=sys_exit_submit tag=07fb247c2a62a43e jited_len=12117 xlated_len=20536 nr_jited_ksyms=1 ksym0=0xffffffffc0407298 ksym1=0x0
[48.782876 pid=1940 tid=1954] BPF_MAP_UPDATE_ELEM prog_array name=sys_exit_submit map_fd=17 map_id=130 key=26 prog_fd=72 prog_id=18 flags=0 ret=0 errno=0
[48.782965 pid=1940 tid=1954] native-loader jit-info prog_array-target fd=72 id=18 type=17 name=sys_exit_submit tag=07fb247c2a62a43e jited_len=12117 xlated_len=20536 nr_jited_ksyms=1 ksym0=0xffffffffc0407298 ksym1=0x0
[48.783058 pid=1940 tid=1954] BPF_MAP_UPDATE_ELEM prog_array name=sys_exit_submit map_fd=17 map_id=130 key=27 prog_fd=72 prog_id=18 flags=0 ret=0 errno=0
[48.783140 pid=1940 tid=1954] native-loader jit-info prog_array-target fd=72 id=18 type=17 name=sys_exit_submit tag=07fb247c2a62a43e jited_len=12117 xlated_len=20536 nr_jited_ksyms=1 ksym0=0xffffffffc0407298 ksym1=0x0
[48.783232 pid=1940 tid=1954] BPF_MAP_UPDATE_ELEM prog_array name=sys_exit_submit map_fd=17 map_id=130 key=28 prog_fd=72 prog_id=18 flags=0 ret=0 errno=0
[48.783316 pid=1940 tid=1954] native-loader jit-info prog_array-target fd=72 id=18 type=17 name=sys_exit_submit tag=07fb247c2a62a43e jited_len=12117 xlated_len=20536 nr_jited_ksyms=1 ksym0=0xffffffffc0407298 ksym1=0x0
[48.783409 pid=1940 tid=1954] BPF_MAP_UPDATE_ELEM prog_array name=sys_exit_submit map_fd=17 map_id=130 key=29 prog_fd=72 prog_id=18 flags=0 ret=0 errno=0
[48.783492 pid=1940 tid=1954] native-loader jit-info prog_array-target fd=72 id=18 type=17 name=sys_exit_submit tag=07fb247c2a62a43e jited_len=12117 xlated_len=20536 nr_jited_ksyms=1 ksym0=0xffffffffc0407298 ksym1=0x0
[48.783650 pid=1940 tid=1954] BPF_MAP_UPDATE_ELEM prog_array name=sys_exit_submit map_fd=17 map_id=130 key=30 prog_fd=72 prog_id=18 flags=0 ret=0 errno=0
[48.783731 pid=1940 tid=1954] native-loader jit-info prog_array-target fd=72 id=18 type=17 name=sys_exit_submit tag=07fb247c2a62a43e jited_len=12117 xlated_len=20536 nr_jited_ksyms=1 ksym0=0xffffffffc0407298 ksym1=0x0
[48.783823 pid=1940 tid=1954] BPF_MAP_UPDATE_ELEM prog_array name=sys_exit_submit map_fd=17 map_id=130 key=31 prog_fd=72 prog_id=18 flags=0 ret=0 errno=0
[48.783907 pid=1940 tid=1954] native-loader jit-info prog_array-target fd=72 id=18 type=17 name=sys_exit_submit tag=07fb247c2a62a43e jited_len=12117 xlated_len=20536 nr_jited_ksyms=1 ksym0=0xffffffffc0407298 ksym1=0x0
[48.784002 pid=1940 tid=1954] BPF_MAP_UPDATE_ELEM prog_array name=sys_exit_submit map_fd=17 map_id=130 key=34 prog_fd=72 prog_id=18 flags=0 ret=0 errno=0
[48.784087 pid=1940 tid=1954] native-loader jit-info prog_array-target fd=72 id=18 type=17 name=sys_exit_submit tag=07fb247c2a62a43e jited_len=12117 xlated_len=20536 nr_jited_ksyms=1 ksym0=0xffffffffc0407298 ksym1=0x0
[48.784185 pid=1940 tid=1954] BPF_MAP_UPDATE_ELEM prog_array name=sys_exit_submit map_fd=17 map_id=130 key=35 prog_fd=72 prog_id=18 flags=0 ret=0 errno=0
[48.784297 pid=1940 tid=1954] native-loader jit-info prog_array-target fd=72 id=18 type=17 name=sys_exit_submit tag=07fb247c2a62a43e jited_len=12117 xlated_len=20536 nr_jited_ksyms=1 ksym0=0xffffffffc0407298 ksym1=0x0
[48.784389 pid=1940 tid=1954] BPF_MAP_UPDATE_ELEM prog_array name=sys_exit_submit map_fd=17 map_id=130 key=36 prog_fd=72 prog_id=18 flags=0 ret=0 errno=0
[48.784473 pid=1940 tid=1954] native-loader jit-info prog_array-target fd=72 id=18 type=17 name=sys_exit_submit tag=07fb247c2a62a43e jited_len=12117 xlated_len=20536 nr_jited_ksyms=1 ksym0=0xffffffffc0407298 ksym1=0x0
[48.784565 pid=1940 tid=1954] BPF_MAP_UPDATE_ELEM prog_array name=sys_exit_submit map_fd=17 map_id=130 key=37 prog_fd=72 prog_id=18 flags=0 ret=0 errno=0
[48.784648 pid=1940 tid=1954] native-loader jit-info prog_array-target fd=72 id=18 type=17 name=sys_exit_submit tag=07fb247c2a62a43e jited_len=12117 xlated_len=20536 nr_jited_ksyms=1 ksym0=0xffffffffc0407298 ksym1=0x0
[48.784740 pid=1940 tid=1954] BPF_MAP_UPDATE_ELEM prog_array name=sys_exit_submit map_fd=17 map_id=130 key=38 prog_fd=72 prog_id=18 flags=0 ret=0 errno=0
[48.784824 pid=1940 tid=1954] native-loader jit-info prog_array-target fd=72 id=18 type=17 name=sys_exit_submit tag=07fb247c2a62a43e jited_len=12117 xlated_len=20536 nr_jited_ksyms=1 ksym0=0xffffffffc0407298 ksym1=0x0
[48.784915 pid=1940 tid=1954] BPF_MAP_UPDATE_ELEM prog_array name=sys_exit_submit map_fd=17 map_id=130 key=39 prog_fd=72 prog_id=18 flags=0 ret=0 errno=0
[48.785347 pid=1940 tid=1954] native-loader jit-info prog_array-target fd=72 id=18 type=17 name=sys_exit_submit tag=07fb247c2a62a43e jited_len=12117 xlated_len=20536 nr_jited_ksyms=1 ksym0=0xffffffffc0407298 ksym1=0x0
[48.785603 pid=1940 tid=1954] BPF_MAP_UPDATE_ELEM prog_array name=sys_exit_submit map_fd=17 map_id=130 key=40 prog_fd=72 prog_id=18 flags=0 ret=0 errno=0
[48.785711 pid=1940 tid=1954] native-loader jit-info prog_array-target fd=72 id=18 type=17 name=sys_exit_submit tag=07fb247c2a62a43e jited_len=12117 xlated_len=20536 nr_jited_ksyms=1 ksym0=0xffffffffc0407298 ksym1=0x0
[48.785815 pid=1940 tid=1954] BPF_MAP_UPDATE_ELEM prog_array name=sys_exit_submit map_fd=17 map_id=130 key=41 prog_fd=72 prog_id=18 flags=0 ret=0 errno=0
[48.785903 pid=1940 tid=1954] native-loader jit-info prog_array-target fd=72 id=18 type=17 name=sys_exit_submit tag=07fb247c2a62a43e jited_len=12117 xlated_len=20536 nr_jited_ksyms=1 ksym0=0xffffffffc0407298 ksym1=0x0
[48.786006 pid=1940 tid=1954] BPF_MAP_UPDATE_ELEM prog_array name=sys_exit_submit map_fd=17 map_id=130 key=42 prog_fd=72 prog_id=18 flags=0 ret=0 errno=0
[48.786088 pid=1940 tid=1954] native-loader jit-info prog_array-target fd=72 id=18 type=17 name=sys_exit_submit tag=07fb247c2a62a43e jited_len=12117 xlated_len=20536 nr_jited_ksyms=1 ksym0=0xffffffffc0407298 ksym1=0x0
[48.786181 pid=1940 tid=1954] BPF_MAP_UPDATE_ELEM prog_array name=sys_exit_submit map_fd=17 map_id=130 key=43 prog_fd=72 prog_id=18 flags=0 ret=0 errno=0
[48.786265 pid=1940 tid=1954] native-loader jit-info prog_array-target fd=72 id=18 type=17 name=sys_exit_submit tag=07fb247c2a62a43e jited_len=12117 xlated_len=20536 nr_jited_ksyms=1 ksym0=0xffffffffc0407298 ksym1=0x0
[48.786357 pid=1940 tid=1954] BPF_MAP_UPDATE_ELEM prog_array name=sys_exit_submit map_fd=17 map_id=130 key=44 prog_fd=72 prog_id=18 flags=0 ret=0 errno=0
[48.786441 pid=1940 tid=1954] native-loader jit-info prog_array-target fd=72 id=18 type=17 name=sys_exit_submit tag=07fb247c2a62a43e jited_len=12117 xlated_len=20536 nr_jited_ksyms=1 ksym0=0xffffffffc0407298 ksym1=0x0
[48.786534 pid=1940 tid=1954] BPF_MAP_UPDATE_ELEM prog_array name=sys_exit_submit map_fd=17 map_id=130 key=45 prog_fd=72 prog_id=18 flags=0 ret=0 errno=0
[48.786617 pid=1940 tid=1954] native-loader jit-info prog_array-target fd=72 id=18 type=17 name=sys_exit_submit tag=07fb247c2a62a43e jited_len=12117 xlated_len=20536 nr_jited_ksyms=1 ksym0=0xffffffffc0407298 ksym1=0x0
[48.786710 pid=1940 tid=1954] BPF_MAP_UPDATE_ELEM prog_array name=sys_exit_submit map_fd=17 map_id=130 key=46 prog_fd=72 prog_id=18 flags=0 ret=0 errno=0
[48.786794 pid=1940 tid=1954] native-loader jit-info prog_array-target fd=72 id=18 type=17 name=sys_exit_submit tag=07fb247c2a62a43e jited_len=12117 xlated_len=20536 nr_jited_ksyms=1 ksym0=0xffffffffc0407298 ksym1=0x0
[48.786886 pid=1940 tid=1954] BPF_MAP_UPDATE_ELEM prog_array name=sys_exit_submit map_fd=17 map_id=130 key=47 prog_fd=72 prog_id=18 flags=0 ret=0 errno=0
[48.786972 pid=1940 tid=1954] native-loader jit-info prog_array-target fd=72 id=18 type=17 name=sys_exit_submit tag=07fb247c2a62a43e jited_len=12117 xlated_len=20536 nr_jited_ksyms=1 ksym0=0xffffffffc0407298 ksym1=0x0
[48.787065 pid=1940 tid=1954] BPF_MAP_UPDATE_ELEM prog_array name=sys_exit_submit map_fd=17 map_id=130 key=48 prog_fd=72 prog_id=18 flags=0 ret=0 errno=0
[48.787149 pid=1940 tid=1954] native-loader jit-info prog_array-target fd=72 id=18 type=17 name=sys_exit_submit tag=07fb247c2a62a43e jited_len=12117 xlated_len=20536 nr_jited_ksyms=1 ksym0=0xffffffffc0407298 ksym1=0x0
[48.787241 pid=1940 tid=1954] BPF_MAP_UPDATE_ELEM prog_array name=sys_exit_submit map_fd=17 map_id=130 key=49 prog_fd=72 prog_id=18 flags=0 ret=0 errno=0
[48.787325 pid=1940 tid=1954] native-loader jit-info prog_array-target fd=72 id=18 type=17 name=sys_exit_submit tag=07fb247c2a62a43e jited_len=12117 xlated_len=20536 nr_jited_ksyms=1 ksym0=0xffffffffc0407298 ksym1=0x0
[48.787417 pid=1940 tid=1954] BPF_MAP_UPDATE_ELEM prog_array name=sys_exit_submit map_fd=17 map_id=130 key=50 prog_fd=72 prog_id=18 flags=0 ret=0 errno=0
[48.787562 pid=1940 tid=1954] native-loader jit-info prog_array-target fd=72 id=18 type=17 name=sys_exit_submit tag=07fb247c2a62a43e jited_len=12117 xlated_len=20536 nr_jited_ksyms=1 ksym0=0xffffffffc0407298 ksym1=0x0
[48.787653 pid=1940 tid=1954] BPF_MAP_UPDATE_ELEM prog_array name=sys_exit_submit map_fd=17 map_id=130 key=51 prog_fd=72 prog_id=18 flags=0 ret=0 errno=0
[48.787736 pid=1940 tid=1954] native-loader jit-info prog_array-target fd=72 id=18 type=17 name=sys_exit_submit tag=07fb247c2a62a43e jited_len=12117 xlated_len=20536 nr_jited_ksyms=1 ksym0=0xffffffffc0407298 ksym1=0x0
[48.787828 pid=1940 tid=1954] BPF_MAP_UPDATE_ELEM prog_array name=sys_exit_submit map_fd=17 map_id=130 key=52 prog_fd=72 prog_id=18 flags=0 ret=0 errno=0
[48.787913 pid=1940 tid=1954] native-loader jit-info prog_array-target fd=72 id=18 type=17 name=sys_exit_submit tag=07fb247c2a62a43e jited_len=12117 xlated_len=20536 nr_jited_ksyms=1 ksym0=0xffffffffc0407298 ksym1=0x0
[48.788007 pid=1940 tid=1954] BPF_MAP_UPDATE_ELEM prog_array name=sys_exit_submit map_fd=17 map_id=130 key=53 prog_fd=72 prog_id=18 flags=0 ret=0 errno=0
[48.788173 pid=1940 tid=1954] native-loader jit-info prog_array-target fd=72 id=18 type=17 name=sys_exit_submit tag=07fb247c2a62a43e jited_len=12117 xlated_len=20536 nr_jited_ksyms=1 ksym0=0xffffffffc0407298 ksym1=0x0
[48.788267 pid=1940 tid=1954] BPF_MAP_UPDATE_ELEM prog_array name=sys_exit_submit map_fd=17 map_id=130 key=54 prog_fd=72 prog_id=18 flags=0 ret=0 errno=0
[48.788427 pid=1940 tid=1954] native-loader jit-info prog_array-target fd=72 id=18 type=17 name=sys_exit_submit tag=07fb247c2a62a43e jited_len=12117 xlated_len=20536 nr_jited_ksyms=1 ksym0=0xffffffffc0407298 ksym1=0x0
[48.788521 pid=1940 tid=1954] BPF_MAP_UPDATE_ELEM prog_array name=sys_exit_submit map_fd=17 map_id=130 key=55 prog_fd=72 prog_id=18 flags=0 ret=0 errno=0
[48.788605 pid=1940 tid=1954] native-loader jit-info prog_array-target fd=72 id=18 type=17 name=sys_exit_submit tag=07fb247c2a62a43e jited_len=12117 xlated_len=20536 nr_jited_ksyms=1 ksym0=0xffffffffc0407298 ksym1=0x0
[48.788695 pid=1940 tid=1954] BPF_MAP_UPDATE_ELEM prog_array name=sys_exit_submit map_fd=17 map_id=130 key=56 prog_fd=72 prog_id=18 flags=0 ret=0 errno=0
[48.788779 pid=1940 tid=1954] native-loader jit-info prog_array-target fd=72 id=18 type=17 name=sys_exit_submit tag=07fb247c2a62a43e jited_len=12117 xlated_len=20536 nr_jited_ksyms=1 ksym0=0xffffffffc0407298 ksym1=0x0
[48.788871 pid=1940 tid=1954] BPF_MAP_UPDATE_ELEM prog_array name=sys_exit_submit map_fd=17 map_id=130 key=57 prog_fd=72 prog_id=18 flags=0 ret=0 errno=0
[48.788957 pid=1940 tid=1954] native-loader jit-info prog_array-target fd=72 id=18 type=17 name=sys_exit_submit tag=07fb247c2a62a43e jited_len=12117 xlated_len=20536 nr_jited_ksyms=1 ksym0=0xffffffffc0407298 ksym1=0x0
[48.789049 pid=1940 tid=1954] BPF_MAP_UPDATE_ELEM prog_array name=sys_exit_submit map_fd=17 map_id=130 key=58 prog_fd=72 prog_id=18 flags=0 ret=0 errno=0
[48.789133 pid=1940 tid=1954] native-loader jit-info prog_array-target fd=72 id=18 type=17 name=sys_exit_submit tag=07fb247c2a62a43e jited_len=12117 xlated_len=20536 nr_jited_ksyms=1 ksym0=0xffffffffc0407298 ksym1=0x0
[48.789226 pid=1940 tid=1954] BPF_MAP_UPDATE_ELEM prog_array name=sys_exit_submit map_fd=17 map_id=130 key=59 prog_fd=72 prog_id=18 flags=0 ret=0 errno=0
[48.789310 pid=1940 tid=1954] native-loader jit-info prog_array-target fd=72 id=18 type=17 name=sys_exit_submit tag=07fb247c2a62a43e jited_len=12117 xlated_len=20536 nr_jited_ksyms=1 ksym0=0xffffffffc0407298 ksym1=0x0
[48.789401 pid=1940 tid=1954] BPF_MAP_UPDATE_ELEM prog_array name=sys_exit_submit map_fd=17 map_id=130 key=60 prog_fd=72 prog_id=18 flags=0 ret=0 errno=0
[48.789535 pid=1940 tid=1954] native-loader jit-info prog_array-target fd=72 id=18 type=17 name=sys_exit_submit tag=07fb247c2a62a43e jited_len=12117 xlated_len=20536 nr_jited_ksyms=1 ksym0=0xffffffffc0407298 ksym1=0x0
[48.789703 pid=1940 tid=1954] BPF_MAP_UPDATE_ELEM prog_array name=sys_exit_submit map_fd=17 map_id=130 key=61 prog_fd=72 prog_id=18 flags=0 ret=0 errno=0
[48.789787 pid=1940 tid=1954] native-loader jit-info prog_array-target fd=72 id=18 type=17 name=sys_exit_submit tag=07fb247c2a62a43e jited_len=12117 xlated_len=20536 nr_jited_ksyms=1 ksym0=0xffffffffc0407298 ksym1=0x0
[48.789879 pid=1940 tid=1954] BPF_MAP_UPDATE_ELEM prog_array name=sys_exit_submit map_fd=17 map_id=130 key=62 prog_fd=72 prog_id=18 flags=0 ret=0 errno=0
[48.789964 pid=1940 tid=1954] native-loader jit-info prog_array-target fd=72 id=18 type=17 name=sys_exit_submit tag=07fb247c2a62a43e jited_len=12117 xlated_len=20536 nr_jited_ksyms=1 ksym0=0xffffffffc0407298 ksym1=0x0
[48.790058 pid=1940 tid=1954] BPF_MAP_UPDATE_ELEM prog_array name=sys_exit_submit map_fd=17 map_id=130 key=63 prog_fd=72 prog_id=18 flags=0 ret=0 errno=0
[48.790141 pid=1940 tid=1954] native-loader jit-info prog_array-target fd=72 id=18 type=17 name=sys_exit_submit tag=07fb247c2a62a43e jited_len=12117 xlated_len=20536 nr_jited_ksyms=1 ksym0=0xffffffffc0407298 ksym1=0x0
[48.790233 pid=1940 tid=1954] BPF_MAP_UPDATE_ELEM prog_array name=sys_exit_submit map_fd=17 map_id=130 key=64 prog_fd=72 prog_id=18 flags=0 ret=0 errno=0
[48.790316 pid=1940 tid=1954] native-loader jit-info prog_array-target fd=72 id=18 type=17 name=sys_exit_submit tag=07fb247c2a62a43e jited_len=12117 xlated_len=20536 nr_jited_ksyms=1 ksym0=0xffffffffc0407298 ksym1=0x0
[48.790409 pid=1940 tid=1954] BPF_MAP_UPDATE_ELEM prog_array name=sys_exit_submit map_fd=17 map_id=130 key=65 prog_fd=72 prog_id=18 flags=0 ret=0 errno=0
[48.790493 pid=1940 tid=1954] native-loader jit-info prog_array-target fd=72 id=18 type=17 name=sys_exit_submit tag=07fb247c2a62a43e jited_len=12117 xlated_len=20536 nr_jited_ksyms=1 ksym0=0xffffffffc0407298 ksym1=0x0
[48.790586 pid=1940 tid=1954] BPF_MAP_UPDATE_ELEM prog_array name=sys_exit_submit map_fd=17 map_id=130 key=66 prog_fd=72 prog_id=18 flags=0 ret=0 errno=0
[48.790670 pid=1940 tid=1954] native-loader jit-info prog_array-target fd=72 id=18 type=17 name=sys_exit_submit tag=07fb247c2a62a43e jited_len=12117 xlated_len=20536 nr_jited_ksyms=1 ksym0=0xffffffffc0407298 ksym1=0x0
[48.790761 pid=1940 tid=1954] BPF_MAP_UPDATE_ELEM prog_array name=sys_exit_submit map_fd=17 map_id=130 key=67 prog_fd=72 prog_id=18 flags=0 ret=0 errno=0
[48.790844 pid=1940 tid=1954] native-loader jit-info prog_array-target fd=72 id=18 type=17 name=sys_exit_submit tag=07fb247c2a62a43e jited_len=12117 xlated_len=20536 nr_jited_ksyms=1 ksym0=0xffffffffc0407298 ksym1=0x0
[48.790938 pid=1940 tid=1954] BPF_MAP_UPDATE_ELEM prog_array name=sys_exit_submit map_fd=17 map_id=130 key=68 prog_fd=72 prog_id=18 flags=0 ret=0 errno=0
[48.791127 pid=1940 tid=1954] native-loader jit-info prog_array-target fd=72 id=18 type=17 name=sys_exit_submit tag=07fb247c2a62a43e jited_len=12117 xlated_len=20536 nr_jited_ksyms=1 ksym0=0xffffffffc0407298 ksym1=0x0
[48.791232 pid=1940 tid=1954] BPF_MAP_UPDATE_ELEM prog_array name=sys_exit_submit map_fd=17 map_id=130 key=69 prog_fd=72 prog_id=18 flags=0 ret=0 errno=0
[48.791328 pid=1940 tid=1954] native-loader jit-info prog_array-target fd=72 id=18 type=17 name=sys_exit_submit tag=07fb247c2a62a43e jited_len=12117 xlated_len=20536 nr_jited_ksyms=1 ksym0=0xffffffffc0407298 ksym1=0x0
[48.791433 pid=1940 tid=1954] BPF_MAP_UPDATE_ELEM prog_array name=sys_exit_submit map_fd=17 map_id=130 key=70 prog_fd=72 prog_id=18 flags=0 ret=0 errno=0
[48.791523 pid=1940 tid=1954] native-loader jit-info prog_array-target fd=72 id=18 type=17 name=sys_exit_submit tag=07fb247c2a62a43e jited_len=12117 xlated_len=20536 nr_jited_ksyms=1 ksym0=0xffffffffc0407298 ksym1=0x0
[48.791619 pid=1940 tid=1954] BPF_MAP_UPDATE_ELEM prog_array name=sys_exit_submit map_fd=17 map_id=130 key=71 prog_fd=72 prog_id=18 flags=0 ret=0 errno=0
[48.791703 pid=1940 tid=1954] native-loader jit-info prog_array-target fd=72 id=18 type=17 name=sys_exit_submit tag=07fb247c2a62a43e jited_len=12117 xlated_len=20536 nr_jited_ksyms=1 ksym0=0xffffffffc0407298 ksym1=0x0
[48.791796 pid=1940 tid=1954] BPF_MAP_UPDATE_ELEM prog_array name=sys_exit_submit map_fd=17 map_id=130 key=72 prog_fd=72 prog_id=18 flags=0 ret=0 errno=0
[48.791880 pid=1940 tid=1954] native-loader jit-info prog_array-target fd=72 id=18 type=17 name=sys_exit_submit tag=07fb247c2a62a43e jited_len=12117 xlated_len=20536 nr_jited_ksyms=1 ksym0=0xffffffffc0407298 ksym1=0x0
[48.791973 pid=1940 tid=1954] BPF_MAP_UPDATE_ELEM prog_array name=sys_exit_submit map_fd=17 map_id=130 key=73 prog_fd=72 prog_id=18 flags=0 ret=0 errno=0
[48.792056 pid=1940 tid=1954] native-loader jit-info prog_array-target fd=72 id=18 type=17 name=sys_exit_submit tag=07fb247c2a62a43e jited_len=12117 xlated_len=20536 nr_jited_ksyms=1 ksym0=0xffffffffc0407298 ksym1=0x0
[48.792148 pid=1940 tid=1954] BPF_MAP_UPDATE_ELEM prog_array name=sys_exit_submit map_fd=17 map_id=130 key=74 prog_fd=72 prog_id=18 flags=0 ret=0 errno=0
[48.792231 pid=1940 tid=1954] native-loader jit-info prog_array-target fd=72 id=18 type=17 name=sys_exit_submit tag=07fb247c2a62a43e jited_len=12117 xlated_len=20536 nr_jited_ksyms=1 ksym0=0xffffffffc0407298 ksym1=0x0
[48.792324 pid=1940 tid=1954] BPF_MAP_UPDATE_ELEM prog_array name=sys_exit_submit map_fd=17 map_id=130 key=75 prog_fd=72 prog_id=18 flags=0 ret=0 errno=0
[48.792408 pid=1940 tid=1954] native-loader jit-info prog_array-target fd=72 id=18 type=17 name=sys_exit_submit tag=07fb247c2a62a43e jited_len=12117 xlated_len=20536 nr_jited_ksyms=1 ksym0=0xffffffffc0407298 ksym1=0x0
[48.792502 pid=1940 tid=1954] BPF_MAP_UPDATE_ELEM prog_array name=sys_exit_submit map_fd=17 map_id=130 key=76 prog_fd=72 prog_id=18 flags=0 ret=0 errno=0
[48.792585 pid=1940 tid=1954] native-loader jit-info prog_array-target fd=72 id=18 type=17 name=sys_exit_submit tag=07fb247c2a62a43e jited_len=12117 xlated_len=20536 nr_jited_ksyms=1 ksym0=0xffffffffc0407298 ksym1=0x0
[48.792677 pid=1940 tid=1954] BPF_MAP_UPDATE_ELEM prog_array name=sys_exit_submit map_fd=17 map_id=130 key=77 prog_fd=72 prog_id=18 flags=0 ret=0 errno=0
[48.792760 pid=1940 tid=1954] native-loader jit-info prog_array-target fd=72 id=18 type=17 name=sys_exit_submit tag=07fb247c2a62a43e jited_len=12117 xlated_len=20536 nr_jited_ksyms=1 ksym0=0xffffffffc0407298 ksym1=0x0
[48.792852 pid=1940 tid=1954] BPF_MAP_UPDATE_ELEM prog_array name=sys_exit_submit map_fd=17 map_id=130 key=78 prog_fd=72 prog_id=18 flags=0 ret=0 errno=0
[48.792939 pid=1940 tid=1954] native-loader jit-info prog_array-target fd=72 id=18 type=17 name=sys_exit_submit tag=07fb247c2a62a43e jited_len=12117 xlated_len=20536 nr_jited_ksyms=1 ksym0=0xffffffffc0407298 ksym1=0x0
[48.793031 pid=1940 tid=1954] BPF_MAP_UPDATE_ELEM prog_array name=sys_exit_submit map_fd=17 map_id=130 key=79 prog_fd=72 prog_id=18 flags=0 ret=0 errno=0
[48.793115 pid=1940 tid=1954] native-loader jit-info prog_array-target fd=72 id=18 type=17 name=sys_exit_submit tag=07fb247c2a62a43e jited_len=12117 xlated_len=20536 nr_jited_ksyms=1 ksym0=0xffffffffc0407298 ksym1=0x0
[48.793208 pid=1940 tid=1954] BPF_MAP_UPDATE_ELEM prog_array name=sys_exit_submit map_fd=17 map_id=130 key=80 prog_fd=72 prog_id=18 flags=0 ret=0 errno=0
[48.793292 pid=1940 tid=1954] native-loader jit-info prog_array-target fd=72 id=18 type=17 name=sys_exit_submit tag=07fb247c2a62a43e jited_len=12117 xlated_len=20536 nr_jited_ksyms=1 ksym0=0xffffffffc0407298 ksym1=0x0
[48.793385 pid=1940 tid=1954] BPF_MAP_UPDATE_ELEM prog_array name=sys_exit_submit map_fd=17 map_id=130 key=81 prog_fd=72 prog_id=18 flags=0 ret=0 errno=0
[48.793469 pid=1940 tid=1954] native-loader jit-info prog_array-target fd=72 id=18 type=17 name=sys_exit_submit tag=07fb247c2a62a43e jited_len=12117 xlated_len=20536 nr_jited_ksyms=1 ksym0=0xffffffffc0407298 ksym1=0x0
[48.793561 pid=1940 tid=1954] BPF_MAP_UPDATE_ELEM prog_array name=sys_exit_submit map_fd=17 map_id=130 key=82 prog_fd=72 prog_id=18 flags=0 ret=0 errno=0
[48.793721 pid=1940 tid=1954] native-loader jit-info prog_array-target fd=72 id=18 type=17 name=sys_exit_submit tag=07fb247c2a62a43e jited_len=12117 xlated_len=20536 nr_jited_ksyms=1 ksym0=0xffffffffc0407298 ksym1=0x0
[48.793815 pid=1940 tid=1954] BPF_MAP_UPDATE_ELEM prog_array name=sys_exit_submit map_fd=17 map_id=130 key=83 prog_fd=72 prog_id=18 flags=0 ret=0 errno=0
[48.793965 pid=1940 tid=1954] native-loader jit-info prog_array-target fd=72 id=18 type=17 name=sys_exit_submit tag=07fb247c2a62a43e jited_len=12117 xlated_len=20536 nr_jited_ksyms=1 ksym0=0xffffffffc0407298 ksym1=0x0
[48.794058 pid=1940 tid=1954] BPF_MAP_UPDATE_ELEM prog_array name=sys_exit_submit map_fd=17 map_id=130 key=84 prog_fd=72 prog_id=18 flags=0 ret=0 errno=0
[48.794142 pid=1940 tid=1954] native-loader jit-info prog_array-target fd=72 id=18 type=17 name=sys_exit_submit tag=07fb247c2a62a43e jited_len=12117 xlated_len=20536 nr_jited_ksyms=1 ksym0=0xffffffffc0407298 ksym1=0x0
[48.794234 pid=1940 tid=1954] BPF_MAP_UPDATE_ELEM prog_array name=sys_exit_submit map_fd=17 map_id=130 key=85 prog_fd=72 prog_id=18 flags=0 ret=0 errno=0
[48.794318 pid=1940 tid=1954] native-loader jit-info prog_array-target fd=72 id=18 type=17 name=sys_exit_submit tag=07fb247c2a62a43e jited_len=12117 xlated_len=20536 nr_jited_ksyms=1 ksym0=0xffffffffc0407298 ksym1=0x0
[48.794410 pid=1940 tid=1954] BPF_MAP_UPDATE_ELEM prog_array name=sys_exit_submit map_fd=17 map_id=130 key=86 prog_fd=72 prog_id=18 flags=0 ret=0 errno=0
[48.794493 pid=1940 tid=1954] native-loader jit-info prog_array-target fd=72 id=18 type=17 name=sys_exit_submit tag=07fb247c2a62a43e jited_len=12117 xlated_len=20536 nr_jited_ksyms=1 ksym0=0xffffffffc0407298 ksym1=0x0
[48.794585 pid=1940 tid=1954] BPF_MAP_UPDATE_ELEM prog_array name=sys_exit_submit map_fd=17 map_id=130 key=87 prog_fd=72 prog_id=18 flags=0 ret=0 errno=0
[48.794668 pid=1940 tid=1954] native-loader jit-info prog_array-target fd=72 id=18 type=17 name=sys_exit_submit tag=07fb247c2a62a43e jited_len=12117 xlated_len=20536 nr_jited_ksyms=1 ksym0=0xffffffffc0407298 ksym1=0x0
[48.794761 pid=1940 tid=1954] BPF_MAP_UPDATE_ELEM prog_array name=sys_exit_submit map_fd=17 map_id=130 key=88 prog_fd=72 prog_id=18 flags=0 ret=0 errno=0
[48.794844 pid=1940 tid=1954] native-loader jit-info prog_array-target fd=72 id=18 type=17 name=sys_exit_submit tag=07fb247c2a62a43e jited_len=12117 xlated_len=20536 nr_jited_ksyms=1 ksym0=0xffffffffc0407298 ksym1=0x0
[48.794940 pid=1940 tid=1954] BPF_MAP_UPDATE_ELEM prog_array name=sys_exit_submit map_fd=17 map_id=130 key=89 prog_fd=72 prog_id=18 flags=0 ret=0 errno=0
[48.795023 pid=1940 tid=1954] native-loader jit-info prog_array-target fd=72 id=18 type=17 name=sys_exit_submit tag=07fb247c2a62a43e jited_len=12117 xlated_len=20536 nr_jited_ksyms=1 ksym0=0xffffffffc0407298 ksym1=0x0
[48.795215 pid=1940 tid=1954] BPF_MAP_UPDATE_ELEM prog_array name=sys_exit_submit map_fd=17 map_id=130 key=90 prog_fd=72 prog_id=18 flags=0 ret=0 errno=0
[48.795298 pid=1940 tid=1954] native-loader jit-info prog_array-target fd=72 id=18 type=17 name=sys_exit_submit tag=07fb247c2a62a43e jited_len=12117 xlated_len=20536 nr_jited_ksyms=1 ksym0=0xffffffffc0407298 ksym1=0x0
[48.795390 pid=1940 tid=1954] BPF_MAP_UPDATE_ELEM prog_array name=sys_exit_submit map_fd=17 map_id=130 key=91 prog_fd=72 prog_id=18 flags=0 ret=0 errno=0
[48.795474 pid=1940 tid=1954] native-loader jit-info prog_array-target fd=72 id=18 type=17 name=sys_exit_submit tag=07fb247c2a62a43e jited_len=12117 xlated_len=20536 nr_jited_ksyms=1 ksym0=0xffffffffc0407298 ksym1=0x0
[48.795567 pid=1940 tid=1954] BPF_MAP_UPDATE_ELEM prog_array name=sys_exit_submit map_fd=17 map_id=130 key=92 prog_fd=72 prog_id=18 flags=0 ret=0 errno=0
[48.795650 pid=1940 tid=1954] native-loader jit-info prog_array-target fd=72 id=18 type=17 name=sys_exit_submit tag=07fb247c2a62a43e jited_len=12117 xlated_len=20536 nr_jited_ksyms=1 ksym0=0xffffffffc0407298 ksym1=0x0
[48.795742 pid=1940 tid=1954] BPF_MAP_UPDATE_ELEM prog_array name=sys_exit_submit map_fd=17 map_id=130 key=93 prog_fd=72 prog_id=18 flags=0 ret=0 errno=0
[48.795825 pid=1940 tid=1954] native-loader jit-info prog_array-target fd=72 id=18 type=17 name=sys_exit_submit tag=07fb247c2a62a43e jited_len=12117 xlated_len=20536 nr_jited_ksyms=1 ksym0=0xffffffffc0407298 ksym1=0x0
[48.795917 pid=1940 tid=1954] BPF_MAP_UPDATE_ELEM prog_array name=sys_exit_submit map_fd=17 map_id=130 key=94 prog_fd=72 prog_id=18 flags=0 ret=0 errno=0
[48.796003 pid=1940 tid=1954] native-loader jit-info prog_array-target fd=72 id=18 type=17 name=sys_exit_submit tag=07fb247c2a62a43e jited_len=12117 xlated_len=20536 nr_jited_ksyms=1 ksym0=0xffffffffc0407298 ksym1=0x0
[48.796095 pid=1940 tid=1954] BPF_MAP_UPDATE_ELEM prog_array name=sys_exit_submit map_fd=17 map_id=130 key=95 prog_fd=72 prog_id=18 flags=0 ret=0 errno=0
[48.796178 pid=1940 tid=1954] native-loader jit-info prog_array-target fd=72 id=18 type=17 name=sys_exit_submit tag=07fb247c2a62a43e jited_len=12117 xlated_len=20536 nr_jited_ksyms=1 ksym0=0xffffffffc0407298 ksym1=0x0
[48.796271 pid=1940 tid=1954] BPF_MAP_UPDATE_ELEM prog_array name=sys_exit_submit map_fd=17 map_id=130 key=96 prog_fd=72 prog_id=18 flags=0 ret=0 errno=0
[48.796354 pid=1940 tid=1954] native-loader jit-info prog_array-target fd=72 id=18 type=17 name=sys_exit_submit tag=07fb247c2a62a43e jited_len=12117 xlated_len=20536 nr_jited_ksyms=1 ksym0=0xffffffffc0407298 ksym1=0x0
[48.796447 pid=1940 tid=1954] BPF_MAP_UPDATE_ELEM prog_array name=sys_exit_submit map_fd=17 map_id=130 key=97 prog_fd=72 prog_id=18 flags=0 ret=0 errno=0
[48.796786 pid=1940 tid=1954] native-loader jit-info prog_array-target fd=72 id=18 type=17 name=sys_exit_submit tag=07fb247c2a62a43e jited_len=12117 xlated_len=20536 nr_jited_ksyms=1 ksym0=0xffffffffc0407298 ksym1=0x0
[48.796892 pid=1940 tid=1954] BPF_MAP_UPDATE_ELEM prog_array name=sys_exit_submit map_fd=17 map_id=130 key=98 prog_fd=72 prog_id=18 flags=0 ret=0 errno=0
[48.796982 pid=1940 tid=1954] native-loader jit-info prog_array-target fd=72 id=18 type=17 name=sys_exit_submit tag=07fb247c2a62a43e jited_len=12117 xlated_len=20536 nr_jited_ksyms=1 ksym0=0xffffffffc0407298 ksym1=0x0
[48.797075 pid=1940 tid=1954] BPF_MAP_UPDATE_ELEM prog_array name=sys_exit_submit map_fd=17 map_id=130 key=99 prog_fd=72 prog_id=18 flags=0 ret=0 errno=0
[48.797158 pid=1940 tid=1954] native-loader jit-info prog_array-target fd=72 id=18 type=17 name=sys_exit_submit tag=07fb247c2a62a43e jited_len=12117 xlated_len=20536 nr_jited_ksyms=1 ksym0=0xffffffffc0407298 ksym1=0x0
[48.797252 pid=1940 tid=1954] BPF_MAP_UPDATE_ELEM prog_array name=sys_exit_submit map_fd=17 map_id=130 key=100 prog_fd=72 prog_id=18 flags=0 ret=0 errno=0
[48.797337 pid=1940 tid=1954] native-loader jit-info prog_array-target fd=72 id=18 type=17 name=sys_exit_submit tag=07fb247c2a62a43e jited_len=12117 xlated_len=20536 nr_jited_ksyms=1 ksym0=0xffffffffc0407298 ksym1=0x0
[48.797432 pid=1940 tid=1954] BPF_MAP_UPDATE_ELEM prog_array name=sys_exit_submit map_fd=17 map_id=130 key=102 prog_fd=72 prog_id=18 flags=0 ret=0 errno=0
[48.797516 pid=1940 tid=1954] native-loader jit-info prog_array-target fd=72 id=18 type=17 name=sys_exit_submit tag=07fb247c2a62a43e jited_len=12117 xlated_len=20536 nr_jited_ksyms=1 ksym0=0xffffffffc0407298 ksym1=0x0
[48.797608 pid=1940 tid=1954] BPF_MAP_UPDATE_ELEM prog_array name=sys_exit_submit map_fd=17 map_id=130 key=103 prog_fd=72 prog_id=18 flags=0 ret=0 errno=0
[48.797692 pid=1940 tid=1954] native-loader jit-info prog_array-target fd=72 id=18 type=17 name=sys_exit_submit tag=07fb247c2a62a43e jited_len=12117 xlated_len=20536 nr_jited_ksyms=1 ksym0=0xffffffffc0407298 ksym1=0x0
[48.797784 pid=1940 tid=1954] BPF_MAP_UPDATE_ELEM prog_array name=sys_exit_submit map_fd=17 map_id=130 key=104 prog_fd=72 prog_id=18 flags=0 ret=0 errno=0
[48.797867 pid=1940 tid=1954] native-loader jit-info prog_array-target fd=72 id=18 type=17 name=sys_exit_submit tag=07fb247c2a62a43e jited_len=12117 xlated_len=20536 nr_jited_ksyms=1 ksym0=0xffffffffc0407298 ksym1=0x0
[48.797962 pid=1940 tid=1954] BPF_MAP_UPDATE_ELEM prog_array name=sys_exit_submit map_fd=17 map_id=130 key=105 prog_fd=72 prog_id=18 flags=0 ret=0 errno=0
[48.798045 pid=1940 tid=1954] native-loader jit-info prog_array-target fd=72 id=18 type=17 name=sys_exit_submit tag=07fb247c2a62a43e jited_len=12117 xlated_len=20536 nr_jited_ksyms=1 ksym0=0xffffffffc0407298 ksym1=0x0
[48.798139 pid=1940 tid=1954] BPF_MAP_UPDATE_ELEM prog_array name=sys_exit_submit map_fd=17 map_id=130 key=106 prog_fd=72 prog_id=18 flags=0 ret=0 errno=0
[48.798222 pid=1940 tid=1954] native-loader jit-info prog_array-target fd=72 id=18 type=17 name=sys_exit_submit tag=07fb247c2a62a43e jited_len=12117 xlated_len=20536 nr_jited_ksyms=1 ksym0=0xffffffffc0407298 ksym1=0x0
[48.798316 pid=1940 tid=1954] BPF_MAP_UPDATE_ELEM prog_array name=sys_exit_submit map_fd=17 map_id=130 key=107 prog_fd=72 prog_id=18 flags=0 ret=0 errno=0
[48.798400 pid=1940 tid=1954] native-loader jit-info prog_array-target fd=72 id=18 type=17 name=sys_exit_submit tag=07fb247c2a62a43e jited_len=12117 xlated_len=20536 nr_jited_ksyms=1 ksym0=0xffffffffc0407298 ksym1=0x0
[48.798494 pid=1940 tid=1954] BPF_MAP_UPDATE_ELEM prog_array name=sys_exit_submit map_fd=17 map_id=130 key=108 prog_fd=72 prog_id=18 flags=0 ret=0 errno=0
[48.798578 pid=1940 tid=1954] native-loader jit-info prog_array-target fd=72 id=18 type=17 name=sys_exit_submit tag=07fb247c2a62a43e jited_len=12117 xlated_len=20536 nr_jited_ksyms=1 ksym0=0xffffffffc0407298 ksym1=0x0
[48.798671 pid=1940 tid=1954] BPF_MAP_UPDATE_ELEM prog_array name=sys_exit_submit map_fd=17 map_id=130 key=109 prog_fd=72 prog_id=18 flags=0 ret=0 errno=0
[48.798755 pid=1940 tid=1954] native-loader jit-info prog_array-target fd=72 id=18 type=17 name=sys_exit_submit tag=07fb247c2a62a43e jited_len=12117 xlated_len=20536 nr_jited_ksyms=1 ksym0=0xffffffffc0407298 ksym1=0x0
[48.798848 pid=1940 tid=1954] BPF_MAP_UPDATE_ELEM prog_array name=sys_exit_submit map_fd=17 map_id=130 key=110 prog_fd=72 prog_id=18 flags=0 ret=0 errno=0
[48.798933 pid=1940 tid=1954] native-loader jit-info prog_array-target fd=72 id=18 type=17 name=sys_exit_submit tag=07fb247c2a62a43e jited_len=12117 xlated_len=20536 nr_jited_ksyms=1 ksym0=0xffffffffc0407298 ksym1=0x0
[48.799025 pid=1940 tid=1954] BPF_MAP_UPDATE_ELEM prog_array name=sys_exit_submit map_fd=17 map_id=130 key=111 prog_fd=72 prog_id=18 flags=0 ret=0 errno=0
[48.799108 pid=1940 tid=1954] native-loader jit-info prog_array-target fd=72 id=18 type=17 name=sys_exit_submit tag=07fb247c2a62a43e jited_len=12117 xlated_len=20536 nr_jited_ksyms=1 ksym0=0xffffffffc0407298 ksym1=0x0
[48.799201 pid=1940 tid=1954] BPF_MAP_UPDATE_ELEM prog_array name=sys_exit_submit map_fd=17 map_id=130 key=112 prog_fd=72 prog_id=18 flags=0 ret=0 errno=0
[48.799472 pid=1940 tid=1954] native-loader jit-info prog_array-target fd=72 id=18 type=17 name=sys_exit_submit tag=07fb247c2a62a43e jited_len=12117 xlated_len=20536 nr_jited_ksyms=1 ksym0=0xffffffffc0407298 ksym1=0x0
[48.799595 pid=1940 tid=1954] BPF_MAP_UPDATE_ELEM prog_array name=sys_exit_submit map_fd=17 map_id=130 key=113 prog_fd=72 prog_id=18 flags=0 ret=0 errno=0
[48.799918 pid=1940 tid=1954] native-loader jit-info prog_array-target fd=72 id=18 type=17 name=sys_exit_submit tag=07fb247c2a62a43e jited_len=12117 xlated_len=20536 nr_jited_ksyms=1 ksym0=0xffffffffc0407298 ksym1=0x0
[48.800045 pid=1940 tid=1954] BPF_MAP_UPDATE_ELEM prog_array name=sys_exit_submit map_fd=17 map_id=130 key=114 prog_fd=72 prog_id=18 flags=0 ret=0 errno=0
[48.800131 pid=1940 tid=1954] native-loader jit-info prog_array-target fd=72 id=18 type=17 name=sys_exit_submit tag=07fb247c2a62a43e jited_len=12117 xlated_len=20536 nr_jited_ksyms=1 ksym0=0xffffffffc0407298 ksym1=0x0
[48.800224 pid=1940 tid=1954] BPF_MAP_UPDATE_ELEM prog_array name=sys_exit_submit map_fd=17 map_id=130 key=115 prog_fd=72 prog_id=18 flags=0 ret=0 errno=0
[48.800308 pid=1940 tid=1954] native-loader jit-info prog_array-target fd=72 id=18 type=17 name=sys_exit_submit tag=07fb247c2a62a43e jited_len=12117 xlated_len=20536 nr_jited_ksyms=1 ksym0=0xffffffffc0407298 ksym1=0x0
[48.800403 pid=1940 tid=1954] BPF_MAP_UPDATE_ELEM prog_array name=sys_exit_submit map_fd=17 map_id=130 key=116 prog_fd=72 prog_id=18 flags=0 ret=0 errno=0
[48.800487 pid=1940 tid=1954] native-loader jit-info prog_array-target fd=72 id=18 type=17 name=sys_exit_submit tag=07fb247c2a62a43e jited_len=12117 xlated_len=20536 nr_jited_ksyms=1 ksym0=0xffffffffc0407298 ksym1=0x0
[48.800579 pid=1940 tid=1954] BPF_MAP_UPDATE_ELEM prog_array name=sys_exit_submit map_fd=17 map_id=130 key=117 prog_fd=72 prog_id=18 flags=0 ret=0 errno=0
[48.800663 pid=1940 tid=1954] native-loader jit-info prog_array-target fd=72 id=18 type=17 name=sys_exit_submit tag=07fb247c2a62a43e jited_len=12117 xlated_len=20536 nr_jited_ksyms=1 ksym0=0xffffffffc0407298 ksym1=0x0
[48.800756 pid=1940 tid=1954] BPF_MAP_UPDATE_ELEM prog_array name=sys_exit_submit map_fd=17 map_id=130 key=118 prog_fd=72 prog_id=18 flags=0 ret=0 errno=0
[48.800839 pid=1940 tid=1954] native-loader jit-info prog_array-target fd=72 id=18 type=17 name=sys_exit_submit tag=07fb247c2a62a43e jited_len=12117 xlated_len=20536 nr_jited_ksyms=1 ksym0=0xffffffffc0407298 ksym1=0x0
[48.800934 pid=1940 tid=1954] BPF_MAP_UPDATE_ELEM prog_array name=sys_exit_submit map_fd=17 map_id=130 key=119 prog_fd=72 prog_id=18 flags=0 ret=0 errno=0
[48.801017 pid=1940 tid=1954] native-loader jit-info prog_array-target fd=72 id=18 type=17 name=sys_exit_submit tag=07fb247c2a62a43e jited_len=12117 xlated_len=20536 nr_jited_ksyms=1 ksym0=0xffffffffc0407298 ksym1=0x0
[48.801449 pid=1940 tid=1954] BPF_MAP_UPDATE_ELEM prog_array name=sys_exit_submit map_fd=17 map_id=130 key=120 prog_fd=72 prog_id=18 flags=0 ret=0 errno=0
[48.801795 pid=1940 tid=1954] native-loader jit-info prog_array-target fd=72 id=18 type=17 name=sys_exit_submit tag=07fb247c2a62a43e jited_len=12117 xlated_len=20536 nr_jited_ksyms=1 ksym0=0xffffffffc0407298 ksym1=0x0
[48.801913 pid=1940 tid=1954] BPF_MAP_UPDATE_ELEM prog_array name=sys_exit_submit map_fd=17 map_id=130 key=121 prog_fd=72 prog_id=18 flags=0 ret=0 errno=0
[48.802011 pid=1940 tid=1954] native-loader jit-info prog_array-target fd=72 id=18 type=17 name=sys_exit_submit tag=07fb247c2a62a43e jited_len=12117 xlated_len=20536 nr_jited_ksyms=1 ksym0=0xffffffffc0407298 ksym1=0x0
[48.802101 pid=1940 tid=1954] BPF_MAP_UPDATE_ELEM prog_array name=sys_exit_submit map_fd=17 map_id=130 key=122 prog_fd=72 prog_id=18 flags=0 ret=0 errno=0
[48.802184 pid=1940 tid=1954] native-loader jit-info prog_array-target fd=72 id=18 type=17 name=sys_exit_submit tag=07fb247c2a62a43e jited_len=12117 xlated_len=20536 nr_jited_ksyms=1 ksym0=0xffffffffc0407298 ksym1=0x0
[48.802277 pid=1940 tid=1954] BPF_MAP_UPDATE_ELEM prog_array name=sys_exit_submit map_fd=17 map_id=130 key=123 prog_fd=72 prog_id=18 flags=0 ret=0 errno=0
[48.802360 pid=1940 tid=1954] native-loader jit-info prog_array-target fd=72 id=18 type=17 name=sys_exit_submit tag=07fb247c2a62a43e jited_len=12117 xlated_len=20536 nr_jited_ksyms=1 ksym0=0xffffffffc0407298 ksym1=0x0
[48.802453 pid=1940 tid=1954] BPF_MAP_UPDATE_ELEM prog_array name=sys_exit_submit map_fd=17 map_id=130 key=124 prog_fd=72 prog_id=18 flags=0 ret=0 errno=0
[48.802537 pid=1940 tid=1954] native-loader jit-info prog_array-target fd=72 id=18 type=17 name=sys_exit_submit tag=07fb247c2a62a43e jited_len=12117 xlated_len=20536 nr_jited_ksyms=1 ksym0=0xffffffffc0407298 ksym1=0x0
[48.802629 pid=1940 tid=1954] BPF_MAP_UPDATE_ELEM prog_array name=sys_exit_submit map_fd=17 map_id=130 key=125 prog_fd=72 prog_id=18 flags=0 ret=0 errno=0
[48.802712 pid=1940 tid=1954] native-loader jit-info prog_array-target fd=72 id=18 type=17 name=sys_exit_submit tag=07fb247c2a62a43e jited_len=12117 xlated_len=20536 nr_jited_ksyms=1 ksym0=0xffffffffc0407298 ksym1=0x0
[48.802805 pid=1940 tid=1954] BPF_MAP_UPDATE_ELEM prog_array name=sys_exit_submit map_fd=17 map_id=130 key=126 prog_fd=72 prog_id=18 flags=0 ret=0 errno=0
[48.802888 pid=1940 tid=1954] native-loader jit-info prog_array-target fd=72 id=18 type=17 name=sys_exit_submit tag=07fb247c2a62a43e jited_len=12117 xlated_len=20536 nr_jited_ksyms=1 ksym0=0xffffffffc0407298 ksym1=0x0
[48.802982 pid=1940 tid=1954] BPF_MAP_UPDATE_ELEM prog_array name=sys_exit_submit map_fd=17 map_id=130 key=127 prog_fd=72 prog_id=18 flags=0 ret=0 errno=0
[48.803142 pid=1940 tid=1954] native-loader jit-info prog_array-target fd=72 id=18 type=17 name=sys_exit_submit tag=07fb247c2a62a43e jited_len=12117 xlated_len=20536 nr_jited_ksyms=1 ksym0=0xffffffffc0407298 ksym1=0x0
[48.803232 pid=1940 tid=1954] BPF_MAP_UPDATE_ELEM prog_array name=sys_exit_submit map_fd=17 map_id=130 key=128 prog_fd=72 prog_id=18 flags=0 ret=0 errno=0
[48.803316 pid=1940 tid=1954] native-loader jit-info prog_array-target fd=72 id=18 type=17 name=sys_exit_submit tag=07fb247c2a62a43e jited_len=12117 xlated_len=20536 nr_jited_ksyms=1 ksym0=0xffffffffc0407298 ksym1=0x0
[48.803409 pid=1940 tid=1954] BPF_MAP_UPDATE_ELEM prog_array name=sys_exit_submit map_fd=17 map_id=130 key=129 prog_fd=72 prog_id=18 flags=0 ret=0 errno=0
[48.803495 pid=1940 tid=1954] native-loader jit-info prog_array-target fd=72 id=18 type=17 name=sys_exit_submit tag=07fb247c2a62a43e jited_len=12117 xlated_len=20536 nr_jited_ksyms=1 ksym0=0xffffffffc0407298 ksym1=0x0
[48.803589 pid=1940 tid=1954] BPF_MAP_UPDATE_ELEM prog_array name=sys_exit_submit map_fd=17 map_id=130 key=130 prog_fd=72 prog_id=18 flags=0 ret=0 errno=0
[48.803672 pid=1940 tid=1954] native-loader jit-info prog_array-target fd=72 id=18 type=17 name=sys_exit_submit tag=07fb247c2a62a43e jited_len=12117 xlated_len=20536 nr_jited_ksyms=1 ksym0=0xffffffffc0407298 ksym1=0x0
[48.803764 pid=1940 tid=1954] BPF_MAP_UPDATE_ELEM prog_array name=sys_exit_submit map_fd=17 map_id=130 key=131 prog_fd=72 prog_id=18 flags=0 ret=0 errno=0
[48.803848 pid=1940 tid=1954] native-loader jit-info prog_array-target fd=72 id=18 type=17 name=sys_exit_submit tag=07fb247c2a62a43e jited_len=12117 xlated_len=20536 nr_jited_ksyms=1 ksym0=0xffffffffc0407298 ksym1=0x0
[48.803942 pid=1940 tid=1954] BPF_MAP_UPDATE_ELEM prog_array name=sys_exit_submit map_fd=17 map_id=130 key=132 prog_fd=72 prog_id=18 flags=0 ret=0 errno=0
[48.804027 pid=1940 tid=1954] native-loader jit-info prog_array-target fd=72 id=18 type=17 name=sys_exit_submit tag=07fb247c2a62a43e jited_len=12117 xlated_len=20536 nr_jited_ksyms=1 ksym0=0xffffffffc0407298 ksym1=0x0
[48.804121 pid=1940 tid=1954] BPF_MAP_UPDATE_ELEM prog_array name=sys_exit_submit map_fd=17 map_id=130 key=133 prog_fd=72 prog_id=18 flags=0 ret=0 errno=0
[48.804205 pid=1940 tid=1954] native-loader jit-info prog_array-target fd=72 id=18 type=17 name=sys_exit_submit tag=07fb247c2a62a43e jited_len=12117 xlated_len=20536 nr_jited_ksyms=1 ksym0=0xffffffffc0407298 ksym1=0x0
[48.804298 pid=1940 tid=1954] BPF_MAP_UPDATE_ELEM prog_array name=sys_exit_submit map_fd=17 map_id=130 key=134 prog_fd=72 prog_id=18 flags=0 ret=0 errno=0
[48.804381 pid=1940 tid=1954] native-loader jit-info prog_array-target fd=72 id=18 type=17 name=sys_exit_submit tag=07fb247c2a62a43e jited_len=12117 xlated_len=20536 nr_jited_ksyms=1 ksym0=0xffffffffc0407298 ksym1=0x0
[48.804474 pid=1940 tid=1954] BPF_MAP_UPDATE_ELEM prog_array name=sys_exit_submit map_fd=17 map_id=130 key=135 prog_fd=72 prog_id=18 flags=0 ret=0 errno=0
[48.804557 pid=1940 tid=1954] native-loader jit-info prog_array-target fd=72 id=18 type=17 name=sys_exit_submit tag=07fb247c2a62a43e jited_len=12117 xlated_len=20536 nr_jited_ksyms=1 ksym0=0xffffffffc0407298 ksym1=0x0
[48.804651 pid=1940 tid=1954] BPF_MAP_UPDATE_ELEM prog_array name=sys_exit_submit map_fd=17 map_id=130 key=136 prog_fd=72 prog_id=18 flags=0 ret=0 errno=0
[48.804734 pid=1940 tid=1954] native-loader jit-info prog_array-target fd=72 id=18 type=17 name=sys_exit_submit tag=07fb247c2a62a43e jited_len=12117 xlated_len=20536 nr_jited_ksyms=1 ksym0=0xffffffffc0407298 ksym1=0x0
[48.804827 pid=1940 tid=1954] BPF_MAP_UPDATE_ELEM prog_array name=sys_exit_submit map_fd=17 map_id=130 key=137 prog_fd=72 prog_id=18 flags=0 ret=0 errno=0
[48.804909 pid=1940 tid=1954] native-loader jit-info prog_array-target fd=72 id=18 type=17 name=sys_exit_submit tag=07fb247c2a62a43e jited_len=12117 xlated_len=20536 nr_jited_ksyms=1 ksym0=0xffffffffc0407298 ksym1=0x0
[48.805004 pid=1940 tid=1954] BPF_MAP_UPDATE_ELEM prog_array name=sys_exit_submit map_fd=17 map_id=130 key=138 prog_fd=72 prog_id=18 flags=0 ret=0 errno=0
[48.805086 pid=1940 tid=1954] native-loader jit-info prog_array-target fd=72 id=18 type=17 name=sys_exit_submit tag=07fb247c2a62a43e jited_len=12117 xlated_len=20536 nr_jited_ksyms=1 ksym0=0xffffffffc0407298 ksym1=0x0
[48.805178 pid=1940 tid=1954] BPF_MAP_UPDATE_ELEM prog_array name=sys_exit_submit map_fd=17 map_id=130 key=139 prog_fd=72 prog_id=18 flags=0 ret=0 errno=0
[48.805261 pid=1940 tid=1954] native-loader jit-info prog_array-target fd=72 id=18 type=17 name=sys_exit_submit tag=07fb247c2a62a43e jited_len=12117 xlated_len=20536 nr_jited_ksyms=1 ksym0=0xffffffffc0407298 ksym1=0x0
[48.805354 pid=1940 tid=1954] BPF_MAP_UPDATE_ELEM prog_array name=sys_exit_submit map_fd=17 map_id=130 key=140 prog_fd=72 prog_id=18 flags=0 ret=0 errno=0
[48.805437 pid=1940 tid=1954] native-loader jit-info prog_array-target fd=72 id=18 type=17 name=sys_exit_submit tag=07fb247c2a62a43e jited_len=12117 xlated_len=20536 nr_jited_ksyms=1 ksym0=0xffffffffc0407298 ksym1=0x0
[48.805529 pid=1940 tid=1954] BPF_MAP_UPDATE_ELEM prog_array name=sys_exit_submit map_fd=17 map_id=130 key=141 prog_fd=72 prog_id=18 flags=0 ret=0 errno=0
[48.805668 pid=1940 tid=1954] native-loader jit-info prog_array-target fd=72 id=18 type=17 name=sys_exit_submit tag=07fb247c2a62a43e jited_len=12117 xlated_len=20536 nr_jited_ksyms=1 ksym0=0xffffffffc0407298 ksym1=0x0
[48.805761 pid=1940 tid=1954] BPF_MAP_UPDATE_ELEM prog_array name=sys_exit_submit map_fd=17 map_id=130 key=142 prog_fd=72 prog_id=18 flags=0 ret=0 errno=0
[48.805916 pid=1940 tid=1954] native-loader jit-info prog_array-target fd=72 id=18 type=17 name=sys_exit_submit tag=07fb247c2a62a43e jited_len=12117 xlated_len=20536 nr_jited_ksyms=1 ksym0=0xffffffffc0407298 ksym1=0x0
[48.806010 pid=1940 tid=1954] BPF_MAP_UPDATE_ELEM prog_array name=sys_exit_submit map_fd=17 map_id=130 key=143 prog_fd=72 prog_id=18 flags=0 ret=0 errno=0
[48.806094 pid=1940 tid=1954] native-loader jit-info prog_array-target fd=72 id=18 type=17 name=sys_exit_submit tag=07fb247c2a62a43e jited_len=12117 xlated_len=20536 nr_jited_ksyms=1 ksym0=0xffffffffc0407298 ksym1=0x0
[48.806187 pid=1940 tid=1954] BPF_MAP_UPDATE_ELEM prog_array name=sys_exit_submit map_fd=17 map_id=130 key=144 prog_fd=72 prog_id=18 flags=0 ret=0 errno=0
[48.806271 pid=1940 tid=1954] native-loader jit-info prog_array-target fd=72 id=18 type=17 name=sys_exit_submit tag=07fb247c2a62a43e jited_len=12117 xlated_len=20536 nr_jited_ksyms=1 ksym0=0xffffffffc0407298 ksym1=0x0
[48.806362 pid=1940 tid=1954] BPF_MAP_UPDATE_ELEM prog_array name=sys_exit_submit map_fd=17 map_id=130 key=145 prog_fd=72 prog_id=18 flags=0 ret=0 errno=0
[48.806446 pid=1940 tid=1954] native-loader jit-info prog_array-target fd=72 id=18 type=17 name=sys_exit_submit tag=07fb247c2a62a43e jited_len=12117 xlated_len=20536 nr_jited_ksyms=1 ksym0=0xffffffffc0407298 ksym1=0x0
[48.806538 pid=1940 tid=1954] BPF_MAP_UPDATE_ELEM prog_array name=sys_exit_submit map_fd=17 map_id=130 key=146 prog_fd=72 prog_id=18 flags=0 ret=0 errno=0
[48.806622 pid=1940 tid=1954] native-loader jit-info prog_array-target fd=72 id=18 type=17 name=sys_exit_submit tag=07fb247c2a62a43e jited_len=12117 xlated_len=20536 nr_jited_ksyms=1 ksym0=0xffffffffc0407298 ksym1=0x0
[48.806714 pid=1940 tid=1954] BPF_MAP_UPDATE_ELEM prog_array name=sys_exit_submit map_fd=17 map_id=130 key=147 prog_fd=72 prog_id=18 flags=0 ret=0 errno=0
[48.806797 pid=1940 tid=1954] native-loader jit-info prog_array-target fd=72 id=18 type=17 name=sys_exit_submit tag=07fb247c2a62a43e jited_len=12117 xlated_len=20536 nr_jited_ksyms=1 ksym0=0xffffffffc0407298 ksym1=0x0
[48.806890 pid=1940 tid=1954] BPF_MAP_UPDATE_ELEM prog_array name=sys_exit_submit map_fd=17 map_id=130 key=148 prog_fd=72 prog_id=18 flags=0 ret=0 errno=0
[48.806976 pid=1940 tid=1954] native-loader jit-info prog_array-target fd=72 id=18 type=17 name=sys_exit_submit tag=07fb247c2a62a43e jited_len=12117 xlated_len=20536 nr_jited_ksyms=1 ksym0=0xffffffffc0407298 ksym1=0x0
[48.807422 pid=1940 tid=1954] BPF_MAP_UPDATE_ELEM prog_array name=sys_exit_submit map_fd=17 map_id=130 key=149 prog_fd=72 prog_id=18 flags=0 ret=0 errno=0
[48.807550 pid=1940 tid=1954] native-loader jit-info prog_array-target fd=72 id=18 type=17 name=sys_exit_submit tag=07fb247c2a62a43e jited_len=12117 xlated_len=20536 nr_jited_ksyms=1 ksym0=0xffffffffc0407298 ksym1=0x0
[48.807643 pid=1940 tid=1954] BPF_MAP_UPDATE_ELEM prog_array name=sys_exit_submit map_fd=17 map_id=130 key=150 prog_fd=72 prog_id=18 flags=0 ret=0 errno=0
[48.807727 pid=1940 tid=1954] native-loader jit-info prog_array-target fd=72 id=18 type=17 name=sys_exit_submit tag=07fb247c2a62a43e jited_len=12117 xlated_len=20536 nr_jited_ksyms=1 ksym0=0xffffffffc0407298 ksym1=0x0
[48.807820 pid=1940 tid=1954] BPF_MAP_UPDATE_ELEM prog_array name=sys_exit_submit map_fd=17 map_id=130 key=151 prog_fd=72 prog_id=18 flags=0 ret=0 errno=0
[48.807904 pid=1940 tid=1954] native-loader jit-info prog_array-target fd=72 id=18 type=17 name=sys_exit_submit tag=07fb247c2a62a43e jited_len=12117 xlated_len=20536 nr_jited_ksyms=1 ksym0=0xffffffffc0407298 ksym1=0x0
[48.808004 pid=1940 tid=1954] BPF_MAP_UPDATE_ELEM prog_array name=sys_exit_submit map_fd=17 map_id=130 key=152 prog_fd=72 prog_id=18 flags=0 ret=0 errno=0
[48.808088 pid=1940 tid=1954] native-loader jit-info prog_array-target fd=72 id=18 type=17 name=sys_exit_submit tag=07fb247c2a62a43e jited_len=12117 xlated_len=20536 nr_jited_ksyms=1 ksym0=0xffffffffc0407298 ksym1=0x0
[48.808180 pid=1940 tid=1954] BPF_MAP_UPDATE_ELEM prog_array name=sys_exit_submit map_fd=17 map_id=130 key=153 prog_fd=72 prog_id=18 flags=0 ret=0 errno=0
[48.808264 pid=1940 tid=1954] native-loader jit-info prog_array-target fd=72 id=18 type=17 name=sys_exit_submit tag=07fb247c2a62a43e jited_len=12117 xlated_len=20536 nr_jited_ksyms=1 ksym0=0xffffffffc0407298 ksym1=0x0
[48.808356 pid=1940 tid=1954] BPF_MAP_UPDATE_ELEM prog_array name=sys_exit_submit map_fd=17 map_id=130 key=154 prog_fd=72 prog_id=18 flags=0 ret=0 errno=0
[48.808440 pid=1940 tid=1954] native-loader jit-info prog_array-target fd=72 id=18 type=17 name=sys_exit_submit tag=07fb247c2a62a43e jited_len=12117 xlated_len=20536 nr_jited_ksyms=1 ksym0=0xffffffffc0407298 ksym1=0x0
[48.808532 pid=1940 tid=1954] BPF_MAP_UPDATE_ELEM prog_array name=sys_exit_submit map_fd=17 map_id=130 key=155 prog_fd=72 prog_id=18 flags=0 ret=0 errno=0
[48.808615 pid=1940 tid=1954] native-loader jit-info prog_array-target fd=72 id=18 type=17 name=sys_exit_submit tag=07fb247c2a62a43e jited_len=12117 xlated_len=20536 nr_jited_ksyms=1 ksym0=0xffffffffc0407298 ksym1=0x0
[48.808708 pid=1940 tid=1954] BPF_MAP_UPDATE_ELEM prog_array name=sys_exit_submit map_fd=17 map_id=130 key=156 prog_fd=72 prog_id=18 flags=0 ret=0 errno=0
[48.809008 pid=1940 tid=1954] native-loader jit-info prog_array-target fd=72 id=18 type=17 name=sys_exit_submit tag=07fb247c2a62a43e jited_len=12117 xlated_len=20536 nr_jited_ksyms=1 ksym0=0xffffffffc0407298 ksym1=0x0
[48.809115 pid=1940 tid=1954] BPF_MAP_UPDATE_ELEM prog_array name=sys_exit_submit map_fd=17 map_id=130 key=157 prog_fd=72 prog_id=18 flags=0 ret=0 errno=0
[48.809200 pid=1940 tid=1954] native-loader jit-info prog_array-target fd=72 id=18 type=17 name=sys_exit_submit tag=07fb247c2a62a43e jited_len=12117 xlated_len=20536 nr_jited_ksyms=1 ksym0=0xffffffffc0407298 ksym1=0x0
[48.809294 pid=1940 tid=1954] BPF_MAP_UPDATE_ELEM prog_array name=sys_exit_submit map_fd=17 map_id=130 key=159 prog_fd=72 prog_id=18 flags=0 ret=0 errno=0
[48.809386 pid=1940 tid=1954] native-loader jit-info prog_array-target fd=72 id=18 type=17 name=sys_exit_submit tag=07fb247c2a62a43e jited_len=12117 xlated_len=20536 nr_jited_ksyms=1 ksym0=0xffffffffc0407298 ksym1=0x0
[48.809478 pid=1940 tid=1954] BPF_MAP_UPDATE_ELEM prog_array name=sys_exit_submit map_fd=17 map_id=130 key=160 prog_fd=72 prog_id=18 flags=0 ret=0 errno=0
[48.809561 pid=1940 tid=1954] native-loader jit-info prog_array-target fd=72 id=18 type=17 name=sys_exit_submit tag=07fb247c2a62a43e jited_len=12117 xlated_len=20536 nr_jited_ksyms=1 ksym0=0xffffffffc0407298 ksym1=0x0
[48.809653 pid=1940 tid=1954] BPF_MAP_UPDATE_ELEM prog_array name=sys_exit_submit map_fd=17 map_id=130 key=161 prog_fd=72 prog_id=18 flags=0 ret=0 errno=0
[48.809737 pid=1940 tid=1954] native-loader jit-info prog_array-target fd=72 id=18 type=17 name=sys_exit_submit tag=07fb247c2a62a43e jited_len=12117 xlated_len=20536 nr_jited_ksyms=1 ksym0=0xffffffffc0407298 ksym1=0x0
[48.809830 pid=1940 tid=1954] BPF_MAP_UPDATE_ELEM prog_array name=sys_exit_submit map_fd=17 map_id=130 key=162 prog_fd=72 prog_id=18 flags=0 ret=0 errno=0
[48.809914 pid=1940 tid=1954] native-loader jit-info prog_array-target fd=72 id=18 type=17 name=sys_exit_submit tag=07fb247c2a62a43e jited_len=12117 xlated_len=20536 nr_jited_ksyms=1 ksym0=0xffffffffc0407298 ksym1=0x0
[48.810016 pid=1940 tid=1954] BPF_MAP_UPDATE_ELEM prog_array name=sys_exit_submit map_fd=17 map_id=130 key=163 prog_fd=72 prog_id=18 flags=0 ret=0 errno=0
[48.810099 pid=1940 tid=1954] native-loader jit-info prog_array-target fd=72 id=18 type=17 name=sys_exit_submit tag=07fb247c2a62a43e jited_len=12117 xlated_len=20536 nr_jited_ksyms=1 ksym0=0xffffffffc0407298 ksym1=0x0
[48.810191 pid=1940 tid=1954] BPF_MAP_UPDATE_ELEM prog_array name=sys_exit_submit map_fd=17 map_id=130 key=164 prog_fd=72 prog_id=18 flags=0 ret=0 errno=0
[48.810275 pid=1940 tid=1954] native-loader jit-info prog_array-target fd=72 id=18 type=17 name=sys_exit_submit tag=07fb247c2a62a43e jited_len=12117 xlated_len=20536 nr_jited_ksyms=1 ksym0=0xffffffffc0407298 ksym1=0x0
[48.810371 pid=1940 tid=1954] BPF_MAP_UPDATE_ELEM prog_array name=sys_exit_submit map_fd=17 map_id=130 key=165 prog_fd=72 prog_id=18 flags=0 ret=0 errno=0
[48.810452 pid=1940 tid=1954] native-loader jit-info prog_array-target fd=72 id=18 type=17 name=sys_exit_submit tag=07fb247c2a62a43e jited_len=12117 xlated_len=20536 nr_jited_ksyms=1 ksym0=0xffffffffc0407298 ksym1=0x0
[48.810545 pid=1940 tid=1954] BPF_MAP_UPDATE_ELEM prog_array name=sys_exit_submit map_fd=17 map_id=130 key=166 prog_fd=72 prog_id=18 flags=0 ret=0 errno=0
[48.810628 pid=1940 tid=1954] native-loader jit-info prog_array-target fd=72 id=18 type=17 name=sys_exit_submit tag=07fb247c2a62a43e jited_len=12117 xlated_len=20536 nr_jited_ksyms=1 ksym0=0xffffffffc0407298 ksym1=0x0
[48.810722 pid=1940 tid=1954] BPF_MAP_UPDATE_ELEM prog_array name=sys_exit_submit map_fd=17 map_id=130 key=167 prog_fd=72 prog_id=18 flags=0 ret=0 errno=0
[48.810804 pid=1940 tid=1954] native-loader jit-info prog_array-target fd=72 id=18 type=17 name=sys_exit_submit tag=07fb247c2a62a43e jited_len=12117 xlated_len=20536 nr_jited_ksyms=1 ksym0=0xffffffffc0407298 ksym1=0x0
[48.810897 pid=1940 tid=1954] BPF_MAP_UPDATE_ELEM prog_array name=sys_exit_submit map_fd=17 map_id=130 key=168 prog_fd=72 prog_id=18 flags=0 ret=0 errno=0
[48.810983 pid=1940 tid=1954] native-loader jit-info prog_array-target fd=72 id=18 type=17 name=sys_exit_submit tag=07fb247c2a62a43e jited_len=12117 xlated_len=20536 nr_jited_ksyms=1 ksym0=0xffffffffc0407298 ksym1=0x0
[48.811075 pid=1940 tid=1954] BPF_MAP_UPDATE_ELEM prog_array name=sys_exit_submit map_fd=17 map_id=130 key=169 prog_fd=72 prog_id=18 flags=0 ret=0 errno=0
[48.811159 pid=1940 tid=1954] native-loader jit-info prog_array-target fd=72 id=18 type=17 name=sys_exit_submit tag=07fb247c2a62a43e jited_len=12117 xlated_len=20536 nr_jited_ksyms=1 ksym0=0xffffffffc0407298 ksym1=0x0
[48.811251 pid=1940 tid=1954] BPF_MAP_UPDATE_ELEM prog_array name=sys_exit_submit map_fd=17 map_id=130 key=170 prog_fd=72 prog_id=18 flags=0 ret=0 errno=0
[48.811335 pid=1940 tid=1954] native-loader jit-info prog_array-target fd=72 id=18 type=17 name=sys_exit_submit tag=07fb247c2a62a43e jited_len=12117 xlated_len=20536 nr_jited_ksyms=1 ksym0=0xffffffffc0407298 ksym1=0x0
[48.811427 pid=1940 tid=1954] BPF_MAP_UPDATE_ELEM prog_array name=sys_exit_submit map_fd=17 map_id=130 key=171 prog_fd=72 prog_id=18 flags=0 ret=0 errno=0
[48.811764 pid=1940 tid=1954] native-loader jit-info prog_array-target fd=72 id=18 type=17 name=sys_exit_submit tag=07fb247c2a62a43e jited_len=12117 xlated_len=20536 nr_jited_ksyms=1 ksym0=0xffffffffc0407298 ksym1=0x0
[48.811867 pid=1940 tid=1954] BPF_MAP_UPDATE_ELEM prog_array name=sys_exit_submit map_fd=17 map_id=130 key=172 prog_fd=72 prog_id=18 flags=0 ret=0 errno=0
[48.811999 pid=1940 tid=1954] native-loader jit-info prog_array-target fd=72 id=18 type=17 name=sys_exit_submit tag=07fb247c2a62a43e jited_len=12117 xlated_len=20536 nr_jited_ksyms=1 ksym0=0xffffffffc0407298 ksym1=0x0
[48.812082 pid=1940 tid=1954] BPF_MAP_UPDATE_ELEM prog_array name=sys_exit_submit map_fd=17 map_id=130 key=173 prog_fd=72 prog_id=18 flags=0 ret=0 errno=0
[48.812168 pid=1940 tid=1954] native-loader jit-info prog_array-target fd=72 id=18 type=17 name=sys_exit_submit tag=07fb247c2a62a43e jited_len=12117 xlated_len=20536 nr_jited_ksyms=1 ksym0=0xffffffffc0407298 ksym1=0x0
[48.812375 pid=1940 tid=1954] BPF_MAP_UPDATE_ELEM prog_array name=sys_exit_submit map_fd=17 map_id=130 key=174 prog_fd=72 prog_id=18 flags=0 ret=0 errno=0
[48.812461 pid=1940 tid=1954] native-loader jit-info prog_array-target fd=72 id=18 type=17 name=sys_exit_submit tag=07fb247c2a62a43e jited_len=12117 xlated_len=20536 nr_jited_ksyms=1 ksym0=0xffffffffc0407298 ksym1=0x0
[48.812553 pid=1940 tid=1954] BPF_MAP_UPDATE_ELEM prog_array name=sys_exit_submit map_fd=17 map_id=130 key=175 prog_fd=72 prog_id=18 flags=0 ret=0 errno=0
[48.812639 pid=1940 tid=1954] native-loader jit-info prog_array-target fd=72 id=18 type=17 name=sys_exit_submit tag=07fb247c2a62a43e jited_len=12117 xlated_len=20536 nr_jited_ksyms=1 ksym0=0xffffffffc0407298 ksym1=0x0
[48.812732 pid=1940 tid=1954] BPF_MAP_UPDATE_ELEM prog_array name=sys_exit_submit map_fd=17 map_id=130 key=176 prog_fd=72 prog_id=18 flags=0 ret=0 errno=0
[48.812817 pid=1940 tid=1954] native-loader jit-info prog_array-target fd=72 id=18 type=17 name=sys_exit_submit tag=07fb247c2a62a43e jited_len=12117 xlated_len=20536 nr_jited_ksyms=1 ksym0=0xffffffffc0407298 ksym1=0x0
[48.812909 pid=1940 tid=1954] BPF_MAP_UPDATE_ELEM prog_array name=sys_exit_submit map_fd=17 map_id=130 key=177 prog_fd=72 prog_id=18 flags=0 ret=0 errno=0
[48.812995 pid=1940 tid=1954] native-loader jit-info prog_array-target fd=72 id=18 type=17 name=sys_exit_submit tag=07fb247c2a62a43e jited_len=12117 xlated_len=20536 nr_jited_ksyms=1 ksym0=0xffffffffc0407298 ksym1=0x0
[48.813087 pid=1940 tid=1954] BPF_MAP_UPDATE_ELEM prog_array name=sys_exit_submit map_fd=17 map_id=130 key=178 prog_fd=72 prog_id=18 flags=0 ret=0 errno=0
[48.813171 pid=1940 tid=1954] native-loader jit-info prog_array-target fd=72 id=18 type=17 name=sys_exit_submit tag=07fb247c2a62a43e jited_len=12117 xlated_len=20536 nr_jited_ksyms=1 ksym0=0xffffffffc0407298 ksym1=0x0
[48.813423 pid=1940 tid=1954] BPF_MAP_UPDATE_ELEM prog_array name=sys_exit_submit map_fd=17 map_id=130 key=179 prog_fd=72 prog_id=18 flags=0 ret=0 errno=0
[48.813511 pid=1940 tid=1954] native-loader jit-info prog_array-target fd=72 id=18 type=17 name=sys_exit_submit tag=07fb247c2a62a43e jited_len=12117 xlated_len=20536 nr_jited_ksyms=1 ksym0=0xffffffffc0407298 ksym1=0x0
[48.813603 pid=1940 tid=1954] BPF_MAP_UPDATE_ELEM prog_array name=sys_exit_submit map_fd=17 map_id=130 key=180 prog_fd=72 prog_id=18 flags=0 ret=0 errno=0
[48.813687 pid=1940 tid=1954] native-loader jit-info prog_array-target fd=72 id=18 type=17 name=sys_exit_submit tag=07fb247c2a62a43e jited_len=12117 xlated_len=20536 nr_jited_ksyms=1 ksym0=0xffffffffc0407298 ksym1=0x0
[48.813779 pid=1940 tid=1954] BPF_MAP_UPDATE_ELEM prog_array name=sys_exit_submit map_fd=17 map_id=130 key=181 prog_fd=72 prog_id=18 flags=0 ret=0 errno=0
[48.813863 pid=1940 tid=1954] native-loader jit-info prog_array-target fd=72 id=18 type=17 name=sys_exit_submit tag=07fb247c2a62a43e jited_len=12117 xlated_len=20536 nr_jited_ksyms=1 ksym0=0xffffffffc0407298 ksym1=0x0
[48.813961 pid=1940 tid=1954] BPF_MAP_UPDATE_ELEM prog_array name=sys_exit_submit map_fd=17 map_id=130 key=182 prog_fd=72 prog_id=18 flags=0 ret=0 errno=0
[48.814041 pid=1940 tid=1954] native-loader jit-info prog_array-target fd=72 id=18 type=17 name=sys_exit_submit tag=07fb247c2a62a43e jited_len=12117 xlated_len=20536 nr_jited_ksyms=1 ksym0=0xffffffffc0407298 ksym1=0x0
[48.814134 pid=1940 tid=1954] BPF_MAP_UPDATE_ELEM prog_array name=sys_exit_submit map_fd=17 map_id=130 key=183 prog_fd=72 prog_id=18 flags=0 ret=0 errno=0
[48.814218 pid=1940 tid=1954] native-loader jit-info prog_array-target fd=72 id=18 type=17 name=sys_exit_submit tag=07fb247c2a62a43e jited_len=12117 xlated_len=20536 nr_jited_ksyms=1 ksym0=0xffffffffc0407298 ksym1=0x0
[48.814311 pid=1940 tid=1954] BPF_MAP_UPDATE_ELEM prog_array name=sys_exit_submit map_fd=17 map_id=130 key=184 prog_fd=72 prog_id=18 flags=0 ret=0 errno=0
[48.814393 pid=1940 tid=1954] native-loader jit-info prog_array-target fd=72 id=18 type=17 name=sys_exit_submit tag=07fb247c2a62a43e jited_len=12117 xlated_len=20536 nr_jited_ksyms=1 ksym0=0xffffffffc0407298 ksym1=0x0
[48.814486 pid=1940 tid=1954] BPF_MAP_UPDATE_ELEM prog_array name=sys_exit_submit map_fd=17 map_id=130 key=185 prog_fd=72 prog_id=18 flags=0 ret=0 errno=0
[48.814569 pid=1940 tid=1954] native-loader jit-info prog_array-target fd=72 id=18 type=17 name=sys_exit_submit tag=07fb247c2a62a43e jited_len=12117 xlated_len=20536 nr_jited_ksyms=1 ksym0=0xffffffffc0407298 ksym1=0x0
[48.814662 pid=1940 tid=1954] BPF_MAP_UPDATE_ELEM prog_array name=sys_exit_submit map_fd=17 map_id=130 key=186 prog_fd=72 prog_id=18 flags=0 ret=0 errno=0
[48.814746 pid=1940 tid=1954] native-loader jit-info prog_array-target fd=72 id=18 type=17 name=sys_exit_submit tag=07fb247c2a62a43e jited_len=12117 xlated_len=20536 nr_jited_ksyms=1 ksym0=0xffffffffc0407298 ksym1=0x0
[48.814839 pid=1940 tid=1954] BPF_MAP_UPDATE_ELEM prog_array name=sys_exit_submit map_fd=17 map_id=130 key=187 prog_fd=72 prog_id=18 flags=0 ret=0 errno=0
[48.814936 pid=1940 tid=1954] native-loader jit-info prog_array-target fd=72 id=18 type=17 name=sys_exit_submit tag=07fb247c2a62a43e jited_len=12117 xlated_len=20536 nr_jited_ksyms=1 ksym0=0xffffffffc0407298 ksym1=0x0
[48.815027 pid=1940 tid=1954] BPF_MAP_UPDATE_ELEM prog_array name=sys_exit_submit map_fd=17 map_id=130 key=188 prog_fd=72 prog_id=18 flags=0 ret=0 errno=0
[48.815112 pid=1940 tid=1954] native-loader jit-info prog_array-target fd=72 id=18 type=17 name=sys_exit_submit tag=07fb247c2a62a43e jited_len=12117 xlated_len=20536 nr_jited_ksyms=1 ksym0=0xffffffffc0407298 ksym1=0x0
[48.815204 pid=1940 tid=1954] BPF_MAP_UPDATE_ELEM prog_array name=sys_exit_submit map_fd=17 map_id=130 key=189 prog_fd=72 prog_id=18 flags=0 ret=0 errno=0
[48.815287 pid=1940 tid=1954] native-loader jit-info prog_array-target fd=72 id=18 type=17 name=sys_exit_submit tag=07fb247c2a62a43e jited_len=12117 xlated_len=20536 nr_jited_ksyms=1 ksym0=0xffffffffc0407298 ksym1=0x0
[48.815381 pid=1940 tid=1954] BPF_MAP_UPDATE_ELEM prog_array name=sys_exit_submit map_fd=17 map_id=130 key=190 prog_fd=72 prog_id=18 flags=0 ret=0 errno=0
[48.815465 pid=1940 tid=1954] native-loader jit-info prog_array-target fd=72 id=18 type=17 name=sys_exit_submit tag=07fb247c2a62a43e jited_len=12117 xlated_len=20536 nr_jited_ksyms=1 ksym0=0xffffffffc0407298 ksym1=0x0
[48.815558 pid=1940 tid=1954] BPF_MAP_UPDATE_ELEM prog_array name=sys_exit_submit map_fd=17 map_id=130 key=191 prog_fd=72 prog_id=18 flags=0 ret=0 errno=0
[48.815641 pid=1940 tid=1954] native-loader jit-info prog_array-target fd=72 id=18 type=17 name=sys_exit_submit tag=07fb247c2a62a43e jited_len=12117 xlated_len=20536 nr_jited_ksyms=1 ksym0=0xffffffffc0407298 ksym1=0x0
[48.815734 pid=1940 tid=1954] BPF_MAP_UPDATE_ELEM prog_array name=sys_exit_submit map_fd=17 map_id=130 key=192 prog_fd=72 prog_id=18 flags=0 ret=0 errno=0
[48.815817 pid=1940 tid=1954] native-loader jit-info prog_array-target fd=72 id=18 type=17 name=sys_exit_submit tag=07fb247c2a62a43e jited_len=12117 xlated_len=20536 nr_jited_ksyms=1 ksym0=0xffffffffc0407298 ksym1=0x0
[48.815910 pid=1940 tid=1954] BPF_MAP_UPDATE_ELEM prog_array name=sys_exit_submit map_fd=17 map_id=130 key=193 prog_fd=72 prog_id=18 flags=0 ret=0 errno=0
[48.815994 pid=1940 tid=1954] native-loader jit-info prog_array-target fd=72 id=18 type=17 name=sys_exit_submit tag=07fb247c2a62a43e jited_len=12117 xlated_len=20536 nr_jited_ksyms=1 ksym0=0xffffffffc0407298 ksym1=0x0
[48.816087 pid=1940 tid=1954] BPF_MAP_UPDATE_ELEM prog_array name=sys_exit_submit map_fd=17 map_id=130 key=194 prog_fd=72 prog_id=18 flags=0 ret=0 errno=0
[48.816303 pid=1940 tid=1954] native-loader jit-info prog_array-target fd=72 id=18 type=17 name=sys_exit_submit tag=07fb247c2a62a43e jited_len=12117 xlated_len=20536 nr_jited_ksyms=1 ksym0=0xffffffffc0407298 ksym1=0x0
[48.816396 pid=1940 tid=1954] BPF_MAP_UPDATE_ELEM prog_array name=sys_exit_submit map_fd=17 map_id=130 key=195 prog_fd=72 prog_id=18 flags=0 ret=0 errno=0
[48.816477 pid=1940 tid=1954] native-loader jit-info prog_array-target fd=72 id=18 type=17 name=sys_exit_submit tag=07fb247c2a62a43e jited_len=12117 xlated_len=20536 nr_jited_ksyms=1 ksym0=0xffffffffc0407298 ksym1=0x0
[48.816571 pid=1940 tid=1954] BPF_MAP_UPDATE_ELEM prog_array name=sys_exit_submit map_fd=17 map_id=130 key=196 prog_fd=72 prog_id=18 flags=0 ret=0 errno=0
[48.816654 pid=1940 tid=1954] native-loader jit-info prog_array-target fd=72 id=18 type=17 name=sys_exit_submit tag=07fb247c2a62a43e jited_len=12117 xlated_len=20536 nr_jited_ksyms=1 ksym0=0xffffffffc0407298 ksym1=0x0
[48.816748 pid=1940 tid=1954] BPF_MAP_UPDATE_ELEM prog_array name=sys_exit_submit map_fd=17 map_id=130 key=197 prog_fd=72 prog_id=18 flags=0 ret=0 errno=0
[48.816831 pid=1940 tid=1954] native-loader jit-info prog_array-target fd=72 id=18 type=17 name=sys_exit_submit tag=07fb247c2a62a43e jited_len=12117 xlated_len=20536 nr_jited_ksyms=1 ksym0=0xffffffffc0407298 ksym1=0x0
[48.817013 pid=1940 tid=1954] BPF_MAP_UPDATE_ELEM prog_array name=sys_exit_submit map_fd=17 map_id=130 key=198 prog_fd=72 prog_id=18 flags=0 ret=0 errno=0
[48.817094 pid=1940 tid=1954] native-loader jit-info prog_array-target fd=72 id=18 type=17 name=sys_exit_submit tag=07fb247c2a62a43e jited_len=12117 xlated_len=20536 nr_jited_ksyms=1 ksym0=0xffffffffc0407298 ksym1=0x0
[48.817188 pid=1940 tid=1954] BPF_MAP_UPDATE_ELEM prog_array name=sys_exit_submit map_fd=17 map_id=130 key=199 prog_fd=72 prog_id=18 flags=0 ret=0 errno=0
[48.817271 pid=1940 tid=1954] native-loader jit-info prog_array-target fd=72 id=18 type=17 name=sys_exit_submit tag=07fb247c2a62a43e jited_len=12117 xlated_len=20536 nr_jited_ksyms=1 ksym0=0xffffffffc0407298 ksym1=0x0
[48.817438 pid=1940 tid=1954] BPF_MAP_UPDATE_ELEM prog_array name=sys_exit_submit map_fd=17 map_id=130 key=200 prog_fd=72 prog_id=18 flags=0 ret=0 errno=0
[48.817611 pid=1940 tid=1954] native-loader jit-info prog_array-target fd=72 id=18 type=17 name=sys_exit_submit tag=07fb247c2a62a43e jited_len=12117 xlated_len=20536 nr_jited_ksyms=1 ksym0=0xffffffffc0407298 ksym1=0x0
[48.817704 pid=1940 tid=1954] BPF_MAP_UPDATE_ELEM prog_array name=sys_exit_submit map_fd=17 map_id=130 key=201 prog_fd=72 prog_id=18 flags=0 ret=0 errno=0
[48.817851 pid=1940 tid=1954] native-loader jit-info prog_array-target fd=72 id=18 type=17 name=sys_exit_submit tag=07fb247c2a62a43e jited_len=12117 xlated_len=20536 nr_jited_ksyms=1 ksym0=0xffffffffc0407298 ksym1=0x0
[48.817947 pid=1940 tid=1954] BPF_MAP_UPDATE_ELEM prog_array name=sys_exit_submit map_fd=17 map_id=130 key=202 prog_fd=72 prog_id=18 flags=0 ret=0 errno=0
[48.818030 pid=1940 tid=1954] native-loader jit-info prog_array-target fd=72 id=18 type=17 name=sys_exit_submit tag=07fb247c2a62a43e jited_len=12117 xlated_len=20536 nr_jited_ksyms=1 ksym0=0xffffffffc0407298 ksym1=0x0
[48.818771 pid=1940 tid=1954] BPF_MAP_UPDATE_ELEM prog_array name=sys_exit_submit map_fd=17 map_id=130 key=203 prog_fd=72 prog_id=18 flags=0 ret=0 errno=0
[48.818871 pid=1940 tid=1954] native-loader jit-info prog_array-target fd=72 id=18 type=17 name=sys_exit_submit tag=07fb247c2a62a43e jited_len=12117 xlated_len=20536 nr_jited_ksyms=1 ksym0=0xffffffffc0407298 ksym1=0x0
[48.819152 pid=1940 tid=1954] BPF_MAP_UPDATE_ELEM prog_array name=sys_exit_submit map_fd=17 map_id=130 key=204 prog_fd=72 prog_id=18 flags=0 ret=0 errno=0
[48.819425 pid=1940 tid=1954] native-loader jit-info prog_array-target fd=72 id=18 type=17 name=sys_exit_submit tag=07fb247c2a62a43e jited_len=12117 xlated_len=20536 nr_jited_ksyms=1 ksym0=0xffffffffc0407298 ksym1=0x0
[48.819522 pid=1940 tid=1954] BPF_MAP_UPDATE_ELEM prog_array name=sys_exit_submit map_fd=17 map_id=130 key=205 prog_fd=72 prog_id=18 flags=0 ret=0 errno=0
[48.819617 pid=1940 tid=1954] native-loader jit-info prog_array-target fd=72 id=18 type=17 name=sys_exit_submit tag=07fb247c2a62a43e jited_len=12117 xlated_len=20536 nr_jited_ksyms=1 ksym0=0xffffffffc0407298 ksym1=0x0
[48.819711 pid=1940 tid=1954] BPF_MAP_UPDATE_ELEM prog_array name=sys_exit_submit map_fd=17 map_id=130 key=206 prog_fd=72 prog_id=18 flags=0 ret=0 errno=0
[48.819793 pid=1940 tid=1954] native-loader jit-info prog_array-target fd=72 id=18 type=17 name=sys_exit_submit tag=07fb247c2a62a43e jited_len=12117 xlated_len=20536 nr_jited_ksyms=1 ksym0=0xffffffffc0407298 ksym1=0x0
[48.819885 pid=1940 tid=1954] BPF_MAP_UPDATE_ELEM prog_array name=sys_exit_submit map_fd=17 map_id=130 key=207 prog_fd=72 prog_id=18 flags=0 ret=0 errno=0
[48.819972 pid=1940 tid=1954] native-loader jit-info prog_array-target fd=72 id=18 type=17 name=sys_exit_submit tag=07fb247c2a62a43e jited_len=12117 xlated_len=20536 nr_jited_ksyms=1 ksym0=0xffffffffc0407298 ksym1=0x0
[48.820065 pid=1940 tid=1954] BPF_MAP_UPDATE_ELEM prog_array name=sys_exit_submit map_fd=17 map_id=130 key=208 prog_fd=72 prog_id=18 flags=0 ret=0 errno=0
[48.820149 pid=1940 tid=1954] native-loader jit-info prog_array-target fd=72 id=18 type=17 name=sys_exit_submit tag=07fb247c2a62a43e jited_len=12117 xlated_len=20536 nr_jited_ksyms=1 ksym0=0xffffffffc0407298 ksym1=0x0
[48.820242 pid=1940 tid=1954] BPF_MAP_UPDATE_ELEM prog_array name=sys_exit_submit map_fd=17 map_id=130 key=209 prog_fd=72 prog_id=18 flags=0 ret=0 errno=0
[48.820325 pid=1940 tid=1954] native-loader jit-info prog_array-target fd=72 id=18 type=17 name=sys_exit_submit tag=07fb247c2a62a43e jited_len=12117 xlated_len=20536 nr_jited_ksyms=1 ksym0=0xffffffffc0407298 ksym1=0x0
[48.820418 pid=1940 tid=1954] BPF_MAP_UPDATE_ELEM prog_array name=sys_exit_submit map_fd=17 map_id=130 key=210 prog_fd=72 prog_id=18 flags=0 ret=0 errno=0
[48.820501 pid=1940 tid=1954] native-loader jit-info prog_array-target fd=72 id=18 type=17 name=sys_exit_submit tag=07fb247c2a62a43e jited_len=12117 xlated_len=20536 nr_jited_ksyms=1 ksym0=0xffffffffc0407298 ksym1=0x0
[48.820594 pid=1940 tid=1954] BPF_MAP_UPDATE_ELEM prog_array name=sys_exit_submit map_fd=17 map_id=130 key=211 prog_fd=72 prog_id=18 flags=0 ret=0 errno=0
[48.820677 pid=1940 tid=1954] native-loader jit-info prog_array-target fd=72 id=18 type=17 name=sys_exit_submit tag=07fb247c2a62a43e jited_len=12117 xlated_len=20536 nr_jited_ksyms=1 ksym0=0xffffffffc0407298 ksym1=0x0
[48.820769 pid=1940 tid=1954] BPF_MAP_UPDATE_ELEM prog_array name=sys_exit_submit map_fd=17 map_id=130 key=212 prog_fd=72 prog_id=18 flags=0 ret=0 errno=0
[48.820853 pid=1940 tid=1954] native-loader jit-info prog_array-target fd=72 id=18 type=17 name=sys_exit_submit tag=07fb247c2a62a43e jited_len=12117 xlated_len=20536 nr_jited_ksyms=1 ksym0=0xffffffffc0407298 ksym1=0x0
[48.820949 pid=1940 tid=1954] BPF_MAP_UPDATE_ELEM prog_array name=sys_exit_submit map_fd=17 map_id=130 key=213 prog_fd=72 prog_id=18 flags=0 ret=0 errno=0
[48.821032 pid=1940 tid=1954] native-loader jit-info prog_array-target fd=72 id=18 type=17 name=sys_exit_submit tag=07fb247c2a62a43e jited_len=12117 xlated_len=20536 nr_jited_ksyms=1 ksym0=0xffffffffc0407298 ksym1=0x0
[48.821127 pid=1940 tid=1954] BPF_MAP_UPDATE_ELEM prog_array name=sys_exit_submit map_fd=17 map_id=130 key=214 prog_fd=72 prog_id=18 flags=0 ret=0 errno=0
[48.821209 pid=1940 tid=1954] native-loader jit-info prog_array-target fd=72 id=18 type=17 name=sys_exit_submit tag=07fb247c2a62a43e jited_len=12117 xlated_len=20536 nr_jited_ksyms=1 ksym0=0xffffffffc0407298 ksym1=0x0
[48.821302 pid=1940 tid=1954] BPF_MAP_UPDATE_ELEM prog_array name=sys_exit_submit map_fd=17 map_id=130 key=215 prog_fd=72 prog_id=18 flags=0 ret=0 errno=0
[48.821396 pid=1940 tid=1954] native-loader jit-info prog_array-target fd=72 id=18 type=17 name=sys_exit_submit tag=07fb247c2a62a43e jited_len=12117 xlated_len=20536 nr_jited_ksyms=1 ksym0=0xffffffffc0407298 ksym1=0x0
[48.821492 pid=1940 tid=1954] BPF_MAP_UPDATE_ELEM prog_array name=sys_exit_submit map_fd=17 map_id=130 key=216 prog_fd=72 prog_id=18 flags=0 ret=0 errno=0
[48.821574 pid=1940 tid=1954] native-loader jit-info prog_array-target fd=72 id=18 type=17 name=sys_exit_submit tag=07fb247c2a62a43e jited_len=12117 xlated_len=20536 nr_jited_ksyms=1 ksym0=0xffffffffc0407298 ksym1=0x0
[48.821665 pid=1940 tid=1954] BPF_MAP_UPDATE_ELEM prog_array name=sys_exit_submit map_fd=17 map_id=130 key=217 prog_fd=72 prog_id=18 flags=0 ret=0 errno=0
[48.821842 pid=1940 tid=1954] native-loader jit-info prog_array-target fd=72 id=18 type=17 name=sys_exit_submit tag=07fb247c2a62a43e jited_len=12117 xlated_len=20536 nr_jited_ksyms=1 ksym0=0xffffffffc0407298 ksym1=0x0
[48.822032 pid=1940 tid=1954] BPF_MAP_UPDATE_ELEM prog_array name=sys_exit_submit map_fd=17 map_id=130 key=218 prog_fd=72 prog_id=18 flags=0 ret=0 errno=0
[48.822114 pid=1940 tid=1954] native-loader jit-info prog_array-target fd=72 id=18 type=17 name=sys_exit_submit tag=07fb247c2a62a43e jited_len=12117 xlated_len=20536 nr_jited_ksyms=1 ksym0=0xffffffffc0407298 ksym1=0x0
[48.822205 pid=1940 tid=1954] BPF_MAP_UPDATE_ELEM prog_array name=sys_exit_submit map_fd=17 map_id=130 key=219 prog_fd=72 prog_id=18 flags=0 ret=0 errno=0
[48.822288 pid=1940 tid=1954] native-loader jit-info prog_array-target fd=72 id=18 type=17 name=sys_exit_submit tag=07fb247c2a62a43e jited_len=12117 xlated_len=20536 nr_jited_ksyms=1 ksym0=0xffffffffc0407298 ksym1=0x0
[48.822381 pid=1940 tid=1954] BPF_MAP_UPDATE_ELEM prog_array name=sys_exit_submit map_fd=17 map_id=130 key=220 prog_fd=72 prog_id=18 flags=0 ret=0 errno=0
[48.822465 pid=1940 tid=1954] native-loader jit-info prog_array-target fd=72 id=18 type=17 name=sys_exit_submit tag=07fb247c2a62a43e jited_len=12117 xlated_len=20536 nr_jited_ksyms=1 ksym0=0xffffffffc0407298 ksym1=0x0
[48.822557 pid=1940 tid=1954] BPF_MAP_UPDATE_ELEM prog_array name=sys_exit_submit map_fd=17 map_id=130 key=221 prog_fd=72 prog_id=18 flags=0 ret=0 errno=0
[48.822640 pid=1940 tid=1954] native-loader jit-info prog_array-target fd=72 id=18 type=17 name=sys_exit_submit tag=07fb247c2a62a43e jited_len=12117 xlated_len=20536 nr_jited_ksyms=1 ksym0=0xffffffffc0407298 ksym1=0x0
[48.822733 pid=1940 tid=1954] BPF_MAP_UPDATE_ELEM prog_array name=sys_exit_submit map_fd=17 map_id=130 key=222 prog_fd=72 prog_id=18 flags=0 ret=0 errno=0
[48.822816 pid=1940 tid=1954] native-loader jit-info prog_array-target fd=72 id=18 type=17 name=sys_exit_submit tag=07fb247c2a62a43e jited_len=12117 xlated_len=20536 nr_jited_ksyms=1 ksym0=0xffffffffc0407298 ksym1=0x0
[48.822910 pid=1940 tid=1954] BPF_MAP_UPDATE_ELEM prog_array name=sys_exit_submit map_fd=17 map_id=130 key=223 prog_fd=72 prog_id=18 flags=0 ret=0 errno=0
[48.823089 pid=1940 tid=1954] native-loader jit-info prog_array-target fd=72 id=18 type=17 name=sys_exit_submit tag=07fb247c2a62a43e jited_len=12117 xlated_len=20536 nr_jited_ksyms=1 ksym0=0xffffffffc0407298 ksym1=0x0
[48.823185 pid=1940 tid=1954] BPF_MAP_UPDATE_ELEM prog_array name=sys_exit_submit map_fd=17 map_id=130 key=224 prog_fd=72 prog_id=18 flags=0 ret=0 errno=0
[48.823268 pid=1940 tid=1954] native-loader jit-info prog_array-target fd=72 id=18 type=17 name=sys_exit_submit tag=07fb247c2a62a43e jited_len=12117 xlated_len=20536 nr_jited_ksyms=1 ksym0=0xffffffffc0407298 ksym1=0x0
[48.823360 pid=1940 tid=1954] BPF_MAP_UPDATE_ELEM prog_array name=sys_exit_submit map_fd=17 map_id=130 key=225 prog_fd=72 prog_id=18 flags=0 ret=0 errno=0
[48.823443 pid=1940 tid=1954] native-loader jit-info prog_array-target fd=72 id=18 type=17 name=sys_exit_submit tag=07fb247c2a62a43e jited_len=12117 xlated_len=20536 nr_jited_ksyms=1 ksym0=0xffffffffc0407298 ksym1=0x0
[48.823535 pid=1940 tid=1954] BPF_MAP_UPDATE_ELEM prog_array name=sys_exit_submit map_fd=17 map_id=130 key=226 prog_fd=72 prog_id=18 flags=0 ret=0 errno=0
[48.823618 pid=1940 tid=1954] native-loader jit-info prog_array-target fd=72 id=18 type=17 name=sys_exit_submit tag=07fb247c2a62a43e jited_len=12117 xlated_len=20536 nr_jited_ksyms=1 ksym0=0xffffffffc0407298 ksym1=0x0
[48.823712 pid=1940 tid=1954] BPF_MAP_UPDATE_ELEM prog_array name=sys_exit_submit map_fd=17 map_id=130 key=227 prog_fd=72 prog_id=18 flags=0 ret=0 errno=0
[48.823795 pid=1940 tid=1954] native-loader jit-info prog_array-target fd=72 id=18 type=17 name=sys_exit_submit tag=07fb247c2a62a43e jited_len=12117 xlated_len=20536 nr_jited_ksyms=1 ksym0=0xffffffffc0407298 ksym1=0x0
[48.823887 pid=1940 tid=1954] BPF_MAP_UPDATE_ELEM prog_array name=sys_exit_submit map_fd=17 map_id=130 key=228 prog_fd=72 prog_id=18 flags=0 ret=0 errno=0
[48.823973 pid=1940 tid=1954] native-loader jit-info prog_array-target fd=72 id=18 type=17 name=sys_exit_submit tag=07fb247c2a62a43e jited_len=12117 xlated_len=20536 nr_jited_ksyms=1 ksym0=0xffffffffc0407298 ksym1=0x0
[48.824391 pid=1940 tid=1954] BPF_MAP_UPDATE_ELEM prog_array name=sys_exit_submit map_fd=17 map_id=130 key=229 prog_fd=72 prog_id=18 flags=0 ret=0 errno=0
[48.824797 pid=1940 tid=1954] native-loader jit-info prog_array-target fd=72 id=18 type=17 name=sys_exit_submit tag=07fb247c2a62a43e jited_len=12117 xlated_len=20536 nr_jited_ksyms=1 ksym0=0xffffffffc0407298 ksym1=0x0
[48.824922 pid=1940 tid=1954] BPF_MAP_UPDATE_ELEM prog_array name=sys_exit_submit map_fd=17 map_id=130 key=230 prog_fd=72 prog_id=18 flags=0 ret=0 errno=0
[48.825266 pid=1940 tid=1954] native-loader jit-info prog_array-target fd=72 id=18 type=17 name=sys_exit_submit tag=07fb247c2a62a43e jited_len=12117 xlated_len=20536 nr_jited_ksyms=1 ksym0=0xffffffffc0407298 ksym1=0x0
[48.825387 pid=1940 tid=1954] BPF_MAP_UPDATE_ELEM prog_array name=sys_exit_submit map_fd=17 map_id=130 key=231 prog_fd=72 prog_id=18 flags=0 ret=0 errno=0
[48.825468 pid=1940 tid=1954] native-loader jit-info prog_array-target fd=72 id=18 type=17 name=sys_exit_submit tag=07fb247c2a62a43e jited_len=12117 xlated_len=20536 nr_jited_ksyms=1 ksym0=0xffffffffc0407298 ksym1=0x0
[48.825819 pid=1940 tid=1954] BPF_MAP_UPDATE_ELEM prog_array name=sys_exit_submit map_fd=17 map_id=130 key=232 prog_fd=72 prog_id=18 flags=0 ret=0 errno=0
[48.825935 pid=1940 tid=1954] native-loader jit-info prog_array-target fd=72 id=18 type=17 name=sys_exit_submit tag=07fb247c2a62a43e jited_len=12117 xlated_len=20536 nr_jited_ksyms=1 ksym0=0xffffffffc0407298 ksym1=0x0
[48.826036 pid=1940 tid=1954] BPF_MAP_UPDATE_ELEM prog_array name=sys_exit_submit map_fd=17 map_id=130 key=233 prog_fd=72 prog_id=18 flags=0 ret=0 errno=0
[48.826117 pid=1940 tid=1954] native-loader jit-info prog_array-target fd=72 id=18 type=17 name=sys_exit_submit tag=07fb247c2a62a43e jited_len=12117 xlated_len=20536 nr_jited_ksyms=1 ksym0=0xffffffffc0407298 ksym1=0x0
[48.826212 pid=1940 tid=1954] BPF_MAP_UPDATE_ELEM prog_array name=sys_exit_submit map_fd=17 map_id=130 key=234 prog_fd=72 prog_id=18 flags=0 ret=0 errno=0
[48.826295 pid=1940 tid=1954] native-loader jit-info prog_array-target fd=72 id=18 type=17 name=sys_exit_submit tag=07fb247c2a62a43e jited_len=12117 xlated_len=20536 nr_jited_ksyms=1 ksym0=0xffffffffc0407298 ksym1=0x0
[48.826388 pid=1940 tid=1954] BPF_MAP_UPDATE_ELEM prog_array name=sys_exit_submit map_fd=17 map_id=130 key=235 prog_fd=72 prog_id=18 flags=0 ret=0 errno=0
[48.826471 pid=1940 tid=1954] native-loader jit-info prog_array-target fd=72 id=18 type=17 name=sys_exit_submit tag=07fb247c2a62a43e jited_len=12117 xlated_len=20536 nr_jited_ksyms=1 ksym0=0xffffffffc0407298 ksym1=0x0
[48.826564 pid=1940 tid=1954] BPF_MAP_UPDATE_ELEM prog_array name=sys_exit_submit map_fd=17 map_id=130 key=236 prog_fd=72 prog_id=18 flags=0 ret=0 errno=0
[48.826648 pid=1940 tid=1954] native-loader jit-info prog_array-target fd=72 id=18 type=17 name=sys_exit_submit tag=07fb247c2a62a43e jited_len=12117 xlated_len=20536 nr_jited_ksyms=1 ksym0=0xffffffffc0407298 ksym1=0x0
[48.827094 pid=1940 tid=1954] BPF_MAP_UPDATE_ELEM prog_array name=sys_exit_submit map_fd=17 map_id=130 key=237 prog_fd=72 prog_id=18 flags=0 ret=0 errno=0
[48.827193 pid=1940 tid=1954] native-loader jit-info prog_array-target fd=72 id=18 type=17 name=sys_exit_submit tag=07fb247c2a62a43e jited_len=12117 xlated_len=20536 nr_jited_ksyms=1 ksym0=0xffffffffc0407298 ksym1=0x0
[48.827279 pid=1940 tid=1954] BPF_MAP_UPDATE_ELEM prog_array name=sys_exit_submit map_fd=17 map_id=130 key=238 prog_fd=72 prog_id=18 flags=0 ret=0 errno=0
[48.827363 pid=1940 tid=1954] native-loader jit-info prog_array-target fd=72 id=18 type=17 name=sys_exit_submit tag=07fb247c2a62a43e jited_len=12117 xlated_len=20536 nr_jited_ksyms=1 ksym0=0xffffffffc0407298 ksym1=0x0
[48.827457 pid=1940 tid=1954] BPF_MAP_UPDATE_ELEM prog_array name=sys_exit_submit map_fd=17 map_id=130 key=239 prog_fd=72 prog_id=18 flags=0 ret=0 errno=0
[48.827542 pid=1940 tid=1954] native-loader jit-info prog_array-target fd=72 id=18 type=17 name=sys_exit_submit tag=07fb247c2a62a43e jited_len=12117 xlated_len=20536 nr_jited_ksyms=1 ksym0=0xffffffffc0407298 ksym1=0x0
[48.827635 pid=1940 tid=1954] BPF_MAP_UPDATE_ELEM prog_array name=sys_exit_submit map_fd=17 map_id=130 key=240 prog_fd=72 prog_id=18 flags=0 ret=0 errno=0
[48.827718 pid=1940 tid=1954] native-loader jit-info prog_array-target fd=72 id=18 type=17 name=sys_exit_submit tag=07fb247c2a62a43e jited_len=12117 xlated_len=20536 nr_jited_ksyms=1 ksym0=0xffffffffc0407298 ksym1=0x0
[48.827811 pid=1940 tid=1954] BPF_MAP_UPDATE_ELEM prog_array name=sys_exit_submit map_fd=17 map_id=130 key=241 prog_fd=72 prog_id=18 flags=0 ret=0 errno=0
[48.827894 pid=1940 tid=1954] native-loader jit-info prog_array-target fd=72 id=18 type=17 name=sys_exit_submit tag=07fb247c2a62a43e jited_len=12117 xlated_len=20536 nr_jited_ksyms=1 ksym0=0xffffffffc0407298 ksym1=0x0
[48.827991 pid=1940 tid=1954] BPF_MAP_UPDATE_ELEM prog_array name=sys_exit_submit map_fd=17 map_id=130 key=242 prog_fd=72 prog_id=18 flags=0 ret=0 errno=0
[48.828074 pid=1940 tid=1954] native-loader jit-info prog_array-target fd=72 id=18 type=17 name=sys_exit_submit tag=07fb247c2a62a43e jited_len=12117 xlated_len=20536 nr_jited_ksyms=1 ksym0=0xffffffffc0407298 ksym1=0x0
[48.828166 pid=1940 tid=1954] BPF_MAP_UPDATE_ELEM prog_array name=sys_exit_submit map_fd=17 map_id=130 key=243 prog_fd=72 prog_id=18 flags=0 ret=0 errno=0
[48.828250 pid=1940 tid=1954] native-loader jit-info prog_array-target fd=72 id=18 type=17 name=sys_exit_submit tag=07fb247c2a62a43e jited_len=12117 xlated_len=20536 nr_jited_ksyms=1 ksym0=0xffffffffc0407298 ksym1=0x0
[48.828343 pid=1940 tid=1954] BPF_MAP_UPDATE_ELEM prog_array name=sys_exit_submit map_fd=17 map_id=130 key=244 prog_fd=72 prog_id=18 flags=0 ret=0 errno=0
[48.828774 pid=1940 tid=1954] native-loader jit-info prog_array-target fd=72 id=18 type=17 name=sys_exit_submit tag=07fb247c2a62a43e jited_len=12117 xlated_len=20536 nr_jited_ksyms=1 ksym0=0xffffffffc0407298 ksym1=0x0
[48.828885 pid=1940 tid=1954] BPF_MAP_UPDATE_ELEM prog_array name=sys_exit_submit map_fd=17 map_id=130 key=245 prog_fd=72 prog_id=18 flags=0 ret=0 errno=0
[48.828971 pid=1940 tid=1954] native-loader jit-info prog_array-target fd=72 id=18 type=17 name=sys_exit_submit tag=07fb247c2a62a43e jited_len=12117 xlated_len=20536 nr_jited_ksyms=1 ksym0=0xffffffffc0407298 ksym1=0x0
[48.829065 pid=1940 tid=1954] BPF_MAP_UPDATE_ELEM prog_array name=sys_exit_submit map_fd=17 map_id=130 key=246 prog_fd=72 prog_id=18 flags=0 ret=0 errno=0
[48.829350 pid=1940 tid=1954] native-loader jit-info prog_array-target fd=72 id=18 type=17 name=sys_exit_submit tag=07fb247c2a62a43e jited_len=12117 xlated_len=20536 nr_jited_ksyms=1 ksym0=0xffffffffc0407298 ksym1=0x0
[48.829656 pid=1940 tid=1954] BPF_MAP_UPDATE_ELEM prog_array name=sys_exit_submit map_fd=17 map_id=130 key=247 prog_fd=72 prog_id=18 flags=0 ret=0 errno=0
[48.829767 pid=1940 tid=1954] native-loader jit-info prog_array-target fd=72 id=18 type=17 name=sys_exit_submit tag=07fb247c2a62a43e jited_len=12117 xlated_len=20536 nr_jited_ksyms=1 ksym0=0xffffffffc0407298 ksym1=0x0
[48.829876 pid=1940 tid=1954] BPF_MAP_UPDATE_ELEM prog_array name=sys_exit_submit map_fd=17 map_id=130 key=248 prog_fd=72 prog_id=18 flags=0 ret=0 errno=0
[48.829978 pid=1940 tid=1954] native-loader jit-info prog_array-target fd=72 id=18 type=17 name=sys_exit_submit tag=07fb247c2a62a43e jited_len=12117 xlated_len=20536 nr_jited_ksyms=1 ksym0=0xffffffffc0407298 ksym1=0x0
[48.830080 pid=1940 tid=1954] BPF_MAP_UPDATE_ELEM prog_array name=sys_exit_submit map_fd=17 map_id=130 key=249 prog_fd=72 prog_id=18 flags=0 ret=0 errno=0
[48.830163 pid=1940 tid=1954] native-loader jit-info prog_array-target fd=72 id=18 type=17 name=sys_exit_submit tag=07fb247c2a62a43e jited_len=12117 xlated_len=20536 nr_jited_ksyms=1 ksym0=0xffffffffc0407298 ksym1=0x0
[48.830256 pid=1940 tid=1954] BPF_MAP_UPDATE_ELEM prog_array name=sys_exit_submit map_fd=17 map_id=130 key=250 prog_fd=72 prog_id=18 flags=0 ret=0 errno=0
[48.830339 pid=1940 tid=1954] native-loader jit-info prog_array-target fd=72 id=18 type=17 name=sys_exit_submit tag=07fb247c2a62a43e jited_len=12117 xlated_len=20536 nr_jited_ksyms=1 ksym0=0xffffffffc0407298 ksym1=0x0
[48.830432 pid=1940 tid=1954] BPF_MAP_UPDATE_ELEM prog_array name=sys_exit_submit map_fd=17 map_id=130 key=251 prog_fd=72 prog_id=18 flags=0 ret=0 errno=0
[48.830514 pid=1940 tid=1954] native-loader jit-info prog_array-target fd=72 id=18 type=17 name=sys_exit_submit tag=07fb247c2a62a43e jited_len=12117 xlated_len=20536 nr_jited_ksyms=1 ksym0=0xffffffffc0407298 ksym1=0x0
[48.830607 pid=1940 tid=1954] BPF_MAP_UPDATE_ELEM prog_array name=sys_exit_submit map_fd=17 map_id=130 key=252 prog_fd=72 prog_id=18 flags=0 ret=0 errno=0
[48.830752 pid=1940 tid=1954] native-loader jit-info prog_array-target fd=72 id=18 type=17 name=sys_exit_submit tag=07fb247c2a62a43e jited_len=12117 xlated_len=20536 nr_jited_ksyms=1 ksym0=0xffffffffc0407298 ksym1=0x0
[48.830844 pid=1940 tid=1954] BPF_MAP_UPDATE_ELEM prog_array name=sys_exit_submit map_fd=17 map_id=130 key=253 prog_fd=72 prog_id=18 flags=0 ret=0 errno=0
[48.830929 pid=1940 tid=1954] native-loader jit-info prog_array-target fd=72 id=18 type=17 name=sys_exit_submit tag=07fb247c2a62a43e jited_len=12117 xlated_len=20536 nr_jited_ksyms=1 ksym0=0xffffffffc0407298 ksym1=0x0
[48.831022 pid=1940 tid=1954] BPF_MAP_UPDATE_ELEM prog_array name=sys_exit_submit map_fd=17 map_id=130 key=254 prog_fd=72 prog_id=18 flags=0 ret=0 errno=0
[48.831105 pid=1940 tid=1954] native-loader jit-info prog_array-target fd=72 id=18 type=17 name=sys_exit_submit tag=07fb247c2a62a43e jited_len=12117 xlated_len=20536 nr_jited_ksyms=1 ksym0=0xffffffffc0407298 ksym1=0x0
[48.831198 pid=1940 tid=1954] BPF_MAP_UPDATE_ELEM prog_array name=sys_exit_submit map_fd=17 map_id=130 key=255 prog_fd=72 prog_id=18 flags=0 ret=0 errno=0
[48.831281 pid=1940 tid=1954] native-loader jit-info prog_array-target fd=72 id=18 type=17 name=sys_exit_submit tag=07fb247c2a62a43e jited_len=12117 xlated_len=20536 nr_jited_ksyms=1 ksym0=0xffffffffc0407298 ksym1=0x0
[48.831602 pid=1940 tid=1954] BPF_MAP_UPDATE_ELEM prog_array name=sys_exit_submit map_fd=17 map_id=130 key=256 prog_fd=72 prog_id=18 flags=0 ret=0 errno=0
[48.831706 pid=1940 tid=1954] native-loader jit-info prog_array-target fd=72 id=18 type=17 name=sys_exit_submit tag=07fb247c2a62a43e jited_len=12117 xlated_len=20536 nr_jited_ksyms=1 ksym0=0xffffffffc0407298 ksym1=0x0
[48.831814 pid=1940 tid=1954] BPF_MAP_UPDATE_ELEM prog_array name=sys_exit_submit map_fd=17 map_id=130 key=257 prog_fd=72 prog_id=18 flags=0 ret=0 errno=0
[48.831911 pid=1940 tid=1954] native-loader jit-info prog_array-target fd=72 id=18 type=17 name=sys_exit_submit tag=07fb247c2a62a43e jited_len=12117 xlated_len=20536 nr_jited_ksyms=1 ksym0=0xffffffffc0407298 ksym1=0x0
[48.832287 pid=1940 tid=1954] BPF_MAP_UPDATE_ELEM prog_array name=sys_exit_submit map_fd=17 map_id=130 key=258 prog_fd=72 prog_id=18 flags=0 ret=0 errno=0
[48.832650 pid=1940 tid=1954] native-loader jit-info prog_array-target fd=72 id=18 type=17 name=sys_exit_submit tag=07fb247c2a62a43e jited_len=12117 xlated_len=20536 nr_jited_ksyms=1 ksym0=0xffffffffc0407298 ksym1=0x0
[48.832766 pid=1940 tid=1954] BPF_MAP_UPDATE_ELEM prog_array name=sys_exit_submit map_fd=17 map_id=130 key=259 prog_fd=72 prog_id=18 flags=0 ret=0 errno=0
[48.833308 pid=1940 tid=1954] native-loader jit-info prog_array-target fd=72 id=18 type=17 name=sys_exit_submit tag=07fb247c2a62a43e jited_len=12117 xlated_len=20536 nr_jited_ksyms=1 ksym0=0xffffffffc0407298 ksym1=0x0
[48.833627 pid=1940 tid=1954] BPF_MAP_UPDATE_ELEM prog_array name=sys_exit_submit map_fd=17 map_id=130 key=260 prog_fd=72 prog_id=18 flags=0 ret=0 errno=0
[48.833738 pid=1940 tid=1954] native-loader jit-info prog_array-target fd=72 id=18 type=17 name=sys_exit_submit tag=07fb247c2a62a43e jited_len=12117 xlated_len=20536 nr_jited_ksyms=1 ksym0=0xffffffffc0407298 ksym1=0x0
[48.834256 pid=1940 tid=1954] BPF_MAP_UPDATE_ELEM prog_array name=sys_exit_submit map_fd=17 map_id=130 key=261 prog_fd=72 prog_id=18 flags=0 ret=0 errno=0
[48.834643 pid=1940 tid=1954] native-loader jit-info prog_array-target fd=72 id=18 type=17 name=sys_exit_submit tag=07fb247c2a62a43e jited_len=12117 xlated_len=20536 nr_jited_ksyms=1 ksym0=0xffffffffc0407298 ksym1=0x0
[48.834941 pid=1940 tid=1954] BPF_MAP_UPDATE_ELEM prog_array name=sys_exit_submit map_fd=17 map_id=130 key=262 prog_fd=72 prog_id=18 flags=0 ret=0 errno=0
[48.835198 pid=1940 tid=1954] native-loader jit-info prog_array-target fd=72 id=18 type=17 name=sys_exit_submit tag=07fb247c2a62a43e jited_len=12117 xlated_len=20536 nr_jited_ksyms=1 ksym0=0xffffffffc0407298 ksym1=0x0
[48.835592 pid=1940 tid=1954] BPF_MAP_UPDATE_ELEM prog_array name=sys_exit_submit map_fd=17 map_id=130 key=263 prog_fd=72 prog_id=18 flags=0 ret=0 errno=0
[48.835852 pid=1940 tid=1954] native-loader jit-info prog_array-target fd=72 id=18 type=17 name=sys_exit_submit tag=07fb247c2a62a43e jited_len=12117 xlated_len=20536 nr_jited_ksyms=1 ksym0=0xffffffffc0407298 ksym1=0x0
[48.836241 pid=1940 tid=1954] BPF_MAP_UPDATE_ELEM prog_array name=sys_exit_submit map_fd=17 map_id=130 key=264 prog_fd=72 prog_id=18 flags=0 ret=0 errno=0
[48.836615 pid=1940 tid=1954] native-loader jit-info prog_array-target fd=72 id=18 type=17 name=sys_exit_submit tag=07fb247c2a62a43e jited_len=12117 xlated_len=20536 nr_jited_ksyms=1 ksym0=0xffffffffc0407298 ksym1=0x0
[48.836841 pid=1940 tid=1954] BPF_MAP_UPDATE_ELEM prog_array name=sys_exit_submit map_fd=17 map_id=130 key=265 prog_fd=72 prog_id=18 flags=0 ret=0 errno=0
[48.837004 pid=1940 tid=1954] native-loader jit-info prog_array-target fd=72 id=18 type=17 name=sys_exit_submit tag=07fb247c2a62a43e jited_len=12117 xlated_len=20536 nr_jited_ksyms=1 ksym0=0xffffffffc0407298 ksym1=0x0
[48.837806 pid=1940 tid=1954] BPF_MAP_UPDATE_ELEM prog_array name=sys_exit_submit map_fd=17 map_id=130 key=266 prog_fd=72 prog_id=18 flags=0 ret=0 errno=0
[48.838287 pid=1940 tid=1954] native-loader jit-info prog_array-target fd=72 id=18 type=17 name=sys_exit_submit tag=07fb247c2a62a43e jited_len=12117 xlated_len=20536 nr_jited_ksyms=1 ksym0=0xffffffffc0407298 ksym1=0x0
[48.838716 pid=1940 tid=1954] BPF_MAP_UPDATE_ELEM prog_array name=sys_exit_submit map_fd=17 map_id=130 key=267 prog_fd=72 prog_id=18 flags=0 ret=0 errno=0
[48.838826 pid=1940 tid=1954] native-loader jit-info prog_array-target fd=72 id=18 type=17 name=sys_exit_submit tag=07fb247c2a62a43e jited_len=12117 xlated_len=20536 nr_jited_ksyms=1 ksym0=0xffffffffc0407298 ksym1=0x0
[48.838933 pid=1940 tid=1954] BPF_MAP_UPDATE_ELEM prog_array name=sys_exit_submit map_fd=17 map_id=130 key=268 prog_fd=72 prog_id=18 flags=0 ret=0 errno=0
[48.839028 pid=1940 tid=1954] native-loader jit-info prog_array-target fd=72 id=18 type=17 name=sys_exit_submit tag=07fb247c2a62a43e jited_len=12117 xlated_len=20536 nr_jited_ksyms=1 ksym0=0xffffffffc0407298 ksym1=0x0
[48.839121 pid=1940 tid=1954] BPF_MAP_UPDATE_ELEM prog_array name=sys_exit_submit map_fd=17 map_id=130 key=269 prog_fd=72 prog_id=18 flags=0 ret=0 errno=0
[48.839202 pid=1940 tid=1954] native-loader jit-info prog_array-target fd=72 id=18 type=17 name=sys_exit_submit tag=07fb247c2a62a43e jited_len=12117 xlated_len=20536 nr_jited_ksyms=1 ksym0=0xffffffffc0407298 ksym1=0x0
[48.839295 pid=1940 tid=1954] BPF_MAP_UPDATE_ELEM prog_array name=sys_exit_submit map_fd=17 map_id=130 key=270 prog_fd=72 prog_id=18 flags=0 ret=0 errno=0
[48.839379 pid=1940 tid=1954] native-loader jit-info prog_array-target fd=72 id=18 type=17 name=sys_exit_submit tag=07fb247c2a62a43e jited_len=12117 xlated_len=20536 nr_jited_ksyms=1 ksym0=0xffffffffc0407298 ksym1=0x0
[48.839472 pid=1940 tid=1954] BPF_MAP_UPDATE_ELEM prog_array name=sys_exit_submit map_fd=17 map_id=130 key=271 prog_fd=72 prog_id=18 flags=0 ret=0 errno=0
[48.839555 pid=1940 tid=1954] native-loader jit-info prog_array-target fd=72 id=18 type=17 name=sys_exit_submit tag=07fb247c2a62a43e jited_len=12117 xlated_len=20536 nr_jited_ksyms=1 ksym0=0xffffffffc0407298 ksym1=0x0
[48.839648 pid=1940 tid=1954] BPF_MAP_UPDATE_ELEM prog_array name=sys_exit_submit map_fd=17 map_id=130 key=272 prog_fd=72 prog_id=18 flags=0 ret=0 errno=0
[48.839731 pid=1940 tid=1954] native-loader jit-info prog_array-target fd=72 id=18 type=17 name=sys_exit_submit tag=07fb247c2a62a43e jited_len=12117 xlated_len=20536 nr_jited_ksyms=1 ksym0=0xffffffffc0407298 ksym1=0x0
[48.839823 pid=1940 tid=1954] BPF_MAP_UPDATE_ELEM prog_array name=sys_exit_submit map_fd=17 map_id=130 key=273 prog_fd=72 prog_id=18 flags=0 ret=0 errno=0
[48.839909 pid=1940 tid=1954] native-loader jit-info prog_array-target fd=72 id=18 type=17 name=sys_exit_submit tag=07fb247c2a62a43e jited_len=12117 xlated_len=20536 nr_jited_ksyms=1 ksym0=0xffffffffc0407298 ksym1=0x0
[48.840015 pid=1940 tid=1954] BPF_MAP_UPDATE_ELEM prog_array name=sys_exit_submit map_fd=17 map_id=130 key=274 prog_fd=72 prog_id=18 flags=0 ret=0 errno=0
[48.840134 pid=1940 tid=1954] native-loader jit-info prog_array-target fd=72 id=18 type=17 name=sys_exit_submit tag=07fb247c2a62a43e jited_len=12117 xlated_len=20536 nr_jited_ksyms=1 ksym0=0xffffffffc0407298 ksym1=0x0
[48.840248 pid=1940 tid=1954] BPF_MAP_UPDATE_ELEM prog_array name=sys_exit_submit map_fd=17 map_id=130 key=275 prog_fd=72 prog_id=18 flags=0 ret=0 errno=0
[48.840330 pid=1940 tid=1954] native-loader jit-info prog_array-target fd=72 id=18 type=17 name=sys_exit_submit tag=07fb247c2a62a43e jited_len=12117 xlated_len=20536 nr_jited_ksyms=1 ksym0=0xffffffffc0407298 ksym1=0x0
[48.840426 pid=1940 tid=1954] BPF_MAP_UPDATE_ELEM prog_array name=sys_exit_submit map_fd=17 map_id=130 key=276 prog_fd=72 prog_id=18 flags=0 ret=0 errno=0
[48.840507 pid=1940 tid=1954] native-loader jit-info prog_array-target fd=72 id=18 type=17 name=sys_exit_submit tag=07fb247c2a62a43e jited_len=12117 xlated_len=20536 nr_jited_ksyms=1 ksym0=0xffffffffc0407298 ksym1=0x0
[48.840599 pid=1940 tid=1954] BPF_MAP_UPDATE_ELEM prog_array name=sys_exit_submit map_fd=17 map_id=130 key=277 prog_fd=72 prog_id=18 flags=0 ret=0 errno=0
[48.840682 pid=1940 tid=1954] native-loader jit-info prog_array-target fd=72 id=18 type=17 name=sys_exit_submit tag=07fb247c2a62a43e jited_len=12117 xlated_len=20536 nr_jited_ksyms=1 ksym0=0xffffffffc0407298 ksym1=0x0
[48.840775 pid=1940 tid=1954] BPF_MAP_UPDATE_ELEM prog_array name=sys_exit_submit map_fd=17 map_id=130 key=278 prog_fd=72 prog_id=18 flags=0 ret=0 errno=0
[48.840857 pid=1940 tid=1954] native-loader jit-info prog_array-target fd=72 id=18 type=17 name=sys_exit_submit tag=07fb247c2a62a43e jited_len=12117 xlated_len=20536 nr_jited_ksyms=1 ksym0=0xffffffffc0407298 ksym1=0x0
[48.840952 pid=1940 tid=1954] BPF_MAP_UPDATE_ELEM prog_array name=sys_exit_submit map_fd=17 map_id=130 key=279 prog_fd=72 prog_id=18 flags=0 ret=0 errno=0
[48.841035 pid=1940 tid=1954] native-loader jit-info prog_array-target fd=72 id=18 type=17 name=sys_exit_submit tag=07fb247c2a62a43e jited_len=12117 xlated_len=20536 nr_jited_ksyms=1 ksym0=0xffffffffc0407298 ksym1=0x0
[48.841127 pid=1940 tid=1954] BPF_MAP_UPDATE_ELEM prog_array name=sys_exit_submit map_fd=17 map_id=130 key=280 prog_fd=72 prog_id=18 flags=0 ret=0 errno=0
[48.841210 pid=1940 tid=1954] native-loader jit-info prog_array-target fd=72 id=18 type=17 name=sys_exit_submit tag=07fb247c2a62a43e jited_len=12117 xlated_len=20536 nr_jited_ksyms=1 ksym0=0xffffffffc0407298 ksym1=0x0
[48.841302 pid=1940 tid=1954] BPF_MAP_UPDATE_ELEM prog_array name=sys_exit_submit map_fd=17 map_id=130 key=281 prog_fd=72 prog_id=18 flags=0 ret=0 errno=0
[48.841503 pid=1940 tid=1954] native-loader jit-info prog_array-target fd=72 id=18 type=17 name=sys_exit_submit tag=07fb247c2a62a43e jited_len=12117 xlated_len=20536 nr_jited_ksyms=1 ksym0=0xffffffffc0407298 ksym1=0x0
[48.841607 pid=1940 tid=1954] BPF_MAP_UPDATE_ELEM prog_array name=sys_exit_submit map_fd=17 map_id=130 key=282 prog_fd=72 prog_id=18 flags=0 ret=0 errno=0
[48.841686 pid=1940 tid=1954] native-loader jit-info prog_array-target fd=72 id=18 type=17 name=sys_exit_submit tag=07fb247c2a62a43e jited_len=12117 xlated_len=20536 nr_jited_ksyms=1 ksym0=0xffffffffc0407298 ksym1=0x0
[48.841780 pid=1940 tid=1954] BPF_MAP_UPDATE_ELEM prog_array name=sys_exit_submit map_fd=17 map_id=130 key=283 prog_fd=72 prog_id=18 flags=0 ret=0 errno=0
[48.841861 pid=1940 tid=1954] native-loader jit-info prog_array-target fd=72 id=18 type=17 name=sys_exit_submit tag=07fb247c2a62a43e jited_len=12117 xlated_len=20536 nr_jited_ksyms=1 ksym0=0xffffffffc0407298 ksym1=0x0
[48.841955 pid=1940 tid=1954] BPF_MAP_UPDATE_ELEM prog_array name=sys_exit_submit map_fd=17 map_id=130 key=284 prog_fd=72 prog_id=18 flags=0 ret=0 errno=0
[48.842038 pid=1940 tid=1954] native-loader jit-info prog_array-target fd=72 id=18 type=17 name=sys_exit_submit tag=07fb247c2a62a43e jited_len=12117 xlated_len=20536 nr_jited_ksyms=1 ksym0=0xffffffffc0407298 ksym1=0x0
[48.842260 pid=1940 tid=1954] BPF_MAP_UPDATE_ELEM prog_array name=sys_exit_submit map_fd=17 map_id=130 key=285 prog_fd=72 prog_id=18 flags=0 ret=0 errno=0
[48.842342 pid=1940 tid=1954] native-loader jit-info prog_array-target fd=72 id=18 type=17 name=sys_exit_submit tag=07fb247c2a62a43e jited_len=12117 xlated_len=20536 nr_jited_ksyms=1 ksym0=0xffffffffc0407298 ksym1=0x0
[48.842436 pid=1940 tid=1954] BPF_MAP_UPDATE_ELEM prog_array name=sys_exit_submit map_fd=17 map_id=130 key=286 prog_fd=72 prog_id=18 flags=0 ret=0 errno=0
[48.842519 pid=1940 tid=1954] native-loader jit-info prog_array-target fd=72 id=18 type=17 name=sys_exit_submit tag=07fb247c2a62a43e jited_len=12117 xlated_len=20536 nr_jited_ksyms=1 ksym0=0xffffffffc0407298 ksym1=0x0
[48.842685 pid=1940 tid=1954] BPF_MAP_UPDATE_ELEM prog_array name=sys_exit_submit map_fd=17 map_id=130 key=287 prog_fd=72 prog_id=18 flags=0 ret=0 errno=0
[48.842867 pid=1940 tid=1954] native-loader jit-info prog_array-target fd=72 id=18 type=17 name=sys_exit_submit tag=07fb247c2a62a43e jited_len=12117 xlated_len=20536 nr_jited_ksyms=1 ksym0=0xffffffffc0407298 ksym1=0x0
[48.842962 pid=1940 tid=1954] BPF_MAP_UPDATE_ELEM prog_array name=sys_exit_submit map_fd=17 map_id=130 key=288 prog_fd=72 prog_id=18 flags=0 ret=0 errno=0
[48.843171 pid=1940 tid=1954] native-loader jit-info prog_array-target fd=72 id=18 type=17 name=sys_exit_submit tag=07fb247c2a62a43e jited_len=12117 xlated_len=20536 nr_jited_ksyms=1 ksym0=0xffffffffc0407298 ksym1=0x0
[48.843279 pid=1940 tid=1954] BPF_MAP_UPDATE_ELEM prog_array name=sys_exit_submit map_fd=17 map_id=130 key=289 prog_fd=72 prog_id=18 flags=0 ret=0 errno=0
[48.843373 pid=1940 tid=1954] native-loader jit-info prog_array-target fd=72 id=18 type=17 name=sys_exit_submit tag=07fb247c2a62a43e jited_len=12117 xlated_len=20536 nr_jited_ksyms=1 ksym0=0xffffffffc0407298 ksym1=0x0
[48.843571 pid=1940 tid=1954] BPF_MAP_UPDATE_ELEM prog_array name=sys_exit_submit map_fd=17 map_id=130 key=290 prog_fd=72 prog_id=18 flags=0 ret=0 errno=0
[48.843654 pid=1940 tid=1954] native-loader jit-info prog_array-target fd=72 id=18 type=17 name=sys_exit_submit tag=07fb247c2a62a43e jited_len=12117 xlated_len=20536 nr_jited_ksyms=1 ksym0=0xffffffffc0407298 ksym1=0x0
[48.843748 pid=1940 tid=1954] BPF_MAP_UPDATE_ELEM prog_array name=sys_exit_submit map_fd=17 map_id=130 key=291 prog_fd=72 prog_id=18 flags=0 ret=0 errno=0
[48.843830 pid=1940 tid=1954] native-loader jit-info prog_array-target fd=72 id=18 type=17 name=sys_exit_submit tag=07fb247c2a62a43e jited_len=12117 xlated_len=20536 nr_jited_ksyms=1 ksym0=0xffffffffc0407298 ksym1=0x0
[48.843927 pid=1940 tid=1954] BPF_MAP_UPDATE_ELEM prog_array name=sys_exit_submit map_fd=17 map_id=130 key=293 prog_fd=72 prog_id=18 flags=0 ret=0 errno=0
[48.844009 pid=1940 tid=1954] native-loader jit-info prog_array-target fd=72 id=18 type=17 name=sys_exit_submit tag=07fb247c2a62a43e jited_len=12117 xlated_len=20536 nr_jited_ksyms=1 ksym0=0xffffffffc0407298 ksym1=0x0
[48.844108 pid=1940 tid=1954] BPF_MAP_UPDATE_ELEM prog_array name=sys_exit_submit map_fd=17 map_id=130 key=294 prog_fd=72 prog_id=18 flags=0 ret=0 errno=0
[48.844209 pid=1940 tid=1954] native-loader jit-info prog_array-target fd=72 id=18 type=17 name=sys_exit_submit tag=07fb247c2a62a43e jited_len=12117 xlated_len=20536 nr_jited_ksyms=1 ksym0=0xffffffffc0407298 ksym1=0x0
[48.844301 pid=1940 tid=1954] BPF_MAP_UPDATE_ELEM prog_array name=sys_exit_submit map_fd=17 map_id=130 key=295 prog_fd=72 prog_id=18 flags=0 ret=0 errno=0
[48.844384 pid=1940 tid=1954] native-loader jit-info prog_array-target fd=72 id=18 type=17 name=sys_exit_submit tag=07fb247c2a62a43e jited_len=12117 xlated_len=20536 nr_jited_ksyms=1 ksym0=0xffffffffc0407298 ksym1=0x0
[48.844617 pid=1940 tid=1954] BPF_MAP_UPDATE_ELEM prog_array name=sys_exit_submit map_fd=17 map_id=130 key=296 prog_fd=72 prog_id=18 flags=0 ret=0 errno=0
[48.844708 pid=1940 tid=1954] native-loader jit-info prog_array-target fd=72 id=18 type=17 name=sys_exit_submit tag=07fb247c2a62a43e jited_len=12117 xlated_len=20536 nr_jited_ksyms=1 ksym0=0xffffffffc0407298 ksym1=0x0
[48.844800 pid=1940 tid=1954] BPF_MAP_UPDATE_ELEM prog_array name=sys_exit_submit map_fd=17 map_id=130 key=297 prog_fd=72 prog_id=18 flags=0 ret=0 errno=0
[48.844883 pid=1940 tid=1954] native-loader jit-info prog_array-target fd=72 id=18 type=17 name=sys_exit_submit tag=07fb247c2a62a43e jited_len=12117 xlated_len=20536 nr_jited_ksyms=1 ksym0=0xffffffffc0407298 ksym1=0x0
[48.844977 pid=1940 tid=1954] BPF_MAP_UPDATE_ELEM prog_array name=sys_exit_submit map_fd=17 map_id=130 key=298 prog_fd=72 prog_id=18 flags=0 ret=0 errno=0
[48.845060 pid=1940 tid=1954] native-loader jit-info prog_array-target fd=72 id=18 type=17 name=sys_exit_submit tag=07fb247c2a62a43e jited_len=12117 xlated_len=20536 nr_jited_ksyms=1 ksym0=0xffffffffc0407298 ksym1=0x0
[48.845152 pid=1940 tid=1954] BPF_MAP_UPDATE_ELEM prog_array name=sys_exit_submit map_fd=17 map_id=130 key=299 prog_fd=72 prog_id=18 flags=0 ret=0 errno=0
[48.845235 pid=1940 tid=1954] native-loader jit-info prog_array-target fd=72 id=18 type=17 name=sys_exit_submit tag=07fb247c2a62a43e jited_len=12117 xlated_len=20536 nr_jited_ksyms=1 ksym0=0xffffffffc0407298 ksym1=0x0
[48.845326 pid=1940 tid=1954] BPF_MAP_UPDATE_ELEM prog_array name=sys_exit_submit map_fd=17 map_id=130 key=300 prog_fd=72 prog_id=18 flags=0 ret=0 errno=0
[48.845410 pid=1940 tid=1954] native-loader jit-info prog_array-target fd=72 id=18 type=17 name=sys_exit_submit tag=07fb247c2a62a43e jited_len=12117 xlated_len=20536 nr_jited_ksyms=1 ksym0=0xffffffffc0407298 ksym1=0x0
[48.845502 pid=1940 tid=1954] BPF_MAP_UPDATE_ELEM prog_array name=sys_exit_submit map_fd=17 map_id=130 key=301 prog_fd=72 prog_id=18 flags=0 ret=0 errno=0
[48.845584 pid=1940 tid=1954] native-loader jit-info prog_array-target fd=72 id=18 type=17 name=sys_exit_submit tag=07fb247c2a62a43e jited_len=12117 xlated_len=20536 nr_jited_ksyms=1 ksym0=0xffffffffc0407298 ksym1=0x0
[48.845677 pid=1940 tid=1954] BPF_MAP_UPDATE_ELEM prog_array name=sys_exit_submit map_fd=17 map_id=130 key=302 prog_fd=72 prog_id=18 flags=0 ret=0 errno=0
[48.845761 pid=1940 tid=1954] native-loader jit-info prog_array-target fd=72 id=18 type=17 name=sys_exit_submit tag=07fb247c2a62a43e jited_len=12117 xlated_len=20536 nr_jited_ksyms=1 ksym0=0xffffffffc0407298 ksym1=0x0
[48.845853 pid=1940 tid=1954] BPF_MAP_UPDATE_ELEM prog_array name=sys_exit_submit map_fd=17 map_id=130 key=303 prog_fd=72 prog_id=18 flags=0 ret=0 errno=0
[48.845940 pid=1940 tid=1954] native-loader jit-info prog_array-target fd=72 id=18 type=17 name=sys_exit_submit tag=07fb247c2a62a43e jited_len=12117 xlated_len=20536 nr_jited_ksyms=1 ksym0=0xffffffffc0407298 ksym1=0x0
[48.846033 pid=1940 tid=1954] BPF_MAP_UPDATE_ELEM prog_array name=sys_exit_submit map_fd=17 map_id=130 key=304 prog_fd=72 prog_id=18 flags=0 ret=0 errno=0
[48.846116 pid=1940 tid=1954] native-loader jit-info prog_array-target fd=72 id=18 type=17 name=sys_exit_submit tag=07fb247c2a62a43e jited_len=12117 xlated_len=20536 nr_jited_ksyms=1 ksym0=0xffffffffc0407298 ksym1=0x0
[48.846208 pid=1940 tid=1954] BPF_MAP_UPDATE_ELEM prog_array name=sys_exit_submit map_fd=17 map_id=130 key=305 prog_fd=72 prog_id=18 flags=0 ret=0 errno=0
[48.846295 pid=1940 tid=1954] native-loader jit-info prog_array-target fd=72 id=18 type=17 name=sys_exit_submit tag=07fb247c2a62a43e jited_len=12117 xlated_len=20536 nr_jited_ksyms=1 ksym0=0xffffffffc0407298 ksym1=0x0
[48.846391 pid=1940 tid=1954] BPF_MAP_UPDATE_ELEM prog_array name=sys_exit_submit map_fd=17 map_id=130 key=306 prog_fd=72 prog_id=18 flags=0 ret=0 errno=0
[48.846473 pid=1940 tid=1954] native-loader jit-info prog_array-target fd=72 id=18 type=17 name=sys_exit_submit tag=07fb247c2a62a43e jited_len=12117 xlated_len=20536 nr_jited_ksyms=1 ksym0=0xffffffffc0407298 ksym1=0x0
[48.846565 pid=1940 tid=1954] BPF_MAP_UPDATE_ELEM prog_array name=sys_exit_submit map_fd=17 map_id=130 key=307 prog_fd=72 prog_id=18 flags=0 ret=0 errno=0
[48.846648 pid=1940 tid=1954] native-loader jit-info prog_array-target fd=72 id=18 type=17 name=sys_exit_submit tag=07fb247c2a62a43e jited_len=12117 xlated_len=20536 nr_jited_ksyms=1 ksym0=0xffffffffc0407298 ksym1=0x0
[48.846740 pid=1940 tid=1954] BPF_MAP_UPDATE_ELEM prog_array name=sys_exit_submit map_fd=17 map_id=130 key=308 prog_fd=72 prog_id=18 flags=0 ret=0 errno=0
[48.846823 pid=1940 tid=1954] native-loader jit-info prog_array-target fd=72 id=18 type=17 name=sys_exit_submit tag=07fb247c2a62a43e jited_len=12117 xlated_len=20536 nr_jited_ksyms=1 ksym0=0xffffffffc0407298 ksym1=0x0
[48.846915 pid=1940 tid=1954] BPF_MAP_UPDATE_ELEM prog_array name=sys_exit_submit map_fd=17 map_id=130 key=309 prog_fd=72 prog_id=18 flags=0 ret=0 errno=0
[48.847000 pid=1940 tid=1954] native-loader jit-info prog_array-target fd=72 id=18 type=17 name=sys_exit_submit tag=07fb247c2a62a43e jited_len=12117 xlated_len=20536 nr_jited_ksyms=1 ksym0=0xffffffffc0407298 ksym1=0x0
[48.847092 pid=1940 tid=1954] BPF_MAP_UPDATE_ELEM prog_array name=sys_exit_submit map_fd=17 map_id=130 key=310 prog_fd=72 prog_id=18 flags=0 ret=0 errno=0
[48.847175 pid=1940 tid=1954] native-loader jit-info prog_array-target fd=72 id=18 type=17 name=sys_exit_submit tag=07fb247c2a62a43e jited_len=12117 xlated_len=20536 nr_jited_ksyms=1 ksym0=0xffffffffc0407298 ksym1=0x0
[48.847267 pid=1940 tid=1954] BPF_MAP_UPDATE_ELEM prog_array name=sys_exit_submit map_fd=17 map_id=130 key=312 prog_fd=72 prog_id=18 flags=0 ret=0 errno=0
[48.847552 pid=1940 tid=1954] native-loader jit-info prog_array-target fd=72 id=18 type=17 name=sys_exit_submit tag=07fb247c2a62a43e jited_len=12117 xlated_len=20536 nr_jited_ksyms=1 ksym0=0xffffffffc0407298 ksym1=0x0
[48.847676 pid=1940 tid=1954] BPF_MAP_UPDATE_ELEM prog_array name=sys_exit_submit map_fd=17 map_id=130 key=313 prog_fd=72 prog_id=18 flags=0 ret=0 errno=0
[48.847772 pid=1940 tid=1954] native-loader jit-info prog_array-target fd=72 id=18 type=17 name=sys_exit_submit tag=07fb247c2a62a43e jited_len=12117 xlated_len=20536 nr_jited_ksyms=1 ksym0=0xffffffffc0407298 ksym1=0x0
[48.847879 pid=1940 tid=1954] BPF_MAP_UPDATE_ELEM prog_array name=sys_exit_submit map_fd=17 map_id=130 key=314 prog_fd=72 prog_id=18 flags=0 ret=0 errno=0
[48.847948 pid=1940 tid=1954] native-loader jit-info prog_array-target fd=72 id=18 type=17 name=sys_exit_submit tag=07fb247c2a62a43e jited_len=12117 xlated_len=20536 nr_jited_ksyms=1 ksym0=0xffffffffc0407298 ksym1=0x0
[48.848042 pid=1940 tid=1954] BPF_MAP_UPDATE_ELEM prog_array name=sys_exit_submit map_fd=17 map_id=130 key=315 prog_fd=72 prog_id=18 flags=0 ret=0 errno=0
[48.848125 pid=1940 tid=1954] native-loader jit-info prog_array-target fd=72 id=18 type=17 name=sys_exit_submit tag=07fb247c2a62a43e jited_len=12117 xlated_len=20536 nr_jited_ksyms=1 ksym0=0xffffffffc0407298 ksym1=0x0
[48.848336 pid=1940 tid=1954] BPF_MAP_UPDATE_ELEM prog_array name=sys_exit_submit map_fd=17 map_id=130 key=316 prog_fd=72 prog_id=18 flags=0 ret=0 errno=0
[48.848417 pid=1940 tid=1954] native-loader jit-info prog_array-target fd=72 id=18 type=17 name=sys_exit_submit tag=07fb247c2a62a43e jited_len=12117 xlated_len=20536 nr_jited_ksyms=1 ksym0=0xffffffffc0407298 ksym1=0x0
[48.848510 pid=1940 tid=1954] BPF_MAP_UPDATE_ELEM prog_array name=sys_exit_submit map_fd=17 map_id=130 key=317 prog_fd=72 prog_id=18 flags=0 ret=0 errno=0
[48.848593 pid=1940 tid=1954] native-loader jit-info prog_array-target fd=72 id=18 type=17 name=sys_exit_submit tag=07fb247c2a62a43e jited_len=12117 xlated_len=20536 nr_jited_ksyms=1 ksym0=0xffffffffc0407298 ksym1=0x0
[48.848800 pid=1940 tid=1954] BPF_MAP_UPDATE_ELEM prog_array name=sys_exit_submit map_fd=17 map_id=130 key=318 prog_fd=72 prog_id=18 flags=0 ret=0 errno=0
[48.849179 pid=1940 tid=1954] native-loader jit-info prog_array-target fd=72 id=18 type=17 name=sys_exit_submit tag=07fb247c2a62a43e jited_len=12117 xlated_len=20536 nr_jited_ksyms=1 ksym0=0xffffffffc0407298 ksym1=0x0
[48.849286 pid=1940 tid=1954] BPF_MAP_UPDATE_ELEM prog_array name=sys_exit_submit map_fd=17 map_id=130 key=319 prog_fd=72 prog_id=18 flags=0 ret=0 errno=0
[48.849564 pid=1940 tid=1954] native-loader jit-info prog_array-target fd=72 id=18 type=17 name=sys_exit_submit tag=07fb247c2a62a43e jited_len=12117 xlated_len=20536 nr_jited_ksyms=1 ksym0=0xffffffffc0407298 ksym1=0x0
[48.849675 pid=1940 tid=1954] BPF_MAP_UPDATE_ELEM prog_array name=sys_exit_submit map_fd=17 map_id=130 key=320 prog_fd=72 prog_id=18 flags=0 ret=0 errno=0
[48.849755 pid=1940 tid=1954] native-loader jit-info prog_array-target fd=72 id=18 type=17 name=sys_exit_submit tag=07fb247c2a62a43e jited_len=12117 xlated_len=20536 nr_jited_ksyms=1 ksym0=0xffffffffc0407298 ksym1=0x0
[48.849944 pid=1940 tid=1954] BPF_MAP_UPDATE_ELEM prog_array name=sys_exit_submit map_fd=17 map_id=130 key=321 prog_fd=72 prog_id=18 flags=0 ret=0 errno=0
[48.850068 pid=1940 tid=1954] native-loader jit-info prog_array-target fd=72 id=18 type=17 name=sys_exit_submit tag=07fb247c2a62a43e jited_len=12117 xlated_len=20536 nr_jited_ksyms=1 ksym0=0xffffffffc0407298 ksym1=0x0
[48.850161 pid=1940 tid=1954] BPF_MAP_UPDATE_ELEM prog_array name=sys_exit_submit map_fd=17 map_id=130 key=322 prog_fd=72 prog_id=18 flags=0 ret=0 errno=0
[48.850244 pid=1940 tid=1954] native-loader jit-info prog_array-target fd=72 id=18 type=17 name=sys_exit_submit tag=07fb247c2a62a43e jited_len=12117 xlated_len=20536 nr_jited_ksyms=1 ksym0=0xffffffffc0407298 ksym1=0x0
[48.850338 pid=1940 tid=1954] BPF_MAP_UPDATE_ELEM prog_array name=sys_exit_submit map_fd=17 map_id=130 key=323 prog_fd=72 prog_id=18 flags=0 ret=0 errno=0
[48.850421 pid=1940 tid=1954] native-loader jit-info prog_array-target fd=72 id=18 type=17 name=sys_exit_submit tag=07fb247c2a62a43e jited_len=12117 xlated_len=20536 nr_jited_ksyms=1 ksym0=0xffffffffc0407298 ksym1=0x0
[48.850514 pid=1940 tid=1954] BPF_MAP_UPDATE_ELEM prog_array name=sys_exit_submit map_fd=17 map_id=130 key=324 prog_fd=72 prog_id=18 flags=0 ret=0 errno=0
[48.850598 pid=1940 tid=1954] native-loader jit-info prog_array-target fd=72 id=18 type=17 name=sys_exit_submit tag=07fb247c2a62a43e jited_len=12117 xlated_len=20536 nr_jited_ksyms=1 ksym0=0xffffffffc0407298 ksym1=0x0
[48.850691 pid=1940 tid=1954] BPF_MAP_UPDATE_ELEM prog_array name=sys_exit_submit map_fd=17 map_id=130 key=325 prog_fd=72 prog_id=18 flags=0 ret=0 errno=0
[48.850774 pid=1940 tid=1954] native-loader jit-info prog_array-target fd=72 id=18 type=17 name=sys_exit_submit tag=07fb247c2a62a43e jited_len=12117 xlated_len=20536 nr_jited_ksyms=1 ksym0=0xffffffffc0407298 ksym1=0x0
[48.851222 pid=1940 tid=1954] BPF_MAP_UPDATE_ELEM prog_array name=sys_exit_submit map_fd=17 map_id=130 key=326 prog_fd=72 prog_id=18 flags=0 ret=0 errno=0
[48.851310 pid=1940 tid=1954] native-loader jit-info prog_array-target fd=72 id=18 type=17 name=sys_exit_submit tag=07fb247c2a62a43e jited_len=12117 xlated_len=20536 nr_jited_ksyms=1 ksym0=0xffffffffc0407298 ksym1=0x0
[48.851404 pid=1940 tid=1954] BPF_MAP_UPDATE_ELEM prog_array name=sys_exit_submit map_fd=17 map_id=130 key=327 prog_fd=72 prog_id=18 flags=0 ret=0 errno=0
[48.851488 pid=1940 tid=1954] native-loader jit-info prog_array-target fd=72 id=18 type=17 name=sys_exit_submit tag=07fb247c2a62a43e jited_len=12117 xlated_len=20536 nr_jited_ksyms=1 ksym0=0xffffffffc0407298 ksym1=0x0
[48.851581 pid=1940 tid=1954] BPF_MAP_UPDATE_ELEM prog_array name=sys_exit_submit map_fd=17 map_id=130 key=328 prog_fd=72 prog_id=18 flags=0 ret=0 errno=0
[48.851663 pid=1940 tid=1954] native-loader jit-info prog_array-target fd=72 id=18 type=17 name=sys_exit_submit tag=07fb247c2a62a43e jited_len=12117 xlated_len=20536 nr_jited_ksyms=1 ksym0=0xffffffffc0407298 ksym1=0x0
[48.851757 pid=1940 tid=1954] BPF_MAP_UPDATE_ELEM prog_array name=sys_exit_submit map_fd=17 map_id=130 key=329 prog_fd=72 prog_id=18 flags=0 ret=0 errno=0
[48.851839 pid=1940 tid=1954] native-loader jit-info prog_array-target fd=72 id=18 type=17 name=sys_exit_submit tag=07fb247c2a62a43e jited_len=12117 xlated_len=20536 nr_jited_ksyms=1 ksym0=0xffffffffc0407298 ksym1=0x0
[48.851936 pid=1940 tid=1954] BPF_MAP_UPDATE_ELEM prog_array name=sys_exit_submit map_fd=17 map_id=130 key=330 prog_fd=72 prog_id=18 flags=0 ret=0 errno=0
[48.852020 pid=1940 tid=1954] native-loader jit-info prog_array-target fd=72 id=18 type=17 name=sys_exit_submit tag=07fb247c2a62a43e jited_len=12117 xlated_len=20536 nr_jited_ksyms=1 ksym0=0xffffffffc0407298 ksym1=0x0
[48.852113 pid=1940 tid=1954] BPF_MAP_UPDATE_ELEM prog_array name=sys_exit_submit map_fd=17 map_id=130 key=331 prog_fd=72 prog_id=18 flags=0 ret=0 errno=0
[48.852196 pid=1940 tid=1954] native-loader jit-info prog_array-target fd=72 id=18 type=17 name=sys_exit_submit tag=07fb247c2a62a43e jited_len=12117 xlated_len=20536 nr_jited_ksyms=1 ksym0=0xffffffffc0407298 ksym1=0x0
[48.852289 pid=1940 tid=1954] BPF_MAP_UPDATE_ELEM prog_array name=sys_exit_submit map_fd=17 map_id=130 key=332 prog_fd=72 prog_id=18 flags=0 ret=0 errno=0
[48.852372 pid=1940 tid=1954] native-loader jit-info prog_array-target fd=72 id=18 type=17 name=sys_exit_submit tag=07fb247c2a62a43e jited_len=12117 xlated_len=20536 nr_jited_ksyms=1 ksym0=0xffffffffc0407298 ksym1=0x0
[48.852464 pid=1940 tid=1954] BPF_MAP_UPDATE_ELEM prog_array name=sys_exit_submit map_fd=17 map_id=130 key=333 prog_fd=72 prog_id=18 flags=0 ret=0 errno=0
[48.852548 pid=1940 tid=1954] native-loader jit-info prog_array-target fd=72 id=18 type=17 name=sys_exit_submit tag=07fb247c2a62a43e jited_len=12117 xlated_len=20536 nr_jited_ksyms=1 ksym0=0xffffffffc0407298 ksym1=0x0
[48.852641 pid=1940 tid=1954] BPF_MAP_UPDATE_ELEM prog_array name=sys_exit_submit map_fd=17 map_id=130 key=334 prog_fd=72 prog_id=18 flags=0 ret=0 errno=0
[48.852723 pid=1940 tid=1954] native-loader jit-info prog_array-target fd=72 id=18 type=17 name=sys_exit_submit tag=07fb247c2a62a43e jited_len=12117 xlated_len=20536 nr_jited_ksyms=1 ksym0=0xffffffffc0407298 ksym1=0x0
[48.852815 pid=1940 tid=1954] BPF_MAP_UPDATE_ELEM prog_array name=sys_exit_submit map_fd=17 map_id=130 key=424 prog_fd=72 prog_id=18 flags=0 ret=0 errno=0
[48.852900 pid=1940 tid=1954] native-loader jit-info prog_array-target fd=72 id=18 type=17 name=sys_exit_submit tag=07fb247c2a62a43e jited_len=12117 xlated_len=20536 nr_jited_ksyms=1 ksym0=0xffffffffc0407298 ksym1=0x0
[48.852996 pid=1940 tid=1954] BPF_MAP_UPDATE_ELEM prog_array name=sys_exit_submit map_fd=17 map_id=130 key=425 prog_fd=72 prog_id=18 flags=0 ret=0 errno=0
[48.853079 pid=1940 tid=1954] native-loader jit-info prog_array-target fd=72 id=18 type=17 name=sys_exit_submit tag=07fb247c2a62a43e jited_len=12117 xlated_len=20536 nr_jited_ksyms=1 ksym0=0xffffffffc0407298 ksym1=0x0
[48.853172 pid=1940 tid=1954] BPF_MAP_UPDATE_ELEM prog_array name=sys_exit_submit map_fd=17 map_id=130 key=426 prog_fd=72 prog_id=18 flags=0 ret=0 errno=0
[48.853254 pid=1940 tid=1954] native-loader jit-info prog_array-target fd=72 id=18 type=17 name=sys_exit_submit tag=07fb247c2a62a43e jited_len=12117 xlated_len=20536 nr_jited_ksyms=1 ksym0=0xffffffffc0407298 ksym1=0x0
[48.853347 pid=1940 tid=1954] BPF_MAP_UPDATE_ELEM prog_array name=sys_exit_submit map_fd=17 map_id=130 key=427 prog_fd=72 prog_id=18 flags=0 ret=0 errno=0
[48.853430 pid=1940 tid=1954] native-loader jit-info prog_array-target fd=72 id=18 type=17 name=sys_exit_submit tag=07fb247c2a62a43e jited_len=12117 xlated_len=20536 nr_jited_ksyms=1 ksym0=0xffffffffc0407298 ksym1=0x0
[48.853522 pid=1940 tid=1954] BPF_MAP_UPDATE_ELEM prog_array name=sys_exit_submit map_fd=17 map_id=130 key=428 prog_fd=72 prog_id=18 flags=0 ret=0 errno=0
[48.853605 pid=1940 tid=1954] native-loader jit-info prog_array-target fd=72 id=18 type=17 name=sys_exit_submit tag=07fb247c2a62a43e jited_len=12117 xlated_len=20536 nr_jited_ksyms=1 ksym0=0xffffffffc0407298 ksym1=0x0
[48.853698 pid=1940 tid=1954] BPF_MAP_UPDATE_ELEM prog_array name=sys_exit_submit map_fd=17 map_id=130 key=429 prog_fd=72 prog_id=18 flags=0 ret=0 errno=0
[48.853780 pid=1940 tid=1954] native-loader jit-info prog_array-target fd=72 id=18 type=17 name=sys_exit_submit tag=07fb247c2a62a43e jited_len=12117 xlated_len=20536 nr_jited_ksyms=1 ksym0=0xffffffffc0407298 ksym1=0x0
[48.853873 pid=1940 tid=1954] BPF_MAP_UPDATE_ELEM prog_array name=sys_exit_submit map_fd=17 map_id=130 key=430 prog_fd=72 prog_id=18 flags=0 ret=0 errno=0
[48.853958 pid=1940 tid=1954] native-loader jit-info prog_array-target fd=72 id=18 type=17 name=sys_exit_submit tag=07fb247c2a62a43e jited_len=12117 xlated_len=20536 nr_jited_ksyms=1 ksym0=0xffffffffc0407298 ksym1=0x0
[48.854051 pid=1940 tid=1954] BPF_MAP_UPDATE_ELEM prog_array name=sys_exit_submit map_fd=17 map_id=130 key=431 prog_fd=72 prog_id=18 flags=0 ret=0 errno=0
[48.854134 pid=1940 tid=1954] native-loader jit-info prog_array-target fd=72 id=18 type=17 name=sys_exit_submit tag=07fb247c2a62a43e jited_len=12117 xlated_len=20536 nr_jited_ksyms=1 ksym0=0xffffffffc0407298 ksym1=0x0
[48.854226 pid=1940 tid=1954] BPF_MAP_UPDATE_ELEM prog_array name=sys_exit_submit map_fd=17 map_id=130 key=432 prog_fd=72 prog_id=18 flags=0 ret=0 errno=0
[48.854309 pid=1940 tid=1954] native-loader jit-info prog_array-target fd=72 id=18 type=17 name=sys_exit_submit tag=07fb247c2a62a43e jited_len=12117 xlated_len=20536 nr_jited_ksyms=1 ksym0=0xffffffffc0407298 ksym1=0x0
[48.854401 pid=1940 tid=1954] BPF_MAP_UPDATE_ELEM prog_array name=sys_exit_submit map_fd=17 map_id=130 key=433 prog_fd=72 prog_id=18 flags=0 ret=0 errno=0
[48.854484 pid=1940 tid=1954] native-loader jit-info prog_array-target fd=72 id=18 type=17 name=sys_exit_submit tag=07fb247c2a62a43e jited_len=12117 xlated_len=20536 nr_jited_ksyms=1 ksym0=0xffffffffc0407298 ksym1=0x0
[48.854576 pid=1940 tid=1954] BPF_MAP_UPDATE_ELEM prog_array name=sys_exit_submit map_fd=17 map_id=130 key=434 prog_fd=72 prog_id=18 flags=0 ret=0 errno=0
[48.854658 pid=1940 tid=1954] native-loader jit-info prog_array-target fd=72 id=18 type=17 name=sys_exit_submit tag=07fb247c2a62a43e jited_len=12117 xlated_len=20536 nr_jited_ksyms=1 ksym0=0xffffffffc0407298 ksym1=0x0
[48.854751 pid=1940 tid=1954] BPF_MAP_UPDATE_ELEM prog_array name=sys_exit_submit map_fd=17 map_id=130 key=435 prog_fd=72 prog_id=18 flags=0 ret=0 errno=0
[48.854834 pid=1940 tid=1954] native-loader jit-info prog_array-target fd=72 id=18 type=17 name=sys_exit_submit tag=07fb247c2a62a43e jited_len=12117 xlated_len=20536 nr_jited_ksyms=1 ksym0=0xffffffffc0407298 ksym1=0x0
[48.855221 pid=1940 tid=1954] BPF_MAP_UPDATE_ELEM prog_array name=sys_exit_submit map_fd=17 map_id=130 key=436 prog_fd=72 prog_id=18 flags=0 ret=0 errno=0
[48.855310 pid=1940 tid=1954] native-loader jit-info prog_array-target fd=72 id=18 type=17 name=sys_exit_submit tag=07fb247c2a62a43e jited_len=12117 xlated_len=20536 nr_jited_ksyms=1 ksym0=0xffffffffc0407298 ksym1=0x0
[48.855402 pid=1940 tid=1954] BPF_MAP_UPDATE_ELEM prog_array name=sys_exit_submit map_fd=17 map_id=130 key=437 prog_fd=72 prog_id=18 flags=0 ret=0 errno=0
[48.855711 pid=1940 tid=1954] native-loader jit-info prog_array-target fd=72 id=18 type=17 name=sys_exit_submit tag=07fb247c2a62a43e jited_len=12117 xlated_len=20536 nr_jited_ksyms=1 ksym0=0xffffffffc0407298 ksym1=0x0
[48.855819 pid=1940 tid=1954] BPF_MAP_UPDATE_ELEM prog_array name=sys_exit_submit map_fd=17 map_id=130 key=438 prog_fd=72 prog_id=18 flags=0 ret=0 errno=0
[48.855900 pid=1940 tid=1954] native-loader jit-info prog_array-target fd=72 id=18 type=17 name=sys_exit_submit tag=07fb247c2a62a43e jited_len=12117 xlated_len=20536 nr_jited_ksyms=1 ksym0=0xffffffffc0407298 ksym1=0x0
[48.856259 pid=1940 tid=1954] BPF_MAP_UPDATE_ELEM prog_array name=sys_exit_submit map_fd=17 map_id=130 key=439 prog_fd=72 prog_id=18 flags=0 ret=0 errno=0
[48.856355 pid=1940 tid=1954] native-loader jit-info prog_array-target fd=72 id=18 type=17 name=sys_exit_submit tag=07fb247c2a62a43e jited_len=12117 xlated_len=20536 nr_jited_ksyms=1 ksym0=0xffffffffc0407298 ksym1=0x0
[48.856447 pid=1940 tid=1954] BPF_MAP_UPDATE_ELEM prog_array name=sys_exit_submit map_fd=17 map_id=130 key=440 prog_fd=72 prog_id=18 flags=0 ret=0 errno=0
[48.856530 pid=1940 tid=1954] native-loader jit-info prog_array-target fd=72 id=18 type=17 name=sys_exit_submit tag=07fb247c2a62a43e jited_len=12117 xlated_len=20536 nr_jited_ksyms=1 ksym0=0xffffffffc0407298 ksym1=0x0
[48.856623 pid=1940 tid=1954] BPF_MAP_UPDATE_ELEM prog_array name=sys_exit_submit map_fd=17 map_id=130 key=441 prog_fd=72 prog_id=18 flags=0 ret=0 errno=0
[48.856706 pid=1940 tid=1954] native-loader jit-info prog_array-target fd=72 id=18 type=17 name=sys_exit_submit tag=07fb247c2a62a43e jited_len=12117 xlated_len=20536 nr_jited_ksyms=1 ksym0=0xffffffffc0407298 ksym1=0x0
[48.856799 pid=1940 tid=1954] BPF_MAP_UPDATE_ELEM prog_array name=sys_exit_submit map_fd=17 map_id=130 key=442 prog_fd=72 prog_id=18 flags=0 ret=0 errno=0
[48.856882 pid=1940 tid=1954] native-loader jit-info prog_array-target fd=72 id=18 type=17 name=sys_exit_submit tag=07fb247c2a62a43e jited_len=12117 xlated_len=20536 nr_jited_ksyms=1 ksym0=0xffffffffc0407298 ksym1=0x0
[48.856951 pid=1940 tid=1954] BPF_MAP_UPDATE_ELEM prog_array name=sys_exit_submit map_fd=17 map_id=130 key=443 prog_fd=72 prog_id=18 flags=0 ret=0 errno=0
[48.857033 pid=1940 tid=1954] native-loader jit-info prog_array-target fd=72 id=18 type=17 name=sys_exit_submit tag=07fb247c2a62a43e jited_len=12117 xlated_len=20536 nr_jited_ksyms=1 ksym0=0xffffffffc0407298 ksym1=0x0
[48.857462 pid=1940 tid=1954] BPF_MAP_UPDATE_ELEM prog_array name=sys_exit_submit map_fd=17 map_id=130 key=444 prog_fd=72 prog_id=18 flags=0 ret=0 errno=0
[48.857573 pid=1940 tid=1954] native-loader jit-info prog_array-target fd=72 id=18 type=17 name=sys_exit_submit tag=07fb247c2a62a43e jited_len=12117 xlated_len=20536 nr_jited_ksyms=1 ksym0=0xffffffffc0407298 ksym1=0x0
[48.857680 pid=1940 tid=1954] BPF_MAP_UPDATE_ELEM prog_array name=sys_exit_submit map_fd=17 map_id=130 key=445 prog_fd=72 prog_id=18 flags=0 ret=0 errno=0
[48.857774 pid=1940 tid=1954] native-loader jit-info prog_array-target fd=72 id=18 type=17 name=sys_exit_submit tag=07fb247c2a62a43e jited_len=12117 xlated_len=20536 nr_jited_ksyms=1 ksym0=0xffffffffc0407298 ksym1=0x0
[48.857868 pid=1940 tid=1954] BPF_MAP_UPDATE_ELEM prog_array name=sys_exit_submit map_fd=17 map_id=130 key=446 prog_fd=72 prog_id=18 flags=0 ret=0 errno=0
[48.857954 pid=1940 tid=1954] native-loader jit-info prog_array-target fd=72 id=18 type=17 name=sys_exit_submit tag=07fb247c2a62a43e jited_len=12117 xlated_len=20536 nr_jited_ksyms=1 ksym0=0xffffffffc0407298 ksym1=0x0
[48.858048 pid=1940 tid=1954] BPF_MAP_UPDATE_ELEM prog_array name=sys_exit_submit map_fd=17 map_id=130 key=447 prog_fd=72 prog_id=18 flags=0 ret=0 errno=0
[48.858130 pid=1940 tid=1954] native-loader jit-info prog_array-target fd=72 id=18 type=17 name=sys_exit_submit tag=07fb247c2a62a43e jited_len=12117 xlated_len=20536 nr_jited_ksyms=1 ksym0=0xffffffffc0407298 ksym1=0x0
[48.858223 pid=1940 tid=1954] BPF_MAP_UPDATE_ELEM prog_array name=sys_exit_submit map_fd=17 map_id=130 key=448 prog_fd=72 prog_id=18 flags=0 ret=0 errno=0
[48.858305 pid=1940 tid=1954] native-loader jit-info prog_array-target fd=72 id=18 type=17 name=sys_exit_submit tag=07fb247c2a62a43e jited_len=12117 xlated_len=20536 nr_jited_ksyms=1 ksym0=0xffffffffc0407298 ksym1=0x0
[48.858398 pid=1940 tid=1954] BPF_MAP_UPDATE_ELEM prog_array name=sys_exit_submit map_fd=17 map_id=130 key=449 prog_fd=72 prog_id=18 flags=0 ret=0 errno=0
[48.858480 pid=1940 tid=1954] native-loader jit-info prog_array-target fd=72 id=18 type=17 name=sys_exit_submit tag=07fb247c2a62a43e jited_len=12117 xlated_len=20536 nr_jited_ksyms=1 ksym0=0xffffffffc0407298 ksym1=0x0
[48.858573 pid=1940 tid=1954] BPF_MAP_UPDATE_ELEM prog_array name=sys_exit_submit map_fd=17 map_id=130 key=450 prog_fd=72 prog_id=18 flags=0 ret=0 errno=0
[48.858657 pid=1940 tid=1954] native-loader jit-info prog_array-target fd=72 id=18 type=17 name=sys_exit_submit tag=07fb247c2a62a43e jited_len=12117 xlated_len=20536 nr_jited_ksyms=1 ksym0=0xffffffffc0407298 ksym1=0x0
[48.858750 pid=1940 tid=1954] BPF_MAP_UPDATE_ELEM prog_array name=sys_exit_submit map_fd=17 map_id=130 key=451 prog_fd=72 prog_id=18 flags=0 ret=0 errno=0
[48.858835 pid=1940 tid=1954] native-loader jit-info prog_array-target fd=72 id=18 type=17 name=sys_exit_submit tag=07fb247c2a62a43e jited_len=12117 xlated_len=20536 nr_jited_ksyms=1 ksym0=0xffffffffc0407298 ksym1=0x0
[48.858930 pid=1940 tid=1954] BPF_MAP_UPDATE_ELEM prog_array name=sys_exit_submit map_fd=17 map_id=130 key=452 prog_fd=72 prog_id=18 flags=0 ret=0 errno=0
[48.859013 pid=1940 tid=1954] native-loader jit-info prog_array-target fd=72 id=18 type=17 name=sys_exit_submit tag=07fb247c2a62a43e jited_len=12117 xlated_len=20536 nr_jited_ksyms=1 ksym0=0xffffffffc0407298 ksym1=0x0
[48.859106 pid=1940 tid=1954] BPF_MAP_UPDATE_ELEM prog_array name=sys_exit_submit map_fd=17 map_id=130 key=453 prog_fd=72 prog_id=18 flags=0 ret=0 errno=0
[48.859190 pid=1940 tid=1954] native-loader jit-info prog_array-target fd=72 id=18 type=17 name=sys_exit_submit tag=07fb247c2a62a43e jited_len=12117 xlated_len=20536 nr_jited_ksyms=1 ksym0=0xffffffffc0407298 ksym1=0x0
[48.859283 pid=1940 tid=1954] BPF_MAP_UPDATE_ELEM prog_array name=sys_exit_submit map_fd=17 map_id=130 key=454 prog_fd=72 prog_id=18 flags=0 ret=0 errno=0
[48.859366 pid=1940 tid=1954] native-loader jit-info prog_array-target fd=72 id=18 type=17 name=sys_exit_submit tag=07fb247c2a62a43e jited_len=12117 xlated_len=20536 nr_jited_ksyms=1 ksym0=0xffffffffc0407298 ksym1=0x0
[48.859458 pid=1940 tid=1954] BPF_MAP_UPDATE_ELEM prog_array name=sys_exit_submit map_fd=17 map_id=130 key=455 prog_fd=72 prog_id=18 flags=0 ret=0 errno=0
[48.859541 pid=1940 tid=1954] native-loader jit-info prog_array-target fd=72 id=18 type=17 name=sys_exit_submit tag=07fb247c2a62a43e jited_len=12117 xlated_len=20536 nr_jited_ksyms=1 ksym0=0xffffffffc0407298 ksym1=0x0
[48.859634 pid=1940 tid=1954] BPF_MAP_UPDATE_ELEM prog_array name=sys_exit_submit map_fd=17 map_id=130 key=456 prog_fd=72 prog_id=18 flags=0 ret=0 errno=0
[48.859717 pid=1940 tid=1954] native-loader jit-info prog_array-target fd=72 id=18 type=17 name=sys_exit_submit tag=07fb247c2a62a43e jited_len=12117 xlated_len=20536 nr_jited_ksyms=1 ksym0=0xffffffffc0407298 ksym1=0x0
[48.859811 pid=1940 tid=1954] BPF_MAP_UPDATE_ELEM prog_array name=sys_exit_submit map_fd=17 map_id=130 key=457 prog_fd=72 prog_id=18 flags=0 ret=0 errno=0
[48.859894 pid=1940 tid=1954] native-loader jit-info prog_array-target fd=72 id=18 type=17 name=sys_exit_submit tag=07fb247c2a62a43e jited_len=12117 xlated_len=20536 nr_jited_ksyms=1 ksym0=0xffffffffc0407298 ksym1=0x0
[48.859989 pid=1940 tid=1954] BPF_MAP_UPDATE_ELEM prog_array name=sys_exit_submit map_fd=17 map_id=130 key=458 prog_fd=72 prog_id=18 flags=0 ret=0 errno=0
[48.860072 pid=1940 tid=1954] native-loader jit-info prog_array-target fd=72 id=18 type=17 name=sys_exit_submit tag=07fb247c2a62a43e jited_len=12117 xlated_len=20536 nr_jited_ksyms=1 ksym0=0xffffffffc0407298 ksym1=0x0
[48.860164 pid=1940 tid=1954] BPF_MAP_UPDATE_ELEM prog_array name=sys_exit_submit map_fd=17 map_id=130 key=459 prog_fd=72 prog_id=18 flags=0 ret=0 errno=0
[48.860253 pid=1940 tid=1954] native-loader jit-info prog_array-target fd=72 id=18 type=17 name=sys_exit_submit tag=07fb247c2a62a43e jited_len=12117 xlated_len=20536 nr_jited_ksyms=1 ksym0=0xffffffffc0407298 ksym1=0x0
[48.860346 pid=1940 tid=1954] BPF_MAP_UPDATE_ELEM prog_array name=sys_exit_submit map_fd=17 map_id=130 key=460 prog_fd=72 prog_id=18 flags=0 ret=0 errno=0
[48.860429 pid=1940 tid=1954] native-loader jit-info prog_array-target fd=72 id=18 type=17 name=sys_exit_submit tag=07fb247c2a62a43e jited_len=12117 xlated_len=20536 nr_jited_ksyms=1 ksym0=0xffffffffc0407298 ksym1=0x0
[48.860521 pid=1940 tid=1954] BPF_MAP_UPDATE_ELEM prog_array name=sys_exit_submit map_fd=17 map_id=130 key=461 prog_fd=72 prog_id=18 flags=0 ret=0 errno=0
[48.860604 pid=1940 tid=1954] native-loader jit-info prog_array-target fd=72 id=18 type=17 name=sys_exit_submit tag=07fb247c2a62a43e jited_len=12117 xlated_len=20536 nr_jited_ksyms=1 ksym0=0xffffffffc0407298 ksym1=0x0
[48.860696 pid=1940 tid=1954] BPF_MAP_UPDATE_ELEM prog_array name=sys_exit_submit map_fd=17 map_id=130 key=462 prog_fd=72 prog_id=18 flags=0 ret=0 errno=0
[48.860778 pid=1940 tid=1954] native-loader jit-info prog_array-target fd=72 id=18 type=17 name=sys_exit_submit tag=07fb247c2a62a43e jited_len=12117 xlated_len=20536 nr_jited_ksyms=1 ksym0=0xffffffffc0407298 ksym1=0x0
[48.860871 pid=1940 tid=1954] BPF_MAP_UPDATE_ELEM prog_array name=sys_exit_submit map_fd=17 map_id=130 key=463 prog_fd=72 prog_id=18 flags=0 ret=0 errno=0
[48.860956 pid=1940 tid=1954] native-loader jit-info prog_array-target fd=72 id=18 type=17 name=sys_exit_submit tag=07fb247c2a62a43e jited_len=12117 xlated_len=20536 nr_jited_ksyms=1 ksym0=0xffffffffc0407298 ksym1=0x0
[48.861049 pid=1940 tid=1954] BPF_MAP_UPDATE_ELEM prog_array name=sys_exit_submit map_fd=17 map_id=130 key=464 prog_fd=72 prog_id=18 flags=0 ret=0 errno=0
[48.861132 pid=1940 tid=1954] native-loader jit-info prog_array-target fd=72 id=18 type=17 name=sys_exit_submit tag=07fb247c2a62a43e jited_len=12117 xlated_len=20536 nr_jited_ksyms=1 ksym0=0xffffffffc0407298 ksym1=0x0
[48.861590 pid=1940 tid=1954] BPF_MAP_UPDATE_ELEM prog_array name=sys_exit_submit map_fd=17 map_id=130 key=465 prog_fd=72 prog_id=18 flags=0 ret=0 errno=0
[48.861856 pid=1940 tid=1954] native-loader jit-info prog_array-target fd=72 id=18 type=17 name=sys_exit_submit tag=07fb247c2a62a43e jited_len=12117 xlated_len=20536 nr_jited_ksyms=1 ksym0=0xffffffffc0407298 ksym1=0x0
[48.861970 pid=1940 tid=1954] BPF_MAP_UPDATE_ELEM prog_array name=sys_exit_submit map_fd=17 map_id=130 key=466 prog_fd=72 prog_id=18 flags=0 ret=0 errno=0
[48.862606 pid=1940 tid=1954] native-loader jit-info prog_array-target fd=72 id=18 type=17 name=sys_exit_submit tag=07fb247c2a62a43e jited_len=12117 xlated_len=20536 nr_jited_ksyms=1 ksym0=0xffffffffc0407298 ksym1=0x0
[48.862833 pid=1940 tid=1954] BPF_MAP_UPDATE_ELEM prog_array name=sys_exit_submit map_fd=17 map_id=130 key=467 prog_fd=72 prog_id=18 flags=0 ret=0 errno=0
[48.862933 pid=1940 tid=1954] native-loader jit-info prog_array-target fd=72 id=18 type=17 name=sys_exit_submit tag=07fb247c2a62a43e jited_len=12117 xlated_len=20536 nr_jited_ksyms=1 ksym0=0xffffffffc0407298 ksym1=0x0
[48.863456 pid=1940 tid=1954] BPF_MAP_UPDATE_ELEM prog_array name=sys_exit_submit map_fd=17 map_id=130 key=468 prog_fd=72 prog_id=18 flags=0 ret=0 errno=0
[48.863899 pid=1940 tid=1954] native-loader jit-info prog_array-target fd=72 id=18 type=17 name=sys_exit_submit tag=07fb247c2a62a43e jited_len=12117 xlated_len=20536 nr_jited_ksyms=1 ksym0=0xffffffffc0407298 ksym1=0x0
[48.864254 pid=1940 tid=1954] BPF_MAP_UPDATE_ELEM prog_array name=sys_exit_submit map_fd=17 map_id=130 key=469 prog_fd=72 prog_id=18 flags=0 ret=0 errno=0
[48.864618 pid=1940 tid=1954] native-loader jit-info prog_array-target fd=72 id=18 type=17 name=sys_exit_submit tag=07fb247c2a62a43e jited_len=12117 xlated_len=20536 nr_jited_ksyms=1 ksym0=0xffffffffc0407298 ksym1=0x0
[48.864952 pid=1940 tid=1954] BPF_MAP_UPDATE_ELEM prog_array name=sys_exit_submit map_fd=17 map_id=130 key=470 prog_fd=72 prog_id=18 flags=0 ret=0 errno=0
[48.865063 pid=1940 tid=1954] native-loader jit-info prog_array-target fd=72 id=18 type=17 name=sys_exit_submit tag=07fb247c2a62a43e jited_len=12117 xlated_len=20536 nr_jited_ksyms=1 ksym0=0xffffffffc0407298 ksym1=0x0
[48.865158 pid=1940 tid=1954] BPF_MAP_UPDATE_ELEM prog_array name=sys_exit_submit map_fd=17 map_id=130 key=471 prog_fd=72 prog_id=18 flags=0 ret=0 errno=0
[48.865249 pid=1940 tid=1954] native-loader jit-info prog_array-target fd=72 id=18 type=17 name=sys_exit_submit tag=07fb247c2a62a43e jited_len=12117 xlated_len=20536 nr_jited_ksyms=1 ksym0=0xffffffffc0407298 ksym1=0x0
[48.865343 pid=1940 tid=1954] BPF_MAP_UPDATE_ELEM prog_array name=sys_exit_submit map_fd=17 map_id=130 key=472 prog_fd=72 prog_id=18 flags=0 ret=0 errno=0
[48.865424 pid=1940 tid=1954] native-loader jit-info prog_array-target fd=72 id=18 type=17 name=sys_exit_submit tag=07fb247c2a62a43e jited_len=12117 xlated_len=20536 nr_jited_ksyms=1 ksym0=0xffffffffc0407298 ksym1=0x0
[48.865616 pid=1940 tid=1954] BPF_MAP_UPDATE_ELEM prog_array name=sys_exit_submit map_fd=17 map_id=130 key=473 prog_fd=72 prog_id=18 flags=0 ret=0 errno=0
[48.865698 pid=1940 tid=1954] native-loader jit-info prog_array-target fd=72 id=18 type=17 name=sys_exit_submit tag=07fb247c2a62a43e jited_len=12117 xlated_len=20536 nr_jited_ksyms=1 ksym0=0xffffffffc0407298 ksym1=0x0
[48.865791 pid=1940 tid=1954] BPF_MAP_UPDATE_ELEM prog_array name=sys_exit_submit map_fd=17 map_id=130 key=474 prog_fd=72 prog_id=18 flags=0 ret=0 errno=0
[48.865874 pid=1940 tid=1954] native-loader jit-info prog_array-target fd=72 id=18 type=17 name=sys_exit_submit tag=07fb247c2a62a43e jited_len=12117 xlated_len=20536 nr_jited_ksyms=1 ksym0=0xffffffffc0407298 ksym1=0x0
[48.865970 pid=1940 tid=1954] BPF_MAP_UPDATE_ELEM prog_array name=sys_exit_submit map_fd=17 map_id=130 key=475 prog_fd=72 prog_id=18 flags=0 ret=0 errno=0
[48.866053 pid=1940 tid=1954] native-loader jit-info prog_array-target fd=72 id=18 type=17 name=sys_exit_submit tag=07fb247c2a62a43e jited_len=12117 xlated_len=20536 nr_jited_ksyms=1 ksym0=0xffffffffc0407298 ksym1=0x0
[48.866146 pid=1940 tid=1954] BPF_MAP_UPDATE_ELEM prog_array name=sys_exit_submit map_fd=17 map_id=130 key=476 prog_fd=72 prog_id=18 flags=0 ret=0 errno=0
[48.866228 pid=1940 tid=1954] native-loader jit-info prog_array-target fd=72 id=18 type=17 name=sys_exit_submit tag=07fb247c2a62a43e jited_len=12117 xlated_len=20536 nr_jited_ksyms=1 ksym0=0xffffffffc0407298 ksym1=0x0
[48.866321 pid=1940 tid=1954] BPF_MAP_UPDATE_ELEM prog_array name=sys_exit_submit map_fd=17 map_id=130 key=477 prog_fd=72 prog_id=18 flags=0 ret=0 errno=0
[48.866403 pid=1940 tid=1954] native-loader jit-info prog_array-target fd=72 id=18 type=17 name=sys_exit_submit tag=07fb247c2a62a43e jited_len=12117 xlated_len=20536 nr_jited_ksyms=1 ksym0=0xffffffffc0407298 ksym1=0x0
[48.866496 pid=1940 tid=1954] BPF_MAP_UPDATE_ELEM prog_array name=sys_exit_submit map_fd=17 map_id=130 key=478 prog_fd=72 prog_id=18 flags=0 ret=0 errno=0
[48.866580 pid=1940 tid=1954] native-loader jit-info prog_array-target fd=72 id=18 type=17 name=sys_exit_submit tag=07fb247c2a62a43e jited_len=12117 xlated_len=20536 nr_jited_ksyms=1 ksym0=0xffffffffc0407298 ksym1=0x0
[48.866673 pid=1940 tid=1954] BPF_MAP_UPDATE_ELEM prog_array name=sys_exit_submit map_fd=17 map_id=130 key=479 prog_fd=72 prog_id=18 flags=0 ret=0 errno=0
[48.866756 pid=1940 tid=1954] native-loader jit-info prog_array-target fd=72 id=18 type=17 name=sys_exit_submit tag=07fb247c2a62a43e jited_len=12117 xlated_len=20536 nr_jited_ksyms=1 ksym0=0xffffffffc0407298 ksym1=0x0
[48.866849 pid=1940 tid=1954] BPF_MAP_UPDATE_ELEM prog_array name=sys_exit_submit map_fd=17 map_id=130 key=480 prog_fd=72 prog_id=18 flags=0 ret=0 errno=0
[48.866935 pid=1940 tid=1954] native-loader jit-info prog_array-target fd=72 id=18 type=17 name=sys_exit_submit tag=07fb247c2a62a43e jited_len=12117 xlated_len=20536 nr_jited_ksyms=1 ksym0=0xffffffffc0407298 ksym1=0x0
[48.867029 pid=1940 tid=1954] BPF_MAP_UPDATE_ELEM prog_array name=sys_exit_submit map_fd=17 map_id=130 key=481 prog_fd=72 prog_id=18 flags=0 ret=0 errno=0
[48.867111 pid=1940 tid=1954] native-loader jit-info prog_array-target fd=72 id=18 type=17 name=sys_exit_submit tag=07fb247c2a62a43e jited_len=12117 xlated_len=20536 nr_jited_ksyms=1 ksym0=0xffffffffc0407298 ksym1=0x0
[48.867205 pid=1940 tid=1954] BPF_MAP_UPDATE_ELEM prog_array name=sys_exit_submit map_fd=17 map_id=130 key=482 prog_fd=72 prog_id=18 flags=0 ret=0 errno=0
[48.867289 pid=1940 tid=1954] native-loader jit-info prog_array-target fd=72 id=18 type=17 name=sys_exit_submit tag=07fb247c2a62a43e jited_len=12117 xlated_len=20536 nr_jited_ksyms=1 ksym0=0xffffffffc0407298 ksym1=0x0
[48.867384 pid=1940 tid=1954] BPF_MAP_UPDATE_ELEM prog_array name=sys_exit_submit map_fd=17 map_id=130 key=483 prog_fd=72 prog_id=18 flags=0 ret=0 errno=0
[48.867468 pid=1940 tid=1954] native-loader jit-info prog_array-target fd=72 id=18 type=17 name=sys_exit_submit tag=07fb247c2a62a43e jited_len=12117 xlated_len=20536 nr_jited_ksyms=1 ksym0=0xffffffffc0407298 ksym1=0x0
[48.867561 pid=1940 tid=1954] BPF_MAP_UPDATE_ELEM prog_array name=sys_exit_submit map_fd=17 map_id=130 key=484 prog_fd=72 prog_id=18 flags=0 ret=0 errno=0
[48.867643 pid=1940 tid=1954] native-loader jit-info prog_array-target fd=72 id=18 type=17 name=sys_exit_submit tag=07fb247c2a62a43e jited_len=12117 xlated_len=20536 nr_jited_ksyms=1 ksym0=0xffffffffc0407298 ksym1=0x0
[48.867736 pid=1940 tid=1954] BPF_MAP_UPDATE_ELEM prog_array name=sys_exit_submit map_fd=17 map_id=130 key=485 prog_fd=72 prog_id=18 flags=0 ret=0 errno=0
[48.867818 pid=1940 tid=1954] native-loader jit-info prog_array-target fd=72 id=18 type=17 name=sys_exit_submit tag=07fb247c2a62a43e jited_len=12117 xlated_len=20536 nr_jited_ksyms=1 ksym0=0xffffffffc0407298 ksym1=0x0
[48.867911 pid=1940 tid=1954] BPF_MAP_UPDATE_ELEM prog_array name=sys_exit_submit map_fd=17 map_id=130 key=486 prog_fd=72 prog_id=18 flags=0 ret=0 errno=0
[48.867995 pid=1940 tid=1954] native-loader jit-info prog_array-target fd=72 id=18 type=17 name=sys_exit_submit tag=07fb247c2a62a43e jited_len=12117 xlated_len=20536 nr_jited_ksyms=1 ksym0=0xffffffffc0407298 ksym1=0x0
[48.868088 pid=1940 tid=1954] BPF_MAP_UPDATE_ELEM prog_array name=sys_exit_submit map_fd=17 map_id=130 key=487 prog_fd=72 prog_id=18 flags=0 ret=0 errno=0
[48.868171 pid=1940 tid=1954] native-loader jit-info prog_array-target fd=72 id=18 type=17 name=sys_exit_submit tag=07fb247c2a62a43e jited_len=12117 xlated_len=20536 nr_jited_ksyms=1 ksym0=0xffffffffc0407298 ksym1=0x0
[48.868264 pid=1940 tid=1954] BPF_MAP_UPDATE_ELEM prog_array name=sys_exit_submit map_fd=17 map_id=130 key=488 prog_fd=72 prog_id=18 flags=0 ret=0 errno=0
[48.868653 pid=1940 tid=1954] native-loader jit-info prog_array-target fd=72 id=18 type=17 name=sys_exit_submit tag=07fb247c2a62a43e jited_len=12117 xlated_len=20536 nr_jited_ksyms=1 ksym0=0xffffffffc0407298 ksym1=0x0
[48.868763 pid=1940 tid=1954] BPF_MAP_UPDATE_ELEM prog_array name=sys_exit_submit map_fd=17 map_id=130 key=489 prog_fd=72 prog_id=18 flags=0 ret=0 errno=0
[48.868844 pid=1940 tid=1954] native-loader jit-info prog_array-target fd=72 id=18 type=17 name=sys_exit_submit tag=07fb247c2a62a43e jited_len=12117 xlated_len=20536 nr_jited_ksyms=1 ksym0=0xffffffffc0407298 ksym1=0x0
[48.868945 pid=1940 tid=1954] BPF_MAP_UPDATE_ELEM prog_array name=sys_exit_submit map_fd=17 map_id=130 key=490 prog_fd=72 prog_id=18 flags=0 ret=0 errno=0
[48.869028 pid=1940 tid=1954] native-loader jit-info prog_array-target fd=72 id=18 type=17 name=sys_exit_submit tag=07fb247c2a62a43e jited_len=12117 xlated_len=20536 nr_jited_ksyms=1 ksym0=0xffffffffc0407298 ksym1=0x0
[48.869121 pid=1940 tid=1954] BPF_MAP_UPDATE_ELEM prog_array name=sys_exit_submit map_fd=17 map_id=130 key=491 prog_fd=72 prog_id=18 flags=0 ret=0 errno=0
[48.869204 pid=1940 tid=1954] native-loader jit-info prog_array-target fd=72 id=18 type=17 name=sys_exit_submit tag=07fb247c2a62a43e jited_len=12117 xlated_len=20536 nr_jited_ksyms=1 ksym0=0xffffffffc0407298 ksym1=0x0
[48.869538 pid=1940 tid=1954] BPF_MAP_UPDATE_ELEM prog_array name=sys_exit_submit map_fd=17 map_id=130 key=492 prog_fd=72 prog_id=18 flags=0 ret=0 errno=0
[48.869636 pid=1940 tid=1954] native-loader jit-info prog_array-target fd=72 id=18 type=17 name=sys_exit_submit tag=07fb247c2a62a43e jited_len=12117 xlated_len=20536 nr_jited_ksyms=1 ksym0=0xffffffffc0407298 ksym1=0x0
[48.869728 pid=1940 tid=1954] BPF_MAP_UPDATE_ELEM prog_array name=sys_exit_submit map_fd=17 map_id=130 key=493 prog_fd=72 prog_id=18 flags=0 ret=0 errno=0
[48.869811 pid=1940 tid=1954] native-loader jit-info prog_array-target fd=72 id=18 type=17 name=sys_exit_submit tag=07fb247c2a62a43e jited_len=12117 xlated_len=20536 nr_jited_ksyms=1 ksym0=0xffffffffc0407298 ksym1=0x0
[48.870152 pid=1940 tid=1954] BPF_MAP_UPDATE_ELEM prog_array name=sys_exit_submit map_fd=17 map_id=130 key=494 prog_fd=72 prog_id=18 flags=0 ret=0 errno=0
[48.870261 pid=1940 tid=1954] native-loader jit-info prog_array-target fd=72 id=18 type=17 name=sys_exit_submit tag=07fb247c2a62a43e jited_len=12117 xlated_len=20536 nr_jited_ksyms=1 ksym0=0xffffffffc0407298 ksym1=0x0
[48.870369 pid=1940 tid=1954] BPF_MAP_UPDATE_ELEM prog_array name=sys_exit_submit map_fd=17 map_id=130 key=495 prog_fd=72 prog_id=18 flags=0 ret=0 errno=0
[48.870705 pid=1940 tid=1954] native-loader jit-info prog_array-target fd=72 id=18 type=17 name=sys_exit_submit tag=07fb247c2a62a43e jited_len=12117 xlated_len=20536 nr_jited_ksyms=1 ksym0=0xffffffffc0407298 ksym1=0x0
[48.870819 pid=1940 tid=1954] BPF_MAP_UPDATE_ELEM prog_array name=sys_exit_submit map_fd=17 map_id=130 key=496 prog_fd=72 prog_id=18 flags=0 ret=0 errno=0
[48.870903 pid=1940 tid=1954] native-loader jit-info prog_array-target fd=72 id=18 type=17 name=sys_exit_submit tag=07fb247c2a62a43e jited_len=12117 xlated_len=20536 nr_jited_ksyms=1 ksym0=0xffffffffc0407298 ksym1=0x0
[48.871370 pid=1940 tid=1954] BPF_MAP_UPDATE_ELEM prog_array name=sys_exit_submit map_fd=17 map_id=130 key=497 prog_fd=72 prog_id=18 flags=0 ret=0 errno=0
[48.871662 pid=1940 tid=1954] native-loader jit-info prog_array-target fd=72 id=18 type=17 name=sys_exit_submit tag=07fb247c2a62a43e jited_len=12117 xlated_len=20536 nr_jited_ksyms=1 ksym0=0xffffffffc0407298 ksym1=0x0
[48.871754 pid=1940 tid=1954] BPF_MAP_UPDATE_ELEM prog_array name=sys_exit_submit map_fd=17 map_id=130 key=498 prog_fd=72 prog_id=18 flags=0 ret=0 errno=0
[48.871837 pid=1940 tid=1954] native-loader jit-info prog_array-target fd=72 id=18 type=17 name=sys_exit_submit tag=07fb247c2a62a43e jited_len=12117 xlated_len=20536 nr_jited_ksyms=1 ksym0=0xffffffffc0407298 ksym1=0x0
[48.871934 pid=1940 tid=1954] BPF_MAP_UPDATE_ELEM prog_array name=sys_exit_submit map_fd=17 map_id=130 key=499 prog_fd=72 prog_id=18 flags=0 ret=0 errno=0
[48.872019 pid=1940 tid=1954] native-loader jit-info prog_array-target fd=72 id=18 type=17 name=sys_exit_submit tag=07fb247c2a62a43e jited_len=12117 xlated_len=20536 nr_jited_ksyms=1 ksym0=0xffffffffc0407298 ksym1=0x0
[48.872112 pid=1940 tid=1954] BPF_MAP_UPDATE_ELEM prog_array name=sys_exit_submit map_fd=17 map_id=130 key=500 prog_fd=72 prog_id=18 flags=0 ret=0 errno=0
[48.872195 pid=1940 tid=1954] native-loader jit-info prog_array-target fd=72 id=18 type=17 name=sys_exit_submit tag=07fb247c2a62a43e jited_len=12117 xlated_len=20536 nr_jited_ksyms=1 ksym0=0xffffffffc0407298 ksym1=0x0
[48.872288 pid=1940 tid=1954] BPF_MAP_UPDATE_ELEM prog_array name=sys_exit_submit map_fd=17 map_id=130 key=501 prog_fd=72 prog_id=18 flags=0 ret=0 errno=0
[48.872371 pid=1940 tid=1954] native-loader jit-info prog_array-target fd=72 id=18 type=17 name=sys_exit_submit tag=07fb247c2a62a43e jited_len=12117 xlated_len=20536 nr_jited_ksyms=1 ksym0=0xffffffffc0407298 ksym1=0x0
[48.872675 pid=1940 tid=1954] BPF_MAP_UPDATE_ELEM prog_array name=sys_exit_submit map_fd=17 map_id=130 key=502 prog_fd=72 prog_id=18 flags=0 ret=0 errno=0
[48.872785 pid=1940 tid=1954] native-loader jit-info prog_array-target fd=72 id=18 type=17 name=sys_exit_submit tag=07fb247c2a62a43e jited_len=12117 xlated_len=20536 nr_jited_ksyms=1 ksym0=0xffffffffc0407298 ksym1=0x0
[48.872891 pid=1940 tid=1954] BPF_MAP_UPDATE_ELEM prog_array name=sys_exit_submit map_fd=17 map_id=130 key=503 prog_fd=72 prog_id=18 flags=0 ret=0 errno=0
[48.872996 pid=1940 tid=1954] native-loader jit-info prog_array-target fd=72 id=18 type=17 name=sys_exit_submit tag=07fb247c2a62a43e jited_len=12117 xlated_len=20536 nr_jited_ksyms=1 ksym0=0xffffffffc0407298 ksym1=0x0
[48.873102 pid=1940 tid=1954] BPF_MAP_UPDATE_ELEM prog_array name=sys_exit_submit map_fd=17 map_id=130 key=504 prog_fd=72 prog_id=18 flags=0 ret=0 errno=0
[48.873194 pid=1940 tid=1954] native-loader jit-info prog_array-target fd=72 id=18 type=17 name=sys_exit_submit tag=07fb247c2a62a43e jited_len=12117 xlated_len=20536 nr_jited_ksyms=1 ksym0=0xffffffffc0407298 ksym1=0x0
[48.873287 pid=1940 tid=1954] BPF_MAP_UPDATE_ELEM prog_array name=sys_exit_submit map_fd=17 map_id=130 key=505 prog_fd=72 prog_id=18 flags=0 ret=0 errno=0
[48.873370 pid=1940 tid=1954] native-loader jit-info prog_array-target fd=72 id=18 type=17 name=sys_exit_submit tag=07fb247c2a62a43e jited_len=12117 xlated_len=20536 nr_jited_ksyms=1 ksym0=0xffffffffc0407298 ksym1=0x0
[48.873464 pid=1940 tid=1954] BPF_MAP_UPDATE_ELEM prog_array name=sys_exit_submit map_fd=17 map_id=130 key=506 prog_fd=72 prog_id=18 flags=0 ret=0 errno=0
[48.873546 pid=1940 tid=1954] native-loader jit-info prog_array-target fd=72 id=18 type=17 name=sys_exit_submit tag=07fb247c2a62a43e jited_len=12117 xlated_len=20536 nr_jited_ksyms=1 ksym0=0xffffffffc0407298 ksym1=0x0
[48.873639 pid=1940 tid=1954] BPF_MAP_UPDATE_ELEM prog_array name=sys_exit_submit map_fd=17 map_id=130 key=507 prog_fd=72 prog_id=18 flags=0 ret=0 errno=0
[48.873721 pid=1940 tid=1954] native-loader jit-info prog_array-target fd=72 id=18 type=17 name=sys_exit_submit tag=07fb247c2a62a43e jited_len=12117 xlated_len=20536 nr_jited_ksyms=1 ksym0=0xffffffffc0407298 ksym1=0x0
[48.873815 pid=1940 tid=1954] BPF_MAP_UPDATE_ELEM prog_array name=sys_exit_submit map_fd=17 map_id=130 key=508 prog_fd=72 prog_id=18 flags=0 ret=0 errno=0
[48.873898 pid=1940 tid=1954] native-loader jit-info prog_array-target fd=72 id=18 type=17 name=sys_exit_submit tag=07fb247c2a62a43e jited_len=12117 xlated_len=20536 nr_jited_ksyms=1 ksym0=0xffffffffc0407298 ksym1=0x0
[48.873993 pid=1940 tid=1954] BPF_MAP_UPDATE_ELEM prog_array name=sys_exit_submit map_fd=17 map_id=130 key=509 prog_fd=72 prog_id=18 flags=0 ret=0 errno=0
[48.874206 pid=1940 tid=1954] native-loader jit-info prog_array-target fd=72 id=18 type=17 name=sys_exit_submit tag=07fb247c2a62a43e jited_len=12117 xlated_len=20536 nr_jited_ksyms=1 ksym0=0xffffffffc0407298 ksym1=0x0
[48.874300 pid=1940 tid=1954] BPF_MAP_UPDATE_ELEM prog_array name=sys_exit_submit map_fd=17 map_id=130 key=510 prog_fd=72 prog_id=18 flags=0 ret=0 errno=0
[48.874379 pid=1940 tid=1954] native-loader jit-info prog_array-target fd=72 id=18 type=17 name=sys_exit_submit tag=07fb247c2a62a43e jited_len=12117 xlated_len=20536 nr_jited_ksyms=1 ksym0=0xffffffffc0407298 ksym1=0x0
[48.874472 pid=1940 tid=1954] BPF_MAP_UPDATE_ELEM prog_array name=sys_exit_submit map_fd=17 map_id=130 key=511 prog_fd=72 prog_id=18 flags=0 ret=0 errno=0
[48.874633 pid=1940 tid=1954] native-loader jit-info prog_array-target fd=72 id=18 type=17 name=sys_exit_submit tag=07fb247c2a62a43e jited_len=12117 xlated_len=20536 nr_jited_ksyms=1 ksym0=0xffffffffc0407298 ksym1=0x0
[48.874729 pid=1940 tid=1954] BPF_MAP_UPDATE_ELEM prog_array name=sys_exit_submit map_fd=17 map_id=130 key=512 prog_fd=72 prog_id=18 flags=0 ret=0 errno=0
[48.874809 pid=1940 tid=1954] native-loader jit-info prog_array-target fd=72 id=18 type=17 name=sys_exit_submit tag=07fb247c2a62a43e jited_len=12117 xlated_len=20536 nr_jited_ksyms=1 ksym0=0xffffffffc0407298 ksym1=0x0
[48.874902 pid=1940 tid=1954] BPF_MAP_UPDATE_ELEM prog_array name=sys_exit_submit map_fd=17 map_id=130 key=513 prog_fd=72 prog_id=18 flags=0 ret=0 errno=0
[48.874987 pid=1940 tid=1954] native-loader jit-info prog_array-target fd=72 id=18 type=17 name=sys_exit_submit tag=07fb247c2a62a43e jited_len=12117 xlated_len=20536 nr_jited_ksyms=1 ksym0=0xffffffffc0407298 ksym1=0x0
[48.875080 pid=1940 tid=1954] BPF_MAP_UPDATE_ELEM prog_array name=sys_exit_submit map_fd=17 map_id=130 key=514 prog_fd=72 prog_id=18 flags=0 ret=0 errno=0
[48.875162 pid=1940 tid=1954] native-loader jit-info prog_array-target fd=72 id=18 type=17 name=sys_exit_submit tag=07fb247c2a62a43e jited_len=12117 xlated_len=20536 nr_jited_ksyms=1 ksym0=0xffffffffc0407298 ksym1=0x0
[48.875255 pid=1940 tid=1954] BPF_MAP_UPDATE_ELEM prog_array name=sys_exit_submit map_fd=17 map_id=130 key=515 prog_fd=72 prog_id=18 flags=0 ret=0 errno=0
[48.875338 pid=1940 tid=1954] native-loader jit-info prog_array-target fd=72 id=18 type=17 name=sys_exit_submit tag=07fb247c2a62a43e jited_len=12117 xlated_len=20536 nr_jited_ksyms=1 ksym0=0xffffffffc0407298 ksym1=0x0
[48.875430 pid=1940 tid=1954] BPF_MAP_UPDATE_ELEM prog_array name=sys_exit_submit map_fd=17 map_id=130 key=516 prog_fd=72 prog_id=18 flags=0 ret=0 errno=0
[48.875512 pid=1940 tid=1954] native-loader jit-info prog_array-target fd=72 id=18 type=17 name=sys_exit_submit tag=07fb247c2a62a43e jited_len=12117 xlated_len=20536 nr_jited_ksyms=1 ksym0=0xffffffffc0407298 ksym1=0x0
[48.875606 pid=1940 tid=1954] BPF_MAP_UPDATE_ELEM prog_array name=sys_exit_submit map_fd=17 map_id=130 key=517 prog_fd=72 prog_id=18 flags=0 ret=0 errno=0
[48.875760 pid=1940 tid=1954] native-loader jit-info prog_array-target fd=72 id=18 type=17 name=sys_exit_submit tag=07fb247c2a62a43e jited_len=12117 xlated_len=20536 nr_jited_ksyms=1 ksym0=0xffffffffc0407298 ksym1=0x0
[48.875853 pid=1940 tid=1954] BPF_MAP_UPDATE_ELEM prog_array name=sys_exit_submit map_fd=17 map_id=130 key=518 prog_fd=72 prog_id=18 flags=0 ret=0 errno=0
[48.875939 pid=1940 tid=1954] native-loader jit-info prog_array-target fd=72 id=18 type=17 name=sys_exit_submit tag=07fb247c2a62a43e jited_len=12117 xlated_len=20536 nr_jited_ksyms=1 ksym0=0xffffffffc0407298 ksym1=0x0
[48.876032 pid=1940 tid=1954] BPF_MAP_UPDATE_ELEM prog_array name=sys_exit_submit map_fd=17 map_id=130 key=519 prog_fd=72 prog_id=18 flags=0 ret=0 errno=0
[48.876115 pid=1940 tid=1954] native-loader jit-info prog_array-target fd=72 id=18 type=17 name=sys_exit_submit tag=07fb247c2a62a43e jited_len=12117 xlated_len=20536 nr_jited_ksyms=1 ksym0=0xffffffffc0407298 ksym1=0x0
[48.876209 pid=1940 tid=1954] BPF_MAP_UPDATE_ELEM prog_array name=sys_exit_submit map_fd=17 map_id=130 key=520 prog_fd=72 prog_id=18 flags=0 ret=0 errno=0
[48.876292 pid=1940 tid=1954] native-loader jit-info prog_array-target fd=72 id=18 type=17 name=sys_exit_submit tag=07fb247c2a62a43e jited_len=12117 xlated_len=20536 nr_jited_ksyms=1 ksym0=0xffffffffc0407298 ksym1=0x0
[48.876385 pid=1940 tid=1954] BPF_MAP_UPDATE_ELEM prog_array name=sys_exit_submit map_fd=17 map_id=130 key=521 prog_fd=72 prog_id=18 flags=0 ret=0 errno=0
[48.876466 pid=1940 tid=1954] native-loader jit-info prog_array-target fd=72 id=18 type=17 name=sys_exit_submit tag=07fb247c2a62a43e jited_len=12117 xlated_len=20536 nr_jited_ksyms=1 ksym0=0xffffffffc0407298 ksym1=0x0
[48.876560 pid=1940 tid=1954] BPF_MAP_UPDATE_ELEM prog_array name=sys_exit_submit map_fd=17 map_id=130 key=522 prog_fd=72 prog_id=18 flags=0 ret=0 errno=0
[48.876642 pid=1940 tid=1954] native-loader jit-info prog_array-target fd=72 id=18 type=17 name=sys_exit_submit tag=07fb247c2a62a43e jited_len=12117 xlated_len=20536 nr_jited_ksyms=1 ksym0=0xffffffffc0407298 ksym1=0x0
[48.876794 pid=1940 tid=1954] BPF_MAP_UPDATE_ELEM prog_array name=sys_exit_submit map_fd=17 map_id=130 key=523 prog_fd=72 prog_id=18 flags=0 ret=0 errno=0
[48.876876 pid=1940 tid=1954] native-loader jit-info prog_array-target fd=72 id=18 type=17 name=sys_exit_submit tag=07fb247c2a62a43e jited_len=12117 xlated_len=20536 nr_jited_ksyms=1 ksym0=0xffffffffc0407298 ksym1=0x0
[48.876971 pid=1940 tid=1954] BPF_MAP_UPDATE_ELEM prog_array name=sys_exit_submit map_fd=17 map_id=130 key=524 prog_fd=72 prog_id=18 flags=0 ret=0 errno=0
[48.877183 pid=1940 tid=1954] native-loader jit-info prog_array-target fd=72 id=18 type=17 name=sys_exit_submit tag=07fb247c2a62a43e jited_len=12117 xlated_len=20536 nr_jited_ksyms=1 ksym0=0xffffffffc0407298 ksym1=0x0
[48.877278 pid=1940 tid=1954] BPF_MAP_UPDATE_ELEM prog_array name=sys_exit_submit map_fd=17 map_id=130 key=525 prog_fd=72 prog_id=18 flags=0 ret=0 errno=0
[48.877358 pid=1940 tid=1954] native-loader jit-info prog_array-target fd=72 id=18 type=17 name=sys_exit_submit tag=07fb247c2a62a43e jited_len=12117 xlated_len=20536 nr_jited_ksyms=1 ksym0=0xffffffffc0407298 ksym1=0x0
[48.877637 pid=1940 tid=1954] BPF_MAP_UPDATE_ELEM prog_array name=sys_exit_submit map_fd=17 map_id=130 key=526 prog_fd=72 prog_id=18 flags=0 ret=0 errno=0
[48.877730 pid=1940 tid=1954] native-loader jit-info prog_array-target fd=72 id=18 type=17 name=sys_exit_submit tag=07fb247c2a62a43e jited_len=12117 xlated_len=20536 nr_jited_ksyms=1 ksym0=0xffffffffc0407298 ksym1=0x0
[48.877825 pid=1940 tid=1954] BPF_MAP_UPDATE_ELEM prog_array name=sys_exit_submit map_fd=17 map_id=130 key=527 prog_fd=72 prog_id=18 flags=0 ret=0 errno=0
[48.877909 pid=1940 tid=1954] native-loader jit-info prog_array-target fd=72 id=18 type=17 name=sys_exit_submit tag=07fb247c2a62a43e jited_len=12117 xlated_len=20536 nr_jited_ksyms=1 ksym0=0xffffffffc0407298 ksym1=0x0
[48.878008 pid=1940 tid=1954] BPF_MAP_UPDATE_ELEM prog_array name=sys_exit_submit map_fd=17 map_id=130 key=528 prog_fd=72 prog_id=18 flags=0 ret=0 errno=0
[48.878091 pid=1940 tid=1954] native-loader jit-info prog_array-target fd=72 id=18 type=17 name=sys_exit_submit tag=07fb247c2a62a43e jited_len=12117 xlated_len=20536 nr_jited_ksyms=1 ksym0=0xffffffffc0407298 ksym1=0x0
[48.878183 pid=1940 tid=1954] BPF_MAP_UPDATE_ELEM prog_array name=sys_exit_submit map_fd=17 map_id=130 key=529 prog_fd=72 prog_id=18 flags=0 ret=0 errno=0
[48.878266 pid=1940 tid=1954] native-loader jit-info prog_array-target fd=72 id=18 type=17 name=sys_exit_submit tag=07fb247c2a62a43e jited_len=12117 xlated_len=20536 nr_jited_ksyms=1 ksym0=0xffffffffc0407298 ksym1=0x0
[48.878359 pid=1940 tid=1954] BPF_MAP_UPDATE_ELEM prog_array name=sys_exit_submit map_fd=17 map_id=130 key=530 prog_fd=72 prog_id=18 flags=0 ret=0 errno=0
[48.878443 pid=1940 tid=1954] native-loader jit-info prog_array-target fd=72 id=18 type=17 name=sys_exit_submit tag=07fb247c2a62a43e jited_len=12117 xlated_len=20536 nr_jited_ksyms=1 ksym0=0xffffffffc0407298 ksym1=0x0
[48.878813 pid=1940 tid=1954] BPF_MAP_UPDATE_ELEM prog_array name=sys_exit_submit map_fd=17 map_id=130 key=531 prog_fd=72 prog_id=18 flags=0 ret=0 errno=0
[48.878910 pid=1940 tid=1954] native-loader jit-info prog_array-target fd=72 id=18 type=17 name=sys_exit_submit tag=07fb247c2a62a43e jited_len=12117 xlated_len=20536 nr_jited_ksyms=1 ksym0=0xffffffffc0407298 ksym1=0x0
[48.879012 pid=1940 tid=1954] BPF_MAP_UPDATE_ELEM prog_array name=sys_exit_submit map_fd=17 map_id=130 key=532 prog_fd=72 prog_id=18 flags=0 ret=0 errno=0
[48.879093 pid=1940 tid=1954] native-loader jit-info prog_array-target fd=72 id=18 type=17 name=sys_exit_submit tag=07fb247c2a62a43e jited_len=12117 xlated_len=20536 nr_jited_ksyms=1 ksym0=0xffffffffc0407298 ksym1=0x0
[48.879185 pid=1940 tid=1954] BPF_MAP_UPDATE_ELEM prog_array name=sys_exit_submit map_fd=17 map_id=130 key=533 prog_fd=72 prog_id=18 flags=0 ret=0 errno=0
[48.879268 pid=1940 tid=1954] native-loader jit-info prog_array-target fd=72 id=18 type=17 name=sys_exit_submit tag=07fb247c2a62a43e jited_len=12117 xlated_len=20536 nr_jited_ksyms=1 ksym0=0xffffffffc0407298 ksym1=0x0
[48.879362 pid=1940 tid=1954] BPF_MAP_UPDATE_ELEM prog_array name=sys_exit_submit map_fd=17 map_id=130 key=534 prog_fd=72 prog_id=18 flags=0 ret=0 errno=0
[48.879444 pid=1940 tid=1954] native-loader jit-info prog_array-target fd=72 id=18 type=17 name=sys_exit_submit tag=07fb247c2a62a43e jited_len=12117 xlated_len=20536 nr_jited_ksyms=1 ksym0=0xffffffffc0407298 ksym1=0x0
[48.879596 pid=1940 tid=1954] BPF_MAP_UPDATE_ELEM prog_array name=prog_array map_fd=27 map_id=140 key=10 prog_fd=181 prog_id=44 flags=0 ret=0 errno=0
[48.879849 pid=1940 tid=1954] native-loader jit-info prog_array-target fd=181 id=44 type=2 name=lkm_seeker_kset tag=da1cfdb2eb72b41c jited_len=58814 xlated_len=108528 nr_jited_ksyms=1 ksym0=0xffffffffc0452f88 ksym1=0x0
[48.880409 pid=1940 tid=1954] BPF_MAP_UPDATE_ELEM prog_array name=prog_array map_fd=27 map_id=140 key=12 prog_fd=184 prog_id=47 flags=0 ret=0 errno=0
[48.880659 pid=1940 tid=1954] native-loader jit-info prog_array-target fd=184 id=47 type=2 name=lkm_seeker_new_ tag=6e832db2dc161af3 jited_len=3766 xlated_len=6272 nr_jited_ksyms=1 ksym0=0xffffffffc046e67c ksym1=0x0
[48.880915 pid=1940 tid=1954] BPF_MAP_UPDATE_ELEM prog_array name=prog_array map_fd=27 map_id=140 key=8 prog_fd=273 prog_id=136 flags=0 ret=0 errno=0
[48.881135 pid=1940 tid=1954] native-loader jit-info prog_array-target fd=273 id=136 type=2 name=process_execute tag=fddfa7679b41b8e5 jited_len=11649 xlated_len=19456 nr_jited_ksyms=1 ksym0=0xffffffffc057e2b8 ksym1=0x0
[48.881403 pid=1940 tid=1954] BPF_MAP_UPDATE_ELEM prog_array name=generic_sys_exi map_fd=20 map_id=133 key=32 prog_fd=174 prog_id=37 flags=0 ret=0 errno=0
[48.881635 pid=1940 tid=1954] native-loader jit-info prog_array-target fd=174 id=37 type=2 name=sys_dup_exit_ta tag=13a7ebaf932fe854 jited_len=12318 xlated_len=18704 nr_jited_ksyms=2 ksym0=0xffffffffc0439918 ksym1=0xffffffffc0401654
[48.881921 pid=1940 tid=1954] BPF_MAP_UPDATE_ELEM prog_array name=generic_sys_exi map_fd=20 map_id=133 key=33 prog_fd=174 prog_id=37 flags=0 ret=0 errno=0
[48.882135 pid=1940 tid=1954] native-loader jit-info prog_array-target fd=174 id=37 type=2 name=sys_dup_exit_ta tag=13a7ebaf932fe854 jited_len=12318 xlated_len=18704 nr_jited_ksyms=2 ksym0=0xffffffffc0439918 ksym1=0xffffffffc0401654
[48.882378 pid=1940 tid=1954] BPF_MAP_UPDATE_ELEM prog_array name=generic_sys_exi map_fd=20 map_id=133 key=292 prog_fd=174 prog_id=37 flags=0 ret=0 errno=0
[48.882787 pid=1940 tid=1954] native-loader jit-info prog_array-target fd=174 id=37 type=2 name=sys_dup_exit_ta tag=13a7ebaf932fe854 jited_len=12318 xlated_len=18704 nr_jited_ksyms=2 ksym0=0xffffffffc0439918 ksym1=0xffffffffc0401654
[48.883085 pid=1940 tid=1954] BPF_MAP_UPDATE_ELEM prog_array name=prog_array map_fd=27 map_id=140 key=14 prog_fd=298 prog_id=162 flags=0 ret=0 errno=0
[48.883186 pid=1940 tid=1954] native-loader jit-info prog_array-target fd=298 id=162 type=2 name=uprobe__feature tag=dcdf3c02d89233e2 jited_len=2007 xlated_len=3480 nr_jited_ksyms=1 ksym0=0xffffffffc05d3a90 ksym1=0x0
[48.883288 pid=1940 tid=1954] BPF_MAP_UPDATE_ELEM prog_array name=sys_exit_tails map_fd=18 map_id=131 key=43 prog_fd=191 prog_id=54 flags=0 ret=0 errno=0
[48.883377 pid=1940 tid=1954] native-loader jit-info prog_array-target fd=191 id=54 type=17 name=syscall__accept tag=078f4a1c9b7da1b0 jited_len=9262 xlated_len=13976 nr_jited_ksyms=2 ksym0=0xffffffffc0482618 ksym1=0xffffffffc0484a68
[48.883470 pid=1940 tid=1954] BPF_MAP_UPDATE_ELEM prog_array name=sys_exit_tails map_fd=18 map_id=131 key=288 prog_fd=191 prog_id=54 flags=0 ret=0 errno=0
[48.883554 pid=1940 tid=1954] native-loader jit-info prog_array-target fd=191 id=54 type=17 name=syscall__accept tag=078f4a1c9b7da1b0 jited_len=9262 xlated_len=13976 nr_jited_ksyms=2 ksym0=0xffffffffc0482618 ksym1=0xffffffffc0484a68
[48.883858 pid=1940 tid=1954] BPF_MAP_UPDATE_ELEM prog_array name=prog_array map_fd=27 map_id=140 key=9 prog_fd=183 prog_id=46 flags=0 ret=0 errno=0
[48.883948 pid=1940 tid=1954] native-loader jit-info prog_array-target fd=183 id=46 type=2 name=lkm_seeker_proc tag=9a74a4ca9ce3677d jited_len=52694 xlated_len=97544 nr_jited_ksyms=1 ksym0=0xffffffffc0461848 ksym1=0x0
[48.884047 pid=1940 tid=1954] BPF_MAP_UPDATE_ELEM prog_array name=sys_exit_tails map_fd=18 map_id=131 key=322 prog_fd=173 prog_id=36 flags=0 ret=0 errno=0
[48.884146 pid=1940 tid=1954] native-loader jit-info prog_array-target fd=173 id=36 type=17 name=syscall__execve tag=c3b76f1d6584eda6 jited_len=23180 xlated_len=34192 nr_jited_ksyms=1 ksym0=0xffffffffc0433e48 ksym1=0x0
[50.025997 pid=1940 tid=1944] socket: cmd=has_programs len=24
[50.026580 pid=1940 tid=1944] socket: cmd=list_progs len=22
[50.230623 pid=1940 tid=1944] socket: cmd=list_progs len=22
[50.434825 pid=1940 tid=1944] socket: cmd=list_progs len=22
[50.639059 pid=1940 tid=1944] socket: cmd=list_progs len=22
[50.843584 pid=1940 tid=1944] socket: cmd=list_progs len=22
[51.047977 pid=1940 tid=1944] socket: cmd=list_progs len=22
[51.252043 pid=1940 tid=1944] socket: cmd=list_progs len=22
[51.456029 pid=1940 tid=1944] socket: cmd=list_progs len=22
[51.660368 pid=1940 tid=1944] socket: cmd=list_progs len=22
[51.864046 pid=1940 tid=1944] socket: cmd=list_progs len=22
[52.068063 pid=1940 tid=1944] socket: cmd=list_progs len=22
[117.108361 pid=1940 tid=1944] socket: cmd=measure_start len=25
[297.207777 pid=1940 tid=1944] socket: cmd=measure_finish len=26
