[320.065463 pid=6620 tid=6620] shim_init pid=6620 exe=/artifacts/tracee/bin/tracee
[320.065972 pid=6620 tid=6624] socket: listening on /var/run/bpfrejit/shim-6620.sock
[320.286244 pid=6620 tid=6628] BPF_PROG_LOAD type=1 (socket_filter) name= insn_cnt=2 hash=39f82ae52884c235 policy_hash=39f82ae52884c235 branch_profile_hash=13453716aec57bda license=GPL expected_attach=0 attach_btf_id=0 prog_btf_fd=0 attach_btf_obj_fd=0 attach_prog_fd=0
[320.317028 pid=6620 tid=6628] loadtime policy prog= policy_hash=39f82ae52884c235 branch_profile_hash=13453716aec57bda insn_cnt=2
[320.351339 pid=6620 tid=6628] loadtime step prog= step=map_inline elapsed_ms=14
[320.351413 pid=6620 tid=6628] loadtime prog= produced no bytecode changes; passing original BPF_PROG_LOAD through
[320.351668 pid=6620 tid=6628]   PROG_LOAD -> fd=113 errno=0 kernel_prog_id=168
[320.351748 pid=6620 tid=6628] BPF_MAP_CREATE type=33 key_size=0 value_size=0 max_entries=1 name=
[320.353181 pid=6620 tid=6628]   MAP_CREATE -> fd=113 errno=0 kernel_map_id=239
[320.353516 pid=6620 tid=6628] BPF_PROG_LOAD type=2 (kprobe) name= insn_cnt=2 hash=c922f2517112e7eb policy_hash=c922f2517112e7eb branch_profile_hash=fe894341462557b9 license=GPL expected_attach=0 attach_btf_id=0 prog_btf_fd=0 attach_btf_obj_fd=0 attach_prog_fd=0
[320.377147 pid=6620 tid=6628] loadtime policy prog= policy_hash=c922f2517112e7eb branch_profile_hash=fe894341462557b9 insn_cnt=2
[320.417205 pid=6620 tid=6628] loadtime step prog= step=map_inline elapsed_ms=13
[320.417285 pid=6620 tid=6628] loadtime prog= produced no bytecode changes; passing original BPF_PROG_LOAD through
[320.417544 pid=6620 tid=6628]   PROG_LOAD -> fd=113 errno=0 kernel_prog_id=171
[320.517782 pid=6620 tid=6630] BPF_PROG_LOAD type=2 (kprobe) name= insn_cnt=2 hash=bf7505f91f32cdb8 policy_hash=bf7505f91f32cdb8 branch_profile_hash=fe894341462557b9 license=GPL expected_attach=0 attach_btf_id=0 prog_btf_fd=0 attach_btf_obj_fd=0 attach_prog_fd=0
[320.539030 pid=6620 tid=6630] loadtime policy prog= policy_hash=bf7505f91f32cdb8 branch_profile_hash=fe894341462557b9 insn_cnt=2
[320.564939 pid=6620 tid=6630] loadtime step prog= step=map_inline elapsed_ms=9
[320.565162 pid=6620 tid=6630] loadtime prog= produced no bytecode changes; passing original BPF_PROG_LOAD through
[320.565384 pid=6620 tid=6630]   PROG_LOAD -> fd=113 errno=0 kernel_prog_id=174
[320.573758 pid=6620 tid=6630] BPF_MAP_CREATE type=1 key_size=4 value_size=4 max_entries=1 name=
[320.574323 pid=6620 tid=6630]   MAP_CREATE -> fd=113 errno=0 kernel_map_id=240
[320.574473 pid=6620 tid=6630] BPF_MAP_CREATE type=3 key_size=4 value_size=4 max_entries=1 name=
[320.574588 pid=6620 tid=6630]   MAP_CREATE -> fd=113 errno=0 kernel_map_id=241
[320.574661 pid=6620 tid=6630] BPF_MAP_CREATE type=9 key_size=4 value_size=4 max_entries=1 name=
[320.574764 pid=6620 tid=6630]   MAP_CREATE -> fd=113 errno=0 kernel_map_id=242
[320.574840 pid=6620 tid=6630] BPF_MAP_CREATE type=2 key_size=4 value_size=4 max_entries=1 name=
[320.574942 pid=6620 tid=6630]   MAP_CREATE -> fd=113 errno=0 kernel_map_id=243
[320.575021 pid=6620 tid=6630] BPF_MAP_CREATE type=3 key_size=4 value_size=4 max_entries=1 name=
[320.575119 pid=6620 tid=6630]   MAP_CREATE -> fd=113 errno=0 kernel_map_id=244
[320.575228 pid=6620 tid=6630] BPF_MAP_CREATE type=3 key_size=4 value_size=4 max_entries=1 name=
[320.575326 pid=6620 tid=6630]   MAP_CREATE -> fd=113 errno=0 kernel_map_id=245
[320.575402 pid=6620 tid=6630] BPF_MAP_CREATE type=9 key_size=4 value_size=4 max_entries=1 name=
[320.575502 pid=6620 tid=6630]   MAP_CREATE -> fd=113 errno=0 kernel_map_id=246
[320.575574 pid=6620 tid=6630] BPF_MAP_CREATE type=3 key_size=4 value_size=4 max_entries=1 name=
[320.575645 pid=6620 tid=6630]   MAP_CREATE -> fd=113 errno=0 kernel_map_id=247
[320.575720 pid=6620 tid=6630] BPF_MAP_CREATE type=3 key_size=4 value_size=4 max_entries=1 name=
[320.575789 pid=6620 tid=6630]   MAP_CREATE -> fd=113 errno=0 kernel_map_id=248
[320.575865 pid=6620 tid=6630] BPF_MAP_CREATE type=3 key_size=4 value_size=4 max_entries=1 name=
[320.575937 pid=6620 tid=6630]   MAP_CREATE -> fd=113 errno=0 kernel_map_id=249
[320.576012 pid=6620 tid=6630] BPF_MAP_CREATE type=3 key_size=4 value_size=4 max_entries=1 name=
[320.576081 pid=6620 tid=6630]   MAP_CREATE -> fd=113 errno=0 kernel_map_id=250
[320.576156 pid=6620 tid=6630] BPF_MAP_CREATE type=3 key_size=4 value_size=4 max_entries=1 name=
[320.576227 pid=6620 tid=6630]   MAP_CREATE -> fd=113 errno=0 kernel_map_id=251
[320.576302 pid=6620 tid=6630] BPF_MAP_CREATE type=9 key_size=4 value_size=4 max_entries=1 name=
[320.576372 pid=6620 tid=6630]   MAP_CREATE -> fd=113 errno=0 kernel_map_id=252
[320.576444 pid=6620 tid=6630] BPF_MAP_CREATE type=1 key_size=4 value_size=4 max_entries=1 name=
[320.576518 pid=6620 tid=6630]   MAP_CREATE -> fd=113 errno=0 kernel_map_id=253
[320.576587 pid=6620 tid=6630] BPF_MAP_CREATE type=1 key_size=4 value_size=4 max_entries=1 name=
[320.576662 pid=6620 tid=6630]   MAP_CREATE -> fd=113 errno=0 kernel_map_id=254
[320.576729 pid=6620 tid=6630] BPF_MAP_CREATE type=13 key_size=4 value_size=4 max_entries=1 name=
[320.576814 pid=6620 tid=6630]   MAP_CREATE -> fd=114 errno=0 kernel_map_id=255
[320.576897 pid=6620 tid=6630] BPF_MAP_CREATE type=1 key_size=4 value_size=4 max_entries=1 name=
[320.576966 pid=6620 tid=6630]   MAP_CREATE -> fd=113 errno=0 kernel_map_id=256
[320.577035 pid=6620 tid=6630] BPF_MAP_CREATE type=6 key_size=4 value_size=4 max_entries=1 name=
[320.577107 pid=6620 tid=6630]   MAP_CREATE -> fd=113 errno=0 kernel_map_id=257
[320.577178 pid=6620 tid=6630] BPF_MAP_CREATE type=22 key_size=0 value_size=4 max_entries=1 name=
[320.577256 pid=6620 tid=6630]   MAP_CREATE -> fd=113 errno=0 kernel_map_id=258
[320.577323 pid=6620 tid=6630] BPF_MAP_CREATE type=3 key_size=4 value_size=4 max_entries=1 name=
[320.577395 pid=6620 tid=6630]   MAP_CREATE -> fd=113 errno=0 kernel_map_id=259
[320.577471 pid=6620 tid=6630] BPF_MAP_CREATE type=1 key_size=4 value_size=4 max_entries=1 name=
[320.577542 pid=6620 tid=6630]   MAP_CREATE -> fd=113 errno=0 kernel_map_id=260
[320.577611 pid=6620 tid=6630] BPF_MAP_CREATE type=3 key_size=4 value_size=4 max_entries=1 name=
[320.577683 pid=6620 tid=6630]   MAP_CREATE -> fd=113 errno=0 kernel_map_id=261
[320.577759 pid=6620 tid=6630] BPF_MAP_CREATE type=1 key_size=4 value_size=4 max_entries=1 name=
[320.577834 pid=6620 tid=6630]   MAP_CREATE -> fd=113 errno=0 kernel_map_id=262
[320.577904 pid=6620 tid=6630] BPF_MAP_CREATE type=9 key_size=4 value_size=4 max_entries=1 name=
[320.577977 pid=6620 tid=6630]   MAP_CREATE -> fd=113 errno=0 kernel_map_id=263
[320.578046 pid=6620 tid=6630] BPF_MAP_CREATE type=9 key_size=4 value_size=4 max_entries=1 name=
[320.578120 pid=6620 tid=6630]   MAP_CREATE -> fd=113 errno=0 kernel_map_id=264
[320.578190 pid=6620 tid=6630] BPF_MAP_CREATE type=9 key_size=4 value_size=4 max_entries=1 name=
[320.578268 pid=6620 tid=6630]   MAP_CREATE -> fd=113 errno=0 kernel_map_id=265
[320.578338 pid=6620 tid=6630] BPF_MAP_CREATE type=33 key_size=0 value_size=0 max_entries=1 name=
[320.579768 pid=6620 tid=6630]   MAP_CREATE -> fd=113 errno=0 kernel_map_id=266
[320.579849 pid=6620 tid=6630] BPF_MAP_CREATE type=1 key_size=4 value_size=4 max_entries=1 name=
[320.579922 pid=6620 tid=6630]   MAP_CREATE -> fd=113 errno=0 kernel_map_id=267
[320.579991 pid=6620 tid=6630] BPF_MAP_CREATE type=1 key_size=4 value_size=4 max_entries=1 name=
[320.580097 pid=6620 tid=6630]   MAP_CREATE -> fd=113 errno=0 kernel_map_id=268
[320.580195 pid=6620 tid=6630] BPF_MAP_CREATE type=1 key_size=4 value_size=4 max_entries=1 name=
[320.580298 pid=6620 tid=6630]   MAP_CREATE -> fd=113 errno=0 kernel_map_id=269
[320.580397 pid=6620 tid=6630] BPF_MAP_CREATE type=2 key_size=4 value_size=4 max_entries=1 name=
[320.580498 pid=6620 tid=6630]   MAP_CREATE -> fd=113 errno=0 kernel_map_id=270
[320.580570 pid=6620 tid=6630] BPF_MAP_CREATE type=2 key_size=4 value_size=4 max_entries=1 name=
[320.580641 pid=6620 tid=6630]   MAP_CREATE -> fd=113 errno=0 kernel_map_id=271
[320.580713 pid=6620 tid=6630] BPF_MAP_CREATE type=2 key_size=4 value_size=4 max_entries=1 name=
[320.580789 pid=6620 tid=6630]   MAP_CREATE -> fd=113 errno=0 kernel_map_id=272
[320.580859 pid=6620 tid=6630] BPF_MAP_CREATE type=2 key_size=4 value_size=4 max_entries=1 name=
[320.580930 pid=6620 tid=6630]   MAP_CREATE -> fd=113 errno=0 kernel_map_id=273
[320.581004 pid=6620 tid=6630] BPF_MAP_CREATE type=2 key_size=4 value_size=4 max_entries=1 name=
[320.581074 pid=6620 tid=6630]   MAP_CREATE -> fd=113 errno=0 kernel_map_id=274
[320.581146 pid=6620 tid=6630] BPF_MAP_CREATE type=6 key_size=4 value_size=4 max_entries=1 name=
[320.581218 pid=6620 tid=6630]   MAP_CREATE -> fd=113 errno=0 kernel_map_id=275
[320.581289 pid=6620 tid=6630] BPF_MAP_CREATE type=6 key_size=4 value_size=4 max_entries=1 name=
[320.581360 pid=6620 tid=6630]   MAP_CREATE -> fd=113 errno=0 kernel_map_id=276
[320.581432 pid=6620 tid=6630] BPF_MAP_CREATE type=6 key_size=4 value_size=4 max_entries=1 name=
[320.581503 pid=6620 tid=6630]   MAP_CREATE -> fd=113 errno=0 kernel_map_id=277
[320.581574 pid=6620 tid=6630] BPF_MAP_CREATE type=9 key_size=4 value_size=4 max_entries=1 name=
[320.581647 pid=6620 tid=6630]   MAP_CREATE -> fd=113 errno=0 kernel_map_id=278
[320.581718 pid=6620 tid=6630] BPF_MAP_CREATE type=7 key_size=4 value_size=8 max_entries=1 name=
[320.581797 pid=6620 tid=6630]   MAP_CREATE -> fd=113 errno=0 kernel_map_id=279
[320.581864 pid=6620 tid=6630] BPF_MAP_CREATE type=9 key_size=4 value_size=4 max_entries=1 name=
[320.581936 pid=6620 tid=6630]   MAP_CREATE -> fd=113 errno=0 kernel_map_id=280
[320.582007 pid=6620 tid=6630] BPF_MAP_CREATE type=9 key_size=4 value_size=4 max_entries=1 name=
[320.582079 pid=6620 tid=6630]   MAP_CREATE -> fd=113 errno=0 kernel_map_id=281
[320.582149 pid=6620 tid=6630] BPF_MAP_CREATE type=9 key_size=4 value_size=4 max_entries=1 name=
[320.582222 pid=6620 tid=6630]   MAP_CREATE -> fd=113 errno=0 kernel_map_id=282
[320.582292 pid=6620 tid=6630] BPF_MAP_CREATE type=6 key_size=4 value_size=4 max_entries=1 name=
[320.582364 pid=6620 tid=6630]   MAP_CREATE -> fd=113 errno=0 kernel_map_id=283
[320.582435 pid=6620 tid=6630] BPF_MAP_CREATE type=6 key_size=4 value_size=4 max_entries=1 name=
[320.582507 pid=6620 tid=6630]   MAP_CREATE -> fd=113 errno=0 kernel_map_id=284
[320.582578 pid=6620 tid=6630] BPF_MAP_CREATE type=1 key_size=4 value_size=4 max_entries=1 name=
[320.582652 pid=6620 tid=6630]   MAP_CREATE -> fd=113 errno=0 kernel_map_id=285
[320.582721 pid=6620 tid=6630] BPF_MAP_CREATE type=6 key_size=4 value_size=4 max_entries=1 name=
[320.582797 pid=6620 tid=6630]   MAP_CREATE -> fd=113 errno=0 kernel_map_id=286
[320.582870 pid=6620 tid=6630] BPF_MAP_CREATE type=9 key_size=4 value_size=4 max_entries=1 name=
[320.582940 pid=6620 tid=6630]   MAP_CREATE -> fd=113 errno=0 kernel_map_id=287
[320.583012 pid=6620 tid=6630] BPF_MAP_CREATE type=9 key_size=4 value_size=4 max_entries=1 name=
[320.583084 pid=6620 tid=6630]   MAP_CREATE -> fd=113 errno=0 kernel_map_id=288
[320.583155 pid=6620 tid=6630] BPF_MAP_CREATE type=9 key_size=4 value_size=4 max_entries=1 name=
[320.583226 pid=6620 tid=6630]   MAP_CREATE -> fd=113 errno=0 kernel_map_id=289
[320.583296 pid=6620 tid=6630] BPF_MAP_CREATE type=1 key_size=4 value_size=4 max_entries=1 name=
[320.583370 pid=6620 tid=6630]   MAP_CREATE -> fd=113 errno=0 kernel_map_id=290
[320.583440 pid=6620 tid=6630] BPF_MAP_CREATE type=1 key_size=4 value_size=4 max_entries=1 name=
[320.583512 pid=6620 tid=6630]   MAP_CREATE -> fd=113 errno=0 kernel_map_id=291
[320.583579 pid=6620 tid=6630] BPF_MAP_CREATE type=13 key_size=4 value_size=4 max_entries=1 name=
[320.583654 pid=6620 tid=6630]   MAP_CREATE -> fd=114 errno=0 kernel_map_id=292
[320.583728 pid=6620 tid=6630] BPF_MAP_CREATE type=1 key_size=4 value_size=4 max_entries=1 name=
[320.583798 pid=6620 tid=6630]   MAP_CREATE -> fd=113 errno=0 kernel_map_id=293
[320.583871 pid=6620 tid=6630] BPF_MAP_CREATE type=1 key_size=4 value_size=4 max_entries=1 name=
[320.583943 pid=6620 tid=6630]   MAP_CREATE -> fd=113 errno=0 kernel_map_id=294
[320.584014 pid=6620 tid=6630] BPF_MAP_CREATE type=1 key_size=4 value_size=4 max_entries=1 name=
[320.584086 pid=6620 tid=6630]   MAP_CREATE -> fd=113 errno=0 kernel_map_id=295
[320.584153 pid=6620 tid=6630] BPF_MAP_CREATE type=13 key_size=4 value_size=4 max_entries=1 name=
[320.584230 pid=6620 tid=6630]   MAP_CREATE -> fd=114 errno=0 kernel_map_id=296
[320.584302 pid=6620 tid=6630] BPF_MAP_CREATE type=1 key_size=4 value_size=4 max_entries=1 name=
[320.584374 pid=6620 tid=6630]   MAP_CREATE -> fd=113 errno=0 kernel_map_id=297
[320.584444 pid=6620 tid=6630] BPF_MAP_CREATE type=1 key_size=4 value_size=4 max_entries=1 name=
[320.584517 pid=6620 tid=6630]   MAP_CREATE -> fd=113 errno=0 kernel_map_id=298
[320.584587 pid=6620 tid=6630] BPF_MAP_CREATE type=1 key_size=4 value_size=4 max_entries=1 name=
[320.584661 pid=6620 tid=6630]   MAP_CREATE -> fd=113 errno=0 kernel_map_id=299
[320.584727 pid=6620 tid=6630] BPF_MAP_CREATE type=13 key_size=4 value_size=4 max_entries=1 name=
[320.584803 pid=6620 tid=6630]   MAP_CREATE -> fd=114 errno=0 kernel_map_id=300
[320.584878 pid=6620 tid=6630] BPF_MAP_CREATE type=1 key_size=4 value_size=4 max_entries=1 name=
[320.584949 pid=6620 tid=6630]   MAP_CREATE -> fd=113 errno=0 kernel_map_id=301
[320.585019 pid=6620 tid=6630] BPF_MAP_CREATE type=1 key_size=4 value_size=4 max_entries=1 name=
[320.585093 pid=6620 tid=6630]   MAP_CREATE -> fd=113 errno=0 kernel_map_id=302
[320.585164 pid=6620 tid=6630] BPF_MAP_CREATE type=1 key_size=4 value_size=4 max_entries=1 name=
[320.585236 pid=6620 tid=6630]   MAP_CREATE -> fd=113 errno=0 kernel_map_id=303
[320.585303 pid=6620 tid=6630] BPF_MAP_CREATE type=13 key_size=4 value_size=4 max_entries=1 name=
[320.585379 pid=6620 tid=6630]   MAP_CREATE -> fd=114 errno=0 kernel_map_id=304
[320.585453 pid=6620 tid=6630] BPF_MAP_CREATE type=1 key_size=4 value_size=4 max_entries=1 name=
[320.585524 pid=6620 tid=6630]   MAP_CREATE -> fd=113 errno=0 kernel_map_id=305
[320.585594 pid=6620 tid=6630] BPF_MAP_CREATE type=1 key_size=4 value_size=4 max_entries=1 name=
[320.585668 pid=6620 tid=6630]   MAP_CREATE -> fd=113 errno=0 kernel_map_id=306
[320.585738 pid=6620 tid=6630] BPF_MAP_CREATE type=1 key_size=4 value_size=4 max_entries=1 name=
[320.585812 pid=6620 tid=6630]   MAP_CREATE -> fd=113 errno=0 kernel_map_id=307
[320.585881 pid=6620 tid=6630] BPF_MAP_CREATE type=13 key_size=4 value_size=4 max_entries=1 name=
[320.585954 pid=6620 tid=6630]   MAP_CREATE -> fd=114 errno=0 kernel_map_id=308
[320.586025 pid=6620 tid=6630] BPF_MAP_CREATE type=1 key_size=4 value_size=4 max_entries=1 name=
[320.586094 pid=6620 tid=6630]   MAP_CREATE -> fd=113 errno=0 kernel_map_id=309
[320.586162 pid=6620 tid=6630] BPF_MAP_CREATE type=1 key_size=4 value_size=4 max_entries=1 name=
[320.586234 pid=6620 tid=6630]   MAP_CREATE -> fd=113 errno=0 kernel_map_id=310
[320.586301 pid=6620 tid=6630] BPF_MAP_CREATE type=1 key_size=4 value_size=4 max_entries=1 name=
[320.586372 pid=6620 tid=6630]   MAP_CREATE -> fd=113 errno=0 kernel_map_id=311
[320.586438 pid=6620 tid=6630] BPF_MAP_CREATE type=13 key_size=4 value_size=4 max_entries=1 name=
[320.586512 pid=6620 tid=6630]   MAP_CREATE -> fd=114 errno=0 kernel_map_id=312
[320.586584 pid=6620 tid=6630] BPF_MAP_CREATE type=1 key_size=4 value_size=4 max_entries=1 name=
[320.586652 pid=6620 tid=6630]   MAP_CREATE -> fd=113 errno=0 kernel_map_id=313
[320.586720 pid=6620 tid=6630] BPF_MAP_CREATE type=1 key_size=4 value_size=4 max_entries=1 name=
[320.586792 pid=6620 tid=6630]   MAP_CREATE -> fd=113 errno=0 kernel_map_id=314
[320.586863 pid=6620 tid=6630] BPF_MAP_CREATE type=1 key_size=4 value_size=4 max_entries=1 name=
[320.586934 pid=6620 tid=6630]   MAP_CREATE -> fd=113 errno=0 kernel_map_id=315
[320.586999 pid=6620 tid=6630] BPF_MAP_CREATE type=13 key_size=4 value_size=4 max_entries=1 name=
[320.587073 pid=6620 tid=6630]   MAP_CREATE -> fd=114 errno=0 kernel_map_id=316
[320.587144 pid=6620 tid=6630] BPF_MAP_CREATE type=1 key_size=4 value_size=4 max_entries=1 name=
[320.587215 pid=6620 tid=6630]   MAP_CREATE -> fd=113 errno=0 kernel_map_id=317
[320.587284 pid=6620 tid=6630] BPF_MAP_CREATE type=11 key_size=8 value_size=8 max_entries=1 name=
[320.587359 pid=6620 tid=6630]   MAP_CREATE -> fd=113 errno=0 kernel_map_id=318
[320.587425 pid=6620 tid=6630] BPF_MAP_CREATE type=1 key_size=4 value_size=4 max_entries=1 name=
[320.587497 pid=6620 tid=6630]   MAP_CREATE -> fd=113 errno=0 kernel_map_id=319
[320.587562 pid=6620 tid=6630] BPF_MAP_CREATE type=13 key_size=4 value_size=4 max_entries=1 name=
[320.587637 pid=6620 tid=6630]   MAP_CREATE -> fd=114 errno=0 kernel_map_id=320
[320.587709 pid=6620 tid=6630] BPF_MAP_CREATE type=11 key_size=8 value_size=8 max_entries=1 name=
[320.587779 pid=6620 tid=6630]   MAP_CREATE -> fd=113 errno=0 kernel_map_id=321
[320.587849 pid=6620 tid=6630] BPF_MAP_CREATE type=11 key_size=8 value_size=8 max_entries=1 name=
[320.587923 pid=6620 tid=6630]   MAP_CREATE -> fd=113 errno=0 kernel_map_id=322
[320.587991 pid=6620 tid=6630] BPF_MAP_CREATE type=1 key_size=4 value_size=4 max_entries=1 name=
[320.588061 pid=6620 tid=6630]   MAP_CREATE -> fd=113 errno=0 kernel_map_id=323
[320.588126 pid=6620 tid=6630] BPF_MAP_CREATE type=13 key_size=4 value_size=4 max_entries=1 name=
[320.588198 pid=6620 tid=6630]   MAP_CREATE -> fd=114 errno=0 kernel_map_id=324
[320.588301 pid=6620 tid=6630] BPF_MAP_CREATE type=11 key_size=8 value_size=8 max_entries=1 name=
[320.588399 pid=6620 tid=6630]   MAP_CREATE -> fd=113 errno=0 kernel_map_id=325
[320.588465 pid=6620 tid=6630] BPF_MAP_CREATE type=1 key_size=4 value_size=4 max_entries=1 name=
[320.588537 pid=6620 tid=6630]   MAP_CREATE -> fd=113 errno=0 kernel_map_id=326
[320.588605 pid=6620 tid=6630] BPF_MAP_CREATE type=1 key_size=4 value_size=4 max_entries=1 name=
[320.588677 pid=6620 tid=6630]   MAP_CREATE -> fd=113 errno=0 kernel_map_id=327
[320.588742 pid=6620 tid=6630] BPF_MAP_CREATE type=13 key_size=4 value_size=4 max_entries=1 name=
[320.588816 pid=6620 tid=6630]   MAP_CREATE -> fd=114 errno=0 kernel_map_id=328
[320.588890 pid=6620 tid=6630] BPF_MAP_CREATE type=1 key_size=4 value_size=4 max_entries=1 name=
[320.588959 pid=6620 tid=6630]   MAP_CREATE -> fd=113 errno=0 kernel_map_id=329
[320.589028 pid=6620 tid=6630] BPF_MAP_CREATE type=1 key_size=4 value_size=4 max_entries=1 name=
[320.589099 pid=6620 tid=6630]   MAP_CREATE -> fd=113 errno=0 kernel_map_id=330
[320.589166 pid=6620 tid=6630] BPF_MAP_CREATE type=1 key_size=4 value_size=4 max_entries=1 name=
[320.589238 pid=6620 tid=6630]   MAP_CREATE -> fd=113 errno=0 kernel_map_id=331
[320.589303 pid=6620 tid=6630] BPF_MAP_CREATE type=13 key_size=4 value_size=4 max_entries=1 name=
[320.589376 pid=6620 tid=6630]   MAP_CREATE -> fd=114 errno=0 kernel_map_id=332
[320.589448 pid=6620 tid=6630] BPF_MAP_CREATE type=1 key_size=4 value_size=4 max_entries=1 name=
[320.589517 pid=6620 tid=6630]   MAP_CREATE -> fd=113 errno=0 kernel_map_id=333
[320.589585 pid=6620 tid=6630] BPF_MAP_CREATE type=1 key_size=4 value_size=4 max_entries=1 name=
[320.589656 pid=6620 tid=6630]   MAP_CREATE -> fd=113 errno=0 kernel_map_id=334
[320.589724 pid=6620 tid=6630] BPF_MAP_CREATE type=1 key_size=4 value_size=4 max_entries=1 name=
[320.589796 pid=6620 tid=6630]   MAP_CREATE -> fd=113 errno=0 kernel_map_id=335
[320.589864 pid=6620 tid=6630] BPF_MAP_CREATE type=13 key_size=4 value_size=4 max_entries=1 name=
[320.589937 pid=6620 tid=6630]   MAP_CREATE -> fd=114 errno=0 kernel_map_id=336
[320.590080 pid=6620 tid=6630] BPF_MAP_CREATE type=1 key_size=4 value_size=4 max_entries=1 name=
[320.590477 pid=6620 tid=6630]   MAP_CREATE -> fd=113 errno=0 kernel_map_id=337
[320.590676 pid=6620 tid=6630] BPF_MAP_CREATE type=1 key_size=4 value_size=4 max_entries=1 name=
[320.590870 pid=6620 tid=6630]   MAP_CREATE -> fd=113 errno=0 kernel_map_id=338
[320.591066 pid=6620 tid=6630] BPF_MAP_CREATE type=1 key_size=4 value_size=4 max_entries=1 name=
[320.591241 pid=6620 tid=6630]   MAP_CREATE -> fd=113 errno=0 kernel_map_id=339
[320.591463 pid=6620 tid=6630] BPF_MAP_CREATE type=13 key_size=4 value_size=4 max_entries=1 name=
[320.591533 pid=6620 tid=6630]   MAP_CREATE -> fd=114 errno=0 kernel_map_id=340
[320.591608 pid=6620 tid=6630] BPF_MAP_CREATE type=1 key_size=4 value_size=4 max_entries=1 name=
[320.591673 pid=6620 tid=6630]   MAP_CREATE -> fd=113 errno=0 kernel_map_id=341
[320.591743 pid=6620 tid=6630] BPF_MAP_CREATE type=4 key_size=4 value_size=4 max_entries=1 name=
[320.591811 pid=6620 tid=6630]   MAP_CREATE -> fd=113 errno=0 kernel_map_id=342
[320.591890 pid=6620 tid=6630] BPF_MAP_CREATE type=4 key_size=4 value_size=4 max_entries=1 name=
[320.591956 pid=6620 tid=6630]   MAP_CREATE -> fd=113 errno=0 kernel_map_id=343
[320.592028 pid=6620 tid=6630] BPF_MAP_CREATE type=4 key_size=4 value_size=4 max_entries=1 name=
[320.592096 pid=6620 tid=6630]   MAP_CREATE -> fd=113 errno=0 kernel_map_id=344
[320.592167 pid=6620 tid=6630] BPF_MAP_CREATE type=4 key_size=4 value_size=4 max_entries=1 name=
[320.592235 pid=6620 tid=6630]   MAP_CREATE -> fd=113 errno=0 kernel_map_id=345
[320.592306 pid=6620 tid=6630] BPF_MAP_CREATE type=9 key_size=4 value_size=4 max_entries=1 name=
[320.592376 pid=6620 tid=6630]   MAP_CREATE -> fd=113 errno=0 kernel_map_id=346
[320.592446 pid=6620 tid=6630] BPF_MAP_CREATE type=9 key_size=4 value_size=4 max_entries=1 name=
[320.592516 pid=6620 tid=6630]   MAP_CREATE -> fd=113 errno=0 kernel_map_id=347
[320.592585 pid=6620 tid=6630] BPF_MAP_CREATE type=9 key_size=4 value_size=4 max_entries=1 name=
[320.592655 pid=6620 tid=6630]   MAP_CREATE -> fd=113 errno=0 kernel_map_id=348
[320.592725 pid=6620 tid=6630] BPF_MAP_CREATE type=9 key_size=4 value_size=4 max_entries=1 name=
[320.592795 pid=6620 tid=6630]   MAP_CREATE -> fd=113 errno=0 kernel_map_id=349
[320.592868 pid=6620 tid=6630] BPF_MAP_CREATE type=4 key_size=4 value_size=4 max_entries=1 name=
[320.592937 pid=6620 tid=6630]   MAP_CREATE -> fd=113 errno=0 kernel_map_id=350
[320.593007 pid=6620 tid=6630] BPF_MAP_CREATE type=6 key_size=4 value_size=4 max_entries=1 name=
[320.593076 pid=6620 tid=6630]   MAP_CREATE -> fd=113 errno=0 kernel_map_id=351
[320.593147 pid=6620 tid=6630] BPF_MAP_CREATE type=1 key_size=4 value_size=4 max_entries=1 name=
[320.593217 pid=6620 tid=6630]   MAP_CREATE -> fd=113 errno=0 kernel_map_id=352
[320.593287 pid=6620 tid=6630] BPF_MAP_CREATE type=1 key_size=4 value_size=4 max_entries=1 name=
[320.593357 pid=6620 tid=6630]   MAP_CREATE -> fd=113 errno=0 kernel_map_id=353
[320.593426 pid=6620 tid=6630] BPF_MAP_CREATE type=1 key_size=4 value_size=4 max_entries=1 name=
[320.593496 pid=6620 tid=6630]   MAP_CREATE -> fd=113 errno=0 kernel_map_id=354
[320.593566 pid=6620 tid=6630] BPF_MAP_CREATE type=2 key_size=4 value_size=4 max_entries=1 name=
[320.593634 pid=6620 tid=6630]   MAP_CREATE -> fd=113 errno=0 kernel_map_id=355
[320.593705 pid=6620 tid=6630] BPF_MAP_CREATE type=2 key_size=4 value_size=4 max_entries=1 name=
[320.593773 pid=6620 tid=6630]   MAP_CREATE -> fd=113 errno=0 kernel_map_id=356
[320.593847 pid=6620 tid=6630] BPF_MAP_CREATE type=2 key_size=4 value_size=4 max_entries=1 name=
[320.593914 pid=6620 tid=6630]   MAP_CREATE -> fd=113 errno=0 kernel_map_id=357
[320.594104 pid=6620 tid=6630] BPF_PROG_LOAD type=1 (socket_filter) name= insn_cnt=2 hash=58255400910d7827 policy_hash=58255400910d7827 branch_profile_hash=13453716aec57bda license=GPL expected_attach=0 attach_btf_id=0 prog_btf_fd=0 attach_btf_obj_fd=0 attach_prog_fd=0
[320.612030 pid=6620 tid=6630] loadtime policy prog= policy_hash=58255400910d7827 branch_profile_hash=13453716aec57bda insn_cnt=2
[320.642542 pid=6620 tid=6630] loadtime step prog= step=map_inline elapsed_ms=14
[320.642617 pid=6620 tid=6630] loadtime prog= produced no bytecode changes; passing original BPF_PROG_LOAD through
[320.642721 pid=6620 tid=6630]   PROG_LOAD -> fd=113 errno=0 kernel_prog_id=177
[320.655497 pid=6620 tid=6630] BPF_PROG_LOAD type=1 (socket_filter) name=libbpf_nametest insn_cnt=2 hash=58255400910d7827 policy_hash=58255400910d7827 branch_profile_hash=9d7920482b168705 license=GPL expected_attach=0 attach_btf_id=0 prog_btf_fd=0 attach_btf_obj_fd=0 attach_prog_fd=0
[320.679180 pid=6620 tid=6630] loadtime policy prog=libbpf_nametest policy_hash=58255400910d7827 branch_profile_hash=9d7920482b168705 insn_cnt=2
[320.711202 pid=6620 tid=6630] loadtime step prog=libbpf_nametest step=map_inline elapsed_ms=8
[320.711307 pid=6620 tid=6630] loadtime prog=libbpf_nametest produced no bytecode changes; passing original BPF_PROG_LOAD through
[320.711463 pid=6620 tid=6630]   PROG_LOAD -> fd=113 errno=0 kernel_prog_id=180
[320.711571 pid=6620 tid=6630] BPF_MAP_CREATE type=2 key_size=4 value_size=4 max_entries=1 name=libbpf_mmap
[320.711648 pid=6620 tid=6630]   MAP_CREATE -> fd=113 errno=0 kernel_map_id=358
[321.036528 pid=6620 tid=6630] BPF_PROG_LOAD type=2 (kprobe) name=det_arg_ctx insn_cnt=4 hash=3ae725ddb7d69e19 policy_hash=3ae725ddb7d69e19 branch_profile_hash=3be13a826158503f license=GPL expected_attach=0 attach_btf_id=0 prog_btf_fd=163 attach_btf_obj_fd=0 attach_prog_fd=0
[321.059164 pid=6620 tid=6630] loadtime policy prog=det_arg_ctx policy_hash=3ae725ddb7d69e19 branch_profile_hash=3be13a826158503f insn_cnt=4
[321.085371 pid=6620 tid=6630] loadtime step prog=det_arg_ctx step=map_inline elapsed_ms=11
[321.085560 pid=6620 tid=6630] loadtime prog=det_arg_ctx produced no bytecode changes; passing original BPF_PROG_LOAD through
[321.085667 pid=6620 tid=6630]   PROG_LOAD -> fd=164 errno=0 kernel_prog_id=183
[321.086200 pid=6620 tid=6630] BPF_MAP_CREATE type=1 key_size=4 value_size=4 max_entries=1024 name=sys_32_to_64_ma
[321.086387 pid=6620 tid=6630]   MAP_CREATE -> fd=164 errno=0 kernel_map_id=359
[321.086572 pid=6620 tid=6630] BPF_MAP_CREATE type=3 key_size=4 value_size=4 max_entries=794 name=sys_enter_init_
[321.086645 pid=6620 tid=6630]   MAP_CREATE -> fd=164 errno=0 kernel_map_id=360
[321.086717 pid=6620 tid=6630] BPF_MAP_CREATE type=9 key_size=4 value_size=200 max_entries=10240 name=task_info_map
[321.087139 pid=6620 tid=6630]   MAP_CREATE -> fd=164 errno=0 kernel_map_id=361
[321.087303 pid=6620 tid=6630] BPF_MAP_CREATE type=2 key_size=4 value_size=272 max_entries=1 name=config_map
[321.087371 pid=6620 tid=6630]   MAP_CREATE -> fd=164 errno=0 kernel_map_id=362
[321.087446 pid=6620 tid=6630] BPF_MAP_CREATE type=3 key_size=4 value_size=4 max_entries=794 name=sys_enter_submi
[321.087547 pid=6620 tid=6630]   MAP_CREATE -> fd=164 errno=0 kernel_map_id=363
[321.087622 pid=6620 tid=6630] BPF_MAP_CREATE type=3 key_size=4 value_size=4 max_entries=794 name=sys_enter_tails
[321.087693 pid=6620 tid=6630]   MAP_CREATE -> fd=164 errno=0 kernel_map_id=364
[321.087768 pid=6620 tid=6630] BPF_MAP_CREATE type=9 key_size=8 value_size=64 max_entries=1024 name=fd_arg_path_map
[321.087860 pid=6620 tid=6630]   MAP_CREATE -> fd=164 errno=0 kernel_map_id=365
[321.087934 pid=6620 tid=6630] BPF_MAP_CREATE type=3 key_size=4 value_size=4 max_entries=794 name=sys_exit_init_t
[321.088035 pid=6620 tid=6630]   MAP_CREATE -> fd=164 errno=0 kernel_map_id=366
[321.088138 pid=6620 tid=6630] BPF_MAP_CREATE type=3 key_size=4 value_size=4 max_entries=794 name=sys_exit_submit
[321.088210 pid=6620 tid=6630]   MAP_CREATE -> fd=164 errno=0 kernel_map_id=367
[321.088284 pid=6620 tid=6630] BPF_MAP_CREATE type=3 key_size=4 value_size=4 max_entries=794 name=sys_exit_tails
[321.088356 pid=6620 tid=6630]   MAP_CREATE -> fd=164 errno=0 kernel_map_id=368
[321.088430 pid=6620 tid=6630] BPF_MAP_CREATE type=3 key_size=4 value_size=4 max_entries=794 name=generic_sys_ent
[321.088501 pid=6620 tid=6630]   MAP_CREATE -> fd=164 errno=0 kernel_map_id=369
[321.088576 pid=6620 tid=6630] BPF_MAP_CREATE type=3 key_size=4 value_size=4 max_entries=794 name=generic_sys_exi
[321.088647 pid=6620 tid=6630]   MAP_CREATE -> fd=164 errno=0 kernel_map_id=370
[321.088721 pid=6620 tid=6630] BPF_MAP_CREATE type=9 key_size=4 value_size=368 max_entries=30720 name=proc_info_map
[321.090461 pid=6620 tid=6630]   MAP_CREATE -> fd=164 errno=0 kernel_map_id=371
[321.090583 pid=6620 tid=6630] BPF_MAP_CREATE type=1 key_size=4 value_size=16 max_entries=10240 name=process_tree_ma
[321.090800 pid=6620 tid=6630]   MAP_CREATE -> fd=164 errno=0 kernel_map_id=372
[321.090913 pid=6620 tid=6630] BPF_MAP_CREATE type=1 key_size=4 value_size=16 max_entries=10240 name=process_tree_ma
[321.091151 pid=6620 tid=6630]   MAP_CREATE -> fd=164 errno=0 kernel_map_id=373
[321.091257 pid=6620 tid=6630] BPF_MAP_CREATE type=13 key_size=2 value_size=4 max_entries=64 name=process_tree_ma
[321.091359 pid=6620 tid=6630]   MAP_CREATE -> fd=164 errno=0 kernel_map_id=374
[321.091467 pid=6620 tid=6630] BPF_MAP_CREATE type=6 key_size=4 value_size=16 max_entries=1 name=module_context_
[321.091563 pid=6620 tid=6630]   MAP_CREATE -> fd=24 errno=0 kernel_map_id=375
[321.091635 pid=6620 tid=6630] BPF_MAP_CREATE type=22 key_size=0 value_size=8 max_entries=330 name=walk_mod_tree_q
[321.091708 pid=6620 tid=6630]   MAP_CREATE -> fd=24 errno=0 kernel_map_id=376
[321.091781 pid=6620 tid=6630] BPF_MAP_CREATE type=3 key_size=4 value_size=4 max_entries=15 name=prog_array
[321.091854 pid=6620 tid=6630]   MAP_CREATE -> fd=24 errno=0 kernel_map_id=377
[321.091928 pid=6620 tid=6630] BPF_MAP_CREATE type=1 key_size=4 value_size=1 max_entries=10240 name=containers_map
[321.092130 pid=6620 tid=6630]   MAP_CREATE -> fd=24 errno=0 kernel_map_id=378
[321.092207 pid=6620 tid=6630] BPF_MAP_CREATE type=3 key_size=4 value_size=4 max_entries=15 name=prog_array_tp
[321.092307 pid=6620 tid=6630]   MAP_CREATE -> fd=24 errno=0 kernel_map_id=379
[321.092412 pid=6620 tid=6630] BPF_MAP_CREATE type=1 key_size=8 value_size=16 max_entries=330 name=new_module_map
[321.092519 pid=6620 tid=6630]   MAP_CREATE -> fd=24 errno=0 kernel_map_id=380
[321.092585 pid=6620 tid=6630] BPF_MAP_CREATE type=9 key_size=8 value_size=8 max_entries=50 name=recent_deleted_
[321.092658 pid=6620 tid=6630]   MAP_CREATE -> fd=24 errno=0 kernel_map_id=381
[321.092731 pid=6620 tid=6630] BPF_MAP_CREATE type=9 key_size=48 value_size=198 max_entries=4096 name=cgrpctxmap_in
[321.092950 pid=6620 tid=6630]   MAP_CREATE -> fd=24 errno=0 kernel_map_id=382
[321.093024 pid=6620 tid=6630] BPF_MAP_CREATE type=9 key_size=48 value_size=198 max_entries=4096 name=cgrpctxmap_eg
[321.093241 pid=6620 tid=6630]   MAP_CREATE -> fd=24 errno=0 kernel_map_id=383
[321.093316 pid=6620 tid=6630] BPF_MAP_CREATE type=33 key_size=0 value_size=0 max_entries=1 name=features_test_a
[321.095982 pid=6620 tid=6630]   MAP_CREATE -> fd=24 errno=0 kernel_map_id=384
[321.096166 pid=6620 tid=6630] BPF_MAP_CREATE type=1 key_size=4 value_size=4 max_entries=10240 name=kconfig_map
[321.096401 pid=6620 tid=6630]   MAP_CREATE -> fd=24 errno=0 kernel_map_id=385
[321.096508 pid=6620 tid=6630] BPF_MAP_CREATE type=1 key_size=8 value_size=48 max_entries=10240 name=args_map
[321.096775 pid=6620 tid=6630]   MAP_CREATE -> fd=24 errno=0 kernel_map_id=386
[321.096883 pid=6620 tid=6630] BPF_MAP_CREATE type=1 key_size=64 value_size=8 max_entries=1024 name=ksymbols_map
[321.097003 pid=6620 tid=6630]   MAP_CREATE -> fd=24 errno=0 kernel_map_id=387
[321.097111 pid=6620 tid=6630] BPF_MAP_CREATE type=2 key_size=4 value_size=64 max_entries=3 name=file_write_path
[321.097209 pid=6620 tid=6630]   MAP_CREATE -> fd=24 errno=0 kernel_map_id=388
[321.097312 pid=6620 tid=6630] BPF_MAP_CREATE type=2 key_size=4 value_size=64 max_entries=3 name=file_read_path_
[321.097413 pid=6620 tid=6630]   MAP_CREATE -> fd=24 errno=0 kernel_map_id=389
[321.097487 pid=6620 tid=6630] BPF_MAP_CREATE type=2 key_size=4 value_size=4 max_entries=2 name=file_type_filte
[321.097558 pid=6620 tid=6630]   MAP_CREATE -> fd=24 errno=0 kernel_map_id=390
[321.097633 pid=6620 tid=6630] BPF_MAP_CREATE type=2 key_size=4 value_size=8 max_entries=1 name=netconfig_map
[321.097704 pid=6620 tid=6630]   MAP_CREATE -> fd=24 errno=0 kernel_map_id=391
[321.097778 pid=6620 tid=6630] BPF_MAP_CREATE type=2 key_size=4 value_size=8 max_entries=500 name=expected_sys_ca
[321.097853 pid=6620 tid=6630]   MAP_CREATE -> fd=24 errno=0 kernel_map_id=392
[321.097958 pid=6620 tid=6630] BPF_MAP_CREATE type=6 key_size=4 value_size=32768 max_entries=2 name=bufs
[321.098104 pid=6620 tid=6630]   MAP_CREATE -> fd=24 errno=0 kernel_map_id=393
[321.098213 pid=6620 tid=6630] BPF_MAP_CREATE type=6 key_size=4 value_size=256 max_entries=1 name=data_filter_buf
[321.098490 pid=6620 tid=6630]   MAP_CREATE -> fd=24 errno=0 kernel_map_id=394
[321.098561 pid=6620 tid=6630] BPF_MAP_CREATE type=6 key_size=4 value_size=260 max_entries=1 name=data_filter_lpm
[321.098631 pid=6620 tid=6630]   MAP_CREATE -> fd=24 errno=0 kernel_map_id=395
[321.098705 pid=6620 tid=6630] BPF_MAP_CREATE type=9 key_size=24 value_size=1 max_entries=4096 name=syscall_source_
[321.098839 pid=6620 tid=6630]   MAP_CREATE -> fd=24 errno=0 kernel_map_id=396
[321.099092 pid=6620 tid=6630] BPF_MAP_CREATE type=7 key_size=4 value_size=160 max_entries=1024 name=stack_addresses
[321.099313 pid=6620 tid=6630]   MAP_CREATE -> fd=24 errno=0 kernel_map_id=397
[321.099385 pid=6620 tid=6630] BPF_MAP_CREATE type=9 key_size=4 value_size=32 max_entries=1024 name=bpf_attach_map
[321.099472 pid=6620 tid=6630]   MAP_CREATE -> fd=24 errno=0 kernel_map_id=398
[321.099543 pid=6620 tid=6630] BPF_MAP_CREATE type=9 key_size=4 value_size=32 max_entries=1024 name=bpf_attach_tmp_
[321.099630 pid=6620 tid=6630]   MAP_CREATE -> fd=24 errno=0 kernel_map_id=399
[321.099701 pid=6620 tid=6630] BPF_MAP_CREATE type=9 key_size=4 value_size=8 max_entries=1024 name=bpf_prog_load_m
[321.099784 pid=6620 tid=6630]   MAP_CREATE -> fd=24 errno=0 kernel_map_id=400
[321.099845 pid=6620 tid=6630] BPF_MAP_CREATE type=6 key_size=4 value_size=32536 max_entries=1 name=event_data_map
[321.099938 pid=6620 tid=6630]   MAP_CREATE -> fd=24 errno=0 kernel_map_id=401
[321.100014 pid=6620 tid=6630] BPF_MAP_CREATE type=6 key_size=4 value_size=32072 max_entries=1 name=signal_data_map
[321.100096 pid=6620 tid=6630]   MAP_CREATE -> fd=24 errno=0 kernel_map_id=402
[321.100166 pid=6620 tid=6630] BPF_MAP_CREATE type=1 key_size=88 value_size=16 max_entries=4096 name=logs_count
[321.100320 pid=6620 tid=6630]   MAP_CREATE -> fd=24 errno=0 kernel_map_id=403
[321.100390 pid=6620 tid=6630] BPF_MAP_CREATE type=6 key_size=4 value_size=368 max_entries=2 name=scratch_map
[321.100488 pid=6620 tid=6630]   MAP_CREATE -> fd=24 errno=0 kernel_map_id=404
[321.100560 pid=6620 tid=6630] BPF_MAP_CREATE type=9 key_size=16 value_size=4 max_entries=10240 name=file_modificati
[321.100765 pid=6620 tid=6630]   MAP_CREATE -> fd=24 errno=0 kernel_map_id=405
[321.100837 pid=6620 tid=6630] BPF_MAP_CREATE type=9 key_size=24 value_size=4096 max_entries=5 name=io_file_path_ca
[321.100910 pid=6620 tid=6630]   MAP_CREATE -> fd=24 errno=0 kernel_map_id=406
[321.100978 pid=6620 tid=6630] BPF_MAP_CREATE type=9 key_size=24 value_size=1 max_entries=64 name=elf_files_map
[321.101049 pid=6620 tid=6630]   MAP_CREATE -> fd=24 errno=0 kernel_map_id=407
[321.101119 pid=6620 tid=6630] BPF_MAP_CREATE type=1 key_size=4 value_size=256 max_entries=1 name=policies_config
[321.101192 pid=6620 tid=6630]   MAP_CREATE -> fd=24 errno=0 kernel_map_id=408
[321.101261 pid=6620 tid=6630] BPF_MAP_CREATE type=1 key_size=4 value_size=256 max_entries=1 name=policies_config
[321.101332 pid=6620 tid=6630]   MAP_CREATE -> fd=24 errno=0 kernel_map_id=409
[321.101401 pid=6620 tid=6630] BPF_MAP_CREATE type=13 key_size=2 value_size=4 max_entries=64 name=policies_config
[321.101472 pid=6620 tid=6630]   MAP_CREATE -> fd=24 errno=0 kernel_map_id=410
[321.101545 pid=6620 tid=6630] BPF_MAP_CREATE type=1 key_size=4 value_size=16 max_entries=256 name=uid_filter
[321.101619 pid=6620 tid=6630]   MAP_CREATE -> fd=24 errno=0 kernel_map_id=411
[321.101687 pid=6620 tid=6630] BPF_MAP_CREATE type=1 key_size=4 value_size=16 max_entries=256 name=uid_filter_vers
[321.101761 pid=6620 tid=6630]   MAP_CREATE -> fd=24 errno=0 kernel_map_id=412
[321.101828 pid=6620 tid=6630] BPF_MAP_CREATE type=13 key_size=2 value_size=4 max_entries=64 name=uid_filter_vers
[321.101902 pid=6620 tid=6630]   MAP_CREATE -> fd=24 errno=0 kernel_map_id=413
[321.101976 pid=6620 tid=6630] BPF_MAP_CREATE type=1 key_size=4 value_size=16 max_entries=256 name=pid_filter
[321.102049 pid=6620 tid=6630]   MAP_CREATE -> fd=24 errno=0 kernel_map_id=414
[321.102115 pid=6620 tid=6630] BPF_MAP_CREATE type=1 key_size=4 value_size=16 max_entries=256 name=pid_filter_vers
[321.102189 pid=6620 tid=6630]   MAP_CREATE -> fd=24 errno=0 kernel_map_id=415
[321.102255 pid=6620 tid=6630] BPF_MAP_CREATE type=13 key_size=2 value_size=4 max_entries=64 name=pid_filter_vers
[321.102326 pid=6620 tid=6630]   MAP_CREATE -> fd=24 errno=0 kernel_map_id=416
[321.102398 pid=6620 tid=6630] BPF_MAP_CREATE type=1 key_size=4 value_size=16 max_entries=256 name=mnt_ns_filter
[321.102473 pid=6620 tid=6630]   MAP_CREATE -> fd=24 errno=0 kernel_map_id=417
[321.102540 pid=6620 tid=6630] BPF_MAP_CREATE type=1 key_size=4 value_size=16 max_entries=256 name=mnt_ns_filter_v
[321.102616 pid=6620 tid=6630]   MAP_CREATE -> fd=24 errno=0 kernel_map_id=418
[321.102682 pid=6620 tid=6630] BPF_MAP_CREATE type=13 key_size=2 value_size=4 max_entries=64 name=mnt_ns_filter_v
[321.102753 pid=6620 tid=6630]   MAP_CREATE -> fd=24 errno=0 kernel_map_id=419
[321.102828 pid=6620 tid=6630] BPF_MAP_CREATE type=1 key_size=4 value_size=16 max_entries=256 name=pid_ns_filter
[321.102902 pid=6620 tid=6630]   MAP_CREATE -> fd=24 errno=0 kernel_map_id=420
[321.102970 pid=6620 tid=6630] BPF_MAP_CREATE type=1 key_size=4 value_size=16 max_entries=256 name=pid_ns_filter_v
[321.103043 pid=6620 tid=6630]   MAP_CREATE -> fd=24 errno=0 kernel_map_id=421
[321.103110 pid=6620 tid=6630] BPF_MAP_CREATE type=13 key_size=2 value_size=4 max_entries=64 name=pid_ns_filter_v
[321.103182 pid=6620 tid=6630]   MAP_CREATE -> fd=24 errno=0 kernel_map_id=422
[321.103255 pid=6620 tid=6630] BPF_MAP_CREATE type=1 key_size=16 value_size=16 max_entries=256 name=uts_ns_filter
[321.103329 pid=6620 tid=6630]   MAP_CREATE -> fd=24 errno=0 kernel_map_id=423
[321.103395 pid=6620 tid=6630] BPF_MAP_CREATE type=1 key_size=16 value_size=16 max_entries=256 name=uts_ns_filter_v
[321.103469 pid=6620 tid=6630]   MAP_CREATE -> fd=24 errno=0 kernel_map_id=424
[321.103535 pid=6620 tid=6630] BPF_MAP_CREATE type=13 key_size=2 value_size=4 max_entries=64 name=uts_ns_filter_v
[321.103607 pid=6620 tid=6630]   MAP_CREATE -> fd=24 errno=0 kernel_map_id=425
[321.103679 pid=6620 tid=6630] BPF_MAP_CREATE type=1 key_size=256 value_size=16 max_entries=1024 name=data_filter_exa
[321.103787 pid=6620 tid=6630]   MAP_CREATE -> fd=24 errno=0 kernel_map_id=426
[321.103862 pid=6620 tid=6630] BPF_MAP_CREATE type=1 key_size=256 value_size=16 max_entries=1024 name=data_filter_exa
[321.103971 pid=6620 tid=6630]   MAP_CREATE -> fd=24 errno=0 kernel_map_id=427
[321.104040 pid=6620 tid=6630] BPF_MAP_CREATE type=13 key_size=8 value_size=4 max_entries=64 name=data_filter_exa
[321.104114 pid=6620 tid=6630]   MAP_CREATE -> fd=24 errno=0 kernel_map_id=428
[321.104190 pid=6620 tid=6630] BPF_MAP_CREATE type=11 key_size=260 value_size=16 max_entries=1024 name=data_filter_suf
[321.104261 pid=6620 tid=6630]   MAP_CREATE -> fd=24 errno=0 kernel_map_id=429
[321.104332 pid=6620 tid=6630] BPF_MAP_CREATE type=11 key_size=260 value_size=16 max_entries=1024 name=data_filter_suf
[321.104405 pid=6620 tid=6630]   MAP_CREATE -> fd=24 errno=0 kernel_map_id=430
[321.104476 pid=6620 tid=6630] BPF_MAP_CREATE type=13 key_size=8 value_size=4 max_entries=64 name=data_filter_suf
[321.104550 pid=6620 tid=6630]   MAP_CREATE -> fd=24 errno=0 kernel_map_id=431
[321.104624 pid=6620 tid=6630] BPF_MAP_CREATE type=11 key_size=260 value_size=16 max_entries=1024 name=data_filter_pre
[321.104696 pid=6620 tid=6630]   MAP_CREATE -> fd=24 errno=0 kernel_map_id=432
[321.104769 pid=6620 tid=6630] BPF_MAP_CREATE type=11 key_size=260 value_size=16 max_entries=1024 name=data_filter_pre
[321.104845 pid=6620 tid=6630]   MAP_CREATE -> fd=24 errno=0 kernel_map_id=433
[321.104916 pid=6620 tid=6630] BPF_MAP_CREATE type=13 key_size=8 value_size=4 max_entries=64 name=data_filter_pre
[321.104990 pid=6620 tid=6630]   MAP_CREATE -> fd=24 errno=0 kernel_map_id=434
[321.105066 pid=6620 tid=6630] BPF_MAP_CREATE type=1 key_size=16 value_size=16 max_entries=256 name=comm_filter
[321.105140 pid=6620 tid=6630]   MAP_CREATE -> fd=24 errno=0 kernel_map_id=435
[321.105209 pid=6620 tid=6630] BPF_MAP_CREATE type=1 key_size=16 value_size=16 max_entries=256 name=comm_filter_ver
[321.105286 pid=6620 tid=6630]   MAP_CREATE -> fd=24 errno=0 kernel_map_id=436
[321.105355 pid=6620 tid=6630] BPF_MAP_CREATE type=13 key_size=2 value_size=4 max_entries=64 name=comm_filter_ver
[321.105436 pid=6620 tid=6630]   MAP_CREATE -> fd=24 errno=0 kernel_map_id=437
[321.105509 pid=6620 tid=6630] BPF_MAP_CREATE type=1 key_size=4 value_size=16 max_entries=256 name=cgroup_id_filte
[321.105586 pid=6620 tid=6630]   MAP_CREATE -> fd=24 errno=0 kernel_map_id=438
[321.105655 pid=6620 tid=6630] BPF_MAP_CREATE type=1 key_size=4 value_size=16 max_entries=256 name=cgroup_id_filte
[321.105731 pid=6620 tid=6630]   MAP_CREATE -> fd=24 errno=0 kernel_map_id=439
[321.105798 pid=6620 tid=6630] BPF_MAP_CREATE type=13 key_size=2 value_size=4 max_entries=64 name=cgroup_id_filte
[321.105876 pid=6620 tid=6630]   MAP_CREATE -> fd=24 errno=0 kernel_map_id=440
[321.105950 pid=6620 tid=6630] BPF_MAP_CREATE type=1 key_size=260 value_size=16 max_entries=256 name=binary_filter
[321.106035 pid=6620 tid=6630]   MAP_CREATE -> fd=24 errno=0 kernel_map_id=441
[321.106107 pid=6620 tid=6630] BPF_MAP_CREATE type=1 key_size=260 value_size=16 max_entries=256 name=binary_filter_v
[321.106190 pid=6620 tid=6630]   MAP_CREATE -> fd=24 errno=0 kernel_map_id=442
[321.106250 pid=6620 tid=6630] BPF_MAP_CREATE type=13 key_size=2 value_size=4 max_entries=64 name=binary_filter_v
[321.106323 pid=6620 tid=6630]   MAP_CREATE -> fd=24 errno=0 kernel_map_id=443
[321.106399 pid=6620 tid=6630] BPF_MAP_CREATE type=1 key_size=4 value_size=64 max_entries=794 name=events_map
[321.106485 pid=6620 tid=6630]   MAP_CREATE -> fd=24 errno=0 kernel_map_id=444
[321.106557 pid=6620 tid=6630] BPF_MAP_CREATE type=1 key_size=4 value_size=64 max_entries=794 name=events_map_vers
[321.106644 pid=6620 tid=6630]   MAP_CREATE -> fd=24 errno=0 kernel_map_id=445
[321.106714 pid=6620 tid=6630] BPF_MAP_CREATE type=13 key_size=2 value_size=4 max_entries=64 name=events_map_vers
[321.106789 pid=6620 tid=6630]   MAP_CREATE -> fd=24 errno=0 kernel_map_id=446
[321.106868 pid=6620 tid=6630] BPF_MAP_CREATE type=4 key_size=4 value_size=4 max_entries=1024 name=logs
[321.106941 pid=6620 tid=6630]   MAP_CREATE -> fd=24 errno=0 kernel_map_id=447
[321.107012 pid=6620 tid=6630] BPF_MAP_CREATE type=4 key_size=4 value_size=4 max_entries=1024 name=events
[321.107085 pid=6620 tid=6630]   MAP_CREATE -> fd=24 errno=0 kernel_map_id=448
[321.107158 pid=6620 tid=6630] BPF_MAP_CREATE type=4 key_size=4 value_size=4 max_entries=1024 name=file_writes
[321.107232 pid=6620 tid=6630]   MAP_CREATE -> fd=24 errno=0 kernel_map_id=449
[321.107303 pid=6620 tid=6630] BPF_MAP_CREATE type=4 key_size=4 value_size=4 max_entries=1024 name=signals
[321.107376 pid=6620 tid=6630]   MAP_CREATE -> fd=24 errno=0 kernel_map_id=450
[321.107450 pid=6620 tid=6630] BPF_MAP_CREATE type=9 key_size=41 value_size=9 max_entries=65535 name=netflowmap
[321.108854 pid=6620 tid=6630]   MAP_CREATE -> fd=24 errno=0 kernel_map_id=451
[321.109080 pid=6620 tid=6630] BPF_MAP_CREATE type=9 key_size=8 value_size=128 max_entries=65535 name=inodemap
[321.111272 pid=6620 tid=6630]   MAP_CREATE -> fd=24 errno=0 kernel_map_id=452
[321.111450 pid=6620 tid=6630] BPF_MAP_CREATE type=9 key_size=8 value_size=8 max_entries=65535 name=sockmap
[321.112297 pid=6620 tid=6630]   MAP_CREATE -> fd=24 errno=0 kernel_map_id=453
[321.112378 pid=6620 tid=6630] BPF_MAP_CREATE type=9 key_size=4 value_size=48 max_entries=2048 name=entrymap
[321.112482 pid=6620 tid=6630]   MAP_CREATE -> fd=24 errno=0 kernel_map_id=454
[321.112559 pid=6620 tid=6630] BPF_MAP_CREATE type=4 key_size=4 value_size=4 max_entries=10240 name=net_cap_events
[321.112638 pid=6620 tid=6630]   MAP_CREATE -> fd=24 errno=0 kernel_map_id=455
[321.112703 pid=6620 tid=6630] BPF_MAP_CREATE type=6 key_size=4 value_size=32536 max_entries=1 name=net_heap_event
[321.112796 pid=6620 tid=6630]   MAP_CREATE -> fd=24 errno=0 kernel_map_id=456
[321.112871 pid=6620 tid=6630] BPF_MAP_CREATE type=1 key_size=8 value_size=1 max_entries=660 name=modules_map
[321.112953 pid=6620 tid=6630]   MAP_CREATE -> fd=24 errno=0 kernel_map_id=457
[321.113017 pid=6620 tid=6630] BPF_MAP_CREATE type=1 key_size=4 value_size=4 max_entries=794 name=suspicious_sysc
[321.113101 pid=6620 tid=6630]   MAP_CREATE -> fd=24 errno=0 kernel_map_id=458
[321.113165 pid=6620 tid=6630] BPF_MAP_CREATE type=1 key_size=4 value_size=4 max_entries=794 name=stack_pivot_sys
[321.113247 pid=6620 tid=6630]   MAP_CREATE -> fd=24 errno=0 kernel_map_id=459
[321.113312 pid=6620 tid=6630] BPF_MAP_CREATE type=2 key_size=4 value_size=32 max_entries=1 name=libbpf_global
[321.113384 pid=6620 tid=6630]   MAP_CREATE -> fd=24 errno=0 kernel_map_id=460
[321.113533 pid=6620 tid=6630] BPF_PROG_LOAD type=1 (socket_filter) name= insn_cnt=5 hash=a986313744f9f923 policy_hash=048f9e0260e5b0fb branch_profile_hash=b9cb6abd276be64d license=GPL expected_attach=0 attach_btf_id=0 prog_btf_fd=0 attach_btf_obj_fd=0 attach_prog_fd=0
[321.136218 pid=6620 tid=6630] loadtime policy prog= policy_hash=048f9e0260e5b0fb branch_profile_hash=b9cb6abd276be64d insn_cnt=5
[321.166348 pid=6620 tid=6630] loadtime step prog= step=map_inline elapsed_ms=11
[321.166439 pid=6620 tid=6630] loadtime prog= produced no bytecode changes; passing original BPF_PROG_LOAD through
[321.166558 pid=6620 tid=6630]   PROG_LOAD -> fd=60 errno=0 kernel_prog_id=186
[321.166653 pid=6620 tid=6630] BPF_MAP_CREATE type=2 key_size=4 value_size=72 max_entries=1 name=.rodata
[321.166745 pid=6620 tid=6630]   MAP_CREATE -> fd=24 errno=0 kernel_map_id=461
[321.166879 pid=6620 tid=6630] BPF_MAP_CREATE type=2 key_size=4 value_size=246 max_entries=1 name=.rodata.str1.1
[321.166970 pid=6620 tid=6630]   MAP_CREATE -> fd=24 errno=0 kernel_map_id=462
[321.167072 pid=6620 tid=6630] BPF_MAP_CREATE type=2 key_size=4 value_size=19 max_entries=1 name=.bss
[321.167162 pid=6620 tid=6630]   MAP_CREATE -> fd=24 errno=0 kernel_map_id=463
[321.167325 pid=6620 tid=6630] BPF_PROG_LOAD type=5 (tracepoint) name= insn_cnt=6 hash=7e4864ff1af3e9d4 policy_hash=7e4864ff1af3e9d4 branch_profile_hash=2530ec7d038f421a license=GPL expected_attach=0 attach_btf_id=0 prog_btf_fd=0 attach_btf_obj_fd=0 attach_prog_fd=0
[321.183243 pid=6620 tid=6630] loadtime policy prog= policy_hash=7e4864ff1af3e9d4 branch_profile_hash=2530ec7d038f421a insn_cnt=6
[321.210999 pid=6620 tid=6630] loadtime step prog= step=map_inline elapsed_ms=10
[321.211089 pid=6620 tid=6630] loadtime prog= produced no bytecode changes; passing original BPF_PROG_LOAD through
[321.211199 pid=6620 tid=6630]   PROG_LOAD -> fd=24 errno=0 kernel_prog_id=189
[321.212618 pid=6620 tid=6630] BPF_PROG_LOAD type=17 (raw_tracepoint) name=tracepoint__raw insn_cnt=29 hash=db023415dd9df842 policy_hash=2111e7b549ba90d7 branch_profile_hash=3c2ef20ac54a4182 license=GPL expected_attach=0 attach_btf_id=0 prog_btf_fd=163 attach_btf_obj_fd=0 attach_prog_fd=0
[321.241087 pid=6620 tid=6630] loadtime policy prog=tracepoint__raw policy_hash=2111e7b549ba90d7 branch_profile_hash=3c2ef20ac54a4182 insn_cnt=29
[321.280989 pid=6620 tid=6630] loadtime step prog=tracepoint__raw step=map_inline elapsed_ms=22
[321.281080 pid=6620 tid=6630] loadtime prog=tracepoint__raw produced no bytecode changes; passing original BPF_PROG_LOAD through
[321.281217 pid=6620 tid=6630]   PROG_LOAD -> fd=24 errno=0 kernel_prog_id=192
[321.281451 pid=6620 tid=6630] BPF_MAP_CREATE type=2 key_size=4 value_size=32 max_entries=1 name=libbpf_det_bind
[321.281540 pid=6620 tid=6630]   MAP_CREATE -> fd=60 errno=0 kernel_map_id=464
[321.281629 pid=6620 tid=6630] BPF_PROG_LOAD type=1 (socket_filter) name= insn_cnt=2 hash=58255400910d7827 policy_hash=58255400910d7827 branch_profile_hash=13453716aec57bda license=GPL expected_attach=0 attach_btf_id=0 prog_btf_fd=0 attach_btf_obj_fd=0 attach_prog_fd=0
[321.296383 pid=6620 tid=6630] loadtime policy prog= policy_hash=58255400910d7827 branch_profile_hash=13453716aec57bda insn_cnt=2
[321.325267 pid=6620 tid=6630] loadtime step prog= step=map_inline elapsed_ms=9
[321.325358 pid=6620 tid=6630] loadtime prog= produced no bytecode changes; passing original BPF_PROG_LOAD through
[321.325465 pid=6620 tid=6630]   PROG_LOAD -> fd=63 errno=0 kernel_prog_id=195
[321.325628 pid=6620 tid=6630] BPF_PROG_LOAD type=17 (raw_tracepoint) name=sys_enter_init insn_cnt=579 hash=9d5d09a1333130bb policy_hash=aea6b1a360481d96 branch_profile_hash=56304efab621ce1d license=GPL expected_attach=0 attach_btf_id=0 prog_btf_fd=163 attach_btf_obj_fd=0 attach_prog_fd=0
[321.383339 pid=6620 tid=6630] loadtime policy prog=sys_enter_init policy_hash=aea6b1a360481d96 branch_profile_hash=56304efab621ce1d insn_cnt=579
[321.470878 pid=6620 tid=6630] loadtime step prog=sys_enter_init step=map_inline elapsed_ms=63
[321.472624 pid=6620 tid=6630] loadtime optimized prog=sys_enter_init insns=579->416 maps=6 workdir=/workspaces/repository/corpus/results/x86_kvm_corpus_20260926_055043_248321/details/loadtime-workdirs/loadtime_6620_10
[321.472966 pid=6620 tid=6630]   PROG_LOAD -> fd=78 errno=0 kernel_prog_id=198
[321.473229 pid=6620 tid=6630] BPF_PROG_LOAD type=17 (raw_tracepoint) name=sys_enter_submi insn_cnt=3731 hash=cb4c81a0ccefaa51 policy_hash=b7fc4616a9ed6444 branch_profile_hash=fc4b41f89c8d248b license=GPL expected_attach=0 attach_btf_id=0 prog_btf_fd=163 attach_btf_obj_fd=0 attach_prog_fd=0
[322.029204 pid=6620 tid=6630] loadtime policy prog=sys_enter_submi policy_hash=b7fc4616a9ed6444 branch_profile_hash=fc4b41f89c8d248b insn_cnt=3731
[322.181511 pid=6620 tid=6630] loadtime step prog=sys_enter_submi step=map_inline elapsed_ms=119
[322.181589 pid=6620 tid=6630] loadtime prog=sys_enter_submi produced no bytecode changes; passing original BPF_PROG_LOAD through
[322.186922 pid=6620 tid=6630]   PROG_LOAD -> fd=60 errno=0 kernel_prog_id=201
[322.187587 pid=6620 tid=6630] BPF_PROG_LOAD type=17 (raw_tracepoint) name=tracepoint__raw insn_cnt=36 hash=f71823bf60f6c9a1 policy_hash=77aaee9fda50310a branch_profile_hash=bc48b27db9a5a927 license=GPL expected_attach=0 attach_btf_id=0 prog_btf_fd=163 attach_btf_obj_fd=0 attach_prog_fd=0
[322.213978 pid=6620 tid=6630] loadtime policy prog=tracepoint__raw policy_hash=77aaee9fda50310a branch_profile_hash=bc48b27db9a5a927 insn_cnt=36
[322.255006 pid=6620 tid=6630] loadtime step prog=tracepoint__raw step=map_inline elapsed_ms=20
[322.255080 pid=6620 tid=6630] loadtime prog=tracepoint__raw produced no bytecode changes; passing original BPF_PROG_LOAD through
[322.255208 pid=6620 tid=6630]   PROG_LOAD -> fd=63 errno=0 kernel_prog_id=204
[322.255364 pid=6620 tid=6630] BPF_PROG_LOAD type=17 (raw_tracepoint) name=sys_exit_init insn_cnt=482 hash=9c4dcbd37563f2ed policy_hash=753bc34ccb893be8 branch_profile_hash=1d6653ac4c453418 license=GPL expected_attach=0 attach_btf_id=0 prog_btf_fd=163 attach_btf_obj_fd=0 attach_prog_fd=0
[322.317596 pid=6620 tid=6630] loadtime policy prog=sys_exit_init policy_hash=753bc34ccb893be8 branch_profile_hash=1d6653ac4c453418 insn_cnt=482
[322.389235 pid=6620 tid=6630] loadtime step prog=sys_exit_init step=map_inline elapsed_ms=55
[322.390476 pid=6620 tid=6630] loadtime optimized prog=sys_exit_init insns=482->353 maps=6 workdir=/workspaces/repository/corpus/results/x86_kvm_corpus_20260926_055043_248321/details/loadtime-workdirs/loadtime_6620_13
[322.390869 pid=6620 tid=6630]   PROG_LOAD -> fd=87 errno=0 kernel_prog_id=207
[322.391279 pid=6620 tid=6630] BPF_PROG_LOAD type=17 (raw_tracepoint) name=sys_exit_submit insn_cnt=2553 hash=fb4d89953d9856d4 policy_hash=89c4dd2af425fb48 branch_profile_hash=7d9882cae8928d38 license=GPL expected_attach=0 attach_btf_id=0 prog_btf_fd=163 attach_btf_obj_fd=0 attach_prog_fd=0
[322.603638 pid=6620 tid=6630] loadtime policy prog=sys_exit_submit policy_hash=89c4dd2af425fb48 branch_profile_hash=7d9882cae8928d38 insn_cnt=2553
[322.790995 pid=6620 tid=6630] loadtime step prog=sys_exit_submit step=map_inline elapsed_ms=158
[322.791086 pid=6620 tid=6630] loadtime prog=sys_exit_submit produced no bytecode changes; passing original BPF_PROG_LOAD through
[322.795073 pid=6620 tid=6630]   PROG_LOAD -> fd=66 errno=0 kernel_prog_id=210
[322.795400 pid=6620 tid=6630] BPF_PROG_LOAD type=17 (raw_tracepoint) name=trace_sys_enter insn_cnt=1703 hash=96bfbe660fc19c9c policy_hash=02269b5fc49c9589 branch_profile_hash=7c95cfe37d6067bc license=GPL expected_attach=0 attach_btf_id=0 prog_btf_fd=163 attach_btf_obj_fd=0 attach_prog_fd=0
[323.002823 pid=6620 tid=6630] loadtime policy prog=trace_sys_enter policy_hash=02269b5fc49c9589 branch_profile_hash=7c95cfe37d6067bc insn_cnt=1703
[323.119723 pid=6620 tid=6630] loadtime step prog=trace_sys_enter step=map_inline elapsed_ms=93
[323.119819 pid=6620 tid=6630] loadtime prog=trace_sys_enter produced no bytecode changes; passing original BPF_PROG_LOAD through
[323.122135 pid=6620 tid=6630]   PROG_LOAD -> fd=69 errno=0 kernel_prog_id=213
[323.122685 pid=6620 tid=6630] BPF_PROG_LOAD type=17 (raw_tracepoint) name=trace_sys_exit insn_cnt=1710 hash=898c5cde82d184d5 policy_hash=b9d3b7c1e807d040 branch_profile_hash=43fd2e022240b5a4 license=GPL expected_attach=0 attach_btf_id=0 prog_btf_fd=163 attach_btf_obj_fd=0 attach_prog_fd=0
[323.329127 pid=6620 tid=6630] loadtime policy prog=trace_sys_exit policy_hash=b9d3b7c1e807d040 branch_profile_hash=43fd2e022240b5a4 insn_cnt=1710
[323.448681 pid=6620 tid=6630] loadtime step prog=trace_sys_exit step=map_inline elapsed_ms=95
[323.448774 pid=6620 tid=6630] loadtime prog=trace_sys_exit produced no bytecode changes; passing original BPF_PROG_LOAD through
[323.451105 pid=6620 tid=6630]   PROG_LOAD -> fd=72 errno=0 kernel_prog_id=216
[323.451461 pid=6620 tid=6630] BPF_PROG_LOAD type=2 (kprobe) name=trace_ptrace insn_cnt=563 hash=f362535c774ef50e policy_hash=0dd8e70ed457d1cf branch_profile_hash=3f57c5c82b387e1e license=GPL expected_attach=0 attach_btf_id=0 prog_btf_fd=163 attach_btf_obj_fd=0 attach_prog_fd=0
[323.507533 pid=6620 tid=6630] loadtime policy prog=trace_ptrace policy_hash=0dd8e70ed457d1cf branch_profile_hash=3f57c5c82b387e1e insn_cnt=563
[323.587920 pid=6620 tid=6630] loadtime step prog=trace_ptrace step=map_inline elapsed_ms=61
[323.589496 pid=6620 tid=6630] loadtime optimized prog=trace_ptrace insns=563->391 maps=5 workdir=/workspaces/repository/corpus/results/x86_kvm_corpus_20260926_055043_248321/details/loadtime-workdirs/loadtime_6620_17
[323.589864 pid=6620 tid=6630]   PROG_LOAD -> fd=96 errno=0 kernel_prog_id=219
[323.590258 pid=6620 tid=6630] BPF_PROG_LOAD type=2 (kprobe) name=trace_ret_ptrac insn_cnt=2487 hash=8f85c5cc1d0d7126 policy_hash=c3ce6004061f9204 branch_profile_hash=602b39955b3b8f99 license=GPL expected_attach=0 attach_btf_id=0 prog_btf_fd=163 attach_btf_obj_fd=0 attach_prog_fd=0
[323.811759 pid=6620 tid=6630] loadtime policy prog=trace_ret_ptrac policy_hash=c3ce6004061f9204 branch_profile_hash=602b39955b3b8f99 insn_cnt=2487
[323.996457 pid=6620 tid=6630] loadtime step prog=trace_ret_ptrac step=map_inline elapsed_ms=140
[323.996519 pid=6620 tid=6630] loadtime prog=trace_ret_ptrac produced no bytecode changes; passing original BPF_PROG_LOAD through
[324.003221 pid=6620 tid=6630]   PROG_LOAD -> fd=75 errno=0 kernel_prog_id=222
[324.003818 pid=6620 tid=6630] BPF_PROG_LOAD type=2 (kprobe) name=trace_process_v insn_cnt=563 hash=20fdafc2afd47df2 policy_hash=438c94c43de6372b branch_profile_hash=25afe9d4aaf94b17 license=GPL expected_attach=0 attach_btf_id=0 prog_btf_fd=163 attach_btf_obj_fd=0 attach_prog_fd=0
[324.054779 pid=6620 tid=6630] loadtime policy prog=trace_process_v policy_hash=438c94c43de6372b branch_profile_hash=25afe9d4aaf94b17 insn_cnt=563
[324.134008 pid=6620 tid=6630] loadtime step prog=trace_process_v step=map_inline elapsed_ms=59
[324.135584 pid=6620 tid=6630] loadtime optimized prog=trace_process_v insns=563->391 maps=5 workdir=/workspaces/repository/corpus/results/x86_kvm_corpus_20260926_055043_248321/details/loadtime-workdirs/loadtime_6620_19
[324.136009 pid=6620 tid=6630]   PROG_LOAD -> fd=165 errno=0 kernel_prog_id=225
[324.136339 pid=6620 tid=6630] BPF_PROG_LOAD type=2 (kprobe) name=trace_ret_proce insn_cnt=2487 hash=692a313d3d50006b policy_hash=6ac99b4946ceaa71 branch_profile_hash=a02367cd27772c62 license=GPL expected_attach=0 attach_btf_id=0 prog_btf_fd=163 attach_btf_obj_fd=0 attach_prog_fd=0
[324.374943 pid=6620 tid=6630] loadtime policy prog=trace_ret_proce policy_hash=6ac99b4946ceaa71 branch_profile_hash=a02367cd27772c62 insn_cnt=2487
[324.544228 pid=6620 tid=6630] loadtime step prog=trace_ret_proce step=map_inline elapsed_ms=130
[324.544292 pid=6620 tid=6630] loadtime prog=trace_ret_proce produced no bytecode changes; passing original BPF_PROG_LOAD through
[324.549983 pid=6620 tid=6630]   PROG_LOAD -> fd=81 errno=0 kernel_prog_id=228
[324.550424 pid=6620 tid=6630] BPF_PROG_LOAD type=2 (kprobe) name=trace_arch_prct insn_cnt=563 hash=609dd7b39d11e2ca policy_hash=653b102b58636ee3 branch_profile_hash=163570ce485daf8f license=GPL expected_attach=0 attach_btf_id=0 prog_btf_fd=163 attach_btf_obj_fd=0 attach_prog_fd=0
[324.599551 pid=6620 tid=6630] loadtime policy prog=trace_arch_prct policy_hash=653b102b58636ee3 branch_profile_hash=163570ce485daf8f insn_cnt=563
[324.685933 pid=6620 tid=6630] loadtime step prog=trace_arch_prct step=map_inline elapsed_ms=68
[324.687207 pid=6620 tid=6630] loadtime optimized prog=trace_arch_prct insns=563->391 maps=5 workdir=/workspaces/repository/corpus/results/x86_kvm_corpus_20260926_055043_248321/details/loadtime-workdirs/loadtime_6620_21
[324.687518 pid=6620 tid=6630]   PROG_LOAD -> fd=167 errno=0 kernel_prog_id=231
[324.687726 pid=6620 tid=6630] BPF_PROG_LOAD type=2 (kprobe) name=trace_ret_arch_ insn_cnt=2487 hash=ae65dc215440b225 policy_hash=6dc4cefd229fc457 branch_profile_hash=4c9f48532b93f308 license=GPL expected_attach=0 attach_btf_id=0 prog_btf_fd=163 attach_btf_obj_fd=0 attach_prog_fd=0
[324.857600 pid=6620 tid=6630] loadtime policy prog=trace_ret_arch_ policy_hash=6dc4cefd229fc457 branch_profile_hash=4c9f48532b93f308 insn_cnt=2487
[325.008144 pid=6620 tid=6630] loadtime step prog=trace_ret_arch_ step=map_inline elapsed_ms=118
[325.008236 pid=6620 tid=6630] loadtime prog=trace_ret_arch_ produced no bytecode changes; passing original BPF_PROG_LOAD through
[325.014810 pid=6620 tid=6630]   PROG_LOAD -> fd=84 errno=0 kernel_prog_id=234
[325.015445 pid=6620 tid=6630] BPF_PROG_LOAD type=2 (kprobe) name=trace_dup insn_cnt=563 hash=083153d9a73b5172 policy_hash=52dda0f0a6a69953 branch_profile_hash=613646f846bad868 license=GPL expected_attach=0 attach_btf_id=0 prog_btf_fd=163 attach_btf_obj_fd=0 attach_prog_fd=0
[325.081322 pid=6620 tid=6630] loadtime policy prog=trace_dup policy_hash=52dda0f0a6a69953 branch_profile_hash=613646f846bad868 insn_cnt=563
[325.158705 pid=6620 tid=6630] loadtime step prog=trace_dup step=map_inline elapsed_ms=59
[325.160100 pid=6620 tid=6630] loadtime optimized prog=trace_dup insns=563->391 maps=5 workdir=/workspaces/repository/corpus/results/x86_kvm_corpus_20260926_055043_248321/details/loadtime-workdirs/loadtime_6620_23
[325.160517 pid=6620 tid=6630]   PROG_LOAD -> fd=169 errno=0 kernel_prog_id=237
[325.160790 pid=6620 tid=6630] BPF_PROG_LOAD type=2 (kprobe) name=trace_ret_dup insn_cnt=2487 hash=a547f52d82c860ff policy_hash=e36abf2ccf6fa645 branch_profile_hash=bceb7feee5f2da3c license=GPL expected_attach=0 attach_btf_id=0 prog_btf_fd=163 attach_btf_obj_fd=0 attach_prog_fd=0
[325.356526 pid=6620 tid=6630] loadtime policy prog=trace_ret_dup policy_hash=e36abf2ccf6fa645 branch_profile_hash=bceb7feee5f2da3c insn_cnt=2487
[325.519046 pid=6620 tid=6630] loadtime step prog=trace_ret_dup step=map_inline elapsed_ms=114
[325.519138 pid=6620 tid=6630] loadtime prog=trace_ret_dup produced no bytecode changes; passing original BPF_PROG_LOAD through
[325.525625 pid=6620 tid=6630]   PROG_LOAD -> fd=90 errno=0 kernel_prog_id=240
[325.526253 pid=6620 tid=6630] BPF_PROG_LOAD type=2 (kprobe) name=trace_dup2 insn_cnt=563 hash=c3569066e9043856 policy_hash=22f105d5beaf8f8f branch_profile_hash=7271bbe0f1afd8d6 license=GPL expected_attach=0 attach_btf_id=0 prog_btf_fd=163 attach_btf_obj_fd=0 attach_prog_fd=0
[325.603496 pid=6620 tid=6630] loadtime policy prog=trace_dup2 policy_hash=22f105d5beaf8f8f branch_profile_hash=7271bbe0f1afd8d6 insn_cnt=563
[325.689361 pid=6620 tid=6630] loadtime step prog=trace_dup2 step=map_inline elapsed_ms=60
[325.690638 pid=6620 tid=6630] loadtime optimized prog=trace_dup2 insns=563->391 maps=5 workdir=/workspaces/repository/corpus/results/x86_kvm_corpus_20260926_055043_248321/details/loadtime-workdirs/loadtime_6620_25
[325.690947 pid=6620 tid=6630]   PROG_LOAD -> fd=171 errno=0 kernel_prog_id=243
[325.691328 pid=6620 tid=6630] BPF_PROG_LOAD type=2 (kprobe) name=trace_ret_dup2 insn_cnt=2487 hash=f357d1a5485a6dda policy_hash=f8a77147640eb9f8 branch_profile_hash=b3b63f86e63be36a license=GPL expected_attach=0 attach_btf_id=0 prog_btf_fd=163 attach_btf_obj_fd=0 attach_prog_fd=0
[325.881831 pid=6620 tid=6630] loadtime policy prog=trace_ret_dup2 policy_hash=f8a77147640eb9f8 branch_profile_hash=b3b63f86e63be36a insn_cnt=2487
[326.020474 pid=6620 tid=6630] loadtime step prog=trace_ret_dup2 step=map_inline elapsed_ms=108
[326.020565 pid=6620 tid=6630] loadtime prog=trace_ret_dup2 produced no bytecode changes; passing original BPF_PROG_LOAD through
[326.025774 pid=6620 tid=6630]   PROG_LOAD -> fd=93 errno=0 kernel_prog_id=246
[326.026106 pid=6620 tid=6630] BPF_PROG_LOAD type=2 (kprobe) name=trace_dup3 insn_cnt=563 hash=467d2fa574b6d96e policy_hash=1878ae0d7511a3c7 branch_profile_hash=236c00da248ea1bd license=GPL expected_attach=0 attach_btf_id=0 prog_btf_fd=163 attach_btf_obj_fd=0 attach_prog_fd=0
[326.075373 pid=6620 tid=6630] loadtime policy prog=trace_dup3 policy_hash=1878ae0d7511a3c7 branch_profile_hash=236c00da248ea1bd insn_cnt=563
[326.149201 pid=6620 tid=6630] loadtime step prog=trace_dup3 step=map_inline elapsed_ms=53
[326.150845 pid=6620 tid=6630] loadtime optimized prog=trace_dup3 insns=563->391 maps=5 workdir=/workspaces/repository/corpus/results/x86_kvm_corpus_20260926_055043_248321/details/loadtime-workdirs/loadtime_6620_27
[326.151268 pid=6620 tid=6630]   PROG_LOAD -> fd=173 errno=0 kernel_prog_id=249
[326.151697 pid=6620 tid=6630] BPF_PROG_LOAD type=2 (kprobe) name=trace_ret_dup3 insn_cnt=2487 hash=b826303977c72ad0 policy_hash=d9f0aebf33a95152 branch_profile_hash=e17c19be668a0375 license=GPL expected_attach=0 attach_btf_id=0 prog_btf_fd=163 attach_btf_obj_fd=0 attach_prog_fd=0
[326.446871 pid=6620 tid=6630] loadtime policy prog=trace_ret_dup3 policy_hash=d9f0aebf33a95152 branch_profile_hash=e17c19be668a0375 insn_cnt=2487
[326.605888 pid=6620 tid=6630] loadtime step prog=trace_ret_dup3 step=map_inline elapsed_ms=116
[326.605979 pid=6620 tid=6630] loadtime prog=trace_ret_dup3 produced no bytecode changes; passing original BPF_PROG_LOAD through
[326.612524 pid=6620 tid=6630]   PROG_LOAD -> fd=164 errno=0 kernel_prog_id=252
[326.613487 pid=6620 tid=6630] BPF_PROG_LOAD type=17 (raw_tracepoint) name=syscall__execve insn_cnt=4165 hash=5e8748f07bac42a7 policy_hash=576c18b6307ae3ae branch_profile_hash=052889cd92d804c8 license=GPL expected_attach=0 attach_btf_id=0 prog_btf_fd=163 attach_btf_obj_fd=0 attach_prog_fd=0
[326.842348 pid=6620 tid=6630] loadtime policy prog=syscall__execve policy_hash=576c18b6307ae3ae branch_profile_hash=052889cd92d804c8 insn_cnt=4165
[326.968802 pid=6620 tid=6630] loadtime step prog=syscall__execve step=map_inline elapsed_ms=91
[326.968893 pid=6620 tid=6630] loadtime prog=syscall__execve produced no bytecode changes; passing original BPF_PROG_LOAD through
[326.972911 pid=6620 tid=6630]   PROG_LOAD -> fd=166 errno=0 kernel_prog_id=255
[326.973390 pid=6620 tid=6630] BPF_PROG_LOAD type=17 (raw_tracepoint) name=syscall__execve insn_cnt=4191 hash=596e0e241e3aa624 policy_hash=c91fd41d7c44042d branch_profile_hash=29df2b662fcab6e8 license=GPL expected_attach=0 attach_btf_id=0 prog_btf_fd=163 attach_btf_obj_fd=0 attach_prog_fd=0
[327.161161 pid=6620 tid=6630] loadtime policy prog=syscall__execve policy_hash=c91fd41d7c44042d branch_profile_hash=29df2b662fcab6e8 insn_cnt=4191
[327.296576 pid=6620 tid=6630] loadtime step prog=syscall__execve step=map_inline elapsed_ms=91
[327.296650 pid=6620 tid=6630] loadtime prog=syscall__execve produced no bytecode changes; passing original BPF_PROG_LOAD through
[327.300120 pid=6620 tid=6630]   PROG_LOAD -> fd=168 errno=0 kernel_prog_id=258
[327.300757 pid=6620 tid=6630] BPF_PROG_LOAD type=17 (raw_tracepoint) name=syscall__execve insn_cnt=4219 hash=cabe61c50fc8df25 policy_hash=abbf46f043ffaa50 branch_profile_hash=773e435d9ae9b8d1 license=GPL expected_attach=0 attach_btf_id=0 prog_btf_fd=163 attach_btf_obj_fd=0 attach_prog_fd=0
[327.524197 pid=6620 tid=6630] loadtime policy prog=syscall__execve policy_hash=abbf46f043ffaa50 branch_profile_hash=773e435d9ae9b8d1 insn_cnt=4219
[327.649879 pid=6620 tid=6630] loadtime step prog=syscall__execve step=map_inline elapsed_ms=94
[327.649958 pid=6620 tid=6630] loadtime prog=syscall__execve produced no bytecode changes; passing original BPF_PROG_LOAD through
[327.654282 pid=6620 tid=6630]   PROG_LOAD -> fd=170 errno=0 kernel_prog_id=261
[327.654715 pid=6620 tid=6630] BPF_PROG_LOAD type=17 (raw_tracepoint) name=syscall__execve insn_cnt=4245 hash=e61e7a8c98e29ac4 policy_hash=7c6dac359fd210a1 branch_profile_hash=92bece84ee8dc27b license=GPL expected_attach=0 attach_btf_id=0 prog_btf_fd=163 attach_btf_obj_fd=0 attach_prog_fd=0
[327.808669 pid=6620 tid=6630] loadtime policy prog=syscall__execve policy_hash=7c6dac359fd210a1 branch_profile_hash=92bece84ee8dc27b insn_cnt=4245
[327.967037 pid=6620 tid=6630] loadtime step prog=syscall__execve step=map_inline elapsed_ms=119
[327.967113 pid=6620 tid=6630] loadtime prog=syscall__execve produced no bytecode changes; passing original BPF_PROG_LOAD through
[327.971383 pid=6620 tid=6630]   PROG_LOAD -> fd=172 errno=0 kernel_prog_id=264
[327.971732 pid=6620 tid=6630] BPF_PROG_LOAD type=2 (kprobe) name=sys_dup_exit_ta insn_cnt=2353 hash=d69719e0dd83d11c policy_hash=8c7a3ef9a0918bde branch_profile_hash=8c17f1da28af69c1 license=GPL expected_attach=0 attach_btf_id=0 prog_btf_fd=163 attach_btf_obj_fd=0 attach_prog_fd=0
[328.208001 pid=6620 tid=6630] loadtime policy prog=sys_dup_exit_ta policy_hash=8c7a3ef9a0918bde branch_profile_hash=8c17f1da28af69c1 insn_cnt=2353
[328.365077 pid=6620 tid=6630] loadtime step prog=sys_dup_exit_ta step=map_inline elapsed_ms=104
[328.365305 pid=6620 tid=6630] loadtime prog=sys_dup_exit_ta produced no bytecode changes; passing original BPF_PROG_LOAD through
[328.368486 pid=6620 tid=6630]   PROG_LOAD -> fd=174 errno=0 kernel_prog_id=267
[328.369213 pid=6620 tid=6630] BPF_PROG_LOAD type=17 (raw_tracepoint) name=tracepoint__sch insn_cnt=4268 hash=939527d578e93561 policy_hash=43c78fdfb2f74f93 branch_profile_hash=30666670c6cbf9b2 license=GPL expected_attach=0 attach_btf_id=0 prog_btf_fd=163 attach_btf_obj_fd=0 attach_prog_fd=0
[328.685797 pid=6620 tid=6630] loadtime policy prog=tracepoint__sch policy_hash=43c78fdfb2f74f93 branch_profile_hash=30666670c6cbf9b2 insn_cnt=4268
[328.870259 pid=6620 tid=6630] loadtime step prog=tracepoint__sch step=map_inline elapsed_ms=139
[328.870322 pid=6620 tid=6630] loadtime prog=tracepoint__sch produced no bytecode changes; passing original BPF_PROG_LOAD through
[328.878456 pid=6620 tid=6630]   PROG_LOAD -> fd=175 errno=0 kernel_prog_id=270
[328.879274 pid=6620 tid=6630] BPF_PROG_LOAD type=17 (raw_tracepoint) name=sched_process_f insn_cnt=1036 hash=054005f78a7796d9 policy_hash=8c4ee853137cb7f1 branch_profile_hash=0778777dc52b166a license=GPL expected_attach=0 attach_btf_id=0 prog_btf_fd=163 attach_btf_obj_fd=0 attach_prog_fd=0
[329.004596 pid=6620 tid=6630] loadtime policy prog=sched_process_f policy_hash=8c4ee853137cb7f1 branch_profile_hash=0778777dc52b166a insn_cnt=1036
[329.046981 pid=6620 tid=6630] loadtime step prog=sched_process_f step=map_inline elapsed_ms=23
[329.047054 pid=6620 tid=6630] loadtime prog=sched_process_f produced no bytecode changes; passing original BPF_PROG_LOAD through
[329.048080 pid=6620 tid=6630]   PROG_LOAD -> fd=176 errno=0 kernel_prog_id=273
[329.048728 pid=6620 tid=6630] BPF_PROG_LOAD type=2 (kprobe) name=lkm_seeker_modt insn_cnt=13815 hash=84ec429b8479b764 policy_hash=b2740000403df789 branch_profile_hash=ae8eb8d1c9de69cc license=GPL expected_attach=0 attach_btf_id=0 prog_btf_fd=163 attach_btf_obj_fd=0 attach_prog_fd=0
[329.217186 pid=6620 tid=6630] loadtime policy prog=lkm_seeker_modt policy_hash=b2740000403df789 branch_profile_hash=ae8eb8d1c9de69cc insn_cnt=13815
[329.658928 pid=6620 tid=6630] loadtime step prog=lkm_seeker_modt step=map_inline elapsed_ms=127
[329.659001 pid=6620 tid=6630] loadtime prog=lkm_seeker_modt produced no bytecode changes; passing original BPF_PROG_LOAD through
[329.799144 pid=6620 tid=6630]   PROG_LOAD -> fd=177 errno=0 kernel_prog_id=276
[329.799757 pid=6620 tid=6630] BPF_PROG_LOAD type=2 (kprobe) name=heartbeat_captu insn_cnt=27 hash=635207d5ee063dfb policy_hash=852d2e7cce56dad3 branch_profile_hash=7da39b224b02e8b0 license=GPL expected_attach=0 attach_btf_id=0 prog_btf_fd=163 attach_btf_obj_fd=0 attach_prog_fd=0
[329.887825 pid=6620 tid=6630] loadtime policy prog=heartbeat_captu policy_hash=852d2e7cce56dad3 branch_profile_hash=7da39b224b02e8b0 insn_cnt=27
[329.921051 pid=6620 tid=6630] loadtime step prog=heartbeat_captu step=map_inline elapsed_ms=18
[329.921125 pid=6620 tid=6630] loadtime prog=heartbeat_captu produced no bytecode changes; passing original BPF_PROG_LOAD through
[329.921245 pid=6620 tid=6630]   PROG_LOAD -> fd=178 errno=0 kernel_prog_id=279
[329.921574 pid=6620 tid=6630] BPF_PROG_LOAD type=2 (kprobe) name=uprobe_lkm_seek insn_cnt=1418 hash=b47b900c385841bb policy_hash=81212b95c8f053b8 branch_profile_hash=3856668a15438407 license=GPL expected_attach=0 attach_btf_id=0 prog_btf_fd=163 attach_btf_obj_fd=0 attach_prog_fd=0
[330.075926 pid=6620 tid=6630] loadtime policy prog=uprobe_lkm_seek policy_hash=81212b95c8f053b8 branch_profile_hash=3856668a15438407 insn_cnt=1418
[330.166866 pid=6620 tid=6630] loadtime step prog=uprobe_lkm_seek step=map_inline elapsed_ms=72
[330.166957 pid=6620 tid=6630] loadtime prog=uprobe_lkm_seek produced no bytecode changes; passing original BPF_PROG_LOAD through
[330.168508 pid=6620 tid=6630]   PROG_LOAD -> fd=179 errno=0 kernel_prog_id=282
[330.169158 pid=6620 tid=6630] BPF_PROG_LOAD type=2 (kprobe) name=uprobe_lkm_seek insn_cnt=1055 hash=b158005ea5edd796 policy_hash=31e9b61c61c1b4a8 branch_profile_hash=d5d79d0dfeb76e92 license=GPL expected_attach=0 attach_btf_id=0 prog_btf_fd=163 attach_btf_obj_fd=0 attach_prog_fd=0
[330.399020 pid=6620 tid=6630] loadtime policy prog=uprobe_lkm_seek policy_hash=31e9b61c61c1b4a8 branch_profile_hash=d5d79d0dfeb76e92 insn_cnt=1055
[330.518033 pid=6620 tid=6630] loadtime step prog=uprobe_lkm_seek step=map_inline elapsed_ms=92
[330.518124 pid=6620 tid=6630] loadtime prog=uprobe_lkm_seek produced no bytecode changes; passing original BPF_PROG_LOAD through
[330.521292 pid=6620 tid=6630]   PROG_LOAD -> fd=180 errno=0 kernel_prog_id=285
[330.522105 pid=6620 tid=6630] BPF_PROG_LOAD type=2 (kprobe) name=lkm_seeker_kset insn_cnt=14602 hash=ad32ae9a9e3e8816 policy_hash=5afccbac07c85f60 branch_profile_hash=0786f847916a4693 license=GPL expected_attach=0 attach_btf_id=0 prog_btf_fd=163 attach_btf_obj_fd=0 attach_prog_fd=0
[330.736546 pid=6620 tid=6630] loadtime policy prog=lkm_seeker_kset policy_hash=5afccbac07c85f60 branch_profile_hash=0786f847916a4693 insn_cnt=14602
[331.482278 pid=6620 tid=6630] loadtime step prog=lkm_seeker_kset step=map_inline elapsed_ms=135
[331.482351 pid=6620 tid=6630] loadtime prog=lkm_seeker_kset produced no bytecode changes; passing original BPF_PROG_LOAD through
[331.747627 pid=6620 tid=6630]   PROG_LOAD -> fd=181 errno=0 kernel_prog_id=288
[331.748851 pid=6620 tid=6630] BPF_PROG_LOAD type=2 (kprobe) name=lkm_seeker_mod_ insn_cnt=218 hash=67b607667099f988 policy_hash=1d97b7a5cf33418e branch_profile_hash=abed40dc8f6c8296 license=GPL expected_attach=0 attach_btf_id=0 prog_btf_fd=163 attach_btf_obj_fd=0 attach_prog_fd=0
[331.899236 pid=6620 tid=6630] loadtime policy prog=lkm_seeker_mod_ policy_hash=1d97b7a5cf33418e branch_profile_hash=abed40dc8f6c8296 insn_cnt=218
[331.985070 pid=6620 tid=6630] loadtime step prog=lkm_seeker_mod_ step=map_inline elapsed_ms=68
[331.986560 pid=6620 tid=6630] loadtime optimized prog=lkm_seeker_mod_ insns=218->90 maps=10 workdir=/workspaces/repository/corpus/results/x86_kvm_corpus_20260926_055043_248321/details/loadtime-workdirs/loadtime_6620_41
[331.986736 pid=6620 tid=6630]   PROG_LOAD -> fd=192 errno=0 kernel_prog_id=291
[331.987193 pid=6620 tid=6630] BPF_PROG_LOAD type=2 (kprobe) name=lkm_seeker_proc insn_cnt=13343 hash=345448ec9e7348c5 policy_hash=c126fd14c3b9fbf6 branch_profile_hash=06751517730ddc3d license=GPL expected_attach=0 attach_btf_id=0 prog_btf_fd=163 attach_btf_obj_fd=0 attach_prog_fd=0
[332.157217 pid=6620 tid=6630] loadtime policy prog=lkm_seeker_proc policy_hash=c126fd14c3b9fbf6 branch_profile_hash=06751517730ddc3d insn_cnt=13343
[332.667213 pid=6620 tid=6630] loadtime step prog=lkm_seeker_proc step=map_inline elapsed_ms=147
[332.667304 pid=6620 tid=6630] loadtime prog=lkm_seeker_proc produced no bytecode changes; passing original BPF_PROG_LOAD through
[332.823954 pid=6620 tid=6630]   PROG_LOAD -> fd=182 errno=0 kernel_prog_id=294
[332.824662 pid=6620 tid=6630] BPF_PROG_LOAD type=2 (kprobe) name=lkm_seeker_new_ insn_cnt=888 hash=524c497fbcacd536 policy_hash=b98f7940bf8c3800 branch_profile_hash=313b783363574a31 license=GPL expected_attach=0 attach_btf_id=0 prog_btf_fd=163 attach_btf_obj_fd=0 attach_prog_fd=0
[332.998110 pid=6620 tid=6630] loadtime policy prog=lkm_seeker_new_ policy_hash=b98f7940bf8c3800 branch_profile_hash=313b783363574a31 insn_cnt=888
[333.151623 pid=6620 tid=6630] loadtime step prog=lkm_seeker_new_ step=map_inline elapsed_ms=115
[333.151699 pid=6620 tid=6630] loadtime prog=lkm_seeker_new_ produced no bytecode changes; passing original BPF_PROG_LOAD through
[333.160906 pid=6620 tid=6630]   PROG_LOAD -> fd=183 errno=0 kernel_prog_id=297
[333.161483 pid=6620 tid=6630] BPF_PROG_LOAD type=17 (raw_tracepoint) name=tracepoint__sch insn_cnt=4301 hash=d3a0b9ac722a465d policy_hash=cc778f93eff8afe7 branch_profile_hash=4e802b965c25f045 license=GPL expected_attach=0 attach_btf_id=0 prog_btf_fd=163 attach_btf_obj_fd=0 attach_prog_fd=0
[333.743069 pid=6620 tid=6630] loadtime policy prog=tracepoint__sch policy_hash=cc778f93eff8afe7 branch_profile_hash=4e802b965c25f045 insn_cnt=4301
[333.954024 pid=6620 tid=6630] loadtime step prog=tracepoint__sch step=map_inline elapsed_ms=151
[333.954086 pid=6620 tid=6630] loadtime prog=tracepoint__sch produced no bytecode changes; passing original BPF_PROG_LOAD through
[333.965521 pid=6620 tid=6630]   PROG_LOAD -> fd=184 errno=0 kernel_prog_id=300
[333.966392 pid=6620 tid=6630] BPF_PROG_LOAD type=17 (raw_tracepoint) name=sched_process_e insn_cnt=5041 hash=80bb03cfb1bd8624 policy_hash=2de024f564784300 branch_profile_hash=4cbfab0df0f5832a license=GPL expected_attach=0 attach_btf_id=0 prog_btf_fd=163 attach_btf_obj_fd=0 attach_prog_fd=0
[334.425069 pid=6620 tid=6630] loadtime policy prog=sched_process_e policy_hash=2de024f564784300 branch_profile_hash=4cbfab0df0f5832a insn_cnt=5041
[334.557961 pid=6620 tid=6630] loadtime step prog=sched_process_e step=map_inline elapsed_ms=88
[334.558053 pid=6620 tid=6630] loadtime prog=sched_process_e produced no bytecode changes; passing original BPF_PROG_LOAD through
[334.566188 pid=6620 tid=6630]   PROG_LOAD -> fd=185 errno=0 kernel_prog_id=303
[334.566774 pid=6620 tid=6630] BPF_PROG_LOAD type=17 (raw_tracepoint) name=sched_process_e insn_cnt=4672 hash=f982950d151e3e84 policy_hash=c4cd7af89073bb18 branch_profile_hash=e0e4a84d0ff347a2 license=GPL expected_attach=0 attach_btf_id=0 prog_btf_fd=163 attach_btf_obj_fd=0 attach_prog_fd=0
[334.948080 pid=6620 tid=6630] loadtime policy prog=sched_process_e policy_hash=c4cd7af89073bb18 branch_profile_hash=e0e4a84d0ff347a2 insn_cnt=4672
[335.091459 pid=6620 tid=6630] loadtime step prog=sched_process_e step=map_inline elapsed_ms=102
[335.091552 pid=6620 tid=6630] loadtime prog=sched_process_e produced no bytecode changes; passing original BPF_PROG_LOAD through
[335.098339 pid=6620 tid=6630]   PROG_LOAD -> fd=186 errno=0 kernel_prog_id=306
[335.098784 pid=6620 tid=6630] BPF_PROG_LOAD type=17 (raw_tracepoint) name=tracepoint__sch insn_cnt=1833 hash=9f8e76150d1a96e2 policy_hash=ee14e238871f9933 branch_profile_hash=68f3067a2c3bf9aa license=GPL expected_attach=0 attach_btf_id=0 prog_btf_fd=163 attach_btf_obj_fd=0 attach_prog_fd=0
[335.301037 pid=6620 tid=6630] loadtime policy prog=tracepoint__sch policy_hash=ee14e238871f9933 branch_profile_hash=68f3067a2c3bf9aa insn_cnt=1833
[335.449759 pid=6620 tid=6630] loadtime step prog=tracepoint__sch step=map_inline elapsed_ms=119
[335.449852 pid=6620 tid=6630] loadtime prog=tracepoint__sch produced no bytecode changes; passing original BPF_PROG_LOAD through
[335.453606 pid=6620 tid=6630]   PROG_LOAD -> fd=187 errno=0 kernel_prog_id=309
[335.453946 pid=6620 tid=6630] BPF_PROG_LOAD type=17 (raw_tracepoint) name=sched_process_e insn_cnt=268 hash=1cab05e181ec6d16 policy_hash=9b348f0470815c3e branch_profile_hash=3b54f3529816b64c license=GPL expected_attach=0 attach_btf_id=0 prog_btf_fd=163 attach_btf_obj_fd=0 attach_prog_fd=0
[335.571806 pid=6620 tid=6630] loadtime policy prog=sched_process_e policy_hash=9b348f0470815c3e branch_profile_hash=3b54f3529816b64c insn_cnt=268
[335.615001 pid=6620 tid=6630] loadtime step prog=sched_process_e step=map_inline elapsed_ms=24
[335.615094 pid=6620 tid=6630] loadtime prog=sched_process_e produced no bytecode changes; passing original BPF_PROG_LOAD through
[335.615385 pid=6620 tid=6630]   PROG_LOAD -> fd=188 errno=0 kernel_prog_id=312
[335.615541 pid=6620 tid=6630] BPF_PROG_LOAD type=17 (raw_tracepoint) name=tracepoint__sch insn_cnt=46 hash=3535ce4b4e5109f1 policy_hash=32b1d8591ab65c23 branch_profile_hash=fa5f5b5ae5112eec license=GPL expected_attach=0 attach_btf_id=0 prog_btf_fd=163 attach_btf_obj_fd=0 attach_prog_fd=0
[335.649862 pid=6620 tid=6630] loadtime policy prog=tracepoint__sch policy_hash=32b1d8591ab65c23 branch_profile_hash=fa5f5b5ae5112eec insn_cnt=46
[335.697023 pid=6620 tid=6630] loadtime step prog=tracepoint__sch step=map_inline elapsed_ms=28
[335.698675 pid=6620 tid=6630] loadtime optimized prog=tracepoint__sch insns=46->39 maps=3 workdir=/workspaces/repository/corpus/results/x86_kvm_corpus_20260926_055043_248321/details/loadtime-workdirs/loadtime_6620_49
[335.698817 pid=6620 tid=6630]   PROG_LOAD -> fd=193 errno=0 kernel_prog_id=315
[335.699049 pid=6620 tid=6630] BPF_PROG_LOAD type=17 (raw_tracepoint) name=syscall__accept insn_cnt=1713 hash=29b54d54574cc121 policy_hash=597addf956207e40 branch_profile_hash=2dc6068f8fcb4498 license=GPL expected_attach=0 attach_btf_id=0 prog_btf_fd=163 attach_btf_obj_fd=0 attach_prog_fd=0
[335.905053 pid=6620 tid=6630] loadtime policy prog=syscall__accept policy_hash=597addf956207e40 branch_profile_hash=2dc6068f8fcb4498 insn_cnt=1713
[336.012130 pid=6620 tid=6630] loadtime step prog=syscall__accept step=map_inline elapsed_ms=82
[336.012221 pid=6620 tid=6630] loadtime prog=syscall__accept produced no bytecode changes; passing original BPF_PROG_LOAD through
[336.014160 pid=6620 tid=6630]   PROG_LOAD -> fd=189 errno=0 kernel_prog_id=318
[336.014524 pid=6620 tid=6630] BPF_PROG_LOAD type=17 (raw_tracepoint) name=tracepoint__sch insn_cnt=1860 hash=f6b72109af723e94 policy_hash=16bc624de9f53202 branch_profile_hash=82ad4a18c9e5dfdb license=GPL expected_attach=0 attach_btf_id=0 prog_btf_fd=163 attach_btf_obj_fd=0 attach_prog_fd=0
[336.217134 pid=6620 tid=6630] loadtime policy prog=tracepoint__sch policy_hash=16bc624de9f53202 branch_profile_hash=82ad4a18c9e5dfdb insn_cnt=1860
[336.351949 pid=6620 tid=6630] loadtime step prog=tracepoint__sch step=map_inline elapsed_ms=112
[336.352011 pid=6620 tid=6630] loadtime prog=tracepoint__sch produced no bytecode changes; passing original BPF_PROG_LOAD through
[336.354017 pid=6620 tid=6630]   PROG_LOAD -> fd=190 errno=0 kernel_prog_id=321
[336.354346 pid=6620 tid=6630] BPF_PROG_LOAD type=2 (kprobe) name=trace_filldir64 insn_cnt=1713 hash=2223539a721f6a76 policy_hash=bc9fdb063f476b7c branch_profile_hash=bc88fcaa3ac85771 license=GPL expected_attach=0 attach_btf_id=0 prog_btf_fd=163 attach_btf_obj_fd=0 attach_prog_fd=0
[336.604378 pid=6620 tid=6630] loadtime policy prog=trace_filldir64 policy_hash=bc9fdb063f476b7c branch_profile_hash=bc88fcaa3ac85771 insn_cnt=1713
[336.723028 pid=6620 tid=6630] loadtime step prog=trace_filldir64 step=map_inline elapsed_ms=94
[336.723120 pid=6620 tid=6630] loadtime prog=trace_filldir64 produced no bytecode changes; passing original BPF_PROG_LOAD through
[336.724940 pid=6620 tid=6630]   PROG_LOAD -> fd=191 errno=0 kernel_prog_id=324
[336.725320 pid=6620 tid=6630] BPF_PROG_LOAD type=2 (kprobe) name=trace_call_user insn_cnt=4826 hash=b633b2de7d12c9dc policy_hash=addca35fe008d686 branch_profile_hash=4e49b07836f3b286 license=GPL expected_attach=0 attach_btf_id=0 prog_btf_fd=163 attach_btf_obj_fd=0 attach_prog_fd=0
[336.940897 pid=6620 tid=6630] loadtime policy prog=trace_call_user policy_hash=addca35fe008d686 branch_profile_hash=4e49b07836f3b286 insn_cnt=4826
[337.113807 pid=6620 tid=6630] loadtime step prog=trace_call_user step=map_inline elapsed_ms=131
[337.113897 pid=6620 tid=6630] loadtime prog=trace_call_user produced no bytecode changes; passing original BPF_PROG_LOAD through
[337.120561 pid=6620 tid=6630]   PROG_LOAD -> fd=194 errno=0 kernel_prog_id=327
[337.121264 pid=6620 tid=6630] BPF_PROG_LOAD type=2 (kprobe) name=trace_do_exit insn_cnt=1686 hash=0c10d0086086ae56 policy_hash=9043210959d4d23c branch_profile_hash=f1846d442d4307af license=GPL expected_attach=0 attach_btf_id=0 prog_btf_fd=163 attach_btf_obj_fd=0 attach_prog_fd=0
[337.352751 pid=6620 tid=6630] loadtime policy prog=trace_do_exit policy_hash=9043210959d4d23c branch_profile_hash=f1846d442d4307af insn_cnt=1686
[337.513053 pid=6620 tid=6630] loadtime step prog=trace_do_exit step=map_inline elapsed_ms=136
[337.513142 pid=6620 tid=6630] loadtime prog=trace_do_exit produced no bytecode changes; passing original BPF_PROG_LOAD through
[337.515287 pid=6620 tid=6630]   PROG_LOAD -> fd=195 errno=0 kernel_prog_id=330
[337.515886 pid=6620 tid=6630] BPF_PROG_LOAD type=2 (kprobe) name=uprobe_syscall_ insn_cnt=12999 hash=abfa9180ea269e5d policy_hash=baef32063a636cfa branch_profile_hash=3fd4c0563ef40c7c license=GPL expected_attach=0 attach_btf_id=0 prog_btf_fd=163 attach_btf_obj_fd=0 attach_prog_fd=0
[337.735498 pid=6620 tid=6630] loadtime policy prog=uprobe_syscall_ policy_hash=baef32063a636cfa branch_profile_hash=3fd4c0563ef40c7c insn_cnt=12999
[338.243505 pid=6620 tid=6630] loadtime step prog=uprobe_syscall_ step=map_inline elapsed_ms=178
[338.243597 pid=6620 tid=6630] loadtime prog=uprobe_syscall_ produced no bytecode changes; passing original BPF_PROG_LOAD through
[338.377947 pid=6620 tid=6630]   PROG_LOAD -> fd=196 errno=0 kernel_prog_id=333
[338.378657 pid=6620 tid=6630] BPF_PROG_LOAD type=2 (kprobe) name=uprobe_seq_ops_ insn_cnt=1440 hash=6eb8ac970dc1d2ee policy_hash=f7c1df231b7e5112 branch_profile_hash=124732dbe862c79a license=GPL expected_attach=0 attach_btf_id=0 prog_btf_fd=163 attach_btf_obj_fd=0 attach_prog_fd=0
[338.540616 pid=6620 tid=6630] loadtime policy prog=uprobe_seq_ops_ policy_hash=f7c1df231b7e5112 branch_profile_hash=124732dbe862c79a insn_cnt=1440
[338.634247 pid=6620 tid=6630] loadtime step prog=uprobe_seq_ops_ step=map_inline elapsed_ms=66
[338.634322 pid=6620 tid=6630] loadtime prog=uprobe_seq_ops_ produced no bytecode changes; passing original BPF_PROG_LOAD through
[338.638613 pid=6620 tid=6630]   PROG_LOAD -> fd=197 errno=0 kernel_prog_id=336
[338.638864 pid=6620 tid=6630] BPF_PROG_LOAD type=17 (raw_tracepoint) name=tracepoint__cgr insn_cnt=1820 hash=0bc3aadd33bc4692 policy_hash=d3ec9775f657544c branch_profile_hash=372ec9776cfb10fb license=GPL expected_attach=0 attach_btf_id=0 prog_btf_fd=163 attach_btf_obj_fd=0 attach_prog_fd=0
[338.795669 pid=6620 tid=6630] loadtime policy prog=tracepoint__cgr policy_hash=d3ec9775f657544c branch_profile_hash=372ec9776cfb10fb insn_cnt=1820
[338.926087 pid=6620 tid=6630] loadtime step prog=tracepoint__cgr step=map_inline elapsed_ms=102
[338.926178 pid=6620 tid=6630] loadtime prog=tracepoint__cgr produced no bytecode changes; passing original BPF_PROG_LOAD through
[338.928245 pid=6620 tid=6630]   PROG_LOAD -> fd=198 errno=0 kernel_prog_id=339
[338.928641 pid=6620 tid=6630] BPF_PROG_LOAD type=17 (raw_tracepoint) name=tracepoint__cgr insn_cnt=1825 hash=453bf2253bfe1ad9 policy_hash=164bf62f5b3915db branch_profile_hash=9a10f5d73dddec63 license=GPL expected_attach=0 attach_btf_id=0 prog_btf_fd=163 attach_btf_obj_fd=0 attach_prog_fd=0
[339.118278 pid=6620 tid=6630] loadtime policy prog=tracepoint__cgr policy_hash=164bf62f5b3915db branch_profile_hash=9a10f5d73dddec63 insn_cnt=1825
[339.262285 pid=6620 tid=6630] loadtime step prog=tracepoint__cgr step=map_inline elapsed_ms=115
[339.262378 pid=6620 tid=6630] loadtime prog=tracepoint__cgr produced no bytecode changes; passing original BPF_PROG_LOAD through
[339.264827 pid=6620 tid=6630]   PROG_LOAD -> fd=199 errno=0 kernel_prog_id=342
[339.265150 pid=6620 tid=6630] BPF_PROG_LOAD type=17 (raw_tracepoint) name=tracepoint__cgr insn_cnt=1825 hash=908d03e9c7a185ed policy_hash=6be19ae82d3aa79f branch_profile_hash=9a10f5d73dddec63 license=GPL expected_attach=0 attach_btf_id=0 prog_btf_fd=163 attach_btf_obj_fd=0 attach_prog_fd=0
[339.477985 pid=6620 tid=6630] loadtime policy prog=tracepoint__cgr policy_hash=6be19ae82d3aa79f branch_profile_hash=9a10f5d73dddec63 insn_cnt=1825
[339.631042 pid=6620 tid=6630] loadtime step prog=tracepoint__cgr step=map_inline elapsed_ms=130
[339.631105 pid=6620 tid=6630] loadtime prog=tracepoint__cgr produced no bytecode changes; passing original BPF_PROG_LOAD through
[339.633571 pid=6620 tid=6630]   PROG_LOAD -> fd=200 errno=0 kernel_prog_id=345
[339.633999 pid=6620 tid=6630] BPF_PROG_LOAD type=2 (kprobe) name=trace_security_ insn_cnt=6704 hash=69358d191e05d613 policy_hash=4aade6812dd0a5bf branch_profile_hash=33146973c126693b license=GPL expected_attach=0 attach_btf_id=0 prog_btf_fd=163 attach_btf_obj_fd=0 attach_prog_fd=0
[340.087025 pid=6620 tid=6630] loadtime policy prog=trace_security_ policy_hash=4aade6812dd0a5bf branch_profile_hash=33146973c126693b insn_cnt=6704
[340.287096 pid=6620 tid=6630] loadtime step prog=trace_security_ step=map_inline elapsed_ms=152
[340.287187 pid=6620 tid=6630] loadtime prog=trace_security_ produced no bytecode changes; passing original BPF_PROG_LOAD through
[340.296061 pid=6620 tid=6630]   PROG_LOAD -> fd=201 errno=0 kernel_prog_id=348
[340.296450 pid=6620 tid=6630] BPF_PROG_LOAD type=2 (kprobe) name=trace_security_ insn_cnt=4565 hash=88cc939eb2524fd5 policy_hash=730027be2fccacbf branch_profile_hash=5d4e39a7bf8dbc54 license=GPL expected_attach=0 attach_btf_id=0 prog_btf_fd=163 attach_btf_obj_fd=0 attach_prog_fd=0
[340.736648 pid=6620 tid=6630] loadtime policy prog=trace_security_ policy_hash=730027be2fccacbf branch_profile_hash=5d4e39a7bf8dbc54 insn_cnt=4565
[340.948506 pid=6620 tid=6630] loadtime step prog=trace_security_ step=map_inline elapsed_ms=163
[340.948597 pid=6620 tid=6630] loadtime prog=trace_security_ produced no bytecode changes; passing original BPF_PROG_LOAD through
[340.960838 pid=6620 tid=6630]   PROG_LOAD -> fd=202 errno=0 kernel_prog_id=351
[340.961668 pid=6620 tid=6630] BPF_PROG_LOAD type=2 (kprobe) name=trace_security_ insn_cnt=3685 hash=36640408a88df69b policy_hash=57833c1defb4a50f branch_profile_hash=c6ece87345f63cb2 license=GPL expected_attach=0 attach_btf_id=0 prog_btf_fd=163 attach_btf_obj_fd=0 attach_prog_fd=0
[341.434128 pid=6620 tid=6630] loadtime policy prog=trace_security_ policy_hash=57833c1defb4a50f branch_profile_hash=c6ece87345f63cb2 insn_cnt=3685
[341.583460 pid=6620 tid=6630] loadtime step prog=trace_security_ step=map_inline elapsed_ms=108
[341.583551 pid=6620 tid=6630] loadtime prog=trace_security_ produced no bytecode changes; passing original BPF_PROG_LOAD through
[341.589861 pid=6620 tid=6630]   PROG_LOAD -> fd=203 errno=0 kernel_prog_id=354
[341.590248 pid=6620 tid=6630] BPF_PROG_LOAD type=2 (kprobe) name=trace_security_ insn_cnt=2053 hash=2dbc77681910627f policy_hash=abd3394849f374fe branch_profile_hash=b936da3a386da99b license=GPL expected_attach=0 attach_btf_id=0 prog_btf_fd=163 attach_btf_obj_fd=0 attach_prog_fd=0
[341.994942 pid=6620 tid=6630] loadtime policy prog=trace_security_ policy_hash=abd3394849f374fe branch_profile_hash=b936da3a386da99b insn_cnt=2053
[342.146547 pid=6620 tid=6630] loadtime step prog=trace_security_ step=map_inline elapsed_ms=124
[342.146639 pid=6620 tid=6630] loadtime prog=trace_security_ produced no bytecode changes; passing original BPF_PROG_LOAD through
[342.149492 pid=6620 tid=6630]   PROG_LOAD -> fd=204 errno=0 kernel_prog_id=357
[342.149781 pid=6620 tid=6630] BPF_PROG_LOAD type=2 (kprobe) name=trace_commit_cr insn_cnt=2238 hash=09e43ffac533fa5f policy_hash=37b3c63bb18d6179 branch_profile_hash=3fa33e9bb246cfff license=GPL expected_attach=0 attach_btf_id=0 prog_btf_fd=163 attach_btf_obj_fd=0 attach_prog_fd=0
[342.343788 pid=6620 tid=6630] loadtime policy prog=trace_commit_cr policy_hash=37b3c63bb18d6179 branch_profile_hash=3fa33e9bb246cfff insn_cnt=2238
[342.473025 pid=6620 tid=6630] loadtime step prog=trace_commit_cr step=map_inline elapsed_ms=103
[342.473118 pid=6620 tid=6630] loadtime prog=trace_commit_cr produced no bytecode changes; passing original BPF_PROG_LOAD through
[342.475408 pid=6620 tid=6630]   PROG_LOAD -> fd=205 errno=0 kernel_prog_id=360
[342.475815 pid=6620 tid=6630] BPF_PROG_LOAD type=2 (kprobe) name=trace_switch_ta insn_cnt=2085 hash=0d7fda16b0eac9bd policy_hash=3b32c29be12352e7 branch_profile_hash=6bf3cd4b9950989a license=GPL expected_attach=0 attach_btf_id=0 prog_btf_fd=163 attach_btf_obj_fd=0 attach_prog_fd=0
[342.714988 pid=6620 tid=6630] loadtime policy prog=trace_switch_ta policy_hash=3b32c29be12352e7 branch_profile_hash=6bf3cd4b9950989a insn_cnt=2085
[342.848800 pid=6620 tid=6630] loadtime step prog=trace_switch_ta step=map_inline elapsed_ms=103
[342.848863 pid=6620 tid=6630] loadtime prog=trace_switch_ta produced no bytecode changes; passing original BPF_PROG_LOAD through
[342.851589 pid=6620 tid=6630]   PROG_LOAD -> fd=206 errno=0 kernel_prog_id=363
[342.851874 pid=6620 tid=6630] BPF_PROG_LOAD type=2 (kprobe) name=trace_cap_capab insn_cnt=1711 hash=d951e87eecf0e6c6 policy_hash=e302f5809bd52c30 branch_profile_hash=3ca2fcda98b2c467 license=GPL expected_attach=0 attach_btf_id=0 prog_btf_fd=163 attach_btf_obj_fd=0 attach_prog_fd=0
[343.098849 pid=6620 tid=6630] loadtime policy prog=trace_cap_capab policy_hash=e302f5809bd52c30 branch_profile_hash=3ca2fcda98b2c467 insn_cnt=1711
[343.223376 pid=6620 tid=6630] loadtime step prog=trace_cap_capab step=map_inline elapsed_ms=101
[343.223451 pid=6620 tid=6630] loadtime prog=trace_cap_capab produced no bytecode changes; passing original BPF_PROG_LOAD through
[343.225383 pid=6620 tid=6630]   PROG_LOAD -> fd=207 errno=0 kernel_prog_id=366
[343.225761 pid=6620 tid=6630] BPF_PROG_LOAD type=2 (kprobe) name=trace_security_ insn_cnt=1770 hash=a52439c31706a812 policy_hash=8c980f11a415454c branch_profile_hash=3be0b0e62e9f9bd0 license=GPL expected_attach=0 attach_btf_id=0 prog_btf_fd=163 attach_btf_obj_fd=0 attach_prog_fd=0
[343.400042 pid=6620 tid=6630] loadtime policy prog=trace_security_ policy_hash=8c980f11a415454c branch_profile_hash=3be0b0e62e9f9bd0 insn_cnt=1770
[343.519168 pid=6620 tid=6630] loadtime step prog=trace_security_ step=map_inline elapsed_ms=95
[343.519231 pid=6620 tid=6630] loadtime prog=trace_security_ produced no bytecode changes; passing original BPF_PROG_LOAD through
[343.521156 pid=6620 tid=6630]   PROG_LOAD -> fd=208 errno=0 kernel_prog_id=369
[343.521545 pid=6620 tid=6630] BPF_PROG_LOAD type=2 (kprobe) name=trace_security_ insn_cnt=1911 hash=5163a3829a60609d policy_hash=94d40bd45684fee5 branch_profile_hash=5bb1c3d7cae209a7 license=GPL expected_attach=0 attach_btf_id=0 prog_btf_fd=163 attach_btf_obj_fd=0 attach_prog_fd=0
[343.976309 pid=6620 tid=6630] loadtime policy prog=trace_security_ policy_hash=94d40bd45684fee5 branch_profile_hash=5bb1c3d7cae209a7 insn_cnt=1911
[344.118707 pid=6620 tid=6630] loadtime step prog=trace_security_ step=map_inline elapsed_ms=116
[344.118798 pid=6620 tid=6630] loadtime prog=trace_security_ produced no bytecode changes; passing original BPF_PROG_LOAD through
[344.121968 pid=6620 tid=6630]   PROG_LOAD -> fd=209 errno=0 kernel_prog_id=372
[344.122356 pid=6620 tid=6630] BPF_PROG_LOAD type=2 (kprobe) name=trace_proc_crea insn_cnt=1731 hash=5e37cb038cf458f3 policy_hash=bbefacf45dfe7bc5 branch_profile_hash=819ce0a1d862c947 license=GPL expected_attach=0 attach_btf_id=0 prog_btf_fd=163 attach_btf_obj_fd=0 attach_prog_fd=0
[344.349681 pid=6620 tid=6630] loadtime policy prog=trace_proc_crea policy_hash=bbefacf45dfe7bc5 branch_profile_hash=819ce0a1d862c947 insn_cnt=1731
[344.491926 pid=6620 tid=6630] loadtime step prog=trace_proc_crea step=map_inline elapsed_ms=115
[344.492016 pid=6620 tid=6630] loadtime prog=trace_proc_crea produced no bytecode changes; passing original BPF_PROG_LOAD through
[344.494268 pid=6620 tid=6630]   PROG_LOAD -> fd=210 errno=0 kernel_prog_id=375
[344.494643 pid=6620 tid=6630] BPF_PROG_LOAD type=2 (kprobe) name=trace___debugfs insn_cnt=1963 hash=7aacf6a5d295c998 policy_hash=ba78f24c19462688 branch_profile_hash=b3e9ed539c1d5016 license=GPL expected_attach=0 attach_btf_id=0 prog_btf_fd=163 attach_btf_obj_fd=0 attach_prog_fd=0
[344.938531 pid=6620 tid=6630] loadtime policy prog=trace___debugfs policy_hash=ba78f24c19462688 branch_profile_hash=b3e9ed539c1d5016 insn_cnt=1963
[345.094204 pid=6620 tid=6630] loadtime step prog=trace___debugfs step=map_inline elapsed_ms=122
[345.094297 pid=6620 tid=6630] loadtime prog=trace___debugfs produced no bytecode changes; passing original BPF_PROG_LOAD through
[345.098174 pid=6620 tid=6630]   PROG_LOAD -> fd=211 errno=0 kernel_prog_id=378
[345.099020 pid=6620 tid=6630] BPF_PROG_LOAD type=2 (kprobe) name=trace_debugfs_c insn_cnt=1902 hash=8df3b3bd6593501a policy_hash=5b7cb6c3ed41f206 branch_profile_hash=d2d1162f8a5a59a4 license=GPL expected_attach=0 attach_btf_id=0 prog_btf_fd=163 attach_btf_obj_fd=0 attach_prog_fd=0
[345.622311 pid=6620 tid=6630] loadtime policy prog=trace_debugfs_c policy_hash=5b7cb6c3ed41f206 branch_profile_hash=d2d1162f8a5a59a4 insn_cnt=1902
[345.783691 pid=6620 tid=6630] loadtime step prog=trace_debugfs_c step=map_inline elapsed_ms=133
[345.783754 pid=6620 tid=6630] loadtime prog=trace_debugfs_c produced no bytecode changes; passing original BPF_PROG_LOAD through
[345.787057 pid=6620 tid=6630]   PROG_LOAD -> fd=212 errno=0 kernel_prog_id=381
[345.787637 pid=6620 tid=6630] BPF_PROG_LOAD type=2 (kprobe) name=trace_security_ insn_cnt=2083 hash=1d7a78b4dc7f0c86 policy_hash=c7884bfe30d49850 branch_profile_hash=8fdea5ff59e1548f license=GPL expected_attach=0 attach_btf_id=0 prog_btf_fd=163 attach_btf_obj_fd=0 attach_prog_fd=0
[346.016936 pid=6620 tid=6630] loadtime policy prog=trace_security_ policy_hash=c7884bfe30d49850 branch_profile_hash=8fdea5ff59e1548f insn_cnt=2083
[346.137995 pid=6620 tid=6630] loadtime step prog=trace_security_ step=map_inline elapsed_ms=92
[346.138086 pid=6620 tid=6630] loadtime prog=trace_security_ produced no bytecode changes; passing original BPF_PROG_LOAD through
[346.140470 pid=6620 tid=6630]   PROG_LOAD -> fd=213 errno=0 kernel_prog_id=384
[346.140910 pid=6620 tid=6630] BPF_PROG_LOAD type=2 (kprobe) name=trace_security_ insn_cnt=1955 hash=a5767191e2b87b31 policy_hash=79075f74b9e6af27 branch_profile_hash=a8f9e4ecd47919a8 license=GPL expected_attach=0 attach_btf_id=0 prog_btf_fd=163 attach_btf_obj_fd=0 attach_prog_fd=0
[346.359335 pid=6620 tid=6630] loadtime policy prog=trace_security_ policy_hash=79075f74b9e6af27 branch_profile_hash=a8f9e4ecd47919a8 insn_cnt=1955
[346.508051 pid=6620 tid=6630] loadtime step prog=trace_security_ step=map_inline elapsed_ms=117
[346.508142 pid=6620 tid=6630] loadtime prog=trace_security_ produced no bytecode changes; passing original BPF_PROG_LOAD through
[346.510896 pid=6620 tid=6630]   PROG_LOAD -> fd=214 errno=0 kernel_prog_id=387
[346.511534 pid=6620 tid=6630] BPF_PROG_LOAD type=2 (kprobe) name=trace_security_ insn_cnt=2198 hash=b73b67eb69f178c1 policy_hash=832f62878c764230 branch_profile_hash=eaedc4440ced4584 license=GPL expected_attach=0 attach_btf_id=0 prog_btf_fd=163 attach_btf_obj_fd=0 attach_prog_fd=0
[346.719888 pid=6620 tid=6630] loadtime policy prog=trace_security_ policy_hash=832f62878c764230 branch_profile_hash=eaedc4440ced4584 insn_cnt=2198
[346.849864 pid=6620 tid=6630] loadtime step prog=trace_security_ step=map_inline elapsed_ms=103
[346.849955 pid=6620 tid=6630] loadtime prog=trace_security_ produced no bytecode changes; passing original BPF_PROG_LOAD through
[346.852899 pid=6620 tid=6630]   PROG_LOAD -> fd=215 errno=0 kernel_prog_id=390
[346.853240 pid=6620 tid=6630] BPF_PROG_LOAD type=2 (kprobe) name=trace_security_ insn_cnt=2055 hash=d7fead4ef921d10c policy_hash=fcc03b7060b3b7c6 branch_profile_hash=d8a2b7f0163d3efa license=GPL expected_attach=0 attach_btf_id=0 prog_btf_fd=163 attach_btf_obj_fd=0 attach_prog_fd=0
[347.047615 pid=6620 tid=6630] loadtime policy prog=trace_security_ policy_hash=fcc03b7060b3b7c6 branch_profile_hash=d8a2b7f0163d3efa insn_cnt=2055
[347.197650 pid=6620 tid=6630] loadtime step prog=trace_security_ step=map_inline elapsed_ms=115
[347.197742 pid=6620 tid=6630] loadtime prog=trace_security_ produced no bytecode changes; passing original BPF_PROG_LOAD through
[347.202044 pid=6620 tid=6630]   PROG_LOAD -> fd=216 errno=0 kernel_prog_id=393
[347.202464 pid=6620 tid=6630] BPF_PROG_LOAD type=2 (kprobe) name=trace_security_ insn_cnt=2154 hash=0e421d7aaf7bb6d2 policy_hash=fb69b0e09bbe4f78 branch_profile_hash=60ef3c8124366e74 license=GPL expected_attach=0 attach_btf_id=0 prog_btf_fd=163 attach_btf_obj_fd=0 attach_prog_fd=0
[347.459530 pid=6620 tid=6630] loadtime policy prog=trace_security_ policy_hash=fb69b0e09bbe4f78 branch_profile_hash=60ef3c8124366e74 insn_cnt=2154
[347.657182 pid=6620 tid=6630] loadtime step prog=trace_security_ step=map_inline elapsed_ms=170
[347.657276 pid=6620 tid=6630] loadtime prog=trace_security_ produced no bytecode changes; passing original BPF_PROG_LOAD through
[347.660080 pid=6620 tid=6630]   PROG_LOAD -> fd=217 errno=0 kernel_prog_id=396
[347.660483 pid=6620 tid=6630] BPF_PROG_LOAD type=2 (kprobe) name=send_bin insn_cnt=180 hash=0783b68488132018 policy_hash=aa30beeb04ce2a3b branch_profile_hash=5038f9f576eff96d license=GPL expected_attach=0 attach_btf_id=0 prog_btf_fd=163 attach_btf_obj_fd=0 attach_prog_fd=0
[348.007975 pid=6620 tid=6630] loadtime policy prog=send_bin policy_hash=aa30beeb04ce2a3b branch_profile_hash=5038f9f576eff96d insn_cnt=180
[348.067849 pid=6620 tid=6630] loadtime step prog=send_bin step=map_inline elapsed_ms=33
[348.067940 pid=6620 tid=6630] loadtime prog=send_bin produced no bytecode changes; passing original BPF_PROG_LOAD through
[348.069782 pid=6620 tid=6630]   PROG_LOAD -> fd=218 errno=0 kernel_prog_id=399
[348.070104 pid=6620 tid=6630] BPF_PROG_LOAD type=17 (raw_tracepoint) name=send_bin_tp insn_cnt=180 hash=bdf5fac4c1646f93 policy_hash=c2df511431b9b1aa branch_profile_hash=31b523840ea33425 license=GPL expected_attach=0 attach_btf_id=0 prog_btf_fd=163 attach_btf_obj_fd=0 attach_prog_fd=0
[348.408308 pid=6620 tid=6630] loadtime policy prog=send_bin_tp policy_hash=c2df511431b9b1aa branch_profile_hash=31b523840ea33425 insn_cnt=180
[348.479002 pid=6620 tid=6630] loadtime step prog=send_bin_tp step=map_inline elapsed_ms=40
[348.479065 pid=6620 tid=6630] loadtime prog=send_bin_tp produced no bytecode changes; passing original BPF_PROG_LOAD through
[348.480915 pid=6620 tid=6630]   PROG_LOAD -> fd=219 errno=0 kernel_prog_id=402
[348.481231 pid=6620 tid=6630] BPF_PROG_LOAD type=2 (kprobe) name=trace_vfs_write insn_cnt=29 hash=adb96f8d9f17c448 policy_hash=d726438feaf7455c branch_profile_hash=5206369d4eb9aadf license=GPL expected_attach=0 attach_btf_id=0 prog_btf_fd=163 attach_btf_obj_fd=0 attach_prog_fd=0
[348.511259 pid=6620 tid=6630] loadtime policy prog=trace_vfs_write policy_hash=d726438feaf7455c branch_profile_hash=5206369d4eb9aadf insn_cnt=29
[348.544131 pid=6620 tid=6630] loadtime step prog=trace_vfs_write step=map_inline elapsed_ms=17
[348.544194 pid=6620 tid=6630] loadtime prog=trace_vfs_write produced no bytecode changes; passing original BPF_PROG_LOAD through
[348.544457 pid=6620 tid=6630]   PROG_LOAD -> fd=220 errno=0 kernel_prog_id=405
[348.544754 pid=6620 tid=6630] BPF_PROG_LOAD type=2 (kprobe) name=vfs_write_magic insn_cnt=54 hash=2ea97dc964a67edd policy_hash=4ff4fdc6bb995389 branch_profile_hash=dbbe1528b2fffeb2 license=GPL expected_attach=0 attach_btf_id=0 prog_btf_fd=163 attach_btf_obj_fd=0 attach_prog_fd=0
[348.596397 pid=6620 tid=6630] loadtime policy prog=vfs_write_magic policy_hash=4ff4fdc6bb995389 branch_profile_hash=dbbe1528b2fffeb2 insn_cnt=54
[348.656349 pid=6620 tid=6630] loadtime step prog=vfs_write_magic step=map_inline elapsed_ms=28
[348.656412 pid=6620 tid=6630] loadtime prog=vfs_write_magic produced no bytecode changes; passing original BPF_PROG_LOAD through
[348.656556 pid=6620 tid=6630]   PROG_LOAD -> fd=221 errno=0 kernel_prog_id=408
[348.656991 pid=6620 tid=6630] BPF_PROG_LOAD type=2 (kprobe) name=trace_ret_vfs_w insn_cnt=3942 hash=a282455681b68b7b policy_hash=de003f327fb12da8 branch_profile_hash=8d8696d9c0160658 license=GPL expected_attach=0 attach_btf_id=0 prog_btf_fd=163 attach_btf_obj_fd=0 attach_prog_fd=0
[349.227031 pid=6620 tid=6630] loadtime policy prog=trace_ret_vfs_w policy_hash=de003f327fb12da8 branch_profile_hash=8d8696d9c0160658 insn_cnt=3942
[349.400798 pid=6620 tid=6630] loadtime step prog=trace_ret_vfs_w step=map_inline elapsed_ms=130
[349.400891 pid=6620 tid=6630] loadtime prog=trace_ret_vfs_w produced no bytecode changes; passing original BPF_PROG_LOAD through
[349.407942 pid=6620 tid=6630]   PROG_LOAD -> fd=222 errno=0 kernel_prog_id=411
[349.408470 pid=6620 tid=6630] BPF_PROG_LOAD type=2 (kprobe) name=vfs_write_magic insn_cnt=4519 hash=0ade263d9039da63 policy_hash=5ea80411dc2fa6f1 branch_profile_hash=8494597337fa3a7e license=GPL expected_attach=0 attach_btf_id=0 prog_btf_fd=163 attach_btf_obj_fd=0 attach_prog_fd=0
[349.977652 pid=6620 tid=6630] loadtime policy prog=vfs_write_magic policy_hash=5ea80411dc2fa6f1 branch_profile_hash=8494597337fa3a7e insn_cnt=4519
[350.191019 pid=6620 tid=6630] loadtime step prog=vfs_write_magic step=map_inline elapsed_ms=162
[350.191110 pid=6620 tid=6630] loadtime prog=vfs_write_magic produced no bytecode changes; passing original BPF_PROG_LOAD through
[350.202587 pid=6620 tid=6630]   PROG_LOAD -> fd=223 errno=0 kernel_prog_id=414
[350.203257 pid=6620 tid=6630] BPF_PROG_LOAD type=2 (kprobe) name=trace_ret_vfs_w insn_cnt=6288 hash=73ff69b596bf6d71 policy_hash=07c5292917b1620b branch_profile_hash=223a6bd3653d063a license=GPL expected_attach=0 attach_btf_id=0 prog_btf_fd=163 attach_btf_obj_fd=0 attach_prog_fd=0
[350.684142 pid=6620 tid=6630] loadtime policy prog=trace_ret_vfs_w policy_hash=07c5292917b1620b branch_profile_hash=223a6bd3653d063a insn_cnt=6288
[350.961446 pid=6620 tid=6630] loadtime step prog=trace_ret_vfs_w step=map_inline elapsed_ms=188
[350.961536 pid=6620 tid=6630] loadtime prog=trace_ret_vfs_w produced no bytecode changes; passing original BPF_PROG_LOAD through
[350.989127 pid=6620 tid=6630]   PROG_LOAD -> fd=224 errno=0 kernel_prog_id=417
[350.989716 pid=6620 tid=6630] BPF_PROG_LOAD type=2 (kprobe) name=trace_vfs_write insn_cnt=29 hash=f311c20886fd67c5 policy_hash=a176c01e43822ff1 branch_profile_hash=5206369d4eb9aadf license=GPL expected_attach=0 attach_btf_id=0 prog_btf_fd=163 attach_btf_obj_fd=0 attach_prog_fd=0
[351.011894 pid=6620 tid=6630] loadtime policy prog=trace_vfs_write policy_hash=a176c01e43822ff1 branch_profile_hash=5206369d4eb9aadf insn_cnt=29
[351.045216 pid=6620 tid=6630] loadtime step prog=trace_vfs_write step=map_inline elapsed_ms=13
[351.045307 pid=6620 tid=6630] loadtime prog=trace_vfs_write produced no bytecode changes; passing original BPF_PROG_LOAD through
[351.045441 pid=6620 tid=6630]   PROG_LOAD -> fd=225 errno=0 kernel_prog_id=420
[351.045548 pid=6620 tid=6630] BPF_PROG_LOAD type=2 (kprobe) name=vfs_writev_magi insn_cnt=54 hash=2ea97dc964a67edd policy_hash=4ff4fdc6bb995389 branch_profile_hash=06f10fe11aa9e365 license=GPL expected_attach=0 attach_btf_id=0 prog_btf_fd=163 attach_btf_obj_fd=0 attach_prog_fd=0
[351.064244 pid=6620 tid=6630] loadtime policy prog=vfs_writev_magi policy_hash=4ff4fdc6bb995389 branch_profile_hash=06f10fe11aa9e365 insn_cnt=54
[351.095362 pid=6620 tid=6630] loadtime step prog=vfs_writev_magi step=map_inline elapsed_ms=12
[351.095455 pid=6620 tid=6630] loadtime prog=vfs_writev_magi produced no bytecode changes; passing original BPF_PROG_LOAD through
[351.095665 pid=6620 tid=6630]   PROG_LOAD -> fd=226 errno=0 kernel_prog_id=423
[351.095935 pid=6620 tid=6630] BPF_PROG_LOAD type=2 (kprobe) name=trace_ret_vfs_w insn_cnt=3941 hash=71873be9621b3c0d policy_hash=397add6991d5070e branch_profile_hash=c07fd9088d5bc420 license=GPL expected_attach=0 attach_btf_id=0 prog_btf_fd=163 attach_btf_obj_fd=0 attach_prog_fd=0
[351.526796 pid=6620 tid=6630] loadtime policy prog=trace_ret_vfs_w policy_hash=397add6991d5070e branch_profile_hash=c07fd9088d5bc420 insn_cnt=3941
[351.737528 pid=6620 tid=6630] loadtime step prog=trace_ret_vfs_w step=map_inline elapsed_ms=170
[351.737591 pid=6620 tid=6630] loadtime prog=trace_ret_vfs_w produced no bytecode changes; passing original BPF_PROG_LOAD through
[351.743534 pid=6620 tid=6630]   PROG_LOAD -> fd=227 errno=0 kernel_prog_id=426
[351.744048 pid=6620 tid=6630] BPF_PROG_LOAD type=2 (kprobe) name=vfs_writev_magi insn_cnt=4538 hash=6c9f73c513cf5a5b policy_hash=0c813e16f111b361 branch_profile_hash=41f6726574ecdfd7 license=GPL expected_attach=0 attach_btf_id=0 prog_btf_fd=163 attach_btf_obj_fd=0 attach_prog_fd=0
[352.197652 pid=6620 tid=6630] loadtime policy prog=vfs_writev_magi policy_hash=0c813e16f111b361 branch_profile_hash=41f6726574ecdfd7 insn_cnt=4538
[352.482405 pid=6620 tid=6630] loadtime step prog=vfs_writev_magi step=map_inline elapsed_ms=170
[352.482467 pid=6620 tid=6630] loadtime prog=vfs_writev_magi produced no bytecode changes; passing original BPF_PROG_LOAD through
[352.491830 pid=6620 tid=6630]   PROG_LOAD -> fd=228 errno=0 kernel_prog_id=429
[352.492283 pid=6620 tid=6630] BPF_PROG_LOAD type=2 (kprobe) name=trace_ret_vfs_w insn_cnt=6311 hash=5886a0e815fdbf44 policy_hash=3b42a0623fec2a2e branch_profile_hash=1599b86e4a7b3f66 license=GPL expected_attach=0 attach_btf_id=0 prog_btf_fd=163 attach_btf_obj_fd=0 attach_prog_fd=0
[352.958790 pid=6620 tid=6630] loadtime policy prog=trace_ret_vfs_w policy_hash=3b42a0623fec2a2e branch_profile_hash=1599b86e4a7b3f66 insn_cnt=6311
[353.246384 pid=6620 tid=6630] loadtime step prog=trace_ret_vfs_w step=map_inline elapsed_ms=208
[353.246475 pid=6620 tid=6630] loadtime prog=trace_ret_vfs_w produced no bytecode changes; passing original BPF_PROG_LOAD through
[353.269464 pid=6620 tid=6630]   PROG_LOAD -> fd=229 errno=0 kernel_prog_id=432
[353.270057 pid=6620 tid=6630] BPF_PROG_LOAD type=2 (kprobe) name=trace_kernel_wr insn_cnt=29 hash=d5dd6fbc11cdbe13 policy_hash=a4e720fe4800ff97 branch_profile_hash=db7e588e56f5283d license=GPL expected_attach=0 attach_btf_id=0 prog_btf_fd=163 attach_btf_obj_fd=0 attach_prog_fd=0
[353.302609 pid=6620 tid=6630] loadtime policy prog=trace_kernel_wr policy_hash=a4e720fe4800ff97 branch_profile_hash=db7e588e56f5283d insn_cnt=29
[353.339325 pid=6620 tid=6630] loadtime step prog=trace_kernel_wr step=map_inline elapsed_ms=18
[353.339416 pid=6620 tid=6630] loadtime prog=trace_kernel_wr produced no bytecode changes; passing original BPF_PROG_LOAD through
[353.339582 pid=6620 tid=6630]   PROG_LOAD -> fd=230 errno=0 kernel_prog_id=435
[353.339954 pid=6620 tid=6630] BPF_PROG_LOAD type=2 (kprobe) name=kernel_write_ma insn_cnt=54 hash=2ea97dc964a67edd policy_hash=4ff4fdc6bb995389 branch_profile_hash=11fabaf48711b559 license=GPL expected_attach=0 attach_btf_id=0 prog_btf_fd=163 attach_btf_obj_fd=0 attach_prog_fd=0
[353.365259 pid=6620 tid=6630] loadtime policy prog=kernel_write_ma policy_hash=4ff4fdc6bb995389 branch_profile_hash=11fabaf48711b559 insn_cnt=54
[353.397130 pid=6620 tid=6630] loadtime step prog=kernel_write_ma step=map_inline elapsed_ms=13
[353.397221 pid=6620 tid=6630] loadtime prog=kernel_write_ma produced no bytecode changes; passing original BPF_PROG_LOAD through
[353.397388 pid=6620 tid=6630]   PROG_LOAD -> fd=231 errno=0 kernel_prog_id=438
[353.397987 pid=6620 tid=6630] BPF_PROG_LOAD type=2 (kprobe) name=trace_ret_kerne insn_cnt=3942 hash=2c4dff86e7058db7 policy_hash=f0733e9ca3a21a9c branch_profile_hash=4feccfe24382ea90 license=GPL expected_attach=0 attach_btf_id=0 prog_btf_fd=163 attach_btf_obj_fd=0 attach_prog_fd=0
[353.874519 pid=6620 tid=6630] loadtime policy prog=trace_ret_kerne policy_hash=f0733e9ca3a21a9c branch_profile_hash=4feccfe24382ea90 insn_cnt=3942
[354.051332 pid=6620 tid=6630] loadtime step prog=trace_ret_kerne step=map_inline elapsed_ms=137
[354.051489 pid=6620 tid=6630] loadtime prog=trace_ret_kerne produced no bytecode changes; passing original BPF_PROG_LOAD through
[354.057809 pid=6620 tid=6630]   PROG_LOAD -> fd=232 errno=0 kernel_prog_id=441
[354.058299 pid=6620 tid=6630] BPF_PROG_LOAD type=2 (kprobe) name=kernel_write_ma insn_cnt=4519 hash=0ade263d9039da63 policy_hash=5ea80411dc2fa6f1 branch_profile_hash=fff68201c6311fd5 license=GPL expected_attach=0 attach_btf_id=0 prog_btf_fd=163 attach_btf_obj_fd=0 attach_prog_fd=0
[354.521118 pid=6620 tid=6630] loadtime policy prog=kernel_write_ma policy_hash=5ea80411dc2fa6f1 branch_profile_hash=fff68201c6311fd5 insn_cnt=4519
[354.760671 pid=6620 tid=6630] loadtime step prog=kernel_write_ma step=map_inline elapsed_ms=195
[354.760762 pid=6620 tid=6630] loadtime prog=kernel_write_ma produced no bytecode changes; passing original BPF_PROG_LOAD through
[354.770154 pid=6620 tid=6630]   PROG_LOAD -> fd=233 errno=0 kernel_prog_id=444
[354.770665 pid=6620 tid=6630] BPF_PROG_LOAD type=2 (kprobe) name=trace_ret_kerne insn_cnt=6288 hash=d0e4a830769acae6 policy_hash=873611f860027314 branch_profile_hash=f68262dc1143e9be license=GPL expected_attach=0 attach_btf_id=0 prog_btf_fd=163 attach_btf_obj_fd=0 attach_prog_fd=0
[355.272907 pid=6620 tid=6630] loadtime policy prog=trace_ret_kerne policy_hash=873611f860027314 branch_profile_hash=f68262dc1143e9be insn_cnt=6288
[355.567479 pid=6620 tid=6630] loadtime step prog=trace_ret_kerne step=map_inline elapsed_ms=211
[355.567569 pid=6620 tid=6630] loadtime prog=trace_ret_kerne produced no bytecode changes; passing original BPF_PROG_LOAD through
[355.589827 pid=6620 tid=6630]   PROG_LOAD -> fd=234 errno=0 kernel_prog_id=447
[355.590264 pid=6620 tid=6630] BPF_PROG_LOAD type=2 (kprobe) name=trace_vfs_read insn_cnt=29 hash=3bbdba30b197371a policy_hash=615591460fb29b2e branch_profile_hash=6fd8dec6a155f912 license=GPL expected_attach=0 attach_btf_id=0 prog_btf_fd=163 attach_btf_obj_fd=0 attach_prog_fd=0
[355.617226 pid=6620 tid=6630] loadtime policy prog=trace_vfs_read policy_hash=615591460fb29b2e branch_profile_hash=6fd8dec6a155f912 insn_cnt=29
[355.656733 pid=6620 tid=6630] loadtime step prog=trace_vfs_read step=map_inline elapsed_ms=19
[355.656823 pid=6620 tid=6630] loadtime prog=trace_vfs_read produced no bytecode changes; passing original BPF_PROG_LOAD through
[355.656959 pid=6620 tid=6630]   PROG_LOAD -> fd=235 errno=0 kernel_prog_id=450
[355.657219 pid=6620 tid=6630] BPF_PROG_LOAD type=2 (kprobe) name=trace_ret_vfs_r insn_cnt=3942 hash=ff2fcab0aedec2f9 policy_hash=cde75b3951a56b82 branch_profile_hash=01614e8d9f28ddb5 license=GPL expected_attach=0 attach_btf_id=0 prog_btf_fd=163 attach_btf_obj_fd=0 attach_prog_fd=0
[356.117602 pid=6620 tid=6630] loadtime policy prog=trace_ret_vfs_r policy_hash=cde75b3951a56b82 branch_profile_hash=01614e8d9f28ddb5 insn_cnt=3942
[356.301318 pid=6620 tid=6630] loadtime step prog=trace_ret_vfs_r step=map_inline elapsed_ms=146
[356.301408 pid=6620 tid=6630] loadtime prog=trace_ret_vfs_r produced no bytecode changes; passing original BPF_PROG_LOAD through
[356.307702 pid=6620 tid=6630]   PROG_LOAD -> fd=236 errno=0 kernel_prog_id=453
[356.308091 pid=6620 tid=6630] BPF_PROG_LOAD type=2 (kprobe) name=trace_ret_vfs_r insn_cnt=3725 hash=749c073c78fa8b16 policy_hash=c65a8ac156bd503d branch_profile_hash=0b72a538e798cdaf license=GPL expected_attach=0 attach_btf_id=0 prog_btf_fd=163 attach_btf_obj_fd=0 attach_prog_fd=0
[356.843460 pid=6620 tid=6630] loadtime policy prog=trace_ret_vfs_r policy_hash=c65a8ac156bd503d branch_profile_hash=0b72a538e798cdaf insn_cnt=3725
[357.054141 pid=6620 tid=6630] loadtime step prog=trace_ret_vfs_r step=map_inline elapsed_ms=156
[357.054216 pid=6620 tid=6630] loadtime prog=trace_ret_vfs_r produced no bytecode changes; passing original BPF_PROG_LOAD through
[357.068916 pid=6620 tid=6630]   PROG_LOAD -> fd=237 errno=0 kernel_prog_id=456
[357.069373 pid=6620 tid=6630] BPF_PROG_LOAD type=2 (kprobe) name=trace_vfs_readv insn_cnt=29 hash=8f943ce76e16a06f policy_hash=189e9ece4e706d2b branch_profile_hash=6fa94ac6a12d8cd4 license=GPL expected_attach=0 attach_btf_id=0 prog_btf_fd=163 attach_btf_obj_fd=0 attach_prog_fd=0
[357.104340 pid=6620 tid=6630] loadtime policy prog=trace_vfs_readv policy_hash=189e9ece4e706d2b branch_profile_hash=6fa94ac6a12d8cd4 insn_cnt=29
[357.136085 pid=6620 tid=6630] loadtime step prog=trace_vfs_readv step=map_inline elapsed_ms=14
[357.136159 pid=6620 tid=6630] loadtime prog=trace_vfs_readv produced no bytecode changes; passing original BPF_PROG_LOAD through
[357.136457 pid=6620 tid=6630]   PROG_LOAD -> fd=238 errno=0 kernel_prog_id=459
[357.136748 pid=6620 tid=6630] BPF_PROG_LOAD type=2 (kprobe) name=trace_ret_vfs_r insn_cnt=3941 hash=6f36d55723ab9207 policy_hash=7bf8d29fa27b4fbc branch_profile_hash=992ca67ab1e19a85 license=GPL expected_attach=0 attach_btf_id=0 prog_btf_fd=163 attach_btf_obj_fd=0 attach_prog_fd=0
[357.677454 pid=6620 tid=6630] loadtime policy prog=trace_ret_vfs_r policy_hash=7bf8d29fa27b4fbc branch_profile_hash=992ca67ab1e19a85 insn_cnt=3941
[357.935093 pid=6620 tid=6630] loadtime step prog=trace_ret_vfs_r step=map_inline elapsed_ms=213
[357.935184 pid=6620 tid=6630] loadtime prog=trace_ret_vfs_r produced no bytecode changes; passing original BPF_PROG_LOAD through
[357.941155 pid=6620 tid=6630]   PROG_LOAD -> fd=239 errno=0 kernel_prog_id=462
[357.941551 pid=6620 tid=6630] BPF_PROG_LOAD type=2 (kprobe) name=trace_ret_vfs_r insn_cnt=3740 hash=d385b838753e1d3c policy_hash=3488444b885ecaab branch_profile_hash=32144894cf85b8ba license=GPL expected_attach=0 attach_btf_id=0 prog_btf_fd=163 attach_btf_obj_fd=0 attach_prog_fd=0
[358.495239 pid=6620 tid=6630] loadtime policy prog=trace_ret_vfs_r policy_hash=3488444b885ecaab branch_profile_hash=32144894cf85b8ba insn_cnt=3740
[358.695641 pid=6620 tid=6630] loadtime step prog=trace_ret_vfs_r step=map_inline elapsed_ms=143
[358.695716 pid=6620 tid=6630] loadtime prog=trace_ret_vfs_r produced no bytecode changes; passing original BPF_PROG_LOAD through
[358.706975 pid=6620 tid=6630]   PROG_LOAD -> fd=240 errno=0 kernel_prog_id=465
[358.707294 pid=6620 tid=6630] BPF_PROG_LOAD type=2 (kprobe) name=trace_mmap_aler insn_cnt=4072 hash=9e62effaee98384e policy_hash=b0b6e4fa51ce6bb2 branch_profile_hash=87fe134fa97a4517 license=GPL expected_attach=0 attach_btf_id=0 prog_btf_fd=163 attach_btf_obj_fd=0 attach_prog_fd=0
[359.265822 pid=6620 tid=6630] loadtime policy prog=trace_mmap_aler policy_hash=b0b6e4fa51ce6bb2 branch_profile_hash=87fe134fa97a4517 insn_cnt=4072
[359.425556 pid=6620 tid=6630] loadtime step prog=trace_mmap_aler step=map_inline elapsed_ms=114
[359.425633 pid=6620 tid=6630] loadtime prog=trace_mmap_aler produced no bytecode changes; passing original BPF_PROG_LOAD through
[359.433749 pid=6620 tid=6630]   PROG_LOAD -> fd=241 errno=0 kernel_prog_id=468
[359.433992 pid=6620 tid=6630] BPF_PROG_LOAD type=2 (kprobe) name=trace_do_mmap insn_cnt=29 hash=52836ec79d06d763 policy_hash=1520a2f30a88caa7 branch_profile_hash=9b8a27c703cea327 license=GPL expected_attach=0 attach_btf_id=0 prog_btf_fd=163 attach_btf_obj_fd=0 attach_prog_fd=0
[359.452732 pid=6620 tid=6630] loadtime policy prog=trace_do_mmap policy_hash=1520a2f30a88caa7 branch_profile_hash=9b8a27c703cea327 insn_cnt=29
[359.482529 pid=6620 tid=6630] loadtime step prog=trace_do_mmap step=map_inline elapsed_ms=13
[359.482605 pid=6620 tid=6630] loadtime prog=trace_do_mmap produced no bytecode changes; passing original BPF_PROG_LOAD through
[359.482743 pid=6620 tid=6630]   PROG_LOAD -> fd=242 errno=0 kernel_prog_id=471
[359.483050 pid=6620 tid=6630] BPF_PROG_LOAD type=2 (kprobe) name=trace_ret_do_mm insn_cnt=3937 hash=0b4f8ce528fc8d27 policy_hash=6ba205e064b6d6b7 branch_profile_hash=4d7723cc60eac586 license=GPL expected_attach=0 attach_btf_id=0 prog_btf_fd=163 attach_btf_obj_fd=0 attach_prog_fd=0
[359.861217 pid=6620 tid=6630] loadtime policy prog=trace_ret_do_mm policy_hash=6ba205e064b6d6b7 branch_profile_hash=4d7723cc60eac586 insn_cnt=3937
[360.048141 pid=6620 tid=6630] loadtime step prog=trace_ret_do_mm step=map_inline elapsed_ms=129
[360.048233 pid=6620 tid=6630] loadtime prog=trace_ret_do_mm produced no bytecode changes; passing original BPF_PROG_LOAD through
[360.055024 pid=6620 tid=6630]   PROG_LOAD -> fd=243 errno=0 kernel_prog_id=474
[360.055930 pid=6620 tid=6630] BPF_PROG_LOAD type=2 (kprobe) name=trace_security_ insn_cnt=7456 hash=bd6ed5affc5987e8 policy_hash=cc3c4138287293f8 branch_profile_hash=61bfe0890b6db490 license=GPL expected_attach=0 attach_btf_id=0 prog_btf_fd=163 attach_btf_obj_fd=0 attach_prog_fd=0
[360.604788 pid=6620 tid=6630] loadtime policy prog=trace_security_ policy_hash=cc3c4138287293f8 branch_profile_hash=61bfe0890b6db490 insn_cnt=7456
[360.883688 pid=6620 tid=6630] loadtime step prog=trace_security_ step=map_inline elapsed_ms=198
[360.883763 pid=6620 tid=6630] loadtime prog=trace_security_ produced no bytecode changes; passing original BPF_PROG_LOAD through
[360.904423 pid=6620 tid=6630]   PROG_LOAD -> fd=244 errno=0 kernel_prog_id=477
[360.904838 pid=6620 tid=6630] BPF_PROG_LOAD type=2 (kprobe) name=trace_security_ insn_cnt=7346 hash=a71421d3e11cb2fe policy_hash=24ba200790db7383 branch_profile_hash=ffa5817e76764d92 license=GPL expected_attach=0 attach_btf_id=0 prog_btf_fd=163 attach_btf_obj_fd=0 attach_prog_fd=0
[361.415203 pid=6620 tid=6630] loadtime policy prog=trace_security_ policy_hash=24ba200790db7383 branch_profile_hash=ffa5817e76764d92 insn_cnt=7346
[361.645637 pid=6620 tid=6630] loadtime step prog=trace_security_ step=map_inline elapsed_ms=159
[361.645728 pid=6620 tid=6630] loadtime prog=trace_security_ produced no bytecode changes; passing original BPF_PROG_LOAD through
[361.666517 pid=6620 tid=6630]   PROG_LOAD -> fd=245 errno=0 kernel_prog_id=480
[361.666743 pid=6620 tid=6630] BPF_PROG_LOAD type=17 (raw_tracepoint) name=syscall__init_m insn_cnt=101 hash=8aa29c3aff398ae9 policy_hash=ab8d05581f1ca779 branch_profile_hash=42d1c26b2f679f6f license=GPL expected_attach=0 attach_btf_id=0 prog_btf_fd=163 attach_btf_obj_fd=0 attach_prog_fd=0
[361.782396 pid=6620 tid=6630] loadtime policy prog=syscall__init_m policy_hash=ab8d05581f1ca779 branch_profile_hash=42d1c26b2f679f6f insn_cnt=101
[361.842243 pid=6620 tid=6630] loadtime step prog=syscall__init_m step=map_inline elapsed_ms=41
[361.842333 pid=6620 tid=6630] loadtime prog=syscall__init_m produced no bytecode changes; passing original BPF_PROG_LOAD through
[361.842522 pid=6620 tid=6630]   PROG_LOAD -> fd=246 errno=0 kernel_prog_id=483
[361.842700 pid=6620 tid=6630] BPF_PROG_LOAD type=2 (kprobe) name=trace_register_ insn_cnt=29 hash=a7c7b58fc2949a25 policy_hash=349e107b2bb5b711 branch_profile_hash=77ec1584cc288d5a license=GPL expected_attach=0 attach_btf_id=0 prog_btf_fd=163 attach_btf_obj_fd=0 attach_prog_fd=0
[361.863328 pid=6620 tid=6630] loadtime policy prog=trace_register_ policy_hash=349e107b2bb5b711 branch_profile_hash=77ec1584cc288d5a insn_cnt=29
[361.896714 pid=6620 tid=6630] loadtime step prog=trace_register_ step=map_inline elapsed_ms=15
[361.896804 pid=6620 tid=6630] loadtime prog=trace_register_ produced no bytecode changes; passing original BPF_PROG_LOAD through
[361.896964 pid=6620 tid=6630]   PROG_LOAD -> fd=247 errno=0 kernel_prog_id=486
[361.897149 pid=6620 tid=6630] BPF_PROG_LOAD type=2 (kprobe) name=trace_ret_regis insn_cnt=1834 hash=8c4a8b800200ace5 policy_hash=ccba88d1f436d65f branch_profile_hash=5ca5337a9cfa6f5d license=GPL expected_attach=0 attach_btf_id=0 prog_btf_fd=163 attach_btf_obj_fd=0 attach_prog_fd=0
[362.171976 pid=6620 tid=6630] loadtime policy prog=trace_ret_regis policy_hash=ccba88d1f436d65f branch_profile_hash=5ca5337a9cfa6f5d insn_cnt=1834
[362.336332 pid=6620 tid=6630] loadtime step prog=trace_ret_regis step=map_inline elapsed_ms=133
[362.336422 pid=6620 tid=6630] loadtime prog=trace_ret_regis produced no bytecode changes; passing original BPF_PROG_LOAD through
[362.338435 pid=6620 tid=6630]   PROG_LOAD -> fd=248 errno=0 kernel_prog_id=489
[362.338920 pid=6620 tid=6630] BPF_PROG_LOAD type=2 (kprobe) name=trace_security_ insn_cnt=3765 hash=a29e5d6ff62b5337 policy_hash=19d24eab6f68165f branch_profile_hash=2755ccb6fa237957 license=GPL expected_attach=0 attach_btf_id=0 prog_btf_fd=163 attach_btf_obj_fd=0 attach_prog_fd=0
[362.857961 pid=6620 tid=6630] loadtime policy prog=trace_security_ policy_hash=19d24eab6f68165f branch_profile_hash=2755ccb6fa237957 insn_cnt=3765
[363.065125 pid=6620 tid=6630] loadtime step prog=trace_security_ step=map_inline elapsed_ms=165
[363.065216 pid=6620 tid=6630] loadtime prog=trace_security_ produced no bytecode changes; passing original BPF_PROG_LOAD through
[363.070312 pid=6620 tid=6630]   PROG_LOAD -> fd=249 errno=0 kernel_prog_id=492
[363.070828 pid=6620 tid=6630] BPF_PROG_LOAD type=2 (kprobe) name=trace_security_ insn_cnt=3726 hash=e68ad331d32698ed policy_hash=a1a4935eb0ed7512 branch_profile_hash=6778fd1bb8d0761e license=GPL expected_attach=0 attach_btf_id=0 prog_btf_fd=163 attach_btf_obj_fd=0 attach_prog_fd=0
[363.577500 pid=6620 tid=6630] loadtime policy prog=trace_security_ policy_hash=a1a4935eb0ed7512 branch_profile_hash=6778fd1bb8d0761e insn_cnt=3726
[363.760470 pid=6620 tid=6630] loadtime step prog=trace_security_ step=map_inline elapsed_ms=148
[363.760561 pid=6620 tid=6630] loadtime prog=trace_security_ produced no bytecode changes; passing original BPF_PROG_LOAD through
[363.766188 pid=6620 tid=6630]   PROG_LOAD -> fd=250 errno=0 kernel_prog_id=495
[363.766599 pid=6620 tid=6630] BPF_PROG_LOAD type=2 (kprobe) name=trace_security_ insn_cnt=1895 hash=0a25292a542ecedc policy_hash=361ee7cbacfc8004 branch_profile_hash=006b15aeb47c9499 license=GPL expected_attach=0 attach_btf_id=0 prog_btf_fd=163 attach_btf_obj_fd=0 attach_prog_fd=0
[364.361920 pid=6620 tid=6630] loadtime policy prog=trace_security_ policy_hash=361ee7cbacfc8004 branch_profile_hash=006b15aeb47c9499 insn_cnt=1895
[364.552028 pid=6620 tid=6630] loadtime step prog=trace_security_ step=map_inline elapsed_ms=165
[364.552090 pid=6620 tid=6630] loadtime prog=trace_security_ produced no bytecode changes; passing original BPF_PROG_LOAD through
[364.554746 pid=6620 tid=6630]   PROG_LOAD -> fd=251 errno=0 kernel_prog_id=498
[364.554997 pid=6620 tid=6630] BPF_PROG_LOAD type=2 (kprobe) name=trace_device_ad insn_cnt=1798 hash=88e66103b9d390e6 policy_hash=20fe780490bc8ac8 branch_profile_hash=1d361d5a78ac763d license=GPL expected_attach=0 attach_btf_id=0 prog_btf_fd=163 attach_btf_obj_fd=0 attach_prog_fd=0
[364.776510 pid=6620 tid=6630] loadtime policy prog=trace_device_ad policy_hash=20fe780490bc8ac8 branch_profile_hash=1d361d5a78ac763d insn_cnt=1798
[364.914993 pid=6620 tid=6630] loadtime step prog=trace_device_ad step=map_inline elapsed_ms=113
[364.915084 pid=6620 tid=6630] loadtime prog=trace_device_ad produced no bytecode changes; passing original BPF_PROG_LOAD through
[364.916869 pid=6620 tid=6630]   PROG_LOAD -> fd=252 errno=0 kernel_prog_id=501
[364.917377 pid=6620 tid=6630] BPF_PROG_LOAD type=2 (kprobe) name=trace___registe insn_cnt=29 hash=b6907c4e39f91090 policy_hash=d7320d8806e72664 branch_profile_hash=83c3ce5bb39c23a1 license=GPL expected_attach=0 attach_btf_id=0 prog_btf_fd=163 attach_btf_obj_fd=0 attach_prog_fd=0
[364.941652 pid=6620 tid=6630] loadtime policy prog=trace___registe policy_hash=d7320d8806e72664 branch_profile_hash=83c3ce5bb39c23a1 insn_cnt=29
[364.980068 pid=6620 tid=6630] loadtime step prog=trace___registe step=map_inline elapsed_ms=15
[364.980159 pid=6620 tid=6630] loadtime prog=trace___registe produced no bytecode changes; passing original BPF_PROG_LOAD through
[364.980309 pid=6620 tid=6630]   PROG_LOAD -> fd=253 errno=0 kernel_prog_id=504
[364.980505 pid=6620 tid=6630] BPF_PROG_LOAD type=2 (kprobe) name=trace_ret__regi insn_cnt=1828 hash=84c56e1149032f01 policy_hash=5fda4b07dabd8933 branch_profile_hash=4001582415619835 license=GPL expected_attach=0 attach_btf_id=0 prog_btf_fd=163 attach_btf_obj_fd=0 attach_prog_fd=0
[365.222563 pid=6620 tid=6630] loadtime policy prog=trace_ret__regi policy_hash=5fda4b07dabd8933 branch_profile_hash=4001582415619835 insn_cnt=1828
[365.350182 pid=6620 tid=6630] loadtime step prog=trace_ret__regi step=map_inline elapsed_ms=101
[365.350274 pid=6620 tid=6630] loadtime prog=trace_ret__regi produced no bytecode changes; passing original BPF_PROG_LOAD through
[365.352841 pid=6620 tid=6630]   PROG_LOAD -> fd=254 errno=0 kernel_prog_id=507
[365.353264 pid=6620 tid=6630] BPF_PROG_LOAD type=2 (kprobe) name=trace_do_splice insn_cnt=29 hash=d648e863b4040dcf policy_hash=c0a3fb03a155cdcb branch_profile_hash=73e1d3c455fa50da license=GPL expected_attach=0 attach_btf_id=0 prog_btf_fd=163 attach_btf_obj_fd=0 attach_prog_fd=0
[365.375049 pid=6620 tid=6630] loadtime policy prog=trace_do_splice policy_hash=c0a3fb03a155cdcb branch_profile_hash=73e1d3c455fa50da insn_cnt=29
[365.411708 pid=6620 tid=6630] loadtime step prog=trace_do_splice step=map_inline elapsed_ms=18
[365.411800 pid=6620 tid=6630] loadtime prog=trace_do_splice produced no bytecode changes; passing original BPF_PROG_LOAD through
[365.412156 pid=6620 tid=6630]   PROG_LOAD -> fd=255 errno=0 kernel_prog_id=510
[365.412626 pid=6620 tid=6630] BPF_PROG_LOAD type=2 (kprobe) name=trace_ret_do_sp insn_cnt=4024 hash=d7d5b96681aeab49 policy_hash=731abb38d4af3da4 branch_profile_hash=05e5948dd7e41086 license=GPL expected_attach=0 attach_btf_id=0 prog_btf_fd=163 attach_btf_obj_fd=0 attach_prog_fd=0
[365.926744 pid=6620 tid=6630] loadtime policy prog=trace_ret_do_sp policy_hash=731abb38d4af3da4 branch_profile_hash=05e5948dd7e41086 insn_cnt=4024
[366.111791 pid=6620 tid=6630] loadtime step prog=trace_ret_do_sp step=map_inline elapsed_ms=144
[366.111885 pid=6620 tid=6630] loadtime prog=trace_ret_do_sp produced no bytecode changes; passing original BPF_PROG_LOAD through
[366.117117 pid=6620 tid=6630]   PROG_LOAD -> fd=256 errno=0 kernel_prog_id=513
[366.117546 pid=6620 tid=6630] BPF_PROG_LOAD type=17 (raw_tracepoint) name=tracepoint__mod insn_cnt=4047 hash=ff4aa80749895958 policy_hash=5ab5f5a6dc2baa1d branch_profile_hash=b6d69064c075c7e8 license=GPL expected_attach=0 attach_btf_id=0 prog_btf_fd=163 attach_btf_obj_fd=0 attach_prog_fd=0
[366.657690 pid=6620 tid=6630] loadtime policy prog=tracepoint__mod policy_hash=5ab5f5a6dc2baa1d branch_profile_hash=b6d69064c075c7e8 insn_cnt=4047
[366.829657 pid=6620 tid=6630] loadtime step prog=tracepoint__mod step=map_inline elapsed_ms=131
[366.829748 pid=6620 tid=6630] loadtime prog=tracepoint__mod produced no bytecode changes; passing original BPF_PROG_LOAD through
[366.835538 pid=6620 tid=6630]   PROG_LOAD -> fd=257 errno=0 kernel_prog_id=516
[366.836197 pid=6620 tid=6630] BPF_PROG_LOAD type=17 (raw_tracepoint) name=tracepoint__mod insn_cnt=1885 hash=96e815c659a5754d policy_hash=8a8d0de2a144a9b5 branch_profile_hash=7fa0d30acc9c5ce1 license=GPL expected_attach=0 attach_btf_id=0 prog_btf_fd=163 attach_btf_obj_fd=0 attach_prog_fd=0
[367.043321 pid=6620 tid=6630] loadtime policy prog=tracepoint__mod policy_hash=8a8d0de2a144a9b5 branch_profile_hash=7fa0d30acc9c5ce1 insn_cnt=1885
[367.182687 pid=6620 tid=6630] loadtime step prog=tracepoint__mod step=map_inline elapsed_ms=114
[367.182782 pid=6620 tid=6630] loadtime prog=tracepoint__mod produced no bytecode changes; passing original BPF_PROG_LOAD through
[367.184879 pid=6620 tid=6630]   PROG_LOAD -> fd=258 errno=0 kernel_prog_id=519
[367.185173 pid=6620 tid=6630] BPF_PROG_LOAD type=2 (kprobe) name=trace_do_init_m insn_cnt=29 hash=332c1353ebb373a2 policy_hash=13cacb437fa85df6 branch_profile_hash=7caf60c5c4a961fc license=GPL expected_attach=0 attach_btf_id=0 prog_btf_fd=163 attach_btf_obj_fd=0 attach_prog_fd=0
[367.207529 pid=6620 tid=6630] loadtime policy prog=trace_do_init_m policy_hash=13cacb437fa85df6 branch_profile_hash=7caf60c5c4a961fc insn_cnt=29
[367.242138 pid=6620 tid=6630] loadtime step prog=trace_do_init_m step=map_inline elapsed_ms=16
[367.242228 pid=6620 tid=6630] loadtime prog=trace_do_init_m produced no bytecode changes; passing original BPF_PROG_LOAD through
[367.242390 pid=6620 tid=6630]   PROG_LOAD -> fd=259 errno=0 kernel_prog_id=522
[367.242622 pid=6620 tid=6630] BPF_PROG_LOAD type=2 (kprobe) name=trace_ret_do_in insn_cnt=3021 hash=d28b245d2e8eb045 policy_hash=07e277fc0ea324ff branch_profile_hash=361c9e5c0bdd043e license=GPL expected_attach=0 attach_btf_id=0 prog_btf_fd=163 attach_btf_obj_fd=0 attach_prog_fd=0
[367.532108 pid=6620 tid=6630] loadtime policy prog=trace_ret_do_in policy_hash=07e277fc0ea324ff branch_profile_hash=361c9e5c0bdd043e insn_cnt=3021
[367.692975 pid=6620 tid=6630] loadtime step prog=trace_ret_do_in step=map_inline elapsed_ms=120
[367.693050 pid=6620 tid=6630] loadtime prog=trace_ret_do_in produced no bytecode changes; passing original BPF_PROG_LOAD through
[367.698237 pid=6620 tid=6630]   PROG_LOAD -> fd=260 errno=0 kernel_prog_id=525
[367.698615 pid=6620 tid=6630] BPF_PROG_LOAD type=2 (kprobe) name=trace_load_elf_ insn_cnt=3749 hash=1a7ca0962816d583 policy_hash=7985a0411604da2b branch_profile_hash=c43ce0d9c1039365 license=GPL expected_attach=0 attach_btf_id=0 prog_btf_fd=163 attach_btf_obj_fd=0 attach_prog_fd=0
[368.177248 pid=6620 tid=6630] loadtime policy prog=trace_load_elf_ policy_hash=7985a0411604da2b branch_profile_hash=c43ce0d9c1039365 insn_cnt=3749
[368.331120 pid=6620 tid=6630] loadtime step prog=trace_load_elf_ step=map_inline elapsed_ms=106
[368.331211 pid=6620 tid=6630] loadtime prog=trace_load_elf_ produced no bytecode changes; passing original BPF_PROG_LOAD through
[368.338194 pid=6620 tid=6630]   PROG_LOAD -> fd=261 errno=0 kernel_prog_id=528
[368.338716 pid=6620 tid=6630] BPF_PROG_LOAD type=2 (kprobe) name=trace_security_ insn_cnt=1830 hash=9d61a1374aadd814 policy_hash=e4f9abc4286103aa branch_profile_hash=47f48e50029d4324 license=GPL expected_attach=0 attach_btf_id=0 prog_btf_fd=163 attach_btf_obj_fd=0 attach_prog_fd=0
[368.574536 pid=6620 tid=6630] loadtime policy prog=trace_security_ policy_hash=e4f9abc4286103aa branch_profile_hash=47f48e50029d4324 insn_cnt=1830
[368.754970 pid=6620 tid=6630] loadtime step prog=trace_security_ step=map_inline elapsed_ms=150
[368.755061 pid=6620 tid=6630] loadtime prog=trace_security_ produced no bytecode changes; passing original BPF_PROG_LOAD through
[368.757976 pid=6620 tid=6630]   PROG_LOAD -> fd=262 errno=0 kernel_prog_id=531
[368.758738 pid=6620 tid=6630] BPF_PROG_LOAD type=17 (raw_tracepoint) name=tracepoint__tas insn_cnt=1760 hash=886bf7a9e00638b7 policy_hash=6cab014ec4dd5f85 branch_profile_hash=e504708816b5f817 license=GPL expected_attach=0 attach_btf_id=0 prog_btf_fd=163 attach_btf_obj_fd=0 attach_prog_fd=0
[368.979440 pid=6620 tid=6630] loadtime policy prog=tracepoint__tas policy_hash=6cab014ec4dd5f85 branch_profile_hash=e504708816b5f817 insn_cnt=1760
[369.102131 pid=6620 tid=6630] loadtime step prog=tracepoint__tas step=map_inline elapsed_ms=97
[369.102221 pid=6620 tid=6630] loadtime prog=tracepoint__tas produced no bytecode changes; passing original BPF_PROG_LOAD through
[369.104896 pid=6620 tid=6630]   PROG_LOAD -> fd=263 errno=0 kernel_prog_id=534
[369.105307 pid=6620 tid=6630] BPF_PROG_LOAD type=2 (kprobe) name=trace_security_ insn_cnt=2028 hash=7fdb065ea817a6dd policy_hash=976e2e01ae4eb387 branch_profile_hash=78ed7d3c94b9853f license=GPL expected_attach=0 attach_btf_id=0 prog_btf_fd=163 attach_btf_obj_fd=0 attach_prog_fd=0
[369.619074 pid=6620 tid=6630] loadtime policy prog=trace_security_ policy_hash=976e2e01ae4eb387 branch_profile_hash=78ed7d3c94b9853f insn_cnt=2028
[369.899153 pid=6620 tid=6630] loadtime step prog=trace_security_ step=map_inline elapsed_ms=251
[369.899329 pid=6620 tid=6630] loadtime prog=trace_security_ produced no bytecode changes; passing original BPF_PROG_LOAD through
[369.902750 pid=6620 tid=6630]   PROG_LOAD -> fd=264 errno=0 kernel_prog_id=537
[369.903013 pid=6620 tid=6630] BPF_PROG_LOAD type=2 (kprobe) name=trace_kallsyms_ insn_cnt=29 hash=898e5afff8a413c0 policy_hash=c4f6ce800d165b94 branch_profile_hash=4365942073bc65df license=GPL expected_attach=0 attach_btf_id=0 prog_btf_fd=163 attach_btf_obj_fd=0 attach_prog_fd=0
[369.922787 pid=6620 tid=6630] loadtime policy prog=trace_kallsyms_ policy_hash=c4f6ce800d165b94 branch_profile_hash=4365942073bc65df insn_cnt=29
[369.957270 pid=6620 tid=6630] loadtime step prog=trace_kallsyms_ step=map_inline elapsed_ms=16
[369.957360 pid=6620 tid=6630] loadtime prog=trace_kallsyms_ produced no bytecode changes; passing original BPF_PROG_LOAD through
[369.957490 pid=6620 tid=6630]   PROG_LOAD -> fd=265 errno=0 kernel_prog_id=540
[369.957668 pid=6620 tid=6630] BPF_PROG_LOAD type=2 (kprobe) name=trace_ret_kalls insn_cnt=1756 hash=8744e487a6091842 policy_hash=2b61d38b27a22878 branch_profile_hash=5249755503164e1e license=GPL expected_attach=0 attach_btf_id=0 prog_btf_fd=163 attach_btf_obj_fd=0 attach_prog_fd=0
[370.164471 pid=6620 tid=6630] loadtime policy prog=trace_ret_kalls policy_hash=2b61d38b27a22878 branch_profile_hash=5249755503164e1e insn_cnt=1756
[370.290974 pid=6620 tid=6630] loadtime step prog=trace_ret_kalls step=map_inline elapsed_ms=101
[370.291066 pid=6620 tid=6630] loadtime prog=trace_ret_kalls produced no bytecode changes; passing original BPF_PROG_LOAD through
[370.293349 pid=6620 tid=6630]   PROG_LOAD -> fd=266 errno=0 kernel_prog_id=543
[370.293737 pid=6620 tid=6630] BPF_PROG_LOAD type=2 (kprobe) name=trace_do_sigact insn_cnt=2049 hash=1d7324f737aeb73e policy_hash=242825036e0328e0 branch_profile_hash=ee14faa51863ae1a license=GPL expected_attach=0 attach_btf_id=0 prog_btf_fd=163 attach_btf_obj_fd=0 attach_prog_fd=0
[370.526238 pid=6620 tid=6630] loadtime policy prog=trace_do_sigact policy_hash=242825036e0328e0 branch_profile_hash=ee14faa51863ae1a insn_cnt=2049
[370.671886 pid=6620 tid=6630] loadtime step prog=trace_do_sigact step=map_inline elapsed_ms=109
[370.671951 pid=6620 tid=6630] loadtime prog=trace_do_sigact produced no bytecode changes; passing original BPF_PROG_LOAD through
[370.674670 pid=6620 tid=6630]   PROG_LOAD -> fd=267 errno=0 kernel_prog_id=546
[370.675551 pid=6620 tid=6630] BPF_PROG_LOAD type=2 (kprobe) name=trace_vfs_utime insn_cnt=3744 hash=c27d8f7c6da1f160 policy_hash=4dd243ff691cd00c branch_profile_hash=f14ad601a7fe041d license=GPL expected_attach=0 attach_btf_id=0 prog_btf_fd=163 attach_btf_obj_fd=0 attach_prog_fd=0
[371.132769 pid=6620 tid=6630] loadtime policy prog=trace_vfs_utime policy_hash=4dd243ff691cd00c branch_profile_hash=f14ad601a7fe041d insn_cnt=3744
[371.320862 pid=6620 tid=6630] loadtime step prog=trace_vfs_utime step=map_inline elapsed_ms=144
[371.320953 pid=6620 tid=6630] loadtime prog=trace_vfs_utime produced no bytecode changes; passing original BPF_PROG_LOAD through
[371.327495 pid=6620 tid=6630]   PROG_LOAD -> fd=268 errno=0 kernel_prog_id=549
[371.327954 pid=6620 tid=6630] BPF_PROG_LOAD type=2 (kprobe) name=trace_utimes_co insn_cnt=3744 hash=c27d8f7c6da1f160 policy_hash=4dd243ff691cd00c branch_profile_hash=651c032264e8829f license=GPL expected_attach=0 attach_btf_id=0 prog_btf_fd=163 attach_btf_obj_fd=0 attach_prog_fd=0
[371.948846 pid=6620 tid=6630] loadtime policy prog=trace_utimes_co policy_hash=4dd243ff691cd00c branch_profile_hash=651c032264e8829f insn_cnt=3744
[372.109688 pid=6620 tid=6630] loadtime step prog=trace_utimes_co step=map_inline elapsed_ms=120
[372.109762 pid=6620 tid=6630] loadtime prog=trace_utimes_co produced no bytecode changes; passing original BPF_PROG_LOAD through
[372.116401 pid=6620 tid=6630]   PROG_LOAD -> fd=269 errno=0 kernel_prog_id=552
[372.116833 pid=6620 tid=6630] BPF_PROG_LOAD type=2 (kprobe) name=trace_do_trunca insn_cnt=1970 hash=3c69f3821452c5ca policy_hash=40638a9c5990254a branch_profile_hash=38559f705005c26d license=GPL expected_attach=0 attach_btf_id=0 prog_btf_fd=163 attach_btf_obj_fd=0 attach_prog_fd=0
[372.632502 pid=6620 tid=6630] loadtime policy prog=trace_do_trunca policy_hash=40638a9c5990254a branch_profile_hash=38559f705005c26d insn_cnt=1970
[372.880280 pid=6620 tid=6630] loadtime step prog=trace_do_trunca step=map_inline elapsed_ms=190
[372.880354 pid=6620 tid=6630] loadtime prog=trace_do_trunca produced no bytecode changes; passing original BPF_PROG_LOAD through
[372.883513 pid=6620 tid=6630]   PROG_LOAD -> fd=270 errno=0 kernel_prog_id=555
[372.884023 pid=6620 tid=6630] BPF_PROG_LOAD type=2 (kprobe) name=trace_inotify_f insn_cnt=29 hash=7108405d5be62a26 policy_hash=4b706947fdcac612 branch_profile_hash=7b22b49ec4dac951 license=GPL expected_attach=0 attach_btf_id=0 prog_btf_fd=163 attach_btf_obj_fd=0 attach_prog_fd=0
[372.918628 pid=6620 tid=6630] loadtime policy prog=trace_inotify_f policy_hash=4b706947fdcac612 branch_profile_hash=7b22b49ec4dac951 insn_cnt=29
[372.970192 pid=6620 tid=6630] loadtime step prog=trace_inotify_f step=map_inline elapsed_ms=27
[372.970268 pid=6620 tid=6630] loadtime prog=trace_inotify_f produced no bytecode changes; passing original BPF_PROG_LOAD through
[372.970402 pid=6620 tid=6630]   PROG_LOAD -> fd=271 errno=0 kernel_prog_id=558
[372.970686 pid=6620 tid=6630] BPF_PROG_LOAD type=2 (kprobe) name=trace_ret_inoti insn_cnt=3674 hash=07a222bd015bae80 policy_hash=c29b0a1fd6211368 branch_profile_hash=b19cfc05753eb31e license=GPL expected_attach=0 attach_btf_id=0 prog_btf_fd=163 attach_btf_obj_fd=0 attach_prog_fd=0
[373.457537 pid=6620 tid=6630] loadtime policy prog=trace_ret_inoti policy_hash=c29b0a1fd6211368 branch_profile_hash=b19cfc05753eb31e insn_cnt=3674
[373.671260 pid=6620 tid=6630] loadtime step prog=trace_ret_inoti step=map_inline elapsed_ms=167
[373.671354 pid=6620 tid=6630] loadtime prog=trace_ret_inoti produced no bytecode changes; passing original BPF_PROG_LOAD through
[373.677553 pid=6620 tid=6630]   PROG_LOAD -> fd=272 errno=0 kernel_prog_id=561
[373.678221 pid=6620 tid=6630] BPF_PROG_LOAD type=2 (kprobe) name=process_execute insn_cnt=2441 hash=d5d56856db84111d policy_hash=0e0ecc9ac9cd0183 branch_profile_hash=daabffaedc4d592c license=GPL expected_attach=0 attach_btf_id=0 prog_btf_fd=163 attach_btf_obj_fd=0 attach_prog_fd=0
[374.090522 pid=6620 tid=6630] loadtime policy prog=process_execute policy_hash=0e0ecc9ac9cd0183 branch_profile_hash=daabffaedc4d592c insn_cnt=2441
[374.184264 pid=6620 tid=6630] loadtime step prog=process_execute step=map_inline elapsed_ms=66
[374.184339 pid=6620 tid=6630] loadtime prog=process_execute produced no bytecode changes; passing original BPF_PROG_LOAD through
[374.187636 pid=6620 tid=6630]   PROG_LOAD -> fd=273 errno=0 kernel_prog_id=564
[374.188132 pid=6620 tid=6630] BPF_PROG_LOAD type=2 (kprobe) name=trace_exec_binp insn_cnt=3523 hash=94dff62003dfc877 policy_hash=1fd66c0922a67d70 branch_profile_hash=ba21d08a4bdbfb92 license=GPL expected_attach=0 attach_btf_id=0 prog_btf_fd=163 attach_btf_obj_fd=0 attach_prog_fd=0
[374.628113 pid=6620 tid=6630] loadtime policy prog=trace_exec_binp policy_hash=1fd66c0922a67d70 branch_profile_hash=ba21d08a4bdbfb92 insn_cnt=3523
[374.788137 pid=6620 tid=6630] loadtime step prog=trace_exec_binp step=map_inline elapsed_ms=118
[374.788228 pid=6620 tid=6630] loadtime prog=trace_exec_binp produced no bytecode changes; passing original BPF_PROG_LOAD through
[374.794142 pid=6620 tid=6630]   PROG_LOAD -> fd=274 errno=0 kernel_prog_id=567
[374.794671 pid=6620 tid=6630] BPF_PROG_LOAD type=2 (kprobe) name=trace_security_ insn_cnt=3554 hash=db0bf1b80a7271a5 policy_hash=bc2301faade704fa branch_profile_hash=ba87af4a637551d5 license=GPL expected_attach=0 attach_btf_id=0 prog_btf_fd=163 attach_btf_obj_fd=0 attach_prog_fd=0
[375.279728 pid=6620 tid=6630] loadtime policy prog=trace_security_ policy_hash=bc2301faade704fa branch_profile_hash=ba87af4a637551d5 insn_cnt=3554
[375.452477 pid=6620 tid=6630] loadtime step prog=trace_security_ step=map_inline elapsed_ms=136
[375.452569 pid=6620 tid=6630] loadtime prog=trace_security_ produced no bytecode changes; passing original BPF_PROG_LOAD through
[375.457604 pid=6620 tid=6630]   PROG_LOAD -> fd=275 errno=0 kernel_prog_id=570
[375.458077 pid=6620 tid=6630] BPF_PROG_LOAD type=2 (kprobe) name=trace_execute_f insn_cnt=5077 hash=f59d05326e34d18e policy_hash=69f00f1ed8704f74 branch_profile_hash=3dee05a4fa204b19 license=GPL expected_attach=0 attach_btf_id=0 prog_btf_fd=163 attach_btf_obj_fd=0 attach_prog_fd=0
[375.703467 pid=6620 tid=6630] loadtime policy prog=trace_execute_f policy_hash=69f00f1ed8704f74 branch_profile_hash=3dee05a4fa204b19 insn_cnt=5077
[375.881423 pid=6620 tid=6630] loadtime step prog=trace_execute_f step=map_inline elapsed_ms=124
[375.881534 pid=6620 tid=6630] loadtime prog=trace_execute_f produced no bytecode changes; passing original BPF_PROG_LOAD through
[375.890345 pid=6620 tid=6630]   PROG_LOAD -> fd=276 errno=0 kernel_prog_id=573
[375.890988 pid=6620 tid=6630] BPF_PROG_LOAD type=2 (kprobe) name=trace_security_ insn_cnt=3746 hash=f9f4f71024a1a026 policy_hash=52ee2998b8e3cd1a branch_profile_hash=792505e7ed3bc22b license=GPL expected_attach=0 attach_btf_id=0 prog_btf_fd=163 attach_btf_obj_fd=0 attach_prog_fd=0
[376.378390 pid=6620 tid=6630] loadtime policy prog=trace_security_ policy_hash=52ee2998b8e3cd1a branch_profile_hash=792505e7ed3bc22b insn_cnt=3746
[376.578279 pid=6620 tid=6630] loadtime step prog=trace_security_ step=map_inline elapsed_ms=141
[376.578370 pid=6620 tid=6630] loadtime prog=trace_security_ produced no bytecode changes; passing original BPF_PROG_LOAD through
[376.585141 pid=6620 tid=6630]   PROG_LOAD -> fd=277 errno=0 kernel_prog_id=576
[376.585752 pid=6620 tid=6630] BPF_PROG_LOAD type=2 (kprobe) name=trace_set_fs_pw insn_cnt=3821 hash=efb0c5ca5b8d50cb policy_hash=74fa56fadc12e27f branch_profile_hash=9e93515f1715f130 license=GPL expected_attach=0 attach_btf_id=0 prog_btf_fd=163 attach_btf_obj_fd=0 attach_prog_fd=0
[377.060560 pid=6620 tid=6630] loadtime policy prog=trace_set_fs_pw policy_hash=74fa56fadc12e27f branch_profile_hash=9e93515f1715f130 insn_cnt=3821
[377.221518 pid=6620 tid=6630] loadtime step prog=trace_set_fs_pw step=map_inline elapsed_ms=122
[377.221610 pid=6620 tid=6630] loadtime prog=trace_set_fs_pw produced no bytecode changes; passing original BPF_PROG_LOAD through
[377.227235 pid=6620 tid=6630]   PROG_LOAD -> fd=278 errno=0 kernel_prog_id=579
[377.228067 pid=6620 tid=6630] BPF_PROG_LOAD type=2 (kprobe) name=trace_security_ insn_cnt=1817 hash=b96ce248d19d2e88 policy_hash=522b432ddeb1ba72 branch_profile_hash=b9cc576ac50f3433 license=GPL expected_attach=0 attach_btf_id=0 prog_btf_fd=163 attach_btf_obj_fd=0 attach_prog_fd=0
[377.465529 pid=6620 tid=6630] loadtime policy prog=trace_security_ policy_hash=522b432ddeb1ba72 branch_profile_hash=b9cc576ac50f3433 insn_cnt=1817
[377.608198 pid=6620 tid=6630] loadtime step prog=trace_security_ step=map_inline elapsed_ms=115
[377.608289 pid=6620 tid=6630] loadtime prog=trace_security_ produced no bytecode changes; passing original BPF_PROG_LOAD through
[377.610175 pid=6620 tid=6630]   PROG_LOAD -> fd=279 errno=0 kernel_prog_id=582
[377.610646 pid=6620 tid=6630] BPF_PROG_LOAD type=2 (kprobe) name=trace_security_ insn_cnt=1804 hash=800c5798a1434765 policy_hash=22d71277fcd327fb branch_profile_hash=a6b978ed9bf2c84a license=GPL expected_attach=0 attach_btf_id=0 prog_btf_fd=163 attach_btf_obj_fd=0 attach_prog_fd=0
[377.866394 pid=6620 tid=6630] loadtime policy prog=trace_security_ policy_hash=22d71277fcd327fb branch_profile_hash=a6b978ed9bf2c84a insn_cnt=1804
[378.006639 pid=6620 tid=6630] loadtime step prog=trace_security_ step=map_inline elapsed_ms=114
[378.006716 pid=6620 tid=6630] loadtime prog=trace_security_ produced no bytecode changes; passing original BPF_PROG_LOAD through
[378.008526 pid=6620 tid=6630]   PROG_LOAD -> fd=280 errno=0 kernel_prog_id=585
[378.008997 pid=6620 tid=6630] BPF_PROG_LOAD type=2 (kprobe) name=trace_chmod_com insn_cnt=3572 hash=4ad69037b661859e policy_hash=b6d12adb62242baa branch_profile_hash=d1c6c057676aa9f9 license=GPL expected_attach=0 attach_btf_id=0 prog_btf_fd=163 attach_btf_obj_fd=0 attach_prog_fd=0
[378.489587 pid=6620 tid=6630] loadtime policy prog=trace_chmod_com policy_hash=b6d12adb62242baa branch_profile_hash=d1c6c057676aa9f9 insn_cnt=3572
[378.656428 pid=6620 tid=6630] loadtime step prog=trace_chmod_com step=map_inline elapsed_ms=125
[378.656492 pid=6620 tid=6630] loadtime prog=trace_chmod_com produced no bytecode changes; passing original BPF_PROG_LOAD through
[378.662411 pid=6620 tid=6630]   PROG_LOAD -> fd=281 errno=0 kernel_prog_id=588
[378.663284 pid=6620 tid=6630] BPF_PROG_LOAD type=2 (kprobe) name=trace_security_ insn_cnt=9464 hash=d5c0b3428b92bd01 policy_hash=39c1dabee47bd011 branch_profile_hash=30f97782d39102dd license=GPL expected_attach=0 attach_btf_id=0 prog_btf_fd=163 attach_btf_obj_fd=0 attach_prog_fd=0
[379.243012 pid=6620 tid=6630] loadtime policy prog=trace_security_ policy_hash=39c1dabee47bd011 branch_profile_hash=30f97782d39102dd insn_cnt=9464
[379.545273 pid=6620 tid=6630] loadtime step prog=trace_security_ step=map_inline elapsed_ms=181
[379.545337 pid=6620 tid=6630] loadtime prog=trace_security_ produced no bytecode changes; passing original BPF_PROG_LOAD through
[379.580547 pid=6620 tid=6630]   PROG_LOAD -> fd=282 errno=0 kernel_prog_id=591
[379.581299 pid=6620 tid=6630] BPF_PROG_LOAD type=2 (kprobe) name=syscall_checker insn_cnt=4728 hash=1a46d8050407e7ab policy_hash=e5a671ea1ef21f81 branch_profile_hash=7847712e17036408 license=GPL expected_attach=0 attach_btf_id=0 prog_btf_fd=163 attach_btf_obj_fd=0 attach_prog_fd=0
[379.852717 pid=6620 tid=6630] loadtime policy prog=syscall_checker policy_hash=e5a671ea1ef21f81 branch_profile_hash=7847712e17036408 insn_cnt=4728
[380.059066 pid=6620 tid=6630] loadtime step prog=syscall_checker step=map_inline elapsed_ms=157
[380.059158 pid=6620 tid=6630] loadtime prog=syscall_checker produced no bytecode changes; passing original BPF_PROG_LOAD through
[380.067177 pid=6620 tid=6630]   PROG_LOAD -> fd=283 errno=0 kernel_prog_id=594
[380.067597 pid=6620 tid=6630] BPF_PROG_LOAD type=2 (kprobe) name=trace_security_ insn_cnt=1970 hash=65ae88f0e4ef8bb3 policy_hash=4bf639413b337227 branch_profile_hash=e1c5079e4f1f146a license=GPL expected_attach=0 attach_btf_id=0 prog_btf_fd=163 attach_btf_obj_fd=0 attach_prog_fd=0
[380.506644 pid=6620 tid=6630] loadtime policy prog=trace_security_ policy_hash=4bf639413b337227 branch_profile_hash=e1c5079e4f1f146a insn_cnt=1970
[380.644208 pid=6620 tid=6630] loadtime step prog=trace_security_ step=map_inline elapsed_ms=98
[380.644271 pid=6620 tid=6630] loadtime prog=trace_security_ produced no bytecode changes; passing original BPF_PROG_LOAD through
[380.647341 pid=6620 tid=6630]   PROG_LOAD -> fd=284 errno=0 kernel_prog_id=597
[380.647896 pid=6620 tid=6630] BPF_PROG_LOAD type=2 (kprobe) name=trace_sock_allo insn_cnt=76 hash=7a626465770e2e41 policy_hash=11ecf04b5f4c7359 branch_profile_hash=c7e0f80fb03d9daa license=GPL expected_attach=0 attach_btf_id=0 prog_btf_fd=163 attach_btf_obj_fd=0 attach_prog_fd=0
[380.689559 pid=6620 tid=6630] loadtime policy prog=trace_sock_allo policy_hash=11ecf04b5f4c7359 branch_profile_hash=c7e0f80fb03d9daa insn_cnt=76
[380.720148 pid=6620 tid=6630] loadtime step prog=trace_sock_allo step=map_inline elapsed_ms=13
[380.720211 pid=6620 tid=6630] loadtime prog=trace_sock_allo produced no bytecode changes; passing original BPF_PROG_LOAD through
[380.720380 pid=6620 tid=6630]   PROG_LOAD -> fd=285 errno=0 kernel_prog_id=600
[380.720601 pid=6620 tid=6630] BPF_PROG_LOAD type=2 (kprobe) name=trace_ret_sock_ insn_cnt=1686 hash=d3b6c154373027e2 policy_hash=517fcd3e27b50404 branch_profile_hash=e8521e528306d9a1 license=GPL expected_attach=0 attach_btf_id=0 prog_btf_fd=163 attach_btf_obj_fd=0 attach_prog_fd=0
[380.910325 pid=6620 tid=6630] loadtime policy prog=trace_ret_sock_ policy_hash=517fcd3e27b50404 branch_profile_hash=e8521e528306d9a1 insn_cnt=1686
[381.056730 pid=6620 tid=6630] loadtime step prog=trace_ret_sock_ step=map_inline elapsed_ms=122
[381.056821 pid=6620 tid=6630] loadtime prog=trace_ret_sock_ produced no bytecode changes; passing original BPF_PROG_LOAD through
[381.058844 pid=6620 tid=6630]   PROG_LOAD -> fd=286 errno=0 kernel_prog_id=603
[381.059126 pid=6620 tid=6630] BPF_PROG_LOAD type=2 (kprobe) name=trace_security_ insn_cnt=69 hash=9eb89d4dcf659f21 policy_hash=1ea3205af042b8a8 branch_profile_hash=f7c0933b76d3cbbf license=GPL expected_attach=0 attach_btf_id=0 prog_btf_fd=163 attach_btf_obj_fd=0 attach_prog_fd=0
[381.089322 pid=6620 tid=6630] loadtime policy prog=trace_security_ policy_hash=1ea3205af042b8a8 branch_profile_hash=f7c0933b76d3cbbf insn_cnt=69
[381.144908 pid=6620 tid=6630] loadtime step prog=trace_security_ step=map_inline elapsed_ms=37
[381.145003 pid=6620 tid=6630] loadtime prog=trace_security_ produced no bytecode changes; passing original BPF_PROG_LOAD through
[381.145198 pid=6620 tid=6630]   PROG_LOAD -> fd=287 errno=0 kernel_prog_id=606
[381.145408 pid=6620 tid=6630] BPF_PROG_LOAD type=2 (kprobe) name=trace_security_ insn_cnt=1731 hash=691782b70cae77ad policy_hash=32d974ea8ebcf3fb branch_profile_hash=91342d2ff6aff70d license=GPL expected_attach=0 attach_btf_id=0 prog_btf_fd=163 attach_btf_obj_fd=0 attach_prog_fd=0
[381.344719 pid=6620 tid=6630] loadtime policy prog=trace_security_ policy_hash=32d974ea8ebcf3fb branch_profile_hash=91342d2ff6aff70d insn_cnt=1731
[381.481370 pid=6620 tid=6630] loadtime step prog=trace_security_ step=map_inline elapsed_ms=110
[381.481462 pid=6620 tid=6630] loadtime prog=trace_security_ produced no bytecode changes; passing original BPF_PROG_LOAD through
[381.483928 pid=6620 tid=6630]   PROG_LOAD -> fd=288 errno=0 kernel_prog_id=609
[381.484197 pid=6620 tid=6630] BPF_PROG_LOAD type=2 (kprobe) name=trace_security_ insn_cnt=1731 hash=691782b70cae77ad policy_hash=32d974ea8ebcf3fb branch_profile_hash=91342d2ff6aff70d license=GPL expected_attach=0 attach_btf_id=0 prog_btf_fd=163 attach_btf_obj_fd=0 attach_prog_fd=0
[381.690646 pid=6620 tid=6630] loadtime policy prog=trace_security_ policy_hash=32d974ea8ebcf3fb branch_profile_hash=91342d2ff6aff70d insn_cnt=1731
[381.841896 pid=6620 tid=6630] loadtime step prog=trace_security_ step=map_inline elapsed_ms=114
[381.841986 pid=6620 tid=6630] loadtime prog=trace_security_ produced no bytecode changes; passing original BPF_PROG_LOAD through
[381.844423 pid=6620 tid=6630]   PROG_LOAD -> fd=289 errno=0 kernel_prog_id=612
[381.844674 pid=6620 tid=6630] BPF_PROG_LOAD type=2 (kprobe) name=cgroup_bpf_run_ insn_cnt=1105 hash=72d9703cdec45120 policy_hash=e531c97cd9efcfd7 branch_profile_hash=42adb65334dcbcb7 license=GPL expected_attach=0 attach_btf_id=0 prog_btf_fd=163 attach_btf_obj_fd=0 attach_prog_fd=0
[382.042009 pid=6620 tid=6630] loadtime policy prog=cgroup_bpf_run_ policy_hash=e531c97cd9efcfd7 branch_profile_hash=42adb65334dcbcb7 insn_cnt=1105
[382.148930 pid=6620 tid=6630] loadtime step prog=cgroup_bpf_run_ step=map_inline elapsed_ms=86
[382.149021 pid=6620 tid=6630] loadtime prog=cgroup_bpf_run_ produced no bytecode changes; passing original BPF_PROG_LOAD through
[382.150933 pid=6620 tid=6630]   PROG_LOAD -> fd=290 errno=0 kernel_prog_id=615
[382.151258 pid=6620 tid=6630] BPF_PROG_LOAD type=9 (cgroup_sock) name= insn_cnt=2 hash=58255400910d7827 policy_hash=58255400910d7827 branch_profile_hash=de07ed38c37628d2 license=GPL expected_attach=2 attach_btf_id=0 prog_btf_fd=0 attach_btf_obj_fd=0 attach_prog_fd=0
[382.166452 pid=6620 tid=6630] loadtime policy prog= policy_hash=58255400910d7827 branch_profile_hash=de07ed38c37628d2 insn_cnt=2
[382.195006 pid=6620 tid=6630] loadtime step prog= step=map_inline elapsed_ms=13
[382.195097 pid=6620 tid=6630] loadtime prog= produced no bytecode changes; passing original BPF_PROG_LOAD through
[382.195179 pid=6620 tid=6630]   PROG_LOAD -> fd=291 errno=0 kernel_prog_id=618
[382.195380 pid=6620 tid=6630] BPF_PROG_LOAD type=8 (cgroup_skb) name=cgroup_skb_ingr insn_cnt=3602 hash=a26e52ffac0698e3 policy_hash=83ddf60fc9d065a9 branch_profile_hash=57f4c8002a345292 license=GPL expected_attach=0 attach_btf_id=0 prog_btf_fd=163 attach_btf_obj_fd=0 attach_prog_fd=0
[382.249092 pid=6620 tid=6630] loadtime policy prog=cgroup_skb_ingr policy_hash=83ddf60fc9d065a9 branch_profile_hash=57f4c8002a345292 insn_cnt=3602
[382.434921 pid=6620 tid=6630] loadtime step prog=cgroup_skb_ingr step=map_inline elapsed_ms=145
[382.437048 pid=6620 tid=6630] loadtime optimized prog=cgroup_skb_ingr insns=3602->3420 maps=7 workdir=/workspaces/repository/corpus/results/x86_kvm_corpus_20260926_055043_248321/details/loadtime-workdirs/loadtime_6620_151
[382.441452 pid=6620 tid=6630]   PROG_LOAD -> fd=298 errno=0 kernel_prog_id=621
[382.442050 pid=6620 tid=6630] BPF_PROG_LOAD type=8 (cgroup_skb) name=cgroup_skb_egre insn_cnt=3602 hash=1e178e34d4c8e313 policy_hash=83ddf60fc9d065a9 branch_profile_hash=8fb04c14d3f91e7f license=GPL expected_attach=1 attach_btf_id=0 prog_btf_fd=163 attach_btf_obj_fd=0 attach_prog_fd=0
[382.542023 pid=6620 tid=6630] loadtime policy prog=cgroup_skb_egre policy_hash=83ddf60fc9d065a9 branch_profile_hash=8fb04c14d3f91e7f insn_cnt=3602
[382.757174 pid=6620 tid=6630] loadtime step prog=cgroup_skb_egre step=map_inline elapsed_ms=164
[382.759680 pid=6620 tid=6630] loadtime optimized prog=cgroup_skb_egre insns=3602->3420 maps=7 workdir=/workspaces/repository/corpus/results/x86_kvm_corpus_20260926_055043_248321/details/loadtime-workdirs/loadtime_6620_152
[382.764459 pid=6620 tid=6630]   PROG_LOAD -> fd=299 errno=0 kernel_prog_id=624
[382.764913 pid=6620 tid=6630] BPF_PROG_LOAD type=17 (raw_tracepoint) name=cgroup_mkdir_si insn_cnt=200 hash=44c9791f8f5d8832 policy_hash=6eb796615127ac42 branch_profile_hash=964ebc852e443a11 license=GPL expected_attach=0 attach_btf_id=0 prog_btf_fd=163 attach_btf_obj_fd=0 attach_prog_fd=0
[382.912189 pid=6620 tid=6630] loadtime policy prog=cgroup_mkdir_si policy_hash=6eb796615127ac42 branch_profile_hash=964ebc852e443a11 insn_cnt=200
[382.974610 pid=6620 tid=6630] loadtime step prog=cgroup_mkdir_si step=map_inline elapsed_ms=38
[382.974702 pid=6620 tid=6630] loadtime prog=cgroup_mkdir_si produced no bytecode changes; passing original BPF_PROG_LOAD through
[382.974981 pid=6620 tid=6630]   PROG_LOAD -> fd=291 errno=0 kernel_prog_id=627
[382.975362 pid=6620 tid=6630] BPF_PROG_LOAD type=17 (raw_tracepoint) name=cgroup_rmdir_si insn_cnt=195 hash=6c372d5d08077965 policy_hash=64fb37a241e5bf45 branch_profile_hash=4a68a635d8f35d2a license=GPL expected_attach=0 attach_btf_id=0 prog_btf_fd=163 attach_btf_obj_fd=0 attach_prog_fd=0
[383.107527 pid=6620 tid=6630] loadtime policy prog=cgroup_rmdir_si policy_hash=64fb37a241e5bf45 branch_profile_hash=4a68a635d8f35d2a insn_cnt=195
[383.166140 pid=6620 tid=6630] loadtime step prog=cgroup_rmdir_si step=map_inline elapsed_ms=40
[383.166230 pid=6620 tid=6630] loadtime prog=cgroup_rmdir_si produced no bytecode changes; passing original BPF_PROG_LOAD through
[383.166493 pid=6620 tid=6630]   PROG_LOAD -> fd=292 errno=0 kernel_prog_id=630
[383.166710 pid=6620 tid=6630] BPF_PROG_LOAD type=2 (kprobe) name=empty_kprobe insn_cnt=2 hash=58255400910d7827 policy_hash=58255400910d7827 branch_profile_hash=07717532779d12b6 license=GPL expected_attach=0 attach_btf_id=0 prog_btf_fd=163 attach_btf_obj_fd=0 attach_prog_fd=0
[383.185591 pid=6620 tid=6630] loadtime policy prog=empty_kprobe policy_hash=58255400910d7827 branch_profile_hash=07717532779d12b6 insn_cnt=2
[383.220864 pid=6620 tid=6630] loadtime step prog=empty_kprobe step=map_inline elapsed_ms=14
[383.220960 pid=6620 tid=6630] loadtime prog=empty_kprobe produced no bytecode changes; passing original BPF_PROG_LOAD through
[383.221089 pid=6620 tid=6630]   PROG_LOAD -> fd=293 errno=0 kernel_prog_id=633
[383.221726 pid=6620 tid=6630] BPF_PROG_LOAD type=17 (raw_tracepoint) name=tracepoint__exe insn_cnt=11832 hash=01654e89a6d084a3 policy_hash=7cc7dbc674eaf5cd branch_profile_hash=b9580d53409e7af5 license=GPL expected_attach=0 attach_btf_id=0 prog_btf_fd=163 attach_btf_obj_fd=0 attach_prog_fd=0
[383.709607 pid=6620 tid=6630] loadtime policy prog=tracepoint__exe policy_hash=7cc7dbc674eaf5cd branch_profile_hash=b9580d53409e7af5 insn_cnt=11832
[384.007685 pid=6620 tid=6630] loadtime step prog=tracepoint__exe step=map_inline elapsed_ms=183
[384.007777 pid=6620 tid=6630] loadtime prog=tracepoint__exe produced no bytecode changes; passing original BPF_PROG_LOAD through
[384.035912 pid=6620 tid=6630]   PROG_LOAD -> fd=294 errno=0 kernel_prog_id=636
[384.036517 pid=6620 tid=6630] BPF_PROG_LOAD type=2 (kprobe) name=uprobe__feature insn_cnt=757 hash=2942c6e643ab5ac4 policy_hash=77ebb105cea1b116 branch_profile_hash=d6848319dea274ad license=GPL expected_attach=0 attach_btf_id=0 prog_btf_fd=163 attach_btf_obj_fd=0 attach_prog_fd=0
[384.166400 pid=6620 tid=6630] loadtime policy prog=uprobe__feature policy_hash=77ebb105cea1b116 branch_profile_hash=d6848319dea274ad insn_cnt=757
[384.248098 pid=6620 tid=6630] loadtime step prog=uprobe__feature step=map_inline elapsed_ms=62
[384.248174 pid=6620 tid=6630] loadtime prog=uprobe__feature produced no bytecode changes; passing original BPF_PROG_LOAD through
[384.248771 pid=6620 tid=6630]   PROG_LOAD -> fd=295 errno=0 kernel_prog_id=639
[384.248950 pid=6620 tid=6630] BPF_PROG_LOAD type=2 (kprobe) name=uprobe__feature insn_cnt=454 hash=41625c2a0f03bcbc policy_hash=567d02f52ce12070 branch_profile_hash=8f840f10d0848fd0 license=GPL expected_attach=0 attach_btf_id=0 prog_btf_fd=163 attach_btf_obj_fd=0 attach_prog_fd=0
[384.366145 pid=6620 tid=6630] loadtime policy prog=uprobe__feature policy_hash=567d02f52ce12070 branch_profile_hash=8f840f10d0848fd0 insn_cnt=454
[384.431069 pid=6620 tid=6630] loadtime step prog=uprobe__feature step=map_inline elapsed_ms=45
[384.431160 pid=6620 tid=6630] loadtime prog=uprobe__feature produced no bytecode changes; passing original BPF_PROG_LOAD through
[384.431515 pid=6620 tid=6630]   PROG_LOAD -> fd=296 errno=0 kernel_prog_id=642
[384.431683 pid=6620 tid=6630] BPF_PROG_LOAD type=2 (kprobe) name=uprobe__feature insn_cnt=454 hash=7db101bc456a53eb policy_hash=ca7d973efc7c8a37 branch_profile_hash=8f840f10d0848fd0 license=GPL expected_attach=0 attach_btf_id=0 prog_btf_fd=163 attach_btf_obj_fd=0 attach_prog_fd=0
[384.573667 pid=6620 tid=6630] loadtime policy prog=uprobe__feature policy_hash=ca7d973efc7c8a37 branch_profile_hash=8f840f10d0848fd0 insn_cnt=454
[384.670451 pid=6620 tid=6630] loadtime step prog=uprobe__feature step=map_inline elapsed_ms=73
[384.670525 pid=6620 tid=6630] loadtime prog=uprobe__feature produced no bytecode changes; passing original BPF_PROG_LOAD through
[384.670863 pid=6620 tid=6630]   PROG_LOAD -> fd=297 errno=0 kernel_prog_id=645
[384.671011 pid=6620 tid=6630] BPF_PROG_LOAD type=2 (kprobe) name=uprobe__feature insn_cnt=454 hash=b0cad387ce5c7ade policy_hash=47fcce0fe5967fb2 branch_profile_hash=8f840f10d0848fd0 license=GPL expected_attach=0 attach_btf_id=0 prog_btf_fd=163 attach_btf_obj_fd=0 attach_prog_fd=0
[384.817197 pid=6620 tid=6630] loadtime policy prog=uprobe__feature policy_hash=47fcce0fe5967fb2 branch_profile_hash=8f840f10d0848fd0 insn_cnt=454
[384.876713 pid=6620 tid=6630] loadtime step prog=uprobe__feature step=map_inline elapsed_ms=43
[384.876788 pid=6620 tid=6630] loadtime prog=uprobe__feature produced no bytecode changes; passing original BPF_PROG_LOAD through
[384.877199 pid=6620 tid=6630]   PROG_LOAD -> fd=300 errno=0 kernel_prog_id=648
[384.880409 pid=6620 tid=6630] BPF_MAP_CREATE type=1 key_size=4 value_size=64 max_entries=794 name=events_map_1
[384.880803 pid=6620 tid=6630]   MAP_CREATE -> fd=114 errno=0 kernel_map_id=465
[384.882384 pid=6620 tid=6630] BPF_MAP_CREATE type=1 key_size=4 value_size=16 max_entries=256 name=pid_filter_1
[384.882822 pid=6620 tid=6630]   MAP_CREATE -> fd=116 errno=0 kernel_map_id=466
[384.883128 pid=6620 tid=6630] BPF_MAP_CREATE type=1 key_size=4 value_size=16 max_entries=256 name=mnt_ns_filter_1
[384.883778 pid=6620 tid=6630]   MAP_CREATE -> fd=118 errno=0 kernel_map_id=467
[384.884111 pid=6620 tid=6630] BPF_MAP_CREATE type=1 key_size=4 value_size=16 max_entries=256 name=pid_ns_filter_1
[384.884327 pid=6620 tid=6630]   MAP_CREATE -> fd=120 errno=0 kernel_map_id=468
[384.884656 pid=6620 tid=6630] BPF_MAP_CREATE type=1 key_size=16 value_size=16 max_entries=256 name=comm_filter_1
[384.885033 pid=6620 tid=6630]   MAP_CREATE -> fd=122 errno=0 kernel_map_id=469
[384.885297 pid=6620 tid=6630] BPF_MAP_CREATE type=1 key_size=4 value_size=16 max_entries=256 name=cgroup_id_filte
[384.885390 pid=6620 tid=6630]   MAP_CREATE -> fd=124 errno=0 kernel_map_id=470
[384.885714 pid=6620 tid=6630] BPF_MAP_CREATE type=1 key_size=260 value_size=16 max_entries=256 name=binary_filter_1
[384.886003 pid=6620 tid=6630]   MAP_CREATE -> fd=126 errno=0 kernel_map_id=471
[384.886162 pid=6620 tid=6630] BPF_MAP_CREATE type=1 key_size=4 value_size=16 max_entries=256 name=uid_filter_1
[384.886249 pid=6620 tid=6630]   MAP_CREATE -> fd=128 errno=0 kernel_map_id=472
[384.886358 pid=6620 tid=6630] BPF_MAP_CREATE type=1 key_size=16 value_size=16 max_entries=256 name=uts_ns_filter_1
[384.886651 pid=6620 tid=6630]   MAP_CREATE -> fd=130 errno=0 kernel_map_id=473
[384.886957 pid=6620 tid=6630] BPF_MAP_CREATE type=1 key_size=4 value_size=16 max_entries=10240 name=process_tree_ma
[384.887185 pid=6620 tid=6630]   MAP_CREATE -> fd=132 errno=0 kernel_map_id=474
[384.888086 pid=6620 tid=6630] BPF_MAP_CREATE type=1 key_size=4 value_size=256 max_entries=1 name=policies_config
[384.888210 pid=6620 tid=6630]   MAP_CREATE -> fd=134 errno=0 kernel_map_id=475
[384.888563 pid=6620 tid=6630] perf_event_open type=1 config=10 config1=0 config2=0 pid=-1 cpu=0 group_fd=-1 flags=8 -> fd=136 errno=0
[384.889211 pid=6620 tid=6630] PERF_EVENT_IOC_ENABLE event_fd=136
[384.889592 pid=6620 tid=6630] perf_event_open type=1 config=10 config1=0 config2=0 pid=-1 cpu=1 group_fd=-1 flags=8 -> fd=137 errno=0
[384.890420 pid=6620 tid=6630] PERF_EVENT_IOC_ENABLE event_fd=137
[384.890542 pid=6620 tid=6630] perf_event_open type=1 config=10 config1=0 config2=0 pid=-1 cpu=2 group_fd=-1 flags=8 -> fd=138 errno=0
[384.891287 pid=6620 tid=6630] PERF_EVENT_IOC_ENABLE event_fd=138
[384.891415 pid=6620 tid=6630] perf_event_open type=1 config=10 config1=0 config2=0 pid=-1 cpu=3 group_fd=-1 flags=8 -> fd=139 errno=0
[384.892029 pid=6620 tid=6630] PERF_EVENT_IOC_ENABLE event_fd=139
[384.892238 pid=6620 tid=6630] perf_event_open type=1 config=10 config1=0 config2=0 pid=-1 cpu=4 group_fd=-1 flags=8 -> fd=140 errno=0
[384.892969 pid=6620 tid=6630] PERF_EVENT_IOC_ENABLE event_fd=140
[384.893190 pid=6620 tid=6630] perf_event_open type=1 config=10 config1=0 config2=0 pid=-1 cpu=5 group_fd=-1 flags=8 -> fd=141 errno=0
[384.893791 pid=6620 tid=6630] PERF_EVENT_IOC_ENABLE event_fd=141
[384.893914 pid=6620 tid=6630] perf_event_open type=1 config=10 config1=0 config2=0 pid=-1 cpu=6 group_fd=-1 flags=8 -> fd=142 errno=0
[384.894581 pid=6620 tid=6630] PERF_EVENT_IOC_ENABLE event_fd=142
[384.894715 pid=6620 tid=6630] perf_event_open type=1 config=10 config1=0 config2=0 pid=-1 cpu=7 group_fd=-1 flags=8 -> fd=143 errno=0
[384.895327 pid=6620 tid=6630] PERF_EVENT_IOC_ENABLE event_fd=143
[384.898880 pid=6620 tid=6630] perf_event_open type=1 config=10 config1=0 config2=0 pid=-1 cpu=0 group_fd=-1 flags=8 -> fd=145 errno=0
[384.899733 pid=6620 tid=6630] PERF_EVENT_IOC_ENABLE event_fd=145
[384.900031 pid=6620 tid=6630] perf_event_open type=1 config=10 config1=0 config2=0 pid=-1 cpu=1 group_fd=-1 flags=8 -> fd=146 errno=0
[384.900627 pid=6620 tid=6630] PERF_EVENT_IOC_ENABLE event_fd=146
[384.900779 pid=6620 tid=6630] perf_event_open type=1 config=10 config1=0 config2=0 pid=-1 cpu=2 group_fd=-1 flags=8 -> fd=147 errno=0
[384.901458 pid=6620 tid=6630] PERF_EVENT_IOC_ENABLE event_fd=147
[384.901558 pid=6620 tid=6630] perf_event_open type=1 config=10 config1=0 config2=0 pid=-1 cpu=3 group_fd=-1 flags=8 -> fd=148 errno=0
[384.902131 pid=6620 tid=6630] PERF_EVENT_IOC_ENABLE event_fd=148
[384.902226 pid=6620 tid=6630] perf_event_open type=1 config=10 config1=0 config2=0 pid=-1 cpu=4 group_fd=-1 flags=8 -> fd=149 errno=0
[384.902885 pid=6620 tid=6630] PERF_EVENT_IOC_ENABLE event_fd=149
[384.902975 pid=6620 tid=6630] perf_event_open type=1 config=10 config1=0 config2=0 pid=-1 cpu=5 group_fd=-1 flags=8 -> fd=150 errno=0
[384.903554 pid=6620 tid=6630] PERF_EVENT_IOC_ENABLE event_fd=150
[384.903653 pid=6620 tid=6630] perf_event_open type=1 config=10 config1=0 config2=0 pid=-1 cpu=6 group_fd=-1 flags=8 -> fd=151 errno=0
[384.904273 pid=6620 tid=6630] PERF_EVENT_IOC_ENABLE event_fd=151
[384.904418 pid=6620 tid=6630] perf_event_open type=1 config=10 config1=0 config2=0 pid=-1 cpu=7 group_fd=-1 flags=8 -> fd=152 errno=0
[384.904976 pid=6620 tid=6630] PERF_EVENT_IOC_ENABLE event_fd=152
[384.905136 pid=6620 tid=6630] perf_event_open type=1 config=10 config1=0 config2=0 pid=-1 cpu=0 group_fd=-1 flags=8 -> fd=154 errno=0
[384.905771 pid=6620 tid=6630] PERF_EVENT_IOC_ENABLE event_fd=154
[384.905902 pid=6620 tid=6630] perf_event_open type=1 config=10 config1=0 config2=0 pid=-1 cpu=1 group_fd=-1 flags=8 -> fd=155 errno=0
[384.906516 pid=6620 tid=6630] PERF_EVENT_IOC_ENABLE event_fd=155
[384.906629 pid=6620 tid=6630] perf_event_open type=1 config=10 config1=0 config2=0 pid=-1 cpu=2 group_fd=-1 flags=8 -> fd=156 errno=0
[384.907284 pid=6620 tid=6630] PERF_EVENT_IOC_ENABLE event_fd=156
[384.907414 pid=6620 tid=6630] perf_event_open type=1 config=10 config1=0 config2=0 pid=-1 cpu=3 group_fd=-1 flags=8 -> fd=157 errno=0
[384.908297 pid=6620 tid=6630] PERF_EVENT_IOC_ENABLE event_fd=157
[384.908428 pid=6620 tid=6630] perf_event_open type=1 config=10 config1=0 config2=0 pid=-1 cpu=4 group_fd=-1 flags=8 -> fd=158 errno=0
[384.909277 pid=6620 tid=6630] PERF_EVENT_IOC_ENABLE event_fd=158
[384.909402 pid=6620 tid=6630] perf_event_open type=1 config=10 config1=0 config2=0 pid=-1 cpu=5 group_fd=-1 flags=8 -> fd=159 errno=0
[384.910139 pid=6620 tid=6630] PERF_EVENT_IOC_ENABLE event_fd=159
[384.910269 pid=6620 tid=6630] perf_event_open type=1 config=10 config1=0 config2=0 pid=-1 cpu=6 group_fd=-1 flags=8 -> fd=160 errno=0
[384.910939 pid=6620 tid=6630] PERF_EVENT_IOC_ENABLE event_fd=160
[384.911226 pid=6620 tid=6630] perf_event_open type=1 config=10 config1=0 config2=0 pid=-1 cpu=7 group_fd=-1 flags=8 -> fd=161 errno=0
[384.911790 pid=6620 tid=6630] PERF_EVENT_IOC_ENABLE event_fd=161
[384.911960 pid=6620 tid=6630] perf_event_open type=1 config=10 config1=0 config2=0 pid=-1 cpu=0 group_fd=-1 flags=8 -> fd=301 errno=0
[384.912618 pid=6620 tid=6630] PERF_EVENT_IOC_ENABLE event_fd=301
[384.912897 pid=6620 tid=6630] perf_event_open type=1 config=10 config1=0 config2=0 pid=-1 cpu=1 group_fd=-1 flags=8 -> fd=302 errno=0
[384.913648 pid=6620 tid=6630] PERF_EVENT_IOC_ENABLE event_fd=302
[384.913736 pid=6620 tid=6630] perf_event_open type=1 config=10 config1=0 config2=0 pid=-1 cpu=2 group_fd=-1 flags=8 -> fd=303 errno=0
[384.914373 pid=6620 tid=6630] PERF_EVENT_IOC_ENABLE event_fd=303
[384.914640 pid=6620 tid=6630] perf_event_open type=1 config=10 config1=0 config2=0 pid=-1 cpu=3 group_fd=-1 flags=8 -> fd=304 errno=0
[384.915230 pid=6620 tid=6630] PERF_EVENT_IOC_ENABLE event_fd=304
[384.915349 pid=6620 tid=6630] perf_event_open type=1 config=10 config1=0 config2=0 pid=-1 cpu=4 group_fd=-1 flags=8 -> fd=305 errno=0
[384.915990 pid=6620 tid=6630] PERF_EVENT_IOC_ENABLE event_fd=305
[384.916109 pid=6620 tid=6630] perf_event_open type=1 config=10 config1=0 config2=0 pid=-1 cpu=5 group_fd=-1 flags=8 -> fd=306 errno=0
[384.916705 pid=6620 tid=6630] PERF_EVENT_IOC_ENABLE event_fd=306
[384.916824 pid=6620 tid=6630] perf_event_open type=1 config=10 config1=0 config2=0 pid=-1 cpu=6 group_fd=-1 flags=8 -> fd=307 errno=0
[384.917436 pid=6620 tid=6630] PERF_EVENT_IOC_ENABLE event_fd=307
[384.917764 pid=6620 tid=6630] perf_event_open type=1 config=10 config1=0 config2=0 pid=-1 cpu=7 group_fd=-1 flags=8 -> fd=308 errno=0
[384.918372 pid=6620 tid=6630] PERF_EVENT_IOC_ENABLE event_fd=308
[384.921042 pid=6620 tid=6630] perf_event_open type=8 config=0 config1=140636494259168 config2=0 pid=-1 cpu=0 group_fd=-1 flags=8 kprobe_func=security_kernel_post_read_file kprobe_addr=0 -> fd=309 errno=0
[384.921256 pid=6620 tid=6630] BPF_PROG_LOAD type=5 (tracepoint) name= insn_cnt=2 hash=58255400910d7827 policy_hash=58255400910d7827 branch_profile_hash=ade3dc05a46d255e license=GPL expected_attach=0 attach_btf_id=0 prog_btf_fd=0 attach_btf_obj_fd=0 attach_prog_fd=0
[384.938828 pid=6620 tid=6630] loadtime policy prog= policy_hash=58255400910d7827 branch_profile_hash=ade3dc05a46d255e insn_cnt=2
[384.974842 pid=6620 tid=6630] loadtime step prog= step=map_inline elapsed_ms=15
[384.975038 pid=6620 tid=6630] loadtime prog= produced no bytecode changes; passing original BPF_PROG_LOAD through
[384.975123 pid=6620 tid=6630]   PROG_LOAD -> fd=310 errno=0 kernel_prog_id=651
[384.975196 pid=6620 tid=6630] BPF_LINK_CREATE prog_fd=310 target_fd=4294967295 attach_type=41 flags=0
[384.975265 pid=6620 tid=6630]   LINK_CREATE -> fd=-1 errno=9 kernel_link_id=0
[384.975338 pid=6620 tid=6630] BPF_LINK_CREATE prog_fd=250 target_fd=309 attach_type=41 flags=0
[384.975442 pid=6620 tid=6630] BPF_PERF_EVENT target retained target_fd=309 hold_fd=311 link_fd=310
[384.975719 pid=6620 tid=6630] BPF_TASK_FD_QUERY target_fd=309 attach_type=41 -> ret=0 errno=0 fd_type=2 prog_id=495 probe_offset=0 probe_addr=18446744072494407280 symbol=security_kernel_post_read_file
[384.975792 pid=6620 tid=6630]   LINK_CREATE -> fd=310 errno=0 kernel_link_id=142
[384.975861 pid=6620 tid=6630] PERF_EVENT_IOC_ENABLE event_fd=309
[384.978387 pid=6620 tid=6630] perf_event_open type=8 config=0 config1=140636501747584 config2=0 pid=-1 cpu=0 group_fd=-1 flags=8 kprobe_func=security_settime64 kprobe_addr=0 -> fd=312 errno=0
[384.978826 pid=6620 tid=6630] BPF_LINK_CREATE prog_fd=280 target_fd=312 attach_type=41 flags=0
[384.979009 pid=6620 tid=6630] BPF_PERF_EVENT target retained target_fd=312 hold_fd=314 link_fd=313
[384.979226 pid=6620 tid=6630] BPF_TASK_FD_QUERY target_fd=312 attach_type=41 -> ret=0 errno=0 fd_type=2 prog_id=585 probe_offset=0 probe_addr=18446744072494423088 symbol=security_settime64
[384.979472 pid=6620 tid=6630]   LINK_CREATE -> fd=313 errno=0 kernel_link_id=143
[384.979682 pid=6620 tid=6630] PERF_EVENT_IOC_ENABLE event_fd=312
[384.982276 pid=6620 tid=6630] perf_event_open type=8 config=1 config1=140636501747584 config2=0 pid=-1 cpu=0 group_fd=-1 flags=8 kprobe_func=__x64_sys_arch_prctl kprobe_addr=0 -> fd=315 errno=0
[384.982528 pid=6620 tid=6630] BPF_LINK_CREATE prog_fd=84 target_fd=315 attach_type=41 flags=0
[384.982649 pid=6620 tid=6630] BPF_PERF_EVENT target retained target_fd=315 hold_fd=317 link_fd=316
[384.982745 pid=6620 tid=6630] BPF_TASK_FD_QUERY target_fd=315 attach_type=41 -> ret=0 errno=0 fd_type=3 prog_id=234 probe_offset=0 probe_addr=18446744072487242432 symbol=__x64_sys_arch_prctl
[384.982823 pid=6620 tid=6630]   LINK_CREATE -> fd=316 errno=0 kernel_link_id=144
[384.982884 pid=6620 tid=6630] PERF_EVENT_IOC_ENABLE event_fd=315
[384.985051 pid=6620 tid=6630] perf_event_open type=8 config=1 config1=140636501747584 config2=0 pid=-1 cpu=0 group_fd=-1 flags=8 kprobe_func=__ia32_sys_arch_prctl kprobe_addr=0 -> fd=318 errno=0
[384.985260 pid=6620 tid=6630] BPF_LINK_CREATE prog_fd=84 target_fd=318 attach_type=41 flags=0
[384.985331 pid=6620 tid=6630] BPF_PERF_EVENT target retained target_fd=318 hold_fd=320 link_fd=319
[384.985601 pid=6620 tid=6630] BPF_TASK_FD_QUERY target_fd=318 attach_type=41 -> ret=0 errno=0 fd_type=3 prog_id=234 probe_offset=0 probe_addr=18446744072487242304 symbol=__ia32_sys_arch_prctl
[384.985990 pid=6620 tid=6630]   LINK_CREATE -> fd=319 errno=0 kernel_link_id=145
[384.986250 pid=6620 tid=6630] PERF_EVENT_IOC_ENABLE event_fd=318
[384.988954 pid=6620 tid=6630] perf_event_open type=8 config=1 config1=140636501747584 config2=0 pid=-1 cpu=0 group_fd=-1 flags=8 kprobe_func=__x64_sys_ptrace kprobe_addr=0 -> fd=321 errno=0
[384.989244 pid=6620 tid=6630] BPF_LINK_CREATE prog_fd=75 target_fd=321 attach_type=41 flags=0
[384.989488 pid=6620 tid=6630] BPF_PERF_EVENT target retained target_fd=321 hold_fd=323 link_fd=322
[384.989741 pid=6620 tid=6630] BPF_TASK_FD_QUERY target_fd=321 attach_type=41 -> ret=0 errno=0 fd_type=3 prog_id=222 probe_offset=0 probe_addr=18446744072487752768 symbol=__x64_sys_ptrace
[384.989988 pid=6620 tid=6630]   LINK_CREATE -> fd=322 errno=0 kernel_link_id=146
[384.990259 pid=6620 tid=6630] PERF_EVENT_IOC_ENABLE event_fd=321
[384.992403 pid=6620 tid=6630] perf_event_open type=8 config=1 config1=140636501747584 config2=0 pid=-1 cpu=0 group_fd=-1 flags=8 kprobe_func=__ia32_sys_ptrace kprobe_addr=0 -> fd=324 errno=0
[384.992657 pid=6620 tid=6630] BPF_LINK_CREATE prog_fd=75 target_fd=324 attach_type=41 flags=0
[384.992871 pid=6620 tid=6630] BPF_PERF_EVENT target retained target_fd=324 hold_fd=326 link_fd=325
[384.992962 pid=6620 tid=6630] BPF_TASK_FD_QUERY target_fd=324 attach_type=41 -> ret=0 errno=0 fd_type=3 prog_id=222 probe_offset=0 probe_addr=18446744072487752096 symbol=__ia32_sys_ptrace
[384.993051 pid=6620 tid=6630]   LINK_CREATE -> fd=325 errno=0 kernel_link_id=147
[384.993130 pid=6620 tid=6630] PERF_EVENT_IOC_ENABLE event_fd=324
[384.995109 pid=6620 tid=6630] perf_event_open type=8 config=1 config1=140636489762560 config2=0 pid=-1 cpu=0 group_fd=-1 flags=8 kprobe_func=__ia32_compat_sys_ptrace kprobe_addr=0 -> fd=327 errno=0
[384.995350 pid=6620 tid=6630] BPF_LINK_CREATE prog_fd=75 target_fd=327 attach_type=41 flags=0
[384.995676 pid=6620 tid=6630] BPF_PERF_EVENT target retained target_fd=327 hold_fd=329 link_fd=328
[384.995969 pid=6620 tid=6630] BPF_TASK_FD_QUERY target_fd=327 attach_type=41 -> ret=0 errno=0 fd_type=3 prog_id=222 probe_offset=0 probe_addr=18446744072487752432 symbol=__ia32_compat_sys_ptrace
[384.996173 pid=6620 tid=6630]   LINK_CREATE -> fd=328 errno=0 kernel_link_id=148
[384.996427 pid=6620 tid=6630] PERF_EVENT_IOC_ENABLE event_fd=327
[385.050687 pid=6620 tid=6630] perf_event_open type=9 config=0 config1=140636501747584 config2=29036448 pid=-1 cpu=0 group_fd=-1 flags=8 uprobe_path=/proc/self/exe probe_offset=29036448 -> fd=331 errno=0
[385.051270 pid=6620 tid=6630] BPF_LINK_CREATE prog_fd=197 target_fd=331 attach_type=41 flags=0
[385.051914 pid=6620 tid=6630] BPF_PERF_EVENT target retained target_fd=331 hold_fd=333 link_fd=332
[385.052270 pid=6620 tid=6630] BPF_TASK_FD_QUERY target_fd=331 attach_type=41 -> ret=0 errno=0 fd_type=4 prog_id=336 probe_offset=29036448 probe_addr=0 symbol=/proc/self/exe
[385.052540 pid=6620 tid=6630]   LINK_CREATE -> fd=332 errno=0 kernel_link_id=149
[385.052802 pid=6620 tid=6630] PERF_EVENT_IOC_ENABLE event_fd=331
[385.057827 pid=6620 tid=6630] perf_event_open type=8 config=0 config1=140636501747584 config2=0 pid=-1 cpu=0 group_fd=-1 flags=8 kprobe_func=__x64_sys_dup kprobe_addr=0 -> fd=330 errno=0
[385.058120 pid=6620 tid=6630] BPF_LINK_CREATE prog_fd=169 target_fd=330 attach_type=41 flags=0
[385.058364 pid=6620 tid=6630] BPF_PERF_EVENT target retained target_fd=330 hold_fd=335 link_fd=334
[385.067913 pid=6620 tid=6630] BPF_TASK_FD_QUERY target_fd=330 attach_type=41 -> ret=0 errno=0 fd_type=2 prog_id=237 probe_offset=0 probe_addr=18446744072491706544 symbol=__x64_sys_dup
[385.068497 pid=6620 tid=6630]   LINK_CREATE -> fd=334 errno=0 kernel_link_id=150
[385.068928 pid=6620 tid=6630] PERF_EVENT_IOC_ENABLE event_fd=330
[385.071911 pid=6620 tid=6630] perf_event_open type=8 config=0 config1=140636501747584 config2=0 pid=-1 cpu=0 group_fd=-1 flags=8 kprobe_func=__ia32_sys_dup kprobe_addr=0 -> fd=336 errno=0
[385.072149 pid=6620 tid=6630] BPF_LINK_CREATE prog_fd=169 target_fd=336 attach_type=41 flags=0
[385.072389 pid=6620 tid=6630] BPF_PERF_EVENT target retained target_fd=336 hold_fd=338 link_fd=337
[385.072586 pid=6620 tid=6630] BPF_TASK_FD_QUERY target_fd=336 attach_type=41 -> ret=0 errno=0 fd_type=2 prog_id=237 probe_offset=0 probe_addr=18446744072491706304 symbol=__ia32_sys_dup
[385.072816 pid=6620 tid=6630]   LINK_CREATE -> fd=337 errno=0 kernel_link_id=151
[385.073090 pid=6620 tid=6630] PERF_EVENT_IOC_ENABLE event_fd=336
[385.076748 pid=6620 tid=6630] perf_event_open type=8 config=0 config1=140636501747584 config2=0 pid=-1 cpu=0 group_fd=-1 flags=8 kprobe_func=sock_alloc_file kprobe_addr=0 -> fd=339 errno=0
[385.076978 pid=6620 tid=6630] BPF_LINK_CREATE prog_fd=285 target_fd=339 attach_type=41 flags=0
[385.077300 pid=6620 tid=6630] BPF_PERF_EVENT target retained target_fd=339 hold_fd=341 link_fd=340
[385.077389 pid=6620 tid=6630] BPF_TASK_FD_QUERY target_fd=339 attach_type=41 -> ret=0 errno=0 fd_type=2 prog_id=600 probe_offset=0 probe_addr=18446744072498455184 symbol=sock_alloc_file
[385.077685 pid=6620 tid=6630]   LINK_CREATE -> fd=340 errno=0 kernel_link_id=152
[385.077914 pid=6620 tid=6630] PERF_EVENT_IOC_ENABLE event_fd=339
[385.079974 pid=6620 tid=6630] perf_event_open type=8 config=0 config1=140636495196528 config2=0 pid=-1 cpu=0 group_fd=-1 flags=8 kprobe_func=do_sigaction kprobe_addr=0 -> fd=342 errno=0
[385.080119 pid=6620 tid=6630] BPF_LINK_CREATE prog_fd=267 target_fd=342 attach_type=41 flags=0
[385.080224 pid=6620 tid=6630] BPF_PERF_EVENT target retained target_fd=342 hold_fd=344 link_fd=343
[385.080320 pid=6620 tid=6630] BPF_TASK_FD_QUERY target_fd=342 attach_type=41 -> ret=0 errno=0 fd_type=2 prog_id=546 probe_offset=0 probe_addr=18446744072487795104 symbol=do_sigaction
[385.080416 pid=6620 tid=6630]   LINK_CREATE -> fd=343 errno=0 kernel_link_id=153
[385.080517 pid=6620 tid=6630] PERF_EVENT_IOC_ENABLE event_fd=342
[385.083233 pid=6620 tid=6630] perf_event_open type=8 config=0 config1=140636495196528 config2=0 pid=-1 cpu=0 group_fd=-1 flags=8 kprobe_func=__register_chrdev kprobe_addr=0 -> fd=345 errno=0
[385.083353 pid=6620 tid=6630] BPF_LINK_CREATE prog_fd=253 target_fd=345 attach_type=41 flags=0
[385.083460 pid=6620 tid=6630] BPF_PERF_EVENT target retained target_fd=345 hold_fd=347 link_fd=346
[385.083556 pid=6620 tid=6630] BPF_TASK_FD_QUERY target_fd=345 attach_type=41 -> ret=0 errno=0 fd_type=2 prog_id=504 probe_offset=0 probe_addr=18446744072491548384 symbol=__register_chrdev
[385.083655 pid=6620 tid=6630]   LINK_CREATE -> fd=346 errno=0 kernel_link_id=154
[385.083755 pid=6620 tid=6630] PERF_EVENT_IOC_ENABLE event_fd=345
[385.086107 pid=6620 tid=6630] perf_event_open type=8 config=0 config1=140636495196528 config2=0 pid=-1 cpu=0 group_fd=-1 flags=8 kprobe_func=switch_task_namespaces kprobe_addr=0 -> fd=348 errno=0
[385.086183 pid=6620 tid=6630] BPF_LINK_CREATE prog_fd=206 target_fd=348 attach_type=41 flags=0
[385.086255 pid=6620 tid=6630] BPF_PERF_EVENT target retained target_fd=348 hold_fd=350 link_fd=349
[385.086324 pid=6620 tid=6630] BPF_TASK_FD_QUERY target_fd=348 attach_type=41 -> ret=0 errno=0 fd_type=2 prog_id=363 probe_offset=0 probe_addr=18446744072487926016 symbol=switch_task_namespaces
[385.086395 pid=6620 tid=6630]   LINK_CREATE -> fd=349 errno=0 kernel_link_id=155
[385.086497 pid=6620 tid=6630] PERF_EVENT_IOC_ENABLE event_fd=348
[385.088879 pid=6620 tid=6630] perf_event_open type=8 config=1 config1=140636495196528 config2=0 pid=-1 cpu=0 group_fd=-1 flags=8 kprobe_func=vfs_write kprobe_addr=0 -> fd=351 errno=0
[385.089094 pid=6620 tid=6630] BPF_LINK_CREATE prog_fd=222 target_fd=351 attach_type=41 flags=0
[385.089162 pid=6620 tid=6630] BPF_PERF_EVENT target retained target_fd=351 hold_fd=353 link_fd=352
[385.089234 pid=6620 tid=6630] BPF_TASK_FD_QUERY target_fd=351 attach_type=41 -> ret=0 errno=0 fd_type=3 prog_id=411 probe_offset=0 probe_addr=18446744072491522976 symbol=vfs_write
[385.089301 pid=6620 tid=6630]   LINK_CREATE -> fd=352 errno=0 kernel_link_id=156
[385.089373 pid=6620 tid=6630] PERF_EVENT_IOC_ENABLE event_fd=351
[385.092408 pid=6620 tid=6630] perf_event_open type=8 config=0 config1=140636489762560 config2=0 pid=-1 cpu=0 group_fd=-1 flags=8 kprobe_func=security_bprm_creds_for_exec kprobe_addr=0 -> fd=354 errno=0
[385.092513 pid=6620 tid=6630] BPF_LINK_CREATE prog_fd=275 target_fd=354 attach_type=41 flags=0
[385.092616 pid=6620 tid=6630] BPF_PERF_EVENT target retained target_fd=354 hold_fd=356 link_fd=355
[385.092715 pid=6620 tid=6630] BPF_TASK_FD_QUERY target_fd=354 attach_type=41 -> ret=0 errno=0 fd_type=2 prog_id=570 probe_offset=0 probe_addr=18446744072494423424 symbol=security_bprm_creds_for_exec
[385.092810 pid=6620 tid=6630]   LINK_CREATE -> fd=355 errno=0 kernel_link_id=157
[385.092880 pid=6620 tid=6630] PERF_EVENT_IOC_ENABLE event_fd=354
[385.095389 pid=6620 tid=6630] perf_event_open type=8 config=1 config1=140636494273904 config2=0 pid=-1 cpu=0 group_fd=-1 flags=8 kprobe_func=__x64_sys_execveat kprobe_addr=0 -> fd=357 errno=0
[385.095503 pid=6620 tid=6630] BPF_LINK_CREATE prog_fd=276 target_fd=357 attach_type=41 flags=0
[385.095597 pid=6620 tid=6630] BPF_PERF_EVENT target retained target_fd=357 hold_fd=359 link_fd=358
[385.095696 pid=6620 tid=6630] BPF_TASK_FD_QUERY target_fd=357 attach_type=41 -> ret=0 errno=0 fd_type=3 prog_id=573 probe_offset=0 probe_addr=18446744072491568208 symbol=__x64_sys_execveat
[385.095795 pid=6620 tid=6630]   LINK_CREATE -> fd=358 errno=0 kernel_link_id=158
[385.095895 pid=6620 tid=6630] PERF_EVENT_IOC_ENABLE event_fd=357
[385.125147 pid=6620 tid=6628] perf_event_open type=9 config=0 config1=140636625017216 config2=28912480 pid=-1 cpu=0 group_fd=-1 flags=8 uprobe_path=/proc/self/exe probe_offset=28912480 -> fd=361 errno=0
[385.125516 pid=6620 tid=6628] BPF_LINK_CREATE prog_fd=179 target_fd=361 attach_type=41 flags=0
[385.125613 pid=6620 tid=6628] BPF_PERF_EVENT target retained target_fd=361 hold_fd=363 link_fd=362
[385.125904 pid=6620 tid=6628] BPF_TASK_FD_QUERY target_fd=361 attach_type=41 -> ret=0 errno=0 fd_type=4 prog_id=282 probe_offset=28912480 probe_addr=0 symbol=/proc/self/exe
[385.126106 pid=6620 tid=6628]   LINK_CREATE -> fd=362 errno=0 kernel_link_id=159
[385.126178 pid=6620 tid=6628] PERF_EVENT_IOC_ENABLE event_fd=361
[385.132108 pid=6620 tid=6628] perf_event_open type=8 config=0 config1=140636623958896 config2=0 pid=-1 cpu=0 group_fd=-1 flags=8 kprobe_func=security_file_permission kprobe_addr=0 -> fd=360 errno=0
[385.132319 pid=6620 tid=6628] BPF_LINK_CREATE prog_fd=262 target_fd=360 attach_type=41 flags=0
[385.132438 pid=6620 tid=6628] BPF_PERF_EVENT target retained target_fd=360 hold_fd=365 link_fd=364
[385.132557 pid=6620 tid=6628] BPF_TASK_FD_QUERY target_fd=360 attach_type=41 -> ret=0 errno=0 fd_type=2 prog_id=531 probe_offset=0 probe_addr=18446744072494437488 symbol=security_file_permission
[385.132659 pid=6620 tid=6628]   LINK_CREATE -> fd=364 errno=0 kernel_link_id=160
[385.132760 pid=6620 tid=6628] PERF_EVENT_IOC_ENABLE event_fd=360
[385.135909 pid=6620 tid=6628] perf_event_open type=8 config=0 config1=140636625014960 config2=0 pid=-1 cpu=0 group_fd=-1 flags=8 kprobe_func=vfs_utimes kprobe_addr=0 -> fd=366 errno=0
[385.136180 pid=6620 tid=6628] BPF_LINK_CREATE prog_fd=268 target_fd=366 attach_type=41 flags=0
[385.136261 pid=6620 tid=6628] BPF_PERF_EVENT target retained target_fd=366 hold_fd=368 link_fd=367
[385.136327 pid=6620 tid=6628] BPF_TASK_FD_QUERY target_fd=366 attach_type=41 -> ret=0 errno=0 fd_type=2 prog_id=549 probe_offset=0 probe_addr=18446744072491868288 symbol=vfs_utimes
[385.136398 pid=6620 tid=6628]   LINK_CREATE -> fd=367 errno=0 kernel_link_id=161
[385.136468 pid=6620 tid=6628] PERF_EVENT_IOC_ENABLE event_fd=366
[385.139934 pid=6620 tid=6628] perf_event_open type=8 config=1 config1=140636625014960 config2=0 pid=-1 cpu=0 group_fd=-1 flags=8 kprobe_func=do_splice kprobe_addr=0 -> fd=369 errno=0
[385.140298 pid=6620 tid=6628] BPF_LINK_CREATE prog_fd=256 target_fd=369 attach_type=41 flags=0
[385.140451 pid=6620 tid=6628] BPF_PERF_EVENT target retained target_fd=369 hold_fd=371 link_fd=370
[385.140570 pid=6620 tid=6628] BPF_TASK_FD_QUERY target_fd=369 attach_type=41 -> ret=0 errno=0 fd_type=3 prog_id=513 probe_offset=0 probe_addr=18446744072491861456 symbol=do_splice
[385.140673 pid=6620 tid=6628]   LINK_CREATE -> fd=370 errno=0 kernel_link_id=162
[385.140745 pid=6620 tid=6628] PERF_EVENT_IOC_ENABLE event_fd=369
[385.145076 pid=6620 tid=6628] perf_event_open type=8 config=0 config1=140636625014960 config2=0 pid=-1 cpu=0 group_fd=-1 flags=8 kprobe_func=security_mmap_addr kprobe_addr=0 -> fd=372 errno=0
[385.145284 pid=6620 tid=6628] BPF_LINK_CREATE prog_fd=241 target_fd=372 attach_type=41 flags=0
[385.145417 pid=6620 tid=6628] BPF_PERF_EVENT target retained target_fd=372 hold_fd=374 link_fd=373
[385.145529 pid=6620 tid=6628] BPF_TASK_FD_QUERY target_fd=372 attach_type=41 -> ret=0 errno=0 fd_type=2 prog_id=468 probe_offset=0 probe_addr=18446744072494439104 symbol=security_mmap_addr
[385.145629 pid=6620 tid=6628]   LINK_CREATE -> fd=373 errno=0 kernel_link_id=163
[385.145735 pid=6620 tid=6628] PERF_EVENT_IOC_ENABLE event_fd=372
[385.145851 pid=6620 tid=6628] BPF_RAW_TRACEPOINT_OPEN name=sys_enter prog_fd=69
[385.146248 pid=6620 tid=6628]   RAW_TRACEPOINT_OPEN -> fd=375 errno=0
[385.149268 pid=6620 tid=6628] perf_event_open type=8 config=0 config1=140636625014960 config2=0 pid=-1 cpu=0 group_fd=-1 flags=8 kprobe_func=do_exit kprobe_addr=0 -> fd=376 errno=0
[385.149751 pid=6620 tid=6628] BPF_LINK_CREATE prog_fd=195 target_fd=376 attach_type=41 flags=0
[385.150382 pid=6620 tid=6628] BPF_PERF_EVENT target retained target_fd=376 hold_fd=378 link_fd=377
[385.150781 pid=6620 tid=6628] BPF_TASK_FD_QUERY target_fd=376 attach_type=41 -> ret=0 errno=0 fd_type=2 prog_id=330 probe_offset=0 probe_addr=18446744072487712064 symbol=do_exit
[385.151075 pid=6620 tid=6628]   LINK_CREATE -> fd=377 errno=0 kernel_link_id=165
[385.151308 pid=6620 tid=6628] PERF_EVENT_IOC_ENABLE event_fd=376
[385.154729 pid=6620 tid=6628] perf_event_open type=8 config=1 config1=140636625014960 config2=0 pid=-1 cpu=0 group_fd=-1 flags=8 kprobe_func=vfs_readv kprobe_addr=0 -> fd=379 errno=0
[385.154913 pid=6620 tid=6628] BPF_LINK_CREATE prog_fd=239 target_fd=379 attach_type=41 flags=0
[385.155042 pid=6620 tid=6628] BPF_PERF_EVENT target retained target_fd=379 hold_fd=381 link_fd=380
[385.155164 pid=6620 tid=6628] BPF_TASK_FD_QUERY target_fd=379 attach_type=41 -> ret=0 errno=0 fd_type=3 prog_id=462 probe_offset=0 probe_addr=18446744072491513408 symbol=vfs_readv
[385.155274 pid=6620 tid=6628]   LINK_CREATE -> fd=380 errno=0 kernel_link_id=166
[385.155380 pid=6620 tid=6628] PERF_EVENT_IOC_ENABLE event_fd=379
[385.155492 pid=6620 tid=6628] BPF_RAW_TRACEPOINT_OPEN name=sched_process_free prog_fd=193
[385.155758 pid=6620 tid=6628]   RAW_TRACEPOINT_OPEN -> fd=382 errno=0
[385.160980 pid=6620 tid=6628] perf_event_open type=8 config=0 config1=140636625014960 config2=0 pid=-1 cpu=0 group_fd=-1 flags=8 kprobe_func=security_inode_symlink kprobe_addr=0 -> fd=383 errno=0
[385.161553 pid=6620 tid=6628] BPF_LINK_CREATE prog_fd=209 target_fd=383 attach_type=41 flags=0
[385.161895 pid=6620 tid=6628] BPF_PERF_EVENT target retained target_fd=383 hold_fd=385 link_fd=384
[385.162211 pid=6620 tid=6628] BPF_TASK_FD_QUERY target_fd=383 attach_type=41 -> ret=0 errno=0 fd_type=2 prog_id=372 probe_offset=0 probe_addr=18446744072494429952 symbol=security_inode_symlink
[385.162300 pid=6620 tid=6628]   LINK_CREATE -> fd=384 errno=0 kernel_link_id=168
[385.162386 pid=6620 tid=6628] PERF_EVENT_IOC_ENABLE event_fd=383
[385.166186 pid=6620 tid=6628] perf_event_open type=8 config=0 config1=140636623958896 config2=0 pid=-1 cpu=0 group_fd=-1 flags=8 kprobe_func=__x64_sys_process_vm_writev kprobe_addr=0 -> fd=386 errno=0
[385.166451 pid=6620 tid=6628] BPF_LINK_CREATE prog_fd=165 target_fd=386 attach_type=41 flags=0
[385.166741 pid=6620 tid=6628] BPF_PERF_EVENT target retained target_fd=386 hold_fd=388 link_fd=387
[385.166957 pid=6620 tid=6628] BPF_TASK_FD_QUERY target_fd=386 attach_type=41 -> ret=0 errno=0 fd_type=2 prog_id=225 probe_offset=0 probe_addr=18446744072490856832 symbol=__x64_sys_process_vm_writev
[385.167198 pid=6620 tid=6628]   LINK_CREATE -> fd=387 errno=0 kernel_link_id=169
[385.167279 pid=6620 tid=6628] PERF_EVENT_IOC_ENABLE event_fd=386
[385.170758 pid=6620 tid=6628] perf_event_open type=8 config=0 config1=140636623958896 config2=0 pid=-1 cpu=0 group_fd=-1 flags=8 kprobe_func=__ia32_sys_process_vm_writev kprobe_addr=0 -> fd=389 errno=0
[385.171156 pid=6620 tid=6628] BPF_LINK_CREATE prog_fd=165 target_fd=389 attach_type=41 flags=0
[385.171287 pid=6620 tid=6628] BPF_PERF_EVENT target retained target_fd=389 hold_fd=391 link_fd=390
[385.171592 pid=6620 tid=6628] BPF_TASK_FD_QUERY target_fd=389 attach_type=41 -> ret=0 errno=0 fd_type=2 prog_id=225 probe_offset=0 probe_addr=18446744072490856896 symbol=__ia32_sys_process_vm_writev
[385.171862 pid=6620 tid=6628]   LINK_CREATE -> fd=390 errno=0 kernel_link_id=170
[385.172156 pid=6620 tid=6628] PERF_EVENT_IOC_ENABLE event_fd=389
[385.175198 pid=6620 tid=6628] perf_event_open type=8 config=0 config1=140636623958896 config2=0 pid=-1 cpu=0 group_fd=-1 flags=8 kprobe_func=__ia32_compat_sys_process_vm_writev kprobe_addr=0 -> fd=392 errno=0
[385.175618 pid=6620 tid=6628] BPF_LINK_CREATE prog_fd=165 target_fd=392 attach_type=41 flags=0
[385.175829 pid=6620 tid=6628] BPF_PERF_EVENT target retained target_fd=392 hold_fd=394 link_fd=393
[385.176181 pid=6620 tid=6628] BPF_TASK_FD_QUERY target_fd=392 attach_type=41 -> ret=0 errno=0 fd_type=2 prog_id=225 probe_offset=0 probe_addr=18446744072487914304 symbol=__ia32_compat_sys_process_vm_writev
[385.176273 pid=6620 tid=6628]   LINK_CREATE -> fd=393 errno=0 kernel_link_id=171
[385.176358 pid=6620 tid=6628] PERF_EVENT_IOC_ENABLE event_fd=392
[385.180540 pid=6620 tid=6628] perf_event_open type=8 config=0 config1=140636624741408 config2=0 pid=-1 cpu=0 group_fd=-1 flags=8 kprobe_func=inotify_find_inode kprobe_addr=0 -> fd=395 errno=0
[385.180938 pid=6620 tid=6628] BPF_LINK_CREATE prog_fd=271 target_fd=395 attach_type=41 flags=0
[385.181247 pid=6620 tid=6628] BPF_PERF_EVENT target retained target_fd=395 hold_fd=397 link_fd=396
[385.181607 pid=6620 tid=6628] BPF_TASK_FD_QUERY target_fd=395 attach_type=41 -> ret=0 errno=0 fd_type=2 prog_id=558 probe_offset=0 probe_addr=18446744072491970992 symbol=inotify_find_inode
[385.181955 pid=6620 tid=6628]   LINK_CREATE -> fd=396 errno=0 kernel_link_id=172
[385.182299 pid=6620 tid=6628] PERF_EVENT_IOC_ENABLE event_fd=395
[385.186022 pid=6620 tid=6628] perf_event_open type=8 config=0 config1=140636624741408 config2=0 pid=-1 cpu=0 group_fd=-1 flags=8 kprobe_func=security_sb_umount kprobe_addr=0 -> fd=398 errno=0
[385.186278 pid=6620 tid=6628] BPF_LINK_CREATE prog_fd=284 target_fd=398 attach_type=41 flags=0
[385.186371 pid=6620 tid=6628] BPF_PERF_EVENT target retained target_fd=398 hold_fd=400 link_fd=399
[385.186819 pid=6620 tid=6628] BPF_TASK_FD_QUERY target_fd=398 attach_type=41 -> ret=0 errno=0 fd_type=2 prog_id=597 probe_offset=0 probe_addr=18446744072494426128 symbol=security_sb_umount
[385.187143 pid=6620 tid=6628]   LINK_CREATE -> fd=399 errno=0 kernel_link_id=173
[385.187347 pid=6620 tid=6628] PERF_EVENT_IOC_ENABLE event_fd=398
[385.192065 pid=6620 tid=6628] perf_event_open type=8 config=0 config1=140636624741408 config2=0 pid=-1 cpu=0 group_fd=-1 flags=8 kprobe_func=security_inode_rename kprobe_addr=0 -> fd=401 errno=0
[385.192278 pid=6620 tid=6628] BPF_LINK_CREATE prog_fd=264 target_fd=401 attach_type=41 flags=0
[385.192364 pid=6620 tid=6628] BPF_PERF_EVENT target retained target_fd=401 hold_fd=403 link_fd=402
[385.192855 pid=6620 tid=6628] BPF_TASK_FD_QUERY target_fd=401 attach_type=41 -> ret=0 errno=0 fd_type=2 prog_id=537 probe_offset=0 probe_addr=18446744072494430688 symbol=security_inode_rename
[385.193126 pid=6620 tid=6628]   LINK_CREATE -> fd=402 errno=0 kernel_link_id=174
[385.193213 pid=6620 tid=6628] PERF_EVENT_IOC_ENABLE event_fd=401
[385.197074 pid=6620 tid=6628] perf_event_open type=8 config=0 config1=140636624741408 config2=0 pid=-1 cpu=0 group_fd=-1 flags=8 kprobe_func=security_socket_sendmsg kprobe_addr=0 -> fd=404 errno=0
[385.197301 pid=6620 tid=6628] BPF_LINK_CREATE prog_fd=289 target_fd=404 attach_type=41 flags=0
[385.197660 pid=6620 tid=6628] BPF_PERF_EVENT target retained target_fd=404 hold_fd=406 link_fd=405
[385.197954 pid=6620 tid=6628] BPF_TASK_FD_QUERY target_fd=404 attach_type=41 -> ret=0 errno=0 fd_type=2 prog_id=612 probe_offset=0 probe_addr=18446744072494453184 symbol=security_socket_sendmsg
[385.198174 pid=6620 tid=6628]   LINK_CREATE -> fd=405 errno=0 kernel_link_id=175
[385.198281 pid=6620 tid=6628] PERF_EVENT_IOC_ENABLE event_fd=404
[385.198892 pid=6620 tid=6628] perf_event_open type=8 config=0 config1=140636624741408 config2=0 pid=-1 cpu=0 group_fd=-1 flags=8 kprobe_func=vfs_write kprobe_addr=0 -> fd=407 errno=0
[385.199226 pid=6620 tid=6628] BPF_LINK_CREATE prog_fd=221 target_fd=407 attach_type=41 flags=0
[385.199314 pid=6620 tid=6628] BPF_PERF_EVENT target retained target_fd=407 hold_fd=409 link_fd=408
[385.199404 pid=6620 tid=6628] BPF_TASK_FD_QUERY target_fd=407 attach_type=41 -> ret=0 errno=0 fd_type=2 prog_id=408 probe_offset=0 probe_addr=18446744072491522976 symbol=vfs_write
[385.199696 pid=6620 tid=6628]   LINK_CREATE -> fd=408 errno=0 kernel_link_id=176
[385.199937 pid=6620 tid=6628] PERF_EVENT_IOC_ENABLE event_fd=407
[385.204830 pid=6620 tid=6628] perf_event_open type=8 config=0 config1=140636624741408 config2=0 pid=-1 cpu=0 group_fd=-1 flags=8 kprobe_func=security_file_mprotect kprobe_addr=0 -> fd=410 errno=0
[385.205209 pid=6620 tid=6628] BPF_LINK_CREATE prog_fd=245 target_fd=410 attach_type=41 flags=0
[385.205338 pid=6620 tid=6628] BPF_PERF_EVENT target retained target_fd=410 hold_fd=412 link_fd=411
[385.205657 pid=6620 tid=6628] BPF_TASK_FD_QUERY target_fd=410 attach_type=41 -> ret=0 errno=0 fd_type=2 prog_id=480 probe_offset=0 probe_addr=18446744072494439280 symbol=security_file_mprotect
[385.205989 pid=6620 tid=6628]   LINK_CREATE -> fd=411 errno=0 kernel_link_id=177
[385.206114 pid=6620 tid=6628] PERF_EVENT_IOC_ENABLE event_fd=410
[385.209794 pid=6620 tid=6628] perf_event_open type=8 config=1 config1=140636623958896 config2=0 pid=-1 cpu=0 group_fd=-1 flags=8 kprobe_func=__ia32_compat_sys_execve kprobe_addr=0 -> fd=413 errno=0
[385.210043 pid=6620 tid=6628] BPF_LINK_CREATE prog_fd=276 target_fd=413 attach_type=41 flags=0
[385.210269 pid=6620 tid=6628] BPF_PERF_EVENT target retained target_fd=413 hold_fd=415 link_fd=414
[385.210350 pid=6620 tid=6628] BPF_TASK_FD_QUERY target_fd=413 attach_type=41 -> ret=0 errno=0 fd_type=3 prog_id=573 probe_offset=0 probe_addr=18446744072491567888 symbol=__ia32_compat_sys_execve
[385.210649 pid=6620 tid=6628]   LINK_CREATE -> fd=414 errno=0 kernel_link_id=178
[385.210903 pid=6620 tid=6628] PERF_EVENT_IOC_ENABLE event_fd=413
[385.214644 pid=6620 tid=6628] perf_event_open type=8 config=0 config1=140636624741408 config2=0 pid=-1 cpu=0 group_fd=-1 flags=8 kprobe_func=security_sk_clone kprobe_addr=0 -> fd=416 errno=0
[385.215155 pid=6620 tid=6628] BPF_LINK_CREATE prog_fd=287 target_fd=416 attach_type=41 flags=0
[385.215259 pid=6620 tid=6628] BPF_PERF_EVENT target retained target_fd=416 hold_fd=418 link_fd=417
[385.215347 pid=6620 tid=6628] BPF_TASK_FD_QUERY target_fd=416 attach_type=41 -> ret=0 errno=0 fd_type=2 prog_id=606 probe_offset=0 probe_addr=18446744072494409936 symbol=security_sk_clone
[385.215715 pid=6620 tid=6628]   LINK_CREATE -> fd=417 errno=0 kernel_link_id=179
[385.215943 pid=6620 tid=6628] PERF_EVENT_IOC_ENABLE event_fd=416
[385.219165 pid=6620 tid=6628] perf_event_open type=8 config=1 config1=140636624741408 config2=0 pid=-1 cpu=0 group_fd=-1 flags=8 kprobe_func=do_mmap kprobe_addr=0 -> fd=419 errno=0
[385.219423 pid=6620 tid=6628] BPF_LINK_CREATE prog_fd=243 target_fd=419 attach_type=41 flags=0
[385.219735 pid=6620 tid=6628] BPF_PERF_EVENT target retained target_fd=419 hold_fd=421 link_fd=420
[385.219975 pid=6620 tid=6628] BPF_TASK_FD_QUERY target_fd=419 attach_type=41 -> ret=0 errno=0 fd_type=3 prog_id=474 probe_offset=0 probe_addr=18446744072490720560 symbol=do_mmap
[385.220228 pid=6620 tid=6628]   LINK_CREATE -> fd=420 errno=0 kernel_link_id=180
[385.220305 pid=6620 tid=6628] PERF_EVENT_IOC_ENABLE event_fd=419
[385.220405 pid=6620 tid=6628] BPF_LINK_CREATE prog_fd=299 target_fd=422 attach_type=1 flags=0
[385.221151 pid=6620 tid=6628]   LINK_CREATE -> fd=423 errno=0 kernel_link_id=181
[385.221464 pid=6620 tid=6628] BPF_RAW_TRACEPOINT_OPEN name=sched_process_exit prog_fd=187
[385.222188 pid=6620 tid=6628]   RAW_TRACEPOINT_OPEN -> fd=422 errno=0
[385.225977 pid=6620 tid=6628] perf_event_open type=8 config=0 config1=140636624828496 config2=0 pid=-1 cpu=0 group_fd=-1 flags=8 kprobe_func=security_task_prctl kprobe_addr=0 -> fd=424 errno=0
[385.226248 pid=6620 tid=6628] BPF_LINK_CREATE prog_fd=282 target_fd=424 attach_type=41 flags=0
[385.226376 pid=6620 tid=6628] BPF_PERF_EVENT target retained target_fd=424 hold_fd=426 link_fd=425
[385.226667 pid=6620 tid=6628] BPF_TASK_FD_QUERY target_fd=424 attach_type=41 -> ret=0 errno=0 fd_type=2 prog_id=591 probe_offset=0 probe_addr=18446744072494445808 symbol=security_task_prctl
[385.226918 pid=6620 tid=6628]   LINK_CREATE -> fd=425 errno=0 kernel_link_id=183
[385.227172 pid=6620 tid=6628] PERF_EVENT_IOC_ENABLE event_fd=424
[385.231127 pid=6620 tid=6628] perf_event_open type=8 config=0 config1=140636624828496 config2=0 pid=-1 cpu=0 group_fd=-1 flags=8 kprobe_func=security_socket_listen kprobe_addr=0 -> fd=427 errno=0
[385.231366 pid=6620 tid=6628] BPF_LINK_CREATE prog_fd=213 target_fd=427 attach_type=41 flags=0
[385.231761 pid=6620 tid=6628] BPF_PERF_EVENT target retained target_fd=427 hold_fd=429 link_fd=428
[385.231978 pid=6620 tid=6628] BPF_TASK_FD_QUERY target_fd=427 attach_type=41 -> ret=0 errno=0 fd_type=2 prog_id=384 probe_offset=0 probe_addr=18446744072494452800 symbol=security_socket_listen
[385.232191 pid=6620 tid=6628]   LINK_CREATE -> fd=428 errno=0 kernel_link_id=184
[385.232275 pid=6620 tid=6628] PERF_EVENT_IOC_ENABLE event_fd=427
[385.235196 pid=6620 tid=6628] perf_event_open type=8 config=0 config1=140636624828496 config2=0 pid=-1 cpu=0 group_fd=-1 flags=8 kprobe_func=vfs_writev kprobe_addr=0 -> fd=430 errno=0
[385.235548 pid=6620 tid=6628] BPF_LINK_CREATE prog_fd=225 target_fd=430 attach_type=41 flags=0
[385.235894 pid=6620 tid=6628] BPF_PERF_EVENT target retained target_fd=430 hold_fd=432 link_fd=431
[385.236228 pid=6620 tid=6628] BPF_TASK_FD_QUERY target_fd=430 attach_type=41 -> ret=0 errno=0 fd_type=2 prog_id=420 probe_offset=0 probe_addr=18446744072491515552 symbol=vfs_writev
[385.236315 pid=6620 tid=6628]   LINK_CREATE -> fd=431 errno=0 kernel_link_id=185
[385.236566 pid=6620 tid=6628] PERF_EVENT_IOC_ENABLE event_fd=430
[385.236930 pid=6620 tid=6628] BPF_RAW_TRACEPOINT_OPEN name=cgroup_rmdir prog_fd=200
[385.238245 pid=6620 tid=6628]   RAW_TRACEPOINT_OPEN -> fd=433 errno=0
[385.238581 pid=6620 tid=6628] BPF_RAW_TRACEPOINT_OPEN name=sched_switch prog_fd=190
[385.238849 pid=6620 tid=6628]   RAW_TRACEPOINT_OPEN -> fd=434 errno=0
[385.244532 pid=6620 tid=6628] perf_event_open type=8 config=0 config1=140636624828496 config2=0 pid=-1 cpu=0 group_fd=-1 flags=8 kprobe_func=security_socket_recvmsg kprobe_addr=0 -> fd=435 errno=0
[385.244862 pid=6620 tid=6628] BPF_LINK_CREATE prog_fd=288 target_fd=435 attach_type=41 flags=0
[385.245187 pid=6620 tid=6628] BPF_PERF_EVENT target retained target_fd=435 hold_fd=437 link_fd=436
[385.245386 pid=6620 tid=6628] BPF_TASK_FD_QUERY target_fd=435 attach_type=41 -> ret=0 errno=0 fd_type=2 prog_id=609 probe_offset=0 probe_addr=18446744072494453424 symbol=security_socket_recvmsg
[385.245826 pid=6620 tid=6628]   LINK_CREATE -> fd=436 errno=0 kernel_link_id=188
[385.246271 pid=6620 tid=6628] PERF_EVENT_IOC_ENABLE event_fd=435
[385.250046 pid=6620 tid=6628] perf_event_open type=8 config=0 config1=140636624828496 config2=18446744072492148320 pid=-1 cpu=0 group_fd=-1 flags=8 kprobe_func= kprobe_addr=18446744072492148320 -> fd=438 errno=0
[385.250286 pid=6620 tid=6628] BPF_LINK_CREATE prog_fd=261 target_fd=438 attach_type=41 flags=0
[385.250610 pid=6620 tid=6628] BPF_PERF_EVENT target retained target_fd=438 hold_fd=440 link_fd=439
[385.250960 pid=6620 tid=6628] BPF_TASK_FD_QUERY target_fd=438 attach_type=41 -> ret=0 errno=0 fd_type=2 prog_id=528 probe_offset=0 probe_addr=18446744072492148320 symbol=
[385.251279 pid=6620 tid=6628]   LINK_CREATE -> fd=439 errno=0 kernel_link_id=189
[385.251369 pid=6620 tid=6628] PERF_EVENT_IOC_ENABLE event_fd=438
[385.254019 pid=6620 tid=6628] perf_event_open type=8 config=0 config1=140636624828496 config2=18446744072492137344 pid=-1 cpu=0 group_fd=-1 flags=8 kprobe_func= kprobe_addr=18446744072492137344 -> fd=441 errno=0
[385.254149 pid=6620 tid=6628] BPF_LINK_CREATE prog_fd=261 target_fd=441 attach_type=41 flags=0
[385.254364 pid=6620 tid=6628] BPF_PERF_EVENT target retained target_fd=441 hold_fd=443 link_fd=442
[385.254687 pid=6620 tid=6628] BPF_TASK_FD_QUERY target_fd=441 attach_type=41 -> ret=0 errno=0 fd_type=2 prog_id=528 probe_offset=0 probe_addr=18446744072492137344 symbol=
[385.255053 pid=6620 tid=6628]   LINK_CREATE -> fd=442 errno=0 kernel_link_id=190
[385.255181 pid=6620 tid=6628] PERF_EVENT_IOC_ENABLE event_fd=441
[385.255278 pid=6620 tid=6628] BPF_RAW_TRACEPOINT_OPEN name=cgroup_mkdir prog_fd=291
[385.256261 pid=6620 tid=6628]   RAW_TRACEPOINT_OPEN -> fd=444 errno=0
[385.260727 pid=6620 tid=6628] perf_event_open type=8 config=0 config1=140636624828496 config2=0 pid=-1 cpu=0 group_fd=-1 flags=8 kprobe_func=security_mmap_file kprobe_addr=0 -> fd=445 errno=0
[385.260995 pid=6620 tid=6628] BPF_LINK_CREATE prog_fd=244 target_fd=445 attach_type=41 flags=0
[385.261133 pid=6620 tid=6628] BPF_PERF_EVENT target retained target_fd=445 hold_fd=447 link_fd=446
[385.261259 pid=6620 tid=6628] BPF_TASK_FD_QUERY target_fd=445 attach_type=41 -> ret=0 errno=0 fd_type=2 prog_id=477 probe_offset=0 probe_addr=18446744072494438256 symbol=security_mmap_file
[385.261381 pid=6620 tid=6628]   LINK_CREATE -> fd=446 errno=0 kernel_link_id=192
[385.261457 pid=6620 tid=6628] PERF_EVENT_IOC_ENABLE event_fd=445
[385.265569 pid=6620 tid=6628] perf_event_open type=8 config=0 config1=140636623958896 config2=0 pid=-1 cpu=0 group_fd=-1 flags=8 kprobe_func=security_socket_setsockopt kprobe_addr=0 -> fd=448 errno=0
[385.265946 pid=6620 tid=6628] BPF_LINK_CREATE prog_fd=217 target_fd=448 attach_type=41 flags=0
[385.266172 pid=6620 tid=6628] BPF_PERF_EVENT target retained target_fd=448 hold_fd=450 link_fd=449
[385.266293 pid=6620 tid=6628] BPF_TASK_FD_QUERY target_fd=448 attach_type=41 -> ret=0 errno=0 fd_type=2 prog_id=396 probe_offset=0 probe_addr=18446744072494454304 symbol=security_socket_setsockopt
[385.266592 pid=6620 tid=6628]   LINK_CREATE -> fd=449 errno=0 kernel_link_id=193
[385.266884 pid=6620 tid=6628] PERF_EVENT_IOC_ENABLE event_fd=448
[385.268305 pid=6620 tid=6628] perf_event_open type=8 config=1 config1=140636625018848 config2=0 pid=-1 cpu=0 group_fd=-1 flags=8 kprobe_func=sock_alloc_file kprobe_addr=0 -> fd=451 errno=0
[385.268647 pid=6620 tid=6628] BPF_LINK_CREATE prog_fd=286 target_fd=451 attach_type=41 flags=0
[385.268984 pid=6620 tid=6628] BPF_PERF_EVENT target retained target_fd=451 hold_fd=453 link_fd=452
[385.269305 pid=6620 tid=6628] BPF_TASK_FD_QUERY target_fd=451 attach_type=41 -> ret=0 errno=0 fd_type=3 prog_id=603 probe_offset=0 probe_addr=18446744072498455184 symbol=sock_alloc_file
[385.269396 pid=6620 tid=6628]   LINK_CREATE -> fd=452 errno=0 kernel_link_id=194
[385.269826 pid=6620 tid=6628] PERF_EVENT_IOC_ENABLE event_fd=451
[385.270176 pid=6620 tid=6628] BPF_RAW_TRACEPOINT_OPEN name=sched_process_exec prog_fd=185
[385.270467 pid=6620 tid=6628]   RAW_TRACEPOINT_OPEN -> fd=454 errno=0
[385.350519 pid=6620 tid=6633] perf_event_open type=9 config=0 config1=536350656 config2=29539008 pid=-1 cpu=0 group_fd=-1 flags=8 uprobe_path=/proc/self/exe probe_offset=29539008 -> fd=456 errno=0
[385.351208 pid=6620 tid=6633] BPF_LINK_CREATE prog_fd=178 target_fd=456 attach_type=41 flags=0
[385.351708 pid=6620 tid=6633] BPF_PERF_EVENT target retained target_fd=456 hold_fd=458 link_fd=457
[385.352081 pid=6620 tid=6633] BPF_TASK_FD_QUERY target_fd=456 attach_type=41 -> ret=0 errno=0 fd_type=4 prog_id=279 probe_offset=29539008 probe_addr=0 symbol=/proc/self/exe
[385.352414 pid=6620 tid=6633]   LINK_CREATE -> fd=457 errno=0 kernel_link_id=196
[385.352764 pid=6620 tid=6633] PERF_EVENT_IOC_ENABLE event_fd=456
[385.357623 pid=6620 tid=6633] perf_event_open type=8 config=1 config1=536350656 config2=0 pid=-1 cpu=0 group_fd=-1 flags=8 kprobe_func=__x64_sys_dup2 kprobe_addr=0 -> fd=455 errno=0
[385.358066 pid=6620 tid=6633] BPF_LINK_CREATE prog_fd=93 target_fd=455 attach_type=41 flags=0
[385.358308 pid=6620 tid=6633] BPF_PERF_EVENT target retained target_fd=455 hold_fd=460 link_fd=459
[385.358636 pid=6620 tid=6633] BPF_TASK_FD_QUERY target_fd=455 attach_type=41 -> ret=0 errno=0 fd_type=3 prog_id=246 probe_offset=0 probe_addr=18446744072491707600 symbol=__x64_sys_dup2
[385.358715 pid=6620 tid=6633]   LINK_CREATE -> fd=459 errno=0 kernel_link_id=197
[385.358781 pid=6620 tid=6633] PERF_EVENT_IOC_ENABLE event_fd=455
[385.361800 pid=6620 tid=6633] perf_event_open type=8 config=1 config1=536350656 config2=0 pid=-1 cpu=0 group_fd=-1 flags=8 kprobe_func=__ia32_sys_dup2 kprobe_addr=0 -> fd=461 errno=0
[385.362163 pid=6620 tid=6633] BPF_LINK_CREATE prog_fd=93 target_fd=461 attach_type=41 flags=0
[385.362415 pid=6620 tid=6633] BPF_PERF_EVENT target retained target_fd=461 hold_fd=463 link_fd=462
[385.362618 pid=6620 tid=6633] BPF_TASK_FD_QUERY target_fd=461 attach_type=41 -> ret=0 errno=0 fd_type=3 prog_id=246 probe_offset=0 probe_addr=18446744072491707408 symbol=__ia32_sys_dup2
[385.362827 pid=6620 tid=6633]   LINK_CREATE -> fd=462 errno=0 kernel_link_id=198
[385.363151 pid=6620 tid=6633] PERF_EVENT_IOC_ENABLE event_fd=461
[385.366384 pid=6620 tid=6633] perf_event_open type=8 config=0 config1=536350656 config2=0 pid=-1 cpu=0 group_fd=-1 flags=8 kprobe_func=commit_creds kprobe_addr=0 -> fd=464 errno=0
[385.366752 pid=6620 tid=6633] BPF_LINK_CREATE prog_fd=205 target_fd=464 attach_type=41 flags=0
[385.367146 pid=6620 tid=6633] BPF_PERF_EVENT target retained target_fd=464 hold_fd=466 link_fd=465
[385.367408 pid=6620 tid=6633] BPF_TASK_FD_QUERY target_fd=464 attach_type=41 -> ret=0 errno=0 fd_type=2 prog_id=360 probe_offset=0 probe_addr=18446744072487937808 symbol=commit_creds
[385.367695 pid=6620 tid=6633]   LINK_CREATE -> fd=465 errno=0 kernel_link_id=199
[385.367972 pid=6620 tid=6633] PERF_EVENT_IOC_ENABLE event_fd=464
[385.371070 pid=6620 tid=6633] perf_event_open type=8 config=1 config1=536350656 config2=0 pid=-1 cpu=0 group_fd=-1 flags=8 kprobe_func=__kernel_write kprobe_addr=0 -> fd=467 errno=0
[385.371299 pid=6620 tid=6633] BPF_LINK_CREATE prog_fd=232 target_fd=467 attach_type=41 flags=0
[385.371666 pid=6620 tid=6633] BPF_PERF_EVENT target retained target_fd=467 hold_fd=469 link_fd=468
[385.371985 pid=6620 tid=6633] BPF_TASK_FD_QUERY target_fd=467 attach_type=41 -> ret=0 errno=0 fd_type=3 prog_id=441 probe_offset=0 probe_addr=18446744072491522416 symbol=__kernel_write
[385.372176 pid=6620 tid=6633]   LINK_CREATE -> fd=468 errno=0 kernel_link_id=200
[385.372245 pid=6620 tid=6633] PERF_EVENT_IOC_ENABLE event_fd=467
[385.375403 pid=6620 tid=6633] perf_event_open type=8 config=0 config1=536350656 config2=0 pid=-1 cpu=0 group_fd=-1 flags=8 kprobe_func=security_socket_bind kprobe_addr=0 -> fd=470 errno=0
[385.375713 pid=6620 tid=6633] BPF_LINK_CREATE prog_fd=216 target_fd=470 attach_type=41 flags=0
[385.376202 pid=6620 tid=6633] BPF_PERF_EVENT target retained target_fd=470 hold_fd=472 link_fd=471
[385.376315 pid=6620 tid=6633] BPF_TASK_FD_QUERY target_fd=470 attach_type=41 -> ret=0 errno=0 fd_type=2 prog_id=393 probe_offset=0 probe_addr=18446744072494452320 symbol=security_socket_bind
[385.376401 pid=6620 tid=6633]   LINK_CREATE -> fd=471 errno=0 kernel_link_id=201
[385.376780 pid=6620 tid=6633] PERF_EVENT_IOC_ENABLE event_fd=470
[385.397414 pid=6620 tid=6633] perf_event_open type=9 config=0 config1=536350656 config2=28915328 pid=-1 cpu=0 group_fd=-1 flags=8 uprobe_path=/proc/self/exe probe_offset=28915328 -> fd=474 errno=0
[385.397947 pid=6620 tid=6633] BPF_LINK_CREATE prog_fd=196 target_fd=474 attach_type=41 flags=0
[385.398181 pid=6620 tid=6633] BPF_PERF_EVENT target retained target_fd=474 hold_fd=476 link_fd=475
[385.398266 pid=6620 tid=6633] BPF_TASK_FD_QUERY target_fd=474 attach_type=41 -> ret=0 errno=0 fd_type=4 prog_id=333 probe_offset=28915328 probe_addr=0 symbol=/proc/self/exe
[385.398348 pid=6620 tid=6633]   LINK_CREATE -> fd=475 errno=0 kernel_link_id=202
[385.398637 pid=6620 tid=6633] PERF_EVENT_IOC_ENABLE event_fd=474
[385.402127 pid=6620 tid=6633] perf_event_open type=8 config=1 config1=536350656 config2=0 pid=-1 cpu=0 group_fd=-1 flags=8 kprobe_func=vfs_writev kprobe_addr=0 -> fd=473 errno=0
[385.402624 pid=6620 tid=6633] BPF_LINK_CREATE prog_fd=227 target_fd=473 attach_type=41 flags=0
[385.402950 pid=6620 tid=6633] BPF_PERF_EVENT target retained target_fd=473 hold_fd=478 link_fd=477
[385.403166 pid=6620 tid=6633] BPF_TASK_FD_QUERY target_fd=473 attach_type=41 -> ret=0 errno=0 fd_type=3 prog_id=426 probe_offset=0 probe_addr=18446744072491515552 symbol=vfs_writev
[385.403256 pid=6620 tid=6633]   LINK_CREATE -> fd=477 errno=0 kernel_link_id=203
[385.403345 pid=6620 tid=6633] PERF_EVENT_IOC_ENABLE event_fd=473
[385.407325 pid=6620 tid=6633] perf_event_open type=8 config=0 config1=536350656 config2=0 pid=-1 cpu=0 group_fd=-1 flags=8 kprobe_func=security_inode_mknod kprobe_addr=0 -> fd=479 errno=0
[385.407637 pid=6620 tid=6633] BPF_LINK_CREATE prog_fd=251 target_fd=479 attach_type=41 flags=0
[385.407965 pid=6620 tid=6633] BPF_PERF_EVENT target retained target_fd=479 hold_fd=481 link_fd=480
[385.408081 pid=6620 tid=6633] BPF_TASK_FD_QUERY target_fd=479 attach_type=41 -> ret=0 errno=0 fd_type=2 prog_id=498 probe_offset=0 probe_addr=18446744072494430400 symbol=security_inode_mknod
[385.408170 pid=6620 tid=6633]   LINK_CREATE -> fd=480 errno=0 kernel_link_id=204
[385.408259 pid=6620 tid=6633] PERF_EVENT_IOC_ENABLE event_fd=479
[385.411241 pid=6620 tid=6633] perf_event_open type=8 config=1 config1=536350656 config2=0 pid=-1 cpu=0 group_fd=-1 flags=8 kprobe_func=kallsyms_lookup_name kprobe_addr=0 -> fd=482 errno=0
[385.411361 pid=6620 tid=6633] BPF_LINK_CREATE prog_fd=266 target_fd=482 attach_type=41 flags=0
[385.411467 pid=6620 tid=6633] BPF_PERF_EVENT target retained target_fd=482 hold_fd=484 link_fd=483
[385.411567 pid=6620 tid=6633] BPF_TASK_FD_QUERY target_fd=482 attach_type=41 -> ret=0 errno=0 fd_type=3 prog_id=543 probe_offset=0 probe_addr=18446744072488860880 symbol=kallsyms_lookup_name
[385.411661 pid=6620 tid=6633]   LINK_CREATE -> fd=483 errno=0 kernel_link_id=205
[385.411722 pid=6620 tid=6633] PERF_EVENT_IOC_ENABLE event_fd=482
[385.432632 pid=6620 tid=6633] perf_event_open type=9 config=0 config1=536350656 config2=29045248 pid=-1 cpu=0 group_fd=-1 flags=8 uprobe_path=/proc/self/exe probe_offset=29045248 -> fd=486 errno=0
[385.433042 pid=6620 tid=6633] BPF_LINK_CREATE prog_fd=295 target_fd=486 attach_type=41 flags=0
[385.433167 pid=6620 tid=6633] BPF_PERF_EVENT target retained target_fd=486 hold_fd=488 link_fd=487
[385.433250 pid=6620 tid=6633] BPF_TASK_FD_QUERY target_fd=486 attach_type=41 -> ret=0 errno=0 fd_type=4 prog_id=639 probe_offset=29045248 probe_addr=0 symbol=/proc/self/exe
[385.433334 pid=6620 tid=6633]   LINK_CREATE -> fd=487 errno=0 kernel_link_id=206
[385.433428 pid=6620 tid=6633] PERF_EVENT_IOC_ENABLE event_fd=486
[385.438344 pid=6620 tid=6633] perf_event_open type=8 config=0 config1=536350656 config2=0 pid=-1 cpu=0 group_fd=-1 flags=8 kprobe_func=do_init_module kprobe_addr=0 -> fd=485 errno=0
[385.438913 pid=6620 tid=6633] BPF_LINK_CREATE prog_fd=259 target_fd=485 attach_type=41 flags=0
[385.439249 pid=6620 tid=6633] BPF_PERF_EVENT target retained target_fd=485 hold_fd=490 link_fd=489
[385.439363 pid=6620 tid=6633] BPF_TASK_FD_QUERY target_fd=485 attach_type=41 -> ret=0 errno=0 fd_type=2 prog_id=522 probe_offset=0 probe_addr=18446744072488652208 symbol=do_init_module
[385.439690 pid=6620 tid=6633]   LINK_CREATE -> fd=489 errno=0 kernel_link_id=207
[385.439992 pid=6620 tid=6633] PERF_EVENT_IOC_ENABLE event_fd=485
[385.440585 pid=6620 tid=6633] perf_event_open type=8 config=0 config1=536350656 config2=0 pid=-1 cpu=0 group_fd=-1 flags=8 kprobe_func=__x64_sys_arch_prctl kprobe_addr=0 -> fd=491 errno=0
[385.440753 pid=6620 tid=6633] BPF_LINK_CREATE prog_fd=167 target_fd=491 attach_type=41 flags=0
[385.441070 pid=6620 tid=6633] BPF_PERF_EVENT target retained target_fd=491 hold_fd=493 link_fd=492
[385.441255 pid=6620 tid=6633] BPF_TASK_FD_QUERY target_fd=491 attach_type=41 -> ret=0 errno=0 fd_type=2 prog_id=231 probe_offset=0 probe_addr=18446744072487242432 symbol=__x64_sys_arch_prctl
[385.441337 pid=6620 tid=6633]   LINK_CREATE -> fd=492 errno=0 kernel_link_id=208
[385.441663 pid=6620 tid=6633] PERF_EVENT_IOC_ENABLE event_fd=491
[385.442038 pid=6620 tid=6633] perf_event_open type=8 config=0 config1=536350656 config2=0 pid=-1 cpu=0 group_fd=-1 flags=8 kprobe_func=__ia32_sys_arch_prctl kprobe_addr=0 -> fd=494 errno=0
[385.442359 pid=6620 tid=6633] BPF_LINK_CREATE prog_fd=167 target_fd=494 attach_type=41 flags=0
[385.442541 pid=6620 tid=6633] BPF_PERF_EVENT target retained target_fd=494 hold_fd=496 link_fd=495
[385.442694 pid=6620 tid=6633] BPF_TASK_FD_QUERY target_fd=494 attach_type=41 -> ret=0 errno=0 fd_type=2 prog_id=231 probe_offset=0 probe_addr=18446744072487242304 symbol=__ia32_sys_arch_prctl
[385.442905 pid=6620 tid=6633]   LINK_CREATE -> fd=495 errno=0 kernel_link_id=209
[385.443100 pid=6620 tid=6633] PERF_EVENT_IOC_ENABLE event_fd=494
[385.444664 pid=6620 tid=6633] perf_event_open type=8 config=1 config1=536350656 config2=0 pid=-1 cpu=0 group_fd=-1 flags=8 kprobe_func=__kernel_write kprobe_addr=0 -> fd=497 errno=0
[385.445113 pid=6620 tid=6633] BPF_LINK_CREATE prog_fd=233 target_fd=497 attach_type=41 flags=0
[385.445334 pid=6620 tid=6633] BPF_PERF_EVENT target retained target_fd=497 hold_fd=499 link_fd=498
[385.445631 pid=6620 tid=6633] BPF_TASK_FD_QUERY target_fd=497 attach_type=41 -> ret=0 errno=0 fd_type=3 prog_id=444 probe_offset=0 probe_addr=18446744072491522416 symbol=__kernel_write
[385.445944 pid=6620 tid=6633]   LINK_CREATE -> fd=498 errno=0 kernel_link_id=210
[385.446254 pid=6620 tid=6633] PERF_EVENT_IOC_ENABLE event_fd=497
[385.449741 pid=6620 tid=6633] perf_event_open type=8 config=0 config1=536350656 config2=0 pid=-1 cpu=0 group_fd=-1 flags=8 kprobe_func=security_file_open kprobe_addr=0 -> fd=500 errno=0
[385.450029 pid=6620 tid=6633] BPF_LINK_CREATE prog_fd=202 target_fd=500 attach_type=41 flags=0
[385.450120 pid=6620 tid=6633] BPF_PERF_EVENT target retained target_fd=500 hold_fd=502 link_fd=501
[385.450208 pid=6620 tid=6633] BPF_TASK_FD_QUERY target_fd=500 attach_type=41 -> ret=0 errno=0 fd_type=2 prog_id=351 probe_offset=0 probe_addr=18446744072494440496 symbol=security_file_open
[385.450263 pid=6620 tid=6633]   LINK_CREATE -> fd=501 errno=0 kernel_link_id=211
[385.450351 pid=6620 tid=6633] PERF_EVENT_IOC_ENABLE event_fd=500
[385.451179 pid=6620 tid=6633] perf_event_open type=8 config=0 config1=536350656 config2=0 pid=-1 cpu=0 group_fd=-1 flags=8 kprobe_func=__kernel_write kprobe_addr=0 -> fd=503 errno=0
[385.451291 pid=6620 tid=6633] BPF_LINK_CREATE prog_fd=230 target_fd=503 attach_type=41 flags=0
[385.451379 pid=6620 tid=6633] BPF_PERF_EVENT target retained target_fd=503 hold_fd=505 link_fd=504
[385.451463 pid=6620 tid=6633] BPF_TASK_FD_QUERY target_fd=503 attach_type=41 -> ret=0 errno=0 fd_type=2 prog_id=435 probe_offset=0 probe_addr=18446744072491522416 symbol=__kernel_write
[385.451547 pid=6620 tid=6633]   LINK_CREATE -> fd=504 errno=0 kernel_link_id=212
[385.451636 pid=6620 tid=6633] PERF_EVENT_IOC_ENABLE event_fd=503
[385.451731 pid=6620 tid=6633] BPF_RAW_TRACEPOINT_OPEN name=sys_exit prog_fd=63
[385.453229 pid=6620 tid=6633]   RAW_TRACEPOINT_OPEN -> fd=506 errno=0
[385.456662 pid=6620 tid=6633] perf_event_open type=8 config=0 config1=536350656 config2=0 pid=-1 cpu=0 group_fd=-1 flags=8 kprobe_func=security_bprm_check kprobe_addr=0 -> fd=507 errno=0
[385.457330 pid=6620 tid=6633] BPF_LINK_CREATE prog_fd=293 target_fd=507 attach_type=41 flags=0
[385.457823 pid=6620 tid=6633] BPF_PERF_EVENT target retained target_fd=507 hold_fd=509 link_fd=508
[385.458132 pid=6620 tid=6633] BPF_TASK_FD_QUERY target_fd=507 attach_type=41 -> ret=0 errno=0 fd_type=2 prog_id=633 probe_offset=0 probe_addr=18446744072494423792 symbol=security_bprm_check
[385.458302 pid=6620 tid=6633]   LINK_CREATE -> fd=508 errno=0 kernel_link_id=214
[385.458829 pid=6620 tid=6633] PERF_EVENT_IOC_ENABLE event_fd=507
[385.459590 pid=6620 tid=6633] perf_event_open type=8 config=1 config1=536350656 config2=0 pid=-1 cpu=0 group_fd=-1 flags=8 kprobe_func=vfs_writev kprobe_addr=0 -> fd=510 errno=0
[385.460035 pid=6620 tid=6633] BPF_LINK_CREATE prog_fd=228 target_fd=510 attach_type=41 flags=0
[385.510128 pid=6620 tid=6633] BPF_PERF_EVENT target retained target_fd=510 hold_fd=512 link_fd=511
[385.510784 pid=6620 tid=6633] BPF_TASK_FD_QUERY target_fd=510 attach_type=41 -> ret=0 errno=0 fd_type=3 prog_id=429 probe_offset=0 probe_addr=18446744072491515552 symbol=vfs_writev
[385.511073 pid=6620 tid=6633]   LINK_CREATE -> fd=511 errno=0 kernel_link_id=215
[385.511162 pid=6620 tid=6633] PERF_EVENT_IOC_ENABLE event_fd=510
[385.511746 pid=6620 tid=6633] perf_event_open type=8 config=1 config1=536350656 config2=0 pid=-1 cpu=0 group_fd=-1 flags=8 kprobe_func=do_init_module kprobe_addr=0 -> fd=513 errno=0
[385.512172 pid=6620 tid=6633] BPF_LINK_CREATE prog_fd=260 target_fd=513 attach_type=41 flags=0
[385.512284 pid=6620 tid=6633] BPF_PERF_EVENT target retained target_fd=513 hold_fd=515 link_fd=514
[385.512374 pid=6620 tid=6633] BPF_TASK_FD_QUERY target_fd=513 attach_type=41 -> ret=0 errno=0 fd_type=3 prog_id=525 probe_offset=0 probe_addr=18446744072488652208 symbol=do_init_module
[385.512468 pid=6620 tid=6633]   LINK_CREATE -> fd=514 errno=0 kernel_link_id=216
[385.512805 pid=6620 tid=6633] PERF_EVENT_IOC_ENABLE event_fd=513
[385.516083 pid=6620 tid=6633] perf_event_open type=8 config=0 config1=536350656 config2=0 pid=-1 cpu=0 group_fd=-1 flags=8 kprobe_func=security_path_notify kprobe_addr=0 -> fd=516 errno=0
[385.516472 pid=6620 tid=6633] BPF_LINK_CREATE prog_fd=277 target_fd=516 attach_type=41 flags=0
[385.516713 pid=6620 tid=6633] BPF_PERF_EVENT target retained target_fd=516 hold_fd=518 link_fd=517
[385.516957 pid=6620 tid=6633] BPF_TASK_FD_QUERY target_fd=516 attach_type=41 -> ret=0 errno=0 fd_type=2 prog_id=576 probe_offset=0 probe_addr=18446744072494426704 symbol=security_path_notify
[385.517174 pid=6620 tid=6633]   LINK_CREATE -> fd=517 errno=0 kernel_link_id=217
[385.517255 pid=6620 tid=6633] PERF_EVENT_IOC_ENABLE event_fd=516
[385.519738 pid=6620 tid=6633] perf_event_open type=8 config=0 config1=536350656 config2=0 pid=-1 cpu=0 group_fd=-1 flags=8 kprobe_func=set_fs_pwd kprobe_addr=0 -> fd=519 errno=0
[385.519976 pid=6620 tid=6633] BPF_LINK_CREATE prog_fd=278 target_fd=519 attach_type=41 flags=0
[385.520185 pid=6620 tid=6633] BPF_PERF_EVENT target retained target_fd=519 hold_fd=521 link_fd=520
[385.520421 pid=6620 tid=6633] BPF_TASK_FD_QUERY target_fd=519 attach_type=41 -> ret=0 errno=0 fd_type=2 prog_id=579 probe_offset=0 probe_addr=18446744072491875456 symbol=set_fs_pwd
[385.520715 pid=6620 tid=6633]   LINK_CREATE -> fd=520 errno=0 kernel_link_id=218
[385.521030 pid=6620 tid=6633] PERF_EVENT_IOC_ENABLE event_fd=519
[385.521678 pid=6620 tid=6633] perf_event_open type=8 config=1 config1=140636153983056 config2=0 pid=-1 cpu=0 group_fd=-1 flags=8 kprobe_func=__x64_sys_process_vm_writev kprobe_addr=0 -> fd=522 errno=0
[385.521976 pid=6620 tid=6633] BPF_LINK_CREATE prog_fd=81 target_fd=522 attach_type=41 flags=0
[385.522193 pid=6620 tid=6633] BPF_PERF_EVENT target retained target_fd=522 hold_fd=524 link_fd=523
[385.522289 pid=6620 tid=6633] BPF_TASK_FD_QUERY target_fd=522 attach_type=41 -> ret=0 errno=0 fd_type=3 prog_id=228 probe_offset=0 probe_addr=18446744072490856832 symbol=__x64_sys_process_vm_writev
[385.522373 pid=6620 tid=6633]   LINK_CREATE -> fd=523 errno=0 kernel_link_id=219
[385.522720 pid=6620 tid=6633] PERF_EVENT_IOC_ENABLE event_fd=522
[385.523432 pid=6620 tid=6633] perf_event_open type=8 config=1 config1=140636153983056 config2=0 pid=-1 cpu=0 group_fd=-1 flags=8 kprobe_func=__ia32_sys_process_vm_writev kprobe_addr=0 -> fd=525 errno=0
[385.523790 pid=6620 tid=6633] BPF_LINK_CREATE prog_fd=81 target_fd=525 attach_type=41 flags=0
[385.524207 pid=6620 tid=6633] BPF_PERF_EVENT target retained target_fd=525 hold_fd=527 link_fd=526
[385.524388 pid=6620 tid=6633] BPF_TASK_FD_QUERY target_fd=525 attach_type=41 -> ret=0 errno=0 fd_type=3 prog_id=228 probe_offset=0 probe_addr=18446744072490856896 symbol=__ia32_sys_process_vm_writev
[385.524690 pid=6620 tid=6633]   LINK_CREATE -> fd=526 errno=0 kernel_link_id=220
[385.524897 pid=6620 tid=6633] PERF_EVENT_IOC_ENABLE event_fd=525
[385.525480 pid=6620 tid=6633] perf_event_open type=8 config=1 config1=140636153983056 config2=0 pid=-1 cpu=0 group_fd=-1 flags=8 kprobe_func=__ia32_compat_sys_process_vm_writev kprobe_addr=0 -> fd=528 errno=0
[385.525657 pid=6620 tid=6633] BPF_LINK_CREATE prog_fd=81 target_fd=528 attach_type=41 flags=0
[385.525767 pid=6620 tid=6633] BPF_PERF_EVENT target retained target_fd=528 hold_fd=530 link_fd=529
[385.525868 pid=6620 tid=6633] BPF_TASK_FD_QUERY target_fd=528 attach_type=41 -> ret=0 errno=0 fd_type=3 prog_id=228 probe_offset=0 probe_addr=18446744072487914304 symbol=__ia32_compat_sys_process_vm_writev
[385.525961 pid=6620 tid=6633]   LINK_CREATE -> fd=529 errno=0 kernel_link_id=221
[385.526051 pid=6620 tid=6633] PERF_EVENT_IOC_ENABLE event_fd=528
[385.529494 pid=6620 tid=6633] perf_event_open type=8 config=0 config1=140636154001776 config2=0 pid=-1 cpu=0 group_fd=-1 flags=8 kprobe_func=vfs_read kprobe_addr=0 -> fd=531 errno=0
[385.529619 pid=6620 tid=6633] BPF_LINK_CREATE prog_fd=235 target_fd=531 attach_type=41 flags=0
[385.529736 pid=6620 tid=6633] BPF_PERF_EVENT target retained target_fd=531 hold_fd=533 link_fd=532
[385.529836 pid=6620 tid=6633] BPF_TASK_FD_QUERY target_fd=531 attach_type=41 -> ret=0 errno=0 fd_type=2 prog_id=450 probe_offset=0 probe_addr=18446744072491520512 symbol=vfs_read
[385.529900 pid=6620 tid=6633]   LINK_CREATE -> fd=532 errno=0 kernel_link_id=222
[385.529969 pid=6620 tid=6633] PERF_EVENT_IOC_ENABLE event_fd=531
[385.530734 pid=6620 tid=6633] perf_event_open type=8 config=0 config1=140636154001776 config2=0 pid=-1 cpu=0 group_fd=-1 flags=8 kprobe_func=__kernel_write kprobe_addr=0 -> fd=534 errno=0
[385.530837 pid=6620 tid=6633] BPF_LINK_CREATE prog_fd=231 target_fd=534 attach_type=41 flags=0
[385.530928 pid=6620 tid=6633] BPF_PERF_EVENT target retained target_fd=534 hold_fd=536 link_fd=535
[385.530987 pid=6620 tid=6633] BPF_TASK_FD_QUERY target_fd=534 attach_type=41 -> ret=0 errno=0 fd_type=2 prog_id=438 probe_offset=0 probe_addr=18446744072491522416 symbol=__kernel_write
[385.531043 pid=6620 tid=6633]   LINK_CREATE -> fd=535 errno=0 kernel_link_id=223
[385.531133 pid=6620 tid=6633] PERF_EVENT_IOC_ENABLE event_fd=534
[385.534880 pid=6620 tid=6633] perf_event_open type=8 config=0 config1=140636154001776 config2=0 pid=-1 cpu=0 group_fd=-1 flags=8 kprobe_func=register_kprobe kprobe_addr=0 -> fd=537 errno=0
[385.535106 pid=6620 tid=6633] BPF_LINK_CREATE prog_fd=247 target_fd=537 attach_type=41 flags=0
[385.535300 pid=6620 tid=6633] BPF_PERF_EVENT target retained target_fd=537 hold_fd=539 link_fd=538
[385.535527 pid=6620 tid=6633] BPF_TASK_FD_QUERY target_fd=537 attach_type=41 -> ret=0 errno=0 fd_type=2 prog_id=486 probe_offset=0 probe_addr=18446744072489088592 symbol=register_kprobe
[385.535888 pid=6620 tid=6633]   LINK_CREATE -> fd=538 errno=0 kernel_link_id=224
[385.536192 pid=6620 tid=6633] PERF_EVENT_IOC_ENABLE event_fd=537
[385.540570 pid=6620 tid=6633] perf_event_open type=8 config=0 config1=140636153983056 config2=0 pid=-1 cpu=0 group_fd=-1 flags=8 kprobe_func=__cgroup_bpf_run_filter_skb kprobe_addr=0 -> fd=540 errno=0
[385.541189 pid=6620 tid=6633] BPF_LINK_CREATE prog_fd=290 target_fd=540 attach_type=41 flags=0
[385.541727 pid=6620 tid=6633] BPF_PERF_EVENT target retained target_fd=540 hold_fd=542 link_fd=541
[385.542189 pid=6620 tid=6633] BPF_TASK_FD_QUERY target_fd=540 attach_type=41 -> ret=0 errno=0 fd_type=2 prog_id=615 probe_offset=0 probe_addr=18446744072490057040 symbol=__cgroup_bpf_run_filter_skb
[385.542556 pid=6620 tid=6633]   LINK_CREATE -> fd=541 errno=0 kernel_link_id=225
[385.542874 pid=6620 tid=6633] PERF_EVENT_IOC_ENABLE event_fd=540
[385.547671 pid=6620 tid=6633] perf_event_open type=8 config=0 config1=140636154006128 config2=0 pid=-1 cpu=0 group_fd=-1 flags=8 kprobe_func=security_sb_mount kprobe_addr=0 -> fd=543 errno=0
[385.548224 pid=6620 tid=6633] BPF_LINK_CREATE prog_fd=203 target_fd=543 attach_type=41 flags=0
[385.548738 pid=6620 tid=6633] BPF_PERF_EVENT target retained target_fd=543 hold_fd=545 link_fd=544
[385.549299 pid=6620 tid=6633] BPF_TASK_FD_QUERY target_fd=543 attach_type=41 -> ret=0 errno=0 fd_type=2 prog_id=354 probe_offset=0 probe_addr=18446744072494425808 symbol=security_sb_mount
[385.549425 pid=6620 tid=6633]   LINK_CREATE -> fd=544 errno=0 kernel_link_id=226
[385.549657 pid=6620 tid=6633] PERF_EVENT_IOC_ENABLE event_fd=543
[385.554120 pid=6620 tid=6633] perf_event_open type=8 config=1 config1=140636153983056 config2=0 pid=-1 cpu=0 group_fd=-1 flags=8 kprobe_func=__ia32_compat_sys_execveat kprobe_addr=0 -> fd=546 errno=0
[385.554362 pid=6620 tid=6633] BPF_LINK_CREATE prog_fd=276 target_fd=546 attach_type=41 flags=0
[385.554804 pid=6620 tid=6633] BPF_PERF_EVENT target retained target_fd=546 hold_fd=548 link_fd=547
[385.555315 pid=6620 tid=6633] BPF_TASK_FD_QUERY target_fd=546 attach_type=41 -> ret=0 errno=0 fd_type=3 prog_id=573 probe_offset=0 probe_addr=18446744072491567760 symbol=__ia32_compat_sys_execveat
[385.555706 pid=6620 tid=6633]   LINK_CREATE -> fd=547 errno=0 kernel_link_id=227
[385.556015 pid=6620 tid=6633] PERF_EVENT_IOC_ENABLE event_fd=546
[385.610481 pid=6620 tid=6628] perf_event_open type=9 config=0 config1=140636625018848 config2=28912448 pid=-1 cpu=0 group_fd=-1 flags=8 uprobe_path=/proc/self/exe probe_offset=28912448 -> fd=550 errno=0
[385.611228 pid=6620 tid=6628] BPF_LINK_CREATE prog_fd=180 target_fd=550 attach_type=41 flags=0
[385.611892 pid=6620 tid=6628] BPF_PERF_EVENT target retained target_fd=550 hold_fd=552 link_fd=551
[385.612445 pid=6620 tid=6628] BPF_TASK_FD_QUERY target_fd=550 attach_type=41 -> ret=0 errno=0 fd_type=4 prog_id=285 probe_offset=28912448 probe_addr=0 symbol=/proc/self/exe
[385.612966 pid=6620 tid=6628]   LINK_CREATE -> fd=551 errno=0 kernel_link_id=228
[385.613165 pid=6620 tid=6628] PERF_EVENT_IOC_ENABLE event_fd=550
[385.615592 pid=6620 tid=6628] BPF_RAW_TRACEPOINT_OPEN name=sched_process_fork prog_fd=175
[385.617337 pid=6620 tid=6628]   RAW_TRACEPOINT_OPEN -> fd=549 errno=0
[385.621892 pid=6620 tid=6628] perf_event_open type=8 config=0 config1=140636625018848 config2=0 pid=-1 cpu=0 group_fd=-1 flags=8 kprobe_func=cap_capable kprobe_addr=0 -> fd=553 errno=0
[385.622280 pid=6620 tid=6628] BPF_LINK_CREATE prog_fd=207 target_fd=553 attach_type=41 flags=0
[385.622386 pid=6620 tid=6628] BPF_PERF_EVENT target retained target_fd=553 hold_fd=555 link_fd=554
[385.622753 pid=6620 tid=6628] BPF_TASK_FD_QUERY target_fd=553 attach_type=41 -> ret=0 errno=0 fd_type=2 prog_id=366 probe_offset=0 probe_addr=18446744072494396096 symbol=cap_capable
[385.623067 pid=6620 tid=6628]   LINK_CREATE -> fd=554 errno=0 kernel_link_id=230
[385.623278 pid=6620 tid=6628] PERF_EVENT_IOC_ENABLE event_fd=553
[385.627118 pid=6620 tid=6628] perf_event_open type=8 config=0 config1=140636625018848 config2=0 pid=-1 cpu=0 group_fd=-1 flags=8 kprobe_func=exec_binprm kprobe_addr=0 -> fd=556 errno=0
[385.627360 pid=6620 tid=6628] BPF_LINK_CREATE prog_fd=274 target_fd=556 attach_type=41 flags=0
[385.627666 pid=6620 tid=6628] BPF_PERF_EVENT target retained target_fd=556 hold_fd=558 link_fd=557
[385.627978 pid=6620 tid=6628] BPF_TASK_FD_QUERY target_fd=556 attach_type=41 -> ret=0 errno=0 fd_type=2 prog_id=567 probe_offset=0 probe_addr=18446744072491559760 symbol=exec_binprm
[385.628186 pid=6620 tid=6628]   LINK_CREATE -> fd=557 errno=0 kernel_link_id=231
[385.628283 pid=6620 tid=6628] PERF_EVENT_IOC_ENABLE event_fd=556
[385.628736 pid=6620 tid=6628] perf_event_open type=8 config=0 config1=140636625018848 config2=0 pid=-1 cpu=0 group_fd=-1 flags=8 kprobe_func=__x64_sys_ptrace kprobe_addr=0 -> fd=559 errno=0
[385.628931 pid=6620 tid=6628] BPF_LINK_CREATE prog_fd=96 target_fd=559 attach_type=41 flags=0
[385.629130 pid=6620 tid=6628] BPF_PERF_EVENT target retained target_fd=559 hold_fd=561 link_fd=560
[385.629319 pid=6620 tid=6628] BPF_TASK_FD_QUERY target_fd=559 attach_type=41 -> ret=0 errno=0 fd_type=2 prog_id=219 probe_offset=0 probe_addr=18446744072487752768 symbol=__x64_sys_ptrace
[385.629545 pid=6620 tid=6628]   LINK_CREATE -> fd=560 errno=0 kernel_link_id=232
[385.629740 pid=6620 tid=6628] PERF_EVENT_IOC_ENABLE event_fd=559
[385.630134 pid=6620 tid=6628] perf_event_open type=8 config=0 config1=140636625018848 config2=0 pid=-1 cpu=0 group_fd=-1 flags=8 kprobe_func=__ia32_sys_ptrace kprobe_addr=0 -> fd=562 errno=0
[385.630233 pid=6620 tid=6628] BPF_LINK_CREATE prog_fd=96 target_fd=562 attach_type=41 flags=0
[385.630321 pid=6620 tid=6628] BPF_PERF_EVENT target retained target_fd=562 hold_fd=564 link_fd=563
[385.630382 pid=6620 tid=6628] BPF_TASK_FD_QUERY target_fd=562 attach_type=41 -> ret=0 errno=0 fd_type=2 prog_id=219 probe_offset=0 probe_addr=18446744072487752096 symbol=__ia32_sys_ptrace
[385.630438 pid=6620 tid=6628]   LINK_CREATE -> fd=563 errno=0 kernel_link_id=233
[385.630498 pid=6620 tid=6628] PERF_EVENT_IOC_ENABLE event_fd=562
[385.630842 pid=6620 tid=6628] perf_event_open type=8 config=0 config1=140636623958896 config2=0 pid=-1 cpu=0 group_fd=-1 flags=8 kprobe_func=__ia32_compat_sys_ptrace kprobe_addr=0 -> fd=565 errno=0
[385.630909 pid=6620 tid=6628] BPF_LINK_CREATE prog_fd=96 target_fd=565 attach_type=41 flags=0
[385.631075 pid=6620 tid=6628] BPF_PERF_EVENT target retained target_fd=565 hold_fd=567 link_fd=566
[385.631173 pid=6620 tid=6628] BPF_TASK_FD_QUERY target_fd=565 attach_type=41 -> ret=0 errno=0 fd_type=2 prog_id=219 probe_offset=0 probe_addr=18446744072487752432 symbol=__ia32_compat_sys_ptrace
[385.631238 pid=6620 tid=6628]   LINK_CREATE -> fd=566 errno=0 kernel_link_id=234
[385.631308 pid=6620 tid=6628] PERF_EVENT_IOC_ENABLE event_fd=565
[385.631896 pid=6620 tid=6628] perf_event_open type=8 config=1 config1=140636625018848 config2=0 pid=-1 cpu=0 group_fd=-1 flags=8 kprobe_func=vfs_read kprobe_addr=0 -> fd=568 errno=0
[385.631965 pid=6620 tid=6628] BPF_LINK_CREATE prog_fd=236 target_fd=568 attach_type=41 flags=0
[385.632168 pid=6620 tid=6628] BPF_PERF_EVENT target retained target_fd=568 hold_fd=570 link_fd=569
[385.632262 pid=6620 tid=6628] BPF_TASK_FD_QUERY target_fd=568 attach_type=41 -> ret=0 errno=0 fd_type=3 prog_id=453 probe_offset=0 probe_addr=18446744072491520512 symbol=vfs_read
[385.632346 pid=6620 tid=6628]   LINK_CREATE -> fd=569 errno=0 kernel_link_id=235
[385.632719 pid=6620 tid=6628] PERF_EVENT_IOC_ENABLE event_fd=568
[385.633027 pid=6620 tid=6628] BPF_LINK_CREATE prog_fd=298 target_fd=571 attach_type=0 flags=0
[385.633909 pid=6620 tid=6628]   LINK_CREATE -> fd=572 errno=0 kernel_link_id=236
[385.634901 pid=6620 tid=6628] perf_event_open type=8 config=1 config1=140636624968272 config2=0 pid=-1 cpu=0 group_fd=-1 flags=8 kprobe_func=__register_chrdev kprobe_addr=0 -> fd=571 errno=0
[385.635425 pid=6620 tid=6628] BPF_LINK_CREATE prog_fd=254 target_fd=571 attach_type=41 flags=0
[385.636005 pid=6620 tid=6628] BPF_PERF_EVENT target retained target_fd=571 hold_fd=574 link_fd=573
[385.636340 pid=6620 tid=6628] BPF_TASK_FD_QUERY target_fd=571 attach_type=41 -> ret=0 errno=0 fd_type=3 prog_id=507 probe_offset=0 probe_addr=18446744072491548384 symbol=__register_chrdev
[385.636721 pid=6620 tid=6628]   LINK_CREATE -> fd=573 errno=0 kernel_link_id=237
[385.637205 pid=6620 tid=6628] PERF_EVENT_IOC_ENABLE event_fd=571
[385.641282 pid=6620 tid=6628] perf_event_open type=8 config=0 config1=140636624968272 config2=0 pid=-1 cpu=0 group_fd=-1 flags=8 kprobe_func=__x64_sys_dup3 kprobe_addr=0 -> fd=575 errno=0
[385.641901 pid=6620 tid=6628] BPF_LINK_CREATE prog_fd=173 target_fd=575 attach_type=41 flags=0
[385.642389 pid=6620 tid=6628] BPF_PERF_EVENT target retained target_fd=575 hold_fd=577 link_fd=576
[385.642903 pid=6620 tid=6628] BPF_TASK_FD_QUERY target_fd=575 attach_type=41 -> ret=0 errno=0 fd_type=2 prog_id=249 probe_offset=0 probe_addr=18446744072491707312 symbol=__x64_sys_dup3
[385.643189 pid=6620 tid=6628]   LINK_CREATE -> fd=576 errno=0 kernel_link_id=238
[385.643497 pid=6620 tid=6628] PERF_EVENT_IOC_ENABLE event_fd=575
[385.647876 pid=6620 tid=6628] perf_event_open type=8 config=0 config1=140636624968272 config2=0 pid=-1 cpu=0 group_fd=-1 flags=8 kprobe_func=__ia32_sys_dup3 kprobe_addr=0 -> fd=578 errno=0
[385.648316 pid=6620 tid=6628] BPF_LINK_CREATE prog_fd=173 target_fd=578 attach_type=41 flags=0
[385.648779 pid=6620 tid=6628] BPF_PERF_EVENT target retained target_fd=578 hold_fd=580 link_fd=579
[385.649156 pid=6620 tid=6628] BPF_TASK_FD_QUERY target_fd=578 attach_type=41 -> ret=0 errno=0 fd_type=2 prog_id=249 probe_offset=0 probe_addr=18446744072491707360 symbol=__ia32_sys_dup3
[385.649259 pid=6620 tid=6628]   LINK_CREATE -> fd=579 errno=0 kernel_link_id=239
[385.649348 pid=6620 tid=6628] PERF_EVENT_IOC_ENABLE event_fd=578
[385.654281 pid=6620 tid=6628] perf_event_open type=8 config=0 config1=140636624968272 config2=0 pid=-1 cpu=0 group_fd=-1 flags=8 kprobe_func=chmod_common kprobe_addr=0 -> fd=581 errno=0
[385.654733 pid=6620 tid=6628] BPF_LINK_CREATE prog_fd=281 target_fd=581 attach_type=41 flags=0
[385.654957 pid=6620 tid=6628] BPF_PERF_EVENT target retained target_fd=581 hold_fd=583 link_fd=582
[385.655078 pid=6620 tid=6628] BPF_TASK_FD_QUERY target_fd=581 attach_type=41 -> ret=0 errno=0 fd_type=2 prog_id=588 probe_offset=0 probe_addr=18446744072491501344 symbol=chmod_common
[385.655146 pid=6620 tid=6628]   LINK_CREATE -> fd=582 errno=0 kernel_link_id=240
[385.655204 pid=6620 tid=6628] PERF_EVENT_IOC_ENABLE event_fd=581
[385.659619 pid=6620 tid=6628] perf_event_open type=8 config=0 config1=140636624968272 config2=0 pid=-1 cpu=0 group_fd=-1 flags=8 kprobe_func=security_socket_accept kprobe_addr=0 -> fd=584 errno=0
[385.659748 pid=6620 tid=6628] BPF_LINK_CREATE prog_fd=215 target_fd=584 attach_type=41 flags=0
[385.659861 pid=6620 tid=6628] BPF_PERF_EVENT target retained target_fd=584 hold_fd=586 link_fd=585
[385.659967 pid=6620 tid=6628] BPF_TASK_FD_QUERY target_fd=584 attach_type=41 -> ret=0 errno=0 fd_type=2 prog_id=390 probe_offset=0 probe_addr=18446744072494452992 symbol=security_socket_accept
[385.660074 pid=6620 tid=6628]   LINK_CREATE -> fd=585 errno=0 kernel_link_id=241
[385.660163 pid=6620 tid=6628] PERF_EVENT_IOC_ENABLE event_fd=584
[385.663530 pid=6620 tid=6628] perf_event_open type=8 config=0 config1=140636624968272 config2=0 pid=-1 cpu=0 group_fd=-1 flags=8 kprobe_func=do_truncate kprobe_addr=0 -> fd=587 errno=0
[385.663930 pid=6620 tid=6628] BPF_LINK_CREATE prog_fd=270 target_fd=587 attach_type=41 flags=0
[385.664057 pid=6620 tid=6628] BPF_PERF_EVENT target retained target_fd=587 hold_fd=589 link_fd=588
[385.664238 pid=6620 tid=6628] BPF_TASK_FD_QUERY target_fd=587 attach_type=41 -> ret=0 errno=0 fd_type=2 prog_id=555 probe_offset=0 probe_addr=18446744072491499344 symbol=do_truncate
[385.664606 pid=6620 tid=6628]   LINK_CREATE -> fd=588 errno=0 kernel_link_id=242
[385.664874 pid=6620 tid=6628] PERF_EVENT_IOC_ENABLE event_fd=587
[385.665196 pid=6620 tid=6628] BPF_RAW_TRACEPOINT_OPEN name=cgroup_rmdir prog_fd=292
[385.666815 pid=6620 tid=6628]   RAW_TRACEPOINT_OPEN -> fd=590 errno=0
[385.667326 pid=6620 tid=6628] BPF_RAW_TRACEPOINT_OPEN name=sys_enter prog_fd=24
[385.668329 pid=6620 tid=6628]   RAW_TRACEPOINT_OPEN -> fd=591 errno=0
[385.669025 pid=6620 tid=6628] BPF_RAW_TRACEPOINT_OPEN name=sched_process_exec prog_fd=294
[385.670879 pid=6620 tid=6628]   RAW_TRACEPOINT_OPEN -> fd=592 errno=0
[385.671260 pid=6620 tid=6628] BPF_RAW_TRACEPOINT_OPEN name=module_load prog_fd=257
[385.671801 pid=6620 tid=6628]   RAW_TRACEPOINT_OPEN -> fd=593 errno=0
[385.675359 pid=6620 tid=6628] perf_event_open type=8 config=0 config1=140636624968272 config2=0 pid=-1 cpu=0 group_fd=-1 flags=8 kprobe_func=call_usermodehelper kprobe_addr=0 -> fd=594 errno=0
[385.675713 pid=6620 tid=6628] BPF_LINK_CREATE prog_fd=194 target_fd=594 attach_type=41 flags=0
[385.676035 pid=6620 tid=6628] BPF_PERF_EVENT target retained target_fd=594 hold_fd=596 link_fd=595
[385.676232 pid=6620 tid=6628] BPF_TASK_FD_QUERY target_fd=594 attach_type=41 -> ret=0 errno=0 fd_type=2 prog_id=327 probe_offset=0 probe_addr=18446744072487827728 symbol=call_usermodehelper
[385.676435 pid=6620 tid=6628]   LINK_CREATE -> fd=595 errno=0 kernel_link_id=247
[385.676752 pid=6620 tid=6628] PERF_EVENT_IOC_ENABLE event_fd=594
[385.681330 pid=6620 tid=6628] perf_event_open type=8 config=0 config1=140636624968272 config2=0 pid=-1 cpu=0 group_fd=-1 flags=8 kprobe_func=__debugfs_create_file kprobe_addr=0 -> fd=597 errno=0
[385.681741 pid=6620 tid=6628] BPF_LINK_CREATE prog_fd=211 target_fd=597 attach_type=41 flags=0
[385.682151 pid=6620 tid=6628] BPF_PERF_EVENT target retained target_fd=597 hold_fd=599 link_fd=598
[385.682335 pid=6620 tid=6628] BPF_TASK_FD_QUERY target_fd=597 attach_type=41 -> ret=0 errno=0 fd_type=2 prog_id=378 probe_offset=0 probe_addr=18446744072494238608 symbol=__debugfs_create_file
[385.682803 pid=6620 tid=6628]   LINK_CREATE -> fd=598 errno=0 kernel_link_id=248
[385.683221 pid=6620 tid=6628] PERF_EVENT_IOC_ENABLE event_fd=597
[385.684190 pid=6620 tid=6628] perf_event_open type=8 config=0 config1=140636624968272 config2=0 pid=-1 cpu=0 group_fd=-1 flags=8 kprobe_func=__x64_sys_dup2 kprobe_addr=0 -> fd=600 errno=0
[385.684749 pid=6620 tid=6628] BPF_LINK_CREATE prog_fd=171 target_fd=600 attach_type=41 flags=0
[385.685344 pid=6620 tid=6628] BPF_PERF_EVENT target retained target_fd=600 hold_fd=602 link_fd=601
[385.685663 pid=6620 tid=6628] BPF_TASK_FD_QUERY target_fd=600 attach_type=41 -> ret=0 errno=0 fd_type=2 prog_id=243 probe_offset=0 probe_addr=18446744072491707600 symbol=__x64_sys_dup2
[385.685948 pid=6620 tid=6628]   LINK_CREATE -> fd=601 errno=0 kernel_link_id=249
[385.686245 pid=6620 tid=6628] PERF_EVENT_IOC_ENABLE event_fd=600
[385.686901 pid=6620 tid=6628] perf_event_open type=8 config=0 config1=140636624968272 config2=0 pid=-1 cpu=0 group_fd=-1 flags=8 kprobe_func=__ia32_sys_dup2 kprobe_addr=0 -> fd=603 errno=0
[385.687154 pid=6620 tid=6628] BPF_LINK_CREATE prog_fd=171 target_fd=603 attach_type=41 flags=0
[385.687376 pid=6620 tid=6628] BPF_PERF_EVENT target retained target_fd=603 hold_fd=605 link_fd=604
[385.687622 pid=6620 tid=6628] BPF_TASK_FD_QUERY target_fd=603 attach_type=41 -> ret=0 errno=0 fd_type=2 prog_id=243 probe_offset=0 probe_addr=18446744072491707408 symbol=__ia32_sys_dup2
[385.687856 pid=6620 tid=6628]   LINK_CREATE -> fd=604 errno=0 kernel_link_id=250
[385.688036 pid=6620 tid=6628] PERF_EVENT_IOC_ENABLE event_fd=603
[385.693617 pid=6620 tid=6628] perf_event_open type=8 config=0 config1=140636624968272 config2=0 pid=-1 cpu=0 group_fd=-1 flags=8 kprobe_func=security_task_setrlimit kprobe_addr=0 -> fd=606 errno=0
[385.693962 pid=6620 tid=6628] BPF_LINK_CREATE prog_fd=279 target_fd=606 attach_type=41 flags=0
[385.694182 pid=6620 tid=6628] BPF_PERF_EVENT target retained target_fd=606 hold_fd=608 link_fd=607
[385.694288 pid=6620 tid=6628] BPF_TASK_FD_QUERY target_fd=606 attach_type=41 -> ret=0 errno=0 fd_type=2 prog_id=582 probe_offset=0 probe_addr=18446744072494444752 symbol=security_task_setrlimit
[385.694356 pid=6620 tid=6628]   LINK_CREATE -> fd=607 errno=0 kernel_link_id=251
[385.694687 pid=6620 tid=6628] PERF_EVENT_IOC_ENABLE event_fd=606
[385.695499 pid=6620 tid=6628] perf_event_open type=8 config=1 config1=140636624968272 config2=0 pid=-1 cpu=0 group_fd=-1 flags=8 kprobe_func=vfs_write kprobe_addr=0 -> fd=609 errno=0
[385.696067 pid=6620 tid=6628] BPF_LINK_CREATE prog_fd=223 target_fd=609 attach_type=41 flags=0
[385.696293 pid=6620 tid=6628] BPF_PERF_EVENT target retained target_fd=609 hold_fd=611 link_fd=610
[385.696693 pid=6620 tid=6628] BPF_TASK_FD_QUERY target_fd=609 attach_type=41 -> ret=0 errno=0 fd_type=3 prog_id=414 probe_offset=0 probe_addr=18446744072491522976 symbol=vfs_write
[385.696939 pid=6620 tid=6628]   LINK_CREATE -> fd=610 errno=0 kernel_link_id=252
[385.697187 pid=6620 tid=6628] PERF_EVENT_IOC_ENABLE event_fd=609
[385.700952 pid=6620 tid=6628] perf_event_open type=8 config=0 config1=140636624968272 config2=0 pid=-1 cpu=0 group_fd=-1 flags=8 kprobe_func=device_add kprobe_addr=0 -> fd=612 errno=0
[385.701372 pid=6620 tid=6628] BPF_LINK_CREATE prog_fd=252 target_fd=612 attach_type=41 flags=0
[385.701835 pid=6620 tid=6628] BPF_PERF_EVENT target retained target_fd=612 hold_fd=614 link_fd=613
[385.702113 pid=6620 tid=6628] BPF_TASK_FD_QUERY target_fd=612 attach_type=41 -> ret=0 errno=0 fd_type=2 prog_id=501 probe_offset=0 probe_addr=18446744072497385184 symbol=device_add
[385.702337 pid=6620 tid=6628]   LINK_CREATE -> fd=613 errno=0 kernel_link_id=253
[385.702600 pid=6620 tid=6628] PERF_EVENT_IOC_ENABLE event_fd=612
[385.703225 pid=6620 tid=6628] perf_event_open type=8 config=0 config1=140636624968272 config2=0 pid=-1 cpu=0 group_fd=-1 flags=8 kprobe_func=kallsyms_lookup_name kprobe_addr=0 -> fd=615 errno=0
[385.703581 pid=6620 tid=6628] BPF_LINK_CREATE prog_fd=265 target_fd=615 attach_type=41 flags=0
[385.703927 pid=6620 tid=6628] BPF_PERF_EVENT target retained target_fd=615 hold_fd=617 link_fd=616
[385.704240 pid=6620 tid=6628] BPF_TASK_FD_QUERY target_fd=615 attach_type=41 -> ret=0 errno=0 fd_type=2 prog_id=540 probe_offset=0 probe_addr=18446744072488860880 symbol=kallsyms_lookup_name
[385.704344 pid=6620 tid=6628]   LINK_CREATE -> fd=616 errno=0 kernel_link_id=254
[385.704781 pid=6620 tid=6628] PERF_EVENT_IOC_ENABLE event_fd=615
[385.708832 pid=6620 tid=6628] perf_event_open type=8 config=0 config1=140636624968272 config2=0 pid=-1 cpu=0 group_fd=-1 flags=8 kprobe_func=debugfs_create_dir kprobe_addr=0 -> fd=618 errno=0
[385.709228 pid=6620 tid=6628] BPF_LINK_CREATE prog_fd=212 target_fd=618 attach_type=41 flags=0
[385.709652 pid=6620 tid=6628] BPF_PERF_EVENT target retained target_fd=618 hold_fd=620 link_fd=619
[385.710168 pid=6620 tid=6628] BPF_TASK_FD_QUERY target_fd=618 attach_type=41 -> ret=0 errno=0 fd_type=2 prog_id=381 probe_offset=0 probe_addr=18446744072494239600 symbol=debugfs_create_dir
[385.710721 pid=6620 tid=6628]   LINK_CREATE -> fd=619 errno=0 kernel_link_id=255
[385.711388 pid=6620 tid=6628] PERF_EVENT_IOC_ENABLE event_fd=618
[385.716075 pid=6620 tid=6628] perf_event_open type=8 config=0 config1=140636624968272 config2=0 pid=-1 cpu=0 group_fd=-1 flags=8 kprobe_func=security_socket_connect kprobe_addr=0 -> fd=621 errno=0
[385.716731 pid=6620 tid=6628] BPF_LINK_CREATE prog_fd=214 target_fd=621 attach_type=41 flags=0
[385.717258 pid=6620 tid=6628] BPF_PERF_EVENT target retained target_fd=621 hold_fd=623 link_fd=622
[385.717496 pid=6620 tid=6628] BPF_TASK_FD_QUERY target_fd=621 attach_type=41 -> ret=0 errno=0 fd_type=2 prog_id=387 probe_offset=0 probe_addr=18446744072494452560 symbol=security_socket_connect
[385.717817 pid=6620 tid=6628]   LINK_CREATE -> fd=622 errno=0 kernel_link_id=256
[385.718211 pid=6620 tid=6628] PERF_EVENT_IOC_ENABLE event_fd=621
[385.718322 pid=6620 tid=6628] BPF_RAW_TRACEPOINT_OPEN name=cgroup_attach_task prog_fd=198
[385.718792 pid=6620 tid=6628]   RAW_TRACEPOINT_OPEN -> fd=624 errno=0
[385.719927 pid=6620 tid=6628] perf_event_open type=8 config=0 config1=140636624968272 config2=0 pid=-1 cpu=0 group_fd=-1 flags=8 kprobe_func=security_bprm_check kprobe_addr=0 -> fd=625 errno=0
[385.720191 pid=6620 tid=6628] BPF_LINK_CREATE prog_fd=201 target_fd=625 attach_type=41 flags=0
[385.720481 pid=6620 tid=6628] BPF_PERF_EVENT target retained target_fd=625 hold_fd=627 link_fd=626
[385.720844 pid=6620 tid=6628] BPF_TASK_FD_QUERY target_fd=625 attach_type=41 -> ret=0 errno=0 fd_type=2 prog_id=348 probe_offset=0 probe_addr=18446744072494423792 symbol=security_bprm_check
[385.721259 pid=6620 tid=6628]   LINK_CREATE -> fd=626 errno=0 kernel_link_id=258
[385.721619 pid=6620 tid=6628] PERF_EVENT_IOC_ENABLE event_fd=625
[385.722349 pid=6620 tid=6628] perf_event_open type=8 config=1 config1=140636624968272 config2=0 pid=-1 cpu=0 group_fd=-1 flags=8 kprobe_func=register_kprobe kprobe_addr=0 -> fd=628 errno=0
[385.722730 pid=6620 tid=6628] BPF_LINK_CREATE prog_fd=248 target_fd=628 attach_type=41 flags=0
[385.723149 pid=6620 tid=6628] BPF_PERF_EVENT target retained target_fd=628 hold_fd=630 link_fd=629
[385.723427 pid=6620 tid=6628] BPF_TASK_FD_QUERY target_fd=628 attach_type=41 -> ret=0 errno=0 fd_type=3 prog_id=489 probe_offset=0 probe_addr=18446744072489088592 symbol=register_kprobe
[385.723800 pid=6620 tid=6628]   LINK_CREATE -> fd=629 errno=0 kernel_link_id=259
[385.723914 pid=6620 tid=6628] PERF_EVENT_IOC_ENABLE event_fd=628
[385.723992 pid=6620 tid=6628] BPF_RAW_TRACEPOINT_OPEN name=sys_exit prog_fd=72
[385.724271 pid=6620 tid=6628]   RAW_TRACEPOINT_OPEN -> fd=631 errno=0
[385.728546 pid=6620 tid=6628] perf_event_open type=8 config=0 config1=140636624968272 config2=0 pid=-1 cpu=0 group_fd=-1 flags=8 kprobe_func=security_inode_unlink kprobe_addr=0 -> fd=632 errno=0
[385.729062 pid=6620 tid=6628] BPF_LINK_CREATE prog_fd=204 target_fd=632 attach_type=41 flags=0
[385.729282 pid=6620 tid=6628] BPF_PERF_EVENT target retained target_fd=632 hold_fd=634 link_fd=633
[385.729700 pid=6620 tid=6628] BPF_TASK_FD_QUERY target_fd=632 attach_type=41 -> ret=0 errno=0 fd_type=2 prog_id=357 probe_offset=0 probe_addr=18446744072494429744 symbol=security_inode_unlink
[385.730061 pid=6620 tid=6628]   LINK_CREATE -> fd=633 errno=0 kernel_link_id=261
[385.730274 pid=6620 tid=6628] PERF_EVENT_IOC_ENABLE event_fd=632
[385.730623 pid=6620 tid=6628] BPF_RAW_TRACEPOINT_OPEN name=sched_process_fork prog_fd=176
[385.731179 pid=6620 tid=6628]   RAW_TRACEPOINT_OPEN -> fd=635 errno=0
[385.731455 pid=6620 tid=6628] BPF_RAW_TRACEPOINT_OPEN name=module_free prog_fd=258
[385.731835 pid=6620 tid=6628]   RAW_TRACEPOINT_OPEN -> fd=636 errno=0
[385.732595 pid=6620 tid=6628] perf_event_open type=8 config=1 config1=140636624968272 config2=0 pid=-1 cpu=0 group_fd=-1 flags=8 kprobe_func=inotify_find_inode kprobe_addr=0 -> fd=637 errno=0
[385.732817 pid=6620 tid=6628] BPF_LINK_CREATE prog_fd=272 target_fd=637 attach_type=41 flags=0
[385.733094 pid=6620 tid=6628] BPF_PERF_EVENT target retained target_fd=637 hold_fd=639 link_fd=638
[385.733365 pid=6620 tid=6628] BPF_TASK_FD_QUERY target_fd=637 attach_type=41 -> ret=0 errno=0 fd_type=3 prog_id=561 probe_offset=0 probe_addr=18446744072491970992 symbol=inotify_find_inode
[385.733648 pid=6620 tid=6628]   LINK_CREATE -> fd=638 errno=0 kernel_link_id=264
[385.733879 pid=6620 tid=6628] PERF_EVENT_IOC_ENABLE event_fd=637
[385.737171 pid=6620 tid=6628] perf_event_open type=8 config=0 config1=140636624968272 config2=0 pid=-1 cpu=0 group_fd=-1 flags=8 kprobe_func=proc_create kprobe_addr=0 -> fd=640 errno=0
[385.737746 pid=6620 tid=6628] BPF_LINK_CREATE prog_fd=210 target_fd=640 attach_type=41 flags=0
[385.738053 pid=6620 tid=6628] BPF_PERF_EVENT target retained target_fd=640 hold_fd=642 link_fd=641
[385.738165 pid=6620 tid=6628] BPF_TASK_FD_QUERY target_fd=640 attach_type=41 -> ret=0 errno=0 fd_type=2 prog_id=375 probe_offset=0 probe_addr=18446744072492324704 symbol=proc_create
[385.738423 pid=6620 tid=6628]   LINK_CREATE -> fd=641 errno=0 kernel_link_id=265
[385.738828 pid=6620 tid=6628] PERF_EVENT_IOC_ENABLE event_fd=640
[385.739212 pid=6620 tid=6628] BPF_RAW_TRACEPOINT_OPEN name=sched_process_exit prog_fd=188
[385.739656 pid=6620 tid=6628]   RAW_TRACEPOINT_OPEN -> fd=643 errno=0
[385.740489 pid=6620 tid=6628] perf_event_open type=8 config=1 config1=140636624968272 config2=0 pid=-1 cpu=0 group_fd=-1 flags=8 kprobe_func=__x64_sys_dup3 kprobe_addr=0 -> fd=644 errno=0
[385.740734 pid=6620 tid=6628] BPF_LINK_CREATE prog_fd=164 target_fd=644 attach_type=41 flags=0
[385.740975 pid=6620 tid=6628] BPF_PERF_EVENT target retained target_fd=644 hold_fd=646 link_fd=645
[385.741238 pid=6620 tid=6628] BPF_TASK_FD_QUERY target_fd=644 attach_type=41 -> ret=0 errno=0 fd_type=3 prog_id=252 probe_offset=0 probe_addr=18446744072491707312 symbol=__x64_sys_dup3
[385.741442 pid=6620 tid=6628]   LINK_CREATE -> fd=645 errno=0 kernel_link_id=267
[385.741680 pid=6620 tid=6628] PERF_EVENT_IOC_ENABLE event_fd=644
[385.742459 pid=6620 tid=6628] perf_event_open type=8 config=1 config1=140636624968272 config2=0 pid=-1 cpu=0 group_fd=-1 flags=8 kprobe_func=__ia32_sys_dup3 kprobe_addr=0 -> fd=647 errno=0
[385.742787 pid=6620 tid=6628] BPF_LINK_CREATE prog_fd=164 target_fd=647 attach_type=41 flags=0
[385.742909 pid=6620 tid=6628] BPF_PERF_EVENT target retained target_fd=647 hold_fd=649 link_fd=648
[385.742990 pid=6620 tid=6628] BPF_TASK_FD_QUERY target_fd=647 attach_type=41 -> ret=0 errno=0 fd_type=3 prog_id=252 probe_offset=0 probe_addr=18446744072491707360 symbol=__ia32_sys_dup3
[385.743090 pid=6620 tid=6628]   LINK_CREATE -> fd=648 errno=0 kernel_link_id=268
[385.743156 pid=6620 tid=6628] PERF_EVENT_IOC_ENABLE event_fd=647
[385.744790 pid=6620 tid=6628] perf_event_open type=8 config=0 config1=140636624968272 config2=0 pid=-1 cpu=0 group_fd=-1 flags=8 kprobe_func=vfs_readv kprobe_addr=0 -> fd=650 errno=0
[385.745042 pid=6620 tid=6628] BPF_LINK_CREATE prog_fd=238 target_fd=650 attach_type=41 flags=0
[385.745264 pid=6620 tid=6628] BPF_PERF_EVENT target retained target_fd=650 hold_fd=652 link_fd=651
[385.745371 pid=6620 tid=6628] BPF_TASK_FD_QUERY target_fd=650 attach_type=41 -> ret=0 errno=0 fd_type=2 prog_id=459 probe_offset=0 probe_addr=18446744072491513408 symbol=vfs_readv
[385.745607 pid=6620 tid=6628]   LINK_CREATE -> fd=651 errno=0 kernel_link_id=269
[385.745859 pid=6620 tid=6628] PERF_EVENT_IOC_ENABLE event_fd=650
[385.746239 pid=6620 tid=6628] BPF_RAW_TRACEPOINT_OPEN name=task_rename prog_fd=263
[385.748074 pid=6620 tid=6628]   RAW_TRACEPOINT_OPEN -> fd=653 errno=0
[385.748613 pid=6620 tid=6628] BPF_RAW_TRACEPOINT_OPEN name=cgroup_mkdir prog_fd=199
[385.749317 pid=6620 tid=6628]   RAW_TRACEPOINT_OPEN -> fd=654 errno=0
[385.750314 pid=6620 tid=6628] perf_event_open type=8 config=0 config1=140636624968272 config2=0 pid=-1 cpu=0 group_fd=-1 flags=8 kprobe_func=vfs_writev kprobe_addr=0 -> fd=655 errno=0
[385.750880 pid=6620 tid=6628] BPF_LINK_CREATE prog_fd=226 target_fd=655 attach_type=41 flags=0
[385.751243 pid=6620 tid=6628] BPF_PERF_EVENT target retained target_fd=655 hold_fd=657 link_fd=656
[385.751479 pid=6620 tid=6628] BPF_TASK_FD_QUERY target_fd=655 attach_type=41 -> ret=0 errno=0 fd_type=2 prog_id=423 probe_offset=0 probe_addr=18446744072491515552 symbol=vfs_writev
[385.751844 pid=6620 tid=6628]   LINK_CREATE -> fd=656 errno=0 kernel_link_id=272
[385.752248 pid=6620 tid=6628] PERF_EVENT_IOC_ENABLE event_fd=655
[385.752397 pid=6620 tid=6628] BPF_RAW_TRACEPOINT_OPEN name=sched_process_exec prog_fd=184
[385.752782 pid=6620 tid=6628]   RAW_TRACEPOINT_OPEN -> fd=658 errno=0
[385.753558 pid=6620 tid=6628] perf_event_open type=8 config=0 config1=140636624968272 config2=0 pid=-1 cpu=0 group_fd=-1 flags=8 kprobe_func=do_splice kprobe_addr=0 -> fd=659 errno=0
[385.753886 pid=6620 tid=6628] BPF_LINK_CREATE prog_fd=255 target_fd=659 attach_type=41 flags=0
[385.754259 pid=6620 tid=6628] BPF_PERF_EVENT target retained target_fd=659 hold_fd=661 link_fd=660
[385.754647 pid=6620 tid=6628] BPF_TASK_FD_QUERY target_fd=659 attach_type=41 -> ret=0 errno=0 fd_type=2 prog_id=510 probe_offset=0 probe_addr=18446744072491861456 symbol=do_splice
[385.755136 pid=6620 tid=6628]   LINK_CREATE -> fd=660 errno=0 kernel_link_id=274
[385.755367 pid=6620 tid=6628] PERF_EVENT_IOC_ENABLE event_fd=659
[385.759237 pid=6620 tid=6628] perf_event_open type=8 config=1 config1=140636624968272 config2=0 pid=-1 cpu=0 group_fd=-1 flags=8 kprobe_func=__x64_sys_execve kprobe_addr=0 -> fd=662 errno=0
[385.759770 pid=6620 tid=6628] BPF_LINK_CREATE prog_fd=276 target_fd=662 attach_type=41 flags=0
[385.760196 pid=6620 tid=6628] BPF_PERF_EVENT target retained target_fd=662 hold_fd=664 link_fd=663
[385.760426 pid=6620 tid=6628] BPF_TASK_FD_QUERY target_fd=662 attach_type=41 -> ret=0 errno=0 fd_type=3 prog_id=573 probe_offset=0 probe_addr=18446744072491568320 symbol=__x64_sys_execve
[385.760809 pid=6620 tid=6628]   LINK_CREATE -> fd=663 errno=0 kernel_link_id=275
[385.761105 pid=6620 tid=6628] PERF_EVENT_IOC_ENABLE event_fd=662
[385.761858 pid=6620 tid=6628] perf_event_open type=8 config=1 config1=140636624968272 config2=0 pid=-1 cpu=0 group_fd=-1 flags=8 kprobe_func=__x64_sys_dup kprobe_addr=0 -> fd=665 errno=0
[385.762317 pid=6620 tid=6628] BPF_LINK_CREATE prog_fd=90 target_fd=665 attach_type=41 flags=0
[385.762779 pid=6620 tid=6628] BPF_PERF_EVENT target retained target_fd=665 hold_fd=667 link_fd=666
[385.763126 pid=6620 tid=6628] BPF_TASK_FD_QUERY target_fd=665 attach_type=41 -> ret=0 errno=0 fd_type=3 prog_id=240 probe_offset=0 probe_addr=18446744072491706544 symbol=__x64_sys_dup
[385.763225 pid=6620 tid=6628]   LINK_CREATE -> fd=666 errno=0 kernel_link_id=276
[385.763575 pid=6620 tid=6628] PERF_EVENT_IOC_ENABLE event_fd=665
[385.764449 pid=6620 tid=6628] perf_event_open type=8 config=1 config1=140636624968272 config2=0 pid=-1 cpu=0 group_fd=-1 flags=8 kprobe_func=__ia32_sys_dup kprobe_addr=0 -> fd=668 errno=0
[385.765044 pid=6620 tid=6628] BPF_LINK_CREATE prog_fd=90 target_fd=668 attach_type=41 flags=0
[385.765240 pid=6620 tid=6628] BPF_PERF_EVENT target retained target_fd=668 hold_fd=670 link_fd=669
[385.765668 pid=6620 tid=6628] BPF_TASK_FD_QUERY target_fd=668 attach_type=41 -> ret=0 errno=0 fd_type=3 prog_id=240 probe_offset=0 probe_addr=18446744072491706304 symbol=__ia32_sys_dup
[385.765746 pid=6620 tid=6628]   LINK_CREATE -> fd=669 errno=0 kernel_link_id=277
[385.766077 pid=6620 tid=6628] PERF_EVENT_IOC_ENABLE event_fd=668
[385.771340 pid=6620 tid=6628] perf_event_open type=8 config=0 config1=140636624968272 config2=0 pid=-1 cpu=0 group_fd=-1 flags=8 kprobe_func=security_socket_create kprobe_addr=0 -> fd=671 errno=0
[385.771960 pid=6620 tid=6628] BPF_LINK_CREATE prog_fd=208 target_fd=671 attach_type=41 flags=0
[385.772155 pid=6620 tid=6628] BPF_PERF_EVENT target retained target_fd=671 hold_fd=673 link_fd=672
[385.772412 pid=6620 tid=6628] BPF_TASK_FD_QUERY target_fd=671 attach_type=41 -> ret=0 errno=0 fd_type=2 prog_id=369 probe_offset=0 probe_addr=18446744072494451760 symbol=security_socket_create
[385.772766 pid=6620 tid=6628]   LINK_CREATE -> fd=672 errno=0 kernel_link_id=278
[385.773002 pid=6620 tid=6628] PERF_EVENT_IOC_ENABLE event_fd=671
[385.776128 pid=6620 tid=6628] perf_event_open type=8 config=0 config1=140636624968272 config2=0 pid=-1 cpu=0 group_fd=-1 flags=8 kprobe_func=filldir64 kprobe_addr=0 -> fd=674 errno=0
[385.776440 pid=6620 tid=6628] BPF_LINK_CREATE prog_fd=191 target_fd=674 attach_type=41 flags=0
[385.776686 pid=6620 tid=6628] BPF_PERF_EVENT target retained target_fd=674 hold_fd=676 link_fd=675
[385.776913 pid=6620 tid=6628] BPF_TASK_FD_QUERY target_fd=674 attach_type=41 -> ret=0 errno=0 fd_type=2 prog_id=324 probe_offset=0 probe_addr=18446744072491643120 symbol=filldir64
[385.777027 pid=6620 tid=6628]   LINK_CREATE -> fd=675 errno=0 kernel_link_id=279
[385.777095 pid=6620 tid=6628] PERF_EVENT_IOC_ENABLE event_fd=674
[385.780779 pid=6620 tid=6628] perf_event_open type=8 config=0 config1=140636623958896 config2=0 pid=-1 cpu=0 group_fd=-1 flags=8 kprobe_func=security_kernel_read_file kprobe_addr=0 -> fd=677 errno=0
[385.780931 pid=6620 tid=6628] BPF_LINK_CREATE prog_fd=249 target_fd=677 attach_type=41 flags=0
[385.781045 pid=6620 tid=6628] BPF_PERF_EVENT target retained target_fd=677 hold_fd=679 link_fd=678
[385.781148 pid=6620 tid=6628] BPF_TASK_FD_QUERY target_fd=677 attach_type=41 -> ret=0 errno=0 fd_type=2 prog_id=492 probe_offset=0 probe_addr=18446744072494407040 symbol=security_kernel_read_file
[385.781244 pid=6620 tid=6628]   LINK_CREATE -> fd=678 errno=0 kernel_link_id=280
[385.781329 pid=6620 tid=6628] PERF_EVENT_IOC_ENABLE event_fd=677
[385.781937 pid=6620 tid=6628] perf_event_open type=8 config=0 config1=140636625447680 config2=0 pid=-1 cpu=0 group_fd=-1 flags=8 kprobe_func=vfs_write kprobe_addr=0 -> fd=680 errno=0
[385.782059 pid=6620 tid=6628] BPF_LINK_CREATE prog_fd=220 target_fd=680 attach_type=41 flags=0
[385.782161 pid=6620 tid=6628] BPF_PERF_EVENT target retained target_fd=680 hold_fd=682 link_fd=681
[385.782263 pid=6620 tid=6628] BPF_TASK_FD_QUERY target_fd=680 attach_type=41 -> ret=0 errno=0 fd_type=2 prog_id=405 probe_offset=0 probe_addr=18446744072491522976 symbol=vfs_write
[385.782328 pid=6620 tid=6628]   LINK_CREATE -> fd=681 errno=0 kernel_link_id=281
[385.782418 pid=6620 tid=6628] PERF_EVENT_IOC_ENABLE event_fd=680
[385.784189 pid=6620 tid=6628] perf_event_open type=8 config=0 config1=140636625447680 config2=0 pid=-1 cpu=0 group_fd=-1 flags=8 kprobe_func=do_mmap kprobe_addr=0 -> fd=683 errno=0
[385.784344 pid=6620 tid=6628] BPF_LINK_CREATE prog_fd=242 target_fd=683 attach_type=41 flags=0
[385.784468 pid=6620 tid=6628] BPF_PERF_EVENT target retained target_fd=683 hold_fd=685 link_fd=684
[385.784586 pid=6620 tid=6628] BPF_TASK_FD_QUERY target_fd=683 attach_type=41 -> ret=0 errno=0 fd_type=2 prog_id=471 probe_offset=0 probe_addr=18446744072490720560 symbol=do_mmap
[385.784674 pid=6620 tid=6628]   LINK_CREATE -> fd=684 errno=0 kernel_link_id=282
[385.784736 pid=6620 tid=6628] PERF_EVENT_IOC_ENABLE event_fd=683
[385.785088 pid=6620 tid=6628] BPF_MAP_UPDATE_ELEM prog_array name=prog_array map_fd=27 map_id=377 key=12 prog_fd=183 prog_id=297 flags=0 ret=0 errno=0
[385.785197 pid=6620 tid=6628] native-loader jit-info prog_array-target fd=183 id=297 type=2 name=lkm_seeker_new_ tag=6e832db2dc161af3 jited_len=3766 xlated_len=6272 nr_jited_ksyms=1 ksym0=0xffffffffc04293e0 ksym1=0x0
[385.785373 pid=6620 tid=6628] BPF_MAP_UPDATE_ELEM prog_array name=generic_sys_exi map_fd=20 map_id=370 key=32 prog_fd=174 prog_id=267 flags=0 ret=0 errno=0
[385.785480 pid=6620 tid=6628] native-loader jit-info prog_array-target fd=174 id=267 type=2 name=sys_dup_exit_ta tag=13a7ebaf932fe854 jited_len=12318 xlated_len=18704 nr_jited_ksyms=2 ksym0=0xffffffffc0431c50 ksym1=0xffffffffc0401778
[385.785579 pid=6620 tid=6628] BPF_MAP_UPDATE_ELEM prog_array name=generic_sys_exi map_fd=20 map_id=370 key=33 prog_fd=174 prog_id=267 flags=0 ret=0 errno=0
[385.785681 pid=6620 tid=6628] native-loader jit-info prog_array-target fd=174 id=267 type=2 name=sys_dup_exit_ta tag=13a7ebaf932fe854 jited_len=12318 xlated_len=18704 nr_jited_ksyms=2 ksym0=0xffffffffc0431c50 ksym1=0xffffffffc0401778
[385.785781 pid=6620 tid=6628] BPF_MAP_UPDATE_ELEM prog_array name=generic_sys_exi map_fd=20 map_id=370 key=292 prog_fd=174 prog_id=267 flags=0 ret=0 errno=0
[385.785882 pid=6620 tid=6628] native-loader jit-info prog_array-target fd=174 id=267 type=2 name=sys_dup_exit_ta tag=13a7ebaf932fe854 jited_len=12318 xlated_len=18704 nr_jited_ksyms=2 ksym0=0xffffffffc0431c50 ksym1=0xffffffffc0401778
[385.785986 pid=6620 tid=6628] BPF_MAP_UPDATE_ELEM prog_array name=sys_exit_init_t map_fd=16 map_id=366 key=0 prog_fd=87 prog_id=207 flags=0 ret=0 errno=0
[385.786081 pid=6620 tid=6628] native-loader jit-info prog_array-target fd=87 id=207 type=17 name=sys_exit_init tag=83e237c8700b51c5 jited_len=1797 xlated_len=3000 nr_jited_ksyms=1 ksym0=0xffffffffc0402b9c ksym1=0x0
[385.786142 pid=6620 tid=6628] BPF_MAP_UPDATE_ELEM prog_array name=sys_exit_init_t map_fd=16 map_id=366 key=1 prog_fd=87 prog_id=207 flags=0 ret=0 errno=0
[385.786200 pid=6620 tid=6628] native-loader jit-info prog_array-target fd=87 id=207 type=17 name=sys_exit_init tag=83e237c8700b51c5 jited_len=1797 xlated_len=3000 nr_jited_ksyms=1 ksym0=0xffffffffc0402b9c ksym1=0x0
[385.786261 pid=6620 tid=6628] BPF_MAP_UPDATE_ELEM prog_array name=sys_exit_init_t map_fd=16 map_id=366 key=2 prog_fd=87 prog_id=207 flags=0 ret=0 errno=0
[385.786319 pid=6620 tid=6628] native-loader jit-info prog_array-target fd=87 id=207 type=17 name=sys_exit_init tag=83e237c8700b51c5 jited_len=1797 xlated_len=3000 nr_jited_ksyms=1 ksym0=0xffffffffc0402b9c ksym1=0x0
[385.786383 pid=6620 tid=6628] BPF_MAP_UPDATE_ELEM prog_array name=sys_exit_init_t map_fd=16 map_id=366 key=3 prog_fd=87 prog_id=207 flags=0 ret=0 errno=0
[385.786449 pid=6620 tid=6628] native-loader jit-info prog_array-target fd=87 id=207 type=17 name=sys_exit_init tag=83e237c8700b51c5 jited_len=1797 xlated_len=3000 nr_jited_ksyms=1 ksym0=0xffffffffc0402b9c ksym1=0x0
[385.786511 pid=6620 tid=6628] BPF_MAP_UPDATE_ELEM prog_array name=sys_exit_init_t map_fd=16 map_id=366 key=4 prog_fd=87 prog_id=207 flags=0 ret=0 errno=0
[385.786569 pid=6620 tid=6628] native-loader jit-info prog_array-target fd=87 id=207 type=17 name=sys_exit_init tag=83e237c8700b51c5 jited_len=1797 xlated_len=3000 nr_jited_ksyms=1 ksym0=0xffffffffc0402b9c ksym1=0x0
[385.786630 pid=6620 tid=6628] BPF_MAP_UPDATE_ELEM prog_array name=sys_exit_init_t map_fd=16 map_id=366 key=5 prog_fd=87 prog_id=207 flags=0 ret=0 errno=0
[385.786688 pid=6620 tid=6628] native-loader jit-info prog_array-target fd=87 id=207 type=17 name=sys_exit_init tag=83e237c8700b51c5 jited_len=1797 xlated_len=3000 nr_jited_ksyms=1 ksym0=0xffffffffc0402b9c ksym1=0x0
[385.786749 pid=6620 tid=6628] BPF_MAP_UPDATE_ELEM prog_array name=sys_exit_init_t map_fd=16 map_id=366 key=6 prog_fd=87 prog_id=207 flags=0 ret=0 errno=0
[385.786807 pid=6620 tid=6628] native-loader jit-info prog_array-target fd=87 id=207 type=17 name=sys_exit_init tag=83e237c8700b51c5 jited_len=1797 xlated_len=3000 nr_jited_ksyms=1 ksym0=0xffffffffc0402b9c ksym1=0x0
[385.786869 pid=6620 tid=6628] BPF_MAP_UPDATE_ELEM prog_array name=sys_exit_init_t map_fd=16 map_id=366 key=7 prog_fd=87 prog_id=207 flags=0 ret=0 errno=0
[385.786928 pid=6620 tid=6628] native-loader jit-info prog_array-target fd=87 id=207 type=17 name=sys_exit_init tag=83e237c8700b51c5 jited_len=1797 xlated_len=3000 nr_jited_ksyms=1 ksym0=0xffffffffc0402b9c ksym1=0x0
[385.786989 pid=6620 tid=6628] BPF_MAP_UPDATE_ELEM prog_array name=sys_exit_init_t map_fd=16 map_id=366 key=8 prog_fd=87 prog_id=207 flags=0 ret=0 errno=0
[385.787047 pid=6620 tid=6628] native-loader jit-info prog_array-target fd=87 id=207 type=17 name=sys_exit_init tag=83e237c8700b51c5 jited_len=1797 xlated_len=3000 nr_jited_ksyms=1 ksym0=0xffffffffc0402b9c ksym1=0x0
[385.787108 pid=6620 tid=6628] BPF_MAP_UPDATE_ELEM prog_array name=sys_exit_init_t map_fd=16 map_id=366 key=9 prog_fd=87 prog_id=207 flags=0 ret=0 errno=0
[385.787167 pid=6620 tid=6628] native-loader jit-info prog_array-target fd=87 id=207 type=17 name=sys_exit_init tag=83e237c8700b51c5 jited_len=1797 xlated_len=3000 nr_jited_ksyms=1 ksym0=0xffffffffc0402b9c ksym1=0x0
[385.787229 pid=6620 tid=6628] BPF_MAP_UPDATE_ELEM prog_array name=sys_exit_init_t map_fd=16 map_id=366 key=10 prog_fd=87 prog_id=207 flags=0 ret=0 errno=0
[385.787288 pid=6620 tid=6628] native-loader jit-info prog_array-target fd=87 id=207 type=17 name=sys_exit_init tag=83e237c8700b51c5 jited_len=1797 xlated_len=3000 nr_jited_ksyms=1 ksym0=0xffffffffc0402b9c ksym1=0x0
[385.787350 pid=6620 tid=6628] BPF_MAP_UPDATE_ELEM prog_array name=sys_exit_init_t map_fd=16 map_id=366 key=11 prog_fd=87 prog_id=207 flags=0 ret=0 errno=0
[385.787411 pid=6620 tid=6628] native-loader jit-info prog_array-target fd=87 id=207 type=17 name=sys_exit_init tag=83e237c8700b51c5 jited_len=1797 xlated_len=3000 nr_jited_ksyms=1 ksym0=0xffffffffc0402b9c ksym1=0x0
[385.787473 pid=6620 tid=6628] BPF_MAP_UPDATE_ELEM prog_array name=sys_exit_init_t map_fd=16 map_id=366 key=12 prog_fd=87 prog_id=207 flags=0 ret=0 errno=0
[385.787530 pid=6620 tid=6628] native-loader jit-info prog_array-target fd=87 id=207 type=17 name=sys_exit_init tag=83e237c8700b51c5 jited_len=1797 xlated_len=3000 nr_jited_ksyms=1 ksym0=0xffffffffc0402b9c ksym1=0x0
[385.787592 pid=6620 tid=6628] BPF_MAP_UPDATE_ELEM prog_array name=sys_exit_init_t map_fd=16 map_id=366 key=13 prog_fd=87 prog_id=207 flags=0 ret=0 errno=0
[385.787650 pid=6620 tid=6628] native-loader jit-info prog_array-target fd=87 id=207 type=17 name=sys_exit_init tag=83e237c8700b51c5 jited_len=1797 xlated_len=3000 nr_jited_ksyms=1 ksym0=0xffffffffc0402b9c ksym1=0x0
[385.787712 pid=6620 tid=6628] BPF_MAP_UPDATE_ELEM prog_array name=sys_exit_init_t map_fd=16 map_id=366 key=14 prog_fd=87 prog_id=207 flags=0 ret=0 errno=0
[385.787770 pid=6620 tid=6628] native-loader jit-info prog_array-target fd=87 id=207 type=17 name=sys_exit_init tag=83e237c8700b51c5 jited_len=1797 xlated_len=3000 nr_jited_ksyms=1 ksym0=0xffffffffc0402b9c ksym1=0x0
[385.787833 pid=6620 tid=6628] BPF_MAP_UPDATE_ELEM prog_array name=sys_exit_init_t map_fd=16 map_id=366 key=15 prog_fd=87 prog_id=207 flags=0 ret=0 errno=0
[385.787891 pid=6620 tid=6628] native-loader jit-info prog_array-target fd=87 id=207 type=17 name=sys_exit_init tag=83e237c8700b51c5 jited_len=1797 xlated_len=3000 nr_jited_ksyms=1 ksym0=0xffffffffc0402b9c ksym1=0x0
[385.787953 pid=6620 tid=6628] BPF_MAP_UPDATE_ELEM prog_array name=sys_exit_init_t map_fd=16 map_id=366 key=16 prog_fd=87 prog_id=207 flags=0 ret=0 errno=0
[385.788011 pid=6620 tid=6628] native-loader jit-info prog_array-target fd=87 id=207 type=17 name=sys_exit_init tag=83e237c8700b51c5 jited_len=1797 xlated_len=3000 nr_jited_ksyms=1 ksym0=0xffffffffc0402b9c ksym1=0x0
[385.788073 pid=6620 tid=6628] BPF_MAP_UPDATE_ELEM prog_array name=sys_exit_init_t map_fd=16 map_id=366 key=17 prog_fd=87 prog_id=207 flags=0 ret=0 errno=0
[385.788130 pid=6620 tid=6628] native-loader jit-info prog_array-target fd=87 id=207 type=17 name=sys_exit_init tag=83e237c8700b51c5 jited_len=1797 xlated_len=3000 nr_jited_ksyms=1 ksym0=0xffffffffc0402b9c ksym1=0x0
[385.788192 pid=6620 tid=6628] BPF_MAP_UPDATE_ELEM prog_array name=sys_exit_init_t map_fd=16 map_id=366 key=18 prog_fd=87 prog_id=207 flags=0 ret=0 errno=0
[385.788250 pid=6620 tid=6628] native-loader jit-info prog_array-target fd=87 id=207 type=17 name=sys_exit_init tag=83e237c8700b51c5 jited_len=1797 xlated_len=3000 nr_jited_ksyms=1 ksym0=0xffffffffc0402b9c ksym1=0x0
[385.788312 pid=6620 tid=6628] BPF_MAP_UPDATE_ELEM prog_array name=sys_exit_init_t map_fd=16 map_id=366 key=19 prog_fd=87 prog_id=207 flags=0 ret=0 errno=0
[385.788374 pid=6620 tid=6628] native-loader jit-info prog_array-target fd=87 id=207 type=17 name=sys_exit_init tag=83e237c8700b51c5 jited_len=1797 xlated_len=3000 nr_jited_ksyms=1 ksym0=0xffffffffc0402b9c ksym1=0x0
[385.788463 pid=6620 tid=6628] BPF_MAP_UPDATE_ELEM prog_array name=sys_exit_init_t map_fd=16 map_id=366 key=20 prog_fd=87 prog_id=207 flags=0 ret=0 errno=0
[385.788521 pid=6620 tid=6628] native-loader jit-info prog_array-target fd=87 id=207 type=17 name=sys_exit_init tag=83e237c8700b51c5 jited_len=1797 xlated_len=3000 nr_jited_ksyms=1 ksym0=0xffffffffc0402b9c ksym1=0x0
[385.788583 pid=6620 tid=6628] BPF_MAP_UPDATE_ELEM prog_array name=sys_exit_init_t map_fd=16 map_id=366 key=21 prog_fd=87 prog_id=207 flags=0 ret=0 errno=0
[385.788641 pid=6620 tid=6628] native-loader jit-info prog_array-target fd=87 id=207 type=17 name=sys_exit_init tag=83e237c8700b51c5 jited_len=1797 xlated_len=3000 nr_jited_ksyms=1 ksym0=0xffffffffc0402b9c ksym1=0x0
[385.788703 pid=6620 tid=6628] BPF_MAP_UPDATE_ELEM prog_array name=sys_exit_init_t map_fd=16 map_id=366 key=22 prog_fd=87 prog_id=207 flags=0 ret=0 errno=0
[385.788762 pid=6620 tid=6628] native-loader jit-info prog_array-target fd=87 id=207 type=17 name=sys_exit_init tag=83e237c8700b51c5 jited_len=1797 xlated_len=3000 nr_jited_ksyms=1 ksym0=0xffffffffc0402b9c ksym1=0x0
[385.788824 pid=6620 tid=6628] BPF_MAP_UPDATE_ELEM prog_array name=sys_exit_init_t map_fd=16 map_id=366 key=23 prog_fd=87 prog_id=207 flags=0 ret=0 errno=0
[385.788883 pid=6620 tid=6628] native-loader jit-info prog_array-target fd=87 id=207 type=17 name=sys_exit_init tag=83e237c8700b51c5 jited_len=1797 xlated_len=3000 nr_jited_ksyms=1 ksym0=0xffffffffc0402b9c ksym1=0x0
[385.788945 pid=6620 tid=6628] BPF_MAP_UPDATE_ELEM prog_array name=sys_exit_init_t map_fd=16 map_id=366 key=24 prog_fd=87 prog_id=207 flags=0 ret=0 errno=0
[385.789003 pid=6620 tid=6628] native-loader jit-info prog_array-target fd=87 id=207 type=17 name=sys_exit_init tag=83e237c8700b51c5 jited_len=1797 xlated_len=3000 nr_jited_ksyms=1 ksym0=0xffffffffc0402b9c ksym1=0x0
[385.789069 pid=6620 tid=6628] BPF_MAP_UPDATE_ELEM prog_array name=sys_exit_init_t map_fd=16 map_id=366 key=25 prog_fd=87 prog_id=207 flags=0 ret=0 errno=0
[385.789127 pid=6620 tid=6628] native-loader jit-info prog_array-target fd=87 id=207 type=17 name=sys_exit_init tag=83e237c8700b51c5 jited_len=1797 xlated_len=3000 nr_jited_ksyms=1 ksym0=0xffffffffc0402b9c ksym1=0x0
[385.789189 pid=6620 tid=6628] BPF_MAP_UPDATE_ELEM prog_array name=sys_exit_init_t map_fd=16 map_id=366 key=26 prog_fd=87 prog_id=207 flags=0 ret=0 errno=0
[385.789247 pid=6620 tid=6628] native-loader jit-info prog_array-target fd=87 id=207 type=17 name=sys_exit_init tag=83e237c8700b51c5 jited_len=1797 xlated_len=3000 nr_jited_ksyms=1 ksym0=0xffffffffc0402b9c ksym1=0x0
[385.789309 pid=6620 tid=6628] BPF_MAP_UPDATE_ELEM prog_array name=sys_exit_init_t map_fd=16 map_id=366 key=27 prog_fd=87 prog_id=207 flags=0 ret=0 errno=0
[385.789371 pid=6620 tid=6628] native-loader jit-info prog_array-target fd=87 id=207 type=17 name=sys_exit_init tag=83e237c8700b51c5 jited_len=1797 xlated_len=3000 nr_jited_ksyms=1 ksym0=0xffffffffc0402b9c ksym1=0x0
[385.789460 pid=6620 tid=6628] BPF_MAP_UPDATE_ELEM prog_array name=sys_exit_init_t map_fd=16 map_id=366 key=28 prog_fd=87 prog_id=207 flags=0 ret=0 errno=0
[385.789518 pid=6620 tid=6628] native-loader jit-info prog_array-target fd=87 id=207 type=17 name=sys_exit_init tag=83e237c8700b51c5 jited_len=1797 xlated_len=3000 nr_jited_ksyms=1 ksym0=0xffffffffc0402b9c ksym1=0x0
[385.789580 pid=6620 tid=6628] BPF_MAP_UPDATE_ELEM prog_array name=sys_exit_init_t map_fd=16 map_id=366 key=29 prog_fd=87 prog_id=207 flags=0 ret=0 errno=0
[385.789637 pid=6620 tid=6628] native-loader jit-info prog_array-target fd=87 id=207 type=17 name=sys_exit_init tag=83e237c8700b51c5 jited_len=1797 xlated_len=3000 nr_jited_ksyms=1 ksym0=0xffffffffc0402b9c ksym1=0x0
[385.789700 pid=6620 tid=6628] BPF_MAP_UPDATE_ELEM prog_array name=sys_exit_init_t map_fd=16 map_id=366 key=30 prog_fd=87 prog_id=207 flags=0 ret=0 errno=0
[385.789758 pid=6620 tid=6628] native-loader jit-info prog_array-target fd=87 id=207 type=17 name=sys_exit_init tag=83e237c8700b51c5 jited_len=1797 xlated_len=3000 nr_jited_ksyms=1 ksym0=0xffffffffc0402b9c ksym1=0x0
[385.789821 pid=6620 tid=6628] BPF_MAP_UPDATE_ELEM prog_array name=sys_exit_init_t map_fd=16 map_id=366 key=31 prog_fd=87 prog_id=207 flags=0 ret=0 errno=0
[385.789878 pid=6620 tid=6628] native-loader jit-info prog_array-target fd=87 id=207 type=17 name=sys_exit_init tag=83e237c8700b51c5 jited_len=1797 xlated_len=3000 nr_jited_ksyms=1 ksym0=0xffffffffc0402b9c ksym1=0x0
[385.789941 pid=6620 tid=6628] BPF_MAP_UPDATE_ELEM prog_array name=sys_exit_init_t map_fd=16 map_id=366 key=34 prog_fd=87 prog_id=207 flags=0 ret=0 errno=0
[385.790041 pid=6620 tid=6628] native-loader jit-info prog_array-target fd=87 id=207 type=17 name=sys_exit_init tag=83e237c8700b51c5 jited_len=1797 xlated_len=3000 nr_jited_ksyms=1 ksym0=0xffffffffc0402b9c ksym1=0x0
[385.790111 pid=6620 tid=6628] BPF_MAP_UPDATE_ELEM prog_array name=sys_exit_init_t map_fd=16 map_id=366 key=35 prog_fd=87 prog_id=207 flags=0 ret=0 errno=0
[385.790169 pid=6620 tid=6628] native-loader jit-info prog_array-target fd=87 id=207 type=17 name=sys_exit_init tag=83e237c8700b51c5 jited_len=1797 xlated_len=3000 nr_jited_ksyms=1 ksym0=0xffffffffc0402b9c ksym1=0x0
[385.790230 pid=6620 tid=6628] BPF_MAP_UPDATE_ELEM prog_array name=sys_exit_init_t map_fd=16 map_id=366 key=36 prog_fd=87 prog_id=207 flags=0 ret=0 errno=0
[385.790288 pid=6620 tid=6628] native-loader jit-info prog_array-target fd=87 id=207 type=17 name=sys_exit_init tag=83e237c8700b51c5 jited_len=1797 xlated_len=3000 nr_jited_ksyms=1 ksym0=0xffffffffc0402b9c ksym1=0x0
[385.790351 pid=6620 tid=6628] BPF_MAP_UPDATE_ELEM prog_array name=sys_exit_init_t map_fd=16 map_id=366 key=37 prog_fd=87 prog_id=207 flags=0 ret=0 errno=0
[385.790411 pid=6620 tid=6628] native-loader jit-info prog_array-target fd=87 id=207 type=17 name=sys_exit_init tag=83e237c8700b51c5 jited_len=1797 xlated_len=3000 nr_jited_ksyms=1 ksym0=0xffffffffc0402b9c ksym1=0x0
[385.790473 pid=6620 tid=6628] BPF_MAP_UPDATE_ELEM prog_array name=sys_exit_init_t map_fd=16 map_id=366 key=38 prog_fd=87 prog_id=207 flags=0 ret=0 errno=0
[385.790531 pid=6620 tid=6628] native-loader jit-info prog_array-target fd=87 id=207 type=17 name=sys_exit_init tag=83e237c8700b51c5 jited_len=1797 xlated_len=3000 nr_jited_ksyms=1 ksym0=0xffffffffc0402b9c ksym1=0x0
[385.790593 pid=6620 tid=6628] BPF_MAP_UPDATE_ELEM prog_array name=sys_exit_init_t map_fd=16 map_id=366 key=39 prog_fd=87 prog_id=207 flags=0 ret=0 errno=0
[385.790651 pid=6620 tid=6628] native-loader jit-info prog_array-target fd=87 id=207 type=17 name=sys_exit_init tag=83e237c8700b51c5 jited_len=1797 xlated_len=3000 nr_jited_ksyms=1 ksym0=0xffffffffc0402b9c ksym1=0x0
[385.790713 pid=6620 tid=6628] BPF_MAP_UPDATE_ELEM prog_array name=sys_exit_init_t map_fd=16 map_id=366 key=40 prog_fd=87 prog_id=207 flags=0 ret=0 errno=0
[385.790771 pid=6620 tid=6628] native-loader jit-info prog_array-target fd=87 id=207 type=17 name=sys_exit_init tag=83e237c8700b51c5 jited_len=1797 xlated_len=3000 nr_jited_ksyms=1 ksym0=0xffffffffc0402b9c ksym1=0x0
[385.790833 pid=6620 tid=6628] BPF_MAP_UPDATE_ELEM prog_array name=sys_exit_init_t map_fd=16 map_id=366 key=41 prog_fd=87 prog_id=207 flags=0 ret=0 errno=0
[385.790891 pid=6620 tid=6628] native-loader jit-info prog_array-target fd=87 id=207 type=17 name=sys_exit_init tag=83e237c8700b51c5 jited_len=1797 xlated_len=3000 nr_jited_ksyms=1 ksym0=0xffffffffc0402b9c ksym1=0x0
[385.790953 pid=6620 tid=6628] BPF_MAP_UPDATE_ELEM prog_array name=sys_exit_init_t map_fd=16 map_id=366 key=42 prog_fd=87 prog_id=207 flags=0 ret=0 errno=0
[385.791011 pid=6620 tid=6628] native-loader jit-info prog_array-target fd=87 id=207 type=17 name=sys_exit_init tag=83e237c8700b51c5 jited_len=1797 xlated_len=3000 nr_jited_ksyms=1 ksym0=0xffffffffc0402b9c ksym1=0x0
[385.791076 pid=6620 tid=6628] BPF_MAP_UPDATE_ELEM prog_array name=sys_exit_init_t map_fd=16 map_id=366 key=43 prog_fd=87 prog_id=207 flags=0 ret=0 errno=0
[385.791170 pid=6620 tid=6628] native-loader jit-info prog_array-target fd=87 id=207 type=17 name=sys_exit_init tag=83e237c8700b51c5 jited_len=1797 xlated_len=3000 nr_jited_ksyms=1 ksym0=0xffffffffc0402b9c ksym1=0x0
[385.791235 pid=6620 tid=6628] BPF_MAP_UPDATE_ELEM prog_array name=sys_exit_init_t map_fd=16 map_id=366 key=44 prog_fd=87 prog_id=207 flags=0 ret=0 errno=0
[385.791302 pid=6620 tid=6628] native-loader jit-info prog_array-target fd=87 id=207 type=17 name=sys_exit_init tag=83e237c8700b51c5 jited_len=1797 xlated_len=3000 nr_jited_ksyms=1 ksym0=0xffffffffc0402b9c ksym1=0x0
[385.791371 pid=6620 tid=6628] BPF_MAP_UPDATE_ELEM prog_array name=sys_exit_init_t map_fd=16 map_id=366 key=45 prog_fd=87 prog_id=207 flags=0 ret=0 errno=0
[385.791466 pid=6620 tid=6628] native-loader jit-info prog_array-target fd=87 id=207 type=17 name=sys_exit_init tag=83e237c8700b51c5 jited_len=1797 xlated_len=3000 nr_jited_ksyms=1 ksym0=0xffffffffc0402b9c ksym1=0x0
[385.791531 pid=6620 tid=6628] BPF_MAP_UPDATE_ELEM prog_array name=sys_exit_init_t map_fd=16 map_id=366 key=46 prog_fd=87 prog_id=207 flags=0 ret=0 errno=0
[385.791597 pid=6620 tid=6628] native-loader jit-info prog_array-target fd=87 id=207 type=17 name=sys_exit_init tag=83e237c8700b51c5 jited_len=1797 xlated_len=3000 nr_jited_ksyms=1 ksym0=0xffffffffc0402b9c ksym1=0x0
[385.791661 pid=6620 tid=6628] BPF_MAP_UPDATE_ELEM prog_array name=sys_exit_init_t map_fd=16 map_id=366 key=47 prog_fd=87 prog_id=207 flags=0 ret=0 errno=0
[385.791728 pid=6620 tid=6628] native-loader jit-info prog_array-target fd=87 id=207 type=17 name=sys_exit_init tag=83e237c8700b51c5 jited_len=1797 xlated_len=3000 nr_jited_ksyms=1 ksym0=0xffffffffc0402b9c ksym1=0x0
[385.791791 pid=6620 tid=6628] BPF_MAP_UPDATE_ELEM prog_array name=sys_exit_init_t map_fd=16 map_id=366 key=48 prog_fd=87 prog_id=207 flags=0 ret=0 errno=0
[385.791857 pid=6620 tid=6628] native-loader jit-info prog_array-target fd=87 id=207 type=17 name=sys_exit_init tag=83e237c8700b51c5 jited_len=1797 xlated_len=3000 nr_jited_ksyms=1 ksym0=0xffffffffc0402b9c ksym1=0x0
[385.791921 pid=6620 tid=6628] BPF_MAP_UPDATE_ELEM prog_array name=sys_exit_init_t map_fd=16 map_id=366 key=49 prog_fd=87 prog_id=207 flags=0 ret=0 errno=0
[385.791989 pid=6620 tid=6628] native-loader jit-info prog_array-target fd=87 id=207 type=17 name=sys_exit_init tag=83e237c8700b51c5 jited_len=1797 xlated_len=3000 nr_jited_ksyms=1 ksym0=0xffffffffc0402b9c ksym1=0x0
[385.792061 pid=6620 tid=6628] BPF_MAP_UPDATE_ELEM prog_array name=sys_exit_init_t map_fd=16 map_id=366 key=50 prog_fd=87 prog_id=207 flags=0 ret=0 errno=0
[385.792126 pid=6620 tid=6628] native-loader jit-info prog_array-target fd=87 id=207 type=17 name=sys_exit_init tag=83e237c8700b51c5 jited_len=1797 xlated_len=3000 nr_jited_ksyms=1 ksym0=0xffffffffc0402b9c ksym1=0x0
[385.792198 pid=6620 tid=6628] BPF_MAP_UPDATE_ELEM prog_array name=sys_exit_init_t map_fd=16 map_id=366 key=51 prog_fd=87 prog_id=207 flags=0 ret=0 errno=0
[385.792292 pid=6620 tid=6628] native-loader jit-info prog_array-target fd=87 id=207 type=17 name=sys_exit_init tag=83e237c8700b51c5 jited_len=1797 xlated_len=3000 nr_jited_ksyms=1 ksym0=0xffffffffc0402b9c ksym1=0x0
[385.792355 pid=6620 tid=6628] BPF_MAP_UPDATE_ELEM prog_array name=sys_exit_init_t map_fd=16 map_id=366 key=52 prog_fd=87 prog_id=207 flags=0 ret=0 errno=0
[385.792425 pid=6620 tid=6628] native-loader jit-info prog_array-target fd=87 id=207 type=17 name=sys_exit_init tag=83e237c8700b51c5 jited_len=1797 xlated_len=3000 nr_jited_ksyms=1 ksym0=0xffffffffc0402b9c ksym1=0x0
[385.792488 pid=6620 tid=6628] BPF_MAP_UPDATE_ELEM prog_array name=sys_exit_init_t map_fd=16 map_id=366 key=53 prog_fd=87 prog_id=207 flags=0 ret=0 errno=0
[385.792553 pid=6620 tid=6628] native-loader jit-info prog_array-target fd=87 id=207 type=17 name=sys_exit_init tag=83e237c8700b51c5 jited_len=1797 xlated_len=3000 nr_jited_ksyms=1 ksym0=0xffffffffc0402b9c ksym1=0x0
[385.792616 pid=6620 tid=6628] BPF_MAP_UPDATE_ELEM prog_array name=sys_exit_init_t map_fd=16 map_id=366 key=54 prog_fd=87 prog_id=207 flags=0 ret=0 errno=0
[385.792710 pid=6620 tid=6628] native-loader jit-info prog_array-target fd=87 id=207 type=17 name=sys_exit_init tag=83e237c8700b51c5 jited_len=1797 xlated_len=3000 nr_jited_ksyms=1 ksym0=0xffffffffc0402b9c ksym1=0x0
[385.792773 pid=6620 tid=6628] BPF_MAP_UPDATE_ELEM prog_array name=sys_exit_init_t map_fd=16 map_id=366 key=55 prog_fd=87 prog_id=207 flags=0 ret=0 errno=0
[385.792838 pid=6620 tid=6628] native-loader jit-info prog_array-target fd=87 id=207 type=17 name=sys_exit_init tag=83e237c8700b51c5 jited_len=1797 xlated_len=3000 nr_jited_ksyms=1 ksym0=0xffffffffc0402b9c ksym1=0x0
[385.792902 pid=6620 tid=6628] BPF_MAP_UPDATE_ELEM prog_array name=sys_exit_init_t map_fd=16 map_id=366 key=56 prog_fd=87 prog_id=207 flags=0 ret=0 errno=0
[385.792967 pid=6620 tid=6628] native-loader jit-info prog_array-target fd=87 id=207 type=17 name=sys_exit_init tag=83e237c8700b51c5 jited_len=1797 xlated_len=3000 nr_jited_ksyms=1 ksym0=0xffffffffc0402b9c ksym1=0x0
[385.793030 pid=6620 tid=6628] BPF_MAP_UPDATE_ELEM prog_array name=sys_exit_init_t map_fd=16 map_id=366 key=57 prog_fd=87 prog_id=207 flags=0 ret=0 errno=0
[385.793095 pid=6620 tid=6628] native-loader jit-info prog_array-target fd=87 id=207 type=17 name=sys_exit_init tag=83e237c8700b51c5 jited_len=1797 xlated_len=3000 nr_jited_ksyms=1 ksym0=0xffffffffc0402b9c ksym1=0x0
[385.793159 pid=6620 tid=6628] BPF_MAP_UPDATE_ELEM prog_array name=sys_exit_init_t map_fd=16 map_id=366 key=58 prog_fd=87 prog_id=207 flags=0 ret=0 errno=0
[385.793253 pid=6620 tid=6628] native-loader jit-info prog_array-target fd=87 id=207 type=17 name=sys_exit_init tag=83e237c8700b51c5 jited_len=1797 xlated_len=3000 nr_jited_ksyms=1 ksym0=0xffffffffc0402b9c ksym1=0x0
[385.793316 pid=6620 tid=6628] BPF_MAP_UPDATE_ELEM prog_array name=sys_exit_init_t map_fd=16 map_id=366 key=59 prog_fd=87 prog_id=207 flags=0 ret=0 errno=0
[385.793384 pid=6620 tid=6628] native-loader jit-info prog_array-target fd=87 id=207 type=17 name=sys_exit_init tag=83e237c8700b51c5 jited_len=1797 xlated_len=3000 nr_jited_ksyms=1 ksym0=0xffffffffc0402b9c ksym1=0x0
[385.793448 pid=6620 tid=6628] BPF_MAP_UPDATE_ELEM prog_array name=sys_exit_init_t map_fd=16 map_id=366 key=60 prog_fd=87 prog_id=207 flags=0 ret=0 errno=0
[385.793514 pid=6620 tid=6628] native-loader jit-info prog_array-target fd=87 id=207 type=17 name=sys_exit_init tag=83e237c8700b51c5 jited_len=1797 xlated_len=3000 nr_jited_ksyms=1 ksym0=0xffffffffc0402b9c ksym1=0x0
[385.793577 pid=6620 tid=6628] BPF_MAP_UPDATE_ELEM prog_array name=sys_exit_init_t map_fd=16 map_id=366 key=61 prog_fd=87 prog_id=207 flags=0 ret=0 errno=0
[385.793642 pid=6620 tid=6628] native-loader jit-info prog_array-target fd=87 id=207 type=17 name=sys_exit_init tag=83e237c8700b51c5 jited_len=1797 xlated_len=3000 nr_jited_ksyms=1 ksym0=0xffffffffc0402b9c ksym1=0x0
[385.793706 pid=6620 tid=6628] BPF_MAP_UPDATE_ELEM prog_array name=sys_exit_init_t map_fd=16 map_id=366 key=62 prog_fd=87 prog_id=207 flags=0 ret=0 errno=0
[385.793771 pid=6620 tid=6628] native-loader jit-info prog_array-target fd=87 id=207 type=17 name=sys_exit_init tag=83e237c8700b51c5 jited_len=1797 xlated_len=3000 nr_jited_ksyms=1 ksym0=0xffffffffc0402b9c ksym1=0x0
[385.793835 pid=6620 tid=6628] BPF_MAP_UPDATE_ELEM prog_array name=sys_exit_init_t map_fd=16 map_id=366 key=63 prog_fd=87 prog_id=207 flags=0 ret=0 errno=0
[385.793901 pid=6620 tid=6628] native-loader jit-info prog_array-target fd=87 id=207 type=17 name=sys_exit_init tag=83e237c8700b51c5 jited_len=1797 xlated_len=3000 nr_jited_ksyms=1 ksym0=0xffffffffc0402b9c ksym1=0x0
[385.793965 pid=6620 tid=6628] BPF_MAP_UPDATE_ELEM prog_array name=sys_exit_init_t map_fd=16 map_id=366 key=64 prog_fd=87 prog_id=207 flags=0 ret=0 errno=0
[385.794030 pid=6620 tid=6628] native-loader jit-info prog_array-target fd=87 id=207 type=17 name=sys_exit_init tag=83e237c8700b51c5 jited_len=1797 xlated_len=3000 nr_jited_ksyms=1 ksym0=0xffffffffc0402b9c ksym1=0x0
[385.794094 pid=6620 tid=6628] BPF_MAP_UPDATE_ELEM prog_array name=sys_exit_init_t map_fd=16 map_id=366 key=65 prog_fd=87 prog_id=207 flags=0 ret=0 errno=0
[385.794188 pid=6620 tid=6628] native-loader jit-info prog_array-target fd=87 id=207 type=17 name=sys_exit_init tag=83e237c8700b51c5 jited_len=1797 xlated_len=3000 nr_jited_ksyms=1 ksym0=0xffffffffc0402b9c ksym1=0x0
[385.794262 pid=6620 tid=6628] BPF_MAP_UPDATE_ELEM prog_array name=sys_exit_init_t map_fd=16 map_id=366 key=66 prog_fd=87 prog_id=207 flags=0 ret=0 errno=0
[385.794327 pid=6620 tid=6628] native-loader jit-info prog_array-target fd=87 id=207 type=17 name=sys_exit_init tag=83e237c8700b51c5 jited_len=1797 xlated_len=3000 nr_jited_ksyms=1 ksym0=0xffffffffc0402b9c ksym1=0x0
[385.794423 pid=6620 tid=6628] BPF_MAP_UPDATE_ELEM prog_array name=sys_exit_init_t map_fd=16 map_id=366 key=67 prog_fd=87 prog_id=207 flags=0 ret=0 errno=0
[385.794489 pid=6620 tid=6628] native-loader jit-info prog_array-target fd=87 id=207 type=17 name=sys_exit_init tag=83e237c8700b51c5 jited_len=1797 xlated_len=3000 nr_jited_ksyms=1 ksym0=0xffffffffc0402b9c ksym1=0x0
[385.794554 pid=6620 tid=6628] BPF_MAP_UPDATE_ELEM prog_array name=sys_exit_init_t map_fd=16 map_id=366 key=68 prog_fd=87 prog_id=207 flags=0 ret=0 errno=0
[385.794648 pid=6620 tid=6628] native-loader jit-info prog_array-target fd=87 id=207 type=17 name=sys_exit_init tag=83e237c8700b51c5 jited_len=1797 xlated_len=3000 nr_jited_ksyms=1 ksym0=0xffffffffc0402b9c ksym1=0x0
[385.794711 pid=6620 tid=6628] BPF_MAP_UPDATE_ELEM prog_array name=sys_exit_init_t map_fd=16 map_id=366 key=69 prog_fd=87 prog_id=207 flags=0 ret=0 errno=0
[385.794805 pid=6620 tid=6628] native-loader jit-info prog_array-target fd=87 id=207 type=17 name=sys_exit_init tag=83e237c8700b51c5 jited_len=1797 xlated_len=3000 nr_jited_ksyms=1 ksym0=0xffffffffc0402b9c ksym1=0x0
[385.794868 pid=6620 tid=6628] BPF_MAP_UPDATE_ELEM prog_array name=sys_exit_init_t map_fd=16 map_id=366 key=70 prog_fd=87 prog_id=207 flags=0 ret=0 errno=0
[385.794933 pid=6620 tid=6628] native-loader jit-info prog_array-target fd=87 id=207 type=17 name=sys_exit_init tag=83e237c8700b51c5 jited_len=1797 xlated_len=3000 nr_jited_ksyms=1 ksym0=0xffffffffc0402b9c ksym1=0x0
[385.794997 pid=6620 tid=6628] BPF_MAP_UPDATE_ELEM prog_array name=sys_exit_init_t map_fd=16 map_id=366 key=71 prog_fd=87 prog_id=207 flags=0 ret=0 errno=0
[385.795062 pid=6620 tid=6628] native-loader jit-info prog_array-target fd=87 id=207 type=17 name=sys_exit_init tag=83e237c8700b51c5 jited_len=1797 xlated_len=3000 nr_jited_ksyms=1 ksym0=0xffffffffc0402b9c ksym1=0x0
[385.795126 pid=6620 tid=6628] BPF_MAP_UPDATE_ELEM prog_array name=sys_exit_init_t map_fd=16 map_id=366 key=72 prog_fd=87 prog_id=207 flags=0 ret=0 errno=0
[385.795192 pid=6620 tid=6628] native-loader jit-info prog_array-target fd=87 id=207 type=17 name=sys_exit_init tag=83e237c8700b51c5 jited_len=1797 xlated_len=3000 nr_jited_ksyms=1 ksym0=0xffffffffc0402b9c ksym1=0x0
[385.795256 pid=6620 tid=6628] BPF_MAP_UPDATE_ELEM prog_array name=sys_exit_init_t map_fd=16 map_id=366 key=73 prog_fd=87 prog_id=207 flags=0 ret=0 errno=0
[385.795320 pid=6620 tid=6628] native-loader jit-info prog_array-target fd=87 id=207 type=17 name=sys_exit_init tag=83e237c8700b51c5 jited_len=1797 xlated_len=3000 nr_jited_ksyms=1 ksym0=0xffffffffc0402b9c ksym1=0x0
[385.795387 pid=6620 tid=6628] BPF_MAP_UPDATE_ELEM prog_array name=sys_exit_init_t map_fd=16 map_id=366 key=74 prog_fd=87 prog_id=207 flags=0 ret=0 errno=0
[385.795452 pid=6620 tid=6628] native-loader jit-info prog_array-target fd=87 id=207 type=17 name=sys_exit_init tag=83e237c8700b51c5 jited_len=1797 xlated_len=3000 nr_jited_ksyms=1 ksym0=0xffffffffc0402b9c ksym1=0x0
[385.795515 pid=6620 tid=6628] BPF_MAP_UPDATE_ELEM prog_array name=sys_exit_init_t map_fd=16 map_id=366 key=75 prog_fd=87 prog_id=207 flags=0 ret=0 errno=0
[385.795609 pid=6620 tid=6628] native-loader jit-info prog_array-target fd=87 id=207 type=17 name=sys_exit_init tag=83e237c8700b51c5 jited_len=1797 xlated_len=3000 nr_jited_ksyms=1 ksym0=0xffffffffc0402b9c ksym1=0x0
[385.795673 pid=6620 tid=6628] BPF_MAP_UPDATE_ELEM prog_array name=sys_exit_init_t map_fd=16 map_id=366 key=76 prog_fd=87 prog_id=207 flags=0 ret=0 errno=0
[385.795738 pid=6620 tid=6628] native-loader jit-info prog_array-target fd=87 id=207 type=17 name=sys_exit_init tag=83e237c8700b51c5 jited_len=1797 xlated_len=3000 nr_jited_ksyms=1 ksym0=0xffffffffc0402b9c ksym1=0x0
[385.795801 pid=6620 tid=6628] BPF_MAP_UPDATE_ELEM prog_array name=sys_exit_init_t map_fd=16 map_id=366 key=77 prog_fd=87 prog_id=207 flags=0 ret=0 errno=0
[385.795866 pid=6620 tid=6628] native-loader jit-info prog_array-target fd=87 id=207 type=17 name=sys_exit_init tag=83e237c8700b51c5 jited_len=1797 xlated_len=3000 nr_jited_ksyms=1 ksym0=0xffffffffc0402b9c ksym1=0x0
[385.795930 pid=6620 tid=6628] BPF_MAP_UPDATE_ELEM prog_array name=sys_exit_init_t map_fd=16 map_id=366 key=78 prog_fd=87 prog_id=207 flags=0 ret=0 errno=0
[385.795995 pid=6620 tid=6628] native-loader jit-info prog_array-target fd=87 id=207 type=17 name=sys_exit_init tag=83e237c8700b51c5 jited_len=1797 xlated_len=3000 nr_jited_ksyms=1 ksym0=0xffffffffc0402b9c ksym1=0x0
[385.796059 pid=6620 tid=6628] BPF_MAP_UPDATE_ELEM prog_array name=sys_exit_init_t map_fd=16 map_id=366 key=79 prog_fd=87 prog_id=207 flags=0 ret=0 errno=0
[385.796124 pid=6620 tid=6628] native-loader jit-info prog_array-target fd=87 id=207 type=17 name=sys_exit_init tag=83e237c8700b51c5 jited_len=1797 xlated_len=3000 nr_jited_ksyms=1 ksym0=0xffffffffc0402b9c ksym1=0x0
[385.796197 pid=6620 tid=6628] BPF_MAP_UPDATE_ELEM prog_array name=sys_exit_init_t map_fd=16 map_id=366 key=80 prog_fd=87 prog_id=207 flags=0 ret=0 errno=0
[385.796262 pid=6620 tid=6628] native-loader jit-info prog_array-target fd=87 id=207 type=17 name=sys_exit_init tag=83e237c8700b51c5 jited_len=1797 xlated_len=3000 nr_jited_ksyms=1 ksym0=0xffffffffc0402b9c ksym1=0x0
[385.796326 pid=6620 tid=6628] BPF_MAP_UPDATE_ELEM prog_array name=sys_exit_init_t map_fd=16 map_id=366 key=81 prog_fd=87 prog_id=207 flags=0 ret=0 errno=0
[385.796393 pid=6620 tid=6628] native-loader jit-info prog_array-target fd=87 id=207 type=17 name=sys_exit_init tag=83e237c8700b51c5 jited_len=1797 xlated_len=3000 nr_jited_ksyms=1 ksym0=0xffffffffc0402b9c ksym1=0x0
[385.796457 pid=6620 tid=6628] BPF_MAP_UPDATE_ELEM prog_array name=sys_exit_init_t map_fd=16 map_id=366 key=82 prog_fd=87 prog_id=207 flags=0 ret=0 errno=0
[385.796523 pid=6620 tid=6628] native-loader jit-info prog_array-target fd=87 id=207 type=17 name=sys_exit_init tag=83e237c8700b51c5 jited_len=1797 xlated_len=3000 nr_jited_ksyms=1 ksym0=0xffffffffc0402b9c ksym1=0x0
[385.796587 pid=6620 tid=6628] BPF_MAP_UPDATE_ELEM prog_array name=sys_exit_init_t map_fd=16 map_id=366 key=83 prog_fd=87 prog_id=207 flags=0 ret=0 errno=0
[385.796652 pid=6620 tid=6628] native-loader jit-info prog_array-target fd=87 id=207 type=17 name=sys_exit_init tag=83e237c8700b51c5 jited_len=1797 xlated_len=3000 nr_jited_ksyms=1 ksym0=0xffffffffc0402b9c ksym1=0x0
[385.796716 pid=6620 tid=6628] BPF_MAP_UPDATE_ELEM prog_array name=sys_exit_init_t map_fd=16 map_id=366 key=84 prog_fd=87 prog_id=207 flags=0 ret=0 errno=0
[385.796810 pid=6620 tid=6628] native-loader jit-info prog_array-target fd=87 id=207 type=17 name=sys_exit_init tag=83e237c8700b51c5 jited_len=1797 xlated_len=3000 nr_jited_ksyms=1 ksym0=0xffffffffc0402b9c ksym1=0x0
[385.796873 pid=6620 tid=6628] BPF_MAP_UPDATE_ELEM prog_array name=sys_exit_init_t map_fd=16 map_id=366 key=85 prog_fd=87 prog_id=207 flags=0 ret=0 errno=0
[385.796939 pid=6620 tid=6628] native-loader jit-info prog_array-target fd=87 id=207 type=17 name=sys_exit_init tag=83e237c8700b51c5 jited_len=1797 xlated_len=3000 nr_jited_ksyms=1 ksym0=0xffffffffc0402b9c ksym1=0x0
[385.797002 pid=6620 tid=6628] BPF_MAP_UPDATE_ELEM prog_array name=sys_exit_init_t map_fd=16 map_id=366 key=86 prog_fd=87 prog_id=207 flags=0 ret=0 errno=0
[385.797068 pid=6620 tid=6628] native-loader jit-info prog_array-target fd=87 id=207 type=17 name=sys_exit_init tag=83e237c8700b51c5 jited_len=1797 xlated_len=3000 nr_jited_ksyms=1 ksym0=0xffffffffc0402b9c ksym1=0x0
[385.797132 pid=6620 tid=6628] BPF_MAP_UPDATE_ELEM prog_array name=sys_exit_init_t map_fd=16 map_id=366 key=87 prog_fd=87 prog_id=207 flags=0 ret=0 errno=0
[385.797201 pid=6620 tid=6628] native-loader jit-info prog_array-target fd=87 id=207 type=17 name=sys_exit_init tag=83e237c8700b51c5 jited_len=1797 xlated_len=3000 nr_jited_ksyms=1 ksym0=0xffffffffc0402b9c ksym1=0x0
[385.797273 pid=6620 tid=6628] BPF_MAP_UPDATE_ELEM prog_array name=sys_exit_init_t map_fd=16 map_id=366 key=88 prog_fd=87 prog_id=207 flags=0 ret=0 errno=0
[385.797337 pid=6620 tid=6628] native-loader jit-info prog_array-target fd=87 id=207 type=17 name=sys_exit_init tag=83e237c8700b51c5 jited_len=1797 xlated_len=3000 nr_jited_ksyms=1 ksym0=0xffffffffc0402b9c ksym1=0x0
[385.797406 pid=6620 tid=6628] BPF_MAP_UPDATE_ELEM prog_array name=sys_exit_init_t map_fd=16 map_id=366 key=89 prog_fd=87 prog_id=207 flags=0 ret=0 errno=0
[385.797472 pid=6620 tid=6628] native-loader jit-info prog_array-target fd=87 id=207 type=17 name=sys_exit_init tag=83e237c8700b51c5 jited_len=1797 xlated_len=3000 nr_jited_ksyms=1 ksym0=0xffffffffc0402b9c ksym1=0x0
[385.797535 pid=6620 tid=6628] BPF_MAP_UPDATE_ELEM prog_array name=sys_exit_init_t map_fd=16 map_id=366 key=90 prog_fd=87 prog_id=207 flags=0 ret=0 errno=0
[385.797600 pid=6620 tid=6628] native-loader jit-info prog_array-target fd=87 id=207 type=17 name=sys_exit_init tag=83e237c8700b51c5 jited_len=1797 xlated_len=3000 nr_jited_ksyms=1 ksym0=0xffffffffc0402b9c ksym1=0x0
[385.797664 pid=6620 tid=6628] BPF_MAP_UPDATE_ELEM prog_array name=sys_exit_init_t map_fd=16 map_id=366 key=91 prog_fd=87 prog_id=207 flags=0 ret=0 errno=0
[385.797729 pid=6620 tid=6628] native-loader jit-info prog_array-target fd=87 id=207 type=17 name=sys_exit_init tag=83e237c8700b51c5 jited_len=1797 xlated_len=3000 nr_jited_ksyms=1 ksym0=0xffffffffc0402b9c ksym1=0x0
[385.797792 pid=6620 tid=6628] BPF_MAP_UPDATE_ELEM prog_array name=sys_exit_init_t map_fd=16 map_id=366 key=92 prog_fd=87 prog_id=207 flags=0 ret=0 errno=0
[385.797857 pid=6620 tid=6628] native-loader jit-info prog_array-target fd=87 id=207 type=17 name=sys_exit_init tag=83e237c8700b51c5 jited_len=1797 xlated_len=3000 nr_jited_ksyms=1 ksym0=0xffffffffc0402b9c ksym1=0x0
[385.797922 pid=6620 tid=6628] BPF_MAP_UPDATE_ELEM prog_array name=sys_exit_init_t map_fd=16 map_id=366 key=93 prog_fd=87 prog_id=207 flags=0 ret=0 errno=0
[385.797989 pid=6620 tid=6628] native-loader jit-info prog_array-target fd=87 id=207 type=17 name=sys_exit_init tag=83e237c8700b51c5 jited_len=1797 xlated_len=3000 nr_jited_ksyms=1 ksym0=0xffffffffc0402b9c ksym1=0x0
[385.798063 pid=6620 tid=6628] BPF_MAP_UPDATE_ELEM prog_array name=sys_exit_init_t map_fd=16 map_id=366 key=94 prog_fd=87 prog_id=207 flags=0 ret=0 errno=0
[385.798129 pid=6620 tid=6628] native-loader jit-info prog_array-target fd=87 id=207 type=17 name=sys_exit_init tag=83e237c8700b51c5 jited_len=1797 xlated_len=3000 nr_jited_ksyms=1 ksym0=0xffffffffc0402b9c ksym1=0x0
[385.798192 pid=6620 tid=6628] BPF_MAP_UPDATE_ELEM prog_array name=sys_exit_init_t map_fd=16 map_id=366 key=95 prog_fd=87 prog_id=207 flags=0 ret=0 errno=0
[385.798257 pid=6620 tid=6628] native-loader jit-info prog_array-target fd=87 id=207 type=17 name=sys_exit_init tag=83e237c8700b51c5 jited_len=1797 xlated_len=3000 nr_jited_ksyms=1 ksym0=0xffffffffc0402b9c ksym1=0x0
[385.798321 pid=6620 tid=6628] BPF_MAP_UPDATE_ELEM prog_array name=sys_exit_init_t map_fd=16 map_id=366 key=96 prog_fd=87 prog_id=207 flags=0 ret=0 errno=0
[385.798390 pid=6620 tid=6628] native-loader jit-info prog_array-target fd=87 id=207 type=17 name=sys_exit_init tag=83e237c8700b51c5 jited_len=1797 xlated_len=3000 nr_jited_ksyms=1 ksym0=0xffffffffc0402b9c ksym1=0x0
[385.798453 pid=6620 tid=6628] BPF_MAP_UPDATE_ELEM prog_array name=sys_exit_init_t map_fd=16 map_id=366 key=97 prog_fd=87 prog_id=207 flags=0 ret=0 errno=0
[385.798546 pid=6620 tid=6628] native-loader jit-info prog_array-target fd=87 id=207 type=17 name=sys_exit_init tag=83e237c8700b51c5 jited_len=1797 xlated_len=3000 nr_jited_ksyms=1 ksym0=0xffffffffc0402b9c ksym1=0x0
[385.798610 pid=6620 tid=6628] BPF_MAP_UPDATE_ELEM prog_array name=sys_exit_init_t map_fd=16 map_id=366 key=98 prog_fd=87 prog_id=207 flags=0 ret=0 errno=0
[385.798675 pid=6620 tid=6628] native-loader jit-info prog_array-target fd=87 id=207 type=17 name=sys_exit_init tag=83e237c8700b51c5 jited_len=1797 xlated_len=3000 nr_jited_ksyms=1 ksym0=0xffffffffc0402b9c ksym1=0x0
[385.798738 pid=6620 tid=6628] BPF_MAP_UPDATE_ELEM prog_array name=sys_exit_init_t map_fd=16 map_id=366 key=99 prog_fd=87 prog_id=207 flags=0 ret=0 errno=0
[385.798804 pid=6620 tid=6628] native-loader jit-info prog_array-target fd=87 id=207 type=17 name=sys_exit_init tag=83e237c8700b51c5 jited_len=1797 xlated_len=3000 nr_jited_ksyms=1 ksym0=0xffffffffc0402b9c ksym1=0x0
[385.798867 pid=6620 tid=6628] BPF_MAP_UPDATE_ELEM prog_array name=sys_exit_init_t map_fd=16 map_id=366 key=100 prog_fd=87 prog_id=207 flags=0 ret=0 errno=0
[385.798961 pid=6620 tid=6628] native-loader jit-info prog_array-target fd=87 id=207 type=17 name=sys_exit_init tag=83e237c8700b51c5 jited_len=1797 xlated_len=3000 nr_jited_ksyms=1 ksym0=0xffffffffc0402b9c ksym1=0x0
[385.799024 pid=6620 tid=6628] BPF_MAP_UPDATE_ELEM prog_array name=sys_exit_init_t map_fd=16 map_id=366 key=102 prog_fd=87 prog_id=207 flags=0 ret=0 errno=0
[385.799089 pid=6620 tid=6628] native-loader jit-info prog_array-target fd=87 id=207 type=17 name=sys_exit_init tag=83e237c8700b51c5 jited_len=1797 xlated_len=3000 nr_jited_ksyms=1 ksym0=0xffffffffc0402b9c ksym1=0x0
[385.799153 pid=6620 tid=6628] BPF_MAP_UPDATE_ELEM prog_array name=sys_exit_init_t map_fd=16 map_id=366 key=103 prog_fd=87 prog_id=207 flags=0 ret=0 errno=0
[385.799218 pid=6620 tid=6628] native-loader jit-info prog_array-target fd=87 id=207 type=17 name=sys_exit_init tag=83e237c8700b51c5 jited_len=1797 xlated_len=3000 nr_jited_ksyms=1 ksym0=0xffffffffc0402b9c ksym1=0x0
[385.799283 pid=6620 tid=6628] BPF_MAP_UPDATE_ELEM prog_array name=sys_exit_init_t map_fd=16 map_id=366 key=104 prog_fd=87 prog_id=207 flags=0 ret=0 errno=0
[385.799347 pid=6620 tid=6628] native-loader jit-info prog_array-target fd=87 id=207 type=17 name=sys_exit_init tag=83e237c8700b51c5 jited_len=1797 xlated_len=3000 nr_jited_ksyms=1 ksym0=0xffffffffc0402b9c ksym1=0x0
[385.799414 pid=6620 tid=6628] BPF_MAP_UPDATE_ELEM prog_array name=sys_exit_init_t map_fd=16 map_id=366 key=105 prog_fd=87 prog_id=207 flags=0 ret=0 errno=0
[385.799480 pid=6620 tid=6628] native-loader jit-info prog_array-target fd=87 id=207 type=17 name=sys_exit_init tag=83e237c8700b51c5 jited_len=1797 xlated_len=3000 nr_jited_ksyms=1 ksym0=0xffffffffc0402b9c ksym1=0x0
[385.799544 pid=6620 tid=6628] BPF_MAP_UPDATE_ELEM prog_array name=sys_exit_init_t map_fd=16 map_id=366 key=106 prog_fd=87 prog_id=207 flags=0 ret=0 errno=0
[385.799609 pid=6620 tid=6628] native-loader jit-info prog_array-target fd=87 id=207 type=17 name=sys_exit_init tag=83e237c8700b51c5 jited_len=1797 xlated_len=3000 nr_jited_ksyms=1 ksym0=0xffffffffc0402b9c ksym1=0x0
[385.799673 pid=6620 tid=6628] BPF_MAP_UPDATE_ELEM prog_array name=sys_exit_init_t map_fd=16 map_id=366 key=107 prog_fd=87 prog_id=207 flags=0 ret=0 errno=0
[385.799738 pid=6620 tid=6628] native-loader jit-info prog_array-target fd=87 id=207 type=17 name=sys_exit_init tag=83e237c8700b51c5 jited_len=1797 xlated_len=3000 nr_jited_ksyms=1 ksym0=0xffffffffc0402b9c ksym1=0x0
[385.799803 pid=6620 tid=6628] BPF_MAP_UPDATE_ELEM prog_array name=sys_exit_init_t map_fd=16 map_id=366 key=108 prog_fd=87 prog_id=207 flags=0 ret=0 errno=0
[385.799869 pid=6620 tid=6628] native-loader jit-info prog_array-target fd=87 id=207 type=17 name=sys_exit_init tag=83e237c8700b51c5 jited_len=1797 xlated_len=3000 nr_jited_ksyms=1 ksym0=0xffffffffc0402b9c ksym1=0x0
[385.799944 pid=6620 tid=6628] BPF_MAP_UPDATE_ELEM prog_array name=sys_exit_init_t map_fd=16 map_id=366 key=109 prog_fd=87 prog_id=207 flags=0 ret=0 errno=0
[385.800034 pid=6620 tid=6628] native-loader jit-info prog_array-target fd=87 id=207 type=17 name=sys_exit_init tag=83e237c8700b51c5 jited_len=1797 xlated_len=3000 nr_jited_ksyms=1 ksym0=0xffffffffc0402b9c ksym1=0x0
[385.800106 pid=6620 tid=6628] BPF_MAP_UPDATE_ELEM prog_array name=sys_exit_init_t map_fd=16 map_id=366 key=110 prog_fd=87 prog_id=207 flags=0 ret=0 errno=0
[385.800171 pid=6620 tid=6628] native-loader jit-info prog_array-target fd=87 id=207 type=17 name=sys_exit_init tag=83e237c8700b51c5 jited_len=1797 xlated_len=3000 nr_jited_ksyms=1 ksym0=0xffffffffc0402b9c ksym1=0x0
[385.800235 pid=6620 tid=6628] BPF_MAP_UPDATE_ELEM prog_array name=sys_exit_init_t map_fd=16 map_id=366 key=111 prog_fd=87 prog_id=207 flags=0 ret=0 errno=0
[385.800301 pid=6620 tid=6628] native-loader jit-info prog_array-target fd=87 id=207 type=17 name=sys_exit_init tag=83e237c8700b51c5 jited_len=1797 xlated_len=3000 nr_jited_ksyms=1 ksym0=0xffffffffc0402b9c ksym1=0x0
[385.800368 pid=6620 tid=6628] BPF_MAP_UPDATE_ELEM prog_array name=sys_exit_init_t map_fd=16 map_id=366 key=112 prog_fd=87 prog_id=207 flags=0 ret=0 errno=0
[385.800437 pid=6620 tid=6628] native-loader jit-info prog_array-target fd=87 id=207 type=17 name=sys_exit_init tag=83e237c8700b51c5 jited_len=1797 xlated_len=3000 nr_jited_ksyms=1 ksym0=0xffffffffc0402b9c ksym1=0x0
[385.800509 pid=6620 tid=6628] BPF_MAP_UPDATE_ELEM prog_array name=sys_exit_init_t map_fd=16 map_id=366 key=113 prog_fd=87 prog_id=207 flags=0 ret=0 errno=0
[385.800574 pid=6620 tid=6628] native-loader jit-info prog_array-target fd=87 id=207 type=17 name=sys_exit_init tag=83e237c8700b51c5 jited_len=1797 xlated_len=3000 nr_jited_ksyms=1 ksym0=0xffffffffc0402b9c ksym1=0x0
[385.800646 pid=6620 tid=6628] BPF_MAP_UPDATE_ELEM prog_array name=sys_exit_init_t map_fd=16 map_id=366 key=114 prog_fd=87 prog_id=207 flags=0 ret=0 errno=0
[385.800710 pid=6620 tid=6628] native-loader jit-info prog_array-target fd=87 id=207 type=17 name=sys_exit_init tag=83e237c8700b51c5 jited_len=1797 xlated_len=3000 nr_jited_ksyms=1 ksym0=0xffffffffc0402b9c ksym1=0x0
[385.800782 pid=6620 tid=6628] BPF_MAP_UPDATE_ELEM prog_array name=sys_exit_init_t map_fd=16 map_id=366 key=115 prog_fd=87 prog_id=207 flags=0 ret=0 errno=0
[385.800841 pid=6620 tid=6628] native-loader jit-info prog_array-target fd=87 id=207 type=17 name=sys_exit_init tag=83e237c8700b51c5 jited_len=1797 xlated_len=3000 nr_jited_ksyms=1 ksym0=0xffffffffc0402b9c ksym1=0x0
[385.800905 pid=6620 tid=6628] BPF_MAP_UPDATE_ELEM prog_array name=sys_exit_init_t map_fd=16 map_id=366 key=116 prog_fd=87 prog_id=207 flags=0 ret=0 errno=0
[385.800999 pid=6620 tid=6628] native-loader jit-info prog_array-target fd=87 id=207 type=17 name=sys_exit_init tag=83e237c8700b51c5 jited_len=1797 xlated_len=3000 nr_jited_ksyms=1 ksym0=0xffffffffc0402b9c ksym1=0x0
[385.801063 pid=6620 tid=6628] BPF_MAP_UPDATE_ELEM prog_array name=sys_exit_init_t map_fd=16 map_id=366 key=117 prog_fd=87 prog_id=207 flags=0 ret=0 errno=0
[385.801129 pid=6620 tid=6628] native-loader jit-info prog_array-target fd=87 id=207 type=17 name=sys_exit_init tag=83e237c8700b51c5 jited_len=1797 xlated_len=3000 nr_jited_ksyms=1 ksym0=0xffffffffc0402b9c ksym1=0x0
[385.801192 pid=6620 tid=6628] BPF_MAP_UPDATE_ELEM prog_array name=sys_exit_init_t map_fd=16 map_id=366 key=118 prog_fd=87 prog_id=207 flags=0 ret=0 errno=0
[385.801257 pid=6620 tid=6628] native-loader jit-info prog_array-target fd=87 id=207 type=17 name=sys_exit_init tag=83e237c8700b51c5 jited_len=1797 xlated_len=3000 nr_jited_ksyms=1 ksym0=0xffffffffc0402b9c ksym1=0x0
[385.801321 pid=6620 tid=6628] BPF_MAP_UPDATE_ELEM prog_array name=sys_exit_init_t map_fd=16 map_id=366 key=119 prog_fd=87 prog_id=207 flags=0 ret=0 errno=0
[385.801388 pid=6620 tid=6628] native-loader jit-info prog_array-target fd=87 id=207 type=17 name=sys_exit_init tag=83e237c8700b51c5 jited_len=1797 xlated_len=3000 nr_jited_ksyms=1 ksym0=0xffffffffc0402b9c ksym1=0x0
[385.801451 pid=6620 tid=6628] BPF_MAP_UPDATE_ELEM prog_array name=sys_exit_init_t map_fd=16 map_id=366 key=120 prog_fd=87 prog_id=207 flags=0 ret=0 errno=0
[385.801517 pid=6620 tid=6628] native-loader jit-info prog_array-target fd=87 id=207 type=17 name=sys_exit_init tag=83e237c8700b51c5 jited_len=1797 xlated_len=3000 nr_jited_ksyms=1 ksym0=0xffffffffc0402b9c ksym1=0x0
[385.801581 pid=6620 tid=6628] BPF_MAP_UPDATE_ELEM prog_array name=sys_exit_init_t map_fd=16 map_id=366 key=121 prog_fd=87 prog_id=207 flags=0 ret=0 errno=0
[385.801646 pid=6620 tid=6628] native-loader jit-info prog_array-target fd=87 id=207 type=17 name=sys_exit_init tag=83e237c8700b51c5 jited_len=1797 xlated_len=3000 nr_jited_ksyms=1 ksym0=0xffffffffc0402b9c ksym1=0x0
[385.801710 pid=6620 tid=6628] BPF_MAP_UPDATE_ELEM prog_array name=sys_exit_init_t map_fd=16 map_id=366 key=122 prog_fd=87 prog_id=207 flags=0 ret=0 errno=0
[385.801779 pid=6620 tid=6628] native-loader jit-info prog_array-target fd=87 id=207 type=17 name=sys_exit_init tag=83e237c8700b51c5 jited_len=1797 xlated_len=3000 nr_jited_ksyms=1 ksym0=0xffffffffc0402b9c ksym1=0x0
[385.801853 pid=6620 tid=6628] BPF_MAP_UPDATE_ELEM prog_array name=sys_exit_init_t map_fd=16 map_id=366 key=123 prog_fd=87 prog_id=207 flags=0 ret=0 errno=0
[385.801918 pid=6620 tid=6628] native-loader jit-info prog_array-target fd=87 id=207 type=17 name=sys_exit_init tag=83e237c8700b51c5 jited_len=1797 xlated_len=3000 nr_jited_ksyms=1 ksym0=0xffffffffc0402b9c ksym1=0x0
[385.801982 pid=6620 tid=6628] BPF_MAP_UPDATE_ELEM prog_array name=sys_exit_init_t map_fd=16 map_id=366 key=124 prog_fd=87 prog_id=207 flags=0 ret=0 errno=0
[385.802048 pid=6620 tid=6628] native-loader jit-info prog_array-target fd=87 id=207 type=17 name=sys_exit_init tag=83e237c8700b51c5 jited_len=1797 xlated_len=3000 nr_jited_ksyms=1 ksym0=0xffffffffc0402b9c ksym1=0x0
[385.802112 pid=6620 tid=6628] BPF_MAP_UPDATE_ELEM prog_array name=sys_exit_init_t map_fd=16 map_id=366 key=125 prog_fd=87 prog_id=207 flags=0 ret=0 errno=0
[385.802177 pid=6620 tid=6628] native-loader jit-info prog_array-target fd=87 id=207 type=17 name=sys_exit_init tag=83e237c8700b51c5 jited_len=1797 xlated_len=3000 nr_jited_ksyms=1 ksym0=0xffffffffc0402b9c ksym1=0x0
[385.802241 pid=6620 tid=6628] BPF_MAP_UPDATE_ELEM prog_array name=sys_exit_init_t map_fd=16 map_id=366 key=126 prog_fd=87 prog_id=207 flags=0 ret=0 errno=0
[385.802306 pid=6620 tid=6628] native-loader jit-info prog_array-target fd=87 id=207 type=17 name=sys_exit_init tag=83e237c8700b51c5 jited_len=1797 xlated_len=3000 nr_jited_ksyms=1 ksym0=0xffffffffc0402b9c ksym1=0x0
[385.802374 pid=6620 tid=6628] BPF_MAP_UPDATE_ELEM prog_array name=sys_exit_init_t map_fd=16 map_id=366 key=127 prog_fd=87 prog_id=207 flags=0 ret=0 errno=0
[385.802440 pid=6620 tid=6628] native-loader jit-info prog_array-target fd=87 id=207 type=17 name=sys_exit_init tag=83e237c8700b51c5 jited_len=1797 xlated_len=3000 nr_jited_ksyms=1 ksym0=0xffffffffc0402b9c ksym1=0x0
[385.802504 pid=6620 tid=6628] BPF_MAP_UPDATE_ELEM prog_array name=sys_exit_init_t map_fd=16 map_id=366 key=128 prog_fd=87 prog_id=207 flags=0 ret=0 errno=0
[385.802569 pid=6620 tid=6628] native-loader jit-info prog_array-target fd=87 id=207 type=17 name=sys_exit_init tag=83e237c8700b51c5 jited_len=1797 xlated_len=3000 nr_jited_ksyms=1 ksym0=0xffffffffc0402b9c ksym1=0x0
[385.802633 pid=6620 tid=6628] BPF_MAP_UPDATE_ELEM prog_array name=sys_exit_init_t map_fd=16 map_id=366 key=129 prog_fd=87 prog_id=207 flags=0 ret=0 errno=0
[385.802699 pid=6620 tid=6628] native-loader jit-info prog_array-target fd=87 id=207 type=17 name=sys_exit_init tag=83e237c8700b51c5 jited_len=1797 xlated_len=3000 nr_jited_ksyms=1 ksym0=0xffffffffc0402b9c ksym1=0x0
[385.802763 pid=6620 tid=6628] BPF_MAP_UPDATE_ELEM prog_array name=sys_exit_init_t map_fd=16 map_id=366 key=130 prog_fd=87 prog_id=207 flags=0 ret=0 errno=0
[385.802827 pid=6620 tid=6628] native-loader jit-info prog_array-target fd=87 id=207 type=17 name=sys_exit_init tag=83e237c8700b51c5 jited_len=1797 xlated_len=3000 nr_jited_ksyms=1 ksym0=0xffffffffc0402b9c ksym1=0x0
[385.802891 pid=6620 tid=6628] BPF_MAP_UPDATE_ELEM prog_array name=sys_exit_init_t map_fd=16 map_id=366 key=131 prog_fd=87 prog_id=207 flags=0 ret=0 errno=0
[385.802956 pid=6620 tid=6628] native-loader jit-info prog_array-target fd=87 id=207 type=17 name=sys_exit_init tag=83e237c8700b51c5 jited_len=1797 xlated_len=3000 nr_jited_ksyms=1 ksym0=0xffffffffc0402b9c ksym1=0x0
[385.803020 pid=6620 tid=6628] BPF_MAP_UPDATE_ELEM prog_array name=sys_exit_init_t map_fd=16 map_id=366 key=132 prog_fd=87 prog_id=207 flags=0 ret=0 errno=0
[385.803085 pid=6620 tid=6628] native-loader jit-info prog_array-target fd=87 id=207 type=17 name=sys_exit_init tag=83e237c8700b51c5 jited_len=1797 xlated_len=3000 nr_jited_ksyms=1 ksym0=0xffffffffc0402b9c ksym1=0x0
[385.803149 pid=6620 tid=6628] BPF_MAP_UPDATE_ELEM prog_array name=sys_exit_init_t map_fd=16 map_id=366 key=133 prog_fd=87 prog_id=207 flags=0 ret=0 errno=0
[385.803214 pid=6620 tid=6628] native-loader jit-info prog_array-target fd=87 id=207 type=17 name=sys_exit_init tag=83e237c8700b51c5 jited_len=1797 xlated_len=3000 nr_jited_ksyms=1 ksym0=0xffffffffc0402b9c ksym1=0x0
[385.803278 pid=6620 tid=6628] BPF_MAP_UPDATE_ELEM prog_array name=sys_exit_init_t map_fd=16 map_id=366 key=134 prog_fd=87 prog_id=207 flags=0 ret=0 errno=0
[385.803343 pid=6620 tid=6628] native-loader jit-info prog_array-target fd=87 id=207 type=17 name=sys_exit_init tag=83e237c8700b51c5 jited_len=1797 xlated_len=3000 nr_jited_ksyms=1 ksym0=0xffffffffc0402b9c ksym1=0x0
[385.803409 pid=6620 tid=6628] BPF_MAP_UPDATE_ELEM prog_array name=sys_exit_init_t map_fd=16 map_id=366 key=135 prog_fd=87 prog_id=207 flags=0 ret=0 errno=0
[385.803475 pid=6620 tid=6628] native-loader jit-info prog_array-target fd=87 id=207 type=17 name=sys_exit_init tag=83e237c8700b51c5 jited_len=1797 xlated_len=3000 nr_jited_ksyms=1 ksym0=0xffffffffc0402b9c ksym1=0x0
[385.803539 pid=6620 tid=6628] BPF_MAP_UPDATE_ELEM prog_array name=sys_exit_init_t map_fd=16 map_id=366 key=136 prog_fd=87 prog_id=207 flags=0 ret=0 errno=0
[385.803608 pid=6620 tid=6628] native-loader jit-info prog_array-target fd=87 id=207 type=17 name=sys_exit_init tag=83e237c8700b51c5 jited_len=1797 xlated_len=3000 nr_jited_ksyms=1 ksym0=0xffffffffc0402b9c ksym1=0x0
[385.803687 pid=6620 tid=6628] BPF_MAP_UPDATE_ELEM prog_array name=sys_exit_init_t map_fd=16 map_id=366 key=137 prog_fd=87 prog_id=207 flags=0 ret=0 errno=0
[385.803750 pid=6620 tid=6628] native-loader jit-info prog_array-target fd=87 id=207 type=17 name=sys_exit_init tag=83e237c8700b51c5 jited_len=1797 xlated_len=3000 nr_jited_ksyms=1 ksym0=0xffffffffc0402b9c ksym1=0x0
[385.803823 pid=6620 tid=6628] BPF_MAP_UPDATE_ELEM prog_array name=sys_exit_init_t map_fd=16 map_id=366 key=138 prog_fd=87 prog_id=207 flags=0 ret=0 errno=0
[385.803887 pid=6620 tid=6628] native-loader jit-info prog_array-target fd=87 id=207 type=17 name=sys_exit_init tag=83e237c8700b51c5 jited_len=1797 xlated_len=3000 nr_jited_ksyms=1 ksym0=0xffffffffc0402b9c ksym1=0x0
[385.803960 pid=6620 tid=6628] BPF_MAP_UPDATE_ELEM prog_array name=sys_exit_init_t map_fd=16 map_id=366 key=139 prog_fd=87 prog_id=207 flags=0 ret=0 errno=0
[385.804021 pid=6620 tid=6628] native-loader jit-info prog_array-target fd=87 id=207 type=17 name=sys_exit_init tag=83e237c8700b51c5 jited_len=1797 xlated_len=3000 nr_jited_ksyms=1 ksym0=0xffffffffc0402b9c ksym1=0x0
[385.804085 pid=6620 tid=6628] BPF_MAP_UPDATE_ELEM prog_array name=sys_exit_init_t map_fd=16 map_id=366 key=140 prog_fd=87 prog_id=207 flags=0 ret=0 errno=0
[385.804150 pid=6620 tid=6628] native-loader jit-info prog_array-target fd=87 id=207 type=17 name=sys_exit_init tag=83e237c8700b51c5 jited_len=1797 xlated_len=3000 nr_jited_ksyms=1 ksym0=0xffffffffc0402b9c ksym1=0x0
[385.804215 pid=6620 tid=6628] BPF_MAP_UPDATE_ELEM prog_array name=sys_exit_init_t map_fd=16 map_id=366 key=141 prog_fd=87 prog_id=207 flags=0 ret=0 errno=0
[385.804280 pid=6620 tid=6628] native-loader jit-info prog_array-target fd=87 id=207 type=17 name=sys_exit_init tag=83e237c8700b51c5 jited_len=1797 xlated_len=3000 nr_jited_ksyms=1 ksym0=0xffffffffc0402b9c ksym1=0x0
[385.804343 pid=6620 tid=6628] BPF_MAP_UPDATE_ELEM prog_array name=sys_exit_init_t map_fd=16 map_id=366 key=142 prog_fd=87 prog_id=207 flags=0 ret=0 errno=0
[385.804411 pid=6620 tid=6628] native-loader jit-info prog_array-target fd=87 id=207 type=17 name=sys_exit_init tag=83e237c8700b51c5 jited_len=1797 xlated_len=3000 nr_jited_ksyms=1 ksym0=0xffffffffc0402b9c ksym1=0x0
[385.804475 pid=6620 tid=6628] BPF_MAP_UPDATE_ELEM prog_array name=sys_exit_init_t map_fd=16 map_id=366 key=143 prog_fd=87 prog_id=207 flags=0 ret=0 errno=0
[385.804541 pid=6620 tid=6628] native-loader jit-info prog_array-target fd=87 id=207 type=17 name=sys_exit_init tag=83e237c8700b51c5 jited_len=1797 xlated_len=3000 nr_jited_ksyms=1 ksym0=0xffffffffc0402b9c ksym1=0x0
[385.804800 pid=6620 tid=6628] BPF_MAP_UPDATE_ELEM prog_array name=sys_exit_init_t map_fd=16 map_id=366 key=144 prog_fd=87 prog_id=207 flags=0 ret=0 errno=0
[385.804912 pid=6620 tid=6628] native-loader jit-info prog_array-target fd=87 id=207 type=17 name=sys_exit_init tag=83e237c8700b51c5 jited_len=1797 xlated_len=3000 nr_jited_ksyms=1 ksym0=0xffffffffc0402b9c ksym1=0x0
[385.804978 pid=6620 tid=6628] BPF_MAP_UPDATE_ELEM prog_array name=sys_exit_init_t map_fd=16 map_id=366 key=145 prog_fd=87 prog_id=207 flags=0 ret=0 errno=0
[385.805035 pid=6620 tid=6628] native-loader jit-info prog_array-target fd=87 id=207 type=17 name=sys_exit_init tag=83e237c8700b51c5 jited_len=1797 xlated_len=3000 nr_jited_ksyms=1 ksym0=0xffffffffc0402b9c ksym1=0x0
[385.805097 pid=6620 tid=6628] BPF_MAP_UPDATE_ELEM prog_array name=sys_exit_init_t map_fd=16 map_id=366 key=146 prog_fd=87 prog_id=207 flags=0 ret=0 errno=0
[385.805154 pid=6620 tid=6628] native-loader jit-info prog_array-target fd=87 id=207 type=17 name=sys_exit_init tag=83e237c8700b51c5 jited_len=1797 xlated_len=3000 nr_jited_ksyms=1 ksym0=0xffffffffc0402b9c ksym1=0x0
[385.805217 pid=6620 tid=6628] BPF_MAP_UPDATE_ELEM prog_array name=sys_exit_init_t map_fd=16 map_id=366 key=147 prog_fd=87 prog_id=207 flags=0 ret=0 errno=0
[385.805273 pid=6620 tid=6628] native-loader jit-info prog_array-target fd=87 id=207 type=17 name=sys_exit_init tag=83e237c8700b51c5 jited_len=1797 xlated_len=3000 nr_jited_ksyms=1 ksym0=0xffffffffc0402b9c ksym1=0x0
[385.805336 pid=6620 tid=6628] BPF_MAP_UPDATE_ELEM prog_array name=sys_exit_init_t map_fd=16 map_id=366 key=148 prog_fd=87 prog_id=207 flags=0 ret=0 errno=0
[385.805395 pid=6620 tid=6628] native-loader jit-info prog_array-target fd=87 id=207 type=17 name=sys_exit_init tag=83e237c8700b51c5 jited_len=1797 xlated_len=3000 nr_jited_ksyms=1 ksym0=0xffffffffc0402b9c ksym1=0x0
[385.805466 pid=6620 tid=6628] BPF_MAP_UPDATE_ELEM prog_array name=sys_exit_init_t map_fd=16 map_id=366 key=149 prog_fd=87 prog_id=207 flags=0 ret=0 errno=0
[385.805532 pid=6620 tid=6628] native-loader jit-info prog_array-target fd=87 id=207 type=17 name=sys_exit_init tag=83e237c8700b51c5 jited_len=1797 xlated_len=3000 nr_jited_ksyms=1 ksym0=0xffffffffc0402b9c ksym1=0x0
[385.805603 pid=6620 tid=6628] BPF_MAP_UPDATE_ELEM prog_array name=sys_exit_init_t map_fd=16 map_id=366 key=150 prog_fd=87 prog_id=207 flags=0 ret=0 errno=0
[385.805668 pid=6620 tid=6628] native-loader jit-info prog_array-target fd=87 id=207 type=17 name=sys_exit_init tag=83e237c8700b51c5 jited_len=1797 xlated_len=3000 nr_jited_ksyms=1 ksym0=0xffffffffc0402b9c ksym1=0x0
[385.805739 pid=6620 tid=6628] BPF_MAP_UPDATE_ELEM prog_array name=sys_exit_init_t map_fd=16 map_id=366 key=151 prog_fd=87 prog_id=207 flags=0 ret=0 errno=0
[385.805805 pid=6620 tid=6628] native-loader jit-info prog_array-target fd=87 id=207 type=17 name=sys_exit_init tag=83e237c8700b51c5 jited_len=1797 xlated_len=3000 nr_jited_ksyms=1 ksym0=0xffffffffc0402b9c ksym1=0x0
[385.805874 pid=6620 tid=6628] BPF_MAP_UPDATE_ELEM prog_array name=sys_exit_init_t map_fd=16 map_id=366 key=152 prog_fd=87 prog_id=207 flags=0 ret=0 errno=0
[385.805931 pid=6620 tid=6628] native-loader jit-info prog_array-target fd=87 id=207 type=17 name=sys_exit_init tag=83e237c8700b51c5 jited_len=1797 xlated_len=3000 nr_jited_ksyms=1 ksym0=0xffffffffc0402b9c ksym1=0x0
[385.806022 pid=6620 tid=6628] BPF_MAP_UPDATE_ELEM prog_array name=sys_exit_init_t map_fd=16 map_id=366 key=153 prog_fd=87 prog_id=207 flags=0 ret=0 errno=0
[385.806078 pid=6620 tid=6628] native-loader jit-info prog_array-target fd=87 id=207 type=17 name=sys_exit_init tag=83e237c8700b51c5 jited_len=1797 xlated_len=3000 nr_jited_ksyms=1 ksym0=0xffffffffc0402b9c ksym1=0x0
[385.806141 pid=6620 tid=6628] BPF_MAP_UPDATE_ELEM prog_array name=sys_exit_init_t map_fd=16 map_id=366 key=154 prog_fd=87 prog_id=207 flags=0 ret=0 errno=0
[385.806197 pid=6620 tid=6628] native-loader jit-info prog_array-target fd=87 id=207 type=17 name=sys_exit_init tag=83e237c8700b51c5 jited_len=1797 xlated_len=3000 nr_jited_ksyms=1 ksym0=0xffffffffc0402b9c ksym1=0x0
[385.806259 pid=6620 tid=6628] BPF_MAP_UPDATE_ELEM prog_array name=sys_exit_init_t map_fd=16 map_id=366 key=155 prog_fd=87 prog_id=207 flags=0 ret=0 errno=0
[385.806316 pid=6620 tid=6628] native-loader jit-info prog_array-target fd=87 id=207 type=17 name=sys_exit_init tag=83e237c8700b51c5 jited_len=1797 xlated_len=3000 nr_jited_ksyms=1 ksym0=0xffffffffc0402b9c ksym1=0x0
[385.806381 pid=6620 tid=6628] BPF_MAP_UPDATE_ELEM prog_array name=sys_exit_init_t map_fd=16 map_id=366 key=156 prog_fd=87 prog_id=207 flags=0 ret=0 errno=0
[385.806465 pid=6620 tid=6628] native-loader jit-info prog_array-target fd=87 id=207 type=17 name=sys_exit_init tag=83e237c8700b51c5 jited_len=1797 xlated_len=3000 nr_jited_ksyms=1 ksym0=0xffffffffc0402b9c ksym1=0x0
[385.806528 pid=6620 tid=6628] BPF_MAP_UPDATE_ELEM prog_array name=sys_exit_init_t map_fd=16 map_id=366 key=157 prog_fd=87 prog_id=207 flags=0 ret=0 errno=0
[385.806585 pid=6620 tid=6628] native-loader jit-info prog_array-target fd=87 id=207 type=17 name=sys_exit_init tag=83e237c8700b51c5 jited_len=1797 xlated_len=3000 nr_jited_ksyms=1 ksym0=0xffffffffc0402b9c ksym1=0x0
[385.806647 pid=6620 tid=6628] BPF_MAP_UPDATE_ELEM prog_array name=sys_exit_init_t map_fd=16 map_id=366 key=159 prog_fd=87 prog_id=207 flags=0 ret=0 errno=0
[385.806704 pid=6620 tid=6628] native-loader jit-info prog_array-target fd=87 id=207 type=17 name=sys_exit_init tag=83e237c8700b51c5 jited_len=1797 xlated_len=3000 nr_jited_ksyms=1 ksym0=0xffffffffc0402b9c ksym1=0x0
[385.806766 pid=6620 tid=6628] BPF_MAP_UPDATE_ELEM prog_array name=sys_exit_init_t map_fd=16 map_id=366 key=160 prog_fd=87 prog_id=207 flags=0 ret=0 errno=0
[385.806823 pid=6620 tid=6628] native-loader jit-info prog_array-target fd=87 id=207 type=17 name=sys_exit_init tag=83e237c8700b51c5 jited_len=1797 xlated_len=3000 nr_jited_ksyms=1 ksym0=0xffffffffc0402b9c ksym1=0x0
[385.806886 pid=6620 tid=6628] BPF_MAP_UPDATE_ELEM prog_array name=sys_exit_init_t map_fd=16 map_id=366 key=161 prog_fd=87 prog_id=207 flags=0 ret=0 errno=0
[385.806942 pid=6620 tid=6628] native-loader jit-info prog_array-target fd=87 id=207 type=17 name=sys_exit_init tag=83e237c8700b51c5 jited_len=1797 xlated_len=3000 nr_jited_ksyms=1 ksym0=0xffffffffc0402b9c ksym1=0x0
[385.807004 pid=6620 tid=6628] BPF_MAP_UPDATE_ELEM prog_array name=sys_exit_init_t map_fd=16 map_id=366 key=162 prog_fd=87 prog_id=207 flags=0 ret=0 errno=0
[385.807061 pid=6620 tid=6628] native-loader jit-info prog_array-target fd=87 id=207 type=17 name=sys_exit_init tag=83e237c8700b51c5 jited_len=1797 xlated_len=3000 nr_jited_ksyms=1 ksym0=0xffffffffc0402b9c ksym1=0x0
[385.807124 pid=6620 tid=6628] BPF_MAP_UPDATE_ELEM prog_array name=sys_exit_init_t map_fd=16 map_id=366 key=163 prog_fd=87 prog_id=207 flags=0 ret=0 errno=0
[385.807181 pid=6620 tid=6628] native-loader jit-info prog_array-target fd=87 id=207 type=17 name=sys_exit_init tag=83e237c8700b51c5 jited_len=1797 xlated_len=3000 nr_jited_ksyms=1 ksym0=0xffffffffc0402b9c ksym1=0x0
[385.807243 pid=6620 tid=6628] BPF_MAP_UPDATE_ELEM prog_array name=sys_exit_init_t map_fd=16 map_id=366 key=164 prog_fd=87 prog_id=207 flags=0 ret=0 errno=0
[385.807300 pid=6620 tid=6628] native-loader jit-info prog_array-target fd=87 id=207 type=17 name=sys_exit_init tag=83e237c8700b51c5 jited_len=1797 xlated_len=3000 nr_jited_ksyms=1 ksym0=0xffffffffc0402b9c ksym1=0x0
[385.807365 pid=6620 tid=6628] BPF_MAP_UPDATE_ELEM prog_array name=sys_exit_init_t map_fd=16 map_id=366 key=165 prog_fd=87 prog_id=207 flags=0 ret=0 errno=0
[385.807449 pid=6620 tid=6628] native-loader jit-info prog_array-target fd=87 id=207 type=17 name=sys_exit_init tag=83e237c8700b51c5 jited_len=1797 xlated_len=3000 nr_jited_ksyms=1 ksym0=0xffffffffc0402b9c ksym1=0x0
[385.807512 pid=6620 tid=6628] BPF_MAP_UPDATE_ELEM prog_array name=sys_exit_init_t map_fd=16 map_id=366 key=166 prog_fd=87 prog_id=207 flags=0 ret=0 errno=0
[385.807568 pid=6620 tid=6628] native-loader jit-info prog_array-target fd=87 id=207 type=17 name=sys_exit_init tag=83e237c8700b51c5 jited_len=1797 xlated_len=3000 nr_jited_ksyms=1 ksym0=0xffffffffc0402b9c ksym1=0x0
[385.807631 pid=6620 tid=6628] BPF_MAP_UPDATE_ELEM prog_array name=sys_exit_init_t map_fd=16 map_id=366 key=167 prog_fd=87 prog_id=207 flags=0 ret=0 errno=0
[385.807687 pid=6620 tid=6628] native-loader jit-info prog_array-target fd=87 id=207 type=17 name=sys_exit_init tag=83e237c8700b51c5 jited_len=1797 xlated_len=3000 nr_jited_ksyms=1 ksym0=0xffffffffc0402b9c ksym1=0x0
[385.807749 pid=6620 tid=6628] BPF_MAP_UPDATE_ELEM prog_array name=sys_exit_init_t map_fd=16 map_id=366 key=168 prog_fd=87 prog_id=207 flags=0 ret=0 errno=0
[385.807807 pid=6620 tid=6628] native-loader jit-info prog_array-target fd=87 id=207 type=17 name=sys_exit_init tag=83e237c8700b51c5 jited_len=1797 xlated_len=3000 nr_jited_ksyms=1 ksym0=0xffffffffc0402b9c ksym1=0x0
[385.807869 pid=6620 tid=6628] BPF_MAP_UPDATE_ELEM prog_array name=sys_exit_init_t map_fd=16 map_id=366 key=169 prog_fd=87 prog_id=207 flags=0 ret=0 errno=0
[385.807925 pid=6620 tid=6628] native-loader jit-info prog_array-target fd=87 id=207 type=17 name=sys_exit_init tag=83e237c8700b51c5 jited_len=1797 xlated_len=3000 nr_jited_ksyms=1 ksym0=0xffffffffc0402b9c ksym1=0x0
[385.807988 pid=6620 tid=6628] BPF_MAP_UPDATE_ELEM prog_array name=sys_exit_init_t map_fd=16 map_id=366 key=170 prog_fd=87 prog_id=207 flags=0 ret=0 errno=0
[385.808044 pid=6620 tid=6628] native-loader jit-info prog_array-target fd=87 id=207 type=17 name=sys_exit_init tag=83e237c8700b51c5 jited_len=1797 xlated_len=3000 nr_jited_ksyms=1 ksym0=0xffffffffc0402b9c ksym1=0x0
[385.808108 pid=6620 tid=6628] BPF_MAP_UPDATE_ELEM prog_array name=sys_exit_init_t map_fd=16 map_id=366 key=171 prog_fd=87 prog_id=207 flags=0 ret=0 errno=0
[385.808164 pid=6620 tid=6628] native-loader jit-info prog_array-target fd=87 id=207 type=17 name=sys_exit_init tag=83e237c8700b51c5 jited_len=1797 xlated_len=3000 nr_jited_ksyms=1 ksym0=0xffffffffc0402b9c ksym1=0x0
[385.808227 pid=6620 tid=6628] BPF_MAP_UPDATE_ELEM prog_array name=sys_exit_init_t map_fd=16 map_id=366 key=172 prog_fd=87 prog_id=207 flags=0 ret=0 errno=0
[385.808283 pid=6620 tid=6628] native-loader jit-info prog_array-target fd=87 id=207 type=17 name=sys_exit_init tag=83e237c8700b51c5 jited_len=1797 xlated_len=3000 nr_jited_ksyms=1 ksym0=0xffffffffc0402b9c ksym1=0x0
[385.808345 pid=6620 tid=6628] BPF_MAP_UPDATE_ELEM prog_array name=sys_exit_init_t map_fd=16 map_id=366 key=173 prog_fd=87 prog_id=207 flags=0 ret=0 errno=0
[385.808433 pid=6620 tid=6628] native-loader jit-info prog_array-target fd=87 id=207 type=17 name=sys_exit_init tag=83e237c8700b51c5 jited_len=1797 xlated_len=3000 nr_jited_ksyms=1 ksym0=0xffffffffc0402b9c ksym1=0x0
[385.808495 pid=6620 tid=6628] BPF_MAP_UPDATE_ELEM prog_array name=sys_exit_init_t map_fd=16 map_id=366 key=174 prog_fd=87 prog_id=207 flags=0 ret=0 errno=0
[385.808551 pid=6620 tid=6628] native-loader jit-info prog_array-target fd=87 id=207 type=17 name=sys_exit_init tag=83e237c8700b51c5 jited_len=1797 xlated_len=3000 nr_jited_ksyms=1 ksym0=0xffffffffc0402b9c ksym1=0x0
[385.808613 pid=6620 tid=6628] BPF_MAP_UPDATE_ELEM prog_array name=sys_exit_init_t map_fd=16 map_id=366 key=175 prog_fd=87 prog_id=207 flags=0 ret=0 errno=0
[385.808670 pid=6620 tid=6628] native-loader jit-info prog_array-target fd=87 id=207 type=17 name=sys_exit_init tag=83e237c8700b51c5 jited_len=1797 xlated_len=3000 nr_jited_ksyms=1 ksym0=0xffffffffc0402b9c ksym1=0x0
[385.808732 pid=6620 tid=6628] BPF_MAP_UPDATE_ELEM prog_array name=sys_exit_init_t map_fd=16 map_id=366 key=176 prog_fd=87 prog_id=207 flags=0 ret=0 errno=0
[385.808790 pid=6620 tid=6628] native-loader jit-info prog_array-target fd=87 id=207 type=17 name=sys_exit_init tag=83e237c8700b51c5 jited_len=1797 xlated_len=3000 nr_jited_ksyms=1 ksym0=0xffffffffc0402b9c ksym1=0x0
[385.808852 pid=6620 tid=6628] BPF_MAP_UPDATE_ELEM prog_array name=sys_exit_init_t map_fd=16 map_id=366 key=177 prog_fd=87 prog_id=207 flags=0 ret=0 errno=0
[385.808908 pid=6620 tid=6628] native-loader jit-info prog_array-target fd=87 id=207 type=17 name=sys_exit_init tag=83e237c8700b51c5 jited_len=1797 xlated_len=3000 nr_jited_ksyms=1 ksym0=0xffffffffc0402b9c ksym1=0x0
[385.808971 pid=6620 tid=6628] BPF_MAP_UPDATE_ELEM prog_array name=sys_exit_init_t map_fd=16 map_id=366 key=178 prog_fd=87 prog_id=207 flags=0 ret=0 errno=0
[385.809027 pid=6620 tid=6628] native-loader jit-info prog_array-target fd=87 id=207 type=17 name=sys_exit_init tag=83e237c8700b51c5 jited_len=1797 xlated_len=3000 nr_jited_ksyms=1 ksym0=0xffffffffc0402b9c ksym1=0x0
[385.809090 pid=6620 tid=6628] BPF_MAP_UPDATE_ELEM prog_array name=sys_exit_init_t map_fd=16 map_id=366 key=179 prog_fd=87 prog_id=207 flags=0 ret=0 errno=0
[385.809147 pid=6620 tid=6628] native-loader jit-info prog_array-target fd=87 id=207 type=17 name=sys_exit_init tag=83e237c8700b51c5 jited_len=1797 xlated_len=3000 nr_jited_ksyms=1 ksym0=0xffffffffc0402b9c ksym1=0x0
[385.809209 pid=6620 tid=6628] BPF_MAP_UPDATE_ELEM prog_array name=sys_exit_init_t map_fd=16 map_id=366 key=180 prog_fd=87 prog_id=207 flags=0 ret=0 errno=0
[385.809266 pid=6620 tid=6628] native-loader jit-info prog_array-target fd=87 id=207 type=17 name=sys_exit_init tag=83e237c8700b51c5 jited_len=1797 xlated_len=3000 nr_jited_ksyms=1 ksym0=0xffffffffc0402b9c ksym1=0x0
[385.809328 pid=6620 tid=6628] BPF_MAP_UPDATE_ELEM prog_array name=sys_exit_init_t map_fd=16 map_id=366 key=181 prog_fd=87 prog_id=207 flags=0 ret=0 errno=0
[385.809388 pid=6620 tid=6628] native-loader jit-info prog_array-target fd=87 id=207 type=17 name=sys_exit_init tag=83e237c8700b51c5 jited_len=1797 xlated_len=3000 nr_jited_ksyms=1 ksym0=0xffffffffc0402b9c ksym1=0x0
[385.809479 pid=6620 tid=6628] BPF_MAP_UPDATE_ELEM prog_array name=sys_exit_init_t map_fd=16 map_id=366 key=182 prog_fd=87 prog_id=207 flags=0 ret=0 errno=0
[385.809537 pid=6620 tid=6628] native-loader jit-info prog_array-target fd=87 id=207 type=17 name=sys_exit_init tag=83e237c8700b51c5 jited_len=1797 xlated_len=3000 nr_jited_ksyms=1 ksym0=0xffffffffc0402b9c ksym1=0x0
[385.809734 pid=6620 tid=6628] BPF_MAP_UPDATE_ELEM prog_array name=sys_exit_init_t map_fd=16 map_id=366 key=183 prog_fd=87 prog_id=207 flags=0 ret=0 errno=0
[385.809891 pid=6620 tid=6628] native-loader jit-info prog_array-target fd=87 id=207 type=17 name=sys_exit_init tag=83e237c8700b51c5 jited_len=1797 xlated_len=3000 nr_jited_ksyms=1 ksym0=0xffffffffc0402b9c ksym1=0x0
[385.810053 pid=6620 tid=6628] BPF_MAP_UPDATE_ELEM prog_array name=sys_exit_init_t map_fd=16 map_id=366 key=184 prog_fd=87 prog_id=207 flags=0 ret=0 errno=0
[385.810138 pid=6620 tid=6628] native-loader jit-info prog_array-target fd=87 id=207 type=17 name=sys_exit_init tag=83e237c8700b51c5 jited_len=1797 xlated_len=3000 nr_jited_ksyms=1 ksym0=0xffffffffc0402b9c ksym1=0x0
[385.810228 pid=6620 tid=6628] BPF_MAP_UPDATE_ELEM prog_array name=sys_exit_init_t map_fd=16 map_id=366 key=185 prog_fd=87 prog_id=207 flags=0 ret=0 errno=0
[385.810287 pid=6620 tid=6628] native-loader jit-info prog_array-target fd=87 id=207 type=17 name=sys_exit_init tag=83e237c8700b51c5 jited_len=1797 xlated_len=3000 nr_jited_ksyms=1 ksym0=0xffffffffc0402b9c ksym1=0x0
[385.810378 pid=6620 tid=6628] BPF_MAP_UPDATE_ELEM prog_array name=sys_exit_init_t map_fd=16 map_id=366 key=186 prog_fd=87 prog_id=207 flags=0 ret=0 errno=0
[385.810466 pid=6620 tid=6628] native-loader jit-info prog_array-target fd=87 id=207 type=17 name=sys_exit_init tag=83e237c8700b51c5 jited_len=1797 xlated_len=3000 nr_jited_ksyms=1 ksym0=0xffffffffc0402b9c ksym1=0x0
[385.810556 pid=6620 tid=6628] BPF_MAP_UPDATE_ELEM prog_array name=sys_exit_init_t map_fd=16 map_id=366 key=187 prog_fd=87 prog_id=207 flags=0 ret=0 errno=0
[385.810613 pid=6620 tid=6628] native-loader jit-info prog_array-target fd=87 id=207 type=17 name=sys_exit_init tag=83e237c8700b51c5 jited_len=1797 xlated_len=3000 nr_jited_ksyms=1 ksym0=0xffffffffc0402b9c ksym1=0x0
[385.810673 pid=6620 tid=6628] BPF_MAP_UPDATE_ELEM prog_array name=sys_exit_init_t map_fd=16 map_id=366 key=188 prog_fd=87 prog_id=207 flags=0 ret=0 errno=0
[385.810731 pid=6620 tid=6628] native-loader jit-info prog_array-target fd=87 id=207 type=17 name=sys_exit_init tag=83e237c8700b51c5 jited_len=1797 xlated_len=3000 nr_jited_ksyms=1 ksym0=0xffffffffc0402b9c ksym1=0x0
[385.810793 pid=6620 tid=6628] BPF_MAP_UPDATE_ELEM prog_array name=sys_exit_init_t map_fd=16 map_id=366 key=189 prog_fd=87 prog_id=207 flags=0 ret=0 errno=0
[385.810850 pid=6620 tid=6628] native-loader jit-info prog_array-target fd=87 id=207 type=17 name=sys_exit_init tag=83e237c8700b51c5 jited_len=1797 xlated_len=3000 nr_jited_ksyms=1 ksym0=0xffffffffc0402b9c ksym1=0x0
[385.810911 pid=6620 tid=6628] BPF_MAP_UPDATE_ELEM prog_array name=sys_exit_init_t map_fd=16 map_id=366 key=190 prog_fd=87 prog_id=207 flags=0 ret=0 errno=0
[385.810969 pid=6620 tid=6628] native-loader jit-info prog_array-target fd=87 id=207 type=17 name=sys_exit_init tag=83e237c8700b51c5 jited_len=1797 xlated_len=3000 nr_jited_ksyms=1 ksym0=0xffffffffc0402b9c ksym1=0x0
[385.811032 pid=6620 tid=6628] BPF_MAP_UPDATE_ELEM prog_array name=sys_exit_init_t map_fd=16 map_id=366 key=191 prog_fd=87 prog_id=207 flags=0 ret=0 errno=0
[385.811090 pid=6620 tid=6628] native-loader jit-info prog_array-target fd=87 id=207 type=17 name=sys_exit_init tag=83e237c8700b51c5 jited_len=1797 xlated_len=3000 nr_jited_ksyms=1 ksym0=0xffffffffc0402b9c ksym1=0x0
[385.811153 pid=6620 tid=6628] BPF_MAP_UPDATE_ELEM prog_array name=sys_exit_init_t map_fd=16 map_id=366 key=192 prog_fd=87 prog_id=207 flags=0 ret=0 errno=0
[385.811209 pid=6620 tid=6628] native-loader jit-info prog_array-target fd=87 id=207 type=17 name=sys_exit_init tag=83e237c8700b51c5 jited_len=1797 xlated_len=3000 nr_jited_ksyms=1 ksym0=0xffffffffc0402b9c ksym1=0x0
[385.811272 pid=6620 tid=6628] BPF_MAP_UPDATE_ELEM prog_array name=sys_exit_init_t map_fd=16 map_id=366 key=193 prog_fd=87 prog_id=207 flags=0 ret=0 errno=0
[385.811329 pid=6620 tid=6628] native-loader jit-info prog_array-target fd=87 id=207 type=17 name=sys_exit_init tag=83e237c8700b51c5 jited_len=1797 xlated_len=3000 nr_jited_ksyms=1 ksym0=0xffffffffc0402b9c ksym1=0x0
[385.811394 pid=6620 tid=6628] BPF_MAP_UPDATE_ELEM prog_array name=sys_exit_init_t map_fd=16 map_id=366 key=194 prog_fd=87 prog_id=207 flags=0 ret=0 errno=0
[385.811451 pid=6620 tid=6628] native-loader jit-info prog_array-target fd=87 id=207 type=17 name=sys_exit_init tag=83e237c8700b51c5 jited_len=1797 xlated_len=3000 nr_jited_ksyms=1 ksym0=0xffffffffc0402b9c ksym1=0x0
[385.811513 pid=6620 tid=6628] BPF_MAP_UPDATE_ELEM prog_array name=sys_exit_init_t map_fd=16 map_id=366 key=195 prog_fd=87 prog_id=207 flags=0 ret=0 errno=0
[385.811570 pid=6620 tid=6628] native-loader jit-info prog_array-target fd=87 id=207 type=17 name=sys_exit_init tag=83e237c8700b51c5 jited_len=1797 xlated_len=3000 nr_jited_ksyms=1 ksym0=0xffffffffc0402b9c ksym1=0x0
[385.811633 pid=6620 tid=6628] BPF_MAP_UPDATE_ELEM prog_array name=sys_exit_init_t map_fd=16 map_id=366 key=196 prog_fd=87 prog_id=207 flags=0 ret=0 errno=0
[385.811690 pid=6620 tid=6628] native-loader jit-info prog_array-target fd=87 id=207 type=17 name=sys_exit_init tag=83e237c8700b51c5 jited_len=1797 xlated_len=3000 nr_jited_ksyms=1 ksym0=0xffffffffc0402b9c ksym1=0x0
[385.811753 pid=6620 tid=6628] BPF_MAP_UPDATE_ELEM prog_array name=sys_exit_init_t map_fd=16 map_id=366 key=197 prog_fd=87 prog_id=207 flags=0 ret=0 errno=0
[385.811809 pid=6620 tid=6628] native-loader jit-info prog_array-target fd=87 id=207 type=17 name=sys_exit_init tag=83e237c8700b51c5 jited_len=1797 xlated_len=3000 nr_jited_ksyms=1 ksym0=0xffffffffc0402b9c ksym1=0x0
[385.811871 pid=6620 tid=6628] BPF_MAP_UPDATE_ELEM prog_array name=sys_exit_init_t map_fd=16 map_id=366 key=198 prog_fd=87 prog_id=207 flags=0 ret=0 errno=0
[385.811928 pid=6620 tid=6628] native-loader jit-info prog_array-target fd=87 id=207 type=17 name=sys_exit_init tag=83e237c8700b51c5 jited_len=1797 xlated_len=3000 nr_jited_ksyms=1 ksym0=0xffffffffc0402b9c ksym1=0x0
[385.811990 pid=6620 tid=6628] BPF_MAP_UPDATE_ELEM prog_array name=sys_exit_init_t map_fd=16 map_id=366 key=199 prog_fd=87 prog_id=207 flags=0 ret=0 errno=0
[385.812047 pid=6620 tid=6628] native-loader jit-info prog_array-target fd=87 id=207 type=17 name=sys_exit_init tag=83e237c8700b51c5 jited_len=1797 xlated_len=3000 nr_jited_ksyms=1 ksym0=0xffffffffc0402b9c ksym1=0x0
[385.812109 pid=6620 tid=6628] BPF_MAP_UPDATE_ELEM prog_array name=sys_exit_init_t map_fd=16 map_id=366 key=200 prog_fd=87 prog_id=207 flags=0 ret=0 errno=0
[385.812165 pid=6620 tid=6628] native-loader jit-info prog_array-target fd=87 id=207 type=17 name=sys_exit_init tag=83e237c8700b51c5 jited_len=1797 xlated_len=3000 nr_jited_ksyms=1 ksym0=0xffffffffc0402b9c ksym1=0x0
[385.812228 pid=6620 tid=6628] BPF_MAP_UPDATE_ELEM prog_array name=sys_exit_init_t map_fd=16 map_id=366 key=201 prog_fd=87 prog_id=207 flags=0 ret=0 errno=0
[385.812284 pid=6620 tid=6628] native-loader jit-info prog_array-target fd=87 id=207 type=17 name=sys_exit_init tag=83e237c8700b51c5 jited_len=1797 xlated_len=3000 nr_jited_ksyms=1 ksym0=0xffffffffc0402b9c ksym1=0x0
[385.812347 pid=6620 tid=6628] BPF_MAP_UPDATE_ELEM prog_array name=sys_exit_init_t map_fd=16 map_id=366 key=202 prog_fd=87 prog_id=207 flags=0 ret=0 errno=0
[385.812407 pid=6620 tid=6628] native-loader jit-info prog_array-target fd=87 id=207 type=17 name=sys_exit_init tag=83e237c8700b51c5 jited_len=1797 xlated_len=3000 nr_jited_ksyms=1 ksym0=0xffffffffc0402b9c ksym1=0x0
[385.812471 pid=6620 tid=6628] BPF_MAP_UPDATE_ELEM prog_array name=sys_exit_init_t map_fd=16 map_id=366 key=203 prog_fd=87 prog_id=207 flags=0 ret=0 errno=0
[385.812527 pid=6620 tid=6628] native-loader jit-info prog_array-target fd=87 id=207 type=17 name=sys_exit_init tag=83e237c8700b51c5 jited_len=1797 xlated_len=3000 nr_jited_ksyms=1 ksym0=0xffffffffc0402b9c ksym1=0x0
[385.812590 pid=6620 tid=6628] BPF_MAP_UPDATE_ELEM prog_array name=sys_exit_init_t map_fd=16 map_id=366 key=204 prog_fd=87 prog_id=207 flags=0 ret=0 errno=0
[385.812647 pid=6620 tid=6628] native-loader jit-info prog_array-target fd=87 id=207 type=17 name=sys_exit_init tag=83e237c8700b51c5 jited_len=1797 xlated_len=3000 nr_jited_ksyms=1 ksym0=0xffffffffc0402b9c ksym1=0x0
[385.812709 pid=6620 tid=6628] BPF_MAP_UPDATE_ELEM prog_array name=sys_exit_init_t map_fd=16 map_id=366 key=205 prog_fd=87 prog_id=207 flags=0 ret=0 errno=0
[385.812766 pid=6620 tid=6628] native-loader jit-info prog_array-target fd=87 id=207 type=17 name=sys_exit_init tag=83e237c8700b51c5 jited_len=1797 xlated_len=3000 nr_jited_ksyms=1 ksym0=0xffffffffc0402b9c ksym1=0x0
[385.812829 pid=6620 tid=6628] BPF_MAP_UPDATE_ELEM prog_array name=sys_exit_init_t map_fd=16 map_id=366 key=206 prog_fd=87 prog_id=207 flags=0 ret=0 errno=0
[385.812885 pid=6620 tid=6628] native-loader jit-info prog_array-target fd=87 id=207 type=17 name=sys_exit_init tag=83e237c8700b51c5 jited_len=1797 xlated_len=3000 nr_jited_ksyms=1 ksym0=0xffffffffc0402b9c ksym1=0x0
[385.812948 pid=6620 tid=6628] BPF_MAP_UPDATE_ELEM prog_array name=sys_exit_init_t map_fd=16 map_id=366 key=207 prog_fd=87 prog_id=207 flags=0 ret=0 errno=0
[385.813005 pid=6620 tid=6628] native-loader jit-info prog_array-target fd=87 id=207 type=17 name=sys_exit_init tag=83e237c8700b51c5 jited_len=1797 xlated_len=3000 nr_jited_ksyms=1 ksym0=0xffffffffc0402b9c ksym1=0x0
[385.813067 pid=6620 tid=6628] BPF_MAP_UPDATE_ELEM prog_array name=sys_exit_init_t map_fd=16 map_id=366 key=208 prog_fd=87 prog_id=207 flags=0 ret=0 errno=0
[385.813124 pid=6620 tid=6628] native-loader jit-info prog_array-target fd=87 id=207 type=17 name=sys_exit_init tag=83e237c8700b51c5 jited_len=1797 xlated_len=3000 nr_jited_ksyms=1 ksym0=0xffffffffc0402b9c ksym1=0x0
[385.813187 pid=6620 tid=6628] BPF_MAP_UPDATE_ELEM prog_array name=sys_exit_init_t map_fd=16 map_id=366 key=209 prog_fd=87 prog_id=207 flags=0 ret=0 errno=0
[385.813244 pid=6620 tid=6628] native-loader jit-info prog_array-target fd=87 id=207 type=17 name=sys_exit_init tag=83e237c8700b51c5 jited_len=1797 xlated_len=3000 nr_jited_ksyms=1 ksym0=0xffffffffc0402b9c ksym1=0x0
[385.813306 pid=6620 tid=6628] BPF_MAP_UPDATE_ELEM prog_array name=sys_exit_init_t map_fd=16 map_id=366 key=210 prog_fd=87 prog_id=207 flags=0 ret=0 errno=0
[385.813365 pid=6620 tid=6628] native-loader jit-info prog_array-target fd=87 id=207 type=17 name=sys_exit_init tag=83e237c8700b51c5 jited_len=1797 xlated_len=3000 nr_jited_ksyms=1 ksym0=0xffffffffc0402b9c ksym1=0x0
[385.813427 pid=6620 tid=6628] BPF_MAP_UPDATE_ELEM prog_array name=sys_exit_init_t map_fd=16 map_id=366 key=211 prog_fd=87 prog_id=207 flags=0 ret=0 errno=0
[385.813484 pid=6620 tid=6628] native-loader jit-info prog_array-target fd=87 id=207 type=17 name=sys_exit_init tag=83e237c8700b51c5 jited_len=1797 xlated_len=3000 nr_jited_ksyms=1 ksym0=0xffffffffc0402b9c ksym1=0x0
[385.813546 pid=6620 tid=6628] BPF_MAP_UPDATE_ELEM prog_array name=sys_exit_init_t map_fd=16 map_id=366 key=212 prog_fd=87 prog_id=207 flags=0 ret=0 errno=0
[385.813603 pid=6620 tid=6628] native-loader jit-info prog_array-target fd=87 id=207 type=17 name=sys_exit_init tag=83e237c8700b51c5 jited_len=1797 xlated_len=3000 nr_jited_ksyms=1 ksym0=0xffffffffc0402b9c ksym1=0x0
[385.813665 pid=6620 tid=6628] BPF_MAP_UPDATE_ELEM prog_array name=sys_exit_init_t map_fd=16 map_id=366 key=213 prog_fd=87 prog_id=207 flags=0 ret=0 errno=0
[385.813721 pid=6620 tid=6628] native-loader jit-info prog_array-target fd=87 id=207 type=17 name=sys_exit_init tag=83e237c8700b51c5 jited_len=1797 xlated_len=3000 nr_jited_ksyms=1 ksym0=0xffffffffc0402b9c ksym1=0x0
[385.813783 pid=6620 tid=6628] BPF_MAP_UPDATE_ELEM prog_array name=sys_exit_init_t map_fd=16 map_id=366 key=214 prog_fd=87 prog_id=207 flags=0 ret=0 errno=0
[385.813840 pid=6620 tid=6628] native-loader jit-info prog_array-target fd=87 id=207 type=17 name=sys_exit_init tag=83e237c8700b51c5 jited_len=1797 xlated_len=3000 nr_jited_ksyms=1 ksym0=0xffffffffc0402b9c ksym1=0x0
[385.813903 pid=6620 tid=6628] BPF_MAP_UPDATE_ELEM prog_array name=sys_exit_init_t map_fd=16 map_id=366 key=215 prog_fd=87 prog_id=207 flags=0 ret=0 errno=0
[385.813990 pid=6620 tid=6628] native-loader jit-info prog_array-target fd=87 id=207 type=17 name=sys_exit_init tag=83e237c8700b51c5 jited_len=1797 xlated_len=3000 nr_jited_ksyms=1 ksym0=0xffffffffc0402b9c ksym1=0x0
[385.814189 pid=6620 tid=6628] BPF_MAP_UPDATE_ELEM prog_array name=sys_exit_init_t map_fd=16 map_id=366 key=216 prog_fd=87 prog_id=207 flags=0 ret=0 errno=0
[385.814444 pid=6620 tid=6628] native-loader jit-info prog_array-target fd=87 id=207 type=17 name=sys_exit_init tag=83e237c8700b51c5 jited_len=1797 xlated_len=3000 nr_jited_ksyms=1 ksym0=0xffffffffc0402b9c ksym1=0x0
[385.814558 pid=6620 tid=6628] BPF_MAP_UPDATE_ELEM prog_array name=sys_exit_init_t map_fd=16 map_id=366 key=217 prog_fd=87 prog_id=207 flags=0 ret=0 errno=0
[385.814642 pid=6620 tid=6628] native-loader jit-info prog_array-target fd=87 id=207 type=17 name=sys_exit_init tag=83e237c8700b51c5 jited_len=1797 xlated_len=3000 nr_jited_ksyms=1 ksym0=0xffffffffc0402b9c ksym1=0x0
[385.814733 pid=6620 tid=6628] BPF_MAP_UPDATE_ELEM prog_array name=sys_exit_init_t map_fd=16 map_id=366 key=218 prog_fd=87 prog_id=207 flags=0 ret=0 errno=0
[385.814819 pid=6620 tid=6628] native-loader jit-info prog_array-target fd=87 id=207 type=17 name=sys_exit_init tag=83e237c8700b51c5 jited_len=1797 xlated_len=3000 nr_jited_ksyms=1 ksym0=0xffffffffc0402b9c ksym1=0x0
[385.814911 pid=6620 tid=6628] BPF_MAP_UPDATE_ELEM prog_array name=sys_exit_init_t map_fd=16 map_id=366 key=219 prog_fd=87 prog_id=207 flags=0 ret=0 errno=0
[385.814995 pid=6620 tid=6628] native-loader jit-info prog_array-target fd=87 id=207 type=17 name=sys_exit_init tag=83e237c8700b51c5 jited_len=1797 xlated_len=3000 nr_jited_ksyms=1 ksym0=0xffffffffc0402b9c ksym1=0x0
[385.815085 pid=6620 tid=6628] BPF_MAP_UPDATE_ELEM prog_array name=sys_exit_init_t map_fd=16 map_id=366 key=220 prog_fd=87 prog_id=207 flags=0 ret=0 errno=0
[385.815170 pid=6620 tid=6628] native-loader jit-info prog_array-target fd=87 id=207 type=17 name=sys_exit_init tag=83e237c8700b51c5 jited_len=1797 xlated_len=3000 nr_jited_ksyms=1 ksym0=0xffffffffc0402b9c ksym1=0x0
[385.815261 pid=6620 tid=6628] BPF_MAP_UPDATE_ELEM prog_array name=sys_exit_init_t map_fd=16 map_id=366 key=221 prog_fd=87 prog_id=207 flags=0 ret=0 errno=0
[385.815346 pid=6620 tid=6628] native-loader jit-info prog_array-target fd=87 id=207 type=17 name=sys_exit_init tag=83e237c8700b51c5 jited_len=1797 xlated_len=3000 nr_jited_ksyms=1 ksym0=0xffffffffc0402b9c ksym1=0x0
[385.815439 pid=6620 tid=6628] BPF_MAP_UPDATE_ELEM prog_array name=sys_exit_init_t map_fd=16 map_id=366 key=222 prog_fd=87 prog_id=207 flags=0 ret=0 errno=0
[385.815523 pid=6620 tid=6628] native-loader jit-info prog_array-target fd=87 id=207 type=17 name=sys_exit_init tag=83e237c8700b51c5 jited_len=1797 xlated_len=3000 nr_jited_ksyms=1 ksym0=0xffffffffc0402b9c ksym1=0x0
[385.815614 pid=6620 tid=6628] BPF_MAP_UPDATE_ELEM prog_array name=sys_exit_init_t map_fd=16 map_id=366 key=223 prog_fd=87 prog_id=207 flags=0 ret=0 errno=0
[385.815699 pid=6620 tid=6628] native-loader jit-info prog_array-target fd=87 id=207 type=17 name=sys_exit_init tag=83e237c8700b51c5 jited_len=1797 xlated_len=3000 nr_jited_ksyms=1 ksym0=0xffffffffc0402b9c ksym1=0x0
[385.815790 pid=6620 tid=6628] BPF_MAP_UPDATE_ELEM prog_array name=sys_exit_init_t map_fd=16 map_id=366 key=224 prog_fd=87 prog_id=207 flags=0 ret=0 errno=0
[385.815875 pid=6620 tid=6628] native-loader jit-info prog_array-target fd=87 id=207 type=17 name=sys_exit_init tag=83e237c8700b51c5 jited_len=1797 xlated_len=3000 nr_jited_ksyms=1 ksym0=0xffffffffc0402b9c ksym1=0x0
[385.815965 pid=6620 tid=6628] BPF_MAP_UPDATE_ELEM prog_array name=sys_exit_init_t map_fd=16 map_id=366 key=225 prog_fd=87 prog_id=207 flags=0 ret=0 errno=0
[385.816050 pid=6620 tid=6628] native-loader jit-info prog_array-target fd=87 id=207 type=17 name=sys_exit_init tag=83e237c8700b51c5 jited_len=1797 xlated_len=3000 nr_jited_ksyms=1 ksym0=0xffffffffc0402b9c ksym1=0x0
[385.816141 pid=6620 tid=6628] BPF_MAP_UPDATE_ELEM prog_array name=sys_exit_init_t map_fd=16 map_id=366 key=226 prog_fd=87 prog_id=207 flags=0 ret=0 errno=0
[385.816226 pid=6620 tid=6628] native-loader jit-info prog_array-target fd=87 id=207 type=17 name=sys_exit_init tag=83e237c8700b51c5 jited_len=1797 xlated_len=3000 nr_jited_ksyms=1 ksym0=0xffffffffc0402b9c ksym1=0x0
[385.816317 pid=6620 tid=6628] BPF_MAP_UPDATE_ELEM prog_array name=sys_exit_init_t map_fd=16 map_id=366 key=227 prog_fd=87 prog_id=207 flags=0 ret=0 errno=0
[385.816404 pid=6620 tid=6628] native-loader jit-info prog_array-target fd=87 id=207 type=17 name=sys_exit_init tag=83e237c8700b51c5 jited_len=1797 xlated_len=3000 nr_jited_ksyms=1 ksym0=0xffffffffc0402b9c ksym1=0x0
[385.816495 pid=6620 tid=6628] BPF_MAP_UPDATE_ELEM prog_array name=sys_exit_init_t map_fd=16 map_id=366 key=228 prog_fd=87 prog_id=207 flags=0 ret=0 errno=0
[385.816580 pid=6620 tid=6628] native-loader jit-info prog_array-target fd=87 id=207 type=17 name=sys_exit_init tag=83e237c8700b51c5 jited_len=1797 xlated_len=3000 nr_jited_ksyms=1 ksym0=0xffffffffc0402b9c ksym1=0x0
[385.816671 pid=6620 tid=6628] BPF_MAP_UPDATE_ELEM prog_array name=sys_exit_init_t map_fd=16 map_id=366 key=229 prog_fd=87 prog_id=207 flags=0 ret=0 errno=0
[385.816756 pid=6620 tid=6628] native-loader jit-info prog_array-target fd=87 id=207 type=17 name=sys_exit_init tag=83e237c8700b51c5 jited_len=1797 xlated_len=3000 nr_jited_ksyms=1 ksym0=0xffffffffc0402b9c ksym1=0x0
[385.816846 pid=6620 tid=6628] BPF_MAP_UPDATE_ELEM prog_array name=sys_exit_init_t map_fd=16 map_id=366 key=230 prog_fd=87 prog_id=207 flags=0 ret=0 errno=0
[385.816932 pid=6620 tid=6628] native-loader jit-info prog_array-target fd=87 id=207 type=17 name=sys_exit_init tag=83e237c8700b51c5 jited_len=1797 xlated_len=3000 nr_jited_ksyms=1 ksym0=0xffffffffc0402b9c ksym1=0x0
[385.817023 pid=6620 tid=6628] BPF_MAP_UPDATE_ELEM prog_array name=sys_exit_init_t map_fd=16 map_id=366 key=231 prog_fd=87 prog_id=207 flags=0 ret=0 errno=0
[385.817107 pid=6620 tid=6628] native-loader jit-info prog_array-target fd=87 id=207 type=17 name=sys_exit_init tag=83e237c8700b51c5 jited_len=1797 xlated_len=3000 nr_jited_ksyms=1 ksym0=0xffffffffc0402b9c ksym1=0x0
[385.817198 pid=6620 tid=6628] BPF_MAP_UPDATE_ELEM prog_array name=sys_exit_init_t map_fd=16 map_id=366 key=232 prog_fd=87 prog_id=207 flags=0 ret=0 errno=0
[385.817255 pid=6620 tid=6628] native-loader jit-info prog_array-target fd=87 id=207 type=17 name=sys_exit_init tag=83e237c8700b51c5 jited_len=1797 xlated_len=3000 nr_jited_ksyms=1 ksym0=0xffffffffc0402b9c ksym1=0x0
[385.817345 pid=6620 tid=6628] BPF_MAP_UPDATE_ELEM prog_array name=sys_exit_init_t map_fd=16 map_id=366 key=233 prog_fd=87 prog_id=207 flags=0 ret=0 errno=0
[385.817432 pid=6620 tid=6628] native-loader jit-info prog_array-target fd=87 id=207 type=17 name=sys_exit_init tag=83e237c8700b51c5 jited_len=1797 xlated_len=3000 nr_jited_ksyms=1 ksym0=0xffffffffc0402b9c ksym1=0x0
[385.817522 pid=6620 tid=6628] BPF_MAP_UPDATE_ELEM prog_array name=sys_exit_init_t map_fd=16 map_id=366 key=234 prog_fd=87 prog_id=207 flags=0 ret=0 errno=0
[385.817607 pid=6620 tid=6628] native-loader jit-info prog_array-target fd=87 id=207 type=17 name=sys_exit_init tag=83e237c8700b51c5 jited_len=1797 xlated_len=3000 nr_jited_ksyms=1 ksym0=0xffffffffc0402b9c ksym1=0x0
[385.817699 pid=6620 tid=6628] BPF_MAP_UPDATE_ELEM prog_array name=sys_exit_init_t map_fd=16 map_id=366 key=235 prog_fd=87 prog_id=207 flags=0 ret=0 errno=0
[385.817784 pid=6620 tid=6628] native-loader jit-info prog_array-target fd=87 id=207 type=17 name=sys_exit_init tag=83e237c8700b51c5 jited_len=1797 xlated_len=3000 nr_jited_ksyms=1 ksym0=0xffffffffc0402b9c ksym1=0x0
[385.817874 pid=6620 tid=6628] BPF_MAP_UPDATE_ELEM prog_array name=sys_exit_init_t map_fd=16 map_id=366 key=236 prog_fd=87 prog_id=207 flags=0 ret=0 errno=0
[385.817959 pid=6620 tid=6628] native-loader jit-info prog_array-target fd=87 id=207 type=17 name=sys_exit_init tag=83e237c8700b51c5 jited_len=1797 xlated_len=3000 nr_jited_ksyms=1 ksym0=0xffffffffc0402b9c ksym1=0x0
[385.818049 pid=6620 tid=6628] BPF_MAP_UPDATE_ELEM prog_array name=sys_exit_init_t map_fd=16 map_id=366 key=237 prog_fd=87 prog_id=207 flags=0 ret=0 errno=0
[385.818134 pid=6620 tid=6628] native-loader jit-info prog_array-target fd=87 id=207 type=17 name=sys_exit_init tag=83e237c8700b51c5 jited_len=1797 xlated_len=3000 nr_jited_ksyms=1 ksym0=0xffffffffc0402b9c ksym1=0x0
[385.818225 pid=6620 tid=6628] BPF_MAP_UPDATE_ELEM prog_array name=sys_exit_init_t map_fd=16 map_id=366 key=238 prog_fd=87 prog_id=207 flags=0 ret=0 errno=0
[385.818310 pid=6620 tid=6628] native-loader jit-info prog_array-target fd=87 id=207 type=17 name=sys_exit_init tag=83e237c8700b51c5 jited_len=1797 xlated_len=3000 nr_jited_ksyms=1 ksym0=0xffffffffc0402b9c ksym1=0x0
[385.818403 pid=6620 tid=6628] BPF_MAP_UPDATE_ELEM prog_array name=sys_exit_init_t map_fd=16 map_id=366 key=239 prog_fd=87 prog_id=207 flags=0 ret=0 errno=0
[385.818488 pid=6620 tid=6628] native-loader jit-info prog_array-target fd=87 id=207 type=17 name=sys_exit_init tag=83e237c8700b51c5 jited_len=1797 xlated_len=3000 nr_jited_ksyms=1 ksym0=0xffffffffc0402b9c ksym1=0x0
[385.818579 pid=6620 tid=6628] BPF_MAP_UPDATE_ELEM prog_array name=sys_exit_init_t map_fd=16 map_id=366 key=240 prog_fd=87 prog_id=207 flags=0 ret=0 errno=0
[385.818664 pid=6620 tid=6628] native-loader jit-info prog_array-target fd=87 id=207 type=17 name=sys_exit_init tag=83e237c8700b51c5 jited_len=1797 xlated_len=3000 nr_jited_ksyms=1 ksym0=0xffffffffc0402b9c ksym1=0x0
[385.818755 pid=6620 tid=6628] BPF_MAP_UPDATE_ELEM prog_array name=sys_exit_init_t map_fd=16 map_id=366 key=241 prog_fd=87 prog_id=207 flags=0 ret=0 errno=0
[385.818840 pid=6620 tid=6628] native-loader jit-info prog_array-target fd=87 id=207 type=17 name=sys_exit_init tag=83e237c8700b51c5 jited_len=1797 xlated_len=3000 nr_jited_ksyms=1 ksym0=0xffffffffc0402b9c ksym1=0x0
[385.818930 pid=6620 tid=6628] BPF_MAP_UPDATE_ELEM prog_array name=sys_exit_init_t map_fd=16 map_id=366 key=242 prog_fd=87 prog_id=207 flags=0 ret=0 errno=0
[385.819015 pid=6620 tid=6628] native-loader jit-info prog_array-target fd=87 id=207 type=17 name=sys_exit_init tag=83e237c8700b51c5 jited_len=1797 xlated_len=3000 nr_jited_ksyms=1 ksym0=0xffffffffc0402b9c ksym1=0x0
[385.819106 pid=6620 tid=6628] BPF_MAP_UPDATE_ELEM prog_array name=sys_exit_init_t map_fd=16 map_id=366 key=243 prog_fd=87 prog_id=207 flags=0 ret=0 errno=0
[385.819191 pid=6620 tid=6628] native-loader jit-info prog_array-target fd=87 id=207 type=17 name=sys_exit_init tag=83e237c8700b51c5 jited_len=1797 xlated_len=3000 nr_jited_ksyms=1 ksym0=0xffffffffc0402b9c ksym1=0x0
[385.819282 pid=6620 tid=6628] BPF_MAP_UPDATE_ELEM prog_array name=sys_exit_init_t map_fd=16 map_id=366 key=244 prog_fd=87 prog_id=207 flags=0 ret=0 errno=0
[385.819370 pid=6620 tid=6628] native-loader jit-info prog_array-target fd=87 id=207 type=17 name=sys_exit_init tag=83e237c8700b51c5 jited_len=1797 xlated_len=3000 nr_jited_ksyms=1 ksym0=0xffffffffc0402b9c ksym1=0x0
[385.819459 pid=6620 tid=6628] BPF_MAP_UPDATE_ELEM prog_array name=sys_exit_init_t map_fd=16 map_id=366 key=245 prog_fd=87 prog_id=207 flags=0 ret=0 errno=0
[385.819544 pid=6620 tid=6628] native-loader jit-info prog_array-target fd=87 id=207 type=17 name=sys_exit_init tag=83e237c8700b51c5 jited_len=1797 xlated_len=3000 nr_jited_ksyms=1 ksym0=0xffffffffc0402b9c ksym1=0x0
[385.819634 pid=6620 tid=6628] BPF_MAP_UPDATE_ELEM prog_array name=sys_exit_init_t map_fd=16 map_id=366 key=246 prog_fd=87 prog_id=207 flags=0 ret=0 errno=0
[385.819719 pid=6620 tid=6628] native-loader jit-info prog_array-target fd=87 id=207 type=17 name=sys_exit_init tag=83e237c8700b51c5 jited_len=1797 xlated_len=3000 nr_jited_ksyms=1 ksym0=0xffffffffc0402b9c ksym1=0x0
[385.819810 pid=6620 tid=6628] BPF_MAP_UPDATE_ELEM prog_array name=sys_exit_init_t map_fd=16 map_id=366 key=247 prog_fd=87 prog_id=207 flags=0 ret=0 errno=0
[385.819895 pid=6620 tid=6628] native-loader jit-info prog_array-target fd=87 id=207 type=17 name=sys_exit_init tag=83e237c8700b51c5 jited_len=1797 xlated_len=3000 nr_jited_ksyms=1 ksym0=0xffffffffc0402b9c ksym1=0x0
[385.819985 pid=6620 tid=6628] BPF_MAP_UPDATE_ELEM prog_array name=sys_exit_init_t map_fd=16 map_id=366 key=248 prog_fd=87 prog_id=207 flags=0 ret=0 errno=0
[385.820071 pid=6620 tid=6628] native-loader jit-info prog_array-target fd=87 id=207 type=17 name=sys_exit_init tag=83e237c8700b51c5 jited_len=1797 xlated_len=3000 nr_jited_ksyms=1 ksym0=0xffffffffc0402b9c ksym1=0x0
[385.820161 pid=6620 tid=6628] BPF_MAP_UPDATE_ELEM prog_array name=sys_exit_init_t map_fd=16 map_id=366 key=249 prog_fd=87 prog_id=207 flags=0 ret=0 errno=0
[385.820245 pid=6620 tid=6628] native-loader jit-info prog_array-target fd=87 id=207 type=17 name=sys_exit_init tag=83e237c8700b51c5 jited_len=1797 xlated_len=3000 nr_jited_ksyms=1 ksym0=0xffffffffc0402b9c ksym1=0x0
[385.820336 pid=6620 tid=6628] BPF_MAP_UPDATE_ELEM prog_array name=sys_exit_init_t map_fd=16 map_id=366 key=250 prog_fd=87 prog_id=207 flags=0 ret=0 errno=0
[385.820426 pid=6620 tid=6628] native-loader jit-info prog_array-target fd=87 id=207 type=17 name=sys_exit_init tag=83e237c8700b51c5 jited_len=1797 xlated_len=3000 nr_jited_ksyms=1 ksym0=0xffffffffc0402b9c ksym1=0x0
[385.820515 pid=6620 tid=6628] BPF_MAP_UPDATE_ELEM prog_array name=sys_exit_init_t map_fd=16 map_id=366 key=251 prog_fd=87 prog_id=207 flags=0 ret=0 errno=0
[385.820600 pid=6620 tid=6628] native-loader jit-info prog_array-target fd=87 id=207 type=17 name=sys_exit_init tag=83e237c8700b51c5 jited_len=1797 xlated_len=3000 nr_jited_ksyms=1 ksym0=0xffffffffc0402b9c ksym1=0x0
[385.820691 pid=6620 tid=6628] BPF_MAP_UPDATE_ELEM prog_array name=sys_exit_init_t map_fd=16 map_id=366 key=252 prog_fd=87 prog_id=207 flags=0 ret=0 errno=0
[385.820775 pid=6620 tid=6628] native-loader jit-info prog_array-target fd=87 id=207 type=17 name=sys_exit_init tag=83e237c8700b51c5 jited_len=1797 xlated_len=3000 nr_jited_ksyms=1 ksym0=0xffffffffc0402b9c ksym1=0x0
[385.820866 pid=6620 tid=6628] BPF_MAP_UPDATE_ELEM prog_array name=sys_exit_init_t map_fd=16 map_id=366 key=253 prog_fd=87 prog_id=207 flags=0 ret=0 errno=0
[385.820951 pid=6620 tid=6628] native-loader jit-info prog_array-target fd=87 id=207 type=17 name=sys_exit_init tag=83e237c8700b51c5 jited_len=1797 xlated_len=3000 nr_jited_ksyms=1 ksym0=0xffffffffc0402b9c ksym1=0x0
[385.821042 pid=6620 tid=6628] BPF_MAP_UPDATE_ELEM prog_array name=sys_exit_init_t map_fd=16 map_id=366 key=254 prog_fd=87 prog_id=207 flags=0 ret=0 errno=0
[385.821126 pid=6620 tid=6628] native-loader jit-info prog_array-target fd=87 id=207 type=17 name=sys_exit_init tag=83e237c8700b51c5 jited_len=1797 xlated_len=3000 nr_jited_ksyms=1 ksym0=0xffffffffc0402b9c ksym1=0x0
[385.821217 pid=6620 tid=6628] BPF_MAP_UPDATE_ELEM prog_array name=sys_exit_init_t map_fd=16 map_id=366 key=255 prog_fd=87 prog_id=207 flags=0 ret=0 errno=0
[385.821302 pid=6620 tid=6628] native-loader jit-info prog_array-target fd=87 id=207 type=17 name=sys_exit_init tag=83e237c8700b51c5 jited_len=1797 xlated_len=3000 nr_jited_ksyms=1 ksym0=0xffffffffc0402b9c ksym1=0x0
[385.821395 pid=6620 tid=6628] BPF_MAP_UPDATE_ELEM prog_array name=sys_exit_init_t map_fd=16 map_id=366 key=256 prog_fd=87 prog_id=207 flags=0 ret=0 errno=0
[385.821479 pid=6620 tid=6628] native-loader jit-info prog_array-target fd=87 id=207 type=17 name=sys_exit_init tag=83e237c8700b51c5 jited_len=1797 xlated_len=3000 nr_jited_ksyms=1 ksym0=0xffffffffc0402b9c ksym1=0x0
[385.821569 pid=6620 tid=6628] BPF_MAP_UPDATE_ELEM prog_array name=sys_exit_init_t map_fd=16 map_id=366 key=257 prog_fd=87 prog_id=207 flags=0 ret=0 errno=0
[385.821654 pid=6620 tid=6628] native-loader jit-info prog_array-target fd=87 id=207 type=17 name=sys_exit_init tag=83e237c8700b51c5 jited_len=1797 xlated_len=3000 nr_jited_ksyms=1 ksym0=0xffffffffc0402b9c ksym1=0x0
[385.821744 pid=6620 tid=6628] BPF_MAP_UPDATE_ELEM prog_array name=sys_exit_init_t map_fd=16 map_id=366 key=258 prog_fd=87 prog_id=207 flags=0 ret=0 errno=0
[385.821829 pid=6620 tid=6628] native-loader jit-info prog_array-target fd=87 id=207 type=17 name=sys_exit_init tag=83e237c8700b51c5 jited_len=1797 xlated_len=3000 nr_jited_ksyms=1 ksym0=0xffffffffc0402b9c ksym1=0x0
[385.821919 pid=6620 tid=6628] BPF_MAP_UPDATE_ELEM prog_array name=sys_exit_init_t map_fd=16 map_id=366 key=259 prog_fd=87 prog_id=207 flags=0 ret=0 errno=0
[385.822004 pid=6620 tid=6628] native-loader jit-info prog_array-target fd=87 id=207 type=17 name=sys_exit_init tag=83e237c8700b51c5 jited_len=1797 xlated_len=3000 nr_jited_ksyms=1 ksym0=0xffffffffc0402b9c ksym1=0x0
[385.822095 pid=6620 tid=6628] BPF_MAP_UPDATE_ELEM prog_array name=sys_exit_init_t map_fd=16 map_id=366 key=260 prog_fd=87 prog_id=207 flags=0 ret=0 errno=0
[385.822179 pid=6620 tid=6628] native-loader jit-info prog_array-target fd=87 id=207 type=17 name=sys_exit_init tag=83e237c8700b51c5 jited_len=1797 xlated_len=3000 nr_jited_ksyms=1 ksym0=0xffffffffc0402b9c ksym1=0x0
[385.822270 pid=6620 tid=6628] BPF_MAP_UPDATE_ELEM prog_array name=sys_exit_init_t map_fd=16 map_id=366 key=261 prog_fd=87 prog_id=207 flags=0 ret=0 errno=0
[385.822355 pid=6620 tid=6628] native-loader jit-info prog_array-target fd=87 id=207 type=17 name=sys_exit_init tag=83e237c8700b51c5 jited_len=1797 xlated_len=3000 nr_jited_ksyms=1 ksym0=0xffffffffc0402b9c ksym1=0x0
[385.822449 pid=6620 tid=6628] BPF_MAP_UPDATE_ELEM prog_array name=sys_exit_init_t map_fd=16 map_id=366 key=262 prog_fd=87 prog_id=207 flags=0 ret=0 errno=0
[385.822533 pid=6620 tid=6628] native-loader jit-info prog_array-target fd=87 id=207 type=17 name=sys_exit_init tag=83e237c8700b51c5 jited_len=1797 xlated_len=3000 nr_jited_ksyms=1 ksym0=0xffffffffc0402b9c ksym1=0x0
[385.822623 pid=6620 tid=6628] BPF_MAP_UPDATE_ELEM prog_array name=sys_exit_init_t map_fd=16 map_id=366 key=263 prog_fd=87 prog_id=207 flags=0 ret=0 errno=0
[385.822708 pid=6620 tid=6628] native-loader jit-info prog_array-target fd=87 id=207 type=17 name=sys_exit_init tag=83e237c8700b51c5 jited_len=1797 xlated_len=3000 nr_jited_ksyms=1 ksym0=0xffffffffc0402b9c ksym1=0x0
[385.822799 pid=6620 tid=6628] BPF_MAP_UPDATE_ELEM prog_array name=sys_exit_init_t map_fd=16 map_id=366 key=264 prog_fd=87 prog_id=207 flags=0 ret=0 errno=0
[385.822883 pid=6620 tid=6628] native-loader jit-info prog_array-target fd=87 id=207 type=17 name=sys_exit_init tag=83e237c8700b51c5 jited_len=1797 xlated_len=3000 nr_jited_ksyms=1 ksym0=0xffffffffc0402b9c ksym1=0x0
[385.822974 pid=6620 tid=6628] BPF_MAP_UPDATE_ELEM prog_array name=sys_exit_init_t map_fd=16 map_id=366 key=265 prog_fd=87 prog_id=207 flags=0 ret=0 errno=0
[385.823059 pid=6620 tid=6628] native-loader jit-info prog_array-target fd=87 id=207 type=17 name=sys_exit_init tag=83e237c8700b51c5 jited_len=1797 xlated_len=3000 nr_jited_ksyms=1 ksym0=0xffffffffc0402b9c ksym1=0x0
[385.823150 pid=6620 tid=6628] BPF_MAP_UPDATE_ELEM prog_array name=sys_exit_init_t map_fd=16 map_id=366 key=266 prog_fd=87 prog_id=207 flags=0 ret=0 errno=0
[385.823234 pid=6620 tid=6628] native-loader jit-info prog_array-target fd=87 id=207 type=17 name=sys_exit_init tag=83e237c8700b51c5 jited_len=1797 xlated_len=3000 nr_jited_ksyms=1 ksym0=0xffffffffc0402b9c ksym1=0x0
[385.823325 pid=6620 tid=6628] BPF_MAP_UPDATE_ELEM prog_array name=sys_exit_init_t map_fd=16 map_id=366 key=267 prog_fd=87 prog_id=207 flags=0 ret=0 errno=0
[385.823411 pid=6620 tid=6628] native-loader jit-info prog_array-target fd=87 id=207 type=17 name=sys_exit_init tag=83e237c8700b51c5 jited_len=1797 xlated_len=3000 nr_jited_ksyms=1 ksym0=0xffffffffc0402b9c ksym1=0x0
[385.823503 pid=6620 tid=6628] BPF_MAP_UPDATE_ELEM prog_array name=sys_exit_init_t map_fd=16 map_id=366 key=268 prog_fd=87 prog_id=207 flags=0 ret=0 errno=0
[385.823586 pid=6620 tid=6628] native-loader jit-info prog_array-target fd=87 id=207 type=17 name=sys_exit_init tag=83e237c8700b51c5 jited_len=1797 xlated_len=3000 nr_jited_ksyms=1 ksym0=0xffffffffc0402b9c ksym1=0x0
[385.823677 pid=6620 tid=6628] BPF_MAP_UPDATE_ELEM prog_array name=sys_exit_init_t map_fd=16 map_id=366 key=269 prog_fd=87 prog_id=207 flags=0 ret=0 errno=0
[385.823762 pid=6620 tid=6628] native-loader jit-info prog_array-target fd=87 id=207 type=17 name=sys_exit_init tag=83e237c8700b51c5 jited_len=1797 xlated_len=3000 nr_jited_ksyms=1 ksym0=0xffffffffc0402b9c ksym1=0x0
[385.823854 pid=6620 tid=6628] BPF_MAP_UPDATE_ELEM prog_array name=sys_exit_init_t map_fd=16 map_id=366 key=270 prog_fd=87 prog_id=207 flags=0 ret=0 errno=0
[385.823938 pid=6620 tid=6628] native-loader jit-info prog_array-target fd=87 id=207 type=17 name=sys_exit_init tag=83e237c8700b51c5 jited_len=1797 xlated_len=3000 nr_jited_ksyms=1 ksym0=0xffffffffc0402b9c ksym1=0x0
[385.824029 pid=6620 tid=6628] BPF_MAP_UPDATE_ELEM prog_array name=sys_exit_init_t map_fd=16 map_id=366 key=271 prog_fd=87 prog_id=207 flags=0 ret=0 errno=0
[385.824113 pid=6620 tid=6628] native-loader jit-info prog_array-target fd=87 id=207 type=17 name=sys_exit_init tag=83e237c8700b51c5 jited_len=1797 xlated_len=3000 nr_jited_ksyms=1 ksym0=0xffffffffc0402b9c ksym1=0x0
[385.824205 pid=6620 tid=6628] BPF_MAP_UPDATE_ELEM prog_array name=sys_exit_init_t map_fd=16 map_id=366 key=272 prog_fd=87 prog_id=207 flags=0 ret=0 errno=0
[385.824289 pid=6620 tid=6628] native-loader jit-info prog_array-target fd=87 id=207 type=17 name=sys_exit_init tag=83e237c8700b51c5 jited_len=1797 xlated_len=3000 nr_jited_ksyms=1 ksym0=0xffffffffc0402b9c ksym1=0x0
[385.824381 pid=6620 tid=6628] BPF_MAP_UPDATE_ELEM prog_array name=sys_exit_init_t map_fd=16 map_id=366 key=273 prog_fd=87 prog_id=207 flags=0 ret=0 errno=0
[385.824466 pid=6620 tid=6628] native-loader jit-info prog_array-target fd=87 id=207 type=17 name=sys_exit_init tag=83e237c8700b51c5 jited_len=1797 xlated_len=3000 nr_jited_ksyms=1 ksym0=0xffffffffc0402b9c ksym1=0x0
[385.824557 pid=6620 tid=6628] BPF_MAP_UPDATE_ELEM prog_array name=sys_exit_init_t map_fd=16 map_id=366 key=274 prog_fd=87 prog_id=207 flags=0 ret=0 errno=0
[385.824643 pid=6620 tid=6628] native-loader jit-info prog_array-target fd=87 id=207 type=17 name=sys_exit_init tag=83e237c8700b51c5 jited_len=1797 xlated_len=3000 nr_jited_ksyms=1 ksym0=0xffffffffc0402b9c ksym1=0x0
[385.824734 pid=6620 tid=6628] BPF_MAP_UPDATE_ELEM prog_array name=sys_exit_init_t map_fd=16 map_id=366 key=275 prog_fd=87 prog_id=207 flags=0 ret=0 errno=0
[385.824819 pid=6620 tid=6628] native-loader jit-info prog_array-target fd=87 id=207 type=17 name=sys_exit_init tag=83e237c8700b51c5 jited_len=1797 xlated_len=3000 nr_jited_ksyms=1 ksym0=0xffffffffc0402b9c ksym1=0x0
[385.824882 pid=6620 tid=6628] BPF_MAP_UPDATE_ELEM prog_array name=sys_exit_init_t map_fd=16 map_id=366 key=276 prog_fd=87 prog_id=207 flags=0 ret=0 errno=0
[385.824966 pid=6620 tid=6628] native-loader jit-info prog_array-target fd=87 id=207 type=17 name=sys_exit_init tag=83e237c8700b51c5 jited_len=1797 xlated_len=3000 nr_jited_ksyms=1 ksym0=0xffffffffc0402b9c ksym1=0x0
[385.825057 pid=6620 tid=6628] BPF_MAP_UPDATE_ELEM prog_array name=sys_exit_init_t map_fd=16 map_id=366 key=277 prog_fd=87 prog_id=207 flags=0 ret=0 errno=0
[385.825142 pid=6620 tid=6628] native-loader jit-info prog_array-target fd=87 id=207 type=17 name=sys_exit_init tag=83e237c8700b51c5 jited_len=1797 xlated_len=3000 nr_jited_ksyms=1 ksym0=0xffffffffc0402b9c ksym1=0x0
[385.825234 pid=6620 tid=6628] BPF_MAP_UPDATE_ELEM prog_array name=sys_exit_init_t map_fd=16 map_id=366 key=278 prog_fd=87 prog_id=207 flags=0 ret=0 errno=0
[385.825319 pid=6620 tid=6628] native-loader jit-info prog_array-target fd=87 id=207 type=17 name=sys_exit_init tag=83e237c8700b51c5 jited_len=1797 xlated_len=3000 nr_jited_ksyms=1 ksym0=0xffffffffc0402b9c ksym1=0x0
[385.825383 pid=6620 tid=6628] BPF_MAP_UPDATE_ELEM prog_array name=sys_exit_init_t map_fd=16 map_id=366 key=279 prog_fd=87 prog_id=207 flags=0 ret=0 errno=0
[385.825468 pid=6620 tid=6628] native-loader jit-info prog_array-target fd=87 id=207 type=17 name=sys_exit_init tag=83e237c8700b51c5 jited_len=1797 xlated_len=3000 nr_jited_ksyms=1 ksym0=0xffffffffc0402b9c ksym1=0x0
[385.825558 pid=6620 tid=6628] BPF_MAP_UPDATE_ELEM prog_array name=sys_exit_init_t map_fd=16 map_id=366 key=280 prog_fd=87 prog_id=207 flags=0 ret=0 errno=0
[385.825644 pid=6620 tid=6628] native-loader jit-info prog_array-target fd=87 id=207 type=17 name=sys_exit_init tag=83e237c8700b51c5 jited_len=1797 xlated_len=3000 nr_jited_ksyms=1 ksym0=0xffffffffc0402b9c ksym1=0x0
[385.825736 pid=6620 tid=6628] BPF_MAP_UPDATE_ELEM prog_array name=sys_exit_init_t map_fd=16 map_id=366 key=281 prog_fd=87 prog_id=207 flags=0 ret=0 errno=0
[385.825820 pid=6620 tid=6628] native-loader jit-info prog_array-target fd=87 id=207 type=17 name=sys_exit_init tag=83e237c8700b51c5 jited_len=1797 xlated_len=3000 nr_jited_ksyms=1 ksym0=0xffffffffc0402b9c ksym1=0x0
[385.825912 pid=6620 tid=6628] BPF_MAP_UPDATE_ELEM prog_array name=sys_exit_init_t map_fd=16 map_id=366 key=282 prog_fd=87 prog_id=207 flags=0 ret=0 errno=0
[385.825996 pid=6620 tid=6628] native-loader jit-info prog_array-target fd=87 id=207 type=17 name=sys_exit_init tag=83e237c8700b51c5 jited_len=1797 xlated_len=3000 nr_jited_ksyms=1 ksym0=0xffffffffc0402b9c ksym1=0x0
[385.826087 pid=6620 tid=6628] BPF_MAP_UPDATE_ELEM prog_array name=sys_exit_init_t map_fd=16 map_id=366 key=283 prog_fd=87 prog_id=207 flags=0 ret=0 errno=0
[385.826173 pid=6620 tid=6628] native-loader jit-info prog_array-target fd=87 id=207 type=17 name=sys_exit_init tag=83e237c8700b51c5 jited_len=1797 xlated_len=3000 nr_jited_ksyms=1 ksym0=0xffffffffc0402b9c ksym1=0x0
[385.826263 pid=6620 tid=6628] BPF_MAP_UPDATE_ELEM prog_array name=sys_exit_init_t map_fd=16 map_id=366 key=284 prog_fd=87 prog_id=207 flags=0 ret=0 errno=0
[385.826348 pid=6620 tid=6628] native-loader jit-info prog_array-target fd=87 id=207 type=17 name=sys_exit_init tag=83e237c8700b51c5 jited_len=1797 xlated_len=3000 nr_jited_ksyms=1 ksym0=0xffffffffc0402b9c ksym1=0x0
[385.826440 pid=6620 tid=6628] BPF_MAP_UPDATE_ELEM prog_array name=sys_exit_init_t map_fd=16 map_id=366 key=285 prog_fd=87 prog_id=207 flags=0 ret=0 errno=0
[385.826525 pid=6620 tid=6628] native-loader jit-info prog_array-target fd=87 id=207 type=17 name=sys_exit_init tag=83e237c8700b51c5 jited_len=1797 xlated_len=3000 nr_jited_ksyms=1 ksym0=0xffffffffc0402b9c ksym1=0x0
[385.826616 pid=6620 tid=6628] BPF_MAP_UPDATE_ELEM prog_array name=sys_exit_init_t map_fd=16 map_id=366 key=286 prog_fd=87 prog_id=207 flags=0 ret=0 errno=0
[385.826701 pid=6620 tid=6628] native-loader jit-info prog_array-target fd=87 id=207 type=17 name=sys_exit_init tag=83e237c8700b51c5 jited_len=1797 xlated_len=3000 nr_jited_ksyms=1 ksym0=0xffffffffc0402b9c ksym1=0x0
[385.826791 pid=6620 tid=6628] BPF_MAP_UPDATE_ELEM prog_array name=sys_exit_init_t map_fd=16 map_id=366 key=287 prog_fd=87 prog_id=207 flags=0 ret=0 errno=0
[385.826877 pid=6620 tid=6628] native-loader jit-info prog_array-target fd=87 id=207 type=17 name=sys_exit_init tag=83e237c8700b51c5 jited_len=1797 xlated_len=3000 nr_jited_ksyms=1 ksym0=0xffffffffc0402b9c ksym1=0x0
[385.826967 pid=6620 tid=6628] BPF_MAP_UPDATE_ELEM prog_array name=sys_exit_init_t map_fd=16 map_id=366 key=288 prog_fd=87 prog_id=207 flags=0 ret=0 errno=0
[385.827052 pid=6620 tid=6628] native-loader jit-info prog_array-target fd=87 id=207 type=17 name=sys_exit_init tag=83e237c8700b51c5 jited_len=1797 xlated_len=3000 nr_jited_ksyms=1 ksym0=0xffffffffc0402b9c ksym1=0x0
[385.827142 pid=6620 tid=6628] BPF_MAP_UPDATE_ELEM prog_array name=sys_exit_init_t map_fd=16 map_id=366 key=289 prog_fd=87 prog_id=207 flags=0 ret=0 errno=0
[385.827226 pid=6620 tid=6628] native-loader jit-info prog_array-target fd=87 id=207 type=17 name=sys_exit_init tag=83e237c8700b51c5 jited_len=1797 xlated_len=3000 nr_jited_ksyms=1 ksym0=0xffffffffc0402b9c ksym1=0x0
[385.827317 pid=6620 tid=6628] BPF_MAP_UPDATE_ELEM prog_array name=sys_exit_init_t map_fd=16 map_id=366 key=290 prog_fd=87 prog_id=207 flags=0 ret=0 errno=0
[385.827404 pid=6620 tid=6628] native-loader jit-info prog_array-target fd=87 id=207 type=17 name=sys_exit_init tag=83e237c8700b51c5 jited_len=1797 xlated_len=3000 nr_jited_ksyms=1 ksym0=0xffffffffc0402b9c ksym1=0x0
[385.827495 pid=6620 tid=6628] BPF_MAP_UPDATE_ELEM prog_array name=sys_exit_init_t map_fd=16 map_id=366 key=291 prog_fd=87 prog_id=207 flags=0 ret=0 errno=0
[385.827580 pid=6620 tid=6628] native-loader jit-info prog_array-target fd=87 id=207 type=17 name=sys_exit_init tag=83e237c8700b51c5 jited_len=1797 xlated_len=3000 nr_jited_ksyms=1 ksym0=0xffffffffc0402b9c ksym1=0x0
[385.827643 pid=6620 tid=6628] BPF_MAP_UPDATE_ELEM prog_array name=sys_exit_init_t map_fd=16 map_id=366 key=293 prog_fd=87 prog_id=207 flags=0 ret=0 errno=0
[385.827729 pid=6620 tid=6628] native-loader jit-info prog_array-target fd=87 id=207 type=17 name=sys_exit_init tag=83e237c8700b51c5 jited_len=1797 xlated_len=3000 nr_jited_ksyms=1 ksym0=0xffffffffc0402b9c ksym1=0x0
[385.827820 pid=6620 tid=6628] BPF_MAP_UPDATE_ELEM prog_array name=sys_exit_init_t map_fd=16 map_id=366 key=294 prog_fd=87 prog_id=207 flags=0 ret=0 errno=0
[385.827905 pid=6620 tid=6628] native-loader jit-info prog_array-target fd=87 id=207 type=17 name=sys_exit_init tag=83e237c8700b51c5 jited_len=1797 xlated_len=3000 nr_jited_ksyms=1 ksym0=0xffffffffc0402b9c ksym1=0x0
[385.827998 pid=6620 tid=6628] BPF_MAP_UPDATE_ELEM prog_array name=sys_exit_init_t map_fd=16 map_id=366 key=295 prog_fd=87 prog_id=207 flags=0 ret=0 errno=0
[385.828083 pid=6620 tid=6628] native-loader jit-info prog_array-target fd=87 id=207 type=17 name=sys_exit_init tag=83e237c8700b51c5 jited_len=1797 xlated_len=3000 nr_jited_ksyms=1 ksym0=0xffffffffc0402b9c ksym1=0x0
[385.828145 pid=6620 tid=6628] BPF_MAP_UPDATE_ELEM prog_array name=sys_exit_init_t map_fd=16 map_id=366 key=296 prog_fd=87 prog_id=207 flags=0 ret=0 errno=0
[385.828202 pid=6620 tid=6628] native-loader jit-info prog_array-target fd=87 id=207 type=17 name=sys_exit_init tag=83e237c8700b51c5 jited_len=1797 xlated_len=3000 nr_jited_ksyms=1 ksym0=0xffffffffc0402b9c ksym1=0x0
[385.828293 pid=6620 tid=6628] BPF_MAP_UPDATE_ELEM prog_array name=sys_exit_init_t map_fd=16 map_id=366 key=297 prog_fd=87 prog_id=207 flags=0 ret=0 errno=0
[385.828380 pid=6620 tid=6628] native-loader jit-info prog_array-target fd=87 id=207 type=17 name=sys_exit_init tag=83e237c8700b51c5 jited_len=1797 xlated_len=3000 nr_jited_ksyms=1 ksym0=0xffffffffc0402b9c ksym1=0x0
[385.828471 pid=6620 tid=6628] BPF_MAP_UPDATE_ELEM prog_array name=sys_exit_init_t map_fd=16 map_id=366 key=298 prog_fd=87 prog_id=207 flags=0 ret=0 errno=0
[385.828555 pid=6620 tid=6628] native-loader jit-info prog_array-target fd=87 id=207 type=17 name=sys_exit_init tag=83e237c8700b51c5 jited_len=1797 xlated_len=3000 nr_jited_ksyms=1 ksym0=0xffffffffc0402b9c ksym1=0x0
[385.828646 pid=6620 tid=6628] BPF_MAP_UPDATE_ELEM prog_array name=sys_exit_init_t map_fd=16 map_id=366 key=299 prog_fd=87 prog_id=207 flags=0 ret=0 errno=0
[385.828731 pid=6620 tid=6628] native-loader jit-info prog_array-target fd=87 id=207 type=17 name=sys_exit_init tag=83e237c8700b51c5 jited_len=1797 xlated_len=3000 nr_jited_ksyms=1 ksym0=0xffffffffc0402b9c ksym1=0x0
[385.828822 pid=6620 tid=6628] BPF_MAP_UPDATE_ELEM prog_array name=sys_exit_init_t map_fd=16 map_id=366 key=300 prog_fd=87 prog_id=207 flags=0 ret=0 errno=0
[385.828878 pid=6620 tid=6628] native-loader jit-info prog_array-target fd=87 id=207 type=17 name=sys_exit_init tag=83e237c8700b51c5 jited_len=1797 xlated_len=3000 nr_jited_ksyms=1 ksym0=0xffffffffc0402b9c ksym1=0x0
[385.828969 pid=6620 tid=6628] BPF_MAP_UPDATE_ELEM prog_array name=sys_exit_init_t map_fd=16 map_id=366 key=301 prog_fd=87 prog_id=207 flags=0 ret=0 errno=0
[385.829054 pid=6620 tid=6628] native-loader jit-info prog_array-target fd=87 id=207 type=17 name=sys_exit_init tag=83e237c8700b51c5 jited_len=1797 xlated_len=3000 nr_jited_ksyms=1 ksym0=0xffffffffc0402b9c ksym1=0x0
[385.829145 pid=6620 tid=6628] BPF_MAP_UPDATE_ELEM prog_array name=sys_exit_init_t map_fd=16 map_id=366 key=302 prog_fd=87 prog_id=207 flags=0 ret=0 errno=0
[385.829230 pid=6620 tid=6628] native-loader jit-info prog_array-target fd=87 id=207 type=17 name=sys_exit_init tag=83e237c8700b51c5 jited_len=1797 xlated_len=3000 nr_jited_ksyms=1 ksym0=0xffffffffc0402b9c ksym1=0x0
[385.829321 pid=6620 tid=6628] BPF_MAP_UPDATE_ELEM prog_array name=sys_exit_init_t map_fd=16 map_id=366 key=303 prog_fd=87 prog_id=207 flags=0 ret=0 errno=0
[385.829408 pid=6620 tid=6628] native-loader jit-info prog_array-target fd=87 id=207 type=17 name=sys_exit_init tag=83e237c8700b51c5 jited_len=1797 xlated_len=3000 nr_jited_ksyms=1 ksym0=0xffffffffc0402b9c ksym1=0x0
[385.829499 pid=6620 tid=6628] BPF_MAP_UPDATE_ELEM prog_array name=sys_exit_init_t map_fd=16 map_id=366 key=304 prog_fd=87 prog_id=207 flags=0 ret=0 errno=0
[385.829585 pid=6620 tid=6628] native-loader jit-info prog_array-target fd=87 id=207 type=17 name=sys_exit_init tag=83e237c8700b51c5 jited_len=1797 xlated_len=3000 nr_jited_ksyms=1 ksym0=0xffffffffc0402b9c ksym1=0x0
[385.829676 pid=6620 tid=6628] BPF_MAP_UPDATE_ELEM prog_array name=sys_exit_init_t map_fd=16 map_id=366 key=305 prog_fd=87 prog_id=207 flags=0 ret=0 errno=0
[385.829760 pid=6620 tid=6628] native-loader jit-info prog_array-target fd=87 id=207 type=17 name=sys_exit_init tag=83e237c8700b51c5 jited_len=1797 xlated_len=3000 nr_jited_ksyms=1 ksym0=0xffffffffc0402b9c ksym1=0x0
[385.829823 pid=6620 tid=6628] BPF_MAP_UPDATE_ELEM prog_array name=sys_exit_init_t map_fd=16 map_id=366 key=306 prog_fd=87 prog_id=207 flags=0 ret=0 errno=0
[385.829907 pid=6620 tid=6628] native-loader jit-info prog_array-target fd=87 id=207 type=17 name=sys_exit_init tag=83e237c8700b51c5 jited_len=1797 xlated_len=3000 nr_jited_ksyms=1 ksym0=0xffffffffc0402b9c ksym1=0x0
[385.830005 pid=6620 tid=6628] BPF_MAP_UPDATE_ELEM prog_array name=sys_exit_init_t map_fd=16 map_id=366 key=307 prog_fd=87 prog_id=207 flags=0 ret=0 errno=0
[385.830094 pid=6620 tid=6628] native-loader jit-info prog_array-target fd=87 id=207 type=17 name=sys_exit_init tag=83e237c8700b51c5 jited_len=1797 xlated_len=3000 nr_jited_ksyms=1 ksym0=0xffffffffc0402b9c ksym1=0x0
[385.830185 pid=6620 tid=6628] BPF_MAP_UPDATE_ELEM prog_array name=sys_exit_init_t map_fd=16 map_id=366 key=308 prog_fd=87 prog_id=207 flags=0 ret=0 errno=0
[385.830271 pid=6620 tid=6628] native-loader jit-info prog_array-target fd=87 id=207 type=17 name=sys_exit_init tag=83e237c8700b51c5 jited_len=1797 xlated_len=3000 nr_jited_ksyms=1 ksym0=0xffffffffc0402b9c ksym1=0x0
[385.830363 pid=6620 tid=6628] BPF_MAP_UPDATE_ELEM prog_array name=sys_exit_init_t map_fd=16 map_id=366 key=309 prog_fd=87 prog_id=207 flags=0 ret=0 errno=0
[385.830448 pid=6620 tid=6628] native-loader jit-info prog_array-target fd=87 id=207 type=17 name=sys_exit_init tag=83e237c8700b51c5 jited_len=1797 xlated_len=3000 nr_jited_ksyms=1 ksym0=0xffffffffc0402b9c ksym1=0x0
[385.830539 pid=6620 tid=6628] BPF_MAP_UPDATE_ELEM prog_array name=sys_exit_init_t map_fd=16 map_id=366 key=310 prog_fd=87 prog_id=207 flags=0 ret=0 errno=0
[385.830624 pid=6620 tid=6628] native-loader jit-info prog_array-target fd=87 id=207 type=17 name=sys_exit_init tag=83e237c8700b51c5 jited_len=1797 xlated_len=3000 nr_jited_ksyms=1 ksym0=0xffffffffc0402b9c ksym1=0x0
[385.830715 pid=6620 tid=6628] BPF_MAP_UPDATE_ELEM prog_array name=sys_exit_init_t map_fd=16 map_id=366 key=312 prog_fd=87 prog_id=207 flags=0 ret=0 errno=0
[385.830772 pid=6620 tid=6628] native-loader jit-info prog_array-target fd=87 id=207 type=17 name=sys_exit_init tag=83e237c8700b51c5 jited_len=1797 xlated_len=3000 nr_jited_ksyms=1 ksym0=0xffffffffc0402b9c ksym1=0x0
[385.830862 pid=6620 tid=6628] BPF_MAP_UPDATE_ELEM prog_array name=sys_exit_init_t map_fd=16 map_id=366 key=313 prog_fd=87 prog_id=207 flags=0 ret=0 errno=0
[385.830947 pid=6620 tid=6628] native-loader jit-info prog_array-target fd=87 id=207 type=17 name=sys_exit_init tag=83e237c8700b51c5 jited_len=1797 xlated_len=3000 nr_jited_ksyms=1 ksym0=0xffffffffc0402b9c ksym1=0x0
[385.831039 pid=6620 tid=6628] BPF_MAP_UPDATE_ELEM prog_array name=sys_exit_init_t map_fd=16 map_id=366 key=314 prog_fd=87 prog_id=207 flags=0 ret=0 errno=0
[385.831124 pid=6620 tid=6628] native-loader jit-info prog_array-target fd=87 id=207 type=17 name=sys_exit_init tag=83e237c8700b51c5 jited_len=1797 xlated_len=3000 nr_jited_ksyms=1 ksym0=0xffffffffc0402b9c ksym1=0x0
[385.831214 pid=6620 tid=6628] BPF_MAP_UPDATE_ELEM prog_array name=sys_exit_init_t map_fd=16 map_id=366 key=315 prog_fd=87 prog_id=207 flags=0 ret=0 errno=0
[385.831299 pid=6620 tid=6628] native-loader jit-info prog_array-target fd=87 id=207 type=17 name=sys_exit_init tag=83e237c8700b51c5 jited_len=1797 xlated_len=3000 nr_jited_ksyms=1 ksym0=0xffffffffc0402b9c ksym1=0x0
[385.831393 pid=6620 tid=6628] BPF_MAP_UPDATE_ELEM prog_array name=sys_exit_init_t map_fd=16 map_id=366 key=316 prog_fd=87 prog_id=207 flags=0 ret=0 errno=0
[385.831476 pid=6620 tid=6628] native-loader jit-info prog_array-target fd=87 id=207 type=17 name=sys_exit_init tag=83e237c8700b51c5 jited_len=1797 xlated_len=3000 nr_jited_ksyms=1 ksym0=0xffffffffc0402b9c ksym1=0x0
[385.831568 pid=6620 tid=6628] BPF_MAP_UPDATE_ELEM prog_array name=sys_exit_init_t map_fd=16 map_id=366 key=317 prog_fd=87 prog_id=207 flags=0 ret=0 errno=0
[385.831651 pid=6620 tid=6628] native-loader jit-info prog_array-target fd=87 id=207 type=17 name=sys_exit_init tag=83e237c8700b51c5 jited_len=1797 xlated_len=3000 nr_jited_ksyms=1 ksym0=0xffffffffc0402b9c ksym1=0x0
[385.831742 pid=6620 tid=6628] BPF_MAP_UPDATE_ELEM prog_array name=sys_exit_init_t map_fd=16 map_id=366 key=318 prog_fd=87 prog_id=207 flags=0 ret=0 errno=0
[385.831826 pid=6620 tid=6628] native-loader jit-info prog_array-target fd=87 id=207 type=17 name=sys_exit_init tag=83e237c8700b51c5 jited_len=1797 xlated_len=3000 nr_jited_ksyms=1 ksym0=0xffffffffc0402b9c ksym1=0x0
[385.831917 pid=6620 tid=6628] BPF_MAP_UPDATE_ELEM prog_array name=sys_exit_init_t map_fd=16 map_id=366 key=319 prog_fd=87 prog_id=207 flags=0 ret=0 errno=0
[385.832002 pid=6620 tid=6628] native-loader jit-info prog_array-target fd=87 id=207 type=17 name=sys_exit_init tag=83e237c8700b51c5 jited_len=1797 xlated_len=3000 nr_jited_ksyms=1 ksym0=0xffffffffc0402b9c ksym1=0x0
[385.832093 pid=6620 tid=6628] BPF_MAP_UPDATE_ELEM prog_array name=sys_exit_init_t map_fd=16 map_id=366 key=320 prog_fd=87 prog_id=207 flags=0 ret=0 errno=0
[385.832177 pid=6620 tid=6628] native-loader jit-info prog_array-target fd=87 id=207 type=17 name=sys_exit_init tag=83e237c8700b51c5 jited_len=1797 xlated_len=3000 nr_jited_ksyms=1 ksym0=0xffffffffc0402b9c ksym1=0x0
[385.832269 pid=6620 tid=6628] BPF_MAP_UPDATE_ELEM prog_array name=sys_exit_init_t map_fd=16 map_id=366 key=321 prog_fd=87 prog_id=207 flags=0 ret=0 errno=0
[385.832353 pid=6620 tid=6628] native-loader jit-info prog_array-target fd=87 id=207 type=17 name=sys_exit_init tag=83e237c8700b51c5 jited_len=1797 xlated_len=3000 nr_jited_ksyms=1 ksym0=0xffffffffc0402b9c ksym1=0x0
[385.832446 pid=6620 tid=6628] BPF_MAP_UPDATE_ELEM prog_array name=sys_exit_init_t map_fd=16 map_id=366 key=322 prog_fd=87 prog_id=207 flags=0 ret=0 errno=0
[385.832531 pid=6620 tid=6628] native-loader jit-info prog_array-target fd=87 id=207 type=17 name=sys_exit_init tag=83e237c8700b51c5 jited_len=1797 xlated_len=3000 nr_jited_ksyms=1 ksym0=0xffffffffc0402b9c ksym1=0x0
[385.832621 pid=6620 tid=6628] BPF_MAP_UPDATE_ELEM prog_array name=sys_exit_init_t map_fd=16 map_id=366 key=323 prog_fd=87 prog_id=207 flags=0 ret=0 errno=0
[385.832706 pid=6620 tid=6628] native-loader jit-info prog_array-target fd=87 id=207 type=17 name=sys_exit_init tag=83e237c8700b51c5 jited_len=1797 xlated_len=3000 nr_jited_ksyms=1 ksym0=0xffffffffc0402b9c ksym1=0x0
[385.832797 pid=6620 tid=6628] BPF_MAP_UPDATE_ELEM prog_array name=sys_exit_init_t map_fd=16 map_id=366 key=324 prog_fd=87 prog_id=207 flags=0 ret=0 errno=0
[385.832882 pid=6620 tid=6628] native-loader jit-info prog_array-target fd=87 id=207 type=17 name=sys_exit_init tag=83e237c8700b51c5 jited_len=1797 xlated_len=3000 nr_jited_ksyms=1 ksym0=0xffffffffc0402b9c ksym1=0x0
[385.832973 pid=6620 tid=6628] BPF_MAP_UPDATE_ELEM prog_array name=sys_exit_init_t map_fd=16 map_id=366 key=325 prog_fd=87 prog_id=207 flags=0 ret=0 errno=0
[385.833057 pid=6620 tid=6628] native-loader jit-info prog_array-target fd=87 id=207 type=17 name=sys_exit_init tag=83e237c8700b51c5 jited_len=1797 xlated_len=3000 nr_jited_ksyms=1 ksym0=0xffffffffc0402b9c ksym1=0x0
[385.833148 pid=6620 tid=6628] BPF_MAP_UPDATE_ELEM prog_array name=sys_exit_init_t map_fd=16 map_id=366 key=326 prog_fd=87 prog_id=207 flags=0 ret=0 errno=0
[385.833232 pid=6620 tid=6628] native-loader jit-info prog_array-target fd=87 id=207 type=17 name=sys_exit_init tag=83e237c8700b51c5 jited_len=1797 xlated_len=3000 nr_jited_ksyms=1 ksym0=0xffffffffc0402b9c ksym1=0x0
[385.833323 pid=6620 tid=6628] BPF_MAP_UPDATE_ELEM prog_array name=sys_exit_init_t map_fd=16 map_id=366 key=327 prog_fd=87 prog_id=207 flags=0 ret=0 errno=0
[385.833410 pid=6620 tid=6628] native-loader jit-info prog_array-target fd=87 id=207 type=17 name=sys_exit_init tag=83e237c8700b51c5 jited_len=1797 xlated_len=3000 nr_jited_ksyms=1 ksym0=0xffffffffc0402b9c ksym1=0x0
[385.833500 pid=6620 tid=6628] BPF_MAP_UPDATE_ELEM prog_array name=sys_exit_init_t map_fd=16 map_id=366 key=328 prog_fd=87 prog_id=207 flags=0 ret=0 errno=0
[385.833585 pid=6620 tid=6628] native-loader jit-info prog_array-target fd=87 id=207 type=17 name=sys_exit_init tag=83e237c8700b51c5 jited_len=1797 xlated_len=3000 nr_jited_ksyms=1 ksym0=0xffffffffc0402b9c ksym1=0x0
[385.833676 pid=6620 tid=6628] BPF_MAP_UPDATE_ELEM prog_array name=sys_exit_init_t map_fd=16 map_id=366 key=329 prog_fd=87 prog_id=207 flags=0 ret=0 errno=0
[385.833732 pid=6620 tid=6628] native-loader jit-info prog_array-target fd=87 id=207 type=17 name=sys_exit_init tag=83e237c8700b51c5 jited_len=1797 xlated_len=3000 nr_jited_ksyms=1 ksym0=0xffffffffc0402b9c ksym1=0x0
[385.833823 pid=6620 tid=6628] BPF_MAP_UPDATE_ELEM prog_array name=sys_exit_init_t map_fd=16 map_id=366 key=330 prog_fd=87 prog_id=207 flags=0 ret=0 errno=0
[385.833908 pid=6620 tid=6628] native-loader jit-info prog_array-target fd=87 id=207 type=17 name=sys_exit_init tag=83e237c8700b51c5 jited_len=1797 xlated_len=3000 nr_jited_ksyms=1 ksym0=0xffffffffc0402b9c ksym1=0x0
[385.833971 pid=6620 tid=6628] BPF_MAP_UPDATE_ELEM prog_array name=sys_exit_init_t map_fd=16 map_id=366 key=331 prog_fd=87 prog_id=207 flags=0 ret=0 errno=0
[385.834027 pid=6620 tid=6628] native-loader jit-info prog_array-target fd=87 id=207 type=17 name=sys_exit_init tag=83e237c8700b51c5 jited_len=1797 xlated_len=3000 nr_jited_ksyms=1 ksym0=0xffffffffc0402b9c ksym1=0x0
[385.834118 pid=6620 tid=6628] BPF_MAP_UPDATE_ELEM prog_array name=sys_exit_init_t map_fd=16 map_id=366 key=332 prog_fd=87 prog_id=207 flags=0 ret=0 errno=0
[385.834202 pid=6620 tid=6628] native-loader jit-info prog_array-target fd=87 id=207 type=17 name=sys_exit_init tag=83e237c8700b51c5 jited_len=1797 xlated_len=3000 nr_jited_ksyms=1 ksym0=0xffffffffc0402b9c ksym1=0x0
[385.834294 pid=6620 tid=6628] BPF_MAP_UPDATE_ELEM prog_array name=sys_exit_init_t map_fd=16 map_id=366 key=333 prog_fd=87 prog_id=207 flags=0 ret=0 errno=0
[385.834380 pid=6620 tid=6628] native-loader jit-info prog_array-target fd=87 id=207 type=17 name=sys_exit_init tag=83e237c8700b51c5 jited_len=1797 xlated_len=3000 nr_jited_ksyms=1 ksym0=0xffffffffc0402b9c ksym1=0x0
[385.834471 pid=6620 tid=6628] BPF_MAP_UPDATE_ELEM prog_array name=sys_exit_init_t map_fd=16 map_id=366 key=334 prog_fd=87 prog_id=207 flags=0 ret=0 errno=0
[385.834556 pid=6620 tid=6628] native-loader jit-info prog_array-target fd=87 id=207 type=17 name=sys_exit_init tag=83e237c8700b51c5 jited_len=1797 xlated_len=3000 nr_jited_ksyms=1 ksym0=0xffffffffc0402b9c ksym1=0x0
[385.834647 pid=6620 tid=6628] BPF_MAP_UPDATE_ELEM prog_array name=sys_exit_init_t map_fd=16 map_id=366 key=424 prog_fd=87 prog_id=207 flags=0 ret=0 errno=0
[385.834732 pid=6620 tid=6628] native-loader jit-info prog_array-target fd=87 id=207 type=17 name=sys_exit_init tag=83e237c8700b51c5 jited_len=1797 xlated_len=3000 nr_jited_ksyms=1 ksym0=0xffffffffc0402b9c ksym1=0x0
[385.834822 pid=6620 tid=6628] BPF_MAP_UPDATE_ELEM prog_array name=sys_exit_init_t map_fd=16 map_id=366 key=425 prog_fd=87 prog_id=207 flags=0 ret=0 errno=0
[385.834907 pid=6620 tid=6628] native-loader jit-info prog_array-target fd=87 id=207 type=17 name=sys_exit_init tag=83e237c8700b51c5 jited_len=1797 xlated_len=3000 nr_jited_ksyms=1 ksym0=0xffffffffc0402b9c ksym1=0x0
[385.834998 pid=6620 tid=6628] BPF_MAP_UPDATE_ELEM prog_array name=sys_exit_init_t map_fd=16 map_id=366 key=426 prog_fd=87 prog_id=207 flags=0 ret=0 errno=0
[385.835083 pid=6620 tid=6628] native-loader jit-info prog_array-target fd=87 id=207 type=17 name=sys_exit_init tag=83e237c8700b51c5 jited_len=1797 xlated_len=3000 nr_jited_ksyms=1 ksym0=0xffffffffc0402b9c ksym1=0x0
[385.835145 pid=6620 tid=6628] BPF_MAP_UPDATE_ELEM prog_array name=sys_exit_init_t map_fd=16 map_id=366 key=427 prog_fd=87 prog_id=207 flags=0 ret=0 errno=0
[385.835202 pid=6620 tid=6628] native-loader jit-info prog_array-target fd=87 id=207 type=17 name=sys_exit_init tag=83e237c8700b51c5 jited_len=1797 xlated_len=3000 nr_jited_ksyms=1 ksym0=0xffffffffc0402b9c ksym1=0x0
[385.835295 pid=6620 tid=6628] BPF_MAP_UPDATE_ELEM prog_array name=sys_exit_init_t map_fd=16 map_id=366 key=428 prog_fd=87 prog_id=207 flags=0 ret=0 errno=0
[385.835382 pid=6620 tid=6628] native-loader jit-info prog_array-target fd=87 id=207 type=17 name=sys_exit_init tag=83e237c8700b51c5 jited_len=1797 xlated_len=3000 nr_jited_ksyms=1 ksym0=0xffffffffc0402b9c ksym1=0x0
[385.835475 pid=6620 tid=6628] BPF_MAP_UPDATE_ELEM prog_array name=sys_exit_init_t map_fd=16 map_id=366 key=429 prog_fd=87 prog_id=207 flags=0 ret=0 errno=0
[385.835560 pid=6620 tid=6628] native-loader jit-info prog_array-target fd=87 id=207 type=17 name=sys_exit_init tag=83e237c8700b51c5 jited_len=1797 xlated_len=3000 nr_jited_ksyms=1 ksym0=0xffffffffc0402b9c ksym1=0x0
[385.835651 pid=6620 tid=6628] BPF_MAP_UPDATE_ELEM prog_array name=sys_exit_init_t map_fd=16 map_id=366 key=430 prog_fd=87 prog_id=207 flags=0 ret=0 errno=0
[385.835736 pid=6620 tid=6628] native-loader jit-info prog_array-target fd=87 id=207 type=17 name=sys_exit_init tag=83e237c8700b51c5 jited_len=1797 xlated_len=3000 nr_jited_ksyms=1 ksym0=0xffffffffc0402b9c ksym1=0x0
[385.835827 pid=6620 tid=6628] BPF_MAP_UPDATE_ELEM prog_array name=sys_exit_init_t map_fd=16 map_id=366 key=431 prog_fd=87 prog_id=207 flags=0 ret=0 errno=0
[385.835911 pid=6620 tid=6628] native-loader jit-info prog_array-target fd=87 id=207 type=17 name=sys_exit_init tag=83e237c8700b51c5 jited_len=1797 xlated_len=3000 nr_jited_ksyms=1 ksym0=0xffffffffc0402b9c ksym1=0x0
[385.836003 pid=6620 tid=6628] BPF_MAP_UPDATE_ELEM prog_array name=sys_exit_init_t map_fd=16 map_id=366 key=432 prog_fd=87 prog_id=207 flags=0 ret=0 errno=0
[385.836087 pid=6620 tid=6628] native-loader jit-info prog_array-target fd=87 id=207 type=17 name=sys_exit_init tag=83e237c8700b51c5 jited_len=1797 xlated_len=3000 nr_jited_ksyms=1 ksym0=0xffffffffc0402b9c ksym1=0x0
[385.836178 pid=6620 tid=6628] BPF_MAP_UPDATE_ELEM prog_array name=sys_exit_init_t map_fd=16 map_id=366 key=433 prog_fd=87 prog_id=207 flags=0 ret=0 errno=0
[385.836264 pid=6620 tid=6628] native-loader jit-info prog_array-target fd=87 id=207 type=17 name=sys_exit_init tag=83e237c8700b51c5 jited_len=1797 xlated_len=3000 nr_jited_ksyms=1 ksym0=0xffffffffc0402b9c ksym1=0x0
[385.836328 pid=6620 tid=6628] BPF_MAP_UPDATE_ELEM prog_array name=sys_exit_init_t map_fd=16 map_id=366 key=434 prog_fd=87 prog_id=207 flags=0 ret=0 errno=0
[385.836416 pid=6620 tid=6628] native-loader jit-info prog_array-target fd=87 id=207 type=17 name=sys_exit_init tag=83e237c8700b51c5 jited_len=1797 xlated_len=3000 nr_jited_ksyms=1 ksym0=0xffffffffc0402b9c ksym1=0x0
[385.836506 pid=6620 tid=6628] BPF_MAP_UPDATE_ELEM prog_array name=sys_exit_init_t map_fd=16 map_id=366 key=435 prog_fd=87 prog_id=207 flags=0 ret=0 errno=0
[385.836591 pid=6620 tid=6628] native-loader jit-info prog_array-target fd=87 id=207 type=17 name=sys_exit_init tag=83e237c8700b51c5 jited_len=1797 xlated_len=3000 nr_jited_ksyms=1 ksym0=0xffffffffc0402b9c ksym1=0x0
[385.836681 pid=6620 tid=6628] BPF_MAP_UPDATE_ELEM prog_array name=sys_exit_init_t map_fd=16 map_id=366 key=436 prog_fd=87 prog_id=207 flags=0 ret=0 errno=0
[385.836766 pid=6620 tid=6628] native-loader jit-info prog_array-target fd=87 id=207 type=17 name=sys_exit_init tag=83e237c8700b51c5 jited_len=1797 xlated_len=3000 nr_jited_ksyms=1 ksym0=0xffffffffc0402b9c ksym1=0x0
[385.836858 pid=6620 tid=6628] BPF_MAP_UPDATE_ELEM prog_array name=sys_exit_init_t map_fd=16 map_id=366 key=437 prog_fd=87 prog_id=207 flags=0 ret=0 errno=0
[385.836942 pid=6620 tid=6628] native-loader jit-info prog_array-target fd=87 id=207 type=17 name=sys_exit_init tag=83e237c8700b51c5 jited_len=1797 xlated_len=3000 nr_jited_ksyms=1 ksym0=0xffffffffc0402b9c ksym1=0x0
[385.837033 pid=6620 tid=6628] BPF_MAP_UPDATE_ELEM prog_array name=sys_exit_init_t map_fd=16 map_id=366 key=438 prog_fd=87 prog_id=207 flags=0 ret=0 errno=0
[385.837090 pid=6620 tid=6628] native-loader jit-info prog_array-target fd=87 id=207 type=17 name=sys_exit_init tag=83e237c8700b51c5 jited_len=1797 xlated_len=3000 nr_jited_ksyms=1 ksym0=0xffffffffc0402b9c ksym1=0x0
[385.837179 pid=6620 tid=6628] BPF_MAP_UPDATE_ELEM prog_array name=sys_exit_init_t map_fd=16 map_id=366 key=439 prog_fd=87 prog_id=207 flags=0 ret=0 errno=0
[385.837236 pid=6620 tid=6628] native-loader jit-info prog_array-target fd=87 id=207 type=17 name=sys_exit_init tag=83e237c8700b51c5 jited_len=1797 xlated_len=3000 nr_jited_ksyms=1 ksym0=0xffffffffc0402b9c ksym1=0x0
[385.837299 pid=6620 tid=6628] BPF_MAP_UPDATE_ELEM prog_array name=sys_exit_init_t map_fd=16 map_id=366 key=440 prog_fd=87 prog_id=207 flags=0 ret=0 errno=0
[385.837386 pid=6620 tid=6628] native-loader jit-info prog_array-target fd=87 id=207 type=17 name=sys_exit_init tag=83e237c8700b51c5 jited_len=1797 xlated_len=3000 nr_jited_ksyms=1 ksym0=0xffffffffc0402b9c ksym1=0x0
[385.837476 pid=6620 tid=6628] BPF_MAP_UPDATE_ELEM prog_array name=sys_exit_init_t map_fd=16 map_id=366 key=441 prog_fd=87 prog_id=207 flags=0 ret=0 errno=0
[385.837561 pid=6620 tid=6628] native-loader jit-info prog_array-target fd=87 id=207 type=17 name=sys_exit_init tag=83e237c8700b51c5 jited_len=1797 xlated_len=3000 nr_jited_ksyms=1 ksym0=0xffffffffc0402b9c ksym1=0x0
[385.837623 pid=6620 tid=6628] BPF_MAP_UPDATE_ELEM prog_array name=sys_exit_init_t map_fd=16 map_id=366 key=442 prog_fd=87 prog_id=207 flags=0 ret=0 errno=0
[385.837708 pid=6620 tid=6628] native-loader jit-info prog_array-target fd=87 id=207 type=17 name=sys_exit_init tag=83e237c8700b51c5 jited_len=1797 xlated_len=3000 nr_jited_ksyms=1 ksym0=0xffffffffc0402b9c ksym1=0x0
[385.837799 pid=6620 tid=6628] BPF_MAP_UPDATE_ELEM prog_array name=sys_exit_init_t map_fd=16 map_id=366 key=443 prog_fd=87 prog_id=207 flags=0 ret=0 errno=0
[385.837884 pid=6620 tid=6628] native-loader jit-info prog_array-target fd=87 id=207 type=17 name=sys_exit_init tag=83e237c8700b51c5 jited_len=1797 xlated_len=3000 nr_jited_ksyms=1 ksym0=0xffffffffc0402b9c ksym1=0x0
[385.837975 pid=6620 tid=6628] BPF_MAP_UPDATE_ELEM prog_array name=sys_exit_init_t map_fd=16 map_id=366 key=444 prog_fd=87 prog_id=207 flags=0 ret=0 errno=0
[385.838060 pid=6620 tid=6628] native-loader jit-info prog_array-target fd=87 id=207 type=17 name=sys_exit_init tag=83e237c8700b51c5 jited_len=1797 xlated_len=3000 nr_jited_ksyms=1 ksym0=0xffffffffc0402b9c ksym1=0x0
[385.838123 pid=6620 tid=6628] BPF_MAP_UPDATE_ELEM prog_array name=sys_exit_init_t map_fd=16 map_id=366 key=445 prog_fd=87 prog_id=207 flags=0 ret=0 errno=0
[385.838179 pid=6620 tid=6628] native-loader jit-info prog_array-target fd=87 id=207 type=17 name=sys_exit_init tag=83e237c8700b51c5 jited_len=1797 xlated_len=3000 nr_jited_ksyms=1 ksym0=0xffffffffc0402b9c ksym1=0x0
[385.838270 pid=6620 tid=6628] BPF_MAP_UPDATE_ELEM prog_array name=sys_exit_init_t map_fd=16 map_id=366 key=446 prog_fd=87 prog_id=207 flags=0 ret=0 errno=0
[385.838326 pid=6620 tid=6628] native-loader jit-info prog_array-target fd=87 id=207 type=17 name=sys_exit_init tag=83e237c8700b51c5 jited_len=1797 xlated_len=3000 nr_jited_ksyms=1 ksym0=0xffffffffc0402b9c ksym1=0x0
[385.838420 pid=6620 tid=6628] BPF_MAP_UPDATE_ELEM prog_array name=sys_exit_init_t map_fd=16 map_id=366 key=447 prog_fd=87 prog_id=207 flags=0 ret=0 errno=0
[385.838505 pid=6620 tid=6628] native-loader jit-info prog_array-target fd=87 id=207 type=17 name=sys_exit_init tag=83e237c8700b51c5 jited_len=1797 xlated_len=3000 nr_jited_ksyms=1 ksym0=0xffffffffc0402b9c ksym1=0x0
[385.838596 pid=6620 tid=6628] BPF_MAP_UPDATE_ELEM prog_array name=sys_exit_init_t map_fd=16 map_id=366 key=448 prog_fd=87 prog_id=207 flags=0 ret=0 errno=0
[385.838681 pid=6620 tid=6628] native-loader jit-info prog_array-target fd=87 id=207 type=17 name=sys_exit_init tag=83e237c8700b51c5 jited_len=1797 xlated_len=3000 nr_jited_ksyms=1 ksym0=0xffffffffc0402b9c ksym1=0x0
[385.838772 pid=6620 tid=6628] BPF_MAP_UPDATE_ELEM prog_array name=sys_exit_init_t map_fd=16 map_id=366 key=449 prog_fd=87 prog_id=207 flags=0 ret=0 errno=0
[385.838840 pid=6620 tid=6628] native-loader jit-info prog_array-target fd=87 id=207 type=17 name=sys_exit_init tag=83e237c8700b51c5 jited_len=1797 xlated_len=3000 nr_jited_ksyms=1 ksym0=0xffffffffc0402b9c ksym1=0x0
[385.838931 pid=6620 tid=6628] BPF_MAP_UPDATE_ELEM prog_array name=sys_exit_init_t map_fd=16 map_id=366 key=450 prog_fd=87 prog_id=207 flags=0 ret=0 errno=0
[385.839015 pid=6620 tid=6628] native-loader jit-info prog_array-target fd=87 id=207 type=17 name=sys_exit_init tag=83e237c8700b51c5 jited_len=1797 xlated_len=3000 nr_jited_ksyms=1 ksym0=0xffffffffc0402b9c ksym1=0x0
[385.839107 pid=6620 tid=6628] BPF_MAP_UPDATE_ELEM prog_array name=sys_exit_init_t map_fd=16 map_id=366 key=451 prog_fd=87 prog_id=207 flags=0 ret=0 errno=0
[385.839191 pid=6620 tid=6628] native-loader jit-info prog_array-target fd=87 id=207 type=17 name=sys_exit_init tag=83e237c8700b51c5 jited_len=1797 xlated_len=3000 nr_jited_ksyms=1 ksym0=0xffffffffc0402b9c ksym1=0x0
[385.839283 pid=6620 tid=6628] BPF_MAP_UPDATE_ELEM prog_array name=sys_exit_init_t map_fd=16 map_id=366 key=452 prog_fd=87 prog_id=207 flags=0 ret=0 errno=0
[385.839370 pid=6620 tid=6628] native-loader jit-info prog_array-target fd=87 id=207 type=17 name=sys_exit_init tag=83e237c8700b51c5 jited_len=1797 xlated_len=3000 nr_jited_ksyms=1 ksym0=0xffffffffc0402b9c ksym1=0x0
[385.839462 pid=6620 tid=6628] BPF_MAP_UPDATE_ELEM prog_array name=sys_exit_init_t map_fd=16 map_id=366 key=453 prog_fd=87 prog_id=207 flags=0 ret=0 errno=0
[385.839546 pid=6620 tid=6628] native-loader jit-info prog_array-target fd=87 id=207 type=17 name=sys_exit_init tag=83e237c8700b51c5 jited_len=1797 xlated_len=3000 nr_jited_ksyms=1 ksym0=0xffffffffc0402b9c ksym1=0x0
[385.839637 pid=6620 tid=6628] BPF_MAP_UPDATE_ELEM prog_array name=sys_exit_init_t map_fd=16 map_id=366 key=454 prog_fd=87 prog_id=207 flags=0 ret=0 errno=0
[385.839721 pid=6620 tid=6628] native-loader jit-info prog_array-target fd=87 id=207 type=17 name=sys_exit_init tag=83e237c8700b51c5 jited_len=1797 xlated_len=3000 nr_jited_ksyms=1 ksym0=0xffffffffc0402b9c ksym1=0x0
[385.839813 pid=6620 tid=6628] BPF_MAP_UPDATE_ELEM prog_array name=sys_exit_init_t map_fd=16 map_id=366 key=455 prog_fd=87 prog_id=207 flags=0 ret=0 errno=0
[385.839868 pid=6620 tid=6628] native-loader jit-info prog_array-target fd=87 id=207 type=17 name=sys_exit_init tag=83e237c8700b51c5 jited_len=1797 xlated_len=3000 nr_jited_ksyms=1 ksym0=0xffffffffc0402b9c ksym1=0x0
[385.839932 pid=6620 tid=6628] BPF_MAP_UPDATE_ELEM prog_array name=sys_exit_init_t map_fd=16 map_id=366 key=456 prog_fd=87 prog_id=207 flags=0 ret=0 errno=0
[385.839989 pid=6620 tid=6628] native-loader jit-info prog_array-target fd=87 id=207 type=17 name=sys_exit_init tag=83e237c8700b51c5 jited_len=1797 xlated_len=3000 nr_jited_ksyms=1 ksym0=0xffffffffc0402b9c ksym1=0x0
[385.840079 pid=6620 tid=6628] BPF_MAP_UPDATE_ELEM prog_array name=sys_exit_init_t map_fd=16 map_id=366 key=457 prog_fd=87 prog_id=207 flags=0 ret=0 errno=0
[385.840174 pid=6620 tid=6628] native-loader jit-info prog_array-target fd=87 id=207 type=17 name=sys_exit_init tag=83e237c8700b51c5 jited_len=1797 xlated_len=3000 nr_jited_ksyms=1 ksym0=0xffffffffc0402b9c ksym1=0x0
[385.840264 pid=6620 tid=6628] BPF_MAP_UPDATE_ELEM prog_array name=sys_exit_init_t map_fd=16 map_id=366 key=458 prog_fd=87 prog_id=207 flags=0 ret=0 errno=0
[385.840321 pid=6620 tid=6628] native-loader jit-info prog_array-target fd=87 id=207 type=17 name=sys_exit_init tag=83e237c8700b51c5 jited_len=1797 xlated_len=3000 nr_jited_ksyms=1 ksym0=0xffffffffc0402b9c ksym1=0x0
[385.840415 pid=6620 tid=6628] BPF_MAP_UPDATE_ELEM prog_array name=sys_exit_init_t map_fd=16 map_id=366 key=459 prog_fd=87 prog_id=207 flags=0 ret=0 errno=0
[385.840500 pid=6620 tid=6628] native-loader jit-info prog_array-target fd=87 id=207 type=17 name=sys_exit_init tag=83e237c8700b51c5 jited_len=1797 xlated_len=3000 nr_jited_ksyms=1 ksym0=0xffffffffc0402b9c ksym1=0x0
[385.840591 pid=6620 tid=6628] BPF_MAP_UPDATE_ELEM prog_array name=sys_exit_init_t map_fd=16 map_id=366 key=460 prog_fd=87 prog_id=207 flags=0 ret=0 errno=0
[385.840675 pid=6620 tid=6628] native-loader jit-info prog_array-target fd=87 id=207 type=17 name=sys_exit_init tag=83e237c8700b51c5 jited_len=1797 xlated_len=3000 nr_jited_ksyms=1 ksym0=0xffffffffc0402b9c ksym1=0x0
[385.840767 pid=6620 tid=6628] BPF_MAP_UPDATE_ELEM prog_array name=sys_exit_init_t map_fd=16 map_id=366 key=461 prog_fd=87 prog_id=207 flags=0 ret=0 errno=0
[385.840851 pid=6620 tid=6628] native-loader jit-info prog_array-target fd=87 id=207 type=17 name=sys_exit_init tag=83e237c8700b51c5 jited_len=1797 xlated_len=3000 nr_jited_ksyms=1 ksym0=0xffffffffc0402b9c ksym1=0x0
[385.840941 pid=6620 tid=6628] BPF_MAP_UPDATE_ELEM prog_array name=sys_exit_init_t map_fd=16 map_id=366 key=462 prog_fd=87 prog_id=207 flags=0 ret=0 errno=0
[385.841027 pid=6620 tid=6628] native-loader jit-info prog_array-target fd=87 id=207 type=17 name=sys_exit_init tag=83e237c8700b51c5 jited_len=1797 xlated_len=3000 nr_jited_ksyms=1 ksym0=0xffffffffc0402b9c ksym1=0x0
[385.841119 pid=6620 tid=6628] BPF_MAP_UPDATE_ELEM prog_array name=sys_exit_init_t map_fd=16 map_id=366 key=463 prog_fd=87 prog_id=207 flags=0 ret=0 errno=0
[385.841204 pid=6620 tid=6628] native-loader jit-info prog_array-target fd=87 id=207 type=17 name=sys_exit_init tag=83e237c8700b51c5 jited_len=1797 xlated_len=3000 nr_jited_ksyms=1 ksym0=0xffffffffc0402b9c ksym1=0x0
[385.841267 pid=6620 tid=6628] BPF_MAP_UPDATE_ELEM prog_array name=sys_exit_init_t map_fd=16 map_id=366 key=464 prog_fd=87 prog_id=207 flags=0 ret=0 errno=0
[385.841352 pid=6620 tid=6628] native-loader jit-info prog_array-target fd=87 id=207 type=17 name=sys_exit_init tag=83e237c8700b51c5 jited_len=1797 xlated_len=3000 nr_jited_ksyms=1 ksym0=0xffffffffc0402b9c ksym1=0x0
[385.841445 pid=6620 tid=6628] BPF_MAP_UPDATE_ELEM prog_array name=sys_exit_init_t map_fd=16 map_id=366 key=465 prog_fd=87 prog_id=207 flags=0 ret=0 errno=0
[385.841529 pid=6620 tid=6628] native-loader jit-info prog_array-target fd=87 id=207 type=17 name=sys_exit_init tag=83e237c8700b51c5 jited_len=1797 xlated_len=3000 nr_jited_ksyms=1 ksym0=0xffffffffc0402b9c ksym1=0x0
[385.841620 pid=6620 tid=6628] BPF_MAP_UPDATE_ELEM prog_array name=sys_exit_init_t map_fd=16 map_id=366 key=466 prog_fd=87 prog_id=207 flags=0 ret=0 errno=0
[385.841705 pid=6620 tid=6628] native-loader jit-info prog_array-target fd=87 id=207 type=17 name=sys_exit_init tag=83e237c8700b51c5 jited_len=1797 xlated_len=3000 nr_jited_ksyms=1 ksym0=0xffffffffc0402b9c ksym1=0x0
[385.841796 pid=6620 tid=6628] BPF_MAP_UPDATE_ELEM prog_array name=sys_exit_init_t map_fd=16 map_id=366 key=467 prog_fd=87 prog_id=207 flags=0 ret=0 errno=0
[385.841880 pid=6620 tid=6628] native-loader jit-info prog_array-target fd=87 id=207 type=17 name=sys_exit_init tag=83e237c8700b51c5 jited_len=1797 xlated_len=3000 nr_jited_ksyms=1 ksym0=0xffffffffc0402b9c ksym1=0x0
[385.841972 pid=6620 tid=6628] BPF_MAP_UPDATE_ELEM prog_array name=sys_exit_init_t map_fd=16 map_id=366 key=468 prog_fd=87 prog_id=207 flags=0 ret=0 errno=0
[385.842057 pid=6620 tid=6628] native-loader jit-info prog_array-target fd=87 id=207 type=17 name=sys_exit_init tag=83e237c8700b51c5 jited_len=1797 xlated_len=3000 nr_jited_ksyms=1 ksym0=0xffffffffc0402b9c ksym1=0x0
[385.842148 pid=6620 tid=6628] BPF_MAP_UPDATE_ELEM prog_array name=sys_exit_init_t map_fd=16 map_id=366 key=469 prog_fd=87 prog_id=207 flags=0 ret=0 errno=0
[385.842233 pid=6620 tid=6628] native-loader jit-info prog_array-target fd=87 id=207 type=17 name=sys_exit_init tag=83e237c8700b51c5 jited_len=1797 xlated_len=3000 nr_jited_ksyms=1 ksym0=0xffffffffc0402b9c ksym1=0x0
[385.842325 pid=6620 tid=6628] BPF_MAP_UPDATE_ELEM prog_array name=sys_exit_init_t map_fd=16 map_id=366 key=470 prog_fd=87 prog_id=207 flags=0 ret=0 errno=0
[385.842412 pid=6620 tid=6628] native-loader jit-info prog_array-target fd=87 id=207 type=17 name=sys_exit_init tag=83e237c8700b51c5 jited_len=1797 xlated_len=3000 nr_jited_ksyms=1 ksym0=0xffffffffc0402b9c ksym1=0x0
[385.842504 pid=6620 tid=6628] BPF_MAP_UPDATE_ELEM prog_array name=sys_exit_init_t map_fd=16 map_id=366 key=471 prog_fd=87 prog_id=207 flags=0 ret=0 errno=0
[385.842598 pid=6620 tid=6628] native-loader jit-info prog_array-target fd=87 id=207 type=17 name=sys_exit_init tag=83e237c8700b51c5 jited_len=1797 xlated_len=3000 nr_jited_ksyms=1 ksym0=0xffffffffc0402b9c ksym1=0x0
[385.842689 pid=6620 tid=6628] BPF_MAP_UPDATE_ELEM prog_array name=sys_exit_init_t map_fd=16 map_id=366 key=472 prog_fd=87 prog_id=207 flags=0 ret=0 errno=0
[385.842774 pid=6620 tid=6628] native-loader jit-info prog_array-target fd=87 id=207 type=17 name=sys_exit_init tag=83e237c8700b51c5 jited_len=1797 xlated_len=3000 nr_jited_ksyms=1 ksym0=0xffffffffc0402b9c ksym1=0x0
[385.842866 pid=6620 tid=6628] BPF_MAP_UPDATE_ELEM prog_array name=sys_exit_init_t map_fd=16 map_id=366 key=473 prog_fd=87 prog_id=207 flags=0 ret=0 errno=0
[385.842951 pid=6620 tid=6628] native-loader jit-info prog_array-target fd=87 id=207 type=17 name=sys_exit_init tag=83e237c8700b51c5 jited_len=1797 xlated_len=3000 nr_jited_ksyms=1 ksym0=0xffffffffc0402b9c ksym1=0x0
[385.843041 pid=6620 tid=6628] BPF_MAP_UPDATE_ELEM prog_array name=sys_exit_init_t map_fd=16 map_id=366 key=474 prog_fd=87 prog_id=207 flags=0 ret=0 errno=0
[385.843126 pid=6620 tid=6628] native-loader jit-info prog_array-target fd=87 id=207 type=17 name=sys_exit_init tag=83e237c8700b51c5 jited_len=1797 xlated_len=3000 nr_jited_ksyms=1 ksym0=0xffffffffc0402b9c ksym1=0x0
[385.843217 pid=6620 tid=6628] BPF_MAP_UPDATE_ELEM prog_array name=sys_exit_init_t map_fd=16 map_id=366 key=475 prog_fd=87 prog_id=207 flags=0 ret=0 errno=0
[385.843302 pid=6620 tid=6628] native-loader jit-info prog_array-target fd=87 id=207 type=17 name=sys_exit_init tag=83e237c8700b51c5 jited_len=1797 xlated_len=3000 nr_jited_ksyms=1 ksym0=0xffffffffc0402b9c ksym1=0x0
[385.843396 pid=6620 tid=6628] BPF_MAP_UPDATE_ELEM prog_array name=sys_exit_init_t map_fd=16 map_id=366 key=476 prog_fd=87 prog_id=207 flags=0 ret=0 errno=0
[385.843481 pid=6620 tid=6628] native-loader jit-info prog_array-target fd=87 id=207 type=17 name=sys_exit_init tag=83e237c8700b51c5 jited_len=1797 xlated_len=3000 nr_jited_ksyms=1 ksym0=0xffffffffc0402b9c ksym1=0x0
[385.843571 pid=6620 tid=6628] BPF_MAP_UPDATE_ELEM prog_array name=sys_exit_init_t map_fd=16 map_id=366 key=477 prog_fd=87 prog_id=207 flags=0 ret=0 errno=0
[385.843657 pid=6620 tid=6628] native-loader jit-info prog_array-target fd=87 id=207 type=17 name=sys_exit_init tag=83e237c8700b51c5 jited_len=1797 xlated_len=3000 nr_jited_ksyms=1 ksym0=0xffffffffc0402b9c ksym1=0x0
[385.843748 pid=6620 tid=6628] BPF_MAP_UPDATE_ELEM prog_array name=sys_exit_init_t map_fd=16 map_id=366 key=478 prog_fd=87 prog_id=207 flags=0 ret=0 errno=0
[385.843832 pid=6620 tid=6628] native-loader jit-info prog_array-target fd=87 id=207 type=17 name=sys_exit_init tag=83e237c8700b51c5 jited_len=1797 xlated_len=3000 nr_jited_ksyms=1 ksym0=0xffffffffc0402b9c ksym1=0x0
[385.843924 pid=6620 tid=6628] BPF_MAP_UPDATE_ELEM prog_array name=sys_exit_init_t map_fd=16 map_id=366 key=479 prog_fd=87 prog_id=207 flags=0 ret=0 errno=0
[385.844008 pid=6620 tid=6628] native-loader jit-info prog_array-target fd=87 id=207 type=17 name=sys_exit_init tag=83e237c8700b51c5 jited_len=1797 xlated_len=3000 nr_jited_ksyms=1 ksym0=0xffffffffc0402b9c ksym1=0x0
[385.844100 pid=6620 tid=6628] BPF_MAP_UPDATE_ELEM prog_array name=sys_exit_init_t map_fd=16 map_id=366 key=480 prog_fd=87 prog_id=207 flags=0 ret=0 errno=0
[385.844186 pid=6620 tid=6628] native-loader jit-info prog_array-target fd=87 id=207 type=17 name=sys_exit_init tag=83e237c8700b51c5 jited_len=1797 xlated_len=3000 nr_jited_ksyms=1 ksym0=0xffffffffc0402b9c ksym1=0x0
[385.844277 pid=6620 tid=6628] BPF_MAP_UPDATE_ELEM prog_array name=sys_exit_init_t map_fd=16 map_id=366 key=481 prog_fd=87 prog_id=207 flags=0 ret=0 errno=0
[385.844365 pid=6620 tid=6628] native-loader jit-info prog_array-target fd=87 id=207 type=17 name=sys_exit_init tag=83e237c8700b51c5 jited_len=1797 xlated_len=3000 nr_jited_ksyms=1 ksym0=0xffffffffc0402b9c ksym1=0x0
[385.844455 pid=6620 tid=6628] BPF_MAP_UPDATE_ELEM prog_array name=sys_exit_init_t map_fd=16 map_id=366 key=482 prog_fd=87 prog_id=207 flags=0 ret=0 errno=0
[385.844539 pid=6620 tid=6628] native-loader jit-info prog_array-target fd=87 id=207 type=17 name=sys_exit_init tag=83e237c8700b51c5 jited_len=1797 xlated_len=3000 nr_jited_ksyms=1 ksym0=0xffffffffc0402b9c ksym1=0x0
[385.844631 pid=6620 tid=6628] BPF_MAP_UPDATE_ELEM prog_array name=sys_exit_init_t map_fd=16 map_id=366 key=483 prog_fd=87 prog_id=207 flags=0 ret=0 errno=0
[385.844715 pid=6620 tid=6628] native-loader jit-info prog_array-target fd=87 id=207 type=17 name=sys_exit_init tag=83e237c8700b51c5 jited_len=1797 xlated_len=3000 nr_jited_ksyms=1 ksym0=0xffffffffc0402b9c ksym1=0x0
[385.844807 pid=6620 tid=6628] BPF_MAP_UPDATE_ELEM prog_array name=sys_exit_init_t map_fd=16 map_id=366 key=484 prog_fd=87 prog_id=207 flags=0 ret=0 errno=0
[385.844891 pid=6620 tid=6628] native-loader jit-info prog_array-target fd=87 id=207 type=17 name=sys_exit_init tag=83e237c8700b51c5 jited_len=1797 xlated_len=3000 nr_jited_ksyms=1 ksym0=0xffffffffc0402b9c ksym1=0x0
[385.844982 pid=6620 tid=6628] BPF_MAP_UPDATE_ELEM prog_array name=sys_exit_init_t map_fd=16 map_id=366 key=485 prog_fd=87 prog_id=207 flags=0 ret=0 errno=0
[385.845067 pid=6620 tid=6628] native-loader jit-info prog_array-target fd=87 id=207 type=17 name=sys_exit_init tag=83e237c8700b51c5 jited_len=1797 xlated_len=3000 nr_jited_ksyms=1 ksym0=0xffffffffc0402b9c ksym1=0x0
[385.845158 pid=6620 tid=6628] BPF_MAP_UPDATE_ELEM prog_array name=sys_exit_init_t map_fd=16 map_id=366 key=486 prog_fd=87 prog_id=207 flags=0 ret=0 errno=0
[385.845242 pid=6620 tid=6628] native-loader jit-info prog_array-target fd=87 id=207 type=17 name=sys_exit_init tag=83e237c8700b51c5 jited_len=1797 xlated_len=3000 nr_jited_ksyms=1 ksym0=0xffffffffc0402b9c ksym1=0x0
[385.845333 pid=6620 tid=6628] BPF_MAP_UPDATE_ELEM prog_array name=sys_exit_init_t map_fd=16 map_id=366 key=487 prog_fd=87 prog_id=207 flags=0 ret=0 errno=0
[385.845421 pid=6620 tid=6628] native-loader jit-info prog_array-target fd=87 id=207 type=17 name=sys_exit_init tag=83e237c8700b51c5 jited_len=1797 xlated_len=3000 nr_jited_ksyms=1 ksym0=0xffffffffc0402b9c ksym1=0x0
[385.845511 pid=6620 tid=6628] BPF_MAP_UPDATE_ELEM prog_array name=sys_exit_init_t map_fd=16 map_id=366 key=488 prog_fd=87 prog_id=207 flags=0 ret=0 errno=0
[385.845596 pid=6620 tid=6628] native-loader jit-info prog_array-target fd=87 id=207 type=17 name=sys_exit_init tag=83e237c8700b51c5 jited_len=1797 xlated_len=3000 nr_jited_ksyms=1 ksym0=0xffffffffc0402b9c ksym1=0x0
[385.845686 pid=6620 tid=6628] BPF_MAP_UPDATE_ELEM prog_array name=sys_exit_init_t map_fd=16 map_id=366 key=489 prog_fd=87 prog_id=207 flags=0 ret=0 errno=0
[385.845772 pid=6620 tid=6628] native-loader jit-info prog_array-target fd=87 id=207 type=17 name=sys_exit_init tag=83e237c8700b51c5 jited_len=1797 xlated_len=3000 nr_jited_ksyms=1 ksym0=0xffffffffc0402b9c ksym1=0x0
[385.845865 pid=6620 tid=6628] BPF_MAP_UPDATE_ELEM prog_array name=sys_exit_init_t map_fd=16 map_id=366 key=490 prog_fd=87 prog_id=207 flags=0 ret=0 errno=0
[385.845950 pid=6620 tid=6628] native-loader jit-info prog_array-target fd=87 id=207 type=17 name=sys_exit_init tag=83e237c8700b51c5 jited_len=1797 xlated_len=3000 nr_jited_ksyms=1 ksym0=0xffffffffc0402b9c ksym1=0x0
[385.846041 pid=6620 tid=6628] BPF_MAP_UPDATE_ELEM prog_array name=sys_exit_init_t map_fd=16 map_id=366 key=491 prog_fd=87 prog_id=207 flags=0 ret=0 errno=0
[385.846097 pid=6620 tid=6628] native-loader jit-info prog_array-target fd=87 id=207 type=17 name=sys_exit_init tag=83e237c8700b51c5 jited_len=1797 xlated_len=3000 nr_jited_ksyms=1 ksym0=0xffffffffc0402b9c ksym1=0x0
[385.846188 pid=6620 tid=6628] BPF_MAP_UPDATE_ELEM prog_array name=sys_exit_init_t map_fd=16 map_id=366 key=492 prog_fd=87 prog_id=207 flags=0 ret=0 errno=0
[385.846273 pid=6620 tid=6628] native-loader jit-info prog_array-target fd=87 id=207 type=17 name=sys_exit_init tag=83e237c8700b51c5 jited_len=1797 xlated_len=3000 nr_jited_ksyms=1 ksym0=0xffffffffc0402b9c ksym1=0x0
[385.846367 pid=6620 tid=6628] BPF_MAP_UPDATE_ELEM prog_array name=sys_exit_init_t map_fd=16 map_id=366 key=493 prog_fd=87 prog_id=207 flags=0 ret=0 errno=0
[385.846450 pid=6620 tid=6628] native-loader jit-info prog_array-target fd=87 id=207 type=17 name=sys_exit_init tag=83e237c8700b51c5 jited_len=1797 xlated_len=3000 nr_jited_ksyms=1 ksym0=0xffffffffc0402b9c ksym1=0x0
[385.846586 pid=6620 tid=6628] BPF_MAP_UPDATE_ELEM prog_array name=sys_exit_init_t map_fd=16 map_id=366 key=494 prog_fd=87 prog_id=207 flags=0 ret=0 errno=0
[385.846676 pid=6620 tid=6628] native-loader jit-info prog_array-target fd=87 id=207 type=17 name=sys_exit_init tag=83e237c8700b51c5 jited_len=1797 xlated_len=3000 nr_jited_ksyms=1 ksym0=0xffffffffc0402b9c ksym1=0x0
[385.846767 pid=6620 tid=6628] BPF_MAP_UPDATE_ELEM prog_array name=sys_exit_init_t map_fd=16 map_id=366 key=495 prog_fd=87 prog_id=207 flags=0 ret=0 errno=0
[385.846851 pid=6620 tid=6628] native-loader jit-info prog_array-target fd=87 id=207 type=17 name=sys_exit_init tag=83e237c8700b51c5 jited_len=1797 xlated_len=3000 nr_jited_ksyms=1 ksym0=0xffffffffc0402b9c ksym1=0x0
[385.846942 pid=6620 tid=6628] BPF_MAP_UPDATE_ELEM prog_array name=sys_exit_init_t map_fd=16 map_id=366 key=496 prog_fd=87 prog_id=207 flags=0 ret=0 errno=0
[385.847026 pid=6620 tid=6628] native-loader jit-info prog_array-target fd=87 id=207 type=17 name=sys_exit_init tag=83e237c8700b51c5 jited_len=1797 xlated_len=3000 nr_jited_ksyms=1 ksym0=0xffffffffc0402b9c ksym1=0x0
[385.847116 pid=6620 tid=6628] BPF_MAP_UPDATE_ELEM prog_array name=sys_exit_init_t map_fd=16 map_id=366 key=497 prog_fd=87 prog_id=207 flags=0 ret=0 errno=0
[385.847201 pid=6620 tid=6628] native-loader jit-info prog_array-target fd=87 id=207 type=17 name=sys_exit_init tag=83e237c8700b51c5 jited_len=1797 xlated_len=3000 nr_jited_ksyms=1 ksym0=0xffffffffc0402b9c ksym1=0x0
[385.847291 pid=6620 tid=6628] BPF_MAP_UPDATE_ELEM prog_array name=sys_exit_init_t map_fd=16 map_id=366 key=498 prog_fd=87 prog_id=207 flags=0 ret=0 errno=0
[385.847348 pid=6620 tid=6628] native-loader jit-info prog_array-target fd=87 id=207 type=17 name=sys_exit_init tag=83e237c8700b51c5 jited_len=1797 xlated_len=3000 nr_jited_ksyms=1 ksym0=0xffffffffc0402b9c ksym1=0x0
[385.847442 pid=6620 tid=6628] BPF_MAP_UPDATE_ELEM prog_array name=sys_exit_init_t map_fd=16 map_id=366 key=499 prog_fd=87 prog_id=207 flags=0 ret=0 errno=0
[385.847527 pid=6620 tid=6628] native-loader jit-info prog_array-target fd=87 id=207 type=17 name=sys_exit_init tag=83e237c8700b51c5 jited_len=1797 xlated_len=3000 nr_jited_ksyms=1 ksym0=0xffffffffc0402b9c ksym1=0x0
[385.847618 pid=6620 tid=6628] BPF_MAP_UPDATE_ELEM prog_array name=sys_exit_init_t map_fd=16 map_id=366 key=500 prog_fd=87 prog_id=207 flags=0 ret=0 errno=0
[385.847702 pid=6620 tid=6628] native-loader jit-info prog_array-target fd=87 id=207 type=17 name=sys_exit_init tag=83e237c8700b51c5 jited_len=1797 xlated_len=3000 nr_jited_ksyms=1 ksym0=0xffffffffc0402b9c ksym1=0x0
[385.847795 pid=6620 tid=6628] BPF_MAP_UPDATE_ELEM prog_array name=sys_exit_init_t map_fd=16 map_id=366 key=501 prog_fd=87 prog_id=207 flags=0 ret=0 errno=0
[385.847879 pid=6620 tid=6628] native-loader jit-info prog_array-target fd=87 id=207 type=17 name=sys_exit_init tag=83e237c8700b51c5 jited_len=1797 xlated_len=3000 nr_jited_ksyms=1 ksym0=0xffffffffc0402b9c ksym1=0x0
[385.847941 pid=6620 tid=6628] BPF_MAP_UPDATE_ELEM prog_array name=sys_exit_init_t map_fd=16 map_id=366 key=502 prog_fd=87 prog_id=207 flags=0 ret=0 errno=0
[385.848027 pid=6620 tid=6628] native-loader jit-info prog_array-target fd=87 id=207 type=17 name=sys_exit_init tag=83e237c8700b51c5 jited_len=1797 xlated_len=3000 nr_jited_ksyms=1 ksym0=0xffffffffc0402b9c ksym1=0x0
[385.848119 pid=6620 tid=6628] BPF_MAP_UPDATE_ELEM prog_array name=sys_exit_init_t map_fd=16 map_id=366 key=503 prog_fd=87 prog_id=207 flags=0 ret=0 errno=0
[385.848203 pid=6620 tid=6628] native-loader jit-info prog_array-target fd=87 id=207 type=17 name=sys_exit_init tag=83e237c8700b51c5 jited_len=1797 xlated_len=3000 nr_jited_ksyms=1 ksym0=0xffffffffc0402b9c ksym1=0x0
[385.848295 pid=6620 tid=6628] BPF_MAP_UPDATE_ELEM prog_array name=sys_exit_init_t map_fd=16 map_id=366 key=504 prog_fd=87 prog_id=207 flags=0 ret=0 errno=0
[385.848381 pid=6620 tid=6628] native-loader jit-info prog_array-target fd=87 id=207 type=17 name=sys_exit_init tag=83e237c8700b51c5 jited_len=1797 xlated_len=3000 nr_jited_ksyms=1 ksym0=0xffffffffc0402b9c ksym1=0x0
[385.848472 pid=6620 tid=6628] BPF_MAP_UPDATE_ELEM prog_array name=sys_exit_init_t map_fd=16 map_id=366 key=505 prog_fd=87 prog_id=207 flags=0 ret=0 errno=0
[385.848556 pid=6620 tid=6628] native-loader jit-info prog_array-target fd=87 id=207 type=17 name=sys_exit_init tag=83e237c8700b51c5 jited_len=1797 xlated_len=3000 nr_jited_ksyms=1 ksym0=0xffffffffc0402b9c ksym1=0x0
[385.848648 pid=6620 tid=6628] BPF_MAP_UPDATE_ELEM prog_array name=sys_exit_init_t map_fd=16 map_id=366 key=506 prog_fd=87 prog_id=207 flags=0 ret=0 errno=0
[385.848732 pid=6620 tid=6628] native-loader jit-info prog_array-target fd=87 id=207 type=17 name=sys_exit_init tag=83e237c8700b51c5 jited_len=1797 xlated_len=3000 nr_jited_ksyms=1 ksym0=0xffffffffc0402b9c ksym1=0x0
[385.848823 pid=6620 tid=6628] BPF_MAP_UPDATE_ELEM prog_array name=sys_exit_init_t map_fd=16 map_id=366 key=507 prog_fd=87 prog_id=207 flags=0 ret=0 errno=0
[385.848907 pid=6620 tid=6628] native-loader jit-info prog_array-target fd=87 id=207 type=17 name=sys_exit_init tag=83e237c8700b51c5 jited_len=1797 xlated_len=3000 nr_jited_ksyms=1 ksym0=0xffffffffc0402b9c ksym1=0x0
[385.848969 pid=6620 tid=6628] BPF_MAP_UPDATE_ELEM prog_array name=sys_exit_init_t map_fd=16 map_id=366 key=508 prog_fd=87 prog_id=207 flags=0 ret=0 errno=0
[385.849054 pid=6620 tid=6628] native-loader jit-info prog_array-target fd=87 id=207 type=17 name=sys_exit_init tag=83e237c8700b51c5 jited_len=1797 xlated_len=3000 nr_jited_ksyms=1 ksym0=0xffffffffc0402b9c ksym1=0x0
[385.849146 pid=6620 tid=6628] BPF_MAP_UPDATE_ELEM prog_array name=sys_exit_init_t map_fd=16 map_id=366 key=509 prog_fd=87 prog_id=207 flags=0 ret=0 errno=0
[385.849231 pid=6620 tid=6628] native-loader jit-info prog_array-target fd=87 id=207 type=17 name=sys_exit_init tag=83e237c8700b51c5 jited_len=1797 xlated_len=3000 nr_jited_ksyms=1 ksym0=0xffffffffc0402b9c ksym1=0x0
[385.849322 pid=6620 tid=6628] BPF_MAP_UPDATE_ELEM prog_array name=sys_exit_init_t map_fd=16 map_id=366 key=510 prog_fd=87 prog_id=207 flags=0 ret=0 errno=0
[385.849409 pid=6620 tid=6628] native-loader jit-info prog_array-target fd=87 id=207 type=17 name=sys_exit_init tag=83e237c8700b51c5 jited_len=1797 xlated_len=3000 nr_jited_ksyms=1 ksym0=0xffffffffc0402b9c ksym1=0x0
[385.849500 pid=6620 tid=6628] BPF_MAP_UPDATE_ELEM prog_array name=sys_exit_init_t map_fd=16 map_id=366 key=511 prog_fd=87 prog_id=207 flags=0 ret=0 errno=0
[385.849584 pid=6620 tid=6628] native-loader jit-info prog_array-target fd=87 id=207 type=17 name=sys_exit_init tag=83e237c8700b51c5 jited_len=1797 xlated_len=3000 nr_jited_ksyms=1 ksym0=0xffffffffc0402b9c ksym1=0x0
[385.849675 pid=6620 tid=6628] BPF_MAP_UPDATE_ELEM prog_array name=sys_exit_init_t map_fd=16 map_id=366 key=512 prog_fd=87 prog_id=207 flags=0 ret=0 errno=0
[385.849759 pid=6620 tid=6628] native-loader jit-info prog_array-target fd=87 id=207 type=17 name=sys_exit_init tag=83e237c8700b51c5 jited_len=1797 xlated_len=3000 nr_jited_ksyms=1 ksym0=0xffffffffc0402b9c ksym1=0x0
[385.849850 pid=6620 tid=6628] BPF_MAP_UPDATE_ELEM prog_array name=sys_exit_init_t map_fd=16 map_id=366 key=513 prog_fd=87 prog_id=207 flags=0 ret=0 errno=0
[385.849934 pid=6620 tid=6628] native-loader jit-info prog_array-target fd=87 id=207 type=17 name=sys_exit_init tag=83e237c8700b51c5 jited_len=1797 xlated_len=3000 nr_jited_ksyms=1 ksym0=0xffffffffc0402b9c ksym1=0x0
[385.850057 pid=6620 tid=6628] BPF_MAP_UPDATE_ELEM prog_array name=sys_exit_init_t map_fd=16 map_id=366 key=514 prog_fd=87 prog_id=207 flags=0 ret=0 errno=0
[385.850428 pid=6620 tid=6628] native-loader jit-info prog_array-target fd=87 id=207 type=17 name=sys_exit_init tag=83e237c8700b51c5 jited_len=1797 xlated_len=3000 nr_jited_ksyms=1 ksym0=0xffffffffc0402b9c ksym1=0x0
[385.850556 pid=6620 tid=6628] BPF_MAP_UPDATE_ELEM prog_array name=sys_exit_init_t map_fd=16 map_id=366 key=515 prog_fd=87 prog_id=207 flags=0 ret=0 errno=0
[385.850664 pid=6620 tid=6628] native-loader jit-info prog_array-target fd=87 id=207 type=17 name=sys_exit_init tag=83e237c8700b51c5 jited_len=1797 xlated_len=3000 nr_jited_ksyms=1 ksym0=0xffffffffc0402b9c ksym1=0x0
[385.850756 pid=6620 tid=6628] BPF_MAP_UPDATE_ELEM prog_array name=sys_exit_init_t map_fd=16 map_id=366 key=516 prog_fd=87 prog_id=207 flags=0 ret=0 errno=0
[385.850841 pid=6620 tid=6628] native-loader jit-info prog_array-target fd=87 id=207 type=17 name=sys_exit_init tag=83e237c8700b51c5 jited_len=1797 xlated_len=3000 nr_jited_ksyms=1 ksym0=0xffffffffc0402b9c ksym1=0x0
[385.850932 pid=6620 tid=6628] BPF_MAP_UPDATE_ELEM prog_array name=sys_exit_init_t map_fd=16 map_id=366 key=517 prog_fd=87 prog_id=207 flags=0 ret=0 errno=0
[385.851017 pid=6620 tid=6628] native-loader jit-info prog_array-target fd=87 id=207 type=17 name=sys_exit_init tag=83e237c8700b51c5 jited_len=1797 xlated_len=3000 nr_jited_ksyms=1 ksym0=0xffffffffc0402b9c ksym1=0x0
[385.851110 pid=6620 tid=6628] BPF_MAP_UPDATE_ELEM prog_array name=sys_exit_init_t map_fd=16 map_id=366 key=518 prog_fd=87 prog_id=207 flags=0 ret=0 errno=0
[385.851194 pid=6620 tid=6628] native-loader jit-info prog_array-target fd=87 id=207 type=17 name=sys_exit_init tag=83e237c8700b51c5 jited_len=1797 xlated_len=3000 nr_jited_ksyms=1 ksym0=0xffffffffc0402b9c ksym1=0x0
[385.851286 pid=6620 tid=6628] BPF_MAP_UPDATE_ELEM prog_array name=sys_exit_init_t map_fd=16 map_id=366 key=519 prog_fd=87 prog_id=207 flags=0 ret=0 errno=0
[385.851374 pid=6620 tid=6628] native-loader jit-info prog_array-target fd=87 id=207 type=17 name=sys_exit_init tag=83e237c8700b51c5 jited_len=1797 xlated_len=3000 nr_jited_ksyms=1 ksym0=0xffffffffc0402b9c ksym1=0x0
[385.851465 pid=6620 tid=6628] BPF_MAP_UPDATE_ELEM prog_array name=sys_exit_init_t map_fd=16 map_id=366 key=520 prog_fd=87 prog_id=207 flags=0 ret=0 errno=0
[385.851551 pid=6620 tid=6628] native-loader jit-info prog_array-target fd=87 id=207 type=17 name=sys_exit_init tag=83e237c8700b51c5 jited_len=1797 xlated_len=3000 nr_jited_ksyms=1 ksym0=0xffffffffc0402b9c ksym1=0x0
[385.851642 pid=6620 tid=6628] BPF_MAP_UPDATE_ELEM prog_array name=sys_exit_init_t map_fd=16 map_id=366 key=521 prog_fd=87 prog_id=207 flags=0 ret=0 errno=0
[385.851727 pid=6620 tid=6628] native-loader jit-info prog_array-target fd=87 id=207 type=17 name=sys_exit_init tag=83e237c8700b51c5 jited_len=1797 xlated_len=3000 nr_jited_ksyms=1 ksym0=0xffffffffc0402b9c ksym1=0x0
[385.851818 pid=6620 tid=6628] BPF_MAP_UPDATE_ELEM prog_array name=sys_exit_init_t map_fd=16 map_id=366 key=522 prog_fd=87 prog_id=207 flags=0 ret=0 errno=0
[385.851903 pid=6620 tid=6628] native-loader jit-info prog_array-target fd=87 id=207 type=17 name=sys_exit_init tag=83e237c8700b51c5 jited_len=1797 xlated_len=3000 nr_jited_ksyms=1 ksym0=0xffffffffc0402b9c ksym1=0x0
[385.851994 pid=6620 tid=6628] BPF_MAP_UPDATE_ELEM prog_array name=sys_exit_init_t map_fd=16 map_id=366 key=523 prog_fd=87 prog_id=207 flags=0 ret=0 errno=0
[385.852078 pid=6620 tid=6628] native-loader jit-info prog_array-target fd=87 id=207 type=17 name=sys_exit_init tag=83e237c8700b51c5 jited_len=1797 xlated_len=3000 nr_jited_ksyms=1 ksym0=0xffffffffc0402b9c ksym1=0x0
[385.852171 pid=6620 tid=6628] BPF_MAP_UPDATE_ELEM prog_array name=sys_exit_init_t map_fd=16 map_id=366 key=524 prog_fd=87 prog_id=207 flags=0 ret=0 errno=0
[385.852256 pid=6620 tid=6628] native-loader jit-info prog_array-target fd=87 id=207 type=17 name=sys_exit_init tag=83e237c8700b51c5 jited_len=1797 xlated_len=3000 nr_jited_ksyms=1 ksym0=0xffffffffc0402b9c ksym1=0x0
[385.852348 pid=6620 tid=6628] BPF_MAP_UPDATE_ELEM prog_array name=sys_exit_init_t map_fd=16 map_id=366 key=525 prog_fd=87 prog_id=207 flags=0 ret=0 errno=0
[385.852435 pid=6620 tid=6628] native-loader jit-info prog_array-target fd=87 id=207 type=17 name=sys_exit_init tag=83e237c8700b51c5 jited_len=1797 xlated_len=3000 nr_jited_ksyms=1 ksym0=0xffffffffc0402b9c ksym1=0x0
[385.852527 pid=6620 tid=6628] BPF_MAP_UPDATE_ELEM prog_array name=sys_exit_init_t map_fd=16 map_id=366 key=526 prog_fd=87 prog_id=207 flags=0 ret=0 errno=0
[385.852611 pid=6620 tid=6628] native-loader jit-info prog_array-target fd=87 id=207 type=17 name=sys_exit_init tag=83e237c8700b51c5 jited_len=1797 xlated_len=3000 nr_jited_ksyms=1 ksym0=0xffffffffc0402b9c ksym1=0x0
[385.852702 pid=6620 tid=6628] BPF_MAP_UPDATE_ELEM prog_array name=sys_exit_init_t map_fd=16 map_id=366 key=527 prog_fd=87 prog_id=207 flags=0 ret=0 errno=0
[385.852788 pid=6620 tid=6628] native-loader jit-info prog_array-target fd=87 id=207 type=17 name=sys_exit_init tag=83e237c8700b51c5 jited_len=1797 xlated_len=3000 nr_jited_ksyms=1 ksym0=0xffffffffc0402b9c ksym1=0x0
[385.852879 pid=6620 tid=6628] BPF_MAP_UPDATE_ELEM prog_array name=sys_exit_init_t map_fd=16 map_id=366 key=528 prog_fd=87 prog_id=207 flags=0 ret=0 errno=0
[385.852963 pid=6620 tid=6628] native-loader jit-info prog_array-target fd=87 id=207 type=17 name=sys_exit_init tag=83e237c8700b51c5 jited_len=1797 xlated_len=3000 nr_jited_ksyms=1 ksym0=0xffffffffc0402b9c ksym1=0x0
[385.853054 pid=6620 tid=6628] BPF_MAP_UPDATE_ELEM prog_array name=sys_exit_init_t map_fd=16 map_id=366 key=529 prog_fd=87 prog_id=207 flags=0 ret=0 errno=0
[385.853139 pid=6620 tid=6628] native-loader jit-info prog_array-target fd=87 id=207 type=17 name=sys_exit_init tag=83e237c8700b51c5 jited_len=1797 xlated_len=3000 nr_jited_ksyms=1 ksym0=0xffffffffc0402b9c ksym1=0x0
[385.853230 pid=6620 tid=6628] BPF_MAP_UPDATE_ELEM prog_array name=sys_exit_init_t map_fd=16 map_id=366 key=530 prog_fd=87 prog_id=207 flags=0 ret=0 errno=0
[385.853316 pid=6620 tid=6628] native-loader jit-info prog_array-target fd=87 id=207 type=17 name=sys_exit_init tag=83e237c8700b51c5 jited_len=1797 xlated_len=3000 nr_jited_ksyms=1 ksym0=0xffffffffc0402b9c ksym1=0x0
[385.853410 pid=6620 tid=6628] BPF_MAP_UPDATE_ELEM prog_array name=sys_exit_init_t map_fd=16 map_id=366 key=531 prog_fd=87 prog_id=207 flags=0 ret=0 errno=0
[385.853494 pid=6620 tid=6628] native-loader jit-info prog_array-target fd=87 id=207 type=17 name=sys_exit_init tag=83e237c8700b51c5 jited_len=1797 xlated_len=3000 nr_jited_ksyms=1 ksym0=0xffffffffc0402b9c ksym1=0x0
[385.853584 pid=6620 tid=6628] BPF_MAP_UPDATE_ELEM prog_array name=sys_exit_init_t map_fd=16 map_id=366 key=532 prog_fd=87 prog_id=207 flags=0 ret=0 errno=0
[385.853668 pid=6620 tid=6628] native-loader jit-info prog_array-target fd=87 id=207 type=17 name=sys_exit_init tag=83e237c8700b51c5 jited_len=1797 xlated_len=3000 nr_jited_ksyms=1 ksym0=0xffffffffc0402b9c ksym1=0x0
[385.853759 pid=6620 tid=6628] BPF_MAP_UPDATE_ELEM prog_array name=sys_exit_init_t map_fd=16 map_id=366 key=533 prog_fd=87 prog_id=207 flags=0 ret=0 errno=0
[385.853815 pid=6620 tid=6628] native-loader jit-info prog_array-target fd=87 id=207 type=17 name=sys_exit_init tag=83e237c8700b51c5 jited_len=1797 xlated_len=3000 nr_jited_ksyms=1 ksym0=0xffffffffc0402b9c ksym1=0x0
[385.853906 pid=6620 tid=6628] BPF_MAP_UPDATE_ELEM prog_array name=sys_exit_init_t map_fd=16 map_id=366 key=534 prog_fd=87 prog_id=207 flags=0 ret=0 errno=0
[385.853963 pid=6620 tid=6628] native-loader jit-info prog_array-target fd=87 id=207 type=17 name=sys_exit_init tag=83e237c8700b51c5 jited_len=1797 xlated_len=3000 nr_jited_ksyms=1 ksym0=0xffffffffc0402b9c ksym1=0x0
[385.855120 pid=6620 tid=6628] BPF_MAP_UPDATE_ELEM prog_array name=prog_array map_fd=27 map_id=377 key=14 prog_fd=296 prog_id=642 flags=0 ret=0 errno=0
[385.855243 pid=6620 tid=6628] native-loader jit-info prog_array-target fd=296 id=642 type=2 name=uprobe__feature tag=dcdf3c02d89233e2 jited_len=2007 xlated_len=3480 nr_jited_ksyms=1 ksym0=0xffffffffc0436c14 ksym1=0x0
[385.855343 pid=6620 tid=6628] BPF_MAP_UPDATE_ELEM prog_array name=prog_array map_fd=27 map_id=377 key=10 prog_fd=181 prog_id=288 flags=0 ret=0 errno=0
[385.855440 pid=6620 tid=6628] native-loader jit-info prog_array-target fd=181 id=288 type=2 name=lkm_seeker_kset tag=da1cfdb2eb72b41c jited_len=58814 xlated_len=108528 nr_jited_ksyms=1 ksym0=0xffffffffc04613c8 ksym1=0x0
[385.856140 pid=6620 tid=6628] BPF_MAP_UPDATE_ELEM prog_array name=prog_array map_fd=27 map_id=377 key=11 prog_fd=192 prog_id=291 flags=0 ret=0 errno=0
[385.856467 pid=6620 tid=6628] native-loader jit-info prog_array-target fd=192 id=291 type=2 name=lkm_seeker_mod_ tag=e24a946a1011905b jited_len=582 xlated_len=880 nr_jited_ksyms=1 ksym0=0xffffffffc0401f98 ksym1=0x0
[385.856604 pid=6620 tid=6628] BPF_MAP_UPDATE_ELEM prog_array name=sys_enter_tails map_fd=14 map_id=364 key=322 prog_fd=170 prog_id=261 flags=0 ret=0 errno=0
[385.856920 pid=6620 tid=6628] native-loader jit-info prog_array-target fd=170 id=261 type=17 name=syscall__execve tag=6b1d44cf8ba2bb0e jited_len=23045 xlated_len=34000 nr_jited_ksyms=1 ksym0=0xffffffffc0442a18 ksym1=0x0
[385.857040 pid=6620 tid=6628] BPF_MAP_UPDATE_ELEM prog_array name=sys_exit_tails map_fd=18 map_id=368 key=322 prog_fd=172 prog_id=264 flags=0 ret=0 errno=0
[385.857148 pid=6620 tid=6628] native-loader jit-info prog_array-target fd=172 id=264 type=17 name=syscall__execve tag=c3b76f1d6584eda6 jited_len=23180 xlated_len=34192 nr_jited_ksyms=1 ksym0=0xffffffffc044df1c ksym1=0x0
[385.857244 pid=6620 tid=6628] BPF_MAP_UPDATE_ELEM prog_array name=sys_exit_tails map_fd=18 map_id=368 key=59 prog_fd=168 prog_id=258 flags=0 ret=0 errno=0
[385.857364 pid=6620 tid=6628] native-loader jit-info prog_array-target fd=168 id=258 type=17 name=syscall__execve tag=a3a03e7b086ee082 jited_len=22904 xlated_len=33792 nr_jited_ksyms=1 ksym0=0xffffffffc0437614 ksym1=0x0
[385.857460 pid=6620 tid=6628] BPF_MAP_UPDATE_ELEM prog_array name=sys_enter_init_ map_fd=10 map_id=360 key=0 prog_fd=78 prog_id=198 flags=0 ret=0 errno=0
[385.857550 pid=6620 tid=6628] native-loader jit-info prog_array-target fd=78 id=198 type=17 name=sys_enter_init tag=39f0608a879c1a34 jited_len=2062 xlated_len=3504 nr_jited_ksyms=1 ksym0=0xffffffffc040234c ksym1=0x0
[385.857639 pid=6620 tid=6628] BPF_MAP_UPDATE_ELEM prog_array name=sys_enter_init_ map_fd=10 map_id=360 key=1 prog_fd=78 prog_id=198 flags=0 ret=0 errno=0
[385.857726 pid=6620 tid=6628] native-loader jit-info prog_array-target fd=78 id=198 type=17 name=sys_enter_init tag=39f0608a879c1a34 jited_len=2062 xlated_len=3504 nr_jited_ksyms=1 ksym0=0xffffffffc040234c ksym1=0x0
[385.857816 pid=6620 tid=6628] BPF_MAP_UPDATE_ELEM prog_array name=sys_enter_init_ map_fd=10 map_id=360 key=2 prog_fd=78 prog_id=198 flags=0 ret=0 errno=0
[385.857903 pid=6620 tid=6628] native-loader jit-info prog_array-target fd=78 id=198 type=17 name=sys_enter_init tag=39f0608a879c1a34 jited_len=2062 xlated_len=3504 nr_jited_ksyms=1 ksym0=0xffffffffc040234c ksym1=0x0
[385.857992 pid=6620 tid=6628] BPF_MAP_UPDATE_ELEM prog_array name=sys_enter_init_ map_fd=10 map_id=360 key=3 prog_fd=78 prog_id=198 flags=0 ret=0 errno=0
[385.858078 pid=6620 tid=6628] native-loader jit-info prog_array-target fd=78 id=198 type=17 name=sys_enter_init tag=39f0608a879c1a34 jited_len=2062 xlated_len=3504 nr_jited_ksyms=1 ksym0=0xffffffffc040234c ksym1=0x0
[385.858139 pid=6620 tid=6628] BPF_MAP_UPDATE_ELEM prog_array name=sys_enter_init_ map_fd=10 map_id=360 key=4 prog_fd=78 prog_id=198 flags=0 ret=0 errno=0
[385.858225 pid=6620 tid=6628] native-loader jit-info prog_array-target fd=78 id=198 type=17 name=sys_enter_init tag=39f0608a879c1a34 jited_len=2062 xlated_len=3504 nr_jited_ksyms=1 ksym0=0xffffffffc040234c ksym1=0x0
[385.858315 pid=6620 tid=6628] BPF_MAP_UPDATE_ELEM prog_array name=sys_enter_init_ map_fd=10 map_id=360 key=5 prog_fd=78 prog_id=198 flags=0 ret=0 errno=0
[385.858402 pid=6620 tid=6628] native-loader jit-info prog_array-target fd=78 id=198 type=17 name=sys_enter_init tag=39f0608a879c1a34 jited_len=2062 xlated_len=3504 nr_jited_ksyms=1 ksym0=0xffffffffc040234c ksym1=0x0
[385.858493 pid=6620 tid=6628] BPF_MAP_UPDATE_ELEM prog_array name=sys_enter_init_ map_fd=10 map_id=360 key=6 prog_fd=78 prog_id=198 flags=0 ret=0 errno=0
[385.858578 pid=6620 tid=6628] native-loader jit-info prog_array-target fd=78 id=198 type=17 name=sys_enter_init tag=39f0608a879c1a34 jited_len=2062 xlated_len=3504 nr_jited_ksyms=1 ksym0=0xffffffffc040234c ksym1=0x0
[385.858667 pid=6620 tid=6628] BPF_MAP_UPDATE_ELEM prog_array name=sys_enter_init_ map_fd=10 map_id=360 key=7 prog_fd=78 prog_id=198 flags=0 ret=0 errno=0
[385.858753 pid=6620 tid=6628] native-loader jit-info prog_array-target fd=78 id=198 type=17 name=sys_enter_init tag=39f0608a879c1a34 jited_len=2062 xlated_len=3504 nr_jited_ksyms=1 ksym0=0xffffffffc040234c ksym1=0x0
[385.858842 pid=6620 tid=6628] BPF_MAP_UPDATE_ELEM prog_array name=sys_enter_init_ map_fd=10 map_id=360 key=8 prog_fd=78 prog_id=198 flags=0 ret=0 errno=0
[385.858928 pid=6620 tid=6628] native-loader jit-info prog_array-target fd=78 id=198 type=17 name=sys_enter_init tag=39f0608a879c1a34 jited_len=2062 xlated_len=3504 nr_jited_ksyms=1 ksym0=0xffffffffc040234c ksym1=0x0
[385.859017 pid=6620 tid=6628] BPF_MAP_UPDATE_ELEM prog_array name=sys_enter_init_ map_fd=10 map_id=360 key=9 prog_fd=78 prog_id=198 flags=0 ret=0 errno=0
[385.859104 pid=6620 tid=6628] native-loader jit-info prog_array-target fd=78 id=198 type=17 name=sys_enter_init tag=39f0608a879c1a34 jited_len=2062 xlated_len=3504 nr_jited_ksyms=1 ksym0=0xffffffffc040234c ksym1=0x0
[385.859195 pid=6620 tid=6628] BPF_MAP_UPDATE_ELEM prog_array name=sys_enter_init_ map_fd=10 map_id=360 key=10 prog_fd=78 prog_id=198 flags=0 ret=0 errno=0
[385.859281 pid=6620 tid=6628] native-loader jit-info prog_array-target fd=78 id=198 type=17 name=sys_enter_init tag=39f0608a879c1a34 jited_len=2062 xlated_len=3504 nr_jited_ksyms=1 ksym0=0xffffffffc040234c ksym1=0x0
[385.859373 pid=6620 tid=6628] BPF_MAP_UPDATE_ELEM prog_array name=sys_enter_init_ map_fd=10 map_id=360 key=11 prog_fd=78 prog_id=198 flags=0 ret=0 errno=0
[385.859458 pid=6620 tid=6628] native-loader jit-info prog_array-target fd=78 id=198 type=17 name=sys_enter_init tag=39f0608a879c1a34 jited_len=2062 xlated_len=3504 nr_jited_ksyms=1 ksym0=0xffffffffc040234c ksym1=0x0
[385.859548 pid=6620 tid=6628] BPF_MAP_UPDATE_ELEM prog_array name=sys_enter_init_ map_fd=10 map_id=360 key=12 prog_fd=78 prog_id=198 flags=0 ret=0 errno=0
[385.859633 pid=6620 tid=6628] native-loader jit-info prog_array-target fd=78 id=198 type=17 name=sys_enter_init tag=39f0608a879c1a34 jited_len=2062 xlated_len=3504 nr_jited_ksyms=1 ksym0=0xffffffffc040234c ksym1=0x0
[385.859723 pid=6620 tid=6628] BPF_MAP_UPDATE_ELEM prog_array name=sys_enter_init_ map_fd=10 map_id=360 key=13 prog_fd=78 prog_id=198 flags=0 ret=0 errno=0
[385.859808 pid=6620 tid=6628] native-loader jit-info prog_array-target fd=78 id=198 type=17 name=sys_enter_init tag=39f0608a879c1a34 jited_len=2062 xlated_len=3504 nr_jited_ksyms=1 ksym0=0xffffffffc040234c ksym1=0x0
[385.859898 pid=6620 tid=6628] BPF_MAP_UPDATE_ELEM prog_array name=sys_enter_init_ map_fd=10 map_id=360 key=14 prog_fd=78 prog_id=198 flags=0 ret=0 errno=0
[385.859983 pid=6620 tid=6628] native-loader jit-info prog_array-target fd=78 id=198 type=17 name=sys_enter_init tag=39f0608a879c1a34 jited_len=2062 xlated_len=3504 nr_jited_ksyms=1 ksym0=0xffffffffc040234c ksym1=0x0
[385.860073 pid=6620 tid=6628] BPF_MAP_UPDATE_ELEM prog_array name=sys_enter_init_ map_fd=10 map_id=360 key=15 prog_fd=78 prog_id=198 flags=0 ret=0 errno=0
[385.860158 pid=6620 tid=6628] native-loader jit-info prog_array-target fd=78 id=198 type=17 name=sys_enter_init tag=39f0608a879c1a34 jited_len=2062 xlated_len=3504 nr_jited_ksyms=1 ksym0=0xffffffffc040234c ksym1=0x0
[385.860219 pid=6620 tid=6628] BPF_MAP_UPDATE_ELEM prog_array name=sys_enter_init_ map_fd=10 map_id=360 key=16 prog_fd=78 prog_id=198 flags=0 ret=0 errno=0
[385.860305 pid=6620 tid=6628] native-loader jit-info prog_array-target fd=78 id=198 type=17 name=sys_enter_init tag=39f0608a879c1a34 jited_len=2062 xlated_len=3504 nr_jited_ksyms=1 ksym0=0xffffffffc040234c ksym1=0x0
[385.860396 pid=6620 tid=6628] BPF_MAP_UPDATE_ELEM prog_array name=sys_enter_init_ map_fd=10 map_id=360 key=17 prog_fd=78 prog_id=198 flags=0 ret=0 errno=0
[385.860482 pid=6620 tid=6628] native-loader jit-info prog_array-target fd=78 id=198 type=17 name=sys_enter_init tag=39f0608a879c1a34 jited_len=2062 xlated_len=3504 nr_jited_ksyms=1 ksym0=0xffffffffc040234c ksym1=0x0
[385.860571 pid=6620 tid=6628] BPF_MAP_UPDATE_ELEM prog_array name=sys_enter_init_ map_fd=10 map_id=360 key=18 prog_fd=78 prog_id=198 flags=0 ret=0 errno=0
[385.860658 pid=6620 tid=6628] native-loader jit-info prog_array-target fd=78 id=198 type=17 name=sys_enter_init tag=39f0608a879c1a34 jited_len=2062 xlated_len=3504 nr_jited_ksyms=1 ksym0=0xffffffffc040234c ksym1=0x0
[385.860747 pid=6620 tid=6628] BPF_MAP_UPDATE_ELEM prog_array name=sys_enter_init_ map_fd=10 map_id=360 key=19 prog_fd=78 prog_id=198 flags=0 ret=0 errno=0
[385.860805 pid=6620 tid=6628] native-loader jit-info prog_array-target fd=78 id=198 type=17 name=sys_enter_init tag=39f0608a879c1a34 jited_len=2062 xlated_len=3504 nr_jited_ksyms=1 ksym0=0xffffffffc040234c ksym1=0x0
[385.860894 pid=6620 tid=6628] BPF_MAP_UPDATE_ELEM prog_array name=sys_enter_init_ map_fd=10 map_id=360 key=20 prog_fd=78 prog_id=198 flags=0 ret=0 errno=0
[385.860981 pid=6620 tid=6628] native-loader jit-info prog_array-target fd=78 id=198 type=17 name=sys_enter_init tag=39f0608a879c1a34 jited_len=2062 xlated_len=3504 nr_jited_ksyms=1 ksym0=0xffffffffc040234c ksym1=0x0
[385.861070 pid=6620 tid=6628] BPF_MAP_UPDATE_ELEM prog_array name=sys_enter_init_ map_fd=10 map_id=360 key=21 prog_fd=78 prog_id=198 flags=0 ret=0 errno=0
[385.861155 pid=6620 tid=6628] native-loader jit-info prog_array-target fd=78 id=198 type=17 name=sys_enter_init tag=39f0608a879c1a34 jited_len=2062 xlated_len=3504 nr_jited_ksyms=1 ksym0=0xffffffffc040234c ksym1=0x0
[385.861245 pid=6620 tid=6628] BPF_MAP_UPDATE_ELEM prog_array name=sys_enter_init_ map_fd=10 map_id=360 key=22 prog_fd=78 prog_id=198 flags=0 ret=0 errno=0
[385.861331 pid=6620 tid=6628] native-loader jit-info prog_array-target fd=78 id=198 type=17 name=sys_enter_init tag=39f0608a879c1a34 jited_len=2062 xlated_len=3504 nr_jited_ksyms=1 ksym0=0xffffffffc040234c ksym1=0x0
[385.861423 pid=6620 tid=6628] BPF_MAP_UPDATE_ELEM prog_array name=sys_enter_init_ map_fd=10 map_id=360 key=23 prog_fd=78 prog_id=198 flags=0 ret=0 errno=0
[385.861509 pid=6620 tid=6628] native-loader jit-info prog_array-target fd=78 id=198 type=17 name=sys_enter_init tag=39f0608a879c1a34 jited_len=2062 xlated_len=3504 nr_jited_ksyms=1 ksym0=0xffffffffc040234c ksym1=0x0
[385.861598 pid=6620 tid=6628] BPF_MAP_UPDATE_ELEM prog_array name=sys_enter_init_ map_fd=10 map_id=360 key=24 prog_fd=78 prog_id=198 flags=0 ret=0 errno=0
[385.861683 pid=6620 tid=6628] native-loader jit-info prog_array-target fd=78 id=198 type=17 name=sys_enter_init tag=39f0608a879c1a34 jited_len=2062 xlated_len=3504 nr_jited_ksyms=1 ksym0=0xffffffffc040234c ksym1=0x0
[385.861744 pid=6620 tid=6628] BPF_MAP_UPDATE_ELEM prog_array name=sys_enter_init_ map_fd=10 map_id=360 key=25 prog_fd=78 prog_id=198 flags=0 ret=0 errno=0
[385.861802 pid=6620 tid=6628] native-loader jit-info prog_array-target fd=78 id=198 type=17 name=sys_enter_init tag=39f0608a879c1a34 jited_len=2062 xlated_len=3504 nr_jited_ksyms=1 ksym0=0xffffffffc040234c ksym1=0x0
[385.861892 pid=6620 tid=6628] BPF_MAP_UPDATE_ELEM prog_array name=sys_enter_init_ map_fd=10 map_id=360 key=26 prog_fd=78 prog_id=198 flags=0 ret=0 errno=0
[385.861977 pid=6620 tid=6628] native-loader jit-info prog_array-target fd=78 id=198 type=17 name=sys_enter_init tag=39f0608a879c1a34 jited_len=2062 xlated_len=3504 nr_jited_ksyms=1 ksym0=0xffffffffc040234c ksym1=0x0
[385.862068 pid=6620 tid=6628] BPF_MAP_UPDATE_ELEM prog_array name=sys_enter_init_ map_fd=10 map_id=360 key=27 prog_fd=78 prog_id=198 flags=0 ret=0 errno=0
[385.862153 pid=6620 tid=6628] native-loader jit-info prog_array-target fd=78 id=198 type=17 name=sys_enter_init tag=39f0608a879c1a34 jited_len=2062 xlated_len=3504 nr_jited_ksyms=1 ksym0=0xffffffffc040234c ksym1=0x0
[385.862242 pid=6620 tid=6628] BPF_MAP_UPDATE_ELEM prog_array name=sys_enter_init_ map_fd=10 map_id=360 key=28 prog_fd=78 prog_id=198 flags=0 ret=0 errno=0
[385.862328 pid=6620 tid=6628] native-loader jit-info prog_array-target fd=78 id=198 type=17 name=sys_enter_init tag=39f0608a879c1a34 jited_len=2062 xlated_len=3504 nr_jited_ksyms=1 ksym0=0xffffffffc040234c ksym1=0x0
[385.862419 pid=6620 tid=6628] BPF_MAP_UPDATE_ELEM prog_array name=sys_enter_init_ map_fd=10 map_id=360 key=29 prog_fd=78 prog_id=198 flags=0 ret=0 errno=0
[385.862504 pid=6620 tid=6628] native-loader jit-info prog_array-target fd=78 id=198 type=17 name=sys_enter_init tag=39f0608a879c1a34 jited_len=2062 xlated_len=3504 nr_jited_ksyms=1 ksym0=0xffffffffc040234c ksym1=0x0
[385.862593 pid=6620 tid=6628] BPF_MAP_UPDATE_ELEM prog_array name=sys_enter_init_ map_fd=10 map_id=360 key=30 prog_fd=78 prog_id=198 flags=0 ret=0 errno=0
[385.862678 pid=6620 tid=6628] native-loader jit-info prog_array-target fd=78 id=198 type=17 name=sys_enter_init tag=39f0608a879c1a34 jited_len=2062 xlated_len=3504 nr_jited_ksyms=1 ksym0=0xffffffffc040234c ksym1=0x0
[385.862767 pid=6620 tid=6628] BPF_MAP_UPDATE_ELEM prog_array name=sys_enter_init_ map_fd=10 map_id=360 key=31 prog_fd=78 prog_id=198 flags=0 ret=0 errno=0
[385.862853 pid=6620 tid=6628] native-loader jit-info prog_array-target fd=78 id=198 type=17 name=sys_enter_init tag=39f0608a879c1a34 jited_len=2062 xlated_len=3504 nr_jited_ksyms=1 ksym0=0xffffffffc040234c ksym1=0x0
[385.862942 pid=6620 tid=6628] BPF_MAP_UPDATE_ELEM prog_array name=sys_enter_init_ map_fd=10 map_id=360 key=34 prog_fd=78 prog_id=198 flags=0 ret=0 errno=0
[385.863028 pid=6620 tid=6628] native-loader jit-info prog_array-target fd=78 id=198 type=17 name=sys_enter_init tag=39f0608a879c1a34 jited_len=2062 xlated_len=3504 nr_jited_ksyms=1 ksym0=0xffffffffc040234c ksym1=0x0
[385.863118 pid=6620 tid=6628] BPF_MAP_UPDATE_ELEM prog_array name=sys_enter_init_ map_fd=10 map_id=360 key=35 prog_fd=78 prog_id=198 flags=0 ret=0 errno=0
[385.863204 pid=6620 tid=6628] native-loader jit-info prog_array-target fd=78 id=198 type=17 name=sys_enter_init tag=39f0608a879c1a34 jited_len=2062 xlated_len=3504 nr_jited_ksyms=1 ksym0=0xffffffffc040234c ksym1=0x0
[385.863292 pid=6620 tid=6628] BPF_MAP_UPDATE_ELEM prog_array name=sys_enter_init_ map_fd=10 map_id=360 key=36 prog_fd=78 prog_id=198 flags=0 ret=0 errno=0
[385.863381 pid=6620 tid=6628] native-loader jit-info prog_array-target fd=78 id=198 type=17 name=sys_enter_init tag=39f0608a879c1a34 jited_len=2062 xlated_len=3504 nr_jited_ksyms=1 ksym0=0xffffffffc040234c ksym1=0x0
[385.863471 pid=6620 tid=6628] BPF_MAP_UPDATE_ELEM prog_array name=sys_enter_init_ map_fd=10 map_id=360 key=37 prog_fd=78 prog_id=198 flags=0 ret=0 errno=0
[385.863556 pid=6620 tid=6628] native-loader jit-info prog_array-target fd=78 id=198 type=17 name=sys_enter_init tag=39f0608a879c1a34 jited_len=2062 xlated_len=3504 nr_jited_ksyms=1 ksym0=0xffffffffc040234c ksym1=0x0
[385.863645 pid=6620 tid=6628] BPF_MAP_UPDATE_ELEM prog_array name=sys_enter_init_ map_fd=10 map_id=360 key=38 prog_fd=78 prog_id=198 flags=0 ret=0 errno=0
[385.863731 pid=6620 tid=6628] native-loader jit-info prog_array-target fd=78 id=198 type=17 name=sys_enter_init tag=39f0608a879c1a34 jited_len=2062 xlated_len=3504 nr_jited_ksyms=1 ksym0=0xffffffffc040234c ksym1=0x0
[385.863821 pid=6620 tid=6628] BPF_MAP_UPDATE_ELEM prog_array name=sys_enter_init_ map_fd=10 map_id=360 key=39 prog_fd=78 prog_id=198 flags=0 ret=0 errno=0
[385.863906 pid=6620 tid=6628] native-loader jit-info prog_array-target fd=78 id=198 type=17 name=sys_enter_init tag=39f0608a879c1a34 jited_len=2062 xlated_len=3504 nr_jited_ksyms=1 ksym0=0xffffffffc040234c ksym1=0x0
[385.863996 pid=6620 tid=6628] BPF_MAP_UPDATE_ELEM prog_array name=sys_enter_init_ map_fd=10 map_id=360 key=40 prog_fd=78 prog_id=198 flags=0 ret=0 errno=0
[385.864081 pid=6620 tid=6628] native-loader jit-info prog_array-target fd=78 id=198 type=17 name=sys_enter_init tag=39f0608a879c1a34 jited_len=2062 xlated_len=3504 nr_jited_ksyms=1 ksym0=0xffffffffc040234c ksym1=0x0
[385.864171 pid=6620 tid=6628] BPF_MAP_UPDATE_ELEM prog_array name=sys_enter_init_ map_fd=10 map_id=360 key=41 prog_fd=78 prog_id=198 flags=0 ret=0 errno=0
[385.864257 pid=6620 tid=6628] native-loader jit-info prog_array-target fd=78 id=198 type=17 name=sys_enter_init tag=39f0608a879c1a34 jited_len=2062 xlated_len=3504 nr_jited_ksyms=1 ksym0=0xffffffffc040234c ksym1=0x0
[385.864346 pid=6620 tid=6628] BPF_MAP_UPDATE_ELEM prog_array name=sys_enter_init_ map_fd=10 map_id=360 key=42 prog_fd=78 prog_id=198 flags=0 ret=0 errno=0
[385.864434 pid=6620 tid=6628] native-loader jit-info prog_array-target fd=78 id=198 type=17 name=sys_enter_init tag=39f0608a879c1a34 jited_len=2062 xlated_len=3504 nr_jited_ksyms=1 ksym0=0xffffffffc040234c ksym1=0x0
[385.864524 pid=6620 tid=6628] BPF_MAP_UPDATE_ELEM prog_array name=sys_enter_init_ map_fd=10 map_id=360 key=43 prog_fd=78 prog_id=198 flags=0 ret=0 errno=0
[385.864609 pid=6620 tid=6628] native-loader jit-info prog_array-target fd=78 id=198 type=17 name=sys_enter_init tag=39f0608a879c1a34 jited_len=2062 xlated_len=3504 nr_jited_ksyms=1 ksym0=0xffffffffc040234c ksym1=0x0
[385.864699 pid=6620 tid=6628] BPF_MAP_UPDATE_ELEM prog_array name=sys_enter_init_ map_fd=10 map_id=360 key=44 prog_fd=78 prog_id=198 flags=0 ret=0 errno=0
[385.864784 pid=6620 tid=6628] native-loader jit-info prog_array-target fd=78 id=198 type=17 name=sys_enter_init tag=39f0608a879c1a34 jited_len=2062 xlated_len=3504 nr_jited_ksyms=1 ksym0=0xffffffffc040234c ksym1=0x0
[385.864873 pid=6620 tid=6628] BPF_MAP_UPDATE_ELEM prog_array name=sys_enter_init_ map_fd=10 map_id=360 key=45 prog_fd=78 prog_id=198 flags=0 ret=0 errno=0
[385.864959 pid=6620 tid=6628] native-loader jit-info prog_array-target fd=78 id=198 type=17 name=sys_enter_init tag=39f0608a879c1a34 jited_len=2062 xlated_len=3504 nr_jited_ksyms=1 ksym0=0xffffffffc040234c ksym1=0x0
[385.865048 pid=6620 tid=6628] BPF_MAP_UPDATE_ELEM prog_array name=sys_enter_init_ map_fd=10 map_id=360 key=46 prog_fd=78 prog_id=198 flags=0 ret=0 errno=0
[385.865135 pid=6620 tid=6628] native-loader jit-info prog_array-target fd=78 id=198 type=17 name=sys_enter_init tag=39f0608a879c1a34 jited_len=2062 xlated_len=3504 nr_jited_ksyms=1 ksym0=0xffffffffc040234c ksym1=0x0
[385.865224 pid=6620 tid=6628] BPF_MAP_UPDATE_ELEM prog_array name=sys_enter_init_ map_fd=10 map_id=360 key=47 prog_fd=78 prog_id=198 flags=0 ret=0 errno=0
[385.865311 pid=6620 tid=6628] native-loader jit-info prog_array-target fd=78 id=198 type=17 name=sys_enter_init tag=39f0608a879c1a34 jited_len=2062 xlated_len=3504 nr_jited_ksyms=1 ksym0=0xffffffffc040234c ksym1=0x0
[385.865403 pid=6620 tid=6628] BPF_MAP_UPDATE_ELEM prog_array name=sys_enter_init_ map_fd=10 map_id=360 key=48 prog_fd=78 prog_id=198 flags=0 ret=0 errno=0
[385.865489 pid=6620 tid=6628] native-loader jit-info prog_array-target fd=78 id=198 type=17 name=sys_enter_init tag=39f0608a879c1a34 jited_len=2062 xlated_len=3504 nr_jited_ksyms=1 ksym0=0xffffffffc040234c ksym1=0x0
[385.865578 pid=6620 tid=6628] BPF_MAP_UPDATE_ELEM prog_array name=sys_enter_init_ map_fd=10 map_id=360 key=49 prog_fd=78 prog_id=198 flags=0 ret=0 errno=0
[385.865663 pid=6620 tid=6628] native-loader jit-info prog_array-target fd=78 id=198 type=17 name=sys_enter_init tag=39f0608a879c1a34 jited_len=2062 xlated_len=3504 nr_jited_ksyms=1 ksym0=0xffffffffc040234c ksym1=0x0
[385.865753 pid=6620 tid=6628] BPF_MAP_UPDATE_ELEM prog_array name=sys_enter_init_ map_fd=10 map_id=360 key=50 prog_fd=78 prog_id=198 flags=0 ret=0 errno=0
[385.865839 pid=6620 tid=6628] native-loader jit-info prog_array-target fd=78 id=198 type=17 name=sys_enter_init tag=39f0608a879c1a34 jited_len=2062 xlated_len=3504 nr_jited_ksyms=1 ksym0=0xffffffffc040234c ksym1=0x0
[385.865929 pid=6620 tid=6628] BPF_MAP_UPDATE_ELEM prog_array name=sys_enter_init_ map_fd=10 map_id=360 key=51 prog_fd=78 prog_id=198 flags=0 ret=0 errno=0
[385.866014 pid=6620 tid=6628] native-loader jit-info prog_array-target fd=78 id=198 type=17 name=sys_enter_init tag=39f0608a879c1a34 jited_len=2062 xlated_len=3504 nr_jited_ksyms=1 ksym0=0xffffffffc040234c ksym1=0x0
[385.866103 pid=6620 tid=6628] BPF_MAP_UPDATE_ELEM prog_array name=sys_enter_init_ map_fd=10 map_id=360 key=52 prog_fd=78 prog_id=198 flags=0 ret=0 errno=0
[385.866188 pid=6620 tid=6628] native-loader jit-info prog_array-target fd=78 id=198 type=17 name=sys_enter_init tag=39f0608a879c1a34 jited_len=2062 xlated_len=3504 nr_jited_ksyms=1 ksym0=0xffffffffc040234c ksym1=0x0
[385.866278 pid=6620 tid=6628] BPF_MAP_UPDATE_ELEM prog_array name=sys_enter_init_ map_fd=10 map_id=360 key=53 prog_fd=78 prog_id=198 flags=0 ret=0 errno=0
[385.866364 pid=6620 tid=6628] native-loader jit-info prog_array-target fd=78 id=198 type=17 name=sys_enter_init tag=39f0608a879c1a34 jited_len=2062 xlated_len=3504 nr_jited_ksyms=1 ksym0=0xffffffffc040234c ksym1=0x0
[385.866454 pid=6620 tid=6628] BPF_MAP_UPDATE_ELEM prog_array name=sys_enter_init_ map_fd=10 map_id=360 key=54 prog_fd=78 prog_id=198 flags=0 ret=0 errno=0
[385.866540 pid=6620 tid=6628] native-loader jit-info prog_array-target fd=78 id=198 type=17 name=sys_enter_init tag=39f0608a879c1a34 jited_len=2062 xlated_len=3504 nr_jited_ksyms=1 ksym0=0xffffffffc040234c ksym1=0x0
[385.866628 pid=6620 tid=6628] BPF_MAP_UPDATE_ELEM prog_array name=sys_enter_init_ map_fd=10 map_id=360 key=55 prog_fd=78 prog_id=198 flags=0 ret=0 errno=0
[385.866714 pid=6620 tid=6628] native-loader jit-info prog_array-target fd=78 id=198 type=17 name=sys_enter_init tag=39f0608a879c1a34 jited_len=2062 xlated_len=3504 nr_jited_ksyms=1 ksym0=0xffffffffc040234c ksym1=0x0
[385.866803 pid=6620 tid=6628] BPF_MAP_UPDATE_ELEM prog_array name=sys_enter_init_ map_fd=10 map_id=360 key=56 prog_fd=78 prog_id=198 flags=0 ret=0 errno=0
[385.866889 pid=6620 tid=6628] native-loader jit-info prog_array-target fd=78 id=198 type=17 name=sys_enter_init tag=39f0608a879c1a34 jited_len=2062 xlated_len=3504 nr_jited_ksyms=1 ksym0=0xffffffffc040234c ksym1=0x0
[385.866979 pid=6620 tid=6628] BPF_MAP_UPDATE_ELEM prog_array name=sys_enter_init_ map_fd=10 map_id=360 key=57 prog_fd=78 prog_id=198 flags=0 ret=0 errno=0
[385.867064 pid=6620 tid=6628] native-loader jit-info prog_array-target fd=78 id=198 type=17 name=sys_enter_init tag=39f0608a879c1a34 jited_len=2062 xlated_len=3504 nr_jited_ksyms=1 ksym0=0xffffffffc040234c ksym1=0x0
[385.867153 pid=6620 tid=6628] BPF_MAP_UPDATE_ELEM prog_array name=sys_enter_init_ map_fd=10 map_id=360 key=58 prog_fd=78 prog_id=198 flags=0 ret=0 errno=0
[385.867239 pid=6620 tid=6628] native-loader jit-info prog_array-target fd=78 id=198 type=17 name=sys_enter_init tag=39f0608a879c1a34 jited_len=2062 xlated_len=3504 nr_jited_ksyms=1 ksym0=0xffffffffc040234c ksym1=0x0
[385.867327 pid=6620 tid=6628] BPF_MAP_UPDATE_ELEM prog_array name=sys_enter_init_ map_fd=10 map_id=360 key=59 prog_fd=78 prog_id=198 flags=0 ret=0 errno=0
[385.867415 pid=6620 tid=6628] native-loader jit-info prog_array-target fd=78 id=198 type=17 name=sys_enter_init tag=39f0608a879c1a34 jited_len=2062 xlated_len=3504 nr_jited_ksyms=1 ksym0=0xffffffffc040234c ksym1=0x0
[385.867505 pid=6620 tid=6628] BPF_MAP_UPDATE_ELEM prog_array name=sys_enter_init_ map_fd=10 map_id=360 key=60 prog_fd=78 prog_id=198 flags=0 ret=0 errno=0
[385.867590 pid=6620 tid=6628] native-loader jit-info prog_array-target fd=78 id=198 type=17 name=sys_enter_init tag=39f0608a879c1a34 jited_len=2062 xlated_len=3504 nr_jited_ksyms=1 ksym0=0xffffffffc040234c ksym1=0x0
[385.867680 pid=6620 tid=6628] BPF_MAP_UPDATE_ELEM prog_array name=sys_enter_init_ map_fd=10 map_id=360 key=61 prog_fd=78 prog_id=198 flags=0 ret=0 errno=0
[385.867765 pid=6620 tid=6628] native-loader jit-info prog_array-target fd=78 id=198 type=17 name=sys_enter_init tag=39f0608a879c1a34 jited_len=2062 xlated_len=3504 nr_jited_ksyms=1 ksym0=0xffffffffc040234c ksym1=0x0
[385.867855 pid=6620 tid=6628] BPF_MAP_UPDATE_ELEM prog_array name=sys_enter_init_ map_fd=10 map_id=360 key=62 prog_fd=78 prog_id=198 flags=0 ret=0 errno=0
[385.867941 pid=6620 tid=6628] native-loader jit-info prog_array-target fd=78 id=198 type=17 name=sys_enter_init tag=39f0608a879c1a34 jited_len=2062 xlated_len=3504 nr_jited_ksyms=1 ksym0=0xffffffffc040234c ksym1=0x0
[385.868029 pid=6620 tid=6628] BPF_MAP_UPDATE_ELEM prog_array name=sys_enter_init_ map_fd=10 map_id=360 key=63 prog_fd=78 prog_id=198 flags=0 ret=0 errno=0
[385.868115 pid=6620 tid=6628] native-loader jit-info prog_array-target fd=78 id=198 type=17 name=sys_enter_init tag=39f0608a879c1a34 jited_len=2062 xlated_len=3504 nr_jited_ksyms=1 ksym0=0xffffffffc040234c ksym1=0x0
[385.868204 pid=6620 tid=6628] BPF_MAP_UPDATE_ELEM prog_array name=sys_enter_init_ map_fd=10 map_id=360 key=64 prog_fd=78 prog_id=198 flags=0 ret=0 errno=0
[385.868262 pid=6620 tid=6628] native-loader jit-info prog_array-target fd=78 id=198 type=17 name=sys_enter_init tag=39f0608a879c1a34 jited_len=2062 xlated_len=3504 nr_jited_ksyms=1 ksym0=0xffffffffc040234c ksym1=0x0
[385.868351 pid=6620 tid=6628] BPF_MAP_UPDATE_ELEM prog_array name=sys_enter_init_ map_fd=10 map_id=360 key=65 prog_fd=78 prog_id=198 flags=0 ret=0 errno=0
[385.868440 pid=6620 tid=6628] native-loader jit-info prog_array-target fd=78 id=198 type=17 name=sys_enter_init tag=39f0608a879c1a34 jited_len=2062 xlated_len=3504 nr_jited_ksyms=1 ksym0=0xffffffffc040234c ksym1=0x0
[385.868529 pid=6620 tid=6628] BPF_MAP_UPDATE_ELEM prog_array name=sys_enter_init_ map_fd=10 map_id=360 key=66 prog_fd=78 prog_id=198 flags=0 ret=0 errno=0
[385.868616 pid=6620 tid=6628] native-loader jit-info prog_array-target fd=78 id=198 type=17 name=sys_enter_init tag=39f0608a879c1a34 jited_len=2062 xlated_len=3504 nr_jited_ksyms=1 ksym0=0xffffffffc040234c ksym1=0x0
[385.868705 pid=6620 tid=6628] BPF_MAP_UPDATE_ELEM prog_array name=sys_enter_init_ map_fd=10 map_id=360 key=67 prog_fd=78 prog_id=198 flags=0 ret=0 errno=0
[385.868791 pid=6620 tid=6628] native-loader jit-info prog_array-target fd=78 id=198 type=17 name=sys_enter_init tag=39f0608a879c1a34 jited_len=2062 xlated_len=3504 nr_jited_ksyms=1 ksym0=0xffffffffc040234c ksym1=0x0
[385.868881 pid=6620 tid=6628] BPF_MAP_UPDATE_ELEM prog_array name=sys_enter_init_ map_fd=10 map_id=360 key=68 prog_fd=78 prog_id=198 flags=0 ret=0 errno=0
[385.868967 pid=6620 tid=6628] native-loader jit-info prog_array-target fd=78 id=198 type=17 name=sys_enter_init tag=39f0608a879c1a34 jited_len=2062 xlated_len=3504 nr_jited_ksyms=1 ksym0=0xffffffffc040234c ksym1=0x0
[385.869056 pid=6620 tid=6628] BPF_MAP_UPDATE_ELEM prog_array name=sys_enter_init_ map_fd=10 map_id=360 key=69 prog_fd=78 prog_id=198 flags=0 ret=0 errno=0
[385.869113 pid=6620 tid=6628] native-loader jit-info prog_array-target fd=78 id=198 type=17 name=sys_enter_init tag=39f0608a879c1a34 jited_len=2062 xlated_len=3504 nr_jited_ksyms=1 ksym0=0xffffffffc040234c ksym1=0x0
[385.869203 pid=6620 tid=6628] BPF_MAP_UPDATE_ELEM prog_array name=sys_enter_init_ map_fd=10 map_id=360 key=70 prog_fd=78 prog_id=198 flags=0 ret=0 errno=0
[385.869290 pid=6620 tid=6628] native-loader jit-info prog_array-target fd=78 id=198 type=17 name=sys_enter_init tag=39f0608a879c1a34 jited_len=2062 xlated_len=3504 nr_jited_ksyms=1 ksym0=0xffffffffc040234c ksym1=0x0
[385.869381 pid=6620 tid=6628] BPF_MAP_UPDATE_ELEM prog_array name=sys_enter_init_ map_fd=10 map_id=360 key=71 prog_fd=78 prog_id=198 flags=0 ret=0 errno=0
[385.869467 pid=6620 tid=6628] native-loader jit-info prog_array-target fd=78 id=198 type=17 name=sys_enter_init tag=39f0608a879c1a34 jited_len=2062 xlated_len=3504 nr_jited_ksyms=1 ksym0=0xffffffffc040234c ksym1=0x0
[385.869556 pid=6620 tid=6628] BPF_MAP_UPDATE_ELEM prog_array name=sys_enter_init_ map_fd=10 map_id=360 key=72 prog_fd=78 prog_id=198 flags=0 ret=0 errno=0
[385.869642 pid=6620 tid=6628] native-loader jit-info prog_array-target fd=78 id=198 type=17 name=sys_enter_init tag=39f0608a879c1a34 jited_len=2062 xlated_len=3504 nr_jited_ksyms=1 ksym0=0xffffffffc040234c ksym1=0x0
[385.869731 pid=6620 tid=6628] BPF_MAP_UPDATE_ELEM prog_array name=sys_enter_init_ map_fd=10 map_id=360 key=73 prog_fd=78 prog_id=198 flags=0 ret=0 errno=0
[385.869817 pid=6620 tid=6628] native-loader jit-info prog_array-target fd=78 id=198 type=17 name=sys_enter_init tag=39f0608a879c1a34 jited_len=2062 xlated_len=3504 nr_jited_ksyms=1 ksym0=0xffffffffc040234c ksym1=0x0
[385.869906 pid=6620 tid=6628] BPF_MAP_UPDATE_ELEM prog_array name=sys_enter_init_ map_fd=10 map_id=360 key=74 prog_fd=78 prog_id=198 flags=0 ret=0 errno=0
[385.869992 pid=6620 tid=6628] native-loader jit-info prog_array-target fd=78 id=198 type=17 name=sys_enter_init tag=39f0608a879c1a34 jited_len=2062 xlated_len=3504 nr_jited_ksyms=1 ksym0=0xffffffffc040234c ksym1=0x0
[385.870082 pid=6620 tid=6628] BPF_MAP_UPDATE_ELEM prog_array name=sys_enter_init_ map_fd=10 map_id=360 key=75 prog_fd=78 prog_id=198 flags=0 ret=0 errno=0
[385.870167 pid=6620 tid=6628] native-loader jit-info prog_array-target fd=78 id=198 type=17 name=sys_enter_init tag=39f0608a879c1a34 jited_len=2062 xlated_len=3504 nr_jited_ksyms=1 ksym0=0xffffffffc040234c ksym1=0x0
[385.870258 pid=6620 tid=6628] BPF_MAP_UPDATE_ELEM prog_array name=sys_enter_init_ map_fd=10 map_id=360 key=76 prog_fd=78 prog_id=198 flags=0 ret=0 errno=0
[385.870343 pid=6620 tid=6628] native-loader jit-info prog_array-target fd=78 id=198 type=17 name=sys_enter_init tag=39f0608a879c1a34 jited_len=2062 xlated_len=3504 nr_jited_ksyms=1 ksym0=0xffffffffc040234c ksym1=0x0
[385.870438 pid=6620 tid=6628] BPF_MAP_UPDATE_ELEM prog_array name=sys_enter_init_ map_fd=10 map_id=360 key=77 prog_fd=78 prog_id=198 flags=0 ret=0 errno=0
[385.870523 pid=6620 tid=6628] native-loader jit-info prog_array-target fd=78 id=198 type=17 name=sys_enter_init tag=39f0608a879c1a34 jited_len=2062 xlated_len=3504 nr_jited_ksyms=1 ksym0=0xffffffffc040234c ksym1=0x0
[385.870613 pid=6620 tid=6628] BPF_MAP_UPDATE_ELEM prog_array name=sys_enter_init_ map_fd=10 map_id=360 key=78 prog_fd=78 prog_id=198 flags=0 ret=0 errno=0
[385.870698 pid=6620 tid=6628] native-loader jit-info prog_array-target fd=78 id=198 type=17 name=sys_enter_init tag=39f0608a879c1a34 jited_len=2062 xlated_len=3504 nr_jited_ksyms=1 ksym0=0xffffffffc040234c ksym1=0x0
[385.870787 pid=6620 tid=6628] BPF_MAP_UPDATE_ELEM prog_array name=sys_enter_init_ map_fd=10 map_id=360 key=79 prog_fd=78 prog_id=198 flags=0 ret=0 errno=0
[385.870874 pid=6620 tid=6628] native-loader jit-info prog_array-target fd=78 id=198 type=17 name=sys_enter_init tag=39f0608a879c1a34 jited_len=2062 xlated_len=3504 nr_jited_ksyms=1 ksym0=0xffffffffc040234c ksym1=0x0
[385.870964 pid=6620 tid=6628] BPF_MAP_UPDATE_ELEM prog_array name=sys_enter_init_ map_fd=10 map_id=360 key=80 prog_fd=78 prog_id=198 flags=0 ret=0 errno=0
[385.871050 pid=6620 tid=6628] native-loader jit-info prog_array-target fd=78 id=198 type=17 name=sys_enter_init tag=39f0608a879c1a34 jited_len=2062 xlated_len=3504 nr_jited_ksyms=1 ksym0=0xffffffffc040234c ksym1=0x0
[385.871139 pid=6620 tid=6628] BPF_MAP_UPDATE_ELEM prog_array name=sys_enter_init_ map_fd=10 map_id=360 key=81 prog_fd=78 prog_id=198 flags=0 ret=0 errno=0
[385.871224 pid=6620 tid=6628] native-loader jit-info prog_array-target fd=78 id=198 type=17 name=sys_enter_init tag=39f0608a879c1a34 jited_len=2062 xlated_len=3504 nr_jited_ksyms=1 ksym0=0xffffffffc040234c ksym1=0x0
[385.871314 pid=6620 tid=6628] BPF_MAP_UPDATE_ELEM prog_array name=sys_enter_init_ map_fd=10 map_id=360 key=82 prog_fd=78 prog_id=198 flags=0 ret=0 errno=0
[385.871403 pid=6620 tid=6628] native-loader jit-info prog_array-target fd=78 id=198 type=17 name=sys_enter_init tag=39f0608a879c1a34 jited_len=2062 xlated_len=3504 nr_jited_ksyms=1 ksym0=0xffffffffc040234c ksym1=0x0
[385.871493 pid=6620 tid=6628] BPF_MAP_UPDATE_ELEM prog_array name=sys_enter_init_ map_fd=10 map_id=360 key=83 prog_fd=78 prog_id=198 flags=0 ret=0 errno=0
[385.871579 pid=6620 tid=6628] native-loader jit-info prog_array-target fd=78 id=198 type=17 name=sys_enter_init tag=39f0608a879c1a34 jited_len=2062 xlated_len=3504 nr_jited_ksyms=1 ksym0=0xffffffffc040234c ksym1=0x0
[385.871669 pid=6620 tid=6628] BPF_MAP_UPDATE_ELEM prog_array name=sys_enter_init_ map_fd=10 map_id=360 key=84 prog_fd=78 prog_id=198 flags=0 ret=0 errno=0
[385.871754 pid=6620 tid=6628] native-loader jit-info prog_array-target fd=78 id=198 type=17 name=sys_enter_init tag=39f0608a879c1a34 jited_len=2062 xlated_len=3504 nr_jited_ksyms=1 ksym0=0xffffffffc040234c ksym1=0x0
[385.871844 pid=6620 tid=6628] BPF_MAP_UPDATE_ELEM prog_array name=sys_enter_init_ map_fd=10 map_id=360 key=85 prog_fd=78 prog_id=198 flags=0 ret=0 errno=0
[385.871928 pid=6620 tid=6628] native-loader jit-info prog_array-target fd=78 id=198 type=17 name=sys_enter_init tag=39f0608a879c1a34 jited_len=2062 xlated_len=3504 nr_jited_ksyms=1 ksym0=0xffffffffc040234c ksym1=0x0
[385.872018 pid=6620 tid=6628] BPF_MAP_UPDATE_ELEM prog_array name=sys_enter_init_ map_fd=10 map_id=360 key=86 prog_fd=78 prog_id=198 flags=0 ret=0 errno=0
[385.872103 pid=6620 tid=6628] native-loader jit-info prog_array-target fd=78 id=198 type=17 name=sys_enter_init tag=39f0608a879c1a34 jited_len=2062 xlated_len=3504 nr_jited_ksyms=1 ksym0=0xffffffffc040234c ksym1=0x0
[385.872193 pid=6620 tid=6628] BPF_MAP_UPDATE_ELEM prog_array name=sys_enter_init_ map_fd=10 map_id=360 key=87 prog_fd=78 prog_id=198 flags=0 ret=0 errno=0
[385.872279 pid=6620 tid=6628] native-loader jit-info prog_array-target fd=78 id=198 type=17 name=sys_enter_init tag=39f0608a879c1a34 jited_len=2062 xlated_len=3504 nr_jited_ksyms=1 ksym0=0xffffffffc040234c ksym1=0x0
[385.872370 pid=6620 tid=6628] BPF_MAP_UPDATE_ELEM prog_array name=sys_enter_init_ map_fd=10 map_id=360 key=88 prog_fd=78 prog_id=198 flags=0 ret=0 errno=0
[385.872456 pid=6620 tid=6628] native-loader jit-info prog_array-target fd=78 id=198 type=17 name=sys_enter_init tag=39f0608a879c1a34 jited_len=2062 xlated_len=3504 nr_jited_ksyms=1 ksym0=0xffffffffc040234c ksym1=0x0
[385.872546 pid=6620 tid=6628] BPF_MAP_UPDATE_ELEM prog_array name=sys_enter_init_ map_fd=10 map_id=360 key=89 prog_fd=78 prog_id=198 flags=0 ret=0 errno=0
[385.872632 pid=6620 tid=6628] native-loader jit-info prog_array-target fd=78 id=198 type=17 name=sys_enter_init tag=39f0608a879c1a34 jited_len=2062 xlated_len=3504 nr_jited_ksyms=1 ksym0=0xffffffffc040234c ksym1=0x0
[385.872719 pid=6620 tid=6628] BPF_MAP_UPDATE_ELEM prog_array name=sys_enter_init_ map_fd=10 map_id=360 key=90 prog_fd=78 prog_id=198 flags=0 ret=0 errno=0
[385.872806 pid=6620 tid=6628] native-loader jit-info prog_array-target fd=78 id=198 type=17 name=sys_enter_init tag=39f0608a879c1a34 jited_len=2062 xlated_len=3504 nr_jited_ksyms=1 ksym0=0xffffffffc040234c ksym1=0x0
[385.872895 pid=6620 tid=6628] BPF_MAP_UPDATE_ELEM prog_array name=sys_enter_init_ map_fd=10 map_id=360 key=91 prog_fd=78 prog_id=198 flags=0 ret=0 errno=0
[385.872981 pid=6620 tid=6628] native-loader jit-info prog_array-target fd=78 id=198 type=17 name=sys_enter_init tag=39f0608a879c1a34 jited_len=2062 xlated_len=3504 nr_jited_ksyms=1 ksym0=0xffffffffc040234c ksym1=0x0
[385.873070 pid=6620 tid=6628] BPF_MAP_UPDATE_ELEM prog_array name=sys_enter_init_ map_fd=10 map_id=360 key=92 prog_fd=78 prog_id=198 flags=0 ret=0 errno=0
[385.873155 pid=6620 tid=6628] native-loader jit-info prog_array-target fd=78 id=198 type=17 name=sys_enter_init tag=39f0608a879c1a34 jited_len=2062 xlated_len=3504 nr_jited_ksyms=1 ksym0=0xffffffffc040234c ksym1=0x0
[385.873244 pid=6620 tid=6628] BPF_MAP_UPDATE_ELEM prog_array name=sys_enter_init_ map_fd=10 map_id=360 key=93 prog_fd=78 prog_id=198 flags=0 ret=0 errno=0
[385.873330 pid=6620 tid=6628] native-loader jit-info prog_array-target fd=78 id=198 type=17 name=sys_enter_init tag=39f0608a879c1a34 jited_len=2062 xlated_len=3504 nr_jited_ksyms=1 ksym0=0xffffffffc040234c ksym1=0x0
[385.873421 pid=6620 tid=6628] BPF_MAP_UPDATE_ELEM prog_array name=sys_enter_init_ map_fd=10 map_id=360 key=94 prog_fd=78 prog_id=198 flags=0 ret=0 errno=0
[385.873506 pid=6620 tid=6628] native-loader jit-info prog_array-target fd=78 id=198 type=17 name=sys_enter_init tag=39f0608a879c1a34 jited_len=2062 xlated_len=3504 nr_jited_ksyms=1 ksym0=0xffffffffc040234c ksym1=0x0
[385.873595 pid=6620 tid=6628] BPF_MAP_UPDATE_ELEM prog_array name=sys_enter_init_ map_fd=10 map_id=360 key=95 prog_fd=78 prog_id=198 flags=0 ret=0 errno=0
[385.873681 pid=6620 tid=6628] native-loader jit-info prog_array-target fd=78 id=198 type=17 name=sys_enter_init tag=39f0608a879c1a34 jited_len=2062 xlated_len=3504 nr_jited_ksyms=1 ksym0=0xffffffffc040234c ksym1=0x0
[385.873770 pid=6620 tid=6628] BPF_MAP_UPDATE_ELEM prog_array name=sys_enter_init_ map_fd=10 map_id=360 key=96 prog_fd=78 prog_id=198 flags=0 ret=0 errno=0
[385.873856 pid=6620 tid=6628] native-loader jit-info prog_array-target fd=78 id=198 type=17 name=sys_enter_init tag=39f0608a879c1a34 jited_len=2062 xlated_len=3504 nr_jited_ksyms=1 ksym0=0xffffffffc040234c ksym1=0x0
[385.873944 pid=6620 tid=6628] BPF_MAP_UPDATE_ELEM prog_array name=sys_enter_init_ map_fd=10 map_id=360 key=97 prog_fd=78 prog_id=198 flags=0 ret=0 errno=0
[385.874030 pid=6620 tid=6628] native-loader jit-info prog_array-target fd=78 id=198 type=17 name=sys_enter_init tag=39f0608a879c1a34 jited_len=2062 xlated_len=3504 nr_jited_ksyms=1 ksym0=0xffffffffc040234c ksym1=0x0
[385.874092 pid=6620 tid=6628] BPF_MAP_UPDATE_ELEM prog_array name=sys_enter_init_ map_fd=10 map_id=360 key=98 prog_fd=78 prog_id=198 flags=0 ret=0 errno=0
[385.874177 pid=6620 tid=6628] native-loader jit-info prog_array-target fd=78 id=198 type=17 name=sys_enter_init tag=39f0608a879c1a34 jited_len=2062 xlated_len=3504 nr_jited_ksyms=1 ksym0=0xffffffffc040234c ksym1=0x0
[385.874266 pid=6620 tid=6628] BPF_MAP_UPDATE_ELEM prog_array name=sys_enter_init_ map_fd=10 map_id=360 key=99 prog_fd=78 prog_id=198 flags=0 ret=0 errno=0
[385.874352 pid=6620 tid=6628] native-loader jit-info prog_array-target fd=78 id=198 type=17 name=sys_enter_init tag=39f0608a879c1a34 jited_len=2062 xlated_len=3504 nr_jited_ksyms=1 ksym0=0xffffffffc040234c ksym1=0x0
[385.874445 pid=6620 tid=6628] BPF_MAP_UPDATE_ELEM prog_array name=sys_enter_init_ map_fd=10 map_id=360 key=100 prog_fd=78 prog_id=198 flags=0 ret=0 errno=0
[385.874530 pid=6620 tid=6628] native-loader jit-info prog_array-target fd=78 id=198 type=17 name=sys_enter_init tag=39f0608a879c1a34 jited_len=2062 xlated_len=3504 nr_jited_ksyms=1 ksym0=0xffffffffc040234c ksym1=0x0
[385.874619 pid=6620 tid=6628] BPF_MAP_UPDATE_ELEM prog_array name=sys_enter_init_ map_fd=10 map_id=360 key=102 prog_fd=78 prog_id=198 flags=0 ret=0 errno=0
[385.874705 pid=6620 tid=6628] native-loader jit-info prog_array-target fd=78 id=198 type=17 name=sys_enter_init tag=39f0608a879c1a34 jited_len=2062 xlated_len=3504 nr_jited_ksyms=1 ksym0=0xffffffffc040234c ksym1=0x0
[385.874794 pid=6620 tid=6628] BPF_MAP_UPDATE_ELEM prog_array name=sys_enter_init_ map_fd=10 map_id=360 key=103 prog_fd=78 prog_id=198 flags=0 ret=0 errno=0
[385.874880 pid=6620 tid=6628] native-loader jit-info prog_array-target fd=78 id=198 type=17 name=sys_enter_init tag=39f0608a879c1a34 jited_len=2062 xlated_len=3504 nr_jited_ksyms=1 ksym0=0xffffffffc040234c ksym1=0x0
[385.874969 pid=6620 tid=6628] BPF_MAP_UPDATE_ELEM prog_array name=sys_enter_init_ map_fd=10 map_id=360 key=104 prog_fd=78 prog_id=198 flags=0 ret=0 errno=0
[385.875055 pid=6620 tid=6628] native-loader jit-info prog_array-target fd=78 id=198 type=17 name=sys_enter_init tag=39f0608a879c1a34 jited_len=2062 xlated_len=3504 nr_jited_ksyms=1 ksym0=0xffffffffc040234c ksym1=0x0
[385.875144 pid=6620 tid=6628] BPF_MAP_UPDATE_ELEM prog_array name=sys_enter_init_ map_fd=10 map_id=360 key=105 prog_fd=78 prog_id=198 flags=0 ret=0 errno=0
[385.875230 pid=6620 tid=6628] native-loader jit-info prog_array-target fd=78 id=198 type=17 name=sys_enter_init tag=39f0608a879c1a34 jited_len=2062 xlated_len=3504 nr_jited_ksyms=1 ksym0=0xffffffffc040234c ksym1=0x0
[385.875319 pid=6620 tid=6628] BPF_MAP_UPDATE_ELEM prog_array name=sys_enter_init_ map_fd=10 map_id=360 key=106 prog_fd=78 prog_id=198 flags=0 ret=0 errno=0
[385.875378 pid=6620 tid=6628] native-loader jit-info prog_array-target fd=78 id=198 type=17 name=sys_enter_init tag=39f0608a879c1a34 jited_len=2062 xlated_len=3504 nr_jited_ksyms=1 ksym0=0xffffffffc040234c ksym1=0x0
[385.875467 pid=6620 tid=6628] BPF_MAP_UPDATE_ELEM prog_array name=sys_enter_init_ map_fd=10 map_id=360 key=107 prog_fd=78 prog_id=198 flags=0 ret=0 errno=0
[385.875554 pid=6620 tid=6628] native-loader jit-info prog_array-target fd=78 id=198 type=17 name=sys_enter_init tag=39f0608a879c1a34 jited_len=2062 xlated_len=3504 nr_jited_ksyms=1 ksym0=0xffffffffc040234c ksym1=0x0
[385.875643 pid=6620 tid=6628] BPF_MAP_UPDATE_ELEM prog_array name=sys_enter_init_ map_fd=10 map_id=360 key=108 prog_fd=78 prog_id=198 flags=0 ret=0 errno=0
[385.875729 pid=6620 tid=6628] native-loader jit-info prog_array-target fd=78 id=198 type=17 name=sys_enter_init tag=39f0608a879c1a34 jited_len=2062 xlated_len=3504 nr_jited_ksyms=1 ksym0=0xffffffffc040234c ksym1=0x0
[385.875818 pid=6620 tid=6628] BPF_MAP_UPDATE_ELEM prog_array name=sys_enter_init_ map_fd=10 map_id=360 key=109 prog_fd=78 prog_id=198 flags=0 ret=0 errno=0
[385.875905 pid=6620 tid=6628] native-loader jit-info prog_array-target fd=78 id=198 type=17 name=sys_enter_init tag=39f0608a879c1a34 jited_len=2062 xlated_len=3504 nr_jited_ksyms=1 ksym0=0xffffffffc040234c ksym1=0x0
[385.875994 pid=6620 tid=6628] BPF_MAP_UPDATE_ELEM prog_array name=sys_enter_init_ map_fd=10 map_id=360 key=110 prog_fd=78 prog_id=198 flags=0 ret=0 errno=0
[385.876080 pid=6620 tid=6628] native-loader jit-info prog_array-target fd=78 id=198 type=17 name=sys_enter_init tag=39f0608a879c1a34 jited_len=2062 xlated_len=3504 nr_jited_ksyms=1 ksym0=0xffffffffc040234c ksym1=0x0
[385.876170 pid=6620 tid=6628] BPF_MAP_UPDATE_ELEM prog_array name=sys_enter_init_ map_fd=10 map_id=360 key=111 prog_fd=78 prog_id=198 flags=0 ret=0 errno=0
[385.876255 pid=6620 tid=6628] native-loader jit-info prog_array-target fd=78 id=198 type=17 name=sys_enter_init tag=39f0608a879c1a34 jited_len=2062 xlated_len=3504 nr_jited_ksyms=1 ksym0=0xffffffffc040234c ksym1=0x0
[385.876345 pid=6620 tid=6628] BPF_MAP_UPDATE_ELEM prog_array name=sys_enter_init_ map_fd=10 map_id=360 key=112 prog_fd=78 prog_id=198 flags=0 ret=0 errno=0
[385.876433 pid=6620 tid=6628] native-loader jit-info prog_array-target fd=78 id=198 type=17 name=sys_enter_init tag=39f0608a879c1a34 jited_len=2062 xlated_len=3504 nr_jited_ksyms=1 ksym0=0xffffffffc040234c ksym1=0x0
[385.876522 pid=6620 tid=6628] BPF_MAP_UPDATE_ELEM prog_array name=sys_enter_init_ map_fd=10 map_id=360 key=113 prog_fd=78 prog_id=198 flags=0 ret=0 errno=0
[385.876607 pid=6620 tid=6628] native-loader jit-info prog_array-target fd=78 id=198 type=17 name=sys_enter_init tag=39f0608a879c1a34 jited_len=2062 xlated_len=3504 nr_jited_ksyms=1 ksym0=0xffffffffc040234c ksym1=0x0
[385.876697 pid=6620 tid=6628] BPF_MAP_UPDATE_ELEM prog_array name=sys_enter_init_ map_fd=10 map_id=360 key=114 prog_fd=78 prog_id=198 flags=0 ret=0 errno=0
[385.876782 pid=6620 tid=6628] native-loader jit-info prog_array-target fd=78 id=198 type=17 name=sys_enter_init tag=39f0608a879c1a34 jited_len=2062 xlated_len=3504 nr_jited_ksyms=1 ksym0=0xffffffffc040234c ksym1=0x0
[385.876871 pid=6620 tid=6628] BPF_MAP_UPDATE_ELEM prog_array name=sys_enter_init_ map_fd=10 map_id=360 key=115 prog_fd=78 prog_id=198 flags=0 ret=0 errno=0
[385.876957 pid=6620 tid=6628] native-loader jit-info prog_array-target fd=78 id=198 type=17 name=sys_enter_init tag=39f0608a879c1a34 jited_len=2062 xlated_len=3504 nr_jited_ksyms=1 ksym0=0xffffffffc040234c ksym1=0x0
[385.877046 pid=6620 tid=6628] BPF_MAP_UPDATE_ELEM prog_array name=sys_enter_init_ map_fd=10 map_id=360 key=116 prog_fd=78 prog_id=198 flags=0 ret=0 errno=0
[385.877104 pid=6620 tid=6628] native-loader jit-info prog_array-target fd=78 id=198 type=17 name=sys_enter_init tag=39f0608a879c1a34 jited_len=2062 xlated_len=3504 nr_jited_ksyms=1 ksym0=0xffffffffc040234c ksym1=0x0
[385.877192 pid=6620 tid=6628] BPF_MAP_UPDATE_ELEM prog_array name=sys_enter_init_ map_fd=10 map_id=360 key=117 prog_fd=78 prog_id=198 flags=0 ret=0 errno=0
[385.877278 pid=6620 tid=6628] native-loader jit-info prog_array-target fd=78 id=198 type=17 name=sys_enter_init tag=39f0608a879c1a34 jited_len=2062 xlated_len=3504 nr_jited_ksyms=1 ksym0=0xffffffffc040234c ksym1=0x0
[385.877370 pid=6620 tid=6628] BPF_MAP_UPDATE_ELEM prog_array name=sys_enter_init_ map_fd=10 map_id=360 key=118 prog_fd=78 prog_id=198 flags=0 ret=0 errno=0
[385.877455 pid=6620 tid=6628] native-loader jit-info prog_array-target fd=78 id=198 type=17 name=sys_enter_init tag=39f0608a879c1a34 jited_len=2062 xlated_len=3504 nr_jited_ksyms=1 ksym0=0xffffffffc040234c ksym1=0x0
[385.877544 pid=6620 tid=6628] BPF_MAP_UPDATE_ELEM prog_array name=sys_enter_init_ map_fd=10 map_id=360 key=119 prog_fd=78 prog_id=198 flags=0 ret=0 errno=0
[385.877629 pid=6620 tid=6628] native-loader jit-info prog_array-target fd=78 id=198 type=17 name=sys_enter_init tag=39f0608a879c1a34 jited_len=2062 xlated_len=3504 nr_jited_ksyms=1 ksym0=0xffffffffc040234c ksym1=0x0
[385.877719 pid=6620 tid=6628] BPF_MAP_UPDATE_ELEM prog_array name=sys_enter_init_ map_fd=10 map_id=360 key=120 prog_fd=78 prog_id=198 flags=0 ret=0 errno=0
[385.877806 pid=6620 tid=6628] native-loader jit-info prog_array-target fd=78 id=198 type=17 name=sys_enter_init tag=39f0608a879c1a34 jited_len=2062 xlated_len=3504 nr_jited_ksyms=1 ksym0=0xffffffffc040234c ksym1=0x0
[385.877896 pid=6620 tid=6628] BPF_MAP_UPDATE_ELEM prog_array name=sys_enter_init_ map_fd=10 map_id=360 key=121 prog_fd=78 prog_id=198 flags=0 ret=0 errno=0
[385.877983 pid=6620 tid=6628] native-loader jit-info prog_array-target fd=78 id=198 type=17 name=sys_enter_init tag=39f0608a879c1a34 jited_len=2062 xlated_len=3504 nr_jited_ksyms=1 ksym0=0xffffffffc040234c ksym1=0x0
[385.878072 pid=6620 tid=6628] BPF_MAP_UPDATE_ELEM prog_array name=sys_enter_init_ map_fd=10 map_id=360 key=122 prog_fd=78 prog_id=198 flags=0 ret=0 errno=0
[385.878156 pid=6620 tid=6628] native-loader jit-info prog_array-target fd=78 id=198 type=17 name=sys_enter_init tag=39f0608a879c1a34 jited_len=2062 xlated_len=3504 nr_jited_ksyms=1 ksym0=0xffffffffc040234c ksym1=0x0
[385.878246 pid=6620 tid=6628] BPF_MAP_UPDATE_ELEM prog_array name=sys_enter_init_ map_fd=10 map_id=360 key=123 prog_fd=78 prog_id=198 flags=0 ret=0 errno=0
[385.878304 pid=6620 tid=6628] native-loader jit-info prog_array-target fd=78 id=198 type=17 name=sys_enter_init tag=39f0608a879c1a34 jited_len=2062 xlated_len=3504 nr_jited_ksyms=1 ksym0=0xffffffffc040234c ksym1=0x0
[385.878395 pid=6620 tid=6628] BPF_MAP_UPDATE_ELEM prog_array name=sys_enter_init_ map_fd=10 map_id=360 key=124 prog_fd=78 prog_id=198 flags=0 ret=0 errno=0
[385.878481 pid=6620 tid=6628] native-loader jit-info prog_array-target fd=78 id=198 type=17 name=sys_enter_init tag=39f0608a879c1a34 jited_len=2062 xlated_len=3504 nr_jited_ksyms=1 ksym0=0xffffffffc040234c ksym1=0x0
[385.878571 pid=6620 tid=6628] BPF_MAP_UPDATE_ELEM prog_array name=sys_enter_init_ map_fd=10 map_id=360 key=125 prog_fd=78 prog_id=198 flags=0 ret=0 errno=0
[385.878658 pid=6620 tid=6628] native-loader jit-info prog_array-target fd=78 id=198 type=17 name=sys_enter_init tag=39f0608a879c1a34 jited_len=2062 xlated_len=3504 nr_jited_ksyms=1 ksym0=0xffffffffc040234c ksym1=0x0
[385.878748 pid=6620 tid=6628] BPF_MAP_UPDATE_ELEM prog_array name=sys_enter_init_ map_fd=10 map_id=360 key=126 prog_fd=78 prog_id=198 flags=0 ret=0 errno=0
[385.878805 pid=6620 tid=6628] native-loader jit-info prog_array-target fd=78 id=198 type=17 name=sys_enter_init tag=39f0608a879c1a34 jited_len=2062 xlated_len=3504 nr_jited_ksyms=1 ksym0=0xffffffffc040234c ksym1=0x0
[385.878895 pid=6620 tid=6628] BPF_MAP_UPDATE_ELEM prog_array name=sys_enter_init_ map_fd=10 map_id=360 key=127 prog_fd=78 prog_id=198 flags=0 ret=0 errno=0
[385.878981 pid=6620 tid=6628] native-loader jit-info prog_array-target fd=78 id=198 type=17 name=sys_enter_init tag=39f0608a879c1a34 jited_len=2062 xlated_len=3504 nr_jited_ksyms=1 ksym0=0xffffffffc040234c ksym1=0x0
[385.879070 pid=6620 tid=6628] BPF_MAP_UPDATE_ELEM prog_array name=sys_enter_init_ map_fd=10 map_id=360 key=128 prog_fd=78 prog_id=198 flags=0 ret=0 errno=0
[385.879156 pid=6620 tid=6628] native-loader jit-info prog_array-target fd=78 id=198 type=17 name=sys_enter_init tag=39f0608a879c1a34 jited_len=2062 xlated_len=3504 nr_jited_ksyms=1 ksym0=0xffffffffc040234c ksym1=0x0
[385.879245 pid=6620 tid=6628] BPF_MAP_UPDATE_ELEM prog_array name=sys_enter_init_ map_fd=10 map_id=360 key=129 prog_fd=78 prog_id=198 flags=0 ret=0 errno=0
[385.879331 pid=6620 tid=6628] native-loader jit-info prog_array-target fd=78 id=198 type=17 name=sys_enter_init tag=39f0608a879c1a34 jited_len=2062 xlated_len=3504 nr_jited_ksyms=1 ksym0=0xffffffffc040234c ksym1=0x0
[385.879422 pid=6620 tid=6628] BPF_MAP_UPDATE_ELEM prog_array name=sys_enter_init_ map_fd=10 map_id=360 key=130 prog_fd=78 prog_id=198 flags=0 ret=0 errno=0
[385.879507 pid=6620 tid=6628] native-loader jit-info prog_array-target fd=78 id=198 type=17 name=sys_enter_init tag=39f0608a879c1a34 jited_len=2062 xlated_len=3504 nr_jited_ksyms=1 ksym0=0xffffffffc040234c ksym1=0x0
[385.879596 pid=6620 tid=6628] BPF_MAP_UPDATE_ELEM prog_array name=sys_enter_init_ map_fd=10 map_id=360 key=131 prog_fd=78 prog_id=198 flags=0 ret=0 errno=0
[385.879682 pid=6620 tid=6628] native-loader jit-info prog_array-target fd=78 id=198 type=17 name=sys_enter_init tag=39f0608a879c1a34 jited_len=2062 xlated_len=3504 nr_jited_ksyms=1 ksym0=0xffffffffc040234c ksym1=0x0
[385.879771 pid=6620 tid=6628] BPF_MAP_UPDATE_ELEM prog_array name=sys_enter_init_ map_fd=10 map_id=360 key=132 prog_fd=78 prog_id=198 flags=0 ret=0 errno=0
[385.879857 pid=6620 tid=6628] native-loader jit-info prog_array-target fd=78 id=198 type=17 name=sys_enter_init tag=39f0608a879c1a34 jited_len=2062 xlated_len=3504 nr_jited_ksyms=1 ksym0=0xffffffffc040234c ksym1=0x0
[385.879947 pid=6620 tid=6628] BPF_MAP_UPDATE_ELEM prog_array name=sys_enter_init_ map_fd=10 map_id=360 key=133 prog_fd=78 prog_id=198 flags=0 ret=0 errno=0
[385.880033 pid=6620 tid=6628] native-loader jit-info prog_array-target fd=78 id=198 type=17 name=sys_enter_init tag=39f0608a879c1a34 jited_len=2062 xlated_len=3504 nr_jited_ksyms=1 ksym0=0xffffffffc040234c ksym1=0x0
[385.880123 pid=6620 tid=6628] BPF_MAP_UPDATE_ELEM prog_array name=sys_enter_init_ map_fd=10 map_id=360 key=134 prog_fd=78 prog_id=198 flags=0 ret=0 errno=0
[385.880208 pid=6620 tid=6628] native-loader jit-info prog_array-target fd=78 id=198 type=17 name=sys_enter_init tag=39f0608a879c1a34 jited_len=2062 xlated_len=3504 nr_jited_ksyms=1 ksym0=0xffffffffc040234c ksym1=0x0
[385.880297 pid=6620 tid=6628] BPF_MAP_UPDATE_ELEM prog_array name=sys_enter_init_ map_fd=10 map_id=360 key=135 prog_fd=78 prog_id=198 flags=0 ret=0 errno=0
[385.880385 pid=6620 tid=6628] native-loader jit-info prog_array-target fd=78 id=198 type=17 name=sys_enter_init tag=39f0608a879c1a34 jited_len=2062 xlated_len=3504 nr_jited_ksyms=1 ksym0=0xffffffffc040234c ksym1=0x0
[385.880474 pid=6620 tid=6628] BPF_MAP_UPDATE_ELEM prog_array name=sys_enter_init_ map_fd=10 map_id=360 key=136 prog_fd=78 prog_id=198 flags=0 ret=0 errno=0
[385.880559 pid=6620 tid=6628] native-loader jit-info prog_array-target fd=78 id=198 type=17 name=sys_enter_init tag=39f0608a879c1a34 jited_len=2062 xlated_len=3504 nr_jited_ksyms=1 ksym0=0xffffffffc040234c ksym1=0x0
[385.880649 pid=6620 tid=6628] BPF_MAP_UPDATE_ELEM prog_array name=sys_enter_init_ map_fd=10 map_id=360 key=137 prog_fd=78 prog_id=198 flags=0 ret=0 errno=0
[385.880733 pid=6620 tid=6628] native-loader jit-info prog_array-target fd=78 id=198 type=17 name=sys_enter_init tag=39f0608a879c1a34 jited_len=2062 xlated_len=3504 nr_jited_ksyms=1 ksym0=0xffffffffc040234c ksym1=0x0
[385.880823 pid=6620 tid=6628] BPF_MAP_UPDATE_ELEM prog_array name=sys_enter_init_ map_fd=10 map_id=360 key=138 prog_fd=78 prog_id=198 flags=0 ret=0 errno=0
[385.880908 pid=6620 tid=6628] native-loader jit-info prog_array-target fd=78 id=198 type=17 name=sys_enter_init tag=39f0608a879c1a34 jited_len=2062 xlated_len=3504 nr_jited_ksyms=1 ksym0=0xffffffffc040234c ksym1=0x0
[385.880998 pid=6620 tid=6628] BPF_MAP_UPDATE_ELEM prog_array name=sys_enter_init_ map_fd=10 map_id=360 key=139 prog_fd=78 prog_id=198 flags=0 ret=0 errno=0
[385.881083 pid=6620 tid=6628] native-loader jit-info prog_array-target fd=78 id=198 type=17 name=sys_enter_init tag=39f0608a879c1a34 jited_len=2062 xlated_len=3504 nr_jited_ksyms=1 ksym0=0xffffffffc040234c ksym1=0x0
[385.881174 pid=6620 tid=6628] BPF_MAP_UPDATE_ELEM prog_array name=sys_enter_init_ map_fd=10 map_id=360 key=140 prog_fd=78 prog_id=198 flags=0 ret=0 errno=0
[385.881258 pid=6620 tid=6628] native-loader jit-info prog_array-target fd=78 id=198 type=17 name=sys_enter_init tag=39f0608a879c1a34 jited_len=2062 xlated_len=3504 nr_jited_ksyms=1 ksym0=0xffffffffc040234c ksym1=0x0
[385.881349 pid=6620 tid=6628] BPF_MAP_UPDATE_ELEM prog_array name=sys_enter_init_ map_fd=10 map_id=360 key=141 prog_fd=78 prog_id=198 flags=0 ret=0 errno=0
[385.881436 pid=6620 tid=6628] native-loader jit-info prog_array-target fd=78 id=198 type=17 name=sys_enter_init tag=39f0608a879c1a34 jited_len=2062 xlated_len=3504 nr_jited_ksyms=1 ksym0=0xffffffffc040234c ksym1=0x0
[385.881526 pid=6620 tid=6628] BPF_MAP_UPDATE_ELEM prog_array name=sys_enter_init_ map_fd=10 map_id=360 key=142 prog_fd=78 prog_id=198 flags=0 ret=0 errno=0
[385.881611 pid=6620 tid=6628] native-loader jit-info prog_array-target fd=78 id=198 type=17 name=sys_enter_init tag=39f0608a879c1a34 jited_len=2062 xlated_len=3504 nr_jited_ksyms=1 ksym0=0xffffffffc040234c ksym1=0x0
[385.881702 pid=6620 tid=6628] BPF_MAP_UPDATE_ELEM prog_array name=sys_enter_init_ map_fd=10 map_id=360 key=143 prog_fd=78 prog_id=198 flags=0 ret=0 errno=0
[385.881786 pid=6620 tid=6628] native-loader jit-info prog_array-target fd=78 id=198 type=17 name=sys_enter_init tag=39f0608a879c1a34 jited_len=2062 xlated_len=3504 nr_jited_ksyms=1 ksym0=0xffffffffc040234c ksym1=0x0
[385.881877 pid=6620 tid=6628] BPF_MAP_UPDATE_ELEM prog_array name=sys_enter_init_ map_fd=10 map_id=360 key=144 prog_fd=78 prog_id=198 flags=0 ret=0 errno=0
[385.881933 pid=6620 tid=6628] native-loader jit-info prog_array-target fd=78 id=198 type=17 name=sys_enter_init tag=39f0608a879c1a34 jited_len=2062 xlated_len=3504 nr_jited_ksyms=1 ksym0=0xffffffffc040234c ksym1=0x0
[385.881995 pid=6620 tid=6628] BPF_MAP_UPDATE_ELEM prog_array name=sys_enter_init_ map_fd=10 map_id=360 key=145 prog_fd=78 prog_id=198 flags=0 ret=0 errno=0
[385.882080 pid=6620 tid=6628] native-loader jit-info prog_array-target fd=78 id=198 type=17 name=sys_enter_init tag=39f0608a879c1a34 jited_len=2062 xlated_len=3504 nr_jited_ksyms=1 ksym0=0xffffffffc040234c ksym1=0x0
[385.882170 pid=6620 tid=6628] BPF_MAP_UPDATE_ELEM prog_array name=sys_enter_init_ map_fd=10 map_id=360 key=146 prog_fd=78 prog_id=198 flags=0 ret=0 errno=0
[385.882254 pid=6620 tid=6628] native-loader jit-info prog_array-target fd=78 id=198 type=17 name=sys_enter_init tag=39f0608a879c1a34 jited_len=2062 xlated_len=3504 nr_jited_ksyms=1 ksym0=0xffffffffc040234c ksym1=0x0
[385.882345 pid=6620 tid=6628] BPF_MAP_UPDATE_ELEM prog_array name=sys_enter_init_ map_fd=10 map_id=360 key=147 prog_fd=78 prog_id=198 flags=0 ret=0 errno=0
[385.882431 pid=6620 tid=6628] native-loader jit-info prog_array-target fd=78 id=198 type=17 name=sys_enter_init tag=39f0608a879c1a34 jited_len=2062 xlated_len=3504 nr_jited_ksyms=1 ksym0=0xffffffffc040234c ksym1=0x0
[385.882521 pid=6620 tid=6628] BPF_MAP_UPDATE_ELEM prog_array name=sys_enter_init_ map_fd=10 map_id=360 key=148 prog_fd=78 prog_id=198 flags=0 ret=0 errno=0
[385.882606 pid=6620 tid=6628] native-loader jit-info prog_array-target fd=78 id=198 type=17 name=sys_enter_init tag=39f0608a879c1a34 jited_len=2062 xlated_len=3504 nr_jited_ksyms=1 ksym0=0xffffffffc040234c ksym1=0x0
[385.882698 pid=6620 tid=6628] BPF_MAP_UPDATE_ELEM prog_array name=sys_enter_init_ map_fd=10 map_id=360 key=149 prog_fd=78 prog_id=198 flags=0 ret=0 errno=0
[385.882782 pid=6620 tid=6628] native-loader jit-info prog_array-target fd=78 id=198 type=17 name=sys_enter_init tag=39f0608a879c1a34 jited_len=2062 xlated_len=3504 nr_jited_ksyms=1 ksym0=0xffffffffc040234c ksym1=0x0
[385.882873 pid=6620 tid=6628] BPF_MAP_UPDATE_ELEM prog_array name=sys_enter_init_ map_fd=10 map_id=360 key=150 prog_fd=78 prog_id=198 flags=0 ret=0 errno=0
[385.882958 pid=6620 tid=6628] native-loader jit-info prog_array-target fd=78 id=198 type=17 name=sys_enter_init tag=39f0608a879c1a34 jited_len=2062 xlated_len=3504 nr_jited_ksyms=1 ksym0=0xffffffffc040234c ksym1=0x0
[385.883049 pid=6620 tid=6628] BPF_MAP_UPDATE_ELEM prog_array name=sys_enter_init_ map_fd=10 map_id=360 key=151 prog_fd=78 prog_id=198 flags=0 ret=0 errno=0
[385.883134 pid=6620 tid=6628] native-loader jit-info prog_array-target fd=78 id=198 type=17 name=sys_enter_init tag=39f0608a879c1a34 jited_len=2062 xlated_len=3504 nr_jited_ksyms=1 ksym0=0xffffffffc040234c ksym1=0x0
[385.883225 pid=6620 tid=6628] BPF_MAP_UPDATE_ELEM prog_array name=sys_enter_init_ map_fd=10 map_id=360 key=152 prog_fd=78 prog_id=198 flags=0 ret=0 errno=0
[385.883309 pid=6620 tid=6628] native-loader jit-info prog_array-target fd=78 id=198 type=17 name=sys_enter_init tag=39f0608a879c1a34 jited_len=2062 xlated_len=3504 nr_jited_ksyms=1 ksym0=0xffffffffc040234c ksym1=0x0
[385.883403 pid=6620 tid=6628] BPF_MAP_UPDATE_ELEM prog_array name=sys_enter_init_ map_fd=10 map_id=360 key=153 prog_fd=78 prog_id=198 flags=0 ret=0 errno=0
[385.883487 pid=6620 tid=6628] native-loader jit-info prog_array-target fd=78 id=198 type=17 name=sys_enter_init tag=39f0608a879c1a34 jited_len=2062 xlated_len=3504 nr_jited_ksyms=1 ksym0=0xffffffffc040234c ksym1=0x0
[385.883578 pid=6620 tid=6628] BPF_MAP_UPDATE_ELEM prog_array name=sys_enter_init_ map_fd=10 map_id=360 key=154 prog_fd=78 prog_id=198 flags=0 ret=0 errno=0
[385.883661 pid=6620 tid=6628] native-loader jit-info prog_array-target fd=78 id=198 type=17 name=sys_enter_init tag=39f0608a879c1a34 jited_len=2062 xlated_len=3504 nr_jited_ksyms=1 ksym0=0xffffffffc040234c ksym1=0x0
[385.883751 pid=6620 tid=6628] BPF_MAP_UPDATE_ELEM prog_array name=sys_enter_init_ map_fd=10 map_id=360 key=155 prog_fd=78 prog_id=198 flags=0 ret=0 errno=0
[385.883835 pid=6620 tid=6628] native-loader jit-info prog_array-target fd=78 id=198 type=17 name=sys_enter_init tag=39f0608a879c1a34 jited_len=2062 xlated_len=3504 nr_jited_ksyms=1 ksym0=0xffffffffc040234c ksym1=0x0
[385.883926 pid=6620 tid=6628] BPF_MAP_UPDATE_ELEM prog_array name=sys_enter_init_ map_fd=10 map_id=360 key=156 prog_fd=78 prog_id=198 flags=0 ret=0 errno=0
[385.884011 pid=6620 tid=6628] native-loader jit-info prog_array-target fd=78 id=198 type=17 name=sys_enter_init tag=39f0608a879c1a34 jited_len=2062 xlated_len=3504 nr_jited_ksyms=1 ksym0=0xffffffffc040234c ksym1=0x0
[385.884101 pid=6620 tid=6628] BPF_MAP_UPDATE_ELEM prog_array name=sys_enter_init_ map_fd=10 map_id=360 key=157 prog_fd=78 prog_id=198 flags=0 ret=0 errno=0
[385.884186 pid=6620 tid=6628] native-loader jit-info prog_array-target fd=78 id=198 type=17 name=sys_enter_init tag=39f0608a879c1a34 jited_len=2062 xlated_len=3504 nr_jited_ksyms=1 ksym0=0xffffffffc040234c ksym1=0x0
[385.884276 pid=6620 tid=6628] BPF_MAP_UPDATE_ELEM prog_array name=sys_enter_init_ map_fd=10 map_id=360 key=159 prog_fd=78 prog_id=198 flags=0 ret=0 errno=0
[385.884332 pid=6620 tid=6628] native-loader jit-info prog_array-target fd=78 id=198 type=17 name=sys_enter_init tag=39f0608a879c1a34 jited_len=2062 xlated_len=3504 nr_jited_ksyms=1 ksym0=0xffffffffc040234c ksym1=0x0
[385.884425 pid=6620 tid=6628] BPF_MAP_UPDATE_ELEM prog_array name=sys_enter_init_ map_fd=10 map_id=360 key=160 prog_fd=78 prog_id=198 flags=0 ret=0 errno=0
[385.884510 pid=6620 tid=6628] native-loader jit-info prog_array-target fd=78 id=198 type=17 name=sys_enter_init tag=39f0608a879c1a34 jited_len=2062 xlated_len=3504 nr_jited_ksyms=1 ksym0=0xffffffffc040234c ksym1=0x0
[385.884601 pid=6620 tid=6628] BPF_MAP_UPDATE_ELEM prog_array name=sys_enter_init_ map_fd=10 map_id=360 key=161 prog_fd=78 prog_id=198 flags=0 ret=0 errno=0
[385.884684 pid=6620 tid=6628] native-loader jit-info prog_array-target fd=78 id=198 type=17 name=sys_enter_init tag=39f0608a879c1a34 jited_len=2062 xlated_len=3504 nr_jited_ksyms=1 ksym0=0xffffffffc040234c ksym1=0x0
[385.884775 pid=6620 tid=6628] BPF_MAP_UPDATE_ELEM prog_array name=sys_enter_init_ map_fd=10 map_id=360 key=162 prog_fd=78 prog_id=198 flags=0 ret=0 errno=0
[385.884861 pid=6620 tid=6628] native-loader jit-info prog_array-target fd=78 id=198 type=17 name=sys_enter_init tag=39f0608a879c1a34 jited_len=2062 xlated_len=3504 nr_jited_ksyms=1 ksym0=0xffffffffc040234c ksym1=0x0
[385.884952 pid=6620 tid=6628] BPF_MAP_UPDATE_ELEM prog_array name=sys_enter_init_ map_fd=10 map_id=360 key=163 prog_fd=78 prog_id=198 flags=0 ret=0 errno=0
[385.885036 pid=6620 tid=6628] native-loader jit-info prog_array-target fd=78 id=198 type=17 name=sys_enter_init tag=39f0608a879c1a34 jited_len=2062 xlated_len=3504 nr_jited_ksyms=1 ksym0=0xffffffffc040234c ksym1=0x0
[385.885127 pid=6620 tid=6628] BPF_MAP_UPDATE_ELEM prog_array name=sys_enter_init_ map_fd=10 map_id=360 key=164 prog_fd=78 prog_id=198 flags=0 ret=0 errno=0
[385.885212 pid=6620 tid=6628] native-loader jit-info prog_array-target fd=78 id=198 type=17 name=sys_enter_init tag=39f0608a879c1a34 jited_len=2062 xlated_len=3504 nr_jited_ksyms=1 ksym0=0xffffffffc040234c ksym1=0x0
[385.885303 pid=6620 tid=6628] BPF_MAP_UPDATE_ELEM prog_array name=sys_enter_init_ map_fd=10 map_id=360 key=165 prog_fd=78 prog_id=198 flags=0 ret=0 errno=0
[385.885389 pid=6620 tid=6628] native-loader jit-info prog_array-target fd=78 id=198 type=17 name=sys_enter_init tag=39f0608a879c1a34 jited_len=2062 xlated_len=3504 nr_jited_ksyms=1 ksym0=0xffffffffc040234c ksym1=0x0
[385.885480 pid=6620 tid=6628] BPF_MAP_UPDATE_ELEM prog_array name=sys_enter_init_ map_fd=10 map_id=360 key=166 prog_fd=78 prog_id=198 flags=0 ret=0 errno=0
[385.885564 pid=6620 tid=6628] native-loader jit-info prog_array-target fd=78 id=198 type=17 name=sys_enter_init tag=39f0608a879c1a34 jited_len=2062 xlated_len=3504 nr_jited_ksyms=1 ksym0=0xffffffffc040234c ksym1=0x0
[385.885654 pid=6620 tid=6628] BPF_MAP_UPDATE_ELEM prog_array name=sys_enter_init_ map_fd=10 map_id=360 key=167 prog_fd=78 prog_id=198 flags=0 ret=0 errno=0
[385.885739 pid=6620 tid=6628] native-loader jit-info prog_array-target fd=78 id=198 type=17 name=sys_enter_init tag=39f0608a879c1a34 jited_len=2062 xlated_len=3504 nr_jited_ksyms=1 ksym0=0xffffffffc040234c ksym1=0x0
[385.885829 pid=6620 tid=6628] BPF_MAP_UPDATE_ELEM prog_array name=sys_enter_init_ map_fd=10 map_id=360 key=168 prog_fd=78 prog_id=198 flags=0 ret=0 errno=0
[385.885913 pid=6620 tid=6628] native-loader jit-info prog_array-target fd=78 id=198 type=17 name=sys_enter_init tag=39f0608a879c1a34 jited_len=2062 xlated_len=3504 nr_jited_ksyms=1 ksym0=0xffffffffc040234c ksym1=0x0
[385.886004 pid=6620 tid=6628] BPF_MAP_UPDATE_ELEM prog_array name=sys_enter_init_ map_fd=10 map_id=360 key=169 prog_fd=78 prog_id=198 flags=0 ret=0 errno=0
[385.886088 pid=6620 tid=6628] native-loader jit-info prog_array-target fd=78 id=198 type=17 name=sys_enter_init tag=39f0608a879c1a34 jited_len=2062 xlated_len=3504 nr_jited_ksyms=1 ksym0=0xffffffffc040234c ksym1=0x0
[385.886179 pid=6620 tid=6628] BPF_MAP_UPDATE_ELEM prog_array name=sys_enter_init_ map_fd=10 map_id=360 key=170 prog_fd=78 prog_id=198 flags=0 ret=0 errno=0
[385.886264 pid=6620 tid=6628] native-loader jit-info prog_array-target fd=78 id=198 type=17 name=sys_enter_init tag=39f0608a879c1a34 jited_len=2062 xlated_len=3504 nr_jited_ksyms=1 ksym0=0xffffffffc040234c ksym1=0x0
[385.886355 pid=6620 tid=6628] BPF_MAP_UPDATE_ELEM prog_array name=sys_enter_init_ map_fd=10 map_id=360 key=171 prog_fd=78 prog_id=198 flags=0 ret=0 errno=0
[385.886441 pid=6620 tid=6628] native-loader jit-info prog_array-target fd=78 id=198 type=17 name=sys_enter_init tag=39f0608a879c1a34 jited_len=2062 xlated_len=3504 nr_jited_ksyms=1 ksym0=0xffffffffc040234c ksym1=0x0
[385.886532 pid=6620 tid=6628] BPF_MAP_UPDATE_ELEM prog_array name=sys_enter_init_ map_fd=10 map_id=360 key=172 prog_fd=78 prog_id=198 flags=0 ret=0 errno=0
[385.886616 pid=6620 tid=6628] native-loader jit-info prog_array-target fd=78 id=198 type=17 name=sys_enter_init tag=39f0608a879c1a34 jited_len=2062 xlated_len=3504 nr_jited_ksyms=1 ksym0=0xffffffffc040234c ksym1=0x0
[385.886706 pid=6620 tid=6628] BPF_MAP_UPDATE_ELEM prog_array name=sys_enter_init_ map_fd=10 map_id=360 key=173 prog_fd=78 prog_id=198 flags=0 ret=0 errno=0
[385.886790 pid=6620 tid=6628] native-loader jit-info prog_array-target fd=78 id=198 type=17 name=sys_enter_init tag=39f0608a879c1a34 jited_len=2062 xlated_len=3504 nr_jited_ksyms=1 ksym0=0xffffffffc040234c ksym1=0x0
[385.886880 pid=6620 tid=6628] BPF_MAP_UPDATE_ELEM prog_array name=sys_enter_init_ map_fd=10 map_id=360 key=174 prog_fd=78 prog_id=198 flags=0 ret=0 errno=0
[385.886964 pid=6620 tid=6628] native-loader jit-info prog_array-target fd=78 id=198 type=17 name=sys_enter_init tag=39f0608a879c1a34 jited_len=2062 xlated_len=3504 nr_jited_ksyms=1 ksym0=0xffffffffc040234c ksym1=0x0
[385.887054 pid=6620 tid=6628] BPF_MAP_UPDATE_ELEM prog_array name=sys_enter_init_ map_fd=10 map_id=360 key=175 prog_fd=78 prog_id=198 flags=0 ret=0 errno=0
[385.887139 pid=6620 tid=6628] native-loader jit-info prog_array-target fd=78 id=198 type=17 name=sys_enter_init tag=39f0608a879c1a34 jited_len=2062 xlated_len=3504 nr_jited_ksyms=1 ksym0=0xffffffffc040234c ksym1=0x0
[385.887201 pid=6620 tid=6628] BPF_MAP_UPDATE_ELEM prog_array name=sys_enter_init_ map_fd=10 map_id=360 key=176 prog_fd=78 prog_id=198 flags=0 ret=0 errno=0
[385.887286 pid=6620 tid=6628] native-loader jit-info prog_array-target fd=78 id=198 type=17 name=sys_enter_init tag=39f0608a879c1a34 jited_len=2062 xlated_len=3504 nr_jited_ksyms=1 ksym0=0xffffffffc040234c ksym1=0x0
[385.887378 pid=6620 tid=6628] BPF_MAP_UPDATE_ELEM prog_array name=sys_enter_init_ map_fd=10 map_id=360 key=177 prog_fd=78 prog_id=198 flags=0 ret=0 errno=0
[385.887463 pid=6620 tid=6628] native-loader jit-info prog_array-target fd=78 id=198 type=17 name=sys_enter_init tag=39f0608a879c1a34 jited_len=2062 xlated_len=3504 nr_jited_ksyms=1 ksym0=0xffffffffc040234c ksym1=0x0
[385.887554 pid=6620 tid=6628] BPF_MAP_UPDATE_ELEM prog_array name=sys_enter_init_ map_fd=10 map_id=360 key=178 prog_fd=78 prog_id=198 flags=0 ret=0 errno=0
[385.887638 pid=6620 tid=6628] native-loader jit-info prog_array-target fd=78 id=198 type=17 name=sys_enter_init tag=39f0608a879c1a34 jited_len=2062 xlated_len=3504 nr_jited_ksyms=1 ksym0=0xffffffffc040234c ksym1=0x0
[385.887728 pid=6620 tid=6628] BPF_MAP_UPDATE_ELEM prog_array name=sys_enter_init_ map_fd=10 map_id=360 key=179 prog_fd=78 prog_id=198 flags=0 ret=0 errno=0
[385.887814 pid=6620 tid=6628] native-loader jit-info prog_array-target fd=78 id=198 type=17 name=sys_enter_init tag=39f0608a879c1a34 jited_len=2062 xlated_len=3504 nr_jited_ksyms=1 ksym0=0xffffffffc040234c ksym1=0x0
[385.887905 pid=6620 tid=6628] BPF_MAP_UPDATE_ELEM prog_array name=sys_enter_init_ map_fd=10 map_id=360 key=180 prog_fd=78 prog_id=198 flags=0 ret=0 errno=0
[385.887989 pid=6620 tid=6628] native-loader jit-info prog_array-target fd=78 id=198 type=17 name=sys_enter_init tag=39f0608a879c1a34 jited_len=2062 xlated_len=3504 nr_jited_ksyms=1 ksym0=0xffffffffc040234c ksym1=0x0
[385.888080 pid=6620 tid=6628] BPF_MAP_UPDATE_ELEM prog_array name=sys_enter_init_ map_fd=10 map_id=360 key=181 prog_fd=78 prog_id=198 flags=0 ret=0 errno=0
[385.888164 pid=6620 tid=6628] native-loader jit-info prog_array-target fd=78 id=198 type=17 name=sys_enter_init tag=39f0608a879c1a34 jited_len=2062 xlated_len=3504 nr_jited_ksyms=1 ksym0=0xffffffffc040234c ksym1=0x0
[385.888254 pid=6620 tid=6628] BPF_MAP_UPDATE_ELEM prog_array name=sys_enter_init_ map_fd=10 map_id=360 key=182 prog_fd=78 prog_id=198 flags=0 ret=0 errno=0
[385.888338 pid=6620 tid=6628] native-loader jit-info prog_array-target fd=78 id=198 type=17 name=sys_enter_init tag=39f0608a879c1a34 jited_len=2062 xlated_len=3504 nr_jited_ksyms=1 ksym0=0xffffffffc040234c ksym1=0x0
[385.888430 pid=6620 tid=6628] BPF_MAP_UPDATE_ELEM prog_array name=sys_enter_init_ map_fd=10 map_id=360 key=183 prog_fd=78 prog_id=198 flags=0 ret=0 errno=0
[385.888515 pid=6620 tid=6628] native-loader jit-info prog_array-target fd=78 id=198 type=17 name=sys_enter_init tag=39f0608a879c1a34 jited_len=2062 xlated_len=3504 nr_jited_ksyms=1 ksym0=0xffffffffc040234c ksym1=0x0
[385.888606 pid=6620 tid=6628] BPF_MAP_UPDATE_ELEM prog_array name=sys_enter_init_ map_fd=10 map_id=360 key=184 prog_fd=78 prog_id=198 flags=0 ret=0 errno=0
[385.888690 pid=6620 tid=6628] native-loader jit-info prog_array-target fd=78 id=198 type=17 name=sys_enter_init tag=39f0608a879c1a34 jited_len=2062 xlated_len=3504 nr_jited_ksyms=1 ksym0=0xffffffffc040234c ksym1=0x0
[385.888780 pid=6620 tid=6628] BPF_MAP_UPDATE_ELEM prog_array name=sys_enter_init_ map_fd=10 map_id=360 key=185 prog_fd=78 prog_id=198 flags=0 ret=0 errno=0
[385.888866 pid=6620 tid=6628] native-loader jit-info prog_array-target fd=78 id=198 type=17 name=sys_enter_init tag=39f0608a879c1a34 jited_len=2062 xlated_len=3504 nr_jited_ksyms=1 ksym0=0xffffffffc040234c ksym1=0x0
[385.888959 pid=6620 tid=6628] BPF_MAP_UPDATE_ELEM prog_array name=sys_enter_init_ map_fd=10 map_id=360 key=186 prog_fd=78 prog_id=198 flags=0 ret=0 errno=0
[385.889043 pid=6620 tid=6628] native-loader jit-info prog_array-target fd=78 id=198 type=17 name=sys_enter_init tag=39f0608a879c1a34 jited_len=2062 xlated_len=3504 nr_jited_ksyms=1 ksym0=0xffffffffc040234c ksym1=0x0
[385.889135 pid=6620 tid=6628] BPF_MAP_UPDATE_ELEM prog_array name=sys_enter_init_ map_fd=10 map_id=360 key=187 prog_fd=78 prog_id=198 flags=0 ret=0 errno=0
[385.889219 pid=6620 tid=6628] native-loader jit-info prog_array-target fd=78 id=198 type=17 name=sys_enter_init tag=39f0608a879c1a34 jited_len=2062 xlated_len=3504 nr_jited_ksyms=1 ksym0=0xffffffffc040234c ksym1=0x0
[385.889309 pid=6620 tid=6628] BPF_MAP_UPDATE_ELEM prog_array name=sys_enter_init_ map_fd=10 map_id=360 key=188 prog_fd=78 prog_id=198 flags=0 ret=0 errno=0
[385.889396 pid=6620 tid=6628] native-loader jit-info prog_array-target fd=78 id=198 type=17 name=sys_enter_init tag=39f0608a879c1a34 jited_len=2062 xlated_len=3504 nr_jited_ksyms=1 ksym0=0xffffffffc040234c ksym1=0x0
[385.889487 pid=6620 tid=6628] BPF_MAP_UPDATE_ELEM prog_array name=sys_enter_init_ map_fd=10 map_id=360 key=189 prog_fd=78 prog_id=198 flags=0 ret=0 errno=0
[385.889571 pid=6620 tid=6628] native-loader jit-info prog_array-target fd=78 id=198 type=17 name=sys_enter_init tag=39f0608a879c1a34 jited_len=2062 xlated_len=3504 nr_jited_ksyms=1 ksym0=0xffffffffc040234c ksym1=0x0
[385.889662 pid=6620 tid=6628] BPF_MAP_UPDATE_ELEM prog_array name=sys_enter_init_ map_fd=10 map_id=360 key=190 prog_fd=78 prog_id=198 flags=0 ret=0 errno=0
[385.889746 pid=6620 tid=6628] native-loader jit-info prog_array-target fd=78 id=198 type=17 name=sys_enter_init tag=39f0608a879c1a34 jited_len=2062 xlated_len=3504 nr_jited_ksyms=1 ksym0=0xffffffffc040234c ksym1=0x0
[385.889838 pid=6620 tid=6628] BPF_MAP_UPDATE_ELEM prog_array name=sys_enter_init_ map_fd=10 map_id=360 key=191 prog_fd=78 prog_id=198 flags=0 ret=0 errno=0
[385.889921 pid=6620 tid=6628] native-loader jit-info prog_array-target fd=78 id=198 type=17 name=sys_enter_init tag=39f0608a879c1a34 jited_len=2062 xlated_len=3504 nr_jited_ksyms=1 ksym0=0xffffffffc040234c ksym1=0x0
[385.890015 pid=6620 tid=6628] BPF_MAP_UPDATE_ELEM prog_array name=sys_enter_init_ map_fd=10 map_id=360 key=192 prog_fd=78 prog_id=198 flags=0 ret=0 errno=0
[385.890099 pid=6620 tid=6628] native-loader jit-info prog_array-target fd=78 id=198 type=17 name=sys_enter_init tag=39f0608a879c1a34 jited_len=2062 xlated_len=3504 nr_jited_ksyms=1 ksym0=0xffffffffc040234c ksym1=0x0
[385.890190 pid=6620 tid=6628] BPF_MAP_UPDATE_ELEM prog_array name=sys_enter_init_ map_fd=10 map_id=360 key=193 prog_fd=78 prog_id=198 flags=0 ret=0 errno=0
[385.890274 pid=6620 tid=6628] native-loader jit-info prog_array-target fd=78 id=198 type=17 name=sys_enter_init tag=39f0608a879c1a34 jited_len=2062 xlated_len=3504 nr_jited_ksyms=1 ksym0=0xffffffffc040234c ksym1=0x0
[385.890367 pid=6620 tid=6628] BPF_MAP_UPDATE_ELEM prog_array name=sys_enter_init_ map_fd=10 map_id=360 key=194 prog_fd=78 prog_id=198 flags=0 ret=0 errno=0
[385.890451 pid=6620 tid=6628] native-loader jit-info prog_array-target fd=78 id=198 type=17 name=sys_enter_init tag=39f0608a879c1a34 jited_len=2062 xlated_len=3504 nr_jited_ksyms=1 ksym0=0xffffffffc040234c ksym1=0x0
[385.890542 pid=6620 tid=6628] BPF_MAP_UPDATE_ELEM prog_array name=sys_enter_init_ map_fd=10 map_id=360 key=195 prog_fd=78 prog_id=198 flags=0 ret=0 errno=0
[385.890628 pid=6620 tid=6628] native-loader jit-info prog_array-target fd=78 id=198 type=17 name=sys_enter_init tag=39f0608a879c1a34 jited_len=2062 xlated_len=3504 nr_jited_ksyms=1 ksym0=0xffffffffc040234c ksym1=0x0
[385.890717 pid=6620 tid=6628] BPF_MAP_UPDATE_ELEM prog_array name=sys_enter_init_ map_fd=10 map_id=360 key=196 prog_fd=78 prog_id=198 flags=0 ret=0 errno=0
[385.890801 pid=6620 tid=6628] native-loader jit-info prog_array-target fd=78 id=198 type=17 name=sys_enter_init tag=39f0608a879c1a34 jited_len=2062 xlated_len=3504 nr_jited_ksyms=1 ksym0=0xffffffffc040234c ksym1=0x0
[385.890892 pid=6620 tid=6628] BPF_MAP_UPDATE_ELEM prog_array name=sys_enter_init_ map_fd=10 map_id=360 key=197 prog_fd=78 prog_id=198 flags=0 ret=0 errno=0
[385.890976 pid=6620 tid=6628] native-loader jit-info prog_array-target fd=78 id=198 type=17 name=sys_enter_init tag=39f0608a879c1a34 jited_len=2062 xlated_len=3504 nr_jited_ksyms=1 ksym0=0xffffffffc040234c ksym1=0x0
[385.891067 pid=6620 tid=6628] BPF_MAP_UPDATE_ELEM prog_array name=sys_enter_init_ map_fd=10 map_id=360 key=198 prog_fd=78 prog_id=198 flags=0 ret=0 errno=0
[385.891151 pid=6620 tid=6628] native-loader jit-info prog_array-target fd=78 id=198 type=17 name=sys_enter_init tag=39f0608a879c1a34 jited_len=2062 xlated_len=3504 nr_jited_ksyms=1 ksym0=0xffffffffc040234c ksym1=0x0
[385.891241 pid=6620 tid=6628] BPF_MAP_UPDATE_ELEM prog_array name=sys_enter_init_ map_fd=10 map_id=360 key=199 prog_fd=78 prog_id=198 flags=0 ret=0 errno=0
[385.891325 pid=6620 tid=6628] native-loader jit-info prog_array-target fd=78 id=198 type=17 name=sys_enter_init tag=39f0608a879c1a34 jited_len=2062 xlated_len=3504 nr_jited_ksyms=1 ksym0=0xffffffffc040234c ksym1=0x0
[385.891419 pid=6620 tid=6628] BPF_MAP_UPDATE_ELEM prog_array name=sys_enter_init_ map_fd=10 map_id=360 key=200 prog_fd=78 prog_id=198 flags=0 ret=0 errno=0
[385.891502 pid=6620 tid=6628] native-loader jit-info prog_array-target fd=78 id=198 type=17 name=sys_enter_init tag=39f0608a879c1a34 jited_len=2062 xlated_len=3504 nr_jited_ksyms=1 ksym0=0xffffffffc040234c ksym1=0x0
[385.891593 pid=6620 tid=6628] BPF_MAP_UPDATE_ELEM prog_array name=sys_enter_init_ map_fd=10 map_id=360 key=201 prog_fd=78 prog_id=198 flags=0 ret=0 errno=0
[385.891677 pid=6620 tid=6628] native-loader jit-info prog_array-target fd=78 id=198 type=17 name=sys_enter_init tag=39f0608a879c1a34 jited_len=2062 xlated_len=3504 nr_jited_ksyms=1 ksym0=0xffffffffc040234c ksym1=0x0
[385.891769 pid=6620 tid=6628] BPF_MAP_UPDATE_ELEM prog_array name=sys_enter_init_ map_fd=10 map_id=360 key=202 prog_fd=78 prog_id=198 flags=0 ret=0 errno=0
[385.891853 pid=6620 tid=6628] native-loader jit-info prog_array-target fd=78 id=198 type=17 name=sys_enter_init tag=39f0608a879c1a34 jited_len=2062 xlated_len=3504 nr_jited_ksyms=1 ksym0=0xffffffffc040234c ksym1=0x0
[385.891943 pid=6620 tid=6628] BPF_MAP_UPDATE_ELEM prog_array name=sys_enter_init_ map_fd=10 map_id=360 key=203 prog_fd=78 prog_id=198 flags=0 ret=0 errno=0
[385.892027 pid=6620 tid=6628] native-loader jit-info prog_array-target fd=78 id=198 type=17 name=sys_enter_init tag=39f0608a879c1a34 jited_len=2062 xlated_len=3504 nr_jited_ksyms=1 ksym0=0xffffffffc040234c ksym1=0x0
[385.892119 pid=6620 tid=6628] BPF_MAP_UPDATE_ELEM prog_array name=sys_enter_init_ map_fd=10 map_id=360 key=204 prog_fd=78 prog_id=198 flags=0 ret=0 errno=0
[385.892203 pid=6620 tid=6628] native-loader jit-info prog_array-target fd=78 id=198 type=17 name=sys_enter_init tag=39f0608a879c1a34 jited_len=2062 xlated_len=3504 nr_jited_ksyms=1 ksym0=0xffffffffc040234c ksym1=0x0
[385.892294 pid=6620 tid=6628] BPF_MAP_UPDATE_ELEM prog_array name=sys_enter_init_ map_fd=10 map_id=360 key=205 prog_fd=78 prog_id=198 flags=0 ret=0 errno=0
[385.892380 pid=6620 tid=6628] native-loader jit-info prog_array-target fd=78 id=198 type=17 name=sys_enter_init tag=39f0608a879c1a34 jited_len=2062 xlated_len=3504 nr_jited_ksyms=1 ksym0=0xffffffffc040234c ksym1=0x0
[385.892472 pid=6620 tid=6628] BPF_MAP_UPDATE_ELEM prog_array name=sys_enter_init_ map_fd=10 map_id=360 key=206 prog_fd=78 prog_id=198 flags=0 ret=0 errno=0
[385.892555 pid=6620 tid=6628] native-loader jit-info prog_array-target fd=78 id=198 type=17 name=sys_enter_init tag=39f0608a879c1a34 jited_len=2062 xlated_len=3504 nr_jited_ksyms=1 ksym0=0xffffffffc040234c ksym1=0x0
[385.892646 pid=6620 tid=6628] BPF_MAP_UPDATE_ELEM prog_array name=sys_enter_init_ map_fd=10 map_id=360 key=207 prog_fd=78 prog_id=198 flags=0 ret=0 errno=0
[385.892729 pid=6620 tid=6628] native-loader jit-info prog_array-target fd=78 id=198 type=17 name=sys_enter_init tag=39f0608a879c1a34 jited_len=2062 xlated_len=3504 nr_jited_ksyms=1 ksym0=0xffffffffc040234c ksym1=0x0
[385.892820 pid=6620 tid=6628] BPF_MAP_UPDATE_ELEM prog_array name=sys_enter_init_ map_fd=10 map_id=360 key=208 prog_fd=78 prog_id=198 flags=0 ret=0 errno=0
[385.892905 pid=6620 tid=6628] native-loader jit-info prog_array-target fd=78 id=198 type=17 name=sys_enter_init tag=39f0608a879c1a34 jited_len=2062 xlated_len=3504 nr_jited_ksyms=1 ksym0=0xffffffffc040234c ksym1=0x0
[385.892996 pid=6620 tid=6628] BPF_MAP_UPDATE_ELEM prog_array name=sys_enter_init_ map_fd=10 map_id=360 key=209 prog_fd=78 prog_id=198 flags=0 ret=0 errno=0
[385.893080 pid=6620 tid=6628] native-loader jit-info prog_array-target fd=78 id=198 type=17 name=sys_enter_init tag=39f0608a879c1a34 jited_len=2062 xlated_len=3504 nr_jited_ksyms=1 ksym0=0xffffffffc040234c ksym1=0x0
[385.893172 pid=6620 tid=6628] BPF_MAP_UPDATE_ELEM prog_array name=sys_enter_init_ map_fd=10 map_id=360 key=210 prog_fd=78 prog_id=198 flags=0 ret=0 errno=0
[385.893255 pid=6620 tid=6628] native-loader jit-info prog_array-target fd=78 id=198 type=17 name=sys_enter_init tag=39f0608a879c1a34 jited_len=2062 xlated_len=3504 nr_jited_ksyms=1 ksym0=0xffffffffc040234c ksym1=0x0
[385.893347 pid=6620 tid=6628] BPF_MAP_UPDATE_ELEM prog_array name=sys_enter_init_ map_fd=10 map_id=360 key=211 prog_fd=78 prog_id=198 flags=0 ret=0 errno=0
[385.893433 pid=6620 tid=6628] native-loader jit-info prog_array-target fd=78 id=198 type=17 name=sys_enter_init tag=39f0608a879c1a34 jited_len=2062 xlated_len=3504 nr_jited_ksyms=1 ksym0=0xffffffffc040234c ksym1=0x0
[385.893525 pid=6620 tid=6628] BPF_MAP_UPDATE_ELEM prog_array name=sys_enter_init_ map_fd=10 map_id=360 key=212 prog_fd=78 prog_id=198 flags=0 ret=0 errno=0
[385.893609 pid=6620 tid=6628] native-loader jit-info prog_array-target fd=78 id=198 type=17 name=sys_enter_init tag=39f0608a879c1a34 jited_len=2062 xlated_len=3504 nr_jited_ksyms=1 ksym0=0xffffffffc040234c ksym1=0x0
[385.893700 pid=6620 tid=6628] BPF_MAP_UPDATE_ELEM prog_array name=sys_enter_init_ map_fd=10 map_id=360 key=213 prog_fd=78 prog_id=198 flags=0 ret=0 errno=0
[385.893784 pid=6620 tid=6628] native-loader jit-info prog_array-target fd=78 id=198 type=17 name=sys_enter_init tag=39f0608a879c1a34 jited_len=2062 xlated_len=3504 nr_jited_ksyms=1 ksym0=0xffffffffc040234c ksym1=0x0
[385.893875 pid=6620 tid=6628] BPF_MAP_UPDATE_ELEM prog_array name=sys_enter_init_ map_fd=10 map_id=360 key=214 prog_fd=78 prog_id=198 flags=0 ret=0 errno=0
[385.893959 pid=6620 tid=6628] native-loader jit-info prog_array-target fd=78 id=198 type=17 name=sys_enter_init tag=39f0608a879c1a34 jited_len=2062 xlated_len=3504 nr_jited_ksyms=1 ksym0=0xffffffffc040234c ksym1=0x0
[385.894049 pid=6620 tid=6628] BPF_MAP_UPDATE_ELEM prog_array name=sys_enter_init_ map_fd=10 map_id=360 key=215 prog_fd=78 prog_id=198 flags=0 ret=0 errno=0
[385.894133 pid=6620 tid=6628] native-loader jit-info prog_array-target fd=78 id=198 type=17 name=sys_enter_init tag=39f0608a879c1a34 jited_len=2062 xlated_len=3504 nr_jited_ksyms=1 ksym0=0xffffffffc040234c ksym1=0x0
[385.894225 pid=6620 tid=6628] BPF_MAP_UPDATE_ELEM prog_array name=sys_enter_init_ map_fd=10 map_id=360 key=216 prog_fd=78 prog_id=198 flags=0 ret=0 errno=0
[385.894309 pid=6620 tid=6628] native-loader jit-info prog_array-target fd=78 id=198 type=17 name=sys_enter_init tag=39f0608a879c1a34 jited_len=2062 xlated_len=3504 nr_jited_ksyms=1 ksym0=0xffffffffc040234c ksym1=0x0
[385.894402 pid=6620 tid=6628] BPF_MAP_UPDATE_ELEM prog_array name=sys_enter_init_ map_fd=10 map_id=360 key=217 prog_fd=78 prog_id=198 flags=0 ret=0 errno=0
[385.894486 pid=6620 tid=6628] native-loader jit-info prog_array-target fd=78 id=198 type=17 name=sys_enter_init tag=39f0608a879c1a34 jited_len=2062 xlated_len=3504 nr_jited_ksyms=1 ksym0=0xffffffffc040234c ksym1=0x0
[385.894577 pid=6620 tid=6628] BPF_MAP_UPDATE_ELEM prog_array name=sys_enter_init_ map_fd=10 map_id=360 key=218 prog_fd=78 prog_id=198 flags=0 ret=0 errno=0
[385.894660 pid=6620 tid=6628] native-loader jit-info prog_array-target fd=78 id=198 type=17 name=sys_enter_init tag=39f0608a879c1a34 jited_len=2062 xlated_len=3504 nr_jited_ksyms=1 ksym0=0xffffffffc040234c ksym1=0x0
[385.894752 pid=6620 tid=6628] BPF_MAP_UPDATE_ELEM prog_array name=sys_enter_init_ map_fd=10 map_id=360 key=219 prog_fd=78 prog_id=198 flags=0 ret=0 errno=0
[385.894835 pid=6620 tid=6628] native-loader jit-info prog_array-target fd=78 id=198 type=17 name=sys_enter_init tag=39f0608a879c1a34 jited_len=2062 xlated_len=3504 nr_jited_ksyms=1 ksym0=0xffffffffc040234c ksym1=0x0
[385.894926 pid=6620 tid=6628] BPF_MAP_UPDATE_ELEM prog_array name=sys_enter_init_ map_fd=10 map_id=360 key=220 prog_fd=78 prog_id=198 flags=0 ret=0 errno=0
[385.895011 pid=6620 tid=6628] native-loader jit-info prog_array-target fd=78 id=198 type=17 name=sys_enter_init tag=39f0608a879c1a34 jited_len=2062 xlated_len=3504 nr_jited_ksyms=1 ksym0=0xffffffffc040234c ksym1=0x0
[385.895101 pid=6620 tid=6628] BPF_MAP_UPDATE_ELEM prog_array name=sys_enter_init_ map_fd=10 map_id=360 key=221 prog_fd=78 prog_id=198 flags=0 ret=0 errno=0
[385.895186 pid=6620 tid=6628] native-loader jit-info prog_array-target fd=78 id=198 type=17 name=sys_enter_init tag=39f0608a879c1a34 jited_len=2062 xlated_len=3504 nr_jited_ksyms=1 ksym0=0xffffffffc040234c ksym1=0x0
[385.895276 pid=6620 tid=6628] BPF_MAP_UPDATE_ELEM prog_array name=sys_enter_init_ map_fd=10 map_id=360 key=222 prog_fd=78 prog_id=198 flags=0 ret=0 errno=0
[385.895363 pid=6620 tid=6628] native-loader jit-info prog_array-target fd=78 id=198 type=17 name=sys_enter_init tag=39f0608a879c1a34 jited_len=2062 xlated_len=3504 nr_jited_ksyms=1 ksym0=0xffffffffc040234c ksym1=0x0
[385.895453 pid=6620 tid=6628] BPF_MAP_UPDATE_ELEM prog_array name=sys_enter_init_ map_fd=10 map_id=360 key=223 prog_fd=78 prog_id=198 flags=0 ret=0 errno=0
[385.895538 pid=6620 tid=6628] native-loader jit-info prog_array-target fd=78 id=198 type=17 name=sys_enter_init tag=39f0608a879c1a34 jited_len=2062 xlated_len=3504 nr_jited_ksyms=1 ksym0=0xffffffffc040234c ksym1=0x0
[385.895629 pid=6620 tid=6628] BPF_MAP_UPDATE_ELEM prog_array name=sys_enter_init_ map_fd=10 map_id=360 key=224 prog_fd=78 prog_id=198 flags=0 ret=0 errno=0
[385.895713 pid=6620 tid=6628] native-loader jit-info prog_array-target fd=78 id=198 type=17 name=sys_enter_init tag=39f0608a879c1a34 jited_len=2062 xlated_len=3504 nr_jited_ksyms=1 ksym0=0xffffffffc040234c ksym1=0x0
[385.895804 pid=6620 tid=6628] BPF_MAP_UPDATE_ELEM prog_array name=sys_enter_init_ map_fd=10 map_id=360 key=225 prog_fd=78 prog_id=198 flags=0 ret=0 errno=0
[385.895888 pid=6620 tid=6628] native-loader jit-info prog_array-target fd=78 id=198 type=17 name=sys_enter_init tag=39f0608a879c1a34 jited_len=2062 xlated_len=3504 nr_jited_ksyms=1 ksym0=0xffffffffc040234c ksym1=0x0
[385.895978 pid=6620 tid=6628] BPF_MAP_UPDATE_ELEM prog_array name=sys_enter_init_ map_fd=10 map_id=360 key=226 prog_fd=78 prog_id=198 flags=0 ret=0 errno=0
[385.896063 pid=6620 tid=6628] native-loader jit-info prog_array-target fd=78 id=198 type=17 name=sys_enter_init tag=39f0608a879c1a34 jited_len=2062 xlated_len=3504 nr_jited_ksyms=1 ksym0=0xffffffffc040234c ksym1=0x0
[385.896483 pid=6620 tid=6628] BPF_MAP_UPDATE_ELEM prog_array name=sys_enter_init_ map_fd=10 map_id=360 key=227 prog_fd=78 prog_id=198 flags=0 ret=0 errno=0
[385.896728 pid=6620 tid=6628] native-loader jit-info prog_array-target fd=78 id=198 type=17 name=sys_enter_init tag=39f0608a879c1a34 jited_len=2062 xlated_len=3504 nr_jited_ksyms=1 ksym0=0xffffffffc040234c ksym1=0x0
[385.897063 pid=6620 tid=6628] BPF_MAP_UPDATE_ELEM prog_array name=sys_enter_init_ map_fd=10 map_id=360 key=228 prog_fd=78 prog_id=198 flags=0 ret=0 errno=0
[385.897604 pid=6620 tid=6628] native-loader jit-info prog_array-target fd=78 id=198 type=17 name=sys_enter_init tag=39f0608a879c1a34 jited_len=2062 xlated_len=3504 nr_jited_ksyms=1 ksym0=0xffffffffc040234c ksym1=0x0
[385.898047 pid=6620 tid=6628] BPF_MAP_UPDATE_ELEM prog_array name=sys_enter_init_ map_fd=10 map_id=360 key=229 prog_fd=78 prog_id=198 flags=0 ret=0 errno=0
[385.898595 pid=6620 tid=6628] native-loader jit-info prog_array-target fd=78 id=198 type=17 name=sys_enter_init tag=39f0608a879c1a34 jited_len=2062 xlated_len=3504 nr_jited_ksyms=1 ksym0=0xffffffffc040234c ksym1=0x0
[385.899344 pid=6620 tid=6628] BPF_MAP_UPDATE_ELEM prog_array name=sys_enter_init_ map_fd=10 map_id=360 key=230 prog_fd=78 prog_id=198 flags=0 ret=0 errno=0
[385.899784 pid=6620 tid=6628] native-loader jit-info prog_array-target fd=78 id=198 type=17 name=sys_enter_init tag=39f0608a879c1a34 jited_len=2062 xlated_len=3504 nr_jited_ksyms=1 ksym0=0xffffffffc040234c ksym1=0x0
[385.899928 pid=6620 tid=6628] BPF_MAP_UPDATE_ELEM prog_array name=sys_enter_init_ map_fd=10 map_id=360 key=231 prog_fd=78 prog_id=198 flags=0 ret=0 errno=0
[385.900051 pid=6620 tid=6628] native-loader jit-info prog_array-target fd=78 id=198 type=17 name=sys_enter_init tag=39f0608a879c1a34 jited_len=2062 xlated_len=3504 nr_jited_ksyms=1 ksym0=0xffffffffc040234c ksym1=0x0
[385.900166 pid=6620 tid=6628] BPF_MAP_UPDATE_ELEM prog_array name=sys_enter_init_ map_fd=10 map_id=360 key=232 prog_fd=78 prog_id=198 flags=0 ret=0 errno=0
[385.900250 pid=6620 tid=6628] native-loader jit-info prog_array-target fd=78 id=198 type=17 name=sys_enter_init tag=39f0608a879c1a34 jited_len=2062 xlated_len=3504 nr_jited_ksyms=1 ksym0=0xffffffffc040234c ksym1=0x0
[385.900341 pid=6620 tid=6628] BPF_MAP_UPDATE_ELEM prog_array name=sys_enter_init_ map_fd=10 map_id=360 key=233 prog_fd=78 prog_id=198 flags=0 ret=0 errno=0
[385.900428 pid=6620 tid=6628] native-loader jit-info prog_array-target fd=78 id=198 type=17 name=sys_enter_init tag=39f0608a879c1a34 jited_len=2062 xlated_len=3504 nr_jited_ksyms=1 ksym0=0xffffffffc040234c ksym1=0x0
[385.900520 pid=6620 tid=6628] BPF_MAP_UPDATE_ELEM prog_array name=sys_enter_init_ map_fd=10 map_id=360 key=234 prog_fd=78 prog_id=198 flags=0 ret=0 errno=0
[385.900602 pid=6620 tid=6628] native-loader jit-info prog_array-target fd=78 id=198 type=17 name=sys_enter_init tag=39f0608a879c1a34 jited_len=2062 xlated_len=3504 nr_jited_ksyms=1 ksym0=0xffffffffc040234c ksym1=0x0
[385.900694 pid=6620 tid=6628] BPF_MAP_UPDATE_ELEM prog_array name=sys_enter_init_ map_fd=10 map_id=360 key=235 prog_fd=78 prog_id=198 flags=0 ret=0 errno=0
[385.900779 pid=6620 tid=6628] native-loader jit-info prog_array-target fd=78 id=198 type=17 name=sys_enter_init tag=39f0608a879c1a34 jited_len=2062 xlated_len=3504 nr_jited_ksyms=1 ksym0=0xffffffffc040234c ksym1=0x0
[385.900869 pid=6620 tid=6628] BPF_MAP_UPDATE_ELEM prog_array name=sys_enter_init_ map_fd=10 map_id=360 key=236 prog_fd=78 prog_id=198 flags=0 ret=0 errno=0
[385.900954 pid=6620 tid=6628] native-loader jit-info prog_array-target fd=78 id=198 type=17 name=sys_enter_init tag=39f0608a879c1a34 jited_len=2062 xlated_len=3504 nr_jited_ksyms=1 ksym0=0xffffffffc040234c ksym1=0x0
[385.901045 pid=6620 tid=6628] BPF_MAP_UPDATE_ELEM prog_array name=sys_enter_init_ map_fd=10 map_id=360 key=237 prog_fd=78 prog_id=198 flags=0 ret=0 errno=0
[385.901129 pid=6620 tid=6628] native-loader jit-info prog_array-target fd=78 id=198 type=17 name=sys_enter_init tag=39f0608a879c1a34 jited_len=2062 xlated_len=3504 nr_jited_ksyms=1 ksym0=0xffffffffc040234c ksym1=0x0
[385.901220 pid=6620 tid=6628] BPF_MAP_UPDATE_ELEM prog_array name=sys_enter_init_ map_fd=10 map_id=360 key=238 prog_fd=78 prog_id=198 flags=0 ret=0 errno=0
[385.901306 pid=6620 tid=6628] native-loader jit-info prog_array-target fd=78 id=198 type=17 name=sys_enter_init tag=39f0608a879c1a34 jited_len=2062 xlated_len=3504 nr_jited_ksyms=1 ksym0=0xffffffffc040234c ksym1=0x0
[385.901399 pid=6620 tid=6628] BPF_MAP_UPDATE_ELEM prog_array name=sys_enter_init_ map_fd=10 map_id=360 key=239 prog_fd=78 prog_id=198 flags=0 ret=0 errno=0
[385.901555 pid=6620 tid=6628] native-loader jit-info prog_array-target fd=78 id=198 type=17 name=sys_enter_init tag=39f0608a879c1a34 jited_len=2062 xlated_len=3504 nr_jited_ksyms=1 ksym0=0xffffffffc040234c ksym1=0x0
[385.901793 pid=6620 tid=6628] BPF_MAP_UPDATE_ELEM prog_array name=sys_enter_init_ map_fd=10 map_id=360 key=240 prog_fd=78 prog_id=198 flags=0 ret=0 errno=0
[385.901884 pid=6620 tid=6628] native-loader jit-info prog_array-target fd=78 id=198 type=17 name=sys_enter_init tag=39f0608a879c1a34 jited_len=2062 xlated_len=3504 nr_jited_ksyms=1 ksym0=0xffffffffc040234c ksym1=0x0
[385.901975 pid=6620 tid=6628] BPF_MAP_UPDATE_ELEM prog_array name=sys_enter_init_ map_fd=10 map_id=360 key=241 prog_fd=78 prog_id=198 flags=0 ret=0 errno=0
[385.902032 pid=6620 tid=6628] native-loader jit-info prog_array-target fd=78 id=198 type=17 name=sys_enter_init tag=39f0608a879c1a34 jited_len=2062 xlated_len=3504 nr_jited_ksyms=1 ksym0=0xffffffffc040234c ksym1=0x0
[385.902095 pid=6620 tid=6628] BPF_MAP_UPDATE_ELEM prog_array name=sys_enter_init_ map_fd=10 map_id=360 key=242 prog_fd=78 prog_id=198 flags=0 ret=0 errno=0
[385.902178 pid=6620 tid=6628] native-loader jit-info prog_array-target fd=78 id=198 type=17 name=sys_enter_init tag=39f0608a879c1a34 jited_len=2062 xlated_len=3504 nr_jited_ksyms=1 ksym0=0xffffffffc040234c ksym1=0x0
[385.902269 pid=6620 tid=6628] BPF_MAP_UPDATE_ELEM prog_array name=sys_enter_init_ map_fd=10 map_id=360 key=243 prog_fd=78 prog_id=198 flags=0 ret=0 errno=0
[385.902326 pid=6620 tid=6628] native-loader jit-info prog_array-target fd=78 id=198 type=17 name=sys_enter_init tag=39f0608a879c1a34 jited_len=2062 xlated_len=3504 nr_jited_ksyms=1 ksym0=0xffffffffc040234c ksym1=0x0
[385.902420 pid=6620 tid=6628] BPF_MAP_UPDATE_ELEM prog_array name=sys_enter_init_ map_fd=10 map_id=360 key=244 prog_fd=78 prog_id=198 flags=0 ret=0 errno=0
[385.902504 pid=6620 tid=6628] native-loader jit-info prog_array-target fd=78 id=198 type=17 name=sys_enter_init tag=39f0608a879c1a34 jited_len=2062 xlated_len=3504 nr_jited_ksyms=1 ksym0=0xffffffffc040234c ksym1=0x0
[385.902595 pid=6620 tid=6628] BPF_MAP_UPDATE_ELEM prog_array name=sys_enter_init_ map_fd=10 map_id=360 key=245 prog_fd=78 prog_id=198 flags=0 ret=0 errno=0
[385.902651 pid=6620 tid=6628] native-loader jit-info prog_array-target fd=78 id=198 type=17 name=sys_enter_init tag=39f0608a879c1a34 jited_len=2062 xlated_len=3504 nr_jited_ksyms=1 ksym0=0xffffffffc040234c ksym1=0x0
[385.902715 pid=6620 tid=6628] BPF_MAP_UPDATE_ELEM prog_array name=sys_enter_init_ map_fd=10 map_id=360 key=246 prog_fd=78 prog_id=198 flags=0 ret=0 errno=0
[385.902772 pid=6620 tid=6628] native-loader jit-info prog_array-target fd=78 id=198 type=17 name=sys_enter_init tag=39f0608a879c1a34 jited_len=2062 xlated_len=3504 nr_jited_ksyms=1 ksym0=0xffffffffc040234c ksym1=0x0
[385.902835 pid=6620 tid=6628] BPF_MAP_UPDATE_ELEM prog_array name=sys_enter_init_ map_fd=10 map_id=360 key=247 prog_fd=78 prog_id=198 flags=0 ret=0 errno=0
[385.902891 pid=6620 tid=6628] native-loader jit-info prog_array-target fd=78 id=198 type=17 name=sys_enter_init tag=39f0608a879c1a34 jited_len=2062 xlated_len=3504 nr_jited_ksyms=1 ksym0=0xffffffffc040234c ksym1=0x0
[385.902954 pid=6620 tid=6628] BPF_MAP_UPDATE_ELEM prog_array name=sys_enter_init_ map_fd=10 map_id=360 key=248 prog_fd=78 prog_id=198 flags=0 ret=0 errno=0
[385.903010 pid=6620 tid=6628] native-loader jit-info prog_array-target fd=78 id=198 type=17 name=sys_enter_init tag=39f0608a879c1a34 jited_len=2062 xlated_len=3504 nr_jited_ksyms=1 ksym0=0xffffffffc040234c ksym1=0x0
[385.903074 pid=6620 tid=6628] BPF_MAP_UPDATE_ELEM prog_array name=sys_enter_init_ map_fd=10 map_id=360 key=249 prog_fd=78 prog_id=198 flags=0 ret=0 errno=0
[385.903130 pid=6620 tid=6628] native-loader jit-info prog_array-target fd=78 id=198 type=17 name=sys_enter_init tag=39f0608a879c1a34 jited_len=2062 xlated_len=3504 nr_jited_ksyms=1 ksym0=0xffffffffc040234c ksym1=0x0
[385.903192 pid=6620 tid=6628] BPF_MAP_UPDATE_ELEM prog_array name=sys_enter_init_ map_fd=10 map_id=360 key=250 prog_fd=78 prog_id=198 flags=0 ret=0 errno=0
[385.903248 pid=6620 tid=6628] native-loader jit-info prog_array-target fd=78 id=198 type=17 name=sys_enter_init tag=39f0608a879c1a34 jited_len=2062 xlated_len=3504 nr_jited_ksyms=1 ksym0=0xffffffffc040234c ksym1=0x0
[385.903311 pid=6620 tid=6628] BPF_MAP_UPDATE_ELEM prog_array name=sys_enter_init_ map_fd=10 map_id=360 key=251 prog_fd=78 prog_id=198 flags=0 ret=0 errno=0
[385.903398 pid=6620 tid=6628] native-loader jit-info prog_array-target fd=78 id=198 type=17 name=sys_enter_init tag=39f0608a879c1a34 jited_len=2062 xlated_len=3504 nr_jited_ksyms=1 ksym0=0xffffffffc040234c ksym1=0x0
[385.903490 pid=6620 tid=6628] BPF_MAP_UPDATE_ELEM prog_array name=sys_enter_init_ map_fd=10 map_id=360 key=252 prog_fd=78 prog_id=198 flags=0 ret=0 errno=0
[385.903574 pid=6620 tid=6628] native-loader jit-info prog_array-target fd=78 id=198 type=17 name=sys_enter_init tag=39f0608a879c1a34 jited_len=2062 xlated_len=3504 nr_jited_ksyms=1 ksym0=0xffffffffc040234c ksym1=0x0
[385.903637 pid=6620 tid=6628] BPF_MAP_UPDATE_ELEM prog_array name=sys_enter_init_ map_fd=10 map_id=360 key=253 prog_fd=78 prog_id=198 flags=0 ret=0 errno=0
[385.903694 pid=6620 tid=6628] native-loader jit-info prog_array-target fd=78 id=198 type=17 name=sys_enter_init tag=39f0608a879c1a34 jited_len=2062 xlated_len=3504 nr_jited_ksyms=1 ksym0=0xffffffffc040234c ksym1=0x0
[385.903757 pid=6620 tid=6628] BPF_MAP_UPDATE_ELEM prog_array name=sys_enter_init_ map_fd=10 map_id=360 key=254 prog_fd=78 prog_id=198 flags=0 ret=0 errno=0
[385.903814 pid=6620 tid=6628] native-loader jit-info prog_array-target fd=78 id=198 type=17 name=sys_enter_init tag=39f0608a879c1a34 jited_len=2062 xlated_len=3504 nr_jited_ksyms=1 ksym0=0xffffffffc040234c ksym1=0x0
[385.903878 pid=6620 tid=6628] BPF_MAP_UPDATE_ELEM prog_array name=sys_enter_init_ map_fd=10 map_id=360 key=255 prog_fd=78 prog_id=198 flags=0 ret=0 errno=0
[385.903934 pid=6620 tid=6628] native-loader jit-info prog_array-target fd=78 id=198 type=17 name=sys_enter_init tag=39f0608a879c1a34 jited_len=2062 xlated_len=3504 nr_jited_ksyms=1 ksym0=0xffffffffc040234c ksym1=0x0
[385.903997 pid=6620 tid=6628] BPF_MAP_UPDATE_ELEM prog_array name=sys_enter_init_ map_fd=10 map_id=360 key=256 prog_fd=78 prog_id=198 flags=0 ret=0 errno=0
[385.904052 pid=6620 tid=6628] native-loader jit-info prog_array-target fd=78 id=198 type=17 name=sys_enter_init tag=39f0608a879c1a34 jited_len=2062 xlated_len=3504 nr_jited_ksyms=1 ksym0=0xffffffffc040234c ksym1=0x0
[385.904115 pid=6620 tid=6628] BPF_MAP_UPDATE_ELEM prog_array name=sys_enter_init_ map_fd=10 map_id=360 key=257 prog_fd=78 prog_id=198 flags=0 ret=0 errno=0
[385.904200 pid=6620 tid=6628] native-loader jit-info prog_array-target fd=78 id=198 type=17 name=sys_enter_init tag=39f0608a879c1a34 jited_len=2062 xlated_len=3504 nr_jited_ksyms=1 ksym0=0xffffffffc040234c ksym1=0x0
[385.904263 pid=6620 tid=6628] BPF_MAP_UPDATE_ELEM prog_array name=sys_enter_init_ map_fd=10 map_id=360 key=258 prog_fd=78 prog_id=198 flags=0 ret=0 errno=0
[385.904319 pid=6620 tid=6628] native-loader jit-info prog_array-target fd=78 id=198 type=17 name=sys_enter_init tag=39f0608a879c1a34 jited_len=2062 xlated_len=3504 nr_jited_ksyms=1 ksym0=0xffffffffc040234c ksym1=0x0
[385.904386 pid=6620 tid=6628] BPF_MAP_UPDATE_ELEM prog_array name=sys_enter_init_ map_fd=10 map_id=360 key=259 prog_fd=78 prog_id=198 flags=0 ret=0 errno=0
[385.904470 pid=6620 tid=6628] native-loader jit-info prog_array-target fd=78 id=198 type=17 name=sys_enter_init tag=39f0608a879c1a34 jited_len=2062 xlated_len=3504 nr_jited_ksyms=1 ksym0=0xffffffffc040234c ksym1=0x0
[385.904534 pid=6620 tid=6628] BPF_MAP_UPDATE_ELEM prog_array name=sys_enter_init_ map_fd=10 map_id=360 key=260 prog_fd=78 prog_id=198 flags=0 ret=0 errno=0
[385.904590 pid=6620 tid=6628] native-loader jit-info prog_array-target fd=78 id=198 type=17 name=sys_enter_init tag=39f0608a879c1a34 jited_len=2062 xlated_len=3504 nr_jited_ksyms=1 ksym0=0xffffffffc040234c ksym1=0x0
[385.904654 pid=6620 tid=6628] BPF_MAP_UPDATE_ELEM prog_array name=sys_enter_init_ map_fd=10 map_id=360 key=261 prog_fd=78 prog_id=198 flags=0 ret=0 errno=0
[385.904710 pid=6620 tid=6628] native-loader jit-info prog_array-target fd=78 id=198 type=17 name=sys_enter_init tag=39f0608a879c1a34 jited_len=2062 xlated_len=3504 nr_jited_ksyms=1 ksym0=0xffffffffc040234c ksym1=0x0
[385.904773 pid=6620 tid=6628] BPF_MAP_UPDATE_ELEM prog_array name=sys_enter_init_ map_fd=10 map_id=360 key=262 prog_fd=78 prog_id=198 flags=0 ret=0 errno=0
[385.904830 pid=6620 tid=6628] native-loader jit-info prog_array-target fd=78 id=198 type=17 name=sys_enter_init tag=39f0608a879c1a34 jited_len=2062 xlated_len=3504 nr_jited_ksyms=1 ksym0=0xffffffffc040234c ksym1=0x0
[385.904893 pid=6620 tid=6628] BPF_MAP_UPDATE_ELEM prog_array name=sys_enter_init_ map_fd=10 map_id=360 key=263 prog_fd=78 prog_id=198 flags=0 ret=0 errno=0
[385.904949 pid=6620 tid=6628] native-loader jit-info prog_array-target fd=78 id=198 type=17 name=sys_enter_init tag=39f0608a879c1a34 jited_len=2062 xlated_len=3504 nr_jited_ksyms=1 ksym0=0xffffffffc040234c ksym1=0x0
[385.905012 pid=6620 tid=6628] BPF_MAP_UPDATE_ELEM prog_array name=sys_enter_init_ map_fd=10 map_id=360 key=264 prog_fd=78 prog_id=198 flags=0 ret=0 errno=0
[385.905069 pid=6620 tid=6628] native-loader jit-info prog_array-target fd=78 id=198 type=17 name=sys_enter_init tag=39f0608a879c1a34 jited_len=2062 xlated_len=3504 nr_jited_ksyms=1 ksym0=0xffffffffc040234c ksym1=0x0
[385.905132 pid=6620 tid=6628] BPF_MAP_UPDATE_ELEM prog_array name=sys_enter_init_ map_fd=10 map_id=360 key=265 prog_fd=78 prog_id=198 flags=0 ret=0 errno=0
[385.905188 pid=6620 tid=6628] native-loader jit-info prog_array-target fd=78 id=198 type=17 name=sys_enter_init tag=39f0608a879c1a34 jited_len=2062 xlated_len=3504 nr_jited_ksyms=1 ksym0=0xffffffffc040234c ksym1=0x0
[385.905251 pid=6620 tid=6628] BPF_MAP_UPDATE_ELEM prog_array name=sys_enter_init_ map_fd=10 map_id=360 key=266 prog_fd=78 prog_id=198 flags=0 ret=0 errno=0
[385.905307 pid=6620 tid=6628] native-loader jit-info prog_array-target fd=78 id=198 type=17 name=sys_enter_init tag=39f0608a879c1a34 jited_len=2062 xlated_len=3504 nr_jited_ksyms=1 ksym0=0xffffffffc040234c ksym1=0x0
[385.905373 pid=6620 tid=6628] BPF_MAP_UPDATE_ELEM prog_array name=sys_enter_init_ map_fd=10 map_id=360 key=267 prog_fd=78 prog_id=198 flags=0 ret=0 errno=0
[385.905457 pid=6620 tid=6628] native-loader jit-info prog_array-target fd=78 id=198 type=17 name=sys_enter_init tag=39f0608a879c1a34 jited_len=2062 xlated_len=3504 nr_jited_ksyms=1 ksym0=0xffffffffc040234c ksym1=0x0
[385.905549 pid=6620 tid=6628] BPF_MAP_UPDATE_ELEM prog_array name=sys_enter_init_ map_fd=10 map_id=360 key=268 prog_fd=78 prog_id=198 flags=0 ret=0 errno=0
[385.905605 pid=6620 tid=6628] native-loader jit-info prog_array-target fd=78 id=198 type=17 name=sys_enter_init tag=39f0608a879c1a34 jited_len=2062 xlated_len=3504 nr_jited_ksyms=1 ksym0=0xffffffffc040234c ksym1=0x0
[385.905696 pid=6620 tid=6628] BPF_MAP_UPDATE_ELEM prog_array name=sys_enter_init_ map_fd=10 map_id=360 key=269 prog_fd=78 prog_id=198 flags=0 ret=0 errno=0
[385.905752 pid=6620 tid=6628] native-loader jit-info prog_array-target fd=78 id=198 type=17 name=sys_enter_init tag=39f0608a879c1a34 jited_len=2062 xlated_len=3504 nr_jited_ksyms=1 ksym0=0xffffffffc040234c ksym1=0x0
[385.905815 pid=6620 tid=6628] BPF_MAP_UPDATE_ELEM prog_array name=sys_enter_init_ map_fd=10 map_id=360 key=270 prog_fd=78 prog_id=198 flags=0 ret=0 errno=0
[385.905872 pid=6620 tid=6628] native-loader jit-info prog_array-target fd=78 id=198 type=17 name=sys_enter_init tag=39f0608a879c1a34 jited_len=2062 xlated_len=3504 nr_jited_ksyms=1 ksym0=0xffffffffc040234c ksym1=0x0
[385.905935 pid=6620 tid=6628] BPF_MAP_UPDATE_ELEM prog_array name=sys_enter_init_ map_fd=10 map_id=360 key=271 prog_fd=78 prog_id=198 flags=0 ret=0 errno=0
[385.905991 pid=6620 tid=6628] native-loader jit-info prog_array-target fd=78 id=198 type=17 name=sys_enter_init tag=39f0608a879c1a34 jited_len=2062 xlated_len=3504 nr_jited_ksyms=1 ksym0=0xffffffffc040234c ksym1=0x0
[385.906055 pid=6620 tid=6628] BPF_MAP_UPDATE_ELEM prog_array name=sys_enter_init_ map_fd=10 map_id=360 key=272 prog_fd=78 prog_id=198 flags=0 ret=0 errno=0
[385.906111 pid=6620 tid=6628] native-loader jit-info prog_array-target fd=78 id=198 type=17 name=sys_enter_init tag=39f0608a879c1a34 jited_len=2062 xlated_len=3504 nr_jited_ksyms=1 ksym0=0xffffffffc040234c ksym1=0x0
[385.906176 pid=6620 tid=6628] BPF_MAP_UPDATE_ELEM prog_array name=sys_enter_init_ map_fd=10 map_id=360 key=273 prog_fd=78 prog_id=198 flags=0 ret=0 errno=0
[385.906259 pid=6620 tid=6628] native-loader jit-info prog_array-target fd=78 id=198 type=17 name=sys_enter_init tag=39f0608a879c1a34 jited_len=2062 xlated_len=3504 nr_jited_ksyms=1 ksym0=0xffffffffc040234c ksym1=0x0
[385.906322 pid=6620 tid=6628] BPF_MAP_UPDATE_ELEM prog_array name=sys_enter_init_ map_fd=10 map_id=360 key=274 prog_fd=78 prog_id=198 flags=0 ret=0 errno=0
[385.906408 pid=6620 tid=6628] native-loader jit-info prog_array-target fd=78 id=198 type=17 name=sys_enter_init tag=39f0608a879c1a34 jited_len=2062 xlated_len=3504 nr_jited_ksyms=1 ksym0=0xffffffffc040234c ksym1=0x0
[385.906500 pid=6620 tid=6628] BPF_MAP_UPDATE_ELEM prog_array name=sys_enter_init_ map_fd=10 map_id=360 key=275 prog_fd=78 prog_id=198 flags=0 ret=0 errno=0
[385.906584 pid=6620 tid=6628] native-loader jit-info prog_array-target fd=78 id=198 type=17 name=sys_enter_init tag=39f0608a879c1a34 jited_len=2062 xlated_len=3504 nr_jited_ksyms=1 ksym0=0xffffffffc040234c ksym1=0x0
[385.906647 pid=6620 tid=6628] BPF_MAP_UPDATE_ELEM prog_array name=sys_enter_init_ map_fd=10 map_id=360 key=276 prog_fd=78 prog_id=198 flags=0 ret=0 errno=0
[385.906703 pid=6620 tid=6628] native-loader jit-info prog_array-target fd=78 id=198 type=17 name=sys_enter_init tag=39f0608a879c1a34 jited_len=2062 xlated_len=3504 nr_jited_ksyms=1 ksym0=0xffffffffc040234c ksym1=0x0
[385.906767 pid=6620 tid=6628] BPF_MAP_UPDATE_ELEM prog_array name=sys_enter_init_ map_fd=10 map_id=360 key=277 prog_fd=78 prog_id=198 flags=0 ret=0 errno=0
[385.906823 pid=6620 tid=6628] native-loader jit-info prog_array-target fd=78 id=198 type=17 name=sys_enter_init tag=39f0608a879c1a34 jited_len=2062 xlated_len=3504 nr_jited_ksyms=1 ksym0=0xffffffffc040234c ksym1=0x0
[385.906887 pid=6620 tid=6628] BPF_MAP_UPDATE_ELEM prog_array name=sys_enter_init_ map_fd=10 map_id=360 key=278 prog_fd=78 prog_id=198 flags=0 ret=0 errno=0
[385.906944 pid=6620 tid=6628] native-loader jit-info prog_array-target fd=78 id=198 type=17 name=sys_enter_init tag=39f0608a879c1a34 jited_len=2062 xlated_len=3504 nr_jited_ksyms=1 ksym0=0xffffffffc040234c ksym1=0x0
[385.907008 pid=6620 tid=6628] BPF_MAP_UPDATE_ELEM prog_array name=sys_enter_init_ map_fd=10 map_id=360 key=279 prog_fd=78 prog_id=198 flags=0 ret=0 errno=0
[385.907092 pid=6620 tid=6628] native-loader jit-info prog_array-target fd=78 id=198 type=17 name=sys_enter_init tag=39f0608a879c1a34 jited_len=2062 xlated_len=3504 nr_jited_ksyms=1 ksym0=0xffffffffc040234c ksym1=0x0
[385.907156 pid=6620 tid=6628] BPF_MAP_UPDATE_ELEM prog_array name=sys_enter_init_ map_fd=10 map_id=360 key=280 prog_fd=78 prog_id=198 flags=0 ret=0 errno=0
[385.907213 pid=6620 tid=6628] native-loader jit-info prog_array-target fd=78 id=198 type=17 name=sys_enter_init tag=39f0608a879c1a34 jited_len=2062 xlated_len=3504 nr_jited_ksyms=1 ksym0=0xffffffffc040234c ksym1=0x0
[385.907305 pid=6620 tid=6628] BPF_MAP_UPDATE_ELEM prog_array name=sys_enter_init_ map_fd=10 map_id=360 key=281 prog_fd=78 prog_id=198 flags=0 ret=0 errno=0
[385.907392 pid=6620 tid=6628] native-loader jit-info prog_array-target fd=78 id=198 type=17 name=sys_enter_init tag=39f0608a879c1a34 jited_len=2062 xlated_len=3504 nr_jited_ksyms=1 ksym0=0xffffffffc040234c ksym1=0x0
[385.907483 pid=6620 tid=6628] BPF_MAP_UPDATE_ELEM prog_array name=sys_enter_init_ map_fd=10 map_id=360 key=282 prog_fd=78 prog_id=198 flags=0 ret=0 errno=0
[385.907567 pid=6620 tid=6628] native-loader jit-info prog_array-target fd=78 id=198 type=17 name=sys_enter_init tag=39f0608a879c1a34 jited_len=2062 xlated_len=3504 nr_jited_ksyms=1 ksym0=0xffffffffc040234c ksym1=0x0
[385.907659 pid=6620 tid=6628] BPF_MAP_UPDATE_ELEM prog_array name=sys_enter_init_ map_fd=10 map_id=360 key=283 prog_fd=78 prog_id=198 flags=0 ret=0 errno=0
[385.907743 pid=6620 tid=6628] native-loader jit-info prog_array-target fd=78 id=198 type=17 name=sys_enter_init tag=39f0608a879c1a34 jited_len=2062 xlated_len=3504 nr_jited_ksyms=1 ksym0=0xffffffffc040234c ksym1=0x0
[385.907836 pid=6620 tid=6628] BPF_MAP_UPDATE_ELEM prog_array name=sys_enter_init_ map_fd=10 map_id=360 key=284 prog_fd=78 prog_id=198 flags=0 ret=0 errno=0
[385.907923 pid=6620 tid=6628] native-loader jit-info prog_array-target fd=78 id=198 type=17 name=sys_enter_init tag=39f0608a879c1a34 jited_len=2062 xlated_len=3504 nr_jited_ksyms=1 ksym0=0xffffffffc040234c ksym1=0x0
[385.908017 pid=6620 tid=6628] BPF_MAP_UPDATE_ELEM prog_array name=sys_enter_init_ map_fd=10 map_id=360 key=285 prog_fd=78 prog_id=198 flags=0 ret=0 errno=0
[385.908102 pid=6620 tid=6628] native-loader jit-info prog_array-target fd=78 id=198 type=17 name=sys_enter_init tag=39f0608a879c1a34 jited_len=2062 xlated_len=3504 nr_jited_ksyms=1 ksym0=0xffffffffc040234c ksym1=0x0
[385.908196 pid=6620 tid=6628] BPF_MAP_UPDATE_ELEM prog_array name=sys_enter_init_ map_fd=10 map_id=360 key=286 prog_fd=78 prog_id=198 flags=0 ret=0 errno=0
[385.908251 pid=6620 tid=6628] native-loader jit-info prog_array-target fd=78 id=198 type=17 name=sys_enter_init tag=39f0608a879c1a34 jited_len=2062 xlated_len=3504 nr_jited_ksyms=1 ksym0=0xffffffffc040234c ksym1=0x0
[385.908343 pid=6620 tid=6628] BPF_MAP_UPDATE_ELEM prog_array name=sys_enter_init_ map_fd=10 map_id=360 key=287 prog_fd=78 prog_id=198 flags=0 ret=0 errno=0
[385.908430 pid=6620 tid=6628] native-loader jit-info prog_array-target fd=78 id=198 type=17 name=sys_enter_init tag=39f0608a879c1a34 jited_len=2062 xlated_len=3504 nr_jited_ksyms=1 ksym0=0xffffffffc040234c ksym1=0x0
[385.908495 pid=6620 tid=6628] BPF_MAP_UPDATE_ELEM prog_array name=sys_enter_init_ map_fd=10 map_id=360 key=288 prog_fd=78 prog_id=198 flags=0 ret=0 errno=0
[385.908554 pid=6620 tid=6628] native-loader jit-info prog_array-target fd=78 id=198 type=17 name=sys_enter_init tag=39f0608a879c1a34 jited_len=2062 xlated_len=3504 nr_jited_ksyms=1 ksym0=0xffffffffc040234c ksym1=0x0
[385.908619 pid=6620 tid=6628] BPF_MAP_UPDATE_ELEM prog_array name=sys_enter_init_ map_fd=10 map_id=360 key=289 prog_fd=78 prog_id=198 flags=0 ret=0 errno=0
[385.908705 pid=6620 tid=6628] native-loader jit-info prog_array-target fd=78 id=198 type=17 name=sys_enter_init tag=39f0608a879c1a34 jited_len=2062 xlated_len=3504 nr_jited_ksyms=1 ksym0=0xffffffffc040234c ksym1=0x0
[385.908800 pid=6620 tid=6628] BPF_MAP_UPDATE_ELEM prog_array name=sys_enter_init_ map_fd=10 map_id=360 key=290 prog_fd=78 prog_id=198 flags=0 ret=0 errno=0
[385.908886 pid=6620 tid=6628] native-loader jit-info prog_array-target fd=78 id=198 type=17 name=sys_enter_init tag=39f0608a879c1a34 jited_len=2062 xlated_len=3504 nr_jited_ksyms=1 ksym0=0xffffffffc040234c ksym1=0x0
[385.908979 pid=6620 tid=6628] BPF_MAP_UPDATE_ELEM prog_array name=sys_enter_init_ map_fd=10 map_id=360 key=291 prog_fd=78 prog_id=198 flags=0 ret=0 errno=0
[385.909036 pid=6620 tid=6628] native-loader jit-info prog_array-target fd=78 id=198 type=17 name=sys_enter_init tag=39f0608a879c1a34 jited_len=2062 xlated_len=3504 nr_jited_ksyms=1 ksym0=0xffffffffc040234c ksym1=0x0
[385.909128 pid=6620 tid=6628] BPF_MAP_UPDATE_ELEM prog_array name=sys_enter_init_ map_fd=10 map_id=360 key=293 prog_fd=78 prog_id=198 flags=0 ret=0 errno=0
[385.909183 pid=6620 tid=6628] native-loader jit-info prog_array-target fd=78 id=198 type=17 name=sys_enter_init tag=39f0608a879c1a34 jited_len=2062 xlated_len=3504 nr_jited_ksyms=1 ksym0=0xffffffffc040234c ksym1=0x0
[385.909247 pid=6620 tid=6628] BPF_MAP_UPDATE_ELEM prog_array name=sys_enter_init_ map_fd=10 map_id=360 key=294 prog_fd=78 prog_id=198 flags=0 ret=0 errno=0
[385.909303 pid=6620 tid=6628] native-loader jit-info prog_array-target fd=78 id=198 type=17 name=sys_enter_init tag=39f0608a879c1a34 jited_len=2062 xlated_len=3504 nr_jited_ksyms=1 ksym0=0xffffffffc040234c ksym1=0x0
[385.909371 pid=6620 tid=6628] BPF_MAP_UPDATE_ELEM prog_array name=sys_enter_init_ map_fd=10 map_id=360 key=295 prog_fd=78 prog_id=198 flags=0 ret=0 errno=0
[385.909456 pid=6620 tid=6628] native-loader jit-info prog_array-target fd=78 id=198 type=17 name=sys_enter_init tag=39f0608a879c1a34 jited_len=2062 xlated_len=3504 nr_jited_ksyms=1 ksym0=0xffffffffc040234c ksym1=0x0
[385.909550 pid=6620 tid=6628] BPF_MAP_UPDATE_ELEM prog_array name=sys_enter_init_ map_fd=10 map_id=360 key=296 prog_fd=78 prog_id=198 flags=0 ret=0 errno=0
[385.909636 pid=6620 tid=6628] native-loader jit-info prog_array-target fd=78 id=198 type=17 name=sys_enter_init tag=39f0608a879c1a34 jited_len=2062 xlated_len=3504 nr_jited_ksyms=1 ksym0=0xffffffffc040234c ksym1=0x0
[385.909729 pid=6620 tid=6628] BPF_MAP_UPDATE_ELEM prog_array name=sys_enter_init_ map_fd=10 map_id=360 key=297 prog_fd=78 prog_id=198 flags=0 ret=0 errno=0
[385.909816 pid=6620 tid=6628] native-loader jit-info prog_array-target fd=78 id=198 type=17 name=sys_enter_init tag=39f0608a879c1a34 jited_len=2062 xlated_len=3504 nr_jited_ksyms=1 ksym0=0xffffffffc040234c ksym1=0x0
[385.909909 pid=6620 tid=6628] BPF_MAP_UPDATE_ELEM prog_array name=sys_enter_init_ map_fd=10 map_id=360 key=298 prog_fd=78 prog_id=198 flags=0 ret=0 errno=0
[385.909995 pid=6620 tid=6628] native-loader jit-info prog_array-target fd=78 id=198 type=17 name=sys_enter_init tag=39f0608a879c1a34 jited_len=2062 xlated_len=3504 nr_jited_ksyms=1 ksym0=0xffffffffc040234c ksym1=0x0
[385.910086 pid=6620 tid=6628] BPF_MAP_UPDATE_ELEM prog_array name=sys_enter_init_ map_fd=10 map_id=360 key=299 prog_fd=78 prog_id=198 flags=0 ret=0 errno=0
[385.910142 pid=6620 tid=6628] native-loader jit-info prog_array-target fd=78 id=198 type=17 name=sys_enter_init tag=39f0608a879c1a34 jited_len=2062 xlated_len=3504 nr_jited_ksyms=1 ksym0=0xffffffffc040234c ksym1=0x0
[385.910236 pid=6620 tid=6628] BPF_MAP_UPDATE_ELEM prog_array name=sys_enter_init_ map_fd=10 map_id=360 key=300 prog_fd=78 prog_id=198 flags=0 ret=0 errno=0
[385.910322 pid=6620 tid=6628] native-loader jit-info prog_array-target fd=78 id=198 type=17 name=sys_enter_init tag=39f0608a879c1a34 jited_len=2062 xlated_len=3504 nr_jited_ksyms=1 ksym0=0xffffffffc040234c ksym1=0x0
[385.910390 pid=6620 tid=6628] BPF_MAP_UPDATE_ELEM prog_array name=sys_enter_init_ map_fd=10 map_id=360 key=301 prog_fd=78 prog_id=198 flags=0 ret=0 errno=0
[385.910445 pid=6620 tid=6628] native-loader jit-info prog_array-target fd=78 id=198 type=17 name=sys_enter_init tag=39f0608a879c1a34 jited_len=2062 xlated_len=3504 nr_jited_ksyms=1 ksym0=0xffffffffc040234c ksym1=0x0
[385.910539 pid=6620 tid=6628] BPF_MAP_UPDATE_ELEM prog_array name=sys_enter_init_ map_fd=10 map_id=360 key=302 prog_fd=78 prog_id=198 flags=0 ret=0 errno=0
[385.910626 pid=6620 tid=6628] native-loader jit-info prog_array-target fd=78 id=198 type=17 name=sys_enter_init tag=39f0608a879c1a34 jited_len=2062 xlated_len=3504 nr_jited_ksyms=1 ksym0=0xffffffffc040234c ksym1=0x0
[385.910717 pid=6620 tid=6628] BPF_MAP_UPDATE_ELEM prog_array name=sys_enter_init_ map_fd=10 map_id=360 key=303 prog_fd=78 prog_id=198 flags=0 ret=0 errno=0
[385.910802 pid=6620 tid=6628] native-loader jit-info prog_array-target fd=78 id=198 type=17 name=sys_enter_init tag=39f0608a879c1a34 jited_len=2062 xlated_len=3504 nr_jited_ksyms=1 ksym0=0xffffffffc040234c ksym1=0x0
[385.910895 pid=6620 tid=6628] BPF_MAP_UPDATE_ELEM prog_array name=sys_enter_init_ map_fd=10 map_id=360 key=304 prog_fd=78 prog_id=198 flags=0 ret=0 errno=0
[385.910998 pid=6620 tid=6628] native-loader jit-info prog_array-target fd=78 id=198 type=17 name=sys_enter_init tag=39f0608a879c1a34 jited_len=2062 xlated_len=3504 nr_jited_ksyms=1 ksym0=0xffffffffc040234c ksym1=0x0
[385.911114 pid=6620 tid=6628] BPF_MAP_UPDATE_ELEM prog_array name=sys_enter_init_ map_fd=10 map_id=360 key=305 prog_fd=78 prog_id=198 flags=0 ret=0 errno=0
[385.911203 pid=6620 tid=6628] native-loader jit-info prog_array-target fd=78 id=198 type=17 name=sys_enter_init tag=39f0608a879c1a34 jited_len=2062 xlated_len=3504 nr_jited_ksyms=1 ksym0=0xffffffffc040234c ksym1=0x0
[385.911296 pid=6620 tid=6628] BPF_MAP_UPDATE_ELEM prog_array name=sys_enter_init_ map_fd=10 map_id=360 key=306 prog_fd=78 prog_id=198 flags=0 ret=0 errno=0
[385.911385 pid=6620 tid=6628] native-loader jit-info prog_array-target fd=78 id=198 type=17 name=sys_enter_init tag=39f0608a879c1a34 jited_len=2062 xlated_len=3504 nr_jited_ksyms=1 ksym0=0xffffffffc040234c ksym1=0x0
[385.911476 pid=6620 tid=6628] BPF_MAP_UPDATE_ELEM prog_array name=sys_enter_init_ map_fd=10 map_id=360 key=307 prog_fd=78 prog_id=198 flags=0 ret=0 errno=0
[385.911532 pid=6620 tid=6628] native-loader jit-info prog_array-target fd=78 id=198 type=17 name=sys_enter_init tag=39f0608a879c1a34 jited_len=2062 xlated_len=3504 nr_jited_ksyms=1 ksym0=0xffffffffc040234c ksym1=0x0
[385.911595 pid=6620 tid=6628] BPF_MAP_UPDATE_ELEM prog_array name=sys_enter_init_ map_fd=10 map_id=360 key=308 prog_fd=78 prog_id=198 flags=0 ret=0 errno=0
[385.911663 pid=6620 tid=6628] native-loader jit-info prog_array-target fd=78 id=198 type=17 name=sys_enter_init tag=39f0608a879c1a34 jited_len=2062 xlated_len=3504 nr_jited_ksyms=1 ksym0=0xffffffffc040234c ksym1=0x0
[385.911739 pid=6620 tid=6628] BPF_MAP_UPDATE_ELEM prog_array name=sys_enter_init_ map_fd=10 map_id=360 key=309 prog_fd=78 prog_id=198 flags=0 ret=0 errno=0
[385.911796 pid=6620 tid=6628] native-loader jit-info prog_array-target fd=78 id=198 type=17 name=sys_enter_init tag=39f0608a879c1a34 jited_len=2062 xlated_len=3504 nr_jited_ksyms=1 ksym0=0xffffffffc040234c ksym1=0x0
[385.911889 pid=6620 tid=6628] BPF_MAP_UPDATE_ELEM prog_array name=sys_enter_init_ map_fd=10 map_id=360 key=310 prog_fd=78 prog_id=198 flags=0 ret=0 errno=0
[385.911974 pid=6620 tid=6628] native-loader jit-info prog_array-target fd=78 id=198 type=17 name=sys_enter_init tag=39f0608a879c1a34 jited_len=2062 xlated_len=3504 nr_jited_ksyms=1 ksym0=0xffffffffc040234c ksym1=0x0
[385.912068 pid=6620 tid=6628] BPF_MAP_UPDATE_ELEM prog_array name=sys_enter_init_ map_fd=10 map_id=360 key=312 prog_fd=78 prog_id=198 flags=0 ret=0 errno=0
[385.912126 pid=6620 tid=6628] native-loader jit-info prog_array-target fd=78 id=198 type=17 name=sys_enter_init tag=39f0608a879c1a34 jited_len=2062 xlated_len=3504 nr_jited_ksyms=1 ksym0=0xffffffffc040234c ksym1=0x0
[385.912219 pid=6620 tid=6628] BPF_MAP_UPDATE_ELEM prog_array name=sys_enter_init_ map_fd=10 map_id=360 key=313 prog_fd=78 prog_id=198 flags=0 ret=0 errno=0
[385.912276 pid=6620 tid=6628] native-loader jit-info prog_array-target fd=78 id=198 type=17 name=sys_enter_init tag=39f0608a879c1a34 jited_len=2062 xlated_len=3504 nr_jited_ksyms=1 ksym0=0xffffffffc040234c ksym1=0x0
[385.912370 pid=6620 tid=6628] BPF_MAP_UPDATE_ELEM prog_array name=sys_enter_init_ map_fd=10 map_id=360 key=314 prog_fd=78 prog_id=198 flags=0 ret=0 errno=0
[385.912456 pid=6620 tid=6628] native-loader jit-info prog_array-target fd=78 id=198 type=17 name=sys_enter_init tag=39f0608a879c1a34 jited_len=2062 xlated_len=3504 nr_jited_ksyms=1 ksym0=0xffffffffc040234c ksym1=0x0
[385.912548 pid=6620 tid=6628] BPF_MAP_UPDATE_ELEM prog_array name=sys_enter_init_ map_fd=10 map_id=360 key=315 prog_fd=78 prog_id=198 flags=0 ret=0 errno=0
[385.912605 pid=6620 tid=6628] native-loader jit-info prog_array-target fd=78 id=198 type=17 name=sys_enter_init tag=39f0608a879c1a34 jited_len=2062 xlated_len=3504 nr_jited_ksyms=1 ksym0=0xffffffffc040234c ksym1=0x0
[385.912698 pid=6620 tid=6628] BPF_MAP_UPDATE_ELEM prog_array name=sys_enter_init_ map_fd=10 map_id=360 key=316 prog_fd=78 prog_id=198 flags=0 ret=0 errno=0
[385.912756 pid=6620 tid=6628] native-loader jit-info prog_array-target fd=78 id=198 type=17 name=sys_enter_init tag=39f0608a879c1a34 jited_len=2062 xlated_len=3504 nr_jited_ksyms=1 ksym0=0xffffffffc040234c ksym1=0x0
[385.912821 pid=6620 tid=6628] BPF_MAP_UPDATE_ELEM prog_array name=sys_enter_init_ map_fd=10 map_id=360 key=317 prog_fd=78 prog_id=198 flags=0 ret=0 errno=0
[385.912879 pid=6620 tid=6628] native-loader jit-info prog_array-target fd=78 id=198 type=17 name=sys_enter_init tag=39f0608a879c1a34 jited_len=2062 xlated_len=3504 nr_jited_ksyms=1 ksym0=0xffffffffc040234c ksym1=0x0
[385.912972 pid=6620 tid=6628] BPF_MAP_UPDATE_ELEM prog_array name=sys_enter_init_ map_fd=10 map_id=360 key=318 prog_fd=78 prog_id=198 flags=0 ret=0 errno=0
[385.913030 pid=6620 tid=6628] native-loader jit-info prog_array-target fd=78 id=198 type=17 name=sys_enter_init tag=39f0608a879c1a34 jited_len=2062 xlated_len=3504 nr_jited_ksyms=1 ksym0=0xffffffffc040234c ksym1=0x0
[385.913125 pid=6620 tid=6628] BPF_MAP_UPDATE_ELEM prog_array name=sys_enter_init_ map_fd=10 map_id=360 key=319 prog_fd=78 prog_id=198 flags=0 ret=0 errno=0
[385.913183 pid=6620 tid=6628] native-loader jit-info prog_array-target fd=78 id=198 type=17 name=sys_enter_init tag=39f0608a879c1a34 jited_len=2062 xlated_len=3504 nr_jited_ksyms=1 ksym0=0xffffffffc040234c ksym1=0x0
[385.913248 pid=6620 tid=6628] BPF_MAP_UPDATE_ELEM prog_array name=sys_enter_init_ map_fd=10 map_id=360 key=320 prog_fd=78 prog_id=198 flags=0 ret=0 errno=0
[385.913303 pid=6620 tid=6628] native-loader jit-info prog_array-target fd=78 id=198 type=17 name=sys_enter_init tag=39f0608a879c1a34 jited_len=2062 xlated_len=3504 nr_jited_ksyms=1 ksym0=0xffffffffc040234c ksym1=0x0
[385.913404 pid=6620 tid=6628] BPF_MAP_UPDATE_ELEM prog_array name=sys_enter_init_ map_fd=10 map_id=360 key=321 prog_fd=78 prog_id=198 flags=0 ret=0 errno=0
[385.913494 pid=6620 tid=6628] native-loader jit-info prog_array-target fd=78 id=198 type=17 name=sys_enter_init tag=39f0608a879c1a34 jited_len=2062 xlated_len=3504 nr_jited_ksyms=1 ksym0=0xffffffffc040234c ksym1=0x0
[385.913600 pid=6620 tid=6628] BPF_MAP_UPDATE_ELEM prog_array name=sys_enter_init_ map_fd=10 map_id=360 key=322 prog_fd=78 prog_id=198 flags=0 ret=0 errno=0
[385.913691 pid=6620 tid=6628] native-loader jit-info prog_array-target fd=78 id=198 type=17 name=sys_enter_init tag=39f0608a879c1a34 jited_len=2062 xlated_len=3504 nr_jited_ksyms=1 ksym0=0xffffffffc040234c ksym1=0x0
[385.913788 pid=6620 tid=6628] BPF_MAP_UPDATE_ELEM prog_array name=sys_enter_init_ map_fd=10 map_id=360 key=323 prog_fd=78 prog_id=198 flags=0 ret=0 errno=0
[385.913846 pid=6620 tid=6628] native-loader jit-info prog_array-target fd=78 id=198 type=17 name=sys_enter_init tag=39f0608a879c1a34 jited_len=2062 xlated_len=3504 nr_jited_ksyms=1 ksym0=0xffffffffc040234c ksym1=0x0
[385.913943 pid=6620 tid=6628] BPF_MAP_UPDATE_ELEM prog_array name=sys_enter_init_ map_fd=10 map_id=360 key=324 prog_fd=78 prog_id=198 flags=0 ret=0 errno=0
[385.914029 pid=6620 tid=6628] native-loader jit-info prog_array-target fd=78 id=198 type=17 name=sys_enter_init tag=39f0608a879c1a34 jited_len=2062 xlated_len=3504 nr_jited_ksyms=1 ksym0=0xffffffffc040234c ksym1=0x0
[385.914127 pid=6620 tid=6628] BPF_MAP_UPDATE_ELEM prog_array name=sys_enter_init_ map_fd=10 map_id=360 key=325 prog_fd=78 prog_id=198 flags=0 ret=0 errno=0
[385.914211 pid=6620 tid=6628] native-loader jit-info prog_array-target fd=78 id=198 type=17 name=sys_enter_init tag=39f0608a879c1a34 jited_len=2062 xlated_len=3504 nr_jited_ksyms=1 ksym0=0xffffffffc040234c ksym1=0x0
[385.914305 pid=6620 tid=6628] BPF_MAP_UPDATE_ELEM prog_array name=sys_enter_init_ map_fd=10 map_id=360 key=326 prog_fd=78 prog_id=198 flags=0 ret=0 errno=0
[385.914364 pid=6620 tid=6628] native-loader jit-info prog_array-target fd=78 id=198 type=17 name=sys_enter_init tag=39f0608a879c1a34 jited_len=2062 xlated_len=3504 nr_jited_ksyms=1 ksym0=0xffffffffc040234c ksym1=0x0
[385.914458 pid=6620 tid=6628] BPF_MAP_UPDATE_ELEM prog_array name=sys_enter_init_ map_fd=10 map_id=360 key=327 prog_fd=78 prog_id=198 flags=0 ret=0 errno=0
[385.914545 pid=6620 tid=6628] native-loader jit-info prog_array-target fd=78 id=198 type=17 name=sys_enter_init tag=39f0608a879c1a34 jited_len=2062 xlated_len=3504 nr_jited_ksyms=1 ksym0=0xffffffffc040234c ksym1=0x0
[385.914640 pid=6620 tid=6628] BPF_MAP_UPDATE_ELEM prog_array name=sys_enter_init_ map_fd=10 map_id=360 key=328 prog_fd=78 prog_id=198 flags=0 ret=0 errno=0
[385.914729 pid=6620 tid=6628] native-loader jit-info prog_array-target fd=78 id=198 type=17 name=sys_enter_init tag=39f0608a879c1a34 jited_len=2062 xlated_len=3504 nr_jited_ksyms=1 ksym0=0xffffffffc040234c ksym1=0x0
[385.914822 pid=6620 tid=6628] BPF_MAP_UPDATE_ELEM prog_array name=sys_enter_init_ map_fd=10 map_id=360 key=329 prog_fd=78 prog_id=198 flags=0 ret=0 errno=0
[385.914906 pid=6620 tid=6628] native-loader jit-info prog_array-target fd=78 id=198 type=17 name=sys_enter_init tag=39f0608a879c1a34 jited_len=2062 xlated_len=3504 nr_jited_ksyms=1 ksym0=0xffffffffc040234c ksym1=0x0
[385.914998 pid=6620 tid=6628] BPF_MAP_UPDATE_ELEM prog_array name=sys_enter_init_ map_fd=10 map_id=360 key=330 prog_fd=78 prog_id=198 flags=0 ret=0 errno=0
[385.915085 pid=6620 tid=6628] native-loader jit-info prog_array-target fd=78 id=198 type=17 name=sys_enter_init tag=39f0608a879c1a34 jited_len=2062 xlated_len=3504 nr_jited_ksyms=1 ksym0=0xffffffffc040234c ksym1=0x0
[385.915177 pid=6620 tid=6628] BPF_MAP_UPDATE_ELEM prog_array name=sys_enter_init_ map_fd=10 map_id=360 key=331 prog_fd=78 prog_id=198 flags=0 ret=0 errno=0
[385.915263 pid=6620 tid=6628] native-loader jit-info prog_array-target fd=78 id=198 type=17 name=sys_enter_init tag=39f0608a879c1a34 jited_len=2062 xlated_len=3504 nr_jited_ksyms=1 ksym0=0xffffffffc040234c ksym1=0x0
[385.915360 pid=6620 tid=6628] BPF_MAP_UPDATE_ELEM prog_array name=sys_enter_init_ map_fd=10 map_id=360 key=332 prog_fd=78 prog_id=198 flags=0 ret=0 errno=0
[385.915444 pid=6620 tid=6628] native-loader jit-info prog_array-target fd=78 id=198 type=17 name=sys_enter_init tag=39f0608a879c1a34 jited_len=2062 xlated_len=3504 nr_jited_ksyms=1 ksym0=0xffffffffc040234c ksym1=0x0
[385.915508 pid=6620 tid=6628] BPF_MAP_UPDATE_ELEM prog_array name=sys_enter_init_ map_fd=10 map_id=360 key=333 prog_fd=78 prog_id=198 flags=0 ret=0 errno=0
[385.915563 pid=6620 tid=6628] native-loader jit-info prog_array-target fd=78 id=198 type=17 name=sys_enter_init tag=39f0608a879c1a34 jited_len=2062 xlated_len=3504 nr_jited_ksyms=1 ksym0=0xffffffffc040234c ksym1=0x0
[385.915656 pid=6620 tid=6628] BPF_MAP_UPDATE_ELEM prog_array name=sys_enter_init_ map_fd=10 map_id=360 key=334 prog_fd=78 prog_id=198 flags=0 ret=0 errno=0
[385.915742 pid=6620 tid=6628] native-loader jit-info prog_array-target fd=78 id=198 type=17 name=sys_enter_init tag=39f0608a879c1a34 jited_len=2062 xlated_len=3504 nr_jited_ksyms=1 ksym0=0xffffffffc040234c ksym1=0x0
[385.915836 pid=6620 tid=6628] BPF_MAP_UPDATE_ELEM prog_array name=sys_enter_init_ map_fd=10 map_id=360 key=424 prog_fd=78 prog_id=198 flags=0 ret=0 errno=0
[385.915919 pid=6620 tid=6628] native-loader jit-info prog_array-target fd=78 id=198 type=17 name=sys_enter_init tag=39f0608a879c1a34 jited_len=2062 xlated_len=3504 nr_jited_ksyms=1 ksym0=0xffffffffc040234c ksym1=0x0
[385.916013 pid=6620 tid=6628] BPF_MAP_UPDATE_ELEM prog_array name=sys_enter_init_ map_fd=10 map_id=360 key=425 prog_fd=78 prog_id=198 flags=0 ret=0 errno=0
[385.916097 pid=6620 tid=6628] native-loader jit-info prog_array-target fd=78 id=198 type=17 name=sys_enter_init tag=39f0608a879c1a34 jited_len=2062 xlated_len=3504 nr_jited_ksyms=1 ksym0=0xffffffffc040234c ksym1=0x0
[385.916191 pid=6620 tid=6628] BPF_MAP_UPDATE_ELEM prog_array name=sys_enter_init_ map_fd=10 map_id=360 key=426 prog_fd=78 prog_id=198 flags=0 ret=0 errno=0
[385.916275 pid=6620 tid=6628] native-loader jit-info prog_array-target fd=78 id=198 type=17 name=sys_enter_init tag=39f0608a879c1a34 jited_len=2062 xlated_len=3504 nr_jited_ksyms=1 ksym0=0xffffffffc040234c ksym1=0x0
[385.916370 pid=6620 tid=6628] BPF_MAP_UPDATE_ELEM prog_array name=sys_enter_init_ map_fd=10 map_id=360 key=427 prog_fd=78 prog_id=198 flags=0 ret=0 errno=0
[385.916453 pid=6620 tid=6628] native-loader jit-info prog_array-target fd=78 id=198 type=17 name=sys_enter_init tag=39f0608a879c1a34 jited_len=2062 xlated_len=3504 nr_jited_ksyms=1 ksym0=0xffffffffc040234c ksym1=0x0
[385.916545 pid=6620 tid=6628] BPF_MAP_UPDATE_ELEM prog_array name=sys_enter_init_ map_fd=10 map_id=360 key=428 prog_fd=78 prog_id=198 flags=0 ret=0 errno=0
[385.916630 pid=6620 tid=6628] native-loader jit-info prog_array-target fd=78 id=198 type=17 name=sys_enter_init tag=39f0608a879c1a34 jited_len=2062 xlated_len=3504 nr_jited_ksyms=1 ksym0=0xffffffffc040234c ksym1=0x0
[385.916722 pid=6620 tid=6628] BPF_MAP_UPDATE_ELEM prog_array name=sys_enter_init_ map_fd=10 map_id=360 key=429 prog_fd=78 prog_id=198 flags=0 ret=0 errno=0
[385.916807 pid=6620 tid=6628] native-loader jit-info prog_array-target fd=78 id=198 type=17 name=sys_enter_init tag=39f0608a879c1a34 jited_len=2062 xlated_len=3504 nr_jited_ksyms=1 ksym0=0xffffffffc040234c ksym1=0x0
[385.916901 pid=6620 tid=6628] BPF_MAP_UPDATE_ELEM prog_array name=sys_enter_init_ map_fd=10 map_id=360 key=430 prog_fd=78 prog_id=198 flags=0 ret=0 errno=0
[385.916986 pid=6620 tid=6628] native-loader jit-info prog_array-target fd=78 id=198 type=17 name=sys_enter_init tag=39f0608a879c1a34 jited_len=2062 xlated_len=3504 nr_jited_ksyms=1 ksym0=0xffffffffc040234c ksym1=0x0
[385.917080 pid=6620 tid=6628] BPF_MAP_UPDATE_ELEM prog_array name=sys_enter_init_ map_fd=10 map_id=360 key=431 prog_fd=78 prog_id=198 flags=0 ret=0 errno=0
[385.917164 pid=6620 tid=6628] native-loader jit-info prog_array-target fd=78 id=198 type=17 name=sys_enter_init tag=39f0608a879c1a34 jited_len=2062 xlated_len=3504 nr_jited_ksyms=1 ksym0=0xffffffffc040234c ksym1=0x0
[385.917258 pid=6620 tid=6628] BPF_MAP_UPDATE_ELEM prog_array name=sys_enter_init_ map_fd=10 map_id=360 key=432 prog_fd=78 prog_id=198 flags=0 ret=0 errno=0
[385.917343 pid=6620 tid=6628] native-loader jit-info prog_array-target fd=78 id=198 type=17 name=sys_enter_init tag=39f0608a879c1a34 jited_len=2062 xlated_len=3504 nr_jited_ksyms=1 ksym0=0xffffffffc040234c ksym1=0x0
[385.917440 pid=6620 tid=6628] BPF_MAP_UPDATE_ELEM prog_array name=sys_enter_init_ map_fd=10 map_id=360 key=433 prog_fd=78 prog_id=198 flags=0 ret=0 errno=0
[385.917526 pid=6620 tid=6628] native-loader jit-info prog_array-target fd=78 id=198 type=17 name=sys_enter_init tag=39f0608a879c1a34 jited_len=2062 xlated_len=3504 nr_jited_ksyms=1 ksym0=0xffffffffc040234c ksym1=0x0
[385.917620 pid=6620 tid=6628] BPF_MAP_UPDATE_ELEM prog_array name=sys_enter_init_ map_fd=10 map_id=360 key=434 prog_fd=78 prog_id=198 flags=0 ret=0 errno=0
[385.917705 pid=6620 tid=6628] native-loader jit-info prog_array-target fd=78 id=198 type=17 name=sys_enter_init tag=39f0608a879c1a34 jited_len=2062 xlated_len=3504 nr_jited_ksyms=1 ksym0=0xffffffffc040234c ksym1=0x0
[385.917799 pid=6620 tid=6628] BPF_MAP_UPDATE_ELEM prog_array name=sys_enter_init_ map_fd=10 map_id=360 key=435 prog_fd=78 prog_id=198 flags=0 ret=0 errno=0
[385.917883 pid=6620 tid=6628] native-loader jit-info prog_array-target fd=78 id=198 type=17 name=sys_enter_init tag=39f0608a879c1a34 jited_len=2062 xlated_len=3504 nr_jited_ksyms=1 ksym0=0xffffffffc040234c ksym1=0x0
[385.917978 pid=6620 tid=6628] BPF_MAP_UPDATE_ELEM prog_array name=sys_enter_init_ map_fd=10 map_id=360 key=436 prog_fd=78 prog_id=198 flags=0 ret=0 errno=0
[385.918067 pid=6620 tid=6628] native-loader jit-info prog_array-target fd=78 id=198 type=17 name=sys_enter_init tag=39f0608a879c1a34 jited_len=2062 xlated_len=3504 nr_jited_ksyms=1 ksym0=0xffffffffc040234c ksym1=0x0
[385.918162 pid=6620 tid=6628] BPF_MAP_UPDATE_ELEM prog_array name=sys_enter_init_ map_fd=10 map_id=360 key=437 prog_fd=78 prog_id=198 flags=0 ret=0 errno=0
[385.918243 pid=6620 tid=6628] native-loader jit-info prog_array-target fd=78 id=198 type=17 name=sys_enter_init tag=39f0608a879c1a34 jited_len=2062 xlated_len=3504 nr_jited_ksyms=1 ksym0=0xffffffffc040234c ksym1=0x0
[385.918335 pid=6620 tid=6628] BPF_MAP_UPDATE_ELEM prog_array name=sys_enter_init_ map_fd=10 map_id=360 key=438 prog_fd=78 prog_id=198 flags=0 ret=0 errno=0
[385.918422 pid=6620 tid=6628] native-loader jit-info prog_array-target fd=78 id=198 type=17 name=sys_enter_init tag=39f0608a879c1a34 jited_len=2062 xlated_len=3504 nr_jited_ksyms=1 ksym0=0xffffffffc040234c ksym1=0x0
[385.918515 pid=6620 tid=6628] BPF_MAP_UPDATE_ELEM prog_array name=sys_enter_init_ map_fd=10 map_id=360 key=439 prog_fd=78 prog_id=198 flags=0 ret=0 errno=0
[385.918599 pid=6620 tid=6628] native-loader jit-info prog_array-target fd=78 id=198 type=17 name=sys_enter_init tag=39f0608a879c1a34 jited_len=2062 xlated_len=3504 nr_jited_ksyms=1 ksym0=0xffffffffc040234c ksym1=0x0
[385.918691 pid=6620 tid=6628] BPF_MAP_UPDATE_ELEM prog_array name=sys_enter_init_ map_fd=10 map_id=360 key=440 prog_fd=78 prog_id=198 flags=0 ret=0 errno=0
[385.918774 pid=6620 tid=6628] native-loader jit-info prog_array-target fd=78 id=198 type=17 name=sys_enter_init tag=39f0608a879c1a34 jited_len=2062 xlated_len=3504 nr_jited_ksyms=1 ksym0=0xffffffffc040234c ksym1=0x0
[385.918867 pid=6620 tid=6628] BPF_MAP_UPDATE_ELEM prog_array name=sys_enter_init_ map_fd=10 map_id=360 key=441 prog_fd=78 prog_id=198 flags=0 ret=0 errno=0
[385.918951 pid=6620 tid=6628] native-loader jit-info prog_array-target fd=78 id=198 type=17 name=sys_enter_init tag=39f0608a879c1a34 jited_len=2062 xlated_len=3504 nr_jited_ksyms=1 ksym0=0xffffffffc040234c ksym1=0x0
[385.919042 pid=6620 tid=6628] BPF_MAP_UPDATE_ELEM prog_array name=sys_enter_init_ map_fd=10 map_id=360 key=442 prog_fd=78 prog_id=198 flags=0 ret=0 errno=0
[385.919126 pid=6620 tid=6628] native-loader jit-info prog_array-target fd=78 id=198 type=17 name=sys_enter_init tag=39f0608a879c1a34 jited_len=2062 xlated_len=3504 nr_jited_ksyms=1 ksym0=0xffffffffc040234c ksym1=0x0
[385.919219 pid=6620 tid=6628] BPF_MAP_UPDATE_ELEM prog_array name=sys_enter_init_ map_fd=10 map_id=360 key=443 prog_fd=78 prog_id=198 flags=0 ret=0 errno=0
[385.919304 pid=6620 tid=6628] native-loader jit-info prog_array-target fd=78 id=198 type=17 name=sys_enter_init tag=39f0608a879c1a34 jited_len=2062 xlated_len=3504 nr_jited_ksyms=1 ksym0=0xffffffffc040234c ksym1=0x0
[385.919399 pid=6620 tid=6628] BPF_MAP_UPDATE_ELEM prog_array name=sys_enter_init_ map_fd=10 map_id=360 key=444 prog_fd=78 prog_id=198 flags=0 ret=0 errno=0
[385.919484 pid=6620 tid=6628] native-loader jit-info prog_array-target fd=78 id=198 type=17 name=sys_enter_init tag=39f0608a879c1a34 jited_len=2062 xlated_len=3504 nr_jited_ksyms=1 ksym0=0xffffffffc040234c ksym1=0x0
[385.919575 pid=6620 tid=6628] BPF_MAP_UPDATE_ELEM prog_array name=sys_enter_init_ map_fd=10 map_id=360 key=445 prog_fd=78 prog_id=198 flags=0 ret=0 errno=0
[385.919660 pid=6620 tid=6628] native-loader jit-info prog_array-target fd=78 id=198 type=17 name=sys_enter_init tag=39f0608a879c1a34 jited_len=2062 xlated_len=3504 nr_jited_ksyms=1 ksym0=0xffffffffc040234c ksym1=0x0
[385.919752 pid=6620 tid=6628] BPF_MAP_UPDATE_ELEM prog_array name=sys_enter_init_ map_fd=10 map_id=360 key=446 prog_fd=78 prog_id=198 flags=0 ret=0 errno=0
[385.919837 pid=6620 tid=6628] native-loader jit-info prog_array-target fd=78 id=198 type=17 name=sys_enter_init tag=39f0608a879c1a34 jited_len=2062 xlated_len=3504 nr_jited_ksyms=1 ksym0=0xffffffffc040234c ksym1=0x0
[385.919930 pid=6620 tid=6628] BPF_MAP_UPDATE_ELEM prog_array name=sys_enter_init_ map_fd=10 map_id=360 key=447 prog_fd=78 prog_id=198 flags=0 ret=0 errno=0
[385.920015 pid=6620 tid=6628] native-loader jit-info prog_array-target fd=78 id=198 type=17 name=sys_enter_init tag=39f0608a879c1a34 jited_len=2062 xlated_len=3504 nr_jited_ksyms=1 ksym0=0xffffffffc040234c ksym1=0x0
[385.920109 pid=6620 tid=6628] BPF_MAP_UPDATE_ELEM prog_array name=sys_enter_init_ map_fd=10 map_id=360 key=448 prog_fd=78 prog_id=198 flags=0 ret=0 errno=0
[385.920193 pid=6620 tid=6628] native-loader jit-info prog_array-target fd=78 id=198 type=17 name=sys_enter_init tag=39f0608a879c1a34 jited_len=2062 xlated_len=3504 nr_jited_ksyms=1 ksym0=0xffffffffc040234c ksym1=0x0
[385.920288 pid=6620 tid=6628] BPF_MAP_UPDATE_ELEM prog_array name=sys_enter_init_ map_fd=10 map_id=360 key=449 prog_fd=78 prog_id=198 flags=0 ret=0 errno=0
[385.920374 pid=6620 tid=6628] native-loader jit-info prog_array-target fd=78 id=198 type=17 name=sys_enter_init tag=39f0608a879c1a34 jited_len=2062 xlated_len=3504 nr_jited_ksyms=1 ksym0=0xffffffffc040234c ksym1=0x0
[385.920466 pid=6620 tid=6628] BPF_MAP_UPDATE_ELEM prog_array name=sys_enter_init_ map_fd=10 map_id=360 key=450 prog_fd=78 prog_id=198 flags=0 ret=0 errno=0
[385.920550 pid=6620 tid=6628] native-loader jit-info prog_array-target fd=78 id=198 type=17 name=sys_enter_init tag=39f0608a879c1a34 jited_len=2062 xlated_len=3504 nr_jited_ksyms=1 ksym0=0xffffffffc040234c ksym1=0x0
[385.920642 pid=6620 tid=6628] BPF_MAP_UPDATE_ELEM prog_array name=sys_enter_init_ map_fd=10 map_id=360 key=451 prog_fd=78 prog_id=198 flags=0 ret=0 errno=0
[385.920726 pid=6620 tid=6628] native-loader jit-info prog_array-target fd=78 id=198 type=17 name=sys_enter_init tag=39f0608a879c1a34 jited_len=2062 xlated_len=3504 nr_jited_ksyms=1 ksym0=0xffffffffc040234c ksym1=0x0
[385.920820 pid=6620 tid=6628] BPF_MAP_UPDATE_ELEM prog_array name=sys_enter_init_ map_fd=10 map_id=360 key=452 prog_fd=78 prog_id=198 flags=0 ret=0 errno=0
[385.920905 pid=6620 tid=6628] native-loader jit-info prog_array-target fd=78 id=198 type=17 name=sys_enter_init tag=39f0608a879c1a34 jited_len=2062 xlated_len=3504 nr_jited_ksyms=1 ksym0=0xffffffffc040234c ksym1=0x0
[385.920999 pid=6620 tid=6628] BPF_MAP_UPDATE_ELEM prog_array name=sys_enter_init_ map_fd=10 map_id=360 key=453 prog_fd=78 prog_id=198 flags=0 ret=0 errno=0
[385.921083 pid=6620 tid=6628] native-loader jit-info prog_array-target fd=78 id=198 type=17 name=sys_enter_init tag=39f0608a879c1a34 jited_len=2062 xlated_len=3504 nr_jited_ksyms=1 ksym0=0xffffffffc040234c ksym1=0x0
[385.921178 pid=6620 tid=6628] BPF_MAP_UPDATE_ELEM prog_array name=sys_enter_init_ map_fd=10 map_id=360 key=454 prog_fd=78 prog_id=198 flags=0 ret=0 errno=0
[385.921263 pid=6620 tid=6628] native-loader jit-info prog_array-target fd=78 id=198 type=17 name=sys_enter_init tag=39f0608a879c1a34 jited_len=2062 xlated_len=3504 nr_jited_ksyms=1 ksym0=0xffffffffc040234c ksym1=0x0
[385.921361 pid=6620 tid=6628] BPF_MAP_UPDATE_ELEM prog_array name=sys_enter_init_ map_fd=10 map_id=360 key=455 prog_fd=78 prog_id=198 flags=0 ret=0 errno=0
[385.921446 pid=6620 tid=6628] native-loader jit-info prog_array-target fd=78 id=198 type=17 name=sys_enter_init tag=39f0608a879c1a34 jited_len=2062 xlated_len=3504 nr_jited_ksyms=1 ksym0=0xffffffffc040234c ksym1=0x0
[385.921540 pid=6620 tid=6628] BPF_MAP_UPDATE_ELEM prog_array name=sys_enter_init_ map_fd=10 map_id=360 key=456 prog_fd=78 prog_id=198 flags=0 ret=0 errno=0
[385.921624 pid=6620 tid=6628] native-loader jit-info prog_array-target fd=78 id=198 type=17 name=sys_enter_init tag=39f0608a879c1a34 jited_len=2062 xlated_len=3504 nr_jited_ksyms=1 ksym0=0xffffffffc040234c ksym1=0x0
[385.921718 pid=6620 tid=6628] BPF_MAP_UPDATE_ELEM prog_array name=sys_enter_init_ map_fd=10 map_id=360 key=457 prog_fd=78 prog_id=198 flags=0 ret=0 errno=0
[385.921804 pid=6620 tid=6628] native-loader jit-info prog_array-target fd=78 id=198 type=17 name=sys_enter_init tag=39f0608a879c1a34 jited_len=2062 xlated_len=3504 nr_jited_ksyms=1 ksym0=0xffffffffc040234c ksym1=0x0
[385.921896 pid=6620 tid=6628] BPF_MAP_UPDATE_ELEM prog_array name=sys_enter_init_ map_fd=10 map_id=360 key=458 prog_fd=78 prog_id=198 flags=0 ret=0 errno=0
[385.921980 pid=6620 tid=6628] native-loader jit-info prog_array-target fd=78 id=198 type=17 name=sys_enter_init tag=39f0608a879c1a34 jited_len=2062 xlated_len=3504 nr_jited_ksyms=1 ksym0=0xffffffffc040234c ksym1=0x0
[385.922072 pid=6620 tid=6628] BPF_MAP_UPDATE_ELEM prog_array name=sys_enter_init_ map_fd=10 map_id=360 key=459 prog_fd=78 prog_id=198 flags=0 ret=0 errno=0
[385.922155 pid=6620 tid=6628] native-loader jit-info prog_array-target fd=78 id=198 type=17 name=sys_enter_init tag=39f0608a879c1a34 jited_len=2062 xlated_len=3504 nr_jited_ksyms=1 ksym0=0xffffffffc040234c ksym1=0x0
[385.922247 pid=6620 tid=6628] BPF_MAP_UPDATE_ELEM prog_array name=sys_enter_init_ map_fd=10 map_id=360 key=460 prog_fd=78 prog_id=198 flags=0 ret=0 errno=0
[385.922331 pid=6620 tid=6628] native-loader jit-info prog_array-target fd=78 id=198 type=17 name=sys_enter_init tag=39f0608a879c1a34 jited_len=2062 xlated_len=3504 nr_jited_ksyms=1 ksym0=0xffffffffc040234c ksym1=0x0
[385.922425 pid=6620 tid=6628] BPF_MAP_UPDATE_ELEM prog_array name=sys_enter_init_ map_fd=10 map_id=360 key=461 prog_fd=78 prog_id=198 flags=0 ret=0 errno=0
[385.922508 pid=6620 tid=6628] native-loader jit-info prog_array-target fd=78 id=198 type=17 name=sys_enter_init tag=39f0608a879c1a34 jited_len=2062 xlated_len=3504 nr_jited_ksyms=1 ksym0=0xffffffffc040234c ksym1=0x0
[385.922600 pid=6620 tid=6628] BPF_MAP_UPDATE_ELEM prog_array name=sys_enter_init_ map_fd=10 map_id=360 key=462 prog_fd=78 prog_id=198 flags=0 ret=0 errno=0
[385.922684 pid=6620 tid=6628] native-loader jit-info prog_array-target fd=78 id=198 type=17 name=sys_enter_init tag=39f0608a879c1a34 jited_len=2062 xlated_len=3504 nr_jited_ksyms=1 ksym0=0xffffffffc040234c ksym1=0x0
[385.922776 pid=6620 tid=6628] BPF_MAP_UPDATE_ELEM prog_array name=sys_enter_init_ map_fd=10 map_id=360 key=463 prog_fd=78 prog_id=198 flags=0 ret=0 errno=0
[385.922859 pid=6620 tid=6628] native-loader jit-info prog_array-target fd=78 id=198 type=17 name=sys_enter_init tag=39f0608a879c1a34 jited_len=2062 xlated_len=3504 nr_jited_ksyms=1 ksym0=0xffffffffc040234c ksym1=0x0
[385.922951 pid=6620 tid=6628] BPF_MAP_UPDATE_ELEM prog_array name=sys_enter_init_ map_fd=10 map_id=360 key=464 prog_fd=78 prog_id=198 flags=0 ret=0 errno=0
[385.923034 pid=6620 tid=6628] native-loader jit-info prog_array-target fd=78 id=198 type=17 name=sys_enter_init tag=39f0608a879c1a34 jited_len=2062 xlated_len=3504 nr_jited_ksyms=1 ksym0=0xffffffffc040234c ksym1=0x0
[385.923127 pid=6620 tid=6628] BPF_MAP_UPDATE_ELEM prog_array name=sys_enter_init_ map_fd=10 map_id=360 key=465 prog_fd=78 prog_id=198 flags=0 ret=0 errno=0
[385.923212 pid=6620 tid=6628] native-loader jit-info prog_array-target fd=78 id=198 type=17 name=sys_enter_init tag=39f0608a879c1a34 jited_len=2062 xlated_len=3504 nr_jited_ksyms=1 ksym0=0xffffffffc040234c ksym1=0x0
[385.923305 pid=6620 tid=6628] BPF_MAP_UPDATE_ELEM prog_array name=sys_enter_init_ map_fd=10 map_id=360 key=466 prog_fd=78 prog_id=198 flags=0 ret=0 errno=0
[385.923391 pid=6620 tid=6628] native-loader jit-info prog_array-target fd=78 id=198 type=17 name=sys_enter_init tag=39f0608a879c1a34 jited_len=2062 xlated_len=3504 nr_jited_ksyms=1 ksym0=0xffffffffc040234c ksym1=0x0
[385.923483 pid=6620 tid=6628] BPF_MAP_UPDATE_ELEM prog_array name=sys_enter_init_ map_fd=10 map_id=360 key=467 prog_fd=78 prog_id=198 flags=0 ret=0 errno=0
[385.923565 pid=6620 tid=6628] native-loader jit-info prog_array-target fd=78 id=198 type=17 name=sys_enter_init tag=39f0608a879c1a34 jited_len=2062 xlated_len=3504 nr_jited_ksyms=1 ksym0=0xffffffffc040234c ksym1=0x0
[385.923657 pid=6620 tid=6628] BPF_MAP_UPDATE_ELEM prog_array name=sys_enter_init_ map_fd=10 map_id=360 key=468 prog_fd=78 prog_id=198 flags=0 ret=0 errno=0
[385.923741 pid=6620 tid=6628] native-loader jit-info prog_array-target fd=78 id=198 type=17 name=sys_enter_init tag=39f0608a879c1a34 jited_len=2062 xlated_len=3504 nr_jited_ksyms=1 ksym0=0xffffffffc040234c ksym1=0x0
[385.923833 pid=6620 tid=6628] BPF_MAP_UPDATE_ELEM prog_array name=sys_enter_init_ map_fd=10 map_id=360 key=469 prog_fd=78 prog_id=198 flags=0 ret=0 errno=0
[385.923917 pid=6620 tid=6628] native-loader jit-info prog_array-target fd=78 id=198 type=17 name=sys_enter_init tag=39f0608a879c1a34 jited_len=2062 xlated_len=3504 nr_jited_ksyms=1 ksym0=0xffffffffc040234c ksym1=0x0
[385.924009 pid=6620 tid=6628] BPF_MAP_UPDATE_ELEM prog_array name=sys_enter_init_ map_fd=10 map_id=360 key=470 prog_fd=78 prog_id=198 flags=0 ret=0 errno=0
[385.924092 pid=6620 tid=6628] native-loader jit-info prog_array-target fd=78 id=198 type=17 name=sys_enter_init tag=39f0608a879c1a34 jited_len=2062 xlated_len=3504 nr_jited_ksyms=1 ksym0=0xffffffffc040234c ksym1=0x0
[385.924183 pid=6620 tid=6628] BPF_MAP_UPDATE_ELEM prog_array name=sys_enter_init_ map_fd=10 map_id=360 key=471 prog_fd=78 prog_id=198 flags=0 ret=0 errno=0
[385.924268 pid=6620 tid=6628] native-loader jit-info prog_array-target fd=78 id=198 type=17 name=sys_enter_init tag=39f0608a879c1a34 jited_len=2062 xlated_len=3504 nr_jited_ksyms=1 ksym0=0xffffffffc040234c ksym1=0x0
[385.924362 pid=6620 tid=6628] BPF_MAP_UPDATE_ELEM prog_array name=sys_enter_init_ map_fd=10 map_id=360 key=472 prog_fd=78 prog_id=198 flags=0 ret=0 errno=0
[385.924447 pid=6620 tid=6628] native-loader jit-info prog_array-target fd=78 id=198 type=17 name=sys_enter_init tag=39f0608a879c1a34 jited_len=2062 xlated_len=3504 nr_jited_ksyms=1 ksym0=0xffffffffc040234c ksym1=0x0
[385.924539 pid=6620 tid=6628] BPF_MAP_UPDATE_ELEM prog_array name=sys_enter_init_ map_fd=10 map_id=360 key=473 prog_fd=78 prog_id=198 flags=0 ret=0 errno=0
[385.924623 pid=6620 tid=6628] native-loader jit-info prog_array-target fd=78 id=198 type=17 name=sys_enter_init tag=39f0608a879c1a34 jited_len=2062 xlated_len=3504 nr_jited_ksyms=1 ksym0=0xffffffffc040234c ksym1=0x0
[385.924716 pid=6620 tid=6628] BPF_MAP_UPDATE_ELEM prog_array name=sys_enter_init_ map_fd=10 map_id=360 key=474 prog_fd=78 prog_id=198 flags=0 ret=0 errno=0
[385.924800 pid=6620 tid=6628] native-loader jit-info prog_array-target fd=78 id=198 type=17 name=sys_enter_init tag=39f0608a879c1a34 jited_len=2062 xlated_len=3504 nr_jited_ksyms=1 ksym0=0xffffffffc040234c ksym1=0x0
[385.924896 pid=6620 tid=6628] BPF_MAP_UPDATE_ELEM prog_array name=sys_enter_init_ map_fd=10 map_id=360 key=475 prog_fd=78 prog_id=198 flags=0 ret=0 errno=0
[385.924979 pid=6620 tid=6628] native-loader jit-info prog_array-target fd=78 id=198 type=17 name=sys_enter_init tag=39f0608a879c1a34 jited_len=2062 xlated_len=3504 nr_jited_ksyms=1 ksym0=0xffffffffc040234c ksym1=0x0
[385.925071 pid=6620 tid=6628] BPF_MAP_UPDATE_ELEM prog_array name=sys_enter_init_ map_fd=10 map_id=360 key=476 prog_fd=78 prog_id=198 flags=0 ret=0 errno=0
[385.925156 pid=6620 tid=6628] native-loader jit-info prog_array-target fd=78 id=198 type=17 name=sys_enter_init tag=39f0608a879c1a34 jited_len=2062 xlated_len=3504 nr_jited_ksyms=1 ksym0=0xffffffffc040234c ksym1=0x0
[385.925248 pid=6620 tid=6628] BPF_MAP_UPDATE_ELEM prog_array name=sys_enter_init_ map_fd=10 map_id=360 key=477 prog_fd=78 prog_id=198 flags=0 ret=0 errno=0
[385.925331 pid=6620 tid=6628] native-loader jit-info prog_array-target fd=78 id=198 type=17 name=sys_enter_init tag=39f0608a879c1a34 jited_len=2062 xlated_len=3504 nr_jited_ksyms=1 ksym0=0xffffffffc040234c ksym1=0x0
[385.925429 pid=6620 tid=6628] BPF_MAP_UPDATE_ELEM prog_array name=sys_enter_init_ map_fd=10 map_id=360 key=478 prog_fd=78 prog_id=198 flags=0 ret=0 errno=0
[385.925513 pid=6620 tid=6628] native-loader jit-info prog_array-target fd=78 id=198 type=17 name=sys_enter_init tag=39f0608a879c1a34 jited_len=2062 xlated_len=3504 nr_jited_ksyms=1 ksym0=0xffffffffc040234c ksym1=0x0
[385.925604 pid=6620 tid=6628] BPF_MAP_UPDATE_ELEM prog_array name=sys_enter_init_ map_fd=10 map_id=360 key=479 prog_fd=78 prog_id=198 flags=0 ret=0 errno=0
[385.925689 pid=6620 tid=6628] native-loader jit-info prog_array-target fd=78 id=198 type=17 name=sys_enter_init tag=39f0608a879c1a34 jited_len=2062 xlated_len=3504 nr_jited_ksyms=1 ksym0=0xffffffffc040234c ksym1=0x0
[385.925780 pid=6620 tid=6628] BPF_MAP_UPDATE_ELEM prog_array name=sys_enter_init_ map_fd=10 map_id=360 key=480 prog_fd=78 prog_id=198 flags=0 ret=0 errno=0
[385.925864 pid=6620 tid=6628] native-loader jit-info prog_array-target fd=78 id=198 type=17 name=sys_enter_init tag=39f0608a879c1a34 jited_len=2062 xlated_len=3504 nr_jited_ksyms=1 ksym0=0xffffffffc040234c ksym1=0x0
[385.925956 pid=6620 tid=6628] BPF_MAP_UPDATE_ELEM prog_array name=sys_enter_init_ map_fd=10 map_id=360 key=481 prog_fd=78 prog_id=198 flags=0 ret=0 errno=0
[385.926039 pid=6620 tid=6628] native-loader jit-info prog_array-target fd=78 id=198 type=17 name=sys_enter_init tag=39f0608a879c1a34 jited_len=2062 xlated_len=3504 nr_jited_ksyms=1 ksym0=0xffffffffc040234c ksym1=0x0
[385.926131 pid=6620 tid=6628] BPF_MAP_UPDATE_ELEM prog_array name=sys_enter_init_ map_fd=10 map_id=360 key=482 prog_fd=78 prog_id=198 flags=0 ret=0 errno=0
[385.926214 pid=6620 tid=6628] native-loader jit-info prog_array-target fd=78 id=198 type=17 name=sys_enter_init tag=39f0608a879c1a34 jited_len=2062 xlated_len=3504 nr_jited_ksyms=1 ksym0=0xffffffffc040234c ksym1=0x0
[385.926306 pid=6620 tid=6628] BPF_MAP_UPDATE_ELEM prog_array name=sys_enter_init_ map_fd=10 map_id=360 key=483 prog_fd=78 prog_id=198 flags=0 ret=0 errno=0
[385.926392 pid=6620 tid=6628] native-loader jit-info prog_array-target fd=78 id=198 type=17 name=sys_enter_init tag=39f0608a879c1a34 jited_len=2062 xlated_len=3504 nr_jited_ksyms=1 ksym0=0xffffffffc040234c ksym1=0x0
[385.926485 pid=6620 tid=6628] BPF_MAP_UPDATE_ELEM prog_array name=sys_enter_init_ map_fd=10 map_id=360 key=484 prog_fd=78 prog_id=198 flags=0 ret=0 errno=0
[385.926569 pid=6620 tid=6628] native-loader jit-info prog_array-target fd=78 id=198 type=17 name=sys_enter_init tag=39f0608a879c1a34 jited_len=2062 xlated_len=3504 nr_jited_ksyms=1 ksym0=0xffffffffc040234c ksym1=0x0
[385.926660 pid=6620 tid=6628] BPF_MAP_UPDATE_ELEM prog_array name=sys_enter_init_ map_fd=10 map_id=360 key=485 prog_fd=78 prog_id=198 flags=0 ret=0 errno=0
[385.926744 pid=6620 tid=6628] native-loader jit-info prog_array-target fd=78 id=198 type=17 name=sys_enter_init tag=39f0608a879c1a34 jited_len=2062 xlated_len=3504 nr_jited_ksyms=1 ksym0=0xffffffffc040234c ksym1=0x0
[385.926835 pid=6620 tid=6628] BPF_MAP_UPDATE_ELEM prog_array name=sys_enter_init_ map_fd=10 map_id=360 key=486 prog_fd=78 prog_id=198 flags=0 ret=0 errno=0
[385.926919 pid=6620 tid=6628] native-loader jit-info prog_array-target fd=78 id=198 type=17 name=sys_enter_init tag=39f0608a879c1a34 jited_len=2062 xlated_len=3504 nr_jited_ksyms=1 ksym0=0xffffffffc040234c ksym1=0x0
[385.927011 pid=6620 tid=6628] BPF_MAP_UPDATE_ELEM prog_array name=sys_enter_init_ map_fd=10 map_id=360 key=487 prog_fd=78 prog_id=198 flags=0 ret=0 errno=0
[385.927094 pid=6620 tid=6628] native-loader jit-info prog_array-target fd=78 id=198 type=17 name=sys_enter_init tag=39f0608a879c1a34 jited_len=2062 xlated_len=3504 nr_jited_ksyms=1 ksym0=0xffffffffc040234c ksym1=0x0
[385.927186 pid=6620 tid=6628] BPF_MAP_UPDATE_ELEM prog_array name=sys_enter_init_ map_fd=10 map_id=360 key=488 prog_fd=78 prog_id=198 flags=0 ret=0 errno=0
[385.927270 pid=6620 tid=6628] native-loader jit-info prog_array-target fd=78 id=198 type=17 name=sys_enter_init tag=39f0608a879c1a34 jited_len=2062 xlated_len=3504 nr_jited_ksyms=1 ksym0=0xffffffffc040234c ksym1=0x0
[385.927364 pid=6620 tid=6628] BPF_MAP_UPDATE_ELEM prog_array name=sys_enter_init_ map_fd=10 map_id=360 key=489 prog_fd=78 prog_id=198 flags=0 ret=0 errno=0
[385.927447 pid=6620 tid=6628] native-loader jit-info prog_array-target fd=78 id=198 type=17 name=sys_enter_init tag=39f0608a879c1a34 jited_len=2062 xlated_len=3504 nr_jited_ksyms=1 ksym0=0xffffffffc040234c ksym1=0x0
[385.927538 pid=6620 tid=6628] BPF_MAP_UPDATE_ELEM prog_array name=sys_enter_init_ map_fd=10 map_id=360 key=490 prog_fd=78 prog_id=198 flags=0 ret=0 errno=0
[385.927622 pid=6620 tid=6628] native-loader jit-info prog_array-target fd=78 id=198 type=17 name=sys_enter_init tag=39f0608a879c1a34 jited_len=2062 xlated_len=3504 nr_jited_ksyms=1 ksym0=0xffffffffc040234c ksym1=0x0
[385.927713 pid=6620 tid=6628] BPF_MAP_UPDATE_ELEM prog_array name=sys_enter_init_ map_fd=10 map_id=360 key=491 prog_fd=78 prog_id=198 flags=0 ret=0 errno=0
[385.927798 pid=6620 tid=6628] native-loader jit-info prog_array-target fd=78 id=198 type=17 name=sys_enter_init tag=39f0608a879c1a34 jited_len=2062 xlated_len=3504 nr_jited_ksyms=1 ksym0=0xffffffffc040234c ksym1=0x0
[385.927889 pid=6620 tid=6628] BPF_MAP_UPDATE_ELEM prog_array name=sys_enter_init_ map_fd=10 map_id=360 key=492 prog_fd=78 prog_id=198 flags=0 ret=0 errno=0
[385.927973 pid=6620 tid=6628] native-loader jit-info prog_array-target fd=78 id=198 type=17 name=sys_enter_init tag=39f0608a879c1a34 jited_len=2062 xlated_len=3504 nr_jited_ksyms=1 ksym0=0xffffffffc040234c ksym1=0x0
[385.928064 pid=6620 tid=6628] BPF_MAP_UPDATE_ELEM prog_array name=sys_enter_init_ map_fd=10 map_id=360 key=493 prog_fd=78 prog_id=198 flags=0 ret=0 errno=0
[385.928149 pid=6620 tid=6628] native-loader jit-info prog_array-target fd=78 id=198 type=17 name=sys_enter_init tag=39f0608a879c1a34 jited_len=2062 xlated_len=3504 nr_jited_ksyms=1 ksym0=0xffffffffc040234c ksym1=0x0
[385.928241 pid=6620 tid=6628] BPF_MAP_UPDATE_ELEM prog_array name=sys_enter_init_ map_fd=10 map_id=360 key=494 prog_fd=78 prog_id=198 flags=0 ret=0 errno=0
[385.928324 pid=6620 tid=6628] native-loader jit-info prog_array-target fd=78 id=198 type=17 name=sys_enter_init tag=39f0608a879c1a34 jited_len=2062 xlated_len=3504 nr_jited_ksyms=1 ksym0=0xffffffffc040234c ksym1=0x0
[385.928418 pid=6620 tid=6628] BPF_MAP_UPDATE_ELEM prog_array name=sys_enter_init_ map_fd=10 map_id=360 key=495 prog_fd=78 prog_id=198 flags=0 ret=0 errno=0
[385.928502 pid=6620 tid=6628] native-loader jit-info prog_array-target fd=78 id=198 type=17 name=sys_enter_init tag=39f0608a879c1a34 jited_len=2062 xlated_len=3504 nr_jited_ksyms=1 ksym0=0xffffffffc040234c ksym1=0x0
[385.928594 pid=6620 tid=6628] BPF_MAP_UPDATE_ELEM prog_array name=sys_enter_init_ map_fd=10 map_id=360 key=496 prog_fd=78 prog_id=198 flags=0 ret=0 errno=0
[385.928678 pid=6620 tid=6628] native-loader jit-info prog_array-target fd=78 id=198 type=17 name=sys_enter_init tag=39f0608a879c1a34 jited_len=2062 xlated_len=3504 nr_jited_ksyms=1 ksym0=0xffffffffc040234c ksym1=0x0
[385.928770 pid=6620 tid=6628] BPF_MAP_UPDATE_ELEM prog_array name=sys_enter_init_ map_fd=10 map_id=360 key=497 prog_fd=78 prog_id=198 flags=0 ret=0 errno=0
[385.928854 pid=6620 tid=6628] native-loader jit-info prog_array-target fd=78 id=198 type=17 name=sys_enter_init tag=39f0608a879c1a34 jited_len=2062 xlated_len=3504 nr_jited_ksyms=1 ksym0=0xffffffffc040234c ksym1=0x0
[385.928945 pid=6620 tid=6628] BPF_MAP_UPDATE_ELEM prog_array name=sys_enter_init_ map_fd=10 map_id=360 key=498 prog_fd=78 prog_id=198 flags=0 ret=0 errno=0
[385.929029 pid=6620 tid=6628] native-loader jit-info prog_array-target fd=78 id=198 type=17 name=sys_enter_init tag=39f0608a879c1a34 jited_len=2062 xlated_len=3504 nr_jited_ksyms=1 ksym0=0xffffffffc040234c ksym1=0x0
[385.929121 pid=6620 tid=6628] BPF_MAP_UPDATE_ELEM prog_array name=sys_enter_init_ map_fd=10 map_id=360 key=499 prog_fd=78 prog_id=198 flags=0 ret=0 errno=0
[385.929204 pid=6620 tid=6628] native-loader jit-info prog_array-target fd=78 id=198 type=17 name=sys_enter_init tag=39f0608a879c1a34 jited_len=2062 xlated_len=3504 nr_jited_ksyms=1 ksym0=0xffffffffc040234c ksym1=0x0
[385.929295 pid=6620 tid=6628] BPF_MAP_UPDATE_ELEM prog_array name=sys_enter_init_ map_fd=10 map_id=360 key=500 prog_fd=78 prog_id=198 flags=0 ret=0 errno=0
[385.929382 pid=6620 tid=6628] native-loader jit-info prog_array-target fd=78 id=198 type=17 name=sys_enter_init tag=39f0608a879c1a34 jited_len=2062 xlated_len=3504 nr_jited_ksyms=1 ksym0=0xffffffffc040234c ksym1=0x0
[385.929473 pid=6620 tid=6628] BPF_MAP_UPDATE_ELEM prog_array name=sys_enter_init_ map_fd=10 map_id=360 key=501 prog_fd=78 prog_id=198 flags=0 ret=0 errno=0
[385.929557 pid=6620 tid=6628] native-loader jit-info prog_array-target fd=78 id=198 type=17 name=sys_enter_init tag=39f0608a879c1a34 jited_len=2062 xlated_len=3504 nr_jited_ksyms=1 ksym0=0xffffffffc040234c ksym1=0x0
[385.929649 pid=6620 tid=6628] BPF_MAP_UPDATE_ELEM prog_array name=sys_enter_init_ map_fd=10 map_id=360 key=502 prog_fd=78 prog_id=198 flags=0 ret=0 errno=0
[385.929734 pid=6620 tid=6628] native-loader jit-info prog_array-target fd=78 id=198 type=17 name=sys_enter_init tag=39f0608a879c1a34 jited_len=2062 xlated_len=3504 nr_jited_ksyms=1 ksym0=0xffffffffc040234c ksym1=0x0
[385.929826 pid=6620 tid=6628] BPF_MAP_UPDATE_ELEM prog_array name=sys_enter_init_ map_fd=10 map_id=360 key=503 prog_fd=78 prog_id=198 flags=0 ret=0 errno=0
[385.929911 pid=6620 tid=6628] native-loader jit-info prog_array-target fd=78 id=198 type=17 name=sys_enter_init tag=39f0608a879c1a34 jited_len=2062 xlated_len=3504 nr_jited_ksyms=1 ksym0=0xffffffffc040234c ksym1=0x0
[385.930044 pid=6620 tid=6628] BPF_MAP_UPDATE_ELEM prog_array name=sys_enter_init_ map_fd=10 map_id=360 key=504 prog_fd=78 prog_id=198 flags=0 ret=0 errno=0
[385.930133 pid=6620 tid=6628] native-loader jit-info prog_array-target fd=78 id=198 type=17 name=sys_enter_init tag=39f0608a879c1a34 jited_len=2062 xlated_len=3504 nr_jited_ksyms=1 ksym0=0xffffffffc040234c ksym1=0x0
[385.930224 pid=6620 tid=6628] BPF_MAP_UPDATE_ELEM prog_array name=sys_enter_init_ map_fd=10 map_id=360 key=505 prog_fd=78 prog_id=198 flags=0 ret=0 errno=0
[385.930307 pid=6620 tid=6628] native-loader jit-info prog_array-target fd=78 id=198 type=17 name=sys_enter_init tag=39f0608a879c1a34 jited_len=2062 xlated_len=3504 nr_jited_ksyms=1 ksym0=0xffffffffc040234c ksym1=0x0
[385.930403 pid=6620 tid=6628] BPF_MAP_UPDATE_ELEM prog_array name=sys_enter_init_ map_fd=10 map_id=360 key=506 prog_fd=78 prog_id=198 flags=0 ret=0 errno=0
[385.930487 pid=6620 tid=6628] native-loader jit-info prog_array-target fd=78 id=198 type=17 name=sys_enter_init tag=39f0608a879c1a34 jited_len=2062 xlated_len=3504 nr_jited_ksyms=1 ksym0=0xffffffffc040234c ksym1=0x0
[385.930579 pid=6620 tid=6628] BPF_MAP_UPDATE_ELEM prog_array name=sys_enter_init_ map_fd=10 map_id=360 key=507 prog_fd=78 prog_id=198 flags=0 ret=0 errno=0
[385.930663 pid=6620 tid=6628] native-loader jit-info prog_array-target fd=78 id=198 type=17 name=sys_enter_init tag=39f0608a879c1a34 jited_len=2062 xlated_len=3504 nr_jited_ksyms=1 ksym0=0xffffffffc040234c ksym1=0x0
[385.930756 pid=6620 tid=6628] BPF_MAP_UPDATE_ELEM prog_array name=sys_enter_init_ map_fd=10 map_id=360 key=508 prog_fd=78 prog_id=198 flags=0 ret=0 errno=0
[385.930839 pid=6620 tid=6628] native-loader jit-info prog_array-target fd=78 id=198 type=17 name=sys_enter_init tag=39f0608a879c1a34 jited_len=2062 xlated_len=3504 nr_jited_ksyms=1 ksym0=0xffffffffc040234c ksym1=0x0
[385.930932 pid=6620 tid=6628] BPF_MAP_UPDATE_ELEM prog_array name=sys_enter_init_ map_fd=10 map_id=360 key=509 prog_fd=78 prog_id=198 flags=0 ret=0 errno=0
[385.931016 pid=6620 tid=6628] native-loader jit-info prog_array-target fd=78 id=198 type=17 name=sys_enter_init tag=39f0608a879c1a34 jited_len=2062 xlated_len=3504 nr_jited_ksyms=1 ksym0=0xffffffffc040234c ksym1=0x0
[385.931108 pid=6620 tid=6628] BPF_MAP_UPDATE_ELEM prog_array name=sys_enter_init_ map_fd=10 map_id=360 key=510 prog_fd=78 prog_id=198 flags=0 ret=0 errno=0
[385.931192 pid=6620 tid=6628] native-loader jit-info prog_array-target fd=78 id=198 type=17 name=sys_enter_init tag=39f0608a879c1a34 jited_len=2062 xlated_len=3504 nr_jited_ksyms=1 ksym0=0xffffffffc040234c ksym1=0x0
[385.931284 pid=6620 tid=6628] BPF_MAP_UPDATE_ELEM prog_array name=sys_enter_init_ map_fd=10 map_id=360 key=511 prog_fd=78 prog_id=198 flags=0 ret=0 errno=0
[385.931370 pid=6620 tid=6628] native-loader jit-info prog_array-target fd=78 id=198 type=17 name=sys_enter_init tag=39f0608a879c1a34 jited_len=2062 xlated_len=3504 nr_jited_ksyms=1 ksym0=0xffffffffc040234c ksym1=0x0
[385.931462 pid=6620 tid=6628] BPF_MAP_UPDATE_ELEM prog_array name=sys_enter_init_ map_fd=10 map_id=360 key=512 prog_fd=78 prog_id=198 flags=0 ret=0 errno=0
[385.931547 pid=6620 tid=6628] native-loader jit-info prog_array-target fd=78 id=198 type=17 name=sys_enter_init tag=39f0608a879c1a34 jited_len=2062 xlated_len=3504 nr_jited_ksyms=1 ksym0=0xffffffffc040234c ksym1=0x0
[385.931640 pid=6620 tid=6628] BPF_MAP_UPDATE_ELEM prog_array name=sys_enter_init_ map_fd=10 map_id=360 key=513 prog_fd=78 prog_id=198 flags=0 ret=0 errno=0
[385.931726 pid=6620 tid=6628] native-loader jit-info prog_array-target fd=78 id=198 type=17 name=sys_enter_init tag=39f0608a879c1a34 jited_len=2062 xlated_len=3504 nr_jited_ksyms=1 ksym0=0xffffffffc040234c ksym1=0x0
[385.931822 pid=6620 tid=6628] BPF_MAP_UPDATE_ELEM prog_array name=sys_enter_init_ map_fd=10 map_id=360 key=514 prog_fd=78 prog_id=198 flags=0 ret=0 errno=0
[385.931906 pid=6620 tid=6628] native-loader jit-info prog_array-target fd=78 id=198 type=17 name=sys_enter_init tag=39f0608a879c1a34 jited_len=2062 xlated_len=3504 nr_jited_ksyms=1 ksym0=0xffffffffc040234c ksym1=0x0
[385.932001 pid=6620 tid=6628] BPF_MAP_UPDATE_ELEM prog_array name=sys_enter_init_ map_fd=10 map_id=360 key=515 prog_fd=78 prog_id=198 flags=0 ret=0 errno=0
[385.933092 pid=6620 tid=6628] native-loader jit-info prog_array-target fd=78 id=198 type=17 name=sys_enter_init tag=39f0608a879c1a34 jited_len=2062 xlated_len=3504 nr_jited_ksyms=1 ksym0=0xffffffffc040234c ksym1=0x0
[385.933295 pid=6620 tid=6628] BPF_MAP_UPDATE_ELEM prog_array name=sys_enter_init_ map_fd=10 map_id=360 key=516 prog_fd=78 prog_id=198 flags=0 ret=0 errno=0
[385.933605 pid=6620 tid=6628] native-loader jit-info prog_array-target fd=78 id=198 type=17 name=sys_enter_init tag=39f0608a879c1a34 jited_len=2062 xlated_len=3504 nr_jited_ksyms=1 ksym0=0xffffffffc040234c ksym1=0x0
[385.933706 pid=6620 tid=6628] BPF_MAP_UPDATE_ELEM prog_array name=sys_enter_init_ map_fd=10 map_id=360 key=517 prog_fd=78 prog_id=198 flags=0 ret=0 errno=0
[385.933803 pid=6620 tid=6628] native-loader jit-info prog_array-target fd=78 id=198 type=17 name=sys_enter_init tag=39f0608a879c1a34 jited_len=2062 xlated_len=3504 nr_jited_ksyms=1 ksym0=0xffffffffc040234c ksym1=0x0
[385.933894 pid=6620 tid=6628] BPF_MAP_UPDATE_ELEM prog_array name=sys_enter_init_ map_fd=10 map_id=360 key=518 prog_fd=78 prog_id=198 flags=0 ret=0 errno=0
[385.933978 pid=6620 tid=6628] native-loader jit-info prog_array-target fd=78 id=198 type=17 name=sys_enter_init tag=39f0608a879c1a34 jited_len=2062 xlated_len=3504 nr_jited_ksyms=1 ksym0=0xffffffffc040234c ksym1=0x0
[385.934070 pid=6620 tid=6628] BPF_MAP_UPDATE_ELEM prog_array name=sys_enter_init_ map_fd=10 map_id=360 key=519 prog_fd=78 prog_id=198 flags=0 ret=0 errno=0
[385.934154 pid=6620 tid=6628] native-loader jit-info prog_array-target fd=78 id=198 type=17 name=sys_enter_init tag=39f0608a879c1a34 jited_len=2062 xlated_len=3504 nr_jited_ksyms=1 ksym0=0xffffffffc040234c ksym1=0x0
[385.934246 pid=6620 tid=6628] BPF_MAP_UPDATE_ELEM prog_array name=sys_enter_init_ map_fd=10 map_id=360 key=520 prog_fd=78 prog_id=198 flags=0 ret=0 errno=0
[385.934331 pid=6620 tid=6628] native-loader jit-info prog_array-target fd=78 id=198 type=17 name=sys_enter_init tag=39f0608a879c1a34 jited_len=2062 xlated_len=3504 nr_jited_ksyms=1 ksym0=0xffffffffc040234c ksym1=0x0
[385.934428 pid=6620 tid=6628] BPF_MAP_UPDATE_ELEM prog_array name=sys_enter_init_ map_fd=10 map_id=360 key=521 prog_fd=78 prog_id=198 flags=0 ret=0 errno=0
[385.934511 pid=6620 tid=6628] native-loader jit-info prog_array-target fd=78 id=198 type=17 name=sys_enter_init tag=39f0608a879c1a34 jited_len=2062 xlated_len=3504 nr_jited_ksyms=1 ksym0=0xffffffffc040234c ksym1=0x0
[385.934602 pid=6620 tid=6628] BPF_MAP_UPDATE_ELEM prog_array name=sys_enter_init_ map_fd=10 map_id=360 key=522 prog_fd=78 prog_id=198 flags=0 ret=0 errno=0
[385.934686 pid=6620 tid=6628] native-loader jit-info prog_array-target fd=78 id=198 type=17 name=sys_enter_init tag=39f0608a879c1a34 jited_len=2062 xlated_len=3504 nr_jited_ksyms=1 ksym0=0xffffffffc040234c ksym1=0x0
[385.934778 pid=6620 tid=6628] BPF_MAP_UPDATE_ELEM prog_array name=sys_enter_init_ map_fd=10 map_id=360 key=523 prog_fd=78 prog_id=198 flags=0 ret=0 errno=0
[385.934861 pid=6620 tid=6628] native-loader jit-info prog_array-target fd=78 id=198 type=17 name=sys_enter_init tag=39f0608a879c1a34 jited_len=2062 xlated_len=3504 nr_jited_ksyms=1 ksym0=0xffffffffc040234c ksym1=0x0
[385.934953 pid=6620 tid=6628] BPF_MAP_UPDATE_ELEM prog_array name=sys_enter_init_ map_fd=10 map_id=360 key=524 prog_fd=78 prog_id=198 flags=0 ret=0 errno=0
[385.935037 pid=6620 tid=6628] native-loader jit-info prog_array-target fd=78 id=198 type=17 name=sys_enter_init tag=39f0608a879c1a34 jited_len=2062 xlated_len=3504 nr_jited_ksyms=1 ksym0=0xffffffffc040234c ksym1=0x0
[385.935129 pid=6620 tid=6628] BPF_MAP_UPDATE_ELEM prog_array name=sys_enter_init_ map_fd=10 map_id=360 key=525 prog_fd=78 prog_id=198 flags=0 ret=0 errno=0
[385.935214 pid=6620 tid=6628] native-loader jit-info prog_array-target fd=78 id=198 type=17 name=sys_enter_init tag=39f0608a879c1a34 jited_len=2062 xlated_len=3504 nr_jited_ksyms=1 ksym0=0xffffffffc040234c ksym1=0x0
[385.935307 pid=6620 tid=6628] BPF_MAP_UPDATE_ELEM prog_array name=sys_enter_init_ map_fd=10 map_id=360 key=526 prog_fd=78 prog_id=198 flags=0 ret=0 errno=0
[385.935394 pid=6620 tid=6628] native-loader jit-info prog_array-target fd=78 id=198 type=17 name=sys_enter_init tag=39f0608a879c1a34 jited_len=2062 xlated_len=3504 nr_jited_ksyms=1 ksym0=0xffffffffc040234c ksym1=0x0
[385.935485 pid=6620 tid=6628] BPF_MAP_UPDATE_ELEM prog_array name=sys_enter_init_ map_fd=10 map_id=360 key=527 prog_fd=78 prog_id=198 flags=0 ret=0 errno=0
[385.935570 pid=6620 tid=6628] native-loader jit-info prog_array-target fd=78 id=198 type=17 name=sys_enter_init tag=39f0608a879c1a34 jited_len=2062 xlated_len=3504 nr_jited_ksyms=1 ksym0=0xffffffffc040234c ksym1=0x0
[385.935662 pid=6620 tid=6628] BPF_MAP_UPDATE_ELEM prog_array name=sys_enter_init_ map_fd=10 map_id=360 key=528 prog_fd=78 prog_id=198 flags=0 ret=0 errno=0
[385.935745 pid=6620 tid=6628] native-loader jit-info prog_array-target fd=78 id=198 type=17 name=sys_enter_init tag=39f0608a879c1a34 jited_len=2062 xlated_len=3504 nr_jited_ksyms=1 ksym0=0xffffffffc040234c ksym1=0x0
[385.935837 pid=6620 tid=6628] BPF_MAP_UPDATE_ELEM prog_array name=sys_enter_init_ map_fd=10 map_id=360 key=529 prog_fd=78 prog_id=198 flags=0 ret=0 errno=0
[385.935921 pid=6620 tid=6628] native-loader jit-info prog_array-target fd=78 id=198 type=17 name=sys_enter_init tag=39f0608a879c1a34 jited_len=2062 xlated_len=3504 nr_jited_ksyms=1 ksym0=0xffffffffc040234c ksym1=0x0
[385.936014 pid=6620 tid=6628] BPF_MAP_UPDATE_ELEM prog_array name=sys_enter_init_ map_fd=10 map_id=360 key=530 prog_fd=78 prog_id=198 flags=0 ret=0 errno=0
[385.936097 pid=6620 tid=6628] native-loader jit-info prog_array-target fd=78 id=198 type=17 name=sys_enter_init tag=39f0608a879c1a34 jited_len=2062 xlated_len=3504 nr_jited_ksyms=1 ksym0=0xffffffffc040234c ksym1=0x0
[385.936189 pid=6620 tid=6628] BPF_MAP_UPDATE_ELEM prog_array name=sys_enter_init_ map_fd=10 map_id=360 key=531 prog_fd=78 prog_id=198 flags=0 ret=0 errno=0
[385.936274 pid=6620 tid=6628] native-loader jit-info prog_array-target fd=78 id=198 type=17 name=sys_enter_init tag=39f0608a879c1a34 jited_len=2062 xlated_len=3504 nr_jited_ksyms=1 ksym0=0xffffffffc040234c ksym1=0x0
[385.936369 pid=6620 tid=6628] BPF_MAP_UPDATE_ELEM prog_array name=sys_enter_init_ map_fd=10 map_id=360 key=532 prog_fd=78 prog_id=198 flags=0 ret=0 errno=0
[385.936455 pid=6620 tid=6628] native-loader jit-info prog_array-target fd=78 id=198 type=17 name=sys_enter_init tag=39f0608a879c1a34 jited_len=2062 xlated_len=3504 nr_jited_ksyms=1 ksym0=0xffffffffc040234c ksym1=0x0
[385.936547 pid=6620 tid=6628] BPF_MAP_UPDATE_ELEM prog_array name=sys_enter_init_ map_fd=10 map_id=360 key=533 prog_fd=78 prog_id=198 flags=0 ret=0 errno=0
[385.936630 pid=6620 tid=6628] native-loader jit-info prog_array-target fd=78 id=198 type=17 name=sys_enter_init tag=39f0608a879c1a34 jited_len=2062 xlated_len=3504 nr_jited_ksyms=1 ksym0=0xffffffffc040234c ksym1=0x0
[385.936723 pid=6620 tid=6628] BPF_MAP_UPDATE_ELEM prog_array name=sys_enter_init_ map_fd=10 map_id=360 key=534 prog_fd=78 prog_id=198 flags=0 ret=0 errno=0
[385.936807 pid=6620 tid=6628] native-loader jit-info prog_array-target fd=78 id=198 type=17 name=sys_enter_init tag=39f0608a879c1a34 jited_len=2062 xlated_len=3504 nr_jited_ksyms=1 ksym0=0xffffffffc040234c ksym1=0x0
[385.936938 pid=6620 tid=6628] BPF_MAP_UPDATE_ELEM prog_array name=sys_exit_tails map_fd=18 map_id=368 key=43 prog_fd=189 prog_id=318 flags=0 ret=0 errno=0
[385.937026 pid=6620 tid=6628] native-loader jit-info prog_array-target fd=189 id=318 type=17 name=syscall__accept tag=078f4a1c9b7da1b0 jited_len=9262 xlated_len=13976 nr_jited_ksyms=2 ksym0=0xffffffffc044a6f8 ksym1=0xffffffffc04017f8
[385.937118 pid=6620 tid=6628] BPF_MAP_UPDATE_ELEM prog_array name=sys_exit_tails map_fd=18 map_id=368 key=288 prog_fd=189 prog_id=318 flags=0 ret=0 errno=0
[385.937201 pid=6620 tid=6628] native-loader jit-info prog_array-target fd=189 id=318 type=17 name=syscall__accept tag=078f4a1c9b7da1b0 jited_len=9262 xlated_len=13976 nr_jited_ksyms=2 ksym0=0xffffffffc044a6f8 ksym1=0xffffffffc04017f8
[385.938117 pid=6620 tid=6628] BPF_MAP_UPDATE_ELEM prog_array name=prog_array map_fd=27 map_id=377 key=8 prog_fd=273 prog_id=564 flags=0 ret=0 errno=0
[385.938206 pid=6620 tid=6628] native-loader jit-info prog_array-target fd=273 id=564 type=2 name=process_execute tag=fddfa7679b41b8e5 jited_len=11649 xlated_len=19456 nr_jited_ksyms=1 ksym0=0xffffffffc059344c ksym1=0x0
[385.938545 pid=6620 tid=6628] BPF_MAP_UPDATE_ELEM prog_array name=prog_array map_fd=27 map_id=377 key=13 prog_fd=177 prog_id=276 flags=0 ret=0 errno=0
[385.938634 pid=6620 tid=6628] native-loader jit-info prog_array-target fd=177 id=276 type=2 name=lkm_seeker_modt tag=e0750393ef625f0c jited_len=55771 xlated_len=104000 nr_jited_ksyms=1 ksym0=0xffffffffc04539e0 ksym1=0x0
[385.938775 pid=6620 tid=6628] BPF_MAP_UPDATE_ELEM prog_array name=prog_array_tp map_fd=29 map_id=379 key=5 prog_fd=186 prog_id=306 flags=0 ret=0 errno=0
[385.938863 pid=6620 tid=6628] native-loader jit-info prog_array-target fd=186 id=306 type=17 name=sched_process_e tag=a6fd99aa1466e79e jited_len=22751 xlated_len=37416 nr_jited_ksyms=1 ksym0=0xffffffffc048174c ksym1=0x0
[385.938962 pid=6620 tid=6628] BPF_MAP_UPDATE_ELEM prog_array name=sys_enter_submi map_fd=13 map_id=363 key=0 prog_fd=60 prog_id=201 flags=0 ret=0 errno=0
[385.939049 pid=6620 tid=6628] native-loader jit-info prog_array-target fd=60 id=201 type=17 name=sys_enter_submi tag=b007db728abdf9dd jited_len=17661 xlated_len=30040 nr_jited_ksyms=1 ksym0=0xffffffffc04070e4 ksym1=0x0
[385.939139 pid=6620 tid=6628] BPF_MAP_UPDATE_ELEM prog_array name=sys_enter_submi map_fd=13 map_id=363 key=1 prog_fd=60 prog_id=201 flags=0 ret=0 errno=0
[385.939225 pid=6620 tid=6628] native-loader jit-info prog_array-target fd=60 id=201 type=17 name=sys_enter_submi tag=b007db728abdf9dd jited_len=17661 xlated_len=30040 nr_jited_ksyms=1 ksym0=0xffffffffc04070e4 ksym1=0x0
[385.939316 pid=6620 tid=6628] BPF_MAP_UPDATE_ELEM prog_array name=sys_enter_submi map_fd=13 map_id=363 key=2 prog_fd=60 prog_id=201 flags=0 ret=0 errno=0
[385.939405 pid=6620 tid=6628] native-loader jit-info prog_array-target fd=60 id=201 type=17 name=sys_enter_submi tag=b007db728abdf9dd jited_len=17661 xlated_len=30040 nr_jited_ksyms=1 ksym0=0xffffffffc04070e4 ksym1=0x0
[385.939495 pid=6620 tid=6628] BPF_MAP_UPDATE_ELEM prog_array name=sys_enter_submi map_fd=13 map_id=363 key=3 prog_fd=60 prog_id=201 flags=0 ret=0 errno=0
[385.939581 pid=6620 tid=6628] native-loader jit-info prog_array-target fd=60 id=201 type=17 name=sys_enter_submi tag=b007db728abdf9dd jited_len=17661 xlated_len=30040 nr_jited_ksyms=1 ksym0=0xffffffffc04070e4 ksym1=0x0
[385.939671 pid=6620 tid=6628] BPF_MAP_UPDATE_ELEM prog_array name=sys_enter_submi map_fd=13 map_id=363 key=4 prog_fd=60 prog_id=201 flags=0 ret=0 errno=0
[385.939757 pid=6620 tid=6628] native-loader jit-info prog_array-target fd=60 id=201 type=17 name=sys_enter_submi tag=b007db728abdf9dd jited_len=17661 xlated_len=30040 nr_jited_ksyms=1 ksym0=0xffffffffc04070e4 ksym1=0x0
[385.939847 pid=6620 tid=6628] BPF_MAP_UPDATE_ELEM prog_array name=sys_enter_submi map_fd=13 map_id=363 key=5 prog_fd=60 prog_id=201 flags=0 ret=0 errno=0
[385.939933 pid=6620 tid=6628] native-loader jit-info prog_array-target fd=60 id=201 type=17 name=sys_enter_submi tag=b007db728abdf9dd jited_len=17661 xlated_len=30040 nr_jited_ksyms=1 ksym0=0xffffffffc04070e4 ksym1=0x0
[385.940023 pid=6620 tid=6628] BPF_MAP_UPDATE_ELEM prog_array name=sys_enter_submi map_fd=13 map_id=363 key=6 prog_fd=60 prog_id=201 flags=0 ret=0 errno=0
[385.940108 pid=6620 tid=6628] native-loader jit-info prog_array-target fd=60 id=201 type=17 name=sys_enter_submi tag=b007db728abdf9dd jited_len=17661 xlated_len=30040 nr_jited_ksyms=1 ksym0=0xffffffffc04070e4 ksym1=0x0
[385.940198 pid=6620 tid=6628] BPF_MAP_UPDATE_ELEM prog_array name=sys_enter_submi map_fd=13 map_id=363 key=7 prog_fd=60 prog_id=201 flags=0 ret=0 errno=0
[385.940283 pid=6620 tid=6628] native-loader jit-info prog_array-target fd=60 id=201 type=17 name=sys_enter_submi tag=b007db728abdf9dd jited_len=17661 xlated_len=30040 nr_jited_ksyms=1 ksym0=0xffffffffc04070e4 ksym1=0x0
[385.940376 pid=6620 tid=6628] BPF_MAP_UPDATE_ELEM prog_array name=sys_enter_submi map_fd=13 map_id=363 key=8 prog_fd=60 prog_id=201 flags=0 ret=0 errno=0
[385.940462 pid=6620 tid=6628] native-loader jit-info prog_array-target fd=60 id=201 type=17 name=sys_enter_submi tag=b007db728abdf9dd jited_len=17661 xlated_len=30040 nr_jited_ksyms=1 ksym0=0xffffffffc04070e4 ksym1=0x0
[385.940553 pid=6620 tid=6628] BPF_MAP_UPDATE_ELEM prog_array name=sys_enter_submi map_fd=13 map_id=363 key=9 prog_fd=60 prog_id=201 flags=0 ret=0 errno=0
[385.940638 pid=6620 tid=6628] native-loader jit-info prog_array-target fd=60 id=201 type=17 name=sys_enter_submi tag=b007db728abdf9dd jited_len=17661 xlated_len=30040 nr_jited_ksyms=1 ksym0=0xffffffffc04070e4 ksym1=0x0
[385.940728 pid=6620 tid=6628] BPF_MAP_UPDATE_ELEM prog_array name=sys_enter_submi map_fd=13 map_id=363 key=10 prog_fd=60 prog_id=201 flags=0 ret=0 errno=0
[385.940813 pid=6620 tid=6628] native-loader jit-info prog_array-target fd=60 id=201 type=17 name=sys_enter_submi tag=b007db728abdf9dd jited_len=17661 xlated_len=30040 nr_jited_ksyms=1 ksym0=0xffffffffc04070e4 ksym1=0x0
[385.940904 pid=6620 tid=6628] BPF_MAP_UPDATE_ELEM prog_array name=sys_enter_submi map_fd=13 map_id=363 key=11 prog_fd=60 prog_id=201 flags=0 ret=0 errno=0
[385.940988 pid=6620 tid=6628] native-loader jit-info prog_array-target fd=60 id=201 type=17 name=sys_enter_submi tag=b007db728abdf9dd jited_len=17661 xlated_len=30040 nr_jited_ksyms=1 ksym0=0xffffffffc04070e4 ksym1=0x0
[385.941079 pid=6620 tid=6628] BPF_MAP_UPDATE_ELEM prog_array name=sys_enter_submi map_fd=13 map_id=363 key=12 prog_fd=60 prog_id=201 flags=0 ret=0 errno=0
[385.941165 pid=6620 tid=6628] native-loader jit-info prog_array-target fd=60 id=201 type=17 name=sys_enter_submi tag=b007db728abdf9dd jited_len=17661 xlated_len=30040 nr_jited_ksyms=1 ksym0=0xffffffffc04070e4 ksym1=0x0
[385.941255 pid=6620 tid=6628] BPF_MAP_UPDATE_ELEM prog_array name=sys_enter_submi map_fd=13 map_id=363 key=13 prog_fd=60 prog_id=201 flags=0 ret=0 errno=0
[385.941340 pid=6620 tid=6628] native-loader jit-info prog_array-target fd=60 id=201 type=17 name=sys_enter_submi tag=b007db728abdf9dd jited_len=17661 xlated_len=30040 nr_jited_ksyms=1 ksym0=0xffffffffc04070e4 ksym1=0x0
[385.941433 pid=6620 tid=6628] BPF_MAP_UPDATE_ELEM prog_array name=sys_enter_submi map_fd=13 map_id=363 key=14 prog_fd=60 prog_id=201 flags=0 ret=0 errno=0
[385.941519 pid=6620 tid=6628] native-loader jit-info prog_array-target fd=60 id=201 type=17 name=sys_enter_submi tag=b007db728abdf9dd jited_len=17661 xlated_len=30040 nr_jited_ksyms=1 ksym0=0xffffffffc04070e4 ksym1=0x0
[385.941610 pid=6620 tid=6628] BPF_MAP_UPDATE_ELEM prog_array name=sys_enter_submi map_fd=13 map_id=363 key=15 prog_fd=60 prog_id=201 flags=0 ret=0 errno=0
[385.941696 pid=6620 tid=6628] native-loader jit-info prog_array-target fd=60 id=201 type=17 name=sys_enter_submi tag=b007db728abdf9dd jited_len=17661 xlated_len=30040 nr_jited_ksyms=1 ksym0=0xffffffffc04070e4 ksym1=0x0
[385.941787 pid=6620 tid=6628] BPF_MAP_UPDATE_ELEM prog_array name=sys_enter_submi map_fd=13 map_id=363 key=16 prog_fd=60 prog_id=201 flags=0 ret=0 errno=0
[385.941872 pid=6620 tid=6628] native-loader jit-info prog_array-target fd=60 id=201 type=17 name=sys_enter_submi tag=b007db728abdf9dd jited_len=17661 xlated_len=30040 nr_jited_ksyms=1 ksym0=0xffffffffc04070e4 ksym1=0x0
[385.941962 pid=6620 tid=6628] BPF_MAP_UPDATE_ELEM prog_array name=sys_enter_submi map_fd=13 map_id=363 key=17 prog_fd=60 prog_id=201 flags=0 ret=0 errno=0
[385.942048 pid=6620 tid=6628] native-loader jit-info prog_array-target fd=60 id=201 type=17 name=sys_enter_submi tag=b007db728abdf9dd jited_len=17661 xlated_len=30040 nr_jited_ksyms=1 ksym0=0xffffffffc04070e4 ksym1=0x0
[385.942139 pid=6620 tid=6628] BPF_MAP_UPDATE_ELEM prog_array name=sys_enter_submi map_fd=13 map_id=363 key=18 prog_fd=60 prog_id=201 flags=0 ret=0 errno=0
[385.942224 pid=6620 tid=6628] native-loader jit-info prog_array-target fd=60 id=201 type=17 name=sys_enter_submi tag=b007db728abdf9dd jited_len=17661 xlated_len=30040 nr_jited_ksyms=1 ksym0=0xffffffffc04070e4 ksym1=0x0
[385.942314 pid=6620 tid=6628] BPF_MAP_UPDATE_ELEM prog_array name=sys_enter_submi map_fd=13 map_id=363 key=19 prog_fd=60 prog_id=201 flags=0 ret=0 errno=0
[385.942402 pid=6620 tid=6628] native-loader jit-info prog_array-target fd=60 id=201 type=17 name=sys_enter_submi tag=b007db728abdf9dd jited_len=17661 xlated_len=30040 nr_jited_ksyms=1 ksym0=0xffffffffc04070e4 ksym1=0x0
[385.942492 pid=6620 tid=6628] BPF_MAP_UPDATE_ELEM prog_array name=sys_enter_submi map_fd=13 map_id=363 key=20 prog_fd=60 prog_id=201 flags=0 ret=0 errno=0
[385.942577 pid=6620 tid=6628] native-loader jit-info prog_array-target fd=60 id=201 type=17 name=sys_enter_submi tag=b007db728abdf9dd jited_len=17661 xlated_len=30040 nr_jited_ksyms=1 ksym0=0xffffffffc04070e4 ksym1=0x0
[385.942667 pid=6620 tid=6628] BPF_MAP_UPDATE_ELEM prog_array name=sys_enter_submi map_fd=13 map_id=363 key=21 prog_fd=60 prog_id=201 flags=0 ret=0 errno=0
[385.942753 pid=6620 tid=6628] native-loader jit-info prog_array-target fd=60 id=201 type=17 name=sys_enter_submi tag=b007db728abdf9dd jited_len=17661 xlated_len=30040 nr_jited_ksyms=1 ksym0=0xffffffffc04070e4 ksym1=0x0
[385.942843 pid=6620 tid=6628] BPF_MAP_UPDATE_ELEM prog_array name=sys_enter_submi map_fd=13 map_id=363 key=22 prog_fd=60 prog_id=201 flags=0 ret=0 errno=0
[385.942929 pid=6620 tid=6628] native-loader jit-info prog_array-target fd=60 id=201 type=17 name=sys_enter_submi tag=b007db728abdf9dd jited_len=17661 xlated_len=30040 nr_jited_ksyms=1 ksym0=0xffffffffc04070e4 ksym1=0x0
[385.943019 pid=6620 tid=6628] BPF_MAP_UPDATE_ELEM prog_array name=sys_enter_submi map_fd=13 map_id=363 key=23 prog_fd=60 prog_id=201 flags=0 ret=0 errno=0
[385.943104 pid=6620 tid=6628] native-loader jit-info prog_array-target fd=60 id=201 type=17 name=sys_enter_submi tag=b007db728abdf9dd jited_len=17661 xlated_len=30040 nr_jited_ksyms=1 ksym0=0xffffffffc04070e4 ksym1=0x0
[385.943195 pid=6620 tid=6628] BPF_MAP_UPDATE_ELEM prog_array name=sys_enter_submi map_fd=13 map_id=363 key=24 prog_fd=60 prog_id=201 flags=0 ret=0 errno=0
[385.943282 pid=6620 tid=6628] native-loader jit-info prog_array-target fd=60 id=201 type=17 name=sys_enter_submi tag=b007db728abdf9dd jited_len=17661 xlated_len=30040 nr_jited_ksyms=1 ksym0=0xffffffffc04070e4 ksym1=0x0
[385.943374 pid=6620 tid=6628] BPF_MAP_UPDATE_ELEM prog_array name=sys_enter_submi map_fd=13 map_id=363 key=25 prog_fd=60 prog_id=201 flags=0 ret=0 errno=0
[385.943461 pid=6620 tid=6628] native-loader jit-info prog_array-target fd=60 id=201 type=17 name=sys_enter_submi tag=b007db728abdf9dd jited_len=17661 xlated_len=30040 nr_jited_ksyms=1 ksym0=0xffffffffc04070e4 ksym1=0x0
[385.943552 pid=6620 tid=6628] BPF_MAP_UPDATE_ELEM prog_array name=sys_enter_submi map_fd=13 map_id=363 key=26 prog_fd=60 prog_id=201 flags=0 ret=0 errno=0
[385.943637 pid=6620 tid=6628] native-loader jit-info prog_array-target fd=60 id=201 type=17 name=sys_enter_submi tag=b007db728abdf9dd jited_len=17661 xlated_len=30040 nr_jited_ksyms=1 ksym0=0xffffffffc04070e4 ksym1=0x0
[385.943727 pid=6620 tid=6628] BPF_MAP_UPDATE_ELEM prog_array name=sys_enter_submi map_fd=13 map_id=363 key=27 prog_fd=60 prog_id=201 flags=0 ret=0 errno=0
[385.943813 pid=6620 tid=6628] native-loader jit-info prog_array-target fd=60 id=201 type=17 name=sys_enter_submi tag=b007db728abdf9dd jited_len=17661 xlated_len=30040 nr_jited_ksyms=1 ksym0=0xffffffffc04070e4 ksym1=0x0
[385.943904 pid=6620 tid=6628] BPF_MAP_UPDATE_ELEM prog_array name=sys_enter_submi map_fd=13 map_id=363 key=28 prog_fd=60 prog_id=201 flags=0 ret=0 errno=0
[385.943989 pid=6620 tid=6628] native-loader jit-info prog_array-target fd=60 id=201 type=17 name=sys_enter_submi tag=b007db728abdf9dd jited_len=17661 xlated_len=30040 nr_jited_ksyms=1 ksym0=0xffffffffc04070e4 ksym1=0x0
[385.944079 pid=6620 tid=6628] BPF_MAP_UPDATE_ELEM prog_array name=sys_enter_submi map_fd=13 map_id=363 key=29 prog_fd=60 prog_id=201 flags=0 ret=0 errno=0
[385.944164 pid=6620 tid=6628] native-loader jit-info prog_array-target fd=60 id=201 type=17 name=sys_enter_submi tag=b007db728abdf9dd jited_len=17661 xlated_len=30040 nr_jited_ksyms=1 ksym0=0xffffffffc04070e4 ksym1=0x0
[385.944254 pid=6620 tid=6628] BPF_MAP_UPDATE_ELEM prog_array name=sys_enter_submi map_fd=13 map_id=363 key=30 prog_fd=60 prog_id=201 flags=0 ret=0 errno=0
[385.944340 pid=6620 tid=6628] native-loader jit-info prog_array-target fd=60 id=201 type=17 name=sys_enter_submi tag=b007db728abdf9dd jited_len=17661 xlated_len=30040 nr_jited_ksyms=1 ksym0=0xffffffffc04070e4 ksym1=0x0
[385.944432 pid=6620 tid=6628] BPF_MAP_UPDATE_ELEM prog_array name=sys_enter_submi map_fd=13 map_id=363 key=31 prog_fd=60 prog_id=201 flags=0 ret=0 errno=0
[385.944517 pid=6620 tid=6628] native-loader jit-info prog_array-target fd=60 id=201 type=17 name=sys_enter_submi tag=b007db728abdf9dd jited_len=17661 xlated_len=30040 nr_jited_ksyms=1 ksym0=0xffffffffc04070e4 ksym1=0x0
[385.944607 pid=6620 tid=6628] BPF_MAP_UPDATE_ELEM prog_array name=sys_enter_submi map_fd=13 map_id=363 key=34 prog_fd=60 prog_id=201 flags=0 ret=0 errno=0
[385.944691 pid=6620 tid=6628] native-loader jit-info prog_array-target fd=60 id=201 type=17 name=sys_enter_submi tag=b007db728abdf9dd jited_len=17661 xlated_len=30040 nr_jited_ksyms=1 ksym0=0xffffffffc04070e4 ksym1=0x0
[385.944782 pid=6620 tid=6628] BPF_MAP_UPDATE_ELEM prog_array name=sys_enter_submi map_fd=13 map_id=363 key=35 prog_fd=60 prog_id=201 flags=0 ret=0 errno=0
[385.944867 pid=6620 tid=6628] native-loader jit-info prog_array-target fd=60 id=201 type=17 name=sys_enter_submi tag=b007db728abdf9dd jited_len=17661 xlated_len=30040 nr_jited_ksyms=1 ksym0=0xffffffffc04070e4 ksym1=0x0
[385.944957 pid=6620 tid=6628] BPF_MAP_UPDATE_ELEM prog_array name=sys_enter_submi map_fd=13 map_id=363 key=36 prog_fd=60 prog_id=201 flags=0 ret=0 errno=0
[385.945042 pid=6620 tid=6628] native-loader jit-info prog_array-target fd=60 id=201 type=17 name=sys_enter_submi tag=b007db728abdf9dd jited_len=17661 xlated_len=30040 nr_jited_ksyms=1 ksym0=0xffffffffc04070e4 ksym1=0x0
[385.945132 pid=6620 tid=6628] BPF_MAP_UPDATE_ELEM prog_array name=sys_enter_submi map_fd=13 map_id=363 key=37 prog_fd=60 prog_id=201 flags=0 ret=0 errno=0
[385.945218 pid=6620 tid=6628] native-loader jit-info prog_array-target fd=60 id=201 type=17 name=sys_enter_submi tag=b007db728abdf9dd jited_len=17661 xlated_len=30040 nr_jited_ksyms=1 ksym0=0xffffffffc04070e4 ksym1=0x0
[385.945308 pid=6620 tid=6628] BPF_MAP_UPDATE_ELEM prog_array name=sys_enter_submi map_fd=13 map_id=363 key=38 prog_fd=60 prog_id=201 flags=0 ret=0 errno=0
[385.945367 pid=6620 tid=6628] native-loader jit-info prog_array-target fd=60 id=201 type=17 name=sys_enter_submi tag=b007db728abdf9dd jited_len=17661 xlated_len=30040 nr_jited_ksyms=1 ksym0=0xffffffffc04070e4 ksym1=0x0
[385.945457 pid=6620 tid=6628] BPF_MAP_UPDATE_ELEM prog_array name=sys_enter_submi map_fd=13 map_id=363 key=39 prog_fd=60 prog_id=201 flags=0 ret=0 errno=0
[385.945543 pid=6620 tid=6628] native-loader jit-info prog_array-target fd=60 id=201 type=17 name=sys_enter_submi tag=b007db728abdf9dd jited_len=17661 xlated_len=30040 nr_jited_ksyms=1 ksym0=0xffffffffc04070e4 ksym1=0x0
[385.945633 pid=6620 tid=6628] BPF_MAP_UPDATE_ELEM prog_array name=sys_enter_submi map_fd=13 map_id=363 key=40 prog_fd=60 prog_id=201 flags=0 ret=0 errno=0
[385.945718 pid=6620 tid=6628] native-loader jit-info prog_array-target fd=60 id=201 type=17 name=sys_enter_submi tag=b007db728abdf9dd jited_len=17661 xlated_len=30040 nr_jited_ksyms=1 ksym0=0xffffffffc04070e4 ksym1=0x0
[385.945808 pid=6620 tid=6628] BPF_MAP_UPDATE_ELEM prog_array name=sys_enter_submi map_fd=13 map_id=363 key=41 prog_fd=60 prog_id=201 flags=0 ret=0 errno=0
[385.945894 pid=6620 tid=6628] native-loader jit-info prog_array-target fd=60 id=201 type=17 name=sys_enter_submi tag=b007db728abdf9dd jited_len=17661 xlated_len=30040 nr_jited_ksyms=1 ksym0=0xffffffffc04070e4 ksym1=0x0
[385.945985 pid=6620 tid=6628] BPF_MAP_UPDATE_ELEM prog_array name=sys_enter_submi map_fd=13 map_id=363 key=42 prog_fd=60 prog_id=201 flags=0 ret=0 errno=0
[385.946069 pid=6620 tid=6628] native-loader jit-info prog_array-target fd=60 id=201 type=17 name=sys_enter_submi tag=b007db728abdf9dd jited_len=17661 xlated_len=30040 nr_jited_ksyms=1 ksym0=0xffffffffc04070e4 ksym1=0x0
[385.946160 pid=6620 tid=6628] BPF_MAP_UPDATE_ELEM prog_array name=sys_enter_submi map_fd=13 map_id=363 key=43 prog_fd=60 prog_id=201 flags=0 ret=0 errno=0
[385.946246 pid=6620 tid=6628] native-loader jit-info prog_array-target fd=60 id=201 type=17 name=sys_enter_submi tag=b007db728abdf9dd jited_len=17661 xlated_len=30040 nr_jited_ksyms=1 ksym0=0xffffffffc04070e4 ksym1=0x0
[385.946337 pid=6620 tid=6628] BPF_MAP_UPDATE_ELEM prog_array name=sys_enter_submi map_fd=13 map_id=363 key=44 prog_fd=60 prog_id=201 flags=0 ret=0 errno=0
[385.946424 pid=6620 tid=6628] native-loader jit-info prog_array-target fd=60 id=201 type=17 name=sys_enter_submi tag=b007db728abdf9dd jited_len=17661 xlated_len=30040 nr_jited_ksyms=1 ksym0=0xffffffffc04070e4 ksym1=0x0
[385.946514 pid=6620 tid=6628] BPF_MAP_UPDATE_ELEM prog_array name=sys_enter_submi map_fd=13 map_id=363 key=45 prog_fd=60 prog_id=201 flags=0 ret=0 errno=0
[385.946599 pid=6620 tid=6628] native-loader jit-info prog_array-target fd=60 id=201 type=17 name=sys_enter_submi tag=b007db728abdf9dd jited_len=17661 xlated_len=30040 nr_jited_ksyms=1 ksym0=0xffffffffc04070e4 ksym1=0x0
[385.946689 pid=6620 tid=6628] BPF_MAP_UPDATE_ELEM prog_array name=sys_enter_submi map_fd=13 map_id=363 key=46 prog_fd=60 prog_id=201 flags=0 ret=0 errno=0
[385.946775 pid=6620 tid=6628] native-loader jit-info prog_array-target fd=60 id=201 type=17 name=sys_enter_submi tag=b007db728abdf9dd jited_len=17661 xlated_len=30040 nr_jited_ksyms=1 ksym0=0xffffffffc04070e4 ksym1=0x0
[385.946864 pid=6620 tid=6628] BPF_MAP_UPDATE_ELEM prog_array name=sys_enter_submi map_fd=13 map_id=363 key=47 prog_fd=60 prog_id=201 flags=0 ret=0 errno=0
[385.946950 pid=6620 tid=6628] native-loader jit-info prog_array-target fd=60 id=201 type=17 name=sys_enter_submi tag=b007db728abdf9dd jited_len=17661 xlated_len=30040 nr_jited_ksyms=1 ksym0=0xffffffffc04070e4 ksym1=0x0
[385.947042 pid=6620 tid=6628] BPF_MAP_UPDATE_ELEM prog_array name=sys_enter_submi map_fd=13 map_id=363 key=48 prog_fd=60 prog_id=201 flags=0 ret=0 errno=0
[385.947127 pid=6620 tid=6628] native-loader jit-info prog_array-target fd=60 id=201 type=17 name=sys_enter_submi tag=b007db728abdf9dd jited_len=17661 xlated_len=30040 nr_jited_ksyms=1 ksym0=0xffffffffc04070e4 ksym1=0x0
[385.947219 pid=6620 tid=6628] BPF_MAP_UPDATE_ELEM prog_array name=sys_enter_submi map_fd=13 map_id=363 key=49 prog_fd=60 prog_id=201 flags=0 ret=0 errno=0
[385.947303 pid=6620 tid=6628] native-loader jit-info prog_array-target fd=60 id=201 type=17 name=sys_enter_submi tag=b007db728abdf9dd jited_len=17661 xlated_len=30040 nr_jited_ksyms=1 ksym0=0xffffffffc04070e4 ksym1=0x0
[385.947395 pid=6620 tid=6628] BPF_MAP_UPDATE_ELEM prog_array name=sys_enter_submi map_fd=13 map_id=363 key=50 prog_fd=60 prog_id=201 flags=0 ret=0 errno=0
[385.947481 pid=6620 tid=6628] native-loader jit-info prog_array-target fd=60 id=201 type=17 name=sys_enter_submi tag=b007db728abdf9dd jited_len=17661 xlated_len=30040 nr_jited_ksyms=1 ksym0=0xffffffffc04070e4 ksym1=0x0
[385.947572 pid=6620 tid=6628] BPF_MAP_UPDATE_ELEM prog_array name=sys_enter_submi map_fd=13 map_id=363 key=51 prog_fd=60 prog_id=201 flags=0 ret=0 errno=0
[385.947657 pid=6620 tid=6628] native-loader jit-info prog_array-target fd=60 id=201 type=17 name=sys_enter_submi tag=b007db728abdf9dd jited_len=17661 xlated_len=30040 nr_jited_ksyms=1 ksym0=0xffffffffc04070e4 ksym1=0x0
[385.947747 pid=6620 tid=6628] BPF_MAP_UPDATE_ELEM prog_array name=sys_enter_submi map_fd=13 map_id=363 key=52 prog_fd=60 prog_id=201 flags=0 ret=0 errno=0
[385.947832 pid=6620 tid=6628] native-loader jit-info prog_array-target fd=60 id=201 type=17 name=sys_enter_submi tag=b007db728abdf9dd jited_len=17661 xlated_len=30040 nr_jited_ksyms=1 ksym0=0xffffffffc04070e4 ksym1=0x0
[385.947922 pid=6620 tid=6628] BPF_MAP_UPDATE_ELEM prog_array name=sys_enter_submi map_fd=13 map_id=363 key=53 prog_fd=60 prog_id=201 flags=0 ret=0 errno=0
[385.948007 pid=6620 tid=6628] native-loader jit-info prog_array-target fd=60 id=201 type=17 name=sys_enter_submi tag=b007db728abdf9dd jited_len=17661 xlated_len=30040 nr_jited_ksyms=1 ksym0=0xffffffffc04070e4 ksym1=0x0
[385.948097 pid=6620 tid=6628] BPF_MAP_UPDATE_ELEM prog_array name=sys_enter_submi map_fd=13 map_id=363 key=54 prog_fd=60 prog_id=201 flags=0 ret=0 errno=0
[385.948183 pid=6620 tid=6628] native-loader jit-info prog_array-target fd=60 id=201 type=17 name=sys_enter_submi tag=b007db728abdf9dd jited_len=17661 xlated_len=30040 nr_jited_ksyms=1 ksym0=0xffffffffc04070e4 ksym1=0x0
[385.948274 pid=6620 tid=6628] BPF_MAP_UPDATE_ELEM prog_array name=sys_enter_submi map_fd=13 map_id=363 key=55 prog_fd=60 prog_id=201 flags=0 ret=0 errno=0
[385.948362 pid=6620 tid=6628] native-loader jit-info prog_array-target fd=60 id=201 type=17 name=sys_enter_submi tag=b007db728abdf9dd jited_len=17661 xlated_len=30040 nr_jited_ksyms=1 ksym0=0xffffffffc04070e4 ksym1=0x0
[385.948454 pid=6620 tid=6628] BPF_MAP_UPDATE_ELEM prog_array name=sys_enter_submi map_fd=13 map_id=363 key=56 prog_fd=60 prog_id=201 flags=0 ret=0 errno=0
[385.948539 pid=6620 tid=6628] native-loader jit-info prog_array-target fd=60 id=201 type=17 name=sys_enter_submi tag=b007db728abdf9dd jited_len=17661 xlated_len=30040 nr_jited_ksyms=1 ksym0=0xffffffffc04070e4 ksym1=0x0
[385.948630 pid=6620 tid=6628] BPF_MAP_UPDATE_ELEM prog_array name=sys_enter_submi map_fd=13 map_id=363 key=57 prog_fd=60 prog_id=201 flags=0 ret=0 errno=0
[385.948715 pid=6620 tid=6628] native-loader jit-info prog_array-target fd=60 id=201 type=17 name=sys_enter_submi tag=b007db728abdf9dd jited_len=17661 xlated_len=30040 nr_jited_ksyms=1 ksym0=0xffffffffc04070e4 ksym1=0x0
[385.948805 pid=6620 tid=6628] BPF_MAP_UPDATE_ELEM prog_array name=sys_enter_submi map_fd=13 map_id=363 key=58 prog_fd=60 prog_id=201 flags=0 ret=0 errno=0
[385.948890 pid=6620 tid=6628] native-loader jit-info prog_array-target fd=60 id=201 type=17 name=sys_enter_submi tag=b007db728abdf9dd jited_len=17661 xlated_len=30040 nr_jited_ksyms=1 ksym0=0xffffffffc04070e4 ksym1=0x0
[385.948980 pid=6620 tid=6628] BPF_MAP_UPDATE_ELEM prog_array name=sys_enter_submi map_fd=13 map_id=363 key=59 prog_fd=60 prog_id=201 flags=0 ret=0 errno=0
[385.949065 pid=6620 tid=6628] native-loader jit-info prog_array-target fd=60 id=201 type=17 name=sys_enter_submi tag=b007db728abdf9dd jited_len=17661 xlated_len=30040 nr_jited_ksyms=1 ksym0=0xffffffffc04070e4 ksym1=0x0
[385.949156 pid=6620 tid=6628] BPF_MAP_UPDATE_ELEM prog_array name=sys_enter_submi map_fd=13 map_id=363 key=60 prog_fd=60 prog_id=201 flags=0 ret=0 errno=0
[385.949242 pid=6620 tid=6628] native-loader jit-info prog_array-target fd=60 id=201 type=17 name=sys_enter_submi tag=b007db728abdf9dd jited_len=17661 xlated_len=30040 nr_jited_ksyms=1 ksym0=0xffffffffc04070e4 ksym1=0x0
[385.949331 pid=6620 tid=6628] BPF_MAP_UPDATE_ELEM prog_array name=sys_enter_submi map_fd=13 map_id=363 key=61 prog_fd=60 prog_id=201 flags=0 ret=0 errno=0
[385.949419 pid=6620 tid=6628] native-loader jit-info prog_array-target fd=60 id=201 type=17 name=sys_enter_submi tag=b007db728abdf9dd jited_len=17661 xlated_len=30040 nr_jited_ksyms=1 ksym0=0xffffffffc04070e4 ksym1=0x0
[385.949510 pid=6620 tid=6628] BPF_MAP_UPDATE_ELEM prog_array name=sys_enter_submi map_fd=13 map_id=363 key=62 prog_fd=60 prog_id=201 flags=0 ret=0 errno=0
[385.949595 pid=6620 tid=6628] native-loader jit-info prog_array-target fd=60 id=201 type=17 name=sys_enter_submi tag=b007db728abdf9dd jited_len=17661 xlated_len=30040 nr_jited_ksyms=1 ksym0=0xffffffffc04070e4 ksym1=0x0
[385.949685 pid=6620 tid=6628] BPF_MAP_UPDATE_ELEM prog_array name=sys_enter_submi map_fd=13 map_id=363 key=63 prog_fd=60 prog_id=201 flags=0 ret=0 errno=0
[385.949770 pid=6620 tid=6628] native-loader jit-info prog_array-target fd=60 id=201 type=17 name=sys_enter_submi tag=b007db728abdf9dd jited_len=17661 xlated_len=30040 nr_jited_ksyms=1 ksym0=0xffffffffc04070e4 ksym1=0x0
[385.949861 pid=6620 tid=6628] BPF_MAP_UPDATE_ELEM prog_array name=sys_enter_submi map_fd=13 map_id=363 key=64 prog_fd=60 prog_id=201 flags=0 ret=0 errno=0
[385.949946 pid=6620 tid=6628] native-loader jit-info prog_array-target fd=60 id=201 type=17 name=sys_enter_submi tag=b007db728abdf9dd jited_len=17661 xlated_len=30040 nr_jited_ksyms=1 ksym0=0xffffffffc04070e4 ksym1=0x0
[385.950036 pid=6620 tid=6628] BPF_MAP_UPDATE_ELEM prog_array name=sys_enter_submi map_fd=13 map_id=363 key=65 prog_fd=60 prog_id=201 flags=0 ret=0 errno=0
[385.950121 pid=6620 tid=6628] native-loader jit-info prog_array-target fd=60 id=201 type=17 name=sys_enter_submi tag=b007db728abdf9dd jited_len=17661 xlated_len=30040 nr_jited_ksyms=1 ksym0=0xffffffffc04070e4 ksym1=0x0
[385.950211 pid=6620 tid=6628] BPF_MAP_UPDATE_ELEM prog_array name=sys_enter_submi map_fd=13 map_id=363 key=66 prog_fd=60 prog_id=201 flags=0 ret=0 errno=0
[385.950297 pid=6620 tid=6628] native-loader jit-info prog_array-target fd=60 id=201 type=17 name=sys_enter_submi tag=b007db728abdf9dd jited_len=17661 xlated_len=30040 nr_jited_ksyms=1 ksym0=0xffffffffc04070e4 ksym1=0x0
[385.950389 pid=6620 tid=6628] BPF_MAP_UPDATE_ELEM prog_array name=sys_enter_submi map_fd=13 map_id=363 key=67 prog_fd=60 prog_id=201 flags=0 ret=0 errno=0
[385.950475 pid=6620 tid=6628] native-loader jit-info prog_array-target fd=60 id=201 type=17 name=sys_enter_submi tag=b007db728abdf9dd jited_len=17661 xlated_len=30040 nr_jited_ksyms=1 ksym0=0xffffffffc04070e4 ksym1=0x0
[385.950567 pid=6620 tid=6628] BPF_MAP_UPDATE_ELEM prog_array name=sys_enter_submi map_fd=13 map_id=363 key=68 prog_fd=60 prog_id=201 flags=0 ret=0 errno=0
[385.950651 pid=6620 tid=6628] native-loader jit-info prog_array-target fd=60 id=201 type=17 name=sys_enter_submi tag=b007db728abdf9dd jited_len=17661 xlated_len=30040 nr_jited_ksyms=1 ksym0=0xffffffffc04070e4 ksym1=0x0
[385.950742 pid=6620 tid=6628] BPF_MAP_UPDATE_ELEM prog_array name=sys_enter_submi map_fd=13 map_id=363 key=69 prog_fd=60 prog_id=201 flags=0 ret=0 errno=0
[385.950827 pid=6620 tid=6628] native-loader jit-info prog_array-target fd=60 id=201 type=17 name=sys_enter_submi tag=b007db728abdf9dd jited_len=17661 xlated_len=30040 nr_jited_ksyms=1 ksym0=0xffffffffc04070e4 ksym1=0x0
[385.950917 pid=6620 tid=6628] BPF_MAP_UPDATE_ELEM prog_array name=sys_enter_submi map_fd=13 map_id=363 key=70 prog_fd=60 prog_id=201 flags=0 ret=0 errno=0
[385.951003 pid=6620 tid=6628] native-loader jit-info prog_array-target fd=60 id=201 type=17 name=sys_enter_submi tag=b007db728abdf9dd jited_len=17661 xlated_len=30040 nr_jited_ksyms=1 ksym0=0xffffffffc04070e4 ksym1=0x0
[385.951093 pid=6620 tid=6628] BPF_MAP_UPDATE_ELEM prog_array name=sys_enter_submi map_fd=13 map_id=363 key=71 prog_fd=60 prog_id=201 flags=0 ret=0 errno=0
[385.951178 pid=6620 tid=6628] native-loader jit-info prog_array-target fd=60 id=201 type=17 name=sys_enter_submi tag=b007db728abdf9dd jited_len=17661 xlated_len=30040 nr_jited_ksyms=1 ksym0=0xffffffffc04070e4 ksym1=0x0
[385.951269 pid=6620 tid=6628] BPF_MAP_UPDATE_ELEM prog_array name=sys_enter_submi map_fd=13 map_id=363 key=72 prog_fd=60 prog_id=201 flags=0 ret=0 errno=0
[385.951354 pid=6620 tid=6628] native-loader jit-info prog_array-target fd=60 id=201 type=17 name=sys_enter_submi tag=b007db728abdf9dd jited_len=17661 xlated_len=30040 nr_jited_ksyms=1 ksym0=0xffffffffc04070e4 ksym1=0x0
[385.951446 pid=6620 tid=6628] BPF_MAP_UPDATE_ELEM prog_array name=sys_enter_submi map_fd=13 map_id=363 key=73 prog_fd=60 prog_id=201 flags=0 ret=0 errno=0
[385.951530 pid=6620 tid=6628] native-loader jit-info prog_array-target fd=60 id=201 type=17 name=sys_enter_submi tag=b007db728abdf9dd jited_len=17661 xlated_len=30040 nr_jited_ksyms=1 ksym0=0xffffffffc04070e4 ksym1=0x0
[385.951622 pid=6620 tid=6628] BPF_MAP_UPDATE_ELEM prog_array name=sys_enter_submi map_fd=13 map_id=363 key=74 prog_fd=60 prog_id=201 flags=0 ret=0 errno=0
[385.951707 pid=6620 tid=6628] native-loader jit-info prog_array-target fd=60 id=201 type=17 name=sys_enter_submi tag=b007db728abdf9dd jited_len=17661 xlated_len=30040 nr_jited_ksyms=1 ksym0=0xffffffffc04070e4 ksym1=0x0
[385.951798 pid=6620 tid=6628] BPF_MAP_UPDATE_ELEM prog_array name=sys_enter_submi map_fd=13 map_id=363 key=75 prog_fd=60 prog_id=201 flags=0 ret=0 errno=0
[385.951884 pid=6620 tid=6628] native-loader jit-info prog_array-target fd=60 id=201 type=17 name=sys_enter_submi tag=b007db728abdf9dd jited_len=17661 xlated_len=30040 nr_jited_ksyms=1 ksym0=0xffffffffc04070e4 ksym1=0x0
[385.951974 pid=6620 tid=6628] BPF_MAP_UPDATE_ELEM prog_array name=sys_enter_submi map_fd=13 map_id=363 key=76 prog_fd=60 prog_id=201 flags=0 ret=0 errno=0
[385.952059 pid=6620 tid=6628] native-loader jit-info prog_array-target fd=60 id=201 type=17 name=sys_enter_submi tag=b007db728abdf9dd jited_len=17661 xlated_len=30040 nr_jited_ksyms=1 ksym0=0xffffffffc04070e4 ksym1=0x0
[385.952149 pid=6620 tid=6628] BPF_MAP_UPDATE_ELEM prog_array name=sys_enter_submi map_fd=13 map_id=363 key=77 prog_fd=60 prog_id=201 flags=0 ret=0 errno=0
[385.952234 pid=6620 tid=6628] native-loader jit-info prog_array-target fd=60 id=201 type=17 name=sys_enter_submi tag=b007db728abdf9dd jited_len=17661 xlated_len=30040 nr_jited_ksyms=1 ksym0=0xffffffffc04070e4 ksym1=0x0
[385.952324 pid=6620 tid=6628] BPF_MAP_UPDATE_ELEM prog_array name=sys_enter_submi map_fd=13 map_id=363 key=78 prog_fd=60 prog_id=201 flags=0 ret=0 errno=0
[385.952415 pid=6620 tid=6628] native-loader jit-info prog_array-target fd=60 id=201 type=17 name=sys_enter_submi tag=b007db728abdf9dd jited_len=17661 xlated_len=30040 nr_jited_ksyms=1 ksym0=0xffffffffc04070e4 ksym1=0x0
[385.952505 pid=6620 tid=6628] BPF_MAP_UPDATE_ELEM prog_array name=sys_enter_submi map_fd=13 map_id=363 key=79 prog_fd=60 prog_id=201 flags=0 ret=0 errno=0
[385.952591 pid=6620 tid=6628] native-loader jit-info prog_array-target fd=60 id=201 type=17 name=sys_enter_submi tag=b007db728abdf9dd jited_len=17661 xlated_len=30040 nr_jited_ksyms=1 ksym0=0xffffffffc04070e4 ksym1=0x0
[385.952682 pid=6620 tid=6628] BPF_MAP_UPDATE_ELEM prog_array name=sys_enter_submi map_fd=13 map_id=363 key=80 prog_fd=60 prog_id=201 flags=0 ret=0 errno=0
[385.952767 pid=6620 tid=6628] native-loader jit-info prog_array-target fd=60 id=201 type=17 name=sys_enter_submi tag=b007db728abdf9dd jited_len=17661 xlated_len=30040 nr_jited_ksyms=1 ksym0=0xffffffffc04070e4 ksym1=0x0
[385.952857 pid=6620 tid=6628] BPF_MAP_UPDATE_ELEM prog_array name=sys_enter_submi map_fd=13 map_id=363 key=81 prog_fd=60 prog_id=201 flags=0 ret=0 errno=0
[385.952946 pid=6620 tid=6628] native-loader jit-info prog_array-target fd=60 id=201 type=17 name=sys_enter_submi tag=b007db728abdf9dd jited_len=17661 xlated_len=30040 nr_jited_ksyms=1 ksym0=0xffffffffc04070e4 ksym1=0x0
[385.953037 pid=6620 tid=6628] BPF_MAP_UPDATE_ELEM prog_array name=sys_enter_submi map_fd=13 map_id=363 key=82 prog_fd=60 prog_id=201 flags=0 ret=0 errno=0
[385.953123 pid=6620 tid=6628] native-loader jit-info prog_array-target fd=60 id=201 type=17 name=sys_enter_submi tag=b007db728abdf9dd jited_len=17661 xlated_len=30040 nr_jited_ksyms=1 ksym0=0xffffffffc04070e4 ksym1=0x0
[385.953215 pid=6620 tid=6628] BPF_MAP_UPDATE_ELEM prog_array name=sys_enter_submi map_fd=13 map_id=363 key=83 prog_fd=60 prog_id=201 flags=0 ret=0 errno=0
[385.953301 pid=6620 tid=6628] native-loader jit-info prog_array-target fd=60 id=201 type=17 name=sys_enter_submi tag=b007db728abdf9dd jited_len=17661 xlated_len=30040 nr_jited_ksyms=1 ksym0=0xffffffffc04070e4 ksym1=0x0
[385.953393 pid=6620 tid=6628] BPF_MAP_UPDATE_ELEM prog_array name=sys_enter_submi map_fd=13 map_id=363 key=84 prog_fd=60 prog_id=201 flags=0 ret=0 errno=0
[385.953478 pid=6620 tid=6628] native-loader jit-info prog_array-target fd=60 id=201 type=17 name=sys_enter_submi tag=b007db728abdf9dd jited_len=17661 xlated_len=30040 nr_jited_ksyms=1 ksym0=0xffffffffc04070e4 ksym1=0x0
[385.953568 pid=6620 tid=6628] BPF_MAP_UPDATE_ELEM prog_array name=sys_enter_submi map_fd=13 map_id=363 key=85 prog_fd=60 prog_id=201 flags=0 ret=0 errno=0
[385.953654 pid=6620 tid=6628] native-loader jit-info prog_array-target fd=60 id=201 type=17 name=sys_enter_submi tag=b007db728abdf9dd jited_len=17661 xlated_len=30040 nr_jited_ksyms=1 ksym0=0xffffffffc04070e4 ksym1=0x0
[385.953744 pid=6620 tid=6628] BPF_MAP_UPDATE_ELEM prog_array name=sys_enter_submi map_fd=13 map_id=363 key=86 prog_fd=60 prog_id=201 flags=0 ret=0 errno=0
[385.953829 pid=6620 tid=6628] native-loader jit-info prog_array-target fd=60 id=201 type=17 name=sys_enter_submi tag=b007db728abdf9dd jited_len=17661 xlated_len=30040 nr_jited_ksyms=1 ksym0=0xffffffffc04070e4 ksym1=0x0
[385.953919 pid=6620 tid=6628] BPF_MAP_UPDATE_ELEM prog_array name=sys_enter_submi map_fd=13 map_id=363 key=87 prog_fd=60 prog_id=201 flags=0 ret=0 errno=0
[385.954004 pid=6620 tid=6628] native-loader jit-info prog_array-target fd=60 id=201 type=17 name=sys_enter_submi tag=b007db728abdf9dd jited_len=17661 xlated_len=30040 nr_jited_ksyms=1 ksym0=0xffffffffc04070e4 ksym1=0x0
[385.954094 pid=6620 tid=6628] BPF_MAP_UPDATE_ELEM prog_array name=sys_enter_submi map_fd=13 map_id=363 key=88 prog_fd=60 prog_id=201 flags=0 ret=0 errno=0
[385.954180 pid=6620 tid=6628] native-loader jit-info prog_array-target fd=60 id=201 type=17 name=sys_enter_submi tag=b007db728abdf9dd jited_len=17661 xlated_len=30040 nr_jited_ksyms=1 ksym0=0xffffffffc04070e4 ksym1=0x0
[385.954270 pid=6620 tid=6628] BPF_MAP_UPDATE_ELEM prog_array name=sys_enter_submi map_fd=13 map_id=363 key=89 prog_fd=60 prog_id=201 flags=0 ret=0 errno=0
[385.954357 pid=6620 tid=6628] native-loader jit-info prog_array-target fd=60 id=201 type=17 name=sys_enter_submi tag=b007db728abdf9dd jited_len=17661 xlated_len=30040 nr_jited_ksyms=1 ksym0=0xffffffffc04070e4 ksym1=0x0
[385.954448 pid=6620 tid=6628] BPF_MAP_UPDATE_ELEM prog_array name=sys_enter_submi map_fd=13 map_id=363 key=90 prog_fd=60 prog_id=201 flags=0 ret=0 errno=0
[385.954533 pid=6620 tid=6628] native-loader jit-info prog_array-target fd=60 id=201 type=17 name=sys_enter_submi tag=b007db728abdf9dd jited_len=17661 xlated_len=30040 nr_jited_ksyms=1 ksym0=0xffffffffc04070e4 ksym1=0x0
[385.954623 pid=6620 tid=6628] BPF_MAP_UPDATE_ELEM prog_array name=sys_enter_submi map_fd=13 map_id=363 key=91 prog_fd=60 prog_id=201 flags=0 ret=0 errno=0
[385.954708 pid=6620 tid=6628] native-loader jit-info prog_array-target fd=60 id=201 type=17 name=sys_enter_submi tag=b007db728abdf9dd jited_len=17661 xlated_len=30040 nr_jited_ksyms=1 ksym0=0xffffffffc04070e4 ksym1=0x0
[385.954798 pid=6620 tid=6628] BPF_MAP_UPDATE_ELEM prog_array name=sys_enter_submi map_fd=13 map_id=363 key=92 prog_fd=60 prog_id=201 flags=0 ret=0 errno=0
[385.954883 pid=6620 tid=6628] native-loader jit-info prog_array-target fd=60 id=201 type=17 name=sys_enter_submi tag=b007db728abdf9dd jited_len=17661 xlated_len=30040 nr_jited_ksyms=1 ksym0=0xffffffffc04070e4 ksym1=0x0
[385.954973 pid=6620 tid=6628] BPF_MAP_UPDATE_ELEM prog_array name=sys_enter_submi map_fd=13 map_id=363 key=93 prog_fd=60 prog_id=201 flags=0 ret=0 errno=0
[385.955058 pid=6620 tid=6628] native-loader jit-info prog_array-target fd=60 id=201 type=17 name=sys_enter_submi tag=b007db728abdf9dd jited_len=17661 xlated_len=30040 nr_jited_ksyms=1 ksym0=0xffffffffc04070e4 ksym1=0x0
[385.955148 pid=6620 tid=6628] BPF_MAP_UPDATE_ELEM prog_array name=sys_enter_submi map_fd=13 map_id=363 key=94 prog_fd=60 prog_id=201 flags=0 ret=0 errno=0
[385.955234 pid=6620 tid=6628] native-loader jit-info prog_array-target fd=60 id=201 type=17 name=sys_enter_submi tag=b007db728abdf9dd jited_len=17661 xlated_len=30040 nr_jited_ksyms=1 ksym0=0xffffffffc04070e4 ksym1=0x0
[385.955324 pid=6620 tid=6628] BPF_MAP_UPDATE_ELEM prog_array name=sys_enter_submi map_fd=13 map_id=363 key=95 prog_fd=60 prog_id=201 flags=0 ret=0 errno=0
[385.955412 pid=6620 tid=6628] native-loader jit-info prog_array-target fd=60 id=201 type=17 name=sys_enter_submi tag=b007db728abdf9dd jited_len=17661 xlated_len=30040 nr_jited_ksyms=1 ksym0=0xffffffffc04070e4 ksym1=0x0
[385.955502 pid=6620 tid=6628] BPF_MAP_UPDATE_ELEM prog_array name=sys_enter_submi map_fd=13 map_id=363 key=96 prog_fd=60 prog_id=201 flags=0 ret=0 errno=0
[385.955587 pid=6620 tid=6628] native-loader jit-info prog_array-target fd=60 id=201 type=17 name=sys_enter_submi tag=b007db728abdf9dd jited_len=17661 xlated_len=30040 nr_jited_ksyms=1 ksym0=0xffffffffc04070e4 ksym1=0x0
[385.955677 pid=6620 tid=6628] BPF_MAP_UPDATE_ELEM prog_array name=sys_enter_submi map_fd=13 map_id=363 key=97 prog_fd=60 prog_id=201 flags=0 ret=0 errno=0
[385.955762 pid=6620 tid=6628] native-loader jit-info prog_array-target fd=60 id=201 type=17 name=sys_enter_submi tag=b007db728abdf9dd jited_len=17661 xlated_len=30040 nr_jited_ksyms=1 ksym0=0xffffffffc04070e4 ksym1=0x0
[385.955853 pid=6620 tid=6628] BPF_MAP_UPDATE_ELEM prog_array name=sys_enter_submi map_fd=13 map_id=363 key=98 prog_fd=60 prog_id=201 flags=0 ret=0 errno=0
[385.955939 pid=6620 tid=6628] native-loader jit-info prog_array-target fd=60 id=201 type=17 name=sys_enter_submi tag=b007db728abdf9dd jited_len=17661 xlated_len=30040 nr_jited_ksyms=1 ksym0=0xffffffffc04070e4 ksym1=0x0
[385.956029 pid=6620 tid=6628] BPF_MAP_UPDATE_ELEM prog_array name=sys_enter_submi map_fd=13 map_id=363 key=99 prog_fd=60 prog_id=201 flags=0 ret=0 errno=0
[385.956114 pid=6620 tid=6628] native-loader jit-info prog_array-target fd=60 id=201 type=17 name=sys_enter_submi tag=b007db728abdf9dd jited_len=17661 xlated_len=30040 nr_jited_ksyms=1 ksym0=0xffffffffc04070e4 ksym1=0x0
[385.956204 pid=6620 tid=6628] BPF_MAP_UPDATE_ELEM prog_array name=sys_enter_submi map_fd=13 map_id=363 key=100 prog_fd=60 prog_id=201 flags=0 ret=0 errno=0
[385.956290 pid=6620 tid=6628] native-loader jit-info prog_array-target fd=60 id=201 type=17 name=sys_enter_submi tag=b007db728abdf9dd jited_len=17661 xlated_len=30040 nr_jited_ksyms=1 ksym0=0xffffffffc04070e4 ksym1=0x0
[385.956382 pid=6620 tid=6628] BPF_MAP_UPDATE_ELEM prog_array name=sys_enter_submi map_fd=13 map_id=363 key=102 prog_fd=60 prog_id=201 flags=0 ret=0 errno=0
[385.956468 pid=6620 tid=6628] native-loader jit-info prog_array-target fd=60 id=201 type=17 name=sys_enter_submi tag=b007db728abdf9dd jited_len=17661 xlated_len=30040 nr_jited_ksyms=1 ksym0=0xffffffffc04070e4 ksym1=0x0
[385.956558 pid=6620 tid=6628] BPF_MAP_UPDATE_ELEM prog_array name=sys_enter_submi map_fd=13 map_id=363 key=103 prog_fd=60 prog_id=201 flags=0 ret=0 errno=0
[385.956643 pid=6620 tid=6628] native-loader jit-info prog_array-target fd=60 id=201 type=17 name=sys_enter_submi tag=b007db728abdf9dd jited_len=17661 xlated_len=30040 nr_jited_ksyms=1 ksym0=0xffffffffc04070e4 ksym1=0x0
[385.956734 pid=6620 tid=6628] BPF_MAP_UPDATE_ELEM prog_array name=sys_enter_submi map_fd=13 map_id=363 key=104 prog_fd=60 prog_id=201 flags=0 ret=0 errno=0
[385.956819 pid=6620 tid=6628] native-loader jit-info prog_array-target fd=60 id=201 type=17 name=sys_enter_submi tag=b007db728abdf9dd jited_len=17661 xlated_len=30040 nr_jited_ksyms=1 ksym0=0xffffffffc04070e4 ksym1=0x0
[385.956908 pid=6620 tid=6628] BPF_MAP_UPDATE_ELEM prog_array name=sys_enter_submi map_fd=13 map_id=363 key=105 prog_fd=60 prog_id=201 flags=0 ret=0 errno=0
[385.956994 pid=6620 tid=6628] native-loader jit-info prog_array-target fd=60 id=201 type=17 name=sys_enter_submi tag=b007db728abdf9dd jited_len=17661 xlated_len=30040 nr_jited_ksyms=1 ksym0=0xffffffffc04070e4 ksym1=0x0
[385.957084 pid=6620 tid=6628] BPF_MAP_UPDATE_ELEM prog_array name=sys_enter_submi map_fd=13 map_id=363 key=106 prog_fd=60 prog_id=201 flags=0 ret=0 errno=0
[385.957169 pid=6620 tid=6628] native-loader jit-info prog_array-target fd=60 id=201 type=17 name=sys_enter_submi tag=b007db728abdf9dd jited_len=17661 xlated_len=30040 nr_jited_ksyms=1 ksym0=0xffffffffc04070e4 ksym1=0x0
[385.957260 pid=6620 tid=6628] BPF_MAP_UPDATE_ELEM prog_array name=sys_enter_submi map_fd=13 map_id=363 key=107 prog_fd=60 prog_id=201 flags=0 ret=0 errno=0
[385.957346 pid=6620 tid=6628] native-loader jit-info prog_array-target fd=60 id=201 type=17 name=sys_enter_submi tag=b007db728abdf9dd jited_len=17661 xlated_len=30040 nr_jited_ksyms=1 ksym0=0xffffffffc04070e4 ksym1=0x0
[385.957438 pid=6620 tid=6628] BPF_MAP_UPDATE_ELEM prog_array name=sys_enter_submi map_fd=13 map_id=363 key=108 prog_fd=60 prog_id=201 flags=0 ret=0 errno=0
[385.957523 pid=6620 tid=6628] native-loader jit-info prog_array-target fd=60 id=201 type=17 name=sys_enter_submi tag=b007db728abdf9dd jited_len=17661 xlated_len=30040 nr_jited_ksyms=1 ksym0=0xffffffffc04070e4 ksym1=0x0
[385.957614 pid=6620 tid=6628] BPF_MAP_UPDATE_ELEM prog_array name=sys_enter_submi map_fd=13 map_id=363 key=109 prog_fd=60 prog_id=201 flags=0 ret=0 errno=0
[385.957699 pid=6620 tid=6628] native-loader jit-info prog_array-target fd=60 id=201 type=17 name=sys_enter_submi tag=b007db728abdf9dd jited_len=17661 xlated_len=30040 nr_jited_ksyms=1 ksym0=0xffffffffc04070e4 ksym1=0x0
[385.957789 pid=6620 tid=6628] BPF_MAP_UPDATE_ELEM prog_array name=sys_enter_submi map_fd=13 map_id=363 key=110 prog_fd=60 prog_id=201 flags=0 ret=0 errno=0
[385.957875 pid=6620 tid=6628] native-loader jit-info prog_array-target fd=60 id=201 type=17 name=sys_enter_submi tag=b007db728abdf9dd jited_len=17661 xlated_len=30040 nr_jited_ksyms=1 ksym0=0xffffffffc04070e4 ksym1=0x0
[385.957964 pid=6620 tid=6628] BPF_MAP_UPDATE_ELEM prog_array name=sys_enter_submi map_fd=13 map_id=363 key=111 prog_fd=60 prog_id=201 flags=0 ret=0 errno=0
[385.958049 pid=6620 tid=6628] native-loader jit-info prog_array-target fd=60 id=201 type=17 name=sys_enter_submi tag=b007db728abdf9dd jited_len=17661 xlated_len=30040 nr_jited_ksyms=1 ksym0=0xffffffffc04070e4 ksym1=0x0
[385.958139 pid=6620 tid=6628] BPF_MAP_UPDATE_ELEM prog_array name=sys_enter_submi map_fd=13 map_id=363 key=112 prog_fd=60 prog_id=201 flags=0 ret=0 errno=0
[385.958225 pid=6620 tid=6628] native-loader jit-info prog_array-target fd=60 id=201 type=17 name=sys_enter_submi tag=b007db728abdf9dd jited_len=17661 xlated_len=30040 nr_jited_ksyms=1 ksym0=0xffffffffc04070e4 ksym1=0x0
[385.958315 pid=6620 tid=6628] BPF_MAP_UPDATE_ELEM prog_array name=sys_enter_submi map_fd=13 map_id=363 key=113 prog_fd=60 prog_id=201 flags=0 ret=0 errno=0
[385.958403 pid=6620 tid=6628] native-loader jit-info prog_array-target fd=60 id=201 type=17 name=sys_enter_submi tag=b007db728abdf9dd jited_len=17661 xlated_len=30040 nr_jited_ksyms=1 ksym0=0xffffffffc04070e4 ksym1=0x0
[385.958493 pid=6620 tid=6628] BPF_MAP_UPDATE_ELEM prog_array name=sys_enter_submi map_fd=13 map_id=363 key=114 prog_fd=60 prog_id=201 flags=0 ret=0 errno=0
[385.958579 pid=6620 tid=6628] native-loader jit-info prog_array-target fd=60 id=201 type=17 name=sys_enter_submi tag=b007db728abdf9dd jited_len=17661 xlated_len=30040 nr_jited_ksyms=1 ksym0=0xffffffffc04070e4 ksym1=0x0
[385.958669 pid=6620 tid=6628] BPF_MAP_UPDATE_ELEM prog_array name=sys_enter_submi map_fd=13 map_id=363 key=115 prog_fd=60 prog_id=201 flags=0 ret=0 errno=0
[385.958754 pid=6620 tid=6628] native-loader jit-info prog_array-target fd=60 id=201 type=17 name=sys_enter_submi tag=b007db728abdf9dd jited_len=17661 xlated_len=30040 nr_jited_ksyms=1 ksym0=0xffffffffc04070e4 ksym1=0x0
[385.958844 pid=6620 tid=6628] BPF_MAP_UPDATE_ELEM prog_array name=sys_enter_submi map_fd=13 map_id=363 key=116 prog_fd=60 prog_id=201 flags=0 ret=0 errno=0
[385.958929 pid=6620 tid=6628] native-loader jit-info prog_array-target fd=60 id=201 type=17 name=sys_enter_submi tag=b007db728abdf9dd jited_len=17661 xlated_len=30040 nr_jited_ksyms=1 ksym0=0xffffffffc04070e4 ksym1=0x0
[385.959019 pid=6620 tid=6628] BPF_MAP_UPDATE_ELEM prog_array name=sys_enter_submi map_fd=13 map_id=363 key=117 prog_fd=60 prog_id=201 flags=0 ret=0 errno=0
[385.959105 pid=6620 tid=6628] native-loader jit-info prog_array-target fd=60 id=201 type=17 name=sys_enter_submi tag=b007db728abdf9dd jited_len=17661 xlated_len=30040 nr_jited_ksyms=1 ksym0=0xffffffffc04070e4 ksym1=0x0
[385.959195 pid=6620 tid=6628] BPF_MAP_UPDATE_ELEM prog_array name=sys_enter_submi map_fd=13 map_id=363 key=118 prog_fd=60 prog_id=201 flags=0 ret=0 errno=0
[385.959280 pid=6620 tid=6628] native-loader jit-info prog_array-target fd=60 id=201 type=17 name=sys_enter_submi tag=b007db728abdf9dd jited_len=17661 xlated_len=30040 nr_jited_ksyms=1 ksym0=0xffffffffc04070e4 ksym1=0x0
[385.959372 pid=6620 tid=6628] BPF_MAP_UPDATE_ELEM prog_array name=sys_enter_submi map_fd=13 map_id=363 key=119 prog_fd=60 prog_id=201 flags=0 ret=0 errno=0
[385.959457 pid=6620 tid=6628] native-loader jit-info prog_array-target fd=60 id=201 type=17 name=sys_enter_submi tag=b007db728abdf9dd jited_len=17661 xlated_len=30040 nr_jited_ksyms=1 ksym0=0xffffffffc04070e4 ksym1=0x0
[385.959548 pid=6620 tid=6628] BPF_MAP_UPDATE_ELEM prog_array name=sys_enter_submi map_fd=13 map_id=363 key=120 prog_fd=60 prog_id=201 flags=0 ret=0 errno=0
[385.959632 pid=6620 tid=6628] native-loader jit-info prog_array-target fd=60 id=201 type=17 name=sys_enter_submi tag=b007db728abdf9dd jited_len=17661 xlated_len=30040 nr_jited_ksyms=1 ksym0=0xffffffffc04070e4 ksym1=0x0
[385.959722 pid=6620 tid=6628] BPF_MAP_UPDATE_ELEM prog_array name=sys_enter_submi map_fd=13 map_id=363 key=121 prog_fd=60 prog_id=201 flags=0 ret=0 errno=0
[385.959807 pid=6620 tid=6628] native-loader jit-info prog_array-target fd=60 id=201 type=17 name=sys_enter_submi tag=b007db728abdf9dd jited_len=17661 xlated_len=30040 nr_jited_ksyms=1 ksym0=0xffffffffc04070e4 ksym1=0x0
[385.959898 pid=6620 tid=6628] BPF_MAP_UPDATE_ELEM prog_array name=sys_enter_submi map_fd=13 map_id=363 key=122 prog_fd=60 prog_id=201 flags=0 ret=0 errno=0
[385.959983 pid=6620 tid=6628] native-loader jit-info prog_array-target fd=60 id=201 type=17 name=sys_enter_submi tag=b007db728abdf9dd jited_len=17661 xlated_len=30040 nr_jited_ksyms=1 ksym0=0xffffffffc04070e4 ksym1=0x0
[385.960074 pid=6620 tid=6628] BPF_MAP_UPDATE_ELEM prog_array name=sys_enter_submi map_fd=13 map_id=363 key=123 prog_fd=60 prog_id=201 flags=0 ret=0 errno=0
[385.960159 pid=6620 tid=6628] native-loader jit-info prog_array-target fd=60 id=201 type=17 name=sys_enter_submi tag=b007db728abdf9dd jited_len=17661 xlated_len=30040 nr_jited_ksyms=1 ksym0=0xffffffffc04070e4 ksym1=0x0
[385.960250 pid=6620 tid=6628] BPF_MAP_UPDATE_ELEM prog_array name=sys_enter_submi map_fd=13 map_id=363 key=124 prog_fd=60 prog_id=201 flags=0 ret=0 errno=0
[385.960335 pid=6620 tid=6628] native-loader jit-info prog_array-target fd=60 id=201 type=17 name=sys_enter_submi tag=b007db728abdf9dd jited_len=17661 xlated_len=30040 nr_jited_ksyms=1 ksym0=0xffffffffc04070e4 ksym1=0x0
[385.960427 pid=6620 tid=6628] BPF_MAP_UPDATE_ELEM prog_array name=sys_enter_submi map_fd=13 map_id=363 key=125 prog_fd=60 prog_id=201 flags=0 ret=0 errno=0
[385.960512 pid=6620 tid=6628] native-loader jit-info prog_array-target fd=60 id=201 type=17 name=sys_enter_submi tag=b007db728abdf9dd jited_len=17661 xlated_len=30040 nr_jited_ksyms=1 ksym0=0xffffffffc04070e4 ksym1=0x0
[385.960603 pid=6620 tid=6628] BPF_MAP_UPDATE_ELEM prog_array name=sys_enter_submi map_fd=13 map_id=363 key=126 prog_fd=60 prog_id=201 flags=0 ret=0 errno=0
[385.960689 pid=6620 tid=6628] native-loader jit-info prog_array-target fd=60 id=201 type=17 name=sys_enter_submi tag=b007db728abdf9dd jited_len=17661 xlated_len=30040 nr_jited_ksyms=1 ksym0=0xffffffffc04070e4 ksym1=0x0
[385.960779 pid=6620 tid=6628] BPF_MAP_UPDATE_ELEM prog_array name=sys_enter_submi map_fd=13 map_id=363 key=127 prog_fd=60 prog_id=201 flags=0 ret=0 errno=0
[385.960865 pid=6620 tid=6628] native-loader jit-info prog_array-target fd=60 id=201 type=17 name=sys_enter_submi tag=b007db728abdf9dd jited_len=17661 xlated_len=30040 nr_jited_ksyms=1 ksym0=0xffffffffc04070e4 ksym1=0x0
[385.960955 pid=6620 tid=6628] BPF_MAP_UPDATE_ELEM prog_array name=sys_enter_submi map_fd=13 map_id=363 key=128 prog_fd=60 prog_id=201 flags=0 ret=0 errno=0
[385.961041 pid=6620 tid=6628] native-loader jit-info prog_array-target fd=60 id=201 type=17 name=sys_enter_submi tag=b007db728abdf9dd jited_len=17661 xlated_len=30040 nr_jited_ksyms=1 ksym0=0xffffffffc04070e4 ksym1=0x0
[385.961131 pid=6620 tid=6628] BPF_MAP_UPDATE_ELEM prog_array name=sys_enter_submi map_fd=13 map_id=363 key=129 prog_fd=60 prog_id=201 flags=0 ret=0 errno=0
[385.961216 pid=6620 tid=6628] native-loader jit-info prog_array-target fd=60 id=201 type=17 name=sys_enter_submi tag=b007db728abdf9dd jited_len=17661 xlated_len=30040 nr_jited_ksyms=1 ksym0=0xffffffffc04070e4 ksym1=0x0
[385.961306 pid=6620 tid=6628] BPF_MAP_UPDATE_ELEM prog_array name=sys_enter_submi map_fd=13 map_id=363 key=130 prog_fd=60 prog_id=201 flags=0 ret=0 errno=0
[385.961394 pid=6620 tid=6628] native-loader jit-info prog_array-target fd=60 id=201 type=17 name=sys_enter_submi tag=b007db728abdf9dd jited_len=17661 xlated_len=30040 nr_jited_ksyms=1 ksym0=0xffffffffc04070e4 ksym1=0x0
[385.961484 pid=6620 tid=6628] BPF_MAP_UPDATE_ELEM prog_array name=sys_enter_submi map_fd=13 map_id=363 key=131 prog_fd=60 prog_id=201 flags=0 ret=0 errno=0
[385.961569 pid=6620 tid=6628] native-loader jit-info prog_array-target fd=60 id=201 type=17 name=sys_enter_submi tag=b007db728abdf9dd jited_len=17661 xlated_len=30040 nr_jited_ksyms=1 ksym0=0xffffffffc04070e4 ksym1=0x0
[385.961659 pid=6620 tid=6628] BPF_MAP_UPDATE_ELEM prog_array name=sys_enter_submi map_fd=13 map_id=363 key=132 prog_fd=60 prog_id=201 flags=0 ret=0 errno=0
[385.961745 pid=6620 tid=6628] native-loader jit-info prog_array-target fd=60 id=201 type=17 name=sys_enter_submi tag=b007db728abdf9dd jited_len=17661 xlated_len=30040 nr_jited_ksyms=1 ksym0=0xffffffffc04070e4 ksym1=0x0
[385.961835 pid=6620 tid=6628] BPF_MAP_UPDATE_ELEM prog_array name=sys_enter_submi map_fd=13 map_id=363 key=133 prog_fd=60 prog_id=201 flags=0 ret=0 errno=0
[385.961921 pid=6620 tid=6628] native-loader jit-info prog_array-target fd=60 id=201 type=17 name=sys_enter_submi tag=b007db728abdf9dd jited_len=17661 xlated_len=30040 nr_jited_ksyms=1 ksym0=0xffffffffc04070e4 ksym1=0x0
[385.962011 pid=6620 tid=6628] BPF_MAP_UPDATE_ELEM prog_array name=sys_enter_submi map_fd=13 map_id=363 key=134 prog_fd=60 prog_id=201 flags=0 ret=0 errno=0
[385.962096 pid=6620 tid=6628] native-loader jit-info prog_array-target fd=60 id=201 type=17 name=sys_enter_submi tag=b007db728abdf9dd jited_len=17661 xlated_len=30040 nr_jited_ksyms=1 ksym0=0xffffffffc04070e4 ksym1=0x0
[385.962187 pid=6620 tid=6628] BPF_MAP_UPDATE_ELEM prog_array name=sys_enter_submi map_fd=13 map_id=363 key=135 prog_fd=60 prog_id=201 flags=0 ret=0 errno=0
[385.962272 pid=6620 tid=6628] native-loader jit-info prog_array-target fd=60 id=201 type=17 name=sys_enter_submi tag=b007db728abdf9dd jited_len=17661 xlated_len=30040 nr_jited_ksyms=1 ksym0=0xffffffffc04070e4 ksym1=0x0
[385.962365 pid=6620 tid=6628] BPF_MAP_UPDATE_ELEM prog_array name=sys_enter_submi map_fd=13 map_id=363 key=136 prog_fd=60 prog_id=201 flags=0 ret=0 errno=0
[385.962450 pid=6620 tid=6628] native-loader jit-info prog_array-target fd=60 id=201 type=17 name=sys_enter_submi tag=b007db728abdf9dd jited_len=17661 xlated_len=30040 nr_jited_ksyms=1 ksym0=0xffffffffc04070e4 ksym1=0x0
[385.962542 pid=6620 tid=6628] BPF_MAP_UPDATE_ELEM prog_array name=sys_enter_submi map_fd=13 map_id=363 key=137 prog_fd=60 prog_id=201 flags=0 ret=0 errno=0
[385.962625 pid=6620 tid=6628] native-loader jit-info prog_array-target fd=60 id=201 type=17 name=sys_enter_submi tag=b007db728abdf9dd jited_len=17661 xlated_len=30040 nr_jited_ksyms=1 ksym0=0xffffffffc04070e4 ksym1=0x0
[385.962715 pid=6620 tid=6628] BPF_MAP_UPDATE_ELEM prog_array name=sys_enter_submi map_fd=13 map_id=363 key=138 prog_fd=60 prog_id=201 flags=0 ret=0 errno=0
[385.962800 pid=6620 tid=6628] native-loader jit-info prog_array-target fd=60 id=201 type=17 name=sys_enter_submi tag=b007db728abdf9dd jited_len=17661 xlated_len=30040 nr_jited_ksyms=1 ksym0=0xffffffffc04070e4 ksym1=0x0
[385.962892 pid=6620 tid=6628] BPF_MAP_UPDATE_ELEM prog_array name=sys_enter_submi map_fd=13 map_id=363 key=139 prog_fd=60 prog_id=201 flags=0 ret=0 errno=0
[385.962976 pid=6620 tid=6628] native-loader jit-info prog_array-target fd=60 id=201 type=17 name=sys_enter_submi tag=b007db728abdf9dd jited_len=17661 xlated_len=30040 nr_jited_ksyms=1 ksym0=0xffffffffc04070e4 ksym1=0x0
[385.963068 pid=6620 tid=6628] BPF_MAP_UPDATE_ELEM prog_array name=sys_enter_submi map_fd=13 map_id=363 key=140 prog_fd=60 prog_id=201 flags=0 ret=0 errno=0
[385.963152 pid=6620 tid=6628] native-loader jit-info prog_array-target fd=60 id=201 type=17 name=sys_enter_submi tag=b007db728abdf9dd jited_len=17661 xlated_len=30040 nr_jited_ksyms=1 ksym0=0xffffffffc04070e4 ksym1=0x0
[385.963244 pid=6620 tid=6628] BPF_MAP_UPDATE_ELEM prog_array name=sys_enter_submi map_fd=13 map_id=363 key=141 prog_fd=60 prog_id=201 flags=0 ret=0 errno=0
[385.963327 pid=6620 tid=6628] native-loader jit-info prog_array-target fd=60 id=201 type=17 name=sys_enter_submi tag=b007db728abdf9dd jited_len=17661 xlated_len=30040 nr_jited_ksyms=1 ksym0=0xffffffffc04070e4 ksym1=0x0
[385.963422 pid=6620 tid=6628] BPF_MAP_UPDATE_ELEM prog_array name=sys_enter_submi map_fd=13 map_id=363 key=142 prog_fd=60 prog_id=201 flags=0 ret=0 errno=0
[385.963505 pid=6620 tid=6628] native-loader jit-info prog_array-target fd=60 id=201 type=17 name=sys_enter_submi tag=b007db728abdf9dd jited_len=17661 xlated_len=30040 nr_jited_ksyms=1 ksym0=0xffffffffc04070e4 ksym1=0x0
[385.963598 pid=6620 tid=6628] BPF_MAP_UPDATE_ELEM prog_array name=sys_enter_submi map_fd=13 map_id=363 key=143 prog_fd=60 prog_id=201 flags=0 ret=0 errno=0
[385.963684 pid=6620 tid=6628] native-loader jit-info prog_array-target fd=60 id=201 type=17 name=sys_enter_submi tag=b007db728abdf9dd jited_len=17661 xlated_len=30040 nr_jited_ksyms=1 ksym0=0xffffffffc04070e4 ksym1=0x0
[385.963776 pid=6620 tid=6628] BPF_MAP_UPDATE_ELEM prog_array name=sys_enter_submi map_fd=13 map_id=363 key=144 prog_fd=60 prog_id=201 flags=0 ret=0 errno=0
[385.963861 pid=6620 tid=6628] native-loader jit-info prog_array-target fd=60 id=201 type=17 name=sys_enter_submi tag=b007db728abdf9dd jited_len=17661 xlated_len=30040 nr_jited_ksyms=1 ksym0=0xffffffffc04070e4 ksym1=0x0
[385.963954 pid=6620 tid=6628] BPF_MAP_UPDATE_ELEM prog_array name=sys_enter_submi map_fd=13 map_id=363 key=145 prog_fd=60 prog_id=201 flags=0 ret=0 errno=0
[385.964038 pid=6620 tid=6628] native-loader jit-info prog_array-target fd=60 id=201 type=17 name=sys_enter_submi tag=b007db728abdf9dd jited_len=17661 xlated_len=30040 nr_jited_ksyms=1 ksym0=0xffffffffc04070e4 ksym1=0x0
[385.964131 pid=6620 tid=6628] BPF_MAP_UPDATE_ELEM prog_array name=sys_enter_submi map_fd=13 map_id=363 key=146 prog_fd=60 prog_id=201 flags=0 ret=0 errno=0
[385.964214 pid=6620 tid=6628] native-loader jit-info prog_array-target fd=60 id=201 type=17 name=sys_enter_submi tag=b007db728abdf9dd jited_len=17661 xlated_len=30040 nr_jited_ksyms=1 ksym0=0xffffffffc04070e4 ksym1=0x0
[385.964306 pid=6620 tid=6628] BPF_MAP_UPDATE_ELEM prog_array name=sys_enter_submi map_fd=13 map_id=363 key=147 prog_fd=60 prog_id=201 flags=0 ret=0 errno=0
[385.964391 pid=6620 tid=6628] native-loader jit-info prog_array-target fd=60 id=201 type=17 name=sys_enter_submi tag=b007db728abdf9dd jited_len=17661 xlated_len=30040 nr_jited_ksyms=1 ksym0=0xffffffffc04070e4 ksym1=0x0
[385.964483 pid=6620 tid=6628] BPF_MAP_UPDATE_ELEM prog_array name=sys_enter_submi map_fd=13 map_id=363 key=148 prog_fd=60 prog_id=201 flags=0 ret=0 errno=0
[385.964567 pid=6620 tid=6628] native-loader jit-info prog_array-target fd=60 id=201 type=17 name=sys_enter_submi tag=b007db728abdf9dd jited_len=17661 xlated_len=30040 nr_jited_ksyms=1 ksym0=0xffffffffc04070e4 ksym1=0x0
[385.964658 pid=6620 tid=6628] BPF_MAP_UPDATE_ELEM prog_array name=sys_enter_submi map_fd=13 map_id=363 key=149 prog_fd=60 prog_id=201 flags=0 ret=0 errno=0
[385.964742 pid=6620 tid=6628] native-loader jit-info prog_array-target fd=60 id=201 type=17 name=sys_enter_submi tag=b007db728abdf9dd jited_len=17661 xlated_len=30040 nr_jited_ksyms=1 ksym0=0xffffffffc04070e4 ksym1=0x0
[385.964834 pid=6620 tid=6628] BPF_MAP_UPDATE_ELEM prog_array name=sys_enter_submi map_fd=13 map_id=363 key=150 prog_fd=60 prog_id=201 flags=0 ret=0 errno=0
[385.964918 pid=6620 tid=6628] native-loader jit-info prog_array-target fd=60 id=201 type=17 name=sys_enter_submi tag=b007db728abdf9dd jited_len=17661 xlated_len=30040 nr_jited_ksyms=1 ksym0=0xffffffffc04070e4 ksym1=0x0
[385.965010 pid=6620 tid=6628] BPF_MAP_UPDATE_ELEM prog_array name=sys_enter_submi map_fd=13 map_id=363 key=151 prog_fd=60 prog_id=201 flags=0 ret=0 errno=0
[385.965093 pid=6620 tid=6628] native-loader jit-info prog_array-target fd=60 id=201 type=17 name=sys_enter_submi tag=b007db728abdf9dd jited_len=17661 xlated_len=30040 nr_jited_ksyms=1 ksym0=0xffffffffc04070e4 ksym1=0x0
[385.965186 pid=6620 tid=6628] BPF_MAP_UPDATE_ELEM prog_array name=sys_enter_submi map_fd=13 map_id=363 key=152 prog_fd=60 prog_id=201 flags=0 ret=0 errno=0
[385.965269 pid=6620 tid=6628] native-loader jit-info prog_array-target fd=60 id=201 type=17 name=sys_enter_submi tag=b007db728abdf9dd jited_len=17661 xlated_len=30040 nr_jited_ksyms=1 ksym0=0xffffffffc04070e4 ksym1=0x0
[385.965363 pid=6620 tid=6628] BPF_MAP_UPDATE_ELEM prog_array name=sys_enter_submi map_fd=13 map_id=363 key=153 prog_fd=60 prog_id=201 flags=0 ret=0 errno=0
[385.965446 pid=6620 tid=6628] native-loader jit-info prog_array-target fd=60 id=201 type=17 name=sys_enter_submi tag=b007db728abdf9dd jited_len=17661 xlated_len=30040 nr_jited_ksyms=1 ksym0=0xffffffffc04070e4 ksym1=0x0
[385.965538 pid=6620 tid=6628] BPF_MAP_UPDATE_ELEM prog_array name=sys_enter_submi map_fd=13 map_id=363 key=154 prog_fd=60 prog_id=201 flags=0 ret=0 errno=0
[385.965625 pid=6620 tid=6628] native-loader jit-info prog_array-target fd=60 id=201 type=17 name=sys_enter_submi tag=b007db728abdf9dd jited_len=17661 xlated_len=30040 nr_jited_ksyms=1 ksym0=0xffffffffc04070e4 ksym1=0x0
[385.965717 pid=6620 tid=6628] BPF_MAP_UPDATE_ELEM prog_array name=sys_enter_submi map_fd=13 map_id=363 key=155 prog_fd=60 prog_id=201 flags=0 ret=0 errno=0
[385.965803 pid=6620 tid=6628] native-loader jit-info prog_array-target fd=60 id=201 type=17 name=sys_enter_submi tag=b007db728abdf9dd jited_len=17661 xlated_len=30040 nr_jited_ksyms=1 ksym0=0xffffffffc04070e4 ksym1=0x0
[385.965894 pid=6620 tid=6628] BPF_MAP_UPDATE_ELEM prog_array name=sys_enter_submi map_fd=13 map_id=363 key=156 prog_fd=60 prog_id=201 flags=0 ret=0 errno=0
[385.965977 pid=6620 tid=6628] native-loader jit-info prog_array-target fd=60 id=201 type=17 name=sys_enter_submi tag=b007db728abdf9dd jited_len=17661 xlated_len=30040 nr_jited_ksyms=1 ksym0=0xffffffffc04070e4 ksym1=0x0
[385.966070 pid=6620 tid=6628] BPF_MAP_UPDATE_ELEM prog_array name=sys_enter_submi map_fd=13 map_id=363 key=157 prog_fd=60 prog_id=201 flags=0 ret=0 errno=0
[385.966153 pid=6620 tid=6628] native-loader jit-info prog_array-target fd=60 id=201 type=17 name=sys_enter_submi tag=b007db728abdf9dd jited_len=17661 xlated_len=30040 nr_jited_ksyms=1 ksym0=0xffffffffc04070e4 ksym1=0x0
[385.966245 pid=6620 tid=6628] BPF_MAP_UPDATE_ELEM prog_array name=sys_enter_submi map_fd=13 map_id=363 key=159 prog_fd=60 prog_id=201 flags=0 ret=0 errno=0
[385.966329 pid=6620 tid=6628] native-loader jit-info prog_array-target fd=60 id=201 type=17 name=sys_enter_submi tag=b007db728abdf9dd jited_len=17661 xlated_len=30040 nr_jited_ksyms=1 ksym0=0xffffffffc04070e4 ksym1=0x0
[385.966422 pid=6620 tid=6628] BPF_MAP_UPDATE_ELEM prog_array name=sys_enter_submi map_fd=13 map_id=363 key=160 prog_fd=60 prog_id=201 flags=0 ret=0 errno=0
[385.966511 pid=6620 tid=6628] native-loader jit-info prog_array-target fd=60 id=201 type=17 name=sys_enter_submi tag=b007db728abdf9dd jited_len=17661 xlated_len=30040 nr_jited_ksyms=1 ksym0=0xffffffffc04070e4 ksym1=0x0
[385.966600 pid=6620 tid=6628] BPF_MAP_UPDATE_ELEM prog_array name=sys_enter_submi map_fd=13 map_id=363 key=161 prog_fd=60 prog_id=201 flags=0 ret=0 errno=0
[385.966683 pid=6620 tid=6628] native-loader jit-info prog_array-target fd=60 id=201 type=17 name=sys_enter_submi tag=b007db728abdf9dd jited_len=17661 xlated_len=30040 nr_jited_ksyms=1 ksym0=0xffffffffc04070e4 ksym1=0x0
[385.966774 pid=6620 tid=6628] BPF_MAP_UPDATE_ELEM prog_array name=sys_enter_submi map_fd=13 map_id=363 key=162 prog_fd=60 prog_id=201 flags=0 ret=0 errno=0
[385.966859 pid=6620 tid=6628] native-loader jit-info prog_array-target fd=60 id=201 type=17 name=sys_enter_submi tag=b007db728abdf9dd jited_len=17661 xlated_len=30040 nr_jited_ksyms=1 ksym0=0xffffffffc04070e4 ksym1=0x0
[385.966952 pid=6620 tid=6628] BPF_MAP_UPDATE_ELEM prog_array name=sys_enter_submi map_fd=13 map_id=363 key=163 prog_fd=60 prog_id=201 flags=0 ret=0 errno=0
[385.967035 pid=6620 tid=6628] native-loader jit-info prog_array-target fd=60 id=201 type=17 name=sys_enter_submi tag=b007db728abdf9dd jited_len=17661 xlated_len=30040 nr_jited_ksyms=1 ksym0=0xffffffffc04070e4 ksym1=0x0
[385.967128 pid=6620 tid=6628] BPF_MAP_UPDATE_ELEM prog_array name=sys_enter_submi map_fd=13 map_id=363 key=164 prog_fd=60 prog_id=201 flags=0 ret=0 errno=0
[385.967212 pid=6620 tid=6628] native-loader jit-info prog_array-target fd=60 id=201 type=17 name=sys_enter_submi tag=b007db728abdf9dd jited_len=17661 xlated_len=30040 nr_jited_ksyms=1 ksym0=0xffffffffc04070e4 ksym1=0x0
[385.967305 pid=6620 tid=6628] BPF_MAP_UPDATE_ELEM prog_array name=sys_enter_submi map_fd=13 map_id=363 key=165 prog_fd=60 prog_id=201 flags=0 ret=0 errno=0
[385.967399 pid=6620 tid=6628] native-loader jit-info prog_array-target fd=60 id=201 type=17 name=sys_enter_submi tag=b007db728abdf9dd jited_len=17661 xlated_len=30040 nr_jited_ksyms=1 ksym0=0xffffffffc04070e4 ksym1=0x0
[385.967491 pid=6620 tid=6628] BPF_MAP_UPDATE_ELEM prog_array name=sys_enter_submi map_fd=13 map_id=363 key=166 prog_fd=60 prog_id=201 flags=0 ret=0 errno=0
[385.967575 pid=6620 tid=6628] native-loader jit-info prog_array-target fd=60 id=201 type=17 name=sys_enter_submi tag=b007db728abdf9dd jited_len=17661 xlated_len=30040 nr_jited_ksyms=1 ksym0=0xffffffffc04070e4 ksym1=0x0
[385.967667 pid=6620 tid=6628] BPF_MAP_UPDATE_ELEM prog_array name=sys_enter_submi map_fd=13 map_id=363 key=167 prog_fd=60 prog_id=201 flags=0 ret=0 errno=0
[385.967751 pid=6620 tid=6628] native-loader jit-info prog_array-target fd=60 id=201 type=17 name=sys_enter_submi tag=b007db728abdf9dd jited_len=17661 xlated_len=30040 nr_jited_ksyms=1 ksym0=0xffffffffc04070e4 ksym1=0x0
[385.967844 pid=6620 tid=6628] BPF_MAP_UPDATE_ELEM prog_array name=sys_enter_submi map_fd=13 map_id=363 key=168 prog_fd=60 prog_id=201 flags=0 ret=0 errno=0
[385.967927 pid=6620 tid=6628] native-loader jit-info prog_array-target fd=60 id=201 type=17 name=sys_enter_submi tag=b007db728abdf9dd jited_len=17661 xlated_len=30040 nr_jited_ksyms=1 ksym0=0xffffffffc04070e4 ksym1=0x0
[385.968019 pid=6620 tid=6628] BPF_MAP_UPDATE_ELEM prog_array name=sys_enter_submi map_fd=13 map_id=363 key=169 prog_fd=60 prog_id=201 flags=0 ret=0 errno=0
[385.968103 pid=6620 tid=6628] native-loader jit-info prog_array-target fd=60 id=201 type=17 name=sys_enter_submi tag=b007db728abdf9dd jited_len=17661 xlated_len=30040 nr_jited_ksyms=1 ksym0=0xffffffffc04070e4 ksym1=0x0
[385.968195 pid=6620 tid=6628] BPF_MAP_UPDATE_ELEM prog_array name=sys_enter_submi map_fd=13 map_id=363 key=170 prog_fd=60 prog_id=201 flags=0 ret=0 errno=0
[385.968279 pid=6620 tid=6628] native-loader jit-info prog_array-target fd=60 id=201 type=17 name=sys_enter_submi tag=b007db728abdf9dd jited_len=17661 xlated_len=30040 nr_jited_ksyms=1 ksym0=0xffffffffc04070e4 ksym1=0x0
[385.968373 pid=6620 tid=6628] BPF_MAP_UPDATE_ELEM prog_array name=sys_enter_submi map_fd=13 map_id=363 key=171 prog_fd=60 prog_id=201 flags=0 ret=0 errno=0
[385.968457 pid=6620 tid=6628] native-loader jit-info prog_array-target fd=60 id=201 type=17 name=sys_enter_submi tag=b007db728abdf9dd jited_len=17661 xlated_len=30040 nr_jited_ksyms=1 ksym0=0xffffffffc04070e4 ksym1=0x0
[385.968549 pid=6620 tid=6628] BPF_MAP_UPDATE_ELEM prog_array name=sys_enter_submi map_fd=13 map_id=363 key=172 prog_fd=60 prog_id=201 flags=0 ret=0 errno=0
[385.968633 pid=6620 tid=6628] native-loader jit-info prog_array-target fd=60 id=201 type=17 name=sys_enter_submi tag=b007db728abdf9dd jited_len=17661 xlated_len=30040 nr_jited_ksyms=1 ksym0=0xffffffffc04070e4 ksym1=0x0
[385.968726 pid=6620 tid=6628] BPF_MAP_UPDATE_ELEM prog_array name=sys_enter_submi map_fd=13 map_id=363 key=173 prog_fd=60 prog_id=201 flags=0 ret=0 errno=0
[385.968810 pid=6620 tid=6628] native-loader jit-info prog_array-target fd=60 id=201 type=17 name=sys_enter_submi tag=b007db728abdf9dd jited_len=17661 xlated_len=30040 nr_jited_ksyms=1 ksym0=0xffffffffc04070e4 ksym1=0x0
[385.968902 pid=6620 tid=6628] BPF_MAP_UPDATE_ELEM prog_array name=sys_enter_submi map_fd=13 map_id=363 key=174 prog_fd=60 prog_id=201 flags=0 ret=0 errno=0
[385.968985 pid=6620 tid=6628] native-loader jit-info prog_array-target fd=60 id=201 type=17 name=sys_enter_submi tag=b007db728abdf9dd jited_len=17661 xlated_len=30040 nr_jited_ksyms=1 ksym0=0xffffffffc04070e4 ksym1=0x0
[385.969077 pid=6620 tid=6628] BPF_MAP_UPDATE_ELEM prog_array name=sys_enter_submi map_fd=13 map_id=363 key=175 prog_fd=60 prog_id=201 flags=0 ret=0 errno=0
[385.969161 pid=6620 tid=6628] native-loader jit-info prog_array-target fd=60 id=201 type=17 name=sys_enter_submi tag=b007db728abdf9dd jited_len=17661 xlated_len=30040 nr_jited_ksyms=1 ksym0=0xffffffffc04070e4 ksym1=0x0
[385.969253 pid=6620 tid=6628] BPF_MAP_UPDATE_ELEM prog_array name=sys_enter_submi map_fd=13 map_id=363 key=176 prog_fd=60 prog_id=201 flags=0 ret=0 errno=0
[385.969336 pid=6620 tid=6628] native-loader jit-info prog_array-target fd=60 id=201 type=17 name=sys_enter_submi tag=b007db728abdf9dd jited_len=17661 xlated_len=30040 nr_jited_ksyms=1 ksym0=0xffffffffc04070e4 ksym1=0x0
[385.969430 pid=6620 tid=6628] BPF_MAP_UPDATE_ELEM prog_array name=sys_enter_submi map_fd=13 map_id=363 key=177 prog_fd=60 prog_id=201 flags=0 ret=0 errno=0
[385.969514 pid=6620 tid=6628] native-loader jit-info prog_array-target fd=60 id=201 type=17 name=sys_enter_submi tag=b007db728abdf9dd jited_len=17661 xlated_len=30040 nr_jited_ksyms=1 ksym0=0xffffffffc04070e4 ksym1=0x0
[385.969605 pid=6620 tid=6628] BPF_MAP_UPDATE_ELEM prog_array name=sys_enter_submi map_fd=13 map_id=363 key=178 prog_fd=60 prog_id=201 flags=0 ret=0 errno=0
[385.969689 pid=6620 tid=6628] native-loader jit-info prog_array-target fd=60 id=201 type=17 name=sys_enter_submi tag=b007db728abdf9dd jited_len=17661 xlated_len=30040 nr_jited_ksyms=1 ksym0=0xffffffffc04070e4 ksym1=0x0
[385.969781 pid=6620 tid=6628] BPF_MAP_UPDATE_ELEM prog_array name=sys_enter_submi map_fd=13 map_id=363 key=179 prog_fd=60 prog_id=201 flags=0 ret=0 errno=0
[385.969864 pid=6620 tid=6628] native-loader jit-info prog_array-target fd=60 id=201 type=17 name=sys_enter_submi tag=b007db728abdf9dd jited_len=17661 xlated_len=30040 nr_jited_ksyms=1 ksym0=0xffffffffc04070e4 ksym1=0x0
[385.969956 pid=6620 tid=6628] BPF_MAP_UPDATE_ELEM prog_array name=sys_enter_submi map_fd=13 map_id=363 key=180 prog_fd=60 prog_id=201 flags=0 ret=0 errno=0
[385.970040 pid=6620 tid=6628] native-loader jit-info prog_array-target fd=60 id=201 type=17 name=sys_enter_submi tag=b007db728abdf9dd jited_len=17661 xlated_len=30040 nr_jited_ksyms=1 ksym0=0xffffffffc04070e4 ksym1=0x0
[385.970134 pid=6620 tid=6628] BPF_MAP_UPDATE_ELEM prog_array name=sys_enter_submi map_fd=13 map_id=363 key=181 prog_fd=60 prog_id=201 flags=0 ret=0 errno=0
[385.970219 pid=6620 tid=6628] native-loader jit-info prog_array-target fd=60 id=201 type=17 name=sys_enter_submi tag=b007db728abdf9dd jited_len=17661 xlated_len=30040 nr_jited_ksyms=1 ksym0=0xffffffffc04070e4 ksym1=0x0
[385.970312 pid=6620 tid=6628] BPF_MAP_UPDATE_ELEM prog_array name=sys_enter_submi map_fd=13 map_id=363 key=182 prog_fd=60 prog_id=201 flags=0 ret=0 errno=0
[385.970399 pid=6620 tid=6628] native-loader jit-info prog_array-target fd=60 id=201 type=17 name=sys_enter_submi tag=b007db728abdf9dd jited_len=17661 xlated_len=30040 nr_jited_ksyms=1 ksym0=0xffffffffc04070e4 ksym1=0x0
[385.970491 pid=6620 tid=6628] BPF_MAP_UPDATE_ELEM prog_array name=sys_enter_submi map_fd=13 map_id=363 key=183 prog_fd=60 prog_id=201 flags=0 ret=0 errno=0
[385.970574 pid=6620 tid=6628] native-loader jit-info prog_array-target fd=60 id=201 type=17 name=sys_enter_submi tag=b007db728abdf9dd jited_len=17661 xlated_len=30040 nr_jited_ksyms=1 ksym0=0xffffffffc04070e4 ksym1=0x0
[385.970665 pid=6620 tid=6628] BPF_MAP_UPDATE_ELEM prog_array name=sys_enter_submi map_fd=13 map_id=363 key=184 prog_fd=60 prog_id=201 flags=0 ret=0 errno=0
[385.970749 pid=6620 tid=6628] native-loader jit-info prog_array-target fd=60 id=201 type=17 name=sys_enter_submi tag=b007db728abdf9dd jited_len=17661 xlated_len=30040 nr_jited_ksyms=1 ksym0=0xffffffffc04070e4 ksym1=0x0
[385.970841 pid=6620 tid=6628] BPF_MAP_UPDATE_ELEM prog_array name=sys_enter_submi map_fd=13 map_id=363 key=185 prog_fd=60 prog_id=201 flags=0 ret=0 errno=0
[385.970925 pid=6620 tid=6628] native-loader jit-info prog_array-target fd=60 id=201 type=17 name=sys_enter_submi tag=b007db728abdf9dd jited_len=17661 xlated_len=30040 nr_jited_ksyms=1 ksym0=0xffffffffc04070e4 ksym1=0x0
[385.971016 pid=6620 tid=6628] BPF_MAP_UPDATE_ELEM prog_array name=sys_enter_submi map_fd=13 map_id=363 key=186 prog_fd=60 prog_id=201 flags=0 ret=0 errno=0
[385.971100 pid=6620 tid=6628] native-loader jit-info prog_array-target fd=60 id=201 type=17 name=sys_enter_submi tag=b007db728abdf9dd jited_len=17661 xlated_len=30040 nr_jited_ksyms=1 ksym0=0xffffffffc04070e4 ksym1=0x0
[385.971193 pid=6620 tid=6628] BPF_MAP_UPDATE_ELEM prog_array name=sys_enter_submi map_fd=13 map_id=363 key=187 prog_fd=60 prog_id=201 flags=0 ret=0 errno=0
[385.971276 pid=6620 tid=6628] native-loader jit-info prog_array-target fd=60 id=201 type=17 name=sys_enter_submi tag=b007db728abdf9dd jited_len=17661 xlated_len=30040 nr_jited_ksyms=1 ksym0=0xffffffffc04070e4 ksym1=0x0
[385.971370 pid=6620 tid=6628] BPF_MAP_UPDATE_ELEM prog_array name=sys_enter_submi map_fd=13 map_id=363 key=188 prog_fd=60 prog_id=201 flags=0 ret=0 errno=0
[385.971453 pid=6620 tid=6628] native-loader jit-info prog_array-target fd=60 id=201 type=17 name=sys_enter_submi tag=b007db728abdf9dd jited_len=17661 xlated_len=30040 nr_jited_ksyms=1 ksym0=0xffffffffc04070e4 ksym1=0x0
[385.971545 pid=6620 tid=6628] BPF_MAP_UPDATE_ELEM prog_array name=sys_enter_submi map_fd=13 map_id=363 key=189 prog_fd=60 prog_id=201 flags=0 ret=0 errno=0
[385.971629 pid=6620 tid=6628] native-loader jit-info prog_array-target fd=60 id=201 type=17 name=sys_enter_submi tag=b007db728abdf9dd jited_len=17661 xlated_len=30040 nr_jited_ksyms=1 ksym0=0xffffffffc04070e4 ksym1=0x0
[385.971720 pid=6620 tid=6628] BPF_MAP_UPDATE_ELEM prog_array name=sys_enter_submi map_fd=13 map_id=363 key=190 prog_fd=60 prog_id=201 flags=0 ret=0 errno=0
[385.971804 pid=6620 tid=6628] native-loader jit-info prog_array-target fd=60 id=201 type=17 name=sys_enter_submi tag=b007db728abdf9dd jited_len=17661 xlated_len=30040 nr_jited_ksyms=1 ksym0=0xffffffffc04070e4 ksym1=0x0
[385.971895 pid=6620 tid=6628] BPF_MAP_UPDATE_ELEM prog_array name=sys_enter_submi map_fd=13 map_id=363 key=191 prog_fd=60 prog_id=201 flags=0 ret=0 errno=0
[385.971978 pid=6620 tid=6628] native-loader jit-info prog_array-target fd=60 id=201 type=17 name=sys_enter_submi tag=b007db728abdf9dd jited_len=17661 xlated_len=30040 nr_jited_ksyms=1 ksym0=0xffffffffc04070e4 ksym1=0x0
[385.972070 pid=6620 tid=6628] BPF_MAP_UPDATE_ELEM prog_array name=sys_enter_submi map_fd=13 map_id=363 key=192 prog_fd=60 prog_id=201 flags=0 ret=0 errno=0
[385.972153 pid=6620 tid=6628] native-loader jit-info prog_array-target fd=60 id=201 type=17 name=sys_enter_submi tag=b007db728abdf9dd jited_len=17661 xlated_len=30040 nr_jited_ksyms=1 ksym0=0xffffffffc04070e4 ksym1=0x0
[385.972244 pid=6620 tid=6628] BPF_MAP_UPDATE_ELEM prog_array name=sys_enter_submi map_fd=13 map_id=363 key=193 prog_fd=60 prog_id=201 flags=0 ret=0 errno=0
[385.972328 pid=6620 tid=6628] native-loader jit-info prog_array-target fd=60 id=201 type=17 name=sys_enter_submi tag=b007db728abdf9dd jited_len=17661 xlated_len=30040 nr_jited_ksyms=1 ksym0=0xffffffffc04070e4 ksym1=0x0
[385.972422 pid=6620 tid=6628] BPF_MAP_UPDATE_ELEM prog_array name=sys_enter_submi map_fd=13 map_id=363 key=194 prog_fd=60 prog_id=201 flags=0 ret=0 errno=0
[385.972505 pid=6620 tid=6628] native-loader jit-info prog_array-target fd=60 id=201 type=17 name=sys_enter_submi tag=b007db728abdf9dd jited_len=17661 xlated_len=30040 nr_jited_ksyms=1 ksym0=0xffffffffc04070e4 ksym1=0x0
[385.972598 pid=6620 tid=6628] BPF_MAP_UPDATE_ELEM prog_array name=sys_enter_submi map_fd=13 map_id=363 key=195 prog_fd=60 prog_id=201 flags=0 ret=0 errno=0
[385.972681 pid=6620 tid=6628] native-loader jit-info prog_array-target fd=60 id=201 type=17 name=sys_enter_submi tag=b007db728abdf9dd jited_len=17661 xlated_len=30040 nr_jited_ksyms=1 ksym0=0xffffffffc04070e4 ksym1=0x0
[385.972774 pid=6620 tid=6628] BPF_MAP_UPDATE_ELEM prog_array name=sys_enter_submi map_fd=13 map_id=363 key=196 prog_fd=60 prog_id=201 flags=0 ret=0 errno=0
[385.972858 pid=6620 tid=6628] native-loader jit-info prog_array-target fd=60 id=201 type=17 name=sys_enter_submi tag=b007db728abdf9dd jited_len=17661 xlated_len=30040 nr_jited_ksyms=1 ksym0=0xffffffffc04070e4 ksym1=0x0
[385.972951 pid=6620 tid=6628] BPF_MAP_UPDATE_ELEM prog_array name=sys_enter_submi map_fd=13 map_id=363 key=197 prog_fd=60 prog_id=201 flags=0 ret=0 errno=0
[385.973035 pid=6620 tid=6628] native-loader jit-info prog_array-target fd=60 id=201 type=17 name=sys_enter_submi tag=b007db728abdf9dd jited_len=17661 xlated_len=30040 nr_jited_ksyms=1 ksym0=0xffffffffc04070e4 ksym1=0x0
[385.973128 pid=6620 tid=6628] BPF_MAP_UPDATE_ELEM prog_array name=sys_enter_submi map_fd=13 map_id=363 key=198 prog_fd=60 prog_id=201 flags=0 ret=0 errno=0
[385.973213 pid=6620 tid=6628] native-loader jit-info prog_array-target fd=60 id=201 type=17 name=sys_enter_submi tag=b007db728abdf9dd jited_len=17661 xlated_len=30040 nr_jited_ksyms=1 ksym0=0xffffffffc04070e4 ksym1=0x0
[385.973306 pid=6620 tid=6628] BPF_MAP_UPDATE_ELEM prog_array name=sys_enter_submi map_fd=13 map_id=363 key=199 prog_fd=60 prog_id=201 flags=0 ret=0 errno=0
[385.973394 pid=6620 tid=6628] native-loader jit-info prog_array-target fd=60 id=201 type=17 name=sys_enter_submi tag=b007db728abdf9dd jited_len=17661 xlated_len=30040 nr_jited_ksyms=1 ksym0=0xffffffffc04070e4 ksym1=0x0
[385.973487 pid=6620 tid=6628] BPF_MAP_UPDATE_ELEM prog_array name=sys_enter_submi map_fd=13 map_id=363 key=200 prog_fd=60 prog_id=201 flags=0 ret=0 errno=0
[385.973571 pid=6620 tid=6628] native-loader jit-info prog_array-target fd=60 id=201 type=17 name=sys_enter_submi tag=b007db728abdf9dd jited_len=17661 xlated_len=30040 nr_jited_ksyms=1 ksym0=0xffffffffc04070e4 ksym1=0x0
[385.973662 pid=6620 tid=6628] BPF_MAP_UPDATE_ELEM prog_array name=sys_enter_submi map_fd=13 map_id=363 key=201 prog_fd=60 prog_id=201 flags=0 ret=0 errno=0
[385.973746 pid=6620 tid=6628] native-loader jit-info prog_array-target fd=60 id=201 type=17 name=sys_enter_submi tag=b007db728abdf9dd jited_len=17661 xlated_len=30040 nr_jited_ksyms=1 ksym0=0xffffffffc04070e4 ksym1=0x0
[385.973837 pid=6620 tid=6628] BPF_MAP_UPDATE_ELEM prog_array name=sys_enter_submi map_fd=13 map_id=363 key=202 prog_fd=60 prog_id=201 flags=0 ret=0 errno=0
[385.973921 pid=6620 tid=6628] native-loader jit-info prog_array-target fd=60 id=201 type=17 name=sys_enter_submi tag=b007db728abdf9dd jited_len=17661 xlated_len=30040 nr_jited_ksyms=1 ksym0=0xffffffffc04070e4 ksym1=0x0
[385.974013 pid=6620 tid=6628] BPF_MAP_UPDATE_ELEM prog_array name=sys_enter_submi map_fd=13 map_id=363 key=203 prog_fd=60 prog_id=201 flags=0 ret=0 errno=0
[385.974097 pid=6620 tid=6628] native-loader jit-info prog_array-target fd=60 id=201 type=17 name=sys_enter_submi tag=b007db728abdf9dd jited_len=17661 xlated_len=30040 nr_jited_ksyms=1 ksym0=0xffffffffc04070e4 ksym1=0x0
[385.974190 pid=6620 tid=6628] BPF_MAP_UPDATE_ELEM prog_array name=sys_enter_submi map_fd=13 map_id=363 key=204 prog_fd=60 prog_id=201 flags=0 ret=0 errno=0
[385.974274 pid=6620 tid=6628] native-loader jit-info prog_array-target fd=60 id=201 type=17 name=sys_enter_submi tag=b007db728abdf9dd jited_len=17661 xlated_len=30040 nr_jited_ksyms=1 ksym0=0xffffffffc04070e4 ksym1=0x0
[385.974368 pid=6620 tid=6628] BPF_MAP_UPDATE_ELEM prog_array name=sys_enter_submi map_fd=13 map_id=363 key=205 prog_fd=60 prog_id=201 flags=0 ret=0 errno=0
[385.974451 pid=6620 tid=6628] native-loader jit-info prog_array-target fd=60 id=201 type=17 name=sys_enter_submi tag=b007db728abdf9dd jited_len=17661 xlated_len=30040 nr_jited_ksyms=1 ksym0=0xffffffffc04070e4 ksym1=0x0
[385.974543 pid=6620 tid=6628] BPF_MAP_UPDATE_ELEM prog_array name=sys_enter_submi map_fd=13 map_id=363 key=206 prog_fd=60 prog_id=201 flags=0 ret=0 errno=0
[385.974627 pid=6620 tid=6628] native-loader jit-info prog_array-target fd=60 id=201 type=17 name=sys_enter_submi tag=b007db728abdf9dd jited_len=17661 xlated_len=30040 nr_jited_ksyms=1 ksym0=0xffffffffc04070e4 ksym1=0x0
[385.974719 pid=6620 tid=6628] BPF_MAP_UPDATE_ELEM prog_array name=sys_enter_submi map_fd=13 map_id=363 key=207 prog_fd=60 prog_id=201 flags=0 ret=0 errno=0
[385.974804 pid=6620 tid=6628] native-loader jit-info prog_array-target fd=60 id=201 type=17 name=sys_enter_submi tag=b007db728abdf9dd jited_len=17661 xlated_len=30040 nr_jited_ksyms=1 ksym0=0xffffffffc04070e4 ksym1=0x0
[385.974896 pid=6620 tid=6628] BPF_MAP_UPDATE_ELEM prog_array name=sys_enter_submi map_fd=13 map_id=363 key=208 prog_fd=60 prog_id=201 flags=0 ret=0 errno=0
[385.974981 pid=6620 tid=6628] native-loader jit-info prog_array-target fd=60 id=201 type=17 name=sys_enter_submi tag=b007db728abdf9dd jited_len=17661 xlated_len=30040 nr_jited_ksyms=1 ksym0=0xffffffffc04070e4 ksym1=0x0
[385.975073 pid=6620 tid=6628] BPF_MAP_UPDATE_ELEM prog_array name=sys_enter_submi map_fd=13 map_id=363 key=209 prog_fd=60 prog_id=201 flags=0 ret=0 errno=0
[385.975157 pid=6620 tid=6628] native-loader jit-info prog_array-target fd=60 id=201 type=17 name=sys_enter_submi tag=b007db728abdf9dd jited_len=17661 xlated_len=30040 nr_jited_ksyms=1 ksym0=0xffffffffc04070e4 ksym1=0x0
[385.975249 pid=6620 tid=6628] BPF_MAP_UPDATE_ELEM prog_array name=sys_enter_submi map_fd=13 map_id=363 key=210 prog_fd=60 prog_id=201 flags=0 ret=0 errno=0
[385.975332 pid=6620 tid=6628] native-loader jit-info prog_array-target fd=60 id=201 type=17 name=sys_enter_submi tag=b007db728abdf9dd jited_len=17661 xlated_len=30040 nr_jited_ksyms=1 ksym0=0xffffffffc04070e4 ksym1=0x0
[385.975427 pid=6620 tid=6628] BPF_MAP_UPDATE_ELEM prog_array name=sys_enter_submi map_fd=13 map_id=363 key=211 prog_fd=60 prog_id=201 flags=0 ret=0 errno=0
[385.975510 pid=6620 tid=6628] native-loader jit-info prog_array-target fd=60 id=201 type=17 name=sys_enter_submi tag=b007db728abdf9dd jited_len=17661 xlated_len=30040 nr_jited_ksyms=1 ksym0=0xffffffffc04070e4 ksym1=0x0
[385.975602 pid=6620 tid=6628] BPF_MAP_UPDATE_ELEM prog_array name=sys_enter_submi map_fd=13 map_id=363 key=212 prog_fd=60 prog_id=201 flags=0 ret=0 errno=0
[385.975686 pid=6620 tid=6628] native-loader jit-info prog_array-target fd=60 id=201 type=17 name=sys_enter_submi tag=b007db728abdf9dd jited_len=17661 xlated_len=30040 nr_jited_ksyms=1 ksym0=0xffffffffc04070e4 ksym1=0x0
[385.975778 pid=6620 tid=6628] BPF_MAP_UPDATE_ELEM prog_array name=sys_enter_submi map_fd=13 map_id=363 key=213 prog_fd=60 prog_id=201 flags=0 ret=0 errno=0
[385.975862 pid=6620 tid=6628] native-loader jit-info prog_array-target fd=60 id=201 type=17 name=sys_enter_submi tag=b007db728abdf9dd jited_len=17661 xlated_len=30040 nr_jited_ksyms=1 ksym0=0xffffffffc04070e4 ksym1=0x0
[385.975954 pid=6620 tid=6628] BPF_MAP_UPDATE_ELEM prog_array name=sys_enter_submi map_fd=13 map_id=363 key=214 prog_fd=60 prog_id=201 flags=0 ret=0 errno=0
[385.976037 pid=6620 tid=6628] native-loader jit-info prog_array-target fd=60 id=201 type=17 name=sys_enter_submi tag=b007db728abdf9dd jited_len=17661 xlated_len=30040 nr_jited_ksyms=1 ksym0=0xffffffffc04070e4 ksym1=0x0
[385.976129 pid=6620 tid=6628] BPF_MAP_UPDATE_ELEM prog_array name=sys_enter_submi map_fd=13 map_id=363 key=215 prog_fd=60 prog_id=201 flags=0 ret=0 errno=0
[385.976215 pid=6620 tid=6628] native-loader jit-info prog_array-target fd=60 id=201 type=17 name=sys_enter_submi tag=b007db728abdf9dd jited_len=17661 xlated_len=30040 nr_jited_ksyms=1 ksym0=0xffffffffc04070e4 ksym1=0x0
[385.976306 pid=6620 tid=6628] BPF_MAP_UPDATE_ELEM prog_array name=sys_enter_submi map_fd=13 map_id=363 key=216 prog_fd=60 prog_id=201 flags=0 ret=0 errno=0
[385.976391 pid=6620 tid=6628] native-loader jit-info prog_array-target fd=60 id=201 type=17 name=sys_enter_submi tag=b007db728abdf9dd jited_len=17661 xlated_len=30040 nr_jited_ksyms=1 ksym0=0xffffffffc04070e4 ksym1=0x0
[385.976483 pid=6620 tid=6628] BPF_MAP_UPDATE_ELEM prog_array name=sys_enter_submi map_fd=13 map_id=363 key=217 prog_fd=60 prog_id=201 flags=0 ret=0 errno=0
[385.976567 pid=6620 tid=6628] native-loader jit-info prog_array-target fd=60 id=201 type=17 name=sys_enter_submi tag=b007db728abdf9dd jited_len=17661 xlated_len=30040 nr_jited_ksyms=1 ksym0=0xffffffffc04070e4 ksym1=0x0
[385.976659 pid=6620 tid=6628] BPF_MAP_UPDATE_ELEM prog_array name=sys_enter_submi map_fd=13 map_id=363 key=218 prog_fd=60 prog_id=201 flags=0 ret=0 errno=0
[385.976743 pid=6620 tid=6628] native-loader jit-info prog_array-target fd=60 id=201 type=17 name=sys_enter_submi tag=b007db728abdf9dd jited_len=17661 xlated_len=30040 nr_jited_ksyms=1 ksym0=0xffffffffc04070e4 ksym1=0x0
[385.976835 pid=6620 tid=6628] BPF_MAP_UPDATE_ELEM prog_array name=sys_enter_submi map_fd=13 map_id=363 key=219 prog_fd=60 prog_id=201 flags=0 ret=0 errno=0
[385.976920 pid=6620 tid=6628] native-loader jit-info prog_array-target fd=60 id=201 type=17 name=sys_enter_submi tag=b007db728abdf9dd jited_len=17661 xlated_len=30040 nr_jited_ksyms=1 ksym0=0xffffffffc04070e4 ksym1=0x0
[385.977012 pid=6620 tid=6628] BPF_MAP_UPDATE_ELEM prog_array name=sys_enter_submi map_fd=13 map_id=363 key=220 prog_fd=60 prog_id=201 flags=0 ret=0 errno=0
[385.977097 pid=6620 tid=6628] native-loader jit-info prog_array-target fd=60 id=201 type=17 name=sys_enter_submi tag=b007db728abdf9dd jited_len=17661 xlated_len=30040 nr_jited_ksyms=1 ksym0=0xffffffffc04070e4 ksym1=0x0
[385.977189 pid=6620 tid=6628] BPF_MAP_UPDATE_ELEM prog_array name=sys_enter_submi map_fd=13 map_id=363 key=221 prog_fd=60 prog_id=201 flags=0 ret=0 errno=0
[385.977272 pid=6620 tid=6628] native-loader jit-info prog_array-target fd=60 id=201 type=17 name=sys_enter_submi tag=b007db728abdf9dd jited_len=17661 xlated_len=30040 nr_jited_ksyms=1 ksym0=0xffffffffc04070e4 ksym1=0x0
[385.977365 pid=6620 tid=6628] BPF_MAP_UPDATE_ELEM prog_array name=sys_enter_submi map_fd=13 map_id=363 key=222 prog_fd=60 prog_id=201 flags=0 ret=0 errno=0
[385.977449 pid=6620 tid=6628] native-loader jit-info prog_array-target fd=60 id=201 type=17 name=sys_enter_submi tag=b007db728abdf9dd jited_len=17661 xlated_len=30040 nr_jited_ksyms=1 ksym0=0xffffffffc04070e4 ksym1=0x0
[385.977542 pid=6620 tid=6628] BPF_MAP_UPDATE_ELEM prog_array name=sys_enter_submi map_fd=13 map_id=363 key=223 prog_fd=60 prog_id=201 flags=0 ret=0 errno=0
[385.977625 pid=6620 tid=6628] native-loader jit-info prog_array-target fd=60 id=201 type=17 name=sys_enter_submi tag=b007db728abdf9dd jited_len=17661 xlated_len=30040 nr_jited_ksyms=1 ksym0=0xffffffffc04070e4 ksym1=0x0
[385.977717 pid=6620 tid=6628] BPF_MAP_UPDATE_ELEM prog_array name=sys_enter_submi map_fd=13 map_id=363 key=224 prog_fd=60 prog_id=201 flags=0 ret=0 errno=0
[385.977801 pid=6620 tid=6628] native-loader jit-info prog_array-target fd=60 id=201 type=17 name=sys_enter_submi tag=b007db728abdf9dd jited_len=17661 xlated_len=30040 nr_jited_ksyms=1 ksym0=0xffffffffc04070e4 ksym1=0x0
[385.977893 pid=6620 tid=6628] BPF_MAP_UPDATE_ELEM prog_array name=sys_enter_submi map_fd=13 map_id=363 key=225 prog_fd=60 prog_id=201 flags=0 ret=0 errno=0
[385.977977 pid=6620 tid=6628] native-loader jit-info prog_array-target fd=60 id=201 type=17 name=sys_enter_submi tag=b007db728abdf9dd jited_len=17661 xlated_len=30040 nr_jited_ksyms=1 ksym0=0xffffffffc04070e4 ksym1=0x0
[385.978069 pid=6620 tid=6628] BPF_MAP_UPDATE_ELEM prog_array name=sys_enter_submi map_fd=13 map_id=363 key=226 prog_fd=60 prog_id=201 flags=0 ret=0 errno=0
[385.978153 pid=6620 tid=6628] native-loader jit-info prog_array-target fd=60 id=201 type=17 name=sys_enter_submi tag=b007db728abdf9dd jited_len=17661 xlated_len=30040 nr_jited_ksyms=1 ksym0=0xffffffffc04070e4 ksym1=0x0
[385.978245 pid=6620 tid=6628] BPF_MAP_UPDATE_ELEM prog_array name=sys_enter_submi map_fd=13 map_id=363 key=227 prog_fd=60 prog_id=201 flags=0 ret=0 errno=0
[385.978329 pid=6620 tid=6628] native-loader jit-info prog_array-target fd=60 id=201 type=17 name=sys_enter_submi tag=b007db728abdf9dd jited_len=17661 xlated_len=30040 nr_jited_ksyms=1 ksym0=0xffffffffc04070e4 ksym1=0x0
[385.978422 pid=6620 tid=6628] BPF_MAP_UPDATE_ELEM prog_array name=sys_enter_submi map_fd=13 map_id=363 key=228 prog_fd=60 prog_id=201 flags=0 ret=0 errno=0
[385.978505 pid=6620 tid=6628] native-loader jit-info prog_array-target fd=60 id=201 type=17 name=sys_enter_submi tag=b007db728abdf9dd jited_len=17661 xlated_len=30040 nr_jited_ksyms=1 ksym0=0xffffffffc04070e4 ksym1=0x0
[385.978597 pid=6620 tid=6628] BPF_MAP_UPDATE_ELEM prog_array name=sys_enter_submi map_fd=13 map_id=363 key=229 prog_fd=60 prog_id=201 flags=0 ret=0 errno=0
[385.978682 pid=6620 tid=6628] native-loader jit-info prog_array-target fd=60 id=201 type=17 name=sys_enter_submi tag=b007db728abdf9dd jited_len=17661 xlated_len=30040 nr_jited_ksyms=1 ksym0=0xffffffffc04070e4 ksym1=0x0
[385.978775 pid=6620 tid=6628] BPF_MAP_UPDATE_ELEM prog_array name=sys_enter_submi map_fd=13 map_id=363 key=230 prog_fd=60 prog_id=201 flags=0 ret=0 errno=0
[385.978859 pid=6620 tid=6628] native-loader jit-info prog_array-target fd=60 id=201 type=17 name=sys_enter_submi tag=b007db728abdf9dd jited_len=17661 xlated_len=30040 nr_jited_ksyms=1 ksym0=0xffffffffc04070e4 ksym1=0x0
[385.978951 pid=6620 tid=6628] BPF_MAP_UPDATE_ELEM prog_array name=sys_enter_submi map_fd=13 map_id=363 key=231 prog_fd=60 prog_id=201 flags=0 ret=0 errno=0
[385.979034 pid=6620 tid=6628] native-loader jit-info prog_array-target fd=60 id=201 type=17 name=sys_enter_submi tag=b007db728abdf9dd jited_len=17661 xlated_len=30040 nr_jited_ksyms=1 ksym0=0xffffffffc04070e4 ksym1=0x0
[385.979127 pid=6620 tid=6628] BPF_MAP_UPDATE_ELEM prog_array name=sys_enter_submi map_fd=13 map_id=363 key=232 prog_fd=60 prog_id=201 flags=0 ret=0 errno=0
[385.979211 pid=6620 tid=6628] native-loader jit-info prog_array-target fd=60 id=201 type=17 name=sys_enter_submi tag=b007db728abdf9dd jited_len=17661 xlated_len=30040 nr_jited_ksyms=1 ksym0=0xffffffffc04070e4 ksym1=0x0
[385.979304 pid=6620 tid=6628] BPF_MAP_UPDATE_ELEM prog_array name=sys_enter_submi map_fd=13 map_id=363 key=233 prog_fd=60 prog_id=201 flags=0 ret=0 errno=0
[385.979389 pid=6620 tid=6628] native-loader jit-info prog_array-target fd=60 id=201 type=17 name=sys_enter_submi tag=b007db728abdf9dd jited_len=17661 xlated_len=30040 nr_jited_ksyms=1 ksym0=0xffffffffc04070e4 ksym1=0x0
[385.979482 pid=6620 tid=6628] BPF_MAP_UPDATE_ELEM prog_array name=sys_enter_submi map_fd=13 map_id=363 key=234 prog_fd=60 prog_id=201 flags=0 ret=0 errno=0
[385.979566 pid=6620 tid=6628] native-loader jit-info prog_array-target fd=60 id=201 type=17 name=sys_enter_submi tag=b007db728abdf9dd jited_len=17661 xlated_len=30040 nr_jited_ksyms=1 ksym0=0xffffffffc04070e4 ksym1=0x0
[385.979658 pid=6620 tid=6628] BPF_MAP_UPDATE_ELEM prog_array name=sys_enter_submi map_fd=13 map_id=363 key=235 prog_fd=60 prog_id=201 flags=0 ret=0 errno=0
[385.979742 pid=6620 tid=6628] native-loader jit-info prog_array-target fd=60 id=201 type=17 name=sys_enter_submi tag=b007db728abdf9dd jited_len=17661 xlated_len=30040 nr_jited_ksyms=1 ksym0=0xffffffffc04070e4 ksym1=0x0
[385.979834 pid=6620 tid=6628] BPF_MAP_UPDATE_ELEM prog_array name=sys_enter_submi map_fd=13 map_id=363 key=236 prog_fd=60 prog_id=201 flags=0 ret=0 errno=0
[385.979918 pid=6620 tid=6628] native-loader jit-info prog_array-target fd=60 id=201 type=17 name=sys_enter_submi tag=b007db728abdf9dd jited_len=17661 xlated_len=30040 nr_jited_ksyms=1 ksym0=0xffffffffc04070e4 ksym1=0x0
[385.980057 pid=6620 tid=6628] BPF_MAP_UPDATE_ELEM prog_array name=sys_enter_submi map_fd=13 map_id=363 key=237 prog_fd=60 prog_id=201 flags=0 ret=0 errno=0
[385.980147 pid=6620 tid=6628] native-loader jit-info prog_array-target fd=60 id=201 type=17 name=sys_enter_submi tag=b007db728abdf9dd jited_len=17661 xlated_len=30040 nr_jited_ksyms=1 ksym0=0xffffffffc04070e4 ksym1=0x0
[385.980240 pid=6620 tid=6628] BPF_MAP_UPDATE_ELEM prog_array name=sys_enter_submi map_fd=13 map_id=363 key=238 prog_fd=60 prog_id=201 flags=0 ret=0 errno=0
[385.980323 pid=6620 tid=6628] native-loader jit-info prog_array-target fd=60 id=201 type=17 name=sys_enter_submi tag=b007db728abdf9dd jited_len=17661 xlated_len=30040 nr_jited_ksyms=1 ksym0=0xffffffffc04070e4 ksym1=0x0
[385.980418 pid=6620 tid=6628] BPF_MAP_UPDATE_ELEM prog_array name=sys_enter_submi map_fd=13 map_id=363 key=239 prog_fd=60 prog_id=201 flags=0 ret=0 errno=0
[385.980502 pid=6620 tid=6628] native-loader jit-info prog_array-target fd=60 id=201 type=17 name=sys_enter_submi tag=b007db728abdf9dd jited_len=17661 xlated_len=30040 nr_jited_ksyms=1 ksym0=0xffffffffc04070e4 ksym1=0x0
[385.980594 pid=6620 tid=6628] BPF_MAP_UPDATE_ELEM prog_array name=sys_enter_submi map_fd=13 map_id=363 key=240 prog_fd=60 prog_id=201 flags=0 ret=0 errno=0
[385.980678 pid=6620 tid=6628] native-loader jit-info prog_array-target fd=60 id=201 type=17 name=sys_enter_submi tag=b007db728abdf9dd jited_len=17661 xlated_len=30040 nr_jited_ksyms=1 ksym0=0xffffffffc04070e4 ksym1=0x0
[385.980771 pid=6620 tid=6628] BPF_MAP_UPDATE_ELEM prog_array name=sys_enter_submi map_fd=13 map_id=363 key=241 prog_fd=60 prog_id=201 flags=0 ret=0 errno=0
[385.980856 pid=6620 tid=6628] native-loader jit-info prog_array-target fd=60 id=201 type=17 name=sys_enter_submi tag=b007db728abdf9dd jited_len=17661 xlated_len=30040 nr_jited_ksyms=1 ksym0=0xffffffffc04070e4 ksym1=0x0
[385.980948 pid=6620 tid=6628] BPF_MAP_UPDATE_ELEM prog_array name=sys_enter_submi map_fd=13 map_id=363 key=242 prog_fd=60 prog_id=201 flags=0 ret=0 errno=0
[385.981032 pid=6620 tid=6628] native-loader jit-info prog_array-target fd=60 id=201 type=17 name=sys_enter_submi tag=b007db728abdf9dd jited_len=17661 xlated_len=30040 nr_jited_ksyms=1 ksym0=0xffffffffc04070e4 ksym1=0x0
[385.981124 pid=6620 tid=6628] BPF_MAP_UPDATE_ELEM prog_array name=sys_enter_submi map_fd=13 map_id=363 key=243 prog_fd=60 prog_id=201 flags=0 ret=0 errno=0
[385.981208 pid=6620 tid=6628] native-loader jit-info prog_array-target fd=60 id=201 type=17 name=sys_enter_submi tag=b007db728abdf9dd jited_len=17661 xlated_len=30040 nr_jited_ksyms=1 ksym0=0xffffffffc04070e4 ksym1=0x0
[385.981300 pid=6620 tid=6628] BPF_MAP_UPDATE_ELEM prog_array name=sys_enter_submi map_fd=13 map_id=363 key=244 prog_fd=60 prog_id=201 flags=0 ret=0 errno=0
[385.981387 pid=6620 tid=6628] native-loader jit-info prog_array-target fd=60 id=201 type=17 name=sys_enter_submi tag=b007db728abdf9dd jited_len=17661 xlated_len=30040 nr_jited_ksyms=1 ksym0=0xffffffffc04070e4 ksym1=0x0
[385.981479 pid=6620 tid=6628] BPF_MAP_UPDATE_ELEM prog_array name=sys_enter_submi map_fd=13 map_id=363 key=245 prog_fd=60 prog_id=201 flags=0 ret=0 errno=0
[385.981563 pid=6620 tid=6628] native-loader jit-info prog_array-target fd=60 id=201 type=17 name=sys_enter_submi tag=b007db728abdf9dd jited_len=17661 xlated_len=30040 nr_jited_ksyms=1 ksym0=0xffffffffc04070e4 ksym1=0x0
[385.981655 pid=6620 tid=6628] BPF_MAP_UPDATE_ELEM prog_array name=sys_enter_submi map_fd=13 map_id=363 key=246 prog_fd=60 prog_id=201 flags=0 ret=0 errno=0
[385.981739 pid=6620 tid=6628] native-loader jit-info prog_array-target fd=60 id=201 type=17 name=sys_enter_submi tag=b007db728abdf9dd jited_len=17661 xlated_len=30040 nr_jited_ksyms=1 ksym0=0xffffffffc04070e4 ksym1=0x0
[385.981831 pid=6620 tid=6628] BPF_MAP_UPDATE_ELEM prog_array name=sys_enter_submi map_fd=13 map_id=363 key=247 prog_fd=60 prog_id=201 flags=0 ret=0 errno=0
[385.981914 pid=6620 tid=6628] native-loader jit-info prog_array-target fd=60 id=201 type=17 name=sys_enter_submi tag=b007db728abdf9dd jited_len=17661 xlated_len=30040 nr_jited_ksyms=1 ksym0=0xffffffffc04070e4 ksym1=0x0
[385.982007 pid=6620 tid=6628] BPF_MAP_UPDATE_ELEM prog_array name=sys_enter_submi map_fd=13 map_id=363 key=248 prog_fd=60 prog_id=201 flags=0 ret=0 errno=0
[385.982090 pid=6620 tid=6628] native-loader jit-info prog_array-target fd=60 id=201 type=17 name=sys_enter_submi tag=b007db728abdf9dd jited_len=17661 xlated_len=30040 nr_jited_ksyms=1 ksym0=0xffffffffc04070e4 ksym1=0x0
[385.982182 pid=6620 tid=6628] BPF_MAP_UPDATE_ELEM prog_array name=sys_enter_submi map_fd=13 map_id=363 key=249 prog_fd=60 prog_id=201 flags=0 ret=0 errno=0
[385.982266 pid=6620 tid=6628] native-loader jit-info prog_array-target fd=60 id=201 type=17 name=sys_enter_submi tag=b007db728abdf9dd jited_len=17661 xlated_len=30040 nr_jited_ksyms=1 ksym0=0xffffffffc04070e4 ksym1=0x0
[385.982360 pid=6620 tid=6628] BPF_MAP_UPDATE_ELEM prog_array name=sys_enter_submi map_fd=13 map_id=363 key=250 prog_fd=60 prog_id=201 flags=0 ret=0 errno=0
[385.982445 pid=6620 tid=6628] native-loader jit-info prog_array-target fd=60 id=201 type=17 name=sys_enter_submi tag=b007db728abdf9dd jited_len=17661 xlated_len=30040 nr_jited_ksyms=1 ksym0=0xffffffffc04070e4 ksym1=0x0
[385.982538 pid=6620 tid=6628] BPF_MAP_UPDATE_ELEM prog_array name=sys_enter_submi map_fd=13 map_id=363 key=251 prog_fd=60 prog_id=201 flags=0 ret=0 errno=0
[385.982622 pid=6620 tid=6628] native-loader jit-info prog_array-target fd=60 id=201 type=17 name=sys_enter_submi tag=b007db728abdf9dd jited_len=17661 xlated_len=30040 nr_jited_ksyms=1 ksym0=0xffffffffc04070e4 ksym1=0x0
[385.982716 pid=6620 tid=6628] BPF_MAP_UPDATE_ELEM prog_array name=sys_enter_submi map_fd=13 map_id=363 key=252 prog_fd=60 prog_id=201 flags=0 ret=0 errno=0
[385.982800 pid=6620 tid=6628] native-loader jit-info prog_array-target fd=60 id=201 type=17 name=sys_enter_submi tag=b007db728abdf9dd jited_len=17661 xlated_len=30040 nr_jited_ksyms=1 ksym0=0xffffffffc04070e4 ksym1=0x0
[385.982891 pid=6620 tid=6628] BPF_MAP_UPDATE_ELEM prog_array name=sys_enter_submi map_fd=13 map_id=363 key=253 prog_fd=60 prog_id=201 flags=0 ret=0 errno=0
[385.982975 pid=6620 tid=6628] native-loader jit-info prog_array-target fd=60 id=201 type=17 name=sys_enter_submi tag=b007db728abdf9dd jited_len=17661 xlated_len=30040 nr_jited_ksyms=1 ksym0=0xffffffffc04070e4 ksym1=0x0
[385.983067 pid=6620 tid=6628] BPF_MAP_UPDATE_ELEM prog_array name=sys_enter_submi map_fd=13 map_id=363 key=254 prog_fd=60 prog_id=201 flags=0 ret=0 errno=0
[385.983152 pid=6620 tid=6628] native-loader jit-info prog_array-target fd=60 id=201 type=17 name=sys_enter_submi tag=b007db728abdf9dd jited_len=17661 xlated_len=30040 nr_jited_ksyms=1 ksym0=0xffffffffc04070e4 ksym1=0x0
[385.983245 pid=6620 tid=6628] BPF_MAP_UPDATE_ELEM prog_array name=sys_enter_submi map_fd=13 map_id=363 key=255 prog_fd=60 prog_id=201 flags=0 ret=0 errno=0
[385.983328 pid=6620 tid=6628] native-loader jit-info prog_array-target fd=60 id=201 type=17 name=sys_enter_submi tag=b007db728abdf9dd jited_len=17661 xlated_len=30040 nr_jited_ksyms=1 ksym0=0xffffffffc04070e4 ksym1=0x0
[385.983421 pid=6620 tid=6628] BPF_MAP_UPDATE_ELEM prog_array name=sys_enter_submi map_fd=13 map_id=363 key=256 prog_fd=60 prog_id=201 flags=0 ret=0 errno=0
[385.983506 pid=6620 tid=6628] native-loader jit-info prog_array-target fd=60 id=201 type=17 name=sys_enter_submi tag=b007db728abdf9dd jited_len=17661 xlated_len=30040 nr_jited_ksyms=1 ksym0=0xffffffffc04070e4 ksym1=0x0
[385.983597 pid=6620 tid=6628] BPF_MAP_UPDATE_ELEM prog_array name=sys_enter_submi map_fd=13 map_id=363 key=257 prog_fd=60 prog_id=201 flags=0 ret=0 errno=0
[385.983681 pid=6620 tid=6628] native-loader jit-info prog_array-target fd=60 id=201 type=17 name=sys_enter_submi tag=b007db728abdf9dd jited_len=17661 xlated_len=30040 nr_jited_ksyms=1 ksym0=0xffffffffc04070e4 ksym1=0x0
[385.983772 pid=6620 tid=6628] BPF_MAP_UPDATE_ELEM prog_array name=sys_enter_submi map_fd=13 map_id=363 key=258 prog_fd=60 prog_id=201 flags=0 ret=0 errno=0
[385.983856 pid=6620 tid=6628] native-loader jit-info prog_array-target fd=60 id=201 type=17 name=sys_enter_submi tag=b007db728abdf9dd jited_len=17661 xlated_len=30040 nr_jited_ksyms=1 ksym0=0xffffffffc04070e4 ksym1=0x0
[385.983948 pid=6620 tid=6628] BPF_MAP_UPDATE_ELEM prog_array name=sys_enter_submi map_fd=13 map_id=363 key=259 prog_fd=60 prog_id=201 flags=0 ret=0 errno=0
[385.984032 pid=6620 tid=6628] native-loader jit-info prog_array-target fd=60 id=201 type=17 name=sys_enter_submi tag=b007db728abdf9dd jited_len=17661 xlated_len=30040 nr_jited_ksyms=1 ksym0=0xffffffffc04070e4 ksym1=0x0
[385.984124 pid=6620 tid=6628] BPF_MAP_UPDATE_ELEM prog_array name=sys_enter_submi map_fd=13 map_id=363 key=260 prog_fd=60 prog_id=201 flags=0 ret=0 errno=0
[385.984207 pid=6620 tid=6628] native-loader jit-info prog_array-target fd=60 id=201 type=17 name=sys_enter_submi tag=b007db728abdf9dd jited_len=17661 xlated_len=30040 nr_jited_ksyms=1 ksym0=0xffffffffc04070e4 ksym1=0x0
[385.984301 pid=6620 tid=6628] BPF_MAP_UPDATE_ELEM prog_array name=sys_enter_submi map_fd=13 map_id=363 key=261 prog_fd=60 prog_id=201 flags=0 ret=0 errno=0
[385.984388 pid=6620 tid=6628] native-loader jit-info prog_array-target fd=60 id=201 type=17 name=sys_enter_submi tag=b007db728abdf9dd jited_len=17661 xlated_len=30040 nr_jited_ksyms=1 ksym0=0xffffffffc04070e4 ksym1=0x0
[385.984485 pid=6620 tid=6628] BPF_MAP_UPDATE_ELEM prog_array name=sys_enter_submi map_fd=13 map_id=363 key=262 prog_fd=60 prog_id=201 flags=0 ret=0 errno=0
[385.984568 pid=6620 tid=6628] native-loader jit-info prog_array-target fd=60 id=201 type=17 name=sys_enter_submi tag=b007db728abdf9dd jited_len=17661 xlated_len=30040 nr_jited_ksyms=1 ksym0=0xffffffffc04070e4 ksym1=0x0
[385.984660 pid=6620 tid=6628] BPF_MAP_UPDATE_ELEM prog_array name=sys_enter_submi map_fd=13 map_id=363 key=263 prog_fd=60 prog_id=201 flags=0 ret=0 errno=0
[385.984744 pid=6620 tid=6628] native-loader jit-info prog_array-target fd=60 id=201 type=17 name=sys_enter_submi tag=b007db728abdf9dd jited_len=17661 xlated_len=30040 nr_jited_ksyms=1 ksym0=0xffffffffc04070e4 ksym1=0x0
[385.984836 pid=6620 tid=6628] BPF_MAP_UPDATE_ELEM prog_array name=sys_enter_submi map_fd=13 map_id=363 key=264 prog_fd=60 prog_id=201 flags=0 ret=0 errno=0
[385.984921 pid=6620 tid=6628] native-loader jit-info prog_array-target fd=60 id=201 type=17 name=sys_enter_submi tag=b007db728abdf9dd jited_len=17661 xlated_len=30040 nr_jited_ksyms=1 ksym0=0xffffffffc04070e4 ksym1=0x0
[385.985013 pid=6620 tid=6628] BPF_MAP_UPDATE_ELEM prog_array name=sys_enter_submi map_fd=13 map_id=363 key=265 prog_fd=60 prog_id=201 flags=0 ret=0 errno=0
[385.985097 pid=6620 tid=6628] native-loader jit-info prog_array-target fd=60 id=201 type=17 name=sys_enter_submi tag=b007db728abdf9dd jited_len=17661 xlated_len=30040 nr_jited_ksyms=1 ksym0=0xffffffffc04070e4 ksym1=0x0
[385.985189 pid=6620 tid=6628] BPF_MAP_UPDATE_ELEM prog_array name=sys_enter_submi map_fd=13 map_id=363 key=266 prog_fd=60 prog_id=201 flags=0 ret=0 errno=0
[385.985272 pid=6620 tid=6628] native-loader jit-info prog_array-target fd=60 id=201 type=17 name=sys_enter_submi tag=b007db728abdf9dd jited_len=17661 xlated_len=30040 nr_jited_ksyms=1 ksym0=0xffffffffc04070e4 ksym1=0x0
[385.985366 pid=6620 tid=6628] BPF_MAP_UPDATE_ELEM prog_array name=sys_enter_submi map_fd=13 map_id=363 key=267 prog_fd=60 prog_id=201 flags=0 ret=0 errno=0
[385.985450 pid=6620 tid=6628] native-loader jit-info prog_array-target fd=60 id=201 type=17 name=sys_enter_submi tag=b007db728abdf9dd jited_len=17661 xlated_len=30040 nr_jited_ksyms=1 ksym0=0xffffffffc04070e4 ksym1=0x0
[385.985542 pid=6620 tid=6628] BPF_MAP_UPDATE_ELEM prog_array name=sys_enter_submi map_fd=13 map_id=363 key=268 prog_fd=60 prog_id=201 flags=0 ret=0 errno=0
[385.985626 pid=6620 tid=6628] native-loader jit-info prog_array-target fd=60 id=201 type=17 name=sys_enter_submi tag=b007db728abdf9dd jited_len=17661 xlated_len=30040 nr_jited_ksyms=1 ksym0=0xffffffffc04070e4 ksym1=0x0
[385.985718 pid=6620 tid=6628] BPF_MAP_UPDATE_ELEM prog_array name=sys_enter_submi map_fd=13 map_id=363 key=269 prog_fd=60 prog_id=201 flags=0 ret=0 errno=0
[385.985802 pid=6620 tid=6628] native-loader jit-info prog_array-target fd=60 id=201 type=17 name=sys_enter_submi tag=b007db728abdf9dd jited_len=17661 xlated_len=30040 nr_jited_ksyms=1 ksym0=0xffffffffc04070e4 ksym1=0x0
[385.985894 pid=6620 tid=6628] BPF_MAP_UPDATE_ELEM prog_array name=sys_enter_submi map_fd=13 map_id=363 key=270 prog_fd=60 prog_id=201 flags=0 ret=0 errno=0
[385.985978 pid=6620 tid=6628] native-loader jit-info prog_array-target fd=60 id=201 type=17 name=sys_enter_submi tag=b007db728abdf9dd jited_len=17661 xlated_len=30040 nr_jited_ksyms=1 ksym0=0xffffffffc04070e4 ksym1=0x0
[385.986070 pid=6620 tid=6628] BPF_MAP_UPDATE_ELEM prog_array name=sys_enter_submi map_fd=13 map_id=363 key=271 prog_fd=60 prog_id=201 flags=0 ret=0 errno=0
[385.986154 pid=6620 tid=6628] native-loader jit-info prog_array-target fd=60 id=201 type=17 name=sys_enter_submi tag=b007db728abdf9dd jited_len=17661 xlated_len=30040 nr_jited_ksyms=1 ksym0=0xffffffffc04070e4 ksym1=0x0
[385.986246 pid=6620 tid=6628] BPF_MAP_UPDATE_ELEM prog_array name=sys_enter_submi map_fd=13 map_id=363 key=272 prog_fd=60 prog_id=201 flags=0 ret=0 errno=0
[385.986329 pid=6620 tid=6628] native-loader jit-info prog_array-target fd=60 id=201 type=17 name=sys_enter_submi tag=b007db728abdf9dd jited_len=17661 xlated_len=30040 nr_jited_ksyms=1 ksym0=0xffffffffc04070e4 ksym1=0x0
[385.986423 pid=6620 tid=6628] BPF_MAP_UPDATE_ELEM prog_array name=sys_enter_submi map_fd=13 map_id=363 key=273 prog_fd=60 prog_id=201 flags=0 ret=0 errno=0
[385.986507 pid=6620 tid=6628] native-loader jit-info prog_array-target fd=60 id=201 type=17 name=sys_enter_submi tag=b007db728abdf9dd jited_len=17661 xlated_len=30040 nr_jited_ksyms=1 ksym0=0xffffffffc04070e4 ksym1=0x0
[385.986601 pid=6620 tid=6628] BPF_MAP_UPDATE_ELEM prog_array name=sys_enter_submi map_fd=13 map_id=363 key=274 prog_fd=60 prog_id=201 flags=0 ret=0 errno=0
[385.986685 pid=6620 tid=6628] native-loader jit-info prog_array-target fd=60 id=201 type=17 name=sys_enter_submi tag=b007db728abdf9dd jited_len=17661 xlated_len=30040 nr_jited_ksyms=1 ksym0=0xffffffffc04070e4 ksym1=0x0
[385.986777 pid=6620 tid=6628] BPF_MAP_UPDATE_ELEM prog_array name=sys_enter_submi map_fd=13 map_id=363 key=275 prog_fd=60 prog_id=201 flags=0 ret=0 errno=0
[385.986861 pid=6620 tid=6628] native-loader jit-info prog_array-target fd=60 id=201 type=17 name=sys_enter_submi tag=b007db728abdf9dd jited_len=17661 xlated_len=30040 nr_jited_ksyms=1 ksym0=0xffffffffc04070e4 ksym1=0x0
[385.986953 pid=6620 tid=6628] BPF_MAP_UPDATE_ELEM prog_array name=sys_enter_submi map_fd=13 map_id=363 key=276 prog_fd=60 prog_id=201 flags=0 ret=0 errno=0
[385.987038 pid=6620 tid=6628] native-loader jit-info prog_array-target fd=60 id=201 type=17 name=sys_enter_submi tag=b007db728abdf9dd jited_len=17661 xlated_len=30040 nr_jited_ksyms=1 ksym0=0xffffffffc04070e4 ksym1=0x0
[385.987130 pid=6620 tid=6628] BPF_MAP_UPDATE_ELEM prog_array name=sys_enter_submi map_fd=13 map_id=363 key=277 prog_fd=60 prog_id=201 flags=0 ret=0 errno=0
[385.987215 pid=6620 tid=6628] native-loader jit-info prog_array-target fd=60 id=201 type=17 name=sys_enter_submi tag=b007db728abdf9dd jited_len=17661 xlated_len=30040 nr_jited_ksyms=1 ksym0=0xffffffffc04070e4 ksym1=0x0
[385.987307 pid=6620 tid=6628] BPF_MAP_UPDATE_ELEM prog_array name=sys_enter_submi map_fd=13 map_id=363 key=278 prog_fd=60 prog_id=201 flags=0 ret=0 errno=0
[385.987393 pid=6620 tid=6628] native-loader jit-info prog_array-target fd=60 id=201 type=17 name=sys_enter_submi tag=b007db728abdf9dd jited_len=17661 xlated_len=30040 nr_jited_ksyms=1 ksym0=0xffffffffc04070e4 ksym1=0x0
[385.987486 pid=6620 tid=6628] BPF_MAP_UPDATE_ELEM prog_array name=sys_enter_submi map_fd=13 map_id=363 key=279 prog_fd=60 prog_id=201 flags=0 ret=0 errno=0
[385.987570 pid=6620 tid=6628] native-loader jit-info prog_array-target fd=60 id=201 type=17 name=sys_enter_submi tag=b007db728abdf9dd jited_len=17661 xlated_len=30040 nr_jited_ksyms=1 ksym0=0xffffffffc04070e4 ksym1=0x0
[385.987662 pid=6620 tid=6628] BPF_MAP_UPDATE_ELEM prog_array name=sys_enter_submi map_fd=13 map_id=363 key=280 prog_fd=60 prog_id=201 flags=0 ret=0 errno=0
[385.987747 pid=6620 tid=6628] native-loader jit-info prog_array-target fd=60 id=201 type=17 name=sys_enter_submi tag=b007db728abdf9dd jited_len=17661 xlated_len=30040 nr_jited_ksyms=1 ksym0=0xffffffffc04070e4 ksym1=0x0
[385.987839 pid=6620 tid=6628] BPF_MAP_UPDATE_ELEM prog_array name=sys_enter_submi map_fd=13 map_id=363 key=281 prog_fd=60 prog_id=201 flags=0 ret=0 errno=0
[385.987922 pid=6620 tid=6628] native-loader jit-info prog_array-target fd=60 id=201 type=17 name=sys_enter_submi tag=b007db728abdf9dd jited_len=17661 xlated_len=30040 nr_jited_ksyms=1 ksym0=0xffffffffc04070e4 ksym1=0x0
[385.988015 pid=6620 tid=6628] BPF_MAP_UPDATE_ELEM prog_array name=sys_enter_submi map_fd=13 map_id=363 key=282 prog_fd=60 prog_id=201 flags=0 ret=0 errno=0
[385.988099 pid=6620 tid=6628] native-loader jit-info prog_array-target fd=60 id=201 type=17 name=sys_enter_submi tag=b007db728abdf9dd jited_len=17661 xlated_len=30040 nr_jited_ksyms=1 ksym0=0xffffffffc04070e4 ksym1=0x0
[385.988192 pid=6620 tid=6628] BPF_MAP_UPDATE_ELEM prog_array name=sys_enter_submi map_fd=13 map_id=363 key=283 prog_fd=60 prog_id=201 flags=0 ret=0 errno=0
[385.988276 pid=6620 tid=6628] native-loader jit-info prog_array-target fd=60 id=201 type=17 name=sys_enter_submi tag=b007db728abdf9dd jited_len=17661 xlated_len=30040 nr_jited_ksyms=1 ksym0=0xffffffffc04070e4 ksym1=0x0
[385.988370 pid=6620 tid=6628] BPF_MAP_UPDATE_ELEM prog_array name=sys_enter_submi map_fd=13 map_id=363 key=284 prog_fd=60 prog_id=201 flags=0 ret=0 errno=0
[385.988454 pid=6620 tid=6628] native-loader jit-info prog_array-target fd=60 id=201 type=17 name=sys_enter_submi tag=b007db728abdf9dd jited_len=17661 xlated_len=30040 nr_jited_ksyms=1 ksym0=0xffffffffc04070e4 ksym1=0x0
[385.988545 pid=6620 tid=6628] BPF_MAP_UPDATE_ELEM prog_array name=sys_enter_submi map_fd=13 map_id=363 key=285 prog_fd=60 prog_id=201 flags=0 ret=0 errno=0
[385.988629 pid=6620 tid=6628] native-loader jit-info prog_array-target fd=60 id=201 type=17 name=sys_enter_submi tag=b007db728abdf9dd jited_len=17661 xlated_len=30040 nr_jited_ksyms=1 ksym0=0xffffffffc04070e4 ksym1=0x0
[385.988721 pid=6620 tid=6628] BPF_MAP_UPDATE_ELEM prog_array name=sys_enter_submi map_fd=13 map_id=363 key=286 prog_fd=60 prog_id=201 flags=0 ret=0 errno=0
[385.988804 pid=6620 tid=6628] native-loader jit-info prog_array-target fd=60 id=201 type=17 name=sys_enter_submi tag=b007db728abdf9dd jited_len=17661 xlated_len=30040 nr_jited_ksyms=1 ksym0=0xffffffffc04070e4 ksym1=0x0
[385.988897 pid=6620 tid=6628] BPF_MAP_UPDATE_ELEM prog_array name=sys_enter_submi map_fd=13 map_id=363 key=287 prog_fd=60 prog_id=201 flags=0 ret=0 errno=0
[385.988981 pid=6620 tid=6628] native-loader jit-info prog_array-target fd=60 id=201 type=17 name=sys_enter_submi tag=b007db728abdf9dd jited_len=17661 xlated_len=30040 nr_jited_ksyms=1 ksym0=0xffffffffc04070e4 ksym1=0x0
[385.989075 pid=6620 tid=6628] BPF_MAP_UPDATE_ELEM prog_array name=sys_enter_submi map_fd=13 map_id=363 key=288 prog_fd=60 prog_id=201 flags=0 ret=0 errno=0
[385.989158 pid=6620 tid=6628] native-loader jit-info prog_array-target fd=60 id=201 type=17 name=sys_enter_submi tag=b007db728abdf9dd jited_len=17661 xlated_len=30040 nr_jited_ksyms=1 ksym0=0xffffffffc04070e4 ksym1=0x0
[385.989250 pid=6620 tid=6628] BPF_MAP_UPDATE_ELEM prog_array name=sys_enter_submi map_fd=13 map_id=363 key=289 prog_fd=60 prog_id=201 flags=0 ret=0 errno=0
[385.989335 pid=6620 tid=6628] native-loader jit-info prog_array-target fd=60 id=201 type=17 name=sys_enter_submi tag=b007db728abdf9dd jited_len=17661 xlated_len=30040 nr_jited_ksyms=1 ksym0=0xffffffffc04070e4 ksym1=0x0
[385.989428 pid=6620 tid=6628] BPF_MAP_UPDATE_ELEM prog_array name=sys_enter_submi map_fd=13 map_id=363 key=290 prog_fd=60 prog_id=201 flags=0 ret=0 errno=0
[385.989512 pid=6620 tid=6628] native-loader jit-info prog_array-target fd=60 id=201 type=17 name=sys_enter_submi tag=b007db728abdf9dd jited_len=17661 xlated_len=30040 nr_jited_ksyms=1 ksym0=0xffffffffc04070e4 ksym1=0x0
[385.989604 pid=6620 tid=6628] BPF_MAP_UPDATE_ELEM prog_array name=sys_enter_submi map_fd=13 map_id=363 key=291 prog_fd=60 prog_id=201 flags=0 ret=0 errno=0
[385.989687 pid=6620 tid=6628] native-loader jit-info prog_array-target fd=60 id=201 type=17 name=sys_enter_submi tag=b007db728abdf9dd jited_len=17661 xlated_len=30040 nr_jited_ksyms=1 ksym0=0xffffffffc04070e4 ksym1=0x0
[385.989780 pid=6620 tid=6628] BPF_MAP_UPDATE_ELEM prog_array name=sys_enter_submi map_fd=13 map_id=363 key=293 prog_fd=60 prog_id=201 flags=0 ret=0 errno=0
[385.989863 pid=6620 tid=6628] native-loader jit-info prog_array-target fd=60 id=201 type=17 name=sys_enter_submi tag=b007db728abdf9dd jited_len=17661 xlated_len=30040 nr_jited_ksyms=1 ksym0=0xffffffffc04070e4 ksym1=0x0
[385.989955 pid=6620 tid=6628] BPF_MAP_UPDATE_ELEM prog_array name=sys_enter_submi map_fd=13 map_id=363 key=294 prog_fd=60 prog_id=201 flags=0 ret=0 errno=0
[385.990039 pid=6620 tid=6628] native-loader jit-info prog_array-target fd=60 id=201 type=17 name=sys_enter_submi tag=b007db728abdf9dd jited_len=17661 xlated_len=30040 nr_jited_ksyms=1 ksym0=0xffffffffc04070e4 ksym1=0x0
[385.990131 pid=6620 tid=6628] BPF_MAP_UPDATE_ELEM prog_array name=sys_enter_submi map_fd=13 map_id=363 key=295 prog_fd=60 prog_id=201 flags=0 ret=0 errno=0
[385.990215 pid=6620 tid=6628] native-loader jit-info prog_array-target fd=60 id=201 type=17 name=sys_enter_submi tag=b007db728abdf9dd jited_len=17661 xlated_len=30040 nr_jited_ksyms=1 ksym0=0xffffffffc04070e4 ksym1=0x0
[385.990307 pid=6620 tid=6628] BPF_MAP_UPDATE_ELEM prog_array name=sys_enter_submi map_fd=13 map_id=363 key=296 prog_fd=60 prog_id=201 flags=0 ret=0 errno=0
[385.990392 pid=6620 tid=6628] native-loader jit-info prog_array-target fd=60 id=201 type=17 name=sys_enter_submi tag=b007db728abdf9dd jited_len=17661 xlated_len=30040 nr_jited_ksyms=1 ksym0=0xffffffffc04070e4 ksym1=0x0
[385.990484 pid=6620 tid=6628] BPF_MAP_UPDATE_ELEM prog_array name=sys_enter_submi map_fd=13 map_id=363 key=297 prog_fd=60 prog_id=201 flags=0 ret=0 errno=0
[385.990568 pid=6620 tid=6628] native-loader jit-info prog_array-target fd=60 id=201 type=17 name=sys_enter_submi tag=b007db728abdf9dd jited_len=17661 xlated_len=30040 nr_jited_ksyms=1 ksym0=0xffffffffc04070e4 ksym1=0x0
[385.990660 pid=6620 tid=6628] BPF_MAP_UPDATE_ELEM prog_array name=sys_enter_submi map_fd=13 map_id=363 key=298 prog_fd=60 prog_id=201 flags=0 ret=0 errno=0
[385.990745 pid=6620 tid=6628] native-loader jit-info prog_array-target fd=60 id=201 type=17 name=sys_enter_submi tag=b007db728abdf9dd jited_len=17661 xlated_len=30040 nr_jited_ksyms=1 ksym0=0xffffffffc04070e4 ksym1=0x0
[385.990836 pid=6620 tid=6628] BPF_MAP_UPDATE_ELEM prog_array name=sys_enter_submi map_fd=13 map_id=363 key=299 prog_fd=60 prog_id=201 flags=0 ret=0 errno=0
[385.990920 pid=6620 tid=6628] native-loader jit-info prog_array-target fd=60 id=201 type=17 name=sys_enter_submi tag=b007db728abdf9dd jited_len=17661 xlated_len=30040 nr_jited_ksyms=1 ksym0=0xffffffffc04070e4 ksym1=0x0
[385.991013 pid=6620 tid=6628] BPF_MAP_UPDATE_ELEM prog_array name=sys_enter_submi map_fd=13 map_id=363 key=300 prog_fd=60 prog_id=201 flags=0 ret=0 errno=0
[385.991096 pid=6620 tid=6628] native-loader jit-info prog_array-target fd=60 id=201 type=17 name=sys_enter_submi tag=b007db728abdf9dd jited_len=17661 xlated_len=30040 nr_jited_ksyms=1 ksym0=0xffffffffc04070e4 ksym1=0x0
[385.991161 pid=6620 tid=6628] BPF_MAP_UPDATE_ELEM prog_array name=sys_enter_submi map_fd=13 map_id=363 key=301 prog_fd=60 prog_id=201 flags=0 ret=0 errno=0
[385.991248 pid=6620 tid=6628] native-loader jit-info prog_array-target fd=60 id=201 type=17 name=sys_enter_submi tag=b007db728abdf9dd jited_len=17661 xlated_len=30040 nr_jited_ksyms=1 ksym0=0xffffffffc04070e4 ksym1=0x0
[385.991339 pid=6620 tid=6628] BPF_MAP_UPDATE_ELEM prog_array name=sys_enter_submi map_fd=13 map_id=363 key=302 prog_fd=60 prog_id=201 flags=0 ret=0 errno=0
[385.991424 pid=6620 tid=6628] native-loader jit-info prog_array-target fd=60 id=201 type=17 name=sys_enter_submi tag=b007db728abdf9dd jited_len=17661 xlated_len=30040 nr_jited_ksyms=1 ksym0=0xffffffffc04070e4 ksym1=0x0
[385.991516 pid=6620 tid=6628] BPF_MAP_UPDATE_ELEM prog_array name=sys_enter_submi map_fd=13 map_id=363 key=303 prog_fd=60 prog_id=201 flags=0 ret=0 errno=0
[385.991600 pid=6620 tid=6628] native-loader jit-info prog_array-target fd=60 id=201 type=17 name=sys_enter_submi tag=b007db728abdf9dd jited_len=17661 xlated_len=30040 nr_jited_ksyms=1 ksym0=0xffffffffc04070e4 ksym1=0x0
[385.991691 pid=6620 tid=6628] BPF_MAP_UPDATE_ELEM prog_array name=sys_enter_submi map_fd=13 map_id=363 key=304 prog_fd=60 prog_id=201 flags=0 ret=0 errno=0
[385.991775 pid=6620 tid=6628] native-loader jit-info prog_array-target fd=60 id=201 type=17 name=sys_enter_submi tag=b007db728abdf9dd jited_len=17661 xlated_len=30040 nr_jited_ksyms=1 ksym0=0xffffffffc04070e4 ksym1=0x0
[385.991866 pid=6620 tid=6628] BPF_MAP_UPDATE_ELEM prog_array name=sys_enter_submi map_fd=13 map_id=363 key=305 prog_fd=60 prog_id=201 flags=0 ret=0 errno=0
[385.991951 pid=6620 tid=6628] native-loader jit-info prog_array-target fd=60 id=201 type=17 name=sys_enter_submi tag=b007db728abdf9dd jited_len=17661 xlated_len=30040 nr_jited_ksyms=1 ksym0=0xffffffffc04070e4 ksym1=0x0
[385.992042 pid=6620 tid=6628] BPF_MAP_UPDATE_ELEM prog_array name=sys_enter_submi map_fd=13 map_id=363 key=306 prog_fd=60 prog_id=201 flags=0 ret=0 errno=0
[385.992126 pid=6620 tid=6628] native-loader jit-info prog_array-target fd=60 id=201 type=17 name=sys_enter_submi tag=b007db728abdf9dd jited_len=17661 xlated_len=30040 nr_jited_ksyms=1 ksym0=0xffffffffc04070e4 ksym1=0x0
[385.992217 pid=6620 tid=6628] BPF_MAP_UPDATE_ELEM prog_array name=sys_enter_submi map_fd=13 map_id=363 key=307 prog_fd=60 prog_id=201 flags=0 ret=0 errno=0
[385.992301 pid=6620 tid=6628] native-loader jit-info prog_array-target fd=60 id=201 type=17 name=sys_enter_submi tag=b007db728abdf9dd jited_len=17661 xlated_len=30040 nr_jited_ksyms=1 ksym0=0xffffffffc04070e4 ksym1=0x0
[385.992395 pid=6620 tid=6628] BPF_MAP_UPDATE_ELEM prog_array name=sys_enter_submi map_fd=13 map_id=363 key=308 prog_fd=60 prog_id=201 flags=0 ret=0 errno=0
[385.992479 pid=6620 tid=6628] native-loader jit-info prog_array-target fd=60 id=201 type=17 name=sys_enter_submi tag=b007db728abdf9dd jited_len=17661 xlated_len=30040 nr_jited_ksyms=1 ksym0=0xffffffffc04070e4 ksym1=0x0
[385.992571 pid=6620 tid=6628] BPF_MAP_UPDATE_ELEM prog_array name=sys_enter_submi map_fd=13 map_id=363 key=309 prog_fd=60 prog_id=201 flags=0 ret=0 errno=0
[385.992655 pid=6620 tid=6628] native-loader jit-info prog_array-target fd=60 id=201 type=17 name=sys_enter_submi tag=b007db728abdf9dd jited_len=17661 xlated_len=30040 nr_jited_ksyms=1 ksym0=0xffffffffc04070e4 ksym1=0x0
[385.992747 pid=6620 tid=6628] BPF_MAP_UPDATE_ELEM prog_array name=sys_enter_submi map_fd=13 map_id=363 key=310 prog_fd=60 prog_id=201 flags=0 ret=0 errno=0
[385.992830 pid=6620 tid=6628] native-loader jit-info prog_array-target fd=60 id=201 type=17 name=sys_enter_submi tag=b007db728abdf9dd jited_len=17661 xlated_len=30040 nr_jited_ksyms=1 ksym0=0xffffffffc04070e4 ksym1=0x0
[385.992922 pid=6620 tid=6628] BPF_MAP_UPDATE_ELEM prog_array name=sys_enter_submi map_fd=13 map_id=363 key=312 prog_fd=60 prog_id=201 flags=0 ret=0 errno=0
[385.993007 pid=6620 tid=6628] native-loader jit-info prog_array-target fd=60 id=201 type=17 name=sys_enter_submi tag=b007db728abdf9dd jited_len=17661 xlated_len=30040 nr_jited_ksyms=1 ksym0=0xffffffffc04070e4 ksym1=0x0
[385.993099 pid=6620 tid=6628] BPF_MAP_UPDATE_ELEM prog_array name=sys_enter_submi map_fd=13 map_id=363 key=313 prog_fd=60 prog_id=201 flags=0 ret=0 errno=0
[385.993183 pid=6620 tid=6628] native-loader jit-info prog_array-target fd=60 id=201 type=17 name=sys_enter_submi tag=b007db728abdf9dd jited_len=17661 xlated_len=30040 nr_jited_ksyms=1 ksym0=0xffffffffc04070e4 ksym1=0x0
[385.993247 pid=6620 tid=6628] BPF_MAP_UPDATE_ELEM prog_array name=sys_enter_submi map_fd=13 map_id=363 key=314 prog_fd=60 prog_id=201 flags=0 ret=0 errno=0
[385.993332 pid=6620 tid=6628] native-loader jit-info prog_array-target fd=60 id=201 type=17 name=sys_enter_submi tag=b007db728abdf9dd jited_len=17661 xlated_len=30040 nr_jited_ksyms=1 ksym0=0xffffffffc04070e4 ksym1=0x0
[385.993426 pid=6620 tid=6628] BPF_MAP_UPDATE_ELEM prog_array name=sys_enter_submi map_fd=13 map_id=363 key=315 prog_fd=60 prog_id=201 flags=0 ret=0 errno=0
[385.993510 pid=6620 tid=6628] native-loader jit-info prog_array-target fd=60 id=201 type=17 name=sys_enter_submi tag=b007db728abdf9dd jited_len=17661 xlated_len=30040 nr_jited_ksyms=1 ksym0=0xffffffffc04070e4 ksym1=0x0
[385.993602 pid=6620 tid=6628] BPF_MAP_UPDATE_ELEM prog_array name=sys_enter_submi map_fd=13 map_id=363 key=316 prog_fd=60 prog_id=201 flags=0 ret=0 errno=0
[385.993685 pid=6620 tid=6628] native-loader jit-info prog_array-target fd=60 id=201 type=17 name=sys_enter_submi tag=b007db728abdf9dd jited_len=17661 xlated_len=30040 nr_jited_ksyms=1 ksym0=0xffffffffc04070e4 ksym1=0x0
[385.993777 pid=6620 tid=6628] BPF_MAP_UPDATE_ELEM prog_array name=sys_enter_submi map_fd=13 map_id=363 key=317 prog_fd=60 prog_id=201 flags=0 ret=0 errno=0
[385.993861 pid=6620 tid=6628] native-loader jit-info prog_array-target fd=60 id=201 type=17 name=sys_enter_submi tag=b007db728abdf9dd jited_len=17661 xlated_len=30040 nr_jited_ksyms=1 ksym0=0xffffffffc04070e4 ksym1=0x0
[385.993953 pid=6620 tid=6628] BPF_MAP_UPDATE_ELEM prog_array name=sys_enter_submi map_fd=13 map_id=363 key=318 prog_fd=60 prog_id=201 flags=0 ret=0 errno=0
[385.994085 pid=6620 tid=6628] native-loader jit-info prog_array-target fd=60 id=201 type=17 name=sys_enter_submi tag=b007db728abdf9dd jited_len=17661 xlated_len=30040 nr_jited_ksyms=1 ksym0=0xffffffffc04070e4 ksym1=0x0
[385.994412 pid=6620 tid=6628] BPF_MAP_UPDATE_ELEM prog_array name=sys_enter_submi map_fd=13 map_id=363 key=319 prog_fd=60 prog_id=201 flags=0 ret=0 errno=0
[385.994849 pid=6620 tid=6628] native-loader jit-info prog_array-target fd=60 id=201 type=17 name=sys_enter_submi tag=b007db728abdf9dd jited_len=17661 xlated_len=30040 nr_jited_ksyms=1 ksym0=0xffffffffc04070e4 ksym1=0x0
[385.995479 pid=6620 tid=6628] BPF_MAP_UPDATE_ELEM prog_array name=sys_enter_submi map_fd=13 map_id=363 key=320 prog_fd=60 prog_id=201 flags=0 ret=0 errno=0
[385.996126 pid=6620 tid=6628] native-loader jit-info prog_array-target fd=60 id=201 type=17 name=sys_enter_submi tag=b007db728abdf9dd jited_len=17661 xlated_len=30040 nr_jited_ksyms=1 ksym0=0xffffffffc04070e4 ksym1=0x0
[385.996309 pid=6620 tid=6628] BPF_MAP_UPDATE_ELEM prog_array name=sys_enter_submi map_fd=13 map_id=363 key=321 prog_fd=60 prog_id=201 flags=0 ret=0 errno=0
[385.996576 pid=6620 tid=6628] native-loader jit-info prog_array-target fd=60 id=201 type=17 name=sys_enter_submi tag=b007db728abdf9dd jited_len=17661 xlated_len=30040 nr_jited_ksyms=1 ksym0=0xffffffffc04070e4 ksym1=0x0
[385.997210 pid=6620 tid=6628] BPF_MAP_UPDATE_ELEM prog_array name=sys_enter_submi map_fd=13 map_id=363 key=322 prog_fd=60 prog_id=201 flags=0 ret=0 errno=0
[385.997327 pid=6620 tid=6628] native-loader jit-info prog_array-target fd=60 id=201 type=17 name=sys_enter_submi tag=b007db728abdf9dd jited_len=17661 xlated_len=30040 nr_jited_ksyms=1 ksym0=0xffffffffc04070e4 ksym1=0x0
[385.997599 pid=6620 tid=6628] BPF_MAP_UPDATE_ELEM prog_array name=sys_enter_submi map_fd=13 map_id=363 key=323 prog_fd=60 prog_id=201 flags=0 ret=0 errno=0
[385.997858 pid=6620 tid=6628] native-loader jit-info prog_array-target fd=60 id=201 type=17 name=sys_enter_submi tag=b007db728abdf9dd jited_len=17661 xlated_len=30040 nr_jited_ksyms=1 ksym0=0xffffffffc04070e4 ksym1=0x0
[385.998194 pid=6620 tid=6628] BPF_MAP_UPDATE_ELEM prog_array name=sys_enter_submi map_fd=13 map_id=363 key=324 prog_fd=60 prog_id=201 flags=0 ret=0 errno=0
[385.998308 pid=6620 tid=6628] native-loader jit-info prog_array-target fd=60 id=201 type=17 name=sys_enter_submi tag=b007db728abdf9dd jited_len=17661 xlated_len=30040 nr_jited_ksyms=1 ksym0=0xffffffffc04070e4 ksym1=0x0
[385.998600 pid=6620 tid=6628] BPF_MAP_UPDATE_ELEM prog_array name=sys_enter_submi map_fd=13 map_id=363 key=325 prog_fd=60 prog_id=201 flags=0 ret=0 errno=0
[385.998855 pid=6620 tid=6628] native-loader jit-info prog_array-target fd=60 id=201 type=17 name=sys_enter_submi tag=b007db728abdf9dd jited_len=17661 xlated_len=30040 nr_jited_ksyms=1 ksym0=0xffffffffc04070e4 ksym1=0x0
[385.998983 pid=6620 tid=6628] BPF_MAP_UPDATE_ELEM prog_array name=sys_enter_submi map_fd=13 map_id=363 key=326 prog_fd=60 prog_id=201 flags=0 ret=0 errno=0
[385.999076 pid=6620 tid=6628] native-loader jit-info prog_array-target fd=60 id=201 type=17 name=sys_enter_submi tag=b007db728abdf9dd jited_len=17661 xlated_len=30040 nr_jited_ksyms=1 ksym0=0xffffffffc04070e4 ksym1=0x0
[385.999167 pid=6620 tid=6628] BPF_MAP_UPDATE_ELEM prog_array name=sys_enter_submi map_fd=13 map_id=363 key=327 prog_fd=60 prog_id=201 flags=0 ret=0 errno=0
[385.999250 pid=6620 tid=6628] native-loader jit-info prog_array-target fd=60 id=201 type=17 name=sys_enter_submi tag=b007db728abdf9dd jited_len=17661 xlated_len=30040 nr_jited_ksyms=1 ksym0=0xffffffffc04070e4 ksym1=0x0
[385.999343 pid=6620 tid=6628] BPF_MAP_UPDATE_ELEM prog_array name=sys_enter_submi map_fd=13 map_id=363 key=328 prog_fd=60 prog_id=201 flags=0 ret=0 errno=0
[385.999429 pid=6620 tid=6628] native-loader jit-info prog_array-target fd=60 id=201 type=17 name=sys_enter_submi tag=b007db728abdf9dd jited_len=17661 xlated_len=30040 nr_jited_ksyms=1 ksym0=0xffffffffc04070e4 ksym1=0x0
[385.999521 pid=6620 tid=6628] BPF_MAP_UPDATE_ELEM prog_array name=sys_enter_submi map_fd=13 map_id=363 key=329 prog_fd=60 prog_id=201 flags=0 ret=0 errno=0
[385.999604 pid=6620 tid=6628] native-loader jit-info prog_array-target fd=60 id=201 type=17 name=sys_enter_submi tag=b007db728abdf9dd jited_len=17661 xlated_len=30040 nr_jited_ksyms=1 ksym0=0xffffffffc04070e4 ksym1=0x0
[385.999696 pid=6620 tid=6628] BPF_MAP_UPDATE_ELEM prog_array name=sys_enter_submi map_fd=13 map_id=363 key=330 prog_fd=60 prog_id=201 flags=0 ret=0 errno=0
[385.999780 pid=6620 tid=6628] native-loader jit-info prog_array-target fd=60 id=201 type=17 name=sys_enter_submi tag=b007db728abdf9dd jited_len=17661 xlated_len=30040 nr_jited_ksyms=1 ksym0=0xffffffffc04070e4 ksym1=0x0
[385.999873 pid=6620 tid=6628] BPF_MAP_UPDATE_ELEM prog_array name=sys_enter_submi map_fd=13 map_id=363 key=331 prog_fd=60 prog_id=201 flags=0 ret=0 errno=0
[385.999956 pid=6620 tid=6628] native-loader jit-info prog_array-target fd=60 id=201 type=17 name=sys_enter_submi tag=b007db728abdf9dd jited_len=17661 xlated_len=30040 nr_jited_ksyms=1 ksym0=0xffffffffc04070e4 ksym1=0x0
[386.000048 pid=6620 tid=6628] BPF_MAP_UPDATE_ELEM prog_array name=sys_enter_submi map_fd=13 map_id=363 key=332 prog_fd=60 prog_id=201 flags=0 ret=0 errno=0
[386.000131 pid=6620 tid=6628] native-loader jit-info prog_array-target fd=60 id=201 type=17 name=sys_enter_submi tag=b007db728abdf9dd jited_len=17661 xlated_len=30040 nr_jited_ksyms=1 ksym0=0xffffffffc04070e4 ksym1=0x0
[386.000223 pid=6620 tid=6628] BPF_MAP_UPDATE_ELEM prog_array name=sys_enter_submi map_fd=13 map_id=363 key=333 prog_fd=60 prog_id=201 flags=0 ret=0 errno=0
[386.000307 pid=6620 tid=6628] native-loader jit-info prog_array-target fd=60 id=201 type=17 name=sys_enter_submi tag=b007db728abdf9dd jited_len=17661 xlated_len=30040 nr_jited_ksyms=1 ksym0=0xffffffffc04070e4 ksym1=0x0
[386.000402 pid=6620 tid=6628] BPF_MAP_UPDATE_ELEM prog_array name=sys_enter_submi map_fd=13 map_id=363 key=334 prog_fd=60 prog_id=201 flags=0 ret=0 errno=0
[386.000485 pid=6620 tid=6628] native-loader jit-info prog_array-target fd=60 id=201 type=17 name=sys_enter_submi tag=b007db728abdf9dd jited_len=17661 xlated_len=30040 nr_jited_ksyms=1 ksym0=0xffffffffc04070e4 ksym1=0x0
[386.000577 pid=6620 tid=6628] BPF_MAP_UPDATE_ELEM prog_array name=sys_enter_submi map_fd=13 map_id=363 key=424 prog_fd=60 prog_id=201 flags=0 ret=0 errno=0
[386.000660 pid=6620 tid=6628] native-loader jit-info prog_array-target fd=60 id=201 type=17 name=sys_enter_submi tag=b007db728abdf9dd jited_len=17661 xlated_len=30040 nr_jited_ksyms=1 ksym0=0xffffffffc04070e4 ksym1=0x0
[386.000753 pid=6620 tid=6628] BPF_MAP_UPDATE_ELEM prog_array name=sys_enter_submi map_fd=13 map_id=363 key=425 prog_fd=60 prog_id=201 flags=0 ret=0 errno=0
[386.000836 pid=6620 tid=6628] native-loader jit-info prog_array-target fd=60 id=201 type=17 name=sys_enter_submi tag=b007db728abdf9dd jited_len=17661 xlated_len=30040 nr_jited_ksyms=1 ksym0=0xffffffffc04070e4 ksym1=0x0
[386.000928 pid=6620 tid=6628] BPF_MAP_UPDATE_ELEM prog_array name=sys_enter_submi map_fd=13 map_id=363 key=426 prog_fd=60 prog_id=201 flags=0 ret=0 errno=0
[386.001011 pid=6620 tid=6628] native-loader jit-info prog_array-target fd=60 id=201 type=17 name=sys_enter_submi tag=b007db728abdf9dd jited_len=17661 xlated_len=30040 nr_jited_ksyms=1 ksym0=0xffffffffc04070e4 ksym1=0x0
[386.001102 pid=6620 tid=6628] BPF_MAP_UPDATE_ELEM prog_array name=sys_enter_submi map_fd=13 map_id=363 key=427 prog_fd=60 prog_id=201 flags=0 ret=0 errno=0
[386.001187 pid=6620 tid=6628] native-loader jit-info prog_array-target fd=60 id=201 type=17 name=sys_enter_submi tag=b007db728abdf9dd jited_len=17661 xlated_len=30040 nr_jited_ksyms=1 ksym0=0xffffffffc04070e4 ksym1=0x0
[386.001279 pid=6620 tid=6628] BPF_MAP_UPDATE_ELEM prog_array name=sys_enter_submi map_fd=13 map_id=363 key=428 prog_fd=60 prog_id=201 flags=0 ret=0 errno=0
[386.001365 pid=6620 tid=6628] native-loader jit-info prog_array-target fd=60 id=201 type=17 name=sys_enter_submi tag=b007db728abdf9dd jited_len=17661 xlated_len=30040 nr_jited_ksyms=1 ksym0=0xffffffffc04070e4 ksym1=0x0
[386.001457 pid=6620 tid=6628] BPF_MAP_UPDATE_ELEM prog_array name=sys_enter_submi map_fd=13 map_id=363 key=429 prog_fd=60 prog_id=201 flags=0 ret=0 errno=0
[386.001541 pid=6620 tid=6628] native-loader jit-info prog_array-target fd=60 id=201 type=17 name=sys_enter_submi tag=b007db728abdf9dd jited_len=17661 xlated_len=30040 nr_jited_ksyms=1 ksym0=0xffffffffc04070e4 ksym1=0x0
[386.001634 pid=6620 tid=6628] BPF_MAP_UPDATE_ELEM prog_array name=sys_enter_submi map_fd=13 map_id=363 key=430 prog_fd=60 prog_id=201 flags=0 ret=0 errno=0
[386.001716 pid=6620 tid=6628] native-loader jit-info prog_array-target fd=60 id=201 type=17 name=sys_enter_submi tag=b007db728abdf9dd jited_len=17661 xlated_len=30040 nr_jited_ksyms=1 ksym0=0xffffffffc04070e4 ksym1=0x0
[386.001809 pid=6620 tid=6628] BPF_MAP_UPDATE_ELEM prog_array name=sys_enter_submi map_fd=13 map_id=363 key=431 prog_fd=60 prog_id=201 flags=0 ret=0 errno=0
[386.001893 pid=6620 tid=6628] native-loader jit-info prog_array-target fd=60 id=201 type=17 name=sys_enter_submi tag=b007db728abdf9dd jited_len=17661 xlated_len=30040 nr_jited_ksyms=1 ksym0=0xffffffffc04070e4 ksym1=0x0
[386.001985 pid=6620 tid=6628] BPF_MAP_UPDATE_ELEM prog_array name=sys_enter_submi map_fd=13 map_id=363 key=432 prog_fd=60 prog_id=201 flags=0 ret=0 errno=0
[386.002069 pid=6620 tid=6628] native-loader jit-info prog_array-target fd=60 id=201 type=17 name=sys_enter_submi tag=b007db728abdf9dd jited_len=17661 xlated_len=30040 nr_jited_ksyms=1 ksym0=0xffffffffc04070e4 ksym1=0x0
[386.002163 pid=6620 tid=6628] BPF_MAP_UPDATE_ELEM prog_array name=sys_enter_submi map_fd=13 map_id=363 key=433 prog_fd=60 prog_id=201 flags=0 ret=0 errno=0
[386.002245 pid=6620 tid=6628] native-loader jit-info prog_array-target fd=60 id=201 type=17 name=sys_enter_submi tag=b007db728abdf9dd jited_len=17661 xlated_len=30040 nr_jited_ksyms=1 ksym0=0xffffffffc04070e4 ksym1=0x0
[386.002339 pid=6620 tid=6628] BPF_MAP_UPDATE_ELEM prog_array name=sys_enter_submi map_fd=13 map_id=363 key=434 prog_fd=60 prog_id=201 flags=0 ret=0 errno=0
[386.002423 pid=6620 tid=6628] native-loader jit-info prog_array-target fd=60 id=201 type=17 name=sys_enter_submi tag=b007db728abdf9dd jited_len=17661 xlated_len=30040 nr_jited_ksyms=1 ksym0=0xffffffffc04070e4 ksym1=0x0
[386.002515 pid=6620 tid=6628] BPF_MAP_UPDATE_ELEM prog_array name=sys_enter_submi map_fd=13 map_id=363 key=435 prog_fd=60 prog_id=201 flags=0 ret=0 errno=0
[386.002599 pid=6620 tid=6628] native-loader jit-info prog_array-target fd=60 id=201 type=17 name=sys_enter_submi tag=b007db728abdf9dd jited_len=17661 xlated_len=30040 nr_jited_ksyms=1 ksym0=0xffffffffc04070e4 ksym1=0x0
[386.002691 pid=6620 tid=6628] BPF_MAP_UPDATE_ELEM prog_array name=sys_enter_submi map_fd=13 map_id=363 key=436 prog_fd=60 prog_id=201 flags=0 ret=0 errno=0
[386.002774 pid=6620 tid=6628] native-loader jit-info prog_array-target fd=60 id=201 type=17 name=sys_enter_submi tag=b007db728abdf9dd jited_len=17661 xlated_len=30040 nr_jited_ksyms=1 ksym0=0xffffffffc04070e4 ksym1=0x0
[386.002866 pid=6620 tid=6628] BPF_MAP_UPDATE_ELEM prog_array name=sys_enter_submi map_fd=13 map_id=363 key=437 prog_fd=60 prog_id=201 flags=0 ret=0 errno=0
[386.002950 pid=6620 tid=6628] native-loader jit-info prog_array-target fd=60 id=201 type=17 name=sys_enter_submi tag=b007db728abdf9dd jited_len=17661 xlated_len=30040 nr_jited_ksyms=1 ksym0=0xffffffffc04070e4 ksym1=0x0
[386.003043 pid=6620 tid=6628] BPF_MAP_UPDATE_ELEM prog_array name=sys_enter_submi map_fd=13 map_id=363 key=438 prog_fd=60 prog_id=201 flags=0 ret=0 errno=0
[386.003127 pid=6620 tid=6628] native-loader jit-info prog_array-target fd=60 id=201 type=17 name=sys_enter_submi tag=b007db728abdf9dd jited_len=17661 xlated_len=30040 nr_jited_ksyms=1 ksym0=0xffffffffc04070e4 ksym1=0x0
[386.003220 pid=6620 tid=6628] BPF_MAP_UPDATE_ELEM prog_array name=sys_enter_submi map_fd=13 map_id=363 key=439 prog_fd=60 prog_id=201 flags=0 ret=0 errno=0
[386.003303 pid=6620 tid=6628] native-loader jit-info prog_array-target fd=60 id=201 type=17 name=sys_enter_submi tag=b007db728abdf9dd jited_len=17661 xlated_len=30040 nr_jited_ksyms=1 ksym0=0xffffffffc04070e4 ksym1=0x0
[386.003398 pid=6620 tid=6628] BPF_MAP_UPDATE_ELEM prog_array name=sys_enter_submi map_fd=13 map_id=363 key=440 prog_fd=60 prog_id=201 flags=0 ret=0 errno=0
[386.003482 pid=6620 tid=6628] native-loader jit-info prog_array-target fd=60 id=201 type=17 name=sys_enter_submi tag=b007db728abdf9dd jited_len=17661 xlated_len=30040 nr_jited_ksyms=1 ksym0=0xffffffffc04070e4 ksym1=0x0
[386.003576 pid=6620 tid=6628] BPF_MAP_UPDATE_ELEM prog_array name=sys_enter_submi map_fd=13 map_id=363 key=441 prog_fd=60 prog_id=201 flags=0 ret=0 errno=0
[386.003658 pid=6620 tid=6628] native-loader jit-info prog_array-target fd=60 id=201 type=17 name=sys_enter_submi tag=b007db728abdf9dd jited_len=17661 xlated_len=30040 nr_jited_ksyms=1 ksym0=0xffffffffc04070e4 ksym1=0x0
[386.003750 pid=6620 tid=6628] BPF_MAP_UPDATE_ELEM prog_array name=sys_enter_submi map_fd=13 map_id=363 key=442 prog_fd=60 prog_id=201 flags=0 ret=0 errno=0
[386.003834 pid=6620 tid=6628] native-loader jit-info prog_array-target fd=60 id=201 type=17 name=sys_enter_submi tag=b007db728abdf9dd jited_len=17661 xlated_len=30040 nr_jited_ksyms=1 ksym0=0xffffffffc04070e4 ksym1=0x0
[386.003927 pid=6620 tid=6628] BPF_MAP_UPDATE_ELEM prog_array name=sys_enter_submi map_fd=13 map_id=363 key=443 prog_fd=60 prog_id=201 flags=0 ret=0 errno=0
[386.004010 pid=6620 tid=6628] native-loader jit-info prog_array-target fd=60 id=201 type=17 name=sys_enter_submi tag=b007db728abdf9dd jited_len=17661 xlated_len=30040 nr_jited_ksyms=1 ksym0=0xffffffffc04070e4 ksym1=0x0
[386.004103 pid=6620 tid=6628] BPF_MAP_UPDATE_ELEM prog_array name=sys_enter_submi map_fd=13 map_id=363 key=444 prog_fd=60 prog_id=201 flags=0 ret=0 errno=0
[386.004186 pid=6620 tid=6628] native-loader jit-info prog_array-target fd=60 id=201 type=17 name=sys_enter_submi tag=b007db728abdf9dd jited_len=17661 xlated_len=30040 nr_jited_ksyms=1 ksym0=0xffffffffc04070e4 ksym1=0x0
[386.004278 pid=6620 tid=6628] BPF_MAP_UPDATE_ELEM prog_array name=sys_enter_submi map_fd=13 map_id=363 key=445 prog_fd=60 prog_id=201 flags=0 ret=0 errno=0
[386.004364 pid=6620 tid=6628] native-loader jit-info prog_array-target fd=60 id=201 type=17 name=sys_enter_submi tag=b007db728abdf9dd jited_len=17661 xlated_len=30040 nr_jited_ksyms=1 ksym0=0xffffffffc04070e4 ksym1=0x0
[386.004457 pid=6620 tid=6628] BPF_MAP_UPDATE_ELEM prog_array name=sys_enter_submi map_fd=13 map_id=363 key=446 prog_fd=60 prog_id=201 flags=0 ret=0 errno=0
[386.004540 pid=6620 tid=6628] native-loader jit-info prog_array-target fd=60 id=201 type=17 name=sys_enter_submi tag=b007db728abdf9dd jited_len=17661 xlated_len=30040 nr_jited_ksyms=1 ksym0=0xffffffffc04070e4 ksym1=0x0
[386.004632 pid=6620 tid=6628] BPF_MAP_UPDATE_ELEM prog_array name=sys_enter_submi map_fd=13 map_id=363 key=447 prog_fd=60 prog_id=201 flags=0 ret=0 errno=0
[386.004715 pid=6620 tid=6628] native-loader jit-info prog_array-target fd=60 id=201 type=17 name=sys_enter_submi tag=b007db728abdf9dd jited_len=17661 xlated_len=30040 nr_jited_ksyms=1 ksym0=0xffffffffc04070e4 ksym1=0x0
[386.004807 pid=6620 tid=6628] BPF_MAP_UPDATE_ELEM prog_array name=sys_enter_submi map_fd=13 map_id=363 key=448 prog_fd=60 prog_id=201 flags=0 ret=0 errno=0
[386.004890 pid=6620 tid=6628] native-loader jit-info prog_array-target fd=60 id=201 type=17 name=sys_enter_submi tag=b007db728abdf9dd jited_len=17661 xlated_len=30040 nr_jited_ksyms=1 ksym0=0xffffffffc04070e4 ksym1=0x0
[386.004983 pid=6620 tid=6628] BPF_MAP_UPDATE_ELEM prog_array name=sys_enter_submi map_fd=13 map_id=363 key=449 prog_fd=60 prog_id=201 flags=0 ret=0 errno=0
[386.005066 pid=6620 tid=6628] native-loader jit-info prog_array-target fd=60 id=201 type=17 name=sys_enter_submi tag=b007db728abdf9dd jited_len=17661 xlated_len=30040 nr_jited_ksyms=1 ksym0=0xffffffffc04070e4 ksym1=0x0
[386.005158 pid=6620 tid=6628] BPF_MAP_UPDATE_ELEM prog_array name=sys_enter_submi map_fd=13 map_id=363 key=450 prog_fd=60 prog_id=201 flags=0 ret=0 errno=0
[386.005241 pid=6620 tid=6628] native-loader jit-info prog_array-target fd=60 id=201 type=17 name=sys_enter_submi tag=b007db728abdf9dd jited_len=17661 xlated_len=30040 nr_jited_ksyms=1 ksym0=0xffffffffc04070e4 ksym1=0x0
[386.005333 pid=6620 tid=6628] BPF_MAP_UPDATE_ELEM prog_array name=sys_enter_submi map_fd=13 map_id=363 key=451 prog_fd=60 prog_id=201 flags=0 ret=0 errno=0
[386.005420 pid=6620 tid=6628] native-loader jit-info prog_array-target fd=60 id=201 type=17 name=sys_enter_submi tag=b007db728abdf9dd jited_len=17661 xlated_len=30040 nr_jited_ksyms=1 ksym0=0xffffffffc04070e4 ksym1=0x0
[386.005512 pid=6620 tid=6628] BPF_MAP_UPDATE_ELEM prog_array name=sys_enter_submi map_fd=13 map_id=363 key=452 prog_fd=60 prog_id=201 flags=0 ret=0 errno=0
[386.005594 pid=6620 tid=6628] native-loader jit-info prog_array-target fd=60 id=201 type=17 name=sys_enter_submi tag=b007db728abdf9dd jited_len=17661 xlated_len=30040 nr_jited_ksyms=1 ksym0=0xffffffffc04070e4 ksym1=0x0
[386.005685 pid=6620 tid=6628] BPF_MAP_UPDATE_ELEM prog_array name=sys_enter_submi map_fd=13 map_id=363 key=453 prog_fd=60 prog_id=201 flags=0 ret=0 errno=0
[386.005769 pid=6620 tid=6628] native-loader jit-info prog_array-target fd=60 id=201 type=17 name=sys_enter_submi tag=b007db728abdf9dd jited_len=17661 xlated_len=30040 nr_jited_ksyms=1 ksym0=0xffffffffc04070e4 ksym1=0x0
[386.005861 pid=6620 tid=6628] BPF_MAP_UPDATE_ELEM prog_array name=sys_enter_submi map_fd=13 map_id=363 key=454 prog_fd=60 prog_id=201 flags=0 ret=0 errno=0
[386.005944 pid=6620 tid=6628] native-loader jit-info prog_array-target fd=60 id=201 type=17 name=sys_enter_submi tag=b007db728abdf9dd jited_len=17661 xlated_len=30040 nr_jited_ksyms=1 ksym0=0xffffffffc04070e4 ksym1=0x0
[386.006037 pid=6620 tid=6628] BPF_MAP_UPDATE_ELEM prog_array name=sys_enter_submi map_fd=13 map_id=363 key=455 prog_fd=60 prog_id=201 flags=0 ret=0 errno=0
[386.006120 pid=6620 tid=6628] native-loader jit-info prog_array-target fd=60 id=201 type=17 name=sys_enter_submi tag=b007db728abdf9dd jited_len=17661 xlated_len=30040 nr_jited_ksyms=1 ksym0=0xffffffffc04070e4 ksym1=0x0
[386.006212 pid=6620 tid=6628] BPF_MAP_UPDATE_ELEM prog_array name=sys_enter_submi map_fd=13 map_id=363 key=456 prog_fd=60 prog_id=201 flags=0 ret=0 errno=0
[386.006295 pid=6620 tid=6628] native-loader jit-info prog_array-target fd=60 id=201 type=17 name=sys_enter_submi tag=b007db728abdf9dd jited_len=17661 xlated_len=30040 nr_jited_ksyms=1 ksym0=0xffffffffc04070e4 ksym1=0x0
[386.006389 pid=6620 tid=6628] BPF_MAP_UPDATE_ELEM prog_array name=sys_enter_submi map_fd=13 map_id=363 key=457 prog_fd=60 prog_id=201 flags=0 ret=0 errno=0
[386.006473 pid=6620 tid=6628] native-loader jit-info prog_array-target fd=60 id=201 type=17 name=sys_enter_submi tag=b007db728abdf9dd jited_len=17661 xlated_len=30040 nr_jited_ksyms=1 ksym0=0xffffffffc04070e4 ksym1=0x0
[386.006565 pid=6620 tid=6628] BPF_MAP_UPDATE_ELEM prog_array name=sys_enter_submi map_fd=13 map_id=363 key=458 prog_fd=60 prog_id=201 flags=0 ret=0 errno=0
[386.006648 pid=6620 tid=6628] native-loader jit-info prog_array-target fd=60 id=201 type=17 name=sys_enter_submi tag=b007db728abdf9dd jited_len=17661 xlated_len=30040 nr_jited_ksyms=1 ksym0=0xffffffffc04070e4 ksym1=0x0
[386.006740 pid=6620 tid=6628] BPF_MAP_UPDATE_ELEM prog_array name=sys_enter_submi map_fd=13 map_id=363 key=459 prog_fd=60 prog_id=201 flags=0 ret=0 errno=0
[386.006823 pid=6620 tid=6628] native-loader jit-info prog_array-target fd=60 id=201 type=17 name=sys_enter_submi tag=b007db728abdf9dd jited_len=17661 xlated_len=30040 nr_jited_ksyms=1 ksym0=0xffffffffc04070e4 ksym1=0x0
[386.006915 pid=6620 tid=6628] BPF_MAP_UPDATE_ELEM prog_array name=sys_enter_submi map_fd=13 map_id=363 key=460 prog_fd=60 prog_id=201 flags=0 ret=0 errno=0
[386.006998 pid=6620 tid=6628] native-loader jit-info prog_array-target fd=60 id=201 type=17 name=sys_enter_submi tag=b007db728abdf9dd jited_len=17661 xlated_len=30040 nr_jited_ksyms=1 ksym0=0xffffffffc04070e4 ksym1=0x0
[386.007090 pid=6620 tid=6628] BPF_MAP_UPDATE_ELEM prog_array name=sys_enter_submi map_fd=13 map_id=363 key=461 prog_fd=60 prog_id=201 flags=0 ret=0 errno=0
[386.007173 pid=6620 tid=6628] native-loader jit-info prog_array-target fd=60 id=201 type=17 name=sys_enter_submi tag=b007db728abdf9dd jited_len=17661 xlated_len=30040 nr_jited_ksyms=1 ksym0=0xffffffffc04070e4 ksym1=0x0
[386.007265 pid=6620 tid=6628] BPF_MAP_UPDATE_ELEM prog_array name=sys_enter_submi map_fd=13 map_id=363 key=462 prog_fd=60 prog_id=201 flags=0 ret=0 errno=0
[386.007348 pid=6620 tid=6628] native-loader jit-info prog_array-target fd=60 id=201 type=17 name=sys_enter_submi tag=b007db728abdf9dd jited_len=17661 xlated_len=30040 nr_jited_ksyms=1 ksym0=0xffffffffc04070e4 ksym1=0x0
[386.007442 pid=6620 tid=6628] BPF_MAP_UPDATE_ELEM prog_array name=sys_enter_submi map_fd=13 map_id=363 key=463 prog_fd=60 prog_id=201 flags=0 ret=0 errno=0
[386.007526 pid=6620 tid=6628] native-loader jit-info prog_array-target fd=60 id=201 type=17 name=sys_enter_submi tag=b007db728abdf9dd jited_len=17661 xlated_len=30040 nr_jited_ksyms=1 ksym0=0xffffffffc04070e4 ksym1=0x0
[386.007617 pid=6620 tid=6628] BPF_MAP_UPDATE_ELEM prog_array name=sys_enter_submi map_fd=13 map_id=363 key=464 prog_fd=60 prog_id=201 flags=0 ret=0 errno=0
[386.007701 pid=6620 tid=6628] native-loader jit-info prog_array-target fd=60 id=201 type=17 name=sys_enter_submi tag=b007db728abdf9dd jited_len=17661 xlated_len=30040 nr_jited_ksyms=1 ksym0=0xffffffffc04070e4 ksym1=0x0
[386.007795 pid=6620 tid=6628] BPF_MAP_UPDATE_ELEM prog_array name=sys_enter_submi map_fd=13 map_id=363 key=465 prog_fd=60 prog_id=201 flags=0 ret=0 errno=0
[386.007878 pid=6620 tid=6628] native-loader jit-info prog_array-target fd=60 id=201 type=17 name=sys_enter_submi tag=b007db728abdf9dd jited_len=17661 xlated_len=30040 nr_jited_ksyms=1 ksym0=0xffffffffc04070e4 ksym1=0x0
[386.007969 pid=6620 tid=6628] BPF_MAP_UPDATE_ELEM prog_array name=sys_enter_submi map_fd=13 map_id=363 key=466 prog_fd=60 prog_id=201 flags=0 ret=0 errno=0
[386.008052 pid=6620 tid=6628] native-loader jit-info prog_array-target fd=60 id=201 type=17 name=sys_enter_submi tag=b007db728abdf9dd jited_len=17661 xlated_len=30040 nr_jited_ksyms=1 ksym0=0xffffffffc04070e4 ksym1=0x0
[386.008145 pid=6620 tid=6628] BPF_MAP_UPDATE_ELEM prog_array name=sys_enter_submi map_fd=13 map_id=363 key=467 prog_fd=60 prog_id=201 flags=0 ret=0 errno=0
[386.008228 pid=6620 tid=6628] native-loader jit-info prog_array-target fd=60 id=201 type=17 name=sys_enter_submi tag=b007db728abdf9dd jited_len=17661 xlated_len=30040 nr_jited_ksyms=1 ksym0=0xffffffffc04070e4 ksym1=0x0
[386.008319 pid=6620 tid=6628] BPF_MAP_UPDATE_ELEM prog_array name=sys_enter_submi map_fd=13 map_id=363 key=468 prog_fd=60 prog_id=201 flags=0 ret=0 errno=0
[386.008404 pid=6620 tid=6628] native-loader jit-info prog_array-target fd=60 id=201 type=17 name=sys_enter_submi tag=b007db728abdf9dd jited_len=17661 xlated_len=30040 nr_jited_ksyms=1 ksym0=0xffffffffc04070e4 ksym1=0x0
[386.008496 pid=6620 tid=6628] BPF_MAP_UPDATE_ELEM prog_array name=sys_enter_submi map_fd=13 map_id=363 key=469 prog_fd=60 prog_id=201 flags=0 ret=0 errno=0
[386.008579 pid=6620 tid=6628] native-loader jit-info prog_array-target fd=60 id=201 type=17 name=sys_enter_submi tag=b007db728abdf9dd jited_len=17661 xlated_len=30040 nr_jited_ksyms=1 ksym0=0xffffffffc04070e4 ksym1=0x0
[386.008671 pid=6620 tid=6628] BPF_MAP_UPDATE_ELEM prog_array name=sys_enter_submi map_fd=13 map_id=363 key=470 prog_fd=60 prog_id=201 flags=0 ret=0 errno=0
[386.008754 pid=6620 tid=6628] native-loader jit-info prog_array-target fd=60 id=201 type=17 name=sys_enter_submi tag=b007db728abdf9dd jited_len=17661 xlated_len=30040 nr_jited_ksyms=1 ksym0=0xffffffffc04070e4 ksym1=0x0
[386.008846 pid=6620 tid=6628] BPF_MAP_UPDATE_ELEM prog_array name=sys_enter_submi map_fd=13 map_id=363 key=471 prog_fd=60 prog_id=201 flags=0 ret=0 errno=0
[386.008929 pid=6620 tid=6628] native-loader jit-info prog_array-target fd=60 id=201 type=17 name=sys_enter_submi tag=b007db728abdf9dd jited_len=17661 xlated_len=30040 nr_jited_ksyms=1 ksym0=0xffffffffc04070e4 ksym1=0x0
[386.009022 pid=6620 tid=6628] BPF_MAP_UPDATE_ELEM prog_array name=sys_enter_submi map_fd=13 map_id=363 key=472 prog_fd=60 prog_id=201 flags=0 ret=0 errno=0
[386.009104 pid=6620 tid=6628] native-loader jit-info prog_array-target fd=60 id=201 type=17 name=sys_enter_submi tag=b007db728abdf9dd jited_len=17661 xlated_len=30040 nr_jited_ksyms=1 ksym0=0xffffffffc04070e4 ksym1=0x0
[386.009197 pid=6620 tid=6628] BPF_MAP_UPDATE_ELEM prog_array name=sys_enter_submi map_fd=13 map_id=363 key=473 prog_fd=60 prog_id=201 flags=0 ret=0 errno=0
[386.009280 pid=6620 tid=6628] native-loader jit-info prog_array-target fd=60 id=201 type=17 name=sys_enter_submi tag=b007db728abdf9dd jited_len=17661 xlated_len=30040 nr_jited_ksyms=1 ksym0=0xffffffffc04070e4 ksym1=0x0
[386.009374 pid=6620 tid=6628] BPF_MAP_UPDATE_ELEM prog_array name=sys_enter_submi map_fd=13 map_id=363 key=474 prog_fd=60 prog_id=201 flags=0 ret=0 errno=0
[386.009459 pid=6620 tid=6628] native-loader jit-info prog_array-target fd=60 id=201 type=17 name=sys_enter_submi tag=b007db728abdf9dd jited_len=17661 xlated_len=30040 nr_jited_ksyms=1 ksym0=0xffffffffc04070e4 ksym1=0x0
[386.009552 pid=6620 tid=6628] BPF_MAP_UPDATE_ELEM prog_array name=sys_enter_submi map_fd=13 map_id=363 key=475 prog_fd=60 prog_id=201 flags=0 ret=0 errno=0
[386.009636 pid=6620 tid=6628] native-loader jit-info prog_array-target fd=60 id=201 type=17 name=sys_enter_submi tag=b007db728abdf9dd jited_len=17661 xlated_len=30040 nr_jited_ksyms=1 ksym0=0xffffffffc04070e4 ksym1=0x0
[386.009728 pid=6620 tid=6628] BPF_MAP_UPDATE_ELEM prog_array name=sys_enter_submi map_fd=13 map_id=363 key=476 prog_fd=60 prog_id=201 flags=0 ret=0 errno=0
[386.009812 pid=6620 tid=6628] native-loader jit-info prog_array-target fd=60 id=201 type=17 name=sys_enter_submi tag=b007db728abdf9dd jited_len=17661 xlated_len=30040 nr_jited_ksyms=1 ksym0=0xffffffffc04070e4 ksym1=0x0
[386.009903 pid=6620 tid=6628] BPF_MAP_UPDATE_ELEM prog_array name=sys_enter_submi map_fd=13 map_id=363 key=477 prog_fd=60 prog_id=201 flags=0 ret=0 errno=0
[386.009986 pid=6620 tid=6628] native-loader jit-info prog_array-target fd=60 id=201 type=17 name=sys_enter_submi tag=b007db728abdf9dd jited_len=17661 xlated_len=30040 nr_jited_ksyms=1 ksym0=0xffffffffc04070e4 ksym1=0x0
[386.010080 pid=6620 tid=6628] BPF_MAP_UPDATE_ELEM prog_array name=sys_enter_submi map_fd=13 map_id=363 key=478 prog_fd=60 prog_id=201 flags=0 ret=0 errno=0
[386.010162 pid=6620 tid=6628] native-loader jit-info prog_array-target fd=60 id=201 type=17 name=sys_enter_submi tag=b007db728abdf9dd jited_len=17661 xlated_len=30040 nr_jited_ksyms=1 ksym0=0xffffffffc04070e4 ksym1=0x0
[386.010254 pid=6620 tid=6628] BPF_MAP_UPDATE_ELEM prog_array name=sys_enter_submi map_fd=13 map_id=363 key=479 prog_fd=60 prog_id=201 flags=0 ret=0 errno=0
[386.010337 pid=6620 tid=6628] native-loader jit-info prog_array-target fd=60 id=201 type=17 name=sys_enter_submi tag=b007db728abdf9dd jited_len=17661 xlated_len=30040 nr_jited_ksyms=1 ksym0=0xffffffffc04070e4 ksym1=0x0
[386.010431 pid=6620 tid=6628] BPF_MAP_UPDATE_ELEM prog_array name=sys_enter_submi map_fd=13 map_id=363 key=480 prog_fd=60 prog_id=201 flags=0 ret=0 errno=0
[386.010514 pid=6620 tid=6628] native-loader jit-info prog_array-target fd=60 id=201 type=17 name=sys_enter_submi tag=b007db728abdf9dd jited_len=17661 xlated_len=30040 nr_jited_ksyms=1 ksym0=0xffffffffc04070e4 ksym1=0x0
[386.010606 pid=6620 tid=6628] BPF_MAP_UPDATE_ELEM prog_array name=sys_enter_submi map_fd=13 map_id=363 key=481 prog_fd=60 prog_id=201 flags=0 ret=0 errno=0
[386.010689 pid=6620 tid=6628] native-loader jit-info prog_array-target fd=60 id=201 type=17 name=sys_enter_submi tag=b007db728abdf9dd jited_len=17661 xlated_len=30040 nr_jited_ksyms=1 ksym0=0xffffffffc04070e4 ksym1=0x0
[386.010781 pid=6620 tid=6628] BPF_MAP_UPDATE_ELEM prog_array name=sys_enter_submi map_fd=13 map_id=363 key=482 prog_fd=60 prog_id=201 flags=0 ret=0 errno=0
[386.010864 pid=6620 tid=6628] native-loader jit-info prog_array-target fd=60 id=201 type=17 name=sys_enter_submi tag=b007db728abdf9dd jited_len=17661 xlated_len=30040 nr_jited_ksyms=1 ksym0=0xffffffffc04070e4 ksym1=0x0
[386.010956 pid=6620 tid=6628] BPF_MAP_UPDATE_ELEM prog_array name=sys_enter_submi map_fd=13 map_id=363 key=483 prog_fd=60 prog_id=201 flags=0 ret=0 errno=0
[386.011040 pid=6620 tid=6628] native-loader jit-info prog_array-target fd=60 id=201 type=17 name=sys_enter_submi tag=b007db728abdf9dd jited_len=17661 xlated_len=30040 nr_jited_ksyms=1 ksym0=0xffffffffc04070e4 ksym1=0x0
[386.011132 pid=6620 tid=6628] BPF_MAP_UPDATE_ELEM prog_array name=sys_enter_submi map_fd=13 map_id=363 key=484 prog_fd=60 prog_id=201 flags=0 ret=0 errno=0
[386.011215 pid=6620 tid=6628] native-loader jit-info prog_array-target fd=60 id=201 type=17 name=sys_enter_submi tag=b007db728abdf9dd jited_len=17661 xlated_len=30040 nr_jited_ksyms=1 ksym0=0xffffffffc04070e4 ksym1=0x0
[386.011307 pid=6620 tid=6628] BPF_MAP_UPDATE_ELEM prog_array name=sys_enter_submi map_fd=13 map_id=363 key=485 prog_fd=60 prog_id=201 flags=0 ret=0 errno=0
[386.011392 pid=6620 tid=6628] native-loader jit-info prog_array-target fd=60 id=201 type=17 name=sys_enter_submi tag=b007db728abdf9dd jited_len=17661 xlated_len=30040 nr_jited_ksyms=1 ksym0=0xffffffffc04070e4 ksym1=0x0
[386.011484 pid=6620 tid=6628] BPF_MAP_UPDATE_ELEM prog_array name=sys_enter_submi map_fd=13 map_id=363 key=486 prog_fd=60 prog_id=201 flags=0 ret=0 errno=0
[386.011567 pid=6620 tid=6628] native-loader jit-info prog_array-target fd=60 id=201 type=17 name=sys_enter_submi tag=b007db728abdf9dd jited_len=17661 xlated_len=30040 nr_jited_ksyms=1 ksym0=0xffffffffc04070e4 ksym1=0x0
[386.011660 pid=6620 tid=6628] BPF_MAP_UPDATE_ELEM prog_array name=sys_enter_submi map_fd=13 map_id=363 key=487 prog_fd=60 prog_id=201 flags=0 ret=0 errno=0
[386.011743 pid=6620 tid=6628] native-loader jit-info prog_array-target fd=60 id=201 type=17 name=sys_enter_submi tag=b007db728abdf9dd jited_len=17661 xlated_len=30040 nr_jited_ksyms=1 ksym0=0xffffffffc04070e4 ksym1=0x0
[386.011835 pid=6620 tid=6628] BPF_MAP_UPDATE_ELEM prog_array name=sys_enter_submi map_fd=13 map_id=363 key=488 prog_fd=60 prog_id=201 flags=0 ret=0 errno=0
[386.011918 pid=6620 tid=6628] native-loader jit-info prog_array-target fd=60 id=201 type=17 name=sys_enter_submi tag=b007db728abdf9dd jited_len=17661 xlated_len=30040 nr_jited_ksyms=1 ksym0=0xffffffffc04070e4 ksym1=0x0
[386.012011 pid=6620 tid=6628] BPF_MAP_UPDATE_ELEM prog_array name=sys_enter_submi map_fd=13 map_id=363 key=489 prog_fd=60 prog_id=201 flags=0 ret=0 errno=0
[386.012066 pid=6620 tid=6628] native-loader jit-info prog_array-target fd=60 id=201 type=17 name=sys_enter_submi tag=b007db728abdf9dd jited_len=17661 xlated_len=30040 nr_jited_ksyms=1 ksym0=0xffffffffc04070e4 ksym1=0x0
[386.012160 pid=6620 tid=6628] BPF_MAP_UPDATE_ELEM prog_array name=sys_enter_submi map_fd=13 map_id=363 key=490 prog_fd=60 prog_id=201 flags=0 ret=0 errno=0
[386.012242 pid=6620 tid=6628] native-loader jit-info prog_array-target fd=60 id=201 type=17 name=sys_enter_submi tag=b007db728abdf9dd jited_len=17661 xlated_len=30040 nr_jited_ksyms=1 ksym0=0xffffffffc04070e4 ksym1=0x0
[386.012333 pid=6620 tid=6628] BPF_MAP_UPDATE_ELEM prog_array name=sys_enter_submi map_fd=13 map_id=363 key=491 prog_fd=60 prog_id=201 flags=0 ret=0 errno=0
[386.012419 pid=6620 tid=6628] native-loader jit-info prog_array-target fd=60 id=201 type=17 name=sys_enter_submi tag=b007db728abdf9dd jited_len=17661 xlated_len=30040 nr_jited_ksyms=1 ksym0=0xffffffffc04070e4 ksym1=0x0
[386.012512 pid=6620 tid=6628] BPF_MAP_UPDATE_ELEM prog_array name=sys_enter_submi map_fd=13 map_id=363 key=492 prog_fd=60 prog_id=201 flags=0 ret=0 errno=0
[386.012595 pid=6620 tid=6628] native-loader jit-info prog_array-target fd=60 id=201 type=17 name=sys_enter_submi tag=b007db728abdf9dd jited_len=17661 xlated_len=30040 nr_jited_ksyms=1 ksym0=0xffffffffc04070e4 ksym1=0x0
[386.012686 pid=6620 tid=6628] BPF_MAP_UPDATE_ELEM prog_array name=sys_enter_submi map_fd=13 map_id=363 key=493 prog_fd=60 prog_id=201 flags=0 ret=0 errno=0
[386.012769 pid=6620 tid=6628] native-loader jit-info prog_array-target fd=60 id=201 type=17 name=sys_enter_submi tag=b007db728abdf9dd jited_len=17661 xlated_len=30040 nr_jited_ksyms=1 ksym0=0xffffffffc04070e4 ksym1=0x0
[386.012861 pid=6620 tid=6628] BPF_MAP_UPDATE_ELEM prog_array name=sys_enter_submi map_fd=13 map_id=363 key=494 prog_fd=60 prog_id=201 flags=0 ret=0 errno=0
[386.012944 pid=6620 tid=6628] native-loader jit-info prog_array-target fd=60 id=201 type=17 name=sys_enter_submi tag=b007db728abdf9dd jited_len=17661 xlated_len=30040 nr_jited_ksyms=1 ksym0=0xffffffffc04070e4 ksym1=0x0
[386.013036 pid=6620 tid=6628] BPF_MAP_UPDATE_ELEM prog_array name=sys_enter_submi map_fd=13 map_id=363 key=495 prog_fd=60 prog_id=201 flags=0 ret=0 errno=0
[386.013119 pid=6620 tid=6628] native-loader jit-info prog_array-target fd=60 id=201 type=17 name=sys_enter_submi tag=b007db728abdf9dd jited_len=17661 xlated_len=30040 nr_jited_ksyms=1 ksym0=0xffffffffc04070e4 ksym1=0x0
[386.013213 pid=6620 tid=6628] BPF_MAP_UPDATE_ELEM prog_array name=sys_enter_submi map_fd=13 map_id=363 key=496 prog_fd=60 prog_id=201 flags=0 ret=0 errno=0
[386.013295 pid=6620 tid=6628] native-loader jit-info prog_array-target fd=60 id=201 type=17 name=sys_enter_submi tag=b007db728abdf9dd jited_len=17661 xlated_len=30040 nr_jited_ksyms=1 ksym0=0xffffffffc04070e4 ksym1=0x0
[386.013388 pid=6620 tid=6628] BPF_MAP_UPDATE_ELEM prog_array name=sys_enter_submi map_fd=13 map_id=363 key=497 prog_fd=60 prog_id=201 flags=0 ret=0 errno=0
[386.013472 pid=6620 tid=6628] native-loader jit-info prog_array-target fd=60 id=201 type=17 name=sys_enter_submi tag=b007db728abdf9dd jited_len=17661 xlated_len=30040 nr_jited_ksyms=1 ksym0=0xffffffffc04070e4 ksym1=0x0
[386.013565 pid=6620 tid=6628] BPF_MAP_UPDATE_ELEM prog_array name=sys_enter_submi map_fd=13 map_id=363 key=498 prog_fd=60 prog_id=201 flags=0 ret=0 errno=0
[386.013648 pid=6620 tid=6628] native-loader jit-info prog_array-target fd=60 id=201 type=17 name=sys_enter_submi tag=b007db728abdf9dd jited_len=17661 xlated_len=30040 nr_jited_ksyms=1 ksym0=0xffffffffc04070e4 ksym1=0x0
[386.013740 pid=6620 tid=6628] BPF_MAP_UPDATE_ELEM prog_array name=sys_enter_submi map_fd=13 map_id=363 key=499 prog_fd=60 prog_id=201 flags=0 ret=0 errno=0
[386.013825 pid=6620 tid=6628] native-loader jit-info prog_array-target fd=60 id=201 type=17 name=sys_enter_submi tag=b007db728abdf9dd jited_len=17661 xlated_len=30040 nr_jited_ksyms=1 ksym0=0xffffffffc04070e4 ksym1=0x0
[386.013917 pid=6620 tid=6628] BPF_MAP_UPDATE_ELEM prog_array name=sys_enter_submi map_fd=13 map_id=363 key=500 prog_fd=60 prog_id=201 flags=0 ret=0 errno=0
[386.014000 pid=6620 tid=6628] native-loader jit-info prog_array-target fd=60 id=201 type=17 name=sys_enter_submi tag=b007db728abdf9dd jited_len=17661 xlated_len=30040 nr_jited_ksyms=1 ksym0=0xffffffffc04070e4 ksym1=0x0
[386.014092 pid=6620 tid=6628] BPF_MAP_UPDATE_ELEM prog_array name=sys_enter_submi map_fd=13 map_id=363 key=501 prog_fd=60 prog_id=201 flags=0 ret=0 errno=0
[386.014175 pid=6620 tid=6628] native-loader jit-info prog_array-target fd=60 id=201 type=17 name=sys_enter_submi tag=b007db728abdf9dd jited_len=17661 xlated_len=30040 nr_jited_ksyms=1 ksym0=0xffffffffc04070e4 ksym1=0x0
[386.014268 pid=6620 tid=6628] BPF_MAP_UPDATE_ELEM prog_array name=sys_enter_submi map_fd=13 map_id=363 key=502 prog_fd=60 prog_id=201 flags=0 ret=0 errno=0
[386.014351 pid=6620 tid=6628] native-loader jit-info prog_array-target fd=60 id=201 type=17 name=sys_enter_submi tag=b007db728abdf9dd jited_len=17661 xlated_len=30040 nr_jited_ksyms=1 ksym0=0xffffffffc04070e4 ksym1=0x0
[386.014445 pid=6620 tid=6628] BPF_MAP_UPDATE_ELEM prog_array name=sys_enter_submi map_fd=13 map_id=363 key=503 prog_fd=60 prog_id=201 flags=0 ret=0 errno=0
[386.014528 pid=6620 tid=6628] native-loader jit-info prog_array-target fd=60 id=201 type=17 name=sys_enter_submi tag=b007db728abdf9dd jited_len=17661 xlated_len=30040 nr_jited_ksyms=1 ksym0=0xffffffffc04070e4 ksym1=0x0
[386.014621 pid=6620 tid=6628] BPF_MAP_UPDATE_ELEM prog_array name=sys_enter_submi map_fd=13 map_id=363 key=504 prog_fd=60 prog_id=201 flags=0 ret=0 errno=0
[386.014703 pid=6620 tid=6628] native-loader jit-info prog_array-target fd=60 id=201 type=17 name=sys_enter_submi tag=b007db728abdf9dd jited_len=17661 xlated_len=30040 nr_jited_ksyms=1 ksym0=0xffffffffc04070e4 ksym1=0x0
[386.014796 pid=6620 tid=6628] BPF_MAP_UPDATE_ELEM prog_array name=sys_enter_submi map_fd=13 map_id=363 key=505 prog_fd=60 prog_id=201 flags=0 ret=0 errno=0
[386.014879 pid=6620 tid=6628] native-loader jit-info prog_array-target fd=60 id=201 type=17 name=sys_enter_submi tag=b007db728abdf9dd jited_len=17661 xlated_len=30040 nr_jited_ksyms=1 ksym0=0xffffffffc04070e4 ksym1=0x0
[386.014971 pid=6620 tid=6628] BPF_MAP_UPDATE_ELEM prog_array name=sys_enter_submi map_fd=13 map_id=363 key=506 prog_fd=60 prog_id=201 flags=0 ret=0 errno=0
[386.015054 pid=6620 tid=6628] native-loader jit-info prog_array-target fd=60 id=201 type=17 name=sys_enter_submi tag=b007db728abdf9dd jited_len=17661 xlated_len=30040 nr_jited_ksyms=1 ksym0=0xffffffffc04070e4 ksym1=0x0
[386.015146 pid=6620 tid=6628] BPF_MAP_UPDATE_ELEM prog_array name=sys_enter_submi map_fd=13 map_id=363 key=507 prog_fd=60 prog_id=201 flags=0 ret=0 errno=0
[386.015230 pid=6620 tid=6628] native-loader jit-info prog_array-target fd=60 id=201 type=17 name=sys_enter_submi tag=b007db728abdf9dd jited_len=17661 xlated_len=30040 nr_jited_ksyms=1 ksym0=0xffffffffc04070e4 ksym1=0x0
[386.015322 pid=6620 tid=6628] BPF_MAP_UPDATE_ELEM prog_array name=sys_enter_submi map_fd=13 map_id=363 key=508 prog_fd=60 prog_id=201 flags=0 ret=0 errno=0
[386.015407 pid=6620 tid=6628] native-loader jit-info prog_array-target fd=60 id=201 type=17 name=sys_enter_submi tag=b007db728abdf9dd jited_len=17661 xlated_len=30040 nr_jited_ksyms=1 ksym0=0xffffffffc04070e4 ksym1=0x0
[386.015500 pid=6620 tid=6628] BPF_MAP_UPDATE_ELEM prog_array name=sys_enter_submi map_fd=13 map_id=363 key=509 prog_fd=60 prog_id=201 flags=0 ret=0 errno=0
[386.015583 pid=6620 tid=6628] native-loader jit-info prog_array-target fd=60 id=201 type=17 name=sys_enter_submi tag=b007db728abdf9dd jited_len=17661 xlated_len=30040 nr_jited_ksyms=1 ksym0=0xffffffffc04070e4 ksym1=0x0
[386.015676 pid=6620 tid=6628] BPF_MAP_UPDATE_ELEM prog_array name=sys_enter_submi map_fd=13 map_id=363 key=510 prog_fd=60 prog_id=201 flags=0 ret=0 errno=0
[386.015760 pid=6620 tid=6628] native-loader jit-info prog_array-target fd=60 id=201 type=17 name=sys_enter_submi tag=b007db728abdf9dd jited_len=17661 xlated_len=30040 nr_jited_ksyms=1 ksym0=0xffffffffc04070e4 ksym1=0x0
[386.015852 pid=6620 tid=6628] BPF_MAP_UPDATE_ELEM prog_array name=sys_enter_submi map_fd=13 map_id=363 key=511 prog_fd=60 prog_id=201 flags=0 ret=0 errno=0
[386.015935 pid=6620 tid=6628] native-loader jit-info prog_array-target fd=60 id=201 type=17 name=sys_enter_submi tag=b007db728abdf9dd jited_len=17661 xlated_len=30040 nr_jited_ksyms=1 ksym0=0xffffffffc04070e4 ksym1=0x0
[386.016027 pid=6620 tid=6628] BPF_MAP_UPDATE_ELEM prog_array name=sys_enter_submi map_fd=13 map_id=363 key=512 prog_fd=60 prog_id=201 flags=0 ret=0 errno=0
[386.016110 pid=6620 tid=6628] native-loader jit-info prog_array-target fd=60 id=201 type=17 name=sys_enter_submi tag=b007db728abdf9dd jited_len=17661 xlated_len=30040 nr_jited_ksyms=1 ksym0=0xffffffffc04070e4 ksym1=0x0
[386.016202 pid=6620 tid=6628] BPF_MAP_UPDATE_ELEM prog_array name=sys_enter_submi map_fd=13 map_id=363 key=513 prog_fd=60 prog_id=201 flags=0 ret=0 errno=0
[386.016285 pid=6620 tid=6628] native-loader jit-info prog_array-target fd=60 id=201 type=17 name=sys_enter_submi tag=b007db728abdf9dd jited_len=17661 xlated_len=30040 nr_jited_ksyms=1 ksym0=0xffffffffc04070e4 ksym1=0x0
[386.016378 pid=6620 tid=6628] BPF_MAP_UPDATE_ELEM prog_array name=sys_enter_submi map_fd=13 map_id=363 key=514 prog_fd=60 prog_id=201 flags=0 ret=0 errno=0
[386.016461 pid=6620 tid=6628] native-loader jit-info prog_array-target fd=60 id=201 type=17 name=sys_enter_submi tag=b007db728abdf9dd jited_len=17661 xlated_len=30040 nr_jited_ksyms=1 ksym0=0xffffffffc04070e4 ksym1=0x0
[386.016554 pid=6620 tid=6628] BPF_MAP_UPDATE_ELEM prog_array name=sys_enter_submi map_fd=13 map_id=363 key=515 prog_fd=60 prog_id=201 flags=0 ret=0 errno=0
[386.016637 pid=6620 tid=6628] native-loader jit-info prog_array-target fd=60 id=201 type=17 name=sys_enter_submi tag=b007db728abdf9dd jited_len=17661 xlated_len=30040 nr_jited_ksyms=1 ksym0=0xffffffffc04070e4 ksym1=0x0
[386.016729 pid=6620 tid=6628] BPF_MAP_UPDATE_ELEM prog_array name=sys_enter_submi map_fd=13 map_id=363 key=516 prog_fd=60 prog_id=201 flags=0 ret=0 errno=0
[386.016812 pid=6620 tid=6628] native-loader jit-info prog_array-target fd=60 id=201 type=17 name=sys_enter_submi tag=b007db728abdf9dd jited_len=17661 xlated_len=30040 nr_jited_ksyms=1 ksym0=0xffffffffc04070e4 ksym1=0x0
[386.016904 pid=6620 tid=6628] BPF_MAP_UPDATE_ELEM prog_array name=sys_enter_submi map_fd=13 map_id=363 key=517 prog_fd=60 prog_id=201 flags=0 ret=0 errno=0
[386.016987 pid=6620 tid=6628] native-loader jit-info prog_array-target fd=60 id=201 type=17 name=sys_enter_submi tag=b007db728abdf9dd jited_len=17661 xlated_len=30040 nr_jited_ksyms=1 ksym0=0xffffffffc04070e4 ksym1=0x0
[386.017080 pid=6620 tid=6628] BPF_MAP_UPDATE_ELEM prog_array name=sys_enter_submi map_fd=13 map_id=363 key=518 prog_fd=60 prog_id=201 flags=0 ret=0 errno=0
[386.017163 pid=6620 tid=6628] native-loader jit-info prog_array-target fd=60 id=201 type=17 name=sys_enter_submi tag=b007db728abdf9dd jited_len=17661 xlated_len=30040 nr_jited_ksyms=1 ksym0=0xffffffffc04070e4 ksym1=0x0
[386.017256 pid=6620 tid=6628] BPF_MAP_UPDATE_ELEM prog_array name=sys_enter_submi map_fd=13 map_id=363 key=519 prog_fd=60 prog_id=201 flags=0 ret=0 errno=0
[386.017338 pid=6620 tid=6628] native-loader jit-info prog_array-target fd=60 id=201 type=17 name=sys_enter_submi tag=b007db728abdf9dd jited_len=17661 xlated_len=30040 nr_jited_ksyms=1 ksym0=0xffffffffc04070e4 ksym1=0x0
[386.017433 pid=6620 tid=6628] BPF_MAP_UPDATE_ELEM prog_array name=sys_enter_submi map_fd=13 map_id=363 key=520 prog_fd=60 prog_id=201 flags=0 ret=0 errno=0
[386.017516 pid=6620 tid=6628] native-loader jit-info prog_array-target fd=60 id=201 type=17 name=sys_enter_submi tag=b007db728abdf9dd jited_len=17661 xlated_len=30040 nr_jited_ksyms=1 ksym0=0xffffffffc04070e4 ksym1=0x0
[386.017608 pid=6620 tid=6628] BPF_MAP_UPDATE_ELEM prog_array name=sys_enter_submi map_fd=13 map_id=363 key=521 prog_fd=60 prog_id=201 flags=0 ret=0 errno=0
[386.017692 pid=6620 tid=6628] native-loader jit-info prog_array-target fd=60 id=201 type=17 name=sys_enter_submi tag=b007db728abdf9dd jited_len=17661 xlated_len=30040 nr_jited_ksyms=1 ksym0=0xffffffffc04070e4 ksym1=0x0
[386.017784 pid=6620 tid=6628] BPF_MAP_UPDATE_ELEM prog_array name=sys_enter_submi map_fd=13 map_id=363 key=522 prog_fd=60 prog_id=201 flags=0 ret=0 errno=0
[386.017867 pid=6620 tid=6628] native-loader jit-info prog_array-target fd=60 id=201 type=17 name=sys_enter_submi tag=b007db728abdf9dd jited_len=17661 xlated_len=30040 nr_jited_ksyms=1 ksym0=0xffffffffc04070e4 ksym1=0x0
[386.017959 pid=6620 tid=6628] BPF_MAP_UPDATE_ELEM prog_array name=sys_enter_submi map_fd=13 map_id=363 key=523 prog_fd=60 prog_id=201 flags=0 ret=0 errno=0
[386.018043 pid=6620 tid=6628] native-loader jit-info prog_array-target fd=60 id=201 type=17 name=sys_enter_submi tag=b007db728abdf9dd jited_len=17661 xlated_len=30040 nr_jited_ksyms=1 ksym0=0xffffffffc04070e4 ksym1=0x0
[386.018135 pid=6620 tid=6628] BPF_MAP_UPDATE_ELEM prog_array name=sys_enter_submi map_fd=13 map_id=363 key=524 prog_fd=60 prog_id=201 flags=0 ret=0 errno=0
[386.018219 pid=6620 tid=6628] native-loader jit-info prog_array-target fd=60 id=201 type=17 name=sys_enter_submi tag=b007db728abdf9dd jited_len=17661 xlated_len=30040 nr_jited_ksyms=1 ksym0=0xffffffffc04070e4 ksym1=0x0
[386.018311 pid=6620 tid=6628] BPF_MAP_UPDATE_ELEM prog_array name=sys_enter_submi map_fd=13 map_id=363 key=525 prog_fd=60 prog_id=201 flags=0 ret=0 errno=0
[386.018396 pid=6620 tid=6628] native-loader jit-info prog_array-target fd=60 id=201 type=17 name=sys_enter_submi tag=b007db728abdf9dd jited_len=17661 xlated_len=30040 nr_jited_ksyms=1 ksym0=0xffffffffc04070e4 ksym1=0x0
[386.018488 pid=6620 tid=6628] BPF_MAP_UPDATE_ELEM prog_array name=sys_enter_submi map_fd=13 map_id=363 key=526 prog_fd=60 prog_id=201 flags=0 ret=0 errno=0
[386.018571 pid=6620 tid=6628] native-loader jit-info prog_array-target fd=60 id=201 type=17 name=sys_enter_submi tag=b007db728abdf9dd jited_len=17661 xlated_len=30040 nr_jited_ksyms=1 ksym0=0xffffffffc04070e4 ksym1=0x0
[386.018663 pid=6620 tid=6628] BPF_MAP_UPDATE_ELEM prog_array name=sys_enter_submi map_fd=13 map_id=363 key=527 prog_fd=60 prog_id=201 flags=0 ret=0 errno=0
[386.018747 pid=6620 tid=6628] native-loader jit-info prog_array-target fd=60 id=201 type=17 name=sys_enter_submi tag=b007db728abdf9dd jited_len=17661 xlated_len=30040 nr_jited_ksyms=1 ksym0=0xffffffffc04070e4 ksym1=0x0
[386.018839 pid=6620 tid=6628] BPF_MAP_UPDATE_ELEM prog_array name=sys_enter_submi map_fd=13 map_id=363 key=528 prog_fd=60 prog_id=201 flags=0 ret=0 errno=0
[386.018922 pid=6620 tid=6628] native-loader jit-info prog_array-target fd=60 id=201 type=17 name=sys_enter_submi tag=b007db728abdf9dd jited_len=17661 xlated_len=30040 nr_jited_ksyms=1 ksym0=0xffffffffc04070e4 ksym1=0x0
[386.019014 pid=6620 tid=6628] BPF_MAP_UPDATE_ELEM prog_array name=sys_enter_submi map_fd=13 map_id=363 key=529 prog_fd=60 prog_id=201 flags=0 ret=0 errno=0
[386.019098 pid=6620 tid=6628] native-loader jit-info prog_array-target fd=60 id=201 type=17 name=sys_enter_submi tag=b007db728abdf9dd jited_len=17661 xlated_len=30040 nr_jited_ksyms=1 ksym0=0xffffffffc04070e4 ksym1=0x0
[386.019190 pid=6620 tid=6628] BPF_MAP_UPDATE_ELEM prog_array name=sys_enter_submi map_fd=13 map_id=363 key=530 prog_fd=60 prog_id=201 flags=0 ret=0 errno=0
[386.019273 pid=6620 tid=6628] native-loader jit-info prog_array-target fd=60 id=201 type=17 name=sys_enter_submi tag=b007db728abdf9dd jited_len=17661 xlated_len=30040 nr_jited_ksyms=1 ksym0=0xffffffffc04070e4 ksym1=0x0
[386.019368 pid=6620 tid=6628] BPF_MAP_UPDATE_ELEM prog_array name=sys_enter_submi map_fd=13 map_id=363 key=531 prog_fd=60 prog_id=201 flags=0 ret=0 errno=0
[386.019452 pid=6620 tid=6628] native-loader jit-info prog_array-target fd=60 id=201 type=17 name=sys_enter_submi tag=b007db728abdf9dd jited_len=17661 xlated_len=30040 nr_jited_ksyms=1 ksym0=0xffffffffc04070e4 ksym1=0x0
[386.019544 pid=6620 tid=6628] BPF_MAP_UPDATE_ELEM prog_array name=sys_enter_submi map_fd=13 map_id=363 key=532 prog_fd=60 prog_id=201 flags=0 ret=0 errno=0
[386.019627 pid=6620 tid=6628] native-loader jit-info prog_array-target fd=60 id=201 type=17 name=sys_enter_submi tag=b007db728abdf9dd jited_len=17661 xlated_len=30040 nr_jited_ksyms=1 ksym0=0xffffffffc04070e4 ksym1=0x0
[386.019719 pid=6620 tid=6628] BPF_MAP_UPDATE_ELEM prog_array name=sys_enter_submi map_fd=13 map_id=363 key=533 prog_fd=60 prog_id=201 flags=0 ret=0 errno=0
[386.019803 pid=6620 tid=6628] native-loader jit-info prog_array-target fd=60 id=201 type=17 name=sys_enter_submi tag=b007db728abdf9dd jited_len=17661 xlated_len=30040 nr_jited_ksyms=1 ksym0=0xffffffffc04070e4 ksym1=0x0
[386.019894 pid=6620 tid=6628] BPF_MAP_UPDATE_ELEM prog_array name=sys_enter_submi map_fd=13 map_id=363 key=534 prog_fd=60 prog_id=201 flags=0 ret=0 errno=0
[386.019977 pid=6620 tid=6628] native-loader jit-info prog_array-target fd=60 id=201 type=17 name=sys_enter_submi tag=b007db728abdf9dd jited_len=17661 xlated_len=30040 nr_jited_ksyms=1 ksym0=0xffffffffc04070e4 ksym1=0x0
[386.020096 pid=6620 tid=6628] BPF_MAP_UPDATE_ELEM prog_array name=sys_exit_submit map_fd=17 map_id=367 key=0 prog_fd=66 prog_id=210 flags=0 ret=0 errno=0
[386.020186 pid=6620 tid=6628] native-loader jit-info prog_array-target fd=66 id=210 type=17 name=sys_exit_submit tag=07fb247c2a62a43e jited_len=12117 xlated_len=20536 nr_jited_ksyms=1 ksym0=0xffffffffc040b60c ksym1=0x0
[386.020277 pid=6620 tid=6628] BPF_MAP_UPDATE_ELEM prog_array name=sys_exit_submit map_fd=17 map_id=367 key=1 prog_fd=66 prog_id=210 flags=0 ret=0 errno=0
[386.020364 pid=6620 tid=6628] native-loader jit-info prog_array-target fd=66 id=210 type=17 name=sys_exit_submit tag=07fb247c2a62a43e jited_len=12117 xlated_len=20536 nr_jited_ksyms=1 ksym0=0xffffffffc040b60c ksym1=0x0
[386.020455 pid=6620 tid=6628] BPF_MAP_UPDATE_ELEM prog_array name=sys_exit_submit map_fd=17 map_id=367 key=2 prog_fd=66 prog_id=210 flags=0 ret=0 errno=0
[386.020538 pid=6620 tid=6628] native-loader jit-info prog_array-target fd=66 id=210 type=17 name=sys_exit_submit tag=07fb247c2a62a43e jited_len=12117 xlated_len=20536 nr_jited_ksyms=1 ksym0=0xffffffffc040b60c ksym1=0x0
[386.020631 pid=6620 tid=6628] BPF_MAP_UPDATE_ELEM prog_array name=sys_exit_submit map_fd=17 map_id=367 key=3 prog_fd=66 prog_id=210 flags=0 ret=0 errno=0
[386.020714 pid=6620 tid=6628] native-loader jit-info prog_array-target fd=66 id=210 type=17 name=sys_exit_submit tag=07fb247c2a62a43e jited_len=12117 xlated_len=20536 nr_jited_ksyms=1 ksym0=0xffffffffc040b60c ksym1=0x0
[386.020807 pid=6620 tid=6628] BPF_MAP_UPDATE_ELEM prog_array name=sys_exit_submit map_fd=17 map_id=367 key=4 prog_fd=66 prog_id=210 flags=0 ret=0 errno=0
[386.020891 pid=6620 tid=6628] native-loader jit-info prog_array-target fd=66 id=210 type=17 name=sys_exit_submit tag=07fb247c2a62a43e jited_len=12117 xlated_len=20536 nr_jited_ksyms=1 ksym0=0xffffffffc040b60c ksym1=0x0
[386.020983 pid=6620 tid=6628] BPF_MAP_UPDATE_ELEM prog_array name=sys_exit_submit map_fd=17 map_id=367 key=5 prog_fd=66 prog_id=210 flags=0 ret=0 errno=0
[386.021066 pid=6620 tid=6628] native-loader jit-info prog_array-target fd=66 id=210 type=17 name=sys_exit_submit tag=07fb247c2a62a43e jited_len=12117 xlated_len=20536 nr_jited_ksyms=1 ksym0=0xffffffffc040b60c ksym1=0x0
[386.021158 pid=6620 tid=6628] BPF_MAP_UPDATE_ELEM prog_array name=sys_exit_submit map_fd=17 map_id=367 key=6 prog_fd=66 prog_id=210 flags=0 ret=0 errno=0
[386.021240 pid=6620 tid=6628] native-loader jit-info prog_array-target fd=66 id=210 type=17 name=sys_exit_submit tag=07fb247c2a62a43e jited_len=12117 xlated_len=20536 nr_jited_ksyms=1 ksym0=0xffffffffc040b60c ksym1=0x0
[386.021332 pid=6620 tid=6628] BPF_MAP_UPDATE_ELEM prog_array name=sys_exit_submit map_fd=17 map_id=367 key=7 prog_fd=66 prog_id=210 flags=0 ret=0 errno=0
[386.021417 pid=6620 tid=6628] native-loader jit-info prog_array-target fd=66 id=210 type=17 name=sys_exit_submit tag=07fb247c2a62a43e jited_len=12117 xlated_len=20536 nr_jited_ksyms=1 ksym0=0xffffffffc040b60c ksym1=0x0
[386.021510 pid=6620 tid=6628] BPF_MAP_UPDATE_ELEM prog_array name=sys_exit_submit map_fd=17 map_id=367 key=8 prog_fd=66 prog_id=210 flags=0 ret=0 errno=0
[386.021593 pid=6620 tid=6628] native-loader jit-info prog_array-target fd=66 id=210 type=17 name=sys_exit_submit tag=07fb247c2a62a43e jited_len=12117 xlated_len=20536 nr_jited_ksyms=1 ksym0=0xffffffffc040b60c ksym1=0x0
[386.021685 pid=6620 tid=6628] BPF_MAP_UPDATE_ELEM prog_array name=sys_exit_submit map_fd=17 map_id=367 key=9 prog_fd=66 prog_id=210 flags=0 ret=0 errno=0
[386.021769 pid=6620 tid=6628] native-loader jit-info prog_array-target fd=66 id=210 type=17 name=sys_exit_submit tag=07fb247c2a62a43e jited_len=12117 xlated_len=20536 nr_jited_ksyms=1 ksym0=0xffffffffc040b60c ksym1=0x0
[386.021861 pid=6620 tid=6628] BPF_MAP_UPDATE_ELEM prog_array name=sys_exit_submit map_fd=17 map_id=367 key=10 prog_fd=66 prog_id=210 flags=0 ret=0 errno=0
[386.021944 pid=6620 tid=6628] native-loader jit-info prog_array-target fd=66 id=210 type=17 name=sys_exit_submit tag=07fb247c2a62a43e jited_len=12117 xlated_len=20536 nr_jited_ksyms=1 ksym0=0xffffffffc040b60c ksym1=0x0
[386.022037 pid=6620 tid=6628] BPF_MAP_UPDATE_ELEM prog_array name=sys_exit_submit map_fd=17 map_id=367 key=11 prog_fd=66 prog_id=210 flags=0 ret=0 errno=0
[386.022119 pid=6620 tid=6628] native-loader jit-info prog_array-target fd=66 id=210 type=17 name=sys_exit_submit tag=07fb247c2a62a43e jited_len=12117 xlated_len=20536 nr_jited_ksyms=1 ksym0=0xffffffffc040b60c ksym1=0x0
[386.022212 pid=6620 tid=6628] BPF_MAP_UPDATE_ELEM prog_array name=sys_exit_submit map_fd=17 map_id=367 key=12 prog_fd=66 prog_id=210 flags=0 ret=0 errno=0
[386.022295 pid=6620 tid=6628] native-loader jit-info prog_array-target fd=66 id=210 type=17 name=sys_exit_submit tag=07fb247c2a62a43e jited_len=12117 xlated_len=20536 nr_jited_ksyms=1 ksym0=0xffffffffc040b60c ksym1=0x0
[386.022389 pid=6620 tid=6628] BPF_MAP_UPDATE_ELEM prog_array name=sys_exit_submit map_fd=17 map_id=367 key=13 prog_fd=66 prog_id=210 flags=0 ret=0 errno=0
[386.022472 pid=6620 tid=6628] native-loader jit-info prog_array-target fd=66 id=210 type=17 name=sys_exit_submit tag=07fb247c2a62a43e jited_len=12117 xlated_len=20536 nr_jited_ksyms=1 ksym0=0xffffffffc040b60c ksym1=0x0
[386.022565 pid=6620 tid=6628] BPF_MAP_UPDATE_ELEM prog_array name=sys_exit_submit map_fd=17 map_id=367 key=14 prog_fd=66 prog_id=210 flags=0 ret=0 errno=0
[386.022648 pid=6620 tid=6628] native-loader jit-info prog_array-target fd=66 id=210 type=17 name=sys_exit_submit tag=07fb247c2a62a43e jited_len=12117 xlated_len=20536 nr_jited_ksyms=1 ksym0=0xffffffffc040b60c ksym1=0x0
[386.022740 pid=6620 tid=6628] BPF_MAP_UPDATE_ELEM prog_array name=sys_exit_submit map_fd=17 map_id=367 key=15 prog_fd=66 prog_id=210 flags=0 ret=0 errno=0
[386.022823 pid=6620 tid=6628] native-loader jit-info prog_array-target fd=66 id=210 type=17 name=sys_exit_submit tag=07fb247c2a62a43e jited_len=12117 xlated_len=20536 nr_jited_ksyms=1 ksym0=0xffffffffc040b60c ksym1=0x0
[386.022915 pid=6620 tid=6628] BPF_MAP_UPDATE_ELEM prog_array name=sys_exit_submit map_fd=17 map_id=367 key=16 prog_fd=66 prog_id=210 flags=0 ret=0 errno=0
[386.022998 pid=6620 tid=6628] native-loader jit-info prog_array-target fd=66 id=210 type=17 name=sys_exit_submit tag=07fb247c2a62a43e jited_len=12117 xlated_len=20536 nr_jited_ksyms=1 ksym0=0xffffffffc040b60c ksym1=0x0
[386.023091 pid=6620 tid=6628] BPF_MAP_UPDATE_ELEM prog_array name=sys_exit_submit map_fd=17 map_id=367 key=17 prog_fd=66 prog_id=210 flags=0 ret=0 errno=0
[386.023174 pid=6620 tid=6628] native-loader jit-info prog_array-target fd=66 id=210 type=17 name=sys_exit_submit tag=07fb247c2a62a43e jited_len=12117 xlated_len=20536 nr_jited_ksyms=1 ksym0=0xffffffffc040b60c ksym1=0x0
[386.023267 pid=6620 tid=6628] BPF_MAP_UPDATE_ELEM prog_array name=sys_exit_submit map_fd=17 map_id=367 key=18 prog_fd=66 prog_id=210 flags=0 ret=0 errno=0
[386.023351 pid=6620 tid=6628] native-loader jit-info prog_array-target fd=66 id=210 type=17 name=sys_exit_submit tag=07fb247c2a62a43e jited_len=12117 xlated_len=20536 nr_jited_ksyms=1 ksym0=0xffffffffc040b60c ksym1=0x0
[386.023445 pid=6620 tid=6628] BPF_MAP_UPDATE_ELEM prog_array name=sys_exit_submit map_fd=17 map_id=367 key=19 prog_fd=66 prog_id=210 flags=0 ret=0 errno=0
[386.023529 pid=6620 tid=6628] native-loader jit-info prog_array-target fd=66 id=210 type=17 name=sys_exit_submit tag=07fb247c2a62a43e jited_len=12117 xlated_len=20536 nr_jited_ksyms=1 ksym0=0xffffffffc040b60c ksym1=0x0
[386.023621 pid=6620 tid=6628] BPF_MAP_UPDATE_ELEM prog_array name=sys_exit_submit map_fd=17 map_id=367 key=20 prog_fd=66 prog_id=210 flags=0 ret=0 errno=0
[386.023704 pid=6620 tid=6628] native-loader jit-info prog_array-target fd=66 id=210 type=17 name=sys_exit_submit tag=07fb247c2a62a43e jited_len=12117 xlated_len=20536 nr_jited_ksyms=1 ksym0=0xffffffffc040b60c ksym1=0x0
[386.023796 pid=6620 tid=6628] BPF_MAP_UPDATE_ELEM prog_array name=sys_exit_submit map_fd=17 map_id=367 key=21 prog_fd=66 prog_id=210 flags=0 ret=0 errno=0
[386.023880 pid=6620 tid=6628] native-loader jit-info prog_array-target fd=66 id=210 type=17 name=sys_exit_submit tag=07fb247c2a62a43e jited_len=12117 xlated_len=20536 nr_jited_ksyms=1 ksym0=0xffffffffc040b60c ksym1=0x0
[386.023972 pid=6620 tid=6628] BPF_MAP_UPDATE_ELEM prog_array name=sys_exit_submit map_fd=17 map_id=367 key=22 prog_fd=66 prog_id=210 flags=0 ret=0 errno=0
[386.024055 pid=6620 tid=6628] native-loader jit-info prog_array-target fd=66 id=210 type=17 name=sys_exit_submit tag=07fb247c2a62a43e jited_len=12117 xlated_len=20536 nr_jited_ksyms=1 ksym0=0xffffffffc040b60c ksym1=0x0
[386.024147 pid=6620 tid=6628] BPF_MAP_UPDATE_ELEM prog_array name=sys_exit_submit map_fd=17 map_id=367 key=23 prog_fd=66 prog_id=210 flags=0 ret=0 errno=0
[386.024230 pid=6620 tid=6628] native-loader jit-info prog_array-target fd=66 id=210 type=17 name=sys_exit_submit tag=07fb247c2a62a43e jited_len=12117 xlated_len=20536 nr_jited_ksyms=1 ksym0=0xffffffffc040b60c ksym1=0x0
[386.024323 pid=6620 tid=6628] BPF_MAP_UPDATE_ELEM prog_array name=sys_exit_submit map_fd=17 map_id=367 key=24 prog_fd=66 prog_id=210 flags=0 ret=0 errno=0
[386.024409 pid=6620 tid=6628] native-loader jit-info prog_array-target fd=66 id=210 type=17 name=sys_exit_submit tag=07fb247c2a62a43e jited_len=12117 xlated_len=20536 nr_jited_ksyms=1 ksym0=0xffffffffc040b60c ksym1=0x0
[386.024502 pid=6620 tid=6628] BPF_MAP_UPDATE_ELEM prog_array name=sys_exit_submit map_fd=17 map_id=367 key=25 prog_fd=66 prog_id=210 flags=0 ret=0 errno=0
[386.024585 pid=6620 tid=6628] native-loader jit-info prog_array-target fd=66 id=210 type=17 name=sys_exit_submit tag=07fb247c2a62a43e jited_len=12117 xlated_len=20536 nr_jited_ksyms=1 ksym0=0xffffffffc040b60c ksym1=0x0
[386.024678 pid=6620 tid=6628] BPF_MAP_UPDATE_ELEM prog_array name=sys_exit_submit map_fd=17 map_id=367 key=26 prog_fd=66 prog_id=210 flags=0 ret=0 errno=0
[386.024761 pid=6620 tid=6628] native-loader jit-info prog_array-target fd=66 id=210 type=17 name=sys_exit_submit tag=07fb247c2a62a43e jited_len=12117 xlated_len=20536 nr_jited_ksyms=1 ksym0=0xffffffffc040b60c ksym1=0x0
[386.024853 pid=6620 tid=6628] BPF_MAP_UPDATE_ELEM prog_array name=sys_exit_submit map_fd=17 map_id=367 key=27 prog_fd=66 prog_id=210 flags=0 ret=0 errno=0
[386.024936 pid=6620 tid=6628] native-loader jit-info prog_array-target fd=66 id=210 type=17 name=sys_exit_submit tag=07fb247c2a62a43e jited_len=12117 xlated_len=20536 nr_jited_ksyms=1 ksym0=0xffffffffc040b60c ksym1=0x0
[386.025029 pid=6620 tid=6628] BPF_MAP_UPDATE_ELEM prog_array name=sys_exit_submit map_fd=17 map_id=367 key=28 prog_fd=66 prog_id=210 flags=0 ret=0 errno=0
[386.025112 pid=6620 tid=6628] native-loader jit-info prog_array-target fd=66 id=210 type=17 name=sys_exit_submit tag=07fb247c2a62a43e jited_len=12117 xlated_len=20536 nr_jited_ksyms=1 ksym0=0xffffffffc040b60c ksym1=0x0
[386.025204 pid=6620 tid=6628] BPF_MAP_UPDATE_ELEM prog_array name=sys_exit_submit map_fd=17 map_id=367 key=29 prog_fd=66 prog_id=210 flags=0 ret=0 errno=0
[386.025287 pid=6620 tid=6628] native-loader jit-info prog_array-target fd=66 id=210 type=17 name=sys_exit_submit tag=07fb247c2a62a43e jited_len=12117 xlated_len=20536 nr_jited_ksyms=1 ksym0=0xffffffffc040b60c ksym1=0x0
[386.025381 pid=6620 tid=6628] BPF_MAP_UPDATE_ELEM prog_array name=sys_exit_submit map_fd=17 map_id=367 key=30 prog_fd=66 prog_id=210 flags=0 ret=0 errno=0
[386.025464 pid=6620 tid=6628] native-loader jit-info prog_array-target fd=66 id=210 type=17 name=sys_exit_submit tag=07fb247c2a62a43e jited_len=12117 xlated_len=20536 nr_jited_ksyms=1 ksym0=0xffffffffc040b60c ksym1=0x0
[386.025557 pid=6620 tid=6628] BPF_MAP_UPDATE_ELEM prog_array name=sys_exit_submit map_fd=17 map_id=367 key=31 prog_fd=66 prog_id=210 flags=0 ret=0 errno=0
[386.025640 pid=6620 tid=6628] native-loader jit-info prog_array-target fd=66 id=210 type=17 name=sys_exit_submit tag=07fb247c2a62a43e jited_len=12117 xlated_len=20536 nr_jited_ksyms=1 ksym0=0xffffffffc040b60c ksym1=0x0
[386.025730 pid=6620 tid=6628] BPF_MAP_UPDATE_ELEM prog_array name=sys_exit_submit map_fd=17 map_id=367 key=34 prog_fd=66 prog_id=210 flags=0 ret=0 errno=0
[386.025816 pid=6620 tid=6628] native-loader jit-info prog_array-target fd=66 id=210 type=17 name=sys_exit_submit tag=07fb247c2a62a43e jited_len=12117 xlated_len=20536 nr_jited_ksyms=1 ksym0=0xffffffffc040b60c ksym1=0x0
[386.025908 pid=6620 tid=6628] BPF_MAP_UPDATE_ELEM prog_array name=sys_exit_submit map_fd=17 map_id=367 key=35 prog_fd=66 prog_id=210 flags=0 ret=0 errno=0
[386.025992 pid=6620 tid=6628] native-loader jit-info prog_array-target fd=66 id=210 type=17 name=sys_exit_submit tag=07fb247c2a62a43e jited_len=12117 xlated_len=20536 nr_jited_ksyms=1 ksym0=0xffffffffc040b60c ksym1=0x0
[386.026084 pid=6620 tid=6628] BPF_MAP_UPDATE_ELEM prog_array name=sys_exit_submit map_fd=17 map_id=367 key=36 prog_fd=66 prog_id=210 flags=0 ret=0 errno=0
[386.026167 pid=6620 tid=6628] native-loader jit-info prog_array-target fd=66 id=210 type=17 name=sys_exit_submit tag=07fb247c2a62a43e jited_len=12117 xlated_len=20536 nr_jited_ksyms=1 ksym0=0xffffffffc040b60c ksym1=0x0
[386.026259 pid=6620 tid=6628] BPF_MAP_UPDATE_ELEM prog_array name=sys_exit_submit map_fd=17 map_id=367 key=37 prog_fd=66 prog_id=210 flags=0 ret=0 errno=0
[386.026342 pid=6620 tid=6628] native-loader jit-info prog_array-target fd=66 id=210 type=17 name=sys_exit_submit tag=07fb247c2a62a43e jited_len=12117 xlated_len=20536 nr_jited_ksyms=1 ksym0=0xffffffffc040b60c ksym1=0x0
[386.026436 pid=6620 tid=6628] BPF_MAP_UPDATE_ELEM prog_array name=sys_exit_submit map_fd=17 map_id=367 key=38 prog_fd=66 prog_id=210 flags=0 ret=0 errno=0
[386.026519 pid=6620 tid=6628] native-loader jit-info prog_array-target fd=66 id=210 type=17 name=sys_exit_submit tag=07fb247c2a62a43e jited_len=12117 xlated_len=20536 nr_jited_ksyms=1 ksym0=0xffffffffc040b60c ksym1=0x0
[386.026611 pid=6620 tid=6628] BPF_MAP_UPDATE_ELEM prog_array name=sys_exit_submit map_fd=17 map_id=367 key=39 prog_fd=66 prog_id=210 flags=0 ret=0 errno=0
[386.026695 pid=6620 tid=6628] native-loader jit-info prog_array-target fd=66 id=210 type=17 name=sys_exit_submit tag=07fb247c2a62a43e jited_len=12117 xlated_len=20536 nr_jited_ksyms=1 ksym0=0xffffffffc040b60c ksym1=0x0
[386.026787 pid=6620 tid=6628] BPF_MAP_UPDATE_ELEM prog_array name=sys_exit_submit map_fd=17 map_id=367 key=40 prog_fd=66 prog_id=210 flags=0 ret=0 errno=0
[386.026870 pid=6620 tid=6628] native-loader jit-info prog_array-target fd=66 id=210 type=17 name=sys_exit_submit tag=07fb247c2a62a43e jited_len=12117 xlated_len=20536 nr_jited_ksyms=1 ksym0=0xffffffffc040b60c ksym1=0x0
[386.026963 pid=6620 tid=6628] BPF_MAP_UPDATE_ELEM prog_array name=sys_exit_submit map_fd=17 map_id=367 key=41 prog_fd=66 prog_id=210 flags=0 ret=0 errno=0
[386.027047 pid=6620 tid=6628] native-loader jit-info prog_array-target fd=66 id=210 type=17 name=sys_exit_submit tag=07fb247c2a62a43e jited_len=12117 xlated_len=20536 nr_jited_ksyms=1 ksym0=0xffffffffc040b60c ksym1=0x0
[386.027142 pid=6620 tid=6628] BPF_MAP_UPDATE_ELEM prog_array name=sys_exit_submit map_fd=17 map_id=367 key=42 prog_fd=66 prog_id=210 flags=0 ret=0 errno=0
[386.027225 pid=6620 tid=6628] native-loader jit-info prog_array-target fd=66 id=210 type=17 name=sys_exit_submit tag=07fb247c2a62a43e jited_len=12117 xlated_len=20536 nr_jited_ksyms=1 ksym0=0xffffffffc040b60c ksym1=0x0
[386.027319 pid=6620 tid=6628] BPF_MAP_UPDATE_ELEM prog_array name=sys_exit_submit map_fd=17 map_id=367 key=43 prog_fd=66 prog_id=210 flags=0 ret=0 errno=0
[386.027402 pid=6620 tid=6628] native-loader jit-info prog_array-target fd=66 id=210 type=17 name=sys_exit_submit tag=07fb247c2a62a43e jited_len=12117 xlated_len=20536 nr_jited_ksyms=1 ksym0=0xffffffffc040b60c ksym1=0x0
[386.027494 pid=6620 tid=6628] BPF_MAP_UPDATE_ELEM prog_array name=sys_exit_submit map_fd=17 map_id=367 key=44 prog_fd=66 prog_id=210 flags=0 ret=0 errno=0
[386.027576 pid=6620 tid=6628] native-loader jit-info prog_array-target fd=66 id=210 type=17 name=sys_exit_submit tag=07fb247c2a62a43e jited_len=12117 xlated_len=20536 nr_jited_ksyms=1 ksym0=0xffffffffc040b60c ksym1=0x0
[386.027669 pid=6620 tid=6628] BPF_MAP_UPDATE_ELEM prog_array name=sys_exit_submit map_fd=17 map_id=367 key=45 prog_fd=66 prog_id=210 flags=0 ret=0 errno=0
[386.027751 pid=6620 tid=6628] native-loader jit-info prog_array-target fd=66 id=210 type=17 name=sys_exit_submit tag=07fb247c2a62a43e jited_len=12117 xlated_len=20536 nr_jited_ksyms=1 ksym0=0xffffffffc040b60c ksym1=0x0
[386.027844 pid=6620 tid=6628] BPF_MAP_UPDATE_ELEM prog_array name=sys_exit_submit map_fd=17 map_id=367 key=46 prog_fd=66 prog_id=210 flags=0 ret=0 errno=0
[386.027927 pid=6620 tid=6628] native-loader jit-info prog_array-target fd=66 id=210 type=17 name=sys_exit_submit tag=07fb247c2a62a43e jited_len=12117 xlated_len=20536 nr_jited_ksyms=1 ksym0=0xffffffffc040b60c ksym1=0x0
[386.028020 pid=6620 tid=6628] BPF_MAP_UPDATE_ELEM prog_array name=sys_exit_submit map_fd=17 map_id=367 key=47 prog_fd=66 prog_id=210 flags=0 ret=0 errno=0
[386.028104 pid=6620 tid=6628] native-loader jit-info prog_array-target fd=66 id=210 type=17 name=sys_exit_submit tag=07fb247c2a62a43e jited_len=12117 xlated_len=20536 nr_jited_ksyms=1 ksym0=0xffffffffc040b60c ksym1=0x0
[386.028197 pid=6620 tid=6628] BPF_MAP_UPDATE_ELEM prog_array name=sys_exit_submit map_fd=17 map_id=367 key=48 prog_fd=66 prog_id=210 flags=0 ret=0 errno=0
[386.028280 pid=6620 tid=6628] native-loader jit-info prog_array-target fd=66 id=210 type=17 name=sys_exit_submit tag=07fb247c2a62a43e jited_len=12117 xlated_len=20536 nr_jited_ksyms=1 ksym0=0xffffffffc040b60c ksym1=0x0
[386.028374 pid=6620 tid=6628] BPF_MAP_UPDATE_ELEM prog_array name=sys_exit_submit map_fd=17 map_id=367 key=49 prog_fd=66 prog_id=210 flags=0 ret=0 errno=0
[386.028457 pid=6620 tid=6628] native-loader jit-info prog_array-target fd=66 id=210 type=17 name=sys_exit_submit tag=07fb247c2a62a43e jited_len=12117 xlated_len=20536 nr_jited_ksyms=1 ksym0=0xffffffffc040b60c ksym1=0x0
[386.028550 pid=6620 tid=6628] BPF_MAP_UPDATE_ELEM prog_array name=sys_exit_submit map_fd=17 map_id=367 key=50 prog_fd=66 prog_id=210 flags=0 ret=0 errno=0
[386.028634 pid=6620 tid=6628] native-loader jit-info prog_array-target fd=66 id=210 type=17 name=sys_exit_submit tag=07fb247c2a62a43e jited_len=12117 xlated_len=20536 nr_jited_ksyms=1 ksym0=0xffffffffc040b60c ksym1=0x0
[386.028727 pid=6620 tid=6628] BPF_MAP_UPDATE_ELEM prog_array name=sys_exit_submit map_fd=17 map_id=367 key=51 prog_fd=66 prog_id=210 flags=0 ret=0 errno=0
[386.028810 pid=6620 tid=6628] native-loader jit-info prog_array-target fd=66 id=210 type=17 name=sys_exit_submit tag=07fb247c2a62a43e jited_len=12117 xlated_len=20536 nr_jited_ksyms=1 ksym0=0xffffffffc040b60c ksym1=0x0
[386.028901 pid=6620 tid=6628] BPF_MAP_UPDATE_ELEM prog_array name=sys_exit_submit map_fd=17 map_id=367 key=52 prog_fd=66 prog_id=210 flags=0 ret=0 errno=0
[386.028984 pid=6620 tid=6628] native-loader jit-info prog_array-target fd=66 id=210 type=17 name=sys_exit_submit tag=07fb247c2a62a43e jited_len=12117 xlated_len=20536 nr_jited_ksyms=1 ksym0=0xffffffffc040b60c ksym1=0x0
[386.029077 pid=6620 tid=6628] BPF_MAP_UPDATE_ELEM prog_array name=sys_exit_submit map_fd=17 map_id=367 key=53 prog_fd=66 prog_id=210 flags=0 ret=0 errno=0
[386.029159 pid=6620 tid=6628] native-loader jit-info prog_array-target fd=66 id=210 type=17 name=sys_exit_submit tag=07fb247c2a62a43e jited_len=12117 xlated_len=20536 nr_jited_ksyms=1 ksym0=0xffffffffc040b60c ksym1=0x0
[386.029252 pid=6620 tid=6628] BPF_MAP_UPDATE_ELEM prog_array name=sys_exit_submit map_fd=17 map_id=367 key=54 prog_fd=66 prog_id=210 flags=0 ret=0 errno=0
[386.029335 pid=6620 tid=6628] native-loader jit-info prog_array-target fd=66 id=210 type=17 name=sys_exit_submit tag=07fb247c2a62a43e jited_len=12117 xlated_len=20536 nr_jited_ksyms=1 ksym0=0xffffffffc040b60c ksym1=0x0
[386.029430 pid=6620 tid=6628] BPF_MAP_UPDATE_ELEM prog_array name=sys_exit_submit map_fd=17 map_id=367 key=55 prog_fd=66 prog_id=210 flags=0 ret=0 errno=0
[386.029513 pid=6620 tid=6628] native-loader jit-info prog_array-target fd=66 id=210 type=17 name=sys_exit_submit tag=07fb247c2a62a43e jited_len=12117 xlated_len=20536 nr_jited_ksyms=1 ksym0=0xffffffffc040b60c ksym1=0x0
[386.029606 pid=6620 tid=6628] BPF_MAP_UPDATE_ELEM prog_array name=sys_exit_submit map_fd=17 map_id=367 key=56 prog_fd=66 prog_id=210 flags=0 ret=0 errno=0
[386.029689 pid=6620 tid=6628] native-loader jit-info prog_array-target fd=66 id=210 type=17 name=sys_exit_submit tag=07fb247c2a62a43e jited_len=12117 xlated_len=20536 nr_jited_ksyms=1 ksym0=0xffffffffc040b60c ksym1=0x0
[386.029780 pid=6620 tid=6628] BPF_MAP_UPDATE_ELEM prog_array name=sys_exit_submit map_fd=17 map_id=367 key=57 prog_fd=66 prog_id=210 flags=0 ret=0 errno=0
[386.029862 pid=6620 tid=6628] native-loader jit-info prog_array-target fd=66 id=210 type=17 name=sys_exit_submit tag=07fb247c2a62a43e jited_len=12117 xlated_len=20536 nr_jited_ksyms=1 ksym0=0xffffffffc040b60c ksym1=0x0
[386.029955 pid=6620 tid=6628] BPF_MAP_UPDATE_ELEM prog_array name=sys_exit_submit map_fd=17 map_id=367 key=58 prog_fd=66 prog_id=210 flags=0 ret=0 errno=0
[386.030038 pid=6620 tid=6628] native-loader jit-info prog_array-target fd=66 id=210 type=17 name=sys_exit_submit tag=07fb247c2a62a43e jited_len=12117 xlated_len=20536 nr_jited_ksyms=1 ksym0=0xffffffffc040b60c ksym1=0x0
[386.030131 pid=6620 tid=6628] BPF_MAP_UPDATE_ELEM prog_array name=sys_exit_submit map_fd=17 map_id=367 key=59 prog_fd=66 prog_id=210 flags=0 ret=0 errno=0
[386.030215 pid=6620 tid=6628] native-loader jit-info prog_array-target fd=66 id=210 type=17 name=sys_exit_submit tag=07fb247c2a62a43e jited_len=12117 xlated_len=20536 nr_jited_ksyms=1 ksym0=0xffffffffc040b60c ksym1=0x0
[386.030307 pid=6620 tid=6628] BPF_MAP_UPDATE_ELEM prog_array name=sys_exit_submit map_fd=17 map_id=367 key=60 prog_fd=66 prog_id=210 flags=0 ret=0 errno=0
[386.030392 pid=6620 tid=6628] native-loader jit-info prog_array-target fd=66 id=210 type=17 name=sys_exit_submit tag=07fb247c2a62a43e jited_len=12117 xlated_len=20536 nr_jited_ksyms=1 ksym0=0xffffffffc040b60c ksym1=0x0
[386.030485 pid=6620 tid=6628] BPF_MAP_UPDATE_ELEM prog_array name=sys_exit_submit map_fd=17 map_id=367 key=61 prog_fd=66 prog_id=210 flags=0 ret=0 errno=0
[386.030570 pid=6620 tid=6628] native-loader jit-info prog_array-target fd=66 id=210 type=17 name=sys_exit_submit tag=07fb247c2a62a43e jited_len=12117 xlated_len=20536 nr_jited_ksyms=1 ksym0=0xffffffffc040b60c ksym1=0x0
[386.030662 pid=6620 tid=6628] BPF_MAP_UPDATE_ELEM prog_array name=sys_exit_submit map_fd=17 map_id=367 key=62 prog_fd=66 prog_id=210 flags=0 ret=0 errno=0
[386.030746 pid=6620 tid=6628] native-loader jit-info prog_array-target fd=66 id=210 type=17 name=sys_exit_submit tag=07fb247c2a62a43e jited_len=12117 xlated_len=20536 nr_jited_ksyms=1 ksym0=0xffffffffc040b60c ksym1=0x0
[386.030838 pid=6620 tid=6628] BPF_MAP_UPDATE_ELEM prog_array name=sys_exit_submit map_fd=17 map_id=367 key=63 prog_fd=66 prog_id=210 flags=0 ret=0 errno=0
[386.030923 pid=6620 tid=6628] native-loader jit-info prog_array-target fd=66 id=210 type=17 name=sys_exit_submit tag=07fb247c2a62a43e jited_len=12117 xlated_len=20536 nr_jited_ksyms=1 ksym0=0xffffffffc040b60c ksym1=0x0
[386.031015 pid=6620 tid=6628] BPF_MAP_UPDATE_ELEM prog_array name=sys_exit_submit map_fd=17 map_id=367 key=64 prog_fd=66 prog_id=210 flags=0 ret=0 errno=0
[386.031098 pid=6620 tid=6628] native-loader jit-info prog_array-target fd=66 id=210 type=17 name=sys_exit_submit tag=07fb247c2a62a43e jited_len=12117 xlated_len=20536 nr_jited_ksyms=1 ksym0=0xffffffffc040b60c ksym1=0x0
[386.031191 pid=6620 tid=6628] BPF_MAP_UPDATE_ELEM prog_array name=sys_exit_submit map_fd=17 map_id=367 key=65 prog_fd=66 prog_id=210 flags=0 ret=0 errno=0
[386.031274 pid=6620 tid=6628] native-loader jit-info prog_array-target fd=66 id=210 type=17 name=sys_exit_submit tag=07fb247c2a62a43e jited_len=12117 xlated_len=20536 nr_jited_ksyms=1 ksym0=0xffffffffc040b60c ksym1=0x0
[386.031367 pid=6620 tid=6628] BPF_MAP_UPDATE_ELEM prog_array name=sys_exit_submit map_fd=17 map_id=367 key=66 prog_fd=66 prog_id=210 flags=0 ret=0 errno=0
[386.031450 pid=6620 tid=6628] native-loader jit-info prog_array-target fd=66 id=210 type=17 name=sys_exit_submit tag=07fb247c2a62a43e jited_len=12117 xlated_len=20536 nr_jited_ksyms=1 ksym0=0xffffffffc040b60c ksym1=0x0
[386.031543 pid=6620 tid=6628] BPF_MAP_UPDATE_ELEM prog_array name=sys_exit_submit map_fd=17 map_id=367 key=67 prog_fd=66 prog_id=210 flags=0 ret=0 errno=0
[386.031626 pid=6620 tid=6628] native-loader jit-info prog_array-target fd=66 id=210 type=17 name=sys_exit_submit tag=07fb247c2a62a43e jited_len=12117 xlated_len=20536 nr_jited_ksyms=1 ksym0=0xffffffffc040b60c ksym1=0x0
[386.031718 pid=6620 tid=6628] BPF_MAP_UPDATE_ELEM prog_array name=sys_exit_submit map_fd=17 map_id=367 key=68 prog_fd=66 prog_id=210 flags=0 ret=0 errno=0
[386.031801 pid=6620 tid=6628] native-loader jit-info prog_array-target fd=66 id=210 type=17 name=sys_exit_submit tag=07fb247c2a62a43e jited_len=12117 xlated_len=20536 nr_jited_ksyms=1 ksym0=0xffffffffc040b60c ksym1=0x0
[386.031893 pid=6620 tid=6628] BPF_MAP_UPDATE_ELEM prog_array name=sys_exit_submit map_fd=17 map_id=367 key=69 prog_fd=66 prog_id=210 flags=0 ret=0 errno=0
[386.031976 pid=6620 tid=6628] native-loader jit-info prog_array-target fd=66 id=210 type=17 name=sys_exit_submit tag=07fb247c2a62a43e jited_len=12117 xlated_len=20536 nr_jited_ksyms=1 ksym0=0xffffffffc040b60c ksym1=0x0
[386.032068 pid=6620 tid=6628] BPF_MAP_UPDATE_ELEM prog_array name=sys_exit_submit map_fd=17 map_id=367 key=70 prog_fd=66 prog_id=210 flags=0 ret=0 errno=0
[386.032152 pid=6620 tid=6628] native-loader jit-info prog_array-target fd=66 id=210 type=17 name=sys_exit_submit tag=07fb247c2a62a43e jited_len=12117 xlated_len=20536 nr_jited_ksyms=1 ksym0=0xffffffffc040b60c ksym1=0x0
[386.032244 pid=6620 tid=6628] BPF_MAP_UPDATE_ELEM prog_array name=sys_exit_submit map_fd=17 map_id=367 key=71 prog_fd=66 prog_id=210 flags=0 ret=0 errno=0
[386.032327 pid=6620 tid=6628] native-loader jit-info prog_array-target fd=66 id=210 type=17 name=sys_exit_submit tag=07fb247c2a62a43e jited_len=12117 xlated_len=20536 nr_jited_ksyms=1 ksym0=0xffffffffc040b60c ksym1=0x0
[386.032421 pid=6620 tid=6628] BPF_MAP_UPDATE_ELEM prog_array name=sys_exit_submit map_fd=17 map_id=367 key=72 prog_fd=66 prog_id=210 flags=0 ret=0 errno=0
[386.032504 pid=6620 tid=6628] native-loader jit-info prog_array-target fd=66 id=210 type=17 name=sys_exit_submit tag=07fb247c2a62a43e jited_len=12117 xlated_len=20536 nr_jited_ksyms=1 ksym0=0xffffffffc040b60c ksym1=0x0
[386.032595 pid=6620 tid=6628] BPF_MAP_UPDATE_ELEM prog_array name=sys_exit_submit map_fd=17 map_id=367 key=73 prog_fd=66 prog_id=210 flags=0 ret=0 errno=0
[386.032678 pid=6620 tid=6628] native-loader jit-info prog_array-target fd=66 id=210 type=17 name=sys_exit_submit tag=07fb247c2a62a43e jited_len=12117 xlated_len=20536 nr_jited_ksyms=1 ksym0=0xffffffffc040b60c ksym1=0x0
[386.032770 pid=6620 tid=6628] BPF_MAP_UPDATE_ELEM prog_array name=sys_exit_submit map_fd=17 map_id=367 key=74 prog_fd=66 prog_id=210 flags=0 ret=0 errno=0
[386.032852 pid=6620 tid=6628] native-loader jit-info prog_array-target fd=66 id=210 type=17 name=sys_exit_submit tag=07fb247c2a62a43e jited_len=12117 xlated_len=20536 nr_jited_ksyms=1 ksym0=0xffffffffc040b60c ksym1=0x0
[386.032944 pid=6620 tid=6628] BPF_MAP_UPDATE_ELEM prog_array name=sys_exit_submit map_fd=17 map_id=367 key=75 prog_fd=66 prog_id=210 flags=0 ret=0 errno=0
[386.033027 pid=6620 tid=6628] native-loader jit-info prog_array-target fd=66 id=210 type=17 name=sys_exit_submit tag=07fb247c2a62a43e jited_len=12117 xlated_len=20536 nr_jited_ksyms=1 ksym0=0xffffffffc040b60c ksym1=0x0
[386.033120 pid=6620 tid=6628] BPF_MAP_UPDATE_ELEM prog_array name=sys_exit_submit map_fd=17 map_id=367 key=76 prog_fd=66 prog_id=210 flags=0 ret=0 errno=0
[386.033203 pid=6620 tid=6628] native-loader jit-info prog_array-target fd=66 id=210 type=17 name=sys_exit_submit tag=07fb247c2a62a43e jited_len=12117 xlated_len=20536 nr_jited_ksyms=1 ksym0=0xffffffffc040b60c ksym1=0x0
[386.033296 pid=6620 tid=6628] BPF_MAP_UPDATE_ELEM prog_array name=sys_exit_submit map_fd=17 map_id=367 key=77 prog_fd=66 prog_id=210 flags=0 ret=0 errno=0
[386.033380 pid=6620 tid=6628] native-loader jit-info prog_array-target fd=66 id=210 type=17 name=sys_exit_submit tag=07fb247c2a62a43e jited_len=12117 xlated_len=20536 nr_jited_ksyms=1 ksym0=0xffffffffc040b60c ksym1=0x0
[386.033473 pid=6620 tid=6628] BPF_MAP_UPDATE_ELEM prog_array name=sys_exit_submit map_fd=17 map_id=367 key=78 prog_fd=66 prog_id=210 flags=0 ret=0 errno=0
[386.033557 pid=6620 tid=6628] native-loader jit-info prog_array-target fd=66 id=210 type=17 name=sys_exit_submit tag=07fb247c2a62a43e jited_len=12117 xlated_len=20536 nr_jited_ksyms=1 ksym0=0xffffffffc040b60c ksym1=0x0
[386.033650 pid=6620 tid=6628] BPF_MAP_UPDATE_ELEM prog_array name=sys_exit_submit map_fd=17 map_id=367 key=79 prog_fd=66 prog_id=210 flags=0 ret=0 errno=0
[386.033732 pid=6620 tid=6628] native-loader jit-info prog_array-target fd=66 id=210 type=17 name=sys_exit_submit tag=07fb247c2a62a43e jited_len=12117 xlated_len=20536 nr_jited_ksyms=1 ksym0=0xffffffffc040b60c ksym1=0x0
[386.033824 pid=6620 tid=6628] BPF_MAP_UPDATE_ELEM prog_array name=sys_exit_submit map_fd=17 map_id=367 key=80 prog_fd=66 prog_id=210 flags=0 ret=0 errno=0
[386.033907 pid=6620 tid=6628] native-loader jit-info prog_array-target fd=66 id=210 type=17 name=sys_exit_submit tag=07fb247c2a62a43e jited_len=12117 xlated_len=20536 nr_jited_ksyms=1 ksym0=0xffffffffc040b60c ksym1=0x0
[386.033999 pid=6620 tid=6628] BPF_MAP_UPDATE_ELEM prog_array name=sys_exit_submit map_fd=17 map_id=367 key=81 prog_fd=66 prog_id=210 flags=0 ret=0 errno=0
[386.034083 pid=6620 tid=6628] native-loader jit-info prog_array-target fd=66 id=210 type=17 name=sys_exit_submit tag=07fb247c2a62a43e jited_len=12117 xlated_len=20536 nr_jited_ksyms=1 ksym0=0xffffffffc040b60c ksym1=0x0
[386.034175 pid=6620 tid=6628] BPF_MAP_UPDATE_ELEM prog_array name=sys_exit_submit map_fd=17 map_id=367 key=82 prog_fd=66 prog_id=210 flags=0 ret=0 errno=0
[386.034258 pid=6620 tid=6628] native-loader jit-info prog_array-target fd=66 id=210 type=17 name=sys_exit_submit tag=07fb247c2a62a43e jited_len=12117 xlated_len=20536 nr_jited_ksyms=1 ksym0=0xffffffffc040b60c ksym1=0x0
[386.034350 pid=6620 tid=6628] BPF_MAP_UPDATE_ELEM prog_array name=sys_exit_submit map_fd=17 map_id=367 key=83 prog_fd=66 prog_id=210 flags=0 ret=0 errno=0
[386.034434 pid=6620 tid=6628] native-loader jit-info prog_array-target fd=66 id=210 type=17 name=sys_exit_submit tag=07fb247c2a62a43e jited_len=12117 xlated_len=20536 nr_jited_ksyms=1 ksym0=0xffffffffc040b60c ksym1=0x0
[386.034526 pid=6620 tid=6628] BPF_MAP_UPDATE_ELEM prog_array name=sys_exit_submit map_fd=17 map_id=367 key=84 prog_fd=66 prog_id=210 flags=0 ret=0 errno=0
[386.034608 pid=6620 tid=6628] native-loader jit-info prog_array-target fd=66 id=210 type=17 name=sys_exit_submit tag=07fb247c2a62a43e jited_len=12117 xlated_len=20536 nr_jited_ksyms=1 ksym0=0xffffffffc040b60c ksym1=0x0
[386.034700 pid=6620 tid=6628] BPF_MAP_UPDATE_ELEM prog_array name=sys_exit_submit map_fd=17 map_id=367 key=85 prog_fd=66 prog_id=210 flags=0 ret=0 errno=0
[386.034783 pid=6620 tid=6628] native-loader jit-info prog_array-target fd=66 id=210 type=17 name=sys_exit_submit tag=07fb247c2a62a43e jited_len=12117 xlated_len=20536 nr_jited_ksyms=1 ksym0=0xffffffffc040b60c ksym1=0x0
[386.034875 pid=6620 tid=6628] BPF_MAP_UPDATE_ELEM prog_array name=sys_exit_submit map_fd=17 map_id=367 key=86 prog_fd=66 prog_id=210 flags=0 ret=0 errno=0
[386.034958 pid=6620 tid=6628] native-loader jit-info prog_array-target fd=66 id=210 type=17 name=sys_exit_submit tag=07fb247c2a62a43e jited_len=12117 xlated_len=20536 nr_jited_ksyms=1 ksym0=0xffffffffc040b60c ksym1=0x0
[386.035051 pid=6620 tid=6628] BPF_MAP_UPDATE_ELEM prog_array name=sys_exit_submit map_fd=17 map_id=367 key=87 prog_fd=66 prog_id=210 flags=0 ret=0 errno=0
[386.035133 pid=6620 tid=6628] native-loader jit-info prog_array-target fd=66 id=210 type=17 name=sys_exit_submit tag=07fb247c2a62a43e jited_len=12117 xlated_len=20536 nr_jited_ksyms=1 ksym0=0xffffffffc040b60c ksym1=0x0
[386.035226 pid=6620 tid=6628] BPF_MAP_UPDATE_ELEM prog_array name=sys_exit_submit map_fd=17 map_id=367 key=88 prog_fd=66 prog_id=210 flags=0 ret=0 errno=0
[386.035309 pid=6620 tid=6628] native-loader jit-info prog_array-target fd=66 id=210 type=17 name=sys_exit_submit tag=07fb247c2a62a43e jited_len=12117 xlated_len=20536 nr_jited_ksyms=1 ksym0=0xffffffffc040b60c ksym1=0x0
[386.035403 pid=6620 tid=6628] BPF_MAP_UPDATE_ELEM prog_array name=sys_exit_submit map_fd=17 map_id=367 key=89 prog_fd=66 prog_id=210 flags=0 ret=0 errno=0
[386.035486 pid=6620 tid=6628] native-loader jit-info prog_array-target fd=66 id=210 type=17 name=sys_exit_submit tag=07fb247c2a62a43e jited_len=12117 xlated_len=20536 nr_jited_ksyms=1 ksym0=0xffffffffc040b60c ksym1=0x0
[386.035580 pid=6620 tid=6628] BPF_MAP_UPDATE_ELEM prog_array name=sys_exit_submit map_fd=17 map_id=367 key=90 prog_fd=66 prog_id=210 flags=0 ret=0 errno=0
[386.035663 pid=6620 tid=6628] native-loader jit-info prog_array-target fd=66 id=210 type=17 name=sys_exit_submit tag=07fb247c2a62a43e jited_len=12117 xlated_len=20536 nr_jited_ksyms=1 ksym0=0xffffffffc040b60c ksym1=0x0
[386.035756 pid=6620 tid=6628] BPF_MAP_UPDATE_ELEM prog_array name=sys_exit_submit map_fd=17 map_id=367 key=91 prog_fd=66 prog_id=210 flags=0 ret=0 errno=0
[386.035838 pid=6620 tid=6628] native-loader jit-info prog_array-target fd=66 id=210 type=17 name=sys_exit_submit tag=07fb247c2a62a43e jited_len=12117 xlated_len=20536 nr_jited_ksyms=1 ksym0=0xffffffffc040b60c ksym1=0x0
[386.035930 pid=6620 tid=6628] BPF_MAP_UPDATE_ELEM prog_array name=sys_exit_submit map_fd=17 map_id=367 key=92 prog_fd=66 prog_id=210 flags=0 ret=0 errno=0
[386.036013 pid=6620 tid=6628] native-loader jit-info prog_array-target fd=66 id=210 type=17 name=sys_exit_submit tag=07fb247c2a62a43e jited_len=12117 xlated_len=20536 nr_jited_ksyms=1 ksym0=0xffffffffc040b60c ksym1=0x0
[386.036106 pid=6620 tid=6628] BPF_MAP_UPDATE_ELEM prog_array name=sys_exit_submit map_fd=17 map_id=367 key=93 prog_fd=66 prog_id=210 flags=0 ret=0 errno=0
[386.036189 pid=6620 tid=6628] native-loader jit-info prog_array-target fd=66 id=210 type=17 name=sys_exit_submit tag=07fb247c2a62a43e jited_len=12117 xlated_len=20536 nr_jited_ksyms=1 ksym0=0xffffffffc040b60c ksym1=0x0
[386.036282 pid=6620 tid=6628] BPF_MAP_UPDATE_ELEM prog_array name=sys_exit_submit map_fd=17 map_id=367 key=94 prog_fd=66 prog_id=210 flags=0 ret=0 errno=0
[386.036367 pid=6620 tid=6628] native-loader jit-info prog_array-target fd=66 id=210 type=17 name=sys_exit_submit tag=07fb247c2a62a43e jited_len=12117 xlated_len=20536 nr_jited_ksyms=1 ksym0=0xffffffffc040b60c ksym1=0x0
[386.036460 pid=6620 tid=6628] BPF_MAP_UPDATE_ELEM prog_array name=sys_exit_submit map_fd=17 map_id=367 key=95 prog_fd=66 prog_id=210 flags=0 ret=0 errno=0
[386.036543 pid=6620 tid=6628] native-loader jit-info prog_array-target fd=66 id=210 type=17 name=sys_exit_submit tag=07fb247c2a62a43e jited_len=12117 xlated_len=20536 nr_jited_ksyms=1 ksym0=0xffffffffc040b60c ksym1=0x0
[386.036635 pid=6620 tid=6628] BPF_MAP_UPDATE_ELEM prog_array name=sys_exit_submit map_fd=17 map_id=367 key=96 prog_fd=66 prog_id=210 flags=0 ret=0 errno=0
[386.036718 pid=6620 tid=6628] native-loader jit-info prog_array-target fd=66 id=210 type=17 name=sys_exit_submit tag=07fb247c2a62a43e jited_len=12117 xlated_len=20536 nr_jited_ksyms=1 ksym0=0xffffffffc040b60c ksym1=0x0
[386.036810 pid=6620 tid=6628] BPF_MAP_UPDATE_ELEM prog_array name=sys_exit_submit map_fd=17 map_id=367 key=97 prog_fd=66 prog_id=210 flags=0 ret=0 errno=0
[386.036894 pid=6620 tid=6628] native-loader jit-info prog_array-target fd=66 id=210 type=17 name=sys_exit_submit tag=07fb247c2a62a43e jited_len=12117 xlated_len=20536 nr_jited_ksyms=1 ksym0=0xffffffffc040b60c ksym1=0x0
[386.036986 pid=6620 tid=6628] BPF_MAP_UPDATE_ELEM prog_array name=sys_exit_submit map_fd=17 map_id=367 key=98 prog_fd=66 prog_id=210 flags=0 ret=0 errno=0
[386.037069 pid=6620 tid=6628] native-loader jit-info prog_array-target fd=66 id=210 type=17 name=sys_exit_submit tag=07fb247c2a62a43e jited_len=12117 xlated_len=20536 nr_jited_ksyms=1 ksym0=0xffffffffc040b60c ksym1=0x0
[386.037161 pid=6620 tid=6628] BPF_MAP_UPDATE_ELEM prog_array name=sys_exit_submit map_fd=17 map_id=367 key=99 prog_fd=66 prog_id=210 flags=0 ret=0 errno=0
[386.037244 pid=6620 tid=6628] native-loader jit-info prog_array-target fd=66 id=210 type=17 name=sys_exit_submit tag=07fb247c2a62a43e jited_len=12117 xlated_len=20536 nr_jited_ksyms=1 ksym0=0xffffffffc040b60c ksym1=0x0
[386.037337 pid=6620 tid=6628] BPF_MAP_UPDATE_ELEM prog_array name=sys_exit_submit map_fd=17 map_id=367 key=100 prog_fd=66 prog_id=210 flags=0 ret=0 errno=0
[386.037421 pid=6620 tid=6628] native-loader jit-info prog_array-target fd=66 id=210 type=17 name=sys_exit_submit tag=07fb247c2a62a43e jited_len=12117 xlated_len=20536 nr_jited_ksyms=1 ksym0=0xffffffffc040b60c ksym1=0x0
[386.037513 pid=6620 tid=6628] BPF_MAP_UPDATE_ELEM prog_array name=sys_exit_submit map_fd=17 map_id=367 key=102 prog_fd=66 prog_id=210 flags=0 ret=0 errno=0
[386.037597 pid=6620 tid=6628] native-loader jit-info prog_array-target fd=66 id=210 type=17 name=sys_exit_submit tag=07fb247c2a62a43e jited_len=12117 xlated_len=20536 nr_jited_ksyms=1 ksym0=0xffffffffc040b60c ksym1=0x0
[386.037690 pid=6620 tid=6628] BPF_MAP_UPDATE_ELEM prog_array name=sys_exit_submit map_fd=17 map_id=367 key=103 prog_fd=66 prog_id=210 flags=0 ret=0 errno=0
[386.037772 pid=6620 tid=6628] native-loader jit-info prog_array-target fd=66 id=210 type=17 name=sys_exit_submit tag=07fb247c2a62a43e jited_len=12117 xlated_len=20536 nr_jited_ksyms=1 ksym0=0xffffffffc040b60c ksym1=0x0
[386.037864 pid=6620 tid=6628] BPF_MAP_UPDATE_ELEM prog_array name=sys_exit_submit map_fd=17 map_id=367 key=104 prog_fd=66 prog_id=210 flags=0 ret=0 errno=0
[386.037947 pid=6620 tid=6628] native-loader jit-info prog_array-target fd=66 id=210 type=17 name=sys_exit_submit tag=07fb247c2a62a43e jited_len=12117 xlated_len=20536 nr_jited_ksyms=1 ksym0=0xffffffffc040b60c ksym1=0x0
[386.038040 pid=6620 tid=6628] BPF_MAP_UPDATE_ELEM prog_array name=sys_exit_submit map_fd=17 map_id=367 key=105 prog_fd=66 prog_id=210 flags=0 ret=0 errno=0
[386.038122 pid=6620 tid=6628] native-loader jit-info prog_array-target fd=66 id=210 type=17 name=sys_exit_submit tag=07fb247c2a62a43e jited_len=12117 xlated_len=20536 nr_jited_ksyms=1 ksym0=0xffffffffc040b60c ksym1=0x0
[386.038213 pid=6620 tid=6628] BPF_MAP_UPDATE_ELEM prog_array name=sys_exit_submit map_fd=17 map_id=367 key=106 prog_fd=66 prog_id=210 flags=0 ret=0 errno=0
[386.038296 pid=6620 tid=6628] native-loader jit-info prog_array-target fd=66 id=210 type=17 name=sys_exit_submit tag=07fb247c2a62a43e jited_len=12117 xlated_len=20536 nr_jited_ksyms=1 ksym0=0xffffffffc040b60c ksym1=0x0
[386.038390 pid=6620 tid=6628] BPF_MAP_UPDATE_ELEM prog_array name=sys_exit_submit map_fd=17 map_id=367 key=107 prog_fd=66 prog_id=210 flags=0 ret=0 errno=0
[386.038472 pid=6620 tid=6628] native-loader jit-info prog_array-target fd=66 id=210 type=17 name=sys_exit_submit tag=07fb247c2a62a43e jited_len=12117 xlated_len=20536 nr_jited_ksyms=1 ksym0=0xffffffffc040b60c ksym1=0x0
[386.038564 pid=6620 tid=6628] BPF_MAP_UPDATE_ELEM prog_array name=sys_exit_submit map_fd=17 map_id=367 key=108 prog_fd=66 prog_id=210 flags=0 ret=0 errno=0
[386.038647 pid=6620 tid=6628] native-loader jit-info prog_array-target fd=66 id=210 type=17 name=sys_exit_submit tag=07fb247c2a62a43e jited_len=12117 xlated_len=20536 nr_jited_ksyms=1 ksym0=0xffffffffc040b60c ksym1=0x0
[386.038739 pid=6620 tid=6628] BPF_MAP_UPDATE_ELEM prog_array name=sys_exit_submit map_fd=17 map_id=367 key=109 prog_fd=66 prog_id=210 flags=0 ret=0 errno=0
[386.038822 pid=6620 tid=6628] native-loader jit-info prog_array-target fd=66 id=210 type=17 name=sys_exit_submit tag=07fb247c2a62a43e jited_len=12117 xlated_len=20536 nr_jited_ksyms=1 ksym0=0xffffffffc040b60c ksym1=0x0
[386.038914 pid=6620 tid=6628] BPF_MAP_UPDATE_ELEM prog_array name=sys_exit_submit map_fd=17 map_id=367 key=110 prog_fd=66 prog_id=210 flags=0 ret=0 errno=0
[386.038997 pid=6620 tid=6628] native-loader jit-info prog_array-target fd=66 id=210 type=17 name=sys_exit_submit tag=07fb247c2a62a43e jited_len=12117 xlated_len=20536 nr_jited_ksyms=1 ksym0=0xffffffffc040b60c ksym1=0x0
[386.039090 pid=6620 tid=6628] BPF_MAP_UPDATE_ELEM prog_array name=sys_exit_submit map_fd=17 map_id=367 key=111 prog_fd=66 prog_id=210 flags=0 ret=0 errno=0
[386.039172 pid=6620 tid=6628] native-loader jit-info prog_array-target fd=66 id=210 type=17 name=sys_exit_submit tag=07fb247c2a62a43e jited_len=12117 xlated_len=20536 nr_jited_ksyms=1 ksym0=0xffffffffc040b60c ksym1=0x0
[386.039265 pid=6620 tid=6628] BPF_MAP_UPDATE_ELEM prog_array name=sys_exit_submit map_fd=17 map_id=367 key=112 prog_fd=66 prog_id=210 flags=0 ret=0 errno=0
[386.039347 pid=6620 tid=6628] native-loader jit-info prog_array-target fd=66 id=210 type=17 name=sys_exit_submit tag=07fb247c2a62a43e jited_len=12117 xlated_len=20536 nr_jited_ksyms=1 ksym0=0xffffffffc040b60c ksym1=0x0
[386.039441 pid=6620 tid=6628] BPF_MAP_UPDATE_ELEM prog_array name=sys_exit_submit map_fd=17 map_id=367 key=113 prog_fd=66 prog_id=210 flags=0 ret=0 errno=0
[386.039525 pid=6620 tid=6628] native-loader jit-info prog_array-target fd=66 id=210 type=17 name=sys_exit_submit tag=07fb247c2a62a43e jited_len=12117 xlated_len=20536 nr_jited_ksyms=1 ksym0=0xffffffffc040b60c ksym1=0x0
[386.039616 pid=6620 tid=6628] BPF_MAP_UPDATE_ELEM prog_array name=sys_exit_submit map_fd=17 map_id=367 key=114 prog_fd=66 prog_id=210 flags=0 ret=0 errno=0
[386.039699 pid=6620 tid=6628] native-loader jit-info prog_array-target fd=66 id=210 type=17 name=sys_exit_submit tag=07fb247c2a62a43e jited_len=12117 xlated_len=20536 nr_jited_ksyms=1 ksym0=0xffffffffc040b60c ksym1=0x0
[386.039792 pid=6620 tid=6628] BPF_MAP_UPDATE_ELEM prog_array name=sys_exit_submit map_fd=17 map_id=367 key=115 prog_fd=66 prog_id=210 flags=0 ret=0 errno=0
[386.039875 pid=6620 tid=6628] native-loader jit-info prog_array-target fd=66 id=210 type=17 name=sys_exit_submit tag=07fb247c2a62a43e jited_len=12117 xlated_len=20536 nr_jited_ksyms=1 ksym0=0xffffffffc040b60c ksym1=0x0
[386.039967 pid=6620 tid=6628] BPF_MAP_UPDATE_ELEM prog_array name=sys_exit_submit map_fd=17 map_id=367 key=116 prog_fd=66 prog_id=210 flags=0 ret=0 errno=0
[386.040050 pid=6620 tid=6628] native-loader jit-info prog_array-target fd=66 id=210 type=17 name=sys_exit_submit tag=07fb247c2a62a43e jited_len=12117 xlated_len=20536 nr_jited_ksyms=1 ksym0=0xffffffffc040b60c ksym1=0x0
[386.040143 pid=6620 tid=6628] BPF_MAP_UPDATE_ELEM prog_array name=sys_exit_submit map_fd=17 map_id=367 key=117 prog_fd=66 prog_id=210 flags=0 ret=0 errno=0
[386.040226 pid=6620 tid=6628] native-loader jit-info prog_array-target fd=66 id=210 type=17 name=sys_exit_submit tag=07fb247c2a62a43e jited_len=12117 xlated_len=20536 nr_jited_ksyms=1 ksym0=0xffffffffc040b60c ksym1=0x0
[386.040318 pid=6620 tid=6628] BPF_MAP_UPDATE_ELEM prog_array name=sys_exit_submit map_fd=17 map_id=367 key=118 prog_fd=66 prog_id=210 flags=0 ret=0 errno=0
[386.040403 pid=6620 tid=6628] native-loader jit-info prog_array-target fd=66 id=210 type=17 name=sys_exit_submit tag=07fb247c2a62a43e jited_len=12117 xlated_len=20536 nr_jited_ksyms=1 ksym0=0xffffffffc040b60c ksym1=0x0
[386.040496 pid=6620 tid=6628] BPF_MAP_UPDATE_ELEM prog_array name=sys_exit_submit map_fd=17 map_id=367 key=119 prog_fd=66 prog_id=210 flags=0 ret=0 errno=0
[386.040579 pid=6620 tid=6628] native-loader jit-info prog_array-target fd=66 id=210 type=17 name=sys_exit_submit tag=07fb247c2a62a43e jited_len=12117 xlated_len=20536 nr_jited_ksyms=1 ksym0=0xffffffffc040b60c ksym1=0x0
[386.040673 pid=6620 tid=6628] BPF_MAP_UPDATE_ELEM prog_array name=sys_exit_submit map_fd=17 map_id=367 key=120 prog_fd=66 prog_id=210 flags=0 ret=0 errno=0
[386.040755 pid=6620 tid=6628] native-loader jit-info prog_array-target fd=66 id=210 type=17 name=sys_exit_submit tag=07fb247c2a62a43e jited_len=12117 xlated_len=20536 nr_jited_ksyms=1 ksym0=0xffffffffc040b60c ksym1=0x0
[386.040847 pid=6620 tid=6628] BPF_MAP_UPDATE_ELEM prog_array name=sys_exit_submit map_fd=17 map_id=367 key=121 prog_fd=66 prog_id=210 flags=0 ret=0 errno=0
[386.040931 pid=6620 tid=6628] native-loader jit-info prog_array-target fd=66 id=210 type=17 name=sys_exit_submit tag=07fb247c2a62a43e jited_len=12117 xlated_len=20536 nr_jited_ksyms=1 ksym0=0xffffffffc040b60c ksym1=0x0
[386.041023 pid=6620 tid=6628] BPF_MAP_UPDATE_ELEM prog_array name=sys_exit_submit map_fd=17 map_id=367 key=122 prog_fd=66 prog_id=210 flags=0 ret=0 errno=0
[386.041106 pid=6620 tid=6628] native-loader jit-info prog_array-target fd=66 id=210 type=17 name=sys_exit_submit tag=07fb247c2a62a43e jited_len=12117 xlated_len=20536 nr_jited_ksyms=1 ksym0=0xffffffffc040b60c ksym1=0x0
[386.041198 pid=6620 tid=6628] BPF_MAP_UPDATE_ELEM prog_array name=sys_exit_submit map_fd=17 map_id=367 key=123 prog_fd=66 prog_id=210 flags=0 ret=0 errno=0
[386.041281 pid=6620 tid=6628] native-loader jit-info prog_array-target fd=66 id=210 type=17 name=sys_exit_submit tag=07fb247c2a62a43e jited_len=12117 xlated_len=20536 nr_jited_ksyms=1 ksym0=0xffffffffc040b60c ksym1=0x0
[386.041377 pid=6620 tid=6628] BPF_MAP_UPDATE_ELEM prog_array name=sys_exit_submit map_fd=17 map_id=367 key=124 prog_fd=66 prog_id=210 flags=0 ret=0 errno=0
[386.041461 pid=6620 tid=6628] native-loader jit-info prog_array-target fd=66 id=210 type=17 name=sys_exit_submit tag=07fb247c2a62a43e jited_len=12117 xlated_len=20536 nr_jited_ksyms=1 ksym0=0xffffffffc040b60c ksym1=0x0
[386.041554 pid=6620 tid=6628] BPF_MAP_UPDATE_ELEM prog_array name=sys_exit_submit map_fd=17 map_id=367 key=125 prog_fd=66 prog_id=210 flags=0 ret=0 errno=0
[386.041637 pid=6620 tid=6628] native-loader jit-info prog_array-target fd=66 id=210 type=17 name=sys_exit_submit tag=07fb247c2a62a43e jited_len=12117 xlated_len=20536 nr_jited_ksyms=1 ksym0=0xffffffffc040b60c ksym1=0x0
[386.041729 pid=6620 tid=6628] BPF_MAP_UPDATE_ELEM prog_array name=sys_exit_submit map_fd=17 map_id=367 key=126 prog_fd=66 prog_id=210 flags=0 ret=0 errno=0
[386.041812 pid=6620 tid=6628] native-loader jit-info prog_array-target fd=66 id=210 type=17 name=sys_exit_submit tag=07fb247c2a62a43e jited_len=12117 xlated_len=20536 nr_jited_ksyms=1 ksym0=0xffffffffc040b60c ksym1=0x0
[386.041904 pid=6620 tid=6628] BPF_MAP_UPDATE_ELEM prog_array name=sys_exit_submit map_fd=17 map_id=367 key=127 prog_fd=66 prog_id=210 flags=0 ret=0 errno=0
[386.041986 pid=6620 tid=6628] native-loader jit-info prog_array-target fd=66 id=210 type=17 name=sys_exit_submit tag=07fb247c2a62a43e jited_len=12117 xlated_len=20536 nr_jited_ksyms=1 ksym0=0xffffffffc040b60c ksym1=0x0
[386.042078 pid=6620 tid=6628] BPF_MAP_UPDATE_ELEM prog_array name=sys_exit_submit map_fd=17 map_id=367 key=128 prog_fd=66 prog_id=210 flags=0 ret=0 errno=0
[386.042161 pid=6620 tid=6628] native-loader jit-info prog_array-target fd=66 id=210 type=17 name=sys_exit_submit tag=07fb247c2a62a43e jited_len=12117 xlated_len=20536 nr_jited_ksyms=1 ksym0=0xffffffffc040b60c ksym1=0x0
[386.042253 pid=6620 tid=6628] BPF_MAP_UPDATE_ELEM prog_array name=sys_exit_submit map_fd=17 map_id=367 key=129 prog_fd=66 prog_id=210 flags=0 ret=0 errno=0
[386.042336 pid=6620 tid=6628] native-loader jit-info prog_array-target fd=66 id=210 type=17 name=sys_exit_submit tag=07fb247c2a62a43e jited_len=12117 xlated_len=20536 nr_jited_ksyms=1 ksym0=0xffffffffc040b60c ksym1=0x0
[386.042430 pid=6620 tid=6628] BPF_MAP_UPDATE_ELEM prog_array name=sys_exit_submit map_fd=17 map_id=367 key=130 prog_fd=66 prog_id=210 flags=0 ret=0 errno=0
[386.042513 pid=6620 tid=6628] native-loader jit-info prog_array-target fd=66 id=210 type=17 name=sys_exit_submit tag=07fb247c2a62a43e jited_len=12117 xlated_len=20536 nr_jited_ksyms=1 ksym0=0xffffffffc040b60c ksym1=0x0
[386.042605 pid=6620 tid=6628] BPF_MAP_UPDATE_ELEM prog_array name=sys_exit_submit map_fd=17 map_id=367 key=131 prog_fd=66 prog_id=210 flags=0 ret=0 errno=0
[386.042687 pid=6620 tid=6628] native-loader jit-info prog_array-target fd=66 id=210 type=17 name=sys_exit_submit tag=07fb247c2a62a43e jited_len=12117 xlated_len=20536 nr_jited_ksyms=1 ksym0=0xffffffffc040b60c ksym1=0x0
[386.042779 pid=6620 tid=6628] BPF_MAP_UPDATE_ELEM prog_array name=sys_exit_submit map_fd=17 map_id=367 key=132 prog_fd=66 prog_id=210 flags=0 ret=0 errno=0
[386.042862 pid=6620 tid=6628] native-loader jit-info prog_array-target fd=66 id=210 type=17 name=sys_exit_submit tag=07fb247c2a62a43e jited_len=12117 xlated_len=20536 nr_jited_ksyms=1 ksym0=0xffffffffc040b60c ksym1=0x0
[386.042955 pid=6620 tid=6628] BPF_MAP_UPDATE_ELEM prog_array name=sys_exit_submit map_fd=17 map_id=367 key=133 prog_fd=66 prog_id=210 flags=0 ret=0 errno=0
[386.043039 pid=6620 tid=6628] native-loader jit-info prog_array-target fd=66 id=210 type=17 name=sys_exit_submit tag=07fb247c2a62a43e jited_len=12117 xlated_len=20536 nr_jited_ksyms=1 ksym0=0xffffffffc040b60c ksym1=0x0
[386.043132 pid=6620 tid=6628] BPF_MAP_UPDATE_ELEM prog_array name=sys_exit_submit map_fd=17 map_id=367 key=134 prog_fd=66 prog_id=210 flags=0 ret=0 errno=0
[386.043216 pid=6620 tid=6628] native-loader jit-info prog_array-target fd=66 id=210 type=17 name=sys_exit_submit tag=07fb247c2a62a43e jited_len=12117 xlated_len=20536 nr_jited_ksyms=1 ksym0=0xffffffffc040b60c ksym1=0x0
[386.043308 pid=6620 tid=6628] BPF_MAP_UPDATE_ELEM prog_array name=sys_exit_submit map_fd=17 map_id=367 key=135 prog_fd=66 prog_id=210 flags=0 ret=0 errno=0
[386.043393 pid=6620 tid=6628] native-loader jit-info prog_array-target fd=66 id=210 type=17 name=sys_exit_submit tag=07fb247c2a62a43e jited_len=12117 xlated_len=20536 nr_jited_ksyms=1 ksym0=0xffffffffc040b60c ksym1=0x0
[386.043486 pid=6620 tid=6628] BPF_MAP_UPDATE_ELEM prog_array name=sys_exit_submit map_fd=17 map_id=367 key=136 prog_fd=66 prog_id=210 flags=0 ret=0 errno=0
[386.043569 pid=6620 tid=6628] native-loader jit-info prog_array-target fd=66 id=210 type=17 name=sys_exit_submit tag=07fb247c2a62a43e jited_len=12117 xlated_len=20536 nr_jited_ksyms=1 ksym0=0xffffffffc040b60c ksym1=0x0
[386.043661 pid=6620 tid=6628] BPF_MAP_UPDATE_ELEM prog_array name=sys_exit_submit map_fd=17 map_id=367 key=137 prog_fd=66 prog_id=210 flags=0 ret=0 errno=0
[386.043744 pid=6620 tid=6628] native-loader jit-info prog_array-target fd=66 id=210 type=17 name=sys_exit_submit tag=07fb247c2a62a43e jited_len=12117 xlated_len=20536 nr_jited_ksyms=1 ksym0=0xffffffffc040b60c ksym1=0x0
[386.043836 pid=6620 tid=6628] BPF_MAP_UPDATE_ELEM prog_array name=sys_exit_submit map_fd=17 map_id=367 key=138 prog_fd=66 prog_id=210 flags=0 ret=0 errno=0
[386.043919 pid=6620 tid=6628] native-loader jit-info prog_array-target fd=66 id=210 type=17 name=sys_exit_submit tag=07fb247c2a62a43e jited_len=12117 xlated_len=20536 nr_jited_ksyms=1 ksym0=0xffffffffc040b60c ksym1=0x0
[386.044013 pid=6620 tid=6628] BPF_MAP_UPDATE_ELEM prog_array name=sys_exit_submit map_fd=17 map_id=367 key=139 prog_fd=66 prog_id=210 flags=0 ret=0 errno=0
[386.044096 pid=6620 tid=6628] native-loader jit-info prog_array-target fd=66 id=210 type=17 name=sys_exit_submit tag=07fb247c2a62a43e jited_len=12117 xlated_len=20536 nr_jited_ksyms=1 ksym0=0xffffffffc040b60c ksym1=0x0
[386.044188 pid=6620 tid=6628] BPF_MAP_UPDATE_ELEM prog_array name=sys_exit_submit map_fd=17 map_id=367 key=140 prog_fd=66 prog_id=210 flags=0 ret=0 errno=0
[386.044271 pid=6620 tid=6628] native-loader jit-info prog_array-target fd=66 id=210 type=17 name=sys_exit_submit tag=07fb247c2a62a43e jited_len=12117 xlated_len=20536 nr_jited_ksyms=1 ksym0=0xffffffffc040b60c ksym1=0x0
[386.044365 pid=6620 tid=6628] BPF_MAP_UPDATE_ELEM prog_array name=sys_exit_submit map_fd=17 map_id=367 key=141 prog_fd=66 prog_id=210 flags=0 ret=0 errno=0
[386.044448 pid=6620 tid=6628] native-loader jit-info prog_array-target fd=66 id=210 type=17 name=sys_exit_submit tag=07fb247c2a62a43e jited_len=12117 xlated_len=20536 nr_jited_ksyms=1 ksym0=0xffffffffc040b60c ksym1=0x0
[386.044541 pid=6620 tid=6628] BPF_MAP_UPDATE_ELEM prog_array name=sys_exit_submit map_fd=17 map_id=367 key=142 prog_fd=66 prog_id=210 flags=0 ret=0 errno=0
[386.044624 pid=6620 tid=6628] native-loader jit-info prog_array-target fd=66 id=210 type=17 name=sys_exit_submit tag=07fb247c2a62a43e jited_len=12117 xlated_len=20536 nr_jited_ksyms=1 ksym0=0xffffffffc040b60c ksym1=0x0
[386.044717 pid=6620 tid=6628] BPF_MAP_UPDATE_ELEM prog_array name=sys_exit_submit map_fd=17 map_id=367 key=143 prog_fd=66 prog_id=210 flags=0 ret=0 errno=0
[386.044800 pid=6620 tid=6628] native-loader jit-info prog_array-target fd=66 id=210 type=17 name=sys_exit_submit tag=07fb247c2a62a43e jited_len=12117 xlated_len=20536 nr_jited_ksyms=1 ksym0=0xffffffffc040b60c ksym1=0x0
[386.044893 pid=6620 tid=6628] BPF_MAP_UPDATE_ELEM prog_array name=sys_exit_submit map_fd=17 map_id=367 key=144 prog_fd=66 prog_id=210 flags=0 ret=0 errno=0
[386.044975 pid=6620 tid=6628] native-loader jit-info prog_array-target fd=66 id=210 type=17 name=sys_exit_submit tag=07fb247c2a62a43e jited_len=12117 xlated_len=20536 nr_jited_ksyms=1 ksym0=0xffffffffc040b60c ksym1=0x0
[386.045067 pid=6620 tid=6628] BPF_MAP_UPDATE_ELEM prog_array name=sys_exit_submit map_fd=17 map_id=367 key=145 prog_fd=66 prog_id=210 flags=0 ret=0 errno=0
[386.045150 pid=6620 tid=6628] native-loader jit-info prog_array-target fd=66 id=210 type=17 name=sys_exit_submit tag=07fb247c2a62a43e jited_len=12117 xlated_len=20536 nr_jited_ksyms=1 ksym0=0xffffffffc040b60c ksym1=0x0
[386.045243 pid=6620 tid=6628] BPF_MAP_UPDATE_ELEM prog_array name=sys_exit_submit map_fd=17 map_id=367 key=146 prog_fd=66 prog_id=210 flags=0 ret=0 errno=0
[386.045327 pid=6620 tid=6628] native-loader jit-info prog_array-target fd=66 id=210 type=17 name=sys_exit_submit tag=07fb247c2a62a43e jited_len=12117 xlated_len=20536 nr_jited_ksyms=1 ksym0=0xffffffffc040b60c ksym1=0x0
[386.045423 pid=6620 tid=6628] BPF_MAP_UPDATE_ELEM prog_array name=sys_exit_submit map_fd=17 map_id=367 key=147 prog_fd=66 prog_id=210 flags=0 ret=0 errno=0
[386.045506 pid=6620 tid=6628] native-loader jit-info prog_array-target fd=66 id=210 type=17 name=sys_exit_submit tag=07fb247c2a62a43e jited_len=12117 xlated_len=20536 nr_jited_ksyms=1 ksym0=0xffffffffc040b60c ksym1=0x0
[386.045598 pid=6620 tid=6628] BPF_MAP_UPDATE_ELEM prog_array name=sys_exit_submit map_fd=17 map_id=367 key=148 prog_fd=66 prog_id=210 flags=0 ret=0 errno=0
[386.045681 pid=6620 tid=6628] native-loader jit-info prog_array-target fd=66 id=210 type=17 name=sys_exit_submit tag=07fb247c2a62a43e jited_len=12117 xlated_len=20536 nr_jited_ksyms=1 ksym0=0xffffffffc040b60c ksym1=0x0
[386.045773 pid=6620 tid=6628] BPF_MAP_UPDATE_ELEM prog_array name=sys_exit_submit map_fd=17 map_id=367 key=149 prog_fd=66 prog_id=210 flags=0 ret=0 errno=0
[386.045856 pid=6620 tid=6628] native-loader jit-info prog_array-target fd=66 id=210 type=17 name=sys_exit_submit tag=07fb247c2a62a43e jited_len=12117 xlated_len=20536 nr_jited_ksyms=1 ksym0=0xffffffffc040b60c ksym1=0x0
[386.045949 pid=6620 tid=6628] BPF_MAP_UPDATE_ELEM prog_array name=sys_exit_submit map_fd=17 map_id=367 key=150 prog_fd=66 prog_id=210 flags=0 ret=0 errno=0
[386.046032 pid=6620 tid=6628] native-loader jit-info prog_array-target fd=66 id=210 type=17 name=sys_exit_submit tag=07fb247c2a62a43e jited_len=12117 xlated_len=20536 nr_jited_ksyms=1 ksym0=0xffffffffc040b60c ksym1=0x0
[386.046124 pid=6620 tid=6628] BPF_MAP_UPDATE_ELEM prog_array name=sys_exit_submit map_fd=17 map_id=367 key=151 prog_fd=66 prog_id=210 flags=0 ret=0 errno=0
[386.046207 pid=6620 tid=6628] native-loader jit-info prog_array-target fd=66 id=210 type=17 name=sys_exit_submit tag=07fb247c2a62a43e jited_len=12117 xlated_len=20536 nr_jited_ksyms=1 ksym0=0xffffffffc040b60c ksym1=0x0
[386.046300 pid=6620 tid=6628] BPF_MAP_UPDATE_ELEM prog_array name=sys_exit_submit map_fd=17 map_id=367 key=152 prog_fd=66 prog_id=210 flags=0 ret=0 errno=0
[386.046386 pid=6620 tid=6628] native-loader jit-info prog_array-target fd=66 id=210 type=17 name=sys_exit_submit tag=07fb247c2a62a43e jited_len=12117 xlated_len=20536 nr_jited_ksyms=1 ksym0=0xffffffffc040b60c ksym1=0x0
[386.046478 pid=6620 tid=6628] BPF_MAP_UPDATE_ELEM prog_array name=sys_exit_submit map_fd=17 map_id=367 key=153 prog_fd=66 prog_id=210 flags=0 ret=0 errno=0
[386.046561 pid=6620 tid=6628] native-loader jit-info prog_array-target fd=66 id=210 type=17 name=sys_exit_submit tag=07fb247c2a62a43e jited_len=12117 xlated_len=20536 nr_jited_ksyms=1 ksym0=0xffffffffc040b60c ksym1=0x0
[386.046654 pid=6620 tid=6628] BPF_MAP_UPDATE_ELEM prog_array name=sys_exit_submit map_fd=17 map_id=367 key=154 prog_fd=66 prog_id=210 flags=0 ret=0 errno=0
[386.046737 pid=6620 tid=6628] native-loader jit-info prog_array-target fd=66 id=210 type=17 name=sys_exit_submit tag=07fb247c2a62a43e jited_len=12117 xlated_len=20536 nr_jited_ksyms=1 ksym0=0xffffffffc040b60c ksym1=0x0
[386.046829 pid=6620 tid=6628] BPF_MAP_UPDATE_ELEM prog_array name=sys_exit_submit map_fd=17 map_id=367 key=155 prog_fd=66 prog_id=210 flags=0 ret=0 errno=0
[386.046912 pid=6620 tid=6628] native-loader jit-info prog_array-target fd=66 id=210 type=17 name=sys_exit_submit tag=07fb247c2a62a43e jited_len=12117 xlated_len=20536 nr_jited_ksyms=1 ksym0=0xffffffffc040b60c ksym1=0x0
[386.047005 pid=6620 tid=6628] BPF_MAP_UPDATE_ELEM prog_array name=sys_exit_submit map_fd=17 map_id=367 key=156 prog_fd=66 prog_id=210 flags=0 ret=0 errno=0
[386.047088 pid=6620 tid=6628] native-loader jit-info prog_array-target fd=66 id=210 type=17 name=sys_exit_submit tag=07fb247c2a62a43e jited_len=12117 xlated_len=20536 nr_jited_ksyms=1 ksym0=0xffffffffc040b60c ksym1=0x0
[386.047180 pid=6620 tid=6628] BPF_MAP_UPDATE_ELEM prog_array name=sys_exit_submit map_fd=17 map_id=367 key=157 prog_fd=66 prog_id=210 flags=0 ret=0 errno=0
[386.047262 pid=6620 tid=6628] native-loader jit-info prog_array-target fd=66 id=210 type=17 name=sys_exit_submit tag=07fb247c2a62a43e jited_len=12117 xlated_len=20536 nr_jited_ksyms=1 ksym0=0xffffffffc040b60c ksym1=0x0
[386.047357 pid=6620 tid=6628] BPF_MAP_UPDATE_ELEM prog_array name=sys_exit_submit map_fd=17 map_id=367 key=159 prog_fd=66 prog_id=210 flags=0 ret=0 errno=0
[386.047439 pid=6620 tid=6628] native-loader jit-info prog_array-target fd=66 id=210 type=17 name=sys_exit_submit tag=07fb247c2a62a43e jited_len=12117 xlated_len=20536 nr_jited_ksyms=1 ksym0=0xffffffffc040b60c ksym1=0x0
[386.047532 pid=6620 tid=6628] BPF_MAP_UPDATE_ELEM prog_array name=sys_exit_submit map_fd=17 map_id=367 key=160 prog_fd=66 prog_id=210 flags=0 ret=0 errno=0
[386.047615 pid=6620 tid=6628] native-loader jit-info prog_array-target fd=66 id=210 type=17 name=sys_exit_submit tag=07fb247c2a62a43e jited_len=12117 xlated_len=20536 nr_jited_ksyms=1 ksym0=0xffffffffc040b60c ksym1=0x0
[386.047707 pid=6620 tid=6628] BPF_MAP_UPDATE_ELEM prog_array name=sys_exit_submit map_fd=17 map_id=367 key=161 prog_fd=66 prog_id=210 flags=0 ret=0 errno=0
[386.047790 pid=6620 tid=6628] native-loader jit-info prog_array-target fd=66 id=210 type=17 name=sys_exit_submit tag=07fb247c2a62a43e jited_len=12117 xlated_len=20536 nr_jited_ksyms=1 ksym0=0xffffffffc040b60c ksym1=0x0
[386.047883 pid=6620 tid=6628] BPF_MAP_UPDATE_ELEM prog_array name=sys_exit_submit map_fd=17 map_id=367 key=162 prog_fd=66 prog_id=210 flags=0 ret=0 errno=0
[386.047966 pid=6620 tid=6628] native-loader jit-info prog_array-target fd=66 id=210 type=17 name=sys_exit_submit tag=07fb247c2a62a43e jited_len=12117 xlated_len=20536 nr_jited_ksyms=1 ksym0=0xffffffffc040b60c ksym1=0x0
[386.048058 pid=6620 tid=6628] BPF_MAP_UPDATE_ELEM prog_array name=sys_exit_submit map_fd=17 map_id=367 key=163 prog_fd=66 prog_id=210 flags=0 ret=0 errno=0
[386.048141 pid=6620 tid=6628] native-loader jit-info prog_array-target fd=66 id=210 type=17 name=sys_exit_submit tag=07fb247c2a62a43e jited_len=12117 xlated_len=20536 nr_jited_ksyms=1 ksym0=0xffffffffc040b60c ksym1=0x0
[386.048234 pid=6620 tid=6628] BPF_MAP_UPDATE_ELEM prog_array name=sys_exit_submit map_fd=17 map_id=367 key=164 prog_fd=66 prog_id=210 flags=0 ret=0 errno=0
[386.048317 pid=6620 tid=6628] native-loader jit-info prog_array-target fd=66 id=210 type=17 name=sys_exit_submit tag=07fb247c2a62a43e jited_len=12117 xlated_len=20536 nr_jited_ksyms=1 ksym0=0xffffffffc040b60c ksym1=0x0
[386.048411 pid=6620 tid=6628] BPF_MAP_UPDATE_ELEM prog_array name=sys_exit_submit map_fd=17 map_id=367 key=165 prog_fd=66 prog_id=210 flags=0 ret=0 errno=0
[386.048495 pid=6620 tid=6628] native-loader jit-info prog_array-target fd=66 id=210 type=17 name=sys_exit_submit tag=07fb247c2a62a43e jited_len=12117 xlated_len=20536 nr_jited_ksyms=1 ksym0=0xffffffffc040b60c ksym1=0x0
[386.048588 pid=6620 tid=6628] BPF_MAP_UPDATE_ELEM prog_array name=sys_exit_submit map_fd=17 map_id=367 key=166 prog_fd=66 prog_id=210 flags=0 ret=0 errno=0
[386.048671 pid=6620 tid=6628] native-loader jit-info prog_array-target fd=66 id=210 type=17 name=sys_exit_submit tag=07fb247c2a62a43e jited_len=12117 xlated_len=20536 nr_jited_ksyms=1 ksym0=0xffffffffc040b60c ksym1=0x0
[386.048763 pid=6620 tid=6628] BPF_MAP_UPDATE_ELEM prog_array name=sys_exit_submit map_fd=17 map_id=367 key=167 prog_fd=66 prog_id=210 flags=0 ret=0 errno=0
[386.048846 pid=6620 tid=6628] native-loader jit-info prog_array-target fd=66 id=210 type=17 name=sys_exit_submit tag=07fb247c2a62a43e jited_len=12117 xlated_len=20536 nr_jited_ksyms=1 ksym0=0xffffffffc040b60c ksym1=0x0
[386.048939 pid=6620 tid=6628] BPF_MAP_UPDATE_ELEM prog_array name=sys_exit_submit map_fd=17 map_id=367 key=168 prog_fd=66 prog_id=210 flags=0 ret=0 errno=0
[386.049022 pid=6620 tid=6628] native-loader jit-info prog_array-target fd=66 id=210 type=17 name=sys_exit_submit tag=07fb247c2a62a43e jited_len=12117 xlated_len=20536 nr_jited_ksyms=1 ksym0=0xffffffffc040b60c ksym1=0x0
[386.049116 pid=6620 tid=6628] BPF_MAP_UPDATE_ELEM prog_array name=sys_exit_submit map_fd=17 map_id=367 key=169 prog_fd=66 prog_id=210 flags=0 ret=0 errno=0
[386.049199 pid=6620 tid=6628] native-loader jit-info prog_array-target fd=66 id=210 type=17 name=sys_exit_submit tag=07fb247c2a62a43e jited_len=12117 xlated_len=20536 nr_jited_ksyms=1 ksym0=0xffffffffc040b60c ksym1=0x0
[386.049292 pid=6620 tid=6628] BPF_MAP_UPDATE_ELEM prog_array name=sys_exit_submit map_fd=17 map_id=367 key=170 prog_fd=66 prog_id=210 flags=0 ret=0 errno=0
[386.049376 pid=6620 tid=6628] native-loader jit-info prog_array-target fd=66 id=210 type=17 name=sys_exit_submit tag=07fb247c2a62a43e jited_len=12117 xlated_len=20536 nr_jited_ksyms=1 ksym0=0xffffffffc040b60c ksym1=0x0
[386.049468 pid=6620 tid=6628] BPF_MAP_UPDATE_ELEM prog_array name=sys_exit_submit map_fd=17 map_id=367 key=171 prog_fd=66 prog_id=210 flags=0 ret=0 errno=0
[386.049551 pid=6620 tid=6628] native-loader jit-info prog_array-target fd=66 id=210 type=17 name=sys_exit_submit tag=07fb247c2a62a43e jited_len=12117 xlated_len=20536 nr_jited_ksyms=1 ksym0=0xffffffffc040b60c ksym1=0x0
[386.049644 pid=6620 tid=6628] BPF_MAP_UPDATE_ELEM prog_array name=sys_exit_submit map_fd=17 map_id=367 key=172 prog_fd=66 prog_id=210 flags=0 ret=0 errno=0
[386.049726 pid=6620 tid=6628] native-loader jit-info prog_array-target fd=66 id=210 type=17 name=sys_exit_submit tag=07fb247c2a62a43e jited_len=12117 xlated_len=20536 nr_jited_ksyms=1 ksym0=0xffffffffc040b60c ksym1=0x0
[386.049819 pid=6620 tid=6628] BPF_MAP_UPDATE_ELEM prog_array name=sys_exit_submit map_fd=17 map_id=367 key=173 prog_fd=66 prog_id=210 flags=0 ret=0 errno=0
[386.049902 pid=6620 tid=6628] native-loader jit-info prog_array-target fd=66 id=210 type=17 name=sys_exit_submit tag=07fb247c2a62a43e jited_len=12117 xlated_len=20536 nr_jited_ksyms=1 ksym0=0xffffffffc040b60c ksym1=0x0
[386.049995 pid=6620 tid=6628] BPF_MAP_UPDATE_ELEM prog_array name=sys_exit_submit map_fd=17 map_id=367 key=174 prog_fd=66 prog_id=210 flags=0 ret=0 errno=0
[386.050263 pid=6620 tid=6628] native-loader jit-info prog_array-target fd=66 id=210 type=17 name=sys_exit_submit tag=07fb247c2a62a43e jited_len=12117 xlated_len=20536 nr_jited_ksyms=1 ksym0=0xffffffffc040b60c ksym1=0x0
[386.050359 pid=6620 tid=6628] BPF_MAP_UPDATE_ELEM prog_array name=sys_exit_submit map_fd=17 map_id=367 key=175 prog_fd=66 prog_id=210 flags=0 ret=0 errno=0
[386.050439 pid=6620 tid=6628] native-loader jit-info prog_array-target fd=66 id=210 type=17 name=sys_exit_submit tag=07fb247c2a62a43e jited_len=12117 xlated_len=20536 nr_jited_ksyms=1 ksym0=0xffffffffc040b60c ksym1=0x0
[386.050533 pid=6620 tid=6628] BPF_MAP_UPDATE_ELEM prog_array name=sys_exit_submit map_fd=17 map_id=367 key=176 prog_fd=66 prog_id=210 flags=0 ret=0 errno=0
[386.050617 pid=6620 tid=6628] native-loader jit-info prog_array-target fd=66 id=210 type=17 name=sys_exit_submit tag=07fb247c2a62a43e jited_len=12117 xlated_len=20536 nr_jited_ksyms=1 ksym0=0xffffffffc040b60c ksym1=0x0
[386.050712 pid=6620 tid=6628] BPF_MAP_UPDATE_ELEM prog_array name=sys_exit_submit map_fd=17 map_id=367 key=177 prog_fd=66 prog_id=210 flags=0 ret=0 errno=0
[386.050793 pid=6620 tid=6628] native-loader jit-info prog_array-target fd=66 id=210 type=17 name=sys_exit_submit tag=07fb247c2a62a43e jited_len=12117 xlated_len=20536 nr_jited_ksyms=1 ksym0=0xffffffffc040b60c ksym1=0x0
[386.051141 pid=6620 tid=6628] BPF_MAP_UPDATE_ELEM prog_array name=sys_exit_submit map_fd=17 map_id=367 key=178 prog_fd=66 prog_id=210 flags=0 ret=0 errno=0
[386.051381 pid=6620 tid=6628] native-loader jit-info prog_array-target fd=66 id=210 type=17 name=sys_exit_submit tag=07fb247c2a62a43e jited_len=12117 xlated_len=20536 nr_jited_ksyms=1 ksym0=0xffffffffc040b60c ksym1=0x0
[386.051869 pid=6620 tid=6628] BPF_MAP_UPDATE_ELEM prog_array name=sys_exit_submit map_fd=17 map_id=367 key=179 prog_fd=66 prog_id=210 flags=0 ret=0 errno=0
[386.052324 pid=6620 tid=6628] native-loader jit-info prog_array-target fd=66 id=210 type=17 name=sys_exit_submit tag=07fb247c2a62a43e jited_len=12117 xlated_len=20536 nr_jited_ksyms=1 ksym0=0xffffffffc040b60c ksym1=0x0
[386.052613 pid=6620 tid=6628] BPF_MAP_UPDATE_ELEM prog_array name=sys_exit_submit map_fd=17 map_id=367 key=180 prog_fd=66 prog_id=210 flags=0 ret=0 errno=0
[386.052835 pid=6620 tid=6628] native-loader jit-info prog_array-target fd=66 id=210 type=17 name=sys_exit_submit tag=07fb247c2a62a43e jited_len=12117 xlated_len=20536 nr_jited_ksyms=1 ksym0=0xffffffffc040b60c ksym1=0x0
[386.053154 pid=6620 tid=6628] BPF_MAP_UPDATE_ELEM prog_array name=sys_exit_submit map_fd=17 map_id=367 key=181 prog_fd=66 prog_id=210 flags=0 ret=0 errno=0
[386.053249 pid=6620 tid=6628] native-loader jit-info prog_array-target fd=66 id=210 type=17 name=sys_exit_submit tag=07fb247c2a62a43e jited_len=12117 xlated_len=20536 nr_jited_ksyms=1 ksym0=0xffffffffc040b60c ksym1=0x0
[386.053346 pid=6620 tid=6628] BPF_MAP_UPDATE_ELEM prog_array name=sys_exit_submit map_fd=17 map_id=367 key=182 prog_fd=66 prog_id=210 flags=0 ret=0 errno=0
[386.053735 pid=6620 tid=6628] native-loader jit-info prog_array-target fd=66 id=210 type=17 name=sys_exit_submit tag=07fb247c2a62a43e jited_len=12117 xlated_len=20536 nr_jited_ksyms=1 ksym0=0xffffffffc040b60c ksym1=0x0
[386.054076 pid=6620 tid=6628] BPF_MAP_UPDATE_ELEM prog_array name=sys_exit_submit map_fd=17 map_id=367 key=183 prog_fd=66 prog_id=210 flags=0 ret=0 errno=0
[386.054262 pid=6620 tid=6628] native-loader jit-info prog_array-target fd=66 id=210 type=17 name=sys_exit_submit tag=07fb247c2a62a43e jited_len=12117 xlated_len=20536 nr_jited_ksyms=1 ksym0=0xffffffffc040b60c ksym1=0x0
[386.054361 pid=6620 tid=6628] BPF_MAP_UPDATE_ELEM prog_array name=sys_exit_submit map_fd=17 map_id=367 key=184 prog_fd=66 prog_id=210 flags=0 ret=0 errno=0
[386.054466 pid=6620 tid=6628] native-loader jit-info prog_array-target fd=66 id=210 type=17 name=sys_exit_submit tag=07fb247c2a62a43e jited_len=12117 xlated_len=20536 nr_jited_ksyms=1 ksym0=0xffffffffc040b60c ksym1=0x0
[386.054632 pid=6620 tid=6628] BPF_MAP_UPDATE_ELEM prog_array name=sys_exit_submit map_fd=17 map_id=367 key=185 prog_fd=66 prog_id=210 flags=0 ret=0 errno=0
[386.054893 pid=6620 tid=6628] native-loader jit-info prog_array-target fd=66 id=210 type=17 name=sys_exit_submit tag=07fb247c2a62a43e jited_len=12117 xlated_len=20536 nr_jited_ksyms=1 ksym0=0xffffffffc040b60c ksym1=0x0
[386.054990 pid=6620 tid=6628] BPF_MAP_UPDATE_ELEM prog_array name=sys_exit_submit map_fd=17 map_id=367 key=186 prog_fd=66 prog_id=210 flags=0 ret=0 errno=0
[386.055071 pid=6620 tid=6628] native-loader jit-info prog_array-target fd=66 id=210 type=17 name=sys_exit_submit tag=07fb247c2a62a43e jited_len=12117 xlated_len=20536 nr_jited_ksyms=1 ksym0=0xffffffffc040b60c ksym1=0x0
[386.055164 pid=6620 tid=6628] BPF_MAP_UPDATE_ELEM prog_array name=sys_exit_submit map_fd=17 map_id=367 key=187 prog_fd=66 prog_id=210 flags=0 ret=0 errno=0
[386.055247 pid=6620 tid=6628] native-loader jit-info prog_array-target fd=66 id=210 type=17 name=sys_exit_submit tag=07fb247c2a62a43e jited_len=12117 xlated_len=20536 nr_jited_ksyms=1 ksym0=0xffffffffc040b60c ksym1=0x0
[386.055341 pid=6620 tid=6628] BPF_MAP_UPDATE_ELEM prog_array name=sys_exit_submit map_fd=17 map_id=367 key=188 prog_fd=66 prog_id=210 flags=0 ret=0 errno=0
[386.055432 pid=6620 tid=6628] native-loader jit-info prog_array-target fd=66 id=210 type=17 name=sys_exit_submit tag=07fb247c2a62a43e jited_len=12117 xlated_len=20536 nr_jited_ksyms=1 ksym0=0xffffffffc040b60c ksym1=0x0
[386.055525 pid=6620 tid=6628] BPF_MAP_UPDATE_ELEM prog_array name=sys_exit_submit map_fd=17 map_id=367 key=189 prog_fd=66 prog_id=210 flags=0 ret=0 errno=0
[386.055608 pid=6620 tid=6628] native-loader jit-info prog_array-target fd=66 id=210 type=17 name=sys_exit_submit tag=07fb247c2a62a43e jited_len=12117 xlated_len=20536 nr_jited_ksyms=1 ksym0=0xffffffffc040b60c ksym1=0x0
[386.055701 pid=6620 tid=6628] BPF_MAP_UPDATE_ELEM prog_array name=sys_exit_submit map_fd=17 map_id=367 key=190 prog_fd=66 prog_id=210 flags=0 ret=0 errno=0
[386.055784 pid=6620 tid=6628] native-loader jit-info prog_array-target fd=66 id=210 type=17 name=sys_exit_submit tag=07fb247c2a62a43e jited_len=12117 xlated_len=20536 nr_jited_ksyms=1 ksym0=0xffffffffc040b60c ksym1=0x0
[386.055878 pid=6620 tid=6628] BPF_MAP_UPDATE_ELEM prog_array name=sys_exit_submit map_fd=17 map_id=367 key=191 prog_fd=66 prog_id=210 flags=0 ret=0 errno=0
[386.055961 pid=6620 tid=6628] native-loader jit-info prog_array-target fd=66 id=210 type=17 name=sys_exit_submit tag=07fb247c2a62a43e jited_len=12117 xlated_len=20536 nr_jited_ksyms=1 ksym0=0xffffffffc040b60c ksym1=0x0
[386.056054 pid=6620 tid=6628] BPF_MAP_UPDATE_ELEM prog_array name=sys_exit_submit map_fd=17 map_id=367 key=192 prog_fd=66 prog_id=210 flags=0 ret=0 errno=0
[386.056137 pid=6620 tid=6628] native-loader jit-info prog_array-target fd=66 id=210 type=17 name=sys_exit_submit tag=07fb247c2a62a43e jited_len=12117 xlated_len=20536 nr_jited_ksyms=1 ksym0=0xffffffffc040b60c ksym1=0x0
[386.056230 pid=6620 tid=6628] BPF_MAP_UPDATE_ELEM prog_array name=sys_exit_submit map_fd=17 map_id=367 key=193 prog_fd=66 prog_id=210 flags=0 ret=0 errno=0
[386.056313 pid=6620 tid=6628] native-loader jit-info prog_array-target fd=66 id=210 type=17 name=sys_exit_submit tag=07fb247c2a62a43e jited_len=12117 xlated_len=20536 nr_jited_ksyms=1 ksym0=0xffffffffc040b60c ksym1=0x0
[386.056409 pid=6620 tid=6628] BPF_MAP_UPDATE_ELEM prog_array name=sys_exit_submit map_fd=17 map_id=367 key=194 prog_fd=66 prog_id=210 flags=0 ret=0 errno=0
[386.056492 pid=6620 tid=6628] native-loader jit-info prog_array-target fd=66 id=210 type=17 name=sys_exit_submit tag=07fb247c2a62a43e jited_len=12117 xlated_len=20536 nr_jited_ksyms=1 ksym0=0xffffffffc040b60c ksym1=0x0
[386.056585 pid=6620 tid=6628] BPF_MAP_UPDATE_ELEM prog_array name=sys_exit_submit map_fd=17 map_id=367 key=195 prog_fd=66 prog_id=210 flags=0 ret=0 errno=0
[386.056669 pid=6620 tid=6628] native-loader jit-info prog_array-target fd=66 id=210 type=17 name=sys_exit_submit tag=07fb247c2a62a43e jited_len=12117 xlated_len=20536 nr_jited_ksyms=1 ksym0=0xffffffffc040b60c ksym1=0x0
[386.056762 pid=6620 tid=6628] BPF_MAP_UPDATE_ELEM prog_array name=sys_exit_submit map_fd=17 map_id=367 key=196 prog_fd=66 prog_id=210 flags=0 ret=0 errno=0
[386.056844 pid=6620 tid=6628] native-loader jit-info prog_array-target fd=66 id=210 type=17 name=sys_exit_submit tag=07fb247c2a62a43e jited_len=12117 xlated_len=20536 nr_jited_ksyms=1 ksym0=0xffffffffc040b60c ksym1=0x0
[386.056937 pid=6620 tid=6628] BPF_MAP_UPDATE_ELEM prog_array name=sys_exit_submit map_fd=17 map_id=367 key=197 prog_fd=66 prog_id=210 flags=0 ret=0 errno=0
[386.057020 pid=6620 tid=6628] native-loader jit-info prog_array-target fd=66 id=210 type=17 name=sys_exit_submit tag=07fb247c2a62a43e jited_len=12117 xlated_len=20536 nr_jited_ksyms=1 ksym0=0xffffffffc040b60c ksym1=0x0
[386.057113 pid=6620 tid=6628] BPF_MAP_UPDATE_ELEM prog_array name=sys_exit_submit map_fd=17 map_id=367 key=198 prog_fd=66 prog_id=210 flags=0 ret=0 errno=0
[386.057196 pid=6620 tid=6628] native-loader jit-info prog_array-target fd=66 id=210 type=17 name=sys_exit_submit tag=07fb247c2a62a43e jited_len=12117 xlated_len=20536 nr_jited_ksyms=1 ksym0=0xffffffffc040b60c ksym1=0x0
[386.057289 pid=6620 tid=6628] BPF_MAP_UPDATE_ELEM prog_array name=sys_exit_submit map_fd=17 map_id=367 key=199 prog_fd=66 prog_id=210 flags=0 ret=0 errno=0
[386.057374 pid=6620 tid=6628] native-loader jit-info prog_array-target fd=66 id=210 type=17 name=sys_exit_submit tag=07fb247c2a62a43e jited_len=12117 xlated_len=20536 nr_jited_ksyms=1 ksym0=0xffffffffc040b60c ksym1=0x0
[386.057467 pid=6620 tid=6628] BPF_MAP_UPDATE_ELEM prog_array name=sys_exit_submit map_fd=17 map_id=367 key=200 prog_fd=66 prog_id=210 flags=0 ret=0 errno=0
[386.057551 pid=6620 tid=6628] native-loader jit-info prog_array-target fd=66 id=210 type=17 name=sys_exit_submit tag=07fb247c2a62a43e jited_len=12117 xlated_len=20536 nr_jited_ksyms=1 ksym0=0xffffffffc040b60c ksym1=0x0
[386.057645 pid=6620 tid=6628] BPF_MAP_UPDATE_ELEM prog_array name=sys_exit_submit map_fd=17 map_id=367 key=201 prog_fd=66 prog_id=210 flags=0 ret=0 errno=0
[386.057729 pid=6620 tid=6628] native-loader jit-info prog_array-target fd=66 id=210 type=17 name=sys_exit_submit tag=07fb247c2a62a43e jited_len=12117 xlated_len=20536 nr_jited_ksyms=1 ksym0=0xffffffffc040b60c ksym1=0x0
[386.057823 pid=6620 tid=6628] BPF_MAP_UPDATE_ELEM prog_array name=sys_exit_submit map_fd=17 map_id=367 key=202 prog_fd=66 prog_id=210 flags=0 ret=0 errno=0
[386.057906 pid=6620 tid=6628] native-loader jit-info prog_array-target fd=66 id=210 type=17 name=sys_exit_submit tag=07fb247c2a62a43e jited_len=12117 xlated_len=20536 nr_jited_ksyms=1 ksym0=0xffffffffc040b60c ksym1=0x0
[386.058000 pid=6620 tid=6628] BPF_MAP_UPDATE_ELEM prog_array name=sys_exit_submit map_fd=17 map_id=367 key=203 prog_fd=66 prog_id=210 flags=0 ret=0 errno=0
[386.058082 pid=6620 tid=6628] native-loader jit-info prog_array-target fd=66 id=210 type=17 name=sys_exit_submit tag=07fb247c2a62a43e jited_len=12117 xlated_len=20536 nr_jited_ksyms=1 ksym0=0xffffffffc040b60c ksym1=0x0
[386.058175 pid=6620 tid=6628] BPF_MAP_UPDATE_ELEM prog_array name=sys_exit_submit map_fd=17 map_id=367 key=204 prog_fd=66 prog_id=210 flags=0 ret=0 errno=0
[386.058258 pid=6620 tid=6628] native-loader jit-info prog_array-target fd=66 id=210 type=17 name=sys_exit_submit tag=07fb247c2a62a43e jited_len=12117 xlated_len=20536 nr_jited_ksyms=1 ksym0=0xffffffffc040b60c ksym1=0x0
[386.058351 pid=6620 tid=6628] BPF_MAP_UPDATE_ELEM prog_array name=sys_exit_submit map_fd=17 map_id=367 key=205 prog_fd=66 prog_id=210 flags=0 ret=0 errno=0
[386.058437 pid=6620 tid=6628] native-loader jit-info prog_array-target fd=66 id=210 type=17 name=sys_exit_submit tag=07fb247c2a62a43e jited_len=12117 xlated_len=20536 nr_jited_ksyms=1 ksym0=0xffffffffc040b60c ksym1=0x0
[386.058530 pid=6620 tid=6628] BPF_MAP_UPDATE_ELEM prog_array name=sys_exit_submit map_fd=17 map_id=367 key=206 prog_fd=66 prog_id=210 flags=0 ret=0 errno=0
[386.058613 pid=6620 tid=6628] native-loader jit-info prog_array-target fd=66 id=210 type=17 name=sys_exit_submit tag=07fb247c2a62a43e jited_len=12117 xlated_len=20536 nr_jited_ksyms=1 ksym0=0xffffffffc040b60c ksym1=0x0
[386.058706 pid=6620 tid=6628] BPF_MAP_UPDATE_ELEM prog_array name=sys_exit_submit map_fd=17 map_id=367 key=207 prog_fd=66 prog_id=210 flags=0 ret=0 errno=0
[386.058789 pid=6620 tid=6628] native-loader jit-info prog_array-target fd=66 id=210 type=17 name=sys_exit_submit tag=07fb247c2a62a43e jited_len=12117 xlated_len=20536 nr_jited_ksyms=1 ksym0=0xffffffffc040b60c ksym1=0x0
[386.058882 pid=6620 tid=6628] BPF_MAP_UPDATE_ELEM prog_array name=sys_exit_submit map_fd=17 map_id=367 key=208 prog_fd=66 prog_id=210 flags=0 ret=0 errno=0
[386.058964 pid=6620 tid=6628] native-loader jit-info prog_array-target fd=66 id=210 type=17 name=sys_exit_submit tag=07fb247c2a62a43e jited_len=12117 xlated_len=20536 nr_jited_ksyms=1 ksym0=0xffffffffc040b60c ksym1=0x0
[386.059058 pid=6620 tid=6628] BPF_MAP_UPDATE_ELEM prog_array name=sys_exit_submit map_fd=17 map_id=367 key=209 prog_fd=66 prog_id=210 flags=0 ret=0 errno=0
[386.059141 pid=6620 tid=6628] native-loader jit-info prog_array-target fd=66 id=210 type=17 name=sys_exit_submit tag=07fb247c2a62a43e jited_len=12117 xlated_len=20536 nr_jited_ksyms=1 ksym0=0xffffffffc040b60c ksym1=0x0
[386.059234 pid=6620 tid=6628] BPF_MAP_UPDATE_ELEM prog_array name=sys_exit_submit map_fd=17 map_id=367 key=210 prog_fd=66 prog_id=210 flags=0 ret=0 errno=0
[386.059317 pid=6620 tid=6628] native-loader jit-info prog_array-target fd=66 id=210 type=17 name=sys_exit_submit tag=07fb247c2a62a43e jited_len=12117 xlated_len=20536 nr_jited_ksyms=1 ksym0=0xffffffffc040b60c ksym1=0x0
[386.059412 pid=6620 tid=6628] BPF_MAP_UPDATE_ELEM prog_array name=sys_exit_submit map_fd=17 map_id=367 key=211 prog_fd=66 prog_id=210 flags=0 ret=0 errno=0
[386.059496 pid=6620 tid=6628] native-loader jit-info prog_array-target fd=66 id=210 type=17 name=sys_exit_submit tag=07fb247c2a62a43e jited_len=12117 xlated_len=20536 nr_jited_ksyms=1 ksym0=0xffffffffc040b60c ksym1=0x0
[386.059590 pid=6620 tid=6628] BPF_MAP_UPDATE_ELEM prog_array name=sys_exit_submit map_fd=17 map_id=367 key=212 prog_fd=66 prog_id=210 flags=0 ret=0 errno=0
[386.059673 pid=6620 tid=6628] native-loader jit-info prog_array-target fd=66 id=210 type=17 name=sys_exit_submit tag=07fb247c2a62a43e jited_len=12117 xlated_len=20536 nr_jited_ksyms=1 ksym0=0xffffffffc040b60c ksym1=0x0
[386.059766 pid=6620 tid=6628] BPF_MAP_UPDATE_ELEM prog_array name=sys_exit_submit map_fd=17 map_id=367 key=213 prog_fd=66 prog_id=210 flags=0 ret=0 errno=0
[386.059849 pid=6620 tid=6628] native-loader jit-info prog_array-target fd=66 id=210 type=17 name=sys_exit_submit tag=07fb247c2a62a43e jited_len=12117 xlated_len=20536 nr_jited_ksyms=1 ksym0=0xffffffffc040b60c ksym1=0x0
[386.059942 pid=6620 tid=6628] BPF_MAP_UPDATE_ELEM prog_array name=sys_exit_submit map_fd=17 map_id=367 key=214 prog_fd=66 prog_id=210 flags=0 ret=0 errno=0
[386.060026 pid=6620 tid=6628] native-loader jit-info prog_array-target fd=66 id=210 type=17 name=sys_exit_submit tag=07fb247c2a62a43e jited_len=12117 xlated_len=20536 nr_jited_ksyms=1 ksym0=0xffffffffc040b60c ksym1=0x0
[386.060118 pid=6620 tid=6628] BPF_MAP_UPDATE_ELEM prog_array name=sys_exit_submit map_fd=17 map_id=367 key=215 prog_fd=66 prog_id=210 flags=0 ret=0 errno=0
[386.060201 pid=6620 tid=6628] native-loader jit-info prog_array-target fd=66 id=210 type=17 name=sys_exit_submit tag=07fb247c2a62a43e jited_len=12117 xlated_len=20536 nr_jited_ksyms=1 ksym0=0xffffffffc040b60c ksym1=0x0
[386.060295 pid=6620 tid=6628] BPF_MAP_UPDATE_ELEM prog_array name=sys_exit_submit map_fd=17 map_id=367 key=216 prog_fd=66 prog_id=210 flags=0 ret=0 errno=0
[386.060380 pid=6620 tid=6628] native-loader jit-info prog_array-target fd=66 id=210 type=17 name=sys_exit_submit tag=07fb247c2a62a43e jited_len=12117 xlated_len=20536 nr_jited_ksyms=1 ksym0=0xffffffffc040b60c ksym1=0x0
[386.060474 pid=6620 tid=6628] BPF_MAP_UPDATE_ELEM prog_array name=sys_exit_submit map_fd=17 map_id=367 key=217 prog_fd=66 prog_id=210 flags=0 ret=0 errno=0
[386.060558 pid=6620 tid=6628] native-loader jit-info prog_array-target fd=66 id=210 type=17 name=sys_exit_submit tag=07fb247c2a62a43e jited_len=12117 xlated_len=20536 nr_jited_ksyms=1 ksym0=0xffffffffc040b60c ksym1=0x0
[386.060651 pid=6620 tid=6628] BPF_MAP_UPDATE_ELEM prog_array name=sys_exit_submit map_fd=17 map_id=367 key=218 prog_fd=66 prog_id=210 flags=0 ret=0 errno=0
[386.060734 pid=6620 tid=6628] native-loader jit-info prog_array-target fd=66 id=210 type=17 name=sys_exit_submit tag=07fb247c2a62a43e jited_len=12117 xlated_len=20536 nr_jited_ksyms=1 ksym0=0xffffffffc040b60c ksym1=0x0
[386.060827 pid=6620 tid=6628] BPF_MAP_UPDATE_ELEM prog_array name=sys_exit_submit map_fd=17 map_id=367 key=219 prog_fd=66 prog_id=210 flags=0 ret=0 errno=0
[386.060910 pid=6620 tid=6628] native-loader jit-info prog_array-target fd=66 id=210 type=17 name=sys_exit_submit tag=07fb247c2a62a43e jited_len=12117 xlated_len=20536 nr_jited_ksyms=1 ksym0=0xffffffffc040b60c ksym1=0x0
[386.061003 pid=6620 tid=6628] BPF_MAP_UPDATE_ELEM prog_array name=sys_exit_submit map_fd=17 map_id=367 key=220 prog_fd=66 prog_id=210 flags=0 ret=0 errno=0
[386.061086 pid=6620 tid=6628] native-loader jit-info prog_array-target fd=66 id=210 type=17 name=sys_exit_submit tag=07fb247c2a62a43e jited_len=12117 xlated_len=20536 nr_jited_ksyms=1 ksym0=0xffffffffc040b60c ksym1=0x0
[386.061178 pid=6620 tid=6628] BPF_MAP_UPDATE_ELEM prog_array name=sys_exit_submit map_fd=17 map_id=367 key=221 prog_fd=66 prog_id=210 flags=0 ret=0 errno=0
[386.061261 pid=6620 tid=6628] native-loader jit-info prog_array-target fd=66 id=210 type=17 name=sys_exit_submit tag=07fb247c2a62a43e jited_len=12117 xlated_len=20536 nr_jited_ksyms=1 ksym0=0xffffffffc040b60c ksym1=0x0
[386.061357 pid=6620 tid=6628] BPF_MAP_UPDATE_ELEM prog_array name=sys_exit_submit map_fd=17 map_id=367 key=222 prog_fd=66 prog_id=210 flags=0 ret=0 errno=0
[386.061440 pid=6620 tid=6628] native-loader jit-info prog_array-target fd=66 id=210 type=17 name=sys_exit_submit tag=07fb247c2a62a43e jited_len=12117 xlated_len=20536 nr_jited_ksyms=1 ksym0=0xffffffffc040b60c ksym1=0x0
[386.061533 pid=6620 tid=6628] BPF_MAP_UPDATE_ELEM prog_array name=sys_exit_submit map_fd=17 map_id=367 key=223 prog_fd=66 prog_id=210 flags=0 ret=0 errno=0
[386.061616 pid=6620 tid=6628] native-loader jit-info prog_array-target fd=66 id=210 type=17 name=sys_exit_submit tag=07fb247c2a62a43e jited_len=12117 xlated_len=20536 nr_jited_ksyms=1 ksym0=0xffffffffc040b60c ksym1=0x0
[386.061709 pid=6620 tid=6628] BPF_MAP_UPDATE_ELEM prog_array name=sys_exit_submit map_fd=17 map_id=367 key=224 prog_fd=66 prog_id=210 flags=0 ret=0 errno=0
[386.061792 pid=6620 tid=6628] native-loader jit-info prog_array-target fd=66 id=210 type=17 name=sys_exit_submit tag=07fb247c2a62a43e jited_len=12117 xlated_len=20536 nr_jited_ksyms=1 ksym0=0xffffffffc040b60c ksym1=0x0
[386.061885 pid=6620 tid=6628] BPF_MAP_UPDATE_ELEM prog_array name=sys_exit_submit map_fd=17 map_id=367 key=225 prog_fd=66 prog_id=210 flags=0 ret=0 errno=0
[386.061968 pid=6620 tid=6628] native-loader jit-info prog_array-target fd=66 id=210 type=17 name=sys_exit_submit tag=07fb247c2a62a43e jited_len=12117 xlated_len=20536 nr_jited_ksyms=1 ksym0=0xffffffffc040b60c ksym1=0x0
[386.062060 pid=6620 tid=6628] BPF_MAP_UPDATE_ELEM prog_array name=sys_exit_submit map_fd=17 map_id=367 key=226 prog_fd=66 prog_id=210 flags=0 ret=0 errno=0
[386.062143 pid=6620 tid=6628] native-loader jit-info prog_array-target fd=66 id=210 type=17 name=sys_exit_submit tag=07fb247c2a62a43e jited_len=12117 xlated_len=20536 nr_jited_ksyms=1 ksym0=0xffffffffc040b60c ksym1=0x0
[386.062236 pid=6620 tid=6628] BPF_MAP_UPDATE_ELEM prog_array name=sys_exit_submit map_fd=17 map_id=367 key=227 prog_fd=66 prog_id=210 flags=0 ret=0 errno=0
[386.062318 pid=6620 tid=6628] native-loader jit-info prog_array-target fd=66 id=210 type=17 name=sys_exit_submit tag=07fb247c2a62a43e jited_len=12117 xlated_len=20536 nr_jited_ksyms=1 ksym0=0xffffffffc040b60c ksym1=0x0
[386.062413 pid=6620 tid=6628] BPF_MAP_UPDATE_ELEM prog_array name=sys_exit_submit map_fd=17 map_id=367 key=228 prog_fd=66 prog_id=210 flags=0 ret=0 errno=0
[386.062496 pid=6620 tid=6628] native-loader jit-info prog_array-target fd=66 id=210 type=17 name=sys_exit_submit tag=07fb247c2a62a43e jited_len=12117 xlated_len=20536 nr_jited_ksyms=1 ksym0=0xffffffffc040b60c ksym1=0x0
[386.062588 pid=6620 tid=6628] BPF_MAP_UPDATE_ELEM prog_array name=sys_exit_submit map_fd=17 map_id=367 key=229 prog_fd=66 prog_id=210 flags=0 ret=0 errno=0
[386.062670 pid=6620 tid=6628] native-loader jit-info prog_array-target fd=66 id=210 type=17 name=sys_exit_submit tag=07fb247c2a62a43e jited_len=12117 xlated_len=20536 nr_jited_ksyms=1 ksym0=0xffffffffc040b60c ksym1=0x0
[386.062765 pid=6620 tid=6628] BPF_MAP_UPDATE_ELEM prog_array name=sys_exit_submit map_fd=17 map_id=367 key=230 prog_fd=66 prog_id=210 flags=0 ret=0 errno=0
[386.062859 pid=6620 tid=6628] native-loader jit-info prog_array-target fd=66 id=210 type=17 name=sys_exit_submit tag=07fb247c2a62a43e jited_len=12117 xlated_len=20536 nr_jited_ksyms=1 ksym0=0xffffffffc040b60c ksym1=0x0
[386.062950 pid=6620 tid=6628] BPF_MAP_UPDATE_ELEM prog_array name=sys_exit_submit map_fd=17 map_id=367 key=231 prog_fd=66 prog_id=210 flags=0 ret=0 errno=0
[386.063033 pid=6620 tid=6628] native-loader jit-info prog_array-target fd=66 id=210 type=17 name=sys_exit_submit tag=07fb247c2a62a43e jited_len=12117 xlated_len=20536 nr_jited_ksyms=1 ksym0=0xffffffffc040b60c ksym1=0x0
[386.063127 pid=6620 tid=6628] BPF_MAP_UPDATE_ELEM prog_array name=sys_exit_submit map_fd=17 map_id=367 key=232 prog_fd=66 prog_id=210 flags=0 ret=0 errno=0
[386.063211 pid=6620 tid=6628] native-loader jit-info prog_array-target fd=66 id=210 type=17 name=sys_exit_submit tag=07fb247c2a62a43e jited_len=12117 xlated_len=20536 nr_jited_ksyms=1 ksym0=0xffffffffc040b60c ksym1=0x0
[386.063304 pid=6620 tid=6628] BPF_MAP_UPDATE_ELEM prog_array name=sys_exit_submit map_fd=17 map_id=367 key=233 prog_fd=66 prog_id=210 flags=0 ret=0 errno=0
[386.063390 pid=6620 tid=6628] native-loader jit-info prog_array-target fd=66 id=210 type=17 name=sys_exit_submit tag=07fb247c2a62a43e jited_len=12117 xlated_len=20536 nr_jited_ksyms=1 ksym0=0xffffffffc040b60c ksym1=0x0
[386.063482 pid=6620 tid=6628] BPF_MAP_UPDATE_ELEM prog_array name=sys_exit_submit map_fd=17 map_id=367 key=234 prog_fd=66 prog_id=210 flags=0 ret=0 errno=0
[386.063565 pid=6620 tid=6628] native-loader jit-info prog_array-target fd=66 id=210 type=17 name=sys_exit_submit tag=07fb247c2a62a43e jited_len=12117 xlated_len=20536 nr_jited_ksyms=1 ksym0=0xffffffffc040b60c ksym1=0x0
[386.063658 pid=6620 tid=6628] BPF_MAP_UPDATE_ELEM prog_array name=sys_exit_submit map_fd=17 map_id=367 key=235 prog_fd=66 prog_id=210 flags=0 ret=0 errno=0
[386.063741 pid=6620 tid=6628] native-loader jit-info prog_array-target fd=66 id=210 type=17 name=sys_exit_submit tag=07fb247c2a62a43e jited_len=12117 xlated_len=20536 nr_jited_ksyms=1 ksym0=0xffffffffc040b60c ksym1=0x0
[386.063836 pid=6620 tid=6628] BPF_MAP_UPDATE_ELEM prog_array name=sys_exit_submit map_fd=17 map_id=367 key=236 prog_fd=66 prog_id=210 flags=0 ret=0 errno=0
[386.063918 pid=6620 tid=6628] native-loader jit-info prog_array-target fd=66 id=210 type=17 name=sys_exit_submit tag=07fb247c2a62a43e jited_len=12117 xlated_len=20536 nr_jited_ksyms=1 ksym0=0xffffffffc040b60c ksym1=0x0
[386.064011 pid=6620 tid=6628] BPF_MAP_UPDATE_ELEM prog_array name=sys_exit_submit map_fd=17 map_id=367 key=237 prog_fd=66 prog_id=210 flags=0 ret=0 errno=0
[386.064094 pid=6620 tid=6628] native-loader jit-info prog_array-target fd=66 id=210 type=17 name=sys_exit_submit tag=07fb247c2a62a43e jited_len=12117 xlated_len=20536 nr_jited_ksyms=1 ksym0=0xffffffffc040b60c ksym1=0x0
[386.064187 pid=6620 tid=6628] BPF_MAP_UPDATE_ELEM prog_array name=sys_exit_submit map_fd=17 map_id=367 key=238 prog_fd=66 prog_id=210 flags=0 ret=0 errno=0
[386.064269 pid=6620 tid=6628] native-loader jit-info prog_array-target fd=66 id=210 type=17 name=sys_exit_submit tag=07fb247c2a62a43e jited_len=12117 xlated_len=20536 nr_jited_ksyms=1 ksym0=0xffffffffc040b60c ksym1=0x0
[386.064364 pid=6620 tid=6628] BPF_MAP_UPDATE_ELEM prog_array name=sys_exit_submit map_fd=17 map_id=367 key=239 prog_fd=66 prog_id=210 flags=0 ret=0 errno=0
[386.064447 pid=6620 tid=6628] native-loader jit-info prog_array-target fd=66 id=210 type=17 name=sys_exit_submit tag=07fb247c2a62a43e jited_len=12117 xlated_len=20536 nr_jited_ksyms=1 ksym0=0xffffffffc040b60c ksym1=0x0
[386.064540 pid=6620 tid=6628] BPF_MAP_UPDATE_ELEM prog_array name=sys_exit_submit map_fd=17 map_id=367 key=240 prog_fd=66 prog_id=210 flags=0 ret=0 errno=0
[386.064623 pid=6620 tid=6628] native-loader jit-info prog_array-target fd=66 id=210 type=17 name=sys_exit_submit tag=07fb247c2a62a43e jited_len=12117 xlated_len=20536 nr_jited_ksyms=1 ksym0=0xffffffffc040b60c ksym1=0x0
[386.064717 pid=6620 tid=6628] BPF_MAP_UPDATE_ELEM prog_array name=sys_exit_submit map_fd=17 map_id=367 key=241 prog_fd=66 prog_id=210 flags=0 ret=0 errno=0
[386.064800 pid=6620 tid=6628] native-loader jit-info prog_array-target fd=66 id=210 type=17 name=sys_exit_submit tag=07fb247c2a62a43e jited_len=12117 xlated_len=20536 nr_jited_ksyms=1 ksym0=0xffffffffc040b60c ksym1=0x0
[386.064894 pid=6620 tid=6628] BPF_MAP_UPDATE_ELEM prog_array name=sys_exit_submit map_fd=17 map_id=367 key=242 prog_fd=66 prog_id=210 flags=0 ret=0 errno=0
[386.064977 pid=6620 tid=6628] native-loader jit-info prog_array-target fd=66 id=210 type=17 name=sys_exit_submit tag=07fb247c2a62a43e jited_len=12117 xlated_len=20536 nr_jited_ksyms=1 ksym0=0xffffffffc040b60c ksym1=0x0
[386.065070 pid=6620 tid=6628] BPF_MAP_UPDATE_ELEM prog_array name=sys_exit_submit map_fd=17 map_id=367 key=243 prog_fd=66 prog_id=210 flags=0 ret=0 errno=0
[386.065153 pid=6620 tid=6628] native-loader jit-info prog_array-target fd=66 id=210 type=17 name=sys_exit_submit tag=07fb247c2a62a43e jited_len=12117 xlated_len=20536 nr_jited_ksyms=1 ksym0=0xffffffffc040b60c ksym1=0x0
[386.065245 pid=6620 tid=6628] BPF_MAP_UPDATE_ELEM prog_array name=sys_exit_submit map_fd=17 map_id=367 key=244 prog_fd=66 prog_id=210 flags=0 ret=0 errno=0
[386.065328 pid=6620 tid=6628] native-loader jit-info prog_array-target fd=66 id=210 type=17 name=sys_exit_submit tag=07fb247c2a62a43e jited_len=12117 xlated_len=20536 nr_jited_ksyms=1 ksym0=0xffffffffc040b60c ksym1=0x0
[386.065423 pid=6620 tid=6628] BPF_MAP_UPDATE_ELEM prog_array name=sys_exit_submit map_fd=17 map_id=367 key=245 prog_fd=66 prog_id=210 flags=0 ret=0 errno=0
[386.065505 pid=6620 tid=6628] native-loader jit-info prog_array-target fd=66 id=210 type=17 name=sys_exit_submit tag=07fb247c2a62a43e jited_len=12117 xlated_len=20536 nr_jited_ksyms=1 ksym0=0xffffffffc040b60c ksym1=0x0
[386.065598 pid=6620 tid=6628] BPF_MAP_UPDATE_ELEM prog_array name=sys_exit_submit map_fd=17 map_id=367 key=246 prog_fd=66 prog_id=210 flags=0 ret=0 errno=0
[386.065682 pid=6620 tid=6628] native-loader jit-info prog_array-target fd=66 id=210 type=17 name=sys_exit_submit tag=07fb247c2a62a43e jited_len=12117 xlated_len=20536 nr_jited_ksyms=1 ksym0=0xffffffffc040b60c ksym1=0x0
[386.065776 pid=6620 tid=6628] BPF_MAP_UPDATE_ELEM prog_array name=sys_exit_submit map_fd=17 map_id=367 key=247 prog_fd=66 prog_id=210 flags=0 ret=0 errno=0
[386.065860 pid=6620 tid=6628] native-loader jit-info prog_array-target fd=66 id=210 type=17 name=sys_exit_submit tag=07fb247c2a62a43e jited_len=12117 xlated_len=20536 nr_jited_ksyms=1 ksym0=0xffffffffc040b60c ksym1=0x0
[386.065952 pid=6620 tid=6628] BPF_MAP_UPDATE_ELEM prog_array name=sys_exit_submit map_fd=17 map_id=367 key=248 prog_fd=66 prog_id=210 flags=0 ret=0 errno=0
[386.066034 pid=6620 tid=6628] native-loader jit-info prog_array-target fd=66 id=210 type=17 name=sys_exit_submit tag=07fb247c2a62a43e jited_len=12117 xlated_len=20536 nr_jited_ksyms=1 ksym0=0xffffffffc040b60c ksym1=0x0
[386.066127 pid=6620 tid=6628] BPF_MAP_UPDATE_ELEM prog_array name=sys_exit_submit map_fd=17 map_id=367 key=249 prog_fd=66 prog_id=210 flags=0 ret=0 errno=0
[386.066210 pid=6620 tid=6628] native-loader jit-info prog_array-target fd=66 id=210 type=17 name=sys_exit_submit tag=07fb247c2a62a43e jited_len=12117 xlated_len=20536 nr_jited_ksyms=1 ksym0=0xffffffffc040b60c ksym1=0x0
[386.066302 pid=6620 tid=6628] BPF_MAP_UPDATE_ELEM prog_array name=sys_exit_submit map_fd=17 map_id=367 key=250 prog_fd=66 prog_id=210 flags=0 ret=0 errno=0
[386.066387 pid=6620 tid=6628] native-loader jit-info prog_array-target fd=66 id=210 type=17 name=sys_exit_submit tag=07fb247c2a62a43e jited_len=12117 xlated_len=20536 nr_jited_ksyms=1 ksym0=0xffffffffc040b60c ksym1=0x0
[386.066480 pid=6620 tid=6628] BPF_MAP_UPDATE_ELEM prog_array name=sys_exit_submit map_fd=17 map_id=367 key=251 prog_fd=66 prog_id=210 flags=0 ret=0 errno=0
[386.066563 pid=6620 tid=6628] native-loader jit-info prog_array-target fd=66 id=210 type=17 name=sys_exit_submit tag=07fb247c2a62a43e jited_len=12117 xlated_len=20536 nr_jited_ksyms=1 ksym0=0xffffffffc040b60c ksym1=0x0
[386.066656 pid=6620 tid=6628] BPF_MAP_UPDATE_ELEM prog_array name=sys_exit_submit map_fd=17 map_id=367 key=252 prog_fd=66 prog_id=210 flags=0 ret=0 errno=0
[386.066738 pid=6620 tid=6628] native-loader jit-info prog_array-target fd=66 id=210 type=17 name=sys_exit_submit tag=07fb247c2a62a43e jited_len=12117 xlated_len=20536 nr_jited_ksyms=1 ksym0=0xffffffffc040b60c ksym1=0x0
[386.066831 pid=6620 tid=6628] BPF_MAP_UPDATE_ELEM prog_array name=sys_exit_submit map_fd=17 map_id=367 key=253 prog_fd=66 prog_id=210 flags=0 ret=0 errno=0
[386.066914 pid=6620 tid=6628] native-loader jit-info prog_array-target fd=66 id=210 type=17 name=sys_exit_submit tag=07fb247c2a62a43e jited_len=12117 xlated_len=20536 nr_jited_ksyms=1 ksym0=0xffffffffc040b60c ksym1=0x0
[386.067006 pid=6620 tid=6628] BPF_MAP_UPDATE_ELEM prog_array name=sys_exit_submit map_fd=17 map_id=367 key=254 prog_fd=66 prog_id=210 flags=0 ret=0 errno=0
[386.067089 pid=6620 tid=6628] native-loader jit-info prog_array-target fd=66 id=210 type=17 name=sys_exit_submit tag=07fb247c2a62a43e jited_len=12117 xlated_len=20536 nr_jited_ksyms=1 ksym0=0xffffffffc040b60c ksym1=0x0
[386.067182 pid=6620 tid=6628] BPF_MAP_UPDATE_ELEM prog_array name=sys_exit_submit map_fd=17 map_id=367 key=255 prog_fd=66 prog_id=210 flags=0 ret=0 errno=0
[386.067264 pid=6620 tid=6628] native-loader jit-info prog_array-target fd=66 id=210 type=17 name=sys_exit_submit tag=07fb247c2a62a43e jited_len=12117 xlated_len=20536 nr_jited_ksyms=1 ksym0=0xffffffffc040b60c ksym1=0x0
[386.067360 pid=6620 tid=6628] BPF_MAP_UPDATE_ELEM prog_array name=sys_exit_submit map_fd=17 map_id=367 key=256 prog_fd=66 prog_id=210 flags=0 ret=0 errno=0
[386.067444 pid=6620 tid=6628] native-loader jit-info prog_array-target fd=66 id=210 type=17 name=sys_exit_submit tag=07fb247c2a62a43e jited_len=12117 xlated_len=20536 nr_jited_ksyms=1 ksym0=0xffffffffc040b60c ksym1=0x0
[386.067537 pid=6620 tid=6628] BPF_MAP_UPDATE_ELEM prog_array name=sys_exit_submit map_fd=17 map_id=367 key=257 prog_fd=66 prog_id=210 flags=0 ret=0 errno=0
[386.067620 pid=6620 tid=6628] native-loader jit-info prog_array-target fd=66 id=210 type=17 name=sys_exit_submit tag=07fb247c2a62a43e jited_len=12117 xlated_len=20536 nr_jited_ksyms=1 ksym0=0xffffffffc040b60c ksym1=0x0
[386.067713 pid=6620 tid=6628] BPF_MAP_UPDATE_ELEM prog_array name=sys_exit_submit map_fd=17 map_id=367 key=258 prog_fd=66 prog_id=210 flags=0 ret=0 errno=0
[386.067796 pid=6620 tid=6628] native-loader jit-info prog_array-target fd=66 id=210 type=17 name=sys_exit_submit tag=07fb247c2a62a43e jited_len=12117 xlated_len=20536 nr_jited_ksyms=1 ksym0=0xffffffffc040b60c ksym1=0x0
[386.067890 pid=6620 tid=6628] BPF_MAP_UPDATE_ELEM prog_array name=sys_exit_submit map_fd=17 map_id=367 key=259 prog_fd=66 prog_id=210 flags=0 ret=0 errno=0
[386.067972 pid=6620 tid=6628] native-loader jit-info prog_array-target fd=66 id=210 type=17 name=sys_exit_submit tag=07fb247c2a62a43e jited_len=12117 xlated_len=20536 nr_jited_ksyms=1 ksym0=0xffffffffc040b60c ksym1=0x0
[386.068065 pid=6620 tid=6628] BPF_MAP_UPDATE_ELEM prog_array name=sys_exit_submit map_fd=17 map_id=367 key=260 prog_fd=66 prog_id=210 flags=0 ret=0 errno=0
[386.068148 pid=6620 tid=6628] native-loader jit-info prog_array-target fd=66 id=210 type=17 name=sys_exit_submit tag=07fb247c2a62a43e jited_len=12117 xlated_len=20536 nr_jited_ksyms=1 ksym0=0xffffffffc040b60c ksym1=0x0
[386.068240 pid=6620 tid=6628] BPF_MAP_UPDATE_ELEM prog_array name=sys_exit_submit map_fd=17 map_id=367 key=261 prog_fd=66 prog_id=210 flags=0 ret=0 errno=0
[386.068324 pid=6620 tid=6628] native-loader jit-info prog_array-target fd=66 id=210 type=17 name=sys_exit_submit tag=07fb247c2a62a43e jited_len=12117 xlated_len=20536 nr_jited_ksyms=1 ksym0=0xffffffffc040b60c ksym1=0x0
[386.068419 pid=6620 tid=6628] BPF_MAP_UPDATE_ELEM prog_array name=sys_exit_submit map_fd=17 map_id=367 key=262 prog_fd=66 prog_id=210 flags=0 ret=0 errno=0
[386.068502 pid=6620 tid=6628] native-loader jit-info prog_array-target fd=66 id=210 type=17 name=sys_exit_submit tag=07fb247c2a62a43e jited_len=12117 xlated_len=20536 nr_jited_ksyms=1 ksym0=0xffffffffc040b60c ksym1=0x0
[386.068595 pid=6620 tid=6628] BPF_MAP_UPDATE_ELEM prog_array name=sys_exit_submit map_fd=17 map_id=367 key=263 prog_fd=66 prog_id=210 flags=0 ret=0 errno=0
[386.068678 pid=6620 tid=6628] native-loader jit-info prog_array-target fd=66 id=210 type=17 name=sys_exit_submit tag=07fb247c2a62a43e jited_len=12117 xlated_len=20536 nr_jited_ksyms=1 ksym0=0xffffffffc040b60c ksym1=0x0
[386.068771 pid=6620 tid=6628] BPF_MAP_UPDATE_ELEM prog_array name=sys_exit_submit map_fd=17 map_id=367 key=264 prog_fd=66 prog_id=210 flags=0 ret=0 errno=0
[386.068853 pid=6620 tid=6628] native-loader jit-info prog_array-target fd=66 id=210 type=17 name=sys_exit_submit tag=07fb247c2a62a43e jited_len=12117 xlated_len=20536 nr_jited_ksyms=1 ksym0=0xffffffffc040b60c ksym1=0x0
[386.068946 pid=6620 tid=6628] BPF_MAP_UPDATE_ELEM prog_array name=sys_exit_submit map_fd=17 map_id=367 key=265 prog_fd=66 prog_id=210 flags=0 ret=0 errno=0
[386.069029 pid=6620 tid=6628] native-loader jit-info prog_array-target fd=66 id=210 type=17 name=sys_exit_submit tag=07fb247c2a62a43e jited_len=12117 xlated_len=20536 nr_jited_ksyms=1 ksym0=0xffffffffc040b60c ksym1=0x0
[386.069122 pid=6620 tid=6628] BPF_MAP_UPDATE_ELEM prog_array name=sys_exit_submit map_fd=17 map_id=367 key=266 prog_fd=66 prog_id=210 flags=0 ret=0 errno=0
[386.069205 pid=6620 tid=6628] native-loader jit-info prog_array-target fd=66 id=210 type=17 name=sys_exit_submit tag=07fb247c2a62a43e jited_len=12117 xlated_len=20536 nr_jited_ksyms=1 ksym0=0xffffffffc040b60c ksym1=0x0
[386.069298 pid=6620 tid=6628] BPF_MAP_UPDATE_ELEM prog_array name=sys_exit_submit map_fd=17 map_id=367 key=267 prog_fd=66 prog_id=210 flags=0 ret=0 errno=0
[386.069382 pid=6620 tid=6628] native-loader jit-info prog_array-target fd=66 id=210 type=17 name=sys_exit_submit tag=07fb247c2a62a43e jited_len=12117 xlated_len=20536 nr_jited_ksyms=1 ksym0=0xffffffffc040b60c ksym1=0x0
[386.069475 pid=6620 tid=6628] BPF_MAP_UPDATE_ELEM prog_array name=sys_exit_submit map_fd=17 map_id=367 key=268 prog_fd=66 prog_id=210 flags=0 ret=0 errno=0
[386.069558 pid=6620 tid=6628] native-loader jit-info prog_array-target fd=66 id=210 type=17 name=sys_exit_submit tag=07fb247c2a62a43e jited_len=12117 xlated_len=20536 nr_jited_ksyms=1 ksym0=0xffffffffc040b60c ksym1=0x0
[386.069650 pid=6620 tid=6628] BPF_MAP_UPDATE_ELEM prog_array name=sys_exit_submit map_fd=17 map_id=367 key=269 prog_fd=66 prog_id=210 flags=0 ret=0 errno=0
[386.069733 pid=6620 tid=6628] native-loader jit-info prog_array-target fd=66 id=210 type=17 name=sys_exit_submit tag=07fb247c2a62a43e jited_len=12117 xlated_len=20536 nr_jited_ksyms=1 ksym0=0xffffffffc040b60c ksym1=0x0
[386.069825 pid=6620 tid=6628] BPF_MAP_UPDATE_ELEM prog_array name=sys_exit_submit map_fd=17 map_id=367 key=270 prog_fd=66 prog_id=210 flags=0 ret=0 errno=0
[386.069909 pid=6620 tid=6628] native-loader jit-info prog_array-target fd=66 id=210 type=17 name=sys_exit_submit tag=07fb247c2a62a43e jited_len=12117 xlated_len=20536 nr_jited_ksyms=1 ksym0=0xffffffffc040b60c ksym1=0x0
[386.070027 pid=6620 tid=6628] BPF_MAP_UPDATE_ELEM prog_array name=sys_exit_submit map_fd=17 map_id=367 key=271 prog_fd=66 prog_id=210 flags=0 ret=0 errno=0
[386.070116 pid=6620 tid=6628] native-loader jit-info prog_array-target fd=66 id=210 type=17 name=sys_exit_submit tag=07fb247c2a62a43e jited_len=12117 xlated_len=20536 nr_jited_ksyms=1 ksym0=0xffffffffc040b60c ksym1=0x0
[386.070209 pid=6620 tid=6628] BPF_MAP_UPDATE_ELEM prog_array name=sys_exit_submit map_fd=17 map_id=367 key=272 prog_fd=66 prog_id=210 flags=0 ret=0 errno=0
[386.070290 pid=6620 tid=6628] native-loader jit-info prog_array-target fd=66 id=210 type=17 name=sys_exit_submit tag=07fb247c2a62a43e jited_len=12117 xlated_len=20536 nr_jited_ksyms=1 ksym0=0xffffffffc040b60c ksym1=0x0
[386.070387 pid=6620 tid=6628] BPF_MAP_UPDATE_ELEM prog_array name=sys_exit_submit map_fd=17 map_id=367 key=273 prog_fd=66 prog_id=210 flags=0 ret=0 errno=0
[386.070469 pid=6620 tid=6628] native-loader jit-info prog_array-target fd=66 id=210 type=17 name=sys_exit_submit tag=07fb247c2a62a43e jited_len=12117 xlated_len=20536 nr_jited_ksyms=1 ksym0=0xffffffffc040b60c ksym1=0x0
[386.070562 pid=6620 tid=6628] BPF_MAP_UPDATE_ELEM prog_array name=sys_exit_submit map_fd=17 map_id=367 key=274 prog_fd=66 prog_id=210 flags=0 ret=0 errno=0
[386.070645 pid=6620 tid=6628] native-loader jit-info prog_array-target fd=66 id=210 type=17 name=sys_exit_submit tag=07fb247c2a62a43e jited_len=12117 xlated_len=20536 nr_jited_ksyms=1 ksym0=0xffffffffc040b60c ksym1=0x0
[386.070738 pid=6620 tid=6628] BPF_MAP_UPDATE_ELEM prog_array name=sys_exit_submit map_fd=17 map_id=367 key=275 prog_fd=66 prog_id=210 flags=0 ret=0 errno=0
[386.070821 pid=6620 tid=6628] native-loader jit-info prog_array-target fd=66 id=210 type=17 name=sys_exit_submit tag=07fb247c2a62a43e jited_len=12117 xlated_len=20536 nr_jited_ksyms=1 ksym0=0xffffffffc040b60c ksym1=0x0
[386.070914 pid=6620 tid=6628] BPF_MAP_UPDATE_ELEM prog_array name=sys_exit_submit map_fd=17 map_id=367 key=276 prog_fd=66 prog_id=210 flags=0 ret=0 errno=0
[386.070996 pid=6620 tid=6628] native-loader jit-info prog_array-target fd=66 id=210 type=17 name=sys_exit_submit tag=07fb247c2a62a43e jited_len=12117 xlated_len=20536 nr_jited_ksyms=1 ksym0=0xffffffffc040b60c ksym1=0x0
[386.071089 pid=6620 tid=6628] BPF_MAP_UPDATE_ELEM prog_array name=sys_exit_submit map_fd=17 map_id=367 key=277 prog_fd=66 prog_id=210 flags=0 ret=0 errno=0
[386.071173 pid=6620 tid=6628] native-loader jit-info prog_array-target fd=66 id=210 type=17 name=sys_exit_submit tag=07fb247c2a62a43e jited_len=12117 xlated_len=20536 nr_jited_ksyms=1 ksym0=0xffffffffc040b60c ksym1=0x0
[386.071265 pid=6620 tid=6628] BPF_MAP_UPDATE_ELEM prog_array name=sys_exit_submit map_fd=17 map_id=367 key=278 prog_fd=66 prog_id=210 flags=0 ret=0 errno=0
[386.071348 pid=6620 tid=6628] native-loader jit-info prog_array-target fd=66 id=210 type=17 name=sys_exit_submit tag=07fb247c2a62a43e jited_len=12117 xlated_len=20536 nr_jited_ksyms=1 ksym0=0xffffffffc040b60c ksym1=0x0
[386.071443 pid=6620 tid=6628] BPF_MAP_UPDATE_ELEM prog_array name=sys_exit_submit map_fd=17 map_id=367 key=279 prog_fd=66 prog_id=210 flags=0 ret=0 errno=0
[386.071526 pid=6620 tid=6628] native-loader jit-info prog_array-target fd=66 id=210 type=17 name=sys_exit_submit tag=07fb247c2a62a43e jited_len=12117 xlated_len=20536 nr_jited_ksyms=1 ksym0=0xffffffffc040b60c ksym1=0x0
[386.071619 pid=6620 tid=6628] BPF_MAP_UPDATE_ELEM prog_array name=sys_exit_submit map_fd=17 map_id=367 key=280 prog_fd=66 prog_id=210 flags=0 ret=0 errno=0
[386.071702 pid=6620 tid=6628] native-loader jit-info prog_array-target fd=66 id=210 type=17 name=sys_exit_submit tag=07fb247c2a62a43e jited_len=12117 xlated_len=20536 nr_jited_ksyms=1 ksym0=0xffffffffc040b60c ksym1=0x0
[386.071795 pid=6620 tid=6628] BPF_MAP_UPDATE_ELEM prog_array name=sys_exit_submit map_fd=17 map_id=367 key=281 prog_fd=66 prog_id=210 flags=0 ret=0 errno=0
[386.071878 pid=6620 tid=6628] native-loader jit-info prog_array-target fd=66 id=210 type=17 name=sys_exit_submit tag=07fb247c2a62a43e jited_len=12117 xlated_len=20536 nr_jited_ksyms=1 ksym0=0xffffffffc040b60c ksym1=0x0
[386.071971 pid=6620 tid=6628] BPF_MAP_UPDATE_ELEM prog_array name=sys_exit_submit map_fd=17 map_id=367 key=282 prog_fd=66 prog_id=210 flags=0 ret=0 errno=0
[386.072053 pid=6620 tid=6628] native-loader jit-info prog_array-target fd=66 id=210 type=17 name=sys_exit_submit tag=07fb247c2a62a43e jited_len=12117 xlated_len=20536 nr_jited_ksyms=1 ksym0=0xffffffffc040b60c ksym1=0x0
[386.072146 pid=6620 tid=6628] BPF_MAP_UPDATE_ELEM prog_array name=sys_exit_submit map_fd=17 map_id=367 key=283 prog_fd=66 prog_id=210 flags=0 ret=0 errno=0
[386.072228 pid=6620 tid=6628] native-loader jit-info prog_array-target fd=66 id=210 type=17 name=sys_exit_submit tag=07fb247c2a62a43e jited_len=12117 xlated_len=20536 nr_jited_ksyms=1 ksym0=0xffffffffc040b60c ksym1=0x0
[386.072320 pid=6620 tid=6628] BPF_MAP_UPDATE_ELEM prog_array name=sys_exit_submit map_fd=17 map_id=367 key=284 prog_fd=66 prog_id=210 flags=0 ret=0 errno=0
[386.072406 pid=6620 tid=6628] native-loader jit-info prog_array-target fd=66 id=210 type=17 name=sys_exit_submit tag=07fb247c2a62a43e jited_len=12117 xlated_len=20536 nr_jited_ksyms=1 ksym0=0xffffffffc040b60c ksym1=0x0
[386.072499 pid=6620 tid=6628] BPF_MAP_UPDATE_ELEM prog_array name=sys_exit_submit map_fd=17 map_id=367 key=285 prog_fd=66 prog_id=210 flags=0 ret=0 errno=0
[386.072582 pid=6620 tid=6628] native-loader jit-info prog_array-target fd=66 id=210 type=17 name=sys_exit_submit tag=07fb247c2a62a43e jited_len=12117 xlated_len=20536 nr_jited_ksyms=1 ksym0=0xffffffffc040b60c ksym1=0x0
[386.072675 pid=6620 tid=6628] BPF_MAP_UPDATE_ELEM prog_array name=sys_exit_submit map_fd=17 map_id=367 key=286 prog_fd=66 prog_id=210 flags=0 ret=0 errno=0
[386.072758 pid=6620 tid=6628] native-loader jit-info prog_array-target fd=66 id=210 type=17 name=sys_exit_submit tag=07fb247c2a62a43e jited_len=12117 xlated_len=20536 nr_jited_ksyms=1 ksym0=0xffffffffc040b60c ksym1=0x0
[386.072851 pid=6620 tid=6628] BPF_MAP_UPDATE_ELEM prog_array name=sys_exit_submit map_fd=17 map_id=367 key=287 prog_fd=66 prog_id=210 flags=0 ret=0 errno=0
[386.072934 pid=6620 tid=6628] native-loader jit-info prog_array-target fd=66 id=210 type=17 name=sys_exit_submit tag=07fb247c2a62a43e jited_len=12117 xlated_len=20536 nr_jited_ksyms=1 ksym0=0xffffffffc040b60c ksym1=0x0
[386.073027 pid=6620 tid=6628] BPF_MAP_UPDATE_ELEM prog_array name=sys_exit_submit map_fd=17 map_id=367 key=288 prog_fd=66 prog_id=210 flags=0 ret=0 errno=0
[386.073111 pid=6620 tid=6628] native-loader jit-info prog_array-target fd=66 id=210 type=17 name=sys_exit_submit tag=07fb247c2a62a43e jited_len=12117 xlated_len=20536 nr_jited_ksyms=1 ksym0=0xffffffffc040b60c ksym1=0x0
[386.073203 pid=6620 tid=6628] BPF_MAP_UPDATE_ELEM prog_array name=sys_exit_submit map_fd=17 map_id=367 key=289 prog_fd=66 prog_id=210 flags=0 ret=0 errno=0
[386.073286 pid=6620 tid=6628] native-loader jit-info prog_array-target fd=66 id=210 type=17 name=sys_exit_submit tag=07fb247c2a62a43e jited_len=12117 xlated_len=20536 nr_jited_ksyms=1 ksym0=0xffffffffc040b60c ksym1=0x0
[386.073381 pid=6620 tid=6628] BPF_MAP_UPDATE_ELEM prog_array name=sys_exit_submit map_fd=17 map_id=367 key=290 prog_fd=66 prog_id=210 flags=0 ret=0 errno=0
[386.073464 pid=6620 tid=6628] native-loader jit-info prog_array-target fd=66 id=210 type=17 name=sys_exit_submit tag=07fb247c2a62a43e jited_len=12117 xlated_len=20536 nr_jited_ksyms=1 ksym0=0xffffffffc040b60c ksym1=0x0
[386.073556 pid=6620 tid=6628] BPF_MAP_UPDATE_ELEM prog_array name=sys_exit_submit map_fd=17 map_id=367 key=291 prog_fd=66 prog_id=210 flags=0 ret=0 errno=0
[386.073638 pid=6620 tid=6628] native-loader jit-info prog_array-target fd=66 id=210 type=17 name=sys_exit_submit tag=07fb247c2a62a43e jited_len=12117 xlated_len=20536 nr_jited_ksyms=1 ksym0=0xffffffffc040b60c ksym1=0x0
[386.073731 pid=6620 tid=6628] BPF_MAP_UPDATE_ELEM prog_array name=sys_exit_submit map_fd=17 map_id=367 key=293 prog_fd=66 prog_id=210 flags=0 ret=0 errno=0
[386.073814 pid=6620 tid=6628] native-loader jit-info prog_array-target fd=66 id=210 type=17 name=sys_exit_submit tag=07fb247c2a62a43e jited_len=12117 xlated_len=20536 nr_jited_ksyms=1 ksym0=0xffffffffc040b60c ksym1=0x0
[386.073907 pid=6620 tid=6628] BPF_MAP_UPDATE_ELEM prog_array name=sys_exit_submit map_fd=17 map_id=367 key=294 prog_fd=66 prog_id=210 flags=0 ret=0 errno=0
[386.073990 pid=6620 tid=6628] native-loader jit-info prog_array-target fd=66 id=210 type=17 name=sys_exit_submit tag=07fb247c2a62a43e jited_len=12117 xlated_len=20536 nr_jited_ksyms=1 ksym0=0xffffffffc040b60c ksym1=0x0
[386.074082 pid=6620 tid=6628] BPF_MAP_UPDATE_ELEM prog_array name=sys_exit_submit map_fd=17 map_id=367 key=295 prog_fd=66 prog_id=210 flags=0 ret=0 errno=0
[386.074166 pid=6620 tid=6628] native-loader jit-info prog_array-target fd=66 id=210 type=17 name=sys_exit_submit tag=07fb247c2a62a43e jited_len=12117 xlated_len=20536 nr_jited_ksyms=1 ksym0=0xffffffffc040b60c ksym1=0x0
[386.074259 pid=6620 tid=6628] BPF_MAP_UPDATE_ELEM prog_array name=sys_exit_submit map_fd=17 map_id=367 key=296 prog_fd=66 prog_id=210 flags=0 ret=0 errno=0
[386.074342 pid=6620 tid=6628] native-loader jit-info prog_array-target fd=66 id=210 type=17 name=sys_exit_submit tag=07fb247c2a62a43e jited_len=12117 xlated_len=20536 nr_jited_ksyms=1 ksym0=0xffffffffc040b60c ksym1=0x0
[386.074436 pid=6620 tid=6628] BPF_MAP_UPDATE_ELEM prog_array name=sys_exit_submit map_fd=17 map_id=367 key=297 prog_fd=66 prog_id=210 flags=0 ret=0 errno=0
[386.074519 pid=6620 tid=6628] native-loader jit-info prog_array-target fd=66 id=210 type=17 name=sys_exit_submit tag=07fb247c2a62a43e jited_len=12117 xlated_len=20536 nr_jited_ksyms=1 ksym0=0xffffffffc040b60c ksym1=0x0
[386.074612 pid=6620 tid=6628] BPF_MAP_UPDATE_ELEM prog_array name=sys_exit_submit map_fd=17 map_id=367 key=298 prog_fd=66 prog_id=210 flags=0 ret=0 errno=0
[386.074695 pid=6620 tid=6628] native-loader jit-info prog_array-target fd=66 id=210 type=17 name=sys_exit_submit tag=07fb247c2a62a43e jited_len=12117 xlated_len=20536 nr_jited_ksyms=1 ksym0=0xffffffffc040b60c ksym1=0x0
[386.074789 pid=6620 tid=6628] BPF_MAP_UPDATE_ELEM prog_array name=sys_exit_submit map_fd=17 map_id=367 key=299 prog_fd=66 prog_id=210 flags=0 ret=0 errno=0
[386.074872 pid=6620 tid=6628] native-loader jit-info prog_array-target fd=66 id=210 type=17 name=sys_exit_submit tag=07fb247c2a62a43e jited_len=12117 xlated_len=20536 nr_jited_ksyms=1 ksym0=0xffffffffc040b60c ksym1=0x0
[386.074965 pid=6620 tid=6628] BPF_MAP_UPDATE_ELEM prog_array name=sys_exit_submit map_fd=17 map_id=367 key=300 prog_fd=66 prog_id=210 flags=0 ret=0 errno=0
[386.075047 pid=6620 tid=6628] native-loader jit-info prog_array-target fd=66 id=210 type=17 name=sys_exit_submit tag=07fb247c2a62a43e jited_len=12117 xlated_len=20536 nr_jited_ksyms=1 ksym0=0xffffffffc040b60c ksym1=0x0
[386.075140 pid=6620 tid=6628] BPF_MAP_UPDATE_ELEM prog_array name=sys_exit_submit map_fd=17 map_id=367 key=301 prog_fd=66 prog_id=210 flags=0 ret=0 errno=0
[386.075222 pid=6620 tid=6628] native-loader jit-info prog_array-target fd=66 id=210 type=17 name=sys_exit_submit tag=07fb247c2a62a43e jited_len=12117 xlated_len=20536 nr_jited_ksyms=1 ksym0=0xffffffffc040b60c ksym1=0x0
[386.075316 pid=6620 tid=6628] BPF_MAP_UPDATE_ELEM prog_array name=sys_exit_submit map_fd=17 map_id=367 key=302 prog_fd=66 prog_id=210 flags=0 ret=0 errno=0
[386.075373 pid=6620 tid=6628] native-loader jit-info prog_array-target fd=66 id=210 type=17 name=sys_exit_submit tag=07fb247c2a62a43e jited_len=12117 xlated_len=20536 nr_jited_ksyms=1 ksym0=0xffffffffc040b60c ksym1=0x0
[386.075466 pid=6620 tid=6628] BPF_MAP_UPDATE_ELEM prog_array name=sys_exit_submit map_fd=17 map_id=367 key=303 prog_fd=66 prog_id=210 flags=0 ret=0 errno=0
[386.075548 pid=6620 tid=6628] native-loader jit-info prog_array-target fd=66 id=210 type=17 name=sys_exit_submit tag=07fb247c2a62a43e jited_len=12117 xlated_len=20536 nr_jited_ksyms=1 ksym0=0xffffffffc040b60c ksym1=0x0
[386.075641 pid=6620 tid=6628] BPF_MAP_UPDATE_ELEM prog_array name=sys_exit_submit map_fd=17 map_id=367 key=304 prog_fd=66 prog_id=210 flags=0 ret=0 errno=0
[386.075724 pid=6620 tid=6628] native-loader jit-info prog_array-target fd=66 id=210 type=17 name=sys_exit_submit tag=07fb247c2a62a43e jited_len=12117 xlated_len=20536 nr_jited_ksyms=1 ksym0=0xffffffffc040b60c ksym1=0x0
[386.075816 pid=6620 tid=6628] BPF_MAP_UPDATE_ELEM prog_array name=sys_exit_submit map_fd=17 map_id=367 key=305 prog_fd=66 prog_id=210 flags=0 ret=0 errno=0
[386.075899 pid=6620 tid=6628] native-loader jit-info prog_array-target fd=66 id=210 type=17 name=sys_exit_submit tag=07fb247c2a62a43e jited_len=12117 xlated_len=20536 nr_jited_ksyms=1 ksym0=0xffffffffc040b60c ksym1=0x0
[386.075993 pid=6620 tid=6628] BPF_MAP_UPDATE_ELEM prog_array name=sys_exit_submit map_fd=17 map_id=367 key=306 prog_fd=66 prog_id=210 flags=0 ret=0 errno=0
[386.076075 pid=6620 tid=6628] native-loader jit-info prog_array-target fd=66 id=210 type=17 name=sys_exit_submit tag=07fb247c2a62a43e jited_len=12117 xlated_len=20536 nr_jited_ksyms=1 ksym0=0xffffffffc040b60c ksym1=0x0
[386.076168 pid=6620 tid=6628] BPF_MAP_UPDATE_ELEM prog_array name=sys_exit_submit map_fd=17 map_id=367 key=307 prog_fd=66 prog_id=210 flags=0 ret=0 errno=0
[386.076250 pid=6620 tid=6628] native-loader jit-info prog_array-target fd=66 id=210 type=17 name=sys_exit_submit tag=07fb247c2a62a43e jited_len=12117 xlated_len=20536 nr_jited_ksyms=1 ksym0=0xffffffffc040b60c ksym1=0x0
[386.076344 pid=6620 tid=6628] BPF_MAP_UPDATE_ELEM prog_array name=sys_exit_submit map_fd=17 map_id=367 key=308 prog_fd=66 prog_id=210 flags=0 ret=0 errno=0
[386.076428 pid=6620 tid=6628] native-loader jit-info prog_array-target fd=66 id=210 type=17 name=sys_exit_submit tag=07fb247c2a62a43e jited_len=12117 xlated_len=20536 nr_jited_ksyms=1 ksym0=0xffffffffc040b60c ksym1=0x0
[386.076521 pid=6620 tid=6628] BPF_MAP_UPDATE_ELEM prog_array name=sys_exit_submit map_fd=17 map_id=367 key=309 prog_fd=66 prog_id=210 flags=0 ret=0 errno=0
[386.076605 pid=6620 tid=6628] native-loader jit-info prog_array-target fd=66 id=210 type=17 name=sys_exit_submit tag=07fb247c2a62a43e jited_len=12117 xlated_len=20536 nr_jited_ksyms=1 ksym0=0xffffffffc040b60c ksym1=0x0
[386.076699 pid=6620 tid=6628] BPF_MAP_UPDATE_ELEM prog_array name=sys_exit_submit map_fd=17 map_id=367 key=310 prog_fd=66 prog_id=210 flags=0 ret=0 errno=0
[386.076782 pid=6620 tid=6628] native-loader jit-info prog_array-target fd=66 id=210 type=17 name=sys_exit_submit tag=07fb247c2a62a43e jited_len=12117 xlated_len=20536 nr_jited_ksyms=1 ksym0=0xffffffffc040b60c ksym1=0x0
[386.076876 pid=6620 tid=6628] BPF_MAP_UPDATE_ELEM prog_array name=sys_exit_submit map_fd=17 map_id=367 key=312 prog_fd=66 prog_id=210 flags=0 ret=0 errno=0
[386.076958 pid=6620 tid=6628] native-loader jit-info prog_array-target fd=66 id=210 type=17 name=sys_exit_submit tag=07fb247c2a62a43e jited_len=12117 xlated_len=20536 nr_jited_ksyms=1 ksym0=0xffffffffc040b60c ksym1=0x0
[386.077049 pid=6620 tid=6628] BPF_MAP_UPDATE_ELEM prog_array name=sys_exit_submit map_fd=17 map_id=367 key=313 prog_fd=66 prog_id=210 flags=0 ret=0 errno=0
[386.077132 pid=6620 tid=6628] native-loader jit-info prog_array-target fd=66 id=210 type=17 name=sys_exit_submit tag=07fb247c2a62a43e jited_len=12117 xlated_len=20536 nr_jited_ksyms=1 ksym0=0xffffffffc040b60c ksym1=0x0
[386.077224 pid=6620 tid=6628] BPF_MAP_UPDATE_ELEM prog_array name=sys_exit_submit map_fd=17 map_id=367 key=314 prog_fd=66 prog_id=210 flags=0 ret=0 errno=0
[386.077307 pid=6620 tid=6628] native-loader jit-info prog_array-target fd=66 id=210 type=17 name=sys_exit_submit tag=07fb247c2a62a43e jited_len=12117 xlated_len=20536 nr_jited_ksyms=1 ksym0=0xffffffffc040b60c ksym1=0x0
[386.077403 pid=6620 tid=6628] BPF_MAP_UPDATE_ELEM prog_array name=sys_exit_submit map_fd=17 map_id=367 key=315 prog_fd=66 prog_id=210 flags=0 ret=0 errno=0
[386.077486 pid=6620 tid=6628] native-loader jit-info prog_array-target fd=66 id=210 type=17 name=sys_exit_submit tag=07fb247c2a62a43e jited_len=12117 xlated_len=20536 nr_jited_ksyms=1 ksym0=0xffffffffc040b60c ksym1=0x0
[386.077579 pid=6620 tid=6628] BPF_MAP_UPDATE_ELEM prog_array name=sys_exit_submit map_fd=17 map_id=367 key=316 prog_fd=66 prog_id=210 flags=0 ret=0 errno=0
[386.077661 pid=6620 tid=6628] native-loader jit-info prog_array-target fd=66 id=210 type=17 name=sys_exit_submit tag=07fb247c2a62a43e jited_len=12117 xlated_len=20536 nr_jited_ksyms=1 ksym0=0xffffffffc040b60c ksym1=0x0
[386.077754 pid=6620 tid=6628] BPF_MAP_UPDATE_ELEM prog_array name=sys_exit_submit map_fd=17 map_id=367 key=317 prog_fd=66 prog_id=210 flags=0 ret=0 errno=0
[386.077837 pid=6620 tid=6628] native-loader jit-info prog_array-target fd=66 id=210 type=17 name=sys_exit_submit tag=07fb247c2a62a43e jited_len=12117 xlated_len=20536 nr_jited_ksyms=1 ksym0=0xffffffffc040b60c ksym1=0x0
[386.077931 pid=6620 tid=6628] BPF_MAP_UPDATE_ELEM prog_array name=sys_exit_submit map_fd=17 map_id=367 key=318 prog_fd=66 prog_id=210 flags=0 ret=0 errno=0
[386.078013 pid=6620 tid=6628] native-loader jit-info prog_array-target fd=66 id=210 type=17 name=sys_exit_submit tag=07fb247c2a62a43e jited_len=12117 xlated_len=20536 nr_jited_ksyms=1 ksym0=0xffffffffc040b60c ksym1=0x0
[386.078106 pid=6620 tid=6628] BPF_MAP_UPDATE_ELEM prog_array name=sys_exit_submit map_fd=17 map_id=367 key=319 prog_fd=66 prog_id=210 flags=0 ret=0 errno=0
[386.078188 pid=6620 tid=6628] native-loader jit-info prog_array-target fd=66 id=210 type=17 name=sys_exit_submit tag=07fb247c2a62a43e jited_len=12117 xlated_len=20536 nr_jited_ksyms=1 ksym0=0xffffffffc040b60c ksym1=0x0
[386.078280 pid=6620 tid=6628] BPF_MAP_UPDATE_ELEM prog_array name=sys_exit_submit map_fd=17 map_id=367 key=320 prog_fd=66 prog_id=210 flags=0 ret=0 errno=0
[386.078364 pid=6620 tid=6628] native-loader jit-info prog_array-target fd=66 id=210 type=17 name=sys_exit_submit tag=07fb247c2a62a43e jited_len=12117 xlated_len=20536 nr_jited_ksyms=1 ksym0=0xffffffffc040b60c ksym1=0x0
[386.078457 pid=6620 tid=6628] BPF_MAP_UPDATE_ELEM prog_array name=sys_exit_submit map_fd=17 map_id=367 key=321 prog_fd=66 prog_id=210 flags=0 ret=0 errno=0
[386.078539 pid=6620 tid=6628] native-loader jit-info prog_array-target fd=66 id=210 type=17 name=sys_exit_submit tag=07fb247c2a62a43e jited_len=12117 xlated_len=20536 nr_jited_ksyms=1 ksym0=0xffffffffc040b60c ksym1=0x0
[386.078632 pid=6620 tid=6628] BPF_MAP_UPDATE_ELEM prog_array name=sys_exit_submit map_fd=17 map_id=367 key=322 prog_fd=66 prog_id=210 flags=0 ret=0 errno=0
[386.078715 pid=6620 tid=6628] native-loader jit-info prog_array-target fd=66 id=210 type=17 name=sys_exit_submit tag=07fb247c2a62a43e jited_len=12117 xlated_len=20536 nr_jited_ksyms=1 ksym0=0xffffffffc040b60c ksym1=0x0
[386.078807 pid=6620 tid=6628] BPF_MAP_UPDATE_ELEM prog_array name=sys_exit_submit map_fd=17 map_id=367 key=323 prog_fd=66 prog_id=210 flags=0 ret=0 errno=0
[386.078889 pid=6620 tid=6628] native-loader jit-info prog_array-target fd=66 id=210 type=17 name=sys_exit_submit tag=07fb247c2a62a43e jited_len=12117 xlated_len=20536 nr_jited_ksyms=1 ksym0=0xffffffffc040b60c ksym1=0x0
[386.078982 pid=6620 tid=6628] BPF_MAP_UPDATE_ELEM prog_array name=sys_exit_submit map_fd=17 map_id=367 key=324 prog_fd=66 prog_id=210 flags=0 ret=0 errno=0
[386.079064 pid=6620 tid=6628] native-loader jit-info prog_array-target fd=66 id=210 type=17 name=sys_exit_submit tag=07fb247c2a62a43e jited_len=12117 xlated_len=20536 nr_jited_ksyms=1 ksym0=0xffffffffc040b60c ksym1=0x0
[386.079158 pid=6620 tid=6628] BPF_MAP_UPDATE_ELEM prog_array name=sys_exit_submit map_fd=17 map_id=367 key=325 prog_fd=66 prog_id=210 flags=0 ret=0 errno=0
[386.079240 pid=6620 tid=6628] native-loader jit-info prog_array-target fd=66 id=210 type=17 name=sys_exit_submit tag=07fb247c2a62a43e jited_len=12117 xlated_len=20536 nr_jited_ksyms=1 ksym0=0xffffffffc040b60c ksym1=0x0
[386.079333 pid=6620 tid=6628] BPF_MAP_UPDATE_ELEM prog_array name=sys_exit_submit map_fd=17 map_id=367 key=326 prog_fd=66 prog_id=210 flags=0 ret=0 errno=0
[386.079417 pid=6620 tid=6628] native-loader jit-info prog_array-target fd=66 id=210 type=17 name=sys_exit_submit tag=07fb247c2a62a43e jited_len=12117 xlated_len=20536 nr_jited_ksyms=1 ksym0=0xffffffffc040b60c ksym1=0x0
[386.079511 pid=6620 tid=6628] BPF_MAP_UPDATE_ELEM prog_array name=sys_exit_submit map_fd=17 map_id=367 key=327 prog_fd=66 prog_id=210 flags=0 ret=0 errno=0
[386.079593 pid=6620 tid=6628] native-loader jit-info prog_array-target fd=66 id=210 type=17 name=sys_exit_submit tag=07fb247c2a62a43e jited_len=12117 xlated_len=20536 nr_jited_ksyms=1 ksym0=0xffffffffc040b60c ksym1=0x0
[386.079687 pid=6620 tid=6628] BPF_MAP_UPDATE_ELEM prog_array name=sys_exit_submit map_fd=17 map_id=367 key=328 prog_fd=66 prog_id=210 flags=0 ret=0 errno=0
[386.079771 pid=6620 tid=6628] native-loader jit-info prog_array-target fd=66 id=210 type=17 name=sys_exit_submit tag=07fb247c2a62a43e jited_len=12117 xlated_len=20536 nr_jited_ksyms=1 ksym0=0xffffffffc040b60c ksym1=0x0
[386.079866 pid=6620 tid=6628] BPF_MAP_UPDATE_ELEM prog_array name=sys_exit_submit map_fd=17 map_id=367 key=329 prog_fd=66 prog_id=210 flags=0 ret=0 errno=0
[386.079948 pid=6620 tid=6628] native-loader jit-info prog_array-target fd=66 id=210 type=17 name=sys_exit_submit tag=07fb247c2a62a43e jited_len=12117 xlated_len=20536 nr_jited_ksyms=1 ksym0=0xffffffffc040b60c ksym1=0x0
[386.080041 pid=6620 tid=6628] BPF_MAP_UPDATE_ELEM prog_array name=sys_exit_submit map_fd=17 map_id=367 key=330 prog_fd=66 prog_id=210 flags=0 ret=0 errno=0
[386.080123 pid=6620 tid=6628] native-loader jit-info prog_array-target fd=66 id=210 type=17 name=sys_exit_submit tag=07fb247c2a62a43e jited_len=12117 xlated_len=20536 nr_jited_ksyms=1 ksym0=0xffffffffc040b60c ksym1=0x0
[386.080217 pid=6620 tid=6628] BPF_MAP_UPDATE_ELEM prog_array name=sys_exit_submit map_fd=17 map_id=367 key=331 prog_fd=66 prog_id=210 flags=0 ret=0 errno=0
[386.080300 pid=6620 tid=6628] native-loader jit-info prog_array-target fd=66 id=210 type=17 name=sys_exit_submit tag=07fb247c2a62a43e jited_len=12117 xlated_len=20536 nr_jited_ksyms=1 ksym0=0xffffffffc040b60c ksym1=0x0
[386.080397 pid=6620 tid=6628] BPF_MAP_UPDATE_ELEM prog_array name=sys_exit_submit map_fd=17 map_id=367 key=332 prog_fd=66 prog_id=210 flags=0 ret=0 errno=0
[386.080480 pid=6620 tid=6628] native-loader jit-info prog_array-target fd=66 id=210 type=17 name=sys_exit_submit tag=07fb247c2a62a43e jited_len=12117 xlated_len=20536 nr_jited_ksyms=1 ksym0=0xffffffffc040b60c ksym1=0x0
[386.080573 pid=6620 tid=6628] BPF_MAP_UPDATE_ELEM prog_array name=sys_exit_submit map_fd=17 map_id=367 key=333 prog_fd=66 prog_id=210 flags=0 ret=0 errno=0
[386.080655 pid=6620 tid=6628] native-loader jit-info prog_array-target fd=66 id=210 type=17 name=sys_exit_submit tag=07fb247c2a62a43e jited_len=12117 xlated_len=20536 nr_jited_ksyms=1 ksym0=0xffffffffc040b60c ksym1=0x0
[386.080748 pid=6620 tid=6628] BPF_MAP_UPDATE_ELEM prog_array name=sys_exit_submit map_fd=17 map_id=367 key=334 prog_fd=66 prog_id=210 flags=0 ret=0 errno=0
[386.080830 pid=6620 tid=6628] native-loader jit-info prog_array-target fd=66 id=210 type=17 name=sys_exit_submit tag=07fb247c2a62a43e jited_len=12117 xlated_len=20536 nr_jited_ksyms=1 ksym0=0xffffffffc040b60c ksym1=0x0
[386.080923 pid=6620 tid=6628] BPF_MAP_UPDATE_ELEM prog_array name=sys_exit_submit map_fd=17 map_id=367 key=424 prog_fd=66 prog_id=210 flags=0 ret=0 errno=0
[386.081006 pid=6620 tid=6628] native-loader jit-info prog_array-target fd=66 id=210 type=17 name=sys_exit_submit tag=07fb247c2a62a43e jited_len=12117 xlated_len=20536 nr_jited_ksyms=1 ksym0=0xffffffffc040b60c ksym1=0x0
[386.081100 pid=6620 tid=6628] BPF_MAP_UPDATE_ELEM prog_array name=sys_exit_submit map_fd=17 map_id=367 key=425 prog_fd=66 prog_id=210 flags=0 ret=0 errno=0
[386.081183 pid=6620 tid=6628] native-loader jit-info prog_array-target fd=66 id=210 type=17 name=sys_exit_submit tag=07fb247c2a62a43e jited_len=12117 xlated_len=20536 nr_jited_ksyms=1 ksym0=0xffffffffc040b60c ksym1=0x0
[386.081276 pid=6620 tid=6628] BPF_MAP_UPDATE_ELEM prog_array name=sys_exit_submit map_fd=17 map_id=367 key=426 prog_fd=66 prog_id=210 flags=0 ret=0 errno=0
[386.081362 pid=6620 tid=6628] native-loader jit-info prog_array-target fd=66 id=210 type=17 name=sys_exit_submit tag=07fb247c2a62a43e jited_len=12117 xlated_len=20536 nr_jited_ksyms=1 ksym0=0xffffffffc040b60c ksym1=0x0
[386.081454 pid=6620 tid=6628] BPF_MAP_UPDATE_ELEM prog_array name=sys_exit_submit map_fd=17 map_id=367 key=427 prog_fd=66 prog_id=210 flags=0 ret=0 errno=0
[386.081537 pid=6620 tid=6628] native-loader jit-info prog_array-target fd=66 id=210 type=17 name=sys_exit_submit tag=07fb247c2a62a43e jited_len=12117 xlated_len=20536 nr_jited_ksyms=1 ksym0=0xffffffffc040b60c ksym1=0x0
[386.081631 pid=6620 tid=6628] BPF_MAP_UPDATE_ELEM prog_array name=sys_exit_submit map_fd=17 map_id=367 key=428 prog_fd=66 prog_id=210 flags=0 ret=0 errno=0
[386.081712 pid=6620 tid=6628] native-loader jit-info prog_array-target fd=66 id=210 type=17 name=sys_exit_submit tag=07fb247c2a62a43e jited_len=12117 xlated_len=20536 nr_jited_ksyms=1 ksym0=0xffffffffc040b60c ksym1=0x0
[386.081806 pid=6620 tid=6628] BPF_MAP_UPDATE_ELEM prog_array name=sys_exit_submit map_fd=17 map_id=367 key=429 prog_fd=66 prog_id=210 flags=0 ret=0 errno=0
[386.081888 pid=6620 tid=6628] native-loader jit-info prog_array-target fd=66 id=210 type=17 name=sys_exit_submit tag=07fb247c2a62a43e jited_len=12117 xlated_len=20536 nr_jited_ksyms=1 ksym0=0xffffffffc040b60c ksym1=0x0
[386.081981 pid=6620 tid=6628] BPF_MAP_UPDATE_ELEM prog_array name=sys_exit_submit map_fd=17 map_id=367 key=430 prog_fd=66 prog_id=210 flags=0 ret=0 errno=0
[386.082064 pid=6620 tid=6628] native-loader jit-info prog_array-target fd=66 id=210 type=17 name=sys_exit_submit tag=07fb247c2a62a43e jited_len=12117 xlated_len=20536 nr_jited_ksyms=1 ksym0=0xffffffffc040b60c ksym1=0x0
[386.082157 pid=6620 tid=6628] BPF_MAP_UPDATE_ELEM prog_array name=sys_exit_submit map_fd=17 map_id=367 key=431 prog_fd=66 prog_id=210 flags=0 ret=0 errno=0
[386.082240 pid=6620 tid=6628] native-loader jit-info prog_array-target fd=66 id=210 type=17 name=sys_exit_submit tag=07fb247c2a62a43e jited_len=12117 xlated_len=20536 nr_jited_ksyms=1 ksym0=0xffffffffc040b60c ksym1=0x0
[386.082333 pid=6620 tid=6628] BPF_MAP_UPDATE_ELEM prog_array name=sys_exit_submit map_fd=17 map_id=367 key=432 prog_fd=66 prog_id=210 flags=0 ret=0 errno=0
[386.082419 pid=6620 tid=6628] native-loader jit-info prog_array-target fd=66 id=210 type=17 name=sys_exit_submit tag=07fb247c2a62a43e jited_len=12117 xlated_len=20536 nr_jited_ksyms=1 ksym0=0xffffffffc040b60c ksym1=0x0
[386.082511 pid=6620 tid=6628] BPF_MAP_UPDATE_ELEM prog_array name=sys_exit_submit map_fd=17 map_id=367 key=433 prog_fd=66 prog_id=210 flags=0 ret=0 errno=0
[386.082594 pid=6620 tid=6628] native-loader jit-info prog_array-target fd=66 id=210 type=17 name=sys_exit_submit tag=07fb247c2a62a43e jited_len=12117 xlated_len=20536 nr_jited_ksyms=1 ksym0=0xffffffffc040b60c ksym1=0x0
[386.082687 pid=6620 tid=6628] BPF_MAP_UPDATE_ELEM prog_array name=sys_exit_submit map_fd=17 map_id=367 key=434 prog_fd=66 prog_id=210 flags=0 ret=0 errno=0
[386.082769 pid=6620 tid=6628] native-loader jit-info prog_array-target fd=66 id=210 type=17 name=sys_exit_submit tag=07fb247c2a62a43e jited_len=12117 xlated_len=20536 nr_jited_ksyms=1 ksym0=0xffffffffc040b60c ksym1=0x0
[386.082861 pid=6620 tid=6628] BPF_MAP_UPDATE_ELEM prog_array name=sys_exit_submit map_fd=17 map_id=367 key=435 prog_fd=66 prog_id=210 flags=0 ret=0 errno=0
[386.082945 pid=6620 tid=6628] native-loader jit-info prog_array-target fd=66 id=210 type=17 name=sys_exit_submit tag=07fb247c2a62a43e jited_len=12117 xlated_len=20536 nr_jited_ksyms=1 ksym0=0xffffffffc040b60c ksym1=0x0
[386.083038 pid=6620 tid=6628] BPF_MAP_UPDATE_ELEM prog_array name=sys_exit_submit map_fd=17 map_id=367 key=436 prog_fd=66 prog_id=210 flags=0 ret=0 errno=0
[386.083121 pid=6620 tid=6628] native-loader jit-info prog_array-target fd=66 id=210 type=17 name=sys_exit_submit tag=07fb247c2a62a43e jited_len=12117 xlated_len=20536 nr_jited_ksyms=1 ksym0=0xffffffffc040b60c ksym1=0x0
[386.083214 pid=6620 tid=6628] BPF_MAP_UPDATE_ELEM prog_array name=sys_exit_submit map_fd=17 map_id=367 key=437 prog_fd=66 prog_id=210 flags=0 ret=0 errno=0
[386.083296 pid=6620 tid=6628] native-loader jit-info prog_array-target fd=66 id=210 type=17 name=sys_exit_submit tag=07fb247c2a62a43e jited_len=12117 xlated_len=20536 nr_jited_ksyms=1 ksym0=0xffffffffc040b60c ksym1=0x0
[386.083392 pid=6620 tid=6628] BPF_MAP_UPDATE_ELEM prog_array name=sys_exit_submit map_fd=17 map_id=367 key=438 prog_fd=66 prog_id=210 flags=0 ret=0 errno=0
[386.083474 pid=6620 tid=6628] native-loader jit-info prog_array-target fd=66 id=210 type=17 name=sys_exit_submit tag=07fb247c2a62a43e jited_len=12117 xlated_len=20536 nr_jited_ksyms=1 ksym0=0xffffffffc040b60c ksym1=0x0
[386.083567 pid=6620 tid=6628] BPF_MAP_UPDATE_ELEM prog_array name=sys_exit_submit map_fd=17 map_id=367 key=439 prog_fd=66 prog_id=210 flags=0 ret=0 errno=0
[386.083651 pid=6620 tid=6628] native-loader jit-info prog_array-target fd=66 id=210 type=17 name=sys_exit_submit tag=07fb247c2a62a43e jited_len=12117 xlated_len=20536 nr_jited_ksyms=1 ksym0=0xffffffffc040b60c ksym1=0x0
[386.083743 pid=6620 tid=6628] BPF_MAP_UPDATE_ELEM prog_array name=sys_exit_submit map_fd=17 map_id=367 key=440 prog_fd=66 prog_id=210 flags=0 ret=0 errno=0
[386.083826 pid=6620 tid=6628] native-loader jit-info prog_array-target fd=66 id=210 type=17 name=sys_exit_submit tag=07fb247c2a62a43e jited_len=12117 xlated_len=20536 nr_jited_ksyms=1 ksym0=0xffffffffc040b60c ksym1=0x0
[386.083919 pid=6620 tid=6628] BPF_MAP_UPDATE_ELEM prog_array name=sys_exit_submit map_fd=17 map_id=367 key=441 prog_fd=66 prog_id=210 flags=0 ret=0 errno=0
[386.084002 pid=6620 tid=6628] native-loader jit-info prog_array-target fd=66 id=210 type=17 name=sys_exit_submit tag=07fb247c2a62a43e jited_len=12117 xlated_len=20536 nr_jited_ksyms=1 ksym0=0xffffffffc040b60c ksym1=0x0
[386.084096 pid=6620 tid=6628] BPF_MAP_UPDATE_ELEM prog_array name=sys_exit_submit map_fd=17 map_id=367 key=442 prog_fd=66 prog_id=210 flags=0 ret=0 errno=0
[386.084179 pid=6620 tid=6628] native-loader jit-info prog_array-target fd=66 id=210 type=17 name=sys_exit_submit tag=07fb247c2a62a43e jited_len=12117 xlated_len=20536 nr_jited_ksyms=1 ksym0=0xffffffffc040b60c ksym1=0x0
[386.084272 pid=6620 tid=6628] BPF_MAP_UPDATE_ELEM prog_array name=sys_exit_submit map_fd=17 map_id=367 key=443 prog_fd=66 prog_id=210 flags=0 ret=0 errno=0
[386.084357 pid=6620 tid=6628] native-loader jit-info prog_array-target fd=66 id=210 type=17 name=sys_exit_submit tag=07fb247c2a62a43e jited_len=12117 xlated_len=20536 nr_jited_ksyms=1 ksym0=0xffffffffc040b60c ksym1=0x0
[386.084451 pid=6620 tid=6628] BPF_MAP_UPDATE_ELEM prog_array name=sys_exit_submit map_fd=17 map_id=367 key=444 prog_fd=66 prog_id=210 flags=0 ret=0 errno=0
[386.084533 pid=6620 tid=6628] native-loader jit-info prog_array-target fd=66 id=210 type=17 name=sys_exit_submit tag=07fb247c2a62a43e jited_len=12117 xlated_len=20536 nr_jited_ksyms=1 ksym0=0xffffffffc040b60c ksym1=0x0
[386.084628 pid=6620 tid=6628] BPF_MAP_UPDATE_ELEM prog_array name=sys_exit_submit map_fd=17 map_id=367 key=445 prog_fd=66 prog_id=210 flags=0 ret=0 errno=0
[386.084710 pid=6620 tid=6628] native-loader jit-info prog_array-target fd=66 id=210 type=17 name=sys_exit_submit tag=07fb247c2a62a43e jited_len=12117 xlated_len=20536 nr_jited_ksyms=1 ksym0=0xffffffffc040b60c ksym1=0x0
[386.084802 pid=6620 tid=6628] BPF_MAP_UPDATE_ELEM prog_array name=sys_exit_submit map_fd=17 map_id=367 key=446 prog_fd=66 prog_id=210 flags=0 ret=0 errno=0
[386.084885 pid=6620 tid=6628] native-loader jit-info prog_array-target fd=66 id=210 type=17 name=sys_exit_submit tag=07fb247c2a62a43e jited_len=12117 xlated_len=20536 nr_jited_ksyms=1 ksym0=0xffffffffc040b60c ksym1=0x0
[386.084979 pid=6620 tid=6628] BPF_MAP_UPDATE_ELEM prog_array name=sys_exit_submit map_fd=17 map_id=367 key=447 prog_fd=66 prog_id=210 flags=0 ret=0 errno=0
[386.085060 pid=6620 tid=6628] native-loader jit-info prog_array-target fd=66 id=210 type=17 name=sys_exit_submit tag=07fb247c2a62a43e jited_len=12117 xlated_len=20536 nr_jited_ksyms=1 ksym0=0xffffffffc040b60c ksym1=0x0
[386.085154 pid=6620 tid=6628] BPF_MAP_UPDATE_ELEM prog_array name=sys_exit_submit map_fd=17 map_id=367 key=448 prog_fd=66 prog_id=210 flags=0 ret=0 errno=0
[386.085238 pid=6620 tid=6628] native-loader jit-info prog_array-target fd=66 id=210 type=17 name=sys_exit_submit tag=07fb247c2a62a43e jited_len=12117 xlated_len=20536 nr_jited_ksyms=1 ksym0=0xffffffffc040b60c ksym1=0x0
[386.085332 pid=6620 tid=6628] BPF_MAP_UPDATE_ELEM prog_array name=sys_exit_submit map_fd=17 map_id=367 key=449 prog_fd=66 prog_id=210 flags=0 ret=0 errno=0
[386.085416 pid=6620 tid=6628] native-loader jit-info prog_array-target fd=66 id=210 type=17 name=sys_exit_submit tag=07fb247c2a62a43e jited_len=12117 xlated_len=20536 nr_jited_ksyms=1 ksym0=0xffffffffc040b60c ksym1=0x0
[386.085510 pid=6620 tid=6628] BPF_MAP_UPDATE_ELEM prog_array name=sys_exit_submit map_fd=17 map_id=367 key=450 prog_fd=66 prog_id=210 flags=0 ret=0 errno=0
[386.085592 pid=6620 tid=6628] native-loader jit-info prog_array-target fd=66 id=210 type=17 name=sys_exit_submit tag=07fb247c2a62a43e jited_len=12117 xlated_len=20536 nr_jited_ksyms=1 ksym0=0xffffffffc040b60c ksym1=0x0
[386.085685 pid=6620 tid=6628] BPF_MAP_UPDATE_ELEM prog_array name=sys_exit_submit map_fd=17 map_id=367 key=451 prog_fd=66 prog_id=210 flags=0 ret=0 errno=0
[386.085769 pid=6620 tid=6628] native-loader jit-info prog_array-target fd=66 id=210 type=17 name=sys_exit_submit tag=07fb247c2a62a43e jited_len=12117 xlated_len=20536 nr_jited_ksyms=1 ksym0=0xffffffffc040b60c ksym1=0x0
[386.085862 pid=6620 tid=6628] BPF_MAP_UPDATE_ELEM prog_array name=sys_exit_submit map_fd=17 map_id=367 key=452 prog_fd=66 prog_id=210 flags=0 ret=0 errno=0
[386.085945 pid=6620 tid=6628] native-loader jit-info prog_array-target fd=66 id=210 type=17 name=sys_exit_submit tag=07fb247c2a62a43e jited_len=12117 xlated_len=20536 nr_jited_ksyms=1 ksym0=0xffffffffc040b60c ksym1=0x0
[386.086038 pid=6620 tid=6628] BPF_MAP_UPDATE_ELEM prog_array name=sys_exit_submit map_fd=17 map_id=367 key=453 prog_fd=66 prog_id=210 flags=0 ret=0 errno=0
[386.086121 pid=6620 tid=6628] native-loader jit-info prog_array-target fd=66 id=210 type=17 name=sys_exit_submit tag=07fb247c2a62a43e jited_len=12117 xlated_len=20536 nr_jited_ksyms=1 ksym0=0xffffffffc040b60c ksym1=0x0
[386.086214 pid=6620 tid=6628] BPF_MAP_UPDATE_ELEM prog_array name=sys_exit_submit map_fd=17 map_id=367 key=454 prog_fd=66 prog_id=210 flags=0 ret=0 errno=0
[386.086296 pid=6620 tid=6628] native-loader jit-info prog_array-target fd=66 id=210 type=17 name=sys_exit_submit tag=07fb247c2a62a43e jited_len=12117 xlated_len=20536 nr_jited_ksyms=1 ksym0=0xffffffffc040b60c ksym1=0x0
[386.086390 pid=6620 tid=6628] BPF_MAP_UPDATE_ELEM prog_array name=sys_exit_submit map_fd=17 map_id=367 key=455 prog_fd=66 prog_id=210 flags=0 ret=0 errno=0
[386.086472 pid=6620 tid=6628] native-loader jit-info prog_array-target fd=66 id=210 type=17 name=sys_exit_submit tag=07fb247c2a62a43e jited_len=12117 xlated_len=20536 nr_jited_ksyms=1 ksym0=0xffffffffc040b60c ksym1=0x0
[386.086565 pid=6620 tid=6628] BPF_MAP_UPDATE_ELEM prog_array name=sys_exit_submit map_fd=17 map_id=367 key=456 prog_fd=66 prog_id=210 flags=0 ret=0 errno=0
[386.086647 pid=6620 tid=6628] native-loader jit-info prog_array-target fd=66 id=210 type=17 name=sys_exit_submit tag=07fb247c2a62a43e jited_len=12117 xlated_len=20536 nr_jited_ksyms=1 ksym0=0xffffffffc040b60c ksym1=0x0
[386.086741 pid=6620 tid=6628] BPF_MAP_UPDATE_ELEM prog_array name=sys_exit_submit map_fd=17 map_id=367 key=457 prog_fd=66 prog_id=210 flags=0 ret=0 errno=0
[386.086823 pid=6620 tid=6628] native-loader jit-info prog_array-target fd=66 id=210 type=17 name=sys_exit_submit tag=07fb247c2a62a43e jited_len=12117 xlated_len=20536 nr_jited_ksyms=1 ksym0=0xffffffffc040b60c ksym1=0x0
[386.086916 pid=6620 tid=6628] BPF_MAP_UPDATE_ELEM prog_array name=sys_exit_submit map_fd=17 map_id=367 key=458 prog_fd=66 prog_id=210 flags=0 ret=0 errno=0
[386.086998 pid=6620 tid=6628] native-loader jit-info prog_array-target fd=66 id=210 type=17 name=sys_exit_submit tag=07fb247c2a62a43e jited_len=12117 xlated_len=20536 nr_jited_ksyms=1 ksym0=0xffffffffc040b60c ksym1=0x0
[386.087091 pid=6620 tid=6628] BPF_MAP_UPDATE_ELEM prog_array name=sys_exit_submit map_fd=17 map_id=367 key=459 prog_fd=66 prog_id=210 flags=0 ret=0 errno=0
[386.087174 pid=6620 tid=6628] native-loader jit-info prog_array-target fd=66 id=210 type=17 name=sys_exit_submit tag=07fb247c2a62a43e jited_len=12117 xlated_len=20536 nr_jited_ksyms=1 ksym0=0xffffffffc040b60c ksym1=0x0
[386.087268 pid=6620 tid=6628] BPF_MAP_UPDATE_ELEM prog_array name=sys_exit_submit map_fd=17 map_id=367 key=460 prog_fd=66 prog_id=210 flags=0 ret=0 errno=0
[386.087350 pid=6620 tid=6628] native-loader jit-info prog_array-target fd=66 id=210 type=17 name=sys_exit_submit tag=07fb247c2a62a43e jited_len=12117 xlated_len=20536 nr_jited_ksyms=1 ksym0=0xffffffffc040b60c ksym1=0x0
[386.087445 pid=6620 tid=6628] BPF_MAP_UPDATE_ELEM prog_array name=sys_exit_submit map_fd=17 map_id=367 key=461 prog_fd=66 prog_id=210 flags=0 ret=0 errno=0
[386.087528 pid=6620 tid=6628] native-loader jit-info prog_array-target fd=66 id=210 type=17 name=sys_exit_submit tag=07fb247c2a62a43e jited_len=12117 xlated_len=20536 nr_jited_ksyms=1 ksym0=0xffffffffc040b60c ksym1=0x0
[386.087621 pid=6620 tid=6628] BPF_MAP_UPDATE_ELEM prog_array name=sys_exit_submit map_fd=17 map_id=367 key=462 prog_fd=66 prog_id=210 flags=0 ret=0 errno=0
[386.087703 pid=6620 tid=6628] native-loader jit-info prog_array-target fd=66 id=210 type=17 name=sys_exit_submit tag=07fb247c2a62a43e jited_len=12117 xlated_len=20536 nr_jited_ksyms=1 ksym0=0xffffffffc040b60c ksym1=0x0
[386.087797 pid=6620 tid=6628] BPF_MAP_UPDATE_ELEM prog_array name=sys_exit_submit map_fd=17 map_id=367 key=463 prog_fd=66 prog_id=210 flags=0 ret=0 errno=0
[386.087879 pid=6620 tid=6628] native-loader jit-info prog_array-target fd=66 id=210 type=17 name=sys_exit_submit tag=07fb247c2a62a43e jited_len=12117 xlated_len=20536 nr_jited_ksyms=1 ksym0=0xffffffffc040b60c ksym1=0x0
[386.087972 pid=6620 tid=6628] BPF_MAP_UPDATE_ELEM prog_array name=sys_exit_submit map_fd=17 map_id=367 key=464 prog_fd=66 prog_id=210 flags=0 ret=0 errno=0
[386.088055 pid=6620 tid=6628] native-loader jit-info prog_array-target fd=66 id=210 type=17 name=sys_exit_submit tag=07fb247c2a62a43e jited_len=12117 xlated_len=20536 nr_jited_ksyms=1 ksym0=0xffffffffc040b60c ksym1=0x0
[386.088149 pid=6620 tid=6628] BPF_MAP_UPDATE_ELEM prog_array name=sys_exit_submit map_fd=17 map_id=367 key=465 prog_fd=66 prog_id=210 flags=0 ret=0 errno=0
[386.088232 pid=6620 tid=6628] native-loader jit-info prog_array-target fd=66 id=210 type=17 name=sys_exit_submit tag=07fb247c2a62a43e jited_len=12117 xlated_len=20536 nr_jited_ksyms=1 ksym0=0xffffffffc040b60c ksym1=0x0
[386.088325 pid=6620 tid=6628] BPF_MAP_UPDATE_ELEM prog_array name=sys_exit_submit map_fd=17 map_id=367 key=466 prog_fd=66 prog_id=210 flags=0 ret=0 errno=0
[386.088410 pid=6620 tid=6628] native-loader jit-info prog_array-target fd=66 id=210 type=17 name=sys_exit_submit tag=07fb247c2a62a43e jited_len=12117 xlated_len=20536 nr_jited_ksyms=1 ksym0=0xffffffffc040b60c ksym1=0x0
[386.088503 pid=6620 tid=6628] BPF_MAP_UPDATE_ELEM prog_array name=sys_exit_submit map_fd=17 map_id=367 key=467 prog_fd=66 prog_id=210 flags=0 ret=0 errno=0
[386.088586 pid=6620 tid=6628] native-loader jit-info prog_array-target fd=66 id=210 type=17 name=sys_exit_submit tag=07fb247c2a62a43e jited_len=12117 xlated_len=20536 nr_jited_ksyms=1 ksym0=0xffffffffc040b60c ksym1=0x0
[386.088679 pid=6620 tid=6628] BPF_MAP_UPDATE_ELEM prog_array name=sys_exit_submit map_fd=17 map_id=367 key=468 prog_fd=66 prog_id=210 flags=0 ret=0 errno=0
[386.088761 pid=6620 tid=6628] native-loader jit-info prog_array-target fd=66 id=210 type=17 name=sys_exit_submit tag=07fb247c2a62a43e jited_len=12117 xlated_len=20536 nr_jited_ksyms=1 ksym0=0xffffffffc040b60c ksym1=0x0
[386.088854 pid=6620 tid=6628] BPF_MAP_UPDATE_ELEM prog_array name=sys_exit_submit map_fd=17 map_id=367 key=469 prog_fd=66 prog_id=210 flags=0 ret=0 errno=0
[386.088936 pid=6620 tid=6628] native-loader jit-info prog_array-target fd=66 id=210 type=17 name=sys_exit_submit tag=07fb247c2a62a43e jited_len=12117 xlated_len=20536 nr_jited_ksyms=1 ksym0=0xffffffffc040b60c ksym1=0x0
[386.089030 pid=6620 tid=6628] BPF_MAP_UPDATE_ELEM prog_array name=sys_exit_submit map_fd=17 map_id=367 key=470 prog_fd=66 prog_id=210 flags=0 ret=0 errno=0
[386.089112 pid=6620 tid=6628] native-loader jit-info prog_array-target fd=66 id=210 type=17 name=sys_exit_submit tag=07fb247c2a62a43e jited_len=12117 xlated_len=20536 nr_jited_ksyms=1 ksym0=0xffffffffc040b60c ksym1=0x0
[386.089205 pid=6620 tid=6628] BPF_MAP_UPDATE_ELEM prog_array name=sys_exit_submit map_fd=17 map_id=367 key=471 prog_fd=66 prog_id=210 flags=0 ret=0 errno=0
[386.089289 pid=6620 tid=6628] native-loader jit-info prog_array-target fd=66 id=210 type=17 name=sys_exit_submit tag=07fb247c2a62a43e jited_len=12117 xlated_len=20536 nr_jited_ksyms=1 ksym0=0xffffffffc040b60c ksym1=0x0
[386.089384 pid=6620 tid=6628] BPF_MAP_UPDATE_ELEM prog_array name=sys_exit_submit map_fd=17 map_id=367 key=472 prog_fd=66 prog_id=210 flags=0 ret=0 errno=0
[386.089467 pid=6620 tid=6628] native-loader jit-info prog_array-target fd=66 id=210 type=17 name=sys_exit_submit tag=07fb247c2a62a43e jited_len=12117 xlated_len=20536 nr_jited_ksyms=1 ksym0=0xffffffffc040b60c ksym1=0x0
[386.089560 pid=6620 tid=6628] BPF_MAP_UPDATE_ELEM prog_array name=sys_exit_submit map_fd=17 map_id=367 key=473 prog_fd=66 prog_id=210 flags=0 ret=0 errno=0
[386.089643 pid=6620 tid=6628] native-loader jit-info prog_array-target fd=66 id=210 type=17 name=sys_exit_submit tag=07fb247c2a62a43e jited_len=12117 xlated_len=20536 nr_jited_ksyms=1 ksym0=0xffffffffc040b60c ksym1=0x0
[386.089736 pid=6620 tid=6628] BPF_MAP_UPDATE_ELEM prog_array name=sys_exit_submit map_fd=17 map_id=367 key=474 prog_fd=66 prog_id=210 flags=0 ret=0 errno=0
[386.089818 pid=6620 tid=6628] native-loader jit-info prog_array-target fd=66 id=210 type=17 name=sys_exit_submit tag=07fb247c2a62a43e jited_len=12117 xlated_len=20536 nr_jited_ksyms=1 ksym0=0xffffffffc040b60c ksym1=0x0
[386.089911 pid=6620 tid=6628] BPF_MAP_UPDATE_ELEM prog_array name=sys_exit_submit map_fd=17 map_id=367 key=475 prog_fd=66 prog_id=210 flags=0 ret=0 errno=0
[386.089994 pid=6620 tid=6628] native-loader jit-info prog_array-target fd=66 id=210 type=17 name=sys_exit_submit tag=07fb247c2a62a43e jited_len=12117 xlated_len=20536 nr_jited_ksyms=1 ksym0=0xffffffffc040b60c ksym1=0x0
[386.090087 pid=6620 tid=6628] BPF_MAP_UPDATE_ELEM prog_array name=sys_exit_submit map_fd=17 map_id=367 key=476 prog_fd=66 prog_id=210 flags=0 ret=0 errno=0
[386.090170 pid=6620 tid=6628] native-loader jit-info prog_array-target fd=66 id=210 type=17 name=sys_exit_submit tag=07fb247c2a62a43e jited_len=12117 xlated_len=20536 nr_jited_ksyms=1 ksym0=0xffffffffc040b60c ksym1=0x0
[386.090263 pid=6620 tid=6628] BPF_MAP_UPDATE_ELEM prog_array name=sys_exit_submit map_fd=17 map_id=367 key=477 prog_fd=66 prog_id=210 flags=0 ret=0 errno=0
[386.090346 pid=6620 tid=6628] native-loader jit-info prog_array-target fd=66 id=210 type=17 name=sys_exit_submit tag=07fb247c2a62a43e jited_len=12117 xlated_len=20536 nr_jited_ksyms=1 ksym0=0xffffffffc040b60c ksym1=0x0
[386.090442 pid=6620 tid=6628] BPF_MAP_UPDATE_ELEM prog_array name=sys_exit_submit map_fd=17 map_id=367 key=478 prog_fd=66 prog_id=210 flags=0 ret=0 errno=0
[386.090524 pid=6620 tid=6628] native-loader jit-info prog_array-target fd=66 id=210 type=17 name=sys_exit_submit tag=07fb247c2a62a43e jited_len=12117 xlated_len=20536 nr_jited_ksyms=1 ksym0=0xffffffffc040b60c ksym1=0x0
[386.090617 pid=6620 tid=6628] BPF_MAP_UPDATE_ELEM prog_array name=sys_exit_submit map_fd=17 map_id=367 key=479 prog_fd=66 prog_id=210 flags=0 ret=0 errno=0
[386.090699 pid=6620 tid=6628] native-loader jit-info prog_array-target fd=66 id=210 type=17 name=sys_exit_submit tag=07fb247c2a62a43e jited_len=12117 xlated_len=20536 nr_jited_ksyms=1 ksym0=0xffffffffc040b60c ksym1=0x0
[386.090792 pid=6620 tid=6628] BPF_MAP_UPDATE_ELEM prog_array name=sys_exit_submit map_fd=17 map_id=367 key=480 prog_fd=66 prog_id=210 flags=0 ret=0 errno=0
[386.090875 pid=6620 tid=6628] native-loader jit-info prog_array-target fd=66 id=210 type=17 name=sys_exit_submit tag=07fb247c2a62a43e jited_len=12117 xlated_len=20536 nr_jited_ksyms=1 ksym0=0xffffffffc040b60c ksym1=0x0
[386.090968 pid=6620 tid=6628] BPF_MAP_UPDATE_ELEM prog_array name=sys_exit_submit map_fd=17 map_id=367 key=481 prog_fd=66 prog_id=210 flags=0 ret=0 errno=0
[386.091051 pid=6620 tid=6628] native-loader jit-info prog_array-target fd=66 id=210 type=17 name=sys_exit_submit tag=07fb247c2a62a43e jited_len=12117 xlated_len=20536 nr_jited_ksyms=1 ksym0=0xffffffffc040b60c ksym1=0x0
[386.091144 pid=6620 tid=6628] BPF_MAP_UPDATE_ELEM prog_array name=sys_exit_submit map_fd=17 map_id=367 key=482 prog_fd=66 prog_id=210 flags=0 ret=0 errno=0
[386.091226 pid=6620 tid=6628] native-loader jit-info prog_array-target fd=66 id=210 type=17 name=sys_exit_submit tag=07fb247c2a62a43e jited_len=12117 xlated_len=20536 nr_jited_ksyms=1 ksym0=0xffffffffc040b60c ksym1=0x0
[386.091320 pid=6620 tid=6628] BPF_MAP_UPDATE_ELEM prog_array name=sys_exit_submit map_fd=17 map_id=367 key=483 prog_fd=66 prog_id=210 flags=0 ret=0 errno=0
[386.091407 pid=6620 tid=6628] native-loader jit-info prog_array-target fd=66 id=210 type=17 name=sys_exit_submit tag=07fb247c2a62a43e jited_len=12117 xlated_len=20536 nr_jited_ksyms=1 ksym0=0xffffffffc040b60c ksym1=0x0
[386.091499 pid=6620 tid=6628] BPF_MAP_UPDATE_ELEM prog_array name=sys_exit_submit map_fd=17 map_id=367 key=484 prog_fd=66 prog_id=210 flags=0 ret=0 errno=0
[386.091581 pid=6620 tid=6628] native-loader jit-info prog_array-target fd=66 id=210 type=17 name=sys_exit_submit tag=07fb247c2a62a43e jited_len=12117 xlated_len=20536 nr_jited_ksyms=1 ksym0=0xffffffffc040b60c ksym1=0x0
[386.091675 pid=6620 tid=6628] BPF_MAP_UPDATE_ELEM prog_array name=sys_exit_submit map_fd=17 map_id=367 key=485 prog_fd=66 prog_id=210 flags=0 ret=0 errno=0
[386.091756 pid=6620 tid=6628] native-loader jit-info prog_array-target fd=66 id=210 type=17 name=sys_exit_submit tag=07fb247c2a62a43e jited_len=12117 xlated_len=20536 nr_jited_ksyms=1 ksym0=0xffffffffc040b60c ksym1=0x0
[386.091850 pid=6620 tid=6628] BPF_MAP_UPDATE_ELEM prog_array name=sys_exit_submit map_fd=17 map_id=367 key=486 prog_fd=66 prog_id=210 flags=0 ret=0 errno=0
[386.091932 pid=6620 tid=6628] native-loader jit-info prog_array-target fd=66 id=210 type=17 name=sys_exit_submit tag=07fb247c2a62a43e jited_len=12117 xlated_len=20536 nr_jited_ksyms=1 ksym0=0xffffffffc040b60c ksym1=0x0
[386.092025 pid=6620 tid=6628] BPF_MAP_UPDATE_ELEM prog_array name=sys_exit_submit map_fd=17 map_id=367 key=487 prog_fd=66 prog_id=210 flags=0 ret=0 errno=0
[386.092108 pid=6620 tid=6628] native-loader jit-info prog_array-target fd=66 id=210 type=17 name=sys_exit_submit tag=07fb247c2a62a43e jited_len=12117 xlated_len=20536 nr_jited_ksyms=1 ksym0=0xffffffffc040b60c ksym1=0x0
[386.092201 pid=6620 tid=6628] BPF_MAP_UPDATE_ELEM prog_array name=sys_exit_submit map_fd=17 map_id=367 key=488 prog_fd=66 prog_id=210 flags=0 ret=0 errno=0
[386.092283 pid=6620 tid=6628] native-loader jit-info prog_array-target fd=66 id=210 type=17 name=sys_exit_submit tag=07fb247c2a62a43e jited_len=12117 xlated_len=20536 nr_jited_ksyms=1 ksym0=0xffffffffc040b60c ksym1=0x0
[386.092378 pid=6620 tid=6628] BPF_MAP_UPDATE_ELEM prog_array name=sys_exit_submit map_fd=17 map_id=367 key=489 prog_fd=66 prog_id=210 flags=0 ret=0 errno=0
[386.092461 pid=6620 tid=6628] native-loader jit-info prog_array-target fd=66 id=210 type=17 name=sys_exit_submit tag=07fb247c2a62a43e jited_len=12117 xlated_len=20536 nr_jited_ksyms=1 ksym0=0xffffffffc040b60c ksym1=0x0
[386.092554 pid=6620 tid=6628] BPF_MAP_UPDATE_ELEM prog_array name=sys_exit_submit map_fd=17 map_id=367 key=490 prog_fd=66 prog_id=210 flags=0 ret=0 errno=0
[386.092636 pid=6620 tid=6628] native-loader jit-info prog_array-target fd=66 id=210 type=17 name=sys_exit_submit tag=07fb247c2a62a43e jited_len=12117 xlated_len=20536 nr_jited_ksyms=1 ksym0=0xffffffffc040b60c ksym1=0x0
[386.092730 pid=6620 tid=6628] BPF_MAP_UPDATE_ELEM prog_array name=sys_exit_submit map_fd=17 map_id=367 key=491 prog_fd=66 prog_id=210 flags=0 ret=0 errno=0
[386.092811 pid=6620 tid=6628] native-loader jit-info prog_array-target fd=66 id=210 type=17 name=sys_exit_submit tag=07fb247c2a62a43e jited_len=12117 xlated_len=20536 nr_jited_ksyms=1 ksym0=0xffffffffc040b60c ksym1=0x0
[386.092905 pid=6620 tid=6628] BPF_MAP_UPDATE_ELEM prog_array name=sys_exit_submit map_fd=17 map_id=367 key=492 prog_fd=66 prog_id=210 flags=0 ret=0 errno=0
[386.092988 pid=6620 tid=6628] native-loader jit-info prog_array-target fd=66 id=210 type=17 name=sys_exit_submit tag=07fb247c2a62a43e jited_len=12117 xlated_len=20536 nr_jited_ksyms=1 ksym0=0xffffffffc040b60c ksym1=0x0
[386.093082 pid=6620 tid=6628] BPF_MAP_UPDATE_ELEM prog_array name=sys_exit_submit map_fd=17 map_id=367 key=493 prog_fd=66 prog_id=210 flags=0 ret=0 errno=0
[386.093165 pid=6620 tid=6628] native-loader jit-info prog_array-target fd=66 id=210 type=17 name=sys_exit_submit tag=07fb247c2a62a43e jited_len=12117 xlated_len=20536 nr_jited_ksyms=1 ksym0=0xffffffffc040b60c ksym1=0x0
[386.093258 pid=6620 tid=6628] BPF_MAP_UPDATE_ELEM prog_array name=sys_exit_submit map_fd=17 map_id=367 key=494 prog_fd=66 prog_id=210 flags=0 ret=0 errno=0
[386.093340 pid=6620 tid=6628] native-loader jit-info prog_array-target fd=66 id=210 type=17 name=sys_exit_submit tag=07fb247c2a62a43e jited_len=12117 xlated_len=20536 nr_jited_ksyms=1 ksym0=0xffffffffc040b60c ksym1=0x0
[386.093435 pid=6620 tid=6628] BPF_MAP_UPDATE_ELEM prog_array name=sys_exit_submit map_fd=17 map_id=367 key=495 prog_fd=66 prog_id=210 flags=0 ret=0 errno=0
[386.093517 pid=6620 tid=6628] native-loader jit-info prog_array-target fd=66 id=210 type=17 name=sys_exit_submit tag=07fb247c2a62a43e jited_len=12117 xlated_len=20536 nr_jited_ksyms=1 ksym0=0xffffffffc040b60c ksym1=0x0
[386.093610 pid=6620 tid=6628] BPF_MAP_UPDATE_ELEM prog_array name=sys_exit_submit map_fd=17 map_id=367 key=496 prog_fd=66 prog_id=210 flags=0 ret=0 errno=0
[386.093693 pid=6620 tid=6628] native-loader jit-info prog_array-target fd=66 id=210 type=17 name=sys_exit_submit tag=07fb247c2a62a43e jited_len=12117 xlated_len=20536 nr_jited_ksyms=1 ksym0=0xffffffffc040b60c ksym1=0x0
[386.093786 pid=6620 tid=6628] BPF_MAP_UPDATE_ELEM prog_array name=sys_exit_submit map_fd=17 map_id=367 key=497 prog_fd=66 prog_id=210 flags=0 ret=0 errno=0
[386.093868 pid=6620 tid=6628] native-loader jit-info prog_array-target fd=66 id=210 type=17 name=sys_exit_submit tag=07fb247c2a62a43e jited_len=12117 xlated_len=20536 nr_jited_ksyms=1 ksym0=0xffffffffc040b60c ksym1=0x0
[386.093961 pid=6620 tid=6628] BPF_MAP_UPDATE_ELEM prog_array name=sys_exit_submit map_fd=17 map_id=367 key=498 prog_fd=66 prog_id=210 flags=0 ret=0 errno=0
[386.094044 pid=6620 tid=6628] native-loader jit-info prog_array-target fd=66 id=210 type=17 name=sys_exit_submit tag=07fb247c2a62a43e jited_len=12117 xlated_len=20536 nr_jited_ksyms=1 ksym0=0xffffffffc040b60c ksym1=0x0
[386.094139 pid=6620 tid=6628] BPF_MAP_UPDATE_ELEM prog_array name=sys_exit_submit map_fd=17 map_id=367 key=499 prog_fd=66 prog_id=210 flags=0 ret=0 errno=0
[386.094219 pid=6620 tid=6628] native-loader jit-info prog_array-target fd=66 id=210 type=17 name=sys_exit_submit tag=07fb247c2a62a43e jited_len=12117 xlated_len=20536 nr_jited_ksyms=1 ksym0=0xffffffffc040b60c ksym1=0x0
[386.094312 pid=6620 tid=6628] BPF_MAP_UPDATE_ELEM prog_array name=sys_exit_submit map_fd=17 map_id=367 key=500 prog_fd=66 prog_id=210 flags=0 ret=0 errno=0
[386.094397 pid=6620 tid=6628] native-loader jit-info prog_array-target fd=66 id=210 type=17 name=sys_exit_submit tag=07fb247c2a62a43e jited_len=12117 xlated_len=20536 nr_jited_ksyms=1 ksym0=0xffffffffc040b60c ksym1=0x0
[386.094490 pid=6620 tid=6628] BPF_MAP_UPDATE_ELEM prog_array name=sys_exit_submit map_fd=17 map_id=367 key=501 prog_fd=66 prog_id=210 flags=0 ret=0 errno=0
[386.094573 pid=6620 tid=6628] native-loader jit-info prog_array-target fd=66 id=210 type=17 name=sys_exit_submit tag=07fb247c2a62a43e jited_len=12117 xlated_len=20536 nr_jited_ksyms=1 ksym0=0xffffffffc040b60c ksym1=0x0
[386.094666 pid=6620 tid=6628] BPF_MAP_UPDATE_ELEM prog_array name=sys_exit_submit map_fd=17 map_id=367 key=502 prog_fd=66 prog_id=210 flags=0 ret=0 errno=0
[386.094748 pid=6620 tid=6628] native-loader jit-info prog_array-target fd=66 id=210 type=17 name=sys_exit_submit tag=07fb247c2a62a43e jited_len=12117 xlated_len=20536 nr_jited_ksyms=1 ksym0=0xffffffffc040b60c ksym1=0x0
[386.094841 pid=6620 tid=6628] BPF_MAP_UPDATE_ELEM prog_array name=sys_exit_submit map_fd=17 map_id=367 key=503 prog_fd=66 prog_id=210 flags=0 ret=0 errno=0
[386.094923 pid=6620 tid=6628] native-loader jit-info prog_array-target fd=66 id=210 type=17 name=sys_exit_submit tag=07fb247c2a62a43e jited_len=12117 xlated_len=20536 nr_jited_ksyms=1 ksym0=0xffffffffc040b60c ksym1=0x0
[386.095016 pid=6620 tid=6628] BPF_MAP_UPDATE_ELEM prog_array name=sys_exit_submit map_fd=17 map_id=367 key=504 prog_fd=66 prog_id=210 flags=0 ret=0 errno=0
[386.095098 pid=6620 tid=6628] native-loader jit-info prog_array-target fd=66 id=210 type=17 name=sys_exit_submit tag=07fb247c2a62a43e jited_len=12117 xlated_len=20536 nr_jited_ksyms=1 ksym0=0xffffffffc040b60c ksym1=0x0
[386.095191 pid=6620 tid=6628] BPF_MAP_UPDATE_ELEM prog_array name=sys_exit_submit map_fd=17 map_id=367 key=505 prog_fd=66 prog_id=210 flags=0 ret=0 errno=0
[386.095273 pid=6620 tid=6628] native-loader jit-info prog_array-target fd=66 id=210 type=17 name=sys_exit_submit tag=07fb247c2a62a43e jited_len=12117 xlated_len=20536 nr_jited_ksyms=1 ksym0=0xffffffffc040b60c ksym1=0x0
[386.095367 pid=6620 tid=6628] BPF_MAP_UPDATE_ELEM prog_array name=sys_exit_submit map_fd=17 map_id=367 key=506 prog_fd=66 prog_id=210 flags=0 ret=0 errno=0
[386.095450 pid=6620 tid=6628] native-loader jit-info prog_array-target fd=66 id=210 type=17 name=sys_exit_submit tag=07fb247c2a62a43e jited_len=12117 xlated_len=20536 nr_jited_ksyms=1 ksym0=0xffffffffc040b60c ksym1=0x0
[386.095544 pid=6620 tid=6628] BPF_MAP_UPDATE_ELEM prog_array name=sys_exit_submit map_fd=17 map_id=367 key=507 prog_fd=66 prog_id=210 flags=0 ret=0 errno=0
[386.095627 pid=6620 tid=6628] native-loader jit-info prog_array-target fd=66 id=210 type=17 name=sys_exit_submit tag=07fb247c2a62a43e jited_len=12117 xlated_len=20536 nr_jited_ksyms=1 ksym0=0xffffffffc040b60c ksym1=0x0
[386.095721 pid=6620 tid=6628] BPF_MAP_UPDATE_ELEM prog_array name=sys_exit_submit map_fd=17 map_id=367 key=508 prog_fd=66 prog_id=210 flags=0 ret=0 errno=0
[386.095803 pid=6620 tid=6628] native-loader jit-info prog_array-target fd=66 id=210 type=17 name=sys_exit_submit tag=07fb247c2a62a43e jited_len=12117 xlated_len=20536 nr_jited_ksyms=1 ksym0=0xffffffffc040b60c ksym1=0x0
[386.095897 pid=6620 tid=6628] BPF_MAP_UPDATE_ELEM prog_array name=sys_exit_submit map_fd=17 map_id=367 key=509 prog_fd=66 prog_id=210 flags=0 ret=0 errno=0
[386.095979 pid=6620 tid=6628] native-loader jit-info prog_array-target fd=66 id=210 type=17 name=sys_exit_submit tag=07fb247c2a62a43e jited_len=12117 xlated_len=20536 nr_jited_ksyms=1 ksym0=0xffffffffc040b60c ksym1=0x0
[386.096073 pid=6620 tid=6628] BPF_MAP_UPDATE_ELEM prog_array name=sys_exit_submit map_fd=17 map_id=367 key=510 prog_fd=66 prog_id=210 flags=0 ret=0 errno=0
[386.096155 pid=6620 tid=6628] native-loader jit-info prog_array-target fd=66 id=210 type=17 name=sys_exit_submit tag=07fb247c2a62a43e jited_len=12117 xlated_len=20536 nr_jited_ksyms=1 ksym0=0xffffffffc040b60c ksym1=0x0
[386.096248 pid=6620 tid=6628] BPF_MAP_UPDATE_ELEM prog_array name=sys_exit_submit map_fd=17 map_id=367 key=511 prog_fd=66 prog_id=210 flags=0 ret=0 errno=0
[386.096331 pid=6620 tid=6628] native-loader jit-info prog_array-target fd=66 id=210 type=17 name=sys_exit_submit tag=07fb247c2a62a43e jited_len=12117 xlated_len=20536 nr_jited_ksyms=1 ksym0=0xffffffffc040b60c ksym1=0x0
[386.096427 pid=6620 tid=6628] BPF_MAP_UPDATE_ELEM prog_array name=sys_exit_submit map_fd=17 map_id=367 key=512 prog_fd=66 prog_id=210 flags=0 ret=0 errno=0
[386.096509 pid=6620 tid=6628] native-loader jit-info prog_array-target fd=66 id=210 type=17 name=sys_exit_submit tag=07fb247c2a62a43e jited_len=12117 xlated_len=20536 nr_jited_ksyms=1 ksym0=0xffffffffc040b60c ksym1=0x0
[386.096602 pid=6620 tid=6628] BPF_MAP_UPDATE_ELEM prog_array name=sys_exit_submit map_fd=17 map_id=367 key=513 prog_fd=66 prog_id=210 flags=0 ret=0 errno=0
[386.096685 pid=6620 tid=6628] native-loader jit-info prog_array-target fd=66 id=210 type=17 name=sys_exit_submit tag=07fb247c2a62a43e jited_len=12117 xlated_len=20536 nr_jited_ksyms=1 ksym0=0xffffffffc040b60c ksym1=0x0
[386.096779 pid=6620 tid=6628] BPF_MAP_UPDATE_ELEM prog_array name=sys_exit_submit map_fd=17 map_id=367 key=514 prog_fd=66 prog_id=210 flags=0 ret=0 errno=0
[386.096861 pid=6620 tid=6628] native-loader jit-info prog_array-target fd=66 id=210 type=17 name=sys_exit_submit tag=07fb247c2a62a43e jited_len=12117 xlated_len=20536 nr_jited_ksyms=1 ksym0=0xffffffffc040b60c ksym1=0x0
[386.096955 pid=6620 tid=6628] BPF_MAP_UPDATE_ELEM prog_array name=sys_exit_submit map_fd=17 map_id=367 key=515 prog_fd=66 prog_id=210 flags=0 ret=0 errno=0
[386.097037 pid=6620 tid=6628] native-loader jit-info prog_array-target fd=66 id=210 type=17 name=sys_exit_submit tag=07fb247c2a62a43e jited_len=12117 xlated_len=20536 nr_jited_ksyms=1 ksym0=0xffffffffc040b60c ksym1=0x0
[386.097130 pid=6620 tid=6628] BPF_MAP_UPDATE_ELEM prog_array name=sys_exit_submit map_fd=17 map_id=367 key=516 prog_fd=66 prog_id=210 flags=0 ret=0 errno=0
[386.097212 pid=6620 tid=6628] native-loader jit-info prog_array-target fd=66 id=210 type=17 name=sys_exit_submit tag=07fb247c2a62a43e jited_len=12117 xlated_len=20536 nr_jited_ksyms=1 ksym0=0xffffffffc040b60c ksym1=0x0
[386.097305 pid=6620 tid=6628] BPF_MAP_UPDATE_ELEM prog_array name=sys_exit_submit map_fd=17 map_id=367 key=517 prog_fd=66 prog_id=210 flags=0 ret=0 errno=0
[386.097390 pid=6620 tid=6628] native-loader jit-info prog_array-target fd=66 id=210 type=17 name=sys_exit_submit tag=07fb247c2a62a43e jited_len=12117 xlated_len=20536 nr_jited_ksyms=1 ksym0=0xffffffffc040b60c ksym1=0x0
[386.097484 pid=6620 tid=6628] BPF_MAP_UPDATE_ELEM prog_array name=sys_exit_submit map_fd=17 map_id=367 key=518 prog_fd=66 prog_id=210 flags=0 ret=0 errno=0
[386.097567 pid=6620 tid=6628] native-loader jit-info prog_array-target fd=66 id=210 type=17 name=sys_exit_submit tag=07fb247c2a62a43e jited_len=12117 xlated_len=20536 nr_jited_ksyms=1 ksym0=0xffffffffc040b60c ksym1=0x0
[386.097661 pid=6620 tid=6628] BPF_MAP_UPDATE_ELEM prog_array name=sys_exit_submit map_fd=17 map_id=367 key=519 prog_fd=66 prog_id=210 flags=0 ret=0 errno=0
[386.097744 pid=6620 tid=6628] native-loader jit-info prog_array-target fd=66 id=210 type=17 name=sys_exit_submit tag=07fb247c2a62a43e jited_len=12117 xlated_len=20536 nr_jited_ksyms=1 ksym0=0xffffffffc040b60c ksym1=0x0
[386.097837 pid=6620 tid=6628] BPF_MAP_UPDATE_ELEM prog_array name=sys_exit_submit map_fd=17 map_id=367 key=520 prog_fd=66 prog_id=210 flags=0 ret=0 errno=0
[386.097919 pid=6620 tid=6628] native-loader jit-info prog_array-target fd=66 id=210 type=17 name=sys_exit_submit tag=07fb247c2a62a43e jited_len=12117 xlated_len=20536 nr_jited_ksyms=1 ksym0=0xffffffffc040b60c ksym1=0x0
[386.098012 pid=6620 tid=6628] BPF_MAP_UPDATE_ELEM prog_array name=sys_exit_submit map_fd=17 map_id=367 key=521 prog_fd=66 prog_id=210 flags=0 ret=0 errno=0
[386.098095 pid=6620 tid=6628] native-loader jit-info prog_array-target fd=66 id=210 type=17 name=sys_exit_submit tag=07fb247c2a62a43e jited_len=12117 xlated_len=20536 nr_jited_ksyms=1 ksym0=0xffffffffc040b60c ksym1=0x0
[386.098189 pid=6620 tid=6628] BPF_MAP_UPDATE_ELEM prog_array name=sys_exit_submit map_fd=17 map_id=367 key=522 prog_fd=66 prog_id=210 flags=0 ret=0 errno=0
[386.098271 pid=6620 tid=6628] native-loader jit-info prog_array-target fd=66 id=210 type=17 name=sys_exit_submit tag=07fb247c2a62a43e jited_len=12117 xlated_len=20536 nr_jited_ksyms=1 ksym0=0xffffffffc040b60c ksym1=0x0
[386.098367 pid=6620 tid=6628] BPF_MAP_UPDATE_ELEM prog_array name=sys_exit_submit map_fd=17 map_id=367 key=523 prog_fd=66 prog_id=210 flags=0 ret=0 errno=0
[386.098449 pid=6620 tid=6628] native-loader jit-info prog_array-target fd=66 id=210 type=17 name=sys_exit_submit tag=07fb247c2a62a43e jited_len=12117 xlated_len=20536 nr_jited_ksyms=1 ksym0=0xffffffffc040b60c ksym1=0x0
[386.098543 pid=6620 tid=6628] BPF_MAP_UPDATE_ELEM prog_array name=sys_exit_submit map_fd=17 map_id=367 key=524 prog_fd=66 prog_id=210 flags=0 ret=0 errno=0
[386.098625 pid=6620 tid=6628] native-loader jit-info prog_array-target fd=66 id=210 type=17 name=sys_exit_submit tag=07fb247c2a62a43e jited_len=12117 xlated_len=20536 nr_jited_ksyms=1 ksym0=0xffffffffc040b60c ksym1=0x0
[386.098718 pid=6620 tid=6628] BPF_MAP_UPDATE_ELEM prog_array name=sys_exit_submit map_fd=17 map_id=367 key=525 prog_fd=66 prog_id=210 flags=0 ret=0 errno=0
[386.098801 pid=6620 tid=6628] native-loader jit-info prog_array-target fd=66 id=210 type=17 name=sys_exit_submit tag=07fb247c2a62a43e jited_len=12117 xlated_len=20536 nr_jited_ksyms=1 ksym0=0xffffffffc040b60c ksym1=0x0
[386.098895 pid=6620 tid=6628] BPF_MAP_UPDATE_ELEM prog_array name=sys_exit_submit map_fd=17 map_id=367 key=526 prog_fd=66 prog_id=210 flags=0 ret=0 errno=0
[386.098977 pid=6620 tid=6628] native-loader jit-info prog_array-target fd=66 id=210 type=17 name=sys_exit_submit tag=07fb247c2a62a43e jited_len=12117 xlated_len=20536 nr_jited_ksyms=1 ksym0=0xffffffffc040b60c ksym1=0x0
[386.099070 pid=6620 tid=6628] BPF_MAP_UPDATE_ELEM prog_array name=sys_exit_submit map_fd=17 map_id=367 key=527 prog_fd=66 prog_id=210 flags=0 ret=0 errno=0
[386.099152 pid=6620 tid=6628] native-loader jit-info prog_array-target fd=66 id=210 type=17 name=sys_exit_submit tag=07fb247c2a62a43e jited_len=12117 xlated_len=20536 nr_jited_ksyms=1 ksym0=0xffffffffc040b60c ksym1=0x0
[386.099245 pid=6620 tid=6628] BPF_MAP_UPDATE_ELEM prog_array name=sys_exit_submit map_fd=17 map_id=367 key=528 prog_fd=66 prog_id=210 flags=0 ret=0 errno=0
[386.099327 pid=6620 tid=6628] native-loader jit-info prog_array-target fd=66 id=210 type=17 name=sys_exit_submit tag=07fb247c2a62a43e jited_len=12117 xlated_len=20536 nr_jited_ksyms=1 ksym0=0xffffffffc040b60c ksym1=0x0
[386.099423 pid=6620 tid=6628] BPF_MAP_UPDATE_ELEM prog_array name=sys_exit_submit map_fd=17 map_id=367 key=529 prog_fd=66 prog_id=210 flags=0 ret=0 errno=0
[386.099504 pid=6620 tid=6628] native-loader jit-info prog_array-target fd=66 id=210 type=17 name=sys_exit_submit tag=07fb247c2a62a43e jited_len=12117 xlated_len=20536 nr_jited_ksyms=1 ksym0=0xffffffffc040b60c ksym1=0x0
[386.099598 pid=6620 tid=6628] BPF_MAP_UPDATE_ELEM prog_array name=sys_exit_submit map_fd=17 map_id=367 key=530 prog_fd=66 prog_id=210 flags=0 ret=0 errno=0
[386.099680 pid=6620 tid=6628] native-loader jit-info prog_array-target fd=66 id=210 type=17 name=sys_exit_submit tag=07fb247c2a62a43e jited_len=12117 xlated_len=20536 nr_jited_ksyms=1 ksym0=0xffffffffc040b60c ksym1=0x0
[386.099774 pid=6620 tid=6628] BPF_MAP_UPDATE_ELEM prog_array name=sys_exit_submit map_fd=17 map_id=367 key=531 prog_fd=66 prog_id=210 flags=0 ret=0 errno=0
[386.099856 pid=6620 tid=6628] native-loader jit-info prog_array-target fd=66 id=210 type=17 name=sys_exit_submit tag=07fb247c2a62a43e jited_len=12117 xlated_len=20536 nr_jited_ksyms=1 ksym0=0xffffffffc040b60c ksym1=0x0
[386.099950 pid=6620 tid=6628] BPF_MAP_UPDATE_ELEM prog_array name=sys_exit_submit map_fd=17 map_id=367 key=532 prog_fd=66 prog_id=210 flags=0 ret=0 errno=0
[386.100032 pid=6620 tid=6628] native-loader jit-info prog_array-target fd=66 id=210 type=17 name=sys_exit_submit tag=07fb247c2a62a43e jited_len=12117 xlated_len=20536 nr_jited_ksyms=1 ksym0=0xffffffffc040b60c ksym1=0x0
[386.100125 pid=6620 tid=6628] BPF_MAP_UPDATE_ELEM prog_array name=sys_exit_submit map_fd=17 map_id=367 key=533 prog_fd=66 prog_id=210 flags=0 ret=0 errno=0
[386.100208 pid=6620 tid=6628] native-loader jit-info prog_array-target fd=66 id=210 type=17 name=sys_exit_submit tag=07fb247c2a62a43e jited_len=12117 xlated_len=20536 nr_jited_ksyms=1 ksym0=0xffffffffc040b60c ksym1=0x0
[386.100302 pid=6620 tid=6628] BPF_MAP_UPDATE_ELEM prog_array name=sys_exit_submit map_fd=17 map_id=367 key=534 prog_fd=66 prog_id=210 flags=0 ret=0 errno=0
[386.100386 pid=6620 tid=6628] native-loader jit-info prog_array-target fd=66 id=210 type=17 name=sys_exit_submit tag=07fb247c2a62a43e jited_len=12117 xlated_len=20536 nr_jited_ksyms=1 ksym0=0xffffffffc040b60c ksym1=0x0
[386.102303 pid=6620 tid=6628] BPF_MAP_UPDATE_ELEM prog_array name=prog_array map_fd=27 map_id=377 key=9 prog_fd=182 prog_id=294 flags=0 ret=0 errno=0
[386.102620 pid=6620 tid=6628] native-loader jit-info prog_array-target fd=182 id=294 type=2 name=lkm_seeker_proc tag=9a74a4ca9ce3677d jited_len=52694 xlated_len=97544 nr_jited_ksyms=1 ksym0=0xffffffffc046f9e4 ksym1=0x0
[386.102727 pid=6620 tid=6628] BPF_MAP_UPDATE_ELEM prog_array name=sys_enter_tails map_fd=14 map_id=364 key=59 prog_fd=166 prog_id=255 flags=0 ret=0 errno=0
[386.102843 pid=6620 tid=6628] native-loader jit-info prog_array-target fd=166 id=255 type=17 name=syscall__execve tag=4a103056bd15ad09 jited_len=22769 xlated_len=33600 nr_jited_ksyms=1 ksym0=0xffffffffc042c32c ksym1=0x0
[387.117135 pid=6620 tid=6624] socket: cmd=has_programs len=24
[387.117969 pid=6620 tid=6624] socket: cmd=list_progs len=22
[387.322791 pid=6620 tid=6624] socket: cmd=list_progs len=22
[387.526685 pid=6620 tid=6624] socket: cmd=list_progs len=22
[387.730852 pid=6620 tid=6624] socket: cmd=list_progs len=22
[387.935653 pid=6620 tid=6624] socket: cmd=list_progs len=22
[388.139672 pid=6620 tid=6624] socket: cmd=list_progs len=22
[388.344237 pid=6620 tid=6624] socket: cmd=list_progs len=22
[388.548798 pid=6620 tid=6624] socket: cmd=list_progs len=22
[388.752800 pid=6620 tid=6624] socket: cmd=list_progs len=22
[388.956804 pid=6620 tid=6624] socket: cmd=list_progs len=22
[389.160895 pid=6620 tid=6624] socket: cmd=list_progs len=22
[389.365097 pid=6620 tid=6624] socket: cmd=list_progs len=22
[389.569540 pid=6620 tid=6624] socket: cmd=list_progs len=22
[389.773600 pid=6620 tid=6624] socket: cmd=list_progs len=22
[389.977629 pid=6620 tid=6624] socket: cmd=list_progs len=22
[390.181607 pid=6620 tid=6624] socket: cmd=list_progs len=22
[390.385750 pid=6620 tid=6624] socket: cmd=list_progs len=22
[390.589513 pid=6620 tid=6624] socket: cmd=list_progs len=22
[390.793332 pid=6620 tid=6624] socket: cmd=list_progs len=22
[390.997447 pid=6620 tid=6624] socket: cmd=list_progs len=22
[391.201777 pid=6620 tid=6624] socket: cmd=list_progs len=22
[391.405934 pid=6620 tid=6624] socket: cmd=list_progs len=22
[391.610626 pid=6620 tid=6624] socket: cmd=list_progs len=22
[391.815004 pid=6620 tid=6624] socket: cmd=list_progs len=22
[392.019734 pid=6620 tid=6624] socket: cmd=list_progs len=22
[392.223939 pid=6620 tid=6624] socket: cmd=list_progs len=22
[392.427811 pid=6620 tid=6624] socket: cmd=list_progs len=22
[392.632203 pid=6620 tid=6624] socket: cmd=list_progs len=22
[392.836535 pid=6620 tid=6624] socket: cmd=list_progs len=22
[393.040594 pid=6620 tid=6624] socket: cmd=list_progs len=22
[393.244421 pid=6620 tid=6624] socket: cmd=list_progs len=22
[393.448500 pid=6620 tid=6624] socket: cmd=list_progs len=22
[393.652660 pid=6620 tid=6624] socket: cmd=list_progs len=22
[393.856747 pid=6620 tid=6624] socket: cmd=list_progs len=22
[394.061288 pid=6620 tid=6624] socket: cmd=list_progs len=22
[394.266154 pid=6620 tid=6624] socket: cmd=list_progs len=22
[394.470865 pid=6620 tid=6624] socket: cmd=list_progs len=22
[394.675509 pid=6620 tid=6624] socket: cmd=list_progs len=22
[394.879869 pid=6620 tid=6624] socket: cmd=list_progs len=22
[395.084296 pid=6620 tid=6624] socket: cmd=list_progs len=22
[395.288852 pid=6620 tid=6624] socket: cmd=list_progs len=22
[395.493334 pid=6620 tid=6624] socket: cmd=list_progs len=22
[395.698271 pid=6620 tid=6624] socket: cmd=list_progs len=22
[395.902911 pid=6620 tid=6624] socket: cmd=list_progs len=22
[396.107163 pid=6620 tid=6624] socket: cmd=list_progs len=22
[396.311578 pid=6620 tid=6624] socket: cmd=list_progs len=22
[396.516170 pid=6620 tid=6624] socket: cmd=list_progs len=22
[396.720946 pid=6620 tid=6624] socket: cmd=list_progs len=22
[396.925676 pid=6620 tid=6624] socket: cmd=list_progs len=22
[397.130134 pid=6620 tid=6624] socket: cmd=list_progs len=22
[397.334219 pid=6620 tid=6624] socket: cmd=list_progs len=22
[397.538041 pid=6620 tid=6624] socket: cmd=list_progs len=22
[397.742665 pid=6620 tid=6624] socket: cmd=list_progs len=22
[397.946927 pid=6620 tid=6624] socket: cmd=list_progs len=22
[398.150845 pid=6620 tid=6624] socket: cmd=list_progs len=22
[398.354996 pid=6620 tid=6624] socket: cmd=list_progs len=22
[398.559478 pid=6620 tid=6624] socket: cmd=list_progs len=22
[398.763592 pid=6620 tid=6624] socket: cmd=list_progs len=22
[398.967619 pid=6620 tid=6624] socket: cmd=list_progs len=22
[399.172449 pid=6620 tid=6624] socket: cmd=list_progs len=22
[399.377226 pid=6620 tid=6624] socket: cmd=list_progs len=22
[399.581979 pid=6620 tid=6624] socket: cmd=list_progs len=22
[399.786515 pid=6620 tid=6624] socket: cmd=list_progs len=22
[399.991158 pid=6620 tid=6624] socket: cmd=list_progs len=22
[400.195121 pid=6620 tid=6624] socket: cmd=list_progs len=22
[400.399294 pid=6620 tid=6624] socket: cmd=list_progs len=22
[400.603430 pid=6620 tid=6624] socket: cmd=list_progs len=22
[400.808082 pid=6620 tid=6624] socket: cmd=list_progs len=22
[401.012324 pid=6620 tid=6624] socket: cmd=list_progs len=22
[401.217080 pid=6620 tid=6624] socket: cmd=list_progs len=22
[401.421934 pid=6620 tid=6624] socket: cmd=list_progs len=22
[401.625933 pid=6620 tid=6624] socket: cmd=list_progs len=22
[401.830551 pid=6620 tid=6624] socket: cmd=list_progs len=22
[402.034879 pid=6620 tid=6624] socket: cmd=list_progs len=22
[402.238858 pid=6620 tid=6624] socket: cmd=list_progs len=22
[467.276224 pid=6620 tid=6624] socket: cmd=measure_start len=25
[647.365295 pid=6620 tid=6624] socket: cmd=measure_finish len=26
