claim_id,version,scope,kind,source_file,source_line,source_text,claim,claimed_value,original_data_paths,current_data_paths,raw_present,run_dates,platform,bpf_benchmark_commit,collector_status,generator_or_provenance,recomputable,recomputed_value,match,method,notes,verification,audit_source_line,audit_source_text
C0001,current,body,empirical,paper/sections/3-characterization.tex,113,"On them, the same source program runs 1.57$\times$ slower on x86-64, and 1.98$\times$ slower on ARM64, through the eBPF compilation pipeline than under direct native compilation (Figure~\ref{fig:char-pure-percase}).",x86 eBPF/native gap,1.57,micro/results/x86_kvm_micro_20260526_210952_650695,micro/results/x86_kvm_micro_20260526_210952_650695,yes,2026-05-26T21:09:52.650695+00:00,x86_kvm_micro; CPU Intel(R) Core(TM) Ultra 9 285K,unknown,completed,bpf-benchmark/docs/archive/shared/plot_micro_characterization_20260527.py; paper-provenance/scripts/plot_characterization_pure_percase.py (older 29-case source; final 27-case/4config generator not retained),yes,1.57480798,matches rounding,"geomean of median kernel/path exec_ns, exclude simple and simple_packet (27 cases)",,recomputed from data/,111,"The same source program runs 1.57$\times$ slower on x86-64, and 1.98$\times$ slower on ARM64, through the eBPF compilation pipeline than under direct native compilation (Table~\ref{tab:char-micro-summary})."
C0002,current,body,empirical,paper/sections/3-characterization.tex,113,"On them, the same source program runs 1.57$\times$ slower on x86-64, and 1.98$\times$ slower on ARM64, through the eBPF compilation pipeline than under direct native compilation (Figure~\ref{fig:char-pure-percase}).",ARM64 eBPF/native gap,1.98,micro/results/aws_arm64_micro_20260520_052452_727433,micro/results/aws_arm64_micro_20260520_052452_727433,yes,2026-05-20T05:24:52.727433+00:00,aws_arm64_micro; CPU aarch64,unknown,completed,bpf-benchmark/docs/archive/shared/plot_micro_characterization_20260527.py; paper-provenance/scripts/plot_characterization_pure_percase.py (older 29-case source; final 27-case/4config generator not retained),yes,1.97774368,matches rounding,"geomean of median kernel/path exec_ns, exclude simple and simple_packet (27 cases)",,recomputed from data/,111,"The same source program runs 1.57$\times$ slower on x86-64, and 1.98$\times$ slower on ARM64, through the eBPF compilation pipeline than under direct native compilation (Table~\ref{tab:char-micro-summary})."
C0003,current,body,empirical,paper/sections/3-characterization.tex,192,"On x86-64, Figure~\ref{fig:char-pure-percase} shows them at 1.55$\times$ and 1.57$\times$ over the kernel JIT, a difference of about 2\%; on ARM64 the difference is about 5\%, 1.88$\times$ against 1.98$\times$.",x86 kernel native speedup,1.55,micro/results/x86_kvm_micro_20260526_210952_650695,micro/results/x86_kvm_micro_20260526_210952_650695,yes,2026-05-26T21:09:52.650695+00:00,x86_kvm_micro; CPU Intel(R) Core(TM) Ultra 9 285K,unknown,completed,bpf-benchmark/docs/archive/shared/plot_micro_characterization_20260527.py; paper-provenance/scripts/plot_characterization_pure_percase.py (older 29-case source; final 27-case/4config generator not retained),yes,1.54504152,matches rounding,"geomean of median kernel/path exec_ns, exclude simple and simple_packet (27 cases)",,recomputed from data/,190,"On x86-64, Figure~\ref{fig:char-pure-percase} shows in-kernel native at 1.55$\times$ and userspace native at 1.57$\times$ over the kernel eBPF JIT, a difference of about 2\%."
C0004,current,body,empirical,paper/sections/3-characterization.tex,192,"On x86-64, Figure~\ref{fig:char-pure-percase} shows them at 1.55$\times$ and 1.57$\times$ over the kernel JIT, a difference of about 2\%; on ARM64 the difference is about 5\%, 1.88$\times$ against 1.98$\times$.",x86 userspace native speedup,1.57,micro/results/x86_kvm_micro_20260526_210952_650695,micro/results/x86_kvm_micro_20260526_210952_650695,yes,2026-05-26T21:09:52.650695+00:00,x86_kvm_micro; CPU Intel(R) Core(TM) Ultra 9 285K,unknown,completed,bpf-benchmark/docs/archive/shared/plot_micro_characterization_20260527.py; paper-provenance/scripts/plot_characterization_pure_percase.py (older 29-case source; final 27-case/4config generator not retained),yes,1.57480798,matches rounding,"geomean of median kernel/path exec_ns, exclude simple and simple_packet (27 cases)",,recomputed from data/,190,"On x86-64, Figure~\ref{fig:char-pure-percase} shows in-kernel native at 1.55$\times$ and userspace native at 1.57$\times$ over the kernel eBPF JIT, a difference of about 2\%."
C0005,current,body,empirical,paper/sections/3-characterization.tex,192,"On x86-64, Figure~\ref{fig:char-pure-percase} shows them at 1.55$\times$ and 1.57$\times$ over the kernel JIT, a difference of about 2\%; on ARM64 the difference is about 5\%, 1.88$\times$ against 1.98$\times$.",ARM64 kernel native speedup,1.88,micro/results/aws_arm64_micro_20260523_091516_610343,micro/results/aws_arm64_micro_20260523_091516_610343,yes,2026-05-23T09:15:16.610343+00:00,aws_arm64_micro; CPU aarch64,unknown,completed,bpf-benchmark/docs/archive/shared/plot_micro_characterization_20260527.py; paper-provenance/scripts/plot_characterization_pure_percase.py (older 29-case source; final 27-case/4config generator not retained),yes,1.87517725,matches rounding,"geomean of median kernel/path exec_ns, exclude simple and simple_packet (27 cases)",,recomputed from data/,192,"On ARM64 the difference is about 5\%, 1.88$\times$ against 1.98$\times$."
C0006,current,body,empirical,paper/sections/3-characterization.tex,192,"On x86-64, Figure~\ref{fig:char-pure-percase} shows them at 1.55$\times$ and 1.57$\times$ over the kernel JIT, a difference of about 2\%; on ARM64 the difference is about 5\%, 1.88$\times$ against 1.98$\times$.",ARM64 userspace native speedup,1.98,micro/results/aws_arm64_micro_20260520_052452_727433,micro/results/aws_arm64_micro_20260520_052452_727433,yes,2026-05-20T05:24:52.727433+00:00,aws_arm64_micro; CPU aarch64,unknown,completed,bpf-benchmark/docs/archive/shared/plot_micro_characterization_20260527.py; paper-provenance/scripts/plot_characterization_pure_percase.py (older 29-case source; final 27-case/4config generator not retained),yes,1.97774368,matches rounding,"geomean of median kernel/path exec_ns, exclude simple and simple_packet (27 cases)",,recomputed from data/,192,"On ARM64 the difference is about 5\%, 1.88$\times$ against 1.98$\times$."
C0007,current,body,empirical,paper/sections/3-characterization.tex,214,"As Figure~\ref{fig:char-pure-percase} shows, userspace LLVM-BPF reaches 1.53$\times$ on x86-64 and 1.92$\times$ on ARM64.",x86 LLVM-BPF speedup,1.53,micro/results/x86_kvm_micro_20260526_210952_650695,micro/results/x86_kvm_micro_20260526_210952_650695,yes,2026-05-26T21:09:52.650695+00:00,x86_kvm_micro; CPU Intel(R) Core(TM) Ultra 9 285K,unknown,completed,bpf-benchmark/docs/archive/shared/plot_micro_characterization_20260527.py; paper-provenance/scripts/plot_characterization_pure_percase.py (older 29-case source; final 27-case/4config generator not retained),yes,1.53494583,matches rounding,"geomean of median kernel/path exec_ns, exclude simple and simple_packet (27 cases)",,recomputed from data/,216,"As Table~\ref{tab:char-micro-summary} shows, userspace LLVM-BPF reaches 1.53$\times$ on x86-64 and 1.92$\times$ on ARM64."
C0008,current,body,empirical,paper/sections/3-characterization.tex,214,"As Figure~\ref{fig:char-pure-percase} shows, userspace LLVM-BPF reaches 1.53$\times$ on x86-64 and 1.92$\times$ on ARM64.",ARM64 LLVM-BPF speedup,1.92,micro/results/aws_arm64_micro_20260520_052452_727433,micro/results/aws_arm64_micro_20260520_052452_727433,yes,2026-05-20T05:24:52.727433+00:00,aws_arm64_micro; CPU aarch64,unknown,completed,bpf-benchmark/docs/archive/shared/plot_micro_characterization_20260527.py; paper-provenance/scripts/plot_characterization_pure_percase.py (older 29-case source; final 27-case/4config generator not retained),yes,1.92132758,matches rounding,"geomean of median kernel/path exec_ns, exclude simple and simple_packet (27 cases)",,recomputed from data/,216,"As Table~\ref{tab:char-micro-summary} shows, userspace LLVM-BPF reaches 1.53$\times$ on x86-64 and 1.92$\times$ on ARM64."
C0009,current,body,empirical,paper/sections/3-characterization.tex,216,"Against userspace native at 1.57$\times$ and 1.98$\times$, it recovers 93\% and 94\% of the gap.",x86 optimizing backend recovered gap (%),93,micro/results/x86_kvm_micro_20260526_210952_650695,micro/results/x86_kvm_micro_20260526_210952_650695,yes,2026-05-26T21:09:52.650695+00:00,x86_kvm_micro; CPU Intel(R) Core(TM) Ultra 9 285K,unknown,completed,bpf-benchmark/docs/archive/shared/plot_micro_characterization_20260527.py; paper-provenance/scripts/plot_characterization_pure_percase.py (older 29-case source; final 27-case/4config generator not retained),yes,93.065137,matches rounding,(LLVM speedup-1)/(native speedup-1)*100; unrounded raw medians,Paper arithmetic uses rounded 1.53/1.57 and 1.92/1.98; raw-value rounding can differ.,recomputed from data/,218,"Against userspace native at 1.57$\times$ and 1.98$\times$, the optimizing backend recovers 93\% and 94\% of the gap."
C0010,current,body,empirical,paper/sections/3-characterization.tex,220,"The remaining share of the gap, 7\% on x86-64 and 6\% on ARM64, comes from the bytecode itself, which fixes choices such as the register set and calling convention before any compiler runs.",x86 bytecode residual gap (%),7,micro/results/x86_kvm_micro_20260526_210952_650695,micro/results/x86_kvm_micro_20260526_210952_650695,yes,2026-05-26T21:09:52.650695+00:00,x86_kvm_micro; CPU Intel(R) Core(TM) Ultra 9 285K,unknown,completed,bpf-benchmark/docs/archive/shared/plot_micro_characterization_20260527.py; paper-provenance/scripts/plot_characterization_pure_percase.py (older 29-case source; final 27-case/4config generator not retained),yes,6.93486305,matches rounding,100 - recovered fraction,,recomputed from data/,222,"The remaining share of the gap, 7\% on x86-64 and 6\% on ARM64, comes from the bytecode form, which fixes choices such as the register set and calling convention before any compiler runs."
C0011,current,body,empirical,paper/sections/3-characterization.tex,200,\finlabel The eBPF-native gap comes from code generation. In-kernel execution slows native code by only about 2\% on x86-64 and 5\% on ARM64.,x86 in-kernel native execution overhead (%),2,micro/results/x86_kvm_micro_20260526_210952_650695,micro/results/x86_kvm_micro_20260526_210952_650695,yes,2026-05-26T21:09:52.650695+00:00,x86_kvm_micro; CPU Intel(R) Core(TM) Ultra 9 285K,unknown,completed,bpf-benchmark/docs/archive/shared/plot_micro_characterization_20260527.py; paper-provenance/scripts/plot_characterization_pure_percase.py (older 29-case source; final 27-case/4config generator not retained),yes,1.92657945,matches rounding,native_kernel / userspace native = (kernel/userspace native)/(kernel/kernel native); ARM paths have separate baselines,,recomputed from data/,202,\finlabel The eBPF-native gap comes from code generation. In-kernel execution slows native code by only about 2\% on x86-64 and 5\% on ARM64.
C0012,current,body,empirical,paper/sections/3-characterization.tex,255,"In-kernel native machine code is about half the size of the kernel JIT output, 0.54$\times$ on x86-64 and 0.49$\times$ on ARM64, an aggregate that includes losses beyond the idioms.",x86 kernel native code size ratio,0.54,micro/results/x86_kvm_micro_20260526_210952_650695,micro/results/x86_kvm_micro_20260526_210952_650695,yes,2026-05-26T21:09:52.650695+00:00,x86_kvm_micro; CPU Intel(R) Core(TM) Ultra 9 285K,unknown,completed,bpf-benchmark/docs/archive/shared/plot_micro_characterization_20260527.py; paper-provenance/scripts/plot_characterization_pure_percase.py (older 29-case source; final 27-case/4config generator not retained),yes,0.5412666,matches rounding,"all 29 cases, median native_code_bytes; paper runtime population is 27",,recomputed from data/,259,"In-kernel native machine code is about half the size of the kernel JIT output, 0.54$\times$ on x86-64 and 0.49$\times$ on ARM64, an aggregate that includes losses beyond the idioms."
C0013,current,body,empirical,paper/sections/3-characterization.tex,216,"Against userspace native at 1.57$\times$ and 1.98$\times$, it recovers 93\% and 94\% of the gap.",arm optimizing backend recovered gap (%),94,micro/results/aws_arm64_micro_20260523_091516_610343; micro/results/aws_arm64_micro_20260520_052452_727433,micro/results/aws_arm64_micro_20260523_091516_610343; micro/results/aws_arm64_micro_20260520_052452_727433,yes,2026-05-23T09:15:16.610343+00:00; 2026-05-20T05:24:52.727433+00:00,aws_arm64_micro; CPU aarch64,unknown,completed,bpf-benchmark/docs/archive/shared/plot_micro_characterization_20260527.py; paper-provenance/scripts/plot_characterization_pure_percase.py (older 29-case source; final 27-case/4config generator not retained),yes,94.2299703,matches rounding,(LLVM speedup-1)/(native speedup-1)*100; unrounded raw medians,Paper arithmetic uses rounded 1.53/1.57 and 1.92/1.98; raw-value rounding can differ.,recomputed from data/,218,"Against userspace native at 1.57$\times$ and 1.98$\times$, the optimizing backend recovers 93\% and 94\% of the gap."
C0014,current,body,empirical,paper/sections/3-characterization.tex,220,"The remaining share of the gap, 7\% on x86-64 and 6\% on ARM64, comes from the bytecode itself, which fixes choices such as the register set and calling convention before any compiler runs.",arm bytecode residual gap (%),6,micro/results/aws_arm64_micro_20260523_091516_610343; micro/results/aws_arm64_micro_20260520_052452_727433,micro/results/aws_arm64_micro_20260523_091516_610343; micro/results/aws_arm64_micro_20260520_052452_727433,yes,2026-05-23T09:15:16.610343+00:00; 2026-05-20T05:24:52.727433+00:00,aws_arm64_micro; CPU aarch64,unknown,completed,bpf-benchmark/docs/archive/shared/plot_micro_characterization_20260527.py; paper-provenance/scripts/plot_characterization_pure_percase.py (older 29-case source; final 27-case/4config generator not retained),yes,5.77002968,matches rounding,100 - recovered fraction,,recomputed from data/,222,"The remaining share of the gap, 7\% on x86-64 and 6\% on ARM64, comes from the bytecode form, which fixes choices such as the register set and calling convention before any compiler runs."
C0015,current,body,empirical,paper/sections/3-characterization.tex,200,\finlabel The eBPF-native gap comes from code generation. In-kernel execution slows native code by only about 2\% on x86-64 and 5\% on ARM64.,arm in-kernel native execution overhead (%),5,micro/results/aws_arm64_micro_20260523_091516_610343; micro/results/aws_arm64_micro_20260520_052452_727433,micro/results/aws_arm64_micro_20260523_091516_610343; micro/results/aws_arm64_micro_20260520_052452_727433,yes,2026-05-23T09:15:16.610343+00:00; 2026-05-20T05:24:52.727433+00:00,aws_arm64_micro; CPU aarch64,unknown,completed,bpf-benchmark/docs/archive/shared/plot_micro_characterization_20260527.py; paper-provenance/scripts/plot_characterization_pure_percase.py (older 29-case source; final 27-case/4config generator not retained),yes,5.46969251,matches rounding,native_kernel / userspace native = (kernel/userspace native)/(kernel/kernel native); ARM paths have separate baselines,,recomputed from data/,202,\finlabel The eBPF-native gap comes from code generation. In-kernel execution slows native code by only about 2\% on x86-64 and 5\% on ARM64.
C0016,current,body,empirical,paper/sections/3-characterization.tex,255,"In-kernel native machine code is about half the size of the kernel JIT output, 0.54$\times$ on x86-64 and 0.49$\times$ on ARM64, an aggregate that includes losses beyond the idioms.",arm kernel native code size ratio,0.49,micro/results/aws_arm64_micro_20260523_091516_610343,micro/results/aws_arm64_micro_20260523_091516_610343,yes,2026-05-23T09:15:16.610343+00:00,aws_arm64_micro; CPU aarch64,unknown,completed,bpf-benchmark/docs/archive/shared/plot_micro_characterization_20260527.py; paper-provenance/scripts/plot_characterization_pure_percase.py (older 29-case source; final 27-case/4config generator not retained),yes,0.494845591,matches rounding,"all 29 cases, median native_code_bytes; paper runtime population is 27",,recomputed from data/,259,"In-kernel native machine code is about half the size of the kernel JIT output, 0.54$\times$ on x86-64 and 0.49$\times$ on ARM64, an aggregate that includes losses beyond the idioms."
C0017,current,body,empirical,paper/sections/3-characterization.tex,143,"We use 27 microbenchmarks, listed in Table~\ref{tab:microbenchmarks}.",27 pure-bytecode computation benchmarks,27,micro/results/x86_kvm_micro_20260526_210952_650695; micro/results/aws_arm64_micro_20260523_091516_610343; micro/results/aws_arm64_micro_20260520_052452_727433,micro/results/x86_kvm_micro_20260526_210952_650695; micro/results/aws_arm64_micro_20260523_091516_610343; micro/results/aws_arm64_micro_20260520_052452_727433,yes,2026-05-26T21:09:52.650695+00:00; 2026-05-23T09:15:16.610343+00:00; 2026-05-20T05:24:52.727433+00:00,x86_kvm_micro; CPU Intel(R) Core(TM) Ultra 9 285K; aws_arm64_micro; CPU aarch64,unknown,completed,bpf-benchmark/docs/archive/shared/plot_micro_characterization_20260527.py; paper-provenance/scripts/plot_characterization_pure_percase.py (older 29-case source; final 27-case/4config generator not retained),yes,27,matches,29 raw cases minus simple/simple_packet; sources under micro/programs,,recomputed from data/,141,The corpus is 27 pure-bytecode microbenchmarks.
C0018,current,body,empirical,paper/sections/3-characterization.tex,194,This difference therefore bounds the cost of in-kernel execution at about 2--5\%.,in-kernel native overhead range,2--5%,micro/results/x86_kvm_micro_20260526_210952_650695; micro/results/aws_arm64_micro_20260523_091516_610343; micro/results/aws_arm64_micro_20260520_052452_727433,micro/results/x86_kvm_micro_20260526_210952_650695; micro/results/aws_arm64_micro_20260523_091516_610343; micro/results/aws_arm64_micro_20260520_052452_727433,yes,2026-05-26T21:09:52.650695+00:00; 2026-05-23T09:15:16.610343+00:00; 2026-05-20T05:24:52.727433+00:00,x86_kvm_micro; CPU Intel(R) Core(TM) Ultra 9 285K; aws_arm64_micro; CPU aarch64,unknown,completed,bpf-benchmark/docs/archive/shared/plot_micro_characterization_20260527.py; paper-provenance/scripts/plot_characterization_pure_percase.py (older 29-case source; final 27-case/4config generator not retained),yes,1.926579%--5.469693%,matches approximate range,comparison of geomeans; ARM execution paths measured in separate runs,,recomputed from data/,196,The spread therefore bounds the cost of in-kernel execution at about 2--5\%.
C0019,current,body,empirical,paper/sections/3-characterization.tex,224,\finlabel The kernel JIT is the dominant source of the generated code's slowness. An optimizing compiler recovers 93--94\% of the gap from the same verified bytecode. The verified bytecode carries most of what a compiler needs to generate fast code.,optimizing backend recovered gap range,93--94%,micro/results/x86_kvm_micro_20260526_210952_650695; micro/results/aws_arm64_micro_20260520_052452_727433,micro/results/x86_kvm_micro_20260526_210952_650695; micro/results/aws_arm64_micro_20260520_052452_727433,yes,2026-05-26T21:09:52.650695+00:00; 2026-05-20T05:24:52.727433+00:00,x86_kvm_micro; CPU Intel(R) Core(TM) Ultra 9 285K; aws_arm64_micro; CPU aarch64,unknown,completed,bpf-benchmark/docs/archive/shared/plot_micro_characterization_20260527.py; paper-provenance/scripts/plot_characterization_pure_percase.py (older 29-case source; final 27-case/4config generator not retained),yes,93.065137%--94.229970%,matches rounding,(LLVM speedup-1)/(native speedup-1),,recomputed from data/,226,\finlabel The per-opcode kernel JIT is the dominant source of the generated code's slowness. An optimizing compiler recovers 93--94\% of the gap from the same verified bytecode. The verified bytecode carries most of what a compiler needs to generate fast code.
C0020,current,body,empirical,paper/tables/sec-3-micro-summary.tex,10,x86-64 & In-kernel native   & 1.55$\times$ & 24/27 \\,x86 native_kernel speedup,1.55,micro/results/x86_kvm_micro_20260526_210952_650695,micro/results/x86_kvm_micro_20260526_210952_650695,yes,2026-05-26T21:09:52.650695+00:00,x86_kvm_micro; CPU Intel(R) Core(TM) Ultra 9 285K,unknown,completed,bpf-benchmark/docs/archive/shared/plot_micro_characterization_20260527.py; paper-provenance/scripts/plot_characterization_pure_percase.py (older 29-case source; final 27-case/4config generator not retained),yes,1.54504152,matches rounding,27-case geomean of median exec_ns,,recomputed from data/,10,x86-64 & In-kernel native   & 1.55$\times$ & 24/27 \\
C0021,current,body,empirical,paper/tables/sec-3-micro-summary.tex,10,x86-64 & In-kernel native   & 1.55$\times$ & 24/27 \\,x86 native_kernel faster cases (>2%),24,micro/results/x86_kvm_micro_20260526_210952_650695,micro/results/x86_kvm_micro_20260526_210952_650695,yes,2026-05-26T21:09:52.650695+00:00,x86_kvm_micro; CPU Intel(R) Core(TM) Ultra 9 285K,unknown,completed,bpf-benchmark/docs/archive/shared/plot_micro_characterization_20260527.py; paper-provenance/scripts/plot_characterization_pure_percase.py (older 29-case source; final 27-case/4config generator not retained),yes,24,matches rounding,path_time < 0.98*kernel_time; denominator 27,,recomputed from data/,10,x86-64 & In-kernel native   & 1.55$\times$ & 24/27 \\
C0022,current,body,empirical,paper/tables/sec-3-micro-summary.tex,11,& Userspace native   & 1.57$\times$ & 25/27 \\,x86 native speedup,1.57,micro/results/x86_kvm_micro_20260526_210952_650695,micro/results/x86_kvm_micro_20260526_210952_650695,yes,2026-05-26T21:09:52.650695+00:00,x86_kvm_micro; CPU Intel(R) Core(TM) Ultra 9 285K,unknown,completed,bpf-benchmark/docs/archive/shared/plot_micro_characterization_20260527.py; paper-provenance/scripts/plot_characterization_pure_percase.py (older 29-case source; final 27-case/4config generator not retained),yes,1.57480798,matches rounding,27-case geomean of median exec_ns,,recomputed from data/,11,& Userspace native   & 1.57$\times$ & 25/27 \\
C0023,current,body,empirical,paper/tables/sec-3-micro-summary.tex,11,& Userspace native   & 1.57$\times$ & 25/27 \\,x86 native faster cases (>2%),25,micro/results/x86_kvm_micro_20260526_210952_650695,micro/results/x86_kvm_micro_20260526_210952_650695,yes,2026-05-26T21:09:52.650695+00:00,x86_kvm_micro; CPU Intel(R) Core(TM) Ultra 9 285K,unknown,completed,bpf-benchmark/docs/archive/shared/plot_micro_characterization_20260527.py; paper-provenance/scripts/plot_characterization_pure_percase.py (older 29-case source; final 27-case/4config generator not retained),yes,25,matches rounding,path_time < 0.98*kernel_time; denominator 27,,recomputed from data/,11,& Userspace native   & 1.57$\times$ & 25/27 \\
C0024,current,body,empirical,paper/tables/sec-3-micro-summary.tex,12,& Userspace LLVM-BPF & 1.53$\times$ & 25/27 \\,x86 llvmbpf speedup,1.53,micro/results/x86_kvm_micro_20260526_210952_650695,micro/results/x86_kvm_micro_20260526_210952_650695,yes,2026-05-26T21:09:52.650695+00:00,x86_kvm_micro; CPU Intel(R) Core(TM) Ultra 9 285K,unknown,completed,bpf-benchmark/docs/archive/shared/plot_micro_characterization_20260527.py; paper-provenance/scripts/plot_characterization_pure_percase.py (older 29-case source; final 27-case/4config generator not retained),yes,1.53494583,matches rounding,27-case geomean of median exec_ns,,recomputed from data/,12,& Userspace LLVM-BPF & 1.53$\times$ & 25/27 \\
C0025,current,body,empirical,paper/tables/sec-3-micro-summary.tex,12,& Userspace LLVM-BPF & 1.53$\times$ & 25/27 \\,x86 llvmbpf faster cases (>2%),25,micro/results/x86_kvm_micro_20260526_210952_650695,micro/results/x86_kvm_micro_20260526_210952_650695,yes,2026-05-26T21:09:52.650695+00:00,x86_kvm_micro; CPU Intel(R) Core(TM) Ultra 9 285K,unknown,completed,bpf-benchmark/docs/archive/shared/plot_micro_characterization_20260527.py; paper-provenance/scripts/plot_characterization_pure_percase.py (older 29-case source; final 27-case/4config generator not retained),yes,25,matches rounding,path_time < 0.98*kernel_time; denominator 27,,recomputed from data/,12,& Userspace LLVM-BPF & 1.53$\times$ & 25/27 \\
C0026,current,body,empirical,paper/tables/sec-3-micro-summary.tex,14,ARM64  & In-kernel native   & 1.88$\times$ & 27/27 \\,arm native_kernel speedup,1.88,micro/results/aws_arm64_micro_20260523_091516_610343,micro/results/aws_arm64_micro_20260523_091516_610343,yes,2026-05-23T09:15:16.610343+00:00,aws_arm64_micro; CPU aarch64,unknown,completed,bpf-benchmark/docs/archive/shared/plot_micro_characterization_20260527.py; paper-provenance/scripts/plot_characterization_pure_percase.py (older 29-case source; final 27-case/4config generator not retained),yes,1.87517725,matches rounding,27-case geomean of median exec_ns,,recomputed from data/,14,ARM64  & In-kernel native   & 1.88$\times$ & 27/27 \\
C0027,current,body,empirical,paper/tables/sec-3-micro-summary.tex,14,ARM64  & In-kernel native   & 1.88$\times$ & 27/27 \\,arm native_kernel faster cases (>2%),27,micro/results/aws_arm64_micro_20260523_091516_610343,micro/results/aws_arm64_micro_20260523_091516_610343,yes,2026-05-23T09:15:16.610343+00:00,aws_arm64_micro; CPU aarch64,unknown,completed,bpf-benchmark/docs/archive/shared/plot_micro_characterization_20260527.py; paper-provenance/scripts/plot_characterization_pure_percase.py (older 29-case source; final 27-case/4config generator not retained),yes,27,matches rounding,path_time < 0.98*kernel_time; denominator 27,,recomputed from data/,14,ARM64  & In-kernel native   & 1.88$\times$ & 27/27 \\
C0028,current,body,empirical,paper/tables/sec-3-micro-summary.tex,15,& Userspace native   & 1.98$\times$ & 27/27 \\,arm native speedup,1.98,micro/results/aws_arm64_micro_20260520_052452_727433,micro/results/aws_arm64_micro_20260520_052452_727433,yes,2026-05-20T05:24:52.727433+00:00,aws_arm64_micro; CPU aarch64,unknown,completed,bpf-benchmark/docs/archive/shared/plot_micro_characterization_20260527.py; paper-provenance/scripts/plot_characterization_pure_percase.py (older 29-case source; final 27-case/4config generator not retained),yes,1.97774368,matches rounding,27-case geomean of median exec_ns,,recomputed from data/,15,& Userspace native   & 1.98$\times$ & 27/27 \\
C0029,current,body,empirical,paper/tables/sec-3-micro-summary.tex,15,& Userspace native   & 1.98$\times$ & 27/27 \\,arm native faster cases (>2%),27,micro/results/aws_arm64_micro_20260520_052452_727433,micro/results/aws_arm64_micro_20260520_052452_727433,yes,2026-05-20T05:24:52.727433+00:00,aws_arm64_micro; CPU aarch64,unknown,completed,bpf-benchmark/docs/archive/shared/plot_micro_characterization_20260527.py; paper-provenance/scripts/plot_characterization_pure_percase.py (older 29-case source; final 27-case/4config generator not retained),yes,27,matches rounding,path_time < 0.98*kernel_time; denominator 27,,recomputed from data/,15,& Userspace native   & 1.98$\times$ & 27/27 \\
C0030,current,body,empirical,paper/tables/sec-3-micro-summary.tex,16,& Userspace LLVM-BPF & 1.92$\times$ & 27/27 \\,arm llvmbpf speedup,1.92,micro/results/aws_arm64_micro_20260520_052452_727433,micro/results/aws_arm64_micro_20260520_052452_727433,yes,2026-05-20T05:24:52.727433+00:00,aws_arm64_micro; CPU aarch64,unknown,completed,bpf-benchmark/docs/archive/shared/plot_micro_characterization_20260527.py; paper-provenance/scripts/plot_characterization_pure_percase.py (older 29-case source; final 27-case/4config generator not retained),yes,1.92132758,matches rounding,27-case geomean of median exec_ns,,recomputed from data/,16,& Userspace LLVM-BPF & 1.92$\times$ & 27/27 \\
C0031,current,body,empirical,paper/tables/sec-3-micro-summary.tex,16,& Userspace LLVM-BPF & 1.92$\times$ & 27/27 \\,arm llvmbpf faster cases (>2%),27,micro/results/aws_arm64_micro_20260520_052452_727433,micro/results/aws_arm64_micro_20260520_052452_727433,yes,2026-05-20T05:24:52.727433+00:00,aws_arm64_micro; CPU aarch64,unknown,completed,bpf-benchmark/docs/archive/shared/plot_micro_characterization_20260527.py; paper-provenance/scripts/plot_characterization_pure_percase.py (older 29-case source; final 27-case/4config generator not retained),yes,27,matches rounding,path_time < 0.98*kernel_time; denominator 27,,recomputed from data/,16,& Userspace LLVM-BPF & 1.92$\times$ & 27/27 \\
C0032,current,body,empirical,paper/sections/7-evaluation.tex,63,"\lang reduces generated native-code size on both evaluated architectures. Relative to the original kernel JIT, generated kernel JIT code shrinks to 0.772$\times$ on x86-64 KVM and 0.879$\times$ on ARM64 AWS, corresponding to geomean reductions of 22.8\% and 12.1\%, respectively.",x86 native code size ratio,0.772,micro/results/x86_kvm_micro_20260519_114214_364050; micro/results/x86_kvm_micro_20260526_210351_224315,micro/results/x86_kvm_micro_20260519_114214_364050; micro/results/x86_kvm_micro_20260526_210351_224315,yes,2026-05-19T11:42:14.364050+00:00; 2026-05-26T21:03:51.224315+00:00,x86_kvm_micro; CPU Intel(R) Core(TM) Ultra 9 285K,unknown,completed,paper-provenance/scripts/plot_evaluation_kinsn.py (older 29-case source); bpf-benchmark/docs/artifacts/render_claim_table.py (27-case derivation),yes,0.771806881,matches rounding,runtime: 27 cases; native code size: all 29 cases; per-runtime sample medians,,recomputed from data/,63,"\lang reduces generated native-code size on both evaluated architectures. Relative to the stock kernel eBPF JIT, generated kernel JIT code shrinks to 0.772$\times$ on x86-64 KVM and 0.879$\times$ on ARM64 AWS, corresponding to geomean reductions of 22.8\% and 12.1\%, respectively."
C0033,current,body,empirical,paper/sections/7-evaluation.tex,63,"\lang reduces generated native-code size on both evaluated architectures. Relative to the original kernel JIT, generated kernel JIT code shrinks to 0.772$\times$ on x86-64 KVM and 0.879$\times$ on ARM64 AWS, corresponding to geomean reductions of 22.8\% and 12.1\%, respectively.",ARM64 native code size ratio,0.879,micro/results/aws_arm64_micro_20260606_001225_821028,micro/results/aws_arm64_micro_20260606_001225_821028,yes,2026-06-06T00:12:25.821028+00:00,aws_arm64_micro; CPU aarch64,unknown,completed,paper-provenance/scripts/plot_evaluation_kinsn.py (older 29-case source); bpf-benchmark/docs/artifacts/render_claim_table.py (27-case derivation),yes,0.879116156,matches rounding,runtime: 27 cases; native code size: all 29 cases; per-runtime sample medians,,recomputed from data/,63,"\lang reduces generated native-code size on both evaluated architectures. Relative to the stock kernel eBPF JIT, generated kernel JIT code shrinks to 0.772$\times$ on x86-64 KVM and 0.879$\times$ on ARM64 AWS, corresponding to geomean reductions of 22.8\% and 12.1\%, respectively."
C0034,current,body,empirical,paper/sections/7-evaluation.tex,63,"\lang reduces generated native-code size on both evaluated architectures. Relative to the original kernel JIT, generated kernel JIT code shrinks to 0.772$\times$ on x86-64 KVM and 0.879$\times$ on ARM64 AWS, corresponding to geomean reductions of 22.8\% and 12.1\%, respectively.",x86 native code reduction (%),22.8,micro/results/x86_kvm_micro_20260519_114214_364050; micro/results/x86_kvm_micro_20260526_210351_224315,micro/results/x86_kvm_micro_20260519_114214_364050; micro/results/x86_kvm_micro_20260526_210351_224315,yes,2026-05-19T11:42:14.364050+00:00; 2026-05-26T21:03:51.224315+00:00,x86_kvm_micro; CPU Intel(R) Core(TM) Ultra 9 285K,unknown,completed,paper-provenance/scripts/plot_evaluation_kinsn.py (older 29-case source); bpf-benchmark/docs/artifacts/render_claim_table.py (27-case derivation),yes,22.8193119,matches rounding,runtime: 27 cases; native code size: all 29 cases; per-runtime sample medians,,recomputed from data/,63,"\lang reduces generated native-code size on both evaluated architectures. Relative to the stock kernel eBPF JIT, generated kernel JIT code shrinks to 0.772$\times$ on x86-64 KVM and 0.879$\times$ on ARM64 AWS, corresponding to geomean reductions of 22.8\% and 12.1\%, respectively."
C0035,current,body,empirical,paper/sections/7-evaluation.tex,63,"\lang reduces generated native-code size on both evaluated architectures. Relative to the original kernel JIT, generated kernel JIT code shrinks to 0.772$\times$ on x86-64 KVM and 0.879$\times$ on ARM64 AWS, corresponding to geomean reductions of 22.8\% and 12.1\%, respectively.",ARM64 native code reduction (%),12.1,micro/results/aws_arm64_micro_20260606_001225_821028,micro/results/aws_arm64_micro_20260606_001225_821028,yes,2026-06-06T00:12:25.821028+00:00,aws_arm64_micro; CPU aarch64,unknown,completed,paper-provenance/scripts/plot_evaluation_kinsn.py (older 29-case source); bpf-benchmark/docs/artifacts/render_claim_table.py (27-case derivation),yes,12.0883844,matches rounding,runtime: 27 cases; native code size: all 29 cases; per-runtime sample medians,,recomputed from data/,63,"\lang reduces generated native-code size on both evaluated architectures. Relative to the stock kernel eBPF JIT, generated kernel JIT code shrinks to 0.772$\times$ on x86-64 KVM and 0.879$\times$ on ARM64 AWS, corresponding to geomean reductions of 22.8\% and 12.1\%, respectively."
C0036,current,body,empirical,paper/sections/7-evaluation.tex,65,"Figure~\ref{fig:eval-kinsn-micro} reports the corresponding execution-time results. On x86-64 KVM, the \lang-enabled run achieves a 1.242$\times$ geomean speedup over the original kernel JIT, reducing execution time by 19.47\%. On ARM64 AWS, the \lang-enabled run applies all matched \lang sites, with 308/308 sites in the median sample and 924/924 site instances across all samples. Over the 27 \lang-bearing benchmarks, it achieves a 1.222$\times$ geomean speedup over the original kernel JIT, reducing",x86 execution speedup,1.242,micro/results/x86_kvm_micro_20260519_114214_364050; micro/results/x86_kvm_micro_20260526_210351_224315,micro/results/x86_kvm_micro_20260519_114214_364050; micro/results/x86_kvm_micro_20260526_210351_224315,yes,2026-05-19T11:42:14.364050+00:00; 2026-05-26T21:03:51.224315+00:00,x86_kvm_micro; CPU Intel(R) Core(TM) Ultra 9 285K,unknown,completed,paper-provenance/scripts/plot_evaluation_kinsn.py (older 29-case source); bpf-benchmark/docs/artifacts/render_claim_table.py (27-case derivation),yes,1.24173584,matches rounding,runtime: 27 cases; native code size: all 29 cases; per-runtime sample medians,,recomputed from data/,65,"Figure~\ref{fig:eval-kinsn-micro} reports the corresponding execution-time results. On x86-64 KVM, the \lang-enabled run achieves a 1.242$\times$ geomean speedup over the stock kernel eBPF JIT, reducing execution time by 19.47\%. On ARM64 AWS, the \lang-enabled run applies all matched \lang sites, with 308/308 sites in the median sample and 924/924 site instances across all samples. Over the 27 \lang-bearing benchmarks, it achieves a 1.222$\times$ geomean speedup over the stock kernel eBPF JIT, reducing"
C0037,current,body,empirical,paper/sections/7-evaluation.tex,65,"Figure~\ref{fig:eval-kinsn-micro} reports the corresponding execution-time results. On x86-64 KVM, the \lang-enabled run achieves a 1.242$\times$ geomean speedup over the original kernel JIT, reducing execution time by 19.47\%. On ARM64 AWS, the \lang-enabled run applies all matched \lang sites, with 308/308 sites in the median sample and 924/924 site instances across all samples. Over the 27 \lang-bearing benchmarks, it achieves a 1.222$\times$ geomean speedup over the original kernel JIT, reducing",x86 time reduction (%),19.47,micro/results/x86_kvm_micro_20260519_114214_364050; micro/results/x86_kvm_micro_20260526_210351_224315,micro/results/x86_kvm_micro_20260519_114214_364050; micro/results/x86_kvm_micro_20260526_210351_224315,yes,2026-05-19T11:42:14.364050+00:00; 2026-05-26T21:03:51.224315+00:00,x86_kvm_micro; CPU Intel(R) Core(TM) Ultra 9 285K,unknown,completed,paper-provenance/scripts/plot_evaluation_kinsn.py (older 29-case source); bpf-benchmark/docs/artifacts/render_claim_table.py (27-case derivation),yes,19.4675734,matches rounding,runtime: 27 cases; native code size: all 29 cases; per-runtime sample medians,,recomputed from data/,65,"Figure~\ref{fig:eval-kinsn-micro} reports the corresponding execution-time results. On x86-64 KVM, the \lang-enabled run achieves a 1.242$\times$ geomean speedup over the stock kernel eBPF JIT, reducing execution time by 19.47\%. On ARM64 AWS, the \lang-enabled run applies all matched \lang sites, with 308/308 sites in the median sample and 924/924 site instances across all samples. Over the 27 \lang-bearing benchmarks, it achieves a 1.222$\times$ geomean speedup over the stock kernel eBPF JIT, reducing"
C0038,current,body,empirical,paper/sections/7-evaluation.tex,65,"Figure~\ref{fig:eval-kinsn-micro} reports the corresponding execution-time results. On x86-64 KVM, the \lang-enabled run achieves a 1.242$\times$ geomean speedup over the original kernel JIT, reducing execution time by 19.47\%. On ARM64 AWS, the \lang-enabled run applies all matched \lang sites, with 308/308 sites in the median sample and 924/924 site instances across all samples. Over the 27 \lang-bearing benchmarks, it achieves a 1.222$\times$ geomean speedup over the original kernel JIT, reducing",ARM64 execution speedup,1.222,micro/results/aws_arm64_micro_20260606_001225_821028,micro/results/aws_arm64_micro_20260606_001225_821028,yes,2026-06-06T00:12:25.821028+00:00,aws_arm64_micro; CPU aarch64,unknown,completed,paper-provenance/scripts/plot_evaluation_kinsn.py (older 29-case source); bpf-benchmark/docs/artifacts/render_claim_table.py (27-case derivation),yes,1.22204216,matches rounding,runtime: 27 cases; native code size: all 29 cases; per-runtime sample medians,,recomputed from data/,65,"Figure~\ref{fig:eval-kinsn-micro} reports the corresponding execution-time results. On x86-64 KVM, the \lang-enabled run achieves a 1.242$\times$ geomean speedup over the stock kernel eBPF JIT, reducing execution time by 19.47\%. On ARM64 AWS, the \lang-enabled run applies all matched \lang sites, with 308/308 sites in the median sample and 924/924 site instances across all samples. Over the 27 \lang-bearing benchmarks, it achieves a 1.222$\times$ geomean speedup over the stock kernel eBPF JIT, reducing"
C0039,current,body,empirical,paper/sections/7-evaluation.tex,66,"execution time by 18.17\%. Both architectures produce zero correctness mismatches. On the microbenchmarks, the 1.242$\times$ speedup recovers 42\% of the characterization's 1.57$\times$ eBPF-native gap on x86-64 $((1.242{-}1)/(1.57{-}1))$.",ARM64 time reduction (%),18.17,micro/results/aws_arm64_micro_20260606_001225_821028,micro/results/aws_arm64_micro_20260606_001225_821028,yes,2026-06-06T00:12:25.821028+00:00,aws_arm64_micro; CPU aarch64,unknown,completed,paper-provenance/scripts/plot_evaluation_kinsn.py (older 29-case source); bpf-benchmark/docs/artifacts/render_claim_table.py (27-case derivation),yes,18.1697627,matches rounding,runtime: 27 cases; native code size: all 29 cases; per-runtime sample medians,,recomputed from data/,66,"execution time by 18.17\%. Both architectures produce zero correctness mismatches. On the microbenchmarks, the 1.242$\times$ speedup recovers 42\% of the characterization's 1.57$\times$ eBPF-native gap on x86-64 $((1.242{-}1)/(1.57{-}1))$."
C0040,current,body,empirical,paper/sections/7-evaluation.tex,65,"Figure~\ref{fig:eval-kinsn-micro} reports the corresponding execution-time results. On x86-64 KVM, the \lang-enabled run achieves a 1.242$\times$ geomean speedup over the original kernel JIT, reducing execution time by 19.47\%. On ARM64 AWS, the \lang-enabled run applies all matched \lang sites, with 308/308 sites in the median sample and 924/924 site instances across all samples. Over the 27 \lang-bearing benchmarks, it achieves a 1.222$\times$ geomean speedup over the original kernel JIT, reducing",ARM64 median matched/applied sites,308/308,micro/results/aws_arm64_micro_20260606_001225_821028,micro/results/aws_arm64_micro_20260606_001225_821028,yes,2026-06-06T00:12:25.821028+00:00,aws_arm64_micro; CPU aarch64,unknown,completed,paper-provenance/scripts/plot_evaluation_kinsn.py (older 29-case source); bpf-benchmark/docs/artifacts/render_claim_table.py (27-case derivation),yes,308/308,matches,sum per-program kinsn report counts across benchmarks; median per benchmark or all samples,,recomputed from data/,65,"Figure~\ref{fig:eval-kinsn-micro} reports the corresponding execution-time results. On x86-64 KVM, the \lang-enabled run achieves a 1.242$\times$ geomean speedup over the stock kernel eBPF JIT, reducing execution time by 19.47\%. On ARM64 AWS, the \lang-enabled run applies all matched \lang sites, with 308/308 sites in the median sample and 924/924 site instances across all samples. Over the 27 \lang-bearing benchmarks, it achieves a 1.222$\times$ geomean speedup over the stock kernel eBPF JIT, reducing"
C0041,current,body,empirical,paper/sections/7-evaluation.tex,65,"Figure~\ref{fig:eval-kinsn-micro} reports the corresponding execution-time results. On x86-64 KVM, the \lang-enabled run achieves a 1.242$\times$ geomean speedup over the original kernel JIT, reducing execution time by 19.47\%. On ARM64 AWS, the \lang-enabled run applies all matched \lang sites, with 308/308 sites in the median sample and 924/924 site instances across all samples. Over the 27 \lang-bearing benchmarks, it achieves a 1.222$\times$ geomean speedup over the original kernel JIT, reducing",ARM64 summed sample matched/applied sites,924/924,micro/results/aws_arm64_micro_20260606_001225_821028,micro/results/aws_arm64_micro_20260606_001225_821028,yes,2026-06-06T00:12:25.821028+00:00,aws_arm64_micro; CPU aarch64,unknown,completed,paper-provenance/scripts/plot_evaluation_kinsn.py (older 29-case source); bpf-benchmark/docs/artifacts/render_claim_table.py (27-case derivation),yes,924/924,matches,sum per-program kinsn report counts across benchmarks; median per benchmark or all samples,,recomputed from data/,65,"Figure~\ref{fig:eval-kinsn-micro} reports the corresponding execution-time results. On x86-64 KVM, the \lang-enabled run achieves a 1.242$\times$ geomean speedup over the stock kernel eBPF JIT, reducing execution time by 19.47\%. On ARM64 AWS, the \lang-enabled run applies all matched \lang sites, with 308/308 sites in the median sample and 924/924 site instances across all samples. Over the 27 \lang-bearing benchmarks, it achieves a 1.222$\times$ geomean speedup over the stock kernel eBPF JIT, reducing"
C0042,current,body,empirical,paper/sections/7-evaluation.tex,66,"execution time by 18.17\%. Both architectures produce zero correctness mismatches. On the microbenchmarks, the 1.242$\times$ speedup recovers 42\% of the characterization's 1.57$\times$ eBPF-native gap on x86-64 $((1.242{-}1)/(1.57{-}1))$.",zero correctness mismatches on both architectures,0,micro/results/x86_kvm_micro_20260519_114214_364050; micro/results/x86_kvm_micro_20260526_210351_224315; micro/results/aws_arm64_micro_20260606_001225_821028,micro/results/x86_kvm_micro_20260519_114214_364050; micro/results/x86_kvm_micro_20260526_210351_224315; micro/results/aws_arm64_micro_20260606_001225_821028,yes,2026-05-19T11:42:14.364050+00:00; 2026-05-26T21:03:51.224315+00:00; 2026-06-06T00:12:25.821028+00:00,x86_kvm_micro; CPU Intel(R) Core(TM) Ultra 9 285K; aws_arm64_micro; CPU aarch64,unknown,completed,paper-provenance/scripts/plot_evaluation_kinsn.py (older 29-case source); bpf-benchmark/docs/artifacts/render_claim_table.py (27-case derivation),yes,0,matches,check expected_result and expected_retval for every recorded sample,,recomputed from data/,66,"execution time by 18.17\%. Both architectures produce zero correctness mismatches. On the microbenchmarks, the 1.242$\times$ speedup recovers 42\% of the characterization's 1.57$\times$ eBPF-native gap on x86-64 $((1.242{-}1)/(1.57{-}1))$."
C0043,current,body,empirical,paper/sections/7-evaluation.tex,69,"The per-benchmark distributions suggest different sources of benefit across architectures. On x86-64, speedups are more closely associated with native code-size reduction, which is consistent with \lang replacing the original JIT's conservative instruction sequences and reducing dynamic instruction overhead. On ARM64, code-size reduction alone is less explanatory: the largest gains appear when the selector reaches target-specific idioms such as rotate/extract operations and packet-field load fusion. For example, \texttt{siphash\_rotate64\_\allowbreak mixer} reaches a 1.902$\times$ speedup on ARM64 with dominant extract-style sites, while networking-oriented microbenchmarks such as Cilium socket load balancing, BCC TCP tuple filtering, and Cilium CT/NAT tuple rewriting achieve speedups of 1.691$\times$, 1.624$\times$, and 1.482$\times$, respectively. These results suggest that \lang is not merely a code-size optimization. Rather, its effectiveness depends on the architecture, the original JIT baseline, the selected operation, and whether the selected sites lie on performance-critical execution paths.",ARM64 SipHash speedup,1.902,micro/results/aws_arm64_micro_20260606_001225_821028,micro/results/aws_arm64_micro_20260606_001225_821028,yes,2026-06-06T00:12:25.821028+00:00,aws_arm64_micro; CPU aarch64,unknown,completed,paper-provenance/scripts/plot_evaluation_kinsn.py (older 29-case source); bpf-benchmark/docs/artifacts/render_claim_table.py (27-case derivation),yes,1.90196078,matches rounding,median kernel exec_ns / median kernel_rejit exec_ns,,recomputed from data/,69,"The per-benchmark distributions suggest different sources of benefit across architectures. On x86-64, speedups are more closely associated with native code-size reduction, which is consistent with \lang replacing conservative stock-JIT instruction sequences and reducing dynamic instruction overhead. On ARM64, code-size reduction alone is less explanatory: the largest gains appear when the selector reaches target-specific idioms such as rotate/extract operations and packet-field load fusion. For example, \texttt{siphash\_rotate64\_\allowbreak mixer} reaches a 1.902$\times$ speedup on ARM64 with dominant extract-style sites, while networking-oriented microbenchmarks such as Cilium socket load balancing, BCC TCP tuple filtering, and Cilium CT/NAT tuple rewriting achieve speedups of 1.691$\times$, 1.624$\times$, and 1.482$\times$, respectively. These results suggest that \lang is not merely a code-size optimization. Rather, it acts as an architecture-sensitive specialization mechanism whose effectiveness depends on the stock JIT baseline, the selected descriptor family, and whether the selected sites lie on performance-critical execution paths."
C0044,current,body,empirical,paper/sections/7-evaluation.tex,69,"The per-benchmark distributions suggest different sources of benefit across architectures. On x86-64, speedups are more closely associated with native code-size reduction, which is consistent with \lang replacing the original JIT's conservative instruction sequences and reducing dynamic instruction overhead. On ARM64, code-size reduction alone is less explanatory: the largest gains appear when the selector reaches target-specific idioms such as rotate/extract operations and packet-field load fusion. For example, \texttt{siphash\_rotate64\_\allowbreak mixer} reaches a 1.902$\times$ speedup on ARM64 with dominant extract-style sites, while networking-oriented microbenchmarks such as Cilium socket load balancing, BCC TCP tuple filtering, and Cilium CT/NAT tuple rewriting achieve speedups of 1.691$\times$, 1.624$\times$, and 1.482$\times$, respectively. These results suggest that \lang is not merely a code-size optimization. Rather, its effectiveness depends on the architecture, the original JIT baseline, the selected operation, and whether the selected sites lie on performance-critical execution paths.",ARM64 Cilium socket LB speedup,1.691,micro/results/aws_arm64_micro_20260606_001225_821028,micro/results/aws_arm64_micro_20260606_001225_821028,yes,2026-06-06T00:12:25.821028+00:00,aws_arm64_micro; CPU aarch64,unknown,completed,paper-provenance/scripts/plot_evaluation_kinsn.py (older 29-case source); bpf-benchmark/docs/artifacts/render_claim_table.py (27-case derivation),yes,1.69069069,matches rounding,median kernel exec_ns / median kernel_rejit exec_ns,,recomputed from data/,69,"The per-benchmark distributions suggest different sources of benefit across architectures. On x86-64, speedups are more closely associated with native code-size reduction, which is consistent with \lang replacing conservative stock-JIT instruction sequences and reducing dynamic instruction overhead. On ARM64, code-size reduction alone is less explanatory: the largest gains appear when the selector reaches target-specific idioms such as rotate/extract operations and packet-field load fusion. For example, \texttt{siphash\_rotate64\_\allowbreak mixer} reaches a 1.902$\times$ speedup on ARM64 with dominant extract-style sites, while networking-oriented microbenchmarks such as Cilium socket load balancing, BCC TCP tuple filtering, and Cilium CT/NAT tuple rewriting achieve speedups of 1.691$\times$, 1.624$\times$, and 1.482$\times$, respectively. These results suggest that \lang is not merely a code-size optimization. Rather, it acts as an architecture-sensitive specialization mechanism whose effectiveness depends on the stock JIT baseline, the selected descriptor family, and whether the selected sites lie on performance-critical execution paths."
C0045,current,body,empirical,paper/sections/7-evaluation.tex,69,"The per-benchmark distributions suggest different sources of benefit across architectures. On x86-64, speedups are more closely associated with native code-size reduction, which is consistent with \lang replacing the original JIT's conservative instruction sequences and reducing dynamic instruction overhead. On ARM64, code-size reduction alone is less explanatory: the largest gains appear when the selector reaches target-specific idioms such as rotate/extract operations and packet-field load fusion. For example, \texttt{siphash\_rotate64\_\allowbreak mixer} reaches a 1.902$\times$ speedup on ARM64 with dominant extract-style sites, while networking-oriented microbenchmarks such as Cilium socket load balancing, BCC TCP tuple filtering, and Cilium CT/NAT tuple rewriting achieve speedups of 1.691$\times$, 1.624$\times$, and 1.482$\times$, respectively. These results suggest that \lang is not merely a code-size optimization. Rather, its effectiveness depends on the architecture, the original JIT baseline, the selected operation, and whether the selected sites lie on performance-critical execution paths.",ARM64 BCC TCP tuple speedup,1.624,micro/results/aws_arm64_micro_20260606_001225_821028,micro/results/aws_arm64_micro_20260606_001225_821028,yes,2026-06-06T00:12:25.821028+00:00,aws_arm64_micro; CPU aarch64,unknown,completed,paper-provenance/scripts/plot_evaluation_kinsn.py (older 29-case source); bpf-benchmark/docs/artifacts/render_claim_table.py (27-case derivation),yes,1.62380952,matches rounding,median kernel exec_ns / median kernel_rejit exec_ns,,recomputed from data/,69,"The per-benchmark distributions suggest different sources of benefit across architectures. On x86-64, speedups are more closely associated with native code-size reduction, which is consistent with \lang replacing conservative stock-JIT instruction sequences and reducing dynamic instruction overhead. On ARM64, code-size reduction alone is less explanatory: the largest gains appear when the selector reaches target-specific idioms such as rotate/extract operations and packet-field load fusion. For example, \texttt{siphash\_rotate64\_\allowbreak mixer} reaches a 1.902$\times$ speedup on ARM64 with dominant extract-style sites, while networking-oriented microbenchmarks such as Cilium socket load balancing, BCC TCP tuple filtering, and Cilium CT/NAT tuple rewriting achieve speedups of 1.691$\times$, 1.624$\times$, and 1.482$\times$, respectively. These results suggest that \lang is not merely a code-size optimization. Rather, it acts as an architecture-sensitive specialization mechanism whose effectiveness depends on the stock JIT baseline, the selected descriptor family, and whether the selected sites lie on performance-critical execution paths."
C0046,current,body,empirical,paper/sections/7-evaluation.tex,69,"The per-benchmark distributions suggest different sources of benefit across architectures. On x86-64, speedups are more closely associated with native code-size reduction, which is consistent with \lang replacing the original JIT's conservative instruction sequences and reducing dynamic instruction overhead. On ARM64, code-size reduction alone is less explanatory: the largest gains appear when the selector reaches target-specific idioms such as rotate/extract operations and packet-field load fusion. For example, \texttt{siphash\_rotate64\_\allowbreak mixer} reaches a 1.902$\times$ speedup on ARM64 with dominant extract-style sites, while networking-oriented microbenchmarks such as Cilium socket load balancing, BCC TCP tuple filtering, and Cilium CT/NAT tuple rewriting achieve speedups of 1.691$\times$, 1.624$\times$, and 1.482$\times$, respectively. These results suggest that \lang is not merely a code-size optimization. Rather, its effectiveness depends on the architecture, the original JIT baseline, the selected operation, and whether the selected sites lie on performance-critical execution paths.",ARM64 Cilium CT/NAT speedup,1.482,micro/results/aws_arm64_micro_20260606_001225_821028,micro/results/aws_arm64_micro_20260606_001225_821028,yes,2026-06-06T00:12:25.821028+00:00,aws_arm64_micro; CPU aarch64,unknown,completed,paper-provenance/scripts/plot_evaluation_kinsn.py (older 29-case source); bpf-benchmark/docs/artifacts/render_claim_table.py (27-case derivation),yes,1.48203593,matches rounding,median kernel exec_ns / median kernel_rejit exec_ns,,recomputed from data/,69,"The per-benchmark distributions suggest different sources of benefit across architectures. On x86-64, speedups are more closely associated with native code-size reduction, which is consistent with \lang replacing conservative stock-JIT instruction sequences and reducing dynamic instruction overhead. On ARM64, code-size reduction alone is less explanatory: the largest gains appear when the selector reaches target-specific idioms such as rotate/extract operations and packet-field load fusion. For example, \texttt{siphash\_rotate64\_\allowbreak mixer} reaches a 1.902$\times$ speedup on ARM64 with dominant extract-style sites, while networking-oriented microbenchmarks such as Cilium socket load balancing, BCC TCP tuple filtering, and Cilium CT/NAT tuple rewriting achieve speedups of 1.691$\times$, 1.624$\times$, and 1.482$\times$, respectively. These results suggest that \lang is not merely a code-size optimization. Rather, it acts as an architecture-sensitive specialization mechanism whose effectiveness depends on the stock JIT baseline, the selected descriptor family, and whether the selected sites lie on performance-critical execution paths."
C0047,current,body,empirical,paper/sections/7-evaluation.tex,71,"The regressions also reveal the current limits of the selector. \texttt{bpftrace\_comm\_key\_fnv\_hash} regresses to 0.862$\times$ on ARM64, while \texttt{bitmap\_popcount\_scan} regresses to 0.966$\times$ despite having applied \lang sites. These cases indicate that \lang is not uniformly beneficial and motivate per-operation gating or lightweight cost-model guidance, rather than blindly applying every matched \lang site.",ARM64 FNV regression speedup,0.862,micro/results/aws_arm64_micro_20260606_001225_821028,micro/results/aws_arm64_micro_20260606_001225_821028,yes,2026-06-06T00:12:25.821028+00:00,aws_arm64_micro; CPU aarch64,unknown,completed,paper-provenance/scripts/plot_evaluation_kinsn.py (older 29-case source); bpf-benchmark/docs/artifacts/render_claim_table.py (27-case derivation),yes,0.861580381,matches rounding,median kernel exec_ns / median kernel_rejit exec_ns,,recomputed from data/,71,"The regressions also reveal the current boundary of the selector. \texttt{bpftrace\_comm\_key\_fnv\_hash} regresses to 0.862$\times$ on ARM64, while \texttt{bitmap\_popcount\_scan} regresses to 0.966$\times$ despite having applied \lang sites. These cases indicate that \lang is not uniformly beneficial and motivate descriptor-level gating or lightweight cost-model guidance, rather than blindly applying every matched \lang site."
C0048,current,body,empirical,paper/sections/7-evaluation.tex,71,"The regressions also reveal the current limits of the selector. \texttt{bpftrace\_comm\_key\_fnv\_hash} regresses to 0.862$\times$ on ARM64, while \texttt{bitmap\_popcount\_scan} regresses to 0.966$\times$ despite having applied \lang sites. These cases indicate that \lang is not uniformly beneficial and motivate per-operation gating or lightweight cost-model guidance, rather than blindly applying every matched \lang site.",ARM64 bitmap regression speedup,0.966,micro/results/aws_arm64_micro_20260606_001225_821028,micro/results/aws_arm64_micro_20260606_001225_821028,yes,2026-06-06T00:12:25.821028+00:00,aws_arm64_micro; CPU aarch64,unknown,completed,paper-provenance/scripts/plot_evaluation_kinsn.py (older 29-case source); bpf-benchmark/docs/artifacts/render_claim_table.py (27-case derivation),yes,0.966460724,matches rounding,median kernel exec_ns / median kernel_rejit exec_ns,,recomputed from data/,71,"The regressions also reveal the current boundary of the selector. \texttt{bpftrace\_comm\_key\_fnv\_hash} regresses to 0.862$\times$ on ARM64, while \texttt{bitmap\_popcount\_scan} regresses to 0.966$\times$ despite having applied \lang sites. These cases indicate that \lang is not uniformly beneficial and motivate descriptor-level gating or lightweight cost-model guidance, rather than blindly applying every matched \lang site."
C0049,current,body,empirical,paper/sections/7-evaluation.tex,74,"The \lang lowering and restore stages add two linear passes over the program during verification. Across all 62 microbenchmarks on x86-64 KVM, the kernel-side load time (\texttt{object\_load\_ns}, covering verification and JIT) shows a 0.99$\times$ geomean ratio relative to the original kernel, i.e., no measurable overhead. For programs with \lang sites, the end-to-end compile time (including the userspace recognizer) increases by 1.4--2.4$\times$, but remains sub-millisecond in absolute terms.",62-case kernel-side object_load_ns ratio,0.99,micro/results/x86_kvm_micro_20260514_031744_210343; micro/results/x86_kvm_micro_20260514_181806_133778; micro/results/x86_kvm_micro_20260429_035938_203074,micro/results/x86_kvm_micro_20260514_031744_210343; micro/results/x86_kvm_micro_20260514_181806_133778; micro/results/x86_kvm_micro_20260429_035938_203074,yes,2026-05-14T03:17:44.210343+00:00; 2026-05-14T18:18:06.133778+00:00; 2026-04-29T03:59:38.203074+00:00,x86_kvm_micro; CPU Intel(R) Core(TM) Ultra 9 285K,unknown,completed,bpf-benchmark/docs/artifacts/render_claim_table.py,yes,0.995157451; 0.997838519,MISMATCH,geomean of per-case median kernel_rejit/kernel phases_ns.object_load_ns,"Bare object_load_ns rounds to 1.00 in both runs. Open+load compile_ns gives 0.994269578, 0.990300218, rounding to 0.99. These are 1-sample INNER_REPEAT=10 May14 runs, not the 3-sample June performance protocol.",recomputed from data/,74,"The \lang lowering and restore stages add two linear passes over the program during verification. Across all 62 microbenchmarks on x86-64 KVM, the kernel-side load time (\texttt{object\_load\_ns}, covering verification and JIT) shows a 0.99$\times$ geomean ratio relative to the stock kernel, i.e., no measurable overhead. For programs with \lang sites, the end-to-end compile time (including the userspace recognizer) increases by 1.4--2.4$\times$, but remains sub-millisecond in absolute terms."
C0050,current,body,missing raw,paper/sections/7-evaluation.tex,74,"The \lang lowering and restore stages add two linear passes over the program during verification. Across all 62 microbenchmarks on x86-64 KVM, the kernel-side load time (\texttt{object\_load\_ns}, covering verification and JIT) shows a 0.99$\times$ geomean ratio relative to the original kernel, i.e., no measurable overhead. For programs with \lang sites, the end-to-end compile time (including the userspace recognizer) increases by 1.4--2.4$\times$, but remains sub-millisecond in absolute terms.","1.4--2.4x end-to-end compile time, remains sub-millisecond",1.4--2.4; <1 ms,micro/results/x86_kvm_micro_20260514_031744_210343; micro/results/x86_kvm_micro_20260514_181806_133778; micro/results/x86_kvm_micro_20260519_114214_364050; micro/results/x86_kvm_micro_20260526_210351_224315,micro/results/x86_kvm_micro_20260514_031744_210343; micro/results/x86_kvm_micro_20260514_181806_133778; micro/results/x86_kvm_micro_20260519_114214_364050; micro/results/x86_kvm_micro_20260526_210351_224315,run exists; required raw report absent,2026-05-14T03:17:44.210343+00:00; 2026-05-14T18:18:06.133778+00:00; 2026-05-19T11:42:14.364050+00:00; 2026-05-26T21:03:51.224315+00:00,x86_kvm_micro; CPU Intel(R) Core(TM) Ultra 9 285K,unknown,completed,paper-provenance/scripts/plot_evaluation_kinsn.py (older 29-case source); bpf-benchmark/docs/artifacts/render_claim_table.py (27-case derivation),no,,not substantiated; timing-field ambiguity,inspect compile_ns and phase fields,Retained compile_ns includes libbpf open+load. May19 candidate has multi-ms values. No retained recognizer-inclusive sub-ms timing campaign or exact generating script found.,recomputed from data/,74,"The \lang lowering and restore stages add two linear passes over the program during verification. Across all 62 microbenchmarks on x86-64 KVM, the kernel-side load time (\texttt{object\_load\_ns}, covering verification and JIT) shows a 0.99$\times$ geomean ratio relative to the stock kernel, i.e., no measurable overhead. For programs with \lang sites, the end-to-end compile time (including the userspace recognizer) increases by 1.4--2.4$\times$, but remains sub-millisecond in absolute terms."
C0051,current,body,empirical,paper/sections/7-evaluation.tex,84,"On x86-64 KVM, the default full-\lang policy improves Cilium's end-to-end datapath throughput by 1.074$\times$ over the original kernel JIT. This run applies 4086 \lang sites with zero load-time skips or report errors. The applied sites span several operations: LEA contributes 2346 sites, conditional select 385, endian fusion 766, extract 2, and bulk memory 587. This confirms that \lang reaches real bytecode patterns in Cilium's production datapath.",Cilium full throughput,1.074,corpus/results/x86_kvm_corpus_20260604_100557_313063,corpus/results/x86_kvm_corpus_20260604_100557_313063,yes,2026-06-04T10:05:57.313063+00:00,x86_kvm_corpus; CPU not recorded,not recorded,completed,bpf-benchmark/docs/archive/shared/kinsn_eval_20260604.py; bpf-benchmark/kinsn/docs/evaluation.md; paper-provenance/scripts/plot_app_case_studies.py (hard-coded plot inputs),yes,1.07426236,matches rounding,median summed pktgen post pps / median summed baseline pps (3+3 samples; stats off),,recomputed from data/,84,"On x86-64 KVM, the default full-\lang policy improves Cilium's end-to-end datapath throughput by 1.074$\times$ over the stock kernel eBPF JIT. This run applies 4086 \lang sites with zero load-time skips or report errors. The applied sites span several families: LEA contributes 2346 sites, conditional select 385, endian fusion 766, extract 2, and bulk memory 587. This confirms that \lang reaches real bytecode patterns in Cilium's production datapath."
C0052,current,body,empirical,paper/sections/7-evaluation.tex,87,"On ARM64 AWS, the conservative \lang policy applies 21 sites and improves Katran's end-to-end workload throughput by 1.073$\times$ over the original kernel JIT. Because Katran's datapath is dominated by a single hot XDP program, the throughput signal is clean: the program that receives \lang sites is the program on the critical path.",Katran conservative throughput,1.073,corpus/results/aws_arm64_corpus_20260605_080836_924256,corpus/results/aws_arm64_corpus_20260605_080836_924256,yes,2026-06-05T08:08:36.924256+00:00,aws_arm64_corpus; CPU not recorded,not recorded,error,bpf-benchmark/docs/archive/shared/kinsn_eval_20260604.py; bpf-benchmark/kinsn/docs/evaluation.md; paper-provenance/scripts/plot_app_case_studies.py (hard-coded plot inputs),yes,1.07275999,matches rounding,"mean summed pktgen post/baseline pps, 3+3 samples; raw bpf_stats=true unlike RQ2 stats-disabled wording",,recomputed from data/,87,"On ARM64 AWS, the conservative \lang policy applies 21 sites and improves Katran's end-to-end workload throughput by 1.073$\times$ over the stock kernel eBPF JIT. Because Katran's datapath is dominated by a single hot XDP program, the throughput signal is clean: the program that receives \lang sites is the program on the critical path."
C0053,current,body,declared count,paper/sections/7-evaluation.tex,84,"On x86-64 KVM, the default full-\lang policy improves Cilium's end-to-end datapath throughput by 1.074$\times$ over the original kernel JIT. This run applies 4086 \lang sites with zero load-time skips or report errors. The applied sites span several operations: LEA contributes 2346 sites, conditional select 385, endian fusion 766, extract 2, and bulk memory 587. This confirms that \lang reaches real bytecode patterns in Cilium's production datapath.",Cilium full applied sites,4086,corpus/results/x86_kvm_corpus_20260604_070210_639497,corpus/results/x86_kvm_corpus_20260604_070210_639497,run exists; required raw report absent,2026-06-04T07:02:10.639497+00:00,x86_kvm_corpus; CPU not recorded,not recorded,completed,bpf-benchmark/docs/archive/shared/kinsn_eval_20260604.py; bpf-benchmark/kinsn/docs/evaluation.md; paper-provenance/scripts/plot_app_case_studies.py (hard-coded plot inputs),no,,unverifiable original count,,Original per-pass report_path is recorded but corresponding JSONL absent. Later Sept KVM/QEMU reports measure a different generation; not a substitute.,recomputed from data/,84,"On x86-64 KVM, the default full-\lang policy improves Cilium's end-to-end datapath throughput by 1.074$\times$ over the stock kernel eBPF JIT. This run applies 4086 \lang sites with zero load-time skips or report errors. The applied sites span several families: LEA contributes 2346 sites, conditional select 385, endian fusion 766, extract 2, and bulk memory 587. This confirms that \lang reaches real bytecode patterns in Cilium's production datapath."
C0054,current,body,declared count,paper/sections/7-evaluation.tex,84,"On x86-64 KVM, the default full-\lang policy improves Cilium's end-to-end datapath throughput by 1.074$\times$ over the original kernel JIT. This run applies 4086 \lang sites with zero load-time skips or report errors. The applied sites span several operations: LEA contributes 2346 sites, conditional select 385, endian fusion 766, extract 2, and bulk memory 587. This confirms that \lang reaches real bytecode patterns in Cilium's production datapath.",Cilium load-time skips,0,corpus/results/x86_kvm_corpus_20260604_070210_639497,corpus/results/x86_kvm_corpus_20260604_070210_639497,run exists; required raw report absent,2026-06-04T07:02:10.639497+00:00,x86_kvm_corpus; CPU not recorded,not recorded,completed,bpf-benchmark/docs/archive/shared/kinsn_eval_20260604.py; bpf-benchmark/kinsn/docs/evaluation.md; paper-provenance/scripts/plot_app_case_studies.py (hard-coded plot inputs),no,,unverifiable original count,,Original per-pass report_path is recorded but corresponding JSONL absent. Later Sept KVM/QEMU reports measure a different generation; not a substitute.,recomputed from data/,84,"On x86-64 KVM, the default full-\lang policy improves Cilium's end-to-end datapath throughput by 1.074$\times$ over the stock kernel eBPF JIT. This run applies 4086 \lang sites with zero load-time skips or report errors. The applied sites span several families: LEA contributes 2346 sites, conditional select 385, endian fusion 766, extract 2, and bulk memory 587. This confirms that \lang reaches real bytecode patterns in Cilium's production datapath."
C0055,current,body,declared count,paper/sections/7-evaluation.tex,84,"On x86-64 KVM, the default full-\lang policy improves Cilium's end-to-end datapath throughput by 1.074$\times$ over the original kernel JIT. This run applies 4086 \lang sites with zero load-time skips or report errors. The applied sites span several operations: LEA contributes 2346 sites, conditional select 385, endian fusion 766, extract 2, and bulk memory 587. This confirms that \lang reaches real bytecode patterns in Cilium's production datapath.",Cilium report errors,0,corpus/results/x86_kvm_corpus_20260604_070210_639497,corpus/results/x86_kvm_corpus_20260604_070210_639497,run exists; required raw report absent,2026-06-04T07:02:10.639497+00:00,x86_kvm_corpus; CPU not recorded,not recorded,completed,bpf-benchmark/docs/archive/shared/kinsn_eval_20260604.py; bpf-benchmark/kinsn/docs/evaluation.md; paper-provenance/scripts/plot_app_case_studies.py (hard-coded plot inputs),no,,unverifiable original count,,Original per-pass report_path is recorded but corresponding JSONL absent. Later Sept KVM/QEMU reports measure a different generation; not a substitute.,recomputed from data/,84,"On x86-64 KVM, the default full-\lang policy improves Cilium's end-to-end datapath throughput by 1.074$\times$ over the stock kernel eBPF JIT. This run applies 4086 \lang sites with zero load-time skips or report errors. The applied sites span several families: LEA contributes 2346 sites, conditional select 385, endian fusion 766, extract 2, and bulk memory 587. This confirms that \lang reaches real bytecode patterns in Cilium's production datapath."
C0056,current,body,declared count,paper/sections/7-evaluation.tex,84,"On x86-64 KVM, the default full-\lang policy improves Cilium's end-to-end datapath throughput by 1.074$\times$ over the original kernel JIT. This run applies 4086 \lang sites with zero load-time skips or report errors. The applied sites span several operations: LEA contributes 2346 sites, conditional select 385, endian fusion 766, extract 2, and bulk memory 587. This confirms that \lang reaches real bytecode patterns in Cilium's production datapath.",Cilium LEA sites,2346,corpus/results/x86_kvm_corpus_20260604_070210_639497,corpus/results/x86_kvm_corpus_20260604_070210_639497,run exists; required raw report absent,2026-06-04T07:02:10.639497+00:00,x86_kvm_corpus; CPU not recorded,not recorded,completed,bpf-benchmark/docs/archive/shared/kinsn_eval_20260604.py; bpf-benchmark/kinsn/docs/evaluation.md; paper-provenance/scripts/plot_app_case_studies.py (hard-coded plot inputs),no,,unverifiable original count,,Original per-pass report_path is recorded but corresponding JSONL absent. Later Sept KVM/QEMU reports measure a different generation; not a substitute.,recomputed from data/,84,"On x86-64 KVM, the default full-\lang policy improves Cilium's end-to-end datapath throughput by 1.074$\times$ over the stock kernel eBPF JIT. This run applies 4086 \lang sites with zero load-time skips or report errors. The applied sites span several families: LEA contributes 2346 sites, conditional select 385, endian fusion 766, extract 2, and bulk memory 587. This confirms that \lang reaches real bytecode patterns in Cilium's production datapath."
C0057,current,body,declared count,paper/sections/7-evaluation.tex,84,"On x86-64 KVM, the default full-\lang policy improves Cilium's end-to-end datapath throughput by 1.074$\times$ over the original kernel JIT. This run applies 4086 \lang sites with zero load-time skips or report errors. The applied sites span several operations: LEA contributes 2346 sites, conditional select 385, endian fusion 766, extract 2, and bulk memory 587. This confirms that \lang reaches real bytecode patterns in Cilium's production datapath.",Cilium conditional select sites,385,corpus/results/x86_kvm_corpus_20260604_070210_639497,corpus/results/x86_kvm_corpus_20260604_070210_639497,run exists; required raw report absent,2026-06-04T07:02:10.639497+00:00,x86_kvm_corpus; CPU not recorded,not recorded,completed,bpf-benchmark/docs/archive/shared/kinsn_eval_20260604.py; bpf-benchmark/kinsn/docs/evaluation.md; paper-provenance/scripts/plot_app_case_studies.py (hard-coded plot inputs),no,,unverifiable original count,,Original per-pass report_path is recorded but corresponding JSONL absent. Later Sept KVM/QEMU reports measure a different generation; not a substitute.,recomputed from data/,84,"On x86-64 KVM, the default full-\lang policy improves Cilium's end-to-end datapath throughput by 1.074$\times$ over the stock kernel eBPF JIT. This run applies 4086 \lang sites with zero load-time skips or report errors. The applied sites span several families: LEA contributes 2346 sites, conditional select 385, endian fusion 766, extract 2, and bulk memory 587. This confirms that \lang reaches real bytecode patterns in Cilium's production datapath."
C0058,current,body,declared count,paper/sections/7-evaluation.tex,84,"On x86-64 KVM, the default full-\lang policy improves Cilium's end-to-end datapath throughput by 1.074$\times$ over the original kernel JIT. This run applies 4086 \lang sites with zero load-time skips or report errors. The applied sites span several operations: LEA contributes 2346 sites, conditional select 385, endian fusion 766, extract 2, and bulk memory 587. This confirms that \lang reaches real bytecode patterns in Cilium's production datapath.",Cilium endian fusion sites,766,corpus/results/x86_kvm_corpus_20260604_070210_639497,corpus/results/x86_kvm_corpus_20260604_070210_639497,run exists; required raw report absent,2026-06-04T07:02:10.639497+00:00,x86_kvm_corpus; CPU not recorded,not recorded,completed,bpf-benchmark/docs/archive/shared/kinsn_eval_20260604.py; bpf-benchmark/kinsn/docs/evaluation.md; paper-provenance/scripts/plot_app_case_studies.py (hard-coded plot inputs),no,,unverifiable original count,,Original per-pass report_path is recorded but corresponding JSONL absent. Later Sept KVM/QEMU reports measure a different generation; not a substitute.,recomputed from data/,84,"On x86-64 KVM, the default full-\lang policy improves Cilium's end-to-end datapath throughput by 1.074$\times$ over the stock kernel eBPF JIT. This run applies 4086 \lang sites with zero load-time skips or report errors. The applied sites span several families: LEA contributes 2346 sites, conditional select 385, endian fusion 766, extract 2, and bulk memory 587. This confirms that \lang reaches real bytecode patterns in Cilium's production datapath."
C0059,current,body,declared count,paper/sections/7-evaluation.tex,84,"On x86-64 KVM, the default full-\lang policy improves Cilium's end-to-end datapath throughput by 1.074$\times$ over the original kernel JIT. This run applies 4086 \lang sites with zero load-time skips or report errors. The applied sites span several operations: LEA contributes 2346 sites, conditional select 385, endian fusion 766, extract 2, and bulk memory 587. This confirms that \lang reaches real bytecode patterns in Cilium's production datapath.",Cilium extract sites,2,corpus/results/x86_kvm_corpus_20260604_070210_639497,corpus/results/x86_kvm_corpus_20260604_070210_639497,run exists; required raw report absent,2026-06-04T07:02:10.639497+00:00,x86_kvm_corpus; CPU not recorded,not recorded,completed,bpf-benchmark/docs/archive/shared/kinsn_eval_20260604.py; bpf-benchmark/kinsn/docs/evaluation.md; paper-provenance/scripts/plot_app_case_studies.py (hard-coded plot inputs),no,,unverifiable original count,,Original per-pass report_path is recorded but corresponding JSONL absent. Later Sept KVM/QEMU reports measure a different generation; not a substitute.,recomputed from data/,84,"On x86-64 KVM, the default full-\lang policy improves Cilium's end-to-end datapath throughput by 1.074$\times$ over the stock kernel eBPF JIT. This run applies 4086 \lang sites with zero load-time skips or report errors. The applied sites span several families: LEA contributes 2346 sites, conditional select 385, endian fusion 766, extract 2, and bulk memory 587. This confirms that \lang reaches real bytecode patterns in Cilium's production datapath."
C0060,current,body,declared count,paper/sections/7-evaluation.tex,84,"On x86-64 KVM, the default full-\lang policy improves Cilium's end-to-end datapath throughput by 1.074$\times$ over the original kernel JIT. This run applies 4086 \lang sites with zero load-time skips or report errors. The applied sites span several operations: LEA contributes 2346 sites, conditional select 385, endian fusion 766, extract 2, and bulk memory 587. This confirms that \lang reaches real bytecode patterns in Cilium's production datapath.",Cilium bulk memory sites,587,corpus/results/x86_kvm_corpus_20260604_070210_639497,corpus/results/x86_kvm_corpus_20260604_070210_639497,run exists; required raw report absent,2026-06-04T07:02:10.639497+00:00,x86_kvm_corpus; CPU not recorded,not recorded,completed,bpf-benchmark/docs/archive/shared/kinsn_eval_20260604.py; bpf-benchmark/kinsn/docs/evaluation.md; paper-provenance/scripts/plot_app_case_studies.py (hard-coded plot inputs),no,,unverifiable original count,,Original per-pass report_path is recorded but corresponding JSONL absent. Later Sept KVM/QEMU reports measure a different generation; not a substitute.,recomputed from data/,84,"On x86-64 KVM, the default full-\lang policy improves Cilium's end-to-end datapath throughput by 1.074$\times$ over the stock kernel eBPF JIT. This run applies 4086 \lang sites with zero load-time skips or report errors. The applied sites span several families: LEA contributes 2346 sites, conditional select 385, endian fusion 766, extract 2, and bulk memory 587. This confirms that \lang reaches real bytecode patterns in Cilium's production datapath."
C0061,current,body,declared count,paper/sections/7-evaluation.tex,87,"On ARM64 AWS, the conservative \lang policy applies 21 sites and improves Katran's end-to-end workload throughput by 1.073$\times$ over the original kernel JIT. Because Katran's datapath is dominated by a single hot XDP program, the throughput signal is clean: the program that receives \lang sites is the program on the critical path.",Katran conservative applied sites,21,corpus/results/aws_arm64_corpus_20260605_080836_924256,corpus/results/aws_arm64_corpus_20260605_080836_924256,run exists; required raw report absent,2026-06-05T08:08:36.924256+00:00,aws_arm64_corpus; CPU not recorded,not recorded,error,bpf-benchmark/docs/archive/shared/kinsn_eval_20260604.py; bpf-benchmark/kinsn/docs/evaluation.md; paper-provenance/scripts/plot_app_case_studies.py (hard-coded plot inputs),no,,unverifiable original count,,Original per-pass report_path is recorded but corresponding JSONL absent. Later Sept KVM/QEMU reports measure a different generation; not a substitute.,recomputed from data/,87,"On ARM64 AWS, the conservative \lang policy applies 21 sites and improves Katran's end-to-end workload throughput by 1.073$\times$ over the stock kernel eBPF JIT. Because Katran's datapath is dominated by a single hot XDP program, the throughput signal is clean: the program that receives \lang sites is the program on the critical path."
C0062,current,body,empirical,paper/sections/7-evaluation.tex,103,"For Cilium, we start from the full x86-64 \lang policy used in RQ2. As shown in Figure~\ref{fig:app_policy_probes}, this policy applies 4086 sites and improves workload throughput to 1.074$\times$, while the BPF-cost ratio remains near neutral at 1.009$\times$. We then disable only the \texttt{bulk\_memory} operation while keeping the other \lang operations enabled. This reduces the number of applied sites from 4086 to 3512, but increases workload throughput further to 1.114$\times$. At the same time, the BPF-cost ratio rises to 1.062$\times$, so this result should not be read as saying that \texttt{bulk\_memory} is universally harmful. Rather, it shows that an additional operation can increase syntactic coverage without improving the measured datapath: the saved instructions may not outweigh the replacement overhead, or they may not lie on the part of the datapath that dominates throughput.",Cilium full policy throughput,1.074,corpus/results/x86_kvm_corpus_20260604_100557_313063,corpus/results/x86_kvm_corpus_20260604_100557_313063,yes,2026-06-04T10:05:57.313063+00:00,x86_kvm_corpus; CPU not recorded,not recorded,completed,bpf-benchmark/docs/archive/shared/kinsn_eval_20260604.py; bpf-benchmark/kinsn/docs/evaluation.md; paper-provenance/scripts/plot_app_case_studies.py (hard-coded plot inputs),yes,1.07426236,matches rounding,"Cilium full throughput: stats-off median; tuned: stats-off mean (median gives 1.118935, violating paper default median convention); cost: geomean of name/type/occurrence paired ns/run rows >=100. Katran throughput: mean; one paired hot-XDP cost row.","This paper figure uses the June4/tuned June5 pair, not the separate four-arm June5 ablation ladder.",recomputed from data/,103,"For Cilium, we start from the full x86-64 \lang policy used in RQ2. As shown in Figure~\ref{fig:app_policy_probes}, this policy applies 4086 sites and improves workload throughput to 1.074$\times$, while the BPF-cost ratio remains near neutral at 1.009$\times$. We then disable only the \texttt{bulk\_memory} family while keeping the other \lang families enabled. This reduces the number of applied sites from 4086 to 3512, but increases workload throughput further to 1.114$\times$. At the same time, the BPF-cost ratio rises to 1.062$\times$, so this result should not be read as saying that \texttt{bulk\_memory} is universally harmful. Rather, it shows that an additional family can increase syntactic coverage without improving the measured datapath: the saved instructions may not outweigh the replacement overhead, or they may not lie on the part of the datapath that dominates throughput."
C0063,current,body,empirical,paper/sections/7-evaluation.tex,103,"For Cilium, we start from the full x86-64 \lang policy used in RQ2. As shown in Figure~\ref{fig:app_policy_probes}, this policy applies 4086 sites and improves workload throughput to 1.074$\times$, while the BPF-cost ratio remains near neutral at 1.009$\times$. We then disable only the \texttt{bulk\_memory} operation while keeping the other \lang operations enabled. This reduces the number of applied sites from 4086 to 3512, but increases workload throughput further to 1.114$\times$. At the same time, the BPF-cost ratio rises to 1.062$\times$, so this result should not be read as saying that \texttt{bulk\_memory} is universally harmful. Rather, it shows that an additional operation can increase syntactic coverage without improving the measured datapath: the saved instructions may not outweigh the replacement overhead, or they may not lie on the part of the datapath that dominates throughput.",Cilium full paired BPF cost,1.009,corpus/results/x86_kvm_corpus_20260604_070210_639497,corpus/results/x86_kvm_corpus_20260604_070210_639497,yes,2026-06-04T07:02:10.639497+00:00,x86_kvm_corpus; CPU not recorded,not recorded,completed,bpf-benchmark/docs/archive/shared/kinsn_eval_20260604.py; bpf-benchmark/kinsn/docs/evaluation.md; paper-provenance/scripts/plot_app_case_studies.py (hard-coded plot inputs),yes,1.00903392,matches rounding,"Cilium full throughput: stats-off median; tuned: stats-off mean (median gives 1.118935, violating paper default median convention); cost: geomean of name/type/occurrence paired ns/run rows >=100. Katran throughput: mean; one paired hot-XDP cost row.","This paper figure uses the June4/tuned June5 pair, not the separate four-arm June5 ablation ladder.",recomputed from data/,103,"For Cilium, we start from the full x86-64 \lang policy used in RQ2. As shown in Figure~\ref{fig:app_policy_probes}, this policy applies 4086 sites and improves workload throughput to 1.074$\times$, while the BPF-cost ratio remains near neutral at 1.009$\times$. We then disable only the \texttt{bulk\_memory} family while keeping the other \lang families enabled. This reduces the number of applied sites from 4086 to 3512, but increases workload throughput further to 1.114$\times$. At the same time, the BPF-cost ratio rises to 1.062$\times$, so this result should not be read as saying that \texttt{bulk\_memory} is universally harmful. Rather, it shows that an additional family can increase syntactic coverage without improving the measured datapath: the saved instructions may not outweigh the replacement overhead, or they may not lie on the part of the datapath that dominates throughput."
C0064,current,body,empirical,paper/sections/7-evaluation.tex,103,"For Cilium, we start from the full x86-64 \lang policy used in RQ2. As shown in Figure~\ref{fig:app_policy_probes}, this policy applies 4086 sites and improves workload throughput to 1.074$\times$, while the BPF-cost ratio remains near neutral at 1.009$\times$. We then disable only the \texttt{bulk\_memory} operation while keeping the other \lang operations enabled. This reduces the number of applied sites from 4086 to 3512, but increases workload throughput further to 1.114$\times$. At the same time, the BPF-cost ratio rises to 1.062$\times$, so this result should not be read as saying that \texttt{bulk\_memory} is universally harmful. Rather, it shows that an additional operation can increase syntactic coverage without improving the measured datapath: the saved instructions may not outweigh the replacement overhead, or they may not lie on the part of the datapath that dominates throughput.",Cilium no-bulk throughput,1.114,corpus/results/x86_kvm_corpus_20260605_004607_636479,corpus/results/x86_kvm_corpus_20260605_004607_636479,yes,2026-06-05T00:46:07.636479+00:00,x86_kvm_corpus; CPU not recorded,not recorded,completed,bpf-benchmark/docs/archive/shared/kinsn_eval_20260604.py; bpf-benchmark/kinsn/docs/evaluation.md; paper-provenance/scripts/plot_app_case_studies.py (hard-coded plot inputs),yes,1.11390257,matches rounding,"Cilium full throughput: stats-off median; tuned: stats-off mean (median gives 1.118935, violating paper default median convention); cost: geomean of name/type/occurrence paired ns/run rows >=100. Katran throughput: mean; one paired hot-XDP cost row.","This paper figure uses the June4/tuned June5 pair, not the separate four-arm June5 ablation ladder.",recomputed from data/,103,"For Cilium, we start from the full x86-64 \lang policy used in RQ2. As shown in Figure~\ref{fig:app_policy_probes}, this policy applies 4086 sites and improves workload throughput to 1.074$\times$, while the BPF-cost ratio remains near neutral at 1.009$\times$. We then disable only the \texttt{bulk\_memory} family while keeping the other \lang families enabled. This reduces the number of applied sites from 4086 to 3512, but increases workload throughput further to 1.114$\times$. At the same time, the BPF-cost ratio rises to 1.062$\times$, so this result should not be read as saying that \texttt{bulk\_memory} is universally harmful. Rather, it shows that an additional family can increase syntactic coverage without improving the measured datapath: the saved instructions may not outweigh the replacement overhead, or they may not lie on the part of the datapath that dominates throughput."
C0065,current,body,empirical,paper/sections/7-evaluation.tex,103,"For Cilium, we start from the full x86-64 \lang policy used in RQ2. As shown in Figure~\ref{fig:app_policy_probes}, this policy applies 4086 sites and improves workload throughput to 1.074$\times$, while the BPF-cost ratio remains near neutral at 1.009$\times$. We then disable only the \texttt{bulk\_memory} operation while keeping the other \lang operations enabled. This reduces the number of applied sites from 4086 to 3512, but increases workload throughput further to 1.114$\times$. At the same time, the BPF-cost ratio rises to 1.062$\times$, so this result should not be read as saying that \texttt{bulk\_memory} is universally harmful. Rather, it shows that an additional operation can increase syntactic coverage without improving the measured datapath: the saved instructions may not outweigh the replacement overhead, or they may not lie on the part of the datapath that dominates throughput.",Cilium no-bulk paired BPF cost,1.062,corpus/results/x86_kvm_corpus_20260604_232313_992341,corpus/results/x86_kvm_corpus_20260604_232313_992341,yes,2026-06-04T23:23:13.992341+00:00,x86_kvm_corpus; CPU not recorded,not recorded,completed,bpf-benchmark/docs/archive/shared/kinsn_eval_20260604.py; bpf-benchmark/kinsn/docs/evaluation.md; paper-provenance/scripts/plot_app_case_studies.py (hard-coded plot inputs),yes,1.06186441,matches rounding,"Cilium full throughput: stats-off median; tuned: stats-off mean (median gives 1.118935, violating paper default median convention); cost: geomean of name/type/occurrence paired ns/run rows >=100. Katran throughput: mean; one paired hot-XDP cost row.","This paper figure uses the June4/tuned June5 pair, not the separate four-arm June5 ablation ladder.",recomputed from data/,103,"For Cilium, we start from the full x86-64 \lang policy used in RQ2. As shown in Figure~\ref{fig:app_policy_probes}, this policy applies 4086 sites and improves workload throughput to 1.074$\times$, while the BPF-cost ratio remains near neutral at 1.009$\times$. We then disable only the \texttt{bulk\_memory} family while keeping the other \lang families enabled. This reduces the number of applied sites from 4086 to 3512, but increases workload throughput further to 1.114$\times$. At the same time, the BPF-cost ratio rises to 1.062$\times$, so this result should not be read as saying that \texttt{bulk\_memory} is universally harmful. Rather, it shows that an additional family can increase syntactic coverage without improving the measured datapath: the saved instructions may not outweigh the replacement overhead, or they may not lie on the part of the datapath that dominates throughput."
C0066,current,body,empirical,paper/sections/7-evaluation.tex,105,"Katran shows the same policy lesson more directly. Figure~\ref{fig:app_policy_probes} shows that the conservative ARM64 policy used in RQ2 applies 21 sites and improves Katran to 1.073$\times$ workload throughput, while reducing BPF cost to 0.941$\times$. To test whether simply increasing coverage is beneficial, we then force a coverage-max policy that enables every implemented ARM64 operation and applies 62 sites. The result is worse despite the larger number of applied sites: workload throughput falls to 0.995$\times$, and BPF cost rises to 1.006$\times$. Because Katran is dominated by a single hot XDP path, this result gives a particularly clear counterexample to coverage maximization: adding more matched sites does not translate into either higher throughput or lower BPF cost.",Katran conservative throughput,1.073,corpus/results/aws_arm64_corpus_20260605_080836_924256,corpus/results/aws_arm64_corpus_20260605_080836_924256,yes,2026-06-05T08:08:36.924256+00:00,aws_arm64_corpus; CPU not recorded,not recorded,error,bpf-benchmark/docs/archive/shared/kinsn_eval_20260604.py; bpf-benchmark/kinsn/docs/evaluation.md; paper-provenance/scripts/plot_app_case_studies.py (hard-coded plot inputs),yes,1.07275999,matches rounding,"Cilium full throughput: stats-off median; tuned: stats-off mean (median gives 1.118935, violating paper default median convention); cost: geomean of name/type/occurrence paired ns/run rows >=100. Katran throughput: mean; one paired hot-XDP cost row.","This paper figure uses the June4/tuned June5 pair, not the separate four-arm June5 ablation ladder.",recomputed from data/,105,"Katran shows the same policy lesson more directly. Figure~\ref{fig:app_policy_probes} shows that the conservative ARM64 policy used in RQ2 applies 21 sites and improves Katran to 1.073$\times$ workload throughput, while reducing BPF cost to 0.941$\times$. To test whether simply increasing coverage is beneficial, we then force a coverage-max policy that enables every implemented ARM64 family and applies 62 sites. The result is worse despite the larger number of applied sites: workload throughput falls to 0.995$\times$, and BPF cost rises to 1.006$\times$. Because Katran is dominated by a single hot XDP path, this result gives a particularly clear counterexample to coverage maximization: adding more matched sites does not translate into either higher throughput or lower BPF cost."
C0067,current,body,empirical,paper/sections/7-evaluation.tex,105,"Katran shows the same policy lesson more directly. Figure~\ref{fig:app_policy_probes} shows that the conservative ARM64 policy used in RQ2 applies 21 sites and improves Katran to 1.073$\times$ workload throughput, while reducing BPF cost to 0.941$\times$. To test whether simply increasing coverage is beneficial, we then force a coverage-max policy that enables every implemented ARM64 operation and applies 62 sites. The result is worse despite the larger number of applied sites: workload throughput falls to 0.995$\times$, and BPF cost rises to 1.006$\times$. Because Katran is dominated by a single hot XDP path, this result gives a particularly clear counterexample to coverage maximization: adding more matched sites does not translate into either higher throughput or lower BPF cost.",Katran conservative BPF cost,0.941,corpus/results/aws_arm64_corpus_20260605_080836_924256,corpus/results/aws_arm64_corpus_20260605_080836_924256,yes,2026-06-05T08:08:36.924256+00:00,aws_arm64_corpus; CPU not recorded,not recorded,error,bpf-benchmark/docs/archive/shared/kinsn_eval_20260604.py; bpf-benchmark/kinsn/docs/evaluation.md; paper-provenance/scripts/plot_app_case_studies.py (hard-coded plot inputs),yes,0.940924429,matches rounding,"Cilium full throughput: stats-off median; tuned: stats-off mean (median gives 1.118935, violating paper default median convention); cost: geomean of name/type/occurrence paired ns/run rows >=100. Katran throughput: mean; one paired hot-XDP cost row.","This paper figure uses the June4/tuned June5 pair, not the separate four-arm June5 ablation ladder.",recomputed from data/,105,"Katran shows the same policy lesson more directly. Figure~\ref{fig:app_policy_probes} shows that the conservative ARM64 policy used in RQ2 applies 21 sites and improves Katran to 1.073$\times$ workload throughput, while reducing BPF cost to 0.941$\times$. To test whether simply increasing coverage is beneficial, we then force a coverage-max policy that enables every implemented ARM64 family and applies 62 sites. The result is worse despite the larger number of applied sites: workload throughput falls to 0.995$\times$, and BPF cost rises to 1.006$\times$. Because Katran is dominated by a single hot XDP path, this result gives a particularly clear counterexample to coverage maximization: adding more matched sites does not translate into either higher throughput or lower BPF cost."
C0068,current,body,empirical,paper/sections/7-evaluation.tex,105,"Katran shows the same policy lesson more directly. Figure~\ref{fig:app_policy_probes} shows that the conservative ARM64 policy used in RQ2 applies 21 sites and improves Katran to 1.073$\times$ workload throughput, while reducing BPF cost to 0.941$\times$. To test whether simply increasing coverage is beneficial, we then force a coverage-max policy that enables every implemented ARM64 operation and applies 62 sites. The result is worse despite the larger number of applied sites: workload throughput falls to 0.995$\times$, and BPF cost rises to 1.006$\times$. Because Katran is dominated by a single hot XDP path, this result gives a particularly clear counterexample to coverage maximization: adding more matched sites does not translate into either higher throughput or lower BPF cost.",Katran coverage-max throughput,0.995,corpus/results/aws_arm64_corpus_20260605_094729_221231,corpus/results/aws_arm64_corpus_20260605_094729_221231,yes,2026-06-05T09:47:29.221231+00:00,aws_arm64_corpus; CPU not recorded,not recorded,error,bpf-benchmark/docs/archive/shared/kinsn_eval_20260604.py; bpf-benchmark/kinsn/docs/evaluation.md; paper-provenance/scripts/plot_app_case_studies.py (hard-coded plot inputs),yes,0.994743164,matches rounding,"Cilium full throughput: stats-off median; tuned: stats-off mean (median gives 1.118935, violating paper default median convention); cost: geomean of name/type/occurrence paired ns/run rows >=100. Katran throughput: mean; one paired hot-XDP cost row.","This paper figure uses the June4/tuned June5 pair, not the separate four-arm June5 ablation ladder.",recomputed from data/,105,"Katran shows the same policy lesson more directly. Figure~\ref{fig:app_policy_probes} shows that the conservative ARM64 policy used in RQ2 applies 21 sites and improves Katran to 1.073$\times$ workload throughput, while reducing BPF cost to 0.941$\times$. To test whether simply increasing coverage is beneficial, we then force a coverage-max policy that enables every implemented ARM64 family and applies 62 sites. The result is worse despite the larger number of applied sites: workload throughput falls to 0.995$\times$, and BPF cost rises to 1.006$\times$. Because Katran is dominated by a single hot XDP path, this result gives a particularly clear counterexample to coverage maximization: adding more matched sites does not translate into either higher throughput or lower BPF cost."
C0069,current,body,empirical,paper/sections/7-evaluation.tex,105,"Katran shows the same policy lesson more directly. Figure~\ref{fig:app_policy_probes} shows that the conservative ARM64 policy used in RQ2 applies 21 sites and improves Katran to 1.073$\times$ workload throughput, while reducing BPF cost to 0.941$\times$. To test whether simply increasing coverage is beneficial, we then force a coverage-max policy that enables every implemented ARM64 operation and applies 62 sites. The result is worse despite the larger number of applied sites: workload throughput falls to 0.995$\times$, and BPF cost rises to 1.006$\times$. Because Katran is dominated by a single hot XDP path, this result gives a particularly clear counterexample to coverage maximization: adding more matched sites does not translate into either higher throughput or lower BPF cost.",Katran coverage-max BPF cost,1.006,corpus/results/aws_arm64_corpus_20260605_094729_221231,corpus/results/aws_arm64_corpus_20260605_094729_221231,yes,2026-06-05T09:47:29.221231+00:00,aws_arm64_corpus; CPU not recorded,not recorded,error,bpf-benchmark/docs/archive/shared/kinsn_eval_20260604.py; bpf-benchmark/kinsn/docs/evaluation.md; paper-provenance/scripts/plot_app_case_studies.py (hard-coded plot inputs),yes,1.00555975,matches rounding,"Cilium full throughput: stats-off median; tuned: stats-off mean (median gives 1.118935, violating paper default median convention); cost: geomean of name/type/occurrence paired ns/run rows >=100. Katran throughput: mean; one paired hot-XDP cost row.","This paper figure uses the June4/tuned June5 pair, not the separate four-arm June5 ablation ladder.",recomputed from data/,105,"Katran shows the same policy lesson more directly. Figure~\ref{fig:app_policy_probes} shows that the conservative ARM64 policy used in RQ2 applies 21 sites and improves Katran to 1.073$\times$ workload throughput, while reducing BPF cost to 0.941$\times$. To test whether simply increasing coverage is beneficial, we then force a coverage-max policy that enables every implemented ARM64 family and applies 62 sites. The result is worse despite the larger number of applied sites: workload throughput falls to 0.995$\times$, and BPF cost rises to 1.006$\times$. Because Katran is dominated by a single hot XDP path, this result gives a particularly clear counterexample to coverage maximization: adding more matched sites does not translate into either higher throughput or lower BPF cost."
C0070,current,body,declared count,paper/sections/7-evaluation.tex,103,"For Cilium, we start from the full x86-64 \lang policy used in RQ2. As shown in Figure~\ref{fig:app_policy_probes}, this policy applies 4086 sites and improves workload throughput to 1.074$\times$, while the BPF-cost ratio remains near neutral at 1.009$\times$. We then disable only the \texttt{bulk\_memory} operation while keeping the other \lang operations enabled. This reduces the number of applied sites from 4086 to 3512, but increases workload throughput further to 1.114$\times$. At the same time, the BPF-cost ratio rises to 1.062$\times$, so this result should not be read as saying that \texttt{bulk\_memory} is universally harmful. Rather, it shows that an additional operation can increase syntactic coverage without improving the measured datapath: the saved instructions may not outweigh the replacement overhead, or they may not lie on the part of the datapath that dominates throughput.",Cilium repeated full site count,4086,corpus/results/x86_kvm_corpus_20260604_070210_639497,corpus/results/x86_kvm_corpus_20260604_070210_639497,run exists; required raw report absent,2026-06-04T07:02:10.639497+00:00,x86_kvm_corpus; CPU not recorded,not recorded,completed,bpf-benchmark/docs/archive/shared/kinsn_eval_20260604.py; bpf-benchmark/kinsn/docs/evaluation.md; paper-provenance/scripts/plot_app_case_studies.py (hard-coded plot inputs),no,,unverifiable original count,,No original per-pass report retained.,recomputed from data/,103,"For Cilium, we start from the full x86-64 \lang policy used in RQ2. As shown in Figure~\ref{fig:app_policy_probes}, this policy applies 4086 sites and improves workload throughput to 1.074$\times$, while the BPF-cost ratio remains near neutral at 1.009$\times$. We then disable only the \texttt{bulk\_memory} family while keeping the other \lang families enabled. This reduces the number of applied sites from 4086 to 3512, but increases workload throughput further to 1.114$\times$. At the same time, the BPF-cost ratio rises to 1.062$\times$, so this result should not be read as saying that \texttt{bulk\_memory} is universally harmful. Rather, it shows that an additional family can increase syntactic coverage without improving the measured datapath: the saved instructions may not outweigh the replacement overhead, or they may not lie on the part of the datapath that dominates throughput."
C0071,current,body,declared count,paper/sections/7-evaluation.tex,103,"For Cilium, we start from the full x86-64 \lang policy used in RQ2. As shown in Figure~\ref{fig:app_policy_probes}, this policy applies 4086 sites and improves workload throughput to 1.074$\times$, while the BPF-cost ratio remains near neutral at 1.009$\times$. We then disable only the \texttt{bulk\_memory} operation while keeping the other \lang operations enabled. This reduces the number of applied sites from 4086 to 3512, but increases workload throughput further to 1.114$\times$. At the same time, the BPF-cost ratio rises to 1.062$\times$, so this result should not be read as saying that \texttt{bulk\_memory} is universally harmful. Rather, it shows that an additional operation can increase syntactic coverage without improving the measured datapath: the saved instructions may not outweigh the replacement overhead, or they may not lie on the part of the datapath that dominates throughput.",Cilium no-bulk site count,3512,corpus/results/x86_kvm_corpus_20260604_232313_992341,corpus/results/x86_kvm_corpus_20260604_232313_992341,run exists; required raw report absent,2026-06-04T23:23:13.992341+00:00,x86_kvm_corpus; CPU not recorded,not recorded,completed,bpf-benchmark/docs/archive/shared/kinsn_eval_20260604.py; bpf-benchmark/kinsn/docs/evaluation.md; paper-provenance/scripts/plot_app_case_studies.py (hard-coded plot inputs),no,,unverifiable original count,,No original per-pass report retained.,recomputed from data/,103,"For Cilium, we start from the full x86-64 \lang policy used in RQ2. As shown in Figure~\ref{fig:app_policy_probes}, this policy applies 4086 sites and improves workload throughput to 1.074$\times$, while the BPF-cost ratio remains near neutral at 1.009$\times$. We then disable only the \texttt{bulk\_memory} family while keeping the other \lang families enabled. This reduces the number of applied sites from 4086 to 3512, but increases workload throughput further to 1.114$\times$. At the same time, the BPF-cost ratio rises to 1.062$\times$, so this result should not be read as saying that \texttt{bulk\_memory} is universally harmful. Rather, it shows that an additional family can increase syntactic coverage without improving the measured datapath: the saved instructions may not outweigh the replacement overhead, or they may not lie on the part of the datapath that dominates throughput."
C0072,current,body,declared count,paper/sections/7-evaluation.tex,105,"Katran shows the same policy lesson more directly. Figure~\ref{fig:app_policy_probes} shows that the conservative ARM64 policy used in RQ2 applies 21 sites and improves Katran to 1.073$\times$ workload throughput, while reducing BPF cost to 0.941$\times$. To test whether simply increasing coverage is beneficial, we then force a coverage-max policy that enables every implemented ARM64 operation and applies 62 sites. The result is worse despite the larger number of applied sites: workload throughput falls to 0.995$\times$, and BPF cost rises to 1.006$\times$. Because Katran is dominated by a single hot XDP path, this result gives a particularly clear counterexample to coverage maximization: adding more matched sites does not translate into either higher throughput or lower BPF cost.",Katran repeated conservative site count,21,corpus/results/aws_arm64_corpus_20260605_080836_924256,corpus/results/aws_arm64_corpus_20260605_080836_924256,run exists; required raw report absent,2026-06-05T08:08:36.924256+00:00,aws_arm64_corpus; CPU not recorded,not recorded,error,bpf-benchmark/docs/archive/shared/kinsn_eval_20260604.py; bpf-benchmark/kinsn/docs/evaluation.md; paper-provenance/scripts/plot_app_case_studies.py (hard-coded plot inputs),no,,unverifiable original count,,No original per-pass report retained.,recomputed from data/,105,"Katran shows the same policy lesson more directly. Figure~\ref{fig:app_policy_probes} shows that the conservative ARM64 policy used in RQ2 applies 21 sites and improves Katran to 1.073$\times$ workload throughput, while reducing BPF cost to 0.941$\times$. To test whether simply increasing coverage is beneficial, we then force a coverage-max policy that enables every implemented ARM64 family and applies 62 sites. The result is worse despite the larger number of applied sites: workload throughput falls to 0.995$\times$, and BPF cost rises to 1.006$\times$. Because Katran is dominated by a single hot XDP path, this result gives a particularly clear counterexample to coverage maximization: adding more matched sites does not translate into either higher throughput or lower BPF cost."
C0073,current,body,declared count,paper/sections/7-evaluation.tex,105,"Katran shows the same policy lesson more directly. Figure~\ref{fig:app_policy_probes} shows that the conservative ARM64 policy used in RQ2 applies 21 sites and improves Katran to 1.073$\times$ workload throughput, while reducing BPF cost to 0.941$\times$. To test whether simply increasing coverage is beneficial, we then force a coverage-max policy that enables every implemented ARM64 operation and applies 62 sites. The result is worse despite the larger number of applied sites: workload throughput falls to 0.995$\times$, and BPF cost rises to 1.006$\times$. Because Katran is dominated by a single hot XDP path, this result gives a particularly clear counterexample to coverage maximization: adding more matched sites does not translate into either higher throughput or lower BPF cost.",Katran coverage-max sites,62,corpus/results/aws_arm64_corpus_20260605_094729_221231,corpus/results/aws_arm64_corpus_20260605_094729_221231,run exists; required raw report absent,2026-06-05T09:47:29.221231+00:00,aws_arm64_corpus; CPU not recorded,not recorded,error,bpf-benchmark/docs/archive/shared/kinsn_eval_20260604.py; bpf-benchmark/kinsn/docs/evaluation.md; paper-provenance/scripts/plot_app_case_studies.py (hard-coded plot inputs),no,,unverifiable original count,,No original per-pass report retained.,recomputed from data/,105,"Katran shows the same policy lesson more directly. Figure~\ref{fig:app_policy_probes} shows that the conservative ARM64 policy used in RQ2 applies 21 sites and improves Katran to 1.073$\times$ workload throughput, while reducing BPF cost to 0.941$\times$. To test whether simply increasing coverage is beneficial, we then force a coverage-max policy that enables every implemented ARM64 family and applies 62 sites. The result is worse despite the larger number of applied sites: workload throughput falls to 0.995$\times$, and BPF cost rises to 1.006$\times$. Because Katran is dominated by a single hot XDP path, this result gives a particularly clear counterexample to coverage maximization: adding more matched sites does not translate into either higher throughput or lower BPF cost."
C0074,current,body,empirical,paper/sections/7-evaluation.tex,117,"Relaxing the trust boundary exposes a much higher performance ceiling. Cilium throughput improves by 2.358$\times$ over original eBPF, and retained BPF cost drops from 488.7~ns/run to 262.3~ns/run, a 1.86$\times$ BPF-counter speedup.",Cilium native throughput,2.358,corpus/results/x86_kvm_corpus_20260529_040554_604387,corpus/results/x86_kvm_corpus_20260529_040554_604387,yes,2026-05-29T04:05:54.604387+00:00,x86_kvm_corpus; CPU not recorded,not recorded,completed,bpf-benchmark/kprog/docs/archive/native_eval_20260529.py; bpf-benchmark/docs/artifacts/render_claim_table.py,yes,2.35797404,matches rounding,"throughput: stats-off median summed pps; cost: phase sum(run_time_ns_delta)/sum(run_cnt_delta), retain each phase row >=100",,recomputed from data/,117,"Relaxing the trust boundary exposes a much higher performance ceiling. Cilium throughput improves by 2.358$\times$ over stock eBPF, and retained BPF cost drops from 488.7~ns/run to 262.3~ns/run, a 1.86$\times$ BPF-counter speedup."
C0075,current,body,empirical,paper/sections/7-evaluation.tex,117,"Relaxing the trust boundary exposes a much higher performance ceiling. Cilium throughput improves by 2.358$\times$ over original eBPF, and retained BPF cost drops from 488.7~ns/run to 262.3~ns/run, a 1.86$\times$ BPF-counter speedup.",Cilium baseline BPF ns/run,488.7,corpus/results/x86_kvm_corpus_20260529_033517_489159,corpus/results/x86_kvm_corpus_20260529_033517_489159,yes,2026-05-29T03:35:17.489159+00:00,x86_kvm_corpus; CPU not recorded,not recorded,completed,bpf-benchmark/kprog/docs/archive/native_eval_20260529.py; bpf-benchmark/docs/artifacts/render_claim_table.py,yes,488.675818,matches rounding,"throughput: stats-off median summed pps; cost: phase sum(run_time_ns_delta)/sum(run_cnt_delta), retain each phase row >=100",,recomputed from data/,117,"Relaxing the trust boundary exposes a much higher performance ceiling. Cilium throughput improves by 2.358$\times$ over stock eBPF, and retained BPF cost drops from 488.7~ns/run to 262.3~ns/run, a 1.86$\times$ BPF-counter speedup."
C0076,current,body,empirical,paper/sections/7-evaluation.tex,117,"Relaxing the trust boundary exposes a much higher performance ceiling. Cilium throughput improves by 2.358$\times$ over original eBPF, and retained BPF cost drops from 488.7~ns/run to 262.3~ns/run, a 1.86$\times$ BPF-counter speedup.",Cilium native BPF ns/run,262.3,corpus/results/x86_kvm_corpus_20260529_033517_489159,corpus/results/x86_kvm_corpus_20260529_033517_489159,yes,2026-05-29T03:35:17.489159+00:00,x86_kvm_corpus; CPU not recorded,not recorded,completed,bpf-benchmark/kprog/docs/archive/native_eval_20260529.py; bpf-benchmark/docs/artifacts/render_claim_table.py,yes,262.298078,matches rounding,"throughput: stats-off median summed pps; cost: phase sum(run_time_ns_delta)/sum(run_cnt_delta), retain each phase row >=100",,recomputed from data/,117,"Relaxing the trust boundary exposes a much higher performance ceiling. Cilium throughput improves by 2.358$\times$ over stock eBPF, and retained BPF cost drops from 488.7~ns/run to 262.3~ns/run, a 1.86$\times$ BPF-counter speedup."
C0077,current,body,empirical,paper/sections/7-evaluation.tex,117,"Relaxing the trust boundary exposes a much higher performance ceiling. Cilium throughput improves by 2.358$\times$ over original eBPF, and retained BPF cost drops from 488.7~ns/run to 262.3~ns/run, a 1.86$\times$ BPF-counter speedup.",Cilium BPF-counter speedup,1.86,corpus/results/x86_kvm_corpus_20260529_033517_489159,corpus/results/x86_kvm_corpus_20260529_033517_489159,yes,2026-05-29T03:35:17.489159+00:00,x86_kvm_corpus; CPU not recorded,not recorded,completed,bpf-benchmark/kprog/docs/archive/native_eval_20260529.py; bpf-benchmark/docs/artifacts/render_claim_table.py,yes,1.86305527,matches rounding,"throughput: stats-off median summed pps; cost: phase sum(run_time_ns_delta)/sum(run_cnt_delta), retain each phase row >=100",,recomputed from data/,117,"Relaxing the trust boundary exposes a much higher performance ceiling. Cilium throughput improves by 2.358$\times$ over stock eBPF, and retained BPF cost drops from 488.7~ns/run to 262.3~ns/run, a 1.86$\times$ BPF-counter speedup."
C0078,current,body,empirical,paper/sections/7-evaluation.tex,113,"The three RQs above evaluate \lang as an instantiation of \tool. We now place \tool in a broader design space by using \tool itself to load whole-program native replacements. In this experiment, each Cilium BPF program is compiled from the same C source along two paths: the proof sequence is the normal eBPF bytecode that the verifier checks, while the native emit is the same source compiled with LLVM \texttt{-O2} directly to native code. The verifier still checks the eBPF proof sequence on every load, but the equivalence between the two compilations is trusted rather than proved, so the application's native code becomes part of the TCB. The 2.358$\times$ upper bound is not comparable to the characterization's 1.57$\times$ microbenchmark gap, which measures microbenchmarks in isolation rather than Cilium's full datapath.",native upper-bound repetition,2.358,corpus/results/x86_kvm_corpus_20260529_040554_604387,corpus/results/x86_kvm_corpus_20260529_040554_604387,yes,2026-05-29T04:05:54.604387+00:00,x86_kvm_corpus; CPU not recorded,not recorded,completed,bpf-benchmark/kprog/docs/archive/native_eval_20260529.py; bpf-benchmark/docs/artifacts/render_claim_table.py,yes,2.35797404,matches rounding,"throughput: stats-off median summed pps; cost: phase sum(run_time_ns_delta)/sum(run_cnt_delta), retain each phase row >=100",,recomputed from data/,113,"The three RQs above evaluate \lang as an instantiation of \tool. We now place \tool in a broader design space by using \tool itself to load whole-program native replacements. In this experiment, each Cilium BPF program is compiled from the same C source along two paths: the proof sequence is the normal eBPF bytecode that the verifier checks, while the native emit is the same source compiled with LLVM \texttt{-O2} directly to native code. The verifier still checks the eBPF proof sequence on every load, but the equivalence between the two compilations is trusted rather than proved, so the application's native code becomes part of the TCB. The 2.358$\times$ upper bound is not comparable to the characterization's 1.57$\times$ microbenchmark gap, which measures pure-bytecode kernels in isolation rather than Cilium's full datapath."
C0079,current,body,declared count,paper/sections/7-evaluation.tex,119,"The performance gain comes with a larger trusted surface. The Cilium native run logs 113 native replacements and 22 manifest no-match pass-throughs. The native sidecar data also records 89 Cilium manifest objects across 8 native files. These numbers are not a full TCB LOC audit, but they show the scale of the code surface that the native path must trust or validate.",native replacements,113,corpus/results/x86_kvm_corpus_20260529_033517_489159; corpus/results/x86_kvm_corpus_20260529_040554_604387,corpus/results/x86_kvm_corpus_20260529_033517_489159; corpus/results/x86_kvm_corpus_20260529_040554_604387,run exists; required raw report absent,2026-05-29T03:35:17.489159+00:00; 2026-05-29T04:05:54.604387+00:00,x86_kvm_corpus; CPU not recorded,not recorded,completed,bpf-benchmark/kprog/docs/archive/native_eval_20260529.py; bpf-benchmark/docs/artifacts/render_claim_table.py,no,,unverifiable original loader count,,"Original loader stream/sidecar absent. Sept24 evidence has 135 replacements, 0 pass-throughs, 89 objects across 6 files; different generation.",recomputed from data/,119,"The performance gain comes with a larger trusted surface. The Cilium native run logs 113 native replacements and 22 manifest no-match pass-throughs. The native sidecar data also records 89 Cilium manifest objects across 8 native files. These numbers are not a full TCB LOC audit, but they show the scale of the code surface that the native path must trust or validate."
C0080,current,body,declared count,paper/sections/7-evaluation.tex,119,"The performance gain comes with a larger trusted surface. The Cilium native run logs 113 native replacements and 22 manifest no-match pass-throughs. The native sidecar data also records 89 Cilium manifest objects across 8 native files. These numbers are not a full TCB LOC audit, but they show the scale of the code surface that the native path must trust or validate.",manifest no-match pass-throughs,22,corpus/results/x86_kvm_corpus_20260529_033517_489159; corpus/results/x86_kvm_corpus_20260529_040554_604387,corpus/results/x86_kvm_corpus_20260529_033517_489159; corpus/results/x86_kvm_corpus_20260529_040554_604387,run exists; required raw report absent,2026-05-29T03:35:17.489159+00:00; 2026-05-29T04:05:54.604387+00:00,x86_kvm_corpus; CPU not recorded,not recorded,completed,bpf-benchmark/kprog/docs/archive/native_eval_20260529.py; bpf-benchmark/docs/artifacts/render_claim_table.py,no,,unverifiable original loader count,,"Original loader stream/sidecar absent. Sept24 evidence has 135 replacements, 0 pass-throughs, 89 objects across 6 files; different generation.",recomputed from data/,119,"The performance gain comes with a larger trusted surface. The Cilium native run logs 113 native replacements and 22 manifest no-match pass-throughs. The native sidecar data also records 89 Cilium manifest objects across 8 native files. These numbers are not a full TCB LOC audit, but they show the scale of the code surface that the native path must trust or validate."
C0081,current,body,declared count,paper/sections/7-evaluation.tex,119,"The performance gain comes with a larger trusted surface. The Cilium native run logs 113 native replacements and 22 manifest no-match pass-throughs. The native sidecar data also records 89 Cilium manifest objects across 8 native files. These numbers are not a full TCB LOC audit, but they show the scale of the code surface that the native path must trust or validate.",Cilium manifest objects,89,corpus/results/x86_kvm_corpus_20260529_033517_489159; corpus/results/x86_kvm_corpus_20260529_040554_604387,corpus/results/x86_kvm_corpus_20260529_033517_489159; corpus/results/x86_kvm_corpus_20260529_040554_604387,run exists; required raw report absent,2026-05-29T03:35:17.489159+00:00; 2026-05-29T04:05:54.604387+00:00,x86_kvm_corpus; CPU not recorded,not recorded,completed,bpf-benchmark/kprog/docs/archive/native_eval_20260529.py; bpf-benchmark/docs/artifacts/render_claim_table.py,no,,unverifiable original loader count,,"Original loader stream/sidecar absent. Sept24 evidence has 135 replacements, 0 pass-throughs, 89 objects across 6 files; different generation.",recomputed from data/,119,"The performance gain comes with a larger trusted surface. The Cilium native run logs 113 native replacements and 22 manifest no-match pass-throughs. The native sidecar data also records 89 Cilium manifest objects across 8 native files. These numbers are not a full TCB LOC audit, but they show the scale of the code surface that the native path must trust or validate."
C0082,current,body,declared count,paper/sections/7-evaluation.tex,119,"The performance gain comes with a larger trusted surface. The Cilium native run logs 113 native replacements and 22 manifest no-match pass-throughs. The native sidecar data also records 89 Cilium manifest objects across 8 native files. These numbers are not a full TCB LOC audit, but they show the scale of the code surface that the native path must trust or validate.",native files,8,corpus/results/x86_kvm_corpus_20260529_033517_489159; corpus/results/x86_kvm_corpus_20260529_040554_604387,corpus/results/x86_kvm_corpus_20260529_033517_489159; corpus/results/x86_kvm_corpus_20260529_040554_604387,run exists; required raw report absent,2026-05-29T03:35:17.489159+00:00; 2026-05-29T04:05:54.604387+00:00,x86_kvm_corpus; CPU not recorded,not recorded,completed,bpf-benchmark/kprog/docs/archive/native_eval_20260529.py; bpf-benchmark/docs/artifacts/render_claim_table.py,no,,unverifiable original loader count,,"Original loader stream/sidecar absent. Sept24 evidence has 135 replacements, 0 pass-throughs, 89 objects across 6 files; different generation.",recomputed from data/,119,"The performance gain comes with a larger trusted surface. The Cilium native run logs 113 native replacements and 22 manifest no-match pass-throughs. The native sidecar data also records 89 Cilium manifest objects across 8 native files. These numbers are not a full TCB LOC audit, but they show the scale of the code surface that the native path must trust or validate."
C0083,current,body,empirical,paper/sections/7-evaluation.tex,121,"This places original eBPF, \tool instantiated as \lang, and native-in-kernel execution at three points in the same design space. Original eBPF is the most conservative point: it keeps the existing verifier/JIT trust boundary but pays the cost of a small virtual instruction set. Native-in-kernel execution is the performance ceiling under an assumed-safe model, but it trusts whole native replacements and the loader path. \lang occupies the middle ground: its 1.074$\times$ Cilium throughput gain recovers 5.4\% of the 2.358$\times$ native upper bound's gap $((1.074{-}1)/(2.358{-}1))$, compared with 42\% on the microbenchmarks, because real datapaths spend most of their time in helpers, maps, and tail calls that \lang does not target. \lang does not reach the native upper bound, but it provides controllable speedups through a small set of kernel-defined operations rather than trusting whole native replacement objects.",Cilium fraction of native gap recovered (%),5.4,corpus/results/x86_kvm_corpus_20260604_100557_313063; corpus/results/x86_kvm_corpus_20260529_040554_604387,corpus/results/x86_kvm_corpus_20260604_100557_313063; corpus/results/x86_kvm_corpus_20260529_040554_604387,yes,2026-06-04T10:05:57.313063+00:00; 2026-05-29T04:05:54.604387+00:00,x86_kvm_corpus; CPU not recorded,not recorded,completed,bpf-benchmark/kprog/docs/archive/native_eval_20260529.py; bpf-benchmark/docs/artifacts/render_claim_table.py,yes,5.4686141,MISMATCH,(kinsn throughput-1)/(native throughput-1)*100,,recomputed from data/,121,"This places stock eBPF, \tool instantiated as \lang, and native-in-kernel execution at three points in the same design space. Stock eBPF is the most conservative point: it keeps the existing verifier/JIT trust boundary but pays the cost of a small virtual instruction set. Native-in-kernel execution is the performance ceiling under an assumed-safe model, but it trusts whole native replacements and the loader path. \lang occupies the middle ground: its 1.074$\times$ Cilium throughput gain recovers 5.4\% of the 2.358$\times$ native upper bound's gap $((1.074{-}1)/(2.358{-}1))$, compared with 42\% on the microbenchmarks, because real datapaths spend most of their time in helpers, maps, and tail calls that \lang does not target. \lang does not reach the native upper bound, but it provides controllable speedups through a bounded, kernel-defined instruction surface rather than trusting whole native replacement objects."
C0084,current,body,empirical,paper/sections/7-evaluation.tex,66,"execution time by 18.17\%. Both architectures produce zero correctness mismatches. On the microbenchmarks, the 1.242$\times$ speedup recovers 42\% of the characterization's 1.57$\times$ eBPF-native gap on x86-64 $((1.242{-}1)/(1.57{-}1))$.",micro fraction of characterization gap recovered (%),42,micro/results/x86_kvm_micro_20260519_114214_364050; micro/results/x86_kvm_micro_20260526_210351_224315; micro/results/x86_kvm_micro_20260526_210952_650695,micro/results/x86_kvm_micro_20260519_114214_364050; micro/results/x86_kvm_micro_20260526_210351_224315; micro/results/x86_kvm_micro_20260526_210952_650695,yes,2026-05-19T11:42:14.364050+00:00; 2026-05-26T21:03:51.224315+00:00; 2026-05-26T21:09:52.650695+00:00,x86_kvm_micro; CPU Intel(R) Core(TM) Ultra 9 285K,unknown,completed,paper-provenance/scripts/plot_evaluation_kinsn.py (older 29-case source); bpf-benchmark/docs/artifacts/render_claim_table.py (27-case derivation),yes,42.0550595,matches rounding,(kinsn speedup-1)/(native speedup-1)*100,,recomputed from data/,66,"execution time by 18.17\%. Both architectures produce zero correctness mismatches. On the microbenchmarks, the 1.242$\times$ speedup recovers 42\% of the characterization's 1.57$\times$ eBPF-native gap on x86-64 $((1.242{-}1)/(1.57{-}1))$."
C0085,current,body,empirical,paper/sections/0-abstract.tex,46,"On x86-64 and ARM64, \lang speeds up microbenchmarks by 24\% and 22\% and production applications by up to 12\%.",x86 headline speed increase (%),24,micro/results/x86_kvm_micro_20260519_114214_364050; micro/results/x86_kvm_micro_20260526_210351_224315,micro/results/x86_kvm_micro_20260519_114214_364050; micro/results/x86_kvm_micro_20260526_210351_224315,yes,2026-05-19T11:42:14.364050+00:00; 2026-05-26T21:03:51.224315+00:00,x86_kvm_micro; CPU Intel(R) Core(TM) Ultra 9 285K,unknown,completed,paper-provenance/scripts/plot_evaluation_kinsn.py (older 29-case source); bpf-benchmark/docs/artifacts/render_claim_table.py (27-case derivation),yes,24.1735836,matches rounding,,,recomputed from data/,47,"On x86-64 and ARM64, \lang speeds up eBPF microbenchmarks by 24\% and 22\% in geometric mean and production applications by up to 12\%."
C0086,current,body,empirical,paper/sections/0-abstract.tex,46,"On x86-64 and ARM64, \lang speeds up microbenchmarks by 24\% and 22\% and production applications by up to 12\%.",ARM64 headline speed increase (%),22,micro/results/aws_arm64_micro_20260606_001225_821028,micro/results/aws_arm64_micro_20260606_001225_821028,yes,2026-06-06T00:12:25.821028+00:00,aws_arm64_micro; CPU aarch64,unknown,completed,paper-provenance/scripts/plot_evaluation_kinsn.py (older 29-case source); bpf-benchmark/docs/artifacts/render_claim_table.py (27-case derivation),yes,22.2042161,matches rounding,,,recomputed from data/,47,"On x86-64 and ARM64, \lang speeds up eBPF microbenchmarks by 24\% and 22\% in geometric mean and production applications by up to 12\%."
C0087,current,body,empirical,paper/sections/0-abstract.tex,46,"On x86-64 and ARM64, \lang speeds up microbenchmarks by 24\% and 22\% and production applications by up to 12\%.",production throughput increase up to (%),12,corpus/results/x86_kvm_corpus_20260605_004607_636479,corpus/results/x86_kvm_corpus_20260605_004607_636479,yes,2026-06-05T00:46:07.636479+00:00,x86_kvm_corpus; CPU not recorded,not recorded,completed,bpf-benchmark/docs/archive/shared/kinsn_eval_20260604.py; bpf-benchmark/kinsn/docs/evaluation.md; paper-provenance/scripts/plot_app_case_studies.py (hard-coded plot inputs),yes,11.390256736% mean; 11.893520223% median,approximate bound; aggregation-dependent,tuned Cilium mean pps ratio matches body 1.114; median-phase ratio rounds to a 12% increase,"Mean-based increase is 11.390%, below loose 12% bound; paper default median gives 11.894%.",recomputed from data/,47,"On x86-64 and ARM64, \lang speeds up eBPF microbenchmarks by 24\% and 22\% in geometric mean and production applications by up to 12\%."
C0088,current,body,empirical,paper/sections/0-abstract.tex,48,"The same interface also supports whole-program native replacement, reaching 2.358$\times$ on Cilium at the cost of a larger TCB.",Cilium native headline speedup,2.358,corpus/results/x86_kvm_corpus_20260529_040554_604387,corpus/results/x86_kvm_corpus_20260529_040554_604387,yes,2026-05-29T04:05:54.604387+00:00,x86_kvm_corpus; CPU not recorded,not recorded,completed,bpf-benchmark/kprog/docs/archive/native_eval_20260529.py; bpf-benchmark/docs/artifacts/render_claim_table.py,yes,2.35797404,matches rounding,,,recomputed from data/,49,"The same interface also supports whole-program native replacement, reaching 2.358$\times$ on Cilium at the cost of a larger TCB."
C0089,current,body,empirical,paper/sections/1-introduction.tex,145,"On microbenchmarks, \lang speeds up eBPF programs by 24\% on x86-64 and 22\% on ARM64 in geometric mean over the unmodified pipeline, recovering 42\% of the x86-64 gap to native code, and it shrinks native code by 12--23\%.",x86 headline speed increase (%),24,micro/results/x86_kvm_micro_20260519_114214_364050; micro/results/x86_kvm_micro_20260526_210351_224315,micro/results/x86_kvm_micro_20260519_114214_364050; micro/results/x86_kvm_micro_20260526_210351_224315,yes,2026-05-19T11:42:14.364050+00:00; 2026-05-26T21:03:51.224315+00:00,x86_kvm_micro; CPU Intel(R) Core(TM) Ultra 9 285K,unknown,completed,paper-provenance/scripts/plot_evaluation_kinsn.py (older 29-case source); bpf-benchmark/docs/artifacts/render_claim_table.py (27-case derivation),yes,24.1735836,matches rounding,,,recomputed from data/,152,"\lang speeds up eBPF microbenchmarks by 24\% on x86-64 and 22\% on ARM64 in geometric mean over the unmodified pipeline, recovering 42\% of the x86-64 gap to native code, and improves production application throughput by up to 12\%."
C0090,current,body,empirical,paper/sections/1-introduction.tex,145,"On microbenchmarks, \lang speeds up eBPF programs by 24\% on x86-64 and 22\% on ARM64 in geometric mean over the unmodified pipeline, recovering 42\% of the x86-64 gap to native code, and it shrinks native code by 12--23\%.",ARM64 headline speed increase (%),22,micro/results/aws_arm64_micro_20260606_001225_821028,micro/results/aws_arm64_micro_20260606_001225_821028,yes,2026-06-06T00:12:25.821028+00:00,aws_arm64_micro; CPU aarch64,unknown,completed,paper-provenance/scripts/plot_evaluation_kinsn.py (older 29-case source); bpf-benchmark/docs/artifacts/render_claim_table.py (27-case derivation),yes,22.2042161,matches rounding,,,recomputed from data/,152,"\lang speeds up eBPF microbenchmarks by 24\% on x86-64 and 22\% on ARM64 in geometric mean over the unmodified pipeline, recovering 42\% of the x86-64 gap to native code, and improves production application throughput by up to 12\%."
C0091,current,body,empirical,paper/sections/1-introduction.tex,147,"On production applications, it improves throughput by up to 12\%; the gains are smaller because a real datapath spends most of its time in helper calls, map accesses, and tail calls, which instruction selection cannot reach (\S\ref{sec:eval}).",production throughput increase up to (%),12,corpus/results/x86_kvm_corpus_20260605_004607_636479,corpus/results/x86_kvm_corpus_20260605_004607_636479,yes,2026-06-05T00:46:07.636479+00:00,x86_kvm_corpus; CPU not recorded,not recorded,completed,bpf-benchmark/docs/archive/shared/kinsn_eval_20260604.py; bpf-benchmark/kinsn/docs/evaluation.md; paper-provenance/scripts/plot_app_case_studies.py (hard-coded plot inputs),yes,11.390256736% mean; 11.893520223% median,approximate bound; aggregation-dependent,tuned Cilium mean pps ratio matches body 1.114; median-phase ratio rounds to a 12% increase,"Mean-based increase is 11.390%, below loose 12% bound; paper default median gives 11.894%.",recomputed from data/,152,"\lang speeds up eBPF microbenchmarks by 24\% on x86-64 and 22\% on ARM64 in geometric mean over the unmodified pipeline, recovering 42\% of the x86-64 gap to native code, and improves production application throughput by up to 12\%."
C0092,current,body,empirical,paper/sections/1-introduction.tex,149,"The same interface also supports whole-program native replacement, which reaches 2.358$\times$ on Cilium when the application's entire native code is trusted and thus bounds what a larger TCB can buy (\S\ref{subsec:native_upper_bound}).",Cilium native headline speedup,2.358,corpus/results/x86_kvm_corpus_20260529_040554_604387,corpus/results/x86_kvm_corpus_20260529_040554_604387,yes,2026-05-29T04:05:54.604387+00:00,x86_kvm_corpus; CPU not recorded,not recorded,completed,bpf-benchmark/kprog/docs/archive/native_eval_20260529.py; bpf-benchmark/docs/artifacts/render_claim_table.py,yes,2.35797404,matches rounding,,,recomputed from data/,156,"The same \tool mechanism also supports whole-program native replacement, reaching 2.358$\times$ on Cilium at the cost of trusting the application's native code (\S\ref{subsec:native_upper_bound})."
C0093,current,body,empirical,paper/sections/1-introduction.tex,145,"On microbenchmarks, \lang speeds up eBPF programs by 24\% on x86-64 and 22\% on ARM64 in geometric mean over the unmodified pipeline, recovering 42\% of the x86-64 gap to native code, and it shrinks native code by 12--23\%.",headline recovered micro gap (%),42,micro/results/x86_kvm_micro_20260519_114214_364050; micro/results/x86_kvm_micro_20260526_210351_224315; micro/results/x86_kvm_micro_20260526_210952_650695,micro/results/x86_kvm_micro_20260519_114214_364050; micro/results/x86_kvm_micro_20260526_210351_224315; micro/results/x86_kvm_micro_20260526_210952_650695,yes,2026-05-19T11:42:14.364050+00:00; 2026-05-26T21:03:51.224315+00:00; 2026-05-26T21:09:52.650695+00:00,x86_kvm_micro; CPU Intel(R) Core(TM) Ultra 9 285K,unknown,completed,paper-provenance/scripts/plot_evaluation_kinsn.py (older 29-case source); bpf-benchmark/docs/artifacts/render_claim_table.py (27-case derivation),yes,42.0550595,matches rounding,,,recomputed from data/,152,"\lang speeds up eBPF microbenchmarks by 24\% on x86-64 and 22\% on ARM64 in geometric mean over the unmodified pipeline, recovering 42\% of the x86-64 gap to native code, and improves production application throughput by up to 12\%."
C0094,current,body,empirical,paper/sections/1-introduction.tex,159,\item Our implementation in the Linux kernel and userspace tooling (\S\ref{sec:implementation}) recovers 42\% of the x86-64 eBPF-native gap (\S\ref{sec:eval}).,contribution recovered micro gap (%),42,micro/results/x86_kvm_micro_20260519_114214_364050; micro/results/x86_kvm_micro_20260526_210351_224315; micro/results/x86_kvm_micro_20260526_210952_650695,micro/results/x86_kvm_micro_20260519_114214_364050; micro/results/x86_kvm_micro_20260526_210351_224315; micro/results/x86_kvm_micro_20260526_210952_650695,yes,2026-05-19T11:42:14.364050+00:00; 2026-05-26T21:03:51.224315+00:00; 2026-05-26T21:09:52.650695+00:00,x86_kvm_micro; CPU Intel(R) Core(TM) Ultra 9 285K,unknown,completed,paper-provenance/scripts/plot_evaluation_kinsn.py (older 29-case source); bpf-benchmark/docs/artifacts/render_claim_table.py (27-case derivation),yes,42.0550595,matches rounding,,,recomputed from data/,167,\item An implementation in the Linux kernel and userspace tooling (\S\ref{sec:implementation}) recovers 42\% of the x86-64 eBPF-native gap in our evaluation (\S\ref{sec:eval}).
C0095,current,body,empirical,paper/sections/1-introduction.tex,145,"On microbenchmarks, \lang speeds up eBPF programs by 24\% on x86-64 and 22\% on ARM64 in geometric mean over the unmodified pipeline, recovering 42\% of the x86-64 gap to native code, and it shrinks native code by 12--23\%.",native code reduction range,12--23%,micro/results/x86_kvm_micro_20260519_114214_364050; micro/results/x86_kvm_micro_20260526_210351_224315; micro/results/aws_arm64_micro_20260606_001225_821028,micro/results/x86_kvm_micro_20260519_114214_364050; micro/results/x86_kvm_micro_20260526_210351_224315; micro/results/aws_arm64_micro_20260606_001225_821028,yes,2026-05-19T11:42:14.364050+00:00; 2026-05-26T21:03:51.224315+00:00; 2026-06-06T00:12:25.821028+00:00,x86_kvm_micro; CPU Intel(R) Core(TM) Ultra 9 285K; aws_arm64_micro; CPU aarch64,unknown,completed,paper-provenance/scripts/plot_evaluation_kinsn.py (older 29-case source); bpf-benchmark/docs/artifacts/render_claim_table.py (27-case derivation),yes,12.088384%--22.819312%,matches rounding,native code geomean over all 29 cases,,recomputed from data/,154,Native code size shrinks by 12--23\% with no change to the existing verifier analysis (\S\ref{sec:eval}).
C0096,current,body,figure bar,paper/figures/sec-3-pure-bytecode-percase.tex,3,\includegraphics[width=\textwidth]{figures/sec-3-4config-percase.pdf},x86 bcc_runqlat_log2_histogram_bucket native_kernel plotted speedup,bar (value derived below),micro/results/x86_kvm_micro_20260526_210952_650695,micro/results/x86_kvm_micro_20260526_210952_650695,yes,2026-05-26T21:09:52.650695+00:00,x86_kvm_micro; CPU Intel(R) Core(TM) Ultra 9 285K,unknown,completed,bpf-benchmark/docs/archive/shared/plot_micro_characterization_20260527.py; paper-provenance/scripts/plot_characterization_pure_percase.py (older 29-case source; final 27-case/4config generator not retained),yes,1.164251208,recomputed; figure legends match; bars visually consistent,median kernel/path exec_ns; each ARM path has its own baseline,"Final figure is sec-3-4config-percase.pdf, introduced June10; updated generating script not tracked.",recomputed from data/,3,\includegraphics[width=\textwidth]{figures/sec-3-4config-percase.pdf}
C0097,current,body,figure bar,paper/figures/sec-3-pure-bytecode-percase.tex,3,\includegraphics[width=\textwidth]{figures/sec-3-4config-percase.pdf},x86 bcc_tcpconnect_ipv4_tuple_filter native_kernel plotted speedup,bar (value derived below),micro/results/x86_kvm_micro_20260526_210952_650695,micro/results/x86_kvm_micro_20260526_210952_650695,yes,2026-05-26T21:09:52.650695+00:00,x86_kvm_micro; CPU Intel(R) Core(TM) Ultra 9 285K,unknown,completed,bpf-benchmark/docs/archive/shared/plot_micro_characterization_20260527.py; paper-provenance/scripts/plot_characterization_pure_percase.py (older 29-case source; final 27-case/4config generator not retained),yes,1.693548387,recomputed; figure legends match; bars visually consistent,median kernel/path exec_ns; each ARM path has its own baseline,"Final figure is sec-3-4config-percase.pdf, introduced June10; updated generating script not tracked.",recomputed from data/,3,\includegraphics[width=\textwidth]{figures/sec-3-4config-percase.pdf}
C0098,current,body,figure bar,paper/figures/sec-3-pure-bytecode-percase.tex,3,\includegraphics[width=\textwidth]{figures/sec-3-4config-percase.pdf},x86 bitmap_popcount_scan native_kernel plotted speedup,bar (value derived below),micro/results/x86_kvm_micro_20260526_210952_650695,micro/results/x86_kvm_micro_20260526_210952_650695,yes,2026-05-26T21:09:52.650695+00:00,x86_kvm_micro; CPU Intel(R) Core(TM) Ultra 9 285K,unknown,completed,bpf-benchmark/docs/archive/shared/plot_micro_characterization_20260527.py; paper-provenance/scripts/plot_characterization_pure_percase.py (older 29-case source; final 27-case/4config generator not retained),yes,2.383297645,recomputed; figure legends match; bars visually consistent,median kernel/path exec_ns; each ARM path has its own baseline,"Final figure is sec-3-4config-percase.pdf, introduced June10; updated generating script not tracked.",recomputed from data/,3,\includegraphics[width=\textwidth]{figures/sec-3-4config-percase.pdf}
C0099,current,body,figure bar,paper/figures/sec-3-pure-bytecode-percase.tex,3,\includegraphics[width=\textwidth]{figures/sec-3-4config-percase.pdf},x86 bpf_local_call_fanout_dispatch native_kernel plotted speedup,bar (value derived below),micro/results/x86_kvm_micro_20260526_210952_650695,micro/results/x86_kvm_micro_20260526_210952_650695,yes,2026-05-26T21:09:52.650695+00:00,x86_kvm_micro; CPU Intel(R) Core(TM) Ultra 9 285K,unknown,completed,bpf-benchmark/docs/archive/shared/plot_micro_characterization_20260527.py; paper-provenance/scripts/plot_characterization_pure_percase.py (older 29-case source; final 27-case/4config generator not retained),yes,1.797101449,recomputed; figure legends match; bars visually consistent,median kernel/path exec_ns; each ARM path has its own baseline,"Final figure is sec-3-4config-percase.pdf, introduced June10; updated generating script not tracked.",recomputed from data/,3,\includegraphics[width=\textwidth]{figures/sec-3-4config-percase.pdf}
C0100,current,body,figure bar,paper/figures/sec-3-pure-bytecode-percase.tex,3,\includegraphics[width=\textwidth]{figures/sec-3-4config-percase.pdf},x86 bpftrace_comm_key_fnv_hash native_kernel plotted speedup,bar (value derived below),micro/results/x86_kvm_micro_20260526_210952_650695,micro/results/x86_kvm_micro_20260526_210952_650695,yes,2026-05-26T21:09:52.650695+00:00,x86_kvm_micro; CPU Intel(R) Core(TM) Ultra 9 285K,unknown,completed,bpf-benchmark/docs/archive/shared/plot_micro_characterization_20260527.py; paper-provenance/scripts/plot_characterization_pure_percase.py (older 29-case source; final 27-case/4config generator not retained),yes,1.013953488,recomputed; figure legends match; bars visually consistent,median kernel/path exec_ns; each ARM path has its own baseline,"Final figure is sec-3-4config-percase.pdf, introduced June10; updated generating script not tracked.",recomputed from data/,3,\includegraphics[width=\textwidth]{figures/sec-3-4config-percase.pdf}
C0101,current,body,figure bar,paper/figures/sec-3-pure-bytecode-percase.tex,3,\includegraphics[width=\textwidth]{figures/sec-3-4config-percase.pdf},x86 bpftrace_string_search_prefix_scan native_kernel plotted speedup,bar (value derived below),micro/results/x86_kvm_micro_20260526_210952_650695,micro/results/x86_kvm_micro_20260526_210952_650695,yes,2026-05-26T21:09:52.650695+00:00,x86_kvm_micro; CPU Intel(R) Core(TM) Ultra 9 285K,unknown,completed,bpf-benchmark/docs/archive/shared/plot_micro_characterization_20260527.py; paper-provenance/scripts/plot_characterization_pure_percase.py (older 29-case source; final 27-case/4config generator not retained),yes,1.693693694,recomputed; figure legends match; bars visually consistent,median kernel/path exec_ns; each ARM path has its own baseline,"Final figure is sec-3-4config-percase.pdf, introduced June10; updated generating script not tracked.",recomputed from data/,3,\includegraphics[width=\textwidth]{figures/sec-3-4config-percase.pdf}
C0102,current,body,figure bar,paper/figures/sec-3-pure-bytecode-percase.tex,3,\includegraphics[width=\textwidth]{figures/sec-3-4config-percase.pdf},x86 cgroup_skb_hash_chain native_kernel plotted speedup,bar (value derived below),micro/results/x86_kvm_micro_20260526_210952_650695,micro/results/x86_kvm_micro_20260526_210952_650695,yes,2026-05-26T21:09:52.650695+00:00,x86_kvm_micro; CPU Intel(R) Core(TM) Ultra 9 285K,unknown,completed,bpf-benchmark/docs/archive/shared/plot_micro_characterization_20260527.py; paper-provenance/scripts/plot_characterization_pure_percase.py (older 29-case source; final 27-case/4config generator not retained),yes,1.415841584,recomputed; figure legends match; bars visually consistent,median kernel/path exec_ns; each ARM path has its own baseline,"Final figure is sec-3-4config-percase.pdf, introduced June10; updated generating script not tracked.",recomputed from data/,3,\includegraphics[width=\textwidth]{figures/sec-3-4config-percase.pdf}
C0103,current,body,figure bar,paper/figures/sec-3-pure-bytecode-percase.tex,3,\includegraphics[width=\textwidth]{figures/sec-3-4config-percase.pdf},x86 cilium_ct_nat_tuple_rewrite native_kernel plotted speedup,bar (value derived below),micro/results/x86_kvm_micro_20260526_210952_650695,micro/results/x86_kvm_micro_20260526_210952_650695,yes,2026-05-26T21:09:52.650695+00:00,x86_kvm_micro; CPU Intel(R) Core(TM) Ultra 9 285K,unknown,completed,bpf-benchmark/docs/archive/shared/plot_micro_characterization_20260527.py; paper-provenance/scripts/plot_characterization_pure_percase.py (older 29-case source; final 27-case/4config generator not retained),yes,1.934210526,recomputed; figure legends match; bars visually consistent,median kernel/path exec_ns; each ARM path has its own baseline,"Final figure is sec-3-4config-percase.pdf, introduced June10; updated generating script not tracked.",recomputed from data/,3,\includegraphics[width=\textwidth]{figures/sec-3-4config-percase.pdf}
C0104,current,body,figure bar,paper/figures/sec-3-pure-bytecode-percase.tex,3,\includegraphics[width=\textwidth]{figures/sec-3-4config-percase.pdf},x86 cilium_policy_guard_tree_filter native_kernel plotted speedup,bar (value derived below),micro/results/x86_kvm_micro_20260526_210952_650695,micro/results/x86_kvm_micro_20260526_210952_650695,yes,2026-05-26T21:09:52.650695+00:00,x86_kvm_micro; CPU Intel(R) Core(TM) Ultra 9 285K,unknown,completed,bpf-benchmark/docs/archive/shared/plot_micro_characterization_20260527.py; paper-provenance/scripts/plot_characterization_pure_percase.py (older 29-case source; final 27-case/4config generator not retained),yes,2.027027027,recomputed; figure legends match; bars visually consistent,median kernel/path exec_ns; each ARM path has its own baseline,"Final figure is sec-3-4config-percase.pdf, introduced June10; updated generating script not tracked.",recomputed from data/,3,\includegraphics[width=\textwidth]{figures/sec-3-4config-percase.pdf}
C0105,current,body,figure bar,paper/figures/sec-3-pure-bytecode-percase.tex,3,\includegraphics[width=\textwidth]{figures/sec-3-4config-percase.pdf},x86 cilium_socket_lb_service_select native_kernel plotted speedup,bar (value derived below),micro/results/x86_kvm_micro_20260526_210952_650695,micro/results/x86_kvm_micro_20260526_210952_650695,yes,2026-05-26T21:09:52.650695+00:00,x86_kvm_micro; CPU Intel(R) Core(TM) Ultra 9 285K,unknown,completed,bpf-benchmark/docs/archive/shared/plot_micro_characterization_20260527.py; paper-provenance/scripts/plot_characterization_pure_percase.py (older 29-case source; final 27-case/4config generator not retained),yes,2.163742690,recomputed; figure legends match; bars visually consistent,median kernel/path exec_ns; each ARM path has its own baseline,"Final figure is sec-3-4config-percase.pdf, introduced June10; updated generating script not tracked.",recomputed from data/,3,\includegraphics[width=\textwidth]{figures/sec-3-4config-percase.pdf}
C0106,current,body,figure bar,paper/figures/sec-3-pure-bytecode-percase.tex,3,\includegraphics[width=\textwidth]{figures/sec-3-4config-percase.pdf},x86 flow_5tuple_rss_hash native_kernel plotted speedup,bar (value derived below),micro/results/x86_kvm_micro_20260526_210952_650695,micro/results/x86_kvm_micro_20260526_210952_650695,yes,2026-05-26T21:09:52.650695+00:00,x86_kvm_micro; CPU Intel(R) Core(TM) Ultra 9 285K,unknown,completed,bpf-benchmark/docs/archive/shared/plot_micro_characterization_20260527.py; paper-provenance/scripts/plot_characterization_pure_percase.py (older 29-case source; final 27-case/4config generator not retained),yes,1.600000000,recomputed; figure legends match; bars visually consistent,median kernel/path exec_ns; each ARM path has its own baseline,"Final figure is sec-3-4config-percase.pdf, introduced June10; updated generating script not tracked.",recomputed from data/,3,\includegraphics[width=\textwidth]{figures/sec-3-4config-percase.pdf}
C0107,current,body,figure bar,paper/figures/sec-3-pure-bytecode-percase.tex,3,\includegraphics[width=\textwidth]{figures/sec-3-4config-percase.pdf},x86 flow_record_field_scan native_kernel plotted speedup,bar (value derived below),micro/results/x86_kvm_micro_20260526_210952_650695,micro/results/x86_kvm_micro_20260526_210952_650695,yes,2026-05-26T21:09:52.650695+00:00,x86_kvm_micro; CPU Intel(R) Core(TM) Ultra 9 285K,unknown,completed,bpf-benchmark/docs/archive/shared/plot_micro_characterization_20260527.py; paper-provenance/scripts/plot_characterization_pure_percase.py (older 29-case source; final 27-case/4config generator not retained),yes,1.551020408,recomputed; figure legends match; bars visually consistent,median kernel/path exec_ns; each ARM path has its own baseline,"Final figure is sec-3-4config-percase.pdf, introduced June10; updated generating script not tracked.",recomputed from data/,3,\includegraphics[width=\textwidth]{figures/sec-3-4config-percase.pdf}
C0108,current,body,figure bar,paper/figures/sec-3-pure-bytecode-percase.tex,3,\includegraphics[width=\textwidth]{figures/sec-3-4config-percase.pdf},x86 katran_lb_consistent_hash_select native_kernel plotted speedup,bar (value derived below),micro/results/x86_kvm_micro_20260526_210952_650695,micro/results/x86_kvm_micro_20260526_210952_650695,yes,2026-05-26T21:09:52.650695+00:00,x86_kvm_micro; CPU Intel(R) Core(TM) Ultra 9 285K,unknown,completed,bpf-benchmark/docs/archive/shared/plot_micro_characterization_20260527.py; paper-provenance/scripts/plot_characterization_pure_percase.py (older 29-case source; final 27-case/4config generator not retained),yes,1.571428571,recomputed; figure legends match; bars visually consistent,median kernel/path exec_ns; each ARM path has its own baseline,"Final figure is sec-3-4config-percase.pdf, introduced June10; updated generating script not tracked.",recomputed from data/,3,\includegraphics[width=\textwidth]{figures/sec-3-4config-percase.pdf}
C0109,current,body,figure bar,paper/figures/sec-3-pure-bytecode-percase.tex,3,\includegraphics[width=\textwidth]{figures/sec-3-4config-percase.pdf},x86 otel_stack_frame_unwind_scan native_kernel plotted speedup,bar (value derived below),micro/results/x86_kvm_micro_20260526_210952_650695,micro/results/x86_kvm_micro_20260526_210952_650695,yes,2026-05-26T21:09:52.650695+00:00,x86_kvm_micro; CPU Intel(R) Core(TM) Ultra 9 285K,unknown,completed,bpf-benchmark/docs/archive/shared/plot_micro_characterization_20260527.py; paper-provenance/scripts/plot_characterization_pure_percase.py (older 29-case source; final 27-case/4config generator not retained),yes,2.666666667,recomputed; figure legends match; bars visually consistent,median kernel/path exec_ns; each ARM path has its own baseline,"Final figure is sec-3-4config-percase.pdf, introduced June10; updated generating script not tracked.",recomputed from data/,3,\includegraphics[width=\textwidth]{figures/sec-3-4config-percase.pdf}
C0110,current,body,figure bar,paper/figures/sec-3-pure-bytecode-percase.tex,3,\includegraphics[width=\textwidth]{figures/sec-3-4config-percase.pdf},x86 packed_header_bitfield_decode native_kernel plotted speedup,bar (value derived below),micro/results/x86_kvm_micro_20260526_210952_650695,micro/results/x86_kvm_micro_20260526_210952_650695,yes,2026-05-26T21:09:52.650695+00:00,x86_kvm_micro; CPU Intel(R) Core(TM) Ultra 9 285K,unknown,completed,bpf-benchmark/docs/archive/shared/plot_micro_characterization_20260527.py; paper-provenance/scripts/plot_characterization_pure_percase.py (older 29-case source; final 27-case/4config generator not retained),yes,1.162303665,recomputed; figure legends match; bars visually consistent,median kernel/path exec_ns; each ARM path has its own baseline,"Final figure is sec-3-4config-percase.pdf, introduced June10; updated generating script not tracked.",recomputed from data/,3,\includegraphics[width=\textwidth]{figures/sec-3-4config-percase.pdf}
C0111,current,body,figure bar,paper/figures/sec-3-pure-bytecode-percase.tex,3,\includegraphics[width=\textwidth]{figures/sec-3-4config-percase.pdf},x86 packet_checksum_fold native_kernel plotted speedup,bar (value derived below),micro/results/x86_kvm_micro_20260526_210952_650695,micro/results/x86_kvm_micro_20260526_210952_650695,yes,2026-05-26T21:09:52.650695+00:00,x86_kvm_micro; CPU Intel(R) Core(TM) Ultra 9 285K,unknown,completed,bpf-benchmark/docs/archive/shared/plot_micro_characterization_20260527.py; paper-provenance/scripts/plot_characterization_pure_percase.py (older 29-case source; final 27-case/4config generator not retained),yes,1.330064127,recomputed; figure legends match; bars visually consistent,median kernel/path exec_ns; each ARM path has its own baseline,"Final figure is sec-3-4config-percase.pdf, introduced June10; updated generating script not tracked.",recomputed from data/,3,\includegraphics[width=\textwidth]{figures/sec-3-4config-percase.pdf}
C0112,current,body,figure bar,paper/figures/sec-3-pure-bytecode-percase.tex,3,\includegraphics[width=\textwidth]{figures/sec-3-4config-percase.pdf},x86 packet_record_bounds_window native_kernel plotted speedup,bar (value derived below),micro/results/x86_kvm_micro_20260526_210952_650695,micro/results/x86_kvm_micro_20260526_210952_650695,yes,2026-05-26T21:09:52.650695+00:00,x86_kvm_micro; CPU Intel(R) Core(TM) Ultra 9 285K,unknown,completed,bpf-benchmark/docs/archive/shared/plot_micro_characterization_20260527.py; paper-provenance/scripts/plot_characterization_pure_percase.py (older 29-case source; final 27-case/4config generator not retained),yes,1.873015873,recomputed; figure legends match; bars visually consistent,median kernel/path exec_ns; each ARM path has its own baseline,"Final figure is sec-3-4config-percase.pdf, introduced June10; updated generating script not tracked.",recomputed from data/,3,\includegraphics[width=\textwidth]{figures/sec-3-4config-percase.pdf}
C0113,current,body,figure bar,paper/figures/sec-3-pure-bytecode-percase.tex,3,\includegraphics[width=\textwidth]{figures/sec-3-4config-percase.pdf},x86 packet_toeplitz_rss_hash native_kernel plotted speedup,bar (value derived below),micro/results/x86_kvm_micro_20260526_210952_650695,micro/results/x86_kvm_micro_20260526_210952_650695,yes,2026-05-26T21:09:52.650695+00:00,x86_kvm_micro; CPU Intel(R) Core(TM) Ultra 9 285K,unknown,completed,bpf-benchmark/docs/archive/shared/plot_micro_characterization_20260527.py; paper-provenance/scripts/plot_characterization_pure_percase.py (older 29-case source; final 27-case/4config generator not retained),yes,1.017621145,recomputed; figure legends match; bars visually consistent,median kernel/path exec_ns; each ARM path has its own baseline,"Final figure is sec-3-4config-percase.pdf, introduced June10; updated generating script not tracked.",recomputed from data/,3,\includegraphics[width=\textwidth]{figures/sec-3-4config-percase.pdf}
C0114,current,body,figure bar,paper/figures/sec-3-pure-bytecode-percase.tex,3,\includegraphics[width=\textwidth]{figures/sec-3-4config-percase.pdf},x86 packet_vlan_tcpopt_parser native_kernel plotted speedup,bar (value derived below),micro/results/x86_kvm_micro_20260526_210952_650695,micro/results/x86_kvm_micro_20260526_210952_650695,yes,2026-05-26T21:09:52.650695+00:00,x86_kvm_micro; CPU Intel(R) Core(TM) Ultra 9 285K,unknown,completed,bpf-benchmark/docs/archive/shared/plot_micro_characterization_20260527.py; paper-provenance/scripts/plot_characterization_pure_percase.py (older 29-case source; final 27-case/4config generator not retained),yes,1.090909091,recomputed; figure legends match; bars visually consistent,median kernel/path exec_ns; each ARM path has its own baseline,"Final figure is sec-3-4config-percase.pdf, introduced June10; updated generating script not tracked.",recomputed from data/,3,\includegraphics[width=\textwidth]{figures/sec-3-4config-percase.pdf}
C0115,current,body,figure bar,paper/figures/sec-3-pure-bytecode-percase.tex,3,\includegraphics[width=\textwidth]{figures/sec-3-4config-percase.pdf},x86 payload_prefix_memcmp_scan native_kernel plotted speedup,bar (value derived below),micro/results/x86_kvm_micro_20260526_210952_650695,micro/results/x86_kvm_micro_20260526_210952_650695,yes,2026-05-26T21:09:52.650695+00:00,x86_kvm_micro; CPU Intel(R) Core(TM) Ultra 9 285K,unknown,completed,bpf-benchmark/docs/archive/shared/plot_micro_characterization_20260527.py; paper-provenance/scripts/plot_characterization_pure_percase.py (older 29-case source; final 27-case/4config generator not retained),yes,1.851063830,recomputed; figure legends match; bars visually consistent,median kernel/path exec_ns; each ARM path has its own baseline,"Final figure is sec-3-4config-percase.pdf, introduced June10; updated generating script not tracked.",recomputed from data/,3,\includegraphics[width=\textwidth]{figures/sec-3-4config-percase.pdf}
C0116,current,body,figure bar,paper/figures/sec-3-pure-bytecode-percase.tex,3,\includegraphics[width=\textwidth]{figures/sec-3-4config-percase.pdf},x86 siphash_rotate64_mixer native_kernel plotted speedup,bar (value derived below),micro/results/x86_kvm_micro_20260526_210952_650695,micro/results/x86_kvm_micro_20260526_210952_650695,yes,2026-05-26T21:09:52.650695+00:00,x86_kvm_micro; CPU Intel(R) Core(TM) Ultra 9 285K,unknown,completed,bpf-benchmark/docs/archive/shared/plot_micro_characterization_20260527.py; paper-provenance/scripts/plot_characterization_pure_percase.py (older 29-case source; final 27-case/4config generator not retained),yes,1.928571429,recomputed; figure legends match; bars visually consistent,median kernel/path exec_ns; each ARM path has its own baseline,"Final figure is sec-3-4config-percase.pdf, introduced June10; updated generating script not tracked.",recomputed from data/,3,\includegraphics[width=\textwidth]{figures/sec-3-4config-percase.pdf}
C0117,current,body,figure bar,paper/figures/sec-3-pure-bytecode-percase.tex,3,\includegraphics[width=\textwidth]{figures/sec-3-4config-percase.pdf},x86 sorted_rule_binary_search native_kernel plotted speedup,bar (value derived below),micro/results/x86_kvm_micro_20260526_210952_650695,micro/results/x86_kvm_micro_20260526_210952_650695,yes,2026-05-26T21:09:52.650695+00:00,x86_kvm_micro; CPU Intel(R) Core(TM) Ultra 9 285K,unknown,completed,bpf-benchmark/docs/archive/shared/plot_micro_characterization_20260527.py; paper-provenance/scripts/plot_characterization_pure_percase.py (older 29-case source; final 27-case/4config generator not retained),yes,1.913043478,recomputed; figure legends match; bars visually consistent,median kernel/path exec_ns; each ARM path has its own baseline,"Final figure is sec-3-4config-percase.pdf, introduced June10; updated generating script not tracked.",recomputed from data/,3,\includegraphics[width=\textwidth]{figures/sec-3-4config-percase.pdf}
C0118,current,body,figure bar,paper/figures/sec-3-pure-bytecode-percase.tex,3,\includegraphics[width=\textwidth]{figures/sec-3-4config-percase.pdf},x86 tc_packet_checksum_fold native_kernel plotted speedup,bar (value derived below),micro/results/x86_kvm_micro_20260526_210952_650695,micro/results/x86_kvm_micro_20260526_210952_650695,yes,2026-05-26T21:09:52.650695+00:00,x86_kvm_micro; CPU Intel(R) Core(TM) Ultra 9 285K,unknown,completed,bpf-benchmark/docs/archive/shared/plot_micro_characterization_20260527.py; paper-provenance/scripts/plot_characterization_pure_percase.py (older 29-case source; final 27-case/4config generator not retained),yes,1.334695731,recomputed; figure legends match; bars visually consistent,median kernel/path exec_ns; each ARM path has its own baseline,"Final figure is sec-3-4config-percase.pdf, introduced June10; updated generating script not tracked.",recomputed from data/,3,\includegraphics[width=\textwidth]{figures/sec-3-4config-percase.pdf}
C0119,current,body,figure bar,paper/figures/sec-3-pure-bytecode-percase.tex,3,\includegraphics[width=\textwidth]{figures/sec-3-4config-percase.pdf},x86 tetragon_process_event_arg_filter native_kernel plotted speedup,bar (value derived below),micro/results/x86_kvm_micro_20260526_210952_650695,micro/results/x86_kvm_micro_20260526_210952_650695,yes,2026-05-26T21:09:52.650695+00:00,x86_kvm_micro; CPU Intel(R) Core(TM) Ultra 9 285K,unknown,completed,bpf-benchmark/docs/archive/shared/plot_micro_characterization_20260527.py; paper-provenance/scripts/plot_characterization_pure_percase.py (older 29-case source; final 27-case/4config generator not retained),yes,1.914285714,recomputed; figure legends match; bars visually consistent,median kernel/path exec_ns; each ARM path has its own baseline,"Final figure is sec-3-4config-percase.pdf, introduced June10; updated generating script not tracked.",recomputed from data/,3,\includegraphics[width=\textwidth]{figures/sec-3-4config-percase.pdf}
C0120,current,body,figure bar,paper/figures/sec-3-pure-bytecode-percase.tex,3,\includegraphics[width=\textwidth]{figures/sec-3-4config-percase.pdf},x86 trace_event_type_switch_dispatch native_kernel plotted speedup,bar (value derived below),micro/results/x86_kvm_micro_20260526_210952_650695,micro/results/x86_kvm_micro_20260526_210952_650695,yes,2026-05-26T21:09:52.650695+00:00,x86_kvm_micro; CPU Intel(R) Core(TM) Ultra 9 285K,unknown,completed,bpf-benchmark/docs/archive/shared/plot_micro_characterization_20260527.py; paper-provenance/scripts/plot_characterization_pure_percase.py (older 29-case source; final 27-case/4config generator not retained),yes,0.996415771,recomputed; figure legends match; bars visually consistent,median kernel/path exec_ns; each ARM path has its own baseline,"Final figure is sec-3-4config-percase.pdf, introduced June10; updated generating script not tracked.",recomputed from data/,3,\includegraphics[width=\textwidth]{figures/sec-3-4config-percase.pdf}
C0121,current,body,figure bar,paper/figures/sec-3-pure-bytecode-percase.tex,3,\includegraphics[width=\textwidth]{figures/sec-3-4config-percase.pdf},x86 tracee_http_method_prefix_detect native_kernel plotted speedup,bar (value derived below),micro/results/x86_kvm_micro_20260526_210952_650695,micro/results/x86_kvm_micro_20260526_210952_650695,yes,2026-05-26T21:09:52.650695+00:00,x86_kvm_micro; CPU Intel(R) Core(TM) Ultra 9 285K,unknown,completed,bpf-benchmark/docs/archive/shared/plot_micro_characterization_20260527.py; paper-provenance/scripts/plot_characterization_pure_percase.py (older 29-case source; final 27-case/4config generator not retained),yes,1.055555556,recomputed; figure legends match; bars visually consistent,median kernel/path exec_ns; each ARM path has its own baseline,"Final figure is sec-3-4config-percase.pdf, introduced June10; updated generating script not tracked.",recomputed from data/,3,\includegraphics[width=\textwidth]{figures/sec-3-4config-percase.pdf}
C0122,current,body,figure bar,paper/figures/sec-3-pure-bytecode-percase.tex,3,\includegraphics[width=\textwidth]{figures/sec-3-4config-percase.pdf},x86 tracee_syscall_name_table_lookup native_kernel plotted speedup,bar (value derived below),micro/results/x86_kvm_micro_20260526_210952_650695,micro/results/x86_kvm_micro_20260526_210952_650695,yes,2026-05-26T21:09:52.650695+00:00,x86_kvm_micro; CPU Intel(R) Core(TM) Ultra 9 285K,unknown,completed,bpf-benchmark/docs/archive/shared/plot_micro_characterization_20260527.py; paper-provenance/scripts/plot_characterization_pure_percase.py (older 29-case source; final 27-case/4config generator not retained),yes,1.181818182,recomputed; figure legends match; bars visually consistent,median kernel/path exec_ns; each ARM path has its own baseline,"Final figure is sec-3-4config-percase.pdf, introduced June10; updated generating script not tracked.",recomputed from data/,3,\includegraphics[width=\textwidth]{figures/sec-3-4config-percase.pdf}
C0123,current,body,figure bar,paper/figures/sec-3-pure-bytecode-percase.tex,3,\includegraphics[width=\textwidth]{figures/sec-3-4config-percase.pdf},x86 bcc_runqlat_log2_histogram_bucket native plotted speedup,bar (value derived below),micro/results/x86_kvm_micro_20260526_210952_650695,micro/results/x86_kvm_micro_20260526_210952_650695,yes,2026-05-26T21:09:52.650695+00:00,x86_kvm_micro; CPU Intel(R) Core(TM) Ultra 9 285K,unknown,completed,bpf-benchmark/docs/archive/shared/plot_micro_characterization_20260527.py; paper-provenance/scripts/plot_characterization_pure_percase.py (older 29-case source; final 27-case/4config generator not retained),yes,1.177908113,recomputed; figure legends match; bars visually consistent,median kernel/path exec_ns; each ARM path has its own baseline,"Final figure is sec-3-4config-percase.pdf, introduced June10; updated generating script not tracked.",recomputed from data/,3,\includegraphics[width=\textwidth]{figures/sec-3-4config-percase.pdf}
C0124,current,body,figure bar,paper/figures/sec-3-pure-bytecode-percase.tex,3,\includegraphics[width=\textwidth]{figures/sec-3-4config-percase.pdf},x86 bcc_tcpconnect_ipv4_tuple_filter native plotted speedup,bar (value derived below),micro/results/x86_kvm_micro_20260526_210952_650695,micro/results/x86_kvm_micro_20260526_210952_650695,yes,2026-05-26T21:09:52.650695+00:00,x86_kvm_micro; CPU Intel(R) Core(TM) Ultra 9 285K,unknown,completed,bpf-benchmark/docs/archive/shared/plot_micro_characterization_20260527.py; paper-provenance/scripts/plot_characterization_pure_percase.py (older 29-case source; final 27-case/4config generator not retained),yes,1.779661017,recomputed; figure legends match; bars visually consistent,median kernel/path exec_ns; each ARM path has its own baseline,"Final figure is sec-3-4config-percase.pdf, introduced June10; updated generating script not tracked.",recomputed from data/,3,\includegraphics[width=\textwidth]{figures/sec-3-4config-percase.pdf}
C0125,current,body,figure bar,paper/figures/sec-3-pure-bytecode-percase.tex,3,\includegraphics[width=\textwidth]{figures/sec-3-4config-percase.pdf},x86 bitmap_popcount_scan native plotted speedup,bar (value derived below),micro/results/x86_kvm_micro_20260526_210952_650695,micro/results/x86_kvm_micro_20260526_210952_650695,yes,2026-05-26T21:09:52.650695+00:00,x86_kvm_micro; CPU Intel(R) Core(TM) Ultra 9 285K,unknown,completed,bpf-benchmark/docs/archive/shared/plot_micro_characterization_20260527.py; paper-provenance/scripts/plot_characterization_pure_percase.py (older 29-case source; final 27-case/4config generator not retained),yes,2.388412017,recomputed; figure legends match; bars visually consistent,median kernel/path exec_ns; each ARM path has its own baseline,"Final figure is sec-3-4config-percase.pdf, introduced June10; updated generating script not tracked.",recomputed from data/,3,\includegraphics[width=\textwidth]{figures/sec-3-4config-percase.pdf}
C0126,current,body,figure bar,paper/figures/sec-3-pure-bytecode-percase.tex,3,\includegraphics[width=\textwidth]{figures/sec-3-4config-percase.pdf},x86 bpf_local_call_fanout_dispatch native plotted speedup,bar (value derived below),micro/results/x86_kvm_micro_20260526_210952_650695,micro/results/x86_kvm_micro_20260526_210952_650695,yes,2026-05-26T21:09:52.650695+00:00,x86_kvm_micro; CPU Intel(R) Core(TM) Ultra 9 285K,unknown,completed,bpf-benchmark/docs/archive/shared/plot_micro_characterization_20260527.py; paper-provenance/scripts/plot_characterization_pure_percase.py (older 29-case source; final 27-case/4config generator not retained),yes,1.850746269,recomputed; figure legends match; bars visually consistent,median kernel/path exec_ns; each ARM path has its own baseline,"Final figure is sec-3-4config-percase.pdf, introduced June10; updated generating script not tracked.",recomputed from data/,3,\includegraphics[width=\textwidth]{figures/sec-3-4config-percase.pdf}
C0127,current,body,figure bar,paper/figures/sec-3-pure-bytecode-percase.tex,3,\includegraphics[width=\textwidth]{figures/sec-3-4config-percase.pdf},x86 bpftrace_comm_key_fnv_hash native plotted speedup,bar (value derived below),micro/results/x86_kvm_micro_20260526_210952_650695,micro/results/x86_kvm_micro_20260526_210952_650695,yes,2026-05-26T21:09:52.650695+00:00,x86_kvm_micro; CPU Intel(R) Core(TM) Ultra 9 285K,unknown,completed,bpf-benchmark/docs/archive/shared/plot_micro_characterization_20260527.py; paper-provenance/scripts/plot_characterization_pure_percase.py (older 29-case source; final 27-case/4config generator not retained),yes,0.590785908,recomputed; figure legends match; bars visually consistent,median kernel/path exec_ns; each ARM path has its own baseline,"Final figure is sec-3-4config-percase.pdf, introduced June10; updated generating script not tracked.",recomputed from data/,3,\includegraphics[width=\textwidth]{figures/sec-3-4config-percase.pdf}
C0128,current,body,figure bar,paper/figures/sec-3-pure-bytecode-percase.tex,3,\includegraphics[width=\textwidth]{figures/sec-3-4config-percase.pdf},x86 bpftrace_string_search_prefix_scan native plotted speedup,bar (value derived below),micro/results/x86_kvm_micro_20260526_210952_650695,micro/results/x86_kvm_micro_20260526_210952_650695,yes,2026-05-26T21:09:52.650695+00:00,x86_kvm_micro; CPU Intel(R) Core(TM) Ultra 9 285K,unknown,completed,bpf-benchmark/docs/archive/shared/plot_micro_characterization_20260527.py; paper-provenance/scripts/plot_characterization_pure_percase.py (older 29-case source; final 27-case/4config generator not retained),yes,1.757009346,recomputed; figure legends match; bars visually consistent,median kernel/path exec_ns; each ARM path has its own baseline,"Final figure is sec-3-4config-percase.pdf, introduced June10; updated generating script not tracked.",recomputed from data/,3,\includegraphics[width=\textwidth]{figures/sec-3-4config-percase.pdf}
C0129,current,body,figure bar,paper/figures/sec-3-pure-bytecode-percase.tex,3,\includegraphics[width=\textwidth]{figures/sec-3-4config-percase.pdf},x86 cgroup_skb_hash_chain native plotted speedup,bar (value derived below),micro/results/x86_kvm_micro_20260526_210952_650695,micro/results/x86_kvm_micro_20260526_210952_650695,yes,2026-05-26T21:09:52.650695+00:00,x86_kvm_micro; CPU Intel(R) Core(TM) Ultra 9 285K,unknown,completed,bpf-benchmark/docs/archive/shared/plot_micro_characterization_20260527.py; paper-provenance/scripts/plot_characterization_pure_percase.py (older 29-case source; final 27-case/4config generator not retained),yes,1.437185930,recomputed; figure legends match; bars visually consistent,median kernel/path exec_ns; each ARM path has its own baseline,"Final figure is sec-3-4config-percase.pdf, introduced June10; updated generating script not tracked.",recomputed from data/,3,\includegraphics[width=\textwidth]{figures/sec-3-4config-percase.pdf}
C0130,current,body,figure bar,paper/figures/sec-3-pure-bytecode-percase.tex,3,\includegraphics[width=\textwidth]{figures/sec-3-4config-percase.pdf},x86 cilium_ct_nat_tuple_rewrite native plotted speedup,bar (value derived below),micro/results/x86_kvm_micro_20260526_210952_650695,micro/results/x86_kvm_micro_20260526_210952_650695,yes,2026-05-26T21:09:52.650695+00:00,x86_kvm_micro; CPU Intel(R) Core(TM) Ultra 9 285K,unknown,completed,bpf-benchmark/docs/archive/shared/plot_micro_characterization_20260527.py; paper-provenance/scripts/plot_characterization_pure_percase.py (older 29-case source; final 27-case/4config generator not retained),yes,2.041666667,recomputed; figure legends match; bars visually consistent,median kernel/path exec_ns; each ARM path has its own baseline,"Final figure is sec-3-4config-percase.pdf, introduced June10; updated generating script not tracked.",recomputed from data/,3,\includegraphics[width=\textwidth]{figures/sec-3-4config-percase.pdf}
C0131,current,body,figure bar,paper/figures/sec-3-pure-bytecode-percase.tex,3,\includegraphics[width=\textwidth]{figures/sec-3-4config-percase.pdf},x86 cilium_policy_guard_tree_filter native plotted speedup,bar (value derived below),micro/results/x86_kvm_micro_20260526_210952_650695,micro/results/x86_kvm_micro_20260526_210952_650695,yes,2026-05-26T21:09:52.650695+00:00,x86_kvm_micro; CPU Intel(R) Core(TM) Ultra 9 285K,unknown,completed,bpf-benchmark/docs/archive/shared/plot_micro_characterization_20260527.py; paper-provenance/scripts/plot_characterization_pure_percase.py (older 29-case source; final 27-case/4config generator not retained),yes,2.142857143,recomputed; figure legends match; bars visually consistent,median kernel/path exec_ns; each ARM path has its own baseline,"Final figure is sec-3-4config-percase.pdf, introduced June10; updated generating script not tracked.",recomputed from data/,3,\includegraphics[width=\textwidth]{figures/sec-3-4config-percase.pdf}
C0132,current,body,figure bar,paper/figures/sec-3-pure-bytecode-percase.tex,3,\includegraphics[width=\textwidth]{figures/sec-3-4config-percase.pdf},x86 cilium_socket_lb_service_select native plotted speedup,bar (value derived below),micro/results/x86_kvm_micro_20260526_210952_650695,micro/results/x86_kvm_micro_20260526_210952_650695,yes,2026-05-26T21:09:52.650695+00:00,x86_kvm_micro; CPU Intel(R) Core(TM) Ultra 9 285K,unknown,completed,bpf-benchmark/docs/archive/shared/plot_micro_characterization_20260527.py; paper-provenance/scripts/plot_characterization_pure_percase.py (older 29-case source; final 27-case/4config generator not retained),yes,2.189349112,recomputed; figure legends match; bars visually consistent,median kernel/path exec_ns; each ARM path has its own baseline,"Final figure is sec-3-4config-percase.pdf, introduced June10; updated generating script not tracked.",recomputed from data/,3,\includegraphics[width=\textwidth]{figures/sec-3-4config-percase.pdf}
C0133,current,body,figure bar,paper/figures/sec-3-pure-bytecode-percase.tex,3,\includegraphics[width=\textwidth]{figures/sec-3-4config-percase.pdf},x86 flow_5tuple_rss_hash native plotted speedup,bar (value derived below),micro/results/x86_kvm_micro_20260526_210952_650695,micro/results/x86_kvm_micro_20260526_210952_650695,yes,2026-05-26T21:09:52.650695+00:00,x86_kvm_micro; CPU Intel(R) Core(TM) Ultra 9 285K,unknown,completed,bpf-benchmark/docs/archive/shared/plot_micro_characterization_20260527.py; paper-provenance/scripts/plot_characterization_pure_percase.py (older 29-case source; final 27-case/4config generator not retained),yes,1.777777778,recomputed; figure legends match; bars visually consistent,median kernel/path exec_ns; each ARM path has its own baseline,"Final figure is sec-3-4config-percase.pdf, introduced June10; updated generating script not tracked.",recomputed from data/,3,\includegraphics[width=\textwidth]{figures/sec-3-4config-percase.pdf}
C0134,current,body,figure bar,paper/figures/sec-3-pure-bytecode-percase.tex,3,\includegraphics[width=\textwidth]{figures/sec-3-4config-percase.pdf},x86 flow_record_field_scan native plotted speedup,bar (value derived below),micro/results/x86_kvm_micro_20260526_210952_650695,micro/results/x86_kvm_micro_20260526_210952_650695,yes,2026-05-26T21:09:52.650695+00:00,x86_kvm_micro; CPU Intel(R) Core(TM) Ultra 9 285K,unknown,completed,bpf-benchmark/docs/archive/shared/plot_micro_characterization_20260527.py; paper-provenance/scripts/plot_characterization_pure_percase.py (older 29-case source; final 27-case/4config generator not retained),yes,1.652173913,recomputed; figure legends match; bars visually consistent,median kernel/path exec_ns; each ARM path has its own baseline,"Final figure is sec-3-4config-percase.pdf, introduced June10; updated generating script not tracked.",recomputed from data/,3,\includegraphics[width=\textwidth]{figures/sec-3-4config-percase.pdf}
C0135,current,body,figure bar,paper/figures/sec-3-pure-bytecode-percase.tex,3,\includegraphics[width=\textwidth]{figures/sec-3-4config-percase.pdf},x86 katran_lb_consistent_hash_select native plotted speedup,bar (value derived below),micro/results/x86_kvm_micro_20260526_210952_650695,micro/results/x86_kvm_micro_20260526_210952_650695,yes,2026-05-26T21:09:52.650695+00:00,x86_kvm_micro; CPU Intel(R) Core(TM) Ultra 9 285K,unknown,completed,bpf-benchmark/docs/archive/shared/plot_micro_characterization_20260527.py; paper-provenance/scripts/plot_characterization_pure_percase.py (older 29-case source; final 27-case/4config generator not retained),yes,1.833333333,recomputed; figure legends match; bars visually consistent,median kernel/path exec_ns; each ARM path has its own baseline,"Final figure is sec-3-4config-percase.pdf, introduced June10; updated generating script not tracked.",recomputed from data/,3,\includegraphics[width=\textwidth]{figures/sec-3-4config-percase.pdf}
C0136,current,body,figure bar,paper/figures/sec-3-pure-bytecode-percase.tex,3,\includegraphics[width=\textwidth]{figures/sec-3-4config-percase.pdf},x86 otel_stack_frame_unwind_scan native plotted speedup,bar (value derived below),micro/results/x86_kvm_micro_20260526_210952_650695,micro/results/x86_kvm_micro_20260526_210952_650695,yes,2026-05-26T21:09:52.650695+00:00,x86_kvm_micro; CPU Intel(R) Core(TM) Ultra 9 285K,unknown,completed,bpf-benchmark/docs/archive/shared/plot_micro_characterization_20260527.py; paper-provenance/scripts/plot_characterization_pure_percase.py (older 29-case source; final 27-case/4config generator not retained),yes,2.800000000,recomputed; figure legends match; bars visually consistent,median kernel/path exec_ns; each ARM path has its own baseline,"Final figure is sec-3-4config-percase.pdf, introduced June10; updated generating script not tracked.",recomputed from data/,3,\includegraphics[width=\textwidth]{figures/sec-3-4config-percase.pdf}
C0137,current,body,figure bar,paper/figures/sec-3-pure-bytecode-percase.tex,3,\includegraphics[width=\textwidth]{figures/sec-3-4config-percase.pdf},x86 packed_header_bitfield_decode native plotted speedup,bar (value derived below),micro/results/x86_kvm_micro_20260526_210952_650695,micro/results/x86_kvm_micro_20260526_210952_650695,yes,2026-05-26T21:09:52.650695+00:00,x86_kvm_micro; CPU Intel(R) Core(TM) Ultra 9 285K,unknown,completed,bpf-benchmark/docs/archive/shared/plot_micro_characterization_20260527.py; paper-provenance/scripts/plot_characterization_pure_percase.py (older 29-case source; final 27-case/4config generator not retained),yes,1.162303665,recomputed; figure legends match; bars visually consistent,median kernel/path exec_ns; each ARM path has its own baseline,"Final figure is sec-3-4config-percase.pdf, introduced June10; updated generating script not tracked.",recomputed from data/,3,\includegraphics[width=\textwidth]{figures/sec-3-4config-percase.pdf}
C0138,current,body,figure bar,paper/figures/sec-3-pure-bytecode-percase.tex,3,\includegraphics[width=\textwidth]{figures/sec-3-4config-percase.pdf},x86 packet_checksum_fold native plotted speedup,bar (value derived below),micro/results/x86_kvm_micro_20260526_210952_650695,micro/results/x86_kvm_micro_20260526_210952_650695,yes,2026-05-26T21:09:52.650695+00:00,x86_kvm_micro; CPU Intel(R) Core(TM) Ultra 9 285K,unknown,completed,bpf-benchmark/docs/archive/shared/plot_micro_characterization_20260527.py; paper-provenance/scripts/plot_characterization_pure_percase.py (older 29-case source; final 27-case/4config generator not retained),yes,1.335808456,recomputed; figure legends match; bars visually consistent,median kernel/path exec_ns; each ARM path has its own baseline,"Final figure is sec-3-4config-percase.pdf, introduced June10; updated generating script not tracked.",recomputed from data/,3,\includegraphics[width=\textwidth]{figures/sec-3-4config-percase.pdf}
C0139,current,body,figure bar,paper/figures/sec-3-pure-bytecode-percase.tex,3,\includegraphics[width=\textwidth]{figures/sec-3-4config-percase.pdf},x86 packet_record_bounds_window native plotted speedup,bar (value derived below),micro/results/x86_kvm_micro_20260526_210952_650695,micro/results/x86_kvm_micro_20260526_210952_650695,yes,2026-05-26T21:09:52.650695+00:00,x86_kvm_micro; CPU Intel(R) Core(TM) Ultra 9 285K,unknown,completed,bpf-benchmark/docs/archive/shared/plot_micro_characterization_20260527.py; paper-provenance/scripts/plot_characterization_pure_percase.py (older 29-case source; final 27-case/4config generator not retained),yes,1.903225806,recomputed; figure legends match; bars visually consistent,median kernel/path exec_ns; each ARM path has its own baseline,"Final figure is sec-3-4config-percase.pdf, introduced June10; updated generating script not tracked.",recomputed from data/,3,\includegraphics[width=\textwidth]{figures/sec-3-4config-percase.pdf}
C0140,current,body,figure bar,paper/figures/sec-3-pure-bytecode-percase.tex,3,\includegraphics[width=\textwidth]{figures/sec-3-4config-percase.pdf},x86 packet_toeplitz_rss_hash native plotted speedup,bar (value derived below),micro/results/x86_kvm_micro_20260526_210952_650695,micro/results/x86_kvm_micro_20260526_210952_650695,yes,2026-05-26T21:09:52.650695+00:00,x86_kvm_micro; CPU Intel(R) Core(TM) Ultra 9 285K,unknown,completed,bpf-benchmark/docs/archive/shared/plot_micro_characterization_20260527.py; paper-provenance/scripts/plot_characterization_pure_percase.py (older 29-case source; final 27-case/4config generator not retained),yes,1.166666667,recomputed; figure legends match; bars visually consistent,median kernel/path exec_ns; each ARM path has its own baseline,"Final figure is sec-3-4config-percase.pdf, introduced June10; updated generating script not tracked.",recomputed from data/,3,\includegraphics[width=\textwidth]{figures/sec-3-4config-percase.pdf}
C0141,current,body,figure bar,paper/figures/sec-3-pure-bytecode-percase.tex,3,\includegraphics[width=\textwidth]{figures/sec-3-4config-percase.pdf},x86 packet_vlan_tcpopt_parser native plotted speedup,bar (value derived below),micro/results/x86_kvm_micro_20260526_210952_650695,micro/results/x86_kvm_micro_20260526_210952_650695,yes,2026-05-26T21:09:52.650695+00:00,x86_kvm_micro; CPU Intel(R) Core(TM) Ultra 9 285K,unknown,completed,bpf-benchmark/docs/archive/shared/plot_micro_characterization_20260527.py; paper-provenance/scripts/plot_characterization_pure_percase.py (older 29-case source; final 27-case/4config generator not retained),yes,1.500000000,recomputed; figure legends match; bars visually consistent,median kernel/path exec_ns; each ARM path has its own baseline,"Final figure is sec-3-4config-percase.pdf, introduced June10; updated generating script not tracked.",recomputed from data/,3,\includegraphics[width=\textwidth]{figures/sec-3-4config-percase.pdf}
C0142,current,body,figure bar,paper/figures/sec-3-pure-bytecode-percase.tex,3,\includegraphics[width=\textwidth]{figures/sec-3-4config-percase.pdf},x86 payload_prefix_memcmp_scan native plotted speedup,bar (value derived below),micro/results/x86_kvm_micro_20260526_210952_650695,micro/results/x86_kvm_micro_20260526_210952_650695,yes,2026-05-26T21:09:52.650695+00:00,x86_kvm_micro; CPU Intel(R) Core(TM) Ultra 9 285K,unknown,completed,bpf-benchmark/docs/archive/shared/plot_micro_characterization_20260527.py; paper-provenance/scripts/plot_characterization_pure_percase.py (older 29-case source; final 27-case/4config generator not retained),yes,1.977272727,recomputed; figure legends match; bars visually consistent,median kernel/path exec_ns; each ARM path has its own baseline,"Final figure is sec-3-4config-percase.pdf, introduced June10; updated generating script not tracked.",recomputed from data/,3,\includegraphics[width=\textwidth]{figures/sec-3-4config-percase.pdf}
C0143,current,body,figure bar,paper/figures/sec-3-pure-bytecode-percase.tex,3,\includegraphics[width=\textwidth]{figures/sec-3-4config-percase.pdf},x86 siphash_rotate64_mixer native plotted speedup,bar (value derived below),micro/results/x86_kvm_micro_20260526_210952_650695,micro/results/x86_kvm_micro_20260526_210952_650695,yes,2026-05-26T21:09:52.650695+00:00,x86_kvm_micro; CPU Intel(R) Core(TM) Ultra 9 285K,unknown,completed,bpf-benchmark/docs/archive/shared/plot_micro_characterization_20260527.py; paper-provenance/scripts/plot_characterization_pure_percase.py (older 29-case source; final 27-case/4config generator not retained),yes,2.076923077,recomputed; figure legends match; bars visually consistent,median kernel/path exec_ns; each ARM path has its own baseline,"Final figure is sec-3-4config-percase.pdf, introduced June10; updated generating script not tracked.",recomputed from data/,3,\includegraphics[width=\textwidth]{figures/sec-3-4config-percase.pdf}
C0144,current,body,figure bar,paper/figures/sec-3-pure-bytecode-percase.tex,3,\includegraphics[width=\textwidth]{figures/sec-3-4config-percase.pdf},x86 sorted_rule_binary_search native plotted speedup,bar (value derived below),micro/results/x86_kvm_micro_20260526_210952_650695,micro/results/x86_kvm_micro_20260526_210952_650695,yes,2026-05-26T21:09:52.650695+00:00,x86_kvm_micro; CPU Intel(R) Core(TM) Ultra 9 285K,unknown,completed,bpf-benchmark/docs/archive/shared/plot_micro_characterization_20260527.py; paper-provenance/scripts/plot_characterization_pure_percase.py (older 29-case source; final 27-case/4config generator not retained),yes,1.323308271,recomputed; figure legends match; bars visually consistent,median kernel/path exec_ns; each ARM path has its own baseline,"Final figure is sec-3-4config-percase.pdf, introduced June10; updated generating script not tracked.",recomputed from data/,3,\includegraphics[width=\textwidth]{figures/sec-3-4config-percase.pdf}
C0145,current,body,figure bar,paper/figures/sec-3-pure-bytecode-percase.tex,3,\includegraphics[width=\textwidth]{figures/sec-3-4config-percase.pdf},x86 tc_packet_checksum_fold native plotted speedup,bar (value derived below),micro/results/x86_kvm_micro_20260526_210952_650695,micro/results/x86_kvm_micro_20260526_210952_650695,yes,2026-05-26T21:09:52.650695+00:00,x86_kvm_micro; CPU Intel(R) Core(TM) Ultra 9 285K,unknown,completed,bpf-benchmark/docs/archive/shared/plot_micro_characterization_20260527.py; paper-provenance/scripts/plot_characterization_pure_percase.py (older 29-case source; final 27-case/4config generator not retained),yes,1.335099939,recomputed; figure legends match; bars visually consistent,median kernel/path exec_ns; each ARM path has its own baseline,"Final figure is sec-3-4config-percase.pdf, introduced June10; updated generating script not tracked.",recomputed from data/,3,\includegraphics[width=\textwidth]{figures/sec-3-4config-percase.pdf}
C0146,current,body,figure bar,paper/figures/sec-3-pure-bytecode-percase.tex,3,\includegraphics[width=\textwidth]{figures/sec-3-4config-percase.pdf},x86 tetragon_process_event_arg_filter native plotted speedup,bar (value derived below),micro/results/x86_kvm_micro_20260526_210952_650695,micro/results/x86_kvm_micro_20260526_210952_650695,yes,2026-05-26T21:09:52.650695+00:00,x86_kvm_micro; CPU Intel(R) Core(TM) Ultra 9 285K,unknown,completed,bpf-benchmark/docs/archive/shared/plot_micro_characterization_20260527.py; paper-provenance/scripts/plot_characterization_pure_percase.py (older 29-case source; final 27-case/4config generator not retained),yes,1.970588235,recomputed; figure legends match; bars visually consistent,median kernel/path exec_ns; each ARM path has its own baseline,"Final figure is sec-3-4config-percase.pdf, introduced June10; updated generating script not tracked.",recomputed from data/,3,\includegraphics[width=\textwidth]{figures/sec-3-4config-percase.pdf}
C0147,current,body,figure bar,paper/figures/sec-3-pure-bytecode-percase.tex,3,\includegraphics[width=\textwidth]{figures/sec-3-4config-percase.pdf},x86 trace_event_type_switch_dispatch native plotted speedup,bar (value derived below),micro/results/x86_kvm_micro_20260526_210952_650695,micro/results/x86_kvm_micro_20260526_210952_650695,yes,2026-05-26T21:09:52.650695+00:00,x86_kvm_micro; CPU Intel(R) Core(TM) Ultra 9 285K,unknown,completed,bpf-benchmark/docs/archive/shared/plot_micro_characterization_20260527.py; paper-provenance/scripts/plot_characterization_pure_percase.py (older 29-case source; final 27-case/4config generator not retained),yes,1.000000000,recomputed; figure legends match; bars visually consistent,median kernel/path exec_ns; each ARM path has its own baseline,"Final figure is sec-3-4config-percase.pdf, introduced June10; updated generating script not tracked.",recomputed from data/,3,\includegraphics[width=\textwidth]{figures/sec-3-4config-percase.pdf}
C0148,current,body,figure bar,paper/figures/sec-3-pure-bytecode-percase.tex,3,\includegraphics[width=\textwidth]{figures/sec-3-4config-percase.pdf},x86 tracee_http_method_prefix_detect native plotted speedup,bar (value derived below),micro/results/x86_kvm_micro_20260526_210952_650695,micro/results/x86_kvm_micro_20260526_210952_650695,yes,2026-05-26T21:09:52.650695+00:00,x86_kvm_micro; CPU Intel(R) Core(TM) Ultra 9 285K,unknown,completed,bpf-benchmark/docs/archive/shared/plot_micro_characterization_20260527.py; paper-provenance/scripts/plot_characterization_pure_percase.py (older 29-case source; final 27-case/4config generator not retained),yes,1.187500000,recomputed; figure legends match; bars visually consistent,median kernel/path exec_ns; each ARM path has its own baseline,"Final figure is sec-3-4config-percase.pdf, introduced June10; updated generating script not tracked.",recomputed from data/,3,\includegraphics[width=\textwidth]{figures/sec-3-4config-percase.pdf}
C0149,current,body,figure bar,paper/figures/sec-3-pure-bytecode-percase.tex,3,\includegraphics[width=\textwidth]{figures/sec-3-4config-percase.pdf},x86 tracee_syscall_name_table_lookup native plotted speedup,bar (value derived below),micro/results/x86_kvm_micro_20260526_210952_650695,micro/results/x86_kvm_micro_20260526_210952_650695,yes,2026-05-26T21:09:52.650695+00:00,x86_kvm_micro; CPU Intel(R) Core(TM) Ultra 9 285K,unknown,completed,bpf-benchmark/docs/archive/shared/plot_micro_characterization_20260527.py; paper-provenance/scripts/plot_characterization_pure_percase.py (older 29-case source; final 27-case/4config generator not retained),yes,1.206185567,recomputed; figure legends match; bars visually consistent,median kernel/path exec_ns; each ARM path has its own baseline,"Final figure is sec-3-4config-percase.pdf, introduced June10; updated generating script not tracked.",recomputed from data/,3,\includegraphics[width=\textwidth]{figures/sec-3-4config-percase.pdf}
C0150,current,body,figure bar,paper/figures/sec-3-pure-bytecode-percase.tex,3,\includegraphics[width=\textwidth]{figures/sec-3-4config-percase.pdf},x86 bcc_runqlat_log2_histogram_bucket llvmbpf plotted speedup,bar (value derived below),micro/results/x86_kvm_micro_20260526_210952_650695,micro/results/x86_kvm_micro_20260526_210952_650695,yes,2026-05-26T21:09:52.650695+00:00,x86_kvm_micro; CPU Intel(R) Core(TM) Ultra 9 285K,unknown,completed,bpf-benchmark/docs/archive/shared/plot_micro_characterization_20260527.py; paper-provenance/scripts/plot_characterization_pure_percase.py (older 29-case source; final 27-case/4config generator not retained),yes,1.238437821,recomputed; figure legends match; bars visually consistent,median kernel/path exec_ns; each ARM path has its own baseline,"Final figure is sec-3-4config-percase.pdf, introduced June10; updated generating script not tracked.",recomputed from data/,3,\includegraphics[width=\textwidth]{figures/sec-3-4config-percase.pdf}
C0151,current,body,figure bar,paper/figures/sec-3-pure-bytecode-percase.tex,3,\includegraphics[width=\textwidth]{figures/sec-3-4config-percase.pdf},x86 bcc_tcpconnect_ipv4_tuple_filter llvmbpf plotted speedup,bar (value derived below),micro/results/x86_kvm_micro_20260526_210952_650695,micro/results/x86_kvm_micro_20260526_210952_650695,yes,2026-05-26T21:09:52.650695+00:00,x86_kvm_micro; CPU Intel(R) Core(TM) Ultra 9 285K,unknown,completed,bpf-benchmark/docs/archive/shared/plot_micro_characterization_20260527.py; paper-provenance/scripts/plot_characterization_pure_percase.py (older 29-case source; final 27-case/4config generator not retained),yes,1.458333333,recomputed; figure legends match; bars visually consistent,median kernel/path exec_ns; each ARM path has its own baseline,"Final figure is sec-3-4config-percase.pdf, introduced June10; updated generating script not tracked.",recomputed from data/,3,\includegraphics[width=\textwidth]{figures/sec-3-4config-percase.pdf}
C0152,current,body,figure bar,paper/figures/sec-3-pure-bytecode-percase.tex,3,\includegraphics[width=\textwidth]{figures/sec-3-4config-percase.pdf},x86 bitmap_popcount_scan llvmbpf plotted speedup,bar (value derived below),micro/results/x86_kvm_micro_20260526_210952_650695,micro/results/x86_kvm_micro_20260526_210952_650695,yes,2026-05-26T21:09:52.650695+00:00,x86_kvm_micro; CPU Intel(R) Core(TM) Ultra 9 285K,unknown,completed,bpf-benchmark/docs/archive/shared/plot_micro_characterization_20260527.py; paper-provenance/scripts/plot_characterization_pure_percase.py (older 29-case source; final 27-case/4config generator not retained),yes,2.383297645,recomputed; figure legends match; bars visually consistent,median kernel/path exec_ns; each ARM path has its own baseline,"Final figure is sec-3-4config-percase.pdf, introduced June10; updated generating script not tracked.",recomputed from data/,3,\includegraphics[width=\textwidth]{figures/sec-3-4config-percase.pdf}
C0153,current,body,figure bar,paper/figures/sec-3-pure-bytecode-percase.tex,3,\includegraphics[width=\textwidth]{figures/sec-3-4config-percase.pdf},x86 bpf_local_call_fanout_dispatch llvmbpf plotted speedup,bar (value derived below),micro/results/x86_kvm_micro_20260526_210952_650695,micro/results/x86_kvm_micro_20260526_210952_650695,yes,2026-05-26T21:09:52.650695+00:00,x86_kvm_micro; CPU Intel(R) Core(TM) Ultra 9 285K,unknown,completed,bpf-benchmark/docs/archive/shared/plot_micro_characterization_20260527.py; paper-provenance/scripts/plot_characterization_pure_percase.py (older 29-case source; final 27-case/4config generator not retained),yes,1.850746269,recomputed; figure legends match; bars visually consistent,median kernel/path exec_ns; each ARM path has its own baseline,"Final figure is sec-3-4config-percase.pdf, introduced June10; updated generating script not tracked.",recomputed from data/,3,\includegraphics[width=\textwidth]{figures/sec-3-4config-percase.pdf}
C0154,current,body,figure bar,paper/figures/sec-3-pure-bytecode-percase.tex,3,\includegraphics[width=\textwidth]{figures/sec-3-4config-percase.pdf},x86 bpftrace_comm_key_fnv_hash llvmbpf plotted speedup,bar (value derived below),micro/results/x86_kvm_micro_20260526_210952_650695,micro/results/x86_kvm_micro_20260526_210952_650695,yes,2026-05-26T21:09:52.650695+00:00,x86_kvm_micro; CPU Intel(R) Core(TM) Ultra 9 285K,unknown,completed,bpf-benchmark/docs/archive/shared/plot_micro_characterization_20260527.py; paper-provenance/scripts/plot_characterization_pure_percase.py (older 29-case source; final 27-case/4config generator not retained),yes,0.986425339,recomputed; figure legends match; bars visually consistent,median kernel/path exec_ns; each ARM path has its own baseline,"Final figure is sec-3-4config-percase.pdf, introduced June10; updated generating script not tracked.",recomputed from data/,3,\includegraphics[width=\textwidth]{figures/sec-3-4config-percase.pdf}
C0155,current,body,figure bar,paper/figures/sec-3-pure-bytecode-percase.tex,3,\includegraphics[width=\textwidth]{figures/sec-3-4config-percase.pdf},x86 bpftrace_string_search_prefix_scan llvmbpf plotted speedup,bar (value derived below),micro/results/x86_kvm_micro_20260526_210952_650695,micro/results/x86_kvm_micro_20260526_210952_650695,yes,2026-05-26T21:09:52.650695+00:00,x86_kvm_micro; CPU Intel(R) Core(TM) Ultra 9 285K,unknown,completed,bpf-benchmark/docs/archive/shared/plot_micro_characterization_20260527.py; paper-provenance/scripts/plot_characterization_pure_percase.py (older 29-case source; final 27-case/4config generator not retained),yes,1.898989899,recomputed; figure legends match; bars visually consistent,median kernel/path exec_ns; each ARM path has its own baseline,"Final figure is sec-3-4config-percase.pdf, introduced June10; updated generating script not tracked.",recomputed from data/,3,\includegraphics[width=\textwidth]{figures/sec-3-4config-percase.pdf}
C0156,current,body,figure bar,paper/figures/sec-3-pure-bytecode-percase.tex,3,\includegraphics[width=\textwidth]{figures/sec-3-4config-percase.pdf},x86 cgroup_skb_hash_chain llvmbpf plotted speedup,bar (value derived below),micro/results/x86_kvm_micro_20260526_210952_650695,micro/results/x86_kvm_micro_20260526_210952_650695,yes,2026-05-26T21:09:52.650695+00:00,x86_kvm_micro; CPU Intel(R) Core(TM) Ultra 9 285K,unknown,completed,bpf-benchmark/docs/archive/shared/plot_micro_characterization_20260527.py; paper-provenance/scripts/plot_characterization_pure_percase.py (older 29-case source; final 27-case/4config generator not retained),yes,0.979452055,recomputed; figure legends match; bars visually consistent,median kernel/path exec_ns; each ARM path has its own baseline,"Final figure is sec-3-4config-percase.pdf, introduced June10; updated generating script not tracked.",recomputed from data/,3,\includegraphics[width=\textwidth]{figures/sec-3-4config-percase.pdf}
C0157,current,body,figure bar,paper/figures/sec-3-pure-bytecode-percase.tex,3,\includegraphics[width=\textwidth]{figures/sec-3-4config-percase.pdf},x86 cilium_ct_nat_tuple_rewrite llvmbpf plotted speedup,bar (value derived below),micro/results/x86_kvm_micro_20260526_210952_650695,micro/results/x86_kvm_micro_20260526_210952_650695,yes,2026-05-26T21:09:52.650695+00:00,x86_kvm_micro; CPU Intel(R) Core(TM) Ultra 9 285K,unknown,completed,bpf-benchmark/docs/archive/shared/plot_micro_characterization_20260527.py; paper-provenance/scripts/plot_characterization_pure_percase.py (older 29-case source; final 27-case/4config generator not retained),yes,1.986486486,recomputed; figure legends match; bars visually consistent,median kernel/path exec_ns; each ARM path has its own baseline,"Final figure is sec-3-4config-percase.pdf, introduced June10; updated generating script not tracked.",recomputed from data/,3,\includegraphics[width=\textwidth]{figures/sec-3-4config-percase.pdf}
C0158,current,body,figure bar,paper/figures/sec-3-pure-bytecode-percase.tex,3,\includegraphics[width=\textwidth]{figures/sec-3-4config-percase.pdf},x86 cilium_policy_guard_tree_filter llvmbpf plotted speedup,bar (value derived below),micro/results/x86_kvm_micro_20260526_210952_650695,micro/results/x86_kvm_micro_20260526_210952_650695,yes,2026-05-26T21:09:52.650695+00:00,x86_kvm_micro; CPU Intel(R) Core(TM) Ultra 9 285K,unknown,completed,bpf-benchmark/docs/archive/shared/plot_micro_characterization_20260527.py; paper-provenance/scripts/plot_characterization_pure_percase.py (older 29-case source; final 27-case/4config generator not retained),yes,1.744186047,recomputed; figure legends match; bars visually consistent,median kernel/path exec_ns; each ARM path has its own baseline,"Final figure is sec-3-4config-percase.pdf, introduced June10; updated generating script not tracked.",recomputed from data/,3,\includegraphics[width=\textwidth]{figures/sec-3-4config-percase.pdf}
C0159,current,body,figure bar,paper/figures/sec-3-pure-bytecode-percase.tex,3,\includegraphics[width=\textwidth]{figures/sec-3-4config-percase.pdf},x86 cilium_socket_lb_service_select llvmbpf plotted speedup,bar (value derived below),micro/results/x86_kvm_micro_20260526_210952_650695,micro/results/x86_kvm_micro_20260526_210952_650695,yes,2026-05-26T21:09:52.650695+00:00,x86_kvm_micro; CPU Intel(R) Core(TM) Ultra 9 285K,unknown,completed,bpf-benchmark/docs/archive/shared/plot_micro_characterization_20260527.py; paper-provenance/scripts/plot_characterization_pure_percase.py (older 29-case source; final 27-case/4config generator not retained),yes,2.102272727,recomputed; figure legends match; bars visually consistent,median kernel/path exec_ns; each ARM path has its own baseline,"Final figure is sec-3-4config-percase.pdf, introduced June10; updated generating script not tracked.",recomputed from data/,3,\includegraphics[width=\textwidth]{figures/sec-3-4config-percase.pdf}
C0160,current,body,figure bar,paper/figures/sec-3-pure-bytecode-percase.tex,3,\includegraphics[width=\textwidth]{figures/sec-3-4config-percase.pdf},x86 flow_5tuple_rss_hash llvmbpf plotted speedup,bar (value derived below),micro/results/x86_kvm_micro_20260526_210952_650695,micro/results/x86_kvm_micro_20260526_210952_650695,yes,2026-05-26T21:09:52.650695+00:00,x86_kvm_micro; CPU Intel(R) Core(TM) Ultra 9 285K,unknown,completed,bpf-benchmark/docs/archive/shared/plot_micro_characterization_20260527.py; paper-provenance/scripts/plot_characterization_pure_percase.py (older 29-case source; final 27-case/4config generator not retained),yes,1.333333333,recomputed; figure legends match; bars visually consistent,median kernel/path exec_ns; each ARM path has its own baseline,"Final figure is sec-3-4config-percase.pdf, introduced June10; updated generating script not tracked.",recomputed from data/,3,\includegraphics[width=\textwidth]{figures/sec-3-4config-percase.pdf}
C0161,current,body,figure bar,paper/figures/sec-3-pure-bytecode-percase.tex,3,\includegraphics[width=\textwidth]{figures/sec-3-4config-percase.pdf},x86 flow_record_field_scan llvmbpf plotted speedup,bar (value derived below),micro/results/x86_kvm_micro_20260526_210952_650695,micro/results/x86_kvm_micro_20260526_210952_650695,yes,2026-05-26T21:09:52.650695+00:00,x86_kvm_micro; CPU Intel(R) Core(TM) Ultra 9 285K,unknown,completed,bpf-benchmark/docs/archive/shared/plot_micro_characterization_20260527.py; paper-provenance/scripts/plot_characterization_pure_percase.py (older 29-case source; final 27-case/4config generator not retained),yes,1.617021277,recomputed; figure legends match; bars visually consistent,median kernel/path exec_ns; each ARM path has its own baseline,"Final figure is sec-3-4config-percase.pdf, introduced June10; updated generating script not tracked.",recomputed from data/,3,\includegraphics[width=\textwidth]{figures/sec-3-4config-percase.pdf}
C0162,current,body,figure bar,paper/figures/sec-3-pure-bytecode-percase.tex,3,\includegraphics[width=\textwidth]{figures/sec-3-4config-percase.pdf},x86 katran_lb_consistent_hash_select llvmbpf plotted speedup,bar (value derived below),micro/results/x86_kvm_micro_20260526_210952_650695,micro/results/x86_kvm_micro_20260526_210952_650695,yes,2026-05-26T21:09:52.650695+00:00,x86_kvm_micro; CPU Intel(R) Core(TM) Ultra 9 285K,unknown,completed,bpf-benchmark/docs/archive/shared/plot_micro_characterization_20260527.py; paper-provenance/scripts/plot_characterization_pure_percase.py (older 29-case source; final 27-case/4config generator not retained),yes,1.833333333,recomputed; figure legends match; bars visually consistent,median kernel/path exec_ns; each ARM path has its own baseline,"Final figure is sec-3-4config-percase.pdf, introduced June10; updated generating script not tracked.",recomputed from data/,3,\includegraphics[width=\textwidth]{figures/sec-3-4config-percase.pdf}
C0163,current,body,figure bar,paper/figures/sec-3-pure-bytecode-percase.tex,3,\includegraphics[width=\textwidth]{figures/sec-3-4config-percase.pdf},x86 otel_stack_frame_unwind_scan llvmbpf plotted speedup,bar (value derived below),micro/results/x86_kvm_micro_20260526_210952_650695,micro/results/x86_kvm_micro_20260526_210952_650695,yes,2026-05-26T21:09:52.650695+00:00,x86_kvm_micro; CPU Intel(R) Core(TM) Ultra 9 285K,unknown,completed,bpf-benchmark/docs/archive/shared/plot_micro_characterization_20260527.py; paper-provenance/scripts/plot_characterization_pure_percase.py (older 29-case source; final 27-case/4config generator not retained),yes,1.454545455,recomputed; figure legends match; bars visually consistent,median kernel/path exec_ns; each ARM path has its own baseline,"Final figure is sec-3-4config-percase.pdf, introduced June10; updated generating script not tracked.",recomputed from data/,3,\includegraphics[width=\textwidth]{figures/sec-3-4config-percase.pdf}
C0164,current,body,figure bar,paper/figures/sec-3-pure-bytecode-percase.tex,3,\includegraphics[width=\textwidth]{figures/sec-3-4config-percase.pdf},x86 packed_header_bitfield_decode llvmbpf plotted speedup,bar (value derived below),micro/results/x86_kvm_micro_20260526_210952_650695,micro/results/x86_kvm_micro_20260526_210952_650695,yes,2026-05-26T21:09:52.650695+00:00,x86_kvm_micro; CPU Intel(R) Core(TM) Ultra 9 285K,unknown,completed,bpf-benchmark/docs/archive/shared/plot_micro_characterization_20260527.py; paper-provenance/scripts/plot_characterization_pure_percase.py (older 29-case source; final 27-case/4config generator not retained),yes,1.088235294,recomputed; figure legends match; bars visually consistent,median kernel/path exec_ns; each ARM path has its own baseline,"Final figure is sec-3-4config-percase.pdf, introduced June10; updated generating script not tracked.",recomputed from data/,3,\includegraphics[width=\textwidth]{figures/sec-3-4config-percase.pdf}
C0165,current,body,figure bar,paper/figures/sec-3-pure-bytecode-percase.tex,3,\includegraphics[width=\textwidth]{figures/sec-3-4config-percase.pdf},x86 packet_checksum_fold llvmbpf plotted speedup,bar (value derived below),micro/results/x86_kvm_micro_20260526_210952_650695,micro/results/x86_kvm_micro_20260526_210952_650695,yes,2026-05-26T21:09:52.650695+00:00,x86_kvm_micro; CPU Intel(R) Core(TM) Ultra 9 285K,unknown,completed,bpf-benchmark/docs/archive/shared/plot_micro_characterization_20260527.py; paper-provenance/scripts/plot_characterization_pure_percase.py (older 29-case source; final 27-case/4config generator not retained),yes,1.325264978,recomputed; figure legends match; bars visually consistent,median kernel/path exec_ns; each ARM path has its own baseline,"Final figure is sec-3-4config-percase.pdf, introduced June10; updated generating script not tracked.",recomputed from data/,3,\includegraphics[width=\textwidth]{figures/sec-3-4config-percase.pdf}
C0166,current,body,figure bar,paper/figures/sec-3-pure-bytecode-percase.tex,3,\includegraphics[width=\textwidth]{figures/sec-3-4config-percase.pdf},x86 packet_record_bounds_window llvmbpf plotted speedup,bar (value derived below),micro/results/x86_kvm_micro_20260526_210952_650695,micro/results/x86_kvm_micro_20260526_210952_650695,yes,2026-05-26T21:09:52.650695+00:00,x86_kvm_micro; CPU Intel(R) Core(TM) Ultra 9 285K,unknown,completed,bpf-benchmark/docs/archive/shared/plot_micro_characterization_20260527.py; paper-provenance/scripts/plot_characterization_pure_percase.py (older 29-case source; final 27-case/4config generator not retained),yes,1.903225806,recomputed; figure legends match; bars visually consistent,median kernel/path exec_ns; each ARM path has its own baseline,"Final figure is sec-3-4config-percase.pdf, introduced June10; updated generating script not tracked.",recomputed from data/,3,\includegraphics[width=\textwidth]{figures/sec-3-4config-percase.pdf}
C0167,current,body,figure bar,paper/figures/sec-3-pure-bytecode-percase.tex,3,\includegraphics[width=\textwidth]{figures/sec-3-4config-percase.pdf},x86 packet_toeplitz_rss_hash llvmbpf plotted speedup,bar (value derived below),micro/results/x86_kvm_micro_20260526_210952_650695,micro/results/x86_kvm_micro_20260526_210952_650695,yes,2026-05-26T21:09:52.650695+00:00,x86_kvm_micro; CPU Intel(R) Core(TM) Ultra 9 285K,unknown,completed,bpf-benchmark/docs/archive/shared/plot_micro_characterization_20260527.py; paper-provenance/scripts/plot_characterization_pure_percase.py (older 29-case source; final 27-case/4config generator not retained),yes,2.381443299,recomputed; figure legends match; bars visually consistent,median kernel/path exec_ns; each ARM path has its own baseline,"Final figure is sec-3-4config-percase.pdf, introduced June10; updated generating script not tracked.",recomputed from data/,3,\includegraphics[width=\textwidth]{figures/sec-3-4config-percase.pdf}
C0168,current,body,figure bar,paper/figures/sec-3-pure-bytecode-percase.tex,3,\includegraphics[width=\textwidth]{figures/sec-3-4config-percase.pdf},x86 packet_vlan_tcpopt_parser llvmbpf plotted speedup,bar (value derived below),micro/results/x86_kvm_micro_20260526_210952_650695,micro/results/x86_kvm_micro_20260526_210952_650695,yes,2026-05-26T21:09:52.650695+00:00,x86_kvm_micro; CPU Intel(R) Core(TM) Ultra 9 285K,unknown,completed,bpf-benchmark/docs/archive/shared/plot_micro_characterization_20260527.py; paper-provenance/scripts/plot_characterization_pure_percase.py (older 29-case source; final 27-case/4config generator not retained),yes,1.200000000,recomputed; figure legends match; bars visually consistent,median kernel/path exec_ns; each ARM path has its own baseline,"Final figure is sec-3-4config-percase.pdf, introduced June10; updated generating script not tracked.",recomputed from data/,3,\includegraphics[width=\textwidth]{figures/sec-3-4config-percase.pdf}
C0169,current,body,figure bar,paper/figures/sec-3-pure-bytecode-percase.tex,3,\includegraphics[width=\textwidth]{figures/sec-3-4config-percase.pdf},x86 payload_prefix_memcmp_scan llvmbpf plotted speedup,bar (value derived below),micro/results/x86_kvm_micro_20260526_210952_650695,micro/results/x86_kvm_micro_20260526_210952_650695,yes,2026-05-26T21:09:52.650695+00:00,x86_kvm_micro; CPU Intel(R) Core(TM) Ultra 9 285K,unknown,completed,bpf-benchmark/docs/archive/shared/plot_micro_characterization_20260527.py; paper-provenance/scripts/plot_characterization_pure_percase.py (older 29-case source; final 27-case/4config generator not retained),yes,1.115384615,recomputed; figure legends match; bars visually consistent,median kernel/path exec_ns; each ARM path has its own baseline,"Final figure is sec-3-4config-percase.pdf, introduced June10; updated generating script not tracked.",recomputed from data/,3,\includegraphics[width=\textwidth]{figures/sec-3-4config-percase.pdf}
C0170,current,body,figure bar,paper/figures/sec-3-pure-bytecode-percase.tex,3,\includegraphics[width=\textwidth]{figures/sec-3-4config-percase.pdf},x86 siphash_rotate64_mixer llvmbpf plotted speedup,bar (value derived below),micro/results/x86_kvm_micro_20260526_210952_650695,micro/results/x86_kvm_micro_20260526_210952_650695,yes,2026-05-26T21:09:52.650695+00:00,x86_kvm_micro; CPU Intel(R) Core(TM) Ultra 9 285K,unknown,completed,bpf-benchmark/docs/archive/shared/plot_micro_characterization_20260527.py; paper-provenance/scripts/plot_characterization_pure_percase.py (older 29-case source; final 27-case/4config generator not retained),yes,1.928571429,recomputed; figure legends match; bars visually consistent,median kernel/path exec_ns; each ARM path has its own baseline,"Final figure is sec-3-4config-percase.pdf, introduced June10; updated generating script not tracked.",recomputed from data/,3,\includegraphics[width=\textwidth]{figures/sec-3-4config-percase.pdf}
C0171,current,body,figure bar,paper/figures/sec-3-pure-bytecode-percase.tex,3,\includegraphics[width=\textwidth]{figures/sec-3-4config-percase.pdf},x86 sorted_rule_binary_search llvmbpf plotted speedup,bar (value derived below),micro/results/x86_kvm_micro_20260526_210952_650695,micro/results/x86_kvm_micro_20260526_210952_650695,yes,2026-05-26T21:09:52.650695+00:00,x86_kvm_micro; CPU Intel(R) Core(TM) Ultra 9 285K,unknown,completed,bpf-benchmark/docs/archive/shared/plot_micro_characterization_20260527.py; paper-provenance/scripts/plot_characterization_pure_percase.py (older 29-case source; final 27-case/4config generator not retained),yes,2.209205021,recomputed; figure legends match; bars visually consistent,median kernel/path exec_ns; each ARM path has its own baseline,"Final figure is sec-3-4config-percase.pdf, introduced June10; updated generating script not tracked.",recomputed from data/,3,\includegraphics[width=\textwidth]{figures/sec-3-4config-percase.pdf}
C0172,current,body,figure bar,paper/figures/sec-3-pure-bytecode-percase.tex,3,\includegraphics[width=\textwidth]{figures/sec-3-4config-percase.pdf},x86 tc_packet_checksum_fold llvmbpf plotted speedup,bar (value derived below),micro/results/x86_kvm_micro_20260526_210952_650695,micro/results/x86_kvm_micro_20260526_210952_650695,yes,2026-05-26T21:09:52.650695+00:00,x86_kvm_micro; CPU Intel(R) Core(TM) Ultra 9 285K,unknown,completed,bpf-benchmark/docs/archive/shared/plot_micro_characterization_20260527.py; paper-provenance/scripts/plot_characterization_pure_percase.py (older 29-case source; final 27-case/4config generator not retained),yes,1.324868520,recomputed; figure legends match; bars visually consistent,median kernel/path exec_ns; each ARM path has its own baseline,"Final figure is sec-3-4config-percase.pdf, introduced June10; updated generating script not tracked.",recomputed from data/,3,\includegraphics[width=\textwidth]{figures/sec-3-4config-percase.pdf}
C0173,current,body,figure bar,paper/figures/sec-3-pure-bytecode-percase.tex,3,\includegraphics[width=\textwidth]{figures/sec-3-4config-percase.pdf},x86 tetragon_process_event_arg_filter llvmbpf plotted speedup,bar (value derived below),micro/results/x86_kvm_micro_20260526_210952_650695,micro/results/x86_kvm_micro_20260526_210952_650695,yes,2026-05-26T21:09:52.650695+00:00,x86_kvm_micro; CPU Intel(R) Core(TM) Ultra 9 285K,unknown,completed,bpf-benchmark/docs/archive/shared/plot_micro_characterization_20260527.py; paper-provenance/scripts/plot_characterization_pure_percase.py (older 29-case source; final 27-case/4config generator not retained),yes,1.896226415,recomputed; figure legends match; bars visually consistent,median kernel/path exec_ns; each ARM path has its own baseline,"Final figure is sec-3-4config-percase.pdf, introduced June10; updated generating script not tracked.",recomputed from data/,3,\includegraphics[width=\textwidth]{figures/sec-3-4config-percase.pdf}
C0174,current,body,figure bar,paper/figures/sec-3-pure-bytecode-percase.tex,3,\includegraphics[width=\textwidth]{figures/sec-3-4config-percase.pdf},x86 trace_event_type_switch_dispatch llvmbpf plotted speedup,bar (value derived below),micro/results/x86_kvm_micro_20260526_210952_650695,micro/results/x86_kvm_micro_20260526_210952_650695,yes,2026-05-26T21:09:52.650695+00:00,x86_kvm_micro; CPU Intel(R) Core(TM) Ultra 9 285K,unknown,completed,bpf-benchmark/docs/archive/shared/plot_micro_characterization_20260527.py; paper-provenance/scripts/plot_characterization_pure_percase.py (older 29-case source; final 27-case/4config generator not retained),yes,1.120967742,recomputed; figure legends match; bars visually consistent,median kernel/path exec_ns; each ARM path has its own baseline,"Final figure is sec-3-4config-percase.pdf, introduced June10; updated generating script not tracked.",recomputed from data/,3,\includegraphics[width=\textwidth]{figures/sec-3-4config-percase.pdf}
C0175,current,body,figure bar,paper/figures/sec-3-pure-bytecode-percase.tex,3,\includegraphics[width=\textwidth]{figures/sec-3-4config-percase.pdf},x86 tracee_http_method_prefix_detect llvmbpf plotted speedup,bar (value derived below),micro/results/x86_kvm_micro_20260526_210952_650695,micro/results/x86_kvm_micro_20260526_210952_650695,yes,2026-05-26T21:09:52.650695+00:00,x86_kvm_micro; CPU Intel(R) Core(TM) Ultra 9 285K,unknown,completed,bpf-benchmark/docs/archive/shared/plot_micro_characterization_20260527.py; paper-provenance/scripts/plot_characterization_pure_percase.py (older 29-case source; final 27-case/4config generator not retained),yes,1.266666667,recomputed; figure legends match; bars visually consistent,median kernel/path exec_ns; each ARM path has its own baseline,"Final figure is sec-3-4config-percase.pdf, introduced June10; updated generating script not tracked.",recomputed from data/,3,\includegraphics[width=\textwidth]{figures/sec-3-4config-percase.pdf}
C0176,current,body,figure bar,paper/figures/sec-3-pure-bytecode-percase.tex,3,\includegraphics[width=\textwidth]{figures/sec-3-4config-percase.pdf},x86 tracee_syscall_name_table_lookup llvmbpf plotted speedup,bar (value derived below),micro/results/x86_kvm_micro_20260526_210952_650695,micro/results/x86_kvm_micro_20260526_210952_650695,yes,2026-05-26T21:09:52.650695+00:00,x86_kvm_micro; CPU Intel(R) Core(TM) Ultra 9 285K,unknown,completed,bpf-benchmark/docs/archive/shared/plot_micro_characterization_20260527.py; paper-provenance/scripts/plot_characterization_pure_percase.py (older 29-case source; final 27-case/4config generator not retained),yes,1.300000000,recomputed; figure legends match; bars visually consistent,median kernel/path exec_ns; each ARM path has its own baseline,"Final figure is sec-3-4config-percase.pdf, introduced June10; updated generating script not tracked.",recomputed from data/,3,\includegraphics[width=\textwidth]{figures/sec-3-4config-percase.pdf}
C0177,current,body,figure bar,paper/figures/sec-3-pure-bytecode-percase.tex,3,\includegraphics[width=\textwidth]{figures/sec-3-4config-percase.pdf},arm bcc_runqlat_log2_histogram_bucket native_kernel plotted speedup,bar (value derived below),micro/results/aws_arm64_micro_20260523_091516_610343,micro/results/aws_arm64_micro_20260523_091516_610343,yes,2026-05-23T09:15:16.610343+00:00,aws_arm64_micro; CPU aarch64,unknown,completed,bpf-benchmark/docs/archive/shared/plot_micro_characterization_20260527.py; paper-provenance/scripts/plot_characterization_pure_percase.py (older 29-case source; final 27-case/4config generator not retained),yes,1.886712095,recomputed; figure legends match; bars visually consistent,median kernel/path exec_ns; each ARM path has its own baseline,"Final figure is sec-3-4config-percase.pdf, introduced June10; updated generating script not tracked.",recomputed from data/,3,\includegraphics[width=\textwidth]{figures/sec-3-4config-percase.pdf}
C0178,current,body,figure bar,paper/figures/sec-3-pure-bytecode-percase.tex,3,\includegraphics[width=\textwidth]{figures/sec-3-4config-percase.pdf},arm bcc_tcpconnect_ipv4_tuple_filter native_kernel plotted speedup,bar (value derived below),micro/results/aws_arm64_micro_20260523_091516_610343,micro/results/aws_arm64_micro_20260523_091516_610343,yes,2026-05-23T09:15:16.610343+00:00,aws_arm64_micro; CPU aarch64,unknown,completed,bpf-benchmark/docs/archive/shared/plot_micro_characterization_20260527.py; paper-provenance/scripts/plot_characterization_pure_percase.py (older 29-case source; final 27-case/4config generator not retained),yes,2.289308176,recomputed; figure legends match; bars visually consistent,median kernel/path exec_ns; each ARM path has its own baseline,"Final figure is sec-3-4config-percase.pdf, introduced June10; updated generating script not tracked.",recomputed from data/,3,\includegraphics[width=\textwidth]{figures/sec-3-4config-percase.pdf}
C0179,current,body,figure bar,paper/figures/sec-3-pure-bytecode-percase.tex,3,\includegraphics[width=\textwidth]{figures/sec-3-4config-percase.pdf},arm bitmap_popcount_scan native_kernel plotted speedup,bar (value derived below),micro/results/aws_arm64_micro_20260523_091516_610343,micro/results/aws_arm64_micro_20260523_091516_610343,yes,2026-05-23T09:15:16.610343+00:00,aws_arm64_micro; CPU aarch64,unknown,completed,bpf-benchmark/docs/archive/shared/plot_micro_characterization_20260527.py; paper-provenance/scripts/plot_characterization_pure_percase.py (older 29-case source; final 27-case/4config generator not retained),yes,1.216907675,recomputed; figure legends match; bars visually consistent,median kernel/path exec_ns; each ARM path has its own baseline,"Final figure is sec-3-4config-percase.pdf, introduced June10; updated generating script not tracked.",recomputed from data/,3,\includegraphics[width=\textwidth]{figures/sec-3-4config-percase.pdf}
C0180,current,body,figure bar,paper/figures/sec-3-pure-bytecode-percase.tex,3,\includegraphics[width=\textwidth]{figures/sec-3-4config-percase.pdf},arm bpf_local_call_fanout_dispatch native_kernel plotted speedup,bar (value derived below),micro/results/aws_arm64_micro_20260523_091516_610343,micro/results/aws_arm64_micro_20260523_091516_610343,yes,2026-05-23T09:15:16.610343+00:00,aws_arm64_micro; CPU aarch64,unknown,completed,bpf-benchmark/docs/archive/shared/plot_micro_characterization_20260527.py; paper-provenance/scripts/plot_characterization_pure_percase.py (older 29-case source; final 27-case/4config generator not retained),yes,2.664179104,recomputed; figure legends match; bars visually consistent,median kernel/path exec_ns; each ARM path has its own baseline,"Final figure is sec-3-4config-percase.pdf, introduced June10; updated generating script not tracked.",recomputed from data/,3,\includegraphics[width=\textwidth]{figures/sec-3-4config-percase.pdf}
C0181,current,body,figure bar,paper/figures/sec-3-pure-bytecode-percase.tex,3,\includegraphics[width=\textwidth]{figures/sec-3-4config-percase.pdf},arm bpftrace_comm_key_fnv_hash native_kernel plotted speedup,bar (value derived below),micro/results/aws_arm64_micro_20260523_091516_610343,micro/results/aws_arm64_micro_20260523_091516_610343,yes,2026-05-23T09:15:16.610343+00:00,aws_arm64_micro; CPU aarch64,unknown,completed,bpf-benchmark/docs/archive/shared/plot_micro_characterization_20260527.py; paper-provenance/scripts/plot_characterization_pure_percase.py (older 29-case source; final 27-case/4config generator not retained),yes,1.223255814,recomputed; figure legends match; bars visually consistent,median kernel/path exec_ns; each ARM path has its own baseline,"Final figure is sec-3-4config-percase.pdf, introduced June10; updated generating script not tracked.",recomputed from data/,3,\includegraphics[width=\textwidth]{figures/sec-3-4config-percase.pdf}
C0182,current,body,figure bar,paper/figures/sec-3-pure-bytecode-percase.tex,3,\includegraphics[width=\textwidth]{figures/sec-3-4config-percase.pdf},arm bpftrace_string_search_prefix_scan native_kernel plotted speedup,bar (value derived below),micro/results/aws_arm64_micro_20260523_091516_610343,micro/results/aws_arm64_micro_20260523_091516_610343,yes,2026-05-23T09:15:16.610343+00:00,aws_arm64_micro; CPU aarch64,unknown,completed,bpf-benchmark/docs/archive/shared/plot_micro_characterization_20260527.py; paper-provenance/scripts/plot_characterization_pure_percase.py (older 29-case source; final 27-case/4config generator not retained),yes,1.723118280,recomputed; figure legends match; bars visually consistent,median kernel/path exec_ns; each ARM path has its own baseline,"Final figure is sec-3-4config-percase.pdf, introduced June10; updated generating script not tracked.",recomputed from data/,3,\includegraphics[width=\textwidth]{figures/sec-3-4config-percase.pdf}
C0183,current,body,figure bar,paper/figures/sec-3-pure-bytecode-percase.tex,3,\includegraphics[width=\textwidth]{figures/sec-3-4config-percase.pdf},arm cgroup_skb_hash_chain native_kernel plotted speedup,bar (value derived below),micro/results/aws_arm64_micro_20260523_091516_610343,micro/results/aws_arm64_micro_20260523_091516_610343,yes,2026-05-23T09:15:16.610343+00:00,aws_arm64_micro; CPU aarch64,unknown,completed,bpf-benchmark/docs/archive/shared/plot_micro_characterization_20260527.py; paper-provenance/scripts/plot_characterization_pure_percase.py (older 29-case source; final 27-case/4config generator not retained),yes,2.741424802,recomputed; figure legends match; bars visually consistent,median kernel/path exec_ns; each ARM path has its own baseline,"Final figure is sec-3-4config-percase.pdf, introduced June10; updated generating script not tracked.",recomputed from data/,3,\includegraphics[width=\textwidth]{figures/sec-3-4config-percase.pdf}
C0184,current,body,figure bar,paper/figures/sec-3-pure-bytecode-percase.tex,3,\includegraphics[width=\textwidth]{figures/sec-3-4config-percase.pdf},arm cilium_ct_nat_tuple_rewrite native_kernel plotted speedup,bar (value derived below),micro/results/aws_arm64_micro_20260523_091516_610343,micro/results/aws_arm64_micro_20260523_091516_610343,yes,2026-05-23T09:15:16.610343+00:00,aws_arm64_micro; CPU aarch64,unknown,completed,bpf-benchmark/docs/archive/shared/plot_micro_characterization_20260527.py; paper-provenance/scripts/plot_characterization_pure_percase.py (older 29-case source; final 27-case/4config generator not retained),yes,2.402912621,recomputed; figure legends match; bars visually consistent,median kernel/path exec_ns; each ARM path has its own baseline,"Final figure is sec-3-4config-percase.pdf, introduced June10; updated generating script not tracked.",recomputed from data/,3,\includegraphics[width=\textwidth]{figures/sec-3-4config-percase.pdf}
C0185,current,body,figure bar,paper/figures/sec-3-pure-bytecode-percase.tex,3,\includegraphics[width=\textwidth]{figures/sec-3-4config-percase.pdf},arm cilium_policy_guard_tree_filter native_kernel plotted speedup,bar (value derived below),micro/results/aws_arm64_micro_20260523_091516_610343,micro/results/aws_arm64_micro_20260523_091516_610343,yes,2026-05-23T09:15:16.610343+00:00,aws_arm64_micro; CPU aarch64,unknown,completed,bpf-benchmark/docs/archive/shared/plot_micro_characterization_20260527.py; paper-provenance/scripts/plot_characterization_pure_percase.py (older 29-case source; final 27-case/4config generator not retained),yes,1.755244755,recomputed; figure legends match; bars visually consistent,median kernel/path exec_ns; each ARM path has its own baseline,"Final figure is sec-3-4config-percase.pdf, introduced June10; updated generating script not tracked.",recomputed from data/,3,\includegraphics[width=\textwidth]{figures/sec-3-4config-percase.pdf}
C0186,current,body,figure bar,paper/figures/sec-3-pure-bytecode-percase.tex,3,\includegraphics[width=\textwidth]{figures/sec-3-4config-percase.pdf},arm cilium_socket_lb_service_select native_kernel plotted speedup,bar (value derived below),micro/results/aws_arm64_micro_20260523_091516_610343,micro/results/aws_arm64_micro_20260523_091516_610343,yes,2026-05-23T09:15:16.610343+00:00,aws_arm64_micro; CPU aarch64,unknown,completed,bpf-benchmark/docs/archive/shared/plot_micro_characterization_20260527.py; paper-provenance/scripts/plot_characterization_pure_percase.py (older 29-case source; final 27-case/4config generator not retained),yes,3.530085960,recomputed; figure legends match; bars visually consistent,median kernel/path exec_ns; each ARM path has its own baseline,"Final figure is sec-3-4config-percase.pdf, introduced June10; updated generating script not tracked.",recomputed from data/,3,\includegraphics[width=\textwidth]{figures/sec-3-4config-percase.pdf}
C0187,current,body,figure bar,paper/figures/sec-3-pure-bytecode-percase.tex,3,\includegraphics[width=\textwidth]{figures/sec-3-4config-percase.pdf},arm flow_5tuple_rss_hash native_kernel plotted speedup,bar (value derived below),micro/results/aws_arm64_micro_20260523_091516_610343,micro/results/aws_arm64_micro_20260523_091516_610343,yes,2026-05-23T09:15:16.610343+00:00,aws_arm64_micro; CPU aarch64,unknown,completed,bpf-benchmark/docs/archive/shared/plot_micro_characterization_20260527.py; paper-provenance/scripts/plot_characterization_pure_percase.py (older 29-case source; final 27-case/4config generator not retained),yes,1.857142857,recomputed; figure legends match; bars visually consistent,median kernel/path exec_ns; each ARM path has its own baseline,"Final figure is sec-3-4config-percase.pdf, introduced June10; updated generating script not tracked.",recomputed from data/,3,\includegraphics[width=\textwidth]{figures/sec-3-4config-percase.pdf}
C0188,current,body,figure bar,paper/figures/sec-3-pure-bytecode-percase.tex,3,\includegraphics[width=\textwidth]{figures/sec-3-4config-percase.pdf},arm flow_record_field_scan native_kernel plotted speedup,bar (value derived below),micro/results/aws_arm64_micro_20260523_091516_610343,micro/results/aws_arm64_micro_20260523_091516_610343,yes,2026-05-23T09:15:16.610343+00:00,aws_arm64_micro; CPU aarch64,unknown,completed,bpf-benchmark/docs/archive/shared/plot_micro_characterization_20260527.py; paper-provenance/scripts/plot_characterization_pure_percase.py (older 29-case source; final 27-case/4config generator not retained),yes,1.535433071,recomputed; figure legends match; bars visually consistent,median kernel/path exec_ns; each ARM path has its own baseline,"Final figure is sec-3-4config-percase.pdf, introduced June10; updated generating script not tracked.",recomputed from data/,3,\includegraphics[width=\textwidth]{figures/sec-3-4config-percase.pdf}
C0189,current,body,figure bar,paper/figures/sec-3-pure-bytecode-percase.tex,3,\includegraphics[width=\textwidth]{figures/sec-3-4config-percase.pdf},arm katran_lb_consistent_hash_select native_kernel plotted speedup,bar (value derived below),micro/results/aws_arm64_micro_20260523_091516_610343,micro/results/aws_arm64_micro_20260523_091516_610343,yes,2026-05-23T09:15:16.610343+00:00,aws_arm64_micro; CPU aarch64,unknown,completed,bpf-benchmark/docs/archive/shared/plot_micro_characterization_20260527.py; paper-provenance/scripts/plot_characterization_pure_percase.py (older 29-case source; final 27-case/4config generator not retained),yes,1.658536585,recomputed; figure legends match; bars visually consistent,median kernel/path exec_ns; each ARM path has its own baseline,"Final figure is sec-3-4config-percase.pdf, introduced June10; updated generating script not tracked.",recomputed from data/,3,\includegraphics[width=\textwidth]{figures/sec-3-4config-percase.pdf}
C0190,current,body,figure bar,paper/figures/sec-3-pure-bytecode-percase.tex,3,\includegraphics[width=\textwidth]{figures/sec-3-4config-percase.pdf},arm otel_stack_frame_unwind_scan native_kernel plotted speedup,bar (value derived below),micro/results/aws_arm64_micro_20260523_091516_610343,micro/results/aws_arm64_micro_20260523_091516_610343,yes,2026-05-23T09:15:16.610343+00:00,aws_arm64_micro; CPU aarch64,unknown,completed,bpf-benchmark/docs/archive/shared/plot_micro_characterization_20260527.py; paper-provenance/scripts/plot_characterization_pure_percase.py (older 29-case source; final 27-case/4config generator not retained),yes,3.990476190,recomputed; figure legends match; bars visually consistent,median kernel/path exec_ns; each ARM path has its own baseline,"Final figure is sec-3-4config-percase.pdf, introduced June10; updated generating script not tracked.",recomputed from data/,3,\includegraphics[width=\textwidth]{figures/sec-3-4config-percase.pdf}
C0191,current,body,figure bar,paper/figures/sec-3-pure-bytecode-percase.tex,3,\includegraphics[width=\textwidth]{figures/sec-3-4config-percase.pdf},arm packed_header_bitfield_decode native_kernel plotted speedup,bar (value derived below),micro/results/aws_arm64_micro_20260523_091516_610343,micro/results/aws_arm64_micro_20260523_091516_610343,yes,2026-05-23T09:15:16.610343+00:00,aws_arm64_micro; CPU aarch64,unknown,completed,bpf-benchmark/docs/archive/shared/plot_micro_characterization_20260527.py; paper-provenance/scripts/plot_characterization_pure_percase.py (older 29-case source; final 27-case/4config generator not retained),yes,1.781704782,recomputed; figure legends match; bars visually consistent,median kernel/path exec_ns; each ARM path has its own baseline,"Final figure is sec-3-4config-percase.pdf, introduced June10; updated generating script not tracked.",recomputed from data/,3,\includegraphics[width=\textwidth]{figures/sec-3-4config-percase.pdf}
C0192,current,body,figure bar,paper/figures/sec-3-pure-bytecode-percase.tex,3,\includegraphics[width=\textwidth]{figures/sec-3-4config-percase.pdf},arm packet_checksum_fold native_kernel plotted speedup,bar (value derived below),micro/results/aws_arm64_micro_20260523_091516_610343,micro/results/aws_arm64_micro_20260523_091516_610343,yes,2026-05-23T09:15:16.610343+00:00,aws_arm64_micro; CPU aarch64,unknown,completed,bpf-benchmark/docs/archive/shared/plot_micro_characterization_20260527.py; paper-provenance/scripts/plot_characterization_pure_percase.py (older 29-case source; final 27-case/4config generator not retained),yes,1.524896826,recomputed; figure legends match; bars visually consistent,median kernel/path exec_ns; each ARM path has its own baseline,"Final figure is sec-3-4config-percase.pdf, introduced June10; updated generating script not tracked.",recomputed from data/,3,\includegraphics[width=\textwidth]{figures/sec-3-4config-percase.pdf}
C0193,current,body,figure bar,paper/figures/sec-3-pure-bytecode-percase.tex,3,\includegraphics[width=\textwidth]{figures/sec-3-4config-percase.pdf},arm packet_record_bounds_window native_kernel plotted speedup,bar (value derived below),micro/results/aws_arm64_micro_20260523_091516_610343,micro/results/aws_arm64_micro_20260523_091516_610343,yes,2026-05-23T09:15:16.610343+00:00,aws_arm64_micro; CPU aarch64,unknown,completed,bpf-benchmark/docs/archive/shared/plot_micro_characterization_20260527.py; paper-provenance/scripts/plot_characterization_pure_percase.py (older 29-case source; final 27-case/4config generator not retained),yes,2.132530120,recomputed; figure legends match; bars visually consistent,median kernel/path exec_ns; each ARM path has its own baseline,"Final figure is sec-3-4config-percase.pdf, introduced June10; updated generating script not tracked.",recomputed from data/,3,\includegraphics[width=\textwidth]{figures/sec-3-4config-percase.pdf}
C0194,current,body,figure bar,paper/figures/sec-3-pure-bytecode-percase.tex,3,\includegraphics[width=\textwidth]{figures/sec-3-4config-percase.pdf},arm packet_toeplitz_rss_hash native_kernel plotted speedup,bar (value derived below),micro/results/aws_arm64_micro_20260523_091516_610343,micro/results/aws_arm64_micro_20260523_091516_610343,yes,2026-05-23T09:15:16.610343+00:00,aws_arm64_micro; CPU aarch64,unknown,completed,bpf-benchmark/docs/archive/shared/plot_micro_characterization_20260527.py; paper-provenance/scripts/plot_characterization_pure_percase.py (older 29-case source; final 27-case/4config generator not retained),yes,1.293969849,recomputed; figure legends match; bars visually consistent,median kernel/path exec_ns; each ARM path has its own baseline,"Final figure is sec-3-4config-percase.pdf, introduced June10; updated generating script not tracked.",recomputed from data/,3,\includegraphics[width=\textwidth]{figures/sec-3-4config-percase.pdf}
C0195,current,body,figure bar,paper/figures/sec-3-pure-bytecode-percase.tex,3,\includegraphics[width=\textwidth]{figures/sec-3-4config-percase.pdf},arm packet_vlan_tcpopt_parser native_kernel plotted speedup,bar (value derived below),micro/results/aws_arm64_micro_20260523_091516_610343,micro/results/aws_arm64_micro_20260523_091516_610343,yes,2026-05-23T09:15:16.610343+00:00,aws_arm64_micro; CPU aarch64,unknown,completed,bpf-benchmark/docs/archive/shared/plot_micro_characterization_20260527.py; paper-provenance/scripts/plot_characterization_pure_percase.py (older 29-case source; final 27-case/4config generator not retained),yes,1.571428571,recomputed; figure legends match; bars visually consistent,median kernel/path exec_ns; each ARM path has its own baseline,"Final figure is sec-3-4config-percase.pdf, introduced June10; updated generating script not tracked.",recomputed from data/,3,\includegraphics[width=\textwidth]{figures/sec-3-4config-percase.pdf}
C0196,current,body,figure bar,paper/figures/sec-3-pure-bytecode-percase.tex,3,\includegraphics[width=\textwidth]{figures/sec-3-4config-percase.pdf},arm payload_prefix_memcmp_scan native_kernel plotted speedup,bar (value derived below),micro/results/aws_arm64_micro_20260523_091516_610343,micro/results/aws_arm64_micro_20260523_091516_610343,yes,2026-05-23T09:15:16.610343+00:00,aws_arm64_micro; CPU aarch64,unknown,completed,bpf-benchmark/docs/archive/shared/plot_micro_characterization_20260527.py; paper-provenance/scripts/plot_characterization_pure_percase.py (older 29-case source; final 27-case/4config generator not retained),yes,1.664739884,recomputed; figure legends match; bars visually consistent,median kernel/path exec_ns; each ARM path has its own baseline,"Final figure is sec-3-4config-percase.pdf, introduced June10; updated generating script not tracked.",recomputed from data/,3,\includegraphics[width=\textwidth]{figures/sec-3-4config-percase.pdf}
C0197,current,body,figure bar,paper/figures/sec-3-pure-bytecode-percase.tex,3,\includegraphics[width=\textwidth]{figures/sec-3-4config-percase.pdf},arm siphash_rotate64_mixer native_kernel plotted speedup,bar (value derived below),micro/results/aws_arm64_micro_20260523_091516_610343,micro/results/aws_arm64_micro_20260523_091516_610343,yes,2026-05-23T09:15:16.610343+00:00,aws_arm64_micro; CPU aarch64,unknown,completed,bpf-benchmark/docs/archive/shared/plot_micro_characterization_20260527.py; paper-provenance/scripts/plot_characterization_pure_percase.py (older 29-case source; final 27-case/4config generator not retained),yes,3.057692308,recomputed; figure legends match; bars visually consistent,median kernel/path exec_ns; each ARM path has its own baseline,"Final figure is sec-3-4config-percase.pdf, introduced June10; updated generating script not tracked.",recomputed from data/,3,\includegraphics[width=\textwidth]{figures/sec-3-4config-percase.pdf}
C0198,current,body,figure bar,paper/figures/sec-3-pure-bytecode-percase.tex,3,\includegraphics[width=\textwidth]{figures/sec-3-4config-percase.pdf},arm sorted_rule_binary_search native_kernel plotted speedup,bar (value derived below),micro/results/aws_arm64_micro_20260523_091516_610343,micro/results/aws_arm64_micro_20260523_091516_610343,yes,2026-05-23T09:15:16.610343+00:00,aws_arm64_micro; CPU aarch64,unknown,completed,bpf-benchmark/docs/archive/shared/plot_micro_characterization_20260527.py; paper-provenance/scripts/plot_characterization_pure_percase.py (older 29-case source; final 27-case/4config generator not retained),yes,2.620418848,recomputed; figure legends match; bars visually consistent,median kernel/path exec_ns; each ARM path has its own baseline,"Final figure is sec-3-4config-percase.pdf, introduced June10; updated generating script not tracked.",recomputed from data/,3,\includegraphics[width=\textwidth]{figures/sec-3-4config-percase.pdf}
C0199,current,body,figure bar,paper/figures/sec-3-pure-bytecode-percase.tex,3,\includegraphics[width=\textwidth]{figures/sec-3-4config-percase.pdf},arm tc_packet_checksum_fold native_kernel plotted speedup,bar (value derived below),micro/results/aws_arm64_micro_20260523_091516_610343,micro/results/aws_arm64_micro_20260523_091516_610343,yes,2026-05-23T09:15:16.610343+00:00,aws_arm64_micro; CPU aarch64,unknown,completed,bpf-benchmark/docs/archive/shared/plot_micro_characterization_20260527.py; paper-provenance/scripts/plot_characterization_pure_percase.py (older 29-case source; final 27-case/4config generator not retained),yes,1.517928135,recomputed; figure legends match; bars visually consistent,median kernel/path exec_ns; each ARM path has its own baseline,"Final figure is sec-3-4config-percase.pdf, introduced June10; updated generating script not tracked.",recomputed from data/,3,\includegraphics[width=\textwidth]{figures/sec-3-4config-percase.pdf}
C0200,current,body,figure bar,paper/figures/sec-3-pure-bytecode-percase.tex,3,\includegraphics[width=\textwidth]{figures/sec-3-4config-percase.pdf},arm tetragon_process_event_arg_filter native_kernel plotted speedup,bar (value derived below),micro/results/aws_arm64_micro_20260523_091516_610343,micro/results/aws_arm64_micro_20260523_091516_610343,yes,2026-05-23T09:15:16.610343+00:00,aws_arm64_micro; CPU aarch64,unknown,completed,bpf-benchmark/docs/archive/shared/plot_micro_characterization_20260527.py; paper-provenance/scripts/plot_characterization_pure_percase.py (older 29-case source; final 27-case/4config generator not retained),yes,2.109890110,recomputed; figure legends match; bars visually consistent,median kernel/path exec_ns; each ARM path has its own baseline,"Final figure is sec-3-4config-percase.pdf, introduced June10; updated generating script not tracked.",recomputed from data/,3,\includegraphics[width=\textwidth]{figures/sec-3-4config-percase.pdf}
C0201,current,body,figure bar,paper/figures/sec-3-pure-bytecode-percase.tex,3,\includegraphics[width=\textwidth]{figures/sec-3-4config-percase.pdf},arm trace_event_type_switch_dispatch native_kernel plotted speedup,bar (value derived below),micro/results/aws_arm64_micro_20260523_091516_610343,micro/results/aws_arm64_micro_20260523_091516_610343,yes,2026-05-23T09:15:16.610343+00:00,aws_arm64_micro; CPU aarch64,unknown,completed,bpf-benchmark/docs/archive/shared/plot_micro_characterization_20260527.py; paper-provenance/scripts/plot_characterization_pure_percase.py (older 29-case source; final 27-case/4config generator not retained),yes,1.083333333,recomputed; figure legends match; bars visually consistent,median kernel/path exec_ns; each ARM path has its own baseline,"Final figure is sec-3-4config-percase.pdf, introduced June10; updated generating script not tracked.",recomputed from data/,3,\includegraphics[width=\textwidth]{figures/sec-3-4config-percase.pdf}
C0202,current,body,figure bar,paper/figures/sec-3-pure-bytecode-percase.tex,3,\includegraphics[width=\textwidth]{figures/sec-3-4config-percase.pdf},arm tracee_http_method_prefix_detect native_kernel plotted speedup,bar (value derived below),micro/results/aws_arm64_micro_20260523_091516_610343,micro/results/aws_arm64_micro_20260523_091516_610343,yes,2026-05-23T09:15:16.610343+00:00,aws_arm64_micro; CPU aarch64,unknown,completed,bpf-benchmark/docs/archive/shared/plot_micro_characterization_20260527.py; paper-provenance/scripts/plot_characterization_pure_percase.py (older 29-case source; final 27-case/4config generator not retained),yes,1.276595745,recomputed; figure legends match; bars visually consistent,median kernel/path exec_ns; each ARM path has its own baseline,"Final figure is sec-3-4config-percase.pdf, introduced June10; updated generating script not tracked.",recomputed from data/,3,\includegraphics[width=\textwidth]{figures/sec-3-4config-percase.pdf}
C0203,current,body,figure bar,paper/figures/sec-3-pure-bytecode-percase.tex,3,\includegraphics[width=\textwidth]{figures/sec-3-4config-percase.pdf},arm tracee_syscall_name_table_lookup native_kernel plotted speedup,bar (value derived below),micro/results/aws_arm64_micro_20260523_091516_610343,micro/results/aws_arm64_micro_20260523_091516_610343,yes,2026-05-23T09:15:16.610343+00:00,aws_arm64_micro; CPU aarch64,unknown,completed,bpf-benchmark/docs/archive/shared/plot_micro_characterization_20260527.py; paper-provenance/scripts/plot_characterization_pure_percase.py (older 29-case source; final 27-case/4config generator not retained),yes,1.488636364,recomputed; figure legends match; bars visually consistent,median kernel/path exec_ns; each ARM path has its own baseline,"Final figure is sec-3-4config-percase.pdf, introduced June10; updated generating script not tracked.",recomputed from data/,3,\includegraphics[width=\textwidth]{figures/sec-3-4config-percase.pdf}
C0204,current,body,figure bar,paper/figures/sec-3-pure-bytecode-percase.tex,3,\includegraphics[width=\textwidth]{figures/sec-3-4config-percase.pdf},arm bcc_runqlat_log2_histogram_bucket native plotted speedup,bar (value derived below),micro/results/aws_arm64_micro_20260520_052452_727433,micro/results/aws_arm64_micro_20260520_052452_727433,yes,2026-05-20T05:24:52.727433+00:00,aws_arm64_micro; CPU aarch64,unknown,completed,bpf-benchmark/docs/archive/shared/plot_micro_characterization_20260527.py; paper-provenance/scripts/plot_characterization_pure_percase.py (older 29-case source; final 27-case/4config generator not retained),yes,1.911827957,recomputed; figure legends match; bars visually consistent,median kernel/path exec_ns; each ARM path has its own baseline,"Final figure is sec-3-4config-percase.pdf, introduced June10; updated generating script not tracked.",recomputed from data/,3,\includegraphics[width=\textwidth]{figures/sec-3-4config-percase.pdf}
C0205,current,body,figure bar,paper/figures/sec-3-pure-bytecode-percase.tex,3,\includegraphics[width=\textwidth]{figures/sec-3-4config-percase.pdf},arm bcc_tcpconnect_ipv4_tuple_filter native plotted speedup,bar (value derived below),micro/results/aws_arm64_micro_20260520_052452_727433,micro/results/aws_arm64_micro_20260520_052452_727433,yes,2026-05-20T05:24:52.727433+00:00,aws_arm64_micro; CPU aarch64,unknown,completed,bpf-benchmark/docs/archive/shared/plot_micro_characterization_20260527.py; paper-provenance/scripts/plot_characterization_pure_percase.py (older 29-case source; final 27-case/4config generator not retained),yes,2.329608939,recomputed; figure legends match; bars visually consistent,median kernel/path exec_ns; each ARM path has its own baseline,"Final figure is sec-3-4config-percase.pdf, introduced June10; updated generating script not tracked.",recomputed from data/,3,\includegraphics[width=\textwidth]{figures/sec-3-4config-percase.pdf}
C0206,current,body,figure bar,paper/figures/sec-3-pure-bytecode-percase.tex,3,\includegraphics[width=\textwidth]{figures/sec-3-4config-percase.pdf},arm bitmap_popcount_scan native plotted speedup,bar (value derived below),micro/results/aws_arm64_micro_20260520_052452_727433,micro/results/aws_arm64_micro_20260520_052452_727433,yes,2026-05-20T05:24:52.727433+00:00,aws_arm64_micro; CPU aarch64,unknown,completed,bpf-benchmark/docs/archive/shared/plot_micro_characterization_20260527.py; paper-provenance/scripts/plot_characterization_pure_percase.py (older 29-case source; final 27-case/4config generator not retained),yes,1.379182156,recomputed; figure legends match; bars visually consistent,median kernel/path exec_ns; each ARM path has its own baseline,"Final figure is sec-3-4config-percase.pdf, introduced June10; updated generating script not tracked.",recomputed from data/,3,\includegraphics[width=\textwidth]{figures/sec-3-4config-percase.pdf}
C0207,current,body,figure bar,paper/figures/sec-3-pure-bytecode-percase.tex,3,\includegraphics[width=\textwidth]{figures/sec-3-4config-percase.pdf},arm bpf_local_call_fanout_dispatch native plotted speedup,bar (value derived below),micro/results/aws_arm64_micro_20260520_052452_727433,micro/results/aws_arm64_micro_20260520_052452_727433,yes,2026-05-20T05:24:52.727433+00:00,aws_arm64_micro; CPU aarch64,unknown,completed,bpf-benchmark/docs/archive/shared/plot_micro_characterization_20260527.py; paper-provenance/scripts/plot_characterization_pure_percase.py (older 29-case source; final 27-case/4config generator not retained),yes,2.182926829,recomputed; figure legends match; bars visually consistent,median kernel/path exec_ns; each ARM path has its own baseline,"Final figure is sec-3-4config-percase.pdf, introduced June10; updated generating script not tracked.",recomputed from data/,3,\includegraphics[width=\textwidth]{figures/sec-3-4config-percase.pdf}
C0208,current,body,figure bar,paper/figures/sec-3-pure-bytecode-percase.tex,3,\includegraphics[width=\textwidth]{figures/sec-3-4config-percase.pdf},arm bpftrace_comm_key_fnv_hash native plotted speedup,bar (value derived below),micro/results/aws_arm64_micro_20260520_052452_727433,micro/results/aws_arm64_micro_20260520_052452_727433,yes,2026-05-20T05:24:52.727433+00:00,aws_arm64_micro; CPU aarch64,unknown,completed,bpf-benchmark/docs/archive/shared/plot_micro_characterization_20260527.py; paper-provenance/scripts/plot_characterization_pure_percase.py (older 29-case source; final 27-case/4config generator not retained),yes,1.235019455,recomputed; figure legends match; bars visually consistent,median kernel/path exec_ns; each ARM path has its own baseline,"Final figure is sec-3-4config-percase.pdf, introduced June10; updated generating script not tracked.",recomputed from data/,3,\includegraphics[width=\textwidth]{figures/sec-3-4config-percase.pdf}
C0209,current,body,figure bar,paper/figures/sec-3-pure-bytecode-percase.tex,3,\includegraphics[width=\textwidth]{figures/sec-3-4config-percase.pdf},arm bpftrace_string_search_prefix_scan native plotted speedup,bar (value derived below),micro/results/aws_arm64_micro_20260520_052452_727433,micro/results/aws_arm64_micro_20260520_052452_727433,yes,2026-05-20T05:24:52.727433+00:00,aws_arm64_micro; CPU aarch64,unknown,completed,bpf-benchmark/docs/archive/shared/plot_micro_characterization_20260527.py; paper-provenance/scripts/plot_characterization_pure_percase.py (older 29-case source; final 27-case/4config generator not retained),yes,1.745901639,recomputed; figure legends match; bars visually consistent,median kernel/path exec_ns; each ARM path has its own baseline,"Final figure is sec-3-4config-percase.pdf, introduced June10; updated generating script not tracked.",recomputed from data/,3,\includegraphics[width=\textwidth]{figures/sec-3-4config-percase.pdf}
C0210,current,body,figure bar,paper/figures/sec-3-pure-bytecode-percase.tex,3,\includegraphics[width=\textwidth]{figures/sec-3-4config-percase.pdf},arm cgroup_skb_hash_chain native plotted speedup,bar (value derived below),micro/results/aws_arm64_micro_20260520_052452_727433,micro/results/aws_arm64_micro_20260520_052452_727433,yes,2026-05-20T05:24:52.727433+00:00,aws_arm64_micro; CPU aarch64,unknown,completed,bpf-benchmark/docs/archive/shared/plot_micro_characterization_20260527.py; paper-provenance/scripts/plot_characterization_pure_percase.py (older 29-case source; final 27-case/4config generator not retained),yes,2.619565217,recomputed; figure legends match; bars visually consistent,median kernel/path exec_ns; each ARM path has its own baseline,"Final figure is sec-3-4config-percase.pdf, introduced June10; updated generating script not tracked.",recomputed from data/,3,\includegraphics[width=\textwidth]{figures/sec-3-4config-percase.pdf}
C0211,current,body,figure bar,paper/figures/sec-3-pure-bytecode-percase.tex,3,\includegraphics[width=\textwidth]{figures/sec-3-4config-percase.pdf},arm cilium_ct_nat_tuple_rewrite native plotted speedup,bar (value derived below),micro/results/aws_arm64_micro_20260520_052452_727433,micro/results/aws_arm64_micro_20260520_052452_727433,yes,2026-05-20T05:24:52.727433+00:00,aws_arm64_micro; CPU aarch64,unknown,completed,bpf-benchmark/docs/archive/shared/plot_micro_characterization_20260527.py; paper-provenance/scripts/plot_characterization_pure_percase.py (older 29-case source; final 27-case/4config generator not retained),yes,2.502538071,recomputed; figure legends match; bars visually consistent,median kernel/path exec_ns; each ARM path has its own baseline,"Final figure is sec-3-4config-percase.pdf, introduced June10; updated generating script not tracked.",recomputed from data/,3,\includegraphics[width=\textwidth]{figures/sec-3-4config-percase.pdf}
C0212,current,body,figure bar,paper/figures/sec-3-pure-bytecode-percase.tex,3,\includegraphics[width=\textwidth]{figures/sec-3-4config-percase.pdf},arm cilium_policy_guard_tree_filter native plotted speedup,bar (value derived below),micro/results/aws_arm64_micro_20260520_052452_727433,micro/results/aws_arm64_micro_20260520_052452_727433,yes,2026-05-20T05:24:52.727433+00:00,aws_arm64_micro; CPU aarch64,unknown,completed,bpf-benchmark/docs/archive/shared/plot_micro_characterization_20260527.py; paper-provenance/scripts/plot_characterization_pure_percase.py (older 29-case source; final 27-case/4config generator not retained),yes,1.984000000,recomputed; figure legends match; bars visually consistent,median kernel/path exec_ns; each ARM path has its own baseline,"Final figure is sec-3-4config-percase.pdf, introduced June10; updated generating script not tracked.",recomputed from data/,3,\includegraphics[width=\textwidth]{figures/sec-3-4config-percase.pdf}
C0213,current,body,figure bar,paper/figures/sec-3-pure-bytecode-percase.tex,3,\includegraphics[width=\textwidth]{figures/sec-3-4config-percase.pdf},arm cilium_socket_lb_service_select native plotted speedup,bar (value derived below),micro/results/aws_arm64_micro_20260520_052452_727433,micro/results/aws_arm64_micro_20260520_052452_727433,yes,2026-05-20T05:24:52.727433+00:00,aws_arm64_micro; CPU aarch64,unknown,completed,bpf-benchmark/docs/archive/shared/plot_micro_characterization_20260527.py; paper-provenance/scripts/plot_characterization_pure_percase.py (older 29-case source; final 27-case/4config generator not retained),yes,3.314705882,recomputed; figure legends match; bars visually consistent,median kernel/path exec_ns; each ARM path has its own baseline,"Final figure is sec-3-4config-percase.pdf, introduced June10; updated generating script not tracked.",recomputed from data/,3,\includegraphics[width=\textwidth]{figures/sec-3-4config-percase.pdf}
C0214,current,body,figure bar,paper/figures/sec-3-pure-bytecode-percase.tex,3,\includegraphics[width=\textwidth]{figures/sec-3-4config-percase.pdf},arm flow_5tuple_rss_hash native plotted speedup,bar (value derived below),micro/results/aws_arm64_micro_20260520_052452_727433,micro/results/aws_arm64_micro_20260520_052452_727433,yes,2026-05-20T05:24:52.727433+00:00,aws_arm64_micro; CPU aarch64,unknown,completed,bpf-benchmark/docs/archive/shared/plot_micro_characterization_20260527.py; paper-provenance/scripts/plot_characterization_pure_percase.py (older 29-case source; final 27-case/4config generator not retained),yes,2.888888889,recomputed; figure legends match; bars visually consistent,median kernel/path exec_ns; each ARM path has its own baseline,"Final figure is sec-3-4config-percase.pdf, introduced June10; updated generating script not tracked.",recomputed from data/,3,\includegraphics[width=\textwidth]{figures/sec-3-4config-percase.pdf}
C0215,current,body,figure bar,paper/figures/sec-3-pure-bytecode-percase.tex,3,\includegraphics[width=\textwidth]{figures/sec-3-4config-percase.pdf},arm flow_record_field_scan native plotted speedup,bar (value derived below),micro/results/aws_arm64_micro_20260520_052452_727433,micro/results/aws_arm64_micro_20260520_052452_727433,yes,2026-05-20T05:24:52.727433+00:00,aws_arm64_micro; CPU aarch64,unknown,completed,bpf-benchmark/docs/archive/shared/plot_micro_characterization_20260527.py; paper-provenance/scripts/plot_characterization_pure_percase.py (older 29-case source; final 27-case/4config generator not retained),yes,1.807339450,recomputed; figure legends match; bars visually consistent,median kernel/path exec_ns; each ARM path has its own baseline,"Final figure is sec-3-4config-percase.pdf, introduced June10; updated generating script not tracked.",recomputed from data/,3,\includegraphics[width=\textwidth]{figures/sec-3-4config-percase.pdf}
C0216,current,body,figure bar,paper/figures/sec-3-pure-bytecode-percase.tex,3,\includegraphics[width=\textwidth]{figures/sec-3-4config-percase.pdf},arm katran_lb_consistent_hash_select native plotted speedup,bar (value derived below),micro/results/aws_arm64_micro_20260520_052452_727433,micro/results/aws_arm64_micro_20260520_052452_727433,yes,2026-05-20T05:24:52.727433+00:00,aws_arm64_micro; CPU aarch64,unknown,completed,bpf-benchmark/docs/archive/shared/plot_micro_characterization_20260527.py; paper-provenance/scripts/plot_characterization_pure_percase.py (older 29-case source; final 27-case/4config generator not retained),yes,2.518518519,recomputed; figure legends match; bars visually consistent,median kernel/path exec_ns; each ARM path has its own baseline,"Final figure is sec-3-4config-percase.pdf, introduced June10; updated generating script not tracked.",recomputed from data/,3,\includegraphics[width=\textwidth]{figures/sec-3-4config-percase.pdf}
C0217,current,body,figure bar,paper/figures/sec-3-pure-bytecode-percase.tex,3,\includegraphics[width=\textwidth]{figures/sec-3-4config-percase.pdf},arm otel_stack_frame_unwind_scan native plotted speedup,bar (value derived below),micro/results/aws_arm64_micro_20260520_052452_727433,micro/results/aws_arm64_micro_20260520_052452_727433,yes,2026-05-20T05:24:52.727433+00:00,aws_arm64_micro; CPU aarch64,unknown,completed,bpf-benchmark/docs/archive/shared/plot_micro_characterization_20260527.py; paper-provenance/scripts/plot_characterization_pure_percase.py (older 29-case source; final 27-case/4config generator not retained),yes,3.822429907,recomputed; figure legends match; bars visually consistent,median kernel/path exec_ns; each ARM path has its own baseline,"Final figure is sec-3-4config-percase.pdf, introduced June10; updated generating script not tracked.",recomputed from data/,3,\includegraphics[width=\textwidth]{figures/sec-3-4config-percase.pdf}
C0218,current,body,figure bar,paper/figures/sec-3-pure-bytecode-percase.tex,3,\includegraphics[width=\textwidth]{figures/sec-3-4config-percase.pdf},arm packed_header_bitfield_decode native plotted speedup,bar (value derived below),micro/results/aws_arm64_micro_20260520_052452_727433,micro/results/aws_arm64_micro_20260520_052452_727433,yes,2026-05-20T05:24:52.727433+00:00,aws_arm64_micro; CPU aarch64,unknown,completed,bpf-benchmark/docs/archive/shared/plot_micro_characterization_20260527.py; paper-provenance/scripts/plot_characterization_pure_percase.py (older 29-case source; final 27-case/4config generator not retained),yes,1.673828125,recomputed; figure legends match; bars visually consistent,median kernel/path exec_ns; each ARM path has its own baseline,"Final figure is sec-3-4config-percase.pdf, introduced June10; updated generating script not tracked.",recomputed from data/,3,\includegraphics[width=\textwidth]{figures/sec-3-4config-percase.pdf}
C0219,current,body,figure bar,paper/figures/sec-3-pure-bytecode-percase.tex,3,\includegraphics[width=\textwidth]{figures/sec-3-4config-percase.pdf},arm packet_checksum_fold native plotted speedup,bar (value derived below),micro/results/aws_arm64_micro_20260520_052452_727433,micro/results/aws_arm64_micro_20260520_052452_727433,yes,2026-05-20T05:24:52.727433+00:00,aws_arm64_micro; CPU aarch64,unknown,completed,bpf-benchmark/docs/archive/shared/plot_micro_characterization_20260527.py; paper-provenance/scripts/plot_characterization_pure_percase.py (older 29-case source; final 27-case/4config generator not retained),yes,1.515928695,recomputed; figure legends match; bars visually consistent,median kernel/path exec_ns; each ARM path has its own baseline,"Final figure is sec-3-4config-percase.pdf, introduced June10; updated generating script not tracked.",recomputed from data/,3,\includegraphics[width=\textwidth]{figures/sec-3-4config-percase.pdf}
C0220,current,body,figure bar,paper/figures/sec-3-pure-bytecode-percase.tex,3,\includegraphics[width=\textwidth]{figures/sec-3-4config-percase.pdf},arm packet_record_bounds_window native plotted speedup,bar (value derived below),micro/results/aws_arm64_micro_20260520_052452_727433,micro/results/aws_arm64_micro_20260520_052452_727433,yes,2026-05-20T05:24:52.727433+00:00,aws_arm64_micro; CPU aarch64,unknown,completed,bpf-benchmark/docs/archive/shared/plot_micro_characterization_20260527.py; paper-provenance/scripts/plot_characterization_pure_percase.py (older 29-case source; final 27-case/4config generator not retained),yes,2.353333333,recomputed; figure legends match; bars visually consistent,median kernel/path exec_ns; each ARM path has its own baseline,"Final figure is sec-3-4config-percase.pdf, introduced June10; updated generating script not tracked.",recomputed from data/,3,\includegraphics[width=\textwidth]{figures/sec-3-4config-percase.pdf}
C0221,current,body,figure bar,paper/figures/sec-3-pure-bytecode-percase.tex,3,\includegraphics[width=\textwidth]{figures/sec-3-4config-percase.pdf},arm packet_toeplitz_rss_hash native plotted speedup,bar (value derived below),micro/results/aws_arm64_micro_20260520_052452_727433,micro/results/aws_arm64_micro_20260520_052452_727433,yes,2026-05-20T05:24:52.727433+00:00,aws_arm64_micro; CPU aarch64,unknown,completed,bpf-benchmark/docs/archive/shared/plot_micro_characterization_20260527.py; paper-provenance/scripts/plot_characterization_pure_percase.py (older 29-case source; final 27-case/4config generator not retained),yes,1.295212766,recomputed; figure legends match; bars visually consistent,median kernel/path exec_ns; each ARM path has its own baseline,"Final figure is sec-3-4config-percase.pdf, introduced June10; updated generating script not tracked.",recomputed from data/,3,\includegraphics[width=\textwidth]{figures/sec-3-4config-percase.pdf}
C0222,current,body,figure bar,paper/figures/sec-3-pure-bytecode-percase.tex,3,\includegraphics[width=\textwidth]{figures/sec-3-4config-percase.pdf},arm packet_vlan_tcpopt_parser native plotted speedup,bar (value derived below),micro/results/aws_arm64_micro_20260520_052452_727433,micro/results/aws_arm64_micro_20260520_052452_727433,yes,2026-05-20T05:24:52.727433+00:00,aws_arm64_micro; CPU aarch64,unknown,completed,bpf-benchmark/docs/archive/shared/plot_micro_characterization_20260527.py; paper-provenance/scripts/plot_characterization_pure_percase.py (older 29-case source; final 27-case/4config generator not retained),yes,2.263157895,recomputed; figure legends match; bars visually consistent,median kernel/path exec_ns; each ARM path has its own baseline,"Final figure is sec-3-4config-percase.pdf, introduced June10; updated generating script not tracked.",recomputed from data/,3,\includegraphics[width=\textwidth]{figures/sec-3-4config-percase.pdf}
C0223,current,body,figure bar,paper/figures/sec-3-pure-bytecode-percase.tex,3,\includegraphics[width=\textwidth]{figures/sec-3-4config-percase.pdf},arm payload_prefix_memcmp_scan native plotted speedup,bar (value derived below),micro/results/aws_arm64_micro_20260520_052452_727433,micro/results/aws_arm64_micro_20260520_052452_727433,yes,2026-05-20T05:24:52.727433+00:00,aws_arm64_micro; CPU aarch64,unknown,completed,bpf-benchmark/docs/archive/shared/plot_micro_characterization_20260527.py; paper-provenance/scripts/plot_characterization_pure_percase.py (older 29-case source; final 27-case/4config generator not retained),yes,1.700000000,recomputed; figure legends match; bars visually consistent,median kernel/path exec_ns; each ARM path has its own baseline,"Final figure is sec-3-4config-percase.pdf, introduced June10; updated generating script not tracked.",recomputed from data/,3,\includegraphics[width=\textwidth]{figures/sec-3-4config-percase.pdf}
C0224,current,body,figure bar,paper/figures/sec-3-pure-bytecode-percase.tex,3,\includegraphics[width=\textwidth]{figures/sec-3-4config-percase.pdf},arm siphash_rotate64_mixer native plotted speedup,bar (value derived below),micro/results/aws_arm64_micro_20260520_052452_727433,micro/results/aws_arm64_micro_20260520_052452_727433,yes,2026-05-20T05:24:52.727433+00:00,aws_arm64_micro; CPU aarch64,unknown,completed,bpf-benchmark/docs/archive/shared/plot_micro_characterization_20260527.py; paper-provenance/scripts/plot_characterization_pure_percase.py (older 29-case source; final 27-case/4config generator not retained),yes,3.533333333,recomputed; figure legends match; bars visually consistent,median kernel/path exec_ns; each ARM path has its own baseline,"Final figure is sec-3-4config-percase.pdf, introduced June10; updated generating script not tracked.",recomputed from data/,3,\includegraphics[width=\textwidth]{figures/sec-3-4config-percase.pdf}
C0225,current,body,figure bar,paper/figures/sec-3-pure-bytecode-percase.tex,3,\includegraphics[width=\textwidth]{figures/sec-3-4config-percase.pdf},arm sorted_rule_binary_search native plotted speedup,bar (value derived below),micro/results/aws_arm64_micro_20260520_052452_727433,micro/results/aws_arm64_micro_20260520_052452_727433,yes,2026-05-20T05:24:52.727433+00:00,aws_arm64_micro; CPU aarch64,unknown,completed,bpf-benchmark/docs/archive/shared/plot_micro_characterization_20260527.py; paper-provenance/scripts/plot_characterization_pure_percase.py (older 29-case source; final 27-case/4config generator not retained),yes,2.696675900,recomputed; figure legends match; bars visually consistent,median kernel/path exec_ns; each ARM path has its own baseline,"Final figure is sec-3-4config-percase.pdf, introduced June10; updated generating script not tracked.",recomputed from data/,3,\includegraphics[width=\textwidth]{figures/sec-3-4config-percase.pdf}
C0226,current,body,figure bar,paper/figures/sec-3-pure-bytecode-percase.tex,3,\includegraphics[width=\textwidth]{figures/sec-3-4config-percase.pdf},arm tc_packet_checksum_fold native plotted speedup,bar (value derived below),micro/results/aws_arm64_micro_20260520_052452_727433,micro/results/aws_arm64_micro_20260520_052452_727433,yes,2026-05-20T05:24:52.727433+00:00,aws_arm64_micro; CPU aarch64,unknown,completed,bpf-benchmark/docs/archive/shared/plot_micro_characterization_20260527.py; paper-provenance/scripts/plot_characterization_pure_percase.py (older 29-case source; final 27-case/4config generator not retained),yes,1.205507441,recomputed; figure legends match; bars visually consistent,median kernel/path exec_ns; each ARM path has its own baseline,"Final figure is sec-3-4config-percase.pdf, introduced June10; updated generating script not tracked.",recomputed from data/,3,\includegraphics[width=\textwidth]{figures/sec-3-4config-percase.pdf}
C0227,current,body,figure bar,paper/figures/sec-3-pure-bytecode-percase.tex,3,\includegraphics[width=\textwidth]{figures/sec-3-4config-percase.pdf},arm tetragon_process_event_arg_filter native plotted speedup,bar (value derived below),micro/results/aws_arm64_micro_20260520_052452_727433,micro/results/aws_arm64_micro_20260520_052452_727433,yes,2026-05-20T05:24:52.727433+00:00,aws_arm64_micro; CPU aarch64,unknown,completed,bpf-benchmark/docs/archive/shared/plot_micro_characterization_20260527.py; paper-provenance/scripts/plot_characterization_pure_percase.py (older 29-case source; final 27-case/4config generator not retained),yes,2.297188755,recomputed; figure legends match; bars visually consistent,median kernel/path exec_ns; each ARM path has its own baseline,"Final figure is sec-3-4config-percase.pdf, introduced June10; updated generating script not tracked.",recomputed from data/,3,\includegraphics[width=\textwidth]{figures/sec-3-4config-percase.pdf}
C0228,current,body,figure bar,paper/figures/sec-3-pure-bytecode-percase.tex,3,\includegraphics[width=\textwidth]{figures/sec-3-4config-percase.pdf},arm trace_event_type_switch_dispatch native plotted speedup,bar (value derived below),micro/results/aws_arm64_micro_20260520_052452_727433,micro/results/aws_arm64_micro_20260520_052452_727433,yes,2026-05-20T05:24:52.727433+00:00,aws_arm64_micro; CPU aarch64,unknown,completed,bpf-benchmark/docs/archive/shared/plot_micro_characterization_20260527.py; paper-provenance/scripts/plot_characterization_pure_percase.py (older 29-case source; final 27-case/4config generator not retained),yes,1.050670641,recomputed; figure legends match; bars visually consistent,median kernel/path exec_ns; each ARM path has its own baseline,"Final figure is sec-3-4config-percase.pdf, introduced June10; updated generating script not tracked.",recomputed from data/,3,\includegraphics[width=\textwidth]{figures/sec-3-4config-percase.pdf}
C0229,current,body,figure bar,paper/figures/sec-3-pure-bytecode-percase.tex,3,\includegraphics[width=\textwidth]{figures/sec-3-4config-percase.pdf},arm tracee_http_method_prefix_detect native plotted speedup,bar (value derived below),micro/results/aws_arm64_micro_20260520_052452_727433,micro/results/aws_arm64_micro_20260520_052452_727433,yes,2026-05-20T05:24:52.727433+00:00,aws_arm64_micro; CPU aarch64,unknown,completed,bpf-benchmark/docs/archive/shared/plot_micro_characterization_20260527.py; paper-provenance/scripts/plot_characterization_pure_percase.py (older 29-case source; final 27-case/4config generator not retained),yes,1.404761905,recomputed; figure legends match; bars visually consistent,median kernel/path exec_ns; each ARM path has its own baseline,"Final figure is sec-3-4config-percase.pdf, introduced June10; updated generating script not tracked.",recomputed from data/,3,\includegraphics[width=\textwidth]{figures/sec-3-4config-percase.pdf}
C0230,current,body,figure bar,paper/figures/sec-3-pure-bytecode-percase.tex,3,\includegraphics[width=\textwidth]{figures/sec-3-4config-percase.pdf},arm tracee_syscall_name_table_lookup native plotted speedup,bar (value derived below),micro/results/aws_arm64_micro_20260520_052452_727433,micro/results/aws_arm64_micro_20260520_052452_727433,yes,2026-05-20T05:24:52.727433+00:00,aws_arm64_micro; CPU aarch64,unknown,completed,bpf-benchmark/docs/archive/shared/plot_micro_characterization_20260527.py; paper-provenance/scripts/plot_characterization_pure_percase.py (older 29-case source; final 27-case/4config generator not retained),yes,1.366548043,recomputed; figure legends match; bars visually consistent,median kernel/path exec_ns; each ARM path has its own baseline,"Final figure is sec-3-4config-percase.pdf, introduced June10; updated generating script not tracked.",recomputed from data/,3,\includegraphics[width=\textwidth]{figures/sec-3-4config-percase.pdf}
C0231,current,body,figure bar,paper/figures/sec-3-pure-bytecode-percase.tex,3,\includegraphics[width=\textwidth]{figures/sec-3-4config-percase.pdf},arm bcc_runqlat_log2_histogram_bucket llvmbpf plotted speedup,bar (value derived below),micro/results/aws_arm64_micro_20260520_052452_727433,micro/results/aws_arm64_micro_20260520_052452_727433,yes,2026-05-20T05:24:52.727433+00:00,aws_arm64_micro; CPU aarch64,unknown,completed,bpf-benchmark/docs/archive/shared/plot_micro_characterization_20260527.py; paper-provenance/scripts/plot_characterization_pure_percase.py (older 29-case source; final 27-case/4config generator not retained),yes,1.819484241,recomputed; figure legends match; bars visually consistent,median kernel/path exec_ns; each ARM path has its own baseline,"Final figure is sec-3-4config-percase.pdf, introduced June10; updated generating script not tracked.",recomputed from data/,3,\includegraphics[width=\textwidth]{figures/sec-3-4config-percase.pdf}
C0232,current,body,figure bar,paper/figures/sec-3-pure-bytecode-percase.tex,3,\includegraphics[width=\textwidth]{figures/sec-3-4config-percase.pdf},arm bcc_tcpconnect_ipv4_tuple_filter llvmbpf plotted speedup,bar (value derived below),micro/results/aws_arm64_micro_20260520_052452_727433,micro/results/aws_arm64_micro_20260520_052452_727433,yes,2026-05-20T05:24:52.727433+00:00,aws_arm64_micro; CPU aarch64,unknown,completed,bpf-benchmark/docs/archive/shared/plot_micro_characterization_20260527.py; paper-provenance/scripts/plot_characterization_pure_percase.py (older 29-case source; final 27-case/4config generator not retained),yes,2.743421053,recomputed; figure legends match; bars visually consistent,median kernel/path exec_ns; each ARM path has its own baseline,"Final figure is sec-3-4config-percase.pdf, introduced June10; updated generating script not tracked.",recomputed from data/,3,\includegraphics[width=\textwidth]{figures/sec-3-4config-percase.pdf}
C0233,current,body,figure bar,paper/figures/sec-3-pure-bytecode-percase.tex,3,\includegraphics[width=\textwidth]{figures/sec-3-4config-percase.pdf},arm bitmap_popcount_scan llvmbpf plotted speedup,bar (value derived below),micro/results/aws_arm64_micro_20260520_052452_727433,micro/results/aws_arm64_micro_20260520_052452_727433,yes,2026-05-20T05:24:52.727433+00:00,aws_arm64_micro; CPU aarch64,unknown,completed,bpf-benchmark/docs/archive/shared/plot_micro_characterization_20260527.py; paper-provenance/scripts/plot_characterization_pure_percase.py (older 29-case source; final 27-case/4config generator not retained),yes,1.363135334,recomputed; figure legends match; bars visually consistent,median kernel/path exec_ns; each ARM path has its own baseline,"Final figure is sec-3-4config-percase.pdf, introduced June10; updated generating script not tracked.",recomputed from data/,3,\includegraphics[width=\textwidth]{figures/sec-3-4config-percase.pdf}
C0234,current,body,figure bar,paper/figures/sec-3-pure-bytecode-percase.tex,3,\includegraphics[width=\textwidth]{figures/sec-3-4config-percase.pdf},arm bpf_local_call_fanout_dispatch llvmbpf plotted speedup,bar (value derived below),micro/results/aws_arm64_micro_20260520_052452_727433,micro/results/aws_arm64_micro_20260520_052452_727433,yes,2026-05-20T05:24:52.727433+00:00,aws_arm64_micro; CPU aarch64,unknown,completed,bpf-benchmark/docs/archive/shared/plot_micro_characterization_20260527.py; paper-provenance/scripts/plot_characterization_pure_percase.py (older 29-case source; final 27-case/4config generator not retained),yes,2.958677686,recomputed; figure legends match; bars visually consistent,median kernel/path exec_ns; each ARM path has its own baseline,"Final figure is sec-3-4config-percase.pdf, introduced June10; updated generating script not tracked.",recomputed from data/,3,\includegraphics[width=\textwidth]{figures/sec-3-4config-percase.pdf}
C0235,current,body,figure bar,paper/figures/sec-3-pure-bytecode-percase.tex,3,\includegraphics[width=\textwidth]{figures/sec-3-4config-percase.pdf},arm bpftrace_comm_key_fnv_hash llvmbpf plotted speedup,bar (value derived below),micro/results/aws_arm64_micro_20260520_052452_727433,micro/results/aws_arm64_micro_20260520_052452_727433,yes,2026-05-20T05:24:52.727433+00:00,aws_arm64_micro; CPU aarch64,unknown,completed,bpf-benchmark/docs/archive/shared/plot_micro_characterization_20260527.py; paper-provenance/scripts/plot_characterization_pure_percase.py (older 29-case source; final 27-case/4config generator not retained),yes,1.189655172,recomputed; figure legends match; bars visually consistent,median kernel/path exec_ns; each ARM path has its own baseline,"Final figure is sec-3-4config-percase.pdf, introduced June10; updated generating script not tracked.",recomputed from data/,3,\includegraphics[width=\textwidth]{figures/sec-3-4config-percase.pdf}
C0236,current,body,figure bar,paper/figures/sec-3-pure-bytecode-percase.tex,3,\includegraphics[width=\textwidth]{figures/sec-3-4config-percase.pdf},arm bpftrace_string_search_prefix_scan llvmbpf plotted speedup,bar (value derived below),micro/results/aws_arm64_micro_20260520_052452_727433,micro/results/aws_arm64_micro_20260520_052452_727433,yes,2026-05-20T05:24:52.727433+00:00,aws_arm64_micro; CPU aarch64,unknown,completed,bpf-benchmark/docs/archive/shared/plot_micro_characterization_20260527.py; paper-provenance/scripts/plot_characterization_pure_percase.py (older 29-case source; final 27-case/4config generator not retained),yes,2.015772871,recomputed; figure legends match; bars visually consistent,median kernel/path exec_ns; each ARM path has its own baseline,"Final figure is sec-3-4config-percase.pdf, introduced June10; updated generating script not tracked.",recomputed from data/,3,\includegraphics[width=\textwidth]{figures/sec-3-4config-percase.pdf}
C0237,current,body,figure bar,paper/figures/sec-3-pure-bytecode-percase.tex,3,\includegraphics[width=\textwidth]{figures/sec-3-4config-percase.pdf},arm cgroup_skb_hash_chain llvmbpf plotted speedup,bar (value derived below),micro/results/aws_arm64_micro_20260520_052452_727433,micro/results/aws_arm64_micro_20260520_052452_727433,yes,2026-05-20T05:24:52.727433+00:00,aws_arm64_micro; CPU aarch64,unknown,completed,bpf-benchmark/docs/archive/shared/plot_micro_characterization_20260527.py; paper-provenance/scripts/plot_characterization_pure_percase.py (older 29-case source; final 27-case/4config generator not retained),yes,2.591397849,recomputed; figure legends match; bars visually consistent,median kernel/path exec_ns; each ARM path has its own baseline,"Final figure is sec-3-4config-percase.pdf, introduced June10; updated generating script not tracked.",recomputed from data/,3,\includegraphics[width=\textwidth]{figures/sec-3-4config-percase.pdf}
C0238,current,body,figure bar,paper/figures/sec-3-pure-bytecode-percase.tex,3,\includegraphics[width=\textwidth]{figures/sec-3-4config-percase.pdf},arm cilium_ct_nat_tuple_rewrite llvmbpf plotted speedup,bar (value derived below),micro/results/aws_arm64_micro_20260520_052452_727433,micro/results/aws_arm64_micro_20260520_052452_727433,yes,2026-05-20T05:24:52.727433+00:00,aws_arm64_micro; CPU aarch64,unknown,completed,bpf-benchmark/docs/archive/shared/plot_micro_characterization_20260527.py; paper-provenance/scripts/plot_characterization_pure_percase.py (older 29-case source; final 27-case/4config generator not retained),yes,2.416666667,recomputed; figure legends match; bars visually consistent,median kernel/path exec_ns; each ARM path has its own baseline,"Final figure is sec-3-4config-percase.pdf, introduced June10; updated generating script not tracked.",recomputed from data/,3,\includegraphics[width=\textwidth]{figures/sec-3-4config-percase.pdf}
C0239,current,body,figure bar,paper/figures/sec-3-pure-bytecode-percase.tex,3,\includegraphics[width=\textwidth]{figures/sec-3-4config-percase.pdf},arm cilium_policy_guard_tree_filter llvmbpf plotted speedup,bar (value derived below),micro/results/aws_arm64_micro_20260520_052452_727433,micro/results/aws_arm64_micro_20260520_052452_727433,yes,2026-05-20T05:24:52.727433+00:00,aws_arm64_micro; CPU aarch64,unknown,completed,bpf-benchmark/docs/archive/shared/plot_micro_characterization_20260527.py; paper-provenance/scripts/plot_characterization_pure_percase.py (older 29-case source; final 27-case/4config generator not retained),yes,1.642384106,recomputed; figure legends match; bars visually consistent,median kernel/path exec_ns; each ARM path has its own baseline,"Final figure is sec-3-4config-percase.pdf, introduced June10; updated generating script not tracked.",recomputed from data/,3,\includegraphics[width=\textwidth]{figures/sec-3-4config-percase.pdf}
C0240,current,body,figure bar,paper/figures/sec-3-pure-bytecode-percase.tex,3,\includegraphics[width=\textwidth]{figures/sec-3-4config-percase.pdf},arm cilium_socket_lb_service_select llvmbpf plotted speedup,bar (value derived below),micro/results/aws_arm64_micro_20260520_052452_727433,micro/results/aws_arm64_micro_20260520_052452_727433,yes,2026-05-20T05:24:52.727433+00:00,aws_arm64_micro; CPU aarch64,unknown,completed,bpf-benchmark/docs/archive/shared/plot_micro_characterization_20260527.py; paper-provenance/scripts/plot_characterization_pure_percase.py (older 29-case source; final 27-case/4config generator not retained),yes,2.689737470,recomputed; figure legends match; bars visually consistent,median kernel/path exec_ns; each ARM path has its own baseline,"Final figure is sec-3-4config-percase.pdf, introduced June10; updated generating script not tracked.",recomputed from data/,3,\includegraphics[width=\textwidth]{figures/sec-3-4config-percase.pdf}
C0241,current,body,figure bar,paper/figures/sec-3-pure-bytecode-percase.tex,3,\includegraphics[width=\textwidth]{figures/sec-3-4config-percase.pdf},arm flow_5tuple_rss_hash llvmbpf plotted speedup,bar (value derived below),micro/results/aws_arm64_micro_20260520_052452_727433,micro/results/aws_arm64_micro_20260520_052452_727433,yes,2026-05-20T05:24:52.727433+00:00,aws_arm64_micro; CPU aarch64,unknown,completed,bpf-benchmark/docs/archive/shared/plot_micro_characterization_20260527.py; paper-provenance/scripts/plot_characterization_pure_percase.py (older 29-case source; final 27-case/4config generator not retained),yes,1.857142857,recomputed; figure legends match; bars visually consistent,median kernel/path exec_ns; each ARM path has its own baseline,"Final figure is sec-3-4config-percase.pdf, introduced June10; updated generating script not tracked.",recomputed from data/,3,\includegraphics[width=\textwidth]{figures/sec-3-4config-percase.pdf}
C0242,current,body,figure bar,paper/figures/sec-3-pure-bytecode-percase.tex,3,\includegraphics[width=\textwidth]{figures/sec-3-4config-percase.pdf},arm flow_record_field_scan llvmbpf plotted speedup,bar (value derived below),micro/results/aws_arm64_micro_20260520_052452_727433,micro/results/aws_arm64_micro_20260520_052452_727433,yes,2026-05-20T05:24:52.727433+00:00,aws_arm64_micro; CPU aarch64,unknown,completed,bpf-benchmark/docs/archive/shared/plot_micro_characterization_20260527.py; paper-provenance/scripts/plot_characterization_pure_percase.py (older 29-case source; final 27-case/4config generator not retained),yes,1.655462185,recomputed; figure legends match; bars visually consistent,median kernel/path exec_ns; each ARM path has its own baseline,"Final figure is sec-3-4config-percase.pdf, introduced June10; updated generating script not tracked.",recomputed from data/,3,\includegraphics[width=\textwidth]{figures/sec-3-4config-percase.pdf}
C0243,current,body,figure bar,paper/figures/sec-3-pure-bytecode-percase.tex,3,\includegraphics[width=\textwidth]{figures/sec-3-4config-percase.pdf},arm katran_lb_consistent_hash_select llvmbpf plotted speedup,bar (value derived below),micro/results/aws_arm64_micro_20260520_052452_727433,micro/results/aws_arm64_micro_20260520_052452_727433,yes,2026-05-20T05:24:52.727433+00:00,aws_arm64_micro; CPU aarch64,unknown,completed,bpf-benchmark/docs/archive/shared/plot_micro_characterization_20260527.py; paper-provenance/scripts/plot_characterization_pure_percase.py (older 29-case source; final 27-case/4config generator not retained),yes,1.888888889,recomputed; figure legends match; bars visually consistent,median kernel/path exec_ns; each ARM path has its own baseline,"Final figure is sec-3-4config-percase.pdf, introduced June10; updated generating script not tracked.",recomputed from data/,3,\includegraphics[width=\textwidth]{figures/sec-3-4config-percase.pdf}
C0244,current,body,figure bar,paper/figures/sec-3-pure-bytecode-percase.tex,3,\includegraphics[width=\textwidth]{figures/sec-3-4config-percase.pdf},arm otel_stack_frame_unwind_scan llvmbpf plotted speedup,bar (value derived below),micro/results/aws_arm64_micro_20260520_052452_727433,micro/results/aws_arm64_micro_20260520_052452_727433,yes,2026-05-20T05:24:52.727433+00:00,aws_arm64_micro; CPU aarch64,unknown,completed,bpf-benchmark/docs/archive/shared/plot_micro_characterization_20260527.py; paper-provenance/scripts/plot_characterization_pure_percase.py (older 29-case source; final 27-case/4config generator not retained),yes,2.187165775,recomputed; figure legends match; bars visually consistent,median kernel/path exec_ns; each ARM path has its own baseline,"Final figure is sec-3-4config-percase.pdf, introduced June10; updated generating script not tracked.",recomputed from data/,3,\includegraphics[width=\textwidth]{figures/sec-3-4config-percase.pdf}
C0245,current,body,figure bar,paper/figures/sec-3-pure-bytecode-percase.tex,3,\includegraphics[width=\textwidth]{figures/sec-3-4config-percase.pdf},arm packed_header_bitfield_decode llvmbpf plotted speedup,bar (value derived below),micro/results/aws_arm64_micro_20260520_052452_727433,micro/results/aws_arm64_micro_20260520_052452_727433,yes,2026-05-20T05:24:52.727433+00:00,aws_arm64_micro; CPU aarch64,unknown,completed,bpf-benchmark/docs/archive/shared/plot_micro_characterization_20260527.py; paper-provenance/scripts/plot_characterization_pure_percase.py (older 29-case source; final 27-case/4config generator not retained),yes,1.763374486,recomputed; figure legends match; bars visually consistent,median kernel/path exec_ns; each ARM path has its own baseline,"Final figure is sec-3-4config-percase.pdf, introduced June10; updated generating script not tracked.",recomputed from data/,3,\includegraphics[width=\textwidth]{figures/sec-3-4config-percase.pdf}
C0246,current,body,figure bar,paper/figures/sec-3-pure-bytecode-percase.tex,3,\includegraphics[width=\textwidth]{figures/sec-3-4config-percase.pdf},arm packet_checksum_fold llvmbpf plotted speedup,bar (value derived below),micro/results/aws_arm64_micro_20260520_052452_727433,micro/results/aws_arm64_micro_20260520_052452_727433,yes,2026-05-20T05:24:52.727433+00:00,aws_arm64_micro; CPU aarch64,unknown,completed,bpf-benchmark/docs/archive/shared/plot_micro_characterization_20260527.py; paper-provenance/scripts/plot_characterization_pure_percase.py (older 29-case source; final 27-case/4config generator not retained),yes,1.511467013,recomputed; figure legends match; bars visually consistent,median kernel/path exec_ns; each ARM path has its own baseline,"Final figure is sec-3-4config-percase.pdf, introduced June10; updated generating script not tracked.",recomputed from data/,3,\includegraphics[width=\textwidth]{figures/sec-3-4config-percase.pdf}
C0247,current,body,figure bar,paper/figures/sec-3-pure-bytecode-percase.tex,3,\includegraphics[width=\textwidth]{figures/sec-3-4config-percase.pdf},arm packet_record_bounds_window llvmbpf plotted speedup,bar (value derived below),micro/results/aws_arm64_micro_20260520_052452_727433,micro/results/aws_arm64_micro_20260520_052452_727433,yes,2026-05-20T05:24:52.727433+00:00,aws_arm64_micro; CPU aarch64,unknown,completed,bpf-benchmark/docs/archive/shared/plot_micro_characterization_20260527.py; paper-provenance/scripts/plot_characterization_pure_percase.py (older 29-case source; final 27-case/4config generator not retained),yes,2.152439024,recomputed; figure legends match; bars visually consistent,median kernel/path exec_ns; each ARM path has its own baseline,"Final figure is sec-3-4config-percase.pdf, introduced June10; updated generating script not tracked.",recomputed from data/,3,\includegraphics[width=\textwidth]{figures/sec-3-4config-percase.pdf}
C0248,current,body,figure bar,paper/figures/sec-3-pure-bytecode-percase.tex,3,\includegraphics[width=\textwidth]{figures/sec-3-4config-percase.pdf},arm packet_toeplitz_rss_hash llvmbpf plotted speedup,bar (value derived below),micro/results/aws_arm64_micro_20260520_052452_727433,micro/results/aws_arm64_micro_20260520_052452_727433,yes,2026-05-20T05:24:52.727433+00:00,aws_arm64_micro; CPU aarch64,unknown,completed,bpf-benchmark/docs/archive/shared/plot_micro_characterization_20260527.py; paper-provenance/scripts/plot_characterization_pure_percase.py (older 29-case source; final 27-case/4config generator not retained),yes,1.830827068,recomputed; figure legends match; bars visually consistent,median kernel/path exec_ns; each ARM path has its own baseline,"Final figure is sec-3-4config-percase.pdf, introduced June10; updated generating script not tracked.",recomputed from data/,3,\includegraphics[width=\textwidth]{figures/sec-3-4config-percase.pdf}
C0249,current,body,figure bar,paper/figures/sec-3-pure-bytecode-percase.tex,3,\includegraphics[width=\textwidth]{figures/sec-3-4config-percase.pdf},arm packet_vlan_tcpopt_parser llvmbpf plotted speedup,bar (value derived below),micro/results/aws_arm64_micro_20260520_052452_727433,micro/results/aws_arm64_micro_20260520_052452_727433,yes,2026-05-20T05:24:52.727433+00:00,aws_arm64_micro; CPU aarch64,unknown,completed,bpf-benchmark/docs/archive/shared/plot_micro_characterization_20260527.py; paper-provenance/scripts/plot_characterization_pure_percase.py (older 29-case source; final 27-case/4config generator not retained),yes,1.954545455,recomputed; figure legends match; bars visually consistent,median kernel/path exec_ns; each ARM path has its own baseline,"Final figure is sec-3-4config-percase.pdf, introduced June10; updated generating script not tracked.",recomputed from data/,3,\includegraphics[width=\textwidth]{figures/sec-3-4config-percase.pdf}
C0250,current,body,figure bar,paper/figures/sec-3-pure-bytecode-percase.tex,3,\includegraphics[width=\textwidth]{figures/sec-3-4config-percase.pdf},arm payload_prefix_memcmp_scan llvmbpf plotted speedup,bar (value derived below),micro/results/aws_arm64_micro_20260520_052452_727433,micro/results/aws_arm64_micro_20260520_052452_727433,yes,2026-05-20T05:24:52.727433+00:00,aws_arm64_micro; CPU aarch64,unknown,completed,bpf-benchmark/docs/archive/shared/plot_micro_characterization_20260527.py; paper-provenance/scripts/plot_characterization_pure_percase.py (older 29-case source; final 27-case/4config generator not retained),yes,1.537234043,recomputed; figure legends match; bars visually consistent,median kernel/path exec_ns; each ARM path has its own baseline,"Final figure is sec-3-4config-percase.pdf, introduced June10; updated generating script not tracked.",recomputed from data/,3,\includegraphics[width=\textwidth]{figures/sec-3-4config-percase.pdf}
C0251,current,body,figure bar,paper/figures/sec-3-pure-bytecode-percase.tex,3,\includegraphics[width=\textwidth]{figures/sec-3-4config-percase.pdf},arm siphash_rotate64_mixer llvmbpf plotted speedup,bar (value derived below),micro/results/aws_arm64_micro_20260520_052452_727433,micro/results/aws_arm64_micro_20260520_052452_727433,yes,2026-05-20T05:24:52.727433+00:00,aws_arm64_micro; CPU aarch64,unknown,completed,bpf-benchmark/docs/archive/shared/plot_micro_characterization_20260527.py; paper-provenance/scripts/plot_characterization_pure_percase.py (older 29-case source; final 27-case/4config generator not retained),yes,3.312500000,recomputed; figure legends match; bars visually consistent,median kernel/path exec_ns; each ARM path has its own baseline,"Final figure is sec-3-4config-percase.pdf, introduced June10; updated generating script not tracked.",recomputed from data/,3,\includegraphics[width=\textwidth]{figures/sec-3-4config-percase.pdf}
C0252,current,body,figure bar,paper/figures/sec-3-pure-bytecode-percase.tex,3,\includegraphics[width=\textwidth]{figures/sec-3-4config-percase.pdf},arm sorted_rule_binary_search llvmbpf plotted speedup,bar (value derived below),micro/results/aws_arm64_micro_20260520_052452_727433,micro/results/aws_arm64_micro_20260520_052452_727433,yes,2026-05-20T05:24:52.727433+00:00,aws_arm64_micro; CPU aarch64,unknown,completed,bpf-benchmark/docs/archive/shared/plot_micro_characterization_20260527.py; paper-provenance/scripts/plot_characterization_pure_percase.py (older 29-case source; final 27-case/4config generator not retained),yes,2.932228916,recomputed; figure legends match; bars visually consistent,median kernel/path exec_ns; each ARM path has its own baseline,"Final figure is sec-3-4config-percase.pdf, introduced June10; updated generating script not tracked.",recomputed from data/,3,\includegraphics[width=\textwidth]{figures/sec-3-4config-percase.pdf}
C0253,current,body,figure bar,paper/figures/sec-3-pure-bytecode-percase.tex,3,\includegraphics[width=\textwidth]{figures/sec-3-4config-percase.pdf},arm tc_packet_checksum_fold llvmbpf plotted speedup,bar (value derived below),micro/results/aws_arm64_micro_20260520_052452_727433,micro/results/aws_arm64_micro_20260520_052452_727433,yes,2026-05-20T05:24:52.727433+00:00,aws_arm64_micro; CPU aarch64,unknown,completed,bpf-benchmark/docs/archive/shared/plot_micro_characterization_20260527.py; paper-provenance/scripts/plot_characterization_pure_percase.py (older 29-case source; final 27-case/4config generator not retained),yes,1.512048654,recomputed; figure legends match; bars visually consistent,median kernel/path exec_ns; each ARM path has its own baseline,"Final figure is sec-3-4config-percase.pdf, introduced June10; updated generating script not tracked.",recomputed from data/,3,\includegraphics[width=\textwidth]{figures/sec-3-4config-percase.pdf}
C0254,current,body,figure bar,paper/figures/sec-3-pure-bytecode-percase.tex,3,\includegraphics[width=\textwidth]{figures/sec-3-4config-percase.pdf},arm tetragon_process_event_arg_filter llvmbpf plotted speedup,bar (value derived below),micro/results/aws_arm64_micro_20260520_052452_727433,micro/results/aws_arm64_micro_20260520_052452_727433,yes,2026-05-20T05:24:52.727433+00:00,aws_arm64_micro; CPU aarch64,unknown,completed,bpf-benchmark/docs/archive/shared/plot_micro_characterization_20260527.py; paper-provenance/scripts/plot_characterization_pure_percase.py (older 29-case source; final 27-case/4config generator not retained),yes,2.183206107,recomputed; figure legends match; bars visually consistent,median kernel/path exec_ns; each ARM path has its own baseline,"Final figure is sec-3-4config-percase.pdf, introduced June10; updated generating script not tracked.",recomputed from data/,3,\includegraphics[width=\textwidth]{figures/sec-3-4config-percase.pdf}
C0255,current,body,figure bar,paper/figures/sec-3-pure-bytecode-percase.tex,3,\includegraphics[width=\textwidth]{figures/sec-3-4config-percase.pdf},arm trace_event_type_switch_dispatch llvmbpf plotted speedup,bar (value derived below),micro/results/aws_arm64_micro_20260520_052452_727433,micro/results/aws_arm64_micro_20260520_052452_727433,yes,2026-05-20T05:24:52.727433+00:00,aws_arm64_micro; CPU aarch64,unknown,completed,bpf-benchmark/docs/archive/shared/plot_micro_characterization_20260527.py; paper-provenance/scripts/plot_characterization_pure_percase.py (older 29-case source; final 27-case/4config generator not retained),yes,1.376953125,recomputed; figure legends match; bars visually consistent,median kernel/path exec_ns; each ARM path has its own baseline,"Final figure is sec-3-4config-percase.pdf, introduced June10; updated generating script not tracked.",recomputed from data/,3,\includegraphics[width=\textwidth]{figures/sec-3-4config-percase.pdf}
C0256,current,body,figure bar,paper/figures/sec-3-pure-bytecode-percase.tex,3,\includegraphics[width=\textwidth]{figures/sec-3-4config-percase.pdf},arm tracee_http_method_prefix_detect llvmbpf plotted speedup,bar (value derived below),micro/results/aws_arm64_micro_20260520_052452_727433,micro/results/aws_arm64_micro_20260520_052452_727433,yes,2026-05-20T05:24:52.727433+00:00,aws_arm64_micro; CPU aarch64,unknown,completed,bpf-benchmark/docs/archive/shared/plot_micro_characterization_20260527.py; paper-provenance/scripts/plot_characterization_pure_percase.py (older 29-case source; final 27-case/4config generator not retained),yes,1.311111111,recomputed; figure legends match; bars visually consistent,median kernel/path exec_ns; each ARM path has its own baseline,"Final figure is sec-3-4config-percase.pdf, introduced June10; updated generating script not tracked.",recomputed from data/,3,\includegraphics[width=\textwidth]{figures/sec-3-4config-percase.pdf}
C0257,current,body,figure bar,paper/figures/sec-3-pure-bytecode-percase.tex,3,\includegraphics[width=\textwidth]{figures/sec-3-4config-percase.pdf},arm tracee_syscall_name_table_lookup llvmbpf plotted speedup,bar (value derived below),micro/results/aws_arm64_micro_20260520_052452_727433,micro/results/aws_arm64_micro_20260520_052452_727433,yes,2026-05-20T05:24:52.727433+00:00,aws_arm64_micro; CPU aarch64,unknown,completed,bpf-benchmark/docs/archive/shared/plot_micro_characterization_20260527.py; paper-provenance/scripts/plot_characterization_pure_percase.py (older 29-case source; final 27-case/4config generator not retained),yes,1.465648855,recomputed; figure legends match; bars visually consistent,median kernel/path exec_ns; each ARM path has its own baseline,"Final figure is sec-3-4config-percase.pdf, introduced June10; updated generating script not tracked.",recomputed from data/,3,\includegraphics[width=\textwidth]{figures/sec-3-4config-percase.pdf}
C0258,current,body,figure bar,paper/figures/sec-6-kinsn-micro-rq1.tex,6,\includegraphics[width=\textwidth]{figures/sec-6-x86-kinsn-micro-best-raw-27-20260608.pdf},x86 bcc_runqlat_log2_histogram_bucket plotted kinsn speedup,bar (value derived below),micro/results/x86_kvm_micro_20260519_114214_364050; micro/results/x86_kvm_micro_20260526_210351_224315,micro/results/x86_kvm_micro_20260519_114214_364050; micro/results/x86_kvm_micro_20260526_210351_224315,yes,2026-05-19T11:42:14.364050+00:00; 2026-05-26T21:03:51.224315+00:00,x86_kvm_micro; CPU Intel(R) Core(TM) Ultra 9 285K,unknown,completed,paper-provenance/scripts/plot_evaluation_kinsn.py (older 29-case source); bpf-benchmark/docs/artifacts/render_claim_table.py (27-case derivation),yes,1.205179283,recomputed; figure geomeans 1.24/1.22 match,27-case sample medians; x86 separate candidate/baseline; ARM matched kernel/kernel_rejit,,recomputed from data/,6,\includegraphics[width=\textwidth]{figures/sec-6-x86-kinsn-micro-best-raw-27-20260608.pdf}
C0259,current,body,figure bar,paper/figures/sec-6-kinsn-micro-rq1.tex,6,\includegraphics[width=\textwidth]{figures/sec-6-x86-kinsn-micro-best-raw-27-20260608.pdf},x86 bcc_tcpconnect_ipv4_tuple_filter plotted kinsn speedup,bar (value derived below),micro/results/x86_kvm_micro_20260519_114214_364050; micro/results/x86_kvm_micro_20260526_210351_224315,micro/results/x86_kvm_micro_20260519_114214_364050; micro/results/x86_kvm_micro_20260526_210351_224315,yes,2026-05-19T11:42:14.364050+00:00; 2026-05-26T21:03:51.224315+00:00,x86_kvm_micro; CPU Intel(R) Core(TM) Ultra 9 285K,unknown,completed,paper-provenance/scripts/plot_evaluation_kinsn.py (older 29-case source); bpf-benchmark/docs/artifacts/render_claim_table.py (27-case derivation),yes,1.117021277,recomputed; figure geomeans 1.24/1.22 match,27-case sample medians; x86 separate candidate/baseline; ARM matched kernel/kernel_rejit,,recomputed from data/,6,\includegraphics[width=\textwidth]{figures/sec-6-x86-kinsn-micro-best-raw-27-20260608.pdf}
C0260,current,body,figure bar,paper/figures/sec-6-kinsn-micro-rq1.tex,6,\includegraphics[width=\textwidth]{figures/sec-6-x86-kinsn-micro-best-raw-27-20260608.pdf},x86 bitmap_popcount_scan plotted kinsn speedup,bar (value derived below),micro/results/x86_kvm_micro_20260519_114214_364050; micro/results/x86_kvm_micro_20260526_210351_224315,micro/results/x86_kvm_micro_20260519_114214_364050; micro/results/x86_kvm_micro_20260526_210351_224315,yes,2026-05-19T11:42:14.364050+00:00; 2026-05-26T21:03:51.224315+00:00,x86_kvm_micro; CPU Intel(R) Core(TM) Ultra 9 285K,unknown,completed,paper-provenance/scripts/plot_evaluation_kinsn.py (older 29-case source); bpf-benchmark/docs/artifacts/render_claim_table.py (27-case derivation),yes,2.266802444,recomputed; figure geomeans 1.24/1.22 match,27-case sample medians; x86 separate candidate/baseline; ARM matched kernel/kernel_rejit,,recomputed from data/,6,\includegraphics[width=\textwidth]{figures/sec-6-x86-kinsn-micro-best-raw-27-20260608.pdf}
C0261,current,body,figure bar,paper/figures/sec-6-kinsn-micro-rq1.tex,6,\includegraphics[width=\textwidth]{figures/sec-6-x86-kinsn-micro-best-raw-27-20260608.pdf},x86 bpf_local_call_fanout_dispatch plotted kinsn speedup,bar (value derived below),micro/results/x86_kvm_micro_20260519_114214_364050; micro/results/x86_kvm_micro_20260526_210351_224315,micro/results/x86_kvm_micro_20260519_114214_364050; micro/results/x86_kvm_micro_20260526_210351_224315,yes,2026-05-19T11:42:14.364050+00:00; 2026-05-26T21:03:51.224315+00:00,x86_kvm_micro; CPU Intel(R) Core(TM) Ultra 9 285K,unknown,completed,paper-provenance/scripts/plot_evaluation_kinsn.py (older 29-case source); bpf-benchmark/docs/artifacts/render_claim_table.py (27-case derivation),yes,1.488095238,recomputed; figure geomeans 1.24/1.22 match,27-case sample medians; x86 separate candidate/baseline; ARM matched kernel/kernel_rejit,,recomputed from data/,6,\includegraphics[width=\textwidth]{figures/sec-6-x86-kinsn-micro-best-raw-27-20260608.pdf}
C0262,current,body,figure bar,paper/figures/sec-6-kinsn-micro-rq1.tex,6,\includegraphics[width=\textwidth]{figures/sec-6-x86-kinsn-micro-best-raw-27-20260608.pdf},x86 bpftrace_comm_key_fnv_hash plotted kinsn speedup,bar (value derived below),micro/results/x86_kvm_micro_20260519_114214_364050; micro/results/x86_kvm_micro_20260526_210351_224315,micro/results/x86_kvm_micro_20260519_114214_364050; micro/results/x86_kvm_micro_20260526_210351_224315,yes,2026-05-19T11:42:14.364050+00:00; 2026-05-26T21:03:51.224315+00:00,x86_kvm_micro; CPU Intel(R) Core(TM) Ultra 9 285K,unknown,completed,paper-provenance/scripts/plot_evaluation_kinsn.py (older 29-case source); bpf-benchmark/docs/artifacts/render_claim_table.py (27-case derivation),yes,1.004618938,recomputed; figure geomeans 1.24/1.22 match,27-case sample medians; x86 separate candidate/baseline; ARM matched kernel/kernel_rejit,,recomputed from data/,6,\includegraphics[width=\textwidth]{figures/sec-6-x86-kinsn-micro-best-raw-27-20260608.pdf}
C0263,current,body,figure bar,paper/figures/sec-6-kinsn-micro-rq1.tex,6,\includegraphics[width=\textwidth]{figures/sec-6-x86-kinsn-micro-best-raw-27-20260608.pdf},x86 bpftrace_string_search_prefix_scan plotted kinsn speedup,bar (value derived below),micro/results/x86_kvm_micro_20260519_114214_364050; micro/results/x86_kvm_micro_20260526_210351_224315,micro/results/x86_kvm_micro_20260519_114214_364050; micro/results/x86_kvm_micro_20260526_210351_224315,yes,2026-05-19T11:42:14.364050+00:00; 2026-05-26T21:03:51.224315+00:00,x86_kvm_micro; CPU Intel(R) Core(TM) Ultra 9 285K,unknown,completed,paper-provenance/scripts/plot_evaluation_kinsn.py (older 29-case source); bpf-benchmark/docs/artifacts/render_claim_table.py (27-case derivation),yes,1.637583893,recomputed; figure geomeans 1.24/1.22 match,27-case sample medians; x86 separate candidate/baseline; ARM matched kernel/kernel_rejit,,recomputed from data/,6,\includegraphics[width=\textwidth]{figures/sec-6-x86-kinsn-micro-best-raw-27-20260608.pdf}
C0264,current,body,figure bar,paper/figures/sec-6-kinsn-micro-rq1.tex,6,\includegraphics[width=\textwidth]{figures/sec-6-x86-kinsn-micro-best-raw-27-20260608.pdf},x86 cgroup_skb_hash_chain plotted kinsn speedup,bar (value derived below),micro/results/x86_kvm_micro_20260519_114214_364050; micro/results/x86_kvm_micro_20260526_210351_224315,micro/results/x86_kvm_micro_20260519_114214_364050; micro/results/x86_kvm_micro_20260526_210351_224315,yes,2026-05-19T11:42:14.364050+00:00; 2026-05-26T21:03:51.224315+00:00,x86_kvm_micro; CPU Intel(R) Core(TM) Ultra 9 285K,unknown,completed,paper-provenance/scripts/plot_evaluation_kinsn.py (older 29-case source); bpf-benchmark/docs/artifacts/render_claim_table.py (27-case derivation),yes,0.976109215,recomputed; figure geomeans 1.24/1.22 match,27-case sample medians; x86 separate candidate/baseline; ARM matched kernel/kernel_rejit,,recomputed from data/,6,\includegraphics[width=\textwidth]{figures/sec-6-x86-kinsn-micro-best-raw-27-20260608.pdf}
C0265,current,body,figure bar,paper/figures/sec-6-kinsn-micro-rq1.tex,6,\includegraphics[width=\textwidth]{figures/sec-6-x86-kinsn-micro-best-raw-27-20260608.pdf},x86 cilium_ct_nat_tuple_rewrite plotted kinsn speedup,bar (value derived below),micro/results/x86_kvm_micro_20260519_114214_364050; micro/results/x86_kvm_micro_20260526_210351_224315,micro/results/x86_kvm_micro_20260519_114214_364050; micro/results/x86_kvm_micro_20260526_210351_224315,yes,2026-05-19T11:42:14.364050+00:00; 2026-05-26T21:03:51.224315+00:00,x86_kvm_micro; CPU Intel(R) Core(TM) Ultra 9 285K,unknown,completed,paper-provenance/scripts/plot_evaluation_kinsn.py (older 29-case source); bpf-benchmark/docs/artifacts/render_claim_table.py (27-case derivation),yes,1.072992701,recomputed; figure geomeans 1.24/1.22 match,27-case sample medians; x86 separate candidate/baseline; ARM matched kernel/kernel_rejit,,recomputed from data/,6,\includegraphics[width=\textwidth]{figures/sec-6-x86-kinsn-micro-best-raw-27-20260608.pdf}
C0266,current,body,figure bar,paper/figures/sec-6-kinsn-micro-rq1.tex,6,\includegraphics[width=\textwidth]{figures/sec-6-x86-kinsn-micro-best-raw-27-20260608.pdf},x86 cilium_policy_guard_tree_filter plotted kinsn speedup,bar (value derived below),micro/results/x86_kvm_micro_20260519_114214_364050; micro/results/x86_kvm_micro_20260526_210351_224315,micro/results/x86_kvm_micro_20260519_114214_364050; micro/results/x86_kvm_micro_20260526_210351_224315,yes,2026-05-19T11:42:14.364050+00:00; 2026-05-26T21:03:51.224315+00:00,x86_kvm_micro; CPU Intel(R) Core(TM) Ultra 9 285K,unknown,completed,paper-provenance/scripts/plot_evaluation_kinsn.py (older 29-case source); bpf-benchmark/docs/artifacts/render_claim_table.py (27-case derivation),yes,1.056338028,recomputed; figure geomeans 1.24/1.22 match,27-case sample medians; x86 separate candidate/baseline; ARM matched kernel/kernel_rejit,,recomputed from data/,6,\includegraphics[width=\textwidth]{figures/sec-6-x86-kinsn-micro-best-raw-27-20260608.pdf}
C0267,current,body,figure bar,paper/figures/sec-6-kinsn-micro-rq1.tex,6,\includegraphics[width=\textwidth]{figures/sec-6-x86-kinsn-micro-best-raw-27-20260608.pdf},x86 cilium_socket_lb_service_select plotted kinsn speedup,bar (value derived below),micro/results/x86_kvm_micro_20260519_114214_364050; micro/results/x86_kvm_micro_20260526_210351_224315,micro/results/x86_kvm_micro_20260519_114214_364050; micro/results/x86_kvm_micro_20260526_210351_224315,yes,2026-05-19T11:42:14.364050+00:00; 2026-05-26T21:03:51.224315+00:00,x86_kvm_micro; CPU Intel(R) Core(TM) Ultra 9 285K,unknown,completed,paper-provenance/scripts/plot_evaluation_kinsn.py (older 29-case source); bpf-benchmark/docs/artifacts/render_claim_table.py (27-case derivation),yes,1.145061728,recomputed; figure geomeans 1.24/1.22 match,27-case sample medians; x86 separate candidate/baseline; ARM matched kernel/kernel_rejit,,recomputed from data/,6,\includegraphics[width=\textwidth]{figures/sec-6-x86-kinsn-micro-best-raw-27-20260608.pdf}
C0268,current,body,figure bar,paper/figures/sec-6-kinsn-micro-rq1.tex,6,\includegraphics[width=\textwidth]{figures/sec-6-x86-kinsn-micro-best-raw-27-20260608.pdf},x86 flow_5tuple_rss_hash plotted kinsn speedup,bar (value derived below),micro/results/x86_kvm_micro_20260519_114214_364050; micro/results/x86_kvm_micro_20260526_210351_224315,micro/results/x86_kvm_micro_20260519_114214_364050; micro/results/x86_kvm_micro_20260526_210351_224315,yes,2026-05-19T11:42:14.364050+00:00; 2026-05-26T21:03:51.224315+00:00,x86_kvm_micro; CPU Intel(R) Core(TM) Ultra 9 285K,unknown,completed,paper-provenance/scripts/plot_evaluation_kinsn.py (older 29-case source); bpf-benchmark/docs/artifacts/render_claim_table.py (27-case derivation),yes,1.454545455,recomputed; figure geomeans 1.24/1.22 match,27-case sample medians; x86 separate candidate/baseline; ARM matched kernel/kernel_rejit,,recomputed from data/,6,\includegraphics[width=\textwidth]{figures/sec-6-x86-kinsn-micro-best-raw-27-20260608.pdf}
C0269,current,body,figure bar,paper/figures/sec-6-kinsn-micro-rq1.tex,6,\includegraphics[width=\textwidth]{figures/sec-6-x86-kinsn-micro-best-raw-27-20260608.pdf},x86 flow_record_field_scan plotted kinsn speedup,bar (value derived below),micro/results/x86_kvm_micro_20260519_114214_364050; micro/results/x86_kvm_micro_20260526_210351_224315,micro/results/x86_kvm_micro_20260519_114214_364050; micro/results/x86_kvm_micro_20260526_210351_224315,yes,2026-05-19T11:42:14.364050+00:00; 2026-05-26T21:03:51.224315+00:00,x86_kvm_micro; CPU Intel(R) Core(TM) Ultra 9 285K,unknown,completed,paper-provenance/scripts/plot_evaluation_kinsn.py (older 29-case source); bpf-benchmark/docs/artifacts/render_claim_table.py (27-case derivation),yes,1.211538462,recomputed; figure geomeans 1.24/1.22 match,27-case sample medians; x86 separate candidate/baseline; ARM matched kernel/kernel_rejit,,recomputed from data/,6,\includegraphics[width=\textwidth]{figures/sec-6-x86-kinsn-micro-best-raw-27-20260608.pdf}
C0270,current,body,figure bar,paper/figures/sec-6-kinsn-micro-rq1.tex,6,\includegraphics[width=\textwidth]{figures/sec-6-x86-kinsn-micro-best-raw-27-20260608.pdf},x86 katran_lb_consistent_hash_select plotted kinsn speedup,bar (value derived below),micro/results/x86_kvm_micro_20260519_114214_364050; micro/results/x86_kvm_micro_20260526_210351_224315,micro/results/x86_kvm_micro_20260519_114214_364050; micro/results/x86_kvm_micro_20260526_210351_224315,yes,2026-05-19T11:42:14.364050+00:00; 2026-05-26T21:03:51.224315+00:00,x86_kvm_micro; CPU Intel(R) Core(TM) Ultra 9 285K,unknown,completed,paper-provenance/scripts/plot_evaluation_kinsn.py (older 29-case source); bpf-benchmark/docs/artifacts/render_claim_table.py (27-case derivation),yes,1.466666667,recomputed; figure geomeans 1.24/1.22 match,27-case sample medians; x86 separate candidate/baseline; ARM matched kernel/kernel_rejit,,recomputed from data/,6,\includegraphics[width=\textwidth]{figures/sec-6-x86-kinsn-micro-best-raw-27-20260608.pdf}
C0271,current,body,figure bar,paper/figures/sec-6-kinsn-micro-rq1.tex,6,\includegraphics[width=\textwidth]{figures/sec-6-x86-kinsn-micro-best-raw-27-20260608.pdf},x86 otel_stack_frame_unwind_scan plotted kinsn speedup,bar (value derived below),micro/results/x86_kvm_micro_20260519_114214_364050; micro/results/x86_kvm_micro_20260526_210351_224315,micro/results/x86_kvm_micro_20260519_114214_364050; micro/results/x86_kvm_micro_20260526_210351_224315,yes,2026-05-19T11:42:14.364050+00:00; 2026-05-26T21:03:51.224315+00:00,x86_kvm_micro; CPU Intel(R) Core(TM) Ultra 9 285K,unknown,completed,paper-provenance/scripts/plot_evaluation_kinsn.py (older 29-case source); bpf-benchmark/docs/artifacts/render_claim_table.py (27-case derivation),yes,1.076190476,recomputed; figure geomeans 1.24/1.22 match,27-case sample medians; x86 separate candidate/baseline; ARM matched kernel/kernel_rejit,,recomputed from data/,6,\includegraphics[width=\textwidth]{figures/sec-6-x86-kinsn-micro-best-raw-27-20260608.pdf}
C0272,current,body,figure bar,paper/figures/sec-6-kinsn-micro-rq1.tex,6,\includegraphics[width=\textwidth]{figures/sec-6-x86-kinsn-micro-best-raw-27-20260608.pdf},x86 packed_header_bitfield_decode plotted kinsn speedup,bar (value derived below),micro/results/x86_kvm_micro_20260519_114214_364050; micro/results/x86_kvm_micro_20260526_210351_224315,micro/results/x86_kvm_micro_20260519_114214_364050; micro/results/x86_kvm_micro_20260526_210351_224315,yes,2026-05-19T11:42:14.364050+00:00; 2026-05-26T21:03:51.224315+00:00,x86_kvm_micro; CPU Intel(R) Core(TM) Ultra 9 285K,unknown,completed,paper-provenance/scripts/plot_evaluation_kinsn.py (older 29-case source); bpf-benchmark/docs/artifacts/render_claim_table.py (27-case derivation),yes,0.834586466,recomputed; figure geomeans 1.24/1.22 match,27-case sample medians; x86 separate candidate/baseline; ARM matched kernel/kernel_rejit,,recomputed from data/,6,\includegraphics[width=\textwidth]{figures/sec-6-x86-kinsn-micro-best-raw-27-20260608.pdf}
C0273,current,body,figure bar,paper/figures/sec-6-kinsn-micro-rq1.tex,6,\includegraphics[width=\textwidth]{figures/sec-6-x86-kinsn-micro-best-raw-27-20260608.pdf},x86 packet_checksum_fold plotted kinsn speedup,bar (value derived below),micro/results/x86_kvm_micro_20260519_114214_364050; micro/results/x86_kvm_micro_20260526_210351_224315,micro/results/x86_kvm_micro_20260519_114214_364050; micro/results/x86_kvm_micro_20260526_210351_224315,yes,2026-05-19T11:42:14.364050+00:00; 2026-05-26T21:03:51.224315+00:00,x86_kvm_micro; CPU Intel(R) Core(TM) Ultra 9 285K,unknown,completed,paper-provenance/scripts/plot_evaluation_kinsn.py (older 29-case source); bpf-benchmark/docs/artifacts/render_claim_table.py (27-case derivation),yes,1.332905370,recomputed; figure geomeans 1.24/1.22 match,27-case sample medians; x86 separate candidate/baseline; ARM matched kernel/kernel_rejit,,recomputed from data/,6,\includegraphics[width=\textwidth]{figures/sec-6-x86-kinsn-micro-best-raw-27-20260608.pdf}
C0274,current,body,figure bar,paper/figures/sec-6-kinsn-micro-rq1.tex,6,\includegraphics[width=\textwidth]{figures/sec-6-x86-kinsn-micro-best-raw-27-20260608.pdf},x86 packet_record_bounds_window plotted kinsn speedup,bar (value derived below),micro/results/x86_kvm_micro_20260519_114214_364050; micro/results/x86_kvm_micro_20260526_210351_224315,micro/results/x86_kvm_micro_20260519_114214_364050; micro/results/x86_kvm_micro_20260526_210351_224315,yes,2026-05-19T11:42:14.364050+00:00; 2026-05-26T21:03:51.224315+00:00,x86_kvm_micro; CPU Intel(R) Core(TM) Ultra 9 285K,unknown,completed,paper-provenance/scripts/plot_evaluation_kinsn.py (older 29-case source); bpf-benchmark/docs/artifacts/render_claim_table.py (27-case derivation),yes,1.638888889,recomputed; figure geomeans 1.24/1.22 match,27-case sample medians; x86 separate candidate/baseline; ARM matched kernel/kernel_rejit,,recomputed from data/,6,\includegraphics[width=\textwidth]{figures/sec-6-x86-kinsn-micro-best-raw-27-20260608.pdf}
C0275,current,body,figure bar,paper/figures/sec-6-kinsn-micro-rq1.tex,6,\includegraphics[width=\textwidth]{figures/sec-6-x86-kinsn-micro-best-raw-27-20260608.pdf},x86 packet_toeplitz_rss_hash plotted kinsn speedup,bar (value derived below),micro/results/x86_kvm_micro_20260519_114214_364050; micro/results/x86_kvm_micro_20260526_210351_224315,micro/results/x86_kvm_micro_20260519_114214_364050; micro/results/x86_kvm_micro_20260526_210351_224315,yes,2026-05-19T11:42:14.364050+00:00; 2026-05-26T21:03:51.224315+00:00,x86_kvm_micro; CPU Intel(R) Core(TM) Ultra 9 285K,unknown,completed,paper-provenance/scripts/plot_evaluation_kinsn.py (older 29-case source); bpf-benchmark/docs/artifacts/render_claim_table.py (27-case derivation),yes,1.192825112,recomputed; figure geomeans 1.24/1.22 match,27-case sample medians; x86 separate candidate/baseline; ARM matched kernel/kernel_rejit,,recomputed from data/,6,\includegraphics[width=\textwidth]{figures/sec-6-x86-kinsn-micro-best-raw-27-20260608.pdf}
C0276,current,body,figure bar,paper/figures/sec-6-kinsn-micro-rq1.tex,6,\includegraphics[width=\textwidth]{figures/sec-6-x86-kinsn-micro-best-raw-27-20260608.pdf},x86 packet_vlan_tcpopt_parser plotted kinsn speedup,bar (value derived below),micro/results/x86_kvm_micro_20260519_114214_364050; micro/results/x86_kvm_micro_20260526_210351_224315,micro/results/x86_kvm_micro_20260519_114214_364050; micro/results/x86_kvm_micro_20260526_210351_224315,yes,2026-05-19T11:42:14.364050+00:00; 2026-05-26T21:03:51.224315+00:00,x86_kvm_micro; CPU Intel(R) Core(TM) Ultra 9 285K,unknown,completed,paper-provenance/scripts/plot_evaluation_kinsn.py (older 29-case source); bpf-benchmark/docs/artifacts/render_claim_table.py (27-case derivation),yes,1.363636364,recomputed; figure geomeans 1.24/1.22 match,27-case sample medians; x86 separate candidate/baseline; ARM matched kernel/kernel_rejit,,recomputed from data/,6,\includegraphics[width=\textwidth]{figures/sec-6-x86-kinsn-micro-best-raw-27-20260608.pdf}
C0277,current,body,figure bar,paper/figures/sec-6-kinsn-micro-rq1.tex,6,\includegraphics[width=\textwidth]{figures/sec-6-x86-kinsn-micro-best-raw-27-20260608.pdf},x86 payload_prefix_memcmp_scan plotted kinsn speedup,bar (value derived below),micro/results/x86_kvm_micro_20260519_114214_364050; micro/results/x86_kvm_micro_20260526_210351_224315,micro/results/x86_kvm_micro_20260519_114214_364050; micro/results/x86_kvm_micro_20260526_210351_224315,yes,2026-05-19T11:42:14.364050+00:00; 2026-05-26T21:03:51.224315+00:00,x86_kvm_micro; CPU Intel(R) Core(TM) Ultra 9 285K,unknown,completed,paper-provenance/scripts/plot_evaluation_kinsn.py (older 29-case source); bpf-benchmark/docs/artifacts/render_claim_table.py (27-case derivation),yes,0.796460177,recomputed; figure geomeans 1.24/1.22 match,27-case sample medians; x86 separate candidate/baseline; ARM matched kernel/kernel_rejit,,recomputed from data/,6,\includegraphics[width=\textwidth]{figures/sec-6-x86-kinsn-micro-best-raw-27-20260608.pdf}
C0278,current,body,figure bar,paper/figures/sec-6-kinsn-micro-rq1.tex,6,\includegraphics[width=\textwidth]{figures/sec-6-x86-kinsn-micro-best-raw-27-20260608.pdf},x86 siphash_rotate64_mixer plotted kinsn speedup,bar (value derived below),micro/results/x86_kvm_micro_20260519_114214_364050; micro/results/x86_kvm_micro_20260526_210351_224315,micro/results/x86_kvm_micro_20260519_114214_364050; micro/results/x86_kvm_micro_20260526_210351_224315,yes,2026-05-19T11:42:14.364050+00:00; 2026-05-26T21:03:51.224315+00:00,x86_kvm_micro; CPU Intel(R) Core(TM) Ultra 9 285K,unknown,completed,paper-provenance/scripts/plot_evaluation_kinsn.py (older 29-case source); bpf-benchmark/docs/artifacts/render_claim_table.py (27-case derivation),yes,1.741935484,recomputed; figure geomeans 1.24/1.22 match,27-case sample medians; x86 separate candidate/baseline; ARM matched kernel/kernel_rejit,,recomputed from data/,6,\includegraphics[width=\textwidth]{figures/sec-6-x86-kinsn-micro-best-raw-27-20260608.pdf}
C0279,current,body,figure bar,paper/figures/sec-6-kinsn-micro-rq1.tex,6,\includegraphics[width=\textwidth]{figures/sec-6-x86-kinsn-micro-best-raw-27-20260608.pdf},x86 sorted_rule_binary_search plotted kinsn speedup,bar (value derived below),micro/results/x86_kvm_micro_20260519_114214_364050; micro/results/x86_kvm_micro_20260526_210351_224315,micro/results/x86_kvm_micro_20260519_114214_364050; micro/results/x86_kvm_micro_20260526_210351_224315,yes,2026-05-19T11:42:14.364050+00:00; 2026-05-26T21:03:51.224315+00:00,x86_kvm_micro; CPU Intel(R) Core(TM) Ultra 9 285K,unknown,completed,paper-provenance/scripts/plot_evaluation_kinsn.py (older 29-case source); bpf-benchmark/docs/artifacts/render_claim_table.py (27-case derivation),yes,1.001901141,recomputed; figure geomeans 1.24/1.22 match,27-case sample medians; x86 separate candidate/baseline; ARM matched kernel/kernel_rejit,,recomputed from data/,6,\includegraphics[width=\textwidth]{figures/sec-6-x86-kinsn-micro-best-raw-27-20260608.pdf}
C0280,current,body,figure bar,paper/figures/sec-6-kinsn-micro-rq1.tex,6,\includegraphics[width=\textwidth]{figures/sec-6-x86-kinsn-micro-best-raw-27-20260608.pdf},x86 tc_packet_checksum_fold plotted kinsn speedup,bar (value derived below),micro/results/x86_kvm_micro_20260519_114214_364050; micro/results/x86_kvm_micro_20260526_210351_224315,micro/results/x86_kvm_micro_20260519_114214_364050; micro/results/x86_kvm_micro_20260526_210351_224315,yes,2026-05-19T11:42:14.364050+00:00; 2026-05-26T21:03:51.224315+00:00,x86_kvm_micro; CPU Intel(R) Core(TM) Ultra 9 285K,unknown,completed,paper-provenance/scripts/plot_evaluation_kinsn.py (older 29-case source); bpf-benchmark/docs/artifacts/render_claim_table.py (27-case derivation),yes,1.331923890,recomputed; figure geomeans 1.24/1.22 match,27-case sample medians; x86 separate candidate/baseline; ARM matched kernel/kernel_rejit,,recomputed from data/,6,\includegraphics[width=\textwidth]{figures/sec-6-x86-kinsn-micro-best-raw-27-20260608.pdf}
C0281,current,body,figure bar,paper/figures/sec-6-kinsn-micro-rq1.tex,6,\includegraphics[width=\textwidth]{figures/sec-6-x86-kinsn-micro-best-raw-27-20260608.pdf},x86 tetragon_process_event_arg_filter plotted kinsn speedup,bar (value derived below),micro/results/x86_kvm_micro_20260519_114214_364050; micro/results/x86_kvm_micro_20260526_210351_224315,micro/results/x86_kvm_micro_20260519_114214_364050; micro/results/x86_kvm_micro_20260526_210351_224315,yes,2026-05-19T11:42:14.364050+00:00; 2026-05-26T21:03:51.224315+00:00,x86_kvm_micro; CPU Intel(R) Core(TM) Ultra 9 285K,unknown,completed,paper-provenance/scripts/plot_evaluation_kinsn.py (older 29-case source); bpf-benchmark/docs/artifacts/render_claim_table.py (27-case derivation),yes,1.453237410,recomputed; figure geomeans 1.24/1.22 match,27-case sample medians; x86 separate candidate/baseline; ARM matched kernel/kernel_rejit,,recomputed from data/,6,\includegraphics[width=\textwidth]{figures/sec-6-x86-kinsn-micro-best-raw-27-20260608.pdf}
C0282,current,body,figure bar,paper/figures/sec-6-kinsn-micro-rq1.tex,6,\includegraphics[width=\textwidth]{figures/sec-6-x86-kinsn-micro-best-raw-27-20260608.pdf},x86 trace_event_type_switch_dispatch plotted kinsn speedup,bar (value derived below),micro/results/x86_kvm_micro_20260519_114214_364050; micro/results/x86_kvm_micro_20260526_210351_224315,micro/results/x86_kvm_micro_20260519_114214_364050; micro/results/x86_kvm_micro_20260526_210351_224315,yes,2026-05-19T11:42:14.364050+00:00; 2026-05-26T21:03:51.224315+00:00,x86_kvm_micro; CPU Intel(R) Core(TM) Ultra 9 285K,unknown,completed,paper-provenance/scripts/plot_evaluation_kinsn.py (older 29-case source); bpf-benchmark/docs/artifacts/render_claim_table.py (27-case derivation),yes,1.017985612,recomputed; figure geomeans 1.24/1.22 match,27-case sample medians; x86 separate candidate/baseline; ARM matched kernel/kernel_rejit,,recomputed from data/,6,\includegraphics[width=\textwidth]{figures/sec-6-x86-kinsn-micro-best-raw-27-20260608.pdf}
C0283,current,body,figure bar,paper/figures/sec-6-kinsn-micro-rq1.tex,6,\includegraphics[width=\textwidth]{figures/sec-6-x86-kinsn-micro-best-raw-27-20260608.pdf},x86 tracee_http_method_prefix_detect plotted kinsn speedup,bar (value derived below),micro/results/x86_kvm_micro_20260519_114214_364050; micro/results/x86_kvm_micro_20260526_210351_224315,micro/results/x86_kvm_micro_20260519_114214_364050; micro/results/x86_kvm_micro_20260526_210351_224315,yes,2026-05-19T11:42:14.364050+00:00; 2026-05-26T21:03:51.224315+00:00,x86_kvm_micro; CPU Intel(R) Core(TM) Ultra 9 285K,unknown,completed,paper-provenance/scripts/plot_evaluation_kinsn.py (older 29-case source); bpf-benchmark/docs/artifacts/render_claim_table.py (27-case derivation),yes,1.058823529,recomputed; figure geomeans 1.24/1.22 match,27-case sample medians; x86 separate candidate/baseline; ARM matched kernel/kernel_rejit,,recomputed from data/,6,\includegraphics[width=\textwidth]{figures/sec-6-x86-kinsn-micro-best-raw-27-20260608.pdf}
C0284,current,body,figure bar,paper/figures/sec-6-kinsn-micro-rq1.tex,6,\includegraphics[width=\textwidth]{figures/sec-6-x86-kinsn-micro-best-raw-27-20260608.pdf},x86 tracee_syscall_name_table_lookup plotted kinsn speedup,bar (value derived below),micro/results/x86_kvm_micro_20260519_114214_364050; micro/results/x86_kvm_micro_20260526_210351_224315,micro/results/x86_kvm_micro_20260519_114214_364050; micro/results/x86_kvm_micro_20260526_210351_224315,yes,2026-05-19T11:42:14.364050+00:00; 2026-05-26T21:03:51.224315+00:00,x86_kvm_micro; CPU Intel(R) Core(TM) Ultra 9 285K,unknown,completed,paper-provenance/scripts/plot_evaluation_kinsn.py (older 29-case source); bpf-benchmark/docs/artifacts/render_claim_table.py (27-case derivation),yes,1.527272727,recomputed; figure geomeans 1.24/1.22 match,27-case sample medians; x86 separate candidate/baseline; ARM matched kernel/kernel_rejit,,recomputed from data/,6,\includegraphics[width=\textwidth]{figures/sec-6-x86-kinsn-micro-best-raw-27-20260608.pdf}
C0285,current,body,figure bar,paper/figures/sec-6-kinsn-micro-rq1.tex,15,\includegraphics[width=\textwidth]{figures/sec-6-arm64-kinsn-micro-rejit-27-20260608.pdf},arm bcc_runqlat_log2_histogram_bucket plotted kinsn speedup,bar (value derived below),micro/results/aws_arm64_micro_20260606_001225_821028,micro/results/aws_arm64_micro_20260606_001225_821028,yes,2026-06-06T00:12:25.821028+00:00,aws_arm64_micro; CPU aarch64,unknown,completed,paper-provenance/scripts/plot_evaluation_kinsn.py (older 29-case source); bpf-benchmark/docs/artifacts/render_claim_table.py (27-case derivation),yes,1.160208062,recomputed; figure geomeans 1.24/1.22 match,27-case sample medians; x86 separate candidate/baseline; ARM matched kernel/kernel_rejit,,recomputed from data/,15,\includegraphics[width=\textwidth]{figures/sec-6-arm64-kinsn-micro-rejit-27-20260608.pdf}
C0286,current,body,figure bar,paper/figures/sec-6-kinsn-micro-rq1.tex,15,\includegraphics[width=\textwidth]{figures/sec-6-arm64-kinsn-micro-rejit-27-20260608.pdf},arm bcc_tcpconnect_ipv4_tuple_filter plotted kinsn speedup,bar (value derived below),micro/results/aws_arm64_micro_20260606_001225_821028,micro/results/aws_arm64_micro_20260606_001225_821028,yes,2026-06-06T00:12:25.821028+00:00,aws_arm64_micro; CPU aarch64,unknown,completed,paper-provenance/scripts/plot_evaluation_kinsn.py (older 29-case source); bpf-benchmark/docs/artifacts/render_claim_table.py (27-case derivation),yes,1.623809524,recomputed; figure geomeans 1.24/1.22 match,27-case sample medians; x86 separate candidate/baseline; ARM matched kernel/kernel_rejit,,recomputed from data/,15,\includegraphics[width=\textwidth]{figures/sec-6-arm64-kinsn-micro-rejit-27-20260608.pdf}
C0287,current,body,figure bar,paper/figures/sec-6-kinsn-micro-rq1.tex,15,\includegraphics[width=\textwidth]{figures/sec-6-arm64-kinsn-micro-rejit-27-20260608.pdf},arm bitmap_popcount_scan plotted kinsn speedup,bar (value derived below),micro/results/aws_arm64_micro_20260606_001225_821028,micro/results/aws_arm64_micro_20260606_001225_821028,yes,2026-06-06T00:12:25.821028+00:00,aws_arm64_micro; CPU aarch64,unknown,completed,paper-provenance/scripts/plot_evaluation_kinsn.py (older 29-case source); bpf-benchmark/docs/artifacts/render_claim_table.py (27-case derivation),yes,0.966460724,recomputed; figure geomeans 1.24/1.22 match,27-case sample medians; x86 separate candidate/baseline; ARM matched kernel/kernel_rejit,,recomputed from data/,15,\includegraphics[width=\textwidth]{figures/sec-6-arm64-kinsn-micro-rejit-27-20260608.pdf}
C0288,current,body,figure bar,paper/figures/sec-6-kinsn-micro-rq1.tex,15,\includegraphics[width=\textwidth]{figures/sec-6-arm64-kinsn-micro-rejit-27-20260608.pdf},arm bpf_local_call_fanout_dispatch plotted kinsn speedup,bar (value derived below),micro/results/aws_arm64_micro_20260606_001225_821028,micro/results/aws_arm64_micro_20260606_001225_821028,yes,2026-06-06T00:12:25.821028+00:00,aws_arm64_micro; CPU aarch64,unknown,completed,paper-provenance/scripts/plot_evaluation_kinsn.py (older 29-case source); bpf-benchmark/docs/artifacts/render_claim_table.py (27-case derivation),yes,1.182119205,recomputed; figure geomeans 1.24/1.22 match,27-case sample medians; x86 separate candidate/baseline; ARM matched kernel/kernel_rejit,,recomputed from data/,15,\includegraphics[width=\textwidth]{figures/sec-6-arm64-kinsn-micro-rejit-27-20260608.pdf}
C0289,current,body,figure bar,paper/figures/sec-6-kinsn-micro-rq1.tex,15,\includegraphics[width=\textwidth]{figures/sec-6-arm64-kinsn-micro-rejit-27-20260608.pdf},arm bpftrace_comm_key_fnv_hash plotted kinsn speedup,bar (value derived below),micro/results/aws_arm64_micro_20260606_001225_821028,micro/results/aws_arm64_micro_20260606_001225_821028,yes,2026-06-06T00:12:25.821028+00:00,aws_arm64_micro; CPU aarch64,unknown,completed,paper-provenance/scripts/plot_evaluation_kinsn.py (older 29-case source); bpf-benchmark/docs/artifacts/render_claim_table.py (27-case derivation),yes,0.861580381,recomputed; figure geomeans 1.24/1.22 match,27-case sample medians; x86 separate candidate/baseline; ARM matched kernel/kernel_rejit,,recomputed from data/,15,\includegraphics[width=\textwidth]{figures/sec-6-arm64-kinsn-micro-rejit-27-20260608.pdf}
C0290,current,body,figure bar,paper/figures/sec-6-kinsn-micro-rq1.tex,15,\includegraphics[width=\textwidth]{figures/sec-6-arm64-kinsn-micro-rejit-27-20260608.pdf},arm bpftrace_string_search_prefix_scan plotted kinsn speedup,bar (value derived below),micro/results/aws_arm64_micro_20260606_001225_821028,micro/results/aws_arm64_micro_20260606_001225_821028,yes,2026-06-06T00:12:25.821028+00:00,aws_arm64_micro; CPU aarch64,unknown,completed,paper-provenance/scripts/plot_evaluation_kinsn.py (older 29-case source); bpf-benchmark/docs/artifacts/render_claim_table.py (27-case derivation),yes,1.558252427,recomputed; figure geomeans 1.24/1.22 match,27-case sample medians; x86 separate candidate/baseline; ARM matched kernel/kernel_rejit,,recomputed from data/,15,\includegraphics[width=\textwidth]{figures/sec-6-arm64-kinsn-micro-rejit-27-20260608.pdf}
C0291,current,body,figure bar,paper/figures/sec-6-kinsn-micro-rq1.tex,15,\includegraphics[width=\textwidth]{figures/sec-6-arm64-kinsn-micro-rejit-27-20260608.pdf},arm cgroup_skb_hash_chain plotted kinsn speedup,bar (value derived below),micro/results/aws_arm64_micro_20260606_001225_821028,micro/results/aws_arm64_micro_20260606_001225_821028,yes,2026-06-06T00:12:25.821028+00:00,aws_arm64_micro; CPU aarch64,unknown,completed,paper-provenance/scripts/plot_evaluation_kinsn.py (older 29-case source); bpf-benchmark/docs/artifacts/render_claim_table.py (27-case derivation),yes,1.616415410,recomputed; figure geomeans 1.24/1.22 match,27-case sample medians; x86 separate candidate/baseline; ARM matched kernel/kernel_rejit,,recomputed from data/,15,\includegraphics[width=\textwidth]{figures/sec-6-arm64-kinsn-micro-rejit-27-20260608.pdf}
C0292,current,body,figure bar,paper/figures/sec-6-kinsn-micro-rq1.tex,15,\includegraphics[width=\textwidth]{figures/sec-6-arm64-kinsn-micro-rejit-27-20260608.pdf},arm cilium_ct_nat_tuple_rewrite plotted kinsn speedup,bar (value derived below),micro/results/aws_arm64_micro_20260606_001225_821028,micro/results/aws_arm64_micro_20260606_001225_821028,yes,2026-06-06T00:12:25.821028+00:00,aws_arm64_micro; CPU aarch64,unknown,completed,paper-provenance/scripts/plot_evaluation_kinsn.py (older 29-case source); bpf-benchmark/docs/artifacts/render_claim_table.py (27-case derivation),yes,1.482035928,recomputed; figure geomeans 1.24/1.22 match,27-case sample medians; x86 separate candidate/baseline; ARM matched kernel/kernel_rejit,,recomputed from data/,15,\includegraphics[width=\textwidth]{figures/sec-6-arm64-kinsn-micro-rejit-27-20260608.pdf}
C0293,current,body,figure bar,paper/figures/sec-6-kinsn-micro-rq1.tex,15,\includegraphics[width=\textwidth]{figures/sec-6-arm64-kinsn-micro-rejit-27-20260608.pdf},arm cilium_policy_guard_tree_filter plotted kinsn speedup,bar (value derived below),micro/results/aws_arm64_micro_20260606_001225_821028,micro/results/aws_arm64_micro_20260606_001225_821028,yes,2026-06-06T00:12:25.821028+00:00,aws_arm64_micro; CPU aarch64,unknown,completed,paper-provenance/scripts/plot_evaluation_kinsn.py (older 29-case source); bpf-benchmark/docs/artifacts/render_claim_table.py (27-case derivation),yes,1.226600985,recomputed; figure geomeans 1.24/1.22 match,27-case sample medians; x86 separate candidate/baseline; ARM matched kernel/kernel_rejit,,recomputed from data/,15,\includegraphics[width=\textwidth]{figures/sec-6-arm64-kinsn-micro-rejit-27-20260608.pdf}
C0294,current,body,figure bar,paper/figures/sec-6-kinsn-micro-rq1.tex,15,\includegraphics[width=\textwidth]{figures/sec-6-arm64-kinsn-micro-rejit-27-20260608.pdf},arm cilium_socket_lb_service_select plotted kinsn speedup,bar (value derived below),micro/results/aws_arm64_micro_20260606_001225_821028,micro/results/aws_arm64_micro_20260606_001225_821028,yes,2026-06-06T00:12:25.821028+00:00,aws_arm64_micro; CPU aarch64,unknown,completed,paper-provenance/scripts/plot_evaluation_kinsn.py (older 29-case source); bpf-benchmark/docs/artifacts/render_claim_table.py (27-case derivation),yes,1.690690691,recomputed; figure geomeans 1.24/1.22 match,27-case sample medians; x86 separate candidate/baseline; ARM matched kernel/kernel_rejit,,recomputed from data/,15,\includegraphics[width=\textwidth]{figures/sec-6-arm64-kinsn-micro-rejit-27-20260608.pdf}
C0295,current,body,figure bar,paper/figures/sec-6-kinsn-micro-rq1.tex,15,\includegraphics[width=\textwidth]{figures/sec-6-arm64-kinsn-micro-rejit-27-20260608.pdf},arm flow_5tuple_rss_hash plotted kinsn speedup,bar (value derived below),micro/results/aws_arm64_micro_20260606_001225_821028,micro/results/aws_arm64_micro_20260606_001225_821028,yes,2026-06-06T00:12:25.821028+00:00,aws_arm64_micro; CPU aarch64,unknown,completed,paper-provenance/scripts/plot_evaluation_kinsn.py (older 29-case source); bpf-benchmark/docs/artifacts/render_claim_table.py (27-case derivation),yes,1.106382979,recomputed; figure geomeans 1.24/1.22 match,27-case sample medians; x86 separate candidate/baseline; ARM matched kernel/kernel_rejit,,recomputed from data/,15,\includegraphics[width=\textwidth]{figures/sec-6-arm64-kinsn-micro-rejit-27-20260608.pdf}
C0296,current,body,figure bar,paper/figures/sec-6-kinsn-micro-rq1.tex,15,\includegraphics[width=\textwidth]{figures/sec-6-arm64-kinsn-micro-rejit-27-20260608.pdf},arm flow_record_field_scan plotted kinsn speedup,bar (value derived below),micro/results/aws_arm64_micro_20260606_001225_821028,micro/results/aws_arm64_micro_20260606_001225_821028,yes,2026-06-06T00:12:25.821028+00:00,aws_arm64_micro; CPU aarch64,unknown,completed,paper-provenance/scripts/plot_evaluation_kinsn.py (older 29-case source); bpf-benchmark/docs/artifacts/render_claim_table.py (27-case derivation),yes,1.096045198,recomputed; figure geomeans 1.24/1.22 match,27-case sample medians; x86 separate candidate/baseline; ARM matched kernel/kernel_rejit,,recomputed from data/,15,\includegraphics[width=\textwidth]{figures/sec-6-arm64-kinsn-micro-rejit-27-20260608.pdf}
C0297,current,body,figure bar,paper/figures/sec-6-kinsn-micro-rq1.tex,15,\includegraphics[width=\textwidth]{figures/sec-6-arm64-kinsn-micro-rejit-27-20260608.pdf},arm katran_lb_consistent_hash_select plotted kinsn speedup,bar (value derived below),micro/results/aws_arm64_micro_20260606_001225_821028,micro/results/aws_arm64_micro_20260606_001225_821028,yes,2026-06-06T00:12:25.821028+00:00,aws_arm64_micro; CPU aarch64,unknown,completed,paper-provenance/scripts/plot_evaluation_kinsn.py (older 29-case source); bpf-benchmark/docs/artifacts/render_claim_table.py (27-case derivation),yes,1.133333333,recomputed; figure geomeans 1.24/1.22 match,27-case sample medians; x86 separate candidate/baseline; ARM matched kernel/kernel_rejit,,recomputed from data/,15,\includegraphics[width=\textwidth]{figures/sec-6-arm64-kinsn-micro-rejit-27-20260608.pdf}
C0298,current,body,figure bar,paper/figures/sec-6-kinsn-micro-rq1.tex,15,\includegraphics[width=\textwidth]{figures/sec-6-arm64-kinsn-micro-rejit-27-20260608.pdf},arm otel_stack_frame_unwind_scan plotted kinsn speedup,bar (value derived below),micro/results/aws_arm64_micro_20260606_001225_821028,micro/results/aws_arm64_micro_20260606_001225_821028,yes,2026-06-06T00:12:25.821028+00:00,aws_arm64_micro; CPU aarch64,unknown,completed,paper-provenance/scripts/plot_evaluation_kinsn.py (older 29-case source); bpf-benchmark/docs/artifacts/render_claim_table.py (27-case derivation),yes,1.208823529,recomputed; figure geomeans 1.24/1.22 match,27-case sample medians; x86 separate candidate/baseline; ARM matched kernel/kernel_rejit,,recomputed from data/,15,\includegraphics[width=\textwidth]{figures/sec-6-arm64-kinsn-micro-rejit-27-20260608.pdf}
C0299,current,body,figure bar,paper/figures/sec-6-kinsn-micro-rq1.tex,15,\includegraphics[width=\textwidth]{figures/sec-6-arm64-kinsn-micro-rejit-27-20260608.pdf},arm packed_header_bitfield_decode plotted kinsn speedup,bar (value derived below),micro/results/aws_arm64_micro_20260606_001225_821028,micro/results/aws_arm64_micro_20260606_001225_821028,yes,2026-06-06T00:12:25.821028+00:00,aws_arm64_micro; CPU aarch64,unknown,completed,paper-provenance/scripts/plot_evaluation_kinsn.py (older 29-case source); bpf-benchmark/docs/artifacts/render_claim_table.py (27-case derivation),yes,1.133597884,recomputed; figure geomeans 1.24/1.22 match,27-case sample medians; x86 separate candidate/baseline; ARM matched kernel/kernel_rejit,,recomputed from data/,15,\includegraphics[width=\textwidth]{figures/sec-6-arm64-kinsn-micro-rejit-27-20260608.pdf}
C0300,current,body,figure bar,paper/figures/sec-6-kinsn-micro-rq1.tex,15,\includegraphics[width=\textwidth]{figures/sec-6-arm64-kinsn-micro-rejit-27-20260608.pdf},arm packet_checksum_fold plotted kinsn speedup,bar (value derived below),micro/results/aws_arm64_micro_20260606_001225_821028,micro/results/aws_arm64_micro_20260606_001225_821028,yes,2026-06-06T00:12:25.821028+00:00,aws_arm64_micro; CPU aarch64,unknown,completed,paper-provenance/scripts/plot_evaluation_kinsn.py (older 29-case source); bpf-benchmark/docs/artifacts/render_claim_table.py (27-case derivation),yes,1.198189196,recomputed; figure geomeans 1.24/1.22 match,27-case sample medians; x86 separate candidate/baseline; ARM matched kernel/kernel_rejit,,recomputed from data/,15,\includegraphics[width=\textwidth]{figures/sec-6-arm64-kinsn-micro-rejit-27-20260608.pdf}
C0301,current,body,figure bar,paper/figures/sec-6-kinsn-micro-rq1.tex,15,\includegraphics[width=\textwidth]{figures/sec-6-arm64-kinsn-micro-rejit-27-20260608.pdf},arm packet_record_bounds_window plotted kinsn speedup,bar (value derived below),micro/results/aws_arm64_micro_20260606_001225_821028,micro/results/aws_arm64_micro_20260606_001225_821028,yes,2026-06-06T00:12:25.821028+00:00,aws_arm64_micro; CPU aarch64,unknown,completed,paper-provenance/scripts/plot_evaluation_kinsn.py (older 29-case source); bpf-benchmark/docs/artifacts/render_claim_table.py (27-case derivation),yes,1.272401434,recomputed; figure geomeans 1.24/1.22 match,27-case sample medians; x86 separate candidate/baseline; ARM matched kernel/kernel_rejit,,recomputed from data/,15,\includegraphics[width=\textwidth]{figures/sec-6-arm64-kinsn-micro-rejit-27-20260608.pdf}
C0302,current,body,figure bar,paper/figures/sec-6-kinsn-micro-rq1.tex,15,\includegraphics[width=\textwidth]{figures/sec-6-arm64-kinsn-micro-rejit-27-20260608.pdf},arm packet_toeplitz_rss_hash plotted kinsn speedup,bar (value derived below),micro/results/aws_arm64_micro_20260606_001225_821028,micro/results/aws_arm64_micro_20260606_001225_821028,yes,2026-06-06T00:12:25.821028+00:00,aws_arm64_micro; CPU aarch64,unknown,completed,paper-provenance/scripts/plot_evaluation_kinsn.py (older 29-case source); bpf-benchmark/docs/artifacts/render_claim_table.py (27-case derivation),yes,1.162621359,recomputed; figure geomeans 1.24/1.22 match,27-case sample medians; x86 separate candidate/baseline; ARM matched kernel/kernel_rejit,,recomputed from data/,15,\includegraphics[width=\textwidth]{figures/sec-6-arm64-kinsn-micro-rejit-27-20260608.pdf}
C0303,current,body,figure bar,paper/figures/sec-6-kinsn-micro-rq1.tex,15,\includegraphics[width=\textwidth]{figures/sec-6-arm64-kinsn-micro-rejit-27-20260608.pdf},arm packet_vlan_tcpopt_parser plotted kinsn speedup,bar (value derived below),micro/results/aws_arm64_micro_20260606_001225_821028,micro/results/aws_arm64_micro_20260606_001225_821028,yes,2026-06-06T00:12:25.821028+00:00,aws_arm64_micro; CPU aarch64,unknown,completed,paper-provenance/scripts/plot_evaluation_kinsn.py (older 29-case source); bpf-benchmark/docs/artifacts/render_claim_table.py (27-case derivation),yes,1.048780488,recomputed; figure geomeans 1.24/1.22 match,27-case sample medians; x86 separate candidate/baseline; ARM matched kernel/kernel_rejit,,recomputed from data/,15,\includegraphics[width=\textwidth]{figures/sec-6-arm64-kinsn-micro-rejit-27-20260608.pdf}
C0304,current,body,figure bar,paper/figures/sec-6-kinsn-micro-rq1.tex,15,\includegraphics[width=\textwidth]{figures/sec-6-arm64-kinsn-micro-rejit-27-20260608.pdf},arm payload_prefix_memcmp_scan plotted kinsn speedup,bar (value derived below),micro/results/aws_arm64_micro_20260606_001225_821028,micro/results/aws_arm64_micro_20260606_001225_821028,yes,2026-06-06T00:12:25.821028+00:00,aws_arm64_micro; CPU aarch64,unknown,completed,paper-provenance/scripts/plot_evaluation_kinsn.py (older 29-case source); bpf-benchmark/docs/artifacts/render_claim_table.py (27-case derivation),yes,1.178861789,recomputed; figure geomeans 1.24/1.22 match,27-case sample medians; x86 separate candidate/baseline; ARM matched kernel/kernel_rejit,,recomputed from data/,15,\includegraphics[width=\textwidth]{figures/sec-6-arm64-kinsn-micro-rejit-27-20260608.pdf}
C0305,current,body,figure bar,paper/figures/sec-6-kinsn-micro-rq1.tex,15,\includegraphics[width=\textwidth]{figures/sec-6-arm64-kinsn-micro-rejit-27-20260608.pdf},arm siphash_rotate64_mixer plotted kinsn speedup,bar (value derived below),micro/results/aws_arm64_micro_20260606_001225_821028,micro/results/aws_arm64_micro_20260606_001225_821028,yes,2026-06-06T00:12:25.821028+00:00,aws_arm64_micro; CPU aarch64,unknown,completed,paper-provenance/scripts/plot_evaluation_kinsn.py (older 29-case source); bpf-benchmark/docs/artifacts/render_claim_table.py (27-case derivation),yes,1.901960784,recomputed; figure geomeans 1.24/1.22 match,27-case sample medians; x86 separate candidate/baseline; ARM matched kernel/kernel_rejit,,recomputed from data/,15,\includegraphics[width=\textwidth]{figures/sec-6-arm64-kinsn-micro-rejit-27-20260608.pdf}
C0306,current,body,figure bar,paper/figures/sec-6-kinsn-micro-rq1.tex,15,\includegraphics[width=\textwidth]{figures/sec-6-arm64-kinsn-micro-rejit-27-20260608.pdf},arm sorted_rule_binary_search plotted kinsn speedup,bar (value derived below),micro/results/aws_arm64_micro_20260606_001225_821028,micro/results/aws_arm64_micro_20260606_001225_821028,yes,2026-06-06T00:12:25.821028+00:00,aws_arm64_micro; CPU aarch64,unknown,completed,paper-provenance/scripts/plot_evaluation_kinsn.py (older 29-case source); bpf-benchmark/docs/artifacts/render_claim_table.py (27-case derivation),yes,1.002581311,recomputed; figure geomeans 1.24/1.22 match,27-case sample medians; x86 separate candidate/baseline; ARM matched kernel/kernel_rejit,,recomputed from data/,15,\includegraphics[width=\textwidth]{figures/sec-6-arm64-kinsn-micro-rejit-27-20260608.pdf}
C0307,current,body,figure bar,paper/figures/sec-6-kinsn-micro-rq1.tex,15,\includegraphics[width=\textwidth]{figures/sec-6-arm64-kinsn-micro-rejit-27-20260608.pdf},arm tc_packet_checksum_fold plotted kinsn speedup,bar (value derived below),micro/results/aws_arm64_micro_20260606_001225_821028,micro/results/aws_arm64_micro_20260606_001225_821028,yes,2026-06-06T00:12:25.821028+00:00,aws_arm64_micro; CPU aarch64,unknown,completed,paper-provenance/scripts/plot_evaluation_kinsn.py (older 29-case source); bpf-benchmark/docs/artifacts/render_claim_table.py (27-case derivation),yes,1.197843031,recomputed; figure geomeans 1.24/1.22 match,27-case sample medians; x86 separate candidate/baseline; ARM matched kernel/kernel_rejit,,recomputed from data/,15,\includegraphics[width=\textwidth]{figures/sec-6-arm64-kinsn-micro-rejit-27-20260608.pdf}
C0308,current,body,figure bar,paper/figures/sec-6-kinsn-micro-rq1.tex,15,\includegraphics[width=\textwidth]{figures/sec-6-arm64-kinsn-micro-rejit-27-20260608.pdf},arm tetragon_process_event_arg_filter plotted kinsn speedup,bar (value derived below),micro/results/aws_arm64_micro_20260606_001225_821028,micro/results/aws_arm64_micro_20260606_001225_821028,yes,2026-06-06T00:12:25.821028+00:00,aws_arm64_micro; CPU aarch64,unknown,completed,paper-provenance/scripts/plot_evaluation_kinsn.py (older 29-case source); bpf-benchmark/docs/artifacts/render_claim_table.py (27-case derivation),yes,1.341920375,recomputed; figure geomeans 1.24/1.22 match,27-case sample medians; x86 separate candidate/baseline; ARM matched kernel/kernel_rejit,,recomputed from data/,15,\includegraphics[width=\textwidth]{figures/sec-6-arm64-kinsn-micro-rejit-27-20260608.pdf}
C0309,current,body,figure bar,paper/figures/sec-6-kinsn-micro-rq1.tex,15,\includegraphics[width=\textwidth]{figures/sec-6-arm64-kinsn-micro-rejit-27-20260608.pdf},arm trace_event_type_switch_dispatch plotted kinsn speedup,bar (value derived below),micro/results/aws_arm64_micro_20260606_001225_821028,micro/results/aws_arm64_micro_20260606_001225_821028,yes,2026-06-06T00:12:25.821028+00:00,aws_arm64_micro; CPU aarch64,unknown,completed,paper-provenance/scripts/plot_evaluation_kinsn.py (older 29-case source); bpf-benchmark/docs/artifacts/render_claim_table.py (27-case derivation),yes,1.017027864,recomputed; figure geomeans 1.24/1.22 match,27-case sample medians; x86 separate candidate/baseline; ARM matched kernel/kernel_rejit,,recomputed from data/,15,\includegraphics[width=\textwidth]{figures/sec-6-arm64-kinsn-micro-rejit-27-20260608.pdf}
C0310,current,body,figure bar,paper/figures/sec-6-kinsn-micro-rq1.tex,15,\includegraphics[width=\textwidth]{figures/sec-6-arm64-kinsn-micro-rejit-27-20260608.pdf},arm tracee_http_method_prefix_detect plotted kinsn speedup,bar (value derived below),micro/results/aws_arm64_micro_20260606_001225_821028,micro/results/aws_arm64_micro_20260606_001225_821028,yes,2026-06-06T00:12:25.821028+00:00,aws_arm64_micro; CPU aarch64,unknown,completed,paper-provenance/scripts/plot_evaluation_kinsn.py (older 29-case source); bpf-benchmark/docs/artifacts/render_claim_table.py (27-case derivation),yes,1.035087719,recomputed; figure geomeans 1.24/1.22 match,27-case sample medians; x86 separate candidate/baseline; ARM matched kernel/kernel_rejit,,recomputed from data/,15,\includegraphics[width=\textwidth]{figures/sec-6-arm64-kinsn-micro-rejit-27-20260608.pdf}
C0311,current,body,figure bar,paper/figures/sec-6-kinsn-micro-rq1.tex,15,\includegraphics[width=\textwidth]{figures/sec-6-arm64-kinsn-micro-rejit-27-20260608.pdf},arm tracee_syscall_name_table_lookup plotted kinsn speedup,bar (value derived below),micro/results/aws_arm64_micro_20260606_001225_821028,micro/results/aws_arm64_micro_20260606_001225_821028,yes,2026-06-06T00:12:25.821028+00:00,aws_arm64_micro; CPU aarch64,unknown,completed,paper-provenance/scripts/plot_evaluation_kinsn.py (older 29-case source); bpf-benchmark/docs/artifacts/render_claim_table.py (27-case derivation),yes,1.174603175,recomputed; figure geomeans 1.24/1.22 match,27-case sample medians; x86 separate candidate/baseline; ARM matched kernel/kernel_rejit,,recomputed from data/,15,\includegraphics[width=\textwidth]{figures/sec-6-arm64-kinsn-micro-rejit-27-20260608.pdf}
C0312,current,body,empirical,paper/figures/sec-6-kinsn-micro-rq3.tex,3,\includegraphics[width=\columnwidth]{figures/sec-6-rq3-cilium-katran.pdf},Cilium Full throughput bar,1.074/1.114/1.073/0.995,corpus/results/x86_kvm_corpus_20260604_100557_313063,corpus/results/x86_kvm_corpus_20260604_100557_313063,yes,2026-06-04T10:05:57.313063+00:00,x86_kvm_corpus; CPU not recorded,not recorded,completed,bpf-benchmark/docs/archive/shared/kinsn_eval_20260604.py; bpf-benchmark/kinsn/docs/evaluation.md; paper-provenance/scripts/plot_app_case_studies.py (hard-coded plot inputs),yes,1.074262360,matches plotted labels,as body RQ3; active PDF has exactly four configurations,,recomputed from data/,3,\includegraphics[width=\columnwidth]{figures/sec-6-rq3-cilium-katran.pdf}
C0313,current,body,empirical,paper/figures/sec-6-kinsn-micro-rq3.tex,3,\includegraphics[width=\columnwidth]{figures/sec-6-rq3-cilium-katran.pdf},Cilium No Bulk throughput bar,1.074/1.114/1.073/0.995,corpus/results/x86_kvm_corpus_20260605_004607_636479,corpus/results/x86_kvm_corpus_20260605_004607_636479,yes,2026-06-05T00:46:07.636479+00:00,x86_kvm_corpus; CPU not recorded,not recorded,completed,bpf-benchmark/docs/archive/shared/kinsn_eval_20260604.py; bpf-benchmark/kinsn/docs/evaluation.md; paper-provenance/scripts/plot_app_case_studies.py (hard-coded plot inputs),yes,1.113902567,matches plotted labels,as body RQ3; active PDF has exactly four configurations,,recomputed from data/,3,\includegraphics[width=\columnwidth]{figures/sec-6-rq3-cilium-katran.pdf}
C0314,current,body,empirical,paper/figures/sec-6-kinsn-micro-rq3.tex,3,\includegraphics[width=\columnwidth]{figures/sec-6-rq3-cilium-katran.pdf},Katran Conservative throughput bar,1.074/1.114/1.073/0.995,corpus/results/aws_arm64_corpus_20260605_080836_924256,corpus/results/aws_arm64_corpus_20260605_080836_924256,yes,2026-06-05T08:08:36.924256+00:00,aws_arm64_corpus; CPU not recorded,not recorded,error,bpf-benchmark/docs/archive/shared/kinsn_eval_20260604.py; bpf-benchmark/kinsn/docs/evaluation.md; paper-provenance/scripts/plot_app_case_studies.py (hard-coded plot inputs),yes,1.072759989,matches plotted labels,as body RQ3; active PDF has exactly four configurations,,recomputed from data/,3,\includegraphics[width=\columnwidth]{figures/sec-6-rq3-cilium-katran.pdf}
C0315,current,body,empirical,paper/figures/sec-6-kinsn-micro-rq3.tex,3,\includegraphics[width=\columnwidth]{figures/sec-6-rq3-cilium-katran.pdf},Katran Full throughput bar,1.074/1.114/1.073/0.995,corpus/results/aws_arm64_corpus_20260605_094729_221231,corpus/results/aws_arm64_corpus_20260605_094729_221231,yes,2026-06-05T09:47:29.221231+00:00,aws_arm64_corpus; CPU not recorded,not recorded,error,bpf-benchmark/docs/archive/shared/kinsn_eval_20260604.py; bpf-benchmark/kinsn/docs/evaluation.md; paper-provenance/scripts/plot_app_case_studies.py (hard-coded plot inputs),yes,0.994743164,matches plotted labels,as body RQ3; active PDF has exactly four configurations,,recomputed from data/,3,\includegraphics[width=\columnwidth]{figures/sec-6-rq3-cilium-katran.pdf}
C0316,current,body,empirical,paper/sections/7-evaluation.tex,74,"The \lang lowering and restore stages add two linear passes over the program during verification. Across all 62 microbenchmarks on x86-64 KVM, the kernel-side load time (\texttt{object\_load\_ns}, covering verification and JIT) shows a 0.99$\times$ geomean ratio relative to the original kernel, i.e., no measurable overhead. For programs with \lang sites, the end-to-end compile time (including the userspace recognizer) increases by 1.4--2.4$\times$, but remains sub-millisecond in absolute terms.",historical load-time campaign protocol,62 cases,micro/results/x86_kvm_micro_20260514_031744_210343; micro/results/x86_kvm_micro_20260514_181806_133778; micro/results/x86_kvm_micro_20260429_035938_203074,micro/results/x86_kvm_micro_20260514_031744_210343; micro/results/x86_kvm_micro_20260514_181806_133778; micro/results/x86_kvm_micro_20260429_035938_203074,yes,2026-05-14T03:17:44.210343+00:00; 2026-05-14T18:18:06.133778+00:00; 2026-04-29T03:59:38.203074+00:00,x86_kvm_micro; CPU Intel(R) Core(TM) Ultra 9 285K,unknown,completed,paper-provenance/scripts/plot_evaluation_kinsn.py (older 29-case source); bpf-benchmark/docs/artifacts/render_claim_table.py (27-case derivation),yes,62,matches population; different sampling protocol,intersect both May14 runs with Apr29 62-name list; exclude katran_like,"Retained historical samples=1, INNER_REPEAT=10; performance figure protocol is samples=3, INNER_REPEAT=100000.",recomputed from data/,74,"The \lang lowering and restore stages add two linear passes over the program during verification. Across all 62 microbenchmarks on x86-64 KVM, the kernel-side load time (\texttt{object\_load\_ns}, covering verification and JIT) shows a 0.99$\times$ geomean ratio relative to the stock kernel, i.e., no measurable overhead. For programs with \lang sites, the end-to-end compile time (including the userspace recognizer) increases by 1.4--2.4$\times$, but remains sub-millisecond in absolute terms."
C0317,current,body,empirical,paper/figures/sec-6-kinsn-micro-rq1.tex,25,the 27 benchmarks with applied \lang{} sites. Red lines mark the geomean,ARM64 figure population,27,micro/results/aws_arm64_micro_20260606_001225_821028,micro/results/aws_arm64_micro_20260606_001225_821028,yes,2026-06-06T00:12:25.821028+00:00,aws_arm64_micro; CPU aarch64,unknown,completed,paper-provenance/scripts/plot_evaluation_kinsn.py (older 29-case source); bpf-benchmark/docs/artifacts/render_claim_table.py (27-case derivation),yes,27,matches,cases with applied kinsn sites; exclude baseline-only simple/simple_packet,,recomputed from data/,25,the 27 benchmarks with applied \lang{} sites. Red lines mark the geomean
C0318,current,body,figure,paper/figures/sec-3-jit-dump.tex,3,\includegraphics[width=\linewidth]{figures/sec-3-jit-dump-fig.pdf},figure artifact figures/sec-3-jit-dump-fig.pdf,,,,no raw dataset identified,,,,,See neighboring rows and paper-provenance/scripts/,no,,generator/data link inspected,,Pre-existing PDF retained; no changes made.,declaration or missing evidence; see cause,3,\includegraphics[width=\linewidth]{figures/sec-3-jit-dump-fig.pdf}
C0319,current,body,missing raw,paper/figures/sec-3-jit-dump.tex,4,"\caption{Compiling a 64-bit rotate with a variable shift. Direct compilation to x86-64 emits a single \texttt{ROL}. Through eBPF the rotate becomes eight bytecode instructions, which the per-opcode kernel JIT translates separately into 15 machine instructions (Linux 6.1, x86-64).}","instruction counts / rotate example: \caption{Compiling a 64-bit rotate with a variable shift. Direct compilation to x86-64 emits a single \texttt{ROL}. Through eBPF the rotate becomes eight bytecode instructions, which the per-opcode kernel JIT translates separately into 15 machine instructions (Linux 6.1, x86-64).}",64; 15; 6.1,,,no raw data in reachable repositories,,,,,paper/figures/sec-3-jit-dump.tex; bpf-benchmark/docs/archive/shared/20260319/llvm_vs_kernel_jit_disasm_analysis_20260319.md (related later dumps),no,,original raw dump not found,,Paper rotate figure names Linux 6.1. March19 dumps are Linux 7.0 rc2 and different whole stress programs; related data do not independently establish the exact illustration/table counts.,declaration or missing evidence; see cause,4,"\caption{Compiling a 64-bit rotate with a variable shift. Direct compilation to x86-64 emits a single \texttt{ROL}. Through eBPF the rotate becomes eight bytecode instructions, which the per-opcode kernel JIT translates separately into 15 machine instructions (Linux 6.1, x86-64).}"
C0323,current,body,empirical,paper/figures/sec-3-pure-bytecode-percase.tex,4,"\caption{Speedup over the kernel JIT on the 27 microbenchmarks, on x86-64 (top) and ARM64 (bottom). Each bar is one non-baseline path. The ARM64 paths come from separate runs, each over its own baseline.}","measurement/population convention: \caption{Per-case speedup over the kernel eBPF JIT on the 27 pure-bytecode microbenchmarks, on x86-64 (top) and ARM64 (bottom). Each bar is one non-baseline path. The ARM64 paths come from separate runs, each over its own baseline.}",27,micro/results/x86_kvm_micro_20260526_210952_650695; micro/results/aws_arm64_micro_20260523_091516_610343; micro/results/aws_arm64_micro_20260520_052452_727433,micro/results/x86_kvm_micro_20260526_210952_650695; micro/results/aws_arm64_micro_20260523_091516_610343; micro/results/aws_arm64_micro_20260520_052452_727433,yes,2026-05-26T21:09:52.650695+00:00; 2026-05-23T09:15:16.610343+00:00; 2026-05-20T05:24:52.727433+00:00,x86_kvm_micro; CPU Intel(R) Core(TM) Ultra 9 285K; aws_arm64_micro; CPU aarch64,unknown,completed,bpf-benchmark/docs/archive/shared/plot_micro_characterization_20260527.py; paper-provenance/scripts/plot_characterization_pure_percase.py (older 29-case source; final 27-case/4config generator not retained),no,,inspect raw defaults; ARM characterization userspace run has SAMPLES=1 INNER_REPEAT=10000,,"Other main micro runs have SAMPLES=3, WARMUPS=0, INNER_REPEAT=100000; paper RQ1 caption says three measured samples.",declaration or missing evidence; see cause,4,"\caption{Per-case speedup over the kernel eBPF JIT on the 27 pure-bytecode microbenchmarks, on x86-64 (top) and ARM64 (bottom). Each bar is one non-baseline path. The ARM64 paths come from separate runs, each over its own baseline.}"
C0328,current,body,empirical,paper/figures/sec-6-kinsn-micro-rq1.tex,22,\texttt{INNER\_REPEAT=100000}; bars report speedup computed from median,measurement/population convention: \texttt{INNER\_REPEAT=100000}; bars report speedup computed from median,100000,micro/results/x86_kvm_micro_20260519_114214_364050; micro/results/x86_kvm_micro_20260526_210351_224315; micro/results/aws_arm64_micro_20260606_001225_821028,micro/results/x86_kvm_micro_20260519_114214_364050; micro/results/x86_kvm_micro_20260526_210351_224315; micro/results/aws_arm64_micro_20260606_001225_821028,yes,2026-05-19T11:42:14.364050+00:00; 2026-05-26T21:03:51.224315+00:00; 2026-06-06T00:12:25.821028+00:00,x86_kvm_micro; CPU Intel(R) Core(TM) Ultra 9 285K; aws_arm64_micro; CPU aarch64,unknown,completed,paper-provenance/scripts/plot_evaluation_kinsn.py (older 29-case source); bpf-benchmark/docs/artifacts/render_claim_table.py (27-case derivation),no,,inspect raw defaults; ARM characterization userspace run has SAMPLES=1 INNER_REPEAT=10000,,"Other main micro runs have SAMPLES=3, WARMUPS=0, INNER_REPEAT=100000; paper RQ1 caption says three measured samples.",declaration or missing evidence; see cause,22,\texttt{INNER\_REPEAT=100000}; bars report speedup computed from median
C0332,revision,body,missing raw,paper/revision/figures/sec-3-jit-dump.tex,4,"x=1cm,y=1cm,","numerical claim: x=1cm,y=1cm,",1; 1,,,no raw data in reachable repositories,October 2026 rerun; report directory dated 2026-10-03; exact collection dates unavailable,"EC2 c7i.large (x86 Sapphire Rapids) / c7g.large (ARM64 Graviton3), paper-declared",not recorded in reachable evidence,,paper/review/08-camera-ready-eval-issues-2026-10-04.md:15; author-local /Users/ruoji/.../github/bpf-kinsn/paper/revisions/2026-10-03-sec6-rerun/results.md (unreachable),no,,no October EC2 raw data,,Revision numerical results exist only as prose/tables/PDFs; no retained c7i/c7g 12-instance datasets or exact generating scripts found. paper/review/08-camera-ready-eval-issues-2026-10-04.md:15; author-local /Users/ruoji/.../github/bpf-kinsn/paper/revisions/2026-10-03-sec6-rerun/results.md (unreachable),declaration or missing evidence; see cause,4,"x=1cm,y=1cm,"
C0333,revision,body,missing raw,paper/revision/figures/sec-3-jit-dump.tex,5,"font=\sffamily\fontsize{8}{9.5}\selectfont,","numerical claim: font=\sffamily\fontsize{8}{9.5}\selectfont,",8; 9.5,,,no raw data in reachable repositories,October 2026 rerun; report directory dated 2026-10-03; exact collection dates unavailable,"EC2 c7i.large (x86 Sapphire Rapids) / c7g.large (ARM64 Graviton3), paper-declared",not recorded in reachable evidence,,paper/review/08-camera-ready-eval-issues-2026-10-04.md:15; author-local /Users/ruoji/.../github/bpf-kinsn/paper/revisions/2026-10-03-sec6-rerun/results.md (unreachable),no,,no October EC2 raw data,,Revision numerical results exist only as prose/tables/PDFs; no retained c7i/c7g 12-instance datasets or exact generating scripts found. paper/review/08-camera-ready-eval-issues-2026-10-04.md:15; author-local /Users/ruoji/.../github/bpf-kinsn/paper/revisions/2026-10-03-sec6-rerun/results.md (unreachable),declaration or missing evidence; see cause,5,"font=\sffamily\fontsize{8}{9.5}\selectfont,"
C0334,revision,body,missing raw,paper/revision/figures/sec-3-jit-dump.tex,6,"code/.style={draw=black,line width=0.5pt,fill=black!2,","numerical claim: code/.style={draw=black,line width=0.5pt,fill=black!2,","0.5; 2,",,,no raw data in reachable repositories,October 2026 rerun; report directory dated 2026-10-03; exact collection dates unavailable,"EC2 c7i.large (x86 Sapphire Rapids) / c7g.large (ARM64 Graviton3), paper-declared",not recorded in reachable evidence,,paper/review/08-camera-ready-eval-issues-2026-10-04.md:15; author-local /Users/ruoji/.../github/bpf-kinsn/paper/revisions/2026-10-03-sec6-rerun/results.md (unreachable),no,,no October EC2 raw data,,Revision numerical results exist only as prose/tables/PDFs; no retained c7i/c7g 12-instance datasets or exact generating scripts found. paper/review/08-camera-ready-eval-issues-2026-10-04.md:15; author-local /Users/ruoji/.../github/bpf-kinsn/paper/revisions/2026-10-03-sec6-rerun/results.md (unreachable),declaration or missing evidence; see cause,6,"code/.style={draw=black,line width=0.5pt,fill=black!2,"
C0335,revision,body,missing raw,paper/revision/figures/sec-3-jit-dump.tex,7,"text width=3.1cm,inner xsep=2mm,inner ysep=2mm,","numerical claim: text width=3.1cm,inner xsep=2mm,inner ysep=2mm,",3.1; 2; 2,,,no raw data in reachable repositories,October 2026 rerun; report directory dated 2026-10-03; exact collection dates unavailable,"EC2 c7i.large (x86 Sapphire Rapids) / c7g.large (ARM64 Graviton3), paper-declared",not recorded in reachable evidence,,paper/review/08-camera-ready-eval-issues-2026-10-04.md:15; author-local /Users/ruoji/.../github/bpf-kinsn/paper/revisions/2026-10-03-sec6-rerun/results.md (unreachable),no,,no October EC2 raw data,,Revision numerical results exist only as prose/tables/PDFs; no retained c7i/c7g 12-instance datasets or exact generating scripts found. paper/review/08-camera-ready-eval-issues-2026-10-04.md:15; author-local /Users/ruoji/.../github/bpf-kinsn/paper/revisions/2026-10-03-sec6-rerun/results.md (unreachable),declaration or missing evidence; see cause,7,"text width=3.1cm,inner xsep=2mm,inner ysep=2mm,"
C0336,revision,body,missing raw,paper/revision/figures/sec-3-jit-dump.tex,9,"font=\ttfamily\fontsize{8}{9.5}\selectfont},","numerical claim: font=\ttfamily\fontsize{8}{9.5}\selectfont},",8; 9.5,,,no raw data in reachable repositories,October 2026 rerun; report directory dated 2026-10-03; exact collection dates unavailable,"EC2 c7i.large (x86 Sapphire Rapids) / c7g.large (ARM64 Graviton3), paper-declared",not recorded in reachable evidence,,paper/review/08-camera-ready-eval-issues-2026-10-04.md:15; author-local /Users/ruoji/.../github/bpf-kinsn/paper/revisions/2026-10-03-sec6-rerun/results.md (unreachable),no,,no October EC2 raw data,,Revision numerical results exist only as prose/tables/PDFs; no retained c7i/c7g 12-instance datasets or exact generating scripts found. paper/review/08-camera-ready-eval-issues-2026-10-04.md:15; author-local /Users/ruoji/.../github/bpf-kinsn/paper/revisions/2026-10-03-sec6-rerun/results.md (unreachable),declaration or missing evidence; see cause,9,"font=\ttfamily\fontsize{8}{9.5}\selectfont},"
C0337,revision,body,missing raw,paper/revision/figures/sec-3-jit-dump.tex,10,"heading/.style={anchor=south west,text depth=1.5pt,font=\sffamily\bfseries\fontsize{8}{9.5}\selectfont},","numerical claim: heading/.style={anchor=south west,text depth=1.5pt,font=\sffamily\bfseries\fontsize{8}{9.5}\selectfont},",1.5; 8; 9.5,,,no raw data in reachable repositories,October 2026 rerun; report directory dated 2026-10-03; exact collection dates unavailable,"EC2 c7i.large (x86 Sapphire Rapids) / c7g.large (ARM64 Graviton3), paper-declared",not recorded in reachable evidence,,paper/review/08-camera-ready-eval-issues-2026-10-04.md:15; author-local /Users/ruoji/.../github/bpf-kinsn/paper/revisions/2026-10-03-sec6-rerun/results.md (unreachable),no,,no October EC2 raw data,,Revision numerical results exist only as prose/tables/PDFs; no retained c7i/c7g 12-instance datasets or exact generating scripts found. paper/review/08-camera-ready-eval-issues-2026-10-04.md:15; author-local /Users/ruoji/.../github/bpf-kinsn/paper/revisions/2026-10-03-sec6-rerun/results.md (unreachable),declaration or missing evidence; see cause,10,"heading/.style={anchor=south west,text depth=1.5pt,font=\sffamily\bfseries\fontsize{8}{9.5}\selectfont},"
C0338,revision,body,missing raw,paper/revision/figures/sec-3-jit-dump.tex,11,"flow/.style={-{Stealth[length=1.5mm]},line width=0.6pt},","numerical claim: flow/.style={-{Stealth[length=1.5mm]},line width=0.6pt},",1.5; 0.6,,,no raw data in reachable repositories,October 2026 rerun; report directory dated 2026-10-03; exact collection dates unavailable,"EC2 c7i.large (x86 Sapphire Rapids) / c7g.large (ARM64 Graviton3), paper-declared",not recorded in reachable evidence,,paper/review/08-camera-ready-eval-issues-2026-10-04.md:15; author-local /Users/ruoji/.../github/bpf-kinsn/paper/revisions/2026-10-03-sec6-rerun/results.md (unreachable),no,,no October EC2 raw data,,Revision numerical results exist only as prose/tables/PDFs; no retained c7i/c7g 12-instance datasets or exact generating scripts found. paper/review/08-camera-ready-eval-issues-2026-10-04.md:15; author-local /Users/ruoji/.../github/bpf-kinsn/paper/revisions/2026-10-03-sec6-rerun/results.md (unreachable),declaration or missing evidence; see cause,11,"flow/.style={-{Stealth[length=1.5mm]},line width=0.6pt},"
C0339,revision,body,missing raw,paper/revision/figures/sec-3-jit-dump.tex,12,"stage/.style={align=center,font=\sffamily\fontsize{7.5}{9}\selectfont}","numerical claim: stage/.style={align=center,font=\sffamily\fontsize{7.5}{9}\selectfont}",7.5; 9,,,no raw data in reachable repositories,October 2026 rerun; report directory dated 2026-10-03; exact collection dates unavailable,"EC2 c7i.large (x86 Sapphire Rapids) / c7g.large (ARM64 Graviton3), paper-declared",not recorded in reachable evidence,,paper/review/08-camera-ready-eval-issues-2026-10-04.md:15; author-local /Users/ruoji/.../github/bpf-kinsn/paper/revisions/2026-10-03-sec6-rerun/results.md (unreachable),no,,no October EC2 raw data,,Revision numerical results exist only as prose/tables/PDFs; no retained c7i/c7g 12-instance datasets or exact generating scripts found. paper/review/08-camera-ready-eval-issues-2026-10-04.md:15; author-local /Users/ruoji/.../github/bpf-kinsn/paper/revisions/2026-10-03-sec6-rerun/results.md (unreachable),declaration or missing evidence; see cause,12,"stage/.style={align=center,font=\sffamily\fontsize{7.5}{9}\selectfont}"
C0340,revision,body,missing raw,paper/revision/figures/sec-3-jit-dump.tex,14,"\path[use as bounding box] (0,-0.08) rectangle (8.5,4.72);","numerical claim: \path[use as bounding box] (0,-0.08) rectangle (8.5,4.72);","0,; 0.08; 8.5; 4.72",,,no raw data in reachable repositories,October 2026 rerun; report directory dated 2026-10-03; exact collection dates unavailable,"EC2 c7i.large (x86 Sapphire Rapids) / c7g.large (ARM64 Graviton3), paper-declared",not recorded in reachable evidence,,paper/review/08-camera-ready-eval-issues-2026-10-04.md:15; author-local /Users/ruoji/.../github/bpf-kinsn/paper/revisions/2026-10-03-sec6-rerun/results.md (unreachable),no,,no October EC2 raw data,,Revision numerical results exist only as prose/tables/PDFs; no retained c7i/c7g 12-instance datasets or exact generating scripts found. paper/review/08-camera-ready-eval-issues-2026-10-04.md:15; author-local /Users/ruoji/.../github/bpf-kinsn/paper/revisions/2026-10-03-sec6-rerun/results.md (unreachable),declaration or missing evidence; see cause,14,"\path[use as bounding box] (0,-0.08) rectangle (8.5,4.72);"
C0341,revision,body,missing raw,paper/revision/figures/sec-3-jit-dump.tex,15,"\node[heading] at (0,4.21) {C (simplified)};","numerical claim: \node[heading] at (0,4.21) {C (simplified)};","0,4.21",,,no raw data in reachable repositories,October 2026 rerun; report directory dated 2026-10-03; exact collection dates unavailable,"EC2 c7i.large (x86 Sapphire Rapids) / c7g.large (ARM64 Graviton3), paper-declared",not recorded in reachable evidence,,paper/review/08-camera-ready-eval-issues-2026-10-04.md:15; author-local /Users/ruoji/.../github/bpf-kinsn/paper/revisions/2026-10-03-sec6-rerun/results.md (unreachable),no,,no October EC2 raw data,,Revision numerical results exist only as prose/tables/PDFs; no retained c7i/c7g 12-instance datasets or exact generating scripts found. paper/review/08-camera-ready-eval-issues-2026-10-04.md:15; author-local /Users/ruoji/.../github/bpf-kinsn/paper/revisions/2026-10-03-sec6-rerun/results.md (unreachable),declaration or missing evidence; see cause,15,"\node[heading] at (0,4.21) {C (simplified)};"
C0342,revision,body,missing raw,paper/revision/figures/sec-3-jit-dump.tex,16,"\node[heading] at (5,4.21) {x86-64 native};","numerical claim: \node[heading] at (5,4.21) {x86-64 native};","5,4.21",,,no raw data in reachable repositories,October 2026 rerun; report directory dated 2026-10-03; exact collection dates unavailable,"EC2 c7i.large (x86 Sapphire Rapids) / c7g.large (ARM64 Graviton3), paper-declared",not recorded in reachable evidence,,paper/review/08-camera-ready-eval-issues-2026-10-04.md:15; author-local /Users/ruoji/.../github/bpf-kinsn/paper/revisions/2026-10-03-sec6-rerun/results.md (unreachable),no,,no October EC2 raw data,,Revision numerical results exist only as prose/tables/PDFs; no retained c7i/c7g 12-instance datasets or exact generating scripts found. paper/review/08-camera-ready-eval-issues-2026-10-04.md:15; author-local /Users/ruoji/.../github/bpf-kinsn/paper/revisions/2026-10-03-sec6-rerun/results.md (unreachable),declaration or missing evidence; see cause,16,"\node[heading] at (5,4.21) {x86-64 native};"
C0343,revision,body,missing raw,paper/revision/figures/sec-3-jit-dump.tex,17,"\node[code,minimum height=1.35cm] (source) at (0,4.15) {y = (x <{}< 16)\\\hspace*{1em}| (x >{}> 48);};","numerical claim: \node[code,minimum height=1.35cm] (source) at (0,4.15) {y = (x <{}< 16)\\\hspace*{1em}| (x >{}> 48);};","1.35; 0,4.15; 16; 1; 48",,,no raw data in reachable repositories,October 2026 rerun; report directory dated 2026-10-03; exact collection dates unavailable,"EC2 c7i.large (x86 Sapphire Rapids) / c7g.large (ARM64 Graviton3), paper-declared",not recorded in reachable evidence,,paper/review/08-camera-ready-eval-issues-2026-10-04.md:15; author-local /Users/ruoji/.../github/bpf-kinsn/paper/revisions/2026-10-03-sec6-rerun/results.md (unreachable),no,,no October EC2 raw data,,Revision numerical results exist only as prose/tables/PDFs; no retained c7i/c7g 12-instance datasets or exact generating scripts found. paper/review/08-camera-ready-eval-issues-2026-10-04.md:15; author-local /Users/ruoji/.../github/bpf-kinsn/paper/revisions/2026-10-03-sec6-rerun/results.md (unreachable),declaration or missing evidence; see cause,17,"\node[code,minimum height=1.35cm] (source) at (0,4.15) {y = (x <{}< 16)\\\hspace*{1em}| (x >{}> 48);};"
C0344,revision,body,missing raw,paper/revision/figures/sec-3-jit-dump.tex,18,"\node[code,minimum height=1.35cm] (native) at (5,4.15) {rorx r15, rbx, 0x30};","numerical claim: \node[code,minimum height=1.35cm] (native) at (5,4.15) {rorx r15, rbx, 0x30};","1.35; 5,4.15; 5,; 0; 0",,,no raw data in reachable repositories,October 2026 rerun; report directory dated 2026-10-03; exact collection dates unavailable,"EC2 c7i.large (x86 Sapphire Rapids) / c7g.large (ARM64 Graviton3), paper-declared",not recorded in reachable evidence,,paper/review/08-camera-ready-eval-issues-2026-10-04.md:15; author-local /Users/ruoji/.../github/bpf-kinsn/paper/revisions/2026-10-03-sec6-rerun/results.md (unreachable),no,,no October EC2 raw data,,Revision numerical results exist only as prose/tables/PDFs; no retained c7i/c7g 12-instance datasets or exact generating scripts found. paper/review/08-camera-ready-eval-issues-2026-10-04.md:15; author-local /Users/ruoji/.../github/bpf-kinsn/paper/revisions/2026-10-03-sec6-rerun/results.md (unreachable),declaration or missing evidence; see cause,18,"\node[code,minimum height=1.35cm] (native) at (5,4.15) {rorx r15, rbx, 0x30};"
C0345,revision,body,missing raw,paper/revision/figures/sec-3-jit-dump.tex,19,"\node[heading,align=left] at (0,1.76) {eBPF\\bytecode};","numerical claim: \node[heading,align=left] at (0,1.76) {eBPF\\bytecode};","0,1.76",,,no raw data in reachable repositories,October 2026 rerun; report directory dated 2026-10-03; exact collection dates unavailable,"EC2 c7i.large (x86 Sapphire Rapids) / c7g.large (ARM64 Graviton3), paper-declared",not recorded in reachable evidence,,paper/review/08-camera-ready-eval-issues-2026-10-04.md:15; author-local /Users/ruoji/.../github/bpf-kinsn/paper/revisions/2026-10-03-sec6-rerun/results.md (unreachable),no,,no October EC2 raw data,,Revision numerical results exist only as prose/tables/PDFs; no retained c7i/c7g 12-instance datasets or exact generating scripts found. paper/review/08-camera-ready-eval-issues-2026-10-04.md:15; author-local /Users/ruoji/.../github/bpf-kinsn/paper/revisions/2026-10-03-sec6-rerun/results.md (unreachable),declaration or missing evidence; see cause,19,"\node[heading,align=left] at (0,1.76) {eBPF\\bytecode};"
C0346,revision,body,missing raw,paper/revision/figures/sec-3-jit-dump.tex,20,"\node[heading] at (5,1.76) {x86-64 native};","numerical claim: \node[heading] at (5,1.76) {x86-64 native};","5,1.76",,,no raw data in reachable repositories,October 2026 rerun; report directory dated 2026-10-03; exact collection dates unavailable,"EC2 c7i.large (x86 Sapphire Rapids) / c7g.large (ARM64 Graviton3), paper-declared",not recorded in reachable evidence,,paper/review/08-camera-ready-eval-issues-2026-10-04.md:15; author-local /Users/ruoji/.../github/bpf-kinsn/paper/revisions/2026-10-03-sec6-rerun/results.md (unreachable),no,,no October EC2 raw data,,Revision numerical results exist only as prose/tables/PDFs; no retained c7i/c7g 12-instance datasets or exact generating scripts found. paper/review/08-camera-ready-eval-issues-2026-10-04.md:15; author-local /Users/ruoji/.../github/bpf-kinsn/paper/revisions/2026-10-03-sec6-rerun/results.md (unreachable),declaration or missing evidence; see cause,20,"\node[heading] at (5,1.76) {x86-64 native};"
C0347,revision,body,missing raw,paper/revision/figures/sec-3-jit-dump.tex,21,"\node[code,minimum height=1.75cm] (bytecode) at (0,1.70) {r1 = r7\\r1 >{}>= 48\\r7 <{}<= 16\\r7 |= r1};","numerical claim: \node[code,minimum height=1.75cm] (bytecode) at (0,1.70) {r1 = r7\\r1 >{}>= 48\\r7 <{}<= 16\\r7 |= r1};","1.75; 0,1.70; 48; 16",,,no raw data in reachable repositories,October 2026 rerun; report directory dated 2026-10-03; exact collection dates unavailable,"EC2 c7i.large (x86 Sapphire Rapids) / c7g.large (ARM64 Graviton3), paper-declared",not recorded in reachable evidence,,paper/review/08-camera-ready-eval-issues-2026-10-04.md:15; author-local /Users/ruoji/.../github/bpf-kinsn/paper/revisions/2026-10-03-sec6-rerun/results.md (unreachable),no,,no October EC2 raw data,,Revision numerical results exist only as prose/tables/PDFs; no retained c7i/c7g 12-instance datasets or exact generating scripts found. paper/review/08-camera-ready-eval-issues-2026-10-04.md:15; author-local /Users/ruoji/.../github/bpf-kinsn/paper/revisions/2026-10-03-sec6-rerun/results.md (unreachable),declaration or missing evidence; see cause,21,"\node[code,minimum height=1.75cm] (bytecode) at (0,1.70) {r1 = r7\\r1 >{}>= 48\\r7 <{}<= 16\\r7 |= r1};"
C0348,revision,body,missing raw,paper/revision/figures/sec-3-jit-dump.tex,22,"\node[code,minimum height=1.75cm] (jit) at (5,1.70) {mov rdi, r13\\shr rdi, 0x30\\shl r13, 0x10\\or r13, rdi};","numerical claim: \node[code,minimum height=1.75cm] (jit) at (5,1.70) {mov rdi, r13\\shr rdi, 0x30\\shl r13, 0x10\\or r13, rdi};","1.75; 5,1.70; 3; 0; 0; 3,; 0; 0; 3,",,,no raw data in reachable repositories,October 2026 rerun; report directory dated 2026-10-03; exact collection dates unavailable,"EC2 c7i.large (x86 Sapphire Rapids) / c7g.large (ARM64 Graviton3), paper-declared",not recorded in reachable evidence,,paper/review/08-camera-ready-eval-issues-2026-10-04.md:15; author-local /Users/ruoji/.../github/bpf-kinsn/paper/revisions/2026-10-03-sec6-rerun/results.md (unreachable),no,,no October EC2 raw data,,Revision numerical results exist only as prose/tables/PDFs; no retained c7i/c7g 12-instance datasets or exact generating scripts found. paper/review/08-camera-ready-eval-issues-2026-10-04.md:15; author-local /Users/ruoji/.../github/bpf-kinsn/paper/revisions/2026-10-03-sec6-rerun/results.md (unreachable),declaration or missing evidence; see cause,22,"\node[code,minimum height=1.75cm] (jit) at (5,1.70) {mov rdi, r13\\shr rdi, 0x30\\shl r13, 0x10\\or r13, rdi};"
C0349,revision,body,missing raw,paper/revision/figures/sec-3-jit-dump.tex,27,"\caption{Two compilation paths for a 64-bit left rotation by 16 bits in the SipHash-style benchmark on x86-64. In the simplified C expression, \texttt{x} and \texttt{y} are 64-bit unsigned integers. The code panels show only the rotation, omitting input preparation and adjacent computation. Assembly uses Intel syntax; right rotation by \texttt{0x30} (48) bits equals left rotation by 16 bits.}","numerical claim: \caption{Two compilation paths for a 64-bit left rotation by 16 bits in the SipHash-style benchmark on x86-64. In the simplified C expression, \texttt{x} and \texttt{y} are 64-bit unsigned integers. The code panels show only the rotation, omitting input preparation and adjacent computation. Assembly uses Intel syntax; right rotation by \texttt{0x30} (48) bits equals left rotation by 16 bits.}",64; 16; 64; 0; 0; 48; 16,,,no raw data in reachable repositories,October 2026 rerun; report directory dated 2026-10-03; exact collection dates unavailable,"EC2 c7i.large (x86 Sapphire Rapids) / c7g.large (ARM64 Graviton3), paper-declared",not recorded in reachable evidence,,paper/review/08-camera-ready-eval-issues-2026-10-04.md:15; author-local /Users/ruoji/.../github/bpf-kinsn/paper/revisions/2026-10-03-sec6-rerun/results.md (unreachable),no,,no October EC2 raw data,,Revision numerical results exist only as prose/tables/PDFs; no retained c7i/c7g 12-instance datasets or exact generating scripts found. paper/review/08-camera-ready-eval-issues-2026-10-04.md:15; author-local /Users/ruoji/.../github/bpf-kinsn/paper/revisions/2026-10-03-sec6-rerun/results.md (unreachable),declaration or missing evidence; see cause,27,"\caption{Two compilation paths for a 64-bit left rotation by 16 bits in the SipHash-style benchmark on x86-64. In the simplified C expression, \texttt{x} and \texttt{y} are 64-bit unsigned integers. The code panels show only the rotation, omitting input preparation and adjacent computation. Assembly uses Intel syntax; right rotation by \texttt{0x30} (48) bits equals left rotation by 16 bits.}"
C0350,revision,body,missing raw,paper/revision/figures/sec-3-pure-bytecode-percase.tex,3,\includegraphics[width=\textwidth]{figures/sec-3-slowdown-o2-grouped.pdf},figure artifact figures/sec-3-slowdown-o2-grouped.pdf,,,,no raw data in reachable repositories,October 2026 rerun; report directory dated 2026-10-03; exact collection dates unavailable,"EC2 c7i.large (x86 Sapphire Rapids) / c7g.large (ARM64 Graviton3), paper-declared",not recorded in reachable evidence,,paper/review/08-camera-ready-eval-issues-2026-10-04.md:15; author-local /Users/ruoji/.../github/bpf-kinsn/paper/revisions/2026-10-03-sec6-rerun/results.md (unreachable),no,,no October EC2 raw data,,Pre-existing PDF retained; no changes made.,declaration or missing evidence; see cause,3,\includegraphics[width=\textwidth]{figures/sec-3-slowdown-o2-grouped.pdf}
C0351,revision,body,missing raw,paper/revision/figures/sec-3-pure-bytecode-percase.tex,4,"\caption{eBPF JIT execution time relative to user-space native. The left and right bars for each benchmark correspond to x86-64 and ARM64. Each bar is the ratio of mean per-call execution times on the same architecture; values above 1 indicate slower eBPF JIT execution, and the dashed line denotes equal time. Error bars show 95\% confidence intervals obtained by resampling instances. Each geometric mean in the legend summarizes the 27 benchmark ratios for that architecture.}","numerical claim: \caption{eBPF JIT execution time relative to user-space native. The left and right bars for each benchmark correspond to x86-64 and ARM64. Each bar is the ratio of mean per-call execution times on the same architecture; values above 1 indicate slower eBPF JIT execution, and the dashed line denotes equal time. Error bars show 95\% confidence intervals obtained by resampling instances. Each geometric mean in the legend summarizes the 27 benchmark ratios for that architecture.}",1; 95; 27,,,no raw data in reachable repositories,October 2026 rerun; report directory dated 2026-10-03; exact collection dates unavailable,"EC2 c7i.large (x86 Sapphire Rapids) / c7g.large (ARM64 Graviton3), paper-declared",not recorded in reachable evidence,,paper/review/08-camera-ready-eval-issues-2026-10-04.md:15; author-local /Users/ruoji/.../github/bpf-kinsn/paper/revisions/2026-10-03-sec6-rerun/results.md (unreachable),no,,no October EC2 raw data,,Revision numerical results exist only as prose/tables/PDFs; no retained c7i/c7g 12-instance datasets or exact generating scripts found. paper/review/08-camera-ready-eval-issues-2026-10-04.md:15; author-local /Users/ruoji/.../github/bpf-kinsn/paper/revisions/2026-10-03-sec6-rerun/results.md (unreachable),declaration or missing evidence; see cause,4,"\caption{eBPF JIT execution time relative to user-space native. The left and right bars for each benchmark correspond to x86-64 and ARM64. Each bar is the ratio of mean per-call execution times on the same architecture; values above 1 indicate slower eBPF JIT execution, and the dashed line denotes equal time. Error bars show 95\% confidence intervals obtained by resampling instances. Each geometric mean in the legend summarizes the 27 benchmark ratios for that architecture.}"
C0352,revision,body,missing raw,paper/revision/figures/sec-6-micro-performance.tex,3,\includegraphics[width=\textwidth]{figures/sec-6-micro-performance.pdf},figure artifact figures/sec-6-micro-performance.pdf,,,,no raw data in reachable repositories,October 2026 rerun; report directory dated 2026-10-03; exact collection dates unavailable,"EC2 c7i.large (x86 Sapphire Rapids) / c7g.large (ARM64 Graviton3), paper-declared",not recorded in reachable evidence,,paper/review/08-camera-ready-eval-issues-2026-10-04.md:15; author-local /Users/ruoji/.../github/bpf-kinsn/paper/revisions/2026-10-03-sec6-rerun/results.md (unreachable),no,,no October EC2 raw data,,Pre-existing PDF retained; no changes made.,declaration or missing evidence; see cause,3,\includegraphics[width=\textwidth]{figures/sec-6-micro-performance.pdf}
C0353,revision,body,missing raw,paper/revision/figures/sec-6-micro-performance.tex,4,\caption{Execution-time ratios for the microbenchmarks in Table~\ref{tab:microbenchmarks}. Ratios are the reference configuration's mean execution time divided by that of \tool{}. Values above 1 indicate faster execution with \tool{}. Disabling \kinsn rewriting preserves the LLVM configuration. Geometric mean summarizes the 27 ratios. Error bars show 95\% confidence intervals from paired resampling of independent instances.},numerical claim: \caption{Execution-time ratios for the microbenchmarks in Table~\ref{tab:microbenchmarks}. Ratios are the reference configuration's mean execution time divided by that of \tool{}. Values above 1 indicate faster execution with \tool{}. Disabling \kinsn rewriting preserves the LLVM configuration. Geometric mean summarizes the 27 ratios. Error bars show 95\% confidence intervals from paired resampling of independent instances.},1; 27; 95,,,no raw data in reachable repositories,October 2026 rerun; report directory dated 2026-10-03; exact collection dates unavailable,"EC2 c7i.large (x86 Sapphire Rapids) / c7g.large (ARM64 Graviton3), paper-declared",not recorded in reachable evidence,,paper/review/08-camera-ready-eval-issues-2026-10-04.md:15; author-local /Users/ruoji/.../github/bpf-kinsn/paper/revisions/2026-10-03-sec6-rerun/results.md (unreachable),no,,no October EC2 raw data,,Revision numerical results exist only as prose/tables/PDFs; no retained c7i/c7g 12-instance datasets or exact generating scripts found. paper/review/08-camera-ready-eval-issues-2026-10-04.md:15; author-local /Users/ruoji/.../github/bpf-kinsn/paper/revisions/2026-10-03-sec6-rerun/results.md (unreachable),declaration or missing evidence; see cause,4,\caption{Execution-time ratios for the microbenchmarks in Table~\ref{tab:microbenchmarks}. Ratios are the reference configuration's mean execution time divided by that of \tool{}. Values above 1 indicate faster execution with \tool{}. Disabling \kinsn rewriting preserves the LLVM configuration. Geometric mean summarizes the 27 ratios. Error bars show 95\% confidence intervals from paired resampling of independent instances.}
C0354,revision,body,missing raw,paper/revision/sections/0-abstract.tex,2,"eBPF lets applications execute custom logic in the kernel for tasks such as packet processing and system observability. However, the existing compilation pipeline fails to select efficient implementations available on the target CPU for some computations. Exploiting these opportunities requires existing approaches to trade off native optimization capability against the complexity of trusted code. Bytecode rewriting is constrained by the existing JIT's instruction-selection rules, whereas adding native optimizations requires trusting the corresponding program transformations and code generation. We present \tool, an extensible eBPF compilation framework that enables more efficient native implementations while reusing the existing verifier for safety analysis. The framework identifies optimization opportunities in userspace and selects native implementations provided by the kernel through extended instructions. Each extension describes its behavior using eBPF instructions for safety analysis within the complete program and executes using a semantically equivalent native implementation. We implement seven categories of local optimizations on x86-64 and ARM64. Relative to the stock Linux eBPF JIT, microbenchmarks achieve geometric mean speedups of 1.24$\times$ and 1.22$\times$, respectively. Throughput increases by 7.4\% for Cilium on x86-64 and by 7.3\% for Katran on ARM64.","numerical claim: eBPF lets applications execute custom logic in the kernel for tasks such as packet processing and system observability. However, the existing compilation pipeline fails to select efficient implementations available on the target CPU for some computations. Exploiting these opportunities requires existing approaches to trade off native optimization capability against the complexity of trusted code. Bytecode rewriting is constrained by the existing JIT's instruction-selection rules, whereas adding native optimizations requires trusting the corresponding program transformations and code generation. We present \tool, an extensible eBPF compilation framework that enables more efficient native implementations while reusing the existing verifier for safety analysis. The framework identifies optimization opportunities in userspace and selects native implementations provided by the kernel through extended instructions. Each extension describes its behavior using eBPF instructions for safety analysis within the complete program and executes using a semantically equivalent native implementation. We implement seven categories of local optimizations on x86-64 and ARM64. Relative to the stock Linux eBPF JIT, microbenchmarks achieve geometric mean speedups of 1.24$\times$ and 1.22$\times$, respectively. Throughput increases by 7.4\% for Cilium on x86-64 and by 7.3\% for Katran on ARM64.",1.24; 1.22; 7.4; 7.3,,,no raw data in reachable repositories,October 2026 rerun; report directory dated 2026-10-03; exact collection dates unavailable,"EC2 c7i.large (x86 Sapphire Rapids) / c7g.large (ARM64 Graviton3), paper-declared",not recorded in reachable evidence,,paper/review/08-camera-ready-eval-issues-2026-10-04.md:15; author-local /Users/ruoji/.../github/bpf-kinsn/paper/revisions/2026-10-03-sec6-rerun/results.md (unreachable),no,,no October EC2 raw data,,Revision numerical results exist only as prose/tables/PDFs; no retained c7i/c7g 12-instance datasets or exact generating scripts found. paper/review/08-camera-ready-eval-issues-2026-10-04.md:15; author-local /Users/ruoji/.../github/bpf-kinsn/paper/revisions/2026-10-03-sec6-rerun/results.md (unreachable) Revision section 6 instead reports x86 1.17x; Cilium 0.970x; Katran 0.993x (no positive throughput gain).,declaration or missing evidence; see cause,2,"eBPF lets applications execute custom logic in the kernel for tasks such as packet processing and system observability. However, the existing compilation pipeline fails to select efficient implementations available on the target CPU for some computations. Exploiting these opportunities requires existing approaches to trade off native optimization capability against the complexity of trusted code. Bytecode rewriting is constrained by the existing JIT's instruction-selection rules, whereas adding native optimizations requires trusting the corresponding program transformations and code generation. We present \tool, an extensible eBPF compilation framework that enables more efficient native implementations while reusing the existing verifier for safety analysis. The framework identifies optimization opportunities in userspace and selects native implementations provided by the kernel through extended instructions. Each extension describes its behavior using eBPF instructions for safety analysis within the complete program and executes using a semantically equivalent native implementation. We implement seven categories of local optimizations on x86-64 and ARM64. Relative to the stock Linux eBPF JIT, microbenchmarks achieve geometric mean speedups of 1.24$\times$ and 1.22$\times$, respectively. Throughput increases by 7.4\% for Cilium on x86-64 and by 7.3\% for Katran on ARM64."
C0355,revision,body,missing raw,paper/revision/sections/1-introduction.tex,6,"However, the existing eBPF compilation pipeline fails to select efficient implementations available on the target CPU for some computations. A userspace compiler first produces eBPF bytecode. After the kernel verifier~\cite{verifier} checks it, the in-kernel eBPF just-in-time (JIT) compiler generates native code. Some computations are decomposed into multiple basic operations in the bytecode. The current JIT mainly translates instructions individually and does not recombine these sequences into corresponding native operations. For example, a 64-bit rotation by a constant is represented as shifts and bitwise OR in the bytecode. The existing x86-64 JIT translates these operations separately, producing multiple native instructions. Direct native compilation can instead perform the same computation with a single rotate instruction.","numerical claim: However, the existing eBPF compilation pipeline fails to select efficient implementations available on the target CPU for some computations. A userspace compiler first produces eBPF bytecode. After the kernel verifier~\cite{verifier} checks it, the in-kernel eBPF just-in-time (JIT) compiler generates native code. Some computations are decomposed into multiple basic operations in the bytecode. The current JIT mainly translates instructions individually and does not recombine these sequences into corresponding native operations. For example, a 64-bit rotation by a constant is represented as shifts and bitwise OR in the bytecode. The existing x86-64 JIT translates these operations separately, producing multiple native instructions. Direct native compilation can instead perform the same computation with a single rotate instruction.",64,,,no raw data in reachable repositories,October 2026 rerun; report directory dated 2026-10-03; exact collection dates unavailable,"EC2 c7i.large (x86 Sapphire Rapids) / c7g.large (ARM64 Graviton3), paper-declared",not recorded in reachable evidence,,paper/review/08-camera-ready-eval-issues-2026-10-04.md:15; author-local /Users/ruoji/.../github/bpf-kinsn/paper/revisions/2026-10-03-sec6-rerun/results.md (unreachable),no,,no October EC2 raw data,,Revision numerical results exist only as prose/tables/PDFs; no retained c7i/c7g 12-instance datasets or exact generating scripts found. paper/review/08-camera-ready-eval-issues-2026-10-04.md:15; author-local /Users/ruoji/.../github/bpf-kinsn/paper/revisions/2026-10-03-sec6-rerun/results.md (unreachable),declaration or missing evidence; see cause,6,"However, the existing eBPF compilation pipeline fails to select efficient implementations available on the target CPU for some computations. A userspace compiler first produces eBPF bytecode. After the kernel verifier~\cite{verifier} checks it, the in-kernel eBPF just-in-time (JIT) compiler generates native code. Some computations are decomposed into multiple basic operations in the bytecode. The current JIT mainly translates instructions individually and does not recombine these sequences into corresponding native operations. For example, a 64-bit rotation by a constant is represented as shifts and bitwise OR in the bytecode. The existing x86-64 JIT translates these operations separately, producing multiple native instructions. Direct native compilation can instead perform the same computation with a single rotate instruction."
C0356,revision,body,missing raw,paper/revision/sections/1-introduction.tex,12,"We present \tool, an extensible framework for eBPF compilation that enables more efficient native implementations while reusing the existing verifier for safety analysis. A userspace pattern recognizer specifies operations and their parameters using extended instructions called \kinsns. The kernel checks their usage conditions and expands them into existing eBPF instructions, which the verifier analyzes with the rest of the program. After verification succeeds, the JIT generates code using semantically equivalent native implementations. We organize equivalence proofs around a shared operation specification and demonstrate a rotation proof in Lean~4~\cite{moura2021lean}. New recognition rules can reuse existing \kinsns. New operations reuse the framework's mechanisms for verification and code generation.","numerical claim: We present \tool, an extensible framework for eBPF compilation that enables more efficient native implementations while reusing the existing verifier for safety analysis. A userspace pattern recognizer specifies operations and their parameters using extended instructions called \kinsns. The kernel checks their usage conditions and expands them into existing eBPF instructions, which the verifier analyzes with the rest of the program. After verification succeeds, the JIT generates code using semantically equivalent native implementations. We organize equivalence proofs around a shared operation specification and demonstrate a rotation proof in Lean~4~\cite{moura2021lean}. New recognition rules can reuse existing \kinsns. New operations reuse the framework's mechanisms for verification and code generation.",4,,,no raw data in reachable repositories,October 2026 rerun; report directory dated 2026-10-03; exact collection dates unavailable,"EC2 c7i.large (x86 Sapphire Rapids) / c7g.large (ARM64 Graviton3), paper-declared",not recorded in reachable evidence,,paper/review/08-camera-ready-eval-issues-2026-10-04.md:15; author-local /Users/ruoji/.../github/bpf-kinsn/paper/revisions/2026-10-03-sec6-rerun/results.md (unreachable),no,,no October EC2 raw data,,Revision numerical results exist only as prose/tables/PDFs; no retained c7i/c7g 12-instance datasets or exact generating scripts found. paper/review/08-camera-ready-eval-issues-2026-10-04.md:15; author-local /Users/ruoji/.../github/bpf-kinsn/paper/revisions/2026-10-03-sec6-rerun/results.md (unreachable),declaration or missing evidence; see cause,12,"We present \tool, an extensible framework for eBPF compilation that enables more efficient native implementations while reusing the existing verifier for safety analysis. A userspace pattern recognizer specifies operations and their parameters using extended instructions called \kinsns. The kernel checks their usage conditions and expands them into existing eBPF instructions, which the verifier analyzes with the rest of the program. After verification succeeds, the JIT generates code using semantically equivalent native implementations. We organize equivalence proofs around a shared operation specification and demonstrate a rotation proof in Lean~4~\cite{moura2021lean}. New recognition rules can reuse existing \kinsns. New operations reuse the framework's mechanisms for verification and code generation."
C0357,revision,body,missing raw,paper/revision/sections/1-introduction.tex,14,"We implement \tool in Linux for x86-64 and ARM64, using kernel modules to provide seven categories of local optimizations involving computation, control flow, and memory access. With the stock Linux eBPF JIT as the baseline, the geometric mean microbenchmark speedups on the two architectures are 1.24$\times$ and 1.22$\times$, respectively. Throughput increases by 7.4\% for Cilium on x86-64 and by 7.3\% for Katran on ARM64. These results show that the framework's local optimizations improve the execution efficiency of computational microbenchmarks and the packet processing throughput of real applications.","numerical claim: We implement \tool in Linux for x86-64 and ARM64, using kernel modules to provide seven categories of local optimizations involving computation, control flow, and memory access. With the stock Linux eBPF JIT as the baseline, the geometric mean microbenchmark speedups on the two architectures are 1.24$\times$ and 1.22$\times$, respectively. Throughput increases by 7.4\% for Cilium on x86-64 and by 7.3\% for Katran on ARM64. These results show that the framework's local optimizations improve the execution efficiency of computational microbenchmarks and the packet processing throughput of real applications.",1.24; 1.22; 7.4; 7.3,,,no raw data in reachable repositories,October 2026 rerun; report directory dated 2026-10-03; exact collection dates unavailable,"EC2 c7i.large (x86 Sapphire Rapids) / c7g.large (ARM64 Graviton3), paper-declared",not recorded in reachable evidence,,paper/review/08-camera-ready-eval-issues-2026-10-04.md:15; author-local /Users/ruoji/.../github/bpf-kinsn/paper/revisions/2026-10-03-sec6-rerun/results.md (unreachable),no,,no October EC2 raw data,,Revision numerical results exist only as prose/tables/PDFs; no retained c7i/c7g 12-instance datasets or exact generating scripts found. paper/review/08-camera-ready-eval-issues-2026-10-04.md:15; author-local /Users/ruoji/.../github/bpf-kinsn/paper/revisions/2026-10-03-sec6-rerun/results.md (unreachable) Revision section 6 instead reports x86 1.17x; Cilium 0.970x; Katran 0.993x (no positive throughput gain).,declaration or missing evidence; see cause,14,"We implement \tool in Linux for x86-64 and ARM64, using kernel modules to provide seven categories of local optimizations involving computation, control flow, and memory access. With the stock Linux eBPF JIT as the baseline, the geometric mean microbenchmark speedups on the two architectures are 1.24$\times$ and 1.22$\times$, respectively. Throughput increases by 7.4\% for Cilium on x86-64 and by 7.3\% for Katran on ARM64. These results show that the framework's local optimizations improve the execution efficiency of computational microbenchmarks and the packet processing throughput of real applications."
C0358,revision,body,missing raw,paper/revision/sections/3-motivation.tex,7,"We use 27 computational microbenchmarks to examine how compilation paths affect execution time. The benchmarks include simplified application logic and programs constructed around specific computations. For example, the Katran~\cite{katran} benchmark retains packet hashing and destination selection. Table~\ref{tab:microbenchmarks} lists their main computations. Their computation bodies make no helper calls or map accesses, reducing the influence of kernel services. All paths use the same computation source and fixed inputs.","numerical claim: We use 27 computational microbenchmarks to examine how compilation paths affect execution time. The benchmarks include simplified application logic and programs constructed around specific computations. For example, the Katran~\cite{katran} benchmark retains packet hashing and destination selection. Table~\ref{tab:microbenchmarks} lists their main computations. Their computation bodies make no helper calls or map accesses, reducing the influence of kernel services. All paths use the same computation source and fixed inputs.",27,,,no raw data in reachable repositories,October 2026 rerun; report directory dated 2026-10-03; exact collection dates unavailable,"EC2 c7i.large (x86 Sapphire Rapids) / c7g.large (ARM64 Graviton3), paper-declared",not recorded in reachable evidence,,paper/review/08-camera-ready-eval-issues-2026-10-04.md:15; author-local /Users/ruoji/.../github/bpf-kinsn/paper/revisions/2026-10-03-sec6-rerun/results.md (unreachable),no,,no October EC2 raw data,,Revision numerical results exist only as prose/tables/PDFs; no retained c7i/c7g 12-instance datasets or exact generating scripts found. paper/review/08-camera-ready-eval-issues-2026-10-04.md:15; author-local /Users/ruoji/.../github/bpf-kinsn/paper/revisions/2026-10-03-sec6-rerun/results.md (unreachable),declaration or missing evidence; see cause,7,"We use 27 computational microbenchmarks to examine how compilation paths affect execution time. The benchmarks include simplified application logic and programs constructed around specific computations. For example, the Katran~\cite{katran} benchmark retains packet hashing and destination selection. Table~\ref{tab:microbenchmarks} lists their main computations. Their computation bodies make no helper calls or map accesses, reducing the influence of kernel services. All paths use the same computation source and fixed inputs."
C0359,revision,body,missing raw,paper/revision/sections/3-motivation.tex,12,"We use EC2 c7i.large instances for x86-64 and c7g.large instances for ARM64. The experiments use Clang 18.1.3 and a research kernel based on Linux 7.0.0-rc2. For each path, we take repeated measurements after warmup on 12 independent instances and compare mean execution time per invocation, excluding loading and compilation.","numerical claim: We use EC2 c7i.large instances for x86-64 and c7g.large instances for ARM64. The experiments use Clang 18.1.3 and a research kernel based on Linux 7.0.0-rc2. For each path, we take repeated measurements after warmup on 12 independent instances and compare mean execution time per invocation, excluding loading and compilation.",18.1; 3; 7.0; 0; 12,,,no raw data in reachable repositories,October 2026 rerun; report directory dated 2026-10-03; exact collection dates unavailable,"EC2 c7i.large (x86 Sapphire Rapids) / c7g.large (ARM64 Graviton3), paper-declared",not recorded in reachable evidence,,paper/review/08-camera-ready-eval-issues-2026-10-04.md:15; author-local /Users/ruoji/.../github/bpf-kinsn/paper/revisions/2026-10-03-sec6-rerun/results.md (unreachable),no,,no October EC2 raw data,,Revision numerical results exist only as prose/tables/PDFs; no retained c7i/c7g 12-instance datasets or exact generating scripts found. paper/review/08-camera-ready-eval-issues-2026-10-04.md:15; author-local /Users/ruoji/.../github/bpf-kinsn/paper/revisions/2026-10-03-sec6-rerun/results.md (unreachable),declaration or missing evidence; see cause,12,"We use EC2 c7i.large instances for x86-64 and c7g.large instances for ARM64. The experiments use Clang 18.1.3 and a research kernel based on Linux 7.0.0-rc2. For each path, we take repeated measurements after warmup on 12 independent instances and compare mean execution time per invocation, excluding loading and compilation."
C0360,revision,body,missing raw,paper/revision/sections/3-motivation.tex,21,"Figure~\ref{fig:char-pure-percase} shows that, across these benchmarks, programs generally run more slowly through the eBPF path than when compiled directly to native code from the same source. The geometric mean execution-time ratios are 1.71 on x86-64 and 2.05 on ARM64. For FNV on x86-64, the two paths have similar execution times. Machine-code comparisons show that both retain the byte-by-byte hash recurrence of exclusive OR and multiplication; direct native compilation does not shorten this dependency chain.","numerical claim: Figure~\ref{fig:char-pure-percase} shows that, across these benchmarks, programs generally run more slowly through the eBPF path than when compiled directly to native code from the same source. The geometric mean execution-time ratios are 1.71 on x86-64 and 2.05 on ARM64. For FNV on x86-64, the two paths have similar execution times. Machine-code comparisons show that both retain the byte-by-byte hash recurrence of exclusive OR and multiplication; direct native compilation does not shorten this dependency chain.",1.71; 2.05,,,no raw data in reachable repositories,October 2026 rerun; report directory dated 2026-10-03; exact collection dates unavailable,"EC2 c7i.large (x86 Sapphire Rapids) / c7g.large (ARM64 Graviton3), paper-declared",not recorded in reachable evidence,,paper/review/08-camera-ready-eval-issues-2026-10-04.md:15; author-local /Users/ruoji/.../github/bpf-kinsn/paper/revisions/2026-10-03-sec6-rerun/results.md (unreachable),no,,no October EC2 raw data,,Revision numerical results exist only as prose/tables/PDFs; no retained c7i/c7g 12-instance datasets or exact generating scripts found. paper/review/08-camera-ready-eval-issues-2026-10-04.md:15; author-local /Users/ruoji/.../github/bpf-kinsn/paper/revisions/2026-10-03-sec6-rerun/results.md (unreachable),declaration or missing evidence; see cause,21,"Figure~\ref{fig:char-pure-percase} shows that, across these benchmarks, programs generally run more slowly through the eBPF path than when compiled directly to native code from the same source. The geometric mean execution-time ratios are 1.71 on x86-64 and 2.05 on ARM64. For FNV on x86-64, the two paths have similar execution times. Machine-code comparisons show that both retain the byte-by-byte hash recurrence of exclusive OR and multiplication; direct native compilation does not shorten this dependency chain."
C0361,revision,body,missing raw,paper/revision/sections/3-motivation.tex,29,"Table~\ref{tab:char-micro-summary} shows that the performance advantage of direct native compilation persists in the kernel. Although kernel native execution takes about 6\% longer than user-space native execution on x86-64 and 15\% longer on ARM64 overall, it remains faster than JIT-compiled eBPF code running in the same kernel.","numerical claim: Table~\ref{tab:char-micro-summary} shows that the performance advantage of direct native compilation persists in the kernel. Although kernel native execution takes about 6\% longer than user-space native execution on x86-64 and 15\% longer on ARM64 overall, it remains faster than JIT-compiled eBPF code running in the same kernel.",6; 15,,,no raw data in reachable repositories,October 2026 rerun; report directory dated 2026-10-03; exact collection dates unavailable,"EC2 c7i.large (x86 Sapphire Rapids) / c7g.large (ARM64 Graviton3), paper-declared",not recorded in reachable evidence,,paper/review/08-camera-ready-eval-issues-2026-10-04.md:15; author-local /Users/ruoji/.../github/bpf-kinsn/paper/revisions/2026-10-03-sec6-rerun/results.md (unreachable),no,,no October EC2 raw data,,Revision numerical results exist only as prose/tables/PDFs; no retained c7i/c7g 12-instance datasets or exact generating scripts found. paper/review/08-camera-ready-eval-issues-2026-10-04.md:15; author-local /Users/ruoji/.../github/bpf-kinsn/paper/revisions/2026-10-03-sec6-rerun/results.md (unreachable),declaration or missing evidence; see cause,29,"Table~\ref{tab:char-micro-summary} shows that the performance advantage of direct native compilation persists in the kernel. Although kernel native execution takes about 6\% longer than user-space native execution on x86-64 and 15\% longer on ARM64 overall, it remains faster than JIT-compiled eBPF code running in the same kernel."
C0362,revision,body,missing raw,paper/revision/sections/3-motivation.tex,32,"\finlabel Execution location does not fully explain the performance difference between the eBPF JIT and direct native compilation. With both running in the kernel, JIT-compiled eBPF code still takes 1.62$\times$ as long as native code on x86-64 and 1.77$\times$ on ARM64 overall.","numerical claim: \finlabel Execution location does not fully explain the performance difference between the eBPF JIT and direct native compilation. With both running in the kernel, JIT-compiled eBPF code still takes 1.62$\times$ as long as native code on x86-64 and 1.77$\times$ on ARM64 overall.",1.62; 1.77,,,no raw data in reachable repositories,October 2026 rerun; report directory dated 2026-10-03; exact collection dates unavailable,"EC2 c7i.large (x86 Sapphire Rapids) / c7g.large (ARM64 Graviton3), paper-declared",not recorded in reachable evidence,,paper/review/08-camera-ready-eval-issues-2026-10-04.md:15; author-local /Users/ruoji/.../github/bpf-kinsn/paper/revisions/2026-10-03-sec6-rerun/results.md (unreachable),no,,no October EC2 raw data,,Revision numerical results exist only as prose/tables/PDFs; no retained c7i/c7g 12-instance datasets or exact generating scripts found. paper/review/08-camera-ready-eval-issues-2026-10-04.md:15; author-local /Users/ruoji/.../github/bpf-kinsn/paper/revisions/2026-10-03-sec6-rerun/results.md (unreachable),declaration or missing evidence; see cause,32,"\finlabel Execution location does not fully explain the performance difference between the eBPF JIT and direct native compilation. With both running in the kernel, JIT-compiled eBPF code still takes 1.62$\times$ as long as native code on x86-64 and 1.77$\times$ on ARM64 overall."
C0363,revision,body,missing raw,paper/revision/sections/3-motivation.tex,40,"\finlabel Using eBPF bytecode does not prevent these programs from approaching the overall performance of direct native compilation. In user space, code generated by LLVM-BPF takes about 7\% longer than native code on x86-64 and 5\% longer on ARM64 overall.","numerical claim: \finlabel Using eBPF bytecode does not prevent these programs from approaching the overall performance of direct native compilation. In user space, code generated by LLVM-BPF takes about 7\% longer than native code on x86-64 and 5\% longer on ARM64 overall.",7; 5,,,no raw data in reachable repositories,October 2026 rerun; report directory dated 2026-10-03; exact collection dates unavailable,"EC2 c7i.large (x86 Sapphire Rapids) / c7g.large (ARM64 Graviton3), paper-declared",not recorded in reachable evidence,,paper/review/08-camera-ready-eval-issues-2026-10-04.md:15; author-local /Users/ruoji/.../github/bpf-kinsn/paper/revisions/2026-10-03-sec6-rerun/results.md (unreachable),no,,no October EC2 raw data,,Revision numerical results exist only as prose/tables/PDFs; no retained c7i/c7g 12-instance datasets or exact generating scripts found. paper/review/08-camera-ready-eval-issues-2026-10-04.md:15; author-local /Users/ruoji/.../github/bpf-kinsn/paper/revisions/2026-10-03-sec6-rerun/results.md (unreachable),declaration or missing evidence; see cause,40,"\finlabel Using eBPF bytecode does not prevent these programs from approaching the overall performance of direct native compilation. In user space, code generated by LLVM-BPF takes about 7\% longer than native code on x86-64 and 5\% longer on ARM64 overall."
C0364,revision,body,missing raw,paper/revision/sections/3-motivation.tex,45,"The rotation in Figure~\ref{fig:jit-dump} illustrates this process. eBPF has no rotate instruction~\cite{rfc9669}, so LLVM's BPF back end expands rotations into basic operations~\cite{llvmndbpflowering}. A 64-bit left rotation by 16 bits in the SipHash-style microbenchmark consists of a copy, two shifts, and a bitwise OR. The current x86-64 JIT emits \texttt{MOV; SHR; SHL; OR}, whereas direct native compilation emits a single \texttt{RORX}. The bytecode fully preserves the rotation computation, but expresses it across several instructions. The current JIT selects native implementations from each instruction's opcode and operands, retaining this sequence because it does not analyze their data dependencies to recognize rotation.","numerical claim: The rotation in Figure~\ref{fig:jit-dump} illustrates this process. eBPF has no rotate instruction~\cite{rfc9669}, so LLVM's BPF back end expands rotations into basic operations~\cite{llvmndbpflowering}. A 64-bit left rotation by 16 bits in the SipHash-style microbenchmark consists of a copy, two shifts, and a bitwise OR. The current x86-64 JIT emits \texttt{MOV; SHR; SHL; OR}, whereas direct native compilation emits a single \texttt{RORX}. The bytecode fully preserves the rotation computation, but expresses it across several instructions. The current JIT selects native implementations from each instruction's opcode and operands, retaining this sequence because it does not analyze their data dependencies to recognize rotation.",64; 16,,,no raw data in reachable repositories,October 2026 rerun; report directory dated 2026-10-03; exact collection dates unavailable,"EC2 c7i.large (x86 Sapphire Rapids) / c7g.large (ARM64 Graviton3), paper-declared",not recorded in reachable evidence,,paper/review/08-camera-ready-eval-issues-2026-10-04.md:15; author-local /Users/ruoji/.../github/bpf-kinsn/paper/revisions/2026-10-03-sec6-rerun/results.md (unreachable),no,,no October EC2 raw data,,Revision numerical results exist only as prose/tables/PDFs; no retained c7i/c7g 12-instance datasets or exact generating scripts found. paper/review/08-camera-ready-eval-issues-2026-10-04.md:15; author-local /Users/ruoji/.../github/bpf-kinsn/paper/revisions/2026-10-03-sec6-rerun/results.md (unreachable),declaration or missing evidence; see cause,45,"The rotation in Figure~\ref{fig:jit-dump} illustrates this process. eBPF has no rotate instruction~\cite{rfc9669}, so LLVM's BPF back end expands rotations into basic operations~\cite{llvmndbpflowering}. A 64-bit left rotation by 16 bits in the SipHash-style microbenchmark consists of a copy, two shifts, and a bitwise OR. The current x86-64 JIT emits \texttt{MOV; SHR; SHL; OR}, whereas direct native compilation emits a single \texttt{RORX}. The bytecode fully preserves the rotation computation, but expresses it across several instructions. The current JIT selects native implementations from each instruction's opcode and operands, retaining this sequence because it does not analyze their data dependencies to recognize rotation."
C0365,revision,body,missing raw,paper/revision/sections/6-evaluation.tex,14,"We run x86-64 experiments on EC2 c7i.large instances with Intel Xeon Platinum 8488C processors. The ARM64 experiments use c7g.large instances with AWS Graviton3 processors. Both instance types provide two vCPUs and run our research kernel based on Linux 7.0.0-rc2. Within each architecture, all program configurations use the same kernel and module builds. The microbenchmarks use the programs, inputs, and platforms from \S\ref{sec:characterization}. Application workloads are described in their respective subsections.","numerical claim: We run x86-64 experiments on EC2 c7i.large instances with Intel Xeon Platinum 8488C processors. The ARM64 experiments use c7g.large instances with AWS Graviton3 processors. Both instance types provide two vCPUs and run our research kernel based on Linux 7.0.0-rc2. Within each architecture, all program configurations use the same kernel and module builds. The microbenchmarks use the programs, inputs, and platforms from \S\ref{sec:characterization}. Application workloads are described in their respective subsections.",8488; 7.0; 0,,,no raw data in reachable repositories,October 2026 rerun; report directory dated 2026-10-03; exact collection dates unavailable,"EC2 c7i.large (x86 Sapphire Rapids) / c7g.large (ARM64 Graviton3), paper-declared",not recorded in reachable evidence,,paper/review/08-camera-ready-eval-issues-2026-10-04.md:15; author-local /Users/ruoji/.../github/bpf-kinsn/paper/revisions/2026-10-03-sec6-rerun/results.md (unreachable),no,,no October EC2 raw data,,Revision numerical results exist only as prose/tables/PDFs; no retained c7i/c7g 12-instance datasets or exact generating scripts found. paper/review/08-camera-ready-eval-issues-2026-10-04.md:15; author-local /Users/ruoji/.../github/bpf-kinsn/paper/revisions/2026-10-03-sec6-rerun/results.md (unreachable),declaration or missing evidence; see cause,14,"We run x86-64 experiments on EC2 c7i.large instances with Intel Xeon Platinum 8488C processors. The ARM64 experiments use c7g.large instances with AWS Graviton3 processors. Both instance types provide two vCPUs and run our research kernel based on Linux 7.0.0-rc2. Within each architecture, all program configurations use the same kernel and module builds. The microbenchmarks use the programs, inputs, and platforms from \S\ref{sec:characterization}. Application workloads are described in their respective subsections."
C0366,revision,body,missing raw,paper/revision/sections/6-evaluation.tex,19,"We use the 27 computational microbenchmarks from \S\ref{sec:characterization} to distinguish the performance gains from recompilation and from rewriting computations as \kinsns. The eBPF JIT baseline directly loads bytecode generated by Clang 18.1.3 at \texttt{-O2}. \tool recompiles the same bytecode in user space and uses the pattern recognizer to introduce \kinsns. We also run \tool without \kinsn rewriting, disabling the rules that introduce these instructions. Both \tool configurations use the same modified LLVM 23 compiler, with O3 IR optimization and \texttt{Aggressive} backend code generation.","numerical claim: We use the 27 computational microbenchmarks from \S\ref{sec:characterization} to distinguish the performance gains from recompilation and from rewriting computations as \kinsns. The eBPF JIT baseline directly loads bytecode generated by Clang 18.1.3 at \texttt{-O2}. \tool recompiles the same bytecode in user space and uses the pattern recognizer to introduce \kinsns. We also run \tool without \kinsn rewriting, disabling the rules that introduce these instructions. Both \tool configurations use the same modified LLVM 23 compiler, with O3 IR optimization and \texttt{Aggressive} backend code generation.",27; 18.1; 3; 23,,,no raw data in reachable repositories,October 2026 rerun; report directory dated 2026-10-03; exact collection dates unavailable,"EC2 c7i.large (x86 Sapphire Rapids) / c7g.large (ARM64 Graviton3), paper-declared",not recorded in reachable evidence,,paper/review/08-camera-ready-eval-issues-2026-10-04.md:15; author-local /Users/ruoji/.../github/bpf-kinsn/paper/revisions/2026-10-03-sec6-rerun/results.md (unreachable),no,,no October EC2 raw data,,Revision numerical results exist only as prose/tables/PDFs; no retained c7i/c7g 12-instance datasets or exact generating scripts found. paper/review/08-camera-ready-eval-issues-2026-10-04.md:15; author-local /Users/ruoji/.../github/bpf-kinsn/paper/revisions/2026-10-03-sec6-rerun/results.md (unreachable),declaration or missing evidence; see cause,19,"We use the 27 computational microbenchmarks from \S\ref{sec:characterization} to distinguish the performance gains from recompilation and from rewriting computations as \kinsns. The eBPF JIT baseline directly loads bytecode generated by Clang 18.1.3 at \texttt{-O2}. \tool recompiles the same bytecode in user space and uses the pattern recognizer to introduce \kinsns. We also run \tool without \kinsn rewriting, disabling the rules that introduce these instructions. Both \tool configurations use the same modified LLVM 23 compiler, with O3 IR optimization and \texttt{Aggressive} backend code generation."
C0367,revision,body,missing raw,paper/revision/sections/6-evaluation.tex,21,"All three paths execute programs through the kernel's \texttt{BPF\_PROG\_TEST\_RUN} interface. We use 12 independent instances per architecture, interleave measurements of the three paths within each instance, and collect ten readings per program and path after warmup. We compare mean execution time per invocation, excluding rewriting and loading.","numerical claim: All three paths execute programs through the kernel's \texttt{BPF\_PROG\_TEST\_RUN} interface. We use 12 independent instances per architecture, interleave measurements of the three paths within each instance, and collect ten readings per program and path after warmup. We compare mean execution time per invocation, excluding rewriting and loading.",12,,,no raw data in reachable repositories,October 2026 rerun; report directory dated 2026-10-03; exact collection dates unavailable,"EC2 c7i.large (x86 Sapphire Rapids) / c7g.large (ARM64 Graviton3), paper-declared",not recorded in reachable evidence,,paper/review/08-camera-ready-eval-issues-2026-10-04.md:15; author-local /Users/ruoji/.../github/bpf-kinsn/paper/revisions/2026-10-03-sec6-rerun/results.md (unreachable),no,,no October EC2 raw data,,Revision numerical results exist only as prose/tables/PDFs; no retained c7i/c7g 12-instance datasets or exact generating scripts found. paper/review/08-camera-ready-eval-issues-2026-10-04.md:15; author-local /Users/ruoji/.../github/bpf-kinsn/paper/revisions/2026-10-03-sec6-rerun/results.md (unreachable),declaration or missing evidence; see cause,21,"All three paths execute programs through the kernel's \texttt{BPF\_PROG\_TEST\_RUN} interface. We use 12 independent instances per architecture, interleave measurements of the three paths within each instance, and collect ten readings per program and path after warmup. We compare mean execution time per invocation, excluding rewriting and loading."
C0368,revision,body,missing raw,paper/revision/sections/6-evaluation.tex,25,"Rewriting computations as \kinsns improves performance beyond recompilation alone. Figure~\ref{fig:eval-kinsn-micro} reports both comparisons. Relative to the eBPF JIT, \tool achieves geometric-mean speedups of 1.17$\times$ on x86-64 and 1.22$\times$ on ARM64. Relative to \tool without \kinsn rewriting, the speedups are 1.04$\times$ and 1.11$\times$, respectively. The full pipeline's gains therefore include both recompilation and \kinsn rewriting. Across the same 27 programs, the geometric mean of native code size falls by 15.1\% and 12.9\% relative to the eBPF JIT.","numerical claim: Rewriting computations as \kinsns improves performance beyond recompilation alone. Figure~\ref{fig:eval-kinsn-micro} reports both comparisons. Relative to the eBPF JIT, \tool achieves geometric-mean speedups of 1.17$\times$ on x86-64 and 1.22$\times$ on ARM64. Relative to \tool without \kinsn rewriting, the speedups are 1.04$\times$ and 1.11$\times$, respectively. The full pipeline's gains therefore include both recompilation and \kinsn rewriting. Across the same 27 programs, the geometric mean of native code size falls by 15.1\% and 12.9\% relative to the eBPF JIT.",1.17; 1.22; 1.04; 1.11; 27; 15.1; 12.9,,,no raw data in reachable repositories,October 2026 rerun; report directory dated 2026-10-03; exact collection dates unavailable,"EC2 c7i.large (x86 Sapphire Rapids) / c7g.large (ARM64 Graviton3), paper-declared",not recorded in reachable evidence,,paper/review/08-camera-ready-eval-issues-2026-10-04.md:15; author-local /Users/ruoji/.../github/bpf-kinsn/paper/revisions/2026-10-03-sec6-rerun/results.md (unreachable),no,,no October EC2 raw data,,Revision numerical results exist only as prose/tables/PDFs; no retained c7i/c7g 12-instance datasets or exact generating scripts found. paper/review/08-camera-ready-eval-issues-2026-10-04.md:15; author-local /Users/ruoji/.../github/bpf-kinsn/paper/revisions/2026-10-03-sec6-rerun/results.md (unreachable),declaration or missing evidence; see cause,25,"Rewriting computations as \kinsns improves performance beyond recompilation alone. Figure~\ref{fig:eval-kinsn-micro} reports both comparisons. Relative to the eBPF JIT, \tool achieves geometric-mean speedups of 1.17$\times$ on x86-64 and 1.22$\times$ on ARM64. Relative to \tool without \kinsn rewriting, the speedups are 1.04$\times$ and 1.11$\times$, respectively. The full pipeline's gains therefore include both recompilation and \kinsn rewriting. Across the same 27 programs, the geometric mean of native code size falls by 15.1\% and 12.9\% relative to the eBPF JIT."
C0369,revision,body,missing raw,paper/revision/sections/6-evaluation.tex,27,"The benefit of \kinsn rewriting varies across programs. For example, the x86-64 string-search benchmark, \texttt{str\_search}, achieves a 1.68$\times$ speedup over the eBPF JIT but only 1.05$\times$ over \tool without \kinsn rewriting. Most of its overall gain is already present in the common compilation pipeline. ARM64 SipHash instead gains mainly from \kinsn rewriting, with corresponding speedups of 1.58$\times$ and 1.60$\times$.","numerical claim: The benefit of \kinsn rewriting varies across programs. For example, the x86-64 string-search benchmark, \texttt{str\_search}, achieves a 1.68$\times$ speedup over the eBPF JIT but only 1.05$\times$ over \tool without \kinsn rewriting. Most of its overall gain is already present in the common compilation pipeline. ARM64 SipHash instead gains mainly from \kinsn rewriting, with corresponding speedups of 1.58$\times$ and 1.60$\times$.",1.68; 1.05; 1.58; 1.60,,,no raw data in reachable repositories,October 2026 rerun; report directory dated 2026-10-03; exact collection dates unavailable,"EC2 c7i.large (x86 Sapphire Rapids) / c7g.large (ARM64 Graviton3), paper-declared",not recorded in reachable evidence,,paper/review/08-camera-ready-eval-issues-2026-10-04.md:15; author-local /Users/ruoji/.../github/bpf-kinsn/paper/revisions/2026-10-03-sec6-rerun/results.md (unreachable),no,,no October EC2 raw data,,Revision numerical results exist only as prose/tables/PDFs; no retained c7i/c7g 12-instance datasets or exact generating scripts found. paper/review/08-camera-ready-eval-issues-2026-10-04.md:15; author-local /Users/ruoji/.../github/bpf-kinsn/paper/revisions/2026-10-03-sec6-rerun/results.md (unreachable),declaration or missing evidence; see cause,27,"The benefit of \kinsn rewriting varies across programs. For example, the x86-64 string-search benchmark, \texttt{str\_search}, achieves a 1.68$\times$ speedup over the eBPF JIT but only 1.05$\times$ over \tool without \kinsn rewriting. Most of its overall gain is already present in the common compilation pipeline. ARM64 SipHash instead gains mainly from \kinsn rewriting, with corresponding speedups of 1.58$\times$ and 1.60$\times$."
C0370,revision,body,missing raw,paper/revision/sections/6-evaluation.tex,29,"A rotation ablation further identifies the benefit of this optimization in ARM64 SipHash. We disable only the rotation rule, keeping the compilation pipeline and all other rules unchanged. With rotation enabled, native rotation instructions replace 116 combinations of shifts and bitwise OR, while eight memory-access extensions remain unchanged between configurations. In a separate experiment with 12 independent instances, mean execution time falls from 121.2\,ns with rotation disabled to 77.1\,ns with rotation enabled, a 1.57$\times$ speedup and a 36.4\% reduction in execution time.","numerical claim: A rotation ablation further identifies the benefit of this optimization in ARM64 SipHash. We disable only the rotation rule, keeping the compilation pipeline and all other rules unchanged. With rotation enabled, native rotation instructions replace 116 combinations of shifts and bitwise OR, while eight memory-access extensions remain unchanged between configurations. In a separate experiment with 12 independent instances, mean execution time falls from 121.2\,ns with rotation disabled to 77.1\,ns with rotation enabled, a 1.57$\times$ speedup and a 36.4\% reduction in execution time.",116; 12; 121.2; 77.1; 1.57; 36.4,,,no raw data in reachable repositories,October 2026 rerun; report directory dated 2026-10-03; exact collection dates unavailable,"EC2 c7i.large (x86 Sapphire Rapids) / c7g.large (ARM64 Graviton3), paper-declared",not recorded in reachable evidence,,paper/review/08-camera-ready-eval-issues-2026-10-04.md:15; author-local /Users/ruoji/.../github/bpf-kinsn/paper/revisions/2026-10-03-sec6-rerun/results.md (unreachable),no,,no October EC2 raw data,,Revision numerical results exist only as prose/tables/PDFs; no retained c7i/c7g 12-instance datasets or exact generating scripts found. paper/review/08-camera-ready-eval-issues-2026-10-04.md:15; author-local /Users/ruoji/.../github/bpf-kinsn/paper/revisions/2026-10-03-sec6-rerun/results.md (unreachable),declaration or missing evidence; see cause,29,"A rotation ablation further identifies the benefit of this optimization in ARM64 SipHash. We disable only the rotation rule, keeping the compilation pipeline and all other rules unchanged. With rotation enabled, native rotation instructions replace 116 combinations of shifts and bitwise OR, while eight memory-access extensions remain unchanged between configurations. In a separate experiment with 12 independent instances, mean execution time falls from 121.2\,ns with rotation disabled to 77.1\,ns with rotation enabled, a 1.57$\times$ speedup and a 36.4\% reduction in execution time."
C0371,revision,body,missing raw,paper/revision/sections/6-evaluation.tex,38,"We test whether these local optimizations improve packet-processing throughput in complete applications. Cilium~\cite{cilium} exercises a network datapath with multiple eBPF programs and tail calls, while Katran~\cite{katran} exercises XDP load balancing. Cilium uses version 1.20.0-dev on x86-64, with bidirectional IPv4 UDP traffic between two endpoints. Katran runs on ARM64, forwarding traffic from one UDP virtual IP address to one backend. Both workloads use 64-byte packets generated by two pktgen threads, each configured with 65,535 flows.","numerical claim: We test whether these local optimizations improve packet-processing throughput in complete applications. Cilium~\cite{cilium} exercises a network datapath with multiple eBPF programs and tail calls, while Katran~\cite{katran} exercises XDP load balancing. Cilium uses version 1.20.0-dev on x86-64, with bidirectional IPv4 UDP traffic between two endpoints. Katran runs on ARM64, forwarding traffic from one UDP virtual IP address to one backend. Both workloads use 64-byte packets generated by two pktgen threads, each configured with 65,535 flows.","1.20; 0; 64; 65,535",,,no raw data in reachable repositories,October 2026 rerun; report directory dated 2026-10-03; exact collection dates unavailable,"EC2 c7i.large (x86 Sapphire Rapids) / c7g.large (ARM64 Graviton3), paper-declared",not recorded in reachable evidence,,paper/review/08-camera-ready-eval-issues-2026-10-04.md:15; author-local /Users/ruoji/.../github/bpf-kinsn/paper/revisions/2026-10-03-sec6-rerun/results.md (unreachable),no,,no October EC2 raw data,,Revision numerical results exist only as prose/tables/PDFs; no retained c7i/c7g 12-instance datasets or exact generating scripts found. paper/review/08-camera-ready-eval-issues-2026-10-04.md:15; author-local /Users/ruoji/.../github/bpf-kinsn/paper/revisions/2026-10-03-sec6-rerun/results.md (unreachable),declaration or missing evidence; see cause,38,"We test whether these local optimizations improve packet-processing throughput in complete applications. Cilium~\cite{cilium} exercises a network datapath with multiple eBPF programs and tail calls, while Katran~\cite{katran} exercises XDP load balancing. Cilium uses version 1.20.0-dev on x86-64, with bidirectional IPv4 UDP traffic between two endpoints. Katran runs on ARM64, forwarding traffic from one UDP virtual IP address to one backend. Both workloads use 64-byte packets generated by two pktgen threads, each configured with 65,535 flows."
C0372,revision,body,missing raw,paper/revision/sections/6-evaluation.tex,40,"For each application, we compare the eBPF JIT with two \tool configurations. Cilium enables either all seven optimization categories in \S\ref{subsec:operations}, or the same set without bulk memory access and its associated recognition rules. Katran enables three register optimizations: rotation, conditional select, and bit extraction. A second configuration adds three memory optimizations: big-endian load, bulk memory access, and prefetch. Table~\ref{tab:eval-application-configurations} lists the categories of \kinsns actually generated under these configurations. Katran's two configurations rewrite 21 and 68 sites, respectively.","numerical claim: For each application, we compare the eBPF JIT with two \tool configurations. Cilium enables either all seven optimization categories in \S\ref{subsec:operations}, or the same set without bulk memory access and its associated recognition rules. Katran enables three register optimizations: rotation, conditional select, and bit extraction. A second configuration adds three memory optimizations: big-endian load, bulk memory access, and prefetch. Table~\ref{tab:eval-application-configurations} lists the categories of \kinsns actually generated under these configurations. Katran's two configurations rewrite 21 and 68 sites, respectively.",21; 68,,,no raw data in reachable repositories,October 2026 rerun; report directory dated 2026-10-03; exact collection dates unavailable,"EC2 c7i.large (x86 Sapphire Rapids) / c7g.large (ARM64 Graviton3), paper-declared",not recorded in reachable evidence,,paper/review/08-camera-ready-eval-issues-2026-10-04.md:15; author-local /Users/ruoji/.../github/bpf-kinsn/paper/revisions/2026-10-03-sec6-rerun/results.md (unreachable),no,,no October EC2 raw data,,Revision numerical results exist only as prose/tables/PDFs; no retained c7i/c7g 12-instance datasets or exact generating scripts found. paper/review/08-camera-ready-eval-issues-2026-10-04.md:15; author-local /Users/ruoji/.../github/bpf-kinsn/paper/revisions/2026-10-03-sec6-rerun/results.md (unreachable),declaration or missing evidence; see cause,40,"For each application, we compare the eBPF JIT with two \tool configurations. Cilium enables either all seven optimization categories in \S\ref{subsec:operations}, or the same set without bulk memory access and its associated recognition rules. Katran enables three register optimizations: rotation, conditional select, and bit extraction. A second configuration adds three memory optimizations: big-endian load, bulk memory access, and prefetch. Table~\ref{tab:eval-application-configurations} lists the categories of \kinsns actually generated under these configurations. Katran's two configurations rewrite 21 and 68 sites, respectively."
C0373,revision,body,missing raw,paper/revision/sections/6-evaluation.tex,42,"We measure application throughput after the service and datapath are ready, using 12 independent instances per configuration. Each Cilium instance warms up for 180 seconds before three 180-second measurement windows, with the Cilium agent paused during measurement. Katran uses a 30-second warmup followed by three 30-second windows. The main measurements disable BPF runtime statistics and CPU sampling. Throughput is the sum of the rates of packets accepted by the transmitting interface, as reported by the two pktgen threads. We average the three windows within each instance, then aggregate the 12 instance experiments. We compute 95\% confidence intervals for throughput ratios by jointly resampling 12 experiment batches, each containing a separate instance for every configuration.","numerical claim: We measure application throughput after the service and datapath are ready, using 12 independent instances per configuration. Each Cilium instance warms up for 180 seconds before three 180-second measurement windows, with the Cilium agent paused during measurement. Katran uses a 30-second warmup followed by three 30-second windows. The main measurements disable BPF runtime statistics and CPU sampling. Throughput is the sum of the rates of packets accepted by the transmitting interface, as reported by the two pktgen threads. We average the three windows within each instance, then aggregate the 12 instance experiments. We compute 95\% confidence intervals for throughput ratios by jointly resampling 12 experiment batches, each containing a separate instance for every configuration.",12; 180; 180; 30; 30; 12; 95; 12,,,no raw data in reachable repositories,October 2026 rerun; report directory dated 2026-10-03; exact collection dates unavailable,"EC2 c7i.large (x86 Sapphire Rapids) / c7g.large (ARM64 Graviton3), paper-declared",not recorded in reachable evidence,,paper/review/08-camera-ready-eval-issues-2026-10-04.md:15; author-local /Users/ruoji/.../github/bpf-kinsn/paper/revisions/2026-10-03-sec6-rerun/results.md (unreachable),no,,no October EC2 raw data,,Revision numerical results exist only as prose/tables/PDFs; no retained c7i/c7g 12-instance datasets or exact generating scripts found. paper/review/08-camera-ready-eval-issues-2026-10-04.md:15; author-local /Users/ruoji/.../github/bpf-kinsn/paper/revisions/2026-10-03-sec6-rerun/results.md (unreachable),declaration or missing evidence; see cause,42,"We measure application throughput after the service and datapath are ready, using 12 independent instances per configuration. Each Cilium instance warms up for 180 seconds before three 180-second measurement windows, with the Cilium agent paused during measurement. Katran uses a 30-second warmup followed by three 30-second windows. The main measurements disable BPF runtime statistics and CPU sampling. Throughput is the sum of the rates of packets accepted by the transmitting interface, as reported by the two pktgen threads. We average the three windows within each instance, then aggregate the 12 instance experiments. We compute 95\% confidence intervals for throughput ratios by jointly resampling 12 experiment batches, each containing a separate instance for every configuration."
C0374,revision,body,missing raw,paper/revision/sections/6-evaluation.tex,44,"Table~\ref{tab:eval-application-throughput} reports throughput relative to the eBPF JIT. For Cilium, enabling all optimizations yields 0.970 times the throughput obtained without bulk memory access (95\% confidence interval: [0.874, 1.083]). For Katran, adding memory optimizations to the register optimizations yields a throughput ratio of 1.006 (95\% confidence interval: [0.997, 1.015]).","numerical claim: Table~\ref{tab:eval-application-throughput} reports throughput relative to the eBPF JIT. For Cilium, enabling all optimizations yields 0.970 times the throughput obtained without bulk memory access (95\% confidence interval: [0.874, 1.083]). For Katran, adding memory optimizations to the register optimizations yields a throughput ratio of 1.006 (95\% confidence interval: [0.997, 1.015]).",0.970; 95; 0.874; 1.083; 1.006; 95; 0.997; 1.015,,,no raw data in reachable repositories,October 2026 rerun; report directory dated 2026-10-03; exact collection dates unavailable,"EC2 c7i.large (x86 Sapphire Rapids) / c7g.large (ARM64 Graviton3), paper-declared",not recorded in reachable evidence,,paper/review/08-camera-ready-eval-issues-2026-10-04.md:15; author-local /Users/ruoji/.../github/bpf-kinsn/paper/revisions/2026-10-03-sec6-rerun/results.md (unreachable),no,,no October EC2 raw data,,Revision numerical results exist only as prose/tables/PDFs; no retained c7i/c7g 12-instance datasets or exact generating scripts found. paper/review/08-camera-ready-eval-issues-2026-10-04.md:15; author-local /Users/ruoji/.../github/bpf-kinsn/paper/revisions/2026-10-03-sec6-rerun/results.md (unreachable),declaration or missing evidence; see cause,44,"Table~\ref{tab:eval-application-throughput} reports throughput relative to the eBPF JIT. For Cilium, enabling all optimizations yields 0.970 times the throughput obtained without bulk memory access (95\% confidence interval: [0.874, 1.083]). For Katran, adding memory optimizations to the register optimizations yields a throughput ratio of 1.006 (95\% confidence interval: [0.997, 1.015])."
C0375,revision,body,missing raw,paper/revision/sections/6-evaluation.tex,46,"To measure where CPU time is spent, we sample application code and the kernel functions it calls in separate experiments. For each Katran configuration, three fresh instances each warm up for 30 seconds before a 30-second traffic experiment with sampling. Table~\ref{tab:eval-katran-profile} reports the results. Cilium's corresponding samples appear alongside the native-compilation comparison in \S\ref{subsec:native-comparison}.","numerical claim: To measure where CPU time is spent, we sample application code and the kernel functions it calls in separate experiments. For each Katran configuration, three fresh instances each warm up for 30 seconds before a 30-second traffic experiment with sampling. Table~\ref{tab:eval-katran-profile} reports the results. Cilium's corresponding samples appear alongside the native-compilation comparison in \S\ref{subsec:native-comparison}.",30; 30,,,no raw data in reachable repositories,October 2026 rerun; report directory dated 2026-10-03; exact collection dates unavailable,"EC2 c7i.large (x86 Sapphire Rapids) / c7g.large (ARM64 Graviton3), paper-declared",not recorded in reachable evidence,,paper/review/08-camera-ready-eval-issues-2026-10-04.md:15; author-local /Users/ruoji/.../github/bpf-kinsn/paper/revisions/2026-10-03-sec6-rerun/results.md (unreachable),no,,no October EC2 raw data,,Revision numerical results exist only as prose/tables/PDFs; no retained c7i/c7g 12-instance datasets or exact generating scripts found. paper/review/08-camera-ready-eval-issues-2026-10-04.md:15; author-local /Users/ruoji/.../github/bpf-kinsn/paper/revisions/2026-10-03-sec6-rerun/results.md (unreachable),declaration or missing evidence; see cause,46,"To measure where CPU time is spent, we sample application code and the kernel functions it calls in separate experiments. For each Katran configuration, three fresh instances each warm up for 30 seconds before a 30-second traffic experiment with sampling. Table~\ref{tab:eval-katran-profile} reports the results. Cilium's corresponding samples appear alongside the native-compilation comparison in \S\ref{subsec:native-comparison}."
C0376,revision,body,missing raw,paper/revision/sections/6-evaluation.tex,53,"Local optimization adds work before program execution, so we measure the combined cost of rewriting and first loading. Using the 27 programs from \S\ref{subsec:micro_benchmark}, we compare \tool with and without \kinsn rewriting. Starting from existing bytecode, the timed stages cover userspace rewriting, reading the rewritten program, and the first object load. Object loading includes extension-target resolution and the program-loading call, which performs kernel verification and JIT compilation.","numerical claim: Local optimization adds work before program execution, so we measure the combined cost of rewriting and first loading. Using the 27 programs from \S\ref{subsec:micro_benchmark}, we compare \tool with and without \kinsn rewriting. Starting from existing bytecode, the timed stages cover userspace rewriting, reading the rewritten program, and the first object load. Object loading includes extension-target resolution and the program-loading call, which performs kernel verification and JIT compilation.",27,,,no raw data in reachable repositories,October 2026 rerun; report directory dated 2026-10-03; exact collection dates unavailable,"EC2 c7i.large (x86 Sapphire Rapids) / c7g.large (ARM64 Graviton3), paper-declared",not recorded in reachable evidence,,paper/review/08-camera-ready-eval-issues-2026-10-04.md:15; author-local /Users/ruoji/.../github/bpf-kinsn/paper/revisions/2026-10-03-sec6-rerun/results.md (unreachable),no,,no October EC2 raw data,,Revision numerical results exist only as prose/tables/PDFs; no retained c7i/c7g 12-instance datasets or exact generating scripts found. paper/review/08-camera-ready-eval-issues-2026-10-04.md:15; author-local /Users/ruoji/.../github/bpf-kinsn/paper/revisions/2026-10-03-sec6-rerun/results.md (unreachable),declaration or missing evidence; see cause,53,"Local optimization adds work before program execution, so we measure the combined cost of rewriting and first loading. Using the 27 programs from \S\ref{subsec:micro_benchmark}, we compare \tool with and without \kinsn rewriting. Starting from existing bytecode, the timed stages cover userspace rewriting, reading the rewritten program, and the first object load. Object loading includes extension-target resolution and the program-loading call, which performs kernel verification and JIT compilation."
C0377,revision,body,missing raw,paper/revision/sections/6-evaluation.tex,55,"Rewriting and first loading typically take tens of milliseconds in the current implementation. Table~\ref{tab:eval-preparation-cost} summarizes the mean costs of the 27 programs. With \kinsn rewriting, the median cost is 35.6\,ms on x86-64 and 34.2\,ms on ARM64. The median per-program increase over the configuration without \kinsn rewriting is 9.2\,ms and 10.0\,ms, respectively.","numerical claim: Rewriting and first loading typically take tens of milliseconds in the current implementation. Table~\ref{tab:eval-preparation-cost} summarizes the mean costs of the 27 programs. With \kinsn rewriting, the median cost is 35.6\,ms on x86-64 and 34.2\,ms on ARM64. The median per-program increase over the configuration without \kinsn rewriting is 9.2\,ms and 10.0\,ms, respectively.",27; 35.6; 34.2; 9.2; 10.0,,,no raw data in reachable repositories,October 2026 rerun; report directory dated 2026-10-03; exact collection dates unavailable,"EC2 c7i.large (x86 Sapphire Rapids) / c7g.large (ARM64 Graviton3), paper-declared",not recorded in reachable evidence,,paper/review/08-camera-ready-eval-issues-2026-10-04.md:15; author-local /Users/ruoji/.../github/bpf-kinsn/paper/revisions/2026-10-03-sec6-rerun/results.md (unreachable),no,,no October EC2 raw data,,Revision numerical results exist only as prose/tables/PDFs; no retained c7i/c7g 12-instance datasets or exact generating scripts found. paper/review/08-camera-ready-eval-issues-2026-10-04.md:15; author-local /Users/ruoji/.../github/bpf-kinsn/paper/revisions/2026-10-03-sec6-rerun/results.md (unreachable),declaration or missing evidence; see cause,55,"Rewriting and first loading typically take tens of milliseconds in the current implementation. Table~\ref{tab:eval-preparation-cost} summarizes the mean costs of the 27 programs. With \kinsn rewriting, the median cost is 35.6\,ms on x86-64 and 34.2\,ms on ARM64. The median per-program increase over the configuration without \kinsn rewriting is 9.2\,ms and 10.0\,ms, respectively."
C0378,revision,body,missing raw,paper/revision/sections/6-evaluation.tex,57,"The typical additional cost comes mainly from the loader's lookup of kernel implementations for \kinsns. The current loader resolves BTF information afresh on each load, taking a median of 9.1\,ms across programs on x86-64 and 9.9\,ms on ARM64. In comparison, the median increase in userspace rewriting time is 0.12\,ms and 0.14\,ms. Some x86-64 programs are recompiled after checks of rewriting conditions, adding to rewriting cost. The Katran microbenchmark's 46.2\,ms increase includes 36.6\,ms of rewriting.","numerical claim: The typical additional cost comes mainly from the loader's lookup of kernel implementations for \kinsns. The current loader resolves BTF information afresh on each load, taking a median of 9.1\,ms across programs on x86-64 and 9.9\,ms on ARM64. In comparison, the median increase in userspace rewriting time is 0.12\,ms and 0.14\,ms. Some x86-64 programs are recompiled after checks of rewriting conditions, adding to rewriting cost. The Katran microbenchmark's 46.2\,ms increase includes 36.6\,ms of rewriting.",9.1; 9.9; 0.12; 0.14; 46.2; 36.6,,,no raw data in reachable repositories,October 2026 rerun; report directory dated 2026-10-03; exact collection dates unavailable,"EC2 c7i.large (x86 Sapphire Rapids) / c7g.large (ARM64 Graviton3), paper-declared",not recorded in reachable evidence,,paper/review/08-camera-ready-eval-issues-2026-10-04.md:15; author-local /Users/ruoji/.../github/bpf-kinsn/paper/revisions/2026-10-03-sec6-rerun/results.md (unreachable),no,,no October EC2 raw data,,Revision numerical results exist only as prose/tables/PDFs; no retained c7i/c7g 12-instance datasets or exact generating scripts found. paper/review/08-camera-ready-eval-issues-2026-10-04.md:15; author-local /Users/ruoji/.../github/bpf-kinsn/paper/revisions/2026-10-03-sec6-rerun/results.md (unreachable),declaration or missing evidence; see cause,57,"The typical additional cost comes mainly from the loader's lookup of kernel implementations for \kinsns. The current loader resolves BTF information afresh on each load, taking a median of 9.1\,ms across programs on x86-64 and 9.9\,ms on ARM64. In comparison, the median increase in userspace rewriting time is 0.12\,ms and 0.14\,ms. Some x86-64 programs are recompiled after checks of rewriting conditions, adding to rewriting cost. The Katran microbenchmark's 46.2\,ms increase includes 36.6\,ms of rewriting."
C0379,revision,body,missing raw,paper/revision/sections/6-evaluation.tex,59,"Program loading is also a substantial part of preparation cost. For the string-search benchmark, which has the highest total cost, the program-loading call takes 85.8\,ms on x86-64 and 121.8\,ms on ARM64. These times include libbpf processing, kernel verification, and JIT compilation.","numerical claim: Program loading is also a substantial part of preparation cost. For the string-search benchmark, which has the highest total cost, the program-loading call takes 85.8\,ms on x86-64 and 121.8\,ms on ARM64. These times include libbpf processing, kernel verification, and JIT compilation.",85.8; 121.8,,,no raw data in reachable repositories,October 2026 rerun; report directory dated 2026-10-03; exact collection dates unavailable,"EC2 c7i.large (x86 Sapphire Rapids) / c7g.large (ARM64 Graviton3), paper-declared",not recorded in reachable evidence,,paper/review/08-camera-ready-eval-issues-2026-10-04.md:15; author-local /Users/ruoji/.../github/bpf-kinsn/paper/revisions/2026-10-03-sec6-rerun/results.md (unreachable),no,,no October EC2 raw data,,Revision numerical results exist only as prose/tables/PDFs; no retained c7i/c7g 12-instance datasets or exact generating scripts found. paper/review/08-camera-ready-eval-issues-2026-10-04.md:15; author-local /Users/ruoji/.../github/bpf-kinsn/paper/revisions/2026-10-03-sec6-rerun/results.md (unreachable),declaration or missing evidence; see cause,59,"Program loading is also a substantial part of preparation cost. For the string-search benchmark, which has the highest total cost, the program-loading call takes 85.8\,ms on x86-64 and 121.8\,ms on ARM64. These times include libbpf processing, kernel verification, and JIT compilation."
C0380,revision,body,missing raw,paper/revision/sections/6-evaluation.tex,67,"We use whole-program native compilation as a reference to compare local optimization with broader compiler optimization in an application. This experiment uses the same Cilium version and configuration as \S\ref{subsec:corpus_application}, compiles its BPF source directly to native code, and adapts the calling convention, helper calls, context access, and configuration access. Native compilation uses Clang 18.1.3 at \texttt{-O3}, targets Sapphire Rapids, and uses only general-purpose registers to meet kernel execution constraints.","numerical claim: We use whole-program native compilation as a reference to compare local optimization with broader compiler optimization in an application. This experiment uses the same Cilium version and configuration as \S\ref{subsec:corpus_application}, compiles its BPF source directly to native code, and adapts the calling convention, helper calls, context access, and configuration access. Native compilation uses Clang 18.1.3 at \texttt{-O3}, targets Sapphire Rapids, and uses only general-purpose registers to meet kernel execution constraints.",18.1; 3,,,no raw data in reachable repositories,October 2026 rerun; report directory dated 2026-10-03; exact collection dates unavailable,"EC2 c7i.large (x86 Sapphire Rapids) / c7g.large (ARM64 Graviton3), paper-declared",not recorded in reachable evidence,,paper/review/08-camera-ready-eval-issues-2026-10-04.md:15; author-local /Users/ruoji/.../github/bpf-kinsn/paper/revisions/2026-10-03-sec6-rerun/results.md (unreachable),no,,no October EC2 raw data,,Revision numerical results exist only as prose/tables/PDFs; no retained c7i/c7g 12-instance datasets or exact generating scripts found. paper/review/08-camera-ready-eval-issues-2026-10-04.md:15; author-local /Users/ruoji/.../github/bpf-kinsn/paper/revisions/2026-10-03-sec6-rerun/results.md (unreachable),declaration or missing evidence; see cause,67,"We use whole-program native compilation as a reference to compare local optimization with broader compiler optimization in an application. This experiment uses the same Cilium version and configuration as \S\ref{subsec:corpus_application}, compiles its BPF source directly to native code, and adapts the calling convention, helper calls, context access, and configuration access. Native compilation uses Clang 18.1.3 at \texttt{-O3}, targets Sapphire Rapids, and uses only general-purpose registers to meet kernel execution constraints."
C0381,revision,body,missing raw,paper/revision/sections/6-evaluation.tex,71,"The native configuration uses the workload and throughput measurement procedure from \S\ref{subsec:corpus_application}, achieving a mean throughput of 0.578\,Mpps. Table~\ref{tab:eval-native-comparison} compares it directly with the eBPF JIT and both \tool configurations.","numerical claim: The native configuration uses the workload and throughput measurement procedure from \S\ref{subsec:corpus_application}, achieving a mean throughput of 0.578\,Mpps. Table~\ref{tab:eval-native-comparison} compares it directly with the eBPF JIT and both \tool configurations.",0.578,,,no raw data in reachable repositories,October 2026 rerun; report directory dated 2026-10-03; exact collection dates unavailable,"EC2 c7i.large (x86 Sapphire Rapids) / c7g.large (ARM64 Graviton3), paper-declared",not recorded in reachable evidence,,paper/review/08-camera-ready-eval-issues-2026-10-04.md:15; author-local /Users/ruoji/.../github/bpf-kinsn/paper/revisions/2026-10-03-sec6-rerun/results.md (unreachable),no,,no October EC2 raw data,,Revision numerical results exist only as prose/tables/PDFs; no retained c7i/c7g 12-instance datasets or exact generating scripts found. paper/review/08-camera-ready-eval-issues-2026-10-04.md:15; author-local /Users/ruoji/.../github/bpf-kinsn/paper/revisions/2026-10-03-sec6-rerun/results.md (unreachable),declaration or missing evidence; see cause,71,"The native configuration uses the workload and throughput measurement procedure from \S\ref{subsec:corpus_application}, achieving a mean throughput of 0.578\,Mpps. Table~\ref{tab:eval-native-comparison} compares it directly with the eBPF JIT and both \tool configurations."
C0382,revision,body,missing raw,paper/revision/sections/6-evaluation.tex,73,"We also sample CPU time for the eBPF JIT, \tool with all seven optimization categories, and whole-program native compilation. Each configuration uses three fresh instances, with a 180-second warmup followed by one 180-second sampling window. Table~\ref{tab:eval-cilium-profile} reports the sampled costs of application code and map operations.","numerical claim: We also sample CPU time for the eBPF JIT, \tool with all seven optimization categories, and whole-program native compilation. Each configuration uses three fresh instances, with a 180-second warmup followed by one 180-second sampling window. Table~\ref{tab:eval-cilium-profile} reports the sampled costs of application code and map operations.",180; 180,,,no raw data in reachable repositories,October 2026 rerun; report directory dated 2026-10-03; exact collection dates unavailable,"EC2 c7i.large (x86 Sapphire Rapids) / c7g.large (ARM64 Graviton3), paper-declared",not recorded in reachable evidence,,paper/review/08-camera-ready-eval-issues-2026-10-04.md:15; author-local /Users/ruoji/.../github/bpf-kinsn/paper/revisions/2026-10-03-sec6-rerun/results.md (unreachable),no,,no October EC2 raw data,,Revision numerical results exist only as prose/tables/PDFs; no retained c7i/c7g 12-instance datasets or exact generating scripts found. paper/review/08-camera-ready-eval-issues-2026-10-04.md:15; author-local /Users/ruoji/.../github/bpf-kinsn/paper/revisions/2026-10-03-sec6-rerun/results.md (unreachable),declaration or missing evidence; see cause,73,"We also sample CPU time for the eBPF JIT, \tool with all seven optimization categories, and whole-program native compilation. Each configuration uses three fresh instances, with a 180-second warmup followed by one 180-second sampling window. Table~\ref{tab:eval-cilium-profile} reports the sampled costs of application code and map operations."
C0383,revision,body,missing raw,paper/revision/tables/sec-3-micro-summary.tex,4,"\caption{Execution-time ratios on x86-64 and ARM64. Each entry is the geometric mean of the 27 ratios of mean per-call execution times, with the numerator and denominator given in the first column. Values above 1 indicate a slower numerator path.}","numerical claim: \caption{Execution-time ratios on x86-64 and ARM64. Each entry is the geometric mean of the 27 ratios of mean per-call execution times, with the numerator and denominator given in the first column. Values above 1 indicate a slower numerator path.}",27; 1,,,no raw data in reachable repositories,October 2026 rerun; report directory dated 2026-10-03; exact collection dates unavailable,"EC2 c7i.large (x86 Sapphire Rapids) / c7g.large (ARM64 Graviton3), paper-declared",not recorded in reachable evidence,,paper/review/08-camera-ready-eval-issues-2026-10-04.md:15; author-local /Users/ruoji/.../github/bpf-kinsn/paper/revisions/2026-10-03-sec6-rerun/results.md (unreachable),no,,no October EC2 raw data,,Revision numerical results exist only as prose/tables/PDFs; no retained c7i/c7g 12-instance datasets or exact generating scripts found. paper/review/08-camera-ready-eval-issues-2026-10-04.md:15; author-local /Users/ruoji/.../github/bpf-kinsn/paper/revisions/2026-10-03-sec6-rerun/results.md (unreachable),declaration or missing evidence; see cause,4,"\caption{Execution-time ratios on x86-64 and ARM64. Each entry is the geometric mean of the 27 ratios of mean per-call execution times, with the numerator and denominator given in the first column. Values above 1 indicate a slower numerator path.}"
C0384,revision,body,missing raw,paper/revision/tables/sec-3-micro-summary.tex,10,Kernel native / user-space native & 1.055 & 1.154 \\,"table sec-3-micro-summary, Kernel native / user-space native, column 1: 1.055",1.055,,,no raw data in reachable repositories,October 2026 rerun; report directory dated 2026-10-03; exact collection dates unavailable,"EC2 c7i.large (x86 Sapphire Rapids) / c7g.large (ARM64 Graviton3), paper-declared",not recorded in reachable evidence,,paper/review/08-camera-ready-eval-issues-2026-10-04.md:15; author-local /Users/ruoji/.../github/bpf-kinsn/paper/revisions/2026-10-03-sec6-rerun/results.md (unreachable),no,,no October EC2 raw data,,Revision numerical results exist only as prose/tables/PDFs; no retained c7i/c7g 12-instance datasets or exact generating scripts found. paper/review/08-camera-ready-eval-issues-2026-10-04.md:15; author-local /Users/ruoji/.../github/bpf-kinsn/paper/revisions/2026-10-03-sec6-rerun/results.md (unreachable),declaration or missing evidence; see cause,10,Kernel native / user-space native & 1.055 & 1.154 \\
C0385,revision,body,missing raw,paper/revision/tables/sec-3-micro-summary.tex,10,Kernel native / user-space native & 1.055 & 1.154 \\,"table sec-3-micro-summary, Kernel native / user-space native, column 2: 1.154 \\",1.154,,,no raw data in reachable repositories,October 2026 rerun; report directory dated 2026-10-03; exact collection dates unavailable,"EC2 c7i.large (x86 Sapphire Rapids) / c7g.large (ARM64 Graviton3), paper-declared",not recorded in reachable evidence,,paper/review/08-camera-ready-eval-issues-2026-10-04.md:15; author-local /Users/ruoji/.../github/bpf-kinsn/paper/revisions/2026-10-03-sec6-rerun/results.md (unreachable),no,,no October EC2 raw data,,Revision numerical results exist only as prose/tables/PDFs; no retained c7i/c7g 12-instance datasets or exact generating scripts found. paper/review/08-camera-ready-eval-issues-2026-10-04.md:15; author-local /Users/ruoji/.../github/bpf-kinsn/paper/revisions/2026-10-03-sec6-rerun/results.md (unreachable),declaration or missing evidence; see cause,10,Kernel native / user-space native & 1.055 & 1.154 \\
C0386,revision,body,missing raw,paper/revision/tables/sec-3-micro-summary.tex,12,eBPF JIT / kernel native & 1.622 & 1.773 \\,"table sec-3-micro-summary, eBPF JIT / kernel native, column 1: 1.622",1.622,,,no raw data in reachable repositories,October 2026 rerun; report directory dated 2026-10-03; exact collection dates unavailable,"EC2 c7i.large (x86 Sapphire Rapids) / c7g.large (ARM64 Graviton3), paper-declared",not recorded in reachable evidence,,paper/review/08-camera-ready-eval-issues-2026-10-04.md:15; author-local /Users/ruoji/.../github/bpf-kinsn/paper/revisions/2026-10-03-sec6-rerun/results.md (unreachable),no,,no October EC2 raw data,,Revision numerical results exist only as prose/tables/PDFs; no retained c7i/c7g 12-instance datasets or exact generating scripts found. paper/review/08-camera-ready-eval-issues-2026-10-04.md:15; author-local /Users/ruoji/.../github/bpf-kinsn/paper/revisions/2026-10-03-sec6-rerun/results.md (unreachable),declaration or missing evidence; see cause,12,eBPF JIT / kernel native & 1.622 & 1.773 \\
C0387,revision,body,missing raw,paper/revision/tables/sec-3-micro-summary.tex,12,eBPF JIT / kernel native & 1.622 & 1.773 \\,"table sec-3-micro-summary, eBPF JIT / kernel native, column 2: 1.773 \\",1.773,,,no raw data in reachable repositories,October 2026 rerun; report directory dated 2026-10-03; exact collection dates unavailable,"EC2 c7i.large (x86 Sapphire Rapids) / c7g.large (ARM64 Graviton3), paper-declared",not recorded in reachable evidence,,paper/review/08-camera-ready-eval-issues-2026-10-04.md:15; author-local /Users/ruoji/.../github/bpf-kinsn/paper/revisions/2026-10-03-sec6-rerun/results.md (unreachable),no,,no October EC2 raw data,,Revision numerical results exist only as prose/tables/PDFs; no retained c7i/c7g 12-instance datasets or exact generating scripts found. paper/review/08-camera-ready-eval-issues-2026-10-04.md:15; author-local /Users/ruoji/.../github/bpf-kinsn/paper/revisions/2026-10-03-sec6-rerun/results.md (unreachable),declaration or missing evidence; see cause,12,eBPF JIT / kernel native & 1.622 & 1.773 \\
C0388,revision,body,missing raw,paper/revision/tables/sec-3-micro-summary.tex,14,LLVM-BPF / user-space native & 1.068 & 1.054 \\,"table sec-3-micro-summary, LLVM-BPF / user-space native, column 1: 1.068",1.068,,,no raw data in reachable repositories,October 2026 rerun; report directory dated 2026-10-03; exact collection dates unavailable,"EC2 c7i.large (x86 Sapphire Rapids) / c7g.large (ARM64 Graviton3), paper-declared",not recorded in reachable evidence,,paper/review/08-camera-ready-eval-issues-2026-10-04.md:15; author-local /Users/ruoji/.../github/bpf-kinsn/paper/revisions/2026-10-03-sec6-rerun/results.md (unreachable),no,,no October EC2 raw data,,Revision numerical results exist only as prose/tables/PDFs; no retained c7i/c7g 12-instance datasets or exact generating scripts found. paper/review/08-camera-ready-eval-issues-2026-10-04.md:15; author-local /Users/ruoji/.../github/bpf-kinsn/paper/revisions/2026-10-03-sec6-rerun/results.md (unreachable),declaration or missing evidence; see cause,14,LLVM-BPF / user-space native & 1.068 & 1.054 \\
C0389,revision,body,missing raw,paper/revision/tables/sec-3-micro-summary.tex,14,LLVM-BPF / user-space native & 1.068 & 1.054 \\,"table sec-3-micro-summary, LLVM-BPF / user-space native, column 2: 1.054 \\",1.054,,,no raw data in reachable repositories,October 2026 rerun; report directory dated 2026-10-03; exact collection dates unavailable,"EC2 c7i.large (x86 Sapphire Rapids) / c7g.large (ARM64 Graviton3), paper-declared",not recorded in reachable evidence,,paper/review/08-camera-ready-eval-issues-2026-10-04.md:15; author-local /Users/ruoji/.../github/bpf-kinsn/paper/revisions/2026-10-03-sec6-rerun/results.md (unreachable),no,,no October EC2 raw data,,Revision numerical results exist only as prose/tables/PDFs; no retained c7i/c7g 12-instance datasets or exact generating scripts found. paper/review/08-camera-ready-eval-issues-2026-10-04.md:15; author-local /Users/ruoji/.../github/bpf-kinsn/paper/revisions/2026-10-03-sec6-rerun/results.md (unreachable),declaration or missing evidence; see cause,14,LLVM-BPF / user-space native & 1.068 & 1.054 \\
C0390,revision,body,missing raw,paper/revision/tables/sec-3-microbenchmarks.tex,17,\texttt{vlan} & Packet-header parsing & \texttt{str\_search} & Substring search & \texttt{fnv} & FNV-1a hashing \\,"table sec-3-microbenchmarks, \texttt{vlan}, column 5: FNV-1a hashing \\",1,,,no raw data in reachable repositories,October 2026 rerun; report directory dated 2026-10-03; exact collection dates unavailable,"EC2 c7i.large (x86 Sapphire Rapids) / c7g.large (ARM64 Graviton3), paper-declared",not recorded in reachable evidence,,paper/review/08-camera-ready-eval-issues-2026-10-04.md:15; author-local /Users/ruoji/.../github/bpf-kinsn/paper/revisions/2026-10-03-sec6-rerun/results.md (unreachable),no,,no October EC2 raw data,,Revision numerical results exist only as prose/tables/PDFs; no retained c7i/c7g 12-instance datasets or exact generating scripts found. paper/review/08-camera-ready-eval-issues-2026-10-04.md:15; author-local /Users/ruoji/.../github/bpf-kinsn/paper/revisions/2026-10-03-sec6-rerun/results.md (unreachable),declaration or missing evidence; see cause,17,\texttt{vlan} & Packet-header parsing & \texttt{str\_search} & Substring search & \texttt{fnv} & FNV-1a hashing \\
C0391,revision,body,missing raw,paper/revision/tables/sec-3-native-sequences.tex,10,\texttt{(b >{}> 1) \& 0x1f} & ARM64 & \texttt{LSR; AND} & \texttt{UBFX} \\,"table sec-3-native-sequences, \texttt{(b >{}> 1) \, column 1: 0x1f}",0 ; 1,,,no raw data in reachable repositories,October 2026 rerun; report directory dated 2026-10-03; exact collection dates unavailable,"EC2 c7i.large (x86 Sapphire Rapids) / c7g.large (ARM64 Graviton3), paper-declared",not recorded in reachable evidence,,paper/review/08-camera-ready-eval-issues-2026-10-04.md:15; author-local /Users/ruoji/.../github/bpf-kinsn/paper/revisions/2026-10-03-sec6-rerun/results.md (unreachable),no,,no October EC2 raw data,,Revision numerical results exist only as prose/tables/PDFs; no retained c7i/c7g 12-instance datasets or exact generating scripts found. paper/review/08-camera-ready-eval-issues-2026-10-04.md:15; author-local /Users/ruoji/.../github/bpf-kinsn/paper/revisions/2026-10-03-sec6-rerun/results.md (unreachable),declaration or missing evidence; see cause,10,\texttt{(b >{}> 1) \& 0x1f} & ARM64 & \texttt{LSR; AND} & \texttt{UBFX} \\
C0392,revision,body,missing raw,paper/revision/tables/sec-3-native-sequences.tex,10,\texttt{(b >{}> 1) \& 0x1f} & ARM64 & \texttt{LSR; AND} & \texttt{UBFX} \\,"table sec-3-native-sequences, \texttt{(b >{}> 1) \, column 2: ARM64",64,,,no raw data in reachable repositories,October 2026 rerun; report directory dated 2026-10-03; exact collection dates unavailable,"EC2 c7i.large (x86 Sapphire Rapids) / c7g.large (ARM64 Graviton3), paper-declared",not recorded in reachable evidence,,paper/review/08-camera-ready-eval-issues-2026-10-04.md:15; author-local /Users/ruoji/.../github/bpf-kinsn/paper/revisions/2026-10-03-sec6-rerun/results.md (unreachable),no,,no October EC2 raw data,,Revision numerical results exist only as prose/tables/PDFs; no retained c7i/c7g 12-instance datasets or exact generating scripts found. paper/review/08-camera-ready-eval-issues-2026-10-04.md:15; author-local /Users/ruoji/.../github/bpf-kinsn/paper/revisions/2026-10-03-sec6-rerun/results.md (unreachable),declaration or missing evidence; see cause,10,\texttt{(b >{}> 1) \& 0x1f} & ARM64 & \texttt{LSR; AND} & \texttt{UBFX} \\
C0393,revision,body,missing raw,paper/revision/tables/sec-3-native-sequences.tex,11,Big-endian 16-bit read & x86-64 & \texttt{MOVZX} $\times$ 2\texttt{; SHL; OR; AND} & \texttt{MOVBE; MOVZX} \\,"table sec-3-native-sequences, Big-endian 16-bit read, column 1: x86-64",86 ; 64,,,no raw data in reachable repositories,October 2026 rerun; report directory dated 2026-10-03; exact collection dates unavailable,"EC2 c7i.large (x86 Sapphire Rapids) / c7g.large (ARM64 Graviton3), paper-declared",not recorded in reachable evidence,,paper/review/08-camera-ready-eval-issues-2026-10-04.md:15; author-local /Users/ruoji/.../github/bpf-kinsn/paper/revisions/2026-10-03-sec6-rerun/results.md (unreachable),no,,no October EC2 raw data,,Revision numerical results exist only as prose/tables/PDFs; no retained c7i/c7g 12-instance datasets or exact generating scripts found. paper/review/08-camera-ready-eval-issues-2026-10-04.md:15; author-local /Users/ruoji/.../github/bpf-kinsn/paper/revisions/2026-10-03-sec6-rerun/results.md (unreachable),declaration or missing evidence; see cause,11,Big-endian 16-bit read & x86-64 & \texttt{MOVZX} $\times$ 2\texttt{; SHL; OR; AND} & \texttt{MOVBE; MOVZX} \\
C0394,revision,body,missing raw,paper/revision/tables/sec-3-native-sequences.tex,11,Big-endian 16-bit read & x86-64 & \texttt{MOVZX} $\times$ 2\texttt{; SHL; OR; AND} & \texttt{MOVBE; MOVZX} \\,"table sec-3-native-sequences, Big-endian 16-bit read, column 2: \texttt{MOVZX} $\times$ 2\texttt{; SHL; OR; AND}",2,,,no raw data in reachable repositories,October 2026 rerun; report directory dated 2026-10-03; exact collection dates unavailable,"EC2 c7i.large (x86 Sapphire Rapids) / c7g.large (ARM64 Graviton3), paper-declared",not recorded in reachable evidence,,paper/review/08-camera-ready-eval-issues-2026-10-04.md:15; author-local /Users/ruoji/.../github/bpf-kinsn/paper/revisions/2026-10-03-sec6-rerun/results.md (unreachable),no,,no October EC2 raw data,,Revision numerical results exist only as prose/tables/PDFs; no retained c7i/c7g 12-instance datasets or exact generating scripts found. paper/review/08-camera-ready-eval-issues-2026-10-04.md:15; author-local /Users/ruoji/.../github/bpf-kinsn/paper/revisions/2026-10-03-sec6-rerun/results.md (unreachable),declaration or missing evidence; see cause,11,Big-endian 16-bit read & x86-64 & \texttt{MOVZX} $\times$ 2\texttt{; SHL; OR; AND} & \texttt{MOVBE; MOVZX} \\
C0395,revision,body,missing raw,paper/revision/tables/sec-3-native-sequences.tex,12,Big-endian 16-bit read & ARM64 & \texttt{LDRB} $\times$ 2\texttt{; LSL; ORR; AND} & \texttt{LDRH; REV16} \\,"table sec-3-native-sequences, Big-endian 16-bit read, column 1: ARM64",64,,,no raw data in reachable repositories,October 2026 rerun; report directory dated 2026-10-03; exact collection dates unavailable,"EC2 c7i.large (x86 Sapphire Rapids) / c7g.large (ARM64 Graviton3), paper-declared",not recorded in reachable evidence,,paper/review/08-camera-ready-eval-issues-2026-10-04.md:15; author-local /Users/ruoji/.../github/bpf-kinsn/paper/revisions/2026-10-03-sec6-rerun/results.md (unreachable),no,,no October EC2 raw data,,Revision numerical results exist only as prose/tables/PDFs; no retained c7i/c7g 12-instance datasets or exact generating scripts found. paper/review/08-camera-ready-eval-issues-2026-10-04.md:15; author-local /Users/ruoji/.../github/bpf-kinsn/paper/revisions/2026-10-03-sec6-rerun/results.md (unreachable),declaration or missing evidence; see cause,12,Big-endian 16-bit read & ARM64 & \texttt{LDRB} $\times$ 2\texttt{; LSL; ORR; AND} & \texttt{LDRH; REV16} \\
C0396,revision,body,missing raw,paper/revision/tables/sec-3-native-sequences.tex,12,Big-endian 16-bit read & ARM64 & \texttt{LDRB} $\times$ 2\texttt{; LSL; ORR; AND} & \texttt{LDRH; REV16} \\,"table sec-3-native-sequences, Big-endian 16-bit read, column 2: \texttt{LDRB} $\times$ 2\texttt{; LSL; ORR; AND}",2,,,no raw data in reachable repositories,October 2026 rerun; report directory dated 2026-10-03; exact collection dates unavailable,"EC2 c7i.large (x86 Sapphire Rapids) / c7g.large (ARM64 Graviton3), paper-declared",not recorded in reachable evidence,,paper/review/08-camera-ready-eval-issues-2026-10-04.md:15; author-local /Users/ruoji/.../github/bpf-kinsn/paper/revisions/2026-10-03-sec6-rerun/results.md (unreachable),no,,no October EC2 raw data,,Revision numerical results exist only as prose/tables/PDFs; no retained c7i/c7g 12-instance datasets or exact generating scripts found. paper/review/08-camera-ready-eval-issues-2026-10-04.md:15; author-local /Users/ruoji/.../github/bpf-kinsn/paper/revisions/2026-10-03-sec6-rerun/results.md (unreachable),declaration or missing evidence; see cause,12,Big-endian 16-bit read & ARM64 & \texttt{LDRB} $\times$ 2\texttt{; LSL; ORR; AND} & \texttt{LDRH; REV16} \\
C0397,revision,body,missing raw,paper/revision/tables/sec-3-native-sequences.tex,12,Big-endian 16-bit read & ARM64 & \texttt{LDRB} $\times$ 2\texttt{; LSL; ORR; AND} & \texttt{LDRH; REV16} \\,"table sec-3-native-sequences, Big-endian 16-bit read, column 3: \texttt{LDRH; REV16} \\",16,,,no raw data in reachable repositories,October 2026 rerun; report directory dated 2026-10-03; exact collection dates unavailable,"EC2 c7i.large (x86 Sapphire Rapids) / c7g.large (ARM64 Graviton3), paper-declared",not recorded in reachable evidence,,paper/review/08-camera-ready-eval-issues-2026-10-04.md:15; author-local /Users/ruoji/.../github/bpf-kinsn/paper/revisions/2026-10-03-sec6-rerun/results.md (unreachable),no,,no October EC2 raw data,,Revision numerical results exist only as prose/tables/PDFs; no retained c7i/c7g 12-instance datasets or exact generating scripts found. paper/review/08-camera-ready-eval-issues-2026-10-04.md:15; author-local /Users/ruoji/.../github/bpf-kinsn/paper/revisions/2026-10-03-sec6-rerun/results.md (unreachable),declaration or missing evidence; see cause,12,Big-endian 16-bit read & ARM64 & \texttt{LDRB} $\times$ 2\texttt{; LSL; ORR; AND} & \texttt{LDRH; REV16} \\
C0398,revision,body,missing raw,paper/revision/tables/sec-6-application-throughput.tex,4,\caption{Application throughput in millions of packets accepted by the sending interfaces per second (Mpps). Relative rates divide each configuration's mean by the application's eBPF JIT mean. Brackets give 95\% confidence intervals.},numerical claim: \caption{Application throughput in millions of packets accepted by the sending interfaces per second (Mpps). Relative rates divide each configuration's mean by the application's eBPF JIT mean. Brackets give 95\% confidence intervals.},95,,,no raw data in reachable repositories,October 2026 rerun; report directory dated 2026-10-03; exact collection dates unavailable,"EC2 c7i.large (x86 Sapphire Rapids) / c7g.large (ARM64 Graviton3), paper-declared",not recorded in reachable evidence,,paper/review/08-camera-ready-eval-issues-2026-10-04.md:15; author-local /Users/ruoji/.../github/bpf-kinsn/paper/revisions/2026-10-03-sec6-rerun/results.md (unreachable),no,,no October EC2 raw data,,Revision numerical results exist only as prose/tables/PDFs; no retained c7i/c7g 12-instance datasets or exact generating scripts found. paper/review/08-camera-ready-eval-issues-2026-10-04.md:15; author-local /Users/ruoji/.../github/bpf-kinsn/paper/revisions/2026-10-03-sec6-rerun/results.md (unreachable),declaration or missing evidence; see cause,4,\caption{Application throughput in millions of packets accepted by the sending interfaces per second (Mpps). Relative rates divide each configuration's mean by the application's eBPF JIT mean. Brackets give 95\% confidence intervals.}
C0399,revision,body,missing raw,paper/revision/tables/sec-6-application-throughput.tex,10,\textbf{Application} & \textbf{Configuration} & \textbf{Mean (Mpps)} & \textbf{Relative rate [95\% CI]} \\,"table sec-6-application-throughput, \textbf{Application}, column 3: \textbf{Relative rate [95\% CI]} \\",95,,,no raw data in reachable repositories,October 2026 rerun; report directory dated 2026-10-03; exact collection dates unavailable,"EC2 c7i.large (x86 Sapphire Rapids) / c7g.large (ARM64 Graviton3), paper-declared",not recorded in reachable evidence,,paper/review/08-camera-ready-eval-issues-2026-10-04.md:15; author-local /Users/ruoji/.../github/bpf-kinsn/paper/revisions/2026-10-03-sec6-rerun/results.md (unreachable),no,,no October EC2 raw data,,Revision numerical results exist only as prose/tables/PDFs; no retained c7i/c7g 12-instance datasets or exact generating scripts found. paper/review/08-camera-ready-eval-issues-2026-10-04.md:15; author-local /Users/ruoji/.../github/bpf-kinsn/paper/revisions/2026-10-03-sec6-rerun/results.md (unreachable),declaration or missing evidence; see cause,10,\textbf{Application} & \textbf{Configuration} & \textbf{Mean (Mpps)} & \textbf{Relative rate [95\% CI]} \\
C0400,revision,body,missing raw,paper/revision/tables/sec-6-application-throughput.tex,12,Cilium & eBPF JIT & 0.575 & 1.000 \\,"table sec-6-application-throughput, Cilium, column 2: 0.575",0.575,,,no raw data in reachable repositories,October 2026 rerun; report directory dated 2026-10-03; exact collection dates unavailable,"EC2 c7i.large (x86 Sapphire Rapids) / c7g.large (ARM64 Graviton3), paper-declared",not recorded in reachable evidence,,paper/review/08-camera-ready-eval-issues-2026-10-04.md:15; author-local /Users/ruoji/.../github/bpf-kinsn/paper/revisions/2026-10-03-sec6-rerun/results.md (unreachable),no,,no October EC2 raw data,,Revision numerical results exist only as prose/tables/PDFs; no retained c7i/c7g 12-instance datasets or exact generating scripts found. paper/review/08-camera-ready-eval-issues-2026-10-04.md:15; author-local /Users/ruoji/.../github/bpf-kinsn/paper/revisions/2026-10-03-sec6-rerun/results.md (unreachable),declaration or missing evidence; see cause,12,Cilium & eBPF JIT & 0.575 & 1.000 \\
C0401,revision,body,missing raw,paper/revision/tables/sec-6-application-throughput.tex,12,Cilium & eBPF JIT & 0.575 & 1.000 \\,"table sec-6-application-throughput, Cilium, column 3: 1.000 \\",1.000,,,no raw data in reachable repositories,October 2026 rerun; report directory dated 2026-10-03; exact collection dates unavailable,"EC2 c7i.large (x86 Sapphire Rapids) / c7g.large (ARM64 Graviton3), paper-declared",not recorded in reachable evidence,,paper/review/08-camera-ready-eval-issues-2026-10-04.md:15; author-local /Users/ruoji/.../github/bpf-kinsn/paper/revisions/2026-10-03-sec6-rerun/results.md (unreachable),no,,no October EC2 raw data,,Revision numerical results exist only as prose/tables/PDFs; no retained c7i/c7g 12-instance datasets or exact generating scripts found. paper/review/08-camera-ready-eval-issues-2026-10-04.md:15; author-local /Users/ruoji/.../github/bpf-kinsn/paper/revisions/2026-10-03-sec6-rerun/results.md (unreachable),declaration or missing evidence; see cause,12,Cilium & eBPF JIT & 0.575 & 1.000 \\
C0402,revision,body,missing raw,paper/revision/tables/sec-6-application-throughput.tex,13,"& All optimizations & 0.557 & 0.970 [0.871, 1.093] \\","table sec-6-application-throughput, preceding application, column 2: 0.557",0.557,,,no raw data in reachable repositories,October 2026 rerun; report directory dated 2026-10-03; exact collection dates unavailable,"EC2 c7i.large (x86 Sapphire Rapids) / c7g.large (ARM64 Graviton3), paper-declared",not recorded in reachable evidence,,paper/review/08-camera-ready-eval-issues-2026-10-04.md:15; author-local /Users/ruoji/.../github/bpf-kinsn/paper/revisions/2026-10-03-sec6-rerun/results.md (unreachable),no,,no October EC2 raw data,,Revision numerical results exist only as prose/tables/PDFs; no retained c7i/c7g 12-instance datasets or exact generating scripts found. paper/review/08-camera-ready-eval-issues-2026-10-04.md:15; author-local /Users/ruoji/.../github/bpf-kinsn/paper/revisions/2026-10-03-sec6-rerun/results.md (unreachable),declaration or missing evidence; see cause,13,"& All optimizations & 0.557 & 0.970 [0.871, 1.093] \\"
C0403,revision,body,missing raw,paper/revision/tables/sec-6-application-throughput.tex,13,"& All optimizations & 0.557 & 0.970 [0.871, 1.093] \\","table sec-6-application-throughput, preceding application, column 3: 0.970 [0.871, 1.093] \\",0.970 ; 0.871 ; 1.093,,,no raw data in reachable repositories,October 2026 rerun; report directory dated 2026-10-03; exact collection dates unavailable,"EC2 c7i.large (x86 Sapphire Rapids) / c7g.large (ARM64 Graviton3), paper-declared",not recorded in reachable evidence,,paper/review/08-camera-ready-eval-issues-2026-10-04.md:15; author-local /Users/ruoji/.../github/bpf-kinsn/paper/revisions/2026-10-03-sec6-rerun/results.md (unreachable),no,,no October EC2 raw data,,Revision numerical results exist only as prose/tables/PDFs; no retained c7i/c7g 12-instance datasets or exact generating scripts found. paper/review/08-camera-ready-eval-issues-2026-10-04.md:15; author-local /Users/ruoji/.../github/bpf-kinsn/paper/revisions/2026-10-03-sec6-rerun/results.md (unreachable),declaration or missing evidence; see cause,13,"& All optimizations & 0.557 & 0.970 [0.871, 1.093] \\"
C0404,revision,body,missing raw,paper/revision/tables/sec-6-application-throughput.tex,14,"& Without bulk memory access & 0.575 & 1.000 [0.932, 1.075] \\","table sec-6-application-throughput, preceding application, column 2: 0.575",0.575,,,no raw data in reachable repositories,October 2026 rerun; report directory dated 2026-10-03; exact collection dates unavailable,"EC2 c7i.large (x86 Sapphire Rapids) / c7g.large (ARM64 Graviton3), paper-declared",not recorded in reachable evidence,,paper/review/08-camera-ready-eval-issues-2026-10-04.md:15; author-local /Users/ruoji/.../github/bpf-kinsn/paper/revisions/2026-10-03-sec6-rerun/results.md (unreachable),no,,no October EC2 raw data,,Revision numerical results exist only as prose/tables/PDFs; no retained c7i/c7g 12-instance datasets or exact generating scripts found. paper/review/08-camera-ready-eval-issues-2026-10-04.md:15; author-local /Users/ruoji/.../github/bpf-kinsn/paper/revisions/2026-10-03-sec6-rerun/results.md (unreachable),declaration or missing evidence; see cause,14,"& Without bulk memory access & 0.575 & 1.000 [0.932, 1.075] \\"
C0405,revision,body,missing raw,paper/revision/tables/sec-6-application-throughput.tex,14,"& Without bulk memory access & 0.575 & 1.000 [0.932, 1.075] \\","table sec-6-application-throughput, preceding application, column 3: 1.000 [0.932, 1.075] \\",1.000 ; 0.932 ; 1.075,,,no raw data in reachable repositories,October 2026 rerun; report directory dated 2026-10-03; exact collection dates unavailable,"EC2 c7i.large (x86 Sapphire Rapids) / c7g.large (ARM64 Graviton3), paper-declared",not recorded in reachable evidence,,paper/review/08-camera-ready-eval-issues-2026-10-04.md:15; author-local /Users/ruoji/.../github/bpf-kinsn/paper/revisions/2026-10-03-sec6-rerun/results.md (unreachable),no,,no October EC2 raw data,,Revision numerical results exist only as prose/tables/PDFs; no retained c7i/c7g 12-instance datasets or exact generating scripts found. paper/review/08-camera-ready-eval-issues-2026-10-04.md:15; author-local /Users/ruoji/.../github/bpf-kinsn/paper/revisions/2026-10-03-sec6-rerun/results.md (unreachable),declaration or missing evidence; see cause,14,"& Without bulk memory access & 0.575 & 1.000 [0.932, 1.075] \\"
C0406,revision,body,missing raw,paper/revision/tables/sec-6-application-throughput.tex,16,Katran & eBPF JIT & 1.722 & 1.000 \\,"table sec-6-application-throughput, Katran, column 2: 1.722",1.722,,,no raw data in reachable repositories,October 2026 rerun; report directory dated 2026-10-03; exact collection dates unavailable,"EC2 c7i.large (x86 Sapphire Rapids) / c7g.large (ARM64 Graviton3), paper-declared",not recorded in reachable evidence,,paper/review/08-camera-ready-eval-issues-2026-10-04.md:15; author-local /Users/ruoji/.../github/bpf-kinsn/paper/revisions/2026-10-03-sec6-rerun/results.md (unreachable),no,,no October EC2 raw data,,Revision numerical results exist only as prose/tables/PDFs; no retained c7i/c7g 12-instance datasets or exact generating scripts found. paper/review/08-camera-ready-eval-issues-2026-10-04.md:15; author-local /Users/ruoji/.../github/bpf-kinsn/paper/revisions/2026-10-03-sec6-rerun/results.md (unreachable),declaration or missing evidence; see cause,16,Katran & eBPF JIT & 1.722 & 1.000 \\
C0407,revision,body,missing raw,paper/revision/tables/sec-6-application-throughput.tex,16,Katran & eBPF JIT & 1.722 & 1.000 \\,"table sec-6-application-throughput, Katran, column 3: 1.000 \\",1.000,,,no raw data in reachable repositories,October 2026 rerun; report directory dated 2026-10-03; exact collection dates unavailable,"EC2 c7i.large (x86 Sapphire Rapids) / c7g.large (ARM64 Graviton3), paper-declared",not recorded in reachable evidence,,paper/review/08-camera-ready-eval-issues-2026-10-04.md:15; author-local /Users/ruoji/.../github/bpf-kinsn/paper/revisions/2026-10-03-sec6-rerun/results.md (unreachable),no,,no October EC2 raw data,,Revision numerical results exist only as prose/tables/PDFs; no retained c7i/c7g 12-instance datasets or exact generating scripts found. paper/review/08-camera-ready-eval-issues-2026-10-04.md:15; author-local /Users/ruoji/.../github/bpf-kinsn/paper/revisions/2026-10-03-sec6-rerun/results.md (unreachable),declaration or missing evidence; see cause,16,Katran & eBPF JIT & 1.722 & 1.000 \\
C0408,revision,body,missing raw,paper/revision/tables/sec-6-application-throughput.tex,17,"& Register optimizations & 1.710 & 0.993 [0.988, 0.998] \\","table sec-6-application-throughput, preceding application, column 2: 1.710",1.710,,,no raw data in reachable repositories,October 2026 rerun; report directory dated 2026-10-03; exact collection dates unavailable,"EC2 c7i.large (x86 Sapphire Rapids) / c7g.large (ARM64 Graviton3), paper-declared",not recorded in reachable evidence,,paper/review/08-camera-ready-eval-issues-2026-10-04.md:15; author-local /Users/ruoji/.../github/bpf-kinsn/paper/revisions/2026-10-03-sec6-rerun/results.md (unreachable),no,,no October EC2 raw data,,Revision numerical results exist only as prose/tables/PDFs; no retained c7i/c7g 12-instance datasets or exact generating scripts found. paper/review/08-camera-ready-eval-issues-2026-10-04.md:15; author-local /Users/ruoji/.../github/bpf-kinsn/paper/revisions/2026-10-03-sec6-rerun/results.md (unreachable),declaration or missing evidence; see cause,17,"& Register optimizations & 1.710 & 0.993 [0.988, 0.998] \\"
C0409,revision,body,missing raw,paper/revision/tables/sec-6-application-throughput.tex,17,"& Register optimizations & 1.710 & 0.993 [0.988, 0.998] \\","table sec-6-application-throughput, preceding application, column 3: 0.993 [0.988, 0.998] \\",0.993 ; 0.988 ; 0.998,,,no raw data in reachable repositories,October 2026 rerun; report directory dated 2026-10-03; exact collection dates unavailable,"EC2 c7i.large (x86 Sapphire Rapids) / c7g.large (ARM64 Graviton3), paper-declared",not recorded in reachable evidence,,paper/review/08-camera-ready-eval-issues-2026-10-04.md:15; author-local /Users/ruoji/.../github/bpf-kinsn/paper/revisions/2026-10-03-sec6-rerun/results.md (unreachable),no,,no October EC2 raw data,,Revision numerical results exist only as prose/tables/PDFs; no retained c7i/c7g 12-instance datasets or exact generating scripts found. paper/review/08-camera-ready-eval-issues-2026-10-04.md:15; author-local /Users/ruoji/.../github/bpf-kinsn/paper/revisions/2026-10-03-sec6-rerun/results.md (unreachable),declaration or missing evidence; see cause,17,"& Register optimizations & 1.710 & 0.993 [0.988, 0.998] \\"
C0410,revision,body,missing raw,paper/revision/tables/sec-6-application-throughput.tex,18,"& Register and memory optimizations & 1.721 & 0.999 [0.993, 1.005] \\","table sec-6-application-throughput, preceding application, column 2: 1.721",1.721,,,no raw data in reachable repositories,October 2026 rerun; report directory dated 2026-10-03; exact collection dates unavailable,"EC2 c7i.large (x86 Sapphire Rapids) / c7g.large (ARM64 Graviton3), paper-declared",not recorded in reachable evidence,,paper/review/08-camera-ready-eval-issues-2026-10-04.md:15; author-local /Users/ruoji/.../github/bpf-kinsn/paper/revisions/2026-10-03-sec6-rerun/results.md (unreachable),no,,no October EC2 raw data,,Revision numerical results exist only as prose/tables/PDFs; no retained c7i/c7g 12-instance datasets or exact generating scripts found. paper/review/08-camera-ready-eval-issues-2026-10-04.md:15; author-local /Users/ruoji/.../github/bpf-kinsn/paper/revisions/2026-10-03-sec6-rerun/results.md (unreachable),declaration or missing evidence; see cause,18,"& Register and memory optimizations & 1.721 & 0.999 [0.993, 1.005] \\"
C0411,revision,body,missing raw,paper/revision/tables/sec-6-application-throughput.tex,18,"& Register and memory optimizations & 1.721 & 0.999 [0.993, 1.005] \\","table sec-6-application-throughput, preceding application, column 3: 0.999 [0.993, 1.005] \\",0.999 ; 0.993 ; 1.005,,,no raw data in reachable repositories,October 2026 rerun; report directory dated 2026-10-03; exact collection dates unavailable,"EC2 c7i.large (x86 Sapphire Rapids) / c7g.large (ARM64 Graviton3), paper-declared",not recorded in reachable evidence,,paper/review/08-camera-ready-eval-issues-2026-10-04.md:15; author-local /Users/ruoji/.../github/bpf-kinsn/paper/revisions/2026-10-03-sec6-rerun/results.md (unreachable),no,,no October EC2 raw data,,Revision numerical results exist only as prose/tables/PDFs; no retained c7i/c7g 12-instance datasets or exact generating scripts found. paper/review/08-camera-ready-eval-issues-2026-10-04.md:15; author-local /Users/ruoji/.../github/bpf-kinsn/paper/revisions/2026-10-03-sec6-rerun/results.md (unreachable),declaration or missing evidence; see cause,18,"& Register and memory optimizations & 1.721 & 0.999 [0.993, 1.005] \\"
C0412,revision,body,missing raw,paper/revision/tables/sec-6-cilium-profile.tex,12,"eBPF JIT & 208.5 (191.2--227.9) & 1,065.2 (1,027.3--2,233.9) \\","table sec-6-cilium-profile, eBPF JIT, column 1: 208.5 (191.2--227.9)",208.5 ; 191.2--227.9,,,no raw data in reachable repositories,October 2026 rerun; report directory dated 2026-10-03; exact collection dates unavailable,"EC2 c7i.large (x86 Sapphire Rapids) / c7g.large (ARM64 Graviton3), paper-declared",not recorded in reachable evidence,,paper/review/08-camera-ready-eval-issues-2026-10-04.md:15; author-local /Users/ruoji/.../github/bpf-kinsn/paper/revisions/2026-10-03-sec6-rerun/results.md (unreachable),no,,no October EC2 raw data,,Revision numerical results exist only as prose/tables/PDFs; no retained c7i/c7g 12-instance datasets or exact generating scripts found. paper/review/08-camera-ready-eval-issues-2026-10-04.md:15; author-local /Users/ruoji/.../github/bpf-kinsn/paper/revisions/2026-10-03-sec6-rerun/results.md (unreachable),declaration or missing evidence; see cause,12,"eBPF JIT & 208.5 (191.2--227.9) & 1,065.2 (1,027.3--2,233.9) \\"
C0413,revision,body,missing raw,paper/revision/tables/sec-6-cilium-profile.tex,12,"eBPF JIT & 208.5 (191.2--227.9) & 1,065.2 (1,027.3--2,233.9) \\","table sec-6-cilium-profile, eBPF JIT, column 2: 1,065.2 (1,027.3--2,233.9) \\","1,065.2 ; 1,027.3--2 ; 233.9",,,no raw data in reachable repositories,October 2026 rerun; report directory dated 2026-10-03; exact collection dates unavailable,"EC2 c7i.large (x86 Sapphire Rapids) / c7g.large (ARM64 Graviton3), paper-declared",not recorded in reachable evidence,,paper/review/08-camera-ready-eval-issues-2026-10-04.md:15; author-local /Users/ruoji/.../github/bpf-kinsn/paper/revisions/2026-10-03-sec6-rerun/results.md (unreachable),no,,no October EC2 raw data,,Revision numerical results exist only as prose/tables/PDFs; no retained c7i/c7g 12-instance datasets or exact generating scripts found. paper/review/08-camera-ready-eval-issues-2026-10-04.md:15; author-local /Users/ruoji/.../github/bpf-kinsn/paper/revisions/2026-10-03-sec6-rerun/results.md (unreachable),declaration or missing evidence; see cause,12,"eBPF JIT & 208.5 (191.2--227.9) & 1,065.2 (1,027.3--2,233.9) \\"
C0414,revision,body,missing raw,paper/revision/tables/sec-6-cilium-profile.tex,13,"All optimizations & 198.2 (189.3--213.3) & 1,093.8 (1,050.0--1,960.8) \\","table sec-6-cilium-profile, All optimizations, column 1: 198.2 (189.3--213.3)",198.2 ; 189.3--213.3,,,no raw data in reachable repositories,October 2026 rerun; report directory dated 2026-10-03; exact collection dates unavailable,"EC2 c7i.large (x86 Sapphire Rapids) / c7g.large (ARM64 Graviton3), paper-declared",not recorded in reachable evidence,,paper/review/08-camera-ready-eval-issues-2026-10-04.md:15; author-local /Users/ruoji/.../github/bpf-kinsn/paper/revisions/2026-10-03-sec6-rerun/results.md (unreachable),no,,no October EC2 raw data,,Revision numerical results exist only as prose/tables/PDFs; no retained c7i/c7g 12-instance datasets or exact generating scripts found. paper/review/08-camera-ready-eval-issues-2026-10-04.md:15; author-local /Users/ruoji/.../github/bpf-kinsn/paper/revisions/2026-10-03-sec6-rerun/results.md (unreachable),declaration or missing evidence; see cause,13,"All optimizations & 198.2 (189.3--213.3) & 1,093.8 (1,050.0--1,960.8) \\"
C0415,revision,body,missing raw,paper/revision/tables/sec-6-cilium-profile.tex,13,"All optimizations & 198.2 (189.3--213.3) & 1,093.8 (1,050.0--1,960.8) \\","table sec-6-cilium-profile, All optimizations, column 2: 1,093.8 (1,050.0--1,960.8) \\","1,093.8 ; 1,050.0--1 ; 960.8",,,no raw data in reachable repositories,October 2026 rerun; report directory dated 2026-10-03; exact collection dates unavailable,"EC2 c7i.large (x86 Sapphire Rapids) / c7g.large (ARM64 Graviton3), paper-declared",not recorded in reachable evidence,,paper/review/08-camera-ready-eval-issues-2026-10-04.md:15; author-local /Users/ruoji/.../github/bpf-kinsn/paper/revisions/2026-10-03-sec6-rerun/results.md (unreachable),no,,no October EC2 raw data,,Revision numerical results exist only as prose/tables/PDFs; no retained c7i/c7g 12-instance datasets or exact generating scripts found. paper/review/08-camera-ready-eval-issues-2026-10-04.md:15; author-local /Users/ruoji/.../github/bpf-kinsn/paper/revisions/2026-10-03-sec6-rerun/results.md (unreachable),declaration or missing evidence; see cause,13,"All optimizations & 198.2 (189.3--213.3) & 1,093.8 (1,050.0--1,960.8) \\"
C0416,revision,body,missing raw,paper/revision/tables/sec-6-cilium-profile.tex,14,"Whole-program native & 186.9 (186.1--188.6) & 1,074.6 (1,072.4--1,200.5) \\","table sec-6-cilium-profile, Whole-program native, column 1: 186.9 (186.1--188.6)",186.9 ; 186.1--188.6,,,no raw data in reachable repositories,October 2026 rerun; report directory dated 2026-10-03; exact collection dates unavailable,"EC2 c7i.large (x86 Sapphire Rapids) / c7g.large (ARM64 Graviton3), paper-declared",not recorded in reachable evidence,,paper/review/08-camera-ready-eval-issues-2026-10-04.md:15; author-local /Users/ruoji/.../github/bpf-kinsn/paper/revisions/2026-10-03-sec6-rerun/results.md (unreachable),no,,no October EC2 raw data,,Revision numerical results exist only as prose/tables/PDFs; no retained c7i/c7g 12-instance datasets or exact generating scripts found. paper/review/08-camera-ready-eval-issues-2026-10-04.md:15; author-local /Users/ruoji/.../github/bpf-kinsn/paper/revisions/2026-10-03-sec6-rerun/results.md (unreachable),declaration or missing evidence; see cause,14,"Whole-program native & 186.9 (186.1--188.6) & 1,074.6 (1,072.4--1,200.5) \\"
C0417,revision,body,missing raw,paper/revision/tables/sec-6-cilium-profile.tex,14,"Whole-program native & 186.9 (186.1--188.6) & 1,074.6 (1,072.4--1,200.5) \\","table sec-6-cilium-profile, Whole-program native, column 2: 1,074.6 (1,072.4--1,200.5) \\","1,074.6 ; 1,072.4--1 ; 200.5",,,no raw data in reachable repositories,October 2026 rerun; report directory dated 2026-10-03; exact collection dates unavailable,"EC2 c7i.large (x86 Sapphire Rapids) / c7g.large (ARM64 Graviton3), paper-declared",not recorded in reachable evidence,,paper/review/08-camera-ready-eval-issues-2026-10-04.md:15; author-local /Users/ruoji/.../github/bpf-kinsn/paper/revisions/2026-10-03-sec6-rerun/results.md (unreachable),no,,no October EC2 raw data,,Revision numerical results exist only as prose/tables/PDFs; no retained c7i/c7g 12-instance datasets or exact generating scripts found. paper/review/08-camera-ready-eval-issues-2026-10-04.md:15; author-local /Users/ruoji/.../github/bpf-kinsn/paper/revisions/2026-10-03-sec6-rerun/results.md (unreachable),declaration or missing evidence; see cause,14,"Whole-program native & 186.9 (186.1--188.6) & 1,074.6 (1,072.4--1,200.5) \\"
C0418,revision,body,missing raw,paper/revision/tables/sec-6-katran-profile.tex,12,eBPF JIT & 116.3 (114.8--118.3) & 260.4 (259.8--265.4) \\,"table sec-6-katran-profile, eBPF JIT, column 1: 116.3 (114.8--118.3)",116.3 ; 114.8--118.3,,,no raw data in reachable repositories,October 2026 rerun; report directory dated 2026-10-03; exact collection dates unavailable,"EC2 c7i.large (x86 Sapphire Rapids) / c7g.large (ARM64 Graviton3), paper-declared",not recorded in reachable evidence,,paper/review/08-camera-ready-eval-issues-2026-10-04.md:15; author-local /Users/ruoji/.../github/bpf-kinsn/paper/revisions/2026-10-03-sec6-rerun/results.md (unreachable),no,,no October EC2 raw data,,Revision numerical results exist only as prose/tables/PDFs; no retained c7i/c7g 12-instance datasets or exact generating scripts found. paper/review/08-camera-ready-eval-issues-2026-10-04.md:15; author-local /Users/ruoji/.../github/bpf-kinsn/paper/revisions/2026-10-03-sec6-rerun/results.md (unreachable),declaration or missing evidence; see cause,12,eBPF JIT & 116.3 (114.8--118.3) & 260.4 (259.8--265.4) \\
C0419,revision,body,missing raw,paper/revision/tables/sec-6-katran-profile.tex,12,eBPF JIT & 116.3 (114.8--118.3) & 260.4 (259.8--265.4) \\,"table sec-6-katran-profile, eBPF JIT, column 2: 260.4 (259.8--265.4) \\",260.4 ; 259.8--265.4,,,no raw data in reachable repositories,October 2026 rerun; report directory dated 2026-10-03; exact collection dates unavailable,"EC2 c7i.large (x86 Sapphire Rapids) / c7g.large (ARM64 Graviton3), paper-declared",not recorded in reachable evidence,,paper/review/08-camera-ready-eval-issues-2026-10-04.md:15; author-local /Users/ruoji/.../github/bpf-kinsn/paper/revisions/2026-10-03-sec6-rerun/results.md (unreachable),no,,no October EC2 raw data,,Revision numerical results exist only as prose/tables/PDFs; no retained c7i/c7g 12-instance datasets or exact generating scripts found. paper/review/08-camera-ready-eval-issues-2026-10-04.md:15; author-local /Users/ruoji/.../github/bpf-kinsn/paper/revisions/2026-10-03-sec6-rerun/results.md (unreachable),declaration or missing evidence; see cause,12,eBPF JIT & 116.3 (114.8--118.3) & 260.4 (259.8--265.4) \\
C0420,revision,body,missing raw,paper/revision/tables/sec-6-katran-profile.tex,13,Register optimizations & 121.5 (119.9--126.6) & 261.0 (260.6--268.5) \\,"table sec-6-katran-profile, Register optimizations, column 1: 121.5 (119.9--126.6)",121.5 ; 119.9--126.6,,,no raw data in reachable repositories,October 2026 rerun; report directory dated 2026-10-03; exact collection dates unavailable,"EC2 c7i.large (x86 Sapphire Rapids) / c7g.large (ARM64 Graviton3), paper-declared",not recorded in reachable evidence,,paper/review/08-camera-ready-eval-issues-2026-10-04.md:15; author-local /Users/ruoji/.../github/bpf-kinsn/paper/revisions/2026-10-03-sec6-rerun/results.md (unreachable),no,,no October EC2 raw data,,Revision numerical results exist only as prose/tables/PDFs; no retained c7i/c7g 12-instance datasets or exact generating scripts found. paper/review/08-camera-ready-eval-issues-2026-10-04.md:15; author-local /Users/ruoji/.../github/bpf-kinsn/paper/revisions/2026-10-03-sec6-rerun/results.md (unreachable),declaration or missing evidence; see cause,13,Register optimizations & 121.5 (119.9--126.6) & 261.0 (260.6--268.5) \\
C0421,revision,body,missing raw,paper/revision/tables/sec-6-katran-profile.tex,13,Register optimizations & 121.5 (119.9--126.6) & 261.0 (260.6--268.5) \\,"table sec-6-katran-profile, Register optimizations, column 2: 261.0 (260.6--268.5) \\",261.0 ; 260.6--268.5,,,no raw data in reachable repositories,October 2026 rerun; report directory dated 2026-10-03; exact collection dates unavailable,"EC2 c7i.large (x86 Sapphire Rapids) / c7g.large (ARM64 Graviton3), paper-declared",not recorded in reachable evidence,,paper/review/08-camera-ready-eval-issues-2026-10-04.md:15; author-local /Users/ruoji/.../github/bpf-kinsn/paper/revisions/2026-10-03-sec6-rerun/results.md (unreachable),no,,no October EC2 raw data,,Revision numerical results exist only as prose/tables/PDFs; no retained c7i/c7g 12-instance datasets or exact generating scripts found. paper/review/08-camera-ready-eval-issues-2026-10-04.md:15; author-local /Users/ruoji/.../github/bpf-kinsn/paper/revisions/2026-10-03-sec6-rerun/results.md (unreachable),declaration or missing evidence; see cause,13,Register optimizations & 121.5 (119.9--126.6) & 261.0 (260.6--268.5) \\
C0422,revision,body,missing raw,paper/revision/tables/sec-6-katran-profile.tex,14,Register and memory optimizations & 121.3 (110.8--123.2) & 260.6 (259.3--269.9) \\,"table sec-6-katran-profile, Register and memory optimizations, column 1: 121.3 (110.8--123.2)",121.3 ; 110.8--123.2,,,no raw data in reachable repositories,October 2026 rerun; report directory dated 2026-10-03; exact collection dates unavailable,"EC2 c7i.large (x86 Sapphire Rapids) / c7g.large (ARM64 Graviton3), paper-declared",not recorded in reachable evidence,,paper/review/08-camera-ready-eval-issues-2026-10-04.md:15; author-local /Users/ruoji/.../github/bpf-kinsn/paper/revisions/2026-10-03-sec6-rerun/results.md (unreachable),no,,no October EC2 raw data,,Revision numerical results exist only as prose/tables/PDFs; no retained c7i/c7g 12-instance datasets or exact generating scripts found. paper/review/08-camera-ready-eval-issues-2026-10-04.md:15; author-local /Users/ruoji/.../github/bpf-kinsn/paper/revisions/2026-10-03-sec6-rerun/results.md (unreachable),declaration or missing evidence; see cause,14,Register and memory optimizations & 121.3 (110.8--123.2) & 260.6 (259.3--269.9) \\
C0423,revision,body,missing raw,paper/revision/tables/sec-6-katran-profile.tex,14,Register and memory optimizations & 121.3 (110.8--123.2) & 260.6 (259.3--269.9) \\,"table sec-6-katran-profile, Register and memory optimizations, column 2: 260.6 (259.3--269.9) \\",260.6 ; 259.3--269.9,,,no raw data in reachable repositories,October 2026 rerun; report directory dated 2026-10-03; exact collection dates unavailable,"EC2 c7i.large (x86 Sapphire Rapids) / c7g.large (ARM64 Graviton3), paper-declared",not recorded in reachable evidence,,paper/review/08-camera-ready-eval-issues-2026-10-04.md:15; author-local /Users/ruoji/.../github/bpf-kinsn/paper/revisions/2026-10-03-sec6-rerun/results.md (unreachable),no,,no October EC2 raw data,,Revision numerical results exist only as prose/tables/PDFs; no retained c7i/c7g 12-instance datasets or exact generating scripts found. paper/review/08-camera-ready-eval-issues-2026-10-04.md:15; author-local /Users/ruoji/.../github/bpf-kinsn/paper/revisions/2026-10-03-sec6-rerun/results.md (unreachable),declaration or missing evidence; see cause,14,Register and memory optimizations & 121.3 (110.8--123.2) & 260.6 (259.3--269.9) \\
C0431,revision,body,missing raw,paper/revision/tables/sec-6-native-comparison.tex,4,"\caption{Cilium throughput ratios, using mean rates of packets accepted by the sending interfaces. Each ratio divides whole-program native throughput by the reference throughput. Brackets give 95\% confidence intervals.}","numerical claim: \caption{Cilium throughput ratios, using mean rates of packets accepted by the sending interfaces. Each ratio divides whole-program native throughput by the reference throughput. Brackets give 95\% confidence intervals.}",95,,,no raw data in reachable repositories,October 2026 rerun; report directory dated 2026-10-03; exact collection dates unavailable,"EC2 c7i.large (x86 Sapphire Rapids) / c7g.large (ARM64 Graviton3), paper-declared",not recorded in reachable evidence,,paper/review/08-camera-ready-eval-issues-2026-10-04.md:15; author-local /Users/ruoji/.../github/bpf-kinsn/paper/revisions/2026-10-03-sec6-rerun/results.md (unreachable),no,,no October EC2 raw data,,Revision numerical results exist only as prose/tables/PDFs; no retained c7i/c7g 12-instance datasets or exact generating scripts found. paper/review/08-camera-ready-eval-issues-2026-10-04.md:15; author-local /Users/ruoji/.../github/bpf-kinsn/paper/revisions/2026-10-03-sec6-rerun/results.md (unreachable),declaration or missing evidence; see cause,4,"\caption{Cilium throughput ratios, using mean rates of packets accepted by the sending interfaces. Each ratio divides whole-program native throughput by the reference throughput. Brackets give 95\% confidence intervals.}"
C0432,revision,body,missing raw,paper/revision/tables/sec-6-native-comparison.tex,12,"eBPF JIT & 1.005 [0.939, 1.098] \\","table sec-6-native-comparison, eBPF JIT, column 1: 1.005 [0.939, 1.098] \\",1.005 ; 0.939 ; 1.098,,,no raw data in reachable repositories,October 2026 rerun; report directory dated 2026-10-03; exact collection dates unavailable,"EC2 c7i.large (x86 Sapphire Rapids) / c7g.large (ARM64 Graviton3), paper-declared",not recorded in reachable evidence,,paper/review/08-camera-ready-eval-issues-2026-10-04.md:15; author-local /Users/ruoji/.../github/bpf-kinsn/paper/revisions/2026-10-03-sec6-rerun/results.md (unreachable),no,,no October EC2 raw data,,Revision numerical results exist only as prose/tables/PDFs; no retained c7i/c7g 12-instance datasets or exact generating scripts found. paper/review/08-camera-ready-eval-issues-2026-10-04.md:15; author-local /Users/ruoji/.../github/bpf-kinsn/paper/revisions/2026-10-03-sec6-rerun/results.md (unreachable),declaration or missing evidence; see cause,12,"eBPF JIT & 1.005 [0.939, 1.098] \\"
C0433,revision,body,missing raw,paper/revision/tables/sec-6-native-comparison.tex,13,"All optimizations & 1.036 [0.931, 1.141] \\","table sec-6-native-comparison, All optimizations, column 1: 1.036 [0.931, 1.141] \\",1.036 ; 0.931 ; 1.141,,,no raw data in reachable repositories,October 2026 rerun; report directory dated 2026-10-03; exact collection dates unavailable,"EC2 c7i.large (x86 Sapphire Rapids) / c7g.large (ARM64 Graviton3), paper-declared",not recorded in reachable evidence,,paper/review/08-camera-ready-eval-issues-2026-10-04.md:15; author-local /Users/ruoji/.../github/bpf-kinsn/paper/revisions/2026-10-03-sec6-rerun/results.md (unreachable),no,,no October EC2 raw data,,Revision numerical results exist only as prose/tables/PDFs; no retained c7i/c7g 12-instance datasets or exact generating scripts found. paper/review/08-camera-ready-eval-issues-2026-10-04.md:15; author-local /Users/ruoji/.../github/bpf-kinsn/paper/revisions/2026-10-03-sec6-rerun/results.md (unreachable),declaration or missing evidence; see cause,13,"All optimizations & 1.036 [0.931, 1.141] \\"
C0434,revision,body,missing raw,paper/revision/tables/sec-6-native-comparison.tex,14,"Without bulk memory access & 1.005 [0.952, 1.065] \\","table sec-6-native-comparison, Without bulk memory access, column 1: 1.005 [0.952, 1.065] \\",1.005 ; 0.952 ; 1.065,,,no raw data in reachable repositories,October 2026 rerun; report directory dated 2026-10-03; exact collection dates unavailable,"EC2 c7i.large (x86 Sapphire Rapids) / c7g.large (ARM64 Graviton3), paper-declared",not recorded in reachable evidence,,paper/review/08-camera-ready-eval-issues-2026-10-04.md:15; author-local /Users/ruoji/.../github/bpf-kinsn/paper/revisions/2026-10-03-sec6-rerun/results.md (unreachable),no,,no October EC2 raw data,,Revision numerical results exist only as prose/tables/PDFs; no retained c7i/c7g 12-instance datasets or exact generating scripts found. paper/review/08-camera-ready-eval-issues-2026-10-04.md:15; author-local /Users/ruoji/.../github/bpf-kinsn/paper/revisions/2026-10-03-sec6-rerun/results.md (unreachable),declaration or missing evidence; see cause,14,"Without bulk memory access & 1.005 [0.952, 1.065] \\"
C0435,revision,body,missing raw,paper/revision/tables/sec-6-preparation-cost.tex,4,"\caption{Rewriting and first-load costs in milliseconds, using the same LLVM pipeline with and without \kinsn rewriting. Entries summarize per-program means across 27 programs. Ranges give the minimum and maximum across programs. Increments are computed per program as the cost with rewriting minus the cost without it, before summarization.}","numerical claim: \caption{Rewriting and first-load costs in milliseconds, using the same LLVM pipeline with and without \kinsn rewriting. Entries summarize per-program means across 27 programs. Ranges give the minimum and maximum across programs. Increments are computed per program as the cost with rewriting minus the cost without it, before summarization.}",27,,,no raw data in reachable repositories,October 2026 rerun; report directory dated 2026-10-03; exact collection dates unavailable,"EC2 c7i.large (x86 Sapphire Rapids) / c7g.large (ARM64 Graviton3), paper-declared",not recorded in reachable evidence,,paper/review/08-camera-ready-eval-issues-2026-10-04.md:15; author-local /Users/ruoji/.../github/bpf-kinsn/paper/revisions/2026-10-03-sec6-rerun/results.md (unreachable),no,,no October EC2 raw data,,Revision numerical results exist only as prose/tables/PDFs; no retained c7i/c7g 12-instance datasets or exact generating scripts found. paper/review/08-camera-ready-eval-issues-2026-10-04.md:15; author-local /Users/ruoji/.../github/bpf-kinsn/paper/revisions/2026-10-03-sec6-rerun/results.md (unreachable),declaration or missing evidence; see cause,4,"\caption{Rewriting and first-load costs in milliseconds, using the same LLVM pipeline with and without \kinsn rewriting. Entries summarize per-program means across 27 programs. Ranges give the minimum and maximum across programs. Increments are computed per program as the cost with rewriting minus the cost without it, before summarization.}"
C0436,revision,body,missing raw,paper/revision/tables/sec-6-preparation-cost.tex,14,Without \kinsn rewriting & 24.0 & 15.4--109.8 & 24.2 & 13.9--145.7 \\,"table sec-6-preparation-cost, Without \kinsn rewriting, column 1: 24.0",24.0,,,no raw data in reachable repositories,October 2026 rerun; report directory dated 2026-10-03; exact collection dates unavailable,"EC2 c7i.large (x86 Sapphire Rapids) / c7g.large (ARM64 Graviton3), paper-declared",not recorded in reachable evidence,,paper/review/08-camera-ready-eval-issues-2026-10-04.md:15; author-local /Users/ruoji/.../github/bpf-kinsn/paper/revisions/2026-10-03-sec6-rerun/results.md (unreachable),no,,no October EC2 raw data,,Revision numerical results exist only as prose/tables/PDFs; no retained c7i/c7g 12-instance datasets or exact generating scripts found. paper/review/08-camera-ready-eval-issues-2026-10-04.md:15; author-local /Users/ruoji/.../github/bpf-kinsn/paper/revisions/2026-10-03-sec6-rerun/results.md (unreachable),declaration or missing evidence; see cause,14,Without \kinsn rewriting & 24.0 & 15.4--109.8 & 24.2 & 13.9--145.7 \\
C0437,revision,body,missing raw,paper/revision/tables/sec-6-preparation-cost.tex,14,Without \kinsn rewriting & 24.0 & 15.4--109.8 & 24.2 & 13.9--145.7 \\,"table sec-6-preparation-cost, Without \kinsn rewriting, column 2: 15.4--109.8",15.4--109.8,,,no raw data in reachable repositories,October 2026 rerun; report directory dated 2026-10-03; exact collection dates unavailable,"EC2 c7i.large (x86 Sapphire Rapids) / c7g.large (ARM64 Graviton3), paper-declared",not recorded in reachable evidence,,paper/review/08-camera-ready-eval-issues-2026-10-04.md:15; author-local /Users/ruoji/.../github/bpf-kinsn/paper/revisions/2026-10-03-sec6-rerun/results.md (unreachable),no,,no October EC2 raw data,,Revision numerical results exist only as prose/tables/PDFs; no retained c7i/c7g 12-instance datasets or exact generating scripts found. paper/review/08-camera-ready-eval-issues-2026-10-04.md:15; author-local /Users/ruoji/.../github/bpf-kinsn/paper/revisions/2026-10-03-sec6-rerun/results.md (unreachable),declaration or missing evidence; see cause,14,Without \kinsn rewriting & 24.0 & 15.4--109.8 & 24.2 & 13.9--145.7 \\
C0438,revision,body,missing raw,paper/revision/tables/sec-6-preparation-cost.tex,14,Without \kinsn rewriting & 24.0 & 15.4--109.8 & 24.2 & 13.9--145.7 \\,"table sec-6-preparation-cost, Without \kinsn rewriting, column 3: 24.2",24.2,,,no raw data in reachable repositories,October 2026 rerun; report directory dated 2026-10-03; exact collection dates unavailable,"EC2 c7i.large (x86 Sapphire Rapids) / c7g.large (ARM64 Graviton3), paper-declared",not recorded in reachable evidence,,paper/review/08-camera-ready-eval-issues-2026-10-04.md:15; author-local /Users/ruoji/.../github/bpf-kinsn/paper/revisions/2026-10-03-sec6-rerun/results.md (unreachable),no,,no October EC2 raw data,,Revision numerical results exist only as prose/tables/PDFs; no retained c7i/c7g 12-instance datasets or exact generating scripts found. paper/review/08-camera-ready-eval-issues-2026-10-04.md:15; author-local /Users/ruoji/.../github/bpf-kinsn/paper/revisions/2026-10-03-sec6-rerun/results.md (unreachable),declaration or missing evidence; see cause,14,Without \kinsn rewriting & 24.0 & 15.4--109.8 & 24.2 & 13.9--145.7 \\
C0439,revision,body,missing raw,paper/revision/tables/sec-6-preparation-cost.tex,14,Without \kinsn rewriting & 24.0 & 15.4--109.8 & 24.2 & 13.9--145.7 \\,"table sec-6-preparation-cost, Without \kinsn rewriting, column 4: 13.9--145.7 \\",13.9--145.7,,,no raw data in reachable repositories,October 2026 rerun; report directory dated 2026-10-03; exact collection dates unavailable,"EC2 c7i.large (x86 Sapphire Rapids) / c7g.large (ARM64 Graviton3), paper-declared",not recorded in reachable evidence,,paper/review/08-camera-ready-eval-issues-2026-10-04.md:15; author-local /Users/ruoji/.../github/bpf-kinsn/paper/revisions/2026-10-03-sec6-rerun/results.md (unreachable),no,,no October EC2 raw data,,Revision numerical results exist only as prose/tables/PDFs; no retained c7i/c7g 12-instance datasets or exact generating scripts found. paper/review/08-camera-ready-eval-issues-2026-10-04.md:15; author-local /Users/ruoji/.../github/bpf-kinsn/paper/revisions/2026-10-03-sec6-rerun/results.md (unreachable),declaration or missing evidence; see cause,14,Without \kinsn rewriting & 24.0 & 15.4--109.8 & 24.2 & 13.9--145.7 \\
C0440,revision,body,missing raw,paper/revision/tables/sec-6-preparation-cost.tex,15,With \kinsn rewriting & 35.6 & 24.4--138.9 & 34.2 & 23.8--155.7 \\,"table sec-6-preparation-cost, With \kinsn rewriting, column 1: 35.6",35.6,,,no raw data in reachable repositories,October 2026 rerun; report directory dated 2026-10-03; exact collection dates unavailable,"EC2 c7i.large (x86 Sapphire Rapids) / c7g.large (ARM64 Graviton3), paper-declared",not recorded in reachable evidence,,paper/review/08-camera-ready-eval-issues-2026-10-04.md:15; author-local /Users/ruoji/.../github/bpf-kinsn/paper/revisions/2026-10-03-sec6-rerun/results.md (unreachable),no,,no October EC2 raw data,,Revision numerical results exist only as prose/tables/PDFs; no retained c7i/c7g 12-instance datasets or exact generating scripts found. paper/review/08-camera-ready-eval-issues-2026-10-04.md:15; author-local /Users/ruoji/.../github/bpf-kinsn/paper/revisions/2026-10-03-sec6-rerun/results.md (unreachable),declaration or missing evidence; see cause,15,With \kinsn rewriting & 35.6 & 24.4--138.9 & 34.2 & 23.8--155.7 \\
C0441,revision,body,missing raw,paper/revision/tables/sec-6-preparation-cost.tex,15,With \kinsn rewriting & 35.6 & 24.4--138.9 & 34.2 & 23.8--155.7 \\,"table sec-6-preparation-cost, With \kinsn rewriting, column 2: 24.4--138.9",24.4--138.9,,,no raw data in reachable repositories,October 2026 rerun; report directory dated 2026-10-03; exact collection dates unavailable,"EC2 c7i.large (x86 Sapphire Rapids) / c7g.large (ARM64 Graviton3), paper-declared",not recorded in reachable evidence,,paper/review/08-camera-ready-eval-issues-2026-10-04.md:15; author-local /Users/ruoji/.../github/bpf-kinsn/paper/revisions/2026-10-03-sec6-rerun/results.md (unreachable),no,,no October EC2 raw data,,Revision numerical results exist only as prose/tables/PDFs; no retained c7i/c7g 12-instance datasets or exact generating scripts found. paper/review/08-camera-ready-eval-issues-2026-10-04.md:15; author-local /Users/ruoji/.../github/bpf-kinsn/paper/revisions/2026-10-03-sec6-rerun/results.md (unreachable),declaration or missing evidence; see cause,15,With \kinsn rewriting & 35.6 & 24.4--138.9 & 34.2 & 23.8--155.7 \\
C0442,revision,body,missing raw,paper/revision/tables/sec-6-preparation-cost.tex,15,With \kinsn rewriting & 35.6 & 24.4--138.9 & 34.2 & 23.8--155.7 \\,"table sec-6-preparation-cost, With \kinsn rewriting, column 3: 34.2",34.2,,,no raw data in reachable repositories,October 2026 rerun; report directory dated 2026-10-03; exact collection dates unavailable,"EC2 c7i.large (x86 Sapphire Rapids) / c7g.large (ARM64 Graviton3), paper-declared",not recorded in reachable evidence,,paper/review/08-camera-ready-eval-issues-2026-10-04.md:15; author-local /Users/ruoji/.../github/bpf-kinsn/paper/revisions/2026-10-03-sec6-rerun/results.md (unreachable),no,,no October EC2 raw data,,Revision numerical results exist only as prose/tables/PDFs; no retained c7i/c7g 12-instance datasets or exact generating scripts found. paper/review/08-camera-ready-eval-issues-2026-10-04.md:15; author-local /Users/ruoji/.../github/bpf-kinsn/paper/revisions/2026-10-03-sec6-rerun/results.md (unreachable),declaration or missing evidence; see cause,15,With \kinsn rewriting & 35.6 & 24.4--138.9 & 34.2 & 23.8--155.7 \\
C0443,revision,body,missing raw,paper/revision/tables/sec-6-preparation-cost.tex,15,With \kinsn rewriting & 35.6 & 24.4--138.9 & 34.2 & 23.8--155.7 \\,"table sec-6-preparation-cost, With \kinsn rewriting, column 4: 23.8--155.7 \\",23.8--155.7,,,no raw data in reachable repositories,October 2026 rerun; report directory dated 2026-10-03; exact collection dates unavailable,"EC2 c7i.large (x86 Sapphire Rapids) / c7g.large (ARM64 Graviton3), paper-declared",not recorded in reachable evidence,,paper/review/08-camera-ready-eval-issues-2026-10-04.md:15; author-local /Users/ruoji/.../github/bpf-kinsn/paper/revisions/2026-10-03-sec6-rerun/results.md (unreachable),no,,no October EC2 raw data,,Revision numerical results exist only as prose/tables/PDFs; no retained c7i/c7g 12-instance datasets or exact generating scripts found. paper/review/08-camera-ready-eval-issues-2026-10-04.md:15; author-local /Users/ruoji/.../github/bpf-kinsn/paper/revisions/2026-10-03-sec6-rerun/results.md (unreachable),declaration or missing evidence; see cause,15,With \kinsn rewriting & 35.6 & 24.4--138.9 & 34.2 & 23.8--155.7 \\
C0444,revision,body,missing raw,paper/revision/tables/sec-6-preparation-cost.tex,16,Per-program increment & 9.2 & 3.6--46.2 & 10.0 & 2.6--15.7 \\,"table sec-6-preparation-cost, Per-program increment, column 1: 9.2",9.2,,,no raw data in reachable repositories,October 2026 rerun; report directory dated 2026-10-03; exact collection dates unavailable,"EC2 c7i.large (x86 Sapphire Rapids) / c7g.large (ARM64 Graviton3), paper-declared",not recorded in reachable evidence,,paper/review/08-camera-ready-eval-issues-2026-10-04.md:15; author-local /Users/ruoji/.../github/bpf-kinsn/paper/revisions/2026-10-03-sec6-rerun/results.md (unreachable),no,,no October EC2 raw data,,Revision numerical results exist only as prose/tables/PDFs; no retained c7i/c7g 12-instance datasets or exact generating scripts found. paper/review/08-camera-ready-eval-issues-2026-10-04.md:15; author-local /Users/ruoji/.../github/bpf-kinsn/paper/revisions/2026-10-03-sec6-rerun/results.md (unreachable),declaration or missing evidence; see cause,16,Per-program increment & 9.2 & 3.6--46.2 & 10.0 & 2.6--15.7 \\
C0445,revision,body,missing raw,paper/revision/tables/sec-6-preparation-cost.tex,16,Per-program increment & 9.2 & 3.6--46.2 & 10.0 & 2.6--15.7 \\,"table sec-6-preparation-cost, Per-program increment, column 2: 3.6--46.2",3.6--46.2,,,no raw data in reachable repositories,October 2026 rerun; report directory dated 2026-10-03; exact collection dates unavailable,"EC2 c7i.large (x86 Sapphire Rapids) / c7g.large (ARM64 Graviton3), paper-declared",not recorded in reachable evidence,,paper/review/08-camera-ready-eval-issues-2026-10-04.md:15; author-local /Users/ruoji/.../github/bpf-kinsn/paper/revisions/2026-10-03-sec6-rerun/results.md (unreachable),no,,no October EC2 raw data,,Revision numerical results exist only as prose/tables/PDFs; no retained c7i/c7g 12-instance datasets or exact generating scripts found. paper/review/08-camera-ready-eval-issues-2026-10-04.md:15; author-local /Users/ruoji/.../github/bpf-kinsn/paper/revisions/2026-10-03-sec6-rerun/results.md (unreachable),declaration or missing evidence; see cause,16,Per-program increment & 9.2 & 3.6--46.2 & 10.0 & 2.6--15.7 \\
C0446,revision,body,missing raw,paper/revision/tables/sec-6-preparation-cost.tex,16,Per-program increment & 9.2 & 3.6--46.2 & 10.0 & 2.6--15.7 \\,"table sec-6-preparation-cost, Per-program increment, column 3: 10.0",10.0,,,no raw data in reachable repositories,October 2026 rerun; report directory dated 2026-10-03; exact collection dates unavailable,"EC2 c7i.large (x86 Sapphire Rapids) / c7g.large (ARM64 Graviton3), paper-declared",not recorded in reachable evidence,,paper/review/08-camera-ready-eval-issues-2026-10-04.md:15; author-local /Users/ruoji/.../github/bpf-kinsn/paper/revisions/2026-10-03-sec6-rerun/results.md (unreachable),no,,no October EC2 raw data,,Revision numerical results exist only as prose/tables/PDFs; no retained c7i/c7g 12-instance datasets or exact generating scripts found. paper/review/08-camera-ready-eval-issues-2026-10-04.md:15; author-local /Users/ruoji/.../github/bpf-kinsn/paper/revisions/2026-10-03-sec6-rerun/results.md (unreachable),declaration or missing evidence; see cause,16,Per-program increment & 9.2 & 3.6--46.2 & 10.0 & 2.6--15.7 \\
C0447,revision,body,missing raw,paper/revision/tables/sec-6-preparation-cost.tex,16,Per-program increment & 9.2 & 3.6--46.2 & 10.0 & 2.6--15.7 \\,"table sec-6-preparation-cost, Per-program increment, column 4: 2.6--15.7 \\",2.6--15.7,,,no raw data in reachable repositories,October 2026 rerun; report directory dated 2026-10-03; exact collection dates unavailable,"EC2 c7i.large (x86 Sapphire Rapids) / c7g.large (ARM64 Graviton3), paper-declared",not recorded in reachable evidence,,paper/review/08-camera-ready-eval-issues-2026-10-04.md:15; author-local /Users/ruoji/.../github/bpf-kinsn/paper/revisions/2026-10-03-sec6-rerun/results.md (unreachable),no,,no October EC2 raw data,,Revision numerical results exist only as prose/tables/PDFs; no retained c7i/c7g 12-instance datasets or exact generating scripts found. paper/review/08-camera-ready-eval-issues-2026-10-04.md:15; author-local /Users/ruoji/.../github/bpf-kinsn/paper/revisions/2026-10-03-sec6-rerun/results.md (unreachable),declaration or missing evidence; see cause,16,Per-program increment & 9.2 & 3.6--46.2 & 10.0 & 2.6--15.7 \\
C0448,current,body,non-measurement definition,paper/sections/0-abstract.tex,42,"Since the verifier checks only the eBPF form \note{is this causal?}, the native implementation is the only per-operation addition to the TCB, so we prove in Lean 4 that it matches its eBPF form.",numerical claim: Lean 4 proofs show that each native emit computes the same result as its proof sequence.,4,,,not applicable: version/semantic definition,,,,,bpf-benchmark/docs/archive/shared/plot_micro_characterization_20260527.py; paper-provenance/scripts/plot_characterization_pure_percase.py (older 29-case source; final 27-case/4config generator not retained),no,,not a benchmark measurement,,Language version or instruction semantic definition; no empirical dataset required.,declaration or missing evidence; see cause,45,Lean 4 proofs show that each native emit computes the same result as its proof sequence.
C0449,current,body,missing raw,paper/sections/1-introduction.tex,100,"A 64-bit rotate with a variable shift, for example, is a single \texttt{ROL} instruction on x86-64, but it reaches the kernel JIT as eight bytecode instructions and leaves as 15 machine instructions.","instruction counts / rotate example: A 64-bit rotate with a variable shift, a single \texttt{ROL} instruction on x86-64, arrives at the kernel JIT as eight bytecode instructions and is emitted as 15 machine instructions.",64; 15,,,no raw data in reachable repositories,,,,,paper/figures/sec-3-jit-dump.tex; bpf-benchmark/docs/archive/shared/20260319/llvm_vs_kernel_jit_disasm_analysis_20260319.md (related later dumps),no,,original raw dump not found,,Paper rotate figure names Linux 6.1. March19 dumps are Linux 7.0 rc2 and different whole stress programs; related data do not independently establish the exact illustration/table counts.,declaration or missing evidence; see cause,143,"A 64-bit rotate with a variable shift, a single \texttt{ROL} instruction on x86-64, arrives at the kernel JIT as eight bytecode instructions and is emitted as 15 machine instructions."
C0450,current,body,non-measurement definition,paper/sections/1-introduction.tex,136,"We close this trust gap by proving in Lean 4 that, for each operation, the native emit computes the same result as its proof sequence, which extends the verifier's guarantee to the native code.","numerical claim: We prove in Lean 4 that, for each operation, the native emit computes the same result as the proof sequence, carrying the verifier's guarantee to the native code.",4,,,not applicable: version/semantic definition,,,,,bpf-benchmark/docs/archive/shared/plot_micro_characterization_20260527.py; paper-provenance/scripts/plot_characterization_pure_percase.py (older 29-case source; final 27-case/4config generator not retained),no,,not a benchmark measurement,,Language version or instruction semantic definition; no empirical dataset required.,declaration or missing evidence; see cause,147,"We prove in Lean 4 that, for each operation, the native emit computes the same result as the proof sequence, carrying the verifier's guarantee to the native code."
C0451,current,body,non-measurement definition,paper/sections/1-introduction.tex,158,"\item We prove in Lean 4 that each \lang native emit computes the same result as its proof sequence, extending the verifier's guarantee to the native code (\S\ref{sec:formal-verification}).",numerical claim: \item We prove in Lean 4 that each \lang native emit computes the same result as its proof sequence (\S\ref{sec:formal-verification}).,4,,,not applicable: version/semantic definition,,,,,bpf-benchmark/docs/archive/shared/plot_micro_characterization_20260527.py; paper-provenance/scripts/plot_characterization_pure_percase.py (older 29-case source; final 27-case/4config generator not retained),no,,not a benchmark measurement,,Language version or instruction semantic definition; no empirical dataset required.,declaration or missing evidence; see cause,166,\item We prove in Lean 4 that each \lang native emit computes the same result as its proof sequence (\S\ref{sec:formal-verification}).
C0452,current,removed from current body; audit snapshot only,definition/setup,audit-paper/sections/3-characterization.tex,145,The examples include a consistent-hash load-balancer lookup from \texttt{katran} and a SipHash-like 64-bit-rotation mixer.,numerical claim: The examples include a consistent-hash load-balancer lookup from \texttt{katran} and a SipHash-like 64-bit-rotation mixer.,64,micro/results/x86_kvm_micro_20260526_210952_650695; micro/results/aws_arm64_micro_20260523_091516_610343; micro/results/aws_arm64_micro_20260520_052452_727433,micro/results/x86_kvm_micro_20260526_210952_650695; micro/results/aws_arm64_micro_20260523_091516_610343; micro/results/aws_arm64_micro_20260520_052452_727433,yes,2026-05-26T21:09:52.650695+00:00; 2026-05-23T09:15:16.610343+00:00; 2026-05-20T05:24:52.727433+00:00,x86_kvm_micro; CPU Intel(R) Core(TM) Ultra 9 285K; aws_arm64_micro; CPU aarch64,unknown,completed,bpf-benchmark/docs/archive/shared/plot_micro_characterization_20260527.py; paper-provenance/scripts/plot_characterization_pure_percase.py (older 29-case source; final 27-case/4config generator not retained),no,,definition or setup; corroborated by related scalar rows,,"Non-performance instruction widths and normalization conventions are definitions, not missing benchmark measurements. Related detailed rows trace measured claims. This example sentence was removed in the current paper revision.",declaration or missing evidence; see cause,145,The examples include a consistent-hash load-balancer lookup from \texttt{katran} and a SipHash-like 64-bit-rotation mixer.
C0453,current,body,definition/setup,paper/sections/3-characterization.tex,238,Figure~\ref{fig:jit-dump} shows a 64-bit rotate with a variable shift under the kernel JIT and under direct native compilation.,numerical claim: Figure~\ref{fig:jit-dump} shows a 64-bit rotate with a variable shift under the per-opcode kernel JIT and under direct native compilation.,64,micro/results/x86_kvm_micro_20260526_210952_650695; micro/results/aws_arm64_micro_20260523_091516_610343; micro/results/aws_arm64_micro_20260520_052452_727433,micro/results/x86_kvm_micro_20260526_210952_650695; micro/results/aws_arm64_micro_20260523_091516_610343; micro/results/aws_arm64_micro_20260520_052452_727433,yes,2026-05-26T21:09:52.650695+00:00; 2026-05-23T09:15:16.610343+00:00; 2026-05-20T05:24:52.727433+00:00,x86_kvm_micro; CPU Intel(R) Core(TM) Ultra 9 285K; aws_arm64_micro; CPU aarch64,unknown,completed,bpf-benchmark/docs/archive/shared/plot_micro_characterization_20260527.py; paper-provenance/scripts/plot_characterization_pure_percase.py (older 29-case source; final 27-case/4config generator not retained),no,,definition or setup; corroborated by related scalar rows,,"Non-performance instruction widths and normalization conventions are definitions, not missing benchmark measurements. Related detailed rows trace measured claims.",declaration or missing evidence; see cause,240,Figure~\ref{fig:jit-dump} shows a 64-bit rotate with a variable shift under the per-opcode kernel JIT and under direct native compilation.
C0454,current,body,missing raw,paper/sections/3-characterization.tex,240,The rotate arrives at the kernel JIT as eight bytecode instructions and is emitted as 15 machine instructions.,instruction counts / rotate example: The rotate arrives at the kernel JIT as eight bytecode instructions and is emitted as 15 machine instructions.,15,,,no raw data in reachable repositories,,,,,paper/figures/sec-3-jit-dump.tex; bpf-benchmark/docs/archive/shared/20260319/llvm_vs_kernel_jit_disasm_analysis_20260319.md (related later dumps),no,,original raw dump not found,,Paper rotate figure names Linux 6.1. March19 dumps are Linux 7.0 rc2 and different whole stress programs; related data do not independently establish the exact illustration/table counts.,declaration or missing evidence; see cause,242,The rotate arrives at the kernel JIT as eight bytecode instructions and is emitted as 15 machine instructions.
C0455,current,body,empirical,paper/sections/3-characterization.tex,251,"Across five small test programs on x86-64 that each repeat one idiom, the kernel JIT emits 1.25--2.7$\times$ as many instructions as userspace LLVM-BPF for the same programs.",five idiom-stress instruction-count expansion,1.25--2.7,docs/archive/shared/llvm_vs_kernel_jit_disasm_20260319_artifacts,docs/archive/shared/llvm_vs_kernel_jit_disasm_20260319_artifacts,yes,not recorded,platform not recorded; CPU not recorded,not recorded,not recorded,bpf-benchmark/docs/archive/shared/20260319/llvm_vs_kernel_jit_disasm_analysis_20260319.md,yes,1.253854--2.666667,matches rounded approximate range,"count decoded mnemonic lines, exclude objdump byte-continuation lines; five probes",Exact min=max definitions include whole functions/prologues.,recomputed from retained disassembly,255,"Across five idiom-stress probes on x86-64, small programs that each repeat one idiom, the kernel JIT emits 1.25--2.7$\times$ as many instructions as userspace LLVM-BPF for the same programs."
C0456,current,body,definition/setup,paper/sections/7-evaluation.tex,13,"First, we reuse the 27 microbenchmarks from \S\ref{sec:characterization} to isolate instruction-selection effects.","numerical claim: First, we reuse the 27 pure-bytecode microbenchmarks from \S\ref{sec:characterization} to isolate instruction-selection effects.",27,micro/results/x86_kvm_micro_20260519_114214_364050; micro/results/x86_kvm_micro_20260526_210351_224315; micro/results/aws_arm64_micro_20260606_001225_821028,micro/results/x86_kvm_micro_20260519_114214_364050; micro/results/x86_kvm_micro_20260526_210351_224315; micro/results/aws_arm64_micro_20260606_001225_821028,yes,2026-05-19T11:42:14.364050+00:00; 2026-05-26T21:03:51.224315+00:00; 2026-06-06T00:12:25.821028+00:00,x86_kvm_micro; CPU Intel(R) Core(TM) Ultra 9 285K; aws_arm64_micro; CPU aarch64,unknown,completed,bpf-benchmark/docs/archive/shared/plot_micro_characterization_20260527.py; paper-provenance/scripts/plot_characterization_pure_percase.py (older 29-case source; final 27-case/4config generator not retained),no,,definition or setup; corroborated by related scalar rows,,"Non-performance instruction widths and normalization conventions are definitions, not missing benchmark measurements. Related detailed rows trace measured claims.",declaration or missing evidence; see cause,13,"First, we reuse the 27 pure-bytecode microbenchmarks from \S\ref{sec:characterization} to isolate instruction-selection effects."
C0457,current,body,empirical,paper/sections/7-evaluation.tex,36,"The x86-64 experiments run in a KVM virtual machine with 8 vCPUs and 64\,GB RAM on an Intel Xeon Silver 4210R @ 2.40\,GHz host, using Linux 7.0.0-rc2+.",x86 hardware and VM/kernel setup,"The x86-64 experiments run in a KVM virtual machine with 8 vCPUs and 64\,GB RAM on an Intel Xeon Silver 4210R @ 2.40\,GHz host, using Linux 7.0.0-rc2+.",micro/results/x86_kvm_micro_20260519_114214_364050; micro/results/x86_kvm_micro_20260526_210351_224315; micro/results/x86_kvm_micro_20260526_210952_650695,micro/results/x86_kvm_micro_20260519_114214_364050; micro/results/x86_kvm_micro_20260526_210351_224315; micro/results/x86_kvm_micro_20260526_210952_650695,yes,2026-05-19T11:42:14.364050+00:00; 2026-05-26T21:03:51.224315+00:00; 2026-05-26T21:09:52.650695+00:00,x86_kvm_micro; CPU Intel(R) Core(TM) Ultra 9 285K,unknown,completed,paper-provenance/scripts/plot_evaluation_kinsn.py (older 29-case source); bpf-benchmark/docs/artifacts/render_claim_table.py (27-case derivation),no,,MISMATCH: retained CPU model is Core Ultra 9 285K,,Raw provenance records Linux 7.0.0-rc2+ and VM; 8-vCPU/64-GB/Xeon configuration not bound to these historical measurements.,declaration or missing evidence; see cause,36,"The x86-64 experiments run in a KVM virtual machine with 8 vCPUs and 64\,GB RAM on an Intel Xeon Silver 4210R @ 2.40\,GHz host, using Linux 7.0.0-rc2+."
C0458,current,body,empirical,paper/sections/7-evaluation.tex,38,"The ARM64 experiments run on an AWS t4g.small instance (2 vCPUs, 2\,GiB RAM, AWS Graviton2), using a \lang-enabled Linux 7.0.0-rc2+ build.",ARM64 AWS instance/kernel setup,"The ARM64 experiments run on an AWS t4g.small instance (2 vCPUs, 2\,GiB RAM, AWS Graviton2), using a \lang-enabled Linux 7.0.0-rc2+ build.",micro/results/aws_arm64_micro_20260606_001225_821028; micro/results/aws_arm64_micro_20260523_091516_610343; micro/results/aws_arm64_micro_20260520_052452_727433; corpus/results/aws_arm64_corpus_20260605_080836_924256; corpus/results/aws_arm64_corpus_20260605_094729_221231,micro/results/aws_arm64_micro_20260606_001225_821028; micro/results/aws_arm64_micro_20260523_091516_610343; micro/results/aws_arm64_micro_20260520_052452_727433; corpus/results/aws_arm64_corpus_20260605_080836_924256; corpus/results/aws_arm64_corpus_20260605_094729_221231,yes,2026-06-06T00:12:25.821028+00:00; 2026-05-23T09:15:16.610343+00:00; 2026-05-20T05:24:52.727433+00:00; 2026-06-05T08:08:36.924256+00:00; 2026-06-05T09:47:29.221231+00:00,aws_arm64_micro; CPU aarch64; aws_arm64_corpus; CPU not recorded,unknown; not recorded,completed; error,bpf-benchmark/kinsn/docs/evaluation.md:519,no,,partial: AWS ARM64 recorded; instance type cited by document,,Raw micro cpu_model=aarch64 and EC2 hostname; not a c7g/Graviton3 campaign.,declaration or missing evidence; see cause,38,"The ARM64 experiments run on an AWS t4g.small instance (2 vCPUs, 2\,GiB RAM, AWS Graviton2), using a \lang-enabled Linux 7.0.0-rc2+ build."
C0459,current,body,definition/setup,paper/sections/7-evaluation.tex,49,"Execution-time and throughput ratios are normalized to the original kernel JIT, so values above 1$\times$ indicate faster execution or higher throughput.","numerical claim: Execution-time and throughput ratios are normalized to the stock kernel eBPF JIT, so values above 1$\times$ indicate faster execution or higher throughput.",1,micro/results/x86_kvm_micro_20260519_114214_364050; micro/results/x86_kvm_micro_20260526_210351_224315; micro/results/aws_arm64_micro_20260606_001225_821028,micro/results/x86_kvm_micro_20260519_114214_364050; micro/results/x86_kvm_micro_20260526_210351_224315; micro/results/aws_arm64_micro_20260606_001225_821028,yes,2026-05-19T11:42:14.364050+00:00; 2026-05-26T21:03:51.224315+00:00; 2026-06-06T00:12:25.821028+00:00,x86_kvm_micro; CPU Intel(R) Core(TM) Ultra 9 285K; aws_arm64_micro; CPU aarch64,unknown,completed,bpf-benchmark/docs/archive/shared/plot_micro_characterization_20260527.py; paper-provenance/scripts/plot_characterization_pure_percase.py (older 29-case source; final 27-case/4config generator not retained),no,,definition or setup; corroborated by related scalar rows,,"Non-performance instruction widths and normalization conventions are definitions, not missing benchmark measurements. Related detailed rows trace measured claims.",declaration or missing evidence; see cause,49,"Execution-time and throughput ratios are normalized to the stock kernel eBPF JIT, so values above 1$\times$ indicate faster execution or higher throughput."
C0460,current,body,definition/setup,paper/sections/7-evaluation.tex,51,"BPF-cost ratios report post/baseline cost, so values below 1$\times$ indicate lower BPF runtime cost.","numerical claim: BPF-cost ratios report post/baseline cost, so values below 1$\times$ indicate lower BPF runtime cost.",1,micro/results/x86_kvm_micro_20260519_114214_364050; micro/results/x86_kvm_micro_20260526_210351_224315; micro/results/aws_arm64_micro_20260606_001225_821028,micro/results/x86_kvm_micro_20260519_114214_364050; micro/results/x86_kvm_micro_20260526_210351_224315; micro/results/aws_arm64_micro_20260606_001225_821028,yes,2026-05-19T11:42:14.364050+00:00; 2026-05-26T21:03:51.224315+00:00; 2026-06-06T00:12:25.821028+00:00,x86_kvm_micro; CPU Intel(R) Core(TM) Ultra 9 285K; aws_arm64_micro; CPU aarch64,unknown,completed,bpf-benchmark/docs/archive/shared/plot_micro_characterization_20260527.py; paper-provenance/scripts/plot_characterization_pure_percase.py (older 29-case source; final 27-case/4config generator not retained),no,,definition or setup; corroborated by related scalar rows,,"Non-performance instruction widths and normalization conventions are definitions, not missing benchmark measurements. Related detailed rows trace measured claims.",declaration or missing evidence; see cause,51,"BPF-cost ratios report post/baseline cost, so values below 1$\times$ indicate lower BPF runtime cost."
C0461,current,body,definition/setup,paper/sections/7-evaluation.tex,55,"For each retained row, we compute \texttt{run\_time\_ns\_delta}/\texttt{run\_cnt\_delta}, drop rows with fewer than 100 runs in either phase, and pair rows by program name, program type, and occurrence index.","numerical claim: For each retained row, we compute \texttt{run\_time\_ns\_delta}/\texttt{run\_cnt\_delta}, drop rows with fewer than 100 runs in either phase, and pair rows by program name, program type, and occurrence index.",100,micro/results/x86_kvm_micro_20260519_114214_364050; micro/results/x86_kvm_micro_20260526_210351_224315; micro/results/aws_arm64_micro_20260606_001225_821028,micro/results/x86_kvm_micro_20260519_114214_364050; micro/results/x86_kvm_micro_20260526_210351_224315; micro/results/aws_arm64_micro_20260606_001225_821028,yes,2026-05-19T11:42:14.364050+00:00; 2026-05-26T21:03:51.224315+00:00; 2026-06-06T00:12:25.821028+00:00,x86_kvm_micro; CPU Intel(R) Core(TM) Ultra 9 285K; aws_arm64_micro; CPU aarch64,unknown,completed,bpf-benchmark/docs/archive/shared/plot_micro_characterization_20260527.py; paper-provenance/scripts/plot_characterization_pure_percase.py (older 29-case source; final 27-case/4config generator not retained),no,,definition or setup; corroborated by related scalar rows,,"Non-performance instruction widths and normalization conventions are definitions, not missing benchmark measurements. Related detailed rows trace measured claims.",declaration or missing evidence; see cause,55,"For each retained row, we compute \texttt{run\_time\_ns\_delta}/\texttt{run\_cnt\_delta}, drop rows with fewer than 100 runs in either phase, and pair rows by program name, program type, and occurrence index."
C0462,current,body,missing raw,paper/tables/sec-2-isa-gap.tex,4,"\caption{Hardware idioms and their instruction counts along each path, measured on x86-64 from real JIT dumps and compiler output. The second column names the native instruction on x86-64 / ARM64. Byte swap assumes a \texttt{MOVBE}-capable x86-64. The bulk-copy row is a 64-byte copy between non-overlapping regions.}","instruction counts / rotate example: \caption{Hardware idioms and their instruction counts along each path, measured on x86-64 from real JIT dumps and compiler output. The second column names the native instruction on x86-64 / ARM64. Byte swap assumes a \texttt{MOVBE}-capable x86-64. The bulk-copy row is a 64-byte copy between non-overlapping regions.}",64,,,no raw data in reachable repositories,,,,,paper/figures/sec-3-jit-dump.tex; bpf-benchmark/docs/archive/shared/20260319/llvm_vs_kernel_jit_disasm_analysis_20260319.md (related later dumps),no,,original raw dump not found,,Paper rotate figure names Linux 6.1. March19 dumps are Linux 7.0 rc2 and different whole stress programs; related data do not independently establish the exact illustration/table counts.,declaration or missing evidence; see cause,4,"\caption{Hardware idioms and their instruction counts along each path, measured on x86-64 from real JIT dumps and compiler output. The second column names the native instruction on x86-64 / ARM64. Byte swap assumes a \texttt{MOVBE}-capable x86-64. The bulk-copy row is a 64-byte copy between non-overlapping regions.}"
C0463,current,body,missing raw,paper/tables/sec-2-isa-gap.tex,14,Rotate & \texttt{ROL}/\texttt{ROR} & 1 & 8 & 15 \\,instruction counts / rotate example: Rotate & \texttt{ROL}/\texttt{ROR} & 1 & 8 & 15 \\,1; 8; 15,,,no raw data in reachable repositories,,,,,paper/figures/sec-3-jit-dump.tex; bpf-benchmark/docs/archive/shared/20260319/llvm_vs_kernel_jit_disasm_analysis_20260319.md (related later dumps),no,,original raw dump not found,,Paper rotate figure names Linux 6.1. March19 dumps are Linux 7.0 rc2 and different whole stress programs; related data do not independently establish the exact illustration/table counts.,declaration or missing evidence; see cause,14,Rotate & \texttt{ROL}/\texttt{ROR} & 1 & 8 & 15 \\
C0464,current,body,missing raw,paper/tables/sec-2-isa-gap.tex,15,Multi-byte load & \texttt{MOV}/\texttt{LDR} & 1 & 22 & 22 \\,instruction counts / rotate example: Wide load & \texttt{MOV}/\texttt{LDR} & 1 & 22 & 22 \\,1; 22; 22,,,no raw data in reachable repositories,,,,,paper/figures/sec-3-jit-dump.tex; bpf-benchmark/docs/archive/shared/20260319/llvm_vs_kernel_jit_disasm_analysis_20260319.md (related later dumps),no,,original raw dump not found,,Paper rotate figure names Linux 6.1. March19 dumps are Linux 7.0 rc2 and different whole stress programs; related data do not independently establish the exact illustration/table counts.,declaration or missing evidence; see cause,15,Wide load & \texttt{MOV}/\texttt{LDR} & 1 & 22 & 22 \\
C0465,current,body,missing raw,paper/tables/sec-2-isa-gap.tex,16,Conditional select & \texttt{CMP+CMOV}/\texttt{CMP+CSEL} & 2 & 3 & 4 \\,instruction counts / rotate example: Conditional select & \texttt{CMP+CMOV}/\texttt{CMP+CSEL} & 2 & 3 & 4 \\,2; 3; 4,,,no raw data in reachable repositories,,,,,paper/figures/sec-3-jit-dump.tex; bpf-benchmark/docs/archive/shared/20260319/llvm_vs_kernel_jit_disasm_analysis_20260319.md (related later dumps),no,,original raw dump not found,,Paper rotate figure names Linux 6.1. March19 dumps are Linux 7.0 rc2 and different whole stress programs; related data do not independently establish the exact illustration/table counts.,declaration or missing evidence; see cause,16,Conditional select & \texttt{CMP+CMOV}/\texttt{CMP+CSEL} & 2 & 3 & 4 \\
C0466,current,body,missing raw,paper/tables/sec-2-isa-gap.tex,17,Byte swap & \texttt{MOVBE}/\texttt{REV} & 1 & 2 & 2 \\,instruction counts / rotate example: Byte swap & \texttt{MOVBE}/\texttt{REV} & 1 & 2 & 2 \\,1; 2; 2,,,no raw data in reachable repositories,,,,,paper/figures/sec-3-jit-dump.tex; bpf-benchmark/docs/archive/shared/20260319/llvm_vs_kernel_jit_disasm_analysis_20260319.md (related later dumps),no,,original raw dump not found,,Paper rotate figure names Linux 6.1. March19 dumps are Linux 7.0 rc2 and different whole stress programs; related data do not independently establish the exact illustration/table counts.,declaration or missing evidence; see cause,17,Byte swap & \texttt{MOVBE}/\texttt{REV} & 1 & 2 & 2 \\
C0467,current,body,missing raw,paper/tables/sec-2-isa-gap.tex,18,"Bulk copy (64\,B) & \texttt{MOVUPS}/\texttt{LDP+STP} & 4 & 16 & 16 \\","instruction counts / rotate example: Bulk copy (64\,B) & \texttt{MOVUPS}/\texttt{LDP+STP} & 4 & 16 & 16 \\",64; 4; 16; 16,,,no raw data in reachable repositories,,,,,paper/figures/sec-3-jit-dump.tex; bpf-benchmark/docs/archive/shared/20260319/llvm_vs_kernel_jit_disasm_analysis_20260319.md (related later dumps),no,,original raw dump not found,,Paper rotate figure names Linux 6.1. March19 dumps are Linux 7.0 rc2 and different whole stress programs; related data do not independently establish the exact illustration/table counts.,declaration or missing evidence; see cause,18,"Bulk copy (64\,B) & \texttt{MOVUPS}/\texttt{LDP+STP} & 4 & 16 & 16 \\"
C0471,current,body,empirical,paper/tables/sec-3-micro-summary.tex,4,"\caption{Speedup over the kernel eBPF JIT on the 27 pure-bytecode microbenchmarks, as the geometric mean of median steady-state time. A path counts as faster on a benchmark when it beats the kernel eBPF JIT by more than 2\%.}","measurement/population convention: \caption{Speedup over the kernel eBPF JIT on the 27 pure-bytecode microbenchmarks, as the geometric mean of median steady-state time. A path counts as faster on a benchmark when it beats the kernel eBPF JIT by more than 2\%.}",27; 2,micro/results/x86_kvm_micro_20260526_210952_650695; micro/results/aws_arm64_micro_20260523_091516_610343; micro/results/aws_arm64_micro_20260520_052452_727433,micro/results/x86_kvm_micro_20260526_210952_650695; micro/results/aws_arm64_micro_20260523_091516_610343; micro/results/aws_arm64_micro_20260520_052452_727433,yes,2026-05-26T21:09:52.650695+00:00; 2026-05-23T09:15:16.610343+00:00; 2026-05-20T05:24:52.727433+00:00,x86_kvm_micro; CPU Intel(R) Core(TM) Ultra 9 285K; aws_arm64_micro; CPU aarch64,unknown,completed,bpf-benchmark/docs/archive/shared/plot_micro_characterization_20260527.py; paper-provenance/scripts/plot_characterization_pure_percase.py (older 29-case source; final 27-case/4config generator not retained),no,,inspect raw defaults; ARM characterization userspace run has SAMPLES=1 INNER_REPEAT=10000,,"Other main micro runs have SAMPLES=3, WARMUPS=0, INNER_REPEAT=100000; paper RQ1 caption says three measured samples.",declaration or missing evidence; see cause,4,"\caption{Speedup over the kernel eBPF JIT on the 27 pure-bytecode microbenchmarks, as the geometric mean of median steady-state time. A path counts as faster on a benchmark when it beats the kernel eBPF JIT by more than 2\%.}"
C0488,current,body,figure artifact,paper/figures/sec-3-pure-bytecode-percase.tex,3,\includegraphics[width=\textwidth]{figures/sec-3-4config-percase.pdf},figure file sec-3-4config-percase.pdf,sec-3-4config-percase.pdf,micro/results/x86_kvm_micro_20260526_210952_650695; micro/results/aws_arm64_micro_20260523_091516_610343; micro/results/aws_arm64_micro_20260520_052452_727433,micro/results/x86_kvm_micro_20260526_210952_650695; micro/results/aws_arm64_micro_20260523_091516_610343; micro/results/aws_arm64_micro_20260520_052452_727433,yes,2026-05-26T21:09:52.650695+00:00; 2026-05-23T09:15:16.610343+00:00; 2026-05-20T05:24:52.727433+00:00,x86_kvm_micro; CPU Intel(R) Core(TM) Ultra 9 285K; aws_arm64_micro; CPU aarch64,unknown,completed,bpf-benchmark/docs/archive/shared/plot_micro_characterization_20260527.py; paper-provenance/scripts/plot_characterization_pure_percase.py (older 29-case source; final 27-case/4config generator not retained),no,,traced inputs; final generator limitations stated,,Figure filename date is a rendering date; raw collection dates appear in run_dates.,declaration or missing evidence; see cause,3,\includegraphics[width=\textwidth]{figures/sec-3-4config-percase.pdf}
C0490,current,body,missing raw,paper/figures/sec-3-jit-dump.tex,3,\includegraphics[width=\linewidth]{figures/sec-3-jit-dump-fig.pdf},figure file sec-3-jit-dump-fig.pdf,sec-3-jit-dump-fig.pdf,,,no raw data in reachable repositories,,,,,original Linux 6.1 illustration; original dumps unavailable,no,,original raw data not found,,Figure filename date is a rendering date; raw collection dates appear in run_dates.,declaration or missing evidence; see cause,3,\includegraphics[width=\linewidth]{figures/sec-3-jit-dump-fig.pdf}
C0498,current,body,figure artifact,paper/figures/sec-6-kinsn-micro-rq1.tex,6,\includegraphics[width=\textwidth]{figures/sec-6-x86-kinsn-micro-best-raw-27-20260608.pdf},figure file sec-6-arm64-kinsn-micro-rejit-27-20260608.pdf,sec-6-arm64-kinsn-micro-rejit-27-20260608.pdf,micro/results/aws_arm64_micro_20260606_001225_821028,micro/results/aws_arm64_micro_20260606_001225_821028,yes,2026-06-06T00:12:25.821028+00:00,aws_arm64_micro; CPU aarch64,unknown,completed,bpf-benchmark/docs/archive/shared/plot_arm64_kinsn_micro_20260606.py; paper-provenance/scripts/plot_evaluation_kinsn.py (older 29-case source); bpf-benchmark/docs/artifacts/render_claim_table.py (27-case derivation),no,,traced inputs; final generator limitations stated,,"Figure filename date is a rendering date; raw collection dates appear in run_dates. Final 27-case plot excludes simple/simple_packet; older 29-case versions have geomean 1.208, or selector-unfixed June5 near 1.00.",declaration or missing evidence; see cause,6,\includegraphics[width=\textwidth]{figures/sec-6-x86-kinsn-micro-best-raw-27-20260608.pdf}
C0499,current,body,figure artifact,paper/figures/sec-6-kinsn-micro-rq3.tex,3,\includegraphics[width=\columnwidth]{figures/sec-6-rq3-cilium-katran.pdf},figure file sec-6-rq3-cilium-katran.pdf,sec-6-rq3-cilium-katran.pdf,corpus/results/x86_kvm_corpus_20260604_100557_313063; corpus/results/x86_kvm_corpus_20260604_070210_639497; corpus/results/x86_kvm_corpus_20260605_004607_636479; corpus/results/x86_kvm_corpus_20260604_232313_992341; corpus/results/aws_arm64_corpus_20260605_080836_924256; corpus/results/aws_arm64_corpus_20260605_094729_221231,corpus/results/x86_kvm_corpus_20260604_100557_313063; corpus/results/x86_kvm_corpus_20260604_070210_639497; corpus/results/x86_kvm_corpus_20260605_004607_636479; corpus/results/x86_kvm_corpus_20260604_232313_992341; corpus/results/aws_arm64_corpus_20260605_080836_924256; corpus/results/aws_arm64_corpus_20260605_094729_221231,yes,2026-06-04T10:05:57.313063+00:00; 2026-06-04T07:02:10.639497+00:00; 2026-06-05T00:46:07.636479+00:00; 2026-06-04T23:23:13.992341+00:00; 2026-06-05T08:08:36.924256+00:00; 2026-06-05T09:47:29.221231+00:00,x86_kvm_corpus; CPU not recorded; aws_arm64_corpus; CPU not recorded,not recorded,completed; error,bpf-benchmark/docs/archive/shared/kinsn_eval_20260604.py; bpf-benchmark/kinsn/docs/evaluation.md; paper-provenance/scripts/plot_app_case_studies.py (hard-coded plot inputs),no,,traced inputs; final generator limitations stated,,Figure filename date is a rendering date; raw collection dates appear in run_dates. Active four-point PDF includes both throughput and cost; exact combined-PDF generator is not retained. The historical six-point generator is archived at audit-evidence/plot_rq3_policy_probes-at-5279ee6.py and is a different figure.,declaration or missing evidence; see cause,3,\includegraphics[width=\columnwidth]{figures/sec-6-rq3-cilium-katran.pdf}
C0501,current,body,figure artifact,paper/figures/sec-6-kinsn-micro-rq1.tex,6,\includegraphics[width=\textwidth]{figures/sec-6-x86-kinsn-micro-best-raw-27-20260608.pdf},figure file sec-6-x86-kinsn-micro-best-raw-27-20260608.pdf,sec-6-x86-kinsn-micro-best-raw-27-20260608.pdf,micro/results/x86_kvm_micro_20260519_114214_364050; micro/results/x86_kvm_micro_20260526_210351_224315,micro/results/x86_kvm_micro_20260519_114214_364050; micro/results/x86_kvm_micro_20260526_210351_224315,yes,2026-05-19T11:42:14.364050+00:00; 2026-05-26T21:03:51.224315+00:00,x86_kvm_micro; CPU Intel(R) Core(TM) Ultra 9 285K,unknown,completed,bpf-benchmark/docs/archive/shared/plot_kinsn_micro_20260527.py; paper-provenance/scripts/plot_evaluation_kinsn.py (older 29-case source); bpf-benchmark/docs/artifacts/render_claim_table.py (27-case derivation),no,,traced inputs; final generator limitations stated,,Figure filename date is a rendering date; raw collection dates appear in run_dates. Older x86 29-case plot has geomean 1.215665; final 27-case plot has 1.241736. Updated final-PDF generator is not retained.,declaration or missing evidence; see cause,6,\includegraphics[width=\textwidth]{figures/sec-6-x86-kinsn-micro-best-raw-27-20260608.pdf}
C0506,revision,body,missing raw,paper/revision/tables/sec-6-application-configurations.tex,12,"Cilium & All optimizations & Address calculation, conditional select,\newline bulk memory access, prefetch \\","applied optimization categories: Cilium & All optimizations & Address calculation, conditional select,\newline bulk memory access, prefetch \\",,,,no raw data in reachable repositories,October 2026 rerun; report directory dated 2026-10-03; exact collection dates unavailable,"EC2 c7i.large (x86 Sapphire Rapids) / c7g.large (ARM64 Graviton3), paper-declared",not recorded in reachable evidence,,paper/review/08-camera-ready-eval-issues-2026-10-04.md:15; author-local /Users/ruoji/.../github/bpf-kinsn/paper/revisions/2026-10-03-sec6-rerun/results.md (unreachable),no,,no October EC2 raw data,,"The table asserts generated categories, not just enabled policies; raw transformation reports are required to verify it.",declaration or missing evidence; see cause,12,"Cilium & All optimizations & Address calculation, conditional select,\newline bulk memory access, prefetch \\"
C0507,revision,body,missing raw,paper/revision/tables/sec-6-application-configurations.tex,13,"& Without bulk memory access & Address calculation, conditional select, prefetch \\","applied optimization categories: & Without bulk memory access & Address calculation, conditional select, prefetch \\",,,,no raw data in reachable repositories,October 2026 rerun; report directory dated 2026-10-03; exact collection dates unavailable,"EC2 c7i.large (x86 Sapphire Rapids) / c7g.large (ARM64 Graviton3), paper-declared",not recorded in reachable evidence,,paper/review/08-camera-ready-eval-issues-2026-10-04.md:15; author-local /Users/ruoji/.../github/bpf-kinsn/paper/revisions/2026-10-03-sec6-rerun/results.md (unreachable),no,,no October EC2 raw data,,"The table asserts generated categories, not just enabled policies; raw transformation reports are required to verify it.",declaration or missing evidence; see cause,13,"& Without bulk memory access & Address calculation, conditional select, prefetch \\"
C0508,revision,body,missing raw,paper/revision/tables/sec-6-application-configurations.tex,15,"Katran & Register optimizations & Rotation, bit extraction \\","applied optimization categories: Katran & Register optimizations & Rotation, bit extraction \\",,,,no raw data in reachable repositories,October 2026 rerun; report directory dated 2026-10-03; exact collection dates unavailable,"EC2 c7i.large (x86 Sapphire Rapids) / c7g.large (ARM64 Graviton3), paper-declared",not recorded in reachable evidence,,paper/review/08-camera-ready-eval-issues-2026-10-04.md:15; author-local /Users/ruoji/.../github/bpf-kinsn/paper/revisions/2026-10-03-sec6-rerun/results.md (unreachable),no,,no October EC2 raw data,,"The table asserts generated categories, not just enabled policies; raw transformation reports are required to verify it.",declaration or missing evidence; see cause,15,"Katran & Register optimizations & Rotation, bit extraction \\"
C0509,revision,body,missing raw,paper/revision/tables/sec-6-application-configurations.tex,16,"& Register and memory optimizations & Rotation, bit extraction, big-endian load,\newline bulk memory access, prefetch \\","applied optimization categories: & Register and memory optimizations & Rotation, bit extraction, big-endian load,\newline bulk memory access, prefetch \\",,,,no raw data in reachable repositories,October 2026 rerun; report directory dated 2026-10-03; exact collection dates unavailable,"EC2 c7i.large (x86 Sapphire Rapids) / c7g.large (ARM64 Graviton3), paper-declared",not recorded in reachable evidence,,paper/review/08-camera-ready-eval-issues-2026-10-04.md:15; author-local /Users/ruoji/.../github/bpf-kinsn/paper/revisions/2026-10-03-sec6-rerun/results.md (unreachable),no,,no October EC2 raw data,,"The table asserts generated categories, not just enabled policies; raw transformation reports are required to verify it.",declaration or missing evidence; see cause,16,"& Register and memory optimizations & Rotation, bit extraction, big-endian load,\newline bulk memory access, prefetch \\"
C0510,revision,body,missing raw,paper/revision/sections/6-evaluation.tex,21,"All three paths execute programs through the kernel's \texttt{BPF\_PROG\_TEST\_RUN} interface. We use 12 independent instances per architecture, interleave measurements of the three paths within each instance, and collect ten readings per program and path after warmup. We compare mean execution time per invocation, excluding rewriting and loading.",EC2 micro measurement protocol,12 independent instances per architecture; 10 post-warmup readings per program/path; interleaved,,,no raw data in reachable repositories,October 2026 rerun; report directory dated 2026-10-03; exact collection dates unavailable,"EC2 c7i.large (x86 Sapphire Rapids) / c7g.large (ARM64 Graviton3), paper-declared",not recorded in reachable evidence,,paper/review/08-camera-ready-eval-issues-2026-10-04.md:15; author-local /Users/ruoji/.../github/bpf-kinsn/paper/revisions/2026-10-03-sec6-rerun/results.md (unreachable),no,,no October EC2 raw data,,Protocol declarations are present in the paper; no collection receipts or original configs were located for the revision.,declaration or missing evidence; see cause,21,"All three paths execute programs through the kernel's \texttt{BPF\_PROG\_TEST\_RUN} interface. We use 12 independent instances per architecture, interleave measurements of the three paths within each instance, and collect ten readings per program and path after warmup. We compare mean execution time per invocation, excluding rewriting and loading."
C0511,revision,body,missing raw,paper/revision/sections/6-evaluation.tex,14,"We run x86-64 experiments on EC2 c7i.large instances with Intel Xeon Platinum 8488C processors. The ARM64 experiments use c7g.large instances with AWS Graviton3 processors. Both instance types provide two vCPUs and run our research kernel based on Linux 7.0.0-rc2. Within each architecture, all program configurations use the same kernel and module builds. The microbenchmarks use the programs, inputs, and platforms from \S\ref{sec:characterization}. Application workloads are described in their respective subsections.",EC2 instance capacity and kernel,2 vCPUs; Linux 7.0.0-rc2; c7i.large/c7g.large,,,no raw data in reachable repositories,October 2026 rerun; report directory dated 2026-10-03; exact collection dates unavailable,"EC2 c7i.large (x86 Sapphire Rapids) / c7g.large (ARM64 Graviton3), paper-declared",not recorded in reachable evidence,,paper/review/08-camera-ready-eval-issues-2026-10-04.md:15; author-local /Users/ruoji/.../github/bpf-kinsn/paper/revisions/2026-10-03-sec6-rerun/results.md (unreachable),no,,no October EC2 raw data,,Protocol declarations are present in the paper; no collection receipts or original configs were located for the revision.,declaration or missing evidence; see cause,14,"We run x86-64 experiments on EC2 c7i.large instances with Intel Xeon Platinum 8488C processors. The ARM64 experiments use c7g.large instances with AWS Graviton3 processors. Both instance types provide two vCPUs and run our research kernel based on Linux 7.0.0-rc2. Within each architecture, all program configurations use the same kernel and module builds. The microbenchmarks use the programs, inputs, and platforms from \S\ref{sec:characterization}. Application workloads are described in their respective subsections."
C0512,revision,body,missing raw,paper/revision/sections/6-evaluation.tex,42,"We measure application throughput after the service and datapath are ready, using 12 independent instances per configuration. Each Cilium instance warms up for 180 seconds before three 180-second measurement windows, with the Cilium agent paused during measurement. Katran uses a 30-second warmup followed by three 30-second windows. The main measurements disable BPF runtime statistics and CPU sampling. Throughput is the sum of the rates of packets accepted by the transmitting interface, as reported by the two pktgen threads. We average the three windows within each instance, then aggregate the 12 instance experiments. We compute 95\% confidence intervals for throughput ratios by jointly resampling 12 experiment batches, each containing a separate instance for every configuration.",application aggregation and confidence interval protocol,3 windows/instance; 12 experiment batches; 95% paired-batch bootstrap CI,,,no raw data in reachable repositories,October 2026 rerun; report directory dated 2026-10-03; exact collection dates unavailable,"EC2 c7i.large (x86 Sapphire Rapids) / c7g.large (ARM64 Graviton3), paper-declared",not recorded in reachable evidence,,paper/review/08-camera-ready-eval-issues-2026-10-04.md:15; author-local /Users/ruoji/.../github/bpf-kinsn/paper/revisions/2026-10-03-sec6-rerun/results.md (unreachable),no,,no October EC2 raw data,,Protocol declarations are present in the paper; no collection receipts or original configs were located for the revision.,declaration or missing evidence; see cause,42,"We measure application throughput after the service and datapath are ready, using 12 independent instances per configuration. Each Cilium instance warms up for 180 seconds before three 180-second measurement windows, with the Cilium agent paused during measurement. Katran uses a 30-second warmup followed by three 30-second windows. The main measurements disable BPF runtime statistics and CPU sampling. Throughput is the sum of the rates of packets accepted by the transmitting interface, as reported by the two pktgen threads. We average the three windows within each instance, then aggregate the 12 instance experiments. We compute 95\% confidence intervals for throughput ratios by jointly resampling 12 experiment batches, each containing a separate instance for every configuration."
C0513,revision,body,missing raw,paper/revision/sections/6-evaluation.tex,38,"We test whether these local optimizations improve packet-processing throughput in complete applications. Cilium~\cite{cilium} exercises a network datapath with multiple eBPF programs and tail calls, while Katran~\cite{katran} exercises XDP load balancing. Cilium uses version 1.20.0-dev on x86-64, with bidirectional IPv4 UDP traffic between two endpoints. Katran runs on ARM64, forwarding traffic from one UDP virtual IP address to one backend. Both workloads use 64-byte packets generated by two pktgen threads, each configured with 65,535 flows.",packet generator workload,"64-byte packets; 2 pktgen threads; 65,535 flows/thread",,,no raw data in reachable repositories,October 2026 rerun; report directory dated 2026-10-03; exact collection dates unavailable,"EC2 c7i.large (x86 Sapphire Rapids) / c7g.large (ARM64 Graviton3), paper-declared",not recorded in reachable evidence,,paper/review/08-camera-ready-eval-issues-2026-10-04.md:15; author-local /Users/ruoji/.../github/bpf-kinsn/paper/revisions/2026-10-03-sec6-rerun/results.md (unreachable),no,,no October EC2 raw data,,Protocol declarations are present in the paper; no collection receipts or original configs were located for the revision.,declaration or missing evidence; see cause,38,"We test whether these local optimizations improve packet-processing throughput in complete applications. Cilium~\cite{cilium} exercises a network datapath with multiple eBPF programs and tail calls, while Katran~\cite{katran} exercises XDP load balancing. Cilium uses version 1.20.0-dev on x86-64, with bidirectional IPv4 UDP traffic between two endpoints. Katran runs on ARM64, forwarding traffic from one UDP virtual IP address to one backend. Both workloads use 64-byte packets generated by two pktgen threads, each configured with 65,535 flows."
C0514,revision,body,missing raw,paper/revision/sections/0-abstract.tex,2,"eBPF lets applications execute custom logic in the kernel for tasks such as packet processing and system observability. However, the existing compilation pipeline fails to select efficient implementations available on the target CPU for some computations. Exploiting these opportunities requires existing approaches to trade off native optimization capability against the complexity of trusted code. Bytecode rewriting is constrained by the existing JIT's instruction-selection rules, whereas adding native optimizations requires trusting the corresponding program transformations and code generation. We present \tool, an extensible eBPF compilation framework that enables more efficient native implementations while reusing the existing verifier for safety analysis. The framework identifies optimization opportunities in userspace and selects native implementations provided by the kernel through extended instructions. Each extension describes its behavior using eBPF instructions for safety analysis within the complete program and executes using a semantically equivalent native implementation. We implement seven categories of local optimizations on x86-64 and ARM64. Relative to the stock Linux eBPF JIT, microbenchmarks achieve geometric mean speedups of 1.24$\times$ and 1.22$\times$, respectively. Throughput increases by 7.4\% for Cilium on x86-64 and by 7.3\% for Katran on ARM64.",implemented category count,7,,,no raw data in reachable repositories,October 2026 rerun; report directory dated 2026-10-03; exact collection dates unavailable,"EC2 c7i.large (x86 Sapphire Rapids) / c7g.large (ARM64 Graviton3), paper-declared",not recorded in reachable evidence,,paper/review/08-camera-ready-eval-issues-2026-10-04.md:15; author-local /Users/ruoji/.../github/bpf-kinsn/paper/revisions/2026-10-03-sec6-rerun/results.md (unreachable),no,,no October EC2 raw data,,Protocol declarations are present in the paper; no collection receipts or original configs were located for the revision.,declaration or missing evidence; see cause,2,"eBPF lets applications execute custom logic in the kernel for tasks such as packet processing and system observability. However, the existing compilation pipeline fails to select efficient implementations available on the target CPU for some computations. Exploiting these opportunities requires existing approaches to trade off native optimization capability against the complexity of trusted code. Bytecode rewriting is constrained by the existing JIT's instruction-selection rules, whereas adding native optimizations requires trusting the corresponding program transformations and code generation. We present \tool, an extensible eBPF compilation framework that enables more efficient native implementations while reusing the existing verifier for safety analysis. The framework identifies optimization opportunities in userspace and selects native implementations provided by the kernel through extended instructions. Each extension describes its behavior using eBPF instructions for safety analysis within the complete program and executes using a semantically equivalent native implementation. We implement seven categories of local optimizations on x86-64 and ARM64. Relative to the stock Linux eBPF JIT, microbenchmarks achieve geometric mean speedups of 1.24$\times$ and 1.22$\times$, respectively. Throughput increases by 7.4\% for Cilium on x86-64 and by 7.3\% for Katran on ARM64."
C0515,revision,body,missing raw,paper/revision/sections/1-introduction.tex,14,"We implement \tool in Linux for x86-64 and ARM64, using kernel modules to provide seven categories of local optimizations involving computation, control flow, and memory access. With the stock Linux eBPF JIT as the baseline, the geometric mean microbenchmark speedups on the two architectures are 1.24$\times$ and 1.22$\times$, respectively. Throughput increases by 7.4\% for Cilium on x86-64 and by 7.3\% for Katran on ARM64. These results show that the framework's local optimizations improve the execution efficiency of computational microbenchmarks and the packet processing throughput of real applications.",implemented category count,7,,,no raw data in reachable repositories,October 2026 rerun; report directory dated 2026-10-03; exact collection dates unavailable,"EC2 c7i.large (x86 Sapphire Rapids) / c7g.large (ARM64 Graviton3), paper-declared",not recorded in reachable evidence,,paper/review/08-camera-ready-eval-issues-2026-10-04.md:15; author-local /Users/ruoji/.../github/bpf-kinsn/paper/revisions/2026-10-03-sec6-rerun/results.md (unreachable),no,,no October EC2 raw data,,Protocol declarations are present in the paper; no collection receipts or original configs were located for the revision.,declaration or missing evidence; see cause,14,"We implement \tool in Linux for x86-64 and ARM64, using kernel modules to provide seven categories of local optimizations involving computation, control flow, and memory access. With the stock Linux eBPF JIT as the baseline, the geometric mean microbenchmark speedups on the two architectures are 1.24$\times$ and 1.22$\times$, respectively. Throughput increases by 7.4\% for Cilium on x86-64 and by 7.3\% for Katran on ARM64. These results show that the framework's local optimizations improve the execution efficiency of computational microbenchmarks and the packet processing throughput of real applications."
C0516,revision,body,empirical,paper/revision/tables/sec-3-microbenchmarks.tex,4,\caption{Computational microbenchmarks used in Figure~\ref{fig:char-pure-percase}. The \texttt{cksum} and \texttt{tc\_cksum} programs perform the same computation with different eBPF program types.},27 named computation programs and descriptions,27,micro/results/x86_kvm_micro_20260526_210952_650695,micro/results/x86_kvm_micro_20260526_210952_650695,yes,2026-05-26T21:09:52.650695+00:00,x86_kvm_micro; CPU Intel(R) Core(TM) Ultra 9 285K,unknown,completed,bpf-benchmark/micro/programs/*.bpf.c; paper-provenance/scripts/plot_characterization_pure_percase.py,no,,no October EC2 raw data,29-name suite excluding simple/simple_packet; abbreviations map to 27 computation sources,"This verifies the workload list only, not the revision EC2 timings or upstream extraction provenance.",declaration or missing evidence; see cause,4,\caption{Computational microbenchmarks used in Figure~\ref{fig:char-pure-percase}. The \texttt{cksum} and \texttt{tc\_cksum} programs perform the same computation with different eBPF program types.}
S0467,current,body or retained table,source declaration,paper/sections/1-introduction.tex,90,\note{[zhengjie: breaking the logic. consider moving to para 1]},numerical source line: \note{[zhengjie: breaking the logic. consider moving to para 1]},1,,,,,,,,,no,,source declaration; not independently measured,,"Preserved source values; instruction definitions/layout/version numerals are not benchmark measurements. Implementation LOC counts require the historical patch/base revisions, which are not recorded here.",source reproduction only,,
S0468,current,body or retained table,source declaration,paper/sections/1-introduction.tex,117,"\note{[zhengjie:1. not coherent with the prev \& next sentence 2. similar to abstract, *new operation* is not clearly defined]}","numerical source line: \note{[zhengjie:1. not coherent with the prev \& next sentence 2. similar to abstract, *new operation* is not clearly defined]}",1; 2,,,,,,,,,no,,source declaration; not independently measured,,"Preserved source values; instruction definitions/layout/version numerals are not benchmark measurements. Implementation LOC counts require the historical patch/base revisions, which are not recorded here.",source reproduction only,,
S0469,current,body or retained table,source declaration,paper/sections/2-background.tex,81,"The analysis proceeds opcode by opcode, over the 123 opcodes the instruction set defines~\cite{rfc9669}.","numerical source line: The analysis proceeds opcode by opcode, over the 123 opcodes the instruction set defines~\cite{rfc9669}.",123,,,,,,,,,no,,source declaration; not independently measured,,"Preserved source values; instruction definitions/layout/version numerals are not benchmark measurements. Implementation LOC counts require the historical patch/base revisions, which are not recorded here.",source reproduction only,,
S0470,current,body or retained table,source declaration,paper/sections/2-background.tex,100,"Translation proceeds one opcode at a time, with the eBPF registers \texttt{r0}--\texttt{r10} mapped to fixed native registers.","numerical source line: Translation proceeds one opcode at a time, with the eBPF registers \texttt{r0}--\texttt{r10} mapped to fixed native registers.",0,,,,,,,,,no,,source declaration; not independently measured,,"Preserved source values; instruction definitions/layout/version numerals are not benchmark measurements. Implementation LOC counts require the historical patch/base revisions, which are not recorded here.",source reproduction only,,
S0471,current,body or retained table,source declaration,paper/sections/3-characterization.tex,115,The gap is consistent: native code beats the kernel JIT by more than 2\% on 25 of the 27 benchmarks on x86-64 and on all 27 on ARM64.,numerical source line: The gap is consistent: native code beats the kernel JIT by more than 2\% on 25 of the 27 benchmarks on x86-64 and on all 27 on ARM64.,2; 25; 27; 27,,,,,,,,,no,,source declaration; not independently measured,,"Preserved source values; instruction definitions/layout/version numerals are not benchmark measurements. Implementation LOC counts require the historical patch/base revisions, which are not recorded here.",source reproduction only,,
S0472,current,body or retained table,source declaration,paper/sections/3-characterization.tex,253,Code size shows the cost across all 27 benchmarks.,numerical source line: Code size shows the cost across all 27 benchmarks.,27,,,,,,,,,no,,source declaration; not independently measured,,"Preserved source values; instruction definitions/layout/version numerals are not benchmark measurements. Implementation LOC counts require the historical patch/base revisions, which are not recorded here.",source reproduction only,,
S0473,current,body or retained table,source declaration,paper/sections/4-bpfext.tex,118,\definecolor{evoink}{HTML}{17365D},numerical source line: \definecolor{evoink}{HTML}{17365D},17365,,,,,,,,,no,,source declaration; not independently measured,,"Preserved source values; instruction definitions/layout/version numerals are not benchmark measurements. Implementation LOC counts require the historical patch/base revisions, which are not recorded here.",source reproduction only,,
S0474,current,body or retained table,source declaration,paper/sections/4-bpfext.tex,120,\definecolor{evoedge}{HTML}{506C8B},numerical source line: \definecolor{evoedge}{HTML}{506C8B},506,,,,,,,,,no,,source declaration; not independently measured,,"Preserved source values; instruction definitions/layout/version numerals are not benchmark measurements. Implementation LOC counts require the historical patch/base revisions, which are not recorded here.",source reproduction only,,
S0475,current,body or retained table,source declaration,paper/sections/4-bpfext.tex,123,\definecolor{evobaseline}{HTML}{B56A00},numerical source line: \definecolor{evobaseline}{HTML}{B56A00},6; 0,,,,,,,,,no,,source declaration; not independently measured,,"Preserved source values; instruction definitions/layout/version numerals are not benchmark measurements. Implementation LOC counts require the historical patch/base revisions, which are not recorded here.",source reproduction only,,
S0476,current,body or retained table,source declaration,paper/sections/4-bpfext.tex,125,"x=1cm,y=1cm,font=\sffamily\fontsize{8.5}{10}\selectfont,","numerical source line: x=1cm,y=1cm,font=\sffamily\fontsize{8.5}{10}\selectfont,",1; 1; 8.5; 10,,,,,,,,,no,,source declaration; not independently measured,,"Preserved source values; instruction definitions/layout/version numerals are not benchmark measurements. Implementation LOC counts require the historical patch/base revisions, which are not recorded here.",source reproduction only,,
S0477,current,body or retained table,source declaration,paper/sections/4-bpfext.tex,126,"code/.style={anchor=west,font=\ttfamily\fontsize{8}{10}\selectfont,inner sep=0pt},","numerical source line: code/.style={anchor=west,font=\ttfamily\fontsize{8}{10}\selectfont,inner sep=0pt},",8; 10; 0,,,,,,,,,no,,source declaration; not independently measured,,"Preserved source values; instruction definitions/layout/version numerals are not benchmark measurements. Implementation LOC counts require the historical patch/base revisions, which are not recorded here.",source reproduction only,,
S0478,current,body or retained table,source declaration,paper/sections/4-bpfext.tex,127,"slot/.style={anchor=west,font=\sffamily\fontsize{7.5}{9}\selectfont,inner sep=0pt,text=evoink},","numerical source line: slot/.style={anchor=west,font=\sffamily\fontsize{7.5}{9}\selectfont,inner sep=0pt,text=evoink},",7.5; 9; 0,,,,,,,,,no,,source declaration; not independently measured,,"Preserved source values; instruction definitions/layout/version numerals are not benchmark measurements. Implementation LOC counts require the historical patch/base revisions, which are not recorded here.",source reproduction only,,
S0479,current,body or retained table,source declaration,paper/sections/4-bpfext.tex,128,"component/.style={draw,line width=.55pt,fill=evoblue,minimum width=2.20cm,minimum height=1.20cm,text width=1.94cm,align=center,inner xsep=1.3mm,inner ysep=.8mm,outer sep=0pt},","numerical source line: component/.style={draw,line width=.55pt,fill=evoblue,minimum width=2.20cm,minimum height=1.20cm,text width=1.94cm,align=center,inner xsep=1.3mm,inner ysep=.8mm,outer sep=0pt},",55; 2.20; 1.20; 1.94; 1.3; 8; 0,,,,,,,,,no,,source declaration; not independently measured,,"Preserved source values; instruction definitions/layout/version numerals are not benchmark measurements. Implementation LOC counts require the historical patch/base revisions, which are not recorded here.",source reproduction only,,
S0480,current,body or retained table,source declaration,paper/sections/4-bpfext.tex,129,"stepdot/.style={circle,fill=evoink,draw=evoink,minimum size=2.2mm,inner sep=0pt,outer sep=0pt},","numerical source line: stepdot/.style={circle,fill=evoink,draw=evoink,minimum size=2.2mm,inner sep=0pt,outer sep=0pt},",2.2; 0; 0,,,,,,,,,no,,source declaration; not independently measured,,"Preserved source values; instruction definitions/layout/version numerals are not benchmark measurements. Implementation LOC counts require the historical patch/base revisions, which are not recorded here.",source reproduction only,,
S0481,current,body or retained table,source declaration,paper/sections/4-bpfext.tex,130,"flow/.style={-{Stealth[length=1.4mm,width=1mm]},line width=.75pt,shorten <=.45mm,shorten >=.45mm},","numerical source line: flow/.style={-{Stealth[length=1.4mm,width=1mm]},line width=.75pt,shorten <=.45mm,shorten >=.45mm},",1.4; 1; 75; 45; 45,,,,,,,,,no,,source declaration; not independently measured,,"Preserved source values; instruction definitions/layout/version numerals are not benchmark measurements. Implementation LOC counts require the historical patch/base revisions, which are not recorded here.",source reproduction only,,
S0482,current,body or retained table,source declaration,paper/sections/4-bpfext.tex,131,"originalflow/.style={flow,draw=evobaseline,dash pattern=on 5pt off 3pt},","numerical source line: originalflow/.style={flow,draw=evobaseline,dash pattern=on 5pt off 3pt},",5; 3,,,,,,,,,no,,source declaration; not independently measured,,"Preserved source values; instruction definitions/layout/version numerals are not benchmark measurements. Implementation LOC counts require the historical patch/base revisions, which are not recorded here.",source reproduction only,,
S0483,current,body or retained table,source declaration,paper/sections/4-bpfext.tex,132,"extendedflow/.style={flow,draw=evoink,line width=.85pt},","numerical source line: extendedflow/.style={flow,draw=evoink,line width=.85pt},",85,,,,,,,,,no,,source declaration; not independently measured,,"Preserved source values; instruction definitions/layout/version numerals are not benchmark measurements. Implementation LOC counts require the historical patch/base revisions, which are not recorded here.",source reproduction only,,
S0484,current,body or retained table,source declaration,paper/sections/4-bpfext.tex,133,"callarrow/.style={flow,draw=evoink,line width=.55pt,line cap=round,dash pattern=on .5pt off 2.2pt},","numerical source line: callarrow/.style={flow,draw=evoink,line width=.55pt,line cap=round,dash pattern=on .5pt off 2.2pt},",55; 5; 2.2,,,,,,,,,no,,source declaration; not independently measured,,"Preserved source values; instruction definitions/layout/version numerals are not benchmark measurements. Implementation LOC counts require the historical patch/base revisions, which are not recorded here.",source reproduction only,,
S0485,current,body or retained table,source declaration,paper/sections/4-bpfext.tex,134,"resultarrow/.style={flow,draw=evoink,line width=.55pt},","numerical source line: resultarrow/.style={flow,draw=evoink,line width=.55pt},",55,,,,,,,,,no,,source declaration; not independently measured,,"Preserved source values; instruction definitions/layout/version numerals are not benchmark measurements. Implementation LOC counts require the historical patch/base revisions, which are not recorded here.",source reproduction only,,
S0486,current,body or retained table,source declaration,paper/sections/4-bpfext.tex,135,"edgelabel/.style={font=\sffamily\fontsize{8}{9}\selectfont,text=evoink,align=center,inner sep=0pt},","numerical source line: edgelabel/.style={font=\sffamily\fontsize{8}{9}\selectfont,text=evoink,align=center,inner sep=0pt},",8; 9; 0,,,,,,,,,no,,source declaration; not independently measured,,"Preserved source values; instruction definitions/layout/version numerals are not benchmark measurements. Implementation LOC counts require the historical patch/base revisions, which are not recorded here.",source reproduction only,,
S0487,current,body or retained table,source declaration,paper/sections/4-bpfext.tex,136,"regionlabel/.style={font=\sffamily\bfseries\fontsize{8.5}{10}\selectfont,inner sep=0pt},","numerical source line: regionlabel/.style={font=\sffamily\bfseries\fontsize{8.5}{10}\selectfont,inner sep=0pt},",8.5; 10; 0,,,,,,,,,no,,source declaration; not independently measured,,"Preserved source values; instruction definitions/layout/version numerals are not benchmark measurements. Implementation LOC counts require the historical patch/base revisions, which are not recorded here.",source reproduction only,,
S0488,current,body or retained table,source declaration,paper/sections/4-bpfext.tex,137,"productnumber/.style={circle,draw=black!75,fill=white,line width=.5pt,minimum size=3.5mm,inner sep=0pt,outer sep=0pt,font=\sffamily\fontsize{7.5}{8}\selectfont},","numerical source line: productnumber/.style={circle,draw=black!75,fill=white,line width=.5pt,minimum size=3.5mm,inner sep=0pt,outer sep=0pt,font=\sffamily\fontsize{7.5}{8}\selectfont},","75,; 5; 3.5; 0; 0; 7.5; 8",,,,,,,,,no,,source declaration; not independently measured,,"Preserved source values; instruction definitions/layout/version numerals are not benchmark measurements. Implementation LOC counts require the historical patch/base revisions, which are not recorded here.",source reproduction only,,
S0489,current,body or retained table,source declaration,paper/sections/4-bpfext.tex,138,"panelheading/.style={anchor=west,align=left,inner sep=0pt,font=\sffamily\fontsize{8}{10}\selectfont}","numerical source line: panelheading/.style={anchor=west,align=left,inner sep=0pt,font=\sffamily\fontsize{8}{10}\selectfont}",0; 8; 10,,,,,,,,,no,,source declaration; not independently measured,,"Preserved source values; instruction definitions/layout/version numerals are not benchmark measurements. Implementation LOC counts require the historical patch/base revisions, which are not recorded here.",source reproduction only,,
S0490,current,body or retained table,source declaration,paper/sections/4-bpfext.tex,140,"\path[use as bounding box] (0,0) rectangle (17.5,10.90);","numerical source line: \path[use as bounding box] (0,0) rectangle (17.5,10.90);","0,0; 17.5; 10.90",,,,,,,,,no,,source declaration; not independently measured,,"Preserved source values; instruction definitions/layout/version numerals are not benchmark measurements. Implementation LOC counts require the historical patch/base revisions, which are not recorded here.",source reproduction only,,
S0491,current,body or retained table,source declaration,paper/sections/4-bpfext.tex,141,"\draw[draw=evoedge,fill=evogreen,line width=.55pt] (3.10,5.15) rectangle (12.30,8.30);","numerical source line: \draw[draw=evoedge,fill=evogreen,line width=.55pt] (3.10,5.15) rectangle (12.30,8.30);",55; 3.10; 5.15; 12.30; 8.30,,,,,,,,,no,,source declaration; not independently measured,,"Preserved source values; instruction definitions/layout/version numerals are not benchmark measurements. Implementation LOC counts require the historical patch/base revisions, which are not recorded here.",source reproduction only,,
S0492,current,body or retained table,source declaration,paper/sections/4-bpfext.tex,142,"\node[regionlabel] at (7.70,5.475) {BPF-Ext};","numerical source line: \node[regionlabel] at (7.70,5.475) {BPF-Ext};",7.70; 5.475,,,,,,,,,no,,source declaration; not independently measured,,"Preserved source values; instruction definitions/layout/version numerals are not benchmark measurements. Implementation LOC counts require the historical patch/base revisions, which are not recorded here.",source reproduction only,,
S0493,current,body or retained table,source declaration,paper/sections/4-bpfext.tex,143,"\draw[draw=evoedge,fill=white,line width=.5pt] (6.45,5.80) rectangle (11.95,7.95);","numerical source line: \draw[draw=evoedge,fill=white,line width=.5pt] (6.45,5.80) rectangle (11.95,7.95);",5; 6.45; 5.80; 11.95; 7.95,,,,,,,,,no,,source declaration; not independently measured,,"Preserved source values; instruction definitions/layout/version numerals are not benchmark measurements. Implementation LOC counts require the historical patch/base revisions, which are not recorded here.",source reproduction only,,
S0494,current,body or retained table,source declaration,paper/sections/4-bpfext.tex,144,"\node[regionlabel] at (9.20,6.10) {Kernel modules};","numerical source line: \node[regionlabel] at (9.20,6.10) {Kernel modules};",9.20; 6.10,,,,,,,,,no,,source declaration; not independently measured,,"Preserved source values; instruction definitions/layout/version numerals are not benchmark measurements. Implementation LOC counts require the historical patch/base revisions, which are not recorded here.",source reproduction only,,
S0495,current,body or retained table,source declaration,paper/sections/4-bpfext.tex,145,"\draw[black!55,line width=.55pt,dash pattern=on 2pt off 2pt] (6.10,4.95) -- (6.10,10.85);","numerical source line: \draw[black!55,line width=.55pt,dash pattern=on 2pt off 2pt] (6.10,4.95) -- (6.10,10.85);","55,; 55; 2; 2; 6.10; 4.95; 6.10; 10.85",,,,,,,,,no,,source declaration; not independently measured,,"Preserved source values; instruction definitions/layout/version numerals are not benchmark measurements. Implementation LOC counts require the historical patch/base revisions, which are not recorded here.",source reproduction only,,
S0496,current,body or retained table,source declaration,paper/sections/4-bpfext.tex,146,"\node[regionlabel,anchor=base east] at (5.88,10.60) {User space};","numerical source line: \node[regionlabel,anchor=base east] at (5.88,10.60) {User space};",5.88; 10.60,,,,,,,,,no,,source declaration; not independently measured,,"Preserved source values; instruction definitions/layout/version numerals are not benchmark measurements. Implementation LOC counts require the historical patch/base revisions, which are not recorded here.",source reproduction only,,
S0497,current,body or retained table,source declaration,paper/sections/4-bpfext.tex,147,"\node[regionlabel,anchor=base west] at (6.32,10.60) {Kernel};","numerical source line: \node[regionlabel,anchor=base west] at (6.32,10.60) {Kernel};",6.32; 10.60,,,,,,,,,no,,source declaration; not independently measured,,"Preserved source values; instruction definitions/layout/version numerals are not benchmark measurements. Implementation LOC counts require the historical patch/base revisions, which are not recorded here.",source reproduction only,,
S0498,current,body or retained table,source declaration,paper/sections/4-bpfext.tex,148,"\node[component,fill=evopurple] (clang) at (2.25,9.375) {Clang};","numerical source line: \node[component,fill=evopurple] (clang) at (2.25,9.375) {Clang};",2.25; 9.375,,,,,,,,,no,,source declaration; not independently measured,,"Preserved source values; instruction definitions/layout/version numerals are not benchmark measurements. Implementation LOC counts require the historical patch/base revisions, which are not recorded here.",source reproduction only,,
S0499,current,body or retained table,source declaration,paper/sections/4-bpfext.tex,149,"\node[component] (verifier) at (10.50,9.375) {eBPF verifier};","numerical source line: \node[component] (verifier) at (10.50,9.375) {eBPF verifier};",10.50; 9.375,,,,,,,,,no,,source declaration; not independently measured,,"Preserved source values; instruction definitions/layout/version numerals are not benchmark measurements. Implementation LOC counts require the historical patch/base revisions, which are not recorded here.",source reproduction only,,
S0500,current,body or retained table,source declaration,paper/sections/4-bpfext.tex,150,"\node[component,draw=evoedge,line width=.8pt] (jit) at (14.90,9.375) {eBPF JIT};","numerical source line: \node[component,draw=evoedge,line width=.8pt] (jit) at (14.90,9.375) {eBPF JIT};",8; 14.90; 9.375,,,,,,,,,no,,source declaration; not independently measured,,"Preserved source values; instruction definitions/layout/version numerals are not benchmark measurements. Implementation LOC counts require the historical patch/base revisions, which are not recorded here.",source reproduction only,,
S0501,current,body or retained table,source declaration,paper/sections/4-bpfext.tex,151,"\node[component,draw=evoedge,fill=white] (recognizer) at (4.55,7.00) {Compile-time\\recognizer};","numerical source line: \node[component,draw=evoedge,fill=white] (recognizer) at (4.55,7.00) {Compile-time\\recognizer};",4.55; 7.00,,,,,,,,,no,,source declaration; not independently measured,,"Preserved source values; instruction definitions/layout/version numerals are not benchmark measurements. Implementation LOC counts require the historical patch/base revisions, which are not recorded here.",source reproduction only,,
S0502,current,body or retained table,source declaration,paper/sections/4-bpfext.tex,152,"\node[component,fill=white] (expansion) at (7.90,7.00) {Proof\\sequence};","numerical source line: \node[component,fill=white] (expansion) at (7.90,7.00) {Proof\\sequence};",7.90; 7.00,,,,,,,,,no,,source declaration; not independently measured,,"Preserved source values; instruction definitions/layout/version numerals are not benchmark measurements. Implementation LOC counts require the historical patch/base revisions, which are not recorded here.",source reproduction only,,
S0503,current,body or retained table,source declaration,paper/sections/4-bpfext.tex,153,"\node[component,fill=white] (emitter) at (10.50,7.00) {Native\\emit};","numerical source line: \node[component,fill=white] (emitter) at (10.50,7.00) {Native\\emit};",10.50; 7.00,,,,,,,,,no,,source declaration; not independently measured,,"Preserved source values; instruction definitions/layout/version numerals are not benchmark measurements. Implementation LOC counts require the historical patch/base revisions, which are not recorded here.",source reproduction only,,
S0504,current,body or retained table,source declaration,paper/sections/4-bpfext.tex,154,"\foreach \name/\x/\y in {source/.50/9.375,originalnative/17.25/9.75} {","numerical source line: \foreach \name/\x/\y in {source/.50/9.375,originalnative/17.25/9.75} {",50; 9.375; 17.25; 9.75,,,,,,,,,no,,source declaration; not independently measured,,"Preserved source values; instruction definitions/layout/version numerals are not benchmark measurements. Implementation LOC counts require the historical patch/base revisions, which are not recorded here.",source reproduction only,,
S0505,current,body or retained table,source declaration,paper/sections/4-bpfext.tex,156,"\draw[fill=white,line width=.55pt] ($(\name)+(-.25,-.35)$) -- ($(\name)+(.25,-.35)$) -- ($(\name)+(.25,.18)$) -- ($(\name)+(.08,.35)$) -- ($(\name)+(-.25,.35)$) -- cycle;","numerical source line: \draw[fill=white,line width=.55pt] ($(\name)+(-.25,-.35)$) -- ($(\name)+(.25,-.35)$) -- ($(\name)+(.25,.18)$) -- ($(\name)+(.08,.35)$) -- ($(\name)+(-.25,.35)$) -- cycle;","55; 25,; 35; 25,; 35; 25,.18; 08,.35; 25,.35",,,,,,,,,no,,source declaration; not independently measured,,"Preserved source values; instruction definitions/layout/version numerals are not benchmark measurements. Implementation LOC counts require the historical patch/base revisions, which are not recorded here.",source reproduction only,,
S0506,current,body or retained table,source declaration,paper/sections/4-bpfext.tex,157,"\draw[line width=.55pt] ($(\name)+(.08,.35)$) -- ($(\name)+(.08,.18)$) -- ($(\name)+(.25,.18)$);","numerical source line: \draw[line width=.55pt] ($(\name)+(.08,.35)$) -- ($(\name)+(.08,.18)$) -- ($(\name)+(.25,.18)$);","55; 08,.35; 08,.18; 25,.18",,,,,,,,,no,,source declaration; not independently measured,,"Preserved source values; instruction definitions/layout/version numerals are not benchmark measurements. Implementation LOC counts require the historical patch/base revisions, which are not recorded here.",source reproduction only,,
S0507,current,body or retained table,source declaration,paper/sections/4-bpfext.tex,158,"\node[font=\ttfamily\bfseries\fontsize{6.5}{6.5}\selectfont,inner sep=0pt] at ($(\name)+(0,-.06)$) {</>};","numerical source line: \node[font=\ttfamily\bfseries\fontsize{6.5}{6.5}\selectfont,inner sep=0pt] at ($(\name)+(0,-.06)$) {</>};","6.5; 6.5; 0; 0,; 06",,,,,,,,,no,,source declaration; not independently measured,,"Preserved source values; instruction definitions/layout/version numerals are not benchmark measurements. Implementation LOC counts require the historical patch/base revisions, which are not recorded here.",source reproduction only,,
S0508,current,body or retained table,source declaration,paper/sections/4-bpfext.tex,160,"\node[font=\sffamily\fontsize{8}{9}\selectfont,inner sep=0pt,anchor=north,text width=1.0cm,align=center] at (.50,8.78) {Source\\code};","numerical source line: \node[font=\sffamily\fontsize{8}{9}\selectfont,inner sep=0pt,anchor=north,text width=1.0cm,align=center] at (.50,8.78) {Source\\code};","8; 9; 0; 1.0; 50,8.78",,,,,,,,,no,,source declaration; not independently measured,,"Preserved source values; instruction definitions/layout/version numerals are not benchmark measurements. Implementation LOC counts require the historical patch/base revisions, which are not recorded here.",source reproduction only,,
S0509,current,body or retained table,source declaration,paper/sections/4-bpfext.tex,161,"\node[font=\sffamily\fontsize{8}{9}\selectfont,inner sep=0pt,anchor=south east,text=evobaseline] at (17.50,10.30) {Native code};","numerical source line: \node[font=\sffamily\fontsize{8}{9}\selectfont,inner sep=0pt,anchor=south east,text=evobaseline] at (17.50,10.30) {Native code};",8; 9; 0; 17.50; 10.30,,,,,,,,,no,,source declaration; not independently measured,,"Preserved source values; instruction definitions/layout/version numerals are not benchmark measurements. Implementation LOC counts require the historical patch/base revisions, which are not recorded here.",source reproduction only,,
S0510,current,body or retained table,source declaration,paper/sections/4-bpfext.tex,162,"\foreach \x/\n in {3.95/1,5.15/2,8.65/3,13.05/4,17.30/5} {","numerical source line: \foreach \x/\n in {3.95/1,5.15/2,8.65/3,13.05/4,17.30/5} {","3.95; 1,5.15; 2,8.65; 3,13.05; 4,17.30; 5",,,,,,,,,no,,source declaration; not independently measured,,"Preserved source values; instruction definitions/layout/version numerals are not benchmark measurements. Implementation LOC counts require the historical patch/base revisions, which are not recorded here.",source reproduction only,,
S0511,current,body or retained table,source declaration,paper/sections/4-bpfext.tex,163,"\node[productnumber] (p\n) at (\x,9.00) {\n};","numerical source line: \node[productnumber] (p\n) at (\x,9.00) {\n};",9.00,,,,,,,,,no,,source declaration; not independently measured,,"Preserved source values; instruction definitions/layout/version numerals are not benchmark measurements. Implementation LOC counts require the historical patch/base revisions, which are not recorded here.",source reproduction only,,
S0512,current,body or retained table,source declaration,paper/sections/4-bpfext.tex,165,"\node[stepdot] (expandstep) at (7.90,9.00) {};","numerical source line: \node[stepdot] (expandstep) at (7.90,9.00) {};",7.90; 9.00,,,,,,,,,no,,source declaration; not independently measured,,"Preserved source values; instruction definitions/layout/version numerals are not benchmark measurements. Implementation LOC counts require the historical patch/base revisions, which are not recorded here.",source reproduction only,,
S0513,current,body or retained table,source declaration,paper/sections/4-bpfext.tex,166,"\node[stepdot] (restorestep) at (12.30,9.00) {};","numerical source line: \node[stepdot] (restorestep) at (12.30,9.00) {};",12.30; 9.00,,,,,,,,,no,,source declaration; not independently measured,,"Preserved source values; instruction definitions/layout/version numerals are not benchmark measurements. Implementation LOC counts require the historical patch/base revisions, which are not recorded here.",source reproduction only,,
S0514,current,body or retained table,source declaration,paper/sections/4-bpfext.tex,167,"\draw[flow] (.75,9.375) -- (clang.west);","numerical source line: \draw[flow] (.75,9.375) -- (clang.west);","75,9.375",,,,,,,,,no,,source declaration; not independently measured,,"Preserved source values; instruction definitions/layout/version numerals are not benchmark measurements. Implementation LOC counts require the historical patch/base revisions, which are not recorded here.",source reproduction only,,
S0515,current,body or retained table,source declaration,paper/sections/4-bpfext.tex,168,"\draw[originalflow] (3.35,9.75) -- (9.40,9.75);","numerical source line: \draw[originalflow] (3.35,9.75) -- (9.40,9.75);",3.35; 9.75; 9.40; 9.75,,,,,,,,,no,,source declaration; not independently measured,,"Preserved source values; instruction definitions/layout/version numerals are not benchmark measurements. Implementation LOC counts require the historical patch/base revisions, which are not recorded here.",source reproduction only,,
S0516,current,body or retained table,source declaration,paper/sections/4-bpfext.tex,169,"\draw[originalflow] (11.60,9.75) -- (13.80,9.75);","numerical source line: \draw[originalflow] (11.60,9.75) -- (13.80,9.75);",11.60; 9.75; 13.80; 9.75,,,,,,,,,no,,source declaration; not independently measured,,"Preserved source values; instruction definitions/layout/version numerals are not benchmark measurements. Implementation LOC counts require the historical patch/base revisions, which are not recorded here.",source reproduction only,,
S0517,current,body or retained table,source declaration,paper/sections/4-bpfext.tex,170,"\draw[originalflow] (16.00,9.75) -- (17.00,9.75);","numerical source line: \draw[originalflow] (16.00,9.75) -- (17.00,9.75);",16.00; 9.75; 17.00; 9.75,,,,,,,,,no,,source declaration; not independently measured,,"Preserved source values; instruction definitions/layout/version numerals are not benchmark measurements. Implementation LOC counts require the historical patch/base revisions, which are not recorded here.",source reproduction only,,
S0518,current,body or retained table,source declaration,paper/sections/4-bpfext.tex,171,"\draw[extendedflow] (3.35,9.00) -- (p1.west);","numerical source line: \draw[extendedflow] (3.35,9.00) -- (p1.west);",3.35; 9.00,,,,,,,,,no,,source declaration; not independently measured,,"Preserved source values; instruction definitions/layout/version numerals are not benchmark measurements. Implementation LOC counts require the historical patch/base revisions, which are not recorded here.",source reproduction only,,
S0519,current,body or retained table,source declaration,paper/sections/4-bpfext.tex,172,"\draw[extendedflow] (p1.south) -- (3.95,7.60);","numerical source line: \draw[extendedflow] (p1.south) -- (3.95,7.60);",3.95; 7.60,,,,,,,,,no,,source declaration; not independently measured,,"Preserved source values; instruction definitions/layout/version numerals are not benchmark measurements. Implementation LOC counts require the historical patch/base revisions, which are not recorded here.",source reproduction only,,
S0520,current,body or retained table,source declaration,paper/sections/4-bpfext.tex,173,"\draw[extendedflow] (5.15,7.60) -- (p2.south);","numerical source line: \draw[extendedflow] (5.15,7.60) -- (p2.south);",5.15; 7.60,,,,,,,,,no,,source declaration; not independently measured,,"Preserved source values; instruction definitions/layout/version numerals are not benchmark measurements. Implementation LOC counts require the historical patch/base revisions, which are not recorded here.",source reproduction only,,
S0521,current,body or retained table,source declaration,paper/sections/4-bpfext.tex,176,"\draw[extendedflow] (p3.east) -- (9.40,9.00);","numerical source line: \draw[extendedflow] (p3.east) -- (9.40,9.00);",9.40; 9.00,,,,,,,,,no,,source declaration; not independently measured,,"Preserved source values; instruction definitions/layout/version numerals are not benchmark measurements. Implementation LOC counts require the historical patch/base revisions, which are not recorded here.",source reproduction only,,
S0522,current,body or retained table,source declaration,paper/sections/4-bpfext.tex,177,"\draw[extendedflow] (11.60,9.00) -- (restorestep.west);","numerical source line: \draw[extendedflow] (11.60,9.00) -- (restorestep.west);",11.60; 9.00,,,,,,,,,no,,source declaration; not independently measured,,"Preserved source values; instruction definitions/layout/version numerals are not benchmark measurements. Implementation LOC counts require the historical patch/base revisions, which are not recorded here.",source reproduction only,,
S0523,current,body or retained table,source declaration,paper/sections/4-bpfext.tex,179,"\draw[extendedflow] (p4.east) -- (13.80,9.00);","numerical source line: \draw[extendedflow] (p4.east) -- (13.80,9.00);",13.80; 9.00,,,,,,,,,no,,source declaration; not independently measured,,"Preserved source values; instruction definitions/layout/version numerals are not benchmark measurements. Implementation LOC counts require the historical patch/base revisions, which are not recorded here.",source reproduction only,,
S0524,current,body or retained table,source declaration,paper/sections/4-bpfext.tex,180,"\draw[extendedflow] (16.00,9.00) -- (p5.west);","numerical source line: \draw[extendedflow] (16.00,9.00) -- (p5.west);",16.00; 9.00,,,,,,,,,no,,source declaration; not independently measured,,"Preserved source values; instruction definitions/layout/version numerals are not benchmark measurements. Implementation LOC counts require the historical patch/base revisions, which are not recorded here.",source reproduction only,,
S0525,current,body or retained table,source declaration,paper/sections/4-bpfext.tex,181,"\node[edgelabel,anchor=south] at (7.90,9.20) {Lower};","numerical source line: \node[edgelabel,anchor=south] at (7.90,9.20) {Lower};",7.90; 9.20,,,,,,,,,no,,source declaration; not independently measured,,"Preserved source values; instruction definitions/layout/version numerals are not benchmark measurements. Implementation LOC counts require the historical patch/base revisions, which are not recorded here.",source reproduction only,,
S0526,current,body or retained table,source declaration,paper/sections/4-bpfext.tex,182,"\node[edgelabel,anchor=south] at (12.30,9.20) {Restore};","numerical source line: \node[edgelabel,anchor=south] at (12.30,9.20) {Restore};",12.30; 9.20,,,,,,,,,no,,source declaration; not independently measured,,"Preserved source values; instruction definitions/layout/version numerals are not benchmark measurements. Implementation LOC counts require the historical patch/base revisions, which are not recorded here.",source reproduction only,,
S0527,current,body or retained table,source declaration,paper/sections/4-bpfext.tex,183,"\draw[callarrow] (7.70,9.00) -- (7.70,7.60);","numerical source line: \draw[callarrow] (7.70,9.00) -- (7.70,7.60);",7.70; 9.00; 7.70; 7.60,,,,,,,,,no,,source declaration; not independently measured,,"Preserved source values; instruction definitions/layout/version numerals are not benchmark measurements. Implementation LOC counts require the historical patch/base revisions, which are not recorded here.",source reproduction only,,
S0528,current,body or retained table,source declaration,paper/sections/4-bpfext.tex,184,"\draw[resultarrow] (8.10,7.60) -- (8.10,9.00);","numerical source line: \draw[resultarrow] (8.10,7.60) -- (8.10,9.00);",8.10; 7.60; 8.10; 9.00,,,,,,,,,no,,source declaration; not independently measured,,"Preserved source values; instruction definitions/layout/version numerals are not benchmark measurements. Implementation LOC counts require the historical patch/base revisions, which are not recorded here.",source reproduction only,,
S0529,current,body or retained table,source declaration,paper/sections/4-bpfext.tex,185,"\draw[callarrow] (14.70,8.775) -- (14.70,7.20) -- (11.60,7.20);","numerical source line: \draw[callarrow] (14.70,8.775) -- (14.70,7.20) -- (11.60,7.20);",14.70; 8.775; 14.70; 7.20; 11.60; 7.20,,,,,,,,,no,,source declaration; not independently measured,,"Preserved source values; instruction definitions/layout/version numerals are not benchmark measurements. Implementation LOC counts require the historical patch/base revisions, which are not recorded here.",source reproduction only,,
S0530,current,body or retained table,source declaration,paper/sections/4-bpfext.tex,186,"\draw[resultarrow] (11.60,6.80) -- (15.10,6.80) -- (15.10,8.775);","numerical source line: \draw[resultarrow] (11.60,6.80) -- (15.10,6.80) -- (15.10,8.775);",11.60; 6.80; 15.10; 6.80; 15.10; 8.775,,,,,,,,,no,,source declaration; not independently measured,,"Preserved source values; instruction definitions/layout/version numerals are not benchmark measurements. Implementation LOC counts require the historical patch/base revisions, which are not recorded here.",source reproduction only,,
S0531,current,body or retained table,source declaration,paper/sections/4-bpfext.tex,187,"\draw[originalflow] (.05,6.90) -- (.65,6.90);","numerical source line: \draw[originalflow] (.05,6.90) -- (.65,6.90);","05,6.90; 65,6.90",,,,,,,,,no,,source declaration; not independently measured,,"Preserved source values; instruction definitions/layout/version numerals are not benchmark measurements. Implementation LOC counts require the historical patch/base revisions, which are not recorded here.",source reproduction only,,
S0532,current,body or retained table,source declaration,paper/sections/4-bpfext.tex,188,"\draw[extendedflow] (.05,6.35) -- (.65,6.35);","numerical source line: \draw[extendedflow] (.05,6.35) -- (.65,6.35);","05,6.35; 65,6.35",,,,,,,,,no,,source declaration; not independently measured,,"Preserved source values; instruction definitions/layout/version numerals are not benchmark measurements. Implementation LOC counts require the historical patch/base revisions, which are not recorded here.",source reproduction only,,
S0533,current,body or retained table,source declaration,paper/sections/4-bpfext.tex,189,"\node[font=\sffamily\fontsize{8}{9}\selectfont,anchor=west,inner sep=0pt] at (.82,6.90) {Original eBPF};","numerical source line: \node[font=\sffamily\fontsize{8}{9}\selectfont,anchor=west,inner sep=0pt] at (.82,6.90) {Original eBPF};","8; 9; 0; 82,6.90",,,,,,,,,no,,source declaration; not independently measured,,"Preserved source values; instruction definitions/layout/version numerals are not benchmark measurements. Implementation LOC counts require the historical patch/base revisions, which are not recorded here.",source reproduction only,,
S0534,current,body or retained table,source declaration,paper/sections/4-bpfext.tex,190,"\node[font=\sffamily\fontsize{8}{9}\selectfont,anchor=west,inner sep=0pt] at (.82,6.35) {BPF-Ext};","numerical source line: \node[font=\sffamily\fontsize{8}{9}\selectfont,anchor=west,inner sep=0pt] at (.82,6.35) {BPF-Ext};","8; 9; 0; 82,6.35",,,,,,,,,no,,source declaration; not independently measured,,"Preserved source values; instruction definitions/layout/version numerals are not benchmark measurements. Implementation LOC counts require the historical patch/base revisions, which are not recorded here.",source reproduction only,,
S0535,current,body or retained table,source declaration,paper/sections/4-bpfext.tex,192,"\foreach \x/\n/\stage/\representation in {0/1/Input/eBPF bytecode,3.59/2/Rewritten/eBPF + ext.\ insns,7.18/3/Lowered/eBPF bytecode,10.77/4/Restored/eBPF + ext.\ insns,14.36/5/x86-64/Native code} {","numerical source line: \foreach \x/\n/\stage/\representation in {0/1/Input/eBPF bytecode,3.59/2/Rewritten/eBPF + ext.\ insns,7.18/3/Lowered/eBPF bytecode,10.77/4/Restored/eBPF + ext.\ insns,14.36/5/x86-64/Native code} {",0; 1; 3.59; 2; 7.18; 3; 10.77; 4; 14.36; 5,,,,,,,,,no,,source declaration; not independently measured,,"Preserved source values; instruction definitions/layout/version numerals are not benchmark measurements. Implementation LOC counts require the historical patch/base revisions, which are not recorded here.",source reproduction only,,
S0536,current,body or retained table,source declaration,paper/sections/4-bpfext.tex,193,"\draw[draw=black!40,fill=white,line width=.55pt] (\x,.05) rectangle (\x+3.14,4.75);","numerical source line: \draw[draw=black!40,fill=white,line width=.55pt] (\x,.05) rectangle (\x+3.14,4.75);","40,; 55; 05; 3.14; 4.75",,,,,,,,,no,,source declaration; not independently measured,,"Preserved source values; instruction definitions/layout/version numerals are not benchmark measurements. Implementation LOC counts require the historical patch/base revisions, which are not recorded here.",source reproduction only,,
S0537,current,body or retained table,source declaration,paper/sections/4-bpfext.tex,194,"\node[productnumber] at (\x+.40,4.33) {\n};","numerical source line: \node[productnumber] at (\x+.40,4.33) {\n};","40,4.33",,,,,,,,,no,,source declaration; not independently measured,,"Preserved source values; instruction definitions/layout/version numerals are not benchmark measurements. Implementation LOC counts require the historical patch/base revisions, which are not recorded here.",source reproduction only,,
S0538,current,body or retained table,source declaration,paper/sections/4-bpfext.tex,195,"\node[panelheading] at (\x+.77,4.33) {\textbf{\stage}\\\representation};","numerical source line: \node[panelheading] at (\x+.77,4.33) {\textbf{\stage}\\\representation};","77,4.33",,,,,,,,,no,,source declaration; not independently measured,,"Preserved source values; instruction definitions/layout/version numerals are not benchmark measurements. Implementation LOC counts require the historical patch/base revisions, which are not recorded here.",source reproduction only,,
S0539,current,body or retained table,source declaration,paper/sections/4-bpfext.tex,196,"\draw[black!15,line width=.45pt] (\x+.20,3.88) -- (\x+2.94,3.88);","numerical source line: \draw[black!15,line width=.45pt] (\x+.20,3.88) -- (\x+2.94,3.88);","15,; 45; 20,3.88; 2.94; 3.88",,,,,,,,,no,,source declaration; not independently measured,,"Preserved source values; instruction definitions/layout/version numerals are not benchmark measurements. Implementation LOC counts require the historical patch/base revisions, which are not recorded here.",source reproduction only,,
S0540,current,body or retained table,source declaration,paper/sections/4-bpfext.tex,198,"\foreach \x in {0,3.59,7.18,10.77} {","numerical source line: \foreach \x in {0,3.59,7.18,10.77} {","0,3.59; 7.18; 10.77",,,,,,,,,no,,source declaration; not independently measured,,"Preserved source values; instruction definitions/layout/version numerals are not benchmark measurements. Implementation LOC counts require the historical patch/base revisions, which are not recorded here.",source reproduction only,,
S0541,current,body or retained table,source declaration,paper/sections/4-bpfext.tex,199,"\node[code,text=black!50] at (\x+.22,3.63) {\ldots};","numerical source line: \node[code,text=black!50] at (\x+.22,3.63) {\ldots};","50; 22,3.63",,,,,,,,,no,,source declaration; not independently measured,,"Preserved source values; instruction definitions/layout/version numerals are not benchmark measurements. Implementation LOC counts require the historical patch/base revisions, which are not recorded here.",source reproduction only,,
S0542,current,body or retained table,source declaration,paper/sections/4-bpfext.tex,200,"\node[code,text=black!50] at (\x+.22,3.30) {r6 = 0};","numerical source line: \node[code,text=black!50] at (\x+.22,3.30) {r6 = 0};","50; 22,3.30; 0",,,,,,,,,no,,source declaration; not independently measured,,"Preserved source values; instruction definitions/layout/version numerals are not benchmark measurements. Implementation LOC counts require the historical patch/base revisions, which are not recorded here.",source reproduction only,,
S0543,current,body or retained table,source declaration,paper/sections/4-bpfext.tex,202,"\draw[draw=black!35,fill=black!3,line width=.5pt] (.18,1.62) rectangle (2.96,3.00);","numerical source line: \draw[draw=black!35,fill=black!3,line width=.5pt] (.18,1.62) rectangle (2.96,3.00);","35,; 3,; 5; 18,1.62; 2.96; 3.00",,,,,,,,,no,,source declaration; not independently measured,,"Preserved source values; instruction definitions/layout/version numerals are not benchmark measurements. Implementation LOC counts require the historical patch/base revisions, which are not recorded here.",source reproduction only,,
S0544,current,body or retained table,source declaration,paper/sections/4-bpfext.tex,203,"\node[code] at (.32,2.79) {r1 = r7};","numerical source line: \node[code] at (.32,2.79) {r1 = r7};","32,2.79",,,,,,,,,no,,source declaration; not independently measured,,"Preserved source values; instruction definitions/layout/version numerals are not benchmark measurements. Implementation LOC counts require the historical patch/base revisions, which are not recorded here.",source reproduction only,,
S0545,current,body or retained table,source declaration,paper/sections/4-bpfext.tex,204,"\node[code] at (.32,2.46) {r7 <{}<= 16};","numerical source line: \node[code] at (.32,2.46) {r7 <{}<= 16};","32,2.46; 16",,,,,,,,,no,,source declaration; not independently measured,,"Preserved source values; instruction definitions/layout/version numerals are not benchmark measurements. Implementation LOC counts require the historical patch/base revisions, which are not recorded here.",source reproduction only,,
S0546,current,body or retained table,source declaration,paper/sections/4-bpfext.tex,205,"\node[code] at (.32,2.13) {r1 >{}>= 48};","numerical source line: \node[code] at (.32,2.13) {r1 >{}>= 48};","32,2.13; 48",,,,,,,,,no,,source declaration; not independently measured,,"Preserved source values; instruction definitions/layout/version numerals are not benchmark measurements. Implementation LOC counts require the historical patch/base revisions, which are not recorded here.",source reproduction only,,
S0547,current,body or retained table,source declaration,paper/sections/4-bpfext.tex,206,"\node[code] at (.32,1.80) {r7 |= r1};","numerical source line: \node[code] at (.32,1.80) {r7 |= r1};","32,1.80",,,,,,,,,no,,source declaration; not independently measured,,"Preserved source values; instruction definitions/layout/version numerals are not benchmark measurements. Implementation LOC counts require the historical patch/base revisions, which are not recorded here.",source reproduction only,,
S0548,current,body or retained table,source declaration,paper/sections/4-bpfext.tex,207,"\node[code,text=black!50] at (.22,1.29) {r0 = r7};","numerical source line: \node[code,text=black!50] at (.22,1.29) {r0 = r7};","50; 22,1.29",,,,,,,,,no,,source declaration; not independently measured,,"Preserved source values; instruction definitions/layout/version numerals are not benchmark measurements. Implementation LOC counts require the historical patch/base revisions, which are not recorded here.",source reproduction only,,
S0549,current,body or retained table,source declaration,paper/sections/4-bpfext.tex,208,"\node[code,text=black!50] at (.22,.96) {\ldots};","numerical source line: \node[code,text=black!50] at (.22,.96) {\ldots};","50; 22,.96",,,,,,,,,no,,source declaration; not independently measured,,"Preserved source values; instruction definitions/layout/version numerals are not benchmark measurements. Implementation LOC counts require the historical patch/base revisions, which are not recorded here.",source reproduction only,,
S0550,current,body or retained table,source declaration,paper/sections/4-bpfext.tex,209,"\foreach \x in {3.59,10.77} {","numerical source line: \foreach \x in {3.59,10.77} {",3.59; 10.77,,,,,,,,,no,,source declaration; not independently measured,,"Preserved source values; instruction definitions/layout/version numerals are not benchmark measurements. Implementation LOC counts require the historical patch/base revisions, which are not recorded here.",source reproduction only,,
S0551,current,body or retained table,source declaration,paper/sections/4-bpfext.tex,210,"\draw[draw=evoedge,fill=evogreen,line width=.6pt] (\x+.18,1.42) rectangle (\x+2.96,3.00);","numerical source line: \draw[draw=evoedge,fill=evogreen,line width=.6pt] (\x+.18,1.42) rectangle (\x+2.96,3.00);","6; 18,1.42; 2.96; 3.00",,,,,,,,,no,,source declaration; not independently measured,,"Preserved source values; instruction definitions/layout/version numerals are not benchmark measurements. Implementation LOC counts require the historical patch/base revisions, which are not recorded here.",source reproduction only,,
S0552,current,body or retained table,source declaration,paper/sections/4-bpfext.tex,211,"\draw[evoedge,line width=.5pt] (\x+.18,2.18) -- (\x+2.96,2.18);","numerical source line: \draw[evoedge,line width=.5pt] (\x+.18,2.18) -- (\x+2.96,2.18);","5; 18,2.18; 2.96; 2.18",,,,,,,,,no,,source declaration; not independently measured,,"Preserved source values; instruction definitions/layout/version numerals are not benchmark measurements. Implementation LOC counts require the historical patch/base revisions, which are not recorded here.",source reproduction only,,
S0553,current,body or retained table,source declaration,paper/sections/4-bpfext.tex,212,"\node[slot] at (\x+.32,2.79) {Sidecar};","numerical source line: \node[slot] at (\x+.32,2.79) {Sidecar};","32,2.79",,,,,,,,,no,,source declaration; not independently measured,,"Preserved source values; instruction definitions/layout/version numerals are not benchmark measurements. Implementation LOC counts require the historical patch/base revisions, which are not recorded here.",source reproduction only,,
S0554,current,body or retained table,source declaration,paper/sections/4-bpfext.tex,213,"\node[code,text=evoink] at (\x+.32,2.46) {IMM, r7, r7, 16};","numerical source line: \node[code,text=evoink] at (\x+.32,2.46) {IMM, r7, r7, 16};","32,2.46; 16",,,,,,,,,no,,source declaration; not independently measured,,"Preserved source values; instruction definitions/layout/version numerals are not benchmark measurements. Implementation LOC counts require the historical patch/base revisions, which are not recorded here.",source reproduction only,,
S0555,current,body or retained table,source declaration,paper/sections/4-bpfext.tex,214,"\node[slot] at (\x+.32,1.98) {Call};","numerical source line: \node[slot] at (\x+.32,1.98) {Call};","32,1.98",,,,,,,,,no,,source declaration; not independently measured,,"Preserved source values; instruction definitions/layout/version numerals are not benchmark measurements. Implementation LOC counts require the historical patch/base revisions, which are not recorded here.",source reproduction only,,
S0556,current,body or retained table,source declaration,paper/sections/4-bpfext.tex,215,"\node[code,text=evoink] at (\x+.32,1.65) {call d\_rot};","numerical source line: \node[code,text=evoink] at (\x+.32,1.65) {call d\_rot};","32,1.65",,,,,,,,,no,,source declaration; not independently measured,,"Preserved source values; instruction definitions/layout/version numerals are not benchmark measurements. Implementation LOC counts require the historical patch/base revisions, which are not recorded here.",source reproduction only,,
S0557,current,body or retained table,source declaration,paper/sections/4-bpfext.tex,216,"\node[code,text=black!50] at (\x+.22,1.09) {r0 = r7};","numerical source line: \node[code,text=black!50] at (\x+.22,1.09) {r0 = r7};","50; 22,1.09",,,,,,,,,no,,source declaration; not independently measured,,"Preserved source values; instruction definitions/layout/version numerals are not benchmark measurements. Implementation LOC counts require the historical patch/base revisions, which are not recorded here.",source reproduction only,,
S0558,current,body or retained table,source declaration,paper/sections/4-bpfext.tex,217,"\node[code,text=black!50] at (\x+.22,.76) {\ldots};","numerical source line: \node[code,text=black!50] at (\x+.22,.76) {\ldots};","50; 22,.76",,,,,,,,,no,,source declaration; not independently measured,,"Preserved source values; instruction definitions/layout/version numerals are not benchmark measurements. Implementation LOC counts require the historical patch/base revisions, which are not recorded here.",source reproduction only,,
S0559,current,body or retained table,source declaration,paper/sections/4-bpfext.tex,219,"\draw[draw=evoedge,fill=evogreen,line width=.6pt] (7.36,.94) rectangle (10.14,3.00);","numerical source line: \draw[draw=evoedge,fill=evogreen,line width=.6pt] (7.36,.94) rectangle (10.14,3.00);",6; 7.36; 94; 10.14; 3.00,,,,,,,,,no,,source declaration; not independently measured,,"Preserved source values; instruction definitions/layout/version numerals are not benchmark measurements. Implementation LOC counts require the historical patch/base revisions, which are not recorded here.",source reproduction only,,
S0560,current,body or retained table,source declaration,paper/sections/4-bpfext.tex,220,"\node[code,text=evoink] at (7.50,2.79) {[fp-40] = r6};","numerical source line: \node[code,text=evoink] at (7.50,2.79) {[fp-40] = r6};",7.50; 2.79; 40,,,,,,,,,no,,source declaration; not independently measured,,"Preserved source values; instruction definitions/layout/version numerals are not benchmark measurements. Implementation LOC counts require the historical patch/base revisions, which are not recorded here.",source reproduction only,,
S0561,current,body or retained table,source declaration,paper/sections/4-bpfext.tex,221,"\node[code,text=evoink] at (7.50,2.46) {r6 = r7};","numerical source line: \node[code,text=evoink] at (7.50,2.46) {r6 = r7};",7.50; 2.46,,,,,,,,,no,,source declaration; not independently measured,,"Preserved source values; instruction definitions/layout/version numerals are not benchmark measurements. Implementation LOC counts require the historical patch/base revisions, which are not recorded here.",source reproduction only,,
S0562,current,body or retained table,source declaration,paper/sections/4-bpfext.tex,222,"\node[code,text=evoink] at (7.50,2.13) {r7 <{}<= 16};","numerical source line: \node[code,text=evoink] at (7.50,2.13) {r7 <{}<= 16};",7.50; 2.13; 16,,,,,,,,,no,,source declaration; not independently measured,,"Preserved source values; instruction definitions/layout/version numerals are not benchmark measurements. Implementation LOC counts require the historical patch/base revisions, which are not recorded here.",source reproduction only,,
S0563,current,body or retained table,source declaration,paper/sections/4-bpfext.tex,223,"\node[code,text=evoink] at (7.50,1.80) {r6 >{}>= 48};","numerical source line: \node[code,text=evoink] at (7.50,1.80) {r6 >{}>= 48};",7.50; 1.80; 48,,,,,,,,,no,,source declaration; not independently measured,,"Preserved source values; instruction definitions/layout/version numerals are not benchmark measurements. Implementation LOC counts require the historical patch/base revisions, which are not recorded here.",source reproduction only,,
S0564,current,body or retained table,source declaration,paper/sections/4-bpfext.tex,224,"\node[code,text=evoink] at (7.50,1.47) {r7 |= r6};","numerical source line: \node[code,text=evoink] at (7.50,1.47) {r7 |= r6};",7.50; 1.47,,,,,,,,,no,,source declaration; not independently measured,,"Preserved source values; instruction definitions/layout/version numerals are not benchmark measurements. Implementation LOC counts require the historical patch/base revisions, which are not recorded here.",source reproduction only,,
S0565,current,body or retained table,source declaration,paper/sections/4-bpfext.tex,225,"\node[code,text=evoink] at (7.50,1.14) {r6 = [fp-40]};","numerical source line: \node[code,text=evoink] at (7.50,1.14) {r6 = [fp-40]};",7.50; 1.14; 40,,,,,,,,,no,,source declaration; not independently measured,,"Preserved source values; instruction definitions/layout/version numerals are not benchmark measurements. Implementation LOC counts require the historical patch/base revisions, which are not recorded here.",source reproduction only,,
S0566,current,body or retained table,source declaration,paper/sections/4-bpfext.tex,226,"\node[code,text=black!50] at (7.40,.63) {r0 = r7};","numerical source line: \node[code,text=black!50] at (7.40,.63) {r0 = r7};",50; 7.40; 63,,,,,,,,,no,,source declaration; not independently measured,,"Preserved source values; instruction definitions/layout/version numerals are not benchmark measurements. Implementation LOC counts require the historical patch/base revisions, which are not recorded here.",source reproduction only,,
S0567,current,body or retained table,source declaration,paper/sections/4-bpfext.tex,227,"\node[code,text=black!50] at (7.40,.30) {\ldots};","numerical source line: \node[code,text=black!50] at (7.40,.30) {\ldots};",50; 7.40; 30,,,,,,,,,no,,source declaration; not independently measured,,"Preserved source values; instruction definitions/layout/version numerals are not benchmark measurements. Implementation LOC counts require the historical patch/base revisions, which are not recorded here.",source reproduction only,,
S0568,current,body or retained table,source declaration,paper/sections/4-bpfext.tex,228,"\node[code,text=black!50] at (14.58,3.63) {\ldots};","numerical source line: \node[code,text=black!50] at (14.58,3.63) {\ldots};",50; 14.58; 3.63,,,,,,,,,no,,source declaration; not independently measured,,"Preserved source values; instruction definitions/layout/version numerals are not benchmark measurements. Implementation LOC counts require the historical patch/base revisions, which are not recorded here.",source reproduction only,,
S0569,current,body or retained table,source declaration,paper/sections/4-bpfext.tex,229,"\node[code,text=black!50] at (14.58,3.30) {xor ebx, ebx};","numerical source line: \node[code,text=black!50] at (14.58,3.30) {xor ebx, ebx};",50; 14.58; 3.30,,,,,,,,,no,,source declaration; not independently measured,,"Preserved source values; instruction definitions/layout/version numerals are not benchmark measurements. Implementation LOC counts require the historical patch/base revisions, which are not recorded here.",source reproduction only,,
S0570,current,body or retained table,source declaration,paper/sections/4-bpfext.tex,230,"\draw[draw=evoedge,fill=evogreen,line width=.6pt] (14.54,2.40) rectangle (17.32,3.00);","numerical source line: \draw[draw=evoedge,fill=evogreen,line width=.6pt] (14.54,2.40) rectangle (17.32,3.00);",6; 14.54; 2.40; 17.32; 3.00,,,,,,,,,no,,source declaration; not independently measured,,"Preserved source values; instruction definitions/layout/version numerals are not benchmark measurements. Implementation LOC counts require the historical patch/base revisions, which are not recorded here.",source reproduction only,,
S0571,current,body or retained table,source declaration,paper/sections/4-bpfext.tex,231,"\node[code,text=evoink] at (14.68,2.70) {rol r13, 16};","numerical source line: \node[code,text=evoink] at (14.68,2.70) {rol r13, 16};","14.68; 2.70; 3,; 16",,,,,,,,,no,,source declaration; not independently measured,,"Preserved source values; instruction definitions/layout/version numerals are not benchmark measurements. Implementation LOC counts require the historical patch/base revisions, which are not recorded here.",source reproduction only,,
S0572,current,body or retained table,source declaration,paper/sections/4-bpfext.tex,232,"\node[code,text=black!50] at (14.58,2.07) {mov rax, r13};","numerical source line: \node[code,text=black!50] at (14.58,2.07) {mov rax, r13};",50; 14.58; 2.07; 3,,,,,,,,,no,,source declaration; not independently measured,,"Preserved source values; instruction definitions/layout/version numerals are not benchmark measurements. Implementation LOC counts require the historical patch/base revisions, which are not recorded here.",source reproduction only,,
S0573,current,body or retained table,source declaration,paper/sections/4-bpfext.tex,233,"\node[code,text=black!50] at (14.58,1.74) {\ldots};","numerical source line: \node[code,text=black!50] at (14.58,1.74) {\ldots};",50; 14.58; 1.74,,,,,,,,,no,,source declaration; not independently measured,,"Preserved source values; instruction definitions/layout/version numerals are not benchmark measurements. Implementation LOC counts require the historical patch/base revisions, which are not recorded here.",source reproduction only,,
S0574,current,body or retained table,source declaration,paper/sections/4-bpfext.tex,237,\caption{Original eBPF and BPF-Ext compilation paths for a 64-bit left rotation by 16. Circled numbers link the BPF-Ext path to the code panels. Module callbacks use dotted arrows for calls and thin solid arrows for returned instruction sequences. One extended instruction occupies two eBPF slots: an operand sidecar followed by a call identifying the operation (\S\ref{subsec:kernel}). The proof sequence adds a store and a load to preserve the temporary register \texttt{r6}. \texttt{fp} denotes the eBPF frame pointer; gray code provides context.},numerical source line: \caption{Original eBPF and BPF-Ext compilation paths for a 64-bit left rotation by 16. Circled numbers link the BPF-Ext path to the code panels. Module callbacks use dotted arrows for calls and thin solid arrows for returned instruction sequences. One extended instruction occupies two eBPF slots: an operand sidecar followed by a call identifying the operation (\S\ref{subsec:kernel}). The proof sequence adds a store and a load to preserve the temporary register \texttt{r6}. \texttt{fp} denotes the eBPF frame pointer; gray code provides context.},64; 16,,,,,,,,,no,,source declaration; not independently measured,,"Preserved source values; instruction definitions/layout/version numerals are not benchmark measurements. Implementation LOC counts require the historical patch/base revisions, which are not recorded here.",source reproduction only,,
S0575,current,body or retained table,source declaration,paper/sections/4-bpfext.tex,263,"In Figure~\ref{fig:pipeline}, it rewrites the shifts and bitwise OR of a 64-bit left rotate by 16 (\ding{172}) into an extended instruction whose operands name \texttt{r7} as source and destination and 16 as the rotate amount (\ding{173}).","numerical source line: In Figure~\ref{fig:pipeline}, it rewrites the shifts and bitwise OR of a 64-bit left rotate by 16 (\ding{172}) into an extended instruction whose operands name \texttt{r7} as source and destination and 16 as the rotate amount (\ding{173}).",64; 16; 172; 16; 173,,,,,,,,,no,,source declaration; not independently measured,,"Preserved source values; instruction definitions/layout/version numerals are not benchmark measurements. Implementation LOC counts require the historical patch/base revisions, which are not recorded here.",source reproduction only,,
S0576,current,body or retained table,source declaration,paper/sections/4-bpfext.tex,268,"Before the main analysis, a lowering stage substitutes the proof sequence for the extended instruction (\ding{174}).","numerical source line: Before the main analysis, a lowering stage substitutes the proof sequence for the extended instruction (\ding{174}).",174,,,,,,,,,no,,source declaration; not independently measured,,"Preserved source values; instruction definitions/layout/version numerals are not benchmark measurements. Implementation LOC counts require the historical patch/base revisions, which are not recorded here.",source reproduction only,,
S0577,current,body or retained table,source declaration,paper/sections/4-bpfext.tex,270,"Once the existing analysis accepts the lowered program, a restore stage reinstates the extended instructions for the JIT (\ding{175}).","numerical source line: Once the existing analysis accepts the lowered program, a restore stage reinstates the extended instructions for the JIT (\ding{175}).",175,,,,,,,,,no,,source declaration; not independently measured,,"Preserved source values; instruction definitions/layout/version numerals are not benchmark measurements. Implementation LOC counts require the historical patch/base revisions, which are not recorded here.",source reproduction only,,
S0578,current,body or retained table,source declaration,paper/sections/4-bpfext.tex,277,"For the rotate, it emits a single \texttt{ROL} on x86-64, here \texttt{rol r13, 16} with \texttt{r13} holding eBPF register \texttt{r7} (\ding{176}), or a single \texttt{ROR} on ARM64.","numerical source line: For the rotate, it emits a single \texttt{ROL} on x86-64, here \texttt{rol r13, 16} with \texttt{r13} holding eBPF register \texttt{r7} (\ding{176}), or a single \texttt{ROR} on ARM64.","3,; 16; 3; 176",,,,,,,,,no,,source declaration; not independently measured,,"Preserved source values; instruction definitions/layout/version numerals are not benchmark measurements. Implementation LOC counts require the historical patch/base revisions, which are not recorded here.",source reproduction only,,
S0579,current,body or retained table,source declaration,paper/sections/4-bpfext.tex,316,"For \lang, we prove this property in Lean 4 for each operation.","numerical source line: For \lang, we prove this property in Lean 4 for each operation.",4,,,,,,,,,no,,source declaration; not independently measured,,"Preserved source values; instruction definitions/layout/version numerals are not benchmark measurements. Implementation LOC counts require the historical patch/base revisions, which are not recorded here.",source reproduction only,,
S0580,current,body or retained table,source declaration,paper/sections/4-bpfext.tex,329,"For rotate, the specification is $\operatorname{rotl}_{64}(x,n)=(x\ll n)\lor(x\gg(64-n))$ for $1\leq n<64$, over 64-bit bit-vectors with a logical right shift.","numerical source line: For rotate, the specification is $\operatorname{rotl}_{64}(x,n)=(x\ll n)\lor(x\gg(64-n))$ for $1\leq n<64$, over 64-bit bit-vectors with a logical right shift.",64; 64; 1; 64; 64,,,,,,,,,no,,source declaration; not independently measured,,"Preserved source values; instruction definitions/layout/version numerals are not benchmark measurements. Implementation LOC counts require the historical patch/base revisions, which are not recorded here.",source reproduction only,,
S0581,current,body or retained table,source declaration,paper/sections/4-bpfext.tex,331,"One lemma shows that the proof sequence of shifts and bitwise OR leaves $\operatorname{rotl}_{64}(x,n)$ in its destination register, and a second lemma, one per architecture, shows the same for the native \texttt{ROL} on x86-64 and \texttt{ROR} (encoded as \texttt{EXTR}) on ARM64.","numerical source line: One lemma shows that the proof sequence of shifts and bitwise OR leaves $\operatorname{rotl}_{64}(x,n)$ in its destination register, and a second lemma, one per architecture, shows the same for the native \texttt{ROL} on x86-64 and \texttt{ROR} (encoded as \texttt{EXTR}) on ARM64.",64,,,,,,,,,no,,source declaration; not independently measured,,"Preserved source values; instruction definitions/layout/version numerals are not benchmark measurements. Implementation LOC counts require the historical patch/base revisions, which are not recorded here.",source reproduction only,,
S0582,current,body or retained table,source declaration,paper/sections/4-bpfext.tex,351,"Each \lang operation targets an idiom for which the eBPF instruction set has no single-instruction form, and covers the idiom's variants, such as the 64-bit and 32-bit rotate.","numerical source line: Each \lang operation targets an idiom for which the eBPF instruction set has no single-instruction form, and covers the idiom's variants, such as the 64-bit and 32-bit rotate.",64; 32,,,,,,,,,no,,source declaration; not independently measured,,"Preserved source values; instruction definitions/layout/version numerals are not benchmark measurements. Implementation LOC counts require the historical patch/base revisions, which are not recorded here.",source reproduction only,,
S0583,current,body or retained table,source declaration,paper/sections/6-implementation.tex,108,"The kernel patch adds 929 lines to the Linux kernel, broken down by component in Table~\ref{tab:kernel-loc}.","numerical source line: The kernel patch adds 929 lines to the Linux kernel, broken down by component in Table~\ref{tab:kernel-loc}.",929,,,,,,,,,no,,source declaration; not independently measured,,"Preserved source values; instruction definitions/layout/version numerals are not benchmark measurements. Implementation LOC counts require the historical patch/base revisions, which are not recorded here.",source reproduction only,,
S0584,current,body or retained table,source declaration,paper/sections/6-implementation.tex,114,"The call identifies the operation, and the sidecar carries a packed 52-bit payload with the operands.","numerical source line: The call identifies the operation, and the sidecar carries a packed 52-bit payload with the operands.",52,,,,,,,,,no,,source declaration; not independently measured,,"Preserved source values; instruction definitions/layout/version numerals are not benchmark measurements. Implementation LOC counts require the historical patch/base revisions, which are not recorded here.",source reproduction only,,
S0585,current,body or retained table,source declaration,paper/sections/6-implementation.tex,136,"The first is a selector in the LLVM eBPF backend, which matches idioms during instruction selection and emits the call and sidecar in place of the multi-instruction sequence; it adds 2{,}126 lines.","numerical source line: The first is a selector in the LLVM eBPF backend, which matches idioms during instruction selection and emits the call and sidecar in place of the multi-instruction sequence; it adds 2{,}126 lines.",2; 126,,,,,,,,,no,,source declaration; not independently measured,,"Preserved source values; instruction definitions/layout/version numerals are not benchmark measurements. Implementation LOC counts require the historical patch/base revisions, which are not recorded here.",source reproduction only,,
S0586,current,body or retained table,source declaration,paper/sections/6-implementation.tex,138,"The second is a standalone userspace tool of 6{,}967 lines that re-matches idioms on already-compiled bytecode, covering programs the selector never sees or cannot match, such as those compiled by a separate toolchain.","numerical source line: The second is a standalone userspace tool of 6{,}967 lines that re-matches idioms on already-compiled bytecode, covering programs the selector never sees or cannot match, such as those compiled by a separate toolchain.",6; 967,,,,,,,,,no,,source declaration; not independently measured,,"Preserved source values; instruction definitions/layout/version numerals are not benchmark measurements. Implementation LOC counts require the historical patch/base revisions, which are not recorded here.",source reproduction only,,
S0587,current,body or retained table,source declaration,paper/sections/6-implementation.tex,158,"The module tree holds 14 modules on x86-64 and 11 on ARM64, 9{,}765 lines in all, including shared helper headers, test-only modules, and operations beyond \lang's seven (Table~\ref{tab:descriptors}).","numerical source line: The module tree holds 14 modules on x86-64 and 11 on ARM64, 9{,}765 lines in all, including shared helper headers, test-only modules, and operations beyond \lang's seven (Table~\ref{tab:descriptors}).",14; 11; 9; 765,,,,,,,,,no,,source declaration; not independently measured,,"Preserved source values; instruction definitions/layout/version numerals are not benchmark measurements. Implementation LOC counts require the historical patch/base revisions, which are not recorded here.",source reproduction only,,
S0588,current,body or retained table,source declaration,paper/sections/8-related-work.tex,138,Each \lang operation instead includes its own Lean 4 proof that the native emit computes the same result as its proof sequence (\S\ref{sec:formal-verification}).,numerical source line: Each \lang operation instead includes its own Lean 4 proof that the native emit computes the same result as its proof sequence (\S\ref{sec:formal-verification}).,4,,,,,,,,,no,,source declaration; not independently measured,,"Preserved source values; instruction definitions/layout/version numerals are not benchmark measurements. Implementation LOC counts require the historical patch/base revisions, which are not recorded here.",source reproduction only,,
S0589,current,body or retained table,source declaration,paper/sections/9-conclusion.tex,27,Lean 4 proofs show that each \lang native emit computes the same result as its proof sequence.,numerical source line: Lean 4 proofs show that each \lang native emit computes the same result as its proof sequence.,4,,,,,,,,,no,,source declaration; not independently measured,,"Preserved source values; instruction definitions/layout/version numerals are not benchmark measurements. Implementation LOC counts require the historical patch/base revisions, which are not recorded here.",source reproduction only,,
S0590,current,body or retained table,source declaration,paper/sections/9-conclusion.tex,29,"\lang speeds up eBPF microbenchmarks by 24\% on x86-64 and 22\% on ARM64 over the unmodified pipeline, recovering 42\% of the x86-64 gap to native code, and improves production application throughput by up to 12\%.","numerical source line: \lang speeds up eBPF microbenchmarks by 24\% on x86-64 and 22\% on ARM64 over the unmodified pipeline, recovering 42\% of the x86-64 gap to native code, and improves production application throughput by up to 12\%.",24; 22; 42; 12,,,,,,,,,no,,source declaration; not independently measured,,"Preserved source values; instruction definitions/layout/version numerals are not benchmark measurements. Implementation LOC counts require the historical patch/base revisions, which are not recorded here.",source reproduction only,,
S0591,current,body or retained table,source declaration,paper/tables/sec-2-isa-gap.tex,10,& & \multicolumn{3}{c}{\# Instructions} \\,numerical source line: & & \multicolumn{3}{c}{\# Instructions} \\,3,,,,,,,,,no,,source declaration; not independently measured,,"Preserved source values; instruction definitions/layout/version numerals are not benchmark measurements. Implementation LOC counts require the historical patch/base revisions, which are not recorded here.",source reproduction only,,
S0592,current,body or retained table,source declaration,paper/tables/sec-3-descriptors.tex,8,& & \multicolumn{2}{c}{Native emit} \\,numerical source line: & & \multicolumn{2}{c}{Native emit} \\,2,,,,,,,,,no,,source declaration; not independently measured,,"Preserved source values; instruction definitions/layout/version numerals are not benchmark measurements. Implementation LOC counts require the historical patch/base revisions, which are not recorded here.",source reproduction only,,
S0593,current,body or retained table,source declaration,paper/tables/sec-3-descriptors.tex,16,Prefetch & no-op (\texttt{JA +0}) & \texttt{PREFETCHT0} & \texttt{PRFM} \\,numerical source line: Prefetch & no-op (\texttt{JA +0}) & \texttt{PREFETCHT0} & \texttt{PRFM} \\,0,,,,,,,,,no,,source declaration; not independently measured,,"Preserved source values; instruction definitions/layout/version numerals are not benchmark measurements. Implementation LOC counts require the historical patch/base revisions, which are not recorded here.",source reproduction only,,
S0594,current,body or retained table,source declaration,paper/tables/sec-3-micro-artifacts.tex,10,"x86-64 KVM & Pure bytecode 29 & \texttt{210952\_650695} & kernel, LLVM-BPF, native, kernel native & 0 \\","numerical source line: x86-64 KVM & Pure bytecode 29 & \texttt{210952\_650695} & kernel, LLVM-BPF, native, kernel native & 0 \\",29; 210952; 50695; 0,,,,,,,,,no,,source declaration; not independently measured,,"Preserved source values; instruction definitions/layout/version numerals are not benchmark measurements. Implementation LOC counts require the historical patch/base revisions, which are not recorded here.",source reproduction only,,
S0595,current,body or retained table,source declaration,paper/tables/sec-3-micro-artifacts.tex,11,"ARM64 AWS & Pure bytecode 29 & \texttt{063319\_954947} & kernel, LLVM-BPF, native, kernel native & 0 \\","numerical source line: ARM64 AWS & Pure bytecode 29 & \texttt{063319\_954947} & kernel, LLVM-BPF, native, kernel native & 0 \\",29; 063319; 54947; 0,,,,,,,,,no,,source declaration; not independently measured,,"Preserved source values; instruction definitions/layout/version numerals are not benchmark measurements. Implementation LOC counts require the historical patch/base revisions, which are not recorded here.",source reproduction only,,
S0596,current,body or retained table,source declaration,paper/tables/sec-3-microbenchmarks.tex,17,\texttt{vlan} & Packet-header parsing & \texttt{str\_search} & Substring search & \texttt{fnv} & FNV-1a hashing \\,numerical source line: \texttt{vlan} & Packet-header parsing & \texttt{str\_search} & Substring search & \texttt{fnv} & FNV-1a hashing \\,1,,,,,,,,,no,,source declaration; not independently measured,,"Preserved source values; instruction definitions/layout/version numerals are not benchmark measurements. Implementation LOC counts require the historical patch/base revisions, which are not recorded here.",source reproduction only,,
S0597,current,body or retained table,source declaration,paper/tables/sec-3-microbenchmarks.tex,19,\texttt{5tuple} & Jenkins-style hashing & \texttt{http} & HTTP prefix detection & \texttt{cgroup} & Hash mixing \\,numerical source line: \texttt{5tuple} & Jenkins-style hashing & \texttt{http} & HTTP prefix detection & \texttt{cgroup} & Hash mixing \\,5,,,,,,,,,no,,source declaration; not independently measured,,"Preserved source values; instruction definitions/layout/version numerals are not benchmark measurements. Implementation LOC counts require the historical patch/base revisions, which are not recorded here.",source reproduction only,,
S0598,current,body or retained table,source declaration,paper/tables/sec-5-encoding.tex,4,"\caption{Extended-instruction encoding. A reserved \texttt{src\_reg} value marks the pair for \tool, a \texttt{BPF\_CALL} for the call and a \texttt{MOV64\_K} for the sidecar. The notation [h:l] gives a field's position within the 52-bit sidecar payload.}","numerical source line: \caption{Extended-instruction encoding. A reserved \texttt{src\_reg} value marks the pair for \tool, a \texttt{BPF\_CALL} for the call and a \texttt{MOV64\_K} for the sidecar. The notation [h:l] gives a field's position within the 52-bit sidecar payload.}",4; 52,,,,,,,,,no,,source declaration; not independently measured,,"Preserved source values; instruction definitions/layout/version numerals are not benchmark measurements. Implementation LOC counts require the historical patch/base revisions, which are not recorded here.",source reproduction only,,
S0599,current,body or retained table,source declaration,paper/tables/sec-5-encoding.tex,10,Call & \texttt{imm} & 32 & \raggedright BTF ID of the operation's stub kfunc \tabularnewline,numerical source line: Call & \texttt{imm} & 32 & \raggedright BTF ID of the operation's stub kfunc \tabularnewline,32,,,,,,,,,no,,source declaration; not independently measured,,"Preserved source values; instruction definitions/layout/version numerals are not benchmark measurements. Implementation LOC counts require the historical patch/base revisions, which are not recorded here.",source reproduction only,,
S0600,current,body or retained table,source declaration,paper/tables/sec-5-encoding.tex,11,& \texttt{off} & 16 & \raggedright Index into \texttt{fd\_array} for the module's BTF file descriptor \tabularnewline,numerical source line: & \texttt{off} & 16 & \raggedright Index into \texttt{fd\_array} for the module's BTF file descriptor \tabularnewline,16,,,,,,,,,no,,source declaration; not independently measured,,"Preserved source values; instruction definitions/layout/version numerals are not benchmark measurements. Implementation LOC counts require the historical patch/base revisions, which are not recorded here.",source reproduction only,,
S0601,current,body or retained table,source declaration,paper/tables/sec-5-encoding.tex,13,Sidecar & \texttt{dst\_reg} & [3:0] & \raggedright Destination register or per-operation form tag \tabularnewline,numerical source line: Sidecar & \texttt{dst\_reg} & [3:0] & \raggedright Destination register or per-operation form tag \tabularnewline,3; 0,,,,,,,,,no,,source declaration; not independently measured,,"Preserved source values; instruction definitions/layout/version numerals are not benchmark measurements. Implementation LOC counts require the historical patch/base revisions, which are not recorded here.",source reproduction only,,
S0602,current,body or retained table,source declaration,paper/tables/sec-5-encoding.tex,14,& \texttt{off} & [19:4] & \raggedright Offset or auxiliary field per operation \tabularnewline,numerical source line: & \texttt{off} & [19:4] & \raggedright Offset or auxiliary field per operation \tabularnewline,19; 4,,,,,,,,,no,,source declaration; not independently measured,,"Preserved source values; instruction definitions/layout/version numerals are not benchmark measurements. Implementation LOC counts require the historical patch/base revisions, which are not recorded here.",source reproduction only,,
S0603,current,body or retained table,source declaration,paper/tables/sec-5-encoding.tex,15,& \texttt{imm} & [51:20] & \raggedright Immediate value or configuration per operation \tabularnewline,numerical source line: & \texttt{imm} & [51:20] & \raggedright Immediate value or configuration per operation \tabularnewline,51; 20,,,,,,,,,no,,source declaration; not independently measured,,"Preserved source values; instruction definitions/layout/version numerals are not benchmark measurements. Implementation LOC counts require the historical patch/base revisions, which are not recorded here.",source reproduction only,,
S0604,current,body or retained table,source declaration,paper/tables/sec-5-kernel-loc.tex,4,"\caption{The kernel patch is a 929-line addition, measured as lines added on the \tool kernel branch over mainline Linux. The total excludes 11 lines of disassembler support and tools-side header sync.}","numerical source line: \caption{The kernel patch is a 929-line addition, measured as lines added on the \tool kernel branch over mainline Linux. The total excludes 11 lines of disassembler support and tools-side header sync.}",929; 11,,,,,,,,,no,,source declaration; not independently measured,,"Preserved source values; instruction definitions/layout/version numerals are not benchmark measurements. Implementation LOC counts require the historical patch/base revisions, which are not recorded here.",source reproduction only,,
S0605,current,body or retained table,source declaration,paper/tables/sec-5-kernel-loc.tex,10,"Verifier (lowering, restore, validation) & 487 \\","numerical source line: Verifier (lowering, restore, validation) & 487 \\",487,,,,,,,,,no,,source declaration; not independently measured,,"Preserved source values; instruction definitions/layout/version numerals are not benchmark measurements. Implementation LOC counts require the historical patch/base revisions, which are not recorded here.",source reproduction only,,
S0606,current,body or retained table,source declaration,paper/tables/sec-5-kernel-loc.tex,11,BTF and registration & 139 \\,numerical source line: BTF and registration & 139 \\,139,,,,,,,,,no,,source declaration; not independently measured,,"Preserved source values; instruction definitions/layout/version numerals are not benchmark measurements. Implementation LOC counts require the historical patch/base revisions, which are not recorded here.",source reproduction only,,
S0607,current,body or retained table,source declaration,paper/tables/sec-5-kernel-loc.tex,12,JIT dispatch (ARM64) & 121 \\,numerical source line: JIT dispatch (ARM64) & 121 \\,121,,,,,,,,,no,,source declaration; not independently measured,,"Preserved source values; instruction definitions/layout/version numerals are not benchmark measurements. Implementation LOC counts require the historical patch/base revisions, which are not recorded here.",source reproduction only,,
S0608,current,body or retained table,source declaration,paper/tables/sec-5-kernel-loc.tex,13,JIT dispatch (x86-64) & 97 \\,numerical source line: JIT dispatch (x86-64) & 97 \\,97,,,,,,,,,no,,source declaration; not independently measured,,"Preserved source values; instruction definitions/layout/version numerals are not benchmark measurements. Implementation LOC counts require the historical patch/base revisions, which are not recorded here.",source reproduction only,,
S0609,current,body or retained table,source declaration,paper/tables/sec-5-kernel-loc.tex,14,Headers & 85 \\,numerical source line: Headers & 85 \\,85,,,,,,,,,no,,source declaration; not independently measured,,"Preserved source values; instruction definitions/layout/version numerals are not benchmark measurements. Implementation LOC counts require the historical patch/base revisions, which are not recorded here.",source reproduction only,,
S0610,current,body or retained table,source declaration,paper/tables/sec-5-kernel-loc.tex,16,Total kernel patch & 929 \\,numerical source line: Total kernel patch & 929 \\,929,,,,,,,,,no,,source declaration; not independently measured,,"Preserved source values; instruction definitions/layout/version numerals are not benchmark measurements. Implementation LOC counts require the historical patch/base revisions, which are not recorded here.",source reproduction only,,
S0611,current,body or retained table,source declaration,paper/tables/sec-6-RQ2-RQ3.tex,14,4086 &,numerical source line: 4086 &,4086,,,,,,,,,no,,source declaration; not independently measured,,"Preserved source values; instruction definitions/layout/version numerals are not benchmark measurements. Implementation LOC counts require the historical patch/base revisions, which are not recorded here.",source reproduction only,,
S0612,current,body or retained table,source declaration,paper/tables/sec-6-RQ2-RQ3.tex,15,1.074$\times$ \\,numerical source line: 1.074$\times$ \\,1.074,,,,,,,,,no,,source declaration; not independently measured,,"Preserved source values; instruction definitions/layout/version numerals are not benchmark measurements. Implementation LOC counts require the historical patch/base revisions, which are not recorded here.",source reproduction only,,
S0613,current,body or retained table,source declaration,paper/tables/sec-6-RQ2-RQ3.tex,18,3512 &,numerical source line: 3512 &,3512,,,,,,,,,no,,source declaration; not independently measured,,"Preserved source values; instruction definitions/layout/version numerals are not benchmark measurements. Implementation LOC counts require the historical patch/base revisions, which are not recorded here.",source reproduction only,,
S0614,current,body or retained table,source declaration,paper/tables/sec-6-RQ2-RQ3.tex,19,1.114$\times$ \\,numerical source line: 1.114$\times$ \\,1.114,,,,,,,,,no,,source declaration; not independently measured,,"Preserved source values; instruction definitions/layout/version numerals are not benchmark measurements. Implementation LOC counts require the historical patch/base revisions, which are not recorded here.",source reproduction only,,
S0615,current,body or retained table,source declaration,paper/tables/sec-6-RQ2-RQ3.tex,22,21 &,numerical source line: 21 &,21,,,,,,,,,no,,source declaration; not independently measured,,"Preserved source values; instruction definitions/layout/version numerals are not benchmark measurements. Implementation LOC counts require the historical patch/base revisions, which are not recorded here.",source reproduction only,,
S0616,current,body or retained table,source declaration,paper/tables/sec-6-RQ2-RQ3.tex,23,1.073$\times$ \\,numerical source line: 1.073$\times$ \\,1.073,,,,,,,,,no,,source declaration; not independently measured,,"Preserved source values; instruction definitions/layout/version numerals are not benchmark measurements. Implementation LOC counts require the historical patch/base revisions, which are not recorded here.",source reproduction only,,
S0617,current,body or retained table,source declaration,paper/tables/sec-6-RQ2-RQ3.tex,26,62 &,numerical source line: 62 &,62,,,,,,,,,no,,source declaration; not independently measured,,"Preserved source values; instruction definitions/layout/version numerals are not benchmark measurements. Implementation LOC counts require the historical patch/base revisions, which are not recorded here.",source reproduction only,,
S0618,current,body or retained table,source declaration,paper/tables/sec-6-RQ2-RQ3.tex,27,0.995$\times$ \\,numerical source line: 0.995$\times$ \\,0.995,,,,,,,,,no,,source declaration; not independently measured,,"Preserved source values; instruction definitions/layout/version numerals are not benchmark measurements. Implementation LOC counts require the historical patch/base revisions, which are not recorded here.",source reproduction only,,
S0619,current,body or retained table,source declaration,paper/tables/sec-6-kinsn-case-studies.tex,10,"Cilium & x86-64 KVM & Full & 4697 & 1.114$\times$ & 0.776$\times$ & 2 / 2-0-0 & lea, endian, prefetch, bulk, select \\","numerical source line: Cilium & x86-64 KVM & Full & 4697 & 1.114$\times$ & 0.776$\times$ & 2 / 2-0-0 & lea, endian, prefetch, bulk, select \\",4697; 1.114; 0.776; 2; 2; 0; 0,,,,,,,,,no,,source declaration; not independently measured,,"Preserved source values; instruction definitions/layout/version numerals are not benchmark measurements. Implementation LOC counts require the historical patch/base revisions, which are not recorded here.",source reproduction only,,
S0620,current,body or retained table,source declaration,paper/tables/sec-6-kinsn-case-studies.tex,11,"Katran & x86-64 KVM & No bulk & 77 & 1.032$\times$ & 0.932$\times$ & 1 / 1-0-0 & lea, rotate, endian, prefetch, extract \\","numerical source line: Katran & x86-64 KVM & No bulk & 77 & 1.032$\times$ & 0.932$\times$ & 1 / 1-0-0 & lea, rotate, endian, prefetch, extract \\",77; 1.032; 0.932; 1; 1; 0; 0,,,,,,,,,no,,source declaration; not independently measured,,"Preserved source values; instruction definitions/layout/version numerals are not benchmark measurements. Implementation LOC counts require the historical patch/base revisions, which are not recorded here.",source reproduction only,,
S0621,current,body or retained table,source declaration,paper/tables/sec-6-kinsn-case-studies.tex,12,"Katran & ARM64 AWS & Conservative & 21 & 1.073$\times$ & 0.941$\times$ & 1 / 1-0-0 & rotate, extract \\","numerical source line: Katran & ARM64 AWS & Conservative & 21 & 1.073$\times$ & 0.941$\times$ & 1 / 1-0-0 & rotate, extract \\",21; 1.073; 0.941; 1; 1; 0; 0,,,,,,,,,no,,source declaration; not independently measured,,"Preserved source values; instruction definitions/layout/version numerals are not benchmark measurements. Implementation LOC counts require the historical patch/base revisions, which are not recorded here.",source reproduction only,,
S0622,current,body or retained table,source declaration,paper/tables/sec-6-kinsn-micro.tex,4,\caption{\lang microbenchmark evaluation artifacts. The x86 row is a local LLVM-\lang candidate against a stock-kernel baseline and is not a matched compiler-control comparison. The ARM64 row is a matched \texttt{kernel}/\texttt{kernel\_rejit} ReJIT comparison.},numerical source line: \caption{\lang microbenchmark evaluation artifacts. The x86 row is a local LLVM-\lang candidate against a stock-kernel baseline and is not a matched compiler-control comparison. The ARM64 row is a matched \texttt{kernel}/\texttt{kernel\_rejit} ReJIT comparison.},6,,,,,,,,,no,,source declaration; not independently measured,,"Preserved source values; instruction definitions/layout/version numerals are not benchmark measurements. Implementation LOC counts require the historical patch/base revisions, which are not recorded here.",source reproduction only,,
S0623,current,body or retained table,source declaration,paper/tables/sec-6-kinsn-micro.tex,10,x86-64 KVM & LLVM-\lang candidate / stock kernel & 29 & 0 & 1.216$\times$ & n/a \\,numerical source line: x86-64 KVM & LLVM-\lang candidate / stock kernel & 29 & 0 & 1.216$\times$ & n/a \\,29; 0; 1.216,,,,,,,,,no,,source declaration; not independently measured,,"Preserved source values; instruction definitions/layout/version numerals are not benchmark measurements. Implementation LOC counts require the historical patch/base revisions, which are not recorded here.",source reproduction only,,
S0624,current,body or retained table,source declaration,paper/tables/sec-6-kinsn-micro.tex,11,ARM64 AWS & \texttt{kernel} / \texttt{kernel\_rejit} & 29 & 0 & 1.208$\times$ & 308/308 \\,numerical source line: ARM64 AWS & \texttt{kernel} / \texttt{kernel\_rejit} & 29 & 0 & 1.208$\times$ & 308/308 \\,29; 0; 1.208; 308; 308,,,,,,,,,no,,source declaration; not independently measured,,"Preserved source values; instruction definitions/layout/version numerals are not benchmark measurements. Implementation LOC counts require the historical patch/base revisions, which are not recorded here.",source reproduction only,,
S0625,revision,body or retained table,source declaration,paper/revision/sections/4-design.tex,15,"The rotation example in Figure~\ref{fig:extension-flow} illustrates the roles of the verification representation and execution code. The input program uses shifts and bitwise OR to rotate a 64-bit value left by 16 bits. In the rewritten \kinsn, the operation identifier selects rotation, and the operands specify \texttt{r7} as both source and destination and 16 as the rotation amount. The eBPF expansion used for verification still describes this computation through shifts and bitwise OR. The final program instead executes \texttt{rol r13, 16} to perform the rotation, where \texttt{r13} corresponds to eBPF register \texttt{r7}. The expansion's operations are not individually compiled into native code for this rotation.","numerical source line: The rotation example in Figure~\ref{fig:extension-flow} illustrates the roles of the verification representation and execution code. The input program uses shifts and bitwise OR to rotate a 64-bit value left by 16 bits. In the rewritten \kinsn, the operation identifier selects rotation, and the operands specify \texttt{r7} as both source and destination and 16 as the rotation amount. The eBPF expansion used for verification still describes this computation through shifts and bitwise OR. The final program instead executes \texttt{rol r13, 16} to perform the rotation, where \texttt{r13} corresponds to eBPF register \texttt{r7}. The expansion's operations are not individually compiled into native code for this rotation.","64; 16; 16; 3,; 16; 3",,,,,,,,,no,,no October EC2 raw data,,No October EC2 dataset or exact generator is retained.,source reproduction only,,
S0626,revision,body or retained table,source declaration,paper/revision/sections/4-design.tex,29,"We must show that a native implementation can replace the eBPF expansion used for verification without changing subsequent program behavior. An operation specification defines the expected result and permitted state changes. We use Lean~4~\cite{moura2021lean} to prove separately that both implementations satisfy these requirements. For a rotation's register computation, we must prove equal results and preservation of the other register values needed by subsequent code.","numerical source line: We must show that a native implementation can replace the eBPF expansion used for verification without changing subsequent program behavior. An operation specification defines the expected result and permitted state changes. We use Lean~4~\cite{moura2021lean} to prove separately that both implementations satisfy these requirements. For a rotation's register computation, we must prove equal results and preservation of the other register values needed by subsequent code.",4,,,,,,,,,no,,no October EC2 raw data,,No October EC2 dataset or exact generator is retained.,source reproduction only,,
S0627,revision,body or retained table,source declaration,paper/revision/sections/4-design.tex,31,"The result proofs use a shared rotation function. For a 64-bit value $x$, rotation to the left by $n$ bits is defined as","numerical source line: The result proofs use a shared rotation function. For a 64-bit value $x$, rotation to the left by $n$ bits is defined as",64,,,,,,,,,no,,no October EC2 raw data,,No October EC2 dataset or exact generator is retained.,source reproduction only,,
S0628,revision,body or retained table,source declaration,paper/revision/sections/4-design.tex,33,"\operatorname{rotl}_{64}(x,n)=(x\ll n)\mathbin{\lor}(x\gg(64-n)),","numerical source line: \operatorname{rotl}_{64}(x,n)=(x\ll n)\mathbin{\lor}(x\gg(64-n)),",64; 64,,,,,,,,,no,,no October EC2 raw data,,No October EC2 dataset or exact generator is retained.,source reproduction only,,
S0629,revision,body or retained table,source declaration,paper/revision/sections/4-design.tex,35,"for $1\leq n<64$. The operations are defined over 64-bit bitvectors, and the right shift is logical. We model in Lean the eBPF sequence of shifts and bitwise OR, the x86-64 \texttt{ROL} sequence, and the ARM64 \texttt{EXTR} sequence with identical source operands and a shift amount of $64-n$. We use LNSym~\cite{lnsym} as a reference for ARM64 instruction semantics. For the same source value $x$ and rotation amount $n$, and with the expansion's temporary register distinct from the source and destination, two result lemmas establish","numerical source line: for $1\leq n<64$. The operations are defined over 64-bit bitvectors, and the right shift is logical. We model in Lean the eBPF sequence of shifts and bitwise OR, the x86-64 \texttt{ROL} sequence, and the ARM64 \texttt{EXTR} sequence with identical source operands and a shift amount of $64-n$. We use LNSym~\cite{lnsym} as a reference for ARM64 instruction semantics. For the same source value $x$ and rotation amount $n$, and with the expansion's temporary register distinct from the source and destination, two result lemmas establish",1; 64; 64; 64,,,,,,,,,no,,no October EC2 raw data,,No October EC2 dataset or exact generator is retained.,source reproduction only,,
S0630,revision,body or retained table,source declaration,paper/revision/sections/4-design.tex,38,"\operatorname{out}_{\mathrm{eBPF}}(x,n)&=\operatorname{rotl}_{64}(x,n),\\","numerical source line: \operatorname{out}_{\mathrm{eBPF}}(x,n)&=\operatorname{rotl}_{64}(x,n),\\",64,,,,,,,,,no,,no October EC2 raw data,,No October EC2 dataset or exact generator is retained.,source reproduction only,,
S0631,revision,body or retained table,source declaration,paper/revision/sections/4-design.tex,39,"\operatorname{out}_{\mathrm{native}}(x,n)&=\operatorname{rotl}_{64}(x,n).","numerical source line: \operatorname{out}_{\mathrm{native}}(x,n)&=\operatorname{rotl}_{64}(x,n).",64,,,,,,,,,no,,no October EC2 raw data,,No October EC2 dataset or exact generator is retained.,source reproduction only,,
S0632,revision,body or retained table,source declaration,paper/revision/sections/5-implementation.tex,34,"New optimization rules can reuse existing \kinsn implementations. For an unsigned 64-bit value $x$, for example, both $(x \gg 8)\mathbin{\&}\mathtt{0xff}$ and $(x\mathbin{\&}\mathtt{0xff00}) \gg 8$ extract bits 8 through 15. The bytecode recognizer matches each pattern and, on ARM64, rewrites it as the same bit-extraction \kinsn with starting bit 8 and width 8. Adding such a matching rule requires changes only to the userspace recognizer, provided the existing \kinsn implements the required computation and its usage conditions are satisfied.","numerical source line: New optimization rules can reuse existing \kinsn implementations. For an unsigned 64-bit value $x$, for example, both $(x \gg 8)\mathbin{\&}\mathtt{0xff}$ and $(x\mathbin{\&}\mathtt{0xff00}) \gg 8$ extract bits 8 through 15. The bytecode recognizer matches each pattern and, on ARM64, rewrites it as the same bit-extraction \kinsn with starting bit 8 and width 8. Adding such a matching rule requires changes only to the userspace recognizer, provided the existing \kinsn implements the required computation and its usage conditions are satisfied.",64; 8; 0; 0; 0; 8; 8; 15; 8; 8,,,,,,,,,no,,no October EC2 raw data,,No October EC2 dataset or exact generator is retained.,source reproduction only,,
S0633,revision,body or retained table,source declaration,paper/revision/sections/5-implementation.tex,36,"When the required native operation has no corresponding \kinsn, the developer must add an extended-instruction implementation. This requires parameter checks, an eBPF expansion, native-code generation, and registration, as well as establishing semantic correspondence between the two implementations (\S\ref{sec:formal-verification}). The pattern recognizer also needs a rewriting rule that uses the new \kinsn. For ARM64 bit extraction, for example, the kernel module uses the register, starting bit, and bit width parameters to generate an expansion with a right shift and a mask, and the corresponding \texttt{UBFM} instruction. The module's parameter checks, sequence generation, and registration total 78 lines of code.","numerical source line: When the required native operation has no corresponding \kinsn, the developer must add an extended-instruction implementation. This requires parameter checks, an eBPF expansion, native-code generation, and registration, as well as establishing semantic correspondence between the two implementations (\S\ref{sec:formal-verification}). The pattern recognizer also needs a rewriting rule that uses the new \kinsn. For ARM64 bit extraction, for example, the kernel module uses the register, starting bit, and bit width parameters to generate an expansion with a right shift and a mask, and the corresponding \texttt{UBFM} instruction. The module's parameter checks, sequence generation, and registration total 78 lines of code.",78,,,,,,,,,no,,no October EC2 raw data,,No October EC2 dataset or exact generator is retained.,source reproduction only,,
S0634,revision,body or retained table,source declaration,paper/revision/sections/9-conclusion.tex,4,"We presented \tool, which uses extended instructions to support more efficient native implementations while reusing the existing eBPF verifier. The framework keeps pattern recognition in userspace, uses eBPF implementations for safety analysis of the complete program, and executes semantically equivalent native implementations. New optimizations reuse the framework's kernel support without adding each pattern-recognition and transformation rule to the JIT. We implemented seven categories of local optimizations on x86-64 and ARM64. Relative to the stock Linux eBPF JIT, microbenchmarks achieve geometric mean speedups of 1.24$\times$ and 1.22$\times$, respectively. Throughput also improves for Cilium and Katran.","numerical source line: We presented \tool, which uses extended instructions to support more efficient native implementations while reusing the existing eBPF verifier. The framework keeps pattern recognition in userspace, uses eBPF implementations for safety analysis of the complete program, and executes semantically equivalent native implementations. New optimizations reuse the framework's kernel support without adding each pattern-recognition and transformation rule to the JIT. We implemented seven categories of local optimizations on x86-64 and ARM64. Relative to the stock Linux eBPF JIT, microbenchmarks achieve geometric mean speedups of 1.24$\times$ and 1.22$\times$, respectively. Throughput also improves for Cilium and Katran.",1.24; 1.22,,,,,,,,,no,,no October EC2 raw data,,No October EC2 dataset or exact generator is retained.,source reproduction only,,
S0635,revision,body or retained table,source declaration,paper/revision/tables/sec-3-microbenchmarks.tex,19,\texttt{5tuple} & Jenkins-style hashing & \texttt{http} & HTTP prefix detection & \texttt{cgroup} & Hash mixing \\,numerical source line: \texttt{5tuple} & Jenkins-style hashing & \texttt{http} & HTTP prefix detection & \texttt{cgroup} & Hash mixing \\,5,,,,,,,,,no,,no October EC2 raw data,,No October EC2 dataset or exact generator is retained.,source reproduction only,,
S0636,revision,body or retained table,source declaration,paper/revision/tables/sec-5-encoding.tex,4,"\caption{Extended-instruction encoding. A reserved \texttt{src\_reg} value marks the pair for \tool, a \texttt{BPF\_CALL} for the call and a \texttt{MOV64\_K} for the sidecar. The notation [h:l] gives a field's position within the 52-bit sidecar payload.}","numerical source line: \caption{Extended-instruction encoding. A reserved \texttt{src\_reg} value marks the pair for \tool, a \texttt{BPF\_CALL} for the call and a \texttt{MOV64\_K} for the sidecar. The notation [h:l] gives a field's position within the 52-bit sidecar payload.}",4; 52,,,,,,,,,no,,no October EC2 raw data,,No October EC2 dataset or exact generator is retained.,source reproduction only,,
S0637,revision,body or retained table,source declaration,paper/revision/tables/sec-5-encoding.tex,10,Call & \texttt{imm} & 32 & \raggedright BTF ID of the operation's stub kfunc \tabularnewline,numerical source line: Call & \texttt{imm} & 32 & \raggedright BTF ID of the operation's stub kfunc \tabularnewline,32,,,,,,,,,no,,no October EC2 raw data,,No October EC2 dataset or exact generator is retained.,source reproduction only,,
S0638,revision,body or retained table,source declaration,paper/revision/tables/sec-5-encoding.tex,11,& \texttt{off} & 16 & \raggedright Index into \texttt{fd\_array} for the module's BTF file descriptor \tabularnewline,numerical source line: & \texttt{off} & 16 & \raggedright Index into \texttt{fd\_array} for the module's BTF file descriptor \tabularnewline,16,,,,,,,,,no,,no October EC2 raw data,,No October EC2 dataset or exact generator is retained.,source reproduction only,,
S0639,revision,body or retained table,source declaration,paper/revision/tables/sec-5-encoding.tex,13,Sidecar & \texttt{dst\_reg} & [3:0] & \raggedright Destination register or per-descriptor form tag \tabularnewline,numerical source line: Sidecar & \texttt{dst\_reg} & [3:0] & \raggedright Destination register or per-descriptor form tag \tabularnewline,3; 0,,,,,,,,,no,,no October EC2 raw data,,No October EC2 dataset or exact generator is retained.,source reproduction only,,
S0640,revision,body or retained table,source declaration,paper/revision/tables/sec-5-encoding.tex,14,& \texttt{off} & [19:4] & \raggedright Offset or auxiliary field per descriptor \tabularnewline,numerical source line: & \texttt{off} & [19:4] & \raggedright Offset or auxiliary field per descriptor \tabularnewline,19; 4,,,,,,,,,no,,no October EC2 raw data,,No October EC2 dataset or exact generator is retained.,source reproduction only,,
S0641,revision,body or retained table,source declaration,paper/revision/tables/sec-5-encoding.tex,15,& \texttt{imm} & [51:20] & \raggedright Immediate value or configuration per descriptor \tabularnewline,numerical source line: & \texttt{imm} & [51:20] & \raggedright Immediate value or configuration per descriptor \tabularnewline,51; 20,,,,,,,,,no,,no October EC2 raw data,,No October EC2 dataset or exact generator is retained.,source reproduction only,,
S0642,revision,body or retained table,source declaration,paper/revision/tables/sec-5-kernel-loc.tex,12,Verifier & 389 & 26 & 41 \\,numerical source line: Verifier & 389 & 26 & 41 \\,389; 26; 41,,,,,,,,,no,,no October EC2 raw data,,No October EC2 dataset or exact generator is retained.,source reproduction only,,
S0643,revision,body or retained table,source declaration,paper/revision/tables/sec-5-kernel-loc.tex,13,BTF & 107 & 11 & 5 \\,numerical source line: BTF & 107 & 11 & 5 \\,107; 11; 5,,,,,,,,,no,,no October EC2 raw data,,No October EC2 dataset or exact generator is retained.,source reproduction only,,
S0644,revision,body or retained table,source declaration,paper/revision/tables/sec-5-kernel-loc.tex,14,x86-64 JIT & 80 & 3 & 0 \\,numerical source line: x86-64 JIT & 80 & 3 & 0 \\,80; 3; 0,,,,,,,,,no,,no October EC2 raw data,,No October EC2 dataset or exact generator is retained.,source reproduction only,,
S0645,revision,body or retained table,source declaration,paper/revision/tables/sec-5-kernel-loc.tex,15,ARM64 JIT & 96 & 15 & 0 \\,numerical source line: ARM64 JIT & 96 & 15 & 0 \\,96; 15; 0,,,,,,,,,no,,no October EC2 raw data,,No October EC2 dataset or exact generator is retained.,source reproduction only,,
S0646,revision,body or retained table,source declaration,paper/revision/tables/sec-5-kernel-loc.tex,16,Headers & 65 & 1 & 0 \\,numerical source line: Headers & 65 & 1 & 0 \\,65; 1; 0,,,,,,,,,no,,no October EC2 raw data,,No October EC2 dataset or exact generator is retained.,source reproduction only,,
S0647,revision,body or retained table,source declaration,paper/revision/tables/sec-5-kernel-loc.tex,18,\textbf{Total} & \textbf{737} & \textbf{56} & \textbf{46} \\,numerical source line: \textbf{Total} & \textbf{737} & \textbf{56} & \textbf{46} \\,737; 56; 46,,,,,,,,,no,,no October EC2 raw data,,No October EC2 dataset or exact generator is retained.,source reproduction only,,
S0648,revision,body or retained table,source declaration,paper/revision/tables/sec-6-micro-summary.tex,4,"\caption{Execution-time ratios on x86-64 and ARM64. Each entry is the geometric mean of 27 benchmark ratios, computed from mean per-call times using the numerator and denominator in the first column. A ratio above 1 means the numerator path is slower.}","numerical source line: \caption{Execution-time ratios on x86-64 and ARM64. Each entry is the geometric mean of 27 benchmark ratios, computed from mean per-call times using the numerator and denominator in the first column. A ratio above 1 means the numerator path is slower.}",27; 1,,,,,,,,,no,,no October EC2 raw data,,No October EC2 dataset or exact generator is retained.,source reproduction only,,
S0649,revision,body or retained table,source declaration,paper/revision/tables/sec-6-micro-summary.tex,10,Kernel native / user-space native & 1.055 & 1.154 \\,numerical source line: Kernel native / user-space native & 1.055 & 1.154 \\,1.055; 1.154,,,,,,,,,no,,no October EC2 raw data,,No October EC2 dataset or exact generator is retained.,source reproduction only,,
S0650,revision,body or retained table,source declaration,paper/revision/tables/sec-6-micro-summary.tex,12,eBPF JIT / kernel native & 1.622 & 1.773 \\,numerical source line: eBPF JIT / kernel native & 1.622 & 1.773 \\,1.622; 1.773,,,,,,,,,no,,no October EC2 raw data,,No October EC2 dataset or exact generator is retained.,source reproduction only,,
S0651,revision,body or retained table,source declaration,paper/revision/tables/sec-6-micro-summary.tex,14,LLVM-BPF / user-space native & 1.068 & 1.054 \\,numerical source line: LLVM-BPF / user-space native & 1.068 & 1.054 \\,1.068; 1.054,,,,,,,,,no,,no October EC2 raw data,,No October EC2 dataset or exact generator is retained.,source reproduction only,,
S0652,revision,body or retained table,source declaration,paper/revision/tables/sec-6-preparation-cost.tex,10,& \multicolumn{2}{c}{\textbf{x86-64}} & \multicolumn{2}{c}{\textbf{ARM64}} \\,numerical source line: & \multicolumn{2}{c}{\textbf{x86-64}} & \multicolumn{2}{c}{\textbf{ARM64}} \\,2; 2,,,,,,,,,no,,no October EC2 raw data,,No October EC2 dataset or exact generator is retained.,source reproduction only,,
C0318,current,body,empirical,paper/sections/7-evaluation.tex,103,"For Cilium, we start from the full x86-64 \lang policy used in RQ2. As shown in Figure~\ref{fig:app_policy_probes}, this policy applies 4086 sites and improves workload throughput to 1.074$\times$, while the BPF-cost ratio remains near neutral at 1.009$\times$. We then disable only the \texttt{bulk\_memory} operation while keeping the other \lang operations enabled. This reduces the number of applied sites from 4086 to 3512, but increases workload throughput further to 1.114$\times$. At the same time, the BPF-cost ratio rises to 1.062$\times$, so this result should not be read as saying that \texttt{bulk\_memory} is universally harmful. Rather, it shows that an additional operation can increase syntactic coverage without improving the measured datapath: the saved instructions may not outweigh the replacement overhead, or they may not lie on the part of the datapath that dominates throughput.",Cilium tuned throughput under stated median convention,1.114,corpus/results/x86_kvm_corpus_20260605_004607_636479,corpus/results/x86_kvm_corpus_20260605_004607_636479,yes,2026-06-05T00:46:07.636479+00:00,x86_kvm_corpus; CPU not recorded,not recorded,completed,,yes,1.1189352,MISMATCH,median post summed pktgen pps / median baseline summed pktgen pps,Body/plot uses a ratio of means for this policy; default stated convention is median.,recomputed from data/,103,"For Cilium, we start from the full x86-64 \lang policy used in RQ2. As shown in Figure~\ref{fig:app_policy_probes}, this policy applies 4086 sites and improves workload throughput to 1.074$\times$, while the BPF-cost ratio remains near neutral at 1.009$\times$. We then disable only the \texttt{bulk\_memory} family while keeping the other \lang families enabled. This reduces the number of applied sites from 4086 to 3512, but increases workload throughput further to 1.114$\times$. At the same time, the BPF-cost ratio rises to 1.062$\times$, so this result should not be read as saying that \texttt{bulk\_memory} is universally harmful. Rather, it shows that an additional family can increase syntactic coverage without improving the measured datapath: the saved instructions may not outweigh the replacement overhead, or they may not lie on the part of the datapath that dominates throughput."
C0319,current,body,empirical,paper/sections/7-evaluation.tex,105,"Katran shows the same policy lesson more directly. Figure~\ref{fig:app_policy_probes} shows that the conservative ARM64 policy used in RQ2 applies 21 sites and improves Katran to 1.073$\times$ workload throughput, while reducing BPF cost to 0.941$\times$. To test whether simply increasing coverage is beneficial, we then force a coverage-max policy that enables every implemented ARM64 operation and applies 62 sites. The result is worse despite the larger number of applied sites: workload throughput falls to 0.995$\times$, and BPF cost rises to 1.006$\times$. Because Katran is dominated by a single hot XDP path, this result gives a particularly clear counterexample to coverage maximization: adding more matched sites does not translate into either higher throughput or lower BPF cost.",Katran conservative throughput under stated median convention,1.073,corpus/results/aws_arm64_corpus_20260605_080836_924256,corpus/results/aws_arm64_corpus_20260605_080836_924256,yes,2026-06-05T08:08:36.924256+00:00,aws_arm64_corpus; CPU not recorded,not recorded,error,,yes,1.06506308,MISMATCH,median post summed pktgen pps / median baseline summed pktgen pps,Body/plot uses a ratio of means for this policy; default stated convention is median.,recomputed from data/,105,"Katran shows the same policy lesson more directly. Figure~\ref{fig:app_policy_probes} shows that the conservative ARM64 policy used in RQ2 applies 21 sites and improves Katran to 1.073$\times$ workload throughput, while reducing BPF cost to 0.941$\times$. To test whether simply increasing coverage is beneficial, we then force a coverage-max policy that enables every implemented ARM64 family and applies 62 sites. The result is worse despite the larger number of applied sites: workload throughput falls to 0.995$\times$, and BPF cost rises to 1.006$\times$. Because Katran is dominated by a single hot XDP path, this result gives a particularly clear counterexample to coverage maximization: adding more matched sites does not translate into either higher throughput or lower BPF cost."
C0320,current,body,empirical,paper/sections/7-evaluation.tex,105,"Katran shows the same policy lesson more directly. Figure~\ref{fig:app_policy_probes} shows that the conservative ARM64 policy used in RQ2 applies 21 sites and improves Katran to 1.073$\times$ workload throughput, while reducing BPF cost to 0.941$\times$. To test whether simply increasing coverage is beneficial, we then force a coverage-max policy that enables every implemented ARM64 operation and applies 62 sites. The result is worse despite the larger number of applied sites: workload throughput falls to 0.995$\times$, and BPF cost rises to 1.006$\times$. Because Katran is dominated by a single hot XDP path, this result gives a particularly clear counterexample to coverage maximization: adding more matched sites does not translate into either higher throughput or lower BPF cost.",Katran coverage-max throughput under stated median convention,0.995,corpus/results/aws_arm64_corpus_20260605_094729_221231,corpus/results/aws_arm64_corpus_20260605_094729_221231,yes,2026-06-05T09:47:29.221231+00:00,aws_arm64_corpus; CPU not recorded,not recorded,error,,yes,0.984356928,MISMATCH,median post summed pktgen pps / median baseline summed pktgen pps,Body/plot uses a ratio of means for this policy; default stated convention is median.,recomputed from data/,105,"Katran shows the same policy lesson more directly. Figure~\ref{fig:app_policy_probes} shows that the conservative ARM64 policy used in RQ2 applies 21 sites and improves Katran to 1.073$\times$ workload throughput, while reducing BPF cost to 0.941$\times$. To test whether simply increasing coverage is beneficial, we then force a coverage-max policy that enables every implemented ARM64 family and applies 62 sites. The result is worse despite the larger number of applied sites: workload throughput falls to 0.995$\times$, and BPF cost rises to 1.006$\times$. Because Katran is dominated by a single hot XDP path, this result gives a particularly clear counterexample to coverage maximization: adding more matched sites does not translate into either higher throughput or lower BPF cost."
